id,lat,lon,year,species,dataset,dataset_key,license
4599698313,62.199238,30.286629,2023,Cantharellus cibarius,The Atlas of Finnish Fungi,2bc4c2db-1dfa-419c-93ce-6602c5ae8c99,http://creativecommons.org/licenses/by/4.0/legalcode
4599698406,62.201013,30.287307,2023,Otidea leporina,The Atlas of Finnish Fungi,2bc4c2db-1dfa-419c-93ce-6602c5ae8c99,http://creativecommons.org/licenses/by/4.0/legalcode
4599698407,62.200754,30.287644,2023,Infundibulicybe gibba,The Atlas of Finnish Fungi,2bc4c2db-1dfa-419c-93ce-6602c5ae8c99,http://creativecommons.org/licenses/by/4.0/legalcode
4599698408,62.200555,30.28836,2023,Russula xerampelina,The Atlas of Finnish Fungi,2bc4c2db-1dfa-419c-93ce-6602c5ae8c99,http://creativecommons.org/licenses/by/4.0/legalcode
4599698409,62.200553,30.288568,2023,Helvella macropus,The Atlas of Finnish Fungi,2bc4c2db-1dfa-419c-93ce-6602c5ae8c99,http://creativecommons.org/licenses/by/4.0/legalcode
4599698439,62.198006,30.291276,2023,Clavulina cinerea,The Atlas of Finnish Fungi,2bc4c2db-1dfa-419c-93ce-6602c5ae8c99,http://creativecommons.org/licenses/by/4.0/legalcode
4599698440,62.198068,30.292255,2023,Rhodophana nitellina,The Atlas of Finnish Fungi,2bc4c2db-1dfa-419c-93ce-6602c5ae8c99,http://creativecommons.org/licenses/by/4.0/legalcode
4599698441,62.197886,30.292922,2023,Phlebia tremellosa,The Atlas of Finnish Fungi,2bc4c2db-1dfa-419c-93ce-6602c5ae8c99,http://creativecommons.org/licenses/by/4.0/legalcode
4599698442,62.197657,30.293397,2023,Hericium coralloides,The Atlas of Finnish Fungi,2bc4c2db-1dfa-419c-93ce-6602c5ae8c99,http://creativecommons.org/licenses/by/4.0/legalcode
4599698443,62.197452,30.294703,2023,,The Atlas of Finnish Fungi,2bc4c2db-1dfa-419c-93ce-6602c5ae8c99,http://creativecommons.org/licenses/by/4.0/legalcode
4599698464,62.200893,30.289824,2023,Lactarius torminosus,The Atlas of Finnish Fungi,2bc4c2db-1dfa-419c-93ce-6602c5ae8c99,http://creativecommons.org/licenses/by/4.0/legalcode
4599698465,62.200815,30.289936,2023,Hydnum rufescens,The Atlas of Finnish Fungi,2bc4c2db-1dfa-419c-93ce-6602c5ae8c99,http://creativecommons.org/licenses/by/4.0/legalcode
4599698466,62.200581,30.289818,2023,Clavariadelphus ligula,The Atlas of Finnish Fungi,2bc4c2db-1dfa-419c-93ce-6602c5ae8c99,http://creativecommons.org/licenses/by/4.0/legalcode
4599698467,62.200608,30.289891,2023,Amanita virosa,The Atlas of Finnish Fungi,2bc4c2db-1dfa-419c-93ce-6602c5ae8c99,http://creativecommons.org/licenses/by/4.0/legalcode
4599698468,62.200289,30.289465,2023,Lactarius hysginus,The Atlas of Finnish Fungi,2bc4c2db-1dfa-419c-93ce-6602c5ae8c99,http://creativecommons.org/licenses/by/4.0/legalcode
4599698469,62.200259,30.289252,2023,Lactarius lignyotus,The Atlas of Finnish Fungi,2bc4c2db-1dfa-419c-93ce-6602c5ae8c99,http://creativecommons.org/licenses/by/4.0/legalcode
4599698470,62.197312,30.29573,2023,Cystodermella cinnabarina,The Atlas of Finnish Fungi,2bc4c2db-1dfa-419c-93ce-6602c5ae8c99,http://creativecommons.org/licenses/by/4.0/legalcode
4599698471,62.197358,30.296273,2023,Hygrophorus agathosmus,The Atlas of Finnish Fungi,2bc4c2db-1dfa-419c-93ce-6602c5ae8c99,http://creativecommons.org/licenses/by/4.0/legalcode
4599698472,62.19724,30.296412,2023,Trichoderma leucopus,The Atlas of Finnish Fungi,2bc4c2db-1dfa-419c-93ce-6602c5ae8c99,http://creativecommons.org/licenses/by/4.0/legalcode
4599699382,62.199263,30.286519,2023,,The Atlas of Finnish Fungi,2bc4c2db-1dfa-419c-93ce-6602c5ae8c99,http://creativecommons.org/licenses/by/4.0/legalcode
4599699383,62.200958,30.28743,2023,Ampulloclitocybe clavipes,The Atlas of Finnish Fungi,2bc4c2db-1dfa-419c-93ce-6602c5ae8c99,http://creativecommons.org/licenses/by/4.0/legalcode
4599699384,62.200713,30.287715,2023,Clitocybe odora,The Atlas of Finnish Fungi,2bc4c2db-1dfa-419c-93ce-6602c5ae8c99,http://creativecommons.org/licenses/by/4.0/legalcode
4599699385,62.200499,30.288382,2023,Cortinarius violaceus,The Atlas of Finnish Fungi,2bc4c2db-1dfa-419c-93ce-6602c5ae8c99,http://creativecommons.org/licenses/by/4.0/legalcode
4599699386,62.200665,30.288457,2023,,The Atlas of Finnish Fungi,2bc4c2db-1dfa-419c-93ce-6602c5ae8c99,http://creativecommons.org/licenses/by/4.0/legalcode
4599699387,62.200891,30.289119,2023,Hygrophorus korhonenii,The Atlas of Finnish Fungi,2bc4c2db-1dfa-419c-93ce-6602c5ae8c99,http://creativecommons.org/licenses/by/4.0/legalcode
4599699418,62.198298,30.290656,2023,Hygrocybe miniata,The Atlas of Finnish Fungi,2bc4c2db-1dfa-419c-93ce-6602c5ae8c99,http://creativecommons.org/licenses/by/4.0/legalcode
4599699419,62.198121,30.291575,2023,Marasmius epiphyllus,The Atlas of Finnish Fungi,2bc4c2db-1dfa-419c-93ce-6602c5ae8c99,http://creativecommons.org/licenses/by/4.0/legalcode
4599699420,62.197936,30.291152,2023,Myochromella inolens,The Atlas of Finnish Fungi,2bc4c2db-1dfa-419c-93ce-6602c5ae8c99,http://creativecommons.org/licenses/by/4.0/legalcode
4599699421,62.198087,30.292349,2023,Typhula juncea,The Atlas of Finnish Fungi,2bc4c2db-1dfa-419c-93ce-6602c5ae8c99,http://creativecommons.org/licenses/by/4.0/legalcode
4599699422,62.197856,30.293067,2023,,The Atlas of Finnish Fungi,2bc4c2db-1dfa-419c-93ce-6602c5ae8c99,http://creativecommons.org/licenses/by/4.0/legalcode
4599699423,62.197661,30.293435,2023,,The Atlas of Finnish Fungi,2bc4c2db-1dfa-419c-93ce-6602c5ae8c99,http://creativecommons.org/licenses/by/4.0/legalcode
4599699424,62.197696,30.293704,2023,Hygrophorus camarophyllus,The Atlas of Finnish Fungi,2bc4c2db-1dfa-419c-93ce-6602c5ae8c99,http://creativecommons.org/licenses/by/4.0/legalcode
4599699425,62.197281,30.295224,2023,,The Atlas of Finnish Fungi,2bc4c2db-1dfa-419c-93ce-6602c5ae8c99,http://creativecommons.org/licenses/by/4.0/legalcode
4599699449,62.201271,30.289202,2023,Craterellus lutescens,The Atlas of Finnish Fungi,2bc4c2db-1dfa-419c-93ce-6602c5ae8c99,http://creativecommons.org/licenses/by/4.0/legalcode
4599699450,62.200995,30.289335,2023,Albatrellus ovinus,The Atlas of Finnish Fungi,2bc4c2db-1dfa-419c-93ce-6602c5ae8c99,http://creativecommons.org/licenses/by/4.0/legalcode
4599699451,62.200746,30.28982,2023,Aureonarius limonius,The Atlas of Finnish Fungi,2bc4c2db-1dfa-419c-93ce-6602c5ae8c99,http://creativecommons.org/licenses/by/4.0/legalcode
4599699452,62.200665,30.289764,2023,Tricholoma apium,The Atlas of Finnish Fungi,2bc4c2db-1dfa-419c-93ce-6602c5ae8c99,http://creativecommons.org/licenses/by/4.0/legalcode
4599699453,62.200533,30.289958,2023,Craterellus tubaeformis,The Atlas of Finnish Fungi,2bc4c2db-1dfa-419c-93ce-6602c5ae8c99,http://creativecommons.org/licenses/by/4.0/legalcode
4599699454,62.197296,30.29598,2023,Amanita porphyria,The Atlas of Finnish Fungi,2bc4c2db-1dfa-419c-93ce-6602c5ae8c99,http://creativecommons.org/licenses/by/4.0/legalcode
4599699455,62.197132,30.295882,2023,Lactarius badiosanguineus,The Atlas of Finnish Fungi,2bc4c2db-1dfa-419c-93ce-6602c5ae8c99,http://creativecommons.org/licenses/by/4.0/legalcode
4599700381,62.198682,30.287803,2023,Lactarius lilacinus,The Atlas of Finnish Fungi,2bc4c2db-1dfa-419c-93ce-6602c5ae8c99,http://creativecommons.org/licenses/by/4.0/legalcode
4599700416,62.199272,30.286589,2023,Mycena haematopus,The Atlas of Finnish Fungi,2bc4c2db-1dfa-419c-93ce-6602c5ae8c99,http://creativecommons.org/licenses/by/4.0/legalcode
4599700417,62.20035,30.288124,2023,Cortinarius violaceus,The Atlas of Finnish Fungi,2bc4c2db-1dfa-419c-93ce-6602c5ae8c99,http://creativecommons.org/licenses/by/4.0/legalcode
4599700418,62.200576,30.288276,2023,Hygrocybe conica,The Atlas of Finnish Fungi,2bc4c2db-1dfa-419c-93ce-6602c5ae8c99,http://creativecommons.org/licenses/by/4.0/legalcode
4599700419,62.200582,30.288473,2023,Hygrophorus erubescens,The Atlas of Finnish Fungi,2bc4c2db-1dfa-419c-93ce-6602c5ae8c99,http://creativecommons.org/licenses/by/4.0/legalcode
4599700458,62.197859,30.292142,2023,Russula chloroides,The Atlas of Finnish Fungi,2bc4c2db-1dfa-419c-93ce-6602c5ae8c99,http://creativecommons.org/licenses/by/4.0/legalcode
4599700459,62.197871,30.292451,2023,Mycena epipterygia,The Atlas of Finnish Fungi,2bc4c2db-1dfa-419c-93ce-6602c5ae8c99,http://creativecommons.org/licenses/by/4.0/legalcode
4599700460,62.197815,30.293017,2023,,The Atlas of Finnish Fungi,2bc4c2db-1dfa-419c-93ce-6602c5ae8c99,http://creativecommons.org/licenses/by/4.0/legalcode
4599700461,62.197653,30.293526,2023,Pholiota lubrica,The Atlas of Finnish Fungi,2bc4c2db-1dfa-419c-93ce-6602c5ae8c99,http://creativecommons.org/licenses/by/4.0/legalcode
4599700462,62.197274,30.295609,2023,Cortinarius rubellus,The Atlas of Finnish Fungi,2bc4c2db-1dfa-419c-93ce-6602c5ae8c99,http://creativecommons.org/licenses/by/4.0/legalcode
4599700486,62.201053,30.289082,2023,Lactarius auriolla,The Atlas of Finnish Fungi,2bc4c2db-1dfa-419c-93ce-6602c5ae8c99,http://creativecommons.org/licenses/by/4.0/legalcode
4599700487,62.200635,30.289663,2023,Lyophyllum decastes,The Atlas of Finnish Fungi,2bc4c2db-1dfa-419c-93ce-6602c5ae8c99,http://creativecommons.org/licenses/by/4.0/legalcode
4599700488,62.200532,30.29001,2023,Tricholoma virgatum,The Atlas of Finnish Fungi,2bc4c2db-1dfa-419c-93ce-6602c5ae8c99,http://creativecommons.org/licenses/by/4.0/legalcode
4599700489,62.200361,30.290534,2023,,The Atlas of Finnish Fungi,2bc4c2db-1dfa-419c-93ce-6602c5ae8c99,http://creativecommons.org/licenses/by/4.0/legalcode
4599700490,62.197408,30.296187,2023,Lactarius scrobiculatus,The Atlas of Finnish Fungi,2bc4c2db-1dfa-419c-93ce-6602c5ae8c99,http://creativecommons.org/licenses/by/4.0/legalcode
4599700491,62.197459,30.296436,2023,Russula aurea,The Atlas of Finnish Fungi,2bc4c2db-1dfa-419c-93ce-6602c5ae8c99,http://creativecommons.org/licenses/by/4.0/legalcode
4599946221,60.310487,22.266024,2023,Craterellus tubaeformis,iNaturalist research-grade observations,50c9509d-22c7-4a22-a47d-8c48425ef4a7,http://creativecommons.org/licenses/by-nc/4.0/legalcode
4600032168,60.232617,23.698755,2023,,iNaturalist research-grade observations,50c9509d-22c7-4a22-a47d-8c48425ef4a7,http://creativecommons.org/licenses/by-nc/4.0/legalcode
4600034459,60.439787,22.903673,2023,Hypholoma fasciculare,iNaturalist research-grade observations,50c9509d-22c7-4a22-a47d-8c48425ef4a7,http://creativecommons.org/licenses/by-nc/4.0/legalcode
4605992347,61.745499,25.185637,2023,Hydnum rufescens,"Notebook, general observations",df12ca07-f133-4550-ab3b-fde13f0e76ba,http://creativecommons.org/licenses/by/4.0/legalcode
4605993528,61.744631,25.184673,2023,Hebeloma sordescens,"Notebook, general observations",df12ca07-f133-4550-ab3b-fde13f0e76ba,http://creativecommons.org/licenses/by/4.0/legalcode
4605994360,61.740164,25.304592,2023,Hydnum rufescens,"Notebook, general observations",df12ca07-f133-4550-ab3b-fde13f0e76ba,http://creativecommons.org/licenses/by/4.0/legalcode
4605994565,61.744631,25.184673,2023,Hebeloma leucosarx,"Notebook, general observations",df12ca07-f133-4550-ab3b-fde13f0e76ba,http://creativecommons.org/licenses/by/4.0/legalcode
4605995376,61.740164,25.304592,2023,Hydnum rufescens,"Notebook, general observations",df12ca07-f133-4550-ab3b-fde13f0e76ba,http://creativecommons.org/licenses/by/4.0/legalcode
4605995571,61.744631,25.184673,2023,Phlegmacium argutum,"Notebook, general observations",df12ca07-f133-4550-ab3b-fde13f0e76ba,http://creativecommons.org/licenses/by/4.0/legalcode
4605997380,61.740164,25.304592,2023,Albatrellopsis confluens,"Notebook, general observations",df12ca07-f133-4550-ab3b-fde13f0e76ba,http://creativecommons.org/licenses/by/4.0/legalcode
4605997578,61.744631,25.184673,2023,Cortinarius lucorum,"Notebook, general observations",df12ca07-f133-4550-ab3b-fde13f0e76ba,http://creativecommons.org/licenses/by/4.0/legalcode
4605999351,61.743678,25.284284,2023,Hydnum rufescens,"Notebook, general observations",df12ca07-f133-4550-ab3b-fde13f0e76ba,http://creativecommons.org/licenses/by/4.0/legalcode
4606002380,61.744631,25.184673,2023,Thaxterogaster porphyropus,"Notebook, general observations",df12ca07-f133-4550-ab3b-fde13f0e76ba,http://creativecommons.org/licenses/by/4.0/legalcode
4606002387,61.744059,25.181658,2023,Cortinarius saturninus,"Notebook, general observations",df12ca07-f133-4550-ab3b-fde13f0e76ba,http://creativecommons.org/licenses/by/4.0/legalcode
4606002550,61.744631,25.184673,2023,Amanita friabilis,"Notebook, general observations",df12ca07-f133-4550-ab3b-fde13f0e76ba,http://creativecommons.org/licenses/by/4.0/legalcode
4606003393,61.744631,25.184673,2023,Hygrophorus piceae,"Notebook, general observations",df12ca07-f133-4550-ab3b-fde13f0e76ba,http://creativecommons.org/licenses/by/4.0/legalcode
4606003401,61.744059,25.181658,2023,Thaxterogaster porphyropus,"Notebook, general observations",df12ca07-f133-4550-ab3b-fde13f0e76ba,http://creativecommons.org/licenses/by/4.0/legalcode
4606004385,61.744631,25.184673,2023,Inocybe cincinnata,"Notebook, general observations",df12ca07-f133-4550-ab3b-fde13f0e76ba,http://creativecommons.org/licenses/by/4.0/legalcode
4606004392,61.744059,25.181658,2023,Cortinarius lucorum,"Notebook, general observations",df12ca07-f133-4550-ab3b-fde13f0e76ba,http://creativecommons.org/licenses/by/4.0/legalcode
4606004567,61.744631,25.184673,2023,Cortinarius raphanoides,"Notebook, general observations",df12ca07-f133-4550-ab3b-fde13f0e76ba,http://creativecommons.org/licenses/by/4.0/legalcode
4606005352,61.745499,25.185637,2023,Hydnum rufescens,"Notebook, general observations",df12ca07-f133-4550-ab3b-fde13f0e76ba,http://creativecommons.org/licenses/by/4.0/legalcode
4606005369,61.744631,25.184673,2023,Chlorophyllum olivieri,"Notebook, general observations",df12ca07-f133-4550-ab3b-fde13f0e76ba,http://creativecommons.org/licenses/by/4.0/legalcode
4606546040,61.504729,23.842278,2023,Amanita regalis,iNaturalist research-grade observations,50c9509d-22c7-4a22-a47d-8c48425ef4a7,http://creativecommons.org/licenses/by-nc/4.0/legalcode
4606575688,62.081636,21.2932,2023,Fomes fomentarius,iNaturalist research-grade observations,50c9509d-22c7-4a22-a47d-8c48425ef4a7,http://creativecommons.org/licenses/by-nc/4.0/legalcode
4606608459,60.746274,24.76385,2023,Amanita crocea,iNaturalist research-grade observations,50c9509d-22c7-4a22-a47d-8c48425ef4a7,http://creativecommons.org/licenses/by-nc/4.0/legalcode
4606644400,62.247836,22.882732,2023,Fomes fomentarius,iNaturalist research-grade observations,50c9509d-22c7-4a22-a47d-8c48425ef4a7,http://creativecommons.org/licenses/by-nc/4.0/legalcode
4606904276,60.273956,24.989622,2023,Amanita rubescens,iNaturalist research-grade observations,50c9509d-22c7-4a22-a47d-8c48425ef4a7,http://creativecommons.org/licenses/by-nc/4.0/legalcode
4606906397,63.19973,27.546152,2023,Cantharellus cibarius,iNaturalist research-grade observations,50c9509d-22c7-4a22-a47d-8c48425ef4a7,http://creativecommons.org/licenses/by-nc/4.0/legalcode
4606934215,59.973961,23.433266,2023,Nephromopsis chlorophylla,iNaturalist research-grade observations,50c9509d-22c7-4a22-a47d-8c48425ef4a7,http://creativecommons.org/publicdomain/zero/1.0/legalcode
4606969153,60.621003,21.69213,2023,Aleuria aurantia,iNaturalist research-grade observations,50c9509d-22c7-4a22-a47d-8c48425ef4a7,http://creativecommons.org/licenses/by-nc/4.0/legalcode
4607066771,60.213633,24.869773,2023,Amanita muscaria,iNaturalist research-grade observations,50c9509d-22c7-4a22-a47d-8c48425ef4a7,http://creativecommons.org/licenses/by-nc/4.0/legalcode
4607095297,61.46464,23.532515,2023,Ganoderma applanatum,iNaturalist research-grade observations,50c9509d-22c7-4a22-a47d-8c48425ef4a7,http://creativecommons.org/licenses/by-nc/4.0/legalcode
4607109475,60.406479,22.248437,2023,Cantharellus pallens,iNaturalist research-grade observations,50c9509d-22c7-4a22-a47d-8c48425ef4a7,http://creativecommons.org/licenses/by-nc/4.0/legalcode
4607172504,61.023881,24.469817,2023,Gloeophyllum odoratum,iNaturalist research-grade observations,50c9509d-22c7-4a22-a47d-8c48425ef4a7,http://creativecommons.org/licenses/by-nc/4.0/legalcode
4607357332,60.457957,25.194906,2023,Crustoderma dryinum,iNaturalist research-grade observations,50c9509d-22c7-4a22-a47d-8c48425ef4a7,http://creativecommons.org/licenses/by-nc/4.0/legalcode
4607390231,60.348512,22.221572,2023,Fomes fomentarius,iNaturalist research-grade observations,50c9509d-22c7-4a22-a47d-8c48425ef4a7,http://creativecommons.org/licenses/by-nc/4.0/legalcode
4607409284,60.634583,21.850372,2023,Cantharellus cibarius,iNaturalist research-grade observations,50c9509d-22c7-4a22-a47d-8c48425ef4a7,http://creativecommons.org/licenses/by-nc/4.0/legalcode
4607434957,60.240601,21.738372,2023,Fomes fomentarius,iNaturalist research-grade observations,50c9509d-22c7-4a22-a47d-8c48425ef4a7,http://creativecommons.org/licenses/by-nc/4.0/legalcode
4607468371,60.537114,24.193299,2023,Fomitopsis betulina,iNaturalist research-grade observations,50c9509d-22c7-4a22-a47d-8c48425ef4a7,http://creativecommons.org/licenses/by-nc/4.0/legalcode
4846019311,66.5944,25.69819,2023,Galerina calyptrata,The Atlas of Finnish Fungi,2bc4c2db-1dfa-419c-93ce-6602c5ae8c99,http://creativecommons.org/licenses/by/4.0/legalcode
4846019356,62.089292,29.878705,2023,Russula intermedia,The Atlas of Finnish Fungi,2bc4c2db-1dfa-419c-93ce-6602c5ae8c99,http://creativecommons.org/licenses/by/4.0/legalcode
4846019369,61.881072,29.838529,2023,Rickenella fibula,The Atlas of Finnish Fungi,2bc4c2db-1dfa-419c-93ce-6602c5ae8c99,http://creativecommons.org/licenses/by/4.0/legalcode
4846019377,61.456314,23.885503,2023,Agaricus sylvaticus,The Atlas of Finnish Fungi,2bc4c2db-1dfa-419c-93ce-6602c5ae8c99,http://creativecommons.org/licenses/by/4.0/legalcode
4846019379,61.459903,23.885581,2023,Chlorophyllum olivieri,The Atlas of Finnish Fungi,2bc4c2db-1dfa-419c-93ce-6602c5ae8c99,http://creativecommons.org/licenses/by/4.0/legalcode
4846019381,61.456483,23.813583,2023,Phlegmacium triumphans,The Atlas of Finnish Fungi,2bc4c2db-1dfa-419c-93ce-6602c5ae8c99,http://creativecommons.org/licenses/by/4.0/legalcode
4846019392,61.427485,23.032296,2023,Lactarius pubescens,The Atlas of Finnish Fungi,2bc4c2db-1dfa-419c-93ce-6602c5ae8c99,http://creativecommons.org/licenses/by/4.0/legalcode
4846019393,61.771574,22.747269,2023,Clitopilus prunulus,The Atlas of Finnish Fungi,2bc4c2db-1dfa-419c-93ce-6602c5ae8c99,http://creativecommons.org/licenses/by/4.0/legalcode
4846019407,60.585265,22.352333,2023,,The Atlas of Finnish Fungi,2bc4c2db-1dfa-419c-93ce-6602c5ae8c99,http://creativecommons.org/licenses/by/4.0/legalcode
4846019449,60.09498,22.868053,2023,Ramaria testaceoflava,The Atlas of Finnish Fungi,2bc4c2db-1dfa-419c-93ce-6602c5ae8c99,http://creativecommons.org/licenses/by/4.0/legalcode
4846019472,62.208449,30.315195,2023,,The Atlas of Finnish Fungi,2bc4c2db-1dfa-419c-93ce-6602c5ae8c99,http://creativecommons.org/licenses/by/4.0/legalcode
4846019473,62.209587,30.313542,2023,Lactarius scrobiculatus,The Atlas of Finnish Fungi,2bc4c2db-1dfa-419c-93ce-6602c5ae8c99,http://creativecommons.org/licenses/by/4.0/legalcode
4846019474,62.208603,30.31368,2023,,The Atlas of Finnish Fungi,2bc4c2db-1dfa-419c-93ce-6602c5ae8c99,http://creativecommons.org/licenses/by/4.0/legalcode
4846019475,62.207566,30.314919,2023,Panellus stipticus,The Atlas of Finnish Fungi,2bc4c2db-1dfa-419c-93ce-6602c5ae8c99,http://creativecommons.org/licenses/by/4.0/legalcode
4846019476,62.207079,30.316877,2023,Neohygrocybe nitrata,The Atlas of Finnish Fungi,2bc4c2db-1dfa-419c-93ce-6602c5ae8c99,http://creativecommons.org/licenses/by/4.0/legalcode
4846019477,62.206751,30.317237,2023,Lepista densifolia,The Atlas of Finnish Fungi,2bc4c2db-1dfa-419c-93ce-6602c5ae8c99,http://creativecommons.org/licenses/by/4.0/legalcode
4846019487,62.090783,29.872006,2023,Mycena galericulata,The Atlas of Finnish Fungi,2bc4c2db-1dfa-419c-93ce-6602c5ae8c99,http://creativecommons.org/licenses/by/4.0/legalcode
4846019499,61.88732,29.841022,2023,Spathularia flavida,The Atlas of Finnish Fungi,2bc4c2db-1dfa-419c-93ce-6602c5ae8c99,http://creativecommons.org/licenses/by/4.0/legalcode
4846019511,61.456736,23.885592,2023,Chlorociboria aeruginascens,The Atlas of Finnish Fungi,2bc4c2db-1dfa-419c-93ce-6602c5ae8c99,http://creativecommons.org/licenses/by/4.0/legalcode
4846019512,61.462164,23.8801,2023,Hermanssonia centrifuga,The Atlas of Finnish Fungi,2bc4c2db-1dfa-419c-93ce-6602c5ae8c99,http://creativecommons.org/licenses/by/4.0/legalcode
4846019513,61.456867,23.8853,2023,Agaricus sylvicola,The Atlas of Finnish Fungi,2bc4c2db-1dfa-419c-93ce-6602c5ae8c99,http://creativecommons.org/licenses/by/4.0/legalcode
4846019514,61.456867,23.8853,2023,Hydnum repandum,The Atlas of Finnish Fungi,2bc4c2db-1dfa-419c-93ce-6602c5ae8c99,http://creativecommons.org/licenses/by/4.0/legalcode
4846019515,61.456867,23.8853,2023,Lepiota felina,The Atlas of Finnish Fungi,2bc4c2db-1dfa-419c-93ce-6602c5ae8c99,http://creativecommons.org/licenses/by/4.0/legalcode
4846019516,61.456867,23.8853,2023,Mycena pura,The Atlas of Finnish Fungi,2bc4c2db-1dfa-419c-93ce-6602c5ae8c99,http://creativecommons.org/licenses/by/4.0/legalcode
4846019520,61.463047,23.880778,2023,Apioperdon pyriforme,The Atlas of Finnish Fungi,2bc4c2db-1dfa-419c-93ce-6602c5ae8c99,http://creativecommons.org/licenses/by/4.0/legalcode
4846019521,61.459903,23.885581,2023,Cortinarius rubellus,The Atlas of Finnish Fungi,2bc4c2db-1dfa-419c-93ce-6602c5ae8c99,http://creativecommons.org/licenses/by/4.0/legalcode
4846019522,61.462256,23.880006,2023,Pycnoporellus fulgens,The Atlas of Finnish Fungi,2bc4c2db-1dfa-419c-93ce-6602c5ae8c99,http://creativecommons.org/licenses/by/4.0/legalcode
4846019524,61.456053,23.817331,2023,Chlorociboria aeruginascens,The Atlas of Finnish Fungi,2bc4c2db-1dfa-419c-93ce-6602c5ae8c99,http://creativecommons.org/licenses/by/4.0/legalcode
4846019525,61.457128,23.815178,2023,Lactarius lignyotus,The Atlas of Finnish Fungi,2bc4c2db-1dfa-419c-93ce-6602c5ae8c99,http://creativecommons.org/licenses/by/4.0/legalcode
4846019526,61.456839,23.815561,2023,Phellinidium ferrugineofuscum,The Atlas of Finnish Fungi,2bc4c2db-1dfa-419c-93ce-6602c5ae8c99,http://creativecommons.org/licenses/by/4.0/legalcode
4846019527,61.456483,23.813583,2023,Leptoporus mollis,The Atlas of Finnish Fungi,2bc4c2db-1dfa-419c-93ce-6602c5ae8c99,http://creativecommons.org/licenses/by/4.0/legalcode
4846019528,61.455722,23.815267,2023,,The Atlas of Finnish Fungi,2bc4c2db-1dfa-419c-93ce-6602c5ae8c99,http://creativecommons.org/licenses/by/4.0/legalcode
4846019529,61.457117,23.809772,2023,,The Atlas of Finnish Fungi,2bc4c2db-1dfa-419c-93ce-6602c5ae8c99,http://creativecommons.org/licenses/by/4.0/legalcode
4846019530,61.457156,23.812081,2023,Asterodon ferruginosus,The Atlas of Finnish Fungi,2bc4c2db-1dfa-419c-93ce-6602c5ae8c99,http://creativecommons.org/licenses/by/4.0/legalcode
4846019545,61.42691,23.032222,2023,Amanita crocea,The Atlas of Finnish Fungi,2bc4c2db-1dfa-419c-93ce-6602c5ae8c99,http://creativecommons.org/licenses/by/4.0/legalcode
4846019546,61.771129,22.747336,2023,Amanita porphyria,The Atlas of Finnish Fungi,2bc4c2db-1dfa-419c-93ce-6602c5ae8c99,http://creativecommons.org/licenses/by/4.0/legalcode
4846019547,61.77094,22.747545,2023,Hygrophorus camarophyllus,The Atlas of Finnish Fungi,2bc4c2db-1dfa-419c-93ce-6602c5ae8c99,http://creativecommons.org/licenses/by/4.0/legalcode
4846019557,63.033236,21.618439,2023,Propolis farinosa,The Atlas of Finnish Fungi,2bc4c2db-1dfa-419c-93ce-6602c5ae8c99,http://creativecommons.org/licenses/by/4.0/legalcode
4846020317,61.484763,23.547231,2023,Pseudocraterellus pertenuis,The Atlas of Finnish Fungi,2bc4c2db-1dfa-419c-93ce-6602c5ae8c99,http://creativecommons.org/licenses/by/4.0/legalcode
4846020349,62.087168,29.879194,2023,Amanita citrina,The Atlas of Finnish Fungi,2bc4c2db-1dfa-419c-93ce-6602c5ae8c99,http://creativecommons.org/licenses/by/4.0/legalcode
4846020352,62.091961,29.872932,2023,Hypholoma lateritium,The Atlas of Finnish Fungi,2bc4c2db-1dfa-419c-93ce-6602c5ae8c99,http://creativecommons.org/licenses/by/4.0/legalcode
4846020366,61.885176,29.841269,2023,Suillus grevillei,The Atlas of Finnish Fungi,2bc4c2db-1dfa-419c-93ce-6602c5ae8c99,http://creativecommons.org/licenses/by/4.0/legalcode
4846020373,61.456442,23.885339,2023,Inonotus obliquus,The Atlas of Finnish Fungi,2bc4c2db-1dfa-419c-93ce-6602c5ae8c99,http://creativecommons.org/licenses/by/4.0/legalcode
4846020381,61.455722,23.815267,2023,,The Atlas of Finnish Fungi,2bc4c2db-1dfa-419c-93ce-6602c5ae8c99,http://creativecommons.org/licenses/by/4.0/legalcode
4846020401,61.771381,22.747425,2023,Cortinarius semisanguineus,The Atlas of Finnish Fungi,2bc4c2db-1dfa-419c-93ce-6602c5ae8c99,http://creativecommons.org/licenses/by/4.0/legalcode
4846020475,62.208979,30.315022,2023,,The Atlas of Finnish Fungi,2bc4c2db-1dfa-419c-93ce-6602c5ae8c99,http://creativecommons.org/licenses/by/4.0/legalcode
4846020476,62.209128,30.312445,2023,Pholiota squarrosa,The Atlas of Finnish Fungi,2bc4c2db-1dfa-419c-93ce-6602c5ae8c99,http://creativecommons.org/licenses/by/4.0/legalcode
4846020477,62.20874,30.313046,2023,Cyanosporus caesius,The Atlas of Finnish Fungi,2bc4c2db-1dfa-419c-93ce-6602c5ae8c99,http://creativecommons.org/licenses/by/4.0/legalcode
4846020478,62.208467,30.313721,2023,Rhodophana nitellina,The Atlas of Finnish Fungi,2bc4c2db-1dfa-419c-93ce-6602c5ae8c99,http://creativecommons.org/licenses/by/4.0/legalcode
4846020479,62.207054,30.316859,2023,,The Atlas of Finnish Fungi,2bc4c2db-1dfa-419c-93ce-6602c5ae8c99,http://creativecommons.org/licenses/by/4.0/legalcode
4846020487,62.090734,29.872339,2023,Phlegmacium triumphans,The Atlas of Finnish Fungi,2bc4c2db-1dfa-419c-93ce-6602c5ae8c99,http://creativecommons.org/licenses/by/4.0/legalcode
4846020488,62.087152,29.87889,2023,Amanita citrina,The Atlas of Finnish Fungi,2bc4c2db-1dfa-419c-93ce-6602c5ae8c99,http://creativecommons.org/licenses/by/4.0/legalcode
4846020489,62.087261,29.878874,2023,Chlorociboria aeruginascens,The Atlas of Finnish Fungi,2bc4c2db-1dfa-419c-93ce-6602c5ae8c99,http://creativecommons.org/licenses/by/4.0/legalcode
4846020503,61.458133,23.882383,2023,Cortinarius semisanguineus,The Atlas of Finnish Fungi,2bc4c2db-1dfa-419c-93ce-6602c5ae8c99,http://creativecommons.org/licenses/by/4.0/legalcode
4846020504,61.458236,23.882775,2023,Cortinarius bolaris,The Atlas of Finnish Fungi,2bc4c2db-1dfa-419c-93ce-6602c5ae8c99,http://creativecommons.org/licenses/by/4.0/legalcode
4846020505,61.456867,23.8853,2023,Lactarius torminosus,The Atlas of Finnish Fungi,2bc4c2db-1dfa-419c-93ce-6602c5ae8c99,http://creativecommons.org/licenses/by/4.0/legalcode
4846020506,61.456867,23.8853,2023,,The Atlas of Finnish Fungi,2bc4c2db-1dfa-419c-93ce-6602c5ae8c99,http://creativecommons.org/licenses/by/4.0/legalcode
4846020507,61.458133,23.882383,2023,Suillus bovinus,The Atlas of Finnish Fungi,2bc4c2db-1dfa-419c-93ce-6602c5ae8c99,http://creativecommons.org/licenses/by/4.0/legalcode
4846020508,61.460403,23.877981,2023,Pseudomerulius aureus,The Atlas of Finnish Fungi,2bc4c2db-1dfa-419c-93ce-6602c5ae8c99,http://creativecommons.org/licenses/by/4.0/legalcode
4846020509,61.462164,23.8801,2023,Gloeophyllum odoratum,The Atlas of Finnish Fungi,2bc4c2db-1dfa-419c-93ce-6602c5ae8c99,http://creativecommons.org/licenses/by/4.0/legalcode
4846020517,61.459536,23.886631,2023,Cyanosporus caesius,The Atlas of Finnish Fungi,2bc4c2db-1dfa-419c-93ce-6602c5ae8c99,http://creativecommons.org/licenses/by/4.0/legalcode
4846020518,61.461986,23.8786,2023,Cantharellus cibarius,The Atlas of Finnish Fungi,2bc4c2db-1dfa-419c-93ce-6602c5ae8c99,http://creativecommons.org/licenses/by/4.0/legalcode
4846020519,61.457117,23.809772,2023,,The Atlas of Finnish Fungi,2bc4c2db-1dfa-419c-93ce-6602c5ae8c99,http://creativecommons.org/licenses/by/4.0/legalcode
4846020520,61.456525,23.818139,2023,Pholiota flammans,The Atlas of Finnish Fungi,2bc4c2db-1dfa-419c-93ce-6602c5ae8c99,http://creativecommons.org/licenses/by/4.0/legalcode
4846020521,61.455722,23.815267,2023,Leotia lubrica,The Atlas of Finnish Fungi,2bc4c2db-1dfa-419c-93ce-6602c5ae8c99,http://creativecommons.org/licenses/by/4.0/legalcode
4846020522,61.456053,23.817331,2023,Hermanssonia centrifuga,The Atlas of Finnish Fungi,2bc4c2db-1dfa-419c-93ce-6602c5ae8c99,http://creativecommons.org/licenses/by/4.0/legalcode
4846020523,61.457117,23.809772,2023,Coniophora puteana,The Atlas of Finnish Fungi,2bc4c2db-1dfa-419c-93ce-6602c5ae8c99,http://creativecommons.org/licenses/by/4.0/legalcode
4846020524,61.456839,23.815561,2023,Lepiota clypeolaria,The Atlas of Finnish Fungi,2bc4c2db-1dfa-419c-93ce-6602c5ae8c99,http://creativecommons.org/licenses/by/4.0/legalcode
4846020539,61.427304,23.032435,2023,,The Atlas of Finnish Fungi,2bc4c2db-1dfa-419c-93ce-6602c5ae8c99,http://creativecommons.org/licenses/by/4.0/legalcode
4846020540,61.426828,23.032104,2023,Entoloma sericatum,The Atlas of Finnish Fungi,2bc4c2db-1dfa-419c-93ce-6602c5ae8c99,http://creativecommons.org/licenses/by/4.0/legalcode
4846020541,61.427012,23.032432,2023,Phaeoclavulina eumorpha,The Atlas of Finnish Fungi,2bc4c2db-1dfa-419c-93ce-6602c5ae8c99,http://creativecommons.org/licenses/by/4.0/legalcode
4846020542,61.771107,22.747299,2023,Russula decolorans,The Atlas of Finnish Fungi,2bc4c2db-1dfa-419c-93ce-6602c5ae8c99,http://creativecommons.org/licenses/by/4.0/legalcode
4846021310,62.39358,28.78846,2023,Trechispora hymenocystis,The Atlas of Finnish Fungi,2bc4c2db-1dfa-419c-93ce-6602c5ae8c99,http://creativecommons.org/licenses/by/4.0/legalcode
4846021312,66.62288,25.5716,2023,Veluticeps abietina,The Atlas of Finnish Fungi,2bc4c2db-1dfa-419c-93ce-6602c5ae8c99,http://creativecommons.org/licenses/by/4.0/legalcode
4846021338,62.206944,30.317209,2023,,The Atlas of Finnish Fungi,2bc4c2db-1dfa-419c-93ce-6602c5ae8c99,http://creativecommons.org/licenses/by/4.0/legalcode
4846021354,62.091736,29.872513,2023,Cortinarius pholideus,The Atlas of Finnish Fungi,2bc4c2db-1dfa-419c-93ce-6602c5ae8c99,http://creativecommons.org/licenses/by/4.0/legalcode
4846021364,61.88494,29.841463,2023,Suillus grevillei,The Atlas of Finnish Fungi,2bc4c2db-1dfa-419c-93ce-6602c5ae8c99,http://creativecommons.org/licenses/by/4.0/legalcode
4846021374,61.456833,23.884492,2023,,The Atlas of Finnish Fungi,2bc4c2db-1dfa-419c-93ce-6602c5ae8c99,http://creativecommons.org/licenses/by/4.0/legalcode
4846021376,61.458947,23.890928,2023,Aleuria aurantia,The Atlas of Finnish Fungi,2bc4c2db-1dfa-419c-93ce-6602c5ae8c99,http://creativecommons.org/licenses/by/4.0/legalcode
4846021378,61.476961,23.883244,2023,,The Atlas of Finnish Fungi,2bc4c2db-1dfa-419c-93ce-6602c5ae8c99,http://creativecommons.org/licenses/by/4.0/legalcode
4846021393,61.428353,23.032147,2023,Phlegmacium balteatocumatile,The Atlas of Finnish Fungi,2bc4c2db-1dfa-419c-93ce-6602c5ae8c99,http://creativecommons.org/licenses/by/4.0/legalcode
4846021447,60.213855,24.989766,2023,Phallus impudicus,The Atlas of Finnish Fungi,2bc4c2db-1dfa-419c-93ce-6602c5ae8c99,http://creativecommons.org/licenses/by/4.0/legalcode
4846021455,60.09498,22.868053,2023,Inocybe appendiculata,The Atlas of Finnish Fungi,2bc4c2db-1dfa-419c-93ce-6602c5ae8c99,http://creativecommons.org/licenses/by/4.0/legalcode
4846021476,62.209005,30.314914,2023,Humaria hemisphaerica,The Atlas of Finnish Fungi,2bc4c2db-1dfa-419c-93ce-6602c5ae8c99,http://creativecommons.org/licenses/by/4.0/legalcode
4846021477,62.209135,30.315097,2023,Neobulgaria pura,The Atlas of Finnish Fungi,2bc4c2db-1dfa-419c-93ce-6602c5ae8c99,http://creativecommons.org/licenses/by/4.0/legalcode
4846021478,62.208716,30.313264,2023,Pholiota lubrica,The Atlas of Finnish Fungi,2bc4c2db-1dfa-419c-93ce-6602c5ae8c99,http://creativecommons.org/licenses/by/4.0/legalcode
4846021479,62.208071,30.314013,2023,Phlebia tremellosa,The Atlas of Finnish Fungi,2bc4c2db-1dfa-419c-93ce-6602c5ae8c99,http://creativecommons.org/licenses/by/4.0/legalcode
4846021480,62.206942,30.317068,2023,Clavulinopsis corniculata,The Atlas of Finnish Fungi,2bc4c2db-1dfa-419c-93ce-6602c5ae8c99,http://creativecommons.org/licenses/by/4.0/legalcode
4846021481,62.206944,30.317093,2023,Clavulinopsis corniculata,The Atlas of Finnish Fungi,2bc4c2db-1dfa-419c-93ce-6602c5ae8c99,http://creativecommons.org/licenses/by/4.0/legalcode
4846021494,62.091532,29.87225,2023,Cortinarius flexipes,The Atlas of Finnish Fungi,2bc4c2db-1dfa-419c-93ce-6602c5ae8c99,http://creativecommons.org/licenses/by/4.0/legalcode
4846021495,62.090766,29.872584,2023,Imleria badia,The Atlas of Finnish Fungi,2bc4c2db-1dfa-419c-93ce-6602c5ae8c99,http://creativecommons.org/licenses/by/4.0/legalcode
4846021496,62.090983,29.872639,2023,Pleurotus dryinus,The Atlas of Finnish Fungi,2bc4c2db-1dfa-419c-93ce-6602c5ae8c99,http://creativecommons.org/licenses/by/4.0/legalcode
4846021497,62.087237,29.883819,2023,,The Atlas of Finnish Fungi,2bc4c2db-1dfa-419c-93ce-6602c5ae8c99,http://creativecommons.org/licenses/by/4.0/legalcode
4846021519,61.457864,23.884406,2023,Cortinarius pholideus,The Atlas of Finnish Fungi,2bc4c2db-1dfa-419c-93ce-6602c5ae8c99,http://creativecommons.org/licenses/by/4.0/legalcode
4846021520,61.456833,23.884492,2023,Craterellus tubaeformis,The Atlas of Finnish Fungi,2bc4c2db-1dfa-419c-93ce-6602c5ae8c99,http://creativecommons.org/licenses/by/4.0/legalcode
4846021521,61.456867,23.8853,2023,Hygrophorus erubescens,The Atlas of Finnish Fungi,2bc4c2db-1dfa-419c-93ce-6602c5ae8c99,http://creativecommons.org/licenses/by/4.0/legalcode
4846021522,61.456867,23.8853,2023,Entoloma byssisedum,The Atlas of Finnish Fungi,2bc4c2db-1dfa-419c-93ce-6602c5ae8c99,http://creativecommons.org/licenses/by/4.0/legalcode
4846021523,61.462164,23.8801,2023,Asterodon ferruginosus,The Atlas of Finnish Fungi,2bc4c2db-1dfa-419c-93ce-6602c5ae8c99,http://creativecommons.org/licenses/by/4.0/legalcode
4846021524,60.546922,26.138063,2023,Macrolepiota procera,The Atlas of Finnish Fungi,2bc4c2db-1dfa-419c-93ce-6602c5ae8c99,http://creativecommons.org/licenses/by/4.0/legalcode
4846021527,61.461086,23.8851,2023,Xylaria hypoxylon,The Atlas of Finnish Fungi,2bc4c2db-1dfa-419c-93ce-6602c5ae8c99,http://creativecommons.org/licenses/by/4.0/legalcode
4846021528,61.459903,23.885581,2023,Imleria badia,The Atlas of Finnish Fungi,2bc4c2db-1dfa-419c-93ce-6602c5ae8c99,http://creativecommons.org/licenses/by/4.0/legalcode
4846021529,61.461986,23.8786,2023,Tolypocladium ophioglossoides,The Atlas of Finnish Fungi,2bc4c2db-1dfa-419c-93ce-6602c5ae8c99,http://creativecommons.org/licenses/by/4.0/legalcode
4846021530,61.462256,23.880006,2023,Postia ptychogaster,The Atlas of Finnish Fungi,2bc4c2db-1dfa-419c-93ce-6602c5ae8c99,http://creativecommons.org/licenses/by/4.0/legalcode
4846021531,61.463047,23.880778,2023,Cortinarius sanguineus,The Atlas of Finnish Fungi,2bc4c2db-1dfa-419c-93ce-6602c5ae8c99,http://creativecommons.org/licenses/by/4.0/legalcode
4846021532,61.457142,23.811447,2023,Onnia tomentosa,The Atlas of Finnish Fungi,2bc4c2db-1dfa-419c-93ce-6602c5ae8c99,http://creativecommons.org/licenses/by/4.0/legalcode
4846021533,61.457156,23.812081,2023,,The Atlas of Finnish Fungi,2bc4c2db-1dfa-419c-93ce-6602c5ae8c99,http://creativecommons.org/licenses/by/4.0/legalcode
4846021534,61.456483,23.813583,2023,Rhodofomes roseus,The Atlas of Finnish Fungi,2bc4c2db-1dfa-419c-93ce-6602c5ae8c99,http://creativecommons.org/licenses/by/4.0/legalcode
4846021535,61.457117,23.809772,2023,Entocybe nitida,The Atlas of Finnish Fungi,2bc4c2db-1dfa-419c-93ce-6602c5ae8c99,http://creativecommons.org/licenses/by/4.0/legalcode
4846021536,61.457117,23.809772,2023,Cortinarius bolaris,The Atlas of Finnish Fungi,2bc4c2db-1dfa-419c-93ce-6602c5ae8c99,http://creativecommons.org/licenses/by/4.0/legalcode
4846021537,61.457156,23.812081,2023,Hermanssonia centrifuga,The Atlas of Finnish Fungi,2bc4c2db-1dfa-419c-93ce-6602c5ae8c99,http://creativecommons.org/licenses/by/4.0/legalcode
4846021552,61.427301,23.032439,2023,,The Atlas of Finnish Fungi,2bc4c2db-1dfa-419c-93ce-6602c5ae8c99,http://creativecommons.org/licenses/by/4.0/legalcode
4846021553,61.427518,23.032193,2023,,The Atlas of Finnish Fungi,2bc4c2db-1dfa-419c-93ce-6602c5ae8c99,http://creativecommons.org/licenses/by/4.0/legalcode
4846021554,61.77112,22.747289,2023,Cortinarius collinitus,The Atlas of Finnish Fungi,2bc4c2db-1dfa-419c-93ce-6602c5ae8c99,http://creativecommons.org/licenses/by/4.0/legalcode
4846021555,61.770988,22.747213,2023,Craterellus cornucopioides,The Atlas of Finnish Fungi,2bc4c2db-1dfa-419c-93ce-6602c5ae8c99,http://creativecommons.org/licenses/by/4.0/legalcode
4846022312,62.39412,28.81452,2023,Physisporinus vitreus,The Atlas of Finnish Fungi,2bc4c2db-1dfa-419c-93ce-6602c5ae8c99,http://creativecommons.org/licenses/by/4.0/legalcode
4846022314,65.81557,24.51651,2023,Neoantrodia serialis,The Atlas of Finnish Fungi,2bc4c2db-1dfa-419c-93ce-6602c5ae8c99,http://creativecommons.org/licenses/by/4.0/legalcode
4846022335,62.207928,30.315619,2023,Pleurotus dryinus,The Atlas of Finnish Fungi,2bc4c2db-1dfa-419c-93ce-6602c5ae8c99,http://creativecommons.org/licenses/by/4.0/legalcode
4846022374,61.459769,23.885411,2023,Pholiota squarrosa,The Atlas of Finnish Fungi,2bc4c2db-1dfa-419c-93ce-6602c5ae8c99,http://creativecommons.org/licenses/by/4.0/legalcode
4846022376,61.456433,23.813408,2023,Inonotus leporinus,The Atlas of Finnish Fungi,2bc4c2db-1dfa-419c-93ce-6602c5ae8c99,http://creativecommons.org/licenses/by/4.0/legalcode
4846022401,61.428313,23.032037,2023,Leccinum versipelle,The Atlas of Finnish Fungi,2bc4c2db-1dfa-419c-93ce-6602c5ae8c99,http://creativecommons.org/licenses/by/4.0/legalcode
4846022402,61.771693,22.747388,2023,Suillus luteus,The Atlas of Finnish Fungi,2bc4c2db-1dfa-419c-93ce-6602c5ae8c99,http://creativecommons.org/licenses/by/4.0/legalcode
4846022464,60.448563,23.120862,2023,,The Atlas of Finnish Fungi,2bc4c2db-1dfa-419c-93ce-6602c5ae8c99,http://creativecommons.org/licenses/by/4.0/legalcode
4846022478,62.208048,30.315449,2023,,The Atlas of Finnish Fungi,2bc4c2db-1dfa-419c-93ce-6602c5ae8c99,http://creativecommons.org/licenses/by/4.0/legalcode
4846022479,62.208652,30.313471,2023,Hygrophorus olivaceoalbus,The Atlas of Finnish Fungi,2bc4c2db-1dfa-419c-93ce-6602c5ae8c99,http://creativecommons.org/licenses/by/4.0/legalcode
4846022480,62.208535,30.313571,2023,Chondrostereum purpureum,The Atlas of Finnish Fungi,2bc4c2db-1dfa-419c-93ce-6602c5ae8c99,http://creativecommons.org/licenses/by/4.0/legalcode
4846022493,62.091501,29.87215,2023,Leccinum holopus,The Atlas of Finnish Fungi,2bc4c2db-1dfa-419c-93ce-6602c5ae8c99,http://creativecommons.org/licenses/by/4.0/legalcode
4846022503,61.884506,29.841083,2023,Legaliana badia,The Atlas of Finnish Fungi,2bc4c2db-1dfa-419c-93ce-6602c5ae8c99,http://creativecommons.org/licenses/by/4.0/legalcode
4846022515,61.456867,23.8853,2023,Cerrena unicolor,The Atlas of Finnish Fungi,2bc4c2db-1dfa-419c-93ce-6602c5ae8c99,http://creativecommons.org/licenses/by/4.0/legalcode
4846022516,61.458639,23.881608,2023,Antrodia sinuosa,The Atlas of Finnish Fungi,2bc4c2db-1dfa-419c-93ce-6602c5ae8c99,http://creativecommons.org/licenses/by/4.0/legalcode
4846022517,61.460403,23.877981,2023,Hydnellum aurantiacum,The Atlas of Finnish Fungi,2bc4c2db-1dfa-419c-93ce-6602c5ae8c99,http://creativecommons.org/licenses/by/4.0/legalcode
4846022518,61.456867,23.8853,2023,Lepiota clypeolaria,The Atlas of Finnish Fungi,2bc4c2db-1dfa-419c-93ce-6602c5ae8c99,http://creativecommons.org/licenses/by/4.0/legalcode
4846022519,61.456867,23.8853,2023,Mycena pura,The Atlas of Finnish Fungi,2bc4c2db-1dfa-419c-93ce-6602c5ae8c99,http://creativecommons.org/licenses/by/4.0/legalcode
4846022520,61.456867,23.8853,2023,Lepiota clypeolaria,The Atlas of Finnish Fungi,2bc4c2db-1dfa-419c-93ce-6602c5ae8c99,http://creativecommons.org/licenses/by/4.0/legalcode
4846022521,61.458133,23.882383,2023,Gomphidius roseus,The Atlas of Finnish Fungi,2bc4c2db-1dfa-419c-93ce-6602c5ae8c99,http://creativecommons.org/licenses/by/4.0/legalcode
4846022525,61.461986,23.8786,2023,Sarcodon imbricatus,The Atlas of Finnish Fungi,2bc4c2db-1dfa-419c-93ce-6602c5ae8c99,http://creativecommons.org/licenses/by/4.0/legalcode
4846022526,61.462256,23.880006,2023,Hermanssonia centrifuga,The Atlas of Finnish Fungi,2bc4c2db-1dfa-419c-93ce-6602c5ae8c99,http://creativecommons.org/licenses/by/4.0/legalcode
4846022527,61.459536,23.886631,2023,,The Atlas of Finnish Fungi,2bc4c2db-1dfa-419c-93ce-6602c5ae8c99,http://creativecommons.org/licenses/by/4.0/legalcode
4846022528,61.459536,23.886631,2023,Postia ptychogaster,The Atlas of Finnish Fungi,2bc4c2db-1dfa-419c-93ce-6602c5ae8c99,http://creativecommons.org/licenses/by/4.0/legalcode
4846022529,61.463047,23.880778,2023,Chlorociboria aeruginascens,The Atlas of Finnish Fungi,2bc4c2db-1dfa-419c-93ce-6602c5ae8c99,http://creativecommons.org/licenses/by/4.0/legalcode
4846022530,61.456592,23.812683,2023,Gyromitra infula,The Atlas of Finnish Fungi,2bc4c2db-1dfa-419c-93ce-6602c5ae8c99,http://creativecommons.org/licenses/by/4.0/legalcode
4846022531,61.455722,23.815267,2023,Cortinarius violaceus,The Atlas of Finnish Fungi,2bc4c2db-1dfa-419c-93ce-6602c5ae8c99,http://creativecommons.org/licenses/by/4.0/legalcode
4846022532,61.456053,23.817331,2023,Clavariadelphus ligula,The Atlas of Finnish Fungi,2bc4c2db-1dfa-419c-93ce-6602c5ae8c99,http://creativecommons.org/licenses/by/4.0/legalcode
4846022533,61.456592,23.812683,2023,Pycnoporellus fulgens,The Atlas of Finnish Fungi,2bc4c2db-1dfa-419c-93ce-6602c5ae8c99,http://creativecommons.org/licenses/by/4.0/legalcode
4846022546,61.427196,23.032436,2023,Russula cessans,The Atlas of Finnish Fungi,2bc4c2db-1dfa-419c-93ce-6602c5ae8c99,http://creativecommons.org/licenses/by/4.0/legalcode
4846022547,61.426967,23.032483,2023,Clitocybe odora,The Atlas of Finnish Fungi,2bc4c2db-1dfa-419c-93ce-6602c5ae8c99,http://creativecommons.org/licenses/by/4.0/legalcode
4846022548,61.770987,22.747083,2023,Tricholoma inamoenum,The Atlas of Finnish Fungi,2bc4c2db-1dfa-419c-93ce-6602c5ae8c99,http://creativecommons.org/licenses/by/4.0/legalcode
4846493496,61.743678,25.284284,2023,Suillus grevillei,"Notebook, general observations",df12ca07-f133-4550-ab3b-fde13f0e76ba,http://creativecommons.org/licenses/by/4.0/legalcode
4846494502,61.743678,25.284284,2023,Phlegmacium triumphans,"Notebook, general observations",df12ca07-f133-4550-ab3b-fde13f0e76ba,http://creativecommons.org/licenses/by/4.0/legalcode
4846494503,61.743678,25.284284,2023,Pholiota lubrica,"Notebook, general observations",df12ca07-f133-4550-ab3b-fde13f0e76ba,http://creativecommons.org/licenses/by/4.0/legalcode
4846496528,61.743678,25.284284,2023,Cystolepiota seminuda,"Notebook, general observations",df12ca07-f133-4550-ab3b-fde13f0e76ba,http://creativecommons.org/licenses/by/4.0/legalcode
4846497522,61.743678,25.284284,2023,Cortinarius violaceus,"Notebook, general observations",df12ca07-f133-4550-ab3b-fde13f0e76ba,http://creativecommons.org/licenses/by/4.0/legalcode
4846497523,61.743678,25.284284,2023,Limacella delicata,"Notebook, general observations",df12ca07-f133-4550-ab3b-fde13f0e76ba,http://creativecommons.org/licenses/by/4.0/legalcode
4846498493,61.743678,25.284284,2023,,"Notebook, general observations",df12ca07-f133-4550-ab3b-fde13f0e76ba,http://creativecommons.org/licenses/by/4.0/legalcode
4846499432,66.180895,29.131766,2023,Peltigera venosa,"Notebook, general observations",df12ca07-f133-4550-ab3b-fde13f0e76ba,http://creativecommons.org/licenses/by/4.0/legalcode
4846499492,61.743678,25.284284,2023,Cortinarius infractus,"Notebook, general observations",df12ca07-f133-4550-ab3b-fde13f0e76ba,http://creativecommons.org/licenses/by/4.0/legalcode
4846499493,61.743678,25.284284,2023,Crepidotus calolepis,"Notebook, general observations",df12ca07-f133-4550-ab3b-fde13f0e76ba,http://creativecommons.org/licenses/by/4.0/legalcode
4846501477,61.743678,25.284284,2023,Cortinarius raphanoides,"Notebook, general observations",df12ca07-f133-4550-ab3b-fde13f0e76ba,http://creativecommons.org/licenses/by/4.0/legalcode
4846501478,61.743678,25.284284,2023,Mycena galericulata,"Notebook, general observations",df12ca07-f133-4550-ab3b-fde13f0e76ba,http://creativecommons.org/licenses/by/4.0/legalcode
4846502304,61.743678,25.284284,2023,Lactarius lilacinus,"Notebook, general observations",df12ca07-f133-4550-ab3b-fde13f0e76ba,http://creativecommons.org/licenses/by/4.0/legalcode
4846502531,61.743678,25.284284,2023,Lepiota castanea,"Notebook, general observations",df12ca07-f133-4550-ab3b-fde13f0e76ba,http://creativecommons.org/licenses/by/4.0/legalcode
4846503522,61.743678,25.284284,2023,Leccinum albostipitatum,"Notebook, general observations",df12ca07-f133-4550-ab3b-fde13f0e76ba,http://creativecommons.org/licenses/by/4.0/legalcode
4846504508,61.743678,25.284284,2023,Cortinarius trivialis,"Notebook, general observations",df12ca07-f133-4550-ab3b-fde13f0e76ba,http://creativecommons.org/licenses/by/4.0/legalcode
4846505303,61.743678,25.284284,2023,Tricholoma stiparophyllum,"Notebook, general observations",df12ca07-f133-4550-ab3b-fde13f0e76ba,http://creativecommons.org/licenses/by/4.0/legalcode
4846506496,61.743678,25.284284,2023,Lepiota clypeolaria,"Notebook, general observations",df12ca07-f133-4550-ab3b-fde13f0e76ba,http://creativecommons.org/licenses/by/4.0/legalcode
4846507523,61.743678,25.284284,2023,Thaxterogaster porphyropus,"Notebook, general observations",df12ca07-f133-4550-ab3b-fde13f0e76ba,http://creativecommons.org/licenses/by/4.0/legalcode
4846507524,61.743678,25.284284,2023,Rhodophana nitellina,"Notebook, general observations",df12ca07-f133-4550-ab3b-fde13f0e76ba,http://creativecommons.org/licenses/by/4.0/legalcode
4846766754,61.481638,23.442772,2023,Pholiota flammans,iNaturalist research-grade observations,50c9509d-22c7-4a22-a47d-8c48425ef4a7,http://creativecommons.org/licenses/by-nc/4.0/legalcode
4846767695,63.634825,27.049337,2023,Pholiota flammans,iNaturalist research-grade observations,50c9509d-22c7-4a22-a47d-8c48425ef4a7,http://creativecommons.org/licenses/by-nc/4.0/legalcode
4846773636,61.207633,25.597255,2023,Hydnellum peckii,iNaturalist research-grade observations,50c9509d-22c7-4a22-a47d-8c48425ef4a7,http://creativecommons.org/licenses/by-nc/4.0/legalcode
4846786016,63.42746,22.244352,2023,Amanita regalis,iNaturalist research-grade observations,50c9509d-22c7-4a22-a47d-8c48425ef4a7,http://creativecommons.org/licenses/by-nc/4.0/legalcode
4846792103,62.25695,25.52302,2023,Calocera viscosa,iNaturalist research-grade observations,50c9509d-22c7-4a22-a47d-8c48425ef4a7,http://creativecommons.org/licenses/by-nc/4.0/legalcode
4846824696,60.333013,24.665933,2023,Sarcodon squamosus,iNaturalist research-grade observations,50c9509d-22c7-4a22-a47d-8c48425ef4a7,http://creativecommons.org/licenses/by-nc/4.0/legalcode
4846974442,59.954592,23.066974,2023,Amanita crocea,iNaturalist research-grade observations,50c9509d-22c7-4a22-a47d-8c48425ef4a7,http://creativecommons.org/licenses/by-nc/4.0/legalcode
4846997176,61.18734,25.857303,2023,Cladonia cervicornis,iNaturalist research-grade observations,50c9509d-22c7-4a22-a47d-8c48425ef4a7,http://creativecommons.org/licenses/by-nc/4.0/legalcode
4847176937,60.213866,22.928653,2023,Postia ptychogaster,iNaturalist research-grade observations,50c9509d-22c7-4a22-a47d-8c48425ef4a7,http://creativecommons.org/licenses/by-nc/4.0/legalcode
4850813333,60.996102,21.449533,2023,Ascocoryne turficola,Löydös Open Finnish Observation Database,956bc674-6022-4c52-833e-c5fb39dc837a,http://creativecommons.org/licenses/by/4.0/legalcode
4850861323,66.240241,29.589806,2023,Botryobasidium subcoronatum,The Atlas of Finnish Fungi,2bc4c2db-1dfa-419c-93ce-6602c5ae8c99,http://creativecommons.org/licenses/by/4.0/legalcode
4850861420,64.845373,28.916453,2023,Cortinarius coleoptera,The Atlas of Finnish Fungi,2bc4c2db-1dfa-419c-93ce-6602c5ae8c99,http://creativecommons.org/licenses/by/4.0/legalcode
4850861473,66.256318,29.52926,2023,Athelia decipiens,The Atlas of Finnish Fungi,2bc4c2db-1dfa-419c-93ce-6602c5ae8c99,http://creativecommons.org/licenses/by/4.0/legalcode
4850861474,66.261322,29.56702,2023,Peniophorella praetermissa,The Atlas of Finnish Fungi,2bc4c2db-1dfa-419c-93ce-6602c5ae8c99,http://creativecommons.org/licenses/by/4.0/legalcode
4850861475,66.261322,29.56702,2023,Phlebiella sulphurea,The Atlas of Finnish Fungi,2bc4c2db-1dfa-419c-93ce-6602c5ae8c99,http://creativecommons.org/licenses/by/4.0/legalcode
4850861476,66.256178,29.530119,2023,Coniophora olivacea,The Atlas of Finnish Fungi,2bc4c2db-1dfa-419c-93ce-6602c5ae8c99,http://creativecommons.org/licenses/by/4.0/legalcode
4850861477,66.256699,29.527592,2023,Xylodon brevisetus,The Atlas of Finnish Fungi,2bc4c2db-1dfa-419c-93ce-6602c5ae8c99,http://creativecommons.org/licenses/by/4.0/legalcode
4850861478,66.236997,29.557088,2023,Skvortzovia furfuracea,The Atlas of Finnish Fungi,2bc4c2db-1dfa-419c-93ce-6602c5ae8c99,http://creativecommons.org/licenses/by/4.0/legalcode
4850861479,66.236645,29.557801,2023,Serpula himantioides,The Atlas of Finnish Fungi,2bc4c2db-1dfa-419c-93ce-6602c5ae8c99,http://creativecommons.org/licenses/by/4.0/legalcode
4850861480,66.235816,29.55857,2023,Piloderma sphaerosporum,The Atlas of Finnish Fungi,2bc4c2db-1dfa-419c-93ce-6602c5ae8c99,http://creativecommons.org/licenses/by/4.0/legalcode
4850861486,66.230352,29.578093,2023,Xylodon brevisetus,The Atlas of Finnish Fungi,2bc4c2db-1dfa-419c-93ce-6602c5ae8c99,http://creativecommons.org/licenses/by/4.0/legalcode
4850861487,66.230366,29.579086,2023,Amphinema byssoides,The Atlas of Finnish Fungi,2bc4c2db-1dfa-419c-93ce-6602c5ae8c99,http://creativecommons.org/licenses/by/4.0/legalcode
4850861488,66.230366,29.579086,2023,Kurtia argillacea,The Atlas of Finnish Fungi,2bc4c2db-1dfa-419c-93ce-6602c5ae8c99,http://creativecommons.org/licenses/by/4.0/legalcode
4850861489,66.232934,29.58588,2023,Skvortzovia furfuracea,The Atlas of Finnish Fungi,2bc4c2db-1dfa-419c-93ce-6602c5ae8c99,http://creativecommons.org/licenses/by/4.0/legalcode
4850861490,66.237371,29.595048,2023,Botryobasidium intertextum,The Atlas of Finnish Fungi,2bc4c2db-1dfa-419c-93ce-6602c5ae8c99,http://creativecommons.org/licenses/by/4.0/legalcode
4850861491,66.234107,29.584172,2023,,The Atlas of Finnish Fungi,2bc4c2db-1dfa-419c-93ce-6602c5ae8c99,http://creativecommons.org/licenses/by/4.0/legalcode
4850861492,66.238175,29.597338,2023,,The Atlas of Finnish Fungi,2bc4c2db-1dfa-419c-93ce-6602c5ae8c99,http://creativecommons.org/licenses/by/4.0/legalcode
4850861493,66.237984,29.601731,2023,Botryobasidium subcoronatum,The Atlas of Finnish Fungi,2bc4c2db-1dfa-419c-93ce-6602c5ae8c99,http://creativecommons.org/licenses/by/4.0/legalcode
4850861569,66.261825,29.566686,2023,Ceraceomyces eludens,The Atlas of Finnish Fungi,2bc4c2db-1dfa-419c-93ce-6602c5ae8c99,http://creativecommons.org/licenses/by/4.0/legalcode
4850861570,66.240241,29.589806,2023,Tubulicrinis calothrix,The Atlas of Finnish Fungi,2bc4c2db-1dfa-419c-93ce-6602c5ae8c99,http://creativecommons.org/licenses/by/4.0/legalcode
4850861573,66.256448,29.528554,2023,Ceraceomyces tessulatus,The Atlas of Finnish Fungi,2bc4c2db-1dfa-419c-93ce-6602c5ae8c99,http://creativecommons.org/licenses/by/4.0/legalcode
4850861574,66.230084,29.577924,2023,Ceraceomyces eludens,The Atlas of Finnish Fungi,2bc4c2db-1dfa-419c-93ce-6602c5ae8c99,http://creativecommons.org/licenses/by/4.0/legalcode
4850861647,67.030156,27.539233,2023,Cortinarius coleoptera,The Atlas of Finnish Fungi,2bc4c2db-1dfa-419c-93ce-6602c5ae8c99,http://creativecommons.org/licenses/by/4.0/legalcode
4850861687,66.256178,29.530119,2023,Peniophorella praetermissa,The Atlas of Finnish Fungi,2bc4c2db-1dfa-419c-93ce-6602c5ae8c99,http://creativecommons.org/licenses/by/4.0/legalcode
4850861688,66.262746,29.567148,2023,Tubulicrinis calothrix,The Atlas of Finnish Fungi,2bc4c2db-1dfa-419c-93ce-6602c5ae8c99,http://creativecommons.org/licenses/by/4.0/legalcode
4850861689,66.262538,29.566225,2023,Botryobasidium vagum,The Atlas of Finnish Fungi,2bc4c2db-1dfa-419c-93ce-6602c5ae8c99,http://creativecommons.org/licenses/by/4.0/legalcode
4850861690,66.256699,29.527592,2023,Tubulicrinis borealis,The Atlas of Finnish Fungi,2bc4c2db-1dfa-419c-93ce-6602c5ae8c99,http://creativecommons.org/licenses/by/4.0/legalcode
4850861691,66.25592,29.527335,2023,Mycoacia livida,The Atlas of Finnish Fungi,2bc4c2db-1dfa-419c-93ce-6602c5ae8c99,http://creativecommons.org/licenses/by/4.0/legalcode
4850861692,66.2551,29.52798,2023,Mycoacia livida,The Atlas of Finnish Fungi,2bc4c2db-1dfa-419c-93ce-6602c5ae8c99,http://creativecommons.org/licenses/by/4.0/legalcode
4927603805,60.086285,23.292763,2024,Lecanactis abietina,"Notebook, general observations",df12ca07-f133-4550-ab3b-fde13f0e76ba,http://creativecommons.org/licenses/by/4.0/legalcode
4927603809,61.186647,21.615272,2024,,"Notebook, general observations",df12ca07-f133-4550-ab3b-fde13f0e76ba,http://creativecommons.org/licenses/by/4.0/legalcode
4927603836,60.571071,27.193109,2024,Agaricus campestris,"Notebook, general observations",df12ca07-f133-4550-ab3b-fde13f0e76ba,http://creativecommons.org/licenses/by/4.0/legalcode
4927603998,60.239126,24.729475,2024,Neoantrodia serialis,"Notebook, general observations",df12ca07-f133-4550-ab3b-fde13f0e76ba,http://creativecommons.org/licenses/by/4.0/legalcode
4927603999,60.239573,24.729635,2024,Fomitopsis pinicola,"Notebook, general observations",df12ca07-f133-4550-ab3b-fde13f0e76ba,http://creativecommons.org/licenses/by/4.0/legalcode
4927604261,60.921988,27.351951,2024,Hypogymnia physodes,"Notebook, general observations",df12ca07-f133-4550-ab3b-fde13f0e76ba,http://creativecommons.org/licenses/by/4.0/legalcode
4927604263,60.921988,27.351951,2024,Bryoria fuscescens,"Notebook, general observations",df12ca07-f133-4550-ab3b-fde13f0e76ba,http://creativecommons.org/licenses/by/4.0/legalcode
4927604268,60.921988,27.351951,2024,Lactarius deterrimus,"Notebook, general observations",df12ca07-f133-4550-ab3b-fde13f0e76ba,http://creativecommons.org/licenses/by/4.0/legalcode
4927604402,60.238988,24.729384,2024,Hermanssonia centrifuga,"Notebook, general observations",df12ca07-f133-4550-ab3b-fde13f0e76ba,http://creativecommons.org/licenses/by/4.0/legalcode
4927604638,60.240257,24.731295,2024,Inonotus obliquus,"Notebook, general observations",df12ca07-f133-4550-ab3b-fde13f0e76ba,http://creativecommons.org/licenses/by/4.0/legalcode
4927604639,60.239857,24.726998,2024,Tyromyces chioneus,"Notebook, general observations",df12ca07-f133-4550-ab3b-fde13f0e76ba,http://creativecommons.org/licenses/by/4.0/legalcode
4927604663,67.187438,25.96142,2024,Micarea misella,"Notebook, general observations",df12ca07-f133-4550-ab3b-fde13f0e76ba,http://creativecommons.org/licenses/by/4.0/legalcode
4927604901,60.921988,27.351951,2024,Pseudevernia furfuracea,"Notebook, general observations",df12ca07-f133-4550-ab3b-fde13f0e76ba,http://creativecommons.org/licenses/by/4.0/legalcode
4927604902,60.921988,27.351951,2024,Fomitopsis pinicola,"Notebook, general observations",df12ca07-f133-4550-ab3b-fde13f0e76ba,http://creativecommons.org/licenses/by/4.0/legalcode
4927604904,60.921988,27.351951,2024,Trichaptum abietinum,"Notebook, general observations",df12ca07-f133-4550-ab3b-fde13f0e76ba,http://creativecommons.org/licenses/by/4.0/legalcode
4927604910,61.572805,29.332777,2024,Cantharellus cibarius,"Notebook, general observations",df12ca07-f133-4550-ab3b-fde13f0e76ba,http://creativecommons.org/licenses/by/4.0/legalcode
4927605012,61.572805,29.332777,2024,Nephromopsis chlorophylla,"Notebook, general observations",df12ca07-f133-4550-ab3b-fde13f0e76ba,http://creativecommons.org/licenses/by/4.0/legalcode
4927605071,61.032444,25.414813,2024,Hericium coralloides,"Notebook, general observations",df12ca07-f133-4550-ab3b-fde13f0e76ba,http://creativecommons.org/licenses/by/4.0/legalcode
4927605263,60.240584,24.731424,2024,Fomitopsis betulina,"Notebook, general observations",df12ca07-f133-4550-ab3b-fde13f0e76ba,http://creativecommons.org/licenses/by/4.0/legalcode
4927605529,61.572805,29.332777,2024,Boletus edulis,"Notebook, general observations",df12ca07-f133-4550-ab3b-fde13f0e76ba,http://creativecommons.org/licenses/by/4.0/legalcode
4927605530,61.572805,29.332777,2024,Platismatia glauca,"Notebook, general observations",df12ca07-f133-4550-ab3b-fde13f0e76ba,http://creativecommons.org/licenses/by/4.0/legalcode
4929091303,63.137735,26.296568,2024,Typhula uncialis,Löydös Open Finnish Observation Database,956bc674-6022-4c52-833e-c5fb39dc837a,http://creativecommons.org/licenses/by/4.0/legalcode
4929091305,64.571703,26.483693,2024,Hygrophorus camarophyllus,Löydös Open Finnish Observation Database,956bc674-6022-4c52-833e-c5fb39dc837a,http://creativecommons.org/licenses/by/4.0/legalcode
4929091324,60.219387,24.915447,2024,Gyroporus cyanescens,Löydös Open Finnish Observation Database,956bc674-6022-4c52-833e-c5fb39dc837a,http://creativecommons.org/licenses/by/4.0/legalcode
4929091343,60.337833,22.567091,2024,Phaeolus schweinitzii,Löydös Open Finnish Observation Database,956bc674-6022-4c52-833e-c5fb39dc837a,http://creativecommons.org/licenses/by/4.0/legalcode
4929091366,60.427848,22.169929,2024,Laetiporus sulphureus,Löydös Open Finnish Observation Database,956bc674-6022-4c52-833e-c5fb39dc837a,http://creativecommons.org/licenses/by/4.0/legalcode
4929091458,60.632004,22.063654,2024,Leptoporus mollis,Löydös Open Finnish Observation Database,956bc674-6022-4c52-833e-c5fb39dc837a,http://creativecommons.org/licenses/by/4.0/legalcode
4929091460,62.638454,29.015756,2024,Macrolepiota procera,Löydös Open Finnish Observation Database,956bc674-6022-4c52-833e-c5fb39dc837a,http://creativecommons.org/licenses/by/4.0/legalcode
4929091468,60.032248,24.362374,2024,Gyroporus castaneus,Löydös Open Finnish Observation Database,956bc674-6022-4c52-833e-c5fb39dc837a,http://creativecommons.org/licenses/by/4.0/legalcode
4929091471,60.196743,23.607974,2024,Aureoboletus projectellus,Löydös Open Finnish Observation Database,956bc674-6022-4c52-833e-c5fb39dc837a,http://creativecommons.org/licenses/by/4.0/legalcode
4929091530,63.187495,26.337957,2024,Spinellus fusiger,Löydös Open Finnish Observation Database,956bc674-6022-4c52-833e-c5fb39dc837a,http://creativecommons.org/licenses/by/4.0/legalcode
4929091569,63.509978,23.242632,2024,Phellodon tomentosus,Löydös Open Finnish Observation Database,956bc674-6022-4c52-833e-c5fb39dc837a,http://creativecommons.org/licenses/by/4.0/legalcode
4929449302,62.40653,28.76104,2024,Hygrophoropsis aurantiaca,The Atlas of Finnish Fungi,2bc4c2db-1dfa-419c-93ce-6602c5ae8c99,http://creativecommons.org/licenses/by/4.0/legalcode
4929449303,62.40735,28.75646,2024,Galerina paludosa,The Atlas of Finnish Fungi,2bc4c2db-1dfa-419c-93ce-6602c5ae8c99,http://creativecommons.org/licenses/by/4.0/legalcode
4929449304,62.39425,28.81729,2024,Lactarius torminosus,The Atlas of Finnish Fungi,2bc4c2db-1dfa-419c-93ce-6602c5ae8c99,http://creativecommons.org/licenses/by/4.0/legalcode
4929449305,64.408162,27.82537,2024,Russula atroglauca,The Atlas of Finnish Fungi,2bc4c2db-1dfa-419c-93ce-6602c5ae8c99,http://creativecommons.org/licenses/by/4.0/legalcode
4929449306,64.387899,27.982129,2024,Megacollybia platyphylla,The Atlas of Finnish Fungi,2bc4c2db-1dfa-419c-93ce-6602c5ae8c99,http://creativecommons.org/licenses/by/4.0/legalcode
4929449307,61.231975,25.635619,2024,Inocybe subexilis,The Atlas of Finnish Fungi,2bc4c2db-1dfa-419c-93ce-6602c5ae8c99,http://creativecommons.org/licenses/by/4.0/legalcode
4929449308,61.231975,25.635619,2024,Amanita rubescens,The Atlas of Finnish Fungi,2bc4c2db-1dfa-419c-93ce-6602c5ae8c99,http://creativecommons.org/licenses/by/4.0/legalcode
4929449309,60.18744,24.89266,2024,Scirrhia rimosa,The Atlas of Finnish Fungi,2bc4c2db-1dfa-419c-93ce-6602c5ae8c99,http://creativecommons.org/licenses/by/4.0/legalcode
4929449310,60.23814,24.95416,2024,Titaeosporina tremulae,The Atlas of Finnish Fungi,2bc4c2db-1dfa-419c-93ce-6602c5ae8c99,http://creativecommons.org/licenses/by/4.0/legalcode
4929449312,60.210761,24.68036,2024,Agaricus sylvicola,The Atlas of Finnish Fungi,2bc4c2db-1dfa-419c-93ce-6602c5ae8c99,http://creativecommons.org/licenses/by/4.0/legalcode
4929449315,60.273686,24.504967,2024,Lactarius deliciosus,The Atlas of Finnish Fungi,2bc4c2db-1dfa-419c-93ce-6602c5ae8c99,http://creativecommons.org/licenses/by/4.0/legalcode
4929449316,60.275354,24.506733,2024,Tapinella atrotomentosa,The Atlas of Finnish Fungi,2bc4c2db-1dfa-419c-93ce-6602c5ae8c99,http://creativecommons.org/licenses/by/4.0/legalcode
4929449319,65.153051,25.428552,2024,Lactarius turpis,The Atlas of Finnish Fungi,2bc4c2db-1dfa-419c-93ce-6602c5ae8c99,http://creativecommons.org/licenses/by/4.0/legalcode
4929449320,64.392701,27.98186,2024,Marasmius oreades,The Atlas of Finnish Fungi,2bc4c2db-1dfa-419c-93ce-6602c5ae8c99,http://creativecommons.org/licenses/by/4.0/legalcode
4929449321,65.150685,25.43603,2024,Lactarius helvus,The Atlas of Finnish Fungi,2bc4c2db-1dfa-419c-93ce-6602c5ae8c99,http://creativecommons.org/licenses/by/4.0/legalcode
4929449322,65.150685,25.43603,2024,Suillus bovinus,The Atlas of Finnish Fungi,2bc4c2db-1dfa-419c-93ce-6602c5ae8c99,http://creativecommons.org/licenses/by/4.0/legalcode
4929449324,62.40695,28.77329,2024,Ampulloclitocybe clavipes,The Atlas of Finnish Fungi,2bc4c2db-1dfa-419c-93ce-6602c5ae8c99,http://creativecommons.org/licenses/by/4.0/legalcode
4929449325,62.40741,28.77463,2024,Amanita fulva,The Atlas of Finnish Fungi,2bc4c2db-1dfa-419c-93ce-6602c5ae8c99,http://creativecommons.org/licenses/by/4.0/legalcode
4929449330,62.07235,27.403545,2024,Lepiota subalba,The Atlas of Finnish Fungi,2bc4c2db-1dfa-419c-93ce-6602c5ae8c99,http://creativecommons.org/licenses/by/4.0/legalcode
4929449334,60.275091,24.506642,2024,Suillus bovinus,The Atlas of Finnish Fungi,2bc4c2db-1dfa-419c-93ce-6602c5ae8c99,http://creativecommons.org/licenses/by/4.0/legalcode
4929449337,62.073353,27.410561,2024,Sowerbyella radiculata,The Atlas of Finnish Fungi,2bc4c2db-1dfa-419c-93ce-6602c5ae8c99,http://creativecommons.org/licenses/by/4.0/legalcode
4929449339,62.13402,27.463658,2024,Hygrocybe conica,The Atlas of Finnish Fungi,2bc4c2db-1dfa-419c-93ce-6602c5ae8c99,http://creativecommons.org/licenses/by/4.0/legalcode
4929449353,60.283937,25.091955,2024,Mutinus ravenelii,The Atlas of Finnish Fungi,2bc4c2db-1dfa-419c-93ce-6602c5ae8c99,http://creativecommons.org/licenses/by/4.0/legalcode
4929449375,60.23069,24.98866,2024,Taphrina tosquinetii,The Atlas of Finnish Fungi,2bc4c2db-1dfa-419c-93ce-6602c5ae8c99,http://creativecommons.org/licenses/by/4.0/legalcode
4929449376,60.22987,24.98788,2024,Erysiphe heraclei,The Atlas of Finnish Fungi,2bc4c2db-1dfa-419c-93ce-6602c5ae8c99,http://creativecommons.org/licenses/by/4.0/legalcode
4929449383,60.23506,24.98784,2024,Golovinomyces sonchicola,The Atlas of Finnish Fungi,2bc4c2db-1dfa-419c-93ce-6602c5ae8c99,http://creativecommons.org/licenses/by/4.0/legalcode
4929449384,60.23506,24.98784,2024,Golovinomyces asperifoliorum,The Atlas of Finnish Fungi,2bc4c2db-1dfa-419c-93ce-6602c5ae8c99,http://creativecommons.org/licenses/by/4.0/legalcode
4929449427,66.93995,25.83823,2024,Amanita regalis,The Atlas of Finnish Fungi,2bc4c2db-1dfa-419c-93ce-6602c5ae8c99,http://creativecommons.org/licenses/by/4.0/legalcode
4929449435,66.93981,25.83791,2024,Cerrena unicolor,The Atlas of Finnish Fungi,2bc4c2db-1dfa-419c-93ce-6602c5ae8c99,http://creativecommons.org/licenses/by/4.0/legalcode
4929449472,61.231975,25.635619,2024,Hydnellum aurantiacum,The Atlas of Finnish Fungi,2bc4c2db-1dfa-419c-93ce-6602c5ae8c99,http://creativecommons.org/licenses/by/4.0/legalcode
4929449473,60.21613,24.9065,2024,Erysiphe ulmi,The Atlas of Finnish Fungi,2bc4c2db-1dfa-419c-93ce-6602c5ae8c99,http://creativecommons.org/licenses/by/4.0/legalcode
4929449474,61.468576,23.814964,2024,Tylopilus felleus,The Atlas of Finnish Fungi,2bc4c2db-1dfa-419c-93ce-6602c5ae8c99,http://creativecommons.org/licenses/by/4.0/legalcode
4929449475,61.4685,23.814718,2024,Xerocomus subtomentosus,The Atlas of Finnish Fungi,2bc4c2db-1dfa-419c-93ce-6602c5ae8c99,http://creativecommons.org/licenses/by/4.0/legalcode
4929449476,61.468594,23.814474,2024,Amanita fulva,The Atlas of Finnish Fungi,2bc4c2db-1dfa-419c-93ce-6602c5ae8c99,http://creativecommons.org/licenses/by/4.0/legalcode
4929449477,61.468699,23.814059,2024,Megacollybia platyphylla,The Atlas of Finnish Fungi,2bc4c2db-1dfa-419c-93ce-6602c5ae8c99,http://creativecommons.org/licenses/by/4.0/legalcode
4929449478,61.468799,23.813848,2024,Lactarius vietus,The Atlas of Finnish Fungi,2bc4c2db-1dfa-419c-93ce-6602c5ae8c99,http://creativecommons.org/licenses/by/4.0/legalcode
4929449479,61.468565,23.813738,2024,Cantharellus cibarius,The Atlas of Finnish Fungi,2bc4c2db-1dfa-419c-93ce-6602c5ae8c99,http://creativecommons.org/licenses/by/4.0/legalcode
4929449480,61.468418,23.814484,2024,Lactarius helvus,The Atlas of Finnish Fungi,2bc4c2db-1dfa-419c-93ce-6602c5ae8c99,http://creativecommons.org/licenses/by/4.0/legalcode
4929449481,61.468341,23.815555,2024,Tricholoma arvernense,The Atlas of Finnish Fungi,2bc4c2db-1dfa-419c-93ce-6602c5ae8c99,http://creativecommons.org/licenses/by/4.0/legalcode
4929449482,60.211524,24.679791,2024,Inocutis rheades,The Atlas of Finnish Fungi,2bc4c2db-1dfa-419c-93ce-6602c5ae8c99,http://creativecommons.org/licenses/by/4.0/legalcode
4929449483,60.212139,24.679404,2024,Onnia tomentosa,The Atlas of Finnish Fungi,2bc4c2db-1dfa-419c-93ce-6602c5ae8c99,http://creativecommons.org/licenses/by/4.0/legalcode
4929449484,60.212985,24.678997,2024,,The Atlas of Finnish Fungi,2bc4c2db-1dfa-419c-93ce-6602c5ae8c99,http://creativecommons.org/licenses/by/4.0/legalcode
4929449489,66.491014,25.804311,2024,,The Atlas of Finnish Fungi,2bc4c2db-1dfa-419c-93ce-6602c5ae8c99,http://creativecommons.org/licenses/by/4.0/legalcode
4929449492,62.072215,27.403078,2024,,The Atlas of Finnish Fungi,2bc4c2db-1dfa-419c-93ce-6602c5ae8c99,http://creativecommons.org/licenses/by/4.0/legalcode
4929449493,62.072638,27.403736,2024,Hygrocybe conicoides,The Atlas of Finnish Fungi,2bc4c2db-1dfa-419c-93ce-6602c5ae8c99,http://creativecommons.org/licenses/by/4.0/legalcode
4929449546,60.23094,24.98581,2024,Ascochyta verbascina,The Atlas of Finnish Fungi,2bc4c2db-1dfa-419c-93ce-6602c5ae8c99,http://creativecommons.org/licenses/by/4.0/legalcode
4929449563,60.22966,24.98759,2024,Pucciniastrum guttatum,The Atlas of Finnish Fungi,2bc4c2db-1dfa-419c-93ce-6602c5ae8c99,http://creativecommons.org/licenses/by/4.0/legalcode
4929449566,60.22344,25.00865,2024,Entomophaga domestica,The Atlas of Finnish Fungi,2bc4c2db-1dfa-419c-93ce-6602c5ae8c99,http://creativecommons.org/licenses/by/4.0/legalcode
4929449567,60.22625,25.01043,2024,Ampelomyces quisqualis,The Atlas of Finnish Fungi,2bc4c2db-1dfa-419c-93ce-6602c5ae8c99,http://creativecommons.org/licenses/by/4.0/legalcode
4929449623,61.468323,23.816033,2024,Lactarius glyciosmus,The Atlas of Finnish Fungi,2bc4c2db-1dfa-419c-93ce-6602c5ae8c99,http://creativecommons.org/licenses/by/4.0/legalcode
4929449624,61.467508,23.814246,2024,Cortinarius caperatus,The Atlas of Finnish Fungi,2bc4c2db-1dfa-419c-93ce-6602c5ae8c99,http://creativecommons.org/licenses/by/4.0/legalcode
4929449625,61.466793,23.813554,2024,Hydnum rufescens,The Atlas of Finnish Fungi,2bc4c2db-1dfa-419c-93ce-6602c5ae8c99,http://creativecommons.org/licenses/by/4.0/legalcode
4929449633,61.458339,23.806427,2024,Hyphodontia barba-jovis,The Atlas of Finnish Fungi,2bc4c2db-1dfa-419c-93ce-6602c5ae8c99,http://creativecommons.org/licenses/by/4.0/legalcode
4929449634,61.230733,25.63569,2024,Russula decolorans,The Atlas of Finnish Fungi,2bc4c2db-1dfa-419c-93ce-6602c5ae8c99,http://creativecommons.org/licenses/by/4.0/legalcode
4929449635,60.344269,25.090649,2024,Pleurotus dryinus,The Atlas of Finnish Fungi,2bc4c2db-1dfa-419c-93ce-6602c5ae8c99,http://creativecommons.org/licenses/by/4.0/legalcode
4929449636,60.18672,24.89577,2024,Ramularia coleosporii,The Atlas of Finnish Fungi,2bc4c2db-1dfa-419c-93ce-6602c5ae8c99,http://creativecommons.org/licenses/by/4.0/legalcode
4929449637,61.468576,23.814964,2024,Amanita virosa,The Atlas of Finnish Fungi,2bc4c2db-1dfa-419c-93ce-6602c5ae8c99,http://creativecommons.org/licenses/by/4.0/legalcode
4929449638,66.491266,25.808044,2024,Phellodon niger,The Atlas of Finnish Fungi,2bc4c2db-1dfa-419c-93ce-6602c5ae8c99,http://creativecommons.org/licenses/by/4.0/legalcode
4929449640,66.375423,25.369035,2024,Clitocybe diatreta,The Atlas of Finnish Fungi,2bc4c2db-1dfa-419c-93ce-6602c5ae8c99,http://creativecommons.org/licenses/by/4.0/legalcode
4929449641,66.49114,25.801682,2024,Auriscalpium vulgare,The Atlas of Finnish Fungi,2bc4c2db-1dfa-419c-93ce-6602c5ae8c99,http://creativecommons.org/licenses/by/4.0/legalcode
4929449642,65.165614,25.46113,2024,Lactarius mammosus,The Atlas of Finnish Fungi,2bc4c2db-1dfa-419c-93ce-6602c5ae8c99,http://creativecommons.org/licenses/by/4.0/legalcode
4929449644,65.152381,25.427397,2024,Cortinarius pholideus,The Atlas of Finnish Fungi,2bc4c2db-1dfa-419c-93ce-6602c5ae8c99,http://creativecommons.org/licenses/by/4.0/legalcode
4929449645,62.4074,28.77489,2024,Clitocybe odora,The Atlas of Finnish Fungi,2bc4c2db-1dfa-419c-93ce-6602c5ae8c99,http://creativecommons.org/licenses/by/4.0/legalcode
4929449672,60.261781,24.566016,2024,Tricholoma fulvum,The Atlas of Finnish Fungi,2bc4c2db-1dfa-419c-93ce-6602c5ae8c99,http://creativecommons.org/licenses/by/4.0/legalcode
4929449678,60.20039,24.95429,2024,Ampelomyces quisqualis,The Atlas of Finnish Fungi,2bc4c2db-1dfa-419c-93ce-6602c5ae8c99,http://creativecommons.org/licenses/by/4.0/legalcode
4929449679,60.20039,24.95429,2024,,The Atlas of Finnish Fungi,2bc4c2db-1dfa-419c-93ce-6602c5ae8c99,http://creativecommons.org/licenses/by/4.0/legalcode
4929449684,60.23821,24.9738,2024,Ramularia lamii,The Atlas of Finnish Fungi,2bc4c2db-1dfa-419c-93ce-6602c5ae8c99,http://creativecommons.org/licenses/by/4.0/legalcode
4929449685,60.23023,24.9858,2024,Passalora actaeae,The Atlas of Finnish Fungi,2bc4c2db-1dfa-419c-93ce-6602c5ae8c99,http://creativecommons.org/licenses/by/4.0/legalcode
4929449703,60.22625,25.01043,2024,Phragmidium mucronatum,The Atlas of Finnish Fungi,2bc4c2db-1dfa-419c-93ce-6602c5ae8c99,http://creativecommons.org/licenses/by/4.0/legalcode
4929449708,60.209,24.98292,2024,Erysiphe knautiae,The Atlas of Finnish Fungi,2bc4c2db-1dfa-419c-93ce-6602c5ae8c99,http://creativecommons.org/licenses/by/4.0/legalcode
4929449747,66.9286,25.86113,2024,Cortinarius sanguineus,The Atlas of Finnish Fungi,2bc4c2db-1dfa-419c-93ce-6602c5ae8c99,http://creativecommons.org/licenses/by/4.0/legalcode
4929449748,66.57844,25.65687,2024,Lactarius glyciosmus,The Atlas of Finnish Fungi,2bc4c2db-1dfa-419c-93ce-6602c5ae8c99,http://creativecommons.org/licenses/by/4.0/legalcode
4929449755,66.93966,25.83778,2024,Lactarius repraesentaneus,The Atlas of Finnish Fungi,2bc4c2db-1dfa-419c-93ce-6602c5ae8c99,http://creativecommons.org/licenses/by/4.0/legalcode
4929449778,60.1921,24.88964,2024,Monilinia laxa,The Atlas of Finnish Fungi,2bc4c2db-1dfa-419c-93ce-6602c5ae8c99,http://creativecommons.org/licenses/by/4.0/legalcode
4929449779,61.468527,23.814798,2024,Hydnum repandum,The Atlas of Finnish Fungi,2bc4c2db-1dfa-419c-93ce-6602c5ae8c99,http://creativecommons.org/licenses/by/4.0/legalcode
4929449780,61.468609,23.814093,2024,Cortinarius laniger,The Atlas of Finnish Fungi,2bc4c2db-1dfa-419c-93ce-6602c5ae8c99,http://creativecommons.org/licenses/by/4.0/legalcode
4929449781,61.46856,23.814097,2024,Lactarius rufus,The Atlas of Finnish Fungi,2bc4c2db-1dfa-419c-93ce-6602c5ae8c99,http://creativecommons.org/licenses/by/4.0/legalcode
4929449782,61.468765,23.813912,2024,Lactarius tabidus,The Atlas of Finnish Fungi,2bc4c2db-1dfa-419c-93ce-6602c5ae8c99,http://creativecommons.org/licenses/by/4.0/legalcode
4929449783,61.468799,23.813848,2024,Imleria badia,The Atlas of Finnish Fungi,2bc4c2db-1dfa-419c-93ce-6602c5ae8c99,http://creativecommons.org/licenses/by/4.0/legalcode
4929449784,61.468518,23.813543,2024,Lactarius turpis,The Atlas of Finnish Fungi,2bc4c2db-1dfa-419c-93ce-6602c5ae8c99,http://creativecommons.org/licenses/by/4.0/legalcode
4929449785,61.468141,23.814725,2024,Cystoderma amianthinum,The Atlas of Finnish Fungi,2bc4c2db-1dfa-419c-93ce-6602c5ae8c99,http://creativecommons.org/licenses/by/4.0/legalcode
4929449786,60.211154,24.679867,2024,Russula chloroides,The Atlas of Finnish Fungi,2bc4c2db-1dfa-419c-93ce-6602c5ae8c99,http://creativecommons.org/licenses/by/4.0/legalcode
4929449787,60.211505,24.679621,2024,Tricholoma columbetta,The Atlas of Finnish Fungi,2bc4c2db-1dfa-419c-93ce-6602c5ae8c99,http://creativecommons.org/licenses/by/4.0/legalcode
4929449811,62.134098,27.463349,2024,Clavaria zollingeri,The Atlas of Finnish Fungi,2bc4c2db-1dfa-419c-93ce-6602c5ae8c99,http://creativecommons.org/licenses/by/4.0/legalcode
4929449812,62.134098,27.463349,2024,,The Atlas of Finnish Fungi,2bc4c2db-1dfa-419c-93ce-6602c5ae8c99,http://creativecommons.org/licenses/by/4.0/legalcode
4929449833,60.23088,24.98569,2024,Podosphaera phtheirospermi,The Atlas of Finnish Fungi,2bc4c2db-1dfa-419c-93ce-6602c5ae8c99,http://creativecommons.org/licenses/by/4.0/legalcode
4929449848,60.22975,24.98741,2024,Golovinomyces montagnei,The Atlas of Finnish Fungi,2bc4c2db-1dfa-419c-93ce-6602c5ae8c99,http://creativecommons.org/licenses/by/4.0/legalcode
4929449851,60.21847,25.00665,2024,Melampsora laricis-populina,The Atlas of Finnish Fungi,2bc4c2db-1dfa-419c-93ce-6602c5ae8c99,http://creativecommons.org/licenses/by/4.0/legalcode
4929449852,60.22635,25.0099,2024,Golovinomyces salviae,The Atlas of Finnish Fungi,2bc4c2db-1dfa-419c-93ce-6602c5ae8c99,http://creativecommons.org/licenses/by/4.0/legalcode
4929449899,61.468294,23.815996,2024,Agaricus dulcidulus,The Atlas of Finnish Fungi,2bc4c2db-1dfa-419c-93ce-6602c5ae8c99,http://creativecommons.org/licenses/by/4.0/legalcode
4929449900,61.467927,23.81544,2024,Lactarius deterrimus,The Atlas of Finnish Fungi,2bc4c2db-1dfa-419c-93ce-6602c5ae8c99,http://creativecommons.org/licenses/by/4.0/legalcode
4929449901,61.467892,23.815123,2024,Lactarius mammosus,The Atlas of Finnish Fungi,2bc4c2db-1dfa-419c-93ce-6602c5ae8c99,http://creativecommons.org/licenses/by/4.0/legalcode
4929449902,61.467039,23.813701,2024,Russula adusta,The Atlas of Finnish Fungi,2bc4c2db-1dfa-419c-93ce-6602c5ae8c99,http://creativecommons.org/licenses/by/4.0/legalcode
4929449903,61.466088,23.811104,2024,Russula chloroides,The Atlas of Finnish Fungi,2bc4c2db-1dfa-419c-93ce-6602c5ae8c99,http://creativecommons.org/licenses/by/4.0/legalcode
4929449909,62.40735,28.75646,2024,Cortinarius chrysolitus,The Atlas of Finnish Fungi,2bc4c2db-1dfa-419c-93ce-6602c5ae8c99,http://creativecommons.org/licenses/by/4.0/legalcode
4929449910,62.39327,28.81895,2024,Clitopilus prunulus,The Atlas of Finnish Fungi,2bc4c2db-1dfa-419c-93ce-6602c5ae8c99,http://creativecommons.org/licenses/by/4.0/legalcode
4929449911,64.390993,27.979695,2024,Russula nitida,The Atlas of Finnish Fungi,2bc4c2db-1dfa-419c-93ce-6602c5ae8c99,http://creativecommons.org/licenses/by/4.0/legalcode
4929449912,61.231975,25.635619,2024,Cortinarius armillatus,The Atlas of Finnish Fungi,2bc4c2db-1dfa-419c-93ce-6602c5ae8c99,http://creativecommons.org/licenses/by/4.0/legalcode
4929449913,61.231975,25.635619,2024,Suillus bovinus,The Atlas of Finnish Fungi,2bc4c2db-1dfa-419c-93ce-6602c5ae8c99,http://creativecommons.org/licenses/by/4.0/legalcode
4929449914,61.468576,23.814964,2024,Lactarius tabidus,The Atlas of Finnish Fungi,2bc4c2db-1dfa-419c-93ce-6602c5ae8c99,http://creativecommons.org/licenses/by/4.0/legalcode
4929449915,60.23865,24.95936,2024,Ragnhildiana ferruginea,The Atlas of Finnish Fungi,2bc4c2db-1dfa-419c-93ce-6602c5ae8c99,http://creativecommons.org/licenses/by/4.0/legalcode
4929449918,60.211138,24.680071,2024,Hydnum rufescens,The Atlas of Finnish Fungi,2bc4c2db-1dfa-419c-93ce-6602c5ae8c99,http://creativecommons.org/licenses/by/4.0/legalcode
4929449919,66.49375,25.812541,2024,Tapinella atrotomentosa,The Atlas of Finnish Fungi,2bc4c2db-1dfa-419c-93ce-6602c5ae8c99,http://creativecommons.org/licenses/by/4.0/legalcode
4929449920,60.261473,24.568092,2024,Lactarius utilis,The Atlas of Finnish Fungi,2bc4c2db-1dfa-419c-93ce-6602c5ae8c99,http://creativecommons.org/licenses/by/4.0/legalcode
4929449923,60.275354,24.506733,2024,Russula decolorans,The Atlas of Finnish Fungi,2bc4c2db-1dfa-419c-93ce-6602c5ae8c99,http://creativecommons.org/licenses/by/4.0/legalcode
4929449925,64.392701,27.98186,2024,Inocybe grammata,The Atlas of Finnish Fungi,2bc4c2db-1dfa-419c-93ce-6602c5ae8c99,http://creativecommons.org/licenses/by/4.0/legalcode
4929449926,65.150685,25.43603,2024,Cortinarius croceus,The Atlas of Finnish Fungi,2bc4c2db-1dfa-419c-93ce-6602c5ae8c99,http://creativecommons.org/licenses/by/4.0/legalcode
4929449927,65.150685,25.43603,2024,Leccinum scabrum,The Atlas of Finnish Fungi,2bc4c2db-1dfa-419c-93ce-6602c5ae8c99,http://creativecommons.org/licenses/by/4.0/legalcode
4929449930,62.40649,28.772685,2024,Mycena pura,The Atlas of Finnish Fungi,2bc4c2db-1dfa-419c-93ce-6602c5ae8c99,http://creativecommons.org/licenses/by/4.0/legalcode
4929449942,62.073363,27.410749,2024,Mycena acicula,The Atlas of Finnish Fungi,2bc4c2db-1dfa-419c-93ce-6602c5ae8c99,http://creativecommons.org/licenses/by/4.0/legalcode
4929449943,62.134478,27.463579,2024,Entoloma clandestinum,The Atlas of Finnish Fungi,2bc4c2db-1dfa-419c-93ce-6602c5ae8c99,http://creativecommons.org/licenses/by/4.0/legalcode
4929449958,60.261793,24.565887,2024,Amanita muscaria,The Atlas of Finnish Fungi,2bc4c2db-1dfa-419c-93ce-6602c5ae8c99,http://creativecommons.org/licenses/by/4.0/legalcode
4929449959,60.273833,24.505153,2024,Mycetinis scorodonius,The Atlas of Finnish Fungi,2bc4c2db-1dfa-419c-93ce-6602c5ae8c99,http://creativecommons.org/licenses/by/4.0/legalcode
4929449961,60.261784,24.567049,2024,Cortinarius alboviolaceus,The Atlas of Finnish Fungi,2bc4c2db-1dfa-419c-93ce-6602c5ae8c99,http://creativecommons.org/licenses/by/4.0/legalcode
4929449974,60.23011,24.98591,2024,Humaria hemisphaerica,The Atlas of Finnish Fungi,2bc4c2db-1dfa-419c-93ce-6602c5ae8c99,http://creativecommons.org/licenses/by/4.0/legalcode
4929449977,60.23069,24.98866,2024,Ragnhildiana ferruginea,The Atlas of Finnish Fungi,2bc4c2db-1dfa-419c-93ce-6602c5ae8c99,http://creativecommons.org/licenses/by/4.0/legalcode
4929449990,60.23506,24.98784,2024,Coleosporium tussilaginis,The Atlas of Finnish Fungi,2bc4c2db-1dfa-419c-93ce-6602c5ae8c99,http://creativecommons.org/licenses/by/4.0/legalcode
4929449993,60.22611,25.01033,2024,Diplocarpon rosae,The Atlas of Finnish Fungi,2bc4c2db-1dfa-419c-93ce-6602c5ae8c99,http://creativecommons.org/licenses/by/4.0/legalcode
4929449998,60.2088,24.98315,2024,Puccinia pulverulenta,The Atlas of Finnish Fungi,2bc4c2db-1dfa-419c-93ce-6602c5ae8c99,http://creativecommons.org/licenses/by/4.0/legalcode
4929450083,61.231975,25.635619,2024,Tylopilus felleus,The Atlas of Finnish Fungi,2bc4c2db-1dfa-419c-93ce-6602c5ae8c99,http://creativecommons.org/licenses/by/4.0/legalcode
4929450084,61.231975,25.635619,2024,Lactarius rufus,The Atlas of Finnish Fungi,2bc4c2db-1dfa-419c-93ce-6602c5ae8c99,http://creativecommons.org/licenses/by/4.0/legalcode
4929450085,61.468575,23.814964,2024,Gomphidius glutinosus,The Atlas of Finnish Fungi,2bc4c2db-1dfa-419c-93ce-6602c5ae8c99,http://creativecommons.org/licenses/by/4.0/legalcode
4929450086,61.468549,23.814882,2024,Tapinella atrotomentosa,The Atlas of Finnish Fungi,2bc4c2db-1dfa-419c-93ce-6602c5ae8c99,http://creativecommons.org/licenses/by/4.0/legalcode
4929450087,61.468593,23.814191,2024,Russula decolorans,The Atlas of Finnish Fungi,2bc4c2db-1dfa-419c-93ce-6602c5ae8c99,http://creativecommons.org/licenses/by/4.0/legalcode
4929450088,61.468765,23.813911,2024,Clitocybe odora,The Atlas of Finnish Fungi,2bc4c2db-1dfa-419c-93ce-6602c5ae8c99,http://creativecommons.org/licenses/by/4.0/legalcode
4929450089,61.468794,23.813751,2024,Paxillus involutus,The Atlas of Finnish Fungi,2bc4c2db-1dfa-419c-93ce-6602c5ae8c99,http://creativecommons.org/licenses/by/4.0/legalcode
4929450090,61.468608,23.813547,2024,Russula vesca,The Atlas of Finnish Fungi,2bc4c2db-1dfa-419c-93ce-6602c5ae8c99,http://creativecommons.org/licenses/by/4.0/legalcode
4929450091,61.468363,23.814589,2024,Calocera viscosa,The Atlas of Finnish Fungi,2bc4c2db-1dfa-419c-93ce-6602c5ae8c99,http://creativecommons.org/licenses/by/4.0/legalcode
4929450092,61.468196,23.814578,2024,Lactarius rufus,The Atlas of Finnish Fungi,2bc4c2db-1dfa-419c-93ce-6602c5ae8c99,http://creativecommons.org/licenses/by/4.0/legalcode
4929450093,60.211641,24.680726,2024,Russula pubescens,The Atlas of Finnish Fungi,2bc4c2db-1dfa-419c-93ce-6602c5ae8c99,http://creativecommons.org/licenses/by/4.0/legalcode
4929450100,65.150685,25.43603,2024,Suillus variegatus,The Atlas of Finnish Fungi,2bc4c2db-1dfa-419c-93ce-6602c5ae8c99,http://creativecommons.org/licenses/by/4.0/legalcode
4929450106,62.072284,27.402964,2024,Phaeocollybia arduennensis,The Atlas of Finnish Fungi,2bc4c2db-1dfa-419c-93ce-6602c5ae8c99,http://creativecommons.org/licenses/by/4.0/legalcode
4929450173,60.22623,25.00978,2024,Podosphaera fugax,The Atlas of Finnish Fungi,2bc4c2db-1dfa-419c-93ce-6602c5ae8c99,http://creativecommons.org/licenses/by/4.0/legalcode
4929450174,60.20065,24.97659,2024,Puccinia polygoni-amphibii,The Atlas of Finnish Fungi,2bc4c2db-1dfa-419c-93ce-6602c5ae8c99,http://creativecommons.org/licenses/by/4.0/legalcode
4929450235,61.467913,23.816458,2024,Craterellus tubaeformis,The Atlas of Finnish Fungi,2bc4c2db-1dfa-419c-93ce-6602c5ae8c99,http://creativecommons.org/licenses/by/4.0/legalcode
4929450236,61.467451,23.813975,2024,Amanita porphyria,The Atlas of Finnish Fungi,2bc4c2db-1dfa-419c-93ce-6602c5ae8c99,http://creativecommons.org/licenses/by/4.0/legalcode
4929450237,61.467377,23.813683,2024,Lactarius torminosus,The Atlas of Finnish Fungi,2bc4c2db-1dfa-419c-93ce-6602c5ae8c99,http://creativecommons.org/licenses/by/4.0/legalcode
4929450238,61.466423,23.813132,2024,Armillaria borealis,The Atlas of Finnish Fungi,2bc4c2db-1dfa-419c-93ce-6602c5ae8c99,http://creativecommons.org/licenses/by/4.0/legalcode
4929450239,61.465911,23.812024,2024,Hygrophoropsis aurantiaca,The Atlas of Finnish Fungi,2bc4c2db-1dfa-419c-93ce-6602c5ae8c99,http://creativecommons.org/licenses/by/4.0/legalcode
4929450240,61.468404,23.811004,2024,Russula vinosa,The Atlas of Finnish Fungi,2bc4c2db-1dfa-419c-93ce-6602c5ae8c99,http://creativecommons.org/licenses/by/4.0/legalcode
4929450249,61.458339,23.806427,2024,Henningsomyces candidus,The Atlas of Finnish Fungi,2bc4c2db-1dfa-419c-93ce-6602c5ae8c99,http://creativecommons.org/licenses/by/4.0/legalcode
4929450250,62.40603,28.76179,2024,Tricholomopsis rutilans,The Atlas of Finnish Fungi,2bc4c2db-1dfa-419c-93ce-6602c5ae8c99,http://creativecommons.org/licenses/by/4.0/legalcode
4929450251,62.39407,28.81778,2024,Hypholoma lateritium,The Atlas of Finnish Fungi,2bc4c2db-1dfa-419c-93ce-6602c5ae8c99,http://creativecommons.org/licenses/by/4.0/legalcode
4929450252,60.342753,25.09243,2024,Coprinus comatus,The Atlas of Finnish Fungi,2bc4c2db-1dfa-419c-93ce-6602c5ae8c99,http://creativecommons.org/licenses/by/4.0/legalcode
4929450253,60.343512,25.089131,2024,Ganoderma applanatum,The Atlas of Finnish Fungi,2bc4c2db-1dfa-419c-93ce-6602c5ae8c99,http://creativecommons.org/licenses/by/4.0/legalcode
4929450254,60.1921,24.88964,2024,Erysiphe prunastri,The Atlas of Finnish Fungi,2bc4c2db-1dfa-419c-93ce-6602c5ae8c99,http://creativecommons.org/licenses/by/4.0/legalcode
4929450255,61.468576,23.814964,2024,Amanita regalis,The Atlas of Finnish Fungi,2bc4c2db-1dfa-419c-93ce-6602c5ae8c99,http://creativecommons.org/licenses/by/4.0/legalcode
4929450256,60.23844,24.9542,2024,Golovinomyces asterum,The Atlas of Finnish Fungi,2bc4c2db-1dfa-419c-93ce-6602c5ae8c99,http://creativecommons.org/licenses/by/4.0/legalcode
4929450257,66.369011,24.930758,2024,Otidea bufonia,The Atlas of Finnish Fungi,2bc4c2db-1dfa-419c-93ce-6602c5ae8c99,http://creativecommons.org/licenses/by/4.0/legalcode
4929450258,66.375389,25.369196,2024,,The Atlas of Finnish Fungi,2bc4c2db-1dfa-419c-93ce-6602c5ae8c99,http://creativecommons.org/licenses/by/4.0/legalcode
4929450260,60.211068,24.679914,2024,Russula postiana,The Atlas of Finnish Fungi,2bc4c2db-1dfa-419c-93ce-6602c5ae8c99,http://creativecommons.org/licenses/by/4.0/legalcode
4929450261,66.491168,25.807785,2024,Albatrellus ovinus,The Atlas of Finnish Fungi,2bc4c2db-1dfa-419c-93ce-6602c5ae8c99,http://creativecommons.org/licenses/by/4.0/legalcode
4929450262,66.49114,25.801682,2024,Sarcodon squamosus,The Atlas of Finnish Fungi,2bc4c2db-1dfa-419c-93ce-6602c5ae8c99,http://creativecommons.org/licenses/by/4.0/legalcode
4929450263,65.165614,25.46113,2024,Sarcodon squamosus,The Atlas of Finnish Fungi,2bc4c2db-1dfa-419c-93ce-6602c5ae8c99,http://creativecommons.org/licenses/by/4.0/legalcode
4929450264,60.261758,24.56634,2024,Lactarius rufus,The Atlas of Finnish Fungi,2bc4c2db-1dfa-419c-93ce-6602c5ae8c99,http://creativecommons.org/licenses/by/4.0/legalcode
4929450265,60.261669,24.568153,2024,Russula velenovskyi,The Atlas of Finnish Fungi,2bc4c2db-1dfa-419c-93ce-6602c5ae8c99,http://creativecommons.org/licenses/by/4.0/legalcode
4929450267,60.292872,24.497645,2024,Tubaria confragosa,The Atlas of Finnish Fungi,2bc4c2db-1dfa-419c-93ce-6602c5ae8c99,http://creativecommons.org/licenses/by/4.0/legalcode
4929450272,62.072291,27.403491,2024,Laccaria laccata,The Atlas of Finnish Fungi,2bc4c2db-1dfa-419c-93ce-6602c5ae8c99,http://creativecommons.org/licenses/by/4.0/legalcode
4929450294,60.285367,25.090723,2024,Lactarius helvus,The Atlas of Finnish Fungi,2bc4c2db-1dfa-419c-93ce-6602c5ae8c99,http://creativecommons.org/licenses/by/4.0/legalcode
4929450299,60.20039,24.95429,2024,Ampelomyces quisqualis,The Atlas of Finnish Fungi,2bc4c2db-1dfa-419c-93ce-6602c5ae8c99,http://creativecommons.org/licenses/by/4.0/legalcode
4929450300,60.20039,24.95429,2024,Puccinia malvacearum,The Atlas of Finnish Fungi,2bc4c2db-1dfa-419c-93ce-6602c5ae8c99,http://creativecommons.org/licenses/by/4.0/legalcode
4929450304,60.23789,24.97439,2024,Erysiphe alphitoides,The Atlas of Finnish Fungi,2bc4c2db-1dfa-419c-93ce-6602c5ae8c99,http://creativecommons.org/licenses/by/4.0/legalcode
4929450305,60.2297,24.98627,2024,Fusoidiella depressa,The Atlas of Finnish Fungi,2bc4c2db-1dfa-419c-93ce-6602c5ae8c99,http://creativecommons.org/licenses/by/4.0/legalcode
4929450319,60.402201,25.742959,2024,Amanita rubescens,The Atlas of Finnish Fungi,2bc4c2db-1dfa-419c-93ce-6602c5ae8c99,http://creativecommons.org/licenses/by/4.0/legalcode
4929450322,60.22622,25.01062,2024,Phragmidium mucronatum,The Atlas of Finnish Fungi,2bc4c2db-1dfa-419c-93ce-6602c5ae8c99,http://creativecommons.org/licenses/by/4.0/legalcode
4929450328,60.20884,24.98294,2024,Podosphaera epilobii,The Atlas of Finnish Fungi,2bc4c2db-1dfa-419c-93ce-6602c5ae8c99,http://creativecommons.org/licenses/by/4.0/legalcode
4929450371,66.9283,25.86053,2024,Lactarius vietus,The Atlas of Finnish Fungi,2bc4c2db-1dfa-419c-93ce-6602c5ae8c99,http://creativecommons.org/licenses/by/4.0/legalcode
4929450383,66.57926,25.65643,2024,Paxillus involutus,The Atlas of Finnish Fungi,2bc4c2db-1dfa-419c-93ce-6602c5ae8c99,http://creativecommons.org/licenses/by/4.0/legalcode
4929450384,66.58272,25.66476,2024,Lactarius subcircellatus,The Atlas of Finnish Fungi,2bc4c2db-1dfa-419c-93ce-6602c5ae8c99,http://creativecommons.org/licenses/by/4.0/legalcode
4929450413,61.468575,23.814964,2024,Cortinarius rubellus,The Atlas of Finnish Fungi,2bc4c2db-1dfa-419c-93ce-6602c5ae8c99,http://creativecommons.org/licenses/by/4.0/legalcode
4929450414,61.468594,23.814474,2024,Russula paludosa,The Atlas of Finnish Fungi,2bc4c2db-1dfa-419c-93ce-6602c5ae8c99,http://creativecommons.org/licenses/by/4.0/legalcode
4929450415,61.468699,23.814059,2024,Laccaria laccata,The Atlas of Finnish Fungi,2bc4c2db-1dfa-419c-93ce-6602c5ae8c99,http://creativecommons.org/licenses/by/4.0/legalcode
4929450416,61.46876,23.814005,2024,Leccinum vulpinum,The Atlas of Finnish Fungi,2bc4c2db-1dfa-419c-93ce-6602c5ae8c99,http://creativecommons.org/licenses/by/4.0/legalcode
4929450417,61.468794,23.813809,2024,Armillaria borealis,The Atlas of Finnish Fungi,2bc4c2db-1dfa-419c-93ce-6602c5ae8c99,http://creativecommons.org/licenses/by/4.0/legalcode
4929450418,61.468418,23.814484,2024,Amanita muscaria,The Atlas of Finnish Fungi,2bc4c2db-1dfa-419c-93ce-6602c5ae8c99,http://creativecommons.org/licenses/by/4.0/legalcode
4929450419,61.468306,23.815807,2024,Lepiota clypeolaria,The Atlas of Finnish Fungi,2bc4c2db-1dfa-419c-93ce-6602c5ae8c99,http://creativecommons.org/licenses/by/4.0/legalcode
4929450420,60.211155,24.679768,2024,Russula pelargonia,The Atlas of Finnish Fungi,2bc4c2db-1dfa-419c-93ce-6602c5ae8c99,http://creativecommons.org/licenses/by/4.0/legalcode
4929450421,60.211304,24.679969,2024,,The Atlas of Finnish Fungi,2bc4c2db-1dfa-419c-93ce-6602c5ae8c99,http://creativecommons.org/licenses/by/4.0/legalcode
4929450422,60.211908,24.679714,2024,Russula badia,The Atlas of Finnish Fungi,2bc4c2db-1dfa-419c-93ce-6602c5ae8c99,http://creativecommons.org/licenses/by/4.0/legalcode
4929450428,62.0726,27.403923,2024,Clavaria daulnoyae,The Atlas of Finnish Fungi,2bc4c2db-1dfa-419c-93ce-6602c5ae8c99,http://creativecommons.org/licenses/by/4.0/legalcode
4929450430,62.072136,27.402914,2024,,The Atlas of Finnish Fungi,2bc4c2db-1dfa-419c-93ce-6602c5ae8c99,http://creativecommons.org/licenses/by/4.0/legalcode
4929450447,62.133677,27.463566,2024,Clavaria fumosa,The Atlas of Finnish Fungi,2bc4c2db-1dfa-419c-93ce-6602c5ae8c99,http://creativecommons.org/licenses/by/4.0/legalcode
4929450488,60.23069,24.98866,2024,Uromyces geranii,The Atlas of Finnish Fungi,2bc4c2db-1dfa-419c-93ce-6602c5ae8c99,http://creativecommons.org/licenses/by/4.0/legalcode
4929450539,61.468323,23.816033,2024,Russula aeruginea,The Atlas of Finnish Fungi,2bc4c2db-1dfa-419c-93ce-6602c5ae8c99,http://creativecommons.org/licenses/by/4.0/legalcode
4929450540,61.468042,23.816546,2024,Phaeoclavulina eumorpha,The Atlas of Finnish Fungi,2bc4c2db-1dfa-419c-93ce-6602c5ae8c99,http://creativecommons.org/licenses/by/4.0/legalcode
4929450541,61.467481,23.814355,2024,Amanita virosa,The Atlas of Finnish Fungi,2bc4c2db-1dfa-419c-93ce-6602c5ae8c99,http://creativecommons.org/licenses/by/4.0/legalcode
4929450542,61.466973,23.812782,2024,Leccinum scabrum,The Atlas of Finnish Fungi,2bc4c2db-1dfa-419c-93ce-6602c5ae8c99,http://creativecommons.org/licenses/by/4.0/legalcode
4929450543,61.467597,23.810838,2024,Russula claroflava,The Atlas of Finnish Fungi,2bc4c2db-1dfa-419c-93ce-6602c5ae8c99,http://creativecommons.org/licenses/by/4.0/legalcode
4929450544,61.467597,23.810838,2024,Russula foetens,The Atlas of Finnish Fungi,2bc4c2db-1dfa-419c-93ce-6602c5ae8c99,http://creativecommons.org/licenses/by/4.0/legalcode
4929660312,66.774475,28.782592,2024,Ramboldia elabens,LajiGIS: Species monitoring sites,887bd779-6454-436f-b1f8-86b70488b59f,http://creativecommons.org/licenses/by/4.0/legalcode
4929660313,66.785015,28.9141,2024,Ramalina dilacerata,LajiGIS: Species monitoring sites,887bd779-6454-436f-b1f8-86b70488b59f,http://creativecommons.org/licenses/by/4.0/legalcode
4929660386,66.784292,28.913043,2024,Pseudographis pinicola,LajiGIS: Species monitoring sites,887bd779-6454-436f-b1f8-86b70488b59f,http://creativecommons.org/licenses/by/4.0/legalcode
4929660387,66.772059,28.935914,2024,Bryoria fremontii,LajiGIS: Species monitoring sites,887bd779-6454-436f-b1f8-86b70488b59f,http://creativecommons.org/licenses/by/4.0/legalcode
4929660388,66.785664,28.91456,2024,Nephroma resupinatum,LajiGIS: Species monitoring sites,887bd779-6454-436f-b1f8-86b70488b59f,http://creativecommons.org/licenses/by/4.0/legalcode
4929660389,66.784778,28.913626,2024,Agyrium rufum,LajiGIS: Species monitoring sites,887bd779-6454-436f-b1f8-86b70488b59f,http://creativecommons.org/licenses/by/4.0/legalcode
4929660480,66.77837,28.787353,2024,Hypogymnia bitteri,LajiGIS: Species monitoring sites,887bd779-6454-436f-b1f8-86b70488b59f,http://creativecommons.org/licenses/by/4.0/legalcode
4929660481,66.784996,28.914144,2024,Buellia disciformis,LajiGIS: Species monitoring sites,887bd779-6454-436f-b1f8-86b70488b59f,http://creativecommons.org/licenses/by/4.0/legalcode
4929660526,65.671509,29.870821,2024,Amylocystis lapponica,LajiGIS: Species monitoring sites,887bd779-6454-436f-b1f8-86b70488b59f,http://creativecommons.org/licenses/by/4.0/legalcode
4929660562,66.779937,28.786057,2024,Ramboldia cinnabarina,LajiGIS: Species monitoring sites,887bd779-6454-436f-b1f8-86b70488b59f,http://creativecommons.org/licenses/by/4.0/legalcode
4929660563,66.77511,28.782797,2024,Hertelidea botryosa,LajiGIS: Species monitoring sites,887bd779-6454-436f-b1f8-86b70488b59f,http://creativecommons.org/licenses/by/4.0/legalcode
4929660564,66.789711,28.909415,2024,Leptogium saturninum,LajiGIS: Species monitoring sites,887bd779-6454-436f-b1f8-86b70488b59f,http://creativecommons.org/licenses/by/4.0/legalcode
4929660651,66.776725,28.784414,2024,Parmeliella thriptophylla,LajiGIS: Species monitoring sites,887bd779-6454-436f-b1f8-86b70488b59f,http://creativecommons.org/licenses/by/4.0/legalcode
4929660652,66.785317,28.913555,2024,Chaenotheca stemonea,LajiGIS: Species monitoring sites,887bd779-6454-436f-b1f8-86b70488b59f,http://creativecommons.org/licenses/by/4.0/legalcode
4929660731,61.926891,25.713378,2024,Nephroma bellum,LajiGIS: Species monitoring sites,887bd779-6454-436f-b1f8-86b70488b59f,http://creativecommons.org/licenses/by/4.0/legalcode
4929660737,66.776778,28.788419,2024,Rinodina turfacea,LajiGIS: Species monitoring sites,887bd779-6454-436f-b1f8-86b70488b59f,http://creativecommons.org/licenses/by/4.0/legalcode
4929660738,66.785419,28.914086,2024,Peltigera malacea,LajiGIS: Species monitoring sites,887bd779-6454-436f-b1f8-86b70488b59f,http://creativecommons.org/licenses/by/4.0/legalcode
4929660739,66.784297,28.913316,2024,Chaenotheca subroscida,LajiGIS: Species monitoring sites,887bd779-6454-436f-b1f8-86b70488b59f,http://creativecommons.org/licenses/by/4.0/legalcode
4929660816,62.096691,25.971071,2024,Nephroma resupinatum,LajiGIS: Species monitoring sites,887bd779-6454-436f-b1f8-86b70488b59f,http://creativecommons.org/licenses/by/4.0/legalcode
4929660818,66.785154,28.913678,2024,Nephroma bellum,LajiGIS: Species monitoring sites,887bd779-6454-436f-b1f8-86b70488b59f,http://creativecommons.org/licenses/by/4.0/legalcode
4929660890,66.785927,28.91433,2024,Pertusaria carneopallida,LajiGIS: Species monitoring sites,887bd779-6454-436f-b1f8-86b70488b59f,http://creativecommons.org/licenses/by/4.0/legalcode
4929660891,66.78437,28.913276,2024,Acolium inquinans,LajiGIS: Species monitoring sites,887bd779-6454-436f-b1f8-86b70488b59f,http://creativecommons.org/licenses/by/4.0/legalcode
4929925303,66.42406,24.899824,2024,,"Notebook, general observations",df12ca07-f133-4550-ab3b-fde13f0e76ba,http://creativecommons.org/licenses/by/4.0/legalcode
4929925375,66.411714,24.916103,2024,,"Notebook, general observations",df12ca07-f133-4550-ab3b-fde13f0e76ba,http://creativecommons.org/licenses/by/4.0/legalcode
4929925474,66.492571,25.722932,2024,,"Notebook, general observations",df12ca07-f133-4550-ab3b-fde13f0e76ba,http://creativecommons.org/licenses/by/4.0/legalcode
4929925478,66.421488,24.917404,2024,,"Notebook, general observations",df12ca07-f133-4550-ab3b-fde13f0e76ba,http://creativecommons.org/licenses/by/4.0/legalcode
4930538326,66.735901,24.418565,2024,Exobasidium vaccinii,,8a863029-f435-446a-821e-275f4f641165,http://creativecommons.org/licenses/by-nc/4.0/legalcode
4930809375,67.012711,27.239237,2024,Suillus bovinus,,8a863029-f435-446a-821e-275f4f641165,http://creativecommons.org/licenses/by-nc/4.0/legalcode
4930904463,60.795614,23.501657,2024,Cyathus striatus,,8a863029-f435-446a-821e-275f4f641165,http://creativecommons.org/licenses/by-nc/4.0/legalcode
4931524063,65.476258,29.458197,2024,Hydnum repandum,,8a863029-f435-446a-821e-275f4f641165,http://creativecommons.org/licenses/by-nc/4.0/legalcode
4931721313,67.009536,27.210337,2024,Fomitopsis pinicola,,8a863029-f435-446a-821e-275f4f641165,http://creativecommons.org/licenses/by-nc/4.0/legalcode
4931848048,68.746422,26.218641,2024,Exobasidium vaccinii,,8a863029-f435-446a-821e-275f4f641165,http://creativecommons.org/licenses/by-nc/4.0/legalcode
4931852938,60.268097,23.004189,2024,Amanita fulva,,8a863029-f435-446a-821e-275f4f641165,http://creativecommons.org/licenses/by-nc/4.0/legalcode
4931883034,61.902044,29.659626,2024,Cortinarius bolaris,,8a863029-f435-446a-821e-275f4f641165,http://creativecommons.org/licenses/by-nc/4.0/legalcode
4931970532,60.1531,24.606937,2024,Mutinus ravenelii,,8a863029-f435-446a-821e-275f4f641165,http://creativecommons.org/licenses/by-nc/4.0/legalcode
4932025702,61.56546,29.559076,2024,Artomyces pyxidatus,,8a863029-f435-446a-821e-275f4f641165,http://creativecommons.org/licenses/by-nc/4.0/legalcode
4932031084,66.147769,29.148945,2024,Cortinarius armillatus,,8a863029-f435-446a-821e-275f4f641165,http://creativecommons.org/licenses/by-nc/4.0/legalcode
4932039298,63.304753,30.043542,2024,Candolleomyces candolleanus,,8a863029-f435-446a-821e-275f4f641165,http://creativecommons.org/licenses/by-nc/4.0/legalcode
4932047018,63.34603,30.474442,2024,Cantharellus cibarius,,8a863029-f435-446a-821e-275f4f641165,http://creativecommons.org/licenses/by-nc/4.0/legalcode
4932125568,62.800446,27.632989,2024,Fomitopsis pinicola,,8a863029-f435-446a-821e-275f4f641165,http://creativecommons.org/licenses/by-nc/4.0/legalcode
4932149424,60.262634,24.380159,2024,Ganoderma lucidum,,8a863029-f435-446a-821e-275f4f641165,http://creativecommons.org/licenses/by-nc/4.0/legalcode
4932193993,66.254313,29.434002,2024,Fomes fomentarius,,8a863029-f435-446a-821e-275f4f641165,http://creativecommons.org/licenses/by-nc/4.0/legalcode
4932222659,67.156503,26.912313,2024,Russula decolorans,,8a863029-f435-446a-821e-275f4f641165,http://creativecommons.org/licenses/by-nc/4.0/legalcode
4932227755,61.24638,24.030818,2024,Amanita fulva,,8a863029-f435-446a-821e-275f4f641165,http://creativecommons.org/licenses/by-nc/4.0/legalcode
4932295332,63.084481,29.802968,2024,Amanita muscaria,,8a863029-f435-446a-821e-275f4f641165,http://creativecommons.org/licenses/by-nc/4.0/legalcode
4932360044,67.153284,26.919563,2024,Fomes fomentarius,,8a863029-f435-446a-821e-275f4f641165,http://creativecommons.org/licenses/by-nc/4.0/legalcode
4932413210,62.805756,27.62746,2024,Fomitopsis pinicola,,8a863029-f435-446a-821e-275f4f641165,http://creativecommons.org/licenses/by-nc/4.0/legalcode
4932464139,60.264343,24.380734,2024,,,8a863029-f435-446a-821e-275f4f641165,http://creativecommons.org/licenses/by-nc/4.0/legalcode
4932499308,62.805786,27.629248,2024,Fomitopsis pinicola,,8a863029-f435-446a-821e-275f4f641165,http://creativecommons.org/licenses/by-nc/4.0/legalcode
4932512878,61.901726,29.668158,2024,Russula decolorans,,8a863029-f435-446a-821e-275f4f641165,http://creativecommons.org/licenses/by-nc/4.0/legalcode
4932565565,63.304445,30.046208,2024,Lactarius helvus,,8a863029-f435-446a-821e-275f4f641165,http://creativecommons.org/licenses/by-nc/4.0/legalcode
4932668475,60.396133,25.142692,2024,Cantharellus cibarius,,8a863029-f435-446a-821e-275f4f641165,http://creativecommons.org/licenses/by-nc/4.0/legalcode
4932754020,60.26532,24.381051,2024,Russula decolorans,,8a863029-f435-446a-821e-275f4f641165,http://creativecommons.org/licenses/by-nc/4.0/legalcode
4932800550,61.218004,24.470778,2024,Calocera viscosa,,8a863029-f435-446a-821e-275f4f641165,http://creativecommons.org/licenses/by-nc/4.0/legalcode
4933087790,60.265442,24.381505,2024,Amanita fulva,,8a863029-f435-446a-821e-275f4f641165,http://creativecommons.org/licenses/by-nc/4.0/legalcode
4933096358,60.266327,23.01012,2024,Cortinarius armillatus,,8a863029-f435-446a-821e-275f4f641165,http://creativecommons.org/licenses/by-nc/4.0/legalcode
4933155936,66.2546,29.438817,2024,Pluteus cervinus,,8a863029-f435-446a-821e-275f4f641165,http://creativecommons.org/licenses/by-nc/4.0/legalcode
4933156331,60.182318,24.646749,2024,Russula claroflava,,8a863029-f435-446a-821e-275f4f641165,http://creativecommons.org/licenses/by-nc/4.0/legalcode
4933235196,60.319202,24.66026,2024,Tapinella atrotomentosa,,8a863029-f435-446a-821e-275f4f641165,http://creativecommons.org/licenses/by-nc/4.0/legalcode
4933326042,68.313065,28.071049,2024,Mitrula paludosa,,8a863029-f435-446a-821e-275f4f641165,http://creativecommons.org/licenses/by-nc/4.0/legalcode
4933377112,61.901849,29.661486,2024,Suillus luteus,,8a863029-f435-446a-821e-275f4f641165,http://creativecommons.org/licenses/by-nc/4.0/legalcode
4933380429,65.44998,29.564908,2024,Coltricia perennis,,8a863029-f435-446a-821e-275f4f641165,http://creativecommons.org/licenses/by-nc/4.0/legalcode
4933535961,60.334137,24.481714,2024,Tapinella atrotomentosa,,8a863029-f435-446a-821e-275f4f641165,http://creativecommons.org/licenses/by-nc/4.0/legalcode
4933539747,61.890331,29.671114,2024,Lactarius necator,,8a863029-f435-446a-821e-275f4f641165,http://creativecommons.org/licenses/by-nc/4.0/legalcode
4933593945,63.302567,30.049289,2024,Cortinarius armillatus,,8a863029-f435-446a-821e-275f4f641165,http://creativecommons.org/licenses/by-nc/4.0/legalcode
4933674554,60.177805,24.931532,2024,Laetiporus sulphureus,,8a863029-f435-446a-821e-275f4f641165,http://creativecommons.org/licenses/by-nc/4.0/legalcode
4934020175,67.643311,24.257109,2024,Amanita fulva,,8a863029-f435-446a-821e-275f4f641165,http://creativecommons.org/licenses/by-nc/4.0/legalcode
4934061892,66.259429,29.477242,2024,,,8a863029-f435-446a-821e-275f4f641165,http://creativecommons.org/licenses/by-nc/4.0/legalcode
4934118842,68.94677,27.128216,2024,,,8a863029-f435-446a-821e-275f4f641165,http://creativecommons.org/licenses/by-nc/4.0/legalcode
4934122453,61.77652,29.33592,2024,Coltricia perennis,,8a863029-f435-446a-821e-275f4f641165,http://creativecommons.org/licenses/by-nc/4.0/legalcode
4934124954,67.016856,27.242859,2024,Fomes fomentarius,,8a863029-f435-446a-821e-275f4f641165,http://creativecommons.org/licenses/by-nc/4.0/legalcode
4934254927,63.345947,30.474523,2024,Cantharellus cibarius,,8a863029-f435-446a-821e-275f4f641165,http://creativecommons.org/licenses/by-nc/4.0/legalcode
4935413795,63.307145,30.002056,2024,Fomitopsis pinicola,,8a863029-f435-446a-821e-275f4f641165,http://creativecommons.org/licenses/by-nc/4.0/legalcode
4935442107,68.730972,26.204411,2024,Exobasidium vaccinii,,8a863029-f435-446a-821e-275f4f641165,http://creativecommons.org/licenses/by-nc/4.0/legalcode
4935477513,60.264099,24.380692,2024,Russula claroflava,,8a863029-f435-446a-821e-275f4f641165,http://creativecommons.org/licenses/by-nc/4.0/legalcode
4935486113,68.221138,28.045626,2024,Fomes fomentarius,,8a863029-f435-446a-821e-275f4f641165,http://creativecommons.org/licenses/by-nc/4.0/legalcode
4935494587,61.575528,26.719706,2024,Cantharellus cibarius,,8a863029-f435-446a-821e-275f4f641165,http://creativecommons.org/licenses/by-nc/4.0/legalcode
4935518395,60.396095,25.134803,2024,Hydnum repandum,,8a863029-f435-446a-821e-275f4f641165,http://creativecommons.org/licenses/by-nc/4.0/legalcode
4879696230,68.215934,23.445207,2022,Postia sericeomollis,LajiGIS: Miscellaneous occurrences,128e38cb-9d38-4ecf-989a-1d66175c20e6,http://creativecommons.org/licenses/by/4.0/legalcode
4879696249,68.27092,23.649801,2022,Postia sericeomollis,LajiGIS: Miscellaneous occurrences,128e38cb-9d38-4ecf-989a-1d66175c20e6,http://creativecommons.org/licenses/by/4.0/legalcode
4879696285,68.696882,27.308281,2022,Chaetodermella luna,LajiGIS: Miscellaneous occurrences,128e38cb-9d38-4ecf-989a-1d66175c20e6,http://creativecommons.org/licenses/by/4.0/legalcode
4879696366,62.896191,27.592956,2022,Clitocybe catinus,LajiGIS: Miscellaneous occurrences,128e38cb-9d38-4ecf-989a-1d66175c20e6,http://creativecommons.org/licenses/by/4.0/legalcode
4879696476,64.432476,28.435757,2022,Calicium glaucellum,LajiGIS: Miscellaneous occurrences,128e38cb-9d38-4ecf-989a-1d66175c20e6,http://creativecommons.org/licenses/by/4.0/legalcode
4879696492,65.158536,28.876148,2022,Micarea misella,LajiGIS: Miscellaneous occurrences,128e38cb-9d38-4ecf-989a-1d66175c20e6,http://creativecommons.org/licenses/by/4.0/legalcode
4879696528,68.706432,27.283046,2022,Chaetodermella luna,LajiGIS: Miscellaneous occurrences,128e38cb-9d38-4ecf-989a-1d66175c20e6,http://creativecommons.org/licenses/by/4.0/legalcode
4879696579,68.270141,23.654786,2022,Anomoporia kamtschatica,LajiGIS: Miscellaneous occurrences,128e38cb-9d38-4ecf-989a-1d66175c20e6,http://creativecommons.org/licenses/by/4.0/legalcode
4879696581,68.69741,27.288235,2022,Phellodon niger,LajiGIS: Miscellaneous occurrences,128e38cb-9d38-4ecf-989a-1d66175c20e6,http://creativecommons.org/licenses/by/4.0/legalcode
4879696586,69.205002,27.494054,2022,Hydnellum caeruleum,LajiGIS: Miscellaneous occurrences,128e38cb-9d38-4ecf-989a-1d66175c20e6,http://creativecommons.org/licenses/by/4.0/legalcode
4879696598,62.895465,27.594712,2022,Lactarius turpis,LajiGIS: Miscellaneous occurrences,128e38cb-9d38-4ecf-989a-1d66175c20e6,http://creativecommons.org/licenses/by/4.0/legalcode
4879696630,68.270353,23.646128,2022,Postia sericeomollis,LajiGIS: Miscellaneous occurrences,128e38cb-9d38-4ecf-989a-1d66175c20e6,http://creativecommons.org/licenses/by/4.0/legalcode
4879696681,69.2075,27.446504,2022,Phellodon fuligineoalbus,LajiGIS: Miscellaneous occurrences,128e38cb-9d38-4ecf-989a-1d66175c20e6,http://creativecommons.org/licenses/by/4.0/legalcode
4879696972,68.259089,24.083944,2022,Hermanssonia centrifuga,LajiGIS: Miscellaneous occurrences,128e38cb-9d38-4ecf-989a-1d66175c20e6,http://creativecommons.org/licenses/by/4.0/legalcode
4879697009,68.708532,27.271746,2022,Chaetodermella luna,LajiGIS: Miscellaneous occurrences,128e38cb-9d38-4ecf-989a-1d66175c20e6,http://creativecommons.org/licenses/by/4.0/legalcode
4879697040,62.908472,27.585843,2022,Russula atrorubens,LajiGIS: Miscellaneous occurrences,128e38cb-9d38-4ecf-989a-1d66175c20e6,http://creativecommons.org/licenses/by/4.0/legalcode
4879697049,62.896097,27.593741,2022,Russula rhodopus,LajiGIS: Miscellaneous occurrences,128e38cb-9d38-4ecf-989a-1d66175c20e6,http://creativecommons.org/licenses/by/4.0/legalcode
4879697051,60.534338,26.072849,2022,Pycnoporellus fulgens,LajiGIS: Miscellaneous occurrences,128e38cb-9d38-4ecf-989a-1d66175c20e6,http://creativecommons.org/licenses/by/4.0/legalcode
4879697072,68.258663,24.080657,2022,Porodaedalea abietis,LajiGIS: Miscellaneous occurrences,128e38cb-9d38-4ecf-989a-1d66175c20e6,http://creativecommons.org/licenses/by/4.0/legalcode
4879697181,68.698656,27.288744,2022,Hydnellum caeruleum,LajiGIS: Miscellaneous occurrences,128e38cb-9d38-4ecf-989a-1d66175c20e6,http://creativecommons.org/licenses/by/4.0/legalcode
4879697257,65.12326,28.925765,2022,Phellinopsis conchata,LajiGIS: Miscellaneous occurrences,128e38cb-9d38-4ecf-989a-1d66175c20e6,http://creativecommons.org/licenses/by/4.0/legalcode
4879697261,68.70425,27.284696,2022,Chaetodermella luna,LajiGIS: Miscellaneous occurrences,128e38cb-9d38-4ecf-989a-1d66175c20e6,http://creativecommons.org/licenses/by/4.0/legalcode
4879697291,69.203195,27.489395,2022,Chaetodermella luna,LajiGIS: Miscellaneous occurrences,128e38cb-9d38-4ecf-989a-1d66175c20e6,http://creativecommons.org/licenses/by/4.0/legalcode
4879697411,64.432162,28.436675,2022,Phellinus viticola,LajiGIS: Miscellaneous occurrences,128e38cb-9d38-4ecf-989a-1d66175c20e6,http://creativecommons.org/licenses/by/4.0/legalcode
4879697482,62.56728,28.586998,2022,Asterodon ferruginosus,LajiGIS: Miscellaneous occurrences,128e38cb-9d38-4ecf-989a-1d66175c20e6,http://creativecommons.org/licenses/by/4.0/legalcode
4879697483,68.271003,23.646784,2022,Postia sericeomollis,LajiGIS: Miscellaneous occurrences,128e38cb-9d38-4ecf-989a-1d66175c20e6,http://creativecommons.org/licenses/by/4.0/legalcode
4879697484,60.534492,26.070475,2022,Phellinidium ferrugineofuscum,LajiGIS: Miscellaneous occurrences,128e38cb-9d38-4ecf-989a-1d66175c20e6,http://creativecommons.org/licenses/by/4.0/legalcode
4879697518,61.688404,25.323765,2022,Pycnoporellus fulgens,LajiGIS: Miscellaneous occurrences,128e38cb-9d38-4ecf-989a-1d66175c20e6,http://creativecommons.org/licenses/by/4.0/legalcode
4879697529,68.271078,23.651377,2022,Phellopilus nigrolimitatus,LajiGIS: Miscellaneous occurrences,128e38cb-9d38-4ecf-989a-1d66175c20e6,http://creativecommons.org/licenses/by/4.0/legalcode
4879697534,68.697982,27.289377,2022,Chaetodermella luna,LajiGIS: Miscellaneous occurrences,128e38cb-9d38-4ecf-989a-1d66175c20e6,http://creativecommons.org/licenses/by/4.0/legalcode
4879697538,68.279858,23.650816,2022,Hydnellum caeruleum,LajiGIS: Miscellaneous occurrences,128e38cb-9d38-4ecf-989a-1d66175c20e6,http://creativecommons.org/licenses/by/4.0/legalcode
4879697568,68.353431,23.98288,2022,Postia sericeomollis,LajiGIS: Miscellaneous occurrences,128e38cb-9d38-4ecf-989a-1d66175c20e6,http://creativecommons.org/licenses/by/4.0/legalcode
4879697587,68.698682,27.289164,2022,Hydnellum caeruleum,LajiGIS: Miscellaneous occurrences,128e38cb-9d38-4ecf-989a-1d66175c20e6,http://creativecommons.org/licenses/by/4.0/legalcode
4879697645,68.705759,27.283729,2022,Phellopilus nigrolimitatus,LajiGIS: Miscellaneous occurrences,128e38cb-9d38-4ecf-989a-1d66175c20e6,http://creativecommons.org/licenses/by/4.0/legalcode
4879697706,68.250098,24.092909,2022,Meruliopsis taxicola,LajiGIS: Miscellaneous occurrences,128e38cb-9d38-4ecf-989a-1d66175c20e6,http://creativecommons.org/licenses/by/4.0/legalcode
4879697709,68.703512,27.270303,2022,Chaetodermella luna,LajiGIS: Miscellaneous occurrences,128e38cb-9d38-4ecf-989a-1d66175c20e6,http://creativecommons.org/licenses/by/4.0/legalcode
4879697771,68.202808,24.201684,2022,Chaetodermella luna,LajiGIS: Miscellaneous occurrences,128e38cb-9d38-4ecf-989a-1d66175c20e6,http://creativecommons.org/licenses/by/4.0/legalcode
4879697858,68.249666,24.085146,2022,Porodaedalea abietis,LajiGIS: Miscellaneous occurrences,128e38cb-9d38-4ecf-989a-1d66175c20e6,http://creativecommons.org/licenses/by/4.0/legalcode
4879697923,68.705777,27.283704,2022,Postia sericeomollis,LajiGIS: Miscellaneous occurrences,128e38cb-9d38-4ecf-989a-1d66175c20e6,http://creativecommons.org/licenses/by/4.0/legalcode
4879698017,68.215102,24.206755,2022,Asterodon ferruginosus,LajiGIS: Miscellaneous occurrences,128e38cb-9d38-4ecf-989a-1d66175c20e6,http://creativecommons.org/licenses/by/4.0/legalcode
4879698028,68.705605,27.28422,2022,Chaetodermella luna,LajiGIS: Miscellaneous occurrences,128e38cb-9d38-4ecf-989a-1d66175c20e6,http://creativecommons.org/licenses/by/4.0/legalcode
4879698054,68.253855,24.017165,2022,Postia sericeomollis,LajiGIS: Miscellaneous occurrences,128e38cb-9d38-4ecf-989a-1d66175c20e6,http://creativecommons.org/licenses/by/4.0/legalcode
4879698069,68.201182,24.211736,2022,Phellinidium ferrugineofuscum,LajiGIS: Miscellaneous occurrences,128e38cb-9d38-4ecf-989a-1d66175c20e6,http://creativecommons.org/licenses/by/4.0/legalcode
4879698116,68.705401,27.283058,2022,,LajiGIS: Miscellaneous occurrences,128e38cb-9d38-4ecf-989a-1d66175c20e6,http://creativecommons.org/licenses/by/4.0/legalcode
4879698150,68.269434,23.642022,2022,Hydnellum caeruleum,LajiGIS: Miscellaneous occurrences,128e38cb-9d38-4ecf-989a-1d66175c20e6,http://creativecommons.org/licenses/by/4.0/legalcode
4879698181,69.212166,27.481972,2022,Hydnellum caeruleum,LajiGIS: Miscellaneous occurrences,128e38cb-9d38-4ecf-989a-1d66175c20e6,http://creativecommons.org/licenses/by/4.0/legalcode
4879698202,69.179844,27.405753,2022,Postia sericeomollis,LajiGIS: Miscellaneous occurrences,128e38cb-9d38-4ecf-989a-1d66175c20e6,http://creativecommons.org/licenses/by/4.0/legalcode
4879698207,68.709121,27.279107,2022,Hydnellum caeruleum,LajiGIS: Miscellaneous occurrences,128e38cb-9d38-4ecf-989a-1d66175c20e6,http://creativecommons.org/licenses/by/4.0/legalcode
4879698218,68.707387,27.280788,2022,Postia sericeomollis,LajiGIS: Miscellaneous occurrences,128e38cb-9d38-4ecf-989a-1d66175c20e6,http://creativecommons.org/licenses/by/4.0/legalcode
4879698269,68.271302,23.646885,2022,Postia sericeomollis,LajiGIS: Miscellaneous occurrences,128e38cb-9d38-4ecf-989a-1d66175c20e6,http://creativecommons.org/licenses/by/4.0/legalcode
4879698284,68.219043,24.20625,2022,Veluticeps abietina,LajiGIS: Miscellaneous occurrences,128e38cb-9d38-4ecf-989a-1d66175c20e6,http://creativecommons.org/licenses/by/4.0/legalcode
4879698328,62.896191,27.592956,2022,Russula decolorans,LajiGIS: Miscellaneous occurrences,128e38cb-9d38-4ecf-989a-1d66175c20e6,http://creativecommons.org/licenses/by/4.0/legalcode
4879698465,68.705779,27.28247,2022,Postia sericeomollis,LajiGIS: Miscellaneous occurrences,128e38cb-9d38-4ecf-989a-1d66175c20e6,http://creativecommons.org/licenses/by/4.0/legalcode
4879698525,68.69752,27.297067,2022,Chaetodermella luna,LajiGIS: Miscellaneous occurrences,128e38cb-9d38-4ecf-989a-1d66175c20e6,http://creativecommons.org/licenses/by/4.0/legalcode
4879698548,68.705309,27.284167,2022,Postia sericeomollis,LajiGIS: Miscellaneous occurrences,128e38cb-9d38-4ecf-989a-1d66175c20e6,http://creativecommons.org/licenses/by/4.0/legalcode
4879698550,68.701437,27.277827,2022,Postia sericeomollis,LajiGIS: Miscellaneous occurrences,128e38cb-9d38-4ecf-989a-1d66175c20e6,http://creativecommons.org/licenses/by/4.0/legalcode
4879698586,68.203229,24.200594,2022,Chaenotheca furfuracea,LajiGIS: Miscellaneous occurrences,128e38cb-9d38-4ecf-989a-1d66175c20e6,http://creativecommons.org/licenses/by/4.0/legalcode
4879698597,64.433162,28.437163,2022,Porodaedalea abietis,LajiGIS: Miscellaneous occurrences,128e38cb-9d38-4ecf-989a-1d66175c20e6,http://creativecommons.org/licenses/by/4.0/legalcode
4879698624,68.234068,23.418044,2022,Porodaedalea pini,LajiGIS: Miscellaneous occurrences,128e38cb-9d38-4ecf-989a-1d66175c20e6,http://creativecommons.org/licenses/by/4.0/legalcode
4879698629,69.216256,27.48181,2022,Hydnellum caeruleum,LajiGIS: Miscellaneous occurrences,128e38cb-9d38-4ecf-989a-1d66175c20e6,http://creativecommons.org/licenses/by/4.0/legalcode
4879698638,68.231169,24.173791,2022,Veluticeps abietina,LajiGIS: Miscellaneous occurrences,128e38cb-9d38-4ecf-989a-1d66175c20e6,http://creativecommons.org/licenses/by/4.0/legalcode
4879698657,68.699291,27.289937,2022,Postia sericeomollis,LajiGIS: Miscellaneous occurrences,128e38cb-9d38-4ecf-989a-1d66175c20e6,http://creativecommons.org/licenses/by/4.0/legalcode
4879698663,68.709032,27.278242,2022,Hydnellum caeruleum,LajiGIS: Miscellaneous occurrences,128e38cb-9d38-4ecf-989a-1d66175c20e6,http://creativecommons.org/licenses/by/4.0/legalcode
4879698665,64.43306,28.437532,2022,Pseudographis pinicola,LajiGIS: Miscellaneous occurrences,128e38cb-9d38-4ecf-989a-1d66175c20e6,http://creativecommons.org/licenses/by/4.0/legalcode
4879698680,68.703013,27.268126,2022,Antrodiella pallasii,LajiGIS: Miscellaneous occurrences,128e38cb-9d38-4ecf-989a-1d66175c20e6,http://creativecommons.org/licenses/by/4.0/legalcode
4879698722,68.705699,27.28205,2022,Postia sericeomollis,LajiGIS: Miscellaneous occurrences,128e38cb-9d38-4ecf-989a-1d66175c20e6,http://creativecommons.org/licenses/by/4.0/legalcode
4879698862,68.259089,24.083944,2022,Phellopilus nigrolimitatus,LajiGIS: Miscellaneous occurrences,128e38cb-9d38-4ecf-989a-1d66175c20e6,http://creativecommons.org/licenses/by/4.0/legalcode
4879698943,68.704386,27.28381,2022,Butyrea luteoalba,LajiGIS: Miscellaneous occurrences,128e38cb-9d38-4ecf-989a-1d66175c20e6,http://creativecommons.org/licenses/by/4.0/legalcode
4879699017,68.707115,27.282389,2022,Postia sericeomollis,LajiGIS: Miscellaneous occurrences,128e38cb-9d38-4ecf-989a-1d66175c20e6,http://creativecommons.org/licenses/by/4.0/legalcode
4879699026,64.433035,28.437281,2022,Microcalicium disseminatum,LajiGIS: Miscellaneous occurrences,128e38cb-9d38-4ecf-989a-1d66175c20e6,http://creativecommons.org/licenses/by/4.0/legalcode
4879699036,68.272481,23.658612,2022,Chaenotheca furfuracea,LajiGIS: Miscellaneous occurrences,128e38cb-9d38-4ecf-989a-1d66175c20e6,http://creativecommons.org/licenses/by/4.0/legalcode
4879699060,61.85006,24.244526,2022,Leptoporus mollis,LajiGIS: Miscellaneous occurrences,128e38cb-9d38-4ecf-989a-1d66175c20e6,http://creativecommons.org/licenses/by/4.0/legalcode
4879699108,65.158884,28.876279,2022,Fuscopostia fragilis,LajiGIS: Miscellaneous occurrences,128e38cb-9d38-4ecf-989a-1d66175c20e6,http://creativecommons.org/licenses/by/4.0/legalcode
4879699115,68.700101,27.277366,2022,Hydnellum caeruleum,LajiGIS: Miscellaneous occurrences,128e38cb-9d38-4ecf-989a-1d66175c20e6,http://creativecommons.org/licenses/by/4.0/legalcode
4879699196,63.435121,28.114093,2022,Usnea dasopoga,LajiGIS: Miscellaneous occurrences,128e38cb-9d38-4ecf-989a-1d66175c20e6,http://creativecommons.org/licenses/by/4.0/legalcode
4879699258,65.127952,28.858408,2022,Phellinopsis conchata,LajiGIS: Miscellaneous occurrences,128e38cb-9d38-4ecf-989a-1d66175c20e6,http://creativecommons.org/licenses/by/4.0/legalcode
4879699286,68.706711,27.282828,2022,Postia sericeomollis,LajiGIS: Miscellaneous occurrences,128e38cb-9d38-4ecf-989a-1d66175c20e6,http://creativecommons.org/licenses/by/4.0/legalcode
4879699309,60.534359,26.074579,2022,Phellopilus nigrolimitatus,LajiGIS: Miscellaneous occurrences,128e38cb-9d38-4ecf-989a-1d66175c20e6,http://creativecommons.org/licenses/by/4.0/legalcode
4879699336,68.250098,24.092909,2022,Porodaedalea abietis,LajiGIS: Miscellaneous occurrences,128e38cb-9d38-4ecf-989a-1d66175c20e6,http://creativecommons.org/licenses/by/4.0/legalcode
4879699355,69.207285,27.473155,2022,Chaenotheca furfuracea,LajiGIS: Miscellaneous occurrences,128e38cb-9d38-4ecf-989a-1d66175c20e6,http://creativecommons.org/licenses/by/4.0/legalcode
4879699450,68.233539,24.168492,2022,Hermanssonia centrifuga,LajiGIS: Miscellaneous occurrences,128e38cb-9d38-4ecf-989a-1d66175c20e6,http://creativecommons.org/licenses/by/4.0/legalcode
4879699452,69.189903,27.446724,2022,Postia sericeomollis,LajiGIS: Miscellaneous occurrences,128e38cb-9d38-4ecf-989a-1d66175c20e6,http://creativecommons.org/licenses/by/4.0/legalcode
4879699510,68.704844,27.283742,2022,Postia sericeomollis,LajiGIS: Miscellaneous occurrences,128e38cb-9d38-4ecf-989a-1d66175c20e6,http://creativecommons.org/licenses/by/4.0/legalcode
4879699519,60.534519,26.071787,2022,Phellinidium ferrugineofuscum,LajiGIS: Miscellaneous occurrences,128e38cb-9d38-4ecf-989a-1d66175c20e6,http://creativecommons.org/licenses/by/4.0/legalcode
4879699523,65.12824,28.858342,2022,Calicium trabinellum,LajiGIS: Miscellaneous occurrences,128e38cb-9d38-4ecf-989a-1d66175c20e6,http://creativecommons.org/licenses/by/4.0/legalcode
4879699568,68.702997,27.272073,2022,Hydnellum caeruleum,LajiGIS: Miscellaneous occurrences,128e38cb-9d38-4ecf-989a-1d66175c20e6,http://creativecommons.org/licenses/by/4.0/legalcode
4879699598,68.698111,27.287726,2022,Phellodon fuligineoalbus,LajiGIS: Miscellaneous occurrences,128e38cb-9d38-4ecf-989a-1d66175c20e6,http://creativecommons.org/licenses/by/4.0/legalcode
4879699623,68.69923,27.294006,2022,Phellodon niger,LajiGIS: Miscellaneous occurrences,128e38cb-9d38-4ecf-989a-1d66175c20e6,http://creativecommons.org/licenses/by/4.0/legalcode
4879699629,68.699531,27.290927,2022,Postia sericeomollis,LajiGIS: Miscellaneous occurrences,128e38cb-9d38-4ecf-989a-1d66175c20e6,http://creativecommons.org/licenses/by/4.0/legalcode
4879699660,62.895924,27.592163,2022,Russula betularum,LajiGIS: Miscellaneous occurrences,128e38cb-9d38-4ecf-989a-1d66175c20e6,http://creativecommons.org/licenses/by/4.0/legalcode
4879699671,68.21419,24.201646,2022,Phellopilus nigrolimitatus,LajiGIS: Miscellaneous occurrences,128e38cb-9d38-4ecf-989a-1d66175c20e6,http://creativecommons.org/licenses/by/4.0/legalcode
4879699680,68.706219,27.281983,2022,Postia sericeomollis,LajiGIS: Miscellaneous occurrences,128e38cb-9d38-4ecf-989a-1d66175c20e6,http://creativecommons.org/licenses/by/4.0/legalcode
4879699750,68.705033,27.283399,2022,Postia sericeomollis,LajiGIS: Miscellaneous occurrences,128e38cb-9d38-4ecf-989a-1d66175c20e6,http://creativecommons.org/licenses/by/4.0/legalcode
4879699794,68.353283,23.983167,2022,Postia sericeomollis,LajiGIS: Miscellaneous occurrences,128e38cb-9d38-4ecf-989a-1d66175c20e6,http://creativecommons.org/licenses/by/4.0/legalcode
4879699801,68.699264,27.289591,2022,Hydnellum caeruleum,LajiGIS: Miscellaneous occurrences,128e38cb-9d38-4ecf-989a-1d66175c20e6,http://creativecommons.org/licenses/by/4.0/legalcode
4879699820,68.205127,24.205048,2022,Porodaedalea abietis,LajiGIS: Miscellaneous occurrences,128e38cb-9d38-4ecf-989a-1d66175c20e6,http://creativecommons.org/licenses/by/4.0/legalcode
4879699962,68.706097,27.268928,2022,Phellinus viticola,LajiGIS: Miscellaneous occurrences,128e38cb-9d38-4ecf-989a-1d66175c20e6,http://creativecommons.org/licenses/by/4.0/legalcode
4879699970,68.220683,23.43586,2022,Chaetodermella luna,LajiGIS: Miscellaneous occurrences,128e38cb-9d38-4ecf-989a-1d66175c20e6,http://creativecommons.org/licenses/by/4.0/legalcode
4879699996,68.709174,27.27358,2022,Hydnellum caeruleum,LajiGIS: Miscellaneous occurrences,128e38cb-9d38-4ecf-989a-1d66175c20e6,http://creativecommons.org/licenses/by/4.0/legalcode
4879700042,69.208382,27.475249,2022,Chaetodermella luna,LajiGIS: Miscellaneous occurrences,128e38cb-9d38-4ecf-989a-1d66175c20e6,http://creativecommons.org/licenses/by/4.0/legalcode
4879700062,60.534535,26.072843,2022,Pycnoporellus fulgens,LajiGIS: Miscellaneous occurrences,128e38cb-9d38-4ecf-989a-1d66175c20e6,http://creativecommons.org/licenses/by/4.0/legalcode
4879700066,69.20718,27.468912,2022,Hydnellum caeruleum,LajiGIS: Miscellaneous occurrences,128e38cb-9d38-4ecf-989a-1d66175c20e6,http://creativecommons.org/licenses/by/4.0/legalcode
4879700142,68.698238,27.291896,2022,Phellodon fuligineoalbus,LajiGIS: Miscellaneous occurrences,128e38cb-9d38-4ecf-989a-1d66175c20e6,http://creativecommons.org/licenses/by/4.0/legalcode
4879700164,68.710094,27.27638,2022,Hydnellum caeruleum,LajiGIS: Miscellaneous occurrences,128e38cb-9d38-4ecf-989a-1d66175c20e6,http://creativecommons.org/licenses/by/4.0/legalcode
4879700318,68.234479,23.416262,2022,Phellopilus nigrolimitatus,LajiGIS: Miscellaneous occurrences,128e38cb-9d38-4ecf-989a-1d66175c20e6,http://creativecommons.org/licenses/by/4.0/legalcode
4879700331,68.708487,27.271548,2022,Postia sericeomollis,LajiGIS: Miscellaneous occurrences,128e38cb-9d38-4ecf-989a-1d66175c20e6,http://creativecommons.org/licenses/by/4.0/legalcode
4879700349,68.69923,27.294006,2022,Hydnellum aurantiacum,LajiGIS: Miscellaneous occurrences,128e38cb-9d38-4ecf-989a-1d66175c20e6,http://creativecommons.org/licenses/by/4.0/legalcode
4879700413,68.708665,27.272562,2022,Chaetodermella luna,LajiGIS: Miscellaneous occurrences,128e38cb-9d38-4ecf-989a-1d66175c20e6,http://creativecommons.org/licenses/by/4.0/legalcode
4879700440,68.705777,27.283704,2022,Postia sericeomollis,LajiGIS: Miscellaneous occurrences,128e38cb-9d38-4ecf-989a-1d66175c20e6,http://creativecommons.org/licenses/by/4.0/legalcode
4879700466,62.908472,27.585843,2022,Russula pelargonia,LajiGIS: Miscellaneous occurrences,128e38cb-9d38-4ecf-989a-1d66175c20e6,http://creativecommons.org/licenses/by/4.0/legalcode
4879700470,68.69774,27.294529,2022,Chaetodermella luna,LajiGIS: Miscellaneous occurrences,128e38cb-9d38-4ecf-989a-1d66175c20e6,http://creativecommons.org/licenses/by/4.0/legalcode
4879700581,62.503304,28.623655,2022,Nephroma parile,LajiGIS: Miscellaneous occurrences,128e38cb-9d38-4ecf-989a-1d66175c20e6,http://creativecommons.org/licenses/by/4.0/legalcode
4879700599,68.698845,27.293532,2022,Hydnellum aurantiacum,LajiGIS: Miscellaneous occurrences,128e38cb-9d38-4ecf-989a-1d66175c20e6,http://creativecommons.org/licenses/by/4.0/legalcode
4879700617,68.349782,23.979207,2022,Chaetodermella luna,LajiGIS: Miscellaneous occurrences,128e38cb-9d38-4ecf-989a-1d66175c20e6,http://creativecommons.org/licenses/by/4.0/legalcode
4879700657,68.707888,27.270356,2022,Chaetodermella luna,LajiGIS: Miscellaneous occurrences,128e38cb-9d38-4ecf-989a-1d66175c20e6,http://creativecommons.org/licenses/by/4.0/legalcode
4879700676,69.221998,27.499896,2022,Phellodon fuligineoalbus,LajiGIS: Miscellaneous occurrences,128e38cb-9d38-4ecf-989a-1d66175c20e6,http://creativecommons.org/licenses/by/4.0/legalcode
4879700730,68.271579,23.649074,2022,Hydnellum caeruleum,LajiGIS: Miscellaneous occurrences,128e38cb-9d38-4ecf-989a-1d66175c20e6,http://creativecommons.org/licenses/by/4.0/legalcode
4879700770,68.704581,27.285416,2022,Postia sericeomollis,LajiGIS: Miscellaneous occurrences,128e38cb-9d38-4ecf-989a-1d66175c20e6,http://creativecommons.org/licenses/by/4.0/legalcode
4879700771,68.214879,24.202046,2022,Veluticeps abietina,LajiGIS: Miscellaneous occurrences,128e38cb-9d38-4ecf-989a-1d66175c20e6,http://creativecommons.org/licenses/by/4.0/legalcode
4879700786,68.699216,27.275875,2022,Pseudomerulius aureus,LajiGIS: Miscellaneous occurrences,128e38cb-9d38-4ecf-989a-1d66175c20e6,http://creativecommons.org/licenses/by/4.0/legalcode
4879700788,65.127859,28.849278,2022,Calicium glaucellum,LajiGIS: Miscellaneous occurrences,128e38cb-9d38-4ecf-989a-1d66175c20e6,http://creativecommons.org/licenses/by/4.0/legalcode
4879700847,69.205607,27.49273,2022,Hydnellum caeruleum,LajiGIS: Miscellaneous occurrences,128e38cb-9d38-4ecf-989a-1d66175c20e6,http://creativecommons.org/licenses/by/4.0/legalcode
4879700927,68.697912,27.288316,2022,Hydnellum caeruleum,LajiGIS: Miscellaneous occurrences,128e38cb-9d38-4ecf-989a-1d66175c20e6,http://creativecommons.org/licenses/by/4.0/legalcode
4879700946,68.698337,27.291898,2022,Chaetodermella luna,LajiGIS: Miscellaneous occurrences,128e38cb-9d38-4ecf-989a-1d66175c20e6,http://creativecommons.org/licenses/by/4.0/legalcode
4879701018,68.708487,27.271548,2022,Ceraceomyces borealis,LajiGIS: Miscellaneous occurrences,128e38cb-9d38-4ecf-989a-1d66175c20e6,http://creativecommons.org/licenses/by/4.0/legalcode
4879701049,65.1266,28.850938,2022,Phellinopsis conchata,LajiGIS: Miscellaneous occurrences,128e38cb-9d38-4ecf-989a-1d66175c20e6,http://creativecommons.org/licenses/by/4.0/legalcode
4879701073,62.908472,27.585843,2022,Russula cremeoavellanea,LajiGIS: Miscellaneous occurrences,128e38cb-9d38-4ecf-989a-1d66175c20e6,http://creativecommons.org/licenses/by/4.0/legalcode
4879701085,68.236356,23.407957,2022,Microcalicium disseminatum,LajiGIS: Miscellaneous occurrences,128e38cb-9d38-4ecf-989a-1d66175c20e6,http://creativecommons.org/licenses/by/4.0/legalcode
4879701207,68.707208,27.280465,2022,Postia sericeomollis,LajiGIS: Miscellaneous occurrences,128e38cb-9d38-4ecf-989a-1d66175c20e6,http://creativecommons.org/licenses/by/4.0/legalcode
4879701229,68.698494,27.289063,2022,Hydnellum caeruleum,LajiGIS: Miscellaneous occurrences,128e38cb-9d38-4ecf-989a-1d66175c20e6,http://creativecommons.org/licenses/by/4.0/legalcode
4879701270,68.705659,27.267862,2022,Ceraceomyces borealis,LajiGIS: Miscellaneous occurrences,128e38cb-9d38-4ecf-989a-1d66175c20e6,http://creativecommons.org/licenses/by/4.0/legalcode
4879701281,68.233513,24.17014,2022,Porodaedalea abietis,LajiGIS: Miscellaneous occurrences,128e38cb-9d38-4ecf-989a-1d66175c20e6,http://creativecommons.org/licenses/by/4.0/legalcode
4879701329,68.218642,23.441231,2022,Postia sericeomollis,LajiGIS: Miscellaneous occurrences,128e38cb-9d38-4ecf-989a-1d66175c20e6,http://creativecommons.org/licenses/by/4.0/legalcode
4879701348,68.209424,23.435654,2022,Chaetodermella luna,LajiGIS: Miscellaneous occurrences,128e38cb-9d38-4ecf-989a-1d66175c20e6,http://creativecommons.org/licenses/by/4.0/legalcode
4879701388,62.908472,27.585843,2022,Russula delica,LajiGIS: Miscellaneous occurrences,128e38cb-9d38-4ecf-989a-1d66175c20e6,http://creativecommons.org/licenses/by/4.0/legalcode
4879701399,69.183431,27.405542,2022,Hydnellum caeruleum,LajiGIS: Miscellaneous occurrences,128e38cb-9d38-4ecf-989a-1d66175c20e6,http://creativecommons.org/licenses/by/4.0/legalcode
4879701405,69.185223,27.40265,2022,Hydnellum aurantiacum,LajiGIS: Miscellaneous occurrences,128e38cb-9d38-4ecf-989a-1d66175c20e6,http://creativecommons.org/licenses/by/4.0/legalcode
4879701440,68.69752,27.297067,2022,Chaetodermella luna,LajiGIS: Miscellaneous occurrences,128e38cb-9d38-4ecf-989a-1d66175c20e6,http://creativecommons.org/licenses/by/4.0/legalcode
4879701495,68.701919,27.273639,2022,Chaetodermella luna,LajiGIS: Miscellaneous occurrences,128e38cb-9d38-4ecf-989a-1d66175c20e6,http://creativecommons.org/licenses/by/4.0/legalcode
4879701567,68.705401,27.283058,2022,Phellinus viticola,LajiGIS: Miscellaneous occurrences,128e38cb-9d38-4ecf-989a-1d66175c20e6,http://creativecommons.org/licenses/by/4.0/legalcode
4879701594,68.700101,27.277366,2022,Hydnellum caeruleum,LajiGIS: Miscellaneous occurrences,128e38cb-9d38-4ecf-989a-1d66175c20e6,http://creativecommons.org/licenses/by/4.0/legalcode
4879701621,69.206193,27.491734,2022,Phellodon fuligineoalbus,LajiGIS: Miscellaneous occurrences,128e38cb-9d38-4ecf-989a-1d66175c20e6,http://creativecommons.org/licenses/by/4.0/legalcode
4879701672,69.182721,27.406537,2022,Hydnellum caeruleum,LajiGIS: Miscellaneous occurrences,128e38cb-9d38-4ecf-989a-1d66175c20e6,http://creativecommons.org/licenses/by/4.0/legalcode
4879701678,68.702997,27.272073,2022,Hydnellum caeruleum,LajiGIS: Miscellaneous occurrences,128e38cb-9d38-4ecf-989a-1d66175c20e6,http://creativecommons.org/licenses/by/4.0/legalcode
4879701695,68.20873,23.434288,2022,Chaetodermella luna,LajiGIS: Miscellaneous occurrences,128e38cb-9d38-4ecf-989a-1d66175c20e6,http://creativecommons.org/licenses/by/4.0/legalcode
4879701714,68.703091,27.269977,2022,Chaetodermella luna,LajiGIS: Miscellaneous occurrences,128e38cb-9d38-4ecf-989a-1d66175c20e6,http://creativecommons.org/licenses/by/4.0/legalcode
4879701716,62.908472,27.585843,2022,Russula nitida,LajiGIS: Miscellaneous occurrences,128e38cb-9d38-4ecf-989a-1d66175c20e6,http://creativecommons.org/licenses/by/4.0/legalcode
4879701836,68.707593,27.280791,2022,Phellinus viticola,LajiGIS: Miscellaneous occurrences,128e38cb-9d38-4ecf-989a-1d66175c20e6,http://creativecommons.org/licenses/by/4.0/legalcode
4879701887,69.206004,27.491982,2022,Phellodon fuligineoalbus,LajiGIS: Miscellaneous occurrences,128e38cb-9d38-4ecf-989a-1d66175c20e6,http://creativecommons.org/licenses/by/4.0/legalcode
4879701940,68.215094,24.216954,2022,Leptoporus mollis,LajiGIS: Miscellaneous occurrences,128e38cb-9d38-4ecf-989a-1d66175c20e6,http://creativecommons.org/licenses/by/4.0/legalcode
4879701956,68.230574,24.174687,2022,Porodaedalea abietis,LajiGIS: Miscellaneous occurrences,128e38cb-9d38-4ecf-989a-1d66175c20e6,http://creativecommons.org/licenses/by/4.0/legalcode
4879702053,68.270455,23.644974,2022,Ceraceomyces borealis,LajiGIS: Miscellaneous occurrences,128e38cb-9d38-4ecf-989a-1d66175c20e6,http://creativecommons.org/licenses/by/4.0/legalcode
4879702055,68.22076,23.435726,2022,Postia sericeomollis,LajiGIS: Miscellaneous occurrences,128e38cb-9d38-4ecf-989a-1d66175c20e6,http://creativecommons.org/licenses/by/4.0/legalcode
4879702205,63.645995,25.371926,2022,Evernia prunastri,LajiGIS: Miscellaneous occurrences,128e38cb-9d38-4ecf-989a-1d66175c20e6,http://creativecommons.org/licenses/by/4.0/legalcode
4879702240,69.21813,27.47872,2022,Chaetodermella luna,LajiGIS: Miscellaneous occurrences,128e38cb-9d38-4ecf-989a-1d66175c20e6,http://creativecommons.org/licenses/by/4.0/legalcode
4879702248,68.709243,27.27558,2022,Chaetodermella luna,LajiGIS: Miscellaneous occurrences,128e38cb-9d38-4ecf-989a-1d66175c20e6,http://creativecommons.org/licenses/by/4.0/legalcode
4879702272,68.697921,27.293569,2022,Chaetodermella luna,LajiGIS: Miscellaneous occurrences,128e38cb-9d38-4ecf-989a-1d66175c20e6,http://creativecommons.org/licenses/by/4.0/legalcode
4879702296,68.697484,27.287274,2022,Anomoporia kamtschatica,LajiGIS: Miscellaneous occurrences,128e38cb-9d38-4ecf-989a-1d66175c20e6,http://creativecommons.org/licenses/by/4.0/legalcode
4879702309,69.204713,27.494729,2022,Hydnellum caeruleum,LajiGIS: Miscellaneous occurrences,128e38cb-9d38-4ecf-989a-1d66175c20e6,http://creativecommons.org/licenses/by/4.0/legalcode
4879702313,68.20846,23.443878,2022,Ceraceomyces borealis,LajiGIS: Miscellaneous occurrences,128e38cb-9d38-4ecf-989a-1d66175c20e6,http://creativecommons.org/licenses/by/4.0/legalcode
4879702336,69.181055,27.405321,2022,Hydnellum caeruleum,LajiGIS: Miscellaneous occurrences,128e38cb-9d38-4ecf-989a-1d66175c20e6,http://creativecommons.org/licenses/by/4.0/legalcode
4879702434,68.696882,27.308281,2022,Chaetodermella luna,LajiGIS: Miscellaneous occurrences,128e38cb-9d38-4ecf-989a-1d66175c20e6,http://creativecommons.org/licenses/by/4.0/legalcode
4879702457,69.206004,27.491982,2022,Hydnellum aurantiacum,LajiGIS: Miscellaneous occurrences,128e38cb-9d38-4ecf-989a-1d66175c20e6,http://creativecommons.org/licenses/by/4.0/legalcode
4879702487,69.205823,27.492382,2022,Hydnellum aurantiacum,LajiGIS: Miscellaneous occurrences,128e38cb-9d38-4ecf-989a-1d66175c20e6,http://creativecommons.org/licenses/by/4.0/legalcode
4879702519,68.699326,27.290184,2022,Gomphidius roseus,LajiGIS: Miscellaneous occurrences,128e38cb-9d38-4ecf-989a-1d66175c20e6,http://creativecommons.org/licenses/by/4.0/legalcode
4879702521,68.69774,27.294529,2022,Chaetodermella luna,LajiGIS: Miscellaneous occurrences,128e38cb-9d38-4ecf-989a-1d66175c20e6,http://creativecommons.org/licenses/by/4.0/legalcode
4879702539,68.699887,27.276525,2022,Hydnellum caeruleum,LajiGIS: Miscellaneous occurrences,128e38cb-9d38-4ecf-989a-1d66175c20e6,http://creativecommons.org/licenses/by/4.0/legalcode
4879702604,68.700101,27.277366,2022,Chaetodermella luna,LajiGIS: Miscellaneous occurrences,128e38cb-9d38-4ecf-989a-1d66175c20e6,http://creativecommons.org/licenses/by/4.0/legalcode
4879702652,68.217183,24.222186,2022,Porodaedalea abietis,LajiGIS: Miscellaneous occurrences,128e38cb-9d38-4ecf-989a-1d66175c20e6,http://creativecommons.org/licenses/by/4.0/legalcode
4879702661,69.211751,27.466789,2022,Hydnellum caeruleum,LajiGIS: Miscellaneous occurrences,128e38cb-9d38-4ecf-989a-1d66175c20e6,http://creativecommons.org/licenses/by/4.0/legalcode
4879702670,68.697898,27.296751,2022,Chaetodermella luna,LajiGIS: Miscellaneous occurrences,128e38cb-9d38-4ecf-989a-1d66175c20e6,http://creativecommons.org/licenses/by/4.0/legalcode
4879702719,68.215647,24.214615,2022,Porodaedalea abietis,LajiGIS: Miscellaneous occurrences,128e38cb-9d38-4ecf-989a-1d66175c20e6,http://creativecommons.org/licenses/by/4.0/legalcode
4879702762,65.134335,28.859067,2022,Phellinus populicola,LajiGIS: Miscellaneous occurrences,128e38cb-9d38-4ecf-989a-1d66175c20e6,http://creativecommons.org/licenses/by/4.0/legalcode
4879702779,68.70021,27.276455,2022,Phellinus viticola,LajiGIS: Miscellaneous occurrences,128e38cb-9d38-4ecf-989a-1d66175c20e6,http://creativecommons.org/licenses/by/4.0/legalcode
4879702814,68.698564,27.29528,2022,Hydnellum caeruleum,LajiGIS: Miscellaneous occurrences,128e38cb-9d38-4ecf-989a-1d66175c20e6,http://creativecommons.org/licenses/by/4.0/legalcode
4879702869,68.699333,27.291343,2022,Postia sericeomollis,LajiGIS: Miscellaneous occurrences,128e38cb-9d38-4ecf-989a-1d66175c20e6,http://creativecommons.org/licenses/by/4.0/legalcode
4879702934,68.705875,27.267445,2022,Chaetodermella luna,LajiGIS: Miscellaneous occurrences,128e38cb-9d38-4ecf-989a-1d66175c20e6,http://creativecommons.org/licenses/by/4.0/legalcode
4879703082,63.487401,25.94106,2022,Porodaedalea pini,LajiGIS: Miscellaneous occurrences,128e38cb-9d38-4ecf-989a-1d66175c20e6,http://creativecommons.org/licenses/by/4.0/legalcode
4879703091,65.134872,28.855587,2022,Calicium trabinellum,LajiGIS: Miscellaneous occurrences,128e38cb-9d38-4ecf-989a-1d66175c20e6,http://creativecommons.org/licenses/by/4.0/legalcode
4879703139,68.706235,27.283365,2022,Postia sericeomollis,LajiGIS: Miscellaneous occurrences,128e38cb-9d38-4ecf-989a-1d66175c20e6,http://creativecommons.org/licenses/by/4.0/legalcode
4879703167,68.352159,23.979596,2022,Phellinus lundellii,LajiGIS: Miscellaneous occurrences,128e38cb-9d38-4ecf-989a-1d66175c20e6,http://creativecommons.org/licenses/by/4.0/legalcode
4879703171,68.215729,23.441902,2022,Postia sericeomollis,LajiGIS: Miscellaneous occurrences,128e38cb-9d38-4ecf-989a-1d66175c20e6,http://creativecommons.org/licenses/by/4.0/legalcode
4879703216,68.274529,23.647478,2022,Hydnellum caeruleum,LajiGIS: Miscellaneous occurrences,128e38cb-9d38-4ecf-989a-1d66175c20e6,http://creativecommons.org/licenses/by/4.0/legalcode
4879703280,68.279858,23.650816,2022,Hydnellum aurantiacum,LajiGIS: Miscellaneous occurrences,128e38cb-9d38-4ecf-989a-1d66175c20e6,http://creativecommons.org/licenses/by/4.0/legalcode
4879703328,68.210082,23.437002,2022,Chaetodermella luna,LajiGIS: Miscellaneous occurrences,128e38cb-9d38-4ecf-989a-1d66175c20e6,http://creativecommons.org/licenses/by/4.0/legalcode
4879703342,65.158407,28.876395,2022,Calicium trabinellum,LajiGIS: Miscellaneous occurrences,128e38cb-9d38-4ecf-989a-1d66175c20e6,http://creativecommons.org/licenses/by/4.0/legalcode
4879703421,68.705401,27.283058,2022,Postia sericeomollis,LajiGIS: Miscellaneous occurrences,128e38cb-9d38-4ecf-989a-1d66175c20e6,http://creativecommons.org/licenses/by/4.0/legalcode
4879703426,68.708186,27.280206,2022,Chaetodermella luna,LajiGIS: Miscellaneous occurrences,128e38cb-9d38-4ecf-989a-1d66175c20e6,http://creativecommons.org/licenses/by/4.0/legalcode
4879703435,62.908472,27.585843,2022,Ganoderma applanatum,LajiGIS: Miscellaneous occurrences,128e38cb-9d38-4ecf-989a-1d66175c20e6,http://creativecommons.org/licenses/by/4.0/legalcode
4879703522,64.432565,28.435761,2022,Microcalicium disseminatum,LajiGIS: Miscellaneous occurrences,128e38cb-9d38-4ecf-989a-1d66175c20e6,http://creativecommons.org/licenses/by/4.0/legalcode
4879703545,69.221998,27.499896,2022,Hydnellum caeruleum,LajiGIS: Miscellaneous occurrences,128e38cb-9d38-4ecf-989a-1d66175c20e6,http://creativecommons.org/licenses/by/4.0/legalcode
4879703552,60.534737,26.070869,2022,Pycnoporellus fulgens,LajiGIS: Miscellaneous occurrences,128e38cb-9d38-4ecf-989a-1d66175c20e6,http://creativecommons.org/licenses/by/4.0/legalcode
4879703576,68.706369,27.283342,2022,Hydnellum caeruleum,LajiGIS: Miscellaneous occurrences,128e38cb-9d38-4ecf-989a-1d66175c20e6,http://creativecommons.org/licenses/by/4.0/legalcode
4879703603,68.699264,27.289591,2022,Byssoporia terrestris,LajiGIS: Miscellaneous occurrences,128e38cb-9d38-4ecf-989a-1d66175c20e6,http://creativecommons.org/licenses/by/4.0/legalcode
4879703658,68.709121,27.279107,2022,Chaetodermella luna,LajiGIS: Miscellaneous occurrences,128e38cb-9d38-4ecf-989a-1d66175c20e6,http://creativecommons.org/licenses/by/4.0/legalcode
4879703660,69.209331,27.476153,2022,Antrodiella pallasii,LajiGIS: Miscellaneous occurrences,128e38cb-9d38-4ecf-989a-1d66175c20e6,http://creativecommons.org/licenses/by/4.0/legalcode
4879703670,62.89573,27.5957,2022,Craterellus cornucopioides,LajiGIS: Miscellaneous occurrences,128e38cb-9d38-4ecf-989a-1d66175c20e6,http://creativecommons.org/licenses/by/4.0/legalcode
4879703768,68.706369,27.283342,2022,Hydnellum caeruleum,LajiGIS: Miscellaneous occurrences,128e38cb-9d38-4ecf-989a-1d66175c20e6,http://creativecommons.org/licenses/by/4.0/legalcode
4879703781,68.709309,27.273335,2022,Phellinus viticola,LajiGIS: Miscellaneous occurrences,128e38cb-9d38-4ecf-989a-1d66175c20e6,http://creativecommons.org/licenses/by/4.0/legalcode
4879703791,68.23717,23.404489,2022,Phellinidium ferrugineofuscum,LajiGIS: Miscellaneous occurrences,128e38cb-9d38-4ecf-989a-1d66175c20e6,http://creativecommons.org/licenses/by/4.0/legalcode
4879703793,68.708654,27.284604,2022,Chaetodermella luna,LajiGIS: Miscellaneous occurrences,128e38cb-9d38-4ecf-989a-1d66175c20e6,http://creativecommons.org/licenses/by/4.0/legalcode
4879703808,68.27417,23.647506,2022,Postia sericeomollis,LajiGIS: Miscellaneous occurrences,128e38cb-9d38-4ecf-989a-1d66175c20e6,http://creativecommons.org/licenses/by/4.0/legalcode
4879703898,62.896102,27.59256,2022,Cortinarius subtortus,LajiGIS: Miscellaneous occurrences,128e38cb-9d38-4ecf-989a-1d66175c20e6,http://creativecommons.org/licenses/by/4.0/legalcode
4879703986,68.698898,27.288846,2022,Ceraceomyces borealis,LajiGIS: Miscellaneous occurrences,128e38cb-9d38-4ecf-989a-1d66175c20e6,http://creativecommons.org/licenses/by/4.0/legalcode
4879704039,68.230989,24.181165,2022,Meruliopsis taxicola,LajiGIS: Miscellaneous occurrences,128e38cb-9d38-4ecf-989a-1d66175c20e6,http://creativecommons.org/licenses/by/4.0/legalcode
4879704053,61.850063,24.24559,2022,Pseudomerulius aureus,LajiGIS: Miscellaneous occurrences,128e38cb-9d38-4ecf-989a-1d66175c20e6,http://creativecommons.org/licenses/by/4.0/legalcode
4879704079,65.158389,28.876415,2022,Calicium glaucellum,LajiGIS: Miscellaneous occurrences,128e38cb-9d38-4ecf-989a-1d66175c20e6,http://creativecommons.org/licenses/by/4.0/legalcode
4879704084,68.277017,23.660469,2022,Hydnellum caeruleum,LajiGIS: Miscellaneous occurrences,128e38cb-9d38-4ecf-989a-1d66175c20e6,http://creativecommons.org/licenses/by/4.0/legalcode
4879704130,68.705662,27.265913,2022,Phellinus viticola,LajiGIS: Miscellaneous occurrences,128e38cb-9d38-4ecf-989a-1d66175c20e6,http://creativecommons.org/licenses/by/4.0/legalcode
4879704166,68.705309,27.284167,2022,Chaetodermella luna,LajiGIS: Miscellaneous occurrences,128e38cb-9d38-4ecf-989a-1d66175c20e6,http://creativecommons.org/licenses/by/4.0/legalcode
4879704216,68.70425,27.284696,2022,Chaetodermella luna,LajiGIS: Miscellaneous occurrences,128e38cb-9d38-4ecf-989a-1d66175c20e6,http://creativecommons.org/licenses/by/4.0/legalcode
4879704252,68.250042,24.085607,2022,Porodaedalea abietis,LajiGIS: Miscellaneous occurrences,128e38cb-9d38-4ecf-989a-1d66175c20e6,http://creativecommons.org/licenses/by/4.0/legalcode
4879704303,68.352101,23.97141,2022,Butyrea luteoalba,LajiGIS: Miscellaneous occurrences,128e38cb-9d38-4ecf-989a-1d66175c20e6,http://creativecommons.org/licenses/by/4.0/legalcode
4879704307,68.233381,23.402882,2022,Porodaedalea abietis,LajiGIS: Miscellaneous occurrences,128e38cb-9d38-4ecf-989a-1d66175c20e6,http://creativecommons.org/licenses/by/4.0/legalcode
4879704367,65.236346,25.652283,2022,Pseudomerulius aureus,LajiGIS: Miscellaneous occurrences,128e38cb-9d38-4ecf-989a-1d66175c20e6,http://creativecommons.org/licenses/by/4.0/legalcode
4879704418,68.270247,23.644908,2022,Postia sericeomollis,LajiGIS: Miscellaneous occurrences,128e38cb-9d38-4ecf-989a-1d66175c20e6,http://creativecommons.org/licenses/by/4.0/legalcode
4879704451,64.43298,28.437403,2022,Skeletocutis carneogrisea,LajiGIS: Miscellaneous occurrences,128e38cb-9d38-4ecf-989a-1d66175c20e6,http://creativecommons.org/licenses/by/4.0/legalcode
4879704490,68.271335,23.660161,2022,Sarcodon squamosus,LajiGIS: Miscellaneous occurrences,128e38cb-9d38-4ecf-989a-1d66175c20e6,http://creativecommons.org/licenses/by/4.0/legalcode
4879704553,62.567202,28.586779,2022,Pycnoporellus fulgens,LajiGIS: Miscellaneous occurrences,128e38cb-9d38-4ecf-989a-1d66175c20e6,http://creativecommons.org/licenses/by/4.0/legalcode
4879704648,68.253855,24.017165,2022,Chaetodermella luna,LajiGIS: Miscellaneous occurrences,128e38cb-9d38-4ecf-989a-1d66175c20e6,http://creativecommons.org/licenses/by/4.0/legalcode
4879704679,68.269999,24.089746,2022,Ceraceomyces borealis,LajiGIS: Miscellaneous occurrences,128e38cb-9d38-4ecf-989a-1d66175c20e6,http://creativecommons.org/licenses/by/4.0/legalcode
4879704760,68.704942,27.283891,2022,Chaetodermella luna,LajiGIS: Miscellaneous occurrences,128e38cb-9d38-4ecf-989a-1d66175c20e6,http://creativecommons.org/licenses/by/4.0/legalcode
4879704797,65.135157,28.85356,2022,Chaenotheca furfuracea,LajiGIS: Miscellaneous occurrences,128e38cb-9d38-4ecf-989a-1d66175c20e6,http://creativecommons.org/licenses/by/4.0/legalcode
4879704801,68.710027,27.273368,2022,Postia sericeomollis,LajiGIS: Miscellaneous occurrences,128e38cb-9d38-4ecf-989a-1d66175c20e6,http://creativecommons.org/licenses/by/4.0/legalcode
4879704843,68.706092,27.282598,2022,Chaetodermella luna,LajiGIS: Miscellaneous occurrences,128e38cb-9d38-4ecf-989a-1d66175c20e6,http://creativecommons.org/licenses/by/4.0/legalcode
4879704854,68.697429,27.287545,2022,Butyrea luteoalba,LajiGIS: Miscellaneous occurrences,128e38cb-9d38-4ecf-989a-1d66175c20e6,http://creativecommons.org/licenses/by/4.0/legalcode
4879704954,68.709371,27.274125,2022,Postia sericeomollis,LajiGIS: Miscellaneous occurrences,128e38cb-9d38-4ecf-989a-1d66175c20e6,http://creativecommons.org/licenses/by/4.0/legalcode
4879705150,64.433179,28.437268,2022,Porodaedalea abietis,LajiGIS: Miscellaneous occurrences,128e38cb-9d38-4ecf-989a-1d66175c20e6,http://creativecommons.org/licenses/by/4.0/legalcode
4879705185,68.699333,27.291343,2022,Postia sericeomollis,LajiGIS: Miscellaneous occurrences,128e38cb-9d38-4ecf-989a-1d66175c20e6,http://creativecommons.org/licenses/by/4.0/legalcode
4879705253,65.127043,28.848433,2022,Nephroma parile,LajiGIS: Miscellaneous occurrences,128e38cb-9d38-4ecf-989a-1d66175c20e6,http://creativecommons.org/licenses/by/4.0/legalcode
4879705267,68.27019,23.644747,2022,Ceraceomyces borealis,LajiGIS: Miscellaneous occurrences,128e38cb-9d38-4ecf-989a-1d66175c20e6,http://creativecommons.org/licenses/by/4.0/legalcode
4879705292,68.27492,23.648196,2022,Phellinus viticola,LajiGIS: Miscellaneous occurrences,128e38cb-9d38-4ecf-989a-1d66175c20e6,http://creativecommons.org/licenses/by/4.0/legalcode
4879705343,68.709174,27.27358,2022,Hydnellum caeruleum,LajiGIS: Miscellaneous occurrences,128e38cb-9d38-4ecf-989a-1d66175c20e6,http://creativecommons.org/licenses/by/4.0/legalcode
4879705347,62.896102,27.59256,2022,Russula consobrina,LajiGIS: Miscellaneous occurrences,128e38cb-9d38-4ecf-989a-1d66175c20e6,http://creativecommons.org/licenses/by/4.0/legalcode
4879705351,68.316145,24.004254,2022,Pseudomerulius aureus,LajiGIS: Miscellaneous occurrences,128e38cb-9d38-4ecf-989a-1d66175c20e6,http://creativecommons.org/licenses/by/4.0/legalcode
4879705370,68.710241,27.273815,2022,Chaetodermella luna,LajiGIS: Miscellaneous occurrences,128e38cb-9d38-4ecf-989a-1d66175c20e6,http://creativecommons.org/licenses/by/4.0/legalcode
4879705431,68.698827,27.288426,2022,Phellopilus nigrolimitatus,LajiGIS: Miscellaneous occurrences,128e38cb-9d38-4ecf-989a-1d66175c20e6,http://creativecommons.org/licenses/by/4.0/legalcode
4879705564,68.258288,24.087436,2022,Hermanssonia centrifuga,LajiGIS: Miscellaneous occurrences,128e38cb-9d38-4ecf-989a-1d66175c20e6,http://creativecommons.org/licenses/by/4.0/legalcode
4879705589,68.69741,27.288235,2022,Phellodon niger,LajiGIS: Miscellaneous occurrences,128e38cb-9d38-4ecf-989a-1d66175c20e6,http://creativecommons.org/licenses/by/4.0/legalcode
4879705597,68.698494,27.289063,2022,Phellodon fuligineoalbus,LajiGIS: Miscellaneous occurrences,128e38cb-9d38-4ecf-989a-1d66175c20e6,http://creativecommons.org/licenses/by/4.0/legalcode
4879705622,62.896191,27.592956,2022,Russula claroflava,LajiGIS: Miscellaneous occurrences,128e38cb-9d38-4ecf-989a-1d66175c20e6,http://creativecommons.org/licenses/by/4.0/legalcode
4879705713,64.432348,28.437785,2022,Nephroma arcticum,LajiGIS: Miscellaneous occurrences,128e38cb-9d38-4ecf-989a-1d66175c20e6,http://creativecommons.org/licenses/by/4.0/legalcode
4879705819,68.706984,27.280388,2022,Hydnellum caeruleum,LajiGIS: Miscellaneous occurrences,128e38cb-9d38-4ecf-989a-1d66175c20e6,http://creativecommons.org/licenses/by/4.0/legalcode
4879705822,68.709024,27.278094,2022,Hydnellum caeruleum,LajiGIS: Miscellaneous occurrences,128e38cb-9d38-4ecf-989a-1d66175c20e6,http://creativecommons.org/licenses/by/4.0/legalcode
4879705877,68.699216,27.275875,2022,Pseudomerulius aureus,LajiGIS: Miscellaneous occurrences,128e38cb-9d38-4ecf-989a-1d66175c20e6,http://creativecommons.org/licenses/by/4.0/legalcode
4879705884,68.234039,24.169398,2022,Hermanssonia centrifuga,LajiGIS: Miscellaneous occurrences,128e38cb-9d38-4ecf-989a-1d66175c20e6,http://creativecommons.org/licenses/by/4.0/legalcode
4879705919,68.28022,23.641599,2022,Chaetodermella luna,LajiGIS: Miscellaneous occurrences,128e38cb-9d38-4ecf-989a-1d66175c20e6,http://creativecommons.org/licenses/by/4.0/legalcode
4879706173,68.258788,24.076549,2022,Porodaedalea abietis,LajiGIS: Miscellaneous occurrences,128e38cb-9d38-4ecf-989a-1d66175c20e6,http://creativecommons.org/licenses/by/4.0/legalcode
4879706236,64.433119,28.436933,2022,Porodaedalea abietis,LajiGIS: Miscellaneous occurrences,128e38cb-9d38-4ecf-989a-1d66175c20e6,http://creativecommons.org/licenses/by/4.0/legalcode
4879706240,68.705788,27.282397,2022,Postia sericeomollis,LajiGIS: Miscellaneous occurrences,128e38cb-9d38-4ecf-989a-1d66175c20e6,http://creativecommons.org/licenses/by/4.0/legalcode
4879706286,68.24983,24.079195,2022,Hericium coralloides,LajiGIS: Miscellaneous occurrences,128e38cb-9d38-4ecf-989a-1d66175c20e6,http://creativecommons.org/licenses/by/4.0/legalcode
4879706288,68.704386,27.28381,2022,Butyrea luteoalba,LajiGIS: Miscellaneous occurrences,128e38cb-9d38-4ecf-989a-1d66175c20e6,http://creativecommons.org/licenses/by/4.0/legalcode
4879706300,68.23341,23.402999,2022,Porodaedalea abietis,LajiGIS: Miscellaneous occurrences,128e38cb-9d38-4ecf-989a-1d66175c20e6,http://creativecommons.org/licenses/by/4.0/legalcode
4879706375,68.215938,23.441192,2022,Postia sericeomollis,LajiGIS: Miscellaneous occurrences,128e38cb-9d38-4ecf-989a-1d66175c20e6,http://creativecommons.org/licenses/by/4.0/legalcode
4879706410,68.709579,27.272771,2022,Chaetodermella luna,LajiGIS: Miscellaneous occurrences,128e38cb-9d38-4ecf-989a-1d66175c20e6,http://creativecommons.org/licenses/by/4.0/legalcode
4879706444,61.849204,24.243063,2022,Pseudomerulius aureus,LajiGIS: Miscellaneous occurrences,128e38cb-9d38-4ecf-989a-1d66175c20e6,http://creativecommons.org/licenses/by/4.0/legalcode
4879706464,68.251891,24.095368,2022,Phellopilus nigrolimitatus,LajiGIS: Miscellaneous occurrences,128e38cb-9d38-4ecf-989a-1d66175c20e6,http://creativecommons.org/licenses/by/4.0/legalcode
4879706485,60.531416,26.077506,2022,Pycnoporellus fulgens,LajiGIS: Miscellaneous occurrences,128e38cb-9d38-4ecf-989a-1d66175c20e6,http://creativecommons.org/licenses/by/4.0/legalcode
4879706509,68.707628,27.281359,2022,Chaetodermella luna,LajiGIS: Miscellaneous occurrences,128e38cb-9d38-4ecf-989a-1d66175c20e6,http://creativecommons.org/licenses/by/4.0/legalcode
4879706557,68.706097,27.268928,2022,Phellinus viticola,LajiGIS: Miscellaneous occurrences,128e38cb-9d38-4ecf-989a-1d66175c20e6,http://creativecommons.org/licenses/by/4.0/legalcode
4879706570,68.705992,27.283608,2022,Hydnellum caeruleum,LajiGIS: Miscellaneous occurrences,128e38cb-9d38-4ecf-989a-1d66175c20e6,http://creativecommons.org/licenses/by/4.0/legalcode
4879706631,68.236308,23.406972,2022,Microcalicium disseminatum,LajiGIS: Miscellaneous occurrences,128e38cb-9d38-4ecf-989a-1d66175c20e6,http://creativecommons.org/licenses/by/4.0/legalcode
4879706704,68.705328,27.283526,2022,Chaetodermella luna,LajiGIS: Miscellaneous occurrences,128e38cb-9d38-4ecf-989a-1d66175c20e6,http://creativecommons.org/licenses/by/4.0/legalcode
4879706722,68.705401,27.283058,2022,,LajiGIS: Miscellaneous occurrences,128e38cb-9d38-4ecf-989a-1d66175c20e6,http://creativecommons.org/licenses/by/4.0/legalcode
4879706790,68.704241,27.285091,2022,Chaetodermella luna,LajiGIS: Miscellaneous occurrences,128e38cb-9d38-4ecf-989a-1d66175c20e6,http://creativecommons.org/licenses/by/4.0/legalcode
4879706794,68.704933,27.283768,2022,Chaetodermella luna,LajiGIS: Miscellaneous occurrences,128e38cb-9d38-4ecf-989a-1d66175c20e6,http://creativecommons.org/licenses/by/4.0/legalcode
4879706843,68.706128,27.28287,2022,Hydnellum caeruleum,LajiGIS: Miscellaneous occurrences,128e38cb-9d38-4ecf-989a-1d66175c20e6,http://creativecommons.org/licenses/by/4.0/legalcode
4879706864,68.249962,24.086706,2022,Porodaedalea abietis,LajiGIS: Miscellaneous occurrences,128e38cb-9d38-4ecf-989a-1d66175c20e6,http://creativecommons.org/licenses/by/4.0/legalcode
4879706874,68.704241,27.285091,2022,Chaetodermella luna,LajiGIS: Miscellaneous occurrences,128e38cb-9d38-4ecf-989a-1d66175c20e6,http://creativecommons.org/licenses/by/4.0/legalcode
4879706875,68.215332,24.215644,2022,Phellinus viticola,LajiGIS: Miscellaneous occurrences,128e38cb-9d38-4ecf-989a-1d66175c20e6,http://creativecommons.org/licenses/by/4.0/legalcode
4879706928,68.704844,27.283742,2022,Postia sericeomollis,LajiGIS: Miscellaneous occurrences,128e38cb-9d38-4ecf-989a-1d66175c20e6,http://creativecommons.org/licenses/by/4.0/legalcode
4879706947,68.699887,27.276525,2022,Hydnellum caeruleum,LajiGIS: Miscellaneous occurrences,128e38cb-9d38-4ecf-989a-1d66175c20e6,http://creativecommons.org/licenses/by/4.0/legalcode
4879706974,68.232124,23.403757,2022,Chaetodermella luna,LajiGIS: Miscellaneous occurrences,128e38cb-9d38-4ecf-989a-1d66175c20e6,http://creativecommons.org/licenses/by/4.0/legalcode
4879706991,65.119698,28.811911,2022,Usnea subfloridana,LajiGIS: Miscellaneous occurrences,128e38cb-9d38-4ecf-989a-1d66175c20e6,http://creativecommons.org/licenses/by/4.0/legalcode
4879707015,68.274549,23.647136,2022,Postia sericeomollis,LajiGIS: Miscellaneous occurrences,128e38cb-9d38-4ecf-989a-1d66175c20e6,http://creativecommons.org/licenses/by/4.0/legalcode
4879707049,65.122872,28.924544,2022,Nephroma arcticum,LajiGIS: Miscellaneous occurrences,128e38cb-9d38-4ecf-989a-1d66175c20e6,http://creativecommons.org/licenses/by/4.0/legalcode
4879707115,68.251438,24.018546,2022,Postia sericeomollis,LajiGIS: Miscellaneous occurrences,128e38cb-9d38-4ecf-989a-1d66175c20e6,http://creativecommons.org/licenses/by/4.0/legalcode
4879707177,68.27604,23.646262,2022,Postia sericeomollis,LajiGIS: Miscellaneous occurrences,128e38cb-9d38-4ecf-989a-1d66175c20e6,http://creativecommons.org/licenses/by/4.0/legalcode
4879707179,68.196887,24.216846,2022,Phellinus lundellii,LajiGIS: Miscellaneous occurrences,128e38cb-9d38-4ecf-989a-1d66175c20e6,http://creativecommons.org/licenses/by/4.0/legalcode
4879707187,68.203295,24.200779,2022,Phellinidium ferrugineofuscum,LajiGIS: Miscellaneous occurrences,128e38cb-9d38-4ecf-989a-1d66175c20e6,http://creativecommons.org/licenses/by/4.0/legalcode
4879707240,68.707115,27.282389,2022,Hydnellum caeruleum,LajiGIS: Miscellaneous occurrences,128e38cb-9d38-4ecf-989a-1d66175c20e6,http://creativecommons.org/licenses/by/4.0/legalcode
4879707265,62.895924,27.592163,2022,Lactarius camphoratus,LajiGIS: Miscellaneous occurrences,128e38cb-9d38-4ecf-989a-1d66175c20e6,http://creativecommons.org/licenses/by/4.0/legalcode
4879707285,68.699531,27.290927,2022,Postia sericeomollis,LajiGIS: Miscellaneous occurrences,128e38cb-9d38-4ecf-989a-1d66175c20e6,http://creativecommons.org/licenses/by/4.0/legalcode
4879707314,68.202885,24.200926,2022,Porodaedalea abietis,LajiGIS: Miscellaneous occurrences,128e38cb-9d38-4ecf-989a-1d66175c20e6,http://creativecommons.org/licenses/by/4.0/legalcode
4879707315,68.705759,27.283729,2022,Phellopilus nigrolimitatus,LajiGIS: Miscellaneous occurrences,128e38cb-9d38-4ecf-989a-1d66175c20e6,http://creativecommons.org/licenses/by/4.0/legalcode
4879707327,61.84931,24.247882,2022,Pycnoporellus fulgens,LajiGIS: Miscellaneous occurrences,128e38cb-9d38-4ecf-989a-1d66175c20e6,http://creativecommons.org/licenses/by/4.0/legalcode
4879707334,68.705662,27.266159,2022,Phellinus viticola,LajiGIS: Miscellaneous occurrences,128e38cb-9d38-4ecf-989a-1d66175c20e6,http://creativecommons.org/licenses/by/4.0/legalcode
4879707354,68.710149,27.275492,2022,Postia sericeomollis,LajiGIS: Miscellaneous occurrences,128e38cb-9d38-4ecf-989a-1d66175c20e6,http://creativecommons.org/licenses/by/4.0/legalcode
4879707363,68.272264,23.647374,2022,Phellodon tomentosus,LajiGIS: Miscellaneous occurrences,128e38cb-9d38-4ecf-989a-1d66175c20e6,http://creativecommons.org/licenses/by/4.0/legalcode
4879707426,65.135499,28.853498,2022,Porodaedalea abietis,LajiGIS: Miscellaneous occurrences,128e38cb-9d38-4ecf-989a-1d66175c20e6,http://creativecommons.org/licenses/by/4.0/legalcode
4879707477,68.280247,23.651414,2022,Hydnellum caeruleum,LajiGIS: Miscellaneous occurrences,128e38cb-9d38-4ecf-989a-1d66175c20e6,http://creativecommons.org/licenses/by/4.0/legalcode
4879707488,68.231308,24.172468,2022,Meruliopsis taxicola,LajiGIS: Miscellaneous occurrences,128e38cb-9d38-4ecf-989a-1d66175c20e6,http://creativecommons.org/licenses/by/4.0/legalcode
4879707489,69.204203,27.46529,2022,Ceraceomyces borealis,LajiGIS: Miscellaneous occurrences,128e38cb-9d38-4ecf-989a-1d66175c20e6,http://creativecommons.org/licenses/by/4.0/legalcode
4879707502,68.214249,23.442833,2022,Postia sericeomollis,LajiGIS: Miscellaneous occurrences,128e38cb-9d38-4ecf-989a-1d66175c20e6,http://creativecommons.org/licenses/by/4.0/legalcode
4879707546,68.699335,27.290011,2022,Hydnellum scabrosum,LajiGIS: Miscellaneous occurrences,128e38cb-9d38-4ecf-989a-1d66175c20e6,http://creativecommons.org/licenses/by/4.0/legalcode
4879707566,68.355096,23.993529,2022,Chaetodermella luna,LajiGIS: Miscellaneous occurrences,128e38cb-9d38-4ecf-989a-1d66175c20e6,http://creativecommons.org/licenses/by/4.0/legalcode
6159721566,67.049362,26.258776,2025,Chaenotheca stemonea,LajiGIS: Species monitoring sites,887bd779-6454-436f-b1f8-86b70488b59f,http://creativecommons.org/licenses/by/4.0/legalcode
6159721567,67.64855,28.280294,2025,Calicium denigratum,LajiGIS: Species monitoring sites,887bd779-6454-436f-b1f8-86b70488b59f,http://creativecommons.org/licenses/by/4.0/legalcode
6159721574,67.491782,26.295891,2025,Calicium denigratum,LajiGIS: Species monitoring sites,887bd779-6454-436f-b1f8-86b70488b59f,http://creativecommons.org/licenses/by/4.0/legalcode
6159721576,67.648141,28.280931,2025,Cladonia parasitica,LajiGIS: Species monitoring sites,887bd779-6454-436f-b1f8-86b70488b59f,http://creativecommons.org/licenses/by/4.0/legalcode
6159721579,67.490626,26.298243,2025,Catinaria neuschildii,LajiGIS: Species monitoring sites,887bd779-6454-436f-b1f8-86b70488b59f,http://creativecommons.org/licenses/by/4.0/legalcode
6159721581,67.461814,29.807107,2025,Pseudographis pinicola,LajiGIS: Species monitoring sites,887bd779-6454-436f-b1f8-86b70488b59f,http://creativecommons.org/licenses/by/4.0/legalcode
6159721583,67.494554,26.295973,2025,Rinodina turfacea,LajiGIS: Species monitoring sites,887bd779-6454-436f-b1f8-86b70488b59f,http://creativecommons.org/licenses/by/4.0/legalcode
6159721590,67.495156,26.298343,2025,Buellia disciformis,LajiGIS: Species monitoring sites,887bd779-6454-436f-b1f8-86b70488b59f,http://creativecommons.org/licenses/by/4.0/legalcode
6159721591,67.465145,29.79931,2025,Pseudographis pinicola,LajiGIS: Species monitoring sites,887bd779-6454-436f-b1f8-86b70488b59f,http://creativecommons.org/licenses/by/4.0/legalcode
6159721592,67.460349,29.796335,2025,Chaenotheca subroscida,LajiGIS: Species monitoring sites,887bd779-6454-436f-b1f8-86b70488b59f,http://creativecommons.org/licenses/by/4.0/legalcode
6159721597,67.461694,29.807818,2025,Pseudographis pinicola,LajiGIS: Species monitoring sites,887bd779-6454-436f-b1f8-86b70488b59f,http://creativecommons.org/licenses/by/4.0/legalcode
6159721598,67.460582,29.795333,2025,Nephroma bellum,LajiGIS: Species monitoring sites,887bd779-6454-436f-b1f8-86b70488b59f,http://creativecommons.org/licenses/by/4.0/legalcode
6159721599,67.490645,26.296581,2025,Calicium denigratum,LajiGIS: Species monitoring sites,887bd779-6454-436f-b1f8-86b70488b59f,http://creativecommons.org/licenses/by/4.0/legalcode
6159721604,67.495037,26.299752,2025,Ramboldia elabens,LajiGIS: Species monitoring sites,887bd779-6454-436f-b1f8-86b70488b59f,http://creativecommons.org/licenses/by/4.0/legalcode
6159721605,67.497706,26.313605,2025,Buellia erubescens,LajiGIS: Species monitoring sites,887bd779-6454-436f-b1f8-86b70488b59f,http://creativecommons.org/licenses/by/4.0/legalcode
6159721610,67.490995,26.296453,2025,Alectoria sarmentosa,LajiGIS: Species monitoring sites,887bd779-6454-436f-b1f8-86b70488b59f,http://creativecommons.org/licenses/by/4.0/legalcode
6159721614,67.460143,29.803564,2025,Pseudographis pinicola,LajiGIS: Species monitoring sites,887bd779-6454-436f-b1f8-86b70488b59f,http://creativecommons.org/licenses/by/4.0/legalcode
6159721615,67.46203,29.802429,2025,Japewia subaurifera,LajiGIS: Species monitoring sites,887bd779-6454-436f-b1f8-86b70488b59f,http://creativecommons.org/licenses/by/4.0/legalcode
6159721617,67.493359,26.303875,2025,Calicium denigratum,LajiGIS: Species monitoring sites,887bd779-6454-436f-b1f8-86b70488b59f,http://creativecommons.org/licenses/by/4.0/legalcode
6159721621,67.647005,28.2816,2025,Cladonia parasitica,LajiGIS: Species monitoring sites,887bd779-6454-436f-b1f8-86b70488b59f,http://creativecommons.org/licenses/by/4.0/legalcode
6159721622,67.490261,26.301063,2025,Nephroma bellum,LajiGIS: Species monitoring sites,887bd779-6454-436f-b1f8-86b70488b59f,http://creativecommons.org/licenses/by/4.0/legalcode
6159721625,67.648339,28.284195,2025,Calicium denigratum,LajiGIS: Species monitoring sites,887bd779-6454-436f-b1f8-86b70488b59f,http://creativecommons.org/licenses/by/4.0/legalcode
6159721632,67.491023,26.298863,2025,Rostania pallida,LajiGIS: Species monitoring sites,887bd779-6454-436f-b1f8-86b70488b59f,http://creativecommons.org/licenses/by/4.0/legalcode
6159721635,67.462886,29.813083,2025,Alectoria sarmentosa,LajiGIS: Species monitoring sites,887bd779-6454-436f-b1f8-86b70488b59f,http://creativecommons.org/licenses/by/4.0/legalcode
6159721640,67.462923,29.798042,2025,Japewia subaurifera,LajiGIS: Species monitoring sites,887bd779-6454-436f-b1f8-86b70488b59f,http://creativecommons.org/licenses/by/4.0/legalcode
6159721644,67.050479,26.255938,2025,Japewia subaurifera,LajiGIS: Species monitoring sites,887bd779-6454-436f-b1f8-86b70488b59f,http://creativecommons.org/licenses/by/4.0/legalcode
6159721645,67.050892,26.254109,2025,Lecanora cadubriae,LajiGIS: Species monitoring sites,887bd779-6454-436f-b1f8-86b70488b59f,http://creativecommons.org/licenses/by/4.0/legalcode
6159721648,67.492614,26.295375,2025,Rinodina turfacea,LajiGIS: Species monitoring sites,887bd779-6454-436f-b1f8-86b70488b59f,http://creativecommons.org/licenses/by/4.0/legalcode
6159721652,67.050653,26.258621,2025,Chaenotheca subroscida,LajiGIS: Species monitoring sites,887bd779-6454-436f-b1f8-86b70488b59f,http://creativecommons.org/licenses/by/4.0/legalcode
6159721656,67.497194,26.313339,2025,Calicium denigratum,LajiGIS: Species monitoring sites,887bd779-6454-436f-b1f8-86b70488b59f,http://creativecommons.org/licenses/by/4.0/legalcode
6159721664,67.051,26.254083,2025,Chaenothecopsis fennica,LajiGIS: Species monitoring sites,887bd779-6454-436f-b1f8-86b70488b59f,http://creativecommons.org/licenses/by/4.0/legalcode
6159721665,67.491003,26.302492,2025,Arthopyrenia analepta,LajiGIS: Species monitoring sites,887bd779-6454-436f-b1f8-86b70488b59f,http://creativecommons.org/licenses/by/4.0/legalcode
6159721670,67.648417,28.281111,2025,Japewia subaurifera,LajiGIS: Species monitoring sites,887bd779-6454-436f-b1f8-86b70488b59f,http://creativecommons.org/licenses/by/4.0/legalcode
6159721672,67.464647,29.799064,2025,Rhodofomes roseus,LajiGIS: Species monitoring sites,887bd779-6454-436f-b1f8-86b70488b59f,http://creativecommons.org/licenses/by/4.0/legalcode
6159721675,67.460684,29.809103,2025,Pseudographis pinicola,LajiGIS: Species monitoring sites,887bd779-6454-436f-b1f8-86b70488b59f,http://creativecommons.org/licenses/by/4.0/legalcode
6159721677,67.498123,26.314436,2025,Rinodina turfacea,LajiGIS: Species monitoring sites,887bd779-6454-436f-b1f8-86b70488b59f,http://creativecommons.org/licenses/by/4.0/legalcode
6159721679,67.461915,29.802814,2025,Pseudographis pinicola,LajiGIS: Species monitoring sites,887bd779-6454-436f-b1f8-86b70488b59f,http://creativecommons.org/licenses/by/4.0/legalcode
6159721681,67.46381,29.810525,2025,Pseudographis pinicola,LajiGIS: Species monitoring sites,887bd779-6454-436f-b1f8-86b70488b59f,http://creativecommons.org/licenses/by/4.0/legalcode
6159721682,67.647817,28.28221,2025,Calicium denigratum,LajiGIS: Species monitoring sites,887bd779-6454-436f-b1f8-86b70488b59f,http://creativecommons.org/licenses/by/4.0/legalcode
6159721684,67.495024,26.300946,2025,Calicium denigratum,LajiGIS: Species monitoring sites,887bd779-6454-436f-b1f8-86b70488b59f,http://creativecommons.org/licenses/by/4.0/legalcode
6159721688,67.049359,26.25611,2025,Japewia subaurifera,LajiGIS: Species monitoring sites,887bd779-6454-436f-b1f8-86b70488b59f,http://creativecommons.org/licenses/by/4.0/legalcode
6159721689,67.647939,28.282617,2025,Bryoria fremontii,LajiGIS: Species monitoring sites,887bd779-6454-436f-b1f8-86b70488b59f,http://creativecommons.org/licenses/by/4.0/legalcode
6159721692,67.461886,29.813784,2025,Pseudographis pinicola,LajiGIS: Species monitoring sites,887bd779-6454-436f-b1f8-86b70488b59f,http://creativecommons.org/licenses/by/4.0/legalcode
6159721696,67.46347,29.814603,2025,Alectoria sarmentosa,LajiGIS: Species monitoring sites,887bd779-6454-436f-b1f8-86b70488b59f,http://creativecommons.org/licenses/by/4.0/legalcode
6159721700,67.461376,29.805956,2025,Pseudographis pinicola,LajiGIS: Species monitoring sites,887bd779-6454-436f-b1f8-86b70488b59f,http://creativecommons.org/licenses/by/4.0/legalcode
6159721702,67.490257,26.306377,2025,Calicium denigratum,LajiGIS: Species monitoring sites,887bd779-6454-436f-b1f8-86b70488b59f,http://creativecommons.org/licenses/by/4.0/legalcode
6159721703,67.492747,26.295043,2025,Pycnora xanthococca,LajiGIS: Species monitoring sites,887bd779-6454-436f-b1f8-86b70488b59f,http://creativecommons.org/licenses/by/4.0/legalcode
6159721706,67.45945,29.807811,2025,Japewia subaurifera,LajiGIS: Species monitoring sites,887bd779-6454-436f-b1f8-86b70488b59f,http://creativecommons.org/licenses/by/4.0/legalcode
6159721707,67.492309,26.295548,2025,Japewia subaurifera,LajiGIS: Species monitoring sites,887bd779-6454-436f-b1f8-86b70488b59f,http://creativecommons.org/licenses/by/4.0/legalcode
6159721708,67.490626,26.298243,2025,Rinodina turfacea,LajiGIS: Species monitoring sites,887bd779-6454-436f-b1f8-86b70488b59f,http://creativecommons.org/licenses/by/4.0/legalcode
6159721711,67.492426,26.295615,2025,Japewia subaurifera,LajiGIS: Species monitoring sites,887bd779-6454-436f-b1f8-86b70488b59f,http://creativecommons.org/licenses/by/4.0/legalcode
6159721713,67.462045,29.802595,2025,Pseudographis pinicola,LajiGIS: Species monitoring sites,887bd779-6454-436f-b1f8-86b70488b59f,http://creativecommons.org/licenses/by/4.0/legalcode
6159721716,67.463655,29.801404,2025,Nephroma bellum,LajiGIS: Species monitoring sites,887bd779-6454-436f-b1f8-86b70488b59f,http://creativecommons.org/licenses/by/4.0/legalcode
6159721722,67.490005,26.304043,2025,Ramboldia elabens,LajiGIS: Species monitoring sites,887bd779-6454-436f-b1f8-86b70488b59f,http://creativecommons.org/licenses/by/4.0/legalcode
6159721723,67.490608,26.302317,2025,Lecanora cadubriae,LajiGIS: Species monitoring sites,887bd779-6454-436f-b1f8-86b70488b59f,http://creativecommons.org/licenses/by/4.0/legalcode
6159721727,67.495174,26.298249,2025,Nephroma bellum,LajiGIS: Species monitoring sites,887bd779-6454-436f-b1f8-86b70488b59f,http://creativecommons.org/licenses/by/4.0/legalcode
6159721728,67.494715,26.297982,2025,Pycnora xanthococca,LajiGIS: Species monitoring sites,887bd779-6454-436f-b1f8-86b70488b59f,http://creativecommons.org/licenses/by/4.0/legalcode
6159721732,67.05055,26.253706,2025,Ramboldia elabens,LajiGIS: Species monitoring sites,887bd779-6454-436f-b1f8-86b70488b59f,http://creativecommons.org/licenses/by/4.0/legalcode
6159721733,67.490301,26.304058,2025,Ramboldia elabens,LajiGIS: Species monitoring sites,887bd779-6454-436f-b1f8-86b70488b59f,http://creativecommons.org/licenses/by/4.0/legalcode
6159721737,67.050096,26.254547,2025,Cladonia parasitica,LajiGIS: Species monitoring sites,887bd779-6454-436f-b1f8-86b70488b59f,http://creativecommons.org/licenses/by/4.0/legalcode
6159721740,67.461236,29.803178,2025,Pseudographis pinicola,LajiGIS: Species monitoring sites,887bd779-6454-436f-b1f8-86b70488b59f,http://creativecommons.org/licenses/by/4.0/legalcode
6159721741,67.465145,29.79931,2025,Chaenotheca stemonea,LajiGIS: Species monitoring sites,887bd779-6454-436f-b1f8-86b70488b59f,http://creativecommons.org/licenses/by/4.0/legalcode
6159721742,67.490994,26.29842,2025,Refractohilum galligenum,LajiGIS: Species monitoring sites,887bd779-6454-436f-b1f8-86b70488b59f,http://creativecommons.org/licenses/by/4.0/legalcode
6159721743,61.244352,25.066427,2025,Felipes leucopellaeus,LajiGIS: Species monitoring sites,887bd779-6454-436f-b1f8-86b70488b59f,http://creativecommons.org/licenses/by/4.0/legalcode
6159721746,67.491217,26.297945,2025,Rostania pallida,LajiGIS: Species monitoring sites,887bd779-6454-436f-b1f8-86b70488b59f,http://creativecommons.org/licenses/by/4.0/legalcode
6159721751,67.462923,29.798042,2025,Pseudographis pinicola,LajiGIS: Species monitoring sites,887bd779-6454-436f-b1f8-86b70488b59f,http://creativecommons.org/licenses/by/4.0/legalcode
6159721753,67.46122,29.805118,2025,Hypogymnia bitteri,LajiGIS: Species monitoring sites,887bd779-6454-436f-b1f8-86b70488b59f,http://creativecommons.org/licenses/by/4.0/legalcode
6159721754,67.646653,28.280756,2025,Calicium denigratum,LajiGIS: Species monitoring sites,887bd779-6454-436f-b1f8-86b70488b59f,http://creativecommons.org/licenses/by/4.0/legalcode
6159721757,67.491293,26.296866,2025,Pycnora xanthococca,LajiGIS: Species monitoring sites,887bd779-6454-436f-b1f8-86b70488b59f,http://creativecommons.org/licenses/by/4.0/legalcode
6159721758,61.244465,25.065563,2025,Felipes leucopellaeus,LajiGIS: Species monitoring sites,887bd779-6454-436f-b1f8-86b70488b59f,http://creativecommons.org/licenses/by/4.0/legalcode
6159721759,67.460059,29.804233,2025,Pseudographis pinicola,LajiGIS: Species monitoring sites,887bd779-6454-436f-b1f8-86b70488b59f,http://creativecommons.org/licenses/by/4.0/legalcode
6159721760,67.461384,29.802938,2025,Sclerophora pallida,LajiGIS: Species monitoring sites,887bd779-6454-436f-b1f8-86b70488b59f,http://creativecommons.org/licenses/by/4.0/legalcode
6159721761,67.461338,29.806606,2025,Pseudographis pinicola,LajiGIS: Species monitoring sites,887bd779-6454-436f-b1f8-86b70488b59f,http://creativecommons.org/licenses/by/4.0/legalcode
6159721762,67.489884,26.3051,2025,Ramboldia elabens,LajiGIS: Species monitoring sites,887bd779-6454-436f-b1f8-86b70488b59f,http://creativecommons.org/licenses/by/4.0/legalcode
6159721765,67.461425,29.806265,2025,Hypogymnia bitteri,LajiGIS: Species monitoring sites,887bd779-6454-436f-b1f8-86b70488b59f,http://creativecommons.org/licenses/by/4.0/legalcode
6159721769,67.462247,29.801285,2025,Alectoria sarmentosa,LajiGIS: Species monitoring sites,887bd779-6454-436f-b1f8-86b70488b59f,http://creativecommons.org/licenses/by/4.0/legalcode
6159721772,67.494554,26.295973,2025,Japewia tornoensis,LajiGIS: Species monitoring sites,887bd779-6454-436f-b1f8-86b70488b59f,http://creativecommons.org/licenses/by/4.0/legalcode
6159721775,67.05079,26.259077,2025,Japewia subaurifera,LajiGIS: Species monitoring sites,887bd779-6454-436f-b1f8-86b70488b59f,http://creativecommons.org/licenses/by/4.0/legalcode
6159721779,67.464152,29.805862,2025,Nephroma bellum,LajiGIS: Species monitoring sites,887bd779-6454-436f-b1f8-86b70488b59f,http://creativecommons.org/licenses/by/4.0/legalcode
6159721780,67.648339,28.284195,2025,Carbonicola myrmecina,LajiGIS: Species monitoring sites,887bd779-6454-436f-b1f8-86b70488b59f,http://creativecommons.org/licenses/by/4.0/legalcode
6159721782,67.460267,29.796934,2025,Alectoria sarmentosa,LajiGIS: Species monitoring sites,887bd779-6454-436f-b1f8-86b70488b59f,http://creativecommons.org/licenses/by/4.0/legalcode
6159721784,67.492998,26.3033,2025,Refractohilum galligenum,LajiGIS: Species monitoring sites,887bd779-6454-436f-b1f8-86b70488b59f,http://creativecommons.org/licenses/by/4.0/legalcode
6159721786,67.05055,26.253706,2025,Japewia subaurifera,LajiGIS: Species monitoring sites,887bd779-6454-436f-b1f8-86b70488b59f,http://creativecommons.org/licenses/by/4.0/legalcode
6159721787,67.491023,26.298863,2025,Nephroma bellum,LajiGIS: Species monitoring sites,887bd779-6454-436f-b1f8-86b70488b59f,http://creativecommons.org/licenses/by/4.0/legalcode
6159721788,67.461427,29.812817,2025,Pseudographis pinicola,LajiGIS: Species monitoring sites,887bd779-6454-436f-b1f8-86b70488b59f,http://creativecommons.org/licenses/by/4.0/legalcode
6159721791,67.46347,29.814603,2025,Chaenotheca stemonea,LajiGIS: Species monitoring sites,887bd779-6454-436f-b1f8-86b70488b59f,http://creativecommons.org/licenses/by/4.0/legalcode
6159721793,67.493505,26.306516,2025,Ramboldia elabens,LajiGIS: Species monitoring sites,887bd779-6454-436f-b1f8-86b70488b59f,http://creativecommons.org/licenses/by/4.0/legalcode
6159721794,67.490645,26.296581,2025,Pycnora xanthococca,LajiGIS: Species monitoring sites,887bd779-6454-436f-b1f8-86b70488b59f,http://creativecommons.org/licenses/by/4.0/legalcode
6159721796,67.46122,29.805118,2025,Japewia subaurifera,LajiGIS: Species monitoring sites,887bd779-6454-436f-b1f8-86b70488b59f,http://creativecommons.org/licenses/by/4.0/legalcode
6159721799,67.497722,26.319295,2025,Japewia tornoensis,LajiGIS: Species monitoring sites,887bd779-6454-436f-b1f8-86b70488b59f,http://creativecommons.org/licenses/by/4.0/legalcode
6159721800,67.492614,26.295375,2025,Nephroma bellum,LajiGIS: Species monitoring sites,887bd779-6454-436f-b1f8-86b70488b59f,http://creativecommons.org/licenses/by/4.0/legalcode
6159721801,61.240442,25.06745,2025,Bacidia laurocerasi,LajiGIS: Species monitoring sites,887bd779-6454-436f-b1f8-86b70488b59f,http://creativecommons.org/licenses/by/4.0/legalcode
6159721806,67.495039,26.296193,2025,Pycnora xanthococca,LajiGIS: Species monitoring sites,887bd779-6454-436f-b1f8-86b70488b59f,http://creativecommons.org/licenses/by/4.0/legalcode
6159721807,67.490914,26.296432,2025,Calicium denigratum,LajiGIS: Species monitoring sites,887bd779-6454-436f-b1f8-86b70488b59f,http://creativecommons.org/licenses/by/4.0/legalcode
6159721815,67.647973,28.282855,2025,Calicium denigratum,LajiGIS: Species monitoring sites,887bd779-6454-436f-b1f8-86b70488b59f,http://creativecommons.org/licenses/by/4.0/legalcode
6159721816,67.498123,26.314436,2025,Japewia tornoensis,LajiGIS: Species monitoring sites,887bd779-6454-436f-b1f8-86b70488b59f,http://creativecommons.org/licenses/by/4.0/legalcode
6159721818,67.646641,28.280025,2025,Cladonia parasitica,LajiGIS: Species monitoring sites,887bd779-6454-436f-b1f8-86b70488b59f,http://creativecommons.org/licenses/by/4.0/legalcode
6159721824,67.491765,26.296196,2025,Hertelidea botryosa,LajiGIS: Species monitoring sites,887bd779-6454-436f-b1f8-86b70488b59f,http://creativecommons.org/licenses/by/4.0/legalcode
6159721827,67.462045,29.802595,2025,Sclerophora pallida,LajiGIS: Species monitoring sites,887bd779-6454-436f-b1f8-86b70488b59f,http://creativecommons.org/licenses/by/4.0/legalcode
6159721831,67.460059,29.804233,2025,Alectoria sarmentosa,LajiGIS: Species monitoring sites,887bd779-6454-436f-b1f8-86b70488b59f,http://creativecommons.org/licenses/by/4.0/legalcode
6159721832,67.460763,29.807661,2025,Japewia subaurifera,LajiGIS: Species monitoring sites,887bd779-6454-436f-b1f8-86b70488b59f,http://creativecommons.org/licenses/by/4.0/legalcode
6159721833,67.495037,26.299752,2025,Japewia subaurifera,LajiGIS: Species monitoring sites,887bd779-6454-436f-b1f8-86b70488b59f,http://creativecommons.org/licenses/by/4.0/legalcode
6159721834,67.489722,26.304918,2025,Hertelidea botryosa,LajiGIS: Species monitoring sites,887bd779-6454-436f-b1f8-86b70488b59f,http://creativecommons.org/licenses/by/4.0/legalcode
6159721837,67.050479,26.255938,2025,Japewia tornoensis,LajiGIS: Species monitoring sites,887bd779-6454-436f-b1f8-86b70488b59f,http://creativecommons.org/licenses/by/4.0/legalcode
6159721838,67.049748,26.254903,2025,Pseudographis pinicola,LajiGIS: Species monitoring sites,887bd779-6454-436f-b1f8-86b70488b59f,http://creativecommons.org/licenses/by/4.0/legalcode
6159721839,67.050892,26.254109,2025,Bryoria fremontii,LajiGIS: Species monitoring sites,887bd779-6454-436f-b1f8-86b70488b59f,http://creativecommons.org/licenses/by/4.0/legalcode
6159721847,67.492998,26.3033,2025,Nephroma bellum,LajiGIS: Species monitoring sites,887bd779-6454-436f-b1f8-86b70488b59f,http://creativecommons.org/licenses/by/4.0/legalcode
6159721851,67.496019,26.311359,2025,Japewia subaurifera,LajiGIS: Species monitoring sites,887bd779-6454-436f-b1f8-86b70488b59f,http://creativecommons.org/licenses/by/4.0/legalcode
6159721854,67.051221,26.253387,2025,Hertelidea botryosa,LajiGIS: Species monitoring sites,887bd779-6454-436f-b1f8-86b70488b59f,http://creativecommons.org/licenses/by/4.0/legalcode
6159721859,67.461886,29.813784,2025,Alectoria sarmentosa,LajiGIS: Species monitoring sites,887bd779-6454-436f-b1f8-86b70488b59f,http://creativecommons.org/licenses/by/4.0/legalcode
6159721862,67.463955,29.801673,2025,Sclerophora pallida,LajiGIS: Species monitoring sites,887bd779-6454-436f-b1f8-86b70488b59f,http://creativecommons.org/licenses/by/4.0/legalcode
6159721864,67.495138,26.29818,2025,Carbonicola myrmecina,LajiGIS: Species monitoring sites,887bd779-6454-436f-b1f8-86b70488b59f,http://creativecommons.org/licenses/by/4.0/legalcode
6159721866,67.646715,28.280901,2025,Japewia subaurifera,LajiGIS: Species monitoring sites,887bd779-6454-436f-b1f8-86b70488b59f,http://creativecommons.org/licenses/by/4.0/legalcode
6159721869,67.648417,28.281111,2025,Calicium denigratum,LajiGIS: Species monitoring sites,887bd779-6454-436f-b1f8-86b70488b59f,http://creativecommons.org/licenses/by/4.0/legalcode
6159721873,67.460704,29.808988,2025,Pseudographis pinicola,LajiGIS: Species monitoring sites,887bd779-6454-436f-b1f8-86b70488b59f,http://creativecommons.org/licenses/by/4.0/legalcode
6159721874,67.646434,28.280038,2025,Lecanora cadubriae,LajiGIS: Species monitoring sites,887bd779-6454-436f-b1f8-86b70488b59f,http://creativecommons.org/licenses/by/4.0/legalcode
6159721880,67.494308,26.303519,2025,Cladonia parasitica,LajiGIS: Species monitoring sites,887bd779-6454-436f-b1f8-86b70488b59f,http://creativecommons.org/licenses/by/4.0/legalcode
6159721881,67.490708,26.302641,2025,Nephroma bellum,LajiGIS: Species monitoring sites,887bd779-6454-436f-b1f8-86b70488b59f,http://creativecommons.org/licenses/by/4.0/legalcode
6159721883,67.464324,29.807333,2025,Alectoria sarmentosa,LajiGIS: Species monitoring sites,887bd779-6454-436f-b1f8-86b70488b59f,http://creativecommons.org/licenses/by/4.0/legalcode
6159721884,60.98563,24.117111,2025,Felipes leucopellaeus,LajiGIS: Species monitoring sites,887bd779-6454-436f-b1f8-86b70488b59f,http://creativecommons.org/licenses/by/4.0/legalcode
6159721887,67.051054,26.254035,2025,Arthopyrenia analepta,LajiGIS: Species monitoring sites,887bd779-6454-436f-b1f8-86b70488b59f,http://creativecommons.org/licenses/by/4.0/legalcode
6159721888,67.050524,26.257821,2025,Nephroma bellum,LajiGIS: Species monitoring sites,887bd779-6454-436f-b1f8-86b70488b59f,http://creativecommons.org/licenses/by/4.0/legalcode
6159721891,67.050239,26.254359,2025,Cladonia parasitica,LajiGIS: Species monitoring sites,887bd779-6454-436f-b1f8-86b70488b59f,http://creativecommons.org/licenses/by/4.0/legalcode
6159721892,67.490873,26.297417,2025,Ramboldia elabens,LajiGIS: Species monitoring sites,887bd779-6454-436f-b1f8-86b70488b59f,http://creativecommons.org/licenses/by/4.0/legalcode
6159721893,67.463032,29.801565,2025,Nephroma bellum,LajiGIS: Species monitoring sites,887bd779-6454-436f-b1f8-86b70488b59f,http://creativecommons.org/licenses/by/4.0/legalcode
6159721895,67.491003,26.302492,2025,Refractohilum galligenum,LajiGIS: Species monitoring sites,887bd779-6454-436f-b1f8-86b70488b59f,http://creativecommons.org/licenses/by/4.0/legalcode
6159721896,67.493681,26.303608,2025,Hertelidea botryosa,LajiGIS: Species monitoring sites,887bd779-6454-436f-b1f8-86b70488b59f,http://creativecommons.org/licenses/by/4.0/legalcode
6159721898,67.647817,28.28221,2025,Pycnora xanthococca,LajiGIS: Species monitoring sites,887bd779-6454-436f-b1f8-86b70488b59f,http://creativecommons.org/licenses/by/4.0/legalcode
6159721900,67.461374,29.80296,2025,Acolium karelicum,LajiGIS: Species monitoring sites,887bd779-6454-436f-b1f8-86b70488b59f,http://creativecommons.org/licenses/by/4.0/legalcode
6159721903,67.461427,29.812817,2025,Alectoria sarmentosa,LajiGIS: Species monitoring sites,887bd779-6454-436f-b1f8-86b70488b59f,http://creativecommons.org/licenses/by/4.0/legalcode
6159721904,67.491217,26.297945,2025,Catinaria atropurpurea,LajiGIS: Species monitoring sites,887bd779-6454-436f-b1f8-86b70488b59f,http://creativecommons.org/licenses/by/4.0/legalcode
6159721905,67.461439,29.802851,2025,Pseudographis pinicola,LajiGIS: Species monitoring sites,887bd779-6454-436f-b1f8-86b70488b59f,http://creativecommons.org/licenses/by/4.0/legalcode
6159721906,67.465216,29.79885,2025,Japewia subaurifera,LajiGIS: Species monitoring sites,887bd779-6454-436f-b1f8-86b70488b59f,http://creativecommons.org/licenses/by/4.0/legalcode
6159721910,67.462923,29.798042,2025,Hypogymnia bitteri,LajiGIS: Species monitoring sites,887bd779-6454-436f-b1f8-86b70488b59f,http://creativecommons.org/licenses/by/4.0/legalcode
6159721911,67.492309,26.295548,2025,Nephroma bellum,LajiGIS: Species monitoring sites,887bd779-6454-436f-b1f8-86b70488b59f,http://creativecommons.org/licenses/by/4.0/legalcode
6159721912,67.490626,26.298243,2025,Japewia tornoensis,LajiGIS: Species monitoring sites,887bd779-6454-436f-b1f8-86b70488b59f,http://creativecommons.org/licenses/by/4.0/legalcode
6159721915,67.461249,29.803975,2025,Nephroma bellum,LajiGIS: Species monitoring sites,887bd779-6454-436f-b1f8-86b70488b59f,http://creativecommons.org/licenses/by/4.0/legalcode
6159721917,67.492157,26.295482,2025,Pycnora xanthococca,LajiGIS: Species monitoring sites,887bd779-6454-436f-b1f8-86b70488b59f,http://creativecommons.org/licenses/by/4.0/legalcode
6159721918,61.244403,25.065641,2025,Felipes leucopellaeus,LajiGIS: Species monitoring sites,887bd779-6454-436f-b1f8-86b70488b59f,http://creativecommons.org/licenses/by/4.0/legalcode
6159721920,67.646653,28.280756,2025,Pycnora xanthococca,LajiGIS: Species monitoring sites,887bd779-6454-436f-b1f8-86b70488b59f,http://creativecommons.org/licenses/by/4.0/legalcode
6159721921,67.491293,26.296866,2025,Japewia subaurifera,LajiGIS: Species monitoring sites,887bd779-6454-436f-b1f8-86b70488b59f,http://creativecommons.org/licenses/by/4.0/legalcode
6159721922,67.463822,29.798452,2025,Xylographa vitiligo,LajiGIS: Species monitoring sites,887bd779-6454-436f-b1f8-86b70488b59f,http://creativecommons.org/licenses/by/4.0/legalcode
6159721927,67.049173,26.256736,2025,Arthothelium scandinavicum,LajiGIS: Species monitoring sites,887bd779-6454-436f-b1f8-86b70488b59f,http://creativecommons.org/licenses/by/4.0/legalcode
6159721931,67.460498,29.80742,2025,Pseudographis pinicola,LajiGIS: Species monitoring sites,887bd779-6454-436f-b1f8-86b70488b59f,http://creativecommons.org/licenses/by/4.0/legalcode
6159721933,67.490005,26.304043,2025,Calicium denigratum,LajiGIS: Species monitoring sites,887bd779-6454-436f-b1f8-86b70488b59f,http://creativecommons.org/licenses/by/4.0/legalcode
6159721934,67.490901,26.297626,2025,Japewia tornoensis,LajiGIS: Species monitoring sites,887bd779-6454-436f-b1f8-86b70488b59f,http://creativecommons.org/licenses/by/4.0/legalcode
6159721939,67.648256,28.28452,2025,Calicium denigratum,LajiGIS: Species monitoring sites,887bd779-6454-436f-b1f8-86b70488b59f,http://creativecommons.org/licenses/by/4.0/legalcode
6159721943,67.648406,28.28031,2025,Hertelidea botryosa,LajiGIS: Species monitoring sites,887bd779-6454-436f-b1f8-86b70488b59f,http://creativecommons.org/licenses/by/4.0/legalcode
6159721947,67.648417,28.281111,2025,Ramboldia elabens,LajiGIS: Species monitoring sites,887bd779-6454-436f-b1f8-86b70488b59f,http://creativecommons.org/licenses/by/4.0/legalcode
6159721950,67.463198,29.798238,2025,Nephroma bellum,LajiGIS: Species monitoring sites,887bd779-6454-436f-b1f8-86b70488b59f,http://creativecommons.org/licenses/by/4.0/legalcode
6159721951,67.462527,29.801692,2025,Agyrium rufum,LajiGIS: Species monitoring sites,887bd779-6454-436f-b1f8-86b70488b59f,http://creativecommons.org/licenses/by/4.0/legalcode
6159721952,67.491217,26.297945,2025,Refractohilum galligenum,LajiGIS: Species monitoring sites,887bd779-6454-436f-b1f8-86b70488b59f,http://creativecommons.org/licenses/by/4.0/legalcode
6159721954,67.462247,29.801285,2025,Pseudographis pinicola,LajiGIS: Species monitoring sites,887bd779-6454-436f-b1f8-86b70488b59f,http://creativecommons.org/licenses/by/4.0/legalcode
6159721955,67.491003,26.302492,2025,Nephroma bellum,LajiGIS: Species monitoring sites,887bd779-6454-436f-b1f8-86b70488b59f,http://creativecommons.org/licenses/by/4.0/legalcode
6159721958,67.49675,26.312322,2025,Ramboldia elabens,LajiGIS: Species monitoring sites,887bd779-6454-436f-b1f8-86b70488b59f,http://creativecommons.org/licenses/by/4.0/legalcode
6159721961,67.458625,29.80514,2025,Acolium inquinans,LajiGIS: Species monitoring sites,887bd779-6454-436f-b1f8-86b70488b59f,http://creativecommons.org/licenses/by/4.0/legalcode
6159721966,67.492157,26.295482,2025,Ramboldia elabens,LajiGIS: Species monitoring sites,887bd779-6454-436f-b1f8-86b70488b59f,http://creativecommons.org/licenses/by/4.0/legalcode
6159721968,67.463965,29.809888,2025,Pseudographis pinicola,LajiGIS: Species monitoring sites,887bd779-6454-436f-b1f8-86b70488b59f,http://creativecommons.org/licenses/by/4.0/legalcode
6159721970,67.490335,26.301576,2025,Odonticium romellii,LajiGIS: Species monitoring sites,887bd779-6454-436f-b1f8-86b70488b59f,http://creativecommons.org/licenses/by/4.0/legalcode
6159721973,67.494354,26.310073,2025,Ramboldia elabens,LajiGIS: Species monitoring sites,887bd779-6454-436f-b1f8-86b70488b59f,http://creativecommons.org/licenses/by/4.0/legalcode
6159721978,67.46464,29.803603,2025,Japewia subaurifera,LajiGIS: Species monitoring sites,887bd779-6454-436f-b1f8-86b70488b59f,http://creativecommons.org/licenses/by/4.0/legalcode
6159721980,61.244328,25.067286,2025,Felipes leucopellaeus,LajiGIS: Species monitoring sites,887bd779-6454-436f-b1f8-86b70488b59f,http://creativecommons.org/licenses/by/4.0/legalcode
6159721982,67.491293,26.296866,2025,Japewia tornoensis,LajiGIS: Species monitoring sites,887bd779-6454-436f-b1f8-86b70488b59f,http://creativecommons.org/licenses/by/4.0/legalcode
6159721985,67.459672,29.80173,2025,Acolium karelicum,LajiGIS: Species monitoring sites,887bd779-6454-436f-b1f8-86b70488b59f,http://creativecommons.org/licenses/by/4.0/legalcode
6159721987,67.491717,26.297579,2025,Refractohilum galligenum,LajiGIS: Species monitoring sites,887bd779-6454-436f-b1f8-86b70488b59f,http://creativecommons.org/licenses/by/4.0/legalcode
6159721988,67.490364,26.301996,2025,Calicium denigratum,LajiGIS: Species monitoring sites,887bd779-6454-436f-b1f8-86b70488b59f,http://creativecommons.org/licenses/by/4.0/legalcode
6159721993,67.460763,29.807661,2025,Alectoria sarmentosa,LajiGIS: Species monitoring sites,887bd779-6454-436f-b1f8-86b70488b59f,http://creativecommons.org/licenses/by/4.0/legalcode
6159721994,67.495256,26.311194,2025,Hertelidea botryosa,LajiGIS: Species monitoring sites,887bd779-6454-436f-b1f8-86b70488b59f,http://creativecommons.org/licenses/by/4.0/legalcode
6159721997,67.051408,26.253036,2025,Chaenothecopsis fennica,LajiGIS: Species monitoring sites,887bd779-6454-436f-b1f8-86b70488b59f,http://creativecommons.org/licenses/by/4.0/legalcode
6159721999,67.460498,29.80742,2025,Japewia tornoensis,LajiGIS: Species monitoring sites,887bd779-6454-436f-b1f8-86b70488b59f,http://creativecommons.org/licenses/by/4.0/legalcode
6159722000,67.490005,26.304043,2025,Carbonicola myrmecina,LajiGIS: Species monitoring sites,887bd779-6454-436f-b1f8-86b70488b59f,http://creativecommons.org/licenses/by/4.0/legalcode
6159722001,67.490539,26.305128,2025,Hertelidea botryosa,LajiGIS: Species monitoring sites,887bd779-6454-436f-b1f8-86b70488b59f,http://creativecommons.org/licenses/by/4.0/legalcode
6159722003,67.048947,26.258214,2025,Calicium denigratum,LajiGIS: Species monitoring sites,887bd779-6454-436f-b1f8-86b70488b59f,http://creativecommons.org/licenses/by/4.0/legalcode
6159722005,67.495138,26.29818,2025,Calicium denigratum,LajiGIS: Species monitoring sites,887bd779-6454-436f-b1f8-86b70488b59f,http://creativecommons.org/licenses/by/4.0/legalcode
6159722006,67.463381,29.814031,2025,Chaenotheca stemonea,LajiGIS: Species monitoring sites,887bd779-6454-436f-b1f8-86b70488b59f,http://creativecommons.org/licenses/by/4.0/legalcode
6159722007,67.461374,29.80296,2025,Sclerophora pallida,LajiGIS: Species monitoring sites,887bd779-6454-436f-b1f8-86b70488b59f,http://creativecommons.org/licenses/by/4.0/legalcode
6159722008,67.490301,26.304058,2025,Pycnora xanthococca,LajiGIS: Species monitoring sites,887bd779-6454-436f-b1f8-86b70488b59f,http://creativecommons.org/licenses/by/4.0/legalcode
6159722011,67.494936,26.311719,2025,Calicium denigratum,LajiGIS: Species monitoring sites,887bd779-6454-436f-b1f8-86b70488b59f,http://creativecommons.org/licenses/by/4.0/legalcode
6159722012,67.458625,29.80514,2025,Pseudographis pinicola,LajiGIS: Species monitoring sites,887bd779-6454-436f-b1f8-86b70488b59f,http://creativecommons.org/licenses/by/4.0/legalcode
6159722013,67.461814,29.807107,2025,Japewia subaurifera,LajiGIS: Species monitoring sites,887bd779-6454-436f-b1f8-86b70488b59f,http://creativecommons.org/licenses/by/4.0/legalcode
6159722016,67.049173,26.256736,2025,Alectoria sarmentosa,LajiGIS: Species monitoring sites,887bd779-6454-436f-b1f8-86b70488b59f,http://creativecommons.org/licenses/by/4.0/legalcode
6159722019,67.458323,29.805455,2025,Arthothelium scandinavicum,LajiGIS: Species monitoring sites,887bd779-6454-436f-b1f8-86b70488b59f,http://creativecommons.org/licenses/by/4.0/legalcode
6159722021,67.491003,26.302492,2025,Lecidea albohyalina,LajiGIS: Species monitoring sites,887bd779-6454-436f-b1f8-86b70488b59f,http://creativecommons.org/licenses/by/4.0/legalcode
6159722022,67.493681,26.303608,2025,Pycnora xanthococca,LajiGIS: Species monitoring sites,887bd779-6454-436f-b1f8-86b70488b59f,http://creativecommons.org/licenses/by/4.0/legalcode
6159722023,67.465216,29.79885,2025,Alectoria sarmentosa,LajiGIS: Species monitoring sites,887bd779-6454-436f-b1f8-86b70488b59f,http://creativecommons.org/licenses/by/4.0/legalcode
6159722024,67.459705,29.807607,2025,Alectoria sarmentosa,LajiGIS: Species monitoring sites,887bd779-6454-436f-b1f8-86b70488b59f,http://creativecommons.org/licenses/by/4.0/legalcode
6159722026,67.491217,26.297945,2025,Nephroma bellum,LajiGIS: Species monitoring sites,887bd779-6454-436f-b1f8-86b70488b59f,http://creativecommons.org/licenses/by/4.0/legalcode
6159722029,67.050724,26.254574,2025,Cladonia parasitica,LajiGIS: Species monitoring sites,887bd779-6454-436f-b1f8-86b70488b59f,http://creativecommons.org/licenses/by/4.0/legalcode
6159722032,67.645986,28.281191,2025,Buellia disciformis,LajiGIS: Species monitoring sites,887bd779-6454-436f-b1f8-86b70488b59f,http://creativecommons.org/licenses/by/4.0/legalcode
6159722033,67.464274,29.798809,2025,Rhodofomes roseus,LajiGIS: Species monitoring sites,887bd779-6454-436f-b1f8-86b70488b59f,http://creativecommons.org/licenses/by/4.0/legalcode
6159722035,67.490994,26.302539,2025,Cladonia parasitica,LajiGIS: Species monitoring sites,887bd779-6454-436f-b1f8-86b70488b59f,http://creativecommons.org/licenses/by/4.0/legalcode
6159722036,67.490967,26.302493,2025,Calicium denigratum,LajiGIS: Species monitoring sites,887bd779-6454-436f-b1f8-86b70488b59f,http://creativecommons.org/licenses/by/4.0/legalcode
6159722038,67.463343,29.813652,2025,Lecanora cadubriae,LajiGIS: Species monitoring sites,887bd779-6454-436f-b1f8-86b70488b59f,http://creativecommons.org/licenses/by/4.0/legalcode
6159722040,67.490662,26.302385,2025,Buellia erubescens,LajiGIS: Species monitoring sites,887bd779-6454-436f-b1f8-86b70488b59f,http://creativecommons.org/licenses/by/4.0/legalcode
6159722041,67.050724,26.254574,2025,Hertelidea botryosa,LajiGIS: Species monitoring sites,887bd779-6454-436f-b1f8-86b70488b59f,http://creativecommons.org/licenses/by/4.0/legalcode
6159722046,67.646653,28.280756,2025,Pycnora xanthococca,LajiGIS: Species monitoring sites,887bd779-6454-436f-b1f8-86b70488b59f,http://creativecommons.org/licenses/by/4.0/legalcode
6159722047,67.491293,26.296866,2025,Ramboldia elabens,LajiGIS: Species monitoring sites,887bd779-6454-436f-b1f8-86b70488b59f,http://creativecommons.org/licenses/by/4.0/legalcode
6159722049,67.492309,26.295548,2025,Japewia tornoensis,LajiGIS: Species monitoring sites,887bd779-6454-436f-b1f8-86b70488b59f,http://creativecommons.org/licenses/by/4.0/legalcode
6159722050,67.489884,26.3051,2025,Calicium denigratum,LajiGIS: Species monitoring sites,887bd779-6454-436f-b1f8-86b70488b59f,http://creativecommons.org/licenses/by/4.0/legalcode
6159722055,67.460763,29.807661,2025,Pseudographis pinicola,LajiGIS: Species monitoring sites,887bd779-6454-436f-b1f8-86b70488b59f,http://creativecommons.org/licenses/by/4.0/legalcode
6159722056,67.64813,28.283382,2025,Japewia subaurifera,LajiGIS: Species monitoring sites,887bd779-6454-436f-b1f8-86b70488b59f,http://creativecommons.org/licenses/by/4.0/legalcode
6159722057,67.496451,26.311651,2025,Carbonicola myrmecina,LajiGIS: Species monitoring sites,887bd779-6454-436f-b1f8-86b70488b59f,http://creativecommons.org/licenses/by/4.0/legalcode
6159722059,67.46238,29.81431,2025,Japewia subaurifera,LajiGIS: Species monitoring sites,887bd779-6454-436f-b1f8-86b70488b59f,http://creativecommons.org/licenses/by/4.0/legalcode
6160349237,60.010994,23.096672,2025,Crepidotus applanatus,LajiGIS: Species mapping and surveys,687c05e9-96d6-40e3-b1c9-2e026d0b3fc0,http://creativecommons.org/licenses/by/4.0/legalcode
6160349269,60.007636,23.094376,2025,Cheimonophyllum candidissimum,LajiGIS: Species mapping and surveys,687c05e9-96d6-40e3-b1c9-2e026d0b3fc0,http://creativecommons.org/licenses/by/4.0/legalcode
6160349301,60.008043,23.095962,2025,Artomyces pyxidatus,LajiGIS: Species mapping and surveys,687c05e9-96d6-40e3-b1c9-2e026d0b3fc0,http://creativecommons.org/licenses/by/4.0/legalcode
6160349765,61.244328,25.067286,2025,Felipes leucopellaeus,LajiGIS: Species mapping and surveys,687c05e9-96d6-40e3-b1c9-2e026d0b3fc0,http://creativecommons.org/licenses/by/4.0/legalcode
6160349827,60.008043,23.095962,2025,Mycena renati,LajiGIS: Species mapping and surveys,687c05e9-96d6-40e3-b1c9-2e026d0b3fc0,http://creativecommons.org/licenses/by/4.0/legalcode
6160349890,61.244352,25.066427,2025,Felipes leucopellaeus,LajiGIS: Species mapping and surveys,687c05e9-96d6-40e3-b1c9-2e026d0b3fc0,http://creativecommons.org/licenses/by/4.0/legalcode
6160349926,61.241892,25.06464,2025,Calicium adspersum,LajiGIS: Species mapping and surveys,687c05e9-96d6-40e3-b1c9-2e026d0b3fc0,http://creativecommons.org/licenses/by/4.0/legalcode
6160350108,60.009569,23.095602,2025,Mycena renati,LajiGIS: Species mapping and surveys,687c05e9-96d6-40e3-b1c9-2e026d0b3fc0,http://creativecommons.org/licenses/by/4.0/legalcode
6160350172,60.005513,23.096745,2025,,LajiGIS: Species mapping and surveys,687c05e9-96d6-40e3-b1c9-2e026d0b3fc0,http://creativecommons.org/licenses/by/4.0/legalcode
6160350200,60.009517,23.094746,2025,Pluteus salicinus,LajiGIS: Species mapping and surveys,687c05e9-96d6-40e3-b1c9-2e026d0b3fc0,http://creativecommons.org/licenses/by/4.0/legalcode
6160350230,60.01138,23.097543,2025,Amanita coryli,LajiGIS: Species mapping and surveys,687c05e9-96d6-40e3-b1c9-2e026d0b3fc0,http://creativecommons.org/licenses/by/4.0/legalcode
6160350484,60.011395,23.098959,2025,Russula illota,LajiGIS: Species mapping and surveys,687c05e9-96d6-40e3-b1c9-2e026d0b3fc0,http://creativecommons.org/licenses/by/4.0/legalcode
6160350608,60.007627,23.094359,2025,Russula risigallina,LajiGIS: Species mapping and surveys,687c05e9-96d6-40e3-b1c9-2e026d0b3fc0,http://creativecommons.org/licenses/by/4.0/legalcode
6160350766,60.012392,23.098626,2025,Russula aurea,LajiGIS: Species mapping and surveys,687c05e9-96d6-40e3-b1c9-2e026d0b3fc0,http://creativecommons.org/licenses/by/4.0/legalcode
6160350945,61.244403,25.065641,2025,Felipes leucopellaeus,LajiGIS: Species mapping and surveys,687c05e9-96d6-40e3-b1c9-2e026d0b3fc0,http://creativecommons.org/licenses/by/4.0/legalcode
6160351010,61.244465,25.065563,2025,Felipes leucopellaeus,LajiGIS: Species mapping and surveys,687c05e9-96d6-40e3-b1c9-2e026d0b3fc0,http://creativecommons.org/licenses/by/4.0/legalcode
6160351370,60.011397,23.097217,2025,Xerocomellus cisalpinus,LajiGIS: Species mapping and surveys,687c05e9-96d6-40e3-b1c9-2e026d0b3fc0,http://creativecommons.org/licenses/by/4.0/legalcode
6160351402,60.00718,23.09355,2025,Russula medullata,LajiGIS: Species mapping and surveys,687c05e9-96d6-40e3-b1c9-2e026d0b3fc0,http://creativecommons.org/licenses/by/4.0/legalcode
6160353181,60.011198,23.096253,2025,Russula farinipes,LajiGIS: Species mapping and surveys,687c05e9-96d6-40e3-b1c9-2e026d0b3fc0,http://creativecommons.org/licenses/by/4.0/legalcode
6160353212,60.005982,23.096492,2025,Russula maculata,LajiGIS: Species mapping and surveys,687c05e9-96d6-40e3-b1c9-2e026d0b3fc0,http://creativecommons.org/licenses/by/4.0/legalcode
6160474337,60.21154,25.021154,2025,,The Atlas of Finnish Fungi,2bc4c2db-1dfa-419c-93ce-6602c5ae8c99,http://creativecommons.org/licenses/by/4.0/legalcode
6160474350,60.219611,25.003535,2025,,The Atlas of Finnish Fungi,2bc4c2db-1dfa-419c-93ce-6602c5ae8c99,http://creativecommons.org/licenses/by/4.0/legalcode
6160474355,63.096983,21.644316,2025,Russula aeruginea,The Atlas of Finnish Fungi,2bc4c2db-1dfa-419c-93ce-6602c5ae8c99,http://creativecommons.org/licenses/by/4.0/legalcode
6160474356,63.096983,21.644316,2025,Xerocomellus fennicus,The Atlas of Finnish Fungi,2bc4c2db-1dfa-419c-93ce-6602c5ae8c99,http://creativecommons.org/licenses/by/4.0/legalcode
6160474365,63.909415,23.634762,2025,Lentinellus micheneri,The Atlas of Finnish Fungi,2bc4c2db-1dfa-419c-93ce-6602c5ae8c99,http://creativecommons.org/licenses/by/4.0/legalcode
6160474371,63.066359,21.731479,2025,Hericium cirrhatum,The Atlas of Finnish Fungi,2bc4c2db-1dfa-419c-93ce-6602c5ae8c99,http://creativecommons.org/licenses/by/4.0/legalcode
6162002308,63.155326,21.572665,2025,Phellinus laevigatus,The Vaasa Society for the Environment Species Observations,22507486-e8de-4173-bf82-561b911b8747,http://creativecommons.org/licenses/by/4.0/legalcode
6162002314,63.108392,21.646152,2025,Phellinidium ferrugineofuscum,The Vaasa Society for the Environment Species Observations,22507486-e8de-4173-bf82-561b911b8747,http://creativecommons.org/licenses/by/4.0/legalcode
6162002345,63.154148,21.57782,2025,Phellinus viticola,The Vaasa Society for the Environment Species Observations,22507486-e8de-4173-bf82-561b911b8747,http://creativecommons.org/licenses/by/4.0/legalcode
6162002413,63.139288,21.567042,2025,Porodaedalea abietis,The Vaasa Society for the Environment Species Observations,22507486-e8de-4173-bf82-561b911b8747,http://creativecommons.org/licenses/by/4.0/legalcode
6162002463,63.155835,21.573505,2025,Phellinidium ferrugineofuscum,The Vaasa Society for the Environment Species Observations,22507486-e8de-4173-bf82-561b911b8747,http://creativecommons.org/licenses/by/4.0/legalcode
6162002496,63.155203,21.574618,2025,Phellinidium ferrugineofuscum,The Vaasa Society for the Environment Species Observations,22507486-e8de-4173-bf82-561b911b8747,http://creativecommons.org/licenses/by/4.0/legalcode
6162002506,63.154376,21.5772,2025,Phellinidium ferrugineofuscum,The Vaasa Society for the Environment Species Observations,22507486-e8de-4173-bf82-561b911b8747,http://creativecommons.org/licenses/by/4.0/legalcode
6162002524,63.154613,21.588096,2025,Phellinus laevigatus,The Vaasa Society for the Environment Species Observations,22507486-e8de-4173-bf82-561b911b8747,http://creativecommons.org/licenses/by/4.0/legalcode
6162002534,63.154388,21.577039,2025,Neoantrodia serialis,The Vaasa Society for the Environment Species Observations,22507486-e8de-4173-bf82-561b911b8747,http://creativecommons.org/licenses/by/4.0/legalcode
6162002540,63.154388,21.577039,2025,Phellinidium ferrugineofuscum,The Vaasa Society for the Environment Species Observations,22507486-e8de-4173-bf82-561b911b8747,http://creativecommons.org/licenses/by/4.0/legalcode
6162002569,63.154359,21.577004,2025,Phellopilus nigrolimitatus,The Vaasa Society for the Environment Species Observations,22507486-e8de-4173-bf82-561b911b8747,http://creativecommons.org/licenses/by/4.0/legalcode
6162002604,63.154559,21.576808,2025,Phellinus viticola,The Vaasa Society for the Environment Species Observations,22507486-e8de-4173-bf82-561b911b8747,http://creativecommons.org/licenses/by/4.0/legalcode
6162002633,63.15464,21.576832,2025,Phellinidium ferrugineofuscum,The Vaasa Society for the Environment Species Observations,22507486-e8de-4173-bf82-561b911b8747,http://creativecommons.org/licenses/by/4.0/legalcode
6162002639,63.15464,21.576832,2025,Phellinus viticola,The Vaasa Society for the Environment Species Observations,22507486-e8de-4173-bf82-561b911b8747,http://creativecommons.org/licenses/by/4.0/legalcode
6162002646,63.139473,21.56647,2025,Neoantrodia serialis,The Vaasa Society for the Environment Species Observations,22507486-e8de-4173-bf82-561b911b8747,http://creativecommons.org/licenses/by/4.0/legalcode
6162002647,63.139473,21.56647,2025,Incrustoporia brevispora,The Vaasa Society for the Environment Species Observations,22507486-e8de-4173-bf82-561b911b8747,http://creativecommons.org/licenses/by/4.0/legalcode
6162002649,63.109802,21.64752,2025,Phellinidium ferrugineofuscum,The Vaasa Society for the Environment Species Observations,22507486-e8de-4173-bf82-561b911b8747,http://creativecommons.org/licenses/by/4.0/legalcode
6162002651,63.139473,21.56647,2025,Phellinidium ferrugineofuscum,The Vaasa Society for the Environment Species Observations,22507486-e8de-4173-bf82-561b911b8747,http://creativecommons.org/licenses/by/4.0/legalcode
6162002674,63.154712,21.577058,2025,Phellinus viticola,The Vaasa Society for the Environment Species Observations,22507486-e8de-4173-bf82-561b911b8747,http://creativecommons.org/licenses/by/4.0/legalcode
6162002680,63.13915,21.567664,2025,Incrustoporia brevispora,The Vaasa Society for the Environment Species Observations,22507486-e8de-4173-bf82-561b911b8747,http://creativecommons.org/licenses/by/4.0/legalcode
6162002682,63.13915,21.567664,2025,Phellinidium ferrugineofuscum,The Vaasa Society for the Environment Species Observations,22507486-e8de-4173-bf82-561b911b8747,http://creativecommons.org/licenses/by/4.0/legalcode
6162002706,63.155274,21.574585,2025,Phellinidium ferrugineofuscum,The Vaasa Society for the Environment Species Observations,22507486-e8de-4173-bf82-561b911b8747,http://creativecommons.org/licenses/by/4.0/legalcode
6162002720,63.139524,21.56664,2025,Butyrea luteoalba,The Vaasa Society for the Environment Species Observations,22507486-e8de-4173-bf82-561b911b8747,http://creativecommons.org/licenses/by/4.0/legalcode
6162002741,63.15549,21.574346,2025,Phellinus viticola,The Vaasa Society for the Environment Species Observations,22507486-e8de-4173-bf82-561b911b8747,http://creativecommons.org/licenses/by/4.0/legalcode
6162002743,63.15549,21.574346,2025,Ischnoderma benzoinum,The Vaasa Society for the Environment Species Observations,22507486-e8de-4173-bf82-561b911b8747,http://creativecommons.org/licenses/by/4.0/legalcode
6162002752,63.139328,21.566915,2025,Phellinus viticola,The Vaasa Society for the Environment Species Observations,22507486-e8de-4173-bf82-561b911b8747,http://creativecommons.org/licenses/by/4.0/legalcode
6162002771,63.155499,21.574344,2025,Antrodia sinuosa,The Vaasa Society for the Environment Species Observations,22507486-e8de-4173-bf82-561b911b8747,http://creativecommons.org/licenses/by/4.0/legalcode
6162002776,63.155499,21.574344,2025,Phellinidium ferrugineofuscum,The Vaasa Society for the Environment Species Observations,22507486-e8de-4173-bf82-561b911b8747,http://creativecommons.org/licenses/by/4.0/legalcode
6162288321,66.120051,28.759219,2025,Alectoria sarmentosa,LajiGIS: Species monitoring sites,887bd779-6454-436f-b1f8-86b70488b59f,http://creativecommons.org/licenses/by/4.0/legalcode
6162288343,63.158917,29.490688,2025,Fuscopannaria praetermissa,LajiGIS: Species monitoring sites,887bd779-6454-436f-b1f8-86b70488b59f,http://creativecommons.org/licenses/by/4.0/legalcode
6162288379,65.713902,29.056946,2025,Alectoria sarmentosa,LajiGIS: Species monitoring sites,887bd779-6454-436f-b1f8-86b70488b59f,http://creativecommons.org/licenses/by/4.0/legalcode
6162288392,63.15886,29.490842,2025,Protopannaria pezizoides,LajiGIS: Species monitoring sites,887bd779-6454-436f-b1f8-86b70488b59f,http://creativecommons.org/licenses/by/4.0/legalcode
6162288393,63.158917,29.490688,2025,Protopannaria pezizoides,LajiGIS: Species monitoring sites,887bd779-6454-436f-b1f8-86b70488b59f,http://creativecommons.org/licenses/by/4.0/legalcode
6162288401,63.157761,29.491065,2025,Agonimia tristicula,LajiGIS: Species monitoring sites,887bd779-6454-436f-b1f8-86b70488b59f,http://creativecommons.org/licenses/by/4.0/legalcode
6162288432,63.15805,29.490474,2025,Protopannaria pezizoides,LajiGIS: Species monitoring sites,887bd779-6454-436f-b1f8-86b70488b59f,http://creativecommons.org/licenses/by/4.0/legalcode
6162288455,63.15803,29.490572,2025,Protopannaria pezizoides,LajiGIS: Species monitoring sites,887bd779-6454-436f-b1f8-86b70488b59f,http://creativecommons.org/licenses/by/4.0/legalcode
6162288470,65.71055,29.036563,2025,Alectoria sarmentosa,LajiGIS: Species monitoring sites,887bd779-6454-436f-b1f8-86b70488b59f,http://creativecommons.org/licenses/by/4.0/legalcode
6162288516,65.719847,29.033327,2025,Alectoria sarmentosa,LajiGIS: Species monitoring sites,887bd779-6454-436f-b1f8-86b70488b59f,http://creativecommons.org/licenses/by/4.0/legalcode
6162288530,66.122642,28.761037,2025,Alectoria sarmentosa,LajiGIS: Species monitoring sites,887bd779-6454-436f-b1f8-86b70488b59f,http://creativecommons.org/licenses/by/4.0/legalcode
6163150222,59.983849,23.883476,2025,Phaeolus schweinitzii,iNaturalist research-grade observations,50c9509d-22c7-4a22-a47d-8c48425ef4a7,http://creativecommons.org/licenses/by-nc/4.0/legalcode
6163489303,63.155961,29.491824,2025,Parmeliella thriptophylla,LajiGIS: Species monitoring sites,887bd779-6454-436f-b1f8-86b70488b59f,http://creativecommons.org/licenses/by/4.0/legalcode
6163489308,63.157819,29.490852,2025,Chaenotheca gracilenta,LajiGIS: Species monitoring sites,887bd779-6454-436f-b1f8-86b70488b59f,http://creativecommons.org/licenses/by/4.0/legalcode
6163489316,63.158191,29.490089,2025,Fuscopannaria praetermissa,LajiGIS: Species monitoring sites,887bd779-6454-436f-b1f8-86b70488b59f,http://creativecommons.org/licenses/by/4.0/legalcode
6163489329,63.158672,29.488303,2025,Parmeliella thriptophylla,LajiGIS: Species monitoring sites,887bd779-6454-436f-b1f8-86b70488b59f,http://creativecommons.org/licenses/by/4.0/legalcode
6163489352,63.157398,29.493298,2025,Bryobilimbia hypnorum,LajiGIS: Species monitoring sites,887bd779-6454-436f-b1f8-86b70488b59f,http://creativecommons.org/licenses/by/4.0/legalcode
6163489381,63.157288,29.491422,2025,Parmeliella thriptophylla,LajiGIS: Species monitoring sites,887bd779-6454-436f-b1f8-86b70488b59f,http://creativecommons.org/licenses/by/4.0/legalcode
6163489383,63.157216,29.491435,2025,Parmeliella thriptophylla,LajiGIS: Species monitoring sites,887bd779-6454-436f-b1f8-86b70488b59f,http://creativecommons.org/licenses/by/4.0/legalcode
6163489390,63.156953,29.491036,2025,Parmeliella thriptophylla,LajiGIS: Species monitoring sites,887bd779-6454-436f-b1f8-86b70488b59f,http://creativecommons.org/licenses/by/4.0/legalcode
6163489393,63.159067,29.48929,2025,Parmeliella thriptophylla,LajiGIS: Species monitoring sites,887bd779-6454-436f-b1f8-86b70488b59f,http://creativecommons.org/licenses/by/4.0/legalcode
6163489394,63.157743,29.491044,2025,Parmeliella thriptophylla,LajiGIS: Species monitoring sites,887bd779-6454-436f-b1f8-86b70488b59f,http://creativecommons.org/licenses/by/4.0/legalcode
6163489398,63.157681,29.491038,2025,Parmeliella thriptophylla,LajiGIS: Species monitoring sites,887bd779-6454-436f-b1f8-86b70488b59f,http://creativecommons.org/licenses/by/4.0/legalcode
6163489400,63.156273,29.493976,2025,Parmeliella thriptophylla,LajiGIS: Species monitoring sites,887bd779-6454-436f-b1f8-86b70488b59f,http://creativecommons.org/licenses/by/4.0/legalcode
6163489401,63.156881,29.492102,2025,Parmeliella thriptophylla,LajiGIS: Species monitoring sites,887bd779-6454-436f-b1f8-86b70488b59f,http://creativecommons.org/licenses/by/4.0/legalcode
6163489402,63.15857,29.491035,2025,Parmeliella thriptophylla,LajiGIS: Species monitoring sites,887bd779-6454-436f-b1f8-86b70488b59f,http://creativecommons.org/licenses/by/4.0/legalcode
6163489404,63.157757,29.488761,2025,Parmeliella thriptophylla,LajiGIS: Species monitoring sites,887bd779-6454-436f-b1f8-86b70488b59f,http://creativecommons.org/licenses/by/4.0/legalcode
6163489443,63.157203,29.494175,2025,Phlyctis argena,LajiGIS: Species monitoring sites,887bd779-6454-436f-b1f8-86b70488b59f,http://creativecommons.org/licenses/by/4.0/legalcode
6163489447,63.159603,29.488423,2025,Parmeliella thriptophylla,LajiGIS: Species monitoring sites,887bd779-6454-436f-b1f8-86b70488b59f,http://creativecommons.org/licenses/by/4.0/legalcode
6163489498,63.157203,29.494175,2025,Ramalina europaea,LajiGIS: Species monitoring sites,887bd779-6454-436f-b1f8-86b70488b59f,http://creativecommons.org/licenses/by/4.0/legalcode
6163489511,63.155973,29.492659,2025,,LajiGIS: Species monitoring sites,887bd779-6454-436f-b1f8-86b70488b59f,http://creativecommons.org/licenses/by/4.0/legalcode
6163489518,63.157761,29.491065,2025,Ramonia melathelia,LajiGIS: Species monitoring sites,887bd779-6454-436f-b1f8-86b70488b59f,http://creativecommons.org/licenses/by/4.0/legalcode
6163489537,65.712663,29.034222,2025,Alectoria sarmentosa,LajiGIS: Species monitoring sites,887bd779-6454-436f-b1f8-86b70488b59f,http://creativecommons.org/licenses/by/4.0/legalcode
6163489538,63.157344,29.491784,2025,Acarospora glaucocarpa,LajiGIS: Species monitoring sites,887bd779-6454-436f-b1f8-86b70488b59f,http://creativecommons.org/licenses/by/4.0/legalcode
6163489541,63.15757,29.489678,2025,Acarospora glaucocarpa,LajiGIS: Species monitoring sites,887bd779-6454-436f-b1f8-86b70488b59f,http://creativecommons.org/licenses/by/4.0/legalcode
6163489558,63.157761,29.491065,2025,Gyalecta russula,LajiGIS: Species monitoring sites,887bd779-6454-436f-b1f8-86b70488b59f,http://creativecommons.org/licenses/by/4.0/legalcode
6163489563,63.156969,29.494254,2025,,LajiGIS: Species monitoring sites,887bd779-6454-436f-b1f8-86b70488b59f,http://creativecommons.org/licenses/by/4.0/legalcode
6163489565,65.793516,29.672455,2025,Alectoria sarmentosa,LajiGIS: Species monitoring sites,887bd779-6454-436f-b1f8-86b70488b59f,http://creativecommons.org/licenses/by/4.0/legalcode
6163489568,63.15757,29.489678,2025,Lecanora cenisia,LajiGIS: Species monitoring sites,887bd779-6454-436f-b1f8-86b70488b59f,http://creativecommons.org/licenses/by/4.0/legalcode
6163489572,63.155973,29.492659,2025,Lecanora cenisia,LajiGIS: Species monitoring sites,887bd779-6454-436f-b1f8-86b70488b59f,http://creativecommons.org/licenses/by/4.0/legalcode
6163489592,63.158684,29.480896,2025,Vahliella leucophaea,LajiGIS: Species monitoring sites,887bd779-6454-436f-b1f8-86b70488b59f,http://creativecommons.org/licenses/by/4.0/legalcode
6163489594,63.158965,29.480761,2025,Vahliella leucophaea,LajiGIS: Species monitoring sites,887bd779-6454-436f-b1f8-86b70488b59f,http://creativecommons.org/licenses/by/4.0/legalcode
6163489617,63.157077,29.492178,2025,,LajiGIS: Species monitoring sites,887bd779-6454-436f-b1f8-86b70488b59f,http://creativecommons.org/licenses/by/4.0/legalcode
5827554215,60.552304,22.297404,2025,Craterellus tubaeformis,iNaturalist research-grade observations,50c9509d-22c7-4a22-a47d-8c48425ef4a7,http://creativecommons.org/licenses/by-nc/4.0/legalcode
5827554622,60.275582,24.960416,2025,Armillaria borealis,iNaturalist research-grade observations,50c9509d-22c7-4a22-a47d-8c48425ef4a7,http://creativecommons.org/licenses/by-nc/4.0/legalcode
5827555135,60.766065,23.888824,2025,Lactarius pubescens,iNaturalist research-grade observations,50c9509d-22c7-4a22-a47d-8c48425ef4a7,http://creativecommons.org/licenses/by-nc/4.0/legalcode
5827557547,65.064715,25.467621,2025,Lactarius torminosus,iNaturalist research-grade observations,50c9509d-22c7-4a22-a47d-8c48425ef4a7,http://creativecommons.org/licenses/by-nc/4.0/legalcode
5827562436,65.064543,25.463996,2025,Coprinus comatus,iNaturalist research-grade observations,50c9509d-22c7-4a22-a47d-8c48425ef4a7,http://creativecommons.org/licenses/by-nc/4.0/legalcode
5827562452,65.063263,25.468666,2025,Cortinarius caperatus,iNaturalist research-grade observations,50c9509d-22c7-4a22-a47d-8c48425ef4a7,http://creativecommons.org/licenses/by-nc/4.0/legalcode
5827564930,62.280469,25.806156,2025,Gomphidius glutinosus,iNaturalist research-grade observations,50c9509d-22c7-4a22-a47d-8c48425ef4a7,http://creativecommons.org/licenses/by-nc/4.0/legalcode
5827567696,60.320143,22.308338,2025,Phlegmacium triumphans,iNaturalist research-grade observations,50c9509d-22c7-4a22-a47d-8c48425ef4a7,http://creativecommons.org/licenses/by-nc/4.0/legalcode
5827567698,60.320087,22.307366,2025,Amanita muscaria,iNaturalist research-grade observations,50c9509d-22c7-4a22-a47d-8c48425ef4a7,http://creativecommons.org/licenses/by-nc/4.0/legalcode
5827569687,68.912276,27.014607,2025,Thelephora terrestris,iNaturalist research-grade observations,50c9509d-22c7-4a22-a47d-8c48425ef4a7,http://creativecommons.org/licenses/by-nc/4.0/legalcode
5827572267,65.04888,25.490699,2025,Cortinarius alboviolaceus,iNaturalist research-grade observations,50c9509d-22c7-4a22-a47d-8c48425ef4a7,http://creativecommons.org/licenses/by-nc/4.0/legalcode
5827573421,60.551397,22.30083,2025,Cortinarius armillatus,iNaturalist research-grade observations,50c9509d-22c7-4a22-a47d-8c48425ef4a7,http://creativecommons.org/licenses/by-nc/4.0/legalcode
5827577068,60.270662,24.137111,2025,Coprinus comatus,iNaturalist research-grade observations,50c9509d-22c7-4a22-a47d-8c48425ef4a7,http://creativecommons.org/licenses/by-nc/4.0/legalcode
5827577357,61.46068,23.678378,2025,Hygrocybe conica,iNaturalist research-grade observations,50c9509d-22c7-4a22-a47d-8c48425ef4a7,http://creativecommons.org/licenses/by-nc/4.0/legalcode
5827581870,60.27699,24.966541,2025,Amanita muscaria,iNaturalist research-grade observations,50c9509d-22c7-4a22-a47d-8c48425ef4a7,http://creativecommons.org/licenses/by-nc/4.0/legalcode
5827584375,60.226852,25.015077,2025,Xanthoria parietina,iNaturalist research-grade observations,50c9509d-22c7-4a22-a47d-8c48425ef4a7,http://creativecommons.org/licenses/by-nc/4.0/legalcode
5827584413,66.368303,29.330003,2025,Gymnosporangium cornutum,iNaturalist research-grade observations,50c9509d-22c7-4a22-a47d-8c48425ef4a7,http://creativecommons.org/licenses/by-nc/4.0/legalcode
5827584840,65.001953,25.86638,2025,Kuehneromyces mutabilis,iNaturalist research-grade observations,50c9509d-22c7-4a22-a47d-8c48425ef4a7,http://creativecommons.org/licenses/by-nc/4.0/legalcode
5827589199,60.158663,24.941289,2025,Xanthoria parietina,iNaturalist research-grade observations,50c9509d-22c7-4a22-a47d-8c48425ef4a7,http://creativecommons.org/licenses/by-nc/4.0/legalcode
5827590353,65.061076,25.462544,2025,Kuehneromyces mutabilis,iNaturalist research-grade observations,50c9509d-22c7-4a22-a47d-8c48425ef4a7,http://creativecommons.org/licenses/by-nc/4.0/legalcode
5827592215,65.064531,25.468167,2025,Phaeolepiota aurea,iNaturalist research-grade observations,50c9509d-22c7-4a22-a47d-8c48425ef4a7,http://creativecommons.org/licenses/by-nc/4.0/legalcode
5827594732,61.471196,21.86632,2025,Fomitopsis betulina,iNaturalist research-grade observations,50c9509d-22c7-4a22-a47d-8c48425ef4a7,http://creativecommons.org/licenses/by-nc/4.0/legalcode
5827594825,60.158192,24.944338,2025,Parmelia sulcata,iNaturalist research-grade observations,50c9509d-22c7-4a22-a47d-8c48425ef4a7,http://creativecommons.org/licenses/by-nc/4.0/legalcode
5827596015,60.206038,24.881441,2025,Collybiopsis confluens,iNaturalist research-grade observations,50c9509d-22c7-4a22-a47d-8c48425ef4a7,http://creativecommons.org/licenses/by-nc/4.0/legalcode
5827597816,60.227667,24.907646,2025,Fomitopsis pinicola,iNaturalist research-grade observations,50c9509d-22c7-4a22-a47d-8c48425ef4a7,http://creativecommons.org/licenses/by-nc/4.0/legalcode
5827598943,60.171342,24.930737,2025,Pleurotus dryinus,iNaturalist research-grade observations,50c9509d-22c7-4a22-a47d-8c48425ef4a7,http://creativecommons.org/licenses/by/4.0/legalcode
5827600702,60.847151,23.047871,2025,Lactarius helvus,iNaturalist research-grade observations,50c9509d-22c7-4a22-a47d-8c48425ef4a7,http://creativecommons.org/licenses/by-nc/4.0/legalcode
5827601153,65.022707,25.422315,2025,Pluteus leoninus,iNaturalist research-grade observations,50c9509d-22c7-4a22-a47d-8c48425ef4a7,http://creativecommons.org/licenses/by-nc/4.0/legalcode
5827602900,62.256161,25.702255,2025,Hygrocybe conica,iNaturalist research-grade observations,50c9509d-22c7-4a22-a47d-8c48425ef4a7,http://creativecommons.org/licenses/by-nc/4.0/legalcode
5827604341,65.000349,25.861743,2025,Paragymnopus perforans,iNaturalist research-grade observations,50c9509d-22c7-4a22-a47d-8c48425ef4a7,http://creativecommons.org/licenses/by-nc/4.0/legalcode
5827609101,60.334805,22.138707,2025,Craterellus cornucopioides,iNaturalist research-grade observations,50c9509d-22c7-4a22-a47d-8c48425ef4a7,http://creativecommons.org/licenses/by-nc/4.0/legalcode
5827611988,60.225538,25.018025,2025,Hypogymnia tubulosa,iNaturalist research-grade observations,50c9509d-22c7-4a22-a47d-8c48425ef4a7,http://creativecommons.org/licenses/by/4.0/legalcode
5827618024,60.213913,24.990008,2025,Phallus impudicus,iNaturalist research-grade observations,50c9509d-22c7-4a22-a47d-8c48425ef4a7,http://creativecommons.org/licenses/by-nc/4.0/legalcode
5827618042,63.544041,29.134804,2025,Armillaria borealis,iNaturalist research-grade observations,50c9509d-22c7-4a22-a47d-8c48425ef4a7,http://creativecommons.org/licenses/by-nc/4.0/legalcode
5827618943,60.455971,22.276281,2025,Sawadaea tulasnei,iNaturalist research-grade observations,50c9509d-22c7-4a22-a47d-8c48425ef4a7,http://creativecommons.org/licenses/by-nc/4.0/legalcode
5827620519,61.181993,23.847035,2025,Amanita muscaria,iNaturalist research-grade observations,50c9509d-22c7-4a22-a47d-8c48425ef4a7,http://creativecommons.org/licenses/by-nc/4.0/legalcode
5827620793,62.893917,21.834275,2025,Lactarius torminosus,iNaturalist research-grade observations,50c9509d-22c7-4a22-a47d-8c48425ef4a7,http://creativecommons.org/licenses/by-nc/4.0/legalcode
5827622298,65.001575,25.863659,2025,Calocera viscosa,iNaturalist research-grade observations,50c9509d-22c7-4a22-a47d-8c48425ef4a7,http://creativecommons.org/licenses/by-nc/4.0/legalcode
5827623382,60.226845,25.016456,2025,Coprinus comatus,iNaturalist research-grade observations,50c9509d-22c7-4a22-a47d-8c48425ef4a7,http://creativecommons.org/licenses/by/4.0/legalcode
5827624548,62.52645,21.115224,2025,Postia ptychogaster,iNaturalist research-grade observations,50c9509d-22c7-4a22-a47d-8c48425ef4a7,http://creativecommons.org/licenses/by-nc/4.0/legalcode
5827628380,60.699584,23.875746,2025,Exobasidium vaccinii,iNaturalist research-grade observations,50c9509d-22c7-4a22-a47d-8c48425ef4a7,http://creativecommons.org/licenses/by-nc/4.0/legalcode
5827630928,64.68616,24.478452,2025,Coprinus comatus,iNaturalist research-grade observations,50c9509d-22c7-4a22-a47d-8c48425ef4a7,http://creativecommons.org/licenses/by-nc/4.0/legalcode
5827632766,64.579091,26.477501,2025,Cladonia uncialis,iNaturalist research-grade observations,50c9509d-22c7-4a22-a47d-8c48425ef4a7,http://creativecommons.org/licenses/by/4.0/legalcode
5827634878,65.001596,25.864124,2025,Cortinarius sanguineus,iNaturalist research-grade observations,50c9509d-22c7-4a22-a47d-8c48425ef4a7,http://creativecommons.org/licenses/by-nc/4.0/legalcode
5827638177,61.117017,24.83208,2025,Rhytisma acerinum,iNaturalist research-grade observations,50c9509d-22c7-4a22-a47d-8c48425ef4a7,http://creativecommons.org/publicdomain/zero/1.0/legalcode
5827638522,61.666842,27.326922,2025,Macrolepiota procera,iNaturalist research-grade observations,50c9509d-22c7-4a22-a47d-8c48425ef4a7,http://creativecommons.org/licenses/by-nc/4.0/legalcode
5827638710,60.208665,24.876898,2025,Armillaria borealis,iNaturalist research-grade observations,50c9509d-22c7-4a22-a47d-8c48425ef4a7,http://creativecommons.org/licenses/by-nc/4.0/legalcode
5827643211,64.682156,24.487732,2025,Xanthoria parietina,iNaturalist research-grade observations,50c9509d-22c7-4a22-a47d-8c48425ef4a7,http://creativecommons.org/licenses/by-nc/4.0/legalcode
5827644736,59.976283,23.926975,2025,Lactarius helvus,iNaturalist research-grade observations,50c9509d-22c7-4a22-a47d-8c48425ef4a7,http://creativecommons.org/licenses/by-nc/4.0/legalcode
5827644746,61.879208,28.853958,2025,Phaeolepiota aurea,iNaturalist research-grade observations,50c9509d-22c7-4a22-a47d-8c48425ef4a7,http://creativecommons.org/publicdomain/zero/1.0/legalcode
5827648137,65.064533,25.468294,2025,Amanita fulva,iNaturalist research-grade observations,50c9509d-22c7-4a22-a47d-8c48425ef4a7,http://creativecommons.org/licenses/by-nc/4.0/legalcode
5827648607,60.238513,25.137897,2025,Artomyces pyxidatus,iNaturalist research-grade observations,50c9509d-22c7-4a22-a47d-8c48425ef4a7,http://creativecommons.org/licenses/by-nc/4.0/legalcode
5827649965,65.064925,25.45968,2025,Hypholoma capnoides,iNaturalist research-grade observations,50c9509d-22c7-4a22-a47d-8c48425ef4a7,http://creativecommons.org/licenses/by-nc/4.0/legalcode
5827651657,65.000149,25.861811,2025,Gomphidius glutinosus,iNaturalist research-grade observations,50c9509d-22c7-4a22-a47d-8c48425ef4a7,http://creativecommons.org/licenses/by-nc/4.0/legalcode
5827653752,62.302175,25.747852,2025,Cortinarius caperatus,iNaturalist research-grade observations,50c9509d-22c7-4a22-a47d-8c48425ef4a7,http://creativecommons.org/licenses/by-nc/4.0/legalcode
5827655032,62.303932,25.746831,2025,Hypogymnia physodes,iNaturalist research-grade observations,50c9509d-22c7-4a22-a47d-8c48425ef4a7,http://creativecommons.org/licenses/by-nc/4.0/legalcode
5827656037,60.221255,25.008169,2025,Amanita muscaria,iNaturalist research-grade observations,50c9509d-22c7-4a22-a47d-8c48425ef4a7,http://creativecommons.org/licenses/by-nc/4.0/legalcode
5827656392,61.484911,23.750259,2025,Coprinus comatus,iNaturalist research-grade observations,50c9509d-22c7-4a22-a47d-8c48425ef4a7,http://creativecommons.org/licenses/by-nc/4.0/legalcode
5827657588,60.257133,24.836828,2025,Leccinum scabrum,iNaturalist research-grade observations,50c9509d-22c7-4a22-a47d-8c48425ef4a7,http://creativecommons.org/licenses/by-nc/4.0/legalcode
5827660523,60.334553,22.138401,2025,Paraconiothyrium tiliae,iNaturalist research-grade observations,50c9509d-22c7-4a22-a47d-8c48425ef4a7,http://creativecommons.org/licenses/by-nc/4.0/legalcode
5827661546,60.323768,22.304417,2025,Amanita muscaria,iNaturalist research-grade observations,50c9509d-22c7-4a22-a47d-8c48425ef4a7,http://creativecommons.org/licenses/by-nc/4.0/legalcode
5827661585,60.317238,22.307357,2025,Trametes ochracea,iNaturalist research-grade observations,50c9509d-22c7-4a22-a47d-8c48425ef4a7,http://creativecommons.org/licenses/by-nc/4.0/legalcode
5827662858,60.319723,22.317459,2025,Suillus luteus,iNaturalist research-grade observations,50c9509d-22c7-4a22-a47d-8c48425ef4a7,http://creativecommons.org/licenses/by-nc/4.0/legalcode
5827663934,65.064527,25.46827,2025,Tylopilus felleus,iNaturalist research-grade observations,50c9509d-22c7-4a22-a47d-8c48425ef4a7,http://creativecommons.org/licenses/by-nc/4.0/legalcode
5827664396,62.839961,25.465536,2025,Lobaria pulmonaria,iNaturalist research-grade observations,50c9509d-22c7-4a22-a47d-8c48425ef4a7,http://creativecommons.org/licenses/by/4.0/legalcode
5827664731,60.917814,24.772691,2025,Gomphidius glutinosus,iNaturalist research-grade observations,50c9509d-22c7-4a22-a47d-8c48425ef4a7,http://creativecommons.org/licenses/by-nc/4.0/legalcode
5827665279,65.018715,25.435668,2025,Amanita muscaria,iNaturalist research-grade observations,50c9509d-22c7-4a22-a47d-8c48425ef4a7,http://creativecommons.org/licenses/by-nc/4.0/legalcode
5827666385,60.677847,21.753714,2025,Hypogymnia physodes,iNaturalist research-grade observations,50c9509d-22c7-4a22-a47d-8c48425ef4a7,http://creativecommons.org/publicdomain/zero/1.0/legalcode
5827666437,60.323443,22.305221,2025,Ganoderma applanatum,iNaturalist research-grade observations,50c9509d-22c7-4a22-a47d-8c48425ef4a7,http://creativecommons.org/licenses/by-nc/4.0/legalcode
5827667000,60.348608,25.360174,2025,Tolypocladium ophioglossoides,iNaturalist research-grade observations,50c9509d-22c7-4a22-a47d-8c48425ef4a7,http://creativecommons.org/licenses/by/4.0/legalcode
5827668210,64.571703,26.478287,2025,Fomes fomentarius,iNaturalist research-grade observations,50c9509d-22c7-4a22-a47d-8c48425ef4a7,http://creativecommons.org/licenses/by-nc/4.0/legalcode
5827668440,60.732742,23.567888,2025,Russula paludosa,iNaturalist research-grade observations,50c9509d-22c7-4a22-a47d-8c48425ef4a7,http://creativecommons.org/licenses/by-nc/4.0/legalcode
5827669673,61.468876,23.753643,2025,Suillus grevillei,iNaturalist research-grade observations,50c9509d-22c7-4a22-a47d-8c48425ef4a7,http://creativecommons.org/licenses/by-nc/4.0/legalcode
5827670736,60.208206,25.058861,2025,Cladonia arbuscula,iNaturalist research-grade observations,50c9509d-22c7-4a22-a47d-8c48425ef4a7,http://creativecommons.org/licenses/by/4.0/legalcode
5827674556,65.022115,24.637999,2025,Vulpicida pinastri,iNaturalist research-grade observations,50c9509d-22c7-4a22-a47d-8c48425ef4a7,http://creativecommons.org/licenses/by-nc/4.0/legalcode
5827674662,65.067649,25.453039,2025,,iNaturalist research-grade observations,50c9509d-22c7-4a22-a47d-8c48425ef4a7,http://creativecommons.org/licenses/by-nc/4.0/legalcode
5827674664,65.013825,24.670714,2025,Cladonia stellaris,iNaturalist research-grade observations,50c9509d-22c7-4a22-a47d-8c48425ef4a7,http://creativecommons.org/licenses/by-nc/4.0/legalcode
5827677567,61.871037,28.86287,2025,Pseudevernia furfuracea,iNaturalist research-grade observations,50c9509d-22c7-4a22-a47d-8c48425ef4a7,http://creativecommons.org/publicdomain/zero/1.0/legalcode
5827678325,62.012031,24.64485,2025,Neoantrodia serialis,iNaturalist research-grade observations,50c9509d-22c7-4a22-a47d-8c48425ef4a7,http://creativecommons.org/licenses/by-nc/4.0/legalcode
5827679321,65.064797,25.470597,2025,Russula emetica,iNaturalist research-grade observations,50c9509d-22c7-4a22-a47d-8c48425ef4a7,http://creativecommons.org/licenses/by-nc/4.0/legalcode
5827682034,60.870113,24.365356,2025,Lactarius torminosus,iNaturalist research-grade observations,50c9509d-22c7-4a22-a47d-8c48425ef4a7,http://creativecommons.org/licenses/by-nc/4.0/legalcode
5827682964,60.237217,25.141464,2025,Armillaria borealis,iNaturalist research-grade observations,50c9509d-22c7-4a22-a47d-8c48425ef4a7,http://creativecommons.org/licenses/by-nc/4.0/legalcode
5827683011,60.229565,25.044134,2025,Armillaria borealis,iNaturalist research-grade observations,50c9509d-22c7-4a22-a47d-8c48425ef4a7,http://creativecommons.org/licenses/by-nc/4.0/legalcode
5827684746,60.200523,25.162491,2025,Armillaria borealis,iNaturalist research-grade observations,50c9509d-22c7-4a22-a47d-8c48425ef4a7,http://creativecommons.org/licenses/by-nc/4.0/legalcode
5827688674,60.352172,22.219828,2025,Rhytisma acerinum,iNaturalist research-grade observations,50c9509d-22c7-4a22-a47d-8c48425ef4a7,http://creativecommons.org/licenses/by-nc/4.0/legalcode
5827694401,63.264866,27.754214,2025,Suillus luteus,iNaturalist research-grade observations,50c9509d-22c7-4a22-a47d-8c48425ef4a7,http://creativecommons.org/licenses/by-nc/4.0/legalcode
5827696288,65.018398,25.435281,2025,Amanita regalis,iNaturalist research-grade observations,50c9509d-22c7-4a22-a47d-8c48425ef4a7,http://creativecommons.org/licenses/by-nc/4.0/legalcode
5827696838,61.48148,24.091342,2025,Phlebia tremellosa,iNaturalist research-grade observations,50c9509d-22c7-4a22-a47d-8c48425ef4a7,http://creativecommons.org/licenses/by-nc/4.0/legalcode
5827698222,62.193514,25.721144,2025,Coprinus comatus,iNaturalist research-grade observations,50c9509d-22c7-4a22-a47d-8c48425ef4a7,http://creativecommons.org/licenses/by-nc/4.0/legalcode
5827699918,60.879407,23.75047,2025,Leccinum variicolor,iNaturalist research-grade observations,50c9509d-22c7-4a22-a47d-8c48425ef4a7,http://creativecommons.org/licenses/by-nc/4.0/legalcode
5827700976,61.87143,28.859878,2025,Leccinum scabrum,iNaturalist research-grade observations,50c9509d-22c7-4a22-a47d-8c48425ef4a7,http://creativecommons.org/publicdomain/zero/1.0/legalcode
5827701594,60.277072,24.96635,2025,Cortinarius violaceus,iNaturalist research-grade observations,50c9509d-22c7-4a22-a47d-8c48425ef4a7,http://creativecommons.org/licenses/by-nc/4.0/legalcode
5827701617,60.771931,24.837389,2025,Lactarius torminosus,iNaturalist research-grade observations,50c9509d-22c7-4a22-a47d-8c48425ef4a7,http://creativecommons.org/licenses/by-nc/4.0/legalcode
5827704056,60.48138,22.501901,2025,Melanelia hepatizon,iNaturalist research-grade observations,50c9509d-22c7-4a22-a47d-8c48425ef4a7,http://creativecommons.org/publicdomain/zero/1.0/legalcode
5827704880,60.319593,22.30621,2025,Gomphidius glutinosus,iNaturalist research-grade observations,50c9509d-22c7-4a22-a47d-8c48425ef4a7,http://creativecommons.org/licenses/by-nc/4.0/legalcode
5827707303,60.781972,21.161053,2025,Suillus bovinus,iNaturalist research-grade observations,50c9509d-22c7-4a22-a47d-8c48425ef4a7,http://creativecommons.org/licenses/by-nc/4.0/legalcode
5827707900,60.872391,24.366783,2025,Amanita virosa,iNaturalist research-grade observations,50c9509d-22c7-4a22-a47d-8c48425ef4a7,http://creativecommons.org/licenses/by-nc/4.0/legalcode
5827710936,66.21059,24.930239,2025,Artomyces pyxidatus,iNaturalist research-grade observations,50c9509d-22c7-4a22-a47d-8c48425ef4a7,http://creativecommons.org/licenses/by-nc/4.0/legalcode
5827712304,60.216668,25.00916,2025,Amanita muscaria,iNaturalist research-grade observations,50c9509d-22c7-4a22-a47d-8c48425ef4a7,http://creativecommons.org/licenses/by-nc/4.0/legalcode
5827713707,60.265528,25.294241,2025,Urocystis ranunculi,iNaturalist research-grade observations,50c9509d-22c7-4a22-a47d-8c48425ef4a7,http://creativecommons.org/licenses/by-nc/4.0/legalcode
5827714275,65.000798,25.86023,2025,Cystoderma amianthinum,iNaturalist research-grade observations,50c9509d-22c7-4a22-a47d-8c48425ef4a7,http://creativecommons.org/licenses/by-nc/4.0/legalcode
5827715203,65.003242,25.865397,2025,Cortinarius armillatus,iNaturalist research-grade observations,50c9509d-22c7-4a22-a47d-8c48425ef4a7,http://creativecommons.org/licenses/by-nc/4.0/legalcode
5827715841,59.816108,22.325042,2025,Amanita muscaria,iNaturalist research-grade observations,50c9509d-22c7-4a22-a47d-8c48425ef4a7,http://creativecommons.org/licenses/by-nc/4.0/legalcode
5827718225,61.529787,21.589093,2025,Xanthoparmelia conspersa,iNaturalist research-grade observations,50c9509d-22c7-4a22-a47d-8c48425ef4a7,http://creativecommons.org/licenses/by-nc/4.0/legalcode
5827721924,62.230355,25.743313,2025,Coprinus comatus,iNaturalist research-grade observations,50c9509d-22c7-4a22-a47d-8c48425ef4a7,http://creativecommons.org/licenses/by-nc/4.0/legalcode
5827723619,61.583108,21.519269,2025,Calocera viscosa,iNaturalist research-grade observations,50c9509d-22c7-4a22-a47d-8c48425ef4a7,http://creativecommons.org/licenses/by-nc/4.0/legalcode
5827724701,61.29187,26.42412,2025,Cortinarius semisanguineus,iNaturalist research-grade observations,50c9509d-22c7-4a22-a47d-8c48425ef4a7,http://creativecommons.org/licenses/by-nc/4.0/legalcode
5827725502,61.672589,21.744651,2025,Amanita muscaria,iNaturalist research-grade observations,50c9509d-22c7-4a22-a47d-8c48425ef4a7,http://creativecommons.org/licenses/by-nc/4.0/legalcode
5827728975,60.138881,25.001969,2025,Lasallia pustulata,iNaturalist research-grade observations,50c9509d-22c7-4a22-a47d-8c48425ef4a7,http://creativecommons.org/licenses/by/4.0/legalcode
5827729054,61.520713,23.87742,2025,Neoantrodia serialis,iNaturalist research-grade observations,50c9509d-22c7-4a22-a47d-8c48425ef4a7,http://creativecommons.org/licenses/by-nc/4.0/legalcode
5827731160,65.051079,25.463476,2025,Coltricia perennis,iNaturalist research-grade observations,50c9509d-22c7-4a22-a47d-8c48425ef4a7,http://creativecommons.org/licenses/by-nc/4.0/legalcode
5827731207,63.264524,27.757367,2025,Gomphidius glutinosus,iNaturalist research-grade observations,50c9509d-22c7-4a22-a47d-8c48425ef4a7,http://creativecommons.org/licenses/by-nc/4.0/legalcode
5827731985,60.240605,25.141128,2025,Fomitopsis pinicola,iNaturalist research-grade observations,50c9509d-22c7-4a22-a47d-8c48425ef4a7,http://creativecommons.org/licenses/by-nc/4.0/legalcode
5827732530,60.43259,23.010345,2025,Ganoderma applanatum,iNaturalist research-grade observations,50c9509d-22c7-4a22-a47d-8c48425ef4a7,http://creativecommons.org/licenses/by-nc/4.0/legalcode
5827734857,65.001073,25.864142,2025,Fomitopsis pinicola,iNaturalist research-grade observations,50c9509d-22c7-4a22-a47d-8c48425ef4a7,http://creativecommons.org/licenses/by-nc/4.0/legalcode
5827746077,60.225735,25.011412,2025,Hygrocybe conica,iNaturalist research-grade observations,50c9509d-22c7-4a22-a47d-8c48425ef4a7,http://creativecommons.org/licenses/by-nc/4.0/legalcode
5827746788,60.230099,25.04851,2025,Imleria badia,iNaturalist research-grade observations,50c9509d-22c7-4a22-a47d-8c48425ef4a7,http://creativecommons.org/licenses/by-nc/4.0/legalcode
5827751921,60.322635,22.323262,2025,Suillus grevillei,iNaturalist research-grade observations,50c9509d-22c7-4a22-a47d-8c48425ef4a7,http://creativecommons.org/licenses/by-nc/4.0/legalcode
5827753351,61.269837,23.49687,2025,Calocera viscosa,iNaturalist research-grade observations,50c9509d-22c7-4a22-a47d-8c48425ef4a7,http://creativecommons.org/licenses/by-nc/4.0/legalcode
5827754747,61.518964,23.877491,2025,Trametes hirsuta,iNaturalist research-grade observations,50c9509d-22c7-4a22-a47d-8c48425ef4a7,http://creativecommons.org/licenses/by-nc/4.0/legalcode
5827754982,60.211377,24.868767,2025,Coprinus comatus,iNaturalist research-grade observations,50c9509d-22c7-4a22-a47d-8c48425ef4a7,http://creativecommons.org/licenses/by-nc/4.0/legalcode
5827756299,62.708437,25.262509,2025,Clavaria fragilis,iNaturalist research-grade observations,50c9509d-22c7-4a22-a47d-8c48425ef4a7,http://creativecommons.org/licenses/by-nc/4.0/legalcode
5827759196,65.9072,25.105015,2025,Sphaerophorus fragilis,iNaturalist research-grade observations,50c9509d-22c7-4a22-a47d-8c48425ef4a7,http://creativecommons.org/licenses/by-nc/4.0/legalcode
5827766773,60.25259,22.106412,2025,,iNaturalist research-grade observations,50c9509d-22c7-4a22-a47d-8c48425ef4a7,http://creativecommons.org/licenses/by-nc/4.0/legalcode
5827767134,65.058072,25.480809,2025,Amanita muscaria,iNaturalist research-grade observations,50c9509d-22c7-4a22-a47d-8c48425ef4a7,http://creativecommons.org/licenses/by/4.0/legalcode
5827767317,60.677862,21.753655,2025,Parmelia saxatilis,iNaturalist research-grade observations,50c9509d-22c7-4a22-a47d-8c48425ef4a7,http://creativecommons.org/publicdomain/zero/1.0/legalcode
5827767934,65.020328,24.639587,2025,Cladonia stellaris,iNaturalist research-grade observations,50c9509d-22c7-4a22-a47d-8c48425ef4a7,http://creativecommons.org/licenses/by-nc/4.0/legalcode
5827770248,60.875363,23.752391,2025,Lactarius torminosus,iNaturalist research-grade observations,50c9509d-22c7-4a22-a47d-8c48425ef4a7,http://creativecommons.org/licenses/by-nc/4.0/legalcode
5827775257,62.296831,25.74613,2025,Fomes fomentarius,iNaturalist research-grade observations,50c9509d-22c7-4a22-a47d-8c48425ef4a7,http://creativecommons.org/licenses/by-nc/4.0/legalcode
5827782168,60.297355,24.618594,2025,Albatrellus ovinus,iNaturalist research-grade observations,50c9509d-22c7-4a22-a47d-8c48425ef4a7,http://creativecommons.org/publicdomain/zero/1.0/legalcode
5827782412,64.866025,25.485221,2025,Amanita muscaria,iNaturalist research-grade observations,50c9509d-22c7-4a22-a47d-8c48425ef4a7,http://creativecommons.org/licenses/by-nc/4.0/legalcode
5827789987,65.000003,25.862618,2025,Gymnopus dryophilus,iNaturalist research-grade observations,50c9509d-22c7-4a22-a47d-8c48425ef4a7,http://creativecommons.org/licenses/by-nc/4.0/legalcode
5827790456,65.064881,25.45887,2025,Amanita fulva,iNaturalist research-grade observations,50c9509d-22c7-4a22-a47d-8c48425ef4a7,http://creativecommons.org/licenses/by-nc/4.0/legalcode
5827793804,65.00292,25.865949,2025,Gymnopilus penetrans,iNaturalist research-grade observations,50c9509d-22c7-4a22-a47d-8c48425ef4a7,http://creativecommons.org/licenses/by-nc/4.0/legalcode
5827796773,60.184969,25.152397,2025,Armillaria borealis,iNaturalist research-grade observations,50c9509d-22c7-4a22-a47d-8c48425ef4a7,http://creativecommons.org/licenses/by-nc/4.0/legalcode
5827801164,60.226905,25.013947,2025,Xanthoparmelia stenophylla,iNaturalist research-grade observations,50c9509d-22c7-4a22-a47d-8c48425ef4a7,http://creativecommons.org/licenses/by-nc/4.0/legalcode
5827802063,60.193652,23.387953,2025,Fomes fomentarius,iNaturalist research-grade observations,50c9509d-22c7-4a22-a47d-8c48425ef4a7,http://creativecommons.org/licenses/by-nc/4.0/legalcode
5827807197,65.064566,25.468164,2025,Lactarius torminosus,iNaturalist research-grade observations,50c9509d-22c7-4a22-a47d-8c48425ef4a7,http://creativecommons.org/licenses/by-nc/4.0/legalcode
5827809141,60.225254,25.014441,2025,Lepiota clypeolaria,iNaturalist research-grade observations,50c9509d-22c7-4a22-a47d-8c48425ef4a7,http://creativecommons.org/licenses/by-nc/4.0/legalcode
5827812215,65.732127,29.388658,2025,Stropharia hornemannii,iNaturalist research-grade observations,50c9509d-22c7-4a22-a47d-8c48425ef4a7,http://creativecommons.org/licenses/by-nc/4.0/legalcode
5827815933,60.499844,22.090963,2025,Parmelia omphalodes,iNaturalist research-grade observations,50c9509d-22c7-4a22-a47d-8c48425ef4a7,http://creativecommons.org/publicdomain/zero/1.0/legalcode
5827816870,60.215608,24.992821,2025,Boletus edulis,iNaturalist research-grade observations,50c9509d-22c7-4a22-a47d-8c48425ef4a7,http://creativecommons.org/licenses/by-nc/4.0/legalcode
5827820803,60.463646,22.741617,2025,Tolypocladium ophioglossoides,iNaturalist research-grade observations,50c9509d-22c7-4a22-a47d-8c48425ef4a7,http://creativecommons.org/licenses/by-nc/4.0/legalcode
5827821410,65.011923,25.814169,2025,Suillus bovinus,iNaturalist research-grade observations,50c9509d-22c7-4a22-a47d-8c48425ef4a7,http://creativecommons.org/licenses/by-nc/4.0/legalcode
5827823344,65.001853,25.86643,2025,Lactarius camphoratus,iNaturalist research-grade observations,50c9509d-22c7-4a22-a47d-8c48425ef4a7,http://creativecommons.org/licenses/by-nc/4.0/legalcode
5827823497,60.796136,23.636182,2025,Armillaria borealis,iNaturalist research-grade observations,50c9509d-22c7-4a22-a47d-8c48425ef4a7,http://creativecommons.org/licenses/by-nc/4.0/legalcode
5827825260,63.621612,23.483732,2025,Paxillus involutus,iNaturalist research-grade observations,50c9509d-22c7-4a22-a47d-8c48425ef4a7,http://creativecommons.org/licenses/by-nc/4.0/legalcode
5827826969,60.871014,24.366882,2025,Albatrellus ovinus,iNaturalist research-grade observations,50c9509d-22c7-4a22-a47d-8c48425ef4a7,http://creativecommons.org/licenses/by-nc/4.0/legalcode
5827827576,62.644517,29.852347,2025,Amanita muscaria,iNaturalist research-grade observations,50c9509d-22c7-4a22-a47d-8c48425ef4a7,http://creativecommons.org/licenses/by-nc/4.0/legalcode
5827828397,63.264536,27.758067,2025,Cuphophyllus virgineus,iNaturalist research-grade observations,50c9509d-22c7-4a22-a47d-8c48425ef4a7,http://creativecommons.org/licenses/by-nc/4.0/legalcode
5827828801,61.642988,27.335741,2025,Fomitopsis pinicola,iNaturalist research-grade observations,50c9509d-22c7-4a22-a47d-8c48425ef4a7,http://creativecommons.org/licenses/by-nc/4.0/legalcode
5827831059,61.478435,23.757739,2025,Coprinus comatus,iNaturalist research-grade observations,50c9509d-22c7-4a22-a47d-8c48425ef4a7,http://creativecommons.org/licenses/by-nc/4.0/legalcode
5827835738,60.236295,25.142439,2025,Hydnellum peckii,iNaturalist research-grade observations,50c9509d-22c7-4a22-a47d-8c48425ef4a7,http://creativecommons.org/licenses/by-nc/4.0/legalcode
5827837102,63.092965,21.582057,2025,Hypogymnia physodes,iNaturalist research-grade observations,50c9509d-22c7-4a22-a47d-8c48425ef4a7,http://creativecommons.org/licenses/by-nc/4.0/legalcode
5827838697,65.022686,25.423342,2025,Fomes fomentarius,iNaturalist research-grade observations,50c9509d-22c7-4a22-a47d-8c48425ef4a7,http://creativecommons.org/licenses/by-nc/4.0/legalcode
5827841399,65.001831,25.864158,2025,Cortinarius rubellus,iNaturalist research-grade observations,50c9509d-22c7-4a22-a47d-8c48425ef4a7,http://creativecommons.org/licenses/by-nc/4.0/legalcode
5827842163,60.204441,23.410391,2025,Gomphidius roseus,iNaturalist research-grade observations,50c9509d-22c7-4a22-a47d-8c48425ef4a7,http://creativecommons.org/licenses/by-nc/4.0/legalcode
5827843402,60.177796,24.937337,2025,Aspropaxillus giganteus,iNaturalist research-grade observations,50c9509d-22c7-4a22-a47d-8c48425ef4a7,http://creativecommons.org/licenses/by-nc/4.0/legalcode
5827846220,60.875021,23.752931,2025,Craterellus tubaeformis,iNaturalist research-grade observations,50c9509d-22c7-4a22-a47d-8c48425ef4a7,http://creativecommons.org/licenses/by-nc/4.0/legalcode
5827846957,60.847195,23.047425,2025,Lactarius rufus,iNaturalist research-grade observations,50c9509d-22c7-4a22-a47d-8c48425ef4a7,http://creativecommons.org/licenses/by-nc/4.0/legalcode
5827847158,65.009539,25.817945,2025,Rhodocollybia butyracea,iNaturalist research-grade observations,50c9509d-22c7-4a22-a47d-8c48425ef4a7,http://creativecommons.org/licenses/by-nc/4.0/legalcode
5827847316,60.135895,25.005384,2025,Amanita muscaria,iNaturalist research-grade observations,50c9509d-22c7-4a22-a47d-8c48425ef4a7,http://creativecommons.org/licenses/by-nc/4.0/legalcode
5827848456,62.749867,22.875745,2025,Coprinus comatus,iNaturalist research-grade observations,50c9509d-22c7-4a22-a47d-8c48425ef4a7,http://creativecommons.org/licenses/by-nc/4.0/legalcode
5827849662,60.136066,25.021555,2025,Amanita muscaria,iNaturalist research-grade observations,50c9509d-22c7-4a22-a47d-8c48425ef4a7,http://creativecommons.org/licenses/by-nc/4.0/legalcode
5827850177,60.22635,25.013406,2025,Coprinus comatus,iNaturalist research-grade observations,50c9509d-22c7-4a22-a47d-8c48425ef4a7,http://creativecommons.org/licenses/by-nc/4.0/legalcode
5827850419,65.020226,25.451352,2025,Lactarius torminosus,iNaturalist research-grade observations,50c9509d-22c7-4a22-a47d-8c48425ef4a7,http://creativecommons.org/licenses/by-nc/4.0/legalcode
5827852712,63.873073,29.038268,2025,Russula paludosa,iNaturalist research-grade observations,50c9509d-22c7-4a22-a47d-8c48425ef4a7,http://creativecommons.org/licenses/by/4.0/legalcode
5827855325,61.583108,21.519269,2025,Amanita muscaria,iNaturalist research-grade observations,50c9509d-22c7-4a22-a47d-8c48425ef4a7,http://creativecommons.org/licenses/by-nc/4.0/legalcode
5827855627,65.820703,24.518917,2025,Gomphidius roseus,iNaturalist research-grade observations,50c9509d-22c7-4a22-a47d-8c48425ef4a7,http://creativecommons.org/licenses/by-nc/4.0/legalcode
5827856795,65.059683,25.463102,2025,Bovista nigrescens,iNaturalist research-grade observations,50c9509d-22c7-4a22-a47d-8c48425ef4a7,http://creativecommons.org/licenses/by-nc/4.0/legalcode
5827859052,65.063706,25.468302,2025,Cortinarius caperatus,iNaturalist research-grade observations,50c9509d-22c7-4a22-a47d-8c48425ef4a7,http://creativecommons.org/licenses/by-nc/4.0/legalcode
5827860519,60.226633,25.017085,2025,Coprinus comatus,iNaturalist research-grade observations,50c9509d-22c7-4a22-a47d-8c48425ef4a7,http://creativecommons.org/licenses/by-nc/4.0/legalcode
5827860584,65.002013,25.864045,2025,Paxillus involutus,iNaturalist research-grade observations,50c9509d-22c7-4a22-a47d-8c48425ef4a7,http://creativecommons.org/licenses/by-nc/4.0/legalcode
5827861136,60.185795,24.883403,2025,Amanita muscaria,iNaturalist research-grade observations,50c9509d-22c7-4a22-a47d-8c48425ef4a7,http://creativecommons.org/publicdomain/zero/1.0/legalcode
5827862924,62.269834,25.697943,2025,Suillus luteus,iNaturalist research-grade observations,50c9509d-22c7-4a22-a47d-8c48425ef4a7,http://creativecommons.org/licenses/by-nc/4.0/legalcode
5827866860,60.189388,24.810328,2025,Boletus edulis,iNaturalist research-grade observations,50c9509d-22c7-4a22-a47d-8c48425ef4a7,http://creativecommons.org/licenses/by-nc/4.0/legalcode
5827867412,65.020253,24.63954,2025,Cladonia stellaris,iNaturalist research-grade observations,50c9509d-22c7-4a22-a47d-8c48425ef4a7,http://creativecommons.org/licenses/by-nc/4.0/legalcode
5827871794,60.252691,22.10696,2025,Stereum subtomentosum,iNaturalist research-grade observations,50c9509d-22c7-4a22-a47d-8c48425ef4a7,http://creativecommons.org/licenses/by-nc/4.0/legalcode
5827873463,60.477152,22.488949,2025,Cladonia rangiferina,iNaturalist research-grade observations,50c9509d-22c7-4a22-a47d-8c48425ef4a7,http://creativecommons.org/publicdomain/zero/1.0/legalcode
5827876539,65.001964,25.8641,2025,Heyderia abietis,iNaturalist research-grade observations,50c9509d-22c7-4a22-a47d-8c48425ef4a7,http://creativecommons.org/licenses/by-nc/4.0/legalcode
5827877507,61.490062,23.763466,2025,Amanita muscaria,iNaturalist research-grade observations,50c9509d-22c7-4a22-a47d-8c48425ef4a7,http://creativecommons.org/licenses/by-nc/4.0/legalcode
5827879162,60.264753,25.294183,2025,Uromyces trifolii-repentis,iNaturalist research-grade observations,50c9509d-22c7-4a22-a47d-8c48425ef4a7,http://creativecommons.org/licenses/by-nc/4.0/legalcode
5827880061,65.048617,25.491091,2025,Cortinarius armillatus,iNaturalist research-grade observations,50c9509d-22c7-4a22-a47d-8c48425ef4a7,http://creativecommons.org/licenses/by-nc/4.0/legalcode
5827880990,65.000821,25.864077,2025,Phellodon tomentosus,iNaturalist research-grade observations,50c9509d-22c7-4a22-a47d-8c48425ef4a7,http://creativecommons.org/licenses/by-nc/4.0/legalcode
5827882932,60.297745,24.863945,2025,Hericium coralloides,iNaturalist research-grade observations,50c9509d-22c7-4a22-a47d-8c48425ef4a7,http://creativecommons.org/publicdomain/zero/1.0/legalcode
5827885060,60.267037,22.37379,2025,Suillus bovinus,iNaturalist research-grade observations,50c9509d-22c7-4a22-a47d-8c48425ef4a7,http://creativecommons.org/licenses/by-nc/4.0/legalcode
5827885844,60.21616,25.033618,2025,Phaeolepiota aurea,iNaturalist research-grade observations,50c9509d-22c7-4a22-a47d-8c48425ef4a7,http://creativecommons.org/licenses/by-nc/4.0/legalcode
5827887571,65.022112,24.638325,2025,Amanita muscaria,iNaturalist research-grade observations,50c9509d-22c7-4a22-a47d-8c48425ef4a7,http://creativecommons.org/licenses/by-nc/4.0/legalcode
5827889836,60.215819,24.856075,2025,Boletus edulis,iNaturalist research-grade observations,50c9509d-22c7-4a22-a47d-8c48425ef4a7,http://creativecommons.org/licenses/by-nc/4.0/legalcode
5827893490,65.020408,25.450086,2025,Armillaria borealis,iNaturalist research-grade observations,50c9509d-22c7-4a22-a47d-8c48425ef4a7,http://creativecommons.org/licenses/by-nc/4.0/legalcode
5827902406,60.323496,22.304755,2025,Hypogymnia physodes,iNaturalist research-grade observations,50c9509d-22c7-4a22-a47d-8c48425ef4a7,http://creativecommons.org/licenses/by-nc/4.0/legalcode
5827906432,62.212455,25.746605,2025,Leucocybe connata,iNaturalist research-grade observations,50c9509d-22c7-4a22-a47d-8c48425ef4a7,http://creativecommons.org/licenses/by-nc/4.0/legalcode
5827909807,61.872203,28.857683,2025,Mycena galericulata,iNaturalist research-grade observations,50c9509d-22c7-4a22-a47d-8c48425ef4a7,http://creativecommons.org/publicdomain/zero/1.0/legalcode
5827910053,60.172685,24.960791,2025,Parmelia sulcata,iNaturalist research-grade observations,50c9509d-22c7-4a22-a47d-8c48425ef4a7,http://creativecommons.org/licenses/by-nc/4.0/legalcode
5827910530,60.216465,25.009499,2025,Lactarius torminosus,iNaturalist research-grade observations,50c9509d-22c7-4a22-a47d-8c48425ef4a7,http://creativecommons.org/licenses/by-nc/4.0/legalcode
5827911461,65.021749,24.637611,2025,Cortinarius caperatus,iNaturalist research-grade observations,50c9509d-22c7-4a22-a47d-8c48425ef4a7,http://creativecommons.org/licenses/by-nc/4.0/legalcode
5827914392,61.868492,28.863795,2025,Amanita muscaria,iNaturalist research-grade observations,50c9509d-22c7-4a22-a47d-8c48425ef4a7,http://creativecommons.org/publicdomain/zero/1.0/legalcode
5827918577,60.228994,24.964359,2025,Xanthoria parietina,iNaturalist research-grade observations,50c9509d-22c7-4a22-a47d-8c48425ef4a7,http://creativecommons.org/licenses/by-nc/4.0/legalcode
5827922561,65.020337,24.639498,2025,Boletus edulis,iNaturalist research-grade observations,50c9509d-22c7-4a22-a47d-8c48425ef4a7,http://creativecommons.org/licenses/by-nc/4.0/legalcode
5827925158,60.311008,25.056817,2025,Artomyces pyxidatus,iNaturalist research-grade observations,50c9509d-22c7-4a22-a47d-8c48425ef4a7,http://creativecommons.org/licenses/by-nc/4.0/legalcode
5827926765,61.291578,26.423975,2025,Armillaria borealis,iNaturalist research-grade observations,50c9509d-22c7-4a22-a47d-8c48425ef4a7,http://creativecommons.org/licenses/by-nc/4.0/legalcode
5827927548,65.064257,25.468446,2025,Lactarius rufus,iNaturalist research-grade observations,50c9509d-22c7-4a22-a47d-8c48425ef4a7,http://creativecommons.org/licenses/by-nc/4.0/legalcode
5827928729,60.298606,24.617454,2025,Phellinus tremulae,iNaturalist research-grade observations,50c9509d-22c7-4a22-a47d-8c48425ef4a7,http://creativecommons.org/publicdomain/zero/1.0/legalcode
5827929299,65.000809,25.860126,2025,Cortinarius croceus,iNaturalist research-grade observations,50c9509d-22c7-4a22-a47d-8c48425ef4a7,http://creativecommons.org/licenses/by-nc/4.0/legalcode
5827931838,60.845839,23.049438,2025,Amanita virosa,iNaturalist research-grade observations,50c9509d-22c7-4a22-a47d-8c48425ef4a7,http://creativecommons.org/licenses/by-nc/4.0/legalcode
5827935132,60.206208,25.022878,2025,Hypogymnia physodes,iNaturalist research-grade observations,50c9509d-22c7-4a22-a47d-8c48425ef4a7,http://creativecommons.org/licenses/by/4.0/legalcode
5827935149,60.609149,22.266436,2025,Hygrophoropsis aurantiaca,iNaturalist research-grade observations,50c9509d-22c7-4a22-a47d-8c48425ef4a7,http://creativecommons.org/licenses/by-nc/4.0/legalcode
5827935697,60.29736,24.617872,2025,Suillus variegatus,iNaturalist research-grade observations,50c9509d-22c7-4a22-a47d-8c48425ef4a7,http://creativecommons.org/publicdomain/zero/1.0/legalcode
5827936631,60.638246,22.592185,2025,Amanita muscaria,iNaturalist research-grade observations,50c9509d-22c7-4a22-a47d-8c48425ef4a7,http://creativecommons.org/licenses/by-nc/4.0/legalcode
5827947492,61.288805,26.424863,2025,Cantharellula umbonata,iNaturalist research-grade observations,50c9509d-22c7-4a22-a47d-8c48425ef4a7,http://creativecommons.org/licenses/by-nc/4.0/legalcode
5827951551,65.064573,25.47003,2025,Cortinarius collinitus,iNaturalist research-grade observations,50c9509d-22c7-4a22-a47d-8c48425ef4a7,http://creativecommons.org/licenses/by-nc/4.0/legalcode
5827963907,63.26383,27.755057,2025,Suillus variegatus,iNaturalist research-grade observations,50c9509d-22c7-4a22-a47d-8c48425ef4a7,http://creativecommons.org/licenses/by-nc/4.0/legalcode
5827965003,65.057403,25.460342,2025,Russula claroflava,iNaturalist research-grade observations,50c9509d-22c7-4a22-a47d-8c48425ef4a7,http://creativecommons.org/licenses/by-nc/4.0/legalcode
5827965833,65.057983,25.474933,2025,Amanita muscaria,iNaturalist research-grade observations,50c9509d-22c7-4a22-a47d-8c48425ef4a7,http://creativecommons.org/licenses/by-nc/4.0/legalcode
5827965959,60.323625,22.305491,2025,Phlyctis argena,iNaturalist research-grade observations,50c9509d-22c7-4a22-a47d-8c48425ef4a7,http://creativecommons.org/licenses/by-nc/4.0/legalcode
5827966364,60.847195,23.047425,2025,Armillaria borealis,iNaturalist research-grade observations,50c9509d-22c7-4a22-a47d-8c48425ef4a7,http://creativecommons.org/licenses/by-nc/4.0/legalcode
5827967039,60.2758,24.494233,2025,Albatrellus ovinus,iNaturalist research-grade observations,50c9509d-22c7-4a22-a47d-8c48425ef4a7,http://creativecommons.org/licenses/by/4.0/legalcode
5827970308,60.186302,25.146788,2025,Uromyces viciae-fabae,iNaturalist research-grade observations,50c9509d-22c7-4a22-a47d-8c48425ef4a7,http://creativecommons.org/licenses/by-nc/4.0/legalcode
5827975416,60.199741,25.161953,2025,Armillaria borealis,iNaturalist research-grade observations,50c9509d-22c7-4a22-a47d-8c48425ef4a7,http://creativecommons.org/licenses/by-nc/4.0/legalcode
5827982551,60.319005,22.305836,2025,Chalciporus piperatus,iNaturalist research-grade observations,50c9509d-22c7-4a22-a47d-8c48425ef4a7,http://creativecommons.org/licenses/by-nc/4.0/legalcode
5827982560,60.226072,25.009315,2025,Xanthoria parietina,iNaturalist research-grade observations,50c9509d-22c7-4a22-a47d-8c48425ef4a7,http://creativecommons.org/licenses/by-nc/4.0/legalcode
5827983867,65.064422,25.459303,2025,Inocybe geophylla,iNaturalist research-grade observations,50c9509d-22c7-4a22-a47d-8c48425ef4a7,http://creativecommons.org/licenses/by-nc/4.0/legalcode
5827988745,63.749376,24.144503,2025,,iNaturalist research-grade observations,50c9509d-22c7-4a22-a47d-8c48425ef4a7,http://creativecommons.org/licenses/by-nc/4.0/legalcode
5827988750,60.481724,22.502354,2025,Hypogymnia farinacea,iNaturalist research-grade observations,50c9509d-22c7-4a22-a47d-8c48425ef4a7,http://creativecommons.org/publicdomain/zero/1.0/legalcode
5827989015,67.469468,24.945799,2025,Parmelia sulcata,iNaturalist research-grade observations,50c9509d-22c7-4a22-a47d-8c48425ef4a7,http://creativecommons.org/licenses/by-nc/4.0/legalcode
5827989989,61.476987,21.35987,2025,Boletus edulis,iNaturalist research-grade observations,50c9509d-22c7-4a22-a47d-8c48425ef4a7,http://creativecommons.org/licenses/by-nc/4.0/legalcode
5827990086,61.521033,23.876265,2025,Inonotus leporinus,iNaturalist research-grade observations,50c9509d-22c7-4a22-a47d-8c48425ef4a7,http://creativecommons.org/licenses/by-nc/4.0/legalcode
5827991155,62.896106,27.659668,2025,Amanita muscaria,iNaturalist research-grade observations,50c9509d-22c7-4a22-a47d-8c48425ef4a7,http://creativecommons.org/licenses/by-nc/4.0/legalcode
5827991611,65.063596,25.463876,2025,Fomitopsis betulina,iNaturalist research-grade observations,50c9509d-22c7-4a22-a47d-8c48425ef4a7,http://creativecommons.org/licenses/by-nc/4.0/legalcode
5827992146,61.499034,23.743279,2025,Stereum hirsutum,iNaturalist research-grade observations,50c9509d-22c7-4a22-a47d-8c48425ef4a7,http://creativecommons.org/licenses/by-nc/4.0/legalcode
5827992439,60.203854,24.957578,2025,Amanita citrina,iNaturalist research-grade observations,50c9509d-22c7-4a22-a47d-8c48425ef4a7,http://creativecommons.org/licenses/by-nc/4.0/legalcode
5827996517,60.311388,25.352817,2025,Lactarius rufus,iNaturalist research-grade observations,50c9509d-22c7-4a22-a47d-8c48425ef4a7,http://creativecommons.org/licenses/by-nc/4.0/legalcode
5827996826,61.055405,28.207099,2025,Armillaria borealis,iNaturalist research-grade observations,50c9509d-22c7-4a22-a47d-8c48425ef4a7,http://creativecommons.org/licenses/by-nc/4.0/legalcode
5827996935,62.530041,21.111766,2025,Armillaria ostoyae,iNaturalist research-grade observations,50c9509d-22c7-4a22-a47d-8c48425ef4a7,http://creativecommons.org/licenses/by-nc/4.0/legalcode
5828004696,60.202961,24.823052,2025,Fomitopsis pinicola,iNaturalist research-grade observations,50c9509d-22c7-4a22-a47d-8c48425ef4a7,http://creativecommons.org/licenses/by-nc/4.0/legalcode
5828005076,60.683293,21.751972,2025,Xanthoparmelia conspersa,iNaturalist research-grade observations,50c9509d-22c7-4a22-a47d-8c48425ef4a7,http://creativecommons.org/publicdomain/zero/1.0/legalcode
5828006009,61.050613,22.141075,2025,Cortinarius caperatus,iNaturalist research-grade observations,50c9509d-22c7-4a22-a47d-8c48425ef4a7,http://creativecommons.org/licenses/by-nc/4.0/legalcode
5828008655,60.298741,24.61913,2025,Platismatia glauca,iNaturalist research-grade observations,50c9509d-22c7-4a22-a47d-8c48425ef4a7,http://creativecommons.org/publicdomain/zero/1.0/legalcode
5828010419,61.468464,23.891962,2025,Armillaria borealis,iNaturalist research-grade observations,50c9509d-22c7-4a22-a47d-8c48425ef4a7,http://creativecommons.org/licenses/by-nc/4.0/legalcode
5828013215,65.054617,25.474692,2025,Lactarius torminosus,iNaturalist research-grade observations,50c9509d-22c7-4a22-a47d-8c48425ef4a7,http://creativecommons.org/licenses/by-nc/4.0/legalcode
5828013972,60.297767,24.863933,2025,Russula vesca,iNaturalist research-grade observations,50c9509d-22c7-4a22-a47d-8c48425ef4a7,http://creativecommons.org/publicdomain/zero/1.0/legalcode
5828014380,62.253624,25.755403,2025,Phlebia tremellosa,iNaturalist research-grade observations,50c9509d-22c7-4a22-a47d-8c48425ef4a7,http://creativecommons.org/publicdomain/zero/1.0/legalcode
5828015591,65.058119,25.461637,2025,Apioperdon pyriforme,iNaturalist research-grade observations,50c9509d-22c7-4a22-a47d-8c48425ef4a7,http://creativecommons.org/licenses/by-nc/4.0/legalcode
5828016016,65.048807,25.490499,2025,Cortinarius caperatus,iNaturalist research-grade observations,50c9509d-22c7-4a22-a47d-8c48425ef4a7,http://creativecommons.org/licenses/by-nc/4.0/legalcode
5828016362,60.334456,22.141016,2025,Tricholomopsis rutilans,iNaturalist research-grade observations,50c9509d-22c7-4a22-a47d-8c48425ef4a7,http://creativecommons.org/licenses/by-nc/4.0/legalcode
5828016364,60.213737,24.96672,2025,Evernia prunastri,iNaturalist research-grade observations,50c9509d-22c7-4a22-a47d-8c48425ef4a7,http://creativecommons.org/licenses/by/4.0/legalcode
5828016639,60.324314,22.306758,2025,Platismatia glauca,iNaturalist research-grade observations,50c9509d-22c7-4a22-a47d-8c48425ef4a7,http://creativecommons.org/licenses/by-nc/4.0/legalcode
5828018692,60.587721,22.240626,2025,Lactarius helvus,iNaturalist research-grade observations,50c9509d-22c7-4a22-a47d-8c48425ef4a7,http://creativecommons.org/licenses/by-nc/4.0/legalcode
5828018818,61.275849,24.706919,2025,Russula foetens,iNaturalist research-grade observations,50c9509d-22c7-4a22-a47d-8c48425ef4a7,http://creativecommons.org/licenses/by-nc/4.0/legalcode
5828019167,65.048707,25.491044,2025,Lactarius trivialis,iNaturalist research-grade observations,50c9509d-22c7-4a22-a47d-8c48425ef4a7,http://creativecommons.org/licenses/by-nc/4.0/legalcode
5828019175,61.291855,26.42465,2025,Suillus bovinus,iNaturalist research-grade observations,50c9509d-22c7-4a22-a47d-8c48425ef4a7,http://creativecommons.org/licenses/by-nc/4.0/legalcode
5828022979,60.439769,22.368528,2025,Stropharia aeruginosa,iNaturalist research-grade observations,50c9509d-22c7-4a22-a47d-8c48425ef4a7,http://creativecommons.org/licenses/by-nc/4.0/legalcode
5828025740,62.894146,21.83413,2025,Gomphidius glutinosus,iNaturalist research-grade observations,50c9509d-22c7-4a22-a47d-8c48425ef4a7,http://creativecommons.org/licenses/by-nc/4.0/legalcode
5828026012,60.236963,25.142139,2025,Armillaria borealis,iNaturalist research-grade observations,50c9509d-22c7-4a22-a47d-8c48425ef4a7,http://creativecommons.org/licenses/by-nc/4.0/legalcode
5828027017,61.474078,23.74938,2025,Phellodon melaleucus,iNaturalist research-grade observations,50c9509d-22c7-4a22-a47d-8c48425ef4a7,http://creativecommons.org/licenses/by-nc/4.0/legalcode
5828032485,60.334936,22.138555,2025,Paraconiothyrium tiliae,iNaturalist research-grade observations,50c9509d-22c7-4a22-a47d-8c48425ef4a7,http://creativecommons.org/licenses/by-nc/4.0/legalcode
5828037555,63.169965,22.255122,2025,Artomyces pyxidatus,iNaturalist research-grade observations,50c9509d-22c7-4a22-a47d-8c48425ef4a7,http://creativecommons.org/licenses/by-nc/4.0/legalcode
5828037936,62.000489,24.507272,2025,Stereum sanguinolentum,iNaturalist research-grade observations,50c9509d-22c7-4a22-a47d-8c48425ef4a7,http://creativecommons.org/licenses/by-nc/4.0/legalcode
5828042230,64.12717,28.267089,2025,Pleurotus pulmonarius,iNaturalist research-grade observations,50c9509d-22c7-4a22-a47d-8c48425ef4a7,http://creativecommons.org/licenses/by/4.0/legalcode
5828047513,62.530598,21.114844,2025,Cortinarius traganus,iNaturalist research-grade observations,50c9509d-22c7-4a22-a47d-8c48425ef4a7,http://creativecommons.org/licenses/by-nc/4.0/legalcode
5828048491,61.111508,24.83655,2025,Amanita muscaria,iNaturalist research-grade observations,50c9509d-22c7-4a22-a47d-8c48425ef4a7,http://creativecommons.org/publicdomain/zero/1.0/legalcode
5828048652,65.06441,25.468734,2025,Lactarius tabidus,iNaturalist research-grade observations,50c9509d-22c7-4a22-a47d-8c48425ef4a7,http://creativecommons.org/licenses/by-nc/4.0/legalcode
5828049786,65.063434,25.468124,2025,Fomitopsis betulina,iNaturalist research-grade observations,50c9509d-22c7-4a22-a47d-8c48425ef4a7,http://creativecommons.org/licenses/by-nc/4.0/legalcode
5828056530,60.476679,22.3086,2025,Trametes cinnabarina,iNaturalist research-grade observations,50c9509d-22c7-4a22-a47d-8c48425ef4a7,http://creativecommons.org/licenses/by-nc/4.0/legalcode
5828056707,60.623259,25.324324,2025,Aspropaxillus giganteus,iNaturalist research-grade observations,50c9509d-22c7-4a22-a47d-8c48425ef4a7,http://creativecommons.org/licenses/by-nc/4.0/legalcode
5828056870,64.06029,24.524266,2025,Cladonia stellaris,iNaturalist research-grade observations,50c9509d-22c7-4a22-a47d-8c48425ef4a7,http://creativecommons.org/licenses/by-nc/4.0/legalcode
5828058297,60.2629,25.297618,2025,Pseudomerulius aureus,iNaturalist research-grade observations,50c9509d-22c7-4a22-a47d-8c48425ef4a7,http://creativecommons.org/licenses/by-nc/4.0/legalcode
5828059158,60.214576,25.022538,2025,Armillaria borealis,iNaturalist research-grade observations,50c9509d-22c7-4a22-a47d-8c48425ef4a7,http://creativecommons.org/licenses/by-nc/4.0/legalcode
5828059175,65.063417,25.468907,2025,Boletus edulis,iNaturalist research-grade observations,50c9509d-22c7-4a22-a47d-8c48425ef4a7,http://creativecommons.org/licenses/by-nc/4.0/legalcode
5828059819,65.002173,24.747117,2025,Leccinum variicolor,iNaturalist research-grade observations,50c9509d-22c7-4a22-a47d-8c48425ef4a7,http://creativecommons.org/licenses/by-nc/4.0/legalcode
5828060139,65.057725,25.47486,2025,Amanita muscaria,iNaturalist research-grade observations,50c9509d-22c7-4a22-a47d-8c48425ef4a7,http://creativecommons.org/licenses/by-nc/4.0/legalcode
5828061147,63.264851,27.75417,2025,Cortinarius armillatus,iNaturalist research-grade observations,50c9509d-22c7-4a22-a47d-8c48425ef4a7,http://creativecommons.org/licenses/by-nc/4.0/legalcode
5828062219,60.1646,24.719253,2025,Coprinopsis atramentaria,iNaturalist research-grade observations,50c9509d-22c7-4a22-a47d-8c48425ef4a7,http://creativecommons.org/publicdomain/zero/1.0/legalcode
5828063034,60.482454,25.23817,2025,Artomyces pyxidatus,iNaturalist research-grade observations,50c9509d-22c7-4a22-a47d-8c48425ef4a7,http://creativecommons.org/licenses/by-nc/4.0/legalcode
5828063423,60.498,22.094489,2025,Vulpicida pinastri,iNaturalist research-grade observations,50c9509d-22c7-4a22-a47d-8c48425ef4a7,http://creativecommons.org/publicdomain/zero/1.0/legalcode
5828071999,60.18594,25.150049,2025,Amanita muscaria,iNaturalist research-grade observations,50c9509d-22c7-4a22-a47d-8c48425ef4a7,http://creativecommons.org/licenses/by-nc/4.0/legalcode
5828074376,60.465236,22.315279,2025,Amanita muscaria,iNaturalist research-grade observations,50c9509d-22c7-4a22-a47d-8c48425ef4a7,http://creativecommons.org/licenses/by-nc/4.0/legalcode
5828074707,62.251036,25.894725,2025,Amanita muscaria,iNaturalist research-grade observations,50c9509d-22c7-4a22-a47d-8c48425ef4a7,http://creativecommons.org/licenses/by-nc/4.0/legalcode
5828075189,65.881748,29.523593,2025,Fomitopsis betulina,iNaturalist research-grade observations,50c9509d-22c7-4a22-a47d-8c48425ef4a7,http://creativecommons.org/licenses/by-nc/4.0/legalcode
5828075375,61.220795,25.592142,2025,Pycnoporellus fulgens,iNaturalist research-grade observations,50c9509d-22c7-4a22-a47d-8c48425ef4a7,http://creativecommons.org/licenses/by-nc/4.0/legalcode
5828077498,59.970869,23.923085,2025,Lactarius helvus,iNaturalist research-grade observations,50c9509d-22c7-4a22-a47d-8c48425ef4a7,http://creativecommons.org/licenses/by-nc/4.0/legalcode
5828081880,60.227482,24.91307,2025,Hypogymnia physodes,iNaturalist research-grade observations,50c9509d-22c7-4a22-a47d-8c48425ef4a7,http://creativecommons.org/licenses/by-nc/4.0/legalcode
5828082969,65.021722,24.638121,2025,Suillus bovinus,iNaturalist research-grade observations,50c9509d-22c7-4a22-a47d-8c48425ef4a7,http://creativecommons.org/licenses/by-nc/4.0/legalcode
5828083419,60.259193,24.618689,2025,Boletus edulis,iNaturalist research-grade observations,50c9509d-22c7-4a22-a47d-8c48425ef4a7,http://creativecommons.org/licenses/by-nc/4.0/legalcode
5828085228,62.896106,27.6595,2025,Amanita muscaria,iNaturalist research-grade observations,50c9509d-22c7-4a22-a47d-8c48425ef4a7,http://creativecommons.org/licenses/by-nc/4.0/legalcode
5828085271,60.847195,23.047425,2025,Cortinarius rubellus,iNaturalist research-grade observations,50c9509d-22c7-4a22-a47d-8c48425ef4a7,http://creativecommons.org/licenses/by-nc/4.0/legalcode
5828085318,62.253624,25.755403,2025,Phragmidium rubi-idaei,iNaturalist research-grade observations,50c9509d-22c7-4a22-a47d-8c48425ef4a7,http://creativecommons.org/publicdomain/zero/1.0/legalcode
5828085476,60.207505,24.963143,2025,Amanita muscaria,iNaturalist research-grade observations,50c9509d-22c7-4a22-a47d-8c48425ef4a7,http://creativecommons.org/licenses/by-nc/4.0/legalcode
5828087382,60.18283,24.882224,2025,Amanita citrina,iNaturalist research-grade observations,50c9509d-22c7-4a22-a47d-8c48425ef4a7,http://creativecommons.org/licenses/by-nc/4.0/legalcode
5828094835,60.656288,23.894192,2025,Hericium coralloides,iNaturalist research-grade observations,50c9509d-22c7-4a22-a47d-8c48425ef4a7,http://creativecommons.org/licenses/by-nc/4.0/legalcode
5828094978,60.298505,24.617283,2025,Fomes fomentarius,iNaturalist research-grade observations,50c9509d-22c7-4a22-a47d-8c48425ef4a7,http://creativecommons.org/publicdomain/zero/1.0/legalcode
5828095232,61.487308,23.913136,2025,Lenzites betulinus,iNaturalist research-grade observations,50c9509d-22c7-4a22-a47d-8c48425ef4a7,http://creativecommons.org/licenses/by-nc/4.0/legalcode
5828095588,61.673953,27.269597,2025,Amanita muscaria,iNaturalist research-grade observations,50c9509d-22c7-4a22-a47d-8c48425ef4a7,http://creativecommons.org/licenses/by-nc/4.0/legalcode
5828096274,60.1797,24.989702,2025,Artomyces pyxidatus,iNaturalist research-grade observations,50c9509d-22c7-4a22-a47d-8c48425ef4a7,http://creativecommons.org/licenses/by-nc/4.0/legalcode
5828096369,62.89433,21.834218,2025,Lactarius deterrimus,iNaturalist research-grade observations,50c9509d-22c7-4a22-a47d-8c48425ef4a7,http://creativecommons.org/licenses/by-nc/4.0/legalcode
5828096765,60.213467,24.913187,2025,Calocera viscosa,iNaturalist research-grade observations,50c9509d-22c7-4a22-a47d-8c48425ef4a7,http://creativecommons.org/licenses/by-nc/4.0/legalcode
5828097006,60.318471,23.572802,2025,Tricholomopsis rutilans,iNaturalist research-grade observations,50c9509d-22c7-4a22-a47d-8c48425ef4a7,http://creativecommons.org/licenses/by-nc/4.0/legalcode
5828097478,62.230181,25.706305,2025,Coleosporium tussilaginis,iNaturalist research-grade observations,50c9509d-22c7-4a22-a47d-8c48425ef4a7,http://creativecommons.org/publicdomain/zero/1.0/legalcode
5828098793,65.064536,25.469072,2025,Amanita muscaria,iNaturalist research-grade observations,50c9509d-22c7-4a22-a47d-8c48425ef4a7,http://creativecommons.org/licenses/by-nc/4.0/legalcode
5828101998,62.629762,29.263526,2025,Bolbitius titubans,iNaturalist research-grade observations,50c9509d-22c7-4a22-a47d-8c48425ef4a7,http://creativecommons.org/licenses/by-nc/4.0/legalcode
3441176729,62.61099,29.721995,2021,Lactarius obscuratus,The Atlas of Finnish Fungi,2bc4c2db-1dfa-419c-93ce-6602c5ae8c99,http://creativecommons.org/licenses/by/4.0/legalcode
3441176765,60.988802,25.889302,2021,Cortinarius brunneus,The Atlas of Finnish Fungi,2bc4c2db-1dfa-419c-93ce-6602c5ae8c99,http://creativecommons.org/licenses/by/4.0/legalcode
3441176775,61.220108,25.76501,2021,Cystoderma amianthinum,The Atlas of Finnish Fungi,2bc4c2db-1dfa-419c-93ce-6602c5ae8c99,http://creativecommons.org/licenses/by/4.0/legalcode
3441176777,61.220108,25.76501,2021,Russula roseipes,The Atlas of Finnish Fungi,2bc4c2db-1dfa-419c-93ce-6602c5ae8c99,http://creativecommons.org/licenses/by/4.0/legalcode
3441176783,61.220108,25.76501,2021,Inocybe geophylla,The Atlas of Finnish Fungi,2bc4c2db-1dfa-419c-93ce-6602c5ae8c99,http://creativecommons.org/licenses/by/4.0/legalcode
3441176857,64.72473,25.56772,2021,Cystoderma carcharias,The Atlas of Finnish Fungi,2bc4c2db-1dfa-419c-93ce-6602c5ae8c99,http://creativecommons.org/licenses/by/4.0/legalcode
3441176861,64.72473,25.56772,2021,Cystoderma amianthinum,The Atlas of Finnish Fungi,2bc4c2db-1dfa-419c-93ce-6602c5ae8c99,http://creativecommons.org/licenses/by/4.0/legalcode
3441176872,62.655301,26.049124,2021,Suillus grevillei,The Atlas of Finnish Fungi,2bc4c2db-1dfa-419c-93ce-6602c5ae8c99,http://creativecommons.org/licenses/by/4.0/legalcode
3441176874,62.655301,26.049124,2021,Lactarius deliciosus,The Atlas of Finnish Fungi,2bc4c2db-1dfa-419c-93ce-6602c5ae8c99,http://creativecommons.org/licenses/by/4.0/legalcode
3441176875,62.662729,26.045437,2021,Hypholoma lateritium,The Atlas of Finnish Fungi,2bc4c2db-1dfa-419c-93ce-6602c5ae8c99,http://creativecommons.org/licenses/by/4.0/legalcode
3441176892,61.017031,25.642843,2021,Trichophaeopsis bicuspis,The Atlas of Finnish Fungi,2bc4c2db-1dfa-419c-93ce-6602c5ae8c99,http://creativecommons.org/licenses/by/4.0/legalcode
3441176939,62.662729,26.045437,2021,Amanita muscaria,The Atlas of Finnish Fungi,2bc4c2db-1dfa-419c-93ce-6602c5ae8c99,http://creativecommons.org/licenses/by/4.0/legalcode
3441177004,62.251913,25.815562,2021,Cortinarius gentilis,The Atlas of Finnish Fungi,2bc4c2db-1dfa-419c-93ce-6602c5ae8c99,http://creativecommons.org/licenses/by/4.0/legalcode
3441177014,62.252285,25.815634,2021,Hygrophorus olivaceoalbus,The Atlas of Finnish Fungi,2bc4c2db-1dfa-419c-93ce-6602c5ae8c99,http://creativecommons.org/licenses/by/4.0/legalcode
3441177015,62.252187,25.815614,2021,Lactarius utilis,The Atlas of Finnish Fungi,2bc4c2db-1dfa-419c-93ce-6602c5ae8c99,http://creativecommons.org/licenses/by/4.0/legalcode
3441177019,62.559992,28.644078,2021,Chlorophyllum olivieri,The Atlas of Finnish Fungi,2bc4c2db-1dfa-419c-93ce-6602c5ae8c99,http://creativecommons.org/licenses/by/4.0/legalcode
3441177033,65.168805,29.807586,2021,Cortinarius caperatus,The Atlas of Finnish Fungi,2bc4c2db-1dfa-419c-93ce-6602c5ae8c99,http://creativecommons.org/licenses/by/4.0/legalcode
3441177046,60.477258,25.240059,2021,Russula puellaris,The Atlas of Finnish Fungi,2bc4c2db-1dfa-419c-93ce-6602c5ae8c99,http://creativecommons.org/licenses/by/4.0/legalcode
3441177048,66.27955,29.537547,2021,,The Atlas of Finnish Fungi,2bc4c2db-1dfa-419c-93ce-6602c5ae8c99,http://creativecommons.org/licenses/by/4.0/legalcode
3441177121,62.873158,27.591313,2021,Rhodofomes roseus,The Atlas of Finnish Fungi,2bc4c2db-1dfa-419c-93ce-6602c5ae8c99,http://creativecommons.org/licenses/by/4.0/legalcode
3441177126,62.873158,27.591313,2021,Phellinidium ferrugineofuscum,The Atlas of Finnish Fungi,2bc4c2db-1dfa-419c-93ce-6602c5ae8c99,http://creativecommons.org/licenses/by/4.0/legalcode
3441177152,61.642648,27.336026,2021,Amanita muscaria,The Atlas of Finnish Fungi,2bc4c2db-1dfa-419c-93ce-6602c5ae8c99,http://creativecommons.org/licenses/by/4.0/legalcode
3441177153,61.642558,27.340351,2021,,The Atlas of Finnish Fungi,2bc4c2db-1dfa-419c-93ce-6602c5ae8c99,http://creativecommons.org/licenses/by/4.0/legalcode
3441177155,61.223542,25.722197,2021,Russula fennoscandica,The Atlas of Finnish Fungi,2bc4c2db-1dfa-419c-93ce-6602c5ae8c99,http://creativecommons.org/licenses/by/4.0/legalcode
3441177157,61.642444,27.340544,2021,Craterellus tubaeformis,The Atlas of Finnish Fungi,2bc4c2db-1dfa-419c-93ce-6602c5ae8c99,http://creativecommons.org/licenses/by/4.0/legalcode
3441177251,62.40639,28.772547,2021,Lepista nuda,The Atlas of Finnish Fungi,2bc4c2db-1dfa-419c-93ce-6602c5ae8c99,http://creativecommons.org/licenses/by/4.0/legalcode
3441177257,62.40639,28.772547,2021,Inocybe flocculosa,The Atlas of Finnish Fungi,2bc4c2db-1dfa-419c-93ce-6602c5ae8c99,http://creativecommons.org/licenses/by/4.0/legalcode
3441177262,62.40639,28.772547,2021,Lycoperdon perlatum,The Atlas of Finnish Fungi,2bc4c2db-1dfa-419c-93ce-6602c5ae8c99,http://creativecommons.org/licenses/by/4.0/legalcode
3441177273,62.851453,27.556087,2021,Arthothelium scandinavicum,The Atlas of Finnish Fungi,2bc4c2db-1dfa-419c-93ce-6602c5ae8c99,http://creativecommons.org/licenses/by/4.0/legalcode
3441177383,66.22745,25.37496,2021,Auriscalpium vulgare,The Atlas of Finnish Fungi,2bc4c2db-1dfa-419c-93ce-6602c5ae8c99,http://creativecommons.org/licenses/by/4.0/legalcode
3441177386,66.22745,25.37496,2021,Entoloma cetratum,The Atlas of Finnish Fungi,2bc4c2db-1dfa-419c-93ce-6602c5ae8c99,http://creativecommons.org/licenses/by/4.0/legalcode
3441177428,62.614912,29.8106,2021,Amanita rubescens,The Atlas of Finnish Fungi,2bc4c2db-1dfa-419c-93ce-6602c5ae8c99,http://creativecommons.org/licenses/by/4.0/legalcode
3441177440,65.199789,25.309107,2021,Amanita rubescens,The Atlas of Finnish Fungi,2bc4c2db-1dfa-419c-93ce-6602c5ae8c99,http://creativecommons.org/licenses/by/4.0/legalcode
3441177447,62.614896,29.810209,2021,Suillus grevillei,The Atlas of Finnish Fungi,2bc4c2db-1dfa-419c-93ce-6602c5ae8c99,http://creativecommons.org/licenses/by/4.0/legalcode
3441177449,62.614841,29.810345,2021,Gomphidius maculatus,The Atlas of Finnish Fungi,2bc4c2db-1dfa-419c-93ce-6602c5ae8c99,http://creativecommons.org/licenses/by/4.0/legalcode
3441177502,61.159652,25.632187,2021,Clitopilopsis hirneola,The Atlas of Finnish Fungi,2bc4c2db-1dfa-419c-93ce-6602c5ae8c99,http://creativecommons.org/licenses/by/4.0/legalcode
3441177506,61.159652,25.632187,2021,Suillus bovinus,The Atlas of Finnish Fungi,2bc4c2db-1dfa-419c-93ce-6602c5ae8c99,http://creativecommons.org/licenses/by/4.0/legalcode
3441177524,60.5862,22.355461,2021,Russula azurea,The Atlas of Finnish Fungi,2bc4c2db-1dfa-419c-93ce-6602c5ae8c99,http://creativecommons.org/licenses/by/4.0/legalcode
3441177529,60.585932,22.355145,2021,Lactarius aurantiacus,The Atlas of Finnish Fungi,2bc4c2db-1dfa-419c-93ce-6602c5ae8c99,http://creativecommons.org/licenses/by/4.0/legalcode
3441177534,60.586147,22.355033,2021,Agaricus sylvicola,The Atlas of Finnish Fungi,2bc4c2db-1dfa-419c-93ce-6602c5ae8c99,http://creativecommons.org/licenses/by/4.0/legalcode
3441177555,60.34417,25.085743,2021,Rhodocollybia asema,The Atlas of Finnish Fungi,2bc4c2db-1dfa-419c-93ce-6602c5ae8c99,http://creativecommons.org/licenses/by/4.0/legalcode
3441177589,66.118156,24.713,2021,Tubaria confragosa,The Atlas of Finnish Fungi,2bc4c2db-1dfa-419c-93ce-6602c5ae8c99,http://creativecommons.org/licenses/by/4.0/legalcode
3441177597,66.117807,24.713037,2021,Hypholoma capnoides,The Atlas of Finnish Fungi,2bc4c2db-1dfa-419c-93ce-6602c5ae8c99,http://creativecommons.org/licenses/by/4.0/legalcode
3441177611,66.117863,24.713059,2021,Kuehneromyces mutabilis,The Atlas of Finnish Fungi,2bc4c2db-1dfa-419c-93ce-6602c5ae8c99,http://creativecommons.org/licenses/by/4.0/legalcode
3441177677,66.788159,28.910728,2021,,The Atlas of Finnish Fungi,2bc4c2db-1dfa-419c-93ce-6602c5ae8c99,http://creativecommons.org/licenses/by/4.0/legalcode
3441177680,61.019618,24.453714,2021,Boletopsis leucomelaena,The Atlas of Finnish Fungi,2bc4c2db-1dfa-419c-93ce-6602c5ae8c99,http://creativecommons.org/licenses/by/4.0/legalcode
3441177681,66.788159,28.910728,2021,Hygrophorus hedrychii,The Atlas of Finnish Fungi,2bc4c2db-1dfa-419c-93ce-6602c5ae8c99,http://creativecommons.org/licenses/by/4.0/legalcode
3441177682,66.788159,28.910728,2021,,The Atlas of Finnish Fungi,2bc4c2db-1dfa-419c-93ce-6602c5ae8c99,http://creativecommons.org/licenses/by/4.0/legalcode
3441177703,61.698261,27.424301,2021,Cystoderma carcharias,The Atlas of Finnish Fungi,2bc4c2db-1dfa-419c-93ce-6602c5ae8c99,http://creativecommons.org/licenses/by/4.0/legalcode
3441177729,66.788159,28.910728,2021,Hygrocybe salicis-herbaceae,The Atlas of Finnish Fungi,2bc4c2db-1dfa-419c-93ce-6602c5ae8c99,http://creativecommons.org/licenses/by/4.0/legalcode
3441177775,61.189057,25.671475,2021,Macrolepiota procera,The Atlas of Finnish Fungi,2bc4c2db-1dfa-419c-93ce-6602c5ae8c99,http://creativecommons.org/licenses/by/4.0/legalcode
3441177779,61.188906,25.671189,2021,Hydnum repandum,The Atlas of Finnish Fungi,2bc4c2db-1dfa-419c-93ce-6602c5ae8c99,http://creativecommons.org/licenses/by/4.0/legalcode
3441177782,61.189112,25.670827,2021,Lactarius lignyotus,The Atlas of Finnish Fungi,2bc4c2db-1dfa-419c-93ce-6602c5ae8c99,http://creativecommons.org/licenses/by/4.0/legalcode
3441177784,65.167821,25.229824,2021,Mycena galericulata,The Atlas of Finnish Fungi,2bc4c2db-1dfa-419c-93ce-6602c5ae8c99,http://creativecommons.org/licenses/by/4.0/legalcode
3441177786,60.230423,24.276964,2021,Amanita pantherina,The Atlas of Finnish Fungi,2bc4c2db-1dfa-419c-93ce-6602c5ae8c99,http://creativecommons.org/licenses/by/4.0/legalcode
3441177791,65.167821,25.229824,2021,Ampulloclitocybe clavipes,The Atlas of Finnish Fungi,2bc4c2db-1dfa-419c-93ce-6602c5ae8c99,http://creativecommons.org/licenses/by/4.0/legalcode
3441177799,65.167821,25.229824,2021,Rhodocollybia butyracea,The Atlas of Finnish Fungi,2bc4c2db-1dfa-419c-93ce-6602c5ae8c99,http://creativecommons.org/licenses/by/4.0/legalcode
3441177807,60.230423,24.276964,2021,Amanita rubescens,The Atlas of Finnish Fungi,2bc4c2db-1dfa-419c-93ce-6602c5ae8c99,http://creativecommons.org/licenses/by/4.0/legalcode
3441177808,61.223432,25.722897,2021,Amanita battarrae,The Atlas of Finnish Fungi,2bc4c2db-1dfa-419c-93ce-6602c5ae8c99,http://creativecommons.org/licenses/by/4.0/legalcode
3441177811,60.230423,24.276964,2021,Amanita citrina,The Atlas of Finnish Fungi,2bc4c2db-1dfa-419c-93ce-6602c5ae8c99,http://creativecommons.org/licenses/by/4.0/legalcode
3441177819,65.167821,25.229824,2021,Lactarius trivialis,The Atlas of Finnish Fungi,2bc4c2db-1dfa-419c-93ce-6602c5ae8c99,http://creativecommons.org/licenses/by/4.0/legalcode
3441177822,65.167821,25.229824,2021,Amanita fulva,The Atlas of Finnish Fungi,2bc4c2db-1dfa-419c-93ce-6602c5ae8c99,http://creativecommons.org/licenses/by/4.0/legalcode
3441177828,65.167821,25.229824,2021,Hygrophoropsis aurantiaca,The Atlas of Finnish Fungi,2bc4c2db-1dfa-419c-93ce-6602c5ae8c99,http://creativecommons.org/licenses/by/4.0/legalcode
3441177829,65.167821,25.229824,2021,Leccinum scabrum,The Atlas of Finnish Fungi,2bc4c2db-1dfa-419c-93ce-6602c5ae8c99,http://creativecommons.org/licenses/by/4.0/legalcode
3441177880,62.515355,25.68921,2021,,The Atlas of Finnish Fungi,2bc4c2db-1dfa-419c-93ce-6602c5ae8c99,http://creativecommons.org/licenses/by/4.0/legalcode
3441177881,62.515355,25.68921,2021,Marasmius oreades,The Atlas of Finnish Fungi,2bc4c2db-1dfa-419c-93ce-6602c5ae8c99,http://creativecommons.org/licenses/by/4.0/legalcode
3441177882,62.515355,25.68921,2021,Mycetinis scorodonius,The Atlas of Finnish Fungi,2bc4c2db-1dfa-419c-93ce-6602c5ae8c99,http://creativecommons.org/licenses/by/4.0/legalcode
3441177921,65.167821,25.229824,2021,Lactarius tabidus,The Atlas of Finnish Fungi,2bc4c2db-1dfa-419c-93ce-6602c5ae8c99,http://creativecommons.org/licenses/by/4.0/legalcode
3441177922,65.167821,25.229824,2021,Lactarius vietus,The Atlas of Finnish Fungi,2bc4c2db-1dfa-419c-93ce-6602c5ae8c99,http://creativecommons.org/licenses/by/4.0/legalcode
3441177932,65.167821,25.229824,2021,Leccinum versipelle,The Atlas of Finnish Fungi,2bc4c2db-1dfa-419c-93ce-6602c5ae8c99,http://creativecommons.org/licenses/by/4.0/legalcode
3441177942,65.167821,25.229824,2021,Lactarius torminosus,The Atlas of Finnish Fungi,2bc4c2db-1dfa-419c-93ce-6602c5ae8c99,http://creativecommons.org/licenses/by/4.0/legalcode
3441177948,65.167821,25.229824,2021,Lepiota clypeolaria,The Atlas of Finnish Fungi,2bc4c2db-1dfa-419c-93ce-6602c5ae8c99,http://creativecommons.org/licenses/by/4.0/legalcode
3441177949,65.167821,25.229824,2021,Kuehneromyces mutabilis,The Atlas of Finnish Fungi,2bc4c2db-1dfa-419c-93ce-6602c5ae8c99,http://creativecommons.org/licenses/by/4.0/legalcode
3441177974,61.196128,26.029552,2021,Echinoderma asperum,The Atlas of Finnish Fungi,2bc4c2db-1dfa-419c-93ce-6602c5ae8c99,http://creativecommons.org/licenses/by/4.0/legalcode
3441178048,60.342179,25.067235,2021,Gloeophyllum sepiarium,The Atlas of Finnish Fungi,2bc4c2db-1dfa-419c-93ce-6602c5ae8c99,http://creativecommons.org/licenses/by/4.0/legalcode
3441178074,62.44725,28.78416,2021,Strobilurus esculentus,The Atlas of Finnish Fungi,2bc4c2db-1dfa-419c-93ce-6602c5ae8c99,http://creativecommons.org/licenses/by/4.0/legalcode
3441178075,60.240481,24.599609,2021,Rutstroemia sydowiana,The Atlas of Finnish Fungi,2bc4c2db-1dfa-419c-93ce-6602c5ae8c99,http://creativecommons.org/licenses/by/4.0/legalcode
3441178078,62.44725,28.78416,2021,Otidea cantharella,The Atlas of Finnish Fungi,2bc4c2db-1dfa-419c-93ce-6602c5ae8c99,http://creativecommons.org/licenses/by/4.0/legalcode
3441178312,60.094876,22.87081,2021,,The Atlas of Finnish Fungi,2bc4c2db-1dfa-419c-93ce-6602c5ae8c99,http://creativecommons.org/licenses/by/4.0/legalcode
3441178318,60.343676,25.08562,2021,Boletus edulis,The Atlas of Finnish Fungi,2bc4c2db-1dfa-419c-93ce-6602c5ae8c99,http://creativecommons.org/licenses/by/4.0/legalcode
3441178334,60.23925,24.97433,2021,Syzygites megalocarpus,The Atlas of Finnish Fungi,2bc4c2db-1dfa-419c-93ce-6602c5ae8c99,http://creativecommons.org/licenses/by/4.0/legalcode
3441178383,60.241731,24.737952,2021,Hymenopellis radicata,The Atlas of Finnish Fungi,2bc4c2db-1dfa-419c-93ce-6602c5ae8c99,http://creativecommons.org/licenses/by/4.0/legalcode
3441178410,66.118054,24.713334,2021,Cortinarius croceus,The Atlas of Finnish Fungi,2bc4c2db-1dfa-419c-93ce-6602c5ae8c99,http://creativecommons.org/licenses/by/4.0/legalcode
3441178412,66.73528,28.990058,2021,,The Atlas of Finnish Fungi,2bc4c2db-1dfa-419c-93ce-6602c5ae8c99,http://creativecommons.org/licenses/by/4.0/legalcode
3441178414,66.118054,24.713334,2021,Hypholoma capnoides,The Atlas of Finnish Fungi,2bc4c2db-1dfa-419c-93ce-6602c5ae8c99,http://creativecommons.org/licenses/by/4.0/legalcode
3441178415,66.735132,28.99097,2021,,The Atlas of Finnish Fungi,2bc4c2db-1dfa-419c-93ce-6602c5ae8c99,http://creativecommons.org/licenses/by/4.0/legalcode
3441178416,66.118054,24.713334,2021,Hypogymnia physodes,The Atlas of Finnish Fungi,2bc4c2db-1dfa-419c-93ce-6602c5ae8c99,http://creativecommons.org/licenses/by/4.0/legalcode
3441178419,66.735132,28.99097,2021,Leucocybe candicans,The Atlas of Finnish Fungi,2bc4c2db-1dfa-419c-93ce-6602c5ae8c99,http://creativecommons.org/licenses/by/4.0/legalcode
3441178541,60.342387,25.067442,2021,Exidia pithya,The Atlas of Finnish Fungi,2bc4c2db-1dfa-419c-93ce-6602c5ae8c99,http://creativecommons.org/licenses/by/4.0/legalcode
3441178577,61.219106,25.768355,2021,Agaricus sylvicola,The Atlas of Finnish Fungi,2bc4c2db-1dfa-419c-93ce-6602c5ae8c99,http://creativecommons.org/licenses/by/4.0/legalcode
3441178613,66.58084,25.65737,2021,Clitopilus prunulus,The Atlas of Finnish Fungi,2bc4c2db-1dfa-419c-93ce-6602c5ae8c99,http://creativecommons.org/licenses/by/4.0/legalcode
3441178642,60.343597,25.088369,2021,Lactarius aurantiacus,The Atlas of Finnish Fungi,2bc4c2db-1dfa-419c-93ce-6602c5ae8c99,http://creativecommons.org/licenses/by/4.0/legalcode
3441178647,60.343597,25.088369,2021,Postia ptychogaster,The Atlas of Finnish Fungi,2bc4c2db-1dfa-419c-93ce-6602c5ae8c99,http://creativecommons.org/licenses/by/4.0/legalcode
3441178648,60.343597,25.088369,2021,Strobilurus esculentus,The Atlas of Finnish Fungi,2bc4c2db-1dfa-419c-93ce-6602c5ae8c99,http://creativecommons.org/licenses/by/4.0/legalcode
3441178823,60.340407,25.090153,2021,Phlebia tremellosa,The Atlas of Finnish Fungi,2bc4c2db-1dfa-419c-93ce-6602c5ae8c99,http://creativecommons.org/licenses/by/4.0/legalcode
3441178980,67.508305,27.958543,2021,,The Atlas of Finnish Fungi,2bc4c2db-1dfa-419c-93ce-6602c5ae8c99,http://creativecommons.org/licenses/by/4.0/legalcode
3441178984,67.508305,27.958543,2021,Gymnopus putillus,The Atlas of Finnish Fungi,2bc4c2db-1dfa-419c-93ce-6602c5ae8c99,http://creativecommons.org/licenses/by/4.0/legalcode
3441178999,66.314061,24.640662,2021,Infundibulicybe gibba,The Atlas of Finnish Fungi,2bc4c2db-1dfa-419c-93ce-6602c5ae8c99,http://creativecommons.org/licenses/by/4.0/legalcode
3441179001,66.314217,24.640599,2021,Cortinarius caperatus,The Atlas of Finnish Fungi,2bc4c2db-1dfa-419c-93ce-6602c5ae8c99,http://creativecommons.org/licenses/by/4.0/legalcode
3441179014,66.314018,24.640315,2021,Phlegmacium glaucopus,The Atlas of Finnish Fungi,2bc4c2db-1dfa-419c-93ce-6602c5ae8c99,http://creativecommons.org/licenses/by/4.0/legalcode
3441179019,66.313974,24.640337,2021,Protostropharia alcis,The Atlas of Finnish Fungi,2bc4c2db-1dfa-419c-93ce-6602c5ae8c99,http://creativecommons.org/licenses/by/4.0/legalcode
3441179024,67.508305,27.958543,2021,Cortinarius croceus,The Atlas of Finnish Fungi,2bc4c2db-1dfa-419c-93ce-6602c5ae8c99,http://creativecommons.org/licenses/by/4.0/legalcode
3441179026,66.31393,24.640777,2021,Amanita muscaria,The Atlas of Finnish Fungi,2bc4c2db-1dfa-419c-93ce-6602c5ae8c99,http://creativecommons.org/licenses/by/4.0/legalcode
3441179050,66.314147,24.641285,2021,Cuphophyllus pratensis,The Atlas of Finnish Fungi,2bc4c2db-1dfa-419c-93ce-6602c5ae8c99,http://creativecommons.org/licenses/by/4.0/legalcode
3441179052,66.313953,24.64082,2021,Chalciporus piperatus,The Atlas of Finnish Fungi,2bc4c2db-1dfa-419c-93ce-6602c5ae8c99,http://creativecommons.org/licenses/by/4.0/legalcode
3441179057,60.341892,25.089346,2021,Pholiota gummosa,The Atlas of Finnish Fungi,2bc4c2db-1dfa-419c-93ce-6602c5ae8c99,http://creativecommons.org/licenses/by/4.0/legalcode
3441179069,66.313182,24.640975,2021,Hygrophorus agathosmus,The Atlas of Finnish Fungi,2bc4c2db-1dfa-419c-93ce-6602c5ae8c99,http://creativecommons.org/licenses/by/4.0/legalcode
3441179084,62.554045,25.910906,2021,Lactarius deliciosus,The Atlas of Finnish Fungi,2bc4c2db-1dfa-419c-93ce-6602c5ae8c99,http://creativecommons.org/licenses/by/4.0/legalcode
3441179088,62.553983,25.910807,2021,Russula gracillima,The Atlas of Finnish Fungi,2bc4c2db-1dfa-419c-93ce-6602c5ae8c99,http://creativecommons.org/licenses/by/4.0/legalcode
3441179117,66.23563,25.006596,2021,,The Atlas of Finnish Fungi,2bc4c2db-1dfa-419c-93ce-6602c5ae8c99,http://creativecommons.org/licenses/by/4.0/legalcode
3441179156,65.200189,25.309376,2021,Amanita rubescens,The Atlas of Finnish Fungi,2bc4c2db-1dfa-419c-93ce-6602c5ae8c99,http://creativecommons.org/licenses/by/4.0/legalcode
3441179171,61.348216,25.292565,2021,Thaxterogaster multiformis,The Atlas of Finnish Fungi,2bc4c2db-1dfa-419c-93ce-6602c5ae8c99,http://creativecommons.org/licenses/by/4.0/legalcode
3441179276,60.508281,23.676842,2021,Chlorophyllum olivieri,The Atlas of Finnish Fungi,2bc4c2db-1dfa-419c-93ce-6602c5ae8c99,http://creativecommons.org/licenses/by/4.0/legalcode
3441179313,60.991642,25.655236,2021,Pholiota heteroclita,The Atlas of Finnish Fungi,2bc4c2db-1dfa-419c-93ce-6602c5ae8c99,http://creativecommons.org/licenses/by/4.0/legalcode
3441179493,61.199866,25.695954,2021,Tricholoma stiparophyllum,The Atlas of Finnish Fungi,2bc4c2db-1dfa-419c-93ce-6602c5ae8c99,http://creativecommons.org/licenses/by/4.0/legalcode
3441179499,61.199913,25.696004,2021,Lepista densifolia,The Atlas of Finnish Fungi,2bc4c2db-1dfa-419c-93ce-6602c5ae8c99,http://creativecommons.org/licenses/by/4.0/legalcode
3441179507,61.200048,25.696227,2021,Cortinarius raphanoides,The Atlas of Finnish Fungi,2bc4c2db-1dfa-419c-93ce-6602c5ae8c99,http://creativecommons.org/licenses/by/4.0/legalcode
3441179646,61.224257,25.727068,2021,Agaricus sylvicola,The Atlas of Finnish Fungi,2bc4c2db-1dfa-419c-93ce-6602c5ae8c99,http://creativecommons.org/licenses/by/4.0/legalcode
3441179660,66.699537,27.408348,2021,Vitreoporus dichrous,The Atlas of Finnish Fungi,2bc4c2db-1dfa-419c-93ce-6602c5ae8c99,http://creativecommons.org/licenses/by/4.0/legalcode
3441179686,62.054958,23.942648,2021,Lactarius glyciosmus,The Atlas of Finnish Fungi,2bc4c2db-1dfa-419c-93ce-6602c5ae8c99,http://creativecommons.org/licenses/by/4.0/legalcode
3441179733,60.384819,22.346406,2021,,The Atlas of Finnish Fungi,2bc4c2db-1dfa-419c-93ce-6602c5ae8c99,http://creativecommons.org/licenses/by/4.0/legalcode
3441179736,60.381986,22.351546,2021,Phlegmacium glaucopus,The Atlas of Finnish Fungi,2bc4c2db-1dfa-419c-93ce-6602c5ae8c99,http://creativecommons.org/licenses/by/4.0/legalcode
3441179760,66.213559,24.978441,2021,Lepiota cristata,The Atlas of Finnish Fungi,2bc4c2db-1dfa-419c-93ce-6602c5ae8c99,http://creativecommons.org/licenses/by/4.0/legalcode
3441179761,61.199353,25.695592,2021,Cortinarius violaceus,The Atlas of Finnish Fungi,2bc4c2db-1dfa-419c-93ce-6602c5ae8c99,http://creativecommons.org/licenses/by/4.0/legalcode
3441179767,61.199862,25.696443,2021,Pholiota lubrica,The Atlas of Finnish Fungi,2bc4c2db-1dfa-419c-93ce-6602c5ae8c99,http://creativecommons.org/licenses/by/4.0/legalcode
3441179771,61.199244,25.695502,2021,,The Atlas of Finnish Fungi,2bc4c2db-1dfa-419c-93ce-6602c5ae8c99,http://creativecommons.org/licenses/by/4.0/legalcode
3441179833,60.23788,24.95678,2021,Syzygites megalocarpus,The Atlas of Finnish Fungi,2bc4c2db-1dfa-419c-93ce-6602c5ae8c99,http://creativecommons.org/licenses/by/4.0/legalcode
3441179837,60.2373,24.9565,2021,Amanita virosa,The Atlas of Finnish Fungi,2bc4c2db-1dfa-419c-93ce-6602c5ae8c99,http://creativecommons.org/licenses/by/4.0/legalcode
3441179839,66.129074,24.707389,2021,Trametes ochracea,The Atlas of Finnish Fungi,2bc4c2db-1dfa-419c-93ce-6602c5ae8c99,http://creativecommons.org/licenses/by/4.0/legalcode
3441179843,60.23729,24.95209,2021,Erysiphe trifoliorum,The Atlas of Finnish Fungi,2bc4c2db-1dfa-419c-93ce-6602c5ae8c99,http://creativecommons.org/licenses/by/4.0/legalcode
3441179850,60.23788,24.95678,2021,Hydnum repandum,The Atlas of Finnish Fungi,2bc4c2db-1dfa-419c-93ce-6602c5ae8c99,http://creativecommons.org/licenses/by/4.0/legalcode
3441179854,60.23832,24.95099,2021,Hericium cirrhatum,The Atlas of Finnish Fungi,2bc4c2db-1dfa-419c-93ce-6602c5ae8c99,http://creativecommons.org/licenses/by/4.0/legalcode
3441179858,60.23777,24.95024,2021,Amanita crocea,The Atlas of Finnish Fungi,2bc4c2db-1dfa-419c-93ce-6602c5ae8c99,http://creativecommons.org/licenses/by/4.0/legalcode
3441179867,60.338071,25.086187,2021,Albatrellus ovinus,The Atlas of Finnish Fungi,2bc4c2db-1dfa-419c-93ce-6602c5ae8c99,http://creativecommons.org/licenses/by/4.0/legalcode
3441179908,66.129074,24.707389,2021,Lactarius trivialis,The Atlas of Finnish Fungi,2bc4c2db-1dfa-419c-93ce-6602c5ae8c99,http://creativecommons.org/licenses/by/4.0/legalcode
3441179947,61.220319,25.771306,2021,Russula adusta,The Atlas of Finnish Fungi,2bc4c2db-1dfa-419c-93ce-6602c5ae8c99,http://creativecommons.org/licenses/by/4.0/legalcode
3441179966,61.220385,25.771328,2021,Russula acrifolia,The Atlas of Finnish Fungi,2bc4c2db-1dfa-419c-93ce-6602c5ae8c99,http://creativecommons.org/licenses/by/4.0/legalcode
3441179975,66.497057,25.757281,2021,,The Atlas of Finnish Fungi,2bc4c2db-1dfa-419c-93ce-6602c5ae8c99,http://creativecommons.org/licenses/by/4.0/legalcode
3441179976,66.497057,25.757281,2021,,The Atlas of Finnish Fungi,2bc4c2db-1dfa-419c-93ce-6602c5ae8c99,http://creativecommons.org/licenses/by/4.0/legalcode
3441179980,66.497057,25.757281,2021,Inocybe subgranulosa,The Atlas of Finnish Fungi,2bc4c2db-1dfa-419c-93ce-6602c5ae8c99,http://creativecommons.org/licenses/by/4.0/legalcode
3441179982,66.503115,25.747148,2021,Suillus grevillei,The Atlas of Finnish Fungi,2bc4c2db-1dfa-419c-93ce-6602c5ae8c99,http://creativecommons.org/licenses/by/4.0/legalcode
3441180004,66.497057,25.757281,2021,Lycoperdon excipuliforme,The Atlas of Finnish Fungi,2bc4c2db-1dfa-419c-93ce-6602c5ae8c99,http://creativecommons.org/licenses/by/4.0/legalcode
3441180006,66.497057,25.757281,2021,Tricholoma fulvum,The Atlas of Finnish Fungi,2bc4c2db-1dfa-419c-93ce-6602c5ae8c99,http://creativecommons.org/licenses/by/4.0/legalcode
3441180066,66.157675,24.98794,2021,Ampulloclitocybe clavipes,The Atlas of Finnish Fungi,2bc4c2db-1dfa-419c-93ce-6602c5ae8c99,http://creativecommons.org/licenses/by/4.0/legalcode
3441180082,60.379555,22.358161,2021,Albatrellus ovinus,The Atlas of Finnish Fungi,2bc4c2db-1dfa-419c-93ce-6602c5ae8c99,http://creativecommons.org/licenses/by/4.0/legalcode
3441180085,60.37925,22.358364,2021,Lactarius aquizonatus,The Atlas of Finnish Fungi,2bc4c2db-1dfa-419c-93ce-6602c5ae8c99,http://creativecommons.org/licenses/by/4.0/legalcode
3441180119,60.322604,26.052487,2021,,The Atlas of Finnish Fungi,2bc4c2db-1dfa-419c-93ce-6602c5ae8c99,http://creativecommons.org/licenses/by/4.0/legalcode
3441180120,60.379999,22.361248,2021,Tricholomopsis rutilans,The Atlas of Finnish Fungi,2bc4c2db-1dfa-419c-93ce-6602c5ae8c99,http://creativecommons.org/licenses/by/4.0/legalcode
3441180127,66.86223,25.82812,2021,Cyanosporus simulans,The Atlas of Finnish Fungi,2bc4c2db-1dfa-419c-93ce-6602c5ae8c99,http://creativecommons.org/licenses/by/4.0/legalcode
3441180136,66.225518,25.35677,2021,Lepiota felina,The Atlas of Finnish Fungi,2bc4c2db-1dfa-419c-93ce-6602c5ae8c99,http://creativecommons.org/licenses/by/4.0/legalcode
3441180144,66.225518,25.35677,2021,Calonarius cupreorufus,The Atlas of Finnish Fungi,2bc4c2db-1dfa-419c-93ce-6602c5ae8c99,http://creativecommons.org/licenses/by/4.0/legalcode
3441180224,65.159409,29.797221,2021,Lactarius mammosus,The Atlas of Finnish Fungi,2bc4c2db-1dfa-419c-93ce-6602c5ae8c99,http://creativecommons.org/licenses/by/4.0/legalcode
3441180229,65.159409,29.797221,2021,Thaxterogaster variegatus,The Atlas of Finnish Fungi,2bc4c2db-1dfa-419c-93ce-6602c5ae8c99,http://creativecommons.org/licenses/by/4.0/legalcode
3441180298,60.442142,25.671132,2021,Pleurotus dryinus,The Atlas of Finnish Fungi,2bc4c2db-1dfa-419c-93ce-6602c5ae8c99,http://creativecommons.org/licenses/by/4.0/legalcode
3441180331,66.225185,25.355885,2021,Lactarius badiosanguineus,The Atlas of Finnish Fungi,2bc4c2db-1dfa-419c-93ce-6602c5ae8c99,http://creativecommons.org/licenses/by/4.0/legalcode
3441180402,66.281039,25.215633,2021,Cortinarius semisanguineus,The Atlas of Finnish Fungi,2bc4c2db-1dfa-419c-93ce-6602c5ae8c99,http://creativecommons.org/licenses/by/4.0/legalcode
3441180449,64.680003,28.496216,2021,Suillus grevillei,The Atlas of Finnish Fungi,2bc4c2db-1dfa-419c-93ce-6602c5ae8c99,http://creativecommons.org/licenses/by/4.0/legalcode
3441180477,64.680003,28.496216,2021,Spathularia flavida,The Atlas of Finnish Fungi,2bc4c2db-1dfa-419c-93ce-6602c5ae8c99,http://creativecommons.org/licenses/by/4.0/legalcode
3441180596,66.05985,24.73086,2021,Cortinarius caperatus,The Atlas of Finnish Fungi,2bc4c2db-1dfa-419c-93ce-6602c5ae8c99,http://creativecommons.org/licenses/by/4.0/legalcode
3441180633,62.251366,25.815707,2021,Lactarius lignyotus,The Atlas of Finnish Fungi,2bc4c2db-1dfa-419c-93ce-6602c5ae8c99,http://creativecommons.org/licenses/by/4.0/legalcode
3441180636,62.251313,25.81444,2021,Tricholoma inamoenum,The Atlas of Finnish Fungi,2bc4c2db-1dfa-419c-93ce-6602c5ae8c99,http://creativecommons.org/licenses/by/4.0/legalcode
3441180659,62.251532,25.812009,2021,Cortinarius brunneus,The Atlas of Finnish Fungi,2bc4c2db-1dfa-419c-93ce-6602c5ae8c99,http://creativecommons.org/licenses/by/4.0/legalcode
3441180673,63.126655,21.70045,2021,Hortiboletus rubellus,The Atlas of Finnish Fungi,2bc4c2db-1dfa-419c-93ce-6602c5ae8c99,http://creativecommons.org/licenses/by/4.0/legalcode
3441180688,62.251367,25.81363,2021,Pholiota lenta,The Atlas of Finnish Fungi,2bc4c2db-1dfa-419c-93ce-6602c5ae8c99,http://creativecommons.org/licenses/by/4.0/legalcode
3441180692,60.284359,24.601547,2021,Leccinum aurantiacum,The Atlas of Finnish Fungi,2bc4c2db-1dfa-419c-93ce-6602c5ae8c99,http://creativecommons.org/licenses/by/4.0/legalcode
3441180709,62.251568,25.811244,2021,Hygrophorus camarophyllus,The Atlas of Finnish Fungi,2bc4c2db-1dfa-419c-93ce-6602c5ae8c99,http://creativecommons.org/licenses/by/4.0/legalcode
3441180784,60.23581,24.98166,2021,Erysiphe tortilis,The Atlas of Finnish Fungi,2bc4c2db-1dfa-419c-93ce-6602c5ae8c99,http://creativecommons.org/licenses/by/4.0/legalcode
3441180912,66.226177,25.368335,2021,Thaxterogaster porphyropus,The Atlas of Finnish Fungi,2bc4c2db-1dfa-419c-93ce-6602c5ae8c99,http://creativecommons.org/licenses/by/4.0/legalcode
3441180915,66.226177,25.368335,2021,Tricholoma fulvum,The Atlas of Finnish Fungi,2bc4c2db-1dfa-419c-93ce-6602c5ae8c99,http://creativecommons.org/licenses/by/4.0/legalcode
3441180917,60.343534,25.0885,2021,Russula gracillima,The Atlas of Finnish Fungi,2bc4c2db-1dfa-419c-93ce-6602c5ae8c99,http://creativecommons.org/licenses/by/4.0/legalcode
3441180923,66.226177,25.368335,2021,Atheniella flavoalba,The Atlas of Finnish Fungi,2bc4c2db-1dfa-419c-93ce-6602c5ae8c99,http://creativecommons.org/licenses/by/4.0/legalcode
3441180953,62.406657,28.772849,2021,Mycena pterigena,The Atlas of Finnish Fungi,2bc4c2db-1dfa-419c-93ce-6602c5ae8c99,http://creativecommons.org/licenses/by/4.0/legalcode
3441180975,66.715693,27.441389,2021,Atractosporocybe polaris,The Atlas of Finnish Fungi,2bc4c2db-1dfa-419c-93ce-6602c5ae8c99,http://creativecommons.org/licenses/by/4.0/legalcode
3441180976,61.332956,23.876888,2021,,The Atlas of Finnish Fungi,2bc4c2db-1dfa-419c-93ce-6602c5ae8c99,http://creativecommons.org/licenses/by/4.0/legalcode
3441180982,60.343616,25.088367,2021,Gyromitra infula,The Atlas of Finnish Fungi,2bc4c2db-1dfa-419c-93ce-6602c5ae8c99,http://creativecommons.org/licenses/by/4.0/legalcode
3441181006,61.332853,23.876906,2021,Calocera viscosa,The Atlas of Finnish Fungi,2bc4c2db-1dfa-419c-93ce-6602c5ae8c99,http://creativecommons.org/licenses/by/4.0/legalcode
3441181012,61.33315,23.876964,2021,,The Atlas of Finnish Fungi,2bc4c2db-1dfa-419c-93ce-6602c5ae8c99,http://creativecommons.org/licenses/by/4.0/legalcode
3441181026,60.436614,22.264421,2021,Hebeloma sacchariolens,The Atlas of Finnish Fungi,2bc4c2db-1dfa-419c-93ce-6602c5ae8c99,http://creativecommons.org/licenses/by/4.0/legalcode
3441181042,60.435332,22.258538,2021,Chlorophyllum rhacodes,The Atlas of Finnish Fungi,2bc4c2db-1dfa-419c-93ce-6602c5ae8c99,http://creativecommons.org/licenses/by/4.0/legalcode
3441181050,61.219262,25.769649,2021,Leucocybe connata,The Atlas of Finnish Fungi,2bc4c2db-1dfa-419c-93ce-6602c5ae8c99,http://creativecommons.org/licenses/by/4.0/legalcode
3441181054,61.219262,25.769649,2021,Amanita pantherina,The Atlas of Finnish Fungi,2bc4c2db-1dfa-419c-93ce-6602c5ae8c99,http://creativecommons.org/licenses/by/4.0/legalcode
3441181059,60.436614,22.264421,2021,Pholiota squarrosa,The Atlas of Finnish Fungi,2bc4c2db-1dfa-419c-93ce-6602c5ae8c99,http://creativecommons.org/licenses/by/4.0/legalcode
3441181062,61.219262,25.769649,2021,Cantharellula umbonata,The Atlas of Finnish Fungi,2bc4c2db-1dfa-419c-93ce-6602c5ae8c99,http://creativecommons.org/licenses/by/4.0/legalcode
3441181064,61.219262,25.769649,2021,Russula vinosa,The Atlas of Finnish Fungi,2bc4c2db-1dfa-419c-93ce-6602c5ae8c99,http://creativecommons.org/licenses/by/4.0/legalcode
3441181066,61.219262,25.769649,2021,Russula betularum,The Atlas of Finnish Fungi,2bc4c2db-1dfa-419c-93ce-6602c5ae8c99,http://creativecommons.org/licenses/by/4.0/legalcode
3441181077,61.219262,25.769649,2021,Lactarius tabidus,The Atlas of Finnish Fungi,2bc4c2db-1dfa-419c-93ce-6602c5ae8c99,http://creativecommons.org/licenses/by/4.0/legalcode
3441181081,61.219262,25.769649,2021,Hypomyces chrysospermus,The Atlas of Finnish Fungi,2bc4c2db-1dfa-419c-93ce-6602c5ae8c99,http://creativecommons.org/licenses/by/4.0/legalcode
3441181084,61.219262,25.769649,2021,Gomphidius glutinosus,The Atlas of Finnish Fungi,2bc4c2db-1dfa-419c-93ce-6602c5ae8c99,http://creativecommons.org/licenses/by/4.0/legalcode
3441181116,62.882291,27.587031,2021,Hericium coralloides,The Atlas of Finnish Fungi,2bc4c2db-1dfa-419c-93ce-6602c5ae8c99,http://creativecommons.org/licenses/by/4.0/legalcode
3441181142,60.280973,25.156733,2021,Pholiota populnea,The Atlas of Finnish Fungi,2bc4c2db-1dfa-419c-93ce-6602c5ae8c99,http://creativecommons.org/licenses/by/4.0/legalcode
3441181151,62.856312,27.557692,2021,Arthothelium scandinavicum,The Atlas of Finnish Fungi,2bc4c2db-1dfa-419c-93ce-6602c5ae8c99,http://creativecommons.org/licenses/by/4.0/legalcode
3441181183,66.05957,24.7312,2021,Hygrophorus piceae,The Atlas of Finnish Fungi,2bc4c2db-1dfa-419c-93ce-6602c5ae8c99,http://creativecommons.org/licenses/by/4.0/legalcode
3441181190,60.338824,25.087943,2021,Cortinarius caperatus,The Atlas of Finnish Fungi,2bc4c2db-1dfa-419c-93ce-6602c5ae8c99,http://creativecommons.org/licenses/by/4.0/legalcode
3441181193,60.338824,25.087943,2021,Cystoderma amianthinum,The Atlas of Finnish Fungi,2bc4c2db-1dfa-419c-93ce-6602c5ae8c99,http://creativecommons.org/licenses/by/4.0/legalcode
3441181205,60.338824,25.087943,2021,Gomphidius glutinosus,The Atlas of Finnish Fungi,2bc4c2db-1dfa-419c-93ce-6602c5ae8c99,http://creativecommons.org/licenses/by/4.0/legalcode
3441181252,66.16135,25.001503,2021,Inonotus obliquus,The Atlas of Finnish Fungi,2bc4c2db-1dfa-419c-93ce-6602c5ae8c99,http://creativecommons.org/licenses/by/4.0/legalcode
3441181255,66.16135,25.001503,2021,,The Atlas of Finnish Fungi,2bc4c2db-1dfa-419c-93ce-6602c5ae8c99,http://creativecommons.org/licenses/by/4.0/legalcode
3441181256,65.155882,25.299932,2021,Coprinus comatus,The Atlas of Finnish Fungi,2bc4c2db-1dfa-419c-93ce-6602c5ae8c99,http://creativecommons.org/licenses/by/4.0/legalcode
3441181257,65.155882,25.299932,2021,Phaeolepiota aurea,The Atlas of Finnish Fungi,2bc4c2db-1dfa-419c-93ce-6602c5ae8c99,http://creativecommons.org/licenses/by/4.0/legalcode
3441181259,66.16135,25.001503,2021,,The Atlas of Finnish Fungi,2bc4c2db-1dfa-419c-93ce-6602c5ae8c99,http://creativecommons.org/licenses/by/4.0/legalcode
3441181267,61.021389,25.646669,2021,Pholiota tuberculosa,The Atlas of Finnish Fungi,2bc4c2db-1dfa-419c-93ce-6602c5ae8c99,http://creativecommons.org/licenses/by/4.0/legalcode
3441181270,66.1614,25.001319,2021,Lactarius glyciosmus,The Atlas of Finnish Fungi,2bc4c2db-1dfa-419c-93ce-6602c5ae8c99,http://creativecommons.org/licenses/by/4.0/legalcode
3441181276,66.16135,25.001503,2021,,The Atlas of Finnish Fungi,2bc4c2db-1dfa-419c-93ce-6602c5ae8c99,http://creativecommons.org/licenses/by/4.0/legalcode
3441181283,61.020939,25.646607,2021,Phlebia tremellosa,The Atlas of Finnish Fungi,2bc4c2db-1dfa-419c-93ce-6602c5ae8c99,http://creativecommons.org/licenses/by/4.0/legalcode
3441181284,66.1614,25.001319,2021,Fomitopsis betulina,The Atlas of Finnish Fungi,2bc4c2db-1dfa-419c-93ce-6602c5ae8c99,http://creativecommons.org/licenses/by/4.0/legalcode
3441181288,61.017923,25.648221,2021,Daedaleopsis confragosa,The Atlas of Finnish Fungi,2bc4c2db-1dfa-419c-93ce-6602c5ae8c99,http://creativecommons.org/licenses/by/4.0/legalcode
3441181296,61.017923,25.648221,2021,Ganoderma applanatum,The Atlas of Finnish Fungi,2bc4c2db-1dfa-419c-93ce-6602c5ae8c99,http://creativecommons.org/licenses/by/4.0/legalcode
3441181304,66.1614,25.001319,2021,Amanita muscaria,The Atlas of Finnish Fungi,2bc4c2db-1dfa-419c-93ce-6602c5ae8c99,http://creativecommons.org/licenses/by/4.0/legalcode
3441181308,66.1614,25.001319,2021,Cortinarius alboviolaceus,The Atlas of Finnish Fungi,2bc4c2db-1dfa-419c-93ce-6602c5ae8c99,http://creativecommons.org/licenses/by/4.0/legalcode
3441181310,61.017654,25.647013,2021,Apioperdon pyriforme,The Atlas of Finnish Fungi,2bc4c2db-1dfa-419c-93ce-6602c5ae8c99,http://creativecommons.org/licenses/by/4.0/legalcode
3441181472,66.510972,25.770209,2021,Lycoperdon caudatum,The Atlas of Finnish Fungi,2bc4c2db-1dfa-419c-93ce-6602c5ae8c99,http://creativecommons.org/licenses/by/4.0/legalcode
3441181510,60.270033,25.756575,2021,Ischnoderma benzoinum,The Atlas of Finnish Fungi,2bc4c2db-1dfa-419c-93ce-6602c5ae8c99,http://creativecommons.org/licenses/by/4.0/legalcode
3441181543,60.723338,24.848876,2021,Inocybe curvipes,The Atlas of Finnish Fungi,2bc4c2db-1dfa-419c-93ce-6602c5ae8c99,http://creativecommons.org/licenses/by/4.0/legalcode
3441181568,66.73415,28.997697,2021,Mitrula paludosa,The Atlas of Finnish Fungi,2bc4c2db-1dfa-419c-93ce-6602c5ae8c99,http://creativecommons.org/licenses/by/4.0/legalcode
3441181642,61.180705,26.857442,2021,Russula clavipes,The Atlas of Finnish Fungi,2bc4c2db-1dfa-419c-93ce-6602c5ae8c99,http://creativecommons.org/licenses/by/4.0/legalcode
3441181648,65.154154,29.794257,2021,Phellodon tomentosus,The Atlas of Finnish Fungi,2bc4c2db-1dfa-419c-93ce-6602c5ae8c99,http://creativecommons.org/licenses/by/4.0/legalcode
3441181693,63.082977,21.624774,2021,Hygrophorus agathosmus,The Atlas of Finnish Fungi,2bc4c2db-1dfa-419c-93ce-6602c5ae8c99,http://creativecommons.org/licenses/by/4.0/legalcode
3441181715,63.11312,21.647643,2021,Tricholoma imbricatum,The Atlas of Finnish Fungi,2bc4c2db-1dfa-419c-93ce-6602c5ae8c99,http://creativecommons.org/licenses/by/4.0/legalcode
3441181732,62.218474,25.803807,2021,Amanita muscaria,The Atlas of Finnish Fungi,2bc4c2db-1dfa-419c-93ce-6602c5ae8c99,http://creativecommons.org/licenses/by/4.0/legalcode
3441181733,62.220886,25.812034,2021,Leccinum albostipitatum,The Atlas of Finnish Fungi,2bc4c2db-1dfa-419c-93ce-6602c5ae8c99,http://creativecommons.org/licenses/by/4.0/legalcode
3441181734,62.218479,25.803045,2021,Lactarius torminosus,The Atlas of Finnish Fungi,2bc4c2db-1dfa-419c-93ce-6602c5ae8c99,http://creativecommons.org/licenses/by/4.0/legalcode
3441181746,62.218474,25.803807,2021,Apioperdon pyriforme,The Atlas of Finnish Fungi,2bc4c2db-1dfa-419c-93ce-6602c5ae8c99,http://creativecommons.org/licenses/by/4.0/legalcode
3441181747,62.218474,25.803807,2021,Suillus luteus,The Atlas of Finnish Fungi,2bc4c2db-1dfa-419c-93ce-6602c5ae8c99,http://creativecommons.org/licenses/by/4.0/legalcode
3441181754,62.218474,25.803807,2021,Lactarius torminosus,The Atlas of Finnish Fungi,2bc4c2db-1dfa-419c-93ce-6602c5ae8c99,http://creativecommons.org/licenses/by/4.0/legalcode
3441181762,66.226871,25.370853,2021,Cortinarius collinitus,The Atlas of Finnish Fungi,2bc4c2db-1dfa-419c-93ce-6602c5ae8c99,http://creativecommons.org/licenses/by/4.0/legalcode
3441181777,66.22701,25.374958,2021,Crepidotus caspari,The Atlas of Finnish Fungi,2bc4c2db-1dfa-419c-93ce-6602c5ae8c99,http://creativecommons.org/licenses/by/4.0/legalcode
3441181813,66.227385,25.375221,2021,,The Atlas of Finnish Fungi,2bc4c2db-1dfa-419c-93ce-6602c5ae8c99,http://creativecommons.org/licenses/by/4.0/legalcode
3441181828,66.226831,25.371526,2021,Ascocoryne cylichnium,The Atlas of Finnish Fungi,2bc4c2db-1dfa-419c-93ce-6602c5ae8c99,http://creativecommons.org/licenses/by/4.0/legalcode
3441181839,62.856778,27.555559,2021,Arthothelium scandinavicum,The Atlas of Finnish Fungi,2bc4c2db-1dfa-419c-93ce-6602c5ae8c99,http://creativecommons.org/licenses/by/4.0/legalcode
3441181865,60.408955,22.272238,2021,Fistulina hepatica,The Atlas of Finnish Fungi,2bc4c2db-1dfa-419c-93ce-6602c5ae8c99,http://creativecommons.org/licenses/by/4.0/legalcode
3441181910,61.014228,24.459883,2021,Xeromphalina cauticinalis,The Atlas of Finnish Fungi,2bc4c2db-1dfa-419c-93ce-6602c5ae8c99,http://creativecommons.org/licenses/by/4.0/legalcode
3441181958,65.167821,25.229824,2021,Tricholoma equestre,The Atlas of Finnish Fungi,2bc4c2db-1dfa-419c-93ce-6602c5ae8c99,http://creativecommons.org/licenses/by/4.0/legalcode
3441181959,65.167821,25.229824,2021,Tricholoma focale,The Atlas of Finnish Fungi,2bc4c2db-1dfa-419c-93ce-6602c5ae8c99,http://creativecommons.org/licenses/by/4.0/legalcode
3441182041,60.971346,25.628409,2021,Lactifluus bertillonii,The Atlas of Finnish Fungi,2bc4c2db-1dfa-419c-93ce-6602c5ae8c99,http://creativecommons.org/licenses/by/4.0/legalcode
3441182063,60.362884,22.128613,2021,Xeromphalina campanella,The Atlas of Finnish Fungi,2bc4c2db-1dfa-419c-93ce-6602c5ae8c99,http://creativecommons.org/licenses/by/4.0/legalcode
3441182069,60.362884,22.128613,2021,Mycena galopus,The Atlas of Finnish Fungi,2bc4c2db-1dfa-419c-93ce-6602c5ae8c99,http://creativecommons.org/licenses/by/4.0/legalcode
3441182074,60.970096,25.625332,2021,Russula foetens,The Atlas of Finnish Fungi,2bc4c2db-1dfa-419c-93ce-6602c5ae8c99,http://creativecommons.org/licenses/by/4.0/legalcode
3441182113,65.811111,24.519797,2021,Calonarius odorifer,The Atlas of Finnish Fungi,2bc4c2db-1dfa-419c-93ce-6602c5ae8c99,http://creativecommons.org/licenses/by/4.0/legalcode
3441182123,60.344404,25.089645,2021,Rhytisma acerinum,The Atlas of Finnish Fungi,2bc4c2db-1dfa-419c-93ce-6602c5ae8c99,http://creativecommons.org/licenses/by/4.0/legalcode
3441182163,65.811111,24.519797,2021,Phlegmacium gentianeum,The Atlas of Finnish Fungi,2bc4c2db-1dfa-419c-93ce-6602c5ae8c99,http://creativecommons.org/licenses/by/4.0/legalcode
3441182172,65.811111,24.519797,2021,Calonarius piceae,The Atlas of Finnish Fungi,2bc4c2db-1dfa-419c-93ce-6602c5ae8c99,http://creativecommons.org/licenses/by/4.0/legalcode
3441182192,65.004906,25.498351,2021,Cystoderma amianthinum,The Atlas of Finnish Fungi,2bc4c2db-1dfa-419c-93ce-6602c5ae8c99,http://creativecommons.org/licenses/by/4.0/legalcode
3441182252,60.289833,24.598095,2021,Leccinum variicolor,The Atlas of Finnish Fungi,2bc4c2db-1dfa-419c-93ce-6602c5ae8c99,http://creativecommons.org/licenses/by/4.0/legalcode
3441182256,60.289833,24.598095,2021,Russula puellaris,The Atlas of Finnish Fungi,2bc4c2db-1dfa-419c-93ce-6602c5ae8c99,http://creativecommons.org/licenses/by/4.0/legalcode
3441182285,60.094945,22.870513,2021,,The Atlas of Finnish Fungi,2bc4c2db-1dfa-419c-93ce-6602c5ae8c99,http://creativecommons.org/licenses/by/4.0/legalcode
3441182287,60.094945,22.870251,2021,Inocybe cincinnata,The Atlas of Finnish Fungi,2bc4c2db-1dfa-419c-93ce-6602c5ae8c99,http://creativecommons.org/licenses/by/4.0/legalcode
3441182290,60.094932,22.870319,2021,,The Atlas of Finnish Fungi,2bc4c2db-1dfa-419c-93ce-6602c5ae8c99,http://creativecommons.org/licenses/by/4.0/legalcode
3441182301,60.289833,24.598095,2021,Lactarius trivialis,The Atlas of Finnish Fungi,2bc4c2db-1dfa-419c-93ce-6602c5ae8c99,http://creativecommons.org/licenses/by/4.0/legalcode
3441182385,66.735017,29.000036,2021,Arrhenia lobata,The Atlas of Finnish Fungi,2bc4c2db-1dfa-419c-93ce-6602c5ae8c99,http://creativecommons.org/licenses/by/4.0/legalcode
3441182391,61.210405,25.731537,2021,Suillus luteus,The Atlas of Finnish Fungi,2bc4c2db-1dfa-419c-93ce-6602c5ae8c99,http://creativecommons.org/licenses/by/4.0/legalcode
3441182395,61.210434,25.731497,2021,Russula risigallina,The Atlas of Finnish Fungi,2bc4c2db-1dfa-419c-93ce-6602c5ae8c99,http://creativecommons.org/licenses/by/4.0/legalcode
3441182473,61.210486,25.731485,2021,Tricholoma fulvum,The Atlas of Finnish Fungi,2bc4c2db-1dfa-419c-93ce-6602c5ae8c99,http://creativecommons.org/licenses/by/4.0/legalcode
3441182476,61.210458,25.731518,2021,Russula risigallina,The Atlas of Finnish Fungi,2bc4c2db-1dfa-419c-93ce-6602c5ae8c99,http://creativecommons.org/licenses/by/4.0/legalcode
3441182514,61.659761,23.472373,2021,Trametes cinnabarina,The Atlas of Finnish Fungi,2bc4c2db-1dfa-419c-93ce-6602c5ae8c99,http://creativecommons.org/licenses/by/4.0/legalcode
3441182515,61.659761,23.472373,2021,Clavulina rugosa,The Atlas of Finnish Fungi,2bc4c2db-1dfa-419c-93ce-6602c5ae8c99,http://creativecommons.org/licenses/by/4.0/legalcode
3441182610,62.857128,27.557884,2021,Arthothelium scandinavicum,The Atlas of Finnish Fungi,2bc4c2db-1dfa-419c-93ce-6602c5ae8c99,http://creativecommons.org/licenses/by/4.0/legalcode
3441182764,66.225185,25.355885,2021,Hemimycena pseudolactea,The Atlas of Finnish Fungi,2bc4c2db-1dfa-419c-93ce-6602c5ae8c99,http://creativecommons.org/licenses/by/4.0/legalcode
3441182777,66.225185,25.355885,2021,Cortinarius trivialis,The Atlas of Finnish Fungi,2bc4c2db-1dfa-419c-93ce-6602c5ae8c99,http://creativecommons.org/licenses/by/4.0/legalcode
3441182789,60.375759,25.743853,2021,Cudonia confusa,The Atlas of Finnish Fungi,2bc4c2db-1dfa-419c-93ce-6602c5ae8c99,http://creativecommons.org/licenses/by/4.0/legalcode
3441182791,66.225185,25.355885,2021,Hygrophorus agathosmus,The Atlas of Finnish Fungi,2bc4c2db-1dfa-419c-93ce-6602c5ae8c99,http://creativecommons.org/licenses/by/4.0/legalcode
3441182792,66.225185,25.355885,2021,Pholiota lubrica,The Atlas of Finnish Fungi,2bc4c2db-1dfa-419c-93ce-6602c5ae8c99,http://creativecommons.org/licenses/by/4.0/legalcode
3441182794,66.225185,25.355885,2021,,The Atlas of Finnish Fungi,2bc4c2db-1dfa-419c-93ce-6602c5ae8c99,http://creativecommons.org/licenses/by/4.0/legalcode
3441182873,60.23952,24.97317,2021,Phlebia radiata,The Atlas of Finnish Fungi,2bc4c2db-1dfa-419c-93ce-6602c5ae8c99,http://creativecommons.org/licenses/by/4.0/legalcode
3441182879,60.23952,24.97317,2021,Erysiphe tortilis,The Atlas of Finnish Fungi,2bc4c2db-1dfa-419c-93ce-6602c5ae8c99,http://creativecommons.org/licenses/by/4.0/legalcode
3441182880,60.23952,24.97317,2021,Daldinia loculata,The Atlas of Finnish Fungi,2bc4c2db-1dfa-419c-93ce-6602c5ae8c99,http://creativecommons.org/licenses/by/4.0/legalcode
3441182886,60.965029,24.463163,2021,Limacella delicata,The Atlas of Finnish Fungi,2bc4c2db-1dfa-419c-93ce-6602c5ae8c99,http://creativecommons.org/licenses/by/4.0/legalcode
3441182954,60.446727,23.071393,2021,Cuphophyllus pratensis,The Atlas of Finnish Fungi,2bc4c2db-1dfa-419c-93ce-6602c5ae8c99,http://creativecommons.org/licenses/by/4.0/legalcode
3441182982,66.345448,25.170758,2021,Diplomitoporus crustulinus,The Atlas of Finnish Fungi,2bc4c2db-1dfa-419c-93ce-6602c5ae8c99,http://creativecommons.org/licenses/by/4.0/legalcode
3441182986,66.345974,25.169759,2021,,The Atlas of Finnish Fungi,2bc4c2db-1dfa-419c-93ce-6602c5ae8c99,http://creativecommons.org/licenses/by/4.0/legalcode
3441182997,63.209198,28.36616,2021,Phaeolepiota aurea,The Atlas of Finnish Fungi,2bc4c2db-1dfa-419c-93ce-6602c5ae8c99,http://creativecommons.org/licenses/by/4.0/legalcode
3441183024,60.511331,23.674768,2021,Lactarius lignyotus,The Atlas of Finnish Fungi,2bc4c2db-1dfa-419c-93ce-6602c5ae8c99,http://creativecommons.org/licenses/by/4.0/legalcode
3441183030,63.209198,28.36616,2021,Lactarius fennoscandicus,The Atlas of Finnish Fungi,2bc4c2db-1dfa-419c-93ce-6602c5ae8c99,http://creativecommons.org/licenses/by/4.0/legalcode
3441183034,60.511331,23.674768,2021,Inocybe sindonia,The Atlas of Finnish Fungi,2bc4c2db-1dfa-419c-93ce-6602c5ae8c99,http://creativecommons.org/licenses/by/4.0/legalcode
3441183038,63.209198,28.36616,2021,Lactarius hysginus,The Atlas of Finnish Fungi,2bc4c2db-1dfa-419c-93ce-6602c5ae8c99,http://creativecommons.org/licenses/by/4.0/legalcode
3441183065,63.550261,27.258204,2021,Inonotus leporinus,The Atlas of Finnish Fungi,2bc4c2db-1dfa-419c-93ce-6602c5ae8c99,http://creativecommons.org/licenses/by/4.0/legalcode
3441183076,63.551111,27.282778,2021,Amaropostia stiptica,The Atlas of Finnish Fungi,2bc4c2db-1dfa-419c-93ce-6602c5ae8c99,http://creativecommons.org/licenses/by/4.0/legalcode
3441183077,63.55,27.258889,2021,Asterodon ferruginosus,The Atlas of Finnish Fungi,2bc4c2db-1dfa-419c-93ce-6602c5ae8c99,http://creativecommons.org/licenses/by/4.0/legalcode
3441183080,63.550278,27.258333,2021,Skeletocutis amorpha,The Atlas of Finnish Fungi,2bc4c2db-1dfa-419c-93ce-6602c5ae8c99,http://creativecommons.org/licenses/by/4.0/legalcode
3441183087,61.473786,23.864142,2021,,The Atlas of Finnish Fungi,2bc4c2db-1dfa-419c-93ce-6602c5ae8c99,http://creativecommons.org/licenses/by/4.0/legalcode
3441183090,63.551944,27.281944,2021,Ischnoderma benzoinum,The Atlas of Finnish Fungi,2bc4c2db-1dfa-419c-93ce-6602c5ae8c99,http://creativecommons.org/licenses/by/4.0/legalcode
3441183095,61.473786,23.864142,2021,Amanita crocea,The Atlas of Finnish Fungi,2bc4c2db-1dfa-419c-93ce-6602c5ae8c99,http://creativecommons.org/licenses/by/4.0/legalcode
3441183101,61.473786,23.864142,2021,,The Atlas of Finnish Fungi,2bc4c2db-1dfa-419c-93ce-6602c5ae8c99,http://creativecommons.org/licenses/by/4.0/legalcode
3441183105,60.288608,24.604315,2021,Russula rhodopus,The Atlas of Finnish Fungi,2bc4c2db-1dfa-419c-93ce-6602c5ae8c99,http://creativecommons.org/licenses/by/4.0/legalcode
3441183106,63.554444,27.277222,2021,Vitreoporus dichrous,The Atlas of Finnish Fungi,2bc4c2db-1dfa-419c-93ce-6602c5ae8c99,http://creativecommons.org/licenses/by/4.0/legalcode
3441183108,63.554444,27.2775,2021,Stereum rugosum,The Atlas of Finnish Fungi,2bc4c2db-1dfa-419c-93ce-6602c5ae8c99,http://creativecommons.org/licenses/by/4.0/legalcode
3441183110,63.554472,27.277143,2021,Postia ptychogaster,The Atlas of Finnish Fungi,2bc4c2db-1dfa-419c-93ce-6602c5ae8c99,http://creativecommons.org/licenses/by/4.0/legalcode
3441183115,63.554443,27.27751,2021,Phellinus igniarius,The Atlas of Finnish Fungi,2bc4c2db-1dfa-419c-93ce-6602c5ae8c99,http://creativecommons.org/licenses/by/4.0/legalcode
3441183132,63.553889,27.279444,2021,Climacocystis borealis,The Atlas of Finnish Fungi,2bc4c2db-1dfa-419c-93ce-6602c5ae8c99,http://creativecommons.org/licenses/by/4.0/legalcode
3441183136,63.55391,27.279441,2021,Pseudohydnum gelatinosum,The Atlas of Finnish Fungi,2bc4c2db-1dfa-419c-93ce-6602c5ae8c99,http://creativecommons.org/licenses/by/4.0/legalcode
3441183152,63.553835,27.279373,2021,Neoantrodia serialis,The Atlas of Finnish Fungi,2bc4c2db-1dfa-419c-93ce-6602c5ae8c99,http://creativecommons.org/licenses/by/4.0/legalcode
3441183154,62.842639,25.474915,2021,Ganoderma applanatum,The Atlas of Finnish Fungi,2bc4c2db-1dfa-419c-93ce-6602c5ae8c99,http://creativecommons.org/licenses/by/4.0/legalcode
3441183156,63.553889,27.28,2021,Kavinia alboviridis,The Atlas of Finnish Fungi,2bc4c2db-1dfa-419c-93ce-6602c5ae8c99,http://creativecommons.org/licenses/by/4.0/legalcode
3441183158,63.553889,27.279722,2021,Tomentella bryophila,The Atlas of Finnish Fungi,2bc4c2db-1dfa-419c-93ce-6602c5ae8c99,http://creativecommons.org/licenses/by/4.0/legalcode
3441183174,61.672429,21.747999,2021,Cortinarius alboviolaceus,The Atlas of Finnish Fungi,2bc4c2db-1dfa-419c-93ce-6602c5ae8c99,http://creativecommons.org/licenses/by/4.0/legalcode
3441183213,60.473926,25.236343,2021,Oxyporus corticola,The Atlas of Finnish Fungi,2bc4c2db-1dfa-419c-93ce-6602c5ae8c99,http://creativecommons.org/licenses/by/4.0/legalcode
3441183268,60.723433,24.848629,2021,Leccinum aurantiacum,The Atlas of Finnish Fungi,2bc4c2db-1dfa-419c-93ce-6602c5ae8c99,http://creativecommons.org/licenses/by/4.0/legalcode
3441183292,60.341882,25.067251,2021,Trametes cinnabarina,The Atlas of Finnish Fungi,2bc4c2db-1dfa-419c-93ce-6602c5ae8c99,http://creativecommons.org/licenses/by/4.0/legalcode
3441183381,60.344667,25.086256,2021,Lactarius rufus,The Atlas of Finnish Fungi,2bc4c2db-1dfa-419c-93ce-6602c5ae8c99,http://creativecommons.org/licenses/by/4.0/legalcode
3441183401,66.157013,24.986701,2021,Trichaptum abietinum,The Atlas of Finnish Fungi,2bc4c2db-1dfa-419c-93ce-6602c5ae8c99,http://creativecommons.org/licenses/by/4.0/legalcode
3441183475,66.212191,24.941851,2021,Agaricus sylvicola,The Atlas of Finnish Fungi,2bc4c2db-1dfa-419c-93ce-6602c5ae8c99,http://creativecommons.org/licenses/by/4.0/legalcode
5839198926,61.669,23.422,2025,Fomes fomentarius,The Atlas of Finnish Fungi,2bc4c2db-1dfa-419c-93ce-6602c5ae8c99,http://creativecommons.org/licenses/by/4.0/legalcode
5839198928,66.304432,28.6035,2025,Anthoporia albobrunnea,The Atlas of Finnish Fungi,2bc4c2db-1dfa-419c-93ce-6602c5ae8c99,http://creativecommons.org/licenses/by/4.0/legalcode
5839198930,60.45625,22.285331,2025,Efibula tuberculata,The Atlas of Finnish Fungi,2bc4c2db-1dfa-419c-93ce-6602c5ae8c99,http://creativecommons.org/licenses/by/4.0/legalcode
5839198931,66.18485,25.94531,2025,Rhodocollybia maculata,The Atlas of Finnish Fungi,2bc4c2db-1dfa-419c-93ce-6602c5ae8c99,http://creativecommons.org/licenses/by/4.0/legalcode
5839198932,61.063518,25.036891,2025,Lepiota grangei,The Atlas of Finnish Fungi,2bc4c2db-1dfa-419c-93ce-6602c5ae8c99,http://creativecommons.org/licenses/by/4.0/legalcode
5839198933,60.744152,22.431356,2025,Lactarius rufus,The Atlas of Finnish Fungi,2bc4c2db-1dfa-419c-93ce-6602c5ae8c99,http://creativecommons.org/licenses/by/4.0/legalcode
5839198934,65.721846,27.662829,2025,Cyanosporus caesius,The Atlas of Finnish Fungi,2bc4c2db-1dfa-419c-93ce-6602c5ae8c99,http://creativecommons.org/licenses/by/4.0/legalcode
5839198935,60.010345,23.484559,2025,Cuphophyllus virgineus,The Atlas of Finnish Fungi,2bc4c2db-1dfa-419c-93ce-6602c5ae8c99,http://creativecommons.org/licenses/by/4.0/legalcode
5839198936,60.449246,23.622493,2025,Tolypocladium ophioglossoides,The Atlas of Finnish Fungi,2bc4c2db-1dfa-419c-93ce-6602c5ae8c99,http://creativecommons.org/licenses/by/4.0/legalcode
5839198938,60.290259,24.512756,2025,Cortinarius croceus,The Atlas of Finnish Fungi,2bc4c2db-1dfa-419c-93ce-6602c5ae8c99,http://creativecommons.org/licenses/by/4.0/legalcode
5839198939,61.434598,23.758408,2025,Xylodon pruinosus,The Atlas of Finnish Fungi,2bc4c2db-1dfa-419c-93ce-6602c5ae8c99,http://creativecommons.org/licenses/by/4.0/legalcode
5839198941,65.715362,24.597988,2025,Clavulinopsis luteoalba,The Atlas of Finnish Fungi,2bc4c2db-1dfa-419c-93ce-6602c5ae8c99,http://creativecommons.org/licenses/by/4.0/legalcode
5839198944,60.20156,24.95734,2025,Erysiphe divaricata,The Atlas of Finnish Fungi,2bc4c2db-1dfa-419c-93ce-6602c5ae8c99,http://creativecommons.org/licenses/by/4.0/legalcode
5839198947,61.054551,25.045998,2025,Lactarius aurantiacus,The Atlas of Finnish Fungi,2bc4c2db-1dfa-419c-93ce-6602c5ae8c99,http://creativecommons.org/licenses/by/4.0/legalcode
5839198948,60.970944,24.389347,2025,Echinoderma asperum,The Atlas of Finnish Fungi,2bc4c2db-1dfa-419c-93ce-6602c5ae8c99,http://creativecommons.org/licenses/by/4.0/legalcode
5839198950,66.898859,25.95745,2025,Suillus flavidus,The Atlas of Finnish Fungi,2bc4c2db-1dfa-419c-93ce-6602c5ae8c99,http://creativecommons.org/licenses/by/4.0/legalcode
5839198956,60.484725,22.230236,2025,Boletus reticulatus,The Atlas of Finnish Fungi,2bc4c2db-1dfa-419c-93ce-6602c5ae8c99,http://creativecommons.org/licenses/by/4.0/legalcode
5839198957,65.696541,27.453751,2025,Phellinus igniarius,The Atlas of Finnish Fungi,2bc4c2db-1dfa-419c-93ce-6602c5ae8c99,http://creativecommons.org/licenses/by/4.0/legalcode
5839198962,61.063473,25.036944,2025,Amanita muscaria,The Atlas of Finnish Fungi,2bc4c2db-1dfa-419c-93ce-6602c5ae8c99,http://creativecommons.org/licenses/by/4.0/legalcode
5839198964,60.20153,24.95714,2025,Coleroa robertiani,The Atlas of Finnish Fungi,2bc4c2db-1dfa-419c-93ce-6602c5ae8c99,http://creativecommons.org/licenses/by/4.0/legalcode
5839198965,65.727593,27.663072,2025,Phellinopsis conchata,The Atlas of Finnish Fungi,2bc4c2db-1dfa-419c-93ce-6602c5ae8c99,http://creativecommons.org/licenses/by/4.0/legalcode
5839198967,65.811347,24.548567,2025,Hygrophorus discoideus,The Atlas of Finnish Fungi,2bc4c2db-1dfa-419c-93ce-6602c5ae8c99,http://creativecommons.org/licenses/by/4.0/legalcode
5839198970,61.108651,24.950316,2025,Kuehneromyces mutabilis,The Atlas of Finnish Fungi,2bc4c2db-1dfa-419c-93ce-6602c5ae8c99,http://creativecommons.org/licenses/by/4.0/legalcode
5839198971,65.698648,27.454793,2025,Phellinus viticola,The Atlas of Finnish Fungi,2bc4c2db-1dfa-419c-93ce-6602c5ae8c99,http://creativecommons.org/licenses/by/4.0/legalcode
5839198972,65.721752,27.663102,2025,Fomitopsis pinicola,The Atlas of Finnish Fungi,2bc4c2db-1dfa-419c-93ce-6602c5ae8c99,http://creativecommons.org/licenses/by/4.0/legalcode
5839198973,60.010411,23.484952,2025,Leccinum variicolor,The Atlas of Finnish Fungi,2bc4c2db-1dfa-419c-93ce-6602c5ae8c99,http://creativecommons.org/licenses/by/4.0/legalcode
5839198975,65.955329,28.999093,2025,Anthoporia albobrunnea,The Atlas of Finnish Fungi,2bc4c2db-1dfa-419c-93ce-6602c5ae8c99,http://creativecommons.org/licenses/by/4.0/legalcode
5839198977,65.722344,27.664466,2025,Trametes ochracea,The Atlas of Finnish Fungi,2bc4c2db-1dfa-419c-93ce-6602c5ae8c99,http://creativecommons.org/licenses/by/4.0/legalcode
5839198983,65.815175,24.514201,2025,Tricholoma inamoenum,The Atlas of Finnish Fungi,2bc4c2db-1dfa-419c-93ce-6602c5ae8c99,http://creativecommons.org/licenses/by/4.0/legalcode
5839198985,66.303131,28.607414,2025,Asterodon ferruginosus,The Atlas of Finnish Fungi,2bc4c2db-1dfa-419c-93ce-6602c5ae8c99,http://creativecommons.org/licenses/by/4.0/legalcode
5839198987,65.815437,24.516285,2025,,The Atlas of Finnish Fungi,2bc4c2db-1dfa-419c-93ce-6602c5ae8c99,http://creativecommons.org/licenses/by/4.0/legalcode
5839198993,60.485212,22.231946,2025,Crucibulum laeve,The Atlas of Finnish Fungi,2bc4c2db-1dfa-419c-93ce-6602c5ae8c99,http://creativecommons.org/licenses/by/4.0/legalcode
5839198994,65.639998,28.604632,2025,Sidera lenis,The Atlas of Finnish Fungi,2bc4c2db-1dfa-419c-93ce-6602c5ae8c99,http://creativecommons.org/licenses/by/4.0/legalcode
5839199001,65.639955,28.605367,2025,Sidera lenis,The Atlas of Finnish Fungi,2bc4c2db-1dfa-419c-93ce-6602c5ae8c99,http://creativecommons.org/licenses/by/4.0/legalcode
5839199002,66.1867,27.4441,2025,Cortinarius trivialis,The Atlas of Finnish Fungi,2bc4c2db-1dfa-419c-93ce-6602c5ae8c99,http://creativecommons.org/licenses/by/4.0/legalcode
5839199008,60.212352,24.679372,2025,Craterellus undulatus,The Atlas of Finnish Fungi,2bc4c2db-1dfa-419c-93ce-6602c5ae8c99,http://creativecommons.org/licenses/by/4.0/legalcode
5839199009,65.698782,27.456135,2025,Trichaptum abietinum,The Atlas of Finnish Fungi,2bc4c2db-1dfa-419c-93ce-6602c5ae8c99,http://creativecommons.org/licenses/by/4.0/legalcode
5839199013,65.815148,24.515594,2025,,The Atlas of Finnish Fungi,2bc4c2db-1dfa-419c-93ce-6602c5ae8c99,http://creativecommons.org/licenses/by/4.0/legalcode
5839199014,60.294532,24.519628,2025,Amanita rubescens,The Atlas of Finnish Fungi,2bc4c2db-1dfa-419c-93ce-6602c5ae8c99,http://creativecommons.org/licenses/by/4.0/legalcode
5839199016,62.072353,27.403275,2025,Humaria hemisphaerica,The Atlas of Finnish Fungi,2bc4c2db-1dfa-419c-93ce-6602c5ae8c99,http://creativecommons.org/licenses/by/4.0/legalcode
5839199018,59.939677,23.497865,2025,Hydnum repandum,The Atlas of Finnish Fungi,2bc4c2db-1dfa-419c-93ce-6602c5ae8c99,http://creativecommons.org/licenses/by/4.0/legalcode
5839199019,60.432,22.163,2025,Fistulina hepatica,The Atlas of Finnish Fungi,2bc4c2db-1dfa-419c-93ce-6602c5ae8c99,http://creativecommons.org/licenses/by/4.0/legalcode
5839199022,65.81637,24.512857,2025,Russula risigallina,The Atlas of Finnish Fungi,2bc4c2db-1dfa-419c-93ce-6602c5ae8c99,http://creativecommons.org/licenses/by/4.0/legalcode
5839199023,66.3395,27.7715,2025,Connopus acervatus,The Atlas of Finnish Fungi,2bc4c2db-1dfa-419c-93ce-6602c5ae8c99,http://creativecommons.org/licenses/by/4.0/legalcode
5839199029,65.81607,24.51642,2025,Ampulloclitocybe clavipes,The Atlas of Finnish Fungi,2bc4c2db-1dfa-419c-93ce-6602c5ae8c99,http://creativecommons.org/licenses/by/4.0/legalcode
5839199032,60.485131,22.231497,2025,,The Atlas of Finnish Fungi,2bc4c2db-1dfa-419c-93ce-6602c5ae8c99,http://creativecommons.org/licenses/by/4.0/legalcode
5839199034,61.669,23.422,2025,,The Atlas of Finnish Fungi,2bc4c2db-1dfa-419c-93ce-6602c5ae8c99,http://creativecommons.org/licenses/by/4.0/legalcode
5839199035,65.64015,28.600707,2025,Fuscopostia lateritia,The Atlas of Finnish Fungi,2bc4c2db-1dfa-419c-93ce-6602c5ae8c99,http://creativecommons.org/licenses/by/4.0/legalcode
5839199036,65.69638,27.452458,2025,Phellinus lundellii,The Atlas of Finnish Fungi,2bc4c2db-1dfa-419c-93ce-6602c5ae8c99,http://creativecommons.org/licenses/by/4.0/legalcode
5839199037,66.1893,27.436,2025,Leccinum scabrum,The Atlas of Finnish Fungi,2bc4c2db-1dfa-419c-93ce-6602c5ae8c99,http://creativecommons.org/licenses/by/4.0/legalcode
5839199043,59.940341,23.497313,2025,,The Atlas of Finnish Fungi,2bc4c2db-1dfa-419c-93ce-6602c5ae8c99,http://creativecommons.org/licenses/by/4.0/legalcode
5839199054,60.040785,23.068126,2025,Thaxterogaster talus,The Atlas of Finnish Fungi,2bc4c2db-1dfa-419c-93ce-6602c5ae8c99,http://creativecommons.org/licenses/by/4.0/legalcode
5839199056,60.482326,22.210628,2025,Mycena leptocephala,The Atlas of Finnish Fungi,2bc4c2db-1dfa-419c-93ce-6602c5ae8c99,http://creativecommons.org/licenses/by/4.0/legalcode
5839199059,65.724571,27.665778,2025,Hermanssonia centrifuga,The Atlas of Finnish Fungi,2bc4c2db-1dfa-419c-93ce-6602c5ae8c99,http://creativecommons.org/licenses/by/4.0/legalcode
5839199063,65.821672,24.495681,2025,Phaeolepiota aurea,The Atlas of Finnish Fungi,2bc4c2db-1dfa-419c-93ce-6602c5ae8c99,http://creativecommons.org/licenses/by/4.0/legalcode
5839199066,60.057634,23.296741,2025,,The Atlas of Finnish Fungi,2bc4c2db-1dfa-419c-93ce-6602c5ae8c99,http://creativecommons.org/licenses/by/4.0/legalcode
5839199068,61.669,23.422,2025,,The Atlas of Finnish Fungi,2bc4c2db-1dfa-419c-93ce-6602c5ae8c99,http://creativecommons.org/licenses/by/4.0/legalcode
5839199069,66.307342,28.609362,2025,Phellinus viticola,The Atlas of Finnish Fungi,2bc4c2db-1dfa-419c-93ce-6602c5ae8c99,http://creativecommons.org/licenses/by/4.0/legalcode
5839199071,66.1903,27.4548,2025,Boletus pinophilus,The Atlas of Finnish Fungi,2bc4c2db-1dfa-419c-93ce-6602c5ae8c99,http://creativecommons.org/licenses/by/4.0/legalcode
5839199074,62.072353,27.403275,2025,Otidea bufonia,The Atlas of Finnish Fungi,2bc4c2db-1dfa-419c-93ce-6602c5ae8c99,http://creativecommons.org/licenses/by/4.0/legalcode
5839199078,61.108212,24.962162,2025,Artomyces pyxidatus,The Atlas of Finnish Fungi,2bc4c2db-1dfa-419c-93ce-6602c5ae8c99,http://creativecommons.org/licenses/by/4.0/legalcode
5839199084,61.108983,24.951372,2025,Cerrena unicolor,The Atlas of Finnish Fungi,2bc4c2db-1dfa-419c-93ce-6602c5ae8c99,http://creativecommons.org/licenses/by/4.0/legalcode
5839199086,65.699077,27.456205,2025,Phellinus viticola,The Atlas of Finnish Fungi,2bc4c2db-1dfa-419c-93ce-6602c5ae8c99,http://creativecommons.org/licenses/by/4.0/legalcode
5839199089,65.724953,27.662213,2025,Ischnoderma benzoinum,The Atlas of Finnish Fungi,2bc4c2db-1dfa-419c-93ce-6602c5ae8c99,http://creativecommons.org/licenses/by/4.0/legalcode
5839199094,66.410097,25.210252,2025,Hygrophorus subviscifer,The Atlas of Finnish Fungi,2bc4c2db-1dfa-419c-93ce-6602c5ae8c99,http://creativecommons.org/licenses/by/4.0/legalcode
5839199096,60.465454,23.660597,2025,Pseudolaccaria pachyphylla,The Atlas of Finnish Fungi,2bc4c2db-1dfa-419c-93ce-6602c5ae8c99,http://creativecommons.org/licenses/by/4.0/legalcode
5839199098,65.815252,24.51562,2025,,The Atlas of Finnish Fungi,2bc4c2db-1dfa-419c-93ce-6602c5ae8c99,http://creativecommons.org/licenses/by/4.0/legalcode
5839199108,60.058517,23.2965,2025,Marasmius oreades,The Atlas of Finnish Fungi,2bc4c2db-1dfa-419c-93ce-6602c5ae8c99,http://creativecommons.org/licenses/by/4.0/legalcode
5839199116,66.409298,25.213774,2025,,The Atlas of Finnish Fungi,2bc4c2db-1dfa-419c-93ce-6602c5ae8c99,http://creativecommons.org/licenses/by/4.0/legalcode
5839199117,66.186,27.4503,2025,Armillaria borealis,The Atlas of Finnish Fungi,2bc4c2db-1dfa-419c-93ce-6602c5ae8c99,http://creativecommons.org/licenses/by/4.0/legalcode
5839199118,62.072426,27.403123,2025,Cystolepiota seminuda,The Atlas of Finnish Fungi,2bc4c2db-1dfa-419c-93ce-6602c5ae8c99,http://creativecommons.org/licenses/by/4.0/legalcode
5839199123,60.482364,22.21058,2025,,The Atlas of Finnish Fungi,2bc4c2db-1dfa-419c-93ce-6602c5ae8c99,http://creativecommons.org/licenses/by/4.0/legalcode
5839199125,65.724729,27.665752,2025,Rhodofomes roseus,The Atlas of Finnish Fungi,2bc4c2db-1dfa-419c-93ce-6602c5ae8c99,http://creativecommons.org/licenses/by/4.0/legalcode
5839199126,60.21639,24.698603,2025,Helvella atra,The Atlas of Finnish Fungi,2bc4c2db-1dfa-419c-93ce-6602c5ae8c99,http://creativecommons.org/licenses/by/4.0/legalcode
5839199135,61.107651,24.962605,2025,Ganoderma applanatum,The Atlas of Finnish Fungi,2bc4c2db-1dfa-419c-93ce-6602c5ae8c99,http://creativecommons.org/licenses/by/4.0/legalcode
5839199136,64.713597,24.546187,2025,Helvella elastica,The Atlas of Finnish Fungi,2bc4c2db-1dfa-419c-93ce-6602c5ae8c99,http://creativecommons.org/licenses/by/4.0/legalcode
5839199137,60.428588,22.314983,2025,Lepiota cristata,The Atlas of Finnish Fungi,2bc4c2db-1dfa-419c-93ce-6602c5ae8c99,http://creativecommons.org/licenses/by/4.0/legalcode
5839199140,65.95585,28.99979,2025,Amylocystis lapponica,The Atlas of Finnish Fungi,2bc4c2db-1dfa-419c-93ce-6602c5ae8c99,http://creativecommons.org/licenses/by/4.0/legalcode
5839199143,60.742077,22.437242,2025,Cortinarius acutus,The Atlas of Finnish Fungi,2bc4c2db-1dfa-419c-93ce-6602c5ae8c99,http://creativecommons.org/licenses/by/4.0/legalcode
5839199144,60.464073,23.656996,2025,Cortinarius claricolor,The Atlas of Finnish Fungi,2bc4c2db-1dfa-419c-93ce-6602c5ae8c99,http://creativecommons.org/licenses/by/4.0/legalcode
5839199145,65.72202,27.663258,2025,Tyromyces odorus,The Atlas of Finnish Fungi,2bc4c2db-1dfa-419c-93ce-6602c5ae8c99,http://creativecommons.org/licenses/by/4.0/legalcode
5839199149,66.1867,27.4472,2025,Kuehneromyces mutabilis,The Atlas of Finnish Fungi,2bc4c2db-1dfa-419c-93ce-6602c5ae8c99,http://creativecommons.org/licenses/by/4.0/legalcode
5839199151,59.906439,23.498849,2025,Lactarius quietus,The Atlas of Finnish Fungi,2bc4c2db-1dfa-419c-93ce-6602c5ae8c99,http://creativecommons.org/licenses/by/4.0/legalcode
5839199154,60.367916,25.70342,2025,Russula chloroides,The Atlas of Finnish Fungi,2bc4c2db-1dfa-419c-93ce-6602c5ae8c99,http://creativecommons.org/licenses/by/4.0/legalcode
5839199155,61.063466,25.036701,2025,,The Atlas of Finnish Fungi,2bc4c2db-1dfa-419c-93ce-6602c5ae8c99,http://creativecommons.org/licenses/by/4.0/legalcode
5839199157,60.280622,25.106368,2025,Tricholoma stiparophyllum,The Atlas of Finnish Fungi,2bc4c2db-1dfa-419c-93ce-6602c5ae8c99,http://creativecommons.org/licenses/by/4.0/legalcode
5839199159,60.20162,24.95636,2025,Erysiphe euonymi,The Atlas of Finnish Fungi,2bc4c2db-1dfa-419c-93ce-6602c5ae8c99,http://creativecommons.org/licenses/by/4.0/legalcode
5839199160,65.728753,27.664307,2025,Hermanssonia centrifuga,The Atlas of Finnish Fungi,2bc4c2db-1dfa-419c-93ce-6602c5ae8c99,http://creativecommons.org/licenses/by/4.0/legalcode
5839199162,60.428588,22.314983,2025,Leucoagaricus leucothites,The Atlas of Finnish Fungi,2bc4c2db-1dfa-419c-93ce-6602c5ae8c99,http://creativecommons.org/licenses/by/4.0/legalcode
5839199163,59.906439,23.498849,2025,Inocybe curvipes,The Atlas of Finnish Fungi,2bc4c2db-1dfa-419c-93ce-6602c5ae8c99,http://creativecommons.org/licenses/by/4.0/legalcode
5839199167,65.955953,29.000316,2025,Rhodofomes roseus,The Atlas of Finnish Fungi,2bc4c2db-1dfa-419c-93ce-6602c5ae8c99,http://creativecommons.org/licenses/by/4.0/legalcode
5839199168,61.063444,25.036853,2025,Russula velenovskyi,The Atlas of Finnish Fungi,2bc4c2db-1dfa-419c-93ce-6602c5ae8c99,http://creativecommons.org/licenses/by/4.0/legalcode
5839199171,60.743272,22.435768,2025,Russula emetica,The Atlas of Finnish Fungi,2bc4c2db-1dfa-419c-93ce-6602c5ae8c99,http://creativecommons.org/licenses/by/4.0/legalcode
5839199173,61.108299,24.961998,2025,Russula consobrina,The Atlas of Finnish Fungi,2bc4c2db-1dfa-419c-93ce-6602c5ae8c99,http://creativecommons.org/licenses/by/4.0/legalcode
5839199174,61.06397,25.038856,2025,,The Atlas of Finnish Fungi,2bc4c2db-1dfa-419c-93ce-6602c5ae8c99,http://creativecommons.org/licenses/by/4.0/legalcode
5839199175,65.70141,27.442135,2025,Ischnoderma benzoinum,The Atlas of Finnish Fungi,2bc4c2db-1dfa-419c-93ce-6602c5ae8c99,http://creativecommons.org/licenses/by/4.0/legalcode
5839199179,65.95585,28.99979,2025,Asterodon ferruginosus,The Atlas of Finnish Fungi,2bc4c2db-1dfa-419c-93ce-6602c5ae8c99,http://creativecommons.org/licenses/by/4.0/legalcode
5839199181,60.280828,25.108177,2025,Leratiomyces percevalii,The Atlas of Finnish Fungi,2bc4c2db-1dfa-419c-93ce-6602c5ae8c99,http://creativecommons.org/licenses/by/4.0/legalcode
5839199183,60.20177,24.95737,2025,Diplocarpon rosae,The Atlas of Finnish Fungi,2bc4c2db-1dfa-419c-93ce-6602c5ae8c99,http://creativecommons.org/licenses/by/4.0/legalcode
5839199184,65.729121,27.66415,2025,Gloeophyllum sepiarium,The Atlas of Finnish Fungi,2bc4c2db-1dfa-419c-93ce-6602c5ae8c99,http://creativecommons.org/licenses/by/4.0/legalcode
5839199185,61.470297,23.372986,2025,Onnia tomentosa,The Atlas of Finnish Fungi,2bc4c2db-1dfa-419c-93ce-6602c5ae8c99,http://creativecommons.org/licenses/by/4.0/legalcode
5839199190,62.072353,27.403275,2025,Lepiota grangei,The Atlas of Finnish Fungi,2bc4c2db-1dfa-419c-93ce-6602c5ae8c99,http://creativecommons.org/licenses/by/4.0/legalcode
5839199193,60.28055,25.10692,2025,Tricholoma stiparophyllum,The Atlas of Finnish Fungi,2bc4c2db-1dfa-419c-93ce-6602c5ae8c99,http://creativecommons.org/licenses/by/4.0/legalcode
5839199196,60.20166,24.95733,2025,Asteroma padi,The Atlas of Finnish Fungi,2bc4c2db-1dfa-419c-93ce-6602c5ae8c99,http://creativecommons.org/licenses/by/4.0/legalcode
5839199199,59.906439,23.498849,2025,,The Atlas of Finnish Fungi,2bc4c2db-1dfa-419c-93ce-6602c5ae8c99,http://creativecommons.org/licenses/by/4.0/legalcode
5839199201,66.409423,25.213321,2025,Hydnum rufescens,The Atlas of Finnish Fungi,2bc4c2db-1dfa-419c-93ce-6602c5ae8c99,http://creativecommons.org/licenses/by/4.0/legalcode
5839199204,61.063496,25.036857,2025,Leotia lubrica,The Atlas of Finnish Fungi,2bc4c2db-1dfa-419c-93ce-6602c5ae8c99,http://creativecommons.org/licenses/by/4.0/legalcode
5839199209,60.482364,22.21058,2025,Phlebia tremellosa,The Atlas of Finnish Fungi,2bc4c2db-1dfa-419c-93ce-6602c5ae8c99,http://creativecommons.org/licenses/by/4.0/legalcode
5839199213,65.72479,27.665746,2025,Phellinidium ferrugineofuscum,The Atlas of Finnish Fungi,2bc4c2db-1dfa-419c-93ce-6602c5ae8c99,http://creativecommons.org/licenses/by/4.0/legalcode
5839199214,59.906439,23.498849,2025,Boletus edulis,The Atlas of Finnish Fungi,2bc4c2db-1dfa-419c-93ce-6602c5ae8c99,http://creativecommons.org/licenses/by/4.0/legalcode
5839199218,66.58315,25.67069,2025,Phellinopsis conchata,The Atlas of Finnish Fungi,2bc4c2db-1dfa-419c-93ce-6602c5ae8c99,http://creativecommons.org/licenses/by/4.0/legalcode
5839199220,61.063415,25.036776,2025,,The Atlas of Finnish Fungi,2bc4c2db-1dfa-419c-93ce-6602c5ae8c99,http://creativecommons.org/licenses/by/4.0/legalcode
5839432301,62.120582,25.844497,2025,Micarea misella,"Notebook, general observations",df12ca07-f133-4550-ab3b-fde13f0e76ba,http://creativecommons.org/licenses/by/4.0/legalcode
5839432331,60.135096,24.43652,2025,Phellinopsis conchata,"Notebook, general observations",df12ca07-f133-4550-ab3b-fde13f0e76ba,http://creativecommons.org/licenses/by/4.0/legalcode
5839432418,60.415066,22.449358,2025,Neoantrodia serialis,"Notebook, general observations",df12ca07-f133-4550-ab3b-fde13f0e76ba,http://creativecommons.org/licenses/by/4.0/legalcode
5839432499,60.135096,24.43652,2025,Fomitiporia punctata,"Notebook, general observations",df12ca07-f133-4550-ab3b-fde13f0e76ba,http://creativecommons.org/licenses/by/4.0/legalcode
5839432584,60.415066,22.449358,2025,Daedalea xantha,"Notebook, general observations",df12ca07-f133-4550-ab3b-fde13f0e76ba,http://creativecommons.org/licenses/by/4.0/legalcode
5839432672,60.415074,22.449323,2025,Phellinopsis conchata,"Notebook, general observations",df12ca07-f133-4550-ab3b-fde13f0e76ba,http://creativecommons.org/licenses/by/4.0/legalcode
5839432923,60.652655,27.223891,2025,Russula adusta,"Notebook, general observations",df12ca07-f133-4550-ab3b-fde13f0e76ba,http://creativecommons.org/licenses/by/4.0/legalcode
5839432929,60.78408,24.07397,2025,Cortinarius sanguineus,"Notebook, general observations",df12ca07-f133-4550-ab3b-fde13f0e76ba,http://creativecommons.org/licenses/by/4.0/legalcode
5839433059,60.788527,24.080549,2025,Thelephora palmata,"Notebook, general observations",df12ca07-f133-4550-ab3b-fde13f0e76ba,http://creativecommons.org/licenses/by/4.0/legalcode
5839433077,60.52137,27.51756,2025,Chaenotheca furfuracea,"Notebook, general observations",df12ca07-f133-4550-ab3b-fde13f0e76ba,http://creativecommons.org/licenses/by/4.0/legalcode
5839433237,60.362264,25.638481,2025,Clavulinopsis laeticolor,"Notebook, general observations",df12ca07-f133-4550-ab3b-fde13f0e76ba,http://creativecommons.org/licenses/by/4.0/legalcode
5839433246,60.415066,22.449358,2025,Crustoderma dryinum,"Notebook, general observations",df12ca07-f133-4550-ab3b-fde13f0e76ba,http://creativecommons.org/licenses/by/4.0/legalcode
5839433283,60.519478,22.353305,2025,Megacollybia platyphylla,"Notebook, general observations",df12ca07-f133-4550-ab3b-fde13f0e76ba,http://creativecommons.org/licenses/by/4.0/legalcode
5839433315,60.78432,24.07739,2025,,"Notebook, general observations",df12ca07-f133-4550-ab3b-fde13f0e76ba,http://creativecommons.org/licenses/by/4.0/legalcode
5839433335,60.415304,22.449918,2025,Gloeophyllum sepiarium,"Notebook, general observations",df12ca07-f133-4550-ab3b-fde13f0e76ba,http://creativecommons.org/licenses/by/4.0/legalcode
5839433364,60.519295,22.353218,2025,Hydnum umbilicatum,"Notebook, general observations",df12ca07-f133-4550-ab3b-fde13f0e76ba,http://creativecommons.org/licenses/by/4.0/legalcode
5839433417,60.415066,22.449358,2025,Fomitopsis pinicola,"Notebook, general observations",df12ca07-f133-4550-ab3b-fde13f0e76ba,http://creativecommons.org/licenses/by/4.0/legalcode
5839433436,60.652655,27.223891,2025,Asterophora lycoperdoides,"Notebook, general observations",df12ca07-f133-4550-ab3b-fde13f0e76ba,http://creativecommons.org/licenses/by/4.0/legalcode
5839433444,60.78454,24.06902,2025,Chaenotheca ferruginea,"Notebook, general observations",df12ca07-f133-4550-ab3b-fde13f0e76ba,http://creativecommons.org/licenses/by/4.0/legalcode
5839433446,60.519335,22.353482,2025,Boletus reticulatus,"Notebook, general observations",df12ca07-f133-4550-ab3b-fde13f0e76ba,http://creativecommons.org/licenses/by/4.0/legalcode
5839433664,60.7838,24.07581,2025,Micarea misella,"Notebook, general observations",df12ca07-f133-4550-ab3b-fde13f0e76ba,http://creativecommons.org/licenses/by/4.0/legalcode
5839433872,60.78429,24.07624,2025,Hertelidea botryosa,"Notebook, general observations",df12ca07-f133-4550-ab3b-fde13f0e76ba,http://creativecommons.org/licenses/by/4.0/legalcode
5839433875,60.777415,24.751063,2025,,"Notebook, general observations",df12ca07-f133-4550-ab3b-fde13f0e76ba,http://creativecommons.org/licenses/by/4.0/legalcode
5839433995,60.517888,22.360096,2025,Thelephora palmata,"Notebook, general observations",df12ca07-f133-4550-ab3b-fde13f0e76ba,http://creativecommons.org/licenses/by/4.0/legalcode
5839434067,60.518579,22.353322,2025,Pholiota squarrosa,"Notebook, general observations",df12ca07-f133-4550-ab3b-fde13f0e76ba,http://creativecommons.org/licenses/by/4.0/legalcode
5839434139,60.518559,22.355292,2025,Cortinarius sanguineus,"Notebook, general observations",df12ca07-f133-4550-ab3b-fde13f0e76ba,http://creativecommons.org/licenses/by/4.0/legalcode
5839434202,60.78481,24.07789,2025,Hydnellum peckii,"Notebook, general observations",df12ca07-f133-4550-ab3b-fde13f0e76ba,http://creativecommons.org/licenses/by/4.0/legalcode
5839434296,60.78756,24.07639,2025,Biatora carneoalbida,"Notebook, general observations",df12ca07-f133-4550-ab3b-fde13f0e76ba,http://creativecommons.org/licenses/by/4.0/legalcode
5839434430,61.507506,23.787745,2025,Neoboletus luridiformis,"Notebook, general observations",df12ca07-f133-4550-ab3b-fde13f0e76ba,http://creativecommons.org/licenses/by/4.0/legalcode
5839434587,60.216408,22.264746,2025,Sarcodon squamosus,"Notebook, general observations",df12ca07-f133-4550-ab3b-fde13f0e76ba,http://creativecommons.org/licenses/by/4.0/legalcode
5839434654,60.78377,24.06875,2025,Mollisia cinerea,"Notebook, general observations",df12ca07-f133-4550-ab3b-fde13f0e76ba,http://creativecommons.org/licenses/by/4.0/legalcode
5839434764,60.7849,24.077,2025,Hertelidea botryosa,"Notebook, general observations",df12ca07-f133-4550-ab3b-fde13f0e76ba,http://creativecommons.org/licenses/by/4.0/legalcode
5839434840,60.78756,24.07639,2025,Peltigera praetextata,"Notebook, general observations",df12ca07-f133-4550-ab3b-fde13f0e76ba,http://creativecommons.org/licenses/by/4.0/legalcode
5839434887,60.216371,22.264733,2025,Leccinum vulpinum,"Notebook, general observations",df12ca07-f133-4550-ab3b-fde13f0e76ba,http://creativecommons.org/licenses/by/4.0/legalcode
5839435212,60.519205,22.353715,2025,Galerina marginata,"Notebook, general observations",df12ca07-f133-4550-ab3b-fde13f0e76ba,http://creativecommons.org/licenses/by/4.0/legalcode
5839435371,60.519353,22.352323,2025,Paralepista flaccida,"Notebook, general observations",df12ca07-f133-4550-ab3b-fde13f0e76ba,http://creativecommons.org/licenses/by/4.0/legalcode
5839435446,60.519247,22.353714,2025,Inonotus obliquus,"Notebook, general observations",df12ca07-f133-4550-ab3b-fde13f0e76ba,http://creativecommons.org/licenses/by/4.0/legalcode
5839435623,60.415675,22.446592,2025,Vulpicida pinastri,"Notebook, general observations",df12ca07-f133-4550-ab3b-fde13f0e76ba,http://creativecommons.org/licenses/by/4.0/legalcode
5839435861,60.78388,24.07586,2025,Mycoblastus sanguinarius,"Notebook, general observations",df12ca07-f133-4550-ab3b-fde13f0e76ba,http://creativecommons.org/licenses/by/4.0/legalcode
5839436019,60.78388,24.07586,2025,Hertelidea botryosa,"Notebook, general observations",df12ca07-f133-4550-ab3b-fde13f0e76ba,http://creativecommons.org/licenses/by/4.0/legalcode
5839436078,61.448448,23.820256,2025,Thelephora terrestris,"Notebook, general observations",df12ca07-f133-4550-ab3b-fde13f0e76ba,http://creativecommons.org/licenses/by/4.0/legalcode
5839436080,60.333601,22.146172,2025,,"Notebook, general observations",df12ca07-f133-4550-ab3b-fde13f0e76ba,http://creativecommons.org/licenses/by/4.0/legalcode
5839436157,60.132396,24.436685,2025,Trametes hirsuta,"Notebook, general observations",df12ca07-f133-4550-ab3b-fde13f0e76ba,http://creativecommons.org/licenses/by/4.0/legalcode
5839436233,60.334338,22.142417,2025,,"Notebook, general observations",df12ca07-f133-4550-ab3b-fde13f0e76ba,http://creativecommons.org/licenses/by/4.0/legalcode
5839436317,60.334288,22.145293,2025,Hymenochaete rubiginosa,"Notebook, general observations",df12ca07-f133-4550-ab3b-fde13f0e76ba,http://creativecommons.org/licenses/by/4.0/legalcode
5839436484,60.788838,24.080599,2025,Leptoporus mollis,"Notebook, general observations",df12ca07-f133-4550-ab3b-fde13f0e76ba,http://creativecommons.org/licenses/by/4.0/legalcode
5839436487,60.13212,24.437261,2025,Xanthoporia radiata,"Notebook, general observations",df12ca07-f133-4550-ab3b-fde13f0e76ba,http://creativecommons.org/licenses/by/4.0/legalcode
5839436588,60.7838,24.07581,2025,Antrodia sinuosa,"Notebook, general observations",df12ca07-f133-4550-ab3b-fde13f0e76ba,http://creativecommons.org/licenses/by/4.0/legalcode
5839436595,60.519167,22.35432,2025,Xerocomus subtomentosus,"Notebook, general observations",df12ca07-f133-4550-ab3b-fde13f0e76ba,http://creativecommons.org/licenses/by/4.0/legalcode
5839436674,60.519163,22.3525,2025,Amanita excelsa,"Notebook, general observations",df12ca07-f133-4550-ab3b-fde13f0e76ba,http://creativecommons.org/licenses/by/4.0/legalcode
5839436857,60.207518,22.258634,2025,Pseudohydnum gelatinosum,"Notebook, general observations",df12ca07-f133-4550-ab3b-fde13f0e76ba,http://creativecommons.org/licenses/by/4.0/legalcode
5839436935,60.78388,24.07586,2025,Hypocenomyce scalaris,"Notebook, general observations",df12ca07-f133-4550-ab3b-fde13f0e76ba,http://creativecommons.org/licenses/by/4.0/legalcode
5839437015,60.78388,24.07586,2025,Chaenotheca ferruginea,"Notebook, general observations",df12ca07-f133-4550-ab3b-fde13f0e76ba,http://creativecommons.org/licenses/by/4.0/legalcode
5839437098,60.414464,25.716742,2025,Cladonia deformis,"Notebook, general observations",df12ca07-f133-4550-ab3b-fde13f0e76ba,http://creativecommons.org/licenses/by/4.0/legalcode
5839437194,60.518163,22.354611,2025,Amanita battarrae,"Notebook, general observations",df12ca07-f133-4550-ab3b-fde13f0e76ba,http://creativecommons.org/licenses/by/4.0/legalcode
5839437402,60.842596,24.979013,2025,Artomyces pyxidatus,"Notebook, general observations",df12ca07-f133-4550-ab3b-fde13f0e76ba,http://creativecommons.org/licenses/by/4.0/legalcode
5839437745,60.19986,22.259424,2025,Pholiota squarrosa,"Notebook, general observations",df12ca07-f133-4550-ab3b-fde13f0e76ba,http://creativecommons.org/licenses/by/4.0/legalcode
5839437778,60.78554,24.07498,2025,Hertelidea botryosa,"Notebook, general observations",df12ca07-f133-4550-ab3b-fde13f0e76ba,http://creativecommons.org/licenses/by/4.0/legalcode
5839437784,60.210406,22.260251,2025,Pseudevernia furfuracea,"Notebook, general observations",df12ca07-f133-4550-ab3b-fde13f0e76ba,http://creativecommons.org/licenses/by/4.0/legalcode
5839437812,60.215796,22.263366,2025,Lactarius vietus,"Notebook, general observations",df12ca07-f133-4550-ab3b-fde13f0e76ba,http://creativecommons.org/licenses/by/4.0/legalcode
5839437858,60.520995,22.350019,2025,Tapinella atrotomentosa,"Notebook, general observations",df12ca07-f133-4550-ab3b-fde13f0e76ba,http://creativecommons.org/licenses/by/4.0/legalcode
5839437926,60.78689,24.07692,2025,Ischnoderma benzoinum,"Notebook, general observations",df12ca07-f133-4550-ab3b-fde13f0e76ba,http://creativecommons.org/licenses/by/4.0/legalcode
5839437927,60.78388,24.07586,2025,Xylopsora friesii,"Notebook, general observations",df12ca07-f133-4550-ab3b-fde13f0e76ba,http://creativecommons.org/licenses/by/4.0/legalcode
5839438068,60.523691,27.520663,2025,Mycoblastus sanguinarius,"Notebook, general observations",df12ca07-f133-4550-ab3b-fde13f0e76ba,http://creativecommons.org/licenses/by/4.0/legalcode
5839438096,60.519124,22.354042,2025,Phellinidium ferrugineofuscum,"Notebook, general observations",df12ca07-f133-4550-ab3b-fde13f0e76ba,http://creativecommons.org/licenses/by/4.0/legalcode
5839438135,60.215836,22.263069,2025,Lactarius helvus,"Notebook, general observations",df12ca07-f133-4550-ab3b-fde13f0e76ba,http://creativecommons.org/licenses/by/4.0/legalcode
5839438221,60.78555,24.0758,2025,Pycnoporellus fulgens,"Notebook, general observations",df12ca07-f133-4550-ab3b-fde13f0e76ba,http://creativecommons.org/licenses/by/4.0/legalcode
5839438222,60.21568,22.26414,2025,Phellinus chrysoloma,"Notebook, general observations",df12ca07-f133-4550-ab3b-fde13f0e76ba,http://creativecommons.org/licenses/by/4.0/legalcode
5839438234,60.132034,24.437479,2025,Stereum hirsutum,"Notebook, general observations",df12ca07-f133-4550-ab3b-fde13f0e76ba,http://creativecommons.org/licenses/by/4.0/legalcode
5839438358,60.519085,22.354382,2025,Ischnoderma benzoinum,"Notebook, general observations",df12ca07-f133-4550-ab3b-fde13f0e76ba,http://creativecommons.org/licenses/by/4.0/legalcode
5839438427,60.78695,24.07668,2025,Pycnoporellus fulgens,"Notebook, general observations",df12ca07-f133-4550-ab3b-fde13f0e76ba,http://creativecommons.org/licenses/by/4.0/legalcode
5839438741,60.214637,22.25584,2025,Phellodon niger,"Notebook, general observations",df12ca07-f133-4550-ab3b-fde13f0e76ba,http://creativecommons.org/licenses/by/4.0/legalcode
5839438757,59.851904,22.321345,2025,Porodaedalea pini,"Notebook, general observations",df12ca07-f133-4550-ab3b-fde13f0e76ba,http://creativecommons.org/licenses/by/4.0/legalcode
5839438870,61.014653,25.68481,2025,Hericium coralloides,"Notebook, general observations",df12ca07-f133-4550-ab3b-fde13f0e76ba,http://creativecommons.org/licenses/by/4.0/legalcode
5839438883,60.7842,24.06621,2025,Usnea dasopoga,"Notebook, general observations",df12ca07-f133-4550-ab3b-fde13f0e76ba,http://creativecommons.org/licenses/by/4.0/legalcode
5839438922,60.212784,22.262533,2025,Arctoparmelia centrifuga,"Notebook, general observations",df12ca07-f133-4550-ab3b-fde13f0e76ba,http://creativecommons.org/licenses/by/4.0/legalcode
5839438931,61.938632,25.734533,2025,Auriscalpium vulgare,"Notebook, general observations",df12ca07-f133-4550-ab3b-fde13f0e76ba,http://creativecommons.org/licenses/by/4.0/legalcode
5839439036,61.938918,25.736274,2025,Amanita citrina,"Notebook, general observations",df12ca07-f133-4550-ab3b-fde13f0e76ba,http://creativecommons.org/licenses/by/4.0/legalcode
5839439412,60.78443,24.07639,2025,Hertelidea botryosa,"Notebook, general observations",df12ca07-f133-4550-ab3b-fde13f0e76ba,http://creativecommons.org/licenses/by/4.0/legalcode
5839439855,60.02576,23.86023,2025,Phellopilus nigrolimitatus,"Notebook, general observations",df12ca07-f133-4550-ab3b-fde13f0e76ba,http://creativecommons.org/licenses/by/4.0/legalcode
5839440048,60.7836,24.07384,2025,Hertelidea botryosa,"Notebook, general observations",df12ca07-f133-4550-ab3b-fde13f0e76ba,http://creativecommons.org/licenses/by/4.0/legalcode
5839440052,60.210406,22.260251,2025,Hypogymnia physodes,"Notebook, general observations",df12ca07-f133-4550-ab3b-fde13f0e76ba,http://creativecommons.org/licenses/by/4.0/legalcode
5839440199,62.332072,25.7129,2025,Calocera viscosa,"Notebook, general observations",df12ca07-f133-4550-ab3b-fde13f0e76ba,http://creativecommons.org/licenses/by/4.0/legalcode
5839440216,60.78624,24.07828,2025,Hertelidea botryosa,"Notebook, general observations",df12ca07-f133-4550-ab3b-fde13f0e76ba,http://creativecommons.org/licenses/by/4.0/legalcode
5839440309,60.78426,24.07042,2025,Phellinus igniarius,"Notebook, general observations",df12ca07-f133-4550-ab3b-fde13f0e76ba,http://creativecommons.org/licenses/by/4.0/legalcode
5839440481,60.518515,22.355962,2025,Lactarius vietus,"Notebook, general observations",df12ca07-f133-4550-ab3b-fde13f0e76ba,http://creativecommons.org/licenses/by/4.0/legalcode
5839440976,60.523963,27.520954,2025,Rhodofomes roseus,"Notebook, general observations",df12ca07-f133-4550-ab3b-fde13f0e76ba,http://creativecommons.org/licenses/by/4.0/legalcode
5839441009,60.518414,22.355928,2025,Lactarius utilis,"Notebook, general observations",df12ca07-f133-4550-ab3b-fde13f0e76ba,http://creativecommons.org/licenses/by/4.0/legalcode
5839441668,60.78432,24.07739,2025,Asterodon ferruginosus,"Notebook, general observations",df12ca07-f133-4550-ab3b-fde13f0e76ba,http://creativecommons.org/licenses/by/4.0/legalcode
5839441676,60.518515,22.355962,2025,Tricholoma inamoenum,"Notebook, general observations",df12ca07-f133-4550-ab3b-fde13f0e76ba,http://creativecommons.org/licenses/by/4.0/legalcode
5839441734,60.286051,24.609094,2025,Gymnopilus junonius,"Notebook, general observations",df12ca07-f133-4550-ab3b-fde13f0e76ba,http://creativecommons.org/licenses/by/4.0/legalcode
5839441848,60.7842,24.06621,2025,Alectoria sarmentosa,"Notebook, general observations",df12ca07-f133-4550-ab3b-fde13f0e76ba,http://creativecommons.org/licenses/by/4.0/legalcode
5839442018,60.777559,24.750781,2025,,"Notebook, general observations",df12ca07-f133-4550-ab3b-fde13f0e76ba,http://creativecommons.org/licenses/by/4.0/legalcode
5839442072,60.406847,22.425756,2025,Coprinopsis atramentaria,"Notebook, general observations",df12ca07-f133-4550-ab3b-fde13f0e76ba,http://creativecommons.org/licenses/by/4.0/legalcode
5839442477,60.406849,22.425233,2025,Lactarius turpis,"Notebook, general observations",df12ca07-f133-4550-ab3b-fde13f0e76ba,http://creativecommons.org/licenses/by/4.0/legalcode
5839442852,60.78467,24.07711,2025,Pycnoporellus fulgens,"Notebook, general observations",df12ca07-f133-4550-ab3b-fde13f0e76ba,http://creativecommons.org/licenses/by/4.0/legalcode
5839442972,60.78431,24.07196,2025,Ischnoderma benzoinum,"Notebook, general observations",df12ca07-f133-4550-ab3b-fde13f0e76ba,http://creativecommons.org/licenses/by/4.0/legalcode
5839443170,60.024333,23.106629,2025,Phaeolus schweinitzii,"Notebook, general observations",df12ca07-f133-4550-ab3b-fde13f0e76ba,http://creativecommons.org/licenses/by/4.0/legalcode
5839443227,60.78341,24.06723,2025,Alectoria sarmentosa,"Notebook, general observations",df12ca07-f133-4550-ab3b-fde13f0e76ba,http://creativecommons.org/licenses/by/4.0/legalcode
5839443267,60.78467,24.07711,2025,Fomitopsis pinicola,"Notebook, general observations",df12ca07-f133-4550-ab3b-fde13f0e76ba,http://creativecommons.org/licenses/by/4.0/legalcode
5839443380,59.851192,22.321198,2025,Porodaedalea pini,"Notebook, general observations",df12ca07-f133-4550-ab3b-fde13f0e76ba,http://creativecommons.org/licenses/by/4.0/legalcode
5839443467,61.450431,23.826176,2025,Tricholomopsis rutilans,"Notebook, general observations",df12ca07-f133-4550-ab3b-fde13f0e76ba,http://creativecommons.org/licenses/by/4.0/legalcode
5839443495,60.78406,24.07517,2025,Hertelidea botryosa,"Notebook, general observations",df12ca07-f133-4550-ab3b-fde13f0e76ba,http://creativecommons.org/licenses/by/4.0/legalcode
5839443504,60.406587,22.424518,2025,,"Notebook, general observations",df12ca07-f133-4550-ab3b-fde13f0e76ba,http://creativecommons.org/licenses/by/4.0/legalcode
5839443582,60.7846,24.07145,2025,Cortinarius sanguineus,"Notebook, general observations",df12ca07-f133-4550-ab3b-fde13f0e76ba,http://creativecommons.org/licenses/by/4.0/legalcode
5839443760,60.131914,24.437119,2025,Chlorociboria aeruginascens,"Notebook, general observations",df12ca07-f133-4550-ab3b-fde13f0e76ba,http://creativecommons.org/licenses/by/4.0/legalcode
5839443900,64.064337,25.606733,2025,Gomphidius glutinosus,"Notebook, general observations",df12ca07-f133-4550-ab3b-fde13f0e76ba,http://creativecommons.org/licenses/by/4.0/legalcode
5839444198,60.518429,22.35745,2025,Russula risigallina,"Notebook, general observations",df12ca07-f133-4550-ab3b-fde13f0e76ba,http://creativecommons.org/licenses/by/4.0/legalcode
5839444251,60.519513,22.353085,2025,Amanita rubescens,"Notebook, general observations",df12ca07-f133-4550-ab3b-fde13f0e76ba,http://creativecommons.org/licenses/by/4.0/legalcode
5839444282,60.78548,24.07897,2025,Cortinarius sanguineus,"Notebook, general observations",df12ca07-f133-4550-ab3b-fde13f0e76ba,http://creativecommons.org/licenses/by/4.0/legalcode
5839444335,60.407865,22.423522,2025,Agaricus sylvicola,"Notebook, general observations",df12ca07-f133-4550-ab3b-fde13f0e76ba,http://creativecommons.org/licenses/by/4.0/legalcode
5839444620,60.209945,22.260328,2025,Hydnellum ferrugineum,"Notebook, general observations",df12ca07-f133-4550-ab3b-fde13f0e76ba,http://creativecommons.org/licenses/by/4.0/legalcode
5839444852,62.216835,25.495883,2025,Pycnoporellus fulgens,"Notebook, general observations",df12ca07-f133-4550-ab3b-fde13f0e76ba,http://creativecommons.org/licenses/by/4.0/legalcode
5839444933,62.259944,25.701545,2025,Antrodiella pallescens,"Notebook, general observations",df12ca07-f133-4550-ab3b-fde13f0e76ba,http://creativecommons.org/licenses/by/4.0/legalcode
5839444960,60.518429,22.35745,2025,Stropharia hornemannii,"Notebook, general observations",df12ca07-f133-4550-ab3b-fde13f0e76ba,http://creativecommons.org/licenses/by/4.0/legalcode
5839445046,60.209124,22.258983,2025,Phellinopsis conchata,"Notebook, general observations",df12ca07-f133-4550-ab3b-fde13f0e76ba,http://creativecommons.org/licenses/by/4.0/legalcode
5839445074,60.78459,24.07672,2025,Phellinidium ferrugineofuscum,"Notebook, general observations",df12ca07-f133-4550-ab3b-fde13f0e76ba,http://creativecommons.org/licenses/by/4.0/legalcode
5839445111,60.78554,24.07941,2025,Cladonia norvegica,"Notebook, general observations",df12ca07-f133-4550-ab3b-fde13f0e76ba,http://creativecommons.org/licenses/by/4.0/legalcode
5839445178,60.520036,22.353125,2025,Lactarius quietus,"Notebook, general observations",df12ca07-f133-4550-ab3b-fde13f0e76ba,http://creativecommons.org/licenses/by/4.0/legalcode
5839445272,60.219567,23.759875,2025,Pholiota squarrosa,"Notebook, general observations",df12ca07-f133-4550-ab3b-fde13f0e76ba,http://creativecommons.org/licenses/by/4.0/legalcode
5839445283,60.78548,24.07897,2025,Ischnoderma benzoinum,"Notebook, general observations",df12ca07-f133-4550-ab3b-fde13f0e76ba,http://creativecommons.org/licenses/by/4.0/legalcode
5839445320,60.78459,24.07672,2025,Rhodofomes roseus,"Notebook, general observations",df12ca07-f133-4550-ab3b-fde13f0e76ba,http://creativecommons.org/licenses/by/4.0/legalcode
5839445347,60.40686,22.425522,2025,Apioperdon pyriforme,"Notebook, general observations",df12ca07-f133-4550-ab3b-fde13f0e76ba,http://creativecommons.org/licenses/by/4.0/legalcode
5839445623,60.026133,23.862691,2025,Phellopilus nigrolimitatus,"Notebook, general observations",df12ca07-f133-4550-ab3b-fde13f0e76ba,http://creativecommons.org/licenses/by/4.0/legalcode
5839445715,60.78589,24.07763,2025,Cladonia norvegica,"Notebook, general observations",df12ca07-f133-4550-ab3b-fde13f0e76ba,http://creativecommons.org/licenses/by/4.0/legalcode
5839445763,61.494827,23.587518,2025,Macrolepiota procera,"Notebook, general observations",df12ca07-f133-4550-ab3b-fde13f0e76ba,http://creativecommons.org/licenses/by/4.0/legalcode
5839445787,60.026133,23.862691,2025,Phellinus viticola,"Notebook, general observations",df12ca07-f133-4550-ab3b-fde13f0e76ba,http://creativecommons.org/licenses/by/4.0/legalcode
5839446149,60.518799,22.35934,2025,Cortinarius armillatus,"Notebook, general observations",df12ca07-f133-4550-ab3b-fde13f0e76ba,http://creativecommons.org/licenses/by/4.0/legalcode
5839446404,60.51827,22.358856,2025,Cerioporus leptocephalus,"Notebook, general observations",df12ca07-f133-4550-ab3b-fde13f0e76ba,http://creativecommons.org/licenses/by/4.0/legalcode
5839446587,60.518782,22.359547,2025,Cortinarius purpureus,"Notebook, general observations",df12ca07-f133-4550-ab3b-fde13f0e76ba,http://creativecommons.org/licenses/by/4.0/legalcode
5839446841,60.178978,24.93089,2025,,"Notebook, general observations",df12ca07-f133-4550-ab3b-fde13f0e76ba,http://creativecommons.org/licenses/by/4.0/legalcode
5839446864,60.518933,22.358965,2025,Boletus edulis,"Notebook, general observations",df12ca07-f133-4550-ab3b-fde13f0e76ba,http://creativecommons.org/licenses/by/4.0/legalcode
5839447026,60.213364,23.768239,2025,Picipes badius,"Notebook, general observations",df12ca07-f133-4550-ab3b-fde13f0e76ba,http://creativecommons.org/licenses/by/4.0/legalcode
5839447139,60.13212,24.437261,2025,Stereum subtomentosum,"Notebook, general observations",df12ca07-f133-4550-ab3b-fde13f0e76ba,http://creativecommons.org/licenses/by/4.0/legalcode
5839447296,60.213364,23.768239,2025,Infundibulicybe geotropa,"Notebook, general observations",df12ca07-f133-4550-ab3b-fde13f0e76ba,http://creativecommons.org/licenses/by/4.0/legalcode
5839447560,60.205665,25.156242,2025,Polycauliona polycarpa,"Notebook, general observations",df12ca07-f133-4550-ab3b-fde13f0e76ba,http://creativecommons.org/licenses/by/4.0/legalcode
5839447563,60.362558,22.120437,2025,Phyllotopsis nidulans,"Notebook, general observations",df12ca07-f133-4550-ab3b-fde13f0e76ba,http://creativecommons.org/licenses/by/4.0/legalcode
5839447568,62.216835,25.495883,2025,Gymnopilus picreus,"Notebook, general observations",df12ca07-f133-4550-ab3b-fde13f0e76ba,http://creativecommons.org/licenses/by/4.0/legalcode
5839447745,60.165359,24.971691,2025,Pholiota squarrosa,"Notebook, general observations",df12ca07-f133-4550-ab3b-fde13f0e76ba,http://creativecommons.org/licenses/by/4.0/legalcode
5839447750,60.362558,22.120437,2025,Tricholoma frondosae,"Notebook, general observations",df12ca07-f133-4550-ab3b-fde13f0e76ba,http://creativecommons.org/licenses/by/4.0/legalcode
5839447758,62.216835,25.495883,2025,Lobaria pulmonaria,"Notebook, general observations",df12ca07-f133-4550-ab3b-fde13f0e76ba,http://creativecommons.org/licenses/by/4.0/legalcode
5839447777,60.78455,24.07403,2025,Alectoria sarmentosa,"Notebook, general observations",df12ca07-f133-4550-ab3b-fde13f0e76ba,http://creativecommons.org/licenses/by/4.0/legalcode
5839447946,60.450865,22.150917,2025,Mutinus ravenelii,"Notebook, general observations",df12ca07-f133-4550-ab3b-fde13f0e76ba,http://creativecommons.org/licenses/by/4.0/legalcode
5839448462,60.78454,24.06902,2025,Hertelidea botryosa,"Notebook, general observations",df12ca07-f133-4550-ab3b-fde13f0e76ba,http://creativecommons.org/licenses/by/4.0/legalcode
5839448532,60.39635,25.659201,2025,Erysiphe urticae,"Notebook, general observations",df12ca07-f133-4550-ab3b-fde13f0e76ba,http://creativecommons.org/licenses/by/4.0/legalcode
5839448613,60.024706,23.856704,2025,Lecanactis abietina,"Notebook, general observations",df12ca07-f133-4550-ab3b-fde13f0e76ba,http://creativecommons.org/licenses/by/4.0/legalcode
5839448947,60.78558,24.07788,2025,Humaria hemisphaerica,"Notebook, general observations",df12ca07-f133-4550-ab3b-fde13f0e76ba,http://creativecommons.org/licenses/by/4.0/legalcode
5839449034,60.517888,22.360096,2025,Tricholoma virgatum,"Notebook, general observations",df12ca07-f133-4550-ab3b-fde13f0e76ba,http://creativecommons.org/licenses/by/4.0/legalcode
5839449079,60.181167,24.975951,2025,Neoerysiphe galeopsidis,"Notebook, general observations",df12ca07-f133-4550-ab3b-fde13f0e76ba,http://creativecommons.org/licenses/by/4.0/legalcode
5839449185,60.518333,22.359551,2025,Hypholoma capnoides,"Notebook, general observations",df12ca07-f133-4550-ab3b-fde13f0e76ba,http://creativecommons.org/licenses/by/4.0/legalcode
5839479431,61.218272,25.02039,2025,Crustoderma dryinum,LajiGIS: Species monitoring sites,887bd779-6454-436f-b1f8-86b70488b59f,http://creativecommons.org/licenses/by/4.0/legalcode
5839479523,61.218417,25.024758,2025,Rhodofomes roseus,LajiGIS: Species monitoring sites,887bd779-6454-436f-b1f8-86b70488b59f,http://creativecommons.org/licenses/by/4.0/legalcode
5839479531,65.566,28.18901,2025,Hebeloma syrjense,LajiGIS: Species monitoring sites,887bd779-6454-436f-b1f8-86b70488b59f,http://creativecommons.org/licenses/by/4.0/legalcode
5839479570,61.219283,25.023158,2025,Rhodofomes roseus,LajiGIS: Species monitoring sites,887bd779-6454-436f-b1f8-86b70488b59f,http://creativecommons.org/licenses/by/4.0/legalcode
5839479615,63.873358,29.131925,2025,Amylocystis lapponica,LajiGIS: Species monitoring sites,887bd779-6454-436f-b1f8-86b70488b59f,http://creativecommons.org/licenses/by/4.0/legalcode
5839479653,61.21972,25.02976,2025,Crustoderma dryinum,LajiGIS: Species monitoring sites,887bd779-6454-436f-b1f8-86b70488b59f,http://creativecommons.org/licenses/by/4.0/legalcode
5839479663,61.218875,25.024766,2025,Crustoderma dryinum,LajiGIS: Species monitoring sites,887bd779-6454-436f-b1f8-86b70488b59f,http://creativecommons.org/licenses/by/4.0/legalcode
5839607307,61.565626,23.945389,2025,Pycnoporellus fulgens,Löydös Open Finnish Observation Database,956bc674-6022-4c52-833e-c5fb39dc837a,http://creativecommons.org/licenses/by/4.0/legalcode
5839607464,61.565459,23.944405,2025,Climacocystis borealis,Löydös Open Finnish Observation Database,956bc674-6022-4c52-833e-c5fb39dc837a,http://creativecommons.org/licenses/by/4.0/legalcode
5839607500,62.863415,30.400891,2025,Hericium coralloides,Löydös Open Finnish Observation Database,956bc674-6022-4c52-833e-c5fb39dc837a,http://creativecommons.org/licenses/by/4.0/legalcode
5839607552,60.428,22.202,2025,,Löydös Open Finnish Observation Database,956bc674-6022-4c52-833e-c5fb39dc837a,http://creativecommons.org/licenses/by/4.0/legalcode
5839607563,60.594271,25.032644,2025,Tarzetta cupularis,Löydös Open Finnish Observation Database,956bc674-6022-4c52-833e-c5fb39dc837a,http://creativecommons.org/licenses/by/4.0/legalcode
5839607607,65.014571,25.677027,2025,Tricholoma colossus,Löydös Open Finnish Observation Database,956bc674-6022-4c52-833e-c5fb39dc837a,http://creativecommons.org/licenses/by/4.0/legalcode
5839613304,61.21972,25.02976,2025,Crustoderma dryinum,LajiGIS: Species mapping and surveys,687c05e9-96d6-40e3-b1c9-2e026d0b3fc0,http://creativecommons.org/licenses/by/4.0/legalcode
5839613311,61.219406,25.029761,2025,Crustoderma dryinum,LajiGIS: Species mapping and surveys,687c05e9-96d6-40e3-b1c9-2e026d0b3fc0,http://creativecommons.org/licenses/by/4.0/legalcode
5839613326,61.220034,25.025401,2025,Phellinidium ferrugineofuscum,LajiGIS: Species mapping and surveys,687c05e9-96d6-40e3-b1c9-2e026d0b3fc0,http://creativecommons.org/licenses/by/4.0/legalcode
5839613330,61.218875,25.024766,2025,Crustoderma dryinum,LajiGIS: Species mapping and surveys,687c05e9-96d6-40e3-b1c9-2e026d0b3fc0,http://creativecommons.org/licenses/by/4.0/legalcode
5839613331,61.219032,25.024458,2025,Hermanssonia centrifuga,LajiGIS: Species mapping and surveys,687c05e9-96d6-40e3-b1c9-2e026d0b3fc0,http://creativecommons.org/licenses/by/4.0/legalcode
5839613332,61.219032,25.024458,2025,Asterodon ferruginosus,LajiGIS: Species mapping and surveys,687c05e9-96d6-40e3-b1c9-2e026d0b3fc0,http://creativecommons.org/licenses/by/4.0/legalcode
5839613341,61.220034,25.025401,2025,Hermanssonia centrifuga,LajiGIS: Species mapping and surveys,687c05e9-96d6-40e3-b1c9-2e026d0b3fc0,http://creativecommons.org/licenses/by/4.0/legalcode
5839613344,61.220034,25.025401,2025,Porodaedalea pini,LajiGIS: Species mapping and surveys,687c05e9-96d6-40e3-b1c9-2e026d0b3fc0,http://creativecommons.org/licenses/by/4.0/legalcode
5839613346,61.218875,25.024766,2025,Phellinidium ferrugineofuscum,LajiGIS: Species mapping and surveys,687c05e9-96d6-40e3-b1c9-2e026d0b3fc0,http://creativecommons.org/licenses/by/4.0/legalcode
5839613347,61.219283,25.023158,2025,Rhodofomes roseus,LajiGIS: Species mapping and surveys,687c05e9-96d6-40e3-b1c9-2e026d0b3fc0,http://creativecommons.org/licenses/by/4.0/legalcode
5839613350,61.220034,25.025401,2025,Pycnoporellus fulgens,LajiGIS: Species mapping and surveys,687c05e9-96d6-40e3-b1c9-2e026d0b3fc0,http://creativecommons.org/licenses/by/4.0/legalcode
5839613355,61.218272,25.02039,2025,Crustoderma dryinum,LajiGIS: Species mapping and surveys,687c05e9-96d6-40e3-b1c9-2e026d0b3fc0,http://creativecommons.org/licenses/by/4.0/legalcode
5839613380,61.218417,25.024758,2025,Rhodofomes roseus,LajiGIS: Species mapping and surveys,687c05e9-96d6-40e3-b1c9-2e026d0b3fc0,http://creativecommons.org/licenses/by/4.0/legalcode
5839613383,61.218417,25.024758,2025,Phellinus viticola,LajiGIS: Species mapping and surveys,687c05e9-96d6-40e3-b1c9-2e026d0b3fc0,http://creativecommons.org/licenses/by/4.0/legalcode
5839613393,61.218417,25.024758,2025,Phellopilus nigrolimitatus,LajiGIS: Species mapping and surveys,687c05e9-96d6-40e3-b1c9-2e026d0b3fc0,http://creativecommons.org/licenses/by/4.0/legalcode
5839613395,61.218417,25.024758,2025,Phellinidium ferrugineofuscum,LajiGIS: Species mapping and surveys,687c05e9-96d6-40e3-b1c9-2e026d0b3fc0,http://creativecommons.org/licenses/by/4.0/legalcode
5839804403,60.318126,22.305642,2025,Asterophora lycoperdoides,iNaturalist research-grade observations,50c9509d-22c7-4a22-a47d-8c48425ef4a7,http://creativecommons.org/licenses/by-nc/4.0/legalcode
5839804417,60.212762,24.708246,2025,Craterellus tubaeformis,iNaturalist research-grade observations,50c9509d-22c7-4a22-a47d-8c48425ef4a7,http://creativecommons.org/licenses/by-nc/4.0/legalcode
5839812321,60.17557,24.986754,2025,Bjerkandera adusta,iNaturalist research-grade observations,50c9509d-22c7-4a22-a47d-8c48425ef4a7,http://creativecommons.org/licenses/by-nc/4.0/legalcode
5839832326,60.27477,24.89975,2025,Fomitopsis betulina,iNaturalist research-grade observations,50c9509d-22c7-4a22-a47d-8c48425ef4a7,http://creativecommons.org/licenses/by-nc/4.0/legalcode
5839834282,60.149676,21.631133,2025,Parmelia sulcata,iNaturalist research-grade observations,50c9509d-22c7-4a22-a47d-8c48425ef4a7,http://creativecommons.org/licenses/by-nc/4.0/legalcode
5839865059,65.020077,24.639488,2025,Cladonia arbuscula,iNaturalist research-grade observations,50c9509d-22c7-4a22-a47d-8c48425ef4a7,http://creativecommons.org/licenses/by-nc/4.0/legalcode
5839872279,67.00753,27.242791,2025,Nephroma arcticum,iNaturalist research-grade observations,50c9509d-22c7-4a22-a47d-8c48425ef4a7,http://creativecommons.org/licenses/by-nc/4.0/legalcode
5839876732,60.213685,24.705857,2025,Cyathus striatus,iNaturalist research-grade observations,50c9509d-22c7-4a22-a47d-8c48425ef4a7,http://creativecommons.org/licenses/by-nc/4.0/legalcode
5839876735,60.215233,24.700242,2025,Fomitopsis betulina,iNaturalist research-grade observations,50c9509d-22c7-4a22-a47d-8c48425ef4a7,http://creativecommons.org/licenses/by-nc/4.0/legalcode
3888709607,64.00886,24.39742,2022,Cortinarius caperatus,iNaturalist research-grade observations,50c9509d-22c7-4a22-a47d-8c48425ef4a7,http://creativecommons.org/licenses/by-nc/4.0/legalcode
3888716104,60.418767,22.114892,2022,Hydnum repandum,iNaturalist research-grade observations,50c9509d-22c7-4a22-a47d-8c48425ef4a7,http://creativecommons.org/licenses/by-nc/4.0/legalcode
3888721758,64.055157,24.308312,2022,Opeltia flavorubescens,iNaturalist research-grade observations,50c9509d-22c7-4a22-a47d-8c48425ef4a7,http://creativecommons.org/licenses/by-nc/4.0/legalcode
3888731793,63.584684,23.394053,2022,Gymnosporangium cornutum,iNaturalist research-grade observations,50c9509d-22c7-4a22-a47d-8c48425ef4a7,http://creativecommons.org/licenses/by-nc/4.0/legalcode
3888732870,63.425327,22.433189,2022,Amanita rubescens,iNaturalist research-grade observations,50c9509d-22c7-4a22-a47d-8c48425ef4a7,http://creativecommons.org/licenses/by-nc/4.0/legalcode
3888740769,60.804256,24.846322,2022,Cladonia stellaris,iNaturalist research-grade observations,50c9509d-22c7-4a22-a47d-8c48425ef4a7,http://creativecommons.org/licenses/by-nc/4.0/legalcode
3888744940,60.801678,24.851482,2022,Cantharellus cibarius,iNaturalist research-grade observations,50c9509d-22c7-4a22-a47d-8c48425ef4a7,http://creativecommons.org/licenses/by-nc/4.0/legalcode
3888752581,61.295224,24.936601,2022,Pucciniastrum epilobii,iNaturalist research-grade observations,50c9509d-22c7-4a22-a47d-8c48425ef4a7,http://creativecommons.org/licenses/by-nc/4.0/legalcode
3888754682,63.922053,24.427952,2022,Cerrena unicolor,iNaturalist research-grade observations,50c9509d-22c7-4a22-a47d-8c48425ef4a7,http://creativecommons.org/licenses/by-nc/4.0/legalcode
3888756685,63.685272,23.036084,2022,Opeltia flavorubescens,iNaturalist research-grade observations,50c9509d-22c7-4a22-a47d-8c48425ef4a7,http://creativecommons.org/licenses/by-nc/4.0/legalcode
3888758161,60.586616,22.374924,2022,Gymnosporangium cornutum,iNaturalist research-grade observations,50c9509d-22c7-4a22-a47d-8c48425ef4a7,http://creativecommons.org/licenses/by-nc/4.0/legalcode
3888760240,62.034799,22.919116,2022,Cantharellus cibarius,iNaturalist research-grade observations,50c9509d-22c7-4a22-a47d-8c48425ef4a7,http://creativecommons.org/licenses/by-nc/4.0/legalcode
3888762935,60.221264,24.968582,2022,Phaeolus schweinitzii,iNaturalist research-grade observations,50c9509d-22c7-4a22-a47d-8c48425ef4a7,http://creativecommons.org/licenses/by-nc/4.0/legalcode
3888765724,63.377715,23.050947,2022,Gymnosporangium cornutum,iNaturalist research-grade observations,50c9509d-22c7-4a22-a47d-8c48425ef4a7,http://creativecommons.org/licenses/by-nc/4.0/legalcode
3888765836,63.345501,22.480972,2022,Gymnosporangium cornutum,iNaturalist research-grade observations,50c9509d-22c7-4a22-a47d-8c48425ef4a7,http://creativecommons.org/licenses/by-nc/4.0/legalcode
3888768589,60.393528,22.461287,2022,Fomitopsis pinicola,iNaturalist research-grade observations,50c9509d-22c7-4a22-a47d-8c48425ef4a7,http://creativecommons.org/licenses/by-nc/4.0/legalcode
3888769902,60.368619,26.583209,2022,Cladonia stellaris,iNaturalist research-grade observations,50c9509d-22c7-4a22-a47d-8c48425ef4a7,http://creativecommons.org/licenses/by-nc/4.0/legalcode
3888775200,63.6632,23.026281,2022,Amanita muscaria,iNaturalist research-grade observations,50c9509d-22c7-4a22-a47d-8c48425ef4a7,http://creativecommons.org/licenses/by-nc/4.0/legalcode
3888779975,60.288766,24.745823,2022,Hypogymnia physodes,iNaturalist research-grade observations,50c9509d-22c7-4a22-a47d-8c48425ef4a7,http://creativecommons.org/licenses/by-nc/4.0/legalcode
3888784254,63.663289,23.026576,2022,Cantharellus cibarius,iNaturalist research-grade observations,50c9509d-22c7-4a22-a47d-8c48425ef4a7,http://creativecommons.org/licenses/by-nc/4.0/legalcode
3888787074,63.685725,23.044078,2022,Vulpicida pinastri,iNaturalist research-grade observations,50c9509d-22c7-4a22-a47d-8c48425ef4a7,http://creativecommons.org/licenses/by-nc/4.0/legalcode
3888790768,63.708069,23.505905,2022,Rhytisma salicinum,iNaturalist research-grade observations,50c9509d-22c7-4a22-a47d-8c48425ef4a7,http://creativecommons.org/licenses/by-nc/4.0/legalcode
3888791999,61.965242,23.01865,2022,Kuehneromyces mutabilis,iNaturalist research-grade observations,50c9509d-22c7-4a22-a47d-8c48425ef4a7,http://creativecommons.org/licenses/by-nc/4.0/legalcode
3888797962,63.685279,23.036089,2022,Xanthoria parietina,iNaturalist research-grade observations,50c9509d-22c7-4a22-a47d-8c48425ef4a7,http://creativecommons.org/licenses/by-nc/4.0/legalcode
3888799007,60.392333,21.897363,2022,Russula claroflava,iNaturalist research-grade observations,50c9509d-22c7-4a22-a47d-8c48425ef4a7,http://creativecommons.org/licenses/by-nc/4.0/legalcode
3888810888,64.033127,24.36834,2022,Gymnosporangium cornutum,iNaturalist research-grade observations,50c9509d-22c7-4a22-a47d-8c48425ef4a7,http://creativecommons.org/licenses/by-nc/4.0/legalcode
3888814633,64.02861,24.365479,2022,Podosphaera filipendulae,iNaturalist research-grade observations,50c9509d-22c7-4a22-a47d-8c48425ef4a7,http://creativecommons.org/licenses/by-nc/4.0/legalcode
3888818890,61.467016,28.206476,2022,Oxyporus corticola,iNaturalist research-grade observations,50c9509d-22c7-4a22-a47d-8c48425ef4a7,http://creativecommons.org/licenses/by/4.0/legalcode
3888819866,63.436885,22.361815,2022,Cladonia stellaris,iNaturalist research-grade observations,50c9509d-22c7-4a22-a47d-8c48425ef4a7,http://creativecommons.org/licenses/by-nc/4.0/legalcode
3888822118,62.250026,25.745844,2022,Coleosporium sonchi,iNaturalist research-grade observations,50c9509d-22c7-4a22-a47d-8c48425ef4a7,http://creativecommons.org/licenses/by/4.0/legalcode
3888822941,63.118797,21.64028,2022,Amanita fulva,iNaturalist research-grade observations,50c9509d-22c7-4a22-a47d-8c48425ef4a7,http://creativecommons.org/licenses/by-nc/4.0/legalcode
3888828096,60.683483,24.891928,2022,Boletus edulis,iNaturalist research-grade observations,50c9509d-22c7-4a22-a47d-8c48425ef4a7,http://creativecommons.org/licenses/by-nc/4.0/legalcode
3888828594,64.936129,25.371822,2022,Thelephora terrestris,iNaturalist research-grade observations,50c9509d-22c7-4a22-a47d-8c48425ef4a7,http://creativecommons.org/licenses/by-nc/4.0/legalcode
3888828600,64.010482,24.403091,2022,Hypocenomyce scalaris,iNaturalist research-grade observations,50c9509d-22c7-4a22-a47d-8c48425ef4a7,http://creativecommons.org/licenses/by-nc/4.0/legalcode
3888835841,60.723218,24.697722,2022,Bryoria fuscescens,iNaturalist research-grade observations,50c9509d-22c7-4a22-a47d-8c48425ef4a7,http://creativecommons.org/licenses/by-nc/4.0/legalcode
3888839821,63.119206,21.640553,2022,Boletus edulis,iNaturalist research-grade observations,50c9509d-22c7-4a22-a47d-8c48425ef4a7,http://creativecommons.org/licenses/by-nc/4.0/legalcode
3888840781,62.609528,29.721267,2022,Gloeophyllum sepiarium,iNaturalist research-grade observations,50c9509d-22c7-4a22-a47d-8c48425ef4a7,http://creativecommons.org/licenses/by-nc/4.0/legalcode
3888842229,60.251049,24.867068,2022,Climacodon septentrionalis,iNaturalist research-grade observations,50c9509d-22c7-4a22-a47d-8c48425ef4a7,http://creativecommons.org/licenses/by-nc/4.0/legalcode
3888844960,63.437285,22.362204,2022,Cetraria islandica,iNaturalist research-grade observations,50c9509d-22c7-4a22-a47d-8c48425ef4a7,http://creativecommons.org/licenses/by-nc/4.0/legalcode
3888847254,60.143962,24.985415,2022,Cerioporus squamosus,iNaturalist research-grade observations,50c9509d-22c7-4a22-a47d-8c48425ef4a7,http://creativecommons.org/licenses/by-nc/4.0/legalcode
3888851862,63.922103,24.427861,2022,Gymnosporangium cornutum,iNaturalist research-grade observations,50c9509d-22c7-4a22-a47d-8c48425ef4a7,http://creativecommons.org/licenses/by-nc/4.0/legalcode
3888854923,61.298811,24.925685,2022,Rhytisma salicinum,iNaturalist research-grade observations,50c9509d-22c7-4a22-a47d-8c48425ef4a7,http://creativecommons.org/licenses/by-nc/4.0/legalcode
3888862885,64.056665,24.303803,2022,Parmelia sulcata,iNaturalist research-grade observations,50c9509d-22c7-4a22-a47d-8c48425ef4a7,http://creativecommons.org/licenses/by-nc/4.0/legalcode
3888867128,63.647832,22.946845,2022,Trichaptum abietinum,iNaturalist research-grade observations,50c9509d-22c7-4a22-a47d-8c48425ef4a7,http://creativecommons.org/licenses/by-nc/4.0/legalcode
3888867261,62.891576,25.130057,2022,Trametes ochracea,iNaturalist research-grade observations,50c9509d-22c7-4a22-a47d-8c48425ef4a7,http://creativecommons.org/licenses/by-nc/4.0/legalcode
3888872908,63.921976,24.428472,2022,Xanthoria parietina,iNaturalist research-grade observations,50c9509d-22c7-4a22-a47d-8c48425ef4a7,http://creativecommons.org/licenses/by-nc/4.0/legalcode
3888873584,60.449298,22.356476,2022,Gymnosporangium cornutum,iNaturalist research-grade observations,50c9509d-22c7-4a22-a47d-8c48425ef4a7,http://creativecommons.org/licenses/by-nc/4.0/legalcode
3888875213,60.244675,25.215228,2022,Hydnum rufescens,iNaturalist research-grade observations,50c9509d-22c7-4a22-a47d-8c48425ef4a7,http://creativecommons.org/publicdomain/zero/1.0/legalcode
3888876684,64.030874,24.369914,2022,Hygrocybe conica,iNaturalist research-grade observations,50c9509d-22c7-4a22-a47d-8c48425ef4a7,http://creativecommons.org/licenses/by-nc/4.0/legalcode
3888880604,60.393525,22.461255,2022,Fomitopsis pinicola,iNaturalist research-grade observations,50c9509d-22c7-4a22-a47d-8c48425ef4a7,http://creativecommons.org/licenses/by-nc/4.0/legalcode
3888885236,64.312386,25.199102,2022,Gomphidius glutinosus,iNaturalist research-grade observations,50c9509d-22c7-4a22-a47d-8c48425ef4a7,http://creativecommons.org/licenses/by-nc/4.0/legalcode
3888885587,64.033045,24.188123,2022,Parmelia saxatilis,iNaturalist research-grade observations,50c9509d-22c7-4a22-a47d-8c48425ef4a7,http://creativecommons.org/licenses/by-nc/4.0/legalcode
3888904593,63.709876,23.503604,2022,Septoria trientalis,iNaturalist research-grade observations,50c9509d-22c7-4a22-a47d-8c48425ef4a7,http://creativecommons.org/licenses/by-nc/4.0/legalcode
3888912412,60.388428,21.894883,2022,Fomitopsis betulina,iNaturalist research-grade observations,50c9509d-22c7-4a22-a47d-8c48425ef4a7,http://creativecommons.org/licenses/by-nc/4.0/legalcode
3888925462,63.650857,22.96043,2022,Gymnosporangium cornutum,iNaturalist research-grade observations,50c9509d-22c7-4a22-a47d-8c48425ef4a7,http://creativecommons.org/licenses/by-nc/4.0/legalcode
3888935339,63.647527,22.94629,2022,Fomitopsis pinicola,iNaturalist research-grade observations,50c9509d-22c7-4a22-a47d-8c48425ef4a7,http://creativecommons.org/licenses/by-nc/4.0/legalcode
3888936352,64.804158,24.956985,2022,Ganoderma applanatum,iNaturalist research-grade observations,50c9509d-22c7-4a22-a47d-8c48425ef4a7,http://creativecommons.org/licenses/by-nc/4.0/legalcode
3888948902,63.436534,22.361256,2022,Thelephora terrestris,iNaturalist research-grade observations,50c9509d-22c7-4a22-a47d-8c48425ef4a7,http://creativecommons.org/licenses/by-nc/4.0/legalcode
3888950904,60.425122,25.078153,2022,Tapinella atrotomentosa,iNaturalist research-grade observations,50c9509d-22c7-4a22-a47d-8c48425ef4a7,http://creativecommons.org/licenses/by-nc/4.0/legalcode
3888953233,60.30448,25.008169,2022,Laetiporus sulphureus,iNaturalist research-grade observations,50c9509d-22c7-4a22-a47d-8c48425ef4a7,http://creativecommons.org/licenses/by-nc/4.0/legalcode
3888957760,64.015576,24.418229,2022,Physcia aipolia,iNaturalist research-grade observations,50c9509d-22c7-4a22-a47d-8c48425ef4a7,http://creativecommons.org/licenses/by-nc/4.0/legalcode
3888963584,60.44925,22.355656,2022,Parmelia sulcata,iNaturalist research-grade observations,50c9509d-22c7-4a22-a47d-8c48425ef4a7,http://creativecommons.org/licenses/by-nc/4.0/legalcode
3888968268,64.308426,25.197741,2022,Fomes fomentarius,iNaturalist research-grade observations,50c9509d-22c7-4a22-a47d-8c48425ef4a7,http://creativecommons.org/licenses/by-nc/4.0/legalcode
3888975246,63.312755,22.250803,2022,Lactarius lignyotus,iNaturalist research-grade observations,50c9509d-22c7-4a22-a47d-8c48425ef4a7,http://creativecommons.org/licenses/by-nc/4.0/legalcode
3888979028,60.585823,22.376539,2022,Amanita virosa,iNaturalist research-grade observations,50c9509d-22c7-4a22-a47d-8c48425ef4a7,http://creativecommons.org/licenses/by-nc/4.0/legalcode
3888979780,63.714943,23.504466,2022,Gymnosporangium cornutum,iNaturalist research-grade observations,50c9509d-22c7-4a22-a47d-8c48425ef4a7,http://creativecommons.org/licenses/by-nc/4.0/legalcode
3888980721,64.010512,24.403079,2022,Amanita fulva,iNaturalist research-grade observations,50c9509d-22c7-4a22-a47d-8c48425ef4a7,http://creativecommons.org/licenses/by-nc/4.0/legalcode
3888982059,61.575866,23.891018,2022,Tapinella atrotomentosa,iNaturalist research-grade observations,50c9509d-22c7-4a22-a47d-8c48425ef4a7,http://creativecommons.org/licenses/by-nc/4.0/legalcode
3888982570,64.048954,24.246715,2022,Arctoparmelia centrifuga,iNaturalist research-grade observations,50c9509d-22c7-4a22-a47d-8c48425ef4a7,http://creativecommons.org/licenses/by-nc/4.0/legalcode
3888982664,63.683493,23.0485,2022,Cetraria islandica,iNaturalist research-grade observations,50c9509d-22c7-4a22-a47d-8c48425ef4a7,http://creativecommons.org/licenses/by-nc/4.0/legalcode
3888999624,60.449277,22.355976,2022,Xanthoria parietina,iNaturalist research-grade observations,50c9509d-22c7-4a22-a47d-8c48425ef4a7,http://creativecommons.org/licenses/by-nc/4.0/legalcode
3889001009,60.236725,24.708133,2022,Laetiporus sulphureus,iNaturalist research-grade observations,50c9509d-22c7-4a22-a47d-8c48425ef4a7,http://creativecommons.org/licenses/by-nc/4.0/legalcode
3889008273,63.685975,23.039346,2022,Chrysomyxa ledi,iNaturalist research-grade observations,50c9509d-22c7-4a22-a47d-8c48425ef4a7,http://creativecommons.org/licenses/by-nc/4.0/legalcode
3889017137,60.42752,22.111814,2022,Lactarius torminosus,iNaturalist research-grade observations,50c9509d-22c7-4a22-a47d-8c48425ef4a7,http://creativecommons.org/licenses/by-nc/4.0/legalcode
3889028901,64.205932,27.751498,2022,Fomes fomentarius,iNaturalist research-grade observations,50c9509d-22c7-4a22-a47d-8c48425ef4a7,http://creativecommons.org/licenses/by-nc/4.0/legalcode
3889030657,60.264837,24.920088,2022,Fomes fomentarius,iNaturalist research-grade observations,50c9509d-22c7-4a22-a47d-8c48425ef4a7,http://creativecommons.org/licenses/by-nc/4.0/legalcode
3889031168,60.586738,22.37489,2022,Amanita fulva,iNaturalist research-grade observations,50c9509d-22c7-4a22-a47d-8c48425ef4a7,http://creativecommons.org/licenses/by-nc/4.0/legalcode
3889032280,63.686384,23.041877,2022,Lactarius turpis,iNaturalist research-grade observations,50c9509d-22c7-4a22-a47d-8c48425ef4a7,http://creativecommons.org/licenses/by-nc/4.0/legalcode
3889039663,64.055199,24.287032,2022,Cetraria islandica,iNaturalist research-grade observations,50c9509d-22c7-4a22-a47d-8c48425ef4a7,http://creativecommons.org/licenses/by-nc/4.0/legalcode
3889039717,64.026611,24.360301,2022,Lactarius turpis,iNaturalist research-grade observations,50c9509d-22c7-4a22-a47d-8c48425ef4a7,http://creativecommons.org/licenses/by-nc/4.0/legalcode
3889041621,61.349869,25.547445,2022,Leccinum scabrum,iNaturalist research-grade observations,50c9509d-22c7-4a22-a47d-8c48425ef4a7,http://creativecommons.org/licenses/by-nc/4.0/legalcode
3889046464,63.653876,22.939187,2022,Fomes fomentarius,iNaturalist research-grade observations,50c9509d-22c7-4a22-a47d-8c48425ef4a7,http://creativecommons.org/licenses/by-nc/4.0/legalcode
3889048302,62.250026,25.745844,2022,Coleosporium campanulae,iNaturalist research-grade observations,50c9509d-22c7-4a22-a47d-8c48425ef4a7,http://creativecommons.org/licenses/by/4.0/legalcode
3889052099,60.5864,22.376702,2022,Russula decolorans,iNaturalist research-grade observations,50c9509d-22c7-4a22-a47d-8c48425ef4a7,http://creativecommons.org/licenses/by-nc/4.0/legalcode
3889052274,63.539964,23.19022,2022,Fomitopsis pinicola,iNaturalist research-grade observations,50c9509d-22c7-4a22-a47d-8c48425ef4a7,http://creativecommons.org/licenses/by-nc/4.0/legalcode
3889064658,63.371109,23.089353,2022,Amanita rubescens,iNaturalist research-grade observations,50c9509d-22c7-4a22-a47d-8c48425ef4a7,http://creativecommons.org/licenses/by-nc/4.0/legalcode
3889064728,63.79207,23.03661,2022,Suillus luteus,iNaturalist research-grade observations,50c9509d-22c7-4a22-a47d-8c48425ef4a7,http://creativecommons.org/licenses/by-nc/4.0/legalcode
3889066621,63.483151,23.15473,2022,Thekopsora areolata,iNaturalist research-grade observations,50c9509d-22c7-4a22-a47d-8c48425ef4a7,http://creativecommons.org/licenses/by-nc/4.0/legalcode
3889067506,63.714958,23.504461,2022,Suillus luteus,iNaturalist research-grade observations,50c9509d-22c7-4a22-a47d-8c48425ef4a7,http://creativecommons.org/licenses/by-nc/4.0/legalcode
3889067643,62.892029,25.130114,2022,Helvella lacunosa,iNaturalist research-grade observations,50c9509d-22c7-4a22-a47d-8c48425ef4a7,http://creativecommons.org/licenses/by-nc/4.0/legalcode
3889075301,61.383838,24.512213,2022,Cortinarius caperatus,iNaturalist research-grade observations,50c9509d-22c7-4a22-a47d-8c48425ef4a7,http://creativecommons.org/publicdomain/zero/1.0/legalcode
3889080562,63.483367,23.155114,2022,Gymnosporangium cornutum,iNaturalist research-grade observations,50c9509d-22c7-4a22-a47d-8c48425ef4a7,http://creativecommons.org/licenses/by-nc/4.0/legalcode
3889091073,63.683833,23.047324,2022,Cladonia stellaris,iNaturalist research-grade observations,50c9509d-22c7-4a22-a47d-8c48425ef4a7,http://creativecommons.org/licenses/by-nc/4.0/legalcode
3889091875,61.241503,25.088158,2022,Chrysomyxa ledi,iNaturalist research-grade observations,50c9509d-22c7-4a22-a47d-8c48425ef4a7,http://creativecommons.org/licenses/by-nc/4.0/legalcode
3889093617,66.25485,29.433118,2022,Nephroma arcticum,iNaturalist research-grade observations,50c9509d-22c7-4a22-a47d-8c48425ef4a7,http://creativecommons.org/licenses/by-nc/4.0/legalcode
3889093801,63.653886,22.939161,2022,Fomitopsis betulina,iNaturalist research-grade observations,50c9509d-22c7-4a22-a47d-8c48425ef4a7,http://creativecommons.org/licenses/by-nc/4.0/legalcode
3889097379,60.945488,27.066099,2022,Cladonia stellaris,iNaturalist research-grade observations,50c9509d-22c7-4a22-a47d-8c48425ef4a7,http://creativecommons.org/licenses/by-nc/4.0/legalcode
3889104338,63.373838,23.089221,2022,Lactarius deliciosus,iNaturalist research-grade observations,50c9509d-22c7-4a22-a47d-8c48425ef4a7,http://creativecommons.org/licenses/by-nc/4.0/legalcode
3889105550,60.108116,25.407021,2022,Umbilicaria deusta,iNaturalist research-grade observations,50c9509d-22c7-4a22-a47d-8c48425ef4a7,http://creativecommons.org/licenses/by-nc/4.0/legalcode
3889107590,60.449315,22.356205,2022,Phlyctis argena,iNaturalist research-grade observations,50c9509d-22c7-4a22-a47d-8c48425ef4a7,http://creativecommons.org/licenses/by-nc/4.0/legalcode
3889109953,61.385063,24.512278,2022,Cantharellus cibarius,iNaturalist research-grade observations,50c9509d-22c7-4a22-a47d-8c48425ef4a7,http://creativecommons.org/publicdomain/zero/1.0/legalcode
3889111892,64.015606,24.418372,2022,Polycauliona polycarpa,iNaturalist research-grade observations,50c9509d-22c7-4a22-a47d-8c48425ef4a7,http://creativecommons.org/licenses/by-nc/4.0/legalcode
3889121018,60.762403,24.774897,2022,Ganoderma applanatum,iNaturalist research-grade observations,50c9509d-22c7-4a22-a47d-8c48425ef4a7,http://creativecommons.org/licenses/by-nc/4.0/legalcode
3889127849,63.922024,24.428188,2022,Vitreoporus dichrous,iNaturalist research-grade observations,50c9509d-22c7-4a22-a47d-8c48425ef4a7,http://creativecommons.org/licenses/by-nc/4.0/legalcode
3889127961,60.373752,26.58516,2022,Cladonia rangiferina,iNaturalist research-grade observations,50c9509d-22c7-4a22-a47d-8c48425ef4a7,http://creativecommons.org/licenses/by-nc/4.0/legalcode
3889130855,64.032289,24.369926,2022,Coleosporium euphrasiae,iNaturalist research-grade observations,50c9509d-22c7-4a22-a47d-8c48425ef4a7,http://creativecommons.org/licenses/by-nc/4.0/legalcode
3889135783,63.713298,23.50189,2022,Arctoparmelia centrifuga,iNaturalist research-grade observations,50c9509d-22c7-4a22-a47d-8c48425ef4a7,http://creativecommons.org/licenses/by-nc/4.0/legalcode
3889145788,63.921991,24.42815,2022,Inonotus obliquus,iNaturalist research-grade observations,50c9509d-22c7-4a22-a47d-8c48425ef4a7,http://creativecommons.org/licenses/by-nc/4.0/legalcode
3889151038,60.72288,24.695684,2022,Cantharellus cibarius,iNaturalist research-grade observations,50c9509d-22c7-4a22-a47d-8c48425ef4a7,http://creativecommons.org/licenses/by-nc/4.0/legalcode
3889155929,61.385925,24.510475,2022,Cortinarius bolaris,iNaturalist research-grade observations,50c9509d-22c7-4a22-a47d-8c48425ef4a7,http://creativecommons.org/publicdomain/zero/1.0/legalcode
3889167248,60.724016,24.694404,2022,Gymnosporangium cornutum,iNaturalist research-grade observations,50c9509d-22c7-4a22-a47d-8c48425ef4a7,http://creativecommons.org/licenses/by-nc/4.0/legalcode
3889167718,64.037738,24.239374,2022,Chrysomyxa ledi,iNaturalist research-grade observations,50c9509d-22c7-4a22-a47d-8c48425ef4a7,http://creativecommons.org/licenses/by-nc/4.0/legalcode
3889168283,63.655561,22.943223,2022,Coleosporium tussilaginis,iNaturalist research-grade observations,50c9509d-22c7-4a22-a47d-8c48425ef4a7,http://creativecommons.org/licenses/by-nc/4.0/legalcode
3889179699,64.024101,24.368618,2022,Bjerkandera adusta,iNaturalist research-grade observations,50c9509d-22c7-4a22-a47d-8c48425ef4a7,http://creativecommons.org/licenses/by-nc/4.0/legalcode
3889186631,64.00886,24.397376,2022,Gymnosporangium cornutum,iNaturalist research-grade observations,50c9509d-22c7-4a22-a47d-8c48425ef4a7,http://creativecommons.org/licenses/by-nc/4.0/legalcode
3889189770,61.464642,23.535605,2022,Cantharellus cibarius,iNaturalist research-grade observations,50c9509d-22c7-4a22-a47d-8c48425ef4a7,http://creativecommons.org/licenses/by-nc/4.0/legalcode
3889194762,64.015588,24.418334,2022,Xanthoria parietina,iNaturalist research-grade observations,50c9509d-22c7-4a22-a47d-8c48425ef4a7,http://creativecommons.org/licenses/by-nc/4.0/legalcode
3889199106,61.385963,24.509713,2022,Amanita virosa,iNaturalist research-grade observations,50c9509d-22c7-4a22-a47d-8c48425ef4a7,http://creativecommons.org/publicdomain/zero/1.0/legalcode
3889200695,60.423893,22.333469,2022,Cladonia furcata,iNaturalist research-grade observations,50c9509d-22c7-4a22-a47d-8c48425ef4a7,http://creativecommons.org/publicdomain/zero/1.0/legalcode
3889213469,60.239486,24.34569,2022,Coleosporium tussilaginis,iNaturalist research-grade observations,50c9509d-22c7-4a22-a47d-8c48425ef4a7,http://creativecommons.org/licenses/by-nc/4.0/legalcode
3889213631,63.714907,23.502264,2022,Leccinum versipelle,iNaturalist research-grade observations,50c9509d-22c7-4a22-a47d-8c48425ef4a7,http://creativecommons.org/licenses/by-nc/4.0/legalcode
3889217443,63.118867,21.640367,2022,Lactarius torminosus,iNaturalist research-grade observations,50c9509d-22c7-4a22-a47d-8c48425ef4a7,http://creativecommons.org/licenses/by-nc/4.0/legalcode
3889217692,68.786098,27.63447,2022,Hypogymnia physodes,iNaturalist research-grade observations,50c9509d-22c7-4a22-a47d-8c48425ef4a7,http://creativecommons.org/licenses/by-nc/4.0/legalcode
3889218415,63.683656,23.046218,2022,Gymnosporangium cornutum,iNaturalist research-grade observations,50c9509d-22c7-4a22-a47d-8c48425ef4a7,http://creativecommons.org/licenses/by-nc/4.0/legalcode
3889220437,63.118836,21.640305,2022,Amanita muscaria,iNaturalist research-grade observations,50c9509d-22c7-4a22-a47d-8c48425ef4a7,http://creativecommons.org/licenses/by-nc/4.0/legalcode
3889227424,63.686394,23.041869,2022,Ganoderma applanatum,iNaturalist research-grade observations,50c9509d-22c7-4a22-a47d-8c48425ef4a7,http://creativecommons.org/licenses/by-nc/4.0/legalcode
3889228459,61.384967,24.512475,2022,Cortinarius armillatus,iNaturalist research-grade observations,50c9509d-22c7-4a22-a47d-8c48425ef4a7,http://creativecommons.org/publicdomain/zero/1.0/legalcode
3889232510,60.466166,22.119388,2022,Fomes fomentarius,iNaturalist research-grade observations,50c9509d-22c7-4a22-a47d-8c48425ef4a7,http://creativecommons.org/licenses/by/4.0/legalcode
3889233625,62.034873,22.919341,2022,Fomitopsis pinicola,iNaturalist research-grade observations,50c9509d-22c7-4a22-a47d-8c48425ef4a7,http://creativecommons.org/licenses/by-nc/4.0/legalcode
3889237676,60.743913,24.774615,2022,Pseudevernia furfuracea,iNaturalist research-grade observations,50c9509d-22c7-4a22-a47d-8c48425ef4a7,http://creativecommons.org/licenses/by-nc/4.0/legalcode
3889242650,63.539956,23.190217,2022,Gymnosporangium cornutum,iNaturalist research-grade observations,50c9509d-22c7-4a22-a47d-8c48425ef4a7,http://creativecommons.org/licenses/by-nc/4.0/legalcode
3889255450,60.800922,24.853001,2022,Tylopilus felleus,iNaturalist research-grade observations,50c9509d-22c7-4a22-a47d-8c48425ef4a7,http://creativecommons.org/licenses/by-nc/4.0/legalcode
3889268574,63.370733,23.091296,2022,Gymnosporangium cornutum,iNaturalist research-grade observations,50c9509d-22c7-4a22-a47d-8c48425ef4a7,http://creativecommons.org/licenses/by-nc/4.0/legalcode
3889268660,60.754743,24.784367,2022,Hypogymnia physodes,iNaturalist research-grade observations,50c9509d-22c7-4a22-a47d-8c48425ef4a7,http://creativecommons.org/licenses/by-nc/4.0/legalcode
3889272308,60.770699,24.166626,2022,Russula claroflava,iNaturalist research-grade observations,50c9509d-22c7-4a22-a47d-8c48425ef4a7,http://creativecommons.org/licenses/by-nc/4.0/legalcode
3889272319,60.724888,24.685772,2022,Cantharellus cibarius,iNaturalist research-grade observations,50c9509d-22c7-4a22-a47d-8c48425ef4a7,http://creativecommons.org/licenses/by-nc/4.0/legalcode
3889292470,63.714762,23.50209,2022,Cladonia stellaris,iNaturalist research-grade observations,50c9509d-22c7-4a22-a47d-8c48425ef4a7,http://creativecommons.org/licenses/by-nc/4.0/legalcode
3889618453,64.248332,24.946787,2022,Colletotrichum acutatum,Finnish invasive species observations,083fd36d-c3d1-4631-b6fb-cb6fa2ea8f47,http://creativecommons.org/licenses/by/4.0/legalcode
3892266905,62.856951,22.991433,2022,Tapinella atrotomentosa,iNaturalist research-grade observations,50c9509d-22c7-4a22-a47d-8c48425ef4a7,http://creativecommons.org/licenses/by-nc/4.0/legalcode
3892267022,62.876303,22.919014,2022,Cortinarius bolaris,iNaturalist research-grade observations,50c9509d-22c7-4a22-a47d-8c48425ef4a7,http://creativecommons.org/licenses/by-nc/4.0/legalcode
3892267240,65.045097,25.467742,2022,Lycoperdon excipuliforme,iNaturalist research-grade observations,50c9509d-22c7-4a22-a47d-8c48425ef4a7,http://creativecommons.org/publicdomain/zero/1.0/legalcode
3892272917,59.996173,23.648203,2022,,iNaturalist research-grade observations,50c9509d-22c7-4a22-a47d-8c48425ef4a7,http://creativecommons.org/licenses/by-nc/4.0/legalcode
3892274970,62.895818,22.866278,2022,Gymnosporangium cornutum,iNaturalist research-grade observations,50c9509d-22c7-4a22-a47d-8c48425ef4a7,http://creativecommons.org/licenses/by-nc/4.0/legalcode
3892276097,62.959042,22.952904,2022,Rhytisma salicinum,iNaturalist research-grade observations,50c9509d-22c7-4a22-a47d-8c48425ef4a7,http://creativecommons.org/licenses/by-nc/4.0/legalcode
3892277736,68.892421,26.930952,2022,Hypogymnia tubulosa,iNaturalist research-grade observations,50c9509d-22c7-4a22-a47d-8c48425ef4a7,http://creativecommons.org/licenses/by-nc/4.0/legalcode
3892277789,62.629917,22.192492,2022,Gomphidius roseus,iNaturalist research-grade observations,50c9509d-22c7-4a22-a47d-8c48425ef4a7,http://creativecommons.org/licenses/by-nc/4.0/legalcode
3892280650,62.981771,21.62861,2022,Gloeophyllum sepiarium,iNaturalist research-grade observations,50c9509d-22c7-4a22-a47d-8c48425ef4a7,http://creativecommons.org/licenses/by-nc/4.0/legalcode
3892282774,62.609851,25.101042,2022,Helvella macropus,iNaturalist research-grade observations,50c9509d-22c7-4a22-a47d-8c48425ef4a7,http://creativecommons.org/licenses/by-nc/4.0/legalcode
3892283827,60.23929,24.348644,2022,Melampsoridium betulinum,iNaturalist research-grade observations,50c9509d-22c7-4a22-a47d-8c48425ef4a7,http://creativecommons.org/licenses/by-nc/4.0/legalcode
3892286880,62.937396,22.836865,2022,Evernia prunastri,iNaturalist research-grade observations,50c9509d-22c7-4a22-a47d-8c48425ef4a7,http://creativecommons.org/licenses/by-nc/4.0/legalcode
3892288751,64.25254,27.841266,2022,Chrysomyxa ledi,iNaturalist research-grade observations,50c9509d-22c7-4a22-a47d-8c48425ef4a7,http://creativecommons.org/licenses/by-nc/4.0/legalcode
3892289818,62.38102,22.802726,2022,Thelephora terrestris,iNaturalist research-grade observations,50c9509d-22c7-4a22-a47d-8c48425ef4a7,http://creativecommons.org/licenses/by-nc/4.0/legalcode
3892292716,62.863678,22.085038,2022,Gymnosporangium cornutum,iNaturalist research-grade observations,50c9509d-22c7-4a22-a47d-8c48425ef4a7,http://creativecommons.org/licenses/by-nc/4.0/legalcode
3892294138,62.959224,22.953877,2022,Homostegia piggotii,iNaturalist research-grade observations,50c9509d-22c7-4a22-a47d-8c48425ef4a7,http://creativecommons.org/licenses/by-nc/4.0/legalcode
3892300932,60.695833,23.891944,2022,Coltricia perennis,iNaturalist research-grade observations,50c9509d-22c7-4a22-a47d-8c48425ef4a7,http://creativecommons.org/licenses/by/4.0/legalcode
3892307867,60.182538,24.887992,2022,Fomes fomentarius,iNaturalist research-grade observations,50c9509d-22c7-4a22-a47d-8c48425ef4a7,http://creativecommons.org/licenses/by-nc/4.0/legalcode
3892313208,64.274915,27.899415,2022,Exobasidium vaccinii,iNaturalist research-grade observations,50c9509d-22c7-4a22-a47d-8c48425ef4a7,http://creativecommons.org/licenses/by-nc/4.0/legalcode
3892317886,62.86685,22.972497,2022,Cortinarius caperatus,iNaturalist research-grade observations,50c9509d-22c7-4a22-a47d-8c48425ef4a7,http://creativecommons.org/licenses/by-nc/4.0/legalcode
3892320588,63.127521,22.424937,2022,Nephromopsis chlorophylla,iNaturalist research-grade observations,50c9509d-22c7-4a22-a47d-8c48425ef4a7,http://creativecommons.org/licenses/by-nc/4.0/legalcode
3892322035,62.873587,22.918362,2022,Gymnosporangium cornutum,iNaturalist research-grade observations,50c9509d-22c7-4a22-a47d-8c48425ef4a7,http://creativecommons.org/licenses/by-nc/4.0/legalcode
3892325119,62.705214,22.847838,2022,Phlyctis argena,iNaturalist research-grade observations,50c9509d-22c7-4a22-a47d-8c48425ef4a7,http://creativecommons.org/licenses/by-nc/4.0/legalcode
3892332021,60.08486,23.667461,2022,Cladonia uncialis,iNaturalist research-grade observations,50c9509d-22c7-4a22-a47d-8c48425ef4a7,http://creativecommons.org/licenses/by-nc/4.0/legalcode
3892336669,63.99139,23.441677,2022,Cetraria islandica,iNaturalist research-grade observations,50c9509d-22c7-4a22-a47d-8c48425ef4a7,http://creativecommons.org/licenses/by-nc/4.0/legalcode
3892343616,60.196361,24.918574,2022,Russula vesca,iNaturalist research-grade observations,50c9509d-22c7-4a22-a47d-8c48425ef4a7,http://creativecommons.org/licenses/by-nc/4.0/legalcode
3892343904,62.937399,22.836873,2022,Parmelia sulcata,iNaturalist research-grade observations,50c9509d-22c7-4a22-a47d-8c48425ef4a7,http://creativecommons.org/licenses/by-nc/4.0/legalcode
3892351071,60.749416,24.767147,2022,Cetraria islandica,iNaturalist research-grade observations,50c9509d-22c7-4a22-a47d-8c48425ef4a7,http://creativecommons.org/licenses/by-nc/4.0/legalcode
3892356024,63.018895,23.380353,2022,Suillus variegatus,iNaturalist research-grade observations,50c9509d-22c7-4a22-a47d-8c48425ef4a7,http://creativecommons.org/licenses/by-nc/4.0/legalcode
3892359204,60.20429,25.112232,2022,Hapalopilus rutilans,iNaturalist research-grade observations,50c9509d-22c7-4a22-a47d-8c48425ef4a7,http://creativecommons.org/licenses/by-nc/4.0/legalcode
3892360670,62.977348,21.626931,2022,Opeltia flavorubescens,iNaturalist research-grade observations,50c9509d-22c7-4a22-a47d-8c48425ef4a7,http://creativecommons.org/licenses/by-nc/4.0/legalcode
3892365745,60.700283,23.92644,2022,Cantharellus cibarius,iNaturalist research-grade observations,50c9509d-22c7-4a22-a47d-8c48425ef4a7,http://creativecommons.org/licenses/by/4.0/legalcode
3892366594,60.291625,24.500714,2022,Russula decolorans,iNaturalist research-grade observations,50c9509d-22c7-4a22-a47d-8c48425ef4a7,http://creativecommons.org/licenses/by-nc/4.0/legalcode
3892367191,60.269507,24.935593,2022,Lactarius turpis,iNaturalist research-grade observations,50c9509d-22c7-4a22-a47d-8c48425ef4a7,http://creativecommons.org/licenses/by-nc/4.0/legalcode
3892368781,62.396739,22.787008,2022,Alloclavaria purpurea,iNaturalist research-grade observations,50c9509d-22c7-4a22-a47d-8c48425ef4a7,http://creativecommons.org/licenses/by-nc/4.0/legalcode
3892370112,62.95954,22.957441,2022,Coleosporium tussilaginis,iNaturalist research-grade observations,50c9509d-22c7-4a22-a47d-8c48425ef4a7,http://creativecommons.org/licenses/by-nc/4.0/legalcode
3892370803,60.684121,23.843041,2022,Amanita virosa,iNaturalist research-grade observations,50c9509d-22c7-4a22-a47d-8c48425ef4a7,http://creativecommons.org/licenses/by/4.0/legalcode
3892372818,60.186062,25.146037,2022,Coleosporium sonchi,iNaturalist research-grade observations,50c9509d-22c7-4a22-a47d-8c48425ef4a7,http://creativecommons.org/licenses/by-nc/4.0/legalcode
3892375796,62.63151,22.194758,2022,Boletus pinophilus,iNaturalist research-grade observations,50c9509d-22c7-4a22-a47d-8c48425ef4a7,http://creativecommons.org/licenses/by-nc/4.0/legalcode
3892376648,60.195315,24.921097,2022,Phaeolus schweinitzii,iNaturalist research-grade observations,50c9509d-22c7-4a22-a47d-8c48425ef4a7,http://creativecommons.org/licenses/by-nc/4.0/legalcode
3892376749,60.70061,23.926587,2022,Cortinarius caperatus,iNaturalist research-grade observations,50c9509d-22c7-4a22-a47d-8c48425ef4a7,http://creativecommons.org/licenses/by/4.0/legalcode
3892377213,62.41408,21.281415,2022,Cladonia stellaris,iNaturalist research-grade observations,50c9509d-22c7-4a22-a47d-8c48425ef4a7,http://creativecommons.org/licenses/by-nc/4.0/legalcode
3892380865,62.858551,22.991656,2022,Gymnosporangium cornutum,iNaturalist research-grade observations,50c9509d-22c7-4a22-a47d-8c48425ef4a7,http://creativecommons.org/licenses/by-nc/4.0/legalcode
3892386808,67.073722,28.861087,2022,Boletus pinophilus,iNaturalist research-grade observations,50c9509d-22c7-4a22-a47d-8c48425ef4a7,http://creativecommons.org/publicdomain/zero/1.0/legalcode
3892386872,59.969398,23.719306,2022,Thelephora palmata,iNaturalist research-grade observations,50c9509d-22c7-4a22-a47d-8c48425ef4a7,http://creativecommons.org/licenses/by-nc/4.0/legalcode
3892389780,60.700975,23.928473,2022,Pycnoporellus fulgens,iNaturalist research-grade observations,50c9509d-22c7-4a22-a47d-8c48425ef4a7,http://creativecommons.org/licenses/by/4.0/legalcode
3892390717,62.977335,21.626954,2022,Ramalina farinacea,iNaturalist research-grade observations,50c9509d-22c7-4a22-a47d-8c48425ef4a7,http://creativecommons.org/licenses/by-nc/4.0/legalcode
3892391873,62.869947,23.019107,2022,Cladonia stellaris,iNaturalist research-grade observations,50c9509d-22c7-4a22-a47d-8c48425ef4a7,http://creativecommons.org/licenses/by-nc/4.0/legalcode
3892392090,62.761285,23.17898,2022,Thelephora terrestris,iNaturalist research-grade observations,50c9509d-22c7-4a22-a47d-8c48425ef4a7,http://creativecommons.org/licenses/by-nc/4.0/legalcode
3892392785,60.683322,23.842983,2022,Gymnosporangium cornutum,iNaturalist research-grade observations,50c9509d-22c7-4a22-a47d-8c48425ef4a7,http://creativecommons.org/licenses/by/4.0/legalcode
3892393984,62.874668,22.917549,2022,Chalciporus piperatus,iNaturalist research-grade observations,50c9509d-22c7-4a22-a47d-8c48425ef4a7,http://creativecommons.org/licenses/by-nc/4.0/legalcode
3892394862,67.518539,29.696593,2022,Lactarius quieticolor,iNaturalist research-grade observations,50c9509d-22c7-4a22-a47d-8c48425ef4a7,http://creativecommons.org/publicdomain/zero/1.0/legalcode
3892394933,62.863578,23.0169,2022,Tapinella atrotomentosa,iNaturalist research-grade observations,50c9509d-22c7-4a22-a47d-8c48425ef4a7,http://creativecommons.org/licenses/by-nc/4.0/legalcode
3892396711,62.982343,21.629665,2022,Cladonia stellaris,iNaturalist research-grade observations,50c9509d-22c7-4a22-a47d-8c48425ef4a7,http://creativecommons.org/licenses/by-nc/4.0/legalcode
3892397113,62.705219,22.847915,2022,Cortinarius caperatus,iNaturalist research-grade observations,50c9509d-22c7-4a22-a47d-8c48425ef4a7,http://creativecommons.org/licenses/by-nc/4.0/legalcode
3892399030,62.875144,22.917919,2022,Amanita muscaria,iNaturalist research-grade observations,50c9509d-22c7-4a22-a47d-8c48425ef4a7,http://creativecommons.org/licenses/by-nc/4.0/legalcode
3892401892,62.892028,25.130571,2022,Phlebia tremellosa,iNaturalist research-grade observations,50c9509d-22c7-4a22-a47d-8c48425ef4a7,http://creativecommons.org/licenses/by-nc/4.0/legalcode
3892404078,62.711345,22.88314,2022,Gymnosporangium cornutum,iNaturalist research-grade observations,50c9509d-22c7-4a22-a47d-8c48425ef4a7,http://creativecommons.org/licenses/by-nc/4.0/legalcode
3892404816,62.631346,22.193012,2022,Suillus bovinus,iNaturalist research-grade observations,50c9509d-22c7-4a22-a47d-8c48425ef4a7,http://creativecommons.org/licenses/by-nc/4.0/legalcode
3892404923,60.654297,23.894737,2022,Ramaria boreimaxima,iNaturalist research-grade observations,50c9509d-22c7-4a22-a47d-8c48425ef4a7,http://creativecommons.org/licenses/by/4.0/legalcode
3892405024,63.014507,23.368512,2022,Arctoparmelia centrifuga,iNaturalist research-grade observations,50c9509d-22c7-4a22-a47d-8c48425ef4a7,http://creativecommons.org/licenses/by-nc/4.0/legalcode
3892409588,61.696025,27.424292,2022,Tapinella atrotomentosa,iNaturalist research-grade observations,50c9509d-22c7-4a22-a47d-8c48425ef4a7,http://creativecommons.org/licenses/by-nc/4.0/legalcode
3892409815,62.796531,25.680139,2022,Hydnellum peckii,iNaturalist research-grade observations,50c9509d-22c7-4a22-a47d-8c48425ef4a7,http://creativecommons.org/licenses/by/4.0/legalcode
3892409871,62.864994,23.014989,2022,Cantharellus cibarius,iNaturalist research-grade observations,50c9509d-22c7-4a22-a47d-8c48425ef4a7,http://creativecommons.org/licenses/by-nc/4.0/legalcode
3892412031,63.018331,23.380852,2022,Lycoperdon perlatum,iNaturalist research-grade observations,50c9509d-22c7-4a22-a47d-8c48425ef4a7,http://creativecommons.org/licenses/by-nc/4.0/legalcode
3892413579,63.273014,22.368437,2022,Gymnosporangium cornutum,iNaturalist research-grade observations,50c9509d-22c7-4a22-a47d-8c48425ef4a7,http://creativecommons.org/licenses/by-nc/4.0/legalcode
3892413919,60.294464,24.56207,2022,Leccinum scabrum,iNaturalist research-grade observations,50c9509d-22c7-4a22-a47d-8c48425ef4a7,http://creativecommons.org/licenses/by-nc/4.0/legalcode
3892416084,62.705224,22.847869,2022,Opeltia flavorubescens,iNaturalist research-grade observations,50c9509d-22c7-4a22-a47d-8c48425ef4a7,http://creativecommons.org/licenses/by-nc/4.0/legalcode
3892417223,63.356312,21.284294,2022,Amanita muscaria,iNaturalist research-grade observations,50c9509d-22c7-4a22-a47d-8c48425ef4a7,http://creativecommons.org/licenses/by-nc/4.0/legalcode
3892420850,65.034149,25.498341,2022,Polystigma fulvum,iNaturalist research-grade observations,50c9509d-22c7-4a22-a47d-8c48425ef4a7,http://creativecommons.org/licenses/by-nc/4.0/legalcode
3892425010,63.015429,23.369767,2022,Cortinarius armillatus,iNaturalist research-grade observations,50c9509d-22c7-4a22-a47d-8c48425ef4a7,http://creativecommons.org/licenses/by-nc/4.0/legalcode
3892431914,60.294619,24.567211,2022,Amanita fulva,iNaturalist research-grade observations,50c9509d-22c7-4a22-a47d-8c48425ef4a7,http://creativecommons.org/licenses/by-nc/4.0/legalcode
3892431925,62.938164,22.838174,2022,Erysiphe heraclei,iNaturalist research-grade observations,50c9509d-22c7-4a22-a47d-8c48425ef4a7,http://creativecommons.org/licenses/by-nc/4.0/legalcode
3892432670,62.864736,22.084745,2022,Suillus luteus,iNaturalist research-grade observations,50c9509d-22c7-4a22-a47d-8c48425ef4a7,http://creativecommons.org/licenses/by-nc/4.0/legalcode
3892437851,60.68643,23.887005,2022,Lactarius tabidus,iNaturalist research-grade observations,50c9509d-22c7-4a22-a47d-8c48425ef4a7,http://creativecommons.org/licenses/by/4.0/legalcode
3892438193,60.339188,24.667312,2022,Tapinella atrotomentosa,iNaturalist research-grade observations,50c9509d-22c7-4a22-a47d-8c48425ef4a7,http://creativecommons.org/licenses/by-nc/4.0/legalcode
3892440136,62.716844,23.169516,2022,Cladonia stellaris,iNaturalist research-grade observations,50c9509d-22c7-4a22-a47d-8c48425ef4a7,http://creativecommons.org/licenses/by-nc/4.0/legalcode
3892444060,60.034124,23.775141,2022,Lactarius deterrimus,iNaturalist research-grade observations,50c9509d-22c7-4a22-a47d-8c48425ef4a7,http://creativecommons.org/licenses/by-nc/4.0/legalcode
3892446599,62.892278,25.128841,2022,Artomyces pyxidatus,iNaturalist research-grade observations,50c9509d-22c7-4a22-a47d-8c48425ef4a7,http://creativecommons.org/licenses/by-nc/4.0/legalcode
3892448056,62.655358,23.926967,2022,Cladonia stellaris,iNaturalist research-grade observations,50c9509d-22c7-4a22-a47d-8c48425ef4a7,http://creativecommons.org/licenses/by-nc/4.0/legalcode
3892449737,60.700945,23.927218,2022,Russula paludosa,iNaturalist research-grade observations,50c9509d-22c7-4a22-a47d-8c48425ef4a7,http://creativecommons.org/licenses/by/4.0/legalcode
3892450015,62.877808,22.918941,2022,Cortinarius caperatus,iNaturalist research-grade observations,50c9509d-22c7-4a22-a47d-8c48425ef4a7,http://creativecommons.org/licenses/by-nc/4.0/legalcode
3892451129,62.716905,23.169533,2022,Thelephora terrestris,iNaturalist research-grade observations,50c9509d-22c7-4a22-a47d-8c48425ef4a7,http://creativecommons.org/licenses/by-nc/4.0/legalcode
3892452824,62.892165,25.129515,2022,Phlyctis argena,iNaturalist research-grade observations,50c9509d-22c7-4a22-a47d-8c48425ef4a7,http://creativecommons.org/licenses/by-nc/4.0/legalcode
3892453029,61.171551,28.603597,2022,Tricholomopsis rutilans,iNaturalist research-grade observations,50c9509d-22c7-4a22-a47d-8c48425ef4a7,http://creativecommons.org/licenses/by-nc/4.0/legalcode
3892453931,62.847897,22.969078,2022,Lactarius rufus,iNaturalist research-grade observations,50c9509d-22c7-4a22-a47d-8c48425ef4a7,http://creativecommons.org/licenses/by-nc/4.0/legalcode
3892457064,61.830628,29.910278,2022,Macrolepiota procera,iNaturalist research-grade observations,50c9509d-22c7-4a22-a47d-8c48425ef4a7,http://creativecommons.org/licenses/by-nc/4.0/legalcode
3892460891,62.84771,22.968722,2022,Chrysomyxa ledi,iNaturalist research-grade observations,50c9509d-22c7-4a22-a47d-8c48425ef4a7,http://creativecommons.org/licenses/by-nc/4.0/legalcode
3892468832,62.892349,25.130682,2022,Fomitopsis pinicola,iNaturalist research-grade observations,50c9509d-22c7-4a22-a47d-8c48425ef4a7,http://creativecommons.org/licenses/by-nc/4.0/legalcode
3892468887,62.867642,23.0175,2022,Cetraria islandica,iNaturalist research-grade observations,50c9509d-22c7-4a22-a47d-8c48425ef4a7,http://creativecommons.org/licenses/by-nc/4.0/legalcode
3892469639,62.892594,25.130179,2022,Amanita muscaria,iNaturalist research-grade observations,50c9509d-22c7-4a22-a47d-8c48425ef4a7,http://creativecommons.org/licenses/by-nc/4.0/legalcode
3892470071,62.716825,23.169706,2022,Cetraria islandica,iNaturalist research-grade observations,50c9509d-22c7-4a22-a47d-8c48425ef4a7,http://creativecommons.org/licenses/by-nc/4.0/legalcode
3892471040,61.927728,25.985528,2022,Russula vinosa,iNaturalist research-grade observations,50c9509d-22c7-4a22-a47d-8c48425ef4a7,http://creativecommons.org/publicdomain/zero/1.0/legalcode
3892472721,68.892616,26.932019,2022,Nephroma arcticum,iNaturalist research-grade observations,50c9509d-22c7-4a22-a47d-8c48425ef4a7,http://creativecommons.org/licenses/by-nc/4.0/legalcode
3892473506,60.181125,25.07707,2022,Hygrophoropsis aurantiaca,iNaturalist research-grade observations,50c9509d-22c7-4a22-a47d-8c48425ef4a7,http://creativecommons.org/publicdomain/zero/1.0/legalcode
3892474056,62.711221,22.883863,2022,Lactarius turpis,iNaturalist research-grade observations,50c9509d-22c7-4a22-a47d-8c48425ef4a7,http://creativecommons.org/licenses/by-nc/4.0/legalcode
3892475586,63.127704,22.423447,2022,Cetraria islandica,iNaturalist research-grade observations,50c9509d-22c7-4a22-a47d-8c48425ef4a7,http://creativecommons.org/licenses/by-nc/4.0/legalcode
3892478043,60.016508,23.792781,2022,Lactarius helvus,iNaturalist research-grade observations,50c9509d-22c7-4a22-a47d-8c48425ef4a7,http://creativecommons.org/licenses/by-nc/4.0/legalcode
3892479718,62.864756,22.085579,2022,Arctoparmelia centrifuga,iNaturalist research-grade observations,50c9509d-22c7-4a22-a47d-8c48425ef4a7,http://creativecommons.org/licenses/by-nc/4.0/legalcode
3892479873,62.859976,22.991352,2022,Gomphidius roseus,iNaturalist research-grade observations,50c9509d-22c7-4a22-a47d-8c48425ef4a7,http://creativecommons.org/licenses/by-nc/4.0/legalcode
3892481865,62.855642,22.99348,2022,Fomes fomentarius,iNaturalist research-grade observations,50c9509d-22c7-4a22-a47d-8c48425ef4a7,http://creativecommons.org/licenses/by-nc/4.0/legalcode
3892489125,62.716886,23.169497,2022,Suillus bovinus,iNaturalist research-grade observations,50c9509d-22c7-4a22-a47d-8c48425ef4a7,http://creativecommons.org/licenses/by-nc/4.0/legalcode
3892490005,63.011804,23.377416,2022,Rhytisma salicinum,iNaturalist research-grade observations,50c9509d-22c7-4a22-a47d-8c48425ef4a7,http://creativecommons.org/licenses/by-nc/4.0/legalcode
3892491837,60.186694,25.14975,2022,Puccinia phragmitis,iNaturalist research-grade observations,50c9509d-22c7-4a22-a47d-8c48425ef4a7,http://creativecommons.org/licenses/by-nc/4.0/legalcode
3892492976,63.014132,23.399308,2022,Coleosporium tussilaginis,iNaturalist research-grade observations,50c9509d-22c7-4a22-a47d-8c48425ef4a7,http://creativecommons.org/licenses/by-nc/4.0/legalcode
3892494848,67.518518,29.696527,2022,Entoloma griseocyaneum,iNaturalist research-grade observations,50c9509d-22c7-4a22-a47d-8c48425ef4a7,http://creativecommons.org/publicdomain/zero/1.0/legalcode
3892495145,62.959224,22.953872,2022,Parmelia saxatilis,iNaturalist research-grade observations,50c9509d-22c7-4a22-a47d-8c48425ef4a7,http://creativecommons.org/licenses/by-nc/4.0/legalcode
3892496959,60.470322,22.33295,2022,Mutinus ravenelii,iNaturalist research-grade observations,50c9509d-22c7-4a22-a47d-8c48425ef4a7,http://creativecommons.org/licenses/by-nc/4.0/legalcode
3892498216,60.268975,24.929874,2022,Tylopilus felleus,iNaturalist research-grade observations,50c9509d-22c7-4a22-a47d-8c48425ef4a7,http://creativecommons.org/licenses/by-nc/4.0/legalcode
3892499815,60.228392,25.10823,2022,Erysiphe polygoni,iNaturalist research-grade observations,50c9509d-22c7-4a22-a47d-8c48425ef4a7,http://creativecommons.org/licenses/by-nc/4.0/legalcode
3892500118,62.761301,23.179442,2022,Gymnosporangium cornutum,iNaturalist research-grade observations,50c9509d-22c7-4a22-a47d-8c48425ef4a7,http://creativecommons.org/licenses/by-nc/4.0/legalcode
3892504720,62.889526,21.275237,2022,Trametes hirsuta,iNaturalist research-grade observations,50c9509d-22c7-4a22-a47d-8c48425ef4a7,http://creativecommons.org/licenses/by-nc/4.0/legalcode
3892505935,60.695642,23.891567,2022,Pseudevernia furfuracea,iNaturalist research-grade observations,50c9509d-22c7-4a22-a47d-8c48425ef4a7,http://creativecommons.org/licenses/by/4.0/legalcode
3892506693,61.199597,25.063989,2022,Gymnosporangium cornutum,iNaturalist research-grade observations,50c9509d-22c7-4a22-a47d-8c48425ef4a7,http://creativecommons.org/licenses/by-nc/4.0/legalcode
3892510582,60.463275,22.221181,2022,Hypogymnia physodes,iNaturalist research-grade observations,50c9509d-22c7-4a22-a47d-8c48425ef4a7,http://creativecommons.org/licenses/by-nc/4.0/legalcode
3892516797,62.397252,22.784246,2022,Lactarius deterrimus,iNaturalist research-grade observations,50c9509d-22c7-4a22-a47d-8c48425ef4a7,http://creativecommons.org/licenses/by-nc/4.0/legalcode
3892518223,65.050408,25.471297,2022,Russula aeruginea,iNaturalist research-grade observations,50c9509d-22c7-4a22-a47d-8c48425ef4a7,http://creativecommons.org/publicdomain/zero/1.0/legalcode
3892518832,60.250398,24.840046,2022,Rhytisma acerinum,iNaturalist research-grade observations,50c9509d-22c7-4a22-a47d-8c48425ef4a7,http://creativecommons.org/licenses/by-nc/4.0/legalcode
3892520058,60.016248,23.793277,2022,Megacollybia platyphylla,iNaturalist research-grade observations,50c9509d-22c7-4a22-a47d-8c48425ef4a7,http://creativecommons.org/licenses/by-nc/4.0/legalcode
3892523713,68.899475,26.987987,2022,Leccinum versipelle,iNaturalist research-grade observations,50c9509d-22c7-4a22-a47d-8c48425ef4a7,http://creativecommons.org/licenses/by-nc/4.0/legalcode
3892533712,60.338867,23.763892,2022,Russula foetens,iNaturalist research-grade observations,50c9509d-22c7-4a22-a47d-8c48425ef4a7,http://creativecommons.org/licenses/by-nc/4.0/legalcode
3892536670,61.683486,27.070291,2022,Kuehneromyces mutabilis,iNaturalist research-grade observations,50c9509d-22c7-4a22-a47d-8c48425ef4a7,http://creativecommons.org/licenses/by-nc/4.0/legalcode
3892540241,60.270131,24.933001,2022,Russula foetens,iNaturalist research-grade observations,50c9509d-22c7-4a22-a47d-8c48425ef4a7,http://creativecommons.org/licenses/by-nc/4.0/legalcode
3892543605,61.70097,27.423712,2022,Apioperdon pyriforme,iNaturalist research-grade observations,50c9509d-22c7-4a22-a47d-8c48425ef4a7,http://creativecommons.org/licenses/by-nc/4.0/legalcode
3892546024,60.798842,24.470069,2022,Amanita virosa,iNaturalist research-grade observations,50c9509d-22c7-4a22-a47d-8c48425ef4a7,http://creativecommons.org/licenses/by-nc/4.0/legalcode
3892546032,62.877223,22.919295,2022,Boletus pinophilus,iNaturalist research-grade observations,50c9509d-22c7-4a22-a47d-8c48425ef4a7,http://creativecommons.org/licenses/by-nc/4.0/legalcode
3892549894,60.232934,25.113039,2022,Puccinia calcitrapae,iNaturalist research-grade observations,50c9509d-22c7-4a22-a47d-8c48425ef4a7,http://creativecommons.org/licenses/by-nc/4.0/legalcode
3892550203,60.332132,24.661708,2022,Hypomyces luteovirens,iNaturalist research-grade observations,50c9509d-22c7-4a22-a47d-8c48425ef4a7,http://creativecommons.org/licenses/by-nc/4.0/legalcode
3892550649,62.888555,21.275135,2022,Bjerkandera adusta,iNaturalist research-grade observations,50c9509d-22c7-4a22-a47d-8c48425ef4a7,http://creativecommons.org/licenses/by-nc/4.0/legalcode
3892550755,60.683142,23.838007,2022,Cantharellus cibarius,iNaturalist research-grade observations,50c9509d-22c7-4a22-a47d-8c48425ef4a7,http://creativecommons.org/licenses/by/4.0/legalcode
3892551992,62.655358,23.927095,2022,Cladonia rangiferina,iNaturalist research-grade observations,50c9509d-22c7-4a22-a47d-8c48425ef4a7,http://creativecommons.org/licenses/by-nc/4.0/legalcode
3892552849,62.448542,30.478933,2022,Septoria scabiosicola,iNaturalist research-grade observations,50c9509d-22c7-4a22-a47d-8c48425ef4a7,http://creativecommons.org/licenses/by-nc/4.0/legalcode
3892555931,61.625702,24.520714,2022,Amanita muscaria,iNaturalist research-grade observations,50c9509d-22c7-4a22-a47d-8c48425ef4a7,http://creativecommons.org/licenses/by-nc/4.0/legalcode
3892558135,62.706159,22.846839,2022,Tapinella atrotomentosa,iNaturalist research-grade observations,50c9509d-22c7-4a22-a47d-8c48425ef4a7,http://creativecommons.org/licenses/by-nc/4.0/legalcode
3892558918,60.714581,23.792669,2022,Leccinum scabrum,iNaturalist research-grade observations,50c9509d-22c7-4a22-a47d-8c48425ef4a7,http://creativecommons.org/licenses/by-nc/4.0/legalcode
3892559884,62.847751,22.969632,2022,Russula decolorans,iNaturalist research-grade observations,50c9509d-22c7-4a22-a47d-8c48425ef4a7,http://creativecommons.org/licenses/by-nc/4.0/legalcode
3892562087,62.959366,22.954566,2022,Erysiphe capreae,iNaturalist research-grade observations,50c9509d-22c7-4a22-a47d-8c48425ef4a7,http://creativecommons.org/licenses/by-nc/4.0/legalcode
3892562994,63.019907,23.405621,2022,Chrysomyxa ledi,iNaturalist research-grade observations,50c9509d-22c7-4a22-a47d-8c48425ef4a7,http://creativecommons.org/licenses/by-nc/4.0/legalcode
3892563912,62.855612,22.993544,2022,Cantharellus cibarius,iNaturalist research-grade observations,50c9509d-22c7-4a22-a47d-8c48425ef4a7,http://creativecommons.org/licenses/by-nc/4.0/legalcode
3892565715,62.864858,22.084272,2022,Leccinum vulpinum,iNaturalist research-grade observations,50c9509d-22c7-4a22-a47d-8c48425ef4a7,http://creativecommons.org/licenses/by-nc/4.0/legalcode
3892565728,60.480647,22.31212,2022,Peltigera aphthosa,iNaturalist research-grade observations,50c9509d-22c7-4a22-a47d-8c48425ef4a7,http://creativecommons.org/licenses/by-nc/4.0/legalcode
3892567195,65.048836,25.471297,2022,Leccinum scabrum,iNaturalist research-grade observations,50c9509d-22c7-4a22-a47d-8c48425ef4a7,http://creativecommons.org/publicdomain/zero/1.0/legalcode
3892572878,59.969385,23.719379,2022,Lactarius flexuosus,iNaturalist research-grade observations,50c9509d-22c7-4a22-a47d-8c48425ef4a7,http://creativecommons.org/licenses/by-nc/4.0/legalcode
3892583144,60.737226,27.990683,2022,Tricholomopsis decora,iNaturalist research-grade observations,50c9509d-22c7-4a22-a47d-8c48425ef4a7,http://creativecommons.org/licenses/by-nc/4.0/legalcode
3892584633,63.991056,23.441541,2022,Lactarius rufus,iNaturalist research-grade observations,50c9509d-22c7-4a22-a47d-8c48425ef4a7,http://creativecommons.org/licenses/by-nc/4.0/legalcode
3892593154,62.705229,22.847894,2022,Xanthoria parietina,iNaturalist research-grade observations,50c9509d-22c7-4a22-a47d-8c48425ef4a7,http://creativecommons.org/licenses/by-nc/4.0/legalcode
3892593939,62.937441,22.837008,2022,Xanthoria parietina,iNaturalist research-grade observations,50c9509d-22c7-4a22-a47d-8c48425ef4a7,http://creativecommons.org/licenses/by-nc/4.0/legalcode
3892598198,62.417782,21.282312,2022,Phlyctis argena,iNaturalist research-grade observations,50c9509d-22c7-4a22-a47d-8c48425ef4a7,http://creativecommons.org/licenses/by-nc/4.0/legalcode
3892598789,60.143657,24.985501,2022,Cerioporus squamosus,iNaturalist research-grade observations,50c9509d-22c7-4a22-a47d-8c48425ef4a7,http://creativecommons.org/licenses/by-nc/4.0/legalcode
3892598977,62.895791,22.86626,2022,Rhytisma salicinum,iNaturalist research-grade observations,50c9509d-22c7-4a22-a47d-8c48425ef4a7,http://creativecommons.org/licenses/by-nc/4.0/legalcode
3892600821,60.738265,21.467378,2022,Coprinopsis lagopus,iNaturalist research-grade observations,50c9509d-22c7-4a22-a47d-8c48425ef4a7,http://creativecommons.org/licenses/by-nc/4.0/legalcode
3892600924,62.937835,22.837229,2022,Russula aeruginea,iNaturalist research-grade observations,50c9509d-22c7-4a22-a47d-8c48425ef4a7,http://creativecommons.org/licenses/by-nc/4.0/legalcode
3892601783,62.631264,22.192925,2022,Cetraria islandica,iNaturalist research-grade observations,50c9509d-22c7-4a22-a47d-8c48425ef4a7,http://creativecommons.org/licenses/by-nc/4.0/legalcode
3892602694,62.982452,21.628705,2022,Cantharellus cibarius,iNaturalist research-grade observations,50c9509d-22c7-4a22-a47d-8c48425ef4a7,http://creativecommons.org/licenses/by-nc/4.0/legalcode
3892603912,63.793307,27.329809,2022,Chrysomyxa ledi,iNaturalist research-grade observations,50c9509d-22c7-4a22-a47d-8c48425ef4a7,http://creativecommons.org/licenses/by-nc/4.0/legalcode
3892607845,67.506692,29.688927,2022,Russula claroflava,iNaturalist research-grade observations,50c9509d-22c7-4a22-a47d-8c48425ef4a7,http://creativecommons.org/publicdomain/zero/1.0/legalcode
3892607904,60.18729,25.149539,2022,Cladosporium alneum,iNaturalist research-grade observations,50c9509d-22c7-4a22-a47d-8c48425ef4a7,http://creativecommons.org/licenses/by-nc/4.0/legalcode
3892608121,62.959036,22.952906,2022,Lycoperdon perlatum,iNaturalist research-grade observations,50c9509d-22c7-4a22-a47d-8c48425ef4a7,http://creativecommons.org/licenses/by-nc/4.0/legalcode
3892608965,63.018632,23.380501,2022,Lenzites betulinus,iNaturalist research-grade observations,50c9509d-22c7-4a22-a47d-8c48425ef4a7,http://creativecommons.org/licenses/by-nc/4.0/legalcode
3892609146,60.332172,24.665646,2022,Tapinella atrotomentosa,iNaturalist research-grade observations,50c9509d-22c7-4a22-a47d-8c48425ef4a7,http://creativecommons.org/licenses/by-nc/4.0/legalcode
3892611796,62.632478,22.197026,2022,Suillus variegatus,iNaturalist research-grade observations,50c9509d-22c7-4a22-a47d-8c48425ef4a7,http://creativecommons.org/licenses/by-nc/4.0/legalcode
3892612820,64.116239,24.3961,2022,Helvella lacunosa,iNaturalist research-grade observations,50c9509d-22c7-4a22-a47d-8c48425ef4a7,http://creativecommons.org/licenses/by-nc/4.0/legalcode
4898830513,60.248282,23.821562,2021,Gomphidius glutinosus,LajiGIS: Species mapping and surveys,687c05e9-96d6-40e3-b1c9-2e026d0b3fc0,http://creativecommons.org/licenses/by/4.0/legalcode
4898830514,60.247809,23.822078,2021,Inocybe geophylla,LajiGIS: Species mapping and surveys,687c05e9-96d6-40e3-b1c9-2e026d0b3fc0,http://creativecommons.org/licenses/by/4.0/legalcode
4898830515,60.247322,23.819015,2021,Russula aeruginea,LajiGIS: Species mapping and surveys,687c05e9-96d6-40e3-b1c9-2e026d0b3fc0,http://creativecommons.org/licenses/by/4.0/legalcode
4898830516,60.247113,23.81815,2021,Pseudocraterellus pertenuis,LajiGIS: Species mapping and surveys,687c05e9-96d6-40e3-b1c9-2e026d0b3fc0,http://creativecommons.org/licenses/by/4.0/legalcode
4898830517,60.246629,23.815576,2021,Inocybe grammata,LajiGIS: Species mapping and surveys,687c05e9-96d6-40e3-b1c9-2e026d0b3fc0,http://creativecommons.org/licenses/by/4.0/legalcode
4898830518,60.245905,23.813893,2021,Paxillus involutus,LajiGIS: Species mapping and surveys,687c05e9-96d6-40e3-b1c9-2e026d0b3fc0,http://creativecommons.org/licenses/by/4.0/legalcode
4898830519,60.245314,23.815071,2021,Hygrophorus erubescens,LajiGIS: Species mapping and surveys,687c05e9-96d6-40e3-b1c9-2e026d0b3fc0,http://creativecommons.org/licenses/by/4.0/legalcode
4898830520,60.244618,23.811542,2021,Cortinarius ultrodistortus,LajiGIS: Species mapping and surveys,687c05e9-96d6-40e3-b1c9-2e026d0b3fc0,http://creativecommons.org/licenses/by/4.0/legalcode
4898830521,60.244602,23.811255,2021,Armillaria lutea,LajiGIS: Species mapping and surveys,687c05e9-96d6-40e3-b1c9-2e026d0b3fc0,http://creativecommons.org/licenses/by/4.0/legalcode
4898830522,60.244554,23.811115,2021,Hygrocybe conica,LajiGIS: Species mapping and surveys,687c05e9-96d6-40e3-b1c9-2e026d0b3fc0,http://creativecommons.org/licenses/by/4.0/legalcode
4898830523,60.244854,23.810923,2021,Strobilurus esculentus,LajiGIS: Species mapping and surveys,687c05e9-96d6-40e3-b1c9-2e026d0b3fc0,http://creativecommons.org/licenses/by/4.0/legalcode
4898830524,60.244957,23.810714,2021,Amanita crocea,LajiGIS: Species mapping and surveys,687c05e9-96d6-40e3-b1c9-2e026d0b3fc0,http://creativecommons.org/licenses/by/4.0/legalcode
4898830525,60.244701,23.81054,2021,Cortinarius trivialis,LajiGIS: Species mapping and surveys,687c05e9-96d6-40e3-b1c9-2e026d0b3fc0,http://creativecommons.org/licenses/by/4.0/legalcode
4898830526,60.244767,23.808762,2021,Russula betularum,LajiGIS: Species mapping and surveys,687c05e9-96d6-40e3-b1c9-2e026d0b3fc0,http://creativecommons.org/licenses/by/4.0/legalcode
4898830527,60.244872,23.807179,2021,Tricholoma stiparophyllum,LajiGIS: Species mapping and surveys,687c05e9-96d6-40e3-b1c9-2e026d0b3fc0,http://creativecommons.org/licenses/by/4.0/legalcode
4898830528,60.244738,23.806469,2021,Hygrocybe reidii,LajiGIS: Species mapping and surveys,687c05e9-96d6-40e3-b1c9-2e026d0b3fc0,http://creativecommons.org/licenses/by/4.0/legalcode
4898830529,60.24478,23.805977,2021,Russula decolorans,LajiGIS: Species mapping and surveys,687c05e9-96d6-40e3-b1c9-2e026d0b3fc0,http://creativecommons.org/licenses/by/4.0/legalcode
4898830530,60.244792,23.805705,2021,Cortinarius traganus,LajiGIS: Species mapping and surveys,687c05e9-96d6-40e3-b1c9-2e026d0b3fc0,http://creativecommons.org/licenses/by/4.0/legalcode
4898830531,60.244993,23.808107,2021,Inocybe geophylla,LajiGIS: Species mapping and surveys,687c05e9-96d6-40e3-b1c9-2e026d0b3fc0,http://creativecommons.org/licenses/by/4.0/legalcode
4898830532,60.244915,23.809688,2021,Cystoderma carcharias,LajiGIS: Species mapping and surveys,687c05e9-96d6-40e3-b1c9-2e026d0b3fc0,http://creativecommons.org/licenses/by/4.0/legalcode
4898830533,60.244805,23.811108,2021,Russula chloroides,LajiGIS: Species mapping and surveys,687c05e9-96d6-40e3-b1c9-2e026d0b3fc0,http://creativecommons.org/licenses/by/4.0/legalcode
4898830534,60.244836,23.811648,2021,Hypholoma lateritium,LajiGIS: Species mapping and surveys,687c05e9-96d6-40e3-b1c9-2e026d0b3fc0,http://creativecommons.org/licenses/by/4.0/legalcode
4898830535,60.244732,23.811802,2021,Pholiota lenta,LajiGIS: Species mapping and surveys,687c05e9-96d6-40e3-b1c9-2e026d0b3fc0,http://creativecommons.org/licenses/by/4.0/legalcode
4898830536,60.244634,23.81183,2021,Flammulaster carpophilus,LajiGIS: Species mapping and surveys,687c05e9-96d6-40e3-b1c9-2e026d0b3fc0,http://creativecommons.org/licenses/by/4.0/legalcode
4898830537,60.244334,23.809853,2021,Russula azurea,LajiGIS: Species mapping and surveys,687c05e9-96d6-40e3-b1c9-2e026d0b3fc0,http://creativecommons.org/licenses/by/4.0/legalcode
4898830538,60.24352,23.809986,2021,Amanita islandica,LajiGIS: Species mapping and surveys,687c05e9-96d6-40e3-b1c9-2e026d0b3fc0,http://creativecommons.org/licenses/by/4.0/legalcode
4898830548,60.253007,23.857319,2021,Galerina marginata,LajiGIS: Species mapping and surveys,687c05e9-96d6-40e3-b1c9-2e026d0b3fc0,http://creativecommons.org/licenses/by/4.0/legalcode
4898830549,60.252847,23.857389,2021,Amanita muscaria,LajiGIS: Species mapping and surveys,687c05e9-96d6-40e3-b1c9-2e026d0b3fc0,http://creativecommons.org/licenses/by/4.0/legalcode
4898830550,60.25271,23.857312,2021,Russula adusta,LajiGIS: Species mapping and surveys,687c05e9-96d6-40e3-b1c9-2e026d0b3fc0,http://creativecommons.org/licenses/by/4.0/legalcode
4898830551,60.252708,23.857601,2021,Clavulinopsis luteoalba,LajiGIS: Species mapping and surveys,687c05e9-96d6-40e3-b1c9-2e026d0b3fc0,http://creativecommons.org/licenses/by/4.0/legalcode
4898830552,60.252471,23.857479,2021,Lactarius torminosus,LajiGIS: Species mapping and surveys,687c05e9-96d6-40e3-b1c9-2e026d0b3fc0,http://creativecommons.org/licenses/by/4.0/legalcode
4898830553,60.252512,23.857276,2021,Apioperdon pyriforme,LajiGIS: Species mapping and surveys,687c05e9-96d6-40e3-b1c9-2e026d0b3fc0,http://creativecommons.org/licenses/by/4.0/legalcode
4898830554,60.252527,23.857184,2021,Asterophora lycoperdoides,LajiGIS: Species mapping and surveys,687c05e9-96d6-40e3-b1c9-2e026d0b3fc0,http://creativecommons.org/licenses/by/4.0/legalcode
4898830555,60.252458,23.857282,2021,Xerocomus subtomentosus,LajiGIS: Species mapping and surveys,687c05e9-96d6-40e3-b1c9-2e026d0b3fc0,http://creativecommons.org/licenses/by/4.0/legalcode
4898830556,60.252363,23.857453,2021,Lycoperdon perlatum,LajiGIS: Species mapping and surveys,687c05e9-96d6-40e3-b1c9-2e026d0b3fc0,http://creativecommons.org/licenses/by/4.0/legalcode
4898830557,60.252323,23.857656,2021,Gyromitra infula,LajiGIS: Species mapping and surveys,687c05e9-96d6-40e3-b1c9-2e026d0b3fc0,http://creativecommons.org/licenses/by/4.0/legalcode
4898830558,60.25206,23.856054,2021,Amanita muscaria,LajiGIS: Species mapping and surveys,687c05e9-96d6-40e3-b1c9-2e026d0b3fc0,http://creativecommons.org/licenses/by/4.0/legalcode
4898830559,60.253138,23.856782,2021,Tricholoma portentosum,LajiGIS: Species mapping and surveys,687c05e9-96d6-40e3-b1c9-2e026d0b3fc0,http://creativecommons.org/licenses/by/4.0/legalcode
4898833890,60.244275,22.218398,2021,Anisomeridium polypori,LajiGIS: Species mapping and surveys,687c05e9-96d6-40e3-b1c9-2e026d0b3fc0,http://creativecommons.org/licenses/by/4.0/legalcode
4898833891,60.246175,22.22145,2021,Rinodina exigua,LajiGIS: Species mapping and surveys,687c05e9-96d6-40e3-b1c9-2e026d0b3fc0,http://creativecommons.org/licenses/by/4.0/legalcode
4898833892,60.246153,22.223335,2021,,LajiGIS: Species mapping and surveys,687c05e9-96d6-40e3-b1c9-2e026d0b3fc0,http://creativecommons.org/licenses/by/4.0/legalcode
4898833893,60.243603,22.21998,2021,Rinodina exigua,LajiGIS: Species mapping and surveys,687c05e9-96d6-40e3-b1c9-2e026d0b3fc0,http://creativecommons.org/licenses/by/4.0/legalcode
4898833894,60.243956,22.221521,2021,,LajiGIS: Species mapping and surveys,687c05e9-96d6-40e3-b1c9-2e026d0b3fc0,http://creativecommons.org/licenses/by/4.0/legalcode
4898833895,60.625039,21.31816,2021,Lecania cyrtellina,LajiGIS: Species mapping and surveys,687c05e9-96d6-40e3-b1c9-2e026d0b3fc0,http://creativecommons.org/licenses/by/4.0/legalcode
4898833896,61.216122,25.030582,2021,Ivanpisutia ocelliformis,LajiGIS: Species mapping and surveys,687c05e9-96d6-40e3-b1c9-2e026d0b3fc0,http://creativecommons.org/licenses/by/4.0/legalcode
4898842477,60.625143,21.320193,2021,,LajiGIS: Species mapping and surveys,687c05e9-96d6-40e3-b1c9-2e026d0b3fc0,http://creativecommons.org/licenses/by/4.0/legalcode
4898863178,61.188889,26.851333,2021,Daedalea xantha,LajiGIS: Species mapping and surveys,687c05e9-96d6-40e3-b1c9-2e026d0b3fc0,http://creativecommons.org/licenses/by/4.0/legalcode
4898863179,61.188531,26.852413,2021,Crustoderma dryinum,LajiGIS: Species mapping and surveys,687c05e9-96d6-40e3-b1c9-2e026d0b3fc0,http://creativecommons.org/licenses/by/4.0/legalcode
4898863183,61.153779,26.89109,2021,Rhodofomes roseus,LajiGIS: Species mapping and surveys,687c05e9-96d6-40e3-b1c9-2e026d0b3fc0,http://creativecommons.org/licenses/by/4.0/legalcode
4898863184,61.159172,26.899842,2021,Crustoderma dryinum,LajiGIS: Species mapping and surveys,687c05e9-96d6-40e3-b1c9-2e026d0b3fc0,http://creativecommons.org/licenses/by/4.0/legalcode
4898863185,60.685398,24.290408,2021,Cinereomyces lindbladii,LajiGIS: Species mapping and surveys,687c05e9-96d6-40e3-b1c9-2e026d0b3fc0,http://creativecommons.org/licenses/by/4.0/legalcode
4898863187,60.617911,25.830581,2021,Rhodofomes roseus,LajiGIS: Species mapping and surveys,687c05e9-96d6-40e3-b1c9-2e026d0b3fc0,http://creativecommons.org/licenses/by/4.0/legalcode
4898863188,60.542317,26.546626,2021,Crustoderma dryinum,LajiGIS: Species mapping and surveys,687c05e9-96d6-40e3-b1c9-2e026d0b3fc0,http://creativecommons.org/licenses/by/4.0/legalcode
4898865538,61.152928,26.882509,2021,Hermanssonia centrifuga,LajiGIS: Species mapping and surveys,687c05e9-96d6-40e3-b1c9-2e026d0b3fc0,http://creativecommons.org/licenses/by/4.0/legalcode
4898865539,61.153554,26.890608,2021,Rhodofomes roseus,LajiGIS: Species mapping and surveys,687c05e9-96d6-40e3-b1c9-2e026d0b3fc0,http://creativecommons.org/licenses/by/4.0/legalcode
4898865768,60.690651,24.286282,2021,Trichaptum abietinum,LajiGIS: Species mapping and surveys,687c05e9-96d6-40e3-b1c9-2e026d0b3fc0,http://creativecommons.org/licenses/by/4.0/legalcode
4898865769,60.687407,24.265927,2021,Antrodia sinuosa,LajiGIS: Species mapping and surveys,687c05e9-96d6-40e3-b1c9-2e026d0b3fc0,http://creativecommons.org/licenses/by/4.0/legalcode
4898865770,60.691746,24.287564,2021,Fuscopostia fragilis,LajiGIS: Species mapping and surveys,687c05e9-96d6-40e3-b1c9-2e026d0b3fc0,http://creativecommons.org/licenses/by/4.0/legalcode
4898865771,60.691746,24.287564,2021,Trichaptum abietinum,LajiGIS: Species mapping and surveys,687c05e9-96d6-40e3-b1c9-2e026d0b3fc0,http://creativecommons.org/licenses/by/4.0/legalcode
4898865772,60.690908,24.287451,2021,Butyrea luteoalba,LajiGIS: Species mapping and surveys,687c05e9-96d6-40e3-b1c9-2e026d0b3fc0,http://creativecommons.org/licenses/by/4.0/legalcode
4898865773,60.690908,24.287451,2021,Butyrea luteoalba,LajiGIS: Species mapping and surveys,687c05e9-96d6-40e3-b1c9-2e026d0b3fc0,http://creativecommons.org/licenses/by/4.0/legalcode
4898865774,60.690908,24.287451,2021,Butyrea luteoalba,LajiGIS: Species mapping and surveys,687c05e9-96d6-40e3-b1c9-2e026d0b3fc0,http://creativecommons.org/licenses/by/4.0/legalcode
4898865775,60.687352,24.264558,2021,Fomitopsis pinicola,LajiGIS: Species mapping and surveys,687c05e9-96d6-40e3-b1c9-2e026d0b3fc0,http://creativecommons.org/licenses/by/4.0/legalcode
4898865776,60.73411,24.04444,2021,Neoantrodia serialis,LajiGIS: Species mapping and surveys,687c05e9-96d6-40e3-b1c9-2e026d0b3fc0,http://creativecommons.org/licenses/by/4.0/legalcode
4898865777,60.73411,24.04444,2021,,LajiGIS: Species mapping and surveys,687c05e9-96d6-40e3-b1c9-2e026d0b3fc0,http://creativecommons.org/licenses/by/4.0/legalcode
4898865778,60.738867,24.073713,2021,Incrustoporia biguttulata,LajiGIS: Species mapping and surveys,687c05e9-96d6-40e3-b1c9-2e026d0b3fc0,http://creativecommons.org/licenses/by/4.0/legalcode
4898865779,60.738403,24.045164,2021,Butyrea luteoalba,LajiGIS: Species mapping and surveys,687c05e9-96d6-40e3-b1c9-2e026d0b3fc0,http://creativecommons.org/licenses/by/4.0/legalcode
4898865780,60.351281,25.222497,2021,Postia tephroleuca,LajiGIS: Species mapping and surveys,687c05e9-96d6-40e3-b1c9-2e026d0b3fc0,http://creativecommons.org/licenses/by/4.0/legalcode
4898865781,60.351059,25.221367,2021,Trichaptum abietinum,LajiGIS: Species mapping and surveys,687c05e9-96d6-40e3-b1c9-2e026d0b3fc0,http://creativecommons.org/licenses/by/4.0/legalcode
4898865782,60.349913,25.218294,2021,Fomitopsis pinicola,LajiGIS: Species mapping and surveys,687c05e9-96d6-40e3-b1c9-2e026d0b3fc0,http://creativecommons.org/licenses/by/4.0/legalcode
4898865783,60.349913,25.218294,2021,Flaviporus citrinellus,LajiGIS: Species mapping and surveys,687c05e9-96d6-40e3-b1c9-2e026d0b3fc0,http://creativecommons.org/licenses/by/4.0/legalcode
4898865784,60.349913,25.218294,2021,Fomitopsis pinicola,LajiGIS: Species mapping and surveys,687c05e9-96d6-40e3-b1c9-2e026d0b3fc0,http://creativecommons.org/licenses/by/4.0/legalcode
4898865785,60.349913,25.218294,2021,Fomitopsis pinicola,LajiGIS: Species mapping and surveys,687c05e9-96d6-40e3-b1c9-2e026d0b3fc0,http://creativecommons.org/licenses/by/4.0/legalcode
4898865786,60.349913,25.218294,2021,Fomitopsis pinicola,LajiGIS: Species mapping and surveys,687c05e9-96d6-40e3-b1c9-2e026d0b3fc0,http://creativecommons.org/licenses/by/4.0/legalcode
4898865787,60.349913,25.218294,2021,Fomitopsis pinicola,LajiGIS: Species mapping and surveys,687c05e9-96d6-40e3-b1c9-2e026d0b3fc0,http://creativecommons.org/licenses/by/4.0/legalcode
4898865788,60.349986,25.219649,2021,Fomitopsis pinicola,LajiGIS: Species mapping and surveys,687c05e9-96d6-40e3-b1c9-2e026d0b3fc0,http://creativecommons.org/licenses/by/4.0/legalcode
4898865789,60.349986,25.219649,2021,Heterobasidion parviporum,LajiGIS: Species mapping and surveys,687c05e9-96d6-40e3-b1c9-2e026d0b3fc0,http://creativecommons.org/licenses/by/4.0/legalcode
4898865790,60.349986,25.219649,2021,Trichaptum abietinum,LajiGIS: Species mapping and surveys,687c05e9-96d6-40e3-b1c9-2e026d0b3fc0,http://creativecommons.org/licenses/by/4.0/legalcode
4898865791,60.349986,25.219649,2021,Fomitopsis pinicola,LajiGIS: Species mapping and surveys,687c05e9-96d6-40e3-b1c9-2e026d0b3fc0,http://creativecommons.org/licenses/by/4.0/legalcode
4898865792,60.349986,25.219649,2021,Fomitopsis pinicola,LajiGIS: Species mapping and surveys,687c05e9-96d6-40e3-b1c9-2e026d0b3fc0,http://creativecommons.org/licenses/by/4.0/legalcode
4898865793,60.349986,25.219649,2021,Fomitopsis pinicola,LajiGIS: Species mapping and surveys,687c05e9-96d6-40e3-b1c9-2e026d0b3fc0,http://creativecommons.org/licenses/by/4.0/legalcode
4898865794,60.349986,25.219649,2021,Fomitopsis pinicola,LajiGIS: Species mapping and surveys,687c05e9-96d6-40e3-b1c9-2e026d0b3fc0,http://creativecommons.org/licenses/by/4.0/legalcode
4898865795,60.349986,25.219649,2021,Neoantrodia serialis,LajiGIS: Species mapping and surveys,687c05e9-96d6-40e3-b1c9-2e026d0b3fc0,http://creativecommons.org/licenses/by/4.0/legalcode
4898865796,60.356172,25.183672,2021,Fomitopsis pinicola,LajiGIS: Species mapping and surveys,687c05e9-96d6-40e3-b1c9-2e026d0b3fc0,http://creativecommons.org/licenses/by/4.0/legalcode
4898865797,60.356172,25.183672,2021,Trichaptum abietinum,LajiGIS: Species mapping and surveys,687c05e9-96d6-40e3-b1c9-2e026d0b3fc0,http://creativecommons.org/licenses/by/4.0/legalcode
4898865798,60.356172,25.183672,2021,Antrodia sinuosa,LajiGIS: Species mapping and surveys,687c05e9-96d6-40e3-b1c9-2e026d0b3fc0,http://creativecommons.org/licenses/by/4.0/legalcode
4898865799,60.356172,25.183672,2021,Fuscopostia fragilis,LajiGIS: Species mapping and surveys,687c05e9-96d6-40e3-b1c9-2e026d0b3fc0,http://creativecommons.org/licenses/by/4.0/legalcode
4898865800,62.437969,28.828363,2021,,LajiGIS: Species mapping and surveys,687c05e9-96d6-40e3-b1c9-2e026d0b3fc0,http://creativecommons.org/licenses/by/4.0/legalcode
4898865801,62.437969,28.828363,2021,Postia tephroleuca,LajiGIS: Species mapping and surveys,687c05e9-96d6-40e3-b1c9-2e026d0b3fc0,http://creativecommons.org/licenses/by/4.0/legalcode
4898865802,62.437969,28.828363,2021,,LajiGIS: Species mapping and surveys,687c05e9-96d6-40e3-b1c9-2e026d0b3fc0,http://creativecommons.org/licenses/by/4.0/legalcode
4898865803,62.437969,28.828363,2021,Butyrea luteoalba,LajiGIS: Species mapping and surveys,687c05e9-96d6-40e3-b1c9-2e026d0b3fc0,http://creativecommons.org/licenses/by/4.0/legalcode
4898865804,62.404037,28.829138,2021,Antrodia sinuosa,LajiGIS: Species mapping and surveys,687c05e9-96d6-40e3-b1c9-2e026d0b3fc0,http://creativecommons.org/licenses/by/4.0/legalcode
4898865805,62.404037,28.829138,2021,,LajiGIS: Species mapping and surveys,687c05e9-96d6-40e3-b1c9-2e026d0b3fc0,http://creativecommons.org/licenses/by/4.0/legalcode
4898865816,61.600827,27.912061,2021,Fomitopsis pinicola,LajiGIS: Species mapping and surveys,687c05e9-96d6-40e3-b1c9-2e026d0b3fc0,http://creativecommons.org/licenses/by/4.0/legalcode
4898865817,61.600827,27.912061,2021,Asterodon ferruginosus,LajiGIS: Species mapping and surveys,687c05e9-96d6-40e3-b1c9-2e026d0b3fc0,http://creativecommons.org/licenses/by/4.0/legalcode
4898865818,61.600827,27.912061,2021,Sistotrema alboluteum,LajiGIS: Species mapping and surveys,687c05e9-96d6-40e3-b1c9-2e026d0b3fc0,http://creativecommons.org/licenses/by/4.0/legalcode
4898865819,61.600827,27.912061,2021,Asterodon ferruginosus,LajiGIS: Species mapping and surveys,687c05e9-96d6-40e3-b1c9-2e026d0b3fc0,http://creativecommons.org/licenses/by/4.0/legalcode
4898865820,61.605245,27.946197,2021,Trichaptum fuscoviolaceum,LajiGIS: Species mapping and surveys,687c05e9-96d6-40e3-b1c9-2e026d0b3fc0,http://creativecommons.org/licenses/by/4.0/legalcode
4898865821,61.605245,27.946197,2021,Fomitopsis pinicola,LajiGIS: Species mapping and surveys,687c05e9-96d6-40e3-b1c9-2e026d0b3fc0,http://creativecommons.org/licenses/by/4.0/legalcode
4898865822,61.605245,27.946197,2021,Butyrea luteoalba,LajiGIS: Species mapping and surveys,687c05e9-96d6-40e3-b1c9-2e026d0b3fc0,http://creativecommons.org/licenses/by/4.0/legalcode
4898865823,61.588024,27.906692,2021,Butyrea luteoalba,LajiGIS: Species mapping and surveys,687c05e9-96d6-40e3-b1c9-2e026d0b3fc0,http://creativecommons.org/licenses/by/4.0/legalcode
4898865824,61.601376,27.913171,2021,Rhodonia placenta,LajiGIS: Species mapping and surveys,687c05e9-96d6-40e3-b1c9-2e026d0b3fc0,http://creativecommons.org/licenses/by/4.0/legalcode
4898865825,61.606262,27.94587,2021,Incrustoporia papyracea,LajiGIS: Species mapping and surveys,687c05e9-96d6-40e3-b1c9-2e026d0b3fc0,http://creativecommons.org/licenses/by/4.0/legalcode
4898865826,61.588508,27.90552,2021,Trichaptum abietinum,LajiGIS: Species mapping and surveys,687c05e9-96d6-40e3-b1c9-2e026d0b3fc0,http://creativecommons.org/licenses/by/4.0/legalcode
4898865827,61.590467,27.91057,2021,Fomitopsis pinicola,LajiGIS: Species mapping and surveys,687c05e9-96d6-40e3-b1c9-2e026d0b3fc0,http://creativecommons.org/licenses/by/4.0/legalcode
4898865828,61.590467,27.91057,2021,Postia tephroleuca,LajiGIS: Species mapping and surveys,687c05e9-96d6-40e3-b1c9-2e026d0b3fc0,http://creativecommons.org/licenses/by/4.0/legalcode
4898865829,61.590467,27.91057,2021,Osteina undosa,LajiGIS: Species mapping and surveys,687c05e9-96d6-40e3-b1c9-2e026d0b3fc0,http://creativecommons.org/licenses/by/4.0/legalcode
4898865830,61.590467,27.91057,2021,Trichaptum abietinum,LajiGIS: Species mapping and surveys,687c05e9-96d6-40e3-b1c9-2e026d0b3fc0,http://creativecommons.org/licenses/by/4.0/legalcode
4898865831,61.590467,27.91057,2021,Fomitopsis pinicola,LajiGIS: Species mapping and surveys,687c05e9-96d6-40e3-b1c9-2e026d0b3fc0,http://creativecommons.org/licenses/by/4.0/legalcode
4898865832,61.605182,27.948796,2021,Fomitopsis pinicola,LajiGIS: Species mapping and surveys,687c05e9-96d6-40e3-b1c9-2e026d0b3fc0,http://creativecommons.org/licenses/by/4.0/legalcode
4898865833,61.605182,27.948796,2021,Fomitopsis pinicola,LajiGIS: Species mapping and surveys,687c05e9-96d6-40e3-b1c9-2e026d0b3fc0,http://creativecommons.org/licenses/by/4.0/legalcode
4898865834,61.590204,27.905663,2021,Fomitopsis pinicola,LajiGIS: Species mapping and surveys,687c05e9-96d6-40e3-b1c9-2e026d0b3fc0,http://creativecommons.org/licenses/by/4.0/legalcode
4898865835,61.590204,27.905663,2021,Pycnoporellus fulgens,LajiGIS: Species mapping and surveys,687c05e9-96d6-40e3-b1c9-2e026d0b3fc0,http://creativecommons.org/licenses/by/4.0/legalcode
4898865836,61.590204,27.905663,2021,Fomitopsis pinicola,LajiGIS: Species mapping and surveys,687c05e9-96d6-40e3-b1c9-2e026d0b3fc0,http://creativecommons.org/licenses/by/4.0/legalcode
4898865837,64.565158,26.52489,2021,Butyrea luteoalba,LajiGIS: Species mapping and surveys,687c05e9-96d6-40e3-b1c9-2e026d0b3fc0,http://creativecommons.org/licenses/by/4.0/legalcode
4898865838,64.569154,26.534107,2021,Antrodia sinuosa,LajiGIS: Species mapping and surveys,687c05e9-96d6-40e3-b1c9-2e026d0b3fc0,http://creativecommons.org/licenses/by/4.0/legalcode
4898871406,60.687407,24.265927,2021,Trechispora hymenocystis,LajiGIS: Species mapping and surveys,687c05e9-96d6-40e3-b1c9-2e026d0b3fc0,http://creativecommons.org/licenses/by/4.0/legalcode
4898871407,60.691746,24.287564,2021,Antrodia sinuosa,LajiGIS: Species mapping and surveys,687c05e9-96d6-40e3-b1c9-2e026d0b3fc0,http://creativecommons.org/licenses/by/4.0/legalcode
4898871408,60.690908,24.287451,2021,Fuscopostia fragilis,LajiGIS: Species mapping and surveys,687c05e9-96d6-40e3-b1c9-2e026d0b3fc0,http://creativecommons.org/licenses/by/4.0/legalcode
4898871409,60.687352,24.264558,2021,Fomitopsis pinicola,LajiGIS: Species mapping and surveys,687c05e9-96d6-40e3-b1c9-2e026d0b3fc0,http://creativecommons.org/licenses/by/4.0/legalcode
4898871410,60.687352,24.264558,2021,Butyrea luteoalba,LajiGIS: Species mapping and surveys,687c05e9-96d6-40e3-b1c9-2e026d0b3fc0,http://creativecommons.org/licenses/by/4.0/legalcode
4898871411,60.687352,24.264558,2021,Leptoporus mollis,LajiGIS: Species mapping and surveys,687c05e9-96d6-40e3-b1c9-2e026d0b3fc0,http://creativecommons.org/licenses/by/4.0/legalcode
4898871412,60.687352,24.264558,2021,Fuscopostia fragilis,LajiGIS: Species mapping and surveys,687c05e9-96d6-40e3-b1c9-2e026d0b3fc0,http://creativecommons.org/licenses/by/4.0/legalcode
4898871413,60.734743,24.043831,2021,Fomitopsis pinicola,LajiGIS: Species mapping and surveys,687c05e9-96d6-40e3-b1c9-2e026d0b3fc0,http://creativecommons.org/licenses/by/4.0/legalcode
4898871414,60.738713,24.044163,2021,Incrustoporia biguttulata,LajiGIS: Species mapping and surveys,687c05e9-96d6-40e3-b1c9-2e026d0b3fc0,http://creativecommons.org/licenses/by/4.0/legalcode
4898871415,60.738867,24.073713,2021,Fomitopsis pinicola,LajiGIS: Species mapping and surveys,687c05e9-96d6-40e3-b1c9-2e026d0b3fc0,http://creativecommons.org/licenses/by/4.0/legalcode
4898871416,60.738867,24.073713,2021,Fomitopsis pinicola,LajiGIS: Species mapping and surveys,687c05e9-96d6-40e3-b1c9-2e026d0b3fc0,http://creativecommons.org/licenses/by/4.0/legalcode
4898871417,60.738403,24.045164,2021,Antrodia sinuosa,LajiGIS: Species mapping and surveys,687c05e9-96d6-40e3-b1c9-2e026d0b3fc0,http://creativecommons.org/licenses/by/4.0/legalcode
4898871418,60.351281,25.222497,2021,Neoantrodia serialis,LajiGIS: Species mapping and surveys,687c05e9-96d6-40e3-b1c9-2e026d0b3fc0,http://creativecommons.org/licenses/by/4.0/legalcode
4898871419,60.351281,25.222497,2021,Postia tephroleuca,LajiGIS: Species mapping and surveys,687c05e9-96d6-40e3-b1c9-2e026d0b3fc0,http://creativecommons.org/licenses/by/4.0/legalcode
4898871420,60.351281,25.222497,2021,Trichaptum abietinum,LajiGIS: Species mapping and surveys,687c05e9-96d6-40e3-b1c9-2e026d0b3fc0,http://creativecommons.org/licenses/by/4.0/legalcode
4898871421,60.351281,25.222497,2021,Fomitopsis pinicola,LajiGIS: Species mapping and surveys,687c05e9-96d6-40e3-b1c9-2e026d0b3fc0,http://creativecommons.org/licenses/by/4.0/legalcode
4898871422,60.351059,25.221367,2021,Fomitopsis pinicola,LajiGIS: Species mapping and surveys,687c05e9-96d6-40e3-b1c9-2e026d0b3fc0,http://creativecommons.org/licenses/by/4.0/legalcode
4898871423,60.349913,25.218294,2021,Trechispora hymenocystis,LajiGIS: Species mapping and surveys,687c05e9-96d6-40e3-b1c9-2e026d0b3fc0,http://creativecommons.org/licenses/by/4.0/legalcode
4898871424,60.349913,25.218294,2021,Fuscopostia fragilis,LajiGIS: Species mapping and surveys,687c05e9-96d6-40e3-b1c9-2e026d0b3fc0,http://creativecommons.org/licenses/by/4.0/legalcode
4898871425,60.349913,25.218294,2021,Fomitopsis pinicola,LajiGIS: Species mapping and surveys,687c05e9-96d6-40e3-b1c9-2e026d0b3fc0,http://creativecommons.org/licenses/by/4.0/legalcode
4898871426,60.349913,25.218294,2021,Fomitopsis pinicola,LajiGIS: Species mapping and surveys,687c05e9-96d6-40e3-b1c9-2e026d0b3fc0,http://creativecommons.org/licenses/by/4.0/legalcode
4898871427,60.349913,25.218294,2021,Fomitopsis pinicola,LajiGIS: Species mapping and surveys,687c05e9-96d6-40e3-b1c9-2e026d0b3fc0,http://creativecommons.org/licenses/by/4.0/legalcode
4898871428,60.349913,25.218294,2021,Fomitopsis pinicola,LajiGIS: Species mapping and surveys,687c05e9-96d6-40e3-b1c9-2e026d0b3fc0,http://creativecommons.org/licenses/by/4.0/legalcode
4898871429,60.349913,25.218294,2021,Fomitopsis pinicola,LajiGIS: Species mapping and surveys,687c05e9-96d6-40e3-b1c9-2e026d0b3fc0,http://creativecommons.org/licenses/by/4.0/legalcode
4898871430,60.349913,25.218294,2021,Fomitopsis pinicola,LajiGIS: Species mapping and surveys,687c05e9-96d6-40e3-b1c9-2e026d0b3fc0,http://creativecommons.org/licenses/by/4.0/legalcode
4898871431,60.349913,25.218294,2021,Antrodia sinuosa,LajiGIS: Species mapping and surveys,687c05e9-96d6-40e3-b1c9-2e026d0b3fc0,http://creativecommons.org/licenses/by/4.0/legalcode
4898871432,60.349913,25.218294,2021,Fomitopsis pinicola,LajiGIS: Species mapping and surveys,687c05e9-96d6-40e3-b1c9-2e026d0b3fc0,http://creativecommons.org/licenses/by/4.0/legalcode
4898871433,60.349913,25.218294,2021,Heterobasidion parviporum,LajiGIS: Species mapping and surveys,687c05e9-96d6-40e3-b1c9-2e026d0b3fc0,http://creativecommons.org/licenses/by/4.0/legalcode
4898871434,60.349986,25.219649,2021,Fomitopsis pinicola,LajiGIS: Species mapping and surveys,687c05e9-96d6-40e3-b1c9-2e026d0b3fc0,http://creativecommons.org/licenses/by/4.0/legalcode
4898871435,60.349986,25.219649,2021,Fomitopsis pinicola,LajiGIS: Species mapping and surveys,687c05e9-96d6-40e3-b1c9-2e026d0b3fc0,http://creativecommons.org/licenses/by/4.0/legalcode
4898871436,60.349986,25.219649,2021,Neoantrodia serialis,LajiGIS: Species mapping and surveys,687c05e9-96d6-40e3-b1c9-2e026d0b3fc0,http://creativecommons.org/licenses/by/4.0/legalcode
4898871437,60.349986,25.219649,2021,Osteina undosa,LajiGIS: Species mapping and surveys,687c05e9-96d6-40e3-b1c9-2e026d0b3fc0,http://creativecommons.org/licenses/by/4.0/legalcode
4898871438,60.349986,25.219649,2021,Osteina undosa,LajiGIS: Species mapping and surveys,687c05e9-96d6-40e3-b1c9-2e026d0b3fc0,http://creativecommons.org/licenses/by/4.0/legalcode
4898871439,60.349986,25.219649,2021,Fomitopsis pinicola,LajiGIS: Species mapping and surveys,687c05e9-96d6-40e3-b1c9-2e026d0b3fc0,http://creativecommons.org/licenses/by/4.0/legalcode
4898871440,60.349986,25.219649,2021,Antrodia sinuosa,LajiGIS: Species mapping and surveys,687c05e9-96d6-40e3-b1c9-2e026d0b3fc0,http://creativecommons.org/licenses/by/4.0/legalcode
4898871441,60.349986,25.219649,2021,Antrodia sinuosa,LajiGIS: Species mapping and surveys,687c05e9-96d6-40e3-b1c9-2e026d0b3fc0,http://creativecommons.org/licenses/by/4.0/legalcode
4898871442,60.356172,25.183672,2021,Postia tephroleuca,LajiGIS: Species mapping and surveys,687c05e9-96d6-40e3-b1c9-2e026d0b3fc0,http://creativecommons.org/licenses/by/4.0/legalcode
4898871443,60.356172,25.183672,2021,Fuscopostia fragilis,LajiGIS: Species mapping and surveys,687c05e9-96d6-40e3-b1c9-2e026d0b3fc0,http://creativecommons.org/licenses/by/4.0/legalcode
4898871444,60.356172,25.183672,2021,Cyanosporus caesius,LajiGIS: Species mapping and surveys,687c05e9-96d6-40e3-b1c9-2e026d0b3fc0,http://creativecommons.org/licenses/by/4.0/legalcode
4898871445,60.356172,25.183672,2021,Fomitopsis pinicola,LajiGIS: Species mapping and surveys,687c05e9-96d6-40e3-b1c9-2e026d0b3fc0,http://creativecommons.org/licenses/by/4.0/legalcode
4898871446,62.455346,28.763216,2021,Butyrea luteoalba,LajiGIS: Species mapping and surveys,687c05e9-96d6-40e3-b1c9-2e026d0b3fc0,http://creativecommons.org/licenses/by/4.0/legalcode
4898871447,62.437969,28.828363,2021,Fuscopostia fragilis,LajiGIS: Species mapping and surveys,687c05e9-96d6-40e3-b1c9-2e026d0b3fc0,http://creativecommons.org/licenses/by/4.0/legalcode
4898871448,62.437969,28.828363,2021,Butyrea luteoalba,LajiGIS: Species mapping and surveys,687c05e9-96d6-40e3-b1c9-2e026d0b3fc0,http://creativecommons.org/licenses/by/4.0/legalcode
4898871449,62.437969,28.828363,2021,Incrustoporia biguttulata,LajiGIS: Species mapping and surveys,687c05e9-96d6-40e3-b1c9-2e026d0b3fc0,http://creativecommons.org/licenses/by/4.0/legalcode
4898871450,62.437969,28.828363,2021,Pseudomerulius aureus,LajiGIS: Species mapping and surveys,687c05e9-96d6-40e3-b1c9-2e026d0b3fc0,http://creativecommons.org/licenses/by/4.0/legalcode
4898871451,62.437969,28.828363,2021,Butyrea luteoalba,LajiGIS: Species mapping and surveys,687c05e9-96d6-40e3-b1c9-2e026d0b3fc0,http://creativecommons.org/licenses/by/4.0/legalcode
4898871452,62.404037,28.829138,2021,Sarcoporia polyspora,LajiGIS: Species mapping and surveys,687c05e9-96d6-40e3-b1c9-2e026d0b3fc0,http://creativecommons.org/licenses/by/4.0/legalcode
4898871466,61.600827,27.912061,2021,Butyrea luteoalba,LajiGIS: Species mapping and surveys,687c05e9-96d6-40e3-b1c9-2e026d0b3fc0,http://creativecommons.org/licenses/by/4.0/legalcode
4898871467,61.600827,27.912061,2021,Leptoporus mollis,LajiGIS: Species mapping and surveys,687c05e9-96d6-40e3-b1c9-2e026d0b3fc0,http://creativecommons.org/licenses/by/4.0/legalcode
4898871468,61.600827,27.912061,2021,Butyrea luteoalba,LajiGIS: Species mapping and surveys,687c05e9-96d6-40e3-b1c9-2e026d0b3fc0,http://creativecommons.org/licenses/by/4.0/legalcode
4898871469,61.600827,27.912061,2021,Trichaptum abietinum,LajiGIS: Species mapping and surveys,687c05e9-96d6-40e3-b1c9-2e026d0b3fc0,http://creativecommons.org/licenses/by/4.0/legalcode
4898871470,61.605245,27.946197,2021,Butyrea luteoalba,LajiGIS: Species mapping and surveys,687c05e9-96d6-40e3-b1c9-2e026d0b3fc0,http://creativecommons.org/licenses/by/4.0/legalcode
4898871471,61.601376,27.913171,2021,Antrodia sinuosa,LajiGIS: Species mapping and surveys,687c05e9-96d6-40e3-b1c9-2e026d0b3fc0,http://creativecommons.org/licenses/by/4.0/legalcode
4898871472,61.601376,27.913171,2021,Fomitopsis pinicola,LajiGIS: Species mapping and surveys,687c05e9-96d6-40e3-b1c9-2e026d0b3fc0,http://creativecommons.org/licenses/by/4.0/legalcode
4898871473,61.606262,27.94587,2021,Fuscopostia fragilis,LajiGIS: Species mapping and surveys,687c05e9-96d6-40e3-b1c9-2e026d0b3fc0,http://creativecommons.org/licenses/by/4.0/legalcode
4898871474,61.592121,27.911636,2021,Neoantrodia serialis,LajiGIS: Species mapping and surveys,687c05e9-96d6-40e3-b1c9-2e026d0b3fc0,http://creativecommons.org/licenses/by/4.0/legalcode
4898871475,61.590467,27.91057,2021,Antrodia sinuosa,LajiGIS: Species mapping and surveys,687c05e9-96d6-40e3-b1c9-2e026d0b3fc0,http://creativecommons.org/licenses/by/4.0/legalcode
4898871476,61.590467,27.91057,2021,Postia tephroleuca,LajiGIS: Species mapping and surveys,687c05e9-96d6-40e3-b1c9-2e026d0b3fc0,http://creativecommons.org/licenses/by/4.0/legalcode
4898871477,61.590467,27.91057,2021,Fuscopostia fragilis,LajiGIS: Species mapping and surveys,687c05e9-96d6-40e3-b1c9-2e026d0b3fc0,http://creativecommons.org/licenses/by/4.0/legalcode
4898871478,61.590467,27.91057,2021,Neoantrodia serialis,LajiGIS: Species mapping and surveys,687c05e9-96d6-40e3-b1c9-2e026d0b3fc0,http://creativecommons.org/licenses/by/4.0/legalcode
4898871479,61.605182,27.948796,2021,Trichaptum abietinum,LajiGIS: Species mapping and surveys,687c05e9-96d6-40e3-b1c9-2e026d0b3fc0,http://creativecommons.org/licenses/by/4.0/legalcode
4898871480,61.590204,27.905663,2021,Neoantrodia serialis,LajiGIS: Species mapping and surveys,687c05e9-96d6-40e3-b1c9-2e026d0b3fc0,http://creativecommons.org/licenses/by/4.0/legalcode
4898871481,61.590204,27.905663,2021,Trichaptum abietinum,LajiGIS: Species mapping and surveys,687c05e9-96d6-40e3-b1c9-2e026d0b3fc0,http://creativecommons.org/licenses/by/4.0/legalcode
4898871482,64.569518,26.533016,2021,Trichaptum fuscoviolaceum,LajiGIS: Species mapping and surveys,687c05e9-96d6-40e3-b1c9-2e026d0b3fc0,http://creativecommons.org/licenses/by/4.0/legalcode
4898871483,64.569154,26.534107,2021,Fomitopsis pinicola,LajiGIS: Species mapping and surveys,687c05e9-96d6-40e3-b1c9-2e026d0b3fc0,http://creativecommons.org/licenses/by/4.0/legalcode
4898884977,66.054815,28.851345,2021,,LajiGIS: Species mapping and surveys,687c05e9-96d6-40e3-b1c9-2e026d0b3fc0,http://creativecommons.org/licenses/by/4.0/legalcode
4898884978,66.054944,28.851111,2021,Rhodocollybia prolixa,LajiGIS: Species mapping and surveys,687c05e9-96d6-40e3-b1c9-2e026d0b3fc0,http://creativecommons.org/licenses/by/4.0/legalcode
4898884979,66.05496,28.849036,2021,,LajiGIS: Species mapping and surveys,687c05e9-96d6-40e3-b1c9-2e026d0b3fc0,http://creativecommons.org/licenses/by/4.0/legalcode
4898884980,66.055546,28.848018,2021,Hygrophorus hypothejus,LajiGIS: Species mapping and surveys,687c05e9-96d6-40e3-b1c9-2e026d0b3fc0,http://creativecommons.org/licenses/by/4.0/legalcode
4898884981,66.055712,28.847655,2021,Tricholoma arvernense,LajiGIS: Species mapping and surveys,687c05e9-96d6-40e3-b1c9-2e026d0b3fc0,http://creativecommons.org/licenses/by/4.0/legalcode
4898884982,66.055968,28.845818,2021,,LajiGIS: Species mapping and surveys,687c05e9-96d6-40e3-b1c9-2e026d0b3fc0,http://creativecommons.org/licenses/by/4.0/legalcode
4898884983,66.05515,28.848166,2021,Fayodia bisphaerigera,LajiGIS: Species mapping and surveys,687c05e9-96d6-40e3-b1c9-2e026d0b3fc0,http://creativecommons.org/licenses/by/4.0/legalcode
4898884984,66.054674,28.848927,2021,Hebeloma submelinoides,LajiGIS: Species mapping and surveys,687c05e9-96d6-40e3-b1c9-2e026d0b3fc0,http://creativecommons.org/licenses/by/4.0/legalcode
4898885009,66.041389,28.820522,2021,Leucocybe candicans,LajiGIS: Species mapping and surveys,687c05e9-96d6-40e3-b1c9-2e026d0b3fc0,http://creativecommons.org/licenses/by/4.0/legalcode
4898885010,66.041479,28.823531,2021,,LajiGIS: Species mapping and surveys,687c05e9-96d6-40e3-b1c9-2e026d0b3fc0,http://creativecommons.org/licenses/by/4.0/legalcode
4898885011,66.041435,28.827214,2021,Lactarius scrobiculatus,LajiGIS: Species mapping and surveys,687c05e9-96d6-40e3-b1c9-2e026d0b3fc0,http://creativecommons.org/licenses/by/4.0/legalcode
4898885012,66.041713,28.827212,2021,Lactarius scrobiculatus,LajiGIS: Species mapping and surveys,687c05e9-96d6-40e3-b1c9-2e026d0b3fc0,http://creativecommons.org/licenses/by/4.0/legalcode
4898885013,66.041946,28.828818,2021,Mycena epipterygia,LajiGIS: Species mapping and surveys,687c05e9-96d6-40e3-b1c9-2e026d0b3fc0,http://creativecommons.org/licenses/by/4.0/legalcode
4898885014,66.041931,28.829281,2021,Psathyrella jacobssonii,LajiGIS: Species mapping and surveys,687c05e9-96d6-40e3-b1c9-2e026d0b3fc0,http://creativecommons.org/licenses/by/4.0/legalcode
4898885015,66.041894,28.827843,2021,Cantharellula umbonata,LajiGIS: Species mapping and surveys,687c05e9-96d6-40e3-b1c9-2e026d0b3fc0,http://creativecommons.org/licenses/by/4.0/legalcode
4898885016,66.041822,28.83243,2021,Mycena rosella,LajiGIS: Species mapping and surveys,687c05e9-96d6-40e3-b1c9-2e026d0b3fc0,http://creativecommons.org/licenses/by/4.0/legalcode
4898885017,66.041265,28.83175,2021,Gamundia striatula,LajiGIS: Species mapping and surveys,687c05e9-96d6-40e3-b1c9-2e026d0b3fc0,http://creativecommons.org/licenses/by/4.0/legalcode
4898885018,66.041275,28.826298,2021,Lactarius scrobiculatus,LajiGIS: Species mapping and surveys,687c05e9-96d6-40e3-b1c9-2e026d0b3fc0,http://creativecommons.org/licenses/by/4.0/legalcode
4898885019,66.040973,28.828351,2021,Calonarius odorifer,LajiGIS: Species mapping and surveys,687c05e9-96d6-40e3-b1c9-2e026d0b3fc0,http://creativecommons.org/licenses/by/4.0/legalcode
4898885020,66.04096,28.828703,2021,Calonarius odorifer,LajiGIS: Species mapping and surveys,687c05e9-96d6-40e3-b1c9-2e026d0b3fc0,http://creativecommons.org/licenses/by/4.0/legalcode
4898885021,66.040882,28.829934,2021,Lactarius scrobiculatus,LajiGIS: Species mapping and surveys,687c05e9-96d6-40e3-b1c9-2e026d0b3fc0,http://creativecommons.org/licenses/by/4.0/legalcode
4898885022,66.040936,28.829938,2021,Lactarius scrobiculatus,LajiGIS: Species mapping and surveys,687c05e9-96d6-40e3-b1c9-2e026d0b3fc0,http://creativecommons.org/licenses/by/4.0/legalcode
4898885060,66.184074,29.641646,2021,Mycena galericulata,LajiGIS: Species mapping and surveys,687c05e9-96d6-40e3-b1c9-2e026d0b3fc0,http://creativecommons.org/licenses/by/4.0/legalcode
4898885061,66.184037,29.640132,2021,Cortinarius armillatus,LajiGIS: Species mapping and surveys,687c05e9-96d6-40e3-b1c9-2e026d0b3fc0,http://creativecommons.org/licenses/by/4.0/legalcode
4898885062,66.183902,29.637519,2021,,LajiGIS: Species mapping and surveys,687c05e9-96d6-40e3-b1c9-2e026d0b3fc0,http://creativecommons.org/licenses/by/4.0/legalcode
4898885063,66.185617,29.641207,2021,Xeromphalina fraxinophila,LajiGIS: Species mapping and surveys,687c05e9-96d6-40e3-b1c9-2e026d0b3fc0,http://creativecommons.org/licenses/by/4.0/legalcode
4898885064,66.185813,29.641805,2021,Cortinarius anomalus,LajiGIS: Species mapping and surveys,687c05e9-96d6-40e3-b1c9-2e026d0b3fc0,http://creativecommons.org/licenses/by/4.0/legalcode
4898885065,66.185888,29.642124,2021,Hygrophorus piceae,LajiGIS: Species mapping and surveys,687c05e9-96d6-40e3-b1c9-2e026d0b3fc0,http://creativecommons.org/licenses/by/4.0/legalcode
4898885066,66.186647,29.647645,2021,Russula atrorubens,LajiGIS: Species mapping and surveys,687c05e9-96d6-40e3-b1c9-2e026d0b3fc0,http://creativecommons.org/licenses/by/4.0/legalcode
4898885067,66.18651,29.649896,2021,Russula olivobrunnea,LajiGIS: Species mapping and surveys,687c05e9-96d6-40e3-b1c9-2e026d0b3fc0,http://creativecommons.org/licenses/by/4.0/legalcode
4898885068,66.186834,29.650374,2021,Lactarius scrobiculatus,LajiGIS: Species mapping and surveys,687c05e9-96d6-40e3-b1c9-2e026d0b3fc0,http://creativecommons.org/licenses/by/4.0/legalcode
4898885069,66.186541,29.653298,2021,Cortinarius croceus,LajiGIS: Species mapping and surveys,687c05e9-96d6-40e3-b1c9-2e026d0b3fc0,http://creativecommons.org/licenses/by/4.0/legalcode
4898885070,66.185569,29.650819,2021,,LajiGIS: Species mapping and surveys,687c05e9-96d6-40e3-b1c9-2e026d0b3fc0,http://creativecommons.org/licenses/by/4.0/legalcode
4898885071,66.185879,29.650563,2021,Gymnopus dryophilus,LajiGIS: Species mapping and surveys,687c05e9-96d6-40e3-b1c9-2e026d0b3fc0,http://creativecommons.org/licenses/by/4.0/legalcode
4898885072,66.188126,29.647244,2021,,LajiGIS: Species mapping and surveys,687c05e9-96d6-40e3-b1c9-2e026d0b3fc0,http://creativecommons.org/licenses/by/4.0/legalcode
4898885073,66.187816,29.653298,2021,Russula nauseosa,LajiGIS: Species mapping and surveys,687c05e9-96d6-40e3-b1c9-2e026d0b3fc0,http://creativecommons.org/licenses/by/4.0/legalcode
4898885074,66.187475,29.651174,2021,Melanoleuca cognata,LajiGIS: Species mapping and surveys,687c05e9-96d6-40e3-b1c9-2e026d0b3fc0,http://creativecommons.org/licenses/by/4.0/legalcode
4898885075,66.187326,29.654135,2021,Lactarius scrobiculatus,LajiGIS: Species mapping and surveys,687c05e9-96d6-40e3-b1c9-2e026d0b3fc0,http://creativecommons.org/licenses/by/4.0/legalcode
4898885076,66.194712,29.690171,2021,Galerina badipes,LajiGIS: Species mapping and surveys,687c05e9-96d6-40e3-b1c9-2e026d0b3fc0,http://creativecommons.org/licenses/by/4.0/legalcode
4898885078,66.194499,29.689993,2021,,LajiGIS: Species mapping and surveys,687c05e9-96d6-40e3-b1c9-2e026d0b3fc0,http://creativecommons.org/licenses/by/4.0/legalcode
4898885079,66.194537,29.690442,2021,,LajiGIS: Species mapping and surveys,687c05e9-96d6-40e3-b1c9-2e026d0b3fc0,http://creativecommons.org/licenses/by/4.0/legalcode
4898885080,66.194536,29.690486,2021,Cortinarius duracinus,LajiGIS: Species mapping and surveys,687c05e9-96d6-40e3-b1c9-2e026d0b3fc0,http://creativecommons.org/licenses/by/4.0/legalcode
4898885081,66.194453,29.69061,2021,Inocybe fuscescentipes,LajiGIS: Species mapping and surveys,687c05e9-96d6-40e3-b1c9-2e026d0b3fc0,http://creativecommons.org/licenses/by/4.0/legalcode
4898885082,66.194187,29.690404,2021,Inocybe leptocystis,LajiGIS: Species mapping and surveys,687c05e9-96d6-40e3-b1c9-2e026d0b3fc0,http://creativecommons.org/licenses/by/4.0/legalcode
4898885083,66.194134,29.690332,2021,Galerina atkinsoniana,LajiGIS: Species mapping and surveys,687c05e9-96d6-40e3-b1c9-2e026d0b3fc0,http://creativecommons.org/licenses/by/4.0/legalcode
4898885084,66.194146,29.6912,2021,Russula gracillima,LajiGIS: Species mapping and surveys,687c05e9-96d6-40e3-b1c9-2e026d0b3fc0,http://creativecommons.org/licenses/by/4.0/legalcode
4898885085,66.193653,29.693769,2021,Lactarius scrobiculatus,LajiGIS: Species mapping and surveys,687c05e9-96d6-40e3-b1c9-2e026d0b3fc0,http://creativecommons.org/licenses/by/4.0/legalcode
4898885086,66.193536,29.693779,2021,Lactarius leonis,LajiGIS: Species mapping and surveys,687c05e9-96d6-40e3-b1c9-2e026d0b3fc0,http://creativecommons.org/licenses/by/4.0/legalcode
4898885087,66.193507,29.693909,2021,Lactarius scrobiculatus,LajiGIS: Species mapping and surveys,687c05e9-96d6-40e3-b1c9-2e026d0b3fc0,http://creativecommons.org/licenses/by/4.0/legalcode
4898885088,66.193936,29.693999,2021,Cortinarius casimirii,LajiGIS: Species mapping and surveys,687c05e9-96d6-40e3-b1c9-2e026d0b3fc0,http://creativecommons.org/licenses/by/4.0/legalcode
4898885089,66.19362,29.695121,2021,Lactarius leonis,LajiGIS: Species mapping and surveys,687c05e9-96d6-40e3-b1c9-2e026d0b3fc0,http://creativecommons.org/licenses/by/4.0/legalcode
4898885090,66.193036,29.698791,2021,Russula aquosa,LajiGIS: Species mapping and surveys,687c05e9-96d6-40e3-b1c9-2e026d0b3fc0,http://creativecommons.org/licenses/by/4.0/legalcode
4898885091,66.194092,29.687084,2021,,LajiGIS: Species mapping and surveys,687c05e9-96d6-40e3-b1c9-2e026d0b3fc0,http://creativecommons.org/licenses/by/4.0/legalcode
4898885092,66.193892,29.687262,2021,,LajiGIS: Species mapping and surveys,687c05e9-96d6-40e3-b1c9-2e026d0b3fc0,http://creativecommons.org/licenses/by/4.0/legalcode
4898885093,66.193906,29.687508,2021,Helvella elastica,LajiGIS: Species mapping and surveys,687c05e9-96d6-40e3-b1c9-2e026d0b3fc0,http://creativecommons.org/licenses/by/4.0/legalcode
4898885094,66.193856,29.688303,2021,Russula aurantioflammans,LajiGIS: Species mapping and surveys,687c05e9-96d6-40e3-b1c9-2e026d0b3fc0,http://creativecommons.org/licenses/by/4.0/legalcode
4898885095,66.192921,29.688914,2021,Russula aeruginea,LajiGIS: Species mapping and surveys,687c05e9-96d6-40e3-b1c9-2e026d0b3fc0,http://creativecommons.org/licenses/by/4.0/legalcode
4898885096,66.192887,29.686733,2021,Infundibulicybe gigas,LajiGIS: Species mapping and surveys,687c05e9-96d6-40e3-b1c9-2e026d0b3fc0,http://creativecommons.org/licenses/by/4.0/legalcode
4898885097,66.19325,29.692682,2021,Cortinarius anomalus,LajiGIS: Species mapping and surveys,687c05e9-96d6-40e3-b1c9-2e026d0b3fc0,http://creativecommons.org/licenses/by/4.0/legalcode
4898885098,66.19481,29.695403,2021,Leccinum versipelle,LajiGIS: Species mapping and surveys,687c05e9-96d6-40e3-b1c9-2e026d0b3fc0,http://creativecommons.org/licenses/by/4.0/legalcode
4898885099,66.194296,29.692416,2021,Entoloma jubatum,LajiGIS: Species mapping and surveys,687c05e9-96d6-40e3-b1c9-2e026d0b3fc0,http://creativecommons.org/licenses/by/4.0/legalcode
4898885100,66.194498,29.691126,2021,Lactarius scrobiculatus,LajiGIS: Species mapping and surveys,687c05e9-96d6-40e3-b1c9-2e026d0b3fc0,http://creativecommons.org/licenses/by/4.0/legalcode
4898885101,66.193867,29.687637,2021,,LajiGIS: Species mapping and surveys,687c05e9-96d6-40e3-b1c9-2e026d0b3fc0,http://creativecommons.org/licenses/by/4.0/legalcode
4898885102,66.194396,29.691271,2021,Russula fennoscandica,LajiGIS: Species mapping and surveys,687c05e9-96d6-40e3-b1c9-2e026d0b3fc0,http://creativecommons.org/licenses/by/4.0/legalcode
4898885103,66.194407,29.692738,2021,Mycena vulgaris,LajiGIS: Species mapping and surveys,687c05e9-96d6-40e3-b1c9-2e026d0b3fc0,http://creativecommons.org/licenses/by/4.0/legalcode
4898885104,66.194303,29.693527,2021,Mycena filopes,LajiGIS: Species mapping and surveys,687c05e9-96d6-40e3-b1c9-2e026d0b3fc0,http://creativecommons.org/licenses/by/4.0/legalcode
4898885105,66.193431,29.693101,2021,Psilocybe medullosa,LajiGIS: Species mapping and surveys,687c05e9-96d6-40e3-b1c9-2e026d0b3fc0,http://creativecommons.org/licenses/by/4.0/legalcode
4898885106,66.193431,29.693101,2021,,LajiGIS: Species mapping and surveys,687c05e9-96d6-40e3-b1c9-2e026d0b3fc0,http://creativecommons.org/licenses/by/4.0/legalcode
4898885107,66.192858,29.688352,2021,Cortinarius caperatus,LajiGIS: Species mapping and surveys,687c05e9-96d6-40e3-b1c9-2e026d0b3fc0,http://creativecommons.org/licenses/by/4.0/legalcode
4898885108,66.195169,29.696975,2021,Cortinarius parvannulatus,LajiGIS: Species mapping and surveys,687c05e9-96d6-40e3-b1c9-2e026d0b3fc0,http://creativecommons.org/licenses/by/4.0/legalcode
4898885109,66.195084,29.697699,2021,Apioperdon pyriforme,LajiGIS: Species mapping and surveys,687c05e9-96d6-40e3-b1c9-2e026d0b3fc0,http://creativecommons.org/licenses/by/4.0/legalcode
4898885110,66.193542,29.696046,2021,Lactarius scrobiculatus,LajiGIS: Species mapping and surveys,687c05e9-96d6-40e3-b1c9-2e026d0b3fc0,http://creativecommons.org/licenses/by/4.0/legalcode
4898885111,66.127355,29.300675,2021,Lactarius torminosus,LajiGIS: Species mapping and surveys,687c05e9-96d6-40e3-b1c9-2e026d0b3fc0,http://creativecommons.org/licenses/by/4.0/legalcode
4898885112,66.127302,29.300582,2021,Mycena exilis,LajiGIS: Species mapping and surveys,687c05e9-96d6-40e3-b1c9-2e026d0b3fc0,http://creativecommons.org/licenses/by/4.0/legalcode
4898885113,66.127301,29.300072,2021,Russula queletii,LajiGIS: Species mapping and surveys,687c05e9-96d6-40e3-b1c9-2e026d0b3fc0,http://creativecommons.org/licenses/by/4.0/legalcode
4898885114,66.127378,29.299703,2021,Cortinarius balaustinus,LajiGIS: Species mapping and surveys,687c05e9-96d6-40e3-b1c9-2e026d0b3fc0,http://creativecommons.org/licenses/by/4.0/legalcode
4898885115,66.127516,29.298873,2021,Lactarius scrobiculatus,LajiGIS: Species mapping and surveys,687c05e9-96d6-40e3-b1c9-2e026d0b3fc0,http://creativecommons.org/licenses/by/4.0/legalcode
4898885116,66.126579,29.298522,2021,Lactarius scrobiculatus,LajiGIS: Species mapping and surveys,687c05e9-96d6-40e3-b1c9-2e026d0b3fc0,http://creativecommons.org/licenses/by/4.0/legalcode
4898885117,66.126465,29.298911,2021,Lactarius scrobiculatus,LajiGIS: Species mapping and surveys,687c05e9-96d6-40e3-b1c9-2e026d0b3fc0,http://creativecommons.org/licenses/by/4.0/legalcode
4898885118,66.126378,29.299324,2021,Lactarius scrobiculatus,LajiGIS: Species mapping and surveys,687c05e9-96d6-40e3-b1c9-2e026d0b3fc0,http://creativecommons.org/licenses/by/4.0/legalcode
4898885119,66.126807,29.298898,2021,Lactarius scrobiculatus,LajiGIS: Species mapping and surveys,687c05e9-96d6-40e3-b1c9-2e026d0b3fc0,http://creativecommons.org/licenses/by/4.0/legalcode
4898885120,66.126614,29.297374,2021,Cystoderma carcharias,LajiGIS: Species mapping and surveys,687c05e9-96d6-40e3-b1c9-2e026d0b3fc0,http://creativecommons.org/licenses/by/4.0/legalcode
4898885121,66.126026,29.295858,2021,Russula queletii,LajiGIS: Species mapping and surveys,687c05e9-96d6-40e3-b1c9-2e026d0b3fc0,http://creativecommons.org/licenses/by/4.0/legalcode
4898885122,66.125878,29.296133,2021,Entoloma paragaudatum,LajiGIS: Species mapping and surveys,687c05e9-96d6-40e3-b1c9-2e026d0b3fc0,http://creativecommons.org/licenses/by/4.0/legalcode
4898885123,66.125772,29.297253,2021,Entoloma querquedula,LajiGIS: Species mapping and surveys,687c05e9-96d6-40e3-b1c9-2e026d0b3fc0,http://creativecommons.org/licenses/by/4.0/legalcode
4898885124,66.125641,29.296975,2021,Inocybe nitidiuscula,LajiGIS: Species mapping and surveys,687c05e9-96d6-40e3-b1c9-2e026d0b3fc0,http://creativecommons.org/licenses/by/4.0/legalcode
4898885125,66.126007,29.298338,2021,Cortinarius caperatus,LajiGIS: Species mapping and surveys,687c05e9-96d6-40e3-b1c9-2e026d0b3fc0,http://creativecommons.org/licenses/by/4.0/legalcode
4898885137,66.130284,29.316053,2021,Lactarius torminosus,LajiGIS: Species mapping and surveys,687c05e9-96d6-40e3-b1c9-2e026d0b3fc0,http://creativecommons.org/licenses/by/4.0/legalcode
4898885138,66.130312,29.316011,2021,Cortinarius trivialis,LajiGIS: Species mapping and surveys,687c05e9-96d6-40e3-b1c9-2e026d0b3fc0,http://creativecommons.org/licenses/by/4.0/legalcode
4898885139,66.130389,29.316284,2021,Hebeloma leucosarx,LajiGIS: Species mapping and surveys,687c05e9-96d6-40e3-b1c9-2e026d0b3fc0,http://creativecommons.org/licenses/by/4.0/legalcode
4898885140,66.130359,29.316436,2021,Leccinum scabrum,LajiGIS: Species mapping and surveys,687c05e9-96d6-40e3-b1c9-2e026d0b3fc0,http://creativecommons.org/licenses/by/4.0/legalcode
4898885141,66.130312,29.316632,2021,Thaxterogaster talus,LajiGIS: Species mapping and surveys,687c05e9-96d6-40e3-b1c9-2e026d0b3fc0,http://creativecommons.org/licenses/by/4.0/legalcode
4898885142,66.130372,29.316792,2021,Cortinarius mucosus,LajiGIS: Species mapping and surveys,687c05e9-96d6-40e3-b1c9-2e026d0b3fc0,http://creativecommons.org/licenses/by/4.0/legalcode
4898885143,66.130157,29.317947,2021,Lactarius scoticus,LajiGIS: Species mapping and surveys,687c05e9-96d6-40e3-b1c9-2e026d0b3fc0,http://creativecommons.org/licenses/by/4.0/legalcode
4898885144,66.13032,29.319646,2021,,LajiGIS: Species mapping and surveys,687c05e9-96d6-40e3-b1c9-2e026d0b3fc0,http://creativecommons.org/licenses/by/4.0/legalcode
4898885145,66.131758,29.322525,2021,Pluteus ephebeus,LajiGIS: Species mapping and surveys,687c05e9-96d6-40e3-b1c9-2e026d0b3fc0,http://creativecommons.org/licenses/by/4.0/legalcode
4898885146,66.131231,29.318798,2021,Russula intermedia,LajiGIS: Species mapping and surveys,687c05e9-96d6-40e3-b1c9-2e026d0b3fc0,http://creativecommons.org/licenses/by/4.0/legalcode
4898885147,66.130689,29.316023,2021,Lactarius scrobiculatus,LajiGIS: Species mapping and surveys,687c05e9-96d6-40e3-b1c9-2e026d0b3fc0,http://creativecommons.org/licenses/by/4.0/legalcode
4898885148,66.130467,29.316446,2021,Infundibulicybe gigas,LajiGIS: Species mapping and surveys,687c05e9-96d6-40e3-b1c9-2e026d0b3fc0,http://creativecommons.org/licenses/by/4.0/legalcode
4898885149,66.13052,29.316518,2021,Amanita muscaria,LajiGIS: Species mapping and surveys,687c05e9-96d6-40e3-b1c9-2e026d0b3fc0,http://creativecommons.org/licenses/by/4.0/legalcode
4898885150,66.13037,29.315728,2021,Hygrophorus hedrychii,LajiGIS: Species mapping and surveys,687c05e9-96d6-40e3-b1c9-2e026d0b3fc0,http://creativecommons.org/licenses/by/4.0/legalcode
4898885151,66.131931,29.317599,2021,Entoloma querquedula,LajiGIS: Species mapping and surveys,687c05e9-96d6-40e3-b1c9-2e026d0b3fc0,http://creativecommons.org/licenses/by/4.0/legalcode
4898885152,66.130958,29.3172,2021,Inocybe lindrothii,LajiGIS: Species mapping and surveys,687c05e9-96d6-40e3-b1c9-2e026d0b3fc0,http://creativecommons.org/licenses/by/4.0/legalcode
4898885153,66.130759,29.3149,2021,Phlegmacium glaucopus,LajiGIS: Species mapping and surveys,687c05e9-96d6-40e3-b1c9-2e026d0b3fc0,http://creativecommons.org/licenses/by/4.0/legalcode
4898885154,66.13076,29.313061,2021,Russula aeruginea,LajiGIS: Species mapping and surveys,687c05e9-96d6-40e3-b1c9-2e026d0b3fc0,http://creativecommons.org/licenses/by/4.0/legalcode
4898885155,66.130766,29.318667,2021,Hygrophorus hedrychii,LajiGIS: Species mapping and surveys,687c05e9-96d6-40e3-b1c9-2e026d0b3fc0,http://creativecommons.org/licenses/by/4.0/legalcode
4898885192,64.162834,27.884216,2021,Mycena vulgaris,LajiGIS: Species mapping and surveys,687c05e9-96d6-40e3-b1c9-2e026d0b3fc0,http://creativecommons.org/licenses/by/4.0/legalcode
4898885193,64.162743,27.884295,2021,Hebeloma leucosarx,LajiGIS: Species mapping and surveys,687c05e9-96d6-40e3-b1c9-2e026d0b3fc0,http://creativecommons.org/licenses/by/4.0/legalcode
4898885194,64.162869,27.88434,2021,Russula xerampelina,LajiGIS: Species mapping and surveys,687c05e9-96d6-40e3-b1c9-2e026d0b3fc0,http://creativecommons.org/licenses/by/4.0/legalcode
4898885195,64.16244,27.885499,2021,,LajiGIS: Species mapping and surveys,687c05e9-96d6-40e3-b1c9-2e026d0b3fc0,http://creativecommons.org/licenses/by/4.0/legalcode
4898885196,64.161711,27.885867,2021,Russula laccata,LajiGIS: Species mapping and surveys,687c05e9-96d6-40e3-b1c9-2e026d0b3fc0,http://creativecommons.org/licenses/by/4.0/legalcode
4898885197,64.161993,27.886616,2021,Rhodocollybia asema,LajiGIS: Species mapping and surveys,687c05e9-96d6-40e3-b1c9-2e026d0b3fc0,http://creativecommons.org/licenses/by/4.0/legalcode
4898885198,64.161778,27.886588,2021,Tricholoma fulvum,LajiGIS: Species mapping and surveys,687c05e9-96d6-40e3-b1c9-2e026d0b3fc0,http://creativecommons.org/licenses/by/4.0/legalcode
4898885199,64.162021,27.888036,2021,Tricholoma stiparophyllum,LajiGIS: Species mapping and surveys,687c05e9-96d6-40e3-b1c9-2e026d0b3fc0,http://creativecommons.org/licenses/by/4.0/legalcode
4898885200,64.16226,27.887056,2021,Tricholoma argyraceum,LajiGIS: Species mapping and surveys,687c05e9-96d6-40e3-b1c9-2e026d0b3fc0,http://creativecommons.org/licenses/by/4.0/legalcode
4898885201,64.162325,27.88675,2021,Phlegmacium glaucopus,LajiGIS: Species mapping and surveys,687c05e9-96d6-40e3-b1c9-2e026d0b3fc0,http://creativecommons.org/licenses/by/4.0/legalcode
4898885202,64.161821,27.887022,2021,Entoloma politum,LajiGIS: Species mapping and surveys,687c05e9-96d6-40e3-b1c9-2e026d0b3fc0,http://creativecommons.org/licenses/by/4.0/legalcode
4898885203,64.162262,27.883766,2021,Cortinarius francescae,LajiGIS: Species mapping and surveys,687c05e9-96d6-40e3-b1c9-2e026d0b3fc0,http://creativecommons.org/licenses/by/4.0/legalcode
4898885204,64.161874,27.884165,2021,Paxillus involutus,LajiGIS: Species mapping and surveys,687c05e9-96d6-40e3-b1c9-2e026d0b3fc0,http://creativecommons.org/licenses/by/4.0/legalcode
5759601164,65.059868,25.461947,2025,Connopus acervatus,iNaturalist research-grade observations,50c9509d-22c7-4a22-a47d-8c48425ef4a7,http://creativecommons.org/licenses/by-nc/4.0/legalcode
5759603470,65.062514,25.4631,2025,Auriscalpium vulgare,iNaturalist research-grade observations,50c9509d-22c7-4a22-a47d-8c48425ef4a7,http://creativecommons.org/licenses/by-nc/4.0/legalcode
5759611837,60.206253,24.954937,2025,Macrolepiota procera,iNaturalist research-grade observations,50c9509d-22c7-4a22-a47d-8c48425ef4a7,http://creativecommons.org/licenses/by-nc/4.0/legalcode
5759619866,60.183752,24.821795,2025,Coprinellus disseminatus,iNaturalist research-grade observations,50c9509d-22c7-4a22-a47d-8c48425ef4a7,http://creativecommons.org/licenses/by-nc/4.0/legalcode
5759621721,59.951986,21.762707,2025,Amanita muscaria,iNaturalist research-grade observations,50c9509d-22c7-4a22-a47d-8c48425ef4a7,http://creativecommons.org/licenses/by-nc/4.0/legalcode
5759702045,61.554268,21.579385,2025,Suillus bovinus,iNaturalist research-grade observations,50c9509d-22c7-4a22-a47d-8c48425ef4a7,http://creativecommons.org/licenses/by-nc/4.0/legalcode
5759702180,65.065047,25.456438,2025,Lactarius rufus,iNaturalist research-grade observations,50c9509d-22c7-4a22-a47d-8c48425ef4a7,http://creativecommons.org/licenses/by-nc/4.0/legalcode
5759708008,60.290225,24.762057,2025,Amanita muscaria,iNaturalist research-grade observations,50c9509d-22c7-4a22-a47d-8c48425ef4a7,http://creativecommons.org/licenses/by-nc/4.0/legalcode
5759727447,61.7131,24.929293,2025,Calocera viscosa,iNaturalist research-grade observations,50c9509d-22c7-4a22-a47d-8c48425ef4a7,http://creativecommons.org/licenses/by-nc/4.0/legalcode
5759732689,59.956537,21.772404,2025,Tylopilus felleus,iNaturalist research-grade observations,50c9509d-22c7-4a22-a47d-8c48425ef4a7,http://creativecommons.org/licenses/by-nc/4.0/legalcode
5759806767,60.589405,24.620358,2025,Amanita rubescens,iNaturalist research-grade observations,50c9509d-22c7-4a22-a47d-8c48425ef4a7,http://creativecommons.org/licenses/by-nc/4.0/legalcode
5759808292,63.137655,27.166224,2025,Amanita muscaria,iNaturalist research-grade observations,50c9509d-22c7-4a22-a47d-8c48425ef4a7,http://creativecommons.org/licenses/by-nc/4.0/legalcode
5759811951,65.064669,25.462709,2025,Coprinus comatus,iNaturalist research-grade observations,50c9509d-22c7-4a22-a47d-8c48425ef4a7,http://creativecommons.org/licenses/by-nc/4.0/legalcode
5759824819,59.963517,21.769485,2025,Usnea hirta,iNaturalist research-grade observations,50c9509d-22c7-4a22-a47d-8c48425ef4a7,http://creativecommons.org/licenses/by-nc/4.0/legalcode
5759888352,65.057836,25.460339,2025,Hygrophoropsis aurantiaca,iNaturalist research-grade observations,50c9509d-22c7-4a22-a47d-8c48425ef4a7,http://creativecommons.org/licenses/by-nc/4.0/legalcode
5759889242,65.065492,25.457663,2025,Suillus variegatus,iNaturalist research-grade observations,50c9509d-22c7-4a22-a47d-8c48425ef4a7,http://creativecommons.org/licenses/by-nc/4.0/legalcode
5759913857,62.507328,29.821867,2025,Paxillus involutus,iNaturalist research-grade observations,50c9509d-22c7-4a22-a47d-8c48425ef4a7,http://creativecommons.org/licenses/by-nc/4.0/legalcode
5759917781,61.592161,21.526655,2025,Hypomyces chrysospermus,iNaturalist research-grade observations,50c9509d-22c7-4a22-a47d-8c48425ef4a7,http://creativecommons.org/licenses/by-nc/4.0/legalcode
5760004989,63.291425,21.771226,2025,Amanita muscaria,iNaturalist research-grade observations,50c9509d-22c7-4a22-a47d-8c48425ef4a7,http://creativecommons.org/licenses/by-nc/4.0/legalcode
5760017603,65.06163,25.461773,2025,Russula aeruginea,iNaturalist research-grade observations,50c9509d-22c7-4a22-a47d-8c48425ef4a7,http://creativecommons.org/licenses/by-nc/4.0/legalcode
5760036424,60.270527,24.444037,2025,Aspropaxillus giganteus,iNaturalist research-grade observations,50c9509d-22c7-4a22-a47d-8c48425ef4a7,http://creativecommons.org/licenses/by-nc/4.0/legalcode
5760062714,65.064534,25.464007,2025,Coprinus comatus,iNaturalist research-grade observations,50c9509d-22c7-4a22-a47d-8c48425ef4a7,http://creativecommons.org/licenses/by-nc/4.0/legalcode
5760094495,65.123481,25.48705,2025,Cortinarius semisanguineus,iNaturalist research-grade observations,50c9509d-22c7-4a22-a47d-8c48425ef4a7,http://creativecommons.org/licenses/by-nc/4.0/legalcode
5760125738,59.955529,21.777477,2025,Gymnosporangium cornutum,iNaturalist research-grade observations,50c9509d-22c7-4a22-a47d-8c48425ef4a7,http://creativecommons.org/licenses/by-nc/4.0/legalcode
5760146413,61.554193,21.57969,2025,Porodaedalea pini,iNaturalist research-grade observations,50c9509d-22c7-4a22-a47d-8c48425ef4a7,http://creativecommons.org/licenses/by-nc/4.0/legalcode
5760152309,60.404391,22.467449,2025,Cerioporus squamosus,iNaturalist research-grade observations,50c9509d-22c7-4a22-a47d-8c48425ef4a7,http://creativecommons.org/licenses/by-nc/4.0/legalcode
5760190468,60.188683,24.811428,2025,Amanita muscaria,iNaturalist research-grade observations,50c9509d-22c7-4a22-a47d-8c48425ef4a7,http://creativecommons.org/licenses/by-nc/4.0/legalcode
5760205321,65.0654,25.457737,2025,Cortinarius trivialis,iNaturalist research-grade observations,50c9509d-22c7-4a22-a47d-8c48425ef4a7,http://creativecommons.org/licenses/by-nc/4.0/legalcode
5760215023,62.175519,25.426719,2025,Fomitopsis pinicola,iNaturalist research-grade observations,50c9509d-22c7-4a22-a47d-8c48425ef4a7,http://creativecommons.org/publicdomain/zero/1.0/legalcode
5760216980,62.175519,25.426719,2025,Amanita virosa,iNaturalist research-grade observations,50c9509d-22c7-4a22-a47d-8c48425ef4a7,http://creativecommons.org/publicdomain/zero/1.0/legalcode
5760239849,65.059332,25.460413,2025,Ischnoderma benzoinum,iNaturalist research-grade observations,50c9509d-22c7-4a22-a47d-8c48425ef4a7,http://creativecommons.org/licenses/by-nc/4.0/legalcode
5760241278,59.955983,21.777144,2025,Boletus edulis,iNaturalist research-grade observations,50c9509d-22c7-4a22-a47d-8c48425ef4a7,http://creativecommons.org/licenses/by-nc/4.0/legalcode
5760257426,60.140797,24.201562,2025,Lactarius torminosus,iNaturalist research-grade observations,50c9509d-22c7-4a22-a47d-8c48425ef4a7,http://creativecommons.org/licenses/by-nc/4.0/legalcode
5760294348,60.440619,22.37152,2025,Lactarius turpis,iNaturalist research-grade observations,50c9509d-22c7-4a22-a47d-8c48425ef4a7,http://creativecommons.org/licenses/by-nc/4.0/legalcode
5760294463,65.065171,25.457653,2025,Cortinarius caperatus,iNaturalist research-grade observations,50c9509d-22c7-4a22-a47d-8c48425ef4a7,http://creativecommons.org/licenses/by-nc/4.0/legalcode
5760297385,63.291215,21.77177,2025,Hydnum repandum,iNaturalist research-grade observations,50c9509d-22c7-4a22-a47d-8c48425ef4a7,http://creativecommons.org/licenses/by-nc/4.0/legalcode
5760318968,59.956174,21.757596,2025,Rhytisma acerinum,iNaturalist research-grade observations,50c9509d-22c7-4a22-a47d-8c48425ef4a7,http://creativecommons.org/licenses/by-nc/4.0/legalcode
5760323441,65.056281,25.460929,2025,Paxillus involutus,iNaturalist research-grade observations,50c9509d-22c7-4a22-a47d-8c48425ef4a7,http://creativecommons.org/licenses/by-nc/4.0/legalcode
5760382063,65.059265,25.461506,2025,Cortinarius caperatus,iNaturalist research-grade observations,50c9509d-22c7-4a22-a47d-8c48425ef4a7,http://creativecommons.org/licenses/by-nc/4.0/legalcode
5760398171,60.209919,24.883166,2025,Coprinus comatus,iNaturalist research-grade observations,50c9509d-22c7-4a22-a47d-8c48425ef4a7,http://creativecommons.org/licenses/by-nc/4.0/legalcode
5760400247,61.465616,23.737988,2025,Parmelia sulcata,iNaturalist research-grade observations,50c9509d-22c7-4a22-a47d-8c48425ef4a7,http://creativecommons.org/licenses/by-nc/4.0/legalcode
5760400865,60.141414,24.202558,2025,Cantharellus cibarius,iNaturalist research-grade observations,50c9509d-22c7-4a22-a47d-8c48425ef4a7,http://creativecommons.org/licenses/by-nc/4.0/legalcode
5760427720,59.966842,21.775851,2025,Sawadaea tulasnei,iNaturalist research-grade observations,50c9509d-22c7-4a22-a47d-8c48425ef4a7,http://creativecommons.org/licenses/by-nc/4.0/legalcode
5760428809,65.062488,25.463414,2025,Russula paludosa,iNaturalist research-grade observations,50c9509d-22c7-4a22-a47d-8c48425ef4a7,http://creativecommons.org/licenses/by-nc/4.0/legalcode
5760434524,60.142553,24.202313,2025,Tapinella atrotomentosa,iNaturalist research-grade observations,50c9509d-22c7-4a22-a47d-8c48425ef4a7,http://creativecommons.org/licenses/by-nc/4.0/legalcode
5760449534,62.727915,29.623627,2025,Coltricia perennis,iNaturalist research-grade observations,50c9509d-22c7-4a22-a47d-8c48425ef4a7,http://creativecommons.org/licenses/by-nc/4.0/legalcode
5760449634,60.838795,21.25551,2025,Lactarius deterrimus,iNaturalist research-grade observations,50c9509d-22c7-4a22-a47d-8c48425ef4a7,http://creativecommons.org/licenses/by-nc/4.0/legalcode
5760458981,61.933555,25.981551,2025,Cladonia uncialis,iNaturalist research-grade observations,50c9509d-22c7-4a22-a47d-8c48425ef4a7,http://creativecommons.org/licenses/by-nc/4.0/legalcode
5760477528,62.175519,25.426719,2025,Suillus variegatus,iNaturalist research-grade observations,50c9509d-22c7-4a22-a47d-8c48425ef4a7,http://creativecommons.org/publicdomain/zero/1.0/legalcode
5760488125,60.141953,24.20053,2025,Leotia lubrica,iNaturalist research-grade observations,50c9509d-22c7-4a22-a47d-8c48425ef4a7,http://creativecommons.org/licenses/by-nc/4.0/legalcode
5760488276,60.210678,24.85295,2025,Ganoderma applanatum,iNaturalist research-grade observations,50c9509d-22c7-4a22-a47d-8c48425ef4a7,http://creativecommons.org/licenses/by-nc/4.0/legalcode
5760511091,61.522795,21.756706,2025,Kuehneromyces mutabilis,iNaturalist research-grade observations,50c9509d-22c7-4a22-a47d-8c48425ef4a7,http://creativecommons.org/licenses/by-nc/4.0/legalcode
5760516334,62.734428,29.609545,2025,Mycena rosella,iNaturalist research-grade observations,50c9509d-22c7-4a22-a47d-8c48425ef4a7,http://creativecommons.org/licenses/by-nc/4.0/legalcode
5760533399,62.175519,25.426719,2025,Cortinarius armillatus,iNaturalist research-grade observations,50c9509d-22c7-4a22-a47d-8c48425ef4a7,http://creativecommons.org/publicdomain/zero/1.0/legalcode
5760541585,62.727752,29.623438,2025,Boletus edulis,iNaturalist research-grade observations,50c9509d-22c7-4a22-a47d-8c48425ef4a7,http://creativecommons.org/licenses/by-nc/4.0/legalcode
5760544390,63.426758,22.246047,2025,Amanita regalis,iNaturalist research-grade observations,50c9509d-22c7-4a22-a47d-8c48425ef4a7,http://creativecommons.org/licenses/by-nc/4.0/legalcode
5760554121,60.209863,24.852112,2025,Climacocystis borealis,iNaturalist research-grade observations,50c9509d-22c7-4a22-a47d-8c48425ef4a7,http://creativecommons.org/licenses/by-nc/4.0/legalcode
5760554197,65.058265,25.46109,2025,Hygrophoropsis aurantiaca,iNaturalist research-grade observations,50c9509d-22c7-4a22-a47d-8c48425ef4a7,http://creativecommons.org/licenses/by-nc/4.0/legalcode
5760556907,65.065464,25.458328,2025,Cortinarius armillatus,iNaturalist research-grade observations,50c9509d-22c7-4a22-a47d-8c48425ef4a7,http://creativecommons.org/licenses/by-nc/4.0/legalcode
5760583171,59.954922,21.757192,2025,Erysiphe macleayae,iNaturalist research-grade observations,50c9509d-22c7-4a22-a47d-8c48425ef4a7,http://creativecommons.org/licenses/by-nc/4.0/legalcode
5760585700,61.522795,21.756706,2025,Kuehneromyces mutabilis,iNaturalist research-grade observations,50c9509d-22c7-4a22-a47d-8c48425ef4a7,http://creativecommons.org/licenses/by-nc/4.0/legalcode
5760592759,62.175519,25.426719,2025,Cortinarius caperatus,iNaturalist research-grade observations,50c9509d-22c7-4a22-a47d-8c48425ef4a7,http://creativecommons.org/publicdomain/zero/1.0/legalcode
5760608001,60.636809,24.848848,2025,Phaeolus schweinitzii,iNaturalist research-grade observations,50c9509d-22c7-4a22-a47d-8c48425ef4a7,http://creativecommons.org/licenses/by-nc/4.0/legalcode
5760626403,62.7279,29.62432,2025,Leccinum scabrum,iNaturalist research-grade observations,50c9509d-22c7-4a22-a47d-8c48425ef4a7,http://creativecommons.org/licenses/by-nc/4.0/legalcode
5760626518,65.064544,25.458425,2025,Pluteus leoninus,iNaturalist research-grade observations,50c9509d-22c7-4a22-a47d-8c48425ef4a7,http://creativecommons.org/licenses/by-nc/4.0/legalcode
5760626523,65.058898,25.464156,2025,Russula aeruginea,iNaturalist research-grade observations,50c9509d-22c7-4a22-a47d-8c48425ef4a7,http://creativecommons.org/licenses/by-nc/4.0/legalcode
5760657151,60.223417,25.147097,2025,Aspropaxillus giganteus,iNaturalist research-grade observations,50c9509d-22c7-4a22-a47d-8c48425ef4a7,http://creativecommons.org/licenses/by-nc/4.0/legalcode
5760665911,59.955569,21.777496,2025,Cantharellus cibarius,iNaturalist research-grade observations,50c9509d-22c7-4a22-a47d-8c48425ef4a7,http://creativecommons.org/licenses/by-nc/4.0/legalcode
5760672791,65.065117,25.45792,2025,Lactarius torminosus,iNaturalist research-grade observations,50c9509d-22c7-4a22-a47d-8c48425ef4a7,http://creativecommons.org/licenses/by-nc/4.0/legalcode
5760732028,63.291191,21.771569,2025,Suillus luteus,iNaturalist research-grade observations,50c9509d-22c7-4a22-a47d-8c48425ef4a7,http://creativecommons.org/licenses/by-nc/4.0/legalcode
5760744532,59.966784,21.773667,2025,Titaeosporina tremulae,iNaturalist research-grade observations,50c9509d-22c7-4a22-a47d-8c48425ef4a7,http://creativecommons.org/licenses/by-nc/4.0/legalcode
5760744541,65.064439,25.45822,2025,Mutinus ravenelii,iNaturalist research-grade observations,50c9509d-22c7-4a22-a47d-8c48425ef4a7,http://creativecommons.org/licenses/by-nc/4.0/legalcode
5760747636,65.061595,25.461881,2025,Fomes fomentarius,iNaturalist research-grade observations,50c9509d-22c7-4a22-a47d-8c48425ef4a7,http://creativecommons.org/licenses/by-nc/4.0/legalcode
5760765536,61.520347,23.519657,2025,Russula decolorans,iNaturalist research-grade observations,50c9509d-22c7-4a22-a47d-8c48425ef4a7,http://creativecommons.org/licenses/by-nc/4.0/legalcode
5760765556,62.727752,29.623438,2025,Amanita muscaria,iNaturalist research-grade observations,50c9509d-22c7-4a22-a47d-8c48425ef4a7,http://creativecommons.org/licenses/by-nc/4.0/legalcode
5760792791,65.06385,25.463696,2025,Hygrophoropsis aurantiaca,iNaturalist research-grade observations,50c9509d-22c7-4a22-a47d-8c48425ef4a7,http://creativecommons.org/licenses/by-nc/4.0/legalcode
5760806784,61.522795,21.756706,2025,Ganoderma applanatum,iNaturalist research-grade observations,50c9509d-22c7-4a22-a47d-8c48425ef4a7,http://creativecommons.org/licenses/by-nc/4.0/legalcode
5760811084,65.064428,25.464054,2025,Tylopilus felleus,iNaturalist research-grade observations,50c9509d-22c7-4a22-a47d-8c48425ef4a7,http://creativecommons.org/licenses/by-nc/4.0/legalcode
5760840681,65.061655,25.461928,2025,Lactarius turpis,iNaturalist research-grade observations,50c9509d-22c7-4a22-a47d-8c48425ef4a7,http://creativecommons.org/licenses/by-nc/4.0/legalcode
5760851088,65.058983,25.464123,2025,Collybiopsis confluens,iNaturalist research-grade observations,50c9509d-22c7-4a22-a47d-8c48425ef4a7,http://creativecommons.org/licenses/by-nc/4.0/legalcode
5760883753,60.141525,24.202605,2025,Calocera viscosa,iNaturalist research-grade observations,50c9509d-22c7-4a22-a47d-8c48425ef4a7,http://creativecommons.org/licenses/by-nc/4.0/legalcode
5760887265,60.18906,24.811293,2025,Calocera viscosa,iNaturalist research-grade observations,50c9509d-22c7-4a22-a47d-8c48425ef4a7,http://creativecommons.org/licenses/by-nc/4.0/legalcode
5760898213,61.934137,25.980732,2025,Cetraria islandica,iNaturalist research-grade observations,50c9509d-22c7-4a22-a47d-8c48425ef4a7,http://creativecommons.org/licenses/by-nc/4.0/legalcode
5760899887,65.065011,25.456567,2025,Cortinarius caperatus,iNaturalist research-grade observations,50c9509d-22c7-4a22-a47d-8c48425ef4a7,http://creativecommons.org/licenses/by-nc/4.0/legalcode
5760900138,65.065103,25.457572,2025,Leccinum versipelle,iNaturalist research-grade observations,50c9509d-22c7-4a22-a47d-8c48425ef4a7,http://creativecommons.org/licenses/by-nc/4.0/legalcode
5760929761,65.065606,25.457767,2025,Lactarius torminosus,iNaturalist research-grade observations,50c9509d-22c7-4a22-a47d-8c48425ef4a7,http://creativecommons.org/licenses/by-nc/4.0/legalcode
5760940519,60.202992,24.96282,2025,Rhytisma acerinum,iNaturalist research-grade observations,50c9509d-22c7-4a22-a47d-8c48425ef4a7,http://creativecommons.org/licenses/by-nc/4.0/legalcode
5760947467,60.203167,24.958261,2025,Spinellus fusiger,iNaturalist research-grade observations,50c9509d-22c7-4a22-a47d-8c48425ef4a7,http://creativecommons.org/licenses/by-nc/4.0/legalcode
5760960461,65.065178,25.457675,2025,Cortinarius caperatus,iNaturalist research-grade observations,50c9509d-22c7-4a22-a47d-8c48425ef4a7,http://creativecommons.org/licenses/by-nc/4.0/legalcode
5760965433,65.063686,25.465855,2025,Russula paludosa,iNaturalist research-grade observations,50c9509d-22c7-4a22-a47d-8c48425ef4a7,http://creativecommons.org/licenses/by-nc/4.0/legalcode
5760972984,59.965548,21.771785,2025,Parmeliopsis ambigua,iNaturalist research-grade observations,50c9509d-22c7-4a22-a47d-8c48425ef4a7,http://creativecommons.org/licenses/by-nc/4.0/legalcode
5760972987,59.966418,21.775521,2025,Erysiphe capreae,iNaturalist research-grade observations,50c9509d-22c7-4a22-a47d-8c48425ef4a7,http://creativecommons.org/licenses/by-nc/4.0/legalcode
5760984146,65.057878,25.461773,2025,Kuehneromyces mutabilis,iNaturalist research-grade observations,50c9509d-22c7-4a22-a47d-8c48425ef4a7,http://creativecommons.org/licenses/by-nc/4.0/legalcode
5760984440,61.934139,25.98081,2025,Cladonia gracilis,iNaturalist research-grade observations,50c9509d-22c7-4a22-a47d-8c48425ef4a7,http://creativecommons.org/licenses/by-nc/4.0/legalcode
5760986948,59.95221,21.763948,2025,Tapinella atrotomentosa,iNaturalist research-grade observations,50c9509d-22c7-4a22-a47d-8c48425ef4a7,http://creativecommons.org/licenses/by-nc/4.0/legalcode
5761003329,62.727575,29.624467,2025,Leccinum versipelle,iNaturalist research-grade observations,50c9509d-22c7-4a22-a47d-8c48425ef4a7,http://creativecommons.org/licenses/by-nc/4.0/legalcode
5761009298,65.061571,25.461945,2025,Paxillus involutus,iNaturalist research-grade observations,50c9509d-22c7-4a22-a47d-8c48425ef4a7,http://creativecommons.org/licenses/by-nc/4.0/legalcode
5761016793,59.955226,21.756969,2025,Xanthoparmelia loxodes,iNaturalist research-grade observations,50c9509d-22c7-4a22-a47d-8c48425ef4a7,http://creativecommons.org/licenses/by-nc/4.0/legalcode
5761026948,60.414783,22.436629,2025,Aspropaxillus giganteus,iNaturalist research-grade observations,50c9509d-22c7-4a22-a47d-8c48425ef4a7,http://creativecommons.org/licenses/by-nc/4.0/legalcode
5761039458,65.06453,25.457605,2025,Cortinarius caperatus,iNaturalist research-grade observations,50c9509d-22c7-4a22-a47d-8c48425ef4a7,http://creativecommons.org/licenses/by-nc/4.0/legalcode
5761056058,62.727896,29.624262,2025,Megacollybia platyphylla,iNaturalist research-grade observations,50c9509d-22c7-4a22-a47d-8c48425ef4a7,http://creativecommons.org/licenses/by-nc/4.0/legalcode
5761105018,61.114584,23.801048,2025,Fomes fomentarius,iNaturalist research-grade observations,50c9509d-22c7-4a22-a47d-8c48425ef4a7,http://creativecommons.org/licenses/by-nc/4.0/legalcode
5761131614,63.640926,26.49331,2025,Inonotus obliquus,iNaturalist research-grade observations,50c9509d-22c7-4a22-a47d-8c48425ef4a7,http://creativecommons.org/licenses/by-nc/4.0/legalcode
5761162383,65.062249,25.463146,2025,Fomitopsis betulina,iNaturalist research-grade observations,50c9509d-22c7-4a22-a47d-8c48425ef4a7,http://creativecommons.org/licenses/by-nc/4.0/legalcode
5761169316,60.140908,24.201612,2025,Lactarius tabidus,iNaturalist research-grade observations,50c9509d-22c7-4a22-a47d-8c48425ef4a7,http://creativecommons.org/licenses/by-nc/4.0/legalcode
5761169424,60.073875,23.653557,2025,Titaeosporina tremulae,iNaturalist research-grade observations,50c9509d-22c7-4a22-a47d-8c48425ef4a7,http://creativecommons.org/licenses/by-nc/4.0/legalcode
5761173400,59.956695,21.768437,2025,Exobasidium vaccinii,iNaturalist research-grade observations,50c9509d-22c7-4a22-a47d-8c48425ef4a7,http://creativecommons.org/licenses/by-nc/4.0/legalcode
5761174305,65.059113,25.460222,2025,Hygrophoropsis aurantiaca,iNaturalist research-grade observations,50c9509d-22c7-4a22-a47d-8c48425ef4a7,http://creativecommons.org/licenses/by-nc/4.0/legalcode
5761176705,65.063755,25.465319,2025,Fomes fomentarius,iNaturalist research-grade observations,50c9509d-22c7-4a22-a47d-8c48425ef4a7,http://creativecommons.org/licenses/by-nc/4.0/legalcode
5761179445,59.955233,21.756959,2025,Lasallia pustulata,iNaturalist research-grade observations,50c9509d-22c7-4a22-a47d-8c48425ef4a7,http://creativecommons.org/licenses/by-nc/4.0/legalcode
5761207629,65.061723,25.463316,2025,Paxillus involutus,iNaturalist research-grade observations,50c9509d-22c7-4a22-a47d-8c48425ef4a7,http://creativecommons.org/licenses/by-nc/4.0/legalcode
5761209583,65.056809,25.462381,2025,Hygrophoropsis aurantiaca,iNaturalist research-grade observations,50c9509d-22c7-4a22-a47d-8c48425ef4a7,http://creativecommons.org/licenses/by-nc/4.0/legalcode
5761212965,59.952176,21.757188,2025,Rhytisma acerinum,iNaturalist research-grade observations,50c9509d-22c7-4a22-a47d-8c48425ef4a7,http://creativecommons.org/licenses/by-nc/4.0/legalcode
5761768331,62.576516,26.761038,2025,Nephroma parile,LajiGIS: Miscellaneous occurrences,128e38cb-9d38-4ecf-989a-1d66175c20e6,http://creativecommons.org/licenses/by/4.0/legalcode
5761979277,61.951212,25.13568,2025,Phaeolus schweinitzii,,8a863029-f435-446a-821e-275f4f641165,http://creativecommons.org/licenses/by-nc/4.0/legalcode
5761984229,60.283717,24.502957,2025,Amanita muscaria,,8a863029-f435-446a-821e-275f4f641165,http://creativecommons.org/licenses/by-nc/4.0/legalcode
5761987566,60.288585,24.501904,2025,Amanita virosa,,8a863029-f435-446a-821e-275f4f641165,http://creativecommons.org/licenses/by-nc/4.0/legalcode
5761988711,60.259597,24.618192,2025,Kuehneromyces mutabilis,,8a863029-f435-446a-821e-275f4f641165,http://creativecommons.org/licenses/by-nc/4.0/legalcode
5761989722,61.95182,25.136117,2025,Cortinarius armillatus,,8a863029-f435-446a-821e-275f4f641165,http://creativecommons.org/licenses/by-nc/4.0/legalcode
5762004573,60.259876,24.613474,2025,Hydnellum ferrugineum,,8a863029-f435-446a-821e-275f4f641165,http://creativecommons.org/licenses/by-nc/4.0/legalcode
5762006319,67.157103,26.90828,2025,Lycoperdon perlatum,,8a863029-f435-446a-821e-275f4f641165,http://creativecommons.org/licenses/by-nc/4.0/legalcode
5762010821,60.259247,24.61531,2025,,,8a863029-f435-446a-821e-275f4f641165,http://creativecommons.org/licenses/by-nc/4.0/legalcode
5762012694,60.306699,24.511227,2025,Amanita muscaria,,8a863029-f435-446a-821e-275f4f641165,http://creativecommons.org/licenses/by-nc/4.0/legalcode
5762013673,65.661203,25.76102,2025,Suillus bovinus,,8a863029-f435-446a-821e-275f4f641165,http://creativecommons.org/licenses/by-nc/4.0/legalcode
5762017507,65.031845,24.569247,2025,Amanita muscaria,,8a863029-f435-446a-821e-275f4f641165,http://creativecommons.org/licenses/by-nc/4.0/legalcode
5762018313,60.306684,24.506279,2025,,,8a863029-f435-446a-821e-275f4f641165,http://creativecommons.org/licenses/by-nc/4.0/legalcode
5762023111,61.882245,25.184287,2025,Cyathus striatus,,8a863029-f435-446a-821e-275f4f641165,http://creativecommons.org/licenses/by-nc/4.0/legalcode
5762025465,66.366737,29.320342,2025,Amanita muscaria,,8a863029-f435-446a-821e-275f4f641165,http://creativecommons.org/licenses/by-nc/4.0/legalcode
5762032071,60.453074,25.088449,2025,Fomes fomentarius,,8a863029-f435-446a-821e-275f4f641165,http://creativecommons.org/licenses/by-nc/4.0/legalcode
5762033044,61.986958,24.930578,2025,Gomphidius glutinosus,,8a863029-f435-446a-821e-275f4f641165,http://creativecommons.org/licenses/by-nc/4.0/legalcode
5762038430,65.031484,24.577134,2025,Suillus bovinus,,8a863029-f435-446a-821e-275f4f641165,http://creativecommons.org/licenses/by-nc/4.0/legalcode
5762040719,61.950475,25.131413,2025,Cortinarius armillatus,,8a863029-f435-446a-821e-275f4f641165,http://creativecommons.org/licenses/by-nc/4.0/legalcode
5762045361,61.98702,24.930628,2025,Amanita muscaria,,8a863029-f435-446a-821e-275f4f641165,http://creativecommons.org/licenses/by-nc/4.0/legalcode
5762048590,62.637528,29.384913,2025,Fomitopsis pinicola,,8a863029-f435-446a-821e-275f4f641165,http://creativecommons.org/licenses/by-nc/4.0/legalcode
5762054810,61.073047,28.204807,2025,Suillus luteus,,8a863029-f435-446a-821e-275f4f641165,http://creativecommons.org/licenses/by-nc/4.0/legalcode
5762058926,60.156123,24.961379,2025,Aspropaxillus giganteus,,8a863029-f435-446a-821e-275f4f641165,http://creativecommons.org/licenses/by-nc/4.0/legalcode
5762059673,60.25755,24.605022,2025,Calocera viscosa,,8a863029-f435-446a-821e-275f4f641165,http://creativecommons.org/licenses/by-nc/4.0/legalcode
5762069281,60.220426,25.009494,2025,Laetiporus sulphureus,,8a863029-f435-446a-821e-275f4f641165,http://creativecommons.org/licenses/by-nc/4.0/legalcode
5762069617,60.267011,24.615597,2025,Cantharellus cibarius,,8a863029-f435-446a-821e-275f4f641165,http://creativecommons.org/licenses/by-nc/4.0/legalcode
5762078869,60.137864,25.005871,2025,Coprinellus disseminatus,,8a863029-f435-446a-821e-275f4f641165,http://creativecommons.org/licenses/by-nc/4.0/legalcode
5762082168,60.224221,24.975772,2025,Amanita regalis,,8a863029-f435-446a-821e-275f4f641165,http://creativecommons.org/licenses/by-nc/4.0/legalcode
5762089452,67.066733,27.229697,2025,Russula claroflava,,8a863029-f435-446a-821e-275f4f641165,http://creativecommons.org/licenses/by-nc/4.0/legalcode
5762094570,61.882675,25.184655,2025,Apioperdon pyriforme,,8a863029-f435-446a-821e-275f4f641165,http://creativecommons.org/licenses/by-nc/4.0/legalcode
5762094705,67.146536,26.927675,2025,Amanita regalis,,8a863029-f435-446a-821e-275f4f641165,http://creativecommons.org/licenses/by-nc/4.0/legalcode
5762106601,61.947853,25.129453,2025,Boletus edulis,,8a863029-f435-446a-821e-275f4f641165,http://creativecommons.org/licenses/by-nc/4.0/legalcode
5762111680,64.605859,28.466117,2025,Amanita muscaria,,8a863029-f435-446a-821e-275f4f641165,http://creativecommons.org/licenses/by-nc/4.0/legalcode
5762125399,60.258975,24.606858,2025,Artomyces pyxidatus,,8a863029-f435-446a-821e-275f4f641165,http://creativecommons.org/licenses/by-nc/4.0/legalcode
5762145315,60.2575,24.604781,2025,Russula claroflava,,8a863029-f435-446a-821e-275f4f641165,http://creativecommons.org/licenses/by-nc/4.0/legalcode
5762146379,61.998455,24.956933,2025,Calocera viscosa,,8a863029-f435-446a-821e-275f4f641165,http://creativecommons.org/licenses/by-nc/4.0/legalcode
5762150341,61.998508,24.956775,2025,Cantharellus cibarius,,8a863029-f435-446a-821e-275f4f641165,http://creativecommons.org/licenses/by-nc/4.0/legalcode
5762164385,60.259793,24.612443,2025,,,8a863029-f435-446a-821e-275f4f641165,http://creativecommons.org/licenses/by-nc/4.0/legalcode
5762167384,60.294917,24.561885,2025,Amanita muscaria,,8a863029-f435-446a-821e-275f4f641165,http://creativecommons.org/licenses/by-nc/4.0/legalcode
5762167762,60.258182,24.606158,2025,Amanita muscaria,,8a863029-f435-446a-821e-275f4f641165,http://creativecommons.org/licenses/by-nc/4.0/legalcode
5762171149,66.269012,29.404928,2025,Amanita muscaria,,8a863029-f435-446a-821e-275f4f641165,http://creativecommons.org/licenses/by-nc/4.0/legalcode
5762188072,60.288484,24.501613,2025,Amanita virosa,,8a863029-f435-446a-821e-275f4f641165,http://creativecommons.org/licenses/by-nc/4.0/legalcode
5762204508,60.261687,24.624995,2025,Leccinum versipelle,,8a863029-f435-446a-821e-275f4f641165,http://creativecommons.org/licenses/by-nc/4.0/legalcode
5762204567,61.96352,22.584667,2025,Lactarius glyciosmus,,8a863029-f435-446a-821e-275f4f641165,http://creativecommons.org/licenses/by-nc/4.0/legalcode
5762209553,62.214295,28.919884,2025,,,8a863029-f435-446a-821e-275f4f641165,http://creativecommons.org/licenses/by-nc/4.0/legalcode
5762213583,61.952972,25.135036,2025,Hygrophoropsis aurantiaca,,8a863029-f435-446a-821e-275f4f641165,http://creativecommons.org/licenses/by-nc/4.0/legalcode
5762214382,67.146111,26.930652,2025,Russula decolorans,,8a863029-f435-446a-821e-275f4f641165,http://creativecommons.org/licenses/by-nc/4.0/legalcode
5762220630,61.9619,22.586579,2025,Lactarius rufus,,8a863029-f435-446a-821e-275f4f641165,http://creativecommons.org/licenses/by-nc/4.0/legalcode
5762234923,60.293633,24.564265,2025,Amanita virosa,,8a863029-f435-446a-821e-275f4f641165,http://creativecommons.org/licenses/by-nc/4.0/legalcode
5762235588,61.945275,25.120108,2025,Tapinella atrotomentosa,,8a863029-f435-446a-821e-275f4f641165,http://creativecommons.org/licenses/by-nc/4.0/legalcode
5762241687,61.951767,25.136239,2025,Cortinarius armillatus,,8a863029-f435-446a-821e-275f4f641165,http://creativecommons.org/licenses/by-nc/4.0/legalcode
5762275795,60.25948,24.618218,2025,Mycena pura,,8a863029-f435-446a-821e-275f4f641165,http://creativecommons.org/licenses/by-nc/4.0/legalcode
5762276931,67.145965,26.929341,2025,Lactarius rufus,,8a863029-f435-446a-821e-275f4f641165,http://creativecommons.org/licenses/by-nc/4.0/legalcode
5762279155,60.259077,24.606825,2025,,,8a863029-f435-446a-821e-275f4f641165,http://creativecommons.org/licenses/by-nc/4.0/legalcode
5762281331,61.953445,25.14008,2025,Cortinarius collinitus,,8a863029-f435-446a-821e-275f4f641165,http://creativecommons.org/licenses/by-nc/4.0/legalcode
5762290332,61.952258,25.141136,2025,Cortinarius armillatus,,8a863029-f435-446a-821e-275f4f641165,http://creativecommons.org/licenses/by-nc/4.0/legalcode
5762295549,67.146536,26.927675,2025,Amanita regalis,,8a863029-f435-446a-821e-275f4f641165,http://creativecommons.org/licenses/by-nc/4.0/legalcode
5762306837,62.580965,29.78097,2025,Macrolepiota procera,,8a863029-f435-446a-821e-275f4f641165,http://creativecommons.org/licenses/by-nc/4.0/legalcode
5762307592,60.284216,24.50171,2025,Suillus bovinus,,8a863029-f435-446a-821e-275f4f641165,http://creativecommons.org/licenses/by-nc/4.0/legalcode
5762319313,61.947838,25.129439,2025,Amanita muscaria,,8a863029-f435-446a-821e-275f4f641165,http://creativecommons.org/licenses/by-nc/4.0/legalcode
5762319402,60.943026,25.745484,2025,Gloeophyllum sepiarium,,8a863029-f435-446a-821e-275f4f641165,http://creativecommons.org/licenses/by-nc/4.0/legalcode
5762390651,60.446712,25.166785,2025,,LajiGIS: Species mapping and surveys,687c05e9-96d6-40e3-b1c9-2e026d0b3fc0,http://creativecommons.org/licenses/by/4.0/legalcode
5762390770,60.446208,25.166686,2025,Pycnoporellus fulgens,LajiGIS: Species mapping and surveys,687c05e9-96d6-40e3-b1c9-2e026d0b3fc0,http://creativecommons.org/licenses/by/4.0/legalcode
5762390871,60.445872,25.167759,2025,Elmerina caryae,LajiGIS: Species mapping and surveys,687c05e9-96d6-40e3-b1c9-2e026d0b3fc0,http://creativecommons.org/licenses/by/4.0/legalcode
5762390895,60.445107,25.168275,2025,Rhodofomes roseus,LajiGIS: Species mapping and surveys,687c05e9-96d6-40e3-b1c9-2e026d0b3fc0,http://creativecommons.org/licenses/by/4.0/legalcode
5762390919,60.445096,25.168166,2025,Asterodon ferruginosus,LajiGIS: Species mapping and surveys,687c05e9-96d6-40e3-b1c9-2e026d0b3fc0,http://creativecommons.org/licenses/by/4.0/legalcode
5762390924,60.445347,25.166789,2025,Phellinidium ferrugineofuscum,LajiGIS: Species mapping and surveys,687c05e9-96d6-40e3-b1c9-2e026d0b3fc0,http://creativecommons.org/licenses/by/4.0/legalcode
5762390955,60.445187,25.168216,2025,Phellinidium ferrugineofuscum,LajiGIS: Species mapping and surveys,687c05e9-96d6-40e3-b1c9-2e026d0b3fc0,http://creativecommons.org/licenses/by/4.0/legalcode
5762390963,60.445075,25.168586,2025,Phellinus populicola,LajiGIS: Species mapping and surveys,687c05e9-96d6-40e3-b1c9-2e026d0b3fc0,http://creativecommons.org/licenses/by/4.0/legalcode
5762390990,60.445392,25.168731,2025,,LajiGIS: Species mapping and surveys,687c05e9-96d6-40e3-b1c9-2e026d0b3fc0,http://creativecommons.org/licenses/by/4.0/legalcode
5762390997,60.445448,25.167638,2025,Climacocystis borealis,LajiGIS: Species mapping and surveys,687c05e9-96d6-40e3-b1c9-2e026d0b3fc0,http://creativecommons.org/licenses/by/4.0/legalcode
5762391032,60.446224,25.16594,2025,Gloeophyllum odoratum,LajiGIS: Species mapping and surveys,687c05e9-96d6-40e3-b1c9-2e026d0b3fc0,http://creativecommons.org/licenses/by/4.0/legalcode
5762391040,60.446208,25.166686,2025,Incrustoporia brevispora,LajiGIS: Species mapping and surveys,687c05e9-96d6-40e3-b1c9-2e026d0b3fc0,http://creativecommons.org/licenses/by/4.0/legalcode
5762391074,60.445872,25.167741,2025,Leptoporus mollis,LajiGIS: Species mapping and surveys,687c05e9-96d6-40e3-b1c9-2e026d0b3fc0,http://creativecommons.org/licenses/by/4.0/legalcode
5762391078,60.446555,25.167103,2025,Skeletocutis kuehneri,LajiGIS: Species mapping and surveys,687c05e9-96d6-40e3-b1c9-2e026d0b3fc0,http://creativecommons.org/licenses/by/4.0/legalcode
5762391101,60.446433,25.166055,2025,Gloeoporus pannocinctus,LajiGIS: Species mapping and surveys,687c05e9-96d6-40e3-b1c9-2e026d0b3fc0,http://creativecommons.org/licenses/by/4.0/legalcode
5762416302,60.245564,24.743209,2025,Russula risigallina,The Atlas of Finnish Fungi,2bc4c2db-1dfa-419c-93ce-6602c5ae8c99,http://creativecommons.org/licenses/by/4.0/legalcode
5762416303,64.397587,24.320541,2025,Albatrellus ovinus,The Atlas of Finnish Fungi,2bc4c2db-1dfa-419c-93ce-6602c5ae8c99,http://creativecommons.org/licenses/by/4.0/legalcode
5762416306,60.715555,24.439733,2025,Leucocortinarius bulbiger,The Atlas of Finnish Fungi,2bc4c2db-1dfa-419c-93ce-6602c5ae8c99,http://creativecommons.org/licenses/by/4.0/legalcode
5762416307,60.476028,23.077464,2025,Russula atrorubens,The Atlas of Finnish Fungi,2bc4c2db-1dfa-419c-93ce-6602c5ae8c99,http://creativecommons.org/licenses/by/4.0/legalcode
5762416308,61.216251,25.134927,2025,,The Atlas of Finnish Fungi,2bc4c2db-1dfa-419c-93ce-6602c5ae8c99,http://creativecommons.org/licenses/by/4.0/legalcode
5762416309,61.105328,24.990368,2025,Baeospora myosura,The Atlas of Finnish Fungi,2bc4c2db-1dfa-419c-93ce-6602c5ae8c99,http://creativecommons.org/licenses/by/4.0/legalcode
5762416310,61.195656,25.10778,2025,Amanita rubescens,The Atlas of Finnish Fungi,2bc4c2db-1dfa-419c-93ce-6602c5ae8c99,http://creativecommons.org/licenses/by/4.0/legalcode
5762416312,60.290045,24.597328,2025,Cortinarius traganus,The Atlas of Finnish Fungi,2bc4c2db-1dfa-419c-93ce-6602c5ae8c99,http://creativecommons.org/licenses/by/4.0/legalcode
5762416313,65.153073,25.428891,2025,Clitocybe fragrans,The Atlas of Finnish Fungi,2bc4c2db-1dfa-419c-93ce-6602c5ae8c99,http://creativecommons.org/licenses/by/4.0/legalcode
5762416314,60.476028,23.077464,2025,Paxillus involutus,The Atlas of Finnish Fungi,2bc4c2db-1dfa-419c-93ce-6602c5ae8c99,http://creativecommons.org/licenses/by/4.0/legalcode
5762416315,60.467862,22.3298,2025,Imleria badia,The Atlas of Finnish Fungi,2bc4c2db-1dfa-419c-93ce-6602c5ae8c99,http://creativecommons.org/licenses/by/4.0/legalcode
5762416320,61.10544,24.990647,2025,,The Atlas of Finnish Fungi,2bc4c2db-1dfa-419c-93ce-6602c5ae8c99,http://creativecommons.org/licenses/by/4.0/legalcode
5762416321,61.681283,23.437689,2025,Craterellus tubaeformis,The Atlas of Finnish Fungi,2bc4c2db-1dfa-419c-93ce-6602c5ae8c99,http://creativecommons.org/licenses/by/4.0/legalcode
5762416322,60.476028,23.077464,2025,Lactarius mammosus,The Atlas of Finnish Fungi,2bc4c2db-1dfa-419c-93ce-6602c5ae8c99,http://creativecommons.org/licenses/by/4.0/legalcode
5762416323,60.903027,25.239995,2025,,The Atlas of Finnish Fungi,2bc4c2db-1dfa-419c-93ce-6602c5ae8c99,http://creativecommons.org/licenses/by/4.0/legalcode
5762416324,60.710774,24.431553,2025,Tricholoma stiparophyllum,The Atlas of Finnish Fungi,2bc4c2db-1dfa-419c-93ce-6602c5ae8c99,http://creativecommons.org/licenses/by/4.0/legalcode
5762416325,61.681368,23.435956,2025,Gymnopilus penetrans,The Atlas of Finnish Fungi,2bc4c2db-1dfa-419c-93ce-6602c5ae8c99,http://creativecommons.org/licenses/by/4.0/legalcode
5762416326,60.468385,22.331525,2025,Entoloma rhodocylix,The Atlas of Finnish Fungi,2bc4c2db-1dfa-419c-93ce-6602c5ae8c99,http://creativecommons.org/licenses/by/4.0/legalcode
5762416327,61.054043,25.039895,2025,Amanita islandica,The Atlas of Finnish Fungi,2bc4c2db-1dfa-419c-93ce-6602c5ae8c99,http://creativecommons.org/licenses/by/4.0/legalcode
5762416332,61.216251,25.134927,2025,,The Atlas of Finnish Fungi,2bc4c2db-1dfa-419c-93ce-6602c5ae8c99,http://creativecommons.org/licenses/by/4.0/legalcode
5762416335,66.663383,27.493179,2025,,The Atlas of Finnish Fungi,2bc4c2db-1dfa-419c-93ce-6602c5ae8c99,http://creativecommons.org/licenses/by/4.0/legalcode
5762416336,60.574284,23.728811,2025,Inocybe sindonia,The Atlas of Finnish Fungi,2bc4c2db-1dfa-419c-93ce-6602c5ae8c99,http://creativecommons.org/licenses/by/4.0/legalcode
5762416340,60.25281,25.03524,2025,Puccinia acetosae,The Atlas of Finnish Fungi,2bc4c2db-1dfa-419c-93ce-6602c5ae8c99,http://creativecommons.org/licenses/by/4.0/legalcode
5762416342,65.153073,25.428891,2025,Russula atrorubens,The Atlas of Finnish Fungi,2bc4c2db-1dfa-419c-93ce-6602c5ae8c99,http://creativecommons.org/licenses/by/4.0/legalcode
5762416344,60.095355,22.867689,2025,Lactarius deterrimus,The Atlas of Finnish Fungi,2bc4c2db-1dfa-419c-93ce-6602c5ae8c99,http://creativecommons.org/licenses/by/4.0/legalcode
5762416350,61.670847,23.145544,2025,Collybiopsis peronata,The Atlas of Finnish Fungi,2bc4c2db-1dfa-419c-93ce-6602c5ae8c99,http://creativecommons.org/licenses/by/4.0/legalcode
5762416352,60.094968,22.868016,2025,Lactarius aquizonatus,The Atlas of Finnish Fungi,2bc4c2db-1dfa-419c-93ce-6602c5ae8c99,http://creativecommons.org/licenses/by/4.0/legalcode
5762416354,60.25252,25.04588,2025,Coleosporium tussilaginis,The Atlas of Finnish Fungi,2bc4c2db-1dfa-419c-93ce-6602c5ae8c99,http://creativecommons.org/licenses/by/4.0/legalcode
5762416358,61.681043,23.436783,2025,Lactarius trivialis,The Atlas of Finnish Fungi,2bc4c2db-1dfa-419c-93ce-6602c5ae8c99,http://creativecommons.org/licenses/by/4.0/legalcode
5762416360,65.153073,25.428891,2025,Infundibulicybe gibba,The Atlas of Finnish Fungi,2bc4c2db-1dfa-419c-93ce-6602c5ae8c99,http://creativecommons.org/licenses/by/4.0/legalcode
5762416362,59.909558,23.210532,2025,Amanita rubescens,The Atlas of Finnish Fungi,2bc4c2db-1dfa-419c-93ce-6602c5ae8c99,http://creativecommons.org/licenses/by/4.0/legalcode
5762416365,60.25292,25.03488,2025,Sphaerulina gei,The Atlas of Finnish Fungi,2bc4c2db-1dfa-419c-93ce-6602c5ae8c99,http://creativecommons.org/licenses/by/4.0/legalcode
5762416368,65.153073,25.428891,2025,Collybiopsis confluens,The Atlas of Finnish Fungi,2bc4c2db-1dfa-419c-93ce-6602c5ae8c99,http://creativecommons.org/licenses/by/4.0/legalcode
5762416369,60.715555,24.439733,2025,Lepista glaucocana,The Atlas of Finnish Fungi,2bc4c2db-1dfa-419c-93ce-6602c5ae8c99,http://creativecommons.org/licenses/by/4.0/legalcode
5762416370,60.619729,23.509052,2025,,The Atlas of Finnish Fungi,2bc4c2db-1dfa-419c-93ce-6602c5ae8c99,http://creativecommons.org/licenses/by/4.0/legalcode
5762416371,61.195656,25.10778,2025,Russula versicolor,The Atlas of Finnish Fungi,2bc4c2db-1dfa-419c-93ce-6602c5ae8c99,http://creativecommons.org/licenses/by/4.0/legalcode
5762416376,65.1427,25.4233,2025,Stropharia hornemannii,The Atlas of Finnish Fungi,2bc4c2db-1dfa-419c-93ce-6602c5ae8c99,http://creativecommons.org/licenses/by/4.0/legalcode
5762416377,66.663474,27.493578,2025,,The Atlas of Finnish Fungi,2bc4c2db-1dfa-419c-93ce-6602c5ae8c99,http://creativecommons.org/licenses/by/4.0/legalcode
5762416383,65.15712,25.433912,2025,Lactarius turpis,The Atlas of Finnish Fungi,2bc4c2db-1dfa-419c-93ce-6602c5ae8c99,http://creativecommons.org/licenses/by/4.0/legalcode
5762416385,60.710774,24.431553,2025,Otidea alutacea,The Atlas of Finnish Fungi,2bc4c2db-1dfa-419c-93ce-6602c5ae8c99,http://creativecommons.org/licenses/by/4.0/legalcode
5762416387,59.909563,23.210531,2025,Suillus bovinus,The Atlas of Finnish Fungi,2bc4c2db-1dfa-419c-93ce-6602c5ae8c99,http://creativecommons.org/licenses/by/4.0/legalcode
5762416394,61.088846,25.00829,2025,Bjerkandera adusta,The Atlas of Finnish Fungi,2bc4c2db-1dfa-419c-93ce-6602c5ae8c99,http://creativecommons.org/licenses/by/4.0/legalcode
5762416396,60.903027,25.239995,2025,Cantharellus cibarius,The Atlas of Finnish Fungi,2bc4c2db-1dfa-419c-93ce-6602c5ae8c99,http://creativecommons.org/licenses/by/4.0/legalcode
5762416397,66.16966,25.92106,2025,Peziza echinospora,The Atlas of Finnish Fungi,2bc4c2db-1dfa-419c-93ce-6602c5ae8c99,http://creativecommons.org/licenses/by/4.0/legalcode
5762416400,60.99133,25.649001,2025,Artomyces pyxidatus,The Atlas of Finnish Fungi,2bc4c2db-1dfa-419c-93ce-6602c5ae8c99,http://creativecommons.org/licenses/by/4.0/legalcode
5762416403,61.683189,21.640124,2025,Hygrophoropsis rufa,The Atlas of Finnish Fungi,2bc4c2db-1dfa-419c-93ce-6602c5ae8c99,http://creativecommons.org/licenses/by/4.0/legalcode
5762416404,61.051893,25.428244,2025,Russula integra,The Atlas of Finnish Fungi,2bc4c2db-1dfa-419c-93ce-6602c5ae8c99,http://creativecommons.org/licenses/by/4.0/legalcode
5762416412,61.105617,24.99046,2025,,The Atlas of Finnish Fungi,2bc4c2db-1dfa-419c-93ce-6602c5ae8c99,http://creativecommons.org/licenses/by/4.0/legalcode
5762416413,61.089861,25.006529,2025,Russula aurea,The Atlas of Finnish Fungi,2bc4c2db-1dfa-419c-93ce-6602c5ae8c99,http://creativecommons.org/licenses/by/4.0/legalcode
5762416414,60.447114,23.070497,2025,Russula rhodopus,The Atlas of Finnish Fungi,2bc4c2db-1dfa-419c-93ce-6602c5ae8c99,http://creativecommons.org/licenses/by/4.0/legalcode
5762416416,60.754301,24.768876,2025,Hygrocybe turunda,The Atlas of Finnish Fungi,2bc4c2db-1dfa-419c-93ce-6602c5ae8c99,http://creativecommons.org/licenses/by/4.0/legalcode
5762416418,60.709753,24.429952,2025,Hygrocybe ceracea,The Atlas of Finnish Fungi,2bc4c2db-1dfa-419c-93ce-6602c5ae8c99,http://creativecommons.org/licenses/by/4.0/legalcode
5762416420,60.99133,25.649001,2025,Psathyrella spintrigeroides,The Atlas of Finnish Fungi,2bc4c2db-1dfa-419c-93ce-6602c5ae8c99,http://creativecommons.org/licenses/by/4.0/legalcode
5762416422,66.53979,25.50625,2025,Mycena clavicularis,The Atlas of Finnish Fungi,2bc4c2db-1dfa-419c-93ce-6602c5ae8c99,http://creativecommons.org/licenses/by/4.0/legalcode
5762416424,61.216251,25.134927,2025,Gomphidius glutinosus,The Atlas of Finnish Fungi,2bc4c2db-1dfa-419c-93ce-6602c5ae8c99,http://creativecommons.org/licenses/by/4.0/legalcode
5762416426,60.54603,23.654066,2025,Gymnopilus picreus,The Atlas of Finnish Fungi,2bc4c2db-1dfa-419c-93ce-6602c5ae8c99,http://creativecommons.org/licenses/by/4.0/legalcode
5762416427,61.013858,25.591314,2025,,The Atlas of Finnish Fungi,2bc4c2db-1dfa-419c-93ce-6602c5ae8c99,http://creativecommons.org/licenses/by/4.0/legalcode
5762416428,61.091723,25.001998,2025,Russula chloroides,The Atlas of Finnish Fungi,2bc4c2db-1dfa-419c-93ce-6602c5ae8c99,http://creativecommons.org/licenses/by/4.0/legalcode
5762416431,66.393608,26.867362,2025,Cortinarius flexipes,The Atlas of Finnish Fungi,2bc4c2db-1dfa-419c-93ce-6602c5ae8c99,http://creativecommons.org/licenses/by/4.0/legalcode
5762416432,61.216251,25.134927,2025,Hygrocybe cantharellus,The Atlas of Finnish Fungi,2bc4c2db-1dfa-419c-93ce-6602c5ae8c99,http://creativecommons.org/licenses/by/4.0/legalcode
5762416433,61.105812,24.989897,2025,Tricholoma stiparophyllum,The Atlas of Finnish Fungi,2bc4c2db-1dfa-419c-93ce-6602c5ae8c99,http://creativecommons.org/licenses/by/4.0/legalcode
5762416436,60.753943,24.768808,2025,Neohygrocybe nitrata,The Atlas of Finnish Fungi,2bc4c2db-1dfa-419c-93ce-6602c5ae8c99,http://creativecommons.org/licenses/by/4.0/legalcode
5762416438,61.055007,25.052928,2025,Pseudohydnum gelatinosum,The Atlas of Finnish Fungi,2bc4c2db-1dfa-419c-93ce-6602c5ae8c99,http://creativecommons.org/licenses/by/4.0/legalcode
5762416440,60.54603,23.654066,2025,Mycena laevigata,The Atlas of Finnish Fungi,2bc4c2db-1dfa-419c-93ce-6602c5ae8c99,http://creativecommons.org/licenses/by/4.0/legalcode
5762416444,61.013858,25.591314,2025,Lentinellus ursinus,The Atlas of Finnish Fungi,2bc4c2db-1dfa-419c-93ce-6602c5ae8c99,http://creativecommons.org/licenses/by/4.0/legalcode
5762416445,61.216251,25.134927,2025,,The Atlas of Finnish Fungi,2bc4c2db-1dfa-419c-93ce-6602c5ae8c99,http://creativecommons.org/licenses/by/4.0/legalcode
5762416446,60.238664,24.729751,2025,Entoloma araneosum,The Atlas of Finnish Fungi,2bc4c2db-1dfa-419c-93ce-6602c5ae8c99,http://creativecommons.org/licenses/by/4.0/legalcode
5762416447,60.289775,24.598187,2025,Amanita rubescens,The Atlas of Finnish Fungi,2bc4c2db-1dfa-419c-93ce-6602c5ae8c99,http://creativecommons.org/licenses/by/4.0/legalcode
5762416448,61.091473,25.002383,2025,Russula gracillima,The Atlas of Finnish Fungi,2bc4c2db-1dfa-419c-93ce-6602c5ae8c99,http://creativecommons.org/licenses/by/4.0/legalcode
5762416450,60.476028,23.077464,2025,Cortinarius camphoratus,The Atlas of Finnish Fungi,2bc4c2db-1dfa-419c-93ce-6602c5ae8c99,http://creativecommons.org/licenses/by/4.0/legalcode
5762416451,60.228466,25.150097,2025,Tricholoma argyraceum,The Atlas of Finnish Fungi,2bc4c2db-1dfa-419c-93ce-6602c5ae8c99,http://creativecommons.org/licenses/by/4.0/legalcode
5762416452,61.106213,24.989522,2025,Paralepista gilva,The Atlas of Finnish Fungi,2bc4c2db-1dfa-419c-93ce-6602c5ae8c99,http://creativecommons.org/licenses/by/4.0/legalcode
5762416453,66.16444,25.8997,2025,Cortinarius armillatus,The Atlas of Finnish Fungi,2bc4c2db-1dfa-419c-93ce-6602c5ae8c99,http://creativecommons.org/licenses/by/4.0/legalcode
5762416456,61.681908,23.435407,2025,Calcipostia guttulata,The Atlas of Finnish Fungi,2bc4c2db-1dfa-419c-93ce-6602c5ae8c99,http://creativecommons.org/licenses/by/4.0/legalcode
5762416457,60.468555,22.331536,2025,Gymnopilus picreus,The Atlas of Finnish Fungi,2bc4c2db-1dfa-419c-93ce-6602c5ae8c99,http://creativecommons.org/licenses/by/4.0/legalcode
5762416462,61.013858,25.591314,2025,Russula velenovskyi,The Atlas of Finnish Fungi,2bc4c2db-1dfa-419c-93ce-6602c5ae8c99,http://creativecommons.org/licenses/by/4.0/legalcode
5762416464,61.216251,25.134927,2025,,The Atlas of Finnish Fungi,2bc4c2db-1dfa-419c-93ce-6602c5ae8c99,http://creativecommons.org/licenses/by/4.0/legalcode
5762416465,61.055673,25.052997,2025,,The Atlas of Finnish Fungi,2bc4c2db-1dfa-419c-93ce-6602c5ae8c99,http://creativecommons.org/licenses/by/4.0/legalcode
5762416469,60.715303,24.439963,2025,Russula pelargonia,The Atlas of Finnish Fungi,2bc4c2db-1dfa-419c-93ce-6602c5ae8c99,http://creativecommons.org/licenses/by/4.0/legalcode
5762416471,59.90984,23.210262,2025,,The Atlas of Finnish Fungi,2bc4c2db-1dfa-419c-93ce-6602c5ae8c99,http://creativecommons.org/licenses/by/4.0/legalcode
5762416473,60.447136,23.07081,2025,Entocybe nitida,The Atlas of Finnish Fungi,2bc4c2db-1dfa-419c-93ce-6602c5ae8c99,http://creativecommons.org/licenses/by/4.0/legalcode
5762416476,60.447455,23.06931,2025,,The Atlas of Finnish Fungi,2bc4c2db-1dfa-419c-93ce-6602c5ae8c99,http://creativecommons.org/licenses/by/4.0/legalcode
5762416477,60.710166,24.431633,2025,Serpula lacrymans,The Atlas of Finnish Fungi,2bc4c2db-1dfa-419c-93ce-6602c5ae8c99,http://creativecommons.org/licenses/by/4.0/legalcode
5762416478,60.447121,23.070726,2025,Lactarius vietus,The Atlas of Finnish Fungi,2bc4c2db-1dfa-419c-93ce-6602c5ae8c99,http://creativecommons.org/licenses/by/4.0/legalcode
5762416479,61.444547,23.708915,2025,Coccomyces leptideus,The Atlas of Finnish Fungi,2bc4c2db-1dfa-419c-93ce-6602c5ae8c99,http://creativecommons.org/licenses/by/4.0/legalcode
5762416480,66.17018,25.7361,2025,Gomphidius glutinosus,The Atlas of Finnish Fungi,2bc4c2db-1dfa-419c-93ce-6602c5ae8c99,http://creativecommons.org/licenses/by/4.0/legalcode
5762416481,60.99133,25.649001,2025,Crepidotus crocophyllus,The Atlas of Finnish Fungi,2bc4c2db-1dfa-419c-93ce-6602c5ae8c99,http://creativecommons.org/licenses/by/4.0/legalcode
5762416486,61.051893,25.428244,2025,Russula cessans,The Atlas of Finnish Fungi,2bc4c2db-1dfa-419c-93ce-6602c5ae8c99,http://creativecommons.org/licenses/by/4.0/legalcode
5762416487,60.447378,23.06918,2025,Hebeloma incarnatulum,The Atlas of Finnish Fungi,2bc4c2db-1dfa-419c-93ce-6602c5ae8c99,http://creativecommons.org/licenses/by/4.0/legalcode
5762416488,60.709882,24.431208,2025,Parasola schroeteri,The Atlas of Finnish Fungi,2bc4c2db-1dfa-419c-93ce-6602c5ae8c99,http://creativecommons.org/licenses/by/4.0/legalcode
5762416489,60.238692,24.744514,2025,Cortinarius lucorum,The Atlas of Finnish Fungi,2bc4c2db-1dfa-419c-93ce-6602c5ae8c99,http://creativecommons.org/licenses/by/4.0/legalcode
5762416491,60.289647,24.598303,2025,Russula consobrina,The Atlas of Finnish Fungi,2bc4c2db-1dfa-419c-93ce-6602c5ae8c99,http://creativecommons.org/licenses/by/4.0/legalcode
5762416495,60.54603,23.654066,2025,Russula turci,The Atlas of Finnish Fungi,2bc4c2db-1dfa-419c-93ce-6602c5ae8c99,http://creativecommons.org/licenses/by/4.0/legalcode
5762416500,60.99133,25.649001,2025,Lactarius spinosulus,The Atlas of Finnish Fungi,2bc4c2db-1dfa-419c-93ce-6602c5ae8c99,http://creativecommons.org/licenses/by/4.0/legalcode
5762416502,60.709471,24.430461,2025,,The Atlas of Finnish Fungi,2bc4c2db-1dfa-419c-93ce-6602c5ae8c99,http://creativecommons.org/licenses/by/4.0/legalcode
5762416506,66.17018,25.7361,2025,Lactarius torminosus,The Atlas of Finnish Fungi,2bc4c2db-1dfa-419c-93ce-6602c5ae8c99,http://creativecommons.org/licenses/by/4.0/legalcode
5762416507,60.246702,24.741002,2025,Russula integra,The Atlas of Finnish Fungi,2bc4c2db-1dfa-419c-93ce-6602c5ae8c99,http://creativecommons.org/licenses/by/4.0/legalcode
5762416512,61.051893,25.428244,2025,Russula xerampelina,The Atlas of Finnish Fungi,2bc4c2db-1dfa-419c-93ce-6602c5ae8c99,http://creativecommons.org/licenses/by/4.0/legalcode
5762416516,60.287989,24.608785,2025,Suillus bovinus,The Atlas of Finnish Fungi,2bc4c2db-1dfa-419c-93ce-6602c5ae8c99,http://creativecommons.org/licenses/by/4.0/legalcode
5762416517,61.051893,25.428244,2025,Russula sanguinea,The Atlas of Finnish Fungi,2bc4c2db-1dfa-419c-93ce-6602c5ae8c99,http://creativecommons.org/licenses/by/4.0/legalcode
5762416520,61.681849,23.435162,2025,Cortinarius bolaris,The Atlas of Finnish Fungi,2bc4c2db-1dfa-419c-93ce-6602c5ae8c99,http://creativecommons.org/licenses/by/4.0/legalcode
5762416523,66.59603,25.67062,2025,Cortinarius semisanguineus,The Atlas of Finnish Fungi,2bc4c2db-1dfa-419c-93ce-6602c5ae8c99,http://creativecommons.org/licenses/by/4.0/legalcode
5762416524,60.709908,24.430414,2025,Lepiota oreadiformis,The Atlas of Finnish Fungi,2bc4c2db-1dfa-419c-93ce-6602c5ae8c99,http://creativecommons.org/licenses/by/4.0/legalcode
5762416527,60.095355,22.867689,2025,Russula chloroides,The Atlas of Finnish Fungi,2bc4c2db-1dfa-419c-93ce-6602c5ae8c99,http://creativecommons.org/licenses/by/4.0/legalcode
5762416533,60.447136,23.07081,2025,Cortinarius traganus,The Atlas of Finnish Fungi,2bc4c2db-1dfa-419c-93ce-6602c5ae8c99,http://creativecommons.org/licenses/by/4.0/legalcode
5762416534,61.670809,23.145412,2025,Megacollybia platyphylla,The Atlas of Finnish Fungi,2bc4c2db-1dfa-419c-93ce-6602c5ae8c99,http://creativecommons.org/licenses/by/4.0/legalcode
5762416537,61.055035,25.053793,2025,Gloeophyllum odoratum,The Atlas of Finnish Fungi,2bc4c2db-1dfa-419c-93ce-6602c5ae8c99,http://creativecommons.org/licenses/by/4.0/legalcode
5762416540,60.186387,24.934449,2025,,The Atlas of Finnish Fungi,2bc4c2db-1dfa-419c-93ce-6602c5ae8c99,http://creativecommons.org/licenses/by/4.0/legalcode
5762416543,60.24012,24.97678,2025,Coleosporium asterum,The Atlas of Finnish Fungi,2bc4c2db-1dfa-419c-93ce-6602c5ae8c99,http://creativecommons.org/licenses/by/4.0/legalcode
5762416545,61.105739,24.988632,2025,,The Atlas of Finnish Fungi,2bc4c2db-1dfa-419c-93ce-6602c5ae8c99,http://creativecommons.org/licenses/by/4.0/legalcode
5762416546,64.715615,24.534424,2025,Boletus edulis,The Atlas of Finnish Fungi,2bc4c2db-1dfa-419c-93ce-6602c5ae8c99,http://creativecommons.org/licenses/by/4.0/legalcode
4898892651,66.184065,29.642133,2021,Cortinarius anomalus,LajiGIS: Species mapping and surveys,687c05e9-96d6-40e3-b1c9-2e026d0b3fc0,http://creativecommons.org/licenses/by/4.0/legalcode
4898892652,66.1842,29.641614,2021,Lactarius scrobiculatus,LajiGIS: Species mapping and surveys,687c05e9-96d6-40e3-b1c9-2e026d0b3fc0,http://creativecommons.org/licenses/by/4.0/legalcode
4898892653,66.184346,29.641474,2021,Lactarius scrobiculatus,LajiGIS: Species mapping and surveys,687c05e9-96d6-40e3-b1c9-2e026d0b3fc0,http://creativecommons.org/licenses/by/4.0/legalcode
4898892654,66.184303,29.638716,2021,Craterellus lutescens,LajiGIS: Species mapping and surveys,687c05e9-96d6-40e3-b1c9-2e026d0b3fc0,http://creativecommons.org/licenses/by/4.0/legalcode
4898892655,66.184003,29.641016,2021,Lactarius trivialis,LajiGIS: Species mapping and surveys,687c05e9-96d6-40e3-b1c9-2e026d0b3fc0,http://creativecommons.org/licenses/by/4.0/legalcode
4898892656,66.184031,29.639909,2021,Russula favrei,LajiGIS: Species mapping and surveys,687c05e9-96d6-40e3-b1c9-2e026d0b3fc0,http://creativecommons.org/licenses/by/4.0/legalcode
4898892657,66.183963,29.63757,2021,Hebeloma syrjense,LajiGIS: Species mapping and surveys,687c05e9-96d6-40e3-b1c9-2e026d0b3fc0,http://creativecommons.org/licenses/by/4.0/legalcode
4898892658,66.185916,29.642082,2021,Russula aurantioflammans,LajiGIS: Species mapping and surveys,687c05e9-96d6-40e3-b1c9-2e026d0b3fc0,http://creativecommons.org/licenses/by/4.0/legalcode
4898892659,66.185796,29.64227,2021,,LajiGIS: Species mapping and surveys,687c05e9-96d6-40e3-b1c9-2e026d0b3fc0,http://creativecommons.org/licenses/by/4.0/legalcode
4898892660,66.186525,29.642124,2021,,LajiGIS: Species mapping and surveys,687c05e9-96d6-40e3-b1c9-2e026d0b3fc0,http://creativecommons.org/licenses/by/4.0/legalcode
4898892661,66.186934,29.643432,2021,Inosperma lanatodiscum,LajiGIS: Species mapping and surveys,687c05e9-96d6-40e3-b1c9-2e026d0b3fc0,http://creativecommons.org/licenses/by/4.0/legalcode
4898892662,66.187134,29.64432,2021,Russula renidens,LajiGIS: Species mapping and surveys,687c05e9-96d6-40e3-b1c9-2e026d0b3fc0,http://creativecommons.org/licenses/by/4.0/legalcode
4898892663,66.187544,29.646584,2021,Russula laccata,LajiGIS: Species mapping and surveys,687c05e9-96d6-40e3-b1c9-2e026d0b3fc0,http://creativecommons.org/licenses/by/4.0/legalcode
4898892664,66.187683,29.64742,2021,Russula intermedia,LajiGIS: Species mapping and surveys,687c05e9-96d6-40e3-b1c9-2e026d0b3fc0,http://creativecommons.org/licenses/by/4.0/legalcode
4898892665,66.187503,29.650578,2021,Melanoleuca melaleuca,LajiGIS: Species mapping and surveys,687c05e9-96d6-40e3-b1c9-2e026d0b3fc0,http://creativecommons.org/licenses/by/4.0/legalcode
4898892666,66.187236,29.653082,2021,Phaeoclavulina eumorpha,LajiGIS: Species mapping and surveys,687c05e9-96d6-40e3-b1c9-2e026d0b3fc0,http://creativecommons.org/licenses/by/4.0/legalcode
4898892667,66.187431,29.65479,2021,Russula claroflava,LajiGIS: Species mapping and surveys,687c05e9-96d6-40e3-b1c9-2e026d0b3fc0,http://creativecommons.org/licenses/by/4.0/legalcode
4898892668,66.185032,29.653872,2021,Leccinum scabrum,LajiGIS: Species mapping and surveys,687c05e9-96d6-40e3-b1c9-2e026d0b3fc0,http://creativecommons.org/licenses/by/4.0/legalcode
4898892669,66.185316,29.653014,2021,,LajiGIS: Species mapping and surveys,687c05e9-96d6-40e3-b1c9-2e026d0b3fc0,http://creativecommons.org/licenses/by/4.0/legalcode
4898892670,66.185221,29.652271,2021,Cortinarius decipiens,LajiGIS: Species mapping and surveys,687c05e9-96d6-40e3-b1c9-2e026d0b3fc0,http://creativecommons.org/licenses/by/4.0/legalcode
4898892671,66.185463,29.650741,2021,Flammulaster carpophilus,LajiGIS: Species mapping and surveys,687c05e9-96d6-40e3-b1c9-2e026d0b3fc0,http://creativecommons.org/licenses/by/4.0/legalcode
4898892672,66.185516,29.650791,2021,Hebeloma pseudofragilipes,LajiGIS: Species mapping and surveys,687c05e9-96d6-40e3-b1c9-2e026d0b3fc0,http://creativecommons.org/licenses/by/4.0/legalcode
4898892673,66.185837,29.650403,2021,,LajiGIS: Species mapping and surveys,687c05e9-96d6-40e3-b1c9-2e026d0b3fc0,http://creativecommons.org/licenses/by/4.0/legalcode
4898892674,66.186271,29.649649,2021,Cortinarius caesiobrunneus,LajiGIS: Species mapping and surveys,687c05e9-96d6-40e3-b1c9-2e026d0b3fc0,http://creativecommons.org/licenses/by/4.0/legalcode
4898892675,66.186521,29.650275,2021,Hydnum repandum,LajiGIS: Species mapping and surveys,687c05e9-96d6-40e3-b1c9-2e026d0b3fc0,http://creativecommons.org/licenses/by/4.0/legalcode
4898892676,66.186444,29.651622,2021,Russula aeruginea,LajiGIS: Species mapping and surveys,687c05e9-96d6-40e3-b1c9-2e026d0b3fc0,http://creativecommons.org/licenses/by/4.0/legalcode
4898892677,66.186442,29.652799,2021,Inocybe nitidiuscula,LajiGIS: Species mapping and surveys,687c05e9-96d6-40e3-b1c9-2e026d0b3fc0,http://creativecommons.org/licenses/by/4.0/legalcode
4898892678,66.186343,29.648102,2021,Hebeloma leucosarx,LajiGIS: Species mapping and surveys,687c05e9-96d6-40e3-b1c9-2e026d0b3fc0,http://creativecommons.org/licenses/by/4.0/legalcode
4898892679,66.18648,29.647938,2021,,LajiGIS: Species mapping and surveys,687c05e9-96d6-40e3-b1c9-2e026d0b3fc0,http://creativecommons.org/licenses/by/4.0/legalcode
4898892680,66.186655,29.647712,2021,Calonarius flavipallens,LajiGIS: Species mapping and surveys,687c05e9-96d6-40e3-b1c9-2e026d0b3fc0,http://creativecommons.org/licenses/by/4.0/legalcode
4898892782,64.162915,27.884054,2021,Mycena epipterygia,LajiGIS: Species mapping and surveys,687c05e9-96d6-40e3-b1c9-2e026d0b3fc0,http://creativecommons.org/licenses/by/4.0/legalcode
4898892783,64.162948,27.884569,2021,Inocybe geophylla,LajiGIS: Species mapping and surveys,687c05e9-96d6-40e3-b1c9-2e026d0b3fc0,http://creativecommons.org/licenses/by/4.0/legalcode
4898892784,64.162767,27.884872,2021,Russula grisescens,LajiGIS: Species mapping and surveys,687c05e9-96d6-40e3-b1c9-2e026d0b3fc0,http://creativecommons.org/licenses/by/4.0/legalcode
4898892785,64.162795,27.884667,2021,Lactarius flavopalustris,LajiGIS: Species mapping and surveys,687c05e9-96d6-40e3-b1c9-2e026d0b3fc0,http://creativecommons.org/licenses/by/4.0/legalcode
4898892786,64.162761,27.884337,2021,Russula aquosa,LajiGIS: Species mapping and surveys,687c05e9-96d6-40e3-b1c9-2e026d0b3fc0,http://creativecommons.org/licenses/by/4.0/legalcode
4898892787,64.162753,27.884234,2021,Russula versicolor,LajiGIS: Species mapping and surveys,687c05e9-96d6-40e3-b1c9-2e026d0b3fc0,http://creativecommons.org/licenses/by/4.0/legalcode
4898892788,64.162611,27.8839,2021,Inosperma lanatodiscum,LajiGIS: Species mapping and surveys,687c05e9-96d6-40e3-b1c9-2e026d0b3fc0,http://creativecommons.org/licenses/by/4.0/legalcode
4898892789,64.162384,27.884366,2021,,LajiGIS: Species mapping and surveys,687c05e9-96d6-40e3-b1c9-2e026d0b3fc0,http://creativecommons.org/licenses/by/4.0/legalcode
4898892791,64.161911,27.8854,2021,Lactarius tuomikoskii,LajiGIS: Species mapping and surveys,687c05e9-96d6-40e3-b1c9-2e026d0b3fc0,http://creativecommons.org/licenses/by/4.0/legalcode
4898892792,64.162032,27.887687,2021,,LajiGIS: Species mapping and surveys,687c05e9-96d6-40e3-b1c9-2e026d0b3fc0,http://creativecommons.org/licenses/by/4.0/legalcode
4898892793,64.162547,27.884125,2021,Entoloma eminens,LajiGIS: Species mapping and surveys,687c05e9-96d6-40e3-b1c9-2e026d0b3fc0,http://creativecommons.org/licenses/by/4.0/legalcode
4898892794,64.16251,27.884391,2021,Inosperma lanatodiscum,LajiGIS: Species mapping and surveys,687c05e9-96d6-40e3-b1c9-2e026d0b3fc0,http://creativecommons.org/licenses/by/4.0/legalcode
4898892795,64.162403,27.884264,2021,Armillaria borealis,LajiGIS: Species mapping and surveys,687c05e9-96d6-40e3-b1c9-2e026d0b3fc0,http://creativecommons.org/licenses/by/4.0/legalcode
4898892796,64.162419,27.884511,2021,Infundibulicybe gibba,LajiGIS: Species mapping and surveys,687c05e9-96d6-40e3-b1c9-2e026d0b3fc0,http://creativecommons.org/licenses/by/4.0/legalcode
4898892797,64.162357,27.884448,2021,Russula aeruginea,LajiGIS: Species mapping and surveys,687c05e9-96d6-40e3-b1c9-2e026d0b3fc0,http://creativecommons.org/licenses/by/4.0/legalcode
4898892798,64.16197,27.884538,2021,Russula claroflava,LajiGIS: Species mapping and surveys,687c05e9-96d6-40e3-b1c9-2e026d0b3fc0,http://creativecommons.org/licenses/by/4.0/legalcode
4898892799,64.162092,27.885138,2021,Hebeloma nigellum,LajiGIS: Species mapping and surveys,687c05e9-96d6-40e3-b1c9-2e026d0b3fc0,http://creativecommons.org/licenses/by/4.0/legalcode
4898892800,64.161879,27.884782,2021,Inocybe stellatospora,LajiGIS: Species mapping and surveys,687c05e9-96d6-40e3-b1c9-2e026d0b3fc0,http://creativecommons.org/licenses/by/4.0/legalcode
4898892801,64.161758,27.886979,2021,Entoloma rhodopolium,LajiGIS: Species mapping and surveys,687c05e9-96d6-40e3-b1c9-2e026d0b3fc0,http://creativecommons.org/licenses/by/4.0/legalcode
4898892802,64.162196,27.887198,2021,Inocybe euganea,LajiGIS: Species mapping and surveys,687c05e9-96d6-40e3-b1c9-2e026d0b3fc0,http://creativecommons.org/licenses/by/4.0/legalcode
4898892803,64.162305,27.887099,2021,Hebeloma leucosarx,LajiGIS: Species mapping and surveys,687c05e9-96d6-40e3-b1c9-2e026d0b3fc0,http://creativecommons.org/licenses/by/4.0/legalcode
4898892804,64.162183,27.888,2021,Suillus luteus,LajiGIS: Species mapping and surveys,687c05e9-96d6-40e3-b1c9-2e026d0b3fc0,http://creativecommons.org/licenses/by/4.0/legalcode
4898892805,64.162101,27.888121,2021,Cortinarius anomalus,LajiGIS: Species mapping and surveys,687c05e9-96d6-40e3-b1c9-2e026d0b3fc0,http://creativecommons.org/licenses/by/4.0/legalcode
4898892806,64.162405,27.883955,2021,Hygrophoropsis aurantiaca,LajiGIS: Species mapping and surveys,687c05e9-96d6-40e3-b1c9-2e026d0b3fc0,http://creativecommons.org/licenses/by/4.0/legalcode
4898892807,64.162145,27.883865,2021,Cortinarius trivialis,LajiGIS: Species mapping and surveys,687c05e9-96d6-40e3-b1c9-2e026d0b3fc0,http://creativecommons.org/licenses/by/4.0/legalcode
4898892808,64.16189,27.884412,2021,Lactarius rufus,LajiGIS: Species mapping and surveys,687c05e9-96d6-40e3-b1c9-2e026d0b3fc0,http://creativecommons.org/licenses/by/4.0/legalcode
4898892809,64.162106,27.884337,2021,,LajiGIS: Species mapping and surveys,687c05e9-96d6-40e3-b1c9-2e026d0b3fc0,http://creativecommons.org/licenses/by/4.0/legalcode
4898892824,64.160077,27.862063,2021,Gymnopus androsaceus,LajiGIS: Species mapping and surveys,687c05e9-96d6-40e3-b1c9-2e026d0b3fc0,http://creativecommons.org/licenses/by/4.0/legalcode
4898892825,64.160149,27.861983,2021,Lactarius glyciosmus,LajiGIS: Species mapping and surveys,687c05e9-96d6-40e3-b1c9-2e026d0b3fc0,http://creativecommons.org/licenses/by/4.0/legalcode
4898892826,64.15971,27.861743,2021,Russula gracillima,LajiGIS: Species mapping and surveys,687c05e9-96d6-40e3-b1c9-2e026d0b3fc0,http://creativecommons.org/licenses/by/4.0/legalcode
4898892827,64.159613,27.861555,2021,Cortinarius saniosus,LajiGIS: Species mapping and surveys,687c05e9-96d6-40e3-b1c9-2e026d0b3fc0,http://creativecommons.org/licenses/by/4.0/legalcode
4898892828,64.159668,27.861331,2021,,LajiGIS: Species mapping and surveys,687c05e9-96d6-40e3-b1c9-2e026d0b3fc0,http://creativecommons.org/licenses/by/4.0/legalcode
4898892829,64.159579,27.861225,2021,Gymnopus terginus,LajiGIS: Species mapping and surveys,687c05e9-96d6-40e3-b1c9-2e026d0b3fc0,http://creativecommons.org/licenses/by/4.0/legalcode
4898892830,64.159606,27.861123,2021,Cortinarius hemitrichus,LajiGIS: Species mapping and surveys,687c05e9-96d6-40e3-b1c9-2e026d0b3fc0,http://creativecommons.org/licenses/by/4.0/legalcode
4898892831,64.158968,27.861371,2021,Auriscalpium vulgare,LajiGIS: Species mapping and surveys,687c05e9-96d6-40e3-b1c9-2e026d0b3fc0,http://creativecommons.org/licenses/by/4.0/legalcode
4898892832,64.159114,27.861005,2021,Cortinarius collinitus,LajiGIS: Species mapping and surveys,687c05e9-96d6-40e3-b1c9-2e026d0b3fc0,http://creativecommons.org/licenses/by/4.0/legalcode
4898892833,64.159119,27.86156,2021,Panaeolus alcis,LajiGIS: Species mapping and surveys,687c05e9-96d6-40e3-b1c9-2e026d0b3fc0,http://creativecommons.org/licenses/by/4.0/legalcode
4898892834,64.159325,27.86169,2021,Pseudosperma rimosum,LajiGIS: Species mapping and surveys,687c05e9-96d6-40e3-b1c9-2e026d0b3fc0,http://creativecommons.org/licenses/by/4.0/legalcode
4898892835,64.159272,27.863025,2021,Hebeloma ingratum,LajiGIS: Species mapping and surveys,687c05e9-96d6-40e3-b1c9-2e026d0b3fc0,http://creativecommons.org/licenses/by/4.0/legalcode
4898892836,64.159344,27.863068,2021,Crepidotus caspari,LajiGIS: Species mapping and surveys,687c05e9-96d6-40e3-b1c9-2e026d0b3fc0,http://creativecommons.org/licenses/by/4.0/legalcode
4898892837,64.159553,27.862602,2021,,LajiGIS: Species mapping and surveys,687c05e9-96d6-40e3-b1c9-2e026d0b3fc0,http://creativecommons.org/licenses/by/4.0/legalcode
4898892838,64.159689,27.862257,2021,Inocybe proximella,LajiGIS: Species mapping and surveys,687c05e9-96d6-40e3-b1c9-2e026d0b3fc0,http://creativecommons.org/licenses/by/4.0/legalcode
4898892839,64.15984,27.86259,2021,Entoloma jubatum,LajiGIS: Species mapping and surveys,687c05e9-96d6-40e3-b1c9-2e026d0b3fc0,http://creativecommons.org/licenses/by/4.0/legalcode
4898892840,64.159966,27.862553,2021,Entoloma mutabilipes,LajiGIS: Species mapping and surveys,687c05e9-96d6-40e3-b1c9-2e026d0b3fc0,http://creativecommons.org/licenses/by/4.0/legalcode
4898892841,64.160022,27.862123,2021,Russula aquosa,LajiGIS: Species mapping and surveys,687c05e9-96d6-40e3-b1c9-2e026d0b3fc0,http://creativecommons.org/licenses/by/4.0/legalcode
4898892842,64.159743,27.862279,2021,Inocybe mixtilis,LajiGIS: Species mapping and surveys,687c05e9-96d6-40e3-b1c9-2e026d0b3fc0,http://creativecommons.org/licenses/by/4.0/legalcode
4898892843,64.159251,27.86212,2021,Hebeloma incarnatulum,LajiGIS: Species mapping and surveys,687c05e9-96d6-40e3-b1c9-2e026d0b3fc0,http://creativecommons.org/licenses/by/4.0/legalcode
4898892844,64.159364,27.862658,2021,Inocybe fuscescentipes,LajiGIS: Species mapping and surveys,687c05e9-96d6-40e3-b1c9-2e026d0b3fc0,http://creativecommons.org/licenses/by/4.0/legalcode
4898892860,64.165548,27.892344,2021,Pholiota lubrica,LajiGIS: Species mapping and surveys,687c05e9-96d6-40e3-b1c9-2e026d0b3fc0,http://creativecommons.org/licenses/by/4.0/legalcode
4898892861,64.165377,27.892462,2021,Mycena haematopus,LajiGIS: Species mapping and surveys,687c05e9-96d6-40e3-b1c9-2e026d0b3fc0,http://creativecommons.org/licenses/by/4.0/legalcode
4898892862,64.16536,27.892256,2021,Russula gracillima,LajiGIS: Species mapping and surveys,687c05e9-96d6-40e3-b1c9-2e026d0b3fc0,http://creativecommons.org/licenses/by/4.0/legalcode
4898892863,64.165412,27.89269,2021,Inocybe euganea,LajiGIS: Species mapping and surveys,687c05e9-96d6-40e3-b1c9-2e026d0b3fc0,http://creativecommons.org/licenses/by/4.0/legalcode
4898892864,64.16533,27.892749,2021,Mycena sanguinolenta,LajiGIS: Species mapping and surveys,687c05e9-96d6-40e3-b1c9-2e026d0b3fc0,http://creativecommons.org/licenses/by/4.0/legalcode
4898892865,64.16522,27.893259,2021,Candolleomyces candolleanus,LajiGIS: Species mapping and surveys,687c05e9-96d6-40e3-b1c9-2e026d0b3fc0,http://creativecommons.org/licenses/by/4.0/legalcode
4898892866,64.165214,27.892704,2021,Mycena galopus,LajiGIS: Species mapping and surveys,687c05e9-96d6-40e3-b1c9-2e026d0b3fc0,http://creativecommons.org/licenses/by/4.0/legalcode
4898892867,64.16494,27.893477,2021,Auriscalpium vulgare,LajiGIS: Species mapping and surveys,687c05e9-96d6-40e3-b1c9-2e026d0b3fc0,http://creativecommons.org/licenses/by/4.0/legalcode
4898892868,64.164868,27.893474,2021,Flammulaster muricatus,LajiGIS: Species mapping and surveys,687c05e9-96d6-40e3-b1c9-2e026d0b3fc0,http://creativecommons.org/licenses/by/4.0/legalcode
4898892869,64.16485,27.893536,2021,Inocybe mixtilis,LajiGIS: Species mapping and surveys,687c05e9-96d6-40e3-b1c9-2e026d0b3fc0,http://creativecommons.org/licenses/by/4.0/legalcode
4898892870,64.165046,27.893789,2021,Mycena pura,LajiGIS: Species mapping and surveys,687c05e9-96d6-40e3-b1c9-2e026d0b3fc0,http://creativecommons.org/licenses/by/4.0/legalcode
4898892871,64.165502,27.892631,2021,Russula xerampelina,LajiGIS: Species mapping and surveys,687c05e9-96d6-40e3-b1c9-2e026d0b3fc0,http://creativecommons.org/licenses/by/4.0/legalcode
4898892872,64.164819,27.892712,2021,Lactarius torminosus,LajiGIS: Species mapping and surveys,687c05e9-96d6-40e3-b1c9-2e026d0b3fc0,http://creativecommons.org/licenses/by/4.0/legalcode
4898892889,64.166374,27.89233,2021,Baeospora myosura,LajiGIS: Species mapping and surveys,687c05e9-96d6-40e3-b1c9-2e026d0b3fc0,http://creativecommons.org/licenses/by/4.0/legalcode
4898892891,64.166464,27.892292,2021,Mycena haematopus,LajiGIS: Species mapping and surveys,687c05e9-96d6-40e3-b1c9-2e026d0b3fc0,http://creativecommons.org/licenses/by/4.0/legalcode
4898892892,64.166831,27.892427,2021,Ampulloclitocybe clavipes,LajiGIS: Species mapping and surveys,687c05e9-96d6-40e3-b1c9-2e026d0b3fc0,http://creativecommons.org/licenses/by/4.0/legalcode
4898892893,64.166652,27.892359,2021,Cystodermella cinnabarina,LajiGIS: Species mapping and surveys,687c05e9-96d6-40e3-b1c9-2e026d0b3fc0,http://creativecommons.org/licenses/by/4.0/legalcode
4898892894,64.166632,27.89275,2021,Lactarius deterrimus,LajiGIS: Species mapping and surveys,687c05e9-96d6-40e3-b1c9-2e026d0b3fc0,http://creativecommons.org/licenses/by/4.0/legalcode
4898892895,64.166793,27.892837,2021,Gymnopus dryophilus,LajiGIS: Species mapping and surveys,687c05e9-96d6-40e3-b1c9-2e026d0b3fc0,http://creativecommons.org/licenses/by/4.0/legalcode
4898892896,64.167167,27.893302,2021,Gymnopus ocior,LajiGIS: Species mapping and surveys,687c05e9-96d6-40e3-b1c9-2e026d0b3fc0,http://creativecommons.org/licenses/by/4.0/legalcode
4898892897,64.167086,27.894842,2021,Naucoria celluloderma,LajiGIS: Species mapping and surveys,687c05e9-96d6-40e3-b1c9-2e026d0b3fc0,http://creativecommons.org/licenses/by/4.0/legalcode
4898892898,64.16743,27.89438,2021,Russula fennoscandica,LajiGIS: Species mapping and surveys,687c05e9-96d6-40e3-b1c9-2e026d0b3fc0,http://creativecommons.org/licenses/by/4.0/legalcode
4898892899,64.166594,27.892995,2021,Lentinellus vulpinus,LajiGIS: Species mapping and surveys,687c05e9-96d6-40e3-b1c9-2e026d0b3fc0,http://creativecommons.org/licenses/by/4.0/legalcode
4898892900,64.167062,27.894285,2021,Psathyrella panaeoloides,LajiGIS: Species mapping and surveys,687c05e9-96d6-40e3-b1c9-2e026d0b3fc0,http://creativecommons.org/licenses/by/4.0/legalcode
4898892901,64.1669,27.894342,2021,Armillaria borealis,LajiGIS: Species mapping and surveys,687c05e9-96d6-40e3-b1c9-2e026d0b3fc0,http://creativecommons.org/licenses/by/4.0/legalcode
4898892913,64.16454,27.887047,2021,Tricholoma inamoenum,LajiGIS: Species mapping and surveys,687c05e9-96d6-40e3-b1c9-2e026d0b3fc0,http://creativecommons.org/licenses/by/4.0/legalcode
4898892914,64.164638,27.88705,2021,Russula nauseosa,LajiGIS: Species mapping and surveys,687c05e9-96d6-40e3-b1c9-2e026d0b3fc0,http://creativecommons.org/licenses/by/4.0/legalcode
4898892915,64.164618,27.887399,2021,,LajiGIS: Species mapping and surveys,687c05e9-96d6-40e3-b1c9-2e026d0b3fc0,http://creativecommons.org/licenses/by/4.0/legalcode
4898892916,64.16469,27.88736,2021,Lactarius tabidus,LajiGIS: Species mapping and surveys,687c05e9-96d6-40e3-b1c9-2e026d0b3fc0,http://creativecommons.org/licenses/by/4.0/legalcode
4898892917,64.164952,27.887142,2021,Russula claroflava,LajiGIS: Species mapping and surveys,687c05e9-96d6-40e3-b1c9-2e026d0b3fc0,http://creativecommons.org/licenses/by/4.0/legalcode
4898892918,64.164933,27.887265,2021,Inocybe lanuginosa,LajiGIS: Species mapping and surveys,687c05e9-96d6-40e3-b1c9-2e026d0b3fc0,http://creativecommons.org/licenses/by/4.0/legalcode
4898892919,64.164823,27.887632,2021,Paxillus involutus,LajiGIS: Species mapping and surveys,687c05e9-96d6-40e3-b1c9-2e026d0b3fc0,http://creativecommons.org/licenses/by/4.0/legalcode
4898892920,64.164837,27.886768,2021,Entoloma lupinum,LajiGIS: Species mapping and surveys,687c05e9-96d6-40e3-b1c9-2e026d0b3fc0,http://creativecommons.org/licenses/by/4.0/legalcode
4898892921,64.164909,27.886812,2021,Inocybe pseudoteraturgus,LajiGIS: Species mapping and surveys,687c05e9-96d6-40e3-b1c9-2e026d0b3fc0,http://creativecommons.org/licenses/by/4.0/legalcode
4898892922,64.165052,27.88694,2021,Cortinarius sanguineus,LajiGIS: Species mapping and surveys,687c05e9-96d6-40e3-b1c9-2e026d0b3fc0,http://creativecommons.org/licenses/by/4.0/legalcode
4898892923,64.164859,27.886255,2021,Lactarius scrobiculatus,LajiGIS: Species mapping and surveys,687c05e9-96d6-40e3-b1c9-2e026d0b3fc0,http://creativecommons.org/licenses/by/4.0/legalcode
4898892924,64.164976,27.886115,2021,Kuehneromyces mutabilis,LajiGIS: Species mapping and surveys,687c05e9-96d6-40e3-b1c9-2e026d0b3fc0,http://creativecommons.org/licenses/by/4.0/legalcode
4898892925,64.165172,27.886429,2021,Lepiota magnispora,LajiGIS: Species mapping and surveys,687c05e9-96d6-40e3-b1c9-2e026d0b3fc0,http://creativecommons.org/licenses/by/4.0/legalcode
4898892926,64.165207,27.886431,2021,Russula xerampelina,LajiGIS: Species mapping and surveys,687c05e9-96d6-40e3-b1c9-2e026d0b3fc0,http://creativecommons.org/licenses/by/4.0/legalcode
4898892927,64.164951,27.885744,2021,Pholiota lubrica,LajiGIS: Species mapping and surveys,687c05e9-96d6-40e3-b1c9-2e026d0b3fc0,http://creativecommons.org/licenses/by/4.0/legalcode
4898892928,64.165587,27.886072,2021,Tephrocybe confusa,LajiGIS: Species mapping and surveys,687c05e9-96d6-40e3-b1c9-2e026d0b3fc0,http://creativecommons.org/licenses/by/4.0/legalcode
4898892929,64.165921,27.887214,2021,Russula olivina,LajiGIS: Species mapping and surveys,687c05e9-96d6-40e3-b1c9-2e026d0b3fc0,http://creativecommons.org/licenses/by/4.0/legalcode
4898892930,64.167045,27.888279,2021,Lactarius turpis,LajiGIS: Species mapping and surveys,687c05e9-96d6-40e3-b1c9-2e026d0b3fc0,http://creativecommons.org/licenses/by/4.0/legalcode
4898892931,64.166451,27.888527,2021,Inocybe silvae-herbaceae,LajiGIS: Species mapping and surveys,687c05e9-96d6-40e3-b1c9-2e026d0b3fc0,http://creativecommons.org/licenses/by/4.0/legalcode
4898892932,64.166154,27.888744,2021,Tricholomopsis decora,LajiGIS: Species mapping and surveys,687c05e9-96d6-40e3-b1c9-2e026d0b3fc0,http://creativecommons.org/licenses/by/4.0/legalcode
4898892933,64.165882,27.887604,2021,Boletus edulis,LajiGIS: Species mapping and surveys,687c05e9-96d6-40e3-b1c9-2e026d0b3fc0,http://creativecommons.org/licenses/by/4.0/legalcode
4898892934,64.165545,27.888478,2021,Russula aeruginea,LajiGIS: Species mapping and surveys,687c05e9-96d6-40e3-b1c9-2e026d0b3fc0,http://creativecommons.org/licenses/by/4.0/legalcode
4898892935,64.165484,27.888229,2021,Russula claroflava,LajiGIS: Species mapping and surveys,687c05e9-96d6-40e3-b1c9-2e026d0b3fc0,http://creativecommons.org/licenses/by/4.0/legalcode
4898892936,64.165556,27.889568,2021,Lactarius glyciosmus,LajiGIS: Species mapping and surveys,687c05e9-96d6-40e3-b1c9-2e026d0b3fc0,http://creativecommons.org/licenses/by/4.0/legalcode
4898892953,64.18134,27.904583,2021,Amanita vaginata,LajiGIS: Species mapping and surveys,687c05e9-96d6-40e3-b1c9-2e026d0b3fc0,http://creativecommons.org/licenses/by/4.0/legalcode
4898892954,64.181356,27.90483,2021,Lactarius deterrimus,LajiGIS: Species mapping and surveys,687c05e9-96d6-40e3-b1c9-2e026d0b3fc0,http://creativecommons.org/licenses/by/4.0/legalcode
4898892955,64.181195,27.904804,2021,Connopus acervatus,LajiGIS: Species mapping and surveys,687c05e9-96d6-40e3-b1c9-2e026d0b3fc0,http://creativecommons.org/licenses/by/4.0/legalcode
4898892956,64.181311,27.904952,2021,Gyrodon lividus,LajiGIS: Species mapping and surveys,687c05e9-96d6-40e3-b1c9-2e026d0b3fc0,http://creativecommons.org/licenses/by/4.0/legalcode
4898892957,64.18141,27.904894,2021,Hydnum rufescens,LajiGIS: Species mapping and surveys,687c05e9-96d6-40e3-b1c9-2e026d0b3fc0,http://creativecommons.org/licenses/by/4.0/legalcode
4898892958,64.181627,27.904592,2021,Russula gracillima,LajiGIS: Species mapping and surveys,687c05e9-96d6-40e3-b1c9-2e026d0b3fc0,http://creativecommons.org/licenses/by/4.0/legalcode
4898892959,64.181454,27.90506,2021,,LajiGIS: Species mapping and surveys,687c05e9-96d6-40e3-b1c9-2e026d0b3fc0,http://creativecommons.org/licenses/by/4.0/legalcode
4898892960,64.181354,27.905262,2021,,LajiGIS: Species mapping and surveys,687c05e9-96d6-40e3-b1c9-2e026d0b3fc0,http://creativecommons.org/licenses/by/4.0/legalcode
4898892961,64.18145,27.905574,2021,Lactarius trivialis,LajiGIS: Species mapping and surveys,687c05e9-96d6-40e3-b1c9-2e026d0b3fc0,http://creativecommons.org/licenses/by/4.0/legalcode
4898892962,64.181769,27.904905,2021,Russula olivina,LajiGIS: Species mapping and surveys,687c05e9-96d6-40e3-b1c9-2e026d0b3fc0,http://creativecommons.org/licenses/by/4.0/legalcode
4898892963,64.181602,27.905805,2021,Mycena leptocephala,LajiGIS: Species mapping and surveys,687c05e9-96d6-40e3-b1c9-2e026d0b3fc0,http://creativecommons.org/licenses/by/4.0/legalcode
4898892964,64.18187,27.905876,2021,,LajiGIS: Species mapping and surveys,687c05e9-96d6-40e3-b1c9-2e026d0b3fc0,http://creativecommons.org/licenses/by/4.0/legalcode
4898892980,64.140669,27.880942,2021,Paragymnopus perforans,LajiGIS: Species mapping and surveys,687c05e9-96d6-40e3-b1c9-2e026d0b3fc0,http://creativecommons.org/licenses/by/4.0/legalcode
4898892981,64.140759,27.880904,2021,Russula paludosa,LajiGIS: Species mapping and surveys,687c05e9-96d6-40e3-b1c9-2e026d0b3fc0,http://creativecommons.org/licenses/by/4.0/legalcode
4898892982,64.140883,27.881072,2021,Cortinarius kauffmanianus,LajiGIS: Species mapping and surveys,687c05e9-96d6-40e3-b1c9-2e026d0b3fc0,http://creativecommons.org/licenses/by/4.0/legalcode
4898892983,64.140936,27.881259,2021,Cortinarius croceus,LajiGIS: Species mapping and surveys,687c05e9-96d6-40e3-b1c9-2e026d0b3fc0,http://creativecommons.org/licenses/by/4.0/legalcode
4898892984,64.141089,27.881202,2021,Hygrophorus piceae,LajiGIS: Species mapping and surveys,687c05e9-96d6-40e3-b1c9-2e026d0b3fc0,http://creativecommons.org/licenses/by/4.0/legalcode
4898892985,64.141203,27.881576,2021,Gymnopus androsaceus,LajiGIS: Species mapping and surveys,687c05e9-96d6-40e3-b1c9-2e026d0b3fc0,http://creativecommons.org/licenses/by/4.0/legalcode
4898892986,64.140853,27.881647,2021,Cortinarius illuminus,LajiGIS: Species mapping and surveys,687c05e9-96d6-40e3-b1c9-2e026d0b3fc0,http://creativecommons.org/licenses/by/4.0/legalcode
4898892987,64.140585,27.881392,2021,Cortinarius camphoratus,LajiGIS: Species mapping and surveys,687c05e9-96d6-40e3-b1c9-2e026d0b3fc0,http://creativecommons.org/licenses/by/4.0/legalcode
4898892988,64.14103,27.882002,2021,Phlegmacium gentianeum,LajiGIS: Species mapping and surveys,687c05e9-96d6-40e3-b1c9-2e026d0b3fc0,http://creativecommons.org/licenses/by/4.0/legalcode
4898892989,64.141119,27.882148,2021,Lactarius deterrimus,LajiGIS: Species mapping and surveys,687c05e9-96d6-40e3-b1c9-2e026d0b3fc0,http://creativecommons.org/licenses/by/4.0/legalcode
4898892990,64.14102,27.882166,2021,Lactarius fuliginosus,LajiGIS: Species mapping and surveys,687c05e9-96d6-40e3-b1c9-2e026d0b3fc0,http://creativecommons.org/licenses/by/4.0/legalcode
4898892991,64.141002,27.882145,2021,Thaxterogaster pseudoarquatus,LajiGIS: Species mapping and surveys,687c05e9-96d6-40e3-b1c9-2e026d0b3fc0,http://creativecommons.org/licenses/by/4.0/legalcode
4898892992,64.140776,27.882405,2021,,LajiGIS: Species mapping and surveys,687c05e9-96d6-40e3-b1c9-2e026d0b3fc0,http://creativecommons.org/licenses/by/4.0/legalcode
4898892993,64.140569,27.882645,2021,Albatrellopsis confluens,LajiGIS: Species mapping and surveys,687c05e9-96d6-40e3-b1c9-2e026d0b3fc0,http://creativecommons.org/licenses/by/4.0/legalcode
4898892994,64.141197,27.882541,2021,Cortinarius subtortus,LajiGIS: Species mapping and surveys,687c05e9-96d6-40e3-b1c9-2e026d0b3fc0,http://creativecommons.org/licenses/by/4.0/legalcode
4898892995,64.140936,27.882697,2021,Mycena galericulata,LajiGIS: Species mapping and surveys,687c05e9-96d6-40e3-b1c9-2e026d0b3fc0,http://creativecommons.org/licenses/by/4.0/legalcode
4898893006,64.168008,27.873026,2021,Russula atrorubens,LajiGIS: Species mapping and surveys,687c05e9-96d6-40e3-b1c9-2e026d0b3fc0,http://creativecommons.org/licenses/by/4.0/legalcode
4898893007,64.16834,27.873016,2021,Lactarius tabidus,LajiGIS: Species mapping and surveys,687c05e9-96d6-40e3-b1c9-2e026d0b3fc0,http://creativecommons.org/licenses/by/4.0/legalcode
4898893008,64.168419,27.873204,2021,Entocybe turbida,LajiGIS: Species mapping and surveys,687c05e9-96d6-40e3-b1c9-2e026d0b3fc0,http://creativecommons.org/licenses/by/4.0/legalcode
4898893009,64.168177,27.873134,2021,Atheniella flavoalba,LajiGIS: Species mapping and surveys,687c05e9-96d6-40e3-b1c9-2e026d0b3fc0,http://creativecommons.org/licenses/by/4.0/legalcode
4898893010,64.168088,27.873008,2021,Ampulloclitocybe clavipes,LajiGIS: Species mapping and surveys,687c05e9-96d6-40e3-b1c9-2e026d0b3fc0,http://creativecommons.org/licenses/by/4.0/legalcode
4898893011,64.167981,27.873025,2021,Cortinarius collinitus,LajiGIS: Species mapping and surveys,687c05e9-96d6-40e3-b1c9-2e026d0b3fc0,http://creativecommons.org/licenses/by/4.0/legalcode
4898893012,64.167845,27.873165,2021,Mycena leptocephala,LajiGIS: Species mapping and surveys,687c05e9-96d6-40e3-b1c9-2e026d0b3fc0,http://creativecommons.org/licenses/by/4.0/legalcode
4898893013,64.167987,27.873396,2021,,LajiGIS: Species mapping and surveys,687c05e9-96d6-40e3-b1c9-2e026d0b3fc0,http://creativecommons.org/licenses/by/4.0/legalcode
4898893014,64.168104,27.873338,2021,Cortinarius pholideus,LajiGIS: Species mapping and surveys,687c05e9-96d6-40e3-b1c9-2e026d0b3fc0,http://creativecommons.org/licenses/by/4.0/legalcode
4898893015,64.168347,27.873284,2021,Cudonia circinans,LajiGIS: Species mapping and surveys,687c05e9-96d6-40e3-b1c9-2e026d0b3fc0,http://creativecommons.org/licenses/by/4.0/legalcode
4898893016,64.167644,27.873817,2021,Mycena citrinomarginata,LajiGIS: Species mapping and surveys,687c05e9-96d6-40e3-b1c9-2e026d0b3fc0,http://creativecommons.org/licenses/by/4.0/legalcode
4898893017,64.168344,27.873736,2021,Russula clavipes,LajiGIS: Species mapping and surveys,687c05e9-96d6-40e3-b1c9-2e026d0b3fc0,http://creativecommons.org/licenses/by/4.0/legalcode
4898893018,64.167551,27.87439,2021,Inocybe cincinnata,LajiGIS: Species mapping and surveys,687c05e9-96d6-40e3-b1c9-2e026d0b3fc0,http://creativecommons.org/licenses/by/4.0/legalcode
4898893019,64.16774,27.874314,2021,Russula medullata,LajiGIS: Species mapping and surveys,687c05e9-96d6-40e3-b1c9-2e026d0b3fc0,http://creativecommons.org/licenses/by/4.0/legalcode
4898893020,64.168073,27.874077,2021,Russula grisescens,LajiGIS: Species mapping and surveys,687c05e9-96d6-40e3-b1c9-2e026d0b3fc0,http://creativecommons.org/licenses/by/4.0/legalcode
4898893021,64.167693,27.874682,2021,Megacollybia platyphylla,LajiGIS: Species mapping and surveys,687c05e9-96d6-40e3-b1c9-2e026d0b3fc0,http://creativecommons.org/licenses/by/4.0/legalcode
4898893027,64.337266,28.064155,2021,Boletus edulis,LajiGIS: Species mapping and surveys,687c05e9-96d6-40e3-b1c9-2e026d0b3fc0,http://creativecommons.org/licenses/by/4.0/legalcode
4898893028,64.337159,28.064048,2021,Armillaria borealis,LajiGIS: Species mapping and surveys,687c05e9-96d6-40e3-b1c9-2e026d0b3fc0,http://creativecommons.org/licenses/by/4.0/legalcode
4898893029,64.337161,28.063799,2021,Mycena leptocephala,LajiGIS: Species mapping and surveys,687c05e9-96d6-40e3-b1c9-2e026d0b3fc0,http://creativecommons.org/licenses/by/4.0/legalcode
4898893030,64.337064,28.06363,2021,Cortinarius acutus,LajiGIS: Species mapping and surveys,687c05e9-96d6-40e3-b1c9-2e026d0b3fc0,http://creativecommons.org/licenses/by/4.0/legalcode
4898893031,64.337137,28.063384,2021,Cortinarius subtortus,LajiGIS: Species mapping and surveys,687c05e9-96d6-40e3-b1c9-2e026d0b3fc0,http://creativecommons.org/licenses/by/4.0/legalcode
4898893032,64.337041,28.063112,2021,Mycena sanguinolenta,LajiGIS: Species mapping and surveys,687c05e9-96d6-40e3-b1c9-2e026d0b3fc0,http://creativecommons.org/licenses/by/4.0/legalcode
4898893033,64.337025,28.062759,2021,Psilocybe medullosa,LajiGIS: Species mapping and surveys,687c05e9-96d6-40e3-b1c9-2e026d0b3fc0,http://creativecommons.org/licenses/by/4.0/legalcode
4898893034,64.336896,28.061968,2021,Lepiota clypeolaria,LajiGIS: Species mapping and surveys,687c05e9-96d6-40e3-b1c9-2e026d0b3fc0,http://creativecommons.org/licenses/by/4.0/legalcode
4898893035,64.337015,28.061683,2021,Collybiopsis confluens,LajiGIS: Species mapping and surveys,687c05e9-96d6-40e3-b1c9-2e026d0b3fc0,http://creativecommons.org/licenses/by/4.0/legalcode
4898893036,64.336909,28.06143,2021,,LajiGIS: Species mapping and surveys,687c05e9-96d6-40e3-b1c9-2e026d0b3fc0,http://creativecommons.org/licenses/by/4.0/legalcode
4898893037,64.336643,28.060944,2021,Leccinum albostipitatum,LajiGIS: Species mapping and surveys,687c05e9-96d6-40e3-b1c9-2e026d0b3fc0,http://creativecommons.org/licenses/by/4.0/legalcode
4898893038,64.336428,28.062136,2021,Amanita muscaria,LajiGIS: Species mapping and surveys,687c05e9-96d6-40e3-b1c9-2e026d0b3fc0,http://creativecommons.org/licenses/by/4.0/legalcode
4898893039,64.335559,28.06202,2021,Lactarius lignyotus,LajiGIS: Species mapping and surveys,687c05e9-96d6-40e3-b1c9-2e026d0b3fc0,http://creativecommons.org/licenses/by/4.0/legalcode
4898893040,64.3349,28.063795,2021,Lactarius lignyotus,LajiGIS: Species mapping and surveys,687c05e9-96d6-40e3-b1c9-2e026d0b3fc0,http://creativecommons.org/licenses/by/4.0/legalcode
4898893041,64.336552,28.063693,2021,Lactarius rufus,LajiGIS: Species mapping and surveys,687c05e9-96d6-40e3-b1c9-2e026d0b3fc0,http://creativecommons.org/licenses/by/4.0/legalcode
4898893042,64.33696,28.064371,2021,,LajiGIS: Species mapping and surveys,687c05e9-96d6-40e3-b1c9-2e026d0b3fc0,http://creativecommons.org/licenses/by/4.0/legalcode
4898893143,66.23993,29.243393,2021,Lactarius vietus,LajiGIS: Species mapping and surveys,687c05e9-96d6-40e3-b1c9-2e026d0b3fc0,http://creativecommons.org/licenses/by/4.0/legalcode
4898893144,66.240134,29.24172,2021,Suillus variegatus,LajiGIS: Species mapping and surveys,687c05e9-96d6-40e3-b1c9-2e026d0b3fc0,http://creativecommons.org/licenses/by/4.0/legalcode
4898893145,66.239961,29.241259,2021,,LajiGIS: Species mapping and surveys,687c05e9-96d6-40e3-b1c9-2e026d0b3fc0,http://creativecommons.org/licenses/by/4.0/legalcode
4898893146,66.239848,29.240982,2021,,LajiGIS: Species mapping and surveys,687c05e9-96d6-40e3-b1c9-2e026d0b3fc0,http://creativecommons.org/licenses/by/4.0/legalcode
4898893147,66.239656,29.240008,2021,Entoloma rhodopolium,LajiGIS: Species mapping and surveys,687c05e9-96d6-40e3-b1c9-2e026d0b3fc0,http://creativecommons.org/licenses/by/4.0/legalcode
4898893148,66.239819,29.241113,2021,Gymnopus dryophilus,LajiGIS: Species mapping and surveys,687c05e9-96d6-40e3-b1c9-2e026d0b3fc0,http://creativecommons.org/licenses/by/4.0/legalcode
4898893149,66.239934,29.241902,2021,Tricholoma fulvum,LajiGIS: Species mapping and surveys,687c05e9-96d6-40e3-b1c9-2e026d0b3fc0,http://creativecommons.org/licenses/by/4.0/legalcode
4898893150,66.239886,29.242699,2021,Hydnum rufescens,LajiGIS: Species mapping and surveys,687c05e9-96d6-40e3-b1c9-2e026d0b3fc0,http://creativecommons.org/licenses/by/4.0/legalcode
4898893151,66.239706,29.242127,2021,Entoloma politum,LajiGIS: Species mapping and surveys,687c05e9-96d6-40e3-b1c9-2e026d0b3fc0,http://creativecommons.org/licenses/by/4.0/legalcode
4898893152,66.239726,29.241394,2021,Hebeloma leucosarx,LajiGIS: Species mapping and surveys,687c05e9-96d6-40e3-b1c9-2e026d0b3fc0,http://creativecommons.org/licenses/by/4.0/legalcode
4898893153,66.239536,29.24022,2021,Clavulina cinerea,LajiGIS: Species mapping and surveys,687c05e9-96d6-40e3-b1c9-2e026d0b3fc0,http://creativecommons.org/licenses/by/4.0/legalcode
4898893154,66.239358,29.240115,2021,Hebeloma clavulipes,LajiGIS: Species mapping and surveys,687c05e9-96d6-40e3-b1c9-2e026d0b3fc0,http://creativecommons.org/licenses/by/4.0/legalcode
4898893155,66.239529,29.240709,2021,Hebeloma mesophaeum,LajiGIS: Species mapping and surveys,687c05e9-96d6-40e3-b1c9-2e026d0b3fc0,http://creativecommons.org/licenses/by/4.0/legalcode
4898893156,66.239395,29.240697,2021,,LajiGIS: Species mapping and surveys,687c05e9-96d6-40e3-b1c9-2e026d0b3fc0,http://creativecommons.org/licenses/by/4.0/legalcode
4898893157,66.239354,29.240426,2021,Lentinellus flabelliformis,LajiGIS: Species mapping and surveys,687c05e9-96d6-40e3-b1c9-2e026d0b3fc0,http://creativecommons.org/licenses/by/4.0/legalcode
4898893158,66.239289,29.240532,2021,Entoloma conferendum,LajiGIS: Species mapping and surveys,687c05e9-96d6-40e3-b1c9-2e026d0b3fc0,http://creativecommons.org/licenses/by/4.0/legalcode
4898893159,66.238829,29.240714,2021,Flammulaster muricatus,LajiGIS: Species mapping and surveys,687c05e9-96d6-40e3-b1c9-2e026d0b3fc0,http://creativecommons.org/licenses/by/4.0/legalcode
4898893160,66.239255,29.241063,2021,Otidea alutacea,LajiGIS: Species mapping and surveys,687c05e9-96d6-40e3-b1c9-2e026d0b3fc0,http://creativecommons.org/licenses/by/4.0/legalcode
4898893161,66.238227,29.24135,2021,Paxillus involutus,LajiGIS: Species mapping and surveys,687c05e9-96d6-40e3-b1c9-2e026d0b3fc0,http://creativecommons.org/licenses/by/4.0/legalcode
4898893162,66.237607,29.240783,2021,Hebeloma leucosarx,LajiGIS: Species mapping and surveys,687c05e9-96d6-40e3-b1c9-2e026d0b3fc0,http://creativecommons.org/licenses/by/4.0/legalcode
4898893163,66.237657,29.240454,2021,Lactarius scrobiculatus,LajiGIS: Species mapping and surveys,687c05e9-96d6-40e3-b1c9-2e026d0b3fc0,http://creativecommons.org/licenses/by/4.0/legalcode
4898893164,66.237425,29.240366,2021,Entoloma sericellum,LajiGIS: Species mapping and surveys,687c05e9-96d6-40e3-b1c9-2e026d0b3fc0,http://creativecommons.org/licenses/by/4.0/legalcode
4898893165,66.237336,29.239647,2021,Clavaria falcata,LajiGIS: Species mapping and surveys,687c05e9-96d6-40e3-b1c9-2e026d0b3fc0,http://creativecommons.org/licenses/by/4.0/legalcode
4898893166,66.237669,29.239009,2021,,LajiGIS: Species mapping and surveys,687c05e9-96d6-40e3-b1c9-2e026d0b3fc0,http://creativecommons.org/licenses/by/4.0/legalcode
4898893167,66.237472,29.237122,2021,Hebeloma leucosarx,LajiGIS: Species mapping and surveys,687c05e9-96d6-40e3-b1c9-2e026d0b3fc0,http://creativecommons.org/licenses/by/4.0/legalcode
4898893168,66.23757,29.236552,2021,Phlegmacium glaucopus,LajiGIS: Species mapping and surveys,687c05e9-96d6-40e3-b1c9-2e026d0b3fc0,http://creativecommons.org/licenses/by/4.0/legalcode
4898893169,66.239732,29.239125,2021,Hebeloma clavulipes,LajiGIS: Species mapping and surveys,687c05e9-96d6-40e3-b1c9-2e026d0b3fc0,http://creativecommons.org/licenses/by/4.0/legalcode
4898893170,66.239188,29.236339,2021,Cortinarius fervidus,LajiGIS: Species mapping and surveys,687c05e9-96d6-40e3-b1c9-2e026d0b3fc0,http://creativecommons.org/licenses/by/4.0/legalcode
4898893171,66.238907,29.235958,2021,,LajiGIS: Species mapping and surveys,687c05e9-96d6-40e3-b1c9-2e026d0b3fc0,http://creativecommons.org/licenses/by/4.0/legalcode
4898893172,66.238748,29.235766,2021,Hygrocybe insipida,LajiGIS: Species mapping and surveys,687c05e9-96d6-40e3-b1c9-2e026d0b3fc0,http://creativecommons.org/licenses/by/4.0/legalcode
4898893173,66.238777,29.235012,2021,,LajiGIS: Species mapping and surveys,687c05e9-96d6-40e3-b1c9-2e026d0b3fc0,http://creativecommons.org/licenses/by/4.0/legalcode
4898893174,66.23828,29.236459,2021,Lactarius scrobiculatus,LajiGIS: Species mapping and surveys,687c05e9-96d6-40e3-b1c9-2e026d0b3fc0,http://creativecommons.org/licenses/by/4.0/legalcode
4898893175,66.238039,29.237617,2021,Entoloma infula,LajiGIS: Species mapping and surveys,687c05e9-96d6-40e3-b1c9-2e026d0b3fc0,http://creativecommons.org/licenses/by/4.0/legalcode
4898893176,66.238127,29.237091,2021,Hygrophorus hedrychii,LajiGIS: Species mapping and surveys,687c05e9-96d6-40e3-b1c9-2e026d0b3fc0,http://creativecommons.org/licenses/by/4.0/legalcode
4898894301,64.164721,27.886785,2021,,LajiGIS: Species mapping and surveys,687c05e9-96d6-40e3-b1c9-2e026d0b3fc0,http://creativecommons.org/licenses/by/4.0/legalcode
4898894302,64.164755,27.887095,2021,Mycena galopus,LajiGIS: Species mapping and surveys,687c05e9-96d6-40e3-b1c9-2e026d0b3fc0,http://creativecommons.org/licenses/by/4.0/legalcode
4898894303,64.164862,27.88718,2021,Mycena pura,LajiGIS: Species mapping and surveys,687c05e9-96d6-40e3-b1c9-2e026d0b3fc0,http://creativecommons.org/licenses/by/4.0/legalcode
4898894304,64.164825,27.887385,2021,Entoloma sericatum,LajiGIS: Species mapping and surveys,687c05e9-96d6-40e3-b1c9-2e026d0b3fc0,http://creativecommons.org/licenses/by/4.0/legalcode
4898894305,64.164812,27.8865,2021,Inocybe proximella,LajiGIS: Species mapping and surveys,687c05e9-96d6-40e3-b1c9-2e026d0b3fc0,http://creativecommons.org/licenses/by/4.0/legalcode
4898894306,64.164989,27.886999,2021,Entoloma lupinum,LajiGIS: Species mapping and surveys,687c05e9-96d6-40e3-b1c9-2e026d0b3fc0,http://creativecommons.org/licenses/by/4.0/legalcode
4898894307,64.165081,27.886591,2021,Lactarius deterrimus,LajiGIS: Species mapping and surveys,687c05e9-96d6-40e3-b1c9-2e026d0b3fc0,http://creativecommons.org/licenses/by/4.0/legalcode
4898894308,64.165109,27.886407,2021,Ampulloclitocybe clavipes,LajiGIS: Species mapping and surveys,687c05e9-96d6-40e3-b1c9-2e026d0b3fc0,http://creativecommons.org/licenses/by/4.0/legalcode
4898894309,64.165113,27.885749,2021,Galerina marginata,LajiGIS: Species mapping and surveys,687c05e9-96d6-40e3-b1c9-2e026d0b3fc0,http://creativecommons.org/licenses/by/4.0/legalcode
4898894310,64.164942,27.885784,2021,Hydnum rufescens,LajiGIS: Species mapping and surveys,687c05e9-96d6-40e3-b1c9-2e026d0b3fc0,http://creativecommons.org/licenses/by/4.0/legalcode
4898894311,64.164917,27.885537,2021,Rhodophana nitellina,LajiGIS: Species mapping and surveys,687c05e9-96d6-40e3-b1c9-2e026d0b3fc0,http://creativecommons.org/licenses/by/4.0/legalcode
4898894312,64.165655,27.88665,2021,Galerina mniophila,LajiGIS: Species mapping and surveys,687c05e9-96d6-40e3-b1c9-2e026d0b3fc0,http://creativecommons.org/licenses/by/4.0/legalcode
4898894313,64.165851,27.886945,2021,Paralepista gilva,LajiGIS: Species mapping and surveys,687c05e9-96d6-40e3-b1c9-2e026d0b3fc0,http://creativecommons.org/licenses/by/4.0/legalcode
4898894314,64.16637,27.887105,2021,Entoloma lupinum,LajiGIS: Species mapping and surveys,687c05e9-96d6-40e3-b1c9-2e026d0b3fc0,http://creativecommons.org/licenses/by/4.0/legalcode
4898894315,64.1671,27.888034,2021,,LajiGIS: Species mapping and surveys,687c05e9-96d6-40e3-b1c9-2e026d0b3fc0,http://creativecommons.org/licenses/by/4.0/legalcode
4898894316,64.16625,27.887657,2021,Entoloma boreale,LajiGIS: Species mapping and surveys,687c05e9-96d6-40e3-b1c9-2e026d0b3fc0,http://creativecommons.org/licenses/by/4.0/legalcode
4898894317,64.165763,27.888135,2021,Cortinarius caperatus,LajiGIS: Species mapping and surveys,687c05e9-96d6-40e3-b1c9-2e026d0b3fc0,http://creativecommons.org/licenses/by/4.0/legalcode
4898894318,64.16537,27.887752,2021,Russula intermedia,LajiGIS: Species mapping and surveys,687c05e9-96d6-40e3-b1c9-2e026d0b3fc0,http://creativecommons.org/licenses/by/4.0/legalcode
4898894319,64.165274,27.888695,2021,Inocybe borealis,LajiGIS: Species mapping and surveys,687c05e9-96d6-40e3-b1c9-2e026d0b3fc0,http://creativecommons.org/licenses/by/4.0/legalcode
4898894336,64.181396,27.904235,2021,Paragymnopus perforans,LajiGIS: Species mapping and surveys,687c05e9-96d6-40e3-b1c9-2e026d0b3fc0,http://creativecommons.org/licenses/by/4.0/legalcode
4898894337,64.18133,27.904665,2021,Russula fennoscandica,LajiGIS: Species mapping and surveys,687c05e9-96d6-40e3-b1c9-2e026d0b3fc0,http://creativecommons.org/licenses/by/4.0/legalcode
4898894338,64.181302,27.904828,2021,Collybia cirrhata,LajiGIS: Species mapping and surveys,687c05e9-96d6-40e3-b1c9-2e026d0b3fc0,http://creativecommons.org/licenses/by/4.0/legalcode
4898894339,64.18132,27.904829,2021,Lactarius vietus,LajiGIS: Species mapping and surveys,687c05e9-96d6-40e3-b1c9-2e026d0b3fc0,http://creativecommons.org/licenses/by/4.0/legalcode
4898894340,64.181312,27.904705,2021,Russula fontqueri,LajiGIS: Species mapping and surveys,687c05e9-96d6-40e3-b1c9-2e026d0b3fc0,http://creativecommons.org/licenses/by/4.0/legalcode
4898894341,64.181211,27.905093,2021,Mycena pura,LajiGIS: Species mapping and surveys,687c05e9-96d6-40e3-b1c9-2e026d0b3fc0,http://creativecommons.org/licenses/by/4.0/legalcode
4898894342,64.181248,27.90493,2021,Inocybe geophylla,LajiGIS: Species mapping and surveys,687c05e9-96d6-40e3-b1c9-2e026d0b3fc0,http://creativecommons.org/licenses/by/4.0/legalcode
4898894343,64.181311,27.904952,2021,,LajiGIS: Species mapping and surveys,687c05e9-96d6-40e3-b1c9-2e026d0b3fc0,http://creativecommons.org/licenses/by/4.0/legalcode
4898894344,64.181617,27.904839,2021,Inosperma lanatodiscum,LajiGIS: Species mapping and surveys,687c05e9-96d6-40e3-b1c9-2e026d0b3fc0,http://creativecommons.org/licenses/by/4.0/legalcode
4898894345,64.181262,27.905609,2021,Russula queletii,LajiGIS: Species mapping and surveys,687c05e9-96d6-40e3-b1c9-2e026d0b3fc0,http://creativecommons.org/licenses/by/4.0/legalcode
4898894346,64.181748,27.905399,2021,Tubaria confragosa,LajiGIS: Species mapping and surveys,687c05e9-96d6-40e3-b1c9-2e026d0b3fc0,http://creativecommons.org/licenses/by/4.0/legalcode
4898894347,64.181845,27.90569,2021,Pluteus cervinus,LajiGIS: Species mapping and surveys,687c05e9-96d6-40e3-b1c9-2e026d0b3fc0,http://creativecommons.org/licenses/by/4.0/legalcode
4898894348,64.181926,27.90559,2021,Clitocybe odora,LajiGIS: Species mapping and surveys,687c05e9-96d6-40e3-b1c9-2e026d0b3fc0,http://creativecommons.org/licenses/by/4.0/legalcode
4898894349,64.181964,27.90664,2021,Infundibulicybe gibba,LajiGIS: Species mapping and surveys,687c05e9-96d6-40e3-b1c9-2e026d0b3fc0,http://creativecommons.org/licenses/by/4.0/legalcode
4898894350,64.182084,27.906212,2021,Tephrocybe confusa,LajiGIS: Species mapping and surveys,687c05e9-96d6-40e3-b1c9-2e026d0b3fc0,http://creativecommons.org/licenses/by/4.0/legalcode
4898894351,64.182292,27.905972,2021,Harmajaea guldeniae,LajiGIS: Species mapping and surveys,687c05e9-96d6-40e3-b1c9-2e026d0b3fc0,http://creativecommons.org/licenses/by/4.0/legalcode
4898894366,64.140775,27.881151,2021,Lyophyllum decastes,LajiGIS: Species mapping and surveys,687c05e9-96d6-40e3-b1c9-2e026d0b3fc0,http://creativecommons.org/licenses/by/4.0/legalcode
4898894367,64.140972,27.881281,2021,Aureonarius limonius,LajiGIS: Species mapping and surveys,687c05e9-96d6-40e3-b1c9-2e026d0b3fc0,http://creativecommons.org/licenses/by/4.0/legalcode
4898894368,64.141043,27.881303,2021,Atheniella flavoalba,LajiGIS: Species mapping and surveys,687c05e9-96d6-40e3-b1c9-2e026d0b3fc0,http://creativecommons.org/licenses/by/4.0/legalcode
4898894369,64.141151,27.881369,2021,Hygrophorus olivaceoalbus,LajiGIS: Species mapping and surveys,687c05e9-96d6-40e3-b1c9-2e026d0b3fc0,http://creativecommons.org/licenses/by/4.0/legalcode
4898894370,64.141167,27.881677,2021,Inocybe euganea,LajiGIS: Species mapping and surveys,687c05e9-96d6-40e3-b1c9-2e026d0b3fc0,http://creativecommons.org/licenses/by/4.0/legalcode
4898894371,64.140899,27.881504,2021,,LajiGIS: Species mapping and surveys,687c05e9-96d6-40e3-b1c9-2e026d0b3fc0,http://creativecommons.org/licenses/by/4.0/legalcode
4898894372,64.140819,27.881317,2021,Mycena haematopus,LajiGIS: Species mapping and surveys,687c05e9-96d6-40e3-b1c9-2e026d0b3fc0,http://creativecommons.org/licenses/by/4.0/legalcode
4898894373,64.140548,27.881617,2021,Hebeloma syrjense,LajiGIS: Species mapping and surveys,687c05e9-96d6-40e3-b1c9-2e026d0b3fc0,http://creativecommons.org/licenses/by/4.0/legalcode
4898894374,64.140835,27.881626,2021,Cortinarius raphanoides,LajiGIS: Species mapping and surveys,687c05e9-96d6-40e3-b1c9-2e026d0b3fc0,http://creativecommons.org/licenses/by/4.0/legalcode
4898894375,64.141031,27.881858,2021,Mycena galopus,LajiGIS: Species mapping and surveys,687c05e9-96d6-40e3-b1c9-2e026d0b3fc0,http://creativecommons.org/licenses/by/4.0/legalcode
4898894376,64.141003,27.882001,2021,Roridomyces roridus,LajiGIS: Species mapping and surveys,687c05e9-96d6-40e3-b1c9-2e026d0b3fc0,http://creativecommons.org/licenses/by/4.0/legalcode
4898894377,64.141172,27.882314,2021,Thaxterogaster alboamarescens,LajiGIS: Species mapping and surveys,687c05e9-96d6-40e3-b1c9-2e026d0b3fc0,http://creativecommons.org/licenses/by/4.0/legalcode
4898894378,64.140923,27.881875,2021,Mycena laevigata,LajiGIS: Species mapping and surveys,687c05e9-96d6-40e3-b1c9-2e026d0b3fc0,http://creativecommons.org/licenses/by/4.0/legalcode
4898894379,64.14063,27.881434,2021,Russula decolorans,LajiGIS: Species mapping and surveys,687c05e9-96d6-40e3-b1c9-2e026d0b3fc0,http://creativecommons.org/licenses/by/4.0/legalcode
4898894389,64.16798,27.873149,2021,Mycena galopus,LajiGIS: Species mapping and surveys,687c05e9-96d6-40e3-b1c9-2e026d0b3fc0,http://creativecommons.org/licenses/by/4.0/legalcode
4898894390,64.168125,27.872865,2021,Harmajaea guldeniae,LajiGIS: Species mapping and surveys,687c05e9-96d6-40e3-b1c9-2e026d0b3fc0,http://creativecommons.org/licenses/by/4.0/legalcode
4898894391,64.168529,27.872919,2021,Lactarius rufus,LajiGIS: Species mapping and surveys,687c05e9-96d6-40e3-b1c9-2e026d0b3fc0,http://creativecommons.org/licenses/by/4.0/legalcode
4898894392,64.168438,27.873163,2021,Cortinarius sanguineus,LajiGIS: Species mapping and surveys,687c05e9-96d6-40e3-b1c9-2e026d0b3fc0,http://creativecommons.org/licenses/by/4.0/legalcode
4898894393,64.167753,27.873594,2021,Cystodermella adnatifolia,LajiGIS: Species mapping and surveys,687c05e9-96d6-40e3-b1c9-2e026d0b3fc0,http://creativecommons.org/licenses/by/4.0/legalcode
4898894394,64.16832,27.873283,2021,Mycena sanguinolenta,LajiGIS: Species mapping and surveys,687c05e9-96d6-40e3-b1c9-2e026d0b3fc0,http://creativecommons.org/licenses/by/4.0/legalcode
4898894395,64.168427,27.87343,2021,Gymnopilus penetrans,LajiGIS: Species mapping and surveys,687c05e9-96d6-40e3-b1c9-2e026d0b3fc0,http://creativecommons.org/licenses/by/4.0/legalcode
4898894396,64.168219,27.87367,2021,Collybia cirrhata,LajiGIS: Species mapping and surveys,687c05e9-96d6-40e3-b1c9-2e026d0b3fc0,http://creativecommons.org/licenses/by/4.0/legalcode
4898894397,64.167627,27.873713,2021,Cystoderma carcharias,LajiGIS: Species mapping and surveys,687c05e9-96d6-40e3-b1c9-2e026d0b3fc0,http://creativecommons.org/licenses/by/4.0/legalcode
4898894398,64.167976,27.873786,2021,Hebeloma monticola,LajiGIS: Species mapping and surveys,687c05e9-96d6-40e3-b1c9-2e026d0b3fc0,http://creativecommons.org/licenses/by/4.0/legalcode
4898894399,64.167957,27.874053,2021,Hebeloma monticola,LajiGIS: Species mapping and surveys,687c05e9-96d6-40e3-b1c9-2e026d0b3fc0,http://creativecommons.org/licenses/by/4.0/legalcode
4898894400,64.167569,27.874329,2021,Lactarius glyciosmus,LajiGIS: Species mapping and surveys,687c05e9-96d6-40e3-b1c9-2e026d0b3fc0,http://creativecommons.org/licenses/by/4.0/legalcode
4898894401,64.167784,27.874377,2021,Boletus edulis,LajiGIS: Species mapping and surveys,687c05e9-96d6-40e3-b1c9-2e026d0b3fc0,http://creativecommons.org/licenses/by/4.0/legalcode
4898894402,64.167965,27.874197,2021,Russula vinosa,LajiGIS: Species mapping and surveys,687c05e9-96d6-40e3-b1c9-2e026d0b3fc0,http://creativecommons.org/licenses/by/4.0/legalcode
4898894403,64.168,27.874342,2021,Cortinarius sommerfeltii,LajiGIS: Species mapping and surveys,687c05e9-96d6-40e3-b1c9-2e026d0b3fc0,http://creativecommons.org/licenses/by/4.0/legalcode
4898894404,64.167811,27.87446,2021,Russula intermedia,LajiGIS: Species mapping and surveys,687c05e9-96d6-40e3-b1c9-2e026d0b3fc0,http://creativecommons.org/licenses/by/4.0/legalcode
4898894405,64.167657,27.874537,2021,Cortinarius bivelus,LajiGIS: Species mapping and surveys,687c05e9-96d6-40e3-b1c9-2e026d0b3fc0,http://creativecommons.org/licenses/by/4.0/legalcode
4898894409,64.337276,28.064114,2021,Clitopilus prunulus,LajiGIS: Species mapping and surveys,687c05e9-96d6-40e3-b1c9-2e026d0b3fc0,http://creativecommons.org/licenses/by/4.0/legalcode
4898894410,64.337168,28.064048,2021,Amanita porphyria,LajiGIS: Species mapping and surveys,687c05e9-96d6-40e3-b1c9-2e026d0b3fc0,http://creativecommons.org/licenses/by/4.0/legalcode
4898894411,64.337171,28.063655,2021,Mycena galopus,LajiGIS: Species mapping and surveys,687c05e9-96d6-40e3-b1c9-2e026d0b3fc0,http://creativecommons.org/licenses/by/4.0/legalcode
4898894412,64.337111,28.063321,2021,Lactarius fennoscandicus,LajiGIS: Species mapping and surveys,687c05e9-96d6-40e3-b1c9-2e026d0b3fc0,http://creativecommons.org/licenses/by/4.0/legalcode
4898894413,64.337043,28.062739,2021,Calocera viscosa,LajiGIS: Species mapping and surveys,687c05e9-96d6-40e3-b1c9-2e026d0b3fc0,http://creativecommons.org/licenses/by/4.0/legalcode
4898894414,64.336857,28.062504,2021,,LajiGIS: Species mapping and surveys,687c05e9-96d6-40e3-b1c9-2e026d0b3fc0,http://creativecommons.org/licenses/by/4.0/legalcode
4898894415,64.337272,28.06339,2021,Russula taigarum,LajiGIS: Species mapping and surveys,687c05e9-96d6-40e3-b1c9-2e026d0b3fc0,http://creativecommons.org/licenses/by/4.0/legalcode
4898894416,64.336736,28.061734,2021,Lactarius tabidus,LajiGIS: Species mapping and surveys,687c05e9-96d6-40e3-b1c9-2e026d0b3fc0,http://creativecommons.org/licenses/by/4.0/legalcode
4898894419,64.336576,28.061604,2021,Lepiota magnispora,LajiGIS: Species mapping and surveys,687c05e9-96d6-40e3-b1c9-2e026d0b3fc0,http://creativecommons.org/licenses/by/4.0/legalcode
4898894420,64.33607,28.062101,2021,Lactarius lignyotus,LajiGIS: Species mapping and surveys,687c05e9-96d6-40e3-b1c9-2e026d0b3fc0,http://creativecommons.org/licenses/by/4.0/legalcode
4898894421,64.336082,28.062826,2021,Entoloma lupinum,LajiGIS: Species mapping and surveys,687c05e9-96d6-40e3-b1c9-2e026d0b3fc0,http://creativecommons.org/licenses/by/4.0/legalcode
4898894422,64.335151,28.062501,2021,Lactarius lignyotus,LajiGIS: Species mapping and surveys,687c05e9-96d6-40e3-b1c9-2e026d0b3fc0,http://creativecommons.org/licenses/by/4.0/legalcode
4898894423,64.335074,28.063325,2021,Suillus luteus,LajiGIS: Species mapping and surveys,687c05e9-96d6-40e3-b1c9-2e026d0b3fc0,http://creativecommons.org/licenses/by/4.0/legalcode
