id,prec,year,unc_m,hab,hab_why,hab_frac,era,age_new,est_year,cut,forest_frac
6489953418,tarkka,2026,10,ennallaan,tuore_havainto,1.0,2010,104,1906,0,1.0
6490504341,tarkka,2026,25,ennallaan,tuore_havainto,1.0,2010,53,1957,0,1.0
6500827305,tarkka,2026,10,ennallaan,tuore_havainto,1.0,2010,85,1925,0,1.0
6500946440,tarkka,2026,10,ennallaan,tuore_havainto,1.0,2010,114,1896,0,0.56
6501098348,tarkka,2026,5,epavarma,hakkuuaikomus,0.56,2010,68,1942,1,1.0
6501140350,tarkka,2026,1,ennallaan,tuore_havainto,1.0,2010,108,1902,0,1.0
6501687314,tarkka,2026,10,ennallaan,tuore_havainto,1.0,2010,63,1947,0,1.0
6508254340,tarkka,2026,10,ennallaan,tuore_havainto,1.0,2010,105,1905,0,1.0
6508320319,tarkka,2026,10,ennallaan,tuore_havainto,1.0,2010,118,1892,0,1.0
6508398322,tarkka,2026,10,ei_tietoa,ei_metsavaratietoa,,2010,,,0,0.0
6508576360,tarkka,2026,5,ennallaan,tuore_havainto,1.0,2010,92,1918,0,1.0
6508771381,tarkka,2026,100,ennallaan,tuore_havainto,1.0,2010,84,1926,0,0.78
6508783339,tarkka,2026,10,ennallaan,tuore_havainto,1.0,2010,76,1934,0,1.0
6509026363,tarkka,2026,10,ei_tietoa,ei_metsavaratietoa,,2010,,,0,0.0
6509218398,tarkka,2026,200,ennallaan,tuore_havainto,1.0,2010,56,1954,0,1.0
6522836329,tarkka,2026,10,ennallaan,tuore_havainto,1.0,2010,68,1942,0,1.0
6522882436,tarkka,2026,10,ennallaan,tuore_havainto,1.0,2010,56,1954,0,1.0
6523387346,tarkka,2026,10,ennallaan,tuore_havainto,1.0,2010,80,1930,0,1.0
6523465419,tarkka,2026,50,ennallaan,tuore_havainto,1.0,2010,116,1894,0,1.0
6523583324,tarkka,2026,10,ennallaan,tuore_havainto,1.0,2010,71,1939,0,1.0
6523716396,tarkka,2026,10,ennallaan,tuore_havainto,1.0,2010,92,1918,2,1.0
6523917400,tarkka,2026,10,ennallaan,tuore_havainto,1.0,2010,64,1946,2,1.0
6535626306,tarkka,2026,5,ennallaan,tuore_havainto,1.0,2010,80,1930,0,1.0
6535630334,tarkka,2026,5,ennallaan,tuore_havainto,1.0,2010,49,1961,2,1.0
6536002376,tarkka,2026,10,ennallaan,tuore_havainto,1.0,2010,58,1952,0,1.0
6536728332,tarkka,2026,5,ennallaan,tuore_havainto,1.0,2010,105,1905,0,1.0
6522845332,tarkka,2026,11,ennallaan,tuore_havainto,1.0,2010,142,1868,0,1.0
6522973429,tarkka,2026,5,ennallaan,tuore_havainto,1.0,2010,86,1924,0,1.0
6523713314,tarkka,2026,10,ennallaan,tuore_havainto,0.56,2010,71,1939,2,1.0
6535695303,summittainen,2026,400,ennallaan,tuore_havainto,1.0,2010,101,1909,0,0.78
6536137374,tarkka,2026,5,ennallaan,tuore_havainto,1.0,2010,50,1960,0,1.0
6536571337,tarkka,2025,10,ennallaan,tuore_havainto,1.0,2010,131,1879,0,1.0
5287358406,tarkka,2025,150,ennallaan,tuore_havainto,1.0,2010,11,1999,0,0.78
5294775052,tarkka,2025,213,ennallaan,tuore_havainto,1.0,2010,71,1939,2,1.0
5294843651,tarkka,2025,10,ennallaan,tuore_havainto,1.0,2010,0,2010,2,1.0
5294869806,tarkka,2025,200,ennallaan,tuore_havainto,1.0,2010,70,1940,0,1.0
5758955082,tarkka,2025,10,ennallaan,tuore_havainto,0.78,2010,79,1931,1,1.0
5758991145,tarkka,2025,10,ei_tietoa,ei_metsavaratietoa,,2010,,,0,0.0
5759068856,tarkka,2025,10,ennallaan,tuore_havainto,1.0,2010,144,1866,0,1.0
5759090251,tarkka,2025,200,ennallaan,tuore_havainto,1.0,2010,76,1934,0,1.0
5759094786,tarkka,2025,141,ennallaan,tuore_havainto,1.0,2010,94,1916,0,0.89
5759122957,tarkka,2025,10,ennallaan,tuore_havainto,1.0,2010,133,1877,0,1.0
5759141252,tarkka,2025,1,ennallaan,tuore_havainto,1.0,2010,94,1916,2,1.0
5759155200,tarkka,2025,200,ennallaan,tuore_havainto,1.0,2010,81,1929,0,0.67
5759168248,tarkka,2025,10,ennallaan,tuore_havainto,1.0,2010,45,1965,0,1.0
5922831365,tarkka,2025,10,ennallaan,tuore_havainto,1.0,2010,0,2010,0,0.56
6427612405,tarkka,2025,10,ennallaan,tuore_havainto,1.0,2010,65,1945,2,0.33
5763221042,tarkka,2025,20,ennallaan,tuore_havainto,1.0,2010,63,1947,0,1.0
5763237111,tarkka,2025,10,ennallaan,tuore_havainto,1.0,2010,59,1951,0,1.0
5763243897,tarkka,2025,5,ennallaan,tuore_havainto,1.0,2010,123,1887,0,1.0
5763255833,tarkka,2025,5,ennallaan,tuore_havainto,1.0,2010,110,1900,0,0.33
5763280627,tarkka,2025,50,ennallaan,tuore_havainto,1.0,2010,101,1909,0,1.0
5821859406,tarkka,2025,10,ei_tietoa,ei_metsavaratietoa,,2010,,,0,0.0
5821867407,tarkka,2025,15,ennallaan,tuore_havainto,1.0,2010,108,1902,0,1.0
5821876398,tarkka,2025,10,ennallaan,tuore_havainto,1.0,2010,98,1912,0,1.0
5821876829,tarkka,2025,10,ennallaan,tuore_havainto,1.0,2010,79,1931,0,1.0
5821878468,tarkka,2025,10,ei_tietoa,ei_metsavaratietoa,,2010,,,0,0.0
5821884618,tarkka,2025,15,ennallaan,tuore_havainto,1.0,2010,99,1911,0,0.89
5821886089,tarkka,2025,10,ennallaan,tuore_havainto,1.0,2010,119,1891,0,1.0
5821895839,tarkka,2025,5,ennallaan,tuore_havainto,1.0,2010,126,1884,0,1.0
5821900578,tarkka,2025,10,ennallaan,tuore_havainto,1.0,2010,126,1884,0,1.0
5821901939,tarkka,2025,3,ennallaan,tuore_havainto,1.0,2010,122,1888,0,1.0
5821902716,tarkka,2025,10,ennallaan,tuore_havainto,1.0,2010,83,1927,0,0.56
5821908274,tarkka,2025,10,ei_tietoa,ei_metsavaratietoa,,2010,,,0,0.0
5821908558,tarkka,2025,15,muuttunut,hakattu,0.71,2010,60,1950,2,0.78
5821911246,tarkka,2025,10,ennallaan,tuore_havainto,1.0,2010,126,1884,0,1.0
5821924499,tarkka,2025,10,ennallaan,tuore_havainto,1.0,2010,0,2010,0,1.0
5821937723,tarkka,2025,3,ennallaan,tuore_havainto,1.0,2010,139,1871,0,1.0
5821939284,tarkka,2025,10,ennallaan,tuore_havainto,1.0,2010,148,1862,0,0.22
5821945513,tarkka,2025,10,ennallaan,tuore_havainto,1.0,2010,84,1926,0,1.0
5821955940,tarkka,2025,2,ennallaan,tuore_havainto,1.0,2010,106,1904,0,1.0
5821968622,tarkka,2025,10,ennallaan,tuore_havainto,1.0,2010,93,1917,0,1.0
5821971475,tarkka,2025,10,ennallaan,tuore_havainto,1.0,2010,148,1862,0,0.33
5821979449,tarkka,2025,25,ennallaan,tuore_havainto,1.0,2010,50,1960,0,0.33
5821982847,tarkka,2025,5,ennallaan,tuore_havainto,1.0,2010,95,1915,0,1.0
5821985602,tarkka,2025,20,ennallaan,tuore_havainto,1.0,2010,69,1941,0,0.56
5821985981,tarkka,2025,10,ennallaan,tuore_havainto,1.0,2010,123,1887,0,1.0
5821989408,tarkka,2025,10,ennallaan,tuore_havainto,1.0,2010,133,1877,0,1.0
5821994048,alueellinen,2025,1414,ei_tietoa,liian_epatarkka,,,,,,
5821994754,tarkka,2025,10,ennallaan,tuore_havainto,1.0,2010,117,1893,0,0.78
5821999372,tarkka,2025,10,ei_tietoa,ei_metsavaratietoa,,2010,,,0,0.0
5822001485,tarkka,2025,10,ennallaan,tuore_havainto,1.0,2010,151,1859,0,0.67
5822015742,tarkka,2025,5,ennallaan,tuore_havainto,1.0,2010,131,1879,0,1.0
5829587452,tarkka,2025,10,ennallaan,tuore_havainto,1.0,2010,94,1916,0,1.0
5829587994,tarkka,2025,10,ennallaan,tuore_havainto,1.0,2010,100,1910,0,0.33
5829589069,tarkka,2025,10,ennallaan,tuore_havainto,1.0,2010,68,1942,0,1.0
5829622189,tarkka,2025,10,ei_tietoa,ei_metsavaratietoa,,2010,,,0,0.0
5829639601,tarkka,2025,10,ei_tietoa,ei_metsavaratietoa,,2010,,,0,0.0
5829642714,tarkka,2025,10,ennallaan,tuore_havainto,1.0,2010,86,1924,0,1.0
5829654177,tarkka,2025,10,ennallaan,tuore_havainto,1.0,2010,118,1892,0,1.0
5829669062,tarkka,2025,10,ennallaan,tuore_havainto,1.0,2010,119,1891,0,1.0
5829676460,tarkka,2025,10,ei_tietoa,ei_metsavaratietoa,,2010,,,0,0.0
5829679515,tarkka,2025,50,ennallaan,tuore_havainto,1.0,2010,107,1903,0,1.0
5829679790,tarkka,2025,5,ennallaan,tuore_havainto,1.0,2010,84,1926,0,1.0
5829689325,tarkka,2025,10,ennallaan,tuore_havainto,1.0,2010,105,1905,0,0.67
5829696316,tarkka,2025,10,ei_tietoa,ei_metsavaratietoa,,2010,,,0,0.0
5829701360,tarkka,2025,10,ennallaan,tuore_havainto,1.0,2010,80,1930,0,1.0
5829712093,tarkka,2025,10,ennallaan,tuore_havainto,1.0,2010,153,1857,0,0.67
5836046312,tarkka,2025,10,ennallaan,tuore_havainto,1.0,2010,131,1879,0,1.0
5836067266,tarkka,2025,10,ennallaan,tuore_havainto,1.0,2010,142,1868,0,0.89
5836087940,tarkka,2025,10,ennallaan,tuore_havainto,1.0,2010,97,1913,0,1.0
5836094703,tarkka,2025,10,ennallaan,tuore_havainto,1.0,2010,84,1926,0,0.89
5836114994,tarkka,2025,10,ennallaan,tuore_havainto,1.0,2010,112,1898,0,1.0
5836119523,tarkka,2025,10,ennallaan,tuore_havainto,1.0,2010,94,1916,0,1.0
5836123419,tarkka,2025,10,ennallaan,tuore_havainto,1.0,2010,116,1894,0,1.0
5836125583,tarkka,2025,10,ennallaan,tuore_havainto,1.0,2010,141,1869,0,0.44
5836126117,tarkka,2025,10,ennallaan,tuore_havainto,1.0,2010,154,1856,0,0.89
5836129822,tarkka,2025,10,ennallaan,tuore_havainto,1.0,2010,106,1904,0,1.0
5836143505,tarkka,2025,10,ennallaan,tuore_havainto,1.0,2010,166,1844,0,0.33
5836149358,tarkka,2025,10,ennallaan,tuore_havainto,1.0,2010,104,1906,0,1.0
5836154477,tarkka,2025,10,ennallaan,tuore_havainto,1.0,2010,117,1893,0,0.67
5836156973,summittainen,2025,400,ennallaan,tuore_havainto,1.0,2010,101,1909,0,0.78
5836165479,tarkka,2025,10,ennallaan,tuore_havainto,1.0,2010,80,1930,0,1.0
5836168062,tarkka,2025,10,ennallaan,tuore_havainto,1.0,2010,138,1872,0,0.33
5836173933,tarkka,2025,10,ei_tietoa,ei_metsavaratietoa,,2010,,,0,0.0
5836186320,tarkka,2025,10,ennallaan,tuore_havainto,1.0,2010,72,1938,0,1.0
5836210502,tarkka,2025,10,ennallaan,tuore_havainto,1.0,2010,122,1888,0,0.67
5839243139,tarkka,2025,10,ennallaan,tuore_havainto,1.0,2010,146,1864,0,1.0
5839262259,tarkka,2025,5,ennallaan,tuore_havainto,1.0,2010,87,1923,0,1.0
5839264079,tarkka,2025,5,ennallaan,tuore_havainto,1.0,2010,74,1936,0,1.0
5839264105,tarkka,2025,10,ennallaan,tuore_havainto,1.0,2010,144,1866,0,1.0
5839264958,tarkka,2025,10,ennallaan,tuore_havainto,1.0,2010,200,1810,0,0.44
5839270178,tarkka,2025,5,ennallaan,tuore_havainto,1.0,2010,91,1919,0,0.78
5839272584,tarkka,2025,5,ennallaan,tuore_havainto,1.0,2010,98,1912,0,1.0
5839279744,tarkka,2025,5,ennallaan,tuore_havainto,1.0,2010,48,1962,0,0.11
5839282445,tarkka,2025,5,ennallaan,tuore_havainto,1.0,2010,89,1921,0,1.0
5839337772,tarkka,2025,5,ennallaan,tuore_havainto,1.0,2010,93,1917,0,0.89
5839337774,tarkka,2025,5,ennallaan,tuore_havainto,1.0,2010,100,1910,0,0.33
5839347678,tarkka,2025,10,ennallaan,tuore_havainto,1.0,2010,146,1864,0,0.78
5839367331,tarkka,2025,10,ennallaan,tuore_havainto,1.0,2010,94,1916,0,1.0
5839368582,tarkka,2025,10,ennallaan,tuore_havainto,1.0,2010,116,1894,0,1.0
5843611544,tarkka,2025,25,ennallaan,tuore_havainto,1.0,2010,73,1937,0,1.0
5843618161,tarkka,2025,10,ennallaan,tuore_havainto,1.0,2010,92,1918,2,1.0
5843619340,tarkka,2025,10,ennallaan,tuore_havainto,1.0,2010,100,1910,0,0.67
5843634804,tarkka,2025,10,ennallaan,tuore_havainto,1.0,2010,60,1950,2,0.67
5843659288,tarkka,2025,1,ennallaan,tuore_havainto,1.0,2010,128,1882,0,1.0
5843672016,tarkka,2025,10,ennallaan,tuore_havainto,1.0,2010,98,1912,0,1.0
5843674744,tarkka,2025,10,ennallaan,tuore_havainto,1.0,2010,73,1937,0,1.0
5843700620,tarkka,2025,10,ennallaan,tuore_havainto,1.0,2010,114,1896,0,0.33
5843711983,tarkka,2025,10,ennallaan,tuore_havainto,1.0,2010,58,1952,2,1.0
5858864771,tarkka,2025,2,ennallaan,tuore_havainto,1.0,2010,133,1877,0,1.0
5858890759,tarkka,2025,2,ennallaan,tuore_havainto,1.0,2010,120,1890,0,1.0
5896090596,tarkka,2025,25,ei_tietoa,ei_metsavaratietoa,,2010,,,0,0.0
5900327020,tarkka,2025,10,ennallaan,tuore_havainto,1.0,2010,106,1904,0,1.0
5900353642,tarkka,2025,10,ennallaan,tuore_havainto,1.0,2010,86,1924,0,1.0
5917313720,tarkka,2025,10,ennallaan,tuore_havainto,1.0,2010,103,1907,0,0.67
5922825121,tarkka,2025,10,ennallaan,tuore_havainto,1.0,2010,94,1916,0,1.0
5932978564,tarkka,2025,20,ennallaan,tuore_havainto,1.0,2010,116,1894,0,1.0
5932984688,tarkka,2025,20,ennallaan,tuore_havainto,1.0,2010,107,1903,0,0.22
5932990534,tarkka,2025,20,ennallaan,tuore_havainto,1.0,2010,134,1876,2,1.0
5933007329,tarkka,2025,20,ennallaan,tuore_havainto,1.0,2010,136,1874,0,0.89
6179743161,tarkka,2025,10,ennallaan,tuore_havainto,1.0,2010,119,1891,0,1.0
6179745147,tarkka,2025,10,ennallaan,tuore_havainto,1.0,2010,134,1876,0,1.0
6179750251,tarkka,2025,10,ennallaan,tuore_havainto,1.0,2010,142,1868,0,1.0
6179753602,tarkka,2025,10,ennallaan,tuore_havainto,1.0,2010,124,1886,0,1.0
6179760759,tarkka,2025,10,ennallaan,tuore_havainto,0.89,2010,123,1887,1,1.0
6179763377,tarkka,2025,10,ennallaan,tuore_havainto,1.0,2010,79,1931,0,1.0
6179766423,tarkka,2025,10,ennallaan,tuore_havainto,1.0,2010,142,1868,0,1.0
6179785754,tarkka,2025,10,ennallaan,tuore_havainto,1.0,2010,101,1909,0,0.78
6179787472,tarkka,2025,10,ennallaan,tuore_havainto,1.0,2010,132,1878,0,1.0
6179793176,tarkka,2025,10,ennallaan,tuore_havainto,1.0,2010,113,1897,0,1.0
6179800850,tarkka,2025,10,ennallaan,tuore_havainto,1.0,2010,131,1879,0,1.0
6179804290,tarkka,2025,10,ennallaan,tuore_havainto,1.0,2010,124,1886,0,1.0
6179805984,tarkka,2025,10,ennallaan,tuore_havainto,1.0,2010,122,1888,0,1.0
6179812397,tarkka,2025,10,ennallaan,tuore_havainto,1.0,2010,120,1890,0,1.0
6179814035,summittainen,2025,1000,ennallaan,tuore_havainto,1.0,2010,84,1926,0,0.78
6179817370,tarkka,2025,10,ennallaan,tuore_havainto,1.0,2010,85,1925,0,1.0
6179826818,tarkka,2025,10,ennallaan,tuore_havainto,0.89,2010,107,1903,1,1.0
6179830586,tarkka,2025,10,ennallaan,tuore_havainto,1.0,2010,94,1916,0,1.0
6179831691,tarkka,2025,10,ennallaan,tuore_havainto,1.0,2010,94,1916,0,1.0
6179843818,tarkka,2025,10,ennallaan,tuore_havainto,1.0,2010,126,1884,0,1.0
6179853700,tarkka,2025,10,ennallaan,tuore_havainto,0.67,2010,104,1906,1,1.0
6179854796,tarkka,2025,10,ennallaan,tuore_havainto,1.0,2010,137,1873,0,1.0
6179854967,tarkka,2025,10,ennallaan,tuore_havainto,0.78,2010,140,1870,1,1.0
6179859895,tarkka,2025,10,ennallaan,tuore_havainto,1.0,2010,131,1879,0,1.0
6179870190,tarkka,2025,10,ennallaan,tuore_havainto,1.0,2010,122,1888,0,1.0
6179875333,tarkka,2025,10,ennallaan,tuore_havainto,0.78,2010,101,1909,1,1.0
6179877028,tarkka,2025,10,ennallaan,tuore_havainto,1.0,2010,126,1884,0,1.0
6179879226,tarkka,2025,10,ennallaan,tuore_havainto,0.67,2010,110,1900,1,1.0
6179895891,tarkka,2025,10,ennallaan,tuore_havainto,1.0,2010,98,1912,0,1.0
6179900814,tarkka,2025,10,ennallaan,tuore_havainto,1.0,2010,90,1920,0,1.0
6179900917,tarkka,2025,10,ennallaan,tuore_havainto,1.0,2010,88,1922,0,1.0
6179902664,tarkka,2025,10,ennallaan,tuore_havainto,1.0,2010,111,1899,0,1.0
6179905699,tarkka,2025,10,ennallaan,tuore_havainto,1.0,2010,102,1908,0,1.0
6179912956,tarkka,2025,10,ennallaan,tuore_havainto,1.0,2010,121,1889,0,1.0
6179919242,tarkka,2025,10,ennallaan,tuore_havainto,1.0,2010,106,1904,0,1.0
6179921900,tarkka,2025,10,ennallaan,tuore_havainto,1.0,2010,74,1936,0,1.0
6179941031,tarkka,2025,10,ennallaan,tuore_havainto,1.0,2010,90,1920,0,1.0
6179941199,tarkka,2025,10,ennallaan,tuore_havainto,1.0,2010,131,1879,0,1.0
6179954600,tarkka,2025,10,ennallaan,tuore_havainto,1.0,2010,104,1906,0,1.0
6179957932,tarkka,2025,10,ennallaan,tuore_havainto,1.0,2010,120,1890,0,1.0
6179959444,tarkka,2025,10,ennallaan,tuore_havainto,1.0,2010,92,1918,0,1.0
6179962654,tarkka,2025,10,ennallaan,tuore_havainto,1.0,2010,123,1887,0,1.0
6179964624,tarkka,2025,10,ennallaan,tuore_havainto,1.0,2010,110,1900,0,1.0
6179966820,tarkka,2025,10,ennallaan,tuore_havainto,1.0,2010,123,1887,0,1.0
6179970649,tarkka,2025,10,ennallaan,tuore_havainto,1.0,2010,115,1895,0,1.0
6179974422,tarkka,2025,10,ennallaan,tuore_havainto,1.0,2010,148,1862,0,1.0
6179975537,tarkka,2025,10,ennallaan,tuore_havainto,1.0,2010,126,1884,0,1.0
6179980326,tarkka,2025,10,ennallaan,tuore_havainto,1.0,2010,93,1917,0,1.0
6179985548,tarkka,2025,10,ennallaan,tuore_havainto,1.0,2010,133,1877,0,1.0
6179995024,tarkka,2025,10,ennallaan,tuore_havainto,1.0,2010,117,1893,0,1.0
6179997623,tarkka,2025,10,ennallaan,tuore_havainto,1.0,2010,61,1949,0,1.0
6180027733,tarkka,2025,10,ennallaan,tuore_havainto,1.0,2010,126,1884,0,1.0
6180027870,tarkka,2025,10,ennallaan,tuore_havainto,1.0,2010,103,1907,0,1.0
6180029610,tarkka,2025,10,ennallaan,tuore_havainto,1.0,2010,134,1876,0,1.0
6180033831,tarkka,2025,10,ennallaan,tuore_havainto,1.0,2010,123,1887,0,1.0
6180036308,tarkka,2025,10,ennallaan,tuore_havainto,1.0,2010,124,1886,0,1.0
6191675933,tarkka,2025,25,ennallaan,tuore_havainto,1.0,2010,78,1932,0,0.33
6191705084,tarkka,2025,25,ennallaan,tuore_havainto,1.0,2010,78,1932,0,0.22
6499732964,alueellinen,2025,25308,ei_tietoa,liian_epatarkka,,,,,,
6536332318,tarkka,2025,10,ennallaan,tuore_havainto,1.0,2010,92,1918,0,1.0
5839237673,tarkka,2025,10,ennallaan,tuore_havainto,1.0,2010,133,1877,0,1.0
5839260125,tarkka,2025,10,ennallaan,tuore_havainto,1.0,2010,100,1910,0,1.0
5839310583,tarkka,2025,10,ennallaan,tuore_havainto,1.0,2010,105,1905,0,1.0
5839314038,tarkka,2025,10,ennallaan,tuore_havainto,1.0,2010,142,1868,0,0.89
5843595080,tarkka,2025,100,ennallaan,tuore_havainto,1.0,2010,108,1902,0,0.44
5843659285,tarkka,2025,10,ennallaan,tuore_havainto,1.0,2010,85,1925,0,1.0
5843665412,tarkka,2025,10,ennallaan,tuore_havainto,1.0,2010,118,1892,0,1.0
5843705431,summittainen,2025,300,ennallaan,tuore_havainto,1.0,2010,80,1930,2,1.0
5858916267,tarkka,2025,5,ennallaan,tuore_havainto,1.0,2010,99,1911,0,1.0
5896541788,tarkka,2025,25,ennallaan,tuore_havainto,1.0,2010,85,1925,0,1.0
5896674972,tarkka,2025,5,ennallaan,tuore_havainto,1.0,2010,74,1936,0,0.78
6336401366,tarkka,2024,10,ennallaan,tuore_havainto,1.0,2010,81,1929,0,1.0
6336476393,tarkka,2024,10,ennallaan,tuore_havainto,1.0,2010,95,1915,0,1.0
6336616499,tarkka,2024,10,ennallaan,tuore_havainto,1.0,2010,77,1933,0,1.0
6336672488,tarkka,2024,10,ennallaan,tuore_havainto,1.0,2010,77,1933,0,1.0
6336748386,tarkka,2024,10,ennallaan,tuore_havainto,1.0,2010,76,1934,0,1.0
6336929420,tarkka,2024,10,ennallaan,tuore_havainto,1.0,2010,84,1926,0,1.0
6336954497,tarkka,2024,10,ennallaan,tuore_havainto,1.0,2010,78,1932,0,1.0
6337066380,tarkka,2024,10,ennallaan,tuore_havainto,1.0,2010,83,1927,0,1.0
6337199480,tarkka,2024,10,ennallaan,tuore_havainto,1.0,2010,78,1932,0,1.0
6337343392,tarkka,2024,10,ennallaan,tuore_havainto,1.0,2010,73,1937,0,1.0
4920493518,tarkka,2024,10,ennallaan,tuore_havainto,1.0,2010,112,1898,0,1.0
4920546847,tarkka,2024,20,ennallaan,tuore_havainto,1.0,2010,57,1953,2,0.33
4923123806,tarkka,2024,200,ei_tietoa,ei_metsavaratietoa,,2010,,,0,0.0
4923132391,tarkka,2024,10,ennallaan,tuore_havainto,1.0,2010,112,1898,0,1.0
4923137514,tarkka,2024,10,ennallaan,tuore_havainto,1.0,2010,151,1859,0,0.67
4923142660,tarkka,2024,10,ennallaan,tuore_havainto,1.0,2010,98,1912,0,1.0
4923207806,tarkka,2024,10,ennallaan,tuore_havainto,1.0,2010,124,1886,0,0.89
4923208011,tarkka,2024,25,epavarma,osa_alueesta_hakattu,0.44,2010,86,1924,2,1.0
4923222839,tarkka,2024,10,ennallaan,tuore_havainto,1.0,2010,63,1947,0,1.0
4923224556,tarkka,2024,10,ennallaan,tuore_havainto,1.0,2010,66,1944,0,1.0
4923225792,tarkka,2024,10,ennallaan,tuore_havainto,1.0,2010,29,1981,0,0.44
4924517619,tarkka,2024,3,ennallaan,tuore_havainto,1.0,2010,99,1911,0,1.0
4924521506,tarkka,2024,25,ennallaan,tuore_havainto,1.0,2010,81,1929,0,1.0
4924522325,tarkka,2024,10,ennallaan,tuore_havainto,1.0,2010,94,1916,0,1.0
4924523012,tarkka,2024,10,ennallaan,tuore_havainto,1.0,2010,115,1895,0,0.44
4924526168,tarkka,2024,10,ennallaan,tuore_havainto,1.0,2010,84,1926,0,1.0
4924527370,tarkka,2024,1,ennallaan,tuore_havainto,1.0,2010,83,1927,0,1.0
4924527932,tarkka,2024,25,ennallaan,tuore_havainto,1.0,2010,82,1928,0,1.0
4924530259,tarkka,2024,10,ennallaan,tuore_havainto,1.0,2010,98,1912,0,1.0
4924531422,tarkka,2024,10,ennallaan,tuore_havainto,1.0,2010,75,1935,0,1.0
4924531445,tarkka,2024,10,ennallaan,tuore_havainto,1.0,2010,69,1941,0,0.33
4924532969,tarkka,2024,20,ennallaan,tuore_havainto,1.0,2010,114,1896,0,1.0
4924533802,tarkka,2024,10,ennallaan,tuore_havainto,1.0,2010,83,1927,0,1.0
4924535672,tarkka,2024,10,ennallaan,tuore_havainto,1.0,2010,88,1922,0,1.0
4924535986,tarkka,2024,10,ennallaan,tuore_havainto,1.0,2010,91,1919,0,1.0
4924535991,tarkka,2024,25,ennallaan,tuore_havainto,1.0,2010,84,1926,0,0.67
4924539550,tarkka,2024,10,ennallaan,tuore_havainto,1.0,2010,80,1930,0,1.0
4924541620,tarkka,2024,20,ennallaan,tuore_havainto,1.0,2010,83,1927,0,1.0
4924542569,tarkka,2024,10,ennallaan,tuore_havainto,1.0,2010,89,1921,0,1.0
4924542923,tarkka,2024,10,ennallaan,tuore_havainto,1.0,2010,120,1890,0,1.0
4924545012,tarkka,2024,25,ennallaan,tuore_havainto,1.0,2010,79,1931,0,1.0
4924545104,tarkka,2024,10,ennallaan,tuore_havainto,1.0,2010,118,1892,0,1.0
4924545915,tarkka,2024,20,ennallaan,tuore_havainto,1.0,2010,115,1895,0,1.0
4924546410,tarkka,2024,20,ennallaan,tuore_havainto,1.0,2010,99,1911,0,1.0
4924547852,tarkka,2024,10,ennallaan,tuore_havainto,1.0,2010,38,1972,0,0.89
4924554439,tarkka,2024,10,ennallaan,tuore_havainto,1.0,2010,111,1899,0,1.0
4924554596,tarkka,2024,3,ennallaan,tuore_havainto,1.0,2010,134,1876,0,1.0
4924554871,tarkka,2024,10,ennallaan,tuore_havainto,1.0,2010,82,1928,2,0.78
4924557323,tarkka,2024,200,ennallaan,tuore_havainto,1.0,2010,98,1912,0,0.89
4924558923,tarkka,2024,50,ennallaan,tuore_havainto,1.0,2010,129,1881,0,1.0
4924559930,tarkka,2024,25,ennallaan,tuore_havainto,1.0,2010,116,1894,0,1.0
4924560684,tarkka,2024,10,ennallaan,tuore_havainto,1.0,2010,99,1911,0,1.0
4924561016,tarkka,2024,20,ennallaan,tuore_havainto,1.0,2010,110,1900,0,1.0
4924561512,tarkka,2024,5,ennallaan,tuore_havainto,1.0,2010,117,1893,0,1.0
4924561850,tarkka,2024,25,ennallaan,tuore_havainto,1.0,2010,79,1931,0,1.0
4924561881,tarkka,2024,13,ennallaan,tuore_havainto,1.0,2010,92,1918,0,1.0
4924561934,tarkka,2024,10,ennallaan,tuore_havainto,1.0,2010,120,1890,0,1.0
4924562056,tarkka,2024,5,ennallaan,tuore_havainto,1.0,2010,67,1943,0,1.0
4924562105,tarkka,2024,3,ennallaan,tuore_havainto,1.0,2010,99,1911,0,1.0
4924566145,tarkka,2024,10,ennallaan,tuore_havainto,1.0,2010,151,1859,0,0.67
4924569050,tarkka,2024,20,ennallaan,tuore_havainto,1.0,2010,85,1925,0,1.0
4924569446,tarkka,2024,10,ennallaan,tuore_havainto,1.0,2010,79,1931,0,1.0
4924569466,tarkka,2024,10,ennallaan,tuore_havainto,1.0,2010,85,1925,0,0.67
4924571248,tarkka,2024,10,ennallaan,tuore_havainto,1.0,2010,107,1903,0,1.0
4924574568,tarkka,2024,213,ennallaan,tuore_havainto,1.0,2010,71,1939,2,1.0
4924576616,tarkka,2024,25,epavarma,osa_alueesta_hakattu,0.22,2010,106,1904,2,1.0
4924580462,tarkka,2024,25,ennallaan,tuore_havainto,1.0,2010,82,1928,0,1.0
4924581198,tarkka,2024,200,ennallaan,tuore_havainto,1.0,2010,86,1924,0,1.0
4924584238,tarkka,2024,25,ennallaan,tuore_havainto,1.0,2010,82,1928,0,1.0
4924584479,tarkka,2024,25,ennallaan,tuore_havainto,1.0,2010,85,1925,0,1.0
4924585781,tarkka,2024,10,ennallaan,tuore_havainto,1.0,2010,148,1862,0,1.0
4924586886,tarkka,2024,3,ennallaan,tuore_havainto,1.0,2010,75,1935,0,1.0
4924587281,tarkka,2024,25,ennallaan,tuore_havainto,1.0,2010,154,1856,0,0.89
4924587684,tarkka,2024,25,ennallaan,tuore_havainto,1.0,2010,84,1926,0,1.0
4924587693,tarkka,2024,3,ennallaan,tuore_havainto,1.0,2010,81,1929,0,1.0
4924588113,tarkka,2024,5,ennallaan,tuore_havainto,1.0,2010,71,1939,0,1.0
4924588463,tarkka,2024,10,ennallaan,tuore_havainto,1.0,2010,122,1888,0,1.0
4924588727,tarkka,2024,20,ennallaan,tuore_havainto,1.0,2010,141,1869,0,1.0
4924588746,tarkka,2024,10,ennallaan,tuore_havainto,1.0,2010,79,1931,0,1.0
4924589258,tarkka,2024,6,ennallaan,tuore_havainto,1.0,2010,96,1914,0,1.0
4924589348,tarkka,2024,10,ennallaan,tuore_havainto,1.0,2010,137,1873,0,1.0
4924591779,tarkka,2024,10,ennallaan,tuore_havainto,1.0,2010,106,1904,0,1.0
4924595170,tarkka,2024,5,ennallaan,tuore_havainto,1.0,2010,141,1869,0,1.0
4924597522,tarkka,2024,10,ennallaan,tuore_havainto,1.0,2010,89,1921,0,1.0
4924599362,tarkka,2024,10,ennallaan,tuore_havainto,1.0,2010,82,1928,0,1.0
4924599485,tarkka,2024,10,ennallaan,tuore_havainto,1.0,2010,102,1908,0,1.0
4924601076,tarkka,2024,25,ennallaan,tuore_havainto,1.0,2010,78,1932,0,1.0
4924603296,tarkka,2024,10,ennallaan,tuore_havainto,1.0,2010,79,1931,0,1.0
4924604272,tarkka,2024,25,ennallaan,tuore_havainto,1.0,2010,84,1926,0,1.0
4924604761,tarkka,2024,25,ennallaan,tuore_havainto,1.0,2010,55,1955,0,0.67
4924604860,tarkka,2024,3,ennallaan,tuore_havainto,1.0,2010,131,1879,0,1.0
4924606917,tarkka,2024,10,ennallaan,tuore_havainto,1.0,2010,120,1890,0,1.0
4924607260,tarkka,2024,25,ennallaan,tuore_havainto,1.0,2010,81,1929,0,1.0
4924607806,tarkka,2024,25,ennallaan,tuore_havainto,1.0,2010,81,1929,0,1.0
4924608177,tarkka,2024,5,ennallaan,tuore_havainto,1.0,2010,132,1878,0,1.0
4924609637,tarkka,2024,3,ennallaan,tuore_havainto,1.0,2010,114,1896,0,1.0
4924610726,tarkka,2024,10,ennallaan,tuore_havainto,1.0,2010,69,1941,0,1.0
4924610834,tarkka,2024,10,ennallaan,tuore_havainto,1.0,2010,137,1873,0,0.33
4924614147,tarkka,2024,10,ennallaan,tuore_havainto,1.0,2010,80,1930,0,1.0
4924614941,tarkka,2024,5,ennallaan,tuore_havainto,1.0,2010,106,1904,0,1.0
4924615320,tarkka,2024,5,ennallaan,tuore_havainto,1.0,2010,77,1933,0,1.0
4924616380,tarkka,2024,10,muuttunut,hakattu,0.5,2010,91,1919,2,0.89
4924620425,tarkka,2024,25,ennallaan,tuore_havainto,1.0,2010,117,1893,0,1.0
4924622203,tarkka,2024,10,ennallaan,tuore_havainto,1.0,2010,92,1918,0,1.0
4924627282,tarkka,2024,10,ennallaan,tuore_havainto,1.0,2010,100,1910,0,1.0
4924632174,tarkka,2024,10,ennallaan,tuore_havainto,1.0,2010,114,1896,0,1.0
4924633483,tarkka,2024,10,ennallaan,tuore_havainto,1.0,2010,122,1888,0,0.33
4924634343,tarkka,2024,10,ennallaan,tuore_havainto,1.0,2010,118,1892,0,1.0
4924634907,tarkka,2024,10,ennallaan,tuore_havainto,1.0,2010,79,1931,0,1.0
4924640951,tarkka,2024,10,ennallaan,tuore_havainto,1.0,2010,135,1875,0,1.0
4924643380,tarkka,2024,10,ennallaan,tuore_havainto,1.0,2010,135,1875,0,1.0
4924644232,tarkka,2024,3,ennallaan,tuore_havainto,1.0,2010,80,1930,0,1.0
4924648318,tarkka,2024,10,ennallaan,tuore_havainto,1.0,2010,71,1939,0,1.0
4924650568,tarkka,2024,25,ennallaan,tuore_havainto,1.0,2010,82,1928,0,1.0
4924650572,tarkka,2024,3,ennallaan,tuore_havainto,1.0,2010,85,1925,0,1.0
4924652074,tarkka,2024,25,ennallaan,tuore_havainto,1.0,2010,79,1931,0,1.0
4924653354,tarkka,2024,10,ennallaan,tuore_havainto,1.0,2010,110,1900,0,1.0
4924660985,tarkka,2024,20,ennallaan,tuore_havainto,1.0,2010,108,1902,0,1.0
4924664181,tarkka,2024,25,ennallaan,tuore_havainto,1.0,2010,93,1917,0,1.0
4924664424,tarkka,2024,25,epavarma,hakkuuaikomus,0.67,2010,99,1911,1,1.0
4924664489,tarkka,2024,25,ennallaan,tuore_havainto,1.0,2010,87,1923,0,1.0
4924667060,tarkka,2024,10,ennallaan,tuore_havainto,1.0,2010,14,1996,0,1.0
4924667658,tarkka,2024,25,ennallaan,tuore_havainto,1.0,2010,79,1931,0,1.0
4924669674,tarkka,2024,15,ennallaan,tuore_havainto,1.0,2010,93,1917,0,1.0
4924669898,tarkka,2024,10,ennallaan,tuore_havainto,1.0,2010,92,1918,0,1.0
4924671669,tarkka,2024,25,ennallaan,tuore_havainto,1.0,2010,79,1931,0,1.0
4924672310,tarkka,2024,10,ennallaan,tuore_havainto,1.0,2010,86,1924,0,1.0
4924674996,summittainen,2024,750,ennallaan,tuore_havainto,1.0,2010,60,1950,2,1.0
4924675191,tarkka,2024,20,ennallaan,tuore_havainto,1.0,2010,82,1928,0,1.0
4924675337,tarkka,2024,10,ennallaan,tuore_havainto,1.0,2010,84,1926,0,1.0
4924675636,tarkka,2024,10,ennallaan,tuore_havainto,1.0,2010,160,1850,0,1.0
4924677380,tarkka,2024,25,ennallaan,tuore_havainto,1.0,2010,96,1914,0,1.0
4924679368,tarkka,2024,10,ennallaan,tuore_havainto,1.0,2010,122,1888,0,1.0
4924679382,tarkka,2024,20,ennallaan,tuore_havainto,1.0,2010,98,1912,0,1.0
4924679519,tarkka,2024,10,ennallaan,tuore_havainto,1.0,2010,132,1878,0,1.0
4924680052,tarkka,2024,25,ennallaan,tuore_havainto,1.0,2010,83,1927,0,1.0
4927229856,tarkka,2024,10,ennallaan,tuore_havainto,1.0,2010,101,1909,0,1.0
4927230908,tarkka,2024,10,ennallaan,tuore_havainto,1.0,2010,146,1864,0,1.0
4927231756,tarkka,2024,10,ennallaan,tuore_havainto,1.0,2010,106,1904,0,0.78
4927231758,tarkka,2024,10,ennallaan,tuore_havainto,1.0,2010,67,1943,0,1.0
4927231932,tarkka,2024,10,ennallaan,tuore_havainto,1.0,2010,126,1884,0,1.0
4927232120,tarkka,2024,10,ennallaan,tuore_havainto,1.0,2010,141,1869,0,1.0
4927232563,tarkka,2024,10,ennallaan,tuore_havainto,1.0,2010,109,1901,0,1.0
4927233119,tarkka,2024,10,ennallaan,tuore_havainto,1.0,2010,149,1861,0,1.0
4927233294,tarkka,2024,10,ennallaan,tuore_havainto,1.0,2010,106,1904,0,1.0
4927233677,tarkka,2024,10,ennallaan,tuore_havainto,1.0,2010,106,1904,0,1.0
4927233810,tarkka,2024,25,ennallaan,tuore_havainto,1.0,2010,128,1882,0,1.0
4927233860,summittainen,2024,750,ennallaan,tuore_havainto,1.0,2010,96,1914,0,0.78
4927234227,tarkka,2024,10,ennallaan,tuore_havainto,1.0,2010,128,1882,0,1.0
4927235370,tarkka,2024,10,ennallaan,tuore_havainto,1.0,2010,129,1881,0,1.0
4927236780,tarkka,2024,10,ennallaan,tuore_havainto,1.0,2010,141,1869,0,1.0
4927237281,tarkka,2024,10,ennallaan,tuore_havainto,1.0,2010,152,1858,0,1.0
4927237315,tarkka,2024,10,ennallaan,tuore_havainto,1.0,2010,128,1882,0,1.0
4927238530,tarkka,2024,10,ennallaan,tuore_havainto,1.0,2010,80,1930,0,1.0
4927238631,tarkka,2024,10,ennallaan,tuore_havainto,1.0,2010,138,1872,0,0.89
4927238957,tarkka,2024,10,ennallaan,tuore_havainto,1.0,2010,113,1897,0,1.0
4927239199,tarkka,2024,10,ennallaan,tuore_havainto,1.0,2010,136,1874,0,1.0
4927239808,tarkka,2024,10,ennallaan,tuore_havainto,1.0,2010,126,1884,0,1.0
4927240276,tarkka,2024,10,ennallaan,tuore_havainto,1.0,2010,117,1893,0,1.0
4927240579,tarkka,2024,10,ennallaan,tuore_havainto,1.0,2010,111,1899,0,1.0
4927242383,tarkka,2024,3,ennallaan,tuore_havainto,1.0,2010,58,1952,0,1.0
4927242819,tarkka,2024,10,ennallaan,tuore_havainto,1.0,2010,74,1936,0,1.0
4927243199,tarkka,2024,10,ennallaan,tuore_havainto,1.0,2010,157,1853,0,1.0
4927245219,tarkka,2024,10,ennallaan,tuore_havainto,1.0,2010,101,1909,0,1.0
4927245813,tarkka,2024,10,ennallaan,tuore_havainto,1.0,2010,143,1867,0,1.0
4927247118,tarkka,2024,10,ennallaan,tuore_havainto,1.0,2010,93,1917,0,1.0
4927248235,tarkka,2024,10,ennallaan,tuore_havainto,1.0,2010,127,1883,0,1.0
4927248711,tarkka,2024,10,ennallaan,tuore_havainto,1.0,2010,85,1925,0,1.0
4927249036,tarkka,2024,10,ennallaan,tuore_havainto,1.0,2010,134,1876,0,1.0
4927249322,tarkka,2024,10,ennallaan,tuore_havainto,1.0,2010,147,1863,0,1.0
4927250002,tarkka,2024,10,ennallaan,tuore_havainto,1.0,2010,87,1923,0,1.0
4927250700,tarkka,2024,10,ennallaan,tuore_havainto,1.0,2010,121,1889,0,1.0
4927250912,tarkka,2024,10,ennallaan,tuore_havainto,1.0,2010,95,1915,0,1.0
4927252398,tarkka,2024,10,ennallaan,tuore_havainto,1.0,2010,87,1923,0,1.0
4927252401,tarkka,2024,10,ei_tietoa,ei_metsavaratietoa,,2010,,,0,0.0
4927252768,tarkka,2024,25,ennallaan,tuore_havainto,1.0,2010,103,1907,0,1.0
4927253119,tarkka,2024,10,ennallaan,tuore_havainto,1.0,2010,152,1858,0,1.0
4927253239,tarkka,2024,1,ennallaan,tuore_havainto,1.0,2010,148,1862,0,1.0
4927254747,tarkka,2024,10,ennallaan,tuore_havainto,1.0,2010,75,1935,0,1.0
4927254751,tarkka,2024,10,ennallaan,tuore_havainto,1.0,2010,100,1910,0,1.0
4927255248,tarkka,2024,10,ennallaan,tuore_havainto,1.0,2010,97,1913,0,0.67
4927255942,tarkka,2024,10,ennallaan,tuore_havainto,1.0,2010,101,1909,0,1.0
4927256271,tarkka,2024,10,ennallaan,tuore_havainto,1.0,2010,89,1921,0,1.0
4927256275,tarkka,2024,10,ei_tietoa,ei_metsavaratietoa,,2010,,,0,0.0
4927256886,tarkka,2024,10,ennallaan,tuore_havainto,1.0,2010,122,1888,0,1.0
4927256888,tarkka,2024,10,ennallaan,tuore_havainto,1.0,2010,136,1874,0,1.0
4927257560,tarkka,2024,10,ennallaan,tuore_havainto,1.0,2010,137,1873,0,1.0
4927257795,tarkka,2024,10,ennallaan,tuore_havainto,1.0,2010,138,1872,0,1.0
4927258283,tarkka,2024,10,ennallaan,tuore_havainto,1.0,2010,106,1904,0,1.0
4927259174,tarkka,2024,10,ennallaan,tuore_havainto,1.0,2010,78,1932,0,1.0
4927260069,tarkka,2024,10,ennallaan,tuore_havainto,1.0,2010,90,1920,0,1.0
4927261624,tarkka,2024,10,ennallaan,tuore_havainto,1.0,2010,121,1889,0,0.56
4927262609,tarkka,2024,10,ennallaan,tuore_havainto,1.0,2010,90,1920,0,1.0
4927263336,tarkka,2024,10,ennallaan,tuore_havainto,1.0,2010,141,1869,0,1.0
4927263868,tarkka,2024,10,ennallaan,tuore_havainto,1.0,2010,100,1910,0,1.0
4927264224,tarkka,2024,10,ennallaan,tuore_havainto,1.0,2010,131,1879,0,1.0
4927265927,tarkka,2024,10,ennallaan,tuore_havainto,1.0,2010,78,1932,0,1.0
4927266405,tarkka,2024,10,ennallaan,tuore_havainto,1.0,2010,112,1898,0,1.0
4927266717,tarkka,2024,10,ennallaan,tuore_havainto,1.0,2010,101,1909,0,1.0
4927266766,tarkka,2024,10,ennallaan,tuore_havainto,1.0,2010,55,1955,0,1.0
4927267780,tarkka,2024,10,ennallaan,tuore_havainto,1.0,2010,103,1907,0,1.0
4927268105,tarkka,2024,10,ennallaan,tuore_havainto,1.0,2010,137,1873,0,1.0
4927269216,tarkka,2024,10,ennallaan,tuore_havainto,1.0,2010,123,1887,0,1.0
4927269861,tarkka,2024,10,ennallaan,tuore_havainto,1.0,2010,86,1924,0,1.0
4927270155,tarkka,2024,10,ennallaan,tuore_havainto,1.0,2010,139,1871,0,1.0
4927270398,tarkka,2024,10,ennallaan,tuore_havainto,1.0,2010,144,1866,0,1.0
4927271026,tarkka,2024,10,ennallaan,tuore_havainto,1.0,2010,106,1904,0,1.0
4927273395,tarkka,2024,10,ennallaan,tuore_havainto,1.0,2010,74,1936,0,1.0
4927273825,tarkka,2024,10,ennallaan,tuore_havainto,1.0,2010,175,1835,0,1.0
4927274161,tarkka,2024,10,ennallaan,tuore_havainto,1.0,2010,78,1932,0,1.0
4927274337,tarkka,2024,10,ennallaan,tuore_havainto,1.0,2010,107,1903,0,1.0
4927274904,tarkka,2024,10,ennallaan,tuore_havainto,1.0,2010,67,1943,0,1.0
4927275376,tarkka,2024,10,ennallaan,tuore_havainto,1.0,2010,135,1875,0,1.0
4927275664,tarkka,2024,10,ennallaan,tuore_havainto,1.0,2010,84,1926,0,1.0
4927276422,tarkka,2024,9,ennallaan,tuore_havainto,1.0,2010,132,1878,0,1.0
4927276460,tarkka,2024,10,ennallaan,tuore_havainto,1.0,2010,141,1869,0,1.0
4927279117,tarkka,2024,10,ennallaan,tuore_havainto,1.0,2010,90,1920,0,1.0
4927280197,tarkka,2024,25,ennallaan,tuore_havainto,1.0,2010,0,2010,2,1.0
4927280701,tarkka,2024,5,ennallaan,tuore_havainto,1.0,2010,123,1887,0,1.0
4927280887,tarkka,2024,10,ennallaan,tuore_havainto,1.0,2010,136,1874,0,1.0
4927282779,tarkka,2024,1,ennallaan,tuore_havainto,1.0,2010,125,1885,0,1.0
4927283189,tarkka,2024,10,ennallaan,tuore_havainto,1.0,2010,144,1866,0,1.0
4927283433,tarkka,2024,10,ennallaan,tuore_havainto,1.0,2010,148,1862,0,1.0
4927283784,tarkka,2024,10,ei_tietoa,ei_metsavaratietoa,,2010,,,0,0.0
4927284357,tarkka,2024,10,ennallaan,tuore_havainto,1.0,2010,79,1931,0,1.0
4927284674,tarkka,2024,10,ennallaan,tuore_havainto,1.0,2010,137,1873,0,1.0
4927284809,tarkka,2024,200,ennallaan,tuore_havainto,1.0,2010,71,1939,0,1.0
4927286020,tarkka,2024,10,ennallaan,tuore_havainto,1.0,2010,135,1875,0,1.0
4927286500,tarkka,2024,1,ennallaan,tuore_havainto,1.0,2010,56,1954,0,1.0
4927286605,tarkka,2024,10,ennallaan,tuore_havainto,1.0,2010,126,1884,0,1.0
4927286751,tarkka,2024,10,ennallaan,tuore_havainto,1.0,2010,148,1862,0,1.0
4927286919,tarkka,2024,10,ennallaan,tuore_havainto,1.0,2010,141,1869,0,1.0
4927287269,tarkka,2024,10,ennallaan,tuore_havainto,1.0,2010,105,1905,0,1.0
4927287313,tarkka,2024,10,ennallaan,tuore_havainto,1.0,2010,147,1863,0,1.0
4927287433,tarkka,2024,1,ennallaan,tuore_havainto,1.0,2010,107,1903,0,1.0
4927288160,tarkka,2024,10,ennallaan,tuore_havainto,1.0,2010,125,1885,0,1.0
4927288886,tarkka,2024,10,ennallaan,tuore_havainto,1.0,2010,93,1917,0,1.0
4927289175,tarkka,2024,10,ennallaan,tuore_havainto,1.0,2010,135,1875,0,1.0
4927290601,tarkka,2024,10,ennallaan,tuore_havainto,1.0,2010,127,1883,0,1.0
4927291009,tarkka,2024,250,ennallaan,tuore_havainto,1.0,2010,118,1892,0,1.0
4927291676,tarkka,2024,10,ennallaan,tuore_havainto,1.0,2010,131,1879,0,1.0
4927291968,tarkka,2024,10,ennallaan,tuore_havainto,1.0,2010,147,1863,0,1.0
4927292050,tarkka,2024,9,ei_tietoa,ei_metsavaratietoa,,2010,,,0,0.0
4927292811,tarkka,2024,10,ennallaan,tuore_havainto,1.0,2010,142,1868,0,1.0
4927293914,tarkka,2024,10,ennallaan,tuore_havainto,1.0,2010,137,1873,0,1.0
4927294777,tarkka,2024,10,ennallaan,tuore_havainto,1.0,2010,83,1927,0,1.0
4927295713,tarkka,2024,10,ennallaan,tuore_havainto,1.0,2010,145,1865,0,1.0
4927297657,tarkka,2024,10,ennallaan,tuore_havainto,1.0,2010,154,1856,0,1.0
4927298465,tarkka,2024,10,ennallaan,tuore_havainto,1.0,2010,122,1888,0,1.0
4927299357,summittainen,2024,400,ennallaan,tuore_havainto,1.0,2010,86,1924,2,0.89
4927299389,tarkka,2024,10,ennallaan,tuore_havainto,1.0,2010,144,1866,0,1.0
4927299613,tarkka,2024,10,ennallaan,tuore_havainto,1.0,2010,143,1867,0,1.0
4927300831,tarkka,2024,10,ennallaan,tuore_havainto,1.0,2010,148,1862,0,1.0
4927302769,tarkka,2024,10,ennallaan,tuore_havainto,1.0,2010,156,1854,0,1.0
4927304052,tarkka,2024,3,ennallaan,tuore_havainto,1.0,2010,58,1952,0,1.0
4927304651,tarkka,2024,10,ennallaan,tuore_havainto,1.0,2010,139,1871,0,1.0
4927306113,tarkka,2024,10,ennallaan,tuore_havainto,1.0,2010,88,1922,0,1.0
4927306330,tarkka,2024,10,ennallaan,tuore_havainto,1.0,2010,86,1924,0,1.0
4927306501,tarkka,2024,10,ennallaan,tuore_havainto,1.0,2010,142,1868,0,1.0
4927306969,tarkka,2024,10,ennallaan,tuore_havainto,1.0,2010,97,1913,0,1.0
4927308349,tarkka,2024,10,ennallaan,tuore_havainto,1.0,2010,132,1878,0,1.0
4927309581,tarkka,2024,10,ennallaan,tuore_havainto,1.0,2010,148,1862,0,1.0
4927309901,tarkka,2024,10,ennallaan,tuore_havainto,1.0,2010,134,1876,0,1.0
4927310621,tarkka,2024,10,ennallaan,tuore_havainto,1.0,2010,93,1917,0,1.0
4927311709,tarkka,2024,10,ennallaan,tuore_havainto,1.0,2010,105,1905,0,1.0
4927312676,tarkka,2024,10,ennallaan,tuore_havainto,1.0,2010,99,1911,0,1.0
4927312924,tarkka,2024,10,ennallaan,tuore_havainto,1.0,2010,142,1868,0,1.0
4927313944,tarkka,2024,10,ennallaan,tuore_havainto,1.0,2010,98,1912,0,1.0
4927313960,tarkka,2024,25,ennallaan,tuore_havainto,1.0,2010,119,1891,0,1.0
4927314034,tarkka,2024,25,ennallaan,tuore_havainto,1.0,2010,142,1868,0,1.0
4927314419,tarkka,2024,10,ennallaan,tuore_havainto,1.0,2010,106,1904,0,1.0
4927315194,tarkka,2024,10,ennallaan,tuore_havainto,1.0,2010,156,1854,0,1.0
4927315517,tarkka,2024,10,ennallaan,tuore_havainto,1.0,2010,144,1866,0,1.0
4927315889,tarkka,2024,1,ennallaan,tuore_havainto,1.0,2010,145,1865,0,1.0
4927316702,tarkka,2024,10,ennallaan,tuore_havainto,1.0,2010,143,1867,0,1.0
4927317599,tarkka,2024,10,ennallaan,tuore_havainto,1.0,2010,166,1844,0,1.0
4927317768,tarkka,2024,10,ennallaan,tuore_havainto,1.0,2010,88,1922,0,1.0
4927318944,tarkka,2024,10,ennallaan,tuore_havainto,1.0,2010,158,1852,0,1.0
4927319082,tarkka,2024,50,ennallaan,tuore_havainto,1.0,2010,83,1927,0,1.0
4927320363,tarkka,2024,10,ennallaan,tuore_havainto,1.0,2010,93,1917,0,1.0
4927320620,tarkka,2024,10,ennallaan,tuore_havainto,1.0,2010,91,1919,0,1.0
4927321100,tarkka,2024,10,ennallaan,tuore_havainto,1.0,2010,129,1881,0,1.0
4927321593,tarkka,2024,10,ennallaan,tuore_havainto,1.0,2010,140,1870,0,1.0
4927321783,tarkka,2024,10,ennallaan,tuore_havainto,1.0,2010,152,1858,0,1.0
4927322561,tarkka,2024,10,ennallaan,tuore_havainto,1.0,2010,142,1868,0,1.0
4927323970,tarkka,2024,10,ennallaan,tuore_havainto,1.0,2010,95,1915,0,1.0
4927324103,tarkka,2024,10,ennallaan,tuore_havainto,1.0,2010,123,1887,0,1.0
4927324259,tarkka,2024,9,ennallaan,tuore_havainto,1.0,2010,119,1891,0,1.0
4927325099,tarkka,2024,5,ennallaan,tuore_havainto,1.0,2010,80,1930,0,1.0
4927325269,tarkka,2024,25,ennallaan,tuore_havainto,1.0,2010,79,1931,0,0.78
4927325827,tarkka,2024,10,ennallaan,tuore_havainto,1.0,2010,105,1905,0,1.0
4927326123,tarkka,2024,10,ennallaan,tuore_havainto,1.0,2010,105,1905,0,1.0
4927326486,tarkka,2024,10,ennallaan,tuore_havainto,1.0,2010,83,1927,0,1.0
4927326631,tarkka,2024,10,ennallaan,tuore_havainto,1.0,2010,125,1885,2,1.0
4927329379,tarkka,2024,10,ennallaan,tuore_havainto,1.0,2010,141,1869,0,1.0
4927333193,tarkka,2024,10,ennallaan,tuore_havainto,1.0,2010,96,1914,0,1.0
4927337320,tarkka,2024,10,ei_tietoa,ei_metsavaratietoa,,2010,,,0,0.0
4927340367,tarkka,2024,10,ennallaan,tuore_havainto,1.0,2010,119,1891,0,1.0
4927341414,tarkka,2024,10,ennallaan,tuore_havainto,1.0,2010,113,1897,0,1.0
4927341416,tarkka,2024,10,ennallaan,tuore_havainto,1.0,2010,132,1878,0,1.0
4927341826,tarkka,2024,10,ennallaan,tuore_havainto,1.0,2010,152,1858,0,1.0
4927346554,tarkka,2024,10,ennallaan,tuore_havainto,1.0,2010,121,1889,0,1.0
4929454306,tarkka,2024,10,ennallaan,tuore_havainto,1.0,2010,84,1926,0,1.0
4929455060,tarkka,2024,10,ennallaan,tuore_havainto,1.0,2010,84,1926,0,1.0
4929455075,tarkka,2024,10,ennallaan,tuore_havainto,1.0,2010,139,1871,0,1.0
4929455077,tarkka,2024,10,ennallaan,tuore_havainto,1.0,2010,80,1930,0,1.0
4929455940,tarkka,2024,10,ennallaan,tuore_havainto,1.0,2010,138,1872,0,1.0
4929456071,tarkka,2024,10,ennallaan,tuore_havainto,1.0,2010,115,1895,0,1.0
4929457354,tarkka,2024,10,ennallaan,tuore_havainto,1.0,2010,148,1862,0,1.0
4929458929,tarkka,2024,10,ennallaan,tuore_havainto,1.0,2010,69,1941,0,0.89
4929460293,tarkka,2024,10,ennallaan,tuore_havainto,1.0,2010,155,1855,0,1.0
4929461052,tarkka,2024,10,ennallaan,tuore_havainto,1.0,2010,83,1927,0,1.0
4929462513,tarkka,2024,10,ennallaan,tuore_havainto,1.0,2010,146,1864,0,1.0
4929462546,tarkka,2024,10,ennallaan,tuore_havainto,1.0,2010,157,1853,0,1.0
4929462733,tarkka,2024,10,ennallaan,tuore_havainto,1.0,2010,134,1876,0,1.0
4929465829,tarkka,2024,10,ennallaan,tuore_havainto,1.0,2010,81,1929,0,1.0
4929466763,tarkka,2024,5,ennallaan,tuore_havainto,1.0,2010,129,1881,0,1.0
4929466868,tarkka,2024,10,ennallaan,tuore_havainto,1.0,2010,137,1873,0,1.0
4929467773,tarkka,2024,238,ennallaan,tuore_havainto,1.0,2010,95,1915,0,0.89
4929467805,tarkka,2024,10,ennallaan,tuore_havainto,1.0,2010,79,1931,0,1.0
4929468294,tarkka,2024,10,epavarma,osa_alueesta_hakattu,0.11,2010,75,1935,2,1.0
4929468390,tarkka,2024,10,ennallaan,tuore_havainto,1.0,2010,140,1870,0,1.0
4929469909,tarkka,2024,10,ennallaan,tuore_havainto,1.0,2010,137,1873,0,1.0
4929470332,tarkka,2024,10,ennallaan,tuore_havainto,1.0,2010,137,1873,0,1.0
4929471868,tarkka,2024,10,ennallaan,tuore_havainto,1.0,2010,106,1904,0,1.0
4929472408,tarkka,2024,10,ennallaan,tuore_havainto,1.0,2010,121,1889,0,1.0
4929472568,tarkka,2024,10,ennallaan,tuore_havainto,1.0,2010,144,1866,0,1.0
4929474067,tarkka,2024,10,ennallaan,tuore_havainto,1.0,2010,140,1870,0,1.0
4929479702,tarkka,2024,10,ennallaan,tuore_havainto,1.0,2010,134,1876,0,1.0
4929482094,tarkka,2024,10,ennallaan,tuore_havainto,1.0,2010,141,1869,0,1.0
4929482330,tarkka,2024,10,ennallaan,tuore_havainto,1.0,2010,83,1927,0,1.0
4929482477,tarkka,2024,10,ennallaan,tuore_havainto,1.0,2010,105,1905,0,1.0
4929483553,tarkka,2024,10,ennallaan,tuore_havainto,1.0,2010,83,1927,0,1.0
4929483560,tarkka,2024,10,ennallaan,tuore_havainto,1.0,2010,80,1930,0,1.0
4929484414,tarkka,2024,10,ennallaan,tuore_havainto,1.0,2010,116,1894,0,1.0
4929485207,tarkka,2024,10,ennallaan,tuore_havainto,1.0,2010,82,1928,0,1.0
4929485218,tarkka,2024,10,ennallaan,tuore_havainto,1.0,2010,142,1868,0,1.0
4929485473,tarkka,2024,10,ennallaan,tuore_havainto,1.0,2010,94,1916,0,1.0
4929485623,tarkka,2024,10,ennallaan,tuore_havainto,1.0,2010,133,1877,0,0.67
4929488260,tarkka,2024,10,ennallaan,tuore_havainto,1.0,2010,96,1914,0,1.0
4929488325,tarkka,2024,10,ennallaan,tuore_havainto,1.0,2010,137,1873,0,1.0
4929489870,tarkka,2024,10,ennallaan,tuore_havainto,1.0,2010,143,1867,0,1.0
4929490673,tarkka,2024,10,ennallaan,tuore_havainto,1.0,2010,84,1926,0,1.0
4929490680,tarkka,2024,10,ennallaan,tuore_havainto,1.0,2010,22,1988,0,1.0
4929490717,tarkka,2024,10,ennallaan,tuore_havainto,1.0,2010,152,1858,0,1.0
4929490837,tarkka,2024,10,ennallaan,tuore_havainto,1.0,2010,112,1898,0,1.0
4929493142,tarkka,2024,10,ennallaan,tuore_havainto,1.0,2010,144,1866,0,1.0
4929493664,tarkka,2024,10,ennallaan,tuore_havainto,1.0,2010,128,1882,0,1.0
4929494090,tarkka,2024,10,ennallaan,tuore_havainto,1.0,2010,92,1918,0,1.0
4929495141,tarkka,2024,10,ennallaan,tuore_havainto,1.0,2010,104,1906,0,1.0
4929496233,tarkka,2024,10,ennallaan,tuore_havainto,1.0,2010,115,1895,0,1.0
4929496580,tarkka,2024,10,ennallaan,tuore_havainto,1.0,2010,150,1860,0,1.0
4929496738,tarkka,2024,10,ennallaan,tuore_havainto,1.0,2010,108,1902,0,1.0
4929497721,tarkka,2024,1,ennallaan,tuore_havainto,1.0,2010,129,1881,0,1.0
4929497917,tarkka,2024,5,ennallaan,tuore_havainto,1.0,2010,113,1897,0,1.0
4929498247,tarkka,2024,10,ennallaan,tuore_havainto,1.0,2010,81,1929,0,1.0
4929499468,tarkka,2024,10,ennallaan,tuore_havainto,1.0,2010,165,1845,0,1.0
4929499625,tarkka,2024,10,ennallaan,tuore_havainto,1.0,2010,149,1861,0,1.0
4929500493,tarkka,2024,10,ennallaan,tuore_havainto,1.0,2010,139,1871,0,1.0
4929501374,tarkka,2024,20,ennallaan,tuore_havainto,1.0,2010,107,1903,0,1.0
4929501507,tarkka,2024,10,ennallaan,tuore_havainto,1.0,2010,66,1944,0,1.0
4929502142,tarkka,2024,10,ennallaan,tuore_havainto,1.0,2010,156,1854,0,1.0
4929502914,tarkka,2024,10,ennallaan,tuore_havainto,1.0,2010,105,1905,0,1.0
4929503061,tarkka,2024,10,ennallaan,tuore_havainto,1.0,2010,101,1909,0,1.0
4929504087,tarkka,2024,10,ennallaan,tuore_havainto,1.0,2010,0,2010,0,1.0
4929506186,tarkka,2024,10,ennallaan,tuore_havainto,1.0,2010,80,1930,0,1.0
4929508004,tarkka,2024,10,ennallaan,tuore_havainto,1.0,2010,36,1974,0,1.0
4929508031,tarkka,2024,10,ennallaan,tuore_havainto,1.0,2010,156,1854,0,1.0
4929509037,tarkka,2024,10,ennallaan,tuore_havainto,1.0,2010,141,1869,0,1.0
4929510980,tarkka,2024,10,ennallaan,tuore_havainto,1.0,2010,154,1856,0,1.0
4929511516,tarkka,2024,10,ennallaan,tuore_havainto,1.0,2010,119,1891,0,1.0
4929511537,tarkka,2024,10,ennallaan,tuore_havainto,1.0,2010,140,1870,0,1.0
4929511675,tarkka,2024,10,ennallaan,tuore_havainto,1.0,2010,107,1903,0,1.0
4929511741,tarkka,2024,10,ennallaan,tuore_havainto,1.0,2010,158,1852,0,1.0
4929512755,tarkka,2024,10,ennallaan,tuore_havainto,1.0,2010,151,1859,0,1.0
4929512914,tarkka,2024,10,ennallaan,tuore_havainto,1.0,2010,140,1870,0,1.0
4929513366,tarkka,2024,10,ennallaan,tuore_havainto,1.0,2010,79,1931,0,1.0
4929513423,tarkka,2024,10,ennallaan,tuore_havainto,1.0,2010,142,1868,0,1.0
4929513483,tarkka,2024,10,ennallaan,tuore_havainto,1.0,2010,90,1920,0,0.78
4929513566,tarkka,2024,10,ennallaan,tuore_havainto,1.0,2010,146,1864,2,1.0
4929514681,tarkka,2024,10,ennallaan,tuore_havainto,1.0,2010,144,1866,0,1.0
4929517235,tarkka,2024,10,ennallaan,tuore_havainto,1.0,2010,141,1869,0,1.0
4929518406,tarkka,2024,10,ennallaan,tuore_havainto,1.0,2010,137,1873,0,1.0
4929521492,tarkka,2024,10,ennallaan,tuore_havainto,1.0,2010,107,1903,0,1.0
4929523242,tarkka,2024,10,ennallaan,tuore_havainto,1.0,2010,88,1922,0,1.0
4929523374,tarkka,2024,10,ennallaan,tuore_havainto,1.0,2010,154,1856,0,1.0
4929525287,tarkka,2024,10,ennallaan,tuore_havainto,1.0,2010,125,1885,0,1.0
4929529525,tarkka,2024,10,ennallaan,tuore_havainto,1.0,2010,133,1877,0,1.0
4929530668,tarkka,2024,10,ennallaan,tuore_havainto,1.0,2010,103,1907,0,1.0
4929531713,tarkka,2024,25,ennallaan,tuore_havainto,1.0,2010,129,1881,0,1.0
4929533993,tarkka,2024,10,ennallaan,tuore_havainto,1.0,2010,111,1899,0,1.0
4929536084,tarkka,2024,10,ennallaan,tuore_havainto,1.0,2010,108,1902,0,1.0
4929536131,tarkka,2024,10,ennallaan,tuore_havainto,1.0,2010,121,1889,0,1.0
4929536525,tarkka,2024,10,ennallaan,tuore_havainto,1.0,2010,83,1927,0,1.0
4929537753,tarkka,2024,25,ennallaan,tuore_havainto,1.0,2010,51,1959,0,1.0
4929537875,tarkka,2024,10,ennallaan,tuore_havainto,1.0,2010,102,1908,0,1.0
4929539852,tarkka,2024,10,ennallaan,tuore_havainto,1.0,2010,140,1870,0,1.0
4929540192,tarkka,2024,10,ennallaan,tuore_havainto,1.0,2010,95,1915,0,1.0
4929541526,tarkka,2024,25,ennallaan,tuore_havainto,1.0,2010,71,1939,0,1.0
4929541759,tarkka,2024,10,ennallaan,tuore_havainto,1.0,2010,117,1893,0,1.0
4929542444,tarkka,2024,10,ennallaan,tuore_havainto,1.0,2010,134,1876,0,1.0
4929543354,tarkka,2024,10,ennallaan,tuore_havainto,1.0,2010,80,1930,0,1.0
4929543985,tarkka,2024,10,ennallaan,tuore_havainto,1.0,2010,87,1923,0,1.0
4929544739,tarkka,2024,10,ennallaan,tuore_havainto,1.0,2010,134,1876,0,1.0
4929545990,tarkka,2024,10,ennallaan,tuore_havainto,1.0,2010,102,1908,0,1.0
4929545996,tarkka,2024,10,ennallaan,tuore_havainto,1.0,2010,60,1950,0,1.0
4929547256,tarkka,2024,10,ennallaan,tuore_havainto,1.0,2010,103,1907,0,1.0
4929547984,tarkka,2024,10,ennallaan,tuore_havainto,1.0,2010,138,1872,0,1.0
4929548879,tarkka,2024,10,ennallaan,tuore_havainto,1.0,2010,146,1864,0,1.0
4929549050,tarkka,2024,10,ennallaan,tuore_havainto,1.0,2010,138,1872,0,1.0
4929549712,tarkka,2024,10,ennallaan,tuore_havainto,1.0,2010,79,1931,0,1.0
4929550056,tarkka,2024,10,ennallaan,tuore_havainto,1.0,2010,159,1851,0,1.0
4929550253,tarkka,2024,150,ennallaan,tuore_havainto,1.0,2010,108,1902,0,0.89
4929550417,tarkka,2024,10,ennallaan,tuore_havainto,1.0,2010,79,1931,0,1.0
4929550454,tarkka,2024,10,ennallaan,tuore_havainto,1.0,2010,151,1859,0,0.67
4929550596,tarkka,2024,10,ennallaan,tuore_havainto,1.0,2010,115,1895,0,1.0
4929551435,tarkka,2024,10,ennallaan,tuore_havainto,1.0,2010,85,1925,0,1.0
4929553050,tarkka,2024,100,ennallaan,tuore_havainto,1.0,2010,0,2010,2,0.67
4929553135,tarkka,2024,10,ennallaan,tuore_havainto,1.0,2010,104,1906,0,1.0
4929553880,tarkka,2024,10,ennallaan,tuore_havainto,1.0,2010,147,1863,0,1.0
4929554012,tarkka,2024,10,ennallaan,tuore_havainto,1.0,2010,115,1895,2,1.0
4929554663,tarkka,2024,10,ennallaan,tuore_havainto,1.0,2010,138,1872,0,1.0
4929555916,tarkka,2024,10,ennallaan,tuore_havainto,1.0,2010,147,1863,0,1.0
4929557489,tarkka,2024,10,ennallaan,tuore_havainto,1.0,2010,116,1894,0,1.0
4929558038,tarkka,2024,10,ennallaan,tuore_havainto,1.0,2010,106,1904,0,1.0
4929559630,tarkka,2024,3,ennallaan,tuore_havainto,1.0,2010,139,1871,0,1.0
4929561745,tarkka,2024,10,ennallaan,tuore_havainto,1.0,2010,143,1867,0,1.0
4929563101,tarkka,2024,10,ennallaan,tuore_havainto,1.0,2010,73,1937,0,1.0
4929563112,tarkka,2024,141,ennallaan,tuore_havainto,1.0,2010,122,1888,0,1.0
4929563538,tarkka,2024,10,ennallaan,tuore_havainto,1.0,2010,143,1867,0,1.0
4929564819,tarkka,2024,10,ennallaan,tuore_havainto,1.0,2010,153,1857,0,1.0
4929564821,tarkka,2024,10,ennallaan,tuore_havainto,1.0,2010,79,1931,0,1.0
4929564954,tarkka,2024,10,ei_tietoa,ei_metsavaratietoa,,2010,,,0,0.0
4929565077,tarkka,2024,10,ennallaan,tuore_havainto,1.0,2010,141,1869,0,1.0
4929566365,tarkka,2024,10,ennallaan,tuore_havainto,1.0,2010,149,1861,0,1.0
4929566509,tarkka,2024,10,ennallaan,tuore_havainto,1.0,2010,84,1926,0,1.0
4929566530,tarkka,2024,10,ennallaan,tuore_havainto,1.0,2010,83,1927,0,1.0
4929566565,tarkka,2024,10,ennallaan,tuore_havainto,1.0,2010,133,1877,0,1.0
4929566832,tarkka,2024,10,ennallaan,tuore_havainto,1.0,2010,141,1869,0,1.0
4929569815,tarkka,2024,10,ennallaan,tuore_havainto,1.0,2010,82,1928,0,1.0
4929573278,tarkka,2024,1,ei_tietoa,ei_metsavaratietoa,,2010,,,0,0.0
4929576045,tarkka,2024,10,ennallaan,tuore_havainto,1.0,2010,114,1896,0,1.0
4929577285,tarkka,2024,10,ennallaan,tuore_havainto,1.0,2010,144,1866,0,1.0
4929578578,tarkka,2024,20,ennallaan,tuore_havainto,1.0,2010,108,1902,0,1.0
4929580884,tarkka,2024,10,ennallaan,tuore_havainto,1.0,2010,147,1863,0,1.0
4929582183,tarkka,2024,10,ennallaan,tuore_havainto,1.0,2010,84,1926,0,1.0
4929582947,tarkka,2024,10,ennallaan,tuore_havainto,1.0,2010,82,1928,0,1.0
4929582962,tarkka,2024,10,ennallaan,tuore_havainto,1.0,2010,133,1877,0,1.0
4929583188,tarkka,2024,10,ennallaan,tuore_havainto,1.0,2010,144,1866,0,1.0
4929584966,tarkka,2024,10,ennallaan,tuore_havainto,1.0,2010,105,1905,0,1.0
4929590512,tarkka,2024,10,ennallaan,tuore_havainto,1.0,2010,140,1870,0,1.0
4929591346,tarkka,2024,10,ennallaan,tuore_havainto,1.0,2010,137,1873,0,1.0
4929592827,tarkka,2024,10,ennallaan,tuore_havainto,1.0,2010,141,1869,0,1.0
4929593072,tarkka,2024,10,ennallaan,tuore_havainto,1.0,2010,154,1856,0,1.0
4929593449,tarkka,2024,10,ennallaan,tuore_havainto,1.0,2010,82,1928,0,1.0
4929594765,tarkka,2024,10,ennallaan,tuore_havainto,1.0,2010,110,1900,0,1.0
4929594969,tarkka,2024,10,ennallaan,tuore_havainto,1.0,2010,144,1866,0,1.0
4929598370,tarkka,2024,10,ennallaan,tuore_havainto,1.0,2010,142,1868,0,1.0
4929599367,tarkka,2024,10,ennallaan,tuore_havainto,1.0,2010,137,1873,0,1.0
4929599719,tarkka,2024,3,ennallaan,tuore_havainto,1.0,2010,99,1911,0,1.0
4929604339,tarkka,2024,10,ennallaan,tuore_havainto,1.0,2010,79,1931,0,1.0
4939293937,tarkka,2024,25,ennallaan,tuore_havainto,1.0,2010,86,1924,0,1.0
4939295146,tarkka,2024,25,ennallaan,tuore_havainto,1.0,2010,84,1926,0,1.0
4939296161,tarkka,2024,25,ennallaan,tuore_havainto,1.0,2010,81,1929,0,1.0
4939300254,tarkka,2024,10,ennallaan,tuore_havainto,1.0,2010,94,1916,0,1.0
4939301247,tarkka,2024,25,ennallaan,tuore_havainto,1.0,2010,76,1934,0,1.0
4939307746,tarkka,2024,10,muuttunut,hakattu,0.67,2010,100,1910,2,1.0
4939309858,tarkka,2024,25,ennallaan,tuore_havainto,1.0,2010,84,1926,0,1.0
4939314732,tarkka,2024,25,ennallaan,tuore_havainto,1.0,2010,79,1931,0,1.0
4939320849,tarkka,2024,25,ennallaan,tuore_havainto,1.0,2010,80,1930,0,1.0
4939326918,tarkka,2024,10,ennallaan,tuore_havainto,1.0,2010,90,1920,2,1.0
4939327080,tarkka,2024,25,ennallaan,tuore_havainto,1.0,2010,79,1931,0,1.0
4939327653,tarkka,2024,25,ennallaan,tuore_havainto,1.0,2010,81,1929,0,1.0
4939332538,tarkka,2024,25,ennallaan,tuore_havainto,1.0,2010,83,1927,0,1.0
4939336164,tarkka,2024,25,ennallaan,tuore_havainto,1.0,2010,80,1930,0,1.0
4939339020,tarkka,2024,10,ennallaan,tuore_havainto,1.0,2010,94,1916,0,1.0
4939340194,tarkka,2024,25,ennallaan,tuore_havainto,1.0,2010,87,1923,0,1.0
4939343047,tarkka,2024,25,ennallaan,tuore_havainto,1.0,2010,82,1928,0,1.0
4939354993,tarkka,2024,25,ennallaan,tuore_havainto,1.0,2010,80,1930,0,1.0
4939362302,tarkka,2024,25,ennallaan,tuore_havainto,1.0,2010,81,1929,0,1.0
4939362710,tarkka,2024,25,ennallaan,tuore_havainto,1.0,2010,98,1912,0,1.0
4939364947,tarkka,2024,25,ennallaan,tuore_havainto,1.0,2010,80,1930,0,0.89
4939368307,tarkka,2024,25,ennallaan,tuore_havainto,1.0,2010,82,1928,0,1.0
4939370658,tarkka,2024,10,ennallaan,tuore_havainto,1.0,2010,94,1916,0,1.0
4939370704,tarkka,2024,25,ennallaan,tuore_havainto,1.0,2010,84,1926,0,1.0
4939372039,tarkka,2024,25,ennallaan,tuore_havainto,1.0,2010,81,1929,0,1.0
4939373057,tarkka,2024,25,ennallaan,tuore_havainto,1.0,2010,76,1934,0,1.0
4939376967,tarkka,2024,25,ennallaan,tuore_havainto,1.0,2010,79,1931,0,1.0
4939382717,tarkka,2024,25,ennallaan,tuore_havainto,1.0,2010,78,1932,0,1.0
4939383970,tarkka,2024,10,ei_tietoa,ei_metsavaratietoa,,2010,,,0,0.0
4939384553,tarkka,2024,10,ennallaan,tuore_havainto,1.0,2010,94,1916,0,1.0
4939384601,tarkka,2024,25,ennallaan,tuore_havainto,1.0,2010,85,1925,0,1.0
4939385417,tarkka,2024,10,ennallaan,tuore_havainto,1.0,2010,107,1903,0,1.0
4939386741,tarkka,2024,10,ennallaan,tuore_havainto,1.0,2010,127,1883,0,1.0
4939387115,tarkka,2024,25,ennallaan,tuore_havainto,1.0,2010,86,1924,0,1.0
4939387895,tarkka,2024,25,ennallaan,tuore_havainto,1.0,2010,81,1929,0,1.0
4939388519,tarkka,2024,25,ennallaan,tuore_havainto,1.0,2010,77,1933,0,1.0
4939392095,tarkka,2024,25,ennallaan,tuore_havainto,1.0,2010,100,1910,0,1.0
4939393021,tarkka,2024,25,ennallaan,tuore_havainto,1.0,2010,85,1925,0,1.0
4939394438,tarkka,2024,25,ennallaan,tuore_havainto,1.0,2010,80,1930,0,1.0
4939396861,tarkka,2024,25,ennallaan,tuore_havainto,1.0,2010,85,1925,0,1.0
4939398894,tarkka,2024,10,ennallaan,tuore_havainto,1.0,2010,102,1908,0,1.0
4939399482,tarkka,2024,25,ennallaan,tuore_havainto,1.0,2010,80,1930,0,1.0
4939410645,tarkka,2024,25,ennallaan,tuore_havainto,1.0,2010,82,1928,0,1.0
4939411327,tarkka,2024,25,ennallaan,tuore_havainto,1.0,2010,79,1931,0,1.0
4939419186,tarkka,2024,25,ennallaan,tuore_havainto,1.0,2010,93,1917,0,1.0
4939421534,tarkka,2024,25,ennallaan,tuore_havainto,1.0,2010,80,1930,0,1.0
4946748029,tarkka,2024,10,muuttunut,hakattu,0.78,2010,104,1906,2,1.0
4946758231,tarkka,2024,10,ennallaan,tuore_havainto,1.0,2010,59,1951,0,1.0
4946758424,tarkka,2024,10,ennallaan,tuore_havainto,1.0,2010,99,1911,0,0.44
4946761831,tarkka,2024,10,ennallaan,tuore_havainto,1.0,2010,98,1912,0,1.0
4946769614,tarkka,2024,10,muuttunut,hakattu,1.0,2010,109,1901,2,1.0
4946778061,tarkka,2024,25,ennallaan,tuore_havainto,1.0,2010,58,1952,0,1.0
4946780481,tarkka,2024,25,ennallaan,tuore_havainto,1.0,2010,61,1949,0,1.0
4946789299,tarkka,2024,10,ennallaan,tuore_havainto,1.0,2010,61,1949,0,1.0
4946795076,tarkka,2024,25,ennallaan,tuore_havainto,1.0,2010,57,1953,0,1.0
4946799790,tarkka,2024,25,ennallaan,tuore_havainto,1.0,2010,68,1942,0,1.0
4946800541,tarkka,2024,10,ennallaan,tuore_havainto,1.0,2010,81,1929,0,1.0
4946802153,tarkka,2024,50,ennallaan,tuore_havainto,1.0,2010,101,1909,0,1.0
4946807418,tarkka,2024,25,ennallaan,tuore_havainto,1.0,2010,50,1960,0,1.0
4946811910,tarkka,2024,10,ennallaan,tuore_havainto,1.0,2010,53,1957,0,1.0
4946818884,tarkka,2024,25,ennallaan,tuore_havainto,1.0,2010,80,1930,0,1.0
4946818888,tarkka,2024,25,ennallaan,tuore_havainto,1.0,2010,57,1953,0,1.0
4946824874,tarkka,2024,25,ennallaan,tuore_havainto,1.0,2010,59,1951,0,1.0
4946829639,tarkka,2024,25,ennallaan,tuore_havainto,1.0,2010,56,1954,0,1.0
4946848750,tarkka,2024,50,ennallaan,tuore_havainto,1.0,2010,100,1910,0,1.0
4946850610,tarkka,2024,10,ennallaan,tuore_havainto,1.0,2010,99,1911,0,0.89
4946853933,tarkka,2024,25,ennallaan,tuore_havainto,1.0,2010,66,1944,0,1.0
4946863412,tarkka,2024,50,ennallaan,tuore_havainto,1.0,2010,103,1907,0,1.0
4946867083,tarkka,2024,10,muuttunut,hakattu,0.89,2010,90,1920,2,1.0
4946868822,tarkka,2024,10,ennallaan,tuore_havainto,1.0,2010,53,1957,0,1.0
4946887789,tarkka,2024,25,ennallaan,tuore_havainto,1.0,2010,27,1983,0,1.0
4946897855,tarkka,2024,10,ennallaan,tuore_havainto,1.0,2010,90,1920,0,1.0
4946897917,tarkka,2024,25,ennallaan,tuore_havainto,1.0,2010,73,1937,0,1.0
4946900398,tarkka,2024,10,epavarma,hakkuuaikomus,1.0,2010,83,1927,1,1.0
4946900629,tarkka,2024,25,ennallaan,tuore_havainto,1.0,2010,92,1918,0,1.0
4950641964,tarkka,2024,10,ennallaan,tuore_havainto,1.0,2010,91,1919,0,1.0
4950647697,tarkka,2024,10,ennallaan,tuore_havainto,1.0,2010,144,1866,0,1.0
4950648805,tarkka,2024,15,ennallaan,tuore_havainto,1.0,2010,157,1853,0,1.0
4950650274,tarkka,2024,15,ennallaan,tuore_havainto,1.0,2010,136,1874,2,1.0
4950654083,tarkka,2024,10,ennallaan,tuore_havainto,1.0,2010,62,1948,0,1.0
4950659088,tarkka,2024,15,ennallaan,tuore_havainto,1.0,2010,140,1870,0,1.0
4950675882,tarkka,2024,5,ennallaan,tuore_havainto,1.0,2010,126,1884,0,1.0
4950686334,tarkka,2024,10,ennallaan,tuore_havainto,1.0,2010,107,1903,0,1.0
4950693798,tarkka,2024,10,ennallaan,tuore_havainto,1.0,2010,114,1896,0,1.0
4950699565,tarkka,2024,10,ennallaan,tuore_havainto,1.0,2010,62,1948,0,1.0
4950704243,tarkka,2024,10,ennallaan,tuore_havainto,1.0,2010,107,1903,0,1.0
4950709385,tarkka,2024,10,ennallaan,tuore_havainto,1.0,2010,119,1891,0,1.0
4950733457,tarkka,2024,10,ennallaan,tuore_havainto,1.0,2010,96,1914,0,1.0
4950753629,tarkka,2024,10,ennallaan,tuore_havainto,1.0,2010,70,1940,0,1.0
4954957295,tarkka,2024,5,ennallaan,tuore_havainto,1.0,2010,98,1912,0,1.0
4973625148,tarkka,2024,1,ennallaan,tuore_havainto,1.0,2010,84,1926,0,1.0
4973662740,tarkka,2024,1,ennallaan,tuore_havainto,1.0,2010,87,1923,0,1.0
4976777402,tarkka,2024,10,ennallaan,tuore_havainto,1.0,2010,93,1917,0,1.0
4976778459,tarkka,2024,10,ennallaan,tuore_havainto,1.0,2010,108,1902,0,1.0
4976795944,tarkka,2024,10,ennallaan,tuore_havainto,1.0,2010,92,1918,0,1.0
4976801888,tarkka,2024,10,ennallaan,tuore_havainto,1.0,2010,112,1898,0,1.0
4976814587,tarkka,2024,10,ennallaan,tuore_havainto,1.0,2010,127,1883,0,1.0
4976830967,tarkka,2024,10,ennallaan,tuore_havainto,1.0,2010,107,1903,0,1.0
4976850120,tarkka,2024,10,ennallaan,tuore_havainto,1.0,2010,104,1906,0,1.0
4977981852,tarkka,2024,10,ennallaan,tuore_havainto,1.0,2010,53,1957,0,1.0
4977982151,tarkka,2024,10,ennallaan,tuore_havainto,1.0,2010,131,1879,0,1.0
4977991789,tarkka,2024,10,ennallaan,tuore_havainto,1.0,2010,92,1918,0,1.0
4977992050,tarkka,2024,10,ennallaan,tuore_havainto,1.0,2010,60,1950,0,1.0
4977993991,tarkka,2024,10,ennallaan,tuore_havainto,1.0,2010,94,1916,0,1.0
4977995304,tarkka,2024,10,ennallaan,tuore_havainto,0.56,2010,66,1944,1,1.0
4977997100,tarkka,2024,10,ennallaan,tuore_havainto,1.0,2010,93,1917,0,1.0
4978000642,tarkka,2024,10,ennallaan,tuore_havainto,1.0,2010,14,1996,0,1.0
4978002683,tarkka,2024,10,ennallaan,tuore_havainto,1.0,2010,59,1951,0,1.0
4978003769,tarkka,2024,10,ennallaan,tuore_havainto,1.0,2010,56,1954,0,1.0
4978022706,tarkka,2024,10,ennallaan,tuore_havainto,1.0,2010,78,1932,0,1.0
4978023004,tarkka,2024,10,ennallaan,tuore_havainto,1.0,2010,148,1862,0,1.0
4978024177,tarkka,2024,10,ennallaan,tuore_havainto,1.0,2010,138,1872,0,1.0
4978025669,tarkka,2024,10,ennallaan,tuore_havainto,1.0,2010,44,1966,0,1.0
4978043047,tarkka,2024,10,ennallaan,tuore_havainto,1.0,2010,146,1864,0,1.0
4978050647,tarkka,2024,10,ennallaan,tuore_havainto,1.0,2010,62,1948,0,1.0
4978052250,tarkka,2024,10,ennallaan,tuore_havainto,1.0,2010,133,1877,0,1.0
4978053992,tarkka,2024,10,ennallaan,tuore_havainto,1.0,2010,79,1931,0,1.0
4978057525,tarkka,2024,10,ennallaan,tuore_havainto,1.0,2010,62,1948,0,1.0
4978068105,tarkka,2024,10,ennallaan,tuore_havainto,1.0,2010,149,1861,0,1.0
4978068685,tarkka,2024,10,ennallaan,tuore_havainto,1.0,2010,35,1975,0,1.0
4978074579,tarkka,2024,10,ennallaan,tuore_havainto,1.0,2010,65,1945,0,1.0
4978076046,tarkka,2024,10,ennallaan,tuore_havainto,1.0,2010,107,1903,0,1.0
4978091173,tarkka,2024,10,ennallaan,tuore_havainto,1.0,2010,147,1863,0,1.0
4978098336,tarkka,2024,10,ennallaan,tuore_havainto,1.0,2010,88,1922,0,1.0
4978124945,tarkka,2024,10,ennallaan,tuore_havainto,1.0,2010,14,1996,0,1.0
4978134201,tarkka,2024,10,ennallaan,tuore_havainto,1.0,2010,104,1906,0,1.0
4979749727,tarkka,2024,10,ennallaan,tuore_havainto,1.0,2010,88,1922,0,1.0
4979754329,tarkka,2024,5,muuttunut,hakattu,1.0,2010,83,1927,2,1.0
4979760059,tarkka,2024,10,ennallaan,tuore_havainto,1.0,2010,115,1895,0,1.0
4979763553,tarkka,2024,10,ennallaan,tuore_havainto,1.0,2010,98,1912,0,1.0
4979799206,tarkka,2024,10,ennallaan,tuore_havainto,1.0,2010,108,1902,0,1.0
4979804771,tarkka,2024,10,ennallaan,tuore_havainto,1.0,2010,120,1890,0,1.0
4979808244,tarkka,2024,10,ennallaan,tuore_havainto,1.0,2010,90,1920,0,1.0
4979856482,tarkka,2024,10,ennallaan,tuore_havainto,1.0,2010,82,1928,0,0.89
4979872852,tarkka,2024,10,ennallaan,tuore_havainto,1.0,2010,111,1899,0,1.0
4979874181,tarkka,2024,10,ennallaan,tuore_havainto,1.0,2010,122,1888,0,1.0
4979917075,tarkka,2024,10,ennallaan,tuore_havainto,1.0,2010,103,1907,0,0.89
4979922563,tarkka,2024,10,ennallaan,tuore_havainto,1.0,2010,76,1934,0,1.0
4979929687,tarkka,2024,10,ennallaan,tuore_havainto,1.0,2010,122,1888,0,1.0
4979934315,tarkka,2024,5,ennallaan,tuore_havainto,1.0,2010,83,1927,0,1.0
4989061018,tarkka,2024,10,ennallaan,tuore_havainto,1.0,2010,108,1902,0,1.0
4989071608,tarkka,2024,10,ennallaan,tuore_havainto,1.0,2010,61,1949,0,0.22
4989101131,tarkka,2024,10,ennallaan,tuore_havainto,1.0,2010,54,1956,0,0.22
4989105182,tarkka,2024,10,ennallaan,tuore_havainto,1.0,2010,119,1891,0,1.0
4997749299,tarkka,2024,5,ennallaan,tuore_havainto,1.0,2010,46,1964,0,1.0
4997780752,tarkka,2024,5,ei_tietoa,ei_metsavaratietoa,,2010,,,0,0.0
4997794201,tarkka,2024,5,epavarma,hakkuuaikomus,0.75,2010,86,1924,1,0.67
4997832428,tarkka,2024,5,ennallaan,tuore_havainto,1.0,2010,79,1931,0,0.22
5004566562,tarkka,2024,25,ennallaan,tuore_havainto,1.0,2010,95,1915,2,0.67
5004593724,tarkka,2024,25,ennallaan,tuore_havainto,1.0,2010,95,1915,2,0.67
5004647189,tarkka,2024,25,ennallaan,tuore_havainto,1.0,2010,110,1900,0,1.0
5004647678,tarkka,2024,25,ennallaan,tuore_havainto,1.0,2010,122,1888,0,1.0
5004650270,tarkka,2024,10,ennallaan,tuore_havainto,1.0,2010,124,1886,0,1.0
5004659057,tarkka,2024,25,ennallaan,tuore_havainto,1.0,2010,100,1910,0,1.0
5004676789,tarkka,2024,25,ennallaan,tuore_havainto,1.0,2010,96,1914,2,0.67
5004750336,tarkka,2024,10,ennallaan,tuore_havainto,1.0,2010,104,1906,0,1.0
5068996975,tarkka,2024,10,ennallaan,tuore_havainto,1.0,2010,86,1924,0,1.0
5068996982,tarkka,2024,10,ennallaan,tuore_havainto,1.0,2010,117,1893,0,0.78
5068996983,tarkka,2024,10,ennallaan,tuore_havainto,1.0,2010,95,1915,0,0.56
5068996986,tarkka,2024,10,ennallaan,tuore_havainto,1.0,2010,97,1913,0,0.78
5068997013,tarkka,2024,10,epavarma,hakkuuaikomus,0.56,2010,114,1896,1,1.0
5068997015,tarkka,2024,10,epavarma,hakkuuaikomus,0.56,2010,111,1899,1,1.0
5068998837,tarkka,2024,10,ennallaan,tuore_havainto,1.0,2010,117,1893,0,1.0
5068999002,tarkka,2024,10,ennallaan,tuore_havainto,1.0,2010,110,1900,0,0.78
5084113085,tarkka,2024,10,ennallaan,tuore_havainto,1.0,2010,126,1884,0,1.0
5084115066,tarkka,2024,10,ennallaan,tuore_havainto,1.0,2010,126,1884,0,1.0
5084121071,tarkka,2024,10,ennallaan,tuore_havainto,1.0,2010,86,1924,0,1.0
5084126080,tarkka,2024,10,ennallaan,tuore_havainto,1.0,2010,106,1904,0,1.0
5084140095,tarkka,2024,10,ennallaan,tuore_havainto,1.0,2010,86,1924,0,1.0
5084149062,tarkka,2024,10,ennallaan,tuore_havainto,1.0,2010,86,1924,0,1.0
5084151063,tarkka,2024,10,epavarma,osa_alueesta_hakattu,0.22,2010,120,1890,2,1.0
5084151067,tarkka,2024,10,ennallaan,tuore_havainto,1.0,2010,0,2010,0,1.0
5084154081,tarkka,2024,10,ennallaan,tuore_havainto,1.0,2010,127,1883,0,0.78
5084165071,tarkka,2024,10,ennallaan,tuore_havainto,1.0,2010,86,1924,0,1.0
5139416307,tarkka,2024,3,ennallaan,tuore_havainto,1.0,2010,111,1899,0,1.0
5139431306,tarkka,2024,3,ennallaan,tuore_havainto,1.0,2010,102,1908,0,1.0
5139432306,tarkka,2024,3,ennallaan,tuore_havainto,1.0,2010,94,1916,0,0.67
5139435312,tarkka,2024,3,ennallaan,tuore_havainto,1.0,2010,107,1903,0,1.0
5139436304,tarkka,2024,3,ennallaan,tuore_havainto,1.0,2010,94,1916,0,1.0
5139444306,tarkka,2024,3,ennallaan,tuore_havainto,1.0,2010,78,1932,0,1.0
5139449308,tarkka,2024,3,ennallaan,tuore_havainto,1.0,2010,78,1932,0,1.0
5139451308,tarkka,2024,3,ennallaan,tuore_havainto,1.0,2010,104,1906,0,1.0
5139458305,tarkka,2024,3,ennallaan,tuore_havainto,1.0,2010,94,1916,0,1.0
5139459307,tarkka,2024,3,ennallaan,tuore_havainto,1.0,2010,88,1922,0,1.0
5147893440,tarkka,2024,10,ennallaan,tuore_havainto,1.0,2010,121,1889,0,1.0
5858876460,tarkka,2024,1,ennallaan,tuore_havainto,1.0,2010,84,1926,0,1.0
5858911722,tarkka,2024,1,ennallaan,tuore_havainto,1.0,2010,87,1923,0,1.0
5868150061,alueellinen,2024,23942,ei_tietoa,liian_epatarkka,,,,,,
4929455564,tarkka,2024,10,ennallaan,tuore_havainto,1.0,2010,79,1931,0,1.0
4929456835,tarkka,2024,25,ennallaan,tuore_havainto,1.0,2010,159,1851,0,1.0
4929457269,tarkka,2024,10,ennallaan,tuore_havainto,1.0,2010,96,1914,0,1.0
4929459000,tarkka,2024,10,ennallaan,tuore_havainto,1.0,2010,82,1928,0,1.0
4929461582,tarkka,2024,10,ennallaan,tuore_havainto,1.0,2010,80,1930,0,1.0
4929461956,tarkka,2024,10,ennallaan,tuore_havainto,1.0,2010,129,1881,0,1.0
4929468891,tarkka,2024,25,ennallaan,tuore_havainto,1.0,2010,102,1908,0,1.0
4929472061,tarkka,2024,5,ennallaan,tuore_havainto,1.0,2010,99,1911,0,1.0
4929474655,tarkka,2024,10,ennallaan,tuore_havainto,1.0,2010,80,1930,0,1.0
4929474914,tarkka,2024,25,ennallaan,tuore_havainto,1.0,2010,97,1913,0,1.0
4929477620,tarkka,2024,10,ennallaan,tuore_havainto,1.0,2010,78,1932,0,1.0
4929478623,tarkka,2024,10,ennallaan,tuore_havainto,1.0,2010,75,1935,0,1.0
4929479486,tarkka,2024,10,ennallaan,tuore_havainto,1.0,2010,63,1947,0,1.0
4929480161,tarkka,2024,10,ennallaan,tuore_havainto,1.0,2010,97,1913,0,1.0
4929481178,tarkka,2024,25,ennallaan,tuore_havainto,1.0,2010,172,1838,0,1.0
4929486192,tarkka,2024,10,ennallaan,tuore_havainto,1.0,2010,84,1926,0,1.0
4929489254,tarkka,2024,10,ennallaan,tuore_havainto,1.0,2010,83,1927,0,1.0
4929490280,tarkka,2024,5,ennallaan,tuore_havainto,1.0,2010,105,1905,0,1.0
4929492096,tarkka,2024,25,ennallaan,tuore_havainto,1.0,2010,122,1888,0,1.0
4929492372,tarkka,2024,10,ennallaan,tuore_havainto,1.0,2010,79,1931,0,1.0
4929494570,tarkka,2024,1,ennallaan,tuore_havainto,1.0,2010,115,1895,0,1.0
4929494769,tarkka,2024,10,ennallaan,tuore_havainto,1.0,2010,129,1881,0,1.0
4929497258,tarkka,2024,10,ennallaan,tuore_havainto,1.0,2010,123,1887,0,1.0
4929497649,tarkka,2024,25,ennallaan,tuore_havainto,1.0,2010,118,1892,0,1.0
4929498058,tarkka,2024,5,ennallaan,tuore_havainto,1.0,2010,102,1908,0,1.0
4929498084,tarkka,2024,10,ennallaan,tuore_havainto,1.0,2010,125,1885,0,0.89
4929508777,tarkka,2024,5,ennallaan,tuore_havainto,1.0,2010,104,1906,0,1.0
4929514145,tarkka,2024,10,ennallaan,tuore_havainto,1.0,2010,78,1932,0,1.0
4929515646,tarkka,2024,20,ennallaan,tuore_havainto,1.0,2010,72,1938,0,1.0
4929521594,tarkka,2024,25,ennallaan,tuore_havainto,1.0,2010,101,1909,0,1.0
4929522125,tarkka,2024,25,ennallaan,tuore_havainto,1.0,2010,101,1909,0,1.0
4929522341,tarkka,2024,25,ennallaan,tuore_havainto,1.0,2010,110,1900,0,1.0
4929524135,tarkka,2024,25,ennallaan,tuore_havainto,1.0,2010,125,1885,0,1.0
4929524848,tarkka,2024,25,ennallaan,tuore_havainto,1.0,2010,105,1905,0,1.0
4929524984,tarkka,2024,10,ennallaan,tuore_havainto,1.0,2010,42,1968,0,1.0
4929530781,tarkka,2024,5,ennallaan,tuore_havainto,1.0,2010,108,1902,0,1.0
4929531865,tarkka,2024,25,ennallaan,tuore_havainto,1.0,2010,107,1903,0,1.0
4929536888,tarkka,2024,25,ennallaan,tuore_havainto,1.0,2010,108,1902,0,1.0
4929537271,tarkka,2024,25,ennallaan,tuore_havainto,1.0,2010,129,1881,0,1.0
4929537620,tarkka,2024,25,ennallaan,tuore_havainto,1.0,2010,143,1867,0,1.0
4929538147,tarkka,2024,5,ennallaan,tuore_havainto,1.0,2010,123,1887,0,1.0
4929538210,tarkka,2024,10,ennallaan,tuore_havainto,1.0,2010,134,1876,0,0.89
4929538683,tarkka,2024,20,ennallaan,tuore_havainto,0.67,2010,62,1948,1,1.0
4929548601,tarkka,2024,5,ennallaan,tuore_havainto,1.0,2010,101,1909,0,1.0
4929548606,tarkka,2024,25,ennallaan,tuore_havainto,1.0,2010,105,1905,0,1.0
4929549550,tarkka,2024,25,ennallaan,tuore_havainto,1.0,2010,110,1900,0,1.0
4929554391,tarkka,2024,5,ennallaan,tuore_havainto,1.0,2010,101,1909,0,1.0
4929561334,tarkka,2024,5,ennallaan,tuore_havainto,1.0,2010,90,1920,0,1.0
4929561583,tarkka,2024,25,ennallaan,tuore_havainto,1.0,2010,128,1882,0,1.0
4929562784,tarkka,2024,10,ennallaan,tuore_havainto,1.0,2010,86,1924,0,1.0
4929564105,tarkka,2024,5,ennallaan,tuore_havainto,1.0,2010,131,1879,0,1.0
4929565461,tarkka,2024,10,epavarma,hakkuuaikomus,1.0,2010,123,1887,1,1.0
4929568516,summittainen,2024,400,ennallaan,tuore_havainto,1.0,2010,75,1935,2,1.0
4929568637,tarkka,2024,25,ennallaan,tuore_havainto,1.0,2010,108,1902,0,1.0
4929570458,tarkka,2024,10,ennallaan,tuore_havainto,1.0,2010,79,1931,0,1.0
4929571996,tarkka,2024,5,ennallaan,tuore_havainto,1.0,2010,105,1905,0,1.0
4929574052,tarkka,2024,25,ennallaan,tuore_havainto,1.0,2010,103,1907,0,1.0
4929574670,summittainen,2024,400,ennallaan,tuore_havainto,0.89,2010,86,1924,1,1.0
4929575580,tarkka,2024,5,ennallaan,tuore_havainto,1.0,2010,131,1879,0,1.0
4929577530,tarkka,2024,10,ennallaan,tuore_havainto,1.0,2010,83,1927,0,1.0
4929580526,tarkka,2024,10,ennallaan,tuore_havainto,1.0,2010,129,1881,0,1.0
4929581341,tarkka,2024,10,ennallaan,tuore_havainto,1.0,2010,78,1932,0,1.0
4929581821,tarkka,2024,10,ennallaan,tuore_havainto,1.0,2010,99,1911,0,1.0
4929585773,tarkka,2024,25,ennallaan,tuore_havainto,1.0,2010,125,1885,0,1.0
4929592558,tarkka,2024,5,ennallaan,tuore_havainto,1.0,2010,126,1884,0,1.0
4929597343,tarkka,2024,25,ennallaan,tuore_havainto,1.0,2010,101,1909,0,1.0
4929599093,tarkka,2024,10,ennallaan,tuore_havainto,1.0,2010,78,1932,0,1.0
4929608532,tarkka,2024,10,ennallaan,tuore_havainto,1.0,2010,66,1944,0,1.0
4929615195,tarkka,2024,10,ennallaan,tuore_havainto,1.0,2010,107,1903,0,1.0
4939293946,tarkka,2024,10,muuttunut,hakattu,0.78,2010,103,1907,2,1.0
4939294634,tarkka,2024,100,ennallaan,tuore_havainto,1.0,2010,125,1885,0,1.0
4939295153,tarkka,2024,10,ennallaan,tuore_havainto,1.0,2010,101,1909,0,1.0
4939298299,tarkka,2024,25,muuttunut,hakattu,0.62,2010,75,1935,2,0.89
4939301478,tarkka,2024,118,ennallaan,tuore_havainto,1.0,2010,100,1910,0,0.78
4939301942,tarkka,2024,25,epavarma,hakkuuaikomus,0.67,2010,102,1908,1,0.67
4939309864,tarkka,2024,10,muuttunut,hakattu,1.0,2010,102,1908,2,1.0
4939311424,tarkka,2024,25,ennallaan,tuore_havainto,1.0,2010,125,1885,0,1.0
4939311593,summittainen,2024,400,ennallaan,tuore_havainto,1.0,2010,101,1909,0,0.78
4939313795,tarkka,2024,10,epavarma,hakkuuaikomus,0.78,2010,109,1901,1,1.0
4939314489,tarkka,2024,20,ennallaan,tuore_havainto,1.0,2010,91,1919,0,1.0
4939314913,tarkka,2024,10,ennallaan,tuore_havainto,1.0,2010,79,1931,0,1.0
4939317932,tarkka,2024,10,ennallaan,tuore_havainto,1.0,2010,86,1924,0,1.0
4939319790,tarkka,2024,10,ennallaan,tuore_havainto,1.0,2010,83,1927,0,1.0
4939321059,tarkka,2024,10,ennallaan,tuore_havainto,1.0,2010,75,1935,0,1.0
4939324020,tarkka,2024,10,ennallaan,tuore_havainto,1.0,2010,84,1926,0,1.0
4939334028,tarkka,2024,25,ennallaan,tuore_havainto,1.0,2010,55,1955,2,0.11
4939335014,tarkka,2024,10,ennallaan,tuore_havainto,1.0,2010,84,1926,0,1.0
4939335948,tarkka,2024,50,ennallaan,tuore_havainto,1.0,2010,94,1916,0,1.0
4939339722,tarkka,2024,10,ennallaan,tuore_havainto,1.0,2010,43,1967,0,1.0
4939339878,tarkka,2024,20,ennallaan,tuore_havainto,1.0,2010,110,1900,0,1.0
4939341552,tarkka,2024,25,ennallaan,tuore_havainto,1.0,2010,164,1846,0,1.0
4939342614,tarkka,2024,25,epavarma,hakkuuaikomus,1.0,2010,100,1910,1,1.0
4939347788,tarkka,2024,10,epavarma,hakkuuaikomus,1.0,2010,103,1907,1,1.0
4939348006,tarkka,2024,25,ennallaan,tuore_havainto,1.0,2010,120,1890,0,1.0
4939351140,tarkka,2024,10,muuttunut,hakattu,1.0,2010,95,1915,2,1.0
4939354416,tarkka,2024,10,ennallaan,tuore_havainto,1.0,2010,78,1932,0,1.0
4939355168,tarkka,2024,10,ennallaan,tuore_havainto,1.0,2010,78,1932,0,1.0
4939355398,tarkka,2024,15,ennallaan,tuore_havainto,1.0,2010,14,1996,0,1.0
4939356270,tarkka,2024,15,ennallaan,tuore_havainto,1.0,2010,87,1923,0,0.89
4939360545,tarkka,2024,25,ennallaan,tuore_havainto,1.0,2010,147,1863,0,1.0
4939362581,tarkka,2024,10,ennallaan,tuore_havainto,1.0,2010,83,1927,0,1.0
4939366636,tarkka,2024,10,ennallaan,tuore_havainto,1.0,2010,46,1964,0,1.0
4939367064,tarkka,2024,25,ennallaan,tuore_havainto,1.0,2010,163,1847,0,1.0
4939370712,tarkka,2024,10,muuttunut,hakattu,0.67,2010,82,1928,2,1.0
4939372199,tarkka,2024,10,ennallaan,tuore_havainto,1.0,2010,81,1929,0,1.0
4939373191,tarkka,2024,10,ennallaan,tuore_havainto,1.0,2010,81,1929,0,1.0
4939373549,tarkka,2024,25,ennallaan,tuore_havainto,1.0,2010,151,1859,0,1.0
4939373850,tarkka,2024,25,ei_tietoa,ei_metsavaratietoa,,2010,,,0,0.0
4939377764,tarkka,2024,10,ennallaan,tuore_havainto,1.0,2010,81,1929,0,1.0
4939379503,tarkka,2024,32,ennallaan,tuore_havainto,1.0,2010,23,1987,0,1.0
4939380549,tarkka,2024,15,ennallaan,tuore_havainto,1.0,2010,26,1984,0,1.0
4939381319,tarkka,2024,25,ennallaan,tuore_havainto,1.0,2010,106,1904,0,1.0
4939381323,tarkka,2024,25,ennallaan,tuore_havainto,1.0,2010,0,2010,0,1.0
4939384926,tarkka,2024,25,ennallaan,tuore_havainto,1.0,2010,136,1874,0,1.0
4939385422,tarkka,2024,10,epavarma,hakkuuaikomus,1.0,2010,104,1906,1,0.56
4939386459,tarkka,2024,10,ennallaan,tuore_havainto,1.0,2010,57,1953,0,1.0
4939387296,tarkka,2024,10,ennallaan,tuore_havainto,1.0,2010,78,1932,0,1.0
4939388454,tarkka,2024,25,ennallaan,tuore_havainto,1.0,2010,132,1878,0,0.89
4939390272,tarkka,2024,10,ennallaan,tuore_havainto,1.0,2010,79,1931,0,1.0
4939393029,tarkka,2024,10,epavarma,osa_alueesta_hakattu,0.22,2010,98,1912,2,1.0
4939399724,tarkka,2024,10,ennallaan,tuore_havainto,1.0,2010,106,1904,0,1.0
4939410433,tarkka,2024,10,ennallaan,tuore_havainto,1.0,2010,78,1932,0,1.0
4939410487,tarkka,2024,25,epavarma,hakkuuaikomus,1.0,2010,93,1917,1,1.0
4939411075,tarkka,2024,25,ennallaan,tuore_havainto,1.0,2010,107,1903,0,1.0
4939420419,tarkka,2024,10,ennallaan,tuore_havainto,1.0,2010,95,1915,0,1.0
4939421746,tarkka,2024,10,ennallaan,tuore_havainto,1.0,2010,81,1929,0,1.0
4946739151,tarkka,2024,10,ennallaan,tuore_havainto,1.0,2010,80,1930,0,1.0
4946739589,tarkka,2024,10,ennallaan,tuore_havainto,1.0,2010,77,1933,0,1.0
4946741557,tarkka,2024,10,ennallaan,tuore_havainto,1.0,2010,75,1935,0,1.0
4946743678,tarkka,2024,10,ennallaan,tuore_havainto,1.0,2010,102,1908,0,1.0
4946744483,tarkka,2024,10,epavarma,hakkuuaikomus,1.0,2010,94,1916,1,1.0
4946744571,tarkka,2024,10,ennallaan,tuore_havainto,1.0,2010,109,1901,0,1.0
4946745299,tarkka,2024,10,epavarma,hakkuuaikomus,0.78,2010,90,1920,1,1.0
4946745451,tarkka,2024,10,ennallaan,tuore_havainto,1.0,2010,96,1914,0,1.0
4946748858,tarkka,2024,10,ennallaan,tuore_havainto,1.0,2010,102,1908,0,1.0
4946749673,tarkka,2024,10,ennallaan,tuore_havainto,1.0,2010,110,1900,0,0.89
4946754398,tarkka,2024,10,ennallaan,tuore_havainto,1.0,2010,114,1896,0,1.0
4946755734,tarkka,2024,10,ennallaan,tuore_havainto,1.0,2010,78,1932,0,1.0
4946757125,tarkka,2024,10,ennallaan,tuore_havainto,1.0,2010,78,1932,2,1.0
4946757730,tarkka,2024,10,ennallaan,tuore_havainto,1.0,2010,92,1918,0,1.0
4946758416,tarkka,2024,1,ennallaan,tuore_havainto,1.0,2010,24,1986,2,1.0
4946758481,tarkka,2024,10,ennallaan,tuore_havainto,1.0,2010,45,1965,0,1.0
4946759876,tarkka,2024,25,ennallaan,tuore_havainto,1.0,2010,137,1873,0,1.0
4946759974,tarkka,2024,10,ennallaan,tuore_havainto,1.0,2010,66,1944,0,1.0
4946761555,tarkka,2024,10,ennallaan,tuore_havainto,1.0,2010,97,1913,0,1.0
4946763003,tarkka,2024,10,ennallaan,tuore_havainto,1.0,2010,71,1939,0,1.0
4946767641,tarkka,2024,5,epavarma,hakkuuaikomus,1.0,2010,,,1,0.0
4946767836,tarkka,2024,10,ennallaan,tuore_havainto,1.0,2010,100,1910,0,1.0
4946768207,tarkka,2024,10,ei_tietoa,ei_metsavaratietoa,,2010,,,0,0.0
4946769622,tarkka,2024,10,epavarma,hakkuuaikomus,1.0,2010,88,1922,1,1.0
4946775546,tarkka,2024,10,ennallaan,tuore_havainto,0.56,2010,92,1918,2,1.0
4946775678,tarkka,2024,10,ennallaan,tuore_havainto,1.0,2010,93,1917,0,1.0
4946777148,tarkka,2024,10,ennallaan,tuore_havainto,1.0,2010,78,1932,0,1.0
4946777466,tarkka,2024,250,ennallaan,tuore_havainto,1.0,2010,115,1895,2,1.0
4946777753,tarkka,2024,10,ennallaan,tuore_havainto,1.0,2010,60,1950,0,1.0
4946780300,tarkka,2024,10,ennallaan,tuore_havainto,1.0,2010,116,1894,0,1.0
4946780728,tarkka,2024,10,ennallaan,tuore_havainto,1.0,2010,65,1945,0,1.0
4946786536,tarkka,2024,100,ennallaan,tuore_havainto,1.0,2010,86,1924,2,0.89
4946787243,tarkka,2024,1,epavarma,hakkuuaikomus,1.0,2010,,,1,0.0
4946789775,tarkka,2024,25,ennallaan,tuore_havainto,1.0,2010,147,1863,0,0.89
4946792764,tarkka,2024,10,ennallaan,tuore_havainto,1.0,2010,68,1942,0,1.0
4946796295,tarkka,2024,25,ennallaan,tuore_havainto,1.0,2010,67,1943,0,1.0
4946797289,tarkka,2024,25,ennallaan,tuore_havainto,1.0,2010,74,1936,0,1.0
4946797797,tarkka,2024,1,ennallaan,tuore_havainto,1.0,2010,24,1986,2,1.0
4946797854,tarkka,2024,10,ennallaan,tuore_havainto,1.0,2010,93,1917,0,1.0
4946798886,tarkka,2024,10,epavarma,hakkuuaikomus,1.0,2010,87,1923,1,1.0
4946799830,tarkka,2024,5,epavarma,hakkuuaikomus,1.0,2010,,,1,0.0
4946803145,tarkka,2024,5,ennallaan,tuore_havainto,1.0,2010,98,1912,0,1.0
4946806264,tarkka,2024,10,ennallaan,tuore_havainto,1.0,2010,82,1928,0,1.0
4946807263,tarkka,2024,25,ennallaan,tuore_havainto,1.0,2010,70,1940,0,1.0
4946810778,tarkka,2024,10,ennallaan,tuore_havainto,1.0,2010,112,1898,0,1.0
4946811312,tarkka,2024,10,ennallaan,tuore_havainto,1.0,2010,95,1915,0,1.0
4946812304,tarkka,2024,5,ennallaan,tuore_havainto,0.89,2010,87,1923,2,1.0
4946813722,tarkka,2024,10,epavarma,hakkuuaikomus,0.67,2010,92,1918,2,1.0
4946813813,tarkka,2024,10,ennallaan,tuore_havainto,1.0,2010,74,1936,0,1.0
4946814419,tarkka,2024,10,ennallaan,tuore_havainto,1.0,2010,101,1909,0,1.0
4946814485,tarkka,2024,10,ennallaan,tuore_havainto,1.0,2010,99,1911,0,1.0
4946814642,tarkka,2024,10,ennallaan,tuore_havainto,1.0,2010,100,1910,0,1.0
4946814739,tarkka,2024,10,ennallaan,tuore_havainto,1.0,2010,125,1885,0,1.0
4946816197,tarkka,2024,10,ennallaan,tuore_havainto,1.0,2010,90,1920,0,1.0
4946816253,tarkka,2024,10,ennallaan,tuore_havainto,1.0,2010,114,1896,0,1.0
4946817412,tarkka,2024,10,ennallaan,tuore_havainto,1.0,2010,78,1932,0,1.0
4946818745,tarkka,2024,10,muuttunut,hakattu,1.0,2010,76,1934,2,1.0
4946819070,tarkka,2024,5,epavarma,hakkuuaikomus,1.0,2010,,,1,0.0
4946819650,tarkka,2024,10,ennallaan,tuore_havainto,0.67,2010,37,1973,1,1.0
4946822064,tarkka,2024,10,ennallaan,tuore_havainto,1.0,2010,122,1888,0,1.0
4946827387,tarkka,2024,10,ennallaan,tuore_havainto,1.0,2010,69,1941,0,1.0
4946827389,tarkka,2024,10,ennallaan,tuore_havainto,1.0,2010,99,1911,0,1.0
4946829857,tarkka,2024,10,ennallaan,tuore_havainto,1.0,2010,81,1929,2,1.0
4946832604,tarkka,2024,10,ennallaan,tuore_havainto,1.0,2010,69,1941,0,1.0
4946833988,tarkka,2024,10,ennallaan,tuore_havainto,1.0,2010,83,1927,0,1.0
4946834660,tarkka,2024,10,ennallaan,tuore_havainto,1.0,2010,79,1931,0,1.0
4946835062,tarkka,2024,10,epavarma,hakkuuaikomus,0.67,2010,87,1923,1,1.0
4946835257,tarkka,2024,10,ennallaan,tuore_havainto,1.0,2010,76,1934,0,1.0
4946835604,tarkka,2024,10,ennallaan,tuore_havainto,1.0,2010,77,1933,0,1.0
4946835697,tarkka,2024,10,ennallaan,tuore_havainto,0.67,2010,71,1939,1,1.0
4946836693,tarkka,2024,100,ennallaan,tuore_havainto,1.0,2010,84,1926,2,0.67
4946837198,tarkka,2024,10,ennallaan,tuore_havainto,1.0,2010,50,1960,0,1.0
4946839493,tarkka,2024,25,ei_tietoa,ei_metsavaratietoa,,2010,,,0,0.0
4946841474,tarkka,2024,10,ennallaan,tuore_havainto,1.0,2010,127,1883,0,0.56
4946845938,tarkka,2024,25,ennallaan,tuore_havainto,0.56,2010,0,2010,1,1.0
4946846045,tarkka,2024,10,ennallaan,tuore_havainto,1.0,2010,130,1880,0,1.0
4946848485,tarkka,2024,10,ennallaan,tuore_havainto,1.0,2010,75,1935,0,1.0
4946850686,tarkka,2024,10,ennallaan,tuore_havainto,1.0,2010,94,1916,0,1.0
4946851820,tarkka,2024,10,ennallaan,tuore_havainto,1.0,2010,84,1926,0,1.0
4946853475,tarkka,2024,10,ennallaan,tuore_havainto,1.0,2010,69,1941,0,1.0
4946854244,tarkka,2024,10,ennallaan,tuore_havainto,1.0,2010,102,1908,0,1.0
4946854931,tarkka,2024,10,ennallaan,tuore_havainto,1.0,2010,77,1933,0,0.78
4946856355,tarkka,2024,10,ennallaan,tuore_havainto,1.0,2010,80,1930,0,1.0
4946858612,tarkka,2024,25,ennallaan,tuore_havainto,1.0,2010,137,1873,0,1.0
4946858908,tarkka,2024,10,ennallaan,tuore_havainto,1.0,2010,36,1974,0,1.0
4946858909,tarkka,2024,10,ennallaan,tuore_havainto,1.0,2010,55,1955,0,1.0
4946862739,tarkka,2024,5,epavarma,hakkuuaikomus,1.0,2010,,,1,0.0
4946862776,tarkka,2024,10,ennallaan,tuore_havainto,1.0,2010,78,1932,0,1.0
4946867392,tarkka,2024,10,ennallaan,tuore_havainto,1.0,2010,77,1933,0,1.0
4946868814,tarkka,2024,10,epavarma,hakkuuaikomus,1.0,2010,95,1915,1,1.0
4946868902,tarkka,2024,10,ennallaan,tuore_havainto,1.0,2010,110,1900,0,1.0
4946868904,tarkka,2024,10,ennallaan,tuore_havainto,1.0,2010,76,1934,0,1.0
4946869343,tarkka,2024,50,ennallaan,tuore_havainto,1.0,2010,72,1938,0,1.0
4946869761,tarkka,2024,10,ennallaan,tuore_havainto,1.0,2010,93,1917,0,1.0
4946869762,tarkka,2024,10,ennallaan,tuore_havainto,1.0,2010,109,1901,0,1.0
4946870757,tarkka,2024,10,ennallaan,tuore_havainto,1.0,2010,76,1934,0,1.0
4946876919,tarkka,2024,10,ennallaan,tuore_havainto,1.0,2010,117,1893,0,1.0
4946879173,tarkka,2024,15,ennallaan,tuore_havainto,1.0,2010,74,1936,0,1.0
4946880932,tarkka,2024,10,ennallaan,tuore_havainto,1.0,2010,87,1923,0,1.0
4946882313,tarkka,2024,10,ennallaan,tuore_havainto,1.0,2010,94,1916,0,1.0
4946883107,tarkka,2024,10,ennallaan,tuore_havainto,1.0,2010,105,1905,0,1.0
4946888156,tarkka,2024,10,ennallaan,tuore_havainto,1.0,2010,93,1917,0,1.0
4946888682,tarkka,2024,10,ennallaan,tuore_havainto,1.0,2010,79,1931,0,1.0
4946889642,tarkka,2024,10,ennallaan,tuore_havainto,1.0,2010,92,1918,0,1.0
4946890503,tarkka,2024,10,ennallaan,tuore_havainto,1.0,2010,79,1931,0,1.0
4946891467,tarkka,2024,250,epavarma,hakkuuaikomus,0.5,2010,89,1921,1,0.89
4946893373,tarkka,2024,25,ennallaan,tuore_havainto,1.0,2010,69,1941,0,0.78
4946894471,tarkka,2024,10,ennallaan,tuore_havainto,1.0,2010,145,1865,0,1.0
4946896915,tarkka,2024,10,epavarma,hakkuuaikomus,1.0,2010,89,1921,1,1.0
4946899514,tarkka,2024,10,ennallaan,tuore_havainto,1.0,2010,73,1937,0,1.0
4946906052,tarkka,2024,25,ennallaan,tuore_havainto,1.0,2010,131,1879,0,1.0
4946907472,tarkka,2024,10,ennallaan,tuore_havainto,1.0,2010,108,1902,0,1.0
4946912589,tarkka,2024,20,ennallaan,tuore_havainto,1.0,2010,144,1866,0,1.0
4946912772,tarkka,2024,25,ennallaan,tuore_havainto,1.0,2010,132,1878,0,1.0
4946912785,tarkka,2024,15,ennallaan,tuore_havainto,1.0,2010,80,1930,0,1.0
4946912825,tarkka,2024,5,epavarma,hakkuuaikomus,1.0,2010,,,1,0.0
4946912874,tarkka,2024,10,ennallaan,tuore_havainto,1.0,2010,36,1974,0,1.0
4946923745,tarkka,2024,5,epavarma,hakkuuaikomus,1.0,2010,,,1,0.0
4946924448,tarkka,2024,10,ennallaan,tuore_havainto,1.0,2010,110,1900,0,1.0
4946924450,tarkka,2024,10,ennallaan,tuore_havainto,1.0,2010,96,1914,0,1.0
4946924453,tarkka,2024,10,ennallaan,tuore_havainto,1.0,2010,79,1931,0,1.0
4946931565,tarkka,2024,10,ennallaan,tuore_havainto,1.0,2010,112,1898,0,1.0
4946932290,tarkka,2024,10,ennallaan,tuore_havainto,1.0,2010,77,1933,0,1.0
4947812533,tarkka,2024,50,ennallaan,tuore_havainto,1.0,2010,24,1986,2,1.0
4947820879,tarkka,2024,25,ennallaan,tuore_havainto,1.0,2010,92,1918,0,0.67
4947821940,tarkka,2024,5,ennallaan,tuore_havainto,1.0,2010,103,1907,0,0.78
4947825124,tarkka,2024,25,ennallaan,tuore_havainto,1.0,2010,78,1932,0,0.44
4947825729,tarkka,2024,25,ennallaan,tuore_havainto,1.0,2010,80,1930,0,0.33
4947832055,tarkka,2024,10,epavarma,hakkuuaikomus,1.0,2010,90,1920,1,1.0
4947832644,tarkka,2024,10,ennallaan,tuore_havainto,1.0,2010,82,1928,0,1.0
4947838991,tarkka,2024,25,ennallaan,tuore_havainto,1.0,2010,79,1931,0,1.0
4947854305,tarkka,2024,25,ennallaan,tuore_havainto,1.0,2010,103,1907,0,1.0
4947855630,tarkka,2024,25,epavarma,hakkuuaikomus,1.0,2010,79,1931,1,1.0
4947855637,tarkka,2024,25,ennallaan,tuore_havainto,1.0,2010,77,1933,0,1.0
4947858406,tarkka,2024,10,ennallaan,tuore_havainto,1.0,2010,86,1924,0,1.0
4947858407,tarkka,2024,10,ennallaan,tuore_havainto,1.0,2010,60,1950,0,1.0
4947859011,tarkka,2024,25,ennallaan,tuore_havainto,1.0,2010,103,1907,0,1.0
4947860609,summittainen,2024,500,ennallaan,tuore_havainto,1.0,2010,88,1922,0,0.78
4947863335,tarkka,2024,10,ennallaan,tuore_havainto,1.0,2010,77,1933,0,1.0
4947863336,tarkka,2024,10,ennallaan,tuore_havainto,1.0,2010,76,1934,0,1.0
4947863893,tarkka,2024,25,ennallaan,tuore_havainto,1.0,2010,78,1932,0,0.67
4947869548,tarkka,2024,10,ennallaan,tuore_havainto,1.0,2010,116,1894,0,1.0
4947874434,tarkka,2024,25,ennallaan,tuore_havainto,1.0,2010,80,1930,0,1.0
4947880527,tarkka,2024,25,ennallaan,tuore_havainto,1.0,2010,84,1926,0,1.0
4947881053,tarkka,2024,25,ennallaan,tuore_havainto,1.0,2010,105,1905,0,1.0
4947883936,tarkka,2024,25,ennallaan,tuore_havainto,1.0,2010,80,1930,0,0.78
4947887355,tarkka,2024,25,ennallaan,tuore_havainto,1.0,2010,81,1929,0,1.0
4947890342,tarkka,2024,25,epavarma,hakkuuaikomus,1.0,2010,76,1934,1,1.0
4947890348,tarkka,2024,25,ennallaan,tuore_havainto,1.0,2010,74,1936,0,1.0
4947891173,tarkka,2024,10,epavarma,hakkuuaikomus,1.0,2010,76,1934,1,1.0
4947897094,tarkka,2024,10,epavarma,hakkuuaikomus,1.0,2010,84,1926,1,1.0
4947898106,tarkka,2024,10,ennallaan,tuore_havainto,1.0,2010,77,1933,0,1.0
4947898108,tarkka,2024,10,epavarma,hakkuuaikomus,0.67,2010,77,1933,1,1.0
4947898553,tarkka,2024,10,epavarma,hakkuuaikomus,1.0,2010,83,1927,1,0.33
4947899632,tarkka,2024,10,epavarma,hakkuuaikomus,0.78,2010,86,1924,1,1.0
4947902303,tarkka,2024,25,ennallaan,tuore_havainto,1.0,2010,80,1930,0,0.67
4947904324,tarkka,2024,25,ennallaan,tuore_havainto,1.0,2010,80,1930,0,1.0
4947905676,tarkka,2024,25,ennallaan,tuore_havainto,1.0,2010,111,1899,0,0.89
4947907034,tarkka,2024,25,ennallaan,tuore_havainto,1.0,2010,78,1932,0,0.22
4947907951,tarkka,2024,25,ennallaan,tuore_havainto,1.0,2010,75,1935,0,0.56
4947911413,tarkka,2024,25,ennallaan,tuore_havainto,1.0,2010,113,1897,0,0.33
4947911418,tarkka,2024,25,ennallaan,tuore_havainto,1.0,2010,79,1931,0,0.33
4947915010,tarkka,2024,25,ennallaan,tuore_havainto,1.0,2010,81,1929,0,1.0
4947928521,tarkka,2024,10,epavarma,hakkuuaikomus,1.0,2010,77,1933,1,1.0
4947929012,tarkka,2024,25,ennallaan,tuore_havainto,1.0,2010,70,1940,0,0.78
4947936939,tarkka,2024,10,muuttunut,hakattu,0.67,2010,99,1911,2,1.0
4947938269,tarkka,2024,25,muuttunut,hakattu,1.0,2010,69,1941,2,1.0
4947938271,tarkka,2024,25,ennallaan,tuore_havainto,1.0,2010,80,1930,0,1.0
4947938967,tarkka,2024,25,ennallaan,tuore_havainto,1.0,2010,88,1922,0,1.0
4947950269,tarkka,2024,10,ennallaan,tuore_havainto,1.0,2010,77,1933,0,1.0
4947951472,tarkka,2024,25,ennallaan,tuore_havainto,1.0,2010,78,1932,0,0.56
4947952823,tarkka,2024,10,ennallaan,tuore_havainto,1.0,2010,82,1928,0,1.0
4947952886,tarkka,2024,10,ennallaan,tuore_havainto,1.0,2010,89,1921,0,1.0
4947953239,tarkka,2024,25,ennallaan,tuore_havainto,1.0,2010,87,1923,0,1.0
4947953243,tarkka,2024,25,ennallaan,tuore_havainto,1.0,2010,88,1922,0,1.0
4947955323,tarkka,2024,25,ennallaan,tuore_havainto,1.0,2010,186,1824,0,0.44
4947971676,tarkka,2024,25,ennallaan,tuore_havainto,1.0,2010,82,1928,0,1.0
4947980922,tarkka,2024,25,ennallaan,tuore_havainto,1.0,2010,92,1918,0,0.89
4947983055,tarkka,2024,25,ennallaan,tuore_havainto,1.0,2010,76,1934,0,0.89
4950076599,tarkka,2024,4,ennallaan,tuore_havainto,1.0,2010,105,1905,0,1.0
4950111100,tarkka,2024,43,ennallaan,tuore_havainto,1.0,2010,101,1909,0,1.0
4950670535,tarkka,2024,10,ennallaan,tuore_havainto,1.0,2010,103,1907,0,1.0
4950703803,tarkka,2024,10,ennallaan,tuore_havainto,1.0,2010,97,1913,0,0.67
4950714802,tarkka,2024,10,ennallaan,tuore_havainto,1.0,2010,71,1939,0,1.0
4950745810,tarkka,2024,10,ennallaan,tuore_havainto,1.0,2010,89,1921,0,1.0
4953256108,tarkka,2024,25,ennallaan,tuore_havainto,1.0,2010,80,1930,0,1.0
4953257274,tarkka,2024,25,ennallaan,tuore_havainto,1.0,2010,102,1908,2,0.44
4953257912,tarkka,2024,200,ennallaan,tuore_havainto,1.0,2010,101,1909,0,0.67
4953258425,tarkka,2024,25,ennallaan,tuore_havainto,1.0,2010,81,1929,0,1.0
4953262483,tarkka,2024,25,ennallaan,tuore_havainto,1.0,2010,91,1919,0,1.0
4953262898,tarkka,2024,25,ennallaan,tuore_havainto,1.0,2010,82,1928,0,1.0
4953272412,tarkka,2024,10,ennallaan,tuore_havainto,1.0,2010,101,1909,0,1.0
4953273224,tarkka,2024,25,ennallaan,tuore_havainto,1.0,2010,81,1929,0,0.67
4953283334,tarkka,2024,25,ennallaan,tuore_havainto,1.0,2010,78,1932,0,1.0
4953285023,tarkka,2024,25,ennallaan,tuore_havainto,1.0,2010,88,1922,0,1.0
4953285974,tarkka,2024,25,ennallaan,tuore_havainto,1.0,2010,89,1921,0,1.0
4953289285,tarkka,2024,25,ennallaan,tuore_havainto,1.0,2010,80,1930,0,1.0
4955054693,tarkka,2024,5,ennallaan,tuore_havainto,1.0,2010,132,1878,0,1.0
4973604072,tarkka,2024,25,ennallaan,tuore_havainto,1.0,2010,92,1918,0,1.0
4973611871,tarkka,2024,25,ennallaan,tuore_havainto,1.0,2010,82,1928,0,1.0
4973632430,tarkka,2024,25,ennallaan,tuore_havainto,1.0,2010,80,1930,0,1.0
4973642459,tarkka,2024,25,ennallaan,tuore_havainto,1.0,2010,81,1929,0,1.0
4973649727,tarkka,2024,25,ennallaan,tuore_havainto,1.0,2010,80,1930,0,1.0
4973653535,tarkka,2024,25,ennallaan,tuore_havainto,1.0,2010,80,1930,0,1.0
4973655226,tarkka,2024,25,ennallaan,tuore_havainto,1.0,2010,79,1931,0,1.0
4973656133,tarkka,2024,25,ennallaan,tuore_havainto,1.0,2010,82,1928,0,1.0
4973659348,tarkka,2024,25,ennallaan,tuore_havainto,1.0,2010,76,1934,0,1.0
4973667348,tarkka,2024,25,ennallaan,tuore_havainto,1.0,2010,49,1961,0,1.0
4973672163,tarkka,2024,100,ennallaan,tuore_havainto,1.0,2010,81,1929,0,1.0
4973682826,tarkka,2024,25,ennallaan,tuore_havainto,1.0,2010,79,1931,0,1.0
4973682975,tarkka,2024,25,ennallaan,tuore_havainto,1.0,2010,74,1936,0,1.0
4973685318,tarkka,2024,25,ennallaan,tuore_havainto,1.0,2010,82,1928,0,1.0
4973686860,tarkka,2024,25,ennallaan,tuore_havainto,1.0,2010,121,1889,0,1.0
4973690571,tarkka,2024,25,ennallaan,tuore_havainto,1.0,2010,83,1927,0,1.0
4973691815,tarkka,2024,25,ennallaan,tuore_havainto,1.0,2010,88,1922,0,1.0
4973692304,tarkka,2024,25,ennallaan,tuore_havainto,1.0,2010,76,1934,0,1.0
4976765930,tarkka,2024,10,ennallaan,tuore_havainto,1.0,2010,81,1929,0,1.0
4976765945,tarkka,2024,10,ennallaan,tuore_havainto,1.0,2010,79,1931,0,1.0
4976773584,tarkka,2024,10,ennallaan,tuore_havainto,1.0,2010,106,1904,0,1.0
4978050878,tarkka,2024,10,ennallaan,tuore_havainto,1.0,2010,28,1982,0,1.0
4978074563,tarkka,2024,10,ennallaan,tuore_havainto,1.0,2010,85,1925,0,1.0
4978081945,tarkka,2024,10,ennallaan,tuore_havainto,1.0,2010,130,1880,0,1.0
4979739445,tarkka,2024,5,muuttunut,hakattu,0.89,2010,124,1886,2,1.0
4979842283,tarkka,2024,5,epavarma,hakkuuaikomus,0.67,2010,98,1912,1,1.0
4979852785,tarkka,2024,5,ennallaan,tuore_havainto,1.0,2010,129,1881,0,1.0
4979879230,tarkka,2024,5,muuttunut,hakattu,0.89,2010,118,1892,2,1.0
4979881536,tarkka,2024,5,ennallaan,tuore_havainto,1.0,2010,56,1954,0,1.0
4979910836,tarkka,2024,5,ennallaan,tuore_havainto,1.0,2010,47,1963,0,1.0
4986977060,tarkka,2024,10,ennallaan,tuore_havainto,1.0,2010,91,1919,0,1.0
4986982722,tarkka,2024,10,ennallaan,tuore_havainto,1.0,2010,91,1919,0,1.0
4987008871,tarkka,2024,10,ennallaan,tuore_havainto,1.0,2010,98,1912,0,1.0
4987015928,tarkka,2024,10,ennallaan,tuore_havainto,1.0,2010,51,1959,0,1.0
4987152587,tarkka,2024,10,ennallaan,tuore_havainto,1.0,2010,85,1925,0,1.0
4987161074,tarkka,2024,10,ennallaan,tuore_havainto,1.0,2010,93,1917,0,0.11
4989103588,tarkka,2024,10,muuttunut,hakattu,0.78,2010,89,1921,2,1.0
4997808713,tarkka,2024,10,ennallaan,tuore_havainto,1.0,2010,99,1911,0,1.0
4997828063,tarkka,2024,10,muuttunut,hakattu,0.89,2010,83,1927,2,1.0
4997837414,tarkka,2024,10,ennallaan,tuore_havainto,1.0,2010,115,1895,0,0.44
5004717542,tarkka,2024,10,muuttunut,hakattu,0.89,2010,70,1940,2,1.0
5015834964,tarkka,2024,250,ennallaan,tuore_havainto,1.0,2010,77,1933,0,1.0
5020024088,tarkka,2024,250,epavarma,hakkuuaikomus,1.0,2010,,,1,0.0
5028962670,tarkka,2024,10,muuttunut,hakattu,0.67,2010,83,1927,2,1.0
5028962998,tarkka,2024,10,muuttunut,hakattu,0.78,2010,54,1956,2,1.0
5028963916,tarkka,2024,10,muuttunut,hakattu,0.56,2010,83,1927,2,1.0
5028977387,tarkka,2024,10,epavarma,osa_alueesta_hakattu,0.33,2010,91,1919,2,1.0
5028979723,tarkka,2024,10,ennallaan,tuore_havainto,1.0,2010,21,1989,0,1.0
5028994956,tarkka,2024,10,ennallaan,tuore_havainto,1.0,2010,106,1904,2,1.0
5029015758,tarkka,2024,10,muuttunut,hakattu,1.0,2010,83,1927,2,1.0
5029029353,tarkka,2024,10,ennallaan,tuore_havainto,1.0,2010,9,2001,0,1.0
5051981267,tarkka,2024,10,ennallaan,tuore_havainto,1.0,2010,20,1990,0,1.0
5052063738,tarkka,2024,10,muuttunut,hakattu,1.0,2010,81,1929,2,1.0
5052066669,tarkka,2024,10,ennallaan,tuore_havainto,1.0,2010,8,2002,0,1.0
5052075669,tarkka,2024,10,ennallaan,tuore_havainto,1.0,2010,86,1924,2,1.0
5052099454,tarkka,2024,10,muuttunut,hakattu,0.56,2010,83,1927,2,1.0
5061726886,tarkka,2024,10,muuttunut,hakattu,0.89,2010,81,1929,2,1.0
5061751867,tarkka,2024,10,muuttunut,hakattu,1.0,2010,74,1936,2,1.0
5062219783,tarkka,2024,10,ennallaan,tuore_havainto,1.0,2010,95,1915,0,1.0
5062247246,tarkka,2024,10,ennallaan,tuore_havainto,1.0,2010,87,1923,0,1.0
5084123063,tarkka,2024,10,ennallaan,tuore_havainto,1.0,2010,89,1921,2,1.0
5084127051,tarkka,2024,10,ennallaan,tuore_havainto,1.0,2010,121,1889,0,1.0
5084135040,tarkka,2024,10,ennallaan,tuore_havainto,1.0,2010,106,1904,0,1.0
5084136078,tarkka,2024,10,ennallaan,tuore_havainto,1.0,2010,89,1921,0,1.0
5084139038,tarkka,2024,10,ennallaan,tuore_havainto,1.0,2010,82,1928,0,1.0
5084144092,tarkka,2024,10,ennallaan,tuore_havainto,1.0,2010,118,1892,0,1.0
5084148071,tarkka,2024,10,ennallaan,tuore_havainto,1.0,2010,106,1904,0,1.0
5084157049,tarkka,2024,10,ennallaan,tuore_havainto,1.0,2010,121,1889,0,1.0
5084158081,tarkka,2024,10,ennallaan,tuore_havainto,1.0,2010,118,1892,0,1.0
5084160058,tarkka,2024,10,ennallaan,tuore_havainto,1.0,2010,121,1889,0,1.0
5084160061,tarkka,2024,10,ennallaan,tuore_havainto,1.0,2010,89,1921,0,1.0
5084162045,tarkka,2024,10,ennallaan,tuore_havainto,1.0,2010,125,1885,2,1.0
5084166074,tarkka,2024,10,ennallaan,tuore_havainto,1.0,2010,103,1907,0,1.0
5098862302,tarkka,2024,100,ennallaan,tuore_havainto,1.0,2010,6,2004,0,1.0
5098884303,tarkka,2024,100,ennallaan,tuore_havainto,1.0,2010,98,1912,0,0.89
5098921301,tarkka,2024,100,ennallaan,tuore_havainto,1.0,2010,6,2004,0,1.0
5104989717,tarkka,2024,125,ennallaan,tuore_havainto,1.0,2010,97,1913,2,1.0
5135045162,tarkka,2024,10,ennallaan,tuore_havainto,1.0,2010,78,1932,0,1.0
5135045163,tarkka,2024,10,ennallaan,tuore_havainto,1.0,2010,95,1915,0,1.0
5135048171,tarkka,2024,10,ennallaan,tuore_havainto,1.0,2010,77,1933,0,1.0
5135049192,tarkka,2024,10,ennallaan,tuore_havainto,1.0,2010,77,1933,0,1.0
5135050161,tarkka,2024,10,ennallaan,tuore_havainto,1.0,2010,84,1926,0,1.0
5135053127,tarkka,2024,10,epavarma,hakkuuaikomus,1.0,2010,75,1935,1,1.0
5135053129,tarkka,2024,10,ennallaan,tuore_havainto,1.0,2010,76,1934,0,1.0
5135053132,tarkka,2024,10,ennallaan,tuore_havainto,1.0,2010,78,1932,0,1.0
5135061159,tarkka,2024,10,ennallaan,tuore_havainto,1.0,2010,83,1927,0,1.0
5135110199,tarkka,2024,10,ennallaan,tuore_havainto,1.0,2010,81,1929,0,1.0
5135110202,tarkka,2024,10,ennallaan,tuore_havainto,1.0,2010,73,1937,0,1.0
5139456303,tarkka,2024,3,ennallaan,tuore_havainto,1.0,2010,94,1916,0,0.89
5195594610,tarkka,2024,10,ennallaan,tuore_havainto,1.0,2010,145,1865,0,0.22
5829640409,tarkka,2024,5,ennallaan,tuore_havainto,1.0,2010,107,1903,2,1.0
5858965787,tarkka,2024,1,ennallaan,tuore_havainto,1.0,2010,100,1910,0,1.0
4953261090,tarkka,2024,10,ennallaan,tuore_havainto,1.0,2010,66,1944,0,0.67
4973600718,tarkka,2024,25,ennallaan,tuore_havainto,1.0,2010,80,1930,0,1.0
4973604015,tarkka,2024,25,ennallaan,tuore_havainto,1.0,2010,77,1933,0,1.0
4973607223,tarkka,2024,25,ennallaan,tuore_havainto,1.0,2010,85,1925,0,1.0
4973607613,tarkka,2024,25,ennallaan,tuore_havainto,1.0,2010,83,1927,0,1.0
4973607973,tarkka,2024,25,ennallaan,tuore_havainto,1.0,2010,79,1931,0,1.0
4973609282,tarkka,2024,25,ennallaan,tuore_havainto,1.0,2010,79,1931,0,1.0
4973613170,tarkka,2024,25,ennallaan,tuore_havainto,1.0,2010,106,1904,0,1.0
4973614233,tarkka,2024,25,ennallaan,tuore_havainto,1.0,2010,79,1931,0,1.0
4973615406,tarkka,2024,25,ennallaan,tuore_havainto,1.0,2010,82,1928,0,1.0
4973615639,tarkka,2024,25,ennallaan,tuore_havainto,1.0,2010,81,1929,0,1.0
4973615828,tarkka,2024,25,ennallaan,tuore_havainto,1.0,2010,97,1913,0,1.0
4973619196,tarkka,2024,25,ennallaan,tuore_havainto,1.0,2010,88,1922,0,1.0
4973620502,tarkka,2024,25,ennallaan,tuore_havainto,1.0,2010,77,1933,0,1.0
4973620654,tarkka,2024,25,ennallaan,tuore_havainto,1.0,2010,81,1929,0,1.0
4973624131,tarkka,2024,25,ennallaan,tuore_havainto,1.0,2010,84,1926,0,1.0
4973624864,tarkka,2024,25,ennallaan,tuore_havainto,1.0,2010,80,1930,0,1.0
4973625269,tarkka,2024,25,ennallaan,tuore_havainto,1.0,2010,102,1908,0,1.0
4973628612,tarkka,2024,25,ennallaan,tuore_havainto,1.0,2010,80,1930,0,1.0
4973634622,tarkka,2024,25,ennallaan,tuore_havainto,1.0,2010,88,1922,0,1.0
4973635333,tarkka,2024,25,ennallaan,tuore_havainto,1.0,2010,94,1916,0,1.0
4973644228,tarkka,2024,25,ennallaan,tuore_havainto,1.0,2010,81,1929,0,1.0
4973645974,tarkka,2024,25,ennallaan,tuore_havainto,1.0,2010,80,1930,0,1.0
4973652518,tarkka,2024,25,ennallaan,tuore_havainto,1.0,2010,81,1929,0,1.0
4973655225,tarkka,2024,25,ennallaan,tuore_havainto,1.0,2010,100,1910,0,1.0
4973658850,tarkka,2024,25,ennallaan,tuore_havainto,1.0,2010,86,1924,0,1.0
4973665815,tarkka,2024,25,ennallaan,tuore_havainto,1.0,2010,80,1930,0,1.0
4973670831,tarkka,2024,25,ennallaan,tuore_havainto,1.0,2010,88,1922,0,1.0
4973672723,tarkka,2024,25,ennallaan,tuore_havainto,1.0,2010,82,1928,0,1.0
4973673072,tarkka,2024,25,ennallaan,tuore_havainto,1.0,2010,85,1925,0,1.0
4973676286,tarkka,2024,25,ennallaan,tuore_havainto,1.0,2010,86,1924,0,1.0
4973678480,tarkka,2024,25,ennallaan,tuore_havainto,1.0,2010,83,1927,0,1.0
4973678763,tarkka,2024,25,ennallaan,tuore_havainto,1.0,2010,99,1911,0,1.0
4973685888,tarkka,2024,25,ennallaan,tuore_havainto,1.0,2010,100,1910,2,1.0
4973687197,tarkka,2024,25,ennallaan,tuore_havainto,1.0,2010,78,1932,0,1.0
4973691814,tarkka,2024,25,ennallaan,tuore_havainto,1.0,2010,80,1930,0,1.0
4973692303,tarkka,2024,25,ennallaan,tuore_havainto,1.0,2010,118,1892,0,1.0
4973705324,tarkka,2024,25,ennallaan,tuore_havainto,1.0,2010,80,1930,0,1.0
4976793257,tarkka,2024,25,ennallaan,tuore_havainto,1.0,2010,73,1937,0,1.0
4976809802,tarkka,2024,25,ennallaan,tuore_havainto,1.0,2010,78,1932,0,1.0
4979852249,tarkka,2024,10,ennallaan,tuore_havainto,1.0,2010,76,1934,0,1.0
5061863595,tarkka,2024,10,ennallaan,tuore_havainto,1.0,2010,90,1920,2,0.67
5028965549,tarkka,2024,5,ennallaan,tuore_havainto,1.0,2010,128,1882,0,1.0
4464900594,tarkka,2023,5,ennallaan,tuore_havainto,1.0,2010,98,1912,0,1.0
4464901599,tarkka,2023,5,ennallaan,tuore_havainto,1.0,2010,109,1901,0,1.0
4464934599,tarkka,2023,5,ennallaan,tuore_havainto,1.0,2010,110,1900,0,1.0
4464939591,tarkka,2023,5,ennallaan,tuore_havainto,1.0,2010,87,1923,0,1.0
4464940599,tarkka,2023,5,ennallaan,tuore_havainto,1.0,2010,94,1916,0,1.0
4464964604,tarkka,2023,5,ennallaan,tuore_havainto,1.0,2010,109,1901,0,1.0
4464979609,tarkka,2023,5,ennallaan,tuore_havainto,1.0,2010,91,1919,0,1.0
4464989600,tarkka,2023,5,ennallaan,tuore_havainto,1.0,2010,85,1925,0,1.0
4464992604,tarkka,2023,5,ennallaan,tuore_havainto,1.0,2010,91,1919,0,1.0
4464993599,tarkka,2023,5,ennallaan,tuore_havainto,1.0,2010,105,1905,0,1.0
4464997598,tarkka,2023,5,ennallaan,tuore_havainto,1.0,2010,91,1919,0,1.0
4465005598,tarkka,2023,5,ennallaan,tuore_havainto,1.0,2010,80,1930,0,1.0
4465006601,tarkka,2023,5,ennallaan,tuore_havainto,1.0,2010,85,1925,0,1.0
4465007597,tarkka,2023,5,ennallaan,tuore_havainto,1.0,2010,94,1916,0,1.0
4465015596,tarkka,2023,5,ennallaan,tuore_havainto,1.0,2010,91,1919,0,1.0
4465018599,tarkka,2023,5,ennallaan,tuore_havainto,1.0,2010,96,1914,0,1.0
4465026599,tarkka,2023,5,ennallaan,tuore_havainto,1.0,2010,78,1932,0,1.0
4465032604,tarkka,2023,5,ennallaan,tuore_havainto,1.0,2010,102,1908,0,1.0
4465033600,tarkka,2023,5,ennallaan,tuore_havainto,1.0,2010,95,1915,0,1.0
4177725897,tarkka,2023,10,ennallaan,tuore_havainto,1.0,2010,141,1869,0,1.0
4177753027,tarkka,2023,50,ennallaan,tuore_havainto,0.56,2010,14,1996,1,1.0
4177761390,tarkka,2023,20,ennallaan,tuore_havainto,1.0,2010,88,1922,0,1.0
4177763170,tarkka,2023,10,ennallaan,tuore_havainto,1.0,2010,88,1922,0,0.89
4177768551,tarkka,2023,25,ei_tietoa,ei_metsavaratietoa,,2010,,,0,0.0
4177802475,tarkka,2023,10,ennallaan,tuore_havainto,1.0,2010,97,1913,0,1.0
4177823901,tarkka,2023,10,ennallaan,tuore_havainto,1.0,2010,144,1866,0,1.0
4177835971,tarkka,2023,25,ennallaan,tuore_havainto,0.62,2010,89,1921,1,0.89
4177843123,tarkka,2023,25,ei_tietoa,ei_metsavaratietoa,,2010,,,0,0.0
4177858060,summittainen,2023,707,epavarma,osa_alueesta_hakattu,0.14,2010,90,1920,2,0.78
4177864019,tarkka,2023,200,ennallaan,tuore_havainto,1.0,2010,32,1978,0,1.0
4177876862,tarkka,2023,10,ei_tietoa,ei_metsavaratietoa,,2010,,,0,0.0
4177877320,tarkka,2023,10,ei_tietoa,ei_metsavaratietoa,,2010,,,0,0.0
4177888799,tarkka,2023,10,ennallaan,tuore_havainto,1.0,2010,97,1913,0,1.0
4177903996,tarkka,2023,50,ennallaan,tuore_havainto,1.0,2010,80,1930,0,1.0
4177907390,tarkka,2023,10,ennallaan,tuore_havainto,1.0,2010,94,1916,0,1.0
4177909821,tarkka,2023,10,ennallaan,tuore_havainto,1.0,2010,149,1861,0,1.0
4177915794,tarkka,2023,20,ennallaan,tuore_havainto,1.0,2010,81,1929,0,1.0
4177938691,tarkka,2023,10,ennallaan,tuore_havainto,1.0,2010,66,1944,0,1.0
4177944110,summittainen,2023,500,ennallaan,tuore_havainto,1.0,2010,108,1902,0,1.0
4177949182,tarkka,2023,10,ennallaan,tuore_havainto,1.0,2010,147,1863,0,1.0
4177961252,tarkka,2023,10,ennallaan,tuore_havainto,1.0,2010,78,1932,0,0.67
4177961813,tarkka,2023,25,ei_tietoa,ei_metsavaratietoa,,2010,,,0,0.0
4177967428,tarkka,2023,25,ennallaan,tuore_havainto,1.0,2010,131,1879,0,1.0
4177975097,tarkka,2023,20,ennallaan,tuore_havainto,1.0,2010,90,1920,0,1.0
4178000650,tarkka,2023,100,ennallaan,tuore_havainto,1.0,2010,70,1940,0,1.0
4178003058,tarkka,2023,50,ennallaan,tuore_havainto,1.0,2010,94,1916,0,1.0
4178006259,tarkka,2023,10,ennallaan,tuore_havainto,1.0,2010,80,1930,0,1.0
4178016491,tarkka,2023,25,ennallaan,tuore_havainto,1.0,2010,137,1873,0,1.0
4178021879,tarkka,2023,10,ennallaan,tuore_havainto,1.0,2010,99,1911,0,1.0
4178038841,tarkka,2023,10,ennallaan,tuore_havainto,1.0,2010,29,1981,0,0.44
4178049306,tarkka,2023,25,ennallaan,tuore_havainto,1.0,2010,82,1928,0,0.44
4401274303,tarkka,2023,1,ennallaan,tuore_havainto,1.0,2010,114,1896,0,1.0
4401276785,tarkka,2023,10,ennallaan,tuore_havainto,1.0,2010,131,1879,0,0.11
4401283563,tarkka,2023,25,ennallaan,tuore_havainto,1.0,2010,100,1910,0,1.0
4401286696,tarkka,2023,20,ennallaan,tuore_havainto,1.0,2010,80,1930,0,1.0
4401290322,tarkka,2023,10,ennallaan,tuore_havainto,1.0,2010,83,1927,0,1.0
4401293715,tarkka,2023,25,ennallaan,tuore_havainto,1.0,2010,150,1860,0,0.33
4401294314,tarkka,2023,10,ennallaan,tuore_havainto,1.0,2010,79,1931,0,1.0
4401299661,tarkka,2023,25,ennallaan,tuore_havainto,1.0,2010,103,1907,0,1.0
4401304410,tarkka,2023,10,ennallaan,tuore_havainto,1.0,2010,88,1922,0,1.0
4401304525,tarkka,2023,15,ennallaan,tuore_havainto,1.0,2010,131,1879,0,1.0
4401306703,tarkka,2023,25,ennallaan,tuore_havainto,1.0,2010,106,1904,0,1.0
4401308748,tarkka,2023,25,ennallaan,tuore_havainto,1.0,2010,95,1915,0,1.0
4401310541,tarkka,2023,10,ennallaan,tuore_havainto,1.0,2010,169,1841,0,1.0
4401310543,tarkka,2023,10,ennallaan,tuore_havainto,1.0,2010,148,1862,0,1.0
4401316613,tarkka,2023,10,ennallaan,tuore_havainto,1.0,2010,93,1917,0,1.0
4401317853,tarkka,2023,10,ennallaan,tuore_havainto,1.0,2010,120,1890,0,1.0
4401325812,tarkka,2023,10,ennallaan,tuore_havainto,1.0,2010,106,1904,0,1.0
4401326660,tarkka,2023,20,ennallaan,tuore_havainto,1.0,2010,72,1938,0,1.0
4401331885,tarkka,2023,10,ennallaan,tuore_havainto,1.0,2010,91,1919,0,1.0
4401350342,summittainen,2023,500,ennallaan,tuore_havainto,1.0,2010,87,1923,0,0.44
4401353843,tarkka,2023,10,ennallaan,tuore_havainto,0.67,2010,89,1921,1,1.0
4401356408,tarkka,2023,1,ennallaan,tuore_havainto,1.0,2010,147,1863,0,1.0
4401357333,tarkka,2023,10,muuttunut,hakattu,0.89,2010,85,1925,2,1.0
4401361475,tarkka,2023,25,ennallaan,tuore_havainto,1.0,2010,101,1909,0,1.0
4401361641,tarkka,2023,10,ennallaan,tuore_havainto,1.0,2010,92,1918,0,1.0
4401363053,tarkka,2023,10,ennallaan,tuore_havainto,1.0,2010,147,1863,0,1.0
4401365571,tarkka,2023,10,ennallaan,tuore_havainto,1.0,2010,88,1922,0,1.0
4401366958,tarkka,2023,10,ennallaan,tuore_havainto,1.0,2010,145,1865,0,1.0
4401368474,tarkka,2023,10,ennallaan,tuore_havainto,1.0,2010,130,1880,0,1.0
4401370404,tarkka,2023,10,ennallaan,tuore_havainto,1.0,2010,118,1892,0,1.0
4401371630,tarkka,2023,10,ennallaan,tuore_havainto,1.0,2010,93,1917,0,1.0
4401382395,tarkka,2023,1,ennallaan,tuore_havainto,1.0,2010,104,1906,0,1.0
4401387881,tarkka,2023,10,ennallaan,tuore_havainto,1.0,2010,143,1867,0,1.0
4401387887,tarkka,2023,10,ennallaan,tuore_havainto,1.0,2010,133,1877,0,1.0
4401388313,summittainen,2023,500,ennallaan,tuore_havainto,1.0,2010,121,1889,0,0.67
4401390071,tarkka,2023,10,ennallaan,tuore_havainto,1.0,2010,131,1879,0,1.0
4401395631,tarkka,2023,25,ennallaan,tuore_havainto,1.0,2010,113,1897,0,0.22
4401410717,tarkka,2023,10,ennallaan,tuore_havainto,1.0,2010,84,1926,0,1.0
4401411410,tarkka,2023,10,ennallaan,tuore_havainto,1.0,2010,78,1932,0,1.0
4401416504,tarkka,2023,25,ennallaan,tuore_havainto,1.0,2010,132,1878,0,0.78
4401417703,tarkka,2023,10,ennallaan,tuore_havainto,1.0,2010,162,1848,0,1.0
4401421788,tarkka,2023,10,ennallaan,tuore_havainto,1.0,2010,78,1932,0,1.0
4401421822,summittainen,2023,500,ennallaan,tuore_havainto,1.0,2010,91,1919,0,0.78
4401426699,tarkka,2023,25,ennallaan,tuore_havainto,1.0,2010,124,1886,0,0.44
4401428027,tarkka,2023,10,ennallaan,tuore_havainto,1.0,2010,149,1861,0,1.0
4401428035,tarkka,2023,10,ei_tietoa,ei_metsavaratietoa,,2010,,,0,0.0
4401428135,tarkka,2023,25,ennallaan,tuore_havainto,1.0,2010,111,1899,0,0.67
4401447971,tarkka,2023,25,ennallaan,tuore_havainto,1.0,2010,128,1882,0,1.0
4401448918,tarkka,2023,10,ennallaan,tuore_havainto,1.0,2010,87,1923,2,1.0
4401450442,tarkka,2023,10,ennallaan,tuore_havainto,1.0,2010,88,1922,0,1.0
4401450871,tarkka,2023,10,ennallaan,tuore_havainto,1.0,2010,137,1873,0,1.0
4401450877,tarkka,2023,10,ei_tietoa,ei_metsavaratietoa,,2010,,,0,0.0
4401455954,tarkka,2023,10,ennallaan,tuore_havainto,1.0,2010,144,1866,0,1.0
4401455961,tarkka,2023,10,ennallaan,tuore_havainto,1.0,2010,141,1869,0,1.0
4401461412,tarkka,2023,50,ennallaan,tuore_havainto,1.0,2010,95,1915,2,1.0
4401464077,tarkka,2023,10,ennallaan,tuore_havainto,1.0,2010,145,1865,0,1.0
4401464085,tarkka,2023,10,ennallaan,tuore_havainto,1.0,2010,138,1872,0,0.33
4401470696,tarkka,2023,100,ennallaan,tuore_havainto,1.0,2010,80,1930,0,0.78
4401478414,tarkka,2023,5,ennallaan,tuore_havainto,1.0,2010,96,1914,2,1.0
4401481018,tarkka,2023,10,ennallaan,tuore_havainto,1.0,2010,147,1863,0,1.0
4401491303,summittainen,2023,750,ennallaan,tuore_havainto,1.0,2010,57,1953,2,1.0
4401492382,tarkka,2023,10,ennallaan,tuore_havainto,1.0,2010,153,1857,0,1.0
4401500532,tarkka,2023,20,ennallaan,tuore_havainto,1.0,2010,61,1949,0,1.0
4401500537,tarkka,2023,1,ennallaan,tuore_havainto,1.0,2010,106,1904,0,1.0
4401504080,tarkka,2023,10,ei_tietoa,ei_metsavaratietoa,,2010,,,0,0.0
4401504507,tarkka,2023,10,ennallaan,tuore_havainto,1.0,2010,86,1924,0,1.0
4401510580,tarkka,2023,10,ennallaan,tuore_havainto,1.0,2010,86,1924,0,1.0
4401510840,tarkka,2023,10,ennallaan,tuore_havainto,1.0,2010,133,1877,0,1.0
4401515013,tarkka,2023,250,ennallaan,tuore_havainto,1.0,2010,115,1895,2,1.0
4401519803,tarkka,2023,4,ennallaan,tuore_havainto,1.0,2010,73,1937,0,0.78
4401520585,tarkka,2023,10,ennallaan,tuore_havainto,1.0,2010,78,1932,0,1.0
4401522306,tarkka,2023,10,ennallaan,tuore_havainto,1.0,2010,92,1918,0,1.0
4401528430,tarkka,2023,150,ennallaan,tuore_havainto,1.0,2010,85,1925,2,1.0
4401528513,tarkka,2023,10,ennallaan,tuore_havainto,1.0,2010,120,1890,0,1.0
4401531028,tarkka,2023,10,ennallaan,tuore_havainto,1.0,2010,111,1899,0,1.0
4401536421,tarkka,2023,10,ennallaan,tuore_havainto,1.0,2010,80,1930,0,0.33
4401540513,tarkka,2023,25,ennallaan,tuore_havainto,1.0,2010,100,1910,0,1.0
4401545590,tarkka,2023,20,ennallaan,tuore_havainto,1.0,2010,81,1929,0,1.0
4401552011,tarkka,2023,25,ennallaan,tuore_havainto,1.0,2010,85,1925,0,1.0
4401553600,tarkka,2023,10,ennallaan,tuore_havainto,1.0,2010,135,1875,0,0.67
4401553603,tarkka,2023,10,ennallaan,tuore_havainto,1.0,2010,140,1870,0,1.0
4401556919,tarkka,2023,5,ennallaan,tuore_havainto,1.0,2010,73,1937,0,0.78
4401560687,tarkka,2023,10,ennallaan,tuore_havainto,1.0,2010,138,1872,0,0.78
4401560691,tarkka,2023,10,ennallaan,tuore_havainto,1.0,2010,157,1853,0,1.0
4401561346,tarkka,2023,10,muuttunut,hakattu,0.89,2010,76,1934,2,1.0
4401565399,tarkka,2023,10,ennallaan,tuore_havainto,1.0,2010,100,1910,0,1.0
4401566384,tarkka,2023,5,ennallaan,tuore_havainto,1.0,2010,110,1900,0,1.0
4401569539,tarkka,2023,25,muuttunut,hakattu,1.0,2010,113,1897,2,1.0
4401571860,tarkka,2023,10,ennallaan,tuore_havainto,1.0,2010,111,1899,0,1.0
4401571923,tarkka,2023,10,ennallaan,tuore_havainto,1.0,2010,129,1881,0,1.0
4401580778,tarkka,2023,10,ennallaan,tuore_havainto,1.0,2010,130,1880,0,1.0
4401580783,tarkka,2023,10,ennallaan,tuore_havainto,1.0,2010,150,1860,0,1.0
4401583127,tarkka,2023,10,ennallaan,tuore_havainto,1.0,2010,64,1946,0,0.89
4401588667,tarkka,2023,20,ennallaan,tuore_havainto,1.0,2010,88,1922,0,0.56
4401591426,tarkka,2023,10,ennallaan,tuore_havainto,1.0,2010,129,1881,0,1.0
4403583595,tarkka,2023,50,ennallaan,tuore_havainto,1.0,2010,93,1917,0,1.0
4403584407,tarkka,2023,10,ennallaan,tuore_havainto,1.0,2010,80,1930,0,1.0
4403584461,tarkka,2023,1,ennallaan,tuore_havainto,1.0,2010,97,1913,0,1.0
4403588431,tarkka,2023,1,ennallaan,tuore_havainto,1.0,2010,126,1884,0,1.0
4403589561,tarkka,2023,20,ennallaan,tuore_havainto,1.0,2010,112,1898,0,1.0
4403591736,tarkka,2023,10,ennallaan,tuore_havainto,1.0,2010,117,1893,0,1.0
4403592362,tarkka,2023,10,ennallaan,tuore_havainto,1.0,2010,74,1936,0,1.0
4403593511,tarkka,2023,25,ennallaan,tuore_havainto,1.0,2010,142,1868,0,1.0
4403594657,tarkka,2023,10,ennallaan,tuore_havainto,1.0,2010,77,1933,0,1.0
4403595330,tarkka,2023,25,ennallaan,tuore_havainto,1.0,2010,142,1868,0,1.0
4403600686,tarkka,2023,25,ennallaan,tuore_havainto,1.0,2010,100,1910,0,1.0
4403600920,tarkka,2023,25,ennallaan,tuore_havainto,1.0,2010,100,1910,0,1.0
4403602441,tarkka,2023,5,epavarma,hakkuuaikomus,0.89,2010,108,1902,1,1.0
4403605496,tarkka,2023,10,ennallaan,tuore_havainto,1.0,2010,129,1881,0,1.0
4403605509,tarkka,2023,10,ennallaan,tuore_havainto,1.0,2010,129,1881,0,1.0
4403605909,tarkka,2023,50,ennallaan,tuore_havainto,1.0,2010,81,1929,0,1.0
4403607600,tarkka,2023,25,ennallaan,tuore_havainto,1.0,2010,132,1878,0,1.0
4403608056,tarkka,2023,50,ennallaan,tuore_havainto,1.0,2010,92,1918,0,1.0
4403613451,tarkka,2023,10,ennallaan,tuore_havainto,1.0,2010,90,1920,0,1.0
4403613561,tarkka,2023,50,ennallaan,tuore_havainto,1.0,2010,93,1917,0,1.0
4403619456,tarkka,2023,10,ennallaan,tuore_havainto,1.0,2010,70,1940,0,1.0
4403620556,tarkka,2023,25,ennallaan,tuore_havainto,1.0,2010,112,1898,0,1.0
4403620639,tarkka,2023,10,ennallaan,tuore_havainto,1.0,2010,107,1903,0,1.0
4403620820,tarkka,2023,20,ennallaan,tuore_havainto,1.0,2010,107,1903,0,1.0
4403622627,tarkka,2023,10,ennallaan,tuore_havainto,1.0,2010,91,1919,2,1.0
4403622696,tarkka,2023,10,ennallaan,tuore_havainto,1.0,2010,78,1932,0,1.0
4403623595,tarkka,2023,10,ennallaan,tuore_havainto,1.0,2010,98,1912,0,1.0
4403625689,tarkka,2023,10,ennallaan,tuore_havainto,1.0,2010,53,1957,0,1.0
4403625714,tarkka,2023,5,ennallaan,tuore_havainto,1.0,2010,102,1908,0,0.89
4403626333,tarkka,2023,20,ennallaan,tuore_havainto,1.0,2010,80,1930,0,1.0
4403630540,tarkka,2023,25,ennallaan,tuore_havainto,1.0,2010,142,1868,0,0.67
4403630556,tarkka,2023,10,ennallaan,tuore_havainto,1.0,2010,59,1951,0,1.0
4403630727,tarkka,2023,10,ennallaan,tuore_havainto,1.0,2010,143,1867,0,1.0
4403630778,tarkka,2023,20,ennallaan,tuore_havainto,1.0,2010,71,1939,0,1.0
4403631324,tarkka,2023,25,ennallaan,tuore_havainto,1.0,2010,110,1900,0,0.22
4403631338,tarkka,2023,10,ennallaan,tuore_havainto,1.0,2010,68,1942,0,0.33
4403632405,tarkka,2023,10,ennallaan,tuore_havainto,1.0,2010,86,1924,0,0.67
4403633800,tarkka,2023,50,ennallaan,tuore_havainto,1.0,2010,103,1907,0,1.0
4403636755,tarkka,2023,25,ennallaan,tuore_havainto,1.0,2010,75,1935,0,1.0
4403637517,tarkka,2023,10,ennallaan,tuore_havainto,1.0,2010,45,1965,0,1.0
4403637622,tarkka,2023,10,ennallaan,tuore_havainto,1.0,2010,131,1879,0,0.33
4403639458,tarkka,2023,10,ennallaan,tuore_havainto,1.0,2010,94,1916,0,1.0
4403639671,tarkka,2023,10,ennallaan,tuore_havainto,1.0,2010,152,1858,0,1.0
4403639785,tarkka,2023,10,ennallaan,tuore_havainto,1.0,2010,96,1914,0,1.0
4403640523,tarkka,2023,10,ennallaan,tuore_havainto,1.0,2010,95,1915,0,1.0
4403641582,tarkka,2023,10,ennallaan,tuore_havainto,1.0,2010,129,1881,0,1.0
4403643665,tarkka,2023,10,ennallaan,tuore_havainto,1.0,2010,83,1927,0,1.0
4403644856,tarkka,2023,20,ennallaan,tuore_havainto,1.0,2010,98,1912,0,1.0
4403648504,tarkka,2023,10,ennallaan,tuore_havainto,1.0,2010,151,1859,0,0.67
4403649527,tarkka,2023,10,ennallaan,tuore_havainto,1.0,2010,65,1945,0,1.0
4403651407,tarkka,2023,10,ennallaan,tuore_havainto,1.0,2010,94,1916,0,1.0
4403653548,tarkka,2023,10,ennallaan,tuore_havainto,1.0,2010,134,1876,0,1.0
4403653686,tarkka,2023,20,ennallaan,tuore_havainto,1.0,2010,61,1949,0,1.0
4403654648,tarkka,2023,10,ennallaan,tuore_havainto,1.0,2010,93,1917,0,1.0
4403656421,tarkka,2023,25,ennallaan,tuore_havainto,1.0,2010,88,1922,0,0.78
4403656513,tarkka,2023,20,ennallaan,tuore_havainto,1.0,2010,122,1888,0,1.0
4403659499,tarkka,2023,10,ei_tietoa,ei_metsavaratietoa,,2010,,,0,0.0
4403660307,tarkka,2023,20,ennallaan,tuore_havainto,1.0,2010,139,1871,0,1.0
4403661432,tarkka,2023,20,ennallaan,tuore_havainto,1.0,2010,75,1935,0,1.0
4403661459,tarkka,2023,10,ennallaan,tuore_havainto,1.0,2010,115,1895,0,1.0
4403661460,tarkka,2023,10,ennallaan,tuore_havainto,1.0,2010,90,1920,0,1.0
4403661565,tarkka,2023,10,ennallaan,tuore_havainto,1.0,2010,91,1919,0,1.0
4403661663,tarkka,2023,10,ennallaan,tuore_havainto,1.0,2010,114,1896,0,1.0
4403663554,tarkka,2023,20,ennallaan,tuore_havainto,1.0,2010,64,1946,0,1.0
4403669996,tarkka,2023,10,ennallaan,tuore_havainto,1.0,2010,55,1955,0,1.0
4403671459,tarkka,2023,10,ennallaan,tuore_havainto,1.0,2010,120,1890,0,1.0
4403672421,tarkka,2023,25,ennallaan,tuore_havainto,1.0,2010,116,1894,0,1.0
4403673402,tarkka,2023,10,ennallaan,tuore_havainto,1.0,2010,72,1938,0,1.0
4403674396,tarkka,2023,1,ennallaan,tuore_havainto,1.0,2010,127,1883,0,1.0
4403677412,tarkka,2023,10,ennallaan,tuore_havainto,1.0,2010,145,1865,0,1.0
4403677413,tarkka,2023,10,ennallaan,tuore_havainto,1.0,2010,54,1956,0,1.0
4403678520,tarkka,2023,25,ennallaan,tuore_havainto,1.0,2010,105,1905,0,1.0
4403678886,tarkka,2023,25,ennallaan,tuore_havainto,1.0,2010,123,1887,0,1.0
4403682511,tarkka,2023,1,ennallaan,tuore_havainto,1.0,2010,82,1928,0,1.0
4403682691,tarkka,2023,25,ennallaan,tuore_havainto,1.0,2010,72,1938,0,1.0
4403685475,tarkka,2023,20,ennallaan,tuore_havainto,1.0,2010,49,1961,0,1.0
4403690366,tarkka,2023,20,ennallaan,tuore_havainto,1.0,2010,88,1922,0,1.0
4403691747,tarkka,2023,10,ennallaan,tuore_havainto,1.0,2010,140,1870,0,1.0
4403691759,tarkka,2023,20,ennallaan,tuore_havainto,1.0,2010,105,1905,0,1.0
4403693471,tarkka,2023,10,ennallaan,tuore_havainto,1.0,2010,91,1919,0,0.56
4403693592,tarkka,2023,50,ennallaan,tuore_havainto,1.0,2010,92,1918,0,1.0
4403694387,tarkka,2023,10,ennallaan,tuore_havainto,1.0,2010,145,1865,0,1.0
4403695395,tarkka,2023,50,ennallaan,tuore_havainto,1.0,2010,102,1908,0,0.89
4403697443,tarkka,2023,10,ennallaan,tuore_havainto,1.0,2010,91,1919,0,1.0
4403698513,tarkka,2023,25,ennallaan,tuore_havainto,1.0,2010,118,1892,0,1.0
4403698711,tarkka,2023,10,ennallaan,tuore_havainto,1.0,2010,91,1919,0,1.0
4403700955,tarkka,2023,10,ennallaan,tuore_havainto,1.0,2010,90,1920,0,1.0
4403705617,summittainen,2023,500,ennallaan,tuore_havainto,0.88,2010,124,1886,1,0.89
4403706437,tarkka,2023,10,ennallaan,tuore_havainto,1.0,2010,92,1918,0,1.0
4403709546,tarkka,2023,10,ennallaan,tuore_havainto,1.0,2010,144,1866,0,1.0
4403711329,tarkka,2023,20,ennallaan,tuore_havainto,1.0,2010,98,1912,0,1.0
4403711392,tarkka,2023,10,ennallaan,tuore_havainto,1.0,2010,88,1922,0,1.0
4403712351,tarkka,2023,20,ennallaan,tuore_havainto,1.0,2010,64,1946,0,1.0
4403717692,tarkka,2023,10,ennallaan,tuore_havainto,1.0,2010,75,1935,0,1.0
4403720331,tarkka,2023,25,ennallaan,tuore_havainto,1.0,2010,120,1890,0,1.0
4403724344,tarkka,2023,20,ennallaan,tuore_havainto,1.0,2010,105,1905,0,0.44
4403725320,tarkka,2023,25,ennallaan,tuore_havainto,1.0,2010,98,1912,0,1.0
4403725616,tarkka,2023,10,ennallaan,tuore_havainto,1.0,2010,92,1918,0,1.0
4403729549,tarkka,2023,10,ennallaan,tuore_havainto,1.0,2010,148,1862,0,0.67
4403729770,tarkka,2023,10,ennallaan,tuore_havainto,1.0,2010,90,1920,0,1.0
4403730541,tarkka,2023,10,ennallaan,tuore_havainto,1.0,2010,69,1941,0,1.0
4403730544,tarkka,2023,10,ennallaan,tuore_havainto,1.0,2010,71,1939,0,1.0
4403730799,tarkka,2023,10,ennallaan,tuore_havainto,1.0,2010,73,1937,0,1.0
4403735524,tarkka,2023,10,ennallaan,tuore_havainto,1.0,2010,68,1942,0,0.67
4403735618,tarkka,2023,10,ennallaan,tuore_havainto,1.0,2010,104,1906,0,1.0
4403735832,tarkka,2023,10,ennallaan,tuore_havainto,1.0,2010,77,1933,0,1.0
4403736491,tarkka,2023,10,ennallaan,tuore_havainto,1.0,2010,132,1878,0,1.0
4403737640,tarkka,2023,25,ennallaan,tuore_havainto,1.0,2010,85,1925,0,1.0
4403741422,tarkka,2023,25,ennallaan,tuore_havainto,1.0,2010,126,1884,0,1.0
4403745754,tarkka,2023,10,ennallaan,tuore_havainto,1.0,2010,73,1937,0,1.0
4403745768,tarkka,2023,20,ennallaan,tuore_havainto,1.0,2010,105,1905,0,1.0
4403748491,tarkka,2023,10,ennallaan,tuore_havainto,1.0,2010,113,1897,0,1.0
4403748501,tarkka,2023,10,ennallaan,tuore_havainto,1.0,2010,129,1881,0,1.0
4403748896,tarkka,2023,10,ennallaan,tuore_havainto,1.0,2010,83,1927,0,1.0
4403748938,tarkka,2023,25,ennallaan,tuore_havainto,1.0,2010,81,1929,0,1.0
4403749657,tarkka,2023,10,ennallaan,tuore_havainto,1.0,2010,81,1929,0,1.0
4403749663,tarkka,2023,25,ennallaan,tuore_havainto,1.0,2010,102,1908,0,1.0
4403750743,tarkka,2023,10,ennallaan,tuore_havainto,1.0,2010,61,1949,0,1.0
4403752500,tarkka,2023,10,ennallaan,tuore_havainto,1.0,2010,82,1928,0,1.0
4403754619,tarkka,2023,10,ennallaan,tuore_havainto,1.0,2010,55,1955,0,1.0
4403758483,tarkka,2023,10,ennallaan,tuore_havainto,1.0,2010,145,1865,0,1.0
4403764402,tarkka,2023,25,ennallaan,tuore_havainto,1.0,2010,80,1930,0,1.0
4403765467,tarkka,2023,10,ennallaan,tuore_havainto,1.0,2010,50,1960,0,1.0
4403765473,tarkka,2023,50,ennallaan,tuore_havainto,1.0,2010,91,1919,0,1.0
4403767787,tarkka,2023,10,ennallaan,tuore_havainto,1.0,2010,65,1945,0,1.0
4403769424,tarkka,2023,118,ennallaan,tuore_havainto,1.0,2010,100,1910,0,0.78
4403771776,tarkka,2023,10,ennallaan,tuore_havainto,1.0,2010,132,1878,0,1.0
4403773349,tarkka,2023,10,ennallaan,tuore_havainto,1.0,2010,87,1923,0,1.0
4403773696,tarkka,2023,20,ennallaan,tuore_havainto,1.0,2010,116,1894,2,1.0
4403780904,tarkka,2023,20,ennallaan,tuore_havainto,1.0,2010,109,1901,0,1.0
4403780922,tarkka,2023,25,ennallaan,tuore_havainto,1.0,2010,108,1902,0,1.0
4403781413,tarkka,2023,141,ennallaan,tuore_havainto,1.0,2010,69,1941,0,0.22
4403784687,tarkka,2023,1,ennallaan,tuore_havainto,1.0,2010,101,1909,0,1.0
4403784888,tarkka,2023,10,ennallaan,tuore_havainto,1.0,2010,131,1879,0,1.0
4403786430,tarkka,2023,10,ennallaan,tuore_havainto,1.0,2010,89,1921,0,1.0
4403789500,tarkka,2023,10,ennallaan,tuore_havainto,1.0,2010,73,1937,0,1.0
4403792414,tarkka,2023,10,ennallaan,tuore_havainto,1.0,2010,86,1924,0,1.0
4403796899,tarkka,2023,25,ennallaan,tuore_havainto,1.0,2010,78,1932,0,1.0
4403797549,tarkka,2023,10,ennallaan,tuore_havainto,1.0,2010,65,1945,0,1.0
4403803400,tarkka,2023,10,ennallaan,tuore_havainto,1.0,2010,92,1918,0,1.0
4403806331,tarkka,2023,20,ennallaan,tuore_havainto,1.0,2010,70,1940,0,1.0
4403809779,tarkka,2023,10,ennallaan,tuore_havainto,1.0,2010,126,1884,0,1.0
4403810406,tarkka,2023,10,ennallaan,tuore_havainto,1.0,2010,139,1871,0,1.0
4403811614,tarkka,2023,1,ennallaan,tuore_havainto,1.0,2010,117,1893,0,1.0
4403811664,tarkka,2023,10,ennallaan,tuore_havainto,1.0,2010,107,1903,0,1.0
4403812491,tarkka,2023,10,ennallaan,tuore_havainto,1.0,2010,134,1876,0,1.0
4403813675,tarkka,2023,10,ennallaan,tuore_havainto,1.0,2010,57,1953,0,1.0
4403817403,tarkka,2023,10,ennallaan,tuore_havainto,1.0,2010,88,1922,0,1.0
4403818554,tarkka,2023,10,ennallaan,tuore_havainto,1.0,2010,135,1875,0,0.33
4403819628,tarkka,2023,20,ennallaan,tuore_havainto,1.0,2010,120,1890,0,1.0
4403821658,tarkka,2023,25,ennallaan,tuore_havainto,1.0,2010,82,1928,0,1.0
4403823532,tarkka,2023,25,ennallaan,tuore_havainto,1.0,2010,102,1908,0,1.0
4403824527,tarkka,2023,25,ennallaan,tuore_havainto,1.0,2010,136,1874,0,1.0
4403826552,tarkka,2023,10,ennallaan,tuore_havainto,1.0,2010,53,1957,0,1.0
4403826804,tarkka,2023,20,ennallaan,tuore_havainto,1.0,2010,98,1912,0,1.0
4403826867,tarkka,2023,25,ennallaan,tuore_havainto,1.0,2010,60,1950,0,0.67
4403829514,tarkka,2023,10,ennallaan,tuore_havainto,1.0,2010,124,1886,0,1.0
4403829516,tarkka,2023,10,ennallaan,tuore_havainto,1.0,2010,59,1951,0,1.0
4403830648,tarkka,2023,10,ennallaan,tuore_havainto,1.0,2010,151,1859,0,1.0
4403831571,tarkka,2023,20,ennallaan,tuore_havainto,1.0,2010,108,1902,0,1.0
4403831825,tarkka,2023,25,ennallaan,tuore_havainto,1.0,2010,81,1929,0,1.0
4403832528,tarkka,2023,10,ennallaan,tuore_havainto,1.0,2010,129,1881,0,1.0
4403832670,tarkka,2023,10,ennallaan,tuore_havainto,1.0,2010,82,1928,0,1.0
4403832709,tarkka,2023,25,ennallaan,tuore_havainto,1.0,2010,123,1887,0,1.0
4403836526,tarkka,2023,10,ennallaan,tuore_havainto,1.0,2010,59,1951,0,1.0
4403836565,tarkka,2023,10,ennallaan,tuore_havainto,1.0,2010,61,1949,0,1.0
4403839370,tarkka,2023,25,ennallaan,tuore_havainto,1.0,2010,97,1913,0,1.0
4403843369,tarkka,2023,10,ennallaan,tuore_havainto,1.0,2010,83,1927,0,1.0
4403843760,tarkka,2023,20,ennallaan,tuore_havainto,1.0,2010,86,1924,0,1.0
4403846353,tarkka,2023,10,ennallaan,tuore_havainto,1.0,2010,64,1946,0,1.0
4403848386,tarkka,2023,50,ennallaan,tuore_havainto,1.0,2010,94,1916,0,1.0
4403850674,tarkka,2023,10,ennallaan,tuore_havainto,1.0,2010,141,1869,0,1.0
4403853539,tarkka,2023,1,ennallaan,tuore_havainto,1.0,2010,92,1918,0,1.0
4403854809,tarkka,2023,50,ennallaan,tuore_havainto,1.0,2010,95,1915,0,1.0
4403855357,tarkka,2023,25,ennallaan,tuore_havainto,1.0,2010,104,1906,0,1.0
4403857929,tarkka,2023,10,ennallaan,tuore_havainto,1.0,2010,70,1940,0,1.0
4403858373,tarkka,2023,10,ennallaan,tuore_havainto,1.0,2010,92,1918,0,1.0
4403864427,tarkka,2023,10,ennallaan,tuore_havainto,1.0,2010,115,1895,0,1.0
4403868427,tarkka,2023,10,ennallaan,tuore_havainto,1.0,2010,138,1872,0,0.78
4403868442,tarkka,2023,10,ennallaan,tuore_havainto,1.0,2010,118,1892,0,1.0
4403868463,tarkka,2023,10,ennallaan,tuore_havainto,1.0,2010,115,1895,0,0.89
4403872377,tarkka,2023,10,ennallaan,tuore_havainto,1.0,2010,91,1919,0,1.0
4403872647,tarkka,2023,10,ennallaan,tuore_havainto,1.0,2010,90,1920,0,1.0
4403876567,tarkka,2023,10,ennallaan,tuore_havainto,1.0,2010,92,1918,0,1.0
4403878342,tarkka,2023,10,ennallaan,tuore_havainto,1.0,2010,98,1912,0,1.0
4403879386,tarkka,2023,10,epavarma,hakkuuaikomus,1.0,2010,87,1923,1,1.0
4403879521,tarkka,2023,25,ennallaan,tuore_havainto,1.0,2010,139,1871,0,1.0
4403879543,tarkka,2023,10,ennallaan,tuore_havainto,1.0,2010,136,1874,0,1.0
4403879549,tarkka,2023,10,ennallaan,tuore_havainto,1.0,2010,59,1951,0,1.0
4403880704,tarkka,2023,10,ennallaan,tuore_havainto,1.0,2010,157,1853,0,1.0
4403887472,tarkka,2023,10,ennallaan,tuore_havainto,1.0,2010,84,1926,0,1.0
4403889532,tarkka,2023,10,ennallaan,tuore_havainto,1.0,2010,90,1920,0,1.0
4403890891,tarkka,2023,20,ennallaan,tuore_havainto,1.0,2010,109,1901,0,1.0
4403893629,tarkka,2023,10,ennallaan,tuore_havainto,1.0,2010,86,1924,0,1.0
4403893746,tarkka,2023,20,ennallaan,tuore_havainto,1.0,2010,64,1946,0,1.0
4403894751,tarkka,2023,10,ennallaan,tuore_havainto,1.0,2010,64,1946,0,1.0
4403897648,tarkka,2023,10,ennallaan,tuore_havainto,1.0,2010,73,1937,0,1.0
4403898695,tarkka,2023,20,ennallaan,tuore_havainto,1.0,2010,54,1956,0,1.0
4403899395,tarkka,2023,10,ennallaan,tuore_havainto,1.0,2010,84,1926,0,1.0
4403900474,tarkka,2023,10,ennallaan,tuore_havainto,1.0,2010,139,1871,0,1.0
4414864327,tarkka,2023,10,ennallaan,tuore_havainto,1.0,2010,88,1922,0,1.0
4414869477,tarkka,2023,10,ennallaan,tuore_havainto,1.0,2010,96,1914,0,1.0
4414874837,tarkka,2023,20,ennallaan,tuore_havainto,1.0,2010,117,1893,0,1.0
4414890331,tarkka,2023,10,ennallaan,tuore_havainto,1.0,2010,78,1932,0,1.0
4414892503,tarkka,2023,10,ennallaan,tuore_havainto,1.0,2010,127,1883,0,1.0
4414892911,tarkka,2023,10,ennallaan,tuore_havainto,1.0,2010,0,2010,2,0.89
4414895336,tarkka,2023,10,ennallaan,tuore_havainto,1.0,2010,85,1925,0,1.0
4414896345,tarkka,2023,25,ennallaan,tuore_havainto,1.0,2010,87,1923,0,1.0
4414897201,tarkka,2023,10,epavarma,hakkuuaikomus,1.0,2010,151,1859,1,1.0
4414900480,tarkka,2023,250,ennallaan,tuore_havainto,1.0,2010,103,1907,2,1.0
4414907549,tarkka,2023,10,epavarma,hakkuuaikomus,1.0,2010,105,1905,1,1.0
4414913347,tarkka,2023,10,ennallaan,tuore_havainto,1.0,2010,86,1924,0,1.0
4414916388,tarkka,2023,10,ei_tietoa,ei_metsavaratietoa,,2010,,,0,0.0
4414920315,tarkka,2023,10,ennallaan,tuore_havainto,1.0,2010,75,1935,0,1.0
4414932343,tarkka,2023,25,ennallaan,tuore_havainto,1.0,2010,78,1932,0,1.0
4414933505,tarkka,2023,10,ennallaan,tuore_havainto,1.0,2010,117,1893,0,1.0
4414934336,tarkka,2023,10,ennallaan,tuore_havainto,1.0,2010,88,1922,0,1.0
4414940368,tarkka,2023,25,ennallaan,tuore_havainto,1.0,2010,86,1924,0,1.0
4414944459,tarkka,2023,10,muuttunut,hakattu,0.56,2010,109,1901,2,1.0
4414951390,tarkka,2023,10,ennallaan,tuore_havainto,1.0,2010,90,1920,0,1.0
4414952487,tarkka,2023,200,ennallaan,tuore_havainto,1.0,2010,124,1886,0,0.78
4414956313,tarkka,2023,5,epavarma,hakkuuaikomus,0.56,2010,100,1910,1,1.0
4414957390,tarkka,2023,25,ennallaan,tuore_havainto,1.0,2010,82,1928,0,1.0
4414958388,tarkka,2023,200,ennallaan,tuore_havainto,1.0,2010,112,1898,0,1.0
4414961990,tarkka,2023,5,ennallaan,tuore_havainto,1.0,2010,78,1932,0,1.0
4414976441,tarkka,2023,10,ennallaan,tuore_havainto,1.0,2010,111,1899,0,1.0
4414980156,tarkka,2023,5,ennallaan,tuore_havainto,1.0,2010,60,1950,0,1.0
4414982400,tarkka,2023,10,ennallaan,tuore_havainto,1.0,2010,85,1925,0,1.0
4414984354,tarkka,2023,100,ennallaan,tuore_havainto,1.0,2010,81,1929,0,1.0
4414985487,tarkka,2023,10,ennallaan,tuore_havainto,1.0,2010,124,1886,0,1.0
4414991307,tarkka,2023,5,ennallaan,tuore_havainto,1.0,2010,77,1933,0,0.56
4414993466,tarkka,2023,10,ennallaan,tuore_havainto,1.0,2010,137,1873,0,1.0
4414993769,tarkka,2023,10,ennallaan,tuore_havainto,1.0,2010,93,1917,0,1.0
4414994982,tarkka,2023,10,ennallaan,tuore_havainto,1.0,2010,63,1947,0,1.0
4415000480,tarkka,2023,10,muuttunut,hakattu,0.78,2010,109,1901,2,1.0
4415001344,tarkka,2023,25,ennallaan,tuore_havainto,1.0,2010,91,1919,0,1.0
4415005494,tarkka,2023,10,ennallaan,tuore_havainto,1.0,2010,96,1914,0,1.0
4415008413,tarkka,2023,10,ennallaan,tuore_havainto,1.0,2010,96,1914,0,1.0
4415010234,tarkka,2023,5,muuttunut,hakattu,0.56,2010,89,1921,2,1.0
4415011018,tarkka,2023,5,muuttunut,hakattu,0.89,2010,95,1915,2,1.0
4415019570,tarkka,2023,10,epavarma,hakkuuaikomus,0.67,2010,118,1892,1,1.0
4415020453,tarkka,2023,10,ennallaan,tuore_havainto,1.0,2010,107,1903,0,1.0
4415027871,tarkka,2023,5,muuttunut,hakattu,0.67,2010,138,1872,2,1.0
4415032308,tarkka,2023,15,ennallaan,tuore_havainto,1.0,2010,116,1894,0,1.0
4415035323,tarkka,2023,10,ennallaan,tuore_havainto,1.0,2010,83,1927,0,1.0
4415038364,tarkka,2023,10,ennallaan,tuore_havainto,1.0,2010,91,1919,0,1.0
4415063930,tarkka,2023,5,muuttunut,hakattu,1.0,2010,75,1935,2,1.0
4415067410,tarkka,2023,20,ennallaan,tuore_havainto,1.0,2010,105,1905,0,1.0
4415067554,tarkka,2023,10,ennallaan,tuore_havainto,1.0,2010,78,1932,0,1.0
4415070321,tarkka,2023,25,ennallaan,tuore_havainto,1.0,2010,81,1929,0,1.0
4415070346,tarkka,2023,10,ennallaan,tuore_havainto,1.0,2010,93,1917,0,1.0
4415072492,tarkka,2023,10,ennallaan,tuore_havainto,1.0,2010,110,1900,0,1.0
4415076507,tarkka,2023,10,ennallaan,tuore_havainto,1.0,2010,122,1888,0,1.0
4415079543,tarkka,2023,10,ennallaan,tuore_havainto,1.0,2010,99,1911,0,1.0
4415083498,tarkka,2023,10,ennallaan,tuore_havainto,1.0,2010,113,1897,0,1.0
4415087333,tarkka,2023,25,ennallaan,tuore_havainto,1.0,2010,92,1918,0,1.0
4415087373,tarkka,2023,10,ennallaan,tuore_havainto,1.0,2010,92,1918,0,1.0
4415091358,tarkka,2023,10,muuttunut,hakattu,0.57,2010,102,1908,2,0.67
4415107156,tarkka,2023,10,muuttunut,hakattu,1.0,2010,134,1876,2,1.0
4415114587,tarkka,2023,10,ennallaan,tuore_havainto,1.0,2010,70,1940,0,1.0
4415115010,tarkka,2023,5,muuttunut,hakattu,1.0,2010,117,1893,2,1.0
4415120344,tarkka,2023,25,ennallaan,tuore_havainto,1.0,2010,87,1923,0,1.0
4415124354,tarkka,2023,25,ennallaan,tuore_havainto,1.0,2010,97,1913,0,1.0
4415130390,tarkka,2023,10,ennallaan,tuore_havainto,1.0,2010,91,1919,0,1.0
4415139521,tarkka,2023,10,ennallaan,tuore_havainto,1.0,2010,117,1893,0,1.0
4415149382,tarkka,2023,10,ennallaan,tuore_havainto,1.0,2010,82,1928,0,1.0
4415150479,tarkka,2023,200,ei_tietoa,ei_metsavaratietoa,,2010,,,0,0.0
4415150904,tarkka,2023,5,ennallaan,tuore_havainto,1.0,2010,127,1883,0,1.0
4415153570,tarkka,2023,250,ennallaan,tuore_havainto,1.0,2010,119,1891,2,1.0
4415161360,tarkka,2023,10,ennallaan,tuore_havainto,1.0,2010,131,1879,0,0.44
4415162361,tarkka,2023,10,ennallaan,tuore_havainto,1.0,2010,86,1924,0,1.0
4415163347,tarkka,2023,10,epavarma,osa_alueesta_hakattu,0.33,2010,102,1908,2,0.67
4415179315,tarkka,2023,25,ennallaan,tuore_havainto,1.0,2010,79,1931,0,0.89
4415198790,tarkka,2023,5,ennallaan,tuore_havainto,1.0,2010,40,1970,2,1.0
4415209925,tarkka,2023,5,muuttunut,hakattu,0.89,2010,152,1858,2,1.0
4415213481,tarkka,2023,10,epavarma,hakkuuaikomus,1.0,2010,133,1877,1,0.67
4415256572,tarkka,2023,5,muuttunut,hakattu,0.78,2010,108,1902,2,1.0
4415273830,tarkka,2023,25,ennallaan,tuore_havainto,1.0,2010,77,1933,0,1.0
4415289023,tarkka,2023,5,epavarma,osa_alueesta_hakattu,0.11,2010,91,1919,2,1.0
4415290796,tarkka,2023,5,ennallaan,tuore_havainto,1.0,2010,101,1909,0,1.0
4415295678,tarkka,2023,5,ennallaan,tuore_havainto,1.0,2010,99,1911,0,1.0
4415310895,tarkka,2023,5,ennallaan,tuore_havainto,1.0,2010,114,1896,0,1.0
4415319576,tarkka,2023,5,ennallaan,tuore_havainto,1.0,2010,113,1897,0,1.0
4415376450,tarkka,2023,5,muuttunut,hakattu,0.67,2010,131,1879,2,1.0
4418103353,tarkka,2023,10,ennallaan,tuore_havainto,1.0,2010,112,1898,0,1.0
4418153636,tarkka,2023,213,epavarma,osa_alueesta_hakattu,0.11,2010,71,1939,2,1.0
4421856540,tarkka,2023,10,ennallaan,tuore_havainto,1.0,2010,115,1895,0,1.0
4421880453,tarkka,2023,5,ennallaan,tuore_havainto,1.0,2010,84,1926,0,1.0
4422083544,tarkka,2023,10,ennallaan,tuore_havainto,1.0,2010,91,1919,0,1.0
4422086304,tarkka,2023,10,ennallaan,tuore_havainto,1.0,2010,112,1898,0,1.0
4422104302,tarkka,2023,10,ei_tietoa,ei_metsavaratietoa,,2010,,,0,0.0
4426411354,tarkka,2023,10,ennallaan,tuore_havainto,1.0,2010,0,2010,0,1.0
4428865695,tarkka,2023,10,ennallaan,tuore_havainto,1.0,2010,111,1899,0,1.0
4428868706,tarkka,2023,10,ennallaan,tuore_havainto,1.0,2010,79,1931,0,1.0
4428872739,tarkka,2023,10,ennallaan,tuore_havainto,1.0,2010,53,1957,2,0.78
4428874717,tarkka,2023,10,ennallaan,tuore_havainto,1.0,2010,51,1959,2,1.0
4428893705,tarkka,2023,10,ennallaan,tuore_havainto,1.0,2010,51,1959,0,1.0
4428894685,tarkka,2023,10,ennallaan,tuore_havainto,1.0,2010,89,1921,0,1.0
4428897703,tarkka,2023,10,ennallaan,tuore_havainto,1.0,2010,112,1898,0,0.89
4428904729,tarkka,2023,10,ennallaan,tuore_havainto,1.0,2010,113,1897,0,1.0
4428960697,tarkka,2023,10,ennallaan,tuore_havainto,1.0,2010,108,1902,2,0.89
4428997686,tarkka,2023,10,ennallaan,tuore_havainto,1.0,2010,101,1909,2,1.0
4429002695,tarkka,2023,10,ennallaan,tuore_havainto,1.0,2010,73,1937,0,1.0
4429008726,tarkka,2023,10,ennallaan,tuore_havainto,1.0,2010,101,1909,0,1.0
4435022303,tarkka,2023,25,ennallaan,tuore_havainto,1.0,2010,50,1960,0,1.0
4439993423,tarkka,2023,100,ennallaan,tuore_havainto,1.0,2010,84,1926,0,1.0
4440054012,tarkka,2023,10,ennallaan,tuore_havainto,1.0,2010,89,1921,0,1.0
4455146781,tarkka,2023,10,ennallaan,tuore_havainto,1.0,2010,143,1867,0,1.0
4455149793,tarkka,2023,10,ennallaan,tuore_havainto,1.0,2010,129,1881,0,1.0
4455154762,tarkka,2023,10,ennallaan,tuore_havainto,1.0,2010,141,1869,0,1.0
4455157772,tarkka,2023,10,ennallaan,tuore_havainto,1.0,2010,151,1859,0,1.0
4455160801,tarkka,2023,10,ennallaan,tuore_havainto,1.0,2010,128,1882,0,1.0
4455161783,tarkka,2023,10,ennallaan,tuore_havainto,1.0,2010,131,1879,0,0.33
4455189781,tarkka,2023,10,ennallaan,tuore_havainto,1.0,2010,138,1872,0,0.78
4455204775,tarkka,2023,10,ennallaan,tuore_havainto,1.0,2010,139,1871,0,1.0
4455209775,tarkka,2023,10,ennallaan,tuore_havainto,1.0,2010,151,1859,0,0.67
4455213801,tarkka,2023,10,ennallaan,tuore_havainto,1.0,2010,111,1899,0,1.0
4455220772,tarkka,2023,10,ennallaan,tuore_havainto,1.0,2010,140,1870,0,1.0
4455232790,tarkka,2023,10,ennallaan,tuore_havainto,1.0,2010,125,1885,0,1.0
4455235779,tarkka,2023,10,ennallaan,tuore_havainto,1.0,2010,157,1853,0,1.0
4455243783,tarkka,2023,10,ennallaan,tuore_havainto,1.0,2010,135,1875,0,0.33
4455284789,tarkka,2023,10,ennallaan,tuore_havainto,1.0,2010,100,1910,0,1.0
4464924450,tarkka,2023,10,ennallaan,tuore_havainto,1.0,2010,57,1953,0,1.0
4464937514,tarkka,2023,10,ennallaan,tuore_havainto,1.0,2010,67,1943,0,1.0
4464947520,tarkka,2023,10,ennallaan,tuore_havainto,1.0,2010,59,1951,0,1.0
4464962517,tarkka,2023,10,ennallaan,tuore_havainto,1.0,2010,71,1939,0,1.0
4464967509,tarkka,2023,10,ennallaan,tuore_havainto,1.0,2010,62,1948,0,1.0
4464968515,tarkka,2023,10,ennallaan,tuore_havainto,1.0,2010,86,1924,0,1.0
4464982514,tarkka,2023,10,ennallaan,tuore_havainto,1.0,2010,59,1951,0,1.0
4464984508,tarkka,2023,10,ennallaan,tuore_havainto,1.0,2010,55,1955,0,1.0
4465010454,tarkka,2023,10,ennallaan,tuore_havainto,1.0,2010,72,1938,0,1.0
4465012318,tarkka,2023,10,ennallaan,tuore_havainto,1.0,2010,121,1889,0,1.0
4465031312,tarkka,2023,10,ennallaan,tuore_havainto,1.0,2010,121,1889,0,1.0
4500107718,tarkka,2023,10,ennallaan,tuore_havainto,1.0,2010,84,1926,0,1.0
4500112731,tarkka,2023,10,ennallaan,tuore_havainto,1.0,2010,97,1913,0,1.0
4500123728,tarkka,2023,10,ennallaan,tuore_havainto,1.0,2010,104,1906,0,1.0
4500213730,tarkka,2023,10,ennallaan,tuore_havainto,1.0,2010,86,1924,0,1.0
4509210365,tarkka,2023,5,muuttunut,hakattu,1.0,2010,107,1903,2,1.0
4509230361,tarkka,2023,5,muuttunut,hakattu,1.0,2010,107,1903,2,1.0
4509247358,tarkka,2023,5,muuttunut,hakattu,0.78,2010,70,1940,2,1.0
4509289356,tarkka,2023,5,ennallaan,tuore_havainto,1.0,2010,87,1923,0,1.0
4511000432,tarkka,2023,10,ennallaan,tuore_havainto,1.0,2010,91,1919,0,0.67
4511002426,tarkka,2023,10,ennallaan,tuore_havainto,1.0,2010,95,1915,0,1.0
4511006427,tarkka,2023,10,ennallaan,tuore_havainto,1.0,2010,85,1925,0,1.0
4511018428,tarkka,2023,10,ennallaan,tuore_havainto,1.0,2010,19,1991,2,1.0
4511019429,tarkka,2023,10,ennallaan,tuore_havainto,1.0,2010,108,1902,0,1.0
4511042433,tarkka,2023,10,ennallaan,tuore_havainto,1.0,2010,87,1923,0,1.0
4511055426,tarkka,2023,10,ennallaan,tuore_havainto,1.0,2010,94,1916,0,1.0
4511143308,tarkka,2023,10,ennallaan,tuore_havainto,1.0,2010,112,1898,0,1.0
4511143929,tarkka,2023,25,ennallaan,tuore_havainto,1.0,2010,112,1898,0,1.0
4511147426,tarkka,2023,10,ennallaan,tuore_havainto,1.0,2010,90,1920,0,1.0
4511159429,tarkka,2023,10,ennallaan,tuore_havainto,1.0,2010,61,1949,0,1.0
4511163428,tarkka,2023,10,ennallaan,tuore_havainto,1.0,2010,77,1933,0,1.0
4511165424,tarkka,2023,10,ennallaan,tuore_havainto,1.0,2010,84,1926,0,1.0
4511168426,tarkka,2023,10,ennallaan,tuore_havainto,1.0,2010,100,1910,0,1.0
4511173429,tarkka,2023,10,ennallaan,tuore_havainto,1.0,2010,54,1956,0,1.0
4511176424,tarkka,2023,10,ennallaan,tuore_havainto,1.0,2010,106,1904,0,1.0
4511178420,tarkka,2023,10,ennallaan,tuore_havainto,1.0,2010,103,1907,0,1.0
4511185429,tarkka,2023,10,ennallaan,tuore_havainto,1.0,2010,86,1924,0,1.0
4511187429,tarkka,2023,10,ennallaan,tuore_havainto,1.0,2010,108,1902,2,1.0
4511190422,tarkka,2023,10,ennallaan,tuore_havainto,1.0,2010,90,1920,0,1.0
4511198427,tarkka,2023,10,ennallaan,tuore_havainto,1.0,2010,95,1915,0,1.0
4511202429,tarkka,2023,10,ennallaan,tuore_havainto,1.0,2010,91,1919,0,1.0
4511209432,tarkka,2023,10,ennallaan,tuore_havainto,1.0,2010,84,1926,0,1.0
4517096794,tarkka,2023,5,ennallaan,tuore_havainto,1.0,2010,135,1875,0,1.0
4517106029,tarkka,2023,250,ennallaan,tuore_havainto,1.0,2010,115,1895,2,1.0
4517111859,tarkka,2023,10,ennallaan,tuore_havainto,1.0,2010,100,1910,0,1.0
4517154859,tarkka,2023,10,ennallaan,tuore_havainto,1.0,2010,92,1918,0,1.0
4517170865,tarkka,2023,10,ennallaan,tuore_havainto,1.0,2010,96,1914,0,1.0
4517188398,tarkka,2023,10,ennallaan,tuore_havainto,1.0,2010,109,1901,0,1.0
4517191389,tarkka,2023,10,ennallaan,tuore_havainto,1.0,2010,108,1902,0,1.0
4517192373,tarkka,2023,10,ennallaan,tuore_havainto,1.0,2010,107,1903,0,1.0
4517195387,tarkka,2023,10,ennallaan,tuore_havainto,1.0,2010,103,1907,0,1.0
4517196376,tarkka,2023,10,ennallaan,tuore_havainto,1.0,2010,107,1903,0,1.0
4517201392,tarkka,2023,10,ennallaan,tuore_havainto,1.0,2010,96,1914,0,1.0
4517202409,tarkka,2023,10,ennallaan,tuore_havainto,1.0,2010,106,1904,0,1.0
4517205390,tarkka,2023,10,ennallaan,tuore_havainto,1.0,2010,94,1916,0,1.0
4517208382,tarkka,2023,10,ennallaan,tuore_havainto,1.0,2010,96,1914,0,1.0
4517211390,tarkka,2023,10,ennallaan,tuore_havainto,1.0,2010,92,1918,0,1.0
4517216380,tarkka,2023,10,ennallaan,tuore_havainto,1.0,2010,109,1901,0,1.0
4517217391,tarkka,2023,10,ennallaan,tuore_havainto,1.0,2010,89,1921,0,1.0
4517226369,tarkka,2023,10,ennallaan,tuore_havainto,1.0,2010,92,1918,0,1.0
4517228376,tarkka,2023,10,ennallaan,tuore_havainto,1.0,2010,110,1900,0,1.0
4517229381,tarkka,2023,10,ennallaan,tuore_havainto,1.0,2010,105,1905,0,1.0
4517237016,summittainen,2023,500,ennallaan,tuore_havainto,1.0,2010,88,1922,0,0.78
4517247383,tarkka,2023,10,ennallaan,tuore_havainto,1.0,2010,94,1916,0,1.0
4517256050,tarkka,2023,100,ennallaan,tuore_havainto,1.0,2010,82,1928,2,1.0
4517319406,tarkka,2023,10,ennallaan,tuore_havainto,1.0,2010,110,1900,0,1.0
4517321375,tarkka,2023,10,ennallaan,tuore_havainto,1.0,2010,107,1903,0,1.0
4517322388,tarkka,2023,10,ennallaan,tuore_havainto,1.0,2010,97,1913,0,1.0
4517331372,tarkka,2023,10,ennallaan,tuore_havainto,1.0,2010,110,1900,0,1.0
4517338383,tarkka,2023,10,ennallaan,tuore_havainto,1.0,2010,98,1912,0,1.0
4517340375,tarkka,2023,10,ennallaan,tuore_havainto,1.0,2010,98,1912,0,1.0
4517344387,tarkka,2023,10,ennallaan,tuore_havainto,1.0,2010,88,1922,0,1.0
4517345372,tarkka,2023,10,ennallaan,tuore_havainto,1.0,2010,97,1913,0,1.0
4517348380,tarkka,2023,10,ennallaan,tuore_havainto,1.0,2010,109,1901,0,1.0
4517350367,tarkka,2023,10,ennallaan,tuore_havainto,1.0,2010,93,1917,0,1.0
4517354394,tarkka,2023,10,ennallaan,tuore_havainto,1.0,2010,109,1901,0,1.0
4517363390,tarkka,2023,10,ennallaan,tuore_havainto,1.0,2010,103,1907,0,1.0
4517369368,tarkka,2023,10,ennallaan,tuore_havainto,1.0,2010,88,1922,0,1.0
4517381397,tarkka,2023,10,ennallaan,tuore_havainto,1.0,2010,112,1898,0,1.0
4517382383,tarkka,2023,10,ennallaan,tuore_havainto,1.0,2010,88,1922,0,1.0
4517385381,tarkka,2023,10,ennallaan,tuore_havainto,1.0,2010,107,1903,0,1.0
4519802755,tarkka,2023,10,ennallaan,tuore_havainto,1.0,2010,114,1896,0,1.0
4523018727,tarkka,2023,10,ennallaan,tuore_havainto,1.0,2010,144,1866,0,1.0
4523066726,tarkka,2023,25,ennallaan,tuore_havainto,1.0,2010,139,1871,0,1.0
4874848270,tarkka,2023,10,ennallaan,tuore_havainto,1.0,2010,105,1905,0,0.67
4900084669,tarkka,2023,10,ennallaan,tuore_havainto,1.0,2010,96,1914,0,1.0
4903410563,tarkka,2023,10,ennallaan,tuore_havainto,1.0,2010,17,1993,2,1.0
4911704273,tarkka,2023,10,epavarma,osa_alueesta_hakattu,0.11,2010,95,1915,2,1.0
4911721448,tarkka,2023,10,ennallaan,tuore_havainto,1.0,2010,111,1899,0,1.0
4939333984,tarkka,2023,1,ennallaan,tuore_havainto,1.0,2010,72,1938,0,1.0
4993604040,tarkka,2023,10,ennallaan,tuore_havainto,1.0,2010,58,1952,0,0.78
5098895659,alueellinen,2023,1414,ei_tietoa,liian_epatarkka,,,,,,
5135018407,tarkka,2023,5,ennallaan,tuore_havainto,1.0,2010,88,1922,0,0.78
5868188265,alueellinen,2023,24103,ei_tietoa,liian_epatarkka,,,,,,
6191174837,tuntematon,2023,,ei_tietoa,liian_epatarkka,,,,,,
6354381433,tuntematon,2023,,ei_tietoa,liian_epatarkka,,,,,,
6500109179,alueellinen,2023,24268,ei_tietoa,liian_epatarkka,,,,,,
6519654549,alueellinen,2023,24076,ei_tietoa,liian_epatarkka,,,,,,
4407265024,tarkka,2023,152,ennallaan,tuore_havainto,1.0,2010,83,1927,2,0.67
4414860554,tarkka,2023,10,ennallaan,tuore_havainto,1.0,2010,88,1922,0,1.0
4414860842,tarkka,2023,10,ennallaan,tuore_havainto,1.0,2010,83,1927,0,1.0
4414861252,tarkka,2023,10,muuttunut,hakattu,1.0,2010,,,2,0.0
4414861255,tarkka,2023,10,ei_tietoa,ei_metsavaratietoa,,2010,,,2,0.0
4414861893,tarkka,2023,10,ennallaan,tuore_havainto,1.0,2010,97,1913,0,1.0
4414861895,tarkka,2023,10,ennallaan,tuore_havainto,1.0,2010,107,1903,0,1.0
4414862915,tarkka,2023,10,epavarma,hakkuuaikomus,0.78,2010,110,1900,1,1.0
4414864546,summittainen,2023,500,ennallaan,tuore_havainto,1.0,2010,90,1920,0,0.78
4414864980,tarkka,2023,10,ennallaan,tuore_havainto,1.0,2010,95,1915,2,1.0
4414865172,tarkka,2023,5,ennallaan,tuore_havainto,1.0,2010,119,1891,0,0.44
4414865458,tarkka,2023,1,ennallaan,tuore_havainto,1.0,2010,46,1964,0,1.0
4414865505,tarkka,2023,10,ennallaan,tuore_havainto,1.0,2010,91,1919,0,1.0
4414865648,tarkka,2023,10,ennallaan,tuore_havainto,1.0,2010,118,1892,0,1.0
4414866058,tarkka,2023,2,ennallaan,tuore_havainto,1.0,2010,70,1940,0,1.0
4414866706,tarkka,2023,10,ennallaan,tuore_havainto,1.0,2010,94,1916,0,1.0
4414870044,tarkka,2023,10,ennallaan,tuore_havainto,1.0,2010,100,1910,0,1.0
4414872003,tarkka,2023,10,ennallaan,tuore_havainto,1.0,2010,113,1897,0,1.0
4414872085,tarkka,2023,10,ei_tietoa,ei_metsavaratietoa,,2010,,,0,0.0
4414872586,tarkka,2023,10,ennallaan,tuore_havainto,1.0,2010,86,1924,0,1.0
4414873062,tarkka,2023,5,ennallaan,tuore_havainto,1.0,2010,43,1967,0,1.0
4414873517,tarkka,2023,10,ennallaan,tuore_havainto,1.0,2010,110,1900,0,0.78
4414874818,tarkka,2023,1,ennallaan,tuore_havainto,1.0,2010,58,1952,0,1.0
4414874878,tarkka,2023,10,ennallaan,tuore_havainto,1.0,2010,93,1917,0,1.0
4414875562,tarkka,2023,25,ennallaan,tuore_havainto,1.0,2010,103,1907,0,1.0
4414877410,tarkka,2023,1,ennallaan,tuore_havainto,1.0,2010,108,1902,0,1.0
4414877943,tarkka,2023,10,ennallaan,tuore_havainto,1.0,2010,39,1971,0,1.0
4414878797,tarkka,2023,10,ei_tietoa,ei_metsavaratietoa,,2010,,,0,0.0
4414880132,tarkka,2023,10,ennallaan,tuore_havainto,1.0,2010,81,1929,0,1.0
4414880133,tarkka,2023,10,ennallaan,tuore_havainto,1.0,2010,93,1917,0,1.0
4414880187,tarkka,2023,10,ennallaan,tuore_havainto,1.0,2010,91,1919,0,0.67
4414880233,tarkka,2023,10,ei_tietoa,ei_metsavaratietoa,,2010,,,0,0.0
4414880236,tarkka,2023,10,ei_tietoa,ei_metsavaratietoa,,2010,,,2,0.0
4414880617,tarkka,2023,10,ennallaan,tuore_havainto,1.0,2010,83,1927,0,1.0
4414881773,tarkka,2023,10,ennallaan,tuore_havainto,1.0,2010,77,1933,0,1.0
4414881776,tarkka,2023,10,ennallaan,tuore_havainto,1.0,2010,95,1915,0,1.0
4414881835,tarkka,2023,10,ei_tietoa,ei_metsavaratietoa,,2010,,,0,0.0
4414882685,tarkka,2023,10,ennallaan,tuore_havainto,1.0,2010,89,1921,0,1.0
4414882894,tarkka,2023,10,ennallaan,tuore_havainto,1.0,2010,84,1926,0,1.0
4414883126,tarkka,2023,10,ennallaan,tuore_havainto,1.0,2010,144,1866,0,1.0
4414884547,tarkka,2023,2,ennallaan,tuore_havainto,1.0,2010,90,1920,0,1.0
4414884726,tarkka,2023,25,ennallaan,tuore_havainto,1.0,2010,132,1878,0,1.0
4414885788,tarkka,2023,10,ennallaan,tuore_havainto,1.0,2010,82,1928,0,1.0
4414886146,tarkka,2023,10,ennallaan,tuore_havainto,1.0,2010,88,1922,0,1.0
4414886790,tarkka,2023,10,ei_tietoa,ei_metsavaratietoa,,2010,,,0,0.0
4414888240,tarkka,2023,5,ennallaan,tuore_havainto,1.0,2010,62,1948,0,1.0
4414888632,tarkka,2023,10,ennallaan,tuore_havainto,1.0,2010,128,1882,0,1.0
4414889021,tarkka,2023,25,ennallaan,tuore_havainto,1.0,2010,115,1895,0,1.0
4414892703,tarkka,2023,10,ennallaan,tuore_havainto,1.0,2010,114,1896,0,1.0
4414895501,tarkka,2023,10,ennallaan,tuore_havainto,1.0,2010,96,1914,0,1.0
4414895854,tarkka,2023,5,ennallaan,tuore_havainto,1.0,2010,82,1928,0,1.0
4414896475,tarkka,2023,1,ennallaan,tuore_havainto,1.0,2010,98,1912,0,1.0
4414896740,tarkka,2023,25,ennallaan,tuore_havainto,1.0,2010,88,1922,0,1.0
4414896741,tarkka,2023,25,ennallaan,tuore_havainto,1.0,2010,75,1935,0,1.0
4414897909,tarkka,2023,10,ennallaan,tuore_havainto,1.0,2010,52,1958,0,0.78
4414898663,tarkka,2023,50,ennallaan,tuore_havainto,1.0,2010,127,1883,0,0.67
4414899063,tarkka,2023,10,ei_tietoa,ei_metsavaratietoa,,2010,,,0,0.0
4414899067,tarkka,2023,10,ei_tietoa,ei_metsavaratietoa,,2010,,,0,0.0
4414899069,tarkka,2023,10,ei_tietoa,ei_metsavaratietoa,,2010,,,0,0.0
4414900856,tarkka,2023,10,ei_tietoa,ei_metsavaratietoa,,2010,,,0,0.0
4414902467,tarkka,2023,1,ennallaan,tuore_havainto,1.0,2010,89,1921,0,1.0
4414902829,tarkka,2023,10,muuttunut,hakattu,0.67,2010,105,1905,2,1.0
4414903642,tarkka,2023,2,ennallaan,tuore_havainto,1.0,2010,56,1954,0,1.0
4414905923,tarkka,2023,10,ennallaan,tuore_havainto,1.0,2010,63,1947,0,1.0
4414906820,tarkka,2023,10,ennallaan,tuore_havainto,1.0,2010,87,1923,0,1.0
4414907099,tarkka,2023,10,ennallaan,tuore_havainto,1.0,2010,37,1973,0,1.0
4414907181,tarkka,2023,10,ennallaan,tuore_havainto,0.67,2010,107,1903,1,1.0
4414907274,tarkka,2023,10,ennallaan,tuore_havainto,1.0,2010,116,1894,0,0.22
4414907533,tarkka,2023,1,ennallaan,tuore_havainto,1.0,2010,83,1927,0,1.0
4414908075,tarkka,2023,10,ennallaan,tuore_havainto,1.0,2010,74,1936,0,1.0
4414909575,tarkka,2023,10,ennallaan,tuore_havainto,1.0,2010,90,1920,0,1.0
4414910066,tarkka,2023,20,muuttunut,hakattu,0.8,2010,65,1945,2,0.44
4414910777,tarkka,2023,20,ennallaan,tuore_havainto,1.0,2010,104,1906,0,1.0
4414913684,tarkka,2023,10,ei_tietoa,ei_metsavaratietoa,,2010,,,0,0.0
4414913938,tarkka,2023,10,muuttunut,hakattu,1.0,2010,95,1915,2,1.0
4414915087,tarkka,2023,2,ennallaan,tuore_havainto,1.0,2010,106,1904,0,1.0
4414916177,tarkka,2023,5,ei_tietoa,ei_metsavaratietoa,,2010,,,0,0.0
4414918554,tarkka,2023,1,ennallaan,tuore_havainto,1.0,2010,115,1895,0,1.0
4414919985,tarkka,2023,25,ennallaan,tuore_havainto,1.0,2010,70,1940,0,1.0
4414920669,tarkka,2023,10,ennallaan,tuore_havainto,1.0,2010,94,1916,0,1.0
4414922772,tarkka,2023,50,ennallaan,tuore_havainto,1.0,2010,59,1951,0,1.0
4414923103,tarkka,2023,5,ennallaan,tuore_havainto,1.0,2010,133,1877,0,1.0
4414923611,tarkka,2023,25,ennallaan,tuore_havainto,1.0,2010,99,1911,0,1.0
4414924141,tarkka,2023,10,ennallaan,tuore_havainto,1.0,2010,97,1913,0,0.67
4414925094,tarkka,2023,10,ennallaan,tuore_havainto,1.0,2010,99,1911,0,1.0
4414925202,tarkka,2023,10,ei_tietoa,ei_metsavaratietoa,,2010,,,2,0.0
4414926779,tarkka,2023,10,ennallaan,tuore_havainto,1.0,2010,122,1888,0,1.0
4414927529,tarkka,2023,1,ennallaan,tuore_havainto,1.0,2010,81,1929,0,1.0
4414928374,tarkka,2023,250,ennallaan,tuore_havainto,0.56,2010,87,1923,1,1.0
4414928978,tarkka,2023,5,ennallaan,tuore_havainto,1.0,2010,134,1876,0,1.0
4414929792,tarkka,2023,20,ennallaan,tuore_havainto,1.0,2010,74,1936,0,1.0
4414930080,tarkka,2023,1,ennallaan,tuore_havainto,1.0,2010,121,1889,0,1.0
4414930431,tarkka,2023,10,ennallaan,tuore_havainto,1.0,2010,113,1897,0,1.0
4414931550,tarkka,2023,10,ennallaan,tuore_havainto,1.0,2010,83,1927,0,1.0
4414931757,tarkka,2023,10,ennallaan,tuore_havainto,1.0,2010,87,1923,0,1.0
4414932964,tarkka,2023,10,ennallaan,tuore_havainto,1.0,2010,86,1924,0,1.0
4414933890,tarkka,2023,20,ennallaan,tuore_havainto,1.0,2010,60,1950,0,1.0
4414934017,tarkka,2023,10,ennallaan,tuore_havainto,1.0,2010,93,1917,0,1.0
4414934117,tarkka,2023,10,epavarma,osa_alueesta_hakattu,0.11,2010,107,1903,2,1.0
4414934533,tarkka,2023,10,ennallaan,tuore_havainto,1.0,2010,95,1915,0,1.0
4414937168,tarkka,2023,10,ennallaan,tuore_havainto,1.0,2010,84,1926,0,1.0
4414937456,tarkka,2023,10,ennallaan,tuore_havainto,1.0,2010,93,1917,0,1.0
4414937968,tarkka,2023,10,ennallaan,tuore_havainto,1.0,2010,82,1928,0,1.0
4414938028,tarkka,2023,10,ennallaan,tuore_havainto,1.0,2010,27,1983,0,1.0
4414938930,tarkka,2023,5,ennallaan,tuore_havainto,1.0,2010,92,1918,0,1.0
4414940002,tarkka,2023,10,ennallaan,tuore_havainto,1.0,2010,87,1923,0,1.0
4414942610,tarkka,2023,10,ennallaan,tuore_havainto,1.0,2010,101,1909,0,1.0
4414942614,tarkka,2023,15,ennallaan,tuore_havainto,1.0,2010,120,1890,0,1.0
4414945283,tarkka,2023,10,ei_tietoa,ei_metsavaratietoa,,2010,,,0,0.0
4414946723,tarkka,2023,10,ennallaan,tuore_havainto,1.0,2010,80,1930,0,1.0
4414946750,tarkka,2023,5,ennallaan,tuore_havainto,1.0,2010,81,1929,0,1.0
4414947818,tarkka,2023,10,ei_tietoa,ei_metsavaratietoa,,2010,,,0,0.0
4414947832,tarkka,2023,78,ennallaan,tuore_havainto,1.0,2010,22,1988,0,0.33
4414948380,tarkka,2023,1,ennallaan,tuore_havainto,1.0,2010,118,1892,0,1.0
4414950204,tarkka,2023,10,ennallaan,tuore_havainto,1.0,2010,106,1904,2,1.0
4414950569,summittainen,2023,400,ei_tietoa,ei_metsavaratietoa,,2010,,,0,0.0
4414953165,tarkka,2023,10,ennallaan,tuore_havainto,1.0,2010,151,1859,0,1.0
4414954581,tarkka,2023,20,ennallaan,tuore_havainto,1.0,2010,89,1921,0,1.0
4414954757,tarkka,2023,5,muuttunut,hakattu,1.0,2010,60,1950,2,1.0
4414955689,tarkka,2023,5,ei_tietoa,ei_metsavaratietoa,,2010,,,0,0.0
4414957947,tarkka,2023,10,ei_tietoa,ei_metsavaratietoa,,2010,,,0,0.0
4414958051,tarkka,2023,20,ennallaan,tuore_havainto,1.0,2010,60,1950,0,1.0
4414958054,tarkka,2023,20,ennallaan,tuore_havainto,1.0,2010,60,1950,0,1.0
4414958812,tarkka,2023,10,ei_tietoa,ei_metsavaratietoa,,2010,,,0,0.0
4414963084,tarkka,2023,10,epavarma,hakkuuaikomus,1.0,2010,148,1862,1,0.56
4414964203,tarkka,2023,10,ei_tietoa,ei_metsavaratietoa,,2010,,,0,0.0
4414964962,tarkka,2023,5,ennallaan,tuore_havainto,1.0,2010,80,1930,0,1.0
4414966868,tarkka,2023,10,ennallaan,tuore_havainto,1.0,2010,59,1951,0,1.0
4414966962,tarkka,2023,10,ennallaan,tuore_havainto,1.0,2010,74,1936,0,1.0
4414967005,tarkka,2023,10,muuttunut,hakattu,1.0,2010,,,2,0.0
4414967765,tarkka,2023,10,ei_tietoa,ei_metsavaratietoa,,2010,,,0,0.0
4414969526,tarkka,2023,1,ennallaan,tuore_havainto,1.0,2010,114,1896,0,1.0
4414970601,tarkka,2023,10,ennallaan,tuore_havainto,1.0,2010,99,1911,0,1.0
4414971778,tarkka,2023,10,ei_tietoa,ei_metsavaratietoa,,2010,,,0,0.0
4414972945,tarkka,2023,10,muuttunut,hakattu,1.0,2010,,,2,0.0
4414974155,tarkka,2023,10,ennallaan,tuore_havainto,1.0,2010,62,1948,0,1.0
4414974428,tarkka,2023,10,ennallaan,tuore_havainto,1.0,2010,88,1922,0,1.0
4414974560,tarkka,2023,25,ennallaan,tuore_havainto,1.0,2010,93,1917,0,1.0
4414977035,tarkka,2023,10,ennallaan,tuore_havainto,1.0,2010,88,1922,0,1.0
4414978088,tarkka,2023,10,ennallaan,tuore_havainto,1.0,2010,81,1929,0,1.0
4414978172,tarkka,2023,10,muuttunut,hakattu,1.0,2010,,,2,0.0
4414978176,tarkka,2023,10,ei_tietoa,ei_metsavaratietoa,,2010,,,0,0.0
4414978556,tarkka,2023,10,ennallaan,tuore_havainto,1.0,2010,92,1918,0,1.0
4414978662,tarkka,2023,10,ennallaan,tuore_havainto,1.0,2010,115,1895,0,1.0
4414978885,tarkka,2023,5,muuttunut,hakattu,1.0,2010,92,1918,2,1.0
4414981124,tarkka,2023,5,ennallaan,tuore_havainto,1.0,2010,86,1924,0,1.0
4414981520,tarkka,2023,1,ennallaan,tuore_havainto,1.0,2010,115,1895,0,1.0
4414982208,tarkka,2023,10,ei_tietoa,ei_metsavaratietoa,,2010,,,0,0.0
4414982209,tarkka,2023,10,ei_tietoa,ei_metsavaratietoa,,2010,,,0,0.0
4414982668,tarkka,2023,10,ennallaan,tuore_havainto,1.0,2010,83,1927,0,1.0
4414983597,tarkka,2023,1,ennallaan,tuore_havainto,1.0,2010,118,1892,0,1.0
4414984112,tarkka,2023,5,ennallaan,tuore_havainto,1.0,2010,92,1918,0,1.0
4414985517,tarkka,2023,1,ennallaan,tuore_havainto,1.0,2010,83,1927,0,1.0
4414985964,tarkka,2023,20,ennallaan,tuore_havainto,1.0,2010,73,1937,0,1.0
4414987144,tarkka,2023,5,ennallaan,tuore_havainto,1.0,2010,101,1909,0,1.0
4414989828,tarkka,2023,10,ennallaan,tuore_havainto,1.0,2010,83,1927,0,1.0
4414990751,tarkka,2023,150,ennallaan,tuore_havainto,1.0,2010,87,1923,0,0.67
4414990797,tarkka,2023,150,ennallaan,tuore_havainto,0.86,2010,85,1925,1,0.78
4414990917,tarkka,2023,10,epavarma,osa_alueesta_hakattu,0.33,2010,98,1912,2,1.0
4414991109,tarkka,2023,50,ennallaan,tuore_havainto,1.0,2010,98,1912,0,0.67
4414991990,tarkka,2023,5,muuttunut,hakattu,1.0,2010,97,1913,2,1.0
4414992538,tarkka,2023,10,epavarma,osa_alueesta_hakattu,0.33,2010,76,1934,2,1.0
4414993244,tarkka,2023,10,ennallaan,tuore_havainto,1.0,2010,127,1883,0,1.0
4414993983,tarkka,2023,10,ennallaan,tuore_havainto,1.0,2010,123,1887,0,1.0
4414994077,tarkka,2023,2,ennallaan,tuore_havainto,1.0,2010,112,1898,0,1.0
4414994121,tarkka,2023,10,ennallaan,tuore_havainto,1.0,2010,105,1905,0,0.89
4414994880,tarkka,2023,5,ennallaan,tuore_havainto,1.0,2010,87,1923,0,1.0
4414995119,tarkka,2023,10,ennallaan,tuore_havainto,1.0,2010,87,1923,0,1.0
4414997629,tarkka,2023,10,ennallaan,tuore_havainto,1.0,2010,52,1958,0,0.67
4414997852,tarkka,2023,10,ei_tietoa,ei_metsavaratietoa,,2010,,,0,0.0
4414998047,tarkka,2023,5,ennallaan,tuore_havainto,1.0,2010,104,1906,0,1.0
4414999769,tarkka,2023,20,ennallaan,tuore_havainto,1.0,2010,99,1911,0,1.0
4415000831,tarkka,2023,20,ennallaan,tuore_havainto,1.0,2010,100,1910,0,1.0
4415002706,tarkka,2023,5,ennallaan,tuore_havainto,1.0,2010,34,1976,0,1.0
4415003918,tarkka,2023,100,ennallaan,tuore_havainto,1.0,2010,74,1936,0,0.78
4415004466,alueellinen,2023,3000,ei_tietoa,liian_epatarkka,,,,,,
4415005515,tarkka,2023,1,ennallaan,tuore_havainto,1.0,2010,115,1895,0,1.0
4415005808,tarkka,2023,25,ennallaan,tuore_havainto,1.0,2010,82,1928,0,1.0
4415007464,tarkka,2023,25,ennallaan,tuore_havainto,1.0,2010,97,1913,2,0.78
4415008661,tarkka,2023,10,ennallaan,tuore_havainto,1.0,2010,63,1947,0,1.0
4415008980,tarkka,2023,5,ennallaan,tuore_havainto,1.0,2010,81,1929,0,0.56
4415010448,summittainen,2023,319,ennallaan,tuore_havainto,1.0,2010,88,1922,0,1.0
4415010620,tarkka,2023,10,muuttunut,hakattu,0.89,2010,115,1895,2,1.0
4415014506,tarkka,2023,10,muuttunut,hakattu,0.56,2010,104,1906,2,1.0
4415014709,tarkka,2023,5,ennallaan,tuore_havainto,1.0,2010,112,1898,0,0.11
4415015503,tarkka,2023,10,ennallaan,tuore_havainto,1.0,2010,92,1918,0,1.0
4415016032,tarkka,2023,10,ennallaan,tuore_havainto,1.0,2010,45,1965,0,1.0
4415016130,tarkka,2023,10,ei_tietoa,ei_metsavaratietoa,,2010,,,0,0.0
4415017831,tarkka,2023,10,ei_tietoa,ei_metsavaratietoa,,2010,,,0,0.0
4415020511,tarkka,2023,10,ennallaan,tuore_havainto,1.0,2010,88,1922,0,1.0
4415020739,tarkka,2023,5,ennallaan,tuore_havainto,1.0,2010,165,1845,0,1.0
4415020866,tarkka,2023,25,ennallaan,tuore_havainto,1.0,2010,72,1938,2,1.0
4415021078,tarkka,2023,10,ennallaan,tuore_havainto,1.0,2010,110,1900,0,0.67
4415024559,tarkka,2023,10,ennallaan,tuore_havainto,1.0,2010,88,1922,0,1.0
4415025633,tarkka,2023,20,ennallaan,tuore_havainto,1.0,2010,110,1900,0,1.0
4415025964,tarkka,2023,10,ennallaan,tuore_havainto,1.0,2010,84,1926,0,1.0
4415026712,tarkka,2023,10,ennallaan,tuore_havainto,1.0,2010,113,1897,2,1.0
4415028560,tarkka,2023,1,ennallaan,tuore_havainto,1.0,2010,95,1915,0,1.0
4415029142,tarkka,2023,25,ei_tietoa,ei_metsavaratietoa,,2010,,,0,0.0
4415029441,tarkka,2023,10,ennallaan,tuore_havainto,1.0,2010,87,1923,0,1.0
4415029742,tarkka,2023,5,ennallaan,tuore_havainto,1.0,2010,50,1960,0,1.0
4415030745,tarkka,2023,10,ennallaan,tuore_havainto,1.0,2010,88,1922,0,1.0
4415030806,tarkka,2023,10,ei_tietoa,ei_metsavaratietoa,,2010,,,0,0.0
4415031998,tarkka,2023,20,ennallaan,tuore_havainto,1.0,2010,63,1947,0,1.0
4415032990,tarkka,2023,10,ei_tietoa,ei_metsavaratietoa,,2010,,,0,0.0
4415033192,tarkka,2023,10,ennallaan,tuore_havainto,1.0,2010,85,1925,0,1.0
4415034647,tarkka,2023,20,ennallaan,tuore_havainto,1.0,2010,85,1925,0,1.0
4415035382,tarkka,2023,1,ennallaan,tuore_havainto,1.0,2010,95,1915,0,1.0
4415035503,tarkka,2023,10,ennallaan,tuore_havainto,1.0,2010,105,1905,0,1.0
4415036361,tarkka,2023,250,ennallaan,tuore_havainto,0.56,2010,87,1923,1,1.0
4415036515,tarkka,2023,10,ennallaan,tuore_havainto,1.0,2010,89,1921,0,1.0
4415037069,tarkka,2023,10,ennallaan,tuore_havainto,1.0,2010,117,1893,0,1.0
4415038115,tarkka,2023,10,ei_tietoa,ei_metsavaratietoa,,2010,,,0,0.0
4415038484,tarkka,2023,10,ennallaan,tuore_havainto,1.0,2010,91,1919,0,1.0
4415039639,tarkka,2023,2,ennallaan,tuore_havainto,1.0,2010,102,1908,0,1.0
4415041631,tarkka,2023,10,ennallaan,tuore_havainto,1.0,2010,58,1952,0,1.0
4415042825,tarkka,2023,10,ennallaan,tuore_havainto,1.0,2010,86,1924,0,1.0
4415042891,tarkka,2023,10,ei_tietoa,ei_metsavaratietoa,,2010,,,0,0.0
4415043412,tarkka,2023,10,ennallaan,tuore_havainto,1.0,2010,85,1925,0,1.0
4415043527,tarkka,2023,20,ennallaan,tuore_havainto,1.0,2010,103,1907,0,1.0
4415045293,tarkka,2023,10,ennallaan,tuore_havainto,1.0,2010,100,1910,2,1.0
4415045968,tarkka,2023,10,ei_tietoa,ei_metsavaratietoa,,2010,,,0,0.0
4415046220,tarkka,2023,10,muuttunut,hakattu,0.67,2010,140,1870,2,1.0
4415046578,tarkka,2023,10,ennallaan,tuore_havainto,1.0,2010,92,1918,0,1.0
4415046735,tarkka,2023,10,ennallaan,tuore_havainto,1.0,2010,87,1923,0,1.0
4415046842,tarkka,2023,10,ennallaan,tuore_havainto,1.0,2010,103,1907,0,0.11
4415047119,tarkka,2023,10,epavarma,osa_alueesta_hakattu,0.22,2010,94,1916,2,1.0
4415047464,tarkka,2023,10,ennallaan,tuore_havainto,1.0,2010,103,1907,0,1.0
4415048560,tarkka,2023,1,ennallaan,tuore_havainto,1.0,2010,58,1952,0,1.0
4415050682,tarkka,2023,10,ennallaan,tuore_havainto,1.0,2010,85,1925,0,1.0
4415050993,tarkka,2023,25,ennallaan,tuore_havainto,1.0,2010,55,1955,2,1.0
4415051148,tarkka,2023,20,ennallaan,tuore_havainto,1.0,2010,63,1947,0,1.0
4415052220,tarkka,2023,10,ennallaan,tuore_havainto,1.0,2010,101,1909,0,1.0
4415053844,tarkka,2023,1,ennallaan,tuore_havainto,1.0,2010,131,1879,0,1.0
4415054192,tarkka,2023,20,ennallaan,tuore_havainto,1.0,2010,109,1901,0,1.0
4415055360,tarkka,2023,10,ennallaan,tuore_havainto,1.0,2010,78,1932,2,1.0
4415059976,tarkka,2023,10,ennallaan,tuore_havainto,1.0,2010,89,1921,0,1.0
4415061482,tarkka,2023,1,ennallaan,tuore_havainto,1.0,2010,81,1929,0,1.0
4415062271,tarkka,2023,10,ei_tietoa,ei_metsavaratietoa,,2010,,,0,0.0
4415064559,tarkka,2023,10,ennallaan,tuore_havainto,1.0,2010,98,1912,0,1.0
4415064604,tarkka,2023,10,ennallaan,tuore_havainto,1.0,2010,88,1922,0,1.0
4415065227,tarkka,2023,10,ei_tietoa,ei_metsavaratietoa,,2010,,,0,0.0
4415065586,tarkka,2023,10,ennallaan,tuore_havainto,1.0,2010,84,1926,0,1.0
4415067034,tarkka,2023,10,ennallaan,tuore_havainto,1.0,2010,85,1925,0,0.89
4415069183,tarkka,2023,200,ennallaan,tuore_havainto,1.0,2010,88,1922,0,1.0
4415069435,tarkka,2023,10,ennallaan,tuore_havainto,1.0,2010,82,1928,0,1.0
4415069724,tarkka,2023,5,ennallaan,tuore_havainto,1.0,2010,98,1912,0,1.0
4415073710,tarkka,2023,10,ennallaan,tuore_havainto,1.0,2010,82,1928,0,1.0
4415073739,tarkka,2023,10,ennallaan,tuore_havainto,1.0,2010,98,1912,2,1.0
4415073838,tarkka,2023,10,ei_tietoa,ei_metsavaratietoa,,2010,,,0,0.0
4415074148,tarkka,2023,10,ennallaan,tuore_havainto,1.0,2010,99,1911,0,1.0
4415075051,tarkka,2023,5,ennallaan,tuore_havainto,1.0,2010,26,1984,0,1.0
4415078931,tarkka,2023,10,ei_tietoa,ei_metsavaratietoa,,2010,,,0,0.0
4415080225,tarkka,2023,10,ei_tietoa,ei_metsavaratietoa,,2010,,,0,0.0
4415080686,tarkka,2023,10,ennallaan,tuore_havainto,1.0,2010,132,1878,0,1.0
4415080808,tarkka,2023,10,ei_tietoa,ei_metsavaratietoa,,2010,,,0,0.0
4415082815,tarkka,2023,10,ennallaan,tuore_havainto,1.0,2010,84,1926,0,1.0
4415083841,tarkka,2023,10,ennallaan,tuore_havainto,1.0,2010,76,1934,2,1.0
4415084634,tarkka,2023,50,ennallaan,tuore_havainto,1.0,2010,34,1976,0,1.0
4415084676,tarkka,2023,10,ennallaan,tuore_havainto,1.0,2010,119,1891,0,0.22
4415087132,tarkka,2023,20,ennallaan,tuore_havainto,1.0,2010,60,1950,0,1.0
4415089155,tarkka,2023,10,ennallaan,tuore_havainto,1.0,2010,91,1919,0,1.0
4415090538,tarkka,2023,1,ennallaan,tuore_havainto,1.0,2010,108,1902,0,1.0
4415091141,tarkka,2023,10,ennallaan,tuore_havainto,1.0,2010,96,1914,0,1.0
4415091249,tarkka,2023,10,ei_tietoa,ei_metsavaratietoa,,2010,,,0,0.0
4415092395,tarkka,2023,1,ennallaan,tuore_havainto,1.0,2010,104,1906,0,1.0
4415092707,tarkka,2023,5,muuttunut,hakattu,1.0,2010,97,1913,2,1.0
4415093647,tarkka,2023,10,ennallaan,tuore_havainto,1.0,2010,106,1904,0,1.0
4415093763,tarkka,2023,25,ennallaan,tuore_havainto,1.0,2010,93,1917,0,1.0
4415094559,tarkka,2023,20,ennallaan,tuore_havainto,1.0,2010,94,1916,0,1.0
4415094852,tarkka,2023,10,ennallaan,tuore_havainto,1.0,2010,8,2002,0,1.0
4415094853,tarkka,2023,10,ennallaan,tuore_havainto,1.0,2010,109,1901,0,1.0
4415096208,tarkka,2023,10,ei_tietoa,ei_metsavaratietoa,,2010,,,0,0.0
4415097002,tarkka,2023,10,ennallaan,tuore_havainto,1.0,2010,101,1909,0,0.67
4415097018,tarkka,2023,10,ei_tietoa,ei_metsavaratietoa,,2010,,,0,0.0
4415103095,tarkka,2023,20,ennallaan,tuore_havainto,1.0,2010,31,1979,0,1.0
4415103276,tarkka,2023,10,muuttunut,hakattu,1.0,2010,,,2,0.0
4415103278,tarkka,2023,10,ei_tietoa,ei_metsavaratietoa,,2010,,,0,0.0
4415103511,tarkka,2023,10,ennallaan,tuore_havainto,1.0,2010,88,1922,0,1.0
4415103944,tarkka,2023,10,ennallaan,tuore_havainto,1.0,2010,140,1870,0,1.0
4415104270,tarkka,2023,10,ennallaan,tuore_havainto,1.0,2010,103,1907,0,1.0
4415104866,tarkka,2023,10,ei_tietoa,ei_metsavaratietoa,,2010,,,0,0.0
4415105150,tarkka,2023,10,epavarma,osa_alueesta_hakattu,0.11,2010,113,1897,2,1.0
4415105246,tarkka,2023,10,muuttunut,hakattu,1.0,2010,,,2,0.0
4415105251,tarkka,2023,10,ei_tietoa,ei_metsavaratietoa,,2010,,,2,0.0
4415107582,tarkka,2023,10,ennallaan,tuore_havainto,1.0,2010,90,1920,0,1.0
4415107885,tarkka,2023,5,muuttunut,hakattu,1.0,2010,96,1914,2,1.0
4415112266,tarkka,2023,10,ennallaan,tuore_havainto,1.0,2010,67,1943,0,1.0
4415113603,tarkka,2023,10,ennallaan,tuore_havainto,1.0,2010,85,1925,0,1.0
4415113760,tarkka,2023,10,ennallaan,tuore_havainto,1.0,2010,96,1914,0,1.0
4415113948,tarkka,2023,20,ennallaan,tuore_havainto,1.0,2010,68,1942,0,1.0
4415114245,tarkka,2023,10,ei_tietoa,ei_metsavaratietoa,,2010,,,0,0.0
4415115002,tarkka,2023,5,ennallaan,tuore_havainto,1.0,2010,73,1937,0,1.0
4415118578,tarkka,2023,10,ennallaan,tuore_havainto,1.0,2010,90,1920,0,1.0
4415119132,tarkka,2023,15,ennallaan,tuore_havainto,1.0,2010,65,1945,0,1.0
4415119260,tarkka,2023,50,ennallaan,tuore_havainto,1.0,2010,116,1894,0,0.67
4415119567,tarkka,2023,10,ei_tietoa,ei_metsavaratietoa,,2010,,,0,0.0
4415121579,tarkka,2023,10,ennallaan,tuore_havainto,1.0,2010,90,1920,0,1.0
4415121774,summittainen,2023,707,ennallaan,tuore_havainto,1.0,2010,71,1939,2,0.33
4415124101,tarkka,2023,10,muuttunut,hakattu,1.0,2010,,,2,0.0
4415125162,tarkka,2023,10,ei_tietoa,ei_metsavaratietoa,,2010,,,0,0.0
4415125717,tarkka,2023,10,ennallaan,tuore_havainto,1.0,2010,115,1895,2,1.0
4415126076,tarkka,2023,10,ennallaan,tuore_havainto,1.0,2010,107,1903,0,1.0
4415128159,tarkka,2023,10,ennallaan,tuore_havainto,1.0,2010,143,1867,0,0.56
4415129255,tarkka,2023,25,ennallaan,tuore_havainto,1.0,2010,95,1915,0,1.0
4415129792,tarkka,2023,20,ennallaan,tuore_havainto,1.0,2010,106,1904,0,1.0
4415131425,tarkka,2023,20,ennallaan,tuore_havainto,1.0,2010,100,1910,0,1.0
4415131679,tarkka,2023,10,ennallaan,tuore_havainto,1.0,2010,91,1919,0,1.0
4415133581,tarkka,2023,20,ennallaan,tuore_havainto,1.0,2010,47,1963,0,0.67
4415135868,tarkka,2023,200,epavarma,osa_alueesta_hakattu,0.22,2010,96,1914,2,1.0
4415136610,tarkka,2023,10,ennallaan,tuore_havainto,1.0,2010,94,1916,0,1.0
4415137794,tarkka,2023,1,ei_tietoa,ei_metsavaratietoa,,2010,,,0,0.0
4415138741,tarkka,2023,10,ennallaan,tuore_havainto,1.0,2010,108,1902,0,1.0
4415139261,tarkka,2023,10,ei_tietoa,ei_metsavaratietoa,,2010,,,0,0.0
4415140117,tarkka,2023,20,ennallaan,tuore_havainto,1.0,2010,50,1960,0,1.0
4415140294,tarkka,2023,10,ennallaan,tuore_havainto,1.0,2010,108,1902,0,1.0
4415140567,tarkka,2023,1,ennallaan,tuore_havainto,1.0,2010,119,1891,0,1.0
4415140637,tarkka,2023,10,ennallaan,tuore_havainto,1.0,2010,130,1880,0,1.0
4415141159,tarkka,2023,25,ei_tietoa,ei_metsavaratietoa,,2010,,,0,0.0
4415141166,tarkka,2023,10,ennallaan,tuore_havainto,1.0,2010,69,1941,0,1.0
4415141167,tarkka,2023,10,ennallaan,tuore_havainto,1.0,2010,66,1944,0,1.0
4415141555,tarkka,2023,10,ennallaan,tuore_havainto,1.0,2010,91,1919,0,1.0
4415141556,tarkka,2023,50,ennallaan,tuore_havainto,1.0,2010,94,1916,0,1.0
4415141998,tarkka,2023,10,muuttunut,hakattu,1.0,2010,90,1920,2,1.0
4415143328,tarkka,2023,10,ennallaan,tuore_havainto,1.0,2010,90,1920,0,1.0
4415143758,tarkka,2023,5,muuttunut,hakattu,1.0,2010,92,1918,2,1.0
4415145580,tarkka,2023,10,ennallaan,tuore_havainto,1.0,2010,88,1922,0,1.0
4415146098,tarkka,2023,10,ennallaan,tuore_havainto,1.0,2010,86,1924,0,1.0
4415147138,tarkka,2023,20,ennallaan,tuore_havainto,1.0,2010,100,1910,0,1.0
4415149870,tarkka,2023,25,ei_tietoa,ei_metsavaratietoa,,2010,,,0,0.0
4415151018,summittainen,2023,500,ennallaan,tuore_havainto,1.0,2010,122,1888,2,0.33
4415151214,tarkka,2023,25,ennallaan,tuore_havainto,1.0,2010,112,1898,0,1.0
4415151605,tarkka,2023,10,ennallaan,tuore_havainto,1.0,2010,116,1894,0,1.0
4415151941,tarkka,2023,5,ennallaan,tuore_havainto,1.0,2010,84,1926,0,1.0
4415152861,tarkka,2023,5,ennallaan,tuore_havainto,1.0,2010,80,1930,2,1.0
4415154371,tarkka,2023,1,ennallaan,tuore_havainto,1.0,2010,95,1915,0,1.0
4415154442,tarkka,2023,20,ennallaan,tuore_havainto,1.0,2010,87,1923,0,1.0
4415154669,tarkka,2023,5,ennallaan,tuore_havainto,1.0,2010,61,1949,0,1.0
4415155434,tarkka,2023,1,ennallaan,tuore_havainto,1.0,2010,89,1921,0,1.0
4415155675,tarkka,2023,20,ennallaan,tuore_havainto,1.0,2010,73,1937,0,1.0
4415155874,tarkka,2023,10,ennallaan,tuore_havainto,1.0,2010,91,1919,0,0.33
4415156531,tarkka,2023,10,ennallaan,tuore_havainto,1.0,2010,90,1920,0,1.0
4415157155,tarkka,2023,10,ei_tietoa,ei_metsavaratietoa,,2010,,,0,0.0
4415158375,tarkka,2023,10,ennallaan,tuore_havainto,1.0,2010,98,1912,0,1.0
4415158706,tarkka,2023,10,ennallaan,tuore_havainto,1.0,2010,127,1883,0,1.0
4415160175,tarkka,2023,10,muuttunut,hakattu,1.0,2010,,,2,0.0
4415160750,tarkka,2023,10,ei_tietoa,ei_metsavaratietoa,,2010,,,0,0.0
4415161012,tarkka,2023,10,ennallaan,tuore_havainto,1.0,2010,117,1893,0,0.67
4415161424,tarkka,2023,2,ennallaan,tuore_havainto,1.0,2010,79,1931,0,1.0
4415162179,tarkka,2023,10,ennallaan,tuore_havainto,1.0,2010,109,1901,0,1.0
4415163181,tarkka,2023,10,ei_tietoa,ei_metsavaratietoa,,2010,,,0,0.0
4415163694,tarkka,2023,5,ennallaan,tuore_havainto,1.0,2010,83,1927,0,1.0
4415164664,tarkka,2023,5,muuttunut,hakattu,1.0,2010,97,1913,2,1.0
4415165431,tarkka,2023,200,ennallaan,tuore_havainto,1.0,2010,115,1895,0,0.89
4415165852,tarkka,2023,2,ennallaan,tuore_havainto,1.0,2010,119,1891,0,1.0
4415165859,tarkka,2023,10,ei_tietoa,ei_metsavaratietoa,,2010,,,0,0.0
4415166667,tarkka,2023,2,ennallaan,tuore_havainto,1.0,2010,120,1890,0,1.0
4415166819,tarkka,2023,1,ennallaan,tuore_havainto,1.0,2010,80,1930,0,1.0
4415166984,tarkka,2023,10,ennallaan,tuore_havainto,1.0,2010,90,1920,0,1.0
4415170128,tarkka,2023,10,muuttunut,hakattu,1.0,2010,,,2,0.0
4415170618,tarkka,2023,10,ei_tietoa,ei_metsavaratietoa,,2010,,,0,0.0
4415172515,tarkka,2023,1,ennallaan,tuore_havainto,1.0,2010,104,1906,0,1.0
4415173109,tarkka,2023,10,ennallaan,tuore_havainto,1.0,2010,96,1914,0,1.0
4415173628,tarkka,2023,10,ennallaan,tuore_havainto,1.0,2010,91,1919,2,1.0
4415174101,tarkka,2023,5,ennallaan,tuore_havainto,1.0,2010,114,1896,0,0.33
4415174167,tarkka,2023,5,muuttunut,hakattu,0.56,2010,150,1860,2,1.0
4415174676,summittainen,2023,707,ennallaan,tuore_havainto,1.0,2010,85,1925,0,0.89
4415174927,summittainen,2023,400,ennallaan,tuore_havainto,1.0,2010,101,1909,0,0.78
4415174986,tarkka,2023,20,ennallaan,tuore_havainto,1.0,2010,73,1937,0,1.0
4415175266,tarkka,2023,10,ennallaan,tuore_havainto,1.0,2010,37,1973,0,1.0
4415175288,tarkka,2023,10,ennallaan,tuore_havainto,1.0,2010,97,1913,0,1.0
4415175508,tarkka,2023,5,ennallaan,tuore_havainto,1.0,2010,86,1924,0,1.0
4415175727,tarkka,2023,10,muuttunut,hakattu,1.0,2010,111,1899,2,1.0
4415176967,tarkka,2023,10,ennallaan,tuore_havainto,1.0,2010,52,1958,0,1.0
4415177387,tarkka,2023,25,ennallaan,tuore_havainto,1.0,2010,104,1906,0,1.0
4415177391,tarkka,2023,10,ennallaan,tuore_havainto,1.0,2010,73,1937,0,1.0
4415179283,tarkka,2023,10,muuttunut,hakattu,0.5,2010,108,1902,2,0.67
4415179569,tarkka,2023,10,ennallaan,tuore_havainto,1.0,2010,91,1919,2,1.0
4415179688,tarkka,2023,25,ennallaan,tuore_havainto,1.0,2010,97,1913,0,1.0
4415180058,tarkka,2023,5,ennallaan,tuore_havainto,1.0,2010,63,1947,0,1.0
4415180533,tarkka,2023,5,ennallaan,tuore_havainto,1.0,2010,74,1936,0,1.0
4415185524,tarkka,2023,10,epavarma,hakkuuaikomus,1.0,2010,,,1,0.0
4415185875,tarkka,2023,10,ennallaan,tuore_havainto,1.0,2010,51,1959,0,1.0
4415186228,tarkka,2023,10,ennallaan,tuore_havainto,1.0,2010,89,1921,0,1.0
4415188356,tarkka,2023,10,ennallaan,tuore_havainto,1.0,2010,87,1923,0,1.0
4415188440,tarkka,2023,10,epavarma,hakkuuaikomus,0.75,2010,81,1929,1,0.33
4415188492,tarkka,2023,10,muuttunut,hakattu,1.0,2010,,,2,0.0
4415190465,tarkka,2023,10,ennallaan,tuore_havainto,1.0,2010,8,2002,0,1.0
4415190536,tarkka,2023,10,ennallaan,tuore_havainto,1.0,2010,96,1914,0,1.0
4415190548,tarkka,2023,2,ennallaan,tuore_havainto,1.0,2010,112,1898,0,1.0
4415190583,tarkka,2023,10,ei_tietoa,ei_metsavaratietoa,,2010,,,0,0.0
4415194352,tarkka,2023,2,ennallaan,tuore_havainto,1.0,2010,124,1886,0,1.0
4415194368,tarkka,2023,2,ennallaan,tuore_havainto,1.0,2010,105,1905,0,1.0
4415195857,tarkka,2023,10,ennallaan,tuore_havainto,1.0,2010,40,1970,0,1.0
4415196944,tarkka,2023,10,ennallaan,tuore_havainto,1.0,2010,52,1958,0,0.78
4415197096,tarkka,2023,10,ennallaan,tuore_havainto,1.0,2010,44,1966,0,1.0
4415199469,tarkka,2023,10,ennallaan,tuore_havainto,1.0,2010,108,1902,0,1.0
4415199804,tarkka,2023,5,ennallaan,tuore_havainto,1.0,2010,98,1912,0,1.0
4415200360,tarkka,2023,10,ennallaan,tuore_havainto,1.0,2010,76,1934,0,1.0
4415200375,tarkka,2023,5,ennallaan,tuore_havainto,1.0,2010,67,1943,0,1.0
4415202035,tarkka,2023,28,ennallaan,tuore_havainto,1.0,2010,112,1898,0,1.0
4415202507,tarkka,2023,10,ennallaan,tuore_havainto,1.0,2010,88,1922,0,1.0
4415202508,tarkka,2023,10,ennallaan,tuore_havainto,1.0,2010,81,1929,0,1.0
4415203430,tarkka,2023,10,ennallaan,tuore_havainto,1.0,2010,81,1929,0,1.0
4415207249,tarkka,2023,10,ei_tietoa,ei_metsavaratietoa,,2010,,,0,0.0
4415207321,tarkka,2023,10,ennallaan,tuore_havainto,1.0,2010,77,1933,0,0.89
4415210465,tarkka,2023,10,epavarma,hakkuuaikomus,1.0,2010,97,1913,1,1.0
4415211827,tarkka,2023,10,ennallaan,tuore_havainto,1.0,2010,94,1916,0,1.0
4415213706,tarkka,2023,10,ennallaan,tuore_havainto,1.0,2010,110,1900,0,1.0
4415215577,tarkka,2023,10,ennallaan,tuore_havainto,1.0,2010,78,1932,0,1.0
4415215972,tarkka,2023,50,ennallaan,tuore_havainto,1.0,2010,94,1916,0,1.0
4415216037,tarkka,2023,10,ennallaan,tuore_havainto,1.0,2010,106,1904,0,1.0
4415217635,tarkka,2023,10,ennallaan,tuore_havainto,1.0,2010,82,1928,0,1.0
4415219693,tarkka,2023,10,ennallaan,tuore_havainto,1.0,2010,78,1932,0,1.0
4415220377,tarkka,2023,10,ennallaan,tuore_havainto,1.0,2010,81,1929,0,1.0
4415220510,tarkka,2023,10,muuttunut,hakattu,1.0,2010,,,2,0.0
4415220511,tarkka,2023,10,ei_tietoa,ei_metsavaratietoa,,2010,,,0,0.0
4415220515,tarkka,2023,10,epavarma,hakkuuaikomus,1.0,2010,,,1,0.0
4415221518,tarkka,2023,5,ennallaan,tuore_havainto,1.0,2010,134,1876,0,1.0
4415222411,tarkka,2023,10,ennallaan,tuore_havainto,1.0,2010,52,1958,0,1.0
4415226474,tarkka,2023,10,ei_tietoa,ei_metsavaratietoa,,2010,,,0,0.0
4415227442,tarkka,2023,10,epavarma,hakkuuaikomus,1.0,2010,120,1890,1,1.0
4415229339,tarkka,2023,10,ennallaan,tuore_havainto,1.0,2010,91,1919,0,1.0
4415229483,tarkka,2023,10,ennallaan,tuore_havainto,1.0,2010,107,1903,0,1.0
4415230378,tarkka,2023,2,ennallaan,tuore_havainto,1.0,2010,139,1871,0,1.0
4415230432,tarkka,2023,10,ei_tietoa,ei_metsavaratietoa,,2010,,,2,0.0
4415231329,tarkka,2023,2,ennallaan,tuore_havainto,1.0,2010,133,1877,0,1.0
4415234448,tarkka,2023,10,ennallaan,tuore_havainto,1.0,2010,97,1913,0,1.0
4415236011,tarkka,2023,20,ennallaan,tuore_havainto,1.0,2010,95,1915,0,1.0
4415239157,tarkka,2023,10,ennallaan,tuore_havainto,1.0,2010,79,1931,0,1.0
4415240308,tarkka,2023,10,muuttunut,hakattu,1.0,2010,,,2,0.0
4415241106,summittainen,2023,1000,ennallaan,tuore_havainto,1.0,2010,57,1953,2,0.89
4415246682,tarkka,2023,5,ennallaan,tuore_havainto,1.0,2010,113,1897,0,1.0
4415250400,tarkka,2023,10,ennallaan,tuore_havainto,1.0,2010,131,1879,0,1.0
4415251329,tarkka,2023,20,ennallaan,tuore_havainto,1.0,2010,79,1931,0,1.0
4415252357,tarkka,2023,10,ei_tietoa,ei_metsavaratietoa,,2010,,,0,0.0
4415252360,tarkka,2023,10,ei_tietoa,ei_metsavaratietoa,,2010,,,0,0.0
4415252361,tarkka,2023,10,ei_tietoa,ei_metsavaratietoa,,2010,,,2,0.0
4415252836,tarkka,2023,10,epavarma,hakkuuaikomus,0.75,2010,124,1886,1,0.89
4415254165,tarkka,2023,200,ennallaan,tuore_havainto,1.0,2010,107,1903,0,0.22
4415256569,tarkka,2023,10,ennallaan,tuore_havainto,1.0,2010,108,1902,0,1.0
4415259410,tarkka,2023,10,epavarma,osa_alueesta_hakattu,0.25,2010,108,1902,2,0.89
4415260339,tarkka,2023,5,ennallaan,tuore_havainto,1.0,2010,92,1918,0,1.0
4415261537,tarkka,2023,5,ennallaan,tuore_havainto,1.0,2010,66,1944,2,1.0
4415261647,tarkka,2023,10,ennallaan,tuore_havainto,1.0,2010,97,1913,0,1.0
4415262782,tarkka,2023,10,ennallaan,tuore_havainto,1.0,2010,91,1919,0,1.0
4415268305,tarkka,2023,10,ei_tietoa,ei_metsavaratietoa,,2010,,,0,0.0
4415269192,tarkka,2023,10,ennallaan,tuore_havainto,1.0,2010,78,1932,0,1.0
4415270475,tarkka,2023,10,ennallaan,tuore_havainto,1.0,2010,76,1934,0,1.0
4415271039,tarkka,2023,20,ennallaan,tuore_havainto,1.0,2010,66,1944,0,1.0
4415274552,tarkka,2023,10,ennallaan,tuore_havainto,1.0,2010,89,1921,0,1.0
4415275487,tarkka,2023,1,ei_tietoa,ei_metsavaratietoa,,2010,,,0,0.0
4415276412,tarkka,2023,10,ennallaan,tuore_havainto,1.0,2010,109,1901,0,1.0
4415276503,tarkka,2023,10,ennallaan,tuore_havainto,1.0,2010,122,1888,0,1.0
4415276572,tarkka,2023,10,muuttunut,hakattu,1.0,2010,,,2,0.0
4415281602,tarkka,2023,10,ennallaan,tuore_havainto,0.67,2010,92,1918,1,0.67
4415282361,tarkka,2023,25,ennallaan,tuore_havainto,0.89,2010,87,1923,1,1.0
4415284110,tarkka,2023,25,ennallaan,tuore_havainto,1.0,2010,63,1947,0,1.0
4415284711,tarkka,2023,10,ennallaan,tuore_havainto,1.0,2010,72,1938,0,1.0
4415285954,tarkka,2023,10,ennallaan,tuore_havainto,1.0,2010,157,1853,0,1.0
4415287524,tarkka,2023,10,ennallaan,tuore_havainto,1.0,2010,45,1965,0,1.0
4415287963,tarkka,2023,20,ennallaan,tuore_havainto,1.0,2010,44,1966,0,1.0
4415289489,tarkka,2023,100,ennallaan,tuore_havainto,1.0,2010,103,1907,2,1.0
4415289691,tarkka,2023,10,ennallaan,tuore_havainto,1.0,2010,36,1974,0,1.0
4415291654,tarkka,2023,10,epavarma,hakkuuaikomus,1.0,2010,,,1,0.0
4415292369,tarkka,2023,10,ennallaan,tuore_havainto,1.0,2010,98,1912,0,1.0
4415292444,tarkka,2023,10,ennallaan,tuore_havainto,1.0,2010,96,1914,0,0.67
4415294529,tarkka,2023,10,muuttunut,hakattu,0.56,2010,108,1902,2,1.0
4415295616,tarkka,2023,5,ennallaan,tuore_havainto,1.0,2010,67,1943,0,1.0
4415297044,tarkka,2023,10,ennallaan,tuore_havainto,1.0,2010,82,1928,0,1.0
4415297302,tarkka,2023,2,ennallaan,tuore_havainto,1.0,2010,131,1879,0,1.0
4415298372,tarkka,2023,10,muuttunut,hakattu,1.0,2010,,,2,0.0
4415298376,tarkka,2023,10,ei_tietoa,ei_metsavaratietoa,,2010,,,0,0.0
4415298455,tarkka,2023,200,ennallaan,tuore_havainto,1.0,2010,68,1942,0,1.0
4415299402,tarkka,2023,10,ei_tietoa,ei_metsavaratietoa,,2010,,,0,0.0
4415300065,tarkka,2023,10,ennallaan,tuore_havainto,1.0,2010,81,1929,0,1.0
4415300553,tarkka,2023,2,ennallaan,tuore_havainto,1.0,2010,62,1948,0,1.0
4415300599,tarkka,2023,10,ei_tietoa,ei_metsavaratietoa,,2010,,,0,0.0
4415300602,tarkka,2023,10,epavarma,hakkuuaikomus,1.0,2010,,,1,0.0
4415303718,tarkka,2023,10,ennallaan,tuore_havainto,1.0,2010,107,1903,0,1.0
4415303824,tarkka,2023,10,ennallaan,tuore_havainto,1.0,2010,90,1920,0,1.0
4415305471,tarkka,2023,5,ennallaan,tuore_havainto,1.0,2010,80,1930,0,1.0
4415306601,tarkka,2023,10,ennallaan,tuore_havainto,1.0,2010,73,1937,0,1.0
4415308482,tarkka,2023,10,ennallaan,tuore_havainto,0.86,2010,143,1867,1,0.78
4415311330,tarkka,2023,10,ennallaan,tuore_havainto,1.0,2010,95,1915,0,1.0
4415311332,tarkka,2023,10,ennallaan,tuore_havainto,1.0,2010,81,1929,0,1.0
4415312315,tarkka,2023,2,ennallaan,tuore_havainto,1.0,2010,115,1895,0,1.0
4415312692,tarkka,2023,10,ennallaan,tuore_havainto,1.0,2010,64,1946,0,1.0
4415314417,tarkka,2023,10,ennallaan,tuore_havainto,1.0,2010,95,1915,0,0.67
4415314436,tarkka,2023,2,ennallaan,tuore_havainto,1.0,2010,108,1902,0,1.0
4415315305,tarkka,2023,10,ei_tietoa,ei_metsavaratietoa,,2010,,,2,0.0
4415316586,summittainen,2023,500,ennallaan,tuore_havainto,0.78,2010,86,1924,1,1.0
4415316657,tarkka,2023,10,ennallaan,tuore_havainto,1.0,2010,88,1922,0,1.0
4415318514,tarkka,2023,30,ennallaan,tuore_havainto,1.0,2010,96,1914,0,1.0
4415319510,tarkka,2023,25,ennallaan,tuore_havainto,1.0,2010,102,1908,0,1.0
4415319697,tarkka,2023,25,ennallaan,tuore_havainto,1.0,2010,63,1947,0,1.0
4415320865,tarkka,2023,10,ennallaan,tuore_havainto,1.0,2010,72,1938,0,1.0
4415321678,tarkka,2023,10,epavarma,osa_alueesta_hakattu,0.22,2010,121,1889,2,1.0
4415322379,tarkka,2023,10,ei_tietoa,ei_metsavaratietoa,,2010,,,0,0.0
4415323375,tarkka,2023,10,ennallaan,tuore_havainto,1.0,2010,82,1928,0,1.0
4415323505,tarkka,2023,10,muuttunut,hakattu,0.78,2010,,,2,0.0
4415323626,tarkka,2023,2,ennallaan,tuore_havainto,1.0,2010,105,1905,0,1.0
4415325564,tarkka,2023,10,ennallaan,tuore_havainto,1.0,2010,91,1919,0,1.0
4415325651,tarkka,2023,5,ennallaan,tuore_havainto,1.0,2010,71,1939,0,1.0
4415326133,tarkka,2023,10,ennallaan,tuore_havainto,1.0,2010,91,1919,0,1.0
4415329409,tarkka,2023,10,muuttunut,hakattu,1.0,2010,,,2,0.0
4415329970,tarkka,2023,10,ennallaan,tuore_havainto,1.0,2010,76,1934,0,0.89
4415331482,tarkka,2023,10,ennallaan,tuore_havainto,1.0,2010,109,1901,0,1.0
4415331483,tarkka,2023,10,ennallaan,tuore_havainto,1.0,2010,88,1922,0,1.0
4415331620,tarkka,2023,10,epavarma,hakkuuaikomus,1.0,2010,,,1,0.0
4415332546,tarkka,2023,5,muuttunut,hakattu,1.0,2010,103,1907,2,1.0
4415334680,tarkka,2023,2,ennallaan,tuore_havainto,1.0,2010,121,1889,0,1.0
4415337829,tarkka,2023,10,ennallaan,tuore_havainto,1.0,2010,78,1932,0,1.0
4415340625,tarkka,2023,10,ennallaan,tuore_havainto,1.0,2010,148,1862,0,0.22
4415342348,tarkka,2023,10,ennallaan,tuore_havainto,1.0,2010,87,1923,0,0.33
4415342767,tarkka,2023,25,ennallaan,tuore_havainto,1.0,2010,113,1897,0,1.0
4415343436,tarkka,2023,5,muuttunut,hakattu,1.0,2010,103,1907,2,1.0
4415345721,tarkka,2023,25,ennallaan,tuore_havainto,1.0,2010,68,1942,0,0.44
4415345828,tarkka,2023,10,ennallaan,tuore_havainto,1.0,2010,55,1955,0,1.0
4415346828,tarkka,2023,1,ennallaan,tuore_havainto,1.0,2010,69,1941,0,0.67
4415347226,tarkka,2023,25,ennallaan,tuore_havainto,1.0,2010,93,1917,0,1.0
4415347321,tarkka,2023,2,ennallaan,tuore_havainto,1.0,2010,90,1920,0,1.0
4415347354,tarkka,2023,10,ennallaan,tuore_havainto,1.0,2010,95,1915,0,0.44
4415347392,tarkka,2023,10,ei_tietoa,ei_metsavaratietoa,,2010,,,2,0.0
4415347524,tarkka,2023,200,ennallaan,tuore_havainto,1.0,2010,38,1972,0,1.0
4415349141,tarkka,2023,20,ennallaan,tuore_havainto,1.0,2010,66,1944,0,1.0
4415353465,tarkka,2023,10,epavarma,hakkuuaikomus,1.0,2010,114,1896,1,0.89
4415357392,tarkka,2023,10,ennallaan,tuore_havainto,1.0,2010,96,1914,0,1.0
4415357585,tarkka,2023,10,ennallaan,tuore_havainto,1.0,2010,80,1930,0,1.0
4415360434,tarkka,2023,5,ennallaan,tuore_havainto,1.0,2010,72,1938,0,1.0
4415361423,tarkka,2023,25,ennallaan,tuore_havainto,1.0,2010,56,1954,0,0.67
4415362754,tarkka,2023,10,ennallaan,tuore_havainto,1.0,2010,69,1941,0,1.0
4415365361,tarkka,2023,10,ennallaan,tuore_havainto,1.0,2010,125,1885,0,1.0
4415365431,tarkka,2023,10,ennallaan,tuore_havainto,1.0,2010,72,1938,0,1.0
4415370696,tarkka,2023,5,ennallaan,tuore_havainto,1.0,2010,109,1901,2,1.0
4415371763,tarkka,2023,10,ennallaan,tuore_havainto,1.0,2010,117,1893,0,0.67
4415372391,tarkka,2023,10,ennallaan,tuore_havainto,1.0,2010,101,1909,0,0.22
4415372426,tarkka,2023,10,epavarma,hakkuuaikomus,1.0,2010,,,1,0.0
4415373338,tarkka,2023,10,ei_tietoa,ei_metsavaratietoa,,2010,,,0,0.0
4415373339,tarkka,2023,10,ei_tietoa,ei_metsavaratietoa,,2010,,,2,0.0
4415376446,tarkka,2023,10,ennallaan,tuore_havainto,1.0,2010,123,1887,0,1.0
4415377556,tarkka,2023,10,ennallaan,tuore_havainto,1.0,2010,110,1900,0,0.67
4415377619,tarkka,2023,10,ei_tietoa,ei_metsavaratietoa,,2010,,,0,0.0
4415377621,tarkka,2023,10,ei_tietoa,ei_metsavaratietoa,,2010,,,0,0.0
4415378452,tarkka,2023,5,ennallaan,tuore_havainto,1.0,2010,83,1927,0,1.0
4415379328,tarkka,2023,10,ennallaan,tuore_havainto,1.0,2010,112,1898,0,1.0
4415396302,tarkka,2023,10,ennallaan,tuore_havainto,1.0,2010,79,1931,0,1.0
4415424319,tarkka,2023,10,ennallaan,tuore_havainto,1.0,2010,52,1958,0,1.0
4418024759,tarkka,2023,10,ennallaan,tuore_havainto,1.0,2010,65,1945,0,1.0
4418027473,tarkka,2023,10,ennallaan,tuore_havainto,1.0,2010,86,1924,0,1.0
4418033527,tarkka,2023,5,ennallaan,tuore_havainto,1.0,2010,149,1861,2,1.0
4418035486,tarkka,2023,5,ennallaan,tuore_havainto,1.0,2010,119,1891,0,1.0
4418036584,tarkka,2023,10,ennallaan,tuore_havainto,1.0,2010,104,1906,0,1.0
4418037586,tarkka,2023,5,ennallaan,tuore_havainto,1.0,2010,150,1860,0,0.22
4418038926,tarkka,2023,10,ennallaan,tuore_havainto,1.0,2010,95,1915,0,1.0
4418039972,tarkka,2023,10,muuttunut,hakattu,1.0,2010,102,1908,2,1.0
4418040520,tarkka,2023,5,ennallaan,tuore_havainto,1.0,2010,116,1894,2,1.0
4418044638,tarkka,2023,5,ennallaan,tuore_havainto,1.0,2010,101,1909,0,1.0
4418050680,tarkka,2023,5,ennallaan,tuore_havainto,1.0,2010,79,1931,0,1.0
4418064800,tarkka,2023,5,ennallaan,tuore_havainto,1.0,2010,89,1921,0,1.0
4418065774,tarkka,2023,5,ennallaan,tuore_havainto,1.0,2010,68,1942,0,0.67
4418065775,tarkka,2023,5,ennallaan,tuore_havainto,1.0,2010,112,1898,0,1.0
4418073834,tarkka,2023,10,ennallaan,tuore_havainto,1.0,2010,104,1906,0,1.0
4418083632,tarkka,2023,10,ennallaan,tuore_havainto,1.0,2010,120,1890,0,1.0
4418085781,tarkka,2023,10,ennallaan,tuore_havainto,1.0,2010,78,1932,0,0.56
4418093614,tarkka,2023,10,ennallaan,tuore_havainto,1.0,2010,53,1957,0,1.0
4418095921,tarkka,2023,5,ennallaan,tuore_havainto,1.0,2010,120,1890,0,1.0
4418098690,tarkka,2023,5,ennallaan,tuore_havainto,1.0,2010,86,1924,0,1.0
4418099372,tarkka,2023,25,ennallaan,tuore_havainto,1.0,2010,110,1900,0,1.0
4418103551,tarkka,2023,5,ennallaan,tuore_havainto,1.0,2010,101,1909,0,1.0
4418108673,tarkka,2023,5,ennallaan,tuore_havainto,1.0,2010,50,1960,0,1.0
4418125339,tarkka,2023,25,ennallaan,tuore_havainto,1.0,2010,88,1922,0,1.0
4418127761,tarkka,2023,5,ennallaan,tuore_havainto,1.0,2010,61,1949,0,1.0
4418130538,tarkka,2023,1,ennallaan,tuore_havainto,1.0,2010,112,1898,0,1.0
4418133707,tarkka,2023,5,ennallaan,tuore_havainto,1.0,2010,118,1892,0,1.0
4418135711,tarkka,2023,10,muuttunut,hakattu,0.56,2010,109,1901,2,1.0
4418146490,tarkka,2023,5,ennallaan,tuore_havainto,1.0,2010,103,1907,0,1.0
4418147925,tarkka,2023,10,epavarma,hakkuuaikomus,1.0,2010,88,1922,1,1.0
4418153873,tarkka,2023,5,ennallaan,tuore_havainto,1.0,2010,106,1904,0,1.0
4418155530,tarkka,2023,10,ennallaan,tuore_havainto,1.0,2010,92,1918,0,1.0
4418160520,tarkka,2023,25,ennallaan,tuore_havainto,1.0,2010,85,1925,0,0.78
4418164537,tarkka,2023,10,ennallaan,tuore_havainto,1.0,2010,83,1927,0,1.0
4418168990,tarkka,2023,25,ennallaan,tuore_havainto,1.0,2010,100,1910,0,1.0
4418185696,tarkka,2023,10,ennallaan,tuore_havainto,1.0,2010,77,1933,0,1.0
4418186821,tarkka,2023,10,ennallaan,tuore_havainto,1.0,2010,107,1903,0,1.0
4418187688,tarkka,2023,5,ennallaan,tuore_havainto,1.0,2010,77,1933,0,0.22
4418188335,tarkka,2023,50,ennallaan,tuore_havainto,1.0,2010,116,1894,0,1.0
4418188658,tarkka,2023,10,ennallaan,tuore_havainto,1.0,2010,111,1899,0,1.0
4418189900,tarkka,2023,10,ennallaan,tuore_havainto,1.0,2010,119,1891,0,1.0
4418189989,tarkka,2023,10,muuttunut,hakattu,0.78,2010,103,1907,2,1.0
4418201884,tarkka,2023,10,ennallaan,tuore_havainto,1.0,2010,82,1928,0,1.0
4418202825,tarkka,2023,10,ennallaan,tuore_havainto,1.0,2010,78,1932,0,1.0
4418208848,tarkka,2023,5,ennallaan,tuore_havainto,1.0,2010,106,1904,0,1.0
4418210804,tarkka,2023,10,ennallaan,tuore_havainto,1.0,2010,84,1926,0,1.0
4418211510,tarkka,2023,10,ennallaan,tuore_havainto,1.0,2010,91,1919,0,1.0
4418216715,tarkka,2023,5,ennallaan,tuore_havainto,1.0,2010,123,1887,0,1.0
4418216716,tarkka,2023,5,ennallaan,tuore_havainto,1.0,2010,87,1923,2,1.0
4418218522,tarkka,2023,10,ennallaan,tuore_havainto,1.0,2010,77,1933,0,1.0
4418220515,tarkka,2023,25,ennallaan,tuore_havainto,1.0,2010,97,1913,0,1.0
4418227701,tarkka,2023,10,ennallaan,tuore_havainto,0.78,2010,89,1921,1,1.0
4418227846,tarkka,2023,10,ennallaan,tuore_havainto,1.0,2010,106,1904,0,1.0
4418229855,tarkka,2023,10,ennallaan,tuore_havainto,1.0,2010,93,1917,0,1.0
4418233683,tarkka,2023,5,ennallaan,tuore_havainto,1.0,2010,116,1894,2,1.0
4418246375,tarkka,2023,20,ennallaan,tuore_havainto,1.0,2010,118,1892,0,0.22
4418246768,tarkka,2023,10,ennallaan,tuore_havainto,1.0,2010,74,1936,0,1.0
4418248472,tarkka,2023,5,ennallaan,tuore_havainto,1.0,2010,88,1922,0,1.0
4418258753,tarkka,2023,5,ennallaan,tuore_havainto,1.0,2010,118,1892,0,1.0
4418274529,tarkka,2023,10,ennallaan,tuore_havainto,1.0,2010,92,1918,0,1.0
4418278714,tarkka,2023,10,ennallaan,tuore_havainto,1.0,2010,89,1921,0,1.0
4418279369,tarkka,2023,10,ennallaan,tuore_havainto,1.0,2010,72,1938,2,1.0
4418282356,tarkka,2023,5,ennallaan,tuore_havainto,1.0,2010,90,1920,0,0.33
4418287953,tarkka,2023,10,ennallaan,tuore_havainto,1.0,2010,106,1904,0,1.0
4418290527,tarkka,2023,20,ennallaan,tuore_havainto,1.0,2010,101,1909,0,1.0
4418292698,tarkka,2023,10,ennallaan,tuore_havainto,1.0,2010,108,1902,0,1.0
4418301589,tarkka,2023,10,ennallaan,tuore_havainto,1.0,2010,106,1904,0,1.0
4418323817,tarkka,2023,10,ennallaan,tuore_havainto,1.0,2010,81,1929,0,1.0
4418328434,tarkka,2023,5,ennallaan,tuore_havainto,1.0,2010,82,1928,2,1.0
4418331673,tarkka,2023,10,ennallaan,tuore_havainto,1.0,2010,99,1911,0,1.0
4418333730,tarkka,2023,10,ennallaan,tuore_havainto,1.0,2010,98,1912,0,1.0
4421862384,tarkka,2023,10,ennallaan,tuore_havainto,1.0,2010,76,1934,0,1.0
4421869349,tarkka,2023,10,muuttunut,hakattu,0.67,2010,140,1870,2,1.0
4421872380,tarkka,2023,10,ennallaan,tuore_havainto,1.0,2010,87,1923,0,1.0
4421874372,tarkka,2023,10,ennallaan,tuore_havainto,1.0,2010,148,1862,0,1.0
4421884714,tarkka,2023,10,epavarma,hakkuuaikomus,1.0,2010,116,1894,1,1.0
4421888391,tarkka,2023,10,ennallaan,tuore_havainto,1.0,2010,85,1925,0,1.0
4421888446,tarkka,2023,10,ennallaan,tuore_havainto,1.0,2010,80,1930,0,1.0
4421889353,tarkka,2023,10,ennallaan,tuore_havainto,1.0,2010,152,1858,0,1.0
4421892308,tarkka,2023,10,ennallaan,tuore_havainto,1.0,2010,60,1950,0,0.33
4421893393,tarkka,2023,10,ennallaan,tuore_havainto,1.0,2010,111,1899,0,1.0
4421907423,tarkka,2023,10,ennallaan,tuore_havainto,1.0,2010,104,1906,0,1.0
4421908541,tarkka,2023,30,ennallaan,tuore_havainto,1.0,2010,93,1917,0,1.0
4421926395,tarkka,2023,10,ennallaan,tuore_havainto,1.0,2010,116,1894,0,0.89
4421931443,tarkka,2023,10,ennallaan,tuore_havainto,1.0,2010,80,1930,0,1.0
4421933324,tarkka,2023,10,ennallaan,tuore_havainto,1.0,2010,109,1901,0,1.0
4421935343,tarkka,2023,10,ennallaan,tuore_havainto,1.0,2010,168,1842,0,1.0
4421936370,tarkka,2023,10,ennallaan,tuore_havainto,1.0,2010,91,1919,0,1.0
4421940351,tarkka,2023,10,ennallaan,tuore_havainto,1.0,2010,96,1914,0,1.0
4421947447,tarkka,2023,10,ennallaan,tuore_havainto,1.0,2010,107,1903,0,0.89
4421956361,tarkka,2023,10,ennallaan,tuore_havainto,1.0,2010,91,1919,0,1.0
4421956567,tarkka,2023,10,ennallaan,tuore_havainto,1.0,2010,77,1933,0,1.0
4421963392,tarkka,2023,10,ennallaan,tuore_havainto,1.0,2010,127,1883,0,1.0
4421966639,tarkka,2023,10,ennallaan,tuore_havainto,1.0,2010,89,1921,0,1.0
4421977456,tarkka,2023,10,ennallaan,tuore_havainto,1.0,2010,61,1949,0,1.0
4421977532,tarkka,2023,10,ennallaan,tuore_havainto,1.0,2010,104,1906,0,1.0
4421985401,tarkka,2023,10,ennallaan,tuore_havainto,1.0,2010,112,1898,0,1.0
4421989629,tarkka,2023,10,ennallaan,tuore_havainto,1.0,2010,113,1897,0,1.0
4421993200,tarkka,2023,10,ennallaan,tuore_havainto,1.0,2010,39,1971,0,0.56
4421996348,tarkka,2023,10,muuttunut,hakattu,0.67,2010,141,1869,2,1.0
4422027337,tarkka,2023,10,ennallaan,tuore_havainto,1.0,2010,93,1917,0,1.0
4422029547,tarkka,2023,10,ennallaan,tuore_havainto,1.0,2010,88,1922,0,1.0
4422041566,tarkka,2023,10,ennallaan,tuore_havainto,1.0,2010,72,1938,2,1.0
4422046452,tarkka,2023,10,ennallaan,tuore_havainto,1.0,2010,89,1921,0,1.0
4422049553,tarkka,2023,10,ennallaan,tuore_havainto,1.0,2010,78,1932,0,1.0
4422057358,tarkka,2023,10,epavarma,osa_alueesta_hakattu,0.44,2010,134,1876,2,1.0
4422058388,tarkka,2023,10,ennallaan,tuore_havainto,1.0,2010,85,1925,0,1.0
4422059473,tarkka,2023,10,ennallaan,tuore_havainto,1.0,2010,71,1939,0,1.0
4422065380,tarkka,2023,10,ennallaan,tuore_havainto,1.0,2010,87,1923,0,1.0
4422071608,tarkka,2023,5,ennallaan,tuore_havainto,1.0,2010,97,1913,0,1.0
4422073451,tarkka,2023,10,ennallaan,tuore_havainto,1.0,2010,85,1925,0,1.0
4422078478,tarkka,2023,10,ennallaan,tuore_havainto,1.0,2010,89,1921,0,1.0
4422084402,tarkka,2023,10,ennallaan,tuore_havainto,1.0,2010,94,1916,0,1.0
4422088352,tarkka,2023,10,ennallaan,tuore_havainto,1.0,2010,117,1893,0,1.0
4422096381,tarkka,2023,10,ennallaan,tuore_havainto,1.0,2010,109,1901,0,1.0
4422097387,tarkka,2023,10,ennallaan,tuore_havainto,1.0,2010,95,1915,0,1.0
4422097449,tarkka,2023,10,ennallaan,tuore_havainto,1.0,2010,85,1925,0,1.0
4422098408,tarkka,2023,10,ennallaan,tuore_havainto,1.0,2010,98,1912,0,1.0
4422103516,tarkka,2023,10,ennallaan,tuore_havainto,1.0,2010,98,1912,0,1.0
4422138466,tarkka,2023,10,ennallaan,tuore_havainto,1.0,2010,97,1913,0,1.0
4422140453,tarkka,2023,10,ennallaan,tuore_havainto,1.0,2010,103,1907,0,1.0
4422142405,tarkka,2023,10,ennallaan,tuore_havainto,1.0,2010,97,1913,0,1.0
4422142566,tarkka,2023,5,ennallaan,tuore_havainto,1.0,2010,109,1901,0,1.0
4422147321,tarkka,2023,10,ennallaan,tuore_havainto,1.0,2010,124,1886,0,1.0
4422148479,tarkka,2023,10,ennallaan,tuore_havainto,1.0,2010,87,1923,2,1.0
4422148593,tarkka,2023,5,ennallaan,tuore_havainto,1.0,2010,86,1924,0,1.0
4422153757,tarkka,2023,25,ennallaan,tuore_havainto,1.0,2010,105,1905,0,1.0
4422160601,tarkka,2023,15,ennallaan,tuore_havainto,1.0,2010,112,1898,0,1.0
4422166601,tarkka,2023,10,ennallaan,tuore_havainto,1.0,2010,107,1903,0,1.0
4426267376,tarkka,2023,10,ei_tietoa,ei_metsavaratietoa,,2010,,,0,0.0
4428841728,tarkka,2023,10,ennallaan,tuore_havainto,1.0,2010,106,1904,0,1.0
4428842696,tarkka,2023,10,ennallaan,tuore_havainto,1.0,2010,60,1950,2,1.0
4428843706,tarkka,2023,10,ennallaan,tuore_havainto,1.0,2010,122,1888,0,1.0
4428844694,tarkka,2023,10,ennallaan,tuore_havainto,1.0,2010,122,1888,0,1.0
4428845723,tarkka,2023,10,ennallaan,tuore_havainto,1.0,2010,89,1921,0,1.0
4428848725,tarkka,2023,10,ennallaan,tuore_havainto,1.0,2010,128,1882,0,1.0
4428849693,tarkka,2023,10,ennallaan,tuore_havainto,1.0,2010,81,1929,2,1.0
4428854714,tarkka,2023,10,ei_tietoa,ei_metsavaratietoa,,2010,,,0,0.0
4428854715,tarkka,2023,10,ennallaan,tuore_havainto,1.0,2010,70,1940,2,0.56
4428859733,tarkka,2023,10,ennallaan,tuore_havainto,1.0,2010,66,1944,0,1.0
4428859734,tarkka,2023,10,ennallaan,tuore_havainto,1.0,2010,106,1904,0,0.89
4428861729,tarkka,2023,10,ennallaan,tuore_havainto,1.0,2010,0,2010,2,1.0
4428863681,tarkka,2023,10,ennallaan,tuore_havainto,1.0,2010,39,1971,0,1.0
4428865305,tarkka,2023,10,ennallaan,tuore_havainto,1.0,2010,114,1896,0,1.0
4428867706,tarkka,2023,10,ennallaan,tuore_havainto,1.0,2010,87,1923,0,1.0
4428869682,tarkka,2023,10,ei_tietoa,ei_metsavaratietoa,,2010,,,0,0.0
4428871303,tarkka,2023,10,ennallaan,tuore_havainto,1.0,2010,165,1845,0,0.33
4428872740,tarkka,2023,10,ennallaan,tuore_havainto,1.0,2010,91,1919,0,1.0
4428874718,tarkka,2023,10,ennallaan,tuore_havainto,1.0,2010,112,1898,0,1.0
4428876701,tarkka,2023,10,ennallaan,tuore_havainto,1.0,2010,106,1904,0,1.0
4428877677,tarkka,2023,10,ennallaan,tuore_havainto,1.0,2010,99,1911,0,1.0
4428878677,tarkka,2023,10,ennallaan,tuore_havainto,1.0,2010,102,1908,0,1.0
4428880728,tarkka,2023,10,ennallaan,tuore_havainto,1.0,2010,115,1895,0,1.0
4428884705,tarkka,2023,10,ennallaan,tuore_havainto,1.0,2010,87,1923,2,1.0
4428886710,tarkka,2023,10,ennallaan,tuore_havainto,1.0,2010,119,1891,0,0.67
4428886711,tarkka,2023,10,ennallaan,tuore_havainto,1.0,2010,96,1914,0,1.0
4428890686,tarkka,2023,10,ennallaan,tuore_havainto,1.0,2010,147,1863,0,0.44
4428891687,tarkka,2023,10,ennallaan,tuore_havainto,1.0,2010,103,1907,0,1.0
4428892677,tarkka,2023,5,ennallaan,tuore_havainto,1.0,2010,90,1920,0,1.0
4428894684,tarkka,2023,10,ennallaan,tuore_havainto,1.0,2010,106,1904,0,1.0
4428896697,tarkka,2023,10,ennallaan,tuore_havainto,1.0,2010,96,1914,2,1.0
4428900690,tarkka,2023,10,ennallaan,tuore_havainto,1.0,2010,105,1905,0,0.78
4428901305,tarkka,2023,10,ennallaan,tuore_havainto,1.0,2010,123,1887,0,1.0
4428902703,tarkka,2023,10,ennallaan,tuore_havainto,1.0,2010,114,1896,0,1.0
4428905695,tarkka,2023,10,ennallaan,tuore_havainto,1.0,2010,120,1890,0,1.0
4428905696,tarkka,2023,10,ennallaan,tuore_havainto,1.0,2010,116,1894,2,1.0
4428907586,tarkka,2023,10,muuttunut,hakattu,0.78,2010,93,1917,2,1.0
4428907714,tarkka,2023,10,ennallaan,tuore_havainto,1.0,2010,107,1903,0,1.0
4428909306,tarkka,2023,10,ennallaan,tuore_havainto,1.0,2010,107,1903,0,1.0
4428910303,tarkka,2023,10,ennallaan,tuore_havainto,1.0,2010,116,1894,0,0.67
4428911704,tarkka,2023,10,ennallaan,tuore_havainto,1.0,2010,86,1924,0,1.0
4428913734,tarkka,2023,10,ennallaan,tuore_havainto,1.0,2010,134,1876,0,0.56
4428914307,tarkka,2023,10,epavarma,hakkuuaikomus,0.5,2010,133,1877,1,0.67
4428914693,tarkka,2023,10,ennallaan,tuore_havainto,1.0,2010,104,1906,2,1.0
4428916346,tarkka,2023,25,ennallaan,tuore_havainto,1.0,2010,111,1899,0,1.0
4428918366,tarkka,2023,25,ennallaan,tuore_havainto,1.0,2010,101,1909,0,1.0
4428927727,tarkka,2023,10,ennallaan,tuore_havainto,1.0,2010,113,1897,0,1.0
4428949728,tarkka,2023,10,ennallaan,tuore_havainto,1.0,2010,87,1923,2,1.0
4428959369,tarkka,2023,25,ennallaan,tuore_havainto,1.0,2010,106,1904,0,1.0
4428960696,tarkka,2023,10,ennallaan,tuore_havainto,1.0,2010,100,1910,0,1.0
4428993673,tarkka,2023,10,ennallaan,tuore_havainto,1.0,2010,129,1881,0,1.0
4428993674,tarkka,2023,10,ennallaan,tuore_havainto,1.0,2010,116,1894,0,1.0
4428997685,tarkka,2023,10,ennallaan,tuore_havainto,1.0,2010,98,1912,0,1.0
4428999709,tarkka,2023,10,ennallaan,tuore_havainto,1.0,2010,103,1907,0,0.78
4429000717,tarkka,2023,10,ennallaan,tuore_havainto,1.0,2010,69,1941,2,1.0
4429006724,tarkka,2023,10,ennallaan,tuore_havainto,1.0,2010,78,1932,2,1.0
4429011705,tarkka,2023,10,ennallaan,tuore_havainto,1.0,2010,67,1943,0,0.89
4429012682,tarkka,2023,10,ennallaan,tuore_havainto,1.0,2010,79,1931,0,1.0
4429013680,tarkka,2023,10,ennallaan,tuore_havainto,1.0,2010,63,1947,0,0.67
4429014711,tarkka,2023,10,ennallaan,tuore_havainto,1.0,2010,75,1935,0,1.0
4429015738,tarkka,2023,10,ennallaan,tuore_havainto,1.0,2010,133,1877,0,0.67
4429019743,tarkka,2023,10,ennallaan,tuore_havainto,1.0,2010,70,1940,0,1.0
4429020302,tarkka,2023,10,ennallaan,tuore_havainto,1.0,2010,108,1902,0,0.33
4429021308,tarkka,2023,10,ennallaan,tuore_havainto,1.0,2010,146,1864,0,0.89
4429026721,tarkka,2023,10,ennallaan,tuore_havainto,1.0,2010,91,1919,2,1.0
4429029715,tarkka,2023,10,ei_tietoa,ei_metsavaratietoa,,2010,,,0,0.0
4429034685,tarkka,2023,10,ennallaan,tuore_havainto,1.0,2010,92,1918,0,0.67
4429035732,tarkka,2023,10,ennallaan,tuore_havainto,1.0,2010,116,1894,0,1.0
4429036694,tarkka,2023,10,ennallaan,tuore_havainto,1.0,2010,73,1937,2,1.0
4429037689,tarkka,2023,10,ennallaan,tuore_havainto,1.0,2010,81,1929,0,1.0
4429039737,tarkka,2023,10,ennallaan,tuore_havainto,1.0,2010,56,1954,0,1.0
4429040719,tarkka,2023,10,ennallaan,tuore_havainto,1.0,2010,76,1934,0,1.0
4429040720,tarkka,2023,10,ennallaan,tuore_havainto,1.0,2010,102,1908,0,1.0
4429043732,tarkka,2023,10,ennallaan,tuore_havainto,1.0,2010,116,1894,0,1.0
4429044723,tarkka,2023,10,ennallaan,tuore_havainto,1.0,2010,55,1955,0,1.0
4429044724,tarkka,2023,10,ennallaan,tuore_havainto,1.0,2010,105,1905,0,1.0
4429046306,tarkka,2023,10,ennallaan,tuore_havainto,1.0,2010,103,1907,0,1.0
4429049706,tarkka,2023,10,ennallaan,tuore_havainto,1.0,2010,69,1941,0,1.0
4429049707,tarkka,2023,10,ennallaan,tuore_havainto,1.0,2010,86,1924,0,1.0
4429051717,tarkka,2023,10,ennallaan,tuore_havainto,1.0,2010,48,1962,0,1.0
4429051718,tarkka,2023,10,ennallaan,tuore_havainto,1.0,2010,110,1900,0,1.0
4429053715,tarkka,2023,10,ennallaan,tuore_havainto,1.0,2010,110,1900,0,1.0
4429055683,tarkka,2023,10,ennallaan,tuore_havainto,1.0,2010,97,1913,0,1.0
4429055684,tarkka,2023,10,ennallaan,tuore_havainto,1.0,2010,93,1917,0,1.0
4429059730,tarkka,2023,10,ennallaan,tuore_havainto,1.0,2010,138,1872,0,1.0
4429060414,tarkka,2023,25,ennallaan,tuore_havainto,1.0,2010,109,1901,0,1.0
4429097322,tarkka,2023,25,ennallaan,tuore_havainto,1.0,2010,104,1906,0,1.0
4429098331,tarkka,2023,25,ennallaan,tuore_havainto,1.0,2010,91,1919,0,1.0
4434929689,tarkka,2023,10,epavarma,hakkuuaikomus,1.0,2010,123,1887,1,1.0
4434954218,tarkka,2023,10,ennallaan,tuore_havainto,1.0,2010,106,1904,0,1.0
4434976684,tarkka,2023,10,epavarma,hakkuuaikomus,1.0,2010,114,1896,1,1.0
4434987289,tarkka,2023,10,ennallaan,tuore_havainto,1.0,2010,128,1882,0,1.0
4435092670,tarkka,2023,10,epavarma,hakkuuaikomus,0.89,2010,129,1881,1,1.0
4435102678,tarkka,2023,10,epavarma,hakkuuaikomus,1.0,2010,123,1887,1,1.0
4435130318,tarkka,2023,25,ennallaan,tuore_havainto,1.0,2010,99,1911,0,1.0
4437716342,tarkka,2023,10,ennallaan,tuore_havainto,1.0,2010,66,1944,0,1.0
4439947996,tarkka,2023,10,ennallaan,tuore_havainto,1.0,2010,71,1939,0,1.0
4439964973,tarkka,2023,10,ennallaan,tuore_havainto,1.0,2010,98,1912,0,1.0
4439969101,summittainen,2023,500,ennallaan,tuore_havainto,1.0,2010,113,1897,0,1.0
4439974699,tarkka,2023,10,ennallaan,tuore_havainto,1.0,2010,135,1875,0,1.0
4440007960,tarkka,2023,10,ennallaan,tuore_havainto,1.0,2010,71,1939,0,1.0
4440010696,tarkka,2023,10,ennallaan,tuore_havainto,1.0,2010,0,2010,2,1.0
4440012964,tarkka,2023,10,ennallaan,tuore_havainto,1.0,2010,85,1925,0,1.0
4440021606,tarkka,2023,10,ennallaan,tuore_havainto,1.0,2010,104,1906,0,1.0
4440051951,tarkka,2023,10,ennallaan,tuore_havainto,1.0,2010,111,1899,0,1.0
4441668758,tarkka,2023,10,ennallaan,tuore_havainto,1.0,2010,85,1925,0,1.0
4441689409,tarkka,2023,10,ennallaan,tuore_havainto,1.0,2010,83,1927,0,0.67
4441694409,tarkka,2023,10,ennallaan,tuore_havainto,1.0,2010,99,1911,0,1.0
4441708742,tarkka,2023,10,ennallaan,tuore_havainto,1.0,2010,95,1915,0,1.0
4441726744,tarkka,2023,10,ennallaan,tuore_havainto,1.0,2010,106,1904,0,1.0
4441727657,tarkka,2023,10,ennallaan,tuore_havainto,1.0,2010,88,1922,0,1.0
4441742407,tarkka,2023,10,ennallaan,tuore_havainto,1.0,2010,83,1927,0,1.0
4441760409,tarkka,2023,10,ennallaan,tuore_havainto,1.0,2010,91,1919,0,1.0
4441766731,tarkka,2023,10,ennallaan,tuore_havainto,1.0,2010,100,1910,0,1.0
4441772659,tarkka,2023,10,ennallaan,tuore_havainto,1.0,2010,102,1908,0,1.0
4441777406,tarkka,2023,10,ennallaan,tuore_havainto,1.0,2010,94,1916,0,1.0
4441782663,tarkka,2023,10,ennallaan,tuore_havainto,1.0,2010,96,1914,0,1.0
4441794622,tarkka,2023,10,ennallaan,tuore_havainto,1.0,2010,76,1934,0,1.0
4443788353,tarkka,2023,10,ennallaan,tuore_havainto,1.0,2010,93,1917,0,1.0
4443789725,tarkka,2023,10,ennallaan,tuore_havainto,1.0,2010,86,1924,0,0.67
4443790738,tarkka,2023,10,ennallaan,tuore_havainto,1.0,2010,95,1915,0,1.0
4443791736,tarkka,2023,10,epavarma,osa_alueesta_hakattu,0.22,2010,80,1930,2,1.0
4443799358,tarkka,2023,10,ennallaan,tuore_havainto,1.0,2010,78,1932,0,1.0
4443809369,tarkka,2023,10,ennallaan,tuore_havainto,1.0,2010,98,1912,0,1.0
4443821732,tarkka,2023,10,ennallaan,tuore_havainto,1.0,2010,86,1924,0,1.0
4443821734,tarkka,2023,10,ennallaan,tuore_havainto,1.0,2010,86,1924,0,1.0
4443829376,tarkka,2023,10,ennallaan,tuore_havainto,1.0,2010,100,1910,0,1.0
4443836721,tarkka,2023,10,ennallaan,tuore_havainto,1.0,2010,83,1927,0,1.0
4443847742,tarkka,2023,10,ennallaan,tuore_havainto,1.0,2010,83,1927,0,1.0
4443848724,tarkka,2023,10,ennallaan,tuore_havainto,1.0,2010,78,1932,0,1.0
4443858728,tarkka,2023,10,ennallaan,tuore_havainto,1.0,2010,78,1932,0,0.56
4443871733,tarkka,2023,10,epavarma,osa_alueesta_hakattu,0.33,2010,80,1930,2,1.0
4443871734,tarkka,2023,10,epavarma,osa_alueesta_hakattu,0.33,2010,80,1930,2,1.0
4443872730,tarkka,2023,10,ennallaan,tuore_havainto,1.0,2010,85,1925,0,1.0
4443874379,tarkka,2023,10,ennallaan,tuore_havainto,1.0,2010,101,1909,0,1.0
4443889719,tarkka,2023,10,ennallaan,tuore_havainto,1.0,2010,78,1932,0,0.56
4443890726,tarkka,2023,10,ei_tietoa,ei_metsavaratietoa,,2010,,,0,0.0
4443894378,tarkka,2023,10,ennallaan,tuore_havainto,1.0,2010,101,1909,0,1.0
4443903392,tarkka,2023,10,ennallaan,tuore_havainto,1.0,2010,88,1922,0,1.0
4443905731,tarkka,2023,10,ennallaan,tuore_havainto,1.0,2010,84,1926,0,1.0
4443911385,tarkka,2023,10,ennallaan,tuore_havainto,1.0,2010,89,1921,0,1.0
4443921726,tarkka,2023,10,ennallaan,tuore_havainto,1.0,2010,88,1922,0,1.0
4443921727,tarkka,2023,10,ennallaan,tuore_havainto,1.0,2010,88,1922,0,1.0
4443924735,tarkka,2023,10,ennallaan,tuore_havainto,1.0,2010,85,1925,0,1.0
4455176776,tarkka,2023,10,ennallaan,tuore_havainto,1.0,2010,151,1859,0,1.0
4455204619,tarkka,2023,25,ennallaan,tuore_havainto,1.0,2010,16,1994,0,0.89
4455215773,tarkka,2023,10,ennallaan,tuore_havainto,1.0,2010,151,1859,0,1.0
4455227633,tarkka,2023,25,ennallaan,tuore_havainto,1.0,2010,16,1994,0,0.89
4455274775,tarkka,2023,10,ennallaan,tuore_havainto,1.0,2010,129,1881,0,1.0
4464921302,tarkka,2023,10,ennallaan,tuore_havainto,1.0,2010,140,1870,0,1.0
4464923552,tarkka,2023,50,ennallaan,tuore_havainto,1.0,2010,98,1912,0,1.0
4464926303,tarkka,2023,10,ennallaan,tuore_havainto,1.0,2010,135,1875,0,1.0
4464951302,tarkka,2023,10,ennallaan,tuore_havainto,1.0,2010,94,1916,0,0.78
4464959301,tarkka,2023,10,ennallaan,tuore_havainto,1.0,2010,80,1930,0,1.0
4464976555,tarkka,2023,50,ennallaan,tuore_havainto,1.0,2010,91,1919,2,1.0
4464991304,tarkka,2023,10,ennallaan,tuore_havainto,1.0,2010,148,1862,0,1.0
4465015303,tarkka,2023,10,ennallaan,tuore_havainto,1.0,2010,129,1881,0,1.0
4465035564,tarkka,2023,50,ennallaan,tuore_havainto,1.0,2010,93,1917,0,1.0
4500073679,tarkka,2023,15,ennallaan,tuore_havainto,1.0,2010,83,1927,0,1.0
4500087722,tarkka,2023,10,ennallaan,tuore_havainto,1.0,2010,82,1928,0,1.0
4500089691,tarkka,2023,15,ennallaan,tuore_havainto,1.0,2010,87,1923,0,1.0
4500092710,tarkka,2023,10,ennallaan,tuore_havainto,1.0,2010,52,1958,0,1.0
4500095684,tarkka,2023,15,ennallaan,tuore_havainto,1.0,2010,74,1936,0,1.0
4500109715,tarkka,2023,10,ennallaan,tuore_havainto,1.0,2010,59,1951,2,1.0
4500112702,tarkka,2023,15,ennallaan,tuore_havainto,1.0,2010,106,1904,0,1.0
4500113693,tarkka,2023,15,ennallaan,tuore_havainto,1.0,2010,86,1924,0,1.0
4500122715,tarkka,2023,10,ennallaan,tuore_havainto,1.0,2010,64,1946,0,0.67
4500123727,tarkka,2023,10,ennallaan,tuore_havainto,1.0,2010,85,1925,0,1.0
4500129717,tarkka,2023,10,ennallaan,tuore_havainto,1.0,2010,97,1913,0,1.0
4500138724,tarkka,2023,10,ennallaan,tuore_havainto,1.0,2010,82,1928,2,1.0
4500140698,tarkka,2023,15,ennallaan,tuore_havainto,1.0,2010,82,1928,0,1.0
4500157687,tarkka,2023,15,ennallaan,tuore_havainto,1.0,2010,85,1925,0,1.0
4500159645,tarkka,2023,10,ennallaan,tuore_havainto,1.0,2010,51,1959,0,1.0
4500168716,tarkka,2023,10,epavarma,osa_alueesta_hakattu,0.44,2010,92,1918,2,1.0
4500181714,tarkka,2023,10,ennallaan,tuore_havainto,1.0,2010,86,1924,0,0.33
4500186723,tarkka,2023,10,ennallaan,tuore_havainto,1.0,2010,101,1909,0,1.0
4500197701,tarkka,2023,10,ennallaan,tuore_havainto,1.0,2010,80,1930,0,0.78
4500201699,tarkka,2023,15,ennallaan,tuore_havainto,1.0,2010,89,1921,0,1.0
4500202719,tarkka,2023,10,ennallaan,tuore_havainto,1.0,2010,80,1930,0,0.78
4506913358,tarkka,2023,5,ennallaan,tuore_havainto,1.0,2010,70,1940,0,1.0
4506962329,tarkka,2023,10,ennallaan,tuore_havainto,1.0,2010,98,1912,0,1.0
4506968339,tarkka,2023,10,ennallaan,tuore_havainto,1.0,2010,83,1927,0,1.0
4506993413,tarkka,2023,10,ennallaan,tuore_havainto,1.0,2010,86,1924,0,1.0
4507033409,tarkka,2023,10,ennallaan,tuore_havainto,1.0,2010,86,1924,0,1.0
4507058376,tarkka,2023,5,ennallaan,tuore_havainto,1.0,2010,73,1937,0,1.0
4507088332,tarkka,2023,10,ennallaan,tuore_havainto,1.0,2010,68,1942,0,1.0
4507096325,tarkka,2023,10,ennallaan,tuore_havainto,1.0,2010,91,1919,0,1.0
4507140417,tarkka,2023,10,ennallaan,tuore_havainto,1.0,2010,115,1895,0,1.0
4507180400,tarkka,2023,10,ennallaan,tuore_havainto,1.0,2010,78,1932,0,1.0
4507181377,tarkka,2023,10,ennallaan,tuore_havainto,1.0,2010,106,1904,0,1.0
4509214363,tarkka,2023,5,epavarma,osa_alueesta_hakattu,0.33,2010,53,1957,2,1.0
4509223358,tarkka,2023,5,epavarma,osa_alueesta_hakattu,0.33,2010,53,1957,2,1.0
4509233346,tarkka,2023,10,ennallaan,tuore_havainto,1.0,2010,106,1904,0,1.0
4509233362,tarkka,2023,5,ennallaan,tuore_havainto,1.0,2010,97,1913,0,1.0
4509239357,tarkka,2023,5,muuttunut,hakattu,0.78,2010,104,1906,2,1.0
4509249365,tarkka,2023,5,ennallaan,tuore_havainto,1.0,2010,102,1908,0,0.44
4509251363,tarkka,2023,5,epavarma,osa_alueesta_hakattu,0.22,2010,99,1911,2,1.0
4509253357,tarkka,2023,5,ennallaan,tuore_havainto,1.0,2010,55,1955,0,0.56
4509254345,tarkka,2023,10,ennallaan,tuore_havainto,1.0,2010,102,1908,0,1.0
4509256375,tarkka,2023,5,epavarma,osa_alueesta_hakattu,0.11,2010,95,1915,2,1.0
4509272365,tarkka,2023,5,ennallaan,tuore_havainto,1.0,2010,71,1939,0,1.0
4509274784,tarkka,2023,10,ennallaan,tuore_havainto,1.0,2010,83,1927,0,1.0
4509282367,tarkka,2023,5,ennallaan,tuore_havainto,1.0,2010,85,1925,0,1.0
4509310946,tarkka,2023,10,ennallaan,tuore_havainto,1.0,2010,129,1881,0,1.0
4509319949,tarkka,2023,10,ennallaan,tuore_havainto,1.0,2010,89,1921,2,1.0
4509322361,tarkka,2023,5,muuttunut,hakattu,0.78,2010,59,1951,2,1.0
4509328936,tarkka,2023,10,ennallaan,tuore_havainto,1.0,2010,91,1919,2,1.0
4509331342,tarkka,2023,10,ennallaan,tuore_havainto,1.0,2010,74,1936,0,1.0
4509332794,tarkka,2023,10,ennallaan,tuore_havainto,1.0,2010,89,1921,0,1.0
4509342782,tarkka,2023,10,ennallaan,tuore_havainto,1.0,2010,94,1916,0,1.0
4509348360,tarkka,2023,5,epavarma,osa_alueesta_hakattu,0.11,2010,81,1929,2,1.0
4509349779,tarkka,2023,10,ennallaan,tuore_havainto,1.0,2010,62,1948,0,1.0
4509350788,tarkka,2023,10,ennallaan,tuore_havainto,1.0,2010,89,1921,0,1.0
4509351363,tarkka,2023,5,ennallaan,tuore_havainto,1.0,2010,105,1905,0,1.0
4510994920,tarkka,2023,25,ennallaan,tuore_havainto,1.0,2010,84,1926,0,1.0
4510996919,tarkka,2023,25,ennallaan,tuore_havainto,1.0,2010,105,1905,0,1.0
4510997255,tarkka,2023,10,ennallaan,tuore_havainto,1.0,2010,108,1902,0,1.0
4511001916,tarkka,2023,25,ennallaan,tuore_havainto,1.0,2010,77,1933,0,1.0
4511009912,tarkka,2023,25,ennallaan,tuore_havainto,1.0,2010,105,1905,0,1.0
4511010426,tarkka,2023,10,ennallaan,tuore_havainto,1.0,2010,91,1919,0,1.0
4511010924,tarkka,2023,25,ennallaan,tuore_havainto,1.0,2010,87,1923,0,1.0
4511012926,tarkka,2023,25,ennallaan,tuore_havainto,1.0,2010,60,1950,0,1.0
4511012927,tarkka,2023,25,ennallaan,tuore_havainto,1.0,2010,62,1948,0,1.0
4511015911,tarkka,2023,25,ennallaan,tuore_havainto,1.0,2010,84,1926,0,1.0
4511021925,tarkka,2023,25,ennallaan,tuore_havainto,1.0,2010,105,1905,0,1.0
4511022419,tarkka,2023,10,ennallaan,tuore_havainto,1.0,2010,85,1925,0,1.0
4511028928,tarkka,2023,25,ennallaan,tuore_havainto,1.0,2010,83,1927,0,1.0
4511033916,tarkka,2023,25,ennallaan,tuore_havainto,1.0,2010,84,1926,0,1.0
4511037430,tarkka,2023,10,ennallaan,tuore_havainto,1.0,2010,111,1899,0,0.22
4511038923,tarkka,2023,25,ennallaan,tuore_havainto,1.0,2010,72,1938,0,1.0
4511044931,tarkka,2023,25,ennallaan,tuore_havainto,1.0,2010,72,1938,0,1.0
4511048919,tarkka,2023,25,ennallaan,tuore_havainto,1.0,2010,93,1917,0,1.0
4511052925,tarkka,2023,25,ennallaan,tuore_havainto,1.0,2010,98,1912,0,1.0
4511054915,tarkka,2023,25,ennallaan,tuore_havainto,1.0,2010,71,1939,0,1.0
4511056428,tarkka,2023,10,ennallaan,tuore_havainto,1.0,2010,85,1925,0,1.0
4511063917,tarkka,2023,25,ennallaan,tuore_havainto,1.0,2010,84,1926,0,1.0
4511067069,tarkka,2023,10,ennallaan,tuore_havainto,1.0,2010,98,1912,0,1.0
4511153062,tarkka,2023,10,ennallaan,tuore_havainto,1.0,2010,104,1906,0,1.0
4511153426,tarkka,2023,10,ennallaan,tuore_havainto,1.0,2010,80,1930,0,1.0
4511154919,tarkka,2023,25,ennallaan,tuore_havainto,1.0,2010,88,1922,0,1.0
4511155429,tarkka,2023,10,ennallaan,tuore_havainto,1.0,2010,0,2010,0,1.0
4511160920,tarkka,2023,25,ennallaan,tuore_havainto,1.0,2010,89,1921,0,1.0
4511160921,tarkka,2023,25,ennallaan,tuore_havainto,1.0,2010,106,1904,0,1.0
4511162921,tarkka,2023,25,ennallaan,tuore_havainto,1.0,2010,90,1920,0,1.0
4511172917,tarkka,2023,25,ennallaan,tuore_havainto,1.0,2010,104,1906,0,1.0
4511185077,tarkka,2023,10,ennallaan,tuore_havainto,1.0,2010,83,1927,0,1.0
4511190917,tarkka,2023,25,ennallaan,tuore_havainto,1.0,2010,94,1916,0,1.0
4511191422,tarkka,2023,10,ennallaan,tuore_havainto,1.0,2010,80,1930,0,1.0
4511195424,tarkka,2023,10,ennallaan,tuore_havainto,1.0,2010,104,1906,0,1.0
4511197915,tarkka,2023,25,ennallaan,tuore_havainto,1.0,2010,101,1909,0,1.0
4511201424,tarkka,2023,10,ennallaan,tuore_havainto,1.0,2010,89,1921,0,1.0
4511204918,tarkka,2023,25,ennallaan,tuore_havainto,1.0,2010,65,1945,0,1.0
4511206918,tarkka,2023,25,ennallaan,tuore_havainto,1.0,2010,84,1926,0,1.0
4511209929,tarkka,2023,25,ennallaan,tuore_havainto,1.0,2010,80,1930,0,1.0
4511221817,tarkka,2023,10,ennallaan,tuore_havainto,1.0,2010,94,1916,0,1.0
4511229809,tarkka,2023,10,ennallaan,tuore_havainto,1.0,2010,96,1914,0,1.0
4511244808,tarkka,2023,10,ennallaan,tuore_havainto,1.0,2010,85,1925,0,1.0
4511259819,tarkka,2023,10,ennallaan,tuore_havainto,1.0,2010,89,1921,0,1.0
4511261806,tarkka,2023,10,ennallaan,tuore_havainto,1.0,2010,63,1947,0,1.0
4517106468,tarkka,2023,10,ennallaan,tuore_havainto,1.0,2010,85,1925,0,1.0
4517108468,tarkka,2023,10,ennallaan,tuore_havainto,1.0,2010,99,1911,0,1.0
4517118071,tarkka,2023,10,ennallaan,tuore_havainto,1.0,2010,75,1935,0,1.0
4517118861,tarkka,2023,10,ennallaan,tuore_havainto,1.0,2010,105,1905,0,1.0
4517143452,tarkka,2023,10,ennallaan,tuore_havainto,1.0,2010,101,1909,0,1.0
4517146036,tarkka,2023,10,ennallaan,tuore_havainto,1.0,2010,89,1921,0,1.0
4517151037,tarkka,2023,250,ennallaan,tuore_havainto,1.0,2010,104,1906,0,0.78
4517155065,tarkka,2023,10,ennallaan,tuore_havainto,1.0,2010,86,1924,0,1.0
4517158721,tarkka,2023,10,ennallaan,tuore_havainto,1.0,2010,65,1945,0,1.0
4517159460,tarkka,2023,10,ennallaan,tuore_havainto,1.0,2010,97,1913,0,1.0
4517161456,tarkka,2023,10,ennallaan,tuore_havainto,1.0,2010,107,1903,0,1.0
4517164075,tarkka,2023,10,ennallaan,tuore_havainto,1.0,2010,84,1926,0,1.0
4517229380,tarkka,2023,10,ennallaan,tuore_havainto,1.0,2010,111,1899,0,1.0
4517270857,tarkka,2023,10,ennallaan,tuore_havainto,1.0,2010,86,1924,0,1.0
4517279851,tarkka,2023,10,ennallaan,tuore_havainto,1.0,2010,98,1912,0,1.0
4517281065,tarkka,2023,10,ennallaan,tuore_havainto,1.0,2010,93,1917,0,1.0
4517296854,tarkka,2023,10,ennallaan,tuore_havainto,1.0,2010,90,1920,0,1.0
4517305873,tarkka,2023,10,ennallaan,tuore_havainto,1.0,2010,65,1945,0,1.0
4519749770,tarkka,2023,10,ennallaan,tuore_havainto,1.0,2010,92,1918,0,1.0
4519751773,tarkka,2023,10,ennallaan,tuore_havainto,1.0,2010,121,1889,2,1.0
4519760433,tarkka,2023,10,ennallaan,tuore_havainto,1.0,2010,91,1919,0,1.0
4519765772,tarkka,2023,10,ennallaan,tuore_havainto,1.0,2010,68,1942,0,0.89
4519771780,tarkka,2023,10,ennallaan,tuore_havainto,1.0,2010,116,1894,0,0.67
4519775767,tarkka,2023,10,ennallaan,tuore_havainto,1.0,2010,100,1910,0,0.67
4519779773,tarkka,2023,10,ennallaan,tuore_havainto,1.0,2010,121,1889,2,1.0
4519784769,tarkka,2023,10,ennallaan,tuore_havainto,1.0,2010,0,2010,2,0.33
4519784771,tarkka,2023,10,ennallaan,tuore_havainto,1.0,2010,87,1923,0,1.0
4519788401,tarkka,2023,10,ennallaan,tuore_havainto,1.0,2010,90,1920,0,1.0
4519792779,tarkka,2023,10,ennallaan,tuore_havainto,1.0,2010,68,1942,0,1.0
4519796769,tarkka,2023,10,ennallaan,tuore_havainto,1.0,2010,115,1895,0,1.0
4519805788,tarkka,2023,10,ennallaan,tuore_havainto,1.0,2010,97,1913,0,1.0
4519811765,tarkka,2023,10,ennallaan,tuore_havainto,1.0,2010,93,1917,0,1.0
4519813784,tarkka,2023,10,ennallaan,tuore_havainto,1.0,2010,117,1893,0,0.67
4519819777,tarkka,2023,10,ennallaan,tuore_havainto,1.0,2010,115,1895,0,0.78
4519823769,tarkka,2023,10,ennallaan,tuore_havainto,1.0,2010,96,1914,0,1.0
4519825778,tarkka,2023,10,ennallaan,tuore_havainto,1.0,2010,100,1910,0,1.0
4519831769,tarkka,2023,10,ennallaan,tuore_havainto,1.0,2010,97,1913,2,1.0
4519833774,tarkka,2023,10,ennallaan,tuore_havainto,1.0,2010,65,1945,0,0.44
4519847760,tarkka,2023,10,ennallaan,tuore_havainto,1.0,2010,98,1912,0,1.0
4519856774,tarkka,2023,10,ennallaan,tuore_havainto,1.0,2010,85,1925,2,0.78
4519857755,tarkka,2023,10,ennallaan,tuore_havainto,1.0,2010,97,1913,2,1.0
4519860772,tarkka,2023,10,ennallaan,tuore_havainto,1.0,2010,103,1907,0,0.67
4519864769,tarkka,2023,10,ennallaan,tuore_havainto,1.0,2010,92,1918,0,1.0
4519866767,tarkka,2023,10,ennallaan,tuore_havainto,1.0,2010,95,1915,0,1.0
4519873766,tarkka,2023,10,ennallaan,tuore_havainto,1.0,2010,101,1909,0,0.89
4519874773,tarkka,2023,10,ennallaan,tuore_havainto,1.0,2010,107,1903,0,1.0
4519876336,tarkka,2023,10,ennallaan,tuore_havainto,1.0,2010,98,1912,0,1.0
4519883777,tarkka,2023,10,ennallaan,tuore_havainto,1.0,2010,106,1904,0,0.33
4524993373,tarkka,2023,70,epavarma,hakkuuaikomus,0.5,2010,89,1921,1,0.44
4525547865,tarkka,2023,10,ennallaan,tuore_havainto,1.0,2010,120,1890,0,0.78
4525559878,tarkka,2023,10,ennallaan,tuore_havainto,1.0,2010,152,1858,0,1.0
4525576864,tarkka,2023,10,ennallaan,tuore_havainto,1.0,2010,145,1865,0,1.0
4525597874,tarkka,2023,10,ennallaan,tuore_havainto,1.0,2010,121,1889,0,1.0
4525659868,tarkka,2023,10,ennallaan,tuore_havainto,1.0,2010,120,1890,0,1.0
4525688864,tarkka,2023,10,ennallaan,tuore_havainto,1.0,2010,124,1886,0,0.67
4536201000,tarkka,2023,10,ennallaan,tuore_havainto,1.0,2010,137,1873,0,0.56
4536244001,tarkka,2023,10,ennallaan,tuore_havainto,1.0,2010,88,1922,0,1.0
4597841561,tarkka,2023,10,ennallaan,tuore_havainto,1.0,2010,99,1911,0,1.0
4597847561,tarkka,2023,10,ennallaan,tuore_havainto,1.0,2010,108,1902,0,1.0
4597852575,tarkka,2023,10,ennallaan,tuore_havainto,1.0,2010,137,1873,0,0.56
4597859566,tarkka,2023,10,ennallaan,tuore_havainto,1.0,2010,88,1922,0,1.0
4597866559,tarkka,2023,10,ennallaan,tuore_havainto,1.0,2010,100,1910,0,1.0
4597877569,tarkka,2023,10,ennallaan,tuore_havainto,1.0,2010,136,1874,0,1.0
4597881574,tarkka,2023,10,ennallaan,tuore_havainto,1.0,2010,121,1889,0,1.0
4600303082,tarkka,2023,10,ennallaan,tuore_havainto,1.0,2010,158,1852,0,1.0
4600387074,tarkka,2023,4,ennallaan,tuore_havainto,1.0,2010,130,1880,0,0.78
4600414070,tarkka,2023,5,ennallaan,tuore_havainto,1.0,2010,155,1855,0,1.0
4602863683,tarkka,2023,100,ennallaan,tuore_havainto,1.0,2010,39,1971,2,1.0
4847853480,tarkka,2023,5,ennallaan,tuore_havainto,1.0,2010,106,1904,0,1.0
4874685203,tarkka,2023,10,ennallaan,tuore_havainto,1.0,2010,110,1900,0,1.0
4874692031,tarkka,2023,10,ennallaan,tuore_havainto,1.0,2010,97,1913,0,1.0
4874696782,tarkka,2023,5,ennallaan,tuore_havainto,1.0,2010,76,1934,0,0.44
4874697521,tarkka,2023,10,ennallaan,tuore_havainto,1.0,2010,72,1938,0,1.0
4874734461,tarkka,2023,10,ennallaan,tuore_havainto,1.0,2010,78,1932,0,1.0
4874753381,tarkka,2023,10,ennallaan,tuore_havainto,1.0,2010,89,1921,0,1.0
4874788730,tarkka,2023,10,ennallaan,tuore_havainto,1.0,2010,78,1932,0,1.0
4874789992,tarkka,2023,10,ennallaan,tuore_havainto,1.0,2010,84,1926,0,1.0
4874796443,tarkka,2023,10,ennallaan,tuore_havainto,1.0,2010,130,1880,0,0.67
4874806704,tarkka,2023,16,ennallaan,tuore_havainto,1.0,2010,78,1932,2,1.0
4924607191,tarkka,2023,200,ennallaan,tuore_havainto,1.0,2010,62,1948,0,0.67
4929532667,alueellinen,2023,3183,ei_tietoa,liian_epatarkka,,,,,,
4939345157,tarkka,2023,10,ei_tietoa,ei_metsavaratietoa,,2010,,,0,0.0
4939386893,tarkka,2023,10,ei_tietoa,ei_metsavaratietoa,,2010,,,0,0.0
4939388395,tarkka,2023,10,ei_tietoa,ei_metsavaratietoa,,2010,,,0,0.0
4954848718,tarkka,2023,10,ennallaan,tuore_havainto,1.0,2010,127,1883,0,1.0
4954850482,tarkka,2023,10,ennallaan,tuore_havainto,1.0,2010,106,1904,0,1.0
4954879515,tarkka,2023,10,ennallaan,tuore_havainto,1.0,2010,119,1891,0,1.0
4954915073,tarkka,2023,10,ennallaan,tuore_havainto,1.0,2010,101,1909,0,1.0
4954939916,tarkka,2023,10,ennallaan,tuore_havainto,1.0,2010,115,1895,0,1.0
4954942701,tarkka,2023,10,ennallaan,tuore_havainto,1.0,2010,100,1910,0,1.0
4955019245,tarkka,2023,10,ennallaan,tuore_havainto,1.0,2010,111,1899,0,1.0
4955020316,tarkka,2023,10,ennallaan,tuore_havainto,1.0,2010,78,1932,0,0.56
4955021341,tarkka,2023,10,ennallaan,tuore_havainto,1.0,2010,108,1902,0,1.0
4955030324,tarkka,2023,10,ennallaan,tuore_havainto,1.0,2010,135,1875,0,1.0
4955036431,tarkka,2023,10,ennallaan,tuore_havainto,1.0,2010,138,1872,0,1.0
4997743873,tarkka,2023,10,ennallaan,tuore_havainto,1.0,2010,116,1894,0,1.0
4997745089,tarkka,2023,10,ennallaan,tuore_havainto,1.0,2010,122,1888,0,1.0
4997830599,tarkka,2023,10,ennallaan,tuore_havainto,1.0,2010,120,1890,0,1.0
5061647785,tarkka,2023,1,ennallaan,tuore_havainto,1.0,2010,105,1905,0,1.0
5061665808,tarkka,2023,1,ennallaan,tuore_havainto,1.0,2010,94,1916,0,1.0
5061668808,tarkka,2023,1,ennallaan,tuore_havainto,1.0,2010,119,1891,0,1.0
5061685800,tarkka,2023,1,ennallaan,tuore_havainto,1.0,2010,132,1878,0,0.67
5061685801,tarkka,2023,1,ennallaan,tuore_havainto,1.0,2010,93,1917,0,1.0
5061691807,tarkka,2023,1,ennallaan,tuore_havainto,1.0,2010,95,1915,0,1.0
5061692813,tarkka,2023,1,ennallaan,tuore_havainto,1.0,2010,95,1915,0,1.0
5061693816,tarkka,2023,1,ennallaan,tuore_havainto,1.0,2010,90,1920,0,1.0
5061693817,tarkka,2023,1,ennallaan,tuore_havainto,1.0,2010,118,1892,0,1.0
5098920708,tarkka,2023,10,ennallaan,tuore_havainto,1.0,2010,53,1957,0,1.0
5098942433,tarkka,2023,10,ennallaan,tuore_havainto,1.0,2010,136,1874,0,1.0
5098955441,tarkka,2023,10,ennallaan,tuore_havainto,1.0,2010,136,1874,0,1.0
5099037577,tarkka,2023,10,ennallaan,tuore_havainto,1.0,2010,84,1926,0,1.0
5135014141,tarkka,2023,25,ennallaan,tuore_havainto,1.0,2010,112,1898,0,0.67
5135015106,tarkka,2023,25,ennallaan,tuore_havainto,1.0,2010,127,1883,0,1.0
5896090605,tarkka,2023,25,ennallaan,tuore_havainto,1.0,2010,98,1912,0,1.0
5896129558,tarkka,2023,25,ennallaan,tuore_havainto,1.0,2010,76,1934,0,1.0
5933006389,tarkka,2023,20,ennallaan,tuore_havainto,1.0,2010,132,1878,0,1.0
5933008113,tarkka,2023,25,muuttunut,hakattu,1.0,2010,92,1918,2,1.0
6190862396,tuntematon,2023,,ei_tietoa,liian_epatarkka,,,,,,
6275097489,alueellinen,2023,2724,ei_tietoa,liian_epatarkka,,,,,,
4421859530,tarkka,2023,10,muuttunut,hakattu,0.67,2010,150,1860,2,1.0
4421994967,tarkka,2023,10,muuttunut,hakattu,0.67,2010,114,1896,2,1.0
4422066014,tarkka,2023,10,ennallaan,tuore_havainto,1.0,2010,91,1919,0,1.0
4426102669,tarkka,2023,10,ennallaan,tuore_havainto,1.0,2010,87,1923,2,1.0
4426175553,tarkka,2023,25,ennallaan,tuore_havainto,1.0,2010,80,1930,2,1.0
4426257327,tarkka,2023,10,ennallaan,tuore_havainto,1.0,2010,62,1948,0,1.0
4426313347,tarkka,2023,200,ennallaan,tuore_havainto,1.0,2010,128,1882,2,1.0
4426331390,tarkka,2023,10,ennallaan,tuore_havainto,1.0,2010,80,1930,2,1.0
4426373328,tarkka,2023,10,ennallaan,tuore_havainto,1.0,2010,81,1929,0,1.0
4426373331,tarkka,2023,10,ennallaan,tuore_havainto,1.0,2010,69,1941,0,1.0
4426392453,tarkka,2023,10,ennallaan,tuore_havainto,1.0,2010,87,1923,2,1.0
4428899682,tarkka,2023,10,ennallaan,tuore_havainto,1.0,2010,107,1903,0,1.0
4428904674,tarkka,2023,10,ennallaan,tuore_havainto,1.0,2010,141,1869,0,1.0
4428912788,tarkka,2023,10,ennallaan,tuore_havainto,1.0,2010,62,1948,0,1.0
4428947302,tarkka,2023,10,ennallaan,tuore_havainto,1.0,2010,87,1923,0,0.89
4429021372,tarkka,2023,25,ennallaan,tuore_havainto,1.0,2010,127,1883,0,1.0
4429030364,tarkka,2023,25,ennallaan,tuore_havainto,1.0,2010,90,1920,0,1.0
4429109375,tarkka,2023,10,ennallaan,tuore_havainto,1.0,2010,47,1963,0,1.0
4432485406,tarkka,2023,25,ennallaan,tuore_havainto,1.0,2010,110,1900,0,1.0
4432493304,tarkka,2023,10,ennallaan,tuore_havainto,1.0,2010,120,1890,0,1.0
4432564410,tarkka,2023,25,ennallaan,tuore_havainto,1.0,2010,94,1916,0,1.0
4432566518,tarkka,2023,10,epavarma,osa_alueesta_hakattu,0.44,2010,84,1926,2,1.0
4434986255,tarkka,2023,10,ennallaan,tuore_havainto,1.0,2010,78,1932,0,1.0
4435025349,tarkka,2023,100,ennallaan,tuore_havainto,1.0,2010,73,1937,0,1.0
4435104246,tarkka,2023,10,ennallaan,tuore_havainto,1.0,2010,82,1928,0,1.0
4440050757,tarkka,2023,25,epavarma,osa_alueesta_hakattu,0.44,2010,86,1924,2,1.0
4509298363,tarkka,2023,5,ennallaan,tuore_havainto,1.0,2010,89,1921,0,0.78
4519779332,tarkka,2023,10,ennallaan,tuore_havainto,1.0,2010,108,1902,0,1.0
4519797336,tarkka,2023,10,ennallaan,tuore_havainto,1.0,2010,79,1931,0,0.89
4954870165,tarkka,2023,10,ennallaan,tuore_havainto,1.0,2010,154,1856,0,0.67
4954876115,tarkka,2023,10,ennallaan,tuore_havainto,1.0,2010,134,1876,0,1.0
4954879516,tarkka,2023,10,ennallaan,tuore_havainto,1.0,2010,89,1921,0,1.0
4954894105,tarkka,2023,10,ennallaan,tuore_havainto,1.0,2010,99,1911,0,1.0
4954905876,tarkka,2023,10,ennallaan,tuore_havainto,1.0,2010,117,1893,0,0.67
4954947790,tarkka,2023,10,ennallaan,tuore_havainto,1.0,2010,130,1880,0,1.0
4954967088,tarkka,2023,10,ennallaan,tuore_havainto,1.0,2010,108,1902,0,1.0
4954987690,tarkka,2023,10,ennallaan,tuore_havainto,1.0,2010,100,1910,0,1.0
4955010974,tarkka,2023,10,ennallaan,tuore_havainto,1.0,2010,115,1895,0,1.0
4955045504,tarkka,2023,10,ennallaan,tuore_havainto,1.0,2010,122,1888,0,0.33
4955079730,tarkka,2023,10,ennallaan,tuore_havainto,1.0,2010,140,1870,0,0.89
5287285340,tarkka,2023,5,ennallaan,tuore_havainto,1.0,2010,85,1925,0,1.0
5287288069,tarkka,2023,5,ennallaan,tuore_havainto,1.0,2010,73,1937,0,1.0
5287387032,tarkka,2023,5,ennallaan,tuore_havainto,1.0,2010,69,1941,0,1.0
5287403881,tarkka,2023,5,ennallaan,tuore_havainto,1.0,2010,73,1937,0,1.0
5287417521,tarkka,2023,5,ennallaan,tuore_havainto,1.0,2010,74,1936,0,1.0
5287417700,tarkka,2023,5,ennallaan,tuore_havainto,1.0,2010,69,1941,0,1.0
4441733666,tarkka,2023,5,muuttunut,hakattu,0.78,2010,59,1951,2,1.0
4428867580,tarkka,2023,25,muuttunut,hakattu,1.0,2010,46,1964,2,1.0
4428914575,tarkka,2023,25,ennallaan,tuore_havainto,1.0,2010,68,1942,0,1.0
4429053597,tarkka,2023,25,ei_tietoa,ei_metsavaratietoa,,2010,,,0,0.0
4528575516,tarkka,2023,50,ennallaan,tuore_havainto,1.0,2010,98,1912,0,1.0
4528601518,tarkka,2023,50,ennallaan,tuore_havainto,1.0,2010,96,1914,0,1.0
4536195418,tarkka,2023,25,ennallaan,tuore_havainto,1.0,2010,73,1937,0,1.0
4539061427,tarkka,2023,10,ennallaan,tuore_havainto,1.0,2010,101,1909,0,1.0
3887132479,tarkka,2022,40,ennallaan,tuore_havainto,1.0,2010,83,1927,2,1.0
3887259338,tarkka,2022,15,ennallaan,tuore_havainto,1.0,2010,116,1894,0,1.0
3887416388,summittainen,2022,500,ei_tietoa,ei_metsavaratietoa,,2010,,,0,0.0
3887424351,tarkka,2022,10,ei_tietoa,ei_metsavaratietoa,,2010,,,0,0.0
3887425340,tarkka,2022,10,ei_tietoa,ei_metsavaratietoa,,2010,,,0,0.0
3887426344,tarkka,2022,10,ei_tietoa,ei_metsavaratietoa,,2010,,,0,0.0
3887623461,alueellinen,2022,2500,ei_tietoa,liian_epatarkka,,,,,,
3890675611,tarkka,2022,10,ei_tietoa,ei_metsavaratietoa,,2010,,,0,0.0
3890717521,tarkka,2022,10,ennallaan,tuore_havainto,1.0,2010,55,1955,0,1.0
3890787533,tarkka,2022,10,ei_tietoa,ei_metsavaratietoa,,2010,,,0,0.0
3890812472,tarkka,2022,10,ei_tietoa,ei_metsavaratietoa,,2010,,,0,0.0
3890856629,tarkka,2022,10,ei_tietoa,ei_metsavaratietoa,,2010,,,0,0.0
3890871329,tarkka,2022,5,ennallaan,tuore_havainto,1.0,2010,94,1916,0,1.0
3890942643,tarkka,2022,10,ei_tietoa,ei_metsavaratietoa,,2010,,,0,0.0
3891005604,tarkka,2022,15,ennallaan,tuore_havainto,1.0,2010,116,1894,0,0.67
3891023543,tarkka,2022,16,ennallaan,tuore_havainto,1.0,2010,80,1930,0,1.0
3891163508,tarkka,2022,10,ei_tietoa,ei_metsavaratietoa,,2010,,,0,0.0
3891190621,tarkka,2022,10,ei_tietoa,ei_metsavaratietoa,,2010,,,0,0.0
3891211627,tarkka,2022,10,ei_tietoa,ei_metsavaratietoa,,2010,,,0,0.0
3891238560,tarkka,2022,10,ei_tietoa,ei_metsavaratietoa,,2010,,,0,0.0
3891247635,tarkka,2022,10,ei_tietoa,ei_metsavaratietoa,,2010,,,0,0.0
3891248334,tarkka,2022,25,ennallaan,tuore_havainto,1.0,2010,90,1920,0,1.0
3891260635,tarkka,2022,10,ei_tietoa,ei_metsavaratietoa,,2010,,,0,0.0
3891287577,tarkka,2022,10,ei_tietoa,ei_metsavaratietoa,,2010,,,0,0.0
3891288590,tarkka,2022,10,ei_tietoa,ei_metsavaratietoa,,2010,,,0,0.0
3891340608,tarkka,2022,10,ei_tietoa,ei_metsavaratietoa,,2010,,,0,0.0
3893694592,tarkka,2022,25,ennallaan,tuore_havainto,1.0,2010,75,1935,0,1.0
3893703857,tarkka,2022,10,ennallaan,tuore_havainto,1.0,2010,67,1943,0,1.0
3893714906,tarkka,2022,25,ennallaan,tuore_havainto,1.0,2010,105,1905,0,1.0
3893718953,tarkka,2022,10,ennallaan,tuore_havainto,1.0,2010,70,1940,0,1.0
3893719415,tarkka,2022,10,ennallaan,tuore_havainto,1.0,2010,124,1886,0,1.0
3893719622,tarkka,2022,25,ennallaan,tuore_havainto,1.0,2010,98,1912,0,1.0
3893720519,tarkka,2022,10,ennallaan,tuore_havainto,1.0,2010,133,1877,0,1.0
3893721501,tarkka,2022,25,ennallaan,tuore_havainto,1.0,2010,118,1892,0,0.78
3893722444,tarkka,2022,10,ennallaan,tuore_havainto,1.0,2010,100,1910,0,1.0
3893727600,alueellinen,2022,5000,ei_tietoa,liian_epatarkka,,,,,,
3893742531,summittainen,2022,500,ennallaan,tuore_havainto,1.0,2010,86,1924,0,0.56
3893743115,tarkka,2022,10,ennallaan,tuore_havainto,1.0,2010,73,1937,0,1.0
3893749496,tarkka,2022,10,ennallaan,tuore_havainto,1.0,2010,107,1903,0,1.0
3893751659,tarkka,2022,25,ennallaan,tuore_havainto,1.0,2010,108,1902,0,1.0
3893753909,tarkka,2022,25,epavarma,osa_alueesta_hakattu,0.33,2010,105,1905,2,1.0
3893754073,tarkka,2022,10,ennallaan,tuore_havainto,1.0,2010,68,1942,0,1.0
3893769920,tarkka,2022,10,ennallaan,tuore_havainto,1.0,2010,76,1934,0,1.0
3893776589,tarkka,2022,25,ennallaan,tuore_havainto,1.0,2010,114,1896,0,1.0
3893789551,tarkka,2022,10,ennallaan,tuore_havainto,1.0,2010,133,1877,0,1.0
3893792610,alueellinen,2022,2724,ei_tietoa,liian_epatarkka,,,,,,
3893794588,tarkka,2022,25,ennallaan,tuore_havainto,1.0,2010,90,1920,0,1.0
3893801784,tarkka,2022,10,ennallaan,tuore_havainto,1.0,2010,69,1941,0,1.0
3893812794,tarkka,2022,15,ennallaan,tuore_havainto,1.0,2010,101,1909,0,1.0
3893813942,tarkka,2022,10,ennallaan,tuore_havainto,1.0,2010,78,1932,0,1.0
3893814688,tarkka,2022,25,ennallaan,tuore_havainto,1.0,2010,140,1870,0,1.0
3893819547,tarkka,2022,25,ennallaan,tuore_havainto,1.0,2010,120,1890,0,0.33
3893824496,tarkka,2022,10,ennallaan,tuore_havainto,1.0,2010,111,1899,0,1.0
3893830686,tarkka,2022,25,ennallaan,tuore_havainto,1.0,2010,114,1896,0,1.0
3893831520,tarkka,2022,10,ennallaan,tuore_havainto,1.0,2010,103,1907,0,1.0
3893834646,tarkka,2022,25,ennallaan,tuore_havainto,1.0,2010,70,1940,0,1.0
3893837648,tarkka,2022,25,ennallaan,tuore_havainto,1.0,2010,119,1891,0,0.89
3893842730,tarkka,2022,25,ennallaan,tuore_havainto,1.0,2010,115,1895,0,1.0
3893844540,tarkka,2022,10,ennallaan,tuore_havainto,1.0,2010,87,1923,0,1.0
3893851448,tarkka,2022,10,ennallaan,tuore_havainto,1.0,2010,90,1920,0,1.0
3893855426,tarkka,2022,8,ennallaan,tuore_havainto,1.0,2010,81,1929,0,1.0
3893864506,tarkka,2022,10,ennallaan,tuore_havainto,1.0,2010,121,1889,0,1.0
3893869344,tarkka,2022,75,epavarma,hakkuuaikomus,1.0,2010,84,1926,1,1.0
3893869496,tarkka,2022,10,ennallaan,tuore_havainto,1.0,2010,100,1910,0,1.0
3893872718,tarkka,2022,25,ennallaan,tuore_havainto,1.0,2010,116,1894,0,1.0
3893873381,tarkka,2022,25,ennallaan,tuore_havainto,1.0,2010,38,1972,0,1.0
3893873439,tarkka,2022,15,ennallaan,tuore_havainto,1.0,2010,91,1919,0,0.67
3893876021,tarkka,2022,10,ennallaan,tuore_havainto,1.0,2010,67,1943,0,1.0
3893876400,tarkka,2022,25,ennallaan,tuore_havainto,1.0,2010,118,1892,0,1.0
3893883483,tarkka,2022,10,ennallaan,tuore_havainto,1.0,2010,102,1908,0,1.0
3893884022,tarkka,2022,10,ennallaan,tuore_havainto,1.0,2010,76,1934,0,1.0
3893884426,tarkka,2022,10,ennallaan,tuore_havainto,1.0,2010,124,1886,0,1.0
3893887436,tarkka,2022,10,ennallaan,tuore_havainto,1.0,2010,102,1908,0,1.0
3893889830,tarkka,2022,25,ennallaan,tuore_havainto,1.0,2010,142,1868,0,1.0
3893892450,tarkka,2022,10,ennallaan,tuore_havainto,1.0,2010,109,1901,0,1.0
3893893626,tarkka,2022,25,ennallaan,tuore_havainto,1.0,2010,91,1919,0,1.0
3893897723,tarkka,2022,25,ennallaan,tuore_havainto,1.0,2010,75,1935,0,1.0
3893909397,tarkka,2022,10,ennallaan,tuore_havainto,1.0,2010,124,1886,0,1.0
3893914785,tarkka,2022,25,ennallaan,tuore_havainto,1.0,2010,132,1878,0,1.0
3893915477,tarkka,2022,10,ennallaan,tuore_havainto,1.0,2010,100,1910,0,1.0
3893916883,tarkka,2022,10,ennallaan,tuore_havainto,1.0,2010,69,1941,0,1.0
3893920476,tarkka,2022,10,ennallaan,tuore_havainto,1.0,2010,105,1905,0,1.0
3893925558,tarkka,2022,10,ennallaan,tuore_havainto,1.0,2010,100,1910,0,1.0
3893928042,tarkka,2022,10,ennallaan,tuore_havainto,1.0,2010,73,1937,0,1.0
3893930453,tarkka,2022,10,ennallaan,tuore_havainto,1.0,2010,107,1903,0,1.0
3893933326,tarkka,2022,8,ennallaan,tuore_havainto,1.0,2010,109,1901,0,1.0
3893935706,tarkka,2022,25,ennallaan,tuore_havainto,1.0,2010,133,1877,0,0.67
3893937329,tarkka,2022,10,ennallaan,tuore_havainto,1.0,2010,84,1926,0,1.0
3893940463,tarkka,2022,10,ennallaan,tuore_havainto,1.0,2010,105,1905,0,1.0
3893951596,tarkka,2022,8,ennallaan,tuore_havainto,1.0,2010,111,1899,0,1.0
3893955492,tarkka,2022,10,ennallaan,tuore_havainto,1.0,2010,133,1877,0,1.0
3893960483,tarkka,2022,10,ennallaan,tuore_havainto,1.0,2010,111,1899,0,1.0
3893962115,tarkka,2022,10,ennallaan,tuore_havainto,1.0,2010,72,1938,0,1.0
3893962394,tarkka,2022,8,ennallaan,tuore_havainto,1.0,2010,80,1930,0,1.0
3893962781,tarkka,2022,25,ennallaan,tuore_havainto,1.0,2010,120,1890,0,1.0
3893964979,tarkka,2022,25,ennallaan,tuore_havainto,1.0,2010,132,1878,0,1.0
3893965170,tarkka,2022,10,ennallaan,tuore_havainto,1.0,2010,72,1938,0,1.0
3893966033,tarkka,2022,25,ennallaan,tuore_havainto,1.0,2010,127,1883,0,1.0
3893974822,tarkka,2022,25,ennallaan,tuore_havainto,1.0,2010,123,1887,0,1.0
3893980462,tarkka,2022,25,ennallaan,tuore_havainto,1.0,2010,73,1937,0,1.0
3893981822,tarkka,2022,15,ennallaan,tuore_havainto,1.0,2010,159,1851,0,1.0
3893983659,tarkka,2022,25,ennallaan,tuore_havainto,1.0,2010,63,1947,0,1.0
3893988500,tarkka,2022,10,ennallaan,tuore_havainto,1.0,2010,100,1910,0,1.0
3893988645,tarkka,2022,25,ennallaan,tuore_havainto,1.0,2010,104,1906,0,1.0
3893996499,tarkka,2022,10,ennallaan,tuore_havainto,1.0,2010,105,1905,0,1.0
3894001930,tarkka,2022,10,ennallaan,tuore_havainto,1.0,2010,72,1938,0,1.0
3894004834,tarkka,2022,10,ennallaan,tuore_havainto,1.0,2010,69,1941,0,1.0
3894007468,summittainen,2022,500,ennallaan,tuore_havainto,1.0,2010,133,1877,0,0.67
3894007477,tarkka,2022,10,ennallaan,tuore_havainto,1.0,2010,108,1902,0,1.0
3894007678,tarkka,2022,25,ennallaan,tuore_havainto,1.0,2010,140,1870,0,1.0
3899138744,tarkka,2022,10,ennallaan,tuore_havainto,1.0,2010,90,1920,0,1.0
3899141777,tarkka,2022,10,epavarma,hakkuuaikomus,1.0,2010,91,1919,1,1.0
3899166539,tarkka,2022,10,ennallaan,tuore_havainto,1.0,2010,112,1898,0,0.67
3899169599,tarkka,2022,10,epavarma,hakkuuaikomus,0.78,2010,80,1930,1,1.0
3899184953,tarkka,2022,10,ennallaan,tuore_havainto,1.0,2010,117,1893,0,1.0
3899185657,tarkka,2022,10,ennallaan,tuore_havainto,1.0,2010,102,1908,0,1.0
3899186554,tarkka,2022,10,ennallaan,tuore_havainto,0.78,2010,85,1925,1,1.0
3899190012,tarkka,2022,10,ennallaan,tuore_havainto,1.0,2010,134,1876,0,1.0
3899193851,tarkka,2022,25,ei_tietoa,ei_metsavaratietoa,,2010,,,0,0.0
3899215542,tarkka,2022,10,epavarma,hakkuuaikomus,1.0,2010,83,1927,1,1.0
3899220670,tarkka,2022,10,ei_tietoa,ei_metsavaratietoa,,2010,,,0,0.0
3899221731,tarkka,2022,10,ennallaan,tuore_havainto,1.0,2010,89,1921,0,1.0
3899226837,tarkka,2022,25,ennallaan,tuore_havainto,1.0,2010,85,1925,0,1.0
3899236562,tarkka,2022,10,ennallaan,tuore_havainto,1.0,2010,76,1934,0,0.89
3899264887,tarkka,2022,10,ennallaan,tuore_havainto,1.0,2010,86,1924,0,1.0
3899273655,tarkka,2022,10,epavarma,hakkuuaikomus,1.0,2010,90,1920,1,1.0
3899279916,tarkka,2022,25,muuttunut,hakattu,0.67,2010,115,1895,2,1.0
3899289586,tarkka,2022,25,ennallaan,tuore_havainto,1.0,2010,132,1878,0,1.0
3899323601,tarkka,2022,10,ei_tietoa,ei_metsavaratietoa,,2010,,,0,0.0
3899324905,tarkka,2022,10,ennallaan,tuore_havainto,1.0,2010,98,1912,0,1.0
3899374423,tarkka,2022,150,ennallaan,tuore_havainto,1.0,2010,85,1925,2,1.0
3899376888,tarkka,2022,10,ennallaan,tuore_havainto,1.0,2010,89,1921,0,1.0
3899405626,tarkka,2022,10,ennallaan,tuore_havainto,1.0,2010,87,1923,0,1.0
3899426722,tarkka,2022,10,ei_tietoa,ei_metsavaratietoa,,2010,,,0,0.0
3899436660,tarkka,2022,25,ennallaan,tuore_havainto,1.0,2010,132,1878,0,1.0
3920063002,tarkka,2022,25,ennallaan,tuore_havainto,1.0,2010,108,1902,0,1.0
3920105477,tarkka,2022,25,ennallaan,tuore_havainto,1.0,2010,92,1918,0,1.0
3920505551,tarkka,2022,40,ennallaan,tuore_havainto,1.0,2010,82,1928,0,0.78
3964153135,tarkka,2022,10,ennallaan,tuore_havainto,1.0,2010,103,1907,0,1.0
3964288045,tarkka,2022,10,ennallaan,tuore_havainto,1.0,2010,104,1906,0,1.0
3964333983,tarkka,2022,10,ennallaan,tuore_havainto,1.0,2010,106,1904,0,1.0
3964354766,tarkka,2022,10,ennallaan,tuore_havainto,1.0,2010,131,1879,0,1.0
3964403940,tarkka,2022,10,ennallaan,tuore_havainto,1.0,2010,122,1888,0,1.0
3964407133,tarkka,2022,10,ennallaan,tuore_havainto,1.0,2010,104,1906,0,1.0
3964433833,tarkka,2022,25,muuttunut,hakattu,1.0,2010,91,1919,2,1.0
3964433967,tarkka,2022,10,ennallaan,tuore_havainto,1.0,2010,96,1914,0,1.0
3964564317,tarkka,2022,10,ennallaan,tuore_havainto,1.0,2010,84,1926,0,1.0
3992987318,tarkka,2022,10,ennallaan,tuore_havainto,1.0,2010,90,1920,0,1.0
3993010097,tarkka,2022,10,ennallaan,tuore_havainto,1.0,2010,105,1905,0,1.0
3993021145,tarkka,2022,10,ei_tietoa,ei_metsavaratietoa,,2010,,,0,0.0
3993026804,tarkka,2022,25,ennallaan,tuore_havainto,1.0,2010,77,1933,0,1.0
3993045171,tarkka,2022,10,ennallaan,tuore_havainto,1.0,2010,137,1873,0,1.0
3993070309,tarkka,2022,10,ennallaan,tuore_havainto,1.0,2010,121,1889,2,1.0
3993090500,tarkka,2022,10,ennallaan,tuore_havainto,1.0,2010,148,1862,0,1.0
3993091545,tarkka,2022,10,ennallaan,tuore_havainto,1.0,2010,141,1869,0,1.0
3993099319,tarkka,2022,10,ennallaan,tuore_havainto,1.0,2010,95,1915,0,1.0
3993103305,tarkka,2022,25,ennallaan,tuore_havainto,1.0,2010,52,1958,2,1.0
3993123175,tarkka,2022,10,ennallaan,tuore_havainto,1.0,2010,47,1963,0,1.0
3993142972,tarkka,2022,10,muuttunut,hakattu,1.0,2010,,,2,0.0
3993150182,tarkka,2022,10,muuttunut,hakattu,1.0,2010,,,2,0.0
3993157819,tarkka,2022,10,muuttunut,hakattu,1.0,2010,,,2,0.0
3993162588,tarkka,2022,10,muuttunut,hakattu,1.0,2010,145,1865,2,0.56
3993172855,tarkka,2022,10,ennallaan,tuore_havainto,1.0,2010,63,1947,0,1.0
3993178602,tarkka,2022,10,ei_tietoa,ei_metsavaratietoa,,2010,,,0,0.0
3993226980,tarkka,2022,10,ennallaan,tuore_havainto,1.0,2010,67,1943,0,1.0
3993244333,tarkka,2022,10,ennallaan,tuore_havainto,1.0,2010,99,1911,0,1.0
3993244334,tarkka,2022,10,muuttunut,hakattu,1.0,2010,,,2,0.0
4013536695,tarkka,2022,20,ennallaan,tuore_havainto,1.0,2010,124,1886,0,1.0
4013642744,tarkka,2022,20,epavarma,osa_alueesta_hakattu,0.44,2010,127,1883,2,1.0
4024094712,tarkka,2022,25,ennallaan,tuore_havainto,1.0,2010,69,1941,0,1.0
4024099330,tarkka,2022,10,ennallaan,tuore_havainto,1.0,2010,148,1862,0,1.0
4024104306,tarkka,2022,10,ennallaan,tuore_havainto,1.0,2010,161,1849,0,1.0
4024121330,tarkka,2022,10,ennallaan,tuore_havainto,1.0,2010,152,1858,0,1.0
4024141623,tarkka,2022,25,ennallaan,tuore_havainto,1.0,2010,99,1911,0,1.0
4024146665,tarkka,2022,25,muuttunut,hakattu,1.0,2010,65,1945,2,1.0
4024185334,tarkka,2022,10,ennallaan,tuore_havainto,1.0,2010,151,1859,0,1.0
4024232324,tarkka,2022,10,ennallaan,tuore_havainto,1.0,2010,65,1945,0,1.0
4024240577,tarkka,2022,25,ennallaan,tuore_havainto,1.0,2010,128,1882,0,0.89
4024258326,tarkka,2022,10,ennallaan,tuore_havainto,1.0,2010,166,1844,0,1.0
4024264322,tarkka,2022,10,ennallaan,tuore_havainto,1.0,2010,153,1857,0,1.0
4024284706,tarkka,2022,25,ennallaan,tuore_havainto,1.0,2010,130,1880,0,1.0
4024340332,tarkka,2022,10,ennallaan,tuore_havainto,1.0,2010,170,1840,0,1.0
4024373304,tarkka,2022,10,ennallaan,tuore_havainto,1.0,2010,153,1857,0,1.0
4027881111,tarkka,2022,10,ennallaan,tuore_havainto,1.0,2010,81,1929,0,1.0
4027937104,tarkka,2022,10,ennallaan,tuore_havainto,1.0,2010,83,1927,0,1.0
4027956023,tarkka,2022,10,ennallaan,tuore_havainto,1.0,2010,62,1948,0,1.0
4027981286,tarkka,2022,10,ennallaan,tuore_havainto,1.0,2010,57,1953,0,1.0
4028083725,tarkka,2022,10,ennallaan,tuore_havainto,1.0,2010,123,1887,0,1.0
4033414029,tarkka,2022,10,ennallaan,tuore_havainto,1.0,2010,94,1916,0,1.0
4033468943,tarkka,2022,10,muuttunut,hakattu,0.89,2010,80,1930,2,1.0
4033514443,tarkka,2022,10,ennallaan,tuore_havainto,1.0,2010,79,1931,0,1.0
4131144785,tarkka,2022,10,ennallaan,tuore_havainto,1.0,2010,108,1902,0,1.0
4131147692,tarkka,2022,10,ennallaan,tuore_havainto,1.0,2010,62,1948,0,1.0
4131152614,tarkka,2022,10,ei_tietoa,ei_metsavaratietoa,,2010,,,0,0.0
4131161924,tarkka,2022,10,ennallaan,tuore_havainto,1.0,2010,108,1902,0,1.0
4131164977,tarkka,2022,10,ennallaan,tuore_havainto,1.0,2010,132,1878,0,1.0
4131184927,tarkka,2022,10,ei_tietoa,ei_metsavaratietoa,,2010,,,0,0.0
4131186015,tarkka,2022,10,ennallaan,tuore_havainto,1.0,2010,100,1910,0,0.67
4131186041,tarkka,2022,10,ennallaan,tuore_havainto,1.0,2010,130,1880,0,1.0
4131196900,tarkka,2022,10,ennallaan,tuore_havainto,1.0,2010,118,1892,0,1.0
4131200579,tarkka,2022,10,ei_tietoa,ei_metsavaratietoa,,2010,,,0,0.0
4131200596,tarkka,2022,10,ennallaan,tuore_havainto,1.0,2010,101,1909,0,1.0
4131202606,tarkka,2022,10,ennallaan,tuore_havainto,1.0,2010,71,1939,0,1.0
4131205530,tarkka,2022,10,ennallaan,tuore_havainto,1.0,2010,151,1859,0,1.0
4131206580,tarkka,2022,10,ennallaan,tuore_havainto,1.0,2010,80,1930,0,1.0
4131215069,tarkka,2022,10,ei_tietoa,ei_metsavaratietoa,,2010,,,0,0.0
4131219887,tarkka,2022,10,epavarma,osa_alueesta_hakattu,0.33,2010,88,1922,2,1.0
4131226958,tarkka,2022,10,ennallaan,tuore_havainto,1.0,2010,87,1923,0,1.0
4131228412,tarkka,2022,10,ennallaan,tuore_havainto,1.0,2010,90,1920,0,1.0
4131229480,tarkka,2022,10,ennallaan,tuore_havainto,1.0,2010,97,1913,0,1.0
4131234843,tarkka,2022,10,ei_tietoa,ei_metsavaratietoa,,2010,,,0,0.0
4131235985,tarkka,2022,10,ennallaan,tuore_havainto,1.0,2010,158,1852,0,1.0
4131235991,tarkka,2022,10,ei_tietoa,ei_metsavaratietoa,,2010,,,0,0.0
4131237049,tarkka,2022,10,ennallaan,tuore_havainto,1.0,2010,99,1911,0,1.0
4131237900,tarkka,2022,10,ennallaan,tuore_havainto,1.0,2010,123,1887,0,1.0
4131243784,tarkka,2022,10,ennallaan,tuore_havainto,1.0,2010,105,1905,0,1.0
4131275793,tarkka,2022,10,ennallaan,tuore_havainto,1.0,2010,120,1890,0,1.0
4131278946,tarkka,2022,10,ennallaan,tuore_havainto,1.0,2010,99,1911,0,1.0
4131278964,tarkka,2022,10,ennallaan,tuore_havainto,1.0,2010,98,1912,0,1.0
4131279573,tarkka,2022,10,muuttunut,hakattu,0.56,2010,90,1920,2,1.0
4131282965,tarkka,2022,10,ennallaan,tuore_havainto,1.0,2010,135,1875,0,0.11
4131284845,tarkka,2022,10,ennallaan,tuore_havainto,1.0,2010,113,1897,0,1.0
4131291633,tarkka,2022,10,ennallaan,tuore_havainto,1.0,2010,83,1927,0,1.0
4131291634,tarkka,2022,10,epavarma,hakkuuaikomus,1.0,2010,,,1,0.0
4131292895,tarkka,2022,10,ennallaan,tuore_havainto,1.0,2010,132,1878,0,1.0
4131294686,tarkka,2022,10,ennallaan,tuore_havainto,1.0,2010,124,1886,0,1.0
4131296087,tarkka,2022,10,ennallaan,tuore_havainto,1.0,2010,176,1834,0,1.0
4131308795,tarkka,2022,10,ei_tietoa,ei_metsavaratietoa,,2010,,,0,0.0
4131323634,tarkka,2022,10,ennallaan,tuore_havainto,1.0,2010,88,1922,0,1.0
4131329688,tarkka,2022,10,epavarma,hakkuuaikomus,1.0,2010,,,1,0.0
4131340825,tarkka,2022,10,ennallaan,tuore_havainto,1.0,2010,116,1894,0,1.0
4131347066,tarkka,2022,10,ennallaan,tuore_havainto,1.0,2010,90,1920,0,1.0
4131349915,tarkka,2022,10,ennallaan,tuore_havainto,1.0,2010,94,1916,0,1.0
4131352694,tarkka,2022,10,ennallaan,tuore_havainto,1.0,2010,111,1899,0,1.0
4131354443,tarkka,2022,10,ennallaan,tuore_havainto,1.0,2010,110,1900,0,1.0
4131359699,tarkka,2022,10,ennallaan,tuore_havainto,1.0,2010,111,1899,0,1.0
4131369775,tarkka,2022,10,ei_tietoa,ei_metsavaratietoa,,2010,,,0,0.0
4131378982,tarkka,2022,10,ennallaan,tuore_havainto,1.0,2010,81,1929,0,1.0
4131379875,tarkka,2022,10,ennallaan,tuore_havainto,1.0,2010,145,1865,0,1.0
4131379880,tarkka,2022,10,ennallaan,tuore_havainto,1.0,2010,93,1917,0,1.0
4131384824,tarkka,2022,10,ennallaan,tuore_havainto,1.0,2010,99,1911,0,1.0
4131388805,tarkka,2022,10,ennallaan,tuore_havainto,1.0,2010,104,1906,0,1.0
4131391864,tarkka,2022,10,ennallaan,tuore_havainto,1.0,2010,121,1889,0,1.0
4131410572,tarkka,2022,10,ennallaan,tuore_havainto,1.0,2010,110,1900,0,1.0
4131412785,tarkka,2022,10,ei_tietoa,ei_metsavaratietoa,,2010,,,0,0.0
4131427559,tarkka,2022,10,ennallaan,tuore_havainto,1.0,2010,92,1918,0,1.0
4131428736,tarkka,2022,10,ennallaan,tuore_havainto,1.0,2010,121,1889,0,1.0
4131455668,tarkka,2022,10,ennallaan,tuore_havainto,1.0,2010,99,1911,0,1.0
4131456910,tarkka,2022,10,ei_tietoa,ei_metsavaratietoa,,2010,,,0,0.0
4131459386,tarkka,2022,10,ei_tietoa,ei_metsavaratietoa,,2010,,,0,0.0
4131462642,tarkka,2022,10,ei_tietoa,ei_metsavaratietoa,,2010,,,0,0.0
4131465491,tarkka,2022,10,ennallaan,tuore_havainto,1.0,2010,100,1910,0,1.0
4131482059,tarkka,2022,10,ennallaan,tuore_havainto,1.0,2010,168,1842,0,1.0
4135251561,tarkka,2022,100,ennallaan,tuore_havainto,1.0,2010,109,1901,2,0.78
5061695302,tarkka,2022,150,epavarma,osa_alueesta_hakattu,0.11,2010,73,1937,2,1.0
3899151125,tarkka,2022,10,epavarma,hakkuuaikomus,0.78,2010,88,1922,1,1.0
3899156188,tarkka,2022,10,ennallaan,tuore_havainto,1.0,2010,97,1913,0,1.0
3899178178,tarkka,2022,10,ennallaan,tuore_havainto,0.67,2010,89,1921,1,1.0
3899185910,tarkka,2022,10,epavarma,hakkuuaikomus,0.78,2010,86,1924,1,1.0
3899235673,tarkka,2022,10,ennallaan,tuore_havainto,1.0,2010,111,1899,0,1.0
3899268587,tarkka,2022,10,ennallaan,tuore_havainto,1.0,2010,83,1927,0,1.0
3899297926,tarkka,2022,10,ennallaan,tuore_havainto,1.0,2010,123,1887,0,1.0
3899348133,tarkka,2022,10,ennallaan,tuore_havainto,1.0,2010,123,1887,0,1.0
3899351968,tarkka,2022,10,ennallaan,tuore_havainto,1.0,2010,87,1923,0,0.67
3899352116,tarkka,2022,10,ennallaan,tuore_havainto,1.0,2010,112,1898,0,1.0
3899359814,tarkka,2022,10,epavarma,hakkuuaikomus,0.89,2010,90,1920,1,1.0
3899381273,tarkka,2022,10,ennallaan,tuore_havainto,1.0,2010,88,1922,0,1.0
3899388160,tarkka,2022,10,ennallaan,tuore_havainto,1.0,2010,90,1920,0,1.0
3899419057,tarkka,2022,10,ennallaan,tuore_havainto,1.0,2010,82,1928,0,1.0
3899440001,tarkka,2022,10,ennallaan,tuore_havainto,1.0,2010,95,1915,0,1.0
3899448883,tarkka,2022,10,epavarma,hakkuuaikomus,0.56,2010,89,1921,1,1.0
3899450744,tarkka,2022,10,epavarma,hakkuuaikomus,1.0,2010,90,1920,1,1.0
3899454458,tarkka,2022,10,ennallaan,tuore_havainto,1.0,2010,100,1910,0,1.0
3899455633,summittainen,2022,1000,ennallaan,tuore_havainto,1.0,2010,78,1932,0,1.0
3899459958,tarkka,2022,10,ennallaan,tuore_havainto,1.0,2010,110,1900,0,1.0
3899465812,tarkka,2022,10,ennallaan,tuore_havainto,1.0,2010,121,1889,0,1.0
3899468329,tarkka,2022,10,ennallaan,tuore_havainto,1.0,2010,95,1915,0,1.0
3899470444,tarkka,2022,10,ennallaan,tuore_havainto,1.0,2010,125,1885,0,1.0
3899472592,tarkka,2022,10,ennallaan,tuore_havainto,1.0,2010,125,1885,0,1.0
3899478316,tarkka,2022,10,ennallaan,tuore_havainto,0.78,2010,93,1917,2,1.0
3899498007,tarkka,2022,10,ennallaan,tuore_havainto,1.0,2010,96,1914,0,1.0
3899500489,tarkka,2022,10,epavarma,hakkuuaikomus,0.67,2010,89,1921,1,1.0
3899532334,tarkka,2022,10,ennallaan,tuore_havainto,1.0,2010,114,1896,0,1.0
3899537587,tarkka,2022,25,ennallaan,tuore_havainto,1.0,2010,65,1945,0,0.78
3899539617,tarkka,2022,10,epavarma,hakkuuaikomus,1.0,2010,91,1919,1,1.0
3899541973,tarkka,2022,10,ennallaan,tuore_havainto,1.0,2010,111,1899,0,1.0
3899542462,tarkka,2022,10,epavarma,hakkuuaikomus,1.0,2010,88,1922,1,1.0
3899544312,tarkka,2022,10,ennallaan,tuore_havainto,1.0,2010,89,1921,0,1.0
3899545498,tarkka,2022,10,ennallaan,tuore_havainto,1.0,2010,97,1913,0,1.0
3899547364,tarkka,2022,10,epavarma,hakkuuaikomus,1.0,2010,87,1923,1,1.0
3899548605,tarkka,2022,10,ennallaan,tuore_havainto,1.0,2010,92,1918,0,1.0
3899567378,tarkka,2022,10,epavarma,hakkuuaikomus,0.89,2010,89,1921,1,1.0
3899575501,tarkka,2022,10,epavarma,hakkuuaikomus,1.0,2010,87,1923,1,1.0
3899575846,tarkka,2022,10,ennallaan,tuore_havainto,1.0,2010,90,1920,0,1.0
3918902260,tarkka,2022,10,ennallaan,tuore_havainto,1.0,2010,75,1935,0,1.0
3919131597,tarkka,2022,10,ennallaan,tuore_havainto,1.0,2010,112,1898,0,1.0
3919219699,tarkka,2022,10,ennallaan,tuore_havainto,1.0,2010,69,1941,0,1.0
3919238617,tarkka,2022,10,ennallaan,tuore_havainto,1.0,2010,58,1952,0,0.78
3919255546,tarkka,2022,10,ennallaan,tuore_havainto,1.0,2010,100,1910,0,1.0
3919267063,tarkka,2022,10,ennallaan,tuore_havainto,1.0,2010,108,1902,0,1.0
3919293176,tarkka,2022,10,ennallaan,tuore_havainto,1.0,2010,77,1933,0,1.0
3919299597,tarkka,2022,10,ennallaan,tuore_havainto,1.0,2010,102,1908,0,1.0
3919365767,tarkka,2022,10,ei_tietoa,ei_metsavaratietoa,,2010,,,0,0.0
3919382774,tarkka,2022,10,ennallaan,tuore_havainto,1.0,2010,123,1887,0,1.0
3919388262,tarkka,2022,25,ennallaan,tuore_havainto,1.0,2010,77,1933,0,1.0
3919394109,tarkka,2022,10,ennallaan,tuore_havainto,1.0,2010,79,1931,0,1.0
3919516055,tarkka,2022,10,ennallaan,tuore_havainto,1.0,2010,121,1889,0,1.0
3919617147,tarkka,2022,10,ennallaan,tuore_havainto,1.0,2010,83,1927,0,1.0
3919624564,tarkka,2022,10,ennallaan,tuore_havainto,1.0,2010,80,1930,0,1.0
3919647696,summittainen,2022,400,ennallaan,tuore_havainto,1.0,2010,93,1917,0,0.89
3919662382,tarkka,2022,10,ennallaan,tuore_havainto,1.0,2010,117,1893,0,1.0
3919677019,tarkka,2022,25,ennallaan,tuore_havainto,1.0,2010,73,1937,0,1.0
3919692665,tarkka,2022,10,ennallaan,tuore_havainto,1.0,2010,90,1920,0,1.0
3919692996,tarkka,2022,10,ennallaan,tuore_havainto,1.0,2010,88,1922,0,1.0
3919702028,tarkka,2022,10,ennallaan,tuore_havainto,1.0,2010,105,1905,0,0.89
3919706809,tarkka,2022,10,ennallaan,tuore_havainto,1.0,2010,67,1943,0,1.0
3919711143,tarkka,2022,10,ennallaan,tuore_havainto,1.0,2010,130,1880,0,1.0
3919753331,tarkka,2022,10,ennallaan,tuore_havainto,1.0,2010,107,1903,0,1.0
3919780692,tarkka,2022,10,ennallaan,tuore_havainto,1.0,2010,81,1929,0,1.0
3919836286,tarkka,2022,10,ennallaan,tuore_havainto,1.0,2010,69,1941,0,1.0
3919856196,tarkka,2022,10,ei_tietoa,ei_metsavaratietoa,,2010,,,0,0.0
3919882508,tarkka,2022,10,ennallaan,tuore_havainto,1.0,2010,123,1887,0,1.0
3919960797,summittainen,2022,765,ennallaan,tuore_havainto,1.0,2010,88,1922,0,0.67
3919970094,tarkka,2022,10,ennallaan,tuore_havainto,1.0,2010,106,1904,0,1.0
3919994081,tarkka,2022,10,ennallaan,tuore_havainto,1.0,2010,73,1937,0,1.0
3920002305,alueellinen,2022,1414,ei_tietoa,liian_epatarkka,,,,,,
3920019259,tarkka,2022,10,ennallaan,tuore_havainto,1.0,2010,83,1927,0,1.0
3920023025,tarkka,2022,10,ennallaan,tuore_havainto,1.0,2010,88,1922,0,1.0
3920032024,tarkka,2022,10,ennallaan,tuore_havainto,1.0,2010,68,1942,0,1.0
3920089216,tarkka,2022,25,ennallaan,tuore_havainto,1.0,2010,100,1910,0,0.89
3920095308,tarkka,2022,10,ennallaan,tuore_havainto,1.0,2010,88,1922,0,1.0
3920098942,tarkka,2022,25,ennallaan,tuore_havainto,1.0,2010,117,1893,0,1.0
3920120490,tarkka,2022,10,ennallaan,tuore_havainto,1.0,2010,87,1923,0,1.0
3920127465,tarkka,2022,10,ennallaan,tuore_havainto,1.0,2010,75,1935,0,1.0
3920130719,tarkka,2022,10,ennallaan,tuore_havainto,1.0,2010,102,1908,0,1.0
3920194882,tarkka,2022,25,ennallaan,tuore_havainto,1.0,2010,95,1915,0,1.0
3920214996,tarkka,2022,100,ennallaan,tuore_havainto,1.0,2010,68,1942,0,1.0
3920239686,tarkka,2022,10,ennallaan,tuore_havainto,1.0,2010,118,1892,0,1.0
3920253197,tarkka,2022,25,ennallaan,tuore_havainto,1.0,2010,110,1900,0,1.0
3920310896,tarkka,2022,10,ennallaan,tuore_havainto,1.0,2010,132,1878,0,1.0
3920311245,tarkka,2022,25,ennallaan,tuore_havainto,1.0,2010,120,1890,0,1.0
3920311297,tarkka,2022,10,ei_tietoa,ei_metsavaratietoa,,2010,,,0,0.0
3920311487,tarkka,2022,25,ennallaan,tuore_havainto,1.0,2010,94,1916,0,1.0
3920325096,tarkka,2022,10,ennallaan,tuore_havainto,1.0,2010,77,1933,0,1.0
3920332557,tarkka,2022,10,ennallaan,tuore_havainto,1.0,2010,86,1924,0,1.0
3920333324,tarkka,2022,10,ennallaan,tuore_havainto,1.0,2010,84,1926,0,1.0
3920363857,tarkka,2022,10,ennallaan,tuore_havainto,1.0,2010,93,1917,0,1.0
3920391114,tarkka,2022,10,ennallaan,tuore_havainto,1.0,2010,80,1930,0,1.0
3920447587,tarkka,2022,10,ennallaan,tuore_havainto,0.78,2010,84,1926,1,1.0
3920453939,tarkka,2022,25,ennallaan,tuore_havainto,1.0,2010,90,1920,0,1.0
3920453975,tarkka,2022,10,ennallaan,tuore_havainto,1.0,2010,80,1930,0,1.0
3920466883,tarkka,2022,25,ennallaan,tuore_havainto,1.0,2010,117,1893,0,1.0
3920476129,tarkka,2022,10,ennallaan,tuore_havainto,1.0,2010,87,1923,0,1.0
3920488111,tarkka,2022,10,ennallaan,tuore_havainto,1.0,2010,87,1923,0,1.0
3920495113,tarkka,2022,10,ennallaan,tuore_havainto,1.0,2010,114,1896,0,1.0
3920497861,tarkka,2022,10,ennallaan,tuore_havainto,1.0,2010,128,1882,0,1.0
3920498623,tarkka,2022,25,ennallaan,tuore_havainto,1.0,2010,90,1920,0,1.0
3920501334,tarkka,2022,10,ennallaan,tuore_havainto,1.0,2010,82,1928,0,1.0
3920505904,tarkka,2022,10,ennallaan,tuore_havainto,1.0,2010,111,1899,0,1.0
3920507239,tarkka,2022,10,ennallaan,tuore_havainto,1.0,2010,109,1901,0,0.67
3920508493,tarkka,2022,10,ennallaan,tuore_havainto,1.0,2010,80,1930,0,1.0
3920521020,tarkka,2022,10,ennallaan,tuore_havainto,1.0,2010,76,1934,0,1.0
3920525005,tarkka,2022,25,ennallaan,tuore_havainto,1.0,2010,89,1921,0,1.0
3920525407,tarkka,2022,25,ennallaan,tuore_havainto,1.0,2010,66,1944,0,1.0
3920525778,tarkka,2022,10,ennallaan,tuore_havainto,1.0,2010,82,1928,0,1.0
3920535495,tarkka,2022,10,ennallaan,tuore_havainto,1.0,2010,66,1944,0,1.0
3920539803,tarkka,2022,10,ennallaan,tuore_havainto,1.0,2010,72,1938,0,1.0
3920541091,tarkka,2022,25,ennallaan,tuore_havainto,1.0,2010,95,1915,0,1.0
3920558841,summittainen,2022,400,ennallaan,tuore_havainto,1.0,2010,75,1935,0,1.0
3964151249,tarkka,2022,10,ennallaan,tuore_havainto,1.0,2010,107,1903,0,1.0
3964242323,tarkka,2022,50,ennallaan,tuore_havainto,1.0,2010,95,1915,0,0.89
3964320007,tarkka,2022,10,ennallaan,tuore_havainto,1.0,2010,102,1908,0,1.0
3964437777,tarkka,2022,10,muuttunut,hakattu,1.0,2010,50,1960,2,1.0
3992951320,tarkka,2022,10,ennallaan,tuore_havainto,1.0,2010,82,1928,2,1.0
3993085318,tarkka,2022,10,ennallaan,tuore_havainto,1.0,2010,83,1927,0,1.0
3993285676,tarkka,2022,25,ennallaan,tuore_havainto,1.0,2010,102,1908,0,0.89
3993381464,tarkka,2022,25,ennallaan,tuore_havainto,1.0,2010,121,1889,0,1.0
3993422703,tarkka,2022,25,ennallaan,tuore_havainto,1.0,2010,117,1893,0,1.0
3993432170,tarkka,2022,25,ennallaan,tuore_havainto,1.0,2010,112,1898,0,1.0
3993462379,tarkka,2022,10,ennallaan,tuore_havainto,1.0,2010,117,1893,0,1.0
4005899385,tarkka,2022,25,ennallaan,tuore_havainto,0.56,2010,81,1929,1,1.0
4006048682,tarkka,2022,5,ennallaan,tuore_havainto,1.0,2010,93,1917,0,1.0
4006078439,tarkka,2022,5,ennallaan,tuore_havainto,1.0,2010,66,1944,0,1.0
4006103194,tarkka,2022,5,ennallaan,tuore_havainto,1.0,2010,102,1908,0,1.0
4006145247,tarkka,2022,5,ennallaan,tuore_havainto,1.0,2010,122,1888,0,1.0
4006167817,tarkka,2022,5,ennallaan,tuore_havainto,1.0,2010,76,1934,0,1.0
4006189148,tarkka,2022,5,ennallaan,tuore_havainto,1.0,2010,80,1930,0,1.0
4006202538,tarkka,2022,5,ennallaan,tuore_havainto,1.0,2010,104,1906,0,1.0
4013620236,tarkka,2022,20,ennallaan,tuore_havainto,1.0,2010,13,1997,0,1.0
4013741071,tarkka,2022,20,ennallaan,tuore_havainto,1.0,2010,38,1972,0,1.0
4013833664,tarkka,2022,20,ennallaan,tuore_havainto,1.0,2010,31,1979,0,1.0
4013887594,tarkka,2022,20,ennallaan,tuore_havainto,1.0,2010,34,1976,0,1.0
4013907522,tarkka,2022,20,ennallaan,tuore_havainto,1.0,2010,37,1973,0,1.0
4014084430,tarkka,2022,229,ennallaan,tuore_havainto,1.0,2010,92,1918,0,0.78
4024096301,tarkka,2022,10,ennallaan,tuore_havainto,1.0,2010,89,1921,0,1.0
4024156302,tarkka,2022,10,ennallaan,tuore_havainto,1.0,2010,113,1897,2,1.0
4024179302,tarkka,2022,10,ennallaan,tuore_havainto,1.0,2010,120,1890,2,1.0
4028000902,tarkka,2022,10,ennallaan,tuore_havainto,1.0,2010,92,1918,0,1.0
4028078250,tarkka,2022,10,ennallaan,tuore_havainto,1.0,2010,94,1916,0,1.0
4028084681,tarkka,2022,10,ennallaan,tuore_havainto,1.0,2010,87,1923,0,1.0
4033472001,tarkka,2022,10,ennallaan,tuore_havainto,1.0,2010,70,1940,0,1.0
4053268301,tarkka,2022,25,ennallaan,tuore_havainto,1.0,2010,111,1899,0,1.0
4053285301,tarkka,2022,25,ennallaan,tuore_havainto,1.0,2010,111,1899,0,1.0
4053299301,tarkka,2022,25,ennallaan,tuore_havainto,1.0,2010,97,1913,0,1.0
4053308302,tarkka,2022,25,ennallaan,tuore_havainto,1.0,2010,107,1903,0,1.0
4053311301,tarkka,2022,25,ennallaan,tuore_havainto,1.0,2010,104,1906,0,1.0
4053335301,tarkka,2022,25,ennallaan,tuore_havainto,1.0,2010,105,1905,0,1.0
4053355301,tarkka,2022,25,ennallaan,tuore_havainto,1.0,2010,105,1905,0,1.0
4053536302,tarkka,2022,25,ennallaan,tuore_havainto,1.0,2010,110,1900,0,1.0
4053537303,tarkka,2022,25,ennallaan,tuore_havainto,1.0,2010,114,1896,0,1.0
4053543301,tarkka,2022,25,ennallaan,tuore_havainto,1.0,2010,107,1903,0,1.0
4131147681,tarkka,2022,10,ennallaan,tuore_havainto,1.0,2010,130,1880,0,1.0
4131147684,tarkka,2022,10,ennallaan,tuore_havainto,1.0,2010,19,1991,0,1.0
4131155437,tarkka,2022,10,ennallaan,tuore_havainto,1.0,2010,87,1923,0,1.0
4131215088,tarkka,2022,10,ennallaan,tuore_havainto,1.0,2010,58,1952,0,0.44
4131219054,tarkka,2022,10,ennallaan,tuore_havainto,1.0,2010,119,1891,0,1.0
4131226987,tarkka,2022,10,ennallaan,tuore_havainto,1.0,2010,89,1921,0,0.78
4131239565,tarkka,2022,10,ennallaan,tuore_havainto,1.0,2010,134,1876,0,1.0
4131271901,tarkka,2022,10,ennallaan,tuore_havainto,1.0,2010,102,1908,0,0.89
4131279561,tarkka,2022,10,ennallaan,tuore_havainto,1.0,2010,101,1909,0,1.0
4131296111,tarkka,2022,10,ennallaan,tuore_havainto,1.0,2010,50,1960,0,1.0
4131334796,tarkka,2022,10,ennallaan,tuore_havainto,1.0,2010,143,1867,0,1.0
4131358588,tarkka,2022,10,ennallaan,tuore_havainto,1.0,2010,132,1878,0,1.0
4131384867,tarkka,2022,10,ennallaan,tuore_havainto,1.0,2010,117,1893,0,1.0
4131385742,tarkka,2022,10,muuttunut,hakattu,1.0,2010,102,1908,2,1.0
4131401686,tarkka,2022,10,ennallaan,tuore_havainto,1.0,2010,93,1917,0,1.0
4131402414,tarkka,2022,10,ennallaan,tuore_havainto,1.0,2010,115,1895,0,1.0
4131410562,tarkka,2022,10,ennallaan,tuore_havainto,1.0,2010,109,1901,0,0.33
4131428752,tarkka,2022,10,ennallaan,tuore_havainto,1.0,2010,110,1900,0,1.0
4131429812,tarkka,2022,10,ennallaan,tuore_havainto,1.0,2010,104,1906,0,1.0
4131440956,tarkka,2022,10,ennallaan,tuore_havainto,1.0,2010,99,1911,0,0.22
4131454020,tarkka,2022,10,ennallaan,tuore_havainto,1.0,2010,77,1933,0,1.0
4131470884,tarkka,2022,10,ennallaan,tuore_havainto,1.0,2010,45,1965,0,1.0
4131480937,tarkka,2022,10,ennallaan,tuore_havainto,1.0,2010,13,1997,0,1.0
4131482100,tarkka,2022,10,ennallaan,tuore_havainto,1.0,2010,108,1902,0,1.0
4428842333,tarkka,2022,10,epavarma,hakkuuaikomus,0.89,2010,57,1953,1,1.0
4428864348,tarkka,2022,10,epavarma,hakkuuaikomus,1.0,2010,66,1944,1,1.0
5054946980,tarkka,2022,10,ennallaan,tuore_havainto,1.0,2010,58,1952,0,0.78
5836100265,tarkka,2022,25,ennallaan,tuore_havainto,1.0,2010,63,1947,0,1.0
5836101131,tarkka,2022,25,ennallaan,tuore_havainto,1.0,2010,43,1967,2,1.0
3964242633,tarkka,2022,50,ennallaan,tuore_havainto,1.0,2010,114,1896,0,1.0
3964314986,tarkka,2022,10,ennallaan,tuore_havainto,1.0,2010,79,1931,0,1.0
3964365908,tarkka,2022,10,ennallaan,tuore_havainto,1.0,2010,88,1922,0,1.0
3992965803,tarkka,2022,25,ennallaan,tuore_havainto,1.0,2010,113,1897,0,1.0
3899456478,tarkka,2022,10,ennallaan,tuore_havainto,1.0,2010,89,1921,0,1.0
3899500709,tarkka,2022,10,ennallaan,tuore_havainto,1.0,2010,95,1915,0,1.0
3899543968,tarkka,2022,10,ennallaan,tuore_havainto,1.0,2010,93,1917,0,1.0
4014045222,tarkka,2022,10,ennallaan,tuore_havainto,1.0,2010,104,1906,0,1.0
4065480771,tarkka,2022,10,ei_tietoa,ei_metsavaratietoa,,2010,,,0,0.0
3429557937,tarkka,2021,25,ennallaan,tuore_havainto,1.0,2010,70,1940,0,1.0
3429566449,tarkka,2021,10,ennallaan,tuore_havainto,1.0,2010,123,1887,0,1.0
3429583523,tarkka,2021,25,ennallaan,tuore_havainto,1.0,2010,136,1874,0,0.33
3429607795,tarkka,2021,50,ennallaan,tuore_havainto,1.0,2010,110,1900,0,0.89
3429815419,tarkka,2021,10,muuttunut,hakattu,0.56,2010,76,1934,2,1.0
3429831723,tarkka,2021,25,ennallaan,tuore_havainto,1.0,2010,120,1890,0,1.0
3429994047,tarkka,2021,10,ennallaan,tuore_havainto,1.0,2010,114,1896,0,1.0
3430075194,tarkka,2021,25,ennallaan,tuore_havainto,1.0,2010,99,1911,0,1.0
3430180448,tarkka,2021,10,ennallaan,tuore_havainto,1.0,2010,114,1896,0,1.0
3430187485,tarkka,2021,5,ennallaan,tuore_havainto,1.0,2010,76,1934,0,1.0
3430308189,tarkka,2021,50,ennallaan,tuore_havainto,1.0,2010,78,1932,0,1.0
3430382083,tarkka,2021,10,ennallaan,tuore_havainto,1.0,2010,103,1907,0,1.0
3430415826,tarkka,2021,25,ennallaan,tuore_havainto,1.0,2010,35,1975,0,1.0
3430453048,tarkka,2021,1,ennallaan,tuore_havainto,1.0,2010,124,1886,0,1.0
3430455067,tarkka,2021,1,ennallaan,tuore_havainto,1.0,2010,94,1916,0,1.0
3430455173,tarkka,2021,10,ennallaan,tuore_havainto,1.0,2010,132,1878,0,1.0
3430471032,tarkka,2021,1,ennallaan,tuore_havainto,1.0,2010,120,1890,0,1.0
3430482848,tarkka,2021,25,ennallaan,tuore_havainto,1.0,2010,61,1949,0,1.0
3430523770,tarkka,2021,25,muuttunut,hakattu,0.89,2010,124,1886,2,1.0
3430653051,tarkka,2021,1,ennallaan,tuore_havainto,1.0,2010,122,1888,0,1.0
3430659955,tarkka,2021,10,ennallaan,tuore_havainto,1.0,2010,117,1893,0,0.56
3430688587,tarkka,2021,10,ennallaan,tuore_havainto,1.0,2010,86,1924,0,1.0
3430732811,tarkka,2021,10,ennallaan,tuore_havainto,1.0,2010,113,1897,0,1.0
3430972844,tarkka,2021,150,ennallaan,tuore_havainto,1.0,2010,76,1934,0,0.78
3430973194,tarkka,2021,25,ennallaan,tuore_havainto,1.0,2010,129,1881,0,1.0
3431086041,tarkka,2021,10,ennallaan,tuore_havainto,1.0,2010,104,1906,0,1.0
3431086214,tarkka,2021,25,epavarma,hakkuuaikomus,0.56,2010,107,1903,1,1.0
3431148130,tarkka,2021,1,epavarma,osa_alueesta_hakattu,0.11,2010,70,1940,2,1.0
3431171041,tarkka,2021,10,ennallaan,tuore_havainto,1.0,2010,63,1947,0,1.0
3431211482,tarkka,2021,10,ennallaan,tuore_havainto,1.0,2010,119,1891,0,1.0
3431212929,tarkka,2021,10,ennallaan,tuore_havainto,1.0,2010,85,1925,0,1.0
3431245587,tarkka,2021,10,ennallaan,tuore_havainto,1.0,2010,85,1925,0,1.0
3431301429,tarkka,2021,10,ennallaan,tuore_havainto,1.0,2010,119,1891,0,1.0
3431591994,tarkka,2021,10,ennallaan,tuore_havainto,1.0,2010,76,1934,0,1.0
3431616223,tarkka,2021,25,ennallaan,tuore_havainto,1.0,2010,120,1890,0,1.0
3431710381,tarkka,2021,10,ennallaan,tuore_havainto,1.0,2010,104,1906,0,1.0
3431744715,tarkka,2021,25,ennallaan,tuore_havainto,1.0,2010,107,1903,0,1.0
3431756580,tarkka,2021,10,ennallaan,tuore_havainto,1.0,2010,76,1934,0,1.0
3431827283,tarkka,2021,10,ennallaan,tuore_havainto,1.0,2010,125,1885,0,1.0
3431894996,tarkka,2021,5,ennallaan,tuore_havainto,1.0,2010,103,1907,0,1.0
3431936597,tarkka,2021,1,ennallaan,tuore_havainto,1.0,2010,120,1890,0,1.0
3431945856,tarkka,2021,25,ennallaan,tuore_havainto,1.0,2010,105,1905,0,1.0
3432091811,tarkka,2021,25,ennallaan,tuore_havainto,1.0,2010,113,1897,0,1.0
3432146795,tarkka,2021,25,ennallaan,tuore_havainto,1.0,2010,131,1879,0,0.89
3432169155,tarkka,2021,50,ennallaan,tuore_havainto,1.0,2010,95,1915,0,1.0
3432200832,tarkka,2021,25,ennallaan,tuore_havainto,1.0,2010,61,1949,0,1.0
3432238006,tarkka,2021,100,ennallaan,tuore_havainto,1.0,2010,97,1913,0,0.11
3432238805,tarkka,2021,5,ennallaan,tuore_havainto,1.0,2010,113,1897,0,1.0
3432289217,tarkka,2021,25,ennallaan,tuore_havainto,1.0,2010,111,1899,0,1.0
3432298971,tarkka,2021,25,ennallaan,tuore_havainto,1.0,2010,70,1940,0,1.0
3432424200,tarkka,2021,25,ennallaan,tuore_havainto,1.0,2010,123,1887,0,1.0
3432471389,tarkka,2021,10,ennallaan,tuore_havainto,1.0,2010,103,1907,0,0.33
3432566975,tarkka,2021,10,ennallaan,tuore_havainto,1.0,2010,118,1892,0,1.0
3432574662,tarkka,2021,10,ennallaan,tuore_havainto,1.0,2010,83,1927,0,1.0
3432589545,tarkka,2021,25,ennallaan,tuore_havainto,1.0,2010,106,1904,0,1.0
3432652190,tarkka,2021,25,ennallaan,tuore_havainto,1.0,2010,105,1905,0,1.0
3432751522,tarkka,2021,25,ennallaan,tuore_havainto,1.0,2010,93,1917,0,1.0
3432781305,tarkka,2021,200,ennallaan,tuore_havainto,1.0,2010,92,1918,0,1.0
3432846249,tarkka,2021,25,ennallaan,tuore_havainto,1.0,2010,119,1891,0,1.0
3432856202,tarkka,2021,25,ennallaan,tuore_havainto,1.0,2010,120,1890,0,1.0
3433020452,tarkka,2021,5,ennallaan,tuore_havainto,1.0,2010,76,1934,0,1.0
3433152184,tarkka,2021,10,ennallaan,tuore_havainto,1.0,2010,61,1949,0,0.56
3433178989,tarkka,2021,10,ennallaan,tuore_havainto,1.0,2010,131,1879,0,1.0
3433233259,tarkka,2021,25,ennallaan,tuore_havainto,1.0,2010,78,1932,0,1.0
3433256466,tarkka,2021,5,ennallaan,tuore_havainto,1.0,2010,73,1937,0,1.0
3433263379,tarkka,2021,10,ennallaan,tuore_havainto,1.0,2010,70,1940,0,1.0
3433278407,summittainen,2021,500,ennallaan,tuore_havainto,1.0,2010,38,1972,0,0.33
3433318511,tarkka,2021,25,ennallaan,tuore_havainto,1.0,2010,107,1903,0,1.0
3433428042,tarkka,2021,10,ennallaan,tuore_havainto,1.0,2010,106,1904,0,1.0
3433436518,tarkka,2021,25,ennallaan,tuore_havainto,1.0,2010,105,1905,0,1.0
3433437548,tarkka,2021,25,ennallaan,tuore_havainto,1.0,2010,108,1902,0,1.0
3433493849,tarkka,2021,25,ennallaan,tuore_havainto,1.0,2010,121,1889,0,1.0
3433671567,tarkka,2021,25,ennallaan,tuore_havainto,1.0,2010,107,1903,0,1.0
3433722174,tarkka,2021,10,ennallaan,tuore_havainto,1.0,2010,50,1960,0,0.78
3433748546,tarkka,2021,25,ennallaan,tuore_havainto,1.0,2010,97,1913,0,1.0
3433816551,tarkka,2021,25,ennallaan,tuore_havainto,1.0,2010,114,1896,0,1.0
3433842871,tarkka,2021,5,ennallaan,tuore_havainto,1.0,2010,44,1966,0,1.0
3433895520,tarkka,2021,25,ennallaan,tuore_havainto,1.0,2010,106,1904,0,1.0
3433919009,tarkka,2021,10,ennallaan,tuore_havainto,1.0,2010,27,1983,0,1.0
3433934238,tarkka,2021,25,ennallaan,tuore_havainto,1.0,2010,55,1955,0,1.0
3433948438,tarkka,2021,25,muuttunut,hakattu,0.56,2010,66,1944,2,1.0
3433970524,tarkka,2021,25,ennallaan,tuore_havainto,1.0,2010,108,1902,0,1.0
3433976526,tarkka,2021,25,ennallaan,tuore_havainto,1.0,2010,108,1902,0,1.0
3434046469,tarkka,2021,5,ennallaan,tuore_havainto,1.0,2010,78,1932,0,1.0
3434065246,tarkka,2021,25,ennallaan,tuore_havainto,1.0,2010,107,1903,0,1.0
3434076551,tarkka,2021,25,ennallaan,tuore_havainto,1.0,2010,108,1902,0,1.0
3434109839,tarkka,2021,25,ennallaan,tuore_havainto,1.0,2010,101,1909,0,1.0
3434118870,tarkka,2021,25,ennallaan,tuore_havainto,1.0,2010,101,1909,0,1.0
3434189085,tarkka,2021,1,ennallaan,tuore_havainto,1.0,2010,118,1892,0,1.0
3434206551,tarkka,2021,25,ennallaan,tuore_havainto,1.0,2010,114,1896,0,1.0
3434320532,tarkka,2021,25,ennallaan,tuore_havainto,1.0,2010,110,1900,0,1.0
3434320610,tarkka,2021,10,ennallaan,tuore_havainto,1.0,2010,77,1933,0,1.0
3434325547,tarkka,2021,25,ennallaan,tuore_havainto,1.0,2010,108,1902,0,1.0
3434341570,tarkka,2021,25,ennallaan,tuore_havainto,1.0,2010,110,1900,0,1.0
3434384528,tarkka,2021,25,ennallaan,tuore_havainto,1.0,2010,96,1914,0,1.0
3434427115,tarkka,2021,1,ennallaan,tuore_havainto,1.0,2010,126,1884,0,1.0
3434486275,tarkka,2021,100,ennallaan,tuore_havainto,1.0,2010,95,1915,2,1.0
3434490539,tarkka,2021,25,ennallaan,tuore_havainto,1.0,2010,107,1903,0,1.0
3434503559,tarkka,2021,10,ennallaan,tuore_havainto,1.0,2010,66,1944,0,1.0
3434513520,tarkka,2021,25,ennallaan,tuore_havainto,1.0,2010,108,1902,0,1.0
3434519607,tarkka,2021,10,ennallaan,tuore_havainto,1.0,2010,76,1934,0,1.0
3434522017,tarkka,2021,1,ennallaan,tuore_havainto,1.0,2010,122,1888,0,1.0
3434531571,tarkka,2021,25,ennallaan,tuore_havainto,1.0,2010,115,1895,0,1.0
3434531645,tarkka,2021,10,ennallaan,tuore_havainto,1.0,2010,85,1925,0,1.0
3434578551,tarkka,2021,25,ennallaan,tuore_havainto,1.0,2010,96,1914,0,1.0
3434593341,tarkka,2021,10,ennallaan,tuore_havainto,1.0,2010,126,1884,0,1.0
3434594543,tarkka,2021,25,ennallaan,tuore_havainto,1.0,2010,98,1912,0,1.0
3434618035,tarkka,2021,10,ennallaan,tuore_havainto,1.0,2010,111,1899,0,1.0
3434618098,tarkka,2021,1,ennallaan,tuore_havainto,1.0,2010,122,1888,0,1.0
3766907097,tarkka,2021,1,ennallaan,tuore_havainto,1.0,2010,109,1901,0,1.0
3766990158,tarkka,2021,10,ennallaan,tuore_havainto,1.0,2010,117,1893,0,1.0
3767019079,tarkka,2021,1,ennallaan,tuore_havainto,1.0,2010,109,1901,0,1.0
3767074088,tarkka,2021,1,ennallaan,tuore_havainto,1.0,2010,103,1907,0,1.0
3767272629,tarkka,2021,25,muuttunut,hakattu,0.89,2010,91,1919,2,1.0
3767982860,tarkka,2021,25,ei_tietoa,ei_metsavaratietoa,,2010,,,0,0.0
3767983103,tarkka,2021,1,ennallaan,tuore_havainto,1.0,2010,105,1905,0,1.0
3768113107,tarkka,2021,1,ennallaan,tuore_havainto,1.0,2010,107,1903,0,1.0
3768318096,tarkka,2021,1,ennallaan,tuore_havainto,1.0,2010,105,1905,0,1.0
3769673645,tarkka,2021,25,ennallaan,tuore_havainto,1.0,2010,97,1913,2,1.0
3769691647,tarkka,2021,25,muuttunut,hakattu,0.67,2010,77,1933,2,1.0
4100763323,tarkka,2021,25,ennallaan,tuore_havainto,1.0,2010,92,1918,0,1.0
4169496406,tarkka,2021,10,ennallaan,tuore_havainto,1.0,2010,89,1921,0,0.89
6498914668,alueellinen,2021,24268,ei_tietoa,liian_epatarkka,,,,,,
3429564584,tarkka,2021,25,ennallaan,tuore_havainto,1.0,2010,124,1886,0,0.89
3429586016,tarkka,2021,10,ennallaan,tuore_havainto,1.0,2010,94,1916,0,1.0
3429936829,tarkka,2021,25,ennallaan,tuore_havainto,1.0,2010,45,1965,0,1.0
3430143066,tarkka,2021,10,epavarma,osa_alueesta_hakattu,0.11,2010,89,1921,2,1.0
3430178568,tarkka,2021,25,ennallaan,tuore_havainto,1.0,2010,94,1916,0,0.67
3430178569,tarkka,2021,25,ennallaan,tuore_havainto,1.0,2010,97,1913,0,0.67
3430186678,tarkka,2021,10,ennallaan,tuore_havainto,1.0,2010,80,1930,0,1.0
3430192727,tarkka,2021,200,ennallaan,tuore_havainto,0.67,2010,86,1924,1,1.0
3430199011,tarkka,2021,50,ennallaan,tuore_havainto,1.0,2010,51,1959,0,1.0
3430386515,tarkka,2021,5,muuttunut,hakattu,0.56,2010,103,1907,2,1.0
3430396803,tarkka,2021,100,ennallaan,tuore_havainto,1.0,2010,99,1911,0,0.33
3430441003,tarkka,2021,10,ennallaan,tuore_havainto,1.0,2010,82,1928,0,1.0
3430499800,tarkka,2021,25,ennallaan,tuore_havainto,1.0,2010,95,1915,0,1.0
3430532788,tarkka,2021,25,ennallaan,tuore_havainto,1.0,2010,57,1953,2,1.0
3430554030,tarkka,2021,10,ennallaan,tuore_havainto,1.0,2010,87,1923,0,1.0
3430576920,tarkka,2021,25,ennallaan,tuore_havainto,1.0,2010,33,1977,0,1.0
3430583466,tarkka,2021,5,ennallaan,tuore_havainto,1.0,2010,83,1927,0,1.0
3430585858,tarkka,2021,10,ennallaan,tuore_havainto,1.0,2010,86,1924,0,0.89
3430736831,tarkka,2021,10,ennallaan,tuore_havainto,1.0,2010,72,1938,0,1.0
3430818838,tarkka,2021,25,ennallaan,tuore_havainto,1.0,2010,90,1920,0,1.0
3430876140,tarkka,2021,10,epavarma,hakkuuaikomus,1.0,2010,127,1883,1,1.0
3430894478,tarkka,2021,150,ennallaan,tuore_havainto,1.0,2010,52,1958,0,0.67
3430894802,tarkka,2021,5,ennallaan,tuore_havainto,1.0,2010,70,1940,0,1.0
3430897734,tarkka,2021,5,ennallaan,tuore_havainto,1.0,2010,84,1926,0,1.0
3430906224,tarkka,2021,10,ennallaan,tuore_havainto,1.0,2010,84,1926,0,1.0
3430947811,tarkka,2021,25,ennallaan,tuore_havainto,1.0,2010,106,1904,0,1.0
3431044452,tarkka,2021,5,ennallaan,tuore_havainto,1.0,2010,104,1906,0,1.0
3431068700,tarkka,2021,25,ennallaan,tuore_havainto,1.0,2010,105,1905,0,1.0
3431242171,tarkka,2021,10,ennallaan,tuore_havainto,1.0,2010,103,1907,0,1.0
3431299038,tarkka,2021,10,ennallaan,tuore_havainto,1.0,2010,87,1923,0,1.0
3431506841,tarkka,2021,10,ennallaan,tuore_havainto,1.0,2010,66,1944,0,1.0
3431555537,tarkka,2021,25,ennallaan,tuore_havainto,1.0,2010,86,1924,0,0.78
3431601832,tarkka,2021,25,ennallaan,tuore_havainto,1.0,2010,111,1899,0,1.0
3431613932,tarkka,2021,10,ennallaan,tuore_havainto,1.0,2010,98,1912,0,1.0
3431638016,tarkka,2021,10,ennallaan,tuore_havainto,1.0,2010,90,1920,0,1.0
3431678823,alueellinen,2021,2640,ei_tietoa,liian_epatarkka,,,,,,
3431696776,tarkka,2021,5,ennallaan,tuore_havainto,1.0,2010,138,1872,0,1.0
3431696827,tarkka,2021,10,ennallaan,tuore_havainto,1.0,2010,102,1908,0,0.22
3431700741,tarkka,2021,25,ennallaan,tuore_havainto,1.0,2010,109,1901,0,1.0
3431727620,tarkka,2021,50,ennallaan,tuore_havainto,1.0,2010,91,1919,0,1.0
3431761471,tarkka,2021,5,ennallaan,tuore_havainto,1.0,2010,101,1909,0,1.0
3431772788,tarkka,2021,200,epavarma,hakkuuaikomus,0.56,2010,85,1925,1,1.0
3431772811,tarkka,2021,5,ennallaan,tuore_havainto,1.0,2010,104,1906,0,1.0
3431772979,tarkka,2021,25,ennallaan,tuore_havainto,1.0,2010,35,1975,0,1.0
3431872952,tarkka,2021,25,ennallaan,tuore_havainto,1.0,2010,87,1923,0,1.0
3431876089,tarkka,2021,100,ennallaan,tuore_havainto,1.0,2010,103,1907,0,1.0
3431919974,tarkka,2021,10,ennallaan,tuore_havainto,1.0,2010,82,1928,0,1.0
3431973983,tarkka,2021,25,ennallaan,tuore_havainto,1.0,2010,64,1946,0,1.0
3431976449,tarkka,2021,5,ennallaan,tuore_havainto,1.0,2010,104,1906,0,1.0
3431996939,tarkka,2021,200,ennallaan,tuore_havainto,0.71,2010,84,1926,1,0.78
3432040514,tarkka,2021,25,ennallaan,tuore_havainto,1.0,2010,114,1896,0,1.0
3432062658,alueellinen,2021,1414,ei_tietoa,liian_epatarkka,,,,,,
3432160755,alueellinen,2021,1414,ei_tietoa,liian_epatarkka,,,,,,
3432287010,tarkka,2021,10,ennallaan,tuore_havainto,1.0,2010,91,1919,0,1.0
3432383572,tarkka,2021,10,ennallaan,tuore_havainto,1.0,2010,84,1926,0,1.0
3432437082,tarkka,2021,10,ennallaan,tuore_havainto,1.0,2010,88,1922,0,1.0
3432442057,tarkka,2021,10,ennallaan,tuore_havainto,1.0,2010,87,1923,0,1.0
3432541078,tarkka,2021,50,ennallaan,tuore_havainto,1.0,2010,138,1872,0,1.0
3432596581,tarkka,2021,25,ennallaan,tuore_havainto,1.0,2010,126,1884,0,1.0
3432695123,tarkka,2021,10,ennallaan,tuore_havainto,1.0,2010,89,1921,0,1.0
3432713724,tarkka,2021,250,ennallaan,tuore_havainto,0.86,2010,77,1933,2,0.78
3432754029,tarkka,2021,10,ennallaan,tuore_havainto,1.0,2010,73,1937,0,1.0
3432763027,tarkka,2021,10,ennallaan,tuore_havainto,1.0,2010,84,1926,0,1.0
3432905584,tarkka,2021,25,ennallaan,tuore_havainto,1.0,2010,54,1956,0,1.0
3432908587,tarkka,2021,10,ennallaan,tuore_havainto,1.0,2010,99,1911,0,0.89
3432909033,tarkka,2021,10,ennallaan,tuore_havainto,1.0,2010,73,1937,0,1.0
3432935641,summittainen,2021,570,ennallaan,tuore_havainto,1.0,2010,94,1916,0,0.67
3433020750,tarkka,2021,5,ennallaan,tuore_havainto,1.0,2010,124,1886,0,1.0
3433051883,tarkka,2021,25,ennallaan,tuore_havainto,1.0,2010,91,1919,0,1.0
3433062047,tarkka,2021,10,ennallaan,tuore_havainto,1.0,2010,79,1931,0,1.0
3433157741,tarkka,2021,5,ennallaan,tuore_havainto,1.0,2010,118,1892,0,1.0
3433257017,tarkka,2021,10,ennallaan,tuore_havainto,1.0,2010,86,1924,0,1.0
3433365585,tarkka,2021,10,ennallaan,tuore_havainto,1.0,2010,82,1928,0,1.0
3433438063,tarkka,2021,10,ennallaan,tuore_havainto,1.0,2010,83,1927,0,1.0
3433442998,tarkka,2021,10,ennallaan,tuore_havainto,1.0,2010,129,1881,0,1.0
3433452059,tarkka,2021,10,ennallaan,tuore_havainto,1.0,2010,87,1923,0,1.0
3433546534,tarkka,2021,10,ennallaan,tuore_havainto,1.0,2010,85,1925,0,1.0
3433603688,tarkka,2021,200,ennallaan,tuore_havainto,0.56,2010,88,1922,1,0.89
3433632571,tarkka,2021,10,ennallaan,tuore_havainto,1.0,2010,88,1922,0,0.22
3433636988,tarkka,2021,10,ennallaan,tuore_havainto,1.0,2010,93,1917,0,1.0
3433658857,tarkka,2021,5,ennallaan,tuore_havainto,1.0,2010,76,1934,0,1.0
3433694458,tarkka,2021,5,ennallaan,tuore_havainto,1.0,2010,79,1931,0,0.67
3433725555,tarkka,2021,10,ennallaan,tuore_havainto,1.0,2010,72,1938,0,1.0
3433791837,tarkka,2021,5,ennallaan,tuore_havainto,1.0,2010,92,1918,0,1.0
3433800995,tarkka,2021,10,ennallaan,tuore_havainto,1.0,2010,129,1881,0,1.0
3433810744,tarkka,2021,25,ennallaan,tuore_havainto,1.0,2010,65,1945,0,1.0
3433813026,tarkka,2021,10,ennallaan,tuore_havainto,1.0,2010,106,1904,0,0.67
3433834995,tarkka,2021,10,ennallaan,tuore_havainto,1.0,2010,76,1934,0,1.0
3433870744,tarkka,2021,25,ennallaan,tuore_havainto,1.0,2010,118,1892,0,1.0
3433924118,tarkka,2021,10,epavarma,osa_alueesta_hakattu,0.44,2010,82,1928,2,1.0
3433948529,tarkka,2021,25,ennallaan,tuore_havainto,1.0,2010,99,1911,0,0.56
3434053778,tarkka,2021,5,ennallaan,tuore_havainto,1.0,2010,105,1905,0,1.0
3434058771,tarkka,2021,25,ennallaan,tuore_havainto,1.0,2010,107,1903,0,1.0
3434079029,tarkka,2021,10,ennallaan,tuore_havainto,1.0,2010,125,1885,0,1.0
3434107608,summittainen,2021,500,ennallaan,tuore_havainto,1.0,2010,121,1889,0,0.89
3434108021,tarkka,2021,10,ennallaan,tuore_havainto,1.0,2010,125,1885,0,1.0
3434234022,tarkka,2021,10,ennallaan,tuore_havainto,1.0,2010,128,1882,0,1.0
3434248040,tarkka,2021,10,ennallaan,tuore_havainto,1.0,2010,131,1879,0,1.0
3434257032,tarkka,2021,10,ennallaan,tuore_havainto,1.0,2010,127,1883,0,1.0
3434306086,tarkka,2021,10,ennallaan,tuore_havainto,1.0,2010,127,1883,0,1.0
3434437014,tarkka,2021,10,ennallaan,tuore_havainto,1.0,2010,99,1911,0,1.0
3434492050,tarkka,2021,10,ennallaan,tuore_havainto,1.0,2010,129,1881,0,1.0
3434540021,tarkka,2021,10,muuttunut,hakattu,0.67,2010,115,1895,2,1.0
3434552637,summittainen,2021,1000,ennallaan,tuore_havainto,1.0,2010,78,1932,0,1.0
3434603019,tarkka,2021,10,muuttunut,hakattu,0.67,2010,100,1910,2,1.0
3766982162,tarkka,2021,10,ennallaan,tuore_havainto,1.0,2010,108,1902,0,1.0
3766987223,tarkka,2021,10,ennallaan,tuore_havainto,1.0,2010,119,1891,0,1.0
3768137247,tarkka,2021,1,ennallaan,tuore_havainto,1.0,2010,75,1935,2,1.0
3768460204,tarkka,2021,10,ennallaan,tuore_havainto,1.0,2010,108,1902,0,1.0
3768544252,tarkka,2021,1,ennallaan,tuore_havainto,1.0,2010,94,1916,0,1.0
3768822488,tarkka,2021,5,ennallaan,tuore_havainto,1.0,2010,95,1915,0,1.0
3768888508,tarkka,2021,5,ennallaan,tuore_havainto,1.0,2010,107,1903,0,1.0
3768911493,tarkka,2021,5,ennallaan,tuore_havainto,1.0,2010,109,1901,0,1.0
3769001477,tarkka,2021,5,ennallaan,tuore_havainto,1.0,2010,97,1913,0,1.0
4954835755,tarkka,2021,4,ennallaan,tuore_havainto,1.0,2010,58,1952,0,1.0
5013838445,tarkka,2021,250,ennallaan,tuore_havainto,1.0,2010,11,1999,2,0.67
3431757317,tarkka,2021,5,epavarma,osa_alueesta_hakattu,0.33,2010,64,1946,2,1.0
3429600627,tarkka,2021,25,ennallaan,tuore_havainto,1.0,2010,88,1922,0,1.0
3429666634,tarkka,2021,25,ennallaan,tuore_havainto,1.0,2010,115,1895,2,1.0
3429721619,tarkka,2021,25,muuttunut,hakattu,0.67,2010,90,1920,2,1.0
3430403598,tarkka,2021,25,ennallaan,tuore_havainto,1.0,2010,94,1916,0,1.0
3431780654,tarkka,2021,25,muuttunut,hakattu,0.89,2010,124,1886,2,1.0
3431788608,tarkka,2021,25,ennallaan,tuore_havainto,0.67,2010,98,1912,1,1.0
3431932640,tarkka,2021,25,ennallaan,tuore_havainto,1.0,2010,93,1917,0,1.0
3432008694,tarkka,2021,25,ennallaan,tuore_havainto,1.0,2010,75,1935,0,1.0
3432052629,tarkka,2021,25,ennallaan,tuore_havainto,1.0,2010,114,1896,0,1.0
3432086632,tarkka,2021,25,ennallaan,tuore_havainto,1.0,2010,22,1988,0,1.0
3432198597,tarkka,2021,25,ennallaan,tuore_havainto,1.0,2010,72,1938,0,1.0
3432359580,tarkka,2021,25,ennallaan,tuore_havainto,1.0,2010,75,1935,0,1.0
3432479551,tarkka,2021,25,ennallaan,tuore_havainto,0.67,2010,114,1896,1,1.0
3432486643,tarkka,2021,25,ennallaan,tuore_havainto,1.0,2010,52,1958,0,1.0
3432650667,tarkka,2021,25,ennallaan,tuore_havainto,1.0,2010,88,1922,0,1.0
3433115589,tarkka,2021,25,ennallaan,tuore_havainto,1.0,2010,117,1893,0,1.0
3433507632,tarkka,2021,25,ennallaan,tuore_havainto,1.0,2010,99,1911,0,1.0
3433956656,tarkka,2021,25,muuttunut,hakattu,0.67,2010,124,1886,2,1.0
3433965565,tarkka,2021,25,ennallaan,tuore_havainto,1.0,2010,77,1933,0,1.0
3434120660,tarkka,2021,25,muuttunut,hakattu,0.78,2010,97,1913,2,1.0
3434488622,tarkka,2021,25,ennallaan,tuore_havainto,1.0,2010,101,1909,0,1.0
2865984637,tarkka,2020,10,ennallaan,tuore_havainto,1.0,2010,149,1861,0,1.0
2866049633,tarkka,2020,10,ennallaan,tuore_havainto,1.0,2010,148,1862,0,1.0
2866093637,tarkka,2020,10,ennallaan,tuore_havainto,1.0,2010,157,1853,0,1.0
2866166637,tarkka,2020,10,ennallaan,tuore_havainto,1.0,2010,119,1891,0,1.0
2866196634,tarkka,2020,10,ennallaan,tuore_havainto,1.0,2010,151,1859,0,0.44
2866201632,tarkka,2020,10,ennallaan,tuore_havainto,1.0,2010,104,1906,0,0.89
2866238623,tarkka,2020,10,ennallaan,tuore_havainto,1.0,2010,123,1887,0,1.0
2866270628,tarkka,2020,10,ennallaan,tuore_havainto,1.0,2010,127,1883,0,1.0
2866337634,tarkka,2020,10,ennallaan,tuore_havainto,1.0,2010,74,1936,0,1.0
2847562518,tarkka,2020,50,ennallaan,tuore_havainto,1.0,2010,94,1916,0,1.0
2847577573,tarkka,2020,5,ennallaan,tuore_havainto,1.0,2010,95,1915,0,1.0
2847602622,alueellinen,2020,1390,ei_tietoa,liian_epatarkka,,,,,,
2847612334,tarkka,2020,5,ennallaan,tuore_havainto,1.0,2010,90,1920,0,0.56
2847633552,tarkka,2020,5,ennallaan,tuore_havainto,1.0,2010,88,1922,0,1.0
2848039548,tarkka,2020,10,ei_tietoa,ei_metsavaratietoa,,2010,,,0,0.0
2848108593,tarkka,2020,5,ennallaan,tuore_havainto,1.0,2010,79,1931,0,0.67
2852997482,tarkka,2020,25,ennallaan,tuore_havainto,1.0,2010,96,1914,0,1.0
2853051426,tarkka,2020,50,ennallaan,tuore_havainto,1.0,2010,77,1933,0,0.78
2853058437,tarkka,2020,10,ennallaan,tuore_havainto,1.0,2010,177,1833,0,0.78
2853066487,tarkka,2020,25,ennallaan,tuore_havainto,1.0,2010,81,1929,0,1.0
2853119393,tarkka,2020,25,ennallaan,tuore_havainto,1.0,2010,85,1925,0,1.0
2853128365,tarkka,2020,10,ennallaan,tuore_havainto,1.0,2010,116,1894,0,1.0
2853191386,tarkka,2020,25,ennallaan,tuore_havainto,1.0,2010,78,1932,0,1.0
2853208480,tarkka,2020,25,ennallaan,tuore_havainto,1.0,2010,80,1930,0,1.0
2853226431,tarkka,2020,50,ennallaan,tuore_havainto,1.0,2010,66,1944,0,1.0
2853254484,tarkka,2020,25,ennallaan,tuore_havainto,1.0,2010,84,1926,0,1.0
2853262453,tarkka,2020,10,ennallaan,tuore_havainto,1.0,2010,90,1920,0,1.0
2853264392,tarkka,2020,25,ennallaan,tuore_havainto,1.0,2010,78,1932,0,1.0
2853300393,tarkka,2020,25,ennallaan,tuore_havainto,1.0,2010,87,1923,0,1.0
2853360398,tarkka,2020,5,ennallaan,tuore_havainto,1.0,2010,178,1832,0,1.0
2853394343,tarkka,2020,50,muuttunut,hakattu,0.67,2010,73,1937,2,1.0
2853413352,tarkka,2020,25,ennallaan,tuore_havainto,1.0,2010,92,1918,0,1.0
2857370409,tarkka,2020,10,ennallaan,tuore_havainto,1.0,2010,112,1898,0,1.0
2857384379,tarkka,2020,10,ennallaan,tuore_havainto,1.0,2010,94,1916,0,1.0
2857392371,tarkka,2020,10,ennallaan,tuore_havainto,1.0,2010,99,1911,0,1.0
2857395372,tarkka,2020,10,ennallaan,tuore_havainto,1.0,2010,88,1922,0,1.0
2857398407,tarkka,2020,10,ennallaan,tuore_havainto,1.0,2010,101,1909,0,1.0
2857407504,tarkka,2020,50,ennallaan,tuore_havainto,1.0,2010,102,1908,0,1.0
2857411376,tarkka,2020,10,ennallaan,tuore_havainto,1.0,2010,98,1912,0,1.0
2857432369,tarkka,2020,10,ennallaan,tuore_havainto,1.0,2010,101,1909,0,1.0
2857441353,tarkka,2020,40,ennallaan,tuore_havainto,1.0,2010,100,1910,0,0.44
2857456372,tarkka,2020,10,ennallaan,tuore_havainto,1.0,2010,94,1916,0,1.0
2857459358,tarkka,2020,10,ennallaan,tuore_havainto,1.0,2010,114,1896,0,1.0
2857476360,tarkka,2020,10,ennallaan,tuore_havainto,1.0,2010,89,1921,0,1.0
2857477351,tarkka,2020,20,ennallaan,tuore_havainto,1.0,2010,70,1940,0,1.0
2857478377,tarkka,2020,10,ennallaan,tuore_havainto,1.0,2010,83,1927,0,1.0
2857484374,tarkka,2020,10,ennallaan,tuore_havainto,1.0,2010,110,1900,0,1.0
2857484503,tarkka,2020,25,ennallaan,tuore_havainto,1.0,2010,125,1885,0,1.0
2857495500,tarkka,2020,100,ennallaan,tuore_havainto,1.0,2010,158,1852,0,0.67
2857499374,tarkka,2020,10,ennallaan,tuore_havainto,1.0,2010,97,1913,0,1.0
2857515370,tarkka,2020,10,ennallaan,tuore_havainto,1.0,2010,99,1911,0,1.0
2857543373,tarkka,2020,10,ennallaan,tuore_havainto,1.0,2010,96,1914,0,1.0
2857546369,tarkka,2020,10,ennallaan,tuore_havainto,1.0,2010,100,1910,0,1.0
2857549373,tarkka,2020,10,ennallaan,tuore_havainto,1.0,2010,100,1910,0,1.0
2857552374,tarkka,2020,10,ennallaan,tuore_havainto,1.0,2010,105,1905,0,1.0
2857558374,tarkka,2020,10,ennallaan,tuore_havainto,1.0,2010,102,1908,0,1.0
2857563370,tarkka,2020,10,ennallaan,tuore_havainto,1.0,2010,98,1912,0,1.0
2857569373,tarkka,2020,10,ennallaan,tuore_havainto,1.0,2010,105,1905,0,1.0
2857573374,tarkka,2020,10,ennallaan,tuore_havainto,1.0,2010,97,1913,0,1.0
2857577373,tarkka,2020,10,ennallaan,tuore_havainto,1.0,2010,102,1908,0,1.0
2857599374,tarkka,2020,10,ennallaan,tuore_havainto,1.0,2010,93,1917,0,1.0
2857623375,tarkka,2020,10,ennallaan,tuore_havainto,1.0,2010,94,1916,0,1.0
2857625367,tarkka,2020,10,ennallaan,tuore_havainto,1.0,2010,102,1908,0,1.0
2857637371,tarkka,2020,10,ennallaan,tuore_havainto,1.0,2010,92,1918,0,0.67
2857639372,tarkka,2020,10,ennallaan,tuore_havainto,1.0,2010,97,1913,0,1.0
2857647396,tarkka,2020,25,ennallaan,tuore_havainto,1.0,2010,77,1933,0,1.0
2857720356,tarkka,2020,25,ennallaan,tuore_havainto,1.0,2010,89,1921,0,1.0
2857739358,tarkka,2020,10,ennallaan,tuore_havainto,1.0,2010,112,1898,0,1.0
2857790390,tarkka,2020,10,ennallaan,tuore_havainto,1.0,2010,178,1832,0,1.0
2857805373,tarkka,2020,10,ennallaan,tuore_havainto,1.0,2010,91,1919,0,1.0
2865909309,summittainen,2020,909,epavarma,osa_alueesta_hakattu,0.17,2010,76,1934,2,0.67
2865995889,tarkka,2020,200,ennallaan,tuore_havainto,1.0,2010,76,1934,2,0.56
2866041302,summittainen,2020,641,epavarma,osa_alueesta_hakattu,0.38,2010,102,1908,2,0.89
2866174304,summittainen,2020,936,epavarma,osa_alueesta_hakattu,0.11,2010,98,1912,2,1.0
2875464415,tarkka,2020,25,ennallaan,tuore_havainto,1.0,2010,58,1952,0,1.0
2875469363,tarkka,2020,25,ennallaan,tuore_havainto,1.0,2010,34,1976,0,0.89
2979784303,tarkka,2020,100,ennallaan,tuore_havainto,1.0,2010,96,1914,0,1.0
2983641343,tarkka,2020,10,ennallaan,tuore_havainto,1.0,2010,82,1928,0,1.0
2983952340,tarkka,2020,10,ennallaan,tuore_havainto,1.0,2010,83,1927,0,1.0
2983961343,tarkka,2020,10,ennallaan,tuore_havainto,1.0,2010,60,1950,0,1.0
2984001349,tarkka,2020,10,ennallaan,tuore_havainto,1.0,2010,91,1919,0,1.0
2984017348,tarkka,2020,10,ennallaan,tuore_havainto,1.0,2010,62,1948,0,1.0
2984049345,tarkka,2020,10,ennallaan,tuore_havainto,1.0,2010,70,1940,0,1.0
3000519513,tarkka,2020,10,muuttunut,hakattu,0.89,2010,104,1906,2,1.0
3000574427,tarkka,2020,10,ennallaan,tuore_havainto,1.0,2010,66,1944,0,1.0
3077859001,tarkka,2020,10,ennallaan,tuore_havainto,1.0,2010,27,1983,0,1.0
3077910144,tarkka,2020,10,ennallaan,tuore_havainto,1.0,2010,35,1975,0,1.0
3078002918,tarkka,2020,10,ennallaan,tuore_havainto,1.0,2010,26,1984,0,1.0
3078053518,tarkka,2020,10,ennallaan,tuore_havainto,1.0,2010,90,1920,0,0.78
3078194460,tarkka,2020,10,ennallaan,tuore_havainto,1.0,2010,55,1955,0,1.0
3078198306,tarkka,2020,10,ennallaan,tuore_havainto,1.0,2010,59,1951,0,1.0
3078208457,tarkka,2020,10,ennallaan,tuore_havainto,1.0,2010,27,1983,0,1.0
3078383446,tarkka,2020,10,ennallaan,tuore_havainto,1.0,2010,79,1931,0,0.44
3078416443,tarkka,2020,10,ennallaan,tuore_havainto,1.0,2010,109,1901,0,1.0
3078546834,tarkka,2020,10,ennallaan,tuore_havainto,1.0,2010,182,1828,0,1.0
3078578569,tarkka,2020,10,ennallaan,tuore_havainto,1.0,2010,152,1858,0,1.0
3078596451,tarkka,2020,10,ennallaan,tuore_havainto,1.0,2010,167,1843,0,1.0
3078650145,tarkka,2020,10,ennallaan,tuore_havainto,1.0,2010,119,1891,0,1.0
3078655220,tarkka,2020,10,ennallaan,tuore_havainto,1.0,2010,68,1942,0,1.0
3078670645,tarkka,2020,10,ennallaan,tuore_havainto,1.0,2010,145,1865,0,1.0
3078724470,tarkka,2020,10,ennallaan,tuore_havainto,1.0,2010,160,1850,0,1.0
3078825461,tarkka,2020,10,ennallaan,tuore_havainto,1.0,2010,109,1901,0,1.0
3078849319,tarkka,2020,10,ennallaan,tuore_havainto,1.0,2010,52,1958,0,1.0
3078878823,tarkka,2020,10,ennallaan,tuore_havainto,1.0,2010,162,1848,0,1.0
3079062312,tarkka,2020,10,ennallaan,tuore_havainto,1.0,2010,151,1859,0,1.0
3430955942,tarkka,2020,5,ennallaan,tuore_havainto,1.0,2010,96,1914,0,1.0
3432255927,tarkka,2020,5,ennallaan,tuore_havainto,1.0,2010,120,1890,0,1.0
3432409257,tarkka,2020,200,ennallaan,tuore_havainto,1.0,2010,61,1949,2,1.0
3432779909,tarkka,2020,5,ennallaan,tuore_havainto,1.0,2010,77,1933,2,1.0
3432787274,tarkka,2020,200,ennallaan,tuore_havainto,1.0,2010,61,1949,2,1.0
3434444602,tarkka,2020,25,epavarma,hakkuuaikomus,1.0,2010,52,1958,1,0.78
2857510535,tarkka,2020,10,ennallaan,tuore_havainto,1.0,2010,105,1905,0,1.0
2857669432,summittainen,2020,434,ennallaan,tuore_havainto,1.0,2010,115,1895,2,0.89
2857740498,tarkka,2020,50,ennallaan,tuore_havainto,1.0,2010,125,1885,0,1.0
2857777503,tarkka,2020,25,ennallaan,tuore_havainto,1.0,2010,109,1901,0,1.0
2865907325,tarkka,2020,10,ennallaan,tuore_havainto,1.0,2010,90,1920,0,1.0
2865950320,tarkka,2020,25,ennallaan,tuore_havainto,1.0,2010,113,1897,0,1.0
2865956330,tarkka,2020,10,ennallaan,tuore_havainto,1.0,2010,90,1920,0,1.0
2865960460,alueellinen,2020,1414,ei_tietoa,liian_epatarkka,,,,,,
2865976324,tarkka,2020,10,ennallaan,tuore_havainto,1.0,2010,121,1889,0,1.0
2865984305,alueellinen,2020,2724,ei_tietoa,liian_epatarkka,,,,,,
2865990323,tarkka,2020,10,ennallaan,tuore_havainto,1.0,2010,97,1913,0,1.0
2866030346,tarkka,2020,10,ennallaan,tuore_havainto,1.0,2010,133,1877,0,1.0
2866055381,tarkka,2020,5,ennallaan,tuore_havainto,1.0,2010,98,1912,0,1.0
2866057317,tarkka,2020,25,ennallaan,tuore_havainto,1.0,2010,124,1886,0,1.0
2866077467,alueellinen,2020,1414,ei_tietoa,liian_epatarkka,,,,,,
2866077786,tarkka,2020,100,ennallaan,tuore_havainto,1.0,2010,15,1995,0,0.89
2866095711,tarkka,2020,10,ennallaan,tuore_havainto,1.0,2010,79,1931,0,0.56
2866118327,tarkka,2020,10,ennallaan,tuore_havainto,1.0,2010,76,1934,0,1.0
2866124329,tarkka,2020,10,ennallaan,tuore_havainto,1.0,2010,80,1930,0,1.0
2866128785,tarkka,2020,1,ennallaan,tuore_havainto,1.0,2010,117,1893,0,0.67
2866151340,tarkka,2020,10,ennallaan,tuore_havainto,1.0,2010,158,1852,0,1.0
2866157365,tarkka,2020,25,ennallaan,tuore_havainto,1.0,2010,99,1911,0,0.67
2866160752,tarkka,2020,10,ennallaan,tuore_havainto,1.0,2010,87,1923,0,1.0
2866162753,tarkka,2020,10,ennallaan,tuore_havainto,1.0,2010,107,1903,0,0.44
2866163332,tarkka,2020,100,ennallaan,tuore_havainto,1.0,2010,105,1905,0,1.0
2866164754,tarkka,2020,10,ennallaan,tuore_havainto,1.0,2010,107,1903,0,0.56
2866166316,tarkka,2020,25,ennallaan,tuore_havainto,1.0,2010,110,1900,0,1.0
2866179636,tarkka,2020,10,ennallaan,tuore_havainto,1.0,2010,127,1883,0,1.0
2866206749,tarkka,2020,10,ennallaan,tuore_havainto,1.0,2010,66,1944,0,1.0
2866212793,tarkka,2020,25,ennallaan,tuore_havainto,1.0,2010,114,1896,0,1.0
2866217744,tarkka,2020,10,ennallaan,tuore_havainto,1.0,2010,96,1914,0,1.0
2866220751,tarkka,2020,10,ennallaan,tuore_havainto,1.0,2010,109,1901,0,0.67
2866230747,tarkka,2020,10,ennallaan,tuore_havainto,1.0,2010,96,1914,0,1.0
2866231757,tarkka,2020,10,ennallaan,tuore_havainto,1.0,2010,136,1874,0,0.44
2866233757,tarkka,2020,10,ennallaan,tuore_havainto,1.0,2010,135,1875,0,0.33
2866237757,tarkka,2020,10,ennallaan,tuore_havainto,1.0,2010,102,1908,0,0.78
2866245328,tarkka,2020,10,ennallaan,tuore_havainto,1.0,2010,91,1919,0,1.0
2866245750,tarkka,2020,10,ennallaan,tuore_havainto,1.0,2010,135,1875,0,0.89
2866247741,summittainen,2020,300,ennallaan,tuore_havainto,0.88,2010,101,1909,2,0.89
2866256757,tarkka,2020,10,ennallaan,tuore_havainto,1.0,2010,100,1910,0,0.89
2866257752,tarkka,2020,10,ennallaan,tuore_havainto,1.0,2010,112,1898,0,0.89
2866260890,tarkka,2020,75,ennallaan,tuore_havainto,1.0,2010,91,1919,0,1.0
2866265435,tarkka,2020,10,ennallaan,tuore_havainto,1.0,2010,70,1940,0,1.0
2866268746,tarkka,2020,10,ennallaan,tuore_havainto,1.0,2010,52,1958,0,0.89
2866275752,tarkka,2020,10,ennallaan,tuore_havainto,1.0,2010,86,1924,0,0.89
2866276330,tarkka,2020,10,ennallaan,tuore_havainto,1.0,2010,91,1919,0,1.0
2866278747,tarkka,2020,10,ennallaan,tuore_havainto,1.0,2010,132,1878,0,0.56
2866280755,tarkka,2020,10,ennallaan,tuore_havainto,1.0,2010,99,1911,0,1.0
2866291751,tarkka,2020,10,ennallaan,tuore_havainto,1.0,2010,107,1903,0,0.67
2866296334,tarkka,2020,25,ennallaan,tuore_havainto,1.0,2010,73,1937,0,1.0
2866296748,tarkka,2020,10,ennallaan,tuore_havainto,1.0,2010,116,1894,0,0.67
2866296967,summittainen,2020,300,ennallaan,tuore_havainto,1.0,2010,79,1931,0,0.89
2866304738,tarkka,2020,10,ennallaan,tuore_havainto,1.0,2010,66,1944,0,0.56
2866309735,tarkka,2020,10,ennallaan,tuore_havainto,1.0,2010,100,1910,0,0.78
2866311746,tarkka,2020,10,ennallaan,tuore_havainto,1.0,2010,96,1914,0,0.78
2866314751,tarkka,2020,10,ennallaan,tuore_havainto,1.0,2010,101,1909,0,0.78
2866317756,tarkka,2020,10,ennallaan,tuore_havainto,1.0,2010,112,1898,0,0.67
2866323752,tarkka,2020,10,ennallaan,tuore_havainto,1.0,2010,62,1948,0,1.0
2866327326,tarkka,2020,10,ennallaan,tuore_havainto,1.0,2010,90,1920,0,1.0
2866328752,tarkka,2020,10,ennallaan,tuore_havainto,1.0,2010,72,1938,0,1.0
2866329745,tarkka,2020,10,ennallaan,tuore_havainto,1.0,2010,75,1935,0,0.89
2866335745,tarkka,2020,10,ennallaan,tuore_havainto,1.0,2010,104,1906,0,0.44
2866342476,alueellinen,2020,1414,ei_tietoa,liian_epatarkka,,,,,,
2866344737,tarkka,2020,10,ennallaan,tuore_havainto,1.0,2010,96,1914,0,0.78
2866366732,tarkka,2020,10,ennallaan,tuore_havainto,1.0,2010,112,1898,0,0.78
2866379329,tarkka,2020,10,ennallaan,tuore_havainto,1.0,2010,88,1922,0,1.0
2866396794,tarkka,2020,150,ennallaan,tuore_havainto,1.0,2010,86,1924,0,1.0
2872227547,tarkka,2020,10,ennallaan,tuore_havainto,1.0,2010,122,1888,0,1.0
2872312474,tarkka,2020,8,ennallaan,tuore_havainto,1.0,2010,157,1853,0,1.0
2872324477,tarkka,2020,5,ennallaan,tuore_havainto,1.0,2010,116,1894,0,1.0
2872421464,tarkka,2020,10,ennallaan,tuore_havainto,1.0,2010,161,1849,0,1.0
2872517465,tarkka,2020,10,ennallaan,tuore_havainto,1.0,2010,66,1944,0,1.0
2872521465,tarkka,2020,10,ennallaan,tuore_havainto,1.0,2010,127,1883,0,1.0
2979869662,tarkka,2020,1,ennallaan,tuore_havainto,1.0,2010,109,1901,0,1.0
2983967342,tarkka,2020,10,ennallaan,tuore_havainto,1.0,2010,120,1890,0,1.0
2983975348,tarkka,2020,10,ennallaan,tuore_havainto,1.0,2010,67,1943,0,1.0
3000327383,tarkka,2020,10,ennallaan,tuore_havainto,1.0,2010,113,1897,0,1.0
3000419514,tarkka,2020,50,ennallaan,tuore_havainto,1.0,2010,76,1934,0,1.0
3000483522,tarkka,2020,10,ennallaan,tuore_havainto,1.0,2010,117,1893,0,1.0
3000596631,tarkka,2020,10,ennallaan,tuore_havainto,1.0,2010,121,1889,0,1.0
3050126295,tarkka,2020,5,ennallaan,tuore_havainto,1.0,2010,101,1909,0,1.0
3077773119,tarkka,2020,10,ennallaan,tuore_havainto,1.0,2010,96,1914,0,1.0
3077855002,tarkka,2020,10,ennallaan,tuore_havainto,1.0,2010,103,1907,0,0.67
3077870221,tarkka,2020,10,ennallaan,tuore_havainto,1.0,2010,153,1857,0,1.0
3077875749,tarkka,2020,10,ennallaan,tuore_havainto,1.0,2010,106,1904,0,1.0
3077893719,tarkka,2020,10,ennallaan,tuore_havainto,1.0,2010,114,1896,0,1.0
3077894809,tarkka,2020,10,muuttunut,hakattu,0.78,2010,41,1969,2,1.0
3077899629,tarkka,2020,10,ennallaan,tuore_havainto,1.0,2010,100,1910,0,1.0
3077913216,tarkka,2020,10,ennallaan,tuore_havainto,1.0,2010,108,1902,0,1.0
3077917241,tarkka,2020,10,ennallaan,tuore_havainto,1.0,2010,141,1869,0,1.0
3077917286,tarkka,2020,10,ennallaan,tuore_havainto,1.0,2010,63,1947,0,1.0
3077918456,tarkka,2020,10,ennallaan,tuore_havainto,1.0,2010,143,1867,0,1.0
3077924467,tarkka,2020,10,ennallaan,tuore_havainto,1.0,2010,89,1921,0,1.0
3077934012,tarkka,2020,10,ennallaan,tuore_havainto,1.0,2010,131,1879,0,1.0
3077935802,tarkka,2020,10,ennallaan,tuore_havainto,1.0,2010,17,1993,0,1.0
3077950289,tarkka,2020,10,ennallaan,tuore_havainto,1.0,2010,74,1936,0,1.0
3077957458,tarkka,2020,10,ennallaan,tuore_havainto,1.0,2010,125,1885,0,1.0
3077959287,tarkka,2020,10,ennallaan,tuore_havainto,1.0,2010,51,1959,0,1.0
3077960905,tarkka,2020,10,ennallaan,tuore_havainto,1.0,2010,101,1909,0,1.0
3077960910,tarkka,2020,10,ennallaan,tuore_havainto,1.0,2010,116,1894,0,1.0
3077970949,tarkka,2020,10,ennallaan,tuore_havainto,1.0,2010,84,1926,0,0.89
3077987813,tarkka,2020,10,ennallaan,tuore_havainto,1.0,2010,103,1907,0,1.0
3077990022,tarkka,2020,10,ennallaan,tuore_havainto,1.0,2010,129,1881,0,1.0
3078005028,tarkka,2020,10,ennallaan,tuore_havainto,1.0,2010,113,1897,0,1.0
3078006076,tarkka,2020,10,muuttunut,hakattu,0.67,2010,21,1989,2,1.0
3078013230,tarkka,2020,10,ennallaan,tuore_havainto,1.0,2010,101,1909,0,1.0
3078014140,tarkka,2020,10,muuttunut,hakattu,0.67,2010,64,1946,2,1.0
3078030031,tarkka,2020,10,ennallaan,tuore_havainto,1.0,2010,87,1923,0,1.0
3078031518,tarkka,2020,10,ennallaan,tuore_havainto,1.0,2010,91,1919,2,1.0
3078035027,tarkka,2020,10,ennallaan,tuore_havainto,1.0,2010,111,1899,0,1.0
3078040829,tarkka,2020,10,ennallaan,tuore_havainto,1.0,2010,133,1877,0,0.89
3078048029,tarkka,2020,10,ennallaan,tuore_havainto,1.0,2010,129,1881,0,1.0
3078053512,tarkka,2020,10,ennallaan,tuore_havainto,1.0,2010,134,1876,0,1.0
3078062185,tarkka,2020,10,muuttunut,hakattu,0.89,2010,60,1950,2,1.0
3078072849,tarkka,2020,10,ennallaan,tuore_havainto,1.0,2010,87,1923,0,1.0
3078167439,tarkka,2020,10,ei_tietoa,ei_metsavaratietoa,,2010,,,0,0.0
3078178410,tarkka,2020,10,ennallaan,tuore_havainto,1.0,2010,94,1916,0,1.0
3078185334,tarkka,2020,10,ennallaan,tuore_havainto,1.0,2010,115,1895,0,1.0
3078187312,tarkka,2020,10,ennallaan,tuore_havainto,1.0,2010,144,1866,0,1.0
3078200429,tarkka,2020,10,ei_tietoa,ei_metsavaratietoa,,2010,,,0,0.0
3078208441,tarkka,2020,10,ennallaan,tuore_havainto,1.0,2010,143,1867,0,1.0
3078223305,tarkka,2020,10,ennallaan,tuore_havainto,1.0,2010,123,1887,0,1.0
3078235463,tarkka,2020,10,ennallaan,tuore_havainto,1.0,2010,134,1876,0,1.0
3078235508,tarkka,2020,10,ennallaan,tuore_havainto,1.0,2010,106,1904,0,1.0
3078245455,tarkka,2020,10,ennallaan,tuore_havainto,1.0,2010,148,1862,0,1.0
3078249470,tarkka,2020,10,ennallaan,tuore_havainto,1.0,2010,93,1917,0,1.0
3078277498,tarkka,2020,10,ennallaan,tuore_havainto,1.0,2010,107,1903,2,0.67
3078277502,tarkka,2020,10,ennallaan,tuore_havainto,1.0,2010,87,1923,0,1.0
3078290444,tarkka,2020,10,ennallaan,tuore_havainto,1.0,2010,97,1913,0,1.0
3078338461,tarkka,2020,10,ennallaan,tuore_havainto,1.0,2010,148,1862,0,1.0
3078356370,tarkka,2020,10,ennallaan,tuore_havainto,1.0,2010,101,1909,0,1.0
3078364362,tarkka,2020,10,ennallaan,tuore_havainto,1.0,2010,144,1866,0,1.0
3078367465,tarkka,2020,10,muuttunut,hakattu,1.0,2010,26,1984,2,1.0
3078389366,tarkka,2020,10,muuttunut,hakattu,0.89,2010,21,1989,2,1.0
3078390371,tarkka,2020,10,ennallaan,tuore_havainto,1.0,2010,132,1878,0,1.0
3078393366,tarkka,2020,10,ennallaan,tuore_havainto,1.0,2010,104,1906,0,1.0
3078400475,tarkka,2020,10,ennallaan,tuore_havainto,1.0,2010,84,1926,0,0.78
3078406322,tarkka,2020,10,ennallaan,tuore_havainto,1.0,2010,144,1866,0,1.0
3078419389,tarkka,2020,10,ennallaan,tuore_havainto,1.0,2010,15,1995,0,1.0
3078422143,tarkka,2020,10,ennallaan,tuore_havainto,1.0,2010,106,1904,0,1.0
3078422321,tarkka,2020,10,ennallaan,tuore_havainto,1.0,2010,135,1875,0,1.0
3078423420,tarkka,2020,10,ennallaan,tuore_havainto,1.0,2010,122,1888,0,1.0
3078437433,tarkka,2020,10,ennallaan,tuore_havainto,1.0,2010,147,1863,0,1.0
3078442482,tarkka,2020,10,muuttunut,hakattu,0.89,2010,27,1983,2,1.0
3078445470,tarkka,2020,10,ennallaan,tuore_havainto,1.0,2010,78,1932,0,0.78
3078465228,tarkka,2020,10,ennallaan,tuore_havainto,1.0,2010,115,1895,0,1.0
3078468916,tarkka,2020,10,ennallaan,tuore_havainto,1.0,2010,91,1919,0,1.0
3078473234,tarkka,2020,10,ennallaan,tuore_havainto,1.0,2010,116,1894,0,1.0
3078483021,tarkka,2020,10,ennallaan,tuore_havainto,1.0,2010,147,1863,0,1.0
3078508820,tarkka,2020,10,ennallaan,tuore_havainto,1.0,2010,129,1881,0,1.0
3078526211,tarkka,2020,10,ennallaan,tuore_havainto,1.0,2010,103,1907,0,1.0
3078527116,tarkka,2020,10,ennallaan,tuore_havainto,1.0,2010,126,1884,0,1.0
3078562935,tarkka,2020,10,ennallaan,tuore_havainto,1.0,2010,113,1897,0,1.0
3078594651,tarkka,2020,10,ennallaan,tuore_havainto,1.0,2010,114,1896,0,1.0
3078596179,tarkka,2020,10,ennallaan,tuore_havainto,1.0,2010,54,1956,0,1.0
3078600668,tarkka,2020,10,ennallaan,tuore_havainto,1.0,2010,64,1946,0,1.0
3078606621,tarkka,2020,10,ennallaan,tuore_havainto,1.0,2010,120,1890,0,1.0
3078616235,tarkka,2020,10,ei_tietoa,ei_metsavaratietoa,,2010,,,0,0.0
3078650143,tarkka,2020,10,ennallaan,tuore_havainto,1.0,2010,87,1923,0,1.0
3078683628,tarkka,2020,10,ennallaan,tuore_havainto,1.0,2010,135,1875,0,1.0
3078710808,tarkka,2020,10,ennallaan,tuore_havainto,1.0,2010,116,1894,0,1.0
3078713133,tarkka,2020,10,ennallaan,tuore_havainto,1.0,2010,155,1855,0,1.0
3078713162,tarkka,2020,10,epavarma,osa_alueesta_hakattu,0.44,2010,33,1977,2,1.0
3078758515,tarkka,2020,10,ennallaan,tuore_havainto,1.0,2010,46,1964,0,1.0
3078759371,tarkka,2020,10,ennallaan,tuore_havainto,1.0,2010,132,1878,0,0.11
3078769454,tarkka,2020,10,ennallaan,tuore_havainto,1.0,2010,134,1876,0,1.0
3078782491,tarkka,2020,10,ennallaan,tuore_havainto,1.0,2010,77,1933,2,1.0
3078794372,tarkka,2020,10,ennallaan,tuore_havainto,1.0,2010,158,1852,0,1.0
3078803390,tarkka,2020,10,ennallaan,tuore_havainto,1.0,2010,141,1869,0,1.0
3078809329,tarkka,2020,10,ennallaan,tuore_havainto,1.0,2010,119,1891,0,1.0
3078830362,tarkka,2020,10,ennallaan,tuore_havainto,1.0,2010,99,1911,2,1.0
3078848545,summittainen,2020,500,ennallaan,tuore_havainto,1.0,2010,99,1911,0,0.89
3078917027,tarkka,2020,10,ennallaan,tuore_havainto,1.0,2010,109,1901,0,1.0
3078924425,tarkka,2020,10,ei_tietoa,ei_metsavaratietoa,,2010,,,0,0.0
3078956345,tarkka,2020,10,ennallaan,tuore_havainto,1.0,2010,146,1864,0,1.0
3078981425,tarkka,2020,10,ennallaan,tuore_havainto,1.0,2010,131,1879,0,0.78
3079011429,tarkka,2020,10,ei_tietoa,ei_metsavaratietoa,,2010,,,0,0.0
3079015226,tarkka,2020,10,ennallaan,tuore_havainto,1.0,2010,133,1877,0,1.0
3079019337,tarkka,2020,10,muuttunut,hakattu,1.0,2010,35,1975,2,1.0
3079031380,tarkka,2020,10,ei_tietoa,ei_metsavaratietoa,,2010,,,0,0.0
3079048456,tarkka,2020,10,ei_tietoa,ei_metsavaratietoa,,2010,,,0,0.0
3079048514,tarkka,2020,10,ennallaan,tuore_havainto,1.0,2010,66,1944,0,1.0
3079065310,tarkka,2020,10,ennallaan,tuore_havainto,1.0,2010,114,1896,0,1.0
3079068462,tarkka,2020,10,ei_tietoa,ei_metsavaratietoa,,2010,,,0,0.0
3079075445,tarkka,2020,10,ennallaan,tuore_havainto,1.0,2010,107,1903,0,1.0
3079076456,tarkka,2020,10,ennallaan,tuore_havainto,1.0,2010,121,1889,0,1.0
3079076504,tarkka,2020,10,muuttunut,hakattu,1.0,2010,38,1972,2,1.0
3429574926,tarkka,2020,5,ennallaan,tuore_havainto,1.0,2010,99,1911,0,1.0
3429986926,tarkka,2020,5,ennallaan,tuore_havainto,1.0,2010,102,1908,0,1.0
3919962775,tarkka,2020,5,muuttunut,hakattu,0.67,2010,74,1936,2,1.0
6115901035,tarkka,2020,10,ennallaan,tuore_havainto,1.0,2010,132,1878,0,0.11
2872263548,tarkka,2020,10,ennallaan,tuore_havainto,1.0,2010,75,1935,0,1.0
2872491563,tarkka,2020,10,ennallaan,tuore_havainto,1.0,2010,90,1920,0,1.0
3050282303,tarkka,2020,5,ennallaan,tuore_havainto,1.0,2010,85,1925,0,1.0
3077884018,tarkka,2020,10,ennallaan,tuore_havainto,1.0,2010,0,2010,0,0.33
3078287508,tarkka,2020,10,ennallaan,tuore_havainto,1.0,2010,119,1891,0,1.0
2381795683,tarkka,2019,5,ennallaan,tuore_havainto,1.0,2010,84,1926,0,1.0
2381903697,tarkka,2019,5,ennallaan,tuore_havainto,1.0,2010,101,1909,0,1.0
2417846550,tarkka,2019,10,ennallaan,tuore_havainto,1.0,2010,107,1903,0,1.0
2463930537,tarkka,2019,10,ennallaan,tuore_havainto,1.0,2010,153,1857,0,0.78
2463953535,tarkka,2019,10,ennallaan,tuore_havainto,1.0,2010,99,1911,0,1.0
2463954539,tarkka,2019,10,muuttunut,hakattu,0.67,2010,123,1887,2,1.0
2463964533,tarkka,2019,10,ennallaan,tuore_havainto,1.0,2010,112,1898,2,1.0
2463999533,tarkka,2019,10,ennallaan,tuore_havainto,1.0,2010,123,1887,0,0.89
2464008535,tarkka,2019,10,ennallaan,tuore_havainto,1.0,2010,145,1865,0,1.0
2464020530,tarkka,2019,10,ennallaan,tuore_havainto,1.0,2010,129,1881,0,0.89
2464024535,tarkka,2019,10,ennallaan,tuore_havainto,1.0,2010,129,1881,0,1.0
2464034533,tarkka,2019,10,ei_tietoa,ei_metsavaratietoa,,2010,,,0,0.0
2464034534,tarkka,2019,10,ennallaan,tuore_havainto,1.0,2010,116,1894,0,1.0
2464038532,tarkka,2019,10,ennallaan,tuore_havainto,1.0,2010,125,1885,0,1.0
2464054536,tarkka,2019,10,ennallaan,tuore_havainto,1.0,2010,111,1899,0,1.0
2464073536,tarkka,2019,10,ennallaan,tuore_havainto,1.0,2010,129,1881,0,1.0
2464075537,tarkka,2019,10,ennallaan,tuore_havainto,1.0,2010,121,1889,0,1.0
2464089530,tarkka,2019,10,ennallaan,tuore_havainto,1.0,2010,128,1882,0,1.0
2464098537,tarkka,2019,10,ennallaan,tuore_havainto,1.0,2010,134,1876,0,1.0
2464107534,tarkka,2019,10,ennallaan,tuore_havainto,1.0,2010,156,1854,0,0.67
2464117535,tarkka,2019,10,ennallaan,tuore_havainto,1.0,2010,115,1895,0,0.89
2464130539,tarkka,2019,10,ennallaan,tuore_havainto,1.0,2010,99,1911,0,1.0
2464137533,tarkka,2019,10,ennallaan,tuore_havainto,1.0,2010,106,1904,2,1.0
2847500575,tarkka,2019,10,ennallaan,tuore_havainto,1.0,2010,114,1896,0,0.22
2383009210,summittainen,2019,303,ennallaan,tuore_havainto,1.0,2010,114,1896,0,1.0
2412651724,tarkka,2019,10,ennallaan,tuore_havainto,1.0,2010,119,1891,0,1.0
2412908727,tarkka,2019,10,ennallaan,tuore_havainto,1.0,2010,119,1891,0,1.0
2412961708,tarkka,2019,100,ennallaan,tuore_havainto,1.0,2010,99,1911,0,1.0
2413062690,tarkka,2019,1,ennallaan,tuore_havainto,1.0,2010,50,1960,0,1.0
2417802247,tarkka,2019,1,ennallaan,tuore_havainto,1.0,2010,102,1908,0,1.0
2417802530,tarkka,2019,1,ennallaan,tuore_havainto,1.0,2010,127,1883,0,1.0
2417802787,tarkka,2019,1,ennallaan,tuore_havainto,1.0,2010,103,1907,0,1.0
2417813660,tarkka,2019,10,ennallaan,tuore_havainto,1.0,2010,96,1914,0,1.0
2417821543,tarkka,2019,5,ennallaan,tuore_havainto,1.0,2010,73,1937,0,0.89
2417840225,tarkka,2019,10,ei_tietoa,ei_metsavaratietoa,,2010,,,0,0.0
2417841545,summittainen,2019,1000,ennallaan,tuore_havainto,1.0,2010,97,1913,0,0.89
2417885002,tarkka,2019,200,ennallaan,tuore_havainto,1.0,2010,95,1915,0,1.0
2422062106,tarkka,2019,1,ennallaan,tuore_havainto,1.0,2010,119,1891,0,1.0
2422114252,tarkka,2019,25,ennallaan,tuore_havainto,1.0,2010,80,1930,0,0.89
2422122862,tarkka,2019,10,ennallaan,tuore_havainto,1.0,2010,78,1932,0,1.0
2422132370,tarkka,2019,50,ennallaan,tuore_havainto,1.0,2010,59,1951,0,1.0
2422144014,tarkka,2019,10,ennallaan,tuore_havainto,1.0,2010,58,1952,0,1.0
2422162263,tarkka,2019,10,ennallaan,tuore_havainto,1.0,2010,68,1942,0,1.0
2422185514,tarkka,2019,100,ei_tietoa,ei_metsavaratietoa,,2010,,,0,0.0
2426225707,alueellinen,2019,1126,ei_tietoa,liian_epatarkka,,,,,,
2428426160,tarkka,2019,5,ennallaan,tuore_havainto,1.0,2010,97,1913,0,1.0
2432875565,tarkka,2019,10,muuttunut,hakattu,0.67,2010,96,1914,2,1.0
2449934602,tarkka,2019,10,ennallaan,tuore_havainto,1.0,2010,93,1917,0,0.44
2449942616,tarkka,2019,25,ennallaan,tuore_havainto,1.0,2010,39,1971,0,1.0
3768060619,tarkka,2019,50,ennallaan,tuore_havainto,1.0,2010,118,1892,0,1.0
3856480275,tarkka,2019,10,ennallaan,tuore_havainto,1.0,2010,40,1970,0,1.0
3856666101,tarkka,2019,10,ennallaan,tuore_havainto,1.0,2010,50,1960,0,1.0
3856841403,tarkka,2019,10,ennallaan,tuore_havainto,1.0,2010,107,1903,0,1.0
3857009046,tarkka,2019,10,ennallaan,tuore_havainto,1.0,2010,108,1902,0,1.0
3857386127,tarkka,2019,10,ennallaan,tuore_havainto,1.0,2010,97,1913,0,1.0
4065361398,summittainen,2019,400,ennallaan,tuore_havainto,1.0,2010,18,1992,0,0.89
4065373525,summittainen,2019,400,ennallaan,tuore_havainto,1.0,2010,96,1914,2,1.0
2424258269,tarkka,2019,5,epavarma,osa_alueesta_hakattu,0.33,2010,129,1881,2,1.0
2425913753,summittainen,2019,303,ennallaan,tuore_havainto,1.0,2010,90,1920,2,1.0
2426017776,tarkka,2019,25,ennallaan,tuore_havainto,1.0,2010,68,1942,0,1.0
2427996200,tarkka,2019,100,ennallaan,tuore_havainto,1.0,2010,76,1934,0,1.0
2428355174,tarkka,2019,10,ennallaan,tuore_havainto,1.0,2010,82,1928,0,1.0
2447487339,tarkka,2019,5,ennallaan,tuore_havainto,1.0,2010,68,1942,0,1.0
2454682340,tarkka,2019,10,ennallaan,tuore_havainto,1.0,2010,82,1928,0,0.67
2593138285,tarkka,2019,25,ennallaan,tuore_havainto,1.0,2010,62,1948,0,1.0
1899257191,tarkka,2018,25,muuttunut,hakattu,0.56,2010,66,1944,2,1.0
1900865037,tarkka,2018,200,ennallaan,tuore_havainto,1.0,2010,81,1929,0,1.0
1900953468,tarkka,2018,200,muuttunut,hakattu,0.5,2010,83,1927,2,0.89
2247392581,tarkka,2018,5,ennallaan,tuore_havainto,1.0,2010,81,1929,0,0.67
3430632465,tarkka,2018,10,ennallaan,tuore_havainto,1.0,2010,99,1911,0,1.0
3890942420,tarkka,2018,250,ennallaan,tuore_havainto,1.0,2010,103,1907,0,0.67
3891260407,tarkka,2018,100,ennallaan,tuore_havainto,1.0,2010,50,1960,0,0.22
4065658370,summittainen,2018,750,ennallaan,tuore_havainto,1.0,2010,87,1923,2,0.78
1900934454,tarkka,2018,25,ennallaan,tuore_havainto,1.0,2010,104,1906,0,1.0
1900940099,tarkka,2018,25,muuttunut,hakattu,0.56,2010,66,1944,2,1.0
1900952410,tarkka,2018,10,ennallaan,tuore_havainto,1.0,2010,96,1914,0,1.0
1900963825,tarkka,2018,100,ennallaan,tuore_havainto,1.0,2010,116,1894,0,1.0
1900964930,tarkka,2018,10,ennallaan,tuore_havainto,1.0,2010,100,1910,0,0.89
1900964932,tarkka,2018,10,ennallaan,tuore_havainto,1.0,2010,100,1910,0,0.89
1900964934,tarkka,2018,10,ennallaan,tuore_havainto,1.0,2010,52,1958,0,0.78
1900964936,tarkka,2018,10,ennallaan,tuore_havainto,1.0,2010,92,1918,0,0.78
1912872662,tarkka,2018,5,ennallaan,tuore_havainto,1.0,2010,92,1918,0,1.0
1912872679,tarkka,2018,5,ennallaan,tuore_havainto,1.0,2010,92,1918,0,1.0
1912872701,tarkka,2018,5,ennallaan,tuore_havainto,1.0,2010,94,1916,0,1.0
1912872732,tarkka,2018,5,ennallaan,tuore_havainto,1.0,2010,88,1922,0,1.0
1912889185,tarkka,2018,5,ennallaan,tuore_havainto,1.0,2010,73,1937,0,1.0
1912893627,tarkka,2018,5,ennallaan,tuore_havainto,1.0,2010,73,1937,0,0.89
1912894375,tarkka,2018,5,ennallaan,tuore_havainto,1.0,2010,73,1937,0,0.78
1912894421,tarkka,2018,5,ennallaan,tuore_havainto,1.0,2010,73,1937,0,0.89
1912897400,tarkka,2018,100,ennallaan,tuore_havainto,1.0,2010,132,1878,0,0.89
1912897528,tarkka,2018,100,ennallaan,tuore_havainto,1.0,2010,132,1878,0,0.89
1912923512,summittainen,2018,300,ennallaan,tuore_havainto,1.0,2010,100,1910,0,0.89
1912935948,tarkka,2018,5,ennallaan,tuore_havainto,1.0,2010,0,2010,0,1.0
1912935949,tarkka,2018,5,ennallaan,tuore_havainto,1.0,2010,81,1929,0,1.0
1912935964,tarkka,2018,5,ennallaan,tuore_havainto,1.0,2010,0,2010,0,1.0
1912935966,tarkka,2018,5,ennallaan,tuore_havainto,1.0,2010,83,1927,0,1.0
1912935974,tarkka,2018,5,ennallaan,tuore_havainto,1.0,2010,84,1926,0,1.0
1912935994,tarkka,2018,5,ennallaan,tuore_havainto,1.0,2010,0,2010,0,1.0
1912935996,tarkka,2018,5,ennallaan,tuore_havainto,1.0,2010,84,1926,0,1.0
1912936020,tarkka,2018,5,ennallaan,tuore_havainto,1.0,2010,83,1927,0,1.0
1913952181,tarkka,2018,10,muuttunut,hakattu,1.0,2010,85,1925,2,1.0
1913974619,tarkka,2018,100,ennallaan,tuore_havainto,1.0,2010,89,1921,0,0.78
1913977489,alueellinen,2018,5000,ei_tietoa,liian_epatarkka,,,,,,
1913977795,summittainen,2018,300,ennallaan,tuore_havainto,1.0,2010,101,1909,0,0.89
1914024239,summittainen,2018,361,ennallaan,tuore_havainto,1.0,2010,152,1858,0,0.56
1914028811,summittainen,2018,500,ennallaan,tuore_havainto,1.0,2010,91,1919,0,0.78
1915291227,tarkka,2018,10,ennallaan,tuore_havainto,1.0,2010,46,1964,0,1.0
1915291231,tarkka,2018,10,ennallaan,tuore_havainto,1.0,2010,49,1961,0,1.0
1915304729,tarkka,2018,75,ennallaan,tuore_havainto,1.0,2010,84,1926,0,0.56
1915306005,tarkka,2018,5,ennallaan,tuore_havainto,1.0,2010,123,1887,0,1.0
1915309892,tarkka,2018,10,ennallaan,tuore_havainto,1.0,2010,132,1878,0,1.0
1915329127,tarkka,2018,10,ennallaan,tuore_havainto,1.0,2010,107,1903,0,1.0
1915329138,tarkka,2018,10,ennallaan,tuore_havainto,1.0,2010,142,1868,0,1.0
1915329348,tarkka,2018,5,ennallaan,tuore_havainto,1.0,2010,132,1878,0,1.0
1915361075,summittainen,2018,1000,ennallaan,tuore_havainto,1.0,2010,99,1911,0,0.78
1915371570,tarkka,2018,1,ennallaan,tuore_havainto,1.0,2010,123,1887,0,1.0
1915392071,tarkka,2018,10,ennallaan,tuore_havainto,1.0,2010,111,1899,0,1.0
1915392084,tarkka,2018,10,ennallaan,tuore_havainto,1.0,2010,109,1901,0,1.0
1915392107,tarkka,2018,10,ennallaan,tuore_havainto,1.0,2010,102,1908,0,1.0
1915392111,tarkka,2018,10,ennallaan,tuore_havainto,1.0,2010,125,1885,0,1.0
1915392309,tarkka,2018,10,ennallaan,tuore_havainto,1.0,2010,109,1901,0,1.0
1915392361,tarkka,2018,10,ennallaan,tuore_havainto,1.0,2010,111,1899,0,1.0
1915392404,tarkka,2018,10,ennallaan,tuore_havainto,1.0,2010,125,1885,0,1.0
1915392419,tarkka,2018,10,ennallaan,tuore_havainto,1.0,2010,102,1908,0,1.0
1915392561,tarkka,2018,10,ennallaan,tuore_havainto,1.0,2010,111,1899,0,1.0
1915392582,tarkka,2018,10,ennallaan,tuore_havainto,1.0,2010,102,1908,0,1.0
1915392629,tarkka,2018,10,ennallaan,tuore_havainto,1.0,2010,109,1901,0,1.0
1915392639,tarkka,2018,10,ennallaan,tuore_havainto,1.0,2010,125,1885,0,1.0
1915431793,alueellinen,2018,2724,ei_tietoa,liian_epatarkka,,,,,,
1995032210,tarkka,2018,5,ennallaan,tuore_havainto,1.0,2010,85,1925,0,1.0
1995032221,tarkka,2018,5,ennallaan,tuore_havainto,1.0,2010,84,1926,0,1.0
1995032241,tarkka,2018,5,ennallaan,tuore_havainto,1.0,2010,125,1885,0,1.0
1995032244,tarkka,2018,5,ennallaan,tuore_havainto,1.0,2010,106,1904,0,1.0
1995032252,tarkka,2018,5,ennallaan,tuore_havainto,1.0,2010,103,1907,0,1.0
1995032259,tarkka,2018,5,ennallaan,tuore_havainto,1.0,2010,72,1938,0,1.0
1995032265,tarkka,2018,5,ennallaan,tuore_havainto,1.0,2010,84,1926,0,1.0
1995032272,tarkka,2018,5,ennallaan,tuore_havainto,1.0,2010,81,1929,0,1.0
1995032284,tarkka,2018,5,ennallaan,tuore_havainto,1.0,2010,77,1933,0,1.0
1995213366,tarkka,2018,10,ennallaan,tuore_havainto,1.0,2010,111,1899,0,1.0
1995304574,tarkka,2018,10,ennallaan,tuore_havainto,1.0,2010,141,1869,0,1.0
1995315708,tarkka,2018,10,ennallaan,tuore_havainto,1.0,2010,84,1926,0,0.78
2005119103,tarkka,2018,10,ennallaan,tuore_havainto,1.0,2010,81,1929,0,1.0
2005119116,tarkka,2018,10,ennallaan,tuore_havainto,1.0,2010,82,1928,0,1.0
2005119135,tarkka,2018,10,ennallaan,tuore_havainto,1.0,2010,72,1938,0,1.0
2005119154,tarkka,2018,10,ennallaan,tuore_havainto,1.0,2010,77,1933,0,1.0
2005119160,tarkka,2018,10,ennallaan,tuore_havainto,1.0,2010,90,1920,0,1.0
2005119218,tarkka,2018,10,ennallaan,tuore_havainto,1.0,2010,68,1942,0,1.0
2005213749,tarkka,2018,5,ennallaan,tuore_havainto,1.0,2010,80,1930,0,1.0
2005213752,tarkka,2018,5,ennallaan,tuore_havainto,1.0,2010,86,1924,0,1.0
2005213774,tarkka,2018,5,ennallaan,tuore_havainto,1.0,2010,66,1944,0,1.0
2005213783,tarkka,2018,5,ennallaan,tuore_havainto,1.0,2010,93,1917,0,1.0
2005213832,tarkka,2018,5,ennallaan,tuore_havainto,1.0,2010,114,1896,0,1.0
2005213843,tarkka,2018,5,muuttunut,hakattu,0.89,2010,114,1896,2,1.0
2005213874,tarkka,2018,5,ennallaan,tuore_havainto,1.0,2010,76,1934,0,1.0
2005213886,tarkka,2018,5,ennallaan,tuore_havainto,1.0,2010,76,1934,0,1.0
2005213888,tarkka,2018,5,ennallaan,tuore_havainto,1.0,2010,121,1889,0,1.0
2005213893,tarkka,2018,5,ennallaan,tuore_havainto,1.0,2010,0,2010,0,1.0
2005213922,tarkka,2018,5,ennallaan,tuore_havainto,1.0,2010,58,1952,2,1.0
2246300107,tarkka,2018,10,ennallaan,tuore_havainto,1.0,2010,139,1871,0,1.0
2246301092,tarkka,2018,10,ennallaan,tuore_havainto,1.0,2010,139,1871,0,1.0
2246837147,tarkka,2018,25,muuttunut,hakattu,1.0,2010,74,1936,2,0.33
2246837263,tarkka,2018,25,muuttunut,hakattu,0.89,2010,96,1914,2,1.0
2246837324,tarkka,2018,25,epavarma,hakkuuaikomus,0.71,2010,64,1946,1,0.78
2246837370,tarkka,2018,25,ennallaan,tuore_havainto,1.0,2010,107,1903,0,1.0
2246837383,tarkka,2018,25,ennallaan,tuore_havainto,1.0,2010,103,1907,0,1.0
2246837413,tarkka,2018,25,ennallaan,tuore_havainto,1.0,2010,91,1919,0,0.67
2246837498,tarkka,2018,25,ennallaan,tuore_havainto,1.0,2010,69,1941,2,1.0
2246837637,tarkka,2018,25,ennallaan,tuore_havainto,1.0,2010,74,1936,0,1.0
2246837648,tarkka,2018,25,muuttunut,hakattu,1.0,2010,80,1930,2,1.0
2246837680,tarkka,2018,25,muuttunut,hakattu,1.0,2010,88,1922,2,0.67
2246837683,tarkka,2018,25,ennallaan,tuore_havainto,1.0,2010,159,1851,0,1.0
2246837870,tarkka,2018,25,ennallaan,tuore_havainto,1.0,2010,167,1843,0,1.0
2246837940,tarkka,2018,25,ennallaan,tuore_havainto,1.0,2010,89,1921,0,0.44
2246838034,tarkka,2018,25,ennallaan,tuore_havainto,0.67,2010,80,1930,1,1.0
2246838064,tarkka,2018,25,ennallaan,tuore_havainto,1.0,2010,65,1945,0,0.78
2246838074,tarkka,2018,25,ennallaan,tuore_havainto,1.0,2010,59,1951,0,0.67
2246838086,tarkka,2018,25,ennallaan,tuore_havainto,1.0,2010,82,1928,0,0.44
2246838864,tarkka,2018,25,ennallaan,tuore_havainto,1.0,2010,88,1922,0,1.0
2246839257,tarkka,2018,25,ennallaan,tuore_havainto,1.0,2010,78,1932,0,1.0
2246839777,tarkka,2018,25,ennallaan,tuore_havainto,1.0,2010,77,1933,0,0.67
2246839780,tarkka,2018,25,muuttunut,hakattu,0.78,2010,79,1931,2,1.0
2246855091,tarkka,2018,10,ennallaan,tuore_havainto,1.0,2010,105,1905,0,0.33
2246966040,tarkka,2018,10,ennallaan,tuore_havainto,1.0,2010,46,1964,0,1.0
2247173744,tarkka,2018,5,ennallaan,tuore_havainto,1.0,2010,132,1878,0,1.0
2247272466,tarkka,2018,10,ennallaan,tuore_havainto,1.0,2010,159,1851,0,1.0
2247272549,tarkka,2018,10,ennallaan,tuore_havainto,1.0,2010,169,1841,0,1.0
2247272630,tarkka,2018,10,ennallaan,tuore_havainto,1.0,2010,169,1841,0,1.0
2247272701,tarkka,2018,10,ennallaan,tuore_havainto,1.0,2010,165,1845,0,1.0
2247272829,tarkka,2018,10,ennallaan,tuore_havainto,1.0,2010,159,1851,0,1.0
2247272974,tarkka,2018,10,ennallaan,tuore_havainto,1.0,2010,176,1834,0,1.0
2247273107,tarkka,2018,10,ennallaan,tuore_havainto,1.0,2010,166,1844,0,1.0
2247273195,tarkka,2018,10,ennallaan,tuore_havainto,1.0,2010,166,1844,0,1.0
2247273295,tarkka,2018,10,ennallaan,tuore_havainto,1.0,2010,161,1849,0,1.0
2247273352,tarkka,2018,10,ennallaan,tuore_havainto,1.0,2010,155,1855,0,1.0
2247273461,tarkka,2018,10,ennallaan,tuore_havainto,1.0,2010,172,1838,0,1.0
2247273560,tarkka,2018,10,ennallaan,tuore_havainto,1.0,2010,164,1846,0,1.0
2247273650,tarkka,2018,10,ennallaan,tuore_havainto,1.0,2010,155,1855,0,1.0
2247273714,tarkka,2018,10,ennallaan,tuore_havainto,1.0,2010,165,1845,0,1.0
2247273797,tarkka,2018,10,ennallaan,tuore_havainto,1.0,2010,164,1846,0,1.0
2247273855,tarkka,2018,10,ennallaan,tuore_havainto,1.0,2010,158,1852,0,1.0
2247273975,tarkka,2018,10,ennallaan,tuore_havainto,1.0,2010,158,1852,0,1.0
2247274046,tarkka,2018,10,ennallaan,tuore_havainto,1.0,2010,160,1850,0,1.0
2247274123,tarkka,2018,10,ennallaan,tuore_havainto,1.0,2010,167,1843,0,1.0
2381609529,tarkka,2018,200,ennallaan,tuore_havainto,1.0,2010,115,1895,0,1.0
2381698529,tarkka,2018,5,ennallaan,tuore_havainto,1.0,2010,96,1914,0,1.0
2412678525,tarkka,2018,5,ennallaan,tuore_havainto,1.0,2010,95,1915,0,1.0
2412763524,tarkka,2018,5,ennallaan,tuore_havainto,0.89,2010,126,1884,1,1.0
2412833523,tarkka,2018,24,ennallaan,tuore_havainto,1.0,2010,58,1952,0,1.0
2412890525,tarkka,2018,5,ennallaan,tuore_havainto,1.0,2010,122,1888,0,1.0
2412910518,tarkka,2018,30,ennallaan,tuore_havainto,1.0,2010,104,1906,0,1.0
2412939520,tarkka,2018,10,ennallaan,tuore_havainto,1.0,2010,62,1948,0,1.0
2412984520,tarkka,2018,10,ennallaan,tuore_havainto,1.0,2010,84,1926,0,1.0
2413061519,tarkka,2018,5,ennallaan,tuore_havainto,1.0,2010,110,1900,0,1.0
2413076522,tarkka,2018,30,ennallaan,tuore_havainto,1.0,2010,0,2010,0,1.0
2413077517,tarkka,2018,5,ennallaan,tuore_havainto,1.0,2010,89,1921,0,1.0
2413088519,tarkka,2018,5,ennallaan,tuore_havainto,1.0,2010,100,1910,0,1.0
2619722483,tarkka,2018,100,ennallaan,tuore_havainto,1.0,2010,126,1884,0,1.0
2847511412,tarkka,2018,100,ennallaan,tuore_havainto,1.0,2010,101,1909,0,0.78
2848080331,tarkka,2018,25,ennallaan,tuore_havainto,1.0,2010,66,1944,0,1.0
4033640289,tarkka,2018,25,ennallaan,tuore_havainto,1.0,2010,122,1888,0,0.56
1995036846,tarkka,2018,5,ennallaan,tuore_havainto,1.0,2010,68,1942,0,1.0
1995177481,tarkka,2018,10,ennallaan,tuore_havainto,1.0,2010,89,1921,0,1.0
1995240100,tarkka,2018,75,ennallaan,tuore_havainto,1.0,2010,0,2010,0,0.78
2005213919,tarkka,2018,5,ennallaan,tuore_havainto,1.0,2010,126,1884,0,1.0
2246299840,tarkka,2018,10,ennallaan,tuore_havainto,1.0,2010,94,1916,0,1.0
2246300075,tarkka,2018,10,ennallaan,tuore_havainto,1.0,2010,107,1903,0,1.0
2246300528,tarkka,2018,10,ennallaan,tuore_havainto,1.0,2010,109,1901,0,1.0
2246300543,tarkka,2018,10,ennallaan,tuore_havainto,1.0,2010,107,1903,0,1.0
2246300626,tarkka,2018,10,ennallaan,tuore_havainto,1.0,2010,109,1901,0,1.0
2246301117,tarkka,2018,10,ennallaan,tuore_havainto,1.0,2010,100,1910,0,0.78
2246301204,tarkka,2018,10,ennallaan,tuore_havainto,1.0,2010,94,1916,0,1.0
2246301785,tarkka,2018,10,ennallaan,tuore_havainto,1.0,2010,100,1910,0,0.78
2246913490,tarkka,2018,5,ennallaan,tuore_havainto,1.0,2010,82,1928,0,0.33
4065423486,summittainen,2018,300,ennallaan,tuore_havainto,1.0,2010,66,1944,2,1.0
2005246074,tarkka,2018,5,ennallaan,tuore_havainto,1.0,2010,98,1912,0,1.0
4065302979,summittainen,2018,750,ennallaan,tuore_havainto,1.0,2010,63,1947,2,0.89
1670636125,summittainen,2017,300,ennallaan,tuore_havainto,1.0,2010,127,1883,0,0.22
1670647000,tarkka,2017,10,ennallaan,tuore_havainto,1.0,2010,66,1944,0,1.0
1670647005,tarkka,2017,10,ennallaan,tuore_havainto,1.0,2010,67,1943,0,1.0
1670647052,tarkka,2017,10,ennallaan,tuore_havainto,1.0,2010,113,1897,0,1.0
1670693054,tarkka,2017,100,ennallaan,tuore_havainto,1.0,2010,94,1916,0,1.0
1670719504,tarkka,2017,5,ennallaan,tuore_havainto,1.0,2010,99,1911,0,0.44
1670816401,tarkka,2017,75,ennallaan,tuore_havainto,1.0,2010,145,1865,0,1.0
1670818020,tarkka,2017,10,ennallaan,tuore_havainto,1.0,2010,116,1894,0,1.0
1670826814,tarkka,2017,10,ennallaan,tuore_havainto,1.0,2010,89,1921,0,1.0
1670827533,tarkka,2017,10,ennallaan,tuore_havainto,1.0,2010,113,1897,0,1.0
1670827535,tarkka,2017,10,ennallaan,tuore_havainto,1.0,2010,106,1904,0,1.0
1670827553,tarkka,2017,10,ennallaan,tuore_havainto,1.0,2010,123,1887,0,1.0
1670841155,tarkka,2017,25,ennallaan,tuore_havainto,1.0,2010,122,1888,0,0.89
1670887141,tarkka,2017,50,muuttunut,hakattu,0.78,2010,148,1862,2,1.0
1670913280,tarkka,2017,50,ennallaan,tuore_havainto,1.0,2010,55,1955,0,1.0
1670949628,tarkka,2017,10,ennallaan,tuore_havainto,1.0,2010,102,1908,0,1.0
1670949681,tarkka,2017,10,ennallaan,tuore_havainto,1.0,2010,106,1904,0,1.0
1670961544,tarkka,2017,10,ennallaan,tuore_havainto,1.0,2010,0,2010,0,1.0
1670968941,tarkka,2017,5,ennallaan,tuore_havainto,1.0,2010,94,1916,0,0.78
1670969010,tarkka,2017,5,epavarma,hakkuuaikomus,1.0,2010,121,1889,1,1.0
1670969799,tarkka,2017,25,ennallaan,tuore_havainto,1.0,2010,128,1882,0,0.89
1670969801,tarkka,2017,25,ennallaan,tuore_havainto,1.0,2010,106,1904,0,0.67
1670981972,tarkka,2017,5,ennallaan,tuore_havainto,1.0,2010,67,1943,0,1.0
1670996761,tarkka,2017,5,ennallaan,tuore_havainto,1.0,2010,75,1935,0,1.0
1670998221,tarkka,2017,50,ennallaan,tuore_havainto,1.0,2010,84,1926,0,1.0
1671008855,tarkka,2017,150,ennallaan,tuore_havainto,1.0,2010,124,1886,0,1.0
1671026721,tarkka,2017,5,ennallaan,tuore_havainto,1.0,2010,83,1927,0,1.0
1671026729,tarkka,2017,5,ennallaan,tuore_havainto,1.0,2010,81,1929,0,1.0
1671036885,tarkka,2017,5,ennallaan,tuore_havainto,1.0,2010,94,1916,0,1.0
1671036912,tarkka,2017,5,ennallaan,tuore_havainto,1.0,2010,115,1895,0,1.0
1671036922,tarkka,2017,5,ennallaan,tuore_havainto,1.0,2010,90,1920,0,1.0
1671041317,tarkka,2017,1,ennallaan,tuore_havainto,1.0,2010,68,1942,0,0.67
1671046054,tarkka,2017,100,ennallaan,tuore_havainto,1.0,2010,122,1888,0,1.0
1671078434,tarkka,2017,10,ennallaan,tuore_havainto,1.0,2010,0,2010,0,1.0
1806946985,tarkka,2017,10,ennallaan,tuore_havainto,0.67,2010,123,1887,1,1.0
1806990288,summittainen,2017,571,ennallaan,tuore_havainto,1.0,2010,116,1894,2,0.78
1821018482,tarkka,2017,10,epavarma,osa_alueesta_hakattu,0.44,2010,148,1862,2,1.0
1821018623,tarkka,2017,10,ennallaan,tuore_havainto,1.0,2010,142,1868,0,1.0
1915419091,tarkka,2017,10,ennallaan,tuore_havainto,1.0,2010,82,1928,0,1.0
1915419132,tarkka,2017,10,ennallaan,tuore_havainto,1.0,2010,114,1896,0,1.0
1671106289,tarkka,2017,25,ennallaan,tuore_havainto,1.0,2010,79,1931,0,1.0
4065383854,tarkka,2016,150,ennallaan,tuore_havainto,1.0,2010,100,1910,0,1.0
1432192647,tarkka,2016,200,epavarma,osa_alueesta_hakattu,0.44,2010,111,1899,2,1.0
1432317890,tarkka,2016,100,ei_tietoa,ei_metsavaratietoa,,2010,,,0,0.0
1432357767,tarkka,2016,10,ennallaan,tuore_havainto,1.0,2010,71,1939,0,1.0
1432357817,tarkka,2016,10,ennallaan,tuore_havainto,1.0,2010,66,1944,0,1.0
1432357895,tarkka,2016,10,ennallaan,tuore_havainto,1.0,2010,70,1940,0,1.0
1432428994,tarkka,2016,10,ennallaan,tuore_havainto,1.0,2010,100,1910,0,1.0
1432429007,tarkka,2016,10,ennallaan,tuore_havainto,1.0,2010,106,1904,0,1.0
1432429025,tarkka,2016,10,ennallaan,tuore_havainto,1.0,2010,103,1907,0,1.0
1432429026,tarkka,2016,10,ennallaan,tuore_havainto,1.0,2010,103,1907,0,1.0
1432429043,tarkka,2016,10,ennallaan,tuore_havainto,1.0,2010,101,1909,0,1.0
1432429045,tarkka,2016,10,ennallaan,tuore_havainto,1.0,2010,84,1926,0,1.0
1432429058,tarkka,2016,10,ennallaan,tuore_havainto,1.0,2010,101,1909,0,1.0
1432429062,tarkka,2016,10,ennallaan,tuore_havainto,1.0,2010,97,1913,0,1.0
1432429064,tarkka,2016,10,ennallaan,tuore_havainto,1.0,2010,113,1897,0,1.0
1432429075,tarkka,2016,10,ennallaan,tuore_havainto,1.0,2010,102,1908,0,1.0
1432429082,tarkka,2016,10,ennallaan,tuore_havainto,1.0,2010,107,1903,0,1.0
1432429086,tarkka,2016,10,ennallaan,tuore_havainto,1.0,2010,98,1912,0,1.0
1432429118,tarkka,2016,10,ennallaan,tuore_havainto,1.0,2010,113,1897,0,1.0
1432452671,tarkka,2016,10,ennallaan,tuore_havainto,1.0,2010,85,1925,0,0.89
1432452730,tarkka,2016,10,ennallaan,tuore_havainto,1.0,2010,37,1973,0,1.0
1432452985,tarkka,2016,10,ei_tietoa,ei_metsavaratietoa,,2010,,,0,0.0
1432478640,tarkka,2016,150,ennallaan,tuore_havainto,1.0,2010,61,1949,0,1.0
1432478641,tarkka,2016,50,epavarma,osa_alueesta_hakattu,0.44,2010,70,1940,2,1.0
1432486907,tarkka,2016,10,ennallaan,tuore_havainto,1.0,2010,64,1946,0,1.0
1432486964,tarkka,2016,10,epavarma,osa_alueesta_hakattu,0.11,2010,102,1908,2,1.0
1432486973,tarkka,2016,10,ennallaan,tuore_havainto,1.0,2010,105,1905,0,1.0
1432486984,tarkka,2016,10,ennallaan,tuore_havainto,1.0,2010,119,1891,0,1.0
1432487028,tarkka,2016,10,ennallaan,tuore_havainto,1.0,2010,55,1955,0,1.0
1432487029,tarkka,2016,10,ennallaan,tuore_havainto,1.0,2010,95,1915,0,1.0
1432487055,tarkka,2016,10,ennallaan,tuore_havainto,1.0,2010,106,1904,0,1.0
1432489883,summittainen,2016,500,ennallaan,tuore_havainto,0.86,2010,52,1958,2,0.78
1432498453,tarkka,2016,200,epavarma,osa_alueesta_hakattu,0.44,2010,111,1899,2,1.0
1432511894,tarkka,2016,10,ennallaan,tuore_havainto,1.0,2010,86,1924,0,1.0
1432527053,tarkka,2016,10,ennallaan,tuore_havainto,1.0,2010,92,1918,0,1.0
1432527063,tarkka,2016,10,ennallaan,tuore_havainto,1.0,2010,80,1930,0,1.0
1432527072,tarkka,2016,10,ennallaan,tuore_havainto,1.0,2010,72,1938,0,1.0
1432533944,summittainen,2016,377,ennallaan,tuore_havainto,1.0,2010,86,1924,2,1.0
1432545434,summittainen,2016,300,ennallaan,tuore_havainto,1.0,2010,55,1955,2,0.67
1432566887,tarkka,2016,5,ennallaan,tuore_havainto,1.0,2010,71,1939,0,0.89
1432825228,summittainen,2016,641,epavarma,osa_alueesta_hakattu,0.38,2010,102,1908,2,0.89
1432836237,summittainen,2016,641,epavarma,osa_alueesta_hakattu,0.38,2010,102,1908,2,0.89
1432836529,summittainen,2016,967,epavarma,osa_alueesta_hakattu,0.22,2010,101,1909,2,1.0
1432836767,summittainen,2016,936,epavarma,osa_alueesta_hakattu,0.11,2010,98,1912,2,1.0
1432869853,tarkka,2016,50,muuttunut,hakattu,0.89,2010,110,1900,2,1.0
1433362846,tarkka,2016,10,ennallaan,tuore_havainto,1.0,2010,122,1888,0,0.89
1433362860,tarkka,2016,10,ennallaan,tuore_havainto,1.0,2010,93,1917,0,0.78
1433362926,tarkka,2016,10,ennallaan,tuore_havainto,1.0,2010,74,1936,0,1.0
1433362953,tarkka,2016,10,ennallaan,tuore_havainto,1.0,2010,122,1888,0,1.0
1433362984,tarkka,2016,10,ennallaan,tuore_havainto,1.0,2010,51,1959,0,1.0
1801605997,tarkka,2016,5,ennallaan,tuore_havainto,1.0,2010,99,1911,0,1.0
1801606532,summittainen,2016,319,ennallaan,tuore_havainto,1.0,2010,87,1923,0,1.0
1432616375,summittainen,2016,251,ennallaan,tuore_havainto,1.0,2010,116,1894,0,0.89
1432617593,tarkka,2016,10,ennallaan,tuore_havainto,1.0,2010,100,1910,0,1.0
1432617820,tarkka,2016,10,ennallaan,tuore_havainto,1.0,2010,93,1917,0,1.0
1432618046,tarkka,2016,10,ennallaan,tuore_havainto,1.0,2010,70,1940,0,1.0
1432618069,tarkka,2016,10,epavarma,hakkuuaikomus,1.0,2010,75,1935,1,1.0
1432618156,tarkka,2016,10,ennallaan,tuore_havainto,1.0,2010,81,1929,0,1.0
1432618181,tarkka,2016,10,ennallaan,tuore_havainto,1.0,2010,86,1924,0,1.0
1432618478,tarkka,2016,10,ennallaan,tuore_havainto,1.0,2010,77,1933,0,1.0
1432618581,tarkka,2016,10,ennallaan,tuore_havainto,1.0,2010,99,1911,0,1.0
1432618608,tarkka,2016,10,ennallaan,tuore_havainto,1.0,2010,110,1900,0,1.0
1432618632,tarkka,2016,10,ennallaan,tuore_havainto,1.0,2010,71,1939,0,1.0
1432646973,tarkka,2016,10,ennallaan,tuore_havainto,1.0,2010,101,1909,0,1.0
1432646979,tarkka,2016,10,ennallaan,tuore_havainto,1.0,2010,83,1927,0,1.0
1432657116,tarkka,2016,200,epavarma,osa_alueesta_hakattu,0.22,2010,95,1915,2,1.0
1432657198,tarkka,2016,10,ennallaan,tuore_havainto,1.0,2010,92,1918,0,1.0
1432663738,tarkka,2016,10,ennallaan,tuore_havainto,1.0,2010,72,1938,0,1.0
1432663745,tarkka,2016,10,ennallaan,tuore_havainto,1.0,2010,75,1935,0,1.0
1432663752,tarkka,2016,10,ennallaan,tuore_havainto,1.0,2010,72,1938,0,1.0
1432663762,tarkka,2016,10,ennallaan,tuore_havainto,1.0,2010,72,1938,0,1.0
1432663807,tarkka,2016,10,ennallaan,tuore_havainto,1.0,2010,72,1938,0,1.0
1432663820,tarkka,2016,10,ennallaan,tuore_havainto,1.0,2010,70,1940,0,1.0
1432663833,tarkka,2016,10,ennallaan,tuore_havainto,1.0,2010,72,1938,0,1.0
1432663835,tarkka,2016,10,ennallaan,tuore_havainto,1.0,2010,72,1938,0,1.0
1432663838,tarkka,2016,10,ennallaan,tuore_havainto,1.0,2010,73,1937,0,1.0
1432663858,tarkka,2016,10,ennallaan,tuore_havainto,1.0,2010,78,1932,0,1.0
1432663880,tarkka,2016,10,ennallaan,tuore_havainto,1.0,2010,82,1928,0,1.0
1432663887,tarkka,2016,10,ennallaan,tuore_havainto,1.0,2010,70,1940,0,1.0
1432674857,tarkka,2016,10,ennallaan,tuore_havainto,1.0,2010,102,1908,0,1.0
1432675092,tarkka,2016,50,ennallaan,tuore_havainto,1.0,2010,116,1894,0,0.56
1432675113,tarkka,2016,25,ennallaan,tuore_havainto,1.0,2010,120,1890,0,1.0
1432675135,tarkka,2016,50,ennallaan,tuore_havainto,1.0,2010,80,1930,0,0.67
1432675175,tarkka,2016,50,ennallaan,tuore_havainto,1.0,2010,103,1907,0,1.0
1432733100,tarkka,2016,100,ennallaan,tuore_havainto,1.0,2010,101,1909,0,0.89
1432745993,tarkka,2016,10,muuttunut,hakattu,1.0,2010,116,1894,2,1.0
1432746069,tarkka,2016,10,muuttunut,hakattu,1.0,2010,116,1894,2,1.0
1432746115,tarkka,2016,10,ennallaan,tuore_havainto,1.0,2010,106,1904,0,1.0
1432764975,summittainen,2016,500,ennallaan,tuore_havainto,1.0,2010,99,1911,0,0.33
1432787350,tarkka,2016,25,ennallaan,tuore_havainto,1.0,2010,105,1905,0,1.0
1432796041,tarkka,2016,25,ennallaan,tuore_havainto,1.0,2010,125,1885,0,1.0
1432836981,alueellinen,2016,1079,ei_tietoa,liian_epatarkka,,,,,,
1432860503,tarkka,2016,10,ennallaan,tuore_havainto,1.0,2010,86,1924,0,1.0
1432860547,tarkka,2016,10,ennallaan,tuore_havainto,1.0,2010,86,1924,0,1.0
1432867821,tarkka,2016,10,muuttunut,hakattu,1.0,2010,119,1891,2,1.0
1432869995,tarkka,2016,25,ennallaan,tuore_havainto,1.0,2010,97,1913,0,1.0
1432891085,tarkka,2016,250,ennallaan,tuore_havainto,1.0,2010,102,1908,0,1.0
1432937243,tarkka,2016,10,ennallaan,tuore_havainto,1.0,2010,86,1924,0,1.0
1432944624,tarkka,2016,5,ennallaan,tuore_havainto,1.0,2010,81,1929,0,0.67
1432969015,tarkka,2016,100,ennallaan,tuore_havainto,0.56,2010,80,1930,1,1.0
1433163431,tarkka,2016,50,ennallaan,tuore_havainto,1.0,2010,73,1937,0,1.0
1433318585,tarkka,2016,10,ennallaan,tuore_havainto,1.0,2010,109,1901,0,1.0
1433363036,tarkka,2016,10,ennallaan,tuore_havainto,1.0,2010,87,1923,0,1.0
1433363050,tarkka,2016,10,ennallaan,tuore_havainto,1.0,2010,142,1868,0,1.0
1433363053,tarkka,2016,10,ennallaan,tuore_havainto,1.0,2010,99,1911,0,1.0
1433363150,tarkka,2016,10,ennallaan,tuore_havainto,1.0,2010,96,1914,0,1.0
1433363169,tarkka,2016,10,ennallaan,tuore_havainto,1.0,2010,120,1890,0,1.0
1433363179,tarkka,2016,10,ennallaan,tuore_havainto,1.0,2010,93,1917,0,1.0
1433363190,tarkka,2016,10,ennallaan,tuore_havainto,1.0,2010,116,1894,0,0.78
1433363254,tarkka,2016,10,ennallaan,tuore_havainto,1.0,2010,111,1899,0,1.0
1433363348,tarkka,2016,10,ennallaan,tuore_havainto,1.0,2010,95,1915,0,1.0
1433363409,tarkka,2016,10,ennallaan,tuore_havainto,1.0,2010,81,1929,0,1.0
1433363592,tarkka,2016,10,ennallaan,tuore_havainto,1.0,2010,101,1909,0,0.56
1433524089,tarkka,2016,10,ennallaan,tuore_havainto,1.0,2010,78,1932,0,1.0
1433524288,tarkka,2016,10,ennallaan,tuore_havainto,1.0,2010,94,1916,0,1.0
1433524492,tarkka,2016,10,ennallaan,tuore_havainto,1.0,2010,86,1924,0,1.0
1433882271,tarkka,2016,10,ennallaan,tuore_havainto,1.0,2010,94,1916,0,1.0
1433882273,tarkka,2016,10,ennallaan,tuore_havainto,1.0,2010,91,1919,0,1.0
1433882307,tarkka,2016,10,ennallaan,tuore_havainto,1.0,2010,87,1923,0,1.0
1433882308,tarkka,2016,10,ennallaan,tuore_havainto,1.0,2010,82,1928,0,1.0
1433882310,tarkka,2016,10,ennallaan,tuore_havainto,1.0,2010,73,1937,0,1.0
1433882322,tarkka,2016,10,ennallaan,tuore_havainto,1.0,2010,100,1910,0,1.0
1433882323,tarkka,2016,10,epavarma,osa_alueesta_hakattu,0.33,2010,82,1928,2,1.0
1433882348,tarkka,2016,10,ennallaan,tuore_havainto,1.0,2010,85,1925,0,1.0
1433882405,tarkka,2016,10,ennallaan,tuore_havainto,1.0,2010,76,1934,0,1.0
1433882433,tarkka,2016,10,ennallaan,tuore_havainto,1.0,2010,84,1926,0,1.0
1433932319,tarkka,2016,25,ennallaan,tuore_havainto,1.0,2010,91,1919,0,1.0
1433932422,tarkka,2016,25,muuttunut,hakattu,1.0,2010,111,1899,2,0.44
1433933319,tarkka,2016,25,muuttunut,hakattu,0.89,2010,91,1919,2,1.0
1433980661,tarkka,2016,25,muuttunut,hakattu,1.0,2010,88,1922,2,1.0
1433980751,tarkka,2016,25,muuttunut,hakattu,0.67,2010,128,1882,2,1.0
1455812827,tarkka,2016,250,ennallaan,tuore_havainto,1.0,2010,88,1922,0,0.89
2993927301,summittainen,2016,1000,ennallaan,tuore_havainto,1.0,2010,64,1946,2,0.89
4065438711,summittainen,2016,500,ennallaan,tuore_havainto,1.0,2010,94,1916,0,1.0
4065459940,tarkka,2016,200,ennallaan,tuore_havainto,1.0,2010,77,1933,0,1.0
1433882286,tarkka,2016,10,ennallaan,tuore_havainto,1.0,2010,95,1915,0,1.0
1433882420,tarkka,2016,10,ennallaan,tuore_havainto,1.0,2010,0,2010,0,1.0
1135266742,tarkka,2015,10,ennallaan,tuore_havainto,1.0,2010,95,1915,0,1.0
1135268009,tarkka,2015,10,ennallaan,tuore_havainto,0.89,2010,88,1922,1,1.0
1135268142,tarkka,2015,10,epavarma,hakkuuaikomus,0.78,2010,91,1919,1,1.0
1135293922,tarkka,2015,225,ennallaan,tuore_havainto,1.0,2010,89,1921,0,1.0
1135364234,tarkka,2015,10,ennallaan,tuore_havainto,1.0,2010,100,1910,0,1.0
1135364310,tarkka,2015,10,ennallaan,tuore_havainto,1.0,2010,95,1915,0,1.0
1135364316,tarkka,2015,10,ennallaan,tuore_havainto,1.0,2010,97,1913,0,1.0
1135364506,tarkka,2015,10,ennallaan,tuore_havainto,1.0,2010,95,1915,0,1.0
1135365012,tarkka,2015,10,ennallaan,tuore_havainto,1.0,2010,99,1911,0,1.0
1135382349,tarkka,2015,10,ennallaan,tuore_havainto,1.0,2010,106,1904,0,1.0
1135574531,tarkka,2015,50,ennallaan,tuore_havainto,1.0,2010,61,1949,0,1.0
1135670737,tarkka,2015,5,ennallaan,tuore_havainto,1.0,2010,146,1864,0,1.0
1135673898,tarkka,2015,25,ennallaan,tuore_havainto,1.0,2010,169,1841,0,1.0
1135675127,tarkka,2015,5,ennallaan,tuore_havainto,1.0,2010,161,1849,0,1.0
1135675822,tarkka,2015,5,ennallaan,tuore_havainto,1.0,2010,146,1864,0,1.0
1477910796,tarkka,2015,5,ennallaan,tuore_havainto,1.0,2010,95,1915,0,1.0
1477910889,tarkka,2015,5,ennallaan,tuore_havainto,1.0,2010,90,1920,0,1.0
1477910902,tarkka,2015,5,ennallaan,tuore_havainto,1.0,2010,95,1915,0,1.0
1477910915,tarkka,2015,5,ennallaan,tuore_havainto,1.0,2010,103,1907,0,1.0
4065623779,summittainen,2015,500,epavarma,osa_alueesta_hakattu,0.14,2010,83,1927,2,0.78
1141994418,tarkka,2015,10,ennallaan,tuore_havainto,1.0,2010,107,1903,0,1.0
1142011463,tarkka,2015,10,ennallaan,tuore_havainto,1.0,2010,91,1919,0,1.0
1142011706,tarkka,2015,10,ennallaan,tuore_havainto,1.0,2010,112,1898,0,1.0
1142011850,tarkka,2015,10,ennallaan,tuore_havainto,1.0,2010,68,1942,0,1.0
1142012074,tarkka,2015,10,ennallaan,tuore_havainto,1.0,2010,111,1899,0,1.0
1212997581,tarkka,2015,50,ennallaan,tuore_havainto,1.0,2010,83,1927,0,0.67
1212998416,tarkka,2015,50,ennallaan,tuore_havainto,1.0,2010,103,1907,0,1.0
1212998646,tarkka,2015,50,ennallaan,tuore_havainto,1.0,2010,161,1849,0,1.0
1428566311,tarkka,2015,10,ennallaan,tuore_havainto,1.0,2010,86,1924,0,1.0
1669012970,tarkka,2015,10,ennallaan,tuore_havainto,1.0,2010,55,1955,0,1.0
1669012975,tarkka,2015,10,ennallaan,tuore_havainto,1.0,2010,28,1982,0,1.0
1669012978,tarkka,2015,10,ennallaan,tuore_havainto,1.0,2010,16,1994,0,1.0
1669012997,tarkka,2015,10,ennallaan,tuore_havainto,1.0,2010,23,1987,0,1.0
1669013028,tarkka,2015,10,ennallaan,tuore_havainto,1.0,2010,112,1898,0,1.0
4065339954,tarkka,2015,125,epavarma,osa_alueesta_hakattu,0.22,2010,73,1937,2,1.0
4065401928,tarkka,2015,250,ennallaan,tuore_havainto,1.0,2010,73,1937,2,1.0
4065448955,tarkka,2015,125,epavarma,osa_alueesta_hakattu,0.22,2010,73,1937,2,1.0
4065609901,tarkka,2015,200,epavarma,osa_alueesta_hakattu,0.11,2010,88,1922,2,1.0
1046515264,tarkka,2014,10,muuttunut,hakattu,0.78,2010,99,1911,2,1.0
1036449935,summittainen,2014,500,ei_tietoa,ei_metsavaratietoa,,2010,,,0,0.0
1036450288,summittainen,2014,500,ei_tietoa,ei_metsavaratietoa,,2010,,,0,0.0
1036525622,tarkka,2014,25,ennallaan,tuore_havainto,1.0,2010,89,1921,0,1.0
1036537890,tarkka,2014,5,ennallaan,tuore_havainto,1.0,2010,70,1940,0,1.0
1036538396,tarkka,2014,5,ennallaan,tuore_havainto,1.0,2010,138,1872,0,1.0
1036562696,summittainen,2014,500,ennallaan,tuore_havainto,1.0,2010,86,1924,0,0.56
1036736854,tarkka,2014,100,ennallaan,tuore_havainto,1.0,2010,85,1925,0,1.0
1046515708,tarkka,2014,10,ennallaan,tuore_havainto,1.0,2010,64,1946,0,1.0
1046519960,tarkka,2014,10,ennallaan,tuore_havainto,1.0,2010,92,1918,0,1.0
1046523321,tarkka,2014,10,ennallaan,tuore_havainto,1.0,2010,88,1922,0,0.67
1212426441,tarkka,2014,50,ennallaan,tuore_havainto,1.0,2010,168,1842,0,1.0
1212426975,tarkka,2014,50,ennallaan,tuore_havainto,1.0,2010,162,1848,0,1.0
4065411785,summittainen,2014,750,muuttunut,hakattu,0.5,2010,119,1891,2,0.67
1036572782,tarkka,2014,25,ennallaan,tuore_havainto,1.0,2010,81,1929,0,1.0
1036644430,alueellinen,2014,2000,ei_tietoa,liian_epatarkka,,,,,,
1036685373,tarkka,2014,25,ennallaan,tuore_havainto,1.0,2010,85,1925,0,0.89
1036718614,tarkka,2014,25,ennallaan,tuore_havainto,1.0,2010,127,1883,0,1.0
1036719027,tarkka,2014,25,ennallaan,tuore_havainto,1.0,2010,122,1888,0,1.0
1036729347,tarkka,2014,200,ennallaan,tuore_havainto,1.0,2010,112,1898,0,0.67
1036737811,tarkka,2014,250,ennallaan,tuore_havainto,1.0,2010,93,1917,0,1.0
1036773065,tarkka,2014,10,ennallaan,tuore_havainto,1.0,2010,66,1944,0,1.0
1036830083,tarkka,2014,25,ennallaan,tuore_havainto,1.0,2010,59,1951,0,1.0
1036872898,tarkka,2014,200,ennallaan,tuore_havainto,1.0,2010,91,1919,0,0.33
1036873178,tarkka,2014,200,ennallaan,tuore_havainto,1.0,2010,112,1898,0,0.67
1036873857,tarkka,2014,200,ennallaan,tuore_havainto,1.0,2010,84,1926,0,0.44
1036883884,tarkka,2014,10,ennallaan,tuore_havainto,1.0,2010,129,1881,0,1.0
1036935161,alueellinen,2014,5000,ei_tietoa,liian_epatarkka,,,,,,
1037031874,summittainen,2014,1000,ennallaan,tuore_havainto,1.0,2010,94,1916,0,0.67
1037032020,summittainen,2014,1000,ennallaan,tuore_havainto,1.0,2010,94,1916,0,0.67
1037048386,tarkka,2014,5,ennallaan,tuore_havainto,1.0,2010,132,1878,0,1.0
1037422076,tarkka,2014,10,ennallaan,tuore_havainto,1.0,2010,109,1901,0,0.89
1038442470,tarkka,2014,25,ennallaan,tuore_havainto,1.0,2010,121,1889,0,1.0
1046515209,tarkka,2014,10,ennallaan,tuore_havainto,1.0,2010,92,1918,0,0.89
1046515257,tarkka,2014,10,epavarma,osa_alueesta_hakattu,0.22,2010,93,1917,2,1.0
1046515267,tarkka,2014,10,ennallaan,tuore_havainto,1.0,2010,84,1926,0,1.0
1046515630,tarkka,2014,10,ennallaan,tuore_havainto,1.0,2010,85,1925,0,0.78
1046515784,tarkka,2014,10,ennallaan,tuore_havainto,1.0,2010,83,1927,0,1.0
1046515859,tarkka,2014,10,ennallaan,tuore_havainto,1.0,2010,115,1895,0,1.0
1046515984,tarkka,2014,10,ennallaan,tuore_havainto,1.0,2010,95,1915,0,1.0
1046516025,tarkka,2014,10,ennallaan,tuore_havainto,1.0,2010,102,1908,0,1.0
1046516088,tarkka,2014,10,ennallaan,tuore_havainto,1.0,2010,109,1901,0,1.0
1046516165,tarkka,2014,10,ennallaan,tuore_havainto,1.0,2010,107,1903,0,1.0
1046516167,tarkka,2014,10,ennallaan,tuore_havainto,1.0,2010,102,1908,2,1.0
1046516433,tarkka,2014,10,ennallaan,tuore_havainto,1.0,2010,58,1952,0,1.0
1046516529,tarkka,2014,10,ennallaan,tuore_havainto,1.0,2010,77,1933,0,1.0
1046516604,tarkka,2014,10,ennallaan,tuore_havainto,1.0,2010,95,1915,0,1.0
1046516607,tarkka,2014,10,ennallaan,tuore_havainto,1.0,2010,91,1919,0,1.0
1046516642,tarkka,2014,10,ennallaan,tuore_havainto,1.0,2010,117,1893,0,0.89
1046516691,tarkka,2014,10,ennallaan,tuore_havainto,1.0,2010,90,1920,0,1.0
1046516752,tarkka,2014,10,ennallaan,tuore_havainto,1.0,2010,114,1896,0,1.0
1046516823,tarkka,2014,10,ennallaan,tuore_havainto,1.0,2010,103,1907,0,1.0
1046516880,tarkka,2014,10,ennallaan,tuore_havainto,1.0,2010,92,1918,0,1.0
1046516898,tarkka,2014,10,ennallaan,tuore_havainto,1.0,2010,105,1905,0,1.0
1046516911,tarkka,2014,10,ennallaan,tuore_havainto,1.0,2010,95,1915,0,0.56
1046517060,tarkka,2014,10,ennallaan,tuore_havainto,1.0,2010,107,1903,0,1.0
1046519125,tarkka,2014,10,muuttunut,hakattu,0.89,2010,110,1900,2,1.0
1046519312,tarkka,2014,10,muuttunut,hakattu,0.56,2010,136,1874,2,1.0
1046519364,tarkka,2014,10,muuttunut,hakattu,1.0,2010,116,1894,2,1.0
1046519445,tarkka,2014,10,muuttunut,hakattu,1.0,2010,108,1902,2,1.0
1046519549,tarkka,2014,10,ennallaan,tuore_havainto,1.0,2010,114,1896,0,1.0
1046519581,tarkka,2014,10,ennallaan,tuore_havainto,1.0,2010,129,1881,0,1.0
1046519983,tarkka,2014,10,ennallaan,tuore_havainto,1.0,2010,76,1934,0,1.0
1046521488,tarkka,2014,5,ennallaan,tuore_havainto,1.0,2010,121,1889,0,1.0
1046521657,tarkka,2014,5,ennallaan,tuore_havainto,1.0,2010,112,1898,0,1.0
1046521766,tarkka,2014,5,ennallaan,tuore_havainto,1.0,2010,151,1859,0,1.0
1046521892,tarkka,2014,5,ennallaan,tuore_havainto,1.0,2010,124,1886,0,1.0
1046521935,tarkka,2014,5,ennallaan,tuore_havainto,1.0,2010,121,1889,0,1.0
1046522197,tarkka,2014,10,muuttunut,hakattu,1.0,2010,121,1889,2,1.0
1046522459,tarkka,2014,10,ennallaan,tuore_havainto,1.0,2010,119,1891,0,1.0
1046522744,tarkka,2014,10,ennallaan,tuore_havainto,1.0,2010,92,1918,0,1.0
1046522863,tarkka,2014,10,ennallaan,tuore_havainto,1.0,2010,123,1887,0,1.0
1046523027,tarkka,2014,10,ennallaan,tuore_havainto,1.0,2010,121,1889,0,1.0
1046523356,tarkka,2014,10,ennallaan,tuore_havainto,1.0,2010,111,1899,0,1.0
1046523593,tarkka,2014,10,ennallaan,tuore_havainto,1.0,2010,109,1901,0,1.0
1050187965,tarkka,2014,5,ennallaan,tuore_havainto,1.0,2010,76,1934,0,1.0
1050188593,tarkka,2014,5,ennallaan,tuore_havainto,1.0,2010,80,1930,0,1.0
1050189842,tarkka,2014,5,ennallaan,tuore_havainto,1.0,2010,84,1926,0,1.0
1050191885,tarkka,2014,5,ennallaan,tuore_havainto,1.0,2010,76,1934,0,1.0
1050192012,tarkka,2014,5,ennallaan,tuore_havainto,1.0,2010,91,1919,0,1.0
1051334312,tarkka,2014,5,ennallaan,tuore_havainto,1.0,2010,129,1881,0,1.0
1051334323,tarkka,2014,5,ennallaan,tuore_havainto,1.0,2010,151,1859,0,1.0
1051334534,tarkka,2014,5,ennallaan,tuore_havainto,1.0,2010,151,1859,0,1.0
1064030400,tarkka,2014,10,ennallaan,tuore_havainto,1.0,2010,88,1922,0,1.0
1064030475,tarkka,2014,25,ennallaan,tuore_havainto,1.0,2010,80,1930,0,1.0
1064030583,tarkka,2014,10,ennallaan,tuore_havainto,1.0,2010,76,1934,0,1.0
1064030627,tarkka,2014,50,ennallaan,tuore_havainto,1.0,2010,85,1925,0,1.0
1064030674,tarkka,2014,25,ennallaan,tuore_havainto,1.0,2010,82,1928,0,1.0
1064030681,tarkka,2014,10,ennallaan,tuore_havainto,1.0,2010,85,1925,0,1.0
1064030741,tarkka,2014,10,ennallaan,tuore_havainto,1.0,2010,84,1926,0,1.0
1064030889,tarkka,2014,10,ennallaan,tuore_havainto,1.0,2010,108,1902,0,1.0
1064030901,tarkka,2014,10,ennallaan,tuore_havainto,1.0,2010,76,1934,0,1.0
1064031034,tarkka,2014,50,ennallaan,tuore_havainto,1.0,2010,90,1920,0,1.0
1064031049,tarkka,2014,10,ennallaan,tuore_havainto,1.0,2010,80,1930,0,1.0
1064031053,tarkka,2014,25,ennallaan,tuore_havainto,1.0,2010,85,1925,0,1.0
1064031085,tarkka,2014,10,ennallaan,tuore_havainto,1.0,2010,76,1934,0,1.0
1064031275,tarkka,2014,10,ennallaan,tuore_havainto,1.0,2010,88,1922,0,1.0
1064031426,tarkka,2014,10,ennallaan,tuore_havainto,1.0,2010,82,1928,0,1.0
1064031448,tarkka,2014,10,ennallaan,tuore_havainto,1.0,2010,108,1902,0,1.0
1064031475,tarkka,2014,10,ennallaan,tuore_havainto,1.0,2010,67,1943,0,1.0
1064031528,tarkka,2014,10,ennallaan,tuore_havainto,1.0,2010,88,1922,0,1.0
1064031550,tarkka,2014,10,ennallaan,tuore_havainto,1.0,2010,94,1916,0,1.0
1064031615,tarkka,2014,50,ennallaan,tuore_havainto,1.0,2010,80,1930,0,1.0
1064031623,tarkka,2014,10,ennallaan,tuore_havainto,1.0,2010,85,1925,0,1.0
1064031631,tarkka,2014,25,ennallaan,tuore_havainto,1.0,2010,73,1937,0,1.0
1064031635,tarkka,2014,10,ennallaan,tuore_havainto,1.0,2010,78,1932,0,1.0
1064031636,tarkka,2014,50,ennallaan,tuore_havainto,1.0,2010,84,1926,0,1.0
1064031650,tarkka,2014,50,ennallaan,tuore_havainto,1.0,2010,104,1906,0,1.0
1064031666,tarkka,2014,100,ennallaan,tuore_havainto,1.0,2010,92,1918,0,1.0
1064031676,tarkka,2014,10,ennallaan,tuore_havainto,1.0,2010,79,1931,0,1.0
1064031704,tarkka,2014,10,ennallaan,tuore_havainto,1.0,2010,112,1898,0,1.0
1064031711,tarkka,2014,10,ennallaan,tuore_havainto,1.0,2010,100,1910,0,1.0
1064031718,tarkka,2014,10,ennallaan,tuore_havainto,1.0,2010,101,1909,0,1.0
1064031762,tarkka,2014,50,ennallaan,tuore_havainto,1.0,2010,80,1930,0,1.0
1064031830,tarkka,2014,10,ennallaan,tuore_havainto,1.0,2010,84,1926,0,1.0
1064031843,tarkka,2014,10,ennallaan,tuore_havainto,1.0,2010,82,1928,0,1.0
1064031866,tarkka,2014,10,ennallaan,tuore_havainto,1.0,2010,91,1919,0,1.0
1064031901,tarkka,2014,10,ennallaan,tuore_havainto,1.0,2010,97,1913,0,1.0
1064031910,tarkka,2014,10,ennallaan,tuore_havainto,1.0,2010,73,1937,0,1.0
1064031926,tarkka,2014,10,ennallaan,tuore_havainto,1.0,2010,94,1916,0,1.0
1064031930,tarkka,2014,100,ennallaan,tuore_havainto,1.0,2010,97,1913,0,1.0
1064031932,tarkka,2014,10,ennallaan,tuore_havainto,1.0,2010,118,1892,0,1.0
1064031947,tarkka,2014,10,ennallaan,tuore_havainto,1.0,2010,85,1925,0,1.0
1064031956,tarkka,2014,25,ennallaan,tuore_havainto,1.0,2010,88,1922,0,1.0
1064032014,tarkka,2014,100,ennallaan,tuore_havainto,1.0,2010,80,1930,0,1.0
1064032027,tarkka,2014,10,ennallaan,tuore_havainto,1.0,2010,98,1912,0,1.0
1064032103,tarkka,2014,10,ennallaan,tuore_havainto,1.0,2010,82,1928,0,1.0
1064032129,tarkka,2014,10,ennallaan,tuore_havainto,1.0,2010,89,1921,0,1.0
1064032155,tarkka,2014,10,ennallaan,tuore_havainto,1.0,2010,94,1916,0,1.0
1064032202,tarkka,2014,25,ennallaan,tuore_havainto,1.0,2010,103,1907,0,1.0
1064032233,tarkka,2014,10,ennallaan,tuore_havainto,1.0,2010,104,1906,0,1.0
1064032258,tarkka,2014,10,ennallaan,tuore_havainto,1.0,2010,93,1917,0,1.0
1064032260,tarkka,2014,50,ennallaan,tuore_havainto,1.0,2010,107,1903,0,1.0
1064032272,tarkka,2014,10,ennallaan,tuore_havainto,1.0,2010,97,1913,0,1.0
1064032365,tarkka,2014,10,ennallaan,tuore_havainto,1.0,2010,75,1935,0,1.0
1064032382,tarkka,2014,10,ennallaan,tuore_havainto,1.0,2010,82,1928,0,1.0
1064032391,tarkka,2014,25,ennallaan,tuore_havainto,1.0,2010,82,1928,0,1.0
1064032425,tarkka,2014,10,ennallaan,tuore_havainto,1.0,2010,70,1940,0,1.0
1064032523,tarkka,2014,10,ennallaan,tuore_havainto,1.0,2010,72,1938,0,1.0
1064032562,tarkka,2014,10,ennallaan,tuore_havainto,1.0,2010,85,1925,0,1.0
1064032603,tarkka,2014,10,ennallaan,tuore_havainto,1.0,2010,81,1929,0,1.0
1064032646,tarkka,2014,10,ennallaan,tuore_havainto,1.0,2010,91,1919,0,1.0
1064032707,tarkka,2014,10,ennallaan,tuore_havainto,1.0,2010,98,1912,0,1.0
1064032778,tarkka,2014,10,ennallaan,tuore_havainto,1.0,2010,79,1931,0,1.0
1064032788,tarkka,2014,10,ennallaan,tuore_havainto,1.0,2010,83,1927,0,1.0
1064032891,tarkka,2014,10,ennallaan,tuore_havainto,1.0,2010,79,1931,0,1.0
1064032892,tarkka,2014,10,ennallaan,tuore_havainto,1.0,2010,100,1910,0,1.0
1064032905,tarkka,2014,10,ennallaan,tuore_havainto,1.0,2010,83,1927,0,1.0
1064032942,tarkka,2014,50,ennallaan,tuore_havainto,1.0,2010,109,1901,0,1.0
1064033015,tarkka,2014,10,ennallaan,tuore_havainto,1.0,2010,108,1902,0,1.0
1064033097,tarkka,2014,10,ennallaan,tuore_havainto,1.0,2010,77,1933,0,1.0
1064033165,tarkka,2014,10,ennallaan,tuore_havainto,1.0,2010,113,1897,0,1.0
1064033175,tarkka,2014,10,ennallaan,tuore_havainto,1.0,2010,84,1926,0,1.0
1064033389,tarkka,2014,10,ennallaan,tuore_havainto,1.0,2010,105,1905,0,1.0
1064033552,tarkka,2014,10,ennallaan,tuore_havainto,1.0,2010,83,1927,0,1.0
1064033679,tarkka,2014,10,ennallaan,tuore_havainto,1.0,2010,90,1920,0,1.0
1064033878,tarkka,2014,10,ennallaan,tuore_havainto,1.0,2010,86,1924,0,1.0
1212424985,tarkka,2014,50,ennallaan,tuore_havainto,1.0,2010,115,1895,0,1.0
1212425078,tarkka,2014,50,ennallaan,tuore_havainto,1.0,2010,109,1901,0,1.0
1212425551,tarkka,2014,50,ennallaan,tuore_havainto,1.0,2010,117,1893,0,1.0
1212425591,tarkka,2014,50,ennallaan,tuore_havainto,1.0,2010,119,1891,0,1.0
1212426050,tarkka,2014,50,ennallaan,tuore_havainto,1.0,2010,112,1898,0,1.0
1212426169,tarkka,2014,50,ennallaan,tuore_havainto,1.0,2010,123,1887,0,1.0
1212426451,tarkka,2014,50,ennallaan,tuore_havainto,1.0,2010,118,1892,0,1.0
1212426689,tarkka,2014,50,ennallaan,tuore_havainto,1.0,2010,100,1910,0,1.0
1212426845,tarkka,2014,50,ennallaan,tuore_havainto,1.0,2010,100,1910,0,1.0
1212427465,tarkka,2014,50,ennallaan,tuore_havainto,1.0,2010,139,1871,0,1.0
1212427547,tarkka,2014,50,ennallaan,tuore_havainto,1.0,2010,102,1908,0,1.0
1212431927,tarkka,2014,50,epavarma,osa_alueesta_hakattu,0.44,2010,103,1907,2,1.0
1212431950,tarkka,2014,50,ennallaan,tuore_havainto,1.0,2010,137,1873,0,1.0
1212432015,tarkka,2014,50,ennallaan,tuore_havainto,1.0,2010,133,1877,0,1.0
1212432041,tarkka,2014,50,ennallaan,tuore_havainto,1.0,2010,103,1907,0,1.0
1212432053,tarkka,2014,50,ennallaan,tuore_havainto,1.0,2010,101,1909,0,1.0
1212432160,tarkka,2014,50,muuttunut,hakattu,1.0,2010,115,1895,2,1.0
1428539457,tarkka,2014,250,ennallaan,tuore_havainto,1.0,2010,96,1914,0,0.89
1433567896,tarkka,2014,25,ennallaan,tuore_havainto,1.0,2010,111,1899,0,0.67
1433568055,tarkka,2014,25,ennallaan,tuore_havainto,1.0,2010,105,1905,0,1.0
1433568405,tarkka,2014,25,ennallaan,tuore_havainto,1.0,2010,121,1889,0,1.0
1433568492,tarkka,2014,25,ennallaan,tuore_havainto,1.0,2010,105,1905,0,1.0
1433568566,tarkka,2014,25,ennallaan,tuore_havainto,1.0,2010,107,1903,0,1.0
1835787009,tarkka,2014,100,ennallaan,tuore_havainto,1.0,2010,119,1891,0,1.0
1835787489,tarkka,2014,100,ennallaan,tuore_havainto,1.0,2010,85,1925,0,0.22
1835802455,tarkka,2014,100,ennallaan,tuore_havainto,1.0,2010,0,2010,2,1.0
4065380611,summittainen,2014,500,ennallaan,tuore_havainto,1.0,2010,63,1947,0,0.78
4065406128,summittainen,2014,500,epavarma,osa_alueesta_hakattu,0.25,2010,91,1919,2,0.89
4065420976,summittainen,2014,500,muuttunut,hakattu,0.4,2010,71,1939,2,0.56
4077448858,tarkka,2014,10,ennallaan,tuore_havainto,1.0,2010,80,1930,0,1.0
1036420257,tarkka,2014,10,ennallaan,tuore_havainto,1.0,2010,85,1925,0,1.0
1036863376,tarkka,2014,50,ennallaan,tuore_havainto,1.0,2010,99,1911,0,1.0
1036873681,tarkka,2014,200,ennallaan,tuore_havainto,1.0,2010,84,1926,0,0.44
1036886155,tarkka,2014,5,ennallaan,tuore_havainto,1.0,2010,104,1906,0,0.78
1036886235,tarkka,2014,5,ennallaan,tuore_havainto,1.0,2010,85,1925,0,1.0
1036886413,tarkka,2014,5,ennallaan,tuore_havainto,1.0,2010,92,1918,0,1.0
1036886987,tarkka,2014,5,ennallaan,tuore_havainto,1.0,2010,90,1920,0,1.0
1036887006,tarkka,2014,5,ennallaan,tuore_havainto,1.0,2010,93,1917,0,1.0
1036926441,tarkka,2014,200,ennallaan,tuore_havainto,1.0,2010,91,1919,0,0.33
1036979323,summittainen,2014,1000,ennallaan,tuore_havainto,1.0,2010,100,1910,0,0.89
1037031012,tarkka,2014,25,ennallaan,tuore_havainto,1.0,2010,72,1938,0,1.0
1037031074,tarkka,2014,5,ennallaan,tuore_havainto,1.0,2010,83,1927,0,0.33
1037031659,tarkka,2014,5,ennallaan,tuore_havainto,1.0,2010,83,1927,0,0.33
1037032733,tarkka,2014,10,ennallaan,tuore_havainto,1.0,2010,73,1937,0,1.0
1037032941,tarkka,2014,10,ennallaan,tuore_havainto,1.0,2010,82,1928,0,1.0
1037032947,tarkka,2014,10,ennallaan,tuore_havainto,1.0,2010,71,1939,0,1.0
1037032964,tarkka,2014,10,ennallaan,tuore_havainto,1.0,2010,79,1931,0,1.0
1037033021,tarkka,2014,10,ennallaan,tuore_havainto,1.0,2010,76,1934,0,1.0
1037033435,tarkka,2014,10,ennallaan,tuore_havainto,1.0,2010,49,1961,0,1.0
1046520108,tarkka,2014,10,ennallaan,tuore_havainto,1.0,2010,117,1893,0,0.89
1046520222,tarkka,2014,10,ennallaan,tuore_havainto,1.0,2010,91,1919,0,1.0
1046520373,tarkka,2014,10,ennallaan,tuore_havainto,1.0,2010,103,1907,0,0.89
1046520441,tarkka,2014,10,ennallaan,tuore_havainto,1.0,2010,105,1905,0,0.89
1046520489,tarkka,2014,10,ennallaan,tuore_havainto,1.0,2010,95,1915,0,1.0
1046520500,tarkka,2014,10,ennallaan,tuore_havainto,1.0,2010,120,1890,0,0.44
1046520547,tarkka,2014,10,ennallaan,tuore_havainto,1.0,2010,95,1915,0,0.78
1046520569,tarkka,2014,10,ennallaan,tuore_havainto,1.0,2010,80,1930,0,0.67
1046520593,tarkka,2014,10,ennallaan,tuore_havainto,1.0,2010,113,1897,0,0.89
1046520713,tarkka,2014,10,ennallaan,tuore_havainto,1.0,2010,104,1906,0,0.89
1046520782,tarkka,2014,10,ennallaan,tuore_havainto,1.0,2010,88,1922,0,1.0
1046520788,tarkka,2014,10,ennallaan,tuore_havainto,1.0,2010,87,1923,0,0.67
1046520813,tarkka,2014,10,ennallaan,tuore_havainto,1.0,2010,93,1917,0,0.22
1046520842,tarkka,2014,10,ennallaan,tuore_havainto,1.0,2010,112,1898,0,1.0
1046521004,tarkka,2014,10,ennallaan,tuore_havainto,1.0,2010,113,1897,0,0.67
1046521044,tarkka,2014,10,ennallaan,tuore_havainto,1.0,2010,92,1918,0,1.0
1051334300,tarkka,2014,75,ennallaan,tuore_havainto,1.0,2010,101,1909,0,0.89
1051334489,tarkka,2014,100,ennallaan,tuore_havainto,1.0,2010,95,1915,0,0.78
1212424953,tarkka,2014,50,ennallaan,tuore_havainto,1.0,2010,94,1916,0,1.0
1212427234,tarkka,2014,50,ennallaan,tuore_havainto,1.0,2010,110,1900,0,1.0
1499701591,tarkka,2014,10,ennallaan,tuore_havainto,1.0,2010,94,1916,0,1.0
1499709033,tarkka,2014,10,ennallaan,tuore_havainto,1.0,2010,87,1923,0,1.0
4065321957,summittainen,2014,1000,epavarma,osa_alueesta_hakattu,0.17,2010,105,1905,2,0.67
875084687,tarkka,2013,5,ennallaan,tuore_havainto,1.0,2010,64,1946,0,0.78
875086001,tarkka,2013,5,ennallaan,tuore_havainto,1.0,2010,64,1946,0,1.0
890579929,tarkka,2013,25,ennallaan,tuore_havainto,1.0,2010,99,1911,0,1.0
1434495242,tarkka,2013,10,ei_tietoa,ei_metsavaratietoa,,2010,,,0,0.0
1439588226,tarkka,2013,10,ennallaan,tuore_havainto,1.0,2010,52,1958,0,1.0
1439588353,tarkka,2013,10,ennallaan,tuore_havainto,1.0,2010,69,1941,0,1.0
1439588360,tarkka,2013,10,ennallaan,tuore_havainto,1.0,2010,68,1942,0,0.89
1439588418,tarkka,2013,10,ennallaan,tuore_havainto,1.0,2010,44,1966,0,0.44
1440740848,tarkka,2013,10,ennallaan,tuore_havainto,1.0,2010,94,1916,0,1.0
1440741001,tarkka,2013,10,ennallaan,tuore_havainto,1.0,2010,70,1940,0,1.0
1457896772,tarkka,2013,10,ennallaan,tuore_havainto,1.0,2010,104,1906,0,1.0
1457897693,tarkka,2013,100,ennallaan,tuore_havainto,1.0,2010,81,1929,0,1.0
1457898032,tarkka,2013,10,ei_tietoa,ei_metsavaratietoa,,2010,,,0,0.0
1457898033,tarkka,2013,10,ei_tietoa,ei_metsavaratietoa,,2010,,,0,0.0
1457913848,tarkka,2013,5,ennallaan,tuore_havainto,1.0,2010,113,1897,0,0.78
859649470,tarkka,2013,10,ennallaan,tuore_havainto,1.0,2010,95,1915,0,1.0
859649554,tarkka,2013,10,ennallaan,tuore_havainto,1.0,2010,93,1917,0,1.0
859667165,tarkka,2013,200,ennallaan,tuore_havainto,1.0,2010,107,1903,0,0.78
859667173,tarkka,2013,100,epavarma,osa_alueesta_hakattu,0.2,2010,120,1890,2,0.44
859675031,tarkka,2013,250,ennallaan,tuore_havainto,1.0,2010,91,1919,2,0.78
859701698,tarkka,2013,50,ennallaan,tuore_havainto,1.0,2010,136,1874,0,1.0
859735064,tarkka,2013,100,ennallaan,tuore_havainto,1.0,2010,149,1861,0,1.0
875084283,tarkka,2013,5,ennallaan,tuore_havainto,1.0,2010,130,1880,0,1.0
875084973,tarkka,2013,5,ennallaan,tuore_havainto,1.0,2010,119,1891,0,1.0
875085665,tarkka,2013,5,ennallaan,tuore_havainto,1.0,2010,108,1902,0,1.0
875085668,tarkka,2013,5,ennallaan,tuore_havainto,1.0,2010,114,1896,0,0.89
875085878,tarkka,2013,5,ennallaan,tuore_havainto,1.0,2010,9,2001,0,1.0
875086060,tarkka,2013,5,ennallaan,tuore_havainto,1.0,2010,47,1963,0,1.0
875086076,tarkka,2013,5,ennallaan,tuore_havainto,1.0,2010,114,1896,0,1.0
875086234,tarkka,2013,5,ennallaan,tuore_havainto,1.0,2010,86,1924,0,1.0
875086265,tarkka,2013,5,ennallaan,tuore_havainto,1.0,2010,80,1930,0,1.0
875086267,tarkka,2013,5,ennallaan,tuore_havainto,1.0,2010,113,1897,0,1.0
875086323,tarkka,2013,5,ennallaan,tuore_havainto,1.0,2010,108,1902,0,1.0
875086326,tarkka,2013,5,ennallaan,tuore_havainto,1.0,2010,122,1888,0,1.0
875086340,tarkka,2013,5,ennallaan,tuore_havainto,1.0,2010,100,1910,0,1.0
875086565,tarkka,2013,5,ennallaan,tuore_havainto,1.0,2010,109,1901,0,1.0
875086656,tarkka,2013,5,ennallaan,tuore_havainto,1.0,2010,44,1966,0,1.0
875383995,tarkka,2013,10,ennallaan,tuore_havainto,1.0,2010,124,1886,0,1.0
875385169,tarkka,2013,10,ennallaan,tuore_havainto,1.0,2010,89,1921,0,1.0
875428444,tarkka,2013,10,ennallaan,tuore_havainto,1.0,2010,100,1910,0,1.0
875474731,summittainen,2013,500,ennallaan,tuore_havainto,1.0,2010,74,1936,0,1.0
875808615,tarkka,2013,50,ennallaan,tuore_havainto,1.0,2010,92,1918,0,0.67
875808662,tarkka,2013,50,ennallaan,tuore_havainto,1.0,2010,117,1893,0,0.22
875809279,tarkka,2013,50,ennallaan,tuore_havainto,1.0,2010,107,1903,0,0.22
1036863532,tarkka,2013,10,ennallaan,tuore_havainto,1.0,2010,58,1952,0,1.0
1055216819,tarkka,2013,10,ennallaan,tuore_havainto,1.0,2010,78,1932,0,1.0
1455509473,tarkka,2013,10,ennallaan,tuore_havainto,1.0,2010,102,1908,0,1.0
1455509483,tarkka,2013,10,ennallaan,tuore_havainto,1.0,2010,117,1893,0,1.0
1455509492,tarkka,2013,10,ennallaan,tuore_havainto,1.0,2010,117,1893,0,1.0
1457925577,tarkka,2013,10,ennallaan,tuore_havainto,1.0,2010,100,1910,0,1.0
1457925578,tarkka,2013,10,ennallaan,tuore_havainto,1.0,2010,103,1907,0,1.0
1457925619,tarkka,2013,10,ennallaan,tuore_havainto,1.0,2010,106,1904,0,1.0
1457925621,tarkka,2013,10,ennallaan,tuore_havainto,1.0,2010,98,1912,0,1.0
1457925644,tarkka,2013,10,ennallaan,tuore_havainto,1.0,2010,78,1932,0,1.0
1457925657,tarkka,2013,10,ennallaan,tuore_havainto,1.0,2010,76,1934,0,1.0
1457925660,tarkka,2013,10,ennallaan,tuore_havainto,1.0,2010,91,1919,0,1.0
1457925667,tarkka,2013,10,ennallaan,tuore_havainto,1.0,2010,99,1911,0,1.0
1457925669,tarkka,2013,10,ennallaan,tuore_havainto,1.0,2010,101,1909,2,1.0
1457925675,tarkka,2013,10,ennallaan,tuore_havainto,1.0,2010,101,1909,0,1.0
1457925676,tarkka,2013,10,ennallaan,tuore_havainto,1.0,2010,108,1902,0,1.0
1457928679,summittainen,2013,500,ennallaan,tuore_havainto,1.0,2010,73,1937,0,0.89
4065600366,summittainen,2013,300,ennallaan,tuore_havainto,1.0,2010,80,1930,0,0.89
875383383,tarkka,2013,10,ennallaan,tuore_havainto,1.0,2010,103,1907,0,1.0
875383598,tarkka,2013,10,ennallaan,tuore_havainto,1.0,2010,109,1901,0,1.0
875384963,tarkka,2013,10,ennallaan,tuore_havainto,1.0,2010,84,1926,0,1.0
4065458956,summittainen,2013,300,ennallaan,tuore_havainto,1.0,2010,121,1889,2,0.67
1450384186,tarkka,2013,10,ennallaan,tuore_havainto,1.0,2010,77,1933,0,1.0
1450384230,tarkka,2013,10,ennallaan,tuore_havainto,1.0,2010,82,1928,0,1.0
1450384241,tarkka,2013,10,ennallaan,tuore_havainto,1.0,2010,85,1925,0,1.0
1450384591,tarkka,2013,10,ennallaan,tuore_havainto,1.0,2010,91,1919,0,1.0
1450384682,tarkka,2013,10,ennallaan,tuore_havainto,1.0,2010,77,1933,0,1.0
1450384704,tarkka,2013,10,ennallaan,tuore_havainto,1.0,2010,74,1936,0,1.0
1450384707,tarkka,2013,10,ennallaan,tuore_havainto,1.0,2010,83,1927,0,1.0
1450384731,tarkka,2013,10,ennallaan,tuore_havainto,1.0,2010,96,1914,0,1.0
1450384776,tarkka,2013,10,ennallaan,tuore_havainto,1.0,2010,100,1910,0,1.0
855495941,summittainen,2012,1000,ennallaan,tuore_havainto,1.0,2010,92,1918,0,0.89
855721001,tarkka,2012,50,ennallaan,tuore_havainto,1.0,2010,97,1913,0,1.0
855721860,tarkka,2012,50,ennallaan,tuore_havainto,1.0,2010,81,1929,0,1.0
1440740884,tarkka,2012,10,ennallaan,tuore_havainto,1.0,2010,69,1941,0,1.0
1450376795,tarkka,2012,10,ennallaan,tuore_havainto,1.0,2010,86,1924,0,1.0
1450376934,tarkka,2012,10,ennallaan,tuore_havainto,1.0,2010,88,1922,0,1.0
1450377074,tarkka,2012,10,ennallaan,tuore_havainto,1.0,2010,90,1920,0,1.0
1450377131,tarkka,2012,10,ennallaan,tuore_havainto,1.0,2010,85,1925,0,1.0
1450377142,tarkka,2012,10,ennallaan,tuore_havainto,1.0,2010,85,1925,0,1.0
1450377156,tarkka,2012,10,ennallaan,tuore_havainto,1.0,2010,88,1922,0,1.0
1450377164,tarkka,2012,10,ennallaan,tuore_havainto,1.0,2010,85,1925,0,1.0
1450377167,tarkka,2012,10,ennallaan,tuore_havainto,1.0,2010,70,1940,0,1.0
1450384788,tarkka,2012,10,ennallaan,tuore_havainto,1.0,2010,91,1919,0,1.0
1450384828,tarkka,2012,10,ennallaan,tuore_havainto,1.0,2010,93,1917,0,1.0
1450384841,tarkka,2012,10,ennallaan,tuore_havainto,1.0,2010,86,1924,0,1.0
855530003,tarkka,2012,250,ennallaan,tuore_havainto,1.0,2010,63,1947,0,0.89
855614814,tarkka,2012,250,ennallaan,tuore_havainto,1.0,2010,63,1947,0,0.89
855943869,tarkka,2012,100,ennallaan,tuore_havainto,1.0,2010,101,1909,0,1.0
856008344,tarkka,2012,50,ennallaan,tuore_havainto,1.0,2010,88,1922,0,1.0
856008614,tarkka,2012,50,ennallaan,tuore_havainto,1.0,2010,83,1927,0,1.0
1052136692,alueellinen,2012,10160,ei_tietoa,liian_epatarkka,,,,,,
1429454719,summittainen,2012,1000,ennallaan,tuore_havainto,1.0,2010,98,1912,0,0.78
1438146070,tarkka,2012,10,muuttunut,hakattu,1.0,2010,60,1950,2,1.0
1440727867,tarkka,2012,10,ennallaan,tuore_havainto,1.0,2010,83,1927,0,1.0
3012928557,tarkka,2012,250,epavarma,osa_alueesta_hakattu,0.14,2010,66,1944,2,0.67
1450384382,tarkka,2012,10,ennallaan,tuore_havainto,1.0,2010,84,1926,0,1.0
1450384404,tarkka,2012,10,ennallaan,tuore_havainto,1.0,2010,96,1914,0,1.0
1450384408,tarkka,2012,10,ennallaan,tuore_havainto,1.0,2010,84,1926,0,1.0
1450384955,tarkka,2012,10,ennallaan,tuore_havainto,1.0,2010,93,1917,0,1.0
854942255,tarkka,2011,100,ennallaan,tuore_havainto,1.0,2010,118,1892,0,1.0
854951550,tarkka,2011,250,ennallaan,tuore_havainto,1.0,2010,111,1899,0,1.0
854976215,tarkka,2011,50,ennallaan,tuore_havainto,1.0,2010,124,1886,0,1.0
854979028,tarkka,2011,10,ennallaan,tuore_havainto,1.0,2010,115,1895,0,1.0
854979123,tarkka,2011,100,ei_tietoa,ei_metsavaratietoa,,2010,,,0,0.0
854979236,tarkka,2011,100,ennallaan,tuore_havainto,1.0,2010,72,1938,0,1.0
854979523,tarkka,2011,100,epavarma,osa_alueesta_hakattu,0.22,2010,36,1974,2,1.0
855100604,tarkka,2011,10,ennallaan,tuore_havainto,1.0,2010,97,1913,0,1.0
855100833,tarkka,2011,10,ennallaan,tuore_havainto,1.0,2010,122,1888,0,1.0
855100890,tarkka,2011,10,ennallaan,tuore_havainto,1.0,2010,71,1939,0,1.0
855100968,tarkka,2011,10,ennallaan,tuore_havainto,1.0,2010,123,1887,0,0.44
855101248,tarkka,2011,10,ei_tietoa,ei_metsavaratietoa,,2010,,,0,0.0
855101321,tarkka,2011,10,ennallaan,tuore_havainto,1.0,2010,107,1903,0,1.0
855101357,tarkka,2011,10,ennallaan,tuore_havainto,1.0,2010,117,1893,0,1.0
855101624,tarkka,2011,10,ennallaan,tuore_havainto,1.0,2010,124,1886,0,1.0
855101677,tarkka,2011,10,ennallaan,tuore_havainto,1.0,2010,130,1880,0,1.0
855101966,tarkka,2011,10,ennallaan,tuore_havainto,1.0,2010,124,1886,0,1.0
855102176,tarkka,2011,10,ennallaan,tuore_havainto,1.0,2010,119,1891,0,1.0
855102467,tarkka,2011,10,ennallaan,tuore_havainto,1.0,2010,93,1917,0,1.0
855102514,tarkka,2011,10,ennallaan,tuore_havainto,1.0,2010,85,1925,0,1.0
855102592,tarkka,2011,10,ennallaan,tuore_havainto,1.0,2010,102,1908,0,0.67
855102727,tarkka,2011,10,ennallaan,tuore_havainto,1.0,2010,126,1884,0,1.0
855103311,tarkka,2011,10,ennallaan,tuore_havainto,1.0,2010,111,1899,0,1.0
855103389,tarkka,2011,10,ennallaan,tuore_havainto,1.0,2010,81,1929,0,1.0
855106429,tarkka,2011,25,ei_tietoa,ei_metsavaratietoa,,2010,,,0,0.0
855107277,tarkka,2011,10,ennallaan,tuore_havainto,1.0,2010,20,1990,2,1.0
855107768,tarkka,2011,10,ei_tietoa,ei_metsavaratietoa,,2010,,,0,0.0
855108289,tarkka,2011,10,muuttunut,hakattu,0.86,2010,112,1898,2,0.44
855321103,tarkka,2011,250,ennallaan,tuore_havainto,1.0,2010,47,1963,0,0.56
855321653,tarkka,2011,100,ennallaan,tuore_havainto,1.0,2010,98,1912,0,0.78
855321659,tarkka,2011,100,ennallaan,tuore_havainto,1.0,2010,75,1935,0,0.78
855323685,tarkka,2011,250,ennallaan,tuore_havainto,1.0,2010,110,1900,0,0.78
855324298,tarkka,2011,250,ennallaan,tuore_havainto,1.0,2010,88,1922,0,0.78
855325828,tarkka,2011,250,ennallaan,tuore_havainto,1.0,2010,53,1957,2,0.78
855326586,tarkka,2011,250,ennallaan,tuore_havainto,1.0,2010,104,1906,0,1.0
855746720,tarkka,2011,10,ennallaan,tuore_havainto,1.0,2010,79,1931,0,1.0
855991857,summittainen,2011,500,ennallaan,tuore_havainto,1.0,2010,59,1951,2,0.89
1062084045,tarkka,2011,100,ennallaan,tuore_havainto,1.0,2010,86,1924,0,1.0
1062084882,summittainen,2011,500,ennallaan,tuore_havainto,1.0,2010,109,1901,0,0.67
1432840512,alueellinen,2011,1500,ei_tietoa,liian_epatarkka,,,,,,
1669942652,tarkka,2011,50,ennallaan,tuore_havainto,1.0,2010,136,1874,0,1.0
1669942681,tarkka,2011,50,ennallaan,tuore_havainto,1.0,2010,121,1889,0,1.0
1669942700,tarkka,2011,50,muuttunut,hakattu,1.0,2010,144,1866,2,1.0
1669942704,tarkka,2011,50,muuttunut,hakattu,0.78,2010,135,1875,2,1.0
1669942709,tarkka,2011,50,ennallaan,tuore_havainto,1.0,2010,111,1899,0,1.0
1669942711,tarkka,2011,50,muuttunut,hakattu,1.0,2010,145,1865,2,1.0
1669942715,tarkka,2011,50,ennallaan,tuore_havainto,1.0,2010,123,1887,0,1.0
1669942716,tarkka,2011,50,ennallaan,tuore_havainto,1.0,2010,139,1871,0,1.0
1669942723,tarkka,2011,50,ennallaan,tuore_havainto,1.0,2010,138,1872,0,1.0
1669942755,tarkka,2011,50,ennallaan,tuore_havainto,1.0,2010,113,1897,0,1.0
4065503681,tarkka,2011,250,epavarma,osa_alueesta_hakattu,0.44,2010,67,1943,2,1.0
854993557,tarkka,2011,5,ennallaan,tuore_havainto,1.0,2010,97,1913,0,0.78
854995352,tarkka,2011,25,ei_tietoa,ei_metsavaratietoa,,2010,,,0,0.0
854995506,tarkka,2011,25,ei_tietoa,ei_metsavaratietoa,,2010,,,0,0.0
855002143,tarkka,2011,10,ennallaan,tuore_havainto,1.0,2010,65,1945,0,1.0
855002444,tarkka,2011,10,epavarma,osa_alueesta_hakattu,0.11,2010,88,1922,2,1.0
855002689,tarkka,2011,10,muuttunut,hakattu,1.0,2010,83,1927,2,1.0
855003096,tarkka,2011,10,ennallaan,tuore_havainto,1.0,2010,99,1911,0,1.0
855014290,summittainen,2011,500,ennallaan,tuore_havainto,1.0,2010,88,1922,0,0.89
855020664,tarkka,2011,5,ennallaan,tuore_havainto,1.0,2010,109,1901,0,1.0
855038439,summittainen,2011,500,epavarma,osa_alueesta_hakattu,0.11,2010,78,1932,2,1.0
855040303,summittainen,2011,500,ennallaan,tuore_havainto,1.0,2010,74,1936,2,1.0
855087078,tarkka,2011,10,ennallaan,tuore_havainto,1.0,2010,132,1878,0,1.0
855090234,tarkka,2011,250,ennallaan,tuore_havainto,1.0,2010,98,1912,0,0.89
855090470,tarkka,2011,100,ennallaan,tuore_havainto,1.0,2010,81,1929,0,1.0
855101932,tarkka,2011,10,muuttunut,hakattu,1.0,2010,,,2,0.0
855102031,tarkka,2011,10,ei_tietoa,ei_metsavaratietoa,,2010,,,0,0.0
855103186,tarkka,2011,10,ei_tietoa,ei_metsavaratietoa,,2010,,,0,0.0
855103419,tarkka,2011,10,ei_tietoa,ei_metsavaratietoa,,2010,,,0,0.0
855110044,tarkka,2011,10,ennallaan,tuore_havainto,1.0,2010,52,1958,0,1.0
855320366,tarkka,2011,250,ennallaan,tuore_havainto,1.0,2010,139,1871,0,0.22
855321866,tarkka,2011,100,ennallaan,tuore_havainto,1.0,2010,101,1909,0,1.0
855322059,tarkka,2011,100,ennallaan,tuore_havainto,1.0,2010,109,1901,0,0.78
855322189,tarkka,2011,250,ennallaan,tuore_havainto,1.0,2010,112,1898,0,0.67
855323319,tarkka,2011,100,ennallaan,tuore_havainto,1.0,2010,109,1901,0,1.0
855326145,tarkka,2011,100,ennallaan,tuore_havainto,1.0,2010,102,1908,0,1.0
855326307,tarkka,2011,250,ennallaan,tuore_havainto,1.0,2010,91,1919,0,0.89
855328356,tarkka,2011,250,ennallaan,tuore_havainto,1.0,2010,99,1911,0,1.0
875629635,tarkka,2011,5,ennallaan,tuore_havainto,1.0,2010,93,1917,0,1.0
875629671,tarkka,2011,5,ennallaan,tuore_havainto,1.0,2010,93,1917,0,1.0
875630299,tarkka,2011,5,ennallaan,tuore_havainto,1.0,2010,93,1917,0,1.0
875630473,tarkka,2011,5,ennallaan,tuore_havainto,1.0,2010,104,1906,0,1.0
875631008,tarkka,2011,5,ennallaan,tuore_havainto,1.0,2010,104,1906,0,1.0
1052137135,alueellinen,2011,12631,ei_tietoa,liian_epatarkka,,,,,,
1062084897,summittainen,2011,500,ennallaan,tuore_havainto,1.0,2010,113,1897,0,0.89
1436475066,tarkka,2011,25,ennallaan,tuore_havainto,1.0,2010,86,1924,0,1.0
4065424522,tarkka,2011,200,epavarma,osa_alueesta_hakattu,0.22,2010,88,1922,2,1.0
4065517799,summittainen,2011,400,epavarma,osa_alueesta_hakattu,0.11,2010,76,1934,2,1.0
4065383725,tarkka,2011,250,ennallaan,tuore_havainto,1.0,2010,115,1895,2,0.56
854986123,tarkka,2011,5,ennallaan,tuore_havainto,1.0,2010,41,1969,0,1.0
855667805,tarkka,2011,100,ennallaan,tuore_havainto,1.0,2010,78,1932,0,1.0
4065320767,tarkka,2010,250,ennallaan,tuore_havainto,1.0,2010,60,1950,0,1.0
854392495,summittainen,2010,500,epavarma,osa_alueesta_hakattu,0.4,2010,70,1940,2,0.56
853878374,tarkka,2010,100,ennallaan,tuore_havainto,1.0,2010,31,1979,0,1.0
853878624,tarkka,2010,100,ennallaan,tuore_havainto,1.0,2010,74,1936,0,1.0
853879073,tarkka,2010,100,ennallaan,tuore_havainto,1.0,2010,31,1979,0,1.0
853880597,tarkka,2010,100,ennallaan,tuore_havainto,1.0,2010,31,1979,0,1.0
853996757,tarkka,2010,10,ei_tietoa,ei_metsavaratietoa,,2010,,,0,0.0
854207586,tarkka,2010,10,ennallaan,tuore_havainto,1.0,2010,86,1924,0,1.0
854361665,tarkka,2010,10,ennallaan,tuore_havainto,1.0,2010,58,1952,0,0.89
854438153,summittainen,2010,500,ennallaan,tuore_havainto,1.0,2010,88,1922,0,0.78
854442254,tarkka,2010,10,ennallaan,tuore_havainto,1.0,2010,60,1950,0,1.0
854443178,tarkka,2010,10,ennallaan,tuore_havainto,1.0,2010,105,1905,0,1.0
854444751,tarkka,2010,10,ennallaan,tuore_havainto,1.0,2010,104,1906,0,1.0
1052044306,alueellinen,2010,16644,ei_tietoa,liian_epatarkka,,,,,,
1052044343,alueellinen,2010,16644,ei_tietoa,liian_epatarkka,,,,,,
1062084115,tarkka,2010,250,ennallaan,tuore_havainto,1.0,2010,115,1895,0,1.0
1062084140,tarkka,2010,100,muuttunut,hakattu,0.86,2010,92,1918,2,0.78
1433271595,tarkka,2010,10,ennallaan,tuore_havainto,1.0,2010,70,1940,0,1.0
853902131,tarkka,2010,10,ennallaan,tuore_havainto,1.0,2010,76,1934,0,1.0
853977329,tarkka,2010,10,ei_tietoa,ei_metsavaratietoa,,2010,,,0,0.0
853977593,tarkka,2010,10,ei_tietoa,ei_metsavaratietoa,,2010,,,0,0.0
853977711,tarkka,2010,10,ei_tietoa,ei_metsavaratietoa,,2010,,,0,0.0
853977851,tarkka,2010,10,ei_tietoa,ei_metsavaratietoa,,2010,,,0,0.0
853978137,tarkka,2010,10,ennallaan,tuore_havainto,1.0,2010,102,1908,0,0.11
853997674,summittainen,2010,500,epavarma,osa_alueesta_hakattu,0.14,2010,52,1958,2,0.78
853997733,tarkka,2010,250,muuttunut,hakattu,0.5,2010,57,1953,2,0.89
854007011,tarkka,2010,10,ennallaan,tuore_havainto,1.0,2010,111,1899,0,1.0
854062283,tarkka,2010,10,ennallaan,tuore_havainto,1.0,2010,92,1918,0,1.0
854208855,tarkka,2010,5,ennallaan,tuore_havainto,1.0,2010,99,1911,0,0.44
854364196,tarkka,2010,10,ennallaan,tuore_havainto,1.0,2010,98,1912,0,1.0
854380257,tarkka,2010,250,ennallaan,tuore_havainto,1.0,2010,92,1918,0,0.89
854388885,tarkka,2010,10,ennallaan,tuore_havainto,1.0,2010,62,1948,0,1.0
854389075,tarkka,2010,10,epavarma,osa_alueesta_hakattu,0.33,2010,52,1958,2,1.0
854443021,tarkka,2010,10,ennallaan,tuore_havainto,1.0,2010,153,1857,0,1.0
854453549,tarkka,2010,25,ennallaan,tuore_havainto,1.0,2010,132,1878,0,0.22
854453814,tarkka,2010,25,ennallaan,tuore_havainto,1.0,2010,76,1934,0,0.56
854471168,tarkka,2010,10,ennallaan,tuore_havainto,1.0,2010,100,1910,0,1.0
854471442,tarkka,2010,10,ennallaan,tuore_havainto,1.0,2010,137,1873,0,1.0
854338102,tarkka,2010,10,muuttunut,hakattu,0.89,2010,105,1905,2,1.0
854374700,tarkka,2010,10,ennallaan,tuore_havainto,1.0,2010,94,1916,0,1.0
854569078,tarkka,2010,10,ennallaan,tuore_havainto,1.0,2010,79,1931,0,0.33
854569434,tarkka,2010,10,ennallaan,tuore_havainto,1.0,2010,110,1900,0,1.0
854569571,tarkka,2010,10,ennallaan,tuore_havainto,1.0,2010,96,1914,0,1.0
854569809,tarkka,2010,10,ennallaan,tuore_havainto,1.0,2010,82,1928,0,1.0
854569871,tarkka,2010,10,ennallaan,tuore_havainto,1.0,2010,96,1914,0,1.0
851981734,tarkka,2009,5,ei_tietoa,ei_metsavaratietoa,,2010,134,1876,0,0.33
852128680,tarkka,2009,10,ei_tietoa,ei_metsavaratietoa,,2010,141,1869,0,1.0
852224738,tarkka,2009,10,ei_tietoa,ei_metsavaratietoa,,2010,102,1908,0,1.0
852298484,tarkka,2009,50,ei_tietoa,ei_metsavaratietoa,,2010,131,1879,0,1.0
852308631,tarkka,2009,10,ei_tietoa,ei_metsavaratietoa,,2010,109,1901,0,1.0
852309023,tarkka,2009,10,ei_tietoa,ei_metsavaratietoa,,2010,109,1901,0,1.0
852451203,tarkka,2009,100,ei_tietoa,ei_metsavaratietoa,,2010,85,1925,0,1.0
852716785,tarkka,2009,10,ei_tietoa,ei_metsavaratietoa,,2010,103,1907,0,1.0
852716924,tarkka,2009,10,ei_tietoa,ei_metsavaratietoa,,2010,124,1886,0,0.67
1052079443,tuntematon,2009,,ei_tietoa,liian_epatarkka,,,,,,
1432840544,alueellinen,2009,1500,ei_tietoa,liian_epatarkka,,,,,,
852229360,tarkka,2009,10,muuttunut,hakattu,1.0,2010,126,1884,2,1.0
852245390,tarkka,2009,10,ei_tietoa,ei_metsavaratietoa,,2010,116,1894,0,1.0
852246654,tarkka,2009,10,ei_tietoa,ei_metsavaratietoa,,2010,86,1924,0,1.0
852303623,tarkka,2009,10,ei_tietoa,ei_metsavaratietoa,,2010,84,1926,0,1.0
852616040,tarkka,2009,250,ei_tietoa,ei_metsavaratietoa,,2010,122,1888,0,0.89
852788373,tarkka,2009,250,ei_tietoa,ei_metsavaratietoa,,2010,69,1941,0,0.89
854449584,tarkka,2009,10,ei_tietoa,ei_metsavaratietoa,,2010,104,1906,0,1.0
854451445,tarkka,2009,10,ei_tietoa,ei_metsavaratietoa,,2010,91,1919,0,1.0
875780327,tarkka,2009,250,muuttunut,hakattu,1.0,2010,71,1939,2,1.0
852349699,tarkka,2009,50,ei_tietoa,ei_metsavaratietoa,,2010,81,1929,0,1.0
852350634,tarkka,2009,50,ei_tietoa,ei_metsavaratietoa,,2010,68,1942,0,1.0
4065482448,summittainen,2009,1000,ei_tietoa,ei_metsavaratietoa,,2010,145,1865,0,0.22
852122010,tarkka,2008,10,ei_tietoa,ei_metsavaratietoa,,2010,73,1937,0,0.67
851229890,tarkka,2008,250,ei_tietoa,ei_metsavaratietoa,,2010,22,1988,0,1.0
851232670,tarkka,2008,100,ei_tietoa,ei_metsavaratietoa,,2010,55,1955,0,0.67
851239560,summittainen,2008,500,ei_tietoa,ei_metsavaratietoa,,2010,93,1917,0,1.0
851257661,tarkka,2008,25,muuttunut,hakattu,1.0,2010,97,1913,2,1.0
851291327,tarkka,2008,25,ei_tietoa,ei_metsavaratietoa,,2010,112,1898,0,0.78
851291423,tarkka,2008,25,ei_tietoa,ei_metsavaratietoa,,2010,136,1874,0,0.89
851419106,tarkka,2008,10,muuttunut,hakattu,1.0,2010,72,1938,2,1.0
851429544,summittainen,2008,500,ei_tietoa,ei_metsavaratietoa,,2010,46,1964,2,0.67
852619883,tarkka,2008,100,ei_tietoa,ei_metsavaratietoa,,2010,83,1927,0,0.67
852752560,tarkka,2008,10,ei_tietoa,ei_metsavaratietoa,,2010,142,1868,0,0.67
852775078,tarkka,2008,100,ei_tietoa,ei_metsavaratietoa,,2010,78,1932,0,0.56
854454266,tarkka,2008,10,ei_tietoa,ei_metsavaratietoa,,2010,93,1917,0,1.0
854767178,tarkka,2008,25,ei_tietoa,ei_metsavaratietoa,,2010,97,1913,0,1.0
854767501,tarkka,2008,25,ei_tietoa,ei_metsavaratietoa,,2010,107,1903,0,1.0
855129312,tarkka,2008,10,ei_tietoa,ei_metsavaratietoa,,2010,80,1930,0,1.0
855130667,tarkka,2008,10,ei_tietoa,ei_metsavaratietoa,,2010,92,1918,0,1.0
855214893,tarkka,2008,250,ei_tietoa,ei_metsavaratietoa,,2010,,,0,0.0
855851169,tarkka,2008,100,ei_tietoa,ei_metsavaratietoa,,2010,83,1927,0,0.89
1036863056,tarkka,2008,250,muuttunut,hakattu,1.0,2010,79,1931,2,0.78
849818030,tarkka,2007,25,ei_tietoa,ei_metsavaratietoa,,2010,110,1900,0,1.0
849818056,tarkka,2007,25,ei_tietoa,ei_metsavaratietoa,,2010,77,1933,0,1.0
849846169,tarkka,2007,10,ei_tietoa,ei_metsavaratietoa,,2010,119,1891,0,1.0
849846425,tarkka,2007,10,ei_tietoa,ei_metsavaratietoa,,2010,124,1886,0,0.89
849846655,tarkka,2007,10,ei_tietoa,ei_metsavaratietoa,,2010,180,1830,0,1.0
850235083,tarkka,2007,10,ei_tietoa,ei_metsavaratietoa,,2010,119,1891,0,1.0
850235273,tarkka,2007,10,ei_tietoa,ei_metsavaratietoa,,2010,43,1967,0,1.0
850235312,tarkka,2007,10,ei_tietoa,ei_metsavaratietoa,,2010,71,1939,0,1.0
850235320,tarkka,2007,10,muuttunut,hakattu,1.0,2010,34,1976,2,0.89
850235346,tarkka,2007,10,ei_tietoa,ei_metsavaratietoa,,2010,107,1903,0,1.0
850235350,tarkka,2007,10,ei_tietoa,ei_metsavaratietoa,,2010,74,1936,0,1.0
850235375,tarkka,2007,10,ei_tietoa,ei_metsavaratietoa,,2010,60,1950,0,1.0
850235433,tarkka,2007,10,ei_tietoa,ei_metsavaratietoa,,2010,83,1927,0,1.0
850235471,tarkka,2007,10,ei_tietoa,ei_metsavaratietoa,,2010,69,1941,0,1.0
850235481,tarkka,2007,10,ei_tietoa,ei_metsavaratietoa,,2010,17,1993,0,1.0
850235486,tarkka,2007,10,ei_tietoa,ei_metsavaratietoa,,2010,113,1897,0,1.0
850235501,tarkka,2007,10,ei_tietoa,ei_metsavaratietoa,,2010,62,1948,0,1.0
850235535,tarkka,2007,10,ei_tietoa,ei_metsavaratietoa,,2010,101,1909,0,1.0
850235599,tarkka,2007,10,ei_tietoa,ei_metsavaratietoa,,2010,,,0,0.0
850712434,tarkka,2007,10,ei_tietoa,ei_metsavaratietoa,,2010,105,1905,0,1.0
850712439,tarkka,2007,10,ei_tietoa,ei_metsavaratietoa,,2010,110,1900,0,1.0
850723502,tarkka,2007,10,ei_tietoa,ei_metsavaratietoa,,2010,88,1922,0,1.0
851372868,tarkka,2007,25,ei_tietoa,ei_metsavaratietoa,,2010,111,1899,0,0.78
851373207,tarkka,2007,25,ei_tietoa,ei_metsavaratietoa,,2010,129,1881,0,0.89
851373215,tarkka,2007,25,ei_tietoa,ei_metsavaratietoa,,2010,116,1894,0,0.89
851373502,tarkka,2007,25,ei_tietoa,ei_metsavaratietoa,,2010,111,1899,0,0.89
851373582,tarkka,2007,25,ei_tietoa,ei_metsavaratietoa,,2010,53,1957,0,0.33
852373085,tarkka,2007,250,muuttunut,hakattu,1.0,2010,66,1944,2,1.0
854467904,tarkka,2007,10,ei_tietoa,ei_metsavaratietoa,,2010,137,1873,0,1.0
854468209,tarkka,2007,10,ei_tietoa,ei_metsavaratietoa,,2010,70,1940,0,1.0
854468721,tarkka,2007,10,ei_tietoa,ei_metsavaratietoa,,2010,148,1862,0,1.0
854468833,tarkka,2007,10,ei_tietoa,ei_metsavaratietoa,,2010,105,1905,0,1.0
854469120,tarkka,2007,10,ei_tietoa,ei_metsavaratietoa,,2010,146,1864,0,1.0
849838238,tarkka,2007,100,muuttunut,hakattu,1.0,2010,15,1995,2,1.0
849851443,tarkka,2007,100,ei_tietoa,ei_metsavaratietoa,,2010,98,1912,0,1.0
849851560,summittainen,2007,500,ei_tietoa,ei_metsavaratietoa,,2010,96,1914,0,0.56
849899444,tarkka,2007,10,ei_tietoa,ei_metsavaratietoa,,2010,139,1871,0,1.0
849899630,tarkka,2007,10,ei_tietoa,ei_metsavaratietoa,,2010,91,1919,0,1.0
849899789,tarkka,2007,10,muuttunut,hakattu,1.0,2010,99,1911,2,1.0
849899791,tarkka,2007,10,muuttunut,hakattu,1.0,2010,134,1876,2,1.0
849899853,tarkka,2007,10,ei_tietoa,ei_metsavaratietoa,,2010,92,1918,0,1.0
849899883,tarkka,2007,10,ei_tietoa,ei_metsavaratietoa,,2010,100,1910,0,1.0
849899904,tarkka,2007,10,ei_tietoa,ei_metsavaratietoa,,2010,90,1920,0,1.0
849899934,tarkka,2007,10,ei_tietoa,ei_metsavaratietoa,,2010,91,1919,0,1.0
849899971,tarkka,2007,10,ei_tietoa,ei_metsavaratietoa,,2010,109,1901,0,0.89
849899984,tarkka,2007,10,ei_tietoa,ei_metsavaratietoa,,2010,82,1928,0,1.0
849900106,tarkka,2007,10,ei_tietoa,ei_metsavaratietoa,,2010,131,1879,0,0.78
849900117,tarkka,2007,10,ei_tietoa,ei_metsavaratietoa,,2010,83,1927,0,1.0
849900135,tarkka,2007,10,muuttunut,hakattu,1.0,2010,117,1893,2,1.0
849905164,tarkka,2007,10,ei_tietoa,ei_metsavaratietoa,,2010,110,1900,0,1.0
849905170,tarkka,2007,10,ei_tietoa,ei_metsavaratietoa,,2010,124,1886,0,1.0
849905177,tarkka,2007,10,ei_tietoa,ei_metsavaratietoa,,2010,116,1894,0,1.0
849905183,tarkka,2007,10,ei_tietoa,ei_metsavaratietoa,,2010,95,1915,0,1.0
849905202,tarkka,2007,10,ei_tietoa,ei_metsavaratietoa,,2010,117,1893,0,1.0
849905222,tarkka,2007,10,ei_tietoa,ei_metsavaratietoa,,2010,89,1921,0,1.0
849905237,tarkka,2007,10,ei_tietoa,ei_metsavaratietoa,,2010,118,1892,0,1.0
849905253,tarkka,2007,10,ei_tietoa,ei_metsavaratietoa,,2010,116,1894,0,1.0
849905267,tarkka,2007,10,ei_tietoa,ei_metsavaratietoa,,2010,100,1910,0,1.0
849905269,tarkka,2007,10,ei_tietoa,ei_metsavaratietoa,,2010,103,1907,0,1.0
849905270,tarkka,2007,10,ei_tietoa,ei_metsavaratietoa,,2010,123,1887,0,1.0
849905280,tarkka,2007,10,ei_tietoa,ei_metsavaratietoa,,2010,86,1924,0,1.0
849905307,tarkka,2007,10,ei_tietoa,ei_metsavaratietoa,,2010,96,1914,0,1.0
849905325,tarkka,2007,10,ei_tietoa,ei_metsavaratietoa,,2010,74,1936,0,1.0
849905335,tarkka,2007,10,ei_tietoa,ei_metsavaratietoa,,2010,123,1887,0,1.0
849905337,tarkka,2007,10,ei_tietoa,ei_metsavaratietoa,,2010,98,1912,0,1.0
849905355,tarkka,2007,10,ei_tietoa,ei_metsavaratietoa,,2010,81,1929,0,1.0
849905391,tarkka,2007,10,ei_tietoa,ei_metsavaratietoa,,2010,98,1912,0,1.0
849905394,tarkka,2007,10,ei_tietoa,ei_metsavaratietoa,,2010,115,1895,0,1.0
849905406,tarkka,2007,10,ei_tietoa,ei_metsavaratietoa,,2010,114,1896,0,1.0
849905409,tarkka,2007,10,muuttunut,hakattu,1.0,2010,9,2001,2,1.0
849905421,tarkka,2007,10,muuttunut,hakattu,1.0,2010,119,1891,2,1.0
849905430,tarkka,2007,10,ei_tietoa,ei_metsavaratietoa,,2010,113,1897,0,1.0
849905446,tarkka,2007,10,ei_tietoa,ei_metsavaratietoa,,2010,114,1896,0,1.0
849905454,tarkka,2007,10,ei_tietoa,ei_metsavaratietoa,,2010,95,1915,0,1.0
849905457,tarkka,2007,10,ei_tietoa,ei_metsavaratietoa,,2010,87,1923,0,1.0
849905466,tarkka,2007,10,ei_tietoa,ei_metsavaratietoa,,2010,114,1896,0,1.0
849905467,tarkka,2007,10,ei_tietoa,ei_metsavaratietoa,,2010,88,1922,0,1.0
849905501,tarkka,2007,10,ei_tietoa,ei_metsavaratietoa,,2010,75,1935,0,1.0
849905526,tarkka,2007,10,muuttunut,hakattu,1.0,2010,97,1913,2,1.0
849905541,tarkka,2007,10,ei_tietoa,ei_metsavaratietoa,,2010,126,1884,0,1.0
849905549,tarkka,2007,10,ei_tietoa,ei_metsavaratietoa,,2010,128,1882,0,1.0
849905568,tarkka,2007,10,ei_tietoa,ei_metsavaratietoa,,2010,73,1937,0,1.0
849905581,tarkka,2007,10,muuttunut,hakattu,1.0,2010,83,1927,2,1.0
849905584,tarkka,2007,10,ei_tietoa,ei_metsavaratietoa,,2010,111,1899,0,1.0
849905594,tarkka,2007,10,ei_tietoa,ei_metsavaratietoa,,2010,88,1922,0,1.0
849905603,tarkka,2007,10,ei_tietoa,ei_metsavaratietoa,,2010,71,1939,0,1.0
849905604,tarkka,2007,10,ei_tietoa,ei_metsavaratietoa,,2010,99,1911,0,1.0
849905618,tarkka,2007,10,ei_tietoa,ei_metsavaratietoa,,2010,95,1915,0,1.0
849905630,tarkka,2007,10,ei_tietoa,ei_metsavaratietoa,,2010,68,1942,0,1.0
849905675,tarkka,2007,10,ei_tietoa,ei_metsavaratietoa,,2010,125,1885,0,1.0
849905678,tarkka,2007,10,ei_tietoa,ei_metsavaratietoa,,2010,89,1921,0,1.0
849905683,tarkka,2007,10,ei_tietoa,ei_metsavaratietoa,,2010,75,1935,0,1.0
849905690,tarkka,2007,10,ei_tietoa,ei_metsavaratietoa,,2010,91,1919,0,1.0
849905700,tarkka,2007,10,ei_tietoa,ei_metsavaratietoa,,2010,117,1893,0,1.0
849905701,tarkka,2007,10,ei_tietoa,ei_metsavaratietoa,,2010,97,1913,0,1.0
849905702,tarkka,2007,10,ei_tietoa,ei_metsavaratietoa,,2010,72,1938,0,1.0
849905722,tarkka,2007,10,muuttunut,hakattu,1.0,2010,97,1913,2,1.0
849905724,tarkka,2007,10,ei_tietoa,ei_metsavaratietoa,,2010,108,1902,0,1.0
849905725,tarkka,2007,10,epavarma,hakkuuaikomus,1.0,2010,115,1895,1,1.0
849905745,tarkka,2007,10,ei_tietoa,ei_metsavaratietoa,,2010,119,1891,0,1.0
849905759,tarkka,2007,10,ei_tietoa,ei_metsavaratietoa,,2010,114,1896,0,1.0
849905761,tarkka,2007,10,ei_tietoa,ei_metsavaratietoa,,2010,94,1916,0,1.0
849905763,tarkka,2007,10,ei_tietoa,ei_metsavaratietoa,,2010,93,1917,0,1.0
849905767,tarkka,2007,10,muuttunut,hakattu,1.0,2010,122,1888,2,1.0
849905787,tarkka,2007,10,muuttunut,hakattu,1.0,2010,59,1951,2,1.0
849905812,tarkka,2007,10,ei_tietoa,ei_metsavaratietoa,,2010,127,1883,0,1.0
849905816,tarkka,2007,10,ei_tietoa,ei_metsavaratietoa,,2010,108,1902,0,1.0
849905842,tarkka,2007,10,ei_tietoa,ei_metsavaratietoa,,2010,122,1888,0,1.0
849905856,tarkka,2007,10,muuttunut,hakattu,1.0,2010,103,1907,2,1.0
849905860,tarkka,2007,10,epavarma,hakkuuaikomus,1.0,2010,85,1925,1,1.0
849905863,tarkka,2007,10,ei_tietoa,ei_metsavaratietoa,,2010,114,1896,0,1.0
849905872,tarkka,2007,10,ei_tietoa,ei_metsavaratietoa,,2010,75,1935,0,1.0
849905890,tarkka,2007,10,ei_tietoa,ei_metsavaratietoa,,2010,118,1892,0,1.0
849905891,tarkka,2007,10,ei_tietoa,ei_metsavaratietoa,,2010,117,1893,0,1.0
849905910,tarkka,2007,10,ei_tietoa,ei_metsavaratietoa,,2010,113,1897,0,1.0
849905912,tarkka,2007,10,ei_tietoa,ei_metsavaratietoa,,2010,99,1911,0,1.0
849905916,tarkka,2007,10,ei_tietoa,ei_metsavaratietoa,,2010,75,1935,0,1.0
849905918,tarkka,2007,10,ei_tietoa,ei_metsavaratietoa,,2010,123,1887,0,1.0
849905926,tarkka,2007,10,ei_tietoa,ei_metsavaratietoa,,2010,114,1896,0,1.0
849905949,tarkka,2007,10,ei_tietoa,ei_metsavaratietoa,,2010,77,1933,0,1.0
849905986,tarkka,2007,10,ei_tietoa,ei_metsavaratietoa,,2010,124,1886,0,1.0
849906004,tarkka,2007,10,ei_tietoa,ei_metsavaratietoa,,2010,93,1917,0,1.0
849906016,tarkka,2007,10,muuttunut,hakattu,1.0,2010,110,1900,2,1.0
849906022,tarkka,2007,10,ei_tietoa,ei_metsavaratietoa,,2010,126,1884,0,1.0
849906038,tarkka,2007,10,ei_tietoa,ei_metsavaratietoa,,2010,125,1885,0,1.0
849906044,tarkka,2007,10,muuttunut,hakattu,1.0,2010,72,1938,2,1.0
849906078,tarkka,2007,10,ei_tietoa,ei_metsavaratietoa,,2010,119,1891,0,1.0
849906079,tarkka,2007,10,ei_tietoa,ei_metsavaratietoa,,2010,128,1882,0,1.0
849906093,tarkka,2007,10,muuttunut,hakattu,1.0,2010,71,1939,2,1.0
849906101,tarkka,2007,10,ei_tietoa,ei_metsavaratietoa,,2010,106,1904,0,1.0
849906128,tarkka,2007,10,ei_tietoa,ei_metsavaratietoa,,2010,74,1936,0,1.0
849906131,tarkka,2007,10,ei_tietoa,ei_metsavaratietoa,,2010,126,1884,0,1.0
849906134,tarkka,2007,10,ei_tietoa,ei_metsavaratietoa,,2010,74,1936,0,1.0
849906166,tarkka,2007,10,ei_tietoa,ei_metsavaratietoa,,2010,96,1914,0,1.0
849906173,tarkka,2007,10,ei_tietoa,ei_metsavaratietoa,,2010,126,1884,0,1.0
849906176,tarkka,2007,10,ei_tietoa,ei_metsavaratietoa,,2010,124,1886,0,1.0
849906190,tarkka,2007,10,ei_tietoa,ei_metsavaratietoa,,2010,107,1903,0,1.0
849906197,tarkka,2007,10,muuttunut,hakattu,1.0,2010,62,1948,2,1.0
849906204,tarkka,2007,10,ei_tietoa,ei_metsavaratietoa,,2010,114,1896,0,1.0
849906207,tarkka,2007,10,ei_tietoa,ei_metsavaratietoa,,2010,97,1913,0,1.0
849906213,tarkka,2007,10,muuttunut,hakattu,1.0,2010,13,1997,2,1.0
849906214,tarkka,2007,10,ei_tietoa,ei_metsavaratietoa,,2010,122,1888,0,1.0
849906215,tarkka,2007,10,epavarma,hakkuuaikomus,1.0,2010,74,1936,1,1.0
849906222,tarkka,2007,10,ei_tietoa,ei_metsavaratietoa,,2010,98,1912,0,1.0
849906229,tarkka,2007,10,ei_tietoa,ei_metsavaratietoa,,2010,112,1898,0,1.0
849906230,tarkka,2007,10,ei_tietoa,ei_metsavaratietoa,,2010,114,1896,0,1.0
849906244,tarkka,2007,10,muuttunut,hakattu,1.0,2010,82,1928,2,1.0
849906245,tarkka,2007,10,ei_tietoa,ei_metsavaratietoa,,2010,67,1943,0,1.0
849906246,tarkka,2007,10,muuttunut,hakattu,1.0,2010,79,1931,2,1.0
849906250,tarkka,2007,10,ei_tietoa,ei_metsavaratietoa,,2010,75,1935,0,1.0
849906252,tarkka,2007,10,ei_tietoa,ei_metsavaratietoa,,2010,93,1917,0,1.0
849906253,tarkka,2007,10,muuttunut,hakattu,1.0,2010,76,1934,2,1.0
849906258,tarkka,2007,10,ei_tietoa,ei_metsavaratietoa,,2010,70,1940,0,1.0
849906278,tarkka,2007,10,ei_tietoa,ei_metsavaratietoa,,2010,123,1887,0,1.0
849906286,tarkka,2007,10,ei_tietoa,ei_metsavaratietoa,,2010,118,1892,0,1.0
849906340,tarkka,2007,10,ei_tietoa,ei_metsavaratietoa,,2010,103,1907,0,1.0
849906343,tarkka,2007,10,ei_tietoa,ei_metsavaratietoa,,2010,74,1936,0,1.0
849906347,tarkka,2007,10,muuttunut,hakattu,1.0,2010,72,1938,2,1.0
849906370,tarkka,2007,10,ei_tietoa,ei_metsavaratietoa,,2010,73,1937,0,1.0
849906384,tarkka,2007,10,ei_tietoa,ei_metsavaratietoa,,2010,79,1931,0,1.0
849906392,tarkka,2007,10,ei_tietoa,ei_metsavaratietoa,,2010,90,1920,0,1.0
849906402,tarkka,2007,10,ei_tietoa,ei_metsavaratietoa,,2010,126,1884,0,1.0
849906403,tarkka,2007,10,ei_tietoa,ei_metsavaratietoa,,2010,68,1942,0,1.0
849906406,tarkka,2007,10,ei_tietoa,ei_metsavaratietoa,,2010,58,1952,0,1.0
849906417,tarkka,2007,10,ei_tietoa,ei_metsavaratietoa,,2010,73,1937,0,1.0
849906429,tarkka,2007,10,muuttunut,hakattu,1.0,2010,85,1925,2,1.0
849906433,tarkka,2007,10,ei_tietoa,ei_metsavaratietoa,,2010,73,1937,0,1.0
849906462,tarkka,2007,10,ei_tietoa,ei_metsavaratietoa,,2010,123,1887,0,1.0
849906464,tarkka,2007,10,ei_tietoa,ei_metsavaratietoa,,2010,99,1911,0,1.0
849906472,tarkka,2007,10,ei_tietoa,ei_metsavaratietoa,,2010,90,1920,0,1.0
849906488,tarkka,2007,10,muuttunut,hakattu,1.0,2010,62,1948,2,1.0
849906494,tarkka,2007,10,ei_tietoa,ei_metsavaratietoa,,2010,110,1900,0,1.0
849906497,tarkka,2007,10,ei_tietoa,ei_metsavaratietoa,,2010,96,1914,0,1.0
849906502,tarkka,2007,10,ei_tietoa,ei_metsavaratietoa,,2010,108,1902,0,1.0
849906506,tarkka,2007,10,ei_tietoa,ei_metsavaratietoa,,2010,79,1931,0,1.0
849906526,tarkka,2007,10,ei_tietoa,ei_metsavaratietoa,,2010,84,1926,0,1.0
849906535,tarkka,2007,10,ei_tietoa,ei_metsavaratietoa,,2010,75,1935,0,1.0
849906536,tarkka,2007,10,ei_tietoa,ei_metsavaratietoa,,2010,114,1896,0,1.0
849906538,tarkka,2007,10,muuttunut,hakattu,1.0,2010,73,1937,2,1.0
849906562,tarkka,2007,10,ei_tietoa,ei_metsavaratietoa,,2010,117,1893,0,1.0
849906597,tarkka,2007,10,muuttunut,hakattu,1.0,2010,102,1908,2,1.0
849906604,tarkka,2007,10,ei_tietoa,ei_metsavaratietoa,,2010,97,1913,0,1.0
849906607,tarkka,2007,10,muuttunut,hakattu,1.0,2010,67,1943,2,1.0
849906613,tarkka,2007,10,muuttunut,hakattu,1.0,2010,98,1912,2,1.0
849906616,tarkka,2007,10,ei_tietoa,ei_metsavaratietoa,,2010,127,1883,0,1.0
849906654,tarkka,2007,10,ei_tietoa,ei_metsavaratietoa,,2010,91,1919,0,1.0
849906672,tarkka,2007,10,ei_tietoa,ei_metsavaratietoa,,2010,68,1942,0,1.0
849906675,tarkka,2007,10,ei_tietoa,ei_metsavaratietoa,,2010,102,1908,0,1.0
849906708,tarkka,2007,10,ei_tietoa,ei_metsavaratietoa,,2010,100,1910,0,1.0
849906713,tarkka,2007,10,ei_tietoa,ei_metsavaratietoa,,2010,110,1900,0,1.0
849906737,tarkka,2007,10,ei_tietoa,ei_metsavaratietoa,,2010,108,1902,0,1.0
849906757,tarkka,2007,10,ei_tietoa,ei_metsavaratietoa,,2010,94,1916,0,1.0
849906783,tarkka,2007,10,ei_tietoa,ei_metsavaratietoa,,2010,90,1920,0,1.0
849906786,tarkka,2007,10,ei_tietoa,ei_metsavaratietoa,,2010,87,1923,0,1.0
849906794,tarkka,2007,10,ei_tietoa,ei_metsavaratietoa,,2010,103,1907,0,1.0
849906810,tarkka,2007,10,ei_tietoa,ei_metsavaratietoa,,2010,78,1932,0,1.0
849906827,tarkka,2007,10,ei_tietoa,ei_metsavaratietoa,,2010,119,1891,0,1.0
849906828,tarkka,2007,10,ei_tietoa,ei_metsavaratietoa,,2010,71,1939,0,1.0
849906846,tarkka,2007,10,ei_tietoa,ei_metsavaratietoa,,2010,100,1910,0,1.0
850234648,tarkka,2007,10,ei_tietoa,ei_metsavaratietoa,,2010,110,1900,0,1.0
850234742,tarkka,2007,10,ei_tietoa,ei_metsavaratietoa,,2010,105,1905,0,1.0
850234762,tarkka,2007,10,ei_tietoa,ei_metsavaratietoa,,2010,127,1883,0,1.0
850234792,tarkka,2007,10,ei_tietoa,ei_metsavaratietoa,,2010,125,1885,0,1.0
850234810,tarkka,2007,10,ei_tietoa,ei_metsavaratietoa,,2010,99,1911,0,1.0
850234823,tarkka,2007,10,ei_tietoa,ei_metsavaratietoa,,2010,126,1884,0,1.0
850234831,tarkka,2007,10,ei_tietoa,ei_metsavaratietoa,,2010,96,1914,0,1.0
850234833,tarkka,2007,10,ei_tietoa,ei_metsavaratietoa,,2010,83,1927,2,1.0
850234871,tarkka,2007,10,ei_tietoa,ei_metsavaratietoa,,2010,129,1881,0,0.78
850234887,tarkka,2007,10,ei_tietoa,ei_metsavaratietoa,,2010,142,1868,0,1.0
850234933,tarkka,2007,10,ei_tietoa,ei_metsavaratietoa,,2010,87,1923,0,0.89
850235046,tarkka,2007,10,muuttunut,hakattu,1.0,2010,110,1900,2,1.0
850235074,tarkka,2007,10,ei_tietoa,ei_metsavaratietoa,,2010,115,1895,0,1.0
850235081,tarkka,2007,10,ei_tietoa,ei_metsavaratietoa,,2010,109,1901,0,1.0
850235089,tarkka,2007,10,ei_tietoa,ei_metsavaratietoa,,2010,91,1919,0,1.0
850235134,tarkka,2007,10,ei_tietoa,ei_metsavaratietoa,,2010,83,1927,0,1.0
850235223,tarkka,2007,10,ei_tietoa,ei_metsavaratietoa,,2010,116,1894,0,1.0
850235253,tarkka,2007,10,ei_tietoa,ei_metsavaratietoa,,2010,124,1886,0,1.0
850235321,tarkka,2007,10,ei_tietoa,ei_metsavaratietoa,,2010,83,1927,0,1.0
850235330,tarkka,2007,10,ei_tietoa,ei_metsavaratietoa,,2010,101,1909,0,0.89
850235388,tarkka,2007,10,muuttunut,hakattu,1.0,2010,97,1913,2,0.78
850235446,tarkka,2007,10,ei_tietoa,ei_metsavaratietoa,,2010,142,1868,0,0.11
850235458,tarkka,2007,10,ei_tietoa,ei_metsavaratietoa,,2010,112,1898,0,1.0
850235479,tarkka,2007,10,ei_tietoa,ei_metsavaratietoa,,2010,109,1901,0,1.0
850235524,tarkka,2007,10,ei_tietoa,ei_metsavaratietoa,,2010,101,1909,0,1.0
850235555,tarkka,2007,10,ei_tietoa,ei_metsavaratietoa,,2010,87,1923,0,1.0
850235565,tarkka,2007,10,ei_tietoa,ei_metsavaratietoa,,2010,84,1926,0,1.0
850235598,tarkka,2007,10,ei_tietoa,ei_metsavaratietoa,,2010,98,1912,0,1.0
851229513,tarkka,2007,100,ei_tietoa,ei_metsavaratietoa,,2010,3,2007,0,1.0
851417745,tarkka,2007,25,muuttunut,hakattu,1.0,2010,76,1934,2,1.0
851418356,tarkka,2007,25,muuttunut,hakattu,1.0,2010,15,1995,2,1.0
851419096,tarkka,2007,25,muuttunut,hakattu,1.0,2010,71,1939,2,1.0
851419291,tarkka,2007,25,muuttunut,hakattu,1.0,2010,70,1940,2,1.0
851419444,tarkka,2007,25,muuttunut,hakattu,1.0,2010,76,1934,2,1.0
851419767,tarkka,2007,25,muuttunut,hakattu,1.0,2010,69,1941,2,1.0
852373781,tarkka,2007,250,ei_tietoa,ei_metsavaratietoa,,2010,108,1902,0,0.89
854422287,summittainen,2007,500,ei_tietoa,ei_metsavaratietoa,,2010,99,1911,0,0.78
854468317,tarkka,2007,10,ei_tietoa,ei_metsavaratietoa,,2010,105,1905,0,1.0
854468427,tarkka,2007,10,ei_tietoa,ei_metsavaratietoa,,2010,99,1911,0,1.0
854469046,tarkka,2007,10,ei_tietoa,ei_metsavaratietoa,,2010,100,1910,0,1.0
855185783,tarkka,2007,10,ei_tietoa,ei_metsavaratietoa,,2010,100,1910,0,1.0
1432953460,tarkka,2007,10,ei_tietoa,ei_metsavaratietoa,,2010,63,1947,0,1.0
1432953546,tarkka,2007,10,ei_tietoa,ei_metsavaratietoa,,2010,79,1931,0,1.0
2247201640,tarkka,2007,25,ei_tietoa,ei_metsavaratietoa,,2010,3,2007,0,1.0
3429393407,tarkka,2007,50,ei_tietoa,ei_metsavaratietoa,,2010,133,1877,0,1.0
849854274,tarkka,2007,25,ei_tietoa,ei_metsavaratietoa,,2010,88,1922,0,1.0
852369170,tarkka,2007,250,ei_tietoa,ei_metsavaratietoa,,2010,108,1902,0,0.67
852373613,summittainen,2007,500,ei_tietoa,ei_metsavaratietoa,,2010,103,1907,0,0.67
849847989,tarkka,2007,100,ei_tietoa,ei_metsavaratietoa,,2010,137,1873,0,1.0
1432953554,tarkka,2006,10,ei_tietoa,ei_metsavaratietoa,,2010,79,1931,0,1.0
1433660183,tarkka,2006,250,ei_tietoa,ei_metsavaratietoa,,2010,95,1915,0,1.0
1837683663,tarkka,2006,10,ei_tietoa,ei_metsavaratietoa,,2010,58,1952,0,1.0
3429157402,tarkka,2006,10,epavarma,osa_alueesta_hakattu,0.44,2010,139,1871,2,0.67
3430005409,tarkka,2006,100,muuttunut,hakattu,1.0,2010,0,2010,2,1.0
3430171400,tarkka,2006,10,muuttunut,hakattu,0.56,2010,133,1877,2,1.0
3431627408,tarkka,2006,100,ei_tietoa,ei_metsavaratietoa,,2010,0,2010,0,1.0
850066832,tarkka,2006,25,ei_tietoa,ei_metsavaratietoa,,2010,49,1961,0,1.0
850206526,tarkka,2006,25,ei_tietoa,ei_metsavaratietoa,,2010,94,1916,0,1.0
850206690,tarkka,2006,25,ei_tietoa,ei_metsavaratietoa,,2010,72,1938,0,0.33
850206946,tarkka,2006,250,ei_tietoa,ei_metsavaratietoa,,2010,76,1934,0,1.0
852373272,tarkka,2006,250,ei_tietoa,ei_metsavaratietoa,,2010,84,1926,0,1.0
852377198,tarkka,2006,250,ei_tietoa,ei_metsavaratietoa,,2010,85,1925,0,1.0
854448930,tarkka,2006,10,ei_tietoa,ei_metsavaratietoa,,2010,114,1896,0,1.0
1433262770,tarkka,2006,10,muuttunut,hakattu,1.0,2010,76,1934,2,1.0
1433262781,tarkka,2006,10,muuttunut,hakattu,1.0,2010,68,1942,2,1.0
1433263883,tarkka,2006,10,muuttunut,hakattu,1.0,2010,0,2010,2,1.0
1433263887,tarkka,2006,10,muuttunut,hakattu,1.0,2010,0,2010,2,1.0
1433264287,tarkka,2006,10,ei_tietoa,ei_metsavaratietoa,,2010,90,1920,0,1.0
1433264319,tarkka,2006,10,ei_tietoa,ei_metsavaratietoa,,2010,99,1911,0,1.0
1433264409,tarkka,2006,10,ei_tietoa,ei_metsavaratietoa,,2010,116,1894,0,1.0
3429153395,summittainen,2006,1000,ei_tietoa,ei_metsavaratietoa,,2010,51,1959,0,0.78
849524443,tarkka,2005,100,ei_tietoa,ei_metsavaratietoa,,2010,96,1914,0,1.0
850119081,summittainen,2005,500,muuttunut,hakattu,1.0,2010,71,1939,2,1.0
852373249,summittainen,2005,1000,muuttunut,hakattu,1.0,2010,108,1902,2,1.0
852684053,tarkka,2005,250,ei_tietoa,ei_metsavaratietoa,,2010,111,1899,0,1.0
852685174,tarkka,2005,100,ei_tietoa,ei_metsavaratietoa,,2010,112,1898,0,1.0
855227062,tarkka,2005,250,ei_tietoa,ei_metsavaratietoa,,2010,80,1930,0,0.56
1052090277,alueellinen,2005,10732,ei_tietoa,liian_epatarkka,,,,,,
1432840582,alueellinen,2005,1500,ei_tietoa,liian_epatarkka,,,,,,
849463803,tarkka,2005,100,ei_tietoa,ei_metsavaratietoa,,2010,84,1926,0,1.0
849465426,tarkka,2005,100,ei_tietoa,ei_metsavaratietoa,,2010,121,1889,0,1.0
849819557,tarkka,2005,250,ei_tietoa,ei_metsavaratietoa,,2010,126,1884,0,0.44
849819684,tarkka,2005,250,muuttunut,hakattu,1.0,2010,99,1911,2,0.89
849819955,tarkka,2005,250,muuttunut,hakattu,1.0,2010,117,1893,2,1.0
849820154,tarkka,2005,250,ei_tietoa,ei_metsavaratietoa,,2010,121,1889,0,1.0
849820787,tarkka,2005,250,ei_tietoa,ei_metsavaratietoa,,2010,118,1892,0,1.0
850264818,tarkka,2005,100,muuttunut,hakattu,1.0,2010,86,1924,2,0.78
850264877,summittainen,2005,1000,ei_tietoa,ei_metsavaratietoa,,2010,93,1917,0,0.89
850264933,alueellinen,2005,2500,ei_tietoa,liian_epatarkka,,,,,,
850265055,summittainen,2005,500,muuttunut,hakattu,1.0,2010,98,1912,2,1.0
850265233,summittainen,2005,500,muuttunut,hakattu,1.0,2010,65,1945,2,0.78
850265364,tarkka,2005,10,ei_tietoa,ei_metsavaratietoa,,2010,87,1923,0,1.0
850265730,summittainen,2005,1000,muuttunut,hakattu,0.67,2010,78,1932,2,0.89
850265752,tarkka,2005,10,ei_tietoa,ei_metsavaratietoa,,2010,89,1921,0,1.0
850265769,summittainen,2005,500,muuttunut,hakattu,1.0,2010,8,2002,2,0.56
850266084,tarkka,2005,100,ei_tietoa,ei_metsavaratietoa,,2010,43,1967,0,1.0
850266723,summittainen,2005,500,ei_tietoa,ei_metsavaratietoa,,2010,73,1937,0,1.0
851576574,tarkka,2005,10,ei_tietoa,ei_metsavaratietoa,,2010,72,1938,0,1.0
852360128,summittainen,2005,500,muuttunut,hakattu,0.5,2010,117,1893,2,0.89
852362939,tarkka,2005,250,ei_tietoa,ei_metsavaratietoa,,2010,117,1893,0,1.0
852363198,summittainen,2005,500,ei_tietoa,ei_metsavaratietoa,,2010,119,1891,0,0.78
852364806,tarkka,2005,250,muuttunut,hakattu,1.0,2010,117,1893,2,1.0
852367480,tarkka,2005,250,muuttunut,hakattu,1.0,2010,126,1884,2,0.89
852372732,tarkka,2005,100,ei_tietoa,ei_metsavaratietoa,,2010,65,1945,0,0.78
852372981,summittainen,2005,500,muuttunut,hakattu,1.0,2010,79,1931,2,1.0
849417881,tarkka,2004,100,ei_tietoa,ei_metsavaratietoa,,2010,96,1914,0,0.78
849418950,tarkka,2004,100,ei_tietoa,ei_metsavaratietoa,,2010,92,1918,0,1.0
849418952,tarkka,2004,100,ei_tietoa,ei_metsavaratietoa,,2010,100,1910,0,0.22
849419773,tarkka,2004,100,muuttunut,hakattu,1.0,2010,101,1909,2,1.0
849820088,tarkka,2004,250,ei_tietoa,ei_metsavaratietoa,,2010,64,1946,0,1.0
1432840546,alueellinen,2004,1500,ei_tietoa,liian_epatarkka,,,,,,
1432930830,tarkka,2004,100,ei_tietoa,ei_metsavaratietoa,,2010,69,1941,0,1.0
849515641,tarkka,2004,100,ei_tietoa,ei_metsavaratietoa,,2010,118,1892,0,1.0
850217089,summittainen,2004,500,ei_tietoa,ei_metsavaratietoa,,2010,106,1904,0,0.33
850968305,tarkka,2004,25,ei_tietoa,ei_metsavaratietoa,,2010,83,1927,0,1.0
852369220,summittainen,2004,500,epavarma,hakkuuaikomus,1.0,2010,86,1924,2,0.89
852372923,summittainen,2004,500,muuttunut,hakattu,1.0,2010,96,1914,2,0.89
850119701,summittainen,2003,500,muuttunut,hakattu,1.0,2010,71,1939,2,1.0
850120598,tarkka,2003,250,ei_tietoa,ei_metsavaratietoa,,2010,93,1917,0,1.0
850122902,tarkka,2003,250,ei_tietoa,ei_metsavaratietoa,,2010,89,1921,0,1.0
850127047,summittainen,2003,500,muuttunut,hakattu,1.0,2010,71,1939,2,1.0
850215506,tarkka,2003,250,ei_tietoa,ei_metsavaratietoa,,2010,57,1953,0,1.0
850232960,summittainen,2003,500,ei_tietoa,ei_metsavaratietoa,,2010,,,0,0.0
855885744,tarkka,2003,10,ei_tietoa,ei_metsavaratietoa,,2010,60,1950,0,1.0
3043149746,tuntematon,2003,,ei_tietoa,liian_epatarkka,,,,,,
3429309401,tarkka,2003,100,muuttunut,hakattu,1.0,2010,95,1915,2,1.0
3429466408,tarkka,2003,100,muuttunut,hakattu,1.0,2010,111,1899,2,0.89
4023670252,tuntematon,2003,,ei_tietoa,liian_epatarkka,,,,,,
851252104,summittainen,2003,1000,muuttunut,hakattu,1.0,2010,80,1930,2,1.0
851253792,summittainen,2003,1000,muuttunut,hakattu,1.0,2010,90,1920,2,0.56
852371468,summittainen,2003,1000,ei_tietoa,ei_metsavaratietoa,,2010,82,1928,0,0.89
854432039,summittainen,2003,500,muuttunut,hakattu,0.5,2010,84,1926,2,0.89
854765079,tarkka,2003,100,muuttunut,hakattu,1.0,2010,115,1895,2,1.0
854765114,tarkka,2003,100,muuttunut,hakattu,1.0,2010,0,2010,2,1.0
854766230,tarkka,2003,10,ei_tietoa,ei_metsavaratietoa,,2010,113,1897,0,0.78
854767107,tarkka,2003,10,ei_tietoa,ei_metsavaratietoa,,2010,137,1873,0,1.0
854767132,tarkka,2003,25,ei_tietoa,ei_metsavaratietoa,,2010,89,1921,0,1.0
854767296,tarkka,2003,5,ei_tietoa,ei_metsavaratietoa,,2010,113,1897,0,1.0
854767327,tarkka,2003,5,ei_tietoa,ei_metsavaratietoa,,2010,134,1876,0,1.0
854767385,tarkka,2003,5,ei_tietoa,ei_metsavaratietoa,,2010,129,1881,0,0.11
854767438,tarkka,2003,5,ei_tietoa,ei_metsavaratietoa,,2010,86,1924,0,1.0
854767444,tarkka,2003,10,ei_tietoa,ei_metsavaratietoa,,2010,121,1889,0,1.0
854767455,tarkka,2003,5,ei_tietoa,ei_metsavaratietoa,,2010,84,1926,0,1.0
854768043,tarkka,2003,5,muuttunut,hakattu,1.0,2010,98,1912,2,1.0
855230072,tarkka,2003,250,ei_tietoa,ei_metsavaratietoa,,2010,80,1930,0,0.56
1433263839,tarkka,2003,10,ei_tietoa,ei_metsavaratietoa,,2010,121,1889,0,1.0
1433263844,tarkka,2003,10,ei_tietoa,ei_metsavaratietoa,,2010,134,1876,0,1.0
1433266164,tarkka,2003,10,ei_tietoa,ei_metsavaratietoa,,2010,113,1897,0,1.0
1433266171,tarkka,2003,100,muuttunut,hakattu,1.0,2010,115,1895,2,1.0
1433266213,tarkka,2003,10,ei_tietoa,ei_metsavaratietoa,,2010,137,1873,0,1.0
1433269508,tarkka,2003,10,ei_tietoa,ei_metsavaratietoa,,2010,86,1924,0,1.0
1433269516,tarkka,2003,50,ei_tietoa,ei_metsavaratietoa,,2010,123,1887,0,1.0
1433269553,tarkka,2003,10,ei_tietoa,ei_metsavaratietoa,,2010,129,1881,0,0.11
1433270386,tarkka,2003,50,muuttunut,hakattu,1.0,2010,0,2010,2,1.0
1433270405,tarkka,2003,10,muuttunut,hakattu,1.0,2010,66,1944,2,1.0
1433270419,tarkka,2003,10,muuttunut,hakattu,1.0,2010,98,1912,2,1.0
1433270872,tarkka,2003,10,ei_tietoa,ei_metsavaratietoa,,2010,84,1926,0,1.0
1433271964,tarkka,2003,10,ei_tietoa,ei_metsavaratietoa,,2010,77,1933,0,1.0
1433273026,tarkka,2003,10,ei_tietoa,ei_metsavaratietoa,,2010,89,1921,0,1.0
1460605977,summittainen,2003,300,epavarma,osa_alueesta_hakattu,0.25,2010,90,1920,2,1.0
850216916,tarkka,2003,250,ei_tietoa,ei_metsavaratietoa,,2010,88,1922,0,0.78
852279258,tarkka,2003,50,ei_tietoa,ei_metsavaratietoa,,2010,101,1909,0,1.0
852373655,tarkka,2003,100,ei_tietoa,ei_metsavaratietoa,,2010,100,1910,0,1.0
850729541,tarkka,2002,100,ei_tietoa,ei_metsavaratietoa,,2010,112,1898,0,1.0
850730294,tarkka,2002,100,ei_tietoa,ei_metsavaratietoa,,2010,0,2010,0,1.0
852282251,tarkka,2002,100,ei_tietoa,ei_metsavaratietoa,,2010,90,1920,0,1.0
852369504,summittainen,2002,500,ei_tietoa,ei_metsavaratietoa,,2010,108,1902,0,0.56
852369807,summittainen,2002,500,muuttunut,hakattu,1.0,2010,98,1912,2,0.89
852371003,summittainen,2002,500,ei_tietoa,ei_metsavaratietoa,,2010,115,1895,0,0.56
852374138,tarkka,2002,100,ei_tietoa,ei_metsavaratietoa,,2010,118,1892,0,1.0
852374694,tarkka,2002,250,muuttunut,hakattu,1.0,2010,79,1931,2,1.0
854428039,summittainen,2002,500,ei_tietoa,ei_metsavaratietoa,,2010,99,1911,0,0.78
855852780,tarkka,2002,100,muuttunut,hakattu,1.0,2010,113,1897,2,1.0
1433263443,tarkka,2002,10,epavarma,osa_alueesta_hakattu,0.44,2010,139,1871,2,0.67
1433263456,tarkka,2002,10,muuttunut,hakattu,1.0,2010,92,1918,2,1.0
1433263466,tarkka,2002,10,muuttunut,hakattu,1.0,2010,92,1918,2,1.0
852288318,tarkka,2002,100,muuttunut,hakattu,1.0,2010,0,2010,2,1.0
852370142,tarkka,2002,100,ei_tietoa,ei_metsavaratietoa,,2010,0,2010,0,1.0
852370322,summittainen,2002,500,muuttunut,hakattu,1.0,2010,75,1935,2,1.0
852375097,summittainen,2002,1000,ei_tietoa,ei_metsavaratietoa,,2010,109,1901,2,0.56
852377548,tarkka,2002,250,muuttunut,hakattu,1.0,2010,0,2010,2,1.0
852380251,summittainen,2002,500,ei_tietoa,ei_metsavaratietoa,,2010,78,1932,0,0.78
852371089,summittainen,2002,1000,ei_tietoa,ei_metsavaratietoa,,2010,90,1920,0,0.89
855203207,summittainen,2002,1000,muuttunut,hakattu,1.0,2010,30,1980,2,0.89
328340967,tarkka,2001,50,ei_tietoa,ei_metsavaratietoa,,2010,122,1888,0,0.89
854513411,tarkka,2001,100,ei_tietoa,ei_metsavaratietoa,,2010,70,1940,0,0.78
1837684136,tarkka,2001,10,ei_tietoa,ei_metsavaratietoa,,2010,76,1934,0,1.0
3043186938,tuntematon,2001,,ei_tietoa,liian_epatarkka,,,,,,
1433269766,tarkka,2001,50,ei_tietoa,ei_metsavaratietoa,,2010,133,1877,0,1.0
328340949,alueellinen,2000,5870,ei_tietoa,liian_epatarkka,,,,,,
850207327,tarkka,2000,100,muuttunut,hakattu,1.0,2010,66,1944,2,1.0
850207650,tarkka,2000,25,ei_tietoa,ei_metsavaratietoa,,2010,96,1914,0,1.0
851457314,summittainen,2000,500,ei_tietoa,ei_metsavaratietoa,,2010,49,1961,0,0.44
851465329,summittainen,2000,500,ei_tietoa,ei_metsavaratietoa,,2010,34,1976,0,0.33
851470947,summittainen,2000,500,muuttunut,hakattu,1.0,2010,98,1912,2,0.89
1135325306,alueellinen,2000,59769,ei_tietoa,liian_epatarkka,,,,,,
1135325835,alueellinen,2000,10166,ei_tietoa,liian_epatarkka,,,,,,
1433269531,tarkka,2000,100,muuttunut,hakattu,1.0,2010,111,1899,2,0.89
1433269563,tarkka,2000,100,muuttunut,hakattu,1.0,2010,95,1915,2,1.0
851464195,summittainen,2000,500,muuttunut,hakattu,1.0,2010,68,1942,2,0.56
854430492,summittainen,2000,500,muuttunut,hakattu,1.0,2010,,,2,0.0
1433263131,tarkka,2000,10,muuttunut,hakattu,0.56,2010,133,1877,2,1.0
5054947155,alueellinen,2000,10732,ei_tietoa,liian_epatarkka,,,,,,
328340859,alueellinen,1998,9235,ei_tietoa,liian_epatarkka,,,,,,
328340868,alueellinen,1998,21430,ei_tietoa,liian_epatarkka,,,,,,
328340869,alueellinen,1998,109331,ei_tietoa,liian_epatarkka,,,,,,
328340971,alueellinen,1998,20296,ei_tietoa,liian_epatarkka,,,,,,
328340972,alueellinen,1998,9235,ei_tietoa,liian_epatarkka,,,,,,
850136060,summittainen,1998,1000,ei_tietoa,ei_metsavaratietoa,,2010,112,1898,0,0.44
850405529,alueellinen,1998,5000,ei_tietoa,liian_epatarkka,,,,,,
850427516,alueellinen,1998,5000,ei_tietoa,liian_epatarkka,,,,,,
851468405,summittainen,1998,500,ei_tietoa,ei_metsavaratietoa,,2010,80,1930,0,0.67
851472826,summittainen,1998,500,ei_tietoa,ei_metsavaratietoa,,2010,61,1949,0,0.67
854420960,summittainen,1998,500,ei_tietoa,ei_metsavaratietoa,,2010,44,1966,0,1.0
1135325302,alueellinen,1998,5949,ei_tietoa,liian_epatarkka,,,,,,
1135325315,alueellinen,1998,29928,ei_tietoa,liian_epatarkka,,,,,,
1135325319,alueellinen,1998,38292,ei_tietoa,liian_epatarkka,,,,,,
1135325359,alueellinen,1998,84843,ei_tietoa,liian_epatarkka,,,,,,
1135325832,alueellinen,1998,12521,ei_tietoa,liian_epatarkka,,,,,,
1135325844,alueellinen,1998,11036,ei_tietoa,liian_epatarkka,,,,,,
1135325845,alueellinen,1998,74330,ei_tietoa,liian_epatarkka,,,,,,
1433262178,tarkka,1998,100,ei_tietoa,ei_metsavaratietoa,,2010,128,1882,0,0.44
1433263045,alueellinen,1998,5000,ei_tietoa,liian_epatarkka,,,,,,
1433264609,tarkka,1998,50,muuttunut,hakattu,1.0,2010,112,1898,2,0.67
1433269437,tarkka,1998,100,muuttunut,hakattu,1.0,2010,95,1915,2,1.0
1433269525,tarkka,1998,100,muuttunut,hakattu,1.0,2010,0,2010,2,1.0
1433269599,tarkka,1998,100,muuttunut,hakattu,1.0,2010,111,1899,2,0.89
1433270538,alueellinen,1998,5000,ei_tietoa,liian_epatarkka,,,,,,
1433272190,summittainen,1998,1000,ei_tietoa,ei_metsavaratietoa,,2010,41,1969,0,1.0
1433273681,alueellinen,1998,5000,ei_tietoa,liian_epatarkka,,,,,,
1837683745,tarkka,1998,10,ei_tietoa,ei_metsavaratietoa,,2010,117,1893,0,1.0
1837684077,tarkka,1998,10,ei_tietoa,ei_metsavaratietoa,,2010,120,1890,0,1.0
4023677406,tuntematon,1998,,ei_tietoa,liian_epatarkka,,,,,,
328340867,alueellinen,1998,99563,ei_tietoa,liian_epatarkka,,,,,,
328340930,alueellinen,1998,99563,ei_tietoa,liian_epatarkka,,,,,,
328340931,alueellinen,1998,39361,ei_tietoa,liian_epatarkka,,,,,,
328340933,alueellinen,1998,109331,ei_tietoa,liian_epatarkka,,,,,,
850413791,alueellinen,1998,5000,ei_tietoa,liian_epatarkka,,,,,,
850422204,alueellinen,1998,5000,ei_tietoa,liian_epatarkka,,,,,,
850423595,alueellinen,1998,5000,ei_tietoa,liian_epatarkka,,,,,,
1135325828,alueellinen,1998,18875,ei_tietoa,liian_epatarkka,,,,,,
1135325862,alueellinen,1998,59769,ei_tietoa,liian_epatarkka,,,,,,
1433263571,tarkka,1998,100,ei_tietoa,ei_metsavaratietoa,,2010,75,1935,0,1.0
1433264595,tarkka,1998,100,muuttunut,hakattu,1.0,2010,0,2010,2,1.0
1433269662,tarkka,1998,100,ei_tietoa,ei_metsavaratietoa,,2010,0,2010,0,1.0
1433270470,tarkka,1998,250,epavarma,hakkuuaikomus,1.0,2010,22,1988,1,1.0
1433271578,tarkka,1998,10,ei_tietoa,ei_metsavaratietoa,,2010,96,1914,0,1.0
854426213,summittainen,1998,500,ei_tietoa,ei_metsavaratietoa,,2010,99,1911,0,0.78
1135325314,alueellinen,1998,109331,ei_tietoa,liian_epatarkka,,,,,,
1135325837,alueellinen,1998,33498,ei_tietoa,liian_epatarkka,,,,,,
1135325840,alueellinen,1998,27704,ei_tietoa,liian_epatarkka,,,,,,
1135325847,alueellinen,1998,33503,ei_tietoa,liian_epatarkka,,,,,,
1135325848,alueellinen,1998,14325,ei_tietoa,liian_epatarkka,,,,,,
4023677779,tuntematon,1997,,ei_tietoa,liian_epatarkka,,,,,,
4023677741,tuntematon,1997,,ei_tietoa,liian_epatarkka,,,,,,
4023677792,tuntematon,1997,,ei_tietoa,liian_epatarkka,,,,,,
851466429,summittainen,1997,500,ei_tietoa,ei_metsavaratietoa,,2010,59,1951,0,0.78
852390098,tarkka,1996,250,muuttunut,hakattu,1.0,2010,57,1953,2,1.0
855599418,summittainen,1996,500,muuttunut,hakattu,1.0,2010,70,1940,2,0.89
855949727,tarkka,1996,250,muuttunut,hakattu,1.0,2010,0,2010,2,1.0
4023677799,tuntematon,1995,,ei_tietoa,liian_epatarkka,,,,,,
1433272033,alueellinen,1995,5000,ei_tietoa,liian_epatarkka,,,,,,
849651938,tarkka,1994,100,muuttunut,hakattu,1.0,2010,44,1966,2,0.56
850438520,alueellinen,1993,5000,ei_tietoa,liian_epatarkka,,,,,,
851465901,summittainen,1993,500,muuttunut,hakattu,1.0,2010,121,1889,2,1.0
851473454,summittainen,1993,500,muuttunut,hakattu,1.0,2010,67,1943,2,0.89
850383794,alueellinen,1993,5000,ei_tietoa,liian_epatarkka,,,,,,
851468798,summittainen,1993,500,muuttunut,hakattu,1.0,2010,89,1921,2,1.0
854424293,summittainen,1993,500,muuttunut,hakattu,0.75,2010,52,1958,2,0.89
851467927,summittainen,1992,500,ei_tietoa,ei_metsavaratietoa,,2010,83,1927,0,0.78
851472029,summittainen,1992,500,ei_tietoa,ei_metsavaratietoa,,2010,42,1968,0,0.78
851472064,summittainen,1992,500,ei_tietoa,ei_metsavaratietoa,,2010,102,1908,0,0.33
851473220,summittainen,1992,500,muuttunut,hakattu,1.0,2010,54,1956,2,0.78
851473308,summittainen,1992,500,ei_tietoa,ei_metsavaratietoa,,2010,80,1930,0,0.89
851473344,summittainen,1992,500,muuttunut,hakattu,1.0,2010,53,1957,2,0.89
850417413,alueellinen,1992,5000,ei_tietoa,liian_epatarkka,,,,,,
850355348,alueellinen,1991,5000,ei_tietoa,liian_epatarkka,,,,,,
850422922,alueellinen,1991,5000,ei_tietoa,liian_epatarkka,,,,,,
1065688795,alueellinen,1990,2000,ei_tietoa,liian_epatarkka,,,,,,
850414079,alueellinen,1988,5000,ei_tietoa,liian_epatarkka,,,,,,
850439712,alueellinen,1988,5000,ei_tietoa,liian_epatarkka,,,,,,
851459864,summittainen,1988,500,muuttunut,hakattu,1.0,2010,110,1900,2,0.33
854305688,summittainen,1988,500,ei_tietoa,ei_metsavaratietoa,,2010,54,1956,0,1.0
854430294,summittainen,1988,500,ei_tietoa,ei_metsavaratietoa,,2010,84,1926,0,0.89
1847859666,tarkka,1988,100,muuttunut,hakattu,1.0,2010,57,1953,2,1.0
855843248,tarkka,1982,250,muuttunut,hakattu,1.0,2010,64,1946,2,0.89
850364742,alueellinen,1979,5000,ei_tietoa,liian_epatarkka,,,,,,
854427581,summittainen,1978,500,ei_tietoa,ei_metsavaratietoa,,2010,66,1944,0,0.67
854513866,alueellinen,1978,5000,ei_tietoa,liian_epatarkka,,,,,,
1433270811,alueellinen,1978,5000,ei_tietoa,liian_epatarkka,,,,,,
855837443,tarkka,1977,250,muuttunut,hakattu,1.0,2010,44,1966,2,1.0
4401514812,tarkka,1970,20,ei_tietoa,ei_metsavaratietoa,,2010,66,1944,0,1.0
1065688858,summittainen,1970,1000,muuttunut,hakattu,1.0,2010,50,1960,2,0.89
1065688585,alueellinen,1967,2000,ei_tietoa,liian_epatarkka,,,,,,
1065688796,alueellinen,1960,2000,ei_tietoa,liian_epatarkka,,,,,,
854422452,summittainen,1960,500,muuttunut,kasvusto_havaintoa_nuorempi,1.0,2010,45,1965,2,0.78
854436263,summittainen,1957,500,muuttunut,hakattu,1.0,2010,84,1926,2,0.67
1065690073,alueellinen,1953,2000,ei_tietoa,liian_epatarkka,,,,,,
1065688881,alueellinen,1952,2000,ei_tietoa,liian_epatarkka,,,,,,
854417842,summittainen,1951,500,muuttunut,kasvusto_havaintoa_nuorempi,1.0,2010,31,1979,0,0.11
854435738,summittainen,1920,500,muuttunut,hakattu,1.0,2010,84,1926,2,0.67
849819803,summittainen,,500,ei_tietoa,ei_paivamaaraa,,2010,103,1907,0,1.0
849820076,summittainen,,500,muuttunut,hakattu,1.0,2010,84,1926,2,1.0
851488195,tarkka,,5,ei_tietoa,ei_paivamaaraa,,2010,100,1910,0,1.0
851488560,tarkka,,5,ei_tietoa,ei_paivamaaraa,,2010,100,1910,0,1.0
854355313,summittainen,,500,muuttunut,hakattu,1.0,2010,62,1948,2,0.89
1135325312,alueellinen,,33498,ei_tietoa,liian_epatarkka,,,,,,
1135325324,alueellinen,,33498,ei_tietoa,liian_epatarkka,,,,,,
1135325330,alueellinen,,17229,ei_tietoa,liian_epatarkka,,,,,,
1135325831,alueellinen,,140513,ei_tietoa,liian_epatarkka,,,,,,
1135325834,alueellinen,,21527,ei_tietoa,liian_epatarkka,,,,,,
1135325836,alueellinen,,159743,ei_tietoa,liian_epatarkka,,,,,,
1135325842,alueellinen,,21527,ei_tietoa,liian_epatarkka,,,,,,
1135325849,alueellinen,,37377,ei_tietoa,liian_epatarkka,,,,,,
1433262809,summittainen,,1000,ei_tietoa,ei_paivamaaraa,,2010,51,1959,0,0.78
