group,lat,lon,year,cycle,score_mlp
presence,62.720135,28.997909,2026.0,2023,0.8223075071970621
presence,68.966095,27.003345,2025.0,2023,0.460753192504247
presence,69.195739,27.878549,2025.0,2023,0.9473579327265421
presence,68.308578,28.005396,2025.0,2023,0.3228369454542796
presence,68.308578,28.005396,2025.0,2023,0.3228369454542796
presence,68.308578,28.005396,2025.0,2023,0.3228369454542796
presence,65.114456,25.640388,2024.0,2023,0.8231042822202047
presence,65.153615,25.241415,2024.0,2023,0.916488528251648
presence,65.15874,25.446694,2024.0,2023,0.6231804291407267
presence,66.471109,25.85725,2024.0,2023,0.7938900589942932
presence,64.600457,26.47871,2024.0,2023,0.9484800696372986
presence,66.257046,26.035752,2024.0,2023,0.9083029627799988
presence,61.178607,28.365914,2024.0,2023,0.7921929955482483
presence,66.53989,25.50549,2024.0,2023,0.5386377573013306
presence,62.796909,29.564842,2023.0,2023,0.8341631889343262
presence,61.312901,23.417445,2023.0,2023,0.4020686745643616
presence,59.992641,24.449354,2023.0,2023,0.27011004090309143
presence,61.178489,28.365735,2023.0,2023,0.7461776534716288
presence,64.205882,29.179715,2023.0,2023,0.8742396434148153
presence,66.500983,25.761039,2023.0,2023,0.5912668704986572
presence,66.500721,25.767725,2023.0,2023,0.649191419283549
presence,66.002045,28.326792,2022.0,2021,0.919227679570516
presence,66.473553,25.860447,2022.0,2021,0.9107058048248291
presence,64.800908,25.289505,2022.0,2021,0.5329651633898417
presence,66.290847,27.193143,2022.0,2021,0.5584743817647299
presence,68.709326,27.274347,2022.0,2021,0.4937648872534434
presence,68.710027,27.273368,2022.0,2021,0.5965422789255778
presence,68.70673,27.28226,2022.0,2021,0.6349392731984457
presence,68.706199,27.283043,2022.0,2021,0.6402119199434916
presence,68.70206,27.27485,2022.0,2021,0.5713951587677002
presence,68.706128,27.28287,2022.0,2021,0.6402119199434916
presence,68.698494,27.289063,2022.0,2021,0.6349011063575745
presence,68.69923,27.294006,2022.0,2021,0.6250812808672587
presence,68.455388,28.415464,2022.0,2021,0.9566933115323385
presence,68.45241,28.427351,2022.0,2021,0.9583991964658102
presence,68.457075,28.451169,2022.0,2021,0.9557971358299255
presence,68.456069,28.418349,2022.0,2021,0.956159234046936
presence,68.45257,28.422259,2022.0,2021,0.9487272898356119
presence,68.454254,28.403738,2022.0,2021,0.9526678522427877
presence,68.761187,27.286741,2022.0,2021,0.3266453941663106
presence,68.896304,26.965222,2022.0,2021,0.7497574687004089
presence,66.612928,26.324151,2021.0,2021,0.608971913655599
presence,63.34409,23.370234,2021.0,2021,0.6326742966969808
presence,60.348612,25.880321,2021.0,2021,0.45528526107470196
presence,64.137812,28.30137,2021.0,2021,0.7809370160102844
presence,60.285835,25.20057,2020.0,2019,0.453184574842453
presence,60.615453,24.830894,2020.0,2019,0.7234477599461874
presence,61.765044,29.385568,2020.0,2019,0.5122923950354258
presence,66.325541,26.230054,2020.0,2019,0.6584300398826599
presence,63.275163,27.463617,2020.0,2019,0.5960608323415121
presence,64.451392,26.791578,2020.0,2019,0.935507337252299
presence,66.368746,29.29534,2020.0,2019,0.9170081814130148
presence,60.941964,25.76445,2020.0,2019,0.20889471968015036
presence,65.442985,29.596713,2020.0,2019,0.9166865547498068
presence,62.656283,29.6814,2020.0,2019,0.9141933719317118
presence,67.004321,27.226094,2020.0,2019,0.8866904973983765
presence,61.2597,27.711698,2019.0,2019,0.14696300278107324
presence,61.259655,27.711807,2019.0,2019,0.16098066667715707
presence,60.483669,22.105114,2019.0,2019,0.6288779377937317
presence,62.699458,29.728109,2018.0,2017,0.79085773229599
presence,65.009696,27.459829,2018.0,2017,0.8883644342422485
presence,61.690905,25.018425,2017.0,2017,0.5886061787605286
presence,62.450383,28.76725,2017.0,2017,0.26545188824335736
presence,66.369252,29.306209,2016.0,2015,0.9278167088826498
presence,62.613711,29.723008,2016.0,2015,0.8397020896275839
presence,68.420276,26.860277,2016.0,2015,0.7387309074401855
presence,66.850011,24.745657,2014.0,2013,0.8557721972465515
presence,68.642171,27.78895,2014.0,2013,0.5631632010142008
presence,65.420935,29.718292,2014.0,2013,0.8053739070892334
presence,65.424298,29.703999,2014.0,2013,0.9556847413380941
presence,65.444679,29.642052,2014.0,2013,0.7780178387959799
presence,65.421569,29.706456,2014.0,2013,0.941536029179891
presence,65.407548,29.673999,2014.0,2013,0.941900630791982
presence,65.410597,29.674676,2014.0,2013,0.9278764128684998
presence,65.421064,29.699051,2014.0,2013,0.9307214816411337
presence,64.792604,29.056074,2014.0,2013,0.9404076536496481
presence,64.79671,29.048982,2014.0,2013,0.9554300308227539
presence,65.44622,29.662753,2014.0,2013,0.690368632475535
presence,65.44366,29.705307,2014.0,2013,0.8876075943311056
presence,65.442253,29.695624,2014.0,2013,0.9566497008005778
presence,65.441593,29.654213,2014.0,2013,0.7267834941546122
presence,65.44116,29.698489,2014.0,2013,0.9486300150553385
presence,65.442009,29.688133,2014.0,2013,0.7677419384320577
presence,65.466755,29.503307,2013.0,2013,0.9407647053400675
presence,66.754698,25.341036,2010.0,2009,0.6109990278879801
presence,68.879753,27.121256,2009.0,2009,0.5565479099750519
presence,68.528396,27.192682,2007.0,2009,0.7010958194732666
presence,68.535614,27.178296,2007.0,2009,0.9192362825075785
presence,68.62204,26.078142,2007.0,2009,0.5691715478897095
presence,68.728416,26.268311,2007.0,2009,0.18392632901668549
presence,66.932491,24.081438,2001.0,2009,0.6445402105649313
presence,66.088022,27.671373,2001.0,2009,0.6992865602175394
presence,66.088022,27.671373,2001.0,2009,0.6992865602175394
presence,63.812495,28.248201,2001.0,2009,0.32679133613904315
presence,60.206154,23.523527,2000.0,2009,0.1194568146020174
presence,65.207567,25.916375,1997.0,2009,0.8573163151741028
presence,62.472173,29.273829,1994.0,2009,0.1821930631995201
presence,67.509438,23.790268,1988.0,2009,0.8737115065256754
presence,60.210756,22.25344,1988.0,2009,0.6791950265566508
presence,61.4743,21.35046,2024.0,2023,0.7072685162226359
presence,69.19555,27.88085,2025.0,2023,0.9552701512972513
presence,61.84369,22.93122,2026.0,2023,0.022203693399205804
presence,62.66301,29.69654,2020.0,2019,0.93268750111262
presence,67.615734,27.774916,2016.0,2015,0.306999072432518
presence,64.137991,28.300886,2020.0,2019,0.8015369772911072
presence,64.625395,29.697382,2026.0,2023,0.6522060036659241
presence,65.514512,29.343227,2026.0,2023,0.9315074682235718
presence,61.071513,22.048989,2026.0,2023,0.6408919294675192
presence,65.1654,25.4609,2026.0,2023,0.7936179439226786
bg_random,63.48983263624647,29.91164209540069,,2023,0.3966494599978129
bg_random,62.80540041624251,21.94870887367393,,2023,0.13199065160006285
bg_random,61.92987906750525,26.579864608444318,,2023,0.4841390550136566
bg_random,61.27320656260212,23.482705530834856,,2023,0.32165423532327014
bg_random,67.72326547088565,24.870847857556,,2023,0.18625366066892943
bg_random,60.8872532466394,25.31799514622443,,2023,0.25868326301376027
bg_random,65.16242078929848,29.114577863853143,,2023,0.3021104534467061
bg_random,66.50558542042172,28.13927947754089,,2023,0.5776368975639343
bg_random,62.47857529335147,30.55409551308296,,2023,0.4974222679932912
bg_random,65.06411555564146,28.28619560659713,,2023,0.28021981567144394
bg_random,64.71019918476573,29.94340707518666,,2023,0.5893499453862509
bg_random,61.719239098249744,24.029685916460217,,2023,0.12438249836365382
bg_random,63.517603518216255,23.93844224801004,,2023,0.025497542538990576
bg_random,66.51484822325894,27.57477960358156,,2023,0.30989418427149457
bg_random,67.84141041652308,27.16136571897805,,2023,0.3087845618526141
bg_random,61.15017719277395,23.39733964550993,,2023,0.2661825207372506
bg_random,65.42032107576973,27.66756133846534,,2023,0.18760131299495697
bg_random,65.19269398741916,27.92567883626823,,2023,0.30168138692776364
bg_random,61.54953767022853,23.89649514408934,,2023,0.34956710785627365
bg_random,60.37007133192999,22.768241757671586,,2023,0.5938388506571451
bg_random,61.42565730411731,26.559072982831317,,2023,0.30484306812286377
bg_random,63.43898380753057,30.250566233783605,,2023,0.4072238902250926
bg_random,67.29534031484111,28.68419901931363,,2023,0.370815505584081
bg_random,64.8568530764924,24.870295850640623,,2023,0.2063650395721197
bg_random,64.95351664263987,27.682333840133044,,2023,0.18776878217856088
bg_random,63.562833166206815,23.772712770820632,,2023,0.1801864355802536
bg_random,64.48221665875673,27.330369980833257,,2023,0.2194619451959928
bg_random,60.71468233983184,21.531738215107964,,2023,0.32801908751328784
bg_random,61.15701359164808,24.706787865961992,,2023,0.208907480041186
bg_random,63.36273590066301,26.160848673936364,,2023,0.24576723327239355
bg_random,65.11329284989588,25.73903183278764,,2023,0.12347844863931338
bg_random,67.51521744759538,29.46270006416196,,2023,0.23482890675465265
bg_random,62.43676899081982,25.3481412971754,,2023,0.3062262013554573
bg_random,64.74182303677273,29.1283769481726,,2023,0.20411627863844237
bg_random,63.61476497239015,23.92540142936353,,2023,0.2225132007151842
bg_random,62.85438519119489,24.4939884324339,,2023,0.18488722294569016
bg_random,63.79518204683921,25.454925686860232,,2023,0.12743650190532207
bg_random,63.07947630483356,22.54447574988422,,2023,0.41197505593299866
bg_random,67.70558499347247,24.041540170704305,,2023,0.18646560112635294
bg_random,66.07001868877975,29.366227722306267,,2023,0.20053586860497793
bg_random,61.48944649085479,25.176489819432632,,2023,0.14330351104338965
bg_random,64.04181565505755,27.78840069217633,,2023,0.04176724205414454
bg_random,63.881697983221216,28.539725759124025,,2023,0.3028337359428406
bg_random,63.72711171615423,28.049832142264226,,2023,0.2197274286299944
bg_random,65.39059790963927,29.528439041225955,,2023,0.3672157476345698
bg_random,63.28255783975359,21.63880807094232,,2023,0.19979270982245603
bg_random,64.32560849354483,29.17432731186538,,2023,0.7856354514757792
bg_random,62.90620942723774,31.48908158904809,,2023,0.2936015377442042
bg_random,68.51837016530999,28.08158217797974,,2023,0.7014606396357218
bg_random,64.17992021473125,28.62540680260989,,2023,0.5948155124982198
bg_random,66.3203372485004,29.27117140481588,,2023,0.10739671376844247
bg_random,67.84153916243962,28.032291097076623,,2023,0.47276588280995685
bg_random,63.01513668934005,25.154922549517007,,2023,0.19529118140538534
bg_random,64.87021014531243,26.92487126997884,,2023,0.31650928656260174
bg_random,60.87226050362844,24.68598021608731,,2023,0.01008134987205267
bg_random,63.10508714010544,24.46003940540431,,2023,0.18877129753430685
bg_random,60.08027983397899,22.88956897237364,,2023,0.48913414279619855
bg_random,60.57633303485866,27.502296160737146,,2023,0.37712282439072925
bg_random,67.14947629420499,26.441917495071664,,2023,0.17883463948965073
bg_random,68.2060394168142,26.190766396156764,,2023,0.31647102038065594
bg_random,63.32983017387896,24.87399958416674,,2023,0.20552362501621246
bg_random,66.13590597391726,25.418291072862168,,2023,0.3380245367685954
bg_random,67.85045027266341,25.005343224017064,,2023,0.7978531122207642
bg_random,62.58815423537354,26.98551537349353,,2023,0.23651756594578424
bg_random,60.8680331200515,26.34876902577477,,2023,0.12429492920637131
bg_random,65.15995956687414,29.42003356002349,,2023,0.48359095056851703
bg_random,62.08083401440029,26.86998079820399,,2023,0.37389737367630005
bg_random,65.3999717746841,27.55164782781679,,2023,0.31795596579710644
bg_random,62.18322916151728,25.89836182235605,,2023,0.17745831857124963
bg_random,60.50587433365372,23.872694518979547,,2023,0.5917030473550161
bg_random,68.96006977894581,28.598885539343584,,2023,0.6466148098309835
bg_random,63.1749305152233,26.972511988321752,,2023,0.18798131744066873
bg_random,62.356659504131336,22.33265589769527,,2023,0.05631255373979608
bg_random,64.57838060189405,28.744353733845,,2023,0.1198398048679034
bg_random,65.52613260230498,29.201140584916608,,2023,0.3822391927242279
bg_random,62.83800733838199,22.30795803143193,,2023,0.3054497204720974
bg_random,66.35751175199597,28.44188118678609,,2023,0.30438604205846786
bg_random,60.58040845302179,26.16389244191623,,2023,0.07555668676892917
bg_random,61.78205980145871,28.356327503896985,,2023,0.20422778030236563
bg_random,60.51038421112753,25.263256863771733,,2023,0.26660709579785663
bg_random,65.76058506870223,27.360608515034237,,2023,0.3693634470303853
bg_random,66.86368118404972,28.14860682285595,,2023,0.16887360624969006
bg_random,62.14538519649782,29.623161175230983,,2023,0.32583733399709064
bg_random,68.6664844406163,25.96487159696959,,2023,0.22301710148652396
bg_random,61.71894404334457,29.80005418895576,,2023,0.133529390518864
bg_random,64.69840180258967,25.97244598670848,,2023,0.017944314361860354
bg_random,62.42289875874501,30.059116575327863,,2023,0.07173399503032367
bg_random,67.67337054732491,28.44165299499896,,2023,0.5449212988217672
bg_random,67.71064414541273,29.11704067468526,,2023,0.5195528864860535
bg_random,60.49042917226553,24.526814508747886,,2023,0.518268346786499
bg_random,66.52300150010544,26.03882137428722,,2023,0.7435841759045919
bg_random,68.61216480322946,22.93419241056067,,2023,0.040784599259495735
bg_random,67.24821913315023,26.58199322115371,,2023,0.4026358127593994
bg_random,67.95644571079907,24.225614347446214,,2023,0.25464997440576553
bg_random,68.41073728668813,23.60998053043937,,2023,0.02974639305224021
bg_random,64.59778161643275,29.308407922052684,,2023,0.22384419913093248
bg_random,60.64889205872887,25.70678843287843,,2023,0.40071946382522583
bg_random,61.97067467374622,23.61396619772443,,2023,0.6713405052820841
bg_random,62.26554605912334,25.14422236015051,,2023,0.5002097288767496
bg_random,63.99005541683219,30.449341814166083,,2023,0.21122614542643228
bg_random,63.98105499082427,28.45886876800577,,2023,0.24962341785430908
bg_random,65.61286502170428,27.00746632639709,,2023,0.4368898371855418
bg_random,60.77242771119478,22.472815274442823,,2023,0.4211449424425761
bg_random,66.15862258669327,28.283669653630447,,2023,0.3748741050561269
bg_random,67.47291080547659,29.7017436153174,,2023,0.16764395187298456
bg_random,65.57530581661388,26.17380110339876,,2023,0.34240639209747314
bg_random,68.38588602949011,25.174128312168545,,2023,0.49722450971603394
bg_random,61.80235103608664,25.019824235958737,,2023,0.23631782084703445
bg_random,62.89824806268064,23.486212800597222,,2023,0.216839416573445
bg_random,62.97462216265863,26.101297373300227,,2023,0.2257367198665937
bg_random,62.49464487559521,30.894578890053708,,2023,0.3974854052066803
bg_random,63.407537862783286,22.715628192475364,,2023,0.03689351181189219
bg_random,66.60264281398791,26.374080591443345,,2023,0.07822352026899655
bg_random,63.548976528917656,30.165459829010917,,2023,0.2273862026631832
bg_random,67.97012024985551,27.833109476757706,,2023,0.3712815046310425
bg_random,65.16030638555608,27.485220770064814,,2023,0.22087756420175234
bg_random,67.84673153985294,29.57069756444399,,2023,0.09803033247590065
bg_random,60.43910766296311,24.921595627943468,,2023,0.1357923342535893
bg_random,63.84500351544788,25.263787990701346,,2023,0.17632561021794876
bg_random,65.03728243429778,29.524494038175924,,2023,0.1859850330899159
bg_random,66.87679432390102,26.30391512215375,,2023,0.7059247096379598
bg_random,68.79059084503193,26.08394568668024,,2023,0.1487953718751669
bg_random,63.476677973661374,28.78739410282858,,2023,0.03775451829036077
bg_random,62.34867450868418,28.771578682108547,,2023,0.2523028751214345
bg_random,62.87979435800548,22.086282719191647,,2023,0.19577805822094282
bg_random,62.64353571761304,22.03889568763168,,2023,0.445300430059433
bg_random,62.39407726838354,24.7158421968042,,2023,0.428873747587204
bg_random,61.22098807671691,24.691403502592884,,2023,0.47332626581192017
bg_random,60.40859479500188,24.98397435292968,,2023,0.268387829264005
bg_random,62.78394254473499,28.4727397117818,,2023,0.09341335793336232
bg_random,61.49976707513265,26.37347648020488,,2023,0.20408898095289865
bg_random,66.97062194976019,25.41672115702213,,2023,0.1493288530036807
bg_random,65.52951367744969,26.834361407500506,,2023,0.2589336869617303
bg_random,67.36665807835529,29.167422063143277,,2023,0.39935362339019775
bg_random,67.42614825627788,24.43400871618515,,2023,0.17721261332432428
bg_random,64.11816172425809,25.00457583808616,,2023,0.25327395151058835
bg_random,62.9565784480986,25.686096008871043,,2023,0.16732933123906454
bg_random,60.03278054208139,20.08116472715778,,2023,0.4350494047005971
bg_random,63.32780376119151,28.079350275520238,,2023,0.1167945098131895
bg_random,63.16997600263431,27.76970547818601,,2023,0.1905072033405304
bg_random,67.58955347521923,29.760614890986872,,2023,0.1494037906328837
bg_random,62.06577864199978,24.94603885249093,,2023,0.40323927998542786
bg_random,64.01681048634211,30.30650747620173,,2023,0.20239269733428955
bg_random,61.56230108124209,21.92793079308102,,2023,0.30130500843127567
bg_random,65.17499748552747,27.074624431682743,,2023,0.197031540175279
bg_random,61.06266997635385,23.656817700599337,,2023,0.35521215697129566
bg_random,66.53193204950254,28.66085318713897,,2023,0.3313267131646474
bg_random,68.44258904457392,22.768831887752963,,2023,0.022020207485184073
bg_random,66.93231986286537,27.792815667646902,,2023,0.2985729823509852
bg_random,68.78013546596387,26.55378504765384,,2023,0.5430392126242319
bg_random,66.8010078951122,27.94473757777388,,2023,0.45093687375386554
bg_random,68.67789144670873,22.062286667188545,,2023,0.08186082821339369
bg_random,60.79904114626937,27.90559662598096,,2023,0.22008716749648252
bg_random,64.8574762707984,26.501005997470543,,2023,0.4592571556568146
bg_random,63.94185354801498,27.35794154271494,,2023,0.14787966416527829
bg_random,66.02674069378926,29.101992466712,,2023,0.03644465965529283
bg_random,63.67988346534804,25.70543654523442,,2023,0.2242665762702624
bg_random,63.08420132765858,30.92700448207504,,2023,0.18312235176563263
bg_random,63.35930874498535,21.990924094066006,,2023,0.0792899364605546
bg_random,62.8710571016663,28.811802538573588,,2023,0.11621992041667302
bg_random,62.430649737732885,22.71376586051569,,2023,0.14195761643350124
bg_random,66.7892003879255,28.53483570044264,,2023,0.17729096797605357
bg_random,64.91755353633657,28.511254828759668,,2023,0.26462817440430325
bg_random,63.21291603933192,30.16654149395815,,2023,0.20341759671767554
bg_random,67.84572942462813,26.09376338990492,,2023,0.06502134787539642
bg_random,63.4343348310475,27.62671926008653,,2023,0.2277587614953518
bg_random,66.09379676844044,28.222358422538534,,2023,0.2865494191646576
bg_random,68.70179255554757,27.047563280477235,,2023,0.5678632259368896
bg_random,64.57103893216384,25.46054570186756,,2023,0.3670358707507451
bg_random,63.10185729883022,29.308793202282427,,2023,0.771640400091807
bg_random,67.83264019269056,25.052482167635823,,2023,0.06938988536906739
bg_random,63.82974291652882,25.237083363442935,,2023,0.15328933422764143
bg_random,62.1657605655284,25.601946989513245,,2023,0.12047329513976972
bg_random,61.95834562304389,27.777457493340915,,2023,0.10089586131895582
bg_random,64.00248452348794,27.88576953076265,,2023,0.06542652348677318
bg_random,60.77106989476111,21.875948718931767,,2023,0.2133330057064692
bg_random,68.33966548793471,23.43348801041844,,2023,0.01565141836181283
bg_random,68.70495635331599,27.881353750427277,,2023,0.20810686300198236
bg_random,62.29928356225834,24.25724578645772,,2023,0.22004435459772745
bg_random,61.19803717244733,23.96512483238808,,2023,0.012813655193895102
bg_random,66.85250880709864,24.00104421840009,,2023,0.41574627161026
bg_random,62.133306664972224,24.186308508695507,,2023,0.22087953488032022
bg_random,64.99236812982764,26.40520976132567,,2023,0.1842810312906901
bg_random,63.572950872651866,26.454012636418167,,2023,0.06018539456029733
bg_random,61.058298379551566,23.951817406950784,,2023,0.04465429329623779
bg_random,65.52597320970438,27.48023811777703,,2023,0.23617137471834818
bg_random,68.19972740185632,27.185888748839066,,2023,0.2903224229812622
bg_random,60.96947983659626,26.828732956702694,,2023,0.6302556196848551
bg_random,66.15095841960084,27.905914132579973,,2023,0.1841761122147242
bg_random,66.83333619912494,24.33423246259604,,2023,0.39970364173253375
bg_random,62.59261099937788,24.52792376445532,,2023,0.4178505043188731
bg_random,65.3292312508626,26.173280134771904,,2023,0.3963053226470947
bg_random,62.389589301691046,23.22256536658905,,2023,0.24488082093497118
bg_random,61.90658435989992,24.9268704056168,,2023,0.15158716713388762
bg_random,61.32024465748326,22.28428023685314,,2023,0.05176824051886797
bg_random,62.89468334421193,21.511771420574014,,2023,0.20204777798304954
bg_random,67.66963365738825,25.557820863031555,,2023,0.7664446632067362
bg_random,62.17398002983612,29.998562244303116,,2023,0.49995200832684833
bg_random,64.45733880982107,26.50264776396283,,2023,0.2744396577278773
bg_random,62.18187512017577,30.216793355610715,,2023,0.21922440578540167
bg_random,63.34907212712068,30.011931445725917,,2023,0.26787611345450085
bg_random,60.60483257740583,23.35275840242604,,2023,0.1013027938703696
bg_random,68.77766684777308,25.32983635557197,,2023,0.3594033420085907
bg_random,60.73662985405272,26.150737440169216,,2023,0.6415448983510336
bg_random,68.13326738730407,23.56768310000963,,2023,0.5224011838436127
bg_random,65.34750659125316,28.902118093530483,,2023,0.17238362381855646
bg_random,63.25517194118817,31.11044989535391,,2023,0.28454989194869995
bg_random,68.7364764750473,28.64018899404787,,2023,0.2743818312883377
bg_random,63.38997019230851,29.06094797591777,,2023,0.06255906975517671
bg_random,63.69998697171543,23.19750499562114,,2023,0.17744741464654604
bg_random,66.81805658366068,27.42014403720061,,2023,0.13594792721172175
bg_random,63.28052051232461,22.574452273444276,,2023,0.28588801622390747
bg_random,68.01182139963254,29.198194888294847,,2023,0.17336046074827513
bg_random,68.16468075287833,27.870999186200383,,2023,0.49675517280896503
bg_random,60.79903115834328,21.994897538831776,,2023,0.06409408943727612
bg_random,62.009304411954176,21.957060598151568,,2023,0.27824653188387555
bg_random,63.8323958084504,23.318983928021147,,2023,0.42457430561383563
bg_random,62.10749228941855,25.110652916721712,,2023,0.12324058512846629
bg_random,62.50398048122772,27.353641049730548,,2023,0.4925926625728607
bg_random,67.92927243378094,24.901618607268983,,2023,0.08869668003171682
bg_random,68.5587157636604,27.795611017159924,,2023,0.41259730855623883
bg_random,65.67216678933451,29.00564655029426,,2023,0.3330466200908025
bg_random,66.02555910275798,27.05416714907887,,2023,0.1524892703940471
bg_random,62.500798613870025,27.10451220073195,,2023,0.5802182952562968
bg_random,61.97984522768007,28.8521265626231,,2023,0.7734219431877136
bg_random,66.08500928216414,25.829358677450223,,2023,0.3620998760064443
bg_random,60.38889068098459,24.45466005359781,,2023,0.009153226002429923
bg_random,66.2577968607895,24.36136786216125,,2023,0.35167811810970306
bg_random,61.72808279087759,29.03810364978916,,2023,0.04132874643740555
bg_random,68.65443417383796,28.18702506930256,,2023,0.24225679536660513
bg_random,62.07015310037296,24.536814018845945,,2023,0.4354852040608724
bg_random,60.18265950710955,20.411923713483905,,2023,0.4683651427427928
bg_random,68.69543923162526,22.504631411555888,,2023,0.06655695762795706
bg_random,66.1594264879281,28.064093246109607,,2023,0.2533196210861206
bg_random,64.04734970844949,27.59030675006745,,2023,0.10703879470626514
bg_random,60.29550115255089,23.739596517683,,2023,0.2034040962656339
bg_random,62.13039809422597,22.68933308303497,,2023,0.11151569212476413
bg_random,61.05135568973021,23.56132546193504,,2023,0.33013397455215454
bg_random,68.08051783166971,24.302176331584327,,2023,0.2509784710903962
bg_random,60.45766629261384,25.476132482649952,,2023,0.17118714222063622
bg_random,62.18671434791676,26.907946092648693,,2023,0.09708959981799126
bg_random,67.82043239671982,27.640525040654012,,2023,0.06450592741991083
bg_random,61.99972364783993,26.78509934966806,,2023,0.29758253196875256
bg_random,66.000539714813,26.429416343968263,,2023,0.15204271425803503
bg_random,66.81782246048013,26.276811306234418,,2023,0.5021474262078603
bg_random,62.4973646929689,24.44135481451384,,2023,0.47656429807345074
bg_random,62.42455073062202,26.64264972476788,,2023,0.20263060679038367
bg_random,60.63003119131172,21.62789835027292,,2023,0.49052273233731586
bg_random,63.05460724784619,21.811267118545004,,2023,0.038629104072848953
bg_random,65.95594493299657,27.035016064237684,,2023,0.19090910628437996
bg_random,62.24840796804564,28.8045074515094,,2023,0.15017187098662058
bg_random,64.68331270536045,26.71379520864597,,2023,0.3231022854646047
bg_random,68.72051957937278,21.990248896550234,,2023,0.06458038122703631
bg_random,64.80310069644284,26.51245311838753,,2023,0.3975906620422999
bg_random,61.23014527066677,27.06212975912532,,2023,0.15819911658763885
bg_random,60.161077031484496,25.077009552817472,,2023,0.17380122964580855
bg_random,68.15428113129104,24.397242353346645,,2023,0.12791312610109648
bg_random,60.98438734991023,21.391950124325835,,2023,0.18860022475322089
bg_random,61.85001219387658,23.13825414965089,,2023,0.07993689303596814
bg_random,67.12558232757151,27.915342288026164,,2023,0.15702259416381517
bg_random,61.36186937505139,23.00748893727785,,2023,0.10979403741657734
bg_random,62.65862262756768,24.79857218616376,,2023,0.23875981693466505
bg_random,63.42863310170696,23.04800733335641,,2023,0.19157563708722591
bg_random,65.0332318432648,28.67852481893304,,2023,0.09434528400500615
bg_random,64.44474212091124,28.912081802693063,,2023,0.4141593674818675
bg_random,60.870571475777,24.238625628658465,,2023,0.03519648313522339
bg_random,67.42235402479777,24.28978752844416,,2023,0.23995589837431908
bg_random,67.65838591858474,29.62863775232434,,2023,0.4083404044310252
bg_random,67.91910566191522,26.307556203892936,,2023,0.032676162819067635
bg_random,62.245087376083575,21.72563077780802,,2023,0.8408183256785074
bg_random,65.44546022025966,27.75584910005048,,2023,0.7448146144549052
bg_random,64.34720939341102,28.89072836149138,,2023,0.1354492555061976
bg_random,66.5503508396072,27.01603373602073,,2023,0.22420785203576088
bg_random,63.731999414642495,23.109488803710065,,2023,0.2391891653339068
bg_random,61.36715260188885,27.533183360590872,,2023,0.30396570016940433
bg_random,62.05784802503675,24.27200054905905,,2023,0.06175543616215388
bg_random,61.04668146211005,21.728969909528026,,2023,0.22651997456947962
bg_random,62.62911542918556,21.81214826586097,,2023,0.05155409158517917
bg_random,62.35241497866167,27.24214236516945,,2023,0.1464426318804423
bg_random,66.90394120443369,24.06241600383733,,2023,0.7397296031316122
bg_random,62.09436929822064,23.74187785691611,,2023,0.2013984297712644
bg_random,61.84805791041287,27.290437576774327,,2023,0.2493190343181292
bg_random,68.35652703332838,28.48600325780942,,2023,0.8258538842201233
bg_random,65.94586659444832,28.77334465676258,,2023,0.4915069142977397
bg_random,61.27820130646417,26.041835309209,,2023,0.18952747186024985
bg_random,61.207904513162426,27.55580032425202,,2023,0.11018012681355079
bg_random,67.00979811025736,26.145553307645077,,2023,0.713804284731547
bg_random,64.66867223771042,29.30370533415864,,2023,0.3218311568101247
bg_random,64.04392005913613,26.901874391554127,,2023,0.11096173400680225
bg_random,65.47547183440449,25.343258190244665,,2023,0.4645366072654724
bg_random,63.92781620863519,29.403941395731543,,2023,0.17708357609808445
bg_random,61.65182244440053,27.93829413590009,,2023,0.0791137299189965
bg_random,61.643356264169896,24.53671020443801,,2023,0.26537441710631055
bg_random,63.32224138504159,27.57860487547568,,2023,0.036092440132051706
bg_random,61.46708093502831,26.244422101170866,,2023,0.12357917924722035
bg_random,67.79502643578599,24.824844693007933,,2023,0.34941517810026806
bg_random,67.7282144627379,27.119353148034023,,2023,0.12513703821847835
bg_random,65.73451261614142,27.26394643568874,,2023,0.22605184217294058
bg_random,62.80057478177552,25.1809193159792,,2023,0.1952492669224739
bg_random,67.62727898009342,27.16931789167165,,2023,0.2534596050779025
bg_random,61.245300383098,23.0100620337904,,2023,0.06620026224603255
bg_random,65.30295792279121,29.61343844417561,,2023,0.1372143905609846
bg_random,67.88668803599893,24.376867328082252,,2023,0.2036702772602439
bg_random,62.3214700252785,24.34141382463346,,2023,0.07180879265069962
bg_random,63.1973840094424,26.226386305175843,,2023,0.050481061140696205
bg_random,62.01862137401592,23.69399729631789,,2023,0.10190395110597213
bg_random,65.78286082383939,24.834323088967334,,2023,0.07202558809270461
bg_random,62.3501429594731,30.86282022136005,,2023,0.1975779322286447
bg_random,64.16971470188984,28.434538942421923,,2023,0.09037686030690868
bg_random,65.86622052956223,28.050885143865912,,2023,0.02893119802077611
bg_random,64.19665603994962,29.935232842578102,,2023,0.5270989338556925
bg_random,60.267703635978464,25.221175307179024,,2023,0.11959837252895038
bg_random,63.46610114529939,27.95839084112318,,2023,0.07247678066293399
bg_random,68.85326645166523,25.62983242215708,,2023,0.18209823469320932
bg_random,63.39824178044395,22.923586241155203,,2023,0.6608729958534241
bg_random,62.07779174435127,28.222170899049136,,2023,0.13145757963260016
bg_random,60.78489553913444,23.034277425489226,,2023,0.05777867138385773
bg_random,62.23434168737229,30.36227631558963,,2023,0.233638733625412
bg_random,62.592082520258295,31.0979661201706,,2023,0.2955471525589625
bg_random,64.24899493851727,29.77166790967012,,2023,0.5814384917418162
bg_random,65.62962868956889,25.99240395583608,,2023,0.1573411226272583
bg_random,61.599562232341256,26.90456701120099,,2023,0.24753692746162415
bg_random,61.38623740229918,29.16948502670123,,2023,0.18475178877512613
bg_random,63.20737377539664,24.95810396516685,,2023,0.25387948751449585
bg_random,63.28345767922235,22.882961632823648,,2023,0.44783000151316327
bg_random,67.03626612520502,25.405827756090066,,2023,0.21570231020450592
bg_random,65.925235782183,25.24320269029367,,2023,0.22252644908924898
bg_random,68.34700578747228,26.6590394348906,,2023,0.07709389242033164
bg_random,66.09717210431833,27.991765725448467,,2023,0.39954255024592084
bg_random,62.13790205255536,25.69100826460719,,2023,0.1615805389980475
bg_random,66.14123606420162,27.63932940798212,,2023,0.3436694194873174
bg_random,65.3950882282453,26.9650444694325,,2023,0.8116932908693949
bg_random,62.57006016292986,24.4562878957242,,2023,0.34689481059710187
bg_random,60.6361649647958,24.78076197231413,,2023,0.08707122271880507
bg_random,65.99880603482279,27.902981236914645,,2023,0.14920047173897424
bg_random,61.047997860703695,27.40130381882412,,2023,0.48290679852167767
bg_random,60.94570387485752,22.03367537907495,,2023,0.3715135057767232
bg_random,67.06114087043387,23.767566398769883,,2023,0.7359432776769003
bg_random,63.98972634947896,28.740605731490568,,2023,0.5673960745334625
bg_random,64.90541917585165,27.351455959159992,,2023,0.2903548777103424
bg_random,63.09232069000716,25.40740575368452,,2023,0.3409192313750585
bg_random,62.94038702701638,24.3718200827154,,2023,0.01767749898135662
bg_random,63.95692673543569,27.29575003185449,,2023,0.13944226379195848
bg_random,68.9315630387631,26.208127931549114,,2023,0.15859956542650858
bg_random,66.46273952335385,24.05405135272728,,2023,0.056702361131707825
bg_random,63.369387134368765,24.04549459775394,,2023,0.5353747407595316
bg_random,66.71882486804192,26.56159342555394,,2023,0.49345966180165607
bg_random,67.4992236091757,24.933682576179105,,2023,0.39533959825833637
bg_random,63.97484405767609,28.247054322613263,,2023,0.2952440877755483
bg_random,61.9534848820856,27.35061138023153,,2023,0.18292240177591643
bg_random,60.9884500630969,21.793770296528816,,2023,0.3210558146238327
bg_random,66.75164628688134,24.86538518343627,,2023,0.4521979093551636
bg_random,69.3273518779161,29.000974715412635,,2023,0.7858034571011862
bg_random,67.74383207555825,25.09431840240241,,2023,0.46992048621177673
bg_random,65.68028226003015,26.873438728328136,,2023,0.3172348141670227
bg_random,65.17249446334752,29.85893812450056,,2023,0.20140721711019674
bg_random,61.94073412301984,22.547262560510127,,2023,0.307498574256897
bg_random,62.96359964447703,28.669210294581568,,2023,0.4802841345469157
bg_random,66.16744456642036,28.51481912251927,,2023,0.19906088461478552
bg_random,63.10013832205468,30.822831155018445,,2023,0.644749124844869
bg_random,64.47355031122119,29.98554027655588,,2023,0.598532239596049
bg_random,62.38060633552814,26.220908979866305,,2023,0.6467900077501932
bg_random,63.795400442988885,23.622600250540096,,2023,0.05860675871372223
bg_random,62.88187642859235,29.786643734416845,,2023,0.5711924036343893
bg_random,65.08596232850549,26.56923529219379,,2023,0.3889879286289215
bg_random,68.10339010652389,26.778365774469044,,2023,0.08863703192522128
bg_random,68.37109625572437,25.45857497063174,,2023,0.33934355278809863
bg_random,66.45324408962341,25.2984246973983,,2023,0.07498744409531355
bg_random,67.0630094629111,27.103565132913545,,2023,0.28369692464669544
bg_random,61.0409534336731,25.26956425728561,,2023,0.10710992726186912
bg_random,63.27320424027727,22.27559452952057,,2023,0.1283064391463995
bg_random,65.65141782656293,27.48777470147862,,2023,0.2221283589800199
bg_random,61.94639066777756,24.386614231255024,,2023,0.05133115500211716
bg_random,61.577607141604304,29.67362679533992,,2023,0.24136653045813242
bg_random,68.41914414972025,25.32040243908276,,2023,0.1378185317541162
bg_random,66.71965522806974,27.962302318348254,,2023,0.031275024016698204
bg_random,62.00029438835925,25.455241458924064,,2023,0.13201651846369108
bg_random,67.14341585671261,26.979144287493533,,2023,0.3924491008122762
bg_random,63.84958366517897,27.39125812762008,,2023,0.2238986094792684
bg_random,61.64465624450427,27.57056787388113,,2023,0.26017247264583904
bg_random,62.16403855822994,23.889615993343856,,2023,0.6731212536493937
bg_random,60.59865332734,26.78570967531095,,2023,0.059469262060398854
bg_random,65.47863619816492,29.369631231895504,,2023,0.9469889203707377
bg_random,66.06757216190039,26.612779639593867,,2023,0.12841825373470783
bg_random,65.44149097981104,29.23372130116169,,2023,0.8071012298266093
bg_random,63.35475979304171,25.371150895046696,,2023,0.13211329095065594
bg_random,68.6425715428512,23.41210914585402,,2023,0.022556569737692673
bg_random,66.32114518701387,26.534974764546444,,2023,0.3391660650571187
bg_random,68.26992480470662,25.164029127693947,,2023,0.16873908042907715
bg_random,67.76852365682355,23.697863078322776,,2023,0.5601838032404581
bg_random,61.15633719485197,28.74091466182236,,2023,0.08202828528980415
bg_random,65.2803854968256,27.03377495173021,,2023,0.23533600817124048
bg_random,67.2527600345587,29.252864433432496,,2023,0.5946845213572184
bg_random,62.06039975153086,26.61663063781213,,2023,0.34712642927964527
bg_random,64.72949553699986,29.14656244669912,,2023,0.3862287799517314
bg_random,68.14912045116047,24.30800321854013,,2023,0.20968013629317284
bg_random,65.36071347839926,28.508460070174493,,2023,0.4498440424601237
bg_random,65.14821136888183,26.42355970259948,,2023,0.13473906616369882
bg_random,61.478392584642165,24.797662024855097,,2023,0.1818221608797709
bg_random,63.68148799820185,26.763079565176863,,2023,0.20426399012406668
bg_random,67.87200346008834,28.34428148210166,,2023,0.18988577276468277
bg_random,66.61042628970023,25.281866270707184,,2023,0.4477176566918691
bg_random,69.82942039877548,26.53121854950023,,2023,0.07406606401006381
bg_random,63.06998432889255,23.37547004170766,,2023,0.4330250422159831
bg_random,63.75681866605972,24.379574354198297,,2023,0.42468520998954773
bg_random,66.33209596466628,25.604947975148946,,2023,0.27161966760953266
bg_random,62.90549443510927,23.97857084586712,,2023,0.335327888528506
bg_random,62.02218357886126,23.6391445932314,,2023,0.2560851226250331
bg_random,63.01560640518636,22.472234980544314,,2023,0.11726417485624552
bg_random,61.7412971243674,24.37068131873759,,2023,0.10508516430854797
bg_random,62.88822412343088,22.592795628264675,,2023,0.05319636780768633
bg_random,66.02665288805231,26.048740786526665,,2023,0.10796800628304482
bg_random,64.09604869879828,27.962932266232585,,2023,0.22761210054159164
bg_random,64.67606157924978,29.837371057027752,,2023,0.28540220608313877
bg_random,62.46893476043059,25.747288308091605,,2023,0.1990722119808197
bg_random,67.34990645502826,24.91231885957586,,2023,0.2078855757912
bg_random,62.45604705994978,27.9783050732938,,2023,0.1049463643381993
bg_random,62.13106298763034,25.16473116934409,,2023,0.33616742740074795
bg_random,64.54062707673509,26.32533069003872,,2023,0.3899031380812327
bg_random,65.70171663709098,26.952783392622088,,2023,0.3266104782621066
bg_random,68.65539005539213,22.41674427434106,,2023,0.06513115639487903
bg_random,64.23500693042729,23.83023148354704,,2023,0.9285948872566223
bg_random,67.25120020339533,26.0887778622176,,2023,0.023824140584717195
bg_random,60.29930585442915,24.482775247804614,,2023,0.07033676902453105
bg_random,60.59199171341247,23.66470360429217,,2023,0.2002968043088913
bg_random,62.39754873791824,21.89918847583605,,2023,0.13214274247487387
bg_random,62.870368383816086,22.718018068301205,,2023,0.0580742748764654
bg_random,66.11802816473114,28.170746473924297,,2023,0.5734150211016337
bg_random,61.06471579410215,23.52159919860481,,2023,0.17795083858072758
bg_random,65.85872630450163,26.47393646311822,,2023,0.0923962105686466
bg_random,66.34700100378083,28.28113642943218,,2023,0.5140321751435598
bg_random,67.5081355321985,29.227957818915915,,2023,0.2630271762609482
bg_random,61.65641999931609,24.49637938401447,,2023,0.10306656360626221
bg_random,61.697270571537125,23.512593680948317,,2023,0.25690972805023193
bg_random,67.86455473500345,28.5687845231152,,2023,0.6244832376639048
bg_random,67.66184436689119,23.610857522589637,,2023,0.5571610033512115
bg_random,62.05497312990661,22.009587568467687,,2023,0.4471920033295949
bg_random,67.28003451448643,27.227005429663947,,2023,0.6862738728523254
bg_random,62.54879822165224,28.299625721696028,,2023,0.12550051417201757
bg_random,62.701007874248965,27.87944324214782,,2023,0.5079383552074432
bg_random,66.79478508567388,27.032931784001168,,2023,0.20720462749401727
bg_random,61.51410049839459,27.56787334271711,,2023,0.2176461679240068
bg_random,66.42855260708012,25.994399663654576,,2023,0.294654776652654
bg_random,64.03715027974688,23.412023836431352,,2023,0.494242658217748
bg_random,68.51378472446638,28.302944991424017,,2023,0.5379375219345093
bg_random,69.22181151282564,27.041423639436854,,2023,0.4221394161383311
bg_random,68.03385219991921,24.44724725459275,,2023,0.28447214514017105
bg_random,67.2132396747028,28.46294512426605,,2023,0.6477284828821818
bg_random,62.1754213156504,29.78501685692316,,2023,0.057417550124228
bg_random,61.387842777418456,22.94719296976645,,2023,0.07305545484026273
bg_random,60.3351155723668,20.047205705641197,,2023,0.14866823454697928
bg_random,66.81345552442305,26.79297266397443,,2023,0.46997728447119397
bg_random,63.4576800232778,29.491228851813343,,2023,0.16412934040029845
bg_random,66.23127173538062,25.86421215044865,,2023,0.3777950604756673
bg_random,62.097639632470695,24.506989002283905,,2023,0.04966087887684504
bg_random,60.17346271082056,23.31327836980204,,2023,0.09691264821837346
bg_random,62.29447249577974,25.492625328406223,,2023,0.3303181876738866
bg_random,62.46622625564488,27.007290332299284,,2023,0.23836483185489973
bg_random,62.73639215429864,25.370562489112373,,2023,0.3512333730856578
bg_random,62.58174697376985,28.053758571915303,,2023,0.23204545925060907
bg_random,67.94940333680842,28.0874997038168,,2023,0.46550915638605755
bg_random,69.54353997162963,29.013394776197067,,2023,0.685663123925527
bg_random,60.95746276690837,22.22719670109461,,2023,0.13055167347192764
bg_random,66.08484486710314,27.048634125353928,,2023,0.471530149380366
bg_random,67.06075339937233,24.871713981742914,,2023,0.6484779715538025
bg_random,66.8764806618509,24.890302148659085,,2023,0.3205482065677643
bg_random,63.7213676355513,25.415866100059997,,2023,0.48769478003184
bg_random,62.660104800324206,27.53098994623864,,2023,0.047934725570182
bg_random,61.707141497913824,25.98346794833829,,2023,0.2541463226079941
bg_random,67.81891285929036,23.753094791555647,,2023,0.3737529516220093
bg_random,60.7135402004086,28.0650428691191,,2023,0.15452773869037628
bg_random,69.2976995840113,26.49407409517025,,2023,0.4718695084253947
bg_random,64.75883383340513,25.337184479153425,,2023,0.27299048627416295
bg_random,64.56571766276514,27.205171842109028,,2023,0.3038888971010844
bg_random,61.63134246049007,29.46807188188022,,2023,0.3040749207139015
bg_random,63.78747830849964,23.146051892992844,,2023,0.4154284596443176
bg_random,65.37734859812629,28.13318530911061,,2023,0.2653874345123768
bg_random,60.96611184013671,27.088801165262453,,2023,0.4124469757080078
bg_random,67.64449140579622,27.769570060019067,,2023,0.09052957221865654
bg_random,66.22047576477036,27.31097308645487,,2023,0.36431289712587994
bg_random,62.12661677945045,27.586664572343107,,2023,0.10317978759606679
bg_random,67.30336238092305,24.80298242534683,,2023,0.07130996595757703
bg_random,61.53918236723383,27.613774534166435,,2023,0.2311599850654602
bg_random,62.17872016191614,25.755932305019083,,2023,0.27320555100838345
bg_random,64.00143585313484,26.930811202482094,,2023,0.23373857513070107
bg_random,61.86214540333874,26.954536631757577,,2023,0.10678875943024953
bg_random,62.87035902987914,28.621446948242763,,2023,0.05638393014669418
bg_random,62.17648132161166,27.64539615795669,,2023,0.03298985740790764
bg_random,68.01777359136102,28.24279470286681,,2023,0.578570693731308
bg_random,63.94417299356795,29.539924785161563,,2023,0.21417297857503095
bg_random,63.579010522131895,26.068755753775047,,2023,0.16618947436412176
bg_random,64.00344702752793,26.63996197485116,,2023,0.06230187742039561
bg_random,68.66211403233929,24.082758089131985,,2023,0.1539639321466287
bg_random,61.30578015567027,21.889291122473637,,2023,0.024600202683359385
bg_random,64.35426303767056,28.774551432006238,,2023,0.2145159716407458
bg_random,62.35129296493948,24.500495975572704,,2023,0.5303550859292349
bg_random,65.84433264535822,24.668234018430308,,2023,0.19199938389162222
bg_random,67.24302628282702,24.380494854641604,,2023,0.5836209853490194
bg_random,66.15718175653211,24.00300724119229,,2023,0.21766463915506998
bg_random,65.80095121992638,27.655015468170184,,2023,0.10901693130532901
bg_random,61.388002555439016,21.855726913069915,,2023,0.1623208373785019
bg_random,66.05184265050514,25.202317918779837,,2023,0.2573665926853816
bg_random,62.50086783213061,26.342013877799403,,2023,0.017909850925207138
bg_random,68.26728180834593,24.903930423566607,,2023,0.14956154519071183
bg_random,63.74257037159545,27.813117250938863,,2023,0.17803513631224632
bg_random,64.45892823644351,29.778579624819848,,2023,0.30293141553799313
bg_random,66.58939381995134,24.67462555731068,,2023,0.19890793909629187
bg_random,62.7255811721543,28.841700111998087,,2023,0.2897976463039716
bg_random,68.08184444140412,27.32090693472192,,2023,0.12421848407636087
bg_random,64.92205724328633,27.54722037627299,,2023,0.3508329739173253
bg_random,68.27261806485896,23.67936169075366,,2023,0.5981749097506205
bg_random,68.4575909981277,27.197375105919043,,2023,0.7417882482210795
bg_random,63.9304319104332,26.740096782270893,,2023,0.1357189267873764
bg_random,62.76474054236582,27.70741706923011,,2023,0.043321380857378244
bg_random,60.82840172580051,27.51477674247384,,2023,0.09577789964775245
bg_random,62.10818378172507,22.129236045783216,,2023,0.014259945756445328
bg_random,61.42349743757258,22.14340879450845,,2023,0.14883781348665556
bg_random,61.551804057104086,23.882408640120087,,2023,0.07238539556662242
bg_random,66.8307099235592,26.102591409960997,,2023,0.18530066311359406
bg_random,60.78727219412148,22.777685486670983,,2023,0.08843126861999433
bg_random,65.01442261369749,28.32047344169336,,2023,0.5547123452027639
bg_random,64.33919557228508,25.643418281674737,,2023,0.24289711813131967
bg_random,65.02473159549274,27.404985439182955,,2023,0.2935870935519536
bg_random,63.7319178164539,25.37022669031484,,2023,0.20124723762273788
bg_random,63.07939178603228,30.887660008100298,,2023,0.23310800145069757
bg_random,60.99045094144908,22.46961210244251,,2023,0.1450155240794023
bg_random,62.36820619410901,25.550780128664123,,2023,0.20015666509668031
bg_random,61.90575178472524,22.893054388196024,,2023,0.07481681881472468
bg_random,67.41340024224803,27.52169273412749,,2023,0.29500680168469745
bg_random,60.94296271763336,23.81332339467947,,2023,0.17713062589367232
bg_random,61.70403420003094,29.69062467203841,,2023,0.18699324379364649
bg_random,62.59871748679869,27.13477051612932,,2023,0.17014858623345694
bg_random,68.71672471929283,25.538260432367743,,2023,0.4323006470998128
bg_random,66.48728103240646,27.7157534432542,,2023,0.2974299391110738
bg_random,62.73024137216559,30.500053589528733,,2023,0.23077481612563133
bg_random,62.52419592313643,21.2722992554668,,2023,0.12151898847271998
bg_random,65.98320912941794,24.667548532190608,,2023,0.22046413520971933
bg_random,64.0972652677097,29.310834737843184,,2023,0.2644302360713482
bg_random,63.5772134203694,28.499725037194285,,2023,0.0720946379782011
bg_random,63.72769861392657,24.019811378432145,,2023,0.24108120054006577
bg_random,68.45190073263291,25.366781980662317,,2023,0.4858814477920532
bg_random,61.537357026333744,27.497579314546964,,2023,0.13280305763085684
bg_random,63.08962532059311,25.72287676675441,,2023,0.4877893030643463
bg_random,61.806310054657565,23.531823944953363,,2023,0.3147989809513092
bg_random,60.60776397681912,21.88933215686487,,2023,0.1659593234459559
bg_random,66.92666597994076,26.06504081626304,,2023,0.7984562714894613
bg_random,64.84333536396842,29.51675749568591,,2023,0.07530008675530553
bg_random,60.08739660055923,23.420792458524645,,2023,0.06366298347711563
bg_random,62.99581839733127,24.68189325353151,,2023,0.49635518590609234
bg_random,65.88222832442214,28.812474511058003,,2023,0.27760590116182965
bg_random,62.14647196059089,22.54745781711522,,2023,0.07214001969744761
bg_random,67.81543967625214,25.948734246347648,,2023,0.014495049913724264
bg_random,65.3814455028673,25.896588103582303,,2023,0.45792000492413837
bg_random,67.84748413238731,29.568497457607265,,2023,0.1660915488998095
bg_random,64.76118318341621,26.18631643302232,,2023,0.42995165288448334
bg_random,67.6830075640915,27.899590737327653,,2023,0.12813918851315975
bg_random,66.893886096368,24.94728537573237,,2023,0.3219787577788035
bg_random,64.83450658492936,24.89466551269245,,2023,0.1936243555198113
bg_random,66.82806251980404,26.91090899190681,,2023,0.3407808740933736
bg_random,67.39569134265592,29.637748080267823,,2023,0.03506221203133464
bg_random,62.7080009777223,30.80209252859781,,2023,0.20576824806630611
bg_random,62.03322184888789,21.734553323579565,,2023,0.2691670060157776
bg_random,66.87774775201879,25.40373775122324,,2023,0.5603044231732687
bg_random,62.29139183592476,27.808244610251126,,2023,0.10734357467542092
bg_random,65.84349478953635,28.212204247065667,,2023,0.17945548705756664
bg_random,67.41132647064845,23.976471467910528,,2023,0.11793115610877673
bg_random,63.05067974682425,31.250794217854523,,2023,0.1891276314854622
bg_random,61.051469283845016,27.858266277310147,,2023,0.08247315635283788
bg_random,63.87602724769401,29.07433739779866,,2023,0.19294322778781256
bg_random,62.02995870004298,24.228297610054927,,2023,0.5796627004941305
bg_random,62.63839969735049,24.549709709920776,,2023,0.09243429576357205
bg_random,67.97090917394405,28.54003260505857,,2023,0.24009299402435622
bg_random,67.43818548702374,26.76625713828249,,2023,0.5505351026852926
bg_random,61.92788481819756,28.16588824260844,,2023,0.10644846657911937
bg_random,67.08809936954796,26.24555265314644,,2023,0.27567346518238384
bg_random,63.7193509316881,25.38941507637225,,2023,0.34774161378542584
bg_random,61.67834008791167,21.89371189463191,,2023,0.3651246130466461
bg_random,67.16987437123441,26.82576542332516,,2023,0.20709547152121863
bg_random,63.8773608140644,29.78972329409361,,2023,0.2739296381672223
bg_random,66.04785062594141,25.38666588375676,,2023,0.175731360912323
bg_random,64.29129793952073,29.41140221251701,,2023,0.9536634484926859
bg_random,64.30186666313301,29.43250915400714,,2023,0.47399279475212097
bg_random,64.73764091884024,24.615791581988763,,2023,0.25026671091715497
bg_random,60.25142603878797,22.303893322997297,,2023,0.2109381208817164
bg_random,65.51056162196875,28.90879420615795,,2023,0.1570406456788381
bg_random,60.47319196163364,23.06281058957588,,2023,0.027638180336604517
bg_random,62.584490595295925,23.05809614140316,,2023,0.19025174031654993
bg_random,60.65807751430231,22.874063295099266,,2023,0.2685503512620926
bg_random,63.82272598711197,29.20114354411673,,2023,0.8060506582260132
bg_random,66.01186804514724,24.516357505769065,,2023,0.14682913230111203
bg_random,60.54112515236594,21.785603739584342,,2023,0.3854169348875682
bg_random,68.0815911317558,24.3597084981075,,2023,0.32961301505565643
bg_random,63.33856104852766,22.63723352260913,,2023,0.074231400154531
bg_random,60.29775534246789,23.639713472925703,,2023,0.11910733704765637
bg_random,66.74899402565468,28.703449875610524,,2023,0.14863690982262293
bg_random,65.66913836785649,26.338570166437403,,2023,0.07820247610410054
bg_random,67.79473894866649,25.616520550193314,,2023,0.2965723971525828
bg_random,67.94439682668633,25.753112124083035,,2023,0.28426045676072437
bg_random,67.34583580807923,27.92822575964681,,2023,0.16937344272931418
bg_random,68.46659830165001,26.042777530137386,,2023,0.013973528208831945
bg_random,62.55279186820949,28.377594033675503,,2023,0.2771644691626231
bg_random,60.5583438185305,24.141803817841424,,2023,0.2733646556735039
bg_random,66.56757927466045,25.514926702908276,,2023,0.2268871453901132
bg_random,64.57017235497798,24.39655261261304,,2023,0.38037487864494324
bg_random,61.7060058967394,25.268429749022424,,2023,0.3852385977904002
bg_random,62.977812727573856,27.43574061842255,,2023,0.19599591940641403
bg_random,68.88573109276528,27.395805931671514,,2023,0.2880345284938812
bg_random,62.9296642300809,21.86250855589578,,2023,0.0896638755997022
bg_random,63.94944366866648,28.4604896674536,,2023,0.3070034012198448
bg_random,62.34674701819552,24.00152180816523,,2023,0.5619639654954275
bg_random,63.310888163301385,30.52950820358664,,2023,0.18335332038501898
bg_random,63.69686261249041,24.057710223982472,,2023,0.14507629722356796
bg_random,66.87958709026744,25.9083478957855,,2023,0.2003996322552363
bg_random,68.63649761421844,27.79561403742934,,2023,0.9336559573809305
bg_random,65.3341689353495,25.55217124003028,,2023,0.23714758455753326
bg_random,60.25676344667936,20.836637119687865,,2023,0.39445873101552326
bg_random,60.96897372974039,28.43654131823416,,2023,0.13491814583539963
bg_random,66.82172389227874,28.496787514160616,,2023,0.14326121223469576
bg_random,66.35362117790935,28.31365335091924,,2023,0.3554731011390686
bg_random,66.28652711161791,29.0590930136175,,2023,0.3464369972546895
bg_random,65.42305654357295,29.476718390424363,,2023,0.1980405685802301
bg_random,67.72036433823111,27.0126687563169,,2023,0.14322316025694212
bg_random,62.516243719760574,22.226711681054333,,2023,0.2953309739629428
bg_random,62.64884675747976,21.79304615477748,,2023,0.3198884030183156
bg_random,64.7932925191851,24.637489560368824,,2023,0.841413160165151
bg_random,60.83528510023315,27.941351549443382,,2023,0.27988352874914807
bg_random,60.56979925589332,22.25651382490729,,2023,0.33486883838971454
bg_random,60.136557866185775,22.722747750559392,,2023,0.17495542764663696
bg_random,65.47799916472985,27.32838015126201,,2023,0.2662254124879837
bg_random,69.09396716364216,26.9889512326515,,2023,0.7107495069503784
bg_random,68.02292371765992,26.033188343775645,,2023,0.017573518212884665
bg_random,62.35231163365455,22.673886374099983,,2023,0.2916528806090355
bg_random,69.52993805544021,28.577001731347924,,2023,0.48777757088343304
bg_random,64.72022774657972,26.7228073900015,,2023,0.0814570482665052
bg_random,65.5103132288308,28.77555647584826,,2023,0.08749201893806458
bg_random,60.29395164825776,22.091341228870576,,2023,0.7068313161532084
bg_random,63.45535324837847,22.266425525610583,,2023,0.058615479773531355
bg_random,60.86376144282416,24.126323658760803,,2023,0.13730235894521078
bg_random,64.02045530090658,24.822266583287234,,2023,0.4388001660505931
bg_random,61.48068931802696,28.26478819806456,,2023,0.07989480765536427
bg_random,65.54731571277304,27.825312166585825,,2023,0.41382888952891034
bg_random,64.39621336294026,30.021965703841836,,2023,0.21128133249779543
bg_random,67.45480462024685,28.35172977354365,,2023,0.722876230875651
bg_random,68.29050988991375,26.55639342465833,,2023,0.5699817736943563
bg_random,63.12064350664512,24.19524497179461,,2023,0.2589857925971349
bg_random,67.42844065527524,24.49768060591025,,2023,0.7737830877304077
bg_random,62.351981750682086,22.12529272658117,,2023,0.5970106323560079
bg_random,61.999115138259,25.798701562005597,,2023,0.5726647675037384
bg_random,60.80231016437104,28.18677831503329,,2023,0.43374451001485187
bg_random,66.96684351882126,24.14799525543724,,2023,0.3871971120436986
bg_random,68.28678756347102,26.948651926652783,,2023,0.6488281687100729
bg_random,64.91271585923131,26.702897940773507,,2023,0.43268148601055145
bg_random,63.16813068075494,28.83319013237777,,2023,0.4950353304545085
bg_random,61.01928399319911,24.372610528022825,,2023,0.6670048634211222
bg_random,62.26509904593977,23.93532247364616,,2023,0.40081246693929035
bg_random,61.560032370437526,22.28979194081728,,2023,0.4779538611570994
bg_random,67.06989125059594,25.0122910203425,,2023,0.22756762554248175
bg_random,62.1339991598303,23.34325003294596,,2023,0.2791476137936115
bg_random,63.37816383331924,30.23247079862995,,2023,0.2388544132312139
bg_random,66.58752428290074,26.150362309310804,,2023,0.19700238853693008
bg_random,63.74258666695986,24.976634449534696,,2023,0.39367448290189105
bg_random,61.5789713416452,29.24685090204075,,2023,0.10667479426289599
bg_random,62.78839176073619,28.82805395714133,,2023,0.5646398067474365
bg_random,65.6587754678456,27.0899283703858,,2023,0.23817491283019385
bg_random,69.39970543269375,26.358841439704022,,2023,0.232047105828921
bg_random,63.99468293431364,28.044158049880718,,2023,0.5095992684364319
bg_random,65.54302942840243,28.408143137803417,,2023,0.4462279677391052
bg_random,64.18375680826688,26.527972212759494,,2023,0.07944333180785179
bg_random,64.89989357713502,29.278538183062803,,2023,0.6247406601905823
bg_random,62.3879616347034,30.20017252173007,,2023,0.21490476156274477
bg_random,62.75416927084391,30.53769990114456,,2023,0.13755213717619577
bg_random,63.464480975281965,23.59134315373886,,2023,0.0931246269804736
bg_random,62.433467936870144,29.63317980266952,,2023,0.12495232870181401
bg_random,63.78156431073958,29.271000167459917,,2023,0.21715633446971574
bg_random,67.99040311196697,26.043344968924483,,2023,0.01549576890344421
bg_random,61.85333209028057,26.08017927484988,,2023,0.09807635347048442
bg_random,68.48414611117441,22.315192342885588,,2023,0.0751866049443682
bg_random,61.70173240430111,26.26016963214761,,2023,0.03234017019470533
bg_random,63.83870482218671,28.43295121788165,,2023,0.19294758203128973
bg_random,60.56953455680452,23.71580667878575,,2023,0.19836343762775263
bg_random,65.12248756738957,28.480274307089616,,2023,0.5039497415224711
bg_random,63.8418888393103,26.76986389195655,,2023,0.5735381344954172
bg_random,64.3367075643881,27.984908262276942,,2023,0.35460205376148224
bg_random,68.82964955483305,28.739597679010835,,2023,0.11441859696060419
bg_random,63.43717818606435,22.252079450561705,,2023,0.15246579175194105
bg_random,62.96619264646412,29.971806714572228,,2023,0.22966308146715164
bg_random,61.53950620363684,26.27637056277243,,2023,0.06274349118272464
bg_random,62.48873000172462,22.918724927330857,,2023,0.15026058753331503
bg_random,63.32354723564732,26.94298392946291,,2023,0.21131992215911546
bg_random,67.31794672043762,24.10921723529617,,2023,0.8748935461044312
bg_random,69.00173199981711,26.06516071819493,,2023,0.474271297454834
bg_random,68.8193447397423,27.79144269263413,,2023,0.40649627645810443
bg_random,60.82125255466926,24.797672497953386,,2023,0.11548546453317006
bg_random,62.1255589011719,27.77284211779362,,2023,0.0711537937944134
bg_random,67.8632055372513,23.669213945719,,2023,0.2467321107784907
bg_random,67.8899804948629,24.421478553186837,,2023,0.25723129510879517
bg_random,65.85748490186728,28.922250666317325,,2023,0.17450225601593652
bg_random,63.34365940543784,27.672053909341244,,2023,0.06360292760655284
bg_random,64.1932149389084,29.52810938922644,,2023,0.26645995676517487
bg_random,66.31269084492072,27.962418292738217,,2023,0.34756652514139813
bg_random,66.6930512118632,28.71191626501849,,2023,0.1815787727634112
bg_random,67.8546471629357,25.5722637913088,,2023,0.16663657935957113
bg_random,67.43451340335362,24.25288042040096,,2023,0.31618282695611316
bg_random,63.07256155361405,27.276923035639697,,2023,0.23137458910544714
bg_random,61.396613735894405,23.714106981577867,,2023,0.2127024121582508
bg_random,62.8590179456432,25.354337936359016,,2023,0.5437755584716797
bg_random,61.02511836109076,26.251993449278476,,2023,0.10751058906316757
bg_random,63.10052037328538,24.88157750800688,,2023,0.2230254883567492
bg_random,68.03460724066983,25.72486437005274,,2023,0.3241335724790891
bg_random,62.02281127976482,25.68769915335027,,2023,0.1279902836928765
bg_random,65.68002773166218,26.40305461752128,,2023,0.2269215782483419
bg_random,62.36878802799979,27.76053951933161,,2023,0.14444000786170363
bg_random,67.25129299524181,29.234548804172643,,2023,0.6649295488993326
bg_random,62.92934925998212,31.398560210313256,,2023,0.05574335716664791
bg_random,68.99360114684004,26.58785766058135,,2023,0.5746642351150513
bg_random,63.15962916102757,22.441149717908345,,2023,0.06014667979131142
bg_random,60.8160051901231,27.92490127464379,,2023,0.32744268079598743
bg_random,66.17878976996369,29.73804049523879,,2023,0.2644781321287155
bg_random,67.51715343661596,29.240433819845933,,2023,0.025818278702596825
bg_random,67.90167058598313,24.36182935013671,,2023,0.29958543678124744
bg_random,66.45654855000248,28.090732068838065,,2023,0.3861226240793864
bg_random,62.34840726283641,21.5054753944159,,2023,0.1010567167152961
bg_random,63.23892068279442,28.300910657937557,,2023,0.1925597240527471
bg_random,62.02985158902947,28.924904387167206,,2023,0.04226315642396609
bg_random,61.00659243965761,27.720643808650024,,2023,0.20079348484675089
bg_random,60.754967144016135,21.63403253736108,,2023,0.2953800658384959
bg_random,60.99366788480695,22.23360669337709,,2023,0.6635213692982992
bg_random,68.98262480839064,26.61924344197112,,2023,0.6175921559333801
bg_random,62.83341574286154,22.99173018304857,,2023,0.13569333093861738
bg_random,62.23618435492144,21.425024762219028,,2023,0.12731952778995037
bg_random,68.6353320898141,27.912465512811863,,2023,0.06071295433988174
bg_random,62.79555532582108,23.404885666210795,,2023,0.248330848912398
bg_random,66.57330616216476,27.564590435556543,,2023,0.6598978837331136
bg_random,64.7962193913039,27.730214882591024,,2023,0.20128367220362028
bg_random,62.27040476349602,29.183512371171062,,2023,0.11327364978690942
bg_random,63.4039708276759,28.05306021379895,,2023,0.31677426894505817
bg_random,60.74407410108443,23.97199517265569,,2023,0.19142704457044601
bg_random,61.21512057780643,22.103995506283848,,2023,0.04851475373531381
bg_random,64.00426531295052,30.1000192349646,,2023,0.46603238582611084
bg_random,66.62943615971167,26.630768906578297,,2023,0.28592391560475033
bg_random,61.045568242144775,24.83280092461453,,2023,0.07269672645876805
bg_random,67.83054145988832,26.30448182297874,,2023,0.20457942287127176
bg_random,68.06113758864296,25.484275998141744,,2023,0.2522551193833351
bg_random,62.50952938327806,30.425916839511878,,2023,0.21653863042593002
bg_random,63.05471148170377,26.913129001501712,,2023,0.1437074557567636
bg_random,64.73775092208761,25.801249980551816,,2023,0.24228180448214212
bg_random,67.2404128610969,24.55137948758248,,2023,0.3582740028699239
bg_random,61.55256558102821,22.08248390115324,,2023,0.08750313520431519
bg_random,66.16420204045541,26.23377243317442,,2023,0.20318702111641565
bg_random,61.71193893696745,23.95255558924052,,2023,0.5648095409075419
bg_random,62.77145680969983,26.84124773830759,,2023,0.26310348386565846
bg_random,66.80835418535798,24.067297699875837,,2023,0.07458620704710484
bg_random,62.11598738869312,23.293232743116903,,2023,0.38884492715199787
bg_random,63.511574091920544,24.412386653685004,,2023,0.18590397636095682
bg_random,62.69402631563756,30.871350876547844,,2023,0.23671175663669905
bg_random,65.06463740165928,26.34917774480576,,2023,0.20020018766323724
bg_random,60.76659447211629,27.624797287956085,,2023,0.19723849991957346
bg_random,66.79478711590914,24.88057004991365,,2023,0.22157597293456396
bg_random,62.50255170618279,23.97499635833896,,2023,0.3800677036245664
bg_random,62.34568899224604,27.227874931844653,,2023,0.13466111896559596
bg_random,60.620781407647385,23.68338136560279,,2023,0.7156475385030111
bg_random,66.1330520192242,24.3661968323776,,2023,0.19180338270962238
bg_random,61.28018894693606,22.906705909057,,2023,0.16931932171185812
bg_random,62.390407267815576,24.941178898106088,,2023,0.25485703100760776
bg_random,62.340357197859866,30.32373283340927,,2023,0.20906008159120879
bg_random,64.01421237486993,30.145346715749923,,2023,0.22518192480007806
bg_random,61.999974844062585,22.695567879491907,,2023,0.38211622337500256
bg_random,64.2932862399822,25.254500772950745,,2023,0.23317060619592667
bg_random,62.05842560257203,21.338950538806195,,2023,0.40039144456386566
bg_random,64.98522838834333,28.404164222132085,,2023,0.12990976125001907
bg_random,66.26562639301575,29.59168254291891,,2023,0.30114200711250305
bg_random,66.14821034180868,29.18655865248024,,2023,0.22126075252890587
bg_random,63.75806401149396,23.42738701706672,,2023,0.37449338535467785
bg_random,60.50816345691804,24.12786155266022,,2023,0.20330145147939524
bg_random,66.72082170776154,28.17170621079592,,2023,0.6662616729736328
bg_random,66.24638612806456,24.719816863754247,,2023,0.14946992446978888
bg_random,63.92298944794115,27.379231784469663,,2023,0.2254216286043326
bg_random,62.64102853974546,30.71507832506783,,2023,0.19715253015359244
bg_random,66.2273667123002,29.10159703149768,,2023,0.16763044397036234
bg_random,60.98536659460455,26.9209028975187,,2023,0.1792384833097458
bg_random,64.47256293362513,26.65477261287179,,2023,0.7725347479184469
bg_random,68.367912285664,22.870039433958777,,2023,0.1177252580722173
bg_random,61.89304804947562,22.46608126914214,,2023,0.7025396227836609
bg_random,67.18918009924587,29.369774563237076,,2023,0.1272869606812795
bg_random,68.0107122765164,24.32832718502173,,2023,0.15263111796230078
bg_random,67.16178410943343,26.96324386904149,,2023,0.25689998269081116
bg_random,62.338294905498806,21.924128064141527,,2023,0.4107735554377238
bg_random,67.55644097546976,27.492167115828234,,2023,0.26190489778916043
bg_random,65.00737632521692,29.089062143518,,2023,0.1515855317314466
bg_random,63.21036461356741,24.74717717388093,,2023,0.22123960529764494
bg_random,61.717918151804696,25.680397057053806,,2023,0.258142684896787
bg_random,64.04550022975755,23.49492731060059,,2023,0.20737521722912788
bg_random,68.32238324597405,27.019989089202795,,2023,0.2961939871311188
bg_random,67.67016832299251,23.772874294982504,,2023,0.030054922836522262
bg_random,62.64706858840641,27.17650145120273,,2023,0.21377494682868323
bg_random,65.94353585702933,26.003987310704105,,2023,0.1624723027149836
bg_random,60.58147657895546,24.10791132047463,,2023,0.22657241423924765
bg_random,60.77635540863019,23.620259225803824,,2023,0.1339118704199791
bg_random,63.077787368265,27.141732504034568,,2023,0.22229359298944473
bg_random,67.73277669583354,28.093352342024584,,2023,0.47864405314127606
bg_random,62.76231972468118,25.678451133903724,,2023,0.8706911404927572
bg_random,64.11929031163818,25.685362935254044,,2023,0.28104320416847867
bg_random,66.71313664705943,28.12309787089466,,2023,0.20209111521641412
bg_random,62.240071968238425,25.56432457582257,,2023,0.3847955862681071
bg_random,62.41566286152422,24.42912308135904,,2023,0.026195363762478035
bg_random,66.34977642501565,27.681092552024435,,2023,0.1981907275815805
bg_random,61.79086989480109,26.891231658135325,,2023,0.33996983369191486
bg_random,65.83611183576136,28.581125712275583,,2023,0.4122264434893926
bg_random,63.83424074175278,27.252837220816225,,2023,0.3664065400759379
bg_random,67.78278844448118,27.03962424829828,,2023,0.1312642948081096
bg_random,68.42559885627988,25.16936980576684,,2023,0.12116053141653538
bg_random,68.7566894392511,27.15293346568258,,2023,0.4474402070045471
bg_random,60.97153811882842,26.15512082887896,,2023,0.026054513951142628
bg_random,67.44370814168542,28.23147036992422,,2023,0.14823651282737652
bg_random,64.06809336773759,28.3994639684773,,2023,0.3154336214065552
bg_random,62.83346946574447,22.199160140828152,,2023,0.3783341497182846
bg_random,62.85856452978233,27.28873813199623,,2023,0.1252608181287845
bg_random,68.9996669794302,26.758568275985805,,2023,0.5038266877333323
bg_random,65.1830165399466,26.891872873399823,,2023,0.44383881489435834
bg_random,67.67501004248902,25.83496377412262,,2023,0.7095182140668234
bg_random,65.04356654959695,26.154947739175736,,2023,0.1561161937812964
bg_random,63.553605925007176,28.51845155981916,,2023,0.20107302069664001
bg_random,61.03791265084284,23.609623272577927,,2023,0.20209237560629845
bg_random,62.85857608959039,28.571117424851597,,2023,0.1864301754782597
bg_random,62.690755376801015,26.025205749480023,,2023,0.56123219927152
bg_random,63.08078142100298,29.35846092833629,,2023,0.17595718428492546
bg_random,66.28067020093638,29.263314531640056,,2023,0.364507516225179
bg_random,65.83104244584891,24.38769389984509,,2023,0.19433382277687392
bg_random,62.74063028064795,31.314576837176368,,2023,0.1400316134095192
bg_random,61.88597788798057,22.45676348189258,,2023,0.26477445662021637
bg_random,67.31841902382739,24.24238587126571,,2023,0.10914952967626353
bg_random,61.21933792139372,21.566274336062573,,2023,0.48808321356773376
bg_random,63.38932003447956,25.92730520294495,,2023,0.20088319604595503
bg_random,61.59499907100364,26.99291518198428,,2023,0.23501224940021834
bg_random,61.40701953046249,22.65540228725457,,2023,0.35811980565388996
bg_random,65.34432317482863,28.07469830550867,,2023,0.34767266114552814
bg_random,64.43984605191042,24.5629060398383,,2023,0.24545090397198996
bg_random,64.19722399302444,28.6320229284,,2023,0.5225757658481598
bg_random,67.63237360834025,28.262034917333143,,2023,0.4068511674801509
bg_random,63.11157555738278,22.121757939339567,,2023,0.3580220863223076
bg_random,62.81570061760456,21.60269593645342,,2023,0.042322687494258084
bg_random,66.55558974190261,25.25681631674131,,2023,0.4017081061999003
bg_random,61.01541788474061,22.51051568489081,,2023,0.688379685084025
bg_random,66.08489765136838,29.48865212482372,,2023,0.1859150119125843
bg_random,63.348686250298165,30.92050951631854,,2023,0.0296173714256535
bg_random,67.36783571347264,28.41612666095253,,2023,0.5921213626861572
bg_random,67.72159021451455,23.70749657869468,,2023,0.9288825790087382
bg_random,61.46992429810086,29.201739820252477,,2023,0.07491077793141206
bg_random,67.75557754564377,29.76158420222501,,2023,0.18903175741434097
bg_random,61.81772178731348,23.47186749847092,,2023,0.7838337620099386
bg_random,65.18081546247338,28.07114417489863,,2023,0.12856524623930454
bg_random,63.32835144083031,24.9396263687511,,2023,0.4811422526836395
bg_random,60.89648536523357,25.00515986646217,,2023,0.187509057422479
bg_random,65.7168834321694,29.788489304671963,,2023,0.1599929022292296
bg_random,66.36255116104904,25.544237132746723,,2023,0.14478015154600143
bg_random,62.078388140097765,28.117746929957207,,2023,0.434031883875529
bg_random,61.63419614260757,22.20046677382837,,2023,0.34737257411082584
bg_random,64.52088657146778,24.37990308795493,,2023,0.20958532392978668
bg_random,64.50084524501118,25.76899920561528,,2023,0.49612059195836383
bg_random,63.16875173082134,22.542523839196694,,2023,0.3989313344160716
bg_random,63.6016588532039,28.223908926836906,,2023,0.36154889067014057
bg_random,63.65791877079459,27.942556682635946,,2023,0.10628012443582217
bg_random,67.88142085621189,25.898535706457533,,2023,0.2222408801317215
bg_random,61.83532285046457,23.283384657167723,,2023,0.21458902458349863
bg_random,62.13189098828804,26.28283739224084,,2023,0.32549773653348285
bg_random,65.38965963969781,27.19126904522814,,2023,0.7980988224347433
bg_random,67.28481381570971,25.75106167608596,,2023,0.14287711214274168
bg_random,67.43732160927078,29.219088797553205,,2023,0.31986258427302044
bg_random,60.89425880143464,28.08433193564144,,2023,0.26278602580229443
bg_random,62.3626490076648,26.64184040295255,,2023,0.3104202648003896
bg_random,65.38864006273461,26.45100029532936,,2023,0.03235451349367698
bg_random,68.19422745540619,26.95078897988696,,2023,0.07235690190767248
bg_random,62.002918514633855,26.605743862003123,,2023,0.20624313006798425
bg_random,63.694847064987066,27.769679168155825,,2023,0.033625410054810345
bg_random,62.06739343653218,27.44591349868856,,2023,0.1394954870144526
bg_random,67.27217382348213,27.933172570036188,,2023,0.040914831294988595
bg_random,61.763008950784,28.179349892832903,,2023,0.2630959190428257
bg_random,62.65655880374543,26.670767935343257,,2023,0.36066776514053345
bg_random,68.10229372197597,27.178951882602,,2023,0.2306351469208797
bg_random,66.14258527486336,28.131105975071858,,2023,0.3961733728647232
bg_random,65.32770898203302,29.216162138515635,,2023,0.05112674149374167
bg_random,68.73317630515427,26.055863917947544,,2023,0.5233840743700663
bg_random,62.886568135852,29.381883816955654,,2023,0.10996232802669208
bg_random,67.82811951015073,28.248660390736337,,2023,0.1819606857995192
bg_random,65.5595199388032,29.711979909517577,,2023,0.42476693789164227
bg_random,61.21816073883391,27.14402077439184,,2023,0.19638347129027048
bg_random,66.35906761226929,24.686686196221636,,2023,0.36916467547416687
bg_random,59.78852169566518,22.08913862535123,,2023,0.20445467283328375
bg_random,67.07946777494593,24.545177627158644,,2023,0.7728829979896545
bg_random,61.92714343749895,26.685041592930325,,2023,0.33311615387598675
bg_random,66.96595954113637,24.05237287355058,,2023,0.656127413113912
bg_random,63.20259087390202,28.78923465926165,,2023,0.40285153190294903
bg_random,65.15906973832939,27.906756093405413,,2023,0.34495364626248676
bg_random,67.15975325485765,24.79166534826512,,2023,0.3144473085800807
bg_random,62.76102128876084,25.267976231751287,,2023,0.25927232826749486
bg_random,61.23233299142812,25.10822809947856,,2023,0.15798349430163702
bg_random,68.15473658179397,26.757449549786344,,2023,0.2872941742340724
bg_random,63.79957358243507,29.717023571262224,,2023,0.3504043420155843
bg_random,60.14981397595198,22.331987929188703,,2023,0.06104698901375135
bg_random,61.34260216374844,26.91312527276253,,2023,0.5058399736881256
bg_random,65.12763858101926,25.339729260402827,,2023,0.5738840202490488
bg_random,62.80292858576978,27.425309668369778,,2023,0.16302540277441344
bg_random,67.99200263155818,27.84805319878846,,2023,0.16201119249065718
bg_random,63.61437145094949,29.776489463731103,,2023,0.37557457387447357
bg_random,62.28675937787022,26.619922235254077,,2023,0.2789603571097056
bg_random,60.84278838719717,27.25713469142281,,2023,0.27252817650636035
bg_random,61.01267072727374,21.33146131616473,,2023,0.44694507122039795
bg_random,61.799515579389485,21.83918926255178,,2023,0.23750746684769788
bg_random,67.27976614291445,27.525470425257204,,2023,0.20199425145983696
bg_random,66.2401017491864,26.859250863837257,,2023,0.3341025809446971
bg_random,63.45419267728398,25.591443584762267,,2023,0.15952789162596068
bg_random,60.87916505572069,25.52239908935165,,2023,0.11756807627777259
bg_random,66.0838644192603,28.39486531785965,,2023,0.4203461209932963
bg_random,66.62016843905654,25.630316211753303,,2023,0.20430540417631468
bg_random,66.5215019122115,24.52720202136184,,2023,0.6749778985977173
bg_random,62.83067141159749,21.62513398062486,,2023,0.10644770041108131
bg_random,67.35960179999964,28.79565473090431,,2023,0.6438384056091309
bg_random,68.22463092095762,23.17235466362841,,2023,0.6090238988399506
bg_random,63.34185685249854,27.59274301361731,,2023,0.03952531019846598
bg_random,62.649046895686325,24.66843859315085,,2023,0.31026142835617065
bg_random,68.65551388824622,27.563481670369995,,2023,0.7232661843299866
bg_random,65.79581974970822,27.574443360564885,,2023,0.08843813588221867
bg_random,61.258740125702566,23.495968188004937,,2023,0.036946510702061154
bg_random,64.17225536095604,26.56964077463324,,2023,0.22086648580928644
bg_random,64.2942466118152,24.96209194265517,,2023,0.34470201532046
bg_random,66.74369075576753,25.120374823522567,,2023,0.24898157020409903
bg_random,60.52488954564146,21.49315590304793,,2023,0.7359267473220825
bg_random,62.03485138605302,28.79918307214193,,2023,0.05866103867689768
bg_random,63.25932537925475,24.994924539717037,,2023,0.4776291847229004
bg_random,64.28947253042529,29.673522758128083,,2023,0.38856297731399536
bg_random,62.95700248868116,27.84485336910091,,2023,0.37812026341756183
bg_random,62.68544174063777,30.537929280239545,,2023,0.3437175005674362
bg_random,63.676777840681474,28.335821888159288,,2023,0.2667159090439479
bg_random,67.88248080233078,27.850921383593107,,2023,0.4305270512898763
bg_random,61.52617689801328,22.141220077238973,,2023,0.3176283972958724
bg_random,67.82176477898793,26.59758740608346,,2023,0.07391433867936333
bg_random,60.005787594218376,22.830746349717288,,2023,0.7080232302347819
bg_random,63.0580782937522,27.661032269634465,,2023,0.05190337775275111
bg_random,65.81961022113649,29.256325541063887,,2023,0.29848946382602054
bg_random,61.59159958604644,27.428209911520494,,2023,0.2024724210302035
bg_random,63.78772264121462,28.93728653720559,,2023,0.14437434573968252
bg_random,62.08465820631837,24.76457206031509,,2023,0.13289833813905716
bg_random,60.43451666298453,25.797584990017373,,2023,0.32510820031166077
bg_random,61.85989601872089,25.74728503813144,,2023,0.18776724735895792
bg_random,66.54708676110742,26.05734697951109,,2023,0.2923364043235779
bg_random,65.4038480838802,28.6670379106674,,2023,0.5171679059664408
bg_random,68.04661118353236,28.97934960180767,,2023,0.7291054526964823
bg_random,61.602396989158684,26.27188833451937,,2023,0.12832874556382498
bg_random,63.06451122855772,29.377731643935046,,2023,0.19521119383474192
bg_random,62.4196432187409,22.267587684276982,,2023,0.6663359006245931
bg_random,66.89043158996432,28.688442787183416,,2023,0.23731248329083124
bg_random,61.29237195419998,28.983791489222707,,2023,0.04566200550956031
bg_random,62.65465552338088,25.485595022572248,,2023,0.6382605036099752
bg_random,61.15259351954786,23.026847902667463,,2023,0.10940368225177129
bg_random,65.68201520163208,25.172282434854523,,2023,0.3174126942952474
bg_random,61.736135422108894,29.301016416689023,,2023,0.09343976217011611
bg_random,67.69376987589476,23.62592118537509,,2023,0.0794232152402401
bg_random,62.87914421207197,29.77945895966732,,2023,0.3036601295073827
bg_random,61.056073011916,27.518761993605,,2023,0.07135741086676717
bg_random,69.78128582445378,26.370916786591295,,2023,0.08860041325290997
bg_random,64.75442972723998,26.15962092155862,,2023,0.6088390350341797
bg_random,66.48866679019616,25.98910175427765,,2023,0.5923886895179749
bg_random,63.395083098423726,29.86421583755687,,2023,0.20865956445535025
bg_random,61.447748865940895,21.731880973943117,,2023,0.31465745468934375
bg_random,63.593871094822426,23.69657173681405,,2023,0.048864858535428844
bg_random,62.545783801127484,22.568197078928534,,2023,0.5015798012415568
bg_random,63.068846319142864,30.398068329231624,,2023,0.19719666490952173
bg_random,67.9483666321157,24.597275980070695,,2023,0.18060578716297945
bg_random,61.76269550868823,27.642169083017244,,2023,0.09228548407554626
bg_random,61.20278204146931,28.126484821238385,,2023,0.7686911622683207
bg_random,67.11635005695493,26.655434473064005,,2023,0.6140978932380676
bg_random,68.30193390505617,27.773463824101924,,2023,0.6034229497114817
bg_random,61.04485343095013,27.03984480336937,,2023,0.16029374053080878
bg_random,60.797343333723504,24.996040516399397,,2023,0.15776106839378676
bg_random,64.64075074651208,25.2714039637126,,2023,0.1752361413091421
bg_random,66.5614339303704,28.599003246907905,,2023,0.4790900746981303
bg_random,62.45183531921143,21.191037623466013,,2023,0.4491591950257619
bg_random,62.03978698144334,21.94832281477069,,2023,0.06326909549534321
bg_random,62.57014264185845,23.746282036352216,,2023,0.3908174733320872
bg_random,65.00950071358709,25.886164092972376,,2023,0.8960647980372111
bg_random,60.48091343246959,26.24708936050953,,2023,0.16680805136760077
bg_random,62.35123307540398,21.995032411942866,,2023,0.08950247801840305
bg_random,62.78065049294752,25.396969902166905,,2023,0.22304433087507883
bg_random,68.32856553405387,25.29212949712047,,2023,0.4381633400917053
bg_random,61.25661131733935,22.935759684813927,,2023,0.08028749252359073
bg_random,68.82132665532846,26.68510735776486,,2023,0.7642898956934611
bg_random,67.85245246404038,24.37348630585452,,2023,0.14313091213504472
bg_random,66.96072869384554,24.823268505313447,,2023,0.43803393840789795
bg_random,67.50724721248623,28.140307283389905,,2023,0.31722751756509143
bg_random,61.71873598388649,26.017292917578743,,2023,0.2071764941016833
bg_random,60.562740252799664,27.594011842920576,,2023,0.38456080853939056
bg_random,60.82844600182726,24.09504566197372,,2023,0.04615237982943654
bg_random,61.00500850163211,22.04158880350789,,2023,0.2858867247899373
bg_random,60.99784667637642,26.158267867287208,,2023,0.5556546648343405
bg_random,60.73299864399778,23.275658175751808,,2023,0.25186088184515637
bg_random,66.57523821992122,24.01652151158646,,2023,0.13725059976180395
bg_random,68.58750163623138,23.917909905395877,,2023,0.0366116293395559
bg_random,62.95573790472903,25.768149595825665,,2023,0.2537153835097949
bg_random,63.5313104735082,29.36856475240367,,2023,0.10206138466795285
bg_random,61.407504463491016,22.078938974501483,,2023,0.4655264963706334
bg_random,68.0674065302839,25.06725256183015,,2023,0.5576695104440054
bg_random,65.66197256157842,28.97248796574064,,2023,0.1729367176691691
bg_random,62.83641214705358,27.230722242125378,,2023,0.18101284901301065
bg_random,63.458047624944605,26.44753799820331,,2023,0.02613870395968358
bg_random,62.01338876980594,26.653895443435243,,2023,0.26430653283993405
bg_random,61.97750925546201,22.219569891227888,,2023,0.19779770324627557
bg_random,67.63607131886155,29.87769553796543,,2023,0.20540946473677954
bg_random,68.22819691669733,27.549860819467423,,2023,0.1466627549380064
bg_random,66.44649413610844,24.95142774508674,,2023,0.06588873585375647
bg_random,63.68239268193752,27.57720355252721,,2023,0.03753528852636615
bg_random,69.12046265661027,21.67176548683409,,2023,0.04887998096334437
bg_random,67.08077985918261,27.723291202438105,,2023,0.15006777892510095
bg_random,64.26246699711962,30.189114920179826,,2023,0.13107754616066813
bg_random,62.25839113934034,25.12493894206199,,2023,0.4606229364871979
bg_random,65.73242520307298,26.270662185750364,,2023,0.02326186125477155
bg_random,61.9224892841179,24.317008919867867,,2023,0.5009861489137014
bg_random,61.98382542903683,23.30869959532248,,2023,0.15807263180613518
bg_random,61.240228882313176,26.3789441607474,,2023,0.15129228681325912
bg_random,60.467910465553686,26.03496884050804,,2023,0.27074722945690155
bg_random,68.99448532434815,26.87901277634407,,2023,0.6465890804926554
bg_random,67.22796135574706,29.155665030045984,,2023,0.7399166027704874
bg_random,65.86150640255053,25.335594123429065,,2023,0.3208586225907008
bg_random,68.08489988419763,26.18848657078528,,2023,0.5727376937866211
bg_random,65.28540587681488,28.625248675022195,,2023,0.2662023454904556
bg_random,61.3082428158902,26.875282204386345,,2023,0.15493053570389748
bg_random,63.47099342463711,30.02315106159952,,2023,0.6537971297899882
bg_random,61.02755109534043,22.75611275874249,,2023,0.12913808723290762
bg_random,62.53619118225045,27.869603336468668,,2023,0.5931680599848429
bg_random,66.06032355660389,26.489563944128506,,2023,0.2784100684026877
bg_random,62.37071035783197,24.264645076991517,,2023,0.2360299030939738
bg_random,60.66624986794902,27.251627194160623,,2023,0.37431736290454865
bg_random,62.67551717303615,24.90733188598092,,2023,0.22496390094359717
bg_random,64.73477119698333,29.25554921669698,,2023,0.7429037491480509
bg_random,66.12925723876704,29.90184128120788,,2023,0.5211993257204691
bg_random,60.19539144125463,23.73221333717093,,2023,0.09532116850217183
bg_random,62.47924130032872,26.24068674870661,,2023,0.1437912272910277
bg_random,62.74685040962742,25.778431691040243,,2023,0.2606622849901517
bg_random,65.92284640009305,25.49121710208107,,2023,0.16953890460232893
bg_random,64.44616861918755,26.665077800860505,,2023,0.4424183815717697
bg_random,64.62959884809199,29.101508622491444,,2023,0.31688661873340607
bg_random,63.16111540942752,25.485598185992085,,2023,0.46336808800697327
bg_random,65.16158145108434,29.79763568617004,,2023,0.2893389016389847
bg_random,62.810680922196845,24.181464989838105,,2023,0.5375927686691284
bg_random,60.76120360239271,25.948940568853946,,2023,0.17627918347716331
bg_random,62.361910565550325,25.037147024084305,,2023,0.7874574263890585
bg_random,69.64794284505732,27.090069622101453,,2023,0.7164902488390604
bg_random,61.41008453864148,29.14265772815865,,2023,0.362768034140269
bg_random,61.86037441552672,28.702864365739863,,2023,0.1363316848874092
bg_random,67.51086483259782,28.580997831039788,,2023,0.1137186319877704
bg_random,63.63240920616043,28.395418117754343,,2023,0.15054967564841112
bg_random,63.31732538499457,24.73370799619041,,2023,0.2116179366906484
bg_random,65.13265461101942,26.58109565888182,,2023,0.16405810850361982
bg_random,67.76487832640943,26.706927895077943,,2023,0.40246347586313885
bg_random,66.72050821844692,26.379073976005984,,2023,0.730508287747701
bg_random,62.64193451435212,22.47097814019924,,2023,0.6916205684343973
bg_random,63.76135402851433,29.70166333047994,,2023,0.22281513238946596
bg_random,64.00354579233189,30.37076558395536,,2023,0.18112091720104218
bg_random,68.75466077034423,28.388244449578128,,2023,0.49147652586301166
bg_random,63.302972403528806,28.648272728473646,,2023,0.18541349470615387
bg_random,62.305781339643104,22.779174743947795,,2023,0.2038096177081267
bg_random,60.71836115691691,21.96634627936141,,2023,0.08650625652323167
bg_random,62.55848314769423,21.774887932866825,,2023,0.25010375554362935
bg_random,66.60149893247086,25.84368020574642,,2023,0.8158661524454752
bg_random,64.66208395651796,27.1831147346968,,2023,0.12481523056825002
bg_random,63.24412770289444,24.849392586592035,,2023,0.3992030421892802
bg_random,60.88032095191732,21.369204644135525,,2023,0.614846428235372
bg_random,66.64457230537992,25.80621963990588,,2023,0.23790284246206284
bg_random,61.625566046098015,24.522424607349183,,2023,0.0963544634481271
bg_random,65.3896525681134,27.196778105625786,,2023,0.21709826216101646
bg_random,60.69370481370088,21.34262243235779,,2023,0.39450212319691974
bg_random,59.96863339060561,23.562137693583622,,2023,0.6377526521682739
bg_random,62.4983560603934,30.143311171951197,,2023,0.25092867265144986
bg_random,63.82113682419328,26.5093472151091,,2023,0.4095652252435684
bg_random,63.75926542275722,24.06646971465375,,2023,0.0444943830370903
bg_random,68.51146810001572,26.541487424767297,,2023,0.49565475185712177
bg_random,63.608690334312286,23.47362247979019,,2023,0.36686189472675323
bg_random,59.88504908307253,23.741587768317306,,2023,0.29509633282820386
bg_random,60.76635249348431,25.23474148907769,,2023,0.329269419113795
bg_random,60.79438469164951,22.87211322555646,,2023,0.3587148189544678
bg_random,68.33211176510616,24.651256916218383,,2023,0.1942517931262652
bg_random,61.50330384410072,27.69693616550822,,2023,0.19421053181091943
bg_random,67.41810650554245,29.492641158394783,,2023,0.1627341310183207
bg_random,62.07664583859831,28.30053436479791,,2023,0.11722730658948421
bg_random,68.10265169486249,26.90754337465024,,2023,0.29778386900822323
bg_random,64.25383622234361,28.216365327649427,,2023,0.1278939712792635
bg_random,66.97765073361998,27.905383092201927,,2023,0.08923645690083504
bg_random,68.80583349111454,27.01249170754353,,2023,0.45322824517885846
bg_random,63.81468277399679,23.212293302639356,,2023,0.42137761414051056
bg_random,62.07530732059781,23.589434502532637,,2023,0.28124341120322544
bg_random,66.92382314105606,28.747102380428025,,2023,0.1969244529803594
bg_random,66.22135604785011,24.192216499017025,,2023,0.16636764258146286
bg_random,60.03892771283065,20.56602656020474,,2023,0.462476909160614
bg_random,62.932472598543086,22.136178199824556,,2023,0.2588971306880315
bg_random,62.70167201464022,21.22753417869592,,2023,0.07622038976599772
bg_random,62.55953549655521,22.92023173781085,,2023,0.09224255367492636
bg_random,65.2816202660574,29.155684772024166,,2023,0.2336956448853016
bg_random,64.26302255705353,29.495503219494964,,2023,0.07292482287933429
bg_random,62.28125252566142,25.2135728511023,,2023,0.28644847745696705
bg_random,67.51412938091786,27.96479625319969,,2023,0.380144327878952
bg_random,62.06751678195154,24.259491665922237,,2023,0.09860763202110927
bg_random,67.67033498390317,26.83188215653928,,2023,0.41503556569417316
bg_random,66.46483339072242,27.412758967824644,,2023,0.5019919574260712
bg_random,62.57942127513409,27.483461047415524,,2023,0.2613198558489482
bg_random,62.75543963949978,25.507689144493664,,2023,0.08412269937495391
bg_random,63.14445891770231,27.093488200956,,2023,0.2374596248070399
bg_random,61.594124021623465,24.289354002128224,,2023,0.1397701899210612
bg_random,60.82174266697723,21.29518221294011,,2023,0.4308251937230428
bg_random,65.99856601699088,29.59346084211967,,2023,0.1046080036709706
bg_random,62.73603192307167,22.48006305702703,,2023,0.3702184284726779
bg_random,61.66647897645712,22.730925670737715,,2023,0.15324013431866965
bg_random,60.561718778641485,23.065184301104328,,2023,0.23419763644536337
bg_random,64.28849854114391,24.646054688854395,,2023,0.20872407530744871
bg_random,66.80416235317377,27.177098810811,,2023,0.3454151898622513
bg_random,62.62313540968224,27.371275613459588,,2023,0.2911640057961146
bg_random,68.73070238587104,22.484047954806663,,2023,0.07506656118979056
bg_random,63.728589569014616,25.723947897909177,,2023,0.22220812117060026
bg_random,69.51318874864405,28.80933120075356,,2023,0.09391253876189391
bg_random,64.37497389822553,25.81144316576645,,2023,0.19284996576607227
bg_random,65.13906409543317,29.76454398441578,,2023,0.2700205147266388
bg_random,66.70546481109798,24.628504925894923,,2023,0.3460035224755605
bg_random,67.7648157252773,28.878959940599334,,2023,0.3110462774833043
bg_random,66.52038681956226,23.93628469767652,,2023,0.05167125724256039
bg_random,67.18083352820973,28.55046889900774,,2023,0.7437781492869059
bg_random,68.47881123829161,27.69157002531824,,2023,0.4105891486008962
bg_random,68.38244308445275,24.073928170097947,,2023,0.21349076554179192
bg_random,67.36915028167496,23.934069208572776,,2023,0.813737154006958
bg_random,61.329728106733874,23.35247572632789,,2023,0.23924268782138824
bg_random,67.15159421786035,26.169346035444622,,2023,0.2893087367216746
bg_random,66.13080155051126,29.147834158395494,,2023,0.5474373797575632
bg_random,68.20040385523792,26.9766426024725,,2023,0.0832889989639322
bg_random,62.12473759562733,22.27010053706355,,2023,0.6664294004440308
bg_random,64.95426270357741,28.336141185440777,,2023,0.15277954936027527
bg_random,68.01688144333784,25.734268619811317,,2023,0.5474646190802256
bg_random,62.82926399599664,28.59750929061847,,2023,0.0915165829161803
bg_random,66.24333909269563,25.68354484750676,,2023,0.2122939998904864
bg_random,68.1319428271173,27.38203919900517,,2023,0.2754235975444317
bg_random,67.91366691620068,26.34623234737352,,2023,0.029365077304343384
bg_random,63.66188904906611,23.224945433323487,,2023,0.14782272030909857
bg_random,63.1100235010379,21.760356748248217,,2023,0.07664534325400989
bg_random,66.73840778327947,24.547593715765878,,2023,0.5459123154481252
bg_random,66.58780628832015,26.2329934001177,,2023,0.19249728073676428
bg_random,66.74041462185042,28.39270465932757,,2023,0.34549314280351
bg_random,60.50603080043224,27.731352401174963,,2023,0.8131947914759318
bg_random,67.6001800797521,27.97620962411148,,2023,0.2320123811562856
bg_random,66.56042662059755,25.08087438639567,,2023,0.5082286397616068
bg_random,63.24249468116412,21.384671696644503,,2023,0.13889110957582793
bg_random,60.601315758087615,24.97547241359022,,2023,0.304684579372406
bg_random,64.18260426203389,26.374219514369724,,2023,0.13314705962936083
bg_random,60.401885072785205,21.42348558658528,,2023,0.6949704686800638
bg_random,62.86147602554645,22.493195398252517,,2023,0.29472871124744415
bg_random,62.45406823615808,27.554000142666744,,2023,0.1441328227519989
bg_random,63.96048010427524,30.223013017358397,,2023,0.32844508687655133
bg_random,62.53981150500237,28.21276617776544,,2023,0.16926566449304423
bg_random,62.02811973292376,21.73666334721864,,2023,0.5340056816736857
bg_random,63.64878038091644,29.371567883750792,,2023,0.014424116137282303
bg_random,63.08886551134045,27.369279653180804,,2023,0.27150697509447735
bg_random,67.04446760248409,27.620740882699344,,2023,0.3096921394268672
bg_random,65.02130607458972,27.1709711806552,,2023,0.133438008526961
bg_random,62.49927030700964,22.58942416595593,,2023,0.5235226551691691
bg_random,61.51013155560051,25.9932126632501,,2023,0.6347917517026266
bg_random,65.78998541338498,25.88787848146794,,2023,0.2253603202601274
bg_random,66.76500195913125,28.371920709458117,,2023,0.5676663021246592
bg_random,64.18520267044131,24.86007573572589,,2023,0.2851211776336034
bg_random,61.44853913932974,28.38022820388789,,2023,0.1753686430553595
bg_random,60.39808417759621,24.69910829221769,,2023,0.13452262183030447
bg_random,66.03459055644166,28.15526263607037,,2023,0.2525906761487325
bg_random,66.83116202430979,24.03466014289796,,2023,0.44383054971694946
bg_random,61.88737546247053,28.3396777139595,,2023,0.13945480280866226
bg_random,65.21751948654352,27.35593443932541,,2023,0.2259046882390976
bg_random,63.80432807395875,29.872221279215854,,2023,0.43288180232048035
bg_random,59.96211098101351,22.61100842843443,,2023,0.5141264498233795
bg_random,64.18953361675491,27.68159911422921,,2023,0.18357325221101442
bg_random,63.39159128191383,24.29569180420913,,2023,0.9235738317171732
bg_random,65.91799400915173,24.502605599914062,,2023,0.24661376078923544
bg_random,68.05081561249725,23.60375810434884,,2023,0.9659649332364401
bg_random,67.58993934227942,25.344497003485845,,2023,0.1948552175114552
bg_random,68.85694066767573,27.822199653582395,,2023,0.5683784882227579
bg_random,67.07116106461507,25.69066094187533,,2023,0.6106566786766052
bg_random,65.15253450534857,26.55484733016025,,2023,0.18537235135833421
bg_random,63.34358229627023,24.651692323586307,,2023,0.48670169711112976
bg_random,60.80207853704025,27.592853692281707,,2023,0.14696936557690302
bg_random,63.14372121316034,27.234746571859397,,2023,0.363857959707578
bg_random,61.60121068395747,24.64866667167658,,2023,0.12730074798067412
bg_random,63.597573008442616,27.634501103493022,,2023,0.10120952377716701
bg_random,65.91155986926654,24.76545983777764,,2023,0.19419894615809122
bg_random,63.42111569088456,23.909291957075503,,2023,0.22208429190019766
bg_random,66.10284185823099,25.87207934920217,,2023,0.1250439800011615
bg_random,65.94416823842822,28.44143138884762,,2023,0.8473213315010071
bg_random,66.26723384110859,26.747946164870005,,2023,0.5310704608758291
bg_random,63.50443182736458,29.998056833552116,,2023,0.6262123783429464
bg_random,61.28013016882728,23.607704092532675,,2023,0.08620897928873698
bg_random,65.45751620582354,26.91628654184486,,2023,0.17058868830402693
bg_random,66.08945693297682,29.5698102328838,,2023,0.25313861668109894
bg_random,62.62682558134486,27.171390712514143,,2023,0.28537718454996747
bg_random,63.51292681295967,23.409163202816696,,2023,0.35162651538848877
bg_random,62.10375075289014,26.60811403508975,,2023,0.23743499567111334
bg_random,62.97177649074464,26.37216048551874,,2023,0.3074258615573247
bg_random,63.81446108890536,25.97551796137405,,2023,0.22460497046510378
bg_random,65.88397089130079,25.465771994053163,,2023,0.2277210938433806
bg_random,65.94233778815138,25.64134545421159,,2023,0.19696127250790596
bg_random,65.6372543102067,27.067260035286008,,2023,0.21870997672279677
bg_random,60.59159257758108,27.6304689448419,,2023,0.05771165154874325
bg_random,61.93228928095993,27.882566975596347,,2023,0.07272422080859542
bg_random,63.66173298499559,25.49322649716438,,2023,0.715788463751475
bg_random,62.90126476859656,26.44072653438717,,2023,0.02592589263804257
bg_random,67.47093500917515,29.69964657989122,,2023,0.03396558575332165
bg_random,68.17962116548244,24.80889851528192,,2023,0.47546886404355365
bg_random,67.27194788913505,27.871184442929653,,2023,0.7778976957003275
bg_random,64.18844372607774,29.767261115268564,,2023,0.1648530742774407
bg_random,63.42511320810584,26.05419841236053,,2023,0.28257260223229724
bg_random,67.19512963523046,23.946971910001015,,2023,0.1296815238893032
bg_random,61.9932430470603,29.817568119567028,,2023,0.9065574804941813
bg_random,60.84176016375704,26.3825675749633,,2023,0.07691394786039989
bg_random,62.12325129064576,27.40317964348232,,2023,0.395325909058253
bg_random,66.44174605215282,25.25829796622376,,2023,0.19323314974705377
bg_random,67.38793267058678,27.122498577021407,,2023,0.17877469584345818
bg_random,62.47624927888383,24.91695136927737,,2023,0.3541889290014903
bg_random,63.30335257992434,30.82676004221641,,2023,0.16317058416704336
bg_random,67.82098188154687,26.008879880486948,,2023,0.015002655796706676
bg_random,62.29754683185722,29.624371184941836,,2023,0.1727308345337709
bg_random,61.70259992689684,21.95002645415032,,2023,0.07265141357978185
bg_random,65.30254897965884,27.266480630018677,,2023,0.21069390947620073
bg_random,62.319584238847824,21.592774377558623,,2023,0.747496485710144
bg_random,68.13007200260793,24.89641186829108,,2023,0.23296939209103584
bg_random,65.48031884351954,27.317698315110245,,2023,0.3585013697544734
bg_random,64.33496267463993,29.09424539773148,,2023,0.1290019704028964
bg_random,67.24276645147964,26.40120504258019,,2023,0.17523621705671152
bg_random,66.1507934431327,25.93307711417098,,2023,0.5097885131835938
bg_random,69.162075202394,27.131185297589266,,2023,0.15881537521878877
bg_random,65.82628221559833,24.910189560901276,,2023,0.2926977624495824
bg_random,62.00466323198966,25.22154588431136,,2023,0.2571418670316537
bg_random,68.6639140264923,27.025416124971684,,2023,0.6433196663856506
bg_random,61.49022117670752,25.92534312959348,,2023,0.18676425764958063
bg_random,63.0163971527104,24.631879385455587,,2023,0.8181016445159912
bg_random,62.766626979749695,24.455978174256803,,2023,0.14364367723464966
bg_random,63.3637340409888,30.583711539008466,,2023,0.14336627970139185
bg_random,62.49287260961341,25.20341301212713,,2023,0.41319440801938373
bg_random,61.40588103573405,26.018147282772684,,2023,0.3431988060474396
bg_random,66.14342173272821,29.259923049055026,,2023,0.26438434422016144
bg_random,68.7161155371936,28.56204757263732,,2023,0.6862942775090536
bg_random,67.09640510876454,24.99684701756376,,2023,0.18041317723691463
bg_random,61.93897364227962,24.32959448570482,,2023,0.6310172279675802
bg_random,62.89186956893702,21.65176783304389,,2023,0.02727296979477008
bg_random,63.89289081425477,25.61578410349772,,2023,0.2116659457484881
bg_random,68.1987103023555,26.35201484960314,,2023,0.29603468875090283
bg_random,61.92705011730416,25.82042832250607,,2023,0.14357804879546165
bg_random,64.48103273916706,29.85477303892865,,2023,0.11716985981911421
bg_random,66.28600901339746,28.48806824544849,,2023,0.49725809693336487
bg_random,64.01646685840363,27.6597014618278,,2023,0.3176379104455312
bg_random,68.38102622473293,27.73801684584777,,2023,0.6199833154678345
bg_random,69.13459596815129,27.66115012783927,,2023,0.3042791287104289
bg_random,63.23668022263179,26.464825964067487,,2023,0.0563044889519612
bg_random,66.56096670444299,25.397421218035195,,2023,0.39595797657966614
bg_random,61.71344476824107,28.47650630339773,,2023,0.3946700245141983
bg_random,64.57500888205027,28.95596219588341,,2023,0.6322527726491293
bg_random,64.62486796483645,27.014220899743997,,2023,0.21320997923612595
bg_random,63.46425224071011,26.9057907362389,,2023,0.31055712948242825
bg_random,66.97732427757235,27.806011799749555,,2023,0.8968373735745748
bg_random,64.43720886476643,24.83478288096469,,2023,0.24210961411396661
bg_random,65.36742039326514,28.345742878896004,,2023,0.24379987766345343
bg_random,61.98437141643127,28.5427310904514,,2023,0.0839488518734773
bg_random,66.26979862799975,27.26348100109387,,2023,0.23850217958291373
bg_random,62.27119532548275,30.74745625476545,,2023,0.025242899253498763
bg_random,62.27539056131548,23.056333291217776,,2023,0.6402761141459147
bg_random,68.8602772872278,25.99717843887367,,2023,0.29122782746950787
bg_random,62.01578868823599,28.739666033504623,,2023,0.2605336954196294
bg_random,67.9888627899407,28.17275761228661,,2023,0.18025252657632032
bg_random,60.26512690453229,25.89750502959276,,2023,0.17040328433116278
bg_random,64.57700710142018,28.32397048769672,,2023,0.2490781582891941
bg_random,66.48202422411333,25.428010960264203,,2023,0.21193066239356995
bg_random,68.29261091379836,26.655975597909976,,2023,0.44431020816167194
bg_random,64.61673521813913,24.775326089080924,,2023,0.24169419954220453
bg_random,64.52435959995353,25.853630013890168,,2023,0.592719296614329
bg_random,62.90762584734258,30.837740743246297,,2023,0.8197074731191
bg_random,60.75238791865453,27.90017162414462,,2023,0.046654692540566124
bg_random,60.54502798297198,26.307727254076333,,2023,0.06246934706966082
bg_random,63.01475272704158,23.237094698993417,,2023,0.3892086942990621
bg_random,63.234510944157776,26.116164026035445,,2023,0.344072292248408
bg_random,60.16811020533624,22.86905827945173,,2023,0.5229763189951578
bg_random,67.65261246368138,24.478420729739053,,2023,0.16287456856419644
bg_random,68.67902919954592,28.02545519632816,,2023,0.2456967035929362
bg_random,64.05932539195419,30.32040945527152,,2023,0.22743881617983183
bg_random,62.41990431448241,30.923928610044364,,2023,0.011495932703837752
bg_random,63.18059937046506,29.18087115951759,,2023,0.3146177592376868
bg_random,64.94393525135645,25.78255849204976,,2023,0.22960124413172403
bg_random,66.87589040165405,27.297733217704124,,2023,0.3182171434164047
bg_random,64.48309299884927,25.27404040565048,,2023,0.1473057965437571
bg_random,64.78031446837237,25.24463583652681,,2023,0.4120212197303772
bg_random,61.50923923017984,25.62730579260859,,2023,0.13257287566860518
bg_random,63.03484614465309,23.77050927942809,,2023,0.27901320221523446
bg_random,64.41411915866225,26.234799848807924,,2023,0.25810692210992175
bg_random,67.67150068301936,26.73677177857478,,2023,0.4349293311436971
bg_random,60.24840301099147,23.02504420627263,,2023,0.7226601044336954
bg_random,66.6023242496588,25.48503900804781,,2023,0.37371023495992023
bg_random,62.80204284648147,25.799679953796744,,2023,0.37995003660519916
bg_random,65.87090199024526,25.08271027949916,,2023,0.30441009998321533
bg_random,62.46746801301125,26.880712753331892,,2023,0.07042394143839677
bg_random,68.49347554760087,25.548413079426023,,2023,0.144689895833532
bg_random,68.54481265558657,25.645863774041107,,2023,0.20453513010094562
bg_random,62.34456150668021,28.079426192467743,,2023,0.07455658415953319
bg_random,67.64901806223165,26.51004871222225,,2023,0.3455539991458257
bg_random,67.57781458307892,27.54072725492624,,2023,0.31881530582904816
bg_random,60.96890490312661,23.8160495412622,,2023,0.07083923369646072
bg_random,61.50291591019563,27.7432203517438,,2023,0.028121618321165442
bg_random,64.27133609523189,24.520271774756598,,2023,0.5591947635014852
bg_random,67.7656630096901,29.75973933068153,,2023,0.06192326118859152
bg_random,67.65866857741017,27.524853578189628,,2023,0.3132668187220891
bg_random,67.28388868542153,23.953146653891483,,2023,0.1334152345856031
bg_random,64.21551470729935,30.206803772935984,,2023,0.4901302556196849
bg_random,63.66726765339318,25.571181676317984,,2023,0.11394209632029136
bg_random,62.13652007228424,30.18894364662574,,2023,0.17140760893623033
bg_random,65.82424003212049,24.61330338282852,,2023,0.14687746095781526
bg_random,61.06066720460581,27.192210085394475,,2023,0.24492865800857544
bg_random,60.7445478564545,26.627729048659337,,2023,0.17250128587086996
bg_random,67.97629074736564,25.03506923216308,,2023,0.15044508843372265
bg_random,68.72002035943875,26.96819943239408,,2023,0.561815599600474
bg_random,62.47571836911567,29.28232342813201,,2023,0.06531574033821623
bg_random,66.64822977920554,25.62152789044522,,2023,0.3409016082684199
bg_random,61.95944551947412,28.883847131570796,,2023,0.11016321678956349
bg_random,66.07497985249846,28.026614523359463,,2023,0.32152752578258514
bg_random,63.8198230895769,28.38095324504548,,2023,0.15874764882028103
bg_random,62.95820491659544,25.89265455589648,,2023,0.2965654780467351
bg_random,66.1207735042599,25.850736301681195,,2023,0.24823964883883795
bg_random,64.28640703989194,24.61448767995716,,2023,0.4098307490348816
bg_random,65.95417340394509,24.637803920823483,,2023,0.11554275422046582
bg_random,61.81502496647568,25.07246504135857,,2023,0.14135235299666724
bg_random,67.40914516762696,27.791460606860337,,2023,0.682006319363912
bg_random,62.53221132501072,30.73013805570086,,2023,0.04162933110880355
bg_random,60.54391263643698,23.02734384182956,,2023,0.17877750471234322
bg_random,67.01942312894835,24.38219521529979,,2023,0.30653246492147446
bg_random,65.30873963116733,27.53120212276221,,2023,0.2927933484315872
bg_random,62.7950023739245,31.181475302714045,,2023,0.024308743110547464
bg_random,66.72179421002924,26.377590314332263,,2023,0.8036933739980062
bg_random,63.07013925666303,29.75679732114929,,2023,0.3353923757870992
bg_random,64.35204538926227,27.095908894087145,,2023,0.37515955169995624
bg_random,64.07956409721217,26.18264609337615,,2023,0.09194137156009674
bg_random,62.57114275795463,26.186662404287866,,2023,0.11236635347207387
bg_random,66.96097598044308,24.9947844599319,,2023,0.649232010046641
bg_random,66.82773927867922,27.49646590936873,,2023,0.22461239248514175
bg_random,66.42006073021615,25.040010056480646,,2023,0.3753052105506261
bg_random,61.91173199440932,30.131038734390977,,2023,0.1316547809789578
bg_random,67.76349812405789,27.40217011173776,,2023,0.3065580601493518
bg_random,64.69860141421789,26.47675366309307,,2023,0.25541987270116806
bg_random,67.8655451899793,25.103790606565557,,2023,0.40225855509440106
bg_random,66.99274246822907,26.531354877842254,,2023,0.3100484013557434
bg_random,67.20046900748484,23.903331700539105,,2023,0.13678914681077003
bg_random,62.863176567389175,21.151911420938365,,2023,0.44703428943951923
bg_random,62.65604002419265,26.583666080542606,,2023,0.2898898869752884
bg_random,65.94270923791801,27.3139274989339,,2023,0.15243485694130263
bg_random,65.62851684450061,28.710986179061635,,2023,0.06933746486902237
bg_random,66.14893279087659,29.039041336499817,,2023,0.030926952759424847
bg_random,65.16170456133595,28.291945958858214,,2023,0.25882523755232495
bg_random,61.526875099737104,24.067646151471354,,2023,0.32853064437707263
bg_random,65.78535600882826,29.318735651345914,,2023,0.2323512906829516
bg_random,62.29412537699415,22.283339441106907,,2023,0.349210557838281
bg_random,67.4286338115632,29.660833818195712,,2023,0.05473189409046123
bg_random,67.85049842180554,28.611964179645685,,2023,0.4569880465666453
bg_random,60.50053890768093,23.07319574521607,,2023,0.2619284465909004
bg_random,63.95397014348082,26.47207911263873,,2023,0.040404376263419785
bg_random,62.44037891535448,23.97787229075191,,2023,0.23634069164594015
bg_random,60.9301139546054,24.50547941313533,,2023,0.30183131496111554
bg_random,67.00506118238228,26.200777843590444,,2023,0.28482191761334735
bg_random,68.37915344718166,23.6540463425091,,2023,0.7432360450426737
bg_random,68.30998820421102,23.559720843553663,,2023,0.5634508728981018
bg_random,60.04308358844743,24.022367823327308,,2023,0.31474176049232483
bg_random,61.88122988175365,22.838140792469915,,2023,0.04623181186616421
bg_random,65.75354775874389,26.70478353000492,,2023,0.2536296571294467
bg_random,61.78177575221171,27.25250497028401,,2023,0.36142680048942566
bg_random,63.52147584970261,26.221806534731428,,2023,0.03877442485342423
bg_random,62.659841868457306,29.968858888019195,,2023,0.3434004286924998
bg_random,65.9374750772147,27.455235402544425,,2023,0.13074561192964515
bg_random,64.95648474249248,25.578029950929704,,2023,0.5485180020332336
bg_random,63.0882952744616,28.81960410808131,,2023,0.8057191769282023
bg_random,67.27372199384594,26.68880729267603,,2023,0.5132359564304352
bg_random,67.27682651299072,28.46384794016734,,2023,0.15456729382276535
bg_random,62.899663987464685,28.11835968515465,,2023,0.2219088226556778
bg_random,62.835431330842376,28.122515875556985,,2023,0.11322315689176321
bg_random,69.11392467892516,27.492424670249523,,2023,0.4370686709880829
bg_random,66.05207688931579,29.67314563248328,,2023,0.24418998757998148
bg_random,66.53061146222677,23.98187373595519,,2023,0.11417768647273381
bg_random,60.41955831576164,26.220324298733136,,2023,0.07911649718880653
bg_random,64.07104319716632,27.235632388822086,,2023,0.20965460191170374
bg_random,66.20413866505659,26.79050898993174,,2023,0.19873014030357203
bg_random,67.63661274861892,24.854544021051318,,2023,0.12123354276021321
bg_random,64.86797326326597,27.940830464696425,,2023,0.2587107593814532
bg_random,62.77667073135439,30.31665192194253,,2023,0.22888064136107764
bg_random,63.86903844368032,26.69801077157398,,2023,0.2642667132119338
bg_random,67.77052981692218,26.095155860586715,,2023,0.23563221096992493
bg_random,61.50905675018248,22.9750560080412,,2023,0.09704689060648282
bg_random,64.11046331574188,27.491803819290688,,2023,0.21396341174840927
bg_random,67.57589151459635,29.229449019897352,,2023,0.11662733927369118
bg_random,67.89714478161787,29.205280313192333,,2023,0.8166911005973816
bg_random,67.43516568406223,24.15782048382261,,2023,0.4118646780649821
bg_random,63.60073418144724,24.63340434627108,,2023,0.2116064354777336
bg_random,63.730713065739536,28.29559093469627,,2023,0.31233837207158405
bg_random,62.80142718991889,23.636278209713502,,2023,0.2445623961587747
bg_random,65.00659926371583,29.503936608659792,,2023,0.3693745359778404
bg_random,63.1022111507632,30.33089029940083,,2023,0.2834680875142415
bg_random,64.54609759092364,28.343828187453525,,2023,0.08815610843400161
bg_random,68.02587802399928,28.32639060253715,,2023,0.06643377717894812
bg_random,65.4852176979554,27.632584515804563,,2023,0.09682841195414464
bg_random,60.441840172909856,24.51858394927371,,2023,0.034084400782982506
bg_random,68.10581637430039,27.07785877627556,,2023,0.4692874749501546
bg_random,62.78698051328065,21.988958396702817,,2023,0.2014227888236443
bg_random,65.99983251292643,25.600559332694367,,2023,0.20770265037814775
bg_random,68.64022860947169,21.7358256774703,,2023,0.10875620630880196
bg_random,68.05503764096335,27.37501257606632,,2023,0.13079411691675583
bg_random,64.32792676319957,26.532125956498167,,2023,0.2535325412948926
bg_random,61.61645448565328,26.01631257926189,,2023,0.4254854917526245
bg_random,68.61905791762852,26.39338649044092,,2023,0.49712292353312176
bg_random,64.35272142107601,29.795039266986084,,2023,0.41525930166244507
bg_random,62.7810990813347,29.19707575935024,,2023,0.38391659657160443
bg_random,64.04032983208292,26.69452217763043,,2023,0.26506393899520236
bg_random,67.74441834597562,27.76224535179801,,2023,0.5355399946371714
bg_random,63.45585988589264,24.2674682652888,,2023,0.253091628352801
bg_random,66.02402241449487,26.720005512673897,,2023,0.3505856841802597
bg_random,66.56446398677994,27.988019856198832,,2023,0.6947136918703715
bg_random,68.30184130144396,25.925199133167705,,2023,0.034462104396273695
bg_random,62.90797351451421,23.4784271533407,,2023,0.4546589454015096
bg_random,61.76015887876849,26.178442841998248,,2023,0.06517279955248038
bg_random,61.43272680875487,24.64486071059653,,2023,0.32078488171100616
bg_random,67.66739472586913,23.670881308326354,,2023,0.02480061600605647
bg_random,67.93533935994355,25.829180047535782,,2023,0.10650695363680522
bg_random,64.10306951372085,25.97181019996496,,2023,0.37594430645306903
bg_random,65.97657739485184,29.8146924199811,,2023,0.3976442615191142
bg_random,63.85197663074064,26.459999318789347,,2023,0.16260333359241486
bg_random,65.6126098910339,26.14379076737909,,2023,0.32245738059282303
bg_random,64.10227432812997,26.21284342583905,,2023,0.5145731270313263
bg_random,62.35237886974722,30.159570192263352,,2023,0.46710363527139026
bg_random,64.9096641985999,26.685009421105185,,2023,0.9015059868494669
bg_random,64.65012426017998,24.86741796026402,,2023,0.4268905719121297
bg_random,67.63953039844526,26.758610590386525,,2023,0.28462760150432587
bg_random,62.616533771169046,27.236808497477465,,2023,0.2541900823513667
bg_random,67.52157826658534,27.651200338106484,,2023,0.6398972868919373
bg_random,65.10183939573729,28.35580738098106,,2023,0.19963255772988
bg_random,60.09678261573168,23.385215806474893,,2023,0.07669455433885257
bg_random,66.15940039130857,25.974579140878284,,2023,0.19913990795612335
bg_random,66.11501649039899,29.88745349605553,,2023,0.0794223874496917
bg_random,60.72015420749842,21.941382038984337,,2023,0.2676456744472186
bg_random,61.55168789698744,26.53380340660847,,2023,0.18281078524887562
bg_random,67.87101035484491,24.339779922971008,,2023,0.2714616656303406
bg_random,61.201646179579896,28.402164609611035,,2023,0.16056754688421884
bg_random,60.97299845695756,26.158924780143472,,2023,0.29120079676310223
bg_random,67.43926008019002,27.853005601516024,,2023,0.2791197896003723
bg_random,60.72131699800403,23.316058492177813,,2023,0.15754098941882452
bg_random,64.02483930729034,26.702549341293107,,2023,0.25178928052385646
bg_random,64.83450902586816,26.2050115745659,,2023,0.7052724361419678
bg_random,66.33890018504343,27.080922734782444,,2023,0.625003457069397
bg_random,64.11817150472092,27.50508052130009,,2023,0.1757086037347714
bg_random,62.35846099037581,26.495367986977055,,2023,0.29067736864089966
bg_random,67.6301652880797,26.44903192036205,,2023,0.3145771672328313
bg_random,67.2362374156007,27.443737730013584,,2023,0.15436696199079356
bg_random,68.80762810459048,28.702962169171094,,2023,0.5260229210058848
bg_random,66.18683669773493,28.10644521045769,,2023,0.2373971330622832
bg_random,62.88244560992611,30.29931146867998,,2023,0.23136989027261734
bg_random,60.660061846154406,26.676415587758747,,2023,0.19665071740746498
bg_random,66.11728634252093,26.05668098798688,,2023,0.20459370811780295
bg_random,60.69288773990242,26.185880987927813,,2023,0.5763592521349589
bg_random,62.706204618956505,28.967506816623874,,2023,0.4861624191204707
bg_random,63.778795854756,27.167632119482025,,2023,0.22884047776460648
bg_random,60.0297971219814,24.03247082898268,,2023,0.19354758163293204
bg_random,65.33402395364439,29.26482037225549,,2023,0.3151750862598419
bg_random,62.990344297388006,29.08863750809649,,2023,0.04445689326773087
bg_random,64.54044948039532,25.12559907511073,,2023,0.4567374388376872
bg_random,61.29509236932061,27.73770254536213,,2023,0.056753707118332386
bg_random,61.46745696916035,23.97318106680405,,2023,0.0748331043869257
bg_random,64.94066552269733,28.082873789663694,,2023,0.1149727301672101
bg_random,64.40721282791226,27.710896093370565,,2023,0.239163339138031
bg_random,66.3159987833603,28.82654135494069,,2023,0.27850258350372314
bg_random,61.0638655908542,27.163180091804307,,2023,0.1836602638165156
bg_random,63.08581644551467,29.82897998281892,,2023,0.1604484754304091
bg_random,66.17079554912685,23.89198069310442,,2023,0.07616884261369705
bg_random,62.96666458960535,23.669398304225695,,2023,0.06516081808755796
bg_random,61.21468225935444,23.293952507461803,,2023,0.231055016318957
bg_random,60.12365546337696,19.788573545778345,,2023,0.4726761927207311
bg_random,62.825851825740166,22.0993967171228,,2023,0.20829367513457933
bg_random,60.902455040358255,27.410091057540797,,2023,0.2326817810535431
bg_random,65.83998851923745,27.28289511084721,,2023,0.30245762566725415
bg_random,64.10907044340104,30.11169315695144,,2023,0.1294243068744739
bg_random,62.42605537436752,26.614438647697646,,2023,0.24184065063794455
bg_random,60.98008124069845,24.91741024395112,,2023,0.17277222375075021
bg_random,67.694912694367,27.625017193713813,,2023,0.2894913007815679
bg_random,61.707547589396064,22.290300416421477,,2023,0.25458410133918125
bg_random,63.84913876147848,23.97178945720776,,2023,0.05928988506396612
bg_random,64.68835792508419,28.454862898822743,,2023,0.2515135109424591
bg_random,61.69481805860927,29.79907688019453,,2023,0.24894758562246957
bg_random,67.0896336698426,23.69259872425764,,2023,0.29759372274080914
bg_random,62.36294710382178,26.70799769077707,,2023,0.3022080697119236
bg_random,64.72188512296155,26.372200374595565,,2023,0.015950907487422228
bg_random,69.27054286688157,28.612827780104688,,2023,0.45134495198726654
bg_random,63.97524972280157,28.820129379640044,,2023,0.8395667870839437
bg_random,61.073862641094735,23.13381233365707,,2023,0.12606201693415642
bg_random,60.901126937256215,25.15944827411718,,2023,0.08397167176008224
bg_random,64.27705014184203,29.174801533157822,,2023,0.20605367918809256
bg_random,64.15833621309378,24.93948857433247,,2023,0.38529553016026813
bg_random,65.13644021569048,28.643423122761245,,2023,0.117975153028965
bg_random,64.0152145091094,29.46090576280752,,2023,0.4424384534358978
bg_random,60.77872894777864,22.68113259278571,,2023,0.2111522207657496
bg_random,61.41402408502265,25.56073943870085,,2023,0.23380656788746515
bg_random,65.79676192382931,26.24575808329825,,2023,0.4201478560765584
bg_random,68.17148869331601,23.95726485965613,,2023,0.3690272072950999
bg_random,67.71522338542923,27.88758947038775,,2023,0.1176540410766999
bg_random,61.98843030470045,23.96255099991035,,2023,0.4189049303531647
bg_random,67.42412760734092,24.4973860715528,,2023,0.33777616918087006
bg_random,61.11180236769304,25.3749656576654,,2023,0.2802715301513672
bg_random,65.1019809716507,28.052302189011723,,2023,0.13567621571322283
bg_random,68.68210876636445,27.243128894803142,,2023,0.38161033391952515
bg_random,63.86964015565179,24.85219147160293,,2023,0.23015440627932549
bg_random,63.07105513045325,27.42193480964593,,2023,0.11823184477786224
bg_random,61.90971396048103,28.174334665587043,,2023,0.18698818236589432
bg_random,61.873612543108464,29.15246054821812,,2023,0.019032983807846904
bg_random,68.48814711602678,25.08842323816929,,2023,0.17123611271381378
bg_random,63.63102936308675,28.10860347033878,,2023,0.13035902163634697
bg_random,66.69672045565065,25.295443019225765,,2023,0.30398518840471905
bg_random,63.25603446368307,23.73176467853756,,2023,0.27046485990285873
bg_random,61.32974613179057,22.21456620245786,,2023,0.13473258167505264
bg_random,63.58026295896212,24.118788954967577,,2023,0.1028227632244428
bg_random,60.09452711443328,22.066051831395686,,2023,0.5775718986988068
bg_random,68.81343565161787,25.712040570805584,,2023,0.49727749824523926
bg_random,67.41767017099637,27.779794932232967,,2023,0.059772990023096405
bg_random,68.08034854004275,25.182968692233224,,2023,0.473537544409434
bg_random,61.76102013744116,29.148833917231656,,2023,0.398345688978831
bg_random,63.80356853449187,30.116626399275056,,2023,0.2502992625037829
bg_random,61.90305061118778,21.659328338704096,,2023,0.15524743994077048
bg_random,67.08059409176387,25.006993517837905,,2023,0.4318407078584035
bg_random,65.62127018608498,25.136593264728965,,2023,0.08162059107174476
bg_random,65.64216989745326,27.832845636219552,,2023,0.4626559019088745
bg_random,67.41098220297471,25.37895379339757,,2023,0.3246782173713048
bg_random,62.86584262060209,24.04023724405633,,2023,0.48052964607874554
bg_random,67.28573741285435,27.132745085955296,,2023,0.7661409378051758
bg_random,63.62217664138715,23.81702157255887,,2023,0.3223796511689822
bg_random,67.4645531139528,29.737485309657774,,2023,0.20116127034028372
bg_random,63.50417264197579,27.36338197214688,,2023,0.3692081868648529
bg_random,64.62375456264114,27.675725947394483,,2023,0.18480431785186133
bg_random,65.2851896732527,27.155873304412733,,2023,0.14690056691567102
bg_random,65.40404769353547,26.38832030974332,,2023,0.025339060152570408
bg_random,69.26682168820915,26.592394196721088,,2023,0.6764766176541647
bg_random,61.64135275472157,28.17773400455885,,2023,0.24157353304326534
bg_random,67.70360824315912,25.29982855863284,,2023,0.222192220389843
bg_random,68.80093440596507,21.623323427950837,,2023,0.033385254365081586
bg_random,65.50041227972726,28.983460595579928,,2023,0.11730178197224934
bg_random,69.1991017880529,27.40431978157545,,2023,0.5577062567075094
bg_random,68.0116743708237,29.24109159778905,,2023,0.17194036642710367
bg_random,65.65296677685679,26.38489476220013,,2023,0.22247480601072311
bg_random,60.20100525110787,21.339094669996804,,2023,0.49634982148806256
bg_random,66.43812821038523,27.664486038542726,,2023,0.7016864617665609
bg_random,60.26626379023961,25.401741610585606,,2023,0.5447531541188558
bg_random,63.95121856169347,25.648505016690223,,2023,0.21776412924130759
bg_random,67.80474489378864,27.22107962485225,,2023,0.5735907355944315
bg_random,62.22164980034351,27.91408560565458,,2023,0.09365352988243103
bg_random,63.3383142380732,28.779120887472683,,2023,0.3721460998058319
bg_random,64.29913885692666,24.06611192254039,,2023,0.22625346978505453
bg_random,64.3518954974536,29.716714436760064,,2023,0.30163079996903736
bg_random,65.91299361191373,25.7184501455413,,2023,0.25180497765541077
bg_random,62.74737145126659,24.544747467715144,,2023,0.300185094277064
bg_random,62.30064429408581,28.24694095766824,,2023,0.47486163675785065
bg_random,62.74849184819763,31.35807738630104,,2023,0.2160281538963318
bg_random,67.12984533399407,29.13731836779964,,2023,0.19848818828662237
bg_random,61.69701975909357,22.472811072701685,,2023,0.6757366259892782
bg_random,68.60231081949743,27.506737036580965,,2023,0.5555434127648672
bg_random,61.919088516395135,26.679945061014426,,2023,0.46117955446243286
bg_random,67.32179583239494,26.91911754019011,,2023,0.1976946977277597
bg_random,67.56133031700256,23.95468241323711,,2023,0.7706420222918192
bg_random,61.06218453069352,27.12286020582116,,2023,0.25890567898750305
bg_random,61.46490627383674,27.16767515496152,,2023,0.2021026536822319
bg_random,69.58469092496519,27.89661529171788,,2023,0.031451670841003455
bg_random,66.62036235474208,29.219823656272823,,2023,0.17293261488278708
bg_random,64.62672403075781,24.40989031336752,,2023,0.1154636840025584
bg_random,61.571955798053,22.85648074049993,,2023,0.03611946400875846
bg_random,63.68576965698819,26.172982649625013,,2023,0.19887117172280946
bg_random,61.06924469855365,21.45537225409669,,2023,0.09991184373696645
bg_random,61.07258199101137,21.32458564982801,,2023,0.5758209427197775
bg_random,63.34327299163815,25.37148101584189,,2023,0.16333829363187155
bg_random,66.64324341408351,28.469352033388954,,2023,0.2718547135591507
bg_random,67.48031346204137,25.713466988581576,,2023,0.19230383324126402
bg_random,67.38338323243319,29.215194842914563,,2023,0.22782142957051596
bg_random,67.87950442989604,26.927466731047204,,2023,0.39260074496269226
bg_random,65.26472180551121,28.77823071269203,,2023,0.1993489315112432
bg_random,67.63037637071734,26.31565920493255,,2023,0.025667034400006134
bg_random,63.45243917441253,26.06035615003477,,2023,0.507197509209315
bg_random,64.08053320636043,30.075012316049424,,2023,0.07973219128325582
bg_random,65.70007760435244,27.76815112452904,,2023,0.3791201760371526
bg_random,70.04173436041991,27.920467914860417,,2023,0.037265465672438346
bg_random,60.708346029916335,22.97064063505993,,2023,0.032040713781801365
bg_random,62.57646477566756,24.790946187828805,,2023,0.2328463320930799
bg_random,62.43105418444453,21.80495350680187,,2023,0.47718406716982525
bg_random,67.11264266533409,28.100677002537747,,2023,0.15790425427258015
bg_random,61.11126519503127,27.91837288066388,,2023,0.15132255448649326
bg_random,68.58938308988799,26.86116559223692,,2023,0.10240694352736075
bg_random,65.77697078074026,29.85654329260253,,2023,0.4334612389405568
bg_random,67.38693281809931,28.222575408398928,,2023,0.26663905878861743
bg_random,68.23097144870755,24.657770777184552,,2023,0.2538721350332101
bg_random,64.77312830598872,27.31575351893262,,2023,0.13298983592540026
bg_random,63.563267091687386,28.64525787061549,,2023,0.10829157382249832
bg_random,67.59321834508978,28.495078796700557,,2023,0.45429561535517377
bg_random,66.80121203918111,27.105736882374128,,2023,0.5813663005828857
bg_random,62.80875367311789,26.33577814387904,,2023,0.1285571480790774
bg_random,61.02034811787912,24.66483533659316,,2023,0.18511590858300528
bg_random,61.991233142986594,26.69934456602288,,2023,0.0940311923623085
bg_random,62.96581414905514,29.1247626087575,,2023,0.10911146675546964
bg_random,62.31871290620935,28.20137767153213,,2023,0.08749126394589742
bg_random,67.70831275758931,25.64920658604705,,2023,0.3517504384120305
bg_random,66.25172912758066,25.835160386749468,,2023,0.3846847712993622
bg_random,66.55115826085056,29.248973821954277,,2023,0.3172733585039775
bg_random,62.02932813376968,26.95948548713371,,2023,0.10302215566237767
bg_random,65.92115233608283,25.40870768845691,,2023,0.1459815464913845
bg_random,67.01779360690705,29.09770516010846,,2023,0.07531525318821271
bg_random,62.21478811177729,25.89321214162908,,2023,0.12777999260773262
bg_random,61.84302257921328,26.085047106375757,,2023,0.08989109843969345
bg_random,62.72373480278457,22.06838173632841,,2023,0.3101232089102268
bg_random,61.90098177431732,25.095992698505597,,2023,0.6248045961062113
bg_random,62.8083373636699,22.491592613366947,,2023,0.3841451456149419
bg_random,60.43755214610561,21.98605646379412,,2023,0.22442891945441565
bg_random,66.38837268538471,25.65373394357972,,2023,0.1803676833709081
bg_random,62.68187248329088,31.3585885818158,,2023,0.6396774252255758
bg_random,69.53165432761529,27.795990314444914,,2023,0.03744259992769609
bg_random,66.13600252867955,26.06555528378084,,2023,0.05674166480700175
bg_random,65.10018840031962,27.629893693577912,,2023,0.14551625090340772
bg_random,63.05787665628668,28.47041544636272,,2023,0.2258924494187037
bg_random,66.38853848675375,23.98287664665532,,2023,0.2114995370308558
bg_random,61.02703512066974,21.402804059118484,,2023,0.40357063213984173
bg_random,62.55086677752737,23.789181234605124,,2023,0.23808860902984938
bg_random,69.08433228484002,27.55039460981854,,2023,0.5887667536735535
bg_random,62.24794580748935,29.97447421264595,,2023,0.18078353255987167
bg_random,60.084476998794514,23.99647343659168,,2023,0.18045465648174286
bg_random,65.9075817412245,25.95128457722277,,2023,0.19805547098318735
bg_random,66.10775918954434,25.23235852447541,,2023,0.3993108967940013
bg_random,66.73662828161807,28.207676380797384,,2023,0.2999860451867183
bg_random,62.556986505785325,27.03500679085333,,2023,0.4168480436007182
bg_random,65.84119483660511,27.32600182732708,,2023,0.29684798667828244
bg_random,61.05805990287145,24.255526827735107,,2023,0.02568499542151888
bg_random,62.177005381866046,21.610316857225037,,2023,0.4061077336470286
bg_random,64.08862022103436,23.62846405569833,,2023,0.12826825895657143
bg_random,61.688632511653466,24.474103103560488,,2023,0.2100508213043213
bg_random,65.952170456908,29.96660758230508,,2023,0.1877742980917295
bg_random,61.93692443115022,25.01629944352772,,2023,0.8864279786745707
bg_random,63.10464598358354,26.00185551734705,,2023,0.35627968112627667
bg_random,67.22247955071364,24.951904354144855,,2023,0.17217631948490938
bg_random,65.03094153344006,26.844253129433422,,2023,0.15954536572098732
bg_random,65.00227278635833,28.36229637406192,,2023,0.47974511981010437
bg_random,66.79184651738018,25.967555214816617,,2023,0.602992832660675
bg_random,61.10098208591293,24.74172429796925,,2023,0.14867242239415646
bg_random,65.68079380009118,25.30262892089184,,2023,0.24106632048885027
bg_random,66.03416719380034,25.571488192217046,,2023,0.12079201188559334
bg_random,61.67859361419941,24.475226089675107,,2023,0.18436120450496674
bg_random,60.75761155379562,26.53303986470081,,2023,0.1098514770468076
bg_random,67.56035435373362,28.462571580099816,,2023,0.34621575971444446
bg_random,63.39461653674477,30.414782151192604,,2023,0.2510620206594467
bg_random,68.09403491736265,24.050969892935647,,2023,0.29877575238545734
bg_random,66.02229804167584,29.24388740560764,,2023,0.3241166224082311
bg_random,65.7288916215907,28.53513961792494,,2023,0.33500340084234875
bg_random,68.8238022408701,22.28486715219019,,2023,0.07331783728053172
bg_random,61.53193641473349,29.0005585919919,,2023,0.7789972027142843
bg_random,61.93233418822153,28.040771987906517,,2023,0.1502649694060286
bg_random,62.9631990403515,21.563108149593265,,2023,0.17412544911106428
bg_random,61.12852541725708,21.99153979176557,,2023,0.2564663589000702
bg_random,63.340573527291646,28.350572037763666,,2023,0.12163387859861056
bg_random,66.34143763195534,24.37224809853541,,2023,0.21802014609177908
bg_random,63.550470709439466,26.82018810055253,,2023,0.19739346951246262
bg_random,62.87488519735911,21.828918384562247,,2023,0.021094459497059386
bg_random,66.58849857131665,26.021850880969563,,2023,0.026084807701408863
bg_random,67.18894172917189,28.00133461531605,,2023,0.22701658060153326
bg_random,63.19927185135908,23.382534348341657,,2023,0.22841820617516836
bg_random,65.05447476055721,25.745212927771675,,2023,0.22616078704595566
bg_random,61.34951970147257,22.743074340146052,,2023,0.13729306558767954
bg_random,69.13133856341233,28.61060224744994,,2023,0.7193540930747986
bg_random,65.51171583189847,29.04072779517096,,2023,0.4749130705992381
bg_random,60.30018107668082,20.38672805325516,,2023,0.4273393750190735
bg_random,68.96571641319669,20.93153219925883,,2023,0.12149288629492123
bg_random,65.46909632634076,27.707141993133515,,2023,0.9275004466374716
bg_random,67.27329393792172,27.06179187942688,,2023,0.3198454628388087
bg_random,62.35261116077574,23.34542007449737,,2023,0.09110226264844339
bg_random,62.94682089324774,23.310866875190783,,2023,0.7194218834241232
bg_random,65.80917836145545,25.496127268697386,,2023,0.13329430793722472
bg_random,62.33949003297371,27.581545328965927,,2023,0.08893915141622226
bg_random,63.154803145243285,25.394767687195788,,2023,0.6836585402488708
bg_random,66.95057822256814,23.879014286871044,,2023,0.8415976166725159
bg_random,62.91975928776269,25.99460539018309,,2023,0.1081846986586849
bg_random,63.62640260250488,27.885338256934578,,2023,0.16298087065418562
bg_random,62.84837045191939,21.183863139359605,,2023,0.07085909663389127
bg_random,68.04857768622688,28.98297137177365,,2023,0.5626250505447388
bg_random,66.07105937856262,24.52614371533137,,2023,0.1192059339179347
bg_random,68.31228684478947,27.132102447516207,,2023,0.16134549817070365
bg_random,66.31520373162392,27.2346872894352,,2023,0.39691563447316486
bg_random,59.94329363660585,20.99678316168196,,2023,0.45506250858306885
bg_random,66.16771676544396,29.268126748869925,,2023,0.1745188906788826
bg_random,67.68594007867623,25.651623926963296,,2023,0.6979440848032633
bg_random,65.82084722196036,24.68227077422934,,2023,0.20064467067519823
bg_random,68.63436725702545,27.21073534939739,,2023,0.369680052002271
bg_random,66.71859471882803,24.74012543871232,,2023,0.185769102225701
bg_random,68.1436921714227,24.31866004685797,,2023,0.31663932154575986
bg_random,62.56038725136194,21.36518887729164,,2023,0.1306411363184452
bg_random,61.928903234142986,23.11058802263272,,2023,0.4456709673007329
bg_random,65.57668764634042,28.618430700736784,,2023,0.9101347724596659
bg_random,62.37244196982469,29.400085129017757,,2023,0.038158727499345936
bg_random,66.23322118081872,27.38797928762024,,2023,0.28883204360802966
bg_random,63.24489032481276,22.216389638472663,,2023,0.1933089718222618
bg_random,62.50399348766551,30.161004023219053,,2023,0.44604378938674927
bg_random,61.552747603535565,28.83866721850208,,2023,0.7279009421666464
bg_random,60.95509790881689,27.552271956778384,,2023,0.31568706035614014
bg_random,61.77338625066173,26.967403191449986,,2023,0.18772787849108377
bg_random,61.37724242225523,27.200736584904792,,2023,0.16133925939599672
bg_random,61.6332596749396,28.769168551540087,,2023,0.13695152352253595
bg_random,63.698793953291705,24.51868428018273,,2023,0.30769772827625275
bg_random,67.28874820624723,27.499299654661996,,2023,0.2925388738512993
bg_random,68.15245575442643,25.518719953932987,,2023,0.2083080168813467
bg_random,65.59365022815687,28.475439966411223,,2023,0.15215232549235225
bg_random,64.60588853586442,26.487229798484428,,2023,0.9544854561487833
bg_random,62.58049339119263,25.07320859603716,,2023,0.09143195922176044
bg_random,69.38878172956875,28.4187995441572,,2023,0.7224891583124796
bg_random,62.299062964816656,29.62018172287348,,2023,0.19889782865842184
bg_random,66.43364672055021,28.03880238012304,,2023,0.38800859947999317
bg_random,63.28132678906168,29.46163390256181,,2023,0.1463947296142578
bg_random,65.8524043734963,25.017118218193108,,2023,0.24442584812641144
bg_random,66.7233040696528,27.30387329697922,,2023,0.2978428602218628
bg_random,63.2270310389726,28.60700831199848,,2023,0.10502254590392113
bg_random,66.04277112304317,29.894103033750454,,2023,0.2543352395296097
bg_random,62.49592068768669,21.70025956255429,,2023,0.09089720870057742
bg_random,68.63038588056251,27.47510644984318,,2023,0.5965554515520731
bg_random,67.92617535333606,26.389375447389543,,2023,0.6313550670941671
bg_random,62.04544648259185,29.808930929953505,,2023,0.37145360310872394
bg_random,61.24808757419686,23.902708915716385,,2023,0.01853934722021222
bg_random,64.92572416395022,29.604388406840748,,2023,0.22311358402172723
bg_random,62.87849259116387,26.23919768587468,,2023,0.49816704789797467
bg_random,64.02665235996102,28.86671180654811,,2023,0.16437370578447977
bg_random,66.82198633786756,25.185443647783128,,2023,0.28220350046952564
bg_random,60.22453804760321,23.237280397848316,,2023,0.21727018368740877
bg_random,65.4490444740404,28.38583124569988,,2023,0.265768438577652
bg_random,66.24222801134363,28.83579823458776,,2023,0.2129246691862742
bg_random,65.8405643581339,24.493301073251352,,2023,0.3143802930911382
bg_random,62.41741643955688,30.000592271804813,,2023,0.2904953807592392
bg_random,62.18047070858237,22.92224680511432,,2023,0.15087299545605978
bg_random,66.06221139861053,24.67763580124475,,2023,0.12893865257501602
bg_random,61.938656969606136,28.248012288165665,,2023,0.16539416958888373
bg_random,62.37152914056883,24.32150835869143,,2023,0.7230230967203776
bg_random,63.71488364317255,29.092331017977656,,2023,0.11946319043636322
bg_random,62.374510061229074,24.57004365783963,,2023,0.22681593398253122
bg_random,69.32996180181088,27.12367353494213,,2023,0.14800017699599266
bg_random,62.219725568749794,22.012250188205737,,2023,0.2995618072648843
bg_random,67.70150789106457,26.238389836125847,,2023,0.01448165881447494
bg_random,68.48138934728675,27.980521227478302,,2023,0.5074542065461477
bg_random,65.70802171159269,27.075111867153964,,2023,0.2247308815519015
bg_random,68.38070139852866,26.320756116472865,,2023,0.29301145672798157
bg_random,61.765174689328376,28.320110715209395,,2023,0.5556453466415405
bg_random,60.70700580443089,25.108106400996498,,2023,0.17278167605400085
bg_random,62.40652312409004,29.057140400313244,,2023,0.0186153205189233
bg_random,63.21910600794449,21.74376402428172,,2023,0.16442563384771347
bg_random,67.43330683566475,26.91089341617676,,2023,0.10280591870347659
bg_random,64.83342313132766,25.88029442749418,,2023,0.25474922607342404
bg_random,67.62339386024908,28.75090294847361,,2023,0.5756887992223104
bg_random,65.45507393827332,27.838629243667796,,2023,0.13391493105640015
bg_random,63.23220244821897,23.34908458855578,,2023,0.21278301005562147
bg_random,64.50129205346533,27.840923291066385,,2023,0.03457072967042526
bg_random,62.41421865527256,25.17560335938655,,2023,0.32068422933419544
bg_random,68.34316136910529,23.258637367536256,,2023,0.9177318612734476
bg_random,62.65130007034061,24.789746857196675,,2023,0.21376221999526024
bg_random,67.1023429844849,24.307219687385256,,2023,0.24270485093196234
bg_random,62.00422426549515,23.09913745802614,,2023,0.31576211253801983
bg_random,68.149416689726,23.529012062648142,,2023,0.3268616497516632
bg_random,67.19939528742759,26.57248010885578,,2023,0.3811947703361511
bg_random,64.70889486714124,26.06066710326096,,2023,0.3572853008906047
bg_random,62.00546669099561,28.805089415038665,,2023,0.3394457921385765
bg_random,66.61245177974348,27.12588192498623,,2023,0.2650115316112836
bg_random,63.37403684923543,29.48429722714402,,2023,0.1629481619844834
bg_random,65.62309120275071,25.980844337093643,,2023,0.12316266695658366
bg_random,60.33159767087524,21.155770713563964,,2023,0.5420451660950979
bg_random,65.28565703201794,27.43161952733101,,2023,0.6262918512026469
bg_random,61.54357306361773,26.654921879300357,,2023,0.25958364953597385
bg_random,63.13025329850769,21.66986075945412,,2023,0.06448048384239276
bg_random,64.02976574620308,25.812066980235844,,2023,0.3120412876208623
bg_random,66.16002367904984,24.248722324784744,,2023,0.23404689133167267
bg_random,62.90523078437225,31.479153500578143,,2023,0.04124342494954666
bg_random,68.0470622969613,28.22250571054732,,2023,0.15557094290852547
bg_random,60.32585406194544,22.8578149690904,,2023,0.4001467128594716
bg_random,67.41722313786799,25.37143370313482,,2023,0.12089314218610525
bg_random,61.05228488777494,21.70665380443588,,2023,0.4114340990781784
bg_random,63.50666442601773,23.576012143858406,,2023,0.1704202430943648
bg_random,61.41281823168908,25.94688887295234,,2023,0.28211976091067
bg_random,61.0479207701212,28.345883561803177,,2023,0.2269280105829239
bg_random,64.22094188648744,25.62085094728984,,2023,0.2439830427368482
bg_random,63.20489938300631,24.33192381416281,,2023,0.4236869116624196
bg_random,67.2055820501876,26.32625942591937,,2023,0.06265451448659103
bg_random,62.16781575507177,25.75730182323225,,2023,0.7357110579808553
bg_random,67.90096889058455,26.53714688445785,,2023,0.2939660847187042
bg_random,62.32880156995751,24.245591956052348,,2023,0.023394969447205465
bg_random,64.25851985016307,25.471691506932704,,2023,0.1340621622900168
bg_random,60.5186443467422,25.235705389590528,,2023,0.15156013642748198
bg_random,65.87163566802481,25.862945476431257,,2023,0.12116294136891763
bg_random,69.27598640419886,27.350652021377,,2023,0.1262444475044807
bg_random,61.763330350731,24.115526836175363,,2023,0.24631028870741525
bg_random,68.28894728052977,28.29359216351463,,2023,0.6512533922990164
bg_random,67.77800999314928,25.170421072595204,,2023,0.12095153611153364
bg_random,66.92570424113745,26.09727404795586,,2023,0.2149720092614492
bg_random,67.21259147287903,27.305590504725888,,2023,0.2319457804163297
bg_random,61.40969620191717,27.399943024455325,,2023,0.4692077438036601
bg_random,66.9629681311918,24.18035226424659,,2023,0.34413761893908185
bg_random,60.28899341849408,22.8613270562668,,2023,0.19230682154496512
bg_random,66.91651524948229,27.998940147509785,,2023,0.08380887036522229
bg_random,60.68079299927573,21.42946097934091,,2023,0.6024157802263895
bg_random,65.38561491470637,27.21017427428058,,2023,0.2505166406432788
bg_random,65.52460662880648,27.18810382567897,,2023,0.28339176376660663
bg_random,68.9284615792686,26.220202791895343,,2023,0.5426550308863322
bg_random,67.77266850471591,25.9267723934642,,2023,0.10598307351271312
bg_random,64.88346912480253,27.53832700699184,,2023,0.2561933522423108
bg_random,65.77690387622943,29.034763736070506,,2023,0.24832732478777567
bg_random,63.52135765053057,28.209531364463604,,2023,0.18051017572482428
bg_random,60.423526568078266,22.734805984646936,,2023,0.48926275968551636
bg_random,66.33853990600547,28.244614868408227,,2023,0.07933297861988346
bg_random,60.12813888170976,23.27655628695989,,2023,0.5714097420374552
bg_random,61.98179673487146,25.578623326653663,,2023,0.18979317198197046
bg_random,67.222357502836,25.17976316200519,,2023,0.15245872425536314
bg_random,64.62823670277969,27.636346841880925,,2023,0.08754525830348332
bg_random,62.69935703682848,23.624103680487647,,2023,0.5560467541217804
bg_random,64.16899737610123,26.493995289531654,,2023,0.4683991074562073
bg_random,67.10938551723643,29.08830731938908,,2023,0.08604032794634502
bg_random,66.48613055038538,24.28256298270059,,2023,0.4493084152539571
bg_random,63.1359304450625,26.84306835099482,,2023,0.08607365873952706
bg_random,62.13682987296255,29.12507773045032,,2023,0.08398721599951386
bg_random,67.21374138457172,27.21638507511699,,2023,0.15277083792413274
bg_random,62.99017788236036,24.124666351683995,,2023,0.30132413903872174
bg_random,63.71772669425557,26.79840067223215,,2023,0.18223206823070845
bg_random,62.48569268961999,28.436596189574345,,2023,0.14980854218204817
bg_random,65.4350427599464,28.801853361952222,,2023,0.5513050158818563
bg_random,66.50951611913378,25.271194473407093,,2023,0.24768182759483656
bg_random,68.43546085423476,27.03491156765083,,2023,0.13852827375133833
bg_random,67.67708955240401,24.03076593203252,,2023,0.47294410069783527
bg_random,60.53548261298768,22.75831026374693,,2023,0.317334642012914
bg_random,62.799112931598025,29.843485958489072,,2023,0.07906659397607048
bg_random,66.80542585291357,26.63795593623212,,2023,0.6447490851084391
bg_random,63.27575238014178,22.64833779387208,,2023,0.1158272090057532
bg_random,65.97081879192196,25.012516761241013,,2023,0.11714926362037659
bg_random,66.76991778425827,25.717611217191912,,2023,0.18415419509013495
bg_random,62.787355900622565,26.807920652972697,,2023,0.1955504516760508
bg_random,62.83125975041491,26.64055003907457,,2023,0.28257640451192856
bg_random,67.56656153187436,26.485454790256075,,2023,0.4174797435601552
bg_random,63.3497160287694,24.64031624991795,,2023,0.21069726844628653
bg_random,62.37848736348662,29.545097848523667,,2023,0.21789682656526566
bg_random,69.35686557430944,27.766771503246545,,2023,0.2216376637419065
bg_random,60.97571268934761,21.863105322203054,,2023,0.15324156483014426
bg_random,67.24904422866402,25.711388734553037,,2023,0.15034931929161152
bg_random,67.72220099838735,27.098143294873225,,2023,0.28610693911711377
bg_random,62.10585621283115,23.77193971233381,,2023,0.3369237581888835
bg_random,63.03897459085657,28.100286616509408,,2023,0.1427788274983565
bg_random,60.15199449218822,23.36905276986921,,2023,0.055792169800649084
bg_random,66.51684204083665,26.139818421500856,,2023,0.12805321564277014
bg_random,63.10303715198717,23.565250718587404,,2023,0.024870534272243578
bg_random,61.94486004629782,23.357369692659358,,2023,0.09467350319027901
bg_random,62.98080129477578,30.785081991088564,,2023,0.5113838016986847
bg_random,66.47188767340388,27.962802865895224,,2023,0.3203039566675822
bg_random,67.70022057250056,24.159833455288084,,2023,0.562649687131246
bg_random,61.74793422599005,26.02272542605768,,2023,0.12397613686819871
bg_random,63.79950838266972,27.59128982949309,,2023,0.19060030952095985
bg_random,63.54084734255922,23.95012130720642,,2023,0.3990824520587921
bg_random,65.80902239695064,27.77139757847198,,2023,0.16961877793073654
bg_random,64.22658782294099,24.289980563530687,,2023,0.4470635950565338
bg_random,60.61373021120985,23.02928633082901,,2023,0.047033645173845194
bg_random,60.48958119276842,26.39800897029933,,2023,0.20626108348369598
bg_random,68.40031349420916,23.95661594691786,,2023,0.15532937459647655
bg_random,68.0846274941926,24.74912997831966,,2023,0.27617574234803516
bg_random,61.0461837651668,25.50277835091445,,2023,0.11490423232316971
bg_random,67.07364090962135,27.96086673775385,,2023,0.18407633093496165
bg_random,68.04239792973652,27.311156876890063,,2023,0.31457561751206714
bg_random,60.976164142428,26.59546333910115,,2023,0.22541020065546036
bg_random,65.8698689334803,29.48007844377937,,2023,0.24526463449001312
bg_random,60.60196863488835,23.113520147702197,,2023,0.08970973112930854
bg_random,67.51927566023642,23.764144553771374,,2023,0.7826178471247355
bg_random,67.5701016026049,25.1556821414166,,2023,0.07451870509733756
bg_random,67.54410372806464,27.720888513212905,,2023,0.5047383904457092
bg_random,62.31819894990776,27.261315303309484,,2023,0.16221216196815172
bg_random,62.98925448328646,27.006788869997862,,2023,0.1487979143857956
bg_random,67.433253658675,28.883802142720157,,2023,0.3142520884672801
bg_random,65.77690621823815,24.799508868019497,,2023,0.1266061244532466
bg_random,67.85028427499488,28.6762348723995,,2023,0.7554250359535217
bg_random,66.29195018203438,29.52837541370181,,2023,0.3747035712003708
bg_random,62.62460286818145,24.05027212345168,,2023,0.21169860661029816
bg_random,69.33241299894641,28.997785608540894,,2023,0.8191639184951782
bg_random,62.95268982075744,24.248273927294136,,2023,0.13666446010271707
bg_random,69.05755876511178,28.3074919338328,,2023,0.1254014939380189
bg_random,64.58888611314083,29.8052092579352,,2023,0.14719770476222038
bg_random,63.797280154465966,27.349612075712727,,2023,0.1357110932779809
bg_random,62.4613094858128,23.137409738214902,,2023,0.38667451838652295
bg_random,63.61380313421457,23.73850590858207,,2023,0.24838357915480933
bg_random,65.91413223078382,27.38209095489242,,2023,0.16405080600331226
bg_random,61.8394200934655,28.366458199770115,,2023,0.5334800978501638
bg_random,67.73646777889248,26.256557057037007,,2023,0.8628546992937723
bg_random,60.78487157427001,25.14819259126325,,2023,0.4330997169017792
bg_random,62.62646604328435,26.191698319309456,,2023,0.06032481168707212
bg_random,63.53407553186626,29.56679344646209,,2023,0.09853843638362984
bg_random,64.35485897081882,23.98655617735404,,2023,0.072463342299064
bg_random,62.327327174460365,28.26657692379224,,2023,0.1292371011028687
bg_random,63.896111424801965,27.75334842390745,,2023,0.1627106380959352
bg_random,62.60662108152296,24.700768814206494,,2023,0.3340194970369339
bg_random,66.11468855641161,27.792356504455448,,2023,0.02845768176484853
bg_random,66.39156960161871,25.00140731621585,,2023,0.16978410600374141
bg_random,62.23492246465087,21.99862829325352,,2023,0.3811370978752772
bg_random,63.21491974604682,26.61956734089428,,2023,0.2874248723189036
bg_random,65.6754977621106,27.745490662189027,,2023,0.21425878008206686
bg_random,67.23346234300786,27.62968741263758,,2023,0.06788798576841752
bg_random,67.14549949336977,23.86936273238975,,2023,0.23960680017868677
bg_random,62.95865186800717,31.074392315390394,,2023,0.2275591641664505
bg_random,65.03113110794028,27.23115942993744,,2023,0.2257036790251732
bg_random,65.81656319450006,27.016275694450037,,2023,0.14707671028251448
bg_random,67.83380060972306,28.218558430631997,,2023,0.6776966055234274
bg_random,60.36318095268277,21.1762717939147,,2023,0.53481724858284
bg_random,68.38427139492184,26.81143501603834,,2023,0.1333048384015759
bg_random,65.60560083355004,25.71833670811521,,2023,0.13737777822340527
bg_random,68.1927177261162,24.64352781245608,,2023,0.6159883936246237
bg_random,65.43391892734307,25.926114696596606,,2023,0.12509824335575104
bg_random,60.74764257435442,21.566713940826755,,2023,0.697771430015564
bg_random,65.00774749577734,27.468874646249155,,2023,0.562518447637558
bg_random,63.18304876375532,26.526848179681465,,2023,0.04413612466305494
bg_random,65.26986735964641,27.11259551991965,,2023,0.13891053975870213
bg_random,63.28034651601317,30.90610508013017,,2023,0.34809226791063946
bg_random,63.32327697101802,23.12837157349419,,2023,0.26723285019397736
bg_random,67.43783334183033,25.30947021431344,,2023,0.2198918287952741
bg_random,61.59142892355064,23.032578876589664,,2023,0.09053938370198011
bg_random,64.07854550402672,28.10241404622617,,2023,0.3769495338201523
bg_random,65.14417470623339,29.309713305051734,,2023,0.2998497933149338
bg_random,60.09571239797049,20.59560681502821,,2023,0.3667088101307551
bg_random,62.54870000406348,29.4111619528731,,2023,0.03332301811315119
bg_random,64.64270515386416,25.974551780991437,,2023,0.1932570288578669
bg_random,67.34038257668162,26.59006116018709,,2023,0.5418330430984497
bg_random,63.50128630680154,24.93810545526257,,2023,0.1753837037831545
bg_random,61.80608075357942,28.67860353890278,,2023,0.38210955262184143
bg_random,60.64466744156525,27.333084755104327,,2023,0.2744651635487874
bg_random,61.274053507469866,25.427473217565986,,2023,0.15337480418384075
bg_random,61.60551180974045,29.7016834507972,,2023,0.11741667240858078
bg_random,62.00134353396904,28.80178963344239,,2023,0.2773222128550212
bg_random,60.244167468013885,23.032502308577904,,2023,0.847244918346405
bg_random,62.188193765827386,26.25568308520671,,2023,0.1003425878783067
bg_random,65.00545706720227,26.58173169722085,,2023,0.31232813745737076
bg_random,60.79216332930667,21.67492734478877,,2023,0.32242939869562787
bg_random,61.93615534205474,22.866070398667496,,2023,0.31210672358671826
bg_random,63.34505656828307,22.036020293252285,,2023,0.1520475298166275
bg_random,64.14236979052372,26.67235877077444,,2023,0.12927945175518593
bg_random,66.51089456112163,28.3557599108556,,2023,0.3543380449215571
bg_random,61.25679474330776,27.916949767143016,,2023,0.3977292279402415
bg_random,62.08350037323728,27.33710029400091,,2023,0.09229496369759242
bg_random,64.57173651349878,28.759629296248587,,2023,0.22188337643941244
bg_random,62.08775444846016,28.199898213975487,,2023,0.09949444855252902
bg_random,62.3597465061877,23.58067160552868,,2023,0.5166189471880595
bg_random,63.96073535870055,23.880606013733583,,2023,0.05414138936127225
bg_random,63.12121408789441,30.85164995206623,,2023,0.18888713916142783
bg_random,62.50333897126514,22.49174210578518,,2023,0.29758483668168384
bg_random,67.29773657307265,29.321394481598,,2023,0.6643277208010355
bg_random,67.72599110305636,29.595323499001324,,2023,0.17573032031456629
bg_random,62.90290326022809,31.022499183083536,,2023,0.2635023444890976
bg_random,64.46615803139008,25.07810385034589,,2023,0.2970539977153142
bg_random,63.48118631907656,27.5474483593458,,2023,0.037009034461031355
bg_random,64.11459519413765,26.98571186714453,,2023,0.2344016171991825
bg_random,66.33862471001734,26.696140244263585,,2023,0.2623160108923912
bg_random,67.38072290507499,29.49545335339344,,2023,0.03484945536668723
bg_random,63.14203949603479,22.62707953327106,,2023,0.24659221867720285
bg_random,61.69942086033539,23.888096737244037,,2023,0.0629550243417422
bg_random,63.35835759537946,24.308737587624368,,2023,0.16120260208845139
bg_random,66.35267955320018,28.64004867029692,,2023,0.48376888036727905
bg_random,64.15976842273999,30.212545828852605,,2023,0.23967385043700537
bg_random,67.71668654245643,24.71368773566052,,2023,0.2970947027206421
bg_random,68.42205244108804,23.95135485891404,,2023,0.880509634812673
bg_random,62.99026314955248,26.332290628387774,,2023,0.18925065795580545
bg_random,67.42600839053028,26.966198426224608,,2023,0.51409579316775
bg_random,65.1334081425527,26.41944759131488,,2023,0.14517875264088312
bg_random,63.11787554241853,24.988187782441724,,2023,0.3045915166536967
bg_random,64.14199043328752,26.90711781522851,,2023,0.5055146714051565
bg_random,68.81512832311054,28.086884454152155,,2023,0.2278552825252215
bg_random,66.99413565603524,25.929265181139645,,2023,0.9244065682093302
bg_random,65.38989095402077,25.33040374559372,,2023,0.12893532775342464
bg_random,68.80991734356141,27.812526886419874,,2023,0.6750878294308981
bg_random,63.560191895951,25.85002234988602,,2023,0.19239885608355203
bg_random,67.01607939822242,23.91508053417869,,2023,0.45261696974436444
bg_random,65.0212430737176,29.289564568015383,,2023,0.19132431720693907
bg_random,66.59182712504207,27.99668855647749,,2023,0.361556534965833
bg_random,60.33971697989766,25.222764045039742,,2023,0.13422443841894469
bg_random,61.77314000643548,21.570376815850743,,2023,0.4567645688851674
bg_random,61.63528391973456,22.750047096310677,,2023,0.0987718574081858
bg_random,66.88835446263673,28.299552163188658,,2023,0.3182275320092837
bg_random,64.96414995913713,26.385843970288747,,2023,0.23603010177612305
bg_random,62.53481869659476,29.17112715866269,,2023,0.3345499187707901
bg_random,62.60612035121948,23.992217162314823,,2023,0.4467015564441681
bg_random,61.423423542600666,21.64733760951085,,2023,0.18166419366995493
bg_random,61.14316950294696,22.08449862100605,,2023,0.02645681387123962
bg_random,69.36121865463083,28.504865768341915,,2023,0.3415461679299672
bg_random,67.85944989005363,25.855057183177244,,2023,0.2284362663825353
bg_random,61.3231052398338,25.93734705114017,,2023,0.1752008373538653
bg_random,67.12641979605598,25.391033155567214,,2023,0.3231715013583501
bg_random,67.81262941924544,29.243269397117796,,2023,0.07875050728519757
bg_random,63.57350142808875,24.176225072093253,,2023,0.2951555947462718
bg_random,62.37398981415488,28.57787313953575,,2023,0.46116775274276733
bg_random,66.37182544740521,25.826724796396647,,2023,0.32967696090539295
bg_random,64.73049401447626,28.38858688620888,,2023,0.31667332847913104
bg_random,67.64672485561358,26.31254575346156,,2023,0.12494100878636043
bg_random,62.43355798158977,25.2844656337552,,2023,0.08882873753706615
bg_random,66.31004363905174,24.74189790399629,,2023,0.20520965258280435
bg_random,61.41354236142328,26.6992196155834,,2023,0.25416943927605945
bg_random,67.64273704725275,27.567847066630165,,2023,0.26181608190139133
bg_random,67.66780945524769,25.792297955547536,,2023,0.5626665949821472
bg_random,63.10519749965399,30.708271742846204,,2023,0.03272118881189575
bg_random,62.178131424882665,25.238102635719,,2023,0.09322968653092782
bg_random,68.90093654182806,21.06373729791293,,2023,0.12910953536629677
bg_random,65.17479090153981,29.212944411620164,,2023,0.26687112264335155
bg_random,60.95341590720474,24.848233640658226,,2023,0.16489592815438905
bg_random,60.407575542598174,23.72489096632641,,2023,0.2793292912344138
bg_random,67.57917186644964,25.76336216382303,,2023,0.2735442991058032
bg_random,69.17790541268526,28.765335608637624,,2023,0.5771325925985972
bg_random,66.80371833952715,29.007303906879088,,2023,0.28048380215962726
bg_random,64.73615940977898,26.72029236954272,,2023,0.18303044264515242
bg_random,67.2138404110754,25.57182554095853,,2023,0.21664851034681
bg_random,64.35118930613028,26.91270740269029,,2023,0.260356318205595
bg_random,62.72718326547839,25.883159510199203,,2023,0.18010468780994415
bg_random,66.73514934532899,25.662417517160247,,2023,0.5211394131183624
bg_random,69.45230949828243,28.78336446202193,,2023,0.7203445235888163
bg_random,62.93548799161173,31.133982864816517,,2023,0.38075317939122516
bg_random,60.91274618876047,24.385521844060108,,2023,0.02932109497487545
bg_random,61.87115761871183,27.53735974860725,,2023,0.2370549812912941
bg_random,63.65593685609229,22.82282754378968,,2023,0.09075171872973442
bg_random,62.57329043796359,31.125620178469383,,2023,0.17357178777456284
bg_random,64.75956329717552,28.23536720532545,,2023,0.2784908612569173
bg_random,61.214091282707,28.06016787087156,,2023,0.2925384963552157
bg_random,68.34376051594536,25.498897574166868,,2023,0.18739553540945053
bg_random,66.82335558198568,27.877829729466388,,2023,0.45210811495780945
bg_random,66.53131742248475,29.2803216220763,,2023,0.30875857422749203
bg_random,63.95033353142924,25.939205777076303,,2023,0.18899670677880445
bg_random,62.49777713780544,23.79334082512002,,2023,0.44287315011024475
bg_random,63.08140105030657,30.9757932161303,,2023,0.6128326853116354
bg_random,68.01538297864502,26.549414290808805,,2023,0.503524512052536
bg_random,63.29006145105726,26.894873922660377,,2023,0.35502363244692486
bg_random,64.04489008801694,25.37197215781073,,2023,0.31740135202805203
bg_random,66.11907682941083,25.53164119806462,,2023,0.24529032657543817
bg_random,61.309027768753374,25.3480347835427,,2023,0.2771504620711009
bg_random,64.42029706000285,29.989716012574466,,2023,0.29914506524801254
bg_random,66.05850782310307,28.451081950713537,,2023,0.4267500738302867
bg_random,62.14487715801173,21.70281338361256,,2023,0.22336362550656
bg_random,68.26638651135782,25.26230622174145,,2023,0.4368262787659963
bg_random,61.39863307684724,21.824850340690947,,2023,0.48547444740931195
bg_random,63.06890904003787,30.944281756798244,,2023,0.42845114568869275
bg_random,68.1758106333888,25.105585015211417,,2023,0.43930638829867047
bg_random,64.40363401861596,25.320202547135963,,2023,0.340341883401076
bg_random,63.90539634300089,24.35658321416829,,2023,0.2705618590116501
bg_random,63.46016895784893,27.898813874336984,,2023,0.24124767382939658
bg_random,62.76192362412616,27.01644974806602,,2023,0.15329384431242943
bg_random,63.82662912658648,25.70260424116963,,2023,0.1509534219900767
bg_random,65.73964853107215,28.217802831063302,,2023,0.1451302176962296
bg_random,61.54886024218269,27.09407319650281,,2023,0.25338273122906685
bg_random,63.66036271858181,23.4238413194025,,2023,0.32986340423425037
bg_random,63.16017300443032,21.32101739301951,,2023,0.26333263888955116
bg_random,69.6036503486996,29.161063487017756,,2023,0.792609969774882
bg_random,62.448526113816655,22.74318706458202,,2023,0.09828958474099636
bg_random,65.41693100621268,26.28185509890306,,2023,0.18027885754903158
bg_random,67.50706479132643,23.707278555938835,,2023,0.08356744237244129
bg_random,60.87623509597515,21.179060031533723,,2023,0.6547246177991232
bg_random,63.62687157244822,30.178657485379127,,2023,0.33300815522670746
bg_random,68.71436920032772,25.98042749380308,,2023,0.6760793725649515
bg_random,60.65087235910813,23.65041213141203,,2023,0.06212671411534151
bg_random,64.98770508600366,27.738826855758276,,2023,0.17794311294953027
bg_random,64.71427185030431,24.728356420549613,,2023,0.22914840032656988
bg_random,63.44594750950943,30.509212964870304,,2023,0.16655929014086723
bg_random,68.11879386742315,25.017910164267448,,2023,0.6111196676890055
bg_random,68.2026743092175,27.095176368028028,,2023,0.4807774821917216
bg_random,62.01832302063077,29.12323004381967,,2023,0.05678437976166606
bg_random,63.2622468251478,22.905461335253506,,2023,0.3133379593491554
bg_random,65.305560815273,29.45880541050649,,2023,0.3011716157197952
bg_random,62.912476584058446,22.940231433785613,,2023,0.028396469696114462
bg_random,64.57141003871217,28.386159058297142,,2023,0.42935342093308765
bg_random,60.02259584110822,23.17666699235869,,2023,0.5679219166437784
bg_random,67.65910017331437,29.20335627756565,,2023,0.7208506067593893
bg_random,66.29466555071123,24.03982975198088,,2023,0.43146764238675434
bg_random,66.43350652450891,27.045007463953315,,2023,0.15357601922005415
bg_random,64.25201018690149,25.494832562144214,,2023,0.23708136503895125
bg_random,60.06692712846665,23.44027548172155,,2023,0.33997313181559247
bg_random,60.38104076883265,21.06249936637119,,2023,0.29911452035109204
bg_random,68.41757077766475,25.955970368946552,,2023,0.5718152125676473
bg_random,60.03367516358416,20.404573878422,,2023,0.12804601093133292
bg_random,63.5019261035065,26.553079177614197,,2023,0.22399144868055978
bg_random,67.24442460793279,27.238160412971435,,2023,0.21182791516184807
bg_random,69.57376383471235,27.71416478375077,,2023,0.026382183462070923
bg_random,62.5069041851421,30.6977355724952,,2023,0.2834361493587494
bg_random,67.19215851621179,24.70654082562618,,2023,0.23090393282473087
bg_random,66.3823940290279,26.204562862003797,,2023,0.4299462040265401
bg_random,64.77815812874434,28.41998139099193,,2023,0.13726012703652182
bg_random,62.59166174230776,30.488086693790976,,2023,0.886299729347229
bg_random,62.86823875680861,27.658018072420617,,2023,0.04908626774946848
bg_random,63.41900613619523,29.88937578897784,,2023,0.5163019696871439
bg_random,66.44834196700609,27.547771851227115,,2023,0.36342719693978626
bg_random,64.03474625833614,23.73661178097981,,2023,0.4793652594089508
bg_random,67.16876082723005,23.905553152301643,,2023,0.05271473713219166
bg_random,60.99876986306928,25.871576466398334,,2023,0.161533422768116
bg_random,67.86819743364104,29.491947182883063,,2023,0.060414755096038185
bg_random,67.85924928668719,28.090144818881644,,2023,0.41602327426274616
bg_random,61.45282185617727,23.26777766716068,,2023,0.11224516729513805
bg_random,62.22000745498785,30.31879287048052,,2023,0.22655037293831506
bg_random,64.14704397307469,26.45822092649185,,2023,0.09696417053540547
bg_random,61.88308776914121,22.51328269930601,,2023,0.4114551842212677
bg_random,64.21927863446744,26.29294040468345,,2023,0.1577165350317955
bg_random,61.08624735472656,28.05885526878166,,2023,0.16117519264419874
bg_random,64.75999858717704,27.34485691608323,,2023,0.21646217132608095
bg_random,60.8400958403232,21.836559300261005,,2023,0.39874114592870075
bg_random,67.43639539351864,28.89750753931453,,2023,0.31027789413928986
bg_random,65.83904929038754,24.89863797387206,,2023,0.5493375857671102
bg_random,63.270908546047295,21.770434300903563,,2023,0.5491457680861155
bg_random,61.18857215512674,27.41945772327412,,2023,0.30940182507038116
bg_random,67.52802713233426,28.832414698520967,,2023,0.2464716136455536
bg_random,63.34827970091851,27.666726758747537,,2023,0.03589510238574197
bg_random,63.517932109842526,27.51277645712212,,2023,0.11550808760027091
bg_random,59.86651662213316,22.456817359845346,,2023,0.41574689249197644
bg_random,61.76891496061136,21.995947777420493,,2023,0.05220124746362368
bg_random,61.27439381089515,27.56025751120309,,2023,0.21689292415976524
bg_random,63.55413208966889,23.01545346918234,,2023,0.07119858637452126
bg_random,67.18896247580254,29.19361897699956,,2023,0.03894527225444714
bg_random,67.88794890455446,25.90889341514317,,2023,0.01630093320272863
bg_random,62.15423674037707,28.49732380015061,,2023,0.018192279152572155
bg_random,61.40434495232039,21.711582172703384,,2023,0.3689373383919398
bg_random,63.46805322814318,29.54673802940464,,2023,0.3295212959249814
bg_random,63.33181851077122,25.06403231681147,,2023,0.4288121263186137
bg_random,68.24714270171414,25.64763595697027,,2023,0.13967702568819126
bg_random,67.41182393960622,28.306732425764928,,2023,0.4340997238953908
bg_random,68.00104569603494,24.08848808925715,,2023,0.3763815462589264
bg_random,63.59500791186375,28.310377142373017,,2023,0.18107425794005394
bg_random,63.25835915790319,28.144646417385605,,2023,0.32291142642498016
bg_random,68.66633450840432,28.54359478104129,,2023,0.44887882471084595
bg_random,61.41140936104618,24.90552267470312,,2023,0.1379744882384936
bg_random,61.42566697843503,26.562071362660102,,2023,0.061350997537374496
bg_random,67.88831728471634,23.917295010845024,,2023,0.04660541253785292
bg_random,67.73400068518505,26.05682900027551,,2023,0.03533215867355466
bg_random,64.47938847874622,24.941328540902877,,2023,0.3579305013020833
bg_random,64.65152759594076,28.74033784114331,,2023,0.600082278251648
bg_random,68.23475810958594,28.03878144903347,,2023,0.6364046533902487
bg_random,62.7071819897758,21.17281642407268,,2023,0.1392676749577125
bg_random,61.90071446557018,21.60693158476468,,2023,0.18818270415067673
bg_random,66.50520408448142,24.721348412723124,,2023,0.13009749663372835
bg_random,62.5738036594258,31.285349093058127,,2023,0.529716690381368
bg_random,69.02912021006216,28.58227077839253,,2023,0.7973328232765198
bg_random,64.0895336993912,28.81216316333991,,2023,0.7720821102460226
bg_random,63.8229237236581,24.3021940461156,,2023,0.15104926377534866
bg_random,63.044778849357925,26.880256882047323,,2023,0.24924601117769876
bg_random,66.81506606367509,27.463067894498757,,2023,0.20824952175219855
bg_random,66.95973603737482,27.555936441888104,,2023,0.12096925017734368
bg_random,61.448917839164174,22.78449877938741,,2023,0.13035735736290613
bg_random,60.6112992892949,23.78965823444552,,2023,0.42870961626370746
bg_random,64.1760476176353,26.98172997288061,,2023,0.18379014606277147
bg_random,66.46687395198114,24.348987308839003,,2023,0.3723380963007609
bg_random,68.4374723602313,23.82274720583973,,2023,0.2757566273212433
bg_random,65.98865528109556,25.602933848879434,,2023,0.26226072013378143
bg_random,62.33289945604671,30.88812607267734,,2023,0.21025973558425903
bg_random,62.77497265907932,27.356256615009464,,2023,0.15605831642945608
bg_random,63.37898551639183,24.222899861323636,,2023,0.6391867200533549
bg_random,67.08883265687223,26.312563457064154,,2023,0.2845313499371211
bg_random,66.33540919744964,25.912384022934837,,2023,0.10879533489545186
bg_random,64.64830522766223,25.65245962574956,,2023,0.20497331519921622
bg_random,63.5867793003172,23.940684678041485,,2023,0.20642425989111265
bg_random,62.019541730909815,29.753625723541653,,2023,0.4205479274193446
bg_random,61.509113743716426,27.65497359415033,,2023,0.23568777243296304
bg_random,63.3225120988736,23.760030098830686,,2023,0.14831882094343504
bg_random,64.55958990442018,28.121141905933182,,2023,0.19728578875462213
bg_random,62.74574668739732,23.5689569357118,,2023,0.5280860165754954
bg_random,66.02510263397426,25.843049615011797,,2023,0.39009315768877667
bg_random,63.117766025571,31.05255283525292,,2023,0.1381138265132904
bg_random,64.5950239562587,26.05924682435202,,2023,0.20482693115870157
bg_random,61.14095805992759,27.278572806488576,,2023,0.4022820095221202
bg_random,60.470932146572366,25.727263100436584,,2023,0.2573905934890111
bg_random,63.610736754832,29.092415507505905,,2023,0.27891291305422783
bg_random,63.749710954674974,23.218409363458303,,2023,0.13294574183722338
bg_random,62.61245346760892,24.31790070763328,,2023,0.3594027062257131
bg_random,63.205887254,30.87884618046836,,2023,0.11211669243251284
bg_random,62.422957533383126,22.88302694214532,,2023,0.34165145953496295
bg_random,61.0766197829354,24.677897109650136,,2023,0.08243234331409137
bg_random,61.528954105485184,27.68066278653426,,2023,0.031159496943776805
bg_random,63.22102029568464,21.205293987143857,,2023,0.16024626046419144
bg_random,67.5627914830724,23.850706278548923,,2023,0.662496288617452
bg_random,68.64763945989569,23.454672696544296,,2023,0.02853634146352609
bg_random,62.77361353250096,22.11186115460169,,2023,0.08176544851933916
bg_random,61.05805403783862,28.707653398388,,2023,0.06115457167228063
bg_random,60.62880131450608,21.586777060826808,,2023,0.636525551478068
bg_random,60.19672097918131,24.698501515851024,,2023,0.0606897696852684
bg_random,62.34187021145247,22.136532898953863,,2023,0.3406226262450218
bg_random,64.70772989727122,27.34855507284908,,2023,0.3561721195777257
bg_random,67.0705987813004,25.94392641597623,,2023,0.4623359739780426
bg_random,66.80067784806234,25.00204767022817,,2023,0.4924561281998952
bg_random,67.23581795911785,25.63945676618833,,2023,0.40766937534014386
bg_random,61.84618769599473,27.493153715692003,,2023,0.18061142911513647
bg_random,62.88834502013444,29.256411990452328,,2023,0.22849673281113306
bg_random,67.48982833050935,28.55936966595803,,2023,0.2926673615972201
bg_random,64.01746317111719,28.98561191615501,,2023,0.13741268465916315
bg_random,65.55516117439883,27.752097432657116,,2023,0.10785358399152756
bg_random,67.65013468003673,26.60391176877965,,2023,0.0738553823903203
bg_random,61.5874790605101,23.543052043367904,,2023,0.2433341940244039
bg_random,66.29129252943562,24.329308323137138,,2023,0.17730985023081303
bg_random,61.42292342407784,26.720116930179547,,2023,0.3519255071878433
bg_random,66.9397213857767,28.936089131942456,,2023,0.13841663549343744
bg_random,63.26009831821961,30.57722212157846,,2023,0.14567720517516136
bg_random,69.39953838495825,27.983856546200165,,2023,0.10214411063740651
bg_random,65.77898280275942,24.834299049605413,,2023,0.08381624318038423
bg_random,64.16593270343863,25.870422581865625,,2023,0.293768306573232
bg_random,68.69404195990799,27.22668618401121,,2023,0.4627015193303426
bg_random,62.42514583356459,24.120476770537007,,2023,0.2769017269213994
bg_random,61.80932735353126,21.763903769899603,,2023,0.181618919596076
bg_random,66.11580088266733,23.99548915745992,,2023,0.09931388000647227
bg_random,61.322326523580216,23.43650876701996,,2023,0.12524480310579142
bg_random,60.17486862935583,23.296665860517045,,2023,0.14993107753495374
bg_random,62.65452571248485,22.01202352092939,,2023,0.13689699893196425
bg_random,67.59320875583491,29.254415636576237,,2023,0.523205429315567
bg_random,62.077426347325485,30.35930236386246,,2023,0.14577102909485498
bg_random,64.57404285233422,29.546334932950742,,2023,0.22110582143068314
bg_random,62.88820630791288,26.48093989635893,,2023,0.09803171455860138
bg_random,63.22245823125179,30.34600658344489,,2023,0.3160047233104706
bg_random,66.10597529189127,25.16555504637245,,2023,0.1971699297428131
bg_random,60.95090685515124,27.28193157578399,,2023,0.48953184485435486
bg_random,62.96612326669398,27.055687854059148,,2023,0.14068138971924782
bg_random,68.79326370246798,27.17102008190461,,2023,0.5672711332639059
bg_random,60.4613872537698,24.111911098748585,,2023,0.15383378913005194
bg_random,66.96689750141763,28.553346479705716,,2023,0.43060819307963055
bg_random,68.91973409445085,27.506432152804056,,2023,0.6188372174898783
bg_random,62.52394642075279,25.796272184964465,,2023,0.328435684243838
bg_random,64.75483813840638,25.326668356633814,,2023,0.4629213313261668
bg_random,67.32328884028533,26.17492766849257,,2023,0.057094049329559006
bg_random,60.76013843937616,27.05006130792356,,2023,0.4139327754577001
bg_random,64.47594179966435,29.245189835866096,,2023,0.4955355226993561
bg_random,64.98283777137625,27.16462205793047,,2023,0.12097714158395927
bg_random,63.35854856507145,23.281172256226828,,2023,0.21434452508886656
bg_random,61.1414981880229,22.87262751188547,,2023,0.031662692626317344
bg_random,67.78346068252723,29.316734536092817,,2023,0.04986763062576453
bg_random,63.3734778680151,23.15556886031832,,2023,0.1960897414634625
bg_random,62.667811470146425,23.37975148756772,,2023,0.20342904329299927
bg_random,63.10602264802816,22.250402937737405,,2023,0.2973042279481888
bg_random,62.78152843241419,23.669933934086224,,2023,0.3251241520047188
bg_random,67.17969215010345,25.07943316335321,,2023,0.3775527775287628
bg_random,66.59936263658193,27.83704524835286,,2023,0.3685658971468608
bg_random,65.27801044702906,27.333434579024367,,2023,0.2516428306698799
bg_random,63.51484396488612,26.330355808739046,,2023,0.1319341907898585
bg_random,60.7913238100628,26.16721890827775,,2023,0.7080445289611816
bg_random,68.23326960651485,26.56368869319224,,2023,0.4294808804988861
bg_random,63.0848787879446,31.01560810040337,,2023,0.24063798288504282
bg_random,60.840705860425686,25.164690261255732,,2023,0.24561083316802979
bg_random,69.22999340423479,28.442805403848208,,2023,0.6151269872983297
bg_random,64.22509428831417,27.594091563421028,,2023,0.0372973537693421
bg_random,68.03906746811435,28.79806204926736,,2023,0.3529796600341797
bg_random,61.643366590033246,24.880482298716657,,2023,0.19160627573728561
bg_random,62.91430601424904,27.98441889891832,,2023,0.5105395217736562
bg_random,63.18608024894113,22.083073667123514,,2023,0.5008301138877869
bg_random,61.647567335179616,27.1994667954813,,2023,0.1800710136691729
bg_random,62.85029735377777,22.52607982112245,,2023,0.23777042826016745
bg_random,60.48084751838382,26.01624474339605,,2023,0.4232185284296672
bg_random,64.97179516440698,27.961085522397426,,2023,0.18604382872581482
bg_random,65.73953961029129,29.16204542278679,,2023,0.1037956674893697
bg_random,64.61471152208176,28.99428429762896,,2023,0.08952573935190837
bg_random,65.86155420710375,25.13987923996407,,2023,0.0667471675357471
bg_random,62.733545218950375,22.24397068366347,,2023,0.5077774922053019
bg_random,62.38410592167996,28.41161793663057,,2023,0.13065751269459724
bg_random,64.17360682376334,27.017610099561875,,2023,0.16614669933915138
bg_random,63.01721602844457,23.940755469174874,,2023,0.34985296924908954
bg_random,62.541123501298166,22.55736405244442,,2023,0.539929062128067
bg_random,66.2965087448951,29.03172015345048,,2023,0.2644888237118721
bg_random,59.83232212790086,23.17709799187764,,2023,0.667139450709025
bg_random,60.59973273047788,25.217546868186545,,2023,0.31936100870370865
bg_random,67.64807096541799,27.18567874458916,,2023,0.1452199798077345
bg_random,64.1744988263953,28.58294515778493,,2023,0.10122024950881799
bg_random,69.03504276470194,26.57626143150187,,2023,0.46861545244852704
bg_random,65.47238025445887,25.92384590222724,,2023,0.8923437595367432
bg_random,68.49712954490707,23.54844172849363,,2023,0.24924172957738241
bg_random,64.29227316752512,28.01539200273396,,2023,0.15559223542610803
bg_random,64.80773481586067,27.694142179661988,,2023,0.14232600977023444
bg_random,68.19278440998347,26.341375248407758,,2023,0.10922716061274211
bg_random,64.48668596676697,25.19055900347462,,2023,0.33959680298964184
bg_random,62.07422034596719,23.072364785175164,,2023,0.7574707667032877
bg_random,68.31681888691668,24.9739149273749,,2023,0.3712241550286611
bg_random,65.5129286414621,29.66594215632155,,2023,0.2817767709493637
bg_random,60.46030726339616,25.020925490363723,,2023,0.20923335229357085
bg_random,60.40293143183978,24.134240150187946,,2023,0.05666311178356409
bg_random,61.959811618288256,21.64540739635072,,2023,0.07758025111009677
bg_random,61.997042919447054,28.651828879155318,,2023,0.3589942504962285
bg_random,68.82922236785281,26.97915856385832,,2023,0.6474606792132059
bg_random,60.66186396187842,25.27677066214276,,2023,0.31316202878952026
bg_random,62.41700228196021,25.890398004284947,,2023,0.15072685480117798
bg_random,64.52402784704316,25.09937964000092,,2023,0.4209397534529368
bg_random,61.13498334425167,27.726835158712404,,2023,0.07143659206728141
bg_random,63.86386138271967,28.260692846173747,,2023,0.06964870200802882
bg_random,60.44881264630768,23.49778229069465,,2023,0.4687617023785909
bg_random,64.62835163528429,29.940569607211035,,2023,0.4559944619735082
bg_random,68.49526842936369,23.67678162185648,,2023,0.18271410961945853
bg_random,63.57342710012298,28.88209476553101,,2023,0.08634948233763377
bg_random,64.05110333431875,27.548437243298576,,2023,0.4130053122838338
bg_random,65.55862492678293,27.58480698718104,,2023,0.04778431914746761
bg_random,64.77712297569538,27.73037179956595,,2023,0.22350995118419328
bg_random,62.51265308171936,23.93074818579058,,2023,0.37543564786513645
bg_random,64.29320917700447,26.31981043009033,,2023,0.21015497545401254
bg_random,63.08746914855284,28.615145601898924,,2023,0.6380243897438049
bg_random,62.73442002258587,27.377054729475987,,2023,0.19614475965499878
bg_random,61.04396397835502,21.79978656855131,,2023,0.19898239274819693
bg_random,65.97608761694522,24.112396258974734,,2023,0.05101512807110945
bg_random,67.26648288024234,24.23758319414835,,2023,0.23084982360402742
bg_random,67.89612917527892,28.024421444588675,,2023,0.2805279145638148
bg_random,66.92787622911365,24.22688185811215,,2023,0.2625284145275752
bg_random,64.23667331954704,25.483787214709043,,2023,0.19459914664427438
bg_random,62.29515893920105,28.150152620455067,,2023,0.2590863108634949
bg_random,64.44936048424182,25.078616341762,,2023,0.5369745294253031
bg_random,64.49027360478782,25.53935705172592,,2023,0.3047615985075633
bg_random,64.11675824089298,28.993023232466825,,2023,0.17892435689767203
bg_random,66.73383445756568,27.815107435597607,,2023,0.1353644443054994
bg_random,65.34559302122454,26.720365237492828,,2023,0.5153451065222422
bg_random,67.68338309083227,24.951897159634974,,2023,0.07469876568454008
bg_random,60.391463054078784,24.507027551103896,,2023,0.11338136345148087
bg_random,61.03736822419052,22.92029601582342,,2023,0.12467385393877824
bg_random,61.25159502953,24.147651402627147,,2023,0.01594752670886616
bg_random,67.09056292049237,27.108839372331364,,2023,0.25659961501757306
bg_random,62.116756758939175,26.35986048285612,,2023,0.2543931355079015
bg_random,63.8226133131372,23.69287749947181,,2023,0.3148266573746999
bg_random,62.64390784932507,26.60973943781535,,2023,0.1377538392941157
bg_random,69.72788405961845,26.986552367892724,,2023,0.6174491047859192
bg_random,66.9988053835526,26.83909929153072,,2023,0.502190371354421
bg_random,66.86527158552275,26.072128542918232,,2023,0.11672983318567276
bg_random,64.41530409620435,27.95518163944821,,2023,0.10549687407910824
bg_random,64.24925620308184,28.84573079569247,,2023,0.3025077482064565
bg_random,65.85695024582341,25.39304669938745,,2023,0.20365325609842935
bg_random,66.5351760216929,25.62995204748327,,2023,0.20146659885843596
bg_random,68.41773951046747,27.157661553836903,,2023,0.5807013312975565
bg_random,68.48115963884028,28.19316801849099,,2023,0.7681622703870138
bg_random,62.07158440002447,23.065653885375596,,2023,0.027228344658700127
bg_random,68.04132367430806,27.936904765213413,,2023,0.02564612919619928
bg_random,67.21370302627881,25.214487840333383,,2023,0.22497250263889632
bg_random,67.91450154865575,25.74784938583056,,2023,0.32719263931115466
bg_random,62.51270403110804,28.13988200765969,,2023,0.13302190601825714
bg_random,67.35784544809415,23.951550141940597,,2023,0.16059659669796625
bg_random,61.89544262992263,26.250017023592136,,2023,0.2498890683054924
bg_random,60.99927456559428,22.548650886258923,,2023,0.8701015909512838
bg_random,62.71377397668041,30.859215698697945,,2023,0.06652557213480274
bg_random,64.36459373119894,29.33856672189595,,2023,0.05313358145455519
bg_random,66.04570156195597,24.877363654816936,,2023,0.14711379011472067
bg_random,67.11634931844878,27.84566902270808,,2023,0.02921255856441955
bg_random,62.04674708290814,25.49909161872124,,2023,0.5181605915228525
bg_random,66.63344416755872,27.707680793893747,,2023,0.4593673100074132
bg_random,65.23236374275032,27.330805742581813,,2023,0.257976492245992
bg_random,60.55717401261144,25.29255881193385,,2023,0.24772684772809347
bg_random,65.97966027862299,27.28338323216009,,2023,0.31829115251700085
bg_random,63.80364418911469,27.438048488310965,,2023,0.3107900420824687
bg_random,63.81727292715342,24.292002720126995,,2023,0.2354021022717158
bg_random,61.25450481849598,27.64012566140053,,2023,0.030715934233739972
bg_random,61.696479959972976,29.5289597997106,,2023,0.27071675658226013
bg_random,65.81551525020511,29.57920877673763,,2023,0.20510585606098175
bg_random,68.44879902515258,27.762083145878144,,2023,0.46772926052411395
bg_random,65.81816822374795,26.02039047547588,,2023,0.17169984926780066
bg_random,62.011693662076766,22.58402444330196,,2023,0.27354563524325687
bg_random,66.13621202866733,26.076535515163208,,2023,0.20487302293380102
bg_random,69.27363883078807,28.175454059525208,,2023,0.6455826361974081
bg_random,65.69431885763406,25.121232585103108,,2023,0.7272377411524454
bg_random,62.937578055436425,26.27801265777091,,2023,0.08848709054291248
bg_random,64.91462426971054,26.01288678314495,,2023,0.06833884492516518
bg_random,60.412688839789816,26.330875030747418,,2023,0.3090780129035314
bg_random,61.23370512299525,22.237555623659187,,2023,0.8838468988736471
bg_random,61.06679690939157,26.64322266834356,,2023,0.4011918803056081
bg_random,62.54669987845081,23.162463236264774,,2023,0.6735079288482666
bg_random,63.021375810723086,24.000745817839263,,2023,0.3355548481146495
bg_random,68.57362904668646,25.941668397191364,,2023,0.03399168513715267
bg_random,63.92615223080058,26.17308609969785,,2023,0.44419044256210327
bg_random,63.11913502396841,27.252309756749607,,2023,0.11628713055203359
bg_random,64.35363726326815,29.621072583027686,,2023,0.4448167383670807
bg_random,66.81508177083957,28.057096291244903,,2023,0.4261527458826701
bg_random,64.96166232015338,27.65882358244585,,2023,0.1737299213806788
bg_random,61.198365725063695,22.29688288369322,,2023,0.8448661963144938
bg_random,63.00348103482103,26.805238138726786,,2023,0.22777190804481506
bg_random,68.17851128183244,24.833702485498936,,2023,0.6331576704978943
bg_random,64.56519960057618,25.754742342361546,,2023,0.4366732935110728
bg_random,69.61843102304094,28.43367310029041,,2023,0.7438495953877767
bg_random,66.90957833323404,27.833027671824475,,2023,0.24088322122891745
bg_random,61.35802402291989,24.919269213056527,,2023,0.20591605951388678
bg_random,66.81347496277017,24.306505375364534,,2023,0.3496611217657725
bg_random,60.55358320555066,24.84537762500454,,2023,0.7125702897707621
bg_random,63.15696357288219,21.72957771280735,,2023,0.33184369405110675
bg_random,64.68961923688924,28.832698805669956,,2023,0.378114253282547
bg_random,66.99643596393719,26.28875496012723,,2023,0.09720137839516003
bg_random,61.81750300552519,23.158458468882355,,2023,0.10175895566741626
bg_random,66.29471792310673,24.996254584702346,,2023,0.1895765190323194
bg_random,63.23585000534003,29.70311605065064,,2023,0.6003003120422363
bg_random,62.43256574063588,28.593356384371905,,2023,0.15385939180850983
bg_random,63.21873889619786,23.849704236490147,,2023,0.05492400525448223
bg_random,62.06143934761198,22.86619763420552,,2023,0.18156848847866058
bg_random,64.86316940450213,27.75026041721081,,2023,0.44188912709554035
bg_random,60.2837468382451,25.22811781734445,,2023,0.09505493255952994
bg_random,65.0865423941363,29.197435145362284,,2023,0.16754073773821196
bg_random,69.46227874444892,27.084795532774866,,2023,0.1390961717503766
bg_random,64.6110251499582,27.72591270245049,,2023,0.2347490812341372
bg_random,61.87962253614983,28.23161013181372,,2023,0.3643845096230507
bg_random,62.750541087869024,31.196502633551344,,2023,0.27651961147785187
bg_random,64.29795520148387,26.06144567667353,,2023,0.5171826382478079
bg_random,63.6405690794122,23.683381297728683,,2023,0.17445078181723753
bg_random,60.74741022101402,25.151232736613167,,2023,0.3162323534488678
bg_random,66.11535589481927,28.878341468968625,,2023,0.2406775231162707
bg_random,63.12107284733406,30.390205636837624,,2023,0.4882596929868062
bg_random,60.77906552642997,22.240855895203904,,2023,0.4472152392069499
bg_random,60.73298241624608,22.48073122277157,,2023,0.48633308211962384
bg_random,64.82619889232589,28.365529846037543,,2023,0.2949687639872233
bg_random,63.7450579162064,24.08156970746177,,2023,0.06575763660172622
bg_random,67.25340776707988,26.7250396341142,,2023,0.24085355053345361
bg_random,68.9564562250526,28.219233303061674,,2023,0.5186078250408173
bg_random,67.9514391572044,25.512450253460187,,2023,0.1348099196329713
bg_random,69.07863615925613,27.37439361935849,,2023,0.39492321014404297
bg_random,64.36447500123252,26.432401501136415,,2023,0.10639715815583865
bg_random,61.05380926156614,25.208693603249312,,2023,0.16496932382384935
bg_random,62.56846350975611,22.454735039234365,,2023,0.7250483830769857
bg_random,63.96127059514001,29.099927465946312,,2023,0.2354886382818222
bg_random,67.75119457533503,28.247215669535255,,2023,0.45237069328625995
bg_random,69.22306656888695,27.841274069079844,,2023,0.7992862462997437
bg_random,63.13096547728572,28.72705855352485,,2023,0.5188702841599783
bg_random,68.36500315946327,23.20752354966338,,2023,0.4494265119234721
bg_random,61.48896283221942,22.269554828733398,,2023,0.28014252459009487
bg_random,61.28500696858661,25.73294288787154,,2023,0.3640899459520976
bg_random,62.01810233130898,23.94582686872423,,2023,0.23911955952644348
bg_random,60.7411303547012,23.868903417777567,,2023,0.031057157398511965
bg_random,68.67277704882724,27.453929879095856,,2023,0.35383306940396625
bg_random,62.94321015512122,25.27172032871024,,2023,0.46481436491012573
bg_random,63.49586488629126,29.049287998945985,,2023,0.10556624395151933
bg_random,61.43507487412966,24.48683932296387,,2023,0.16498534629742304
bg_random,63.50750491884608,30.34588897902861,,2023,0.178239601974686
bg_random,61.8579083397179,23.204844548698286,,2023,0.22314840803543726
bg_random,61.47609890840221,26.264927456365776,,2023,0.10218921676278114
bg_random,60.207650282879605,22.831706145878925,,2023,0.5616301794846853
bg_random,68.14889491105475,25.868013629726956,,2023,0.01734318941210707
bg_random,60.69422919765034,22.52638788257501,,2023,0.2850562085707982
bg_random,66.11097008777496,29.33674239883615,,2023,0.42071258028348285
bg_random,63.098058612753626,29.204487459243648,,2023,0.06805560023834308
bg_random,63.63451005305476,24.90260424812696,,2023,0.2148666779200236
bg_random,62.13064967514292,27.583981354713,,2023,0.06875665485858917
bg_random,67.61062237912395,27.353266642835585,,2023,0.311841959754626
bg_random,62.14324848609193,27.768688917602585,,2023,0.024677340329314273
bg_random,67.93797282150926,26.25698736642012,,2023,0.1539355789621671
bg_random,62.16371749815934,25.20084722248131,,2023,0.15863102674484253
bg_random,66.03709308875702,24.23480048724774,,2023,0.15070551882187525
bg_random,67.06647387724385,24.827403691298397,,2023,0.5386105080445608
bg_random,65.99832659008828,24.133870516318645,,2023,0.388910045226415
bg_random,65.28928642821066,27.690658521684096,,2023,0.09415148260692756
bg_random,64.21830820165802,25.677698806488028,,2023,0.22535823037226996
bg_random,65.6587014559986,27.58045149499869,,2023,0.1851838380098343
bg_random,64.20328742378871,27.309907930832395,,2023,0.21957053492466608
bg_random,64.01473915033843,26.679419032241032,,2023,0.13062835857272148
bg_random,65.96182055041756,24.85580324787632,,2023,0.16058341475824514
bg_random,66.49641246105095,26.05710518069073,,2023,0.1377961461742719
bg_random,62.17829474989711,23.14746127880641,,2023,0.48742849628130597
bg_random,64.17576854320738,30.44342364537813,,2023,0.19159784664710364
bg_random,61.30659482393264,24.87367246987148,,2023,0.09590771157915394
bg_random,60.437467929457725,26.91002846467699,,2023,0.3152763843536377
bg_random,63.260428508610914,28.71151875216699,,2023,0.20948698247472444
bg_random,65.83664983243537,25.443367505439248,,2023,0.2072510483364264
bg_random,60.57209503880743,25.383158665122902,,2023,0.19280495742956796
bg_random,66.46306255643876,28.799218359929004,,2023,0.057098851849635444
bg_random,66.43615324704881,24.44484564549288,,2023,0.21548948685328165
bg_random,60.35245997682174,24.613854194020803,,2023,0.6126936475435892
bg_random,67.9170308902056,25.72215725928396,,2023,0.2496407963335514
bg_random,62.36708633484181,30.705254833101694,,2023,0.058377136631558336
bg_random,60.34472665123892,20.785679996540185,,2023,0.5815323889255524
bg_random,62.12240646465613,21.294380272075344,,2023,0.6569281021753947
bg_random,63.025033112838805,30.212265738918948,,2023,0.15491044583419958
bg_random,67.61668101154136,25.33433658222,,2023,0.27137597650289536
bg_random,59.904416816692255,23.72823830379994,,2023,0.36255597074826557
bg_random,62.900484995554656,29.366005338193617,,2023,0.07913108480473359
bg_random,62.07988184574203,26.25282260816305,,2023,0.13148054977258047
bg_random,66.85147310172601,27.799684381360795,,2023,0.10450738668441772
bg_random,65.50323764756578,28.470679159704613,,2023,0.252361719806989
bg_random,62.144449542902,25.4107547649476,,2023,0.33752469221750897
bg_random,66.7068845011001,28.69401504488084,,2023,0.22994613274931908
bg_random,61.87455842166347,25.31734464624469,,2023,0.05016898332784573
bg_random,61.92119009053085,27.99377149966135,,2023,0.10819957032799721
bg_random,63.32907466916972,27.478423108290688,,2023,0.6952433586120605
bg_random,66.35209683168767,29.556967958742284,,2023,0.2106271212299665
bg_random,61.16437689429525,28.11500366647532,,2023,0.5875895420710245
bg_random,64.81271560511937,28.197362601874104,,2023,0.2713652898867925
bg_random,63.23136716279514,28.70342978268966,,2023,0.09561862548192342
bg_random,66.2673010005242,25.12352991221973,,2023,0.1505855986227592
bg_random,63.39168512089747,24.449143353616083,,2023,0.5590465863545736
bg_random,67.45599131758283,25.35793323473504,,2023,0.3419857422510783
bg_random,66.15458701936058,27.09239297669858,,2023,0.31163784861564636
bg_random,66.16173530564106,28.339891754621227,,2023,0.3418354094028473
bg_random,66.97530456801913,27.11785559145705,,2023,0.14064744797845682
bg_random,68.49154287916663,28.07990690235654,,2023,0.24595461040735245
bg_random,65.31265034707,29.08369036129345,,2023,0.18006713191668192
bg_random,63.60356195726393,24.486971650921877,,2023,0.3039831817150116
bg_random,68.44327486287254,25.84863503576456,,2023,0.1301706756154696
bg_random,62.26304454502631,22.351497573652573,,2023,0.33709972103436786
bg_random,60.71826158482361,27.822971839349297,,2023,0.8929739793141683
bg_random,67.477631970185,28.741660355809746,,2023,0.6300041079521179
bg_random,68.1404445754618,28.341081946277185,,2023,0.8479323983192444
bg_random,64.73485695641125,29.88052218839372,,2023,0.5329933067162832
bg_random,63.67246736275919,25.794058686400685,,2023,0.22913748398423195
bg_random,67.81906202937763,28.683112921949174,,2023,0.06459917896427214
bg_random,62.10732291532052,28.16234741174997,,2023,0.8969432512919108
bg_random,64.17288301505845,26.205904657300103,,2023,0.2552530840039253
bg_random,67.24707131462748,27.636346139832582,,2023,0.03742089650283257
bg_random,68.30585866020327,27.793378911748952,,2023,0.6820904016494751
bg_random,67.73136441142267,23.97466551770651,,2023,0.5572283665339152
bg_random,61.91707281846333,23.851035065185854,,2023,0.29986321181058884
bg_random,66.30634295470922,27.363772010220128,,2023,0.25281867881615955
bg_random,66.66169867161945,29.27169483090724,,2023,0.8354162176450094
bg_random,65.00238225595945,28.427464728403606,,2023,0.25948770592610043
bg_random,67.769605858024,29.30133448189888,,2023,0.31766290962696075
bg_random,62.80242956183256,27.399573851537838,,2023,0.20007436287899813
bg_random,67.15260028339262,28.530558097603063,,2023,0.08246156728516023
bg_random,66.26725026706764,29.474562717493846,,2023,0.43858687082926434
bg_random,60.994746350429686,25.37828673932691,,2023,0.5186750193436941
bg_random,63.951197229952406,26.04269853869901,,2023,0.053570881796379886
bg_random,65.77265157441569,27.62529420233486,,2023,0.40706151723861694
bg_random,62.00075500830087,25.470800922989078,,2023,0.10123806819319725
bg_random,67.79093813686917,27.107534815277265,,2023,0.22221547116835913
bg_random,63.86731585348657,24.301846283753587,,2023,0.18707234660784403
bg_random,61.34188597859681,28.328274919199803,,2023,0.1677602417767048
bg_random,61.14097104057841,21.529743473742844,,2023,0.39478442072868347
bg_random,63.59404669646418,29.642859411543977,,2023,0.6404652992884318
bg_random,62.26607275542577,28.95352952292545,,2023,0.03554077772423625
bg_random,60.46592090834189,22.4763040462879,,2023,0.5612650712331136
bg_random,61.78723428981975,22.893104457093948,,2023,0.1589980646967888
bg_random,61.455094718005725,26.968036208662564,,2023,0.332474485039711
bg_random,61.45389960952072,26.200021365374297,,2023,0.13934148102998734
bg_random,63.49453511877736,27.30927637630044,,2023,0.24084805200497308
bg_random,65.15559070795268,26.401556821462357,,2023,0.01701075645784537
bg_random,67.48982289108187,24.735539934087303,,2023,0.16188623321553072
bg_random,61.37141760748182,28.785494624238503,,2023,0.024046050384640694
bg_random,66.15668600880993,24.6097096947841,,2023,0.22089973588784537
bg_random,60.22621447502136,22.23864799090608,,2023,0.5954312284787496
bg_random,67.76894524009008,26.40711665071641,,2023,0.1343757063150406
bg_random,62.64950958396877,26.823171890141207,,2023,0.16300724322597185
bg_random,66.54252143718858,26.54741136070602,,2023,0.42049533128738403
bg_random,66.35774099507299,25.5674037420414,,2023,0.44818567236264545
bg_random,60.112070795244286,23.182133548551064,,2023,0.47340086102485657
bg_random,62.643997708002566,23.365162911072414,,2023,0.5181337495644888
bg_random,64.584334445145,29.16252851377228,,2023,0.15946727246046066
bg_random,67.05103292817418,29.05937335439761,,2023,0.48596689105033875
bg_random,62.047526366505465,28.217283835749797,,2023,0.14126584927241007
bg_random,67.04567719766067,24.647183233061817,,2023,0.5390519599119822
bg_random,64.67986342687148,27.920891556675183,,2023,0.31463177998860675
bg_random,62.04282680432758,30.22473838891804,,2023,0.20874767005443573
bg_random,65.1906388730634,25.375436134390338,,2023,0.42955676714579266
bg_random,63.07002396337922,27.25156787598964,,2023,0.20691202829281488
bg_random,62.80854485578203,30.25678848591209,,2023,0.2107852858801683
bg_random,64.67117596879581,29.43437360304034,,2023,0.18239902146160603
bg_random,61.46298492931313,26.939208405783408,,2023,0.31235211590925854
bg_random,62.96575143445188,25.135313049356277,,2023,0.1678194167713324
bg_random,65.13881295797673,26.27573491823402,,2023,0.3042624245087306
bg_random,61.04983384441911,26.54356214397614,,2023,0.29764315982659656
bg_random,60.02930153339517,23.831683196962132,,2023,0.5896001060803732
bg_random,61.4749272876026,22.660064993017283,,2023,0.16230727608005205
bg_random,63.26826562644942,23.49677035773749,,2023,0.2326044663786888
bg_random,62.67451341769427,22.77204148911411,,2023,0.2169023479024569
bg_random,66.52897489400192,23.876488857453005,,2023,0.183291623989741
bg_random,66.85162998444954,25.26825993008708,,2023,0.24686312302947044
bg_random,61.63135770799783,28.609049058517137,,2023,0.13936702410380045
bg_random,61.120773910469495,22.259058745946955,,2023,0.18571667869885763
bg_random,62.16802300414576,21.897033740341698,,2023,0.2999192401766777
bg_random,62.313585198591205,28.43887174502155,,2023,0.17794620742400488
bg_random,62.28064161824442,23.69798130111623,,2023,0.11944942362606525
bg_random,65.58821110972673,29.461185201881907,,2023,0.10551000262300174
bg_random,60.033258956852585,23.76952023331612,,2023,0.0934828935811917
bg_random,65.32905289325306,27.510655966129008,,2023,0.22291761140028635
bg_random,63.28939639320195,29.17791877204192,,2023,0.23515577365954718
bg_random,67.66983703287751,27.839459867815386,,2023,0.50079146027565
bg_random,67.14358717165247,23.97898325368367,,2023,0.5441393653551737
bg_random,66.54893501450898,25.034184408436875,,2023,0.7301207383473715
bg_random,66.83004798640395,25.71519902532785,,2023,0.27751324077447254
bg_random,66.82706568612983,26.92621597121069,,2023,0.20767382284005484
bg_random,69.1350968046275,27.560528682535605,,2023,0.5484476486841837
bg_random,67.47412722769889,29.51049840311422,,2023,0.013611480128020048
bg_random,60.37636934898139,24.77436912909785,,2023,0.10791378716627757
bg_random,62.28161445569271,28.83579468405394,,2023,0.35293883085250854
bg_random,62.64391333261779,29.033930887396384,,2023,0.05081204573313395
bg_random,67.15703689874367,26.139979156399452,,2023,0.06834884049991767
bg_random,63.91112538449142,28.443494028086118,,2023,0.3169482946395874
bg_random,63.23152021013355,30.83509930333792,,2023,0.2177242524921894
bg_random,66.45781149721081,27.179307686441383,,2023,0.3903157263994217
bg_random,64.08395881367933,27.85226383809121,,2023,0.11358201379577319
bg_random,63.05539776189633,26.261488138091263,,2023,0.5375539064407349
bg_random,69.06374302241247,27.177138757298195,,2023,0.12958931333074966
bg_random,60.439394229783474,23.72081354338277,,2023,0.11800863997389872
bg_random,61.454849255108975,24.475937585422965,,2023,0.5292225877443949
bg_random,62.29899139856162,25.28750690482084,,2023,0.15999127427736917
bg_random,61.94784804333412,21.64506306311741,,2023,0.07606826062935095
bg_random,60.65860229425192,23.56963140759889,,2023,0.17086201657851538
bg_random,67.75382200494356,24.33148123692585,,2023,0.20848367487390837
bg_random,65.75245916172672,26.55221689721365,,2023,0.21758100762963295
bg_random,65.54793070824056,26.3970726240959,,2023,0.03647304978221655
bg_random,62.514295987641006,27.987361051001734,,2023,0.5943277676900228
bg_random,65.6960272210671,28.25024690504149,,2023,0.20474955315391222
bg_random,61.77767482208613,30.00630334088322,,2023,0.40714030464490253
bg_random,65.0424378842095,25.874593693905467,,2023,0.8277416427930196
bg_random,64.27016121425709,25.44527786494148,,2023,0.32830234865347546
bg_random,66.45648651633996,27.295600266345964,,2023,0.13789754236737886
bg_random,62.489406522272766,31.136401595550897,,2023,0.03385134320706129
bg_random,63.14061218015731,26.010777961667088,,2023,0.14516563713550568
bg_random,66.47156067824054,28.52678184089624,,2023,0.26519420742988586
bg_random,67.20148503893806,23.70243321569762,,2023,0.30147966494162876
bg_random,62.57540347036743,26.517538308231806,,2023,0.2389573703209559
bg_random,63.88755195836581,26.579216301704918,,2023,0.11587572889402509
bg_random,66.25519025620689,25.896256005818486,,2023,0.3311946789423625
bg_random,60.98883786149295,23.435180135584314,,2023,0.3265388111273448
bg_random,66.22138835961874,29.55689444319068,,2023,0.3259823719660441
bg_random,64.15835351427127,30.46859877583501,,2023,0.14621148010094961
bg_random,65.86252082009385,29.481474134123413,,2023,0.23305420329173407
bg_random,61.75453818855241,25.907956347481687,,2023,0.22809461504220963
bg_random,66.45195931605089,24.162364998497573,,2023,0.12384249518314998
bg_random,63.528354759775375,28.28029115909016,,2023,0.41080183784166974
bg_random,66.82890194265146,28.45057233951917,,2023,0.26666519542535144
bg_random,64.4845043598731,29.16263022288112,,2023,0.241634260242184
bg_random,66.10071481775874,25.06396779482726,,2023,0.1453971272955338
bg_random,63.17102902514756,22.402109157855392,,2023,0.45985039075215656
bg_random,67.84274151215153,29.36864313320903,,2023,0.1329570785164833
bg_random,65.52444809656305,25.748975494833047,,2023,0.29672091205914813
bg_random,67.54481839796156,29.254316985879477,,2023,0.017750450254728396
bg_random,60.56220233527537,24.55315560695804,,2023,0.04277317668311298
bg_random,63.93196840911433,26.503494539382523,,2023,0.3239567329486211
bg_random,60.60258223076657,22.505152547926038,,2023,0.5326103170712789
bg_random,60.85820534255315,27.30379211187424,,2023,0.7827949722607931
bg_random,67.03244091556587,28.72697407051069,,2023,0.015834709629416466
bg_random,60.64382220311172,27.871980767020045,,2023,0.1577859272559484
bg_random,63.4038011431123,30.249145043089904,,2023,0.349607249101003
bg_random,62.96853065544202,27.23081629484276,,2023,0.23188095291455588
bg_random,68.41062874545715,22.946964308527907,,2023,0.07338173811634381
bg_random,68.14236076739239,24.41554887361371,,2023,0.41596396764119464
bg_random,63.52719820785966,27.668646924614336,,2023,0.2355628957351049
bg_random,61.08397553103104,28.668405130324903,,2023,0.10301003853480022
bg_random,66.81563269603203,28.779840802392357,,2023,0.23430667320887247
bg_random,68.31801529999572,25.509132567494536,,2023,0.29116574426492053
bg_random,68.07243664443315,27.77690299540199,,2023,0.02665526691513757
bg_random,63.27894021882224,25.559487977406256,,2023,0.17263751352826753
bg_random,60.49040251200146,24.83966837268948,,2023,0.22226315240065256
bg_random,63.97097119970055,25.840052826289803,,2023,0.21659201135238013
bg_random,64.90031986039618,27.245245199816384,,2023,0.20664737125237784
bg_random,62.20469468937183,21.749959105610127,,2023,0.18419822181264559
bg_random,68.57009775229106,27.19561442504836,,2023,0.5703540841738383
bg_random,65.19128503559831,25.291305373705654,,2023,0.3450749417146047
bg_random,59.92593555954151,23.862175362774423,,2023,0.5705894827842712
bg_random,63.66827508287853,27.238426637847585,,2023,0.2375697692235311
bg_random,62.9698071790227,26.18349402631461,,2023,0.01960436503092448
bg_random,62.72622042806043,26.04469355919889,,2023,0.19645401338736215
bg_random,65.23406049836017,28.242071678990712,,2023,0.20234433778872093
bg_random,61.4698849447122,23.193282663691324,,2023,0.03778335979829232
bg_random,62.88180164732214,31.17430847180511,,2023,0.24796993533770242
bg_random,65.07879955198477,27.09443254857116,,2023,0.9186365803082784
bg_random,68.61739667910983,27.73555522748204,,2023,0.5518669883410136
bg_random,67.60684668835876,27.747643081655504,,2023,0.3907008667786916
bg_random,61.70620546820904,28.00712088047159,,2023,0.3563772688309352
bg_random,65.65025785565709,29.37102856174449,,2023,0.4170299172401428
bg_random,67.52432409938885,27.939705249860022,,2023,0.35140422979990643
bg_random,62.82676720643885,29.30604100407553,,2023,0.06731463860099514
bg_random,66.60676745712497,25.726772423272596,,2023,0.33704935014247894
bg_random,67.83023076404282,24.2965150188047,,2023,0.1354177126971384
bg_random,60.245277427247885,25.94788380251719,,2023,0.2669854015111923
bg_random,67.00804522211823,25.67900536087312,,2023,0.3754727592070897
bg_random,68.07830105055396,28.79420421242719,,2023,0.33036524554093677
bg_random,66.98376677794163,25.157624416575292,,2023,0.09453226532787085
bg_random,63.46926727431353,29.646109190022973,,2023,0.20694193243980408
bg_random,62.40464963210165,29.512935631203465,,2023,0.06744560164709885
bg_random,64.30923155820743,26.756381998916268,,2023,0.0864997844522198
bg_random,64.52221532407192,27.8479010720534,,2023,0.35736044744650525
bg_random,68.2342372572055,24.41330086485561,,2023,0.1721493536606431
bg_random,67.53335741790349,27.045210147629174,,2023,0.14384533682217202
bg_random,62.41702244394278,21.94367022028896,,2023,0.2699521866937478
bg_random,66.30822842540918,29.35148228363375,,2023,0.09878664463758469
bg_random,67.93091993942438,25.466433969354487,,2023,0.4248205025990804
bg_random,61.74259791016425,25.334549402032835,,2023,0.25060829271872836
bg_random,63.34368185809451,25.804650643855712,,2023,0.3001272728045781
bg_random,67.95164542577312,28.77104069289303,,2023,0.5777527888615926
bg_random,69.54073339535293,29.00779607887141,,2023,0.47076450785001117
bg_random,64.4869174507415,24.51707485781673,,2023,0.5211773117383321
bg_random,68.78080890102652,25.52969491584893,,2023,0.23630954573551813
bg_random,64.89293985964292,27.94339415538462,,2023,0.1436503262569507
bg_random,68.7692351823629,28.65170985079736,,2023,0.46553536256154376
bg_random,66.19613493584635,28.04929322012101,,2023,0.33323364953200024
bg_random,65.86379836499701,28.6382477121317,,2023,0.3459438234567642
bg_random,68.54917319943596,27.92191375174686,,2023,0.6368821263313293
bg_random,66.17772927383199,28.897528543566786,,2023,0.07114732762177785
bg_random,60.48900460304483,24.80684800821167,,2023,0.1559231554468473
bg_random,64.97325938028412,29.36379973485136,,2023,0.05723678351690372
bg_random,63.89052817840512,29.91624949142679,,2023,0.07367127652590473
bg_random,63.48763295374528,25.204209339094287,,2023,0.3093644541998704
bg_random,68.09813867851005,24.37973753103111,,2023,0.1461708496014277
bg_random,61.04485984228821,28.02340357649442,,2023,0.23680008326967558
bg_random,60.980606357329,28.56599133506893,,2023,0.09819769983490308
bg_random,63.31411505700149,23.52571889908056,,2023,0.26816309119264287
bg_random,64.96191677366402,28.0423929454198,,2023,0.1245226872464021
bg_random,63.132577376895775,25.80635973534436,,2023,0.27384113768736523
bg_random,61.68431578559496,29.848349276258556,,2023,0.3315051893393199
bg_random,68.11960685756658,26.15494499670479,,2023,0.10309551035364468
bg_random,61.30987134043076,25.27717231691169,,2023,0.21998990575472513
bg_random,62.63178571720066,28.58219504278935,,2023,0.078815342237552
bg_random,65.23854962396881,28.37000078561962,,2023,0.37198873857657117
bg_random,63.35818678295644,25.091370081521397,,2023,0.2034386731684208
bg_random,63.10153612036255,29.54567660724574,,2023,0.3418132464090983
bg_random,64.71474853188104,24.947975934459603,,2023,0.5803812146186829
bg_random,63.06124521107195,27.9393595733521,,2023,0.04141984600573778
bg_random,60.44149444336026,26.316908569739567,,2023,0.4932157099246979
bg_random,64.04786296365063,28.53970741369712,,2023,0.11113336185614268
bg_random,63.3589129967632,26.556580577891605,,2023,0.2639055053393046
bg_random,60.6271557470944,27.8498915342512,,2023,0.01864465089359631
bg_random,67.36789888388223,25.465358256506335,,2023,0.24702508747577667
bg_random,61.406263079678496,27.906044946940614,,2023,0.5457736949125925
bg_random,61.84283094979943,22.191265309869834,,2023,0.046798607955376305
bg_random,61.301834757714765,25.28926392240272,,2023,0.11062315354744594
bg_random,62.56072274646496,21.689326019969336,,2023,0.14964780459801355
bg_random,61.47509880372593,27.172234788424888,,2023,0.16618006428082785
bg_random,63.44707154004099,22.294476222756717,,2023,0.5895403027534485
bg_random,65.28612232871224,25.513642340098,,2023,0.4623030722141266
bg_random,65.99555966853617,27.04952146688832,,2023,0.3796929319699605
bg_random,64.81770373284054,27.281563976216443,,2023,0.23729733750224113
bg_random,66.22376336725641,29.646464260675906,,2023,0.45118799805641174
bg_random,68.55187534181799,24.57538514808043,,2023,0.11774543238182862
bg_random,63.47440511769862,26.342540564050587,,2023,0.0354637554846704
bg_random,63.25865029228417,30.40188269179009,,2023,0.24722078194220862
bg_random,67.03945040924101,27.32987531458362,,2023,0.2598439157009125
bg_random,63.13403154224834,30.856210803379252,,2023,0.3614754875500997
bg_random,69.45237089461494,27.244466670146917,,2023,0.13925936073064804
bg_random,60.83551551899868,27.35920108181965,,2023,0.5635454257329305
bg_random,67.5840929081316,29.94061213127519,,2023,0.4875805874665578
bg_random,63.54062074165889,23.22264060856237,,2023,0.4667469561100006
bg_random,67.86628486682994,27.103315621114465,,2023,0.21163477996985117
bg_random,69.29167683720142,27.807444242221223,,2023,0.41448405385017395
bg_random,60.6939503895937,22.9607088185802,,2023,0.1197865791618824
bg_random,62.25668864193134,22.38087393874836,,2023,0.4243422746658325
bg_random,60.33966479473352,24.333805036345986,,2023,0.14636609454949698
bg_random,62.83138072994059,26.766176491694,,2023,0.2629113396008809
bg_random,65.64759806984613,26.95427277750844,,2023,0.18693558126688004
bg_random,63.03329064849667,28.679205142634896,,2023,0.18699622402588525
bg_random,65.74602742152173,25.652723123030142,,2023,0.13508604870488247
bg_random,63.35733055835959,29.65404622935303,,2023,0.2753217915693919
bg_random,60.86869842005279,25.9350970707863,,2023,0.513815701007843
bg_random,65.92596541224576,26.712289492486143,,2023,0.3566441088914871
bg_random,60.15689628768714,23.57449714911592,,2023,0.11167066420118014
bg_random,61.695428323908175,24.998240953084032,,2023,0.36646116773287457
bg_random,68.80423592278942,27.23534321188641,,2023,0.7843541105588278
bg_random,66.04603206726733,25.52030962112191,,2023,0.2224786082903544
bg_random,68.03789973423706,25.820154808030317,,2023,0.09467941770950954
bg_random,67.50576094133277,28.467454559485805,,2023,0.29410451898972195
bg_random,64.31656423511153,26.223278870834445,,2023,0.07956311230858167
bg_random,63.23366191263317,22.53888850924124,,2023,0.03402742316635946
bg_random,68.55414366761713,23.436818208932237,,2023,0.021758890400330227
bg_random,67.38938696083082,26.50978544749156,,2023,0.32387198507785797
bg_random,66.72640909415173,27.25238240789485,,2023,0.25482146441936493
bg_random,62.87641122255564,21.493747136832187,,2023,0.17953420368333659
bg_random,62.62387988252792,30.870313373037497,,2023,0.5315185785293579
bg_random,63.45461758892408,25.82987108873079,,2023,0.2222494830687841
bg_random,67.07892744922086,24.6719514512949,,2023,0.6171555717786154
bg_random,61.25161803411446,22.368072542089504,,2023,0.15748747686545053
bg_random,66.64405164592901,27.74198284398089,,2023,0.1546281029780706
bg_random,63.01753205572014,26.940105294026488,,2023,0.1368411729733149
bg_random,65.66895606045819,25.0123580651685,,2023,0.28347661594549817
bg_random,65.77392361954543,29.70827835937588,,2023,0.281214140355587
bg_random,63.97314061715958,27.08611268788731,,2023,0.14600981306284666
bg_random,64.65762076863005,30.05606674101504,,2023,0.2565539876619975
bg_random,61.84301974069044,22.04293056414956,,2023,0.040213032237564526
bg_random,64.80429190623657,26.766743271267487,,2023,0.382056288421154
bg_random,67.13995674422732,28.13587976618303,,2023,0.03296045702882111
bg_random,66.82954373858318,25.15608691931689,,2023,0.3490793804327647
bg_random,63.41851839349025,27.484079440245548,,2023,0.20074468726913133
bg_random,61.16519522218774,27.71831123260568,,2023,0.18693537078797817
bg_random,66.29253640771762,29.353941396995594,,2023,0.07425326714292169
bg_random,63.99191732854989,26.48313662940081,,2023,0.22760524849096933
bg_random,61.612226522358746,25.388926796210164,,2023,0.3188093701998393
bg_random,60.276513838511,22.387217396341583,,2023,0.3116067325075467
bg_random,64.87156696473764,26.465625660814556,,2023,0.21609493841727576
bg_random,65.82157933189879,25.99295150076816,,2023,0.1142592045168082
bg_random,64.31178360463002,29.779301922399448,,2023,0.2998650595545769
bg_random,61.09210432289302,22.74121487279126,,2023,0.4774283667405446
bg_random,68.87863564275179,25.971278923826816,,2023,0.6286055246988932
bg_random,61.4706495054691,29.254061086137494,,2023,0.126251054306825
bg_random,66.09014132879511,29.420844642181063,,2023,0.20055734987060228
bg_random,66.80435693004173,28.55580899158316,,2023,0.247268279393514
bg_random,62.34488204586784,25.81858951351065,,2023,0.2767135798931122
bg_random,67.3328495713859,24.22955283078599,,2023,0.35669970512390137
bg_random,61.906759557976,24.99692870490757,,2023,0.21414968619743982
bg_random,62.69454382875671,23.0543914257314,,2023,0.3268093466758728
bg_random,65.65983414080263,25.696868342907933,,2023,0.34605424106121063
bg_random,62.3890640088126,26.192839280674477,,2023,0.019288454670459032
bg_random,64.68761560298076,28.60980523530265,,2023,0.793616533279419
bg_random,65.97052298548742,29.096311785843984,,2023,0.10145937278866768
bg_random,64.843122315645,26.50194652714141,,2023,0.3136468231678009
bg_random,64.57967581202074,27.449807533820778,,2023,0.20589379966259003
bg_random,63.13418651285557,28.520933222546912,,2023,0.116560993095239
bg_random,62.44901966504473,29.039590834155504,,2023,0.1888854056596756
bg_random,61.232413873260136,23.30081419136433,,2023,0.10689905782540639
bg_random,66.84363038959233,28.98503712820639,,2023,0.11982650309801102
bg_random,66.77233435757306,26.34577264617526,,2023,0.6825467944145203
bg_random,63.2626859592185,26.33206096601748,,2023,0.04508546801904837
bg_random,61.65873825904761,22.69054349283529,,2023,0.6673234105110168
bg_random,67.94282964124757,24.70214033116072,,2023,0.34864167869091034
bg_random,63.15687511144719,28.69873923898651,,2023,0.10478616505861282
bg_random,60.69564809225524,24.951370001921404,,2023,0.1586245292176803
bg_random,64.26487905729546,25.98924717519301,,2023,0.20340469479560852
bg_random,66.07003324363009,28.87393429064856,,2023,0.2612780307730039
bg_random,62.04603342580791,24.389386900731168,,2023,0.08705562849839528
bg_random,63.26661268217995,26.408163339210343,,2023,0.4459322392940521
bg_random,60.88011190881742,28.317294077338847,,2023,0.25528355066974956
bg_random,64.30707862208517,26.56952428956093,,2023,0.3419763694206874
bg_random,66.20489020528703,26.650126238883526,,2023,0.2749788835644722
bg_random,61.99657288580385,25.21804576720392,,2023,0.31129418810208637
bg_random,60.0340664028188,20.493517283790684,,2023,0.6618715127309164
bg_random,62.93646341553154,25.7648616795377,,2023,0.22257953633864722
bg_random,60.77006645438019,24.727142295097845,,2023,0.18001962577303252
bg_random,62.46823667665765,27.01039329992602,,2023,0.10674868493030469
bg_random,63.553901091483134,22.781356143667978,,2023,0.24211982637643814
bg_random,61.79734781407559,27.08845925397644,,2023,0.4189832806587219
bg_random,63.9027278430047,30.156669069841467,,2023,0.5301203529040018
bg_random,62.884369977880525,23.09567492172171,,2023,0.34935855368773144
bg_random,62.97716411030461,27.088534495784288,,2023,0.4205980797608693
bg_random,68.51173519003774,25.891334712822893,,2023,0.6812824805577596
bg_random,61.94426117487532,29.271520987307127,,2023,0.3876970360676448
bg_random,64.3534006574482,29.950945454318123,,2023,0.5358293851216634
bg_random,60.97083009682634,24.111927682129043,,2023,0.0733869227891167
bg_random,61.93956981943684,27.795578375687597,,2023,0.03600189516631266
bg_random,61.33279207295914,23.910498654734045,,2023,0.011484839521775333
bg_random,68.03897151840928,24.36189298754355,,2023,0.14063639845699072
bg_random,62.48363862796844,27.33260282772509,,2023,0.18387664606173834
bg_random,67.53827660285778,29.79407479905569,,2023,0.15094472840428352
bg_random,67.26007891017387,27.77875981285712,,2023,0.5155716141064962
bg_random,63.43325298417472,23.859523723744072,,2023,0.030834364316736657
bg_random,62.12466950822651,26.907827606430704,,2023,0.20987019687891006
bg_random,67.97351238167165,24.45503959706057,,2023,0.14010032111157975
bg_random,68.6492976076622,26.151159607243912,,2023,0.5639137923717499
bg_random,66.68271072380246,25.89821028357461,,2023,0.15754574288924536
bg_random,61.31630508729896,27.719674428477003,,2023,0.0671926971214513
bg_random,66.23705508670479,25.704514441448577,,2023,0.12031577061861753
bg_random,62.320516205961,23.273905368679763,,2023,0.06681416284603377
bg_random,64.82515642706696,28.71546046943543,,2023,0.21114168067773184
bg_random,60.92969476994183,23.1820571011842,,2023,0.03467719163745642
bg_random,62.43257335801756,23.468742793605244,,2023,0.21255047929783663
bg_random,63.67490987842368,26.042649859385676,,2023,0.1985821599761645
bg_random,60.518584756477374,25.00687568575293,,2023,0.14919133111834526
bg_random,66.94496373908525,26.58938892143265,,2023,0.6304759383201599
bg_random,62.69754610382498,21.56317865793759,,2023,0.4153019537528356
bg_random,60.8304788092638,23.991503903449928,,2023,0.048663705199336015
bg_random,63.719170627909286,27.57277067274787,,2023,0.2922666370868683
bg_random,60.60469141766569,24.52684368898659,,2023,0.095228706796964
bg_random,67.17406757299091,24.68681193325674,,2023,0.22460824809968472
bg_random,63.31399669033669,25.996531625072716,,2023,0.11855776080240805
bg_random,68.22298056067852,23.914056884626905,,2023,0.24712289373079935
bg_random,68.05609014918623,26.826777283232143,,2023,0.5345767537752787
bg_random,62.14648597116649,30.39829951489027,,2023,0.28014125923315686
bg_random,60.59285347881282,24.57099995302293,,2023,0.21802092591921488
bg_random,65.89093654143788,28.185655975487474,,2023,0.5951725741227468
bg_random,68.46711335320465,24.37261015044705,,2023,0.24707349513967833
bg_random,67.23380761016267,24.86271662234628,,2023,0.364548459649086
bg_random,61.54237735178206,21.75533274319924,,2023,0.13819797212878862
bg_random,66.83389043524767,28.4545127169649,,2023,0.2309877829005321
bg_random,64.97947356879149,25.21801995559438,,2023,0.3543129314978917
bg_random,63.4584078253237,22.93044314575861,,2023,0.6697698434193929
bg_random,69.46467298688918,28.80933108022457,,2023,0.7327799995740255
bg_random,68.26406096063538,26.85772324336445,,2023,0.45112863183021545
bg_random,61.142928844769294,21.83142349500736,,2023,0.36029191811879474
bg_random,65.03341355746905,26.18822397010184,,2023,0.37312889099121094
bg_random,61.44567184722191,28.75432633528108,,2023,0.048074426439901195
bg_random,63.60976482477587,29.61623328879427,,2023,0.6155182123184204
bg_random,65.20877278423532,25.54774129786575,,2023,0.130462734028697
bg_random,65.37224124901405,26.442051974727192,,2023,0.41541824738184613
bg_random,67.00957758917689,26.15804328033748,,2023,0.5879858334859213
bg_random,62.57589029375435,22.93856728403748,,2023,0.29693085451920825
bg_random,61.80286443292129,29.580829542914827,,2023,0.08750810815642278
bg_random,66.3091631860608,23.73092212979798,,2023,0.19199704627195993
bg_random,66.43002134315816,25.262701214686388,,2023,0.18439023569226265
bg_random,61.17410369552057,23.108721877180027,,2023,0.07734186823169391
bg_random,63.73255028387935,27.393852419920535,,2023,0.14559778943657875
bg_random,67.79783922668221,27.655843211142468,,2023,0.391414150595665
bg_random,66.06941282294645,26.421156377786165,,2023,0.29877814650535583
bg_random,63.56631403366673,22.34610537135637,,2023,0.3940762976805369
bg_random,60.98408942963928,27.045090926256712,,2023,0.487225075562795
bg_random,63.54012115366419,22.31942582229467,,2023,0.5146377185980479
bg_random,69.5780957198396,27.976054930981025,,2023,0.02731762818681697
bg_random,64.5559930566958,27.175393568151737,,2023,0.14676423681279024
bg_random,63.3891708918318,23.708287221261763,,2023,0.18770352626840273
bg_random,61.88973195310018,22.483342632840174,,2023,0.9432931741078695
bg_random,64.12010753035094,25.35574259485898,,2023,0.20072565600275993
bg_random,64.69812501991977,25.15833564020871,,2023,0.20617181559403738
bg_random,61.94273007732875,25.27699662669752,,2023,0.12386622900764148
bg_random,64.07631357428055,28.935333178209195,,2023,0.3308788985013962
bg_random,64.13807947954344,29.03006922358844,,2023,0.12928576270739237
bg_random,60.704143777818935,27.85221610281632,,2023,0.09768083815773328
bg_random,61.22189271067064,25.682744626367867,,2023,0.14579795921842256
bg_random,66.067069160881,27.62756903294081,,2023,0.2971126586198807
bg_random,67.51846290597622,29.03235637835494,,2023,0.47301480174064636
bg_random,62.09808494363434,22.011703597520743,,2023,0.2307061937948068
bg_random,68.1402906863724,25.2706815170436,,2023,0.22485143318772316
bg_random,61.41446339440815,27.94645050096081,,2023,0.5018693109353384
bg_random,66.52753600132193,28.34046377137749,,2023,0.3589668224255244
bg_random,61.35618191197439,28.461140406004358,,2023,0.9307002027829488
bg_random,66.45683426270377,28.852991493214123,,2023,0.09407494589686394
bg_random,61.551406786348124,27.13954083466384,,2023,0.1781387118001779
bg_random,66.84601424376962,24.62513155567448,,2023,0.17589139317472777
bg_random,62.01206598178534,29.30714615675758,,2023,0.37136465311050415
bg_random,60.66004140179325,23.9558747753891,,2023,0.0900580957531929
bg_random,60.704636385705165,21.553722118881797,,2023,0.5033543507258097
bg_random,66.81735461596068,24.992310039406657,,2023,0.48417283097902936
bg_random,67.93215141604244,28.214551824653768,,2023,0.15749034844338894
bg_random,68.5010422947198,27.82174796760649,,2023,0.6235460638999939
bg_random,68.40804713576908,25.648183831344447,,2023,0.288043533762296
bg_random,62.95111113777215,22.903603271643966,,2023,0.32114584743976593
bg_random,62.156004596685456,30.52354281025866,,2023,0.03043300045343737
bg_random,60.21428688141104,24.027939601672852,,2023,0.02092667476972565
bg_random,62.65641458701435,28.428931895631443,,2023,0.051985631231218576
bg_random,60.34645658621889,26.0678394919861,,2023,0.20326133569081625
bg_random,64.40948359616604,27.98851265035725,,2023,0.2142266140629848
bg_random,67.10330134395696,23.99102145225129,,2023,0.40005486210187274
bg_random,64.90347997983933,27.433584106426224,,2023,0.24718998620907465
bg_random,63.1611531769784,28.048688970485426,,2023,0.24394186275700727
bg_random,62.91514219190753,29.374435634312626,,2023,0.0908933449536562
bg_random,67.62506651813874,24.58425675176663,,2023,0.2314192901055018
bg_random,61.04560411014714,24.589176873843165,,2023,0.02551482734270394
bg_random,67.59382786617711,27.55877292552956,,2023,0.4523551861445109
bg_random,60.5844044126251,25.1783747893604,,2023,0.2900327915946643
bg_random,68.04271814140887,23.43793148881945,,2023,0.01807855861261487
bg_random,65.9411518421462,25.52813245617958,,2023,0.20550974582632384
bg_random,66.20633773997083,28.361805532185603,,2023,0.25351110349098843
bg_random,68.52630456672524,25.44758141160898,,2023,0.3299575870235761
bg_random,64.08737768348163,27.38606091895205,,2023,0.21221152693033218
bg_random,60.14174499084615,21.473489235394684,,2023,0.6703720291455587
bg_random,66.48929810690333,28.14824152682868,,2023,0.10588454082608223
bg_random,61.42008865536946,24.268471506234917,,2023,0.03517021518200636
bg_random,60.65792618118556,23.845941626483164,,2023,0.3403698280453682
bg_random,66.29549168445459,24.55834899177425,,2023,0.1490181852132082
bg_random,65.58594703172676,27.922985489452746,,2023,0.27334791670242947
bg_random,64.10494152277575,28.3602646071687,,2023,0.1717027643074592
bg_random,63.36411309552902,26.15089195972528,,2023,0.17697671552499136
bg_random,61.81572220046115,23.863253501145287,,2023,0.09115979572137196
bg_random,66.65758916026552,28.763760013103216,,2023,0.22714835902055105
bg_random,67.76295204560162,26.025352750603343,,2023,0.09780965621272723
bg_random,67.59693385836222,27.22176828868387,,2023,0.3632140705982844
bg_random,66.08803897754449,25.499112603347577,,2023,0.19363974717756113
bg_random,63.23945763301428,29.996360423556705,,2023,0.2099331629772981
bg_random,64.08436038750395,23.915698319044917,,2023,0.20885666087269783
bg_random,62.96264040325355,29.872626958501204,,2023,0.14847420838971934
bg_random,61.42997400238191,27.76397741224388,,2023,0.5053668916225433
bg_random,66.25545927053612,26.045107285853824,,2023,0.9535732865333557
bg_random,66.31363598158428,28.718903243582147,,2023,0.2063083698352178
bg_random,66.4047012167254,26.591455941595136,,2023,0.2744294951359431
bg_random,62.22313816844622,27.472520754791734,,2023,0.18046574418743452
bg_random,66.3625383537188,24.86955659197489,,2023,0.27703119814395905
bg_random,68.0046454355426,24.105277563969032,,2023,0.21606902033090591
bg_random,64.28685171621557,24.846911154041425,,2023,0.1405544710966448
bg_random,62.71641279220699,25.539071170158927,,2023,0.17425266404946646
bg_random,64.73282222748257,25.188572179493185,,2023,0.3768646866083145
bg_random,61.40126180654592,22.2225166826458,,2023,0.030173967980469268
bg_random,61.25916856182032,25.674920049260805,,2023,0.13381080888211727
bg_random,64.43253501242827,27.390576645550667,,2023,0.2003413885831833
bg_random,60.61057813821299,26.91568438673073,,2023,0.18755917126933733
bg_random,65.02093743564386,25.97975611571652,,2023,0.1583651571224133
bg_random,62.57822465069584,30.944814648626977,,2023,0.5410300294558207
bg_random,66.65839416634424,28.53649144862117,,2023,0.2852943142255147
bg_random,63.75715604127328,24.69364768510745,,2023,0.2058653881152471
bg_random,68.04610101036099,25.18873087533868,,2023,0.06330605091837545
bg_random,68.00973347517986,24.133384130076116,,2023,0.2910964712500572
bg_random,68.32970312054256,27.0009706558138,,2023,0.13760698524614176
bg_random,60.52184074012441,21.85238411270124,,2023,0.33873190482457477
bg_random,66.13479785879167,29.897509529480928,,2023,0.1978696764757236
bg_random,67.81642952090314,24.6093264001646,,2023,0.23407172908385596
bg_random,60.642048655930026,27.92225293312242,,2023,0.2921656010051568
bg_random,61.06794942577,24.751492105413703,,2023,0.2336698646346728
bg_random,61.090380468488,27.34695594561416,,2023,0.21148762727777162
bg_random,68.29424252468137,27.3173001860292,,2023,0.5317370593547821
bg_random,61.847855956822514,23.316253081881776,,2023,0.13505542681862912
bg_random,63.61398207532899,22.75078221141454,,2023,0.2516037051876386
bg_random,66.95910046674695,26.03998358521681,,2023,0.640239953994751
bg_random,68.74196489256408,27.544310786598047,,2023,0.40022384623686474
bg_random,64.50089331069105,27.43618729290309,,2023,0.19906219467520714
bg_random,62.66571272903154,26.80433653417934,,2023,0.0735141437035054
bg_random,62.85663260611057,27.318895759759087,,2023,0.15516752687593302
bg_random,68.32864325441865,28.28303115706685,,2023,0.6859914263089498
bg_random,66.39139565426173,26.86234019162804,,2023,0.14688078872859478
bg_random,66.47424194512884,24.268040381147177,,2023,0.481420636177063
bg_random,64.16209934331623,29.33499323691042,,2023,0.20563803364833197
bg_random,64.00317067260231,25.40450643947643,,2023,0.23147563139597574
bg_random,61.49682335987186,27.141400064302257,,2023,0.19296799475948015
bg_random,65.41903174403508,29.237326254661543,,2023,0.9265639185905457
bg_random,62.819025272187936,26.35187185757231,,2023,0.4352190891901652
bg_random,60.94100527635696,26.264302691057875,,2023,0.19631001353263855
bg_random,62.48254624450663,27.83451727119958,,2023,0.1654468191166719
bg_random,68.04377195144255,26.1439122975644,,2023,0.04435978022714456
bg_random,63.33610018683671,28.67733741000248,,2023,0.34801476697127026
bg_random,67.36077164509695,25.91250119000702,,2023,0.07977785790959994
bg_random,62.12852075316105,28.298462112140147,,2023,0.2028148869673411
bg_random,61.36701208135313,27.56789893345636,,2023,0.20653175252179304
bg_random,63.12170443475548,30.896818226921678,,2023,0.43355881174405414
bg_random,63.08562114533157,25.361507707858717,,2023,0.2649224326014519
bg_random,60.625031951684186,22.02634280502287,,2023,0.6713098088900248
bg_random,60.567423359292086,24.280599008806387,,2023,0.06998499172429244
bg_random,62.2937263155957,25.51672637898549,,2023,0.30148257066806156
bg_random,61.23511083334992,28.17652329075121,,2023,0.335393821199735
bg_random,67.05570657951347,27.529076550935866,,2023,0.21128097921609879
bg_random,61.79588235576794,28.039795310033096,,2023,0.16166908107697964
bg_random,61.80420321785426,21.454415648638264,,2023,0.3655320902665456
bg_random,68.37738072319503,26.709553469399776,,2023,0.6316865086555481
bg_random,64.13159204722804,26.473312150605647,,2023,0.20691815267006555
bg_random,60.95477995145676,21.554425755334663,,2023,0.1192582839479049
bg_random,63.58638337795068,25.04481605301144,,2023,0.25185442964235943
bg_random,65.89436778151304,24.828426032735987,,2023,0.11601925423989694
bg_random,68.36978444897854,23.60986238723612,,2023,0.6856314738591512
bg_random,63.26044188434431,26.85195436920593,,2023,0.21195640787482262
bg_random,65.40857964773296,26.043971459626203,,2023,0.19609213123718897
bg_random,62.03432508171052,23.230008157009287,,2023,0.2023415764172872
bg_random,66.24901948471292,24.228684845682565,,2023,0.22137473399440447
bg_random,66.17655995692368,25.768322173660103,,2023,0.225375863413016
bg_random,66.31297265172226,24.735921405943312,,2023,0.242210753262043
bg_random,62.06799580202873,24.8929040825445,,2023,0.3657837212085724
bg_random,61.64827113658606,21.708900831427044,,2023,0.08120698481798172
bg_random,65.71062853307292,25.19955236131266,,2023,0.2035519890487194
bg_random,65.28060882380275,28.166755374630288,,2023,0.15951642207801342
bg_random,62.96354396194266,25.589229244213254,,2023,0.1431618658825755
bg_random,62.51423780736731,25.09209690345096,,2023,0.12909968864793578
bg_random,64.59542978762005,27.04395359092424,,2023,0.29952189822991687
bg_random,66.53842454991204,24.90999407439548,,2023,0.07854417404936005
bg_random,66.4305301992757,24.12962657142566,,2023,0.05228658734510342
bg_fungi,62.199238,30.286629,2023.0,2023,0.14959999856849512
bg_fungi,62.201013,30.287307,2023.0,2023,0.4811052779356639
bg_fungi,62.200754,30.287644,2023.0,2023,0.2781769980986913
bg_fungi,62.200555,30.28836,2023.0,2023,0.24034181733926138
bg_fungi,62.200553,30.288568,2023.0,2023,0.2138694872458776
bg_fungi,62.198006,30.291276,2023.0,2023,0.14828882863124213
bg_fungi,62.198068,30.292255,2023.0,2023,0.14567492281397185
bg_fungi,62.197886,30.292922,2023.0,2023,0.17328338200847307
bg_fungi,62.197657,30.293397,2023.0,2023,0.7019603252410889
bg_fungi,62.197452,30.294703,2023.0,2023,0.2326762080192566
bg_fungi,62.200893,30.289824,2023.0,2023,0.17035169899463654
bg_fungi,62.200815,30.289936,2023.0,2023,0.17035169899463654
bg_fungi,62.200581,30.289818,2023.0,2023,0.564712772766749
bg_fungi,62.200608,30.289891,2023.0,2023,0.564712772766749
bg_fungi,62.200289,30.289465,2023.0,2023,0.2403752009073893
bg_fungi,62.200259,30.289252,2023.0,2023,0.20921261111895242
bg_fungi,62.197312,30.29573,2023.0,2023,0.3348108430703481
bg_fungi,62.197358,30.296273,2023.0,2023,0.24014262358347574
bg_fungi,62.19724,30.296412,2023.0,2023,0.7008256912231445
bg_fungi,62.199263,30.286519,2023.0,2023,0.14959999856849512
bg_fungi,62.200958,30.28743,2023.0,2023,0.379506453871727
bg_fungi,62.200713,30.287715,2023.0,2023,0.2781769980986913
bg_fungi,62.200499,30.288382,2023.0,2023,0.19732477019230524
bg_fungi,62.200665,30.288457,2023.0,2023,0.24034181733926138
bg_fungi,62.200891,30.289119,2023.0,2023,0.20003778239091238
bg_fungi,62.198298,30.290656,2023.0,2023,0.15030058721701303
bg_fungi,62.198121,30.291575,2023.0,2023,0.15879743173718452
bg_fungi,62.197936,30.291152,2023.0,2023,0.14828882863124213
bg_fungi,62.198087,30.292349,2023.0,2023,0.14567492281397185
bg_fungi,62.197856,30.293067,2023.0,2023,0.17328338200847307
bg_fungi,62.197661,30.293435,2023.0,2023,0.41045526663462323
bg_fungi,62.197696,30.293704,2023.0,2023,0.2985479533672333
bg_fungi,62.197281,30.295224,2023.0,2023,0.4779601792494456
bg_fungi,62.201271,30.289202,2023.0,2023,0.11692974405984084
bg_fungi,62.200995,30.289335,2023.0,2023,0.14501156161228815
bg_fungi,62.200746,30.28982,2023.0,2023,0.2185938929518064
bg_fungi,62.200665,30.289764,2023.0,2023,0.2185938929518064
bg_fungi,62.200533,30.289958,2023.0,2023,0.564712772766749
bg_fungi,62.197296,30.29598,2023.0,2023,0.43385546406110126
bg_fungi,62.197132,30.295882,2023.0,2023,0.5210938851038615
bg_fungi,62.198682,30.287803,2023.0,2023,0.11207574435199301
bg_fungi,62.199272,30.286589,2023.0,2023,0.14959999856849512
bg_fungi,62.20035,30.288124,2023.0,2023,0.24333263436953226
bg_fungi,62.200576,30.288276,2023.0,2023,0.24034181733926138
bg_fungi,62.200582,30.288473,2023.0,2023,0.24034181733926138
bg_fungi,62.197859,30.292142,2023.0,2023,0.13307453071077666
bg_fungi,62.197871,30.292451,2023.0,2023,0.1426835743089517
bg_fungi,62.197815,30.293017,2023.0,2023,0.2768770456314087
bg_fungi,62.197653,30.293526,2023.0,2023,0.41045526663462323
bg_fungi,62.197274,30.295609,2023.0,2023,0.3348108430703481
bg_fungi,62.201053,30.289082,2023.0,2023,0.1466744840145111
bg_fungi,62.200635,30.289663,2023.0,2023,0.3620377977689107
bg_fungi,62.200532,30.29001,2023.0,2023,0.564712772766749
bg_fungi,62.200361,30.290534,2023.0,2023,0.6039401988188425
bg_fungi,62.197408,30.296187,2023.0,2023,0.24014262358347574
bg_fungi,62.197459,30.296436,2023.0,2023,0.24014262358347574
bg_fungi,60.439787,22.903673,2023.0,2023,0.2986215005318324
bg_fungi,61.745499,25.185637,2023.0,2023,0.12675054743885994
bg_fungi,61.744631,25.184673,2023.0,2023,0.15997992952664694
bg_fungi,61.740164,25.304592,2023.0,2023,0.10451653227210045
bg_fungi,61.744631,25.184673,2023.0,2023,0.15997992952664694
bg_fungi,61.740164,25.304592,2023.0,2023,0.10451653227210045
bg_fungi,61.744631,25.184673,2023.0,2023,0.15997992952664694
bg_fungi,61.740164,25.304592,2023.0,2023,0.10451653227210045
bg_fungi,61.744631,25.184673,2023.0,2023,0.15997992952664694
bg_fungi,61.743678,25.284284,2023.0,2023,0.1663056214650472
bg_fungi,61.744631,25.184673,2023.0,2023,0.15997992952664694
bg_fungi,61.744631,25.184673,2023.0,2023,0.15997992952664694
bg_fungi,61.744631,25.184673,2023.0,2023,0.15997992952664694
bg_fungi,61.744631,25.184673,2023.0,2023,0.15997992952664694
bg_fungi,61.744631,25.184673,2023.0,2023,0.15997992952664694
bg_fungi,61.745499,25.185637,2023.0,2023,0.12675054743885994
bg_fungi,61.744631,25.184673,2023.0,2023,0.15997992952664694
bg_fungi,62.081636,21.2932,2023.0,2023,0.4273104965686798
bg_fungi,62.247836,22.882732,2023.0,2023,0.09900667021671931
bg_fungi,60.406479,22.248437,2023.0,2023,0.16535294304291406
bg_fungi,61.023881,24.469817,2023.0,2023,0.062001860390106835
bg_fungi,60.457957,25.194906,2023.0,2023,0.16719282666842142
bg_fungi,60.348512,22.221572,2023.0,2023,0.02238728719142576
bg_fungi,60.634583,21.850372,2023.0,2023,0.36908385157585144
bg_fungi,60.240601,21.738372,2023.0,2023,0.634080688158671
bg_fungi,60.537114,24.193299,2023.0,2023,0.17714099337657294
bg_fungi,66.5944,25.69819,2023.0,2023,0.42328699429829914
bg_fungi,62.089292,29.878705,2023.0,2023,0.1603839173913002
bg_fungi,61.881072,29.838529,2023.0,2023,0.6568227310975393
bg_fungi,61.456314,23.885503,2023.0,2023,0.030230430886149406
bg_fungi,61.459903,23.885581,2023.0,2023,0.09127866104245186
bg_fungi,61.456483,23.813583,2023.0,2023,0.036065627044687666
bg_fungi,60.585265,22.352333,2023.0,2023,0.17052430162827173
bg_fungi,60.09498,22.868053,2023.0,2023,0.5302683015664419
bg_fungi,62.208449,30.315195,2023.0,2023,0.23925253748893738
bg_fungi,62.209587,30.313542,2023.0,2023,0.4224627912044525
bg_fungi,62.208603,30.31368,2023.0,2023,0.14151844506462416
bg_fungi,62.207566,30.314919,2023.0,2023,0.1799765850106875
bg_fungi,62.090783,29.872006,2023.0,2023,0.21705627565582594
bg_fungi,61.88732,29.841022,2023.0,2023,0.8534262180328369
bg_fungi,61.456736,23.885592,2023.0,2023,0.017520593479275703
bg_fungi,61.462164,23.8801,2023.0,2023,0.13134812812010446
bg_fungi,61.456867,23.8853,2023.0,2023,0.022107224601010483
bg_fungi,61.456867,23.8853,2023.0,2023,0.022107224601010483
bg_fungi,61.456867,23.8853,2023.0,2023,0.022107224601010483
bg_fungi,61.456867,23.8853,2023.0,2023,0.022107224601010483
bg_fungi,61.463047,23.880778,2023.0,2023,0.28112295021613437
bg_fungi,61.459903,23.885581,2023.0,2023,0.09127866104245186
bg_fungi,61.462256,23.880006,2023.0,2023,0.13134812812010446
bg_fungi,61.456053,23.817331,2023.0,2023,0.10203159414231777
bg_fungi,61.457128,23.815178,2023.0,2023,0.029022855606550973
bg_fungi,61.456839,23.815561,2023.0,2023,0.07821055129170418
bg_fungi,61.456483,23.813583,2023.0,2023,0.036065627044687666
bg_fungi,61.455722,23.815267,2023.0,2023,0.020789294872277726
bg_fungi,61.457117,23.809772,2023.0,2023,0.02701664677200218
bg_fungi,61.457156,23.812081,2023.0,2023,0.08769140020012856
bg_fungi,61.42691,23.032222,2023.0,2023,0.07291329279541969
bg_fungi,61.771129,22.747336,2023.0,2023,0.850237250328064
bg_fungi,61.77094,22.747545,2023.0,2023,0.8327620029449463
bg_fungi,63.033236,21.618439,2023.0,2023,0.08612516274054845
bg_fungi,61.484763,23.547231,2023.0,2023,0.393478403488795
bg_fungi,62.087168,29.879194,2023.0,2023,0.1485641561448574
bg_fungi,61.456442,23.885339,2023.0,2023,0.023909190203994513
bg_fungi,61.455722,23.815267,2023.0,2023,0.020789294872277726
bg_fungi,62.208979,30.315022,2023.0,2023,0.4113108217716217
bg_fungi,62.209128,30.312445,2023.0,2023,0.12958072560528913
bg_fungi,62.20874,30.313046,2023.0,2023,0.1480371505022049
bg_fungi,62.208467,30.313721,2023.0,2023,0.15844053154190382
bg_fungi,62.090734,29.872339,2023.0,2023,0.13629626234372458
bg_fungi,62.087152,29.87889,2023.0,2023,0.17188948020339012
bg_fungi,62.087261,29.878874,2023.0,2023,0.16093199575940767
bg_fungi,61.458133,23.882383,2023.0,2023,0.0654739656796058
bg_fungi,61.458236,23.882775,2023.0,2023,0.03156310009459654
bg_fungi,61.456867,23.8853,2023.0,2023,0.022107224601010483
bg_fungi,61.456867,23.8853,2023.0,2023,0.022107224601010483
bg_fungi,61.458133,23.882383,2023.0,2023,0.0654739656796058
bg_fungi,61.460403,23.877981,2023.0,2023,0.18589103470245996
bg_fungi,61.462164,23.8801,2023.0,2023,0.13134812812010446
bg_fungi,61.459536,23.886631,2023.0,2023,0.14890914410352707
bg_fungi,61.461986,23.8786,2023.0,2023,0.2574509431918462
bg_fungi,61.457117,23.809772,2023.0,2023,0.02701664677200218
bg_fungi,61.456525,23.818139,2023.0,2023,0.057692037584880985
bg_fungi,61.455722,23.815267,2023.0,2023,0.020789294872277726
bg_fungi,61.456053,23.817331,2023.0,2023,0.10203159414231777
bg_fungi,61.457117,23.809772,2023.0,2023,0.02701664677200218
bg_fungi,61.456839,23.815561,2023.0,2023,0.07821055129170418
bg_fungi,61.427304,23.032435,2023.0,2023,0.211734006802241
bg_fungi,61.426828,23.032104,2023.0,2023,0.07291329279541969
bg_fungi,61.427012,23.032432,2023.0,2023,0.23364035785198212
bg_fungi,61.771107,22.747299,2023.0,2023,0.850237250328064
bg_fungi,62.39358,28.78846,2023.0,2023,0.027146200959881146
bg_fungi,66.62288,25.5716,2023.0,2023,0.46900569399197894
bg_fungi,62.091736,29.872513,2023.0,2023,0.17001082996527353
bg_fungi,61.456833,23.884492,2023.0,2023,0.015915418276563287
bg_fungi,60.213855,24.989766,2023.0,2023,0.1688245286544164
bg_fungi,60.09498,22.868053,2023.0,2023,0.5302683015664419
bg_fungi,62.209005,30.314914,2023.0,2023,0.3474209705988566
bg_fungi,62.209135,30.315097,2023.0,2023,0.41890108585357666
bg_fungi,62.208716,30.313264,2023.0,2023,0.16955903296669325
bg_fungi,62.208071,30.314013,2023.0,2023,0.18033964559435844
bg_fungi,62.091532,29.87225,2023.0,2023,0.29639532417058945
bg_fungi,62.090766,29.872584,2023.0,2023,0.11257839699586232
bg_fungi,62.090983,29.872639,2023.0,2023,0.33284811675548553
bg_fungi,62.087237,29.883819,2023.0,2023,0.1676723857720693
bg_fungi,61.457864,23.884406,2023.0,2023,0.05119964728752772
bg_fungi,61.456833,23.884492,2023.0,2023,0.015915418276563287
bg_fungi,61.456867,23.8853,2023.0,2023,0.022107224601010483
bg_fungi,61.456867,23.8853,2023.0,2023,0.022107224601010483
bg_fungi,61.462164,23.8801,2023.0,2023,0.13134812812010446
bg_fungi,60.546922,26.138063,2023.0,2023,0.07718446478247643
bg_fungi,61.461086,23.8851,2023.0,2023,0.15791676503916582
bg_fungi,61.459903,23.885581,2023.0,2023,0.09127866104245186
bg_fungi,61.461986,23.8786,2023.0,2023,0.2574509431918462
bg_fungi,61.462256,23.880006,2023.0,2023,0.13134812812010446
bg_fungi,61.463047,23.880778,2023.0,2023,0.28112295021613437
bg_fungi,61.457142,23.811447,2023.0,2023,0.03231925082703432
bg_fungi,61.457156,23.812081,2023.0,2023,0.08769140020012856
bg_fungi,61.456483,23.813583,2023.0,2023,0.036065627044687666
bg_fungi,61.457117,23.809772,2023.0,2023,0.02701664677200218
bg_fungi,61.457117,23.809772,2023.0,2023,0.02701664677200218
bg_fungi,61.457156,23.812081,2023.0,2023,0.08769140020012856
bg_fungi,61.427301,23.032439,2023.0,2023,0.211734006802241
bg_fungi,61.427518,23.032193,2023.0,2023,0.19019540399312973
bg_fungi,61.77112,22.747289,2023.0,2023,0.850237250328064
bg_fungi,61.770988,22.747213,2023.0,2023,0.7997973561286926
bg_fungi,62.39412,28.81452,2023.0,2023,0.11415373037258784
bg_fungi,65.81557,24.51651,2023.0,2023,0.19433480501174927
bg_fungi,62.207928,30.315619,2023.0,2023,0.21630834291378656
bg_fungi,61.459769,23.885411,2023.0,2023,0.11631920685370763
bg_fungi,61.456433,23.813408,2023.0,2023,0.036065627044687666
bg_fungi,61.771693,22.747388,2023.0,2023,0.9314591487248739
bg_fungi,60.448563,23.120862,2023.0,2023,0.5423835813999176
bg_fungi,62.208048,30.315449,2023.0,2023,0.2164724792043368
bg_fungi,62.208652,30.313471,2023.0,2023,0.14151844506462416
bg_fungi,62.208535,30.313571,2023.0,2023,0.2010941058397293
bg_fungi,62.091501,29.87215,2023.0,2023,0.2886449620127678
bg_fungi,61.456867,23.8853,2023.0,2023,0.022107224601010483
bg_fungi,61.458639,23.881608,2023.0,2023,0.15884913876652718
bg_fungi,61.460403,23.877981,2023.0,2023,0.18589103470245996
bg_fungi,61.456867,23.8853,2023.0,2023,0.022107224601010483
bg_fungi,61.456867,23.8853,2023.0,2023,0.022107224601010483
bg_fungi,61.456867,23.8853,2023.0,2023,0.022107224601010483
bg_fungi,61.458133,23.882383,2023.0,2023,0.0654739656796058
bg_fungi,61.461986,23.8786,2023.0,2023,0.2574509431918462
bg_fungi,61.462256,23.880006,2023.0,2023,0.13134812812010446
bg_fungi,61.459536,23.886631,2023.0,2023,0.14890914410352707
bg_fungi,61.459536,23.886631,2023.0,2023,0.14890914410352707
bg_fungi,61.463047,23.880778,2023.0,2023,0.28112295021613437
bg_fungi,61.456592,23.812683,2023.0,2023,0.045004515598217644
bg_fungi,61.455722,23.815267,2023.0,2023,0.020789294872277726
bg_fungi,61.456053,23.817331,2023.0,2023,0.10203159414231777
bg_fungi,61.456592,23.812683,2023.0,2023,0.045004515598217644
bg_fungi,61.427196,23.032436,2023.0,2023,0.20197653025388718
bg_fungi,61.426967,23.032483,2023.0,2023,0.23364035785198212
bg_fungi,61.770987,22.747083,2023.0,2023,0.7997973561286926
bg_fungi,61.743678,25.284284,2023.0,2023,0.1663056214650472
bg_fungi,61.743678,25.284284,2023.0,2023,0.1663056214650472
bg_fungi,61.743678,25.284284,2023.0,2023,0.1663056214650472
bg_fungi,61.743678,25.284284,2023.0,2023,0.1663056214650472
bg_fungi,61.743678,25.284284,2023.0,2023,0.1663056214650472
bg_fungi,61.743678,25.284284,2023.0,2023,0.1663056214650472
bg_fungi,61.743678,25.284284,2023.0,2023,0.1663056214650472
bg_fungi,61.743678,25.284284,2023.0,2023,0.1663056214650472
bg_fungi,61.743678,25.284284,2023.0,2023,0.1663056214650472
bg_fungi,61.743678,25.284284,2023.0,2023,0.1663056214650472
bg_fungi,61.743678,25.284284,2023.0,2023,0.1663056214650472
bg_fungi,61.743678,25.284284,2023.0,2023,0.1663056214650472
bg_fungi,61.743678,25.284284,2023.0,2023,0.1663056214650472
bg_fungi,61.743678,25.284284,2023.0,2023,0.1663056214650472
bg_fungi,61.743678,25.284284,2023.0,2023,0.1663056214650472
bg_fungi,61.743678,25.284284,2023.0,2023,0.1663056214650472
bg_fungi,61.743678,25.284284,2023.0,2023,0.1663056214650472
bg_fungi,61.743678,25.284284,2023.0,2023,0.1663056214650472
bg_fungi,61.743678,25.284284,2023.0,2023,0.1663056214650472
bg_fungi,61.481638,23.442772,2023.0,2023,0.6383833885192871
bg_fungi,63.634825,27.049337,2023.0,2023,0.28891255458196
bg_fungi,61.207633,25.597255,2023.0,2023,0.5846395691235861
bg_fungi,63.42746,22.244352,2023.0,2023,0.2558947255214055
bg_fungi,62.25695,25.52302,2023.0,2023,0.1299471209446589
bg_fungi,60.333013,24.665933,2023.0,2023,0.2996775607268016
bg_fungi,59.954592,23.066974,2023.0,2023,0.45009757081667584
bg_fungi,61.18734,25.857303,2023.0,2023,0.20313727358977
bg_fungi,60.996102,21.449533,2023.0,2023,0.18451952375471592
bg_fungi,66.240241,29.589806,2023.0,2023,0.2529556453227997
bg_fungi,64.845373,28.916453,2023.0,2023,0.9548077781995138
bg_fungi,66.256318,29.52926,2023.0,2023,0.21307911723852158
bg_fungi,66.261322,29.56702,2023.0,2023,0.45568449298540753
bg_fungi,66.261322,29.56702,2023.0,2023,0.45568449298540753
bg_fungi,66.256178,29.530119,2023.0,2023,0.2214110145966212
bg_fungi,66.256699,29.527592,2023.0,2023,0.2134572391708692
bg_fungi,66.236997,29.557088,2023.0,2023,0.5818467537562052
bg_fungi,66.236645,29.557801,2023.0,2023,0.5113761723041534
bg_fungi,66.235816,29.55857,2023.0,2023,0.49088481068611145
bg_fungi,66.230352,29.578093,2023.0,2023,0.396482249101003
bg_fungi,66.230366,29.579086,2023.0,2023,0.3151775399843852
bg_fungi,66.230366,29.579086,2023.0,2023,0.3151775399843852
bg_fungi,66.232934,29.58588,2023.0,2023,0.2824459671974182
bg_fungi,66.237371,29.595048,2023.0,2023,0.3550191471974055
bg_fungi,66.234107,29.584172,2023.0,2023,0.19118516147136688
bg_fungi,66.238175,29.597338,2023.0,2023,0.2984758069117864
bg_fungi,66.237984,29.601731,2023.0,2023,0.36091914276281994
bg_fungi,66.261825,29.566686,2023.0,2023,0.44062496225039166
bg_fungi,66.240241,29.589806,2023.0,2023,0.2529556453227997
bg_fungi,66.256448,29.528554,2023.0,2023,0.23112774640321732
bg_fungi,66.230084,29.577924,2023.0,2023,0.3747504303852717
bg_fungi,67.030156,27.539233,2023.0,2023,0.37966929872830707
bg_fungi,66.256178,29.530119,2023.0,2023,0.2214110145966212
bg_fungi,66.262746,29.567148,2023.0,2023,0.34881197412808734
bg_fungi,66.262538,29.566225,2023.0,2023,0.3400353789329529
bg_fungi,66.256699,29.527592,2023.0,2023,0.2134572391708692
bg_fungi,66.25592,29.527335,2023.0,2023,0.1625241736570994
bg_fungi,66.2551,29.52798,2023.0,2023,0.08060316896686952
bg_fungi,60.086285,23.292763,2024.0,2023,0.1548555170496305
bg_fungi,61.186647,21.615272,2024.0,2023,0.16408825293183327
bg_fungi,60.239126,24.729475,2024.0,2023,0.07441673551996549
bg_fungi,60.239573,24.729635,2024.0,2023,0.08510696018735568
bg_fungi,60.921988,27.351951,2024.0,2023,0.14809505517284074
bg_fungi,60.921988,27.351951,2024.0,2023,0.14809505517284074
bg_fungi,60.921988,27.351951,2024.0,2023,0.14809505517284074
bg_fungi,60.238988,24.729384,2024.0,2023,0.08965344975392024
bg_fungi,60.240257,24.731295,2024.0,2023,0.12508849302927652
bg_fungi,60.239857,24.726998,2024.0,2023,0.2546551475922267
bg_fungi,67.187438,25.96142,2024.0,2023,0.2256574034690857
bg_fungi,60.921988,27.351951,2024.0,2023,0.14809505517284074
bg_fungi,60.921988,27.351951,2024.0,2023,0.14809505517284074
bg_fungi,60.921988,27.351951,2024.0,2023,0.14809505517284074
bg_fungi,61.572805,29.332777,2024.0,2023,0.30094217757383984
bg_fungi,61.572805,29.332777,2024.0,2023,0.30094217757383984
bg_fungi,61.032444,25.414813,2024.0,2023,0.14333263536294302
bg_fungi,60.240584,24.731424,2024.0,2023,0.09473826612035434
bg_fungi,61.572805,29.332777,2024.0,2023,0.30094217757383984
bg_fungi,61.572805,29.332777,2024.0,2023,0.30094217757383984
bg_fungi,63.137735,26.296568,2024.0,2023,0.03255390593161186
bg_fungi,64.571703,26.483693,2024.0,2023,0.9190199971199036
bg_fungi,60.219387,24.915447,2024.0,2023,0.10397812693069379
bg_fungi,60.337833,22.567091,2024.0,2023,0.3879844645659129
bg_fungi,60.427848,22.169929,2024.0,2023,0.15548271934191385
bg_fungi,62.638454,29.015756,2024.0,2023,0.07603976471970479
bg_fungi,60.196743,23.607974,2024.0,2023,0.41344113151232403
bg_fungi,63.187495,26.337957,2024.0,2023,0.11075529456138611
bg_fungi,63.509978,23.242632,2024.0,2023,0.7164222995440165
bg_fungi,62.40653,28.76104,2024.0,2023,0.3379812041918437
bg_fungi,62.40735,28.75646,2024.0,2023,0.14496764540672302
bg_fungi,62.39425,28.81729,2024.0,2023,0.07675992200771968
bg_fungi,64.408162,27.82537,2024.0,2023,0.32275216778119403
bg_fungi,64.387899,27.982129,2024.0,2023,0.5523139536380768
bg_fungi,61.231975,25.635619,2024.0,2023,0.1946600377559662
bg_fungi,61.231975,25.635619,2024.0,2023,0.1946600377559662
bg_fungi,60.18744,24.89266,2024.0,2023,0.32827067375183105
bg_fungi,60.23814,24.95416,2024.0,2023,0.30071555574735004
bg_fungi,60.210761,24.68036,2024.0,2023,0.07514333973328273
bg_fungi,60.275354,24.506733,2024.0,2023,0.20670611162980398
bg_fungi,65.153051,25.428552,2024.0,2023,0.2708347092072169
bg_fungi,65.150685,25.43603,2024.0,2023,0.4629556139310201
bg_fungi,65.150685,25.43603,2024.0,2023,0.4629556139310201
bg_fungi,62.40695,28.77329,2024.0,2023,0.20729747662941614
bg_fungi,62.40741,28.77463,2024.0,2023,0.1375545139114062
bg_fungi,62.07235,27.403545,2024.0,2023,0.11703980279465516
bg_fungi,60.275091,24.506642,2024.0,2023,0.2450507531563441
bg_fungi,62.073353,27.410561,2024.0,2023,0.14339150488376617
bg_fungi,60.283937,25.091955,2024.0,2023,0.18008922412991524
bg_fungi,60.23069,24.98866,2024.0,2023,0.23521570612986883
bg_fungi,60.22987,24.98788,2024.0,2023,0.17272905136148134
bg_fungi,60.23506,24.98784,2024.0,2023,0.23831617087125778
bg_fungi,60.23506,24.98784,2024.0,2023,0.23831617087125778
bg_fungi,66.93995,25.83823,2024.0,2023,0.1841665847847859
bg_fungi,66.93981,25.83791,2024.0,2023,0.2006365843117237
bg_fungi,61.231975,25.635619,2024.0,2023,0.1946600377559662
bg_fungi,61.468576,23.814964,2024.0,2023,0.046629879623651505
bg_fungi,61.4685,23.814718,2024.0,2023,0.05434685697158178
bg_fungi,61.468594,23.814474,2024.0,2023,0.13929417977730432
bg_fungi,61.468699,23.814059,2024.0,2023,0.04482146600882212
bg_fungi,61.468799,23.813848,2024.0,2023,0.1333914523323377
bg_fungi,61.468565,23.813738,2024.0,2023,0.2214067280292511
bg_fungi,61.468418,23.814484,2024.0,2023,0.1548816760381063
bg_fungi,61.468341,23.815555,2024.0,2023,0.03555400421222051
bg_fungi,60.211524,24.679791,2024.0,2023,0.06997136150797208
bg_fungi,60.212139,24.679404,2024.0,2023,0.0961368332306544
bg_fungi,60.212985,24.678997,2024.0,2023,0.07213418806592624
bg_fungi,66.491014,25.804311,2024.0,2023,0.11432157922536135
bg_fungi,62.072215,27.403078,2024.0,2023,0.0886011872595797
bg_fungi,62.072638,27.403736,2024.0,2023,0.2073886295159658
bg_fungi,60.22966,24.98759,2024.0,2023,0.15492027749617895
bg_fungi,61.468323,23.816033,2024.0,2023,0.07019474854071935
bg_fungi,61.467508,23.814246,2024.0,2023,0.1531038135290146
bg_fungi,61.466793,23.813554,2024.0,2023,0.1522424817085266
bg_fungi,61.458339,23.806427,2024.0,2023,0.04326346547653278
bg_fungi,61.230733,25.63569,2024.0,2023,0.3602401961882909
bg_fungi,61.468576,23.814964,2024.0,2023,0.046629879623651505
bg_fungi,66.491266,25.808044,2024.0,2023,0.2593575691183408
bg_fungi,66.375423,25.369035,2024.0,2023,0.8328630526860555
bg_fungi,66.49114,25.801682,2024.0,2023,0.11933042341843247
bg_fungi,65.165614,25.46113,2024.0,2023,0.8415984710057577
bg_fungi,65.152381,25.427397,2024.0,2023,0.24566496660312018
bg_fungi,62.4074,28.77489,2024.0,2023,0.1375545139114062
bg_fungi,60.261781,24.566016,2024.0,2023,0.19283229112625122
bg_fungi,60.23023,24.9858,2024.0,2023,0.19723940392335257
bg_fungi,66.9286,25.86113,2024.0,2023,0.13717342168092728
bg_fungi,66.57844,25.65687,2024.0,2023,0.1697180662304163
bg_fungi,66.93966,25.83778,2024.0,2023,0.18787404522299767
bg_fungi,61.468527,23.814798,2024.0,2023,0.06868685781955719
bg_fungi,61.468609,23.814093,2024.0,2023,0.18502415219942728
bg_fungi,61.46856,23.814097,2024.0,2023,0.18502415219942728
bg_fungi,61.468765,23.813912,2024.0,2023,0.09380867332220078
bg_fungi,61.468799,23.813848,2024.0,2023,0.1333914523323377
bg_fungi,61.468518,23.813543,2024.0,2023,0.13817657281955084
bg_fungi,61.468141,23.814725,2024.0,2023,0.19423406819502512
bg_fungi,60.211154,24.679867,2024.0,2023,0.15372525652249655
bg_fungi,60.211505,24.679621,2024.0,2023,0.08685161545872688
bg_fungi,60.23088,24.98569,2024.0,2023,0.21311779444416365
bg_fungi,60.22975,24.98741,2024.0,2023,0.1373059960703055
bg_fungi,60.21847,25.00665,2024.0,2023,0.16766504819194475
bg_fungi,61.468294,23.815996,2024.0,2023,0.07019474854071935
bg_fungi,61.467927,23.81544,2024.0,2023,0.15279715259869894
bg_fungi,61.467892,23.815123,2024.0,2023,0.11873328437407811
bg_fungi,61.467039,23.813701,2024.0,2023,0.14815276364485422
bg_fungi,61.466088,23.811104,2024.0,2023,0.08914544185002644
bg_fungi,62.40735,28.75646,2024.0,2023,0.14496764540672302
bg_fungi,62.39327,28.81895,2024.0,2023,0.08140972877542178
bg_fungi,64.390993,27.979695,2024.0,2023,0.2929171125094096
bg_fungi,61.231975,25.635619,2024.0,2023,0.1946600377559662
bg_fungi,61.231975,25.635619,2024.0,2023,0.1946600377559662
bg_fungi,61.468576,23.814964,2024.0,2023,0.046629879623651505
bg_fungi,60.23865,24.95936,2024.0,2023,0.4084834059079488
bg_fungi,60.211138,24.680071,2024.0,2023,0.10670420527458191
bg_fungi,66.49375,25.812541,2024.0,2023,0.7713444431622823
bg_fungi,60.261473,24.568092,2024.0,2023,0.07507854079206784
bg_fungi,60.275354,24.506733,2024.0,2023,0.20670611162980398
bg_fungi,65.150685,25.43603,2024.0,2023,0.4629556139310201
bg_fungi,65.150685,25.43603,2024.0,2023,0.4629556139310201
bg_fungi,62.40649,28.772685,2024.0,2023,0.33882702390352887
bg_fungi,62.073363,27.410749,2024.0,2023,0.14461769722402096
bg_fungi,60.261793,24.565887,2024.0,2023,0.11088891575733821
bg_fungi,60.261784,24.567049,2024.0,2023,0.22914808988571167
bg_fungi,60.23011,24.98591,2024.0,2023,0.1578318433215221
bg_fungi,60.23069,24.98866,2024.0,2023,0.23521570612986883
bg_fungi,60.23506,24.98784,2024.0,2023,0.23831617087125778
bg_fungi,61.231975,25.635619,2024.0,2023,0.1946600377559662
bg_fungi,61.231975,25.635619,2024.0,2023,0.1946600377559662
bg_fungi,61.468575,23.814964,2024.0,2023,0.046629879623651505
bg_fungi,61.468549,23.814882,2024.0,2023,0.046629879623651505
bg_fungi,61.468593,23.814191,2024.0,2023,0.18502415219942728
bg_fungi,61.468765,23.813911,2024.0,2023,0.09380867332220078
bg_fungi,61.468794,23.813751,2024.0,2023,0.1333914523323377
bg_fungi,61.468608,23.813547,2024.0,2023,0.13817657281955084
bg_fungi,61.468363,23.814589,2024.0,2023,0.1846912850936254
bg_fungi,61.468196,23.814578,2024.0,2023,0.1401936560869217
bg_fungi,60.211641,24.680726,2024.0,2023,0.1245633785923322
bg_fungi,65.150685,25.43603,2024.0,2023,0.4629556139310201
bg_fungi,62.072284,27.402964,2024.0,2023,0.0886011872595797
bg_fungi,60.20065,24.97659,2024.0,2023,0.26233337819576263
bg_fungi,61.467913,23.816458,2024.0,2023,0.0795343667268753
bg_fungi,61.467451,23.813975,2024.0,2023,0.1333167850971222
bg_fungi,61.467377,23.813683,2024.0,2023,0.13274618486563364
bg_fungi,61.466423,23.813132,2024.0,2023,0.10930996015667915
bg_fungi,61.465911,23.812024,2024.0,2023,0.17287104080120722
bg_fungi,61.468404,23.811004,2024.0,2023,0.12307874858379364
bg_fungi,61.458339,23.806427,2024.0,2023,0.04326346547653278
bg_fungi,62.40603,28.76179,2024.0,2023,0.28258367379506427
bg_fungi,62.39407,28.81778,2024.0,2023,0.07886501029133797
bg_fungi,61.468576,23.814964,2024.0,2023,0.046629879623651505
bg_fungi,60.23844,24.9542,2024.0,2023,0.4850878119468689
bg_fungi,66.369011,24.930758,2024.0,2023,0.42449448506037396
bg_fungi,66.375389,25.369196,2024.0,2023,0.7306792140007019
bg_fungi,60.211068,24.679914,2024.0,2023,0.14469062040249506
bg_fungi,66.491168,25.807785,2024.0,2023,0.19587774823109308
bg_fungi,66.49114,25.801682,2024.0,2023,0.11933042341843247
bg_fungi,65.165614,25.46113,2024.0,2023,0.8415984710057577
bg_fungi,60.261758,24.56634,2024.0,2023,0.31708067655563354
bg_fungi,60.261669,24.568153,2024.0,2023,0.08624442170063655
bg_fungi,60.292872,24.497645,2024.0,2023,0.0672421505053838
bg_fungi,62.072291,27.403491,2024.0,2023,0.10174300878619154
bg_fungi,60.285367,25.090723,2024.0,2023,0.6100338101387024
bg_fungi,60.2297,24.98627,2024.0,2023,0.15933371831973395
bg_fungi,60.402201,25.742959,2024.0,2023,0.11899209736535947
bg_fungi,66.9283,25.86053,2024.0,2023,0.18004355331261954
bg_fungi,66.57926,25.65643,2024.0,2023,0.14804113594194254
bg_fungi,66.58272,25.66476,2024.0,2023,0.1887216828763485
bg_fungi,61.468575,23.814964,2024.0,2023,0.046629879623651505
bg_fungi,61.468594,23.814474,2024.0,2023,0.13929417977730432
bg_fungi,61.468699,23.814059,2024.0,2023,0.04482146600882212
bg_fungi,61.46876,23.814005,2024.0,2023,0.04482146600882212
bg_fungi,61.468794,23.813809,2024.0,2023,0.1333914523323377
bg_fungi,61.468418,23.814484,2024.0,2023,0.1548816760381063
bg_fungi,61.468306,23.815807,2024.0,2023,0.07019474854071935
bg_fungi,60.211155,24.679768,2024.0,2023,0.15372525652249655
bg_fungi,60.211304,24.679969,2024.0,2023,0.064762473727266
bg_fungi,60.211908,24.679714,2024.0,2023,0.08152485638856888
bg_fungi,62.0726,27.403923,2024.0,2023,0.25112154086430866
bg_fungi,62.072136,27.402914,2024.0,2023,0.16604998583594957
bg_fungi,62.133677,27.463566,2024.0,2023,0.30898504455884296
bg_fungi,60.23069,24.98866,2024.0,2023,0.23521570612986883
bg_fungi,61.468323,23.816033,2024.0,2023,0.07019474854071935
bg_fungi,61.468042,23.816546,2024.0,2023,0.1529335007071495
bg_fungi,61.467481,23.814355,2024.0,2023,0.255061075091362
bg_fungi,61.466973,23.812782,2024.0,2023,0.14158477634191513
bg_fungi,61.467597,23.810838,2024.0,2023,0.12372887879610062
bg_fungi,61.467597,23.810838,2024.0,2023,0.12372887879610062
bg_fungi,66.774475,28.782592,2024.0,2023,0.45568957924842834
bg_fungi,66.785015,28.9141,2024.0,2023,0.2450550893942515
bg_fungi,66.784292,28.913043,2024.0,2023,0.40662724773089093
bg_fungi,66.772059,28.935914,2024.0,2023,0.3146094083786011
bg_fungi,66.785664,28.91456,2024.0,2023,0.42321203152338666
bg_fungi,66.784778,28.913626,2024.0,2023,0.3544712960720062
bg_fungi,66.77837,28.787353,2024.0,2023,0.11415397624174754
bg_fungi,66.784996,28.914144,2024.0,2023,0.2450550893942515
bg_fungi,65.671509,29.870821,2024.0,2023,0.22485700622200966
bg_fungi,66.779937,28.786057,2024.0,2023,0.21178271621465683
bg_fungi,66.77511,28.782797,2024.0,2023,0.48115278283754986
bg_fungi,66.789711,28.909415,2024.0,2023,0.33624517420927685
bg_fungi,66.776725,28.784414,2024.0,2023,0.2534519185622533
bg_fungi,66.785317,28.913555,2024.0,2023,0.2941366235415141
bg_fungi,61.926891,25.713378,2024.0,2023,0.20156863083442053
bg_fungi,66.776778,28.788419,2024.0,2023,0.31071406602859497
bg_fungi,66.785419,28.914086,2024.0,2023,0.5786753594875336
bg_fungi,66.784297,28.913316,2024.0,2023,0.38966189324855804
bg_fungi,62.096691,25.971071,2024.0,2023,0.1712112290163835
bg_fungi,66.785154,28.913678,2024.0,2023,0.42903820673624676
bg_fungi,66.785927,28.91433,2024.0,2023,0.3528847098350525
bg_fungi,66.78437,28.913276,2024.0,2023,0.38966189324855804
bg_fungi,66.42406,24.899824,2024.0,2023,0.5329781075318655
bg_fungi,66.411714,24.916103,2024.0,2023,0.06891717567729454
bg_fungi,66.421488,24.917404,2024.0,2023,0.1464928643157085
bg_fungi,66.735901,24.418565,2024.0,2023,0.6304646730422974
bg_fungi,67.012711,27.239237,2024.0,2023,0.7301220496495565
bg_fungi,65.476258,29.458197,2024.0,2023,0.7794670859972636
bg_fungi,67.009536,27.210337,2024.0,2023,0.5627230306466421
bg_fungi,68.746422,26.218641,2024.0,2023,0.9215142925580343
bg_fungi,60.268097,23.004189,2024.0,2023,0.5958009759585062
bg_fungi,61.902044,29.659626,2024.0,2023,0.90485813220342
bg_fungi,60.1531,24.606937,2024.0,2023,0.14625583092371622
bg_fungi,61.56546,29.559076,2024.0,2023,0.09455406665802002
bg_fungi,66.147769,29.148945,2024.0,2023,0.3675629198551178
bg_fungi,63.304753,30.043542,2024.0,2023,0.2499260480205218
bg_fungi,62.800446,27.632989,2024.0,2023,0.008371565587973842
bg_fungi,66.254313,29.434002,2024.0,2023,0.4762452344099681
bg_fungi,61.24638,24.030818,2024.0,2023,0.07522782341887553
bg_fungi,63.084481,29.802968,2024.0,2023,0.14093289027611414
bg_fungi,62.805756,27.62746,2024.0,2023,0.011237201339099556
bg_fungi,60.264343,24.380734,2024.0,2023,0.24580652515093485
bg_fungi,62.805786,27.629248,2024.0,2023,0.13607562830050787
bg_fungi,61.901726,29.668158,2024.0,2023,0.9122830629348755
bg_fungi,63.304445,30.046208,2024.0,2023,0.36057603855927783
bg_fungi,60.396133,25.142692,2024.0,2023,0.5727983514467875
bg_fungi,60.26532,24.381051,2024.0,2023,0.3223435233036677
bg_fungi,61.218004,24.470778,2024.0,2023,0.040397340121368565
bg_fungi,60.265442,24.381505,2024.0,2023,0.32550951838493347
bg_fungi,60.266327,23.01012,2024.0,2023,0.39523149530092877
bg_fungi,66.2546,29.438817,2024.0,2023,0.6525524059931437
bg_fungi,68.313065,28.071049,2024.0,2023,0.5060047507286072
bg_fungi,61.901849,29.661486,2024.0,2023,0.9190556605656942
bg_fungi,65.44998,29.564908,2024.0,2023,0.6614909768104553
bg_fungi,63.302567,30.049289,2024.0,2023,0.27341827874382335
bg_fungi,67.643311,24.257109,2024.0,2023,0.17317369425048432
bg_fungi,66.259429,29.477242,2024.0,2023,0.2565022458632787
bg_fungi,68.94677,27.128216,2024.0,2023,0.5792449514071146
bg_fungi,61.77652,29.33592,2024.0,2023,0.8236488699913025
bg_fungi,63.345947,30.474523,2024.0,2023,0.37225649257500965
bg_fungi,68.730972,26.204411,2024.0,2023,0.5238564511140188
bg_fungi,60.264099,24.380692,2024.0,2023,0.21082788705825806
bg_fungi,68.221138,28.045626,2024.0,2023,0.05765597145849218
bg_fungi,61.575528,26.719706,2024.0,2023,0.1646557574470838
bg_fungi,60.396095,25.134803,2024.0,2023,0.30305954317251843
bg_fungi,68.215934,23.445207,2022.0,2021,0.5965275168418884
bg_fungi,68.27092,23.649801,2022.0,2021,0.6930515964825948
bg_fungi,68.696882,27.308281,2022.0,2021,0.5379934211572012
bg_fungi,62.896191,27.592956,2022.0,2021,0.01183324035567542
bg_fungi,64.432476,28.435757,2022.0,2021,0.07622741845746835
bg_fungi,65.158536,28.876148,2022.0,2021,0.15355869630972543
bg_fungi,68.706432,27.283046,2022.0,2021,0.6174273292223612
bg_fungi,68.270141,23.654786,2022.0,2021,0.5721241533756256
bg_fungi,68.69741,27.288235,2022.0,2021,0.6171180605888367
bg_fungi,69.205002,27.494054,2022.0,2021,0.5254389444986979
bg_fungi,62.895465,27.594712,2022.0,2021,0.012902950770997753
bg_fungi,68.270353,23.646128,2022.0,2021,0.71146559715271
bg_fungi,69.2075,27.446504,2022.0,2021,0.8034383654594421
bg_fungi,68.259089,24.083944,2022.0,2021,0.22015281735608974
bg_fungi,68.708532,27.271746,2022.0,2021,0.6489004691441854
bg_fungi,62.908472,27.585843,2022.0,2021,0.025887340152015288
bg_fungi,62.896097,27.593741,2022.0,2021,0.005976312163208301
bg_fungi,60.534338,26.072849,2022.0,2021,0.11496557605763276
bg_fungi,68.258663,24.080657,2022.0,2021,0.502656082312266
bg_fungi,68.698656,27.288744,2022.0,2021,0.6421794096628824
bg_fungi,65.12326,28.925765,2022.0,2021,0.2986662685871124
bg_fungi,68.70425,27.284696,2022.0,2021,0.5308134853839874
bg_fungi,69.203195,27.489395,2022.0,2021,0.6050145427385966
bg_fungi,64.432162,28.436675,2022.0,2021,0.13313382491469383
bg_fungi,62.56728,28.586998,2022.0,2021,0.37831351161003113
bg_fungi,68.271003,23.646784,2022.0,2021,0.6763302087783813
bg_fungi,60.534492,26.070475,2022.0,2021,0.1873961240053177
bg_fungi,61.688404,25.323765,2022.0,2021,0.11595133878290653
bg_fungi,68.271078,23.651377,2022.0,2021,0.6692095398902893
bg_fungi,68.697982,27.289377,2022.0,2021,0.4148709674676259
bg_fungi,68.279858,23.650816,2022.0,2021,0.7544504801432291
bg_fungi,68.353431,23.98288,2022.0,2021,0.31586499512195587
bg_fungi,68.698682,27.289164,2022.0,2021,0.6655469536781311
bg_fungi,68.705759,27.283729,2022.0,2021,0.42217059930165607
bg_fungi,68.250098,24.092909,2022.0,2021,0.27699849878748256
bg_fungi,68.703512,27.270303,2022.0,2021,0.6320532560348511
bg_fungi,68.202808,24.201684,2022.0,2021,0.3050473978122075
bg_fungi,68.249666,24.085146,2022.0,2021,0.27002133925755817
bg_fungi,68.705777,27.283704,2022.0,2021,0.42217059930165607
bg_fungi,68.215102,24.206755,2022.0,2021,0.1708407886326313
bg_fungi,68.705605,27.28422,2022.0,2021,0.4596562683582306
bg_fungi,68.253855,24.017165,2022.0,2021,0.9470343589782715
bg_fungi,68.201182,24.211736,2022.0,2021,0.421970655520757
bg_fungi,68.705401,27.283058,2022.0,2021,0.4672088821729024
bg_fungi,68.269434,23.642022,2022.0,2021,0.6972239216168722
bg_fungi,69.212166,27.481972,2022.0,2021,0.6326017379760742
bg_fungi,69.179844,27.405753,2022.0,2021,0.8314313689867655
bg_fungi,68.709121,27.279107,2022.0,2021,0.5943723519643148
bg_fungi,68.707387,27.280788,2022.0,2021,0.6629296739896139
bg_fungi,68.271302,23.646885,2022.0,2021,0.643854816754659
bg_fungi,68.219043,24.20625,2022.0,2021,0.1775210772951444
bg_fungi,62.896191,27.592956,2022.0,2021,0.01183324035567542
bg_fungi,68.705779,27.28247,2022.0,2021,0.614432136217753
bg_fungi,68.69752,27.297067,2022.0,2021,0.646788497765859
bg_fungi,68.705309,27.284167,2022.0,2021,0.5091922283172607
bg_fungi,68.701437,27.277827,2022.0,2021,0.6061501502990723
bg_fungi,68.203229,24.200594,2022.0,2021,0.3092882086833318
bg_fungi,64.433162,28.437163,2022.0,2021,0.10729031513134639
bg_fungi,68.234068,23.418044,2022.0,2021,0.62935471534729
bg_fungi,69.216256,27.48181,2022.0,2021,0.5988878210385641
bg_fungi,68.231169,24.173791,2022.0,2021,0.552195409933726
bg_fungi,68.699291,27.289937,2022.0,2021,0.6500218907992045
bg_fungi,68.709032,27.278242,2022.0,2021,0.43707673748334247
bg_fungi,64.43306,28.437532,2022.0,2021,0.21187922606865564
bg_fungi,68.703013,27.268126,2022.0,2021,0.6047957142194113
bg_fungi,68.705699,27.28205,2022.0,2021,0.6906329194704691
bg_fungi,68.259089,24.083944,2022.0,2021,0.22015281735608974
bg_fungi,68.704386,27.28381,2022.0,2021,0.5182799200216929
bg_fungi,68.707115,27.282389,2022.0,2021,0.5348027944564819
bg_fungi,64.433035,28.437281,2022.0,2021,0.15895397340257963
bg_fungi,68.272481,23.658612,2022.0,2021,0.4044211159149806
bg_fungi,61.85006,24.244526,2022.0,2021,0.13462437192598978
bg_fungi,65.158884,28.876279,2022.0,2021,0.20393747091293335
bg_fungi,68.700101,27.277366,2022.0,2021,0.5773693323135376
bg_fungi,63.435121,28.114093,2022.0,2021,0.435746173063914
bg_fungi,65.127952,28.858408,2022.0,2021,0.2300179253021876
bg_fungi,68.706711,27.282828,2022.0,2021,0.6946110924084982
bg_fungi,60.534359,26.074579,2022.0,2021,0.18747183432181677
bg_fungi,68.250098,24.092909,2022.0,2021,0.27699849878748256
bg_fungi,69.207285,27.473155,2022.0,2021,0.647143284479777
bg_fungi,68.233539,24.168492,2022.0,2021,0.5121510028839111
bg_fungi,69.189903,27.446724,2022.0,2021,0.5930349429448446
bg_fungi,68.704844,27.283742,2022.0,2021,0.39294934272766113
bg_fungi,60.534519,26.071787,2022.0,2021,0.13962281805773577
bg_fungi,65.12824,28.858342,2022.0,2021,0.22542584439118704
bg_fungi,68.702997,27.272073,2022.0,2021,0.5141793290774027
bg_fungi,68.698111,27.287726,2022.0,2021,0.5428874989350637
bg_fungi,68.69923,27.294006,2022.0,2021,0.6250812808672587
bg_fungi,68.699531,27.290927,2022.0,2021,0.6720036665598551
bg_fungi,62.895924,27.592163,2022.0,2021,0.010013504535891116
bg_fungi,68.21419,24.201646,2022.0,2021,0.17379765585064888
bg_fungi,68.706219,27.281983,2022.0,2021,0.6551243662834167
bg_fungi,68.705033,27.283399,2022.0,2021,0.539432297150294
bg_fungi,68.353283,23.983167,2022.0,2021,0.34817946950594586
bg_fungi,68.699264,27.289591,2022.0,2021,0.5781837006409963
bg_fungi,68.205127,24.205048,2022.0,2021,0.34525349736213684
bg_fungi,68.706097,27.268928,2022.0,2021,0.6014554897944132
bg_fungi,68.220683,23.43586,2022.0,2021,0.479725847641627
bg_fungi,68.709174,27.27358,2022.0,2021,0.41145626703898114
bg_fungi,69.208382,27.475249,2022.0,2021,0.6272082130114237
bg_fungi,60.534535,26.072843,2022.0,2021,0.15169498945275942
bg_fungi,69.20718,27.468912,2022.0,2021,0.519612044095993
bg_fungi,68.698238,27.291896,2022.0,2021,0.5756834745407104
bg_fungi,68.710094,27.27638,2022.0,2021,0.551818311214447
bg_fungi,68.234479,23.416262,2022.0,2021,0.6627157727877299
bg_fungi,68.708487,27.271548,2022.0,2021,0.6750941872596741
bg_fungi,68.69923,27.294006,2022.0,2021,0.6250812808672587
bg_fungi,68.708665,27.272562,2022.0,2021,0.6940585573514303
bg_fungi,68.705777,27.283704,2022.0,2021,0.42217059930165607
bg_fungi,62.908472,27.585843,2022.0,2021,0.025887340152015288
bg_fungi,68.69774,27.294529,2022.0,2021,0.6671115557352701
bg_fungi,62.503304,28.623655,2022.0,2021,0.2182765156030655
bg_fungi,68.698845,27.293532,2022.0,2021,0.5652222434679667
bg_fungi,68.349782,23.979207,2022.0,2021,0.2832651287317276
bg_fungi,68.707888,27.270356,2022.0,2021,0.6766835848490397
bg_fungi,69.221998,27.499896,2022.0,2021,0.61753382285436
bg_fungi,68.271579,23.649074,2022.0,2021,0.7121880054473877
bg_fungi,68.704581,27.285416,2022.0,2021,0.3830760320027669
bg_fungi,68.214879,24.202046,2022.0,2021,0.1702894251793623
bg_fungi,68.699216,27.275875,2022.0,2021,0.5990047057469686
bg_fungi,65.127859,28.849278,2022.0,2021,0.28351574142773944
bg_fungi,69.205607,27.49273,2022.0,2021,0.5818492571512858
bg_fungi,68.697912,27.288316,2022.0,2021,0.489783634742101
bg_fungi,68.698337,27.291898,2022.0,2021,0.630240797996521
bg_fungi,68.708487,27.271548,2022.0,2021,0.6750941872596741
bg_fungi,65.1266,28.850938,2022.0,2021,0.2851312259833018
bg_fungi,62.908472,27.585843,2022.0,2021,0.025887340152015288
bg_fungi,68.236356,23.407957,2022.0,2021,0.43963385621706647
bg_fungi,68.707208,27.280465,2022.0,2021,0.7699036995569865
bg_fungi,68.698494,27.289063,2022.0,2021,0.6349011063575745
bg_fungi,68.705659,27.267862,2022.0,2021,0.5631583034992218
bg_fungi,68.218642,23.441231,2022.0,2021,0.6080870032310486
bg_fungi,68.209424,23.435654,2022.0,2021,0.40651944776376087
bg_fungi,62.908472,27.585843,2022.0,2021,0.025887340152015288
bg_fungi,69.183431,27.405542,2022.0,2021,0.8107507427533468
bg_fungi,69.185223,27.40265,2022.0,2021,0.6494465668996176
bg_fungi,68.69752,27.297067,2022.0,2021,0.646788497765859
bg_fungi,68.701919,27.273639,2022.0,2021,0.5695592363675436
bg_fungi,68.705401,27.283058,2022.0,2021,0.4672088821729024
bg_fungi,68.700101,27.277366,2022.0,2021,0.5773693323135376
bg_fungi,69.206193,27.491734,2022.0,2021,0.5516501565774282
bg_fungi,69.182721,27.406537,2022.0,2021,0.8231701056162516
bg_fungi,68.702997,27.272073,2022.0,2021,0.5141793290774027
bg_fungi,68.20873,23.434288,2022.0,2021,0.512650599082311
bg_fungi,68.703091,27.269977,2022.0,2021,0.5629246830940247
bg_fungi,62.908472,27.585843,2022.0,2021,0.025887340152015288
bg_fungi,68.707593,27.280791,2022.0,2021,0.6305236220359802
bg_fungi,69.206004,27.491982,2022.0,2021,0.2913334195812543
bg_fungi,68.215094,24.216954,2022.0,2021,0.42987337211767834
bg_fungi,68.230574,24.174687,2022.0,2021,0.6440744201342264
bg_fungi,68.270455,23.644974,2022.0,2021,0.5871354738871256
bg_fungi,68.22076,23.435726,2022.0,2021,0.479725847641627
bg_fungi,63.645995,25.371926,2022.0,2021,0.191482442120711
bg_fungi,69.21813,27.47872,2022.0,2021,0.6706270774205526
bg_fungi,68.709243,27.27558,2022.0,2021,0.6082075635592142
bg_fungi,68.697921,27.293569,2022.0,2021,0.6372911135355631
bg_fungi,68.697484,27.287274,2022.0,2021,0.5361955761909485
bg_fungi,69.204713,27.494729,2022.0,2021,0.574849526087443
bg_fungi,68.20846,23.443878,2022.0,2021,0.45765971144040424
bg_fungi,69.181055,27.405321,2022.0,2021,0.8059062759081522
bg_fungi,68.696882,27.308281,2022.0,2021,0.5379934211572012
bg_fungi,69.206004,27.491982,2022.0,2021,0.2913334195812543
bg_fungi,69.205823,27.492382,2022.0,2021,0.536935160557429
bg_fungi,68.699326,27.290184,2022.0,2021,0.46492695808410645
bg_fungi,68.69774,27.294529,2022.0,2021,0.6671115557352701
bg_fungi,68.699887,27.276525,2022.0,2021,0.5249436795711517
bg_fungi,68.700101,27.277366,2022.0,2021,0.5773693323135376
bg_fungi,68.217183,24.222186,2022.0,2021,0.3887797147035599
bg_fungi,69.211751,27.466789,2022.0,2021,0.6605564554532369
bg_fungi,68.697898,27.296751,2022.0,2021,0.5587153136730194
bg_fungi,68.215647,24.214615,2022.0,2021,0.5513910750548044
bg_fungi,65.134335,28.859067,2022.0,2021,0.15784942358732224
bg_fungi,68.70021,27.276455,2022.0,2021,0.4342283805211385
bg_fungi,68.698564,27.29528,2022.0,2021,0.5647999942302704
bg_fungi,68.699333,27.291343,2022.0,2021,0.5286995967229208
bg_fungi,68.705875,27.267445,2022.0,2021,0.6421066721280416
bg_fungi,63.487401,25.94106,2022.0,2021,0.37531906366348267
bg_fungi,65.134872,28.855587,2022.0,2021,0.2084660679101944
bg_fungi,68.706235,27.283365,2022.0,2021,0.6348384221394857
bg_fungi,68.352159,23.979596,2022.0,2021,0.3021191234389941
bg_fungi,68.215729,23.441902,2022.0,2021,0.3875076621770859
bg_fungi,68.274529,23.647478,2022.0,2021,0.7303762237230936
bg_fungi,68.279858,23.650816,2022.0,2021,0.7544504801432291
bg_fungi,68.210082,23.437002,2022.0,2021,0.34253307183583576
bg_fungi,65.158407,28.876395,2022.0,2021,0.12467234830061595
bg_fungi,68.705401,27.283058,2022.0,2021,0.4672088821729024
bg_fungi,68.708186,27.280206,2022.0,2021,0.5704150001207987
bg_fungi,62.908472,27.585843,2022.0,2021,0.025887340152015288
bg_fungi,64.432565,28.435761,2022.0,2021,0.07622741845746835
bg_fungi,69.221998,27.499896,2022.0,2021,0.61753382285436
bg_fungi,60.534737,26.070869,2022.0,2021,0.16086955120166144
bg_fungi,68.706369,27.283342,2022.0,2021,0.6348384221394857
bg_fungi,68.699264,27.289591,2022.0,2021,0.5781837006409963
bg_fungi,68.709121,27.279107,2022.0,2021,0.5943723519643148
bg_fungi,69.209331,27.476153,2022.0,2021,0.6860013405481974
bg_fungi,62.89573,27.5957,2022.0,2021,0.01792611162333439
bg_fungi,68.706369,27.283342,2022.0,2021,0.6348384221394857
bg_fungi,68.709309,27.273335,2022.0,2021,0.5268658796946207
bg_fungi,68.23717,23.404489,2022.0,2021,0.5348502496878306
bg_fungi,68.708654,27.284604,2022.0,2021,0.5781253377596537
bg_fungi,68.27417,23.647506,2022.0,2021,0.6015843152999878
bg_fungi,62.896102,27.59256,2022.0,2021,0.018499310749272507
bg_fungi,68.698898,27.288846,2022.0,2021,0.5316661496957144
bg_fungi,68.230989,24.181165,2022.0,2021,0.3402651871244113
bg_fungi,61.850063,24.24559,2022.0,2021,0.07788944616913795
bg_fungi,65.158389,28.876415,2022.0,2021,0.12467234830061595
bg_fungi,68.277017,23.660469,2022.0,2021,0.310995285709699
bg_fungi,68.705662,27.265913,2022.0,2021,0.5157037576039633
bg_fungi,68.705309,27.284167,2022.0,2021,0.5091922283172607
bg_fungi,68.70425,27.284696,2022.0,2021,0.5308134853839874
bg_fungi,68.250042,24.085607,2022.0,2021,0.30136921505133313
bg_fungi,68.352101,23.97141,2022.0,2021,0.4291692276795705
bg_fungi,68.233381,23.402882,2022.0,2021,0.35423587759335834
bg_fungi,65.236346,25.652283,2022.0,2021,0.2696801374355952
bg_fungi,68.270247,23.644908,2022.0,2021,0.5600430965423584
bg_fungi,64.43298,28.437403,2022.0,2021,0.16431933889786401
bg_fungi,68.271335,23.660161,2022.0,2021,0.3326064745585124
bg_fungi,62.567202,28.586779,2022.0,2021,0.37831351161003113
bg_fungi,68.253855,24.017165,2022.0,2021,0.9470343589782715
bg_fungi,68.269999,24.089746,2022.0,2021,0.2918285404642423
bg_fungi,68.704942,27.283891,2022.0,2021,0.5152432123819987
bg_fungi,65.135157,28.85356,2022.0,2021,0.23998751242955527
bg_fungi,68.710027,27.273368,2022.0,2021,0.5965422789255778
bg_fungi,68.706092,27.282598,2022.0,2021,0.5903447171052297
bg_fungi,68.697429,27.287545,2022.0,2021,0.3789318899313609
bg_fungi,68.709371,27.274125,2022.0,2021,0.4937648872534434
bg_fungi,64.433179,28.437268,2022.0,2021,0.13718843832612038
bg_fungi,68.699333,27.291343,2022.0,2021,0.5286995967229208
bg_fungi,65.127043,28.848433,2022.0,2021,0.2744484593470891
bg_fungi,68.27019,23.644747,2022.0,2021,0.5600430965423584
bg_fungi,68.27492,23.648196,2022.0,2021,0.5941052039464315
bg_fungi,68.709174,27.27358,2022.0,2021,0.41145626703898114
bg_fungi,62.896102,27.59256,2022.0,2021,0.018499310749272507
bg_fungi,68.316145,24.004254,2022.0,2021,0.7387645045916239
bg_fungi,68.710241,27.273815,2022.0,2021,0.6660335858662924
bg_fungi,68.698827,27.288426,2022.0,2021,0.5368437270323435
bg_fungi,68.258288,24.087436,2022.0,2021,0.32890432327985764
bg_fungi,68.69741,27.288235,2022.0,2021,0.6171180605888367
bg_fungi,68.698494,27.289063,2022.0,2021,0.6349011063575745
bg_fungi,62.896191,27.592956,2022.0,2021,0.01183324035567542
bg_fungi,64.432348,28.437785,2022.0,2021,0.2973796675602595
bg_fungi,68.706984,27.280388,2022.0,2021,0.7307270566622416
bg_fungi,68.709024,27.278094,2022.0,2021,0.43707673748334247
bg_fungi,68.699216,27.275875,2022.0,2021,0.5990047057469686
bg_fungi,68.234039,24.169398,2022.0,2021,0.35352809230486554
bg_fungi,68.28022,23.641599,2022.0,2021,0.7153212229410807
bg_fungi,68.258788,24.076549,2022.0,2021,0.4894484182198842
bg_fungi,64.433119,28.436933,2022.0,2021,0.11469581102331479
bg_fungi,68.705788,27.282397,2022.0,2021,0.614432136217753
bg_fungi,68.24983,24.079195,2022.0,2021,0.13571209522585073
bg_fungi,68.704386,27.28381,2022.0,2021,0.5182799200216929
bg_fungi,68.23341,23.402999,2022.0,2021,0.35423587759335834
bg_fungi,68.215938,23.441192,2022.0,2021,0.6196250915527344
bg_fungi,68.709579,27.272771,2022.0,2021,0.5853363970915476
bg_fungi,61.849204,24.243063,2022.0,2021,0.09112526973088582
bg_fungi,68.251891,24.095368,2022.0,2021,0.3092990815639496
bg_fungi,60.531416,26.077506,2022.0,2021,0.14312426497538885
bg_fungi,68.707628,27.281359,2022.0,2021,0.6352291305859884
bg_fungi,68.706097,27.268928,2022.0,2021,0.6014554897944132
bg_fungi,68.705992,27.283608,2022.0,2021,0.6213140288988749
bg_fungi,68.236308,23.406972,2022.0,2021,0.31514623761177063
bg_fungi,68.705328,27.283526,2022.0,2021,0.49479857087135315
bg_fungi,68.705401,27.283058,2022.0,2021,0.4672088821729024
bg_fungi,68.704241,27.285091,2022.0,2021,0.5892051557699839
bg_fungi,68.704933,27.283768,2022.0,2021,0.39294934272766113
bg_fungi,68.706128,27.28287,2022.0,2021,0.6402119199434916
bg_fungi,68.249962,24.086706,2022.0,2021,0.30293918897708255
bg_fungi,68.704241,27.285091,2022.0,2021,0.5892051557699839
bg_fungi,68.215332,24.215644,2022.0,2021,0.23027518143256506
bg_fungi,68.704844,27.283742,2022.0,2021,0.39294934272766113
bg_fungi,68.699887,27.276525,2022.0,2021,0.5249436795711517
bg_fungi,68.232124,23.403757,2022.0,2021,0.4504767855008443
bg_fungi,65.119698,28.811911,2022.0,2021,0.15718961507081985
bg_fungi,68.274549,23.647136,2022.0,2021,0.6850559115409851
bg_fungi,65.122872,28.924544,2022.0,2021,0.24832124014695486
bg_fungi,68.251438,24.018546,2022.0,2021,0.9460494518280029
bg_fungi,68.27604,23.646262,2022.0,2021,0.7740830580393473
bg_fungi,68.196887,24.216846,2022.0,2021,0.30329081416130066
bg_fungi,68.203295,24.200779,2022.0,2021,0.32408152769009274
bg_fungi,68.707115,27.282389,2022.0,2021,0.5348027944564819
bg_fungi,62.895924,27.592163,2022.0,2021,0.010013504535891116
bg_fungi,68.699531,27.290927,2022.0,2021,0.6720036665598551
bg_fungi,68.202885,24.200926,2022.0,2021,0.27657190213600796
bg_fungi,68.705759,27.283729,2022.0,2021,0.42217059930165607
bg_fungi,61.84931,24.247882,2022.0,2021,0.1306129296620687
bg_fungi,68.705662,27.266159,2022.0,2021,0.6389076511065165
bg_fungi,68.710149,27.275492,2022.0,2021,0.6497425635655721
bg_fungi,68.272264,23.647374,2022.0,2021,0.7080132961273193
bg_fungi,65.135499,28.853498,2022.0,2021,0.16202995429436365
bg_fungi,68.280247,23.651414,2022.0,2021,0.7586978872617086
bg_fungi,68.231308,24.172468,2022.0,2021,0.3849920928478241
bg_fungi,69.204203,27.46529,2022.0,2021,0.5153696735699972
bg_fungi,68.214249,23.442833,2022.0,2021,0.5960773626963297
bg_fungi,68.699335,27.290011,2022.0,2021,0.6496021747589111
bg_fungi,68.355096,23.993529,2022.0,2021,0.5597918927669525
bg_fungi,67.049362,26.258776,2025.0,2023,0.4574053982893626
bg_fungi,67.64855,28.280294,2025.0,2023,0.7012731234232584
bg_fungi,67.491782,26.295891,2025.0,2023,0.6195428371429443
bg_fungi,67.648141,28.280931,2025.0,2023,0.6619904637336731
bg_fungi,67.490626,26.298243,2025.0,2023,0.5285538733005524
bg_fungi,67.461814,29.807107,2025.0,2023,0.12575442530214787
bg_fungi,67.494554,26.295973,2025.0,2023,0.5626085996627808
bg_fungi,67.495156,26.298343,2025.0,2023,0.7135383486747742
bg_fungi,67.465145,29.79931,2025.0,2023,0.16790122290452322
bg_fungi,67.460349,29.796335,2025.0,2023,0.1560024544596672
bg_fungi,67.461694,29.807818,2025.0,2023,0.23186233391364416
bg_fungi,67.460582,29.795333,2025.0,2023,0.2601933181285858
bg_fungi,67.490645,26.296581,2025.0,2023,0.6593474745750427
bg_fungi,67.495037,26.299752,2025.0,2023,0.7118263641993204
bg_fungi,67.497706,26.313605,2025.0,2023,0.4039096434911092
bg_fungi,67.490995,26.296453,2025.0,2023,0.6653121709823608
bg_fungi,67.460143,29.803564,2025.0,2023,0.1951427012681961
bg_fungi,67.46203,29.802429,2025.0,2023,0.29456809163093567
bg_fungi,67.493359,26.303875,2025.0,2023,0.7327363689740499
bg_fungi,67.647005,28.2816,2025.0,2023,0.6209876338640848
bg_fungi,67.490261,26.301063,2025.0,2023,0.5028283993403116
bg_fungi,67.648339,28.284195,2025.0,2023,0.5083459615707397
bg_fungi,67.491023,26.298863,2025.0,2023,0.1335597038269043
bg_fungi,67.462886,29.813083,2025.0,2023,0.11937605465451877
bg_fungi,67.462923,29.798042,2025.0,2023,0.16596919298171997
bg_fungi,67.050479,26.255938,2025.0,2023,0.7267658511797587
bg_fungi,67.050892,26.254109,2025.0,2023,0.7938385605812073
bg_fungi,67.492614,26.295375,2025.0,2023,0.6114486455917358
bg_fungi,67.050653,26.258621,2025.0,2023,0.1691769982377688
bg_fungi,67.497194,26.313339,2025.0,2023,0.38605838020642597
bg_fungi,67.051,26.254083,2025.0,2023,0.8043738206227621
bg_fungi,67.491003,26.302492,2025.0,2023,0.5368467966715494
bg_fungi,67.648417,28.281111,2025.0,2023,0.65286652247111
bg_fungi,67.464647,29.799064,2025.0,2023,0.16966944436232248
bg_fungi,67.460684,29.809103,2025.0,2023,0.14840856132407984
bg_fungi,67.498123,26.314436,2025.0,2023,0.4861337939898173
bg_fungi,67.461915,29.802814,2025.0,2023,0.06026979318509499
bg_fungi,67.46381,29.810525,2025.0,2023,0.11907072365283966
bg_fungi,67.647817,28.28221,2025.0,2023,0.7352799773216248
bg_fungi,67.495024,26.300946,2025.0,2023,0.6869803071022034
bg_fungi,67.049359,26.25611,2025.0,2023,0.46441427369912464
bg_fungi,67.647939,28.282617,2025.0,2023,0.5823002258936564
bg_fungi,67.461886,29.813784,2025.0,2023,0.14127003401517868
bg_fungi,67.46347,29.814603,2025.0,2023,0.2152967651685079
bg_fungi,67.461376,29.805956,2025.0,2023,0.19922258704900742
bg_fungi,67.490257,26.306377,2025.0,2023,0.5778143604596456
bg_fungi,67.492747,26.295043,2025.0,2023,0.5440107782681783
bg_fungi,67.45945,29.807811,2025.0,2023,0.19093825171391168
bg_fungi,67.492309,26.295548,2025.0,2023,0.5888469020525614
bg_fungi,67.490626,26.298243,2025.0,2023,0.5285538733005524
bg_fungi,67.492426,26.295615,2025.0,2023,0.5888469020525614
bg_fungi,67.462045,29.802595,2025.0,2023,0.25436345239480335
bg_fungi,67.463655,29.801404,2025.0,2023,0.18681901196638742
bg_fungi,67.490005,26.304043,2025.0,2023,0.5121406316757202
bg_fungi,67.490608,26.302317,2025.0,2023,0.45215590794881183
bg_fungi,67.495174,26.298249,2025.0,2023,0.6950448155403137
bg_fungi,67.494715,26.297982,2025.0,2023,0.6582743922869364
bg_fungi,67.05055,26.253706,2025.0,2023,0.19858227918545404
bg_fungi,67.490301,26.304058,2025.0,2023,0.6161515514055887
bg_fungi,67.050096,26.254547,2025.0,2023,0.8491212328275045
bg_fungi,67.461236,29.803178,2025.0,2023,0.2835857073465983
bg_fungi,67.465145,29.79931,2025.0,2023,0.16790122290452322
bg_fungi,67.490994,26.29842,2025.0,2023,0.6009870568911234
bg_fungi,61.244352,25.066427,2025.0,2023,0.19397664815187454
bg_fungi,67.491217,26.297945,2025.0,2023,0.12334587549169858
bg_fungi,67.462923,29.798042,2025.0,2023,0.16596919298171997
bg_fungi,67.46122,29.805118,2025.0,2023,0.2066837896903356
bg_fungi,67.646653,28.280756,2025.0,2023,0.6557968258857727
bg_fungi,67.491293,26.296866,2025.0,2023,0.6805267333984375
bg_fungi,61.244465,25.065563,2025.0,2023,0.11470343607167403
bg_fungi,67.460059,29.804233,2025.0,2023,0.17492363353570303
bg_fungi,67.461384,29.802938,2025.0,2023,0.254840428630511
bg_fungi,67.461338,29.806606,2025.0,2023,0.2747819473346074
bg_fungi,67.489884,26.3051,2025.0,2023,0.42334969838460285
bg_fungi,67.461425,29.806265,2025.0,2023,0.16572553167740503
bg_fungi,67.462247,29.801285,2025.0,2023,0.2657291094462077
bg_fungi,67.494554,26.295973,2025.0,2023,0.5626085996627808
bg_fungi,67.05079,26.259077,2025.0,2023,0.2439330406486988
bg_fungi,67.464152,29.805862,2025.0,2023,0.1530889223019282
bg_fungi,67.648339,28.284195,2025.0,2023,0.5083459615707397
bg_fungi,67.460267,29.796934,2025.0,2023,0.24429939687252045
bg_fungi,67.492998,26.3033,2025.0,2023,0.6641633113225301
bg_fungi,67.05055,26.253706,2025.0,2023,0.19858227918545404
bg_fungi,67.491023,26.298863,2025.0,2023,0.1335597038269043
bg_fungi,67.461427,29.812817,2025.0,2023,0.18188738326231638
bg_fungi,67.46347,29.814603,2025.0,2023,0.2152967651685079
bg_fungi,67.493505,26.306516,2025.0,2023,0.5869454145431519
bg_fungi,67.490645,26.296581,2025.0,2023,0.6593474745750427
bg_fungi,67.46122,29.805118,2025.0,2023,0.2066837896903356
bg_fungi,67.497722,26.319295,2025.0,2023,0.5338094929854075
bg_fungi,67.492614,26.295375,2025.0,2023,0.6114486455917358
bg_fungi,61.240442,25.06745,2025.0,2023,0.12336684266726176
bg_fungi,67.495039,26.296193,2025.0,2023,0.6555761893590292
bg_fungi,67.490914,26.296432,2025.0,2023,0.6653121709823608
bg_fungi,67.647973,28.282855,2025.0,2023,0.689319392045339
bg_fungi,67.498123,26.314436,2025.0,2023,0.4861337939898173
bg_fungi,67.646641,28.280025,2025.0,2023,0.6883711814880371
bg_fungi,67.491765,26.296196,2025.0,2023,0.6195428371429443
bg_fungi,67.462045,29.802595,2025.0,2023,0.25436345239480335
bg_fungi,67.460059,29.804233,2025.0,2023,0.17492363353570303
bg_fungi,67.460763,29.807661,2025.0,2023,0.2376196583112081
bg_fungi,67.495037,26.299752,2025.0,2023,0.7118263641993204
bg_fungi,67.489722,26.304918,2025.0,2023,0.4023015300432841
bg_fungi,67.050479,26.255938,2025.0,2023,0.7267658511797587
bg_fungi,67.049748,26.254903,2025.0,2023,0.7793206175168356
bg_fungi,67.050892,26.254109,2025.0,2023,0.7938385605812073
bg_fungi,67.492998,26.3033,2025.0,2023,0.6641633113225301
bg_fungi,67.496019,26.311359,2025.0,2023,0.6497214039166769
bg_fungi,67.051221,26.253387,2025.0,2023,0.7981034715970358
bg_fungi,67.461886,29.813784,2025.0,2023,0.14127003401517868
bg_fungi,67.463955,29.801673,2025.0,2023,0.163019468386968
bg_fungi,67.495138,26.29818,2025.0,2023,0.7135383486747742
bg_fungi,67.646715,28.280901,2025.0,2023,0.6561781764030457
bg_fungi,67.648417,28.281111,2025.0,2023,0.65286652247111
bg_fungi,67.460704,29.808988,2025.0,2023,0.18168774992227554
bg_fungi,67.646434,28.280038,2025.0,2023,0.6706884106000265
bg_fungi,67.494308,26.303519,2025.0,2023,0.7404089172681173
bg_fungi,67.490708,26.302641,2025.0,2023,0.4521558880805969
bg_fungi,67.464324,29.807333,2025.0,2023,0.17260592430830002
bg_fungi,60.98563,24.117111,2025.0,2023,0.11119856374959151
bg_fungi,67.051054,26.254035,2025.0,2023,0.715367058912913
bg_fungi,67.050524,26.257821,2025.0,2023,0.41023683547973633
bg_fungi,67.050239,26.254359,2025.0,2023,0.8565031886100769
bg_fungi,67.490873,26.297417,2025.0,2023,0.6684252421061198
bg_fungi,67.463032,29.801565,2025.0,2023,0.1375318095088005
bg_fungi,67.491003,26.302492,2025.0,2023,0.5368467966715494
bg_fungi,67.493681,26.303608,2025.0,2023,0.7144560217857361
bg_fungi,67.647817,28.28221,2025.0,2023,0.7352799773216248
bg_fungi,67.461374,29.80296,2025.0,2023,0.254840428630511
bg_fungi,67.461427,29.812817,2025.0,2023,0.18188738326231638
bg_fungi,67.491217,26.297945,2025.0,2023,0.12334587549169858
bg_fungi,67.461439,29.802851,2025.0,2023,0.254840428630511
bg_fungi,67.465216,29.79885,2025.0,2023,0.23312298953533173
bg_fungi,67.462923,29.798042,2025.0,2023,0.16596919298171997
bg_fungi,67.492309,26.295548,2025.0,2023,0.5888469020525614
bg_fungi,67.490626,26.298243,2025.0,2023,0.5285538733005524
bg_fungi,67.461249,29.803975,2025.0,2023,0.24508360028266907
bg_fungi,67.492157,26.295482,2025.0,2023,0.6217971841494242
bg_fungi,61.244403,25.065641,2025.0,2023,0.15214247132341066
bg_fungi,67.646653,28.280756,2025.0,2023,0.6557968258857727
bg_fungi,67.491293,26.296866,2025.0,2023,0.6805267333984375
bg_fungi,67.463822,29.798452,2025.0,2023,0.22731593002875647
bg_fungi,67.049173,26.256736,2025.0,2023,0.32796874394019443
bg_fungi,67.460498,29.80742,2025.0,2023,0.24436011910438538
bg_fungi,67.490005,26.304043,2025.0,2023,0.5121406316757202
bg_fungi,67.490901,26.297626,2025.0,2023,0.6684252421061198
bg_fungi,67.648256,28.28452,2025.0,2023,0.5083459615707397
bg_fungi,67.648406,28.28031,2025.0,2023,0.6724029978116354
bg_fungi,67.648417,28.281111,2025.0,2023,0.65286652247111
bg_fungi,67.463198,29.798238,2025.0,2023,0.22611248244841894
bg_fungi,67.462527,29.801692,2025.0,2023,0.29710932075977325
bg_fungi,67.491217,26.297945,2025.0,2023,0.12334587549169858
bg_fungi,67.462247,29.801285,2025.0,2023,0.2657291094462077
bg_fungi,67.491003,26.302492,2025.0,2023,0.5368467966715494
bg_fungi,67.49675,26.312322,2025.0,2023,0.39398978153864544
bg_fungi,67.458625,29.80514,2025.0,2023,0.1955010493596395
bg_fungi,67.492157,26.295482,2025.0,2023,0.6217971841494242
bg_fungi,67.463965,29.809888,2025.0,2023,0.16555450608332953
bg_fungi,67.490335,26.301576,2025.0,2023,0.5461254715919495
bg_fungi,67.494354,26.310073,2025.0,2023,0.7307466665903727
bg_fungi,67.46464,29.803603,2025.0,2023,0.23910018304983774
bg_fungi,61.244328,25.067286,2025.0,2023,0.19625573853651682
bg_fungi,67.491293,26.296866,2025.0,2023,0.6805267333984375
bg_fungi,67.459672,29.80173,2025.0,2023,0.18741451700528464
bg_fungi,67.491717,26.297579,2025.0,2023,0.6650244990984598
bg_fungi,67.490364,26.301996,2025.0,2023,0.4972544014453888
bg_fungi,67.460763,29.807661,2025.0,2023,0.2376196583112081
bg_fungi,67.495256,26.311194,2025.0,2023,0.44366700450579327
bg_fungi,67.051408,26.253036,2025.0,2023,0.8141152660051981
bg_fungi,67.460498,29.80742,2025.0,2023,0.24436011910438538
bg_fungi,67.490005,26.304043,2025.0,2023,0.5121406316757202
bg_fungi,67.490539,26.305128,2025.0,2023,0.5998146732648214
bg_fungi,67.048947,26.258214,2025.0,2023,0.7461486657460531
bg_fungi,67.495138,26.29818,2025.0,2023,0.7135383486747742
bg_fungi,67.463381,29.814031,2025.0,2023,0.1731707826256752
bg_fungi,67.461374,29.80296,2025.0,2023,0.254840428630511
bg_fungi,67.490301,26.304058,2025.0,2023,0.6161515514055887
bg_fungi,67.494936,26.311719,2025.0,2023,0.6857102314631144
bg_fungi,67.458625,29.80514,2025.0,2023,0.1955010493596395
bg_fungi,67.461814,29.807107,2025.0,2023,0.12575442530214787
bg_fungi,67.049173,26.256736,2025.0,2023,0.32796874394019443
bg_fungi,67.458323,29.805455,2025.0,2023,0.21250149607658386
bg_fungi,67.491003,26.302492,2025.0,2023,0.5368467966715494
bg_fungi,67.493681,26.303608,2025.0,2023,0.7144560217857361
bg_fungi,67.465216,29.79885,2025.0,2023,0.23312298953533173
bg_fungi,67.459705,29.807607,2025.0,2023,0.2670215666294098
bg_fungi,67.491217,26.297945,2025.0,2023,0.12334587549169858
bg_fungi,67.050724,26.254574,2025.0,2023,0.8131524125734965
bg_fungi,67.645986,28.281191,2025.0,2023,0.5885957082112631
bg_fungi,67.464274,29.798809,2025.0,2023,0.16937497009833655
bg_fungi,67.490994,26.302539,2025.0,2023,0.5368467966715494
bg_fungi,67.490967,26.302493,2025.0,2023,0.5368467966715494
bg_fungi,67.463343,29.813652,2025.0,2023,0.15660166492064795
bg_fungi,67.490662,26.302385,2025.0,2023,0.4521558880805969
bg_fungi,67.050724,26.254574,2025.0,2023,0.8131524125734965
bg_fungi,67.646653,28.280756,2025.0,2023,0.6557968258857727
bg_fungi,67.491293,26.296866,2025.0,2023,0.6805267333984375
bg_fungi,67.492309,26.295548,2025.0,2023,0.5888469020525614
bg_fungi,67.489884,26.3051,2025.0,2023,0.42334969838460285
bg_fungi,67.460763,29.807661,2025.0,2023,0.2376196583112081
bg_fungi,67.64813,28.283382,2025.0,2023,0.5160834391911825
bg_fungi,67.496451,26.311651,2025.0,2023,0.4450397292772929
bg_fungi,67.46238,29.81431,2025.0,2023,0.15602558851242065
bg_fungi,60.010994,23.096672,2025.0,2023,0.10179063553611438
bg_fungi,60.007636,23.094376,2025.0,2023,0.026326995963851612
bg_fungi,61.244328,25.067286,2025.0,2023,0.19625573853651682
bg_fungi,61.244352,25.066427,2025.0,2023,0.19397664815187454
bg_fungi,61.241892,25.06464,2025.0,2023,0.08773707629491885
bg_fungi,60.009569,23.095602,2025.0,2023,0.05898975022137165
bg_fungi,60.005513,23.096745,2025.0,2023,0.5555997093518575
bg_fungi,60.009517,23.094746,2025.0,2023,0.12047818675637245
bg_fungi,60.01138,23.097543,2025.0,2023,0.05977622295419375
bg_fungi,60.007627,23.094359,2025.0,2023,0.026326995963851612
bg_fungi,60.012392,23.098626,2025.0,2023,0.1653138349453608
bg_fungi,61.244403,25.065641,2025.0,2023,0.15214247132341066
bg_fungi,61.244465,25.065563,2025.0,2023,0.11470343607167403
bg_fungi,60.011397,23.097217,2025.0,2023,0.063069353501002
bg_fungi,60.00718,23.09355,2025.0,2023,0.020057641183181357
bg_fungi,60.011198,23.096253,2025.0,2023,0.0823696677883466
bg_fungi,60.005982,23.096492,2025.0,2023,0.5527759293715159
bg_fungi,60.21154,25.021154,2025.0,2023,0.21870280305544534
bg_fungi,60.219611,25.003535,2025.0,2023,0.2295094852646192
bg_fungi,63.096983,21.644316,2025.0,2023,0.23693570494651794
bg_fungi,63.096983,21.644316,2025.0,2023,0.23693570494651794
bg_fungi,63.909415,23.634762,2025.0,2023,0.1502817583580812
bg_fungi,63.066359,21.731479,2025.0,2023,0.0691038832689325
bg_fungi,63.155326,21.572665,2025.0,2023,0.07609487976878881
bg_fungi,63.108392,21.646152,2025.0,2023,0.12657752695182958
bg_fungi,63.154148,21.57782,2025.0,2023,0.2564571549495061
bg_fungi,63.139288,21.567042,2025.0,2023,0.3792070349057515
bg_fungi,63.155835,21.573505,2025.0,2023,0.04086270714954784
bg_fungi,63.155203,21.574618,2025.0,2023,0.05142198565105597
bg_fungi,63.154376,21.5772,2025.0,2023,0.3045552099744479
bg_fungi,63.154613,21.588096,2025.0,2023,0.07437956084807713
bg_fungi,63.154388,21.577039,2025.0,2023,0.17249871976673603
bg_fungi,63.154388,21.577039,2025.0,2023,0.17249871976673603
bg_fungi,63.154359,21.577004,2025.0,2023,0.17249871976673603
bg_fungi,63.154559,21.576808,2025.0,2023,0.25161244720220566
bg_fungi,63.15464,21.576832,2025.0,2023,0.27868909885485965
bg_fungi,63.15464,21.576832,2025.0,2023,0.27868909885485965
bg_fungi,63.139473,21.56647,2025.0,2023,0.5111088951428732
bg_fungi,63.139473,21.56647,2025.0,2023,0.5111088951428732
bg_fungi,63.109802,21.64752,2025.0,2023,0.03575415862724185
bg_fungi,63.139473,21.56647,2025.0,2023,0.5111088951428732
bg_fungi,63.154712,21.577058,2025.0,2023,0.45257583260536194
bg_fungi,63.13915,21.567664,2025.0,2023,0.1941608414053917
bg_fungi,63.13915,21.567664,2025.0,2023,0.1941608414053917
bg_fungi,63.155274,21.574585,2025.0,2023,0.056163945623363055
bg_fungi,63.139524,21.56664,2025.0,2023,0.31269484261671704
bg_fungi,63.15549,21.574346,2025.0,2023,0.08009580212334792
bg_fungi,63.15549,21.574346,2025.0,2023,0.08009580212334792
bg_fungi,63.139328,21.566915,2025.0,2023,0.3792070349057515
bg_fungi,63.155499,21.574344,2025.0,2023,0.15058000354717174
bg_fungi,63.155499,21.574344,2025.0,2023,0.15058000354717174
bg_fungi,66.120051,28.759219,2025.0,2023,0.14521122351288795
bg_fungi,63.158917,29.490688,2025.0,2023,0.547697534163793
bg_fungi,65.713902,29.056946,2025.0,2023,0.22146058330933252
bg_fungi,63.15886,29.490842,2025.0,2023,0.5270905594031016
bg_fungi,63.158917,29.490688,2025.0,2023,0.547697534163793
bg_fungi,63.157761,29.491065,2025.0,2023,0.5226699312527975
bg_fungi,63.15805,29.490474,2025.0,2023,0.5118052860101064
bg_fungi,63.15803,29.490572,2025.0,2023,0.5118052860101064
bg_fungi,65.71055,29.036563,2025.0,2023,0.08914199968179067
bg_fungi,65.719847,29.033327,2025.0,2023,0.16995950291554132
bg_fungi,66.122642,28.761037,2025.0,2023,0.25468043982982635
bg_fungi,59.983849,23.883476,2025.0,2023,0.3963562498490016
bg_fungi,63.155961,29.491824,2025.0,2023,0.5572695732116699
bg_fungi,63.157819,29.490852,2025.0,2023,0.5443391601244608
bg_fungi,63.158191,29.490089,2025.0,2023,0.5652096072832743
bg_fungi,63.158672,29.488303,2025.0,2023,0.43751980861028034
bg_fungi,63.157398,29.493298,2025.0,2023,0.4507326583067576
bg_fungi,63.157288,29.491422,2025.0,2023,0.5173227588335673
bg_fungi,63.157216,29.491435,2025.0,2023,0.5173227588335673
bg_fungi,63.156953,29.491036,2025.0,2023,0.5412079691886902
bg_fungi,63.159067,29.48929,2025.0,2023,0.5523917575677236
bg_fungi,63.157743,29.491044,2025.0,2023,0.5628347992897034
bg_fungi,63.157681,29.491038,2025.0,2023,0.5628347992897034
bg_fungi,63.156273,29.493976,2025.0,2023,0.5967807571093241
bg_fungi,63.156881,29.492102,2025.0,2023,0.5977435111999512
bg_fungi,63.15857,29.491035,2025.0,2023,0.7097665071487427
bg_fungi,63.157757,29.488761,2025.0,2023,0.24199245373408
bg_fungi,63.157203,29.494175,2025.0,2023,0.39060279726982117
bg_fungi,63.159603,29.488423,2025.0,2023,0.5251607398192087
bg_fungi,63.157203,29.494175,2025.0,2023,0.39060279726982117
bg_fungi,63.155973,29.492659,2025.0,2023,0.6980353395144144
bg_fungi,63.157761,29.491065,2025.0,2023,0.5226699312527975
bg_fungi,65.712663,29.034222,2025.0,2023,0.1610716829697291
bg_fungi,63.157344,29.491784,2025.0,2023,0.6048343181610107
bg_fungi,63.15757,29.489678,2025.0,2023,0.6173266967137655
bg_fungi,63.157761,29.491065,2025.0,2023,0.5226699312527975
bg_fungi,63.156969,29.494254,2025.0,2023,0.3857810397942861
bg_fungi,65.793516,29.672455,2025.0,2023,0.4794514427582423
bg_fungi,63.15757,29.489678,2025.0,2023,0.6173266967137655
bg_fungi,63.155973,29.492659,2025.0,2023,0.6980353395144144
bg_fungi,63.158684,29.480896,2025.0,2023,0.2848159571488698
bg_fungi,63.158965,29.480761,2025.0,2023,0.1543759678800901
bg_fungi,63.157077,29.492178,2025.0,2023,0.700356145699819
bg_fungi,60.552304,22.297404,2025.0,2023,0.18080123762289682
bg_fungi,60.275582,24.960416,2025.0,2023,0.14477479519943395
bg_fungi,65.064543,25.463996,2025.0,2023,0.17510350669423738
bg_fungi,65.063263,25.468666,2025.0,2023,0.5825971166292826
bg_fungi,62.280469,25.806156,2025.0,2023,0.21898540606101355
bg_fungi,60.320143,22.308338,2025.0,2023,0.15046652654806772
bg_fungi,68.912276,27.014607,2025.0,2023,0.7577580412228903
bg_fungi,65.04888,25.490699,2025.0,2023,0.5265754759311676
bg_fungi,60.551397,22.30083,2025.0,2023,0.2965112328529358
bg_fungi,61.46068,23.678378,2025.0,2023,0.2641046444574992
bg_fungi,60.27699,24.966541,2025.0,2023,0.17447758838534355
bg_fungi,66.368303,29.330003,2025.0,2023,0.4269143541653951
bg_fungi,65.001953,25.86638,2025.0,2023,0.14889374375343323
bg_fungi,65.061076,25.462544,2025.0,2023,0.47280286749204
bg_fungi,65.064531,25.468167,2025.0,2023,0.35380687316258747
bg_fungi,61.471196,21.86632,2025.0,2023,0.1587153517951568
bg_fungi,60.847151,23.047871,2025.0,2023,0.1531552399198214
bg_fungi,65.022707,25.422315,2025.0,2023,0.31439367433389026
bg_fungi,65.000349,25.861743,2025.0,2023,0.10562452984352906
bg_fungi,60.334805,22.138707,2025.0,2023,0.4249329666296641
bg_fungi,60.213913,24.990008,2025.0,2023,0.19217765827973685
bg_fungi,60.455971,22.276281,2025.0,2023,0.23759405066569647
bg_fungi,65.001575,25.863659,2025.0,2023,0.09537556938206156
bg_fungi,62.52645,21.115224,2025.0,2023,0.11487212218344212
bg_fungi,60.699584,23.875746,2025.0,2023,0.19550021567071477
bg_fungi,64.579091,26.477501,2025.0,2023,0.9438791275024414
bg_fungi,65.001596,25.864124,2025.0,2023,0.10785123830040295
bg_fungi,61.666842,27.326922,2025.0,2023,0.37086031834284466
bg_fungi,60.208665,24.876898,2025.0,2023,0.22863818208376566
bg_fungi,59.976283,23.926975,2025.0,2023,0.09138070854047935
bg_fungi,65.064533,25.468294,2025.0,2023,0.35380687316258747
bg_fungi,60.238513,25.137897,2025.0,2023,0.09293981517354648
bg_fungi,65.064925,25.45968,2025.0,2023,0.6848300695419312
bg_fungi,65.000149,25.861811,2025.0,2023,0.11322478577494621
bg_fungi,62.302175,25.747852,2025.0,2023,0.08007091050967574
bg_fungi,62.303932,25.746831,2025.0,2023,0.30092258006334305
bg_fungi,60.257133,24.836828,2025.0,2023,0.24078355232874551
bg_fungi,60.334553,22.138401,2025.0,2023,0.4359034101168315
bg_fungi,60.323768,22.304417,2025.0,2023,0.0926728459695975
bg_fungi,60.317238,22.307357,2025.0,2023,0.21412179867426553
bg_fungi,60.319723,22.317459,2025.0,2023,0.08728013435999553
bg_fungi,65.064527,25.46827,2025.0,2023,0.35380687316258747
bg_fungi,62.839961,25.465536,2025.0,2023,0.1760816847284635
bg_fungi,60.677847,21.753714,2025.0,2023,0.6784369746843973
bg_fungi,60.323443,22.305221,2025.0,2023,0.14230291297038397
bg_fungi,60.348608,25.360174,2025.0,2023,0.13100568453470865
bg_fungi,64.571703,26.478287,2025.0,2023,0.4279327690601349
bg_fungi,60.732742,23.567888,2025.0,2023,0.265653345733881
bg_fungi,60.208206,25.058861,2025.0,2023,0.40704047679901123
bg_fungi,65.022115,24.637999,2025.0,2023,0.7775550882021586
bg_fungi,65.067649,25.453039,2025.0,2023,0.28466659784317017
bg_fungi,61.871037,28.86287,2025.0,2023,0.37629478176434833
bg_fungi,62.012031,24.64485,2025.0,2023,0.315769928197066
bg_fungi,60.870113,24.365356,2025.0,2023,0.47659040490786236
bg_fungi,60.237217,25.141464,2025.0,2023,0.2599093367656072
bg_fungi,60.200523,25.162491,2025.0,2023,0.41836653153101605
bg_fungi,65.018398,25.435281,2025.0,2023,0.266190841794014
bg_fungi,60.879407,23.75047,2025.0,2023,0.21737355242172876
bg_fungi,60.277072,24.96635,2025.0,2023,0.1411288653810819
bg_fungi,60.771931,24.837389,2025.0,2023,0.25610830386479694
bg_fungi,60.48138,22.501901,2025.0,2023,0.6249547004699707
bg_fungi,60.319593,22.30621,2025.0,2023,0.15562296907107034
bg_fungi,60.781972,21.161053,2025.0,2023,0.4911153217156728
bg_fungi,60.872391,24.366783,2025.0,2023,0.48036619027455646
bg_fungi,66.21059,24.930239,2025.0,2023,0.1125186358888944
bg_fungi,60.216668,25.00916,2025.0,2023,0.15821832790970802
bg_fungi,65.000798,25.86023,2025.0,2023,0.08738552080467343
bg_fungi,65.003242,25.865397,2025.0,2023,0.38958536585172016
bg_fungi,61.529787,21.589093,2025.0,2023,0.279728926718235
bg_fungi,61.583108,21.519269,2025.0,2023,0.39630094667275745
bg_fungi,61.29187,26.42412,2025.0,2023,0.6432820757230123
bg_fungi,61.672589,21.744651,2025.0,2023,0.34033429622650146
bg_fungi,60.138881,25.001969,2025.0,2023,0.4819805423418681
bg_fungi,61.520713,23.87742,2025.0,2023,0.025147425864512723
bg_fungi,65.051079,25.463476,2025.0,2023,0.7953491608301798
bg_fungi,63.264524,27.757367,2025.0,2023,0.19104315775136152
bg_fungi,60.240605,25.141128,2025.0,2023,0.2130859394868215
bg_fungi,60.43259,23.010345,2025.0,2023,0.10926842192808787
bg_fungi,65.001073,25.864142,2025.0,2023,0.11519099958240986
bg_fungi,60.230099,25.04851,2025.0,2023,0.1942285348971685
bg_fungi,60.322635,22.323262,2025.0,2023,0.13125791773200035
bg_fungi,61.269837,23.49687,2025.0,2023,0.16174341986576715
bg_fungi,61.518964,23.877491,2025.0,2023,0.02941549018335839
bg_fungi,65.9072,25.105015,2025.0,2023,0.7171648343404134
bg_fungi,60.25259,22.106412,2025.0,2023,0.442886342604955
bg_fungi,65.058072,25.480809,2025.0,2023,0.785336414972941
bg_fungi,60.677862,21.753655,2025.0,2023,0.6784369746843973
bg_fungi,65.020328,24.639587,2025.0,2023,0.8514949083328247
bg_fungi,62.296831,25.74613,2025.0,2023,0.2712235500415166
bg_fungi,60.297355,24.618594,2025.0,2023,0.21990007410446802
bg_fungi,65.000003,25.862618,2025.0,2023,0.1707639123002688
bg_fungi,65.064881,25.45887,2025.0,2023,0.4623938997586568
bg_fungi,65.00292,25.865949,2025.0,2023,0.22821301221847534
bg_fungi,60.193652,23.387953,2025.0,2023,0.24270585427681604
bg_fungi,65.064566,25.468164,2025.0,2023,0.35380687316258747
bg_fungi,60.225254,25.014441,2025.0,2023,0.25758406644066173
bg_fungi,65.732127,29.388658,2025.0,2023,0.2902429749568303
bg_fungi,60.499844,22.090963,2025.0,2023,0.4995792706807454
bg_fungi,60.215608,24.992821,2025.0,2023,0.14983532950282097
bg_fungi,60.463646,22.741617,2025.0,2023,0.5821404854456583
bg_fungi,65.011923,25.814169,2025.0,2023,0.20347927510738373
bg_fungi,65.001853,25.86643,2025.0,2023,0.14889374375343323
bg_fungi,60.796136,23.636182,2025.0,2023,0.1172627421716849
bg_fungi,63.621612,23.483732,2025.0,2023,0.27843177318573
bg_fungi,60.871014,24.366882,2025.0,2023,0.739142119884491
bg_fungi,62.644517,29.852347,2025.0,2023,0.888587494691213
bg_fungi,63.264536,27.758067,2025.0,2023,0.11161161524554093
bg_fungi,61.642988,27.335741,2025.0,2023,0.15697175140182176
bg_fungi,60.236295,25.142439,2025.0,2023,0.35509322086970013
bg_fungi,63.092965,21.582057,2025.0,2023,0.29489927738904953
bg_fungi,65.022686,25.423342,2025.0,2023,0.17588395066559315
bg_fungi,65.001831,25.864158,2025.0,2023,0.11918112200995286
bg_fungi,60.875021,23.752931,2025.0,2023,0.46379141012827557
bg_fungi,60.847195,23.047425,2025.0,2023,0.14384907484054565
bg_fungi,60.135895,25.005384,2025.0,2023,0.34628772735595703
bg_fungi,65.020226,25.451352,2025.0,2023,0.232061135272185
bg_fungi,63.873073,29.038268,2025.0,2023,0.25804195553064346
bg_fungi,61.583108,21.519269,2025.0,2023,0.39630094667275745
bg_fungi,65.820703,24.518917,2025.0,2023,0.7210422952969869
bg_fungi,65.063706,25.468302,2025.0,2023,0.3227036048968633
bg_fungi,65.002013,25.864045,2025.0,2023,0.1274468886355559
bg_fungi,60.185795,24.883403,2025.0,2023,0.2457382082939148
bg_fungi,62.269834,25.697943,2025.0,2023,0.413813516497612
bg_fungi,60.189388,24.810328,2025.0,2023,0.10727718907097976
bg_fungi,65.020253,24.63954,2025.0,2023,0.8514949083328247
bg_fungi,60.252691,22.10696,2025.0,2023,0.3529437283674876
bg_fungi,60.477152,22.488949,2025.0,2023,0.5881230036417643
bg_fungi,65.001964,25.8641,2025.0,2023,0.1274468886355559
bg_fungi,65.000821,25.864077,2025.0,2023,0.11622766374299924
bg_fungi,60.297745,24.863945,2025.0,2023,0.21495404342810312
bg_fungi,60.267037,22.37379,2025.0,2023,0.6035721202691396
bg_fungi,60.21616,25.033618,2025.0,2023,0.15646465991934141
bg_fungi,65.022112,24.638325,2025.0,2023,0.8145708243052164
bg_fungi,60.215819,24.856075,2025.0,2023,0.22490165134270987
bg_fungi,60.323496,22.304755,2025.0,2023,0.10850077867507935
bg_fungi,62.212455,25.746605,2025.0,2023,0.350912481546402
bg_fungi,60.216465,25.009499,2025.0,2023,0.16064835091431937
bg_fungi,65.021749,24.637611,2025.0,2023,0.8461582263310751
bg_fungi,60.228994,24.964359,2025.0,2023,0.3155568242073059
bg_fungi,65.020337,24.639498,2025.0,2023,0.8514949083328247
bg_fungi,60.311008,25.056817,2025.0,2023,0.14465763171513876
bg_fungi,61.291578,26.423975,2025.0,2023,0.6272796789805094
bg_fungi,65.064257,25.468446,2025.0,2023,0.3413637230793635
bg_fungi,60.298606,24.617454,2025.0,2023,0.05330988951027393
bg_fungi,65.000809,25.860126,2025.0,2023,0.09868234411502878
bg_fungi,60.845839,23.049438,2025.0,2023,0.30840907494227093
bg_fungi,60.206208,25.022878,2025.0,2023,0.1917249783873558
bg_fungi,60.609149,22.266436,2025.0,2023,0.03512807853985578
bg_fungi,60.29736,24.617872,2025.0,2023,0.24040758609771729
bg_fungi,61.288805,26.424863,2025.0,2023,0.574354867140452
bg_fungi,65.064573,25.47003,2025.0,2023,0.27527063091595966
bg_fungi,63.26383,27.755057,2025.0,2023,0.057368071749806404
bg_fungi,65.057403,25.460342,2025.0,2023,0.385689914226532
bg_fungi,60.323625,22.305491,2025.0,2023,0.10579549769560496
bg_fungi,60.847195,23.047425,2025.0,2023,0.14384907484054565
bg_fungi,60.2758,24.494233,2025.0,2023,0.09160272280375163
bg_fungi,60.186302,25.146788,2025.0,2023,0.399505873521169
bg_fungi,60.199741,25.161953,2025.0,2023,0.3910711407661438
bg_fungi,60.319005,22.305836,2025.0,2023,0.2672109305858612
bg_fungi,63.749376,24.144503,2025.0,2023,0.09706762184699376
bg_fungi,60.481724,22.502354,2025.0,2023,0.6279582579930624
bg_fungi,61.476987,21.35987,2025.0,2023,0.23979765425125757
bg_fungi,61.521033,23.876265,2025.0,2023,0.04834923194721341
bg_fungi,62.896106,27.659668,2025.0,2023,0.39262795945008594
bg_fungi,60.203854,24.957578,2025.0,2023,0.24565263589223227
bg_fungi,60.311388,25.352817,2025.0,2023,0.15390253067016602
bg_fungi,62.530041,21.111766,2025.0,2023,0.4337795376777649
bg_fungi,60.202961,24.823052,2025.0,2023,0.1650165170431137
bg_fungi,60.683293,21.751972,2025.0,2023,0.24457915623982748
bg_fungi,60.298741,24.61913,2025.0,2023,0.08996684352556865
bg_fungi,65.054617,25.474692,2025.0,2023,0.6988263726234436
bg_fungi,60.297767,24.863933,2025.0,2023,0.21495404342810312
bg_fungi,62.253624,25.755403,2025.0,2023,0.32786405583222705
bg_fungi,65.048807,25.490499,2025.0,2023,0.4475899934768677
bg_fungi,60.334456,22.141016,2025.0,2023,0.08474946860224009
bg_fungi,60.324314,22.306758,2025.0,2023,0.5850050846735636
bg_fungi,60.587721,22.240626,2025.0,2023,0.23079944650332132
bg_fungi,61.291855,26.42465,2025.0,2023,0.6102664669354757
bg_fungi,60.439769,22.368528,2025.0,2023,0.13491047422091165
bg_fungi,62.894146,21.83413,2025.0,2023,0.1816989133755366
bg_fungi,60.236963,25.142139,2025.0,2023,0.29289383192857105
bg_fungi,61.474078,23.74938,2025.0,2023,0.042211252730339766
bg_fungi,60.334936,22.138555,2025.0,2023,0.37125781178474426
bg_fungi,63.169965,22.255122,2025.0,2023,0.2405985196431478
bg_fungi,62.000489,24.507272,2025.0,2023,0.14698591828346252
bg_fungi,64.12717,28.267089,2025.0,2023,0.7948186794916788
bg_fungi,62.530598,21.114844,2025.0,2023,0.7340622941652933
bg_fungi,65.06441,25.468734,2025.0,2023,0.204758004595836
bg_fungi,65.063434,25.468124,2025.0,2023,0.737958550453186
bg_fungi,64.06029,24.524266,2025.0,2023,0.2377213736375173
bg_fungi,60.2629,25.297618,2025.0,2023,0.21618021527926126
bg_fungi,60.214576,25.022538,2025.0,2023,0.1162159691254298
bg_fungi,65.063417,25.468907,2025.0,2023,0.5651202201843262
bg_fungi,65.002173,24.747117,2025.0,2023,0.20971561719973883
bg_fungi,60.482454,25.23817,2025.0,2023,0.22788537045319876
bg_fungi,60.498,22.094489,2025.0,2023,0.5663430492083231
bg_fungi,60.18594,25.150049,2025.0,2023,0.5147885382175446
bg_fungi,60.465236,22.315279,2025.0,2023,0.5584480464458466
bg_fungi,65.881748,29.523593,2025.0,2023,0.10425762832164764
bg_fungi,61.220795,25.592142,2025.0,2023,0.08445732233424981
bg_fungi,59.970869,23.923085,2025.0,2023,0.0945095041145881
bg_fungi,60.227482,24.91307,2025.0,2023,0.16614188253879547
bg_fungi,65.021722,24.638121,2025.0,2023,0.8509315252304077
bg_fungi,60.259193,24.618689,2025.0,2023,0.10964187234640121
bg_fungi,62.896106,27.6595,2025.0,2023,0.39262795945008594
bg_fungi,60.847195,23.047425,2025.0,2023,0.14384907484054565
bg_fungi,62.253624,25.755403,2025.0,2023,0.32786405583222705
bg_fungi,60.207505,24.963143,2025.0,2023,0.17501498013734818
bg_fungi,60.18283,24.882224,2025.0,2023,0.3315565784772237
bg_fungi,60.656288,23.894192,2025.0,2023,0.3809649795293808
bg_fungi,60.298505,24.617283,2025.0,2023,0.08250635117292404
bg_fungi,61.487308,23.913136,2025.0,2023,0.07694403020044167
bg_fungi,61.673953,27.269597,2025.0,2023,0.5659655133883158
bg_fungi,60.1797,24.989702,2025.0,2023,0.28882843752702075
bg_fungi,60.318471,23.572802,2025.0,2023,0.12250631178418796
bg_fungi,65.064536,25.469072,2025.0,2023,0.26199620465437573
bg_fungi,62.61099,29.721995,2021.0,2021,0.6954217354456583
bg_fungi,60.988802,25.889302,2021.0,2021,0.17908250043789545
bg_fungi,64.72473,25.56772,2021.0,2021,0.40162338813145954
bg_fungi,64.72473,25.56772,2021.0,2021,0.40162338813145954
bg_fungi,61.017031,25.642843,2021.0,2021,0.16080904627839723
bg_fungi,62.251913,25.815562,2021.0,2021,0.15412462875247002
bg_fungi,62.252285,25.815634,2021.0,2021,0.18350525945425034
bg_fungi,62.252187,25.815614,2021.0,2021,0.21001007159550986
bg_fungi,65.168805,29.807586,2021.0,2021,0.33406581978003186
bg_fungi,60.477258,25.240059,2021.0,2021,0.1163380394379298
bg_fungi,66.27955,29.537547,2021.0,2021,0.43521393835544586
bg_fungi,62.873158,27.591313,2021.0,2021,0.03078726027160883
bg_fungi,62.873158,27.591313,2021.0,2021,0.03078726027160883
bg_fungi,61.642648,27.336026,2021.0,2021,0.10231567670901616
bg_fungi,61.642558,27.340351,2021.0,2021,0.15326385448376337
bg_fungi,61.223542,25.722197,2021.0,2021,0.13784481336673102
bg_fungi,61.642444,27.340544,2021.0,2021,0.17808059602975845
bg_fungi,62.40639,28.772547,2021.0,2021,0.3106209983428319
bg_fungi,62.40639,28.772547,2021.0,2021,0.3106209983428319
bg_fungi,62.40639,28.772547,2021.0,2021,0.3106209983428319
bg_fungi,62.851453,27.556087,2021.0,2021,0.14785748223463693
bg_fungi,66.22745,25.37496,2021.0,2021,0.14468905391792455
bg_fungi,66.22745,25.37496,2021.0,2021,0.14468905391792455
bg_fungi,62.614912,29.8106,2021.0,2021,0.7185134490331014
bg_fungi,65.199789,25.309107,2021.0,2021,0.5471054514249166
bg_fungi,62.614896,29.810209,2021.0,2021,0.7146783272425333
bg_fungi,62.614841,29.810345,2021.0,2021,0.7146783272425333
bg_fungi,60.34417,25.085743,2021.0,2021,0.41755251089731854
bg_fungi,66.117807,24.713037,2021.0,2021,0.22809078296025595
bg_fungi,66.117863,24.713059,2021.0,2021,0.21916014204422632
bg_fungi,66.788159,28.910728,2021.0,2021,0.2710266361633937
bg_fungi,61.019618,24.453714,2021.0,2021,0.01686790492385626
bg_fungi,66.788159,28.910728,2021.0,2021,0.2710266361633937
bg_fungi,66.788159,28.910728,2021.0,2021,0.2710266361633937
bg_fungi,66.788159,28.910728,2021.0,2021,0.2710266361633937
bg_fungi,61.189057,25.671475,2021.0,2021,0.17029314736525217
bg_fungi,61.188906,25.671189,2021.0,2021,0.1284620575606823
bg_fungi,61.189112,25.670827,2021.0,2021,0.1506593848268191
bg_fungi,65.167821,25.229824,2021.0,2021,0.19398389011621475
bg_fungi,60.230423,24.276964,2021.0,2021,0.25986286252737045
bg_fungi,65.167821,25.229824,2021.0,2021,0.19398389011621475
bg_fungi,65.167821,25.229824,2021.0,2021,0.19398389011621475
bg_fungi,60.230423,24.276964,2021.0,2021,0.25986286252737045
bg_fungi,61.223432,25.722897,2021.0,2021,0.14567244673768678
bg_fungi,60.230423,24.276964,2021.0,2021,0.25986286252737045
bg_fungi,65.167821,25.229824,2021.0,2021,0.19398389011621475
bg_fungi,65.167821,25.229824,2021.0,2021,0.1939839000503222
bg_fungi,65.167821,25.229824,2021.0,2021,0.19398389011621475
bg_fungi,65.167821,25.229824,2021.0,2021,0.19398389011621475
bg_fungi,65.167821,25.229824,2021.0,2021,0.19398389011621475
bg_fungi,65.167821,25.229824,2021.0,2021,0.19398389011621475
bg_fungi,65.167821,25.229824,2021.0,2021,0.19398389011621475
bg_fungi,65.167821,25.229824,2021.0,2021,0.19398389011621475
bg_fungi,65.167821,25.229824,2021.0,2021,0.19398389011621475
bg_fungi,65.167821,25.229824,2021.0,2021,0.19398389011621475
bg_fungi,61.196128,26.029552,2021.0,2021,0.27929845079779625
bg_fungi,60.342179,25.067235,2021.0,2021,0.20625128721197447
bg_fungi,62.44725,28.78416,2021.0,2021,0.041995374485850334
bg_fungi,62.44725,28.78416,2021.0,2021,0.041995374485850334
bg_fungi,60.094876,22.87081,2021.0,2021,0.6088521281878153
bg_fungi,60.343676,25.08562,2021.0,2021,0.3430589934190114
bg_fungi,66.118054,24.713334,2021.0,2021,0.22417468329270682
bg_fungi,66.73528,28.990058,2021.0,2021,0.6011262734731039
bg_fungi,66.118054,24.713334,2021.0,2021,0.22417468329270682
bg_fungi,66.735132,28.99097,2021.0,2021,0.5534407993157705
bg_fungi,66.118054,24.713334,2021.0,2021,0.22417468329270682
bg_fungi,66.735132,28.99097,2021.0,2021,0.5534407993157705
bg_fungi,60.342387,25.067442,2021.0,2021,0.16521132613221803
bg_fungi,61.219106,25.768355,2021.0,2021,0.15185223519802094
bg_fungi,66.58084,25.65737,2021.0,2021,0.2611072435975075
bg_fungi,60.343597,25.088369,2021.0,2021,0.2163334141174952
bg_fungi,60.343597,25.088369,2021.0,2021,0.2163334141174952
bg_fungi,60.343597,25.088369,2021.0,2021,0.2163334141174952
bg_fungi,60.340407,25.090153,2021.0,2021,0.22826146831115088
bg_fungi,66.314061,24.640662,2021.0,2021,0.08673412158774833
bg_fungi,66.314217,24.640599,2021.0,2021,0.07498903091376026
bg_fungi,66.314018,24.640315,2021.0,2021,0.09232402554092307
bg_fungi,66.313974,24.640337,2021.0,2021,0.09232402554092307
bg_fungi,66.31393,24.640777,2021.0,2021,0.08673412158774833
bg_fungi,66.314147,24.641285,2021.0,2021,0.08844021428376436
bg_fungi,66.313953,24.64082,2021.0,2021,0.08673412158774833
bg_fungi,60.341892,25.089346,2021.0,2021,0.23180044194062552
bg_fungi,66.313182,24.640975,2021.0,2021,0.1779911145567894
bg_fungi,66.23563,25.006596,2021.0,2021,0.7468013167381287
bg_fungi,65.200189,25.309376,2021.0,2021,0.39816247920195263
bg_fungi,61.348216,25.292565,2021.0,2021,0.12559440483649573
bg_fungi,60.991642,25.655236,2021.0,2021,0.21731642136971155
bg_fungi,61.199866,25.695954,2021.0,2021,0.10590886510908604
bg_fungi,61.199913,25.696004,2021.0,2021,0.10590886510908604
bg_fungi,61.200048,25.696227,2021.0,2021,0.16934788847963014
bg_fungi,61.224257,25.727068,2021.0,2021,0.14641877263784409
bg_fungi,66.699537,27.408348,2021.0,2021,0.21952433387438455
bg_fungi,62.054958,23.942648,2021.0,2021,0.11194508709013462
bg_fungi,60.384819,22.346406,2021.0,2021,0.21475313107172647
bg_fungi,60.381986,22.351546,2021.0,2021,0.08670930316050847
bg_fungi,66.213559,24.978441,2021.0,2021,0.2165443350871404
bg_fungi,61.199353,25.695592,2021.0,2021,0.19550476471583048
bg_fungi,61.199862,25.696443,2021.0,2021,0.1493410480519136
bg_fungi,61.199244,25.695502,2021.0,2021,0.18711199735601744
bg_fungi,60.23788,24.95678,2021.0,2021,0.22086349874734879
bg_fungi,60.2373,24.9565,2021.0,2021,0.217169389128685
bg_fungi,66.129074,24.707389,2021.0,2021,0.695552408695221
bg_fungi,60.23729,24.95209,2021.0,2021,0.22046316415071487
bg_fungi,60.23788,24.95678,2021.0,2021,0.22086349874734879
bg_fungi,60.23832,24.95099,2021.0,2021,0.14201732849081358
bg_fungi,60.23777,24.95024,2021.0,2021,0.09466029268999894
bg_fungi,60.338071,25.086187,2021.0,2021,0.4502548277378082
bg_fungi,66.129074,24.707389,2021.0,2021,0.695552408695221
bg_fungi,61.220319,25.771306,2021.0,2021,0.11823807532588641
bg_fungi,61.220385,25.771328,2021.0,2021,0.11472039731840293
bg_fungi,66.497057,25.757281,2021.0,2021,0.3416327585776647
bg_fungi,66.497057,25.757281,2021.0,2021,0.3416327585776647
bg_fungi,66.497057,25.757281,2021.0,2021,0.3416327585776647
bg_fungi,66.503115,25.747148,2021.0,2021,0.6370484828948975
bg_fungi,66.497057,25.757281,2021.0,2021,0.3416327585776647
bg_fungi,66.497057,25.757281,2021.0,2021,0.3416327585776647
bg_fungi,66.157675,24.98794,2021.0,2021,0.3453701237837474
bg_fungi,60.379555,22.358161,2021.0,2021,0.1272467834254106
bg_fungi,60.37925,22.358364,2021.0,2021,0.09000387291113536
bg_fungi,60.322604,26.052487,2021.0,2021,0.1912591184178988
bg_fungi,60.379999,22.361248,2021.0,2021,0.14570314437150955
bg_fungi,66.86223,25.82812,2021.0,2021,0.18951798106233278
bg_fungi,66.225518,25.35677,2021.0,2021,0.17483922839164734
bg_fungi,66.225518,25.35677,2021.0,2021,0.17483922839164734
bg_fungi,65.159409,29.797221,2021.0,2021,0.28441449503103894
bg_fungi,65.159409,29.797221,2021.0,2021,0.28441449503103894
bg_fungi,60.442142,25.671132,2021.0,2021,0.11115963446597259
bg_fungi,66.225185,25.355885,2021.0,2021,0.21513407677412033
bg_fungi,66.281039,25.215633,2021.0,2021,0.17765390360727906
bg_fungi,66.05985,24.73086,2021.0,2021,0.10529078869149089
bg_fungi,62.251366,25.815707,2021.0,2021,0.3642972409725189
bg_fungi,62.251532,25.812009,2021.0,2021,0.13551416248083115
bg_fungi,60.284359,24.601547,2021.0,2021,0.2798902442057927
bg_fungi,62.251568,25.811244,2021.0,2021,0.14396314322948456
bg_fungi,66.226177,25.368335,2021.0,2021,0.24991048375765482
bg_fungi,66.226177,25.368335,2021.0,2021,0.24991048375765482
bg_fungi,66.226177,25.368335,2021.0,2021,0.24991048375765482
bg_fungi,61.332956,23.876888,2021.0,2021,0.015781520244975884
bg_fungi,60.343616,25.088367,2021.0,2021,0.2163334141174952
bg_fungi,61.332853,23.876906,2021.0,2021,0.015781520244975884
bg_fungi,61.33315,23.876964,2021.0,2021,0.06004583680381378
bg_fungi,61.219262,25.769649,2021.0,2021,0.1256663091480732
bg_fungi,61.219262,25.769649,2021.0,2021,0.1256663091480732
bg_fungi,61.219262,25.769649,2021.0,2021,0.1256663091480732
bg_fungi,61.219262,25.769649,2021.0,2021,0.1256663091480732
bg_fungi,61.219262,25.769649,2021.0,2021,0.1256663091480732
bg_fungi,61.219262,25.769649,2021.0,2021,0.1256663091480732
bg_fungi,61.219262,25.769649,2021.0,2021,0.1256663091480732
bg_fungi,61.219262,25.769649,2021.0,2021,0.1256663091480732
bg_fungi,62.882291,27.587031,2021.0,2021,0.016140713045994442
bg_fungi,60.280973,25.156733,2021.0,2021,0.4304415285587311
bg_fungi,62.856312,27.557692,2021.0,2021,0.02986888960003853
bg_fungi,66.05957,24.7312,2021.0,2021,0.15153366637726626
bg_fungi,60.338824,25.087943,2021.0,2021,0.2233321120341619
bg_fungi,60.338824,25.087943,2021.0,2021,0.2233321120341619
bg_fungi,60.338824,25.087943,2021.0,2021,0.2233321120341619
bg_fungi,66.16135,25.001503,2021.0,2021,0.12030521283547084
bg_fungi,66.16135,25.001503,2021.0,2021,0.12030521283547084
bg_fungi,65.155882,25.299932,2021.0,2021,0.8983229994773865
bg_fungi,65.155882,25.299932,2021.0,2021,0.8983229994773865
bg_fungi,66.16135,25.001503,2021.0,2021,0.12030521283547084
bg_fungi,61.021389,25.646669,2021.0,2021,0.12654093777139983
bg_fungi,66.1614,25.001319,2021.0,2021,0.12030521283547084
bg_fungi,66.16135,25.001503,2021.0,2021,0.12030521283547084
bg_fungi,61.020939,25.646607,2021.0,2021,0.12723864614963531
bg_fungi,66.1614,25.001319,2021.0,2021,0.12030521283547084
bg_fungi,61.017923,25.648221,2021.0,2021,0.10890566743910313
bg_fungi,61.017923,25.648221,2021.0,2021,0.10890566743910313
bg_fungi,66.1614,25.001319,2021.0,2021,0.12030521283547084
bg_fungi,66.1614,25.001319,2021.0,2021,0.12030521283547084
bg_fungi,61.017654,25.647013,2021.0,2021,0.19831360131502151
bg_fungi,66.510972,25.770209,2021.0,2021,0.3039712756872177
bg_fungi,60.270033,25.756575,2021.0,2021,0.215888445576032
bg_fungi,66.73415,28.997697,2021.0,2021,0.641935666402181
bg_fungi,61.180705,26.857442,2021.0,2021,0.4407723943392436
bg_fungi,65.154154,29.794257,2021.0,2021,0.41130127509435016
bg_fungi,62.218479,25.803045,2021.0,2021,0.2879556765158971
bg_fungi,66.226871,25.370853,2021.0,2021,0.6372771660486857
bg_fungi,66.22701,25.374958,2021.0,2021,0.17306195882459482
bg_fungi,66.227385,25.375221,2021.0,2021,0.12238090609510739
bg_fungi,66.226831,25.371526,2021.0,2021,0.26076171547174454
bg_fungi,62.856778,27.555559,2021.0,2021,0.07318605855107307
bg_fungi,60.408955,22.272238,2021.0,2021,0.08268455198655526
bg_fungi,61.014228,24.459883,2021.0,2021,0.10845419267813365
bg_fungi,65.167821,25.229824,2021.0,2021,0.19398389011621475
bg_fungi,65.167821,25.229824,2021.0,2021,0.19398389011621475
bg_fungi,60.362884,22.128613,2021.0,2021,0.4911890725294749
bg_fungi,60.362884,22.128613,2021.0,2021,0.4911890725294749
bg_fungi,65.811111,24.519797,2021.0,2021,0.13698455256720385
bg_fungi,65.811111,24.519797,2021.0,2021,0.13698455256720385
bg_fungi,65.811111,24.519797,2021.0,2021,0.13698455256720385
bg_fungi,60.289833,24.598095,2021.0,2021,0.08351971954107285
bg_fungi,60.289833,24.598095,2021.0,2021,0.08351971954107285
bg_fungi,60.289833,24.598095,2021.0,2021,0.08351971954107285
bg_fungi,66.735017,29.000036,2021.0,2021,0.7864973942438761
bg_fungi,61.210405,25.731537,2021.0,2021,0.11744206274549167
bg_fungi,61.210434,25.731497,2021.0,2021,0.11744206274549167
bg_fungi,61.210486,25.731485,2021.0,2021,0.11744206274549167
bg_fungi,61.210458,25.731518,2021.0,2021,0.11744206274549167
bg_fungi,61.659761,23.472373,2021.0,2021,0.3039127935965856
bg_fungi,61.659761,23.472373,2021.0,2021,0.3039127935965856
bg_fungi,62.857128,27.557884,2021.0,2021,0.014999283943325281
bg_fungi,66.225185,25.355885,2021.0,2021,0.21513407677412033
bg_fungi,66.225185,25.355885,2021.0,2021,0.21513407677412033
bg_fungi,60.375759,25.743853,2021.0,2021,0.14236510917544365
bg_fungi,66.225185,25.355885,2021.0,2021,0.21513407677412033
bg_fungi,66.225185,25.355885,2021.0,2021,0.21513407677412033
bg_fungi,66.225185,25.355885,2021.0,2021,0.21513407677412033
bg_fungi,60.23952,24.97317,2021.0,2021,0.1818918970723947
bg_fungi,60.23952,24.97317,2021.0,2021,0.1818918970723947
bg_fungi,60.23952,24.97317,2021.0,2021,0.1818918970723947
bg_fungi,60.446727,23.071393,2021.0,2021,0.3642224371433258
bg_fungi,66.345448,25.170758,2021.0,2021,0.2793911397457123
bg_fungi,66.345974,25.169759,2021.0,2021,0.22271885722875595
bg_fungi,60.511331,23.674768,2021.0,2021,0.3669276038805644
bg_fungi,60.511331,23.674768,2021.0,2021,0.3669276038805644
bg_fungi,63.550261,27.258204,2021.0,2021,0.09840183317040403
bg_fungi,63.551111,27.282778,2021.0,2021,0.09584207933706541
bg_fungi,63.55,27.258889,2021.0,2021,0.08919849941351761
bg_fungi,63.550278,27.258333,2021.0,2021,0.09310034693529208
bg_fungi,61.473786,23.864142,2021.0,2021,0.5444973806540171
bg_fungi,63.551944,27.281944,2021.0,2021,0.09551825405408938
bg_fungi,61.473786,23.864142,2021.0,2021,0.5444973806540171
bg_fungi,61.473786,23.864142,2021.0,2021,0.5444973806540171
bg_fungi,60.288608,24.604315,2021.0,2021,0.2444529632727305
bg_fungi,63.554444,27.277222,2021.0,2021,0.09239342001577218
bg_fungi,63.554472,27.277143,2021.0,2021,0.09239342001577218
bg_fungi,63.553889,27.279444,2021.0,2021,0.04376656996707121
bg_fungi,63.55391,27.279441,2021.0,2021,0.04376656996707121
bg_fungi,63.553835,27.279373,2021.0,2021,0.04376656996707121
bg_fungi,62.842639,25.474915,2021.0,2021,0.14537661088009676
bg_fungi,63.553889,27.28,2021.0,2021,0.05452024983242154
bg_fungi,63.553889,27.279722,2021.0,2021,0.04707979271188378
bg_fungi,60.473926,25.236343,2021.0,2021,0.1799990882476171
bg_fungi,60.341882,25.067251,2021.0,2021,0.20281991238395372
bg_fungi,60.344667,25.086256,2021.0,2021,0.2547467003266017
bg_fungi,66.212191,24.941851,2021.0,2021,0.41902854045232135
bg_fungi,61.669,23.422,2025.0,2023,0.1433403640985489
bg_fungi,66.304432,28.6035,2025.0,2023,0.6127751469612122
bg_fungi,66.18485,25.94531,2025.0,2023,0.9173552393913269
bg_fungi,61.063518,25.036891,2025.0,2023,0.2854338089625041
bg_fungi,60.744152,22.431356,2025.0,2023,0.10782071389257908
bg_fungi,65.721846,27.662829,2025.0,2023,0.18271174157659212
bg_fungi,60.010345,23.484559,2025.0,2023,0.5688431064287821
bg_fungi,60.449246,23.622493,2025.0,2023,0.5573620200157166
bg_fungi,60.290259,24.512756,2025.0,2023,0.20212784906228384
bg_fungi,61.434598,23.758408,2025.0,2023,0.08497666008770466
bg_fungi,65.715362,24.597988,2025.0,2023,0.2500533511241277
bg_fungi,61.054551,25.045998,2025.0,2023,0.18825197219848633
bg_fungi,60.970944,24.389347,2025.0,2023,0.08070613071322441
bg_fungi,66.898859,25.95745,2025.0,2023,0.6676473617553711
bg_fungi,65.696541,27.453751,2025.0,2023,0.12302057227740686
bg_fungi,61.063473,25.036944,2025.0,2023,0.3351510514815648
bg_fungi,65.727593,27.663072,2025.0,2023,0.28755733370780945
bg_fungi,61.108651,24.950316,2025.0,2023,0.10971258083979289
bg_fungi,65.698648,27.454793,2025.0,2023,0.12359796154002349
bg_fungi,65.721752,27.663102,2025.0,2023,0.1586891027788321
bg_fungi,60.010411,23.484952,2025.0,2023,0.48162634174029034
bg_fungi,65.955329,28.999093,2025.0,2023,0.5896275440851847
bg_fungi,65.722344,27.664466,2025.0,2023,0.14439023906985918
bg_fungi,65.815175,24.514201,2025.0,2023,0.14502413757145405
bg_fungi,66.303131,28.607414,2025.0,2023,0.3775758395592372
bg_fungi,65.815437,24.516285,2025.0,2023,0.1790254128475984
bg_fungi,60.485212,22.231946,2025.0,2023,0.11412985002001126
bg_fungi,65.639998,28.604632,2025.0,2023,0.8211073279380798
bg_fungi,65.639955,28.605367,2025.0,2023,0.8555937806765238
bg_fungi,66.1867,27.4441,2025.0,2023,0.3711245854695638
bg_fungi,60.212352,24.679372,2025.0,2023,0.109371284643809
bg_fungi,65.698782,27.456135,2025.0,2023,0.12508107877026
bg_fungi,65.815148,24.515594,2025.0,2023,0.17085175712903342
bg_fungi,60.294532,24.519628,2025.0,2023,0.5119925936063131
bg_fungi,62.072353,27.403275,2025.0,2023,0.11703980279465516
bg_fungi,59.939677,23.497865,2025.0,2023,0.5957134564717611
bg_fungi,60.432,22.163,2025.0,2023,0.29762567083040875
bg_fungi,65.81637,24.512857,2025.0,2023,0.2947745770215988
bg_fungi,66.3395,27.7715,2025.0,2023,0.2103461790829897
bg_fungi,65.81607,24.51642,2025.0,2023,0.14551961794495583
bg_fungi,60.485131,22.231497,2025.0,2023,0.16562282418211302
bg_fungi,61.669,23.422,2025.0,2023,0.1433403640985489
bg_fungi,65.64015,28.600707,2025.0,2023,0.5624858140945435
bg_fungi,65.69638,27.452458,2025.0,2023,0.11760917119681835
bg_fungi,66.1893,27.436,2025.0,2023,0.42857367793718976
bg_fungi,59.940341,23.497313,2025.0,2023,0.13847973694403967
bg_fungi,60.040785,23.068126,2025.0,2023,0.10944880545139313
bg_fungi,60.482326,22.210628,2025.0,2023,0.05545263613263766
bg_fungi,65.724571,27.665778,2025.0,2023,0.12991232300798097
bg_fungi,65.821672,24.495681,2025.0,2023,0.23193358133236566
bg_fungi,61.669,23.422,2025.0,2023,0.1433403640985489
bg_fungi,66.307342,28.609362,2025.0,2023,0.44201422731081647
bg_fungi,66.1903,27.4548,2025.0,2023,0.43206456303596497
bg_fungi,62.072353,27.403275,2025.0,2023,0.11703980279465516
bg_fungi,61.108212,24.962162,2025.0,2023,0.13141960961123308
bg_fungi,61.108983,24.951372,2025.0,2023,0.11481719588239987
bg_fungi,65.699077,27.456205,2025.0,2023,0.1191639897103111
bg_fungi,65.724953,27.662213,2025.0,2023,0.11931139106551807
bg_fungi,66.410097,25.210252,2025.0,2023,0.1614730916917324
bg_fungi,60.465454,23.660597,2025.0,2023,0.897204061349233
bg_fungi,65.815252,24.51562,2025.0,2023,0.17085175712903342
bg_fungi,66.409298,25.213774,2025.0,2023,0.37510324517885846
bg_fungi,66.186,27.4503,2025.0,2023,0.367830549677213
bg_fungi,62.072426,27.403123,2025.0,2023,0.11875228801121314
bg_fungi,60.482364,22.21058,2025.0,2023,0.05545263613263766
bg_fungi,65.724729,27.665752,2025.0,2023,0.14139982809623083
bg_fungi,61.107651,24.962605,2025.0,2023,0.10779520279417436
bg_fungi,64.713597,24.546187,2025.0,2023,0.16374514003594717
bg_fungi,60.428588,22.314983,2025.0,2023,0.7353115081787109
bg_fungi,65.95585,28.99979,2025.0,2023,0.19536367058753967
bg_fungi,60.742077,22.437242,2025.0,2023,0.6059603492418925
bg_fungi,60.464073,23.656996,2025.0,2023,0.9230878154436747
bg_fungi,65.72202,27.663258,2025.0,2023,0.2182690128684044
bg_fungi,66.1867,27.4472,2025.0,2023,0.521716703971227
bg_fungi,60.367916,25.70342,2025.0,2023,0.1359705881526073
bg_fungi,61.063466,25.036701,2025.0,2023,0.2854338089625041
bg_fungi,65.728753,27.664307,2025.0,2023,0.1030829455703497
bg_fungi,60.428588,22.314983,2025.0,2023,0.7353115081787109
bg_fungi,65.955953,29.000316,2025.0,2023,0.5730996131896973
bg_fungi,61.063444,25.036853,2025.0,2023,0.2854338089625041
bg_fungi,60.743272,22.435768,2025.0,2023,0.2765192712346713
bg_fungi,61.108299,24.961998,2025.0,2023,0.15290402621030807
bg_fungi,61.06397,25.038856,2025.0,2023,0.27228788534800213
bg_fungi,65.70141,27.442135,2025.0,2023,0.6227242350578308
bg_fungi,65.95585,28.99979,2025.0,2023,0.19536367058753967
bg_fungi,65.729121,27.66415,2025.0,2023,0.1874216397603353
bg_fungi,61.470297,23.372986,2025.0,2023,0.09389161256452401
bg_fungi,62.072353,27.403275,2025.0,2023,0.11703980279465516
bg_fungi,66.409423,25.213321,2025.0,2023,0.3838755016525586
bg_fungi,61.063496,25.036857,2025.0,2023,0.2854338089625041
bg_fungi,60.482364,22.21058,2025.0,2023,0.05545263613263766
bg_fungi,65.72479,27.665746,2025.0,2023,0.14402468129992485
bg_fungi,66.58315,25.67069,2025.0,2023,0.2302214652299881
bg_fungi,61.063415,25.036776,2025.0,2023,0.17273064951101938
bg_fungi,62.120582,25.844497,2025.0,2023,0.5517596006393433
bg_fungi,60.135096,24.43652,2025.0,2023,0.12930643310149512
bg_fungi,60.415066,22.449358,2025.0,2023,0.09902140001455943
bg_fungi,60.135096,24.43652,2025.0,2023,0.12930643310149512
bg_fungi,60.415066,22.449358,2025.0,2023,0.09902140001455943
bg_fungi,60.415074,22.449323,2025.0,2023,0.09902140001455943
bg_fungi,60.652655,27.223891,2025.0,2023,0.8094576795895895
bg_fungi,60.78408,24.07397,2025.0,2023,0.4502421071132024
bg_fungi,60.52137,27.51756,2025.0,2023,0.15437240401903787
bg_fungi,60.415066,22.449358,2025.0,2023,0.09902140001455943
bg_fungi,60.519478,22.353305,2025.0,2023,0.18251084287961325
bg_fungi,60.78432,24.07739,2025.0,2023,0.3238882174094518
bg_fungi,60.415304,22.449918,2025.0,2023,0.12539069106181464
bg_fungi,60.519295,22.353218,2025.0,2023,0.1994494584699472
bg_fungi,60.415066,22.449358,2025.0,2023,0.09902140001455943
bg_fungi,60.652655,27.223891,2025.0,2023,0.8094576795895895
bg_fungi,60.78454,24.06902,2025.0,2023,0.5978118578592936
bg_fungi,60.519335,22.353482,2025.0,2023,0.12944155683120093
bg_fungi,60.7838,24.07581,2025.0,2023,0.4856153627236684
bg_fungi,60.78429,24.07624,2025.0,2023,0.3100162943204244
bg_fungi,60.777415,24.751063,2025.0,2023,0.15913128356138864
bg_fungi,60.517888,22.360096,2025.0,2023,0.03936278913170099
bg_fungi,60.518559,22.355292,2025.0,2023,0.08759905522068341
bg_fungi,60.78481,24.07789,2025.0,2023,0.40223056077957153
bg_fungi,60.78756,24.07639,2025.0,2023,0.24523666004339853
bg_fungi,60.216408,22.264746,2025.0,2023,0.5804945826530457
bg_fungi,60.78377,24.06875,2025.0,2023,0.08598783301810424
bg_fungi,60.7849,24.077,2025.0,2023,0.43068889776865643
bg_fungi,60.78756,24.07639,2025.0,2023,0.24523666004339853
bg_fungi,60.216371,22.264733,2025.0,2023,0.5804945826530457
bg_fungi,60.519205,22.353715,2025.0,2023,0.24180296063423157
bg_fungi,60.519353,22.352323,2025.0,2023,0.1839062993725141
bg_fungi,60.519247,22.353714,2025.0,2023,0.24180296063423157
bg_fungi,60.415675,22.446592,2025.0,2023,0.157564086218675
bg_fungi,60.78388,24.07586,2025.0,2023,0.5322385132312775
bg_fungi,60.78388,24.07586,2025.0,2023,0.5322385132312775
bg_fungi,61.448448,23.820256,2025.0,2023,0.03392574656754732
bg_fungi,60.333601,22.146172,2025.0,2023,0.1308316538731257
bg_fungi,60.132396,24.436685,2025.0,2023,0.1624023218949636
bg_fungi,60.334338,22.142417,2025.0,2023,0.22217807297905287
bg_fungi,60.334288,22.145293,2025.0,2023,0.10105584437648456
bg_fungi,60.788838,24.080599,2025.0,2023,0.5494263072808584
bg_fungi,60.13212,24.437261,2025.0,2023,0.1095334564646085
bg_fungi,60.7838,24.07581,2025.0,2023,0.4856153627236684
bg_fungi,60.519167,22.35432,2025.0,2023,0.08360341129203637
bg_fungi,60.519163,22.3525,2025.0,2023,0.2727385361989339
bg_fungi,60.207518,22.258634,2025.0,2023,0.14305576185385385
bg_fungi,60.78388,24.07586,2025.0,2023,0.5322385132312775
bg_fungi,60.78388,24.07586,2025.0,2023,0.5322385132312775
bg_fungi,60.414464,25.716742,2025.0,2023,0.170721302429835
bg_fungi,60.518163,22.354611,2025.0,2023,0.11537542830531795
bg_fungi,60.842596,24.979013,2025.0,2023,0.22736134628454843
bg_fungi,60.19986,22.259424,2025.0,2023,0.23046125968297324
bg_fungi,60.78554,24.07498,2025.0,2023,0.4332696199417114
bg_fungi,60.210406,22.260251,2025.0,2023,0.35341358681519824
bg_fungi,60.215796,22.263366,2025.0,2023,0.2479428251584371
bg_fungi,60.520995,22.350019,2025.0,2023,0.312263548374176
bg_fungi,60.78689,24.07692,2025.0,2023,0.13069647550582886
bg_fungi,60.78388,24.07586,2025.0,2023,0.5322385132312775
bg_fungi,60.523691,27.520663,2025.0,2023,0.08456488947073619
bg_fungi,60.519124,22.354042,2025.0,2023,0.1388624974836906
bg_fungi,60.215836,22.263069,2025.0,2023,0.18224873766303062
bg_fungi,60.78555,24.0758,2025.0,2023,0.11378113801280658
bg_fungi,60.21568,22.26414,2025.0,2023,0.4581473072369893
bg_fungi,60.132034,24.437479,2025.0,2023,0.2169190595547358
bg_fungi,60.519085,22.354382,2025.0,2023,0.08360341129203637
bg_fungi,60.78695,24.07668,2025.0,2023,0.24061311284701029
bg_fungi,60.214637,22.25584,2025.0,2023,0.2294058452049891
bg_fungi,59.851904,22.321345,2025.0,2023,0.7348160743713379
bg_fungi,61.014653,25.68481,2025.0,2023,0.1085348625977834
bg_fungi,60.7842,24.06621,2025.0,2023,0.476341833670934
bg_fungi,60.212784,22.262533,2025.0,2023,0.6013603607813517
bg_fungi,61.938632,25.734533,2025.0,2023,0.2702103505531947
bg_fungi,61.938918,25.736274,2025.0,2023,0.2578253497680028
bg_fungi,60.78443,24.07639,2025.0,2023,0.2596720779935519
bg_fungi,60.02576,23.86023,2025.0,2023,0.047766730189323425
bg_fungi,60.7836,24.07384,2025.0,2023,0.41529859602451324
bg_fungi,60.210406,22.260251,2025.0,2023,0.35341358681519824
bg_fungi,62.332072,25.7129,2025.0,2023,0.19542990624904633
bg_fungi,60.78624,24.07828,2025.0,2023,0.45549388726552326
bg_fungi,60.78426,24.07042,2025.0,2023,0.3201376696427663
bg_fungi,60.518515,22.355962,2025.0,2023,0.04971173281470934
bg_fungi,60.523963,27.520954,2025.0,2023,0.18930123125513396
bg_fungi,60.518414,22.355928,2025.0,2023,0.04971173281470934
bg_fungi,60.78432,24.07739,2025.0,2023,0.3238882174094518
bg_fungi,60.518515,22.355962,2025.0,2023,0.04971173281470934
bg_fungi,60.7842,24.06621,2025.0,2023,0.476341833670934
bg_fungi,60.777559,24.750781,2025.0,2023,0.11538997587437431
bg_fungi,60.406849,22.425233,2025.0,2023,0.15964753677447638
bg_fungi,60.78467,24.07711,2025.0,2023,0.5292134086290995
bg_fungi,60.78431,24.07196,2025.0,2023,0.1879053662220637
bg_fungi,60.024333,23.106629,2025.0,2023,0.033853037282824516
bg_fungi,60.78341,24.06723,2025.0,2023,0.7937180995941162
bg_fungi,60.78467,24.07711,2025.0,2023,0.5292134086290995
bg_fungi,59.851192,22.321198,2025.0,2023,0.4773990313212077
bg_fungi,61.450431,23.826176,2025.0,2023,0.20851613332827887
bg_fungi,60.78406,24.07517,2025.0,2023,0.5567236145337423
bg_fungi,60.406587,22.424518,2025.0,2023,0.06702178126821916
bg_fungi,60.7846,24.07145,2025.0,2023,0.14403117075562477
bg_fungi,60.131914,24.437119,2025.0,2023,0.21649745106697083
bg_fungi,64.064337,25.606733,2025.0,2023,0.2567686488231023
bg_fungi,60.518429,22.35745,2025.0,2023,0.157238332554698
bg_fungi,60.519513,22.353085,2025.0,2023,0.18251084287961325
bg_fungi,60.78548,24.07897,2025.0,2023,0.22597137093544006
bg_fungi,60.407865,22.423522,2025.0,2023,0.2544160063068072
bg_fungi,60.209945,22.260328,2025.0,2023,0.24949357906977335
bg_fungi,62.216835,25.495883,2025.0,2023,0.1775368923942248
bg_fungi,62.259944,25.701545,2025.0,2023,0.2762465824683507
bg_fungi,60.518429,22.35745,2025.0,2023,0.157238332554698
bg_fungi,60.209124,22.258983,2025.0,2023,0.21679077297449112
bg_fungi,60.78459,24.07672,2025.0,2023,0.5312161147594452
bg_fungi,60.78554,24.07941,2025.0,2023,0.23612323900063834
bg_fungi,60.520036,22.353125,2025.0,2023,0.34761688609917957
bg_fungi,60.219567,23.759875,2025.0,2023,0.11049351034065087
bg_fungi,60.78548,24.07897,2025.0,2023,0.22597137093544006
bg_fungi,60.78459,24.07672,2025.0,2023,0.5312161147594452
bg_fungi,60.40686,22.425522,2025.0,2023,0.2661020557085673
bg_fungi,60.026133,23.862691,2025.0,2023,0.18261676530043283
bg_fungi,60.78589,24.07763,2025.0,2023,0.4833604097366333
bg_fungi,61.494827,23.587518,2025.0,2023,0.2673475742340088
bg_fungi,60.026133,23.862691,2025.0,2023,0.18261676530043283
bg_fungi,60.518799,22.35934,2025.0,2023,0.3253831739226977
bg_fungi,60.51827,22.358856,2025.0,2023,0.09766454187532266
bg_fungi,60.518782,22.359547,2025.0,2023,0.3253831739226977
bg_fungi,60.518933,22.358965,2025.0,2023,0.2115138570467631
bg_fungi,60.213364,23.768239,2025.0,2023,0.15071279803911844
bg_fungi,60.13212,24.437261,2025.0,2023,0.1095334564646085
bg_fungi,60.213364,23.768239,2025.0,2023,0.15071279803911844
bg_fungi,62.216835,25.495883,2025.0,2023,0.1775368923942248
bg_fungi,62.216835,25.495883,2025.0,2023,0.1775368923942248
bg_fungi,60.78455,24.07403,2025.0,2023,0.5796648363272349
bg_fungi,60.78454,24.06902,2025.0,2023,0.5978118578592936
bg_fungi,60.024706,23.856704,2025.0,2023,0.11672887951135635
bg_fungi,60.78558,24.07788,2025.0,2023,0.16387151181697845
bg_fungi,60.517888,22.360096,2025.0,2023,0.03936278913170099
bg_fungi,60.518333,22.359551,2025.0,2023,0.16789493088920912
bg_fungi,61.218272,25.02039,2025.0,2023,0.10372334190954764
bg_fungi,61.218417,25.024758,2025.0,2023,0.0973057890466104
bg_fungi,65.566,28.18901,2025.0,2023,0.5064571797847748
bg_fungi,61.219283,25.023158,2025.0,2023,0.11379805331428845
bg_fungi,63.873358,29.131925,2025.0,2023,0.13747063154975572
bg_fungi,61.21972,25.02976,2025.0,2023,0.12300517161687215
bg_fungi,61.218875,25.024766,2025.0,2023,0.08408425220598777
bg_fungi,61.565626,23.945389,2025.0,2023,0.02946809430917104
bg_fungi,61.565459,23.944405,2025.0,2023,0.01333246671129018
bg_fungi,62.863415,30.400891,2025.0,2023,0.16386050482590994
bg_fungi,60.428,22.202,2025.0,2023,0.1862194538116455
bg_fungi,65.014571,25.677027,2025.0,2023,0.10279388322184484
bg_fungi,61.21972,25.02976,2025.0,2023,0.12300517161687215
bg_fungi,61.219406,25.029761,2025.0,2023,0.2091181663175424
bg_fungi,61.220034,25.025401,2025.0,2023,0.12853599650164446
bg_fungi,61.218875,25.024766,2025.0,2023,0.08408425220598777
bg_fungi,61.219032,25.024458,2025.0,2023,0.08976317383348942
bg_fungi,61.219032,25.024458,2025.0,2023,0.08976317383348942
bg_fungi,61.220034,25.025401,2025.0,2023,0.12853599650164446
bg_fungi,61.220034,25.025401,2025.0,2023,0.12853599650164446
bg_fungi,61.218875,25.024766,2025.0,2023,0.08408425220598777
bg_fungi,61.219283,25.023158,2025.0,2023,0.11379805331428845
bg_fungi,61.220034,25.025401,2025.0,2023,0.12853599650164446
bg_fungi,61.218272,25.02039,2025.0,2023,0.10372334190954764
bg_fungi,61.218417,25.024758,2025.0,2023,0.0973057890466104
bg_fungi,61.218417,25.024758,2025.0,2023,0.0973057890466104
bg_fungi,61.218417,25.024758,2025.0,2023,0.0973057890466104
bg_fungi,61.218417,25.024758,2025.0,2023,0.0973057890466104
bg_fungi,60.318126,22.305642,2025.0,2023,0.3042801022529602
bg_fungi,60.17557,24.986754,2025.0,2023,0.4413775900999705
bg_fungi,60.27477,24.89975,2025.0,2023,0.26513126492500305
bg_fungi,60.149676,21.631133,2025.0,2023,0.4882148901621501
bg_fungi,65.020077,24.639488,2025.0,2023,0.8539629379908243
bg_fungi,67.00753,27.242791,2025.0,2023,0.6385951042175293
bg_fungi,60.215233,24.700242,2025.0,2023,0.11185091982285182
bg_fungi,64.00886,24.39742,2022.0,2021,0.2946982979774475
bg_fungi,60.418767,22.114892,2022.0,2021,0.28527892132600147
bg_fungi,64.055157,24.308312,2022.0,2021,0.20623543858528137
bg_fungi,63.584684,23.394053,2022.0,2021,0.25934934864441556
bg_fungi,63.425327,22.433189,2022.0,2021,0.09667160672446092
bg_fungi,60.804256,24.846322,2022.0,2021,0.16417137905955315
bg_fungi,60.801678,24.851482,2022.0,2021,0.3136412054300308
bg_fungi,61.295224,24.936601,2022.0,2021,0.17428219070037207
bg_fungi,63.922053,24.427952,2022.0,2021,0.2274982879559199
bg_fungi,63.685272,23.036084,2022.0,2021,0.22514169414838156
bg_fungi,60.586616,22.374924,2022.0,2021,0.13100442787011465
bg_fungi,62.034799,22.919116,2022.0,2021,0.5127159456411997
bg_fungi,63.377715,23.050947,2022.0,2021,0.28639496117830276
bg_fungi,63.345501,22.480972,2022.0,2021,0.4777384301026662
bg_fungi,60.393528,22.461287,2022.0,2021,0.25408678750197095
bg_fungi,60.368619,26.583209,2022.0,2021,0.5624618927637736
bg_fungi,63.6632,23.026281,2022.0,2021,0.5071012278397878
bg_fungi,60.288766,24.745823,2022.0,2021,0.1818418689072132
bg_fungi,63.663289,23.026576,2022.0,2021,0.5966612696647644
bg_fungi,63.685725,23.044078,2022.0,2021,0.11200545635074377
bg_fungi,61.965242,23.01865,2022.0,2021,0.32971928517023724
bg_fungi,63.685279,23.036089,2022.0,2021,0.22514169414838156
bg_fungi,60.392333,21.897363,2022.0,2021,0.6509753863016764
bg_fungi,64.033127,24.36834,2022.0,2021,0.21000380317370096
bg_fungi,64.02861,24.365479,2022.0,2021,0.1692964235941569
bg_fungi,63.436885,22.361815,2022.0,2021,0.6183522840340933
bg_fungi,63.118797,21.64028,2022.0,2021,0.136746255060037
bg_fungi,64.936129,25.371822,2022.0,2021,0.5085906287034353
bg_fungi,60.723218,24.697722,2022.0,2021,0.6905582745869955
bg_fungi,63.119206,21.640553,2022.0,2021,0.09937408690651257
bg_fungi,62.609528,29.721267,2022.0,2021,0.3662221034367879
bg_fungi,63.437285,22.362204,2022.0,2021,0.6514717737833658
bg_fungi,63.922103,24.427861,2022.0,2021,0.2274982879559199
bg_fungi,61.298811,24.925685,2022.0,2021,0.1926565244793892
bg_fungi,64.056665,24.303803,2022.0,2021,0.18772283444801965
bg_fungi,63.647832,22.946845,2022.0,2021,0.05494292313233018
bg_fungi,62.891576,25.130057,2022.0,2021,0.2826605439186096
bg_fungi,63.921976,24.428472,2022.0,2021,0.1159274975458781
bg_fungi,60.449298,22.356476,2022.0,2021,0.2500564803679784
bg_fungi,60.244675,25.215228,2022.0,2021,0.13362101713816324
bg_fungi,60.393525,22.461255,2022.0,2021,0.25408678750197095
bg_fungi,64.312386,25.199102,2022.0,2021,0.30222566922505695
bg_fungi,64.033045,24.188123,2022.0,2021,0.14028786246975264
bg_fungi,63.709876,23.503604,2022.0,2021,0.6161332726478577
bg_fungi,63.647527,22.94629,2022.0,2021,0.13125602652629217
bg_fungi,64.804158,24.956985,2022.0,2021,0.7803771098454794
bg_fungi,63.436534,22.361256,2022.0,2021,0.5826330284277598
bg_fungi,60.425122,25.078153,2022.0,2021,0.26775436103343964
bg_fungi,60.30448,25.008169,2022.0,2021,0.20087847982843718
bg_fungi,60.44925,22.355656,2022.0,2021,0.4150489866733551
bg_fungi,64.308426,25.197741,2022.0,2021,0.24085809166232744
bg_fungi,63.312755,22.250803,2022.0,2021,0.1368268964191278
bg_fungi,60.585823,22.376539,2022.0,2021,0.36651461323102313
bg_fungi,63.714943,23.504466,2022.0,2021,0.4997545083363851
bg_fungi,61.575866,23.891018,2022.0,2021,0.28876098493735
bg_fungi,64.048954,24.246715,2022.0,2021,0.3838185916344325
bg_fungi,63.683493,23.0485,2022.0,2021,0.6564176082611084
bg_fungi,60.449277,22.355976,2022.0,2021,0.26654236515363056
bg_fungi,63.685975,23.039346,2022.0,2021,0.2514160672823588
bg_fungi,64.205932,27.751498,2022.0,2021,0.1006581038236618
bg_fungi,60.264837,24.920088,2022.0,2021,0.0932891530295213
bg_fungi,60.586738,22.37489,2022.0,2021,0.10196222256248196
bg_fungi,63.686384,23.041877,2022.0,2021,0.14795466512441635
bg_fungi,64.055199,24.287032,2022.0,2021,0.4564044376214345
bg_fungi,64.026611,24.360301,2022.0,2021,0.26549215118090314
bg_fungi,61.349869,25.547445,2022.0,2021,0.4604418873786926
bg_fungi,63.653876,22.939187,2022.0,2021,0.157187528287371
bg_fungi,60.5864,22.376702,2022.0,2021,0.21023179528613886
bg_fungi,63.539964,23.19022,2022.0,2021,0.663325289885203
bg_fungi,63.79207,23.03661,2022.0,2021,0.7321088910102844
bg_fungi,63.714958,23.504461,2022.0,2021,0.4997545083363851
bg_fungi,61.383838,24.512213,2022.0,2021,0.0692216344177723
bg_fungi,63.683833,23.047324,2022.0,2021,0.47920840978622437
bg_fungi,61.241503,25.088158,2022.0,2021,0.15739851569135985
bg_fungi,63.653886,22.939161,2022.0,2021,0.07860590106186767
bg_fungi,60.945488,27.066099,2022.0,2021,0.5399329165617625
bg_fungi,63.373838,23.089221,2022.0,2021,0.6588887969652811
bg_fungi,60.108116,25.407021,2022.0,2021,0.5292766690254211
bg_fungi,60.449315,22.356205,2022.0,2021,0.43769816557566327
bg_fungi,61.385063,24.512278,2022.0,2021,0.3037976821263631
bg_fungi,60.762403,24.774897,2022.0,2021,0.1727431813875834
bg_fungi,63.922024,24.428188,2022.0,2021,0.14674338201681772
bg_fungi,60.373752,26.58516,2022.0,2021,0.24991974731286368
bg_fungi,64.032289,24.369926,2022.0,2021,0.17243898659944534
bg_fungi,63.713298,23.50189,2022.0,2021,0.451023335258166
bg_fungi,63.921991,24.42815,2022.0,2021,0.14674338201681772
bg_fungi,60.72288,24.695684,2022.0,2021,0.8575369715690613
bg_fungi,61.385925,24.510475,2022.0,2021,0.16940260926882425
bg_fungi,64.037738,24.239374,2022.0,2021,0.8785388668378195
bg_fungi,63.655561,22.943223,2022.0,2021,0.093031272602578
bg_fungi,64.024101,24.368618,2022.0,2021,0.180968776345253
bg_fungi,64.00886,24.397376,2022.0,2021,0.2283490871389707
bg_fungi,61.464642,23.535605,2022.0,2021,0.14624688029289246
bg_fungi,61.385963,24.509713,2022.0,2021,0.08376245573163033
bg_fungi,60.239486,24.34569,2022.0,2021,0.45001305143038434
bg_fungi,63.714907,23.502264,2022.0,2021,0.4145570993423462
bg_fungi,63.118867,21.640367,2022.0,2021,0.11556816349426906
bg_fungi,68.786098,27.63447,2022.0,2021,0.7371575236320496
bg_fungi,63.683656,23.046218,2022.0,2021,0.2990674028793971
bg_fungi,63.118836,21.640305,2022.0,2021,0.136746255060037
bg_fungi,63.686394,23.041869,2022.0,2021,0.14795466512441635
bg_fungi,61.384967,24.512475,2022.0,2021,0.12544948607683182
bg_fungi,60.466166,22.119388,2022.0,2021,0.07518756731102864
bg_fungi,62.034873,22.919341,2022.0,2021,0.36151846249898273
bg_fungi,60.743913,24.774615,2022.0,2021,0.5463985900084177
bg_fungi,63.539956,23.190217,2022.0,2021,0.663325289885203
bg_fungi,60.800922,24.853001,2022.0,2021,0.49459779262542725
bg_fungi,63.370733,23.091296,2022.0,2021,0.8309492468833923
bg_fungi,60.724888,24.685772,2022.0,2021,0.21048957109451294
bg_fungi,63.714762,23.50209,2022.0,2021,0.35052918642759323
bg_fungi,62.856951,22.991433,2022.0,2021,0.6729908982912699
bg_fungi,62.876303,22.919014,2022.0,2021,0.122521232192715
bg_fungi,65.045097,25.467742,2022.0,2021,0.7880308032035828
bg_fungi,68.892421,26.930952,2022.0,2021,0.6076711217562357
bg_fungi,62.629917,22.192492,2022.0,2021,0.5807616810003916
bg_fungi,62.981771,21.62861,2022.0,2021,0.08338680397719145
bg_fungi,62.609851,25.101042,2022.0,2021,0.23008141915003458
bg_fungi,62.38102,22.802726,2022.0,2021,0.8306264281272888
bg_fungi,62.863678,22.085038,2022.0,2021,0.4819092204173406
bg_fungi,62.959224,22.953877,2022.0,2021,0.5335517326990763
bg_fungi,60.695833,23.891944,2022.0,2021,0.09485178378721078
bg_fungi,60.182538,24.887992,2022.0,2021,0.29248300194740295
bg_fungi,64.274915,27.899415,2022.0,2021,0.11185333287964265
bg_fungi,62.86685,22.972497,2022.0,2021,0.729951282342275
bg_fungi,63.127521,22.424937,2022.0,2021,0.34485959510008496
bg_fungi,62.873587,22.918362,2022.0,2021,0.5641886591911316
bg_fungi,62.705214,22.847838,2022.0,2021,0.2657940487066905
bg_fungi,60.08486,23.667461,2022.0,2021,0.4032473067442576
bg_fungi,63.99139,23.441677,2022.0,2021,0.816206157207489
bg_fungi,60.196361,24.918574,2022.0,2021,0.3488241533438365
bg_fungi,60.749416,24.767147,2022.0,2021,0.26350467652082443
bg_fungi,63.018895,23.380353,2022.0,2021,0.6551786661148071
bg_fungi,60.20429,25.112232,2022.0,2021,0.11449157198270161
bg_fungi,60.700283,23.92644,2022.0,2021,0.48338072498639423
bg_fungi,60.291625,24.500714,2022.0,2021,0.34676777323087055
bg_fungi,60.269507,24.935593,2022.0,2021,0.16146432360013327
bg_fungi,62.396739,22.787008,2022.0,2021,0.230633528282245
bg_fungi,60.684121,23.843041,2022.0,2021,0.06267694073418777
bg_fungi,60.186062,25.146037,2022.0,2021,0.38155465324719745
bg_fungi,62.63151,22.194758,2022.0,2021,0.6809123357137045
bg_fungi,60.195315,24.921097,2022.0,2021,0.18625363955895105
bg_fungi,60.70061,23.926587,2022.0,2021,0.6768402258555094
bg_fungi,62.41408,21.281415,2022.0,2021,0.6133189896742502
bg_fungi,62.858551,22.991656,2022.0,2021,0.3585607757170995
bg_fungi,67.073722,28.861087,2022.0,2021,0.9340701103210449
bg_fungi,59.969398,23.719306,2022.0,2021,0.0929675983885924
bg_fungi,60.700975,23.928473,2022.0,2021,0.3460237880547841
bg_fungi,62.869947,23.019107,2022.0,2021,0.6740410129229227
bg_fungi,62.761285,23.17898,2022.0,2021,0.5836256543795267
bg_fungi,62.874668,22.917549,2022.0,2021,0.2315216480443875
bg_fungi,67.518539,29.696593,2022.0,2021,0.4351445535818736
bg_fungi,62.863578,23.0169,2022.0,2021,0.7087593277295431
bg_fungi,62.982343,21.629665,2022.0,2021,0.3240254695216815
bg_fungi,62.705219,22.847915,2022.0,2021,0.2657940487066905
bg_fungi,62.875144,22.917919,2022.0,2021,0.26546578854322433
bg_fungi,62.631346,22.193012,2022.0,2021,0.8257690072059631
bg_fungi,60.654297,23.894737,2022.0,2021,0.6069904168446859
bg_fungi,63.014507,23.368512,2022.0,2021,0.6085478464762369
bg_fungi,62.796531,25.680139,2022.0,2021,0.1683890682955583
bg_fungi,62.864994,23.014989,2022.0,2021,0.7186198631922404
bg_fungi,63.018331,23.380852,2022.0,2021,0.6807148655255636
bg_fungi,63.273014,22.368437,2022.0,2021,0.1715831390271584
bg_fungi,60.294464,24.56207,2022.0,2021,0.20105809470017752
bg_fungi,62.705224,22.847869,2022.0,2021,0.2657940487066905
bg_fungi,63.356312,21.284294,2022.0,2021,0.1348634815464417
bg_fungi,63.015429,23.369767,2022.0,2021,0.3795144855976105
bg_fungi,60.294619,24.567211,2022.0,2021,0.5704998970031738
bg_fungi,60.68643,23.887005,2022.0,2021,0.03964846325106919
bg_fungi,60.339188,24.667312,2022.0,2021,0.18628800412019095
bg_fungi,62.716844,23.169516,2022.0,2021,0.8866176803906759
bg_fungi,60.034124,23.775141,2022.0,2021,0.39037110408147174
bg_fungi,62.877808,22.918941,2022.0,2021,0.20896597703297934
bg_fungi,62.716905,23.169533,2022.0,2021,0.8866176803906759
bg_fungi,62.892165,25.129515,2022.0,2021,0.2621605967481931
bg_fungi,62.847897,22.969078,2022.0,2021,0.54545330007871
bg_fungi,62.892349,25.130682,2022.0,2021,0.07619148632511497
bg_fungi,62.867642,23.0175,2022.0,2021,0.7093340555826823
bg_fungi,62.892594,25.130179,2022.0,2021,0.24994276463985443
bg_fungi,62.716825,23.169706,2022.0,2021,0.831179658571879
bg_fungi,61.927728,25.985528,2022.0,2021,0.6921730041503906
bg_fungi,68.892616,26.932019,2022.0,2021,0.6140761971473694
bg_fungi,60.181125,25.07707,2022.0,2021,0.13234816615780196
bg_fungi,62.711221,22.883863,2022.0,2021,0.18968281832834086
bg_fungi,63.127704,22.423447,2022.0,2021,0.5405040184656779
bg_fungi,60.016508,23.792781,2022.0,2021,0.3550419211387634
bg_fungi,62.864756,22.085579,2022.0,2021,0.8721590240796407
bg_fungi,62.855642,22.99348,2022.0,2021,0.6470707853635153
bg_fungi,62.716886,23.169497,2022.0,2021,0.8866176803906759
bg_fungi,63.011804,23.377416,2022.0,2021,0.5147548913955688
bg_fungi,60.186694,25.14975,2022.0,2021,0.40408196051915485
bg_fungi,63.014132,23.399308,2022.0,2021,0.27274514238039654
bg_fungi,67.518518,29.696527,2022.0,2021,0.4351445535818736
bg_fungi,62.959224,22.953872,2022.0,2021,0.5335517326990763
bg_fungi,60.470322,22.33295,2022.0,2021,0.517893522977829
bg_fungi,60.268975,24.929874,2022.0,2021,0.13162977496782938
bg_fungi,60.228392,25.10823,2022.0,2021,0.21900183955828348
bg_fungi,62.889526,21.275237,2022.0,2021,0.19333822776873907
bg_fungi,60.695642,23.891567,2022.0,2021,0.06927000886450212
bg_fungi,61.199597,25.063989,2022.0,2021,0.10956696514040232
bg_fungi,60.463275,22.221181,2022.0,2021,0.1169776680568854
bg_fungi,62.397252,22.784246,2022.0,2021,0.6793542702992758
bg_fungi,60.250398,24.840046,2022.0,2021,0.21824752787748972
bg_fungi,60.016248,23.793277,2022.0,2021,0.20357091228167215
bg_fungi,68.899475,26.987987,2022.0,2021,0.7099893490473429
bg_fungi,60.338867,23.763892,2022.0,2021,0.12597579260667166
bg_fungi,61.683486,27.070291,2022.0,2021,0.14285309550662836
bg_fungi,60.270131,24.933001,2022.0,2021,0.22613934675852457
bg_fungi,60.798842,24.470069,2022.0,2021,0.11805849273999532
bg_fungi,62.877223,22.919295,2022.0,2021,0.14300142539044222
bg_fungi,60.332132,24.661708,2022.0,2021,0.17280592521031699
bg_fungi,62.888555,21.275135,2022.0,2021,0.13168112436930338
bg_fungi,60.683142,23.838007,2022.0,2021,0.0396403968334198
bg_fungi,62.655358,23.927095,2022.0,2021,0.5806478460629781
bg_fungi,62.448542,30.478933,2022.0,2021,0.05840645357966423
bg_fungi,61.625702,24.520714,2022.0,2021,0.17540143430233002
bg_fungi,62.706159,22.846839,2022.0,2021,0.12480482583244641
bg_fungi,62.847751,22.969632,2022.0,2021,0.3222578590114911
bg_fungi,62.959366,22.954566,2022.0,2021,0.6117533842722574
bg_fungi,63.019907,23.405621,2022.0,2021,0.43626828491687775
bg_fungi,62.855612,22.993544,2022.0,2021,0.6470707853635153
bg_fungi,62.864858,22.084272,2022.0,2021,0.7184130549430847
bg_fungi,60.480647,22.31212,2022.0,2021,0.4318130910396576
bg_fungi,59.969385,23.719379,2022.0,2021,0.0929675983885924
bg_fungi,60.737226,27.990683,2022.0,2021,0.2468056877454122
bg_fungi,63.991056,23.441541,2022.0,2021,0.5906453132629395
bg_fungi,62.705229,22.847894,2022.0,2021,0.2657940487066905
bg_fungi,62.417782,21.282312,2022.0,2021,0.2354173262914022
bg_fungi,60.143657,24.985501,2022.0,2021,0.4498288035392761
bg_fungi,62.631264,22.192925,2022.0,2021,0.7792094349861145
bg_fungi,62.982452,21.628705,2022.0,2021,0.12563819624483585
bg_fungi,63.793307,27.329809,2022.0,2021,0.20015896360079447
bg_fungi,67.506692,29.688927,2022.0,2021,0.1753294070561727
bg_fungi,60.18729,25.149539,2022.0,2021,0.3512413601080577
bg_fungi,63.018632,23.380501,2022.0,2021,0.692696750164032
bg_fungi,60.332172,24.665646,2022.0,2021,0.413295845190684
bg_fungi,62.632478,22.197026,2022.0,2021,0.607547918955485
bg_fungi,60.248282,23.821562,2021.0,2021,0.08578955351064603
bg_fungi,60.247809,23.822078,2021.0,2021,0.21649745851755142
bg_fungi,60.247322,23.819015,2021.0,2021,0.13583670121928057
bg_fungi,60.247113,23.81815,2021.0,2021,0.16124399254719415
bg_fungi,60.246629,23.815576,2021.0,2021,0.15062525868415833
bg_fungi,60.245905,23.813893,2021.0,2021,0.1506599560379982
bg_fungi,60.245314,23.815071,2021.0,2021,0.08480837630728881
bg_fungi,60.244618,23.811542,2021.0,2021,0.06328664145742853
bg_fungi,60.244602,23.811255,2021.0,2021,0.0989852100610733
bg_fungi,60.244554,23.811115,2021.0,2021,0.0989852100610733
bg_fungi,60.244854,23.810923,2021.0,2021,0.06333786559601624
bg_fungi,60.244957,23.810714,2021.0,2021,0.06333786559601624
bg_fungi,60.244701,23.81054,2021.0,2021,0.06827472957472007
bg_fungi,60.244767,23.808762,2021.0,2021,0.13484261184930801
bg_fungi,60.244872,23.807179,2021.0,2021,0.05155821330845356
bg_fungi,60.244738,23.806469,2021.0,2021,0.12629691883921623
bg_fungi,60.24478,23.805977,2021.0,2021,0.13447751849889755
bg_fungi,60.244792,23.805705,2021.0,2021,0.14589776595433554
bg_fungi,60.244993,23.808107,2021.0,2021,0.11436749249696732
bg_fungi,60.244915,23.809688,2021.0,2021,0.1344746102889379
bg_fungi,60.244805,23.811108,2021.0,2021,0.07301612384617329
bg_fungi,60.244836,23.811648,2021.0,2021,0.06415115638325612
bg_fungi,60.244732,23.811802,2021.0,2021,0.06415115638325612
bg_fungi,60.244634,23.81183,2021.0,2021,0.051104116098334394
bg_fungi,60.244334,23.809853,2021.0,2021,0.12170481930176417
bg_fungi,60.24352,23.809986,2021.0,2021,0.12080194614827633
bg_fungi,60.253007,23.857319,2021.0,2021,0.07098226870099704
bg_fungi,60.252847,23.857389,2021.0,2021,0.0698681678622961
bg_fungi,60.25271,23.857312,2021.0,2021,0.03263267828151584
bg_fungi,60.252708,23.857601,2021.0,2021,0.041606928842763104
bg_fungi,60.252471,23.857479,2021.0,2021,0.17257621263464293
bg_fungi,60.252512,23.857276,2021.0,2021,0.08336303724596898
bg_fungi,60.252527,23.857184,2021.0,2021,0.08336303724596898
bg_fungi,60.252458,23.857282,2021.0,2021,0.08336303724596898
bg_fungi,60.252363,23.857453,2021.0,2021,0.1369002821544806
bg_fungi,60.252323,23.857656,2021.0,2021,0.1369002821544806
bg_fungi,60.25206,23.856054,2021.0,2021,0.11197121441364288
bg_fungi,60.253138,23.856782,2021.0,2021,0.05171918077394366
bg_fungi,60.244275,22.218398,2021.0,2021,0.3543318212032318
bg_fungi,60.246175,22.22145,2021.0,2021,0.2963582028945287
bg_fungi,60.246153,22.223335,2021.0,2021,0.24880260229110718
bg_fungi,60.243603,22.21998,2021.0,2021,0.4573223789532979
bg_fungi,60.243956,22.221521,2021.0,2021,0.3286077330509822
bg_fungi,60.625039,21.31816,2021.0,2021,0.4251493811607361
bg_fungi,61.216122,25.030582,2021.0,2021,0.13332956905166307
bg_fungi,60.625143,21.320193,2021.0,2021,0.17175146440664926
bg_fungi,61.188889,26.851333,2021.0,2021,0.6035426259040833
bg_fungi,61.188531,26.852413,2021.0,2021,0.6735919912656149
bg_fungi,61.153779,26.89109,2021.0,2021,0.26870263616244
bg_fungi,61.159172,26.899842,2021.0,2021,0.37166643142700195
bg_fungi,60.685398,24.290408,2021.0,2021,0.6133102377255758
bg_fungi,60.617911,25.830581,2021.0,2021,0.14031137836476168
bg_fungi,60.542317,26.546626,2021.0,2021,0.09148050720492999
bg_fungi,61.152928,26.882509,2021.0,2021,0.27047083526849747
bg_fungi,61.153554,26.890608,2021.0,2021,0.24445301294326782
bg_fungi,60.690651,24.286282,2021.0,2021,0.6421835025151571
bg_fungi,60.687407,24.265927,2021.0,2021,0.2124654824535052
bg_fungi,60.691746,24.287564,2021.0,2021,0.7778363227844238
bg_fungi,60.691746,24.287564,2021.0,2021,0.7778363227844238
bg_fungi,60.690908,24.287451,2021.0,2021,0.7571472525596619
bg_fungi,60.690908,24.287451,2021.0,2021,0.7571472525596619
bg_fungi,60.690908,24.287451,2021.0,2021,0.7571472525596619
bg_fungi,60.687352,24.264558,2021.0,2021,0.24541475375493368
bg_fungi,60.73411,24.04444,2021.0,2021,0.643230656782786
bg_fungi,60.73411,24.04444,2021.0,2021,0.643230656782786
bg_fungi,60.738867,24.073713,2021.0,2021,0.7821170290311178
bg_fungi,60.738403,24.045164,2021.0,2021,0.8402332067489624
bg_fungi,60.351281,25.222497,2021.0,2021,0.09158334570626418
bg_fungi,60.351059,25.221367,2021.0,2021,0.09430667075018088
bg_fungi,60.349913,25.218294,2021.0,2021,0.06706316955387592
bg_fungi,60.349913,25.218294,2021.0,2021,0.06706316955387592
bg_fungi,60.349913,25.218294,2021.0,2021,0.06706316955387592
bg_fungi,60.349913,25.218294,2021.0,2021,0.06706316955387592
bg_fungi,60.349913,25.218294,2021.0,2021,0.06706316955387592
bg_fungi,60.349913,25.218294,2021.0,2021,0.06706316955387592
bg_fungi,60.349986,25.219649,2021.0,2021,0.07772391413648923
bg_fungi,60.349986,25.219649,2021.0,2021,0.07772391413648923
bg_fungi,60.349986,25.219649,2021.0,2021,0.07772391413648923
bg_fungi,60.349986,25.219649,2021.0,2021,0.07772391413648923
bg_fungi,60.349986,25.219649,2021.0,2021,0.07772391413648923
bg_fungi,60.349986,25.219649,2021.0,2021,0.07772391413648923
bg_fungi,60.349986,25.219649,2021.0,2021,0.07772391413648923
bg_fungi,60.349986,25.219649,2021.0,2021,0.07772391413648923
bg_fungi,60.356172,25.183672,2021.0,2021,0.16989786674578986
bg_fungi,60.356172,25.183672,2021.0,2021,0.16989786674578986
bg_fungi,60.356172,25.183672,2021.0,2021,0.16989786674578986
bg_fungi,60.356172,25.183672,2021.0,2021,0.16989786674578986
bg_fungi,62.437969,28.828363,2021.0,2021,0.1574628142019113
bg_fungi,62.437969,28.828363,2021.0,2021,0.1574628142019113
bg_fungi,62.437969,28.828363,2021.0,2021,0.1574628142019113
bg_fungi,62.437969,28.828363,2021.0,2021,0.1574628142019113
bg_fungi,62.404037,28.829138,2021.0,2021,0.2982761760552724
bg_fungi,62.404037,28.829138,2021.0,2021,0.2982761760552724
bg_fungi,61.600827,27.912061,2021.0,2021,0.23434240619341531
bg_fungi,61.600827,27.912061,2021.0,2021,0.23434240619341531
bg_fungi,61.600827,27.912061,2021.0,2021,0.23434240619341531
bg_fungi,61.600827,27.912061,2021.0,2021,0.23434240619341531
bg_fungi,61.605245,27.946197,2021.0,2021,0.20099566876888275
bg_fungi,61.605245,27.946197,2021.0,2021,0.20099566876888275
bg_fungi,61.605245,27.946197,2021.0,2021,0.20099566876888275
bg_fungi,61.588024,27.906692,2021.0,2021,0.40779796491066617
bg_fungi,61.601376,27.913171,2021.0,2021,0.09150248269240062
bg_fungi,61.606262,27.94587,2021.0,2021,0.6491130987803141
bg_fungi,61.588508,27.90552,2021.0,2021,0.4782310078541438
bg_fungi,61.590467,27.91057,2021.0,2021,0.029026722225050133
bg_fungi,61.590467,27.91057,2021.0,2021,0.029026722225050133
bg_fungi,61.590467,27.91057,2021.0,2021,0.029026722225050133
bg_fungi,61.590467,27.91057,2021.0,2021,0.029026722225050133
bg_fungi,61.590467,27.91057,2021.0,2021,0.029026722225050133
bg_fungi,61.605182,27.948796,2021.0,2021,0.15810240556796393
bg_fungi,61.605182,27.948796,2021.0,2021,0.15810240556796393
bg_fungi,61.590204,27.905663,2021.0,2021,0.0222951783798635
bg_fungi,61.590204,27.905663,2021.0,2021,0.0222951783798635
bg_fungi,61.590204,27.905663,2021.0,2021,0.0222951783798635
bg_fungi,64.565158,26.52489,2021.0,2021,0.945665160814921
bg_fungi,64.569154,26.534107,2021.0,2021,0.9294143716494242
bg_fungi,60.687407,24.265927,2021.0,2021,0.2124654824535052
bg_fungi,60.691746,24.287564,2021.0,2021,0.7778363227844238
bg_fungi,60.690908,24.287451,2021.0,2021,0.7571472525596619
bg_fungi,60.687352,24.264558,2021.0,2021,0.24541475375493368
bg_fungi,60.687352,24.264558,2021.0,2021,0.24541475375493368
bg_fungi,60.687352,24.264558,2021.0,2021,0.24541475375493368
bg_fungi,60.687352,24.264558,2021.0,2021,0.24541475375493368
bg_fungi,60.734743,24.043831,2021.0,2021,0.6135327120622
bg_fungi,60.738713,24.044163,2021.0,2021,0.7658202052116394
bg_fungi,60.738867,24.073713,2021.0,2021,0.7821170290311178
bg_fungi,60.738867,24.073713,2021.0,2021,0.7821170290311178
bg_fungi,60.738403,24.045164,2021.0,2021,0.8402332067489624
bg_fungi,60.351281,25.222497,2021.0,2021,0.09158334570626418
bg_fungi,60.351281,25.222497,2021.0,2021,0.09158334570626418
bg_fungi,60.351281,25.222497,2021.0,2021,0.09158334570626418
bg_fungi,60.351281,25.222497,2021.0,2021,0.09158334570626418
bg_fungi,60.351059,25.221367,2021.0,2021,0.09430667075018088
bg_fungi,60.349913,25.218294,2021.0,2021,0.06706316955387592
bg_fungi,60.349913,25.218294,2021.0,2021,0.06706316955387592
bg_fungi,60.349913,25.218294,2021.0,2021,0.06706316955387592
bg_fungi,60.349913,25.218294,2021.0,2021,0.06706316955387592
bg_fungi,60.349913,25.218294,2021.0,2021,0.06706316955387592
bg_fungi,60.349913,25.218294,2021.0,2021,0.06706316955387592
bg_fungi,60.349913,25.218294,2021.0,2021,0.06706316955387592
bg_fungi,60.349913,25.218294,2021.0,2021,0.06706316955387592
bg_fungi,60.349913,25.218294,2021.0,2021,0.06706316955387592
bg_fungi,60.349913,25.218294,2021.0,2021,0.06706316955387592
bg_fungi,60.349913,25.218294,2021.0,2021,0.06706316955387592
bg_fungi,60.349986,25.219649,2021.0,2021,0.07772391413648923
bg_fungi,60.349986,25.219649,2021.0,2021,0.07772391413648923
bg_fungi,60.349986,25.219649,2021.0,2021,0.07772391413648923
bg_fungi,60.349986,25.219649,2021.0,2021,0.07772391413648923
bg_fungi,60.349986,25.219649,2021.0,2021,0.07772391413648923
bg_fungi,60.349986,25.219649,2021.0,2021,0.07772391413648923
bg_fungi,60.349986,25.219649,2021.0,2021,0.07772391413648923
bg_fungi,60.349986,25.219649,2021.0,2021,0.07772391413648923
bg_fungi,60.356172,25.183672,2021.0,2021,0.16989786674578986
bg_fungi,60.356172,25.183672,2021.0,2021,0.16989786674578986
bg_fungi,60.356172,25.183672,2021.0,2021,0.16989786674578986
bg_fungi,60.356172,25.183672,2021.0,2021,0.16989786674578986
bg_fungi,62.455346,28.763216,2021.0,2021,0.20216373850901923
bg_fungi,62.437969,28.828363,2021.0,2021,0.1574628142019113
bg_fungi,62.437969,28.828363,2021.0,2021,0.1574628142019113
bg_fungi,62.437969,28.828363,2021.0,2021,0.1574628142019113
bg_fungi,62.437969,28.828363,2021.0,2021,0.1574628142019113
bg_fungi,62.437969,28.828363,2021.0,2021,0.1574628142019113
bg_fungi,62.404037,28.829138,2021.0,2021,0.2982761760552724
bg_fungi,61.600827,27.912061,2021.0,2021,0.23434240619341531
bg_fungi,61.600827,27.912061,2021.0,2021,0.23434240619341531
bg_fungi,61.600827,27.912061,2021.0,2021,0.23434240619341531
bg_fungi,61.600827,27.912061,2021.0,2021,0.23434240619341531
bg_fungi,61.605245,27.946197,2021.0,2021,0.20099566876888275
bg_fungi,61.601376,27.913171,2021.0,2021,0.09150248269240062
bg_fungi,61.601376,27.913171,2021.0,2021,0.09150248269240062
bg_fungi,61.606262,27.94587,2021.0,2021,0.6491130987803141
bg_fungi,61.592121,27.911636,2021.0,2021,0.05267225205898285
bg_fungi,61.590467,27.91057,2021.0,2021,0.029026722225050133
bg_fungi,61.590467,27.91057,2021.0,2021,0.029026722225050133
bg_fungi,61.590467,27.91057,2021.0,2021,0.029026722225050133
bg_fungi,61.590467,27.91057,2021.0,2021,0.029026722225050133
bg_fungi,61.605182,27.948796,2021.0,2021,0.15810240556796393
bg_fungi,61.590204,27.905663,2021.0,2021,0.0222951783798635
bg_fungi,61.590204,27.905663,2021.0,2021,0.0222951783798635
bg_fungi,64.569518,26.533016,2021.0,2021,0.9371262192726135
bg_fungi,64.569154,26.534107,2021.0,2021,0.9294143716494242
bg_fungi,66.054815,28.851345,2021.0,2021,0.4836042821407318
bg_fungi,66.054944,28.851111,2021.0,2021,0.6617299318313599
bg_fungi,66.05496,28.849036,2021.0,2021,0.2183790902296702
bg_fungi,66.055546,28.848018,2021.0,2021,0.3422798564036687
bg_fungi,66.055712,28.847655,2021.0,2021,0.3935236831506093
bg_fungi,66.055968,28.845818,2021.0,2021,0.39986736079057056
bg_fungi,66.05515,28.848166,2021.0,2021,0.28792446851730347
bg_fungi,66.054674,28.848927,2021.0,2021,0.21264973282814026
bg_fungi,66.041389,28.820522,2021.0,2021,0.16207333529988924
bg_fungi,66.041479,28.823531,2021.0,2021,0.21666833758354187
bg_fungi,66.041435,28.827214,2021.0,2021,0.16094783072670302
bg_fungi,66.041713,28.827212,2021.0,2021,0.16012108822663626
bg_fungi,66.041946,28.828818,2021.0,2021,0.21717316408952078
bg_fungi,66.041931,28.829281,2021.0,2021,0.2169544274608294
bg_fungi,66.041894,28.827843,2021.0,2021,0.203942080338796
bg_fungi,66.041822,28.83243,2021.0,2021,0.15408605833848318
bg_fungi,66.041265,28.83175,2021.0,2021,0.12427513798077901
bg_fungi,66.041275,28.826298,2021.0,2021,0.11911614860097568
bg_fungi,66.040973,28.828351,2021.0,2021,0.1654609739780426
bg_fungi,66.04096,28.828703,2021.0,2021,0.12831939260164896
bg_fungi,66.040882,28.829934,2021.0,2021,0.15737158556779227
bg_fungi,66.040936,28.829938,2021.0,2021,0.10737144698699315
bg_fungi,66.184074,29.641646,2021.0,2021,0.4145167072614034
bg_fungi,66.184037,29.640132,2021.0,2021,0.44901378949483234
bg_fungi,66.183902,29.637519,2021.0,2021,0.4679066042105357
bg_fungi,66.185617,29.641207,2021.0,2021,0.2708943436543147
bg_fungi,66.185813,29.641805,2021.0,2021,0.27386362353960675
bg_fungi,66.185888,29.642124,2021.0,2021,0.24246502916018167
bg_fungi,66.186647,29.647645,2021.0,2021,0.2566043237845103
bg_fungi,66.18651,29.649896,2021.0,2021,0.22427478432655334
bg_fungi,66.186834,29.650374,2021.0,2021,0.24938353896141052
bg_fungi,66.186541,29.653298,2021.0,2021,0.25690723458925885
bg_fungi,66.185569,29.650819,2021.0,2021,0.3058033535877864
bg_fungi,66.185879,29.650563,2021.0,2021,0.3175596594810486
bg_fungi,66.188126,29.647244,2021.0,2021,0.2526240522662799
bg_fungi,66.187816,29.653298,2021.0,2021,0.20294899493455887
bg_fungi,66.187475,29.651174,2021.0,2021,0.20047743866840997
bg_fungi,66.187326,29.654135,2021.0,2021,0.19885778178771338
bg_fungi,66.194712,29.690171,2021.0,2021,0.15681942800680795
bg_fungi,66.194499,29.689993,2021.0,2021,0.28470813234647113
bg_fungi,66.194537,29.690442,2021.0,2021,0.21432731797297797
bg_fungi,66.194536,29.690486,2021.0,2021,0.21432731797297797
bg_fungi,66.194453,29.69061,2021.0,2021,0.2994953493277232
bg_fungi,66.194187,29.690404,2021.0,2021,0.3922555943330129
bg_fungi,66.194134,29.690332,2021.0,2021,0.3922555943330129
bg_fungi,66.194146,29.6912,2021.0,2021,0.37613890568415326
bg_fungi,66.193653,29.693769,2021.0,2021,0.13180544475714365
bg_fungi,66.193536,29.693779,2021.0,2021,0.12958982835213342
bg_fungi,66.193507,29.693909,2021.0,2021,0.12958982835213342
bg_fungi,66.193936,29.693999,2021.0,2021,0.3592796325683594
bg_fungi,66.19362,29.695121,2021.0,2021,0.3670755724112193
bg_fungi,66.193036,29.698791,2021.0,2021,0.08022312571605046
bg_fungi,66.194092,29.687084,2021.0,2021,0.31857848167419434
bg_fungi,66.193892,29.687262,2021.0,2021,0.3107668111721675
bg_fungi,66.193906,29.687508,2021.0,2021,0.3107668111721675
bg_fungi,66.193856,29.688303,2021.0,2021,0.36244770884513855
bg_fungi,66.192921,29.688914,2021.0,2021,0.3602941334247589
bg_fungi,66.192887,29.686733,2021.0,2021,0.3667589823404948
bg_fungi,66.19325,29.692682,2021.0,2021,0.3238809406757355
bg_fungi,66.19481,29.695403,2021.0,2021,0.09623415271441142
bg_fungi,66.194296,29.692416,2021.0,2021,0.39332176248232525
bg_fungi,66.194498,29.691126,2021.0,2021,0.18699530263741812
bg_fungi,66.193867,29.687637,2021.0,2021,0.3225964705149333
bg_fungi,66.194396,29.691271,2021.0,2021,0.2709283083677292
bg_fungi,66.194407,29.692738,2021.0,2021,0.2478138655424118
bg_fungi,66.194303,29.693527,2021.0,2021,0.2522852023442586
bg_fungi,66.193431,29.693101,2021.0,2021,0.3231067856152852
bg_fungi,66.193431,29.693101,2021.0,2021,0.3231067856152852
bg_fungi,66.192858,29.688352,2021.0,2021,0.35887788732846576
bg_fungi,66.195169,29.696975,2021.0,2021,0.08374989870935678
bg_fungi,66.195084,29.697699,2021.0,2021,0.08513705556591351
bg_fungi,66.193542,29.696046,2021.0,2021,0.25399089852968854
bg_fungi,66.127355,29.300675,2021.0,2021,0.3514973223209381
bg_fungi,66.127302,29.300582,2021.0,2021,0.3514973223209381
bg_fungi,66.127301,29.300072,2021.0,2021,0.31675774852434796
bg_fungi,66.127378,29.299703,2021.0,2021,0.213405874868234
bg_fungi,66.127516,29.298873,2021.0,2021,0.1679825857281685
bg_fungi,66.126579,29.298522,2021.0,2021,0.15837870289882025
bg_fungi,66.126465,29.298911,2021.0,2021,0.27794472873210907
bg_fungi,66.126378,29.299324,2021.0,2021,0.3383671243985494
bg_fungi,66.126807,29.298898,2021.0,2021,0.17347576469182968
bg_fungi,66.126614,29.297374,2021.0,2021,0.18868021791179976
bg_fungi,66.126026,29.295858,2021.0,2021,0.22849837442239126
bg_fungi,66.125878,29.296133,2021.0,2021,0.20700775335232416
bg_fungi,66.125772,29.297253,2021.0,2021,0.2759196162223816
bg_fungi,66.125641,29.296975,2021.0,2021,0.37646738688151044
bg_fungi,66.126007,29.298338,2021.0,2021,0.16364707052707672
bg_fungi,66.130284,29.316053,2021.0,2021,0.10126445970187585
bg_fungi,66.130312,29.316011,2021.0,2021,0.12558128188053766
bg_fungi,66.130389,29.316284,2021.0,2021,0.13355084881186485
bg_fungi,66.130359,29.316436,2021.0,2021,0.12167613829175632
bg_fungi,66.130312,29.316632,2021.0,2021,0.12167613829175632
bg_fungi,66.130372,29.316792,2021.0,2021,0.11983369166652362
bg_fungi,66.130157,29.317947,2021.0,2021,0.16690009335676828
bg_fungi,66.13032,29.319646,2021.0,2021,0.13227863733967146
bg_fungi,66.131758,29.322525,2021.0,2021,0.06656212235490482
bg_fungi,66.131231,29.318798,2021.0,2021,0.05878875575338801
bg_fungi,66.130689,29.316023,2021.0,2021,0.24086537460486093
bg_fungi,66.130467,29.316446,2021.0,2021,0.1396767720580101
bg_fungi,66.13052,29.316518,2021.0,2021,0.1396767720580101
bg_fungi,66.13037,29.315728,2021.0,2021,0.13449312622348467
bg_fungi,66.131931,29.317599,2021.0,2021,0.09756883233785629
bg_fungi,66.130958,29.3172,2021.0,2021,0.19008811935782433
bg_fungi,66.130759,29.3149,2021.0,2021,0.19818452621499696
bg_fungi,66.13076,29.313061,2021.0,2021,0.2993410925070445
bg_fungi,66.130766,29.318667,2021.0,2021,0.20102980732917786
bg_fungi,64.162834,27.884216,2021.0,2021,0.12340893099705379
bg_fungi,64.162743,27.884295,2021.0,2021,0.06730673834681511
bg_fungi,64.162869,27.88434,2021.0,2021,0.12340893099705379
bg_fungi,64.16244,27.885499,2021.0,2021,0.4721178313096364
bg_fungi,64.161711,27.885867,2021.0,2021,0.2026401236653328
bg_fungi,64.161993,27.886616,2021.0,2021,0.1512483830253283
bg_fungi,64.161778,27.886588,2021.0,2021,0.14188219110171
bg_fungi,64.162021,27.888036,2021.0,2021,0.2838805715243022
bg_fungi,64.16226,27.887056,2021.0,2021,0.2058644245068232
bg_fungi,64.162325,27.88675,2021.0,2021,0.2058644245068232
bg_fungi,64.161821,27.887022,2021.0,2021,0.05401600959400336
bg_fungi,64.162262,27.883766,2021.0,2021,0.20330611864725748
bg_fungi,64.161874,27.884165,2021.0,2021,0.2802845338980357
bg_fungi,65.062514,25.4631,2025.0,2023,0.6894172032674154
bg_fungi,60.206253,24.954937,2025.0,2023,0.37498149275779724
bg_fungi,59.951986,21.762707,2025.0,2023,0.6775587399800619
bg_fungi,61.554268,21.579385,2025.0,2023,0.4541093707084656
bg_fungi,65.065047,25.456438,2025.0,2023,0.33174759646256763
bg_fungi,60.290225,24.762057,2025.0,2023,0.136431273072958
bg_fungi,61.7131,24.929293,2025.0,2023,0.17963965982198715
bg_fungi,59.956537,21.772404,2025.0,2023,0.3394022087256114
bg_fungi,60.589405,24.620358,2025.0,2023,0.037526498548686504
bg_fungi,59.963517,21.769485,2025.0,2023,0.5637854834397634
bg_fungi,65.057836,25.460339,2025.0,2023,0.5363172590732574
bg_fungi,65.065492,25.457663,2025.0,2023,0.2699401030937831
bg_fungi,63.291425,21.771226,2025.0,2023,0.5188779731591543
bg_fungi,65.06163,25.461773,2025.0,2023,0.5361938774585724
bg_fungi,65.064534,25.464007,2025.0,2023,0.17510350669423738
bg_fungi,65.123481,25.48705,2025.0,2023,0.2468099221587181
bg_fungi,59.955529,21.777477,2025.0,2023,0.3787377675374349
bg_fungi,60.404391,22.467449,2025.0,2023,0.29867584506670636
bg_fungi,60.188683,24.811428,2025.0,2023,0.24569631616274515
bg_fungi,65.0654,25.457737,2025.0,2023,0.2699401030937831
bg_fungi,62.175519,25.426719,2025.0,2023,0.14485508451859155
bg_fungi,62.175519,25.426719,2025.0,2023,0.14485508451859155
bg_fungi,59.955983,21.777144,2025.0,2023,0.3534663145740827
bg_fungi,60.140797,24.201562,2025.0,2023,0.1631093497077624
bg_fungi,60.440619,22.37152,2025.0,2023,0.08815241853396098
bg_fungi,65.065171,25.457653,2025.0,2023,0.3083808322747548
bg_fungi,63.291215,21.77177,2025.0,2023,0.3916046619415283
bg_fungi,65.056281,25.460929,2025.0,2023,0.22180137659112611
bg_fungi,61.465616,23.737988,2025.0,2023,0.05042472667992115
bg_fungi,60.141414,24.202558,2025.0,2023,0.047250088304281235
bg_fungi,59.966842,21.775851,2025.0,2023,0.33936410148938495
bg_fungi,65.062488,25.463414,2025.0,2023,0.7073696057001749
bg_fungi,60.142553,24.202313,2025.0,2023,0.1828079620997111
bg_fungi,62.727915,29.623627,2025.0,2023,0.21520724395910898
bg_fungi,61.933555,25.981551,2025.0,2023,0.6011276642481486
bg_fungi,62.175519,25.426719,2025.0,2023,0.14485508451859155
bg_fungi,60.141953,24.20053,2025.0,2023,0.3002629578113556
bg_fungi,60.210678,24.85295,2025.0,2023,0.15812583764394125
bg_fungi,61.522795,21.756706,2025.0,2023,0.20766057074069977
bg_fungi,62.734428,29.609545,2025.0,2023,0.23438125724593797
bg_fungi,62.175519,25.426719,2025.0,2023,0.14485508451859155
bg_fungi,62.727752,29.623438,2025.0,2023,0.17446845273176828
bg_fungi,60.209863,24.852112,2025.0,2023,0.1720338761806488
bg_fungi,65.058265,25.46109,2025.0,2023,0.6336144208908081
bg_fungi,65.065464,25.458328,2025.0,2023,0.29141274094581604
bg_fungi,59.954922,21.757192,2025.0,2023,0.16818192849556604
bg_fungi,61.522795,21.756706,2025.0,2023,0.20766057074069977
bg_fungi,62.175519,25.426719,2025.0,2023,0.14485508451859155
bg_fungi,62.7279,29.62432,2025.0,2023,0.47405050198237103
bg_fungi,59.955569,21.777496,2025.0,2023,0.3787377675374349
bg_fungi,65.065117,25.45792,2025.0,2023,0.27523745596408844
bg_fungi,63.291191,21.771569,2025.0,2023,0.47384293874104816
bg_fungi,59.966784,21.773667,2025.0,2023,0.3531697889169057
bg_fungi,65.061595,25.461881,2025.0,2023,0.5361938774585724
bg_fungi,61.520347,23.519657,2025.0,2023,0.447992871205012
bg_fungi,62.727752,29.623438,2025.0,2023,0.17446845273176828
bg_fungi,65.06385,25.463696,2025.0,2023,0.3353607952594757
bg_fungi,61.522795,21.756706,2025.0,2023,0.20766057074069977
bg_fungi,65.064428,25.464054,2025.0,2023,0.17510350669423738
bg_fungi,65.061655,25.461928,2025.0,2023,0.5361938774585724
bg_fungi,60.141525,24.202605,2025.0,2023,0.047250088304281235
bg_fungi,60.18906,24.811293,2025.0,2023,0.22287324567635855
bg_fungi,61.934137,25.980732,2025.0,2023,0.5516812205314636
bg_fungi,65.065011,25.456567,2025.0,2023,0.33174759646256763
bg_fungi,65.065103,25.457572,2025.0,2023,0.3083808322747548
bg_fungi,65.065606,25.457767,2025.0,2023,0.3985196153322856
bg_fungi,60.203167,24.958261,2025.0,2023,0.12096638387689988
bg_fungi,65.065178,25.457675,2025.0,2023,0.3083808322747548
bg_fungi,59.965548,21.771785,2025.0,2023,0.49530694882074994
bg_fungi,59.966418,21.775521,2025.0,2023,0.5928466518719991
bg_fungi,61.934139,25.98081,2025.0,2023,0.5516812205314636
bg_fungi,59.95221,21.763948,2025.0,2023,0.46301103631655377
bg_fungi,62.727575,29.624467,2025.0,2023,0.137168621023496
bg_fungi,65.061571,25.461945,2025.0,2023,0.5361938774585724
bg_fungi,59.955226,21.756969,2025.0,2023,0.3605310320854187
bg_fungi,62.727896,29.624262,2025.0,2023,0.47405050198237103
bg_fungi,61.114584,23.801048,2025.0,2023,0.024594800546765327
bg_fungi,65.062249,25.463146,2025.0,2023,0.7165322701136271
bg_fungi,60.140908,24.201612,2025.0,2023,0.1950268323222796
bg_fungi,60.073875,23.653557,2025.0,2023,0.4802403549353282
bg_fungi,59.956695,21.768437,2025.0,2023,0.397693395614624
bg_fungi,59.955233,21.756959,2025.0,2023,0.3605310320854187
bg_fungi,65.061723,25.463316,2025.0,2023,0.8119269410769144
bg_fungi,65.056809,25.462381,2025.0,2023,0.21734792739152908
bg_fungi,62.576516,26.761038,2025.0,2023,0.3290398915608724
bg_fungi,61.951212,25.13568,2025.0,2023,0.14467117687066397
bg_fungi,60.283717,24.502957,2025.0,2023,0.2410362313191096
bg_fungi,60.288585,24.501904,2025.0,2023,0.05279178855319818
bg_fungi,60.259597,24.618192,2025.0,2023,0.2236094723145167
bg_fungi,61.95182,25.136117,2025.0,2023,0.23668511460224786
bg_fungi,60.259876,24.613474,2025.0,2023,0.2995215505361557
bg_fungi,60.259247,24.61531,2025.0,2023,0.32548844814300537
bg_fungi,60.306699,24.511227,2025.0,2023,0.12387441098690033
bg_fungi,65.031845,24.569247,2025.0,2023,0.8049667874972025
bg_fungi,60.306684,24.506279,2025.0,2023,0.07553301006555557
bg_fungi,66.366737,29.320342,2025.0,2023,0.39699889222780865
bg_fungi,60.453074,25.088449,2025.0,2023,0.20139343788226446
bg_fungi,61.950475,25.131413,2025.0,2023,0.2243506908416748
bg_fungi,62.637528,29.384913,2025.0,2023,0.8623376290003458
bg_fungi,61.073047,28.204807,2025.0,2023,0.18961545328299204
bg_fungi,60.25755,24.605022,2025.0,2023,0.06446157023310661
bg_fungi,60.267011,24.615597,2025.0,2023,0.472914179166158
bg_fungi,67.066733,27.229697,2025.0,2023,0.2714150796333949
bg_fungi,60.258975,24.606858,2025.0,2023,0.0783267393708229
bg_fungi,60.2575,24.604781,2025.0,2023,0.07242568582296371
bg_fungi,61.998455,24.956933,2025.0,2023,0.1616997110346953
bg_fungi,60.259793,24.612443,2025.0,2023,0.30432287851969403
bg_fungi,60.294917,24.561885,2025.0,2023,0.24296943843364716
bg_fungi,60.258182,24.606158,2025.0,2023,0.1148205225666364
bg_fungi,66.269012,29.404928,2025.0,2023,0.5534090201059977
bg_fungi,60.288484,24.501613,2025.0,2023,0.05038702301681042
bg_fungi,60.261687,24.624995,2025.0,2023,0.5398430426915487
bg_fungi,62.214295,28.919884,2025.0,2023,0.17222680896520615
bg_fungi,61.952972,25.135036,2025.0,2023,0.1289701039592425
bg_fungi,67.146111,26.930652,2025.0,2023,0.6451403498649597
bg_fungi,61.9619,22.586579,2025.0,2023,0.3623604973157247
bg_fungi,60.293633,24.564265,2025.0,2023,0.5494227806727091
bg_fungi,61.945275,25.120108,2025.0,2023,0.8999521533648173
bg_fungi,61.951767,25.136239,2025.0,2023,0.23668511460224786
bg_fungi,60.25948,24.618218,2025.0,2023,0.2236094723145167
bg_fungi,60.259077,24.606825,2025.0,2023,0.1078207107881705
bg_fungi,61.953445,25.14008,2025.0,2023,0.15100697676340738
bg_fungi,61.952258,25.141136,2025.0,2023,0.638679305712382
bg_fungi,60.284216,24.50171,2025.0,2023,0.22019443909327188
bg_fungi,60.943026,25.745484,2025.0,2023,0.21011978884538016
bg_fungi,60.446712,25.166785,2025.0,2023,0.09754402252535026
bg_fungi,60.446208,25.166686,2025.0,2023,0.17442580436666807
bg_fungi,60.445872,25.167759,2025.0,2023,0.17730377614498138
bg_fungi,60.445107,25.168275,2025.0,2023,0.1779808426896731
bg_fungi,60.445096,25.168166,2025.0,2023,0.16926813373963037
bg_fungi,60.445347,25.166789,2025.0,2023,0.16951362291971842
bg_fungi,60.445187,25.168216,2025.0,2023,0.1779808426896731
bg_fungi,60.445075,25.168586,2025.0,2023,0.20627654840548834
bg_fungi,60.445392,25.168731,2025.0,2023,0.2021528755625089
bg_fungi,60.445448,25.167638,2025.0,2023,0.16298549001415572
bg_fungi,60.446224,25.16594,2025.0,2023,0.13595445764561495
bg_fungi,60.446208,25.166686,2025.0,2023,0.17442580436666807
bg_fungi,60.445872,25.167741,2025.0,2023,0.17730377614498138
bg_fungi,60.446555,25.167103,2025.0,2023,0.10313695886482795
bg_fungi,60.446433,25.166055,2025.0,2023,0.13266799847284952
bg_fungi,60.245564,24.743209,2025.0,2023,0.18004912013808885
bg_fungi,64.397587,24.320541,2025.0,2023,0.5902309815088908
bg_fungi,60.476028,23.077464,2025.0,2023,0.33459728459517163
bg_fungi,61.216251,25.134927,2025.0,2023,0.38234882056713104
bg_fungi,61.105328,24.990368,2025.0,2023,0.1927387329439322
bg_fungi,61.195656,25.10778,2025.0,2023,0.26501809308926266
bg_fungi,60.290045,24.597328,2025.0,2023,0.06785694509744644
bg_fungi,65.153073,25.428891,2025.0,2023,0.2992352743943532
bg_fungi,60.476028,23.077464,2025.0,2023,0.33459728459517163
bg_fungi,60.467862,22.3298,2025.0,2023,0.08433702029287815
bg_fungi,61.10544,24.990647,2025.0,2023,0.21775934472680092
bg_fungi,61.681283,23.437689,2025.0,2023,0.10705699771642685
bg_fungi,60.476028,23.077464,2025.0,2023,0.33459728459517163
bg_fungi,60.903027,25.239995,2025.0,2023,0.18887990713119507
bg_fungi,61.681368,23.435956,2025.0,2023,0.14184890873730183
bg_fungi,60.468385,22.331525,2025.0,2023,0.024167017157499988
bg_fungi,61.054043,25.039895,2025.0,2023,0.4738411108652751
bg_fungi,61.216251,25.134927,2025.0,2023,0.38234882056713104
bg_fungi,60.25281,25.03524,2025.0,2023,0.1315743513405323
bg_fungi,65.153073,25.428891,2025.0,2023,0.2992352743943532
bg_fungi,60.095355,22.867689,2025.0,2023,0.45041046539942425
bg_fungi,61.670847,23.145544,2025.0,2023,0.008452847813411305
bg_fungi,60.094968,22.868016,2025.0,2023,0.5302683015664419
bg_fungi,61.681043,23.436783,2025.0,2023,0.10359780862927437
bg_fungi,65.153073,25.428891,2025.0,2023,0.2992352743943532
bg_fungi,59.909558,23.210532,2025.0,2023,0.9147824048995972
bg_fungi,65.153073,25.428891,2025.0,2023,0.2992352743943532
bg_fungi,60.619729,23.509052,2025.0,2023,0.2768208533525467
bg_fungi,61.195656,25.10778,2025.0,2023,0.26501809308926266
bg_fungi,66.663474,27.493578,2025.0,2023,0.4035043517748515
bg_fungi,65.15712,25.433912,2025.0,2023,0.3206709523995717
bg_fungi,59.909563,23.210531,2025.0,2023,0.9147824048995972
bg_fungi,61.088846,25.00829,2025.0,2023,0.4002654701471329
bg_fungi,60.903027,25.239995,2025.0,2023,0.18887990713119507
bg_fungi,66.16966,25.92106,2025.0,2023,0.7603588898976644
bg_fungi,61.105617,24.99046,2025.0,2023,0.22955320154627165
bg_fungi,61.089861,25.006529,2025.0,2023,0.44748268524805707
bg_fungi,60.447114,23.070497,2025.0,2023,0.5271501243114471
bg_fungi,66.53979,25.50625,2025.0,2023,0.538683295249939
bg_fungi,61.216251,25.134927,2025.0,2023,0.38234882056713104
bg_fungi,61.013858,25.591314,2025.0,2023,0.056579104624688625
bg_fungi,61.091723,25.001998,2025.0,2023,0.5446425278981527
bg_fungi,66.393608,26.867362,2025.0,2023,0.3457186371088028
bg_fungi,61.216251,25.134927,2025.0,2023,0.38234882056713104
bg_fungi,61.105812,24.989897,2025.0,2023,0.2621721588075161
bg_fungi,61.055007,25.052928,2025.0,2023,0.055246731460404895
bg_fungi,61.013858,25.591314,2025.0,2023,0.056579104624688625
bg_fungi,61.216251,25.134927,2025.0,2023,0.38234882056713104
bg_fungi,60.238664,24.729751,2025.0,2023,0.10634514192740123
bg_fungi,60.289775,24.598187,2025.0,2023,0.07873986040552457
bg_fungi,61.091473,25.002383,2025.0,2023,0.49041395386060077
bg_fungi,60.476028,23.077464,2025.0,2023,0.33459728459517163
bg_fungi,61.106213,24.989522,2025.0,2023,0.34689663350582123
bg_fungi,66.16444,25.8997,2025.0,2023,0.5189206798871359
bg_fungi,61.681908,23.435407,2025.0,2023,0.1108646597713232
bg_fungi,60.468555,22.331536,2025.0,2023,0.01900908040503661
bg_fungi,61.013858,25.591314,2025.0,2023,0.056579104624688625
bg_fungi,61.216251,25.134927,2025.0,2023,0.38234881063302356
bg_fungi,61.055673,25.052997,2025.0,2023,0.08685390891817708
bg_fungi,59.90984,23.210262,2025.0,2023,0.9066218137741089
bg_fungi,60.447136,23.07081,2025.0,2023,0.4506252904733022
bg_fungi,60.447121,23.070726,2025.0,2023,0.5271501243114471
bg_fungi,61.444547,23.708915,2025.0,2023,0.1556482563416163
bg_fungi,66.17018,25.7361,2025.0,2023,0.5050096909205118
bg_fungi,60.447378,23.06918,2025.0,2023,0.3915889064470927
bg_fungi,60.289647,24.598303,2025.0,2023,0.06853398804863294
bg_fungi,60.709471,24.430461,2025.0,2023,0.49446436762809753
bg_fungi,66.17018,25.7361,2025.0,2023,0.5050096909205118
bg_fungi,60.246702,24.741002,2025.0,2023,0.05046996412177881
bg_fungi,60.287989,24.608785,2025.0,2023,0.3301295191049576
bg_fungi,61.681849,23.435162,2025.0,2023,0.11415406006077926
bg_fungi,66.59603,25.67062,2025.0,2023,0.4608280460039775
bg_fungi,60.095355,22.867689,2025.0,2023,0.45041046539942425
bg_fungi,60.447136,23.07081,2025.0,2023,0.4506252904733022
bg_fungi,61.670809,23.145412,2025.0,2023,0.008951208825844029
bg_fungi,61.055035,25.053793,2025.0,2023,0.04043847894354258
bg_fungi,61.105739,24.988632,2025.0,2023,0.31907278796037036
bg_fungi,66.184065,29.642133,2021.0,2021,0.44435542821884155
bg_fungi,66.1842,29.641614,2021.0,2021,0.3673917551835378
bg_fungi,66.184346,29.641474,2021.0,2021,0.3881107171376546
bg_fungi,66.184303,29.638716,2021.0,2021,0.4189091424147288
bg_fungi,66.184003,29.641016,2021.0,2021,0.458250234524409
