tree
version=v4
num_class=1
num_tree_per_iteration=1
label_index=0
max_feature_idx=62
objective=binary sigmoid:1
feature_names=Column_0 Column_1 Column_2 Column_3 Column_4 Column_5 Column_6 Column_7 Column_8 Column_9 Column_10 Column_11 Column_12 Column_13 Column_14 Column_15 Column_16 Column_17 Column_18 Column_19 Column_20 Column_21 Column_22 Column_23 Column_24 Column_25 Column_26 Column_27 Column_28 Column_29 Column_30 Column_31 Column_32 Column_33 Column_34 Column_35 Column_36 Column_37 Column_38 Column_39 Column_40 Column_41 Column_42 Column_43 Column_44 Column_45 Column_46 Column_47 Column_48 Column_49 Column_50 Column_51 Column_52 Column_53 Column_54 Column_55 Column_56 Column_57 Column_58 Column_59 Column_60 Column_61 Column_62
feature_infos=[-1.6329847159399533:4.0165660797538729] [-1.1935389018152593:5.5882262342247913] [-0.65000339796109097:6.3305032169556448] [-0.7527238334990074:7.1193655981084731] [-1.3712644055131786:4.7062296343947905] [-1.9369145944078419:2.5497577768784208] [-2.3808199103666157:1.9742428394050229] [-2.201873748460474:2.726970306258766] [-2.2447991545235535:2.7994981344817726] [-1.4581389229352617:1.5090197286770395] [-0.99424717735239643:2.7679967899873152] [-0.85399115912742996:4.5405852623188361] [-0.48065220752808108:26.749519082536274] [-0.115080315005856:8.801991769830229] [-0.40217128097645394:2.5041624093360531] [-1.007722885713656:1.0045212039704261] [-0.59797758437576132:1.6986115500234873] [-0.25718795686960472:3.9961279596084469] none [-0.13610641900696424:7.4682466457506553] none none [-2.1140283398429736:0.47793532947943956] [-0.1788608749820815:5.6339935726065251] [-0.37253690146185747:2.7145520459324244] [-0.1855426480048957:5.4462566343247412] [-1.8190429722044097:4.306319314130171] [-1.4730068970010806:4.2533514224497182] [-0.72808934958605664:6.1948024886065953] [-2.5842605250945354:1.9326021402233886] [-2.1135789998155987:2.4888574229861367] [-2.0137423023520347:4.7859580116005098] [-1.7601905948560845:4.0511534711108128] [-0.8176428603411845:7.0691857789351298] [-2.7715367604728653:1.9983251590045055] [-2.3221770775077086:2.6924746221277567] [-1.0273602650065172:2.1086045637870385] [-2.515015438978478:4.0555408282542125] [-0.26496772615515057:23.525344561998963] [-1.5423253817150857:5.4253327775411284] [-0.87964177241332242:8.1627540024446628] [-1.4303491021976937:1.3698089431919185] [-1.4208120294255775:1.4842672132184478] [-8.2397547413793397:7.2963186183776516] [-7.3025576360497864:7.763499548727685] [-1.0039169895222344:7.2128870667159743] [-0.36457254738376993:2.787374881849924] [-0.86231017061990656:1.1683375101560807] [-0.21488834230350132:4.6612904102732484] [-0.58656646735663209:1.7155090054826314] [-0.41420038999446684:2.4331431475231149] [-0.12576185076370144:8.0675660965075746] none [-0.37963958727649155:2.9725716871419552] [-0.41379480699587257:3.4559494392234607] [-0.26794974025706325:3.8393090161003101] [-0.21200975160859672:4.8049823468617223] [-0.17645270941501004:5.725499144838115] none [-2.5262750085977954:0.40237884064710377] [-0.30938309663561425:4.9677583060998858] [-2.5076095965807523:1.6644238033058534] [-7.5958575338262939:2.5005999718367766]
tree_sizes=891 892 892 891 899 890 895 898 897 892 898 889 895 887 897 898 893 885 894 898 895 887 904 894 897 887 889 897 891 902 897 897 903 897 896 896 892 894 892 894 896 897 895 900 891 893 892 899 901 895 898 896 890 894 898 900 893 896 891 892 895 899 894 892 894 895 893 888 898 898 898 897 900 900 897 901 899 906 899 900 895 900 899 899 899 893 903 899 906 894 901 907 899 899 899 898 897 900 899 906 906 908 898 904 910 907 896 907 898 903 905 901 900 909 905 898 904 910 903 900 908 907 905 902 903 911 911 911 902 903 900 907 903 904 906 904 908 900 899 908 909 904 906 905 905 901 909 909 905 906 915 906 914 905 908 909 909 902 903 906 900 904 903 909 898 908 902 905 909 905 909 905 908 912 906 915 911 907 908 901 907 910 913 909 908 904 895 908 910 915 910 903 912 909 910 906 912 908 907 902 908 901 908 908 906 907 910 905 905 907 907 907 910 907 903 903 906 910 904 910 912 904 905 908 904 908 909 907 908 913 909 906 909 909 904 907 911 909 910 915 912 909 916 903 907 908 907 906 912 903 906 912 911 908 904 910 910 907 911 903 903 915 911 902 905 907 907 907 907 905 901 910 913 912 908 912 903 911 913 910 909 908 911 905 910 908 909 908 903 914 908 908 909 911 908 902 912 911 913 914

Tree=0
num_leaves=7
num_cat=0
split_feature=53 36 44 9 12 54
split_gain=46.6866 7.98524 5.99765 5.62101 3.34695 2.17122
threshold=-0.37550111484765819 -0.23853967197178619 0.48382791083820875 -0.68344769052752297 0.20643778117919762 -0.39567434258852591
decision_type=2 2 2 2 2 2
left_child=1 -1 4 -2 5 -3
right_child=3 2 -4 -5 -6 -7
leaf_value=-0.06165106436936018 -0.015104615844103475 -0.050716978323452316 0.025416939728662678 0.066864578482693879 0.014225330664433199 0.0082703172001574281
leaf_weight=12.906588025391104 1.2405154975131178 6.029487048275767 5.4518118761479846 16.806485861539841 1.8588191289454696 0.97154261730611313
leaf_count=1830 151 901 284 380 111 59
internal_value=0.00286909 -0.037124 -0.00815435 0.0598803 -0.0300159 -0.0425059
internal_weight=45.2653 27.2182 14.3117 18.047 8.85985 7.00103
internal_count=3716 3185 1355 531 1071 960
is_linear=0
shrinkage=1


Tree=1
num_leaves=7
num_cat=0
split_feature=53 44 9 34 62 12
split_gain=48.4416 6.0369 5.10532 4.08954 2.09078 1.86307
threshold=-0.27617693850284059 0.44208319427675452 -0.68344769052752297 0.25376079869290757 -1.8561433177733615 1.2733226290244544
decision_type=2 2 2 2 2 2
left_child=1 4 -2 -3 -1 -6
right_child=2 3 -4 -5 5 -7
leaf_value=0.003350372648768701 -0.014656502624040417 0.01848191950468607 0.063444375235819292 -0.03537003085333449 -0.065105245800974418 0.0048863746151318341
leaf_weight=0.97747386666015401 1.2290420839563037 5.2135068881325406 16.235086411703378 3.2706798319704831 15.927982771769166 0.57832678686827499
leaf_count=79 149 315 374 435 2361 40
internal_value=-0.00243619 -0.0438931 0.0566052 -0.00609471 -0.0586562 -0.0622786
internal_weight=43.4321 25.968 17.4641 8.48419 17.4838 16.5063
internal_count=3753 3230 523 750 2480 2401
is_linear=0
shrinkage=0.05


Tree=2
num_leaves=7
num_cat=0
split_feature=60 29 6 44 4 27
split_gain=44.1982 6.86598 3.61482 3.65914 2.2653 1.46134
threshold=-0.30773570501821523 0.49040759987014765 -0.24913130126786623 0.29672231389950959 -0.15473024931354257 2.9979534192580073
decision_type=2 2 2 2 2 2
left_child=2 -2 3 4 -1 -4
right_child=1 -3 5 -5 -6 -7
leaf_value=-0.044731448162412625 0.062446498794622718 -0.013314824613112897 -0.063029645460253858 0.014159738071505279 0.013140384425505698 0.0059808066277784473
leaf_weight=5.0373753025196493 14.849589709658177 2.4711151681840411 13.951547187287357 4.2213425897061825 0.70225052675232458 0.2870160127058633
leaf_count=754 331 251 2055 272 24 7
internal_value=-0.00484309 0.0512678 -0.0462292 -0.0160962 -0.0355707 -0.0608398
internal_weight=41.5202 17.3207 24.1995 9.96097 5.73963 14.2386
internal_count=3694 582 3112 1050 778 2062
is_linear=0
shrinkage=0.05


Tree=3
num_leaves=7
num_cat=0
split_feature=60 34 29 32 32 40
split_gain=32.8683 6.45027 5.00432 3.05793 2.77141 2.97164
threshold=-0.30773570501821523 0.45078563193551696 -1.2137401571448003 -1.0700615986112665 0.48217059574272031 0.40320132594264652
decision_type=2 2 2 2 2 2
left_child=2 -2 3 -1 -4 -6
right_child=1 -3 4 -5 5 -7
leaf_value=-0.027435362029047873 0.060825298533692868 -0.010706028853676343 -0.054539292000779074 0.027326401414707886 -0.030973755513936836 0.016104622329342073
leaf_weight=1.2383104898035524 14.803471344523134 2.8467434807680538 13.415103072766216 3.7387194395996657 4.9518092544749361 3.3368157125078142
leaf_count=215 321 273 1905 172 645 204
internal_value=0.00102804 0.049409 -0.0327366 0.0085076 -0.0420792 -0.0127779
internal_weight=44.331 17.6502 26.6808 4.97703 21.7037 8.28862
internal_count=3735 594 3141 387 2754 849
is_linear=0
shrinkage=0.05


Tree=4
num_leaves=7
num_cat=0
split_feature=53 36 49 33 34 1
split_gain=35.2965 6.95842 5.57879 5.28535 4.25493 2.90069
threshold=-0.27617693850284059 -0.23853967197178619 -0.3563589200727057 0.31567638527520453 -1.6044686208732959 -0.59030195593708856
decision_type=2 2 2 2 2 2
left_child=1 -1 4 5 -3 -2
right_child=3 2 -4 -5 -6 -7
leaf_value=-0.059349185266439564 -0.0040953839132962843 0.013887882908847168 0.023511610445197867 -0.017992402941987597 -0.047552600756741212 0.063468558157271524
leaf_weight=12.152457879856231 1.3630228261463351 2.5156575338914982 5.6069220486097029 1.2277363943867374 5.8087831283919504 14.414306599646807
leaf_count=1808 122 159 322 151 889 247
internal_value=-0.000604867 -0.0357313 -0.00826379 0.0505535 -0.0302249 0.0579099
internal_weight=43.0889 26.0838 13.9314 17.0051 8.32444 15.7773
internal_count=3698 3178 1370 520 1048 369
is_linear=0
shrinkage=0.05


Tree=5
num_leaves=7
num_cat=0
split_feature=53 16 33 22 43 1
split_gain=28.2804 9.3126 5.98554 2.7895 2.1745 1.91741
threshold=-0.37550111484765819 -0.36831867093583637 -0.16605807570831313 -1.7900328811776716 1.0439436272458804 -0.59030195593708856
decision_type=2 2 2 2 2 2
left_child=1 4 5 -3 -1 -2
right_child=2 3 -4 -5 -6 -7
leaf_value=-0.054530919839781977 -0.0009744150220544446 -0.027130147154830371 -0.017833638558960006 0.021189726422259018 -0.0024394865541511883 0.061441342219692267
leaf_weight=15.417202439624822 1.2301503531634814 1.2941030343063173 1.7259131791070093 7.85345865273848 2.5728184375911942 13.374348262790591
leaf_count=2241 101 227 199 514 231 214
internal_value=0.000284931 -0.0300097 0.0474723 0.00934197 -0.0484946 0.0569139
internal_weight=43.468 27.1376 16.3304 9.14756 17.99 14.6045
internal_count=3727 3213 514 741 2472 315
is_linear=0
shrinkage=0.05


Tree=6
num_leaves=7
num_cat=0
split_feature=53 6 49 43 33 32
split_gain=31.8115 6.64314 3.81887 4.43639 3.71905 1.93697
threshold=-0.27617693850284059 -0.24913130126786623 -0.3563589200727057 0.31556489269392779 0.31567638527520453 2.0884217587520411
decision_type=2 2 2 2 2 2
left_child=1 2 3 -1 -2 -3
right_child=4 5 -4 -5 -6 -7
leaf_value=-0.039400518264180222 0.05594905378464185 -0.054482436874630086 0.028945312671361835 0.019733815556856452 -0.0094336157278929588 0.0063346519151299355
leaf_weight=5.3372220760211366 16.054507607128475 13.926430027466264 3.5380378193221977 2.8019212428480387 1.5653280969709147 0.78479081857949573
leaf_count=782 357 2064 162 146 155 49
internal_value=0.00212824 -0.0314059 -0.00168638 -0.0192112 0.0496131 -0.0507146
internal_weight=44.0082 26.3884 11.6772 8.13914 17.6198 14.7112
internal_count=3715 3203 1090 928 512 2113
is_linear=0
shrinkage=0.05


Tree=7
num_leaves=7
num_cat=0
split_feature=53 29 9 43 30 51
split_gain=32.2031 4.84228 4.46261 3.21867 2.59617 1.5932
threshold=-0.37550111484765819 -0.22340560881047963 -0.68344769052752297 0.31556489269392779 -0.31647229276283967 1.0000000180025095e-35
decision_type=2 2 2 2 2 2
left_child=1 3 -2 4 -1 -3
right_child=2 5 -4 -5 -6 -7
leaf_value=-0.037002512295913746 -0.016960574189621998 -0.055617376025924314 0.053376523867131431 0.019986936442298819 0.014435451278838371 0.0062427233938462771
leaf_weight=5.5130980825051665 1.158782423473897 13.703450360801067 15.961031673941759 3.9577427362091839 1.5915261767804638 0.50369689939543683
leaf_count=798 149 2076 367 220 93 32
internal_value=-0.00165793 -0.0359677 0.0467966 -0.00779821 -0.024615 -0.0527182
internal_weight=42.3893 25.2695 17.1198 11.0624 7.10462 14.2071
internal_count=3735 3219 516 1111 891 2108
is_linear=0
shrinkage=0.05


Tree=8
num_leaves=7
num_cat=0
split_feature=53 6 9 27 44 62
split_gain=26.6629 5.87804 3.89521 3.37978 2.93446 1.93151
threshold=-0.27617693850284059 -0.24913130126786623 -0.68344769052752297 -0.93316594398209218 1.2030926099830064 1.5271321249121084
decision_type=2 2 2 2 2 2
left_child=1 3 -2 -1 5 -3
right_child=2 4 -4 -5 -6 -7
leaf_value=-0.031578667808162007 -0.014093782785714408 -0.058794919440155351 0.052998801732808569 0.014990070487877536 0.0015512479494429585 0.0024584384724211554
leaf_weight=2.6977712605148545 1.1944070621393645 10.821622266434131 16.732087233569473 9.3234456051141041 2.6824592775665215 1.1605319101363409
leaf_count=421 143 1761 369 680 234 110
internal_value=0.00415576 -0.0265715 0.0471489 0.000319634 -0.0449259 -0.0535579
internal_weight=44.6123 26.6858 17.9265 12.0212 14.6646 11.9822
internal_count=3718 3206 512 1101 2105 1871
is_linear=0
shrinkage=0.05


Tree=9
num_leaves=7
num_cat=0
split_feature=60 36 34 49 44 62
split_gain=17.4235 5.93312 5.50959 4.59552 2.97513 2.10287
threshold=-0.30773570501821523 -0.20465557199667186 0.45078563193551696 -0.3563589200727057 0.29672231389950959 1.5271321249121084
decision_type=2 2 2 2 2 2
left_child=1 5 -2 4 -3 -1
right_child=2 3 -4 -5 -6 -7
leaf_value=-0.05435365453256269 0.047800510312850028 -0.038310115133210774 -0.018093642243385579 0.026566358254268552 0.01211397682703963 0.0056620339917718221
leaf_weight=11.134683331940321 12.024895496200768 5.5378477731719595 2.321070658043026 5.0483896024525174 2.6963665224611759 1.0346689205616719
leaf_count=1756 303 837 260 276 171 88
internal_value=-0.00392007 -0.0277552 0.0358539 -0.00271848 -0.0229727 -0.0491403
internal_weight=39.7979 25.452 14.346 13.2826 8.23421 12.1694
internal_count=3691 3128 563 1284 1008 1844
is_linear=0
shrinkage=0.05


Tree=10
num_leaves=7
num_cat=0
split_feature=53 16 12 44 28 16
split_gain=21.5317 4.00316 3.26356 3.60708 2.80955 1.93131
threshold=-0.37550111484765819 -0.36831867093583637 0.81937059812264501 1.9432244532295948 -0.40137652201277857 1.4689526365835628
decision_type=2 2 2 2 2 2
left_child=1 2 3 -1 -2 -3
right_child=4 5 -4 -5 -6 -7
leaf_value=-0.053832941759574718 0.049271093660948936 0.029572268734809518 0.013176628081729617 0.0094599019578432003 -0.00043749395302631949 -0.011339632894522056
leaf_weight=13.969415077939635 12.538105709478257 1.1017997786402691 1.2941501061432052 1.6598935755901028 3.4148355824872842 6.7374143982306123
leaf_count=2204 270 15 82 110 259 718
internal_value=-0.000896594 -0.0288866 -0.0407986 -0.0466701 0.0402456 0.00100384
internal_weight=40.7156 24.7627 16.9235 15.6293 15.9529 7.83921
internal_count=3658 3129 2396 2314 529 733
is_linear=0
shrinkage=0.05


Tree=11
num_leaves=7
num_cat=0
split_feature=53 36 44 9 49 9
split_gain=22.2213 5.3682 4.3481 4.12996 2.116 1.39534
threshold=-0.27617693850284059 1.0000000180025095e-35 0.29672231389950959 -0.40074952150923726 -0.3563589200727057 1.299321683692473
decision_type=2 2 2 2 2 2
left_child=1 -1 4 -2 -3 -4
right_child=3 2 5 -5 -6 -7
leaf_value=-0.045573694794444286 -0.015496647059039964 -0.035868702589849415 0.031993861972170815 0.049115958424650545 0.012155842758982259 -0.012170943657630835
leaf_weight=13.483419564086946 1.4443921498022998 5.0069753443822247 4.9876228463836014 15.25437985640019 1.5070601697079835 0.59970568632706989
leaf_count=2046 168 775 218 335 96 85
internal_value=0.00123286 -0.0270032 -0.00136873 0.0420183 -0.0244284 0.0246576
internal_weight=42.2836 25.5848 12.1014 16.6988 6.51404 5.58733
internal_count=3723 3220 1174 503 871 303
is_linear=0
shrinkage=0.05


Tree=12
num_leaves=7
num_cat=0
split_feature=60 29 12 32 29 33
split_gain=17.1753 4.99195 4.1024 3.31941 1.93543 1.65144
threshold=-0.30773570501821523 0.32497130027119547 0.18521182790577229 2.0884217587520411 -0.62364431322576597 -0.79952990241975985
decision_type=2 2 2 2 2 2
left_child=2 -2 3 5 -4 -1
right_child=1 -3 4 -5 -6 -7
leaf_value=-0.00065093947622771417 0.04639529910425963 -0.015317421885726577 0.02696522229745494 0.015326593486547333 -0.017790331265519679 -0.046817968855435842
leaf_weight=2.2469214312732282 12.311901538167147 2.5954572092741719 2.8107766378670931 1.3245847839862097 1.4905739952810098 16.384586813859645
leaf_count=212 298 278 130 61 232 2492
internal_value=-0.00339593 0.0348847 -0.0281714 -0.0367955 0.0105186 -0.0421128
internal_weight=39.1648 14.9074 24.2574 19.9561 4.30135 18.6315
internal_count=3703 576 3127 2765 362 2704
is_linear=0
shrinkage=0.05


Tree=13
num_leaves=7
num_cat=0
split_feature=36 22 42 9 47 33
split_gain=16.126 8.72927 4.0622 3.29339 1.47374 1.68244
threshold=-0.55793768978440972 -1.7900328811776716 0.6812960478535327 -0.44976964979778272 0.96527274207848213 -0.73901372808897003
decision_type=2 2 2 2 2 2
left_child=-1 -2 3 -3 -5 -6
right_child=1 2 -4 4 5 -7
leaf_value=-0.0426848035412528 -0.036021960553394718 -0.014664322632256623 -0.0051123256252460962 0.050759838191596518 0.026174538035255365 -0.014930512615738059
leaf_weight=11.141022708732633 3.2487452435307231 1.2269854350015581 5.644411075860261 15.878664322197439 2.7124562915414572 1.8460614052601148
leaf_count=1675 555 176 520 435 110 259
internal_value=0.0022499 0.0209842 0.0306602 0.0394685 0.0441796 0.0102092
internal_weight=41.6983 30.5573 27.3086 21.6642 20.4372 4.55852
internal_count=3730 2055 1500 980 804 369
is_linear=0
shrinkage=0.05


Tree=14
num_leaves=7
num_cat=0
split_feature=54 36 43 9 28 12
split_gain=15.9701 4.85608 4.36925 3.81871 2.17873 2.11098
threshold=-0.0473571150886253 -0.28013824542573268 0.31556489269392779 -0.68344769052752297 -0.40137652201277857 0.34045000253899799
decision_type=2 2 2 2 2 2
left_child=1 -1 5 -2 -5 -3
right_child=3 2 -4 4 -6 -7
leaf_value=-0.04909894675778028 -0.019287769641665745 -0.033993779545267257 0.024586301880624096 0.047025259075907981 -0.0020540043435603264 0.013492950220019643
leaf_weight=10.438854740932584 1.3842560746707029 6.5449875416234136 4.8310102806426585 11.942697818856685 2.3769854083657238 1.3076247586868701
leaf_count=1760 192 978 251 252 188 74
internal_value=-0.00302604 -0.0280848 -0.00470631 0.0324572 0.0399337 -0.0245423
internal_weight=38.8264 23.1225 12.6836 15.7039 14.3197 7.85261
internal_count=3695 3063 1303 632 440 1052
is_linear=0
shrinkage=0.05


Tree=15
num_leaves=7
num_cat=0
split_feature=53 36 49 6 12 1
split_gain=14.3959 4.04357 5.36792 3.04427 2.62891 1.82883
threshold=-0.37550111484765819 -0.55793768978440972 -0.3563589200727057 0.51873502566555441 0.20643778117919762 -0.59030195593708856
decision_type=2 2 2 2 2 2
left_child=1 -1 4 5 -3 -2
right_child=3 2 -4 -5 -6 -7
leaf_value=-0.043887804215063858 -0.0068611476635575515 -0.036838097270104168 0.023622125652235152 -0.0092350095947870969 0.012858583678834202 0.047529653581664222
leaf_weight=8.8005602522753197 0.94385775132104655 7.3438421376049536 6.8916796194389454 2.2222766890190533 1.8909198408946393 12.318799091037361
leaf_count=1485 93 1134 445 208 129 237
internal_value=0.00116131 -0.0215704 -0.00441769 0.0353158 -0.0260044 0.0431072
internal_weight=40.4119 24.927 16.1264 15.4849 9.23476 13.2627
internal_count=3731 3193 1708 538 1263 330
is_linear=0
shrinkage=0.05


Tree=16
num_leaves=7
num_cat=0
split_feature=53 6 43 30 9 62
split_gain=17.0924 4.75691 3.58639 3.10383 2.69842 1.86461
threshold=-0.2485865636087396 -0.24913130126786623 0.31556489269392779 -0.16476637850016565 -0.68344769052752297 1.5271321249121084
decision_type=2 2 2 2 2 2
left_child=1 2 3 -1 -2 -3
right_child=4 5 -4 -5 -6 -7
leaf_value=-0.033831143627883642 -0.012465548963308893 -0.046791533476718959 0.026480373184386431 0.021178796298979188 0.043200192836496544 0.0055329197597723655
leaf_weight=5.3196495436131954 1.1631427761167294 11.805868550203739 4.5012319618836045 1.3460650560446081 14.622191211208698 1.2557649319060153
leaf_count=826 141 1990 211 55 362 125
internal_value=0.00114754 -0.0242402 0.00065057 -0.019597 0.0377628 -0.0416671
internal_weight=40.0139 24.2286 11.1669 6.66571 15.7853 13.0616
internal_count=3710 3207 1092 881 503 2115
is_linear=0
shrinkage=0.05


Tree=17
num_leaves=7
num_cat=0
split_feature=60 34 12 32 6 32
split_gain=15.7859 3.98601 3.00378 3.25571 2.53722 1.26329
threshold=-0.30773570501821523 0.45078563193551696 0.082637542376637188 2.0884217587520411 -0.48751368336062956 1.3246624209339266
decision_type=2 2 2 2 2 2
left_child=2 -2 3 -1 -4 -3
right_child=1 5 4 -5 -6 -7
leaf_value=-0.04150279055965117 0.042934488259229207 -0.028204573630723973 0.02450323425914552 0.015784718643669128 -0.023751017423091041 0.011615440920455416
leaf_weight=16.507973595522351 13.043373487424104 1.2852271716110402 3.2548283035866916 1.2652823762036849 1.887866805307566 1.4203263502568004
leaf_count=2571 329 211 174 54 336 65
internal_value=-0.0020603 0.033031 -0.0272086 -0.0357339 0.00456504 -0.0121844
internal_weight=38.6649 15.7489 22.916 17.7733 5.1427 2.70555
internal_count=3740 605 3135 2625 510 276
is_linear=0
shrinkage=0.05


Tree=18
num_leaves=7
num_cat=0
split_feature=36 22 34 47 4 33
split_gain=12.0273 7.15223 3.36065 2.82984 1.37665 1.20909
threshold=-0.55793768978440972 -1.7900328811776716 0.43246213354190916 0.96527274207848213 -1.0865436455515616 -0.75444086628302542
decision_type=2 2 2 2 2 2
left_child=-1 -2 3 4 -3 -5
right_child=1 2 -4 5 -6 -7
leaf_value=-0.037169088510430465 -0.033276252302461048 -0.0049417306362477542 -0.0095309479573567561 0.017367318003606823 0.047048996732993176 -0.014394167406177341
leaf_weight=10.598053041379897 3.0994014237076071 0.79026074660942214 3.8369533079676321 3.4683150579221609 15.416212142445152 2.6707680709659982
leaf_count=1692 552 78 423 203 416 378
internal_value=0.00244613 0.0189059 0.0278688 0.0346587 0.0441379 0.00336044
internal_weight=39.88 29.2819 26.1825 22.3456 16.2065 6.13908
internal_count=3742 2050 1498 1075 494 581
is_linear=0
shrinkage=0.05


Tree=19
num_leaves=7
num_cat=0
split_feature=16 29 37 24 0 51
split_gain=11.9874 4.4583 3.94285 3.34611 1.32678 0.958558
threshold=-0.36831867093583637 -0.22340560881047963 -0.15923063097065962 2.3286659275081396 -0.80006675278034944 5.3364431252039042
decision_type=2 2 2 2 2 2
left_child=1 2 -1 4 -2 -3
right_child=3 5 -4 -5 -6 -7
leaf_value=-0.024820837939126001 -0.0069646276197337272 -0.041966520757581595 0.027510165046326859 -0.021020195220293664 0.038205838507012951 0.0058457438273456196
leaf_weight=3.7535721510648727 0.86652813060209233 12.288403042592105 4.7711737053468841 1.0849061459302909 14.795324184466152 0.39671012526378113
leaf_count=560 98 1998 208 212 599 32
internal_value=-0.000207464 -0.0237749 0.00400503 0.0287182 0.0349888 -0.0396392
internal_weight=37.9566 21.2099 8.52475 16.7468 15.6619 12.6851
internal_count=3707 2798 768 909 697 2030
is_linear=0
shrinkage=0.05


Tree=20
num_leaves=7
num_cat=0
split_feature=53 40 36 42 1 35
split_gain=10.5735 3.73242 4.81857 2.50526 2.36901 1.67857
threshold=-0.27617693850284059 -0.3739466090575933 -0.55793768978440972 0.6812960478535327 -0.92779575385130741 0.9134351348391071
decision_type=2 2 2 2 2 2
left_child=1 -1 -3 -4 -2 -6
right_child=4 2 3 -5 5 -7
leaf_value=-0.040853352684775773 -0.017221293144743671 -0.031487244950973589 0.027146400263990286 -0.018342421123991044 0.040870004913092874 -0.0067515191119551276
leaf_weight=8.3813746785745025 0.60235736891627389 5.5630985479801867 8.3252170505002159 1.7753665857017029 12.267933703493322 1.2252734596841044
leaf_count=1455 99 969 525 255 299 122
internal_value=0.000454238 -0.019033 -0.00266728 0.0167815 0.0312032 0.0361042
internal_weight=38.1406 24.0451 15.6637 10.1006 14.0956 13.4932
internal_count=3724 3204 1749 780 520 421
is_linear=0
shrinkage=0.05


Tree=21
num_leaves=7
num_cat=0
split_feature=53 34 49 6 32 9
split_gain=11.712 4.5627 3.09809 3.12255 2.82076 2.55355
threshold=-0.37550111484765819 -1.3702570707140562 -0.3563589200727057 0.39266741975111213 -1.0879509973217991 -0.68344769052752297
decision_type=2 2 2 2 2 2
left_child=1 4 -3 -4 -1 -2
right_child=5 2 3 -5 -6 -7
leaf_value=-0.021237609059857443 -0.01414611944499305 -0.044680502035642493 0.018793111114243644 -0.027556209692653391 0.03399926050224468 0.038342884998561637
leaf_weight=1.1422141417860983 1.1278225486166782 10.499820876866579 4.5617649909108877 4.0813737125135958 3.4474404449574676 13.740091420710083
leaf_count=223 148 1890 312 668 107 375
internal_value=0.0014063 -0.0196377 -0.029635 -0.00455433 0.0172916 0.0326547
internal_weight=38.6005 23.7326 19.143 8.64314 4.58965 14.8679
internal_count=3723 3200 2870 980 330 523
is_linear=0
shrinkage=0.05


Tree=22
num_leaves=7
num_cat=0
split_feature=36 22 55 42 0 62
split_gain=9.18657 4.95031 3.45671 1.79095 1.49795 1.34955
threshold=1.0000000180025095e-35 -1.7900328811776716 1.0000000180025095e-35 0.69981592802538828 -0.80006675278034944 1.5271321249121084
decision_type=2 2 2 2 2 2
left_child=2 -2 5 4 -3 -1
right_child=1 3 -4 -5 -6 -7
leaf_value=-0.040390301702923959 -0.026519665392888553 -0.0078830669276209013 0.012140622163939185 -0.0009382856678295361 0.039599522926788561 0.0059958027787857986
leaf_weight=11.895534670446064 2.4446035837754634 0.85137048782781199 3.1463488396257153 3.8664872408844522 13.689468912780281 0.95660961186513382
leaf_count=2060 446 98 164 327 503 104
internal_value=-0.000591938 0.0201117 -0.0264911 0.0291532 0.0359466 -0.0364564
internal_weight=36.8504 20.8519 15.9985 18.4073 14.5408 12.8521
internal_count=3702 1374 2328 928 601 2164
is_linear=0
shrinkage=0.05


Tree=23
num_leaves=7
num_cat=0
split_feature=53 6 9 49 44 62
split_gain=9.90604 3.53041 2.62186 2.22006 1.5003 1.33953
threshold=-0.37550111484765819 -0.24913130126786623 -0.67410056889833336 -0.3563589200727057 0.39416488985510012 1.5271321249121084
decision_type=2 2 2 2 2 2
left_child=1 3 -2 4 -1 -3
right_child=2 5 -4 -5 -6 -7
leaf_value=-0.026063544881481826 -0.016959169033636395 -0.042136871045400426 0.034418630838676675 0.022932616086780502 0.010291322448858621 0.0043587064443665379
leaf_weight=4.8301696432754397 1.092471729032696 10.646357029676436 12.401285195723172 3.4787430949509144 2.425409154035151 1.1517153028398759
leaf_count=760 154 1980 368 169 158 126
internal_value=-0.00245746 -0.0217994 0.0279309 2.38225e-05 -0.0144553 -0.0376345
internal_weight=36.0262 22.5324 13.4938 10.7343 7.25558 11.7981
internal_count=3715 3193 522 1087 918 2106
is_linear=0
shrinkage=0.05


Tree=24
num_leaves=7
num_cat=0
split_feature=60 36 6 40 43 41
split_gain=9.86721 3.4398 2.81393 2.48685 1.4808 1.40251
threshold=-0.30773570501821523 -1.0000000180025095e-35 0.28379085100682117 -0.29481407694394357 0.31556489269392779 0.25732015254885249
decision_type=2 2 2 2 2 2
left_child=1 -1 -2 4 -3 -5
right_child=2 3 -4 5 -6 -7
leaf_value=-0.035041659106515619 0.039578480746717382 -0.029265865217907146 -0.0074385796024348822 -0.0073519245019095002 0.010971562977266668 0.030806566019041023
leaf_weight=10.948396776802838 11.634421242866663 4.0241407076828182 2.9887963654473415 2.2106285160407424 1.5073541915044186 3.9679432166740298
leaf_count=1975 290 669 292 239 82 161
internal_value=0.00164145 -0.0182606 0.0303384 0.00137562 -0.0182986 0.0192133
internal_weight=37.2817 22.6585 14.6232 11.7101 5.53149 6.17857
internal_count=3708 3126 582 1151 751 400
is_linear=0
shrinkage=0.05


Tree=25
num_leaves=7
num_cat=0
split_feature=53 44 34 6 62 60
split_gain=8.52851 3.9787 2.81352 2.28922 1.52439 1.24878
threshold=-0.2485865636087396 0.29672231389950959 0.501276450042204 0.85109507762181102 1.5037832651150229 -0.30334261672897295
decision_type=2 2 2 2 2 2
left_child=1 4 -3 5 -1 -2
right_child=3 2 -4 -5 -6 -7
leaf_value=-0.035354374298360573 -0.0050124508641120908 0.021479336738852269 -0.023440684442042448 -0.014547666568896892 0.0081796500270335647 0.039428784470343467
leaf_weight=12.338159763719888 1.0665477919392277 7.4047627318650466 2.3997137974947691 1.0031578294001509 1.1718413955532003 11.800189357716588
leaf_count=2186 97 495 420 124 122 283
internal_value=0.00233178 -0.0156276 0.00756879 0.029931 -0.0307781 0.0354938
internal_weight=37.1844 23.3145 9.80448 13.8699 13.51 12.8667
internal_count=3727 3223 915 504 2308 380
is_linear=0
shrinkage=0.05


Tree=26
num_leaves=7
num_cat=0
split_feature=53 6 40 9 39 29
split_gain=8.85836 3.66988 2.36039 2.08668 1.38604 1.28103
threshold=-0.2485865636087396 -0.24913130126786623 -0.63277856218318063 -0.68344769052752297 1.3117076346092562 -1.4122835710049289
decision_type=2 2 2 2 2 2
left_child=1 2 -1 -2 -4 -6
right_child=3 -3 4 -5 5 -7
leaf_value=-0.02782293038752448 -0.013592827419499152 -0.035172974757163127 0.023778132152067158 0.03368575229384909 0.014560385968802443 -0.02424520434623622
leaf_weight=1.7875855294987566 1.0846050702966756 11.591807141900063 6.2946075666695815 12.555901340907436 1.2162142540328207 1.7551906206645069
leaf_count=362 142 2137 410 376 52 289
internal_value=-0.000276014 -0.0186908 0.0024124 0.0281536 0.0136236 -0.0090265
internal_weight=36.2859 22.6454 11.0536 13.6405 9.26601 2.9714
internal_count=3768 3250 1113 518 751 341
is_linear=0
shrinkage=0.05


Tree=27
num_leaves=7
num_cat=0
split_feature=36 22 11 42 14 27
split_gain=7.83136 4.54972 2.10965 1.50668 1.1073 1.39695
threshold=-0.23853967197178619 -1.7900328811776716 -0.024649550107908164 0.69981592802538828 1.0000000180025095e-35 -0.13095275179000226
decision_type=2 2 2 2 2 2
left_child=4 -2 3 -3 -1 -6
right_child=1 2 -4 -5 5 -7
leaf_value=-0.035020371724398945 -0.026788551836486169 0.036632343412574812 -0.011813730069412783 0.001288880282175412 -0.018878028263290214 0.019579891064447814
leaf_weight=9.1139467158354801 2.5374054536223438 14.308224471285948 1.8403943849261803 3.9232744141481808 2.1255473254714166 1.39143268438056
leaf_count=1590 490 576 233 309 398 96
internal_value=6.35597e-05 0.0170814 0.0253894 0.0302835 -0.0278302 -0.0016536
internal_weight=35.2402 22.6093 20.0719 18.2315 12.6309 3.51698
internal_count=3692 1608 1118 885 2084 494
is_linear=0
shrinkage=0.05


Tree=28
num_leaves=7
num_cat=0
split_feature=60 34 49 29 61 32
split_gain=7.08061 3.34963 2.7481 3.68242 1.76588 1.49198
threshold=-0.30773570501821523 0.03066748319959783 -0.3563589200727057 0.6479269808414273 0.9634993813217585 0.76510052454699662
decision_type=2 2 2 2 2 2
left_child=2 -2 5 -4 -3 -1
right_child=1 4 3 -5 -6 -7
leaf_value=-0.037865492629093986 0.036915920144552243 -0.028325449982622122 0.022160361178014926 -0.029286416644452907 0.015853669609994136 0.0012962117433092132
leaf_weight=9.9213632608298195 9.695498963352291 2.0510665162000801 6.1528047721367329 2.6344298154581338 1.5230226526036856 2.7572164603043356
leaf_count=1819 239 292 445 532 54 321
internal_value=-0.00123744 0.0244197 -0.0181475 0.00320832 -0.0108558 -0.0307305
internal_weight=34.7354 13.2696 21.4658 8.78723 3.57409 12.6786
internal_count=3702 585 3117 977 346 2140
is_linear=0
shrinkage=0.05


Tree=29
num_leaves=7
num_cat=0
split_feature=60 31 34 36 45 27
split_gain=6.93285 3.30185 2.68986 2.29091 1.42022 1.16739
threshold=-0.30773570501821523 0.042050282721228953 0.03066748319959783 0.072171723265079216 -0.67598730956694442 -0.34446947056535421
decision_type=2 2 2 2 2 2
left_child=1 -1 5 -3 -5 -2
right_child=2 3 -4 4 -6 -7
leaf_value=-0.038123662499971192 -0.0048519532291924281 -0.023339064534681105 -0.0087747113341209333 -0.015887611880871951 0.023006199087577228 0.039634373603703726
leaf_weight=10.141266644699501 1.013469297904521 3.4735329360701126 3.7780344712082288 0.82133973157033313 6.0462828148156404 7.3996571521274728
leaf_count=1908 92 657 357 178 355 129
internal_value=-0.00480567 -0.0214914 0.0219361 -0.000275657 0.0149386 0.0344087
internal_weight=32.6736 20.4824 12.1912 10.3412 6.86762 8.41313
internal_count=3676 3098 578 1190 533 221
is_linear=0
shrinkage=0.05


Tree=30
num_leaves=7
num_cat=0
split_feature=34 32 10 22 11 54
split_gain=6.66357 3.60979 2.39513 2.28013 1.12512 0.899522
threshold=0.37274210122224105 -1.0879509973217991 0.26888950242130355 -1.7900328811776716 0.22474962173496099 3.4539371722154266
decision_type=2 2 2 2 2 2
left_child=1 -1 3 -3 -5 -2
right_child=5 2 -4 4 -6 -7
leaf_value=-0.026222272323692626 -0.032627429791470701 -0.014612839666030768 -0.018618795456290596 0.033208839183564744 -0.0063694186706461349 0.0064580458142986519
leaf_weight=2.2112794949207482 9.718054474331435 1.4284623670391834 1.3317251340486098 17.455104987602681 1.0118282679468382 0.66288740467280227
leaf_count=434 1737 261 246 838 141 28
internal_value=-0.000531801 0.0140599 0.0209836 0.0257268 0.0304532 -0.0292433
internal_weight=33.8193 23.4384 21.2271 19.8954 18.4669 10.3809
internal_count=3685 1920 1486 1240 979 1765
is_linear=0
shrinkage=0.05


Tree=31
num_leaves=7
num_cat=0
split_feature=6 53 49 34 31 26
split_gain=8.28011 4.42487 4.16188 2.51647 1.27704 1.17781
threshold=0.51873502566555441 -0.27617693850284059 -0.3563589200727057 -1.6810818932436244 -0.17604551815636332 -0.48976660590744386
decision_type=2 2 2 2 2 2
left_child=1 2 3 4 -1 -4
right_child=-2 -3 5 -5 -6 -7
leaf_value=-0.014913075225952619 -0.038617195094516825 0.03327845934770908 -0.010434775077990633 -0.033758736057165763 0.025875165306048248 0.029116435578898828
leaf_weight=0.75676288316026363 7.7631605248898259 10.86217473191209 0.78454512148164202 7.4379494299646502 1.6931179668754319 5.2030498725362113
leaf_count=163 1510 310 123 1331 36 283
internal_value=-0.00111838 0.0125667 -0.00464143 -0.0222661 0.0120022 0.0221809
internal_weight=34.5008 26.7376 15.8754 9.88783 2.44988 5.98759
internal_count=3756 2246 1936 1530 199 406
is_linear=0
shrinkage=0.05


Tree=32
num_leaves=7
num_cat=0
split_feature=60 36 31 6 16 45
split_gain=6.14464 1.9856 2.22598 1.92595 1.41009 1.39976
threshold=-0.30773570501821523 1.0000000180025095e-35 0.042050282721228953 0.89693784340888094 -0.36831867093583637 -0.67598730956694442
decision_type=2 2 2 2 2 2
left_child=1 4 -3 -2 -1 -4
right_child=3 2 5 -5 -6 -7
leaf_value=-0.035804157649773953 0.028688821686714456 -0.022633948070705109 -0.016071566984887469 -0.017060744239500925 0.0065986850737060482 0.022081006551193938
leaf_weight=8.7534711579792219 12.018458124715831 3.9145713399630022 0.84783833706751455 0.68797469697892744 1.352003940148278 6.3108745659701526
leaf_count=1835 465 600 189 119 162 364
internal_value=-0.0010008 -0.0167443 -0.000906068 0.0234262 -0.0299192 0.0141507
internal_weight=33.8852 21.1788 11.0733 12.7064 10.1055 7.15871
internal_count=3734 3150 1153 584 1997 553
is_linear=0
shrinkage=0.05


Tree=33
num_leaves=7
num_cat=0
split_feature=36 22 16 32 47 37
split_gain=6.30859 3.42169 1.89285 1.75993 1.49277 1.56275
threshold=1.0000000180025095e-35 -1.7900328811776716 -0.36831867093583637 1.4061692000856574 0.96527274207848213 -0.74328007694689868
decision_type=2 2 2 2 2 2
left_child=2 -2 3 -1 -3 -6
right_child=1 4 -4 -5 5 -7
leaf_value=-0.035942985984286704 -0.022384044391858156 0.033028622294831556 0.010483787588893935 0.0070746420444678104 0.020137456147823109 -0.017688522813926532
leaf_weight=10.148136376636101 2.1661101565696326 12.410637419437991 2.1160069881007066 1.8333628829568613 2.3000963539816475 2.6372141549363688
leaf_count=2021 438 456 185 146 99 364
internal_value=0.00042654 0.0177831 -0.0225035 -0.029262 0.0253592 0.000883985
internal_weight=33.6116 19.5141 14.0975 11.9815 17.3479 4.93731
internal_count=3709 1357 2352 2167 919 463
is_linear=0
shrinkage=0.05


Tree=34
num_leaves=7
num_cat=0
split_feature=36 45 59 30 32 3
split_gain=5.18549 3.12949 1.74995 1.58275 1.47982 1.0791
threshold=-0.55793768978440972 -0.67598730956694442 1.0000000180025095e-35 0.77006306928569701 1.4061692000856574 1.0000000180025095e-35
decision_type=2 2 2 2 2 2
left_child=4 2 -2 5 -1 -3
right_child=1 3 -4 -5 -6 -7
leaf_value=-0.033794335737827398 0.010457379339428903 0.027230057031615018 -0.033275166491814605 -0.013417398008053045 0.0084642422436600646 -0.00847876436466132
leaf_weight=7.5838446053676289 2.011679878924042 17.785559704294435 2.5310386284254518 1.2431218835990865 1.2919257949106393 0.99382461747154494
leaf_count=1593 90 987 575 192 98 171
internal_value=0.000609597 0.0124635 -0.0174522 0.0206406 -0.027059 0.0244327
internal_weight=33.441 24.5652 4.54272 20.0225 8.87577 18.7794
internal_count=3706 2015 665 1350 1691 1158
is_linear=0
shrinkage=0.05


Tree=35
num_leaves=7
num_cat=0
split_feature=11 60 11 34 29 27
split_gain=6.22569 2.99109 2.32515 1.46474 1.40888 1.19721
threshold=-0.35319446974697954 -0.29016374764685149 -0.59155770712651623 -1.5137146811123185 0.6479269808414273 0.074890255887460358
decision_type=2 2 2 2 2 2
left_child=1 2 -1 -2 -4 -3
right_child=3 5 4 -5 -6 -7
leaf_value=-0.020721318613264345 0.0087631009868551196 -0.0082570751858902711 0.024995647938474846 -0.036437192958049723 -0.014899102033120363 0.03358393101294168
leaf_weight=6.820289142196998 0.91324565559625881 0.7979904233943661 4.4231961625628227 9.1248353444971091 0.86714358790777613 8.621385690988971
leaf_count=1013 56 88 321 1808 206 224
internal_value=-0.00359088 0.0115521 -0.00500037 -0.0312548 0.0154313 0.0289009
internal_weight=31.5681 21.53 12.1106 10.0381 5.29034 9.41938
internal_count=3716 1852 1540 1864 527 312
is_linear=0
shrinkage=0.05


Tree=36
num_leaves=7
num_cat=0
split_feature=29 32 61 29 39 3
split_gain=3.75599 3.10518 2.53929 2.81683 1.46969 1.42387
threshold=-0.17242958730189156 -1.0879509973217991 0.66078752451614542 0.76754938769215453 -1.0219887369478478 -0.46750320191902622
decision_type=2 2 2 2 2 2
left_child=1 -1 -2 4 -4 -3
right_child=2 5 3 -5 -6 -7
leaf_value=-0.024548514572985649 -0.036212139480770997 0.026852314610805391 -0.011355916558009211 -0.023476736954747529 0.030445661807039327 -0.010233709217730971
leaf_weight=1.8282221304252768 6.0655542362947008 13.402723768958822 1.1739802826195953 3.6010680880863219 4.0704098232090455 1.4520452136639512
leaf_count=391 1220 705 198 713 277 211
internal_value=-0.00112812 0.0140408 -0.0176088 0.00108838 0.020361 0.0221168
internal_weight=31.594 16.683 14.911 8.84546 5.24439 14.8548
internal_count=3715 1307 2408 1188 475 916
is_linear=0
shrinkage=0.05


Tree=37
num_leaves=7
num_cat=0
split_feature=53 29 49 34 1 11
split_gain=4.2493 2.47274 3.08385 1.82548 1.52879 1.28277
threshold=-0.2485865636087396 0.67723695231252867 -0.3563589200727057 -1.400265509909479 -0.40428175236232239 -0.10452708646837112
decision_type=2 2 2 2 2 2
left_child=1 2 3 -1 -2 -4
right_child=4 -3 5 -5 -6 -7
leaf_value=0.0096068610363414346 -0.0087951589018248084 -0.035123527046130823 0.028362437519512503 -0.027153412267891554 0.029836811950352257 -0.011022585864661684
leaf_weight=3.2377935526892561 1.7592362533323473 4.3029790988657615 5.7854279398452491 6.980250050546605 9.8303621620871091 0.95323292026296158
leaf_count=299 179 1081 324 1320 320 172
internal_value=0.00220316 -0.0107989 -0.00027414 -0.0159685 0.02337 0.0211119
internal_weight=32.8493 21.2597 16.9567 10.218 11.5896 6.73866
internal_count=3695 3196 2115 1619 499 496
is_linear=0
shrinkage=0.05


Tree=38
num_leaves=7
num_cat=0
split_feature=16 22 44 9 32 42
split_gain=4.97438 2.19301 1.80724 1.21855 0.962695 0.798876
threshold=-0.36831867093583637 -1.7900328811776716 1.9432244532295948 1.4004228986305602 1.4061692000856574 1.3056847294750134
decision_type=2 2 2 2 2 2
left_child=2 -2 3 4 -1 -3
right_child=1 5 -4 -5 -6 -7
leaf_value=-0.031762277860134469 -0.019347417156258578 0.028118193490188199 0.013677132191499103 0.008179514078192146 0.0019117457654393233 -0.0057800691485650896
leaf_weight=12.422942585079001 1.0903848747257132 11.627395845483989 1.9077603186015029 1.4167804655153293 2.0810693551320574 0.93702410673722702
leaf_count=2400 253 563 129 81 194 97
internal_value=-0.00195751 0.0185773 -0.0180955 -0.0234677 -0.0274311 0.0249633
internal_weight=31.4834 13.6548 17.8286 15.9208 14.504 12.5644
internal_count=3717 913 2804 2675 2594 660
is_linear=0
shrinkage=0.05


Tree=39
num_leaves=7
num_cat=0
split_feature=34 27 43 47 34 50
split_gain=5.06887 3.73489 2.15137 1.91379 1.36165 1.12241
threshold=0.57106226277544458 0.035795273357765812 0.071473840613513681 0.96527274207848213 -1.400265509909479 0.4162700628755987
decision_type=2 2 2 2 2 2
left_child=1 2 -1 5 -4 -3
right_child=-2 3 4 -5 -6 -7
leaf_value=-0.028150000597534364 -0.030539826297872909 0.036096177543945271 0.025354621530680455 -0.0046685890916201133 -0.011368974666062577 -0.0071168271844170407
leaf_weight=4.907116765854882 7.0845912145450702 10.968868169700723 2.4363128854893148 3.6092536940705022 2.3049840498715639 0.69181852997280735
leaf_count=917 1451 376 88 440 336 126
internal_value=-0.000170007 0.0108184 -0.0114688 0.0244715 0.0100143 0.0326007
internal_weight=32.0029 24.9184 9.64841 15.2699 4.7413 11.6607
internal_count=3734 2283 1341 942 424 502
is_linear=0
shrinkage=0.05


Tree=40
num_leaves=7
num_cat=0
split_feature=53 34 49 34 15 32
split_gain=5.12287 2.00376 1.88787 1.94381 1.65965 1.33228
threshold=-0.37550111484765819 -1.3702570707140562 -0.3563589200727057 0.37274210122224105 0.80329679500201812 -1.0700615986112665
decision_type=2 2 2 2 2 2
left_child=1 5 -3 -4 -2 -1
right_child=4 2 3 -5 -6 -7
leaf_value=-0.015112916233315425 0.031033831542393045 -0.035368645679366831 0.015944335007363732 -0.021824701620884526 -0.0057379805645236415 0.023682264181361819
leaf_weight=1.0544440576341005 8.7809138146694732 8.3997183525934833 4.25732093816623 3.4524599914439023 3.0325597911141804 2.7763126436621013
leaf_count=228 274 1881 303 716 249 108
internal_value=-0.000626942 -0.0153782 -0.0224131 -0.00234457 0.022344 0.0110561
internal_weight=31.7537 19.9403 16.1095 7.70978 11.8135 3.83076
internal_count=3759 3236 2900 1019 523 336
is_linear=0
shrinkage=0.05


Tree=41
num_leaves=7
num_cat=0
split_feature=6 45 11 10 54 0
split_gain=3.94449 2.81528 2.23174 1.53263 1.37319 1.02609
threshold=0.51873502566555441 -0.65371284073979274 -0.11131020354478824 0.34713235865361219 2.6128482602996548 0.11547309948623884
decision_type=2 2 2 2 2 2
left_child=1 4 3 -3 -1 -2
right_child=5 2 -4 -5 -6 -7
leaf_value=-0.031788155322492559 -0.036623555565324574 0.028146094930621181 -0.01339964377186019 -0.011142020205602452 0.0095733599141695283 -0.00014629951817348534
leaf_weight=2.6888463792856845 4.5862596449442199 15.194304203614601 2.9734350484795824 1.2487196098081756 1.3948301994241772 2.6171155476476997
leaf_count=612 1099 837 498 210 53 371
internal_value=-0.000970369 0.00928119 0.0171623 0.0239037 -0.0195894 -0.0273103
internal_weight=30.7035 23.5001 19.4165 16.443 4.08368 7.20338
internal_count=3680 2210 1545 1047 665 1470
is_linear=0
shrinkage=0.05


Tree=42
num_leaves=7
num_cat=0
split_feature=16 32 22 12 44 42
split_gain=4.09471 2.11343 2.08329 1.82206 1.47279 1.08147
threshold=-0.36831867093583637 1.4061692000856574 -1.7900328811776716 0.61023881920827894 1.9432244532295948 0.69981592802538828
decision_type=2 2 2 2 2 2
left_child=1 3 -2 4 -1 -4
right_child=2 -3 5 -5 -6 -7
leaf_value=-0.031900949055994186 -0.018259648953940093 0.013881777868243975 0.032109875936545879 0.013586412465965939 0.0085584160960031075 -0.00054474469998703546
leaf_weight=11.489096360281112 1.0120325635652978 3.4732379962224504 9.9085427348036337 1.4690285967662919 1.3670035970862944 3.0322473999112836
leaf_count=2358 244 242 405 117 102 261
internal_value=0.00183258 -0.0131868 0.0199346 -0.0210171 -0.0267936 0.0257958
internal_weight=31.7512 17.7984 13.9528 14.3251 12.8561 12.9408
internal_count=3729 2819 910 2577 2460 666
is_linear=0
shrinkage=0.05


Tree=43
num_leaves=7
num_cat=0
split_feature=28 22 11 14 12 29
split_gain=3.5992 2.50945 1.72219 1.62241 1.26896 1.01281
threshold=-0.38298729644856816 -1.7900328811776716 -0.024649550107908164 1.0000000180025095e-35 -0.29058903373957662 0.71513392643308071
decision_type=2 2 2 2 2 2
left_child=1 -1 4 -2 -3 -5
right_child=3 2 -4 5 -6 -7
leaf_value=-0.022612864834068547 -0.032155679515765916 -0.0073194176191164976 -0.011480242928704859 0.022882094098927813 0.027404898118342649 -0.01237258135023016
leaf_weight=2.2683703962247845 7.2346552882809174 1.8303364489693237 2.6327882281038919 0.99052513903006945 13.506073607830329 1.4582899427041409
leaf_count=508 1467 185 439 81 690 336
internal_value=-0.00181519 0.0100352 0.0168021 -0.0230971 0.0227412 0.00663466
internal_weight=29.921 20.2376 17.9692 9.68347 15.3364 2.44882
internal_count=3706 1822 1314 1884 875 417
is_linear=0
shrinkage=0.05


Tree=44
num_leaves=7
num_cat=0
split_feature=29 22 39 26 29 39
split_gain=3.82614 2.93813 1.96943 2.30029 1.68574 1.11743
threshold=0.74409644692992705 -1.7900328811776716 1.3613148587735937 -0.53381947238952787 -1.4122835710049289 -0.93032321403548468
decision_type=2 2 2 2 2 2
left_child=1 -1 3 -3 -4 -5
right_child=-2 2 4 5 -6 -7
leaf_value=-0.02463440349888522 -0.029374892783481373 -0.0086826911280426643 0.015618954370471415 -0.002921065005923935 -0.028652285356239857 0.032649729209453235
leaf_weight=2.5068328506313327 4.7142924012150607 3.7181590048130699 1.2832047217525544 1.986064407741664 1.9734813258983184 14.894992838613673
leaf_count=570 1099 539 40 214 403 837
internal_value=0.00215699 0.0102208 0.0162262 0.021669 -0.0120835 0.0286555
internal_weight=31.077 26.3627 23.8559 20.5992 3.25669 16.8811
internal_count=3702 2603 2033 1590 443 1051
is_linear=0
shrinkage=0.05


Tree=45
num_leaves=7
num_cat=0
split_feature=27 33 39 29 45 1
split_gain=3.34729 1.9805 2.16731 1.90111 1.53887 1.25141
threshold=0.035795273357765812 0.56644052647690935 1.2993058285681716 -1.2762813325107409 -0.65371284073979274 1.4399756945075033
decision_type=2 2 2 2 2 2
left_child=3 2 4 -1 -2 -6
right_child=1 -3 -4 -5 5 -7
leaf_value=0.0071181721086151272 -0.0067829484758219526 -0.017458021139963635 -0.019557765520674782 -0.028145359558183165 0.034532193504016491 -0.0052395575944070676
leaf_weight=4.3248748334590363 2.2341279988177165 1.982900793198495 0.96924677910283286 7.9473790796473622 12.162312124622984 1.4429456407669921
leaf_count=414 304 377 171 1686 605 160
internal_value=0.00129776 0.0137753 0.0195458 -0.016761 0.024672 0.0301295
internal_weight=31.0638 18.7915 16.8086 12.2723 15.8394 13.6053
internal_count=3717 1617 1240 2100 1069 765
is_linear=0
shrinkage=0.05


Tree=46
num_leaves=7
num_cat=0
split_feature=34 32 50 10 61 27
split_gain=3.56313 2.45 1.56446 1.43558 1.33495 1.16401
threshold=0.27950544886595913 -1.1047243016386263 2.1484087937713574 0.34713235865361219 0.89709807079665616 0.089907483974035599
decision_type=2 2 2 2 2 2
left_child=1 -1 3 -3 -2 -6
right_child=4 2 -4 -5 5 -7
leaf_value=-0.021320704023820556 -0.030532099029931082 0.02638309680874203 -0.015698505569642123 -0.01238801367767391 -0.017791661994501936 0.015795033593589268
leaf_weight=1.8744395340327198 5.5408393831457925 17.546387253561999 0.87182591413147648 0.94538912852294643 1.5422197694424538 3.0058218520134687
leaf_count=424 1187 1003 218 196 418 285
internal_value=0.00238216 0.0135528 0.0193359 0.0229484 -0.0188497 0.00186121
internal_weight=31.3269 21.238 19.3636 18.4918 10.0889 4.54804
internal_count=3731 1841 1417 1199 1890 703
is_linear=0
shrinkage=0.05


Tree=47
num_leaves=7
num_cat=0
split_feature=22 36 42 1 39 39
split_gain=2.61337 3.48055 1.28451 1.11024 1.00955 1.51844
threshold=-1.7900328811776716 -0.55793768978440972 0.6812960478535327 -0.95755898642326998 -0.67294260196631817 -0.97561676653335827
decision_type=2 2 2 2 2 2
left_child=-1 4 3 -3 5 -2
right_child=1 2 -4 -5 -6 -7
leaf_value=-0.031776320072437088 -0.018846826571970121 -0.011424883505532894 -0.0038578324206752844 0.025673876299218329 -0.028747581347744341 0.023271734554815834
leaf_weight=2.5676996919792172 1.2733259724918755 0.58270578784868376 5.2152172806672743 13.976873406907538 4.5890984386205682 1.3461040453985385
leaf_count=664 354 100 517 847 1114 107
internal_value=-0.000345589 0.00552546 0.0159491 0.0224909 -0.019353 0.00366634
internal_weight=29.551 26.9833 19.7748 14.5596 7.20853 2.61943
internal_count=3703 3039 1464 947 1575 461
is_linear=0
shrinkage=0.05


Tree=48
num_leaves=7
num_cat=0
split_feature=34 35 12 39 39 60
split_gain=3.2685 2.15867 2.17054 1.91284 1.99989 1.46174
threshold=0.27950544886595913 -0.30851747123949719 -0.0085672243525131454 -0.66287557071470748 -0.97561676653335827 -0.29016374764685149
decision_type=2 2 2 2 2 2
left_child=1 2 5 4 -2 -1
right_child=3 -3 -4 -5 -6 -7
leaf_value=-0.030154410530306503 -0.020198287434001826 0.02554118454446308 0.017019914255284773 -0.035084048756798235 0.023500327971064171 0.0080221019123182542
leaf_weight=4.4932318551000208 2.0867339819669724 9.1031203072052467 4.4638017201796192 5.2406623442657256 2.4494958054274338 2.2109895925968885
leaf_count=828 479 549 344 1239 186 107
internal_value=-0.000356565 0.0108293 -0.00403145 -0.0206462 0.00335999 -0.0189764
internal_weight=30.048 20.2711 11.168 9.77689 4.53623 6.70422
internal_count=3732 1828 1279 1904 665 935
is_linear=0
shrinkage=0.05


Tree=49
num_leaves=7
num_cat=0
split_feature=53 31 31 1 34 33
split_gain=4.15744 2.28901 2.17624 1.16626 1.09757 0.984386
threshold=-0.27617693850284059 0.033062074873684004 0.36964268221067209 -0.40428175236232239 0.3950595285735134 0.33680166769035053
decision_type=2 2 2 2 2 2
left_child=1 -1 4 -2 -3 -5
right_child=3 2 -4 5 -6 -7
leaf_value=-0.031564119743800474 -0.0083989990948218195 0.027644385495040353 -0.01688106389120508 0.030505821338488882 -0.011130250265518586 -0.0063059262556920282
leaf_weight=8.506342999171471 1.691383814672007 3.9996330097783339 5.3972086722496897 7.5441234409809095 0.64761983742937435 1.0999768916517494
leaf_count=1969 183 231 822 219 181 104
internal_value=-0.0029994 -0.0163353 0.000854601 0.0192269 0.0199943 0.0254037
internal_weight=28.8863 18.5508 10.0445 10.3355 4.64725 8.6441
internal_count=3709 3203 1234 506 412 323
is_linear=0
shrinkage=0.05


Tree=50
num_leaves=7
num_cat=0
split_feature=34 22 26 15 32 0
split_gain=3.31599 2.88947 1.32501 1.05303 0.930805 0.812241
threshold=0.60104371596439654 -1.7900328811776716 -0.48976660590744386 0.80329679500201812 1.3246624209339266 -0.51275471597088462
decision_type=2 2 2 2 2 2
left_child=1 -1 -3 -4 -2 -5
right_child=4 2 3 5 -6 -7
leaf_value=-0.027215459525187558 -0.034783831097721173 -0.0081392082075723259 0.027049245695823176 0.017810546750226395 0.001513532118136532 -0.0098854661000241442
leaf_weight=1.96435773465783 4.0662633378524324 3.3520063336473056 12.204268893692637 1.2454556962475267 2.0331774712540209 4.0425376782659344
leaf_count=523 1162 480 586 47 225 622
internal_value=-0.000242017 0.00892924 0.0153311 0.0203618 -0.0261746 0.00072335
internal_weight=28.9081 22.8086 20.8443 17.4923 6.09944 5.28799
internal_count=3645 2258 1735 1255 1387 669
is_linear=0
shrinkage=0.05


Tree=51
num_leaves=7
num_cat=0
split_feature=16 22 12 44 14 42
split_gain=2.83325 1.504 1.28972 1.41207 1.60908 1.24498
threshold=-0.36831867093583637 -1.7900328811776716 0.18521182790577229 1.3098998513076168 0.25175379934386027 0.69981592802538828
decision_type=2 2 2 2 2 2
left_child=2 -2 3 4 -1 -3
right_child=1 5 -4 -5 -6 -7
leaf_value=-0.034595151230419945 -0.017084002455418534 0.026753004379635893 0.0091567227222263646 0.0077970251632708959 0.0054633243408138549 -0.0066275732620737111
leaf_weight=8.7039248289074767 0.98660819395445187 8.8930095974355954 2.7876273004803798 2.2571330445352933 2.2516800293233237 2.3174349532928309
leaf_count=1835 259 414 326 225 409 237
internal_value=-0.00216034 0.014136 -0.0148535 -0.0206762 -0.0269574 0.0199101
internal_weight=28.1974 12.1971 16.0004 13.2127 10.9556 11.2104
internal_count=3705 910 2795 2469 2244 651
is_linear=0
shrinkage=0.05


Tree=52
num_leaves=7
num_cat=0
split_feature=16 1 16 31 33 42
split_gain=2.23146 1.6956 1.4804 1.57988 1.42363 1.10013
threshold=-0.36831867093583637 0.45406861556124195 1.4689526365835628 0.073900730814906515 0.31567638527520453 1.3668221221364567
decision_type=2 2 2 2 2 2
left_child=1 5 -2 -4 -3 -1
right_child=2 4 3 -5 -6 -7
leaf_value=-0.029158288075538042 0.034372157267844074 0.016142418768839761 -0.018720295468060914 0.013749551318769463 -0.020010817390334092 0.0073964344760685703
leaf_weight=8.2982691673096287 2.2540895715355882 5.4225232230965039 3.2210777427535504 6.4334798795171082 1.1424255499150602 1.2387835555709887
leaf_count=1876 48 431 460 399 285 195
internal_value=-0.00165039 -0.0128269 0.0130019 0.00104671 0.00554803 -0.0237764
internal_weight=28.0106 16.102 11.9086 9.65456 6.56495 9.53705
internal_count=3694 2787 907 859 716 2071
is_linear=0
shrinkage=0.05


Tree=53
num_leaves=7
num_cat=0
split_feature=16 32 16 31 12 45
split_gain=3.22727 2.50456 1.5615 2.01456 0.992745 0.902427
threshold=-0.36831867093583637 0.76510052454699662 1.4689526365835628 0.073900730814906515 0.61023881920827894 -0.25524734283185552
decision_type=2 2 2 2 2 2
left_child=1 4 -2 -4 -1 -3
right_child=2 5 3 -5 -6 -7
leaf_value=-0.033759654079565743 0.035657436326203835 -0.012962285081165585 -0.021469437488639647 0.015360852048261637 0.0050412088992216851 0.017198880925152212
leaf_weight=8.8119173471350205 2.4223922789096823 1.2164705705363301 3.005127958022058 6.7601293057668954 1.0891508231870819 4.03491603746079
leaf_count=2126 52 231 454 397 124 298
internal_value=-0.00321253 -0.0171775 0.0141132 0.00164487 -0.0293117 0.00803957
internal_weight=27.3401 15.1525 12.1876 9.76526 9.90107 5.25139
internal_count=3682 2779 903 851 2250 529
is_linear=0
shrinkage=0.05


Tree=54
num_leaves=7
num_cat=0
split_feature=11 41 40 29 4 29
split_gain=2.33996 1.58073 1.72712 2.16751 1.22677 0.854972
threshold=-0.26895434771496196 -0.95222911634253082 -0.66333146034774104 0.76754938769215453 1.2222828806826416 -1.2762813325107409
decision_type=2 2 2 2 2 2
left_child=1 -1 -3 -4 5 -2
right_child=4 2 3 -5 -6 -7
leaf_value=-0.012948287367148948 0.0049396825559755841 -0.014481999103048671 0.027526564158922819 -0.01764176496191211 0.011007272958021256 -0.031239852584323505
leaf_weight=4.0882200496271297 1.0944331246428189 1.9328173359390373 12.724026223411778 1.0692733095493174 1.0879679974168537 5.9691528961993736
leaf_count=544 96 360 774 302 167 1466
internal_value=-0.000553853 0.00867095 0.0154651 0.021499 -0.0192774 -0.0258327
internal_weight=27.9659 19.8143 15.7261 13.7933 8.15155 7.06359
internal_count=3709 1980 1436 1076 1729 1562
is_linear=0
shrinkage=0.05


Tree=55
num_leaves=7
num_cat=0
split_feature=53 40 34 41 1 28
split_gain=3.29521 1.33069 1.67032 1.77141 1.1275 0.782072
threshold=-0.2485865636087396 -0.3739466090575933 0.57106226277544458 -0.70069091912518189 -0.92779575385130741 -0.40137652201277857
decision_type=2 2 2 2 2 2
left_child=1 -1 3 -3 -2 -6
right_child=4 2 -4 -5 5 -7
leaf_value=-0.027527777792792786 -0.013355485530680847 -0.016848731062371877 -0.023817265461502719 0.019759071343127231 0.029468551719101177 -0.00064941702416878005
leaf_weight=6.0476230822969255 0.50934042455628414 2.248306074645372 2.6900733609218141 7.0627820952795446 7.1706059279385945 2.5736529922578475
leaf_count=1418 94 365 795 625 203 219
internal_value=-0.000797209 -0.0130259 -0.00167441 0.00896785 0.0188043 0.0232335
internal_weight=28.3024 18.0488 12.0012 9.31109 10.2536 9.74426
internal_count=3719 3203 1785 990 516 422
is_linear=0
shrinkage=0.05


Tree=56
num_leaves=7
num_cat=0
split_feature=31 53 11 12 8 45
split_gain=2.06476 1.34778 1.32342 1.2077 1.13491 1.00642
threshold=0.042050282721228953 -0.11063468913823447 -0.26895434771496196 3.0429362346764282 1.1342333243293736 -0.65371284073979274
decision_type=2 2 2 2 2 2
left_child=1 3 4 -1 5 -2
right_child=2 -3 -4 -5 -6 -7
leaf_value=-0.027612288901056489 -0.0081841913551152622 0.0064714428085718648 -0.01207494322172541 0.01211332708661126 -0.011880831688617146 0.026529432529704286
leaf_weight=8.0288488157093525 1.0578689933754475 4.4185309957247219 2.5994839805643997 0.54721595323644656 0.97853180696256536 10.25062013720162
leaf_count=1955 178 302 486 24 193 553
internal_value=-0.000327554 -0.0133517 0.0113739 -0.0225952 0.0177309 0.022247
internal_weight=27.8811 12.9946 14.8865 8.57606 12.287 11.3085
internal_count=3691 2281 1410 1979 924 731
is_linear=0
shrinkage=0.05


Tree=57
num_leaves=7
num_cat=0
split_feature=53 12 45 1 36 29
split_gain=2.61921 1.93541 1.77204 1.14387 1.11144 1.04777
threshold=-0.2485865636087396 0.082637542376637188 0.58252017916713061 -0.33890893796319027 -0.4401665306390678 -0.62364431322576597
decision_type=2 2 2 2 2 2
left_child=1 2 -1 -2 -4 -3
right_child=3 5 4 -5 -6 -7
leaf_value=-0.02806971020910419 -0.0091051458817466308 0.024700706515683447 -0.01491004252020922 0.024344014557345476 0.018869984462306741 -0.0098153998634493648
leaf_weight=9.8941401566844487 1.6016897065564979 2.6205793579574674 1.4251486504217608 8.2025728868320567 2.7465658332221201 1.5283925510011602
leaf_count=2131 187 140 398 316 155 379
internal_value=0.000184548 -0.0106101 -0.0187202 0.0180265 0.00592027 0.0132025
internal_weight=28.0191 18.2148 14.0659 9.80426 4.17171 4.14897
internal_count=3706 3203 2684 503 553 519
is_linear=0
shrinkage=0.05


Tree=58
num_leaves=7
num_cat=0
split_feature=27 47 33 12 50 11
split_gain=2.28235 1.62647 1.51191 1.32729 1.2599 0.892092
threshold=0.035795273357765812 0.96527274207848213 0.31567638527520453 -0.0085672243525131454 2.1484087937713574 0.1034697400657449
decision_type=2 2 2 2 2 2
left_child=3 2 4 -1 -2 -5
right_child=1 -3 -4 5 -6 -7
leaf_value=-0.02413362878409403 0.03037924947876602 -0.010224915827185464 -0.0091386741869716563 0.01648678720365692 -0.011025965317919731 -0.012982185735522617
leaf_weight=6.399451093864629 11.050892252475023 3.8286317487945771 2.1451042058179146 3.2076111492933705 0.58264480053912926 1.6010492929490281
leaf_count=1420 487 618 354 250 169 416
internal_value=0.00271192 0.013127 0.0202838 -0.0129666 0.0264703 0.005457
internal_weight=28.8154 17.6073 13.7786 11.2081 11.6335 4.80866
internal_count=3714 1628 1010 2086 656 666
is_linear=0
shrinkage=0.05


Tree=59
num_leaves=7
num_cat=0
split_feature=34 39 40 44 6 1
split_gain=1.93397 2.06621 2.14571 1.13354 1.01207 1.01981
threshold=0.37274210122224105 1.3613148587735937 -0.67684099483737203 -1.1831763800681487 0.51873502566555441 -1.0978713685482366
decision_type=2 2 2 2 2 2
left_child=1 2 -1 -2 5 -4
right_child=3 -3 4 -5 -6 -7
leaf_value=-0.015536586120481059 0.010400752251350554 -0.020054838455029807 -0.009521169482673798 -0.024692698911629476 -0.011092498639847384 0.028137407286592381
leaf_weight=2.6155240806983846 1.1676352256909011 2.7873489607591173 0.58356075151823894 6.925758932833558 0.50098241190426129 12.6421253606677
leaf_count=493 151 499 117 1623 126 733
internal_value=-0.00125346 0.00740477 0.0144724 -0.0181862 0.0219514 0.0250226
internal_weight=27.2229 19.1295 16.3422 8.09339 13.7267 13.2257
internal_count=3742 1968 1469 1774 976 850
is_linear=0
shrinkage=0.05


Tree=60
num_leaves=7
num_cat=0
split_feature=11 60 49 29 29 33
split_gain=2.61538 1.96594 1.97277 1.85317 1.45599 1.14731
threshold=0.22474962173496099 -0.30773570501821523 -0.3563589200727057 -1.4122835710049289 0.6479269808414273 0.62050462739885004
decision_type=2 2 2 2 2 2
left_child=1 2 3 -1 -4 -3
right_child=-2 5 4 -5 -6 -7
leaf_value=0.010446820552715206 -0.02926240738771298 0.025715540248149565 0.021502497614428781 -0.030394581809716111 -0.016438327108223429 -0.011741837294602493
leaf_weight=2.2756948370952177 3.5735123089980325 8.6352008038666064 5.499745696084573 5.7926411496009713 1.0859912385931236 0.66871647536754686
leaf_count=235 1053 336 353 1280 328 111
internal_value=-0.00107313 0.00592004 -0.00546817 -0.0191659 0.0120595 0.0208168
internal_weight=27.5315 23.958 14.6541 8.06834 6.58574 9.30392
internal_count=3696 2643 2196 1515 681 447
is_linear=0
shrinkage=0.05


Tree=61
num_leaves=7
num_cat=0
split_feature=40 36 39 39 42 42
split_gain=2.11068 1.74635 1.24536 1.08093 1.01255 1.04808
threshold=-0.65748381443397308 -0.55793768978440972 -0.62944461529961038 -0.97561676653335827 0.6812960478535327 -1.0722678845912537
decision_type=2 2 2 2 2 2
left_child=-1 2 3 -2 5 -3
right_child=1 4 -4 -5 -6 -7
leaf_value=-0.023781208058272565 -0.013688222626459424 -0.0031182075284127584 -0.024440949344465387 0.02367083977511502 -0.0041220449680707209 0.027045199615639354
leaf_weight=4.2696912627434385 0.87742119317408684 3.0030501106521124 3.7247905292315417 1.4246436365647293 4.4803030684124669 9.4278821190819109
leaf_count=923 294 310 1036 126 486 576
internal_value=3.24212e-05 0.00670294 -0.012485 0.00974338 0.014392 0.0205688
internal_weight=27.2078 22.9381 6.02686 2.30206 16.9112 12.4309
internal_count=3751 2828 1456 420 1372 886
is_linear=0
shrinkage=0.05


Tree=62
num_leaves=7
num_cat=0
split_feature=53 61 33 12 1 1
split_gain=1.98328 1.61964 1.7131 1.26578 0.92053 0.862903
threshold=-0.37550111484765819 0.67035712515064516 -0.79806444726065229 -0.2055141298386334 -0.92779575385130741 1.2831872372087718
decision_type=2 2 2 2 2 2
left_child=1 2 -1 -3 -2 -6
right_child=4 3 -4 -5 5 -7
leaf_value=0.0071819682497147805 -0.013197999365122871 -0.015164077169602615 -0.030558052788721302 0.018088214720417682 0.024208013243349147 -0.0072061786670188383
leaf_weight=2.8307080364320454 0.50805501430295308 1.8206784198991952 7.6713481101905954 4.6729925759136668 7.6531807258725149 1.2974129968788473
leaf_count=247 96 444 1801 648 329 108
internal_value=-0.0012869 -0.0109288 -0.0210501 0.0069193 0.014498 0.0189885
internal_weight=26.4544 16.9957 10.5021 6.49367 9.45865 8.95059
internal_count=3673 3140 2048 1092 533 437
is_linear=0
shrinkage=0.05


Tree=63
num_leaves=7
num_cat=0
split_feature=29 45 39 29 0 39
split_gain=2.13256 2.50679 1.4303 1.58633 1.22824 0.857854
threshold=0.76754938769215453 -0.67598730956694442 1.3613148587735937 -1.4122835710049289 -0.80006675278034944 -0.93032321403548468
decision_type=2 2 2 2 2 2
left_child=1 -1 4 -4 -3 -6
right_child=-2 2 3 -5 5 -7
leaf_value=-0.022319634081833566 -0.0251407527840204 -0.0089532157482947686 0.014668179957344591 -0.028043057256563048 -0.003535045924618833 0.027050422849173136
leaf_weight=3.335986618883914 3.6784114259062326 1.9009219185682109 1.5147696430794897 1.6684725311351929 1.9228123633656746 13.23708868992979
leaf_count=736 1058 310 66 398 237 942
internal_value=0.000129774 0.00646451 0.0134763 -0.0104629 0.0188396 0.023228
internal_weight=27.2585 23.5801 20.2441 3.18324 17.0608 15.1599
internal_count=3747 2689 1953 464 1489 1179
is_linear=0
shrinkage=0.05


Tree=64
num_leaves=7
num_cat=0
split_feature=16 49 16 54 33 44
split_gain=2.01638 2.14984 1.4739 1.42133 1.28771 1.16807
threshold=-0.36831867093583637 -0.3563589200727057 1.4689526365835628 -0.39567434258852591 0.44349664081959544 0.42089277108093254
decision_type=2 2 2 2 2 2
left_child=1 -1 -2 5 -3 -4
right_child=2 4 3 -5 -6 -7
leaf_value=-0.025879540879775981 0.033641218791666191 0.017789062031482134 -0.028198663610020554 0.016164925046475789 -0.017054073365862944 0.0067401236234458026
leaf_weight=8.4062427727039886 2.2640145365148774 5.0689351416658619 2.3885477990843356 4.4073051009327173 1.2036349957343189 2.6310215531848371
leaf_count=1920 52 463 509 183 402 175
internal_value=-0.00137925 -0.0126331 0.0124452 0.000462101 0.00774863 -0.0142147
internal_weight=26.3697 14.6788 11.6909 9.42687 6.27257 5.01957
internal_count=3704 2785 919 867 865 684
is_linear=0
shrinkage=0.05


Tree=65
num_leaves=7
num_cat=0
split_feature=6 22 47 29 39 33
split_gain=1.91851 1.6505 1.22697 1.48602 1.33332 1.15375
threshold=0.89693784340888094 -1.7900328811776716 0.96527274207848213 -1.4122835710049289 -0.97561676653335827 0.56644052647690935
decision_type=2 2 2 2 2 2
left_child=1 -1 4 -4 -3 -6
right_child=-2 2 3 -5 5 -7
leaf_value=-0.020640283600803618 -0.027046461290086993 -0.0084250322631032066 0.018144641179403294 -0.017278161906420144 0.027721001890223862 -0.0087039854194496374
leaf_weight=2.1223758304258871 2.1779747923137611 2.4870561572024661 1.8148883150424806 5.0351833602180696 11.696082304231817 1.1262243872042734
leaf_count=586 741 359 86 1036 646 227
internal_value=0.000950616 0.00615981 0.0108817 -0.00522522 0.017764 0.023478
internal_weight=26.4598 24.2818 22.1594 6.85007 15.3094 12.8223
internal_count=3681 2940 2354 1122 1232 873
is_linear=0
shrinkage=0.05


Tree=66
num_leaves=7
num_cat=0
split_feature=45 6 39 39 34 33
split_gain=1.78491 1.82251 1.34446 1.46311 1.43972 1.1271
threshold=-0.67598730956694442 0.89693784340888094 -0.93032321403548468 1.3613148587735937 -1.4819251654898291 1.0668408833238296
decision_type=2 2 2 2 2 2
left_child=-1 2 -2 5 -5 -4
right_child=1 -3 3 4 -6 -7
leaf_value=-0.023922532041142613 -0.01407535392400833 -0.023816220650195827 0.02417112988682904 0.014211165340736805 -0.026600859126280293 -0.011811935092043728
leaf_weight=3.6693408617284176 2.3825864264508771 1.7671757774660353 14.481605922454037 1.4856672764290126 1.610498773283324 0.68307097232900638
leaf_count=884 412 612 1162 65 397 209
internal_value=-0.000986802 0.00514948 0.0103364 0.0150582 -0.00966126 0.0208672
internal_weight=26.0799 22.4106 20.6434 18.2608 3.09617 15.1647
internal_count=3741 2857 2245 1833 462 1371
is_linear=0
shrinkage=0.05


Tree=67
num_leaves=7
num_cat=0
split_feature=27 37 27 1 33 36
split_gain=2.18987 1.78362 1.39201 1.20288 1.05162 0.511668
threshold=0.7607826672893413 -0.60082899256245004 -0.97022693079909328 1.4399756945075033 -0.79952990241975985 1.153624874298681
decision_type=2 2 2 2 2 2
left_child=1 2 -1 -2 -3 -5
right_child=3 4 -4 5 -6 -7
leaf_value=-0.018395098109510576 0.019975147535098631 0.0054896738011781234 0.016385834574928072 -0.020081141331532149 -0.031617480512352025 0.0074780925560929265
leaf_weight=1.6787207368761299 7.167288060532881 1.337772069498899 4.7062630316941094 1.3012653373880314 8.3372293382417393 0.77379380422644306
leaf_count=496 496 85 493 262 1878 35
internal_value=-0.00528204 -0.0154477 0.00428429 0.0118392 -0.0264017 -0.0114587
internal_weight=25.3023 16.06 6.38498 9.24235 9.675 2.07506
internal_count=3745 2952 989 793 1963 297
is_linear=0
shrinkage=0.05


Tree=68
num_leaves=7
num_cat=0
split_feature=34 40 39 14 4 34
split_gain=1.90243 1.49718 1.6934 0.993217 0.830011 0.725274
threshold=0.3415462777421075 -0.67684099483737203 1.3613148587735937 1.0000000180025095e-35 -1.2418458782578981 -1.4819251654898291
decision_type=2 2 2 2 2 2
left_child=1 -1 4 -2 -3 -4
right_child=3 2 5 -5 -6 -7
leaf_value=-0.016674009721846308 -0.026323949025574025 -0.0095545875108875092 0.0081277971806965471 0.0063647752510538405 0.023486829200966161 -0.02345204713191959
leaf_weight=2.5604283353313848 5.5841886160196728 0.54328953614458697 1.0778250598814341 1.8280463974224401 12.155763249960723 1.5767721396405256
leaf_count=541 1368 102 62 424 814 378
internal_value=-0.00141352 0.00742087 0.0135077 -0.018751 0.0205176 -0.0131205
internal_weight=25.3263 17.9141 15.3536 7.41224 12.6991 2.6546
internal_count=3689 1897 1356 1792 916 440
is_linear=0
shrinkage=0.05


Tree=69
num_leaves=7
num_cat=0
split_feature=60 12 32 27 34 27
split_gain=2.4018 1.56941 1.03324 0.997241 0.650374 0.614849
threshold=-0.30773570501821523 0.15904028098551601 2.0884217587520411 0.25353847673092261 -0.32587163429134264 1.5955529986488968
decision_type=2 2 2 2 2 2
left_child=1 2 -1 -2 -3 -5
right_child=3 4 -4 5 -6 -7
leaf_value=-0.028096210113680936 -0.0087147101744306874 0.018209772444711343 0.0083890515046100029 0.02435814346826215 -0.010461339363795445 -0.0065621413324862864
leaf_weight=10.973546672496013 2.3629276498686504 2.1194687157403682 0.8867567805573352 5.7587163746356964 0.78813877364154805 0.64393303799442936
leaf_count=2618 298 131 55 218 250 66
internal_value=-0.00616973 -0.0172447 -0.0242254 0.0121284 0.00907226 0.0201469
internal_weight=23.5335 14.7679 11.8603 8.76558 2.90761 6.40265
internal_count=3636 3054 2673 582 381 284
is_linear=0
shrinkage=0.05


Tree=70
num_leaves=7
num_cat=0
split_feature=34 40 35 34 53 10
split_gain=2.22675 1.49886 1.06988 1.6023 0.785944 0.737013
threshold=0.57106226277544458 -0.67684099483737203 -0.30851747123949719 -1.400265509909479 -0.19340581382053751 0.34713235865361219
decision_type=2 2 2 2 2 2
left_child=1 -1 3 -3 -5 -4
right_child=-2 2 5 4 -6 -7
leaf_value=-0.017697207619132752 -0.025686660653900274 0.017285825807674873 0.025335523387939037 -0.025072333641800549 0.0060491458275765998 -0.0066978171237149818
leaf_weight=2.9558166501810836 5.0357787515968075 3.2988627830054664 7.5304341895971394 3.3051220858469605 1.5595121931983156 0.86849880486261088
leaf_count=622 1424 184 507 675 77 201
internal_value=-0.00335893 0.00505636 0.0112083 -0.00193684 -0.0165936 0.0211321
internal_weight=24.554 19.5182 16.5624 8.1635 4.86463 8.39893
internal_count=3690 2266 1644 936 752 708
is_linear=0
shrinkage=0.05


Tree=71
num_leaves=7
num_cat=0
split_feature=27 47 7 16 39 16
split_gain=1.79914 1.26063 1.3193 0.950108 0.635016 0.521268
threshold=0.035795273357765812 0.96527274207848213 0.9700758932056176 -0.36831867093583637 -1.3228673356837219 1.4689526365835628
decision_type=2 2 2 2 2 2
left_child=3 2 4 -1 -2 -5
right_child=1 -3 -4 5 -6 -7
leaf_value=-0.023472609560595825 -0.0069004235213715424 -0.011235299460098205 -0.012051364859279528 0.017479382724250297 0.024701206860438481 -0.0067888658469531168
leaf_weight=6.3026502730790543 0.5239020399749269 3.3800589138409114 1.5437769023701537 0.7675785627216104 10.192439372069201 2.728313731146045
leaf_count=1722 81 619 274 15 649 354
internal_value=-0.000572428 0.00939434 0.0161725 -0.0149541 0.0219849 0.00415127
internal_weight=25.4387 15.6402 12.2601 9.79854 10.7163 3.49589
internal_count=3714 1623 1004 2091 730 369
is_linear=0
shrinkage=0.05


Tree=72
num_leaves=7
num_cat=0
split_feature=12 27 47 6 45 0
split_gain=1.71658 2.00404 1.47706 1.00302 0.875706 0.83553
threshold=0.082637542376637188 0.25353847673092261 0.96527274207848213 0.89693784340888094 -0.65371284073979274 -0.80006675278034944
decision_type=2 2 2 2 2 2
left_child=1 -1 3 4 -3 -2
right_child=5 2 -4 -5 -6 -7
leaf_value=-0.023247921979011876 -0.0047427455164907283 -0.008838303075754601 -0.018205756122750719 -0.013898422766833155 0.023049483339796138 0.027301728577366652
leaf_weight=7.657001737970865 1.7932025670306755 0.98642127169295868 2.2252992150606579 0.67377122177276838 8.4407172994688136 3.8169422532664603
leaf_count=1838 340 164 467 170 495 239
internal_value=-7.31814e-05 -0.00719977 0.00536853 0.0135418 0.0183847 0.0189754
internal_weight=25.5934 19.9832 12.3262 10.1009 9.42714 5.61014
internal_count=3713 3134 1296 829 659 579
is_linear=0
shrinkage=0.05


Tree=73
num_leaves=7
num_cat=0
split_feature=22 6 42 41 45 28
split_gain=1.51844 1.2908 1.00557 1.13511 1.10859 0.678684
threshold=-1.7900328811776716 0.89693784340888094 -1.0722678845912537 -0.95222911634253082 -0.34558268863085989 -0.42849700979369693
decision_type=2 2 2 2 2 2
left_child=-1 2 -2 5 -5 -4
right_child=1 -3 3 4 -6 -7
leaf_value=-0.025836099078116105 -0.010137019978200499 -0.019215809333502171 0.0065283296731797127 -0.0026736837583434571 0.027549166585300301 -0.019149833974688751
leaf_weight=1.9681443354347745 3.4400399242295014 2.070836895145475 3.8789307721890509 3.4011315560201281 8.9753925334662004 1.2906409166753388
leaf_count=662 511 676 336 442 736 365
internal_value=-0.000554509 0.00432964 0.00876579 0.0134108 0.0203425 -0.00456048
internal_weight=25.0251 23.057 20.9861 17.5461 12.3765 5.16957
internal_count=3728 3066 2390 1879 1178 701
is_linear=0
shrinkage=0.05


Tree=74
num_leaves=7
num_cat=0
split_feature=40 12 11 41 42 42
split_gain=1.37929 1.42816 1.31753 1.05985 1.26398 0.713183
threshold=-0.67684099483737203 -0.21743969376215364 0.68363734295447776 -1.1263569443950838 -1.0722678845912537 0.60326561939611423
decision_type=2 2 2 2 2 2
left_child=-1 -2 3 -3 -5 -6
right_child=1 2 -4 4 5 -7
leaf_value=-0.023224417774790281 -0.01339327778856076 -0.0087115836199218085 -0.016065320619150416 -0.0065984470305688152 0.035884386011906078 0.0041747807945152508
leaf_weight=3.4354501392226693 6.1414611705113247 1.8743289301637585 1.3510919765103615 2.0864122451748708 5.6995954874437196 3.3321850888896734
leaf_count=873 962 295 482 312 333 435
internal_value=-0.00294221 0.00299142 0.01111 0.0164195 0.0216071 0.0281434
internal_weight=23.9205 20.4851 14.3436 12.9925 11.1182 9.03178
internal_count=3692 2819 1857 1375 1080 768
is_linear=0
shrinkage=0.05


Tree=75
num_leaves=7
num_cat=0
split_feature=29 4 7 29 45 10
split_gain=1.82056 1.62046 0.937064 2.00331 0.843502 0.813177
threshold=-0.22340560881047963 -1.2252803067692222 0.41041360054072312 0.76754938769215453 -0.41983091805469913 0.24815800109843636
decision_type=2 2 2 2 2 2
left_child=1 -1 -2 4 -4 -3
right_child=2 5 3 -5 -6 -7
leaf_value=-0.018765275510018616 -0.024740360056804241 0.020801452279235886 -0.010253183641939242 -0.023715516153250737 0.023112706346805685 -0.010589455859538138
leaf_weight=1.2164451323915262 4.5877209543250483 11.916771138668992 0.65126198192592699 2.1919518220238388 4.1417652467498556 0.53539709607139307
leaf_count=319 1149 813 164 769 332 165
internal_value=0.000371991 0.0116224 -0.0125731 0.000450541 0.0163773 0.0176579
internal_weight=25.2413 13.6686 11.5727 6.98498 4.79303 12.4522
internal_count=3711 1297 2414 1265 496 978
is_linear=0
shrinkage=0.05


Tree=76
num_leaves=7
num_cat=0
split_feature=60 40 12 6 30 42
split_gain=1.66809 1.71508 1.79965 0.937411 0.633479 0.632558
threshold=-0.30773570501821523 0.656827191429178 0.082637542376637188 0.85109507762181102 -1.3441180595094959 -1.0722678845912537
decision_type=2 2 2 2 2 2
left_child=1 2 -1 4 -2 -3
right_child=3 5 -4 -5 -6 -7
leaf_value=-0.029528612219109646 -0.0088759693754161522 -0.010929510697071335 0.0080326377917013369 -0.013511219145793117 0.021645706965240572 0.017298578776022307
leaf_weight=8.3065230622887629 0.34393838886171568 0.48480918689165253 2.9461278626695266 0.62500190967693914 7.6111276983283442 3.7710120368283233
leaf_count=2094 60 138 438 142 370 440
internal_value=-0.00206858 -0.0111874 -0.0200737 0.0130419 0.0182568 0.0108935
internal_weight=24.0885 15.5085 11.2527 8.58007 7.95507 4.25582
internal_count=3682 3110 2532 572 430 578
is_linear=0
shrinkage=0.05


Tree=77
num_leaves=7
num_cat=0
split_feature=32 12 33 33 45 55
split_gain=1.49839 0.99729 0.948269 0.639708 0.695372 0.554879
threshold=0.76510052454699662 0.61023881920827894 -0.79273097070068232 0.56644052647690935 -0.58936437523913199 1.0000000180025095e-35
decision_type=2 2 2 2 2 2
left_child=1 2 -1 4 -2 -4
right_child=3 -3 5 -5 -6 -7
leaf_value=0.0047978067833905763 -0.0081501608478848162 0.010125466092737559 -0.027363623410340394 -0.01055873627222035 0.019928650150916504 0.0019116917683697351
leaf_weight=2.5992101505398741 1.0748520271154118 1.8421411308227096 8.7516802264144644 0.92988105490803707 6.4783135020406899 1.4431815498974181
leaf_count=258 198 158 2365 181 406 120
internal_value=-0.00470905 -0.0134486 -0.0181214 0.00994376 0.0147519 -0.023727
internal_weight=23.1193 14.6362 12.7941 8.48305 7.55317 10.1949
internal_count=3686 2901 2743 785 604 2485
is_linear=0
shrinkage=0.05


Tree=78
num_leaves=7
num_cat=0
split_feature=53 40 12 1 37 27
split_gain=1.62384 1.23689 1.1166 0.73153 0.703682 0.644723
threshold=-0.19340581382053751 0.26145901662637094 -0.0085672243525131454 -0.92779575385130741 1.2866478755314936 0.089907483974035599
decision_type=2 2 2 2 2 2
left_child=1 2 -1 -2 -5 -3
right_child=3 5 -4 4 -6 -7
leaf_value=-0.027868811239814169 -0.011624047542974076 -0.0087916771084346357 0.0032659818710052144 0.021809601639397505 -0.0083871223147260893 0.015147572694423109
leaf_weight=6.5797720504924646 0.4534236800391217 2.307465646066702 3.2957026539370444 7.5273572773439792 0.70484543894417573 3.6755996727151796
leaf_count=1721 91 524 612 345 80 355
internal_value=-0.00121898 -0.0101788 -0.0191383 0.0135535 0.0176746 0.00606225
internal_weight=24.5442 15.8585 9.87547 8.68563 8.2322 5.98307
internal_count=3728 3212 2333 516 425 879
is_linear=0
shrinkage=0.05


Tree=79
num_leaves=7
num_cat=0
split_feature=11 36 2 1 33 4
split_gain=1.61632 1.20074 1.16284 1.10706 0.916665 0.721468
threshold=-0.070611501086285958 -0.78345276053502622 -0.64872257105927122 1.4399756945075033 -0.81481600751603767 1.2844037737651759
decision_type=2 2 2 2 2 2
left_child=1 -1 4 -4 -3 -2
right_child=5 2 3 -5 -6 -7
leaf_value=-0.01746771535990051 -0.025316309610858206 0.011336270464609229 0.021938894946247654 -0.0094075041192859758 -0.020084906120452741 0.0080432002906279231
leaf_weight=1.7301812570076496 4.3179830859880886 1.5035386390518399 12.058205817709672 1.685541046084835 2.4867817856138634 0.55652913765516121
leaf_count=559 1287 95 991 237 405 124
internal_value=-0.000444458 0.00643278 0.0109546 0.0170978 -0.00846144 -0.0198944
internal_weight=24.3388 19.4642 17.7341 13.7437 3.99032 4.87451
internal_count=3698 2287 1728 1228 500 1411
is_linear=0
shrinkage=0.05


Tree=80
num_leaves=7
num_cat=0
split_feature=42 43 9 41 42 41
split_gain=1.68156 1.76535 1.59214 0.95808 1.55081 1.16861
threshold=0.6812960478535327 -1.1473662428492719 -0.44976964979778272 -1.0202869576357252 -1.0004107495244539 1.2152612202717525
decision_type=2 2 2 2 2 2
left_child=2 -2 -1 -4 -5 -6
right_child=1 -3 3 4 5 -7
leaf_value=-0.01931211612210066 0.01420929325971996 -0.032210433996092296 -0.0077046012609062664 -0.0070075116046747522 0.036381441832214013 -0.0008374218816935633
leaf_weight=2.9042874748120147 0.85533824190497387 4.8180146905360735 3.4383617223938954 3.4681226629763868 4.9728930883575151 2.6875564627116546
leaf_count=1000 52 1156 471 481 201 352
internal_value=-0.00461634 -0.0227179 0.00372951 0.010837 0.0169852 0.0267627
internal_weight=23.1446 5.67335 17.4712 14.5669 11.1286 7.66045
internal_count=3713 1208 2505 1505 1034 553
is_linear=0
shrinkage=0.05


Tree=81
num_leaves=7
num_cat=0
split_feature=43 1 7 45 26 12
split_gain=1.34217 1.58826 1.00286 0.634074 0.531081 0.647717
threshold=0.086193820575692512 0.10966549579996041 0.95020152201723362 -0.073339180743449431 -0.19170491128966302 0.34045000253899799
decision_type=2 2 2 2 2 2
left_child=1 -1 4 -3 5 -2
right_child=2 3 -4 -5 -6 -7
leaf_value=-0.026862309135327556 -0.013983230583951787 0.012852656015895315 -0.015811912931202377 -0.010660243745936741 0.019258954750478466 0.012952416875344703
leaf_weight=5.1291485447436589 1.8657587477937334 4.4725393187254667 0.85753873805515546 1.8944774406263603 8.1563983896048704 1.1738863093778489
leaf_count=1474 421 494 282 305 595 95
internal_value=-0.00130373 -0.0120378 0.0092927 0.00468299 0.0141507 -0.00231423
internal_weight=23.5497 11.4962 12.0536 6.36702 11.196 3.03965
internal_count=3666 2273 1393 799 1111 516
is_linear=0
shrinkage=0.05


Tree=82
num_leaves=7
num_cat=0
split_feature=16 16 31 10 10 34
split_gain=1.45738 1.00602 1.15011 0.796772 0.965778 0.704057
threshold=-0.36831867093583637 1.4689526365835628 0.073900730814906515 0.18086152986213203 -0.73115890477973566 0.57106226277544458
decision_type=2 2 2 2 2 2
left_child=3 -2 -3 4 -1 -6
right_child=1 2 -4 -5 5 -7
leaf_value=-0.015995245541206751 0.029180055415307268 -0.016506364894403713 0.011966190599660087 -0.024365669942853385 0.016879213637985491 -0.010151039074010545
leaf_weight=3.2667606989853075 1.8597421441227187 2.9502390285488218 5.7866477275965735 3.783691580989399 4.5738189584808415 1.1923568528145549
leaf_count=612 51 465 404 1258 509 361
internal_value=-0.00119299 0.010939 0.000590096 -0.0113959 -0.00124284 0.00972868
internal_weight=23.4133 10.5966 8.73689 12.8166 9.03294 5.76618
internal_count=3660 920 869 2740 1482 870
is_linear=0
shrinkage=0.05


Tree=83
num_leaves=7
num_cat=0
split_feature=29 40 41 42 42 39
split_gain=1.41883 1.51955 0.959517 0.884115 0.784358 1.00824
threshold=0.67723695231252867 -0.67684099483737203 -1.0202869576357252 -1.0722678845912537 0.61365127768856664 -0.38248691239453797
decision_type=2 2 2 2 2 2
left_child=1 -1 -3 -4 -5 -6
right_child=-2 2 3 4 5 -7
leaf_value=-0.017765750344686505 -0.020113975834704895 -0.0074850523521549561 -0.0040335443362618404 0.030535536985270811 0.018618981566546657 -0.012832020670298601
leaf_weight=2.8104319957783508 3.9444199110148466 3.4383991280337876 3.0633123971056255 6.40000520937609 1.8170649057719908 2.4789878908777556
leaf_count=666 1275 494 392 393 128 395
internal_value=-0.000339055 0.00567369 0.011574 0.016824 0.0223726 0.00265655
internal_weight=23.9526 20.0082 17.1978 13.7594 10.6961 4.29605
internal_count=3743 2468 1802 1308 916 523
is_linear=0
shrinkage=0.05


Tree=84
num_leaves=7
num_cat=0
split_feature=34 2 11 2 62 60
split_gain=1.51528 1.11762 1.49612 0.97064 0.716548 0.607931
threshold=0.43246213354190916 -0.64872257105927122 -0.26895434771496196 0.50914494818563305 -0.71264787642888694 0.52804647256448234
decision_type=2 2 2 2 2 2
left_child=1 5 4 -2 -3 -1
right_child=3 2 -4 -5 -6 -7
leaf_value=-0.019551893561756229 -0.029719764978161412 -0.0050164278902947454 -0.010883367642152798 0.002985778648339129 0.024848557845455543 0.0073035534046657791
leaf_weight=2.9055413159076169 3.3464754179585716 1.3496858327416728 3.1432844229275334 2.7523379302583635 8.6443214680766669 1.3378132538637144
leaf_count=541 1039 169 690 645 567 58
internal_value=-0.00206041 0.00573495 0.0124349 -0.0188421 0.0205883 -0.0115669
internal_weight=23.4795 17.3806 13.1373 6.09881 9.99401 4.24335
internal_count=3709 2025 1426 1684 736 599
is_linear=0
shrinkage=0.05


Tree=85
num_leaves=7
num_cat=0
split_feature=16 49 16 54 60 33
split_gain=1.46222 1.57408 0.979165 1.08833 0.923676 0.874432
threshold=-0.36831867093583637 -0.3563589200727057 1.4689526365835628 -0.39567434258852591 4.4378277664371879 0.44349664081959544
decision_type=2 2 2 2 2 2
left_child=1 4 -2 -4 -1 -3
right_child=2 5 3 -5 -6 -7
leaf_value=-0.02881139955664699 0.028594400643131391 0.014719337283725389 -0.01279575230038367 0.014380260796346321 0.0075917407149239521 -0.014650770776851991
leaf_weight=6.612186505459249 1.7740054056048382 4.7241659028222784 4.6666083103045821 4.0934187939856201 0.82278074347414065 1.0042888546595348
leaf_count=1900 46 468 688 186 39 412
internal_value=-0.00196555 -0.0119338 0.010375 0.000332073 -0.0237585 0.00630452
internal_weight=23.6975 13.1634 10.534 8.76003 7.43497 5.72845
internal_count=3739 2819 920 874 1939 880
is_linear=0
shrinkage=0.05


Tree=86
num_leaves=7
num_cat=0
split_feature=40 34 2 0 11 40
split_gain=1.18436 1.31866 0.82211 0.992206 0.727813 0.589678
threshold=-0.67684099483737203 0.57106226277544458 -0.63506063091101261 0.96848827891510936 -0.024649550107908164 -0.5418140127080403
decision_type=2 2 2 2 2 2
left_child=-1 2 -2 4 -4 -3
right_child=1 5 3 -5 -6 -7
leaf_value=-0.017426279075307746 -0.0036302290070902559 0.0083420174680481698 0.027705004771651932 -0.0084221410586924304 -0.0031440731848488891 -0.019204591417846403
leaf_weight=3.448837915784682 4.5323135451180923 0.81296681880485255 8.9061606951290777 1.4010389457689587 1.6006868474651064 3.3784189462894565
leaf_count=890 435 121 548 262 387 1064
internal_value=0.0017695 0.00678321 0.0129106 0.0186699 0.0233508 -0.0126105
internal_weight=24.0804 20.6316 16.4402 11.9079 10.5068 4.19139
internal_count=3707 2817 1632 1197 935 1185
is_linear=0
shrinkage=0.05


Tree=87
num_leaves=7
num_cat=0
split_feature=45 6 42 41 0 32
split_gain=1.36703 1.19998 0.751289 0.907231 0.857242 0.646198
threshold=-0.65371284073979274 0.89693784340888094 -1.0722678845912537 -0.95222911634253082 0.21484266881761255 -1.1047243016386263
decision_type=2 2 2 2 2 2
left_child=-1 2 -2 -4 5 -5
right_child=1 -3 3 4 -6 -7
leaf_value=-0.02189227191928372 -0.0083136602324683818 -0.020113723749538966 -0.0043175141841191337 -0.0065595643081684035 -0.0010873506860812278 0.029655534543867896
leaf_weight=3.3558485569665235 3.0703254023101261 1.3985224192729209 4.3338694733101937 0.31428464758210406 3.491468773689121 7.0652044124435474
leaf_count=941 477 596 627 96 439 540
internal_value=-0.00153883 0.00437022 0.0088159 0.0130749 0.0194428 0.026663
internal_weight=23.0295 19.6737 18.2752 15.2048 10.871 7.37949
internal_count=3716 2775 2179 1702 1075 636
is_linear=0
shrinkage=0.05


Tree=88
num_leaves=7
num_cat=0
split_feature=11 60 12 44 35 11
split_gain=1.2306 0.897391 1.27724 0.908029 0.740815 0.68704
threshold=0.22474962173496099 -0.30773570501821523 -0.015325311238560948 0.39416488985510012 0.71027165213916466 -0.70002565977836684
decision_type=2 2 2 2 2 2
left_child=1 2 3 4 -1 -5
right_child=-2 -3 -4 5 -6 -7
leaf_value=-0.029389823548585704 -0.019218340409016592 0.016939360895281131 0.015672689630335544 -0.013761458246022288 0.0034774796461427924 0.013012765938874991
leaf_weight=3.4308160089422035 3.1078333549085064 7.4681761710671699 3.7397261244477731 0.91305898176506151 1.5502536509884519 3.5423814386595041
leaf_count=952 1084 426 366 167 368 339
internal_value=0.000885136 0.00596597 -0.00224171 -0.0114093 -0.0216985 0.00419628
internal_weight=23.7522 20.6444 13.1762 9.43651 4.98107 4.45544
internal_count=3702 2618 2192 1826 1320 506
is_linear=0
shrinkage=0.05


Tree=89
num_leaves=7
num_cat=0
split_feature=11 10 33 39 61 29
split_gain=0.964266 0.908054 1.08076 0.961392 1.0756 2.47692
threshold=0.68363734295447776 -0.94403848902463705 1.0668408833238296 -0.93032321403548468 0.62836806114212462 -0.17242958730189156
decision_type=2 2 2 2 2 2
left_child=1 -1 3 -3 5 -5
right_child=-2 2 -4 4 -6 -7
leaf_value=-0.012203423115578199 -0.021439809566446668 -0.0097116565247053338 -0.016691597005307045 0.018241478895223061 0.03050602645031289 -0.024192907013116244
leaf_weight=4.4048642076086315 1.727495617000385 2.1334467664128267 1.1239072593161825 6.6440392301883628 4.9650529762729994 2.3908589311176778
leaf_count=641 716 365 453 534 340 682
internal_value=-0.000830896 0.0032207 0.00838188 0.0124718 0.0169696 0.00378075
internal_weight=23.3897 21.6622 17.2573 16.1334 14 9.0349
internal_count=3731 3015 2374 1921 1556 1216
is_linear=0
shrinkage=0.05


Tree=90
num_leaves=7
num_cat=0
split_feature=27 15 22 41 42 32
split_gain=1.37423 1.15331 1.14735 0.708959 0.730239 0.691402
threshold=-0.94323026043061498 0.80329679500201812 -1.7900328811776716 1.0139438575984663 -0.99537043703846639 1.4061692000856574
decision_type=2 2 2 2 2 2
left_child=-1 2 -2 4 -4 -3
right_child=1 5 3 -5 -6 -7
leaf_value=-0.024185701059758962 -0.01546210374702193 -0.016878607647720083 -0.0025226642765805484 -0.0057336235603206321 0.025911937546048619 0.0078110970906339174
leaf_weight=2.2085927819134694 0.92068105947691847 5.1905745213734908 2.1900262865819959 1.7251090339850623 8.496364416554572 2.1835988414241001
leaf_count=793 339 1343 248 219 575 194
internal_value=-0.00102809 0.00419004 0.0120674 0.0167218 0.020809 -0.00942301
internal_weight=22.9149 20.7064 13.3322 12.4115 10.6864 7.37417
internal_count=3711 2918 1381 1042 823 1537
is_linear=0
shrinkage=0.05


Tree=91
num_leaves=7
num_cat=0
split_feature=55 45 12 27 33 30
split_gain=1.15052 0.956985 1.59214 0.761163 0.693556 0.677177
threshold=1.0000000180025095e-35 0.33873849255885841 0.20643778117919762 0.074890255887460358 -0.81699372646245993 0.61997517885261655
decision_type=2 2 2 2 2 2
left_child=1 2 5 4 -3 -1
right_child=-2 3 -4 -5 -6 -7
leaf_value=-0.033351032892982239 0.011674708644836027 0.0099698822796050451 0.0095018056205300912 0.013712468771283355 -0.021680933793036931 -0.0013393774679177981
leaf_weight=5.9812348813866318 4.7676106020808211 0.6167684237007055 2.3228824213147155 3.8702425748342648 1.4831695209722955 2.3423432116396725
leaf_count=1577 278 12 302 383 520 606
internal_value=-0.00542809 -0.0113702 -0.0187676 0.00368637 -0.0119885 -0.0270841
internal_weight=21.3843 16.6166 10.6465 5.97018 2.09994 8.32358
internal_count=3678 3400 2485 915 532 2183
is_linear=0
shrinkage=0.05


Tree=92
num_leaves=7
num_cat=0
split_feature=40 10 41 42 12 11
split_gain=0.938479 1.11022 1.01915 1.06488 0.92914 0.976787
threshold=-0.67684099483737203 0.63008213290684878 -1.1263569443950838 -1.0722678845912537 -0.23739315915671874 0.68363734295447776
decision_type=2 2 2 2 2 2
left_child=-1 2 -2 -4 -5 -6
right_child=1 -3 3 4 5 -7
leaf_value=-0.016433967631318252 -0.0095380735362486282 -0.01534148747314092 -0.007170982682242393 -0.0049121741854284721 0.030003269913281661 -0.0088821039272185959
leaf_weight=3.3786403521080528 3.1358264751033937 2.5881102566490872 2.6902066994225668 1.9103253792272923 9.0208088284125374 0.51612344797467891
leaf_count=891 471 843 409 238 661 229
internal_value=0.000587956 0.00526015 0.0101604 0.0154345 0.0211329 0.026277
internal_weight=23.24 19.8614 17.2733 14.1375 11.4473 9.53693
internal_count=3742 2851 2008 1537 1128 890
is_linear=0
shrinkage=0.05


Tree=93
num_leaves=7
num_cat=0
split_feature=22 33 42 42 28 34
split_gain=0.937594 0.951155 0.780516 0.770227 0.849388 0.735684
threshold=-1.7900328811776716 0.56644052647690935 -1.0722678845912537 0.6812960478535327 0.26699218886784426 -1.2874640028619366
decision_type=2 2 2 2 2 2
left_child=-1 2 -2 -4 5 -5
right_child=1 -3 3 4 -6 -7
leaf_value=-0.018368309101141435 -0.0080370030186825373 -0.014508817440333971 0.019764671986711193 0.0093374405313964518 0.017933782722129681 -0.019278722322150665
leaf_weight=1.8324661092483463 3.138125096797018 2.2106517098145551 11.257879003416749 1.2733320856932548 0.88784414005931456 3.3462682983372352
leaf_count=655 496 744 1032 80 58 623
internal_value=0.0020553 0.00573971 0.00959454 0.0136137 -0.00149542 -0.0108202
internal_weight=23.9466 22.1141 19.9034 16.7653 5.50744 4.6196
internal_count=3688 3033 2289 1793 761 703
is_linear=0
shrinkage=0.05


Tree=94
num_leaves=7
num_cat=0
split_feature=53 11 11 12 28 1
split_gain=1.47067 1.29383 1.72095 1.1059 0.629075 0.583647
threshold=-0.37550111484765819 -0.48647568387007206 -0.31258864814471038 0.34045000253899799 0.26699218886784426 -0.88952874054449838
decision_type=2 2 2 2 2 2
left_child=1 3 -3 -1 -4 -2
right_child=5 2 4 -5 -6 -7
leaf_value=-0.031694218964602068 -0.010355300474888503 0.020937274630623892 -0.02100645177122477 0.0081353682613932565 0.0068776570833150603 0.016070595366764161
leaf_weight=4.8117209061747408 0.43376869591884304 3.4151121040340504 3.609890436113349 0.90749059384688724 1.2127132611931299 7.5956858204444853
leaf_count=1184 96 342 1232 61 379 423
internal_value=-0.00226676 -0.011285 0.00217466 -0.0247497 -0.0140461 0.0122147
internal_weight=21.9864 13.9569 8.23772 5.71921 4.8226 8.02945
internal_count=3717 3198 1953 1245 1611 519
is_linear=0
shrinkage=0.05


Tree=95
num_leaves=7
num_cat=0
split_feature=42 33 0 39 50 1
split_gain=0.951852 0.914801 0.968824 0.816711 0.89636 0.960519
threshold=-1.0722678845912537 0.7806446144904593 -0.80006675278034944 1.3613148587735937 2.1484087937713574 1.2831872372087718
decision_type=2 2 2 2 2 2
left_child=-1 2 -2 4 5 -4
right_child=1 -3 3 -5 -6 -7
leaf_value=-0.015359715074719111 -0.011331080522915463 -0.015785890052572717 0.026052662464064277 -0.007330737670812406 -0.010807992416231545 -0.0056075549089349896
leaf_weight=3.4925281798932728 2.1878385696327394 1.3177337058004912 11.330398802412665 2.0747767115244651 0.62915780465118665 1.7509377902606509
leaf_count=781 521 521 1021 359 268 222
internal_value=0.00169146 0.00643022 0.0100841 0.0143878 0.0184004 0.0215594
internal_weight=22.7834 19.2908 17.9731 15.7853 13.7105 13.0813
internal_count=3693 2912 2391 1870 1511 1243
is_linear=0
shrinkage=0.05


Tree=96
num_leaves=7
num_cat=0
split_feature=55 41 42 42 41 44
split_gain=1.13977 0.778391 0.81817 1.28528 1.22226 0.757562
threshold=1.0000000180025095e-35 -0.95222911634253082 -1.0722678845912537 0.61365127768856664 1.2152612202717525 1.277227806094767
decision_type=2 2 2 2 2 2
left_child=1 -1 5 4 -4 -3
right_child=-2 2 3 -5 -6 -7
leaf_value=-0.022054265295728438 0.01400085906141817 -0.025629381083003191 0.02939300267399534 -0.010647721393723429 -0.0060105873442851598 0.0080379535482318475
leaf_weight=3.9272861452773276 4.9117058821720994 1.9771650776965572 3.5414182067615858 4.6154283947544172 2.5164473103941418 0.81350141181610514
leaf_count=996 271 659 225 979 536 51
internal_value=-0.0024063 -0.00841818 -0.00114681 0.00570659 0.0175665 -0.0167354
internal_weight=22.303 17.3912 13.464 10.6733 6.05787 2.79067
internal_count=3717 3446 2450 1740 761 710
is_linear=0
shrinkage=0.05


Tree=97
num_leaves=7
num_cat=0
split_feature=12 41 38 33 29 9
split_gain=1.34345 1.00704 1.29567 1.29783 0.965797 0.659067
threshold=0.082637542376637188 -0.70069091912518189 -0.25848535223467256 0.68860419295229092 -0.17242958730189156 0.67657343802376502
decision_type=2 2 2 2 2 2
left_child=1 -1 4 -4 5 -3
right_child=-2 2 3 -5 -6 -7
leaf_value=-0.022020603621432794 0.016386894210052291 -0.013899880283047845 0.026912009803187056 -0.013132706193885993 -0.024985261748275898 0.011382807147644424
leaf_weight=4.898953798459849 4.7800159288453861 1.0632689878111738 3.4549077150295435 0.8298438730998895 2.5815195409813896 4.3219328820705414
leaf_count=1083 574 293 368 369 684 310
internal_value=-0.00142884 -0.00809471 0.000709951 0.016942 -0.0102666 0.00320388
internal_weight=21.9304 17.1504 12.2515 4.28475 7.96672 5.3852
internal_count=3681 3107 2024 737 1287 603
is_linear=0
shrinkage=0.05


Tree=98
num_leaves=7
num_cat=0
split_feature=29 45 26 39 29 39
split_gain=0.977623 0.911912 0.857448 0.884362 1.46626 0.490193
threshold=0.76754938769215453 -0.67598730956694442 -0.48976660590744386 1.2993058285681716 -1.4122835710049289 -1.3228673356837219
decision_type=2 2 2 2 2 2
left_child=1 -1 -3 5 -5 -4
right_child=-2 2 3 4 -6 -7
leaf_value=-0.014415488093840993 -0.019187943748419319 -0.010020978335237678 -0.0069969588322971012 0.01664392840118056 -0.024484772271055 0.020769602260738727
leaf_weight=2.7018216709257166 2.8155461334390557 2.7773565343814051 0.35453167755623027 1.3362375004217031 1.5443211920792244 10.906435055192544
leaf_count=698 1080 538 69 39 420 884
internal_value=-0.000999075 0.00380959 0.00845279 0.0131998 -0.00664812 0.0186074
internal_weight=22.4362 19.6207 16.9189 14.1415 2.88056 11.261
internal_count=3728 2648 1950 1412 459 953
is_linear=0
shrinkage=0.05


Tree=99
num_leaves=7
num_cat=0
split_feature=53 15 43 15 36 41
split_gain=0.814527 0.967911 1.03198 0.887206 0.731744 0.618694
threshold=-0.2485865636087396 -0.80649847674524766 -0.078228458116601521 0.80329679500201812 -0.55793768978440972 -1.0202869576357252
decision_type=2 2 2 2 2 2
left_child=1 -1 -3 -2 -4 -6
right_child=3 2 4 -5 5 -7
leaf_value=-0.020198634293193352 0.016897095004248873 -0.015613646436759424 -0.0080176765512160134 -0.010915440607578616 -0.007162387091441267 0.025930389407974982
leaf_weight=6.8145712282857867 5.0785014894790939 2.0673285882221544 1.3426670605549595 1.9498794527025891 0.42040109506342593 3.4686429449357083
leaf_count=1524 267 701 567 228 110 303
internal_value=-0.00358169 -0.00987181 0.00284479 0.00822397 0.0131708 0.0207919
internal_weight=21.142 14.1136 7.29904 7.02838 5.23171 3.88904
internal_count=3700 3205 1681 495 980 413
is_linear=0
shrinkage=0.05


Tree=100
num_leaves=7
num_cat=0
split_feature=12 60 30 29 29 0
split_gain=0.976023 0.847078 0.960749 1.65392 0.806243 0.672188
threshold=0.082637542376637188 -0.20779548606225443 0.39163965602040068 0.67723695231252867 -1.4122835710049289 -0.80006675278034944
decision_type=2 2 2 2 2 2
left_child=1 2 4 -4 -1 -2
right_child=5 -3 3 -5 -6 -7
leaf_value=0.004265154619360929 -0.0052390941243527153 0.0071876963720642444 0.020425368588786005 -0.019831957761055952 -0.027915356912766566 0.023047641869059287
leaf_weight=1.6054127915995229 1.7657245468581093 6.0868672843789673 2.9290011445991695 1.5484059248701667 5.3849932408193144 3.2309422420803449
leaf_count=254 374 444 318 776 1304 242
internal_value=1.6635e-05 -0.00575126 -0.0126853 0.00413221 -0.0214633 0.0148362
internal_weight=22.5513 17.5547 11.4678 4.47741 6.99041 4.99667
internal_count=3712 3096 2652 1094 1558 616
is_linear=0
shrinkage=0.05


Tree=101
num_leaves=7
num_cat=0
split_feature=1 37 14 59 49 37
split_gain=1.06688 0.977212 0.917943 0.884174 1.21794 0.552605
threshold=-0.88952874054449838 -0.60082899256245004 1.0000000180025095e-35 1.0000000180025095e-35 -0.3563589200727057 0.1256715377982375
decision_type=2 2 2 2 2 2
left_child=-1 -2 3 -3 -5 -6
right_child=1 2 -4 4 5 -7
leaf_value=-0.022186816832808293 0.017422636023988393 0.0063016214368702686 0.016692010236499733 -0.031213790038695639 0.01333290820326103 -0.0093698651192725257
leaf_weight=2.2841048366972272 4.7026771621895085 4.4131399791222092 1.4665779183851562 3.4551895746262637 1.9017981021897865 2.94562806293834
leaf_count=839 578 323 250 1052 142 501
internal_value=-0.00221816 0.00290731 -0.00410739 -0.00923472 -0.0169735 0.00122913
internal_weight=21.1691 18.885 14.1823 12.7158 8.30262 4.84743
internal_count=3685 2846 2268 2018 1695 643
is_linear=0
shrinkage=0.05


Tree=102
num_leaves=7
num_cat=0
split_feature=12 40 54 40 0 45
split_gain=0.969301 1.07303 1.40677 0.723929 0.521945 0.47294
threshold=0.18521182790577229 0.656827191429178 -0.3755400632754467 1.1592409419699872 -0.28423820186917409 -0.65371284073979274
decision_type=2 2 2 2 2 2
left_child=1 2 -1 -3 -4 -6
right_child=-2 3 4 -5 5 -7
leaf_value=-0.025136332289041604 0.014842542969045889 0.019353483376145997 -0.011216623349239029 -0.0079822555015616765 -0.0080557022023646351 0.01624262688424076
leaf_weight=7.040706631378276 3.8458940429845816 2.884405887394677 1.3143893580418078 1.9381776376394553 0.73033004312310357 3.9542316723964177
leaf_count=2137 432 240 215 373 104 238
internal_value=-0.00169169 -0.00687409 -0.0135835 0.00951936 0.00383508 0.0107885
internal_weight=21.7081 17.8622 13.0397 4.82258 5.99895 4.68456
internal_count=3739 3307 2694 613 557 342
is_linear=0
shrinkage=0.05


Tree=103
num_leaves=7
num_cat=0
split_feature=22 36 42 44 0 37
split_gain=0.910957 0.903974 0.635561 0.71618 0.733721 0.638018
threshold=-1.7900328811776716 -0.74344568923169252 0.6812960478535327 -0.34065891923466107 -0.80006675278034944 0.75245630908981143
decision_type=2 2 2 2 2 2
left_child=-1 -2 3 -3 -5 -6
right_child=1 2 -4 4 5 -7
leaf_value=-0.021448634844008774 -0.013540362808560635 -0.0084533643705348369 -0.0052764013992051195 -0.0092888012910528842 0.025168946635854974 -0.0032784633841357103
leaf_weight=1.5211319316877077 3.486266391817483 1.4120700159110189 4.6896189993130966 0.62981338286772803 8.3818258162354926 1.615240148559679
leaf_count=658 1275 263 610 132 559 211
internal_value=-0.00101261 0.0030982 0.00809743 0.0133204 0.0174377 0.0208768
internal_weight=21.736 20.2148 16.7286 12.0389 10.6269 9.99707
internal_count=3708 3050 1775 1165 902 770
is_linear=0
shrinkage=0.05


Tree=104
num_leaves=7
num_cat=0
split_feature=11 11 54 37 26 7
split_gain=0.912122 0.883572 0.936881 0.834746 0.613121 0.530978
threshold=-0.024649550107908164 -0.45145678649879362 0.33182751436566849 0.75245630908981143 0.54023975857680417 -0.28598436590025328
decision_type=2 2 2 2 2 2
left_child=1 2 5 4 -3 -1
right_child=-2 3 -4 -5 -6 -7
leaf_value=0.00067489718376407236 -0.01899997872200861 0.025219797373397974 0.0084095846933488205 -0.011753092706016904 -0.0048528369337864658 -0.024014206566640026
leaf_weight=3.0849278433015606 3.8168125000665887 4.6133421731065036 4.5657442521769553 0.59433174174046133 1.0892446746584026 3.2975238782237284
leaf_count=494 1338 406 281 166 198 802
internal_value=-0.00345358 0.00229287 -0.00598633 0.0139743 0.0197829 -0.0156807
internal_weight=21.0619 17.2451 10.9482 6.29692 5.70259 6.38245
internal_count=3685 2347 1577 770 604 1296
is_linear=0
shrinkage=0.05


Tree=105
num_leaves=7
num_cat=0
split_feature=42 11 11 54 39 40
split_gain=1.05253 1.16703 0.838717 0.845274 0.778659 0.678749
threshold=0.6812960478535327 0.29792847816103712 -0.45145678649879362 -0.40372786082654527 -0.38248691239453797 -0.67684099483737203
decision_type=2 2 2 2 2 2
left_child=1 2 3 -1 -2 -4
right_child=4 -3 5 -5 -6 -7
leaf_value=-0.013193809341772179 0.0034923986152120452 -0.018541515319508803 -0.0083039808891384997 0.011542173021285587 -0.026310184626299957 0.024412077473073005
leaf_weight=4.0871472507715225 2.4421433077659458 1.6076376021374006 0.40199524251511309 3.7659178690519184 3.1122986065456635 5.8514929721714015
leaf_count=818 437 676 171 241 783 583
internal_value=-0.00225897 0.00464821 0.0100792 -0.00142016 -0.0165773 0.0202986
internal_weight=21.2686 15.7142 14.1066 7.85307 5.55444 6.25349
internal_count=3709 2489 1813 1059 1220 754
is_linear=0
shrinkage=0.05


Tree=106
num_leaves=7
num_cat=0
split_feature=29 4 39 61 39 56
split_gain=1.10177 1.04362 0.999733 0.872708 1.17309 0.569351
threshold=-0.22340560881047963 -1.2107854317166307 1.3613148587735937 0.89709807079665616 -0.97561676653335827 2.0456366927030474
decision_type=2 2 2 2 2 2
left_child=1 -1 -3 5 -5 -2
right_child=3 2 -4 4 -6 -7
leaf_value=-0.015467921006306408 -0.023488608836166099 0.0210407278708842 -0.008492478854015096 -0.017074957654528263 0.018212729133756218 0.0054674666911726996
leaf_weight=1.0170998572139058 5.5626825512736087 8.4801437197602372 1.9938172631664191 1.0416750116273759 2.964178140158765 0.89849249238613982
leaf_count=317 1625 612 336 390 379 57
internal_value=-0.000127958 0.00945442 0.0147797 -0.0104105 0.00565421 -0.0190051
internal_weight=21.9581 11.4911 10.474 10.467 4.00585 6.46118
internal_count=3716 1265 948 2451 769 1682
is_linear=0
shrinkage=0.05


Tree=107
num_leaves=7
num_cat=0
split_feature=22 39 6 39 42 45
split_gain=0.942893 0.93411 1.03501 0.766643 0.718963 0.578658
threshold=-1.7900328811776716 -0.93032321403548468 0.89693784340888094 1.0000000180025095e-35 0.35343606722683457 -0.65371284073979274
decision_type=2 2 2 2 2 2
left_child=-1 -2 3 5 -5 -3
right_child=1 2 -4 4 -6 -7
leaf_value=-0.020309550821340755 -0.013231712155502288 -0.0056061786263732379 -0.015880505999149554 0.010094807697636666 -0.012396886087678756 0.026001097840090172
leaf_weight=1.4221579133882212 3.0275917312828851 0.60211215878371138 1.0212187680881459 6.4576599073479866 2.7397772731492296 6.7819702009437668
leaf_count=645 676 132 486 677 459 619
internal_value=0.000999477 0.00486034 0.00944568 0.0131995 0.00199369 0.0225487
internal_weight=22.0525 20.6303 17.6027 16.5815 9.19744 7.38408
internal_count=3694 3049 2373 1887 1136 751
is_linear=0
shrinkage=0.05


Tree=108
num_leaves=7
num_cat=0
split_feature=29 39 39 4 39 4
split_gain=1.23875 1.22902 1.03306 0.908016 0.600934 0.606227
threshold=-0.22340560881047963 -0.66287557071470748 -0.93032321403548468 -1.2252803067692222 1.4648429787687334 -1.0068218327623086
decision_type=2 2 2 2 2 2
left_child=3 2 -2 -1 -5 -6
right_child=1 -3 -4 4 5 -7
leaf_value=-0.015240110574692553 -0.012036311231511996 -0.024814560899863024 0.020368778324383413 0.017243502324684978 0.010636114587012885 -0.01808559376736215
leaf_weight=0.99799498065840353 2.1587043814943172 5.5805402832338569 1.9171561543480491 8.7512333423364925 0.79534553945995867 0.93238256941549369
leaf_count=309 607 1658 171 681 32 264
internal_value=-0.00264807 -0.0138157 0.00537951 0.00766396 0.0127518 -0.00650455
internal_weight=21.1334 9.6564 4.07586 11.477 10.479 1.72773
internal_count=3722 2436 778 1286 977 296
is_linear=0
shrinkage=0.05


Tree=109
num_leaves=7
num_cat=0
split_feature=16 16 31 4 11 28
split_gain=0.882782 0.835529 0.749373 0.634732 0.707056 0.638947
threshold=-0.36831867093583637 1.4689526365835628 0.073900730814906515 -0.15473024931354257 -0.4359484980792675 -0.40137652201277857
decision_type=2 2 2 2 2 2
left_child=3 -2 -3 -1 5 -5
right_child=1 2 -4 4 -6 -7
leaf_value=-0.019723370262122831 0.025196590267385507 -0.014939916563701841 0.0088507973871387816 0.0073304693836049361 0.010979941629803144 -0.022615075640856568
leaf_weight=4.8739909916766919 1.5473565431311707 2.6935994691448286 4.9513014644617215 1.0930684738559651 4.1960852388292569 1.4660021060844881
leaf_count=1250 43 460 397 80 953 517
internal_value=-0.0019895 0.00819301 -0.00137968 -0.0100678 0.000821897 -0.012771
internal_weight=20.8214 9.19226 7.6449 11.6291 6.75516 2.55907
internal_count=3700 900 857 2800 1550 597
is_linear=0
shrinkage=0.05


Tree=110
num_leaves=7
num_cat=0
split_feature=26 29 40 2 2 54
split_gain=1.14225 0.930493 0.919907 0.806532 0.810398 0.358565
threshold=-0.48976660590744386 0.67723695231252867 0.048714085792385543 -0.45147522817905533 -0.62278582629742474 -0.0473571150886253
decision_type=2 2 2 2 2 2
left_child=-1 2 3 4 5 -2
right_child=1 -3 -4 -5 -6 -7
leaf_value=-0.020776972022395535 -0.018095662134205142 -0.015236051635489321 0.019176935358782468 -0.01966308821032069 0.015998170959677708 0.0051723168048965276
leaf_weight=3.7172797094681327 1.1964625145192291 2.4849398501683018 6.3939951553475112 1.5748562974040377 3.9969532100949441 1.0106519510736687
leaf_count=1124 319 869 539 469 345 52
internal_value=-0.00325971 0.00322357 0.00855634 -0.00308108 0.00616521 -0.0105996
internal_weight=20.3751 16.6579 14.1729 7.77892 6.20407 2.20711
internal_count=3717 2593 1724 1185 716 371
is_linear=0
shrinkage=0.05


Tree=111
num_leaves=7
num_cat=0
split_feature=26 33 61 44 1 40
split_gain=0.880942 0.799385 0.805517 0.760789 0.667933 0.814755
threshold=-0.19170491128966302 0.7806446144904593 -0.81043115915356323 0.15490707519873104 1.3682250445572366 -0.64603042162805024
decision_type=2 2 2 2 2 2
left_child=-1 2 3 -2 5 -4
right_child=1 -3 4 -5 -6 -7
leaf_value=-0.014416347189420984 -0.017478516144105435 -0.016309451218332671 -0.0063796997490091437 0.0085157167823436946 -0.006987919216060819 0.02787055871870588
leaf_weight=6.763664216501641 2.2313831091742031 1.0283655660459761 0.97551931289490301 3.3862241394235753 0.9692052412428892 5.3412724416702968
leaf_count=1759 496 444 246 308 155 313
internal_value=-0.00270655 0.00452534 0.00894912 -0.00429975 0.0174389 0.0222301
internal_weight=20.6956 13.932 12.9036 5.61761 7.286 6.31679
internal_count=3721 1962 1518 804 714 559
is_linear=0
shrinkage=0.05


Tree=112
num_leaves=7
num_cat=0
split_feature=1 1 28 30 34 43
split_gain=0.863186 0.772495 0.691915 0.709392 1.27107 0.761152
threshold=1.4399756945075033 -1.0978713685482366 0.72552825229669093 0.44471083763106306 -0.055606779487242776 0.31556489269392779
decision_type=2 2 2 2 2 2
left_child=1 -1 3 4 5 -3
right_child=-2 2 -4 -5 -6 -7
leaf_value=-0.016107532574956184 -0.019347579798927709 -0.0014758084733393414 -0.012114457431943199 0.024424696813119307 -0.016754271319542043 0.02147367041694901
leaf_weight=1.0497230557375647 1.4139294869964931 5.9724526938516718 1.2712102497462172 3.8200606974423854 2.7729095407994437 4.9364832944702357
leaf_count=487 324 878 552 467 758 232
internal_value=0.00101777 0.00482264 0.0080511 0.0110741 0.00362447 0.0113009
internal_weight=21.2368 19.8228 18.7731 17.5019 13.6818 10.9089
internal_count=3698 3374 2887 2335 1868 1110
is_linear=0
shrinkage=0.05


Tree=113
num_leaves=7
num_cat=0
split_feature=12 55 61 34 11 41
split_gain=1.32036 0.870948 0.747596 0.952379 0.469276 0.46412
threshold=0.082637542376637188 1.0000000180025095e-35 0.67035712515064516 -1.6810818932436244 0.68363734295447776 -0.41491378940783169
decision_type=2 2 2 2 2 2
left_child=1 2 3 -1 -2 -4
right_child=4 -3 5 -5 -6 -7
leaf_value=0.0060586401955059523 0.019518185913880499 0.0070992349162953029 -0.01247129757156808 -0.029596437762050638 -0.0066395209711772249 0.008816124491930975
leaf_weight=1.2358677503652868 3.8571857771603382 3.6201078888261682 1.2819534961599854 6.0616659438237566 0.65050360525492568 3.3728605227079242
leaf_count=183 330 236 397 1701 278 582
internal_value=-0.00360254 -0.0103782 -0.0160341 -0.0235522 0.0145987 0.000363486
internal_weight=20.0801 15.5725 11.9523 7.29753 4.50769 4.65481
internal_count=3707 3099 2863 1884 608 979
is_linear=0
shrinkage=0.05


Tree=114
num_leaves=7
num_cat=0
split_feature=42 10 40 41 11 9
split_gain=0.671135 0.717564 0.790067 0.882293 0.641008 0.75336
threshold=-1.0722678845912537 0.63008213290684878 -0.67684099483737203 -1.1263569443950838 0.68363734295447776 0.10690668978599831
decision_type=2 2 2 2 2 2
left_child=-1 2 -2 -4 5 -5
right_child=1 -3 3 4 -6 -7
leaf_value=-0.015310534289444214 -0.011252402520391388 -0.014430631096101917 -0.0074486409711189278 0.034698871470368105 -0.0086006678639740011 0.0066507229542950332
leaf_weight=3.3216542685404447 2.1797826124820885 1.8120134185301129 2.8400238406029557 2.8083617897354927 0.51485636801226142 7.2882218763115816
leaf_count=789 604 741 462 165 261 702
internal_value=-0.00118982 0.00335132 0.00740435 0.0119283 0.0176129 0.0206136
internal_weight=20.7649 17.4433 15.6312 13.4515 10.6114 10.0966
internal_count=3724 2935 2194 1590 1128 867
is_linear=0
shrinkage=0.05


Tree=115
num_leaves=7
num_cat=0
split_feature=0 29 39 39 39 43
split_gain=0.839678 1.05106 1.28558 1.33358 0.682539 0.615437
threshold=-0.80006675278034944 -0.22340560881047963 -0.62944461529961038 -0.97561676653335827 1.3613148587735937 1.0082533046570903
decision_type=2 2 2 2 2 2
left_child=-1 4 3 -3 -2 -4
right_child=1 2 5 -5 -6 -7
leaf_value=-0.01944817199356744 0.01879661949231793 -0.013927278489644408 -0.026384657724946088 0.023746885276756127 -0.0060730431784546549 0.0038222303102392629
leaf_weight=2.1014156613382537 7.2722360392217578 1.515390040061902 3.8135829523671338 2.552148568385749 2.1355667724274099 1.336308389843907
leaf_count=671 544 485 1270 210 357 189
internal_value=-0.00133011 0.00312849 -0.00771361 0.00975717 0.0130478 -0.0200248
internal_weight=20.7266 18.6252 9.21743 4.06754 9.4078 5.14989
internal_count=3726 3055 2154 695 901 1459
is_linear=0
shrinkage=0.05


Tree=116
num_leaves=7
num_cat=0
split_feature=12 15 15 44 32 34
split_gain=0.976105 1.28916 0.945303 0.934226 0.827796 1.07225
threshold=0.18521182790577229 0.80329679500201812 -0.80649847674524766 2.0686775984292693 0.66631022649845939 -1.4819251654898291
decision_type=2 2 2 2 2 2
left_child=1 2 4 -3 5 -1
right_child=-2 3 -4 -5 -6 -7
leaf_value=0.0094221887666000956 0.014479836652489256 -0.027819991340433559 0.02324162512504406 0.0079097950663286534 0.0090715947769633397 -0.024300914493966028
leaf_weight=1.6603043001377944 3.7502504067379041 5.1573530717287204 1.2244119420647681 0.92691145511344064 4.2571274114307016 3.7144054931122801
leaf_count=166 430 1665 32 78 374 1024
internal_value=-0.00225294 -0.00757836 0.00323031 -0.0215622 -0.00422917 -0.01424
internal_weight=20.6908 16.9405 10.8562 6.08426 9.63184 5.37471
internal_count=3769 3339 1596 1743 1564 1190
is_linear=0
shrinkage=0.05


Tree=117
num_leaves=7
num_cat=0
split_feature=32 49 34 55 34 39
split_gain=0.640332 1.06518 0.846668 0.754982 0.700254 0.949316
threshold=0.44342617607552454 -0.3563589200727057 -1.6810818932436244 1.0000000180025095e-35 -0.055606779487242776 -0.66287557071470748
decision_type=2 2 2 2 2 2
left_child=1 2 -1 -4 -2 -6
right_child=4 -3 3 -5 5 -7
leaf_value=0.0061078290839671964 0.0165211085299036 0.0081504930836731812 -0.031743634268037516 0.0036037866581810074 0.010758321408420916 -0.018431036830193353
leaf_weight=1.5112947543384505 4.1356541565619409 3.6113425752264448 4.280469308781905 1.1963011446641756 2.6975610053050332 2.7320554951438663
leaf_count=209 225 641 1630 101 310 597
internal_value=-0.00263369 -0.00989352 -0.0188657 -0.0254797 0.00585243 -0.00526139
internal_weight=20.1647 10.5994 6.98807 5.47677 9.56527 5.42962
internal_count=3713 2581 1940 1731 1132 907
is_linear=0
shrinkage=0.05


Tree=118
num_leaves=7
num_cat=0
split_feature=34 9 29 62 39 4
split_gain=0.840821 0.805026 0.726179 0.638041 0.627389 0.814999
threshold=-0.36840158048917232 0.077626010049830843 0.74409644692992705 0.17401010714764092 1.3613148587735937 -1.0865436455515616
decision_type=2 2 2 2 2 2
left_child=4 2 3 -2 5 -1
right_child=1 -3 -4 -5 -6 -7
leaf_value=-0.0095474614057377699 -0.0085116126588214366 -0.021673213668783498 -0.012845790589007847 0.020673183651533728 -0.009608208224632854 0.01895980830197138
leaf_weight=1.3534794320585195 0.83239688165485715 4.6531190593959764 1.8386008024099281 2.5830780822434463 1.9656179456505922 6.3560093275154967
leaf_count=312 282 970 909 379 386 456
internal_value=-0.00252899 -0.0112513 0.00250112 0.0129063 0.00695164 0.0126825
internal_weight=19.5823 9.90719 5.25408 3.41547 9.67511 7.70949
internal_count=3694 2540 1570 661 1154 768
is_linear=0
shrinkage=0.05


Tree=119
num_leaves=7
num_cat=0
split_feature=34 38 27 34 12 60
split_gain=0.589156 0.819941 0.77536 1.33256 0.889933 0.821456
threshold=0.95782570751357354 -0.25848535223467256 0.7607826672893413 -1.400265509909479 0.34045000253899799 1.8926096964838282
decision_type=2 2 2 2 2 2
left_child=1 2 3 -1 5 -5
right_child=-2 -3 -4 4 -6 -7
leaf_value=0.010872212722754349 -0.015997575293084761 0.017765100689185919 0.010144949741521803 -0.033474920246250539 0.0065211736930118865 0.0043844999280390649
leaf_weight=3.1552147419424754 1.1420807224349108 4.7610080119338827 5.3226072492543617 3.9367834282456888 1.31454696576111 1.0100230207899583
leaf_count=352 664 806 482 1140 147 66
internal_value=0.00154277 0.00456609 -0.00198077 -0.00962984 -0.0201364 -0.0270079
internal_weight=20.6423 19.5002 14.7392 9.41657 6.26135 4.94681
internal_count=3657 2993 2187 1705 1353 1206
is_linear=0
shrinkage=0.05


Tree=120
num_leaves=7
num_cat=0
split_feature=40 12 40 33 27 14
split_gain=0.824585 1.0152 0.538851 0.436526 0.483616 0.609687
threshold=-0.67684099483737203 -0.12281043759430581 0.99899861617472296 -0.80497422098742388 0.77566781773223525 0.25175379934386027
decision_type=2 2 2 2 2 2
left_child=-1 3 -3 -2 5 -5
right_child=1 2 -4 4 -6 -7
leaf_value=-0.015803991084501156 0.0096673869028320661 0.020169551259801258 -0.0068909773347973387 -0.022391228080890606 0.0030750365526944581 0.0069923198260775964
leaf_weight=2.8194990329793681 1.5544445737032262 6.9724438316770803 0.70955163659527887 3.8377324396860768 3.9833495145430788 0.81174495216691855
leaf_count=881 90 915 176 979 434 229
internal_value=0.000956458 0.0054927 0.0164367 -0.00462178 -0.00902431 -0.0165308
internal_weight=20.6888 17.8693 7.682 10.1873 8.63283 4.64948
internal_count=3704 2823 1091 1732 1642 1208
is_linear=0
shrinkage=0.05


Tree=121
num_leaves=7
num_cat=0
split_feature=42 31 42 43 37 12
split_gain=0.735339 0.920677 0.637715 0.527078 0.447759 0.433386
threshold=0.6812960478535327 0.073900730814906515 0.3435587978018449 -0.65535236490582649 2.1591607673862412 0.61023881920827894
decision_type=2 2 2 2 2 2
left_child=1 2 5 -3 -2 -1
right_child=4 3 -4 -5 -6 -7
leaf_value=-0.020440379195835617 -0.020064733304008514 -0.0090327128470065032 0.0095257817865410342 0.016027704059417704 0.0064888696772705387 0.0048693760135127481
leaf_weight=4.2698840795783344 4.7107578243012531 0.58715837239287783 1.2522234588395802 7.0428458087844774 0.48026461037807155 0.92263808276038606
leaf_count=1328 1203 168 172 754 16 104
internal_value=-0.00415714 0.00231742 -0.00942245 0.0120943 -0.0161312 -0.0158069
internal_weight=19.2658 14.0747 6.44475 7.63 5.19102 5.19252
internal_count=3745 2526 1604 922 1219 1432
is_linear=0
shrinkage=0.05


Tree=122
num_leaves=7
num_cat=0
split_feature=26 29 61 29 22 15
split_gain=0.915277 0.803961 1.08023 0.79763 0.461437 0.373411
threshold=-0.19170491128966302 0.76754938769215453 -0.81043115915356323 -1.2762813325107409 -1.7900328811776716 -0.80649847674524766
decision_type=2 2 2 2 2 2
left_child=5 2 3 -2 -4 -1
right_child=1 -3 4 -5 -6 -7
leaf_value=-0.02103898482412277 0.012146239136801211 -0.015328226651953212 -0.0049692918069437703 -0.015796548169118633 0.023024562666425958 -0.00043705937631417893
leaf_weight=2.9078391676885076 1.5228098353836683 0.9548608227050871 0.63089832029072557 3.3878571332897991 6.8311515648383612 3.7112924965331358
leaf_count=853 99 439 225 705 479 905
internal_value=-0.0011115 0.00623013 0.0105605 -0.00581126 0.0199115 -0.0132266
internal_weight=19.9467 13.3276 12.3727 4.91067 7.46205 6.61913
internal_count=3705 1947 1508 804 704 1758
is_linear=0
shrinkage=0.05


Tree=123
num_leaves=7
num_cat=0
split_feature=61 6 39 29 30 33
split_gain=1.00815 1.02914 0.878658 0.830839 0.948107 0.751849
threshold=0.62836806114212462 0.89693784340888094 -0.97561676653335827 -0.17242958730189156 -0.31550147846508358 1.0668408833238296
decision_type=2 2 2 2 2 2
left_child=3 2 -2 4 -1 -4
right_child=1 -3 5 -5 -6 -7
leaf_value=-0.0099217787499287346 -0.0061996426091070833 -0.014357055665090129 0.029337863268889 -0.022785488485196966 0.016161513195552812 -0.007525367357390858
leaf_weight=5.5679164640023373 1.7630533204064702 0.90614406863460306 4.8728561432217239 3.336434771073983 2.879040747648105 0.40944091539131466
leaf_count=977 354 485 354 1185 168 167
internal_value=-0.000645176 0.0109305 0.0174993 -0.00908949 0.000874051 0.0247897
internal_weight=19.7349 7.95149 7.04535 11.7834 8.44696 5.2823
internal_count=3690 1360 875 2330 1145 521
is_linear=0
shrinkage=0.05


Tree=124
num_leaves=7
num_cat=0
split_feature=22 6 61 39 29 12
split_gain=0.72012 0.597501 0.746651 1.13271 0.940344 0.739353
threshold=-1.7900328811776716 0.89693784340888094 0.62836806114212462 -1.0219887369478478 -0.17242958730189156 -0.24619096926035136
decision_type=2 2 2 2 2 2
left_child=-1 2 4 -4 -2 -5
right_child=1 -3 3 5 -6 -7
leaf_value=-0.018361472148602651 0.0073877904053139239 -0.013147745609252182 -0.0092655865485880892 -0.0058861325035096425 -0.017922362972092435 0.030786549257608816
leaf_weight=1.263593938085253 7.8107695272192421 1.467043041193391 1.4706486857612615 0.64459213067311782 2.5753461098065591 4.4866753118694751
leaf_count=656 791 686 319 138 748 352
internal_value=0.000463939 0.00414009 0.00738229 0.0174562 -0.00149824 0.0257077
internal_weight=19.7187 18.4551 16.988 6.60192 10.3861 5.13127
internal_count=3690 3034 2348 809 1539 490
is_linear=0
shrinkage=0.05


Tree=125
num_leaves=7
num_cat=0
split_feature=38 43 59 34 34 41
split_gain=0.630958 0.92842 0.975937 0.90058 0.644271 0.509627
threshold=-0.25848535223467256 0.34267055364726545 1.0000000180025095e-35 0.91583548144515836 -0.071798383369665181 -0.91684911943903302
decision_type=2 2 2 2 2 2
left_child=1 2 -1 5 -3 -2
right_child=3 4 -4 -5 -6 -7
leaf_value=0.0041671787511877948 -0.006756084877888674 0.013469712243668816 -0.025999803847328192 -0.014176262027419019 -0.011937705648552489 0.021068885800999585
leaf_weight=2.8263573731528604 0.60048545722383995 4.0564379326533526 5.6277647268725568 0.95403656800044689 1.1217629605089303 3.9186429093242614
leaf_count=235 216 245 1651 564 258 539
internal_value=-0.00401744 -0.00927092 -0.0174645 0.00771724 0.00560561 0.0161512
internal_weight=19.1055 13.6323 8.45412 5.47316 5.1782 4.51913
internal_count=3708 2389 1886 1319 503 755
is_linear=0
shrinkage=0.05


Tree=126
num_leaves=7
num_cat=0
split_feature=0 12 45 45 4 29
split_gain=0.766519 0.995839 0.47311 0.471355 0.403055 0.370574
threshold=-0.80006675278034944 0.082637542376637188 -0.65371284073979274 -0.14387499869609668 -0.54126197629634343 -1.3097110798194398
decision_type=2 2 2 2 2 2
left_child=-1 2 -2 4 -4 -5
right_child=1 -3 3 5 -6 -7
leaf_value=-0.019851181286551851 -0.017808907277059253 0.019966145437237324 -0.0070799594099490611 0.0088121804570663494 0.014439649731229652 -0.010708901269613928
leaf_weight=2.0053368947119479 1.6451326670357982 2.7244030205183654 0.99343592050718132 0.77988288644701498 4.4081888251821537 6.4336334677645866
leaf_count=681 623 235 198 33 627 1288
internal_value=-0.00258339 0.00212928 -0.00415644 0.000703385 0.00936703 -0.00662992
internal_weight=18.99 16.9847 14.2603 12.6151 5.40162 7.21352
internal_count=3685 3004 2769 2146 825 1321
is_linear=0
shrinkage=0.05


Tree=127
num_leaves=7
num_cat=0
split_feature=15 15 54 40 28 33
split_gain=0.937393 1.17447 0.624377 0.648171 0.452518 0.435603
threshold=0.80329679500201812 -0.80649847674524766 -0.39567434258852591 0.66605090629675789 -0.39585975434351545 -0.60753492303277923
decision_type=2 2 2 2 2 2
left_child=1 2 3 -1 5 -2
right_child=4 -3 -4 -5 -6 -7
leaf_value=-0.018421605519282663 -0.011910871433186769 0.026520035836691675 0.0082719217250597898 0.0077808977989664426 -0.022114253632682795 0.0096929033728165286
leaf_weight=4.3957785621751082 1.1884975297725762 1.7005362063646341 4.5292909999843687 1.4731059779296627 3.3935727972420846 2.268691740988289
leaf_count=1210 298 49 361 174 1250 333
internal_value=-0.00249236 0.00566292 -0.00292246 -0.0114374 -0.0142333 0.000182783
internal_weight=18.9495 12.0987 10.3982 5.86888 6.85076 3.45719
internal_count=3675 1794 1745 1384 1881 631
is_linear=0
shrinkage=0.05


Tree=128
num_leaves=7
num_cat=0
split_feature=34 38 34 1 6 6
split_gain=1.00966 0.710247 0.791081 0.74484 0.64238 0.635445
threshold=-1.400265509909479 -0.25848535223467256 0.91583548144515836 0.32385447305890563 -1.8536281038153117 -0.29497406705493606
decision_type=2 2 2 2 2 2
left_child=4 3 -3 -2 -1 -5
right_child=1 2 -4 5 -6 -7
leaf_value=-0.0091960648733000316 -0.024621992022628995 0.01378338317681275 -0.014382785859838616 0.012098793635856045 0.021483969854587948 -0.011020463104485177
leaf_weight=0.46611172490520436 4.6081178727908991 4.2655018783407259 0.97288282110821445 2.4479816005332395 2.9872919065528576 3.5499935289844871
leaf_count=200 1258 764 581 146 159 628
internal_value=-0.00241452 -0.00799146 0.00521972 -0.0142287 0.0149931 -0.000696819
internal_weight=19.2979 15.8445 5.23838 10.6061 3.4534 5.99798
internal_count=3736 3377 1345 2032 359 774
is_linear=0
shrinkage=0.05


Tree=129
num_leaves=7
num_cat=0
split_feature=16 39 39 16 31 9
split_gain=0.974322 0.637034 0.642943 0.531673 0.603774 0.425383
threshold=-0.36831867093583637 -0.40729052447670688 -0.93032321403548468 1.4689526365835628 0.073900730814906515 1.3156866122956545
decision_type=2 2 2 2 2 2
left_child=1 2 -1 -2 5 -5
right_child=3 -3 -4 4 -6 -7
leaf_value=-0.011242349979454372 0.02290618512886616 -0.018921399287358157 0.013158986873738863 -0.019151795411931963 0.0095681327229744199 0.0059442039445361857
leaf_weight=2.1016980889253318 1.467356750741599 5.3740182108012977 2.8325912905856967 1.7053652904578487 4.8115325043327175 0.89696302486117918
leaf_count=609 49 1692 482 399 404 61
internal_value=-0.00130387 -0.0104485 0.00244457 0.00926841 0.000748035 -0.0119507
internal_weight=19.1895 10.3083 4.93429 8.88122 7.41386 2.60233
internal_count=3696 2783 1091 913 864 460
is_linear=0
shrinkage=0.05


Tree=130
num_leaves=7
num_cat=0
split_feature=12 62 62 11 33 41
split_gain=0.776573 0.623156 1.0021 0.601639 0.550472 0.475124
threshold=-0.12281043759430581 0.48609798040612934 0.60900022043694446 0.68363734295447776 -0.81607237241503083 -0.96629291012550012
decision_type=2 2 2 2 2 2
left_child=1 4 -3 5 -1 -2
right_child=3 2 -4 -5 -6 -7
leaf_value=0.0068294030959675832 -0.0047149670434923786 0.020092406701399557 -0.010641819682564302 -0.010146201822629389 -0.020241377291335128 0.01910855507945209
leaf_weight=0.82860607426846389 1.4047490640077738 1.916288834356237 2.9786123899393715 0.91035818681120861 5.36396855954081 6.0538980168639664
leaf_count=72 280 95 692 488 1289 756
internal_value=0.00020346 -0.00766599 0.0044531 0.0099009 -0.0155725 0.0145562
internal_weight=19.4565 11.0875 4.8949 8.36901 6.19257 7.45865
internal_count=3672 2148 787 1524 1361 1036
is_linear=0
shrinkage=0.05


Tree=131
num_leaves=7
num_cat=0
split_feature=12 42 22 41 0 33
split_gain=0.814705 0.910496 0.72114 0.607727 0.642605 0.557806
threshold=-0.23739315915671874 -1.0004107495244539 -1.7900328811776716 -1.1263569443950838 -0.80006675278034944 -0.81481600751603767
decision_type=2 2 2 2 2 2
left_child=5 -2 -3 -4 -5 -1
right_child=1 2 3 4 -6 -7
leaf_value=0.0063667386598601191 -0.014428649795825147 -0.012588009500277204 -0.0049164528214555199 -0.0067331636116439624 0.022078227304854332 -0.022029127958264463
leaf_weight=0.86794849095167581 2.3061599734355704 0.7487308502313671 2.2696106630028217 0.90931481041479578 8.3050277367001382 3.2605738947168019
leaf_count=91 615 396 486 237 966 888
internal_value=-0.00183102 0.00419727 0.00985881 0.0136265 0.0182796 -0.0158923
internal_weight=18.6674 14.5388 12.2327 11.484 9.21434 4.12852
internal_count=3679 2700 2085 1689 1203 979
is_linear=0
shrinkage=0.05


Tree=132
num_leaves=7
num_cat=0
split_feature=1 1 39 39 22 33
split_gain=0.722869 0.499358 0.620985 0.515076 0.547426 0.525851
threshold=-0.44733214233248259 1.4399756945075033 1.2993058285681716 -1.2511525442287554 -0.94764468864788742 1.0354625031808993
decision_type=2 2 2 2 2 2
left_child=-1 2 3 -2 -5 -6
right_child=1 -3 -4 4 5 -7
leaf_value=-0.013791190570501658 -0.0082625923452831571 -0.010464548125708894 -0.010101749360427612 -0.00848309180668721 0.02080680900612657 -0.0072817628715539902
leaf_weight=4.7019163676886846 0.80809408420463924 1.8237177796545427 1.500881960208061 0.46456967288394935 9.6220915916492231 0.42293398600304577
leaf_count=1546 187 342 269 255 903 208
internal_value=-0.00113309 0.00458561 0.00830534 0.0123515 0.0154194 0.0182215
internal_weight=19.3442 14.6423 12.8186 11.3177 10.5096 10.045
internal_count=3710 2164 1822 1553 1366 1111
is_linear=0
shrinkage=0.05


Tree=133
num_leaves=7
num_cat=0
split_feature=12 42 41 11 40 27
split_gain=0.74252 0.984852 0.722882 0.739827 0.669073 0.550754
threshold=-0.23739315915671874 -1.0722678845912537 -1.1263569443950838 0.68363734295447776 -0.72899757910169949 1.7021396570997871
decision_type=2 2 2 2 2 2
left_child=-1 -2 -3 4 -4 -6
right_child=1 2 3 -5 5 -7
leaf_value=-0.011938610570938448 -0.013766436693288024 -0.0065850795145969039 -0.0064869342934655988 -0.0097842364129270623 0.026149295944159451 -0.0058192075382648024
leaf_weight=4.4462455433094901 2.1178875907207866 2.5587810156866899 0.86243848549201807 0.59732753364369351 8.9757711127749573 0.43152248347178179
leaf_count=978 575 583 257 371 868 84
internal_value=0.00160848 0.0067881 0.0119526 0.0167978 0.0202064 0.0236304
internal_weight=19.99 15.5437 13.4258 10.8671 10.2697 9.40729
internal_count=3716 2738 2163 1580 1209 952
is_linear=0
shrinkage=0.05


Tree=134
num_leaves=7
num_cat=0
split_feature=12 60 45 53 9 36
split_gain=0.649168 0.641358 0.714073 0.39014 0.340747 0.333186
threshold=0.082637542376637188 -0.081495022299884395 0.58252017916713061 2.4966414914563964 -1.0496428310321158 -0.70989870547567346
decision_type=2 2 2 2 2 2
left_child=1 2 -1 -3 -2 -4
right_child=4 3 5 -5 -6 -7
leaf_value=-0.019845222984297046 -0.0068527845735159194 0.013139121459867439 -0.0094433680798484635 -0.0064003096542477392 0.015504569334675578 0.010440477860541218
leaf_weight=6.7901700610527786 0.39681491040391881 2.9552891409257418 0.56828624435002018 2.0762501547578722 3.5400654163677236 2.6935759208281524
leaf_count=2159 217 203 309 209 382 258
internal_value=-0.00202812 -0.00678978 -0.012913 0.00569725 0.011262 0.00411172
internal_weight=19.0205 15.0836 10.052 5.03154 3.93688 3.26186
internal_count=3737 3138 2726 412 599 567
is_linear=0
shrinkage=0.05


Tree=135
num_leaves=7
num_cat=0
split_feature=15 15 32 33 44 32
split_gain=0.708082 0.795667 0.649003 0.710764 0.432731 0.364039
threshold=0.80329679500201812 -0.80649847674524766 0.59347709520638081 -0.76288504279878633 1.3098998513076168 1.4061692000856574
decision_type=2 2 2 2 2 2
left_child=1 2 3 -1 5 -2
right_child=4 -3 -4 -5 -6 -7
leaf_value=0.0050823995705302468 -0.021666137947556275 0.022829302679934133 0.009322349626486098 -0.020720711376629869 0.0052804784695370931 0.0023318852736084195
leaf_weight=3.0247011535102488 4.2234566899423944 1.3750815936364258 4.4714072727947496 3.1729963696561749 1.3302411031327208 1.3345565632334908
leaf_count=358 1540 45 418 998 164 157
internal_value=-0.00233849 0.004802 -0.00202192 -0.0105775 -0.0124927 -0.0171064
internal_weight=18.9324 12.0442 10.6691 6.1977 6.88825 5.55801
internal_count=3680 1819 1774 1356 1861 1697
is_linear=0
shrinkage=0.05


Tree=136
num_leaves=7
num_cat=0
split_feature=0 34 39 39 50 6
split_gain=0.724214 0.732814 0.554324 0.637554 0.570169 0.436288
threshold=-0.80006675278034944 0.57106226277544458 1.4648429787687334 -0.93032321403548468 2.1484087937713574 -1.5510658496206504
decision_type=2 2 2 2 2 2
left_child=-1 2 3 -2 -5 -4
right_child=1 -3 5 4 -6 -7
leaf_value=-0.018308808097050225 -0.0080223138983376557 -0.011587463851329126 0.0078338201652341389 0.018993565773743337 -0.0084097808079455823 -0.017605241809599378
leaf_weight=1.9776097671128834 1.4957718180958206 3.5621646734361994 0.66224836837500334 9.8377304731402511 0.48836943722562942 0.99643184494925552
leaf_count=706 240 1243 29 902 265 367
internal_value=-0.00138101 0.00302972 0.00829842 0.0120384 0.0160961 -0.00894433
internal_weight=19.0203 17.0427 13.4806 11.8219 10.3261 1.65868
internal_count=3752 3046 1803 1407 1167 396
is_linear=0
shrinkage=0.05


Tree=137
num_leaves=7
num_cat=0
split_feature=1 15 41 42 36 43
split_gain=0.84809 0.635487 0.726676 0.675347 0.5144 0.508041
threshold=-0.88952874054449838 0.80329679500201812 1.025753524154897 -0.99537043703846639 -0.55793768978440972 -0.1431658610140569
decision_type=2 2 2 2 2 2
left_child=-1 2 3 -2 -3 -6
right_child=1 4 -4 -5 5 -7
leaf_value=-0.01846557046021343 -0.0047792468233157099 -0.01736681365281487 -0.0091267081455202112 0.021118977861673036 -0.01144663032444644 0.011730316770738753
leaf_weight=1.6998332781950036 2.0373731149011283 1.9499189564958248 1.6332940868451249 7.7451009546057348 0.91860118455952022 3.4139072290272408
leaf_count=825 337 848 303 734 243 408
internal_value=0.000812435 0.00507204 0.0111381 0.0158694 -0.00598787 0.00414352
internal_weight=19.398 17.6982 11.4158 9.78247 6.28243 4.33251
internal_count=3698 2873 1374 1071 1499 651
is_linear=0
shrinkage=0.05


Tree=138
num_leaves=7
num_cat=0
split_feature=29 61 4 6 39 56
split_gain=0.653264 0.915487 0.694141 0.601933 0.559496 0.526598
threshold=-0.22340560881047963 0.66078752451614542 -1.0140692702886045 0.89693784340888094 1.4648429787687334 2.547335902550079
decision_type=2 2 2 2 2 2
left_child=2 5 -1 -3 -4 -2
right_child=1 3 4 -5 -6 -7
leaf_value=-0.0094515725228657317 -0.026478797270777368 0.011665080546569609 0.018111197684760633 -0.013077844536760613 -0.006573442180996915 0.0049232671781007783
leaf_weight=2.2262525120750061 2.9861617374990588 4.5893059689551592 6.9231418567360397 0.80629528418648977 1.3045630553388035 0.66052588418824587
leaf_count=505 1227 700 514 474 279 44
internal_value=1.3113e-05 -0.00844797 0.00758348 0.00461572 0.0134867 -0.021136
internal_weight=19.4962 9.04229 10.454 5.3956 8.2277 3.64669
internal_count=3743 2445 1298 1174 793 1271
is_linear=0
shrinkage=0.05


Tree=139
num_leaves=7
num_cat=0
split_feature=12 49 55 35 62 35
split_gain=0.818398 0.467747 0.649558 0.674755 0.495115 0.393364
threshold=0.095068358840293174 -0.3563589200727057 1.0000000180025095e-35 -1.5123643912751308 1.0286810080717497 0.9134351348391071
decision_type=2 2 2 2 2 2
left_child=1 2 3 -1 5 -3
right_child=-2 4 -4 -5 -6 -7
leaf_value=0.0058633398928884632 0.013333427482533515 0.014809972593732935 0.0041985531320737303 -0.024570854585911139 -0.011702505393770248 -0.0079922299433276816
leaf_weight=1.0677622801740652 3.9855659847962661 4.0941470727557308 3.0130163003923371 5.2354115152265894 1.0257660634233614 0.45900924952002231
leaf_count=211 576 340 225 1842 308 243
internal_value=-0.00136219 -0.00687043 -0.0124433 -0.019187 0.00353277 0.0102499
internal_weight=18.8807 14.8951 9.31619 6.30317 5.57892 4.55316
internal_count=3745 3169 2278 2053 891 583
is_linear=0
shrinkage=0.05


Tree=140
num_leaves=7
num_cat=0
split_feature=12 53 45 3 11 10
split_gain=0.872115 0.92325 0.652207 0.552274 0.507054 0.409443
threshold=-0.12281043759430581 -0.37550111484765819 0.79660257400586698 -0.20605095630404349 0.68363734295447776 0.2229908342032754
decision_type=2 2 2 2 2 2
left_child=1 2 3 -1 5 -2
right_child=4 -3 -4 -5 -6 -7
leaf_value=-0.031902365459956152 0.017462626079344144 0.0065672040691896021 0.0033583770129567421 0.0013190289580391639 -0.0087559024940313795 -0.0064092072473462512
leaf_weight=2.831782535591628 6.9301929040229862 4.3820754549233243 1.8745122727123087 1.2998296876030528 0.90334021346643556 0.58558348304359231
leaf_count=972 754 335 347 490 492 274
internal_value=3.31641e-05 -0.00862894 -0.0182105 -0.0252925 0.0101802 0.0143048
internal_weight=18.8073 10.3882 6.00612 4.13161 8.41912 7.51578
internal_count=3664 2144 1809 1462 1520 1028
is_linear=0
shrinkage=0.05


Tree=141
num_leaves=7
num_cat=0
split_feature=37 32 1 30 60 42
split_gain=0.910288 0.714261 0.700592 0.875404 0.655424 0.551795
threshold=-0.61151282389128381 -1.1047243016386263 0.38391242449875879 0.77006306928569701 1.5851106669464305 0.63421197602837964
decision_type=2 2 2 2 2 2
left_child=1 -1 4 5 -2 -4
right_child=2 -3 3 -5 -6 -7
leaf_value=-0.009480859068287599 -0.024652755420254763 0.019231377663289188 0.015420826839338729 -0.017727457455470091 0.0053401018792100761 -0.0077888158861230752
leaf_weight=1.0147422617592381 4.3427545868617008 3.9827591861831051 5.2792366955545713 1.2858723566750994 1.2005297766299916 1.5504137161187825
leaf_count=509 1503 477 468 422 104 250
internal_value=-0.00212918 0.0120319 -0.00854414 0.00146216 -0.0185629 0.00938287
internal_weight=18.6563 4.9975 13.6588 8.11552 5.54328 6.82965
internal_count=3733 986 2747 1140 1607 718
is_linear=0
shrinkage=0.05


Tree=142
num_leaves=7
num_cat=0
split_feature=40 37 10 37 11 39
split_gain=0.522225 0.789273 0.793952 0.531752 0.481357 0.420028
threshold=-0.65748381443397308 0.77026269463786745 -0.90081073874563389 2.1591607673862412 0.68363734295447776 1.3117076346092562
decision_type=2 2 2 2 2 2
left_child=-1 2 -2 -3 5 -4
right_child=1 3 4 -5 -6 -7
leaf_value=-0.01235497939988961 -0.0072138850088133075 -0.018116393956294798 0.022210186118902381 0.0084299595499782963 -0.0065604074909471986 -0.0026998647061603417
leaf_weight=2.7834250506130074 3.1246461346745518 2.5878850542940195 7.8988992208032833 0.73328030080301676 0.67101355839986432 1.2916302749654276
leaf_count=902 405 660 974 46 420 298
internal_value=0.000950573 0.00478849 0.0101471 -0.0110361 0.0160476 0.0189065
internal_weight=19.0908 16.3074 12.9862 3.32117 9.86154 9.19053
internal_count=3705 2803 2097 706 1692 1272
is_linear=0
shrinkage=0.05


Tree=143
num_leaves=7
num_cat=0
split_feature=15 41 22 6 0 41
split_gain=0.667717 0.742858 0.733234 0.631434 0.616469 0.530832
threshold=0.80329679500201812 1.0801605949768172 -1.7900328811776716 -1.5785715090928927 -0.80006675278034944 1.025753524154897
decision_type=2 2 2 2 2 2
left_child=2 3 -1 -2 -4 -6
right_child=1 -3 4 -5 5 -7
leaf_value=-0.014383875464357283 0.0066828936998118375 0.0070033282926193867 -0.0098123310158904787 -0.024374012955110949 0.018336918261220841 -0.0058760377986778346
leaf_weight=0.90258446685038407 0.73703753738664168 2.4822652593720704 1.0057960211124726 3.8308247350214497 8.8166542919934745 1.2968834278290149
leaf_count=488 95 422 263 1387 858 212
internal_value=-0.000323232 -0.0102612 0.00639012 -0.0187002 0.0107743 0.0145981
internal_weight=19.072 7.05013 12.0219 4.56786 11.1193 10.1135
internal_count=3725 1904 1821 1482 1333 1070
is_linear=0
shrinkage=0.05


Tree=144
num_leaves=7
num_cat=0
split_feature=12 60 62 35 31 0
split_gain=0.65757 0.789399 0.954611 0.755377 0.587338 0.42963
threshold=0.18521182790577229 -0.29016374764685149 0.38697223496721661 -1.5123643912751308 -0.26836338671411103 -0.30433541813844067
decision_type=2 2 2 2 2 2
left_child=1 2 3 -1 -4 -3
right_child=-2 5 4 -5 -6 -7
leaf_value=0.0060449480628166422 0.014705302012872668 -0.0081050771629692254 -0.011662840536066942 -0.028184765099673388 0.012901060305132201 0.013113641609925975
leaf_weight=0.89914379233960051 3.3294394295080556 1.0748019292368551 1.1562707199773283 4.1578494734712894 3.282834458979778 5.0014815980102858
leaf_count=162 426 180 563 1492 539 341
internal_value=0.000885196 -0.00396766 -0.0116509 -0.022114 0.00437973 0.00792196
internal_weight=18.9018 15.5724 9.4961 5.05699 4.43911 6.07628
internal_count=3703 3277 2756 1654 1102 521
is_linear=0
shrinkage=0.05


Tree=145
num_leaves=7
num_cat=0
split_feature=31 42 32 42 12 33
split_gain=0.716472 1.02764 0.598348 0.441419 0.424262 0.531796
threshold=0.22772586004729609 0.49102788285656218 1.5825121142910838 -1.0004107495244539 0.34045000253899799 -0.77175070728565653
decision_type=2 2 2 2 2 2
left_child=2 3 4 -2 5 -1
right_child=1 -3 -4 -5 -6 -7
leaf_value=0.003704181950106081 -0.0039709103234420451 -0.013465438105428641 0.0074965487512336617 0.020151393168925863 0.0033067999094619905 -0.024119166520539925
leaf_weight=1.2577535524615076 1.3497666890616526 1.875761353963753 1.9020121364155773 5.1005312039633264 1.6454096044762989 5.3442892300372504
leaf_count=228 265 394 177 475 289 1924
internal_value=-0.002471 0.00709074 -0.0101431 0.0154455 -0.0151256 -0.0193173
internal_weight=18.4755 8.32606 10.1495 6.4503 8.24745 6.60204
internal_count=3752 1134 2618 740 2441 2152
is_linear=0
shrinkage=0.05


Tree=146
num_leaves=7
num_cat=0
split_feature=29 2 41 42 61 17
split_gain=0.477924 0.77507 0.631686 0.564998 0.385669 0.383293
threshold=0.67723695231252867 -0.63506063091101261 0.66687826866265076 -1.3767782908052004 0.85178894126188032 1.0000000180025095e-35
decision_type=2 2 2 2 2 2
left_child=1 5 3 -3 -4 -1
right_child=-2 2 4 -5 -6 -7
leaf_value=-0.016438223015557307 -0.013641915186655907 -0.0087970727848913129 -0.014391543850546008 0.018808657554954287 0.0073203181470690801 0.0055250334500063086
leaf_weight=3.1607276405557068 2.6741695035307194 0.41665827011456613 1.7006993560353305 7.6318956538743796 1.1801490200450642 1.1741695037344468
leaf_count=599 1282 143 437 981 110 176
internal_value=-0.00108655 0.00299249 0.00953844 0.0153789 -0.00630016 -0.0106626
internal_weight=17.9385 15.2643 10.9294 8.04855 2.88085 4.3349
internal_count=3728 2446 1671 1124 547 775
is_linear=0
shrinkage=0.05


Tree=147
num_leaves=7
num_cat=0
split_feature=31 12 43 44 45 60
split_gain=0.968338 0.596003 0.553378 0.552485 0.461696 0.431407
threshold=0.042050282721228953 0.34045000253899799 -1.09857681250183 -0.46831244794531851 -0.67598730956694442 2.7190628115662352
decision_type=2 2 2 2 2 2
left_child=1 2 -1 -2 -5 -4
right_child=3 -3 5 4 -6 -7
leaf_value=0.0058766238626314412 -0.0092669476532451691 0.007193187682130165 -0.025836956268687369 -0.0071740480381478873 0.016145899862793158 0.0026392395302415458
leaf_weight=0.97369338432326902 1.3136721805785772 1.6543081111740319 4.3886745701020136 0.80185629148036142 8.5271011666627583 0.9922499464591964
leaf_count=149 330 278 1797 270 854 74
internal_value=-0.00021555 -0.0112212 -0.0167845 0.00871285 0.0128835 -0.0215208
internal_weight=18.6516 8.00893 6.35462 10.6426 9.32896 5.38092
internal_count=3752 2298 2020 1454 1124 1871
is_linear=0
shrinkage=0.05


Tree=148
num_leaves=7
num_cat=0
split_feature=37 40 26 61 29 61
split_gain=0.535888 0.820477 0.576005 0.689847 0.761607 0.494875
threshold=0.77026269463786745 -0.57723644335115176 -0.23174267365523718 -0.81043115915356323 -1.2137401571448003 0.62836806114212462
decision_type=2 2 2 2 2 2
left_child=1 -1 5 4 -4 -3
right_child=-2 2 3 -5 -6 -7
leaf_value=-0.012230085490232698 -0.011948953923460829 -0.016013633541330938 0.014671010623604109 0.024810036290822585 -0.012556042765502068 0.0076933976891155323
leaf_weight=2.7832291629747496 3.6838036908593486 1.2628394329804007 1.7330724622006517 4.4542947024456216 2.6163173051318154 1.9352752451668491
leaf_count=939 843 407 83 409 567 431
internal_value=0.000138489 0.00465772 0.0102366 0.0155766 -0.000146919 -0.0048877
internal_weight=18.4688 14.785 12.0018 8.80368 4.34939 3.19811
internal_count=3679 2836 1897 1059 650 838
is_linear=0
shrinkage=0.05


Tree=149
num_leaves=7
num_cat=0
split_feature=12 15 32 0 22 62
split_gain=0.63617 1.04342 0.642503 0.543669 0.541123 0.387953
threshold=0.082637542376637188 0.80329679500201812 1.4061692000856574 -0.41970460464418041 -1.7900328811776716 -0.72966774126266043
decision_type=2 2 2 2 2 2
left_child=1 3 -3 -1 -5 -6
right_child=-2 2 -4 4 5 -7
leaf_value=-0.012557155876186922 0.012337583440591427 -0.026930367444218457 0.003448704255727718 -0.010668807914620309 -0.0021828321645123417 0.018372058451197475
leaf_weight=1.0140251424454607 4.0373603178886688 3.1254361978208172 1.5741389067261478 0.61242359832976845 2.3527932906290498 5.4503536180709533
leaf_count=416 615 1408 189 339 253 509
internal_value=-0.000365682 -0.00552066 -0.0193758 0.00439444 0.00920023 0.0132893
internal_weight=18.1665 14.1292 4.69958 9.4296 8.41557 7.80315
internal_count=3729 3114 1597 1517 1101 762
is_linear=0
shrinkage=0.05


Tree=150
num_leaves=7
num_cat=0
split_feature=12 14 0 16 32 44
split_gain=0.568483 0.545481 0.485164 0.417334 0.382374 0.370262
threshold=0.18521182790577229 1.0000000180025095e-35 -0.067076614959599171 -0.36831867093583637 -1.1047243016386263 2.1833895350208246
decision_type=2 2 2 2 2 2
left_child=1 2 -1 5 -2 -4
right_child=4 -3 3 -5 -6 -7
leaf_value=-0.017603685377575971 -0.0068518354035438439 0.011812992336318058 -0.014407960211716265 0.0076088666595458257 0.017931597069925927 0.0072603228789064793
leaf_weight=4.2859162389650018 0.34902733634226057 1.6061185435683007 3.2981918785662838 5.0454629543237388 2.9009937172522759 0.72353353188373137
leaf_count=1260 150 449 986 516 255 41
internal_value=0.00030775 -0.00425075 -0.00799556 -0.000206609 0.0132587 -0.00907327
internal_weight=18.2092 14.9592 13.3531 9.06719 3.25002 4.02173
internal_count=3657 3252 2803 1543 405 1027
is_linear=0
shrinkage=0.05


Tree=151
num_leaves=7
num_cat=0
split_feature=45 6 35 34 39 33
split_gain=0.482398 0.549682 0.721586 0.90337 0.544409 0.530142
threshold=-0.51511614581529275 0.89693784340888094 -0.18827194223514324 -1.2874640028619366 -0.97561676653335827 1.0668408833238296
decision_type=2 2 2 2 2 2
left_child=-1 2 3 -2 -4 -6
right_child=1 -3 4 -5 5 -7
leaf_value=-0.011261868128989209 0.01147409977418358 -0.013665836184639802 -0.0066655733751315102 -0.017252540072514574 0.022655461147995354 -0.0069226241710775779
leaf_weight=4.1691890292859197 2.2981539955944754 0.85334897399297993 0.93327413784572844 2.9657555405283347 6.5337156775640288 0.39654311491176475
leaf_count=1283 175 558 239 643 637 214
internal_value=-0.000438316 0.00420876 0.00769665 -0.00509842 0.0153044 0.019383
internal_weight=18.15 13.9808 13.1274 5.26391 7.86353 6.93026
internal_count=3749 2466 1908 818 1090 851
is_linear=0
shrinkage=0.05


Tree=152
num_leaves=7
num_cat=0
split_feature=62 62 12 60 45 12
split_gain=0.634842 0.556189 0.46746 0.408358 0.724971 0.358428
threshold=0.56769069925748505 0.38697223496721661 -0.020174666306318298 -0.093162781941332581 0.79660257400586698 0.34045000253899799
decision_type=2 2 2 2 2 2
left_child=1 2 3 4 -1 -2
right_child=5 -3 -4 -5 -6 -7
leaf_value=-0.021742541537484242 -0.016670801050259251 0.018263651963809455 0.0094875268723308894 0.0051430511522757121 0.0069443448685631423 0.0056916992336373809
leaf_weight=3.4693888477922883 4.2517072720511342 2.2106763348856466 3.5978604714036937 2.6322009843424894 1.5927803819067774 0.74296311289072026
leaf_count=1253 1213 221 533 201 214 107
internal_value=-0.00100593 0.00472419 -0.00120366 -0.00746191 -0.013491 -0.0124568
internal_weight=18.4976 13.5029 11.2922 7.69437 5.06217 4.99467
internal_count=3742 2422 2201 1668 1467 1320
is_linear=0
shrinkage=0.05


Tree=153
num_leaves=7
num_cat=0
split_feature=49 62 29 59 43 51
split_gain=0.514207 0.537604 0.501409 0.697374 0.593928 0.570226
threshold=-0.3563589200727057 1.0286810080717497 -1.4122835710049289 1.0000000180025095e-35 0.11098720424641599 5.3364431252039042
decision_type=2 2 2 2 2 2
left_child=2 -2 4 -4 -1 -5
right_child=1 -3 3 5 -6 -7
leaf_value=-0.010418476341917688 0.014937140659534612 -0.0084099636321191204 0.0032945991390756126 -0.024004700327576657 0.017956202420781723 0.0070482216011500511
leaf_weight=0.59658548346487927 5.4417988376226267 1.2571429412346331 4.5651642112061381 4.3207948092604056 1.6370842299074864 0.43040917633334164
leaf_count=267 690 345 456 1831 62 39
internal_value=0.000445028 0.00930967 -0.00555583 -0.0102815 0.00874978 -0.0195525
internal_weight=18.249 6.69894 11.55 9.31637 2.23367 4.7512
internal_count=3690 1035 2655 2326 329 1870
is_linear=0
shrinkage=0.05


Tree=154
num_leaves=7
num_cat=0
split_feature=62 28 32 34 40 62
split_gain=0.642159 0.948424 0.652215 0.643222 0.533561 0.455164
threshold=0.41699219756347111 -0.68123157568972459 1.5825121142910838 0.57106226277544458 -0.55400361992756697 -1.6472009570250778
decision_type=2 2 2 2 2 2
left_child=1 -1 5 4 -2 -3
right_child=3 2 -4 -5 -6 -7
leaf_value=0.0069208750560981001 -0.0065537137720365849 0.0042494819377935818 0.0054987874613360178 -0.0083510667645431136 0.020315321925651476 -0.027794906664993069
leaf_weight=4.3686723239952707 0.86238808243069787 0.4628429414005949 1.1923360531218348 2.0625956062867772 4.6159265660098745 4.1273876171326274
leaf_count=523 279 39 105 773 409 1559
internal_value=-0.00107337 -0.008314 -0.0182563 0.00826579 0.0152633 -0.0241613
internal_weight=17.6921 10.1512 5.78257 7.54091 5.47831 4.59023
internal_count=3687 2226 1703 1461 688 1598
is_linear=0
shrinkage=0.05


Tree=155
num_leaves=7
num_cat=0
split_feature=60 61 61 34 34 61
split_gain=0.617222 0.697343 0.847127 0.838805 0.397011 0.501803
threshold=-0.093162781941332581 0.67035712515064516 0.95549216446431984 -1.4819251654898291 0.014772725388353237 0.9634993813217585
decision_type=2 2 2 2 2 2
left_child=1 3 -3 -1 -2 -6
right_child=4 2 -4 -5 5 -7
leaf_value=0.0068515067983596816 0.014999289550267754 0.018802503877270921 -0.0097271471294799825 -0.023122729334751606 -0.014835514311019718 0.010056806320621484
leaf_weight=1.6671021663350991 3.5806929554091758 1.9576576945255508 2.7567532012762967 5.4382860133482618 1.3956504495581614 0.99162366258678947
leaf_count=251 189 356 787 1849 251 45
internal_value=-0.00251508 -0.00849674 0.00482468 -0.0161438 0.00821111 -0.00465333
internal_weight=17.7878 11.8198 4.71441 7.10539 5.96797 2.38727
internal_count=3728 3243 1143 2100 485 296
is_linear=0
shrinkage=0.05


Tree=156
num_leaves=7
num_cat=0
split_feature=38 33 34 11 12 9
split_gain=0.561997 0.900614 0.763868 0.629324 0.565027 0.629622
threshold=-0.25848535223467256 -0.74499258160269055 0.91583548144515836 -0.62477527880115269 0.21459132746181067 1.3075489425066638
decision_type=2 2 2 2 2 2
left_child=1 -1 3 -2 5 -3
right_child=2 4 -4 -5 -6 -7
leaf_value=0.0073192058003753646 -0.0080455895855769087 -0.026583184692504504 -0.012054559840800295 0.022720327762660461 0.0053495013591283351 0.0033806090116979947
leaf_weight=5.0479482001974256 0.54068227566312987 4.5068578352220365 0.79500119976000849 3.7039542240963774 1.388398415641859 1.4837598571029955
leaf_count=602 163 1422 581 618 195 141
internal_value=-0.00116951 -0.00661297 0.00971214 0.0170925 -0.0155046 -0.0205101
internal_weight=17.4666 12.427 5.03964 4.24464 7.37902 5.99062
internal_count=3722 2360 1362 781 1758 1563
is_linear=0
shrinkage=0.05


Tree=157
num_leaves=7
num_cat=0
split_feature=6 42 35 37 8 61
split_gain=0.6786 0.714709 0.54117 0.502752 0.404944 0.353363
threshold=0.51873502566555441 0.63421197602837964 -0.30851747123949719 -0.61151282389128381 0.88091906175201629 0.62836806114212462
decision_type=2 2 2 2 2 2
left_child=1 2 3 -1 -2 -3
right_child=4 5 -4 -5 -6 -7
leaf_value=0.0087817948385186338 -0.021761970537913334 -0.015732304219363169 0.018095672532741133 -0.013152074538872181 0.0028240454617157427 0.0050130691377551261
leaf_weight=2.6691586525994353 1.8323538926488248 2.4896638334903396 5.891512701869944 1.9038210989674551 1.626937141845701 1.4704410440754143
leaf_count=440 1030 601 636 372 475 168
internal_value=-0.000472202 0.00471939 0.0108573 -0.00194244 -0.0142577 -0.00918872
internal_weight=17.8839 14.4246 10.4645 4.57298 3.45929 3.9601
internal_count=3722 2217 1448 812 1505 769
is_linear=0
shrinkage=0.05


Tree=158
num_leaves=7
num_cat=0
split_feature=12 32 7 45 27 9
split_gain=0.657235 0.62722 0.525602 0.517459 0.354457 0.304632
threshold=0.095068358840293174 0.76510052454699662 0.71568394199430208 0.95438006153152533 1.7021396570997871 -1.0496428310321158
decision_type=2 2 2 2 2 2
left_child=1 2 3 -1 -3 -2
right_child=5 4 -4 -5 -6 -7
leaf_value=-0.025039207758775189 -0.0061860281539710751 0.0094802712545230487 0.0046172318540089385 0.003013731075886766 -0.0089671238131451662 0.015647186021166024
leaf_weight=4.4353713272721524 0.3551213854516394 4.9057826334610581 1.6733548747724851 1.3533573074964804 1.1450784279732031 3.3487806993070981
leaf_count=1552 213 561 607 211 207 354
internal_value=-0.00173681 -0.00688541 -0.0144788 -0.0196907 0.00417414 0.0117224
internal_weight=17.2168 13.5129 7.46208 5.78873 6.05086 3.7039
internal_count=3705 3138 2370 1763 768 567
is_linear=0
shrinkage=0.05


Tree=159
num_leaves=7
num_cat=0
split_feature=11 11 27 27 31 45
split_gain=0.794708 0.643208 0.506068 0.405287 0.362895 0.323522
threshold=-0.64131932949624793 0.68363734295447776 0.7607826672893413 0.92598538400603714 0.22772586004729609 1.4833986961763801
decision_type=2 2 2 2 2 2
left_child=2 3 -1 5 -4 -2
right_child=1 -3 4 -5 -6 -7
leaf_value=-0.019264094834169472 0.018299696747873184 -0.011296758811851167 -0.0094987845987277841 -0.0035370778052230371 0.011160179694361838 -0.0051454820705934025
leaf_weight=2.8947534778271828 8.3267425013182184 1.1238841256708827 0.8271912690252069 2.1406164158543097 2.0673841228126548 0.39351890614489171
leaf_count=760 1375 725 169 388 127 138
internal_value=0.00152534 0.00834484 -0.0106217 0.0123825 0.00342675 0.0161954
internal_weight=17.7741 11.9848 5.78933 10.8609 2.89458 8.72026
internal_count=3682 2626 1056 1901 296 1513
is_linear=0
shrinkage=0.05


Tree=160
num_leaves=7
num_cat=0
split_feature=33 61 6 1 39 54
split_gain=0.456419 0.584284 0.743875 0.59862 0.564093 0.496841
threshold=0.44349664081959544 0.61840786456335894 -0.1039701834031095 -0.95755898642326998 -0.97561676653335827 2.785477551123499
decision_type=2 2 2 2 2 2
left_child=1 2 3 -1 -3 -4
right_child=-2 4 5 -5 -6 -7
leaf_value=-0.013125053587869527 -0.011787360835161294 -0.0049554594550533472 -0.023336831550919153 0.010757548371026139 0.021700206075477457 0.0055820571255227854
leaf_weight=0.7136475970037307 1.8201195897127025 1.4456338048039468 1.808585843478798 7.8839316935045636 4.0463572947483035 0.76149939512833942
leaf_count=343 891 335 858 859 418 37
internal_value=0.00238285 0.00549346 -0.00161478 0.00589283 0.0154118 -0.0163768
internal_weight=18.4798 16.6597 11.1677 8.59758 5.49199 2.57009
internal_count=3741 2850 2097 1202 753 895
is_linear=0
shrinkage=0.05


Tree=161
num_leaves=7
num_cat=0
split_feature=33 61 29 39 7 12
split_gain=0.501585 0.738834 0.915686 0.651785 0.64089 0.486153
threshold=0.44349664081959544 0.61840786456335894 -0.17242958730189156 -0.97561676653335827 -1.4466476433018807 0.21459132746181067
decision_type=2 2 2 2 2 2
left_child=1 2 4 -3 -1 -4
right_child=-2 3 5 -5 -6 -7
leaf_value=-0.014170307855597803 -0.014049583422871709 -0.0057995796984149596 -0.025120803241173214 0.022204604416872394 0.010611807834813101 0.0055804736656781401
leaf_weight=0.66783049504738556 1.7888386820850417 1.488661761046387 2.1838089217199044 3.9943631710775653 7.492542492283973 0.48531198222190131
leaf_count=278 891 332 893 393 872 73
internal_value=0.000501974 0.00403228 -0.00371678 0.0152392 0.00531976 -0.0195395
internal_weight=18.1014 16.3125 10.8295 5.48302 8.16037 2.66912
internal_count=3732 2841 2116 725 1150 966
is_linear=0
shrinkage=0.05


Tree=162
num_leaves=7
num_cat=0
split_feature=4 37 12 33 27 11
split_gain=0.493454 0.857594 0.51122 0.498023 0.418327 0.405228
threshold=-0.54126197629634343 -0.814505619139123 3.0429362346764282 1.0668408833238296 1.7021396570997871 0.68363734295447776
decision_type=2 2 2 2 2 2
left_child=1 -1 -3 4 5 -2
right_child=3 2 -4 -5 -6 -7
leaf_value=0.0070297571873409667 0.014517359892445928 -0.026790002308792735 0.0056974361228646709 -0.012420526761405518 -0.0081133981891216844 -0.0075897996749573447
leaf_weight=2.6277391950716265 9.1863138892804201 2.5159288538852738 0.39428651984781016 0.81635672735865306 1.0866191274253658 0.56639432592783201
leaf_count=523 1330 674 21 528 201 448
internal_value=-0.000969811 -0.010409 -0.0217307 0.00472768 0.00843166 0.01175
internal_weight=17.1936 5.53795 2.91022 11.6557 10.8393 9.75271
internal_count=3725 1218 695 2507 1979 1778
is_linear=0
shrinkage=0.05


Tree=163
num_leaves=7
num_cat=0
split_feature=11 11 34 2 45 54
split_gain=0.52139 0.659365 0.504272 0.645278 0.433049 0.395563
threshold=-0.64131932949624793 -0.26895434771496196 -0.055606779487242776 -0.62652135795658148 -0.65371284073979274 1.4918994444973002
decision_type=2 2 2 2 2 2
left_child=2 4 3 5 -2 -1
right_child=1 -3 -4 -5 -6 -7
leaf_value=-0.019600625303343343 -0.0066798301327443584 -0.0057695267132064475 -0.021441230317863491 0.01257619640283014 0.017767236382504457 0.0055330365793909084
leaf_weight=1.1710895661381071 0.60615191963734094 5.0280792953853934 1.3348397421359575 2.6740953061380428 6.0678202069248082 0.83848722564289335
leaf_count=397 221 1718 448 190 686 43
internal_value=0.000415055 0.00616944 -0.00910386 0.00141092 0.0141639 -0.0120804
internal_weight=17.7206 11.7021 6.01851 4.68367 6.67397 2.00958
internal_count=3703 2625 1078 630 907 440
is_linear=0
shrinkage=0.05


Tree=164
num_leaves=7
num_cat=0
split_feature=1 0 33 30 34 32
split_gain=0.528969 0.532315 0.45846 0.45496 0.583519 0.595188
threshold=1.4399756945075033 -0.80006675278034944 1.0668408833238296 0.44471083763106306 -1.4819251654898291 0.88731286065771953
decision_type=2 2 2 2 2 2
left_child=1 -1 3 4 -3 -6
right_child=-2 2 -4 -5 5 -7
leaf_value=-0.010945898678588036 -0.015531624847835341 0.016199435248416626 -0.010436671419303814 0.02079976984936871 -0.011669461851856836 0.0096088466752888499
leaf_weight=2.1049700493167665 1.2016362139838737 2.2383603969356054 0.68489696833421554 3.4938539813156231 5.5735708530410157 2.5723270755843259
leaf_count=694 327 136 478 533 1348 195
internal_value=0.00066264 0.00402112 0.00768466 0.0102751 0.00286554 -0.00417242
internal_weight=17.8696 16.668 14.563 13.8781 10.3843 8.1459
internal_count=3711 3384 2690 2212 1679 1543
is_linear=0
shrinkage=0.05


Tree=165
num_leaves=7
num_cat=0
split_feature=61 31 6 12 9 42
split_gain=0.632324 0.722176 0.666837 0.567648 0.419347 0.378134
threshold=0.62836806114212462 0.042050282721228953 0.89693784340888094 -0.26942723951886688 0.077626010049830843 -0.083349133332990613
decision_type=2 2 2 2 2 2
left_child=1 -1 3 -2 -5 -3
right_child=2 5 -4 4 -6 -7
leaf_value=-0.020103511907276165 -0.0093764431230520685 0.0099823184831048448 -0.01222069678824189 0.024724149513293298 0.00036159530813830956 -0.0075567931144872175
leaf_weight=3.510186980187429 0.40512786575709459 3.7434813709696755 0.7483543989364988 3.5352454348176243 2.5442279486451298 2.7995866635465063
leaf_count=1255 165 512 491 475 290 571
internal_value=-0.00106184 -0.00822694 0.00838933 0.0138809 0.0180168 0.0024614
internal_weight=17.2862 10.0533 7.23296 6.4846 6.07947 6.54307
internal_count=3759 2338 1421 930 765 1083
is_linear=0
shrinkage=0.05


Tree=166
num_leaves=7
num_cat=0
split_feature=37 32 60 32 1 8
split_gain=0.669056 0.955274 0.561736 0.488824 0.425216 0.331141
threshold=-0.60082899256245004 0.44342617607552454 3.9299029064238953 -1.1047243016386263 1.4399756945075033 1.05339522674916
decision_type=2 2 2 2 2 2
left_child=3 2 -2 -1 5 -3
right_child=1 4 -4 -5 -6 -7
leaf_value=-0.0082008956431875984 -0.025721138735849289 0.011301521764649065 0.0061106670962144333 0.015851215972861068 -0.010996690369824385 -0.0085160372825325657
leaf_weight=0.90725371078588057 4.1340922903618766 6.3377199825772532 0.49504199845250685 3.6675859235983834 1.3734997733554335 0.36583406489808101
leaf_count=490 1595 721 30 486 276 135
internal_value=-0.00294466 -0.00849137 -0.0212527 0.0097225 0.00259752 0.00792152
internal_weight=17.281 12.7062 4.62913 4.57484 8.07705 6.70355
internal_count=3733 2757 1625 976 1132 856
is_linear=0
shrinkage=0.05


Tree=167
num_leaves=7
num_cat=0
split_feature=12 44 34 5 42 41
split_gain=0.682652 0.408327 0.402942 0.36609 0.309262 0.300199
threshold=-0.12281043759430581 1.277227806094767 0.27950544886595913 0.70490894000084581 -0.77398887335277844 1.2152612202717525
decision_type=2 2 2 2 2 2
left_child=1 -1 5 -4 -3 -2
right_child=2 4 3 -5 -6 -7
leaf_value=-0.013498795980292192 0.016350003626594209 0.013406557996267896 -0.014731307589826015 0.0075794120658486969 -0.0072682691887046144 -0.0051773046845893693
leaf_weight=7.7962221303314454 5.0255529614805701 1.0869988600607028 1.0161012635217046 0.88864545564865682 0.73358657723292697 0.53418570704525326
leaf_count=1974 595 50 568 272 144 122
internal_value=-0.00173538 -0.00935895 0.00795371 -0.00605307 0.00573704 0.013192
internal_weight=17.0813 9.61681 7.46449 1.90475 1.82059 5.55974
internal_count=3725 2168 1557 840 194 717
is_linear=0
shrinkage=0.05


Tree=168
num_leaves=7
num_cat=0
split_feature=12 60 32 34 38 34
split_gain=0.72802 0.641467 0.450044 0.354706 0.380934 0.33892
threshold=0.15904028098551601 -0.29016374764685149 2.0884217587520411 -1.4819251654898291 -0.19366161302989296 0.014772725388353237
decision_type=2 2 2 2 2 2
left_child=1 2 3 -1 -5 -3
right_child=-2 5 -4 4 -6 -7
leaf_value=0.0030442941785999329 0.013145443162234972 0.011870565530211444 0.0065629383028701464 -0.024904939410357402 0.00077941278314408837 -0.0059937783557249538
leaf_weight=1.0796251218416726 3.2803519565204615 3.2035403709742232 0.79286069300724182 4.9597548618330611 1.5463354976964208 2.2081927174585871
leaf_count=225 452 188 56 1722 777 319
internal_value=-0.00161435 -0.00684675 -0.0138314 -0.0172189 -0.0204809 0.00504329
internal_weight=17.0707 13.7903 8.37858 7.58572 6.50609 5.41173
internal_count=3739 3287 2780 2724 2499 507
is_linear=0
shrinkage=0.05


Tree=169
num_leaves=7
num_cat=0
split_feature=37 30 47 1 35 61
split_gain=0.394475 0.540882 0.49472 0.587992 0.685584 0.40694
threshold=-0.61151282389128381 -1.3441180595094959 0.96527274207848213 0.38391242449875879 0.9134351348391071 0.68441857914419635
decision_type=2 2 2 2 2 2
left_child=1 -1 3 -2 -5 -4
right_child=2 -3 5 4 -6 -7
leaf_value=-0.0093718259528155542 -0.010024643928352485 0.015959674786246363 -0.021878638135358182 0.015388661370516143 -0.011469852412284013 0.0049018853517622521
leaf_weight=0.79123459907714266 3.7187402869167254 3.5379733231093295 2.1670377497794102 5.6061226268939208 0.83514044465846371 0.67865041032200668
leaf_count=285 977 665 825 450 268 220
internal_value=-0.000251147 0.00938889 -0.00461837 0.00160298 0.00936826 -0.0162539
internal_weight=17.3349 4.32921 13.0057 10.16 6.44126 2.84569
internal_count=3690 950 2740 1695 718 1045
is_linear=0
shrinkage=0.05


Tree=170
num_leaves=7
num_cat=0
split_feature=34 14 59 43 28 4
split_gain=0.451768 0.646467 0.487337 0.462806 0.44449 0.348134
threshold=-1.400265509909479 1.0000000180025095e-35 1.0000000180025095e-35 0.97263891892487175 -0.40137652201277857 -1.2107854317166307
decision_type=2 2 2 2 2 2
left_child=5 2 4 -4 -2 -1
right_child=1 -3 3 -5 -6 -7
leaf_value=-0.0073627742584923776 0.010183599566701951 0.011081570151487792 -0.020966097484548422 0.0027991800699612344 -0.011171199173329748 0.015258401896264012
leaf_weight=0.38723119749920476 3.1363469044445083 1.8003077321918688 6.1387278750189536 1.8114789573301093 1.1092288168147213 2.3970735494513091
leaf_count=210 215 517 2162 263 213 144
internal_value=-0.00257548 -0.0063753 -0.0106313 -0.0162678 0.00228899 0.00992536
internal_weight=16.7804 13.9961 12.1958 7.95021 4.24558 2.7843
internal_count=3724 3370 2853 2425 428 354
is_linear=0
shrinkage=0.05


Tree=171
num_leaves=7
num_cat=0
split_feature=22 42 12 44 5 42
split_gain=0.501102 0.436502 0.529838 0.498507 0.39446 0.361945
threshold=-1.7900328811776716 0.6812960478535327 -0.038794158063170686 -0.6857437095756761 -1.6417387805074297 -1.0722678845912537
decision_type=2 2 2 2 2 2
left_child=-1 3 -3 -2 -5 -6
right_child=1 2 -4 4 5 -7
leaf_value=-0.014666397610590416 -0.0094716417750580883 -0.01417845069290883 0.0087211192518440693 -0.0078919022982555306 -0.0012228262059278275 0.018648727424467808
leaf_weight=0.95577757668798113 0.83913531684084119 3.0030768597498536 1.7632191265874997 0.32108482421608897 2.4375440642470503 8.207136976707254
leaf_count=653 325 742 273 98 501 1098
internal_value=0.0018603 0.00491556 -0.00561062 0.00944127 0.0126123 0.0148299
internal_weight=17.527 16.5712 4.7663 11.8049 10.9658 10.6447
internal_count=3690 3037 1015 2022 1697 1599
is_linear=0
shrinkage=0.05


Tree=172
num_leaves=7
num_cat=0
split_feature=41 38 33 42 42 42
split_gain=0.489251 0.576252 0.558289 0.380728 0.344083 0.403786
threshold=-0.95222911634253082 -0.25848535223467256 0.68860419295229092 -0.8643441004971143 0.28519575581712647 -1.0722678845912537
decision_type=2 2 2 2 2 2
left_child=-1 4 3 -3 5 -2
right_child=1 2 -4 -5 -6 -7
leaf_value=-0.013797521905725266 -0.0084594952247339459 -0.0038793325914331131 -0.0079984785630684979 0.024268276197407634 -0.01301805639411518 0.010740128888716925
leaf_weight=3.8380788941576638 2.0213115168444347 0.59461436065612439 0.68302352519822296 2.6321739271515954 3.2296701650775503 3.2939654573274311
leaf_count=1083 493 189 437 333 770 419
internal_value=-0.00295688 0.00241362 0.0134996 0.0197114 -0.0048487 0.00302097
internal_weight=16.2928 12.4548 3.90981 3.22679 8.54495 5.31528
internal_count=3724 2641 959 522 1682 912
is_linear=0
shrinkage=0.05


Tree=173
num_leaves=7
num_cat=0
split_feature=11 11 40 33 10 1
split_gain=0.54276 0.535719 0.433613 0.415898 0.563432 0.333805
threshold=-0.45145678649879362 0.68363734295447776 -0.67684099483737203 -0.33908015994508728 -0.96070079070768521 1.134371074348959
decision_type=2 2 2 2 2 2
left_child=3 2 -2 4 -1 -4
right_child=1 -3 5 -5 -6 -7
leaf_value=-0.012794963213475603 -0.0076039577642208122 -0.010435068694034218 0.018081870012464387 -0.019395263735571544 0.0087386692604515797 -0.0057929511649458393
leaf_weight=2.1338370684243264 0.62304440230946045 1.0542372438940217 6.4060838665172906 1.857198296434946 4.4401379915361767 0.29210925759980444
leaf_count=485 303 714 1019 650 450 100
internal_value=-0.000692907 0.00713402 0.0119617 -0.00829985 -7.00181e-05 0.0155708
internal_weight=16.8066 8.37547 7.32124 8.43117 6.57398 6.69819
internal_count=3721 2136 1422 1585 935 1119
is_linear=0
shrinkage=0.05


Tree=174
num_leaves=7
num_cat=0
split_feature=2 36 1 60 40 43
split_gain=0.388501 0.509917 0.475321 0.423003 0.380988 0.437072
threshold=-0.63506063091101261 -0.82216781432889718 1.4399756945075033 -0.25721538758473211 -0.65748381443397308 -0.50735902513286169
decision_type=2 2 2 2 2 2
left_child=3 -2 4 -1 -3 -6
right_child=1 2 -4 -5 5 -7
leaf_value=-0.017409580329457809 -0.010557612074368011 -0.0052605544659201911 -0.0085264340218629778 0.0051780524506509114 -0.0049080861304814059 0.01877341126846898
leaf_weight=2.1784174868371369 1.7812348155566731 1.1980578695656721 1.2110713218571625 1.6621759149711577 1.0777400163351529 7.758662378182632
leaf_count=634 1040 410 252 115 267 939
internal_value=0.00037659 0.00458576 0.00870261 -0.0096502 0.0122659 0.0153732
internal_weight=16.8674 13.0268 11.2455 3.84059 10.0345 8.8364
internal_count=3657 2908 1868 749 1616 1206
is_linear=0
shrinkage=0.05


Tree=175
num_leaves=7
num_cat=0
split_feature=12 11 11 0 12 0
split_gain=0.516584 0.429982 0.995526 0.379591 0.354796 0.341092
threshold=-0.038794158063170686 -0.26895434771496196 -0.45145678649879362 -0.80006675278034944 -0.23894366959734681 -0.036372534548219683
decision_type=2 2 2 2 2 2
left_child=1 2 4 -2 -1 -6
right_child=3 -3 -4 -5 5 -7
leaf_value=-0.018902456993866827 -0.0050650909391749474 -0.017360710344663174 0.016934602812414306 0.015686735164987978 -0.011571783869402488 0.0068637559209835143
leaf_weight=1.8539517957833593 1.5391976166865786 2.0791567117848908 2.7354095441114623 3.7650591870769849 0.95822741644224141 3.8539156179467682
leaf_count=588 426 1076 304 571 258 478
internal_value=7.92318e-05 -0.00563252 0.000533413 0.0100106 -0.00936384 0.000158708
internal_weight=16.7849 11.4807 9.4015 5.30426 6.66609 4.81214
internal_count=3701 2704 1628 997 1324 736
is_linear=0
shrinkage=0.05


Tree=176
num_leaves=7
num_cat=0
split_feature=34 10 10 32 11 45
split_gain=0.870191 0.680627 0.535521 0.437005 0.320182 0.258855
threshold=0.27950544886595913 -0.98988080715642501 0.34713235865361219 -0.073054476714383448 -0.024649550107908164 2.0711971791151078
decision_type=2 2 2 2 2 2
left_child=1 -1 4 -2 -3 -5
right_child=3 2 -4 5 -6 -7
leaf_value=-0.0089462565794181659 0.0042694921760058771 0.018659203274115795 -0.0089950715276375624 -0.023148631220358536 -0.0031677938011546343 0.0030845733848405749
leaf_weight=2.8539317684189873 1.3318064790510113 7.6483440824376867 0.62545322827645655 2.8536273254721878 1.0646592664124925 0.35757383378222574
leaf_count=572 750 660 281 1054 323 59
internal_value=-0.000294929 0.00663698 0.0124167 -0.0141392 0.0158639 -0.0201486
internal_weight=16.7354 12.1924 9.33846 4.54301 8.713 3.2112
internal_count=3699 1836 1264 1863 983 1113
is_linear=0
shrinkage=0.05


Tree=177
num_leaves=7
num_cat=0
split_feature=42 26 43 39 12 42
split_gain=0.459274 0.745429 0.582482 0.472251 0.383162 0.360916
threshold=0.6812960478535327 -0.23174267365523718 -0.65535236490582649 1.2847471866938551 0.34045000253899799 0.55360328974311457
decision_type=2 2 2 2 2 2
left_child=1 5 -3 -4 -2 -1
right_child=4 2 3 -5 -6 -7
leaf_value=-0.016018048945766399 -0.017219629513120487 -0.01072877007153096 0.018337945701920901 -0.0055840726338622585 0.0058571564682521294 0.0069445402450592003
leaf_weight=3.0781063660397208 3.7573309560539192 0.63224976987112302 6.6478426985850092 1.1398746033082714 0.7869266474735922 0.45515558397164557
leaf_count=1114 1105 256 838 277 100 32
internal_value=-0.00270334 0.0027733 0.0100556 0.0142573 -0.0124834 -0.0112294
internal_weight=16.4975 11.9532 8.41997 7.78772 4.54426 3.53326
internal_count=3722 2517 1371 1115 1205 1146
is_linear=0
shrinkage=0.05


Tree=178
num_leaves=7
num_cat=0
split_feature=10 2 34 40 54 32
split_gain=0.463928 0.690058 0.507152 0.532693 0.315359 0.250736
threshold=0.24815800109843636 -0.63506063091101261 0.61604793556210813 -0.55400361992756697 -0.0473571150886253 1.6556960181068987
decision_type=2 2 2 2 2 2
left_child=1 4 3 -3 -1 -2
right_child=5 2 -4 -5 -6 -7
leaf_value=-0.016193825816543633 -0.017082975419555047 -0.0058280935308701745 -0.0077488022194200749 0.018511780963448871 0.0036354030394160214 0.004175871304055211
leaf_weight=2.2742738219094472 2.2051149368926413 1.3586134855286207 1.3600168084958575 7.1333602970407801 1.7699906805646604 0.5495547770988195
leaf_count=632 1248 374 570 709 135 47
internal_value=-0.000700576 0.00357058 0.00999061 0.0141128 -0.00966316 -0.0128759
internal_weight=16.6509 13.8963 9.85199 8.49197 4.04426 2.75467
internal_count=3715 2420 1653 1083 767 1295
is_linear=0
shrinkage=0.05


Tree=179
num_leaves=7
num_cat=0
split_feature=2 60 37 26 61 37
split_gain=0.560595 0.5723 0.500441 0.435364 0.365992 0.345998
threshold=-0.62278582629742474 1.5851106669464305 0.77026269463786745 -0.23174267365523718 -0.81043115915356323 2.1591607673862412
decision_type=2 2 2 2 2 2
left_child=1 -1 3 -2 -5 -4
right_child=2 -3 5 4 -6 -7
leaf_value=-0.021204059661530092 -0.0053282346732758607 0.0060810542625601358 -0.014545002574861196 -0.0010611485594149382 0.019920230593047483 0.0069654635837399035
leaf_weight=2.8332178712298655 2.3223210056894459 1.2562058001058174 2.5362967115943316 2.5428099622367881 4.0089938916207739 0.67972332407953207
leaf_count=786 891 78 746 560 562 50
internal_value=-0.00246719 -0.013796 0.00334563 0.0088748 0.0140014 -0.00883113
internal_weight=16.1796 4.08942 12.0901 8.87412 6.5518 3.21602
internal_count=3673 864 2809 2013 1122 796
is_linear=0
shrinkage=0.05


Tree=180
num_leaves=7
num_cat=0
split_feature=39 39 43 4 42 2
split_gain=0.447264 0.5854 0.870323 0.472901 0.334197 0.286122
threshold=-0.93032321403548468 -0.66287557071470748 0.01284261397007125 -0.040841945328895811 -1.0004107495244539 0.50914494818563305
decision_type=2 2 2 2 2 2
left_child=-1 -2 -3 4 -4 -5
right_child=1 2 3 5 -6 -7
leaf_value=-0.013954084116108011 0.017129544791486113 -0.015621801488396429 -0.0052282074076765161 -0.015057467252834793 0.015719727787728788 0.0057083969724579875
leaf_weight=2.2996502190944765 2.0565139949903832 4.3120255015091944 0.875713302171789 0.99847991002024883 5.4700614667963237 0.76869597390759736
leaf_count=736 204 1496 172 313 627 207
internal_value=-0.00138378 0.00266448 -0.00259558 0.00667602 0.0120786 -0.00811671
internal_weight=16.7811 14.4815 12.425 8.11295 6.34577 1.76718
internal_count=3755 3019 2815 1319 799 520
is_linear=0
shrinkage=0.05


Tree=181
num_leaves=7
num_cat=0
split_feature=6 10 45 45 4 60
split_gain=0.444606 0.503473 0.405669 0.519642 0.394444 0.328772
threshold=0.89693784340888094 -0.92831757645124524 -0.67598730956694442 1.0000000180025095e-35 -0.2168511423960772 -0.093162781941332581
decision_type=2 2 2 2 2 2
left_child=1 5 -3 -4 -5 -1
right_child=-2 2 3 4 -6 -7
leaf_value=-0.015943254558793359 -0.015388255409450022 -0.0083106206895926255 0.017449084218752031 -0.012918616477767948 0.0066734425980524764 0.004612904835114116
leaf_weight=2.0338032706931712 1.0001894931192499 1.1779057005187503 6.4298896746477094 1.3738728902244473 3.3389123503002338 1.4391007100930435
leaf_count=594 755 474 920 331 569 95
internal_value=-0.000288681 0.00297134 0.00754671 0.0106303 -0.00184136 -0.00923512
internal_weight=16.7937 15.7935 12.3206 11.1427 4.71279 3.4729
internal_count=3738 2983 2294 1820 900 689
is_linear=0
shrinkage=0.05


Tree=182
num_leaves=7
num_cat=0
split_feature=60 12 16 29 32 38
split_gain=0.407551 0.427776 0.476877 0.393108 0.355352 0.318526
threshold=-0.093162781941332581 -0.054227083535146103 1.4689526365835628 -1.4122835710049289 -0.88936591627038963 0.13477758521200359
decision_type=2 2 2 2 2 2
left_child=1 3 4 -1 -3 -5
right_child=-2 2 -4 5 -6 -7
leaf_value=0.0051891202819694142 0.0074181470258892577 -0.0064358094718615913 -0.010934031641695027 -0.019965080492061194 0.017142711328207518 0.0039183644803475123
leaf_weight=1.1387417849909969 5.2959922910085888 0.45388971408829171 0.79150977241806675 4.8853268553648377 2.5426947696832931 0.64365866195294064
leaf_count=246 466 250 222 1650 442 337
internal_value=-0.00153611 -0.00671426 0.00461569 -0.012586 0.0121383 -0.0167844
internal_weight=15.7518 10.4558 3.78809 6.66773 2.99658 5.52899
internal_count=3613 3147 914 2233 692 1987
is_linear=0
shrinkage=0.05


Tree=183
num_leaves=7
num_cat=0
split_feature=12 0 11 30 44 33
split_gain=0.323414 0.439279 0.413031 0.340843 0.485387 0.307603
threshold=0.61023881920827894 -0.52763782113029156 -0.45145678649879362 0.44471083763106306 0.38233913202829795 1.0668408833238296
decision_type=2 2 2 2 2 2
left_child=1 -1 -3 4 -4 -5
right_child=-2 2 3 5 -6 -7
leaf_value=-0.017235207374884865 0.010071266033439087 -0.0068819555900773936 -0.013473767594179863 0.019477271582622295 0.0099625642625965141 -0.0051421362452521184
leaf_weight=2.0777912416670015 1.6622880029026408 6.8180866154143587 1.5833611895068318 2.3975535138743003 1.3901896342285907 0.2959037153632379
leaf_count=922 168 1233 657 363 135 220
internal_value=-0.00197477 -0.00483522 0.000167671 0.00809553 -0.00301623 0.0154882
internal_weight=16.2252 14.5629 12.4851 5.66701 2.97355 2.69346
internal_count=3698 3530 2608 1375 792 583
is_linear=0
shrinkage=0.05


Tree=184
num_leaves=7
num_cat=0
split_feature=11 11 54 12 1 40
split_gain=0.589807 0.522975 0.488428 0.425255 0.424462 0.366198
threshold=-0.61281616491829116 0.68363734295447776 -0.098095266772930081 0.34045000253899799 1.134371074348959 -0.72436468697037804
decision_type=2 2 2 2 2 2
left_child=2 4 3 -1 5 -2
right_child=1 -3 -4 -5 -6 -7
leaf_value=-0.022115585759624579 -0.0059287767229210947 -0.010054393514053767 0.0044155199250065797 0.0052308646043399687 -0.0063450365456491258 0.017534986790889676
leaf_weight=2.5197104406543107 0.46461901778820802 1.0210227548668616 3.0760535658046138 0.61361240758560587 1.097378221922553 8.3743093966331781
leaf_count=862 245 715 247 46 264 1308
internal_value=0.00179207 0.00805888 -0.00828942 -0.0168211 0.0118202 0.0151118
internal_weight=17.1667 10.9573 6.20938 3.13332 9.93631 8.83893
internal_count=3687 2532 1155 908 1817 1553
is_linear=0
shrinkage=0.05


Tree=185
num_leaves=7
num_cat=0
split_feature=0 42 44 4 34 36
split_gain=0.665893 0.393944 0.432205 0.406965 0.361065 0.339042
threshold=-0.80006675278034944 0.6812960478535327 -0.27853927706297216 1.2222828806826416 -1.4819251654898291 -0.55793768978440972
decision_type=2 2 2 2 2 2
left_child=-1 2 -2 4 -3 -4
right_child=1 3 5 -5 -6 -7
leaf_value=-0.020925484724227675 -0.0082666377498455384 0.0053256289996557425 -0.005565959659881472 0.0077523905771335229 -0.019490782822085138 0.013684787784980654
leaf_weight=1.3993901900830685 1.7804784687177733 0.54795488115632984 1.1575566672254325 0.79151564333005797 2.5821443609020198 7.4131126062129633
leaf_count=677 638 44 596 142 792 835
internal_value=-0.00389507 0.0011191 0.00598016 -0.00874246 -0.0146662 0.0103158
internal_weight=15.6722 14.2728 10.3511 3.92161 3.1301 8.57067
internal_count=3724 3047 2069 978 836 1431
is_linear=0
shrinkage=0.05


Tree=186
num_leaves=7
num_cat=0
split_feature=42 41 42 41 39 44
split_gain=0.455774 0.468177 0.481485 0.742647 0.560001 0.314867
threshold=-1.0722678845912537 -1.1263569443950838 0.9402548115428212 0.88150338244665094 -0.38248691239453797 1.277227806094767
decision_type=2 2 2 2 2 2
left_child=5 -2 3 -3 -4 -1
right_child=1 2 4 -5 -6 -7
leaf_value=-0.016811883913293562 -0.007515279149474652 0.02723468256391955 0.009519804266259287 0.00015109653463252733 -0.01473766106496268 0.0054081724137375947
leaf_weight=1.960993439919551 3.1224715393909728 2.7267072967078967 1.9154307348944715 4.5962649207795039 1.7790182309399822 0.65208992891712103
leaf_count=722 813 211 340 949 573 51
internal_value=0.00120542 0.0051029 0.00952209 0.0152197 -0.00353093 -0.01134
internal_weight=16.753 14.1399 11.0174 7.32297 3.69445 2.61308
internal_count=3659 2886 2073 1160 913 773
is_linear=0
shrinkage=0.05


Tree=187
num_leaves=7
num_cat=0
split_feature=61 29 6 7 12 61
split_gain=0.4198 0.943357 0.496601 0.469785 0.432841 0.266484
threshold=0.62836806114212462 -0.17242958730189156 0.89693784340888094 -1.4212084481807492 -0.24619096926035136 -0.91093149561302678
decision_type=2 2 2 2 2 2
left_child=1 3 4 -1 -2 -5
right_child=2 -3 -4 5 -6 -7
leaf_value=-0.012817164131372039 -0.0065313830903517243 -0.022585127903100466 -0.010787075122472898 -0.0010856756193143866 0.016623723375401991 0.015019545941150259
leaf_weight=0.62523448190768238 0.90958301644423034 2.4998080342047624 0.66245195781812061 3.7997053877043072 5.0243451847927636 3.0738857376272799
leaf_count=275 243 1210 490 604 642 275
internal_value=-0.000943199 -0.00668027 0.00712272 0.00356035 0.012073 0.00849182
internal_weight=16.595 9.99863 6.59638 7.49883 5.93393 6.87359
internal_count=3739 2364 1375 1154 885 879
is_linear=0
shrinkage=0.05


Tree=188
num_leaves=7
num_cat=0
split_feature=28 39 39 39 28 62
split_gain=0.462145 0.664193 0.391124 0.380102 0.341266 0.257037
threshold=-0.68123157568972459 -0.62944461529961038 0.90719307408658056 -0.93032321403548468 -0.7062836375872984 0.51132843330041611
decision_type=2 2 2 2 2 2
left_child=4 3 -3 -2 -1 -4
right_child=1 2 5 -5 -6 -7
leaf_value=-0.0037804173248630469 -0.0055854072575061055 -0.020907947525711311 -0.0076105285222408808 0.014331776974681543 0.015303913271908843 0.0097723457651097533
leaf_weight=2.4371359344513621 2.278716113360133 4.1318428750237208 1.5228678285202479 2.0407269084535065 2.4476483330654455 1.0325495752913409
leaf_count=475 648 1519 461 239 193 123
internal_value=-0.00204069 -0.00723706 -0.0148779 0.00584181 0.0079667 0.000897512
internal_weight=15.8915 11.0067 6.68726 4.31944 4.88478 2.55542
internal_count=3658 2990 2103 887 668 584
is_linear=0
shrinkage=0.05


Tree=189
num_leaves=7
num_cat=0
split_feature=11 45 40 11 45 12
split_gain=0.368486 0.50944 0.416342 0.412622 0.371041 0.370427
threshold=-0.45145678649879362 -0.15624970360006987 -0.67684099483737203 0.68363734295447776 -0.65371284073979274 -0.23582660895291183
decision_type=2 2 2 2 2 2
left_child=1 4 -2 -4 -1 -6
right_child=2 -3 3 -5 5 -7
leaf_value=-0.0094930421926647628 -0.010195288084380567 -0.016255208514490051 0.014096064952372074 -0.0076809688037814241 -0.0072421790151139878 0.014871749419541955
leaf_weight=1.1474552995641714 0.69082360784523267 3.4450617007678392 6.4225615367176925 0.75521244913397811 0.62707643010071468 3.2522809622751088
leaf_count=447 452 712 1114 561 164 285
internal_value=-0.000572634 -0.00674897 0.00610459 0.0102161 0.00340639 0.00969777
internal_weight=16.3405 8.47187 7.8686 7.17777 5.02681 3.87936
internal_count=3735 1608 2127 1675 896 449
is_linear=0
shrinkage=0.05


Tree=190
num_leaves=7
num_cat=0
split_feature=14 29 32 43 30 41
split_gain=0.371761 0.551829 0.506107 0.412032 0.389588 0.364513
threshold=1.0000000180025095e-35 -0.22340560881047963 1.3246624209339266 0.086193820575692512 -0.49555517022223333 0.30931208705662411
decision_type=2 2 2 2 2 2
left_child=1 3 -3 4 -1 -4
right_child=-2 2 5 -5 -6 -7
leaf_value=-0.01537288330050079 0.010253087432156659 -0.021479421394474771 -0.0099945429929362509 0.010053272547055726 0.0062363665976550402 0.010852343295894989
leaf_weight=1.8144280220440125 1.7223767224641058 3.7017371472611549 0.8491548343736216 4.7617236787918955 1.4756176809896713 1.7213538158684967
leaf_count=634 534 1624 191 443 141 140
internal_value=-0.00266888 -0.00572913 -0.0141478 0.00288919 -0.00732905 0.00229193
internal_weight=16.0464 14.324 6.27225 8.05177 3.29005 2.57051
internal_count=3707 3173 1955 1218 775 331
is_linear=0
shrinkage=0.05


Tree=191
num_leaves=7
num_cat=0
split_feature=12 4 62 4 33 1
split_gain=0.323114 0.50065 0.38749 0.420421 0.357056 0.34684
threshold=0.20643778117919762 -0.54126197629634343 -0.026294030745311107 -0.37629476797458267 1.0668408833238296 1.3682250445572366
decision_type=2 2 2 2 2 2
left_child=1 -1 3 -3 5 -4
right_child=-2 2 4 -5 -6 -7
leaf_value=-0.016697345772542591 0.008389252352281466 0.0064181099290740356 0.015331115547521099 -0.016375150757130034 -0.0088165507198696494 -0.0053494056372004059
leaf_weight=3.2425655440310939 2.680483055737569 1.2893436673330145 4.9649023714882787 2.0546905864321143 0.53711775020929042 1.043737281754147
leaf_count=934 396 158 884 748 359 204
internal_value=-0.00226053 -0.00559013 0.00109018 -0.00870768 0.00725915 0.0111537
internal_weight=15.8128 13.1324 9.88979 3.34403 6.54576 6.00864
internal_count=3683 3287 2353 906 1447 1088
is_linear=0
shrinkage=0.05


Tree=192
num_leaves=7
num_cat=0
split_feature=37 32 32 62 17 43
split_gain=0.365312 0.424701 0.388388 0.402262 0.551308 0.341343
threshold=-0.60082899256245004 -1.1047243016386263 1.4061692000856574 0.38697223496721661 1.0000000180025095e-35 0.43100789889734997
decision_type=2 2 2 2 2 2
left_child=1 -1 3 4 -2 -5
right_child=2 -3 -4 5 -6 -7
leaf_value=-0.0083303016155745254 -0.022163607174395823 0.014351282781382433 0.0059992811638101794 0.0081102000975540618 0.0064910005523463312 -0.010951818065367821
leaf_weight=0.76042999952915158 3.9705626202630793 3.2377331036550467 3.1135379113256922 3.3656626401934773 0.73210083274170745 0.75346330247702997
leaf_count=490 1279 479 340 787 73 254
internal_value=-0.00131394 0.0083156 -0.00556207 -0.0101294 -0.016912 0.00147765
internal_weight=15.9335 3.99816 11.9353 8.82179 4.70266 4.11913
internal_count=3702 969 2733 2393 1352 1041
is_linear=0
shrinkage=0.05


Tree=193
num_leaves=7
num_cat=0
split_feature=14 28 10 44 10 27
split_gain=0.347922 0.485742 0.538691 0.337 0.290539 0.250932
threshold=1.0000000180025095e-35 -0.38298729644856816 -0.90081073874563389 2.1833895350208246 -0.35777676070646619 -0.66438793909044236
decision_type=2 2 2 2 2 2
left_child=1 2 -1 -3 -4 -2
right_child=5 3 4 -5 -6 -7
leaf_value=-0.010019581405245026 -0.0053108747094567123 -0.019188949605456106 0.013049173721279249 0.0050202536388685064 -0.0044227586138638085 0.015548163358519194
leaf_weight=3.3517927550419673 0.38690131824114349 3.3387817819602783 5.104260176100067 0.50918421725509677 1.6463712325930862 1.3717515312891926
leaf_count=708 311 1399 605 67 359 226
internal_value=-0.00173555 -0.00486453 0.00164564 -0.0151896 0.00873832 0.0105041
internal_weight=15.709 13.9504 10.1024 3.84797 6.75063 1.75865
internal_count=3675 3138 1672 1466 964 537
is_linear=0
shrinkage=0.05


Tree=194
num_leaves=7
num_cat=0
split_feature=28 3 32 2 33 62
split_gain=0.390281 0.521933 0.439816 0.308557 0.307975 0.272109
threshold=-0.38298729644856816 -0.29003892494996192 -1.0879509973217991 0.22736302978532438 1.0668408833238296 1.0286810080717497
decision_type=2 2 2 2 2 2
left_child=2 -2 -1 -3 -5 -4
right_child=1 3 5 4 -6 -7
leaf_value=-0.011014833304699365 -0.019448479251966182 -0.0074154661746045963 0.011191374961514946 0.016181934158027388 -0.0062500112267064346 -0.0057453494291554918
leaf_weight=0.79834194629802269 1.6323480398277759 1.3908438137004835 10.111481334432028 1.7937534736993259 0.37488308758474875 0.95909800610388707
leaf_count=431 646 614 1240 338 299 216
internal_value=0.000796474 -0.00807794 0.00552501 0.00364648 0.0109273 0.00881194
internal_weight=17.0607 5.19183 11.8689 3.55948 2.16864 11.0706
internal_count=3784 1897 1887 1251 637 1456
is_linear=0
shrinkage=0.05


Tree=195
num_leaves=7
num_cat=0
split_feature=31 3 42 33 59 39
split_gain=0.364219 0.663456 0.399141 0.369521 0.308309 0.261145
threshold=0.042050282721228953 -0.29003892494996192 0.49102788285656218 -0.79952990241975985 1.0000000180025095e-35 1.2847471866938551
decision_type=2 2 2 2 2 2
left_child=1 4 5 -4 -1 -2
right_child=2 -3 3 -5 -6 -7
leaf_value=0.00046582172933789774 0.014121301535249212 0.0058121540219204307 0.00696638322799536 -0.015188061780817181 -0.023813019210364675 -0.0037435553414883801
leaf_weight=1.6027068059775049 4.8244189200340752 3.2937634729169094 0.97283302980940822 1.4210379017458761 2.1346272659720844 1.3447685319697482
leaf_count=165 607 1224 64 421 877 305
internal_value=-0.0015484 -0.00832876 0.00473537 -0.0073177 -0.01783 0.0102764
internal_weight=15.5942 7.0311 8.56306 2.39387 3.73733 6.16919
internal_count=3663 2266 1397 485 1042 912
is_linear=0
shrinkage=0.05


Tree=196
num_leaves=7
num_cat=0
split_feature=35 12 27 6 33 11
split_gain=0.460284 0.640182 0.46931 0.480171 0.396929 0.323757
threshold=-0.20392777964619832 -0.0085672243525131454 0.87045994260237614 0.89693784340888094 -0.14974979867727115 -0.68820445989415457
decision_type=2 2 2 2 2 2
left_child=1 -1 3 5 -4 -2
right_child=2 -3 4 -5 -6 -7
leaf_value=-0.017491476390139468 -0.0037209924778075082 0.0064265815314835661 0.004994175102003692 -0.0081030262497589194 -0.016105349558846828 0.020340312110899889
leaf_weight=3.6185357395443134 0.70360733615234572 2.7548802866658688 2.7380922315642242 0.53063484840095032 1.012939533597091 4.7269338938785923
leaf_count=1038 163 417 311 556 362 858
internal_value=1.14297e-06 -0.00840502 0.0061992 0.0128084 -0.00532848 0.0170081
internal_weight=16.0856 6.37342 9.71221 5.96118 3.75103 5.43054
internal_count=3705 1455 2250 1577 673 1021
is_linear=0
shrinkage=0.05


Tree=197
num_leaves=7
num_cat=0
split_feature=60 44 37 10 1 4
split_gain=0.372201 0.368655 0.387587 0.285896 0.272154 0.365475
threshold=-0.081495022299884395 -0.035848446995153986 0.1114264293597927 -0.90081073874563389 1.2831872372087718 -0.88292688825028376
decision_type=2 2 2 2 2 2
left_child=1 -1 3 -3 5 -2
right_child=4 2 -4 -5 -6 -7
leaf_value=-0.014950971053403029 -0.0069554003341079683 -0.0053037697082500964 -0.0086441699601345276 0.013471458121200855 -0.0064143937331710629 0.015555813089761249
leaf_weight=3.3788223450683299 0.50734383647795755 1.0761550021125001 2.9511940786032937 3.2641875898116277 0.82680530671495933 4.0617378891911349
leaf_count=1666 77 192 767 598 98 312
internal_value=-0.00121338 -0.0061479 0.00110048 0.0085512 0.00725468 0.0112902
internal_weight=16.0662 10.6704 7.29154 4.34034 5.39589 4.56908
internal_count=3710 3223 1557 790 487 389
is_linear=0
shrinkage=0.05


Tree=198
num_leaves=7
num_cat=0
split_feature=38 34 12 28 62 62
split_gain=0.351743 0.565143 0.441128 0.428597 0.592736 0.427661
threshold=-0.25848535223467256 0.91583548144515836 -0.23739315915671874 -0.68123157568972459 0.41699219756347111 1.0286810080717497
decision_type=2 2 2 2 2 2
left_child=3 2 -2 -1 -5 -6
right_child=1 -3 -4 4 5 -7
leaf_value=0.0058573474446754082 -0.0061551302448962395 -0.010155405827246018 0.020512825310017233 -0.019591171136290275 0.011236189042718354 -0.010183819693455193
leaf_weight=4.7582432045019241 0.54730149477836709 0.65783192402159318 3.3871392504661335 3.311536298089778 2.6993264796037697 1.0858442349708637
leaf_count=694 213 565 542 962 385 339
internal_value=0.000836055 0.00948825 0.0157452 -0.00375487 -0.0100252 0.00330562
internal_weight=16.4472 4.59227 3.93444 11.855 7.09671 3.78517
internal_count=3700 1320 755 2380 1686 724
is_linear=0
shrinkage=0.05


Tree=199
num_leaves=7
num_cat=0
split_feature=15 12 28 44 37 3
split_gain=0.38715 0.525171 0.494405 0.3711 0.363126 0.260565
threshold=-0.80649847674524766 -0.21743969376215364 -0.68123157568972459 0.22608061767485529 0.75245630908981143 0.44520281913691351
decision_type=2 2 2 2 2 2
left_child=2 -2 3 -1 5 -3
right_child=1 4 -4 -5 -6 -7
leaf_value=-0.0084659107550658554 -0.0099189224329717697 0.018290421989287663 -0.016312606110173166 0.011547146764703123 -0.0054491661154956513 -0.004561792124773918
leaf_weight=1.3105639989662452 1.6479784466791896 4.4801857074198779 4.1691445283067878 2.37399400875438 1.0573142990178892 0.26570121498662036
leaf_count=362 607 717 1250 146 333 252
internal_value=-0.00205845 0.00513879 -0.0084198 0.00382395 0.0113378 0.0157397
internal_weight=15.3049 7.45118 7.8537 3.68456 5.8032 4.74589
internal_count=3667 1909 1758 508 1302 969
is_linear=0
shrinkage=0.05


Tree=200
num_leaves=7
num_cat=0
split_feature=61 29 33 12 26 56
split_gain=0.463045 0.63811 0.511005 0.470818 0.416151 0.427299
threshold=0.62836806114212462 0.76754938769215453 -0.73901372808897003 -0.23739315915671874 0.85823852191104799 2.0456366927030474
decision_type=2 2 2 2 2 2
left_child=2 3 -1 -2 5 -4
right_child=1 -3 4 -5 -6 -7
leaf_value=0.0048573891398286584 -0.0062599134686695153 -0.011127103962166936 -0.024481460327103854 0.018894351081731459 0.0033785082964253436 0.0042125753954681327
leaf_weight=4.1351282008981807 0.85480584777542379 1.0067975266429128 3.1053533184895072 4.6386768709635353 1.6350080348202025 0.66033392219105724
leaf_count=589 189 699 1331 479 358 54
internal_value=-0.000426452 0.00795903 -0.00667934 0.0141517 -0.0140928 -0.019813
internal_weight=16.0361 6.50028 9.53582 5.49348 5.4007 3.76569
internal_count=3699 1367 2332 668 1743 1385
is_linear=0
shrinkage=0.05


Tree=201
num_leaves=7
num_cat=0
split_feature=40 33 31 10 45 37
split_gain=0.455811 0.407234 0.468901 0.327573 0.275235 0.272301
threshold=-0.67684099483737203 0.7806446144904593 -0.325867974797374 -0.92831757645124524 1.1678437211250634 0.75245630908981143
decision_type=2 2 2 2 2 2
left_child=-1 2 -2 -4 5 -5
right_child=1 -3 3 4 -6 -7
leaf_value=-0.014988100269544204 -0.0065252221593903609 -0.012604935794712292 -0.0037583028714552416 0.020278345793092775 -0.00355125830726215 -0.0012355834689671923
leaf_weight=1.7820812020654564 3.486395977175559 0.83644567472220011 1.9307584528578416 5.4535081343346983 0.87933649157639582 1.3815965900430454
leaf_count=866 972 606 254 623 175 186
internal_value=-0.00152832 0.00253525 0.00566443 0.0105733 0.0142082 0.0168793
internal_weight=15.7501 13.968 13.1316 9.6452 7.71444 6.8351
internal_count=3682 2816 2210 1238 984 809
is_linear=0
shrinkage=0.05


Tree=202
num_leaves=7
num_cat=0
split_feature=12 16 10 30 37 39
split_gain=0.379159 0.323723 0.309269 0.309242 0.473904 0.373927
threshold=-0.054227083535146103 1.4689526365835628 0.2229908342032754 -0.36973763723305314 0.1256715377982375 1.2993058285681716
decision_type=2 2 2 2 2 2
left_child=3 2 -2 -1 5 -5
right_child=1 -3 -4 4 -6 -7
leaf_value=-0.015099581124388334 0.016635287498122858 -0.0065327813002007337 -0.0056746142022706079 0.015290214849340972 -0.0083571993571866232 -0.0078341507531049064
leaf_weight=2.8655396274116347 3.2542509132763384 1.070694435824407 0.43638501674286079 2.9119308459048621 4.6034168760234024 0.36302050575613964
leaf_count=842 532 236 266 525 1145 155
internal_value=-0.00162732 0.00746626 0.0126357 -0.00640736 4.64236e-05 0.010207
internal_weight=15.5052 4.76133 3.69064 10.7439 7.87837 3.27495
internal_count=3701 1034 798 2667 1825 680
is_linear=0
shrinkage=0.05


Tree=203
num_leaves=7
num_cat=0
split_feature=42 31 4 36 34 39
split_gain=0.288899 0.592524 0.438132 0.309167 0.422743 0.275277
threshold=0.40509563885915195 0.23528962925022204 1.2222828806826416 1.7408029288419862 -1.3154484915720566 1.5802336958466494
decision_type=2 2 2 2 2 2
left_child=1 -1 3 4 -2 -3
right_child=2 5 -4 -5 -6 -7
leaf_value=-0.0060149882093504872 0.0049252610611649796 0.01649667585599612 0.0087578742648371649 0.0038564622509964738 -0.022457145552525065 -0.0044130228230869831
leaf_weight=5.1627267519797879 0.64590165886329476 4.6407415544090327 0.97412168787559483 1.0650607413845135 2.7853070242854314 0.63595256058033545
leaf_count=1595 106 508 194 131 974 201
internal_value=-3.06858e-05 0.00453164 -0.00725856 -0.0128448 -0.0174096 0.0132905
internal_weight=15.9098 10.4394 5.47039 4.49627 3.43121 5.27669
internal_count=3709 2304 1405 1211 1080 709
is_linear=0
shrinkage=0.05


Tree=204
num_leaves=7
num_cat=0
split_feature=42 62 31 4 39 37
split_gain=0.399033 0.462999 0.395761 0.374209 0.323933 0.302916
threshold=-1.0722678845912537 0.60900022043694446 0.28614208886311493 -1.2252803067692222 1.2847471866938551 -0.61151282389128381
decision_type=2 2 2 2 2 2
left_child=-1 2 3 -2 -4 -3
right_child=1 5 4 -5 -6 -7
leaf_value=-0.014086424941806924 -0.0074244513523287203 0.0056943022967560417 0.005024292060567332 0.015296563464624971 -0.014382894593632574 -0.015134321392997283
leaf_weight=2.3910396482970109 0.35423716867808064 0.71431272456538897 2.3412777402263605 6.4132999337161891 0.95760510489344586 2.4041922750475342
leaf_count=808 193 173 316 1094 325 805
internal_value=-0.0025612 0.00175248 0.00681151 0.0121922 -0.00477635 -0.00991065
internal_weight=15.576 13.1849 10.0664 6.76754 3.29888 3.1185
internal_count=3714 2906 1928 1287 641 978
is_linear=0
shrinkage=0.05


Tree=205
num_leaves=7
num_cat=0
split_feature=34 53 38 34 53 35
split_gain=0.484243 0.517922 0.668366 0.399108 0.331095 0.308253
threshold=-1.400265509909479 -0.37550111484765819 -0.25848535223467256 0.57106226277544458 2.4966414914563964 -1.6611165908987811
decision_type=2 2 2 2 2 2
left_child=5 2 -2 -4 -3 -1
right_child=1 4 3 -5 -6 -7
leaf_value=-0.0067115804177749032 -0.021195302613946605 0.011712780244962868 0.01198595856198675 -0.0096646186413853336 -0.0059161525332130779 0.015127109514523444
leaf_weight=0.34205881942762095 4.9281440000922876 2.5751606593839824 1.980966642557177 0.90156305771961331 2.5333092129440047 2.2282499539433056
leaf_count=203 1704 198 357 806 289 151
internal_value=-0.00307323 -0.00712853 -0.0135093 0.00373896 0.00401614 0.0101714
internal_weight=15.4895 12.9191 7.81067 2.88253 5.10847 2.57031
internal_count=3708 3354 2867 1163 487 354
is_linear=0
shrinkage=0.05


Tree=206
num_leaves=7
num_cat=0
split_feature=49 55 34 11 38 39
split_gain=0.4136 0.404454 0.471371 0.330221 0.321709 0.247494
threshold=-0.3563589200727057 1.0000000180025095e-35 -1.6044686208732959 -0.62841451962264938 0.13477758521200359 -0.93032321403548468
decision_type=2 2 2 2 2 2
left_child=1 2 -1 -2 -4 -5
right_child=3 -3 4 5 -6 -7
leaf_value=0.0063377712054631568 -0.0056428564049617385 0.0057604455379904364 -0.019106177864706697 -0.0039230563037203937 0.0045942033076717412 0.01650730977144764
leaf_weight=1.359657634719041 1.4540271792502606 3.0727252056822181 5.2625826196308472 0.64547579528880294 0.5195413534529506 3.6466224138566767
leaf_count=235 274 253 1968 192 236 554
internal_value=-0.000464212 -0.00598469 -0.0112472 0.0080359 -0.0161347 0.0130849
internal_weight=15.9606 10.2145 7.14178 5.74613 5.78212 4.2921
internal_count=3712 2692 2439 1020 2204 746
is_linear=0
shrinkage=0.05


Tree=207
num_leaves=7
num_cat=0
split_feature=34 3 40 0 6 6
split_gain=0.391466 0.433494 0.312659 0.300221 0.300979 0.279255
threshold=0.27950544886595913 -0.27608212871131482 -0.67684099483737203 0.90149755801755405 -1.8536281038153117 0.46716191415510072
decision_type=2 2 2 2 2 2
left_child=2 -2 -1 4 -4 -6
right_child=1 -3 3 -5 5 -7
leaf_value=-0.0074973805938498119 -0.018693195163244584 0.0030816927523793359 -0.0064726951183617792 -0.0044926050260642473 0.016469400276882994 -0.0050466631091377724
leaf_weight=1.3190248261962541 1.411109903710895 3.2836368532152829 0.28750990505795648 1.8432874940626778 7.7002119280805381 0.36988662913790893
leaf_count=523 611 1275 95 340 765 124
internal_value=0.00107764 -0.00819956 0.00577138 0.00880102 0.0121452 0.0143828
internal_weight=16.2147 4.69475 11.5199 10.2009 8.35761 8.0701
internal_count=3733 1886 1847 1324 984 889
is_linear=0
shrinkage=0.05


Tree=208
num_leaves=7
num_cat=0
split_feature=12 16 42 60 9 31
split_gain=0.527284 0.318403 0.308952 0.296337 0.233478 0.2235
threshold=0.095068358840293174 -0.36831867093583637 0.9402548115428212 4.8057500650359062 -1.0496428310321158 0.095993774192944914
decision_type=2 2 2 2 2 2
left_child=1 3 5 -1 -2 -3
right_child=4 2 -4 -5 -6 -7
leaf_value=-0.015409785067455337 -0.0054893954023140738 -0.0042742142789978952 -0.0099875904722112017 0.0056326982163091531 0.013813256298543084 0.011967571168168892
leaf_weight=5.8992770889162767 0.31589254149002988 1.366235640045488 0.99446372396778304 0.44993082334985945 3.1003794662829032 3.1373258740641177
leaf_count=2348 223 290 221 24 366 268
internal_value=-0.0020121 -0.00692465 0.00175236 -0.0125897 0.0102963 0.00730142
internal_weight=15.2635 11.8472 5.49803 6.34921 3.41627 4.50356
internal_count=3740 3151 779 2372 589 558
is_linear=0
shrinkage=0.05


Tree=209
num_leaves=7
num_cat=0
split_feature=34 32 62 41 32 41
split_gain=0.547577 0.425759 0.363256 0.290602 0.298423 0.233072
threshold=0.25376079869290757 1.3246624209339266 0.58017763526618349 -1.1263569443950838 -1.0879509973217991 1.3603304082082748
decision_type=2 2 2 2 2 2
left_child=3 -2 -3 -1 -5 -6
right_child=1 2 -4 4 5 -7
leaf_value=-0.0070663118020775698 -0.019609607327547292 0.010768881055501375 -0.01052224308515733 -0.0074002537620205524 0.012752917793744109 -0.0057678681404013587
leaf_weight=1.6578488672676019 2.4781097521627098 1.8456207686685959 0.51559064068715077 0.55609525760519218 8.3128306104626937 0.24054207050358023
leaf_count=393 1623 169 165 313 991 80
internal_value=-0.00139105 -0.0117655 0.00283332 0.00481944 0.00819727 0.0108696
internal_weight=15.6066 4.83932 2.36121 10.7673 9.10947 8.55337
internal_count=3734 1957 334 1777 1384 1071
is_linear=0
shrinkage=0.05


Tree=210
num_leaves=7
num_cat=0
split_feature=9 37 27 10 33 35
split_gain=0.360779 0.393084 0.602473 0.269191 0.303056 0.248591
threshold=1.1361651372992541 0.62246969458900214 0.035795273357765812 -0.92831757645124524 -0.81481600751603767 -0.2702476464569179
decision_type=2 2 2 2 2 2
left_child=1 2 -1 4 -2 -4
right_child=3 -3 5 -5 -6 -7
leaf_value=-0.010197149155742156 0.0082813587148514983 -0.016904548540630737 -0.0048523811006051546 0.012772884799936837 -0.010812567612808193 0.014970125803999999
leaf_weight=3.6535873976972635 0.86968885886017266 2.5824175482848659 0.53870669647585634 2.8410984783258764 1.8112903646542688 3.0483715917362133
leaf_count=1580 45 931 120 232 346 436
internal_value=-0.00186483 -0.0069283 0.000539624 0.00641059 -0.00351632 0.011139
internal_weight=15.3452 9.82308 7.24067 5.52208 2.68098 3.58708
internal_count=3690 3067 2136 623 391 556
is_linear=0
shrinkage=0.05


Tree=211
num_leaves=7
num_cat=0
split_feature=61 33 62 31 43 33
split_gain=0.380718 0.609828 0.492613 0.341624 0.296016 0.292528
threshold=0.62836806114212462 -0.7346165145473188 0.51132843330041611 0.15614781815519876 0.086193820575692512 0.31567638527520453
decision_type=2 2 2 2 2 2
left_child=1 4 -3 -4 -1 -2
right_child=5 2 3 -5 -6 -7
leaf_value=-0.0067901584987057582 0.010511177892693103 -0.024340078136590414 -0.0095755727901806701 0.010865264696881446 0.010986274722569259 -0.006308284727033312
leaf_weight=1.3770737495069614 4.6784363854094417 2.6408798382035448 0.97969237461802583 1.2485972938156917 2.7806212611321826 1.5150007060437927
leaf_count=408 680 1115 493 131 200 710
internal_value=-0.00237269 -0.00793712 -0.0164242 0.00154052 0.0047203 0.00568095
internal_weight=15.2203 9.02686 4.86917 2.22829 4.1577 6.19344
internal_count=3737 2347 1739 624 608 1390
is_linear=0
shrinkage=0.05


Tree=212
num_leaves=7
num_cat=0
split_feature=12 0 62 41 35 38
split_gain=0.300833 0.365501 0.393141 0.392904 0.359599 0.320132
threshold=0.18521182790577229 -0.036372534548219683 -0.72966774126266043 1.1346726717254394 1.0394791221438517 -0.25848535223467256
decision_type=2 2 2 2 2 2
left_child=1 5 -3 4 -4 -1
right_child=-2 2 3 -5 -6 -7
leaf_value=-0.018230094606272302 0.0095172208901973757 -0.0090998125869747645 0.016442688621712748 -0.0078621433908655051 -0.0065370253654854025 0.0025628283567605409
leaf_weight=2.5469461886677891 2.758786261838396 2.1889871674502484 4.8332777303585317 0.89638189016841341 0.44082705258915655 1.7959289237478504
leaf_count=1025 428 446 647 284 269 602
internal_value=-0.000301602 -0.003845 0.00250493 0.00825185 0.0128482 -0.0120975
internal_weight=15.4611 12.7023 8.35947 6.17049 5.2741 4.34288
internal_count=3701 3273 1646 1200 916 1627
is_linear=0
shrinkage=0.05


Tree=213
num_leaves=7
num_cat=0
split_feature=34 40 11 10 12 54
split_gain=0.412597 0.369826 0.339341 0.261915 0.238235 0.228343
threshold=0.42263922718657276 -0.57723644335115176 -0.26895434771496196 -0.96070079070768521 0.61023881920827894 3.4539371722154266
decision_type=2 2 2 2 2 2
left_child=1 -1 3 -3 -4 -2
right_child=5 2 4 -5 -6 -7
leaf_value=-0.008237671149138653 -0.014344955011473128 -0.0021932842621006838 -0.011623362331886392 0.015648167311018441 0.0066796833576115572 0.0048734419619717194
leaf_weight=2.1643317511479827 3.4153358099574702 1.8203794923902004 1.3079592574504202 5.6985666754189879 0.53781779669225205 0.4214146629674359
leaf_count=729 1674 228 498 511 49 29
internal_value=-0.00102326 0.00389293 0.00801495 0.0119351 -0.0054566 -0.0110218
internal_weight=15.3658 11.5291 9.36472 7.51895 1.84578 3.83675
internal_count=3718 2015 1286 739 547 1703
is_linear=0
shrinkage=0.05


Tree=214
num_leaves=7
num_cat=0
split_feature=16 16 49 62 34 62
split_gain=0.347006 0.481141 0.389405 0.340342 0.322377 0.664666
threshold=-0.36831867093583637 1.4689526365835628 -0.3563589200727057 1.0286810080717497 -1.4819251654898291 0.41699219756347111
decision_type=2 2 2 2 2 2
left_child=2 -2 -1 -4 -3 -6
right_child=1 4 3 -5 5 -7
leaf_value=-0.016043541439455029 0.017262746359010685 0.0081604269107359659 0.009113542584437152 -0.010390071625287763 -0.020046194867104988 0.0068720179457777506
leaf_weight=4.321336144770612 1.1130948362406341 1.3243483179248867 2.9163884640438487 0.67681249420274969 2.1438716521952301 2.0750042250147089
leaf_count=1899 50 101 568 304 506 256
internal_value=-0.00362481 0.00394066 -0.00932181 0.00238381 -0.00385698 -0.00945293
internal_weight=14.5709 6.65632 7.91454 3.5932 5.54322 4.21888
internal_count=3684 913 2771 872 863 762
is_linear=0
shrinkage=0.05


Tree=215
num_leaves=7
num_cat=0
split_feature=42 31 43 42 44 54
split_gain=0.46615 0.490255 0.398783 0.344962 0.259672 0.276171
threshold=0.6812960478535327 0.23528962925022204 -1.0637217953353304 0.19346787873064131 1.9432244532295948 2.8559455938471534
decision_type=2 2 2 2 2 2
left_child=1 3 -2 4 5 -1
right_child=2 -3 -4 -5 -6 -7
leaf_value=-0.018979366657935877 0.006280975076056107 0.011288454134020064 -0.01776539914918716 0.0074652602065859129 0.0049841405264447183 0.0030563272195940528
leaf_weight=2.9342333587264862 0.65601501538185392 5.2928800843947101 3.3840376610023677 1.2655404539545996 0.58964050322538231 0.90130792127456505
leaf_count=1361 64 753 1157 239 57 93
internal_value=-0.00265249 0.00304958 -0.0128481 -0.00586484 -0.011153 -0.0147325
internal_weight=15.0237 10.9836 4.04005 5.69072 4.42518 3.83554
internal_count=3724 2503 1221 1750 1511 1454
is_linear=0
shrinkage=0.05


Tree=216
num_leaves=7
num_cat=0
split_feature=62 39 40 6 37 32
split_gain=0.384871 0.458145 0.438699 0.341644 0.341159 0.345058
threshold=0.38697223496721661 0.30554371840649347 -0.55400361992756697 0.89693784340888094 -0.031024655024655887 1.4255095215080067
decision_type=2 2 2 2 2 2
left_child=1 4 -2 -4 -1 -6
right_child=2 -3 3 -5 5 -7
leaf_value=0.011135787402602531 -0.0090719376897477558 -0.01605936832165137 0.015331102552906307 -0.0067713701833907267 -0.0140354675453301 0.0063698170324230641
leaf_weight=2.4042985854612189 1.0131322103552518 3.2490656531008426 5.1377334253193121 0.39380109819467168 1.6987395158357679 1.3641600784612817
leaf_count=448 468 953 736 310 695 127
internal_value=-0.000709283 -0.00668515 0.00684915 0.0119298 0.00260193 -0.00629239
internal_weight=15.2609 8.71626 6.54467 5.53153 5.4672 3.0629
internal_count=3737 2223 1514 1046 1270 822
is_linear=0
shrinkage=0.05


Tree=217
num_leaves=7
num_cat=0
split_feature=12 38 34 60 44 12
split_gain=0.414364 0.368957 0.437065 0.346357 0.413213 0.263309
threshold=0.095068358840293174 -0.25848535223467256 0.67668549210177986 3.0677763154589965 1.2030926099830064 -0.23739315915671874
decision_type=2 2 2 2 2 2
left_child=1 3 5 4 -1 -3
right_child=-2 2 -4 -5 -6 -7
leaf_value=-0.018812270368244777 0.0098860629879799697 -0.0051582832481931202 -0.0088027202663249881 0.0051130866299201744 0.0041080539398213548 0.017152478820964968
leaf_weight=5.2086329933226798 3.2548218266747435 0.26648165818187441 1.2341844504844628 1.3551113336579872 1.3658292784239163 2.1276112933410327
leaf_count=1718 567 129 745 95 127 278
internal_value=-0.00104167 -0.00552214 0.00510381 -0.0104505 -0.0142554 0.0131814
internal_weight=14.8127 11.5579 3.62828 7.92957 6.57446 2.39409
internal_count=3659 3092 1152 1940 1845 407
is_linear=0
shrinkage=0.05


Tree=218
num_leaves=7
num_cat=0
split_feature=33 2 33 43 41 2
split_gain=0.358356 0.26385 0.227517 0.208 0.207751 0.342742
threshold=-0.4435023206747904 -0.63506063091101261 -0.79952990241975985 0.19621873206271012 0.66687826866265076 -0.45147522817905533
decision_type=2 2 2 2 2 2
left_child=1 2 3 -1 5 -3
right_child=-2 4 -4 -5 -6 -7
leaf_value=-0.0062633294295499258 -0.0076921711422760393 0.018058924817363296 -0.010147495525649208 0.010922486707490799 -0.0024588048613258277 -0.0055689103838400264
leaf_weight=0.47399574887822415 5.8688953476084871 3.7269957267417335 1.8824353032105134 1.4233572859666308 1.4884896833100354 0.48408581923285821
leaf_count=184 2106 422 435 71 300 186
internal_value=-9.09306e-06 0.00545334 -0.00339084 0.00542237 0.0104653 0.014156
internal_weight=15.3483 9.47936 3.77979 1.89735 5.69957 4.21108
internal_count=3704 1598 690 255 908 608
is_linear=0
shrinkage=0.05


Tree=219
num_leaves=7
num_cat=0
split_feature=9 61 28 1 34 39
split_gain=0.415351 0.477754 0.418709 0.36049 0.395687 0.282803
threshold=0.077626010049830843 0.62836806114212462 -0.38298729644856816 0.34777135637566131 -1.4819251654898291 -0.97561676653335827
decision_type=2 2 2 2 2 2
left_child=1 -1 3 4 -2 -3
right_child=2 5 -4 -5 -6 -7
leaf_value=-0.0079895650650665985 0.0063094014973461184 -0.0043735117949597656 -0.019984130662448536 0.0072186866201824811 -0.015648557152967903 0.017898336046957262
leaf_weight=1.510070562973852 1.2227014327072527 0.56277018078253505 1.4111862685240328 4.3220541879709344 2.4906352833786509 3.0717893516412018
leaf_count=935 123 344 534 491 613 653
internal_value=-0.00213267 0.00700579 -0.00759855 -0.000581963 -0.00882986 0.0140315
internal_weight=14.5912 5.14463 9.44658 8.03539 3.71334 3.63456
internal_count=3693 1932 1761 1227 736 997
is_linear=0
shrinkage=0.05


Tree=220
num_leaves=7
num_cat=0
split_feature=38 28 34 41 26 12
split_gain=0.439426 0.499952 0.482129 0.371596 0.25659 0.246447
threshold=-0.25848535223467256 -0.67781291729940174 0.91583548144515836 -0.71021145647950668 -0.86945196884988596 -0.23739315915671874
decision_type=2 2 2 2 2 2
left_child=1 4 3 -2 -1 -5
right_child=2 -3 -4 5 -6 -7
leaf_value=-0.0084575408565377604 -0.0055769421007763002 -0.014093521731942969 -0.0096869349101543316 -0.003031135392907044 0.0086996007764940288 0.021926214970629455
leaf_weight=0.44708239223109547 0.58301826719252892 5.8892046047403701 0.62628456053789694 0.39926083511090871 4.0219231299124649 2.767155590787298
leaf_count=228 255 1659 586 154 474 349
internal_value=-0.0018218 -0.00698792 0.00827559 0.014248 0.00427555 0.0188356
internal_weight=14.7339 10.3582 4.37572 3.74943 4.46901 3.16642
internal_count=3705 2361 1344 758 702 503
is_linear=0
shrinkage=0.05


Tree=221
num_leaves=7
num_cat=0
split_feature=35 34 1 33 17 30
split_gain=0.389348 0.381648 0.343246 0.368181 0.289664 0.254205
threshold=-0.20392777964619832 -1.400265509909479 1.4399756945075033 1.0668408833238296 0.69980812433795714 0.44471083763106306
decision_type=2 2 2 2 2 2
left_child=1 -1 3 5 -3 -2
right_child=2 4 -4 -5 -6 -7
leaf_value=0.0049049892672654062 0.0011111471746528886 -0.01848269141643781 -0.0085776263636474625 -0.0082254496128795606 0.003880979948201203 0.018603976846175936
leaf_weight=2.0203580460511148 3.7198954593914078 3.4389371452998612 1.1439155889092942 0.53068238338164508 0.70836750819580618 3.2464635894284584
leaf_count=349 824 1000 302 492 123 592
internal_value=-0.00117373 -0.00872545 0.005076 0.00901534 -0.0146372 0.0124093
internal_weight=14.8086 6.16766 8.64096 7.49704 4.1473 6.96636
internal_count=3682 1472 2210 1908 1123 1416
is_linear=0
shrinkage=0.05


Tree=222
num_leaves=7
num_cat=0
split_feature=12 31 22 62 62 33
split_gain=0.403589 0.27478 0.283889 0.244424 0.442165 0.382391
threshold=-0.12281043759430581 -0.34442841033675758 -1.7900328811776716 0.42734095959807644 0.56769069925748505 -0.81481600751603767
decision_type=2 2 2 2 2 2
left_child=3 -2 -3 5 -5 -1
right_child=1 2 -4 4 -6 -7
leaf_value=0.0059208507665549177 -0.0044121745594491958 -0.0059685125183260926 0.015206088265207064 0.013348248125444587 -0.0082467685840829693 -0.01754415586018147
leaf_weight=0.69021106776199204 2.2721336607210105 0.32630877147312309 3.6714662493905061 1.1848893499409316 2.5231121560500469 3.8723540912906165
leaf_count=86 820 265 436 86 728 1246
internal_value=-0.00171461 0.00629264 0.01166 -0.00784409 0.00153743 -0.0130538
internal_weight=14.5405 6.26991 3.99778 8.27057 3.708 4.56257
internal_count=3667 1521 701 2146 814 1332
is_linear=0
shrinkage=0.05


Tree=223
num_leaves=7
num_cat=0
split_feature=37 2 44 36 11 39
split_gain=0.307501 0.403776 0.343251 0.307346 0.265508 0.245767
threshold=0.77026269463786745 -0.64872257105927122 -0.21542059820714951 1.6956450353073591 0.68363734295447776 -1.2511525442287554
decision_type=2 2 2 2 2 2
left_child=1 -1 -2 -4 5 -3
right_child=2 4 3 -5 -6 -7
leaf_value=-0.0076833057259932313 0.0054611937470936331 -0.0052431304678210921 -0.020235672459921073 0.004963671721401464 -0.0059858669308480786 0.013438013158552418
leaf_weight=2.3995357630337812 1.3055323030275761 0.45017747436940858 1.5018518626457087 0.31490295007824887 0.71212040609680194 8.7141660903871507
leaf_count=582 291 147 551 10 581 1556
internal_value=0.00133101 0.00495017 -0.00835155 -0.0154967 0.00909451 0.0114536
internal_weight=15.3983 12.276 3.12229 1.81675 9.87646 9.16434
internal_count=3718 2866 852 561 2284 1703
is_linear=0
shrinkage=0.05


Tree=224
num_leaves=7
num_cat=0
split_feature=42 42 9 36 43 1
split_gain=0.323132 0.464897 0.457157 0.350166 0.327402 0.230534
threshold=-1.0722678845912537 0.6812960478535327 -0.087949440023785047 1.7408029288419862 -0.30510880133927859 -1.0340930130368882
decision_type=2 2 2 2 2 2
left_child=-1 4 -3 -4 -2 -6
right_child=1 2 3 -5 5 -7
leaf_value=-0.0096157941969614545 -0.0045916600464398442 0.0077840497898309094 -0.020195072835245055 0.003905390274522207 -0.0047132348424878704 0.015646498052502428
leaf_weight=2.4035679425433054 1.5763716280634961 1.5927220466546712 1.81756485493679 0.98797204505535763 0.24954042134049625 6.9492128340207291
leaf_count=790 470 554 559 117 202 1055
internal_value=0.00115279 0.00453676 -0.00621315 -0.0140756 0.010135 0.0137619
internal_weight=15.577 13.1734 4.39826 2.80554 8.77512 7.19875
internal_count=3747 2957 1230 676 1727 1257
is_linear=0
shrinkage=0.05


Tree=225
num_leaves=7
num_cat=0
split_feature=1 38 33 30 62 61
split_gain=0.405501 0.573973 0.552104 0.365339 0.362205 0.470991
threshold=0.32385447305890563 -0.25848535223467256 -0.79952990241975985 0.77006306928569701 1.0286810080717497 -0.91093149561302678
decision_type=2 2 2 2 2 2
left_child=1 2 -1 4 5 -2
right_child=3 -3 -4 -5 -6 -7
leaf_value=0.0044619628875492718 -0.0057666810426232219 0.0063300794243055531 -0.02330737268094844 -0.0092874874655193077 -0.0082939354564751881 0.017996006993482857
leaf_weight=1.3082328649179542 1.2580036100989662 2.0446570589119801 3.6064693758817157 1.2355954531667519 0.46596195467282076 4.4660043016774589
leaf_count=210 229 903 1363 439 139 426
internal_value=-0.00351477 -0.0103243 -0.0170261 0.00400163 0.00882019 0.0125864
internal_weight=14.3849 6.95936 4.9147 7.42557 6.18997 5.72401
internal_count=3709 2476 1573 1233 794 655
is_linear=0
shrinkage=0.05


Tree=226
num_leaves=7
num_cat=0
split_feature=42 12 4 33 45 39
split_gain=0.553737 0.50318 0.348251 0.281413 0.308781 0.234685
threshold=-1.0722678845912537 -0.24619096926035136 -1.0140692702886045 1.0668408833238296 -0.67598730956694442 -0.93032321403548468
decision_type=2 2 2 2 2 2
left_child=-1 -2 -3 4 -4 -6
right_child=1 2 3 -5 5 -7
leaf_value=-0.013664668153144245 -0.0087420299666030425 -0.0062906654681484184 -0.0033559411824319154 -0.0058148559870897015 -0.0015172704807344325 0.019631346908720548
leaf_weight=2.0816866649111043 2.4622062708804142 1.0980489819776256 1.1350828540307656 0.3451569535245661 1.0377575750753703 7.097131972361244
leaf_count=802 690 258 435 280 255 1004
internal_value=0.000865168 0.00526943 0.00969766 0.0125853 0.0145246 0.0172515
internal_weight=15.2571 13.1754 10.7132 9.61513 9.26997 8.13489
internal_count=3724 2922 2232 1974 1694 1259
is_linear=0
shrinkage=0.05


Tree=227
num_leaves=7
num_cat=0
split_feature=62 62 34 17 28 44
split_gain=0.39713 0.511908 0.408441 0.534221 0.345816 0.276905
threshold=0.41699219756347111 0.60900022043694446 -1.400265509909479 1.0000000180025095e-35 0.26699218886784426 0.021121672059361291
decision_type=2 2 2 2 2 2
left_child=2 -2 -1 4 -4 -3
right_child=1 5 3 -5 -6 -7
leaf_value=0.0059610257967745847 0.016936944901666664 0.0049954617861324678 -0.022371761719212249 0.0074011921765678203 0.0026037681738330168 -0.01192581206089776
leaf_weight=1.8757514733588321 2.0243454009032575 2.3404616329644341 4.16888290886709 0.86989942379295815 1.0057228442747144 1.9245446503919081
leaf_count=305 240 694 1358 97 438 515
internal_value=-0.0022777 0.0057104 -0.00844707 -0.0134124 -0.0183435 -0.00441171
internal_weight=14.2096 6.28935 7.92026 6.04451 5.17461 4.26501
internal_count=3647 1449 2198 1893 1796 1209
is_linear=0
shrinkage=0.05


Tree=228
num_leaves=7
num_cat=0
split_feature=34 62 39 62 1 34
split_gain=0.319665 0.36786 0.501044 0.356098 0.296376 0.249992
threshold=-1.2874640028619366 0.51132843330041611 0.12652634424823125 0.56769069925748505 -0.44733214233248259 0.57106226277544458
decision_type=2 2 2 2 2 2
left_child=-1 2 4 -3 -2 -5
right_child=1 3 -4 5 -6 -7
leaf_value=0.0094696143412385924 -0.010766899353919238 0.014830469699894511 -0.021613560544339282 0.0037147343251574313 0.0067116568695978155 -0.012686360492348253
leaf_weight=2.6237689005211005 0.75596193219825991 1.1941209620272273 1.9993886244774328 3.2158594453940168 3.8776694945117915 1.0181642254901815
leaf_count=410 484 74 779 565 725 668
internal_value=-0.000834835 -0.00451618 -0.0106233 0.0040715 0.00074938 -0.00385479
internal_weight=14.6849 12.0612 6.63302 5.42814 4.63363 4.23402
internal_count=3705 3295 1988 1307 1209 1233
is_linear=0
shrinkage=0.05


Tree=229
num_leaves=7
num_cat=0
split_feature=41 15 10 42 62 29
split_gain=0.328105 0.377539 0.489305 0.312966 0.284609 0.258264
threshold=0.66687826866265076 0.80329679500201812 -0.91117458568793763 -0.83978891819866563 -1.2438558185523363 -1.2762813325107409
decision_type=2 2 2 2 2 2
left_child=1 2 -1 -4 -2 -3
right_child=4 5 3 -5 -6 -7
leaf_value=-0.0063918191292580227 0.0049944117907486417 0.006732578727046204 -0.0032966918890209129 0.019329790484164867 -0.013902116658680939 -0.011376262850690082
leaf_weight=1.7780695607216328 1.1036225981661116 0.63692984022782129 0.95695950240769878 4.1677561862161365 3.2782905641215629 2.7061939302948312
leaf_count=375 113 86 254 570 1165 1130
internal_value=-0.000694913 0.00411724 0.00958981 0.0154475 -0.0090473 -0.00637371
internal_weight=14.6278 10.2459 6.90279 5.12472 4.38191 3.34312
internal_count=3693 2415 1199 824 1278 1216
is_linear=0
shrinkage=0.05


Tree=230
num_leaves=7
num_cat=0
split_feature=53 34 61 53 14 4
split_gain=0.415142 0.779778 0.351191 0.314285 0.253996 0.352992
threshold=-0.37550111484765819 -1.400265509909479 1.3749922086052604 2.4966414914563964 1.0000000180025095e-35 -0.97265534156691491
decision_type=2 2 2 2 2 2
left_child=1 -1 4 -2 5 -3
right_child=3 2 -4 -5 -6 -7
leaf_value=0.0094359035046762858 0.012753561650372228 0.0016268711551584306 0.0029768080254884877 -0.0048003236280398341 0.0019268071474001236 -0.026584431472227468
leaf_weight=2.010756008909083 2.6499834041460426 0.92834262175892801 1.2153150321828432 2.4608800282585435 0.70728848844009906 3.8692326031014095
leaf_count=319 214 203 224 299 387 2056
internal_value=-0.00376491 -0.0093131 -0.0161039 0.0056521 -0.0198804 -0.0225998
internal_weight=13.8418 8.73093 6.72018 5.11086 5.50486 4.79758
internal_count=3702 3189 2870 513 2646 2259
is_linear=0
shrinkage=0.05


Tree=231
num_leaves=7
num_cat=0
split_feature=62 33 15 62 34 38
split_gain=0.33693 0.42455 0.411023 0.32844 0.325671 0.304717
threshold=0.38697223496721661 -0.75444086628302542 -0.80649847674524766 1.0286810080717497 0.3415462777421075 0.13477758521200359
decision_type=2 2 2 2 2 2
left_child=1 -1 -3 4 -2 -5
right_child=3 2 -4 5 -6 -7
leaf_value=0.0050112569729117915 0.017328790629638779 -0.022175545413518287 0.00066651983961255078 -0.012140821272315432 -0.0039623008846919735 0.0082063085541262248
leaf_weight=3.2779452374088569 2.9764568850805526 1.8904819973686233 3.0136123236588901 1.6164584558282515 1.2249377572879891 0.45444109044910863
leaf_count=459 302 715 969 622 499 106
internal_value=-0.000793821 -0.00652658 -0.0132135 0.00637651 0.0120566 -0.00546242
internal_weight=14.4543 8.18204 4.90409 6.27229 4.20139 2.0709
internal_count=3672 2143 1684 1529 801 728
is_linear=0
shrinkage=0.05


Tree=232
num_leaves=7
num_cat=0
split_feature=39 61 33 29 35 12
split_gain=0.38074 0.390233 0.505529 0.484344 0.371079 0.179144
threshold=-0.93032321403548468 0.66078752451614542 0.44349664081959544 -0.22340560881047963 -0.64794472399862302 0.61023881920827894
decision_type=2 2 2 2 2 2
left_child=-1 3 -3 4 -2 -5
right_child=1 2 -4 5 -6 -7
leaf_value=-0.013071147690259636 -0.0056237173652033418 0.017928994754640781 -0.0075929914502061296 -0.017929378613025192 0.012083612425179203 0.0033327624475765006
leaf_weight=1.9580350678443217 3.2084355909755686 3.2719447086565188 0.84487667409121048 1.9386429530277385 3.1377623126609233 0.21501044809701841
leaf_count=727 783 345 471 1089 305 24
internal_value=-0.0011455 0.00286075 0.0116984 -0.00335483 0.00419977 -0.0151023
internal_weight=14.5747 12.6167 4.11682 8.49985 6.3462 2.15365
internal_count=3744 3017 816 2201 1088 1113
is_linear=0
shrinkage=0.05


Tree=233
num_leaves=7
num_cat=0
split_feature=33 2 39 35 28 10
split_gain=0.406178 0.357336 0.325461 0.300809 0.278928 0.275614
threshold=-0.4435023206747904 0.060855532548778409 0.53201148089586126 -0.57814578220766866 0.72552825229669093 -0.35777676070646619
decision_type=2 2 2 2 2 2
left_child=2 -2 5 -4 -3 -1
right_child=1 4 3 -5 -6 -7
leaf_value=0.014358570505516713 -0.015951297397216041 0.010324186280885836 -0.011997822534527698 0.0061434579028044568 -0.0078388474145317591 -0.0055677434336741964
leaf_weight=5.3833192065794719 2.5230639161891313 1.842945394877461 1.7096530751441608 1.8479638862918362 0.95771342374791846 0.49262621492380088
leaf_count=696 1017 423 517 253 650 176
internal_value=0.000286059 -0.00830451 0.00596805 -0.004075 0.00327128 0.0113708
internal_weight=14.7573 5.32372 9.43356 3.55762 2.80066 5.87595
internal_count=3732 2090 1642 770 1073 872
is_linear=0
shrinkage=0.05


Tree=234
num_leaves=7
num_cat=0
split_feature=11 53 6 61 42 53
split_gain=0.389225 0.353218 0.334924 0.284614 0.359191 0.258545
threshold=-0.4359484980792675 -0.37550111484765819 0.85109507762181102 0.62836806114212462 0.096358342347158135 2.4966414914563964
decision_type=2 2 2 2 2 2
left_child=1 -1 3 4 -2 -3
right_child=2 5 -4 -5 -6 -7
leaf_value=-0.015434731197724851 0.0074253773929539024 0.0103616937818473 -0.0094603484932347173 0.016234349836749491 -0.012302323222131963 -0.0066758714391106106
leaf_weight=3.9833279165468412 2.5945523741538641 1.539083446143195 0.60612370973103669 2.5788051662384532 0.9443959359632571 1.5705423947656527
leaf_count=1358 611 98 612 415 449 179
internal_value=-0.00248537 -0.0090425 0.00508743 0.00916725 -0.001068 0.00270397
internal_weight=13.8168 7.09295 6.72388 6.11775 3.53895 3.10963
internal_count=3722 1635 2087 1475 1060 277
is_linear=0
shrinkage=0.05


Tree=235
num_leaves=7
num_cat=0
split_feature=61 54 39 33 33 24
split_gain=0.507835 0.388187 0.340117 0.389372 0.266649 0.258331
threshold=0.66078752451614542 2.4975685792047808 -0.93032321403548468 1.0668408833238296 -0.75207222261439821 1.0000000180025095e-35
decision_type=2 2 2 2 2 2
left_child=1 4 -2 -4 -1 -6
right_child=2 -3 3 -5 5 -7
leaf_value=0.00077531014318139 -0.0054736391445441689 0.0061305710591982024 0.01757706198281361 -0.0068088569623624348 -0.020853896454344226 0.00289361593433911
leaf_weight=2.4629117373115137 1.5305128208565291 1.9162446453701703 3.9765161024988638 0.40458037047937967 3.2451577969914069 0.59301010638591822
leaf_count=481 530 132 491 313 1454 241
internal_value=-0.000631521 -0.00761895 0.00837637 0.013473 -0.0124291 -0.017525
internal_weight=14.1289 8.21732 5.91161 4.3811 6.30108 3.83817
internal_count=3642 2308 1334 804 2176 1695
is_linear=0
shrinkage=0.05


Tree=236
num_leaves=7
num_cat=0
split_feature=26 45 33 61 44 39
split_gain=0.329038 0.334348 0.32361 0.24895 0.345878 0.193096
threshold=-0.48976660590744386 -0.65371284073979274 0.31567638527520453 -0.84790884000581934 0.48382791083820875 -1.3110047386009456
decision_type=2 2 2 2 2 2
left_child=-1 -2 3 4 -3 -5
right_child=1 2 -4 5 -6 -7
leaf_value=-0.010734278393273003 -0.0093762185036055379 -0.0098872007358335665 -0.0071652400818390197 -0.0035038708605850074 0.009200770935463563 0.016546743010950684
leaf_weight=2.6820732975756991 1.3617735065054137 1.8117023232043696 1.2163842536392611 0.32772395355277684 1.6930559361353514 5.3284352387854605
leaf_count=1146 627 522 719 75 161 501
internal_value=-0.000593949 0.00343615 0.00684313 0.0100119 -0.000675588 0.0145733
internal_weight=14.4211 11.7391 10.3773 9.16092 3.50476 5.65616
internal_count=3751 2605 1978 1259 683 576
is_linear=0
shrinkage=0.05


Tree=237
num_leaves=7
num_cat=0
split_feature=15 12 15 0 32 22
split_gain=0.443209 0.61889 0.38072 0.337694 0.284004 0.253683
threshold=0.80329679500201812 0.082637542376637188 -0.80649847674524766 -0.41970460464418041 1.4061692000856574 -0.47244702933266308
decision_type=2 2 2 2 2 2
left_child=2 4 3 -1 -2 -5
right_child=1 -3 -4 5 -6 -7
leaf_value=-0.011247695206235316 -0.022151908007976121 0.0083528153419175112 0.017930830178122272 -0.0082607366868208479 0.0017013257419207376 0.0082402611461621349
leaf_weight=1.747517463605617 2.4144823214010116 1.4476552229898514 1.1618298408575345 0.46812319921445844 1.100336978328414 6.4634266090870378
leaf_count=637 1441 290 48 364 175 777
internal_value=-0.000295246 -0.0095215 0.00549481 -0.000348211 -0.0173397 0.00496719
internal_weight=14.8034 4.96247 9.8409 8.67907 3.51482 6.93155
internal_count=3732 1906 1826 1778 1616 1141
is_linear=0
shrinkage=0.05


Tree=238
num_leaves=7
num_cat=0
split_feature=12 27 34 33 30 27
split_gain=0.380189 0.332692 0.432801 0.411969 0.40342 0.291196
threshold=-0.038794158063170686 0.7607826672893413 0.014772725388353237 -0.80497422098742388 0.44794688529024984 0.84726710837192221
decision_type=2 2 2 2 2 2
left_child=1 3 -3 -1 -5 -4
right_child=-2 2 5 4 -6 -7
leaf_value=0.0062277905869114322 0.0097507990595483481 0.013582791637438255 0.0069247754350594617 -0.021551107325655103 0.0031862394904474001 -0.013020761999904575
leaf_weight=1.1578294149949204 4.7676916278433064 2.2053115835878998 0.61063420894788611 2.9393832716596071 1.3306048694066701 1.8249117068917255
leaf_count=167 1002 129 43 1191 680 494
internal_value=0.00113895 -0.00424116 0.00430337 -0.0104781 -0.0157087 -0.00695812
internal_weight=14.8364 10.0687 4.64086 5.42782 4.26999 2.43555
internal_count=3706 2704 666 2038 1871 537
is_linear=0
shrinkage=0.05


Tree=239
num_leaves=7
num_cat=0
split_feature=41 41 10 39 28 4
split_gain=0.31765 0.328061 0.267357 0.250124 0.248496 0.245721
threshold=0.66687826866265076 -0.70069091912518189 -0.94403848902463705 -0.97561676653335827 -0.46232884092029358 -0.79664614449973337
decision_type=2 2 2 2 2 2
left_child=1 4 -3 -4 5 -1
right_child=-2 2 3 -5 -6 -7
leaf_value=-0.0072406311982492816 -0.0084039434803432067 -0.0047493395149074847 -0.0044891781672291914 0.017047285829790766 -0.012527863096055926 0.0096197653857419078
leaf_weight=0.92613592067209571 4.3020345061231646 0.82985125521372527 0.35357745058718126 4.2682751060929141 1.2441838785598518 2.2925088396441415
leaf_count=286 1284 219 194 745 711 286
internal_value=-8.08033e-05 0.00464397 0.0107269 0.0142812 -0.00411179 0.00361574
internal_weight=14.2166 9.91453 5.4517 4.62185 4.46283 3.21864
internal_count=3725 2441 1158 939 1283 572
is_linear=0
shrinkage=0.05


Tree=240
num_leaves=7
num_cat=0
split_feature=11 60 11 27 29 45
split_gain=0.500873 0.601275 0.319191 0.280857 0.221577 0.185885
threshold=-0.62841451962264938 1.5851106669464305 -0.065376398280420425 0.87045994260237614 -0.93965097431089317 -0.67598730956694442
decision_type=2 2 2 2 2 2
left_child=1 -1 3 5 -4 -2
right_child=2 -3 4 -5 -6 -7
leaf_value=-0.021388054616482216 -0.0038994256309348788 0.0054020535587385099 0.0053202911711123582 -0.0048007436222324848 -0.012330014969355294 0.014792348976700204
leaf_weight=2.9197420853161029 0.32156356792256691 1.7077601617202161 0.7293744205962861 1.4484044086711945 1.7480214186798546 4.6494650288805124
leaf_count=998 180 122 137 318 1263 716
internal_value=-0.00369372 -0.0132652 0.00337434 0.00837054 -0.00706573 0.0125707
internal_weight=13.5243 4.6275 8.89683 6.41943 2.4774 4.97103
internal_count=3734 1120 2614 1214 1400 896
is_linear=0
shrinkage=0.05


Tree=241
num_leaves=7
num_cat=0
split_feature=62 11 22 0 38 0
split_gain=0.41331 0.322796 0.256527 0.240346 0.232665 0.207827
threshold=1.0286810080717497 0.22474962173496099 -1.7900328811776716 -0.80006675278034944 -0.12883787382511339 0.90149755801755405
decision_type=2 2 2 2 2 2
left_child=1 2 -1 -4 5 -5
right_child=-2 -3 3 4 -6 -7
leaf_value=-0.0073250300750668101 -0.012416744820806395 -0.0086949490182035745 -0.0052672607082525635 0.015943965738058025 -0.0039916996222680171 -0.0011898155491800524
leaf_weight=0.44569827012309815 1.655890458350769 1.2598303922568437 0.76741241854324016 8.0068383576144644 0.87818073209201486 1.6369736306369294
leaf_count=405 698 823 198 901 391 278
internal_value=0.000824957 0.00452469 0.00742521 0.00942314 0.0114255 0.0134434
internal_weight=14.6508 12.9949 11.7351 11.2894 10.522 9.64381
internal_count=3694 2996 2173 1768 1570 1179
is_linear=0
shrinkage=0.05


Tree=242
num_leaves=7
num_cat=0
split_feature=37 5 17 3 26 11
split_gain=0.478349 0.307365 0.233181 0.316892 0.403432 0.255362
threshold=-0.60082899256245004 -1.5590895526153143 1.0000000180025095e-35 -0.29003892494996192 0.52344932318048987 -0.11131020354478824
decision_type=2 2 2 2 2 2
left_child=1 -1 3 4 -2 -5
right_child=2 -3 -4 5 -6 -7
leaf_value=-0.0071595835224299619 -0.022133998400434129 0.013653610806460223 0.0057259493976512567 0.0088959883925895499 0.00058801073207343933 -0.0075520170759211629
leaf_weight=0.35839535330887917 3.0040663788531656 3.2278913071058932 0.94869464107614554 2.0219885033438918 2.6712961437006015 1.5219662027666325
leaf_count=233 927 741 153 434 362 851
internal_value=-0.00211499 0.00925992 -0.00732256 -0.00974143 -0.0149342 0.00160844
internal_weight=13.7543 3.58629 10.168 9.21932 5.67536 3.54395
internal_count=3701 974 2727 2574 1289 1285
is_linear=0
shrinkage=0.05


Tree=243
num_leaves=7
num_cat=0
split_feature=1 4 12 42 34 12
split_gain=0.337228 0.328924 0.33814 0.343732 0.205247 0.200489
threshold=1.3894844963943525 -1.0140692702886045 -0.27036823895869633 -1.0722678845912537 1.0632600347946142 4.7195192138907176
decision_type=2 2 2 2 2 2
left_child=1 5 -3 -4 -5 -1
right_child=-2 2 3 4 -6 -7
leaf_value=-0.012733400052691791 -0.011326984790070696 -0.0064979700110869973 -0.0044768327844105773 0.015532983528511853 -0.0041732252861218814 0.0054020089384741871
leaf_weight=1.3235218182089727 1.1140491686237517 1.4496757939341449 1.6498934713745228 8.5161268321389798 0.25216272595571432 0.32019470131490368
leaf_count=512 332 393 544 1595 313 15
internal_value=0.00180759 0.0047518 0.00777362 0.0107683 0.0140469 -0.00799304
internal_weight=14.6256 13.5116 11.8679 10.4182 8.76829 1.64372
internal_count=3704 3372 2845 2452 1908 527
is_linear=0
shrinkage=0.05


Tree=244
num_leaves=7
num_cat=0
split_feature=12 62 8 7 33 37
split_gain=0.403217 0.441545 0.426034 0.385414 0.32745 0.2258
threshold=0.095068358840293174 -0.020478197535779952 0.15447558165718514 1.2085683474662261 -0.79952990241975985 1.2866478755314936
decision_type=2 2 2 2 2 2
left_child=1 4 -3 5 -1 -4
right_child=-2 2 3 -5 -6 -7
leaf_value=0.0024802902227991433 0.0090557523638575398 -0.010739654964454677 0.016164130638365058 -0.0085448048669140835 -0.019869688011285316 -0.0038729537873962365
leaf_weight=1.4154833806096574 3.1427363285765759 1.449540318280923 3.9701326213107677 0.48855446669040237 3.1219002446887307 0.51983980217482884
leaf_count=210 595 621 647 346 1205 132
internal_value=-0.00196532 -0.00639078 0.00227389 0.00867641 -0.0146853 0.0132222
internal_weight=14.1082 10.9655 6.42807 4.97853 4.53738 4.48997
internal_count=3756 3161 1746 1125 1415 779
is_linear=0
shrinkage=0.05


Tree=245
num_leaves=7
num_cat=0
split_feature=39 39 33 2 60 40
split_gain=0.378838 0.336517 0.420522 0.24731 0.173772 0.167475
threshold=-0.97561676653335827 -0.56366112238603217 -0.54867077801329811 -0.63506063091101261 4.9650141925704636 0.24320089916899509
decision_type=2 2 2 2 2 2
left_child=-1 -2 3 5 -4 -3
right_child=1 2 4 -5 -6 -7
leaf_value=-0.013195981551736883 0.013011577696036711 -0.009323489144897756 -0.013670562029793158 0.010861596406295001 0.0042988115733172553 0.0050972300109422925
leaf_weight=1.5183657627349028 2.698835219605825 1.6590692683093951 3.4056688978089373 3.7578540865215455 0.21244436950655643 1.0436509544961152
leaf_count=676 402 471 1505 549 11 85
internal_value=-0.000500646 0.00323024 -0.00177278 0.00534573 -0.0111451 -0.00400289
internal_weight=14.2959 12.7775 10.0787 6.46057 3.61811 2.70272
internal_count=3699 3023 2621 1105 1516 556
is_linear=0
shrinkage=0.05


Tree=246
num_leaves=7
num_cat=0
split_feature=42 31 4 12 39 44
split_gain=0.322887 0.432888 0.37518 0.313654 0.267451 0.190378
threshold=0.40509563885915195 0.23528962925022204 1.2222828806826416 0.082637542376637188 1.4648429787687334 2.1833895350208246
decision_type=2 2 2 2 2 2
left_child=1 3 -2 5 -3 -1
right_child=2 4 -4 -5 -6 -7
leaf_value=-0.013757454752574583 -0.012523544061635486 0.016749047539439843 0.0080670710794406141 0.0069550512950511349 -0.0043722200156361907 0.0042507262549370583
leaf_weight=2.6879766487400034 3.9061615872051343 4.1318257411767263 0.85172804485773657 1.8449817999644436 0.56930322336847883 0.43036799348192278
leaf_count=1213 1217 476 180 367 210 38
internal_value=0.00105925 0.00583302 -0.00714337 -0.00376393 0.0134845 -0.0104065
internal_weight=14.4223 9.66446 4.75789 4.96333 4.70113 3.11834
internal_count=3701 2304 1397 1618 686 1251
is_linear=0
shrinkage=0.05


Tree=247
num_leaves=7
num_cat=0
split_feature=45 6 12 42 43 27
split_gain=0.338671 0.332591 0.365905 0.342329 0.277602 0.211255
threshold=-0.65371284073979274 0.89693784340888094 -0.27036823895869633 -0.84907790907701997 1.0710530850420468 0.36581768162448125
decision_type=2 2 2 2 2 2
left_child=-1 2 -2 5 -5 -4
right_child=1 -3 3 4 -6 -7
leaf_value=-0.01077180987117359 -0.0070962336096770419 -0.0103233509456309 -0.011338970899976271 0.016526768480533246 -0.0041086173014747828 0.0050663381104464819
leaf_weight=1.8094713291357045 1.5936416516633443 0.60815122330677773 0.69798395274846869 7.464732627966443 0.70621767276315939 1.6012353044352492
leaf_count=926 431 592 318 1116 143 186
internal_value=0.00099811 0.00441904 0.00707014 0.0103266 0.0141188 -0.00351371
internal_weight=14.4814 12.672 12.0638 10.4702 8.17095 2.29922
internal_count=3712 2786 2194 1763 1259 504
is_linear=0
shrinkage=0.05


Tree=248
num_leaves=7
num_cat=0
split_feature=37 54 12 30 29 5
split_gain=0.529707 0.380422 0.339175 0.493868 0.271896 0.270142
threshold=-0.61151282389128381 0.55867192207904581 0.34045000253899799 0.45882000542511719 0.67723695231252867 -1.5590895526153143
decision_type=2 2 2 2 2 2
left_child=5 2 3 -2 -5 -1
right_child=1 -3 -4 4 -6 -7
leaf_value=-0.0064297473952752262 -0.025248866434491035 0.0029924552222312913 0.0045944302244379908 0.0086981201753992803 -0.0095839140437263964 0.013620198514841473
leaf_weight=0.31399986708129324 2.7798520044525485 4.0151256049721269 0.87577725391020056 1.6279644189635294 0.64653179007291317 3.2094758865132471
leaf_count=223 1117 401 143 260 769 726
internal_value=-0.00234157 -0.00786611 -0.0137536 -0.0174599 0.00100608 0.00969822
internal_weight=13.4687 9.94525 5.93013 5.05435 2.2745 3.52348
internal_count=3639 2690 2289 2146 1029 949
is_linear=0
shrinkage=0.05


Tree=249
num_leaves=7
num_cat=0
split_feature=12 44 35 60 9 9
split_gain=0.319341 0.387835 0.330626 0.294634 0.19956 0.198615
threshold=0.095068358840293174 0.3414495408123443 0.31177260544480762 -0.25721538758473211 1.327721404680841 -1.0496428310321158
decision_type=2 2 2 2 2 2
left_child=1 3 4 -1 -3 -2
right_child=5 2 -4 -5 -6 -7
leaf_value=-0.01717438447030949 -0.0052192631669783478 0.013691926138157496 -0.0078875289360158616 0.0013247802546551219 -0.0039018833396458233 0.012484583343973746
leaf_weight=3.1537704596776148 0.29977047168358728 3.1699506130971717 1.3310177069506606 2.6949050558614545 0.69996955222450186 2.969904217054137
leaf_count=1947 231 301 450 331 97 379
internal_value=-0.000285964 -0.00443159 0.00437519 -0.0110912 0.0101954 0.00914073
internal_weight=14.3193 11.0496 5.20094 5.84868 3.86992 3.26967
internal_count=3736 3126 848 2278 398 610
is_linear=0
shrinkage=0.05


Tree=250
num_leaves=7
num_cat=0
split_feature=40 60 53 38 11 11
split_gain=0.320137 0.400533 0.281771 0.271722 0.226157 0.18461
threshold=0.060388342922389655 -0.30334261672897295 2.2069433931211546 -0.24552060439371662 -0.62841451962264938 0.68363734295447776
decision_type=2 2 2 2 2 2
left_child=1 3 4 -1 -2 -6
right_child=2 -3 -4 -5 5 -7
leaf_value=-0.018369192548975517 -0.0031360516241044816 0.004233079514337339 -0.0080288652363959684 0.0025805584927946 0.015945218066024853 -0.0038428282079574824
leaf_weight=3.1291553529008524 1.4823339837603269 3.3269292820332339 0.57573686027899373 1.1843811024446038 3.7334577069414085 0.21903838000434905
leaf_count=1415 292 375 100 656 590 224
internal_value=-0.0013679 -0.00704924 0.00579656 -0.013918 0.00959586 0.0136636
internal_weight=13.651 7.64047 6.01057 4.31354 5.43483 3.9525
internal_count=3652 2446 1206 2071 1106 814
is_linear=0
shrinkage=0.05


Tree=251
num_leaves=7
num_cat=0
split_feature=34 14 47 34 4 29
split_gain=0.375303 0.28806 0.220855 0.384605 0.313848 0.211459
threshold=-0.055606779487242776 1.0000000180025095e-35 0.96527274207848213 -1.400265509909479 -1.0347762346494493 -0.17242958730189156
decision_type=2 2 2 2 2 2
left_child=2 -2 4 -4 -1 -6
right_child=1 -3 3 -5 5 -7
leaf_value=-0.0066855598462907846 -0.014054064513587834 0.0048239089615002536 0.0076834357313761842 -0.013787444002624553 0.015644653270292862 -0.0039235775603040186
leaf_weight=0.72460976205184113 4.5170692936080741 1.0801451016886856 1.3678777151217221 1.3355018806032601 3.9796733124239836 0.44589126357459452
leaf_count=286 1791 479 146 566 306 99
internal_value=-0.00251691 -0.00999895 0.00410539 -0.00459643 0.00868365 0.0128845
internal_weight=13.4508 5.59721 7.85355 2.70338 5.15017 4.42556
internal_count=3673 2270 1403 712 691 405
is_linear=0
shrinkage=0.05


Tree=252
num_leaves=7
num_cat=0
split_feature=33 14 22 44 9 31
split_gain=0.341251 0.395676 0.253318 0.231422 0.217089 0.272063
threshold=-0.45329746366535378 1.0000000180025095e-35 -1.7900328811776716 2.1833895350208246 1.3156866122956545 0.033062074873684004
decision_type=2 2 2 2 2 2
left_child=2 3 -1 -2 5 -4
right_child=1 -3 4 -5 -6 -7
leaf_value=-0.0077600518601883967 -0.016347818722519527 0.0075365376753896421 -0.00092611756230590817 0.0036747818980091768 -0.0031517760833223996 0.017075429670725471
leaf_weight=0.46486539108445768 3.3628440322499964 1.2131077616650143 2.5790249982237565 0.64785654793377023 1.7686573868850244 3.9888278724829433
leaf_count=458 1594 459 550 81 223 358
internal_value=0.00078659 -0.00715743 0.00612243 -0.012925 0.00874525 0.0119327
internal_weight=14.0252 5.22381 8.80138 4.0107 8.33651 6.56785
internal_count=3723 2134 1589 1675 1131 908
is_linear=0
shrinkage=0.05


Tree=253
num_leaves=7
num_cat=0
split_feature=33 35 39 34 27 27
split_gain=0.244683 0.420409 0.234513 0.503648 0.212264 0.252345
threshold=0.31567638527520453 -0.30851747123949719 -0.081069104700355693 -1.6810818932436244 1.7021396570997871 -0.23880735562023384
decision_type=2 2 2 2 2 2
left_child=1 2 -1 -4 5 -3
right_child=-2 4 3 -5 -6 -7
leaf_value=0.0043590000125799692 -0.0097352893396557543 -0.0048424440560683327 0.0069072345976834773 -0.018604835052420141 -0.0046059036105729079 0.014694011264947163
leaf_weight=2.0800338258413831 1.6080703287734657 0.51417014698381436 1.1138593625946671 2.2398503336880813 0.69088035781169299 6.122176414122805
leaf_count=400 1017 392 187 771 144 856
internal_value=0.000474186 0.0033689 -0.00556423 -0.010871 0.0096855 0.012144
internal_weight=14.369 12.761 5.43374 3.35371 7.32723 6.63635
internal_count=3767 2750 1358 958 1392 1248
is_linear=0
shrinkage=0.05


Tree=254
num_leaves=7
num_cat=0
split_feature=41 41 42 12 27 12
split_gain=0.317538 0.293887 0.291899 0.316786 0.276857 0.240104
threshold=0.66687826866265076 -1.3136035128902872 -1.0722678845912537 -0.21970397366424324 1.7021396570997871 0.34045000253899799
decision_type=2 2 2 2 2 2
left_child=1 -1 -3 -4 -5 -2
right_child=5 2 3 4 -6 -7
leaf_value=-0.0066557002699657811 -0.011286753530754999 -0.0033401200054836936 -0.0037087873889594964 0.01962978315108679 -0.0047766810211358098 0.0059331428955485535
leaf_weight=1.4605593536252843 3.5948441128421118 2.1837644215411256 1.1281083563808332 4.8379665668544494 0.1750787992205004 0.743555769935483
leaf_count=482 1224 683 368 777 59 84
internal_value=0.00141061 0.00597384 0.00936577 0.0134973 0.0173082 -0.00711645
internal_weight=14.1239 9.78548 8.32492 6.14115 5.01305 4.3384
internal_count=3677 2369 1887 1204 836 1308
is_linear=0
shrinkage=0.05


Tree=255
num_leaves=7
num_cat=0
split_feature=39 42 39 6 22 27
split_gain=0.371848 0.338744 0.420877 0.345733 0.271212 0.230052
threshold=-0.77557024300108346 -1.0722678845912537 1.2993058285681716 0.89693784340888094 -1.7900328811776716 1.7021396570997871
decision_type=2 2 2 2 2 2
left_child=-1 -2 3 4 -3 -6
right_child=1 2 -4 -5 5 -7
leaf_value=-0.010993281885624245 -0.0080747140332224337 -0.0044496540290119143 -0.0074752945958558208 -0.0069463586613005557 0.018565955725819313 -0.0032223424901569441
leaf_weight=2.1775223661388745 1.6742092678614415 0.50163226512085568 1.4323074404819625 0.40999765136803112 7.1676287394511764 0.46787658815446764
leaf_count=826 592 349 459 385 1005 78
internal_value=0.000625938 0.00460317 0.00810483 0.0119795 0.0145474 0.0166985
internal_weight=13.8312 11.6537 9.97944 8.54714 8.13714 7.63551
internal_count=3694 2868 2276 1817 1432 1083
is_linear=0
shrinkage=0.05


Tree=256
num_leaves=7
num_cat=0
split_feature=41 41 62 40 10 39
split_gain=0.30634 0.382638 0.260298 0.254903 0.243072 0.197786
threshold=-0.70069091912518189 0.66687826866265076 -1.2438558185523363 -0.5298978565564233 -0.94900529223412833 -0.67294260196631817
decision_type=2 2 2 2 2 2
left_child=3 4 -3 -1 -2 -4
right_child=1 2 5 -5 -6 -7
leaf_value=0.0034160676154280827 -0.0046381108101498066 0.0063148956008600562 0.002726133724376141 -0.014883852761617137 0.013594148741098593 -0.015096777792851002
leaf_weight=1.4909595299468494 0.77679118678497605 1.1045960496121541 1.0932750023348483 2.4786406472703684 4.6651423267030605 2.1769785467477067
leaf_count=430 207 102 271 827 950 911
internal_value=-0.00122687 0.00355839 -0.00556985 -0.00949866 0.0102683 -0.0106849
internal_weight=13.7864 9.81678 4.37485 3.9696 5.44193 3.27025
internal_count=3698 2441 1284 1257 1157 1182
is_linear=0
shrinkage=0.05


Tree=257
num_leaves=7
num_cat=0
split_feature=15 53 15 12 3 42
split_gain=0.417597 0.392141 0.355597 0.257874 0.250759 0.230317
threshold=-0.80649847674524766 -0.2485865636087396 0.80329679500201812 0.082637542376637188 -0.20605095630404349 1.1340308597252844
decision_type=2 2 2 2 2 2
left_child=1 5 -2 4 -4 -1
right_child=2 -3 3 -5 -6 -7
leaf_value=-0.019295676864810363 0.017321791716324822 0.0039601606125020039 -0.013324558341920339 0.0083494039153180436 0.0038546673555034739 0.001321860694856858
leaf_weight=2.856284594789031 1.1097382102161644 2.7539208618109114 2.118166618005489 1.4420108705671735 1.8317297565517949 1.2894802618684478
leaf_count=1192 50 242 857 280 748 324
internal_value=-0.00157553 -0.00854011 0.00617825 -0.00148768 -0.00713285 -0.0150202
internal_weight=13.4013 6.89969 6.50165 5.39191 3.9499 4.14576
internal_count=3693 1758 1935 1885 1605 1516
is_linear=0
shrinkage=0.05


Tree=258
num_leaves=7
num_cat=0
split_feature=35 29 30 37 37 9
split_gain=0.304694 0.362515 0.395876 0.294346 0.26507 0.256662
threshold=0.63264479164268295 -0.22340560881047963 -0.56746014920936239 1.2866478755314936 2.1591607673862412 1.0000000180025095e-35
decision_type=2 2 2 2 2 2
left_child=1 2 5 -2 -3 -1
right_child=3 4 -4 -5 -6 -7
leaf_value=0.0051945603213652148 0.013781756240162197 -0.017132802066559098 0.01068851440245777 -0.0058991800806280064 0.0048601480845993196 -0.012601312292023782
leaf_weight=1.1868087991315408 2.7836038008827031 2.7873156322748396 3.4343618132988913 0.81722075105062675 0.36123327208042599 2.2931631180836121
leaf_count=368 832 1278 340 292 15 569
internal_value=-0.000108349 -0.00451625 0.00240274 0.00866403 -0.0134693 -0.00693709
internal_weight=13.6637 10.0629 6.91433 3.60082 3.14855 3.47997
internal_count=3694 2570 1277 1124 1293 937
is_linear=0
shrinkage=0.05


Tree=259
num_leaves=7
num_cat=0
split_feature=40 41 42 42 61 41
split_gain=0.28604 0.201773 0.260335 0.326858 0.231837 0.202624
threshold=-0.65748381443397308 -0.95222911634253082 -1.0722678845912537 0.57119354455732407 0.24128748037520439 1.2916565321450946
decision_type=2 2 2 2 2 2
left_child=-1 -2 -3 5 -5 -4
right_child=1 2 3 4 -6 -7
leaf_value=-0.0092869933137858969 -0.0041795110303268282 -0.0041294626502377417 0.021144216460895444 -0.0095122512133007028 0.00652602362739714 0.00016002542159500538
leaf_weight=1.7901866646570859 2.7498717857815782 1.998372066533191 2.8907225954462774 1.1841346837900348 1.9391290351777568 1.4868160710029767
leaf_count=931 764 605 272 371 409 329
internal_value=0.00167533 0.00478934 0.00776567 0.0112091 -0.00123589 0.0169803
internal_weight=14.0392 12.249 9.49917 7.5008 3.12326 4.37754
internal_count=3681 2750 1986 1381 780 601
is_linear=0
shrinkage=0.05


Tree=260
num_leaves=7
num_cat=0
split_feature=26 1 27 34 61 32
split_gain=0.361807 0.420696 0.219338 0.377885 0.253497 0.181779
threshold=-0.23174267365523718 -0.37505000608628769 0.36581768162448125 0.19625361890383722 -0.91093149561302678 1.619662113395844
decision_type=2 2 2 2 2 2
left_child=5 -2 -3 4 -4 -1
right_child=1 2 3 -5 -6 -7
leaf_value=-0.014747624737015338 0.01322183243824936 -0.012594074699093925 -0.0044966777791448495 -0.0098206556806247278 0.013897457593377103 0.0033558929677342643
leaf_weight=3.5348611304652886 2.4427650850848286 1.419963499662116 1.078101393155521 1.5835445428820092 2.5845276446489152 0.55023159802658472
leaf_count=1618 629 546 185 511 172 63
internal_value=-0.00332852 0.00252355 -0.00428361 0.00172922 0.00889631 -0.0119207
internal_weight=13.194 9.1089 6.66614 5.24617 3.66263 4.08509
internal_count=3724 2043 1414 868 357 1681
is_linear=0
shrinkage=0.05


Tree=261
num_leaves=7
num_cat=0
split_feature=0 12 14 42 11 62
split_gain=0.483508 0.413207 0.274804 0.249242 0.280302 0.224541
threshold=-0.80006675278034944 0.095068358840293174 1.0000000180025095e-35 0.63421197602837964 -0.32399892060437618 -0.16818325566606557
decision_type=2 2 2 2 2 2
left_child=-1 2 3 4 5 -2
right_child=1 -3 -4 -5 -6 -7
leaf_value=-0.017498198723467917 -0.0045590567040317857 0.014015399434115597 0.0087927730784929763 -0.014448362305197783 -0.010080883407649338 0.010446355979561867
leaf_weight=1.2814254480908864 1.8876728071772921 1.8204375312488981 1.1275261027039949 2.3714635774376802 1.5018299447547194 3.4424017919518519
leaf_count=691 367 212 369 801 750 529
internal_value=-0.00298424 0.00170796 -0.00312675 -0.00638962 -3.72235e-05 0.00540409
internal_weight=13.4328 12.1513 10.3309 9.20337 6.8319 5.33007
internal_count=3719 3028 2816 2447 1646 896
is_linear=0
shrinkage=0.05


Tree=262
num_leaves=7
num_cat=0
split_feature=12 1 35 33 35 62
split_gain=0.253954 0.346061 0.24818 0.296126 0.234884 0.232754
threshold=-0.054227083535146103 0.32385447305890563 0.91858126658070371 -0.80497422098742388 0.93764369824323868 1.0286810080717497
decision_type=2 2 2 2 2 2
left_child=1 2 3 -1 5 -3
right_child=-2 4 -4 -5 -6 -7
leaf_value=0.0035766029745196827 0.0077591313319240506 0.010667379824080952 0.0040462859993930294 -0.020605091287307333 -0.0084067424680217585 -0.0063235899672203014
leaf_weight=0.64929836566443544 4.5792734656424736 4.762877357788966 0.71303178496600583 2.1762883525952921 0.55442060556379136 0.52221285442647047
leaf_count=129 1048 584 382 1090 298 152
internal_value=0.000641737 -0.00387186 -0.0120181 -0.016068 0.003468 0.00730668
internal_weight=13.9574 9.37813 3.53862 2.82559 5.83951 5.28509
internal_count=3683 2635 1601 1219 1034 736
is_linear=0
shrinkage=0.05


Tree=263
num_leaves=7
num_cat=0
split_feature=12 26 42 1 35 34
split_gain=0.275204 0.310221 0.323459 0.388253 0.295811 0.250562
threshold=0.61023881920827894 -0.23174267365523718 0.40509563885915195 -0.268752746900707 -0.20392777964619832 -1.4474100632137989
decision_type=2 2 2 2 2 2
left_child=1 -1 4 -4 5 -3
right_child=-2 2 3 -5 -6 -7
leaf_value=-0.01339325052931579 0.0093162458190304137 0.0069236089713707333 0.0064727561902606853 -0.016130194263709176 0.012272484176808455 -0.011166206385260188
leaf_weight=3.1759426373100714 1.5686476495175163 0.74821295091533135 1.080332176978118 1.6829944457422241 3.844098520843545 1.4566850266855889
leaf_count=1528 173 53 258 502 774 429
internal_value=-0.00175751 -0.00478118 0.000935834 -0.008524 0.00665057 -0.00457513
internal_weight=13.5569 11.9883 8.81232 2.76333 6.049 2.2049
internal_count=3717 3544 2016 760 1256 482
is_linear=0
shrinkage=0.05


Tree=264
num_leaves=7
num_cat=0
split_feature=30 29 33 7 27 0
split_gain=0.23847 0.424733 0.303849 0.303148 0.208268 0.199277
threshold=0.39163965602040068 -0.22340560881047963 1.0668408833238296 -1.5420446250061242 1.7021396570997871 0.94615803861592418
decision_type=2 2 2 2 2 2
left_child=1 3 4 -1 -2 -5
right_child=2 -3 -4 5 -6 -7
leaf_value=-0.010661128122961581 0.014269830594570619 -0.016420239370996677 -0.0083045196969646091 0.010125759652472678 -0.0036141063456297928 -0.0044900013293376556
leaf_weight=0.68083608876622648 3.1410570048392414 2.1297400593757621 0.5273912305565317 4.6831170314690098 0.83610857764142554 1.3380564653198233
leaf_count=324 705 1008 520 632 188 304
internal_value=-0.00126586 -0.0055067 0.00592633 0.00196636 0.0105727 0.00646474
internal_weight=13.3363 8.83175 4.50456 6.70201 3.97717 6.02117
internal_count=3681 2268 1413 1260 893 936
is_linear=0
shrinkage=0.05


Tree=265
num_leaves=7
num_cat=0
split_feature=31 42 3 45 10 43
split_gain=0.252238 0.417598 0.287264 0.20271 0.185009 0.161021
threshold=0.22064639998354038 0.40509563885915195 -0.20605095630404349 1.341089589780688 0.63008213290684878 -0.90873467107209438
decision_type=2 2 2 2 2 2
left_child=2 3 5 -2 -4 -1
right_child=1 -3 4 -5 -6 -7
leaf_value=0.0034473302566496427 0.01441267271054616 -0.0082268353603117926 0.009081731067096626 -0.0046671668980384851 -0.0064807577179389862 -0.013083438717860647
leaf_weight=0.52477106466540124 4.4325679017347284 1.3216459413379196 2.4575903854274661 0.22365836385870341 0.39182589446136251 4.1500701539043803
leaf_count=60 613 386 843 106 388 1282
internal_value=0.000164261 0.00629596 -0.0051133 0.0120265 0.00471547 -0.0106056
internal_weight=13.5021 5.97787 7.52426 4.65623 2.84942 4.67484
internal_count=3678 1105 2573 719 1231 1342
is_linear=0
shrinkage=0.05


Tree=266
num_leaves=7
num_cat=0
split_feature=42 12 40 28 27 41
split_gain=0.278268 0.290382 0.353665 0.319363 0.328053 0.201203
threshold=-1.0722678845912537 -0.25632007970783355 -0.67684099483737203 -0.7062836375872984 1.7021396570997871 -1.3136035128902872
decision_type=2 2 2 2 2 2
left_child=-1 -2 -3 -4 5 -5
right_child=1 2 3 4 -6 -7
leaf_value=-0.0092324947937264343 -0.0072539574199477087 -0.007229972682103571 -0.0062751068083274622 -0.0016683557707349165 -0.0059879121003214748 0.018288966180989442
leaf_weight=2.0765518885891661 1.7654442484636081 1.1860641832026875 0.62302269390783926 0.9080863305862249 0.40686568798264477 6.7678290792100642
leaf_count=792 588 552 127 263 117 1252
internal_value=0.00103299 0.004377 0.00765781 0.0110192 0.01369 0.0161226
internal_weight=13.7339 11.6573 9.89187 8.7058 8.08278 7.67592
internal_count=3691 2899 2311 1759 1632 1515
is_linear=0
shrinkage=0.05


Tree=267
num_leaves=7
num_cat=0
split_feature=42 31 39 12 39 62
split_gain=0.324308 0.43076 0.35735 0.29717 0.284465 0.266863
threshold=0.40509563885915195 0.23528962925022204 -0.38248691239453797 0.13297566581978587 -0.93032321403548468 -2.2623108458919039
decision_type=2 2 2 2 2 2
left_child=1 3 4 -1 -2 -4
right_child=2 -3 5 -5 -6 -7
leaf_value=-0.011103560151702406 -0.008446028626579628 0.01219361104523637 0.0041991071023141369 0.0064187479800058515 0.010724225235072708 -0.020159567947229701
leaf_weight=3.0540746653423394 0.54256429761881042 4.6126870775333373 0.31031922058900852 1.5432925489731131 1.6560573329188626 1.9130682381655795
leaf_count=1294 256 711 18 300 257 868
internal_value=-0.000623274 0.00448537 -0.00877565 -0.00500957 0.00384948 -0.0163007
internal_weight=13.6321 9.21005 4.42201 4.59737 2.19862 2.22339
internal_count=3704 2305 1399 1594 513 886
is_linear=0
shrinkage=0.05


Tree=268
num_leaves=7
num_cat=0
split_feature=6 35 2 33 3 2
split_gain=0.348077 0.269455 0.253751 0.198583 0.183232 0.179052
threshold=-0.1039701834031095 0.68454099343118058 -0.63506063091101261 1.0668408833238296 -0.29003892494996192 -0.5001466504481995
decision_type=2 2 2 2 2 2
left_child=2 -2 -1 4 -3 -4
right_child=1 3 5 -5 -6 -7
leaf_value=-0.0040514553320508745 -0.014420396841166958 -0.0046981816565733409 0.013891981986051275 -0.0078370528416010551 0.01201820355764107 -0.0024924954526485206
leaf_weight=2.9060558344062883 2.9089219347006292 0.55544697708683144 3.515900706697721 0.49520153905905306 1.7963760629936587 1.1672319541685281
leaf_count=659 1262 175 392 508 367 341
internal_value=-0.000945697 -0.00818431 0.00530766 0.00231701 0.00764967 0.0104296
internal_weight=13.3451 5.75595 7.58919 2.84702 2.35182 4.68313
internal_count=3704 2312 1392 1050 542 733
is_linear=0
shrinkage=0.05


Tree=269
num_leaves=7
num_cat=0
split_feature=12 55 37 37 11 9
split_gain=0.360777 0.24506 0.260927 0.24447 0.186801 0.16949
threshold=0.13297566581978587 1.0000000180025095e-35 -1.3175360108717069 2.2125799240304098 0.68363734295447776 1.1568004761036312
decision_type=2 2 2 2 2 2
left_child=1 2 -1 -4 -2 -3
right_child=4 5 3 -5 -6 -7
leaf_value=0.0052180932348752694 0.011932450438437362 -0.0050563521225715311 -0.015292198628771689 0.0047197847277148973 -0.0052154403130473259 0.0093490854697591934
leaf_weight=0.71121129656967141 2.4488705767143997 1.2077882739831696 6.6002332819261929 0.40069928223965678 0.29440941102802742 1.4567524437443351
leaf_count=289 277 180 2621 37 222 65
internal_value=-0.00267777 -0.00680304 -0.0103987 -0.0130746 0.00832914 0.00359967
internal_weight=13.12 10.3767 7.71214 7.00093 2.74328 2.66454
internal_count=3691 3192 2947 2658 499 245
is_linear=0
shrinkage=0.05


Tree=270
num_leaves=7
num_cat=0
split_feature=32 45 33 61 37 39
split_gain=0.2409 0.2193 0.233012 0.24975 0.415451 0.37561
threshold=-1.1047243016386263 1.4833986961763801 1.0668408833238296 -0.84790884000581934 -1.0816014023599638 0.3190239423641939
decision_type=2 2 2 2 2 2
left_child=-1 2 3 4 -2 -6
right_child=1 -3 -4 -5 5 -7
leaf_value=-0.010892289532849398 0.010703527440736417 -0.0085495828323574816 -0.0077883139242985308 0.010837353821839278 0.006358688030181559 -0.017762072963502983
leaf_weight=0.66488621442113149 0.79780815567937713 0.61984350004058875 0.48731589734234226 8.9578670872506301 0.62478531076339772 1.5934561113026573
leaf_count=596 68 282 461 1763 45 522
internal_value=0.000816537 0.00333266 0.00546792 0.00745972 -0.00297379 -0.0112184
internal_weight=13.746 13.0811 12.4612 11.9739 3.01605 2.21824
internal_count=3737 3141 2859 2398 635 567
is_linear=0
shrinkage=0.05


Tree=271
num_leaves=7
num_cat=0
split_feature=11 42 45 55 40 44
split_gain=0.378828 0.428368 0.304714 0.266801 0.266153 0.307974
threshold=-0.59155770712651623 -0.73661502889616315 1.1381444293555276 1.0000000180025095e-35 -0.65748381443397308 1.3607589526491635
decision_type=2 2 2 2 2 2
left_child=3 2 -2 -1 -3 -6
right_child=1 4 -4 -5 5 -7
leaf_value=-0.014753181020749635 -0.015109022807801468 -0.0056313381477086401 0.0062454045398953615 0.0032958587354873486 0.016040759188800765 -0.0061839879352152049
leaf_weight=3.2798746869084434 1.2862452613044286 0.58901834343850978 0.63947687522158947 1.6711381518107371 5.344172089418862 0.26108810049481679
leaf_count=1109 704 362 99 136 1200 129
internal_value=-0.00160627 0.00462575 -0.00853296 -0.00971608 0.010166 0.0132106
internal_weight=13.071 8.12 1.92572 4.95101 6.19428 5.60526
internal_count=3739 2494 803 1245 1691 1329
is_linear=0
shrinkage=0.05


Tree=272
num_leaves=7
num_cat=0
split_feature=12 15 15 33 43 3
split_gain=0.228043 0.216237 0.444987 0.272759 0.288991 0.166937
threshold=0.20643778117919762 0.80329679500201812 -0.80649847674524766 -0.76058170008342962 -0.23925635932013187 -0.20605095630404349
decision_type=2 2 2 2 2 2
left_child=1 2 3 -1 -5 -3
right_child=-2 5 -4 4 -6 -7
leaf_value=0.0046680853720952693 0.0070684557507539984 -0.016465368569868858 0.014654338865662806 0.0034390524262724528 -0.016685803932108154 0.00057886574192796451
leaf_weight=2.3681360328046139 2.3038852908357521 1.9188714369229267 0.88083800650201549 1.3615745393180989 2.4536042857798748 1.7510442111815798
leaf_count=359 396 880 36 382 833 823
internal_value=-0.00217101 -0.00526493 0.000589413 -0.00554693 -0.0111513 -0.0117304
internal_weight=13.038 10.7341 7.06415 6.18331 3.81518 3.66992
internal_count=3709 3313 1610 1574 1215 1703
is_linear=0
shrinkage=0.05


Tree=273
num_leaves=7
num_cat=0
split_feature=12 34 38 27 41 35
split_gain=0.236997 0.210311 0.243321 0.376824 0.231487 0.213109
threshold=0.34045000253899799 -1.4819251654898291 -0.25848535223467256 0.32178299522110226 -0.91684911943903302 0.10875408420237513
decision_type=2 2 2 2 2 2
left_child=1 -1 3 -3 -4 -5
right_child=-2 2 4 5 -6 -7
leaf_value=0.0060591164558979095 0.0080663791946817501 -0.021086741295345709 -0.0084865241362806054 0.0059003565068136135 0.0079846161157936055 -0.0081916256680758109
leaf_weight=1.3627374913921801 1.8938513157190762 1.9364008815900859 0.51926925631414667 2.8129802983021364 2.740985125870794 2.0104143199132523
leaf_count=277 299 1061 374 333 881 489
internal_value=-0.00177888 -0.00475776 -0.00728601 -0.0113565 0.00255153 -0.00086213
internal_weight=13.2766 11.3828 10.02 6.7598 3.26025 4.82339
internal_count=3714 3415 3138 1883 1255 822
is_linear=0
shrinkage=0.05


Tree=274
num_leaves=7
num_cat=0
split_feature=37 40 44 42 45 45
split_gain=0.283473 0.248906 0.232777 0.343812 0.220343 0.189711
threshold=1.2866478755314936 -0.67684099483737203 0.70012248146052281 -1.0004107495244539 1.3782137044926077 0.59860729554229575
decision_type=2 2 2 2 2 2
left_child=1 -1 3 -3 -5 -4
right_child=-2 2 5 4 -6 -7
leaf_value=-0.0068725687236298365 -0.010588209020088077 -0.0058578293118343111 -0.010454327341303802 0.015258908059145933 -0.0046481992187756543 0.0049426198591208045
leaf_weight=1.5843516700770113 1.041119110464934 1.0967554987437296 0.98229530599201043 7.3538068376656165 0.23531902772083402 1.4680704429774776
leaf_count=829 394 437 264 1443 134 207
internal_value=0.00149797 0.00431897 0.00703178 0.0101791 0.0134996 -0.00358659
internal_weight=13.7617 12.7206 11.1362 8.68588 7.58913 2.45037
internal_count=3708 3314 2485 2014 1577 471
is_linear=0
shrinkage=0.05


Tree=275
num_leaves=7
num_cat=0
split_feature=45 6 12 62 0 36
split_gain=0.213267 0.242748 0.24292 0.260719 0.254446 0.398974
threshold=-0.65371284073979274 0.89693784340888094 -0.26942723951886688 -0.72966774126266043 -0.28423820186917409 0.33543597064229824
decision_type=2 2 2 2 2 2
left_child=-1 2 -2 -4 5 -5
right_child=1 -3 3 4 -6 -7
leaf_value=-0.0096245095844421768 -0.0062756580405481229 -0.0096558155185717271 -0.0048025739787296625 0.0080124315288347108 0.015493471724514664 -0.013616439560361468
leaf_weight=1.700543723243755 1.4951711296016554 0.56765016654389988 1.5363821678038174 2.3828232965024614 5.2647474014374955 0.53917188238119695
leaf_count=939 440 596 299 532 754 142
internal_value=-0.000406227 0.00260674 0.00513365 0.00795417 0.0109941 -0.000854681
internal_weight=13.4865 11.7859 11.2183 9.72312 8.18674 2.922
internal_count=3702 2763 2167 1727 1428 674
is_linear=0
shrinkage=0.05


Tree=276
num_leaves=7
num_cat=0
split_feature=0 30 39 29 27 32
split_gain=0.228707 0.27904 0.253151 0.334322 0.227306 0.188484
threshold=-0.80006675278034944 0.63524932380397792 1.2847471866938551 -1.4122835710049289 -0.23880735562023384 -0.80146551066329053
decision_type=2 2 2 2 2 2
left_child=-1 2 4 -4 -2 -3
right_child=1 5 3 -5 -6 -7
leaf_value=-0.011928994456535773 -0.0047139422800439841 0.0050770518605817092 0.0073306228788538805 -0.014261160083921221 0.01133918909088988 -0.012931088812942946
leaf_weight=1.3932670836074983 1.0462205791336572 0.2341899331950118 0.79132940326235257 0.95725636558199745 6.740882098005387 1.7443088094369146
leaf_count=689 504 75 58 475 941 966
internal_value=-0.00217498 0.001227 0.00500473 -0.00603175 0.00847123 -0.00902459
internal_weight=12.9075 11.5142 9.53569 1.74859 7.7871 1.9785
internal_count=3708 3019 1978 533 1445 1041
is_linear=0
shrinkage=0.05


Tree=277
num_leaves=7
num_cat=0
split_feature=62 33 61 62 39 3
split_gain=0.257774 0.385797 0.392925 0.362488 0.281349 0.235143
threshold=0.38697223496721661 -0.75444086628302542 0.89709807079665616 0.56769069925748505 0.3190239423641939 0.21702631387292856
decision_type=2 2 2 2 2 2
left_child=1 4 -3 -2 -1 -5
right_child=3 2 -4 5 -6 -7
leaf_value=0.011962932397450582 0.015007340220023238 -0.018976605798138778 0.0037377115125578255 -0.0088860690995505205 -0.0063506799524946679 0.0071916466561690318
leaf_weight=1.8013239381398309 1.8357299428971598 2.8875380499885068 1.5679012484324628 2.9295087581122066 1.2348920959775567 0.95933435182814708
leaf_count=170 219 1375 365 846 293 448
internal_value=-0.000971432 -0.00611043 -0.0126957 0.00554246 0.00506004 -0.00351523
internal_weight=13.2162 7.49166 4.45544 5.72457 3.03622 3.88884
internal_count=3716 2203 1740 1513 463 1294
is_linear=0
shrinkage=0.05


Tree=278
num_leaves=7
num_cat=0
split_feature=40 29 12 42 41 12
split_gain=0.370723 0.430191 0.371438 0.277241 0.276584 0.18546
threshold=-0.40200689556466634 0.76754938769215453 -0.20879158811485751 -1.0722678845912537 -1.3136035128902872 -0.21244598082578606
decision_type=2 2 2 2 2 2
left_child=5 2 -2 -4 -5 -1
right_child=1 -3 3 4 -6 -7
leaf_value=0.0025782425080502561 -0.0037634413402041949 -0.010736502194100845 -0.0034591330688209278 -0.0039997907185407586 0.019939471609130427 -0.013275843875249894
leaf_weight=1.5503241341066316 2.5576599416381196 0.69890594194294031 0.87717751761374341 0.37949993371148405 5.0810366360674397 2.3492085094112563
leaf_count=444 557 697 192 104 538 1163
internal_value=0.000866384 0.00584181 0.00952359 0.0143721 0.0174474 -0.00859238
internal_weight=13.4938 9.59428 8.89537 6.33771 5.46054 3.89953
internal_count=3695 2088 1391 834 642 1607
is_linear=0
shrinkage=0.05


Tree=279
num_leaves=7
num_cat=0
split_feature=43 40 40 41 42 6
split_gain=0.325251 0.283848 0.272903 0.204333 0.203518 0.151305
threshold=0.43100789889734997 0.99899861617472296 -0.67684099483737203 -1.3136035128902872 1.3056847294750134 0.75940954604767119
decision_type=2 2 2 2 2 2
left_child=1 2 -1 -4 5 -5
right_child=-2 -3 3 4 -6 -7
leaf_value=-0.0051637567651138397 -0.0092870383758795871 -0.008833724287297116 -0.003881955678705216 0.017149132641696423 -0.0027837683911310458 -0.0019463366913860286
leaf_weight=1.5722102875151884 3.1472419396013729 0.69226935938058964 0.75721196111407874 5.7173568498619716 0.86046524334233243 0.53303990556742054
leaf_count=816 757 294 252 906 274 350
internal_value=0.000243904 0.00464954 0.00753012 0.0107919 0.0130426 0.0154176
internal_weight=13.2798 10.1326 9.44028 7.86807 7.11086 6.2504
internal_count=3649 2892 2598 1782 1530 1256
is_linear=0
shrinkage=0.05


Tree=280
num_leaves=7
num_cat=0
split_feature=2 33 14 44 40 31
split_gain=0.407642 0.283012 0.288823 0.245742 0.180555 0.166206
threshold=-0.63506063091101261 -0.4435023206747904 1.0000000180025095e-35 -0.31503644394325631 1.0312342901418066 2.4795069582336677
decision_type=2 2 2 2 2 2
left_child=5 3 4 -2 -3 -1
right_child=1 2 -4 -5 -6 -7
leaf_value=-0.015251088511102623 -0.0053700547798154682 -0.013186433174974114 0.0078347910664908413 0.01303010395418568 0.0029847770565539162 0.0032912006267667988
leaf_weight=2.2418181896646288 0.57274130014411628 2.6894688074899018 1.1976665230104115 4.6941621310688779 1.1415983018669065 0.38881570624653239
leaf_count=713 212 1304 458 714 283 33
internal_value=-0.00109847 0.00385809 -0.00370846 0.00980656 -0.0091731 -0.0122171
internal_weight=12.9263 10.2956 5.02873 5.2669 3.83107 2.63063
internal_count=3717 2971 2045 926 1587 746
is_linear=0
shrinkage=0.05


Tree=281
num_leaves=7
num_cat=0
split_feature=41 15 9 43 42 42
split_gain=0.266066 0.381222 0.308529 0.277343 0.261666 0.315622
threshold=-1.0527477897769042 -0.80649847674524766 1.1361651372992541 -0.49495853645467142 -1.0722678845912537 0.86112771567130453
decision_type=2 2 2 2 2 2
left_child=-1 2 3 -2 -3 -6
right_child=1 4 -4 -5 5 -7
leaf_value=-0.0094268854159490559 0.0038297317790191385 -0.0046672614645433949 0.004728311208325257 -0.017556918545800229 0.018720721143922904 -0.0035049966889096501
leaf_weight=2.4520452111246422 0.91191088721097946 0.81784574902121576 3.0306345844001044 1.6994539924417029 3.4722508388367714 1.0251398468244586
leaf_count=860 234 452 380 773 567 447
internal_value=-7.12544e-05 0.0035986 -0.00451419 -0.0120339 0.0107319 0.0142792
internal_weight=13.4093 10.9572 5.642 2.61136 5.31524 4.49739
internal_count=3713 2853 1387 1007 1466 1014
is_linear=0
shrinkage=0.05


Tree=282
num_leaves=7
num_cat=0
split_feature=41 10 62 6 42 41
split_gain=0.423346 0.297702 0.29734 0.263674 0.270912 0.228444
threshold=0.66687826866265076 -0.94403848902463705 -1.2438558185523363 0.89693784340888094 -1.3710334966028719 -1.1263569443950838
decision_type=2 2 2 2 2 2
left_child=1 -1 -2 4 -3 -6
right_child=2 3 -4 -5 5 -7
leaf_value=-0.0065774216200088333 0.0047759772002867054 -0.0055037778888631962 -0.015501200432105691 -0.0066702250281105062 -0.00052170069845219652 0.017829428261419741
leaf_weight=1.7922549446957408 0.99626805767184157 0.48687856472679225 2.6679299850438847 0.3931885825950302 1.9421574158477577 4.9762979941515395
leaf_count=469 113 203 1156 468 513 789
internal_value=-0.000152824 0.00526492 -0.0103199 0.00905774 0.0115752 0.0140783
internal_weight=13.255 9.59078 3.6642 7.79852 7.40533 6.91846
internal_count=3711 2442 1269 1973 1505 1302
is_linear=0
shrinkage=0.05


Tree=283
num_leaves=7
num_cat=0
split_feature=9 9 61 33 2 6
split_gain=0.254086 0.334353 0.288899 0.281004 0.201782 0.178347
threshold=0.092602308762414168 1.1029873349668911 0.62836806114212462 1.0668408833238296 -0.61317962453377783 0.89693784340888094
decision_type=2 2 2 2 2 2
left_child=2 -2 -1 5 -3 -4
right_child=1 4 3 -5 -6 -7
leaf_value=-0.0058138643856982565 -0.012633278450182828 -0.0043728731891813375 0.018218681219573592 -0.0056708162602848696 0.009727024751383543 -0.0032831197459497878
leaf_weight=1.3880442555091583 3.8142201681475836 2.5893118319218047 2.7071860615105843 0.35229117245762598 2.0382421550893923 0.18926556507358316
leaf_count=974 1089 456 374 394 192 226
internal_value=-0.000779625 -0.0053768 0.00641434 0.0119218 0.00322066 0.0158581
internal_weight=13.0786 8.44177 4.63679 3.24874 4.62755 2.89645
internal_count=3705 1737 1968 994 648 600
is_linear=0
shrinkage=0.05


Tree=284
num_leaves=7
num_cat=0
split_feature=31 37 61 33 39 3
split_gain=0.278474 0.279637 0.259328 0.314773 0.269561 0.231174
threshold=-0.28508629640193633 -0.60082899256245004 -0.81043115915356323 0.13388531588497357 0.27642643465786049 -0.12523844402304884
decision_type=2 2 2 2 2 2
left_child=5 -2 4 -4 -3 -1
right_child=1 2 3 -5 -6 -7
leaf_value=-0.014594409212506135 0.012305674314557565 0.0050820264656173128 0.0094125219636410767 -0.008268714417914309 -0.016503140968752193 0.0031796875112156796
leaf_weight=2.1643536953997686 2.283914141560671 0.50804015540052105 3.9446831733075669 1.1983337254932847 1.2799141422583487 1.4474297781926004
leaf_count=833 494 36 513 612 429 784
internal_value=-0.00116001 0.00350967 -0.00223059 0.00376423 -0.0110285 -0.00926063
internal_weight=12.8267 9.21489 6.93097 5.14302 1.78795 3.61178
internal_count=3701 2084 1590 1125 465 1617
is_linear=0
shrinkage=0.05


Tree=285
num_leaves=7
num_cat=0
split_feature=37 1 12 14 37 29
split_gain=0.344011 0.329434 0.261829 0.2411 0.241465 0.225469
threshold=-0.60082899256245004 -0.78695188543041295 0.21459132746181067 1.0000000180025095e-35 2.1591607673862412 -0.17242958730189156
decision_type=2 2 2 2 2 2
left_child=1 -1 3 4 5 -2
right_child=2 -3 -4 -5 -6 -7
leaf_value=-0.0070117744477137525 -0.0020122997633367852 0.013604675218109 0.0057020382928423732 0.0049003181197722354 0.0046606466295406133 -0.02041452430389026
leaf_weight=0.73110367355548112 3.253369677928275 2.5669595088256765 1.4483527802804017 0.79553967870015174 0.47435850311012462 3.2879810873273523
leaf_count=520 557 468 218 336 38 1543
internal_value=-0.0020066 0.00787147 -0.00659018 -0.00981919 -0.0124561 -0.0147725
internal_weight=12.5577 3.29806 9.2596 7.81125 7.01571 6.54135
internal_count=3680 988 2692 2474 2138 2100
is_linear=0
shrinkage=0.05


Tree=286
num_leaves=7
num_cat=0
split_feature=34 27 39 43 60 39
split_gain=0.389623 0.261686 0.466396 0.384585 0.203256 0.197594
threshold=0.27950544886595913 -0.23880735562023384 1.2993058285681716 0.086193820575692512 4.9650141925704636 -0.66287557071470748
decision_type=2 2 2 2 2 2
left_child=1 3 -3 -1 5 -2
right_child=4 2 -4 -5 -6 -7
leaf_value=-0.015515672077240411 -8.1434510979223418e-05 0.012471914401130395 -0.010037218726337007 0.0060490931527757974 0.0045535915717161528 -0.020538010895649078
leaf_weight=1.155209950040444 1.6218643601387153 5.6266117637278494 0.64720310394477554 1.7748485363845246 0.19955203612335015 1.5864571401252778
leaf_count=710 660 616 235 277 9 1191
internal_value=-0.00285736 0.00290033 0.00765409 -0.00600118 -0.0124852 -0.0152333
internal_weight=12.6117 9.20387 6.27381 2.93006 3.40787 3.20832
internal_count=3698 1838 851 987 1860 1851
is_linear=0
shrinkage=0.05


Tree=287
num_leaves=7
num_cat=0
split_feature=31 33 12 39 29 42
split_gain=0.221857 0.357002 0.29872 0.221633 0.242733 0.205865
threshold=-0.33796145889018808 -0.028374832027103853 3.0429362346764282 1.2993058285681716 -1.4122835710049289 0.49102788285656218
decision_type=2 2 2 2 2 2
left_child=2 3 -1 5 -5 -2
right_child=1 -3 -4 4 -6 -7
leaf_value=-0.013554336163001319 0.014000994479785945 -0.0098434265839786542 0.0067370310145189989 0.0067787035405302487 -0.011781063865929909 -0.0020607368875681232
leaf_weight=2.8119625223771449 4.7604062796744975 1.4230673515849037 0.51199838431784872 0.65781370896729641 0.81549809400166828 1.756320962362224
leaf_count=1417 578 849 35 50 408 359
internal_value=-0.00126825 0.00283236 -0.00871556 0.00716071 -0.0045057 0.0103872
internal_weight=12.7371 9.41311 3.32396 7.99004 1.47331 6.51673
internal_count=3696 2244 1452 1395 458 937
is_linear=0
shrinkage=0.05


Tree=288
num_leaves=7
num_cat=0
split_feature=10 40 32 9 9 11
split_gain=0.249262 0.277925 0.220261 0.19761 0.218192 0.212026
threshold=0.24815800109843636 -0.67684099483737203 1.3246624209339266 0.7343434277735007 1.1361651372992541 -0.065376398280420425
decision_type=2 2 2 2 2 2
left_child=1 -1 -2 5 -5 -3
right_child=2 3 -4 4 -6 -7
leaf_value=-0.0090637942600689039 -0.015029242415700712 0.015692633216194556 0.0040664512194279771 -0.0092573024314392457 0.0049967370664907047 -0.0021540029319667702
leaf_weight=1.1816689302577277 1.5324691501737118 2.8938770805689256 0.71997542303870421 1.46499289417261 3.7887326634809142 1.41649790462543
leaf_count=696 1234 315 87 326 428 625
internal_value=-0.000958185 0.00273999 -0.0100891 0.00601436 -0.000898052 0.0113506
internal_weight=12.9982 10.7458 2.25244 9.5641 5.25373 4.31037
internal_count=3711 2390 1321 1694 754 940
is_linear=0
shrinkage=0.05


Tree=289
num_leaves=7
num_cat=0
split_feature=38 54 10 34 8 2
split_gain=0.322034 0.425232 0.366894 0.291363 0.228186 0.214245
threshold=-0.24552060439371662 -0.098095266772930081 -0.36632445959899823 0.91583548144515836 -0.6765400614674103 0.060855532548778409
decision_type=2 2 2 2 2 2
left_child=1 4 -3 -2 -1 -6
right_child=3 2 -4 -5 5 -7
leaf_value=0.00040646901296782648 0.012071483567061033 0.010253560049353846 -0.010204626740918142 -0.0073847221692331559 -0.021759817342202923 0.0019392527317472472
leaf_weight=2.0642713744528001 3.2286593012395328 3.4656054294609935 0.53417071131116234 0.46205397842277296 2.2909205743853813 0.60561433395196207
leaf_count=618 762 276 160 561 1065 260
internal_value=-0.0016756 -0.00634152 0.00431879 0.00741668 -0.0133251 -0.0183391
internal_weight=12.6513 8.96058 3.99978 3.69071 4.96081 2.89653
internal_count=3702 2379 436 1323 1943 1325
is_linear=0
shrinkage=0.05


Tree=290
num_leaves=7
num_cat=0
split_feature=16 16 31 42 39 9
split_gain=0.299706 0.231623 0.264362 0.229809 0.319322 0.212332
threshold=-0.36831867093583637 1.4689526365835628 0.073900730814906515 -0.1736832986528172 -0.50488734593045803 1.3809970116663821
decision_type=2 2 2 2 2 2
left_child=3 -2 -3 -1 -5 -4
right_child=1 2 5 4 -6 -7
leaf_value=-0.014110280490638814 0.014291944876018321 -0.0097702911485589902 0.010090439318473018 0.0092122844118881775 -0.0085788239878415006 -0.0064882991948520784
leaf_weight=2.6912101629277458 0.9284363999031483 1.7975112914864437 2.8920579754922078 2.213032290499541 1.9035331073682753 0.46545232474454667
leaf_count=1324 51 455 317 475 996 94
internal_value=-0.00176869 0.00509062 -0.00121453 -0.00758043 0.000837116 0.00581494
internal_weight=12.8912 6.08346 5.15502 6.80778 4.11657 3.35751
internal_count=3712 917 866 2795 1471 411
is_linear=0
shrinkage=0.05


Tree=291
num_leaves=7
num_cat=0
split_feature=2 37 9 33 40 45
split_gain=0.294312 0.327806 0.26318 0.241983 0.235672 0.212939
threshold=-0.63506063091101261 0.77026269463786745 1.1029873349668911 -0.81481600751603767 -0.67684099483737203 1.4833986961763801
decision_type=2 2 2 2 2 2
left_child=3 4 -3 -1 -2 -6
right_child=1 2 -4 -5 5 -7
leaf_value=0.0046636891018279206 -0.0051966663082789813 -0.012497875014969829 0.0062155628600082885 -0.014071670830122042 0.01384685350713939 -0.0046705863176688843
leaf_weight=0.85715047208941575 0.76120930391334596 1.7358677180018278 0.79971521199331608 1.971769525123819 6.4627564810580216 0.35611560709367029
leaf_count=131 452 767 63 631 1495 186
internal_value=0.000518368 0.00459281 -0.00642587 -0.00891633 0.00905557 0.0117482
internal_weight=12.9446 10.1157 2.53558 2.82892 7.58008 6.81887
internal_count=3725 2963 830 762 2133 1681
is_linear=0
shrinkage=0.05


Tree=292
num_leaves=7
num_cat=0
split_feature=29 9 7 56 62 6
split_gain=0.255324 0.329248 0.265627 0.175385 0.170568 0.182571
threshold=-0.22340560881047963 0.077626010049830843 -1.5420446250061242 2.0456366927030474 -0.026294030745311107 0.89693784340888094
decision_type=2 2 2 2 2 2
left_child=2 4 -1 -3 -2 -6
right_child=1 3 -4 -5 5 -7
leaf_value=-0.0075901171125068697 -0.0062979876918973421 -0.016752156588235145 0.0090235802065984326 0.0028731404038141134 0.012137010408085673 -0.0050154461675752668
leaf_weight=0.72898547091608623 0.47051664394530268 2.2122871934625441 6.3336808677122463 0.46970721319667053 2.1599949335213755 0.3118430295435245
leaf_count=313 456 869 971 36 617 426
internal_value=0.00017409 -0.00616729 0.00555715 -0.0136128 0.00406561 0.0084097
internal_weight=12.687 5.62435 7.06267 2.68199 2.94235 2.47184
internal_count=3688 2404 1284 905 1499 1043
is_linear=0
shrinkage=0.05


Tree=293
num_leaves=7
num_cat=0
split_feature=53 61 37 12 15 32
split_gain=0.320304 0.222551 0.301381 0.250311 0.174129 0.282242
threshold=-0.2485865636087396 0.67035712515064516 -0.70170216669218777 -0.2055141298386334 0.80329679500201812 1.4061692000856574
decision_type=2 2 2 2 2 2
left_child=1 2 -1 -3 -2 -6
right_child=4 3 -4 -5 5 -7
leaf_value=0.002318093105956885 0.0099872823298031658 -0.0088397486116222907 -0.018159839357358661 0.0079917364285656666 -0.012424117072179421 0.0072177683648727486
leaf_weight=1.7262241334610733 3.2676158057292923 0.74316597208962809 2.7576038955157856 2.5236774138029432 0.68864975820179075 0.90954422077629715
leaf_count=668 268 426 1436 640 195 52
internal_value=-0.00240514 -0.00767824 -0.0125071 0.00176407 0.00571924 -0.00382977
internal_weight=12.6165 7.75067 4.48383 3.26684 4.86581 1.59819
internal_count=3685 3170 2104 1066 515 247
is_linear=0
shrinkage=0.05


Tree=294
num_leaves=7
num_cat=0
split_feature=41 9 41 39 39 28
split_gain=0.198416 0.241322 0.233364 0.237021 0.229608 0.242928
threshold=0.66687826866265076 0.7343434277735007 -1.3136035128902872 -0.93032321403548468 -0.67294260196631817 -0.72728492956541102
decision_type=2 2 2 2 2 2
left_child=1 2 -1 -4 -2 -6
right_child=4 -3 3 -5 5 -7
leaf_value=-0.0045847132992383015 0.005239846633576949 -0.0027176524743844875 -0.0036984700513161186 0.016875252253889032 0.0048684406269048647 -0.015060519401224888
leaf_weight=0.66580457556119554 1.4741895422339437 4.1645807349559618 0.58832673535653057 3.8884674763903604 0.52016424779139914 2.1331966208745157
leaf_count=359 316 746 331 1013 75 910
internal_value=0.00182351 0.00541926 0.0105822 0.0137724 -0.0051528 -0.0106434
internal_weight=13.4347 9.30718 5.1426 4.47679 4.12755 2.65336
internal_count=3750 2449 1703 1344 1301 985
is_linear=0
shrinkage=0.05


Tree=295
num_leaves=7
num_cat=0
split_feature=42 41 42 41 44 0
split_gain=0.225605 0.320182 0.405334 0.343261 0.260385 0.2147
threshold=0.6812960478535327 -1.3136035128902872 -0.99537043703846639 1.1346586709352124 1.0715075903546201 0.03061818634933557
decision_type=2 2 2 2 2 2
left_child=1 -1 4 -4 -3 -5
right_child=-2 2 3 5 -6 -7
leaf_value=-0.0079126097441794656 -0.006370821288952529 -0.010574864941701631 0.02093438000975166 0.0067734679198517824 0.0070740501526302124 -0.0094647183953364654
leaf_weight=1.3436538839887351 3.8154930454475116 1.897192863230883 2.9522763596178265 1.5134275700329456 0.97334003464493424 0.72739150754932769
leaf_count=492 1191 846 385 379 97 281
internal_value=0.00113609 0.00498505 0.00869701 0.0146343 -0.00403363 -0.000898171
internal_weight=13.2228 9.40728 8.06363 5.1931 2.87053 2.24082
internal_count=3671 2480 1988 1045 943 660
is_linear=0
shrinkage=0.05


Tree=296
num_leaves=7
num_cat=0
split_feature=35 29 33 43 44 11
split_gain=0.232822 0.310312 0.245988 0.19242 0.286474 0.15332
threshold=0.63264479164268295 -0.17242958730189156 1.0668408833238296 0.086193820575692512 0.70012248146052281 -0.84872031126477165
decision_type=2 2 2 2 2 2
left_child=1 3 -2 -1 -5 -3
right_child=2 5 -4 4 -6 -7
leaf_value=-0.0063019155930502425 0.010662955294189605 0.0023749247364331936 -0.0071801893389470007 0.011383426462958758 -0.0068441510918234019 -0.017557773829940952
leaf_weight=2.7583381242438909 2.6310370228893603 0.39044602976355269 0.45862347611546272 3.0840429453674005 0.92718109194538545 2.3166155548387897
leaf_count=859 613 45 532 343 145 1231
internal_value=-0.00282633 -0.0063483 0.00578192 0.000623413 0.00604446 -0.0149457
internal_weight=12.5663 9.47662 3.08966 6.76956 4.01122 2.70706
internal_count=3768 2623 1145 1347 488 1276
is_linear=0
shrinkage=0.05


Tree=297
num_leaves=7
num_cat=0
split_feature=36 41 42 41 42 27
split_gain=0.325807 0.263729 0.263738 0.302926 0.305823 0.177622
threshold=-0.55793768978440972 1.1346586709352124 1.4097156171540959 -1.1263569443950838 -1.0722678845912537 0.77566781773223525
decision_type=2 2 2 2 2 2
left_child=-1 2 3 5 -5 -2
right_child=1 -3 -4 4 -6 -7
leaf_value=-0.013840295352113363 -0.010857692131341346 -0.0094809782887775342 -0.0087311624184760878 -0.0027266536910029349 0.016644554233253603 0.0047390482573027989
leaf_weight=2.0810925701734968 0.90931720091611801 1.3123564155466727 0.40352317028737239 1.7726212579145757 4.4877725366459371 1.0641947669791987
leaf_count=1651 320 373 173 443 587 104
internal_value=-0.00349243 0.00137682 0.00504535 0.00787185 0.0120532 -0.00466185
internal_weight=12.0309 9.94979 8.63743 8.23391 6.26039 1.97351
internal_count=3651 2000 1627 1454 1030 424
is_linear=0
shrinkage=0.05


Tree=298
num_leaves=7
num_cat=0
split_feature=49 34 38 62 62 56
split_gain=0.284427 0.341793 0.302978 0.249759 0.206825 0.200484
threshold=-0.3563589200727057 -1.400265509909479 0.13477758521200359 1.0286810080717497 -1.6472009570250778 1.0000000180025095e-35
decision_type=2 2 2 2 2 2
left_child=1 -1 4 -2 -3 -6
right_child=3 2 -4 -5 5 -7
leaf_value=0.0062565273985028345 0.010242335924126884 0.0024938380417297468 0.0053685100733078736 -0.0065874870311570955 -0.020111496681809705 0.0019367606848011481
leaf_weight=1.7233943232131421 3.8860785559809301 0.74326742060657025 0.7400075185287277 0.84129262778151304 3.9154022068541972 0.63378543822909694
leaf_count=327 687 103 293 339 1856 75
internal_value=-0.00179877 -0.00679406 -0.0113621 0.00585258 -0.0147973 -0.0174908
internal_weight=12.4832 7.75586 6.03246 4.72737 5.29246 4.54919
internal_count=3680 2654 2327 1026 2034 1931
is_linear=0
shrinkage=0.05


Tree=299
num_leaves=7
num_cat=0
split_feature=12 45 55 41 0 41
split_gain=0.387843 0.291717 0.256248 0.211998 0.202211 0.143622
threshold=-0.12281043759430581 0.58252017916713061 1.0000000180025095e-35 -1.0202869576357252 -0.80006675278034944 1.2152612202717525
decision_type=2 2 2 2 2 2
left_child=1 2 -1 -2 -5 -6
right_child=3 -3 -4 4 5 -7
leaf_value=-0.018128075966732039 -0.0059911263274960427 0.0036411336775935216 0.0017310766553833307 -0.0034972175508882555 0.015503408023079363 -0.0022438897962894734
leaf_weight=3.0627668992310646 0.7557340548664796 2.1842217015655478 1.5589517328189684 1.0743349664116975 3.3045390080587826 0.55711748897010682
leaf_count=1531 349 502 153 341 672 200
internal_value=-0.00194402 -0.00847833 -0.0133847 0.00609892 0.00951503 0.0130814
internal_weight=12.4977 6.80594 4.62172 5.69173 4.93599 3.86166
internal_count=3748 2186 1684 1562 1213 872
is_linear=0
shrinkage=0.05


end of trees

feature_importances:
Column_12=108
Column_39=91
Column_42=91
Column_34=90
Column_33=81
Column_29=65
Column_11=64
Column_41=59
Column_62=55
Column_32=52
Column_40=52
Column_1=48
Column_6=48
Column_45=48
Column_27=43
Column_44=43
Column_37=42
Column_61=42
Column_9=40
Column_60=40
Column_53=39
Column_0=36
Column_43=34
Column_16=33
Column_31=33
Column_10=32
Column_22=32
Column_36=32
Column_4=29
Column_15=26
Column_35=26
Column_28=25
Column_2=24
Column_30=21
Column_38=21
Column_49=21
Column_54=20
Column_26=18
Column_14=16
Column_3=14
Column_55=11
Column_7=10
Column_47=10
Column_59=6
Column_8=5
Column_17=5
Column_50=5
Column_56=5
Column_5=4
Column_51=3
Column_24=2

parameters:
[boosting: gbdt]
[objective: binary]
[metric: binary_logloss]
[tree_learner: serial]
[device_type: cpu]
[data_sample_strategy: bagging]
[data: ]
[valid: ]
[num_iterations: 300]
[learning_rate: 0.05]
[num_leaves: 7]
[num_threads: 4]
[seed: 2]
[deterministic: 0]
[force_col_wise: 0]
[force_row_wise: 0]
[histogram_pool_size: -1]
[max_depth: -1]
[min_data_in_leaf: 30]
[min_sum_hessian_in_leaf: 0.001]
[bagging_fraction: 0.8]
[pos_bagging_fraction: 1]
[neg_bagging_fraction: 1]
[bagging_freq: 1]
[bagging_seed: 29216]
[bagging_by_query: 0]
[feature_fraction: 0.7]
[feature_fraction_bynode: 1]
[feature_fraction_seed: 17795]
[extra_trees: 0]
[extra_seed: 19650]
[early_stopping_round: 0]
[early_stopping_min_delta: 0]
[first_metric_only: 0]
[max_delta_step: 0]
[lambda_l1: 0]
[lambda_l2: 3]
[linear_lambda: 0]
[min_gain_to_split: 0]
[drop_rate: 0.1]
[max_drop: 50]
[skip_drop: 0.5]
[xgboost_dart_mode: 0]
[uniform_drop: 0]
[drop_seed: 24198]
[top_rate: 0.2]
[other_rate: 0.1]
[min_data_per_group: 100]
[max_cat_threshold: 32]
[cat_l2: 10]
[cat_smooth: 10]
[max_cat_to_onehot: 4]
[top_k: 20]
[monotone_constraints: ]
[monotone_constraints_method: basic]
[monotone_penalty: 0]
[feature_contri: ]
[forcedsplits_filename: ]
[refit_decay_rate: 0.9]
[cegb_tradeoff: 1]
[cegb_penalty_split: 0]
[cegb_penalty_feature_lazy: ]
[cegb_penalty_feature_coupled: ]
[path_smooth: 0]
[interaction_constraints: ]
[verbosity: -1]
[saved_feature_importance_type: 0]
[use_quantized_grad: 0]
[num_grad_quant_bins: 4]
[quant_train_renew_leaf: 0]
[stochastic_rounding: 1]
[linear_tree: 0]
[max_bin: 255]
[max_bin_by_feature: ]
[min_data_in_bin: 3]
[bin_construct_sample_cnt: 200000]
[data_random_seed: 45]
[is_enable_sparse: 1]
[enable_bundle: 1]
[use_missing: 1]
[zero_as_missing: 0]
[feature_pre_filter: 1]
[pre_partition: 0]
[two_round: 0]
[header: 0]
[label_column: ]
[weight_column: ]
[group_column: ]
[ignore_column: ]
[categorical_feature: ]
[forcedbins_filename: ]
[precise_float_parser: 0]
[parser_config_file: ]
[objective_seed: 29484]
[num_class: 1]
[is_unbalance: 0]
[scale_pos_weight: 1]
[sigmoid: 1]
[boost_from_average: 1]
[reg_sqrt: 0]
[alpha: 0.9]
[fair_c: 1]
[poisson_max_delta_step: 0.7]
[tweedie_variance_power: 1.5]
[lambdarank_truncation_level: 30]
[lambdarank_norm: 1]
[label_gain: ]
[lambdarank_position_bias_regularization: 0]
[eval_at: ]
[multi_error_top_k: 1]
[auc_mu_weights: ]
[num_machines: 1]
[local_listen_port: 12400]
[time_out: 120]
[machine_list_filename: ]
[machines: ]
[gpu_platform_id: -1]
[gpu_device_id: -1]
[gpu_device_id_list: ]
[gpu_use_dp: 0]
[num_gpu: 1]

end of parameters

pandas_categorical:null
