tree
version=v4
num_class=1
num_tree_per_iteration=1
label_index=0
max_feature_idx=62
objective=binary sigmoid:1
feature_names=Column_0 Column_1 Column_2 Column_3 Column_4 Column_5 Column_6 Column_7 Column_8 Column_9 Column_10 Column_11 Column_12 Column_13 Column_14 Column_15 Column_16 Column_17 Column_18 Column_19 Column_20 Column_21 Column_22 Column_23 Column_24 Column_25 Column_26 Column_27 Column_28 Column_29 Column_30 Column_31 Column_32 Column_33 Column_34 Column_35 Column_36 Column_37 Column_38 Column_39 Column_40 Column_41 Column_42 Column_43 Column_44 Column_45 Column_46 Column_47 Column_48 Column_49 Column_50 Column_51 Column_52 Column_53 Column_54 Column_55 Column_56 Column_57 Column_58 Column_59 Column_60 Column_61 Column_62
feature_infos=[-1.6329847159399533:4.4855011260367599] [-1.1935389018152593:4.7803670644143779] [-0.65000339796109097:6.3305032169556448] [-0.7527238334990074:7.1193655981084731] [-1.3712644055131786:4.7062296343947905] [-1.9369145944078419:2.5497577768784208] [-2.3808199103666157:1.9742428394050229] [-2.201873748460474:2.726970306258766] [-2.2447991545235535:2.7994981344817726] [-1.4581389229352617:1.5087808246098395] [-0.99424717735239643:2.7976948084112574] [-0.85399115912742996:4.5303965138472044] [-0.48065220752808108:36.960432322230936] [-0.115080315005856:8.801991769830229] [-0.40217128097645394:2.5041624093360531] [-1.007722885713656:1.0045212039704261] [-0.59797758437576132:1.6986115500234873] [-0.25718795686960472:3.9961279596084469] [-0.071707338249997143:14.356154695183163] [-0.13610641900696424:7.4682466457506553] none none [-2.1140283398429736:0.47793532947943956] [-0.1788608749820815:5.6339935726065251] [-0.37253690146185747:2.7145520459324244] [-0.1855426480048957:5.4462566343247412] [-1.8190429722044097:4.306319314130171] [-1.4730068970010806:3.907043840717086] [-0.72808934958605664:6.1948024886065953] [-2.5842605250945354:1.9326021402233886] [-2.1135789998155987:2.4888574229861367] [-2.0137423023520347:4.7859580116005098] [-1.7601905948560845:4.0511534711108128] [-0.8176428603411845:7.0691857789351298] [-2.7728694374164142:1.9983251590045055] [-2.3221770775077086:2.6924746221277567] [-1.0273602650065172:2.1086045637870385] [-2.515015438978478:3.0049640809189042] [-0.26496772615515057:23.525344561998963] [-1.5423253817150857:5.9936590195977804] [-0.87964177241332242:7.0710532005577891] [-1.4303491021976937:1.3698089431919185] [-1.4208120294255775:1.4842672132184478] [-8.2397547413793397:6.1557470326677999] [-7.3025576360497864:5.5166055616352709] [-1.0039169895222344:5.7897960027590551] [-0.36457254738376993:2.787374881849924] [-0.86231017061990656:1.1683375101560807] [-0.21488834230350132:4.6612904102732484] [-0.58656646735663209:1.7155090054826314] [-0.41420038999446684:2.4331431475231149] [-0.12576185076370144:8.0675660965075746] none [-0.37963958727649155:2.9725716871419552] [-0.41379480699587257:3.4559494392234607] [-0.26794974025706325:3.8393090161003101] [-0.21200975160859672:4.8049823468617223] [-0.17645270941501004:5.725499144838115] none [-2.5262750085977954:0.40237884064710377] [-0.30938309663561425:4.9677583060998858] [-2.5076095965807523:1.6409880466499349] [-7.5958575338262939:2.5005999718367766]
tree_sizes=894 897 900 893 897 887 898 896 894 890 896 899 898 886 893 898 896 892 899 894 896 887 900 892 891 896 891 896 902 893 895 891 895 899 889 898 895 891 891 893 893 896 892 895 895 894 893 903 900 894 898 896 891 894 898 897 896 898 895 891 894 896 890 895 891 894 894 894 893 897 902 896 889 897 898 905 899 899 900 895 900 901 905 893 891 902 892 897 900 892 899 894 903 889 894 893 895 897 902 899 902 893 900 903 903 902 909 906 901 902 904 896 899 898 901 899 897 905 902 906 903 900 907 907 903 911 902 903 902 897 898 903 896 905 900 904 905 907 903 904 904 908 897 902 901 903 912 903 907 904 906 911 899 901 912 898 911 909 901 906 903 902 903 898 902 909 904 902 903 901 905 908 903 904 903 905 904 905 902 907 901 905 904 907 906 914 899 894 905 902 908 899 906 905 909 912 910 910 910 905 907 896 899 906 908 910 908 901 899 906 908 898 906 910 908 909 907 908 909 901 904 906 909 905 906 902 909 909 908 906 911 903 904 906 902 906 903 904 907 906 901 914 910 906 911 904 909 906 904 909 910 914 909 913 905 902 907 911 907 903 904 905 906 911 910 903 901 904 904 900 906 909 909 904 908 906 904 912 902 906 910 908 913 909 910 906 905 914 907 908 906 914 903 907 906 911 904 901 904 909

Tree=0
num_leaves=7
num_cat=0
split_feature=60 36 34 45 34 35
split_gain=49.0347 11.4869 10.2757 8.81706 3.68904 2.49818
threshold=-0.30773570501821523 -0.55793768978440972 0.43748153074545987 -0.56956484739277491 0.51234071269519299 -0.39665403740543709
decision_type=2 2 2 2 2 2
left_child=1 -1 -2 -3 5 -5
right_child=2 3 -4 4 -6 -7
leaf_value=-0.06716273438684589 0.070408924138979118 -0.046971869896948848 -0.010966003430507611 -0.0054884480517931331 -0.029232922985279703 0.033537429501363285
leaf_weight=12.378865476697682 18.096312295645479 6.9946938781067738 3.8513149498030534 5.0942480675876132 1.8751478837803013 9.0191015154123289
leaf_count=1447 322 799 294 383 214 360
internal_value=0.00205657 -0.0335281 0.0565279 -0.00974935 0.0113832 0.0209582
internal_weight=57.3097 35.3621 21.9476 22.9832 15.9885 14.1133
internal_count=3819 3203 616 1756 957 743
is_linear=0
shrinkage=1


Tree=1
num_leaves=7
num_cat=0
split_feature=60 32 34 29 12 44
split_gain=40.9053 11.4845 10.1362 9.22422 5.44675 3.02366
threshold=-0.30773570501821523 0.68325891707715447 0.45828774173437287 -0.18282829860281571 0.61023881920827894 0.44089436147935102
decision_type=2 2 2 2 2 2
left_child=1 4 -2 -3 5 -1
right_child=2 3 -4 -5 -6 -7
leaf_value=-0.066923632726041585 0.065501906421867317 0.041875731670407423 -0.016444516295952564 -0.029938728986329339 0.0099363577406623906 -0.01277702933068478
leaf_weight=16.563609868753709 16.96120094135404 5.9414461529813707 3.3650518525391808 6.0379344681277853 2.4760330370627335 4.8701950707472852
leaf_count=1972 321 157 280 585 145 387
internal_value=-0.000823128 -0.0321829 0.0515654 0.00693255 -0.0503687 -0.0576998
internal_weight=56.2155 35.8892 20.3263 11.9794 23.9098 21.4338
internal_count=3847 3246 601 742 2504 2359
is_linear=0
shrinkage=0.05


Tree=2
num_leaves=7
num_cat=0
split_feature=60 33 29 12 27 32
split_gain=39.7768 11.9642 7.45306 4.18171 3.31746 3.29982
threshold=-0.30773570501821523 -0.80497422098742388 0.49040759987014765 0.61023881920827894 -0.81115261674921457 0.029689984328995209
decision_type=2 2 2 2 2 2
left_child=1 4 -2 5 -1 -3
right_child=2 3 -4 -5 -6 -7
leaf_value=-0.023430723511726113 0.061435549662075234 -0.068174259214164076 -0.010116017850178904 0.0095918897553937225 0.035490103002547319 -0.024601130564110726
leaf_weight=0.98236123332753766 17.507669188547883 12.885863464325672 3.4893623809330157 2.2170679350383571 5.3885747040621927 13.31182426959276
leaf_count=137 354 1583 265 128 171 1182
internal_value=-0.000605613 -0.0325481 0.0497667 -0.0456554 0.0218123 -0.0508361
internal_weight=55.7827 34.7857 20.997 28.4148 6.37094 26.1977
internal_count=3820 3201 619 2893 308 2765
is_linear=0
shrinkage=0.05


Tree=3
num_leaves=7
num_cat=0
split_feature=53 9 40 28 31 1
split_gain=37.8475 10.3567 9.0827 5.49053 3.31316 2.73072
threshold=-0.2485865636087396 0.33526911502054441 -0.32780700002216251 -0.1601663534604951 0.042050282721228953 -0.92779575385130741
decision_type=2 2 2 2 2 2
left_child=1 -1 -3 5 -4 -2
right_child=3 2 4 -5 -6 -7
leaf_value=-0.052654622857900818 -0.0057508780058851692 -0.039553932405140685 -0.01408720754319983 -0.0055492076666341286 0.035252532471002233 0.064787959912919246
leaf_weight=17.782129174564034 0.97412050375715509 6.3658993220888105 2.8410590616986147 3.1256999904289833 9.2303418698720616 16.849191557150334
leaf_count=1955 77 710 253 223 338 277
internal_value=0.00188262 -0.0284519 -0.00100721 0.0513233 0.0231476 0.0606596
internal_weight=57.1684 36.2194 18.4373 20.949 12.0714 17.8233
internal_count=3833 3256 1301 577 591 354
is_linear=0
shrinkage=0.05


Tree=4
num_leaves=7
num_cat=0
split_feature=53 34 45 34 31 39
split_gain=33.422 10.6934 8.98644 7.59545 3.30315 3.21671
threshold=-0.37550111484765819 0.56604286557189354 -0.31712086735172157 0.45828774173437287 2.9364668754273944 0.66465688463963379
decision_type=2 2 2 2 2 2
left_child=1 2 4 -2 -1 -4
right_child=3 -3 5 -5 -6 -7
leaf_value=-0.047153818274757404 0.059307529899909589 -0.066375632256538572 0.027374690869384238 -0.011904882828472562 0.016972960829659624 -0.015152767191611542
leaf_weight=9.5468918499536795 16.835163759998981 9.7745275250636023 10.887080497108398 3.5165860820561639 0.82660887436941344 4.2486137412488469
leaf_count=1108 323 1226 504 277 13 359
internal_value=-9.36117e-05 -0.0288447 -0.00899243 0.0470541 -0.0393827 0.0149053
internal_weight=55.6355 35.2837 25.5092 20.3517 10.3735 15.1357
internal_count=3810 3210 1984 600 1121 863
is_linear=0
shrinkage=0.05


Tree=5
num_leaves=7
num_cat=0
split_feature=53 29 40 34 32 32
split_gain=31.4682 10.6707 8.50197 6.86328 2.4182 1.43418
threshold=-0.37550111484765819 -0.22340560881047963 -0.40348984174063979 0.12878860272707729 -0.9683375667278471 1.4255095215080067
decision_type=2 2 2 2 2 2
left_child=1 2 -1 -2 -4 -5
right_child=3 -3 4 5 -6 -7
leaf_value=-0.038961143722437759 0.060065864968783148 -0.050691648636703925 -0.017431790189826817 -0.018569912714805577 0.031460051897576412 0.017268935821885
leaf_weight=5.2850952576845911 15.437284740619363 18.735931137111038 1.0855385134927917 3.1204234887845805 10.68999871611595 2.181679897941649
leaf_count=623 255 2078 127 275 432 84
internal_value=0.000304365 -0.0274549 0.00182811 0.0456321 0.0243287 -0.00291175
internal_weight=56.536 35.7966 17.0606 20.7394 11.7755 5.3021
internal_count=3874 3260 1182 614 559 359
is_linear=0
shrinkage=0.05


Tree=6
num_leaves=7
num_cat=0
split_feature=53 40 34 34 11 44
split_gain=30.5949 9.79546 11.6319 6.66214 5.13823 1.90741
threshold=-0.37550111484765819 -0.3739466090575933 0.51234071269519299 0.16578641759841248 -0.27266958196428587 -0.38067252838937005
decision_type=2 2 2 2 2 2
left_child=1 -1 4 -2 5 -3
right_child=3 2 -4 -5 -6 -7
leaf_value=-0.060018037107798287 0.057720609912885093 -0.0098214665351592269 -0.051535868030129245 -0.0058078288338191042 -0.023333876634402041 0.03576413485312735
leaf_weight=12.088541702367364 15.536136363632979 1.4102776986546839 6.6267779278568915 4.6487036948092273 3.8641578555107143 11.312905394006519
leaf_count=1547 265 126 800 331 379 427
internal_value=-0.00115937 -0.0285438 -0.00716097 0.0442313 0.0157452 0.0298014
internal_weight=55.4875 35.3027 23.2141 20.1848 16.5873 12.7232
internal_count=3875 3279 1732 596 932 553
is_linear=0
shrinkage=0.05


Tree=7
num_leaves=7
num_cat=0
split_feature=60 36 40 34 43 31
split_gain=27.6604 9.84816 8.13459 6.8392 2.15096 1.59072
threshold=-0.30773570501821523 1.0000000180025095e-35 -0.29120662631728461 0.2810436512347893 0.18227672519611035 -0.20292467538032102
decision_type=2 2 2 2 2 2
left_child=1 -1 4 -2 -3 -4
right_child=3 2 5 -5 -6 -7
leaf_value=-0.049334637246417318 0.056112680587006684 -0.043680136421172744 -0.0090364388086679858 -0.010121403535043596 0.0057254185827236969 0.034700445068651026
leaf_weight=17.760778701864183 15.921034378465267 5.0991882719099548 1.2399815460667003 3.874106789007782 2.1616677045822144 8.4461729633621854
leaf_count=2004 285 654 116 301 142 292
internal_value=4.45349e-05 -0.0262432 0.0017372 0.0435239 -0.0315978 0.0282886
internal_weight=54.5029 34.7078 16.947 19.7951 7.26086 9.68615
internal_count=3794 3208 1204 586 796 408
is_linear=0
shrinkage=0.05


Tree=8
num_leaves=7
num_cat=0
split_feature=60 31 10 34 12 45
split_gain=25.8169 9.08869 7.04473 5.68058 3.99163 2.90291
threshold=-0.081495022299884395 0.22772586004729609 -0.10450596768587418 0.43748153074545987 0.61023881920827894 0.33873849255885841
decision_type=2 2 2 2 2 2
left_child=1 4 5 -2 -1 -3
right_child=3 2 -4 -5 -6 -7
leaf_value=-0.052506493365829791 0.053335285217092347 -0.0046671605378650711 -0.03856524746785972 -0.011036113706711407 0.008169599133703933 0.039341428189715949
leaf_weight=18.078717047814283 15.354294504970314 5.3044076380319876 4.0093644792214027 3.0937352194450787 2.2614410561509422 6.332408782094717
leaf_count=2158 282 403 472 246 143 166
internal_value=-0.00163719 -0.0257965 0.00311455 0.0425065 -0.0455775 0.022436
internal_weight=54.4344 35.9863 15.6462 18.448 20.3402 11.6368
internal_count=3870 3342 1041 528 2301 569
is_linear=0
shrinkage=0.05


Tree=9
num_leaves=7
num_cat=0
split_feature=53 40 36 9 34 33
split_gain=24.238 9.7837 13.3493 4.7956 2.43444 2.16431
threshold=-0.2485865636087396 -0.40348984174063979 -0.55793768978440972 -0.68344769052752297 0.51234071269519299 -0.16605807570831313
decision_type=2 2 2 2 2 2
left_child=1 -1 -3 -2 -4 -5
right_child=3 2 4 5 -6 -7
leaf_value=-0.05520968666183565 -0.016849779719474389 -0.045569867827454369 0.029060370582040182 0.054702579228015462 -0.016891785771919788 0.0008796037648099869
leaf_weight=11.034906032029538 1.6444237381219888 8.2351606753654796 14.812258074060084 16.575971355196096 1.4106719740666438 2.1742920977994755
leaf_count=1452 158 975 655 290 160 141
internal_value=0.00260545 -0.0219188 -0.00250775 0.0426229 0.023052 0.0494434
internal_weight=55.8877 35.493 24.4581 20.3947 16.2229 18.7503
internal_count=3831 3242 1790 589 815 431
is_linear=0
shrinkage=0.05


Tree=10
num_leaves=7
num_cat=0
split_feature=53 29 32 49 9 28
split_gain=19.876 8.73933 7.97432 4.49876 3.44517 1.63689
threshold=-0.27617693850284059 0.13523825040111007 0.52730864186528514 -0.3563589200727057 -0.68344769052752297 -0.40068149616468246
decision_type=2 2 2 2 2 2
left_child=1 2 3 -1 -2 -6
right_child=4 -3 -4 -5 5 -7
leaf_value=-0.037779613283278002 -0.011801866685457421 -0.048533913676594771 0.031860475212342261 0.018219218281144978 0.050996160784416204 0.0051646684670644226
leaf_weight=9.5141607639379817 1.8768128384836043 14.356653086841105 8.181076137814669 2.9477329817600539 13.360902043525133 3.038261549547312
leaf_count=1068 159 1725 295 157 239 181
internal_value=-0.000756912 -0.0223836 -0.000346095 -0.0235687 0.0379759 0.0446168
internal_weight=53.2756 34.9996 20.643 12.4619 18.276 16.3992
internal_count=3824 3245 1520 1225 579 420
is_linear=0
shrinkage=0.05


Tree=11
num_leaves=7
num_cat=0
split_feature=60 9 9 62 29 45
split_gain=20.4194 7.15527 4.80607 3.32054 2.96588 2.55275
threshold=-0.30773570501821523 0.53051346393952736 -0.68344769052752297 1.0156809103092688 -0.22340560881047963 -0.65371284073979274
decision_type=2 2 2 2 2 2
left_child=1 3 -2 -1 5 -3
right_child=2 4 -4 -5 -6 -7
leaf_value=-0.055217398830454359 -0.018112036123288624 -0.022624200437363132 0.044967407814262228 -0.0038413704463770857 -0.024421513118824876 0.023262226119584908
leaf_weight=12.916750974953176 1.9024874111637498 1.3845011857338239 16.417382018174976 4.5093815037980667 4.8551774695515624 9.6926405224949104
leaf_count=1674 181 189 414 393 510 450
internal_value=-0.00217901 -0.0248498 0.0367899 -0.0444395 0.000223318 0.0139278
internal_weight=51.6783 33.3585 18.3199 17.4261 15.9323 11.0771
internal_count=3811 3216 595 2067 1149 639
is_linear=0
shrinkage=0.05


Tree=12
num_leaves=7
num_cat=0
split_feature=53 28 40 9 31 40
split_gain=17.4609 8.9207 7.67662 3.19838 2.20802 1.92493
threshold=-0.37550111484765819 -0.57987508747955385 -0.40348984174063979 -0.68344769052752297 0.042050282721228953 0.55508235946912399
decision_type=2 2 2 2 2 2
left_child=1 2 -1 -2 -4 -3
right_child=3 5 4 -5 -6 -7
leaf_value=-0.032032060005319156 -0.01093917562742913 -0.050249338211452492 -0.0075992115327191681 0.043651593739006775 0.037337775842390619 -0.0095930925209712463
leaf_weight=5.3933000518009093 1.8884945991449082 12.452190573327245 2.3852298040874294 16.687787219882011 9.0282980315387231 5.6527383881621054
leaf_count=670 160 1591 207 421 265 498
internal_value=0.00151873 -0.0189951 0.00703453 0.0373525 0.0283197 -0.0407236
internal_weight=53.488 34.9118 16.8068 18.5763 11.4135 18.1049
internal_count=3812 3231 1142 581 472 2089
is_linear=0
shrinkage=0.05


Tree=13
num_leaves=7
num_cat=0
split_feature=60 9 40 34 33 56
split_gain=20.194 8.34541 5.22773 4.79357 2.87719 3.2441
threshold=-0.30773570501821523 0.33526911502054441 0.18318890711151428 0.1552888610813086 -0.816336213708173 2.547335902550079
decision_type=2 2 2 2 2 2
left_child=1 -1 4 -2 -3 -6
right_child=3 2 -4 -5 5 -7
leaf_value=-0.050730501074092729 0.047427451607679506 0.017837333368787078 0.025167447335823562 -0.0055361664306192819 -0.04344940495524189 0.015216604798257269
leaf_weight=14.734677357599137 13.884886666666718 1.6404114919714636 7.2996520888991645 4.9440808445215216 7.2868626131676137 1.4120675958693025
leaf_count=1896 269 53 310 352 903 48
internal_value=-0.00333369 -0.0265034 -0.00183308 0.0346708 -0.0222686 -0.0324663
internal_weight=51.2026 32.3737 17.639 18.829 10.3393 8.69893
internal_count=3831 3210 1314 621 1004 951
is_linear=0
shrinkage=0.05


Tree=14
num_leaves=7
num_cat=0
split_feature=36 50 34 47 47 27
split_gain=18.2716 7.09589 5.0142 4.85389 4.32475 2.8966
threshold=0.25993761738909343 1.389121929339231 0.67725219823766469 0.96527274207848213 0.96527274207848213 1.0000000180025095e-35
decision_type=2 2 2 2 2 2
left_child=2 3 4 -2 5 -1
right_child=1 -3 -4 -5 -6 -7
leaf_value=-0.015250929814350972 0.048632125540066323 -0.030117518064413047 -0.05297180797557343 0.0013986885599066999 -0.035038453375613461 0.028485472169673749
leaf_weight=4.0991673204116541 16.739462103229023 2.5050675608217707 9.5043353396467847 7.7587879700586191 5.5575339663773766 5.8722519688308239
leaf_count=408 388 350 1251 521 672 241
internal_value=-0.000155122 0.0269711 -0.029171 0.0354575 -0.00838587 0.0111369
internal_weight=52.0366 27.0033 25.0333 24.4983 15.529 9.97142
internal_count=3831 1259 2572 909 1321 649
is_linear=0
shrinkage=0.05


Tree=15
num_leaves=7
num_cat=0
split_feature=34 27 12 39 45 10
split_gain=13.9416 9.37227 4.61973 3.36638 3.14548 2.11899
threshold=0.59634815083849435 -0.010907381447977423 0.61023881920827894 1.2922961121101675 -0.82757744464061622 0.18527815824312863
decision_type=2 2 2 2 2 2
left_child=1 2 -1 4 -3 -6
right_child=-2 3 -4 -5 5 -7
leaf_value=-0.030699404468800193 -0.041965605818253197 -0.017217646864601161 0.022020457956160321 -0.021126591604901584 0.042644490369832852 -0.0082064556189300666
leaf_weight=10.640632637776433 11.690569299273191 1.0515939597971797 3.4820858840830615 0.96980349719524284 22.448850261513147 1.2742009726352979
leaf_count=1188 1426 135 145 121 691 122
internal_value=7.38747e-05 0.0144756 -0.0161202 0.0311904 0.035299 0.0392986
internal_weight=51.5577 39.8672 14.1227 25.7444 24.7746 23.7231
internal_count=3828 2402 1333 1069 948 813
is_linear=0
shrinkage=0.05


Tree=16
num_leaves=7
num_cat=0
split_feature=36 40 47 44 37 59
split_gain=13.8731 7.43799 4.26003 3.67109 3.23204 3.06106
threshold=-0.55793768978440972 -0.66333146034774104 0.96527274207848213 0.22815586089137521 0.64561799580147494 1.0000000180025095e-35
decision_type=2 2 2 2 2 2
left_child=-1 5 4 -4 -3 -2
right_child=1 2 3 -5 -6 -7
leaf_value=-0.040753667234823238 0.011101377082012925 0.044949742622659369 -0.0291268108747476 0.019725354732979063 -0.0034226268979508042 -0.043890777466996975
leaf_weight=13.907574549783019 2.3740913085639477 15.561972396913918 3.9867065236903745 5.5907225729897618 3.7460481207817784 4.146833381149917
leaf_count=1684 102 441 440 251 269 618
internal_value=-0.00317018 0.0136228 0.0243754 -0.00270687 0.0363666 -0.0266802
internal_weight=49.3139 35.4064 28.8854 9.57743 19.308 6.52092
internal_count=3805 2121 1401 691 710 720
is_linear=0
shrinkage=0.05


Tree=17
num_leaves=7
num_cat=0
split_feature=60 40 34 34 61 45
split_gain=13.5671 6.21719 7.0696 5.57076 2.18592 1.67365
threshold=-0.30773570501821523 0.02491332553544914 0.56604286557189354 0.014502865323646252 0.9634993813217585 1.5576469256002194
decision_type=2 2 2 2 2 2
left_child=1 -1 5 -2 -5 -3
right_child=3 2 -4 4 -6 -7
leaf_value=-0.035823006508124797 0.046069823434408311 0.029590700993682901 -0.038241983869056778 -0.028834164252994926 0.017571722625779711 -0.013466377799422891
leaf_weight=17.968624131288379 13.568868650123479 10.621280845720317 3.6527996989898375 2.7380922352895132 1.9070894941687582 0.90856948075816113
leaf_count=2135 245 461 515 285 73 103
internal_value=0.000532533 -0.0181224 0.00528046 0.0322474 -0.010363 0.0241179
internal_weight=51.3653 33.1513 15.1827 18.2141 4.64518 11.5299
internal_count=3817 3214 1079 603 358 564
is_linear=0
shrinkage=0.05


Tree=18
num_leaves=7
num_cat=0
split_feature=53 28 31 1 45 44
split_gain=14.8411 5.47677 4.92997 2.59102 1.76049 1.53362
threshold=-0.37550111484765819 -0.57987508747955385 0.042050282721228953 -0.35644798572881103 -0.72548612918283728 0.44089436147935102
decision_type=2 2 2 2 2 2
left_child=1 2 -1 -2 -4 -3
right_child=3 5 4 -5 -6 -7
leaf_value=-0.028902905449470009 -0.0050333367964530721 -0.044886756989834707 -0.016232812775991451 0.0408204245275198 0.026907614143926908 -0.0067868920177774732
leaf_weight=5.0455634109675875 2.9791952525265541 12.113470284733923 0.81380605138838191 15.035708449315278 9.575312066357581 4.669632483739405
leaf_count=623 206 1641 126 393 381 436
internal_value=0.000368289 -0.0194937 0.00238261 0.0336014 0.0206483 -0.0369228
internal_weight=50.2327 32.2178 15.4347 18.0149 10.3891 16.7831
internal_count=3806 3207 1130 599 507 2077
is_linear=0
shrinkage=0.05


Tree=19
num_leaves=7
num_cat=0
split_feature=60 44 6 9 32 12
split_gain=13.3637 5.5013 4.76369 4.25739 2.74853 2.31583
threshold=-0.21932604002723152 0.22815586089137521 0.46716191415510072 -0.68344769052752297 0.44911825748342143 1.0586036659361009
decision_type=2 2 2 2 2 2
left_child=1 4 -3 -2 5 -1
right_child=3 2 -4 -5 -6 -7
leaf_value=-0.048754678848828878 -0.020822013714695577 0.021551400800327605 -0.033832988879788799 0.040636449249063331 -0.0043152707097601165 0.0090272973920036328
leaf_weight=12.350863303057851 1.4267339347861732 10.746356930118052 2.4854477117769411 15.649868138600139 7.1245669438503674 1.0021880180574942
leaf_count=1746 161 552 362 389 608 55
internal_value=0.000378674 -0.0175792 0.00681774 0.0331575 -0.0322004 -0.0435575
internal_weight=50.786 33.7094 13.2318 17.0766 20.4776 13.3531
internal_count=3873 3323 914 550 2409 1801
is_linear=0
shrinkage=0.05


Tree=20
num_leaves=7
num_cat=0
split_feature=53 36 40 1 33 29
split_gain=10.231 4.93142 6.3141 2.44758 1.89298 1.4453
threshold=-0.37550111484765819 -0.55793768978440972 -0.40348984174063979 -0.35644798572881103 0.31567638527520453 0.63849616868307091
decision_type=2 2 2 2 2 2
left_child=1 -1 -3 -2 -5 -4
right_child=3 2 5 4 -6 -7
leaf_value=-0.040252101853060301 -0.0078272181210753029 -0.032416741495616179 0.021517984808054905 0.041496134565723743 -0.0053582721687624917 -0.015243436138152103
leaf_weight=10.56379400892183 2.8214364051818874 7.3579898108728239 13.532001033890991 12.234716492705045 1.7717516343109299 0.98527562106028277
leaf_count=1473 212 975 674 271 129 132
internal_value=-0.00049189 -0.0165568 -0.00163963 0.0282959 0.0356696 0.0168397
internal_weight=49.267 32.4391 21.8753 16.8279 14.0065 14.5173
internal_count=3866 3254 1781 612 400 806
is_linear=0
shrinkage=0.05


Tree=21
num_leaves=7
num_cat=0
split_feature=53 44 6 9 12 35
split_gain=12.076 5.37895 3.3741 2.88879 2.05254 1.87746
threshold=-0.37550111484765819 0.22815586089137521 0.46716191415510072 -1.0374736551091293 1.252925396848606 0.91800142075066471
decision_type=2 2 2 2 2 2
left_child=1 4 -3 -2 -1 -5
right_child=3 2 -4 5 -6 -7
leaf_value=-0.037597155596145258 -0.01848218711123964 0.018881515804634097 -0.027042674254612223 0.040185000067080881 0.012464370773411041 -0.0068836267385564715
leaf_weight=17.413095988333232 0.9686480700038399 10.257646890357135 2.8105017044581464 15.033480830956252 0.861139927059411 1.4971642591990519
leaf_count=2240 118 544 388 363 35 118
internal_value=-0.000111597 -0.0182327 0.00579986 0.030263 -0.0338131 0.0355195
internal_weight=48.8417 31.3424 13.0681 17.4993 18.2742 16.5306
internal_count=3806 3207 932 599 2275 481
is_linear=0
shrinkage=0.05


Tree=22
num_leaves=7
num_cat=0
split_feature=36 50 47 60 33 37
split_gain=11.3514 5.10047 3.92915 3.77198 2.89272 1.58586
threshold=-0.046571584977188711 1.389121929339231 0.96527274207848213 -0.081495022299884395 -0.80651447542027765 0.61000522470536278
decision_type=2 2 2 2 2 2
left_child=3 2 5 -1 -4 -2
right_child=1 -3 4 -5 -6 -7
leaf_value=-0.037168460058414871 0.044992416257375129 -0.026378239425446814 0.021919869467102018 0.0076728296463893664 -0.022094581875622174 0.0017823216483528134
leaf_weight=15.617211334872993 13.813667410053322 2.9032323756255201 4.3404586333781525 5.0648932014591983 4.5975916176102993 2.7214354448951772
leaf_count=2052 315 412 145 285 484 170
internal_value=-0.000501132 0.0192503 0.026682 -0.0266063 -0.000583321 0.0392465
internal_weight=49.0585 28.3764 25.4732 20.6821 8.93805 16.5351
internal_count=3863 1526 1114 2337 629 485
is_linear=0
shrinkage=0.05


Tree=23
num_leaves=7
num_cat=0
split_feature=34 27 59 49 34 32
split_gain=12.3864 7.27043 3.17699 4.0522 2.1897 2.4445
threshold=0.60838390972442824 -0.45306370920020173 1.0000000180025095e-35 -0.3563589200727057 -1.4189937984001477 -0.9683375667278471
decision_type=2 2 2 2 2 2
left_child=1 4 -3 -4 5 -1
right_child=-2 2 3 -5 -6 -7
leaf_value=-0.021884841849671141 -0.041491941182441185 0.042355422779265531 -0.010439173586555134 0.03213642389969517 -0.036679709965314715 0.027931126224681704
leaf_weight=1.8144549275748434 9.9671561764553172 12.634337587282063 10.233208466786893 7.0376685322262338 4.7124742339365167 2.1505158618092537
leaf_count=265 1382 263 891 281 647 46
internal_value=0.00124544 0.0144828 0.0257294 0.00909832 -0.0209288 0.0055271
internal_weight=48.5498 38.5827 29.9052 17.2709 8.67745 3.96497
internal_count=3775 2393 1435 1172 958 311
is_linear=0
shrinkage=0.05


Tree=24
num_leaves=7
num_cat=0
split_feature=60 49 33 34 34 61
split_gain=10.4762 3.89145 6.31689 6.09832 3.09422 2.08058
threshold=-0.30334261672897295 -0.3563589200727057 -0.80497422098742388 0.51234071269519299 0.14141805375536687 0.9634993813217585
decision_type=2 2 2 2 2 2
left_child=1 2 -1 -3 -2 -6
right_child=4 3 -4 -5 5 -7
leaf_value=0.013022974100975191 0.039867053100826388 0.029656048355422262 -0.042860605302936894 -0.032555041618112672 -0.023668152200832421 0.020527821249937503
leaf_weight=5.4847026974894133 12.804206306580456 7.3264745431952196 14.506631249561904 3.4503653072752059 2.6789638958871356 2.0741799827665091
leaf_count=296 272 339 2031 523 272 70
internal_value=0.00109536 -0.0160979 -0.02783 0.0069864 0.0291778 -0.00390148
internal_weight=48.3255 30.7682 19.9913 10.7768 17.5574 4.75314
internal_count=3803 3189 2327 862 614 342
is_linear=0
shrinkage=0.05


Tree=25
num_leaves=7
num_cat=0
split_feature=53 40 34 10 33 42
split_gain=10.0891 5.23671 5.31096 1.89105 1.70753 1.35162
threshold=-0.2485865636087396 -0.40348984174063979 0.56604286557189354 0.35124439197385032 0.31567638527520453 -1.1302968424630679
decision_type=2 2 2 2 2 2
left_child=1 -1 3 5 -2 -3
right_child=4 2 -4 -5 -6 -7
leaf_value=-0.040142499653064628 0.035190455650450883 -0.0087251930300106285 -0.033299365548069032 -0.017225977787061104 -0.0058190820328350643 0.026100537275348973
leaf_weight=9.5675432230345923 15.101916282437744 1.8636058983393073 5.1576443598605684 1.6232718070968974 2.0518857347778967 12.564002798870204
leaf_count=1447 416 163 788 208 161 596
internal_value=0.00227043 -0.0145661 0.000516685 0.0149155 0.030149 0.0208745
internal_weight=47.9299 30.7761 21.2085 16.0509 17.1538 14.4276
internal_count=3779 3202 1755 967 577 759
is_linear=0
shrinkage=0.05


Tree=26
num_leaves=7
num_cat=0
split_feature=15 1 24 34 9 12
split_gain=8.67668 6.71016 3.96657 3.62553 1.64018 1.89943
threshold=0.80329679500201812 -0.88952874054449838 2.2000423665149569 0.4279554704613015 1.4119201568645476 0.81937059812264501
decision_type=2 2 2 2 2 2
left_child=1 -1 3 -3 5 -2
right_child=4 2 -4 -5 -6 -7
leaf_value=-0.034510151534571751 -0.036968617249073174 0.036400945220612373 -0.021660380616425362 -0.0099495017386901138 0.011380893428985865 0.010124834360156043
leaf_weight=3.3523076316341784 13.901437263935803 20.883413108997054 2.2690351139754048 3.7753501334227613 0.95256869262084443 1.1726087178103632
leaf_count=521 1766 701 328 422 23 58
internal_value=-0.00139886 0.0140811 0.0229833 0.0289951 -0.0282547 -0.0322327
internal_weight=46.3067 30.2801 26.9278 24.6588 16.0266 15.074
internal_count=3819 1972 1451 1123 1847 1824
is_linear=0
shrinkage=0.05


Tree=27
num_leaves=7
num_cat=0
split_feature=60 36 40 6 11 12
split_gain=8.71816 5.02914 4.23354 2.63617 1.76094 1.79615
threshold=-0.21932604002723152 -0.51245051994275925 -0.67684099483737203 0.89693784340888094 -0.059043612628163926 -0.22052200158636767
decision_type=2 2 2 2 2 2
left_child=1 -1 -3 -2 5 -4
right_child=3 2 4 -5 -6 -7
leaf_value=-0.038149129165182469 0.034296957559521467 -0.03261213774876344 -0.004949045684462812 -0.017774921032638297 -0.01469716404878162 0.028437103306927371
leaf_weight=9.8212947603315133 15.002139252610501 3.9485497791320112 4.65660484367982 0.93459105584770519 2.5810483004897806 10.271643005311487
leaf_count=1519 427 610 322 114 304 498
internal_value=0.00177716 -0.0133679 0.00126264 0.0289111 0.0125547 0.0189374
internal_weight=47.2159 31.2791 21.4578 15.9367 17.5093 14.9282
internal_count=3794 3253 1734 541 1124 820
is_linear=0
shrinkage=0.05


Tree=28
num_leaves=7
num_cat=0
split_feature=53 40 36 36 37 35
split_gain=8.44907 3.62331 4.04085 1.80096 1.31696 1.34483
threshold=-0.37550111484765819 -0.34273111792078942 -0.51245051994275925 -0.74344568923169252 0.64561799580147494 -0.42927036534513535
decision_type=2 2 2 2 2 2
left_child=1 -1 -3 -2 5 -4
right_child=3 2 4 -5 -6 -7
leaf_value=-0.034840294813984568 -0.0080471884490018759 -0.026819827506397737 -0.0029486728419281039 0.032187627459094557 -0.011695889542939104 0.03026857670878156
leaf_weight=10.671597569715233 2.0735294455662396 6.3789660474285528 3.6485953708179286 14.125264405272899 1.9076702552847571 7.1524654673412398
leaf_count=1590 178 931 253 417 185 254
internal_value=0.000261976 -0.0151886 -0.000961878 0.0265847 0.0146604 0.0208459
internal_weight=45.9581 29.7593 19.0877 16.1988 12.7087 10.8011
internal_count=3808 3213 1623 595 692 507
is_linear=0
shrinkage=0.05


Tree=29
num_leaves=7
num_cat=0
split_feature=16 55 34 32 12 27
split_gain=7.94554 4.17797 2.74177 2.03808 1.56782 1.54289
threshold=-0.36831867093583637 1.0000000180025095e-35 0.25556886112644456 0.76651955884756473 -0.19788989574092447 0.4942103590471707
decision_type=2 2 2 2 2 2
left_child=1 3 -2 -1 -3 -5
right_child=2 4 -4 5 -6 -7
leaf_value=-0.035494103215054806 0.027638704300649748 -0.014765043911321732 -0.015301219728171318 0.021828479035726985 0.026918406295305876 -0.015864485304966851
leaf_weight=15.839430731721228 17.104267717804763 1.0830203532241283 2.5337396906688801 1.692079375963657 3.9088903218507758 3.442769184242934
leaf_count=2233 713 99 298 65 99 362
internal_value=-0.00147736 -0.0187387 0.020805 -0.0278832 0.0157272 2.57828e-05
internal_weight=45.6042 25.9662 19.638 20.9743 4.99191 5.13485
internal_count=3869 2858 1011 2660 198 427
is_linear=0
shrinkage=0.05


Tree=30
num_leaves=7
num_cat=0
split_feature=53 49 34 62 34 39
split_gain=6.08467 3.45093 4.5854 3.11651 2.47345 1.57781
threshold=-0.37550111484765819 -0.3563589200727057 0.51234071269519299 -1.8411760999547166 0.29558910872249838 -0.48277977863982946
decision_type=2 2 2 2 2 2
left_child=1 3 -3 -1 -2 -6
right_child=4 2 -4 -5 5 -7
leaf_value=0.011934129240760689 0.032197833270387603 0.02649748184162054 -0.027901638003693881 -0.033566627356306292 0.012265868940686563 -0.027691305028024291
leaf_weight=3.0822703228332129 11.24215376190841 7.4711287077516335 3.2661318792961538 15.731363724917172 2.8879529535770407 1.4520885464735327
leaf_count=144 301 353 525 2197 148 178
internal_value=-0.000956425 -0.0139332 0.00747043 -0.0254961 0.0219298 -0.00695681
internal_weight=45.1331 29.5509 10.7373 18.8136 15.5822 4.34004
internal_count=3846 3219 878 2341 627 326
is_linear=0
shrinkage=0.05


Tree=31
num_leaves=7
num_cat=0
split_feature=60 40 34 39 9 62
split_gain=5.953 4.30087 3.18037 2.00711 2.00031 1.36828
threshold=-0.20779548606225443 -0.34273111792078942 0.64613733277694296 1.3127860525258721 -1.0720998133488908 0.56828938797023121
decision_type=2 2 2 2 2 2
left_child=1 -1 3 -3 -2 -6
right_child=4 2 -4 -5 5 -7
leaf_value=-0.036346679691612059 -0.017307981378480785 0.019284445998635373 -0.028075632314913907 -0.018113721372658979 0.034324296014118294 -0.0022860640349746486
leaf_weight=10.65912229428068 0.8753835014067598 12.547843248117717 4.0008742148056617 2.1010728920809916 9.8612349145114369 2.7376614180393526
leaf_count=1635 109 695 674 240 270 166
internal_value=-0.0027155 -0.0150295 0.00050246 0.0117533 0.0219288 0.0274594
internal_weight=42.7832 29.3089 18.6498 14.6489 13.4743 12.5989
internal_count=3789 3244 1609 935 545 436
is_linear=0
shrinkage=0.05


Tree=32
num_leaves=7
num_cat=0
split_feature=60 40 34 34 35 33
split_gain=6.79277 4.09861 3.80575 3.00676 3.50251 1.49849
threshold=-0.30773570501821523 -0.34273111792078942 0.1552888610813086 0.56604286557189354 -0.29822520775630351 -0.81468718654458594
decision_type=2 2 2 2 2 2
left_child=1 -1 -2 4 5 -3
right_child=2 3 -4 -5 -6 -7
leaf_value=-0.039626478761346312 0.034260341736015935 0.01182243925830604 -0.013736505441723685 -0.029086775020691288 0.025494696651974041 -0.02910663570676841
leaf_weight=9.7684025852940994 10.631101528182624 1.3782984362915156 3.9951914404518893 4.2027449645102015 8.9348723287694156 3.6871980214491495
leaf_count=1605 261 47 340 715 436 432
internal_value=-0.00401683 -0.0178898 0.0210434 -0.00226893 0.00949369 -0.0177149
internal_weight=42.5978 27.9715 14.6263 18.2031 14.0004 5.0655
internal_count=3836 3235 601 1630 915 479
is_linear=0
shrinkage=0.05


Tree=33
num_leaves=7
num_cat=0
split_feature=53 40 34 39 34 45
split_gain=6.85356 2.55868 2.7163 3.06918 1.93295 1.41485
threshold=-0.37550111484765819 -0.40348984174063979 0.64613733277694296 0.29691637507356522 -0.018851838674143948 -0.3563053704301527
decision_type=2 2 2 2 2 2
left_child=1 -1 3 -3 -2 -5
right_child=4 2 -4 5 -6 -7
leaf_value=-0.033894640478459824 0.033917233466180606 0.023107604770877324 -0.028898581522732059 0.011121688351284163 -0.0011035540457125525 -0.026823596289650593
leaf_weight=8.5406708046793955 9.9186617205850762 8.9511659080162662 4.2660610415041438 1.6935210200026629 5.4042322044260791 4.2784804468974462
leaf_count=1432 230 493 745 89 366 458
internal_value=-0.000849619 -0.0152301 -0.00346345 0.00742769 0.0234074 -0.0159424
internal_weight=43.0528 27.7299 19.1892 14.9232 15.3229 5.972
internal_count=3813 3217 1785 1040 596 547
is_linear=0
shrinkage=0.05


Tree=34
num_leaves=7
num_cat=0
split_feature=10 40 11 47 34 54
split_gain=6.43347 5.12432 3.26777 2.35614 1.78131 1.615
threshold=0.21834575952671012 -0.66333146034774104 0.70015887707836511 0.96527274207848213 0.56604286557189354 2.4915317781806783
decision_type=2 2 2 2 2 2
left_child=1 5 3 4 -3 -1
right_child=-2 2 -4 -5 -6 -7
leaf_value=-0.035964364897875793 -0.03223280046848561 0.038370913377358561 -0.020588852235740248 0.0025764617798691635 -0.0069067376436265232 0.0076846305205832827
leaf_weight=4.0427528270520261 8.6759654330089671 15.57374369399623 2.3848152328282586 9.3023117012344283 1.5217898772098113 1.7428562231361864
leaf_count=728 1310 496 361 672 164 70
internal_value=0.000196778 0.01026 0.0189503 0.0242588 0.0339111 -0.0246814
internal_weight=43.2442 34.5683 28.7827 26.3978 17.0955 5.78561
internal_count=3801 2491 1693 1332 660 798
is_linear=0
shrinkage=0.05


Tree=35
num_leaves=7
num_cat=0
split_feature=36 22 60 31 62 61
split_gain=6.25708 2.91728 1.99498 1.87684 1.55174 1.45934
threshold=0.14056711618106668 -1.6820387148953533 -0.081495022299884395 -0.33472798316690322 1.0921420116228038 -1.7158520877577599
decision_type=2 2 2 2 2 2
left_child=2 -2 4 -3 -1 -5
right_child=1 3 -4 5 -6 -7
leaf_value=-0.034933085518599825 -0.018887554927576052 -0.0097130491701236665 0.004382271755561308 -0.012047182500218233 0.0025741365849609077 0.030723587834056751
leaf_weight=11.730818206444384 2.8470244831405607 2.4612633371725741 5.3605162934400132 0.65052954992280021 2.9104240597225717 17.024525181855999
leaf_count=1808 439 227 315 72 350 624
internal_value=-0.00119551 0.0156933 -0.0201176 0.0223977 -0.0283075 0.0276298
internal_weight=42.9851 22.9833 20.0018 20.1363 14.6412 17.6751
internal_count=3835 1362 2473 923 2158 696
is_linear=0
shrinkage=0.05


Tree=36
num_leaves=7
num_cat=0
split_feature=15 15 32 60 44 60
split_gain=5.76882 4.37199 3.42812 2.03636 1.80583 3.15434
threshold=0.80329679500201812 -0.80649847674524766 0.52730864186528514 2.7685096265098665 0.44089436147935102 -0.16386328388448143
decision_type=2 2 2 2 2 2
left_child=1 2 4 -2 5 -1
right_child=3 -3 -4 -5 -6 -7
leaf_value=-0.038669563092910982 -0.02838920502027574 0.049655978080067963 0.020061989243578826 0.011512825458227434 0.012525599875468682 0.011924900759804192
leaf_weight=6.0499982782639581 12.941839619306846 3.7334858179092434 11.925600375048814 2.2494399715214959 2.7886893148533991 2.9451507721096277
leaf_count=1031 1755 65 554 83 181 124
internal_value=0.000769104 0.0140341 0.00347742 -0.0215565 -0.0139718 -0.0232648
internal_weight=42.6342 27.4429 23.7094 15.1913 11.7838 8.99515
internal_count=3793 1955 1890 1838 1336 1155
is_linear=0
shrinkage=0.05


Tree=37
num_leaves=7
num_cat=0
split_feature=53 16 16 6 12 33
split_gain=6.14187 3.74313 2.65368 2.2877 2.13051 1.79273
threshold=-0.2485865636087396 -0.36831867093583637 1.4689526365835628 -1.1086831597754263 0.61023881920827894 0.31567638527520453
decision_type=2 2 2 2 2 2
left_child=1 4 -3 -4 -1 -2
right_child=5 2 3 -5 -6 -7
leaf_value=-0.032766564882519687 0.028539487169826558 0.038585089614393178 0.016570557839419946 -0.022740277888532074 0.011735065679239428 -0.010957767725801561
leaf_weight=15.339629937661813 12.832449547713621 1.6473819352686412 3.8464579996652892 5.3512765136547396 1.6034235055558372 1.844582603778689
leaf_count=2335 408 25 189 593 105 168
internal_value=-0.000995972 -0.0144226 0.00742926 -0.00626844 -0.0274233 0.0225583
internal_weight=42.4652 27.7882 10.8451 9.19773 16.9431 14.677
internal_count=3823 3247 807 782 2440 576
is_linear=0
shrinkage=0.05


Tree=38
num_leaves=7
num_cat=0
split_feature=47 27 33 33 50 39
split_gain=5.96602 4.72748 4.89815 3.73403 2.84382 2.02282
threshold=0.96527274207848213 -0.49416627191385354 0.27833611290511756 -0.80497422098742388 1.389121929339231 -1.3660040523483634
decision_type=2 2 2 2 2 2
left_child=1 -1 4 -2 5 -3
right_child=3 2 -4 -5 -6 -7
leaf_value=-0.021871291283729926 0.010517576719943762 -0.010106945349751168 -0.019683425784913906 -0.040311768360482142 -0.014042423818127446 0.039782937108071341
leaf_weight=5.6551459082402316 3.7356908940710118 1.0687328125350273 3.9034604909829786 8.624296587193383 1.6667515728622664 17.658814694033936
leaf_count=829 177 104 508 1423 253 544
internal_value=-0.000170424 0.011836 0.0212226 -0.0258954 0.0305721 0.0359335
internal_weight=42.3129 29.9529 24.2978 12.36 20.3943 18.7275
internal_count=3838 2238 1409 1600 901 648
is_linear=0
shrinkage=0.05


Tree=39
num_leaves=7
num_cat=0
split_feature=53 40 34 35 34 33
split_gain=4.68974 2.59516 2.3795 1.51221 1.66363 1.43039
threshold=-0.37550111484765819 -0.3739466090575933 0.64613733277694296 -0.30612560719058596 -1.4922608059681088 -0.816336213708173
decision_type=2 2 2 2 2 2
left_child=1 -1 3 4 -3 -6
right_child=-2 2 -4 -5 5 -7
leaf_value=-0.029654411961361482 0.021133666072497205 0.016631620759415329 -0.025067450735913811 0.020462612494622098 0.01119538429698274 -0.032462952127342425
leaf_weight=8.6948262182995695 14.812468803022055 2.0233318842947483 3.7284000322688362 8.9184965572785586 0.96387561410665501 3.0368248387239882
leaf_count=1518 613 76 709 491 23 404
internal_value=0.00081476 -0.0111847 0.000330851 0.00979983 -0.00754096 -0.0216544
internal_weight=42.1782 27.3658 18.6709 14.9425 6.02403 4.0007
internal_count=3834 3221 1703 994 503 427
is_linear=0
shrinkage=0.05


Tree=40
num_leaves=7
num_cat=0
split_feature=60 40 34 62 9 35
split_gain=5.01188 2.50035 2.42459 2.03543 1.55764 1.38022
threshold=-0.30773570501821523 0.095631978636483331 0.64613733277694296 0.6079738969293802 -1.0374736551091293 -0.077231465782659506
decision_type=2 2 2 2 2 2
left_child=1 -1 5 4 -2 -3
right_child=3 2 -4 -5 -6 -7
leaf_value=-0.025569958773858127 -0.0114966207743367 -0.0045168085727382229 -0.025944850438140911 -0.011005893877342203 0.03315543318995947 0.027932282705719597
leaf_weight=14.951200901297854 0.77574009541422029 4.4038495048880568 2.1325579984113565 2.5269586136564604 10.440636366140096 4.8062974279746404
leaf_count=2224 90 334 432 199 300 210
internal_value=-0.00153765 -0.0139131 0.00358667 0.0203898 0.0282929 0.0151191
internal_weight=40.0372 26.2939 11.3427 13.7433 11.2164 9.21015
internal_count=3789 3200 976 589 390 544
is_linear=0
shrinkage=0.05


Tree=41
num_leaves=7
num_cat=0
split_feature=15 15 44 59 32 0
split_gain=5.14111 4.04051 2.67262 2.28194 2.07941 1.46008
threshold=0.80329679500201812 -0.80649847674524766 0.22815586089137521 1.0000000180025095e-35 1.4052763245706934 -0.59462854202784665
decision_type=2 2 2 2 2 2
left_child=1 2 3 -1 -2 -4
right_child=4 -3 5 -5 -6 -7
leaf_value=0.013604550451922302 -0.028642750801229518 0.047545317156199883 -0.015580196655768925 -0.02367468921350167 0.010219039411487814 0.024335638079778326
leaf_weight=3.9555165860801962 11.983421306125818 3.6576666794717339 0.65353066893294354 8.5909193842671794 2.7939540387596926 9.8010293054394406
leaf_count=172 1710 68 107 1204 172 426
internal_value=0.000481521 0.0131953 0.00287734 -0.0115644 -0.0208106 0.0189228
internal_weight=41.436 26.6587 23.001 12.5464 14.7774 10.4546
internal_count=3859 1977 1909 1376 1882 533
is_linear=0
shrinkage=0.05


Tree=42
num_leaves=7
num_cat=0
split_feature=34 40 10 4 47 6
split_gain=5.47588 3.59827 2.577 1.76995 1.42267 1.8453
threshold=0.29558910872249838 -0.67684099483737203 0.35124439197385032 -1.2418458782578981 0.96527274207848213 -0.78090738439787677
decision_type=2 2 2 2 2 2
left_child=1 -1 3 -3 -5 -6
right_child=-2 2 -4 4 5 -7
leaf_value=-0.020205921500495903 -0.021532628162678629 -0.015269835714463885 -0.019776423237871751 0.037251742730520523 0.022850265858985048 -0.013157029053629114
leaf_weight=3.9629854310769614 13.247579512884839 0.70898472727276995 1.3507805485278357 13.922960745636374 5.3897873884998324 3.6155560081824598
leaf_count=587 1903 113 225 428 233 366
internal_value=0.00225344 0.0141374 0.0211661 0.0254696 0.0283504 0.00871844
internal_weight=42.1986 28.9511 24.9881 23.6373 22.9283 9.00534
internal_count=3855 1952 1365 1140 1027 599
is_linear=0
shrinkage=0.05


Tree=43
num_leaves=7
num_cat=0
split_feature=16 16 31 53 43 51
split_gain=3.52404 3.0912 2.76173 2.25352 2.54392 1.52777
threshold=-0.36831867093583637 1.4689526365835628 0.1011075089271263 -0.27617693850284059 0.44263762848133559 5.3364431252039042
decision_type=2 2 2 2 2 2
left_child=3 -2 -3 4 5 -1
right_child=1 2 -4 -5 -6 -7
leaf_value=-0.037631696773426149 0.043865363431571082 -0.023372511506127094 0.015397734163501875 0.0077404117781493809 0.0067877183935228765 0.010380225254528936
leaf_weight=10.563584728399292 3.1778750307857999 4.3600067219231287 9.2306473455391806 7.0076738176867357 4.2407526595052323 0.61205302923917848
leaf_count=1932 60 504 445 393 426 39
internal_value=-0.00139877 0.0145331 0.000982626 -0.0136215 -0.0230109 -0.0333619
internal_weight=39.1926 16.7685 13.5907 22.4241 15.4164 11.1756
internal_count=3799 1009 949 2790 2397 1971
is_linear=0
shrinkage=0.05


Tree=44
num_leaves=7
num_cat=0
split_feature=60 31 9 6 62 27
split_gain=4.98272 2.29175 1.84156 1.69869 1.27039 1.07284
threshold=-0.04964483536367429 0.042050282721228953 -0.68344769052752297 -0.7442331717682209 0.56828938797023121 0.5949195623542386
decision_type=2 2 2 2 2 2
left_child=1 -1 -2 5 -4 -3
right_child=2 3 4 -5 -6 -7
leaf_value=-0.027092638678555592 -0.013455133509845858 0.023812802736870184 0.034027834305070469 -0.012521672533414355 -0.0038765712600565376 -0.011275001529666847
leaf_weight=12.192737017758192 1.4409878402948386 5.2320848042145363 9.1233096201904065 8.2449928983114642 2.007244667969645 0.96478219795972098
leaf_count=2009 148 273 232 963 122 77
internal_value=-0.00160466 -0.0135346 0.0214086 0.000603145 0.0278205 0.0164541
internal_weight=39.2061 26.6346 12.5715 14.4419 11.1306 6.19687
internal_count=3824 3322 502 1313 354 350
is_linear=0
shrinkage=0.05


Tree=45
num_leaves=7
num_cat=0
split_feature=10 11 4 32 29 61
split_gain=3.91154 3.06755 2.66256 1.8706 1.84546 1.35781
threshold=0.21834575952671012 -0.025522067242219084 -1.2252803067692222 1.3308328285105542 0.13523825040111007 -1.7328820709277273
decision_type=2 2 2 2 2 2
left_child=1 2 -1 -2 5 -4
right_child=3 -3 4 -5 -6 -7
leaf_value=-0.024192072472703389 -0.036013331894727808 -0.019641400649611077 -0.012118717232705731 0.0095038631635511323 -0.0057251452430797283 0.028023111213944015
leaf_weight=1.4756130147725368 6.5307761060539615 5.7618236497510251 0.6793930777348639 1.5696524998638777 4.8839094473514697 19.007691114209592
leaf_count=289 1230 859 76 98 479 840
internal_value=-0.00123929 0.00708533 0.0144156 -0.0270085 0.0191142 0.0252185
internal_weight=39.9089 31.8084 26.0466 8.10043 24.571 19.6871
internal_count=3871 2543 1684 1328 1395 916
is_linear=0
shrinkage=0.05


Tree=46
num_leaves=7
num_cat=0
split_feature=27 15 22 33 6 32
split_gain=4.47443 3.55448 2.08203 1.56441 1.38191 1.70736
threshold=-0.87939713523939422 0.80329679500201812 -1.6820387148953533 1.0775264938589897 0.39266741975111213 0.056061700431687449
decision_type=2 2 2 2 2 2
left_child=-1 2 -2 -4 5 -3
right_child=1 4 3 -5 -6 -7
leaf_value=-0.032072077964741236 -0.01448965657779574 -0.021554937958965525 0.027467671744819622 -0.013536146867091368 -0.024736010344045819 0.016734082780545442
leaf_weight=5.1367385126650325 2.0086052548140314 1.5638153667096029 19.91490208380856 0.80883782473392685 5.5010748070199043 5.2388775604777038
leaf_count=940 335 281 926 169 863 296
internal_value=0.00170342 0.00879437 0.0196363 0.024358 -0.0111597 0.00402923
internal_weight=40.1729 35.0361 22.7323 20.7237 12.3038 6.80269
internal_count=3810 2870 1430 1095 1440 577
is_linear=0
shrinkage=0.05


Tree=47
num_leaves=7
num_cat=0
split_feature=34 32 56 3 37 45
split_gain=4.11195 3.08328 1.85024 1.51511 0.887483 0.692936
threshold=-0.055714723513125529 -0.9683375667278471 1.0000000180025095e-35 -0.52835026998942214 -1.633599354349702 -0.79230953566429252
decision_type=2 2 2 2 2 2
left_child=1 -1 4 -3 -2 -4
right_child=2 3 5 -5 -6 -7
leaf_value=-0.023697260259993132 0.0097311417131636779 0.025212064716070421 -0.011067019123256746 -0.0052750729372441924 -0.027752634786716308 0.020155802666315035
leaf_weight=2.5611714844126281 0.29060458159074443 15.127761944662783 0.45088959718123112 4.0789259171579006 13.790274011204017 1.9609617653768499
leaf_count=468 33 653 64 381 2124 80
internal_value=-0.00204166 0.0116244 -0.0190918 0.0188996 -0.0254058 0.0114196
internal_weight=38.2606 21.7679 16.4927 19.2067 14.0809 2.41185
internal_count=3803 1502 2301 1034 2157 144
is_linear=0
shrinkage=0.05


Tree=48
num_leaves=7
num_cat=0
split_feature=15 15 59 45 39 29
split_gain=3.56871 3.48521 2.43242 1.75372 1.45317 1.15405
threshold=0.80329679500201812 -0.80649847674524766 1.0000000180025095e-35 0.42536142688667072 0.24623073299261145 1.1174821546206311
decision_type=2 2 2 2 2 2
left_child=1 2 -1 5 -5 -4
right_child=-2 -3 3 4 -6 -7
leaf_value=0.020134229170855968 -0.019205490774162427 0.042511186765790548 -0.026610587470032226 -0.016045814073692693 0.021795359993902433 0.011050210045651812
leaf_weight=6.8520683858078018 13.766638093395157 3.3610076662153032 8.5791059175971824 1.4240378977265216 3.7272247127257288 0.74670453346334476
leaf_count=254 1881 67 1208 232 112 88
internal_value=-0.00106915 0.0100284 0.000298977 -0.0109337 0.00927893 -0.0216395
internal_weight=38.4568 24.6901 21.3291 14.4771 5.15126 9.32581
internal_count=3842 1961 1894 1640 344 1296
is_linear=0
shrinkage=0.05


Tree=49
num_leaves=7
num_cat=0
split_feature=15 1 24 42 28 60
split_gain=4.60269 3.27987 2.31205 2.07641 1.40742 1.18294
threshold=0.80329679500201812 -0.95755898642326998 2.2000423665149569 -1.0817384429222732 0.70299059120165663 0.90420111175146889
decision_type=2 2 2 2 2 2
left_child=1 -1 3 -3 -5 -2
right_child=5 2 -4 4 -6 -7
leaf_value=-0.026862412758494131 -0.028470768971576008 -0.012208805927706713 -0.017338429348508669 0.030889838791841481 -0.0097422274407614473 0.0038664123818543104
leaf_weight=2.1928995610214796 10.425323162460698 2.0838865935802522 1.9933975504245598 17.800584013340998 1.0007884595543135 2.7516570333391419
leaf_count=446 1710 207 351 784 182 150
internal_value=-0.00108078 0.0112359 0.0175784 0.0226701 0.027684 -0.0222533
internal_weight=38.2485 25.0716 22.8787 20.8853 18.8014 13.177
internal_count=3830 1970 1524 1173 966 1860
is_linear=0
shrinkage=0.05


Tree=50
num_leaves=7
num_cat=0
split_feature=11 30 27 47 37 33
split_gain=2.85427 2.32173 2.35342 1.76864 1.68465 1.95966
threshold=-0.11131020354478824 0.74132696607211901 -0.81115261674921457 0.96527274207848213 -0.74328007694689868 -0.81468718654458594
decision_type=2 2 2 2 2 2
left_child=1 2 -1 -4 -5 -6
right_child=-2 -3 3 4 5 -7
leaf_value=-0.019260303477929997 -0.020982782519671658 -0.018857627824614774 0.027228512538149591 0.021090026900130069 0.013779192147477007 -0.030504830112089217
leaf_weight=2.3171890170779106 8.9110622145235521 4.1039804196916512 15.192043995950376 2.2816912191919982 1.9071415350772438 3.2812816319055846
leaf_count=418 1483 641 684 91 61 447
internal_value=-8.6885e-05 0.00767892 0.0135932 0.0188114 -0.00120361 -0.0151425
internal_weight=37.9944 29.0833 24.9793 22.6622 7.47011 5.18842
internal_count=3825 2342 1701 1283 599 508
is_linear=0
shrinkage=0.05


Tree=51
num_leaves=7
num_cat=0
split_feature=15 15 60 33 43 43
split_gain=3.36343 3.49159 2.60917 3.42768 1.71627 2.29453
threshold=0.80329679500201812 -0.80649847674524766 -0.20779548606225443 -0.81468718654458594 0.44263762848133559 -1.09857681250183
decision_type=2 2 2 2 2 2
left_child=1 2 3 -1 5 -5
right_child=-2 -3 -4 4 -6 -7
leaf_value=0.02087838160202685 -0.018372216470167433 0.043525821220197047 0.019664897283642787 0.011376134643648474 0.0049065850622102393 -0.043086495747492792
leaf_weight=3.3659834656864431 13.192552960710598 3.155089424923065 7.9453861534129819 1.0934392060153193 2.9116657506674528 6.4015495460480425
leaf_count=124 1844 63 290 83 240 1175
internal_value=-0.000266467 0.0102805 0.000754312 -0.0117212 -0.0245778 -0.0341603
internal_weight=38.0657 24.8731 21.718 13.7726 10.4067 7.49499
internal_count=3819 1975 1912 1622 1498 1258
is_linear=0
shrinkage=0.05


Tree=52
num_leaves=7
num_cat=0
split_feature=29 22 47 53 33 12
split_gain=3.53082 2.72296 2.01324 1.735 1.5709 1.80423
threshold=0.13523825040111007 -1.6820387148953533 0.96527274207848213 0.10664894124702039 -0.81468718654458594 -0.18653374341025555
decision_type=2 2 2 2 2 2
left_child=1 -1 -3 -2 -4 -6
right_child=3 2 4 -5 5 -7
leaf_value=-0.02405070334186037 -0.028717373344353182 0.027440252321770366 0.01896302265404258 0.0044087704226030023 -0.032076182718408987 0.0084061678640354586
leaf_weight=2.0995475349482176 8.5779522072989476 13.37481813901104 2.8930595852434662 4.9251500889658919 2.7254261877387789 3.4298397605307347
leaf_count=450 1734 544 87 318 408 277
internal_value=0.000275045 0.011221 0.0169719 -0.0180298 -0.00148147 -0.0141557
internal_weight=38.0258 24.5227 22.4231 13.5031 9.04833 6.15527
internal_count=3818 1766 1316 2052 772 685
is_linear=0
shrinkage=0.05


Tree=53
num_leaves=7
num_cat=0
split_feature=33 40 11 12 55 12
split_gain=3.10571 2.71838 1.7263 1.81368 1.34091 1.20472
threshold=-0.02690768073933986 -0.65687380820555852 -0.29232936320029124 -0.056322945923857136 0.6561834799233458 -0.3502997254669355
decision_type=2 2 2 2 2 2
left_child=1 4 5 -4 -1 -3
right_child=-2 2 3 -5 -6 -7
leaf_value=-0.029253760320503131 -0.024584383115388117 -0.01277145763227258 -0.025798916769846421 0.012941680421255392 0.01017813190967109 0.024153784396657357
leaf_weight=3.899006298743191 7.3703334683086714 0.62655963702127948 2.6521716844290495 3.7641963677015147 1.3576817736029623 17.04085231362842
leaf_count=778 1304 90 437 373 38 789
internal_value=-0.000829773 0.00686438 0.0140108 -0.00618921 -0.0190717 0.0211805
internal_weight=36.7108 29.3405 24.0838 6.41637 5.25669 17.6674
internal_count=3809 2505 1689 810 816 879
is_linear=0
shrinkage=0.05


Tree=54
num_leaves=7
num_cat=0
split_feature=34 32 29 11 61 54
split_gain=2.86614 2.63955 1.69193 1.65408 1.11452 0.80319
threshold=0.2810436512347893 -0.92251391976343511 1.0915474211851521 -0.27266958196428587 -1.7328820709277273 3.4539371722154266
decision_type=2 2 2 2 2 2
left_child=1 -1 5 4 -3 -2
right_child=2 3 -4 -5 -6 -7
leaf_value=-0.022400121939140288 -0.030124969732801307 -0.012495065467560913 0.010334103752330277 -0.0095774669414118371 0.023535722741732729 0.0052451245315443748
leaf_weight=2.8971128792036351 8.4043688392266596 0.54121721419506386 2.4539948655292383 3.7065448304638258 18.225709831574932 0.93571534287184555
leaf_count=549 1489 67 340 445 893 47
internal_value=-0.000188322 0.00912871 -0.0180174 0.0153526 0.0209177 -0.0261678
internal_weight=37.1647 25.3706 11.7941 22.4735 18.7669 9.34008
internal_count=3830 1954 1876 1405 960 1536
is_linear=0
shrinkage=0.05


Tree=55
num_leaves=7
num_cat=0
split_feature=29 40 15 1 39 6
split_gain=3.27115 2.41177 1.64554 1.40406 1.10277 1.09747
threshold=0.76754938769215453 -0.67684099483737203 0.80329679500201812 -0.95755898642326998 1.0000000180025095e-35 0.39266741975111213
decision_type=2 2 2 2 2 2
left_child=1 -1 3 -3 5 -4
right_child=-2 2 4 -5 -6 -7
leaf_value=-0.019628686780654658 -0.028998309216725526 -0.014438225188611578 0.020657186252414118 0.023196397870032838 -0.018271981900470354 -0.013874981605313783
leaf_weight=4.7578726713545647 5.4387646620161822 0.80211101775058224 3.1990239999722707 16.913329981034618 4.0771872522309422 1.1053808855358509
leaf_count=786 1103 145 203 837 551 191
internal_value=-0.00122633 0.00580486 0.0119875 0.0196482 -0.00511545 0.0097328
internal_weight=36.2937 30.8549 26.097 17.7154 8.38159 4.3044
internal_count=3816 2713 1927 982 945 394
is_linear=0
shrinkage=0.05


Tree=56
num_leaves=7
num_cat=0
split_feature=40 33 47 0 3 50
split_gain=2.33056 2.54809 2.8642 2.16073 2.12838 1.32213
threshold=-0.67684099483737203 0.31567638527520453 0.96527274207848213 -0.80006675278034944 -0.57968998367381874 0.86710420188844506
decision_type=2 2 2 2 2 2
left_child=-1 2 3 -2 -4 -5
right_child=1 -3 4 5 -6 -7
leaf_value=-0.022394565839429538 -0.013580151855384895 -0.019493102113459348 0.0096729789170366884 0.033154562638155097 -0.027143406525170041 -0.010115755346495786
leaf_weight=5.6212387797422698 1.6009014914743627 4.8506608926691106 6.804691546130929 14.279628835618499 3.7656092667020804 0.62487999000586647
leaf_count=975 220 884 412 614 677 103
internal_value=0.000958021 0.00664009 0.0127993 0.0242881 -0.00654378 0.0299494
internal_weight=37.5476 31.9264 27.0757 16.5054 10.5703 14.9045
internal_count=3885 2910 2026 937 1089 717
is_linear=0
shrinkage=0.05


Tree=57
num_leaves=7
num_cat=0
split_feature=29 12 54 14 22 33
split_gain=2.7204 1.99311 1.8524 2.01544 1.27497 1.16716
threshold=-0.22340560881047963 -0.22550502134728265 0.55464738806297775 1.0000000180025095e-35 -1.6820387148953533 -0.81468718654458594
decision_type=2 2 2 2 2 2
left_child=1 5 3 -2 -3 -1
right_child=2 4 -4 -5 -6 -7
leaf_value=0.011141853467664062 -0.034138376648233874 -0.011325062953140563 0.0056241144213145158 0.0071259601761120535 0.02605253210339651 -0.019783092937405763
leaf_weight=2.7309267213568091 8.1513266074471193 0.96428208565339524 6.6967144417576483 2.8027142835780969 11.608683367725458 4.2746730984654304
leaf_count=154 1599 198 416 457 553 499
internal_value=-0.000725038 0.011322 -0.0137914 -0.0243183 0.0215564 -0.00800176
internal_weight=37.2293 19.5786 17.6508 10.954 12.573 7.0056
internal_count=3876 1404 2472 2056 751 653
is_linear=0
shrinkage=0.05


Tree=58
num_leaves=7
num_cat=0
split_feature=33 27 47 33 50 39
split_gain=2.96423 2.87147 2.28903 2.45279 2.15905 2.04981
threshold=0.31567638527520453 -0.87939713523939422 0.96527274207848213 -0.80497422098742388 1.389121929339231 -1.3660040523483634
decision_type=2 2 2 2 2 2
left_child=1 -1 4 -4 5 -3
right_child=-2 2 3 -5 -6 -7
leaf_value=-0.022061492678363982 -0.026785594369610262 -0.013141259861180985 0.016609602922438734 -0.023652444671080766 -0.014341484099764655 0.032704625254222672
leaf_weight=4.2600802597589817 4.9740200492087743 1.1787150208838362 4.2746161562390625 5.0944053016137349 1.6794923564884801 15.245352975791317
leaf_count=792 1014 131 150 791 319 642
internal_value=0.000763144 0.00702194 0.0132598 -0.00570975 0.022493 0.0278929
internal_weight=36.7067 31.7327 27.4726 9.36902 18.1036 16.4241
internal_count=3839 2825 2033 941 1092 773
is_linear=0
shrinkage=0.05


Tree=59
num_leaves=7
num_cat=0
split_feature=11 4 28 12 1 42
split_gain=2.99868 1.78932 2.0624 1.76633 1.3719 1.23878
threshold=-0.30541430564355387 -1.2252803067692222 1.1057653100259561 -0.056322945923857136 1.6020790147655142 -0.6476542397882965
decision_type=2 2 2 2 2 2
left_child=1 -1 4 -2 -3 -5
right_child=3 2 -4 5 -6 -7
leaf_value=-0.022372174934192426 -0.033615088738532119 0.02155388521317414 -0.020747061127380475 -0.019896999168158666 -0.010443136489241996 0.014032764081267161
leaf_weight=1.2412643092684437 5.1855434929020703 20.90245360066184 1.4531073458492745 1.2902932374272493 2.069025477860122 4.2650327391456795
leaf_count=285 1032 1194 345 270 198 510
internal_value=0.000416319 0.00959256 0.0134866 -0.0188178 0.0177985 0.0019385
internal_weight=36.4067 25.6659 24.4246 10.7409 22.9715 5.55533
internal_count=3834 2022 1737 1812 1392 780
is_linear=0
shrinkage=0.05


Tree=60
num_leaves=7
num_cat=0
split_feature=32 37 12 40 11 11
split_gain=2.88014 2.67535 1.46366 1.53836 1.13641 1.51003
threshold=0.44911825748342143 0.62246969458900214 1.252925396848606 0.081833217055793675 -0.059043612628163926 -0.39327678106866215
decision_type=2 2 2 2 2 2
left_child=2 -2 3 -1 5 -5
right_child=1 -3 -4 4 -6 -7
leaf_value=-0.028636297105447253 0.023376834317887552 -0.012746032028518978 0.015753825819033732 -0.012615493148828316 -0.018097684262030813 0.027131212092947346
leaf_weight=9.8803556142374926 12.424852766329424 5.3689113971777251 1.3258610758930434 1.7645860442426053 1.8972576027736057 2.7888175046537071
leaf_count=1799 577 620 78 245 375 108
internal_value=-0.0010003 0.0122111 -0.0141539 -0.0186501 0.000880469 0.0128353
internal_weight=35.4506 17.7938 17.6569 16.331 6.45066 4.5534
internal_count=3802 1197 2605 2527 728 353
is_linear=0
shrinkage=0.05


Tree=61
num_leaves=7
num_cat=0
split_feature=36 40 37 0 11 54
split_gain=3.14814 2.35015 1.37286 1.70019 1.43753 1.10971
threshold=-0.55793768978440972 -0.57723644335115176 0.586233699998708 0.96848827891510936 -0.059043612628163926 2.5982399757701766
decision_type=2 2 2 2 2 2
left_child=-1 5 3 4 -3 -2
right_child=1 2 -4 -5 -6 -7
leaf_value=-0.025455469527542386 -0.027002250732450491 0.032722796506647785 -0.0088382032202637822 -0.0053372753221246775 -0.0076359926889332163 0.0075894184909577308
leaf_weight=8.4640843451488745 3.9309921243693706 10.544158909004185 3.7050517129246137 4.2658504361752412 1.4500718577764935 1.8754427819512782
leaf_count=1675 799 414 341 279 199 76
internal_value=-0.00351257 0.00559688 0.0135502 0.0192337 0.027292 -0.0170501
internal_weight=34.2357 25.7716 19.9651 16.2601 11.9942 5.80643
internal_count=3783 2108 1233 892 613 875
is_linear=0
shrinkage=0.05


Tree=62
num_leaves=7
num_cat=0
split_feature=27 47 33 33 50 12
split_gain=2.20402 2.499 2.38011 2.04075 1.87929 1.11539
threshold=-0.81115261674921457 0.96527274207848213 0.31567638527520453 -0.81468718654458594 1.389121929339231 4.7195192138907176
decision_type=2 2 2 2 2 2
left_child=5 2 4 -3 -2 -1
right_child=1 3 -4 -5 -6 -7
leaf_value=-0.032987941193041 0.025380329219744181 0.013384579420841054 -0.016100645794649447 -0.027127481632202716 -0.014992387458217713 0.0097060422337316779
leaf_weight=4.4157552500255397 14.874008819926534 2.4114724495448172 3.4780973175074896 6.6771532483398932 1.3946421206928796 0.49628567206673313
leaf_count=997 716 78 577 1112 292 24
internal_value=-0.00319264 0.00293303 0.0124616 -0.0157244 0.020124 -0.0266297
internal_weight=33.7474 28.8354 19.7467 9.08863 16.2687 4.91204
internal_count=3796 2775 1585 1190 1008 1021
is_linear=0
shrinkage=0.05


Tree=63
num_leaves=7
num_cat=0
split_feature=27 7 47 4 50 39
split_gain=1.81707 1.63688 1.77378 1.85536 1.81754 1.78055
threshold=-0.97022693079909328 1.2085683474662261 0.96527274207848213 -0.98300882374733722 1.389121929339231 -1.3660040523483634
decision_type=2 2 2 2 2 2
left_child=-1 2 4 -4 5 -2
right_child=1 -3 3 -5 -6 -7
leaf_value=-0.023194366309010825 -0.013760521495160409 -0.022792676809809103 0.019809313597918824 -0.017401855291960169 -0.015209136241025576 0.026149384754740219
leaf_weight=3.9220163894351563 1.3597449092194498 1.8596609297674138 1.9951306309085328 8.0492780320346338 1.8112751385197032 16.320680059492595
leaf_count=834 155 417 84 1091 365 908
internal_value=0.000193432 0.00488327 0.00856674 -0.00715462 0.0165419 0.0215291
internal_weight=35.3178 31.3958 29.5361 10.0444 19.4917 17.6804
internal_count=3854 3020 2603 1175 1428 1063
is_linear=0
shrinkage=0.05


Tree=64
num_leaves=7
num_cat=0
split_feature=45 28 47 45 35 62
split_gain=1.83651 1.63448 1.63167 1.77439 1.24504 1.34333
threshold=-0.50645385238251162 1.1057653100259561 0.96527274207848213 1.4029631143005541 -1.2093804489339612 -1.8411760999547166
decision_type=2 2 2 2 2 2
left_child=-1 2 3 -2 -4 -6
right_child=1 -3 4 -5 5 -7
leaf_value=-0.014706301508056605 0.025621216158790212 -0.020131987525025995 0.017414300813496899 -0.014881146269732816 0.010768423240078911 -0.024103972530200798
leaf_weight=9.5734332378488016 14.475712088868024 1.7998832797165949 1.9226764969062058 1.1849725712090737 2.122423259075731 4.8990277436096221
leaf_count=1466 858 455 99 169 74 773
internal_value=0.00139615 0.00813911 0.0121703 0.0206569 -0.00414535 -0.0134948
internal_weight=35.9781 26.4047 24.6048 15.6607 8.94413 7.02145
internal_count=3894 2428 1973 1027 946 847
is_linear=0
shrinkage=0.05


Tree=65
num_leaves=7
num_cat=0
split_feature=1 47 33 29 45 45
split_gain=2.78317 2.59126 2.12913 1.89639 1.7834 1.19748
threshold=-0.95755898642326998 0.96527274207848213 0.31567638527520453 -1.1813031269054017 -0.80282803483266985 1.4524619339164471
decision_type=2 2 2 2 2 2
left_child=-1 2 4 -3 -2 -6
right_child=1 3 -4 -5 5 -7
leaf_value=-0.029147593422569062 -0.011298898270043128 0.014566226345105446 -0.011903568495705043 -0.022643557200640707 0.030370813354128806 -0.0095484539453854021
leaf_weight=3.4459766892250618 1.8360395759809822 2.6296539613977075 3.7330721279140553 7.5910989681724477 15.418316153576598 0.72362464177422303
leaf_count=802 299 127 587 1213 729 89
internal_value=0.00112911 0.00661911 0.0157434 -0.0119371 0.0223655 0.0273653
internal_weight=35.3778 31.9318 21.7111 10.2208 17.978 16.1419
internal_count=3846 3044 1704 1340 1117 818
is_linear=0
shrinkage=0.05


Tree=66
num_leaves=7
num_cat=0
split_feature=12 27 1 39 33 50
split_gain=1.85992 2.4954 1.28963 1.19913 0.994525 0.970002
threshold=0.61023881920827894 -0.010907381447977423 1.4532628519057009 1.2922961121101675 1.033681568091706 1.389121929339231
decision_type=2 2 2 2 2 2
left_child=1 -1 3 4 5 -3
right_child=-2 2 -4 -5 -6 -7
leaf_value=-0.022038282501444025 0.024560833759984399 0.02052484360019213 -0.016554286728573769 -0.017387337232768505 -0.01337342678418379 -0.011594026774927662
leaf_weight=10.090736528160052 3.4137969862204036 15.652547196950774 2.7479968708939841 0.90537880058400233 0.78944126167334516 0.74864936945960003
leaf_count=1904 184 899 314 126 183 167
internal_value=-0.000142614 -0.00479905 0.00526936 0.0104663 0.0142987 0.0174927
internal_weight=34.3485 30.9348 20.844 18.096 17.1906 16.4012
internal_count=3777 3593 1689 1375 1249 1066
is_linear=0
shrinkage=0.05


Tree=67
num_leaves=7
num_cat=0
split_feature=1 15 16 33 60 40
split_gain=2.27634 2.44295 2.42824 1.59712 1.42126 2.00263
threshold=-0.95755898642326998 0.80329679500201812 1.4689526365835628 0.43623721017031203 -0.29016374764685149 0.24849112559817718
decision_type=2 2 2 2 2 2
left_child=-1 2 3 -2 5 -4
right_child=1 -3 4 -5 -6 -7
leaf_value=-0.027641535663102925 0.036106236143977698 -0.01268537610395438 -0.030739185265081154 -0.010156486159763152 0.015215262687241557 0.01037075451408012
leaf_weight=3.5199171258136621 7.9411019869148731 10.514565781690182 3.6255516759119928 0.89748755749315012 4.2486273236572742 3.2938266745768487
leaf_count=832 425 1488 566 228 146 136
internal_value=-0.000656115 0.00465131 0.0142287 0.0300253 -0.00198352 -0.0139517
internal_weight=34.0411 30.5212 20.0066 8.83859 11.168 6.91938
internal_count=3821 2989 1501 653 848 702
is_linear=0
shrinkage=0.05


Tree=68
num_leaves=7
num_cat=0
split_feature=37 40 39 1 28 47
split_gain=2.11443 2.40487 1.73839 1.64904 1.00092 0.950546
threshold=0.61000522470536278 -0.67684099483737203 1.3127860525258721 -0.95755898642326998 1.1057653100259561 0.96527274207848213
decision_type=2 2 2 2 2 2
left_child=1 -1 3 -3 5 -5
right_child=-2 2 -4 4 -6 -7
leaf_value=-0.022430573340533319 -0.022209655139873313 -0.01333318496970029 -0.015853820644680307 0.031829485040768435 -0.010690717835536542 0.0057907635058254562
leaf_weight=3.72462239279412 6.7038647748995563 2.0189604307524922 2.5810653434600672 10.417699771234771 0.64676901046186586 6.8992401785217217
leaf_count=790 996 383 373 508 179 584
internal_value=-0.00212103 0.00475202 0.0113448 0.0164688 0.021247 0.0238423
internal_weight=32.9922 26.2884 22.5637 19.9827 17.9637 17.3169
internal_count=3813 2817 2027 1654 1271 1092
is_linear=0
shrinkage=0.05


Tree=69
num_leaves=7
num_cat=0
split_feature=29 32 41 61 61 15
split_gain=2.56657 1.93407 1.46094 1.50125 1.01058 0.780378
threshold=-0.22340560881047963 -0.9683375667278471 1.2696682910936727 1.1498136467363105 -1.7103251551464056 0.80329679500201812
decision_type=2 2 2 2 2 2
left_child=1 -1 3 -2 -3 -5
right_child=2 4 -4 5 -6 -7
leaf_value=-0.019876477857017794 -0.030902703425808371 -0.012617082772277783 0.0085588743556465324 0.015907969525544831 0.019597374282747257 -0.013920977538674651
leaf_weight=1.9402769748121524 8.9924851204268617 0.74349700007587749 3.1866045978385946 2.1553414110094304 14.773625518660989 0.95130800129845727
leaf_count=451 1698 91 370 189 807 196
internal_value=-0.00245518 0.00991764 -0.0158946 -0.022756 0.0162598 0.00442222
internal_weight=32.7431 17.4574 15.2857 12.0991 15.5171 3.10665
internal_count=3802 1349 2453 2083 898 385
is_linear=0
shrinkage=0.05


Tree=70
num_leaves=7
num_cat=0
split_feature=59 45 42 41 12 36
split_gain=1.74238 1.50178 1.42592 1.55029 1.45756 1.38827
threshold=1.0000000180025095e-35 -0.65371284073979274 -1.0817384429222732 -1.1235427855594671 -0.24333589141450523 0.17670911083291244
decision_type=2 2 2 2 2 2
left_child=5 -2 -3 -4 -5 -1
right_child=1 2 3 4 -6 -7
leaf_value=-0.0067003276697276265 -0.030227881892724701 -0.023712726116909798 -0.017543090553493245 -0.011311040978143526 0.019493530595302511 0.024299513653674793
leaf_weight=4.2022676963824761 3.3456682994728935 2.746318067424002 3.2065755752846661 3.0727470399579078 10.822350196540345 6.2630048915743828
leaf_count=383 903 505 499 346 976 212
internal_value=-0.00161961 -0.00901753 -0.00194267 0.00457051 0.0118826 0.0131322
internal_weight=33.6589 23.1937 19.848 17.1017 13.8951 10.4653
internal_count=3824 3229 2326 1821 1322 595
is_linear=0
shrinkage=0.05


Tree=71
num_leaves=7
num_cat=0
split_feature=42 60 33 1 0 45
split_gain=2.10704 1.99046 1.68615 1.46538 1.13478 1.49538
threshold=-0.96936997781680245 2.7685096265098665 0.31567638527520453 -0.95755898642326998 0.90149755801755405 -0.80282803483266985
decision_type=2 2 2 2 2 2
left_child=1 -1 3 -2 5 -5
right_child=2 -3 -4 4 -6 -7
leaf_value=-0.031815873413702261 -0.014301229204411327 0.012187216697452916 -0.017123743910504498 -0.012199194748830973 -0.0035225720453883544 0.025856092460819925
leaf_weight=4.9734048179816446 2.3044958753744202 1.8878693855367599 3.3799223442329085 1.2077157604508197 4.8438505379017434 15.290136322146276
leaf_count=952 478 63 716 243 355 998
internal_value=0.000399321 -0.0196842 0.00695532 0.0119375 0.0161842 0.0216219
internal_weight=33.8874 6.86127 27.0261 23.6462 21.3417 16.4979
internal_count=3805 1015 2790 2074 1596 1241
is_linear=0
shrinkage=0.05


Tree=72
num_leaves=7
num_cat=0
split_feature=33 0 47 50 7 39
split_gain=1.47104 1.80768 1.56045 1.94733 1.77017 1.65083
threshold=0.31567638527520453 -0.77996953651108292 0.96527274207848213 1.389121929339231 -0.29655753137247359 -1.3660040523483634
decision_type=2 2 2 2 2 2
left_child=1 -1 3 5 -4 -3
right_child=-2 2 4 -5 -6 -7
leaf_value=-0.020604146248251493 -0.021414284236701848 -0.0134931312061574 0.012422948835351975 -0.016428763854434852 -0.022566274940722036 0.02757150804320653
leaf_weight=3.642071969923566 4.5637491976376614 1.0359944244846708 4.2366532068699598 1.6165763493627316 4.6039896154543385 13.269974806811657
leaf_count=687 995 123 332 384 676 597
internal_value=-0.00173023 0.00317582 0.00852178 0.0168204 -0.00689938 0.0227742
internal_weight=32.969 28.4053 24.7632 15.9225 8.84064 14.306
internal_count=3794 2799 2112 1104 1008 720
is_linear=0
shrinkage=0.05


Tree=73
num_leaves=7
num_cat=0
split_feature=59 42 41 42 41 43
split_gain=1.81089 2.10508 1.48941 1.89917 2.27659 0.982385
threshold=1.0000000180025095e-35 -1.0817384429222732 -1.043220252027466 1.058811095435124 0.89318004149592578 -1.09857681250183
decision_type=2 2 2 2 2 2
left_child=-1 -2 -3 4 -4 -5
right_child=1 2 3 5 -6 -7
leaf_value=0.013896594755579188 -0.034977870045437613 -0.020356621696483203 0.039694737235488935 0.012366679203612152 -0.0013255235319518633 -0.020721654501661663
leaf_weight=10.626838834956287 2.8647538234945413 3.9871516582788926 3.2530953555833531 0.89943221164867271 6.9631975459633395 4.613537829136475
leaf_count=607 697 708 141 50 892 765
internal_value=-0.000898649 -0.00867454 -0.00073816 0.00669895 0.0177817 -0.0128677
internal_weight=33.208 22.5812 19.7164 15.7293 10.2163 5.51297
internal_count=3860 3253 2556 1848 1033 815
is_linear=0
shrinkage=0.05


Tree=74
num_leaves=7
num_cat=0
split_feature=27 12 33 39 42 45
split_gain=2.1176 1.44574 1.36825 1.17952 1.1939 0.892873
threshold=1.0000000180025095e-35 0.61023881920827894 0.56688151992756663 1.2922961121101675 -1.1302968424630679 -0.79230953566429252
decision_type=2 2 2 2 2 2
left_child=1 -1 3 4 -2 -6
right_child=2 -3 -4 -5 5 -7
leaf_value=-0.024730623941375582 -0.010838841475549709 0.010311386766815997 -0.018725982864731532 -0.017147410396703137 -0.0082403091926034639 0.022297219278153015
leaf_weight=9.6098465365357679 2.012223853729675 2.0100354575552037 1.8375385748222459 0.82200301764532824 1.2061432430055088 14.860088089015326
leaf_count=1948 235 166 369 124 177 801
internal_value=-0.00302819 -0.0177969 0.00645036 0.0111279 0.0146711 0.0190688
internal_weight=32.3579 11.6199 20.738 18.9005 18.0785 16.0662
internal_count=3820 2114 1706 1337 1213 978
is_linear=0
shrinkage=0.05


Tree=75
num_leaves=7
num_cat=0
split_feature=12 49 3 40 44 8
split_gain=1.79989 1.48812 1.61573 1.08858 0.937394 0.912748
threshold=-0.056322945923857136 -0.3563589200727057 -0.64719219981441423 -0.67684099483737203 0.49926188048870901 -0.50516329459735754
decision_type=2 2 2 2 2 2
left_child=1 2 5 -2 -5 -1
right_child=3 -3 -4 4 -6 -7
leaf_value=-0.019573465999119619 -0.011865899132621942 0.0058355464879964866 -0.031626951049849056 0.023262947150411429 -0.0097652141760704511 0.0089932045225810647
leaf_weight=1.1318161997478453 1.8046558868372802 6.9267276210011905 7.7275581512367379 7.5699252060148847 0.92104626749642182 5.6530521172098842
leaf_count=302 370 683 1381 680 131 299
internal_value=-0.00385266 -0.0116374 -0.0195481 0.011326 0.0180662 -0.000312247
internal_weight=31.7348 21.4392 14.5124 10.2956 8.49097 6.78487
internal_count=3846 2665 1982 1181 811 601
is_linear=0
shrinkage=0.05


Tree=76
num_leaves=7
num_cat=0
split_feature=59 12 49 40 31 37
split_gain=2.00697 1.66757 1.32684 1.4716 1.27529 0.944248
threshold=1.0000000180025095e-35 0.61023881920827894 -0.3563589200727057 0.65976153173482777 2.7377576845030651 0.55658606806119459
decision_type=2 2 2 2 2 2
left_child=-1 2 3 4 -2 -4
right_child=1 -3 5 -5 -6 -7
leaf_value=0.014951297904007977 -0.035577596071746986 0.018219310883506732 0.012676307972038024 0.0060576882919300299 0.0046356175769502418 -0.014021681458125738
leaf_weight=10.223220518673768 8.3533818048890733 2.181467330781742 5.0889675866346797 2.5959228354040524 1.6167521006427694 2.6522979126311839
leaf_count=571 1964 142 456 221 71 399
internal_value=-0.000930656 -0.00906045 -0.0139588 -0.0223966 -0.0294927 0.00216767
internal_weight=32.712 22.4888 20.3073 12.5661 9.97013 7.74127
internal_count=3824 3253 3111 2256 2035 855
is_linear=0
shrinkage=0.05


Tree=77
num_leaves=7
num_cat=0
split_feature=11 40 10 2 1 54
split_gain=1.55106 1.17163 1.22978 0.951777 0.813436 0.776929
threshold=-0.29232936320029124 -0.3739466090575933 1.3719614777664755 0.61161110033119981 1.6020790147655142 -0.31111114342244256
decision_type=2 2 2 2 2 2
left_child=1 5 4 -2 -3 -1
right_child=3 2 -4 -5 -6 -7
leaf_value=-0.019720939401573028 -0.021067329923858791 0.020660655628903273 -0.015554415694697319 0.0094160251834013216 -0.0085497141704330547 0.005453664419912488
leaf_weight=3.2632408532081181 8.0860084193991479 13.502490494516676 0.98112516384571868 1.4410694180987764 1.1082409829832602 4.0417778955306858
leaf_count=734 1500 674 277 253 112 257
internal_value=-0.000930019 0.00613164 0.0131189 -0.0153057 0.017366 -0.00825942
internal_weight=32.424 22.8969 15.5919 9.52708 14.6107 7.30502
internal_count=3807 2054 1063 1753 786 991
is_linear=0
shrinkage=0.05


Tree=78
num_leaves=7
num_cat=0
split_feature=60 6 61 29 62 4
split_gain=1.49229 0.997777 1.67706 1.26938 0.968122 0.899065
threshold=-0.30773570501821523 -0.7442331717682209 0.64789785835538993 0.67723695231252867 0.6079738969293802 -0.051195427509318249
decision_type=2 2 2 2 2 2
left_child=1 -1 -3 5 -2 -4
right_child=4 2 3 -5 -6 -7
leaf_value=0.0066140675472051592 0.02061563748953444 -0.025511315312383556 -0.0097487557436123692 -0.015155725264857992 -0.0073263585064711522 0.025308620911938445
leaf_weight=7.7473274905933076 8.6498765136348066 7.6721383241238073 0.73854689672589291 2.2077802455751225 2.4938679740298531 3.4062806968577206
leaf_count=772 404 1411 127 673 208 203
internal_value=0.00126694 -0.00623349 -0.0132454 0.0049997 0.0141348 0.0175915
internal_weight=32.9158 21.7721 14.0247 6.35261 11.1437 4.14483
internal_count=3798 3186 2414 1003 612 330
is_linear=0
shrinkage=0.05


Tree=79
num_leaves=7
num_cat=0
split_feature=15 15 34 38 43 32
split_gain=1.86664 2.48297 1.09922 1.62193 1.07851 1.06546
threshold=0.80329679500201812 -0.80649847674524766 -0.39177146209280189 0.13477758521200359 -1.09857681250183 0.5819653787455924
decision_type=2 2 2 2 2 2
left_child=1 2 5 4 -4 -1
right_child=-2 -3 3 -5 -6 -7
leaf_value=-0.0076267262275484145 -0.019936500174449683 0.033503047831829051 0.0072564149509905754 0.014598436492475645 -0.032206531452707764 0.018598704106215485
leaf_weight=5.5726096124853992 10.72111985308584 2.3815802037715903 0.99001632211730406 1.2667018426582215 5.1331918989308116 4.4452281247358769
leaf_count=621 1857 61 72 186 899 134
internal_value=-0.00569562 0.00362839 -0.00478303 -0.0164295 -0.025538 0.00561465
internal_weight=30.5104 19.7893 17.4077 7.38991 6.12321 10.0178
internal_count=3830 1973 1912 1157 971 755
is_linear=0
shrinkage=0.05


Tree=80
num_leaves=7
num_cat=0
split_feature=12 0 32 43 61 62
split_gain=1.35955 1.63766 1.23387 1.25947 0.928687 1.01655
threshold=-0.056322945923857136 -0.039163814585617823 1.5657706983855053 0.014135438953207751 0.11278141471191823 -1.250441394392541
decision_type=2 2 2 2 2 2
left_child=1 -1 3 -3 5 -5
right_child=-2 2 -4 4 -6 -7
leaf_value=-0.026496732246324491 0.010917536413910361 -0.022393617283796918 0.01921492115714752 -0.0093189445643543419 -0.016232569435898608 0.021338324952251721
leaf_weight=5.7436322490684733 9.9687609659740684 4.3516659006709224 3.2032439126633117 2.031152498559095 1.1656931326724587 4.881228707614353
leaf_count=1134 1189 727 133 156 225 309
internal_value=-0.00238341 -0.00916641 0.000441783 -0.00719151 0.00484446 0.0122359
internal_weight=31.3454 21.3766 15.633 12.4297 8.07807 6.91238
internal_count=3873 2684 1550 1417 690 465
is_linear=0
shrinkage=0.05


Tree=81
num_leaves=7
num_cat=0
split_feature=37 32 12 44 42 42
split_gain=1.63623 1.83427 1.72064 1.13635 0.942744 0.819533
threshold=0.62246969458900214 0.63241284534106923 -0.056322945923857136 0.44089436147935102 0.97703311475469456 -0.75260022742881183
decision_type=2 2 2 2 2 2
left_child=1 2 3 -1 -3 -4
right_child=-2 4 5 -5 -6 -7
leaf_value=-0.025043605934080462 -0.01827939665095972 0.026970864433312092 -0.0097470100799817664 0.005545659263335505 -0.0051185526965030585 0.019305955296506722
leaf_weight=6.4494254807941669 6.4888209304772309 7.1009519910439831 1.3204568593064321 3.1098923336248845 1.868194459355436 5.2050970864947912
leaf_count=1271 996 289 254 282 138 579
internal_value=-0.000359126 0.00574052 -0.00453074 -0.0161445 0.0206793 0.0122088
internal_weight=31.5428 25.054 16.0849 9.55932 8.96915 6.52555
internal_count=3809 2813 2386 1553 427 833
is_linear=0
shrinkage=0.05


Tree=82
num_leaves=7
num_cat=0
split_feature=12 54 40 0 33 49
split_gain=1.45142 1.18311 1.18277 1.14379 0.942335 1.25079
threshold=-0.056865624578076944 0.34444288060834355 -0.67684099483737203 -0.59462854202784665 -0.80651447542027765 -0.3563589200727057
decision_type=2 2 2 2 2 2
left_child=1 4 -2 -4 -1 -6
right_child=2 -3 3 -5 5 -7
leaf_value=0.0039359033745730923 -0.01284275246862039 0.0058249242681942251 -0.0024281208462792023 0.029378894983160448 -0.035381008107498085 -0.0023139882854008057
leaf_weight=3.3555844647344228 1.6960827426519234 7.2195111945038652 3.7434107055887571 4.8809209108585483 4.8940918992739189 5.1896400932455435
leaf_count=248 372 437 508 322 1321 627
internal_value=-0.00173225 -0.00903294 0.0116249 0.0185094 -0.0166209 -0.0227956
internal_weight=30.9792 20.6588 10.3204 8.62433 13.4393 10.0837
internal_count=3835 2633 1202 830 2196 1948
is_linear=0
shrinkage=0.05


Tree=83
num_leaves=7
num_cat=0
split_feature=47 29 27 37 16 7
split_gain=1.31464 1.57428 1.44466 1.58555 1.13637 0.846163
threshold=0.96527274207848213 -1.2909735451363904 -0.49416627191385354 1.2866478755314936 1.4689526365835628 1.2085683474662261
decision_type=2 2 2 2 2 2
left_child=2 -2 -1 4 5 -4
right_child=1 -3 3 -5 -6 -7
leaf_value=-0.01285058333633443 0.013785714328488637 -0.020956661402926867 0.028604024773638229 -0.01573605777957339 -0.0025305238029118679 -0.0074429076048081856
leaf_weight=4.0848210698459324 2.2690467066131532 7.7841258352855238 11.061834833584726 1.6128186940914009 4.1030284974258384 0.62199675966985601
leaf_count=843 172 1429 668 248 311 141
internal_value=0.00116682 -0.011749 0.00790953 0.0139563 0.0190182 0.0255565
internal_weight=31.5377 10.0532 21.4845 17.3997 15.7869 11.6838
internal_count=3812 1601 2211 1368 1120 809
is_linear=0
shrinkage=0.05


Tree=84
num_leaves=7
num_cat=0
split_feature=42 1 42 45 43 35
split_gain=1.54193 1.29152 1.08389 1.00056 0.851738 0.851669
threshold=-1.2370076657434896 -0.95755898642326998 1.058811095435124 1.4524619339164471 -1.09857681250183 0.90531729321855992
decision_type=2 2 2 2 2 2
left_child=-1 -2 3 5 -4 -3
right_child=1 2 4 -5 -6 -7
leaf_value=-0.022532518429136034 -0.016857413746709564 0.020300451924271583 0.014108168710385276 -0.013361832425981766 -0.014615843258099335 -0.006824243678996849
leaf_weight=3.1174317944096392 3.015615853364582 17.03698133234867 1.0301046352833507 0.85903711547143657 5.2896144600817925 1.8942038511158887
leaf_count=608 723 1306 40 150 681 359
internal_value=0.000517707 0.00485865 0.00884558 0.0141199 -0.0068996 0.0170242
internal_weight=32.243 29.1256 26.1099 19.7902 6.31972 18.9312
internal_count=3867 3259 2536 1815 721 1665
is_linear=0
shrinkage=0.05


Tree=85
num_leaves=7
num_cat=0
split_feature=60 44 1 6 61 40
split_gain=1.59486 1.14529 1.26878 0.980409 0.772237 0.76056
threshold=-0.30334261672897295 -0.041198194583469259 -0.31658651353421829 0.89693784340888094 0.67035712515064516 0.7659236501765051
decision_type=2 2 2 2 2 2
left_child=1 -1 5 -2 -4 -3
right_child=3 2 4 -5 -6 -7
leaf_value=-0.020968025887035342 0.017187717093646693 0.021281243360666998 -0.019497130008193381 -0.013755795766635881 0.0064246493148367627 -0.010481159165498417
leaf_weight=8.2343269762350282 9.6164214072050491 4.6503848840948194 4.7026814898708835 0.83504066546447653 2.7229833126766607 0.50577296735718835
leaf_count=1724 469 515 605 133 286 119
internal_value=-0.00171635 -0.00935955 0.000812043 0.0121989 -0.0108782 0.0154564
internal_weight=31.2676 20.8161 12.5818 10.4515 7.42566 5.15616
internal_count=3851 3249 1525 602 891 634
is_linear=0
shrinkage=0.05


Tree=86
num_leaves=7
num_cat=0
split_feature=40 37 47 45 27 3
split_gain=2.31142 2.28003 1.28247 1.33038 1.24469 1.14816
threshold=-0.67684099483737203 0.62246969458900214 0.96527274207848213 1.4524619339164471 -0.94323026043061498 -0.57968998367381874
decision_type=2 2 2 2 2 2
left_child=-1 2 3 4 -2 -4
right_child=1 -3 5 -5 -6 -7
leaf_value=-0.021812898847979541 -0.0065827715063912582 -0.014132353232573284 0.012257568280218621 -0.011837622335144966 0.032763538566860193 -0.015423570219232342
leaf_weight=4.209057512227445 1.2894664015620936 5.5282770086778319 6.2206027358770388 0.6986885091755547 11.809210787760096 3.3230645965086278
leaf_count=972 248 798 368 126 582 726
internal_value=0.00418269 0.00966934 0.0162742 0.024598 0.0283853 0.00123552
internal_weight=33.0784 28.8693 23.341 13.7974 13.0987 9.54367
internal_count=3820 2848 2050 956 830 1094
is_linear=0
shrinkage=0.05


Tree=87
num_leaves=7
num_cat=0
split_feature=29 31 39 62 29 33
split_gain=1.64809 1.26457 1.27913 0.975547 1.36038 0.685083
threshold=0.5455530330697983 -0.28394674548624116 0.16211413549656059 0.41459744271248716 -1.4122835710049289 -0.816336213708173
decision_type=2 2 2 2 2 2
left_child=1 -1 -3 4 -4 -6
right_child=-2 2 3 -5 5 -7
leaf_value=-0.016090814587629558 -0.024632619032452091 0.01886818133349346 0.012084687339480723 0.012900512687992674 0.0040725324685073096 -0.029377433199117342
leaf_weight=5.5718761500902536 6.6219646442914373 7.7223234358243671 1.7876434207428307 2.5763857535785064 1.1067706421017698 4.1605942702153564
leaf_count=875 1553 479 107 158 47 640
internal_value=-0.00726541 2.09353e-05 0.00680324 -0.00505404 -0.0135035 -0.0234216
internal_weight=29.5476 22.9256 17.3537 9.63139 7.05501 5.26736
internal_count=3859 2306 1431 952 794 687
is_linear=0
shrinkage=0.05


Tree=88
num_leaves=7
num_cat=0
split_feature=12 27 54 33 61 33
split_gain=1.72343 1.83026 1.08319 1.1114 1.61284 0.876229
threshold=0.61023881920827894 -0.010907381447977423 -0.2023887439527873 -0.81468718654458594 0.67035712515064516 0.56688151992756663
decision_type=2 2 2 2 2 2
left_child=1 -1 3 -3 -5 -4
right_child=-2 2 5 4 -6 -7
leaf_value=-0.020620390095180935 0.023654525331433057 0.014508084043718217 0.02066368538492579 -0.027014904793284267 0.0086337757466349186 -0.010191220218703395
leaf_weight=8.7193398645613396 3.3241857355460516 2.1925433934666207 7.1991546502104011 4.851245107129218 3.4227963145822287 1.0005881363758815
leaf_count=1902 182 64 307 832 379 124
internal_value=-0.000100692 -0.00503494 0.00409241 -0.00603819 -0.0138945 0.0151772
internal_weight=30.7099 27.3857 18.6663 10.4666 8.27404 8.19974
internal_count=3790 3608 1706 1275 1211 431
is_linear=0
shrinkage=0.05


Tree=89
num_leaves=7
num_cat=0
split_feature=22 15 1 12 11 61
split_gain=1.48827 1.56813 1.43255 1.34107 1.02 0.950813
threshold=-1.6820387148953533 0.80329679500201812 -0.95755898642326998 -0.23319341449770728 -0.76568961056376506 0.83850867915686
decision_type=2 2 2 2 2 2
left_child=-1 2 -2 -4 -3 -6
right_child=1 4 3 -5 5 -7
leaf_value=-0.025284435179834877 -0.018278258858051146 0.010199845579808459 -0.004846439577289142 0.023119645584095145 -0.027802321260733422 0.0022448825526382968
leaf_weight=2.423374519567008 1.08104534307495 2.3332101183477834 4.7163230874575719 12.162206428940404 4.5635313710663441 3.3985140955774114
leaf_count=715 309 172 400 750 1022 463
internal_value=-0.00119054 0.00310454 0.0113816 0.0157531 -0.0106445 -0.0178726
internal_weight=30.6782 28.2548 17.9596 16.8785 10.2953 7.96205
internal_count=3831 3116 1459 1150 1657 1485
is_linear=0
shrinkage=0.05


Tree=90
num_leaves=7
num_cat=0
split_feature=27 15 15 33 32 45
split_gain=1.6891 1.55504 1.39148 1.42614 1.10896 1.01792
threshold=-0.81115261674921457 0.80329679500201812 -0.80649847674524766 -0.77419228448650779 0.64285630002502503 -0.29237145754377508
decision_type=2 2 2 2 2 2
left_child=-1 2 3 -2 -5 -3
right_child=1 5 -4 4 -6 -7
leaf_value=-0.023299435689417079 0.017511499984215275 -0.027109739869161861 0.03404383288149837 -0.023038922276363668 0.005562276650005883 0.0018440923057730816
leaf_weight=3.9168851702706915 6.5204367522383118 2.307031627860856 2.3995139952749005 3.3993027241667733 5.2775153706315905 6.2776508554816219
leaf_count=1032 277 622 64 650 392 767
internal_value=-0.00117156 0.00419385 0.0120964 0.00358988 -0.00868312 -0.0109423
internal_weight=30.0983 26.1815 17.5968 15.1973 8.67682 8.58468
internal_count=3804 2772 1383 1319 1042 1389
is_linear=0
shrinkage=0.05


Tree=91
num_leaves=7
num_cat=0
split_feature=10 40 12 11 9 33
split_gain=2.12842 1.92591 1.26915 1.18252 1.15654 1.13628
threshold=0.21834575952671012 -0.65687380820555852 -0.21921476088728645 0.70015887707836511 0.63492947281001133 -0.81468718654458594
decision_type=2 2 2 2 2 2
left_child=1 -1 5 4 -4 -3
right_child=-2 2 3 -5 -6 -7
leaf_value=-0.020240988719010294 -0.024458105178435229 0.012669011623391544 0.03424580801056544 -0.011340933706595439 0.0055074760853103324 -0.019363906828746214
leaf_weight=3.5580449333647328 5.4210425093770018 2.1338499179109931 5.8035916252993003 1.3486894677625958 8.1354283954715338 3.5526891354238677
leaf_count=805 1325 73 322 305 561 423
internal_value=-0.0026417 0.00431892 0.0104967 0.0171424 0.0214188 -0.00711962
internal_weight=29.9533 24.5323 20.9742 15.2877 13.939 5.68654
internal_count=3814 2489 1684 1188 883 496
is_linear=0
shrinkage=0.05


Tree=92
num_leaves=7
num_cat=0
split_feature=53 12 33 0 49 53
split_gain=1.43573 1.5775 1.36719 1.3457 0.987994 0.847714
threshold=-0.19340581382053751 -0.056322945923857136 -0.81468718654458594 -0.72860998382295727 -0.3563589200727057 2.1655603449384588
decision_type=2 2 2 2 2 2
left_child=1 2 -1 -3 -4 -2
right_child=5 3 4 -5 -6 -7
leaf_value=0.0091481003408104382 0.024353036778455069 -0.013347007190067237 -0.033657683069189613 0.020876387368280042 -0.003460664332736554 -0.00048788926425543029
leaf_weight=2.5033547710627344 4.3779662845190597 2.0658911765785888 5.5898906049551425 4.6547217379556995 5.0722660796018317 6.2098555084085092
leaf_count=165 178 442 1425 539 646 412
internal_value=1.98652e-05 -0.00762547 -0.0164985 0.00948381 -0.0232065 0.0128926
internal_weight=30.4739 19.8861 13.1655 6.72061 10.6622 10.5878
internal_count=3807 3217 2236 981 2071 590
is_linear=0
shrinkage=0.05


Tree=93
num_leaves=7
num_cat=0
split_feature=12 42 41 41 42 32
split_gain=1.57444 1.38708 1.2041 1.36135 0.904226 0.900718
threshold=-0.22052200158636767 -1.2990238448758331 -1.1951988299409873 0.66738229711082087 1.058811095435124 1.2464401481408145
decision_type=2 2 2 2 2 2
left_child=5 -2 -3 4 -4 -1
right_child=1 2 3 -5 -6 -7
leaf_value=-0.02420815345725616 -0.019858728777564859 -0.011450920646502688 0.033520521509421579 -0.0020273748010893556 0.0028206555322678115 0.0054550786198040721
leaf_weight=5.8808048723731208 1.6699704433558533 2.9418083928758341 6.166188237606546 6.74808844202198 4.055935598211363 2.2721708338940516
leaf_count=1041 377 471 401 899 496 135
internal_value=-0.00121008 0.00596436 0.0104467 0.0153927 0.0247432 -0.0166976
internal_weight=29.735 21.582 19.912 16.9702 10.2221 8.15298
internal_count=3820 2644 2267 1796 897 1176
is_linear=0
shrinkage=0.05


Tree=94
num_leaves=7
num_cat=0
split_feature=40 12 37 9 34 9
split_gain=1.3969 1.76604 1.116 0.784747 0.671988 0.665058
threshold=-0.72436468697037804 -0.22052200158636767 0.586233699998708 -1.3017538136967355 -1.7350269201785615 0.60994906628343915
decision_type=2 2 2 2 2 2
left_child=-1 4 3 -3 -2 -5
right_child=1 2 -4 5 -6 -7
leaf_value=-0.02412458394932843 0.0081168312103256923 -0.010632542038670064 -0.0081790916328921617 0.027233763090254482 -0.019965767668269876 0.0043232742340065175
leaf_weight=3.0780924473656368 0.97499886143486936 0.62427312741056695 4.3395412645768365 7.2352718163747287 6.3595316123683032 6.5256092228228226
leaf_count=806 60 207 578 772 936 483
internal_value=-0.00248548 0.0022972 0.0101894 0.0161857 -0.0149601 0.0190877
internal_weight=29.1373 26.0592 18.7247 14.3852 7.33453 13.7609
internal_count=3842 3036 2040 1462 996 1255
is_linear=0
shrinkage=0.05


Tree=95
num_leaves=7
num_cat=0
split_feature=31 37 61 61 28 45
split_gain=1.30188 1.43338 1.32031 1.29948 1.25816 1.1204
threshold=-0.20292467538032102 1.2154223333392695 0.62250912197814501 -0.81160294698635893 1.1057653100259561 0.27562749754859511
decision_type=2 2 2 2 2 2
left_child=2 3 -1 -2 -5 -4
right_child=1 -3 5 4 -6 -7
leaf_value=-0.026687665740742196 -0.0028332334320003579 -0.021313207268080253 0.01495084706039107 0.026433786974811538 -0.011981731932840798 -0.017718802684080499
leaf_weight=4.4941002769628557 8.5580089386785456 1.136287098750471 4.1910228052875027 9.244414431508627 0.77715200511738736 1.2117362639401106
leaf_count=967 822 246 547 630 275 297
internal_value=-0.000294663 0.00693372 -0.0129578 0.011384 0.0213806 0.00391359
internal_weight=29.6127 19.7159 9.89686 18.5796 10.0216 5.40276
internal_count=3784 1973 1811 1727 905 844
is_linear=0
shrinkage=0.05


Tree=96
num_leaves=7
num_cat=0
split_feature=37 1 42 41 42 41
split_gain=1.36036 1.51073 1.35421 1.25544 1.26707 1.79601
threshold=0.62246969458900214 -0.95755898642326998 1.058811095435124 -1.1951988299409873 -0.96936997781680245 1.0810916475269092
decision_type=2 2 2 2 2 2
left_child=1 -1 3 -3 -5 -6
right_child=-2 2 -4 4 5 -7
leaf_value=-0.018359894993125084 -0.016741685697239234 -0.0082191256732670973 -0.010016809769832605 -0.00072874975985484159 0.041986047605072976 0.00057459332454345903
leaf_weight=2.6801665822276908 6.0592483713990068 2.6996929553570324 4.1561115966178468 4.4598693716107034 5.9608476915163759 3.8180933800758794
leaf_count=729 960 384 504 559 203 443
internal_value=6.99209e-06 0.00567312 0.0106324 0.0164438 0.0217365 0.029748
internal_weight=29.834 23.7748 21.0946 16.9385 14.2388 9.77894
internal_count=3782 2822 2093 1589 1205 646
is_linear=0
shrinkage=0.05


Tree=97
num_leaves=7
num_cat=0
split_feature=40 10 44 1 39 39
split_gain=1.20195 1.1106 1.00919 0.867689 0.939215 1.11994
threshold=-0.67684099483737203 1.1310838962804901 0.70505509473395978 1.6020790147655142 0.35191568882098306 -1.2829658727689286
decision_type=2 2 2 2 2 2
left_child=-1 2 3 4 5 -2
right_child=1 -3 -4 -5 -6 -7
leaf_value=-0.019034514350514519 -0.0090624733789585795 -0.018871815522035984 -0.010952156925133988 -0.013147990725153283 -0.0020507338580491581 0.025028040288830707
leaf_weight=4.1216123852646005 1.2904741980601215 1.74405797489453 3.5837534611346191 0.85911022184882213 5.5534328477224326 12.204243139713071
leaf_count=990 190 589 373 136 612 935
internal_value=-0.000736231 0.00395729 0.00759742 0.0119338 0.0147001 0.0207127
internal_weight=29.3567 25.2351 23.491 19.9073 19.0482 13.4947
internal_count=3825 2835 2246 1873 1737 1125
is_linear=0
shrinkage=0.05


Tree=98
num_leaves=7
num_cat=0
split_feature=40 10 41 11 61 7
split_gain=1.21247 1.18203 0.867879 0.772742 0.781893 0.734407
threshold=-0.67684099483737203 0.077660915838933794 1.336970089714612 0.14039691684690328 -1.7103251551464056 0.54078947553652246
decision_type=2 2 2 2 2 2
left_child=-1 3 -3 4 -2 -6
right_child=1 2 -4 -5 5 -7
leaf_value=-0.020613105556979757 -0.012609273090740031 -0.020553380526496468 0.011577193237815805 -0.0097694422149112396 0.018202995444383623 -0.0076405132738323056
leaf_weight=4.0315632633864906 0.65949030476623249 4.6795966388890511 0.71252598718274374 2.6257454563165075 14.864974501309918 1.5411390597000707
leaf_count=1009 94 1154 82 481 869 176
internal_value=-0.00219237 0.00265403 -0.0136868 0.0083466 0.0121778 0.0149695
internal_weight=29.115 25.0835 5.39212 19.6913 17.0656 16.4061
internal_count=3865 2856 1236 1620 1139 1045
is_linear=0
shrinkage=0.05


Tree=99
num_leaves=7
num_cat=0
split_feature=27 37 45 1 39 3
split_gain=1.29898 1.2277 0.963868 1.16947 1.22179 1.09041
threshold=-0.010907381447977423 -0.814505619139123 -0.30680655081425995 0.96780326920515369 0.35191568882098306 -0.64719219981441423
decision_type=2 2 2 2 2 2
left_child=1 -1 5 4 -4 -2
right_child=2 -3 3 -5 -6 -7
leaf_value=0.0040450812267653858 0.0087075507108819086 -0.02624899607145019 0.026638196514156134 -0.0081595183092782308 -0.0081651504397125124 -0.021990373167406332
leaf_weight=4.2633682831656206 3.1372502737212926 5.7882254061987624 7.3655821748543513 3.5813565240241578 1.7912695889826862 3.1914317182963741
leaf_count=767 183 1343 403 317 168 644
internal_value=-0.00313571 -0.0154235 0.00455827 0.0116467 0.0194951 -0.00886636
internal_weight=29.1185 10.0516 19.0669 12.7382 9.15685 6.32868
internal_count=3825 2110 1715 888 571 827
is_linear=0
shrinkage=0.05


Tree=100
num_leaves=7
num_cat=0
split_feature=45 54 41 42 42 41
split_gain=1.85831 0.870736 0.815714 0.938719 1.04263 1.17443
threshold=-0.50645385238251162 -0.2023887439527873 -1.1235427855594671 -1.1302968424630679 1.1271385592221115 1.3402742762081716
decision_type=2 2 2 2 2 2
left_child=-1 2 -2 -4 5 -5
right_child=1 -3 3 4 -6 -7
leaf_value=-0.017515540254688218 -0.017839004243953623 0.018224451969306683 -0.014429129562968221 0.025315299960869356 -0.0084397460912288471 -0.012128459038928088
leaf_weight=7.1786076499847722 1.9873331757262374 8.1729156819637847 1.9363337786635408 6.8967451138887501 2.9319824319100007 0.74127228814177204
leaf_count=1437 412 454 400 552 405 154
internal_value=0.000616199 0.00773469 -0.000291379 0.00540887 0.0114295 0.0192858
internal_weight=29.8452 22.6666 14.4937 12.5063 10.57 7.63802
internal_count=3814 2377 1923 1511 1111 706
is_linear=0
shrinkage=0.05


Tree=101
num_leaves=7
num_cat=0
split_feature=47 50 7 0 33 54
split_gain=1.15049 1.2965 1.28239 1.24771 1.10287 1.21537
threshold=0.96527274207848213 1.389121929339231 1.2085683474662261 -0.80006675278034944 -0.81468718654458594 -0.2023887439527873
decision_type=2 2 2 2 2 2
left_child=1 2 3 -1 -2 -6
right_child=4 -3 -4 -5 5 -7
leaf_value=-0.010607908883057057 0.010573204732487598 -0.017285143412239658 -0.01575368860663371 0.020566844728807265 -0.026478358795757204 0.0094819513233440327
leaf_weight=1.9347500742878843 2.3800667066825554 1.7666394541738544 1.2599769541993726 15.891185946995392 5.9553145667305234 1.4643309630919246
leaf_count=305 97 548 348 1033 1373 108
internal_value=0.00144939 0.00782651 0.0121831 0.0161426 -0.0107742 -0.0186946
internal_weight=30.6523 20.8526 19.0859 17.8259 9.79971 7.41965
internal_count=3812 2234 1686 1338 1578 1481
is_linear=0
shrinkage=0.05


Tree=102
num_leaves=7
num_cat=0
split_feature=60 40 15 31 45 0
split_gain=1.17978 0.989081 0.947529 0.950013 0.694213 0.64833
threshold=-0.30773570501821523 0.18318890711151428 -0.55496796553473737 2.9364668754273944 1.5576469256002194 0.16459962814444609
decision_type=2 2 2 2 2 2
left_child=1 2 3 -1 -3 -2
right_child=5 4 -4 -5 -6 -7
leaf_value=-0.033967928153503593 -0.0031463748569011949 0.0091271345012492334 -0.00074580954770653329 0.0064131198738463686 -0.015567050107782985 0.018598527976651572
leaf_weight=4.832331975107083 4.7926925367210043 7.42690847662743 5.236792248091664 0.75620117876678694 0.97745180176571 4.7956129842204973
leaf_count=1181 405 703 1124 25 215 204
internal_value=-0.00296635 -0.00966508 -0.0179455 -0.0281723 0.0029156 0.00956985
internal_weight=28.818 19.2297 10.8253 5.58853 8.40436 9.58831
internal_count=3857 3248 2330 1206 918 609
is_linear=0
shrinkage=0.05


Tree=103
num_leaves=7
num_cat=0
split_feature=12 31 16 39 11 42
split_gain=1.44784 1.46773 1.00487 0.996132 0.909121 1.02866
threshold=-0.056322945923857136 0.075040281730601358 1.4689526365835628 -0.10749034365744863 -0.27266958196428587 1.0588401462275503
decision_type=2 2 2 2 2 2
left_child=1 -1 3 -2 5 -3
right_child=2 4 -4 -5 -6 -7
leaf_value=-0.023123206286069738 0.026810956812588188 0.014701220638210184 -0.009371685346506729 -0.0063317161687419651 -0.018216523970541069 -0.013570667110105065
leaf_weight=6.8626302244374591 5.8109645481454208 9.1266977707855386 2.1340506798587739 1.7359068911755438 1.2994452590355638 1.7701058188686136
leaf_count=1442 594 660 274 306 340 204
internal_value=-0.00109338 -0.00874173 0.0124699 0.019555 0.00231786 0.00817049
internal_weight=28.7398 19.0589 9.68092 7.54687 12.1962 10.8968
internal_count=3820 2646 1174 900 1204 864
is_linear=0
shrinkage=0.05


Tree=104
num_leaves=7
num_cat=0
split_feature=12 31 26 56 4 16
split_gain=1.85032 1.14707 0.903734 0.857883 0.636141 0.556317
threshold=0.61023881920827894 0.22131588614651101 0.35178159576644835 1.0000000180025095e-35 1.2533433272239087 -0.36831867093583637
decision_type=2 2 2 2 2 2
left_child=1 3 -3 4 -1 -4
right_child=-2 2 5 -5 -6 -7
leaf_value=-0.024459072309255536 0.022980820367461574 0.018334789422764675 -0.01645897591784995 0.0063251350697141415 0.0036152570730605066 0.0040651351584892279
leaf_weight=9.6807420998811775 3.2016016589477649 3.4047373668290666 2.8064457201398891 2.2352158807916558 1.5611993961501855 5.5745853662956506
leaf_count=1957 181 224 580 161 321 341
internal_value=-0.00194885 -0.00721219 0.003836 -0.0158132 -0.02062 -0.00533443
internal_weight=28.4645 25.2629 11.7858 13.4772 11.2419 8.38103
internal_count=3765 3584 1145 2439 2278 921
is_linear=0
shrinkage=0.05


Tree=105
num_leaves=7
num_cat=0
split_feature=12 0 22 15 16 61
split_gain=1.29085 1.01829 1.10901 1.19408 0.960791 1.14309
threshold=0.61023881920827894 -0.59462854202784665 -1.6820387148953533 0.80329679500201812 1.4689526365835628 -0.5083442558587743
decision_type=2 2 2 2 2 2
left_child=1 -1 -3 4 -4 -6
right_child=-2 2 3 -5 5 -7
leaf_value=-0.021772356180291705 0.021210786218159083 -0.022178394257281894 0.024015411290905935 -0.0091194945653482792 0.010350274420127379 -0.019527942280314375
leaf_weight=3.4805511195445495 2.9834395345533258 1.5409878722857779 5.7663613617187304 7.5670409711310631 6.3572107363725072 1.8660165360197432
leaf_count=852 176 493 487 1291 311 230
internal_value=3.35635e-05 -0.00425383 0.000585352 0.00472329 0.0124991 0.000162735
internal_weight=29.5616 26.5782 23.0976 21.5566 13.9896 8.22323
internal_count=3840 3664 2812 2319 1028 541
is_linear=0
shrinkage=0.05


Tree=106
num_leaves=7
num_cat=0
split_feature=45 45 61 34 17 42
split_gain=1.30257 1.04083 1.16538 0.953666 0.734863 0.619948
threshold=-0.50645385238251162 1.0000000180025095e-35 0.62250912197814501 0.64613733277694296 1.0000000180025095e-35 0.15235810236798569
decision_type=2 2 2 2 2 2
left_child=4 2 5 -3 -1 -2
right_child=1 3 -4 -5 -6 -7
leaf_value=-0.021467882090520043 0.0087826421381669139 0.0040223825856271428 0.02843254131928874 -0.02197617412442639 0.0069079771157518474 -0.014823571426324759
leaf_weight=5.7438150296220583 3.820363910985181 9.5724141895771009 4.562121638096869 2.0230466901557511 1.4745258494513107 1.7118576013017444
leaf_count=1270 379 727 386 614 178 271
internal_value=-0.000362069 0.00588293 0.0156605 -0.00409828 -0.0153451 -0.00116567
internal_weight=28.9081 21.6898 10.0943 11.5955 7.21834 5.53222
internal_count=3825 2377 1036 1341 1448 650
is_linear=0
shrinkage=0.05


Tree=107
num_leaves=7
num_cat=0
split_feature=15 15 33 62 34 17
split_gain=1.03067 1.55339 1.01953 1.51434 1.11351 1.41489
threshold=0.80329679500201812 -0.80649847674524766 -0.81468718654458594 0.41459744271248716 -1.4922608059681088 1.0000000180025095e-35
decision_type=2 2 2 2 2 2
left_child=1 2 -1 4 -4 -6
right_child=-2 -3 3 -5 5 -7
leaf_value=0.015268641778606146 -0.013212015749100921 0.029329175302782857 0.0078357365729951906 0.0089522290029586064 -0.035417086778338568 0.0079628327276531109
leaf_weight=3.2199717895127895 10.039167952025311 1.9373060697689641 1.5337095025461218 5.4701564381830394 5.0392421762226078 1.2169755036011336
leaf_count=146 1870 58 135 604 928 88
internal_value=-0.00229815 0.00466826 -0.00230108 -0.00859748 -0.0199837 -0.0271328
internal_weight=28.4565 18.4174 16.4801 13.2601 7.78993 6.25622
internal_count=3829 1959 1901 1755 1151 1016
is_linear=0
shrinkage=0.05


Tree=108
num_leaves=7
num_cat=0
split_feature=12 1 5 42 39 26
split_gain=0.921783 1.38085 1.03296 0.877238 0.687922 0.669099
threshold=-0.056322945923857136 0.34068132918798305 0.5819386959299343 -0.75260022742881183 1.2922961121101675 -0.82995542741537753
decision_type=2 2 2 2 2 2
left_child=1 -1 4 -2 -3 -5
right_child=3 2 -4 5 -6 -7
leaf_value=-0.020488959718122191 -0.010518324892018947 0.014808216832704797 -0.015994984344935338 -0.0066205382202585558 -0.012412692947140447 0.021873362754450287
leaf_weight=7.5830124372150811 1.8463890475686637 9.1010500204283709 2.1241111040581009 1.1695390829117966 0.48034765804186541 6.0360639863647503
leaf_count=1625 355 550 398 249 86 557
internal_value=-0.00139538 -0.00730423 0.00367443 0.00987958 0.0108092 0.0166619
internal_weight=28.3405 19.2885 11.7055 9.05199 9.5814 7.2056
internal_count=3820 2659 1034 1161 636 806
is_linear=0
shrinkage=0.05


Tree=109
num_leaves=7
num_cat=0
split_feature=60 62 62 45 12 27
split_gain=1.17657 1.30681 1.23627 1.39144 1.91514 0.678248
threshold=-0.20779548606225443 0.56828938797023121 1.0008847464085517 0.42536142688667072 0.0076168966950079129 -0.35732062529555447
decision_type=2 2 2 2 2 2
left_child=2 5 3 4 -1 -2
right_child=1 -3 -4 -5 -6 -7
leaf_value=-0.033976159084105895 -0.0052885604395744076 -0.01251537016600596 0.011671202960346752 0.0051521927279734037 0.0058488557472134968 0.024925640437482348
leaf_weight=6.7131176618859225 1.1761274449527261 2.0427698357962072 4.0322994730668134 5.4664055883185929 3.255842131911777 6.2713399347849172
leaf_count=1668 127 203 561 567 519 233
internal_value=-0.000683171 0.0116808 -0.00746535 -0.0135503 -0.0226252 0.0200057
internal_weight=28.9579 9.49024 19.4677 15.4354 9.96896 7.44747
internal_count=3878 563 3315 2754 2187 360
is_linear=0
shrinkage=0.05


Tree=110
num_leaves=7
num_cat=0
split_feature=45 12 41 41 42 12
split_gain=1.09642 1.05585 0.850956 0.892208 1.17485 0.83695
threshold=-0.65371284073979274 -0.23319341449770728 -1.1235427855594671 0.66738229711082087 -1.2990238448758331 0.13297566581978587
decision_type=2 2 2 2 2 2
left_child=5 -2 -3 4 -4 -1
right_child=1 2 3 -5 -6 -7
leaf_value=-0.025943348253337207 -0.010222402921647299 -0.0090152073141592775 -0.0083217653304758932 -0.0015741384651770743 0.027544868924888683 0.0070750668924596267
leaf_weight=3.0854565230547477 6.2893510403810096 2.6851396350539369 1.3913624597480581 5.4764277406502524 8.4702194971032281 1.2677325832191852
leaf_count=906 818 409 247 676 613 176
internal_value=-0.000247463 0.00438797 0.0102176 0.0145086 0.0217238 -0.0173643
internal_weight=28.6657 24.3125 18.0231 15.338 9.86158 4.35319
internal_count=3845 2763 1945 1536 860 1082
is_linear=0
shrinkage=0.05


Tree=111
num_leaves=7
num_cat=0
split_feature=40 10 47 29 0 27
split_gain=0.935586 1.04853 0.830861 1.33097 1.00468 0.988004
threshold=-0.67684099483737203 1.1310838962804901 0.96527274207848213 -1.2909735451363904 -0.80006675278034944 1.6718938766967464
decision_type=2 2 2 2 2 2
left_child=-1 2 4 -4 -2 -6
right_child=1 -3 3 -5 5 -7
leaf_value=-0.015548929451711139 -0.011053364841898344 -0.017656533153070593 0.017255351569442051 -0.0142983503153487 0.022477881844591912 -0.0099270923400552741
leaf_weight=3.7714062480372403 1.356110660475683 1.6046478952048335 2.3402568204328418 6.1244347220053896 12.716669953544622 1.0204192086821411
leaf_count=958 224 582 128 977 818 118
internal_value=0.0012623 0.00516993 0.00854361 -0.00334212 0.0146584 0.0187229
internal_weight=28.9339 25.1625 23.5579 8.46469 15.0932 13.7371
internal_count=3805 2847 2265 1105 1160 936
is_linear=0
shrinkage=0.05


Tree=112
num_leaves=7
num_cat=0
split_feature=37 40 10 39 39 9
split_gain=1.21034 1.40889 0.981304 1.07462 0.857569 0.722301
threshold=0.62246969458900214 -0.67684099483737203 1.1310838962804901 0.35191568882098306 -0.92816637820225256 1.0758866548439212
decision_type=2 2 2 2 2 2
left_child=1 -1 3 4 -3 -2
right_child=5 2 -4 -5 -6 -7
leaf_value=-0.01800930561508348 -0.024317266256526159 -0.0040690442700540876 -0.015193641389832311 -0.0022779369391162027 0.025421655801371092 0.0047160032507240594
leaf_weight=2.7378680708352539 3.9587493114522649 2.112251049489724 1.0033077463158395 6.959690847201272 10.159266626927996 1.8815305231837554
leaf_count=784 863 272 371 760 685 135
internal_value=-0.000607163 0.00488523 0.00990836 0.0130915 0.0205434 -0.0165375
internal_weight=28.8127 22.9724 20.2345 19.2312 12.2715 5.84028
internal_count=3870 2872 2088 1717 957 998
is_linear=0
shrinkage=0.05


Tree=113
num_leaves=7
num_cat=0
split_feature=15 15 54 37 33 43
split_gain=1.2187 1.56442 0.813129 0.85495 1.07898 1.12042
threshold=0.80329679500201812 -0.80649847674524766 -0.053397785856973683 -1.1955622698675228 -0.816336213708173 -1.09857681250183
decision_type=2 2 2 2 2 2
left_child=1 2 3 -1 -5 -6
right_child=-2 -3 -4 4 5 -7
leaf_value=0.012251649585298691 -0.012237219362224154 0.031015111765519632 0.010886944709529799 0.0096535878484950016 0.009489377312869739 -0.028551683578212597
leaf_weight=1.5233433509711236 9.9755451213568467 2.210781908594071 6.3531563330907366 1.7856300368439448 0.91289747483097361 5.6921259535592883
leaf_count=248 1822 65 375 65 76 1130
internal_value=-0.000151693 0.00717077 -0.000394436 -0.00847352 -0.014472 -0.0219722
internal_weight=28.4535 18.4779 16.2672 9.914 8.39065 6.60502
internal_count=3781 1959 1894 1519 1271 1206
is_linear=0
shrinkage=0.05


Tree=114
num_leaves=7
num_cat=0
split_feature=37 9 39 39 3 9
split_gain=0.899748 0.908756 1.07441 1.15693 1.10694 0.595003
threshold=0.62246969458900214 -1.3017538136967355 1.0000000180025095e-35 -1.2829658727689286 -0.52835026998942214 1.2499133362947277
decision_type=2 2 2 2 2 2
left_child=1 -1 3 -3 -4 -2
right_child=5 2 4 -5 -6 -7
leaf_value=-0.017617762174109861 -0.01987898657544419 -0.011145311303646196 0.0069724943770897016 0.023454785527170348 -0.019906827745955185 0.0066249144763241216
leaf_weight=1.2086786357103907 4.6781130400486282 1.1402147869230237 8.1294111475581339 8.6978260157629865 2.9048948960844365 1.2553652635542674
leaf_count=487 917 190 610 882 651 65
internal_value=-0.000332461 0.00455047 0.00788687 0.0177773 -0.00284645 -0.0139298
internal_weight=28.0145 22.081 20.8723 9.83804 11.0343 5.93348
internal_count=3802 2820 2333 1072 1261 982
is_linear=0
shrinkage=0.05


Tree=115
num_leaves=7
num_cat=0
split_feature=42 31 37 44 43 28
split_gain=1.03227 1.09501 1.16574 0.903815 0.890837 0.74598
threshold=1.058811095435124 -0.20292467538032102 1.2154223333392695 0.22815586089137521 -0.65535236490582649 0.42562459884320475
decision_type=2 2 2 2 2 2
left_child=1 5 4 -2 -3 -1
right_child=3 2 -4 -5 -6 -7
leaf_value=-0.01468938473632189 -0.025907189158461092 -0.0095338647134891423 -0.016158668157763453 0.0046809154673459431 0.020188949824916536 0.011399597726369661
leaf_weight=6.0884257189463886 2.7885281613562247 1.1611789803719172 0.7585127083584674 2.8098423487972468 13.441518212086514 1.3849997114157302
leaf_count=1149 661 198 172 239 1143 252
internal_value=0.000803202 0.00572937 0.0126099 -0.0142782 0.0166034 -0.0079741
internal_weight=28.433 22.8346 15.3612 5.59837 14.6027 7.47343
internal_count=3814 2914 1513 900 1341 1401
is_linear=0
shrinkage=0.05


Tree=116
num_leaves=7
num_cat=0
split_feature=11 10 16 41 6 60
split_gain=1.08404 0.987704 1.11073 0.985911 0.941391 1.61329
threshold=0.70015887707836511 0.57129528618048175 1.4689526365835628 -1.0642914413190232 -1.1086831597754263 -0.29016374764685149
decision_type=2 2 2 2 2 2
left_child=1 2 3 -1 -4 -6
right_child=-2 -3 4 -5 5 -7
leaf_value=-0.0088512868763694474 -0.022801171120417248 -0.01601361762294249 0.010570872889495594 0.019501765595549097 -0.030638263865332607 0.0088804499960037919
leaf_weight=2.0246500212815635 2.1592927166493601 3.1626557952258727 3.008833616739139 11.2339400202618 3.1002081058686599 2.6462418441660702
leaf_count=305 703 900 179 1094 512 112
internal_value=-0.0018609 0.00217152 0.00639135 0.0143378 -0.00623039 -0.0156359
internal_weight=27.3358 25.1765 22.0139 13.2586 8.75528 5.74645
internal_count=3805 3102 2202 1399 803 624
is_linear=0
shrinkage=0.05


Tree=117
num_leaves=7
num_cat=0
split_feature=59 0 12 54 33 30
split_gain=1.13175 1.06022 1.30203 0.591399 1.03187 0.656515
threshold=1.0000000180025095e-35 -0.018508342308871686 0.5199884183882737 -0.39567434258852591 -0.81468718654458594 -0.14677395351508751
decision_type=2 2 2 2 2 2
left_child=-1 2 -2 4 -3 -6
right_child=1 3 -4 -5 5 -7
leaf_value=0.010044415103873357 -0.029040742639866834 0.012907066475483273 0.0086097531357973572 0.014360260445171587 -0.026330051663189497 0.000577762614476561
leaf_weight=8.5139650685014221 5.8628612128086433 2.4939953210996455 1.5682534429943187 2.5090052560553895 2.2816495766746803 3.7512047066702472
leaf_count=579 1686 90 149 169 480 673
internal_value=-0.00292002 -0.00946552 -0.020904 0.00105847 -0.0055743 -0.0149638
internal_weight=26.9809 18.467 7.43111 11.0359 8.52685 6.03285
internal_count=3826 3247 1835 1412 1243 1153
is_linear=0
shrinkage=0.05


Tree=118
num_leaves=7
num_cat=0
split_feature=10 44 22 11 9 54
split_gain=1.54196 1.32685 1.04092 0.798179 0.825047 0.894145
threshold=0.21834575952671012 0.70505509473395978 -1.6820387148953533 0.70015887707836511 0.63492947281001133 -0.40775452320194877
decision_type=2 2 2 2 2 2
left_child=1 2 -1 4 -4 -6
right_child=-2 -3 3 -5 5 -7
leaf_value=-0.014949206633482336 -0.023839469656944442 -0.020572348601921878 0.026712112301072934 -0.011345553801332599 -0.0071992311941920578 0.015772519896160627
leaf_weight=1.8958225773531108 4.5154062918736591 2.3374275272944933 5.2844965634867611 1.2462643380276848 6.1549583378946391 5.2091603277949616
leaf_count=610 1327 315 398 344 595 228
internal_value=-0.00423245 0.00213699 0.00717407 0.0113277 0.0144981 0.00442564
internal_weight=26.6435 22.1281 19.7907 17.8949 16.6486 11.3641
internal_count=3817 2490 2175 1565 1221 823
is_linear=0
shrinkage=0.05


Tree=119
num_leaves=7
num_cat=0
split_feature=15 15 44 54 43 3
split_gain=0.958397 1.45268 0.88448 0.959197 0.921759 0.787681
threshold=0.80329679500201812 -0.80649847674524766 0.28818148880237465 -0.053397785856973683 -1.09857681250183 -0.61771940121781621
decision_type=2 2 2 2 2 2
left_child=1 2 3 4 -1 -2
right_child=5 -3 -4 -5 -6 -7
leaf_value=0.007784603269668045 0.0056427892425948908 0.028929294566547355 0.0095907200342447221 0.0055140446217355624 -0.029020795031480764 -0.019422279300348892
leaf_weight=0.86457440140657293 3.0457535592722706 2.0585130769759408 6.8169771402608594 3.9636394692352042 3.6692195459036157 6.4280036159325409
leaf_count=75 342 64 460 284 1059 1533
internal_value=-0.00112479 0.00566571 -0.00168786 -0.0108776 -0.0216972 -0.011945
internal_weight=26.8467 17.3729 15.3144 8.49743 4.53379 9.47376
internal_count=3817 1942 1878 1418 1134 1875
is_linear=0
shrinkage=0.05


Tree=120
num_leaves=7
num_cat=0
split_feature=47 34 37 27 45 40
split_gain=1.17212 0.993973 0.988398 1.14762 0.832471 0.935713
threshold=0.96527274207848213 -1.6624345627723678 0.64561799580147494 -0.94323026043061498 1.4524619339164471 -0.65687380820555852
decision_type=2 2 2 2 2 2
left_child=2 -2 3 -1 5 -5
right_child=1 -3 -4 4 -6 -7
leaf_value=-0.012984582442310093 0.010855825417212793 -0.020485029302798725 -0.009562217254507191 -0.0049992121458880649 -0.010678010817414457 0.026047598245105209
leaf_weight=1.5734320746269101 1.2907371072797102 7.0362491540727223 5.0060825003893106 1.9486659727408557 0.57916643051430661 9.4695019014179653
leaf_count=484 87 1502 698 347 111 573
internal_value=-0.00110724 -0.0140385 0.00583509 0.0122178 0.0174593 0.0208113
internal_weight=26.9038 8.32699 18.5768 13.5708 11.9973 11.4182
internal_count=3802 1589 2213 1515 1031 920
is_linear=0
shrinkage=0.05


Tree=121
num_leaves=7
num_cat=0
split_feature=12 0 45 0 28 27
split_gain=0.951322 0.948776 1.10644 1.01048 1.04529 0.854823
threshold=0.61023881920827894 -0.59462854202784665 -0.65371284073979274 0.90149755801755405 0.89001770301277816 1.6718938766967464
decision_type=2 2 2 2 2 2
left_child=1 -1 -3 4 5 -4
right_child=-2 2 3 -5 -6 -7
leaf_value=-0.023494746475196046 0.016487570359775511 -0.019941319217499285 0.019371174411792823 -0.011355495520115189 -0.013857191319002036 -0.011159951143230883
leaf_weight=3.0446684343041914 2.7165108610643065 2.8890442053671093 11.576078516605769 4.516546737519092 1.2574631478055369 0.71487729682121504
leaf_count=858 178 757 967 492 483 117
internal_value=-0.00231042 -0.00603385 -0.000872004 0.00458331 0.0109921 0.0157543
internal_weight=26.7152 23.9987 20.954 18.065 13.5484 12.291
internal_count=3852 3674 2816 2059 1567 1084
is_linear=0
shrinkage=0.05


Tree=122
num_leaves=7
num_cat=0
split_feature=12 32 44 60 26 42
split_gain=1.15214 1.12667 1.11242 0.83884 0.682249 0.65261
threshold=-0.056322945923857136 1.2464401481408145 0.43340680052728403 -0.20779548606225443 -0.86665775846159376 -1.2990238448758331
decision_type=2 2 2 2 2 2
left_child=1 2 3 -1 -2 -6
right_child=4 -3 -4 -5 5 -7
leaf_value=-0.030158847530450984 -0.0078225897927555309 0.0097980633762813005 0.0045128645485948147 0.00037043432468471878 -0.0086096919216937916 0.021801305750271813
leaf_weight=5.3689126594690659 1.4793948567239565 5.1870748476358122 4.7018065225565797 2.9788504625903443 0.46906016126740713 7.1857869854429719
leaf_count=1580 332 380 456 226 124 707
internal_value=0.000722671 -0.0063667 -0.0134225 -0.0220468 0.0129514 0.0180384
internal_weight=27.3709 18.2366 13.0496 8.34776 9.13424 7.65485
internal_count=3805 2642 2262 1806 1163 831
is_linear=0
shrinkage=0.05


Tree=123
num_leaves=7
num_cat=0
split_feature=34 39 39 16 37 40
split_gain=0.982642 0.933253 1.12804 0.656939 0.710738 0.635664
threshold=0.56604286557189354 1.0000000180025095e-35 -1.3660040523483634 -0.36831867093583637 -0.61445087750671301 -0.65214100126096219
decision_type=2 2 2 2 2 2
left_child=1 2 -1 -3 -5 -4
right_child=-2 3 5 4 -6 -7
leaf_value=-0.012870865369456575 -0.015268813458942399 -0.016084297426974759 -0.0050256836514033258 0.017198353382803115 -0.006857290108260407 0.023325968300856901
leaf_weight=1.2558815082884383 5.3627166420919812 4.0746091630426218 1.2682435857132066 2.427460910868831 4.465763246291317 8.1681556773837709
leaf_count=171 1486 839 282 172 365 518
internal_value=-0.000501287 0.00456765 0.0134587 -0.00512904 0.00426034 0.0192224
internal_weight=27.0228 21.6601 10.6923 10.9678 6.89322 9.4364
internal_count=3833 2347 971 1376 537 800
is_linear=0
shrinkage=0.05


Tree=124
num_leaves=7
num_cat=0
split_feature=33 38 42 12 0 9
split_gain=1.34106 0.893455 1.03065 0.97657 1.39007 0.568832
threshold=0.31567638527520453 -0.25848535223467256 -0.71559678057563358 0.61023881920827894 -0.30805340314825497 0.76268342274506928
decision_type=2 2 2 2 2 2
left_child=1 3 -3 4 -1 -4
right_child=-2 2 5 -5 -6 -7
leaf_value=-0.026592670405947611 -0.02311999194761933 -0.011364286441919303 0.029966979427484799 0.016526635812272397 0.0014576995387065928 -0.0055359133911756092
leaf_weight=3.3909823958529257 3.1490019700140683 0.66837098769610737 3.3830494128051209 2.4910429774317882 13.381711799360348 0.36939211538992811
leaf_count=812 992 207 356 147 1246 64
internal_value=-0.00223073 0.00283364 0.0176449 -0.00248499 -0.00738765 0.0255653
internal_weight=26.8336 23.6845 4.42081 19.2637 16.7727 3.75244
internal_count=3824 2832 627 2205 2058 420
is_linear=0
shrinkage=0.05


Tree=125
num_leaves=7
num_cat=0
split_feature=59 12 14 43 33 44
split_gain=0.914536 0.767166 1.06323 0.578413 0.562932 0.925414
threshold=1.0000000180025095e-35 0.61023881920827894 1.0000000180025095e-35 2.0357549109313919 -0.81468718654458594 0.51288131586948826
decision_type=2 2 2 2 2 2
left_child=-1 2 3 4 -2 -6
right_child=1 -3 -4 -5 5 -7
leaf_value=0.011727638579131196 0.0033305453485990184 0.013059202696794919 0.012401624353775169 0.007389570316402562 -0.028221336098578825 0.00075154600212925778
leaf_weight=8.4600388504331949 1.9749184061074672 1.8780996034620319 2.1845191201427943 1.0576558638131235 7.7318994138622656 3.5034093338763341
leaf_count=576 164 151 466 66 1965 390
internal_value=0.000368316 -0.0057864 -0.00961994 -0.0145604 -0.0173601 -0.0209325
internal_weight=26.7905 18.3305 16.4524 14.2679 13.2102 11.2353
internal_count=3778 3202 3051 2585 2519 2355
is_linear=0
shrinkage=0.05


Tree=126
num_leaves=7
num_cat=0
split_feature=32 12 31 31 39 22
split_gain=0.790963 0.802652 0.766808 1.37575 0.844293 0.796061
threshold=1.2464401481408145 1.252925396848606 -0.20292467538032102 0.65927379182102319 0.29691637507356522 -1.6820387148953533
decision_type=2 2 2 2 2 2
left_child=1 2 -1 5 -5 -4
right_child=-2 -3 3 4 -6 -7
leaf_value=-0.019856407938401432 0.01151528830705744 0.014671726762192262 -0.01308021233309261 0.0056835925777859479 -0.027880825234016089 0.015329469281623001
leaf_weight=6.4295161339105187 6.3273507682606569 1.4617225555703033 0.72945417900337517 1.5437219452578581 2.4709327328600921 7.6872783254948365
leaf_count=1604 462 81 263 128 479 771
internal_value=-0.000877883 -0.00572133 -0.00909832 -0.000755681 -0.0180635 0.0100772
internal_weight=26.65 20.3226 18.8609 12.4314 4.01465 8.41673
internal_count=3788 3326 3245 1641 607 1034
is_linear=0
shrinkage=0.05


Tree=127
num_leaves=7
num_cat=0
split_feature=39 37 40 3 35 37
split_gain=0.65267 1.01748 1.09547 0.943243 0.936476 0.715195
threshold=-0.13984288115592972 0.64561799580147494 -0.65687380820555852 -0.61771940121781621 -0.39665403740543709 -0.83231200468717903
decision_type=2 2 2 2 2 2
left_child=1 2 -1 4 5 -2
right_child=3 -3 -4 -5 -6 -7
leaf_value=-0.01135263151739775 0.0076815309394203564 -0.009641528640262978 0.020641525775977151 -0.018961568767034618 0.015840262596417964 -0.02145792766166418
leaf_weight=1.4039398472523306 1.6334141351981091 4.1928147417493156 8.2966729858890194 5.4832080483320151 4.083656118134968 1.8901327511994166
leaf_count=409 238 718 889 1125 190 293
internal_value=-0.000138536 0.00673839 0.0144233 -0.00733284 0.00404127 -0.0106292
internal_weight=26.9838 13.8934 9.70061 13.0904 7.6072 3.52355
internal_count=3862 2016 1298 1846 721 531
is_linear=0
shrinkage=0.05


Tree=128
num_leaves=7
num_cat=0
split_feature=0 12 12 6 45 62
split_gain=1.00666 0.81319 0.74069 0.699308 0.76844 0.64523
threshold=-0.80006675278034944 -0.056322945923857136 4.7195192138907176 0.85109507762181102 -0.56956484739277491 -0.28903284868175311
decision_type=2 2 2 2 2 2
left_child=2 3 -1 4 -2 -6
right_child=1 -3 -4 -5 5 -7
leaf_value=-0.026387317655311396 -0.014100331049749414 0.016444308575154158 0.0084336663185365958 -0.019514886654924846 -0.0038590920547560757 0.014916996298704849
leaf_weight=2.2039206369081543 2.480259009695156 6.1471537555917122 0.52240285533480335 1.3862025488051575 6.1291034967871472 7.9778014819021266
leaf_count=686 556 706 29 520 521 801
internal_value=0.000283579 0.00427996 -0.0187923 -0.0016375 0.00261663 0.00751309
internal_weight=26.8468 24.1205 2.72632 17.9734 16.5872 14.1069
internal_count=3819 3104 715 2398 1878 1322
is_linear=0
shrinkage=0.05


Tree=129
num_leaves=7
num_cat=0
split_feature=54 1 44 32 53 42
split_gain=0.987537 1.1673 1.00554 0.994445 0.594471 0.546557
threshold=-0.40775452320194877 -0.35644798572881103 0.44089436147935102 0.23084208248592666 2.1655603449384588 0.26211490123431963
decision_type=2 2 2 2 2 2
left_child=2 -2 -1 -4 -3 -6
right_child=1 4 3 -5 5 -7
leaf_value=-0.015938502388683717 -0.011945605267870495 0.025050605558960538 0.018772167593099073 -0.011077456211724098 0.010266368216676848 -0.013530968669130328
leaf_weight=9.3891340423724632 2.3785483072861089 5.0585448804777098 3.355570812127552 2.3626328996615484 2.9371094794478267 1.0719499224796889
leaf_count=2299 350 280 315 270 147 114
internal_value=0.000200173 0.00993182 -0.00759696 0.00687108 0.0172136 0.000835365
internal_weight=26.5535 11.4462 15.1073 5.7182 9.0676 4.00906
internal_count=3775 891 2884 585 541 261
is_linear=0
shrinkage=0.05


Tree=130
num_leaves=7
num_cat=0
split_feature=34 61 4 7 4 3
split_gain=0.707724 1.87223 0.849333 1.00074 0.758358 0.980723
threshold=-0.36902225863799859 0.6377423638044919 -0.073973088306247631 1.1867065391590037 -1.2252803067692222 -0.52835026998942214
decision_type=2 2 2 2 2 2
left_child=4 -2 -3 -4 -1 -6
right_child=1 2 3 -5 5 -7
leaf_value=-0.013049144081532755 -0.022439398641271743 -0.0128874265824941 0.022269211767802055 -0.010056910772050669 0.018572667163474631 -0.0094137150186930224
leaf_weight=0.98979316122131322 5.9217021135846144 1.1970792266656642 5.6947541759582219 1.3281243700184857 9.7139345285249856 2.1065737010794718
leaf_count=325 1323 258 561 424 570 364
internal_value=0.00106194 -0.00607814 0.00855691 0.0149755 0.00860176 0.0126892
internal_weight=26.952 14.1417 8.21996 7.02288 12.8103 11.8205
internal_count=3825 2566 1243 985 1259 934
is_linear=0
shrinkage=0.05


Tree=131
num_leaves=7
num_cat=0
split_feature=15 15 43 29 31 32
split_gain=1.03015 1.30197 0.875263 0.806939 0.768764 0.679817
threshold=0.80329679500201812 -0.80649847674524766 0.069920552212335577 1.0915474211851521 0.042050282721228953 1.2896808337940799
decision_type=2 2 2 2 2 2
left_child=1 2 5 -2 -4 -1
right_child=3 -3 4 -5 -6 -7
leaf_value=-0.019803939478597543 -0.01905417650548626 0.026990408111461518 -0.0092604310206445082 0.010047669977856589 0.015388355032712984 0.007138154440747559
leaf_weight=4.9458984183729653 7.8397354047629069 1.9427664484828699 2.4935917211114411 1.0264352231752125 5.7977069283369929 1.5346831982024012
leaf_count=1098 1677 67 407 153 286 106
internal_value=-0.00255977 0.00471353 -0.00227785 -0.0139966 0.00748445 -0.0131839
internal_weight=25.5808 16.7146 14.7719 8.86617 8.2913 6.48058
internal_count=3794 1964 1897 1830 693 1204
is_linear=0
shrinkage=0.05


Tree=132
num_leaves=7
num_cat=0
split_feature=12 42 42 1 61 34
split_gain=1.02869 1.31055 0.803851 0.76189 0.760576 0.867139
threshold=-0.24619096926035136 -0.76782284266026657 -0.66605065409233977 0.46735577295943959 0.6377423638044919 -0.36902225863799859
decision_type=2 2 2 2 2 2
left_child=2 3 -1 -2 5 -3
right_child=1 4 -4 -5 -6 -7
leaf_value=0.0056994928548298627 -0.021954741243172936 0.013465005177937318 -0.022981145014653689 0.0057181906434531343 0.024502840564186692 -0.01032594328791548
leaf_weight=2.5144606880494393 2.3004496940411689 5.5614876125473591 2.9344109877711189 2.8584934803075157 6.53232951555401 4.0873948095249863
leaf_count=323 651 456 592 278 709 799
internal_value=0.00294893 0.00792089 -0.0124218 -0.010157 0.0143716 0.00332808
internal_weight=26.789 21.3402 5.44887 5.15894 16.1812 9.64888
internal_count=3808 2893 915 929 1964 1255
is_linear=0
shrinkage=0.05


Tree=133
num_leaves=7
num_cat=0
split_feature=42 12 62 59 33 38
split_gain=0.900638 1.24 1.06919 0.842711 0.800258 0.908886
threshold=-0.71559678057563358 -0.24333589141450523 -1.8411760999547166 1.0000000180025095e-35 0.7846814006926307 -0.25848535223467256
decision_type=2 2 2 2 2 2
left_child=3 2 -2 -1 5 -3
right_child=1 4 -4 -5 -6 -7
leaf_value=0.0051359074620579235 0.010023949147707314 0.0037724038917572342 -0.02581778507187087 -0.023459022117395891 -0.012960013301019382 0.027946981212954882
leaf_weight=2.7144305807887577 1.3331093406304719 10.893719746614808 2.4482605391531296 3.7458900954225127 0.82604659831849936 4.2328070303774359
leaf_count=193 59 1210 579 1028 323 440
internal_value=-0.000725078 0.00473895 -0.0143374 -0.0136257 0.0108145 0.0140428
internal_weight=26.1943 19.7339 3.78137 6.46032 15.9526 15.1265
internal_count=3832 2611 638 1221 1973 1650
is_linear=0
shrinkage=0.05


Tree=134
num_leaves=7
num_cat=0
split_feature=15 1 16 19 33 61
split_gain=0.893311 0.923224 0.867174 0.909411 0.646584 0.645063
threshold=0.80329679500201812 -0.95755898642326998 1.4689526365835628 5.5671583795612518 1.0775264938589897 -0.41665185794249299
decision_type=2 2 2 2 2 2
left_child=1 -1 3 4 -3 -4
right_child=-2 2 5 -5 -6 -7
leaf_value=-0.015866845217558462 -0.01060748558066142 0.029630954065833243 0.0081211086321365169 -0.010780068258017604 -0.0063232509227118859 -0.012837604399967737
leaf_weight=1.2108169813291212 8.8235197251779045 5.7585565953631841 6.4436400238191727 0.32992231531534333 0.37773378525162105 3.0061616683960874
leaf_count=463 1837 452 412 48 166 413
internal_value=0.000332543 0.0067097 0.0106712 0.0213675 0.0260681 -3.30849e-05
internal_weight=25.9504 17.1268 15.916 6.46621 6.13629 9.4498
internal_count=3791 1954 1491 666 618 825
is_linear=0
shrinkage=0.05


Tree=135
num_leaves=7
num_cat=0
split_feature=40 33 61 4 43 1
split_gain=1.17193 1.32474 0.673751 0.530987 0.517518 0.79173
threshold=-0.67684099483737203 0.31567638527520453 -1.7103251551464056 -1.2539232152213609 -0.57709563736566083 1.4532628519057009
decision_type=2 2 2 2 2 2
left_child=-1 2 -2 -4 -5 -6
right_child=1 -3 3 4 5 -7
leaf_value=-0.020351778062307285 -0.012998603930447147 -0.018012621799971696 -0.010418621016197354 -0.0041767690475246547 0.019015403245810882 -0.0088829850108984743
leaf_weight=2.8420996159547967 0.6817544138757573 2.6343018112238488 0.43247616180452553 2.4616393235628626 15.974740055331479 1.1587485333438952
leaf_count=953 123 862 107 298 1329 128
internal_value=-0.000100966 0.00440145 0.00917102 0.0115208 0.013324 0.0160861
internal_weight=26.1858 23.3437 20.7094 20.0276 19.5951 17.1335
internal_count=3800 2847 1985 1862 1755 1457
is_linear=0
shrinkage=0.05


Tree=136
num_leaves=7
num_cat=0
split_feature=41 39 39 33 16 32
split_gain=0.850621 0.729617 0.785781 1.12001 1.0255 0.695921
threshold=-1.1235427855594671 -1.2613975144366079 1.0000000180025095e-35 0.56688151992756663 -0.36831867093583637 1.0464041443775882
decision_type=2 2 2 2 2 2
left_child=5 -2 3 -3 -4 -1
right_child=1 2 4 -5 -6 -7
leaf_value=-0.023657351483877223 -0.014216576306418569 0.021316043259889506 -0.018184587519365532 -0.010492130119489242 0.0083120745725675654 0.0060627272571815837
leaf_weight=2.7179686847957809 1.7010229786974438 9.2030517696402949 3.079385335033292 1.6008775971713465 6.3014246436650865 1.4771774132968856
leaf_count=678 321 928 770 529 465 100
internal_value=0.000125521 0.00449166 0.00770381 0.0153469 -0.00268456 -0.0150279
internal_weight=26.0809 21.8858 20.1847 10.8039 9.38081 4.19515
internal_count=3791 3013 2692 1457 1235 778
is_linear=0
shrinkage=0.05


Tree=137
num_leaves=7
num_cat=0
split_feature=22 36 3 62 61 11
split_gain=0.644788 0.619104 0.668191 0.652319 0.563985 0.492897
threshold=-1.6820387148953533 -0.74344568923169252 1.7001735980888308 1.0508324904433435 -1.7103251551464056 0.24490195296614195
decision_type=2 2 2 2 2 2
left_child=-1 2 -2 4 -3 -6
right_child=1 3 -4 -5 5 -7
leaf_value=-0.017121529487756526 -0.018678392328574291 -0.011428141256423979 0.0095635011921610599 -0.012256487564089227 0.013920872897545834 -0.0067337079905821122
leaf_weight=1.815801517805087 3.0447491352097158 0.64573618478608352 0.96769302099710319 1.5146988957421843 16.924054473580327 1.5484891295200203
leaf_count=699 1010 103 208 248 1248 304
internal_value=-0.000260728 0.0027047 -0.0106897 0.00633579 0.00927143 0.0114906
internal_weight=26.4612 24.6454 4.01244 20.633 19.1183 18.4725
internal_count=3820 3121 1218 1903 1655 1552
is_linear=0
shrinkage=0.05


Tree=138
num_leaves=7
num_cat=0
split_feature=12 42 11 9 33 42
split_gain=0.880144 1.33713 0.962916 0.762226 0.748804 0.709251
threshold=-0.23739315915671874 -0.73661502889616315 -0.63701866439551547 0.70497315901213342 0.7846814006926307 -0.3560859616003289
decision_type=2 2 2 2 2 2
left_child=5 2 -2 4 -3 -1
right_child=1 3 -4 -5 -6 -7
leaf_value=0.0029245836349742721 0.0059007167223978111 0.02260618301330538 -0.026683387418895976 -0.0022945774112822356 -0.0083901786520903954 -0.02486269248064207
leaf_weight=2.898809818783775 2.4637845886172727 8.2851388661656458 2.1694432568037945 5.9217444118112317 0.74589480186114165 2.7075307889026616
leaf_count=429 188 997 692 617 280 569
internal_value=-0.000962583 0.00431752 -0.0138471 0.0113193 0.0185923 -0.0144839
internal_weight=25.1923 19.586 4.63323 14.9528 9.03103 5.60634
internal_count=3772 2774 880 1894 1277 998
is_linear=0
shrinkage=0.05


Tree=139
num_leaves=7
num_cat=0
split_feature=12 61 3 39 37 5
split_gain=0.870412 0.869188 1.36465 1.19893 0.815566 0.758115
threshold=0.61023881920827894 0.6377423638044919 -0.64719219981441423 -1.1222816031931391 -0.57634521243387293 -0.035982352889188531
decision_type=2 2 2 2 2 2
left_child=1 2 -1 -3 -4 -5
right_child=-2 3 4 5 -6 -7
leaf_value=0.004450638744088708 0.017881733015637849 -0.016820463462513341 0.0021012340304666665 -0.010133658819071424 -0.029459975926288143 0.020246039635938653
leaf_weight=7.5050188906025168 2.7247346723452202 1.2680650901165789 2.2276467757183154 0.65007249312475313 5.1654201439814642 6.6678239698521775
leaf_count=717 179 304 491 167 1150 841
internal_value=0.000222857 -0.00361949 -0.0102142 0.00750527 -0.0220886 0.0153856
internal_weight=26.2088 23.484 14.8981 8.58596 7.39307 7.3179
internal_count=3849 3670 2358 1312 1641 1008
is_linear=0
shrinkage=0.05


Tree=140
num_leaves=7
num_cat=0
split_feature=32 62 43 44 44 62
split_gain=1.00512 0.72535 0.626078 0.693709 0.54719 0.493901
threshold=1.2464401481408145 0.56828938797023121 -0.05715636010218373 0.65371628893030254 0.43340680052728403 0.28459646508768582
decision_type=2 2 2 2 2 2
left_child=2 -2 -1 4 5 -4
right_child=1 -3 3 -5 -6 -7
leaf_value=-0.016985991408116106 0.018651939447228916 -0.0094289388989021953 -0.0092786730993813273 -0.015088831991094419 0.018418492267137848 0.010244457967757596
leaf_weight=6.8383511074353072 5.0502390393521628 1.1144956251373512 5.0815773941576463 2.4134499167557797 2.4106082192156464 2.4626839268021286
leaf_count=1490 301 155 937 369 164 422
internal_value=-0.00200231 0.0121506 -0.00757275 -6.8418e-05 0.006224 -0.00180421
internal_weight=25.3714 6.16473 19.2067 12.3683 9.95487 7.54426
internal_count=3838 456 3382 1892 1523 1359
is_linear=0
shrinkage=0.05


Tree=141
num_leaves=7
num_cat=0
split_feature=33 39 16 16 39 26
split_gain=0.657322 0.840402 0.953016 0.582415 0.531501 0.49087
threshold=-0.045870399117608006 -0.13984288115592972 1.4689526365835628 -0.36831867093583637 -1.3757098135979078 0.089516001798681091
decision_type=2 2 2 2 2 2
left_child=1 2 4 -3 -1 -4
right_child=-2 3 5 -5 -6 -7
leaf_value=-0.004922523842291345 -0.014489052506678368 -0.016430667393247143 -0.019581865974853296 0.0027243699226795525 0.022889368399000118 0.0071156919561213856
leaf_weight=0.97506933659315009 5.1209426767891264 4.2242283286759612 0.93396883056266211 7.236943568685092 6.0963746441411848 0.98033462837338448
leaf_count=152 1358 920 196 610 564 64
internal_value=-0.00239931 0.00209501 0.0116748 -0.00627955 0.0187305 -0.00991221
internal_weight=25.5679 20.4469 8.98575 11.4612 7.07144 1.9143
internal_count=3864 2506 976 1530 716 260
is_linear=0
shrinkage=0.05


Tree=142
num_leaves=7
num_cat=0
split_feature=31 26 33 29 30 33
split_gain=0.817783 0.91121 0.760763 1.04126 0.519998 0.384617
threshold=0.22772586004729609 0.35178159576644835 -0.73441637136586657 1.0915474211851521 -1.3674887957041426 -0.816336213708173
decision_type=2 2 2 2 2 2
left_child=2 -2 4 -4 -1 -3
right_child=1 5 3 -5 -6 -7
leaf_value=-0.0099448405494075524 0.020553432443468876 0.0088157899503773281 -0.020454271443490504 0.010402250514766993 0.015552670545026901 -0.0088985758075224471
leaf_weight=0.67753785767126862 3.8883326734649 1.8704062514007089 8.9667375484132226 1.5312255703611288 2.3995528821251346 5.911792244121898
leaf_count=272 249 79 1904 313 163 860
internal_value=-0.0015938 0.00717173 -0.00906368 -0.0146419 0.0078006 -0.00337276
internal_weight=25.2456 11.6705 13.5751 10.498 3.07709 7.7822
internal_count=3840 1188 2652 2217 435 939
is_linear=0
shrinkage=0.05


Tree=143
num_leaves=7
num_cat=0
split_feature=33 7 12 62 1 39
split_gain=0.729034 0.854694 1.08088 0.869572 0.817131 0.80693
threshold=0.31567638527520453 0.23472415923540832 0.61023881920827894 -0.23438112190395724 0.021789551631240776 0.35191568882098306
decision_type=2 2 2 2 2 2
left_child=1 2 4 -3 -1 -6
right_child=-2 3 -4 -5 5 -7
leaf_value=-0.021176236498896415 -0.016855733798267603 -0.0097887692886165049 0.015736254756772271 0.020377232798198697 0.010524611926825965 -0.014920451322657492
leaf_weight=5.2181678698398226 2.8402525582350782 1.2249311765772288 2.4611329359468064 6.1230924591072826 5.3430065564461984 1.9883860230329444
leaf_count=1288 969 204 165 501 403 287
internal_value=-0.00101455 0.00275378 -0.00414832 0.0139685 -0.0103316 0.00129488
internal_weight=25.199 22.3587 15.0107 7.34802 12.5496 7.33139
internal_count=3817 2848 2143 705 1978 690
is_linear=0
shrinkage=0.05


Tree=144
num_leaves=7
num_cat=0
split_feature=47 37 50 39 37 54
split_gain=1.12587 1.02385 0.800855 0.770171 0.674845 0.56763
threshold=0.96527274207848213 0.62246969458900214 1.389121929339231 -0.92816637820225256 -0.61445087750671301 0.55464738806297775
decision_type=2 2 2 2 2 2
left_child=1 2 3 -1 -2 -3
right_child=4 5 -4 -5 -6 -7
leaf_value=-0.0051493912439371922 0.0043928651012314496 -0.021701357095902374 -0.011183001125831262 0.020964487732102622 -0.021908627103890403 0.0035871204874400641
leaf_weight=2.3383818997535881 2.2302179588004947 1.7604004057939153 1.137866145232693 9.4272638965048827 5.2794875240651882 2.8134841024875641
leaf_count=345 475 501 485 694 1134 213
internal_value=-0.0019331 0.00509413 0.0117438 0.0157827 -0.0150734 -0.0108866
internal_weight=24.9871 17.4774 12.9035 11.7656 7.50971 4.57388
internal_count=3847 2238 1524 1039 1609 714
is_linear=0
shrinkage=0.05


Tree=145
num_leaves=7
num_cat=0
split_feature=12 31 42 33 37 36
split_gain=0.949703 0.935309 0.859602 0.706807 0.594969 0.584598
threshold=0.61023881920827894 -0.1743504361692669 0.39674353603655038 -0.81468718654458594 1.8698070022303301 1.3381764044731819
decision_type=2 2 2 2 2 2
left_child=1 4 5 -4 -1 -3
right_child=-2 2 3 -5 -6 -7
leaf_value=-0.019678427060694476 0.018515598835044642 0.015813953357199897 0.0095806770074630832 -0.017431414299124409 0.0082960892424412732 -0.0067001371592001827
leaf_weight=6.6144296405254925 2.8987796211149535 8.2510229346225952 1.3746335159521548 4.0777860165107986 0.6033237776136956 1.9916813898598764
leaf_count=1701 192 946 48 679 27 218
internal_value=0.000448791 -0.00371588 0.00337063 -0.00963793 -0.0155908 0.01091
internal_weight=25.8117 22.9129 15.6951 5.45242 7.21775 10.2427
internal_count=3811 3619 1891 727 1728 1164
is_linear=0
shrinkage=0.05


Tree=146
num_leaves=7
num_cat=0
split_feature=37 27 55 49 33 42
split_gain=0.695267 1.00544 0.642419 0.668981 0.899432 0.581922
threshold=-0.56076462507932401 -0.94323026043061498 1.0000000180025095e-35 -0.3563589200727057 -0.81468718654458594 -0.96936997781680245
decision_type=2 2 2 2 2 2
left_child=1 -1 3 4 -2 -3
right_child=2 5 -4 -5 -6 -7
leaf_value=-0.012620837366261295 0.006324951695350127 -0.0075859219025918622 0.0068396636897587945 0.0014173750665976963 -0.024697236493431602 0.023559316801807718
leaf_weight=1.3553100870340129 1.6952741148415977 0.3836346567259169 4.2462438057409591 5.9387857749825335 6.9402064200257874 4.0386741625843596
leaf_count=544 68 126 254 778 1656 388
internal_value=-0.00247756 0.00970545 -0.00703773 -0.0115583 -0.0185466 0.0188834
internal_weight=24.5981 5.77762 18.8205 14.5743 8.63548 4.42231
internal_count=3814 1058 2756 2502 1724 514
is_linear=0
shrinkage=0.05


Tree=147
num_leaves=7
num_cat=0
split_feature=32 62 37 27 32 27
split_gain=0.990723 0.843211 0.804928 0.80408 0.500689 0.613851
threshold=1.2464401481408145 0.56828938797023121 -0.61445087750671301 -0.97022693079909328 0.4251700606356319 0.53603934880107029
decision_type=2 2 2 2 2 2
left_child=2 -2 3 -1 -4 -6
right_child=1 -3 4 -5 5 -7
leaf_value=-0.012519375970302929 0.019008523316240967 -0.011145200728988315 -0.020194655684789804 0.016035711353094558 0.010783527306624872 -0.011328346625666945
leaf_weight=1.2066035199677569 5.3104331419453947 0.98040987481363107 6.808777373400515 3.7912595080561067 2.7867395628709346 3.9201026554219425
leaf_count=495 310 154 1611 501 266 490
internal_value=-0.00159081 0.0122278 -0.00733671 0.00703171 -0.0129621 -0.00164748
internal_weight=24.8043 6.29084 18.5135 4.99786 13.5156 6.70684
internal_count=3827 464 3363 996 2367 756
is_linear=0
shrinkage=0.05


Tree=148
num_leaves=7
num_cat=0
split_feature=37 22 47 12 42 43
split_gain=0.729012 0.739988 0.743024 0.657404 0.63028 0.657758
threshold=0.64561799580147494 -1.6820387148953533 0.96527274207848213 -0.12209399483898113 0.6812960478535327 -0.61428571287174594
decision_type=2 2 2 2 2 2
left_child=1 -1 4 -4 5 -3
right_child=-2 2 3 -5 -6 -7
leaf_value=-0.015810926721479546 -0.014458745494155415 -0.0070445444042113951 -0.013957087059397636 0.0088488191336486503 -0.0050320239513012089 0.022400382203761462
leaf_weight=1.4216475628782124 4.7290049184230147 0.83664504304760967 4.1740540181053865 2.9651170046999979 2.3036436302936627 8.0209634365746769
leaf_count=603 954 160 710 459 324 579
internal_value=-0.0013059 0.00334051 0.00684558 -0.00466948 0.0136399 0.0185405
internal_weight=24.4511 19.7221 18.3004 7.13917 11.1613 8.85761
internal_count=3789 2835 2232 1169 1063 739
is_linear=0
shrinkage=0.05


Tree=149
num_leaves=7
num_cat=0
split_feature=0 42 37 50 43 41
split_gain=0.683734 0.990126 0.752949 0.713621 0.665831 0.602794
threshold=-0.70851276755369075 1.1271385592221115 1.2866478755314936 1.389121929339231 -1.1923588303681194 -1.1951988299409873
decision_type=2 2 2 2 2 2
left_child=-1 2 3 4 -2 -6
right_child=1 -3 -4 -5 5 -7
leaf_value=-0.013343291949525292 -0.010016422540986817 -0.012585861612273031 -0.012621388585395403 -0.011212069156154646 -0.0017756884836421074 0.021200181983076324
leaf_weight=3.4375554515281719 0.55336968909251893 3.7147763399989335 0.99854360707104106 0.75282784283626725 2.9235274656675907 13.424833796103471
leaf_count=836 145 590 226 310 433 1305
internal_value=0.00135896 0.00492921 0.00967783 0.0125891 0.0151795 0.0174532
internal_weight=25.8054 22.3679 18.6531 17.6546 16.9017 16.3484
internal_count=3845 3009 2419 2193 1883 1738
is_linear=0
shrinkage=0.05


Tree=150
num_leaves=7
num_cat=0
split_feature=34 14 12 3 0 45
split_gain=0.957733 1.17481 0.838737 0.507464 0.475258 0.431489
threshold=-0.36902225863799859 1.0000000180025095e-35 -0.22550502134728265 -0.52835026998942214 0.29858106993955663 1.1381444293555276
decision_type=2 2 2 2 2 2
left_child=2 4 5 -4 -2 -1
right_child=1 -3 3 -5 -6 -7
leaf_value=-0.013703733896963994 -0.022379709956025111 0.011166228350343385 0.019795140240382494 -0.0048265743204602418 0.00057429824602126076 0.0084939006599909373
leaf_weight=3.3377730107167736 7.0872646263451298 2.6727704695076673 6.4567491291672923 1.3938220221316457 2.7147378321387805 0.92359452322125424
leaf_count=588 1585 543 427 232 423 32
internal_value=-0.00169134 -0.0102828 0.0074422 0.0152979 -0.0173776 -0.00737114
internal_weight=24.5867 12.4748 12.1119 7.85057 9.802 4.26137
internal_count=3830 2551 1279 659 2008 620
is_linear=0
shrinkage=0.05


Tree=151
num_leaves=7
num_cat=0
split_feature=12 40 49 0 55 40
split_gain=0.952246 0.832134 0.680257 0.598311 0.574197 0.517789
threshold=-0.17744454427553938 -0.67684099483737203 -0.3563589200727057 -0.77996953651108292 1.0000000180025095e-35 0.99559099517461369
decision_type=2 2 2 2 2 2
left_child=2 -2 4 -3 -1 -5
right_child=1 3 -4 5 -6 -7
leaf_value=-0.025126377965062091 -0.012401529222950099 -0.0059243466983157625 0.0045837101505474568 0.019335688896064983 0.0017588478445571027 -0.0057247708623411296
leaf_weight=4.395146624126939 2.1135577735840334 2.3763916061725459 3.3437235773308203 9.0381614711368439 2.2084010684629902 1.0862169540487219
leaf_count=1087 639 404 464 922 152 147
internal_value=-0.00121432 0.00647802 -0.0113981 0.0114525 -0.0183945 0.015953
internal_weight=24.5616 14.6143 9.94727 12.5008 6.60355 10.1244
internal_count=3815 2112 1703 1473 1239 1069
is_linear=0
shrinkage=0.05


Tree=152
num_leaves=7
num_cat=0
split_feature=31 37 61 33 2 27
split_gain=0.760146 0.843864 0.733491 1.12669 0.628317 0.60291
threshold=-0.20292467538032102 1.2154223333392695 -0.81160294698635893 -0.80497422098742388 0.94462609480429183 0.53603934880107029
decision_type=2 2 2 2 2 2
left_child=-1 2 3 5 -4 -2
right_child=1 -3 4 -5 -6 -7
leaf_value=-0.010524298352570651 0.020465936890804878 -0.016869443499509203 0.02100933576099677 -0.017387811534623994 -0.0083721389089850395 -0.0061470811927015817
leaf_weight=8.2521294202597364 2.5787740927189589 0.8121334819588818 7.862147423496932 3.1316734475549337 0.51942129572853435 1.6757250903174279
leaf_count=1844 81 220 667 624 270 109
internal_value=-0.000185812 0.00578396 0.0094608 -0.0020396 0.0174617 0.0117765
internal_weight=24.832 16.5799 15.7677 7.38617 8.38157 4.2545
internal_count=3815 1971 1751 814 937 190
is_linear=0
shrinkage=0.05


Tree=153
num_leaves=7
num_cat=0
split_feature=32 37 43 0 26 1
split_gain=0.760373 1.09314 0.949887 0.539892 0.612688 0.537587
threshold=1.2464401481408145 0.1256715377982375 -0.078228458116601521 0.90149755801755405 -0.63451173863429144 -0.84275794650284286
decision_type=2 2 2 2 2 2
left_child=1 2 -1 4 -4 -3
right_child=-2 5 3 -5 -6 -7
leaf_value=-0.012519633478790782 0.012596287310330974 0.0044684905536548133 -0.0059277767544275682 -0.0065353513711060712 0.02107310318153624 -0.022784933216321118
leaf_weight=3.3099435780313824 5.9614206615951835 1.2198147668677846 1.2803713461034956 1.6529402224696239 6.3996265139139714 5.1266096799517973
leaf_count=727 458 261 384 257 681 1057
internal_value=0.000353193 -0.00468449 0.00404653 0.011538 0.016171 -0.0177938
internal_weight=24.9507 18.9893 12.6429 9.33294 7.68 6.34642
internal_count=3825 3367 2049 1322 1065 1318
is_linear=0
shrinkage=0.05


Tree=154
num_leaves=7
num_cat=0
split_feature=53 37 42 62 17 14
split_gain=0.652416 0.838363 0.587011 0.560785 0.640287 0.699816
threshold=-0.2485865636087396 -0.61445087750671301 -0.081895867441857936 -1.8411760999547166 2.8619174707408277 1.0000000180025095e-35
decision_type=2 2 2 2 2 2
left_child=1 2 -1 -3 5 -5
right_child=-2 3 -4 4 -6 -7
leaf_value=0.016195275314125082 0.0064405841722534017 0.0050930305616223694 -0.0090208263468071342 -0.027384682999829185 0.0060785231551732308 0.0037658303400533986
leaf_weight=2.575259075674694 8.4135734799783659 1.6759593705064606 1.4541772228549241 7.1593329390161653 1.0207396509940743 1.3864754444221032
leaf_count=436 593 88 486 1729 122 356
internal_value=-0.00336564 -0.00893851 0.00712895 -0.0149859 -0.0188796 -0.0226655
internal_weight=23.6855 15.2719 4.02944 11.2425 9.56655 8.54581
internal_count=3810 3217 922 2295 2207 2085
is_linear=0
shrinkage=0.05


Tree=155
num_leaves=7
num_cat=0
split_feature=37 43 1 56 36 1
split_gain=0.768778 0.723411 0.685895 0.55366 0.477557 0.443607
threshold=0.51500815780648368 0.076124593394259352 -0.40428175236232239 1.2512712487917492 1.3381764044731819 0.46735577295943959
decision_type=2 2 2 2 2 2
left_child=1 2 -1 -2 -4 -3
right_child=3 5 4 -5 -6 -7
leaf_value=-0.01831851313892037 -0.018631933392056956 0.017192554064087387 0.010823606189143789 0.0068874160558422444 -0.010094492584586267 -0.0030069249509430867
leaf_weight=2.5789764774090171 4.9405800428357898 6.880425922397988 4.8081955066591062 1.1452047412167301 1.4259768251795319 2.661667050619144
leaf_count=929 1070 730 580 77 191 247
internal_value=-0.00105378 0.00423698 -0.00527918 -0.0131413 0.00431385 0.0121866
internal_weight=24.441 18.3552 8.81315 6.08578 6.23417 9.54209
internal_count=3824 2677 1700 1147 771 977
is_linear=0
shrinkage=0.05


Tree=156
num_leaves=7
num_cat=0
split_feature=27 43 45 45 33 54
split_gain=0.770594 0.700527 0.572189 0.543152 0.398265 0.359239
threshold=-0.6614558154007153 0.39923212126484081 -0.65371284073979274 1.5576469256002194 -0.78476764665900345 0.047285219941160923
decision_type=2 2 2 2 2 2
left_child=-1 2 4 -4 -2 -3
right_child=1 5 3 -5 -6 -7
leaf_value=-0.014785849226607313 0.0083723018509930542 -0.015684898895984206 0.015173724586063267 -0.0097853151800739845 -0.014437297766333465 0.0044974907804307017
leaf_weight=3.9142732529726372 0.69237092835828695 2.8924856057856223 13.045386894955296 0.44858384295366782 1.8846098615904399 1.8193972297012804
leaf_count=1265 47 452 1296 108 561 103
internal_value=-0.000103454 0.00417814 0.00892016 0.0127151 -0.00710186 -0.00917387
internal_weight=24.6971 20.7828 16.071 13.494 2.57698 4.71188
internal_count=3832 2567 2012 1404 608 555
is_linear=0
shrinkage=0.05


Tree=157
num_leaves=7
num_cat=0
split_feature=53 53 12 49 34 34
split_gain=0.716514 0.974004 0.525528 0.493965 0.601136 0.452838
threshold=2.0745142867252535 -0.19340581382053751 -0.056322945923857136 -0.3563589200727057 -1.5888167371202877 0.64613733277694296
decision_type=2 2 2 2 2 2
left_child=1 2 3 4 -1 -5
right_child=-2 -3 -4 5 -6 -7
leaf_value=0.0068533057745265875 -0.01294729367399854 0.021379871216380675 0.0085552572691564195 0.010260249188066582 -0.019643750082537312 -0.011439383986398842
leaf_weight=1.2125692652771309 4.6060071173124006 3.3917285199277094 5.7012840206152786 4.1439049501204863 5.1301605203771024 0.77743225829908613
leaf_count=223 430 165 983 279 1388 366
internal_value=0.000424445 0.00472431 -0.0013177 -0.00706321 -0.0140041 0.00379819
internal_weight=24.9631 20.3571 16.9654 11.2641 6.34273 4.92134
internal_count=3834 3404 3239 2256 1611 645
is_linear=0
shrinkage=0.05


Tree=158
num_leaves=7
num_cat=0
split_feature=12 7 45 7 10 31
split_gain=0.87352 1.01962 0.781799 0.74424 0.753263 0.678918
threshold=0.61023881920827894 -0.41954014028619396 -0.50645385238251162 1.1867065391590037 -0.21381752011553742 0.24688455981741961
decision_type=2 2 2 2 2 2
left_child=1 -1 -3 4 5 -4
right_child=-2 2 3 -5 -6 -7
leaf_value=-0.019291469681348081 0.018082385101868326 -0.012777625379920677 -0.014321603852308608 -0.013266686078958116 0.021106687214333186 0.0087332610795666996
leaf_weight=4.2995061566471184 2.7876383329275987 3.4362666997185523 2.2042141105048412 1.105068335367833 6.1103069504024319 5.2653087417129427
leaf_count=987 187 840 386 422 748 305
internal_value=0.000605284 -0.00344524 0.0025206 0.00766067 0.011456 -0.000224422
internal_weight=25.2083 22.4207 18.1212 14.6849 13.5798 7.46952
internal_count=3875 3688 2701 1861 1439 691
is_linear=0
shrinkage=0.05


Tree=159
num_leaves=7
num_cat=0
split_feature=12 6 33 45 45 44
split_gain=0.749758 0.763379 0.743875 0.713995 0.461984 0.454089
threshold=-0.23739315915671874 0.74412098365768342 -0.816336213708173 -0.65371284073979274 1.4524619339164471 -0.53814073225595993
decision_type=2 2 2 2 2 2
left_child=2 3 -1 -2 -5 -3
right_child=1 5 -4 4 -6 -7
leaf_value=0.0078899954246059636 -0.0087371693233052224 0.0050256375240893261 -0.021007829987734188 0.015468846732049034 -0.0073833670682407378 -0.020039384895848885
leaf_weight=1.4082705975743008 2.577524616615853 1.3638876281911509 3.9175993152894106 12.789637635927644 0.7686396262142815 1.6777754848299071
leaf_count=111 629 245 891 1172 118 662
internal_value=-0.000533044 0.0043234 -0.013277 0.00876318 0.0130703 -0.0118855
internal_weight=24.5033 19.1775 5.32587 16.1358 13.5583 3.04166
internal_count=3828 2826 1002 1919 1290 907
is_linear=0
shrinkage=0.05


Tree=160
num_leaves=7
num_cat=0
split_feature=41 42 41 42 30 10
split_gain=0.480635 0.660397 0.91206 1.61791 0.654805 0.497994
threshold=-1.1235427855594671 -1.1302968424630679 0.66738229711082087 1.058811095435124 -0.054481874275081985 0.84956191137455828
decision_type=2 2 2 2 2 2
left_child=-1 -2 3 -3 -4 -6
right_child=1 2 4 -5 5 -7
leaf_value=-0.012852088380405116 -0.011791003334268439 0.030415593303080149 -0.016290968879713003 -0.0048020437888730066 0.012355066304543694 -0.011040221685894608
leaf_weight=3.962412921566286 3.6408334842417451 4.2472423438448441 3.1944813954760383 4.6502670678601135 3.9982142513035726 0.68621890014037479
leaf_count=798 776 267 558 747 434 284
internal_value=-0.00143313 0.00214555 0.00649991 0.0154396 -0.0050692 0.00595577
internal_weight=24.3797 20.4173 16.7764 8.89751 7.87891 4.68443
internal_count=3864 3066 2290 1014 1276 718
is_linear=0
shrinkage=0.05


Tree=161
num_leaves=7
num_cat=0
split_feature=12 7 1 37 62 33
split_gain=0.551575 0.741246 0.495405 0.386031 0.510522 1.33784
threshold=0.61023881920827894 -0.42907983845661835 1.6020790147655142 1.2866478755314936 -0.016715011341378296 -0.80651447542027765
decision_type=2 2 2 2 2 2
left_child=1 -1 3 4 5 -3
right_child=-2 2 -4 -5 -6 -7
leaf_value=-0.015122137347243651 0.016034760898713678 0.017411742864781178 -0.012025205761078989 -0.0096122671294226782 0.01560655376553983 -0.014123709435728205
leaf_weight=4.361931352876133 2.403073157533071 2.8737109473440796 1.6024161999230262 0.86131050859694447 8.0220322190434619 4.8773857054475309
leaf_count=959 168 88 258 220 1229 951
internal_value=0.00163837 -0.00159224 0.00332293 0.0064129 0.0086842 -0.000835855
internal_weight=25.0019 22.5988 18.2369 16.6344 15.7731 7.7511
internal_count=3873 3705 2746 2488 2268 1039
is_linear=0
shrinkage=0.05


Tree=162
num_leaves=7
num_cat=0
split_feature=37 39 9 22 36 36
split_gain=0.752592 0.852391 0.798124 0.523729 0.732659 0.530042
threshold=0.61000522470536278 1.2922961121101675 -1.0374736551091293 -1.6820387148953533 -0.90637474191166167 1.2245917583742791
decision_type=2 2 2 2 2 2
left_child=1 2 -1 -4 -5 -6
right_child=-2 -3 3 4 5 -7
leaf_value=-0.011887516360970025 -0.012679367686832189 -0.014053909515439958 -0.0077559437321521865 -0.010202178193344451 0.023043389816734504 0.0018602479445095185
leaf_weight=1.5348639530129826 4.9212130019441238 2.0883019241737193 1.0340042967582217 0.71813793753973243 10.016210217319875 4.548414481629151
leaf_count=638 998 458 388 246 773 296
internal_value=0.000678513 0.00520229 0.00915279 0.0126708 0.0150987 0.0178757
internal_weight=24.8611 19.9399 17.8516 16.3168 15.2828 14.5646
internal_count=3797 2799 2341 1703 1315 1069
is_linear=0
shrinkage=0.05


Tree=163
num_leaves=7
num_cat=0
split_feature=27 42 43 39 45 42
split_gain=0.931026 0.561601 0.647711 0.615705 0.633025 0.4783
threshold=-0.6614558154007153 1.058811095435124 -1.09857681250183 -1.3244849625586459 1.4524619339164471 -1.2370076657434896
decision_type=2 2 2 2 2 2
left_child=-1 3 -3 -2 5 -5
right_child=1 2 -4 4 -6 -7
leaf_value=-0.016577865178785806 -0.011477307532144765 0.01144889953650694 -0.014929418517662073 -0.0037937540893353962 -0.010622747088807262 0.0175776716431265
leaf_weight=3.5067501718294833 0.91459104747628472 0.92713288322556753 3.8497833619185249 2.015115743328356 0.72372220584657121 12.639052482059915
leaf_count=1207 169 42 595 355 160 1298
internal_value=0.000225446 0.00473983 -0.00736821 0.00888361 0.0117704 0.0144936
internal_weight=24.5761 21.0694 4.77692 16.2925 15.3779 14.6542
internal_count=3826 2619 637 1982 1813 1653
is_linear=0
shrinkage=0.05


Tree=164
num_leaves=7
num_cat=0
split_feature=10 1 42 11 41 0
split_gain=0.680856 0.571361 0.634192 0.678357 0.711681 0.685999
threshold=0.21834575952671012 1.4532628519057009 -1.0817384429222732 0.82329637587224302 -1.1235427855594671 0.90149755801755405
decision_type=2 2 2 2 2 2
left_child=1 2 -1 4 -4 -6
right_child=-2 -3 3 -5 5 -7
leaf_value=-0.010072245925071284 -0.015344747094435666 -0.013067624340944873 -0.0059620986863461369 -0.011585177925071542 0.022214457854271268 -0.00323276223194066
leaf_weight=2.6053823578404343 4.08797220463748 2.0362234779749988 2.5895882656332168 0.98584108584327701 9.4015606833272525 2.4871444388409136
leaf_count=470 1322 289 367 373 851 195
internal_value=-0.00194091 0.00242289 0.00578059 0.00965401 0.0128405 0.0173121
internal_weight=24.1937 20.1057 18.0695 15.4641 14.4783 11.8887
internal_count=3867 2545 2256 1786 1413 1046
is_linear=0
shrinkage=0.05


Tree=165
num_leaves=7
num_cat=0
split_feature=33 35 17 55 45 9
split_gain=0.586498 0.868894 0.600718 0.451235 0.459639 0.360994
threshold=0.31567638527520453 0.6618545253309015 1.0000000180025095e-35 1.0000000180025095e-35 0.42536142688667072 0.22844913397386307
decision_type=2 2 2 2 2 2
left_child=1 2 3 4 -1 -6
right_child=-2 -3 -4 -5 5 -7
leaf_value=-0.015355813483882971 -0.015535960782267579 0.019820465587407694 0.012436370324278308 0.006846086711277905 -0.011098906200170826 0.0082242598171048554
leaf_weight=8.720146459731053 2.8280916412768411 2.4556272689951575 2.4909374558483242 2.9115068156970656 0.75874104228569095 3.9578170747263357
leaf_count=1802 977 208 255 146 202 212
internal_value=-0.0014055 0.00215782 -0.0025509 -0.00640869 -0.0100061 0.00200931
internal_weight=24.1229 21.2948 18.8391 16.3482 13.4367 4.71656
internal_count=3802 2825 2617 2362 2216 414
is_linear=0
shrinkage=0.05


Tree=166
num_leaves=7
num_cat=0
split_feature=12 42 6 61 33 42
split_gain=0.910443 1.00988 0.916297 1.07399 0.892123 0.787808
threshold=-0.24619096926035136 -0.71559678057563358 0.9255895720257995 0.62250912197814501 -0.75744046981182389 -0.081895867441857936
decision_type=2 2 2 2 2 2
left_child=-1 -2 3 4 -3 -6
right_child=1 2 -4 -5 5 -7
leaf_value=-0.014575168156101409 -0.010589184736928398 0.014819769297871403 -0.013412836632194822 0.027627067204206858 0.0087870532372830348 -0.020057788992982405
leaf_weight=4.4722220297262565 4.6185866793093799 3.6769069528672862 0.9476618382905152 5.6449139471806129 1.7169513885164649 2.9802890979044481
leaf_count=894 932 217 398 458 218 665
internal_value=0.000618967 0.00556364 0.0114841 0.0152347 0.00179767 -0.0101989
internal_weight=24.0575 19.5853 14.9667 14.0191 8.37415 4.69724
internal_count=3782 2888 1956 1558 1100 883
is_linear=0
shrinkage=0.05


Tree=167
num_leaves=7
num_cat=0
split_feature=54 1 1 33 44 37
split_gain=0.640966 0.837792 0.811167 0.564483 0.450936 0.41961
threshold=-0.2023887439527873 -0.35644798572881103 -0.35644798572881103 -0.81468718654458594 0.36212897447244025 1.2866478755314936
decision_type=2 2 2 2 2 2
left_child=1 4 -2 -3 -1 -4
right_child=2 3 5 -5 -6 -7
leaf_value=-0.0049001328270291827 -0.011473390458421735 0.005458760072985026 0.017703480208724729 -0.018851077287126306 0.015655572560717427 -0.0058007690685354628
leaf_weight=3.0182189878833006 1.6356917742523354 1.6418834927026171 7.3944852470885944 7.2741801817901459 2.6388843383756466 0.81719505693763483
leaf_count=1163 286 73 412 1531 278 94
internal_value=-3.14272e-05 -0.00623397 0.00846 -0.0141272 0.00679094 0.0144381
internal_weight=24.4205 14.5732 9.84737 8.91606 5.6571 8.21168
internal_count=3837 3045 792 1604 1441 506
is_linear=0
shrinkage=0.05


Tree=168
num_leaves=7
num_cat=0
split_feature=34 27 28 11 28 0
split_gain=1.01775 0.664647 0.556924 0.50946 0.500406 0.454478
threshold=0.29558910872249838 -0.81115261674921457 0.23158930973044692 -0.27266958196428587 0.89001770301277816 0.90149755801755405
decision_type=2 2 2 2 2 2
left_child=1 -1 -2 5 -4 -3
right_child=2 3 4 -5 -6 -7
leaf_value=-0.012060885315729859 -0.023037320160743596 0.017682509317755286 0.010842828324113502 -0.0069378050191760054 -0.012326650025662965 -0.0010476702383990879
leaf_weight=1.9083843363914699 3.4690708698763038 8.6877768588019553 2.3154535417561424 2.1368546467274383 1.1613210921350399 4.0366830101702353
leaf_count=624 960 571 331 389 588 321
internal_value=-0.00143106 0.0052838 -0.0143468 0.00916274 0.00097879 0.0126743
internal_weight=23.7155 16.7697 6.94585 14.8613 3.47677 12.7245
internal_count=3784 1905 1879 1281 919 892
is_linear=0
shrinkage=0.05


Tree=169
num_leaves=7
num_cat=0
split_feature=12 4 33 6 1 39
split_gain=0.621869 1.08216 1.14312 0.627488 0.755016 1.00555
threshold=0.61023881920827894 -0.54816257216959496 -0.81721601260352117 0.9255895720257995 0.96780326920515369 0.35191568882098306
decision_type=2 2 2 2 2 2
left_child=1 2 -1 4 5 -3
right_child=-2 3 -4 -5 -6 -7
leaf_value=0.0096908094025273117 0.015642203376438672 0.019830405795187633 -0.027263663440234821 -0.013264372375986655 -0.0067621001274958811 -0.0095789357165862923
leaf_weight=1.2191807787166906 2.3880977948429054 8.6847871789359505 3.931646198499954 1.7428122750134196 4.5847823643125585 1.8676924295723427
leaf_count=108 175 1017 997 658 514 385
internal_value=0.000258004 -0.00308449 -0.0181693 0.00356574 0.00737695 0.013657
internal_weight=24.419 22.0309 5.15083 16.8801 15.1373 10.5525
internal_count=3854 3679 1105 2574 1916 1402
is_linear=0
shrinkage=0.05


Tree=170
num_leaves=7
num_cat=0
split_feature=44 43 4 33 43 32
split_gain=0.533954 0.891703 0.896161 0.587774 0.525863 0.448442
threshold=0.70505509473395978 0.076124593394259352 0.65284136075940735 1.0000000180025095e-35 -0.40352676429928214 1.5657706983855053
decision_type=2 2 2 2 2 2
left_child=1 2 5 -3 -2 -1
right_child=4 3 -4 -5 -6 -7
leaf_value=-0.017237605128615205 0.007363841259450301 0.015637184405187111 0.01093729082074211 -0.0091809724741180807 -0.02089843418196341 0.0065291854896273732
leaf_weight=7.7418499658524578 0.58784889592789147 8.3509852505521813 2.7077466886548782 0.90909165248740542 2.6303076716139904 0.78835847723530594
leaf_count=1740 29 735 531 310 450 58
internal_value=-0.0017831 0.00185576 -0.00688312 0.0115504 -0.0146738 -0.0139138
internal_weight=23.7162 20.498 11.238 9.26008 3.21816 8.53021
internal_count=3853 3374 2329 1045 479 1798
is_linear=0
shrinkage=0.05


Tree=171
num_leaves=7
num_cat=0
split_feature=37 32 36 11 36 36
split_gain=0.686873 1.26651 0.479868 0.633477 0.41415 0.397355
threshold=0.64561799580147494 0.48223437256521784 -0.55793768978440972 -0.63859763895147792 -0.70989870547567346 1.1691008607287774
decision_type=2 2 2 2 2 2
left_child=1 2 -1 -4 -2 -3
right_child=4 5 3 -5 -6 -7
leaf_value=-0.018109057710195105 0.0034934426952615083 0.021112806636118794 -0.013040961775912569 0.0092090214613827822 -0.020418909584666994 0.00046854368644560135
leaf_weight=2.9185430126672172 1.5133993300260042 5.2664777036407013 2.2450099169218474 5.2154985935776494 2.8798898083914528 3.4396822970011272
leaf_count=1122 398 324 444 720 560 231
internal_value=-0.00100724 0.00351472 -0.00746858 0.000693726 -0.0141065 0.0151669
internal_weight=23.4785 19.0852 10.3791 7.46051 4.39329 8.70616
internal_count=3799 2841 2286 1164 958 555
is_linear=0
shrinkage=0.05


Tree=172
num_leaves=7
num_cat=0
split_feature=42 12 62 6 38 11
split_gain=0.747101 0.745841 0.56672 0.546671 0.787602 1.13196
threshold=-0.96936997781680245 -0.24333589141450523 -1.8411760999547166 0.9255895720257995 -0.25848535223467256 -0.54038598448488195
decision_type=2 2 2 2 2 2
left_child=-1 2 -2 4 5 -3
right_child=1 3 -4 -5 -6 -7
leaf_value=-0.013062988925509004 0.0079392998030099731 0.013139026689071201 -0.017762469773125743 -0.0091704626636939946 0.025392718637619435 -0.013732075703682251
leaf_weight=4.4157196109590613 1.2708324102568442 6.8986636909539829 2.6956616111565426 1.1924267552385579 4.290948393259888 3.5699884690111503
leaf_count=1011 67 493 622 425 476 735
internal_value=0.000819363 0.00520401 -0.00965501 0.0098422 0.0126679 0.00295792
internal_weight=24.3342 19.9185 3.96649 15.952 14.7596 10.4687
internal_count=3829 2818 689 2129 1704 1228
is_linear=0
shrinkage=0.05


Tree=173
num_leaves=7
num_cat=0
split_feature=33 27 16 11 34 39
split_gain=0.678654 0.71317 0.903396 0.624753 0.673772 0.518838
threshold=0.31567638527520453 -0.44426733813102032 1.4689526365835628 -0.72153742899623219 -1.3292923128915277 0.31201422590618982
decision_type=2 2 2 2 2 2
left_child=1 -1 5 -4 -5 -3
right_child=-2 2 3 4 -6 -7
leaf_value=-0.010379529376004263 -0.01561588194392094 0.020668375205664842 0.0070451115474739331 0.0073687841218076054 -0.023399899994972717 -0.002791641203227422
leaf_weight=4.2229741113842527 2.6372646038362282 7.8447539966437052 3.8872333912877366 0.96919377055019174 2.2930190297192885 2.179111336619826
leaf_count=1186 1003 625 220 43 408 365
internal_value=2.20702e-05 0.00363283 0.00810965 -0.00454081 -0.0151078 0.0161001
internal_weight=24.0336 21.3963 17.1733 7.14945 3.26221 10.0239
internal_count=3850 2847 1661 671 451 990
is_linear=0
shrinkage=0.05


Tree=174
num_leaves=7
num_cat=0
split_feature=10 44 40 1 41 40
split_gain=0.682829 0.517729 0.703069 0.525496 0.599992 0.414919
threshold=0.21834575952671012 0.65371628893030254 -0.67684099483737203 1.6020790147655142 -1.0809873836646586 0.95402643285229249
decision_type=2 2 2 2 2 2
left_child=1 2 -1 4 -4 -3
right_child=-2 5 3 -5 -6 -7
leaf_value=-0.011589722770512942 -0.016811689729247601 -0.019415891453880587 -0.0061084907392682372 -0.010271272153006675 0.016556931299967867 0.0050819992404703774
leaf_weight=2.3030569578986642 3.7982076632615636 1.6075104010524222 2.0233591950964191 0.68040559539804313 10.930601588042917 1.1676089803222565
leaf_count=762 1284 263 298 125 956 78
internal_value=-0.0032092 0.00149316 0.00531748 0.00974852 0.0125337 -0.011823
internal_weight=22.5108 18.7125 15.9374 13.6344 12.954 2.77512
internal_count=3766 2482 2141 1379 1254 341
is_linear=0
shrinkage=0.05


Tree=175
num_leaves=7
num_cat=0
split_feature=12 0 29 15 3 45
split_gain=0.582545 0.76443 0.538006 0.705999 0.691695 0.655385
threshold=0.61023881920827894 -0.59462854202784665 1.0915474211851521 0.80329679500201812 -0.71849735770940948 -0.65371284073979274
decision_type=2 2 2 2 2 2
left_child=1 -1 3 5 -5 -3
right_child=-2 2 -4 4 -6 -7
leaf_value=-0.018839789549089967 0.015409021182157324 -0.012370044707309506 0.017715542620042445 0.0092437322226633124 -0.019018213877773096 0.0096829311011759397
leaf_weight=2.558875233109581 2.6169286298099896 1.6605650508136118 1.383792720909695 0.94938181055476878 4.8014322305971282 11.012424127082335
leaf_count=881 187 441 176 48 1275 901
internal_value=0.000916696 -0.00240077 0.00192168 -0.00157919 -0.0127831 0.00497863
internal_weight=24.9834 22.3665 19.8076 18.4238 5.75081 12.673
internal_count=3909 3722 2841 2665 1323 1342
is_linear=0
shrinkage=0.05


Tree=176
num_leaves=7
num_cat=0
split_feature=33 61 42 42 41 35
split_gain=0.482866 0.468679 0.419643 0.491309 0.510885 0.602088
threshold=-0.02690768073933986 -1.7103251551464056 1.3803743168033911 -1.1302968424630679 1.0810916475269092 0.67620570962436866
decision_type=2 2 2 2 2 2
left_child=1 -1 3 -3 -5 -6
right_child=-2 2 -4 4 5 -7
leaf_value=-0.012319550346625147 -0.0092135133058900889 -0.0054712386041359772 -0.0080168202095033461 0.01731429770220199 -0.011251218042481205 0.014768953544885208
leaf_weight=0.66657556942664697 4.5739935190649694 2.6569175289187212 1.5503245224826958 11.502736035065022 2.977513007150264 0.5771888518356717
leaf_count=148 1344 467 246 1104 493 22
internal_value=0.00197412 0.00541103 0.00760183 0.00993183 0.0131072 -0.0022004
internal_weight=24.5052 19.9313 19.2647 17.7144 15.0574 3.5547
internal_count=3824 2480 2332 2086 1619 515
is_linear=0
shrinkage=0.05


Tree=177
num_leaves=7
num_cat=0
split_feature=59 38 12 0 32 59
split_gain=0.540365 0.637433 0.665764 0.503448 0.40657 0.425997
threshold=1.0000000180025095e-35 0.13477758521200359 0.5199884183882737 -0.018508342308871686 1.225330019894161 -2.233409623673305
decision_type=2 2 2 2 2 2
left_child=4 2 3 -2 5 -1
right_child=1 -3 -4 -5 -6 -7
leaf_value=-0.0093143696827399751 -0.02359789317579878 0.011974565372820128 0.0092691665289255428 -0.0038458710543196038 0.016294943216977581 0.011873707850308363
leaf_weight=3.6646767889615148 4.411771254555787 1.3809551631566144 1.6463544289872505 8.2892457440029812 2.9902224924881011 0.74818223458714861
leaf_count=421 1481 453 160 1176 129 35
internal_value=-0.00163609 -0.00655645 -0.0101025 -0.0139048 0.00769367 -0.00237054
internal_weight=23.1314 15.7283 14.3474 12.701 7.40308 4.41286
internal_count=3855 3270 2817 2657 585 456
is_linear=0
shrinkage=0.05


Tree=178
num_leaves=7
num_cat=0
split_feature=45 22 44 45 39 39
split_gain=0.449866 0.475853 0.404557 0.568125 0.51558 0.43764
threshold=1.5576469256002194 -1.6820387148953533 0.70505509473395978 0.42536142688667072 -1.2829658727689286 -0.10749034365744863
decision_type=2 2 2 2 2 2
left_child=1 -1 4 -4 -3 -6
right_child=-2 2 3 -5 5 -7
leaf_value=-0.011450012477087896 -0.014273577415649078 -0.0083795658381297187 -0.018342109692497149 0.0076097959579368608 0.017920605932625549 0.0020431395386559335
leaf_weight=1.6662998155516167 0.98213584092445572 1.625791106751431 1.1379014703561545 1.8560902869794516 8.612650472699908 8.3195470814243748
leaf_count=702 239 299 244 144 1167 1038
internal_value=0.00159036 0.00381786 0.00625314 -0.00649717 0.00892806 0.011601
internal_weight=24.2004 23.2183 21.552 2.99399 18.558 16.9322
internal_count=3833 3594 2892 388 2504 2205
is_linear=0
shrinkage=0.05


Tree=179
num_leaves=7
num_cat=0
split_feature=59 42 41 41 42 9
split_gain=0.597073 0.528761 0.815965 0.745616 1.28481 0.594005
threshold=1.0000000180025095e-35 -1.0004107495244539 -1.1235427855594671 1.1346726717254394 1.058811095435124 -0.57955428430403844
decision_type=2 2 2 2 2 2
left_child=-1 -2 -3 4 -4 -6
right_child=1 2 3 -5 5 -7
leaf_value=0.0091618540434678358 -0.019258685751325652 -0.017195917423958242 0.02557379095043796 -0.009869145140759282 0.010270911579083844 -0.014548342334783188
leaf_weight=8.1357364251744002 2.0643451720534367 2.2304757984238668 4.2626414578407985 2.9573527447064398 1.3700165328627889 2.9753321065218215
leaf_count=615 735 653 354 667 295 511
internal_value=-2.07179e-05 -0.00543915 -0.000300709 0.00582837 0.0123782 -0.00572432
internal_weight=23.9959 15.8602 13.7958 11.5653 8.60799 4.34535
internal_count=3830 3215 2480 1827 1160 806
is_linear=0
shrinkage=0.05


Tree=180
num_leaves=7
num_cat=0
split_feature=61 31 12 39 43 0
split_gain=0.573208 0.757778 0.908087 0.644329 0.538934 0.47778
threshold=0.6377423638044919 0.1011075089271263 0.15644718593825876 -1.1222816031931391 1.0966058372784893 1.3034418834028856
decision_type=2 2 2 2 2 2
left_child=1 2 -1 -2 -5 -3
right_child=3 5 -4 4 -6 -7
leaf_value=-0.025128447489020978 -0.0086423853395811816 0.010939199439203654 0.0059322378153182243 0.019511158577922762 -0.0078705122710366823 -0.0071261244988614263
leaf_weight=3.5026340253825792 1.5983727368293328 6.0775419542042055 2.2004110947018489 6.2616764559352287 0.51405339193297539 3.5099016079620924
leaf_count=1052 325 703 303 899 135 395
internal_value=0.00126262 -0.00435419 -0.0152304 0.0099619 0.015656 0.00420345
internal_weight=23.6646 15.2905 5.70305 8.3741 6.77573 9.58744
internal_count=3812 2453 1355 1359 1034 1098
is_linear=0
shrinkage=0.05


Tree=181
num_leaves=7
num_cat=0
split_feature=3 37 38 37 33 41
split_gain=0.595562 0.63361 0.626937 0.653217 0.620667 0.570619
threshold=-0.57968998367381874 -0.084443811668824101 -0.25848535223467256 0.57439245360925073 -0.51073686061348 -1.2825357593766895
decision_type=2 2 2 2 2 2
left_child=1 -1 5 -4 -3 -2
right_child=2 4 3 -5 -6 -7
leaf_value=-0.0077940847767269646 0.0051544028138749117 0.017707318480679343 0.013078131402612055 -0.012453326243154449 -0.0066787782769194368 -0.021851663089582442
leaf_weight=3.8715507774613789 1.2821022708958478 6.3224766858911607 3.3378854108741489 1.280665200873045 1.8153255415090841 5.220073624921497
leaf_count=677 189 324 720 449 258 1192
internal_value=-0.00186043 0.00528724 -0.00906267 0.00388252 0.0119337 -0.0165805
internal_weight=23.1301 12.0094 11.1207 4.61855 8.1378 6.50218
internal_count=3809 1259 2550 1169 582 1381
is_linear=0
shrinkage=0.05


Tree=182
num_leaves=7
num_cat=0
split_feature=12 4 1 36 61 39
split_gain=0.770127 0.657762 0.538047 0.537461 0.498826 0.44483
threshold=0.61023881920827894 -0.54126197629634343 1.6020790147655142 1.957623537104773 -1.7020249913307677 1.2922961121101675
decision_type=2 2 2 2 2 2
left_child=1 3 5 4 -1 -3
right_child=-2 2 -4 -5 -6 -7
leaf_value=0.0038118112691334044 0.016629636014333499 0.008219343163625676 -0.014286470008037403 0.0063959369034982481 -0.026042357232333353 -0.011561171628633645
leaf_weight=0.91043895017355669 2.5757668226724482 13.636048170359569 1.3629346796078596 0.88157405130914401 3.4142340399848825 0.71008163865190077
leaf_count=110 181 2118 254 78 919 182
internal_value=-0.000116004 -0.00400564 0.0016844 -0.0155137 -0.0207703 0.00541011
internal_weight=23.4911 20.9153 15.7091 5.20625 4.32467 14.3461
internal_count=3842 3661 2554 1107 1029 2300
is_linear=0
shrinkage=0.05


Tree=183
num_leaves=7
num_cat=0
split_feature=33 43 61 39 4 29
split_gain=0.58674 0.491618 0.392251 0.481781 0.40122 0.40565
threshold=-0.11492827736190032 -0.59180460648363675 -1.7103251551464056 -1.2829658727689286 -1.2539232152213609 0.5323250781213672
decision_type=2 2 2 2 2 2
left_child=2 -2 -1 -4 -5 -6
right_child=1 -3 3 4 5 -7
leaf_value=-0.011198120531057135 0.0046482729597508762 -0.018625728360117774 -0.0096037944542262214 -0.0087454542781532571 0.013760715368612017 -0.0065227909031145438
leaf_weight=0.6609512611758025 2.0972242187708616 2.9194086578499983 1.3689939440810217 0.56673908856465516 15.204925959114904 1.0581134820531577
leaf_count=147 387 1077 233 253 1445 325
internal_value=0.00086824 -0.0107976 0.00502729 0.00711791 0.00972526 0.0116307
internal_weight=23.8764 5.01663 18.8597 18.1988 16.8298 16.263
internal_count=3867 1464 2403 2256 2023 1770
is_linear=0
shrinkage=0.05


Tree=184
num_leaves=7
num_cat=0
split_feature=40 45 60 53 34 34
split_gain=0.75405 0.679428 0.583892 0.417053 0.414335 0.354855
threshold=-0.34273111792078942 -0.18254595152101299 -0.093162781941332581 2.0745142867252535 0.2810436512347893 -0.47162305523961479
decision_type=2 2 2 2 2 2
left_child=2 3 -1 -2 -3 -4
right_child=1 4 5 -5 -6 -7
leaf_value=-0.022576437833431537 0.018673145394732187 0.0025443279886647589 0.011141336063694168 -0.0068127476165080322 -0.014437325245198139 -0.0084698367767032587
leaf_weight=4.0296044302231193 4.0508480741409594 7.3451106487773323 1.5276972771389412 0.41365154064260412 2.9065208781976253 1.7595800209674051
leaf_count=1659 388 625 69 50 837 192
internal_value=-0.00395955 0.00279136 -0.0144008 0.0145228 -0.00444874 0.00161147
internal_weight=22.033 14.7161 7.31688 4.4645 10.2516 3.28728
internal_count=3820 1900 1920 438 1462 261
is_linear=0
shrinkage=0.05


Tree=185
num_leaves=7
num_cat=0
split_feature=42 33 38 56 12 33
split_gain=0.726773 0.79769 0.841849 0.69647 0.552731 0.857252
threshold=-0.71559678057563358 0.56688151992756663 -0.25848535223467256 1.0000000180025095e-35 0.11343388768014608 -0.80651447542027765
decision_type=2 2 2 2 2 2
left_child=3 2 4 -1 5 -2
right_child=1 -3 -4 -5 -6 -7
leaf_value=-0.019050058713154641 0.010213484361577471 -0.015794041399382005 0.022402919203823771 0.0091767403531679316 0.013377843675738736 -0.014217567341884917
leaf_weight=4.7290490937884924 3.1871369915897967 1.2683080879796751 3.8936606469796962 0.99796472355956201 2.6078218778711735 6.2925772293529016
leaf_count=1208 227 551 474 58 257 1063
internal_value=-0.000671041 0.00459859 0.00845748 -0.0126676 0.000403972 -0.00552301
internal_weight=22.9765 17.2495 15.9812 5.72701 12.0875 9.47971
internal_count=3838 2572 2021 1266 1547 1290
is_linear=0
shrinkage=0.05


Tree=186
num_leaves=7
num_cat=0
split_feature=7 28 28 45 43 5
split_gain=0.635356 0.759278 0.656485 0.554893 0.514806 0.670439
threshold=0.23472415923540832 -0.66037356039425588 0.89001770301277816 -0.50645385238251162 1.1663538400397739 0.11455731220002165
decision_type=2 2 2 2 2 2
left_child=1 -1 3 -2 5 -5
right_child=2 -3 -4 4 -6 -7
leaf_value=0.0024408048894189074 -0.0075412592140684034 -0.018128975365470434 -0.011899449852406617 -0.00804304481089297 -0.0066522207460170367 0.02525069721302884
leaf_weight=7.6864670731010847 1.0968585162190718 6.0271366267697903 1.1222754796035586 0.37502490973565539 0.58757398137822736 5.4316450669430196
leaf_count=889 340 1371 591 87 97 460
internal_value=-0.00219621 -0.00823097 0.00705616 0.0124866 0.0172333 0.021093
internal_weight=22.327 13.7136 8.61338 7.4911 6.39424 5.80667
internal_count=3835 2260 1575 984 644 547
is_linear=0
shrinkage=0.05


Tree=187
num_leaves=7
num_cat=0
split_feature=42 41 42 41 60 28
split_gain=0.466131 0.675072 1.16563 2.0876 0.636466 0.572052
threshold=-0.96936997781680245 -1.1235427855594671 1.058811095435124 1.063842673967309 1.2062119142300216 0.42562459884320475
decision_type=2 2 2 2 2 2
left_child=4 -2 3 -3 -1 -5
right_child=1 2 -4 5 -6 -7
leaf_value=-0.019927154339249756 -0.010267427383557372 0.033760541124825759 -0.0079115757030470656 -0.01341422321450011 0.0069778233810346441 0.010424471151070579
leaf_weight=2.703567069926069 3.9409557556791759 4.556158798630344 5.2590900417417279 3.5633205063058995 1.6400040913140399 1.377113999915309
leaf_count=928 794 235 917 650 96 214
internal_value=-0.000199678 0.00350649 0.00829846 0.0170196 -0.011068 -0.00534136
internal_weight=23.0402 18.6966 14.7557 9.49659 4.34357 4.94043
internal_count=3834 2810 2016 1099 1024 864
is_linear=0
shrinkage=0.05


Tree=188
num_leaves=7
num_cat=0
split_feature=12 16 31 62 34 33
split_gain=0.748011 0.732848 0.616387 0.602184 0.666269 0.600183
threshold=-0.056322945923857136 1.4689526365835628 0.075040281730601358 -0.28903284868175311 -1.4922608059681088 -0.81468718654458594
decision_type=2 2 2 2 2 2
left_child=2 -2 -1 4 -4 -6
right_child=1 -3 3 -5 5 -7
leaf_value=-0.016022764920668432 0.016925475536644322 -0.00904973869858278 0.010869994637537243 0.011864118711440661 0.0046320747828407236 -0.023302155907497245
leaf_weight=5.2649663417250876 6.4118549143895489 1.6427376659703439 1.1867777728475628 4.5530470427183882 1.6358862082706758 2.6407678909599785
leaf_count=1425 910 276 59 590 76 497
internal_value=0.000380056 0.0106096 -0.00586799 0.00193234 -0.00761606 -0.0151125
internal_weight=23.336 8.05459 15.2814 10.0165 5.46343 4.27665
internal_count=3833 1186 2647 1222 632 573
is_linear=0
shrinkage=0.05


Tree=189
num_leaves=7
num_cat=0
split_feature=0 1 39 33 1 45
split_gain=1.07618 0.414286 0.495099 0.544983 0.462123 0.398085
threshold=-0.30805340314825497 0.96780326920515369 0.35191568882098306 1.0775264938589897 -0.37930189645371093 -0.65371284073979274
decision_type=2 2 2 2 2 2
left_child=-1 2 3 5 -4 -2
right_child=1 -3 4 -5 -6 -7
leaf_value=-0.018383927026826636 -0.0036589120659944688 -0.0080556251955350554 0.0082192671105207234 -0.0089958844974295151 -0.013921681819588054 0.0202320054193286
leaf_weight=6.2176939889031955 1.1402495864313085 3.7185410911915815 1.6321989507996479 0.59031528185005289 2.2887573844636782 6.2973875224124631
leaf_count=1597 286 480 294 374 396 437
internal_value=-0.00476094 0.002731 0.0070308 0.0127547 -0.00513731 0.0165704
internal_weight=21.8851 15.6674 11.9489 8.02795 3.92096 7.43764
internal_count=3864 2267 1787 1097 690 723
is_linear=0
shrinkage=0.05


Tree=190
num_leaves=7
num_cat=0
split_feature=29 44 61 61 39 39
split_gain=0.775132 0.624869 0.595275 0.530372 0.591565 0.754167
threshold=-0.22340560881047963 -0.099229920469350044 0.6377423638044919 0.6775831501195535 -0.63375828696607461 -1.1222816031931391
decision_type=2 2 2 2 2 2
left_child=1 -1 -2 -4 5 -5
right_child=2 -3 3 4 -6 -7
leaf_value=-0.0081705773585139304 -0.020121818335941209 0.011728898247010448 0.015886966320561649 -0.013267787890357072 -0.018124939423501973 0.01651995057340001
leaf_weight=3.3764064559363751 4.5202103478659392 8.9094531494774873 0.83170189679367457 0.80936519376700777 1.9605249310843644 2.2337731827283278
leaf_count=614 1272 777 71 257 617 258
internal_value=-0.0022171 0.00572986 -0.0108146 0.000779224 -0.00674558 0.0059439
internal_weight=22.6414 12.2859 10.3556 5.83537 5.00366 3.04314
internal_count=3866 1391 2475 1203 1132 515
is_linear=0
shrinkage=0.05


Tree=191
num_leaves=7
num_cat=0
split_feature=42 42 41 41 44 28
split_gain=0.563507 0.658518 0.624489 1.48189 0.616967 0.504852
threshold=1.058811095435124 -0.96936997781680245 -1.1235427855594671 0.99220763077112928 0.21537069414035276 -0.53099884268270936
decision_type=2 2 2 2 2 2
left_child=1 -1 5 -4 -2 -3
right_child=4 2 3 -5 -6 -7
leaf_value=-0.0082594467521327868 -0.021279855616822593 0.0068727900303991426 0.03192877977501795 -0.0019107101507548794 0.0042894377946003214 -0.016063270396572515
leaf_weight=4.6266444055945657 2.279218664916697 2.695967624837067 3.553192334133195 5.76494175705011 2.7648384313797578 1.3842138833424584
leaf_count=1017 677 295 167 931 250 486
internal_value=0.000406827 0.00467153 0.00983092 0.0156264 -0.0108917 -0.00441763
internal_weight=23.069 18.025 13.3983 9.31813 5.04406 4.08018
internal_count=3823 2896 1879 1098 927 781
is_linear=0
shrinkage=0.05


Tree=192
num_leaves=7
num_cat=0
split_feature=33 36 44 17 44 22
split_gain=0.45263 0.600955 0.614249 0.567469 0.394877 0.418899
threshold=-0.02690768073933986 1.2245917583742791 1.2064088277862897 1.0000000180025095e-35 0.65371628893030254 -1.6820387148953533
decision_type=2 2 2 2 2 2
left_child=1 4 3 -3 5 -1
right_child=-2 2 -4 -5 -6 -7
leaf_value=-0.0079801781579795436 -0.012872356613382933 -0.023200128472490637 0.009979381410690406 0.0050272080948335759 -0.007574981721925219 0.013148590318644755
leaf_weight=0.7538896771438911 4.0654106550209681 2.933583434438332 0.91384318703785528 1.2504694539238697 1.5599681620951731 10.706362374883613
leaf_count=378 1322 461 23 158 225 1266
internal_value=-0.00208318 0.00182245 -0.00953756 -0.0161875 0.00722343 0.0103914
internal_weight=22.1835 18.1181 5.0979 4.18405 13.0202 11.4603
internal_count=3833 2511 642 619 1869 1644
is_linear=0
shrinkage=0.05


Tree=193
num_leaves=7
num_cat=0
split_feature=42 12 0 0 53 6
split_gain=0.521788 1.00381 0.521681 0.484693 0.429296 0.534353
threshold=-0.77398887335277844 -0.24619096926035136 3.2015123088336179 0.13482225270548279 2.1655603449384588 0.98862337498302066
decision_type=2 2 2 2 2 2
left_child=3 2 -2 -1 5 -3
right_child=1 4 -4 -5 -6 -7
leaf_value=-0.019517640359334433 -0.021953902489340503 0.016218293099350783 0.0062116006146483403 0.0030512595277906195 -0.0045629073058122372 -0.0088673476773462687
leaf_weight=2.4461949201358975 1.8875634107971611 11.089852168457575 0.87770571809960518 2.9881516121677123 2.6535630093421796 0.55499105804483484
leaf_count=766 578 1447 40 411 240 328
internal_value=-1.82265e-06 0.00438499 -0.0144337 -0.0104365 0.00989648 0.0134512
internal_weight=22.498 17.0637 2.76527 5.43435 14.2984 11.6448
internal_count=3810 2633 618 1177 2015 1775
is_linear=0
shrinkage=0.05


Tree=194
num_leaves=7
num_cat=0
split_feature=12 1 60 62 33 62
split_gain=0.73245 0.519701 0.356418 0.674877 0.473157 0.599136
threshold=0.61023881920827894 -0.78695188543041295 -0.21932604002723152 0.56828938797023121 -0.81468718654458594 -0.23438112190395724
decision_type=2 2 2 2 2 2
left_child=1 -1 4 -4 -3 -6
right_child=-2 2 3 -5 5 -7
leaf_value=-0.02122760928164831 0.014308453040931136 0.0079721755561189787 0.013794639579741478 -0.011629173054306724 -0.020811853219317292 0.00053248767152415377
leaf_weight=1.6074252633552593 2.4732602591393507 2.1575123589718777 4.6435358584858468 1.2835522784152997 3.8728576730936819 6.0241583072056422
leaf_count=940 181 89 258 164 797 1381
internal_value=-0.00243314 -0.00616644 -0.00197742 0.00623111 -0.00645089 -0.0107181
internal_weight=22.0623 19.589 17.9816 5.92709 12.0545 9.89702
internal_count=3810 3629 2689 422 2267 2178
is_linear=0
shrinkage=0.05


Tree=195
num_leaves=7
num_cat=0
split_feature=38 56 10 1 6 33
split_gain=0.477024 0.864537 0.898616 0.846544 0.627812 0.396908
threshold=-0.25848535223467256 1.0000000180025095e-35 -0.61853488106432508 0.54176385438934616 0.9255895720257995 1.033681568091706
decision_type=2 2 2 2 2 2
left_child=1 2 -1 4 5 -2
right_child=3 -3 -4 -5 -6 -7
leaf_value=-6.8433375258901115e-05 0.026586724076043552 0.013881094260644459 -0.023100847829167135 -0.011753596725870365 -0.0076272975929350915 -0.0045819765891749733
leaf_weight=10.361946395656561 3.4765044441737696 2.2766019361442877 4.1827551895985406 1.1988991021353284 0.58689004604821082 0.28141909182886582
leaf_count=1251 424 132 1093 348 354 203
internal_value=-0.000518585 -0.00472205 -0.00950955 0.00941549 0.0176717 0.0232547
internal_weight=22.365 16.8213 14.5447 5.54371 4.34481 3.75792
internal_count=3805 2476 2344 1329 981 627
is_linear=0
shrinkage=0.05


Tree=196
num_leaves=7
num_cat=0
split_feature=45 40 10 7 17 35
split_gain=0.418012 0.550656 0.502797 0.494808 0.617878 0.409222
threshold=1.4524619339164471 0.050228584014656366 0.35124439197385032 0.7951814267478382 1.0000000180025095e-35 -0.30612560719058596
decision_type=2 2 2 2 2 2
left_child=1 3 5 4 -1 -3
right_child=-2 2 -4 -5 -6 -7
leaf_value=-0.014392722955970098 -0.015950753828846229 -0.0020141161352581604 -0.0088163487739354954 0.0090222791769038659 0.0086062076380521834 0.019020554522146384
leaf_weight=8.4075555128802115 1.0008003508555692 2.4685966321849264 0.99904248543316487 2.3633916534890878 1.7048701434396214 5.3286459502996859
leaf_count=1920 265 235 377 442 220 363
internal_value=-0.0010674 0.00151777 0.00950673 -0.00486596 -0.0094334 0.0136517
internal_weight=22.2729 21.2721 8.79629 12.4758 10.1124 7.79724
internal_count=3822 3557 975 2582 2140 598
is_linear=0
shrinkage=0.05


Tree=197
num_leaves=7
num_cat=0
split_feature=41 31 4 28 12 41
split_gain=0.422103 0.815887 0.607526 0.531763 0.505922 0.432336
threshold=0.66738229711082087 -0.28394674548624116 0.65284136075940735 -0.72147299310628454 -0.20879158811485751 -1.1951988299409873
decision_type=2 2 2 2 2 2
left_child=1 -1 3 -2 -3 -6
right_child=2 4 -4 -5 5 -7
leaf_value=-0.010706543389225567 0.0043276232996461534 -0.003141331189304221 0.0085711523283334649 -0.021760879547444247 -0.0037821260756048906 0.020278189544743419
leaf_weight=3.8481361360172768 1.5523225711076514 3.7079616766131949 1.6731375415110958 3.6585312936804253 1.2941359909600576 6.2350390833744296
leaf_count=1080 146 561 335 862 210 631
internal_value=-0.000340558 0.00423754 -0.00861399 -0.0152475 0.0105328 0.0162433
internal_weight=21.9693 15.0853 6.88399 5.21085 11.2371 7.52918
internal_count=3825 2482 1343 1008 1402 841
is_linear=0
shrinkage=0.05


Tree=198
num_leaves=7
num_cat=0
split_feature=59 6 61 10 44 40
split_gain=0.803065 0.596165 0.432984 0.413645 0.376406 0.360185
threshold=1.0000000180025095e-35 -0.7442331717682209 1.1498136467363105 0.21834575952671012 0.39062967653650582 0.65976153173482777
decision_type=2 2 2 2 2 2
left_child=3 -2 5 4 -1 -3
right_child=1 2 -4 -5 -6 -7
leaf_value=0.016783799555239245 0.0031365884154055217 -0.025265381055577102 0.001737578996657012 -0.0076221598699772204 -0.0057863213557169529 -0.00070951896332453941
leaf_weight=5.5583332720561893 5.5808801856474028 4.4351566779077967 2.3925297082751058 1.0608197435794862 0.75590609060600389 2.0908526324783452
leaf_count=317 807 1672 419 202 75 383
internal_value=-0.00258189 -0.00886769 -0.0152782 0.00876682 0.0130884 -0.0200991
internal_weight=21.8745 14.4994 8.91854 7.37506 6.31424 6.52601
internal_count=3875 3281 2474 594 392 2055
is_linear=0
shrinkage=0.05


Tree=199
num_leaves=7
num_cat=0
split_feature=42 47 39 37 3 4
split_gain=0.554391 0.621994 0.647077 0.595142 0.544213 0.620772
threshold=0.6812960478535327 0.96527274207848213 -1.3244849625586459 1.2154223333392695 -0.64719219981441423 1.2740502915847536
decision_type=2 2 2 2 2 2
left_child=1 2 -1 -4 -2 -6
right_child=4 -3 3 -5 5 -7
leaf_value=-0.011457768555366656 0.0025990117016123984 -0.0093437738674695976 0.016664843289544134 -0.00964982116195982 -0.026650892165312023 0.0058157905261642748
leaf_weight=0.86849360645282914 3.5416618411545642 3.8129202954005441 9.497369104239624 0.56379330475465472 2.5760136005410454 0.75911306176567439
leaf_count=210 341 1067 1152 158 755 147
internal_value=-0.00178102 0.00371389 0.00930048 0.0133125 -0.0111111 -0.0200065
internal_weight=21.6194 14.7426 10.9297 10.0612 6.87679 3.33513
internal_count=3830 2587 1520 1310 1243 902
is_linear=0
shrinkage=0.05


Tree=200
num_leaves=7
num_cat=0
split_feature=45 16 31 39 0 12
split_gain=0.563451 0.803521 0.576751 0.522424 0.490524 0.372375
threshold=1.0000000180025095e-35 1.4689526365835628 0.20012023911458274 -0.3468991211462088 0.36333876680719335 0.4185369162816624
decision_type=2 2 2 2 2 2
left_child=1 3 5 4 -1 -2
right_child=2 -3 -4 -5 -6 -7
leaf_value=0.024591177414678894 -0.021805883273421877 -0.0067471220185675975 0.0035088849650608033 -0.00058935383480248488 -0.0063222596197094055 0.0044956704805996089
leaf_weight=5.3140816521190564 2.7390414035471609 4.6573112803162067 5.4509092062944546 3.7120669311261763 0.27318825345719222 0.60464062087703485
leaf_count=696 759 692 545 990 100 46
internal_value=0.00189708 0.00755683 -0.00672226 0.0146189 0.021399 -0.0171729
internal_weight=22.7512 13.9566 8.79459 9.29934 5.58727 3.34368
internal_count=3828 2478 1350 1786 796 805
is_linear=0
shrinkage=0.05


Tree=201
num_leaves=7
num_cat=0
split_feature=41 42 42 41 43 6
split_gain=0.65546 0.701328 0.994525 1.22268 0.57489 0.503761
threshold=-1.0642914413190232 1.058811095435124 -0.96936997781680245 0.99220763077112928 -1.09857681250183 -1.1086831597754263
decision_type=2 2 2 2 2 2
left_child=-1 2 -2 -4 -3 -6
right_child=1 4 3 -5 5 -7
leaf_value=-0.01587144646889577 -0.0078590441805695861 0.0090952732916425669 0.032476802402621761 -9.760335969067451e-05 0.0038885142143724087 -0.023709152275170436
leaf_weight=3.6250976658484459 4.5168976135901202 0.88492815260542546 2.784907919354735 5.7024793151649646 1.2961162433202846 2.6000820166664189
leaf_count=834 1004 59 111 964 165 703
internal_value=-0.00237327 0.00227165 0.00799475 0.016281 -0.0103755 -0.0168307
internal_weight=21.4105 17.7854 13.0043 8.48739 4.78113 3.8962
internal_count=3840 3006 2079 1075 927 868
is_linear=0
shrinkage=0.05


Tree=202
num_leaves=7
num_cat=0
split_feature=16 6 16 39 45 40
split_gain=0.44075 0.832134 0.56663 0.817847 0.598425 0.58706
threshold=1.4689526365835628 -1.1086831597754263 -0.36831867093583637 -0.27680195656616641 0.43773613179064391 -0.72436468697037804
decision_type=2 2 2 2 2 2
left_child=2 -2 3 4 5 -1
right_child=1 -3 -4 -5 -6 -7
leaf_value=-0.0085312187141379676 0.010692838524663179 -0.014221461186805784 0.022833639717719498 -0.01001157415135478 -0.008375451822821121 0.020181448794547717
leaf_weight=0.45352010376518581 2.8416220340586733 5.4299917077587452 1.6163447799626744 5.4651069017127147 1.2977437382796777 6.0069413745368356
leaf_count=257 201 737 65 1449 345 763
internal_value=0.0030466 -0.0050945 0.00767805 0.00194571 0.0108117 0.0160997
internal_weight=23.1113 8.27161 14.8397 13.2233 7.75821 6.46046
internal_count=3817 938 2879 2814 1365 1020
is_linear=0
shrinkage=0.05


Tree=203
num_leaves=7
num_cat=0
split_feature=41 36 37 6 11 36
split_gain=0.608477 0.423517 0.558734 0.470726 0.438202 0.420301
threshold=-1.0642914413190232 1.1068362790530812 0.62246969458900214 -1.1086831597754263 0.14039691684690328 -0.90637474191166167
decision_type=2 2 2 2 2 2
left_child=-1 2 4 -3 5 -2
right_child=1 3 -4 -5 -6 -7
leaf_value=-0.015585883575235718 -0.005988405915225474 0.0064132775704106304 -0.0074709744603916571 -0.015477504105213785 -0.0045626986483567247 0.018913564516724688
leaf_weight=3.5277338319283471 0.58314108286868105 1.9715408405754713 3.0755222146690349 3.0247564318706273 1.9780792964447753 7.1846090849430757
leaf_count=819 266 179 717 435 667 742
internal_value=-0.00246611 0.00200321 0.00651439 -0.00767409 0.0116475 0.0158965
internal_weight=21.3454 17.8176 12.8214 4.9963 9.74583 7.76775
internal_count=3825 3006 2392 614 1675 1008
is_linear=0
shrinkage=0.05


Tree=204
num_leaves=7
num_cat=0
split_feature=47 6 54 42 43 43
split_gain=0.458317 0.488636 0.735046 0.470568 0.574601 0.516069
threshold=0.96527274207848213 -1.1086831597754263 -0.31111114342244256 0.6812960478535327 -1.0574949730964354 -1.1473662428492719
decision_type=2 2 2 2 2 2
left_child=3 -2 -3 5 -5 -1
right_child=1 2 -4 4 -6 -7
leaf_value=-0.010746938464055757 0.0052543455091993152 -0.023402840485798108 0.0075913633611250477 0.010551511103851949 -0.014720338959327287 0.01233497856809161
leaf_weight=0.53771187894744699 2.5501332215790171 3.2613871805369845 1.0657683177269062 0.95429762097774062 3.1324534148443481 10.891951861296549
leaf_count=157 274 1228 115 59 646 1400
internal_value=-6.76476e-05 -0.00875819 -0.0157864 0.00457915 -0.00685053 0.0092405
internal_weight=22.3937 6.87729 4.32716 15.5164 4.08675 11.4297
internal_count=3879 1617 1343 2262 705 1557
is_linear=0
shrinkage=0.05


Tree=205
num_leaves=7
num_cat=0
split_feature=7 12 62 7 45 17
split_gain=0.472619 0.637771 0.543167 0.589984 0.455125 0.521919
threshold=0.23472415923540832 0.61023881920827894 -0.016715011341378296 1.1867065391590037 0.98018132125630952 1.0000000180025095e-35
decision_type=2 2 2 2 2 2
left_child=1 4 -2 -4 5 -1
right_child=2 -3 3 -5 -6 -7
leaf_value=-0.020096615186951834 -0.0090384389049473733 0.0096383473037145086 0.017363077731044594 -0.0089551554965561914 0.0041875314298560791 0.0047308328915484461
leaf_weight=7.4955676642130147 1.9107845680555327 2.0971010270295656 5.4476579554320761 0.7902407924120779 2.2801494636223643 1.4132680558250283
leaf_count=1673 539 185 663 351 197 202
internal_value=-0.00206506 -0.00729509 0.00613071 0.0122035 -0.0118357 -0.0159585
internal_weight=21.4348 13.2861 8.14868 6.2379 11.189 8.90884
internal_count=3810 2257 1553 1014 2072 1875
is_linear=0
shrinkage=0.05


Tree=206
num_leaves=7
num_cat=0
split_feature=32 37 62 41 62 51
split_gain=0.626038 0.903182 0.742983 0.416051 0.532834 0.497544
threshold=1.2464401481408145 -0.6898609203027305 0.56828938797023121 -0.22066682579915431 -1.9219990761753993 1.0000000180025095e-35
decision_type=2 2 2 2 2 2
left_child=1 -1 -2 -3 -5 -6
right_child=2 3 -4 4 5 -7
leaf_value=0.0095460472863819444 0.016941646276477786 -0.001402925188302255 -0.011740931606701213 0.0054940385280285772 -0.026823925765278613 0.0054083169874619558
leaf_weight=4.051745551143541 4.5813547442376139 5.7830595535051543 0.7915485621197148 0.74397982814116392 5.0413514585816301 0.36460032151080657
leaf_count=917 301 1022 161 42 1377 23
internal_value=-0.00156073 -0.00642305 0.0100233 -0.0126737 -0.0193372 -0.0234957
internal_weight=21.3576 15.9847 5.3729 11.933 6.14993 5.40595
internal_count=3843 3381 462 2464 1442 1400
is_linear=0
shrinkage=0.05


Tree=207
num_leaves=7
num_cat=0
split_feature=41 42 0 7 40 45
split_gain=0.577367 0.746943 0.55874 0.518575 0.472324 0.506987
threshold=-1.1235427855594671 1.058811095435124 -0.72860998382295727 1.0813723718605683 -0.71986326169862858 1.4524619339164471
decision_type=2 2 2 2 2 2
left_child=-1 2 -2 4 -4 -6
right_child=1 -3 3 -5 5 -7
leaf_value=-0.011884831037934064 -0.0079201574855226643 -0.0082903535881019771 -0.0049442651432215698 -0.0077208148540141887 0.022122974069851004 -0.0064508880961475891
leaf_weight=3.5181268162559745 1.5156269705912588 4.9908609998528837 1.0514720762148506 0.74628751821001138 9.8252651742659438 0.44575156277278516
leaf_count=790 443 929 329 299 926 111
internal_value=0.0013179 0.00512334 0.0106597 0.0141053 0.0168597 0.019705
internal_weight=22.0934 18.5753 13.5844 12.0688 11.3225 10.271
internal_count=3827 3037 2108 1665 1366 1037
is_linear=0
shrinkage=0.05


Tree=208
num_leaves=7
num_cat=0
split_feature=0 33 50 0 39 45
split_gain=0.424118 0.462609 0.503886 0.519717 0.49768 0.422742
threshold=-0.80006675278034944 0.56688151992756663 1.389121929339231 0.90149755801755405 -1.3660040523483634 1.4524619339164471
decision_type=2 2 2 2 2 2
left_child=-1 2 3 4 -2 -6
right_child=1 -3 -4 -5 5 -7
leaf_value=-0.010469204454779715 -0.0064680228436871231 -0.0099917374404656992 -0.011017521124891804 -0.0033246427548187236 0.018860385164149496 -0.005824284876859433
leaf_weight=2.4185475852864355 1.0820646638749263 1.7484975195256982 0.78247824966092494 4.4062947613128918 12.008511516847644 0.59447161963908079
leaf_count=733 177 774 391 480 1211 91
internal_value=0.00250597 0.005164 0.00774585 0.0100091 0.0141281 0.0168001
internal_weight=23.0409 20.6223 18.8738 18.0913 13.685 12.603
internal_count=3857 3124 2350 1959 1479 1302
is_linear=0
shrinkage=0.05


Tree=209
num_leaves=7
num_cat=0
split_feature=29 61 45 47 30 33
split_gain=0.359959 0.765144 0.587395 0.536188 0.552656 0.492616
threshold=-0.22340560881047963 0.6377423638044919 -0.0077532447523914775 0.96527274207848213 -1.0852342467745575 -0.81468718654458594
decision_type=2 2 2 2 2 2
left_child=3 -2 -3 4 -1 -5
right_child=1 2 -4 5 -6 -7
leaf_value=-0.0072116176125186886 -0.018223392830677945 0.013789470133518056 -0.0088039668885744916 0.0074767569691044297 0.017536057109331853 -0.014370261357342741
leaf_weight=1.2481138333678243 4.3267298612627183 3.3278473241953179 2.5565467686392367 2.0508203476783819 5.0225882164086233 3.02634457469685
leaf_count=354 1258 542 662 92 303 601
internal_value=-0.0013831 -0.00720452 0.00431521 0.00426631 0.0118706 -0.00604623
internal_weight=21.559 10.2111 5.88439 11.3479 6.2707 5.07716
internal_count=3812 2462 1204 1350 657 693
is_linear=0
shrinkage=0.05


Tree=210
num_leaves=7
num_cat=0
split_feature=32 62 44 44 55 62
split_gain=0.414895 0.785051 0.598755 0.664646 0.611925 0.516353
threshold=0.4251700606356319 0.56828938797023121 0.44089436147935102 0.82889184446347997 1.0000000180025095e-35 -0.23438112190395724
decision_type=2 2 2 2 2 2
left_child=2 5 4 -4 -1 -2
right_child=1 -3 3 -5 -6 -7
leaf_value=-0.019701802129165905 -0.00071840137595319199 -0.012616057874567217 0.016483804077987618 -0.01132298188165144 0.0066612459286833712 0.019789730191863836
leaf_weight=5.5167337228485867 5.0737940400140351 2.144124475948046 2.2211219506571074 0.99164657993242133 1.3129478818736968 4.0567001960007465
leaf_count=2086 464 396 193 248 88 358
internal_value=-0.00120275 0.00483035 -0.00752917 0.00657784 -0.0141475 0.0110342
internal_weight=21.3171 11.2746 10.0425 3.21277 6.82968 9.13049
internal_count=3833 1218 2615 441 2174 822
is_linear=0
shrinkage=0.05


Tree=211
num_leaves=7
num_cat=0
split_feature=37 39 39 32 32 9
split_gain=0.59015 0.605834 0.38353 0.377 0.45347 0.324184
threshold=0.23607112819618523 0.29691637507356522 -1.2829658727689286 1.4052763245706934 1.7162839994794683 -0.63627906875977536
decision_type=2 2 2 2 2 2
left_child=1 2 -1 5 -5 -2
right_child=3 -3 -4 4 -6 -7
leaf_value=-0.0067101872302229764 0.002218143370403105 -0.0062968817585520188 0.015609845806912154 0.010870114173202532 -0.01153458470592086 -0.020564242292404333
leaf_weight=0.62203387648332853 1.3181595614005344 5.3272115987783764 6.4727094784902892 2.4071259672055025 0.93227906379615877 3.9810723420523555
leaf_count=191 487 1019 1016 162 183 779
internal_value=-0.00205464 0.0046121 0.0122403 -0.0103589 0.00211674 -0.0161439
internal_weight=21.0606 12.422 7.09474 8.63864 3.33941 5.29923
internal_count=3837 2226 1207 1611 345 1266
is_linear=0
shrinkage=0.05


Tree=212
num_leaves=7
num_cat=0
split_feature=12 31 33 6 43 12
split_gain=0.539652 0.460075 0.443065 0.575961 0.445865 0.378586
threshold=-0.17744454427553938 -0.33472798316690322 -0.80651447542027765 0.42704949409141452 0.076124593394259352 3.0429362346764282
decision_type=2 2 2 2 2 2
left_child=2 5 4 -4 -1 -2
right_child=1 -3 3 -5 -6 -7
leaf_value=-0.011027506814407133 -0.01117559105666149 0.011283481339581387 -0.022170787689587343 0.0031968900951065251 0.012481767648344917 0.009456325445446407
leaf_weight=0.47885209351079572 3.6308313793560947 8.2693269659357593 3.5499695969047043 2.3818808848736808 2.2923021464957856 0.6824913176242261
leaf_count=150 1018 1077 820 601 91 31
internal_value=-0.000512313 0.00563939 -0.00857203 -0.0143322 0.00479873 -0.0053711
internal_weight=21.2857 12.5826 8.703 5.93185 2.77115 4.31332
internal_count=3788 2126 1662 1421 241 1049
is_linear=0
shrinkage=0.05


Tree=213
num_leaves=7
num_cat=0
split_feature=4 45 45 27 62 27
split_gain=0.492294 0.334228 0.454022 0.385089 0.33463 0.483614
threshold=-1.0157931250716448 -0.14387499869609668 -0.65371284073979274 -0.010907381447977423 -0.23438112190395724 0.84422932256725025
decision_type=2 2 2 2 2 2
left_child=-1 2 -2 -3 -5 -6
right_child=1 3 -4 4 5 -7
leaf_value=-0.014412277455910883 -0.0051820790256959315 -0.014080567350225365 0.013514832903953109 -0.0068061615593101206 0.01664798009610079 -0.0061840261257376473
leaf_weight=1.9665104704909051 2.8404110871488255 2.0872500196855981 7.3011591948743453 2.9625767245015595 3.0370373007026465 1.7667605283204464
leaf_count=557 796 723 1020 255 250 243
internal_value=-0.000152741 0.00294697 0.00829071 -0.0032043 0.00282773 0.00910156
internal_weight=21.9617 19.9952 10.1416 9.85362 7.76637 4.8038
internal_count=3844 3287 1816 1471 748 493
is_linear=0
shrinkage=0.05


Tree=214
num_leaves=7
num_cat=0
split_feature=42 37 40 43 35 41
split_gain=0.751447 0.5337 0.510527 0.553731 0.561135 0.471685
threshold=1.1271385592221115 0.55658606806119459 -0.67684099483737203 -0.65535236490582649 -0.64236370788449682 -1.0642914413190232
decision_type=2 2 2 2 2 2
left_child=1 2 -1 -4 -5 -6
right_child=-2 -3 3 4 5 -7
leaf_value=-0.0091048979976154649 -0.016574705887985413 -0.0092168098207596437 -0.0089178805218624643 -0.0027545751468930528 -0.0033172776246308214 0.023081623638574539
leaf_weight=1.5866416559729284 3.4923594637366469 3.9049854058830524 1.0257387428137033 2.9280295117641808 1.2075061401119462 7.1006339459272523
leaf_count=648 764 861 244 449 252 637
internal_value=-0.00189972 0.00296569 0.00743034 0.0109391 0.0142491 0.0193826
internal_weight=21.2459 17.7535 13.8485 12.2619 11.2362 8.30814
internal_count=3855 3091 2230 1582 1338 889
is_linear=0
shrinkage=0.05


Tree=215
num_leaves=7
num_cat=0
split_feature=43 44 60 40 1 45
split_gain=0.5065 0.621455 0.466899 0.47449 0.397314 0.302972
threshold=0.069920552212335577 0.70505509473395978 -0.093162781941332581 0.095631978636483331 0.85445850173556903 0.43773613179064391
decision_type=2 2 2 2 2 2
left_child=2 4 3 -1 -2 -5
right_child=1 -3 -4 5 -6 -7
leaf_value=-0.022460379222936411 0.015684824642585499 -0.0093365758695087685 0.0040766576536936461 0.0094000193853757408 -0.0047275286452153663 -0.0086696210192035474
leaf_weight=3.1720909345604031 6.6818919662036915 2.6301936571253455 3.7619861053535715 1.6513763587281576 1.6347488153551237 1.6355762840248642
leaf_count=1502 828 401 320 193 228 377
internal_value=-0.00124735 0.00554829 -0.00813302 -0.0142819 0.0114829 0.00056217
internal_weight=21.1679 10.9468 10.221 6.45904 8.31664 3.28695
internal_count=3849 1457 2392 2072 1056 570
is_linear=0
shrinkage=0.05


Tree=216
num_leaves=7
num_cat=0
split_feature=61 61 11 33 42 6
split_gain=0.476412 0.784539 0.676063 0.587517 0.47192 0.471679
threshold=0.62250912197814501 -0.41665185794249299 -0.6147357026137753 -0.77419228448650779 1.1271385592221115 0.98862337498302066
decision_type=2 2 2 2 2 2
left_child=1 4 -2 -3 -1 -4
right_child=2 3 5 -5 -6 -7
leaf_value=0.0082292926769826445 -0.0095040127407626414 0.0056661215937623636 0.019263645462334764 -0.0241323196900626 -0.010921221019621008 -0.0060228646967651093
leaf_weight=7.9384632562869228 1.7971688718826042 0.93392348143970583 5.0689729480072847 3.315044940507506 1.6840009632287545 0.86435296607669432
leaf_count=1056 369 119 639 1042 268 344
internal_value=-0.000190017 -0.0054083 0.00806776 -0.0179483 0.0030787 0.0147944
internal_weight=21.6019 13.8714 7.73049 4.24897 9.62246 5.93333
internal_count=3837 2485 1352 1161 1324 983
is_linear=0
shrinkage=0.05


Tree=217
num_leaves=7
num_cat=0
split_feature=42 12 33 33 54 61
split_gain=0.629064 0.445859 0.526816 0.441451 0.394039 0.392657
threshold=-1.1302968424630679 -0.23739315915671874 -0.81468718654458594 0.7846814006926307 2.5599875538962986 -1.553090757782406
decision_type=2 2 2 2 2 2
left_child=4 2 -2 5 -1 -3
right_child=1 3 -4 -5 -6 -7
leaf_value=-0.020434153938012959 0.0082911433740779101 -0.0079916503415484071 -0.015498362085728919 -0.0099021801433218856 0.0048368813423393647 0.012830616092975172
leaf_weight=1.7736851200752455 1.5592473841388708 0.57235785841476428 2.5173308339435652 0.62785599840572182 0.87650353234494094 13.993713069154174
leaf_count=692 126 107 696 346 51 1811
internal_value=0.00108596 0.00475332 -0.00674171 0.00844057 -0.0139457 0.0107873
internal_weight=21.9207 19.2705 4.07658 15.1939 2.65019 14.5661
internal_count=3829 3086 822 2264 743 1918
is_linear=0
shrinkage=0.05


Tree=218
num_leaves=7
num_cat=0
split_feature=45 45 7 12 12 11
split_gain=0.387619 0.732381 0.456424 0.378642 0.306234 0.291043
threshold=-0.50645385238251162 -0.14387499869609668 -0.41954014028619396 0.029201071346095616 3.0429362346764282 -0.6147357026137753
decision_type=2 2 2 2 2 2
left_child=3 2 4 -1 -2 -3
right_child=1 5 -4 -5 -6 -7
leaf_value=-0.015494806482055741 -0.012812387858325364 -0.011408338928375061 0.019278046985737731 0.0046409153224579083 0.0084108675089196137 0.0025017174797820727
leaf_weight=3.2145468931994428 0.8352588504203593 3.8407006768102327 4.9779524748155444 1.9846101016155442 0.37235920946113765 6.4686116931261406
leaf_count=1093 211 503 607 384 10 1075
internal_value=0.000223199 0.00403551 0.014482 -0.00892287 -0.00493732 -0.00408385
internal_weight=21.694 16.4949 6.18557 5.19916 1.20762 10.3093
internal_count=3883 2406 828 1477 221 1578
is_linear=0
shrinkage=0.05


Tree=219
num_leaves=7
num_cat=0
split_feature=16 16 39 31 31 33
split_gain=0.459878 0.601219 0.613439 0.465616 0.65623 0.404591
threshold=1.4689526365835628 -0.36831867093583637 -0.19592061281996367 0.1011075089271263 0.26919126899215068 0.31567638527520453
decision_type=2 2 2 2 2 2
left_child=1 2 5 -2 -5 -1
right_child=3 -3 -4 4 -6 -7
leaf_value=0.011137938315458498 -0.020610113965461588 0.019613950059272647 -0.012478373933860441 0.0146147485980875 -0.0099422289838738062 -0.0079913841189538041
leaf_weight=6.2288412076595705 2.117107571597443 1.3510012987535436 4.4384337441733823 1.6685922583856152 3.5231316945282742 1.4777857504959682
leaf_count=839 482 63 1299 85 370 694
internal_value=-0.00178791 0.00360858 -0.00170438 -0.009903 0.000412103 0.00625842
internal_weight=20.8049 13.4961 12.1451 7.30883 5.19172 7.70663
internal_count=3832 2895 2832 937 455 1533
is_linear=0
shrinkage=0.05


Tree=220
num_leaves=7
num_cat=0
split_feature=12 7 28 27 30 28
split_gain=0.47168 0.703958 0.331137 0.530518 0.455641 0.525112
threshold=0.61023881920827894 -0.44497933540732554 -0.40068149616468246 0.83028192339449414 0.44471083763106306 0.89001770301277816
decision_type=2 2 2 2 2 2
left_child=1 -1 -3 4 -4 -6
right_child=-2 2 3 -5 5 -7
leaf_value=-0.016774412548892264 0.013899234911488745 0.0073815350006031198 -0.0094272387982808365 -0.017843037864238884 0.019076795651165251 -0.0077159484922551414
leaf_weight=3.3789773773023688 2.3458990427898234 9.9030765580246278 1.4043044676654926 1.492667649843497 2.430804958858062 0.7888862746185622
leaf_count=947 182 984 461 422 337 513
internal_value=0.000615449 -0.00263742 0.00251995 -0.00519003 0.00430838 0.0119568
internal_weight=21.7446 19.3987 16.0197 6.11666 4.624 3.21969
internal_count=3846 3664 2717 1733 1311 850
is_linear=0
shrinkage=0.05


Tree=221
num_leaves=7
num_cat=0
split_feature=40 55 7 26 41 39
split_gain=0.565231 0.561852 0.457666 0.417688 0.516906 0.449317
threshold=-0.40348984174063979 1.0000000180025095e-35 0.9700758932056176 1.4213600208848882 -1.1235427855594671 -0.92816637820225256
decision_type=2 2 2 2 2 2
left_child=1 -1 3 4 -2 -6
right_child=2 -3 -4 -5 5 -7
leaf_value=-0.019350796662213208 -0.0063378067600179848 0.00508207847023486 -0.012055338193099311 -0.0060733309849093425 -0.0048691275669627276 0.018494828472676087
leaf_weight=3.820307040121409 1.9000006543938059 2.0312477870611474 1.1726474049210072 2.8937795789679503 1.2208506851457031 7.8131969668029351
leaf_count=1641 296 125 487 287 177 826
internal_value=-0.00184997 -0.0120215 0.00346011 0.00669048 0.0106488 0.0149107
internal_weight=20.852 5.85155 15.0005 13.8278 10.934 9.03405
internal_count=3839 1766 2073 1586 1299 1003
is_linear=0
shrinkage=0.05


Tree=222
num_leaves=7
num_cat=0
split_feature=33 9 37 3 45 38
split_gain=0.652902 0.559909 0.515868 0.452812 0.405779 0.42111
threshold=-0.33545044462044565 -0.3496240511284941 -0.15923063097065962 -0.34295685946243443 1.0416217311045364 -0.25848535223467256
decision_type=2 2 2 2 2 2
left_child=2 -2 4 -4 5 -1
right_child=1 -3 3 -5 -6 -7
leaf_value=-0.018022818090736997 0.0012580498560417314 -0.024239956777724996 0.012469870754820084 -0.0085581866200477672 0.0080652235235191255 0.0067161641188243143
leaf_weight=3.4663193153392058 3.1898306547518587 2.2151155289029694 8.7402280003007018 1.0033417947706755 0.97302008344558988 0.59300019885995681
leaf_count=949 1130 644 608 273 57 117
internal_value=-0.00288411 -0.014114 0.00291242 0.00879956 -0.00751547 -0.0130905
internal_weight=20.1809 5.40495 14.7759 9.74357 5.03234 4.05932
internal_count=3778 1774 2004 881 1123 1066
is_linear=0
shrinkage=0.05


Tree=223
num_leaves=7
num_cat=0
split_feature=28 26 32 33 9 30
split_gain=0.416146 0.71221 0.534355 0.418548 0.520098 0.379554
threshold=-0.41033945951218515 -0.35760800646119167 0.64285630002502503 -0.76094297548723744 1.299321683692473 0.23164945975020881
decision_type=2 2 2 2 2 2
left_child=2 5 3 4 -1 -2
right_child=1 -3 -4 -5 -6 -7
leaf_value=0.013051653904403214 -0.0092647808281816138 -0.020364343443780009 0.010711182097524703 -0.01338848874480497 -0.010831470784522026 0.012285667435932755
leaf_weight=2.7784607866633464 0.64694721736304961 3.4162283028708762 6.7542474382207729 3.8450940858456315 0.99409407866187383 2.318032091963687
leaf_count=367 252 1196 467 924 149 432
internal_value=-0.00227862 -0.0105653 0.00258985 -0.00560283 0.00474807 0.00528877
internal_weight=20.7531 6.38121 14.3719 7.61765 3.77255 2.96498
internal_count=3787 1880 1907 1440 516 684
is_linear=0
shrinkage=0.05


Tree=224
num_leaves=7
num_cat=0
split_feature=0 42 37 43 50 61
split_gain=0.365747 0.449851 0.586399 0.522359 0.453692 0.438262
threshold=-0.59462854202784665 1.058811095435124 1.2866478755314936 -0.65535236490582649 1.389121929339231 -1.7451467835776577
decision_type=2 2 2 2 2 2
left_child=-1 2 3 -2 5 -5
right_child=1 -3 -4 4 -6 -7
leaf_value=-0.0084862770786172329 -0.0078939214967084486 -0.0064874037959561292 -0.012000962601841738 -0.0073494290282614984 -0.0074832116150361566 0.018743014685611924
leaf_weight=3.6829009467619498 1.1098000004130906 4.1333301709382786 0.58703377051279026 0.23458519915584553 0.47715816466370675 11.850939342504709
leaf_count=996 272 672 209 56 258 1333
internal_value=0.0019971 0.00499193 0.00886864 0.0117629 0.0146863 0.0168757
internal_weight=22.0757 18.3928 14.2595 13.6725 12.5627 12.0855
internal_count=3796 2800 2128 1919 1647 1389
is_linear=0
shrinkage=0.05


Tree=225
num_leaves=7
num_cat=0
split_feature=43 42 37 42 39 40
split_gain=0.393128 0.577985 0.634685 0.462988 0.495855 0.458736
threshold=-0.65535236490582649 1.058811095435124 1.2154223333392695 -0.77398887335277844 1.2685709179446147 0.081833217055793675
decision_type=2 2 2 2 2 2
left_child=-1 2 3 5 -5 -2
right_child=1 -3 -4 4 -6 -7
leaf_value=-0.011522481458675241 -0.01145923260327153 -0.0091212713253449856 -0.012778270306789449 0.019078538891895001 -0.006616476239703884 0.009500275760505484
leaf_weight=2.1672559062135432 2.3248187580320545 3.8755044296121914 0.70439844930660989 9.0665758922987099 0.70169914260623123 2.169176828028867
leaf_count=510 675 812 230 1147 201 218
internal_value=0.00100885 0.00383485 0.00815259 0.0112274 0.0161118 -0.00158924
internal_weight=21.0094 18.8422 14.9667 14.2623 9.76828 4.494
internal_count=3793 3283 2471 2241 1348 893
is_linear=0
shrinkage=0.05


Tree=226
num_leaves=7
num_cat=0
split_feature=53 53 36 0 2 36
split_gain=0.830698 0.454038 0.435043 0.412499 0.552502 0.324004
threshold=-0.19340581382053751 2.1655603449384588 0.25993761738909343 -0.018508342308871686 -0.61574127833741699 -0.70989870547567346
decision_type=2 2 2 2 2 2
left_child=3 -2 -3 -1 -5 -6
right_child=1 2 -4 4 5 -7
leaf_value=-0.019673661654945784 0.016633103300542861 -0.013484650487808864 0.0071500366801515282 -0.012792120404747226 -0.0077687990710385187 0.01221836687793742
leaf_weight=4.6129829420679025 2.8149888394400469 1.7125780098140237 2.7907471330836415 3.1464683159138076 0.54581311548827205 3.8342921951552862
leaf_count=1806 162 258 149 416 428 560
internal_value=-0.00435778 0.00722772 -0.00295115 -0.0113903 -0.00215352 0.00758217
internal_weight=19.4579 7.31831 4.50333 12.1396 7.52657 4.38011
internal_count=3779 569 407 3210 1404 988
is_linear=0
shrinkage=0.05


Tree=227
num_leaves=7
num_cat=0
split_feature=6 38 37 35 56 3
split_gain=0.722218 0.480163 0.401281 0.341894 0.337057 0.430968
threshold=-0.50585078967545749 0.13477758521200359 2.1591607673862412 0.93235260504413198 1.0000000180025095e-35 -0.71849735770940948
decision_type=2 2 2 2 2 2
left_child=-1 2 4 -3 5 -2
right_child=1 3 -4 -5 -6 -7
leaf_value=0.0059701894620039497 0.003491164202363842 0.014855944517007849 0.0064226668597357614 -0.0074904883503634466 0.0023589656208157471 -0.023583771602470431
leaf_weight=8.9798569279955718 0.9038036303536473 0.84257065402925835 0.52833957580151114 0.64412241516401991 1.2622172136325387 6.6509476973587871
leaf_count=1135 76 117 34 365 132 1951
internal_value=-0.00350477 -0.0109509 -0.0146826 0.00663936 -0.0172568 -0.020273
internal_weight=19.8119 10.832 9.34531 1.48669 8.81697 7.55475
internal_count=3810 2675 2193 482 2159 2027
is_linear=0
shrinkage=0.05


Tree=228
num_leaves=7
num_cat=0
split_feature=12 16 16 39 60 37
split_gain=0.472473 0.630188 0.510208 0.751852 0.49177 0.396157
threshold=-0.056322945923857136 1.4689526365835628 -0.36831867093583637 -0.66611082446455561 4.4378277664371879 0.64561799580147494
decision_type=2 2 2 2 2 2
left_child=2 5 3 -1 -5 -2
right_child=1 -3 -4 4 -6 -7
leaf_value=0.0049546813891838933 0.018935252462547347 -0.0091001273096575595 0.004292232060785283 -0.026160804826663248 0.0052520575218903201 -0.0059886485580658401
leaf_weight=2.8902251615945724 5.3024306071165475 1.423193281778367 7.2390686336439103 3.2237681227707085 0.46675739367492486 0.49350009072804812
leaf_count=507 741 272 699 1421 33 167
internal_value=0.00102156 0.00939764 -0.00424966 -0.0120478 -0.0216143 0.0154944
internal_weight=21.0389 7.21912 13.8198 6.58075 3.69053 5.79593
internal_count=3840 1180 2660 1961 1454 908
is_linear=0
shrinkage=0.05


Tree=229
num_leaves=7
num_cat=0
split_feature=29 4 29 29 33 44
split_gain=0.403292 0.474535 0.602798 0.439165 0.397183 0.370355
threshold=0.76754938769215453 -0.15473024931354257 -0.62364431322576597 1.1174821546206311 -0.77607753148806802 -0.052320768238965219
decision_type=2 2 2 2 2 2
left_child=1 2 5 -2 -4 -1
right_child=3 -3 4 -5 -6 -7
leaf_value=-0.006021315680092427 -0.019063816123626162 0.011913362096677768 0.0057671072671977444 0.0060150917870171738 -0.017893095484320144 0.011783391916334724
leaf_weight=2.3425453091622366 1.5436327847855857 7.065843381511514 0.81189130066195492 1.0263831109914461 3.574554507387802 4.8305245261872187
leaf_count=541 838 864 54 290 814 430
internal_value=0.000907759 0.00390114 -0.00244202 -0.0112028 -0.0129501 0.00590785
internal_weight=21.1954 18.6254 11.5595 2.57002 4.38645 7.17307
internal_count=3831 2703 1839 1128 868 971
is_linear=0
shrinkage=0.05


Tree=230
num_leaves=7
num_cat=0
split_feature=27 41 6 7 41 59
split_gain=0.443069 0.456713 0.364742 0.436583 0.359122 0.649854
threshold=-0.49416627191385354 0.66738229711082087 0.34682465396404222 -0.015692917738230512 -0.43799409209695556 1.0000000180025095e-35
decision_type=2 2 2 2 2 2
left_child=-1 4 3 -3 5 -2
right_child=1 2 -4 -5 -6 -7
leaf_value=-0.011743348602430903 0.011187536375079687 -0.0095790713323744593 -0.017296068164547866 0.011104842216009346 0.014543880668949594 -0.012471203972765559
leaf_weight=3.7678981409553698 2.7269484976423017 1.7896845931536516 1.1707271304185267 2.5669041668879791 5.7319435010431317 2.9053728866565498
leaf_count=1453 162 218 452 172 637 707
internal_value=-0.000771633 0.00307775 -0.00659039 0.00216661 0.00817443 -0.0011094
internal_weight=20.6595 16.8916 5.52732 4.35659 11.3643 5.63232
internal_count=3801 2348 842 390 1506 869
is_linear=0
shrinkage=0.05


Tree=231
num_leaves=7
num_cat=0
split_feature=40 45 11 37 36 43
split_gain=0.549323 0.39846 0.383768 0.429593 0.492088 0.447379
threshold=-0.72436468697037804 1.526710163340286 0.43435075396764883 0.77026269463786745 1.423349209223215 -1.09857681250183
decision_type=2 2 2 2 2 2
left_child=-1 2 3 4 -2 -5
right_child=1 -3 -4 5 -6 -7
leaf_value=-0.016072913713695711 0.015575007866412822 -0.012128485348046308 -0.0086737263671804368 0.0093588245167186019 -0.0033398119216515431 -0.0140397303427117
leaf_weight=1.5445810284581991 10.466661021288028 0.94190145083120924 1.6654883807641443 0.84754061885178122 3.3800590042665126 1.9379161116521562
leaf_count=787 1288 250 644 53 301 473
internal_value=-0.000260868 0.00300546 0.00538319 0.00790114 0.0111853 -0.00575902
internal_weight=20.7841 19.2396 18.2977 16.6322 13.8467 2.78546
internal_count=3796 3009 2759 2115 1589 526
is_linear=0
shrinkage=0.05


Tree=232
num_leaves=7
num_cat=0
split_feature=53 12 45 40 40 36
split_gain=0.544949 0.445212 0.459224 0.431848 0.41268 0.39473
threshold=2.1655603449384588 -0.17505461956188167 -0.6656729930294828 0.050228584014656366 1.1530357061981833 2.050526495157782
decision_type=2 2 2 2 2 2
left_child=1 3 -3 5 -4 -1
right_child=-2 2 4 -5 -6 -7
leaf_value=-0.020183641959813623 -0.01324466682044209 -0.0083615807794742928 0.016123154203916242 0.0041242918478496459 -0.0063682016649135786 0.0061285887691940166
leaf_weight=2.0878664087795236 3.6499131337041026 1.0302643682662207 7.8196542550576797 4.4531345416035037 0.82080831949133415 0.41661086765816424
leaf_count=885 409 590 1155 602 167 21
internal_value=-0.000974032 0.00333203 0.00918778 -0.00512309 0.012896 -0.014852
internal_weight=20.2783 16.6283 9.67073 6.95761 8.64046 2.50448
internal_count=3829 3420 1912 1508 1322 906
is_linear=0
shrinkage=0.05


Tree=233
num_leaves=7
num_cat=0
split_feature=61 29 12 62 26 27
split_gain=0.431625 0.606919 0.540322 0.533805 0.567344 0.370998
threshold=0.62250912197814501 -0.18282829860281571 0.20643778117919762 -1.250441394392541 -0.2742599830770886 0.84422932256725025
decision_type=2 2 2 2 2 2
left_child=1 3 -3 -1 -5 -2
right_child=5 2 -4 4 -6 -7
leaf_value=-0.0086362251112824528 0.013738891388911476 -0.021745649520250151 0.0064480644887669296 -0.0080155829095360041 0.016521283147544884 -0.0048816332474190798
leaf_weight=3.3946617463370785 5.5854357742791754 3.0852893485571271 0.80784264448448073 1.2797826581663683 4.7774275568372104 2.07746475058957
leaf_count=386 1053 1079 134 352 501 313
internal_value=0.00101446 -0.00421003 -0.0156352 0.00312904 0.0103992 0.00873759
internal_weight=21.0079 13.345 3.89313 9.45187 6.05721 7.6629
internal_count=3818 2452 1213 1239 853 1366
is_linear=0
shrinkage=0.05


Tree=234
num_leaves=7
num_cat=0
split_feature=42 42 43 37 1 1
split_gain=0.570481 0.591262 0.578845 0.585899 0.448185 0.34551
threshold=1.058811095435124 -0.96936997781680245 -0.42599268331607704 1.2154223333392695 -1.055352464874004 0.39879404078473996
decision_type=2 2 2 2 2 2
left_child=1 5 -3 4 -4 -1
right_child=-2 2 3 -5 -6 -7
leaf_value=-0.016176641361222807 -0.010928539627198947 -0.0077180812296613237 -0.006768600389929433 -0.0095103663604043306 0.019664011448861672 0.0038087498477319594
leaf_weight=1.6188794656191068 4.6047311561706001 1.7701818869682071 0.36270706827053878 0.45229613108676936 9.5909588115027784 2.3590258251933847
leaf_count=677 940 386 231 137 1122 311
internal_value=0.000747653 0.00526635 0.0102252 0.0143216 0.0173563 -0.00778267
internal_weight=20.7588 16.154 12.1761 10.406 9.95367 3.97791
internal_count=3804 2864 1876 1490 1353 988
is_linear=0
shrinkage=0.05


Tree=235
num_leaves=7
num_cat=0
split_feature=12 16 43 9 43 62
split_gain=0.418252 0.548824 0.381945 0.329084 0.2648 0.262029
threshold=-0.056865624578076944 1.4689526365835628 -0.61428571287174594 -1.3017538136967355 0.81924646864964534 0.41459744271248716
decision_type=2 2 2 2 2 2
left_child=5 2 -2 -4 -5 -1
right_child=1 -3 3 4 -6 -7
leaf_value=-0.0087905143013338755 -0.0066243004915866356 -0.0089337213662109682 -0.0051917356145870152 0.02226048001700932 -0.0035524494813357157 0.0034526676682054697
leaf_weight=9.1688961964391655 0.41429267404600967 1.3949373918876515 0.28315801330609236 4.7670725177158593 0.28512345987837751 4.7894976563984519
leaf_count=1776 139 270 135 588 49 894
internal_value=9.23738e-05 0.00811298 0.0138938 0.0172978 0.0200229 -0.00472193
internal_weight=21.103 7.14458 5.74965 5.33535 5.0522 13.9584
internal_count=3851 1181 911 772 637 2670
is_linear=0
shrinkage=0.05


Tree=236
num_leaves=7
num_cat=0
split_feature=29 29 41 41 42 42
split_gain=0.399216 0.533262 0.353153 0.442277 0.548295 0.940472
threshold=1.0915474211851521 0.55657219253903556 1.1090232240296707 -1.0642914413190232 1.058811095435124 -1.0004107495244539
decision_type=2 2 2 2 2 2
left_child=1 2 3 -1 5 -5
right_child=-2 -3 -4 4 -6 -7
leaf_value=-0.0093423530770081233 0.010402646599622103 -0.01975668658472831 -0.012302381828879508 -0.0055121753265346806 -0.005252666112487185 0.024667422872358909
leaf_weight=2.9192619283130652 1.4697013223194506 2.5266514983086372 2.3952647764526764 2.7324559414701088 3.947693775568041 3.6507836747041438
leaf_count=539 329 1171 466 492 573 248
internal_value=-0.00390431 -0.00637146 -0.00137883 0.00250247 0.00719871 0.0141166
internal_weight=19.6418 18.1721 15.6455 13.2502 10.3309 6.38324
internal_count=3818 3489 2318 1852 1313 740
is_linear=0
shrinkage=0.05


Tree=237
num_leaves=7
num_cat=0
split_feature=37 17 9 41 0 61
split_gain=0.667858 0.436567 0.477576 0.424458 0.566199 0.364643
threshold=0.23607112819618523 1.3023541236458205 -0.13962737605992762 -1.043220252027466 -0.70851276755369075 -1.7103251551464056
decision_type=2 2 2 2 2 2
left_child=3 2 -2 -1 -5 -6
right_child=1 -3 -4 4 5 -7
leaf_value=-0.010244868863137411 0.00081184338633580517 0.0058493582121045638 -0.023924022749770426 -0.010921789686123897 -0.0070560414924561946 0.01457966332024899
leaf_weight=1.8439681126765215 2.4017451751569752 0.95278791245073069 4.3030761209083712 1.0340666820702615 0.49831615251605299 8.0663328640657692
leaf_count=529 694 79 770 453 90 1144
internal_value=-0.0047166 -0.0138129 -0.0175514 0.00297549 0.00734995 0.011817
internal_weight=19.1003 7.65761 6.70482 11.4427 9.59872 8.56465
internal_count=3759 1543 1464 2216 1687 1234
is_linear=0
shrinkage=0.05


Tree=238
num_leaves=7
num_cat=0
split_feature=45 61 36 33 45 9
split_gain=0.452705 0.50113 0.621741 0.477006 0.450462 0.250539
threshold=-0.14387499869609668 0.6377423638044919 0.17670911083291244 -0.81468718654458594 -0.64299015894049993 1.4190275528637397
decision_type=2 2 2 2 2 2
left_child=1 2 -1 -2 -3 -4
right_child=3 4 5 -5 -6 -7
leaf_value=-0.017151093720797275 0.0073482863639839071 -0.0073277277734659424 0.0095827833734860989 -0.01367234712842145 0.019468282643535686 -0.0071120091709820591
leaf_weight=1.8420285767497278 1.5155475374776868 0.37182226947334163 4.6159498716588132 7.4927963360387349 3.0932838609878672 0.71063295850763086
leaf_count=857 63 193 748 1506 366 94
internal_value=-0.00233264 0.00421483 -0.00358497 -0.00918358 0.0145269 0.00559557
internal_weight=19.6421 10.6337 7.16861 9.00834 3.46511 5.32658
internal_count=3827 2258 1699 1569 559 842
is_linear=0
shrinkage=0.05


Tree=239
num_leaves=7
num_cat=0
split_feature=16 16 61 33 37 11
split_gain=0.513748 0.623508 0.467911 0.516 0.440066 0.665946
threshold=1.4689526365835628 -0.36831867093583637 0.086416188474009947 0.31567638527520453 -0.80115082997808085 -0.72153742899623219
decision_type=2 2 2 2 2 2
left_child=1 2 -1 -4 -2 -6
right_child=4 -3 3 -5 5 -7
leaf_value=-0.011209090876117475 0.0068908119951597143 0.020669610101650176 0.011771585381161078 -0.0091972611161821299 0.0018268193307427582 -0.025190551451488415
leaf_weight=3.7836799234792142 1.289185959351016 1.4507202776148904 5.8113796189863933 1.7884647017926907 3.2578156019735611 2.4905212439334714
leaf_count=1096 174 67 858 817 257 528
internal_value=-0.000948002 0.00477692 -0.00113712 0.00563057 -0.00969576 -0.014503
internal_weight=19.8718 12.8342 11.3835 7.59984 7.03752 5.74834
internal_count=3797 2838 2771 1675 959 785
is_linear=0
shrinkage=0.05


Tree=240
num_leaves=7
num_cat=0
split_feature=32 37 62 61 32 37
split_gain=0.364266 0.595677 0.340758 0.329996 0.479299 0.3025
threshold=1.2464401481408145 -0.74328007694689868 0.56828938797023121 0.6377423638044919 0.44911825748342143 0.23607112819618523
decision_type=2 2 2 2 2 2
left_child=1 -1 -2 4 -3 -6
right_child=2 3 -4 -5 5 -7
leaf_value=0.0094275262833727821 0.014115622516910573 -0.022091510606425654 -0.0063845372403230245 0.001874385441355284 0.0073616819817988143 -0.0099895703743259571
leaf_weight=3.8733776385925021 4.0484434161917298 3.3170953372609802 0.85421848302939896 4.3580992915813113 2.807164224301232 1.427604420983698
leaf_count=880 296 988 158 998 238 274
internal_value=0.000525335 -0.00332437 0.00947602 -0.008534 -0.0133657 -0.000204481
internal_weight=20.686 15.7833 4.90266 11.91 7.55186 4.23477
internal_count=3832 3378 454 2498 1500 512
is_linear=0
shrinkage=0.05


Tree=241
num_leaves=7
num_cat=0
split_feature=45 39 39 3 17 6
split_gain=0.399829 0.460509 0.684999 0.496139 0.388526 0.366188
threshold=-0.50645385238251162 -0.92816637820225256 1.0000000180025095e-35 -0.61771940121781621 1.0000000180025095e-35 0.9255895720257995
decision_type=2 2 2 2 2 2
left_child=4 -2 5 -4 -1 -3
right_child=1 2 3 -5 -6 -7
leaf_value=-0.01449564414691179 -0.0098972853241120051 0.019843431108695495 0.0063507742319537461 -0.013120811210893757 0.0065667133378822795 -0.0042626049913008198
leaf_weight=3.6638369795982753 1.8923770047549666 6.0623207788448745 4.7340464365552206 2.7913313851749963 1.1817380042775765 0.78363875549985085
leaf_count=1266 414 648 344 693 191 309
internal_value=0.00079936 0.00458937 0.00787675 -0.00255286 -0.00881214 0.016626
internal_weight=21.1093 16.2637 14.3713 7.52538 4.84557 6.84596
internal_count=3865 2408 1994 1037 1457 957
is_linear=0
shrinkage=0.05


Tree=242
num_leaves=7
num_cat=0
split_feature=62 39 44 39 45 6
split_gain=0.517734 0.374737 0.407985 0.373902 0.341174 0.453781
threshold=1.1237869864393679 -1.0000000180025095e-35 -0.20161658089203655 -1.3757098135979078 -0.50645385238251162 0.9255895720257995
decision_type=2 2 2 2 2 2
left_child=1 3 -3 -1 -5 -6
right_child=-2 2 -4 4 5 -7
leaf_value=-0.0073659374837307711 -0.015126575214486675 -0.015468943636381391 0.0028195772473060023 -0.0029837264287168284 0.019162005849700649 -0.0057483191174058628
leaf_weight=1.106956876101324 1.7313348157040298 1.7298280704853821 6.5874848297680728 2.171068406823907 6.4989081316889488 0.82691580438404333
leaf_count=247 525 485 945 627 701 322
internal_value=-0.000142164 0.00311144 -0.0040763 0.00840491 0.0115701 0.015497
internal_weight=20.6525 18.9212 8.31731 10.6038 9.49689 7.32582
internal_count=3852 3327 1430 1897 1650 1023
is_linear=0
shrinkage=0.05


Tree=243
num_leaves=7
num_cat=0
split_feature=37 3 32 62 15 6
split_gain=0.403736 0.426597 0.422244 0.467259 0.320933 0.536052
threshold=-0.61445087750671301 -0.74892089174460763 1.4052763245706934 0.56828938797023121 -0.80649847674524766 0.39266741975111213
decision_type=2 2 2 2 2 2
left_child=1 -1 4 -4 -2 -6
right_child=2 -3 3 -5 5 -7
leaf_value=-0.0084345277693406197 -0.012557448717951511 0.015779857213696246 0.014376475725077066 -0.0095648110488577038 0.010075387743235933 -0.0116147452195354
leaf_weight=0.36251163615088433 6.6364879285683891 3.9864090836490531 3.2541629274201109 0.58476164552848775 3.9820315176330023 1.8461185722699154
leaf_count=236 1184 734 228 129 479 779
internal_value=0.00129201 0.0111422 -0.00265879 0.00813363 -0.00691574 0.00159266
internal_weight=20.6525 4.34892 16.3036 3.83892 12.4646 5.82815
internal_count=3769 970 2799 357 2442 1258
is_linear=0
shrinkage=0.05


Tree=244
num_leaves=7
num_cat=0
split_feature=44 45 62 62 33 47
split_gain=0.453283 0.383691 0.34256 0.620962 0.460306 0.379428
threshold=-0.58791528437882312 -0.65371284073979274 1.3009133184531609 0.15314152916050119 -0.80497422098742388 0.96527274207848213
decision_type=2 2 2 2 2 2
left_child=-1 -2 3 4 -3 -5
right_child=1 2 -4 5 -6 -7
leaf_value=-0.014966291752168384 -0.010056233636833696 0.0086144354854744143 -0.0097923074879178052 0.019899948285532942 -0.0093299249899585403 -0.0050148927821077787
leaf_weight=2.1670965674566132 2.6115711970633173 3.454935023182772 0.83004971643094982 5.3635783389909184 5.1203080493432864 0.6048576759349088
leaf_count=668 1021 179 214 438 1051 253
internal_value=-0.0018602 0.00163277 0.00493615 0.00730751 -0.00174132 0.0165421
internal_weight=20.1524 17.9853 15.3737 14.5437 8.57524 5.96844
internal_count=3824 3156 2135 1921 1230 691
is_linear=0
shrinkage=0.05


Tree=245
num_leaves=7
num_cat=0
split_feature=41 27 41 37 32 35
split_gain=0.718225 0.638956 0.364428 0.595943 0.343662 0.318175
threshold=0.66738229711082087 -0.6614558154007153 -1.1235427855594671 0.39632859812868987 0.89072492066133269 0.6618545253309015
decision_type=2 2 2 2 2 2
left_child=1 -1 4 -4 -3 -2
right_child=5 2 3 -5 -6 -7
leaf_value=-0.013055043934295008 -0.01848322280853653 -0.012940459547588073 0.018672655974674161 -0.0045432189891268715 0.0069226857210215355 0.0027251947892540829
leaf_weight=1.7894378563505622 4.5298657520906991 1.3833794328675133 6.0930646326742117 2.550379707099637 1.6669591674581168 1.4062471741781335
leaf_count=838 938 398 637 507 137 395
internal_value=-0.00310155 0.00349651 0.00817761 0.0124169 -0.00403532 -0.0142308
internal_weight=19.4193 13.4832 11.6938 8.64344 3.05034 5.93611
internal_count=3850 2517 1679 1144 535 1333
is_linear=0
shrinkage=0.05


Tree=246
num_leaves=7
num_cat=0
split_feature=15 42 1 41 42 29
split_gain=0.543475 0.560844 0.476787 0.41992 0.404327 0.379229
threshold=0.80329679500201812 -1.1302968424630679 -0.95755898642326998 1.0810916475269092 1.1271385592221115 1.0915474211851521
decision_type=2 2 2 2 2 2
left_child=1 -1 -3 4 -4 -2
right_child=5 2 3 -5 -6 -7
leaf_value=-0.011322984638471416 -0.013671036318363014 -0.0097994109236139489 0.020488244744242441 -0.0038516846449879356 -0.00043393970341795024 0.0072388454611518258
leaf_weight=1.5770854108850496 5.7834398874692843 0.69733712926972558 6.7679860377975256 2.2306010805186807 2.8638275509001687 0.80538896666257631
leaf_count=361 1719 372 595 325 315 158
internal_value=-0.000132868 0.00521565 0.00907508 0.0119387 0.0156418 -0.00964999
internal_weight=20.7257 14.1368 12.5598 11.8624 9.63181 6.58883
internal_count=3845 1968 1607 1235 910 1877
is_linear=0
shrinkage=0.05


Tree=247
num_leaves=7
num_cat=0
split_feature=60 62 15 1 33 5
split_gain=0.472482 0.670817 0.446929 0.656099 0.609459 0.440653
threshold=-0.20779548606225443 0.6079738969293802 -0.80649847674524766 0.66241124356498016 -0.81468718654458594 0.46876828888051614
decision_type=2 2 2 2 2 2
left_child=2 -2 4 -4 -1 -6
right_child=1 -3 3 -5 5 -7
leaf_value=0.0051800144967073004 0.01332175929070669 -0.011567581151595112 0.010230950868208745 -0.014651909382351348 -0.025568455156313404 0.0024784248440876885
leaf_weight=1.7680539287102872 5.3369286994566201 1.3384784462396053 4.6820324100990556 1.0823529459448762 3.9155448694364177 1.138183186354581
leaf_count=122 360 191 1244 398 1112 388
internal_value=-0.00279441 0.00629192 -0.00789705 0.00214279 -0.0144439 -0.0206816
internal_weight=19.2616 6.67541 12.5862 5.76439 6.82178 5.05373
internal_count=3815 551 3264 1642 1622 1500
is_linear=0
shrinkage=0.05


Tree=248
num_leaves=7
num_cat=0
split_feature=4 12 3 7 61 6
split_gain=0.532701 0.406712 0.517108 0.53687 0.396567 0.39262
threshold=-0.065431465507399089 0.61023881920827894 -0.64719219981441423 -0.3972808445552039 0.6377423638044919 0.98862337498302066
decision_type=2 2 2 2 2 2
left_child=1 2 3 -1 -2 -6
right_child=4 -3 -4 -5 5 -7
leaf_value=-0.011795007845682095 -0.004600376686042764 0.0074393897404023386 -0.019316544320269868 0.0097622666944174562 0.017472568513095869 -0.0057597096952699649
leaf_weight=2.119733754065237 2.9193604146275884 1.8449719222844567 4.2673966715956366 3.6323872728389679 4.8216395440977067 0.7879428484593517
leaf_count=528 740 178 1214 225 673 335
internal_value=-0.000528444 -0.00672593 -0.0104475 0.000498146 0.0075996 0.0133394
internal_weight=20.3934 11.8645 10.0195 5.75212 8.52894 5.60958
internal_count=3893 2145 1967 753 1748 1008
is_linear=0
shrinkage=0.05


Tree=249
num_leaves=7
num_cat=0
split_feature=42 11 11 37 17 27
split_gain=0.474033 0.537221 0.499346 0.390002 0.355399 0.288406
threshold=0.63736398700664842 -0.43660992235850321 0.30231920954660163 2.1591607673862412 1.0000000180025095e-35 0.84422932256725025
decision_type=2 2 2 2 2 2
left_child=1 4 5 -2 -1 -3
right_child=3 2 -4 -5 -6 -7
leaf_value=-0.011356728774029044 -0.015433821562937728 0.019590224060870257 -0.0057199045956786397 0.0074473431011719427 0.0074476995390417126 -0.0036201702623547384
leaf_weight=5.0873398160474617 5.568782966816797 4.3606952962582008 1.9416597357485441 0.45402338421263255 1.238223086344078 0.62514194202958595
leaf_count=995 1247 590 698 13 130 148
internal_value=-0.00287299 0.00261658 0.0103559 -0.0118063 -0.00646403 0.0164133
internal_weight=19.2759 13.2531 6.9275 6.02281 6.32556 4.98584
internal_count=3821 2561 1436 1260 1125 738
is_linear=0
shrinkage=0.05


Tree=250
num_leaves=7
num_cat=0
split_feature=11 32 11 27 30 31
split_gain=0.286592 0.462632 0.297937 0.419609 0.314435 0.258354
threshold=-0.43660992235850321 1.2464401481408145 0.24490195296614195 0.84422932256725025 0.80896036214912181 2.8411719301023934
decision_type=2 2 2 2 2 2
left_child=1 5 3 -2 -4 -1
right_child=2 -3 4 -5 -6 -7
leaf_value=-0.014441666590360742 0.014429131500217993 0.0061388001023392662 -0.011808076336521514 -0.0075176786565755412 0.0076552618859280046 0.0039561024992656969
leaf_weight=6.6060966469522118 4.9848968540900369 3.3506242780422326 2.1695048575493279 0.88841452215274319 0.88166589286993247 1.0166982378577811
leaf_count=1407 780 279 887 224 198 52
internal_value=-0.00127504 -0.00600085 0.00458356 0.0096901 -0.00517697 -0.0115636
internal_weight=19.8979 10.9734 8.92448 5.87331 3.05117 7.62279
internal_count=3827 1738 2089 1004 1085 1459
is_linear=0
shrinkage=0.05


Tree=251
num_leaves=7
num_cat=0
split_feature=32 14 34 26 4 11
split_gain=0.409512 0.408463 0.567831 0.418384 0.341162 0.321288
threshold=1.225330019894161 1.0000000180025095e-35 -0.36902225863799859 0.32957895105947804 -1.2252803067692222 -0.34780456551405897
decision_type=2 2 2 2 2 2
left_child=1 2 3 4 -1 -6
right_child=-2 -3 -4 -5 5 -7
leaf_value=-0.0071021578922781971 0.0095207777504446173 0.0091413129116861749 -0.016430038254327355 -0.0081273526034450587 0.018395475145391381 -0.0045850770652244707
leaf_weight=0.56869434271357011 5.0427893284941083 2.0843909976392743 5.4364392310089915 3.2760365184803959 3.0986055705288891 0.68670624415972303
leaf_count=280 462 573 1630 501 194 165
internal_value=0.000145321 -0.00403303 -0.00744912 0.00178079 0.00951012 0.0140425
internal_weight=20.1937 15.1509 13.0665 7.63004 4.35401 3.78531
internal_count=3805 3343 2770 1140 639 359
is_linear=0
shrinkage=0.05


Tree=252
num_leaves=7
num_cat=0
split_feature=15 32 34 17 51 15
split_gain=0.567937 0.839461 0.58576 0.64692 0.558708 0.529266
threshold=-0.80649847674524766 1.2464401481408145 -1.6624345627723678 1.0000000180025095e-35 1.7177369373723359 0.80329679500201812
decision_type=2 2 2 2 2 2
left_child=1 2 -1 4 -4 -2
right_child=5 -3 3 -5 -6 -7
leaf_value=0.005971962368587734 0.019641859592865515 0.0079540698774708835 -0.030089351181627894 0.0039575136409717264 0.0050655723726306086 -0.0018393595388324715
leaf_weight=1.1268571534455984 1.3463078554486836 3.0473871834838064 4.8384438669163519 1.3224920539068987 0.41487929964205239 7.1327808884670958
leaf_count=180 62 225 1296 166 37 1847
internal_value=-0.00278781 -0.00936012 -0.0165196 -0.0210373 -0.0264809 0.00581333
internal_weight=19.2291 10.7501 7.70267 6.57582 5.25332 8.47909
internal_count=3813 1904 1679 1499 1333 1909
is_linear=0
shrinkage=0.05


Tree=253
num_leaves=7
num_cat=0
split_feature=6 14 4 61 28 6
split_gain=0.348403 0.600348 0.290329 0.334764 0.315873 0.253389
threshold=-0.37519890718230836 1.0000000180025095e-35 -1.2539232152213609 -1.7103251551464056 -0.56329582506142706 0.9255895720257995
decision_type=2 2 2 2 2 2
left_child=2 -2 -1 -4 -5 -3
right_child=1 5 3 4 -6 -7
leaf_value=-0.0092648591309499144 -0.012729506471155708 0.014122384126357166 -0.0082713316800984704 0.013666727986627171 -0.0055165452894786358 -0.0060112414174854382
leaf_weight=0.60919974195712612 8.0893715494603349 1.6231278803024913 0.62708632193971325 7.2505185506015533 0.96700808349124034 0.35139740745944426
leaf_count=316 2061 266 111 574 231 243
internal_value=-0.00183195 -0.00734993 0.00439763 0.00744693 0.0105377 0.00907494
internal_weight=19.5177 10.0639 9.45381 8.84461 8.21753 1.97453
internal_count=3802 2570 1232 916 805 509
is_linear=0
shrinkage=0.05


Tree=254
num_leaves=7
num_cat=0
split_feature=44 41 42 35 10 34
split_gain=0.432414 0.379023 0.40154 0.392204 0.343921 0.369185
threshold=0.63288042990212723 0.30929808626639715 -1.15141676855709 0.55117645252219238 0.077660915838933794 0.63736688067396419
decision_type=2 2 2 2 2 2
left_child=1 2 -1 -3 5 -4
right_child=-2 3 4 -5 -6 -7
leaf_value=-0.0071098017405026824 -0.01245878191667351 -0.010906013262062433 0.017990495903758348 0.0075446733780756853 -0.0050348926129664059 -0.0062770600677018425
leaf_weight=1.4419552356266674 3.1922697181871618 4.9895694727019864 6.7917655832279724 1.9363903003250014 1.0667606845672706 0.33861292828805734
leaf_count=475 550 988 712 459 459 162
internal_value=-0.00104995 0.00272189 0.00816078 -0.0050263 0.0120322 0.0153205
internal_weight=19.7573 16.5651 9.63909 6.92596 8.19714 7.13038
internal_count=3805 3255 1808 1447 1333 874
is_linear=0
shrinkage=0.05


Tree=255
num_leaves=7
num_cat=0
split_feature=42 41 41 42 44 12
split_gain=0.473166 0.384718 0.487389 0.940679 0.450557 0.37291
threshold=-0.71559678057563358 1.1346726717254394 -1.3171457128177051 1.058811095435124 0.21537069414035276 0.20643778117919762
decision_type=2 2 2 2 2 2
left_child=-1 2 -2 -4 -5 -3
right_child=1 5 3 4 -6 -7
leaf_value=-0.012830497479690707 -0.0084288341202872642 -0.014523589540938898 0.02275624502282805 -0.013802132722619646 0.0070459852563502963 0.0071375588925702282
leaf_weight=4.6759377684065866 1.877918789454269 2.5649697964254297 4.1657017689867626 2.0819356180873001 2.6233182734576985 0.87469302135286842
leaf_count=1256 458 664 432 667 243 87
internal_value=-0.00275442 0.00222602 0.00664997 0.0111655 -0.0039609 -0.00825625
internal_weight=18.8645 14.1885 10.7489 8.87096 4.70525 3.43966
internal_count=3807 2551 1800 1342 910 751
is_linear=0
shrinkage=0.05


Tree=256
num_leaves=7
num_cat=0
split_feature=12 40 1 34 42 9
split_gain=0.347365 0.519265 0.262132 0.330288 0.310068 0.256541
threshold=-0.17744454427553938 -0.67684099483737203 0.38391242449875879 -1.4922608059681088 1.1271385592221115 -1.3017538136967355
decision_type=2 2 2 2 2 2
left_child=2 -2 3 -1 -4 -3
right_child=1 5 4 -5 -6 -7
leaf_value=0.00503342399628081 -0.0087327193414103686 -0.0056913714076732343 0.0081607112073903924 -0.016757511059277592 -0.0091610373394103804 0.01365981494884462
leaf_weight=0.95733715334790792 1.5567634016915679 0.31211005288059723 4.6439962792210281 2.1729240677377692 1.0479696018155662 10.331480368404298
leaf_count=232 659 180 465 833 138 1299
internal_value=0.00341315 0.00812232 -0.00350776 -0.0108913 0.00291037 0.0119657
internal_weight=21.0226 12.2004 8.82223 3.13026 5.69197 10.6436
internal_count=3806 2138 1668 1065 603 1479
is_linear=0
shrinkage=0.05


Tree=257
num_leaves=7
num_cat=0
split_feature=12 62 16 27 12 35
split_gain=0.307247 0.504494 0.404587 0.476269 0.43752 0.291361
threshold=-0.17744454427553938 -1.8411760999547166 1.4689526365835628 -0.43572191458483378 -0.17186537998314158 -1.5334490352699268
decision_type=2 2 2 2 2 2
left_child=1 -1 3 -2 -4 -3
right_child=2 5 4 -5 -6 -7
leaf_value=0.0072823304701387388 -0.0067078556026871419 0.0044905815579600449 0.0086666652417688398 0.013554655286707623 -0.014971130100491345 -0.016978579796008288
leaf_weight=1.7689962373988235 2.115499205334344 0.62522687767341256 0.66436351358424905 5.9545546996232579 2.5197588996525146 5.6795298180804838
leaf_count=119 771 192 19 852 511 1373
internal_value=-0.00269504 -0.00870141 0.00253839 0.00786463 -0.00822739 -0.0140881
internal_weight=19.3279 8.07375 11.2542 8.07005 3.18412 6.30476
internal_count=3837 1684 2153 1623 530 1565
is_linear=0
shrinkage=0.05


Tree=258
num_leaves=7
num_cat=0
split_feature=36 40 36 41 39 39
split_gain=0.357128 0.352509 0.382941 0.336567 0.320301 0.271342
threshold=-0.82894306634150561 0.050228584014656366 1.7730720069302721 1.3280095839693653 -0.55934745071956804 -0.68552234696364434
decision_type=2 2 2 2 2 2
left_child=-1 4 3 5 -2 -3
right_child=1 2 -4 -5 -6 -7
leaf_value=-0.011441761523512749 0.0060358092760112612 -0.0029874718403375146 -0.0087805501167707283 -0.0065870482787018531 -0.0086271669886722035 0.018227335430410177
leaf_weight=2.148467002320106 3.6899265170359321 0.89465777491568577 0.34106213366612781 0.35987780726281915 5.89629689978028 6.1411016033380283
leaf_count=1133 523 131 47 64 1398 500
internal_value=0.000366531 0.00330385 0.0096412 0.0127795 -0.00288972 0.0154431
internal_weight=19.4714 17.3229 7.7367 7.39564 9.58622 7.03576
internal_count=3796 2663 742 695 1921 631
is_linear=0
shrinkage=0.05


Tree=259
num_leaves=7
num_cat=0
split_feature=42 41 41 42 30 33
split_gain=0.856446 0.432004 0.589273 0.644674 0.315659 0.318386
threshold=-1.2370076657434896 -1.1235427855594671 0.66738229711082087 1.058811095435124 0.28109626798258208 0.56688151992756663
decision_type=2 2 2 2 2 2
left_child=-1 -2 3 -3 -4 -6
right_child=1 2 4 -5 5 -7
leaf_value=-0.018585769790858065 -0.00679295886674053 0.025134398431827826 -0.0084800081176621602 7.6411591397221543e-05 0.012863991027452863 -0.0077333452939214054
leaf_weight=1.5239597015315691 3.4455761819117514 4.0554131227108829 4.1542706453619767 4.0634041524026543 2.4060784471221273 0.4889645228977314
leaf_count=603 806 362 748 744 276 311
internal_value=0.00137877 0.00536617 0.00879383 0.0159975 -0.0018017 0.00722003
internal_weight=20.1377 18.6137 15.1681 8.11882 7.04931 2.89504
internal_count=3850 3247 2441 1106 1335 587
is_linear=0
shrinkage=0.05


Tree=260
num_leaves=7
num_cat=0
split_feature=43 32 22 37 1 62
split_gain=0.428903 0.389008 0.383183 0.388169 0.282574 0.274831
threshold=-0.65535236490582649 1.2896808337940799 -1.6820387148953533 1.2154223333392695 -1.101414256196892 -1.2877311485007079
decision_type=2 2 2 2 2 2
left_child=1 -1 -2 4 -4 -6
right_child=2 -3 3 -5 5 -7
leaf_value=-0.019372071423566745 -0.010696178102528162 0.0057999432561330645 -0.0066834267833167579 -0.0091306275391566279 -0.00069813427239583407 0.013931369619393487
leaf_weight=1.1597193980705949 0.96176239298075117 0.71954062301665533 0.63382236055622954 0.98184146043786391 3.7829236226971306 11.306413606958797
leaf_count=460 635 52 289 291 326 1698
internal_value=0.00144347 -0.0120939 0.00443 0.00679672 0.00909495 0.0107562
internal_weight=19.546 1.87926 17.6668 16.705 15.7232 15.0893
internal_count=3751 512 3239 2604 2313 2024
is_linear=0
shrinkage=0.05


Tree=261
num_leaves=7
num_cat=0
split_feature=27 37 36 62 26 15
split_gain=0.364897 0.678014 0.399436 0.546488 0.328718 0.315911
threshold=1.0000000180025095e-35 -0.814505619139123 1.2245917583742791 0.56828938797023121 -1.66660620898979 0.80329679500201812
decision_type=2 2 2 2 2 2
left_child=1 5 3 -2 -3 -1
right_child=2 4 -4 -5 -6 -7
leaf_value=0.011567715666793158 0.013187215187133429 0.0046713463498564856 -0.0078965626183284711 -0.0076929703741663927 -0.022926826133895208 -0.008512413228834911
leaf_weight=2.3126778191945063 6.9105502830061578 0.23551018921716727 3.6986869511601972 2.261595303323702 3.1752372336050039 0.48837462325172953
leaf_count=428 863 19 407 454 1310 351
internal_value=-0.00259863 -0.0102807 0.0023514 0.00741162 -0.0197269 0.00547505
internal_weight=19.0826 6.2118 12.8708 9.17215 3.41075 2.80105
internal_count=3832 2108 1724 1317 1329 779
is_linear=0
shrinkage=0.05


Tree=262
num_leaves=7
num_cat=0
split_feature=15 29 15 9 37 32
split_gain=0.464725 0.421711 0.401138 0.372276 0.280967 0.540144
threshold=0.80329679500201812 1.0915474211851521 -0.80649847674524766 1.401886186042159 -0.74328007694689868 0.5819653787455924
decision_type=2 2 2 2 2 2
left_child=2 3 4 -2 -1 -6
right_child=1 -3 -4 -5 5 -7
leaf_value=0.0083975517322953646 -0.019132007009236309 0.007194878707096293 0.016501277623458689 0.0050594657340633648 -0.015660382863867763 0.0038270656172139672
leaf_weight=2.3956928848201651 4.8341279204178127 0.77238781125925005 1.0872028444428004 0.66250573459547002 3.3992476165440149 5.9763044354331214
leaf_count=464 1686 161 60 30 909 521
internal_value=-0.00259033 -0.0112429 0.00295697 -0.0154593 -0.00139129 -0.00532193
internal_weight=19.1275 6.26902 12.8584 5.49663 11.7712 9.37555
internal_count=3831 1877 1954 1716 1894 1430
is_linear=0
shrinkage=0.05


Tree=263
num_leaves=7
num_cat=0
split_feature=12 7 45 45 43 45
split_gain=0.311464 0.511944 0.280743 0.34176 0.308653 0.267769
threshold=0.61023881920827894 -0.42907983845661835 -0.50645385238251162 1.0000000180025095e-35 0.33337967924569417 -0.55224026052721242
decision_type=2 2 2 2 2 2
left_child=1 5 -3 4 -4 -1
right_child=-2 2 3 -5 -6 -7
leaf_value=0.0018054996402064847 0.012123933371866097 -0.0072182140271788604 0.016975437990329932 -0.0016320862717003962 -0.0041899567722781484 -0.019608125364297596
leaf_weight=1.4235101591475543 1.9876086579170067 2.6428666055726397 4.2126709580625121 6.6830077457125299 0.94133474692353036 1.8473595568939387
leaf_count=478 173 836 554 1103 190 450
internal_value=0.00100261 -0.00181544 0.00282549 0.00607405 0.0129905 -0.0138834
internal_weight=19.7384 17.7507 14.4799 11.837 5.15401 3.27087
internal_count=3784 3611 2683 1847 744 928
is_linear=0
shrinkage=0.05


Tree=264
num_leaves=7
num_cat=0
split_feature=39 32 37 33 16 39
split_gain=0.366289 0.481805 0.443483 0.407398 0.31446 0.351442
threshold=1.0000000180025095e-35 1.0302526640801111 -0.74328007694689868 -0.045870399117608006 1.4689526365835628 -0.24876309073414946
decision_type=2 2 2 2 2 2
left_child=3 2 -2 4 -1 -6
right_child=1 -3 -4 -5 5 -7
leaf_value=0.014435476235130832 0.0031422031523729282 0.0060515824752442769 -0.020229772678502352 -0.0064917720206354923 -0.01229199013749291 0.0086540108678844294
leaf_weight=6.0985371763817948 1.9518689789983907 2.8746349893626757 3.2703500491916184 3.0197464039956712 1.1831574063253358 1.0103817301569504
leaf_count=796 547 219 841 1096 243 66
internal_value=-8.37561e-06 -0.0068251 -0.013535 0.00527881 0.0101512 -0.00321812
internal_weight=19.4087 8.09685 5.22222 11.3118 8.29208 2.19354
internal_count=3808 1607 1388 2201 1105 309
is_linear=0
shrinkage=0.05


Tree=265
num_leaves=7
num_cat=0
split_feature=54 1 53 54 4 10
split_gain=0.440051 0.643613 0.334127 0.302525 0.302093 0.319119
threshold=-0.098095266772930081 -0.35644798572881103 2.1655603449384588 2.7955582348849006 -1.0157931250716448 0.84956191137455828
decision_type=2 2 2 2 2 2
left_child=1 4 -2 -4 -1 -6
right_child=2 -3 3 -5 5 -7
leaf_value=-0.006038926594788086 0.014503253402921341 -0.013232053495101188 -0.011613648909914056 0.0058743575276589723 0.016405683818637409 -0.006125292527959938
leaf_weight=1.360183387820143 3.8686362946464197 6.9633537745830854 1.3154871689621357 2.9592896993272007 2.9105355339270322 0.39429786847904313
leaf_count=476 362 1605 169 237 579 432
internal_value=0.000110438 -0.00560494 0.0075835 -0.00207725 0.00650285 0.012082
internal_weight=19.7718 11.6284 8.14341 4.27478 4.66502 3.30483
internal_count=3860 3092 768 406 1487 1011
is_linear=0
shrinkage=0.05


Tree=266
num_leaves=7
num_cat=0
split_feature=12 1 37 1 60 47
split_gain=0.394088 0.564053 0.400002 0.359239 0.311284 0.245356
threshold=0.61023881920827894 0.34068132918798305 -1.3175360108717069 1.6020790147655142 3.0485675207530396 0.96527274207848213
decision_type=2 2 2 2 2 2
left_child=1 2 -1 5 -4 -3
right_child=-2 3 4 -5 -6 -7
leaf_value=0.0061587355769283855 0.012674442878822391 0.012561151956935352 -0.018076029082580627 -0.0087818569244384193 0.004122911959400617 -0.0027490440537161621
leaf_weight=1.1272524322121205 2.3100900842109686 6.0810998834203911 5.6120352148864212 1.3161210442485742 0.75111691636266176 2.37904730043374
leaf_count=386 192 574 1941 251 60 414
internal_value=0.000615389 -0.00263531 -0.0109421 0.00480409 -0.0149742 0.00866323
internal_weight=19.5768 17.2667 7.4904 9.77627 6.36315 8.46015
internal_count=3818 3626 2387 1239 2001 988
is_linear=0
shrinkage=0.05


Tree=267
num_leaves=7
num_cat=0
split_feature=47 39 45 30 36 29
split_gain=0.328934 0.310189 0.351688 0.360229 0.301762 0.403898
threshold=0.96527274207848213 -1.2829658727689286 1.4524619339164471 -1.0852342467745575 2.050526495157782 -1.8424775129863622
decision_type=2 2 2 2 2 2
left_child=1 -1 3 -3 5 -2
right_child=4 2 -4 -5 -6 -7
leaf_value=-0.0078253445823807943 0.007437754767075074 -0.0065632402544581652 -0.0087650874181791471 0.012837674301117201 0.0077276002571203652 -0.015106642022334757
leaf_weight=1.4977448317513342 0.65142199673573475 0.980435972000122 0.57230583133059632 10.536552697012665 0.60830440628342319 4.8271789151622206
leaf_count=321 62 340 180 1427 19 1527
internal_value=0.00079143 0.00489209 0.00771022 0.0101711 -0.00695512 -0.0107428
internal_weight=19.6739 13.587 12.0893 11.517 6.08691 5.4786
internal_count=3876 2268 1947 1767 1608 1589
is_linear=0
shrinkage=0.05


Tree=268
num_leaves=7
num_cat=0
split_feature=37 60 6 51 27 62
split_gain=0.390521 0.384087 0.466694 0.393807 0.367081 0.31151
threshold=-0.60305479075595703 -0.20779548606225443 -1.2423835861934156 1.0000000180025095e-35 -0.87939713523939422 0.88721941794581316
decision_type=2 2 2 2 2 2
left_child=4 2 -2 -4 -1 -3
right_child=1 5 3 -5 -6 -7
leaf_value=-0.007179075023222666 0.0055080673023624 0.0078119009575954787 -0.018761614476527615 0.00602933570127574 0.01361209200959624 -0.010366885126708062
leaf_weight=1.0334326692100151 1.6445597220590569 4.7605512256268403 7.2918303942424227 0.44956043866113748 2.8228622084716362 0.5042274486622772
leaf_count=574 175 375 2179 38 437 86
internal_value=-0.00335279 -0.00693532 -0.0118449 -0.0160401 0.00733706 0.00293979
internal_weight=18.507 14.6507 9.38595 7.74139 3.85629 5.26478
internal_count=3864 2853 2392 2217 1011 461
is_linear=0
shrinkage=0.05


Tree=269
num_leaves=7
num_cat=0
split_feature=39 39 45 36 37 9
split_gain=0.362188 0.34291 0.328325 0.325945 0.422047 0.316833
threshold=1.2922961121101675 -1.3244849625586459 1.526710163340286 1.2245917583742791 1.2866478755314936 -1.3412580943586316
decision_type=2 2 2 2 2 2
left_child=1 -1 3 4 5 -3
right_child=-2 2 -4 -5 -6 -7
leaf_value=-0.0089919509556979516 -0.011591734593783116 -0.0055262861924257516 -0.0088065920828120092 -0.0022342031996993106 -0.006902044045082662 0.016491064782202993
leaf_weight=1.4715842126897829 1.2639426600653667 0.41124975956336918 0.66264586593024333 4.2239095984696169 0.86774080507166296 10.965883225566353
leaf_count=347 430 320 176 544 259 1712
internal_value=0.0020438 0.00445133 0.006774 0.00866134 0.0121198 0.0147081
internal_weight=19.867 18.603 17.1314 16.4688 12.2449 11.3771
internal_count=3788 3358 3011 2835 2291 2032
is_linear=0
shrinkage=0.05


Tree=270
num_leaves=7
num_cat=0
split_feature=9 10 11 42 31 9
split_gain=0.423651 0.480832 0.644194 0.377233 0.351647 0.446677
threshold=0.5958686578228547 0.21834575952671012 0.88268383243340487 -0.76782284266026657 0.042050282721228953 1.3156866122956545
decision_type=2 2 2 2 2 2
left_child=1 2 3 -1 5 -2
right_child=4 -3 -4 -5 -6 -7
leaf_value=-0.003751293780947287 -0.023999412175471906 -0.0062814883941494093 -0.0089153385156729836 0.022673697595349374 1.8366889019448654e-05 0.0031182888522377104
leaf_weight=0.73784561548382033 1.654016586253418 3.3083456793392543 0.91456273174844671 3.846136831314654 7.2020297478302382 1.3437381832918616
leaf_count=220 489 1329 457 492 726 130
internal_value=-0.00142144 0.00564755 0.0125087 0.0186189 -0.00742143 -0.0163642
internal_weight=19.0067 8.80689 5.49855 4.58398 10.1998 2.99775
internal_count=3843 2498 1169 712 1345 619
is_linear=0
shrinkage=0.05


Tree=271
num_leaves=7
num_cat=0
split_feature=10 42 34 4 41 61
split_gain=0.422873 0.455347 0.39449 0.314468 0.302778 0.263881
threshold=0.077660915838933794 -1.1302968424630679 0.60838390972442824 -1.2539232152213609 1.3603304082082748 -1.7103251551464056
decision_type=2 2 2 2 2 2
left_child=1 -1 3 -3 5 -5
right_child=-2 2 -4 4 -6 -7
leaf_value=-0.011028501263667482 -0.011427699291536796 -0.0077742651949692272 -0.009108768825753134 -0.0051228085697729957 -0.0069418564879244575 0.014569819211283766
leaf_weight=1.7433834643306934 3.594897331291576 0.37161186114826605 1.0150406930042652 0.44029757205862274 0.29155473626451645 11.927013745895236
leaf_count=445 1457 244 383 78 99 1126
internal_value=-0.000600898 0.00329525 0.00670126 0.00940699 0.0113042 0.0130055
internal_weight=19.3838 15.7889 14.0455 13.0305 12.6589 12.3673
internal_count=3832 2375 1930 1547 1303 1204
is_linear=0
shrinkage=0.05


Tree=272
num_leaves=7
num_cat=0
split_feature=45 4 45 45 61 33
split_gain=0.321011 0.337992 0.254614 0.290439 0.332049 0.237691
threshold=1.5576469256002194 -1.0157931250716448 -0.65371284073979274 -0.14387499869609668 -1.6021691381793419 -0.76755363692545753
decision_type=2 2 2 2 2 2
left_child=1 -1 5 4 -4 -3
right_child=-2 2 3 -5 -6 -7
leaf_value=-0.0084554596414625812 -0.011852942970528219 0.006388577070089988 -0.0051406539145644782 0.0011823036293723208 0.017288505561685527 -0.011247176055507194
leaf_weight=1.8985095817770403 0.71562043949961562 0.83250872764620032 0.59582734951982264 7.9966710889711861 6.4917460284050383 1.4165072454197858
leaf_count=549 227 84 125 1238 930 685
internal_value=0.00209024 0.00413851 0.00656194 0.00877087 0.0144349 -0.0047988
internal_weight=19.9474 19.2318 17.3333 15.0842 7.08757 2.24902
internal_count=3838 3611 3062 2293 1055 769
is_linear=0
shrinkage=0.05


Tree=273
num_leaves=7
num_cat=0
split_feature=4 29 36 44 62 33
split_gain=0.421691 0.449579 0.372413 0.310778 0.30579 0.369291
threshold=-0.15473024931354257 -0.60709075609517782 1.7730720069302721 -0.048067353913729051 -0.23438112190395724 1.0775264938589897
decision_type=2 2 2 2 2 2
left_child=1 2 3 -1 -2 -6
right_child=4 -3 -4 -5 5 -7
leaf_value=-0.005042122230457257 -0.0052593636204422657 -0.014785898773833801 -0.011251944382580356 0.01287232221763856 0.014910604541298379 -0.006256193777534432
leaf_weight=1.7221437332918865 1.9540659042977493 4.0158916039799823 0.80790464222081926 4.0337799978151452 5.9266589171311335 0.86155236128251989
leaf_count=468 429 976 161 369 892 515
internal_value=0.000136049 -0.00588018 0.00249744 0.00762129 0.00705894 0.01113
internal_weight=19.322 10.5797 6.56383 5.75592 8.74228 6.78821
internal_count=3810 1974 998 837 1836 1407
is_linear=0
shrinkage=0.05


Tree=274
num_leaves=7
num_cat=0
split_feature=40 12 44 44 11 33
split_gain=0.308594 0.265811 0.433399 0.396545 0.391798 0.332354
threshold=-0.67684099483737203 -0.21756533857372176 -0.58791528437882312 0.70505509473395978 -0.43660992235850321 -0.81468718654458594
decision_type=2 2 2 2 2 2
left_child=-1 4 -3 -4 5 -2
right_child=1 2 3 -5 -6 -7
leaf_value=-0.0095982448945993171 0.0046962741840028991 -0.0081599094559627588 0.01463031577381411 -0.0047854897462534249 0.0079192554066305609 -0.017043205955423909
leaf_weight=2.0891963996109579 1.0667378957150502 1.3838936245156261 9.0791451983532081 1.796746841049752 1.9581564702530201 2.2599573540501301
leaf_count=969 55 369 1209 284 357 560
internal_value=0.00167291 0.00422065 0.0077324 0.0110816 -0.00377594 -0.0111508
internal_weight=19.6338 17.5446 12.2598 10.8759 5.28485 3.3267
internal_count=3803 2834 1862 1493 972 615
is_linear=0
shrinkage=0.05


Tree=275
num_leaves=7
num_cat=0
split_feature=10 61 34 2 19 0
split_gain=0.518708 0.298284 0.346577 0.361442 0.254628 0.22862
threshold=0.21834575952671012 -1.7103251551464056 0.27122074487945297 -0.3362008070152927 5.5671583795612518 -0.39588940336509953
decision_type=2 2 2 2 2 2
left_child=1 -1 4 -4 -3 -5
right_child=-2 2 3 5 -6 -7
leaf_value=-0.010177364173153061 -0.012631800406563419 0.011377895230351834 -0.013470911743441128 0.012573505516151088 -0.0062942805455756153 -0.0056120128796836831
leaf_weight=0.4739732601447092 2.8773801966890451 12.191445722361095 1.6785882577678424 1.1717311754473483 0.42460459854919541 0.71107203797146112
leaf_count=141 1309 1420 562 120 52 210
internal_value=0.000456985 0.00430184 0.00625178 -0.00478529 0.00968819 0.00647716
internal_weight=19.5288 16.6514 16.1774 3.56139 12.6161 1.8828
internal_count=3814 2505 2364 892 1472 330
is_linear=0
shrinkage=0.05


Tree=276
num_leaves=7
num_cat=0
split_feature=1 32 41 19 61 11
split_gain=0.325916 0.424402 0.328657 0.356994 0.374436 0.31723
threshold=1.6020790147655142 -0.9683375667278471 -1.3110693698592095 5.5671583795612518 -1.7103251551464056 0.88268383243340487
decision_type=2 2 2 2 2 2
left_child=1 -1 -3 4 -4 -6
right_child=-2 2 3 -5 5 -7
leaf_value=-0.01136191925886481 -0.011936795671789532 -0.0073603107241283815 -0.0085360185240740717 -0.0093662785264042887 0.013905478098936769 -0.0057959369576442198
leaf_weight=1.3199384142062687 1.0998067779582914 1.5538099499681344 0.35902184364386336 0.27989561914000738 14.08348778773505 0.67422994713706508
leaf_count=743 252 332 82 46 2020 321
internal_value=0.00113216 0.00349148 0.00618271 0.00852685 0.0103543 0.0121783
internal_weight=19.3702 18.2704 16.9504 15.3966 15.1167 14.7577
internal_count=3796 3544 2801 2469 2423 2341
is_linear=0
shrinkage=0.05


Tree=277
num_leaves=7
num_cat=0
split_feature=45 45 31 38 53 39
split_gain=0.326032 0.521881 0.365773 0.326911 0.309755 0.201738
threshold=1.0000000180025095e-35 -0.65371284073979274 0.23537509556889918 -0.19366161302989296 2.1655603449384588 0.35191568882098306
decision_type=2 2 2 2 2 2
left_child=1 -1 3 -2 -3 -4
right_child=2 4 5 -5 -6 -7
leaf_value=-0.0095254067374102233 -0.02111568932981793 0.013048816595203086 0.0081572006004082577 0.0027735749951418903 -0.0044679769102291579 -0.0059717534090541029
leaf_weight=2.4496514006896186 1.993367110801046 7.2903769514086889 2.5854733833111823 1.1348553765274108 1.692686121095903 1.8025150428875347
leaf_count=1084 519 1255 238 323 162 273
internal_value=-0.000714722 0.00425424 -0.00733037 -0.015334 0.00945588 0.00228511
internal_weight=18.9489 11.4327 7.51621 3.12822 8.98306 4.38799
internal_count=3854 2501 1353 842 1417 511
is_linear=0
shrinkage=0.05


Tree=278
num_leaves=7
num_cat=0
split_feature=42 42 41 41 61 54
split_gain=0.291138 0.396349 0.582132 0.873981 0.426955 0.30645
threshold=-1.0004107495244539 1.058811095435124 -1.1235427855594671 0.95073028972379559 0.62250912197814501 1.1163794628441761
decision_type=2 2 2 2 2 2
left_child=5 2 -2 -4 -3 -1
right_child=1 4 3 -5 -6 -7
leaf_value=-0.015096477060817036 -0.0058186020381454972 -0.014463342026500854 0.026753330574659485 -0.00045039417319628838 0.0064539592560298193 0.004784004676809314
leaf_weight=1.8385639470652706 3.4564255056175197 2.4137480477074851 3.2296857930341485 5.4272178818791872 2.0783290873514488 1.3771827898453919
leaf_count=774 784 576 250 1016 326 100
internal_value=0.00121254 0.0040691 0.00829082 0.0139719 -0.00607649 -0.00838271
internal_weight=19.8212 16.6054 12.1133 8.6569 4.49208 3.21575
internal_count=3826 2952 2050 1266 902 874
is_linear=0
shrinkage=0.05


Tree=279
num_leaves=7
num_cat=0
split_feature=12 7 29 61 27 61
split_gain=0.300862 0.42753 0.369892 0.647843 0.404108 0.284382
threshold=0.61023881920827894 -0.42907983845661835 -0.16746600195538827 0.6377423638044919 0.81854022087121769 0.74886690994797211
decision_type=2 2 2 2 2 2
left_child=1 -1 -3 -4 -5 -6
right_child=-2 2 3 4 5 -7
leaf_value=-0.014578156818389096 0.01017316091715059 0.008164462236442082 -0.017377475471654493 0.01225478528375458 0.0064132793740747512 -0.014311201914997724
leaf_weight=3.1642841662833279 1.9689879547804583 6.3241357467050001 2.7287343724456115 3.2822912869451102 0.55989246486569744 1.1124979883315971
leaf_count=949 185 580 1005 776 36 270
internal_value=-0.000983434 -0.00358541 0.00103128 -0.00548392 0.00514966 -0.00771002
internal_weight=19.1408 17.1718 14.0076 7.68342 4.95468 1.67239
internal_count=3801 3616 2667 2087 1082 306
is_linear=0
shrinkage=0.05


Tree=280
num_leaves=7
num_cat=0
split_feature=53 40 53 1 0 10
split_gain=0.31447 0.621601 0.463174 0.323481 0.518168 0.326907
threshold=2.1655603449384588 -0.54286574758461714 -0.19340581382053751 -0.31658651353421829 -0.70851276755369075 0.84956191137455828
decision_type=2 2 2 2 2 2
left_child=2 -2 3 4 -1 -6
right_child=1 -3 -4 -5 5 -7
leaf_value=-0.0089562755640580551 0.0056932582868660609 -0.021240393978002051 0.015181076075120759 -0.0070554617841396688 0.017698693742725674 -0.0057938299088145691
leaf_weight=1.5153765486320478 2.2571551236032978 1.4348686132580031 2.5607027605292378 8.0201743558136531 3.2105636176420371 0.37107725182431739
leaf_count=657 197 227 170 1659 534 413
internal_value=-0.000342269 -0.00960367 0.00303094 -0.00172524 0.0061685 0.0137333
internal_weight=19.3699 3.69202 15.6779 13.1172 5.09702 3.58164
internal_count=3857 424 3433 3263 1604 947
is_linear=0
shrinkage=0.05


Tree=281
num_leaves=7
num_cat=0
split_feature=45 45 31 39 38 36
split_gain=0.336262 0.545931 0.3726 0.341947 0.316675 0.314331
threshold=-0.14387499869609668 -0.50645385238251162 0.23537509556889918 -0.97453834861674216 0.13477758521200359 1.5085063341491038
decision_type=2 2 2 2 2 2
left_child=1 -1 4 -3 -2 -4
right_child=2 3 5 -5 -6 -7
leaf_value=-0.0068038887919444034 -0.019319641997597867 -0.0068662331211543958 0.0078090396514071334 0.015453099075525535 0.0046396524800025067 -0.0097101917246586508
leaf_weight=4.4424293074553134 3.3007336167647723 0.34692538192030031 3.8272526300279424 5.0188745588093315 0.50220203993376333 1.1456508642295373
leaf_count=1458 836 123 459 675 144 107
internal_value=-0.00195151 0.00392702 -0.00784825 0.0120653 -0.0155049 0.00163795
internal_weight=18.5841 9.80823 8.77584 5.3658 3.80294 4.9729
internal_count=3802 2256 1546 798 980 566
is_linear=0
shrinkage=0.05


Tree=282
num_leaves=7
num_cat=0
split_feature=27 37 9 14 29 12
split_gain=0.335695 0.402298 0.439944 0.461244 0.453688 0.343745
threshold=-0.87939713523939422 -0.56076462507932401 1.2499133362947277 1.0000000180025095e-35 1.0915474211851521 0.37776918486859729
decision_type=2 2 2 2 2 2
left_child=-1 -2 3 4 5 -3
right_child=1 2 -4 -5 -6 -7
leaf_value=-0.012375228182631681 0.013271284690151259 -0.019498472539953082 0.0069588382785436588 0.0082443130738798463 0.0073766021597160619 0.0043743560441335339
leaf_weight=1.6209762689686638 3.1680353852862071 5.7062837300036282 5.7716133448411719 1.3050731284747596 0.69669511886604585 0.66717854555463407
leaf_count=917 481 1555 423 288 116 43
internal_value=-0.000239057 0.00255683 -0.0017447 -0.00799599 -0.0125568 -0.0163992
internal_weight=18.9359 17.3149 14.1468 8.37523 7.07016 6.37346
internal_count=3823 2906 2425 2002 1714 1598
is_linear=0
shrinkage=0.05


Tree=283
num_leaves=7
num_cat=0
split_feature=15 4 41 41 6 12
split_gain=0.407816 0.512318 0.382291 0.597089 0.332095 0.304357
threshold=0.80329679500201812 -0.44462775036537072 -0.26042907004368676 -0.77177993150251079 0.98862337498302066 -0.015325311238560948
decision_type=2 2 2 2 2 2
left_child=1 5 3 -2 -3 -1
right_child=2 4 -4 -5 -6 -7
leaf_value=-0.013184510667540129 -0.010993990719791706 0.013164109669224228 -0.017576777612832786 0.01447764781887214 -0.0074475064398614194 0.0046823132381439104
leaf_weight=2.7526168267213507 1.7273499152361185 7.3940985032968465 2.6653569601185145 1.5395768610469529 0.37582664922229003 2.0454382406751401
leaf_count=575 582 839 1055 193 264 297
internal_value=-0.00122614 0.00381979 -0.00960883 0.00219405 0.0103703 -0.00669668
internal_weight=18.5003 12.568 5.93228 3.26693 7.76993 4.79806
internal_count=3805 1975 1830 775 1103 872
is_linear=0
shrinkage=0.05


Tree=284
num_leaves=7
num_cat=0
split_feature=7 12 37 42 42 44
split_gain=0.380933 0.766962 0.308188 0.266954 0.301789 0.30582
threshold=-0.46087883235803279 0.61023881920827894 1.2866478755314936 1.0048492485030109 -0.37875284239105894 -0.09534744283361947
decision_type=2 2 2 2 2 2
left_child=1 -1 3 4 5 -2
right_child=2 -3 -4 -5 -6 -7
leaf_value=-0.019881080610468893 0.0083622330443363837 0.0087314687515699218 -0.0089824850274546238 -0.0037937481535579051 0.015422641584640651 -0.0085325027923158492
leaf_weight=2.4093832899379803 2.364245642835157 1.8343664083513429 0.98652752459747795 2.8548002380121043 6.0855149923736418 2.3503581663389923
leaf_count=889 471 172 322 543 815 589
internal_value=0.000729897 -0.00901926 0.00460887 0.00703192 0.0100961 -0.000103035
internal_weight=18.8852 4.24375 14.6414 13.6549 10.8001 4.7146
internal_count=3801 1061 2740 2418 1875 1060
is_linear=0
shrinkage=0.05


Tree=285
num_leaves=7
num_cat=0
split_feature=43 32 31 31 44 0
split_gain=0.360312 0.589901 0.471678 0.397576 0.345965 0.29511
threshold=0.069920552212335577 1.4052763245706934 0.042050282721228953 -0.66867337901134649 1.2573617843486842 1.2736310126034736
decision_type=2 2 2 2 2 2
left_child=1 4 3 -2 -1 -4
right_child=2 -3 5 -5 -6 -7
leaf_value=-0.015431698039007725 0.0063696551852776137 0.0095488082180212562 0.016700800772083618 -0.014623940433372862 0.0063747279392071012 -0.0021798471027628793
leaf_weight=6.5215092045109504 1.8431065641489115 1.8576428537489844 4.3221638416289352 1.8526721645903288 0.51408226927742351 2.0133273695537355
leaf_count=2172 312 186 403 515 36 212
internal_value=-0.000314971 -0.00657071 0.00546696 -0.00599128 -0.012409 0.0119284
internal_weight=18.9245 8.89323 10.0313 3.69578 7.03559 6.33549
internal_count=3836 2394 1442 827 2208 615
is_linear=0
shrinkage=0.05


Tree=286
num_leaves=7
num_cat=0
split_feature=12 32 16 11 11 0
split_gain=0.378899 0.426493 0.35739 0.339881 0.531021 0.278616
threshold=-0.056865624578076944 1.225330019894161 1.4689526365835628 -0.43660992235850321 -0.27266958196428587 -0.72860998382295727
decision_type=2 2 2 2 2 2
left_child=1 3 5 -1 -5 -2
right_child=2 -3 -4 4 -6 -7
leaf_value=-0.016219657724180148 -0.002372973258449092 0.005887997470696486 -0.0066756419556034639 0.012869715252183712 -0.010574910975842391 0.017128454488537805
leaf_weight=4.6700300493976101 1.6197937360411736 4.0512799159478154 1.2691910041321532 1.7403454086452259 1.9505121929105387 3.6926076255040239
leaf_count=1161 429 387 274 196 892 497
internal_value=4.27446e-05 -0.00481643 0.00784544 -0.0101884 0.00129366 0.0124719
internal_weight=18.9938 12.4122 6.58159 8.36089 3.69086 5.3124
internal_count=3836 2636 1200 2249 1088 926
is_linear=0
shrinkage=0.05


Tree=287
num_leaves=7
num_cat=0
split_feature=12 33 30 16 1 39
split_gain=0.287202 0.424022 0.374379 0.337446 0.272851 0.247447
threshold=-0.056865624578076944 -0.80651447542027765 0.018588081869354362 1.4689526365835628 0.83142388567005365 -1.1222816031931391
decision_type=2 2 2 2 2 2
left_child=1 -1 4 -2 -3 -4
right_child=3 2 5 -5 -6 -7
leaf_value=0.0077729020474360533 0.012114862412462353 -0.020851505064120524 -0.010727664918908364 -0.0066074738042047887 0.0025795014781913182 0.0050370845786227745
leaf_weight=3.3694979986612461 5.2521820073161498 2.6305144531652336 0.53984369382669672 1.2045281089231137 0.82504884456284333 5.4106343792809639
leaf_count=284 947 836 228 268 73 1239
internal_value=0.000834601 -0.00340005 -0.00831427 0.00763402 -0.0166582 0.000490568
internal_weight=19.2322 12.7755 9.40604 6.45671 3.45556 5.95048
internal_count=3875 2660 2376 1215 909 1467
is_linear=0
shrinkage=0.05


Tree=288
num_leaves=7
num_cat=0
split_feature=40 40 41 42 42 44
split_gain=0.250919 0.321071 0.295289 0.326926 0.455038 0.389499
threshold=0.7818153641615827 -0.67684099483737203 -1.3171457128177051 1.3803743168033911 -0.71559678057563358 0.84959213483931983
decision_type=2 2 2 2 2 2
left_child=1 -1 -3 4 -4 -6
right_child=-2 2 3 -5 5 -7
leaf_value=-0.0086692617263252961 -0.0091383733489081229 -0.0076508588295779185 -0.0025601869207662262 -0.0065446340742168875 0.018830618172627409 -0.0056362368365134776
leaf_weight=2.1372001615236558 2.7369057621399397 1.1323388636519709 3.6635016768996147 1.2305759964365268 7.3000867468799635 0.54442444673622947
leaf_count=990 578 286 734 252 882 102
internal_value=3.011e-05 0.00279253 0.00578608 0.00821118 0.0108161 0.0160431
internal_weight=18.745 16.0081 13.8709 12.7386 11.508 7.84451
internal_count=3824 3246 2256 1970 1718 984
is_linear=0
shrinkage=0.05


Tree=289
num_leaves=7
num_cat=0
split_feature=60 53 43 43 1 54
split_gain=0.294619 0.374542 0.360926 0.271753 0.339264 0.243337
threshold=-0.30773570501821523 2.4966414914563964 0.076124593394259352 0.66579326888916135 -0.31658651353421829 -0.098095266772930081
decision_type=2 2 2 2 2 2
left_child=2 5 -1 4 -4 -2
right_child=1 -3 3 -5 -6 -7
leaf_value=-0.01166439671881743 -0.003967171556660396 -0.0047610988705770923 0.015829983098427518 -0.0074833834589445331 -0.0030711940273851373 0.016773167480041106
leaf_weight=5.5186025730217825 0.56714589206967447 2.8928937253076583 2.132438017608365 1.7198156981030477 2.9208669928339077 3.2546590808487963
leaf_count=2028 123 264 358 352 475 214
internal_value=-0.000405334 0.00645438 -0.00468373 0.00283861 0.00783061 0.0133042
internal_weight=19.0064 6.7147 12.2917 6.77312 5.05331 3.8218
internal_count=3814 601 3213 1185 833 337
is_linear=0
shrinkage=0.05


Tree=290
num_leaves=7
num_cat=0
split_feature=15 41 36 1 0 0
split_gain=0.348469 0.422695 0.427228 0.375635 0.539695 0.435512
threshold=-0.80649847674524766 -1.0642914413190232 -0.90637474191166167 -0.31658651353421829 -0.59462854202784665 2.6432563013539911
decision_type=2 2 2 2 2 2
left_child=3 -2 -3 4 -1 -5
right_child=1 2 -4 5 -6 -7
leaf_value=-0.010992165117332465 -0.009284230813026045 -0.0078658587806069973 0.014484019319249711 -0.016353167419831192 0.013037581375067038 0.0056729714961479116
leaf_weight=1.0963214686489666 1.0809035479614975 0.70576547476230178 6.3820024379529041 5.213309099737673 2.8559234666608972 1.3815347644267602
leaf_count=449 423 403 1094 896 501 77
internal_value=-0.000427599 0.00616475 0.0105811 -0.00576786 0.00450497 -0.0114079
internal_weight=18.7158 8.16867 7.08777 10.5471 3.95224 6.59484
internal_count=3843 1920 1497 1923 950 973
is_linear=0
shrinkage=0.05


Tree=291
num_leaves=7
num_cat=0
split_feature=11 40 28 37 27 8
split_gain=0.316107 0.39996 0.325672 0.327937 0.306801 0.508145
threshold=-0.43660992235850321 -0.10748957807682308 -0.51511460611267867 -0.084443811668824101 0.84422932256725025 0.30431707933186902
decision_type=2 2 2 2 2 2
left_child=1 2 3 -1 5 -2
right_child=4 -3 -4 -5 -6 -7
leaf_value=-0.0050499568553925749 -0.0023291766395904276 -0.013516851893549993 -0.0092592422252589165 0.013816519962550497 -0.0075345817438576242 0.018712432649878465
leaf_weight=1.6672400414827278 4.2050899331516103 4.0511698928603455 1.2285390286415347 3.4148010487842839 1.0323207071050999 3.2806243800878292
leaf_count=466 1226 658 388 249 293 582
internal_value=4.38836e-05 -0.00519407 0.00278262 0.00805005 0.00610885 0.00960772
internal_weight=18.8798 10.3618 6.31058 5.08204 8.51804 7.48571
internal_count=3862 1761 1103 715 2101 1808
is_linear=0
shrinkage=0.05


Tree=292
num_leaves=7
num_cat=0
split_feature=49 6 2 33 42 42
split_gain=0.34546 0.365986 0.3065 0.437704 0.280994 0.264013
threshold=-0.3563589200727057 0.74412098365768342 0.61161110033119981 -0.80497422098742388 1.3668221221364567 1.1271385592221115
decision_type=2 2 2 2 2 2
left_child=2 -2 3 5 -5 -1
right_child=1 -3 -4 4 -6 -7
leaf_value=0.0097203309540462926 0.011481186576435574 -0.0089056557219336901 0.0079880439731371405 -0.016395494349841451 0.0028615964013666904 -0.007759144147040012
leaf_weight=2.8374684168520612 5.0391708065581033 0.55962517307489168 1.1562676940666268 6.7159340182115574 1.3648399711819363 0.74114492369699281
leaf_count=232 545 365 365 1959 243 93
internal_value=-0.00118118 0.00704731 -0.00543086 -0.00812402 -0.0132488 0.00421275
internal_weight=18.4145 5.5988 12.8157 11.6594 8.08077 3.57861
internal_count=3802 910 2892 2527 2202 325
is_linear=0
shrinkage=0.05


Tree=293
num_leaves=7
num_cat=0
split_feature=32 37 62 42 37 11
split_gain=0.306864 0.632643 0.545508 0.389699 0.250695 0.238757
threshold=0.44911825748342143 -0.61445087750671301 0.58120395877374664 1.1271385592221115 1.2866478755314936 -0.70037466663209125
decision_type=2 2 2 2 2 2
left_child=1 5 3 4 -2 -1
right_child=2 -3 -4 -5 -6 -7
leaf_value=-0.0063682197211248686 0.01673938927157138 -0.014663927111183897 -0.010110811377085778 -0.0055886540341859399 -0.0042825985902485986 0.011453620755078768
leaf_weight=0.50767413750872981 6.2064774497994204 4.9537511018716049 1.9279093055083638 1.4587476127198895 0.43362025993701525 2.9018860627256799
leaf_count=276 485 1615 391 197 125 692
internal_value=-0.000313719 -0.00628099 0.00496382 0.0103153 0.0144611 0.00706138
internal_weight=18.3901 8.36331 10.0268 8.09885 6.6401 3.40956
internal_count=3781 2583 1198 807 610 968
is_linear=0
shrinkage=0.05


Tree=294
num_leaves=7
num_cat=0
split_feature=32 44 1 41 40 34
split_gain=0.438355 0.334522 0.417673 0.215719 0.211573 0.186186
threshold=0.4251700606356319 0.43340680052728403 1.4532628519057009 0.3967540224190283 -0.72436468697037804 -1.4922608059681088
decision_type=2 2 2 2 2 2
left_child=5 2 4 -3 -2 -1
right_child=1 3 -4 -5 -6 -7
leaf_value=0.0032830780201774275 -0.0036365377306088499 -0.013007279904814581 -0.0072099527878412596 0.0036469382191351993 0.016093310882762484 -0.011000429989301851
leaf_weight=1.4803053016657939 0.46466376971511625 0.93735958999604951 1.0399049683037445 1.8822093608905559 5.9619026517902949 6.7448836460971524
leaf_count=333 157 188 209 145 541 2247
internal_value=-0.00108772 0.00520024 0.00979316 -0.00574084 0.0139634 -0.00823939
internal_weight=18.5112 10.286 7.46647 2.81957 6.42657 8.22519
internal_count=3820 1240 907 333 698 2580
is_linear=0
shrinkage=0.05


Tree=295
num_leaves=7
num_cat=0
split_feature=43 42 34 44 42 41
split_gain=0.295518 0.319033 0.478304 0.423552 0.376702 0.329093
threshold=-0.65535236490582649 0.63736398700664842 -0.43724288299593789 0.21537069414035276 -0.73661502889616315 -1.3171457128177051
decision_type=2 2 2 2 2 2
left_child=-1 4 3 -3 -2 -6
right_child=1 2 -4 -5 5 -7
leaf_value=-0.012140263705545431 -0.0040696730633829397 -0.009267460627165337 -0.016190555769398388 0.012662477773168597 -0.0035260827017372476 0.015948049254171256
leaf_weight=1.6828147544292757 4.1541395852109453 1.0039406151190635 2.1646775231201891 2.4310493420052808 1.6654888928023899 5.4112683643615984
leaf_count=517 1023 284 747 113 397 766
internal_value=-0.000940253 0.00184678 -0.00604149 0.00492063 0.0062243 0.0116796
internal_weight=18.5134 16.8306 5.59967 3.43499 11.2309 7.07676
internal_count=3847 3330 1144 397 2186 1163
is_linear=0
shrinkage=0.05


Tree=296
num_leaves=7
num_cat=0
split_feature=12 0 9 62 41 0
split_gain=0.410569 0.417159 0.388034 0.311203 0.386587 0.315143
threshold=-0.056865624578076944 0.13482225270548279 1.3506711266362157 -1.250441394392541 1.152208661484692 2.6432563013539911
decision_type=2 2 2 2 2 2
left_child=1 2 -1 5 -5 -3
right_child=-2 3 -4 4 -6 -7
leaf_value=-0.019719377826630961 0.0075874081939173088 -0.015697922547417267 0.0045319892167032449 0.012225021002526967 -0.0089510082160392957 0.0047424647023675019
leaf_weight=3.1833073391317175 6.3458780331711742 1.1814641787495932 0.95461256126873184 4.6436094294913346 0.56407964766549401 1.5104372331115881
leaf_count=1321 1183 199 58 724 214 97
internal_value=-0.000739184 -0.00576673 -0.0145713 0.00158643 0.00749799 -0.00777415
internal_weight=18.3834 12.0375 4.13792 7.89959 5.20769 2.6919
internal_count=3796 2613 1379 1234 938 296
is_linear=0
shrinkage=0.05


Tree=297
num_leaves=7
num_cat=0
split_feature=62 28 62 62 8 37
split_gain=0.298631 0.42897 0.363857 0.330592 0.304028 0.342527
threshold=0.15314152916050119 -0.65649517136482782 1.1237869864393679 -1.250441394392541 -0.29175071698559379 1.2154223333392695
decision_type=2 2 2 2 2 2
left_child=1 3 4 -1 -2 -6
right_child=2 -3 -4 -5 5 -7
leaf_value=-0.0060663454894735319 -0.0043956455926841718 -0.014253092380123109 -0.0075490899750239931 0.01058983439212084 0.018427018111501939 -0.0048629679598675268
leaf_weight=3.2867074141395278 1.37520998432592 4.3389926310774181 1.7299417660542529 2.867986460434623 4.0033304599783142 0.67826415260788042
leaf_count=355 408 1484 506 377 524 162
internal_value=-0.00114542 -0.00597314 0.00521238 0.00262201 0.0101505 0.0144714
internal_weight=18.2804 10.4937 7.78675 6.15469 6.0568 4.68159
internal_count=3816 2216 1600 732 1094 686
is_linear=0
shrinkage=0.05


Tree=298
num_leaves=7
num_cat=0
split_feature=12 4 34 36 40 1
split_gain=0.297413 0.585147 0.323348 0.301279 0.365933 0.240341
threshold=0.61023881920827894 -0.54816257216959496 -1.4922608059681088 -0.82894306634150561 0.050228584014656366 0.96780326920515369
decision_type=2 2 2 2 2 2
left_child=1 2 -1 -3 -5 -6
right_child=-2 3 -4 4 5 -7
leaf_value=0.003399383426810787 0.011046316066861012 -0.0086420726470188402 -0.019488316135070804 -0.0026082191753252857 0.017187586056566423 -0.0012909753153255042
leaf_weight=1.0426017481076999 2.0683555356226853 1.6060276941862 2.7837933266127992 5.3999766259657864 3.8190553512831684 1.8404690209426915
leaf_count=286 183 939 801 1073 364 183
internal_value=0.000289986 -0.00255154 -0.0144987 0.00314318 0.00633345 0.012813
internal_weight=18.5603 16.4919 3.8264 12.6655 11.0595 5.65952
internal_count=3829 3646 1087 2559 1620 547
is_linear=0
shrinkage=0.05


Tree=299
num_leaves=7
num_cat=0
split_feature=0 42 12 1 41 40
split_gain=0.573944 0.373934 0.620286 0.365708 0.323024 0.341695
threshold=-0.72860998382295727 -0.75260022742881183 -0.24619096926035136 1.238542388350828 -1.3110693698592095 -0.72899757910169949
decision_type=2 2 2 2 2 2
left_child=-1 -2 -3 4 -4 -6
right_child=1 2 3 -5 5 -7
leaf_value=-0.016024249595523163 -0.0068975457245458727 -0.0090385581409567969 -0.0041260250314797704 -0.0047543210861823778 -0.0046233031787055699 0.02019269616083777
leaf_weight=1.8147294446534967 3.9844048342420182 2.2571936468593821 0.81106027541682202 1.3440714225725958 0.47021476954978592 7.472574278392119
leaf_count=789 972 463 217 253 248 874
internal_value=-0.000652215 0.00327595 0.00726341 0.012143 0.0152887 0.0178589
internal_weight=18.1542 16.3395 12.3551 10.0979 8.75385 7.94279
internal_count=3816 3027 2055 1592 1339 1122
is_linear=0
shrinkage=0.05


end of trees

feature_importances:
Column_12=100
Column_33=94
Column_42=92
Column_45=77
Column_37=74
Column_39=71
Column_40=71
Column_41=63
Column_34=62
Column_1=57
Column_32=53
Column_61=51
Column_62=50
Column_44=46
Column_0=45
Column_27=45
Column_43=44
Column_11=42
Column_15=41
Column_36=39
Column_9=38
Column_60=38
Column_29=37
Column_6=36
Column_31=36
Column_53=34
Column_16=32
Column_47=30
Column_10=27
Column_4=26
Column_28=24
Column_7=23
Column_54=23
Column_3=20
Column_35=17
Column_59=15
Column_22=14
Column_50=14
Column_38=12
Column_49=12
Column_17=11
Column_26=11
Column_30=11
Column_14=7
Column_55=7
Column_56=7
Column_2=5
Column_5=4
Column_51=4
Column_8=3
Column_19=3
Column_24=2

parameters:
[boosting: gbdt]
[objective: binary]
[metric: binary_logloss]
[tree_learner: serial]
[device_type: cpu]
[data_sample_strategy: bagging]
[data: ]
[valid: ]
[num_iterations: 300]
[learning_rate: 0.05]
[num_leaves: 7]
[num_threads: 4]
[seed: 3]
[deterministic: 0]
[force_col_wise: 0]
[force_row_wise: 0]
[histogram_pool_size: -1]
[max_depth: -1]
[min_data_in_leaf: 30]
[min_sum_hessian_in_leaf: 0.001]
[bagging_fraction: 0.8]
[pos_bagging_fraction: 1]
[neg_bagging_fraction: 1]
[bagging_freq: 1]
[bagging_seed: 7196]
[bagging_by_query: 0]
[feature_fraction: 0.7]
[feature_fraction_bynode: 1]
[feature_fraction_seed: 9091]
[extra_trees: 0]
[extra_seed: 23577]
[early_stopping_round: 0]
[early_stopping_min_delta: 0]
[first_metric_only: 0]
[max_delta_step: 0]
[lambda_l1: 0]
[lambda_l2: 3]
[linear_lambda: 0]
[min_gain_to_split: 0]
[drop_rate: 0.1]
[max_drop: 50]
[skip_drop: 0.5]
[xgboost_dart_mode: 0]
[uniform_drop: 0]
[drop_seed: 9294]
[top_rate: 0.2]
[other_rate: 0.1]
[min_data_per_group: 100]
[max_cat_threshold: 32]
[cat_l2: 10]
[cat_smooth: 10]
[max_cat_to_onehot: 4]
[top_k: 20]
[monotone_constraints: ]
[monotone_constraints_method: basic]
[monotone_penalty: 0]
[feature_contri: ]
[forcedsplits_filename: ]
[refit_decay_rate: 0.9]
[cegb_tradeoff: 1]
[cegb_penalty_split: 0]
[cegb_penalty_feature_lazy: ]
[cegb_penalty_feature_coupled: ]
[path_smooth: 0]
[interaction_constraints: ]
[verbosity: -1]
[saved_feature_importance_type: 0]
[use_quantized_grad: 0]
[num_grad_quant_bins: 4]
[quant_train_renew_leaf: 0]
[stochastic_rounding: 1]
[linear_tree: 0]
[max_bin: 255]
[max_bin_by_feature: ]
[min_data_in_bin: 3]
[bin_construct_sample_cnt: 200000]
[data_random_seed: 48]
[is_enable_sparse: 1]
[enable_bundle: 1]
[use_missing: 1]
[zero_as_missing: 0]
[feature_pre_filter: 1]
[pre_partition: 0]
[two_round: 0]
[header: 0]
[label_column: ]
[weight_column: ]
[group_column: ]
[ignore_column: ]
[categorical_feature: ]
[forcedbins_filename: ]
[precise_float_parser: 0]
[parser_config_file: ]
[objective_seed: 7031]
[num_class: 1]
[is_unbalance: 0]
[scale_pos_weight: 1]
[sigmoid: 1]
[boost_from_average: 1]
[reg_sqrt: 0]
[alpha: 0.9]
[fair_c: 1]
[poisson_max_delta_step: 0.7]
[tweedie_variance_power: 1.5]
[lambdarank_truncation_level: 30]
[lambdarank_norm: 1]
[label_gain: ]
[lambdarank_position_bias_regularization: 0]
[eval_at: ]
[multi_error_top_k: 1]
[auc_mu_weights: ]
[num_machines: 1]
[local_listen_port: 12400]
[time_out: 120]
[machine_list_filename: ]
[machines: ]
[gpu_platform_id: -1]
[gpu_device_id: -1]
[gpu_device_id_list: ]
[gpu_use_dp: 0]
[num_gpu: 1]

end of parameters

pandas_categorical:null
