tree
version=v4
num_class=1
num_tree_per_iteration=1
label_index=0
max_feature_idx=62
objective=binary sigmoid:1
feature_names=Column_0 Column_1 Column_2 Column_3 Column_4 Column_5 Column_6 Column_7 Column_8 Column_9 Column_10 Column_11 Column_12 Column_13 Column_14 Column_15 Column_16 Column_17 Column_18 Column_19 Column_20 Column_21 Column_22 Column_23 Column_24 Column_25 Column_26 Column_27 Column_28 Column_29 Column_30 Column_31 Column_32 Column_33 Column_34 Column_35 Column_36 Column_37 Column_38 Column_39 Column_40 Column_41 Column_42 Column_43 Column_44 Column_45 Column_46 Column_47 Column_48 Column_49 Column_50 Column_51 Column_52 Column_53 Column_54 Column_55 Column_56 Column_57 Column_58 Column_59 Column_60 Column_61 Column_62
feature_infos=[-1.6329847159399533:4.4855011260367599] [-1.1935389018152593:5.5882262342247913] [-0.65000339796109097:6.2664618718646654] [-0.7527238334990074:7.1193655981084731] [-1.3712644055131786:4.3335042758995828] [-1.9369145944078419:2.4316874513182558] [-2.3808199103666157:1.8825573078308833] [-2.201873748460474:2.5520758398009864] [-2.2447991545235535:2.7994981344817726] [-1.4581389229352617:1.5090197286770395] [-0.99424717735239643:2.7976948084112574] [-0.85399115912742996:4.5405852623188361] [-0.48065220752808108:36.960432322230936] [-0.115080315005856:8.801991769830229] [-0.40217128097645394:2.5041624093360531] [-1.007722885713656:1.0045212039704261] [-0.59797758437576132:1.6986115500234873] [-0.25718795686960472:3.9961279596084469] none [-0.13610641900696424:7.4682466457506553] none none [-2.1140283398429736:0.47793532947943956] [-0.1788608749820815:5.6339935726065251] [-0.37253690146185747:2.7145520459324244] [-0.1855426480048957:5.4462566343247412] [-1.8190429722044097:4.306319314130171] [-1.4730068970010806:4.2533514224497182] [-0.72808934958605664:5.7201577531776033] [-2.5842605250945354:1.8884758664929753] [-2.1135789998155987:2.3881516198322457] [-2.0137423023520347:4.7859580116005098] [-1.7601905948560845:4.0511534711108128] [-0.8176428603411845:5.9685678938136437] [-2.7728694374164142:1.8165474194178439] [-2.3221770775077086:2.4358928423354635] [-1.0273602650065172:2.1086045637870385] [-2.515015438978478:4.0555408282542125] [-0.26496772615515057:13.542488724462904] [-1.5423253817150857:5.9936590195977804] [-0.87964177241332242:8.1627540024446628] [-1.4303491021976937:1.3698089431919185] [-1.4208120294255775:1.4842672132184478] [-7.526859531882395:7.2963186183776516] [-7.3025576360497864:7.763499548727685] [-1.0039169895222344:7.2128870667159743] [-0.36457254738376993:2.787374881849924] [-0.86231017061990656:1.1683375101560807] [-0.21488834230350132:4.6612904102732484] [-0.58656646735663209:1.7155090054826314] [-0.41420038999446684:2.4331431475231149] [-0.12576185076370144:8.0675660965075746] none [-0.37963958727649155:2.9725716871419552] [-0.41379480699587257:3.4559494392234607] [-0.26794974025706325:3.8393090161003101] [-0.21200975160859672:4.8049823468617223] [-0.17645270941501004:5.725499144838115] none [-2.5262750085977954:0.40237884064710377] [-0.30938309663561425:4.9677583060998858] [-2.5076095965807523:1.6644238033058534] [-4.2753588790201684:2.5005999718367766]
tree_sizes=893 892 890 890 893 895 890 894 892 897 900 887 901 894 894 904 898 893 899 889 895 896 892 897 896 899 897 893 895 886 902 906 894 894 890 897 901 895 898 897 900 902 898 896 899 900 893 890 896 895 893 890 891 895 897 895 895 898 893 893 901 903 899 895 898 894 896 900 889 895 894 892 903 903 897 894 897 893 902 899 898 898 901 896 901 896 896 901 904 901 897 899 903 897 899 893 897 895 900 900 895 897 899 900 901 898 899 897 904 901 897 906 907 897 902 905 906 904 913 906 902 903 901 902 899 899 899 895 902 899 905 900 899 901 907 910 905 904 901 899 903 897 901 912 905 902 904 904 911 902 901 903 897 908 907 905 905 908 904 904 905 912 904 902 903 897 902 904 905 900 912 913 896 915 905 898 910 902 904 908 902 906 913 905 909 907 907 907 913 908 907 907 905 901 908 904 901 908 910 907 899 904 899 904 904 907 910 905 910 904 912 905 897 913 909 902 906 907 902 910 910 910 907 904 906 905 910 911 909 906 907 908 906 910 900 900 903 901 904 908 903 909 905 905 902 902 902 913 910 907 907 908 903 911 910 905 907 906 903 903 906 909 903 910 908 911 906 908 903 904 909 904 903 907 904 905 903 903 908 904 909 907 909 906 910 905 912 908 907 899 908 902 906 911 914 902 902 907 909 908

Tree=0
num_leaves=7
num_cat=0
split_feature=59 31 29 10 40 35
split_gain=42.522 11.9036 11.6526 7.91844 4.50044 2.66192
threshold=1.0000000180025095e-35 0.043232566796262376 0.54910199659254799 0.34085008552547069 -0.67684099483737203 -0.42586377109365575
decision_type=2 2 2 2 2 2
left_child=2 -2 -1 4 -3 -6
right_child=1 3 -4 -5 5 -7
leaf_value=0.06775860612077847 -0.05926342307703443 -0.032495519537291767 -0.029573042980053293 -0.050928772409291792 -0.0053922710397924867 0.038280414246377049
leaf_weight=16.462490885052834 17.374817678704858 1.4441504897549755 1.8986935322172929 3.1135641168802968 4.0290252650156626 8.6430096067488176
leaf_count=318 1993 202 213 391 301 307
internal_value=-0.00145757 -0.0333857 0.054954 -0.00237149 0.0153879 0.0260207
internal_weight=52.9658 34.6046 18.3612 17.2297 14.1162 12.672
internal_count=3725 3194 531 1201 810 608
is_linear=0
shrinkage=1


Tree=1
num_leaves=7
num_cat=0
split_feature=46 6 27 34 43 40
split_gain=38.288 13.4769 9.51391 7.38547 3.1502 1.63098
threshold=1.0000000180025095e-35 -0.24913130126786623 -0.44793909662536341 0.45345724657611658 2.0729639706516196 -0.66661287316266116
decision_type=2 2 2 2 2 2
left_child=1 2 -1 -2 -3 -4
right_child=3 4 5 -5 -6 -7
leaf_value=-0.040756730079287318 0.065363485635782204 -0.063742993198788123 -0.01356040826422145 -0.014983010455902005 0.0057122775483439163 0.031333301385780721
leaf_weight=5.4649586146697429 14.381963913328947 16.835032014641914 0.65856059268116851 2.2467480204068115 1.2681240499950934 10.405629941727964
leaf_count=638 263 1976 81 193 68 436
internal_value=-0.00289348 -0.0322738 0.001302 0.0538769 -0.0587573 0.0263386
internal_weight=51.261 34.6323 16.5291 16.6287 18.1032 11.0642
internal_count=3655 3199 1155 456 2044 517
is_linear=0
shrinkage=0.05


Tree=2
num_leaves=7
num_cat=0
split_feature=53 29 32 34 27 45
split_gain=39.2234 11.9138 10.2603 8.38265 1.86906 1.68195
threshold=-0.37550111484765819 -0.2086389424046324 0.53752887767049995 0.4382101529201689 -0.44793909662536341 0.74710375438997412
decision_type=2 2 2 2 2 2
left_child=1 2 5 4 -2 -1
right_child=3 -3 -4 -5 -6 -7
leaf_value=-0.035836730739680793 0.0021157122427597186 -0.057629757212925452 0.039788638843753402 -0.014234722994865721 0.068037595789584807 0.0093279210803190425
leaf_weight=8.4351546601392347 1.3507173201069296 17.24425539560616 6.3504129126667967 2.996387497521936 15.362885686568914 1.2166553866118182
leaf_count=886 92 1972 181 250 222 62
internal_value=0.000145064 -0.0321437 8.28468e-05 0.0516607 0.0638428 -0.0292817
internal_weight=52.9565 33.2465 16.0022 19.71 16.7136 9.65181
internal_count=3665 3101 1129 564 314 948
is_linear=0
shrinkage=0.05


Tree=3
num_leaves=7
num_cat=0
split_feature=60 6 36 45 56 43
split_gain=30.969 8.55597 7.78885 4.72706 3.40862 2.41494
threshold=-0.26874752469212998 0.53019571711232183 -0.55793768978440972 -0.44550843073044349 1.2512712487917492 0.36282419538144617
decision_type=2 2 2 2 2 2
left_child=2 -2 -1 4 5 -4
right_child=1 -3 3 -5 -6 -7
leaf_value=-0.058977134791334054 0.058349105740071509 -0.024921355313194483 -0.052843139656812754 0.009081877341498526 0.015339767987186391 0.0074051545486778451
leaf_weight=11.475011621136217 15.435445008333774 1.9576529297046352 6.4165894426405412 13.003405590541663 1.5030208206735549 1.2039990397170184
leaf_count=1359 336 208 832 816 57 63
internal_value=-0.00284487 0.0466893 -0.0302101 -0.0100312 -0.0327787 -0.0439214
internal_weight=50.9951 17.3931 33.602 22.127 9.12361 7.62059
internal_count=3671 544 3127 1768 952 895
is_linear=0
shrinkage=0.05


Tree=4
num_leaves=7
num_cat=0
split_feature=53 36 40 9 3 44
split_gain=30.7312 7.65154 7.03438 6.39309 3.20859 2.6232
threshold=-0.27617693850284059 -0.28013824542573268 -0.67684099483737203 0.18389352544111282 -0.46750320191902622 1.3360124594190033
decision_type=2 2 2 2 2 2
left_child=1 -1 -3 -2 -4 -6
right_child=3 2 4 -5 5 -7
leaf_value=-0.051215590532945193 -0.0081758955285433782 -0.048358671552765083 0.022322925088651219 0.059088190569805243 -0.039403943763119571 0.017505099640884307
leaf_weight=14.556898206472395 3.5343631887808469 3.7027768939733532 12.499995234422386 15.599927127826957 2.1746058589778818 1.1334846662357447
leaf_count=1648 271 518 638 294 299 35
internal_value=0.000653889 -0.0272167 -0.00487209 0.0472395 0.0114027 -0.020853
internal_weight=53.2021 34.0678 19.5109 19.1343 15.8081 3.30809
internal_count=3703 3138 1490 565 972 334
is_linear=0
shrinkage=0.05


Tree=5
num_leaves=7
num_cat=0
split_feature=53 31 6 28 32 12
split_gain=29.4697 10.3607 8.35698 6.60821 3.50644 2.73734
threshold=-0.37550111484765819 0.032164678527574091 0.53019571711232183 -0.38138004917484586 0.53752887767049995 -0.0085672243525131454
decision_type=2 2 2 2 2 2
left_child=1 -1 -2 4 5 -3
right_child=2 3 -4 -5 -6 -7
leaf_value=-0.054119622084428082 0.056370308582393239 -0.029611635421435224 -0.02429629129830578 -0.038600887814078402 0.034826525617795263 0.021475340612211364
leaf_weight=15.637085337191818 16.791162475477908 3.3811764502897868 2.0836426056921473 4.6303323111496857 7.705209624953568 1.7376056201756007
leaf_count=1879 349 363 214 519 270 61
internal_value=-0.00046282 -0.028194 0.0453545 -0.000436471 0.0180492 -0.0107424
internal_weight=51.9662 33.0914 18.8748 17.4543 12.824 5.11878
internal_count=3655 3092 563 1213 694 424
is_linear=0
shrinkage=0.05


Tree=6
num_leaves=7
num_cat=0
split_feature=29 27 47 60 39 37
split_gain=27.1602 17.4084 5.91776 4.2331 3.33929 1.38602
threshold=0.11640144401113052 -0.44793909662536341 0.96527274207848213 0.90530931144604321 0.47809058506505936 2.6399331771837553
decision_type=2 2 2 2 2 2
left_child=1 -1 -3 5 -4 -2
right_child=3 2 4 -5 -6 -7
leaf_value=-0.033179671027702771 -0.054138012334356861 0.057874993036489679 0.024562130490703125 0.0066282565969561268 -0.025869250256532729 0.0071455517912746309
leaf_weight=6.9569950508885077 15.255757919047028 19.476215303409848 5.0223963800817719 2.9340780349448314 2.6179930092766881 0.28558817133307535
leaf_count=768 1801 421 202 162 272 6
internal_value=0.00173962 0.027571 0.0449096 -0.0430967 0.00486015 -0.0520379
internal_weight=52.549 34.0736 27.1166 18.4754 7.64039 15.5413
internal_count=3632 1663 895 1969 474 1807
is_linear=0
shrinkage=0.05


Tree=7
num_leaves=7
num_cat=0
split_feature=53 29 27 34 39 40
split_gain=27.0007 9.54471 8.88883 6.36769 3.08581 2.78725
threshold=-0.37550111484765819 0.21353880924219826 -0.44793909662536341 0.16060510435603734 0.52068809277139294 -0.66661287316266116
decision_type=2 2 2 2 2 2
left_child=1 2 -1 -2 5 -4
right_child=3 -3 4 -5 -6 -7
leaf_value=-0.043832653988601977 0.057415323480061779 -0.05361428056718668 -0.01747802873097418 -0.0068721556797182561 -0.011967630195803179 0.038052275858852319
leaf_weight=5.505059949122372 15.345078338403257 13.187691235449163 0.92458940111100574 4.1239489666186264 4.3237044755369416 9.7101215659640712
leaf_count=701 258 1612 122 300 357 348
internal_value=0.00162238 -0.0249183 -0.00193457 0.0446985 0.0182314 0.0304411
internal_weight=53.1202 33.6512 20.4635 19.469 14.9584 10.6347
internal_count=3698 3140 1528 558 827 470
is_linear=0
shrinkage=0.05


Tree=8
num_leaves=7
num_cat=0
split_feature=60 36 6 40 31 39
split_gain=22.9558 7.00523 6.16422 5.98454 2.61765 1.89353
threshold=-0.20779548606225443 -0.19883835723925983 0.53019571711232183 -0.67684099483737203 -0.325867974797374 1.3516090975240493
decision_type=2 2 2 2 2 2
left_child=1 -1 -2 -3 -5 -6
right_child=2 3 -4 4 5 -7
leaf_value=-0.044112840806572566 0.052519095427609352 -0.040751977947431031 -0.019663785180680775 -0.020460600069348717 0.028242549734877762 -0.014748458643690884
leaf_weight=15.309682677034287 16.187716559041295 3.7644252511672702 1.8946467228233803 2.0300988145172623 12.053082960192109 1.1487597576342512
leaf_count=1751 331 505 193 237 538 119
internal_value=0.00160953 -0.0220427 0.043234 -0.000665242 0.0143172 0.0224635
internal_weight=52.3884 34.306 18.0824 18.9964 15.2319 13.2018
internal_count=3674 3150 524 1399 894 657
is_linear=0
shrinkage=0.05


Tree=9
num_leaves=7
num_cat=0
split_feature=59 29 32 49 10 1
split_gain=24.5434 9.45274 8.73519 5.49471 5.49335 2.04608
threshold=1.0000000180025095e-35 -0.18796560943644655 0.53752887767049995 -0.3563589200727057 0.21031206479920786 -0.9118511649734703
decision_type=2 2 2 2 2 2
left_child=4 2 3 -2 5 -1
right_child=1 -3 -4 -5 -6 -7
leaf_value=-0.0076790110622094515 -0.044316325072807777 -0.049609205254719589 0.036509633338380289 0.019765564029146102 -0.020121874804118062 0.054318977940459139
leaf_weight=0.69363015517592508 7.2462484668940323 16.539915273431689 6.8872264595702282 2.8860897049307823 1.5493079824373115 15.223825509659946
leaf_count=61 883 1983 194 135 165 291
internal_value=-0.00140893 -0.0258788 0.00116111 -0.0257178 0.0425077 0.050828
internal_weight=51.0262 33.5595 17.0196 10.1323 17.4668 15.9175
internal_count=3712 3195 1212 1018 517 352
is_linear=0
shrinkage=0.05


Tree=10
num_leaves=7
num_cat=0
split_feature=59 6 32 49 33 61
split_gain=18.6512 6.15806 7.41658 5.11103 4.8319 2.25553
threshold=1.0000000180025095e-35 -0.065760238119586714 0.53752887767049995 -0.3563589200727057 1.0000000180025095e-35 1.3673755876920872
decision_type=2 2 2 2 2 2
left_child=4 2 3 -2 -1 -3
right_child=1 5 -4 -5 -6 -7
leaf_value=0.04620689959193857 -0.044858588596115183 -0.049750135035515362 0.030536527888459064 0.017683020068243991 -0.019473575013896311 0.0047495796315112169
leaf_weight=14.158957433421163 7.0629629492759722 13.818292306270449 6.9921497739851466 2.8879056153818965 1.6204056926071633 1.5832780320197333
leaf_count=347 878 1729 241 144 167 104
internal_value=-0.00301671 -0.0242502 -0.00211446 -0.0268163 0.0374287 -0.0442866
internal_weight=48.124 32.3446 16.943 9.95087 15.7794 15.4016
internal_count=3610 3096 1263 1022 514 1833
is_linear=0
shrinkage=0.05


Tree=11
num_leaves=7
num_cat=0
split_feature=6 27 47 50 12 34
split_gain=17.909 11.4214 7.16043 4.5775 3.31706 3.12048
threshold=0.39266741975111213 -0.44793909662536341 0.96527274207848213 2.1484087937713574 1.4448946291615377 0.37174361898282504
decision_type=2 2 2 2 2 2
left_child=1 4 3 5 -1 -3
right_child=-2 2 -4 -5 -6 -7
leaf_value=-0.041189277194332963 -0.041668306230163737 0.056616950358035517 -0.0057853262465181188 -0.0188432734864077 0.017722078698047684 -0.0063047703907688074
leaf_weight=5.9914934271946541 13.904916301835327 19.131506728008397 8.1037992686033267 1.0485267066396762 1.3444168735295532 1.5428986246697594
leaf_count=762 1613 349 605 144 60 132
internal_value=0.00159226 0.0196822 0.0330173 0.0464382 -0.0283827 0.0517173
internal_weight=51.0676 37.1626 29.8267 21.7229 7.33591 20.6744
internal_count=3665 2052 1230 625 822 481
is_linear=0
shrinkage=0.05


Tree=12
num_leaves=7
num_cat=0
split_feature=59 29 32 12 33 44
split_gain=19.6397 5.973 6.71399 6.39233 4.61149 1.43143
threshold=1.0000000180025095e-35 -0.18796560943644655 0.53752887767049995 0.18267219873577809 -0.39339868016548435 0.43612860193186559
decision_type=2 2 2 2 2 2
left_child=4 2 3 -2 -1 -3
right_child=1 5 -4 -5 -6 -7
leaf_value=0.049451358154411693 -0.04556941970279741 -0.049302299630032187 0.03159817933807129 0.022416059238108889 -0.0080456844776227304 -0.0093697226254730575
leaf_weight=14.328486365266146 6.7006278801709431 11.679204637184741 6.5592000577598801 3.1252056565135717 3.4155837781727305 4.6070888694375745
leaf_count=289 846 1522 198 159 261 438
internal_value=0.000142447 -0.0223622 -0.000139061 -0.0237606 0.0388207 -0.0412207
internal_weight=50.4154 32.6713 16.385 9.82583 17.7441 16.2863
internal_count=3713 3163 1203 1005 550 1960
is_linear=0
shrinkage=0.05


Tree=13
num_leaves=7
num_cat=0
split_feature=53 31 3 10 1 40
split_gain=17.7641 7.6066 4.95268 4.23566 2.42586 1.69038
threshold=-0.37550111484765819 0.043232566796262376 -0.53468787242312932 0.21031206479920786 -0.92779575385130741 -0.67684099483737203
decision_type=2 2 2 2 2 2
left_child=1 -1 5 4 -2 -3
right_child=3 2 -4 -5 -6 -7
leaf_value=-0.040639402058178786 -0.0089477964082164616 -0.015649222843406592 -0.024829880020173917 -0.015872515445708644 0.049812374370593819 0.027732175700272352
leaf_weight=15.801579812075941 1.0202789129689396 0.69146574568003316 6.165248396806418 1.7489418103359629 16.198862822260708 10.610625751316549
leaf_count=1963 89 101 649 167 316 440
internal_value=0.00313227 -0.0185275 0.00450042 0.0384645 0.0455197 0.0223522
internal_weight=52.237 33.2689 17.4673 18.9681 17.2191 11.3021
internal_count=3725 3153 1190 572 405 541
is_linear=0
shrinkage=0.05


Tree=14
num_leaves=7
num_cat=0
split_feature=53 29 40 9 32 44
split_gain=15.5572 5.75872 5.64274 5.26211 1.41623 0.966538
threshold=-0.32790658678402879 -0.2086389424046324 -0.31449203648469826 0.21995310808407273 -0.88713372748297925 2.2306299961808018
decision_type=2 2 2 2 2 2
left_child=1 2 -1 -2 -4 -3
right_child=3 5 4 -5 -6 -7
leaf_value=-0.030364086191740455 -0.013523435520652494 -0.042088580262516447 -0.012221310996917291 0.04577678109478947 0.027446246090312307 0.00168972047600926
leaf_weight=5.5800703712739042 3.3084104484878507 14.929942275397481 0.95503570791333814 14.136124103795735 9.18808268196881 1.1129572046920646
leaf_count=665 281 1885 119 285 369 85
internal_value=-0.000438904 -0.0207685 0.00137025 0.0341962 0.0217742 -0.0392638
internal_weight=49.2106 31.7661 15.7232 17.4445 10.1431 16.0429
internal_count=3689 3123 1153 566 488 1970
is_linear=0
shrinkage=0.05


Tree=15
num_leaves=7
num_cat=0
split_feature=59 29 32 12 28 45
split_gain=14.7006 5.2551 4.3719 5.54416 4.11257 1.19877
threshold=1.0000000180025095e-35 -0.18796560943644655 0.53752887767049995 -0.0085672243525131454 -0.40137652201277857 0.83217985060479005
decision_type=2 2 2 2 2 2
left_child=4 2 3 5 -1 -2
right_child=1 -3 -4 -5 -6 -7
leaf_value=0.043856132846817851 -0.047606880602394819 -0.039849272872277436 0.026354898797739362 0.019112628311624635 -0.012151927666838182 0.0042520178905990852
leaf_weight=12.680987827945499 5.3645759765058765 15.590942825190725 5.9518200932070604 3.9874096927233049 2.7417713287286452 0.75178705621510733
leaf_count=274 732 1951 193 235 233 44
internal_value=-0.00271001 -0.0217517 -0.000671017 -0.0189801 0.0335419 -0.0419311
internal_weight=47.0693 31.6465 16.0556 10.1038 15.4228 6.11636
internal_count=3662 3155 1204 1011 507 776
is_linear=0
shrinkage=0.05


Tree=16
num_leaves=7
num_cat=0
split_feature=60 44 33 33 12 40
split_gain=14.7191 4.66448 4.43014 3.15876 2.63293 1.9644
threshold=-0.26874752469212998 0.23107580109552392 -0.34207382702358852 -0.058947551058256227 0.20643778117919762 -0.34273111792078942
decision_type=2 2 2 2 2 2
left_child=1 4 -2 5 -1 -3
right_child=2 3 -4 -5 -6 -7
leaf_value=-0.041232408631767178 0.043784221075701978 -0.014918977615408986 -0.013816274303173663 -0.028041581188763383 0.0039861286226919009 0.025483761689312979
leaf_weight=15.543035964015877 14.340761010535063 1.8790061129257072 2.6348699838854364 2.7964280946180216 3.2932139560580245 8.297963426448403
leaf_count=1918 323 198 240 365 264 396
internal_value=-0.000106321 -0.0197332 0.0341115 0.00329196 -0.0338652 0.0163258
internal_weight=48.7853 31.8096 16.9756 12.9734 18.8362 10.177
internal_count=3704 3141 563 959 2182 594
is_linear=0
shrinkage=0.05


Tree=17
num_leaves=7
num_cat=0
split_feature=53 36 40 10 27 39
split_gain=12.8277 5.278 5.81235 3.8134 1.91492 1.57559
threshold=-0.27617693850284059 -0.53824383065958625 -0.36768878654196041 0.21031206479920786 -0.44793909662536341 0.35191568882098306
decision_type=2 2 2 2 2 2
left_child=1 -1 -3 4 -2 -4
right_child=3 2 5 -5 -6 -7
leaf_value=-0.04305543672119555 -0.006150591154751737 -0.030378382923470143 0.026735483305482612 -0.017569323408055674 0.044116660127366952 -0.0051172492084319088
leaf_weight=10.117754532024266 1.3670930480584509 7.8741434761323079 8.705588094424451 1.7124537914060045 14.230159102007747 4.5573048084042975
leaf_count=1385 109 959 427 172 293 343
internal_value=0.00057471 -0.0181244 -0.00232245 0.0320281 0.0394293 0.0168655
internal_weight=48.5645 31.2548 21.137 17.3097 15.5973 13.2629
internal_count=3688 3114 1729 574 402 770
is_linear=0
shrinkage=0.05


Tree=18
num_leaves=7
num_cat=0
split_feature=59 29 49 34 1 12
split_gain=14.3979 4.95137 5.89095 3.93539 1.98528 2.43128
threshold=1.0000000180025095e-35 0.28084502654078197 -0.3563589200727057 0.4382101529201689 0.64540368209528742 -0.0020604270896016591
decision_type=2 2 2 2 2 2
left_child=3 2 4 -1 5 -2
right_child=1 -3 -4 -5 -6 -7
leaf_value=0.040805005181759169 -0.046484226569581788 -0.047619050867047909 0.02598707692871742 -0.013239435520949239 0.0056667843828317561 0.0016156239426007874
leaf_weight=12.686706970911471 6.4708946458995342 10.78864676505327 6.1557844667695454 2.7307674139738074 3.2906987350434056 3.3646180522628182
leaf_count=287 884 1531 274 237 188 281
internal_value=-0.00513038 -0.0245833 -0.00701841 0.0306353 -0.0244519 -0.033498
internal_weight=45.4881 30.0706 19.282 15.4175 13.1262 9.83551
internal_count=3682 3158 1627 524 1353 1165
is_linear=0
shrinkage=0.05


Tree=19
num_leaves=7
num_cat=0
split_feature=60 6 32 40 49 34
split_gain=10.8606 4.92287 4.55688 3.70969 2.90625 3.4568
threshold=-0.26874752469212998 0.53019571711232183 0.68510844492958023 -0.31449203648469826 -0.3563589200727057 0.4289269666942469
decision_type=2 2 2 2 2 2
left_child=2 -2 4 -4 -1 -6
right_child=1 -3 3 -5 5 -7
leaf_value=-0.039627213302841295 0.041643687377549074 -0.020261013899123305 -0.024763119586793076 0.024162108911156721 0.021471384813091091 -0.03045394257641695
leaf_weight=13.094649894163018 14.192328122444453 2.0455437065102151 3.0348550770431748 8.4764894740656 4.5191568159498265 2.5885731694288552
leaf_count=1705 332 223 378 399 244 375
internal_value=0.0018654 0.0319019 -0.0149416 0.00881065 -0.027865 -0.000865415
internal_weight=47.9516 16.2379 31.7137 11.5113 20.2024 7.10773
internal_count=3656 555 3101 777 2324 619
is_linear=0
shrinkage=0.05


Tree=20
num_leaves=7
num_cat=0
split_feature=46 34 32 10 12 45
split_gain=10.7866 4.44141 5.77355 3.14694 2.83976 1.5661
threshold=1.0000000180025095e-35 0.27850696662654312 0.04013343901295132 0.21031206479920786 1.4448946291615377 -0.65123789975899804
decision_type=2 2 2 2 2 2
left_child=1 2 4 -2 -1 -4
right_child=3 -3 5 -5 -6 -7
leaf_value=-0.036441035324181331 0.038134159622184666 -0.03821012220103915 -0.015635645929473547 -0.01823163399778056 0.018033848098319007 0.025505364405140923
leaf_weight=7.9247293546795898 13.120093683712183 11.467796200886367 0.70670682843774457 1.0978467040695239 1.098851390648633 10.474675994832067
leaf_count=1036 329 1569 110 124 44 462
internal_value=-0.00104869 -0.0170534 -0.00165786 0.0313636 -0.0269629 0.0201475
internal_weight=45.8907 31.6728 20.205 14.2179 9.02358 11.1814
internal_count=3674 3221 1652 453 1080 572
is_linear=0
shrinkage=0.05


Tree=21
num_leaves=7
num_cat=0
split_feature=59 32 6 12 33 61
split_gain=9.51573 5.72363 6.6424 2.63611 2.48892 1.54922
threshold=1.0000000180025095e-35 0.58614276061917514 0.0075881871397251452 1.039837143016775 -0.39339868016548435 -1.6541769881582675
decision_type=2 2 2 2 2 2
left_child=4 3 -3 5 -1 -2
right_child=1 2 -4 -5 -6 -7
leaf_value=0.038150549381107554 0.0053824811985205712 0.032729993533554318 -0.029154534754967727 0.012967896626498077 -0.0059683361308885997 -0.040492257207956711
leaf_weight=11.602856408338992 1.3148504081182224 7.9576252927072328 4.3376163667999208 1.5594816100783635 3.1533711012452832 15.94197743898258
leaf_count=280 97 245 589 86 239 2119
internal_value=-0.000400102 -0.0158285 0.00946165 -0.0313826 0.029307 -0.0367174
internal_weight=45.8678 31.1116 12.2952 18.8163 14.7562 17.2568
internal_count=3655 3136 834 2302 519 2216
is_linear=0
shrinkage=0.05


Tree=22
num_leaves=7
num_cat=0
split_feature=29 27 47 12 39 54
split_gain=11.0612 6.11132 4.07794 2.83674 2.54739 2.29329
threshold=0.11640144401113052 -0.44793909662536341 0.96527274207848213 0.15904028098551601 0.39181715173577641 2.274090848985614
decision_type=2 2 2 2 2 2
left_child=1 3 -3 -1 -4 -2
right_child=5 2 4 -5 -6 -7
leaf_value=-0.038362393932116219 -0.037722400253768759 0.041035040998879571 0.017580484438364401 0.012099457744251354 -0.028133855645121539 0.0064636914574887341
leaf_weight=3.6126616527326432 13.659477294888349 15.608582353685053 3.8767792265862218 2.8894345737062395 2.5197215536609292 2.6034737094305447
leaf_count=563 1870 420 164 189 296 130
internal_value=-0.000950906 0.0173545 0.0291625 -0.0191977 -0.00366029 -0.0307438
internal_weight=44.7701 28.5072 22.0051 6.5021 6.3965 16.263
internal_count=3632 1632 880 752 460 2000
is_linear=0
shrinkage=0.05


Tree=23
num_leaves=7
num_cat=0
split_feature=59 31 28 10 40 39
split_gain=9.29358 4.0204 3.77504 3.01526 2.27355 2.22081
threshold=1.0000000180025095e-35 -0.039527318456092662 -0.40137652201277857 0.34085008552547069 -0.67684099483737203 1.3516090975240493
decision_type=2 2 2 2 2 2
left_child=2 -2 -1 4 -3 -6
right_child=1 3 -4 -5 5 -7
leaf_value=0.038466596531576594 -0.034989296764591865 -0.022811071592738111 -0.013448427587782766 -0.03134154478723826 0.026082702500266459 -0.016934923415708757
leaf_weight=12.051529622171072 12.883681068662556 1.555764316115529 2.9030442787334314 2.7204674528911701 10.912090685218571 1.6025838837958879
leaf_count=276 1803 241 261 410 511 182
internal_value=-0.00114329 -0.0169566 0.0278255 8.64217e-05 0.010603 0.0183646
internal_weight=44.6292 29.6746 14.9546 16.7909 14.0704 12.5147
internal_count=3684 3147 537 1344 934 693
is_linear=0
shrinkage=0.05


Tree=24
num_leaves=7
num_cat=0
split_feature=33 11 22 47 27 62
split_gain=8.61763 7.38154 5.03605 5.30573 1.83704 1.66761
threshold=-0.058947551058256227 -0.06492606685625997 -1.7900328811776716 0.96527274207848213 -0.74972330467299531 1.5045530077456954
decision_type=2 2 2 2 2 2
left_child=1 2 -1 4 -4 -2
right_child=5 -3 3 -5 -6 -7
leaf_value=-0.023189113589695397 -0.041647166400933106 -0.028188972342672525 -0.0092796940200224522 -0.0046134654884623051 0.044527057784481461 0.010242329076614686
leaf_weight=3.1313402317464378 8.4820357733406091 6.5933038904331651 0.70800884207710879 7.8488092957995823 18.618844553362578 0.59823164856061417
leaf_count=436 1209 861 87 638 478 47
internal_value=0.000494442 0.011668 0.022097 0.0291017 0.0415739 -0.036534
internal_weight=45.9806 36.9003 30.307 27.1757 19.3269 9.08027
internal_count=3756 2500 1639 1203 565 1256
is_linear=0
shrinkage=0.05


Tree=25
num_leaves=7
num_cat=0
split_feature=33 11 22 47 12 39
split_gain=9.25962 6.16131 5.30326 5.23801 2.37063 2.40563
threshold=-0.11659048344514748 -0.06492606685625997 -1.7900328811776716 0.96527274207848213 -0.015325311238560948 0.35191568882098306
decision_type=2 2 2 2 2 2
left_child=1 2 -1 -4 5 -5
right_child=-2 -3 3 4 -6 -7
leaf_value=-0.029460138554000814 -0.043139980343538019 -0.028995025551242115 0.039540047549638559 0.0084079708554039272 0.02124374298356491 -0.041442138347653104
leaf_weight=2.5521785668097463 8.7949089696630818 6.0676339347846833 16.896259813103825 2.7768090562894967 2.2600036524236167 2.6207033875398338
leaf_count=410 1300 812 502 157 100 373
internal_value=-0.00491984 0.00795039 0.0182858 0.0259158 -0.00681402 -0.0219544
internal_weight=41.9685 33.1736 27.106 24.5538 7.65752 5.39751
internal_count=3654 2354 1542 1132 630 530
is_linear=0
shrinkage=0.05


Tree=26
num_leaves=7
num_cat=0
split_feature=34 54 49 6 12 34
split_gain=10.2846 5.07581 4.83336 2.14525 1.88098 1.72511
threshold=0.49944140160219636 -0.39970119845114177 -0.3563589200727057 -1.1086831597754263 -0.18653374341025555 0.025729044015459012
decision_type=2 2 2 2 2 2
left_child=1 2 3 4 -1 -3
right_child=-2 5 -4 -5 -6 -7
leaf_value=-0.020312372760701553 -0.040970866074622615 0.036951022203724523 0.02309311004408526 -0.035119036092142675 0.021745921575271498 -0.0053317975456799822
leaf_weight=1.9436241644434629 9.9250319921411556 11.999361961614339 6.4092590529471627 7.6366133675910577 2.8158628442324671 2.0489833559840909
leaf_count=273 1463 320 346 993 137 149
internal_value=-0.00289287 0.0110761 -0.00597119 -0.0225702 0.00335777 0.030931
internal_weight=42.7787 32.8537 18.8054 12.3961 4.75949 14.0483
internal_count=3681 2218 1749 1403 410 469
is_linear=0
shrinkage=0.05


Tree=27
num_leaves=7
num_cat=0
split_feature=29 32 40 54 59 49
split_gain=9.30535 5.64396 2.11481 3.42972 2.1071 1.92074
threshold=0.54910199659254799 0.04013343901295132 -0.34273111792078942 0.32714512382774308 1.0000000180025095e-35 -0.3563589200727057
decision_type=2 2 2 2 2 2
left_child=1 4 3 -3 -1 -6
right_child=-2 2 -4 -5 5 -7
leaf_value=0.014336876866781839 -0.039354725886593916 -0.028960039574387156 0.033909390052718306 0.023347339605813994 -0.03419244460410379 0.007204999935054553
leaf_weight=2.8310643639415476 9.0738343894481641 2.542116655502471 15.329284153413026 4.2146327458322048 6.8614265848882496 2.6550802951678634
leaf_count=119 1384 367 523 112 989 193
internal_value=-0.00125845 0.01113 0.0250927 0.000814058 -0.0138681 -0.023684
internal_weight=43.5074 34.4336 22.086 6.75675 12.3476 9.51651
internal_count=3687 2303 1002 479 1301 1182
is_linear=0
shrinkage=0.05


Tree=28
num_leaves=7
num_cat=0
split_feature=36 22 47 33 11 6
split_gain=7.4688 4.80585 3.52472 2.61929 2.44488 2.19195
threshold=-0.55793768978440972 -1.7900328811776716 0.96527274207848213 -0.058947551058256227 -0.06492606685625997 -1.1086831597754263
decision_type=2 2 2 2 2 2
left_child=-1 -2 3 4 -3 -4
right_child=1 2 5 -5 -6 -7
leaf_value=-0.030840279892626457 -0.027228474159553342 0.040773402573838054 0.017877199267524561 -0.011849761343345457 -0.010932831308128362 -0.021590470978691888
leaf_weight=10.818294779397545 3.7911055134609333 16.499984615016732 3.300145547837019 1.8711916785687233 1.3384195026010264 5.2186041157692689
leaf_count=1532 565 432 158 211 146 577
internal_value=0.000306319 0.0125702 0.0200175 0.0303804 0.0358784 -0.00562688
internal_weight=42.8377 32.0195 28.2283 19.7096 17.8384 8.51875
internal_count=3621 2089 1524 789 578 735
is_linear=0
shrinkage=0.05


Tree=29
num_leaves=7
num_cat=0
split_feature=6 11 4 39 50 34
split_gain=7.10933 4.93126 3.8731 2.95992 2.24031 2.03217
threshold=0.53019571711232183 -0.06492606685625997 -1.2107854317166307 1.3516090975240493 2.1484087937713574 0.49944140160219636
decision_type=2 2 2 2 2 2
left_child=1 2 -1 4 5 -4
right_child=-2 -3 3 -5 -6 -7
leaf_value=-0.026264795073291488 -0.031680869194548288 -0.025738686666855616 0.036594003322056971 -0.016844742336421369 -0.014830964821977981 -0.0081978221588221295
leaf_weight=1.7192255412228394 9.3551321155391616 4.5505621116608408 22.892465583514433 1.941281238105147 1.0152682582847763 1.721243637613951
leaf_count=288 1390 610 811 233 162 186
internal_value=0.00121891 0.0121533 0.0198848 0.0250577 0.0296642 0.0329114
internal_weight=43.1952 33.84 29.2895 27.5703 25.629 24.6137
internal_count=3680 2290 1680 1392 1159 997
is_linear=0
shrinkage=0.05


Tree=30
num_leaves=7
num_cat=0
split_feature=59 43 33 42 37 51
split_gain=7.38708 3.33569 2.78859 1.65699 1.53959 1.45397
threshold=1.0000000180025095e-35 0.086968376512725834 -0.40020863672082835 -1.0622889373927713 0.43194136922480203 1.0000000180025095e-35
decision_type=2 2 2 2 2 2
left_child=2 5 -1 -3 -5 -2
right_child=1 3 -4 4 -6 -7
leaf_value=0.033877060429949361 -0.034999690472958242 -0.02532988062133857 -0.011929280530535078 0.018757126455169769 -0.014146643040084778 0.011357394920153981
leaf_weight=10.929506871849297 13.658212761860341 1.4065729551948596 2.6876126034185281 8.6401049857959134 2.5859194053336969 0.48891077656298954
leaf_count=284 1907 229 253 592 323 29
internal_value=-0.00257325 -0.0173176 0.0243148 0.00177162 0.00979282 -0.0316909
internal_weight=40.3968 26.7797 13.6171 12.6326 11.226 14.1471
internal_count=3617 3080 537 1144 915 1936
is_linear=0
shrinkage=0.05


Tree=31
num_leaves=7
num_cat=0
split_feature=59 29 32 12 14 33
split_gain=6.93802 5.11743 4.07325 4.48113 1.76491 1.55187
threshold=1.0000000180025095e-35 -0.050077208510587397 0.58614276061917514 -0.02571640448463201 1.0000000180025095e-35 -0.40020863672082835
decision_type=2 2 2 2 2 2
left_child=5 2 3 -2 -3 -1
right_child=1 4 -4 -5 -6 -7
leaf_value=0.034111520569620073 -0.036307509100081785 -0.043793557333779834 0.027781172491322566 0.01796364966894853 0.0010797293532119993 -0.0024592713993591515
leaf_weight=10.189459766726939 5.8877247474156329 8.8309420226141828 6.9642480583861461 4.2185360579751441 2.5152501040138295 3.2271269988268605
leaf_count=256 827 1481 206 272 351 253
internal_value=0.000139023 -0.013635 0.00417521 -0.0147273 -0.0357003 0.0264731
internal_weight=41.8333 28.4167 17.0705 10.1063 11.3462 13.4166
internal_count=3646 3137 1305 1099 1832 509
is_linear=0
shrinkage=0.05


Tree=32
num_leaves=7
num_cat=0
split_feature=29 27 47 12 40 32
split_gain=6.47678 4.39647 4.39558 2.55764 2.47391 1.73529
threshold=0.74409644692992705 -0.44793909662536341 0.96527274207848213 0.15904028098551601 -0.65214100126096219 0.61946615037408825
decision_type=2 2 2 2 2 2
left_child=1 3 4 -1 -3 -4
right_child=-2 2 5 -5 -6 -7
leaf_value=-0.037657326912374861 -0.038363452881652389 -0.0070655360398371144 -0.027529904643556383 0.0098485827310725513 0.036052581994310065 0.008230277913624684
leaf_weight=4.1946096750907591 6.1150603243149808 2.9590275413356748 3.5861417511478084 3.0123080038465559 16.295402277261019 4.8674249453470111
leaf_count=708 1031 266 484 227 632 300
internal_value=-0.00055466 0.00857878 0.0174867 -0.0207425 0.029367 -0.0101772
internal_weight=41.03 34.9149 27.708 7.20692 19.2544 8.45357
internal_count=3648 2617 1682 935 898 784
is_linear=0
shrinkage=0.05


Tree=33
num_leaves=7
num_cat=0
split_feature=10 11 22 47 1 12
split_gain=8.07371 5.11646 3.1331 2.8017 2.01394 1.55558
threshold=0.34085008552547069 -0.06492606685625997 -1.7900328811776716 0.96527274207848213 1.6020790147655142 -0.015325311238560948
decision_type=2 2 2 2 2 2
left_child=1 2 -1 4 -4 -5
right_child=-2 -3 3 5 -6 -7
leaf_value=-0.017808913424618336 -0.041180251522853824 -0.02452773322401583 0.038650301352091868 -0.013173587236660796 -0.0082894912274949998 0.021302768834393675
leaf_weight=2.9542971905320909 6.6201010202057651 5.894021217711269 16.402857491746548 5.8302621222101179 1.5198589665815223 2.1989454068243495
leaf_count=430 1121 854 496 542 138 95
internal_value=-0.000303088 0.0101241 0.0188316 0.0244158 0.0340519 -0.000505412
internal_weight=41.4203 34.8002 28.9062 25.9519 17.9227 8.02921
internal_count=3676 2555 1701 1271 634 637
is_linear=0
shrinkage=0.05


Tree=34
num_leaves=7
num_cat=0
split_feature=10 22 6 47 6 39
split_gain=5.51592 4.15733 4.27163 2.64309 1.89146 1.39481
threshold=0.34085008552547069 -1.7900328811776716 0.53019571711232183 0.96527274207848213 -1.1086831597754263 -1.3757098135979078
decision_type=2 2 2 2 2 2
left_child=1 -1 3 5 -5 -3
right_child=-2 2 -4 4 -6 -7
leaf_value=-0.027882623297085199 -0.032747333117184911 -0.0071196185337646257 -0.021871760178279721 0.020479254783066086 -0.014836691187995098 0.036402162476186432
leaf_weight=3.580949129536747 6.6377719109877935 1.0551203154027486 3.9020522562786928 3.7759210704825845 5.6153785428032235 16.650242813164375
leaf_count=599 1099 94 581 178 575 561
internal_value=0.0010701 0.00965757 0.0160719 0.0231714 0.000883047 0.0331528
internal_weight=41.2174 34.5797 30.9987 27.0967 9.3913 17.7054
internal_count=3687 2588 1989 1408 753 655
is_linear=0
shrinkage=0.05


Tree=35
num_leaves=7
num_cat=0
split_feature=36 40 11 39 4 53
split_gain=5.11663 4.20771 2.22469 1.49519 1.44843 1.33144
threshold=-0.55793768978440972 -0.67684099483737203 -0.06492606685625997 1.4934210535590584 0.091682626580511323 2.9518717825224217
decision_type=2 2 2 2 2 2
left_child=-1 5 3 4 -3 -2
right_child=1 2 -4 -5 -6 -7
leaf_value=-0.029056982889226174 -0.03468670907568442 0.029736017807455391 -0.014949247817211986 -0.014266201617383414 -0.0037535957101969852 0.0071103100983471021
leaf_weight=9.8859224729239923 3.6224471675232079 18.075736152473848 2.6735205547884098 0.78031728602945705 3.0758752548135808 1.4456781460903583
leaf_count=1545 629 717 354 106 278 56
internal_value=-0.00252283 0.00817345 0.0168502 0.0220589 0.0250046 -0.0245535
internal_weight=39.5595 29.6736 24.6054 21.9319 21.1516 5.06813
internal_count=3685 2140 1455 1101 995 685
is_linear=0
shrinkage=0.05


Tree=36
num_leaves=7
num_cat=0
split_feature=55 33 40 11 39 42
split_gain=5.97923 3.25826 3.73654 2.20062 1.39957 1.34635
threshold=1.0000000180025095e-35 -0.11659048344514748 -0.65748381443397308 -0.06492606685625997 0.67220581005594615 1.4841582727468488
decision_type=2 2 2 2 2 2
left_child=1 2 -1 4 -4 -3
right_child=-2 5 3 -5 -6 -7
leaf_value=-0.03393891539702331 0.027729951985041402 -0.043087937303302966 0.023208332271688163 -0.018469544582287674 -0.0058269516100213975 0.0096993534900053479
leaf_weight=4.4387561185285476 8.569146011490373 6.3894349080510464 11.025735295843338 3.7591157993301705 4.4471452906727782 0.27784969005733717
leaf_count=731 267 1205 529 557 385 21
internal_value=-0.00351128 -0.0140368 -0.00356875 0.00707458 0.0152721 -0.0385608
internal_weight=38.9072 30.338 23.6708 19.232 15.4729 6.66728
internal_count=3695 3428 2202 1471 914 1226
is_linear=0
shrinkage=0.05


Tree=37
num_leaves=7
num_cat=0
split_feature=29 4 61 33 47 12
split_gain=4.43639 3.56533 3.46065 2.6325 1.98353 2.08456
threshold=-0.22340560881047963 -1.2539232152213609 0.63188342464051228 0.56412531086095796 0.96527274207848213 -0.015325311238560948
decision_type=2 2 2 2 2 2
left_child=1 -1 -2 -4 -3 -6
right_child=2 4 3 -5 5 -7
leaf_value=-0.027298359991938512 -0.032901712475716098 0.033230455745227275 0.020621823481886722 -0.021887793788342245 -0.013682355849416919 0.025653812200750598
leaf_weight=1.6038513761013771 8.8597640874795633 12.459840485127643 6.8554468862712366 2.8922313074581325 5.6875476762652424 2.5170672717504177
leaf_count=299 1302 423 564 496 513 97
internal_value=0.00216043 0.0162547 -0.0146217 0.00582611 0.0226671 0.00202307
internal_weight=40.8757 22.2683 18.6074 9.74768 20.6645 8.20461
internal_count=3694 1332 2362 1060 1033 610
is_linear=0
shrinkage=0.05


Tree=38
num_leaves=7
num_cat=0
split_feature=53 32 29 49 29 36
split_gain=4.19856 1.92121 2.14202 1.98582 1.68745 1.58279
threshold=-0.37550111484765819 0.58614276061917514 0.21353880924219826 -0.3563589200727057 0.39664547267470185 -0.40404021581136601
decision_type=2 2 2 2 2 2
left_child=1 3 -3 -1 -2 -5
right_child=4 2 -4 5 -6 -7
leaf_value=-0.035929785796720314 0.025626690452783686 0.016473361816949774 -0.020883581645299368 -0.019491188767078289 -0.010273929256706119 0.017672217850814406
leaf_weight=9.9597134569194186 9.2199513143859786 6.4469202333129925 3.4744457225315273 2.4683558251708746 2.6151715298183253 3.0181860993616274
leaf_count=1683 301 283 572 430 254 161
internal_value=-0.00472579 -0.015703 0.00157978 -0.0252555 0.0172204 -2.71088e-05
internal_weight=37.2027 25.3676 9.92137 15.4463 11.8351 5.48654
internal_count=3684 3129 855 2274 555 591
is_linear=0
shrinkage=0.05


Tree=39
num_leaves=7
num_cat=0
split_feature=60 44 17 27 62 39
split_gain=5.02735 2.31536 1.48178 1.3892 1.28073 1.19899
threshold=-0.20779548606225443 0.4154595966296416 1.0000000180025095e-35 -0.52644604802958772 1.1958862128457544 0.52068809277139294
decision_type=2 2 2 2 2 2
left_child=1 2 4 -2 -1 -3
right_child=3 5 -4 -5 -6 -7
leaf_value=-0.029694313670886353 -0.0099100232057476104 0.016570138993810286 0.0089480018099345627 0.028817808696666482 0.0063806169802135592 -0.015410752400131112
leaf_weight=14.410166918300101 1.2425674176774926 6.8336987257935089 2.201368384063243 10.955774786649268 1.7685269557405252 1.502998753916472
leaf_count=2062 131 505 182 388 213 184
internal_value=0.000326066 -0.0116589 -0.0205806 0.0236954 -0.0253697 0.00825206
internal_weight=38.9151 26.7168 18.3801 12.1983 16.1787 8.3367
internal_count=3665 3146 2457 519 2275 689
is_linear=0
shrinkage=0.05


Tree=40
num_leaves=7
num_cat=0
split_feature=59 12 45 26 3 29
split_gain=4.68966 1.84433 2.4517 2.12931 1.55488 1.06524
threshold=1.0000000180025095e-35 -0.20528689986026549 -0.65123789975899804 -0.16805481525542429 0.064908643696938592 0.67793185426103919
decision_type=2 2 2 2 2 2
left_child=4 -2 -3 -4 -1 -5
right_child=1 2 3 5 -6 -7
leaf_value=0.025983027793446724 -0.03066329358101982 -0.030185005732253946 -0.012496130943021608 0.026214177399061851 -0.013689016420888104 -0.01100201865660945
leaf_weight=10.623214952182023 7.9685318286065003 3.1194160839077112 5.8525289513636398 7.1343732890672982 1.0540886032395054 0.62315140548162151
leaf_count=384 1101 599 880 390 128 124
internal_value=-0.00272735 -0.0146533 -0.00352441 0.00693435 0.0203359 0.0209902
internal_weight=36.3753 24.698 16.7295 13.6101 11.6773 7.75752
internal_count=3606 3094 1993 1394 512 514
is_linear=0
shrinkage=0.05


Tree=41
num_leaves=7
num_cat=0
split_feature=36 11 45 55 10 36
split_gain=5.10976 3.52746 2.14581 1.67076 1.42514 1.66827
threshold=-0.55793768978440972 -0.06492606685625997 -0.72548612918283728 1.0000000180025095e-35 0.62564646733455498 1.7950080809076829
decision_type=2 2 2 2 2 2
left_child=3 2 -2 -1 5 -4
right_child=1 -3 4 -5 -6 -7
leaf_value=-0.034898605956081831 -0.012013092784575997 -0.024742647827659333 0.029735675336077502 0.0087696577941037534 -0.013464918814715759 -0.0062218070026250965
leaf_weight=8.1557607282884401 3.631202872144061 3.5356650475878295 18.601787069812424 1.4366328588221211 0.81732304464094241 2.7050191001035264
leaf_count=1515 453 549 823 80 125 192
internal_value=-0.000867537 0.00972647 0.016546 -0.0278273 0.0221082 0.0249662
internal_weight=38.8834 29.291 25.7553 9.59239 22.1241 21.3068
internal_count=3737 2142 1593 1595 1140 1015
is_linear=0
shrinkage=0.05


Tree=42
num_leaves=7
num_cat=0
split_feature=59 31 32 9 12 12
split_gain=3.80442 2.49165 2.32215 1.7744 1.73867 1.29957
threshold=1.0000000180025095e-35 -0.039527318456092662 0.64409994806372517 0.26659912720482076 -0.02571640448463201 4.2979140387330466
decision_type=2 2 2 2 2 2
left_child=3 5 4 -1 -3 -2
right_child=1 2 -4 -5 -6 -7
leaf_value=-0.0085896211720492381 -0.031945059074208818 -0.026408764788624597 0.017427015140407287 0.027684342833167699 0.013193028890311726 0.010599685816296951
leaf_weight=3.0388263924978665 9.9844891580287349 5.6421703391242772 7.8940010317601264 9.2392162806354445 1.9059109587687997 0.62462246837094504
leaf_count=272 1782 794 442 282 116 29
internal_value=-0.00152585 -0.0120486 0.00142851 0.0187827 -0.0155009 -0.0276558
internal_weight=38.3292 26.0512 15.4421 12.278 7.54808 10.6091
internal_count=3717 3163 1352 554 910 1811
is_linear=0
shrinkage=0.05


Tree=43
num_leaves=7
num_cat=0
split_feature=40 47 33 28 0 1
split_gain=3.34421 3.15849 3.10562 2.78867 2.35147 1.20675
threshold=-0.66661287316266116 0.96527274207848213 0.27764070015600389 -0.69229262246807133 -0.77996953651108292 1.5595601110912816
decision_type=2 2 2 2 2 2
left_child=-1 2 4 -3 -2 -6
right_child=1 3 -4 -5 5 -7
leaf_value=-0.029985358055904257 -0.012871934123066276 0.0095980253815436123 -0.017539501805879532 -0.032904201689376272 0.033911971357514052 -0.0075869331793572345
leaf_weight=5.6948937023989847 2.0305996006354752 5.1451663989573717 3.4202177671249947 5.4826965946704167 13.823300102725621 0.86864723055623549
leaf_count=926 242 288 540 986 611 85
internal_value=-0.00247961 0.00482254 0.0157198 -0.0147447 0.0241554 0.0305879
internal_weight=36.4655 30.7706 20.1428 10.6279 16.7225 14.6919
internal_count=3678 2752 1478 1274 938 696
is_linear=0
shrinkage=0.05


Tree=44
num_leaves=7
num_cat=0
split_feature=34 32 12 61 33 33
split_gain=4.41634 3.4491 4.56028 1.75021 1.84324 1.35318
threshold=0.094192542431634926 0.51936842746435352 0.094881228269872539 0.63188342464051228 -0.13228815415989451 -0.21551718732819677
decision_type=2 2 2 2 2 2
left_child=1 2 -1 -2 5 -5
right_child=3 -3 -4 4 -6 -7
leaf_value=-0.025222570859281951 -0.037290575367335203 0.028908982918429773 0.024295648619230531 -0.0098450640892170163 -0.019000687986438971 0.032303257414584466
leaf_weight=8.4468757736030984 5.773524680407716 10.495308264158664 4.9310330648440859 1.3678544617723676 4.5837751943618059 1.7333195344544945
leaf_count=1101 1033 315 262 167 762 57
internal_value=-0.0016677 0.0109442 -0.00586339 -0.0219563 -0.00320049 0.0180129
internal_weight=37.3317 23.8732 13.3779 13.4585 7.68495 3.10117
internal_count=3697 1678 1363 2019 986 224
is_linear=0
shrinkage=0.05


Tree=45
num_leaves=7
num_cat=0
split_feature=59 12 44 51 27 43
split_gain=4.97306 2.0671 2.03003 1.38666 1.1155 1.00016
threshold=1.0000000180025095e-35 0.52995980449782987 0.42589838285947318 1.0000000180025095e-35 -0.74972330467299531 2.0729639706516196
decision_type=2 2 2 2 2 2
left_child=4 2 3 5 -1 -2
right_child=1 -3 -4 -5 -6 -7
leaf_value=-0.011063456771486846 -0.034624177687081516 0.015971489713145826 0.0021188849922928036 0.010844775548090433 0.025270986663436187 0.0081372209315157193
leaf_weight=0.74398366920650083 13.442118754843252 2.5814332049340001 7.1393053047358981 0.66625803755596358 11.483780633192506 0.38905009627342302
leaf_count=86 2269 170 668 47 449 2
internal_value=-0.00169173 -0.0143775 -0.0195023 -0.0286875 0.0213162 -0.0321854
internal_weight=36.4459 24.2182 21.6367 14.4974 12.2278 13.8312
internal_count=3691 3156 2986 2318 535 2271
is_linear=0
shrinkage=0.05


Tree=46
num_leaves=7
num_cat=0
split_feature=33 47 50 0 6 33
split_gain=3.29323 3.67734 3.7977 2.80309 1.6973 1.06343
threshold=0.29464438993615932 0.96527274207848213 2.1484087937713574 -0.82630478513189198 -1.2423835861934156 -0.81468718654458594
decision_type=2 2 2 2 2 2
left_child=1 2 3 -1 -3 -6
right_child=-2 4 -4 -5 5 -7
leaf_value=-0.016033737176775736 -0.030527978055428857 0.010824867491770808 -0.023611647805666658 0.031115754417807825 0.0059252970151362858 -0.03134214729996028
leaf_weight=1.8240670249797428 4.3394593072589478 2.7603345571551472 2.4118718942627302 17.325186416972432 1.3453372819349168 6.3928494676947576
leaf_count=242 853 193 479 795 59 1036
internal_value=-7.73159e-05 0.0063039 0.0173975 0.0250611 -0.0152824 -0.0250177
internal_weight=36.3991 32.0596 21.5611 19.1493 10.4985 7.73819
internal_count=3657 2804 1516 1037 1288 1095
is_linear=0
shrinkage=0.05


Tree=47
num_leaves=7
num_cat=0
split_feature=6 22 47 12 33 39
split_gain=3.20429 2.99469 2.25195 1.88876 1.68206 1.65779
threshold=0.39266741975111213 -1.7900328811776716 0.96527274207848213 -0.033046576257394288 -0.81468718654458594 -1.3131615744341776
decision_type=2 2 2 2 2 2
left_child=1 -1 5 4 -4 -3
right_child=-2 2 3 -5 -6 -7
leaf_value=-0.024581989394336312 -0.019466878421545528 -0.012065070441412432 0.011591882548188114 0.01892663740675482 -0.029769676190625774 0.030275034820660338
leaf_weight=2.6061525708064464 9.8527574820909631 1.0344991944730288 1.7967347274534411 3.0234629693441084 4.0694007810670882 14.878167573129756
leaf_count=490 1618 114 65 193 607 583
internal_value=0.0015828 0.0103237 0.0162483 -0.0034355 -0.0174654 0.0260453
internal_weight=37.2612 27.4084 24.8023 8.8896 5.86614 15.9127
internal_count=3670 2052 1562 865 672 697
is_linear=0
shrinkage=0.05


Tree=48
num_leaves=7
num_cat=0
split_feature=10 45 34 47 41 0
split_gain=3.53785 3.00735 1.79742 1.73342 1.39921 1.39655
threshold=0.22487551614171783 -0.72548612918283728 0.63623346840219452 0.96527274207848213 1.336970089714612 -0.82630478513189198
decision_type=2 2 2 2 2 2
left_child=1 -1 3 5 -2 -3
right_child=4 2 -4 -5 -6 -7
leaf_value=-0.024217554053186967 -0.037736938626984483 -0.0085087579748339102 -0.01640459807555586 -0.00099942269798257411 0.0079682632244240294 0.031289668361535621
leaf_weight=4.3193428178783533 5.3298908008728167 1.2908500428311533 2.3950809466186902 8.5699998771306127 0.95492591708898533 11.786101849516855
leaf_count=693 1106 136 409 748 116 467
internal_value=-0.00355978 0.00474528 0.0120581 0.0168207 -0.0304616 0.0265064
internal_weight=34.6462 28.3614 24.042 21.647 6.28482 13.077
internal_count=3675 2453 1760 1351 1222 603
is_linear=0
shrinkage=0.05


Tree=49
num_leaves=7
num_cat=0
split_feature=33 27 47 62 50 33
split_gain=3.19476 3.03362 1.86124 1.56239 1.49369 1.21404
threshold=-0.058947551058256227 -0.44793909662536341 0.96527274207848213 1.5045530077456954 2.1484087937713574 -0.81468718654458594
decision_type=2 2 2 2 2 2
left_child=1 -1 4 -2 -3 -4
right_child=3 2 5 -5 -6 -7
leaf_value=-0.019057021147513245 -0.03343184290509317 0.027525645337564748 0.01554291696977874 0.013558286250776647 -0.011520672877149196 -0.015469235775999955
leaf_weight=6.1273085325956371 5.8746151116210958 14.490072235930711 2.1983803426846862 0.48144180211238552 1.1655802302993841 5.3747557110618791
leaf_count=964 1183 557 66 42 200 653
internal_value=-0.00100096 0.00651323 0.0146664 -0.0266664 0.0232335 -0.00461103
internal_weight=35.7122 29.3561 23.2288 6.35606 15.6557 7.57314
internal_count=3665 2440 1476 1225 757 719
is_linear=0
shrinkage=0.05


Tree=50
num_leaves=7
num_cat=0
split_feature=40 33 47 32 0 61
split_gain=3.12211 2.64217 2.2154 1.65967 1.53061 1.35255
threshold=-0.67684099483737203 -0.11659048344514748 0.96527274207848213 0.58614276061917514 -0.77996953651108292 -1.7240741323845443
decision_type=2 2 2 2 2 2
left_child=-1 2 4 5 -2 -4
right_child=1 -3 3 -5 -6 -7
leaf_value=-0.024762369433039715 -0.0071086120241240884 -0.014676505016974761 0.012869470558573272 0.014520000372465959 0.032032123312038606 -0.027825857417252076
leaf_weight=5.6502841247711322 1.8244319136720157 6.623426885809752 0.8696051107253896 4.6807253460865468 12.859468126203863 3.9052594685927016
leaf_count=929 189 1143 42 233 510 650
internal_value=0.00221897 0.0089346 0.0163193 -0.00247446 0.0267881 -0.0183084
internal_weight=36.4132 30.7629 24.1395 9.45559 14.6839 4.77486
internal_count=3696 2767 1624 925 699 692
is_linear=0
shrinkage=0.05


Tree=51
num_leaves=7
num_cat=0
split_feature=40 10 1 27 55 41
split_gain=2.75787 2.89647 1.77077 1.9114 1.16164 1.10743
threshold=-0.67684099483737203 0.34085008552547069 1.6020790147655142 -0.44793909662536341 0.6561834799233458 1.336970089714612
decision_type=2 2 2 2 2 2
left_child=4 2 3 -2 -1 -3
right_child=1 5 -4 -5 -6 -7
leaf_value=-0.03094217909029557 -0.0075914825322611432 -0.026224168444043336 -0.015888427390411207 0.025489727250805051 0.0082129888879516107 0.011212268061429774
leaf_weight=4.2601260710507622 3.9314768337644699 4.2660156108904621 1.7068072566762555 20.295081727672372 1.1405574018135665 0.80836055241525162
leaf_count=844 518 867 200 1086 36 89
internal_value=0.00324547 0.00936659 0.0161192 0.0198764 -0.0226931 -0.0183104
internal_weight=36.4084 31.0077 25.9334 24.2266 5.40068 5.07438
internal_count=3640 2760 1804 1604 880 956
is_linear=0
shrinkage=0.05


Tree=52
num_leaves=7
num_cat=0
split_feature=29 4 11 42 56 44
split_gain=4.17253 2.96018 1.65531 1.06577 1.06144 1.10919
threshold=0.11640144401113052 -1.0157931250716448 -0.06492606685625997 1.3309298680935899 1.2512712487917492 2.2306299961808018
decision_type=2 2 2 2 2 2
left_child=1 -1 3 -3 5 -2
right_child=4 2 -4 -5 -6 -7
leaf_value=-0.021395990043421267 -0.032803286542234793 0.02591831126564316 -0.013601888414860817 -0.006884459228706126 0.0051043436339310109 0.0075983636513975335
leaf_weight=3.4819754750933525 9.3231079224497027 15.822162687545651 1.7322107241488947 1.590546627761795 1.8602689998224384 0.82286664191633541
leaf_count=521 1814 734 272 135 122 70
internal_value=-0.0025829 0.00987946 0.0176956 0.0223505 -0.0233491 -0.0285404
internal_weight=34.6331 22.6269 19.1449 17.4127 12.0062 10.146
internal_count=3668 1662 1141 869 2006 1884
is_linear=0
shrinkage=0.05


Tree=53
num_leaves=7
num_cat=0
split_feature=27 34 45 42 6 43
split_gain=3.53916 2.54223 1.54076 1.28571 1.19309 1.00182
threshold=-0.60483412955449889 0.67768397434119587 -0.65123789975899804 1.1508367431439801 0.39266741975111213 -0.73283833335178727
decision_type=2 2 2 2 2 2
left_child=-1 2 -2 4 5 -4
right_child=1 -3 3 -5 -6 -7
leaf_value=-0.029396251427821343 -0.010989192553919528 -0.020672594506432346 -0.0075041973549480837 -0.0072209205847547468 -0.0055139345633245049 0.029861375814797433
leaf_weight=5.8789969042409203 3.5665665313135895 4.2626703544519833 0.8203614740632571 2.9041666430421165 2.271900388179346 14.49977483041584
leaf_count=1128 454 814 81 271 281 626
internal_value=-0.00164261 0.00638129 0.0129342 0.0179687 0.0225733 0.0269593
internal_weight=34.2044 28.3254 24.0628 20.4962 17.592 15.3201
internal_count=3655 2527 1713 1259 988 707
is_linear=0
shrinkage=0.05


Tree=54
num_leaves=7
num_cat=0
split_feature=54 44 1 51 44 38
split_gain=2.66701 1.70392 1.43767 1.07395 1.06902 0.879162
threshold=0.32714512382774308 0.29672231389950959 -0.4600878134347523 1.0000000180025095e-35 0.47030233067827715 -0.1418026216660693
decision_type=2 2 2 2 2 2
left_child=1 3 -2 -1 -3 -4
right_child=2 4 5 -5 -6 -7
leaf_value=-0.025115540990501742 -0.012875633490212732 0.019132525521821733 0.026324435531046332 0.011413463586355603 -0.0079193275448320739 -0.0080533966083432603
leaf_weight=12.295933728571981 1.6470981377642608 3.374775381991638 8.8239458829630149 0.57424434716813344 5.878344921162352 0.79703841148875376
leaf_count=2145 175 223 318 36 638 92
internal_value=-0.00194746 -0.0116114 0.0154783 -0.0216363 0.00421566 0.0222391
internal_weight=33.3914 22.1233 11.2681 12.8702 9.25312 9.62098
internal_count=3627 3042 585 2181 861 410
is_linear=0
shrinkage=0.05


Tree=55
num_leaves=7
num_cat=0
split_feature=9 60 12 49 31 62
split_gain=2.40739 1.84676 2.25543 1.50421 2.64951 1.29533
threshold=-0.230993250259626 -0.30773570501821523 0.082637542376637188 -0.3563589200727057 2.7414612249790742 1.0972736291606253
decision_type=2 2 2 2 2 2
left_child=5 2 3 4 -2 -1
right_child=1 -3 -4 -5 -6 -7
leaf_value=-0.026297143105237675 -0.033917302667030663 0.024228792172630277 0.023585535516031916 0.008409641200792203 0.012525831331802035 0.0099151139810446671
leaf_weight=6.2549024396575978 6.3653368651866966 9.2343507022596878 3.828778288094326 5.1024086715187869 2.6830863142386079 1.5863180926535276
leaf_count=1286 1070 358 213 375 88 242
internal_value=0.00213524 0.00923946 -0.000822839 -0.0103974 -0.0204559 -0.0182547
internal_weight=35.0552 27.214 17.9796 14.1508 9.04842 7.84122
internal_count=3632 2104 1746 1533 1158 1528
is_linear=0
shrinkage=0.05


Tree=56
num_leaves=7
num_cat=0
split_feature=60 12 6 42 32 6
split_gain=2.25637 2.84554 1.65796 1.15879 1.15594 0.835184
threshold=-0.21932604002723152 -0.056322945923857136 0.30098188817697241 -0.85875908565313119 1.6182271348896513 0.98862337498302066
decision_type=2 2 2 2 2 2
left_child=1 4 -2 -3 -1 -5
right_child=2 3 -4 5 -6 -7
leaf_value=-0.027653058035863317 0.023955627679831198 -0.013268287599631773 -0.012577214054043022 0.02332374901147647 0.0059710889836281731 -0.009894417519483523
leaf_weight=12.684689477784557 7.4557057656347734 1.7188224741257725 2.2386455601081252 6.0346851018257457 1.9293185721617181 0.60385358287021507
leaf_count=2012 274 279 254 522 163 164
internal_value=-0.00300728 -0.0112371 0.0145408 0.00990142 -0.0229531 0.018163
internal_weight=32.6657 22.9714 9.69435 8.35736 14.614 6.63854
internal_count=3668 3140 528 965 2175 686
is_linear=0
shrinkage=0.05


Tree=57
num_leaves=7
num_cat=0
split_feature=29 32 12 61 12 0
split_gain=2.57973 2.1172 3.22372 1.77702 1.50869 1.11938
threshold=-0.22340560881047963 0.49983677557451178 0.14537974934481024 0.62329031386667577 -0.15972862584443234 -0.77996953651108292
decision_type=2 2 2 2 2 2
left_child=1 2 -1 -2 -5 -6
right_child=3 -3 -4 4 5 -7
leaf_value=-0.023319412466352055 -0.027588595362143861 0.02603596871245183 0.022389156732305116 -0.015180225395290443 -0.011855912642460442 0.026662956989100269
leaf_weight=6.0132950101979095 7.6642026538029295 8.4109128934796882 3.8155181992333382 3.5360344999935478 0.68091542739421118 3.5215491750277579
leaf_count=871 1281 246 203 565 161 321
internal_value=-0.000646315 0.0112762 -0.00448919 -0.0143015 0.00288911 0.0180831
internal_weight=33.6424 18.2397 9.82881 15.4027 7.7385 4.20246
internal_count=3648 1320 1074 2328 1047 482
is_linear=0
shrinkage=0.05


Tree=58
num_leaves=7
num_cat=0
split_feature=10 29 50 47 0 12
split_gain=2.52772 1.86676 1.77374 2.75043 1.36917 1.07022
threshold=0.2414759469530495 0.71791353422712234 2.1484087937713574 0.96527274207848213 -0.80006675278034944 0.33660045937605937
decision_type=2 2 2 2 2 2
left_child=1 2 3 4 -1 -5
right_child=-2 -3 -4 5 -6 -7
leaf_value=-0.0088745480674415015 -0.025611871970638068 -0.02364832055449325 -0.019366266048800124 -0.014758668008116732 0.029577395836029741 0.015315687431396214
leaf_weight=1.3121983068995184 5.4604610884562126 1.9897805540822435 1.9743069098331023 7.1603512226138264 13.778988720616331 1.4398131493944673
leaf_count=142 1188 430 435 843 556 79
internal_value=-0.00152194 0.00527547 0.00975808 0.014089 0.0253167 -0.00706494
internal_weight=33.1159 27.6554 25.6657 23.6914 15.0912 8.60016
internal_count=3673 2485 2055 1620 698 922
is_linear=0
shrinkage=0.05


Tree=59
num_leaves=7
num_cat=0
split_feature=10 22 11 1 32 0
split_gain=2.5103 2.14104 1.89716 1.79704 1.27863 1.07539
threshold=0.34085008552547069 -1.7900328811776716 0.68273668010615685 1.6020790147655142 1.4255095215080067 -0.80006675278034944
decision_type=2 2 2 2 2 2
left_child=1 -1 3 5 -2 -3
right_child=4 2 -4 -5 -6 -7
leaf_value=-0.022564006113577027 -0.033371995830698518 -0.0079771174301332057 -0.01856942953274527 -0.015113086155989962 0.0095925258693704326 0.023353187791327074
leaf_weight=2.7715025891084251 4.210802611662074 1.6473851120099521 2.1630659515503785 1.9946684457827348 0.81697909580543626 19.410606720484793
leaf_count=588 1024 184 412 238 70 1105
internal_value=-0.000536618 0.00596046 0.0111614 0.0157681 -0.0254148 0.0202131
internal_weight=33.015 27.9872 25.2157 23.0527 5.02778 21.058
internal_count=3621 2527 1939 1527 1094 1289
is_linear=0
shrinkage=0.05


Tree=60
num_leaves=7
num_cat=0
split_feature=40 12 33 55 31 31
split_gain=2.22933 2.39265 2.06658 1.98376 0.948791 1.06743
threshold=-0.36768878654196041 -0.20528689986026549 -0.81468718654458594 1.0000000180025095e-35 -0.18670031921811239 -0.68259014456927269
decision_type=2 2 2 2 2 2
left_child=3 2 -2 -1 5 -3
right_child=1 4 -4 -5 -6 -7
leaf_value=-0.026096600196337957 0.016169610096322309 0.01546774949755764 -0.02621127610159555 0.011787163974988572 0.026803231662721739 -0.015115608864528913
leaf_weight=9.3322631949558836 2.0380022774916142 2.8965869559906405 4.9504301617853335 2.8005065619945517 8.3976439144462365 2.5346604925580332
leaf_count=1652 55 292 697 113 482 411
internal_value=-0.00187332 0.00781416 -0.0127075 -0.016749 0.0186014 0.000895142
internal_weight=32.9501 20.8173 6.98843 12.1328 13.8289 5.43125
internal_count=3702 1937 752 1765 1185 703
is_linear=0
shrinkage=0.05


Tree=61
num_leaves=7
num_cat=0
split_feature=60 40 31 39 1 29
split_gain=2.82428 1.90748 1.24306 1.2067 1.02709 0.930945
threshold=-0.21932604002723152 -0.36768878654196041 -0.039527318456092662 0.35191568882098306 -0.92779575385130741 0.67793185426103919
decision_type=2 2 2 2 2 2
left_child=1 -1 -3 5 -2 -4
right_child=4 2 3 -5 -6 -7
leaf_value=-0.027632558067180776 -0.011744356483965823 -0.015352538734578997 0.026703369428452695 -0.0077873096499515753 0.022308851384110023 -0.0097347613863772147
leaf_weight=7.4271196871995935 0.74990228423848648 4.9678330903407195 5.1307052692864072 4.2075505258981138 9.0871341715101135 0.58444320270791639
leaf_count=1441 107 872 184 419 418 153
internal_value=-0.00167114 -0.0112316 0.000210705 0.00975772 0.0175749 0.0209088
internal_weight=32.1547 22.3177 14.8905 9.9227 9.83704 5.71515
internal_count=3594 3069 1628 756 525 337
is_linear=0
shrinkage=0.05


Tree=62
num_leaves=7
num_cat=0
split_feature=12 32 60 11 10 33
split_gain=2.40012 3.55124 1.55483 1.46105 1.73199 1.24595
threshold=-0.056322945923857136 1.0268884366933708 -0.25721538758473211 0.68273668010615685 0.22487551614171783 -0.058947551058256227
decision_type=2 2 2 2 2 2
left_child=1 2 -1 4 -2 -3
right_child=3 5 -4 -5 -6 -7
leaf_value=-0.031126157970403058 0.030379894664845586 0.020956392650002941 0.0038598710237972484 -0.010812722435499744 -0.014269410759360857 -0.012792340442026026
leaf_weight=9.3480328002478945 9.1457502439152414 7.5451458177994937 3.4588820619974276 1.9527682699263085 0.79973122663796026 1.4492756801191697
leaf_count=1767 546 315 245 382 197 237
internal_value=0.00179482 -0.00787638 -0.0227379 0.0175332 0.0243148 0.013679
internal_weight=33.6996 21.8013 12.8069 11.8982 9.94548 8.99442
internal_count=3689 2564 2012 1125 743 552
is_linear=0
shrinkage=0.05


Tree=63
num_leaves=7
num_cat=0
split_feature=37 27 12 8 60 27
split_gain=1.7065 1.93049 1.22295 1.93667 1.35867 1.07479
threshold=0.61000522470536278 -0.92854322645324328 -0.056322945923857136 0.3635552372386493 -0.25721538758473211 1.6338555153165031
decision_type=2 2 2 2 2 2
left_child=1 -1 3 4 5 -3
right_child=-2 2 -4 -5 -6 -7
leaf_value=-0.018981489492828147 -0.01805837723304192 -0.03230458849913892 0.025329039031489083 0.016995072866648999 0.0095221806728311518 0.0090799036949806757
leaf_weight=3.5505642720963868 7.1197559100110075 3.9339144369587355 7.0165210410486862 7.2840029764920473 2.4462731741368771 0.61009172652848054
leaf_count=732 1063 637 542 562 109 10
internal_value=-0.000513633 0.00591886 0.0119028 0.00205044 -0.0139493 -0.025347
internal_weight=31.9611 24.8414 21.2908 14.2743 6.99028 4.54401
internal_count=3655 2592 1860 1318 756 647
is_linear=0
shrinkage=0.05


Tree=64
num_leaves=7
num_cat=0
split_feature=59 33 49 29 15 29
split_gain=2.5416 1.35898 1.09075 2.03197 1.24289 1.29634
threshold=1.0000000180025095e-35 -0.81468718654458594 -0.3563589200727057 -1.4192077725633008 -0.80649847674524766 0.71791353422712234
decision_type=2 2 2 2 2 2
left_child=-1 -2 3 -3 -4 -6
right_child=1 2 4 -5 5 -7
leaf_value=0.016189757784716468 0.012760770927397223 0.010531404657380465 -0.017667777350091771 -0.031782238295983256 0.022368065375417186 -0.014902637877585138
leaf_weight=10.44488742854446 2.9063349682837716 2.078512958716602 3.0214746156707406 9.4660480648744887 4.1565659597981703 1.0126617876812813
leaf_count=539 177 220 397 1857 281 269
internal_value=-0.00154581 -0.0106644 -0.0153428 -0.0235631 -0.000545702 0.0122752
internal_weight=33.0865 22.6416 19.7353 11.5446 8.1907 5.16923
internal_count=3740 3201 3024 2077 947 550
is_linear=0
shrinkage=0.05


Tree=65
num_leaves=7
num_cat=0
split_feature=34 12 4 39 29 6
split_gain=2.40975 1.58454 2.9502 1.22758 1.03299 0.987035
threshold=0.4382101529201689 -0.02571640448463201 -0.52020817028245447 1.2879824404437032 1.0915474211851521 -0.093265897591828711
decision_type=2 2 2 2 2 2
left_child=1 2 -1 -4 -2 -3
right_child=4 5 3 -5 -6 -7
leaf_value=-0.026605352081085078 -0.027527051849977398 0.027940321002778424 0.016674544307536586 -0.01688429391023144 0.006713974579676216 -0.0068175859281766581
leaf_weight=4.8361918283626464 6.1126247579231849 6.7980829968582839 10.97638567537069 0.83751392504200417 1.5818388659972695 1.3034830384422109
leaf_count=773 1276 327 653 162 280 207
internal_value=-0.000448219 0.00735789 -0.00204724 0.011358 -0.020579 0.0220169
internal_weight=32.4461 24.7517 16.6501 11.8139 7.69446 8.10157
internal_count=3678 2122 1588 815 1556 534
is_linear=0
shrinkage=0.05


Tree=66
num_leaves=7
num_cat=0
split_feature=12 27 41 42 6 54
split_gain=2.63754 2.01873 1.56345 1.66344 1.44828 1.52994
threshold=-0.056322945923857136 0.0093797446214857073 -1.0607002386258109 -1.0004107495244539 0.53019571711232183 0.33383978137370257
decision_type=2 2 2 2 2 2
left_child=1 -1 -2 -4 5 -3
right_child=2 4 3 -5 -6 -7
leaf_value=-0.032759756959090156 -0.016602459539756403 -0.0073523375821015315 -0.01043360371838575 0.028896951968987922 -0.022911762554356577 0.022362779297376692
leaf_weight=5.0771839180961313 1.0970628929790098 7.1298141248989833 1.827813695417716 8.4092534144874644 2.5917038235347709 4.9884788263589144
leaf_count=1162 216 686 258 655 547 161
internal_value=-0.00226415 -0.0126631 0.014741 0.0211014 -0.00135229 0.00689011
internal_weight=31.1213 19.7872 11.3341 10.2371 14.71 12.1183
internal_count=3685 2556 1129 913 1394 847
is_linear=0
shrinkage=0.05


Tree=67
num_leaves=7
num_cat=0
split_feature=36 42 55 4 3 3
split_gain=2.75373 1.7334 1.29931 1.07608 1.10428 0.920317
threshold=-0.23853967197178619 1.0588256208313371 1.0000000180025095e-35 -1.1279575742732513 0.026879226152941089 -0.71849735770940948
decision_type=2 2 2 2 2 2
left_child=2 3 -1 -2 -5 -3
right_child=1 5 -4 4 -6 -7
leaf_value=-0.029014962024055846 -0.013448789174209478 0.006334499321448213 0.0073858303853554103 0.020913903566229769 -0.012499710400137393 -0.026577303874898046
leaf_weight=8.2605715396348387 1.0872372465673876 1.9455198487266896 1.8027193357702351 14.571176951518281 0.86148519348353225 2.4121603020466855
leaf_count=1837 204 119 110 856 176 372
internal_value=-0.00411068 0.00635461 -0.0222955 0.0135373 0.0173179 -0.0152919
internal_weight=30.9409 20.8776 10.0633 16.5199 15.4327 4.35768
internal_count=3674 1727 1947 1236 1032 491
is_linear=0
shrinkage=0.05


Tree=68
num_leaves=7
num_cat=0
split_feature=47 45 33 39 33 39
split_gain=1.97285 2.09645 2.7481 1.57013 1.52838 1.39311
threshold=0.96527274207848213 -0.65123789975899804 0.56412531086095796 -1.1222816031931391 -0.81468718654458594 1.2879824404437032
decision_type=2 2 2 2 2 2
left_child=1 -1 3 -3 -2 -5
right_child=4 2 -4 5 -6 -7
leaf_value=-0.018092226709220154 0.010180166477603812 -0.009166202811556003 -0.023185922097970775 0.030868527645385554 -0.026970471474624821 -0.012361551064808801
leaf_weight=4.0995178180746761 1.985213335836306 2.1171882161870661 1.7011869547422964 12.305044909822747 7.413330581388438 0.51182247535325665
leaf_count=681 80 229 435 676 1454 95
internal_value=-0.00257813 0.0060957 0.01391 0.0213074 -0.0185588 0.027125
internal_weight=30.1333 20.7348 16.6352 14.9341 9.39854 12.8169
internal_count=3650 2116 1435 1000 1534 771
is_linear=0
shrinkage=0.05


Tree=69
num_leaves=7
num_cat=0
split_feature=40 12 31 8 34 40
split_gain=1.79608 1.9648 1.71428 1.03635 1.49994 0.762579
threshold=-0.67684099483737203 -0.17744454427553938 -0.18670031921811239 0.3635552372386493 0.49944140160219636 1.1665820514084941
decision_type=2 2 2 2 2 2
left_child=-1 3 -3 -2 -5 -4
right_child=1 2 5 4 -6 -7
leaf_value=-0.020165464053654922 -0.024091320314937603 -0.0024362920476030349 0.031202817375154818 0.014128717515102605 -0.020568839377149227 -0.0054372728334321722
leaf_weight=4.8487474324647364 3.0311693511903304 6.8562736294698032 8.6090984293259609 6.002551389625296 1.7944148771930484 0.70280131069012064
leaf_count=918 422 936 481 377 467 76
internal_value=0.00123682 0.00671319 0.0165947 -0.00844075 0.00264694 0.0277864
internal_weight=31.8451 26.9963 16.1682 10.8281 7.79697 9.3119
internal_count=3677 2759 1493 1266 844 557
is_linear=0
shrinkage=0.05


Tree=70
num_leaves=7
num_cat=0
split_feature=40 37 47 32 37 9
split_gain=1.99049 1.94302 2.33049 1.60909 1.73432 1.025
threshold=-0.67684099483737203 0.61000522470536278 0.96527274207848213 0.64409994806372517 -1.0816014023599638 -1.2972340473754005
decision_type=2 2 2 2 2 2
left_child=-1 2 5 4 -4 -2
right_child=1 -3 3 -5 -6 -7
leaf_value=-0.023243339176075697 -0.0095770457079874839 -0.014966381902484369 0.01076298315428121 0.013058628671402884 -0.033630783219758216 0.028138225732572488
leaf_weight=4.4590296582318869 0.5934411142952748 5.9085311668459317 1.6218409922439656 3.8728422599378973 3.2601867796620301 11.447928246110679
leaf_count=906 133 881 187 175 723 697
internal_value=-0.000164414 0.00564743 0.0126526 -0.00604348 -0.0203996 0.0247401
internal_weight=31.1638 26.7048 20.7962 8.75487 4.88203 12.0414
internal_count=3702 2796 1915 1085 910 830
is_linear=0
shrinkage=0.05


Tree=71
num_leaves=7
num_cat=0
split_feature=42 27 41 42 41 36
split_gain=2.55542 2.22854 1.69703 1.87697 2.95837 0.883697
threshold=1.1508367431439801 -0.94323026043061498 -1.0839345500074311 -1.1302968424630679 0.92668393250901238 1.1068362790530812
decision_type=2 2 2 2 2 2
left_child=1 -1 5 -4 -5 -3
right_child=-2 2 3 4 -6 -7
leaf_value=-0.023004302636980667 -0.026471086078330836 -0.02194769671679438 -0.0068878629193273979 0.04279048843365274 0.0012673457854080706 0.008724843014979387
leaf_weight=2.6486886183265659 4.355719184386543 2.636027756379927 4.5971016645198786 7.3183511059032593 7.6647778338519856 1.8758474565111098
leaf_count=632 721 477 560 319 877 96
internal_value=-9.09006e-05 0.00644282 0.0118691 0.0178349 0.0253039 -0.0108038
internal_weight=31.0965 26.7408 24.0921 19.5802 14.9831 4.51188
internal_count=3682 2961 2329 1756 1196 573
is_linear=0
shrinkage=0.05


Tree=72
num_leaves=7
num_cat=0
split_feature=45 12 1 29 34 40
split_gain=1.88604 1.88467 1.23644 1.10063 0.737736 0.732045
threshold=-0.72548612918283728 -0.20528689986026549 0.43280916372412587 0.74409644692992705 1.1803523168709984 -0.67684099483737203
decision_type=2 2 2 2 2 2
left_child=-1 2 -2 5 -5 -3
right_child=1 3 -4 4 -6 -7
leaf_value=-0.022193327332825693 -0.025698033084819973 -0.008066678871376699 0.0044945373632901443 -0.019191649995583197 0.011480326442468027 0.022167478665294362
leaf_weight=4.0017952987691414 3.2167880018241721 0.74256600998342648 5.8491635455284268 1.6991806905716651 0.81743732281029213 14.891484563006083
leaf_count=812 658 127 402 464 140 1060
internal_value=0.00130573 0.00662129 -0.00994421 0.0151324 -0.00840363 0.0196639
internal_weight=31.2184 27.2166 9.06595 18.1507 2.51662 15.6341
internal_count=3663 2851 1060 1791 604 1187
is_linear=0
shrinkage=0.05


Tree=73
num_leaves=7
num_cat=0
split_feature=37 44 27 42 36 11
split_gain=2.61406 1.86009 1.2452 1.03849 0.801963 0.602072
threshold=0.61000522470536278 -0.042281700966365868 0.33094918369259146 0.49102788285656218 -0.55793768978440972 -0.10551218645872219
decision_type=2 2 2 2 2 2
left_child=1 2 -1 -4 -3 -6
right_child=-2 4 3 -5 5 -7
leaf_value=-0.021010153261360284 -0.025864326189723022 -0.0057913661391452431 0.018208718264029197 -0.015944466489377706 0.022655152451953361 -0.0057031412280244406
leaf_weight=5.8516737533500471 6.1014234629692501 2.4068785426206896 3.416403160430491 0.69703569426201273 11.223809472285209 0.94423517631366571
leaf_count=1137 1066 472 192 111 546 159
internal_value=-0.00282554 0.00509611 -0.00987942 0.00813773 0.0152737 0.0197618
internal_weight=30.6415 24.54 9.96511 4.11344 14.5749 12.168
internal_count=3683 2617 1440 303 1177 705
is_linear=0
shrinkage=0.05


Tree=74
num_leaves=7
num_cat=0
split_feature=29 45 41 12 16 31
split_gain=2.28653 1.35009 1.2043 1.44058 0.812071 0.964119
threshold=0.74409644692992705 -0.6883620144709176 -1.0607002386258109 -0.22052200158636767 1.4689526365835628 0.076208321419188943
decision_type=2 2 2 2 2 2
left_child=1 -1 -3 -4 -5 -6
right_child=-2 2 3 4 5 -7
leaf_value=-0.014932660605691326 -0.027035377236939159 -0.0098512656286938675 -0.005325185493864109 0.028768830179802432 -0.016373407478032773 0.014774926697469598
leaf_weight=4.0897449569311055 3.8265232973499215 4.0283325356431403 5.1962120390962907 9.3965513870352719 1.3996447131503362 2.7436381715815514
leaf_count=727 1047 465 507 648 191 115
internal_value=-0.00100508 0.00504808 0.0099585 0.0149895 0.0223375 0.00179535
internal_weight=30.6806 26.8541 22.7644 18.736 13.5398 4.14328
internal_count=3700 2653 1926 1461 954 306
is_linear=0
shrinkage=0.05


Tree=75
num_leaves=7
num_cat=0
split_feature=33 47 50 39 0 3
split_gain=1.48277 1.93257 2.04175 1.64567 1.44007 1.07507
threshold=0.27764070015600389 0.96527274207848213 2.1484087937713574 -1.3757098135979078 -0.80006675278034944 -0.71849735770940948
decision_type=2 2 2 2 2 2
left_child=1 2 3 -1 -5 -3
right_child=-2 5 -4 4 -6 -7
leaf_value=-0.015195055233788182 -0.024978821860190584 0.0076292830097388978 -0.020369265293696523 -0.0100595873153803 0.027064795413212744 -0.022664968791926737
leaf_weight=1.3473165777977651 3.2314934040186918 2.5002655875869095 1.8258967174915586 1.5123165157856497 13.176182489725754 6.3770798137411457
leaf_count=170 896 187 497 198 646 1085
internal_value=-0.00297745 0.00193305 0.0109318 0.0171443 0.0221846 -0.0143608
internal_weight=29.9706 26.7391 17.8617 16.0358 14.6885 8.87735
internal_count=3679 2783 1511 1014 844 1272
is_linear=0
shrinkage=0.05


Tree=76
num_leaves=7
num_cat=0
split_feature=29 22 12 11 42 53
split_gain=1.97922 1.76562 1.1332 0.977606 0.913691 0.852964
threshold=0.74409644692992705 -1.7900328811776716 -0.20528689986026549 0.68273668010615685 -1.0817384429222732 -0.32790658678402879
decision_type=2 2 2 2 2 2
left_child=1 -1 5 4 -4 -3
right_child=-2 2 3 -5 -6 -7
leaf_value=-0.021649944250988665 -0.025113172737958735 -0.0135270286551867 -0.0045216603429864373 -0.010415786336574763 0.024435970863697462 0.011418990666544095
leaf_weight=2.5368613278260517 3.8248374537797636 5.6445861149113679 2.2864252461586227 1.2075439190957684 12.523624200606708 2.8760898525360972
leaf_count=613 1051 701 207 222 816 119
internal_value=-0.000870092 0.00471809 0.00950568 0.0163852 0.0199568 -0.00432584
internal_weight=30.9 27.0751 24.5383 16.0176 14.81 8.52068
internal_count=3729 2678 2065 1245 1023 820
is_linear=0
shrinkage=0.05


Tree=77
num_leaves=7
num_cat=0
split_feature=32 12 37 1 40 9
split_gain=1.35506 1.80718 1.58004 1.02043 0.851018 1.09042
threshold=0.8846182899072027 -0.056322945923857136 0.61000522470536278 -0.9490552056884235 0.081833217055793675 1.399736049437361
decision_type=2 2 2 2 2 2
left_child=1 4 -2 -3 5 -1
right_child=2 3 -4 -5 -6 -7
leaf_value=-0.037192976284876653 0.022240392439189492 -0.0136672405693169 -0.0098051291159622599 0.015008441379894599 -0.0024698408057164255 0.0040216893290943214
leaf_weight=4.8891543480567652 6.4657258493825776 1.8986640700604764 4.2211885952856392 6.4704407062381524 4.9124196220654994 1.335248233284801
leaf_count=1171 257 334 537 658 682 78
internal_value=-0.00242903 -0.00979045 0.0102081 0.00661313 -0.0209049 -0.0299191
internal_weight=30.1928 19.5059 10.6869 8.3691 11.1368 6.2244
internal_count=3717 2923 794 992 1931 1249
is_linear=0
shrinkage=0.05


Tree=78
num_leaves=7
num_cat=0
split_feature=60 12 32 42 15 6
split_gain=1.45936 1.26081 1.5219 1.49725 0.835732 0.754674
threshold=-0.25721538758473211 -0.056322945923857136 0.96266517643844696 -0.85875908565313119 -0.26990340656964196 0.53019571711232183
decision_type=2 2 2 2 2 2
left_child=1 2 4 -3 -1 -2
right_child=5 3 -4 -5 -6 -7
leaf_value=-0.039872026987890025 0.018363261585317297 -0.020239418342958573 0.0032976525069746687 0.016590941921580227 -0.0064078577126365603 -0.0089360509574864626
leaf_weight=3.3376126509392661 7.2150373891927284 1.1342216759221626 5.3965373462997377 5.9754868263844427 4.6155815074453121 1.3645616176072506
leaf_count=840 325 271 473 659 882 205
internal_value=-0.00187231 -0.00889052 -0.0167467 0.00645296 -0.0275256 0.0128311
internal_weight=29.039 20.4594 13.3497 7.10971 7.95319 8.5796
internal_count=3655 3125 2195 930 1722 530
is_linear=0
shrinkage=0.05


Tree=79
num_leaves=7
num_cat=0
split_feature=59 49 37 31 36 12
split_gain=1.78628 1.66939 1.54784 1.48672 0.93646 0.817635
threshold=1.0000000180025095e-35 -0.3563589200727057 0.57439245360925073 2.7414612249790742 -0.78345276053502622 1.4448946291615377
decision_type=2 2 2 2 2 2
left_child=-1 3 4 5 -3 -2
right_child=1 2 -4 -5 -6 -7
leaf_value=0.012033611845474841 -0.032651381212949263 -0.010304357061760621 -0.016830024290248203 0.0075066109253172147 0.023481865618744716 0.0059545020365145713
leaf_weight=9.0803384619066509 8.7415834097191691 0.8559095978271215 2.7599594761850312 2.1822587710339567 4.9566550471354258 0.61071029631421048
leaf_count=535 2086 214 485 88 255 43
internal_value=-0.00395942 -0.0118065 0.00433477 -0.0222214 0.0166926 -0.0292965
internal_weight=29.1874 20.1071 8.57252 11.5346 5.81256 9.35229
internal_count=3706 3171 954 2217 469 2129
is_linear=0
shrinkage=0.05


Tree=80
num_leaves=7
num_cat=0
split_feature=37 40 39 9 39 12
split_gain=1.66422 1.57492 1.85418 1.06779 0.679545 0.659532
threshold=0.61000522470536278 -0.67684099483737203 0.35191568882098306 -1.2972340473754005 -1.3757098135979078 0.026105397052565836
decision_type=2 2 2 2 2 2
left_child=1 -1 3 -3 -5 -4
right_child=-2 2 5 4 -6 -7
leaf_value=-0.016357670766016033 -0.01755731900140103 -0.010332824777838576 -0.012717031976123656 -0.0066452102688435433 0.028546852206247204 0.011079726651673864
leaf_weight=3.3135325398761841 6.5859922784147775 0.70137610391248628 5.9491071056108913 0.41130946506746724 11.168701179325568 1.6386640437413005
leaf_count=700 1066 195 753 67 763 107
internal_value=0.000291965 0.00679348 0.0122937 0.0224821 0.0261867 -0.00589463
internal_weight=29.7687 23.1827 19.8692 12.2814 11.58 7.58777
internal_count=3651 2585 1885 1025 830 860
is_linear=0
shrinkage=0.05


Tree=81
num_leaves=7
num_cat=0
split_feature=12 31 8 30 61 33
split_gain=1.44696 1.23695 1.23338 1.55693 1.35679 0.9809
threshold=-0.05346252149028468 -0.12449508360760715 0.10920624701226535 0.76702118448606182 -0.81904379972461328 -0.81468718654458594
decision_type=2 2 2 2 2 2
left_child=2 -2 -1 4 5 -4
right_child=1 -3 3 -5 -6 -7
leaf_value=-0.023856365159848195 -0.0037547265042904934 0.025550249228887489 0.010548475741420206 -0.022130475315077808 0.019672106618665138 -0.022259583437250804
leaf_weight=5.5363257921999383 5.6909736822126433 4.4460607778746617 1.6325631807558241 2.5419741956284261 7.0363051267340744 2.2975424010073784
leaf_count=934 775 274 53 712 513 353
internal_value=-0.00125211 0.0119979 -0.00897773 0.000347347 0.0091921 -0.00996444
internal_weight=29.1817 10.137 19.0447 13.5084 10.9664 3.93011
internal_count=3614 1049 2565 1631 919 406
is_linear=0
shrinkage=0.05


Tree=82
num_leaves=7
num_cat=0
split_feature=37 32 12 49 11 41
split_gain=1.68847 1.74465 1.88969 1.05128 0.882402 0.818901
threshold=0.61000522470536278 0.68510844492958023 -0.056322945923857136 -0.3563589200727057 1.5137951776802905 -1.0607002386258109
decision_type=2 2 2 2 2 2
left_child=1 2 3 -1 5 -4
right_child=-2 -3 4 -5 -6 -7
leaf_value=-0.026653153190620334 -0.018774151616389463 0.021740891169524181 -0.0095866312639607959 0.0048309805359519117 -0.012656549930631249 0.023460303679130129
leaf_weight=5.4030987031292188 6.09293064684607 7.7878533244365817 0.62265192251652468 2.7018053431529552 0.73716745129786421 5.8159970433916923
leaf_count=1162 1038 350 109 293 186 488
internal_value=-0.000242557 0.00624933 -0.00391814 -0.017688 0.0122641 0.0182332
internal_weight=29.1615 23.0686 15.2807 8.1049 7.17582 6.43865
internal_count=3626 2588 2238 1455 783 597
is_linear=0
shrinkage=0.05


Tree=83
num_leaves=7
num_cat=0
split_feature=29 47 50 10 31 0
split_gain=2.09395 1.59834 1.37917 1.04116 0.989565 0.858539
threshold=0.67793185426103919 0.96527274207848213 2.1484087937713574 0.62564646733455498 2.7414612249790742 -0.80006675278034944
decision_type=2 2 2 2 2 2
left_child=1 2 3 5 -3 -1
right_child=-2 4 -4 -5 -6 -7
leaf_value=-0.0070738628270114387 -0.029305750887882693 -0.021866292025793335 -0.016234478494425851 -0.013181481968622242 0.0076730510472727085 0.022830406759129215
leaf_weight=1.4115090875420762 3.7553903608350074 5.7064527124166471 1.6544788957107819 0.76680479384958822 2.3787463140906766 12.708031343412586
leaf_count=149 1142 1091 448 144 92 605
internal_value=-0.00461671 0.00192184 0.0103475 0.0155293 -0.0134509 0.0191252
internal_weight=28.3814 24.626 16.5408 14.8863 8.0852 14.1195
internal_count=3671 2529 1346 898 1183 754
is_linear=0
shrinkage=0.05


Tree=84
num_leaves=7
num_cat=0
split_feature=12 31 40 0 27 60
split_gain=1.41312 1.45182 1.32606 1.0281 0.916041 0.890405
threshold=-0.056322945923857136 0.22682846370118617 -0.67684099483737203 -0.70851276755369075 0.78791141530150088 0.86850125016196311
decision_type=2 2 2 2 2 2
left_child=1 5 -2 -4 -3 -1
right_child=2 4 3 -5 -6 -7
leaf_value=-0.028838742402211678 -0.013255923729886796 -0.0096664021308499708 -0.0029328102915685749 0.028352280893034734 0.014043489490888253 0.0031431136166352718
leaf_weight=5.9854642865248078 1.9486562107922498 4.9003332686843333 3.0705548522528252 5.3857738077640525 5.6162361345486715 2.1539217667886987
leaf_count=1442 366 690 402 369 275 140
internal_value=-0.00137061 -0.00915665 0.0115146 0.0191992 0.00330219 -0.0218082
internal_weight=29.0609 18.656 10.405 8.45633 10.5166 8.13939
internal_count=3684 2547 1137 771 965 1582
is_linear=0
shrinkage=0.05


Tree=85
num_leaves=7
num_cat=0
split_feature=27 37 47 50 61 40
split_gain=1.50315 1.55366 1.67309 1.21061 1.12855 0.605411
threshold=-0.94323026043061498 0.61000522470536278 0.96527274207848213 2.1484087937713574 -1.551176837655506 -0.66333146034774104
decision_type=2 2 2 2 2 2
left_child=-1 2 3 5 -4 -2
right_child=1 -3 4 -5 -6 -7
leaf_value=-0.022999862231741351 -0.0022257837817561649 -0.013210792639797315 0.011364493248013389 -0.01140757262905385 -0.018124577514589731 0.028248713994108089
leaf_weight=2.958834589924666 1.3815396452555422 6.3524369455408296 3.1019718869356501 0.92673944158013988 4.4134393802378256 10.341010218602609
leaf_count=786 116 1009 163 243 808 554
internal_value=-0.000101788 0.00453115 0.0111074 0.0205964 -0.00618327 0.0249355
internal_weight=29.476 26.5171 20.1647 12.6493 7.51541 11.7225
internal_count=3679 2893 1884 913 971 670
is_linear=0
shrinkage=0.05


Tree=86
num_leaves=7
num_cat=0
split_feature=47 8 47 7 33 37
split_gain=1.86943 1.75626 2.02529 1.3746 1.05388 0.766094
threshold=0.96527274207848213 0.10920624701226535 -0.65924540254230768 0.9700758932056176 -0.81602000444276512 -1.0816014023599638
decision_type=2 2 2 2 2 2
left_child=1 2 -1 -3 -2 -6
right_child=4 3 -4 -5 5 -7
leaf_value=-0.018820349551684951 0.0082157230259821464 0.024520244225294148 0.023037187912601457 -0.010599626523902672 0.0040447308118957406 -0.030163336152917275
leaf_weight=7.5599812681321072 1.5690794133115558 9.2172884637257066 1.178445274941623 1.7552214049501333 1.2142750300699843 5.8302418645471352
leaf_count=1080 68 614 25 400 204 1272
internal_value=-0.00207764 0.00645876 -0.00873055 0.0178327 -0.0182343 -0.0248199
internal_weight=28.3245 19.7109 8.73843 10.9725 8.6136 7.04452
internal_count=3663 2119 1105 1014 1544 1476
is_linear=0
shrinkage=0.05


Tree=87
num_leaves=7
num_cat=0
split_feature=12 32 34 40 0 62
split_gain=1.76761 1.14079 1.37504 1.05302 0.986946 0.867088
threshold=-0.056322945923857136 0.64409994806372517 0.19069450157087228 -0.67684099483737203 -0.77996953651108292 0.4264001630494767
decision_type=2 2 2 2 2 2
left_child=1 5 -3 -2 -5 -1
right_child=3 2 -4 4 -6 -7
leaf_value=-0.027716461354579641 -0.0095566147961875184 0.014902831832973624 -0.015628735425585846 -0.0031582723024757876 0.028531102652129971 0.0013837665094310102
leaf_weight=5.4910574601963216 1.8846377481240768 6.2111208112910372 3.2247119731036946 2.6170497504062942 6.0596664564218363 3.2730441208695993
leaf_count=1202 349 250 548 360 407 561
internal_value=0.000232587 -0.00880542 0.0032155 0.0143099 0.0206173 -0.0192672
internal_weight=28.7613 18.1999 9.43583 10.5614 8.67672 8.7641
internal_count=3677 2561 798 1116 767 1763
is_linear=0
shrinkage=0.05


Tree=88
num_leaves=7
num_cat=0
split_feature=17 14 31 27 31 2
split_gain=1.07914 1.13165 0.979187 0.894432 0.87231 0.867484
threshold=1.0000000180025095e-35 1.0000000180025095e-35 0.21523353313398863 -0.87939713523939422 0.26711158857100731 -0.52960566919004992
decision_type=2 2 2 2 2 2
left_child=1 2 -1 -3 -4 -6
right_child=-2 3 4 -5 5 -7
leaf_value=-0.0169170615001525 0.018397913220724951 -0.010018657885371991 0.020491528840130491 0.02582868257590782 0.0051243170841788945 -0.019994402166597151
leaf_weight=11.565688380040237 3.4803809323348096 0.71094824012834612 1.6251231670612458 2.0959385433234266 6.6498789559118441 2.5804197324905536
leaf_count=1958 250 222 65 259 427 521
internal_value=-2.92585e-06 -0.00422695 -0.0084088 0.0162639 0.00235631 -0.00507985
internal_weight=28.7084 25.228 22.4211 2.80689 10.8554 9.2303
internal_count=3702 3452 2971 481 1013 948
is_linear=0
shrinkage=0.05


Tree=89
num_leaves=7
num_cat=0
split_feature=37 40 39 37 32 62
split_gain=1.63561 1.66324 1.17795 1.2888 0.891588 0.786527
threshold=0.61000522470536278 -0.67684099483737203 0.35191568882098306 -0.60305479075595703 -0.88713372748297925 0.51081527154663342
decision_type=2 2 2 2 2 2
left_child=1 -1 4 -4 -3 -5
right_child=-2 2 3 5 -6 -7
leaf_value=-0.018814687156476911 -0.020288278731686257 -0.0076564897378932619 0.014132277004963962 -0.026388291495778583 0.023381975160206053 0.0058587122905456365
leaf_weight=3.120898084715015 5.6681984715396529 1.2980928840115726 2.9430835649836808 2.7819591910811132 10.436064998386422 1.4504260695539413
leaf_count=729 1053 271 344 389 750 111
internal_value=-0.00170317 0.00493708 0.0108966 -0.00417798 0.0190885 -0.0174911
internal_weight=27.6987 22.0305 18.9096 7.17547 11.7342 4.23239
internal_count=3647 2594 1865 844 1021 500
is_linear=0
shrinkage=0.05


Tree=90
num_leaves=7
num_cat=0
split_feature=61 34 1 7 4 60
split_gain=1.15916 2.56015 1.31777 1.1964 1.44329 0.802804
threshold=0.63188342464051228 -0.063189847305510555 -0.82415592614536626 0.9700758932056176 -0.065431465507399089 -0.30773570501821523
decision_type=2 2 2 2 2 2
left_child=1 2 -1 4 -2 -4
right_child=3 -3 5 -5 -6 -7
leaf_value=-0.019506049383014971 -0.0072012787582392233 -0.029846937573359586 7.6938579016303858e-05 -0.012719753870440317 0.030003118430692196 0.023087587313555018
leaf_weight=1.6463158960687021 2.4120373784098774 5.1179425141308483 7.8896039247047138 1.666694398736581 5.0728803585516271 4.3314994832035154
leaf_count=428 317 1178 748 457 424 157
internal_value=-0.0006084 -0.00740595 0.00471164 0.0118403 0.0193838 0.0111756
internal_weight=28.137 18.9854 13.8674 9.15161 7.48492 12.2211
internal_count=3709 2511 1333 1198 741 905
is_linear=0
shrinkage=0.05


Tree=91
num_leaves=7
num_cat=0
split_feature=37 36 40 30 35 12
split_gain=1.28859 1.46304 1.02379 0.957386 0.76695 0.933281
threshold=0.61000522470536278 -0.55793768978440972 -0.67684099483737203 1.1377428043224935 -0.30895235561202644 -0.0085672243525131454
decision_type=2 2 2 2 2 2
left_child=1 3 -3 -1 5 -4
right_child=-2 2 4 -5 -6 -7
leaf_value=-0.02427921948865713 -0.018687287839538672 -0.010285108897881843 -0.0096151568797944471 0.010032538382244891 0.024479030635926546 0.016845419372076471
leaf_weight=3.5487546499352964 5.9330607539741314 2.8023004846181783 4.7511311868438559 1.003447836381383 6.8461045547155548 2.9018562904093415
leaf_count=876 1078 563 491 193 358 149
internal_value=-0.00258332 0.00351671 0.0101587 -0.015735 0.0151959 0.00233652
internal_weight=27.7867 21.8536 17.3014 4.5522 14.4991 7.65299
internal_count=3708 2630 1561 1069 998 640
is_linear=0
shrinkage=0.05


Tree=92
num_leaves=7
num_cat=0
split_feature=12 55 38 8 0 11
split_gain=1.10484 1.26889 0.965233 1.11393 0.904505 0.792877
threshold=0.18267219873577809 1.0000000180025095e-35 -0.24552060439371662 0.5144961330404243 -0.039163814585617823 0.085963105951506788
decision_type=2 2 2 2 2 2
left_child=1 2 4 -4 -1 -2
right_child=5 -3 3 -5 -6 -7
leaf_value=-0.032535176670273842 0.022521354386046015 0.011624249821300081 0.016621144336909109 -0.015851858792481646 -0.0060424303947770892 -0.0082468277994972236
leaf_weight=4.0286766047356712 3.6285642569418988 4.6702981115085995 3.4633663548156646 1.577975873602554 9.2659792243503016 1.2257615083362905
leaf_count=965 178 235 519 560 1005 259
internal_value=-0.00208485 -0.0068743 -0.012558 0.00433499 -0.0185825 0.0145697
internal_weight=27.8606 23.0063 18.336 5.04134 13.2947 4.85433
internal_count=3721 3284 3049 1079 1970 437
is_linear=0
shrinkage=0.05


Tree=93
num_leaves=7
num_cat=0
split_feature=31 55 12 42 12 33
split_gain=1.8636 1.90832 1.24813 0.974385 1.17702 1.31006
threshold=-0.18670031921811239 1.0000000180025095e-35 4.2979140387330466 0.44674721250056065 -0.039173765791738237 -0.81468718654458594
decision_type=2 2 2 2 2 2
left_child=1 2 -1 -2 5 -5
right_child=3 -3 -4 4 -6 -7
leaf_value=-0.03165189574398105 0.01552115957533058 0.013786261164294085 0.010242596193865468 0.011106616610137487 0.014542144447610126 -0.02871565711543337
leaf_weight=6.6898908154107648 12.00539634213783 2.0904377466067672 0.68386580259539176 1.1976292934268706 1.9592238094191987 3.0322987959953029
leaf_count=1688 1137 88 35 36 120 563
internal_value=-0.000664542 -0.0159491 -0.025928 0.00841815 -0.00592897 -0.0175105
internal_weight=27.6587 9.46419 7.37376 18.1945 6.18915 4.22993
internal_count=3667 1811 1723 1856 719 599
is_linear=0
shrinkage=0.05


Tree=94
num_leaves=7
num_cat=0
split_feature=40 33 40 47 6 53
split_gain=1.00045 1.28757 1.25796 1.04224 0.971206 0.852566
threshold=-0.36768878654196041 -0.75576554276365393 1.1665820514084941 0.96527274207848213 -1.1086831597754263 2.2069433931211546
decision_type=2 2 2 2 2 2
left_child=1 -1 3 5 -5 -2
right_child=2 -3 -4 4 -6 -7
leaf_value=0.0094886827895856261 0.025444472233223436 -0.020847136993354831 -0.016021964998999882 0.013354872082487085 -0.015949168128109991 -0.0060651984673279116
leaf_weight=3.3321923937182873 8.2317229812033492 6.5331624813843536 2.1947146405000231 2.1981922972481698 3.3791024575475594 1.4176539212930936
leaf_count=370 627 1361 404 129 616 119
internal_value=0.000158043 -0.0107774 0.00702409 0.0124362 -0.00376811 0.0204746
internal_weight=27.2867 9.86535 17.4214 15.2267 5.57729 9.64938
internal_count=3626 1731 1895 1491 745 746
is_linear=0
shrinkage=0.05


Tree=95
num_leaves=7
num_cat=0
split_feature=29 7 12 32 62 34
split_gain=1.27225 1.20587 1.5048 1.34623 0.867251 0.816868
threshold=0.74409644692992705 0.25459853042379238 0.18267219873577809 0.8846182899072027 -0.23831536201628803 1.4063061490502029
decision_type=2 2 2 2 2 2
left_child=1 2 3 -1 -3 -2
right_child=5 4 -4 -5 -6 -7
leaf_value=-0.019742627562673358 -0.026220403132050277 -0.007716010514671922 0.016640319403991535 0.0086247259558596412 0.025154052259939191 0.01043429038313465
leaf_weight=8.6063604319933891 2.8070763297146182 1.0710324984975157 4.6657088095089412 4.3964180725160977 6.1788921472616485 0.25942899438086886
leaf_count=1403 977 153 336 237 469 39
internal_value=0.00140171 0.00579138 -0.0018283 -0.0103325 0.019461 -0.0194929
internal_weight=27.9849 24.9184 17.6685 13.0028 7.24992 3.06651
internal_count=3614 2598 1976 1640 622 1016
is_linear=0
shrinkage=0.05


Tree=96
num_leaves=7
num_cat=0
split_feature=10 31 39 15 1 40
split_gain=1.61798 1.06884 1.01611 0.978854 0.913474 0.877567
threshold=0.34085008552547069 -0.17868072964890822 0.35191568882098306 -0.80649847674524766 1.62333846660263 -0.57723644335115176
decision_type=2 2 2 2 2 2
left_child=1 3 4 -1 5 -3
right_child=-2 2 -4 -5 -6 -7
leaf_value=-0.019587703314626302 -0.020748416275219644 -0.0031771013603367742 -0.0019912941132711379 0.0071096106035327747 -0.008222027985583219 0.031205368844113224
leaf_weight=3.6873807173688009 3.881725429208017 1.6358093634480599 6.6653697969159102 4.7139123445376763 0.9238655768567704 7.21703856275417
leaf_count=686 1151 224 658 634 117 259
internal_value=0.00106089 0.00633694 0.0129919 -0.00667885 0.0212759 0.0256561
internal_weight=28.7251 24.8434 16.4421 8.40129 9.77671 8.85285
internal_count=3729 2578 1258 1320 600 483
is_linear=0
shrinkage=0.05


Tree=97
num_leaves=7
num_cat=0
split_feature=41 40 41 42 42 7
split_gain=1.67144 1.38314 1.13799 0.957956 0.971725 0.663546
threshold=-1.0607002386258109 -0.67684099483737203 0.40658257715834573 -1.4010502278774912 1.0588256208313371 0.2651716958960128
decision_type=2 2 2 2 2 2
left_child=-1 -2 3 -3 -5 -4
right_child=1 2 5 4 -6 -7
leaf_value=-0.02038448907065241 -0.01512209017590231 -0.01026512031027718 -0.0097187209153134987 0.033074916531289716 0.00085549720494246793 0.010803152093499163
leaf_weight=4.1741946246475008 3.2701090436894509 0.58773006801493366 5.9151642285287362 6.6363036920083669 3.3057967515196651 4.0684128435095772
leaf_count=789 734 126 635 417 404 582
internal_value=0.00116106 0.00680217 0.0117806 0.0212335 0.0250434 -0.000791989
internal_weight=27.9577 23.7835 20.5134 10.5298 9.9421 9.98358
internal_count=3687 2898 2164 947 821 1217
is_linear=0
shrinkage=0.05


Tree=98
num_leaves=7
num_cat=0
split_feature=17 55 61 31 8 34
split_gain=1.14537 0.866513 1.02083 1.68212 1.04424 0.824028
threshold=1.0000000180025095e-35 1.0000000180025095e-35 0.73148539042816574 0.076208321419188943 -0.83498273272462886 0.57095431874956182
decision_type=2 2 2 2 2 2
left_child=1 2 3 -1 -5 -4
right_child=-2 -3 5 4 -6 -7
leaf_value=-0.03619017084906178 0.01525382775555283 0.0077541768783372274 0.013912614385559539 0.01788166928446969 -0.011394171105889712 -0.013269396834460529
leaf_weight=5.0079363185213976 3.0610082463826975 4.0877686511958009 3.7427295186789697 1.4491399716353042 6.9008873010752705 1.8568883165717123
leaf_count=1315 253 235 310 52 926 584
internal_value=-0.005026 -0.0091664 -0.0133759 -0.0197496 -0.00292989 0.00341422
internal_weight=26.1064 23.0454 18.9576 13.358 8.35003 5.59962
internal_count=3675 3422 3187 2293 978 894
is_linear=0
shrinkage=0.05


Tree=99
num_leaves=7
num_cat=0
split_feature=59 61 9 33 6 9
split_gain=1.34491 1.00759 1.15762 1.33344 0.993341 0.648945
threshold=1.0000000180025095e-35 0.62329031386667577 0.35191774220352606 0.45219778082679718 -1.1086831597754263 -0.67422002093193323
decision_type=2 2 2 2 2 2
left_child=5 4 3 -3 -2 -1
right_child=1 2 -4 -5 -6 -7
leaf_value=-0.0091496624401726165 0.0040919985976144635 0.027276858882233093 -0.015241972698236586 -0.012962083062152971 -0.023108649264770891 0.016853362286133478
leaf_weight=1.0306503936881197 3.590119197615425 3.4594109784811726 1.676714477362111 0.91921814333181817 8.6973360427655262 7.6996633041417244
leaf_count=134 473 389 242 396 1680 398
internal_value=-0.00152255 -0.00886641 0.00597535 0.0169938 -0.0159178 0.0122287
internal_weight=27.0731 18.3428 6.05534 4.37863 12.2875 8.73031
internal_count=3712 3180 1027 785 2153 532
is_linear=0
shrinkage=0.05


Tree=100
num_leaves=7
num_cat=0
split_feature=10 3 42 27 3 37
split_gain=1.46876 1.19701 1.17628 1.05536 0.876543 0.804837
threshold=0.34085008552547069 1.7001735980888308 1.1508367431439801 -0.94323026043061498 -0.71849735770940948 1.2866478755314936
decision_type=2 2 2 2 2 2
left_child=2 -2 3 -1 -4 -5
right_child=1 -3 4 5 -6 -7
leaf_value=-0.014358536253248694 -0.031012463230978501 0.012168883935785135 0.0073029336663388194 0.015875585471750924 -0.025691486540363545 -0.011358484243074547
leaf_weight=1.6559443926671615 2.993699388869572 0.39211008104030032 1.5701288935961204 17.166407766635533 2.191076483228243 0.96460816287435491
leaf_count=441 1038 77 101 1431 434 170
internal_value=-0.00121345 -0.0226441 0.00407855 0.00913983 -0.0147889 0.0130198
internal_weight=26.934 3.38581 23.5482 19.787 3.76121 18.131
internal_count=3692 1115 2577 2042 535 1601
is_linear=0
shrinkage=0.05


Tree=101
num_leaves=7
num_cat=0
split_feature=41 39 12 42 42 6
split_gain=1.34312 1.17587 1.15163 0.909801 0.79763 0.904451
threshold=-1.0607002386258109 -1.3131615744341776 -0.20528689986026549 -1.2896694897145193 0.63118343091792328 -0.46115409303306437
decision_type=2 2 2 2 2 2
left_child=-1 -2 -3 -4 -5 -6
right_child=1 2 3 4 5 -7
leaf_value=-0.016191315980494805 -0.017557339941260353 -0.0045954152884613913 -0.006812557094106636 0.029497218673013699 0.016427840414886284 -0.012300835556840306
leaf_weight=4.4281931318109882 1.3391885849414453 6.6362239453010323 1.8369739021873162 8.377329774259108 2.6964375650277361 2.3910793095128602
leaf_count=785 244 921 295 721 158 541
internal_value=0.00290416 0.00797062 0.0114536 0.0180262 0.0220388 0.00337129
internal_weight=27.7054 23.2772 21.938 15.3018 13.4648 5.08752
internal_count=3665 2880 2636 1715 1420 699
is_linear=0
shrinkage=0.05


Tree=102
num_leaves=7
num_cat=0
split_feature=12 59 44 16 41 11
split_gain=1.38602 1.34349 1.20111 1.09714 0.751 0.819039
threshold=-0.056322945923857136 1.0000000180025095e-35 1.277227806094767 1.4689526365835628 -1.0202869576357252 1.5137951776802905
decision_type=2 2 2 2 2 2
left_child=1 -1 -3 4 -2 -6
right_child=3 2 -4 -5 5 -7
leaf_value=0.0099175065935396666 -0.0072336567768043758 -0.021956864372125642 0.0094923494338376487 -0.0090318121032964566 0.029826285362957679 -0.0065944815743924634
leaf_weight=5.5960516731720444 0.77439473848789919 9.5215612305910344 2.1255783587694159 2.2516454849392176 6.4665908111492154 0.70991382549982507
leaf_count=345 163 2031 186 285 512 160
internal_value=0.0013836 -0.00696674 -0.0154488 0.0138726 0.0210563 0.0253415
internal_weight=27.4457 17.2432 11.6471 10.2025 7.9509 7.1765
internal_count=3682 2562 2217 1120 835 672
is_linear=0
shrinkage=0.05


Tree=103
num_leaves=7
num_cat=0
split_feature=61 29 33 30 12 6
split_gain=0.996347 2.43347 1.45446 1.10143 1.09702 0.80515
threshold=0.62329031386667577 -0.22340560881047963 0.56412531086095796 -1.3441180595094959 -0.23739315915671874 0.98862337498302066
decision_type=2 2 2 2 2 2
left_child=1 3 4 -1 -2 -6
right_child=2 -3 -4 -5 5 -7
leaf_value=-0.016025098126817967 -0.010433058965998273 -0.025723186329833083 -0.015264386181649917 0.013221033100808348 0.030585174215882666 -0.0075126655195217693
leaf_weight=1.4514063673559565 0.80661689292173822 5.8294727674219784 1.3859606208279727 11.024861656362193 6.3043021502671746 0.42689351097214956
leaf_count=378 129 1316 503 794 444 140
internal_value=0.00129449 -0.00530529 0.0127615 0.00737186 0.0207931 0.0265978
internal_weight=27.2295 18.3057 8.92377 12.4763 7.53781 6.7312
internal_count=3704 2488 1216 1172 713 584
is_linear=0
shrinkage=0.05


Tree=104
num_leaves=7
num_cat=0
split_feature=40 39 37 27 47 31
split_gain=1.3911 1.22345 1.57659 0.670996 0.66805 0.648029
threshold=-0.66661287316266116 1.2879824404437032 0.61000522470536278 -0.87939713523939422 0.96527274207848213 0.043232566796262376
decision_type=2 2 2 2 2 2
left_child=-1 2 3 -2 -5 -6
right_child=1 -3 -4 4 5 -7
leaf_value=-0.019575230551708473 -0.0053819467186662223 -0.017700232032251434 -0.010305114954680615 0.026056065530929536 -0.014504996387890337 0.010821609964703693
leaf_weight=3.7418036065646474 1.8317959435517064 1.9999196669086803 5.2081797268474466 9.6682568249525485 0.85014550969935854 4.6419305003946647
leaf_count=932 370 426 882 553 268 320
internal_value=0.000836201 0.00580312 0.00977551 0.0165531 0.0196547 0.00316196
internal_weight=27.942 24.2002 22.2003 16.9921 15.1603 5.49208
internal_count=3751 2819 2393 1511 1141 588
is_linear=0
shrinkage=0.05


Tree=105
num_leaves=7
num_cat=0
split_feature=10 27 1 4 6 27
split_gain=1.5136 1.18076 0.88534 0.751039 0.808601 0.509914
threshold=0.34085008552547069 -0.44793909662536341 1.5808195629283979 -0.10503353484751493 -0.19182784403402889 1.6338555153165031
decision_type=2 2 2 2 2 2
left_child=1 -1 3 4 -3 -5
right_child=-2 2 -4 5 -6 -7
leaf_value=-0.016499631260412095 -0.025671263045891381 0.0094259233163031687 -0.013380366468131677 0.025602556483585323 -0.01377871411014321 -0.0058300928532742467
leaf_weight=3.7483736581634792 3.2153734750463618 8.3306269090389922 1.7740942203672592 5.4718484105542258 2.6583018497331059 0.37956716935150314
leaf_count=861 1129 537 257 403 401 67
internal_value=-0.00380521 0.00200335 0.00750221 0.0113927 0.00206145 0.0222787
internal_weight=25.5782 22.3628 18.6144 16.8403 10.9889 5.85142
internal_count=3655 2526 1665 1408 938 470
is_linear=0
shrinkage=0.05


Tree=106
num_leaves=7
num_cat=0
split_feature=42 42 33 39 43 4
split_gain=1.20952 1.29726 1.20168 1.08753 0.964637 1.01429
threshold=-1.0817384429222732 0.63118343091792328 -0.81468718654458594 -0.39057504676915833 -0.65535236490582649 -1.0157931250716448
decision_type=2 2 2 2 2 2
left_child=-1 4 -3 -4 -2 -6
right_child=1 2 3 -5 5 -7
leaf_value=-0.015821657920148433 -0.01128442791475277 0.015528717371898324 0.0050741102227713775 -0.026417568430950347 -0.0098199064582080303 0.023532185953635182
leaf_weight=4.5109291478293043 1.0204858413198987 1.8955557335866613 3.1587818654952571 3.9973365133046155 1.0013298792764569 11.559485733159812
leaf_count=765 226 79 429 780 222 1174
internal_value=0.00204151 0.00703681 -0.00643733 -0.0151241 0.015557 0.0194928
internal_weight=27.1439 22.633 9.05167 7.15612 13.5813 12.5608
internal_count=3675 2910 1288 1209 1622 1396
is_linear=0
shrinkage=0.05


Tree=107
num_leaves=7
num_cat=0
split_feature=15 15 8 12 61 31
split_gain=0.972074 1.34939 1.34805 1.32715 1.03565 0.896129
threshold=0.80329679500201812 -0.80649847674524766 0.16527555149390175 0.33660045937605937 0.73148539042816574 3.0209360870532929
decision_type=2 2 2 2 2 2
left_child=1 2 3 5 -2 -1
right_child=4 -3 -4 -5 -6 -7
leaf_value=-0.028336109465589805 -0.019050597639241367 0.030379023317799615 0.012738082075191316 0.011674151397066781 0.0077752624003137542 0.0085641267701849627
leaf_weight=4.7734131094766798 6.404832489788534 1.9870780603960145 7.7084711411735043 2.0301509764976799 3.7098784582922235 0.62113736476749171
leaf_count=921 1312 58 708 157 530 10
internal_value=0.00100472 0.00782169 0.000323811 -0.0125216 -0.00968352 -0.0225452
internal_weight=27.235 17.1203 15.1332 7.4247 10.1147 5.39455
internal_count=3696 1854 1796 1088 1842 931
is_linear=0
shrinkage=0.05


Tree=108
num_leaves=7
num_cat=0
split_feature=10 12 4 34 62 11
split_gain=1.63365 1.39112 1.48114 1.06466 0.994021 0.873648
threshold=0.34085008552547069 -0.045784821515312671 -0.52745560780875012 0.61097456634561575 -0.83281325377286464 0.81704802736201643
decision_type=2 2 2 2 2 2
left_child=1 2 -1 4 -4 -3
right_child=-2 5 3 -5 -6 -7
leaf_value=-0.025532371055366595 -0.024713382043430716 0.021908712488471555 -0.0087968678600169239 -0.018685156715344826 0.018247163211771288 -0.0089821139804770259
leaf_weight=3.1580658627208349 3.2412976422929196 7.7322236191248521 2.8895500819198796 1.2196036878740422 7.3791860993951532 1.1384834616910664
leaf_count=670 1101 555 238 359 519 263
internal_value=-0.00184081 0.00375094 -0.00558147 0.0040541 0.0103688 0.0166761
internal_weight=26.7584 23.5171 14.6464 11.4883 10.2687 8.87071
internal_count=3705 2604 1786 1116 757 818
is_linear=0
shrinkage=0.05


Tree=109
num_leaves=7
num_cat=0
split_feature=14 31 39 42 45 55
split_gain=1.07886 1.04606 1.07924 0.91152 0.749301 0.747572
threshold=1.0000000180025095e-35 0.076208321419188943 1.2879824404437032 1.0588256208313371 1.3163401799727417 1.0000000180025095e-35
decision_type=2 2 2 2 2 2
left_child=1 4 3 -3 5 -1
right_child=-2 2 -4 -5 -6 -7
leaf_value=-0.025867017987871783 0.017785109144365142 0.016124906207074147 -0.018647113712539184 -0.010092603206862637 0.0081857019369073001 0.0036167934976072307
leaf_weight=7.296366861497523 2.6756363818421951 8.7028052255045605 1.4967447851086024 2.3044930649921289 1.1060321604600165 1.871114852488972
leaf_count=1694 463 654 361 264 124 111
internal_value=-0.00220878 -0.00635392 0.00331005 0.00965 -0.0162058 -0.0204412
internal_weight=25.4532 22.7776 12.504 11.0073 10.2735 9.16748
internal_count=3671 3208 1279 918 1929 1805
is_linear=0
shrinkage=0.05


Tree=110
num_leaves=7
num_cat=0
split_feature=42 15 1 44 53 36
split_gain=1.17822 1.31213 1.06838 0.837839 0.800358 0.720904
threshold=-1.0004107495244539 0.80329679500201812 -0.9490552056884235 0.60854064262897356 1.7517131020551291 1.7950080809076829
decision_type=2 2 2 2 2 2
left_child=4 2 -2 5 -1 -4
right_child=1 -3 3 -5 -6 -7
leaf_value=-0.029606038583004198 -0.014974096481206784 -0.011570222971341554 0.024195640233309154 -0.0070672917563024129 0.0042794660997603979 -0.0050257616126235423
leaf_weight=2.4892670560511787 0.99366318812827081 7.1801412975182748 9.7325476360274426 1.9218724536476663 1.5713842350523917 1.4364972101757292
leaf_count=688 335 1416 782 190 95 170
internal_value=-0.00245537 0.00302509 0.0111908 0.0155983 -0.0202463 0.020169
internal_weight=25.3254 21.2647 14.0846 13.0909 4.06065 11.169
internal_count=3676 2893 1477 1142 783 952
is_linear=0
shrinkage=0.05


Tree=111
num_leaves=7
num_cat=0
split_feature=59 38 61 34 43 37
split_gain=0.795725 1.12865 0.978072 0.749251 0.746818 0.568421
threshold=1.0000000180025095e-35 -0.25848535223467256 -1.5514893144109185 0.63623346840219452 2.0729639706516196 -1.633599354349702
decision_type=2 2 2 2 2 2
left_child=-1 2 -2 -3 -4 -5
right_child=1 3 4 5 -6 -7
leaf_value=0.0082148365839624562 0.0054034227217355868 0.018617390921968093 -0.025480834530955506 0.011589599663965271 0.0071579561579292184 -0.017118555678235278
leaf_weight=7.8471234306925934 3.0658285056706562 2.9186465998645845 8.9062744232942315 0.19308723893482227 0.73441867437213737 1.7102099641924722
leaf_count=529 252 375 1761 2 39 756
internal_value=-0.00310841 -0.00863729 -0.015527 0.00850995 -0.0218857 -0.00889715
internal_weight=25.3756 17.5285 12.7065 4.82194 9.64069 1.9033
internal_count=3714 3185 2052 1133 1800 758
is_linear=0
shrinkage=0.05


Tree=112
num_leaves=7
num_cat=0
split_feature=12 14 60 34 9 39
split_gain=1.00441 1.228 0.911979 0.700297 0.682048 0.644093
threshold=0.18267219873577809 1.0000000180025095e-35 -0.21932604002723152 -0.21981662886147615 -1.0427743391001234 0.35191568882098306
decision_type=2 2 2 2 2 2
left_child=1 2 5 -4 -2 -1
right_child=4 -3 3 -5 -6 -7
leaf_value=-0.0054988620041614544 -0.0091850974188972048 0.017508741767239003 0.015126279557649515 -0.0092807783438938474 0.020915847720871166 -0.028207737313536586
leaf_weight=9.2139225211576647 0.62922551413066674 2.1531985391629851 3.3259743974776939 2.7780461069196454 4.3544074890669426 3.928253215388394
leaf_count=1484 169 377 162 281 289 915
internal_value=-0.000334017 -0.00534043 -0.00991313 0.00462034 0.015092 -0.0162675
internal_weight=26.383 21.3994 19.2462 6.10402 4.98363 13.1422
internal_count=3677 3219 2842 443 458 2399
is_linear=0
shrinkage=0.05


Tree=113
num_leaves=7
num_cat=0
split_feature=12 8 32 0 16 30
split_gain=0.909929 0.938735 1.16121 0.80506 0.980644 0.785705
threshold=-0.05346252149028468 0.3635552372386493 1.0890070618058794 -0.80006675278034944 1.4689526365835628 0.76702118448606182
decision_type=2 2 2 2 2 2
left_child=1 2 -1 -2 -5 -3
right_child=3 5 -4 4 -6 -7
leaf_value=-0.02786180997085886 -0.0087889955451807 0.010765689515521325 0.0057186303283301336 0.023543070587784425 -0.0096695494033532982 -0.013690432648400572
leaf_weight=5.2527906988398234 2.4817431510309689 6.5061282129026932 2.4667462693760172 5.3332061704713833 1.1689413301646707 2.0916687092976645
leaf_count=1171 416 566 166 463 181 676
internal_value=-0.00206154 -0.00859552 -0.018534 0.00898694 0.0164044 0.00281371
internal_weight=25.3012 16.3173 7.71954 8.98389 6.50215 8.5978
internal_count=3639 2579 1337 1060 644 1242
is_linear=0
shrinkage=0.05


Tree=114
num_leaves=7
num_cat=0
split_feature=32 41 41 1 37 40
split_gain=1.09223 1.10407 1.59385 0.894242 0.830431 0.755707
threshold=0.64409994806372517 0.86603950964098686 -0.69474058327872901 1.4532628519057009 0.058007272715624475 -0.65748381443397308
decision_type=2 2 2 2 2 2
left_child=1 2 -1 5 -4 -2
right_child=3 -3 4 -5 -6 -7
leaf_value=-0.019678592676438671 -0.0097515100250987457 -0.028007641589852212 0.018887145483312301 -0.011416330050836952 -0.0095735768570497804 0.018737453823392269
leaf_weight=3.662740154308266 0.93212886981200327 2.8717704907758153 5.6245380497421165 2.1322075271746135 1.5106721874326465 8.5841669577639532
leaf_count=862 177 823 611 284 350 545
internal_value=-0.00196819 -0.0105496 -0.000826479 0.00820033 0.0118113 0.0142785
internal_weight=25.3182 13.6697 10.798 11.6485 7.13521 9.5163
internal_count=3652 2646 1823 1006 961 722
is_linear=0
shrinkage=0.05


Tree=115
num_leaves=7
num_cat=0
split_feature=45 40 61 36 39 51
split_gain=0.997916 1.25698 0.647669 1.47006 0.651195 0.568883
threshold=1.0000000180025095e-35 -0.67684099483737203 0.62329031386667577 0.22605351741397908 -1.1222816031931391 1.0000000180025095e-35
decision_type=2 2 2 2 2 2
left_child=1 -1 3 -3 -4 -2
right_child=5 2 4 -5 -6 -7
leaf_value=-0.013273273253012681 -0.015822442395038983 -0.01916857392820806 -0.0042036666550439644 0.014047683903976427 0.029680972775788558 0.010107104837624059
leaf_weight=3.6224526925361742 8.3373646702384541 2.2420290086884069 0.95142512978054572 6.243935106205754 3.6095791351981452 0.45651007641572583
leaf_count=898 1294 570 143 428 314 12
internal_value=-0.000822434 0.00615373 0.0130206 0.00255735 0.0237493 -0.0122478
internal_weight=25.4633 16.6694 13.047 8.48596 4.561 8.79387
internal_count=3659 2353 1455 998 457 1306
is_linear=0
shrinkage=0.05


Tree=116
num_leaves=7
num_cat=0
split_feature=12 41 61 29 33 39
split_gain=1.46037 1.34385 1.02653 1.50628 0.856146 0.685237
threshold=-0.20528689986026549 -0.95222911634253082 0.62329031386667577 -0.050077208510587397 0.56412531086095796 -1.3670824702649795
decision_type=2 2 2 2 2 2
left_child=-1 -2 3 -3 5 -4
right_child=1 2 4 -5 -6 -7
leaf_value=-0.01823247225651534 -0.015501988227863195 0.013133353153240546 -0.0055489117458836883 -0.019448644061220051 -0.0081590524999319881 0.033917321880295843
leaf_weight=7.1784687378676635 3.3012662677210818 5.7368161890190121 0.40348305867519219 2.9719914232264193 0.49770737451035518 4.3420865810476235
leaf_count=1267 608 457 71 759 198 289
internal_value=-0.00302801 0.00506162 0.0118096 -0.000119862 0.0244563 0.0297122
internal_weight=24.4318 17.2534 13.9521 8.70881 5.24328 4.74557
internal_count=3649 2382 1774 1216 558 360
is_linear=0
shrinkage=0.05


Tree=117
num_leaves=7
num_cat=0
split_feature=37 1 12 39 50 43
split_gain=0.991978 1.43468 0.687312 0.597823 0.629043 0.593704
threshold=0.43194136922480203 -0.9490552056884235 0.21459132746181067 1.4934210535590584 2.1484087937713574 -0.61583482474581264
decision_type=2 2 2 2 2 2
left_child=1 -1 -2 4 5 -3
right_child=2 3 -4 -5 -6 -7
leaf_value=-0.019067892548978324 -0.017689135774548573 -0.0063139367414788193 0.00913001050495643 -0.0093093492637075434 -0.0090530183269388678 0.019767958172044488
leaf_weight=1.8830803283490301 6.6934464205987743 1.0962715550558702 1.1169751153211107 1.0098440427100275 0.77083371020853597 13.288166700338472
leaf_count=624 1224 164 85 239 249 1100
internal_value=-8.09804e-05 0.00624964 -0.0123844 0.011722 0.0144301 0.0170336
internal_weight=25.8586 18.0482 7.81042 16.1651 15.1553 14.3844
internal_count=3685 2376 1309 1752 1513 1264
is_linear=0
shrinkage=0.05


Tree=118
num_leaves=7
num_cat=0
split_feature=59 43 49 43 15 40
split_gain=0.746256 0.85672 0.591488 0.628201 0.533976 0.494317
threshold=1.0000000180025095e-35 0.086968376512725834 -0.3563589200727057 -0.50115498395093794 0.80329679500201812 -0.34273111792078942
decision_type=2 2 2 2 2 2
left_child=4 2 -2 -4 -1 -3
right_child=1 5 3 -5 -6 -7
leaf_value=0.016894324263235349 -0.022738471475738584 -0.0093824779226657582 -0.014314265914262958 0.011556446700051199 -0.0047043937260439015 0.010250206583465961
leaf_weight=5.0505957509158206 5.0797482036869059 2.0745281801791862 1.0726215671747925 2.5497501252684742 2.7917764449957758 6.6404099612263945
leaf_count=252 1470 454 283 230 266 709
internal_value=-0.000633955 -0.00620451 -0.0152009 0.000881679 0.0100313 0.00437088
internal_weight=25.2594 17.4171 8.70212 3.62237 7.84237 8.71494
internal_count=3664 3146 1983 513 518 1163
is_linear=0
shrinkage=0.05


Tree=119
num_leaves=7
num_cat=0
split_feature=33 33 59 29 36 37
split_gain=1.038 1.03598 1.14972 1.04715 0.523452 0.462519
threshold=-0.11659048344514748 -0.21551718732819677 1.0000000180025095e-35 -0.71187204275986071 1.6904863731639936 -0.16813382374468766
decision_type=2 2 2 2 2 2
left_child=1 2 -1 4 -4 -2
right_child=5 -3 3 -5 -6 -7
leaf_value=0.012103355350539085 0.0035888676233622658 0.0233652964756993 0.0098957268213679065 -0.022103749872030405 -0.011244394483912049 -0.024238202258699978
leaf_weight=6.1836017678724664 1.0515657932846805 1.8994397808564816 5.2662295235786649 5.5221007039071948 1.6454037168296052 3.2800760516547589
leaf_count=338 248 153 603 1084 234 1077
internal_value=-0.00254423 0.00284157 -0.00220436 -0.0102895 0.00298292 -0.0187785
internal_weight=24.8484 20.5168 18.6173 12.4337 6.91163 4.33164
internal_count=3737 2412 2259 1921 837 1325
is_linear=0
shrinkage=0.05


Tree=120
num_leaves=7
num_cat=0
split_feature=8 12 29 61 33 39
split_gain=1.04423 1.45958 0.850547 0.805653 0.918903 0.666854
threshold=0.10920624701226535 0.61023881920827894 0.74409644692992705 -0.81904379972461328 -0.81468718654458594 -1.1740456631907088
decision_type=2 2 2 2 2 2
left_child=1 -1 3 4 -2 -5
right_child=2 -3 -4 5 -6 -7
leaf_value=-0.018758862166096887 0.013341373064709864 0.013596257328663175 -0.012020093576432094 -0.0058175358478492582 -0.017206397517240551 0.025123596755015732
leaf_weight=9.3742870574351418 1.7829873501323166 2.4018959818640715 1.9308329088380549 0.94284289400093158 2.2038985631661481 6.2168449852615595
leaf_count=1741 52 166 714 129 380 470
internal_value=-0.00125862 -0.010739 0.00768935 0.0129285 -0.00368243 0.0205344
internal_weight=24.8536 11.7762 13.0774 11.1466 3.98689 7.15969
internal_count=3652 1907 1745 1031 432 599
is_linear=0
shrinkage=0.05


Tree=121
num_leaves=7
num_cat=0
split_feature=12 9 27 0 27 55
split_gain=1.43958 0.704593 0.701081 0.673305 0.583331 0.578138
threshold=-0.056322945923857136 1.1665507483462203 1.478532206347176 -0.80006675278034944 1.7688388671588944 1.0000000180025095e-35
decision_type=2 2 2 2 2 2
left_child=2 3 5 -2 -4 -1
right_child=1 -3 4 -5 -6 -7
leaf_value=-0.019292059929511149 -0.003387079130280482 -0.0096221873667738881 0.015220796220399747 0.023231464541764831 -0.010573132915483681 0.003914703533387783
leaf_weight=9.6120615304098482 2.3023763124947427 1.1228888039477158 2.4148481065640222 5.9261952534434377 1.0272419432876629 2.2773029110394409
leaf_count=2098 395 148 113 578 188 148
internal_value=-0.00119489 0.0121231 -0.00997279 0.0168685 0.00618398 -0.0149539
internal_weight=24.6829 9.35146 15.3315 8.22857 3.44209 11.8894
internal_count=3668 1121 2547 973 301 2246
is_linear=0
shrinkage=0.05


Tree=122
num_leaves=7
num_cat=0
split_feature=42 42 6 41 41 62
split_gain=1.02702 1.15166 1.46761 1.12061 1.59603 0.747488
threshold=-1.1302968424630679 0.3814555565221362 -0.78090738439787677 -1.0839345500074311 0.84546534840248666 -0.17887412553652526
decision_type=2 2 2 2 2 2
left_child=-1 3 -3 -2 -5 -6
right_child=1 2 -4 4 5 -7
leaf_value=-0.020951479698322131 -0.0092218538416472765 0.0095962391831596605 -0.021932127098485774 0.034247556431085645 -0.017853383556092426 0.0095015807053646303
leaf_weight=3.3710609890986261 2.8965186688583335 4.1746305246488218 5.5647210372844667 3.8874097747029754 1.3299571630195703 3.0205525041674273
leaf_count=688 540 390 1129 222 281 431
internal_value=-0.00334286 0.00177632 -0.00934059 0.011419 0.0192008 -0.00273445
internal_weight=24.2449 20.8738 9.73935 11.1344 8.23792 4.35051
internal_count=3681 2993 1519 1474 934 712
is_linear=0
shrinkage=0.05


Tree=123
num_leaves=7
num_cat=0
split_feature=37 11 9 10 10 59
split_gain=0.804484 1.39897 0.856838 0.838134 0.913484 0.767053
threshold=0.23607112819618523 -0.06492606685625997 0.034011086281679308 0.26751882464789084 -0.90312566120739757 1.0000000180025095e-35
decision_type=2 2 2 2 2 2
left_child=1 3 -2 4 -1 -4
right_child=2 -3 5 -5 -6 -7
leaf_value=-0.0012883608436742894 0.0056791755535025041 -0.016257711026000977 0.0014790727295420473 -0.01228018617344136 0.025519181081615112 -0.028552000854650341
leaf_weight=4.3179357752087508 3.7056352442014013 2.811738045653331 2.7236430237535387 0.72505928319878954 6.6881029744399694 3.586558731214609
leaf_count=550 773 799 173 282 442 656
internal_value=-0.00159431 0.00556206 -0.0108722 0.0130377 0.0169787 -0.01929
internal_weight=24.5587 14.5428 10.0158 11.7311 11.006 6.3102
internal_count=3675 2073 1602 1274 992 829
is_linear=0
shrinkage=0.05


Tree=124
num_leaves=7
num_cat=0
split_feature=40 41 12 42 11 33
split_gain=1.07476 1.13817 1.28615 0.812556 1.00423 0.726548
threshold=-0.67684099483737203 -1.0607002386258109 -0.20528689986026549 -1.2896694897145193 0.87550667536084736 -0.81468718654458594
decision_type=2 2 2 2 2 2
left_child=-1 -2 5 -4 -5 -3
right_child=1 2 3 4 -6 -7
leaf_value=-0.018159198338174531 -0.013916172696813948 0.01042444444923471 -0.0076695132476855294 0.025034540610185209 -0.010523986804844431 -0.015945401164061918
leaf_weight=3.2115236467798267 3.5768892442574787 1.627351682516746 1.306010170315864 11.131171227956639 0.62833089730702418 3.9911752904881785
leaf_count=878 638 60 223 913 219 728
internal_value=0.000526717 0.00505893 0.0101143 0.0175879 0.0213817 -0.00733763
internal_weight=25.4725 22.2609 18.684 13.0655 11.7595 5.61853
internal_count=3659 2781 2143 1355 1132 788
is_linear=0
shrinkage=0.05


Tree=125
num_leaves=7
num_cat=0
split_feature=0 42 42 33 1 41
split_gain=0.780742 0.912084 0.801902 0.885755 0.957782 0.867345
threshold=-0.80006675278034944 -1.1302968424630679 0.6812960478535327 -0.81468718654458594 -0.19221872028708883 1.3603304082082748
decision_type=2 2 2 2 2 2
left_child=-1 -2 5 -4 -5 -3
right_child=1 2 3 4 -6 -7
leaf_value=-0.01593681051104729 -0.013029705583543933 0.01937789794795974 0.01471321288045177 0.0080594917409433139 -0.022898172076908613 -0.011893437861943862
leaf_weight=2.9507469079108004 3.3795327158877688 10.80025975918397 1.7477190262870861 2.1273671777453274 3.4373323227046049 0.57395139354048375
leaf_count=683 578 1206 53 350 627 180
internal_value=0.000382952 0.00421146 0.00870068 -0.00351275 -0.0123856 0.015647
internal_weight=25.0169 22.0662 18.6866 7.31242 5.5647 11.3742
internal_count=3677 2994 2416 1030 977 1386
is_linear=0
shrinkage=0.05


Tree=126
num_leaves=7
num_cat=0
split_feature=45 39 37 33 9 62
split_gain=0.934241 0.954055 1.23255 0.857677 0.627881 0.758134
threshold=-0.65123789975899804 1.2879824404437032 0.586233699998708 -0.14986852768321737 -1.2972340473754005 -0.73308881962120764
decision_type=2 2 2 2 2 2
left_child=-1 2 4 -4 -2 -6
right_child=1 -3 3 -5 5 -7
leaf_value=-0.013000727524743107 -0.0082644333063897051 -0.014188959492357853 0.0070797717047857076 -0.021725972915186884 0.0014176720880174701 0.026559540714489405
leaf_weight=4.1407777885906425 0.5652009827317731 1.7435025046579529 3.4157411429332569 1.7005626414902497 4.4184890569886255 9.422060301876618
leaf_count=1005 205 397 284 570 305 844
internal_value=0.00331383 0.00770513 0.01129 -0.00698622 0.0178663 0.0202156
internal_weight=25.4063 21.2656 19.5221 5.1163 14.4058 13.8405
internal_count=3610 2605 2208 854 1354 1149
is_linear=0
shrinkage=0.05


Tree=127
num_leaves=7
num_cat=0
split_feature=0 39 39 7 61 3
split_gain=1.15893 0.870712 0.70115 0.723265 0.740188 1.21882
threshold=-0.80006675278034944 1.2879824404437032 -1.3131615744341776 0.9700758932056176 0.63188342464051228 -0.56733042297201952
decision_type=2 2 2 2 2 2
left_child=-1 2 -2 4 5 -4
right_child=1 -3 3 -5 -6 -7
leaf_value=-0.019911194163863256 -0.011282799598825595 -0.015436052162564259 0.014792069364867625 -0.0094006025996286376 0.026829891884247333 -0.011691263169933196
leaf_weight=2.7843897600541849 1.6031795392627888 1.7642819448374201 8.5110031443182468 1.6773588949581597 4.7763828732422544 4.2545944324810945
leaf_count=687 258 436 556 523 379 845
internal_value=0.0003339 0.00487154 0.0083194 0.0112571 0.0143168 0.00542042
internal_weight=25.3712 22.5868 20.8225 19.2193 17.542 12.7656
internal_count=3684 2997 2561 2303 1780 1401
is_linear=0
shrinkage=0.05


Tree=128
num_leaves=7
num_cat=0
split_feature=12 4 4 0 12 39
split_gain=0.95102 0.93583 0.934045 0.613023 0.686506 0.550885
threshold=-0.056322945923857136 -0.52020817028245447 0.010925465573216353 -0.70851276755369075 2.7261241789543069 1.1876895741984119
decision_type=2 2 2 2 2 2
left_child=1 -1 5 4 -2 -3
right_child=3 2 -4 -5 -6 -7
leaf_value=-0.025502921440091808 -0.01641747851419607 0.014179754463525094 -0.01342051122572107 0.016049829457696622 0.011929680878736545 -0.010577705134997653
leaf_weight=2.9955874214065252 2.0504913701443006 6.2737675295211393 5.1198083555791527 5.8112395792850275 0.96990632801316667 0.58425845624878991
leaf_count=749 460 433 1201 616 45 160
internal_value=-0.00232897 -0.0093633 -0.00102722 0.00894739 -0.00590602 0.00949343
internal_weight=23.8051 14.9734 11.9778 8.83164 3.0204 6.85803
internal_count=3664 2543 1794 1121 505 593
is_linear=0
shrinkage=0.05


Tree=129
num_leaves=7
num_cat=0
split_feature=37 8 29 4 61 7
split_gain=0.800878 1.24397 1.0403 0.726211 0.725848 0.806648
threshold=0.586233699998708 0.22884663143098152 -0.59607159662594078 -1.2539232152213609 -0.81904379972461328 0.9700758932056176
decision_type=2 2 2 2 2 2
left_child=1 2 3 -1 -3 -6
right_child=-2 4 -4 -5 5 -7
leaf_value=-0.013911450610509295 -0.013107059633991842 -0.0013422085930076661 -0.018122812416548402 0.013102759903506192 0.030620876213015194 -0.0075918213589719775
leaf_weight=0.73165161639917631 5.4425599616952232 3.3077643809956498 4.8695243174443048 5.9003962381975752 4.3209012978477386 0.44762999069644127
leaf_count=282 1079 345 993 506 265 210
internal_value=3.44143e-05 0.00494384 -0.00537258 0.00671789 0.0171115 0.0254873
internal_weight=25.0204 19.5779 11.5016 6.63205 8.0763 4.76853
internal_count=3680 2601 1781 788 820 475
is_linear=0
shrinkage=0.05


Tree=130
num_leaves=7
num_cat=0
split_feature=61 29 33 39 1 12
split_gain=0.693625 1.30567 0.96289 0.881817 0.83151 0.498178
threshold=0.62329031386667577 -0.17305003547020445 0.56412531086095796 -1.1222816031931391 -0.82415592614536626 -0.23739315915671874
decision_type=2 2 2 2 2 2
left_child=1 4 3 -2 -1 -5
right_child=2 -3 -4 5 -6 -7
leaf_value=-0.015321208009303963 -0.0064579667764495642 -0.021283015486589996 -0.013138565430240848 -0.0043377195790751995 0.0098298037643588937 0.028322267749641195
leaf_weight=1.5136646419414326 1.7776050362735984 5.1762530309497388 1.217443427769467 0.53326397563796479 9.9994232009630668 4.3845389843918374
leaf_count=445 242 1270 507 85 797 365
internal_value=-0.000283765 -0.00586045 0.00985589 0.0168087 0.00403959 0.0244791
internal_weight=24.6022 16.6893 7.91285 6.69541 11.5131 4.9178
internal_count=3711 2512 1199 692 1242 450
is_linear=0
shrinkage=0.05


Tree=131
num_leaves=7
num_cat=0
split_feature=59 6 4 43 1 0
split_gain=0.983243 1.239 0.661084 0.609109 0.468317 0.443122
threshold=1.0000000180025095e-35 -1.1086831597754263 -1.2107854317166307 2.0729639706516196 -0.92779575385130741 3.4136495916758762
decision_type=2 2 2 2 2 2
left_child=4 2 -2 5 -1 -3
right_child=1 3 -4 -5 -6 -7
leaf_value=-0.010324668924589915 -0.011336273364931444 -0.023274014576486281 0.016118088620571184 0.0067162313746758394 0.012333919893523303 0.0047141608426194848
leaf_weight=0.49574151937849809 0.80119626625673834 10.272767407761416 3.4420620506862187 0.86690267850644964 7.1340967562282467 0.57264158292673606
leaf_count=80 308 2507 231 68 456 22
internal_value=-0.00438039 -0.0108335 0.00838605 -0.0180867 0.00836332 -0.021095
internal_weight=23.5854 15.9556 4.24326 11.7123 7.62984 10.8454
internal_count=3672 3136 539 2597 536 2529
is_linear=0
shrinkage=0.05


Tree=132
num_leaves=7
num_cat=0
split_feature=41 41 9 11 42 32
split_gain=0.788378 0.684072 0.976598 0.664085 0.755158 0.647635
threshold=0.40658257715834573 -1.0607002386258109 0.73676233145389802 0.87550667536084736 -1.36872395860497 1.0668924486048914
decision_type=2 2 2 2 2 2
left_child=1 5 3 4 -3 -1
right_child=-2 2 -4 -5 -6 -7
leaf_value=-0.018031896064189975 -0.012205015611602593 -0.0072337022364667037 -0.0059257814491630798 -0.006665632375369864 0.029769824502045683 0.0085420820495081314
leaf_weight=2.6297602719860143 9.0572463230928388 0.4508090423187231 4.0549845878267661 0.71949370187940065 4.8054954222752739 1.5608552509220315
leaf_count=654 1579 166 449 211 477 119
internal_value=-0.0026222 0.00454382 0.0108057 0.0203451 0.0251209 -0.00869968
internal_weight=23.2786 14.2214 10.0308 5.9758 5.2563 4.19062
internal_count=3655 2076 1303 854 643 773
is_linear=0
shrinkage=0.05


Tree=133
num_leaves=7
num_cat=0
split_feature=37 40 12 32 41 44
split_gain=1.16712 0.768079 0.791699 0.747463 0.57371 0.40799
threshold=0.61000522470536278 -0.67684099483737203 -0.20528689986026549 0.44781083262222371 -1.0607002386258109 3.281912753253049
decision_type=2 2 2 2 2 2
left_child=1 -1 3 -3 -4 -2
right_child=5 2 4 -5 -6 -7
leaf_value=-0.012348490384832876 -0.020537416913158784 -0.017792631318881393 -0.004775710672082125 0.0080232492018977586 0.019526719108403666 0.0062506032067735657
leaf_weight=2.4489573049941162 4.6022377653862341 2.1589803462266053 1.7431401585345216 3.4905183624941856 9.6562976981513078 0.31476578989531834
leaf_count=709 1026 566 260 180 924 24
internal_value=-0.000654028 0.00522186 0.00921582 -0.0045918 0.0155898 -0.0171038
internal_weight=24.4149 19.4979 17.0489 5.6495 11.3994 4.917
internal_count=3689 2639 1930 746 1184 1050
is_linear=0
shrinkage=0.05


Tree=134
num_leaves=7
num_cat=0
split_feature=29 4 14 12 56 47
split_gain=1.04001 0.938096 0.904003 0.727019 0.665565 0.462057
threshold=-0.22340560881047963 -1.0157931250716448 1.0000000180025095e-35 4.2979140387330466 1.0000000180025095e-35 0.96527274207848213
decision_type=2 2 2 2 2 2
left_child=1 3 4 -1 -2 -3
right_child=2 5 -4 -5 -6 -7
leaf_value=-0.022560633285834422 -0.022852158191387903 0.019564931968388155 0.010031091867951605 0.0096722526511295193 0.0045741019137091575 0.00032925006193618346
leaf_weight=1.5917463752557517 7.4071722128428483 5.6506927784066665 1.6860553321312188 0.70615039067342866 1.6921220574295146 5.0480912588536739
leaf_count=495 1831 303 415 26 127 504
internal_value=-0.00243461 0.00651099 -0.0122854 -0.0127873 -0.0178824 0.0125486
internal_weight=23.782 12.9967 10.7853 2.2979 9.09929 10.6988
internal_count=3701 1328 2373 521 1958 807
is_linear=0
shrinkage=0.05


Tree=135
num_leaves=7
num_cat=0
split_feature=29 38 32 12 12 10
split_gain=0.860314 0.927617 0.975284 1.71332 0.627522 0.433363
threshold=0.74409644692992705 -0.25848535223467256 1.0268884366933708 0.11343388768014608 -0.23739315915671874 -0.47917692960997765
decision_type=2 2 2 2 2 2
left_child=1 2 3 -1 -3 -5
right_child=-2 4 -4 5 -6 -7
leaf_value=-0.021093274627456179 -0.018586313357347919 -0.0079302992175742434 0.010968780298203161 0.017155738734099358 0.023490090968702051 -0.0074381520438432727
leaf_weight=7.9414067458710722 2.5772894193651146 0.47289408196229477 5.7287752345437175 3.2342819717014213 3.8342830245383075 0.57276392285712052
leaf_count=1433 1030 165 354 216 392 121
internal_value=-0.000925803 0.00316044 -0.00266965 -0.0101984 0.0182009 0.0118082
internal_weight=24.3617 21.7844 17.4772 11.7485 4.30718 3.80705
internal_count=3711 2681 2124 1770 557 337
is_linear=0
shrinkage=0.05


Tree=136
num_leaves=7
num_cat=0
split_feature=31 12 12 22 14 33
split_gain=1.09814 1.09714 0.93543 0.652404 0.547116 0.43856
threshold=0.043232566796262376 -0.20528689986026549 3.0429362346764282 -1.7900328811776716 1.0000000180025095e-35 -0.81468718654458594
decision_type=2 2 2 2 2 2
left_child=2 5 4 -3 -1 -2
right_child=1 3 -4 -5 -6 -7
leaf_value=-0.02153874855962562 0.0069010368236955616 -0.0089964039705798058 0.012875434238238267 0.020630289920913689 0.0041293797413897637 -0.014722753691241895
leaf_weight=8.0921641932218318 1.4463031804189084 0.50276939664036024 0.8721953004132964 7.0217818699311447 1.5008006918360486 3.6824200490955263
leaf_count=1860 61 178 33 505 392 630
internal_value=-0.00240938 0.00687015 -0.0126601 0.0166506 -0.0174959 -0.00832843
internal_weight=23.1184 12.6533 10.4652 7.52455 9.59296 5.12872
internal_count=3659 1374 2285 683 2252 691
is_linear=0
shrinkage=0.05


Tree=137
num_leaves=7
num_cat=0
split_feature=40 41 33 35 37 1
split_gain=0.906767 0.860005 0.771949 0.717634 0.699187 0.681805
threshold=-0.36768878654196041 -0.91315291081911887 0.56412531086095796 -0.30895235561202644 -0.9925694746196837 1.4532628519057009
decision_type=2 2 2 2 2 2
left_child=1 -1 3 4 -2 -5
right_child=2 -3 -4 5 -6 -7
leaf_value=0.0060559496406776729 0.012933745028862626 -0.02099551848587293 -0.014907902867870373 0.02042546214159657 -0.012812241104852429 -0.0082360021737096153
leaf_weight=2.9562950350809842 1.4095891577890141 4.9112086709938039 1.0367231756681565 8.6862147350911947 3.8525847764103665 0.82634930789936412
leaf_count=493 136 1241 487 743 435 114
internal_value=-0.000516884 -0.0119649 0.00617916 0.00992521 -0.00372353 0.016558
internal_weight=23.679 7.8675 15.8115 14.7747 5.26217 9.51256
internal_count=3649 1734 1915 1428 571 857
is_linear=0
shrinkage=0.05


Tree=138
num_leaves=7
num_cat=0
split_feature=7 12 45 35 29 10
split_gain=0.702893 1.11057 0.85227 0.696309 0.644885 0.609375
threshold=0.23472415923540832 0.11343388768014608 -0.50645385238251162 1.2795352957800306 -0.93965097431089317 -0.20993393309086808
decision_type=2 2 2 2 2 2
left_child=1 -1 -2 5 -3 -4
right_child=2 4 3 -5 -6 -7
leaf_value=-0.012966580348114185 -0.010973171170736385 0.020814550854244017 0.0002560059308082051 -0.009099188594057955 -0.0055635998965691911 0.028659335129312947
leaf_weight=10.485853136866355 1.4177355563151648 2.5243021000642329 2.6288780276081516 0.57693898933939625 2.2599569608573793 4.2365761497640042
leaf_count=1650 420 128 277 282 412 511
internal_value=0.0014253 -0.00487922 0.0107767 0.0168821 0.0110122 0.0211685
internal_weight=24.1302 15.2701 8.86013 7.44239 4.78426 6.86545
internal_count=3680 2190 1490 1070 540 788
is_linear=0
shrinkage=0.05


Tree=139
num_leaves=7
num_cat=0
split_feature=45 45 1 12 47 62
split_gain=0.682367 1.058 0.598335 0.542807 0.533032 0.533036
threshold=-0.65123789975899804 0.11599380428734059 -1.101414256196892 0.21459132746181067 0.96527274207848213 -0.33812532312690863
decision_type=2 2 2 2 2 2
left_child=3 2 -2 -1 5 -4
right_child=1 -3 4 -5 -6 -7
leaf_value=-0.019311851214593369 -0.009752980007686889 -0.0066756829903218094 -0.0015648789964099012 0.0072355225034724281 0.0004615490631415494 0.027070726077844449
leaf_weight=2.7814419496571676 0.49883708427660423 8.170833222626241 1.5904052982805295 1.0004292679950593 3.8776134452200495 6.2383462156867591
leaf_count=883 183 1181 140 116 693 436
internal_value=0.00201332 0.00587707 0.0139397 -0.012195 0.0167329 0.0224315
internal_weight=24.1579 20.376 12.2052 3.78187 11.7064 7.82875
internal_count=3632 2633 1452 999 1269 576
is_linear=0
shrinkage=0.05


Tree=140
num_leaves=7
num_cat=0
split_feature=35 29 4 33 42 44
split_gain=0.758984 1.41442 0.767954 0.746895 0.614221 0.559956
threshold=0.42737936780884911 -0.22340560881047963 -1.0157931250716448 0.14618224864368953 1.1508367431439801 1.3360124594190033
decision_type=2 2 2 2 2 2
left_child=1 2 -1 -2 -4 -3
right_child=3 5 4 -5 -6 -7
leaf_value=-0.012957563555374266 0.020452014989473209 -0.026564190543771068 0.015200592144669107 -0.0057746313698679571 -0.0080156785648251173 0.0048734461232173799
leaf_weight=2.1245053272577978 4.0410304031684054 4.3629012441961104 8.1329520863946509 2.6961567663238384 1.7294495590031136 0.73671692679636169
leaf_count=501 378 1051 601 890 197 57
internal_value=-5.0409e-05 -0.00559889 0.00433156 0.0114109 0.0102094 -0.0218997
internal_weight=23.8237 17.0865 11.9869 6.73719 9.8624 5.09962
internal_count=3675 2407 1299 1268 798 1108
is_linear=0
shrinkage=0.05


Tree=141
num_leaves=7
num_cat=0
split_feature=42 42 39 0 39 29
split_gain=0.877084 1.05894 0.80082 0.799977 0.63767 0.58266
threshold=-1.1302968424630679 0.6812960478535327 -1.2678680219363041 -0.77996953651108292 1.4206278441874758 -1.4192077725633008
decision_type=2 2 2 2 2 2
left_child=-1 2 -2 -4 -5 -3
right_child=1 5 3 4 -6 -7
leaf_value=-0.014250748908728409 -0.01040724390083808 0.010729077785609189 -0.0075683403584646293 0.024371017719503885 -0.0072612423012324533 -0.012413159032107431
leaf_weight=3.504171553358904 0.9893968752585377 1.2297632627887649 1.2559802004252585 10.33844957861583 0.47144385345745909 6.3882376868859856
leaf_count=696 191 125 304 1081 154 1113
internal_value=0.00229196 0.00654658 0.0140848 0.0177656 0.0217138 -0.00670147
internal_weight=24.1774 20.6733 13.0553 12.0659 10.8099 7.618
internal_count=3664 2968 1730 1539 1235 1238
is_linear=0
shrinkage=0.05


Tree=142
num_leaves=7
num_cat=0
split_feature=10 38 11 1 10 33
split_gain=1.57949 0.738767 0.873693 0.674222 0.530944 1.02069
threshold=0.2414759469530495 -0.25848535223467256 -0.31076762044826145 0.52422480662372528 -0.9145079978841123 -0.81305627403504899
decision_type=2 2 2 2 2 2
left_child=1 2 4 -3 5 -1
right_child=-2 3 -4 -5 -6 -7
leaf_value=0.011982705190731871 -0.024680489102798634 0.025110183984541529 -0.01663261304054893 -0.0059006084198603365 0.012492926347378037 -0.017390865618459674
leaf_weight=2.7217621424933958 2.9286711304448536 2.9839151848573229 3.509280345519076 1.1236834687879307 6.9350234171142793 3.3678302409825847
leaf_count=204 1203 301 758 225 527 496
internal_value=-0.0017586 0.00421277 -0.00134785 0.0177169 0.00511323 -0.00464046
internal_weight=23.5702 20.6415 16.5339 4.1076 13.0246 6.08959
internal_count=3714 2511 1985 526 1227 700
is_linear=0
shrinkage=0.05


Tree=143
num_leaves=7
num_cat=0
split_feature=31 55 37 40 61 33
split_gain=0.976355 0.810766 0.80855 0.714133 0.637861 0.60833
threshold=-0.18670031921811239 1.0000000180025095e-35 -0.83231200468717903 -0.34935704764322423 -0.81904379972461328 -0.73147528427571318
decision_type=2 2 2 2 2 2
left_child=1 2 -1 5 -5 -2
right_child=3 -3 -4 4 -6 -7
leaf_value=0.0054960947934396265 0.0080417270232711075 0.0090269899743734682 -0.025401863036403533 9.9213749169697685e-08 0.021898982337669588 -0.015992801314754595
leaf_weight=1.6729734905529765 2.4035545019432902 1.8294963077642021 4.5488454356673191 5.3524044956429888 5.7798516449984101 2.6448593240929812
leaf_count=388 231 97 1352 522 482 644
internal_value=0.000843553 -0.0110825 -0.0180086 0.00758302 0.0136051 -0.00581769
internal_weight=24.232 8.05132 6.22182 16.1807 11.1323 5.04841
internal_count=3716 1837 1740 1879 1004 875
is_linear=0
shrinkage=0.05


Tree=144
num_leaves=7
num_cat=0
split_feature=12 40 45 44 16 39
split_gain=0.625241 0.883859 0.614956 0.472762 0.4577 0.514456
threshold=-0.17744454427553938 -0.67684099483737203 -0.20574852321596268 1.277227806094767 -0.081245029135930333 0.35191568882098306
decision_type=2 2 2 2 2 2
left_child=3 -2 -3 4 -1 -6
right_child=1 2 -4 -5 5 -7
leaf_value=-0.020349842145675621 -0.012242099977889311 0.01952782278143262 -0.00073526693689846413 0.0082025540160508958 0.010462348300818767 -0.012387715819911221
leaf_weight=3.6544302523252572 2.2771898060454978 7.0014944118447593 5.6487048633280201 1.483462363539729 2.6104065277613699 1.3959828403312711
leaf_count=1037 619 697 802 114 156 228
internal_value=0.00110616 0.006936 0.0120732 -0.00777312 -0.0123044 0.000605425
internal_weight=24.0717 14.9274 12.6502 9.14428 7.66082 4.00639
internal_count=3653 2118 1499 1535 1421 384
is_linear=0
shrinkage=0.05


Tree=145
num_leaves=7
num_cat=0
split_feature=40 40 43 61 31 6
split_gain=0.734762 0.586894 0.605316 0.789316 0.891526 0.478111
threshold=-0.67684099483737203 0.77765049405033804 0.66502250979495658 0.62329031386667577 0.076208321419188943 -0.4325023644161457
decision_type=2 2 2 2 2 2
left_child=-1 2 3 4 -2 -6
right_child=1 -3 -4 -5 5 -7
leaf_value=-0.014522557657948611 -0.014431287160134965 -0.0086842963353727289 -0.00831476760087437 0.023504427682236942 0.016335245038783999 -0.0055504189763991817
leaf_weight=3.0243531073210788 2.627530001162091 3.6578663827967821 2.2002266113995566 5.4269982496625735 5.0384645931189933 1.8612315944046658
leaf_count=908 585 614 288 619 352 284
internal_value=0.00121629 0.00504487 0.00882927 0.0123195 0.00184525 0.0105385
internal_weight=23.8367 20.8123 17.1545 14.9542 9.52723 6.8997
internal_count=3650 2742 2128 1840 1221 636
is_linear=0
shrinkage=0.05


Tree=146
num_leaves=7
num_cat=0
split_feature=12 40 16 0 16 6
split_gain=0.82088 0.952414 0.520126 0.486877 0.511666 0.648906
threshold=-0.20528689986026549 -0.67684099483737203 -0.081245029135930333 -0.80006675278034944 1.4689526365835628 -0.27778302988478487
decision_type=2 2 2 2 2 2
left_child=2 -2 -1 -3 -5 -6
right_child=1 3 -4 4 5 -7
leaf_value=-0.020778743427900891 -0.013522698572998475 -0.0053972888433243106 0.001385740401480376 0.019596683368139269 0.011083978133637205 -0.01525233697626719
leaf_weight=3.0320764010539305 2.3379918699502058 2.1624512435519181 4.0934916443075053 8.654296295833765 2.1620022777933632 1.2928433815250162
leaf_count=907 655 376 370 1023 117 228
internal_value=0.000170886 0.00612343 -0.0114077 0.0111317 0.014569 -0.00127972
internal_weight=23.7352 16.6096 7.12557 14.2716 12.1091 3.45485
internal_count=3676 2399 1277 1744 1368 345
is_linear=0
shrinkage=0.05


Tree=147
num_leaves=7
num_cat=0
split_feature=39 29 42 39 11 0
split_gain=0.762478 0.971668 0.866361 0.751907 0.604083 0.681838
threshold=-0.37278115114499366 -0.18796560943644655 1.1508367431439801 -1.3131615744341776 0.81704802736201643 0.3209113102387417
decision_type=2 2 2 2 2 2
left_child=3 2 -2 -1 5 -5
right_child=1 -3 -4 4 -6 -7
leaf_value=-0.010641935457766736 0.008867268529341223 -0.022718642766972968 -0.01728618874143335 0.022162873608321886 -0.0093098136426129994 -0.0085996396330070817
leaf_weight=1.844752586155664 7.8725619364995492 3.9397713468642896 1.4841158718336371 6.6887655900791305 0.55996204167604435 0.54565192596055556
leaf_count=309 843 1151 256 731 227 138
internal_value=-0.00151244 -0.00851508 0.00152927 0.0078755 0.0139977 0.018002
internal_weight=22.9356 13.2964 9.35668 9.63913 7.79438 7.23442
internal_count=3655 2250 1099 1405 1096 869
is_linear=0
shrinkage=0.05


Tree=148
num_leaves=7
num_cat=0
split_feature=17 62 61 3 34 60
split_gain=0.649859 0.670334 0.845224 0.686851 0.507896 0.664609
threshold=1.0000000180025095e-35 -1.8403208303650802 0.62329031386667577 -0.21080463349704318 -1.3513128941716221 -0.20779548606225443
decision_type=2 2 2 2 2 2
left_child=1 -1 4 -4 -3 -6
right_child=-2 2 3 -5 5 -7
leaf_value=0.0091674000595889493 0.0118057048912475 0.0029514734398137146 -0.010414722865326541 0.01266834146665557 -0.029159698339867868 -0.00078343019110887948
leaf_weight=2.6659341453923906 2.5124864600365973 1.6234685019007944 3.2213336258428171 3.7685950846062033 5.8016576088848471 2.9167326297028922
leaf_count=137 252 271 522 667 1569 240
internal_value=-0.00429902 -0.00759848 -0.0111495 0.00209745 -0.0185614 -0.0222973
internal_weight=22.5102 19.9977 17.3318 6.98993 10.3419 8.71839
internal_count=3658 3406 3269 1189 2080 1809
is_linear=0
shrinkage=0.05


Tree=149
num_leaves=7
num_cat=0
split_feature=59 38 34 27 37 36
split_gain=0.913271 1.12641 0.633592 0.607574 0.489556 0.429089
threshold=1.0000000180025095e-35 -0.24552060439371662 0.63623346840219452 1.478532206347176 -1.633599354349702 0.17670911083291244
decision_type=2 2 2 2 2 2
left_child=5 3 -3 -2 -4 -1
right_child=1 2 4 -5 -6 -7
leaf_value=-0.0043985460835502506 -0.022603983880193454 0.01720235748778258 0.010221115473639235 0.0035767788492195385 -0.016942230002284241 0.014728857126319128
leaf_weight=3.0601436726283291 8.7763729897851572 2.5051791582955039 0.22655378829222161 1.8171566719538539 1.3575709174037909 4.3629744765348732
leaf_count=332 1866 355 3 175 763 201
internal_value=-0.00451354 -0.0110338 0.00759652 -0.0183148 -0.00891075 0.00784721
internal_weight=22.106 14.6828 4.0893 10.5935 1.58412 7.42312
internal_count=3695 3162 1121 2041 766 533
is_linear=0
shrinkage=0.05


Tree=150
num_leaves=7
num_cat=0
split_feature=34 7 6 4 37 37
split_gain=0.666259 0.683412 0.851698 0.9443 0.664019 0.634739
threshold=0.67768397434119587 0.25459853042379238 -0.46115409303306437 -1.0157931250716448 -1.6692121254458143 1.2154223333392695
decision_type=2 2 2 2 2 2
left_child=1 2 3 -1 -2 -3
right_child=4 5 -4 -5 -6 -7
leaf_value=-0.01316863236741289 0.010048116403488468 0.019087694261214528 -0.015457521349096618 0.013502004599268043 -0.022476289433887072 -0.0093319179723009293
leaf_weight=2.1692456303280805 0.23417934705503318 5.2702232844603705 5.0255031700944555 7.1519367457367471 2.5706840961938715 0.60186425707070146
leaf_count=521 8 480 885 561 1135 107
internal_value=-0.000903736 0.00298002 -0.00317379 0.00560008 -0.0159712 0.0140043
internal_weight=23.0236 20.2188 14.3467 9.32118 2.80486 5.87209
internal_count=3697 2554 1967 1082 1143 587
is_linear=0
shrinkage=0.05


Tree=151
num_leaves=7
num_cat=0
split_feature=33 39 39 37 33 35
split_gain=1.02575 1.04793 0.802533 0.694788 0.738791 0.63482
threshold=0.14618224864368953 -0.14092129907254572 -1.3757098135979078 -0.95695670352357154 -0.81602000444276512 -0.15079940546886769
decision_type=2 2 2 2 2 2
left_child=1 2 -1 -3 -5 -6
right_child=-2 3 -4 4 5 -7
leaf_value=-0.010448988694934909 -0.020967047313995676 0.010120812990812285 0.017851100420762486 0.0081538765228438663 -0.027328107177930491 0.00025789463459465904
leaf_weight=1.0599788957624685 2.326584445196203 2.106710507359824 8.947832235193351 1.539116590050982 3.6772507415153104 2.9518853311310433
leaf_count=185 1018 383 924 69 665 420
internal_value=-0.00129131 0.00337645 0.0131351 -0.00694889 -0.0128874 -0.0187911
internal_weight=22.6094 20.2828 10.0078 10.275 8.16825 6.62914
internal_count=3664 2646 1109 1537 1154 1085
is_linear=0
shrinkage=0.05


Tree=152
num_leaves=7
num_cat=0
split_feature=41 40 12 0 1 33
split_gain=0.657545 0.739511 0.77505 0.509218 0.537116 0.474936
threshold=-1.0363878663967154 -0.67684099483737203 -0.20528689986026549 -0.80006675278034944 1.6020790147655142 -0.81468718654458594
decision_type=2 2 2 2 2 2
left_child=-1 -2 5 -4 -5 -3
right_child=1 2 3 4 -6 -7
leaf_value=-0.010640669264030551 -0.010533621538436929 0.01008073589560636 -0.0040966162059617372 0.022434100469005874 -0.0072373106689571365 -0.010935116506457765
leaf_weight=4.012721215112836 2.5588018889247968 1.5491446278756482 1.5243867434910559 10.01725455792619 0.32371104089543301 3.9661246740142877
leaf_count=801 745 58 272 976 91 718
internal_value=0.00318898 0.00699974 0.0107516 0.01678 0.0200867 -0.00356027
internal_weight=23.9521 19.9394 17.3806 11.8654 10.341 5.51527
internal_count=3661 2860 2115 1339 1067 776
is_linear=0
shrinkage=0.05


Tree=153
num_leaves=7
num_cat=0
split_feature=46 37 33 38 62 26
split_gain=0.846564 1.21481 0.634797 0.668271 0.56825 0.51115
threshold=1.0000000180025095e-35 -0.60305479075595703 -0.81602000444276512 -0.15908787172502378 0.60498045336565098 -0.8331020607355264
decision_type=2 2 2 2 2 2
left_child=1 5 -3 -4 -2 -1
right_child=4 2 3 -5 -6 -7
leaf_value=-0.0082554360015168853 0.016323171341264386 0.0072155734818632571 -0.023481167648063107 0.0033228340219510245 -0.008142617697729844 0.017677195588697691
leaf_weight=0.70214939926518161 5.2485130548011503 1.2225407907972119 8.4252426354214531 2.0692932604870284 1.2345615229569373 3.0288857024279432
leaf_count=279 311 50 1689 648 132 546
internal_value=-0.00179667 -0.00785742 -0.0150142 -0.0186323 0.0105621 0.0112926
internal_weight=21.9312 15.4481 11.7171 10.4945 6.48307 3.73104
internal_count=3655 3212 2387 2337 443 825
is_linear=0
shrinkage=0.05


Tree=154
num_leaves=7
num_cat=0
split_feature=43 40 40 12 11 44
split_gain=0.57961 0.753128 0.940382 0.533013 0.456531 0.366407
threshold=0.45967406225324009 0.77765049405033804 -0.67684099483737203 -0.23739315915671874 1.5190584262001661 0.83634812034193107
decision_type=2 2 2 2 2 2
left_child=1 2 -1 5 -5 -4
right_child=-2 -3 3 4 -6 -7
leaf_value=-0.011338720987557905 -0.012402652653544771 -0.014705467008565849 -0.011845583939268699 0.018991371474612804 -0.006982360329184225 0.0093224527549428237
leaf_weight=2.7875308397633551 4.6702577177784397 1.8077044756500971 1.879102178558248 10.712650204543017 0.39852340176003131 0.73959101253421966
leaf_count=871 700 377 424 1157 161 29
internal_value=-0.000680722 0.00363121 0.00758992 0.0127771 0.0167734 -0.00408167
internal_weight=22.9954 18.3251 16.5174 13.7299 11.1112 2.61869
internal_count=3719 3019 2642 1771 1318 453
is_linear=0
shrinkage=0.05


Tree=155
num_leaves=7
num_cat=0
split_feature=12 8 47 29 27 9
split_gain=0.774896 0.983715 0.816078 0.692993 0.495301 0.492624
threshold=0.094881228269872539 0.10920624701226535 0.96527274207848213 0.67793185426103919 1.7434799595720654 -1.0427743391001234
decision_type=2 2 2 2 2 2
left_child=1 4 3 -3 -1 -2
right_child=5 2 -4 -5 -6 -7
leaf_value=-0.023519336972194334 -0.0086985470728974945 0.015589395626466258 -0.013322992106458329 -0.0095288447820602515 0.0057646365084121857 0.016103251737842862
leaf_weight=5.524404571275233 0.61821575759677205 6.5962235644110461 3.0493230509164269 1.5496385798905974 0.51407715305685986 4.3215669600176616
leaf_count=1323 213 453 737 543 18 386
internal_value=-0.00270729 -0.00763972 0.00180705 0.00953237 -0.0199404 0.0108854
internal_weight=22.1734 17.2337 11.1952 8.14586 6.03848 4.93978
internal_count=3673 3074 1733 996 1341 599
is_linear=0
shrinkage=0.05


Tree=156
num_leaves=7
num_cat=0
split_feature=29 61 9 62 12 39
split_gain=0.818318 1.3439 0.794225 0.625675 0.584716 0.467908
threshold=-0.22340560881047963 0.64145302527501247 0.28509926090860022 0.17939830556235209 -0.22655829912936445 -0.97453834861674216
decision_type=2 2 2 2 2 2
left_child=4 -2 3 -3 -1 -5
right_child=1 2 -4 5 -6 -7
leaf_value=-0.0051712089075238105 -0.021948279937542704 -0.0073158899191474672 -0.011396376017300395 -0.0037784213719707083 0.014511783852791088 0.028123235347532277
leaf_weight=3.6906132568255989 4.752883329842005 0.74166609015082974 1.4463063122238962 0.64186657284153659 8.8986952124978433 2.5339015641948208
leaf_count=585 1303 319 225 180 724 252
internal_value=0.00123456 -0.00810705 0.00763119 0.016552 0.00885689 0.0229722
internal_weight=22.7059 10.1166 5.36374 3.91743 12.5893 3.17577
internal_count=3588 2279 976 751 1309 432
is_linear=0
shrinkage=0.05


Tree=157
num_leaves=7
num_cat=0
split_feature=29 14 32 0 0 42
split_gain=0.871147 1.17048 0.676459 0.531447 0.471003 0.452432
threshold=-0.22340560881047963 1.0000000180025095e-35 -1.0648956759889738 -0.46436508524255055 -0.52763782113029156 1.3714266727360476
decision_type=2 2 2 2 2 2
left_child=2 3 -1 4 -2 -4
right_child=1 -3 5 -5 -6 -7
leaf_value=-0.012834236465927086 -0.010621261426734493 0.012823193712761397 0.014596014877649402 -0.024257467968156844 0.012421155140587449 -0.0070562242619948805
leaf_weight=0.93521880346815933 1.7128059670794757 1.9528242099913766 10.326953566342128 5.0881934719509427 1.1904511295142581 1.0661010772455473
leaf_count=389 436 422 779 1398 103 125
internal_value=-0.000608178 -0.0100966 0.00752358 -0.0176687 0.00033783 0.0115215
internal_weight=22.2725 9.94427 12.3283 7.99145 2.90326 11.3931
internal_count=3652 2359 1293 1937 539 904
is_linear=0
shrinkage=0.05


Tree=158
num_leaves=7
num_cat=0
split_feature=27 1 16 3 33 19
split_gain=0.788729 0.642488 0.522467 0.632594 0.506932 0.57213
threshold=-0.60483412955449889 1.2831872372087718 1.4689526365835628 -0.64719219981441423 0.56412531086095796 2.0818172176255678
decision_type=2 2 2 2 2 2
left_child=-1 2 4 -4 5 -2
right_child=1 -3 3 -5 -6 -7
leaf_value=-0.01622579716705877 0.018980012850593149 -0.011332887950485862 0.008186149203075992 -0.015649948046694194 -0.0078126676868991215 -0.0092076207103409854
leaf_weight=3.4435025392158449 9.5648120491532627 2.9055702678160733 3.2101962013402954 2.2183703937334931 0.79165828632540147 0.28486844641156572
leaf_count=1147 1026 446 206 386 413 43
internal_value=-0.000932227 0.00367932 0.00774948 -0.00365776 0.0130934 0.0162054
internal_weight=22.419 18.9755 16.0699 5.42857 10.6413 9.84968
internal_count=3667 2520 2074 592 1482 1069
is_linear=0
shrinkage=0.05


Tree=159
num_leaves=7
num_cat=0
split_feature=37 35 29 61 60 27
split_gain=0.849182 1.0419 0.867181 0.825365 0.749607 0.704543
threshold=-0.814505619139123 -0.30895235561202644 -0.22340560881047963 0.66000633262761466 0.11619197178799018 -0.94323026043061498
decision_type=2 2 2 2 2 2
left_child=5 4 -3 -4 -2 -1
right_child=1 2 3 -5 -6 -7
leaf_value=-0.0078928110885144124 -0.028520394374250808 0.015252980497463337 -0.018564514652474492 0.005617713584399199 0.0038986015888697618 0.022252074441864236
leaf_weight=1.0781640483182857 3.333510064519948 4.3175611593760594 3.7692285133234584 5.2071599514165428 1.5815971392439676 2.7970286906347637
leaf_count=427 697 211 1072 895 97 260
internal_value=-0.00135192 -0.00616339 0.00196715 -0.00664324 -0.0205648 0.0140807
internal_weight=22.0842 18.2091 13.2939 8.97639 4.91511 3.87519
internal_count=3659 2972 2178 1967 794 687
is_linear=0
shrinkage=0.05


Tree=160
num_leaves=7
num_cat=0
split_feature=43 45 39 39 37 62
split_gain=0.712883 0.656344 0.58102 0.585085 0.529815 0.73786
threshold=-0.65535236490582649 -0.6883620144709176 -0.92762716924394462 0.35191568882098306 -0.60305479075595703 0.51081527154663342
decision_type=2 2 2 2 2 2
left_child=-1 -2 -3 -4 -5 -6
right_child=1 2 3 4 5 -7
leaf_value=-0.016247928302507323 -0.010692325421758268 -0.007868119136752531 0.017992137581153096 0.011802853821717071 -0.019970609371604105 0.0087430674295013201
leaf_weight=1.9334727012901591 3.0055192665604435 2.4647141627501776 9.4920807613816489 2.0427858282928355 2.3132703089504516 1.605901082861237
leaf_count=485 891 382 1102 294 360 146
internal_value=0.00120158 0.00464921 0.00838683 0.0118369 -0.000705234 -0.00951552
internal_weight=22.8577 20.9243 17.9188 15.454 5.96196 3.91917
internal_count=3660 3175 2284 1902 800 506
is_linear=0
shrinkage=0.05


Tree=161
num_leaves=7
num_cat=0
split_feature=61 33 39 26 56 35
split_gain=0.522864 1.04601 0.868306 0.507245 0.557285 0.454343
threshold=0.62329031386667577 -0.76146368698474431 -0.97453834861674216 0.49198298997900114 1.0000000180025095e-35 1.2795352957800306
decision_type=2 2 2 2 2 2
left_child=1 -1 -2 4 -3 -4
right_child=2 3 5 -5 -6 -7
leaf_value=0.0087356060152773505 -0.0087506108498725879 -0.024976626865610987 0.021663617820674812 0.0025464353914227893 0.0036167318165162346 -0.0063530797064162946
leaf_weight=6.7789022146025681 2.4032949610264041 4.5804372448474169 5.1279935440106774 2.7939337237039581 1.3163863002555443 0.37075102858943854
leaf_count=619 441 1293 611 481 111 164
internal_value=0.00128323 -0.00398188 0.00984999 -0.0135978 -0.0195264 0.0181988
internal_weight=23.3717 15.4697 7.90204 8.69076 5.89682 5.49874
internal_count=3720 2504 1216 1885 1404 775
is_linear=0
shrinkage=0.05


Tree=162
num_leaves=7
num_cat=0
split_feature=33 35 3 61 4 36
split_gain=0.84246 0.694294 0.831583 0.738499 0.419967 0.422349
threshold=-0.11659048344514748 0.42737936780884911 -0.53468787242312932 0.11590618226604095 -1.2539232152213609 1.7950080809076829
decision_type=2 2 2 2 2 2
left_child=1 2 3 4 -1 -6
right_child=-2 -3 -4 -5 5 -7
leaf_value=-0.0080172806904351933 -0.015985746087531009 0.019179098647169712 -0.013933804300625309 -0.011001304877116834 0.01923664963682847 -0.0032523112245870741
leaf_weight=0.41670096432790416 3.6678926483145906 2.7874270442407569 4.7546906917123151 2.1172567102476014 6.870453770272432 1.6644599195569751
leaf_count=213 1282 223 1035 290 418 186
internal_value=-0.000499663 0.0043478 -0.000905105 0.00646925 0.0123257 0.0151457
internal_weight=22.2789 18.611 15.8236 11.0689 8.95161 8.53491
internal_count=3647 2365 2142 1107 817 604
is_linear=0
shrinkage=0.05


Tree=163
num_leaves=7
num_cat=0
split_feature=43 40 42 41 42 41
split_gain=0.680508 0.746506 0.747109 0.911555 0.547921 0.495489
threshold=-0.61583482474581264 -0.67684099483737203 1.1508367431439801 -1.0607002386258109 -1.0622889373927713 0.91373320154908544
decision_type=2 2 2 2 2 2
left_child=-1 -2 3 -3 -5 -6
right_child=1 2 -4 4 5 -7
leaf_value=-0.015804765720788712 -0.012194636063079752 -0.0069574259830245851 -0.0081434026450250673 0.00025427176649076244 0.032769302235080747 0.0064099961861633463
leaf_weight=1.9319077279069485 2.7160649735014912 2.9923551121028202 3.2988761932938351 3.3993398918537485 3.7502931913477244 4.929657464788761
leaf_count=504 882 537 512 444 178 589
internal_value=0.0012691 0.00460703 0.00845431 0.012836 0.018148 0.0232905
internal_weight=23.0185 21.0866 18.3705 15.0716 12.0793 8.67995
internal_count=3646 3142 2260 1748 1211 767
is_linear=0
shrinkage=0.05


Tree=164
num_leaves=7
num_cat=0
split_feature=1 0 40 39 33 62
split_gain=0.734118 0.882226 0.619013 0.712202 0.853801 0.424726
threshold=1.6020790147655142 -0.80006675278034944 -0.66661287316266116 0.35191568882098306 0.29464438993615932 -0.67621339191035701
decision_type=2 2 2 2 2 2
left_child=1 -1 -3 4 -4 -5
right_child=-2 2 3 5 -6 -7
leaf_value=-0.014064597280715073 -0.018200891179903742 -0.0088608079200404605 0.021822338696052677 -0.012615430827381575 -0.0076727459120776893 0.0070568087546568018
leaf_weight=2.6447669158224079 1.2949900366947975 2.222464422258791 10.132837052457029 2.1930194301530719 1.4317548483377311 3.0214778824592932
leaf_count=707 283 624 704 325 611 469
internal_value=0.000991718 0.0042156 0.0083308 0.0116065 0.0173424 -0.00280233
internal_weight=22.9413 21.6463 19.0016 16.7791 11.5646 5.2145
internal_count=3723 3440 2733 2109 1315 794
is_linear=0
shrinkage=0.05


Tree=165
num_leaves=7
num_cat=0
split_feature=42 1 43 42 41 41
split_gain=0.794985 0.88032 0.712875 0.674449 0.785171 1.05016
threshold=1.1440896966029392 -1.0340930130368882 -0.65535236490582649 -1.0622889373927713 -1.0607002386258109 0.91373320154908544
decision_type=2 2 2 2 2 2
left_child=1 -1 -3 -4 -5 -6
right_child=-2 2 3 4 5 -7
leaf_value=-0.016396358140056244 -0.013536580100892703 -0.01067068360171182 -0.0045364569128812701 -0.0026353347381500919 0.035556891849799259 0.004108105446592355
leaf_weight=1.0687115585897178 3.7986338913615318 1.5169150446890949 3.2230469510832433 3.231169612496168 4.2286840121377942 5.6109087530057877
leaf_count=503 744 357 514 556 223 781
internal_value=0.00158935 0.00607153 0.00958898 0.012841 0.017173 0.0227736
internal_weight=22.6781 18.8794 17.8107 16.2938 13.0708 9.83959
internal_count=3678 2934 2431 2074 1560 1004
is_linear=0
shrinkage=0.05


Tree=166
num_leaves=7
num_cat=0
split_feature=37 32 1 27 17 37
split_gain=0.758196 1.48955 0.576539 0.521946 0.324364 0.301854
threshold=-0.814505619139123 0.68510844492958023 1.4532628519057009 -0.94323026043061498 1.0000000180025095e-35 0.61000522470536278
decision_type=2 2 2 2 2 2
left_child=3 4 5 -1 -2 -3
right_child=1 2 -4 -5 -6 -7
leaf_value=-0.0058905236819943221 -0.021080897255653305 0.016580922773019622 -0.0097199910405545448 0.020811964579850923 0.0026635843884540988 -0.0013949539946374731
leaf_weight=1.1252703758655118 7.2080127116933017 5.5615513213560899 1.6813261766801577 2.6290585463866618 0.95168585987994436 2.6122180234233383
leaf_count=438 1821 311 279 253 135 394
internal_value=-0.000936225 -0.00552188 0.00689432 0.013747 -0.01834 0.012004
internal_weight=21.7691 18.0148 9.8551 3.75433 8.1597 8.17377
internal_count=3631 2940 984 691 1956 705
is_linear=0
shrinkage=0.05


Tree=167
num_leaves=7
num_cat=0
split_feature=41 41 42 42 32 33
split_gain=0.545186 0.890234 0.625835 0.801757 0.624522 0.53927
threshold=0.40658257715834573 -1.0607002386258109 -1.4010502278774912 1.0588256208313371 1.0412382217552956 -0.79961979723854781
decision_type=2 2 2 2 2 2
left_child=1 4 -3 -4 -1 -2
right_child=5 2 3 -5 -6 -7
leaf_value=-0.017379172700424803 0.0080543129544405397 -0.0088728723620372148 0.025998732867899006 -0.0015192266690066028 0.008760298027535909 -0.011868892235372932
leaf_weight=2.3807830604782789 2.781750543625094 0.63995748141314734 6.4541804415057431 3.2372766945918556 1.5584484823048113 6.3011025661544391
leaf_count=671 191 203 555 545 122 1376
internal_value=0.00328678 0.00871095 0.015304 0.0186205 -0.00772134 -0.00528234
internal_weight=23.3535 14.2706 10.3314 9.69146 3.93923 9.08285
internal_count=3663 2096 1303 1100 793 1567
is_linear=0
shrinkage=0.05


Tree=168
num_leaves=7
num_cat=0
split_feature=12 7 33 37 45 45
split_gain=0.528337 0.823513 0.84177 0.61558 0.550301 0.437035
threshold=0.33660045937605937 0.23472415923540832 -0.76146368698474431 0.82368185128203575 -0.50645385238251162 1.4524619339164471
decision_type=2 2 2 2 2 2
left_child=1 2 -1 4 -3 -6
right_child=-2 3 -4 -5 5 -7
leaf_value=0.0025537861560963487 0.012543170420625031 -0.0073226403434343799 -0.021594861678976538 -0.0080146590691206939 0.023114627893243776 -0.006015996665181083
leaf_weight=5.1809569965116715 2.8161870861076741 0.8227148571750148 5.7292806845507602 2.6208592648617923 4.0929264611622775 0.28795135463587929
leaf_count=571 288 270 1297 611 502 115
internal_value=-0.000958555 -0.0044393 -0.0120498 0.00657109 0.0141618 0.0195329
internal_weight=21.5509 18.7347 10.9102 7.82445 5.20359 4.38088
internal_count=3654 3366 1868 1498 887 617
is_linear=0
shrinkage=0.05


Tree=169
num_leaves=7
num_cat=0
split_feature=2 1 10 11 30 60
split_gain=0.669488 0.658203 0.53254 0.791423 0.616408 0.425372
threshold=-0.63506063091101261 1.2831872372087718 0.85142755612170329 -0.06492606685625997 0.80896036214912181 -0.16386328388448143
decision_type=2 2 2 2 2 2
left_child=5 2 3 -2 -5 -1
right_child=1 -3 -4 4 -6 -7
leaf_value=-0.017089761969309489 0.019367118341490852 -0.012406996391906983 -0.0079704577602532651 -0.01409520908274272 0.01213482512789503 0.0045364095593585707
leaf_weight=4.3914962157723521 8.3916143843089213 1.7145030216197472 1.7252542553178489 2.5430612229974936 0.94483983420650464 1.7801997158676384
leaf_count=750 731 381 766 807 130 116
internal_value=-0.000425755 0.0051425 0.00919613 0.0127936 -0.00466417 -0.0114084
internal_weight=21.491 15.3193 13.6048 11.8795 3.4879 6.1717
internal_count=3681 2815 2434 1668 937 866
is_linear=0
shrinkage=0.05


Tree=170
num_leaves=7
num_cat=0
split_feature=40 12 46 35 0 1
split_gain=0.644463 0.957603 0.886398 0.753896 0.355882 0.342205
threshold=-0.36768878654196041 -0.20528689986026549 1.0000000180025095e-35 -0.30895235561202644 -0.77996953651108292 1.6020790147655142
decision_type=2 2 2 2 2 2
left_child=2 -2 -1 -3 -5 -6
right_child=1 3 -4 4 5 -7
leaf_value=-0.020401308487439707 -0.0095301855978512911 -0.0061152705871786069 0.0067226942614287896 -0.0033465396072841509 0.02403161628757549 -0.0041271721714029484
leaf_weight=4.0950764339650076 4.5542083950131209 2.4207684644497931 3.2523312397534028 0.78117186034796748 6.7446762104518676 0.32155320141464461
leaf_count=1509 752 306 242 169 645 73
internal_value=-1.62693e-06 0.00576104 -0.00992677 0.0131645 0.0191583 0.0219021
internal_weight=22.1698 14.8224 7.34741 10.2682 7.8474 7.06623
internal_count=3696 1945 1751 1193 887 718
is_linear=0
shrinkage=0.05


Tree=171
num_leaves=7
num_cat=0
split_feature=17 14 6 42 31 62
split_gain=0.612053 0.448177 0.780402 0.622021 0.892053 0.606904
threshold=1.0000000180025095e-35 1.0000000180025095e-35 -0.83133442676365366 0.39731728918697257 -0.18670031921811239 -0.83281325377286464
decision_type=2 2 2 2 2 2
left_child=1 2 -1 4 -4 -6
right_child=-2 -3 3 -5 5 -7
leaf_value=0.0067243549470039372 0.015048707312357516 0.010521003663672281 -0.018598874168881847 -0.024037777496732356 -0.011362329342788708 0.013929612576302861
leaf_weight=5.6109250601730372 2.6392017653561188 2.0465078139677635 2.0675586001016262 3.7083362358389422 0.80540116835619002 5.0501171579817203
leaf_count=646 253 463 636 896 140 636
internal_value=0.000371162 -0.0033923 -0.00635819 -0.0127539 -0.00232115 0.0077801
internal_weight=21.928 19.2888 17.2423 11.6314 7.92308 5.85552
internal_count=3670 3417 2954 2308 1412 776
is_linear=0
shrinkage=0.05


Tree=172
num_leaves=7
num_cat=0
split_feature=1 42 41 41 42 4
split_gain=0.603802 0.554117 0.812051 0.838144 1.26154 0.978334
threshold=1.4532628519057009 -1.0817384429222732 -1.0607002386258109 0.91373320154908544 1.1508367431439801 -0.19873254858033793
decision_type=2 2 2 2 2 2
left_child=1 -1 -3 4 -4 -5
right_child=-2 2 3 5 -6 -7
leaf_value=-0.008424138966454664 -0.014610010357608491 -0.0083809382102507622 0.033029109723971342 -0.01738331707507804 -0.0012257355020244859 0.012204343037318929
leaf_weight=3.642444716562756 1.7723658944887564 3.3820793944760306 4.5940799027157393 2.1854492966958841 3.8392521712230518 3.1002623114909467
leaf_count=700 349 731 294 500 639 490
internal_value=0.00186483 0.00494059 0.00861963 0.0135625 0.0212049 -0.0018937
internal_weight=22.5159 20.7436 17.1011 13.719 8.43333 5.28571
internal_count=3703 3354 2654 1923 933 990
is_linear=0
shrinkage=0.05


Tree=173
num_leaves=7
num_cat=0
split_feature=31 55 12 16 12 14
split_gain=0.663662 0.566021 0.498711 0.641916 0.486675 0.64133
threshold=-0.18670031921811239 1.0000000180025095e-35 -0.17212736278173046 -0.081245029135930333 3.0429362346764282 1.0000000180025095e-35
decision_type=2 2 2 2 2 2
left_child=1 4 3 -2 5 -1
right_child=2 -3 -4 -5 -6 -7
leaf_value=-0.025640028049164095 -0.014724922998053919 0.0079329261534779299 0.014001544610780146 0.0077891239064566842 0.0070900800741719424 0.0047029361602548021
leaf_weight=3.8877413847076268 2.5886255794612225 1.6577254827134309 7.2691272514639405 4.4470730838365853 0.57312375563196827 1.2419199737778397
leaf_count=1344 669 98 812 336 33 342
internal_value=0.00101878 -0.00910855 0.00690546 -0.00241995 -0.0150893 -0.0192692
internal_weight=21.6653 7.36051 14.3048 7.0357 5.70279 5.12966
internal_count=3634 1817 1817 1005 1719 1686
is_linear=0
shrinkage=0.05


Tree=174
num_leaves=7
num_cat=0
split_feature=12 16 31 41 39 39
split_gain=0.819756 0.826247 0.757829 0.66463 0.431481 0.561038
threshold=-0.17744454427553938 1.4689526365835628 0.14805700665376373 -0.95222911634253082 -0.39057504676915833 -1.3757098135979078
decision_type=2 2 2 2 2 2
left_child=-1 3 -3 -2 5 -5
right_child=1 2 -4 4 -6 -7
leaf_value=-0.010904888364373304 -0.0064867674939567124 -0.021428918238033355 0.0079057868209612987 -0.005031190447357177 0.0011894506857786408 0.028563193341750504
leaf_weight=8.2694726425106655 1.9116012105368998 1.666155070648528 1.9577900587464681 0.53255520685343061 3.096950278384611 4.4311192459135764
leaf_count=1576 414 408 139 123 646 379
internal_value=-0.00055549 0.00657258 -0.00917813 0.0130953 0.0182391 0.0244213
internal_weight=21.8656 13.5962 3.62395 9.97223 8.06062 4.96367
internal_count=3685 2109 547 1562 1148 502
is_linear=0
shrinkage=0.05


Tree=175
num_leaves=7
num_cat=0
split_feature=8 12 9 7 42 9
split_gain=0.498966 1.25322 0.734065 0.547773 0.642604 0.404552
threshold=0.10920624701226535 0.082637542376637188 1.4773201452604747 0.9700758932056176 1.1271385592221115 -1.0427743391001234
decision_type=2 2 2 2 2 2
left_child=1 2 -1 4 -2 -3
right_child=3 5 -4 -5 -6 -7
leaf_value=-0.024091790477435468 0.015452587625491024 -0.0082483287308377905 0.0076484387193989749 -0.010684880952337661 -0.0087331026317343085 0.01405235663576904
leaf_weight=5.0580451160494722 8.6714265135815349 0.59018540559918609 0.81725852889940132 1.2601841024879821 1.4655742431932584 4.3184774037799798
leaf_count=1286 963 216 27 531 233 421
internal_value=0.000163933 -0.00665323 -0.0185838 0.00665657 0.0107601 0.00925932
internal_weight=22.1812 10.784 5.8753 11.3972 10.137 4.90866
internal_count=3677 1950 1313 1727 1196 637
is_linear=0
shrinkage=0.05


Tree=176
num_leaves=7
num_cat=0
split_feature=15 61 12 43 3 41
split_gain=0.584988 0.970584 0.935511 0.633849 0.592776 0.456808
threshold=-0.80649847674524766 -0.48217432759299855 -0.21852772436445644 -0.67549841295434998 1.7001735980888308 -1.0607002386258109
decision_type=2 2 2 2 2 2
left_child=1 -1 -2 -4 -3 -5
right_child=2 4 3 5 -6 -7
leaf_value=0.0061552296670851899 -0.01315782079403759 -0.022678947152185304 -0.009268908199546573 -0.0047360395041071484 0.0073367295537217787 0.021320833441380332
leaf_weight=6.0252606599824503 1.6522444248548716 4.776254888769472 0.67619988363003258 0.86898431138251631 0.55745308939367522 7.3418457611114727
leaf_count=590 547 1049 194 236 137 929
internal_value=0.000489219 -0.00659551 0.00789447 0.0141414 -0.0180301 0.0180337
internal_weight=21.8982 11.359 10.5393 8.88703 5.33371 8.21083
internal_count=3682 1776 1906 1359 1186 1165
is_linear=0
shrinkage=0.05


Tree=177
num_leaves=7
num_cat=0
split_feature=37 8 6 12 62 2
split_gain=0.611732 0.693316 0.716956 0.764109 0.474798 0.40536
threshold=0.586233699998708 0.22884663143098152 -0.46115409303306437 -0.18653374341025555 -0.96734716022274203 0.93181782578609595
decision_type=2 2 2 2 2 2
left_child=1 2 3 -1 -3 -6
right_child=-2 4 -4 -5 5 -7
leaf_value=-0.012395814482078663 -0.011722975458076292 -0.0030580344201341682 -0.015066726645556697 0.014196953500447515 0.023142965400339648 -0.0053433304658709619
leaf_weight=1.3797859091137068 4.6283137010759665 2.115730789344525 3.9244861874321959 4.9930886270012742 4.6973363441647953 0.32775605499045912
leaf_count=446 1093 200 942 406 425 211
internal_value=0.000404701 0.00487181 -0.00339487 0.00631466 0.0142704 0.0199821
internal_weight=22.0665 17.4382 10.2974 6.37287 7.14082 5.02509
internal_count=3723 2630 1794 852 836 636
is_linear=0
shrinkage=0.05


Tree=178
num_leaves=7
num_cat=0
split_feature=42 33 4 37 42 43
split_gain=0.656941 0.693418 0.726594 0.467987 0.463481 0.52398
threshold=1.1440896966029392 -0.13228815415989451 -1.0157931250716448 -0.16813382374468766 -1.0817384429222732 -0.5143300285661615
decision_type=2 2 2 2 2 2
left_child=1 2 -1 -3 -4 -6
right_child=-2 3 4 -5 5 -7
leaf_value=-0.010763073795215116 -0.013431064303218663 0.0071411868531017168 -0.0027752463644638826 -0.01772519654537608 -0.0066286031320585614 0.019777254867200528
leaf_weight=1.621958736330275 3.7142258606036185 0.92888588368077796 2.8704673852189471 2.3267774372652648 0.72274113103049131 9.7907015081145712
leaf_count=433 748 197 373 879 126 940
internal_value=0.0002286 0.00450996 0.00901095 -0.0106082 0.0129393 0.0168934
internal_weight=21.9758 18.2615 15.0059 3.25566 13.3839 10.5134
internal_count=3696 2948 1872 1076 1439 1066
is_linear=0
shrinkage=0.05


Tree=179
num_leaves=7
num_cat=0
split_feature=37 27 45 24 42 43
split_gain=0.675175 0.58837 0.465109 0.536707 0.415306 0.341557
threshold=0.82368185128203575 -0.92854322645324328 1.5514595731482326 1.8141562480906714 1.1508367431439801 -0.65535236490582649
decision_type=2 2 2 2 2 2
left_child=1 -1 3 4 5 -3
right_child=-2 2 -4 -5 -6 -7
leaf_value=-0.012694510510759226 -0.015241561549324904 -0.0050847035902150334 -0.011271381851641595 -0.010644895246799508 -0.0032540588121243437 0.017086822659313723
leaf_weight=1.8346080801566191 3.2068877425626843 0.63170971709769652 0.5989543651230641 0.70625070075038898 2.6439558758574995 11.796871146507321
leaf_count=735 783 140 176 292 382 1176
internal_value=-0.000818777 0.00351723 0.00701742 0.0094014 0.0119518 0.0151903
internal_weight=21.4192 18.2123 16.3777 15.7788 15.0725 12.4286
internal_count=3684 2901 2166 1990 1698 1316
is_linear=0
shrinkage=0.05


Tree=180
num_leaves=7
num_cat=0
split_feature=45 45 8 61 31 33
split_gain=0.520957 0.797269 0.445597 0.416469 0.769284 0.369399
threshold=-0.6883620144709176 -0.16862440850404312 0.22884663143098152 0.64145302527501247 0.043232566796262376 0.56412531086095796
decision_type=2 2 2 2 2 2
left_child=-1 3 -3 4 -2 -4
right_child=1 2 5 -5 -6 -7
leaf_value=-0.011978157359396007 -0.01373439130076351 -0.013019478049390427 0.0090190442738891687 0.022145597192512339 0.012501794802464614 -0.010403449950136466
leaf_weight=2.9512318656488814 1.8000492168066609 4.2939497280749439 5.213534471753519 3.5673364978283644 3.7746768706419971 0.68550865200813849
leaf_count=923 447 730 473 369 377 388
internal_value=0.00133256 0.00470025 -0.00448929 0.0135239 0.00218898 0.00401574
internal_weight=22.2863 19.3351 10.193 9.14206 5.57473 5.89904
internal_count=3707 2784 1591 1193 824 861
is_linear=0
shrinkage=0.05


Tree=181
num_leaves=7
num_cat=0
split_feature=0 12 11 16 33 7
split_gain=0.548893 0.67173 0.641515 0.545428 0.432312 0.587148
threshold=-0.77996953651108292 -0.056322945923857136 -0.27266958196428587 1.4689526365835628 -0.058947551058256227 -0.37502154882421379
decision_type=2 2 2 2 2 2
left_child=-1 2 4 -3 5 -2
right_child=1 3 -4 -5 -6 -7
leaf_value=-0.013716066785468826 -0.011239059464654524 0.020275921176639282 -0.017140980149824927 -0.0060040898010339863 -0.010817438572594214 0.011764715313618349
leaf_weight=2.4515089175838538 1.0326637313701237 4.6644992749206695 2.2355192581599121 1.1377822577196637 1.4767738869413722 9.1330225448473339
leaf_count=719 201 486 858 193 552 674
internal_value=0.000598325 0.00395984 -0.00241444 0.0148327 0.00334582 0.0073994
internal_weight=22.1318 19.6803 13.878 5.80228 11.6425 10.1657
internal_count=3683 2964 2285 679 1427 875
is_linear=0
shrinkage=0.05


Tree=182
num_leaves=7
num_cat=0
split_feature=17 37 33 62 62 8
split_gain=0.555061 0.513623 0.437058 0.59635 0.516987 0.54207
threshold=1.0000000180025095e-35 -0.92802132700798035 -0.81468718654458594 -0.30203294644423312 0.60498045336565098 -1.0000000180025095e-35
decision_type=2 2 2 2 2 2
left_child=1 -1 -3 -4 5 -5
right_child=-2 2 3 4 -6 -7
leaf_value=0.010372992865123725 0.014428930963734751 0.0082501039271208748 -0.020016521839292849 -0.0086533326091630756 -0.010954183203934703 0.014349426204709546
leaf_weight=2.8324947485816727 2.6417155289673238 1.7992724041105308 4.7784988409548594 1.5547493239282681 4.0642205066687893 4.1603589455189471
leaf_count=584 265 73 910 362 899 605
internal_value=0.000473228 -0.003139 -0.00672381 -0.00966794 -0.00109939 0.00726707
internal_weight=21.8313 19.1896 16.3571 14.5578 9.77933 5.71511
internal_count=3698 3433 2849 2776 1866 967
is_linear=0
shrinkage=0.05


Tree=183
num_leaves=7
num_cat=0
split_feature=12 9 30 29 8 0
split_gain=0.621954 0.619107 0.485528 0.692858 0.430201 0.392707
threshold=-0.056322945923857136 1.3743674238015895 0.44794688529024984 0.64837370352261259 0.75591102765397389 -0.73140126386035542
decision_type=2 2 2 2 2 2
left_child=1 2 4 -4 -1 -2
right_child=5 -3 3 -5 -6 -7
leaf_value=-0.022932656911798101 -0.0041005648353412312 0.007042350119969204 0.013357616804228187 -0.013652465552375023 0.0031200628416385976 0.014711146700696967
leaf_weight=4.7010256928624603 2.5424924890394323 4.0224769861088125 2.3360020073014316 1.3099417615740092 1.1738690839847548 5.4021537220687597
leaf_count=1237 478 246 254 735 106 643
internal_value=-3.32653e-05 -0.00614705 -0.0120717 0.00187106 -0.018432 0.00921711
internal_weight=21.488 13.5433 9.52084 3.64594 5.87489 7.94465
internal_count=3699 2578 2332 989 1343 1121
is_linear=0
shrinkage=0.05


Tree=184
num_leaves=7
num_cat=0
split_feature=6 56 32 16 16 0
split_gain=0.822405 0.525931 0.467034 0.361084 0.420332 0.360782
threshold=-0.19182784403402889 1.0000000180025095e-35 0.44781083262222371 -0.36831867093583637 1.4689526365835628 0.44744561689407397
decision_type=2 2 2 2 2 2
left_child=2 5 3 -1 -5 -2
right_child=1 -3 -4 4 -6 -7
leaf_value=-0.012161781141814076 -0.020631762057744633 0.0063159208818036735 0.012903118537740383 0.016579557634711976 -0.0057269905147223962 0.0015364609887803925
leaf_weight=2.6224601512076351 5.8505075946450216 1.5857664181385187 6.087070595822297 0.91883497429080341 2.2417806431767531 1.8189778013038447
leaf_count=657 1863 131 300 33 370 347
internal_value=-0.00258685 -0.0119324 0.00563716 -0.00380575 0.00567361 -0.0164204
internal_weight=21.1254 9.25525 11.8701 5.78308 3.16062 7.66949
internal_count=3701 2341 1360 1060 403 2210
is_linear=0
shrinkage=0.05


Tree=185
num_leaves=7
num_cat=0
split_feature=38 54 6 34 33 39
split_gain=0.607989 0.856475 0.944174 0.589074 0.421673 0.399234
threshold=-0.25848535223467256 0.021764256637344402 -1.2423835861934156 0.67768397434119587 -0.81602000444276512 1.2879824404437032
decision_type=2 2 2 2 2 2
left_child=1 2 -1 5 -4 -2
right_child=3 -3 4 -5 -6 -7
leaf_value=0.0070071037794013791 0.021488172265234081 0.0068199688498326253 0.002980224894346792 -0.0072766409115248218 -0.024687655734368714 -0.0057380661216168364
leaf_weight=2.454602718615206 3.310166724317241 5.6563659688108592 0.91725039773154993 1.7076957468234466 6.2294699252815935 0.36385437409626309
leaf_count=392 303 448 49 784 1496 155
internal_value=-0.0015604 -0.00651356 -0.0141222 0.00978746 -0.0213054 0.0174246
internal_weight=20.6394 15.2577 9.60132 5.38172 7.14672 3.67402
internal_count=3627 2385 1937 1242 1545 458
is_linear=0
shrinkage=0.05


Tree=186
num_leaves=7
num_cat=0
split_feature=61 33 39 44 41 0
split_gain=0.511951 1.04529 1.0048 0.412054 0.495606 0.355065
threshold=0.62329031386667577 -0.64068575762162105 -0.97453834861674216 -0.12345291013433779 1.063842673967309 0.71727307554927699
decision_type=2 2 2 2 2 2
left_child=1 3 -2 -1 -5 -3
right_child=2 5 -4 4 -6 -7
leaf_value=-0.0083430586701503853 -0.012555746994746981 -0.025275926035481372 0.016885734787061273 0.013890266050438499 -0.0093638538080874686 0.0010493875614360421
leaf_weight=2.3826630342518911 1.8880618755938483 3.4245383150118878 5.1126285506179547 5.9437637838127557 0.76125667174346734 1.3110260340035891
leaf_count=452 419 1117 779 482 140 304
internal_value=-0.00160109 -0.00676199 0.00756092 0.00364863 0.00917169 -0.0204073
internal_weight=20.8239 13.8232 7.00069 9.08768 6.70502 4.73556
internal_count=3693 2495 1198 1074 622 1421
is_linear=0
shrinkage=0.05


Tree=187
num_leaves=7
num_cat=0
split_feature=31 40 35 40 6 41
split_gain=0.573669 0.491839 0.456059 0.396977 0.313066 0.310081
threshold=-0.18670031921811239 -0.36768878654196041 -0.30895235561202644 1.1388793547594573 -0.78090738439787677 -1.3970062202722169
decision_type=2 2 2 2 2 2
left_child=-1 5 4 -4 -3 -2
right_child=1 2 3 -5 -6 -7
leaf_value=-0.011873788182588918 0.0071989974449932813 0.0051524780338179973 0.018226634409287113 -0.0052205618453088874 -0.014222984355721278 -0.012485242821973646
leaf_weight=6.6815409137052511 0.62628977550775733 2.217973585124128 5.791401953552846 0.85985899443039659 0.77904357947409142 3.468051833071514
leaf_count=1830 52 178 486 187 146 787
internal_value=-0.00240704 0.00349848 0.00895167 0.0145149 -0.00447952 -0.00770326
internal_weight=20.4242 13.7426 9.64828 6.65126 2.99702 4.09434
internal_count=3666 1836 997 673 324 839
is_linear=0
shrinkage=0.05


Tree=188
num_leaves=7
num_cat=0
split_feature=17 14 12 3 37 37
split_gain=0.616983 0.629226 0.711988 0.353963 0.514062 0.470035
threshold=1.0000000180025095e-35 1.0000000180025095e-35 0.18267219873577809 -0.71849735770940948 -0.22912069424677967 2.1591607673862412
decision_type=2 2 2 2 2 2
left_child=1 2 3 -1 -5 -6
right_child=-2 -3 -4 4 5 -7
leaf_value=0.00063503946731577755 0.011302243163727211 0.0096612802204307964 0.0068157324521886291 -0.0012095735208502347 -0.027782092567944325 0.0042563589821440128
leaf_weight=2.5026812459400416 2.360438927426002 1.9167588749842259 2.5904133944422947 3.3875467824109382 6.3789959724817855 0.47870184428757045
leaf_count=328 260 456 308 768 1490 46
internal_value=-0.00458991 -0.0081159 -0.0115545 -0.0158747 -0.019138 -0.0249309
internal_weight=19.6155 17.2551 15.3383 12.7479 10.2452 6.8577
internal_count=3656 3396 2940 2632 2304 1536
is_linear=0
shrinkage=0.05


Tree=189
num_leaves=7
num_cat=0
split_feature=42 47 33 6 42 31
split_gain=0.553092 0.733653 0.553866 0.543053 0.365844 0.343294
threshold=0.6812960478535327 0.96527274207848213 -1.0000000180025095e-35 -0.83133442676365366 -1.4010502278774912 0.22682846370118617
decision_type=2 2 2 2 2 2
left_child=1 2 4 -2 -1 -3
right_child=3 5 -4 -5 -6 -7
leaf_value=-0.0057694051679735405 0.0054353688429354483 -0.017574281751489541 -0.0065171503761013638 -0.016600391575492545 0.018262445205563176 0.0030940055633027607
leaf_weight=0.41884796414524217 2.8122196839249227 1.2073660786263638 1.6806410409335537 3.7925896065135012 9.2117698443180398 2.4206071757362224
leaf_count=99 323 594 513 931 835 375
internal_value=0.00140358 0.00644496 0.0120735 -0.00845078 0.0160952 -0.00862557
internal_weight=21.544 14.9392 11.3113 6.60481 9.63062 3.62797
internal_count=3670 2416 1447 1254 934 969
is_linear=0
shrinkage=0.05


Tree=190
num_leaves=7
num_cat=0
split_feature=12 11 32 37 16 43
split_gain=0.553888 0.802473 0.658867 0.6427 0.623686 0.358205
threshold=-0.056322945923857136 -0.6759610742997918 0.9511215715664102 -0.33373320934160905 1.4689526365835628 -0.61583482474581264
decision_type=2 2 2 2 2 2
left_child=1 2 -1 -3 5 -2
right_child=4 3 -4 -5 -6 -7
leaf_value=-0.0096020949067371873 -0.0064592958635948418 0.0033146645766327907 0.013432399601294866 -0.024055671673500638 -0.0098234666975729017 0.017158149243859631
leaf_weight=2.661436147551286 0.33816448465222482 2.1382896509894644 4.2964522702386603 4.1176131612446625 1.4537044385215265 5.6559622608765485
leaf_count=587 127 542 233 1173 261 724
internal_value=-0.00115515 -0.00681766 0.00438318 -0.0166583 0.00796407 0.0141157
internal_weight=20.6616 13.2138 6.95789 6.2559 7.44783 5.99413
internal_count=3647 2535 820 1715 1112 851
is_linear=0
shrinkage=0.05


Tree=191
num_leaves=7
num_cat=0
split_feature=12 41 45 54 39 39
split_gain=0.460877 0.487153 0.394916 0.52712 0.379456 0.395833
threshold=-0.17744454427553938 -1.0607002386258109 0.41298672198269759 0.38956409851926094 -1.3757098135979078 -0.37278115114499366
decision_type=2 2 2 2 2 2
left_child=2 -2 3 -1 -3 -6
right_child=1 4 -4 -5 5 -7
leaf_value=-0.021578182137098962 -0.0080917823665629541 -0.0072256026284305518 0.0045406296121615177 0.003693675755868714 0.020593435269450035 0.0021656393776606424
leaf_weight=2.3217573687434214 1.9369041085301422 0.68315244492259708 3.7194907112279907 2.1435376321314834 5.2566965565783885 5.7250324942287989
leaf_count=886 432 164 453 177 573 944
internal_value=0.00230137 0.00737075 -0.00584048 -0.0128374 0.0110683 0.0135126
internal_weight=21.7866 13.6018 8.18479 4.4653 11.6649 10.9817
internal_count=3629 2113 1516 1063 1681 1517
is_linear=0
shrinkage=0.05


Tree=192
num_leaves=7
num_cat=0
split_feature=37 35 29 1 27 55
split_gain=0.48188 0.494895 0.56869 0.443432 0.396047 0.384476
threshold=-0.814505619139123 -0.42586377109365575 0.67793185426103919 1.5808195629283979 -0.94323026043061498 1.0000000180025095e-35
decision_type=2 2 2 2 2 2
left_child=4 5 3 -3 -1 -2
right_child=1 2 -4 -5 -6 -7
leaf_value=-0.0054665812318062277 -0.019909791121551019 0.0099554505669408565 -0.013052164174016907 -0.0098683090611299523 0.017830426909901564 0.0045882499006997422
leaf_weight=1.0432689547014891 3.0182957122160654 10.102753516723164 2.1310867428546763 1.0272003887803283 2.5684808805235688 0.88710281602106977
leaf_count=430 634 1077 1025 147 271 41
internal_value=-4.50879e-05 -0.00388059 0.00145934 0.00641914 0.011674 -0.0147693
internal_weight=20.7782 17.1664 13.261 11.13 3.61175 3.9054
internal_count=3625 2924 2249 1224 701 675
is_linear=0
shrinkage=0.05


Tree=193
num_leaves=7
num_cat=0
split_feature=61 6 27 4 61 54
split_gain=0.464604 1.02715 0.652451 0.497587 0.467184 0.42257
threshold=0.62329031386667577 -0.37519890718230836 0.27041799959340568 -1.0157931250716448 1.2951153380030054 2.7955582348849006
decision_type=2 2 2 2 2 2
left_child=1 3 4 -1 -2 -3
right_child=2 5 -4 -5 -6 -7
leaf_value=-0.010165745627143445 0.021504915357321137 -0.023828655028178103 -0.0070203227489347127 0.010111910206873994 -0.0059317357952839572 0.0030938474452804326
leaf_weight=1.6536624353902878 3.2513741656730413 4.1659635317337242 2.955872312624706 6.6471456222352572 0.63325384631752957 1.0418666368350384
leaf_count=469 540 1348 491 583 176 64
internal_value=-0.00158188 -0.00654247 0.00722236 0.00444598 0.0163965 -0.0192804
internal_weight=20.3491 13.5086 6.8405 8.30081 3.88463 5.20783
internal_count=3671 2464 1207 1052 716 1412
is_linear=0
shrinkage=0.05


Tree=194
num_leaves=7
num_cat=0
split_feature=12 7 40 54 36 36
split_gain=0.509169 0.741017 0.461058 0.491233 0.475758 0.476845
threshold=0.20643778117919762 -0.42907983845661835 0.046463373156510883 2.9398416491051882 -0.55793768978440972 1.5085063341491038
decision_type=2 2 2 2 2 2
left_child=1 -1 3 -3 -4 -6
right_child=-2 2 4 -5 5 -7
leaf_value=-0.022326232015482918 0.009925537587169006 -0.013916832481017645 -0.0077542437348289139 0.0075907864653278565 0.01808492014884424 -0.0059864992409339839
leaf_weight=2.3028250146308045 3.4830795827147076 5.2831051113898848 1.8209789136599281 1.6493462229846043 4.5003884012985509 1.1769029747229067
leaf_count=729 402 1419 605 103 302 102
internal_value=-0.00261755 -0.0063404 -0.000385901 -0.00805263 0.0069779 0.0127504
internal_weight=20.2166 16.7335 14.4307 6.93245 7.49827 5.67729
internal_count=3662 3260 2531 1522 1009 404
is_linear=0
shrinkage=0.05


Tree=195
num_leaves=7
num_cat=0
split_feature=6 22 19 61 62 62
split_gain=0.878511 0.440297 0.451211 0.412707 0.486427 0.443251
threshold=0.53019571711232183 -1.7900328811776716 2.0818172176255678 -0.81904379972461328 1.3017685880427978 -1.8403208303650802
decision_type=2 2 2 2 2 2
left_child=1 -1 3 5 -5 -3
right_child=-2 2 -4 4 -6 -7
leaf_value=-0.010449111695379754 -0.015837599843753151 0.0098870848116508828 -0.011191115164667672 0.017902250131140593 -0.0076115053163213764 -0.0091776417733012618
leaf_weight=1.170001752616378 3.254623601154889 2.7529083279659972 0.34080810134764661 9.6003034061577566 0.49212543776957396 3.4885809927946054
leaf_count=535 1378 131 62 859 105 615
internal_value=0.00067656 0.00553439 0.00807817 0.0101543 0.0151991 -0.000288956
internal_weight=21.0994 17.8447 16.6747 16.3339 10.0924 6.24149
internal_count=3685 2307 1772 1710 964 746
is_linear=0
shrinkage=0.05


Tree=196
num_leaves=7
num_cat=0
split_feature=40 45 37 39 32 32
split_gain=0.476542 0.57601 0.473146 0.597914 0.388204 0.372564
threshold=-0.67684099483737203 -0.18254595152101299 0.586233699998708 0.31093580798957371 -0.22147908687155493 1.5570013852921072
decision_type=2 2 2 2 2 2
left_child=-1 -2 3 4 -3 -5
right_child=1 2 -4 5 -6 -7
leaf_value=-0.012626904756061234 0.011466582349590646 -0.0055696347085111104 -0.016253849798556944 -0.014964354574765344 0.017276872597161 0.0073574585329653419
leaf_weight=2.5090389520337366 8.7498374377319159 0.97317238466348754 1.9909545216360127 2.6671432615257804 3.3223917313152862 0.63679269235581148
leaf_count=939 1203 286 544 476 240 15
internal_value=0.000549306 0.00387355 -0.0041355 0.00274111 0.011939 -0.00920815
internal_weight=20.8493 18.3403 9.59045 7.5995 4.29556 3.30394
internal_count=3703 2764 1561 1017 526 491
is_linear=0
shrinkage=0.05


Tree=197
num_leaves=7
num_cat=0
split_feature=12 42 37 30 28 39
split_gain=0.595903 0.494851 0.574778 0.43851 0.491476 0.28774
threshold=-0.17744454427553938 -0.68596497230066455 0.61000522470536278 -0.31291264033773425 -0.53301876155373884 -0.1527838961553222
decision_type=2 2 2 2 2 2
left_child=3 -2 5 -1 -5 -3
right_child=1 2 -4 4 -6 -7
leaf_value=-0.021102665503074831 -0.0071254934805627156 0.020509822428919314 -0.0076292440523278021 0.0094527675272924744 -0.011123978683049346 0.0012438017375184013
leaf_weight=1.8643611595325635 3.4512796821945821 4.6705475027265493 1.6342209390713831 3.1268703347595874 2.516278851573591 3.1416293415240908
leaf_count=605 684 504 427 158 773 511
internal_value=-0.000959689 0.00526092 0.010413 -0.0100974 -0.000398823 0.0152569
internal_weight=20.4052 12.8977 9.4464 7.50751 5.64315 7.81218
internal_count=3662 2126 1442 1536 931 1015
is_linear=0
shrinkage=0.05


Tree=198
num_leaves=7
num_cat=0
split_feature=12 30 3 29 60 7
split_gain=0.791004 0.540182 0.580996 0.476028 0.472677 0.441393
threshold=-0.056322945923857136 0.39163965602040068 -0.71849735770940948 0.74409644692992705 0.35506177738281258 -0.37502154882421379
decision_type=2 2 2 2 2 2
left_child=1 2 5 -3 -4 -1
right_child=-2 3 4 -5 -6 -7
leaf_value=-0.011577877772260679 0.0095726444766106936 0.01234468755185418 -0.025630745014205716 -0.010299246808742654 0.0018957579654452059 0.011641726224525027
leaf_weight=0.52059467256185632 7.9790764917852348 3.0772753238852593 4.1994512696110196 1.0057769620325414 1.4928294994169844 2.1287527866079472
leaf_count=256 1139 412 1028 638 102 101
internal_value=-0.000777614 -0.00799355 -0.0138484 0.00476709 -0.020249 0.00335375
internal_weight=20.4038 12.4247 8.34163 4.08305 5.69228 2.64935
internal_count=3676 2537 1487 1050 1130 357
is_linear=0
shrinkage=0.05


Tree=199
num_leaves=7
num_cat=0
split_feature=12 31 61 9 4 40
split_gain=0.618319 0.594702 0.665568 0.545569 0.376042 0.337599
threshold=-0.17505461956188167 -0.18670031921811239 0.46353657266216447 1.0753789837011218 -0.52020817028245447 -0.7954241021714229
decision_type=2 2 2 2 2 2
left_child=3 2 -2 -1 -5 -3
right_child=1 5 -4 4 -6 -7
leaf_value=-0.020494055887542446 -0.017473114898932326 -0.0064722959747037581 0.0072432677034638768 -0.011275279088953363 0.0083491884534143031 0.015271971929854945
leaf_weight=3.0559376925230053 2.3410485739295845 0.43683718680404116 3.0958379741932731 0.89353313474566665 3.638212094665505 6.8491828246042106
leaf_count=1192 666 157 601 175 215 689
internal_value=-0.00144082 0.0050246 -0.00582809 -0.0106338 0.00152993 0.0124608
internal_weight=20.3106 12.7229 5.43689 7.58768 4.53175 7.28602
internal_count=3695 2113 1267 1582 390 846
is_linear=0
shrinkage=0.05


Tree=200
num_leaves=7
num_cat=0
split_feature=37 42 42 33 41 41
split_gain=0.725716 0.611209 0.494132 0.689349 0.581097 0.73049
threshold=0.82368185128203575 -1.0004107495244539 0.6812960478535327 -0.81416681427281024 -1.3144295595136772 0.95073028972379559
decision_type=2 2 2 2 2 2
left_child=1 -1 4 -4 -3 -6
right_child=-2 2 3 -5 5 -7
leaf_value=-0.011805286974284403 -0.017466659211036486 -0.0067107213119332225 0.012373509107037868 -0.012711362497446088 0.027840436324333279 1.5900946039025432e-05
leaf_weight=2.968130830122397 3.0483273472054853 1.4725929839478364 1.6301024712738579 3.9974739542521993 3.4582886477000967 3.7215316798246931
leaf_count=634 791 330 81 913 304 657
internal_value=-0.00248374 0.00235981 0.00684244 -0.00366926 0.0128638 0.017673
internal_weight=20.2964 17.2481 14.28 5.62758 8.65241 7.17982
internal_count=3710 2919 2285 994 1291 961
is_linear=0
shrinkage=0.05


Tree=201
num_leaves=7
num_cat=0
split_feature=32 37 37 61 56 27
split_gain=0.388808 0.882607 0.597811 0.588049 0.499117 0.453994
threshold=0.64409994806372517 0.43194136922480203 -1.0157177758321565 0.62329031386667577 3.9688253587701667 -0.87939713523939422
decision_type=2 2 2 2 2 2
left_child=2 -2 5 -4 -3 -1
right_child=1 4 3 -5 -6 -7
leaf_value=-0.0084596422516188142 0.014331983353349767 -0.016510575765326298 -0.021838573769554281 0.0025461012382492626 0.0080425541444282839 0.015802330929526296
leaf_weight=0.92541233520023558 4.7647738435189222 3.3354895505763125 5.1042387627530861 2.7366670414630789 0.9297413429012521 1.4382509089191442
leaf_count=428 269 688 1410 691 49 145
internal_value=-0.00392023 0.00318264 -0.00950063 -0.0149783 -0.0100475 0.00688468
internal_weight=19.2346 9.03 10.2046 7.84091 4.26523 2.36366
internal_count=3680 1006 2674 2101 737 573
is_linear=0
shrinkage=0.05


Tree=202
num_leaves=7
num_cat=0
split_feature=8 15 39 15 39 7
split_gain=0.682711 0.80935 0.677839 0.584588 0.412 0.444888
threshold=0.22884663143098152 -0.80649847674524766 -0.92762716924394462 0.80329679500201812 0.39181715173577641 0.9700758932056176
decision_type=2 2 2 2 2 2
left_child=1 -1 -2 -3 5 -4
right_child=2 3 4 -5 -6 -7
leaf_value=-0.016464130008417888 -0.011626782465706193 0.019403549726990384 0.022721250935881857 -0.0047517768259302887 -0.002730176745707347 -0.0038011388345938497
leaf_weight=5.8302190870745108 0.88787681146641162 1.2356225224211828 5.2788277116633235 3.9942540203046519 2.0717968739627395 1.004477668815525
leaf_count=1204 296 49 444 923 359 405
internal_value=0.000746788 -0.00685848 0.00929785 0.00594796 0.0140058 0.0186231
internal_weight=20.3031 11.0601 9.24298 5.22988 8.3551 6.28331
internal_count=3680 2176 1504 972 1208 849
is_linear=0
shrinkage=0.05


Tree=203
num_leaves=7
num_cat=0
split_feature=41 41 42 42 32 30
split_gain=0.413424 0.747583 0.527283 0.817154 0.434647 0.364697
threshold=0.41248391023900438 -1.0607002386258109 1.0588256208313371 -1.1302968424630679 1.0412382217552956 0.11424565067491423
decision_type=2 2 2 2 2 2
left_child=1 4 3 -3 -1 -2
right_child=5 2 -4 -5 -6 -7
leaf_value=-0.017619279678788329 -0.014247177225324779 -0.0016433207578929018 -0.0035402356031212349 0.028302474686606752 0.0058533547580867425 0.0031992028285814378
leaf_weight=1.9966025452886254 4.193530576885677 3.1181656790140551 2.9952570444438607 3.1697862350556534 1.3637747540487906 3.5784150528488681
leaf_count=643 743 566 571 209 122 817
internal_value=-2.53742e-05 0.0051681 0.0116697 0.0177182 -0.00982549 -0.00756055
internal_weight=20.4155 12.6436 9.28321 6.28795 3.36038 7.77195
internal_count=3671 2111 1346 775 765 1560
is_linear=0
shrinkage=0.05


Tree=204
num_leaves=7
num_cat=0
split_feature=12 29 2 3 40 4
split_gain=0.529683 0.69013 0.607076 0.491537 0.313667 0.261826
threshold=-0.18698553007312821 -0.6204924365307366 -0.20811811683333428 -0.64719219981441423 -0.46127215585977743 -1.2539232152213609
decision_type=2 2 2 2 2 2
left_child=-1 5 3 -3 -4 -2
right_child=1 2 4 -5 -6 -7
leaf_value=-0.010663896612292233 -0.0044500693413321839 0.0036643450091304432 -0.0070880264114270997 -0.01978944026947755 0.014076816564596624 0.017838514399156218
leaf_weight=6.8165126465028179 0.35696232720511023 2.2354128353181295 0.42355023740674402 3.2115362515323795 2.4737856977735611 4.4067925154522536
leaf_count=1474 76 193 276 948 422 307
internal_value=-0.00167707 0.004112 -0.00449135 -0.0122812 0.00895104 0.0150942
internal_weight=19.9246 13.108 8.34429 5.44695 2.89734 4.76375
internal_count=3696 2222 1839 1141 698 383
is_linear=0
shrinkage=0.05


Tree=205
num_leaves=7
num_cat=0
split_feature=10 1 10 11 33 39
split_gain=0.581637 0.521351 0.434788 0.629741 0.515702 0.483397
threshold=0.22487551614171783 1.6020790147655142 -0.90312566120739757 0.68273668010615685 -0.80658690011390488 -1.3061518579761733
decision_type=2 2 2 2 2 2
left_child=1 2 4 5 -1 -4
right_child=-2 -3 3 -5 -6 -7
leaf_value=0.007913370171197023 -0.014223132878748448 -0.013072533507544235 -0.0072211382374145058 -0.009351677488476498 -0.012884774249210485 0.018701632214158301
leaf_weight=3.1805226757714991 2.7844420141918809 1.1449633300071571 0.50577134656487466 0.99406139986240383 2.9375579047773561 8.8212923166283819
leaf_count=304 1214 244 98 398 549 890
internal_value=-0.000241468 0.00372277 0.00672946 0.0118917 -0.00302644 0.0158807
internal_weight=20.3686 17.5842 16.4392 10.3211 6.11808 9.32706
internal_count=3697 2483 2239 1386 853 988
is_linear=0
shrinkage=0.05


Tree=206
num_leaves=7
num_cat=0
split_feature=31 55 29 26 44 40
split_gain=0.491267 0.378507 0.449995 0.370731 0.349273 0.304967
threshold=-0.18670031921811239 1.0000000180025095e-35 -0.84070190042835147 0.3584272853386028 0.23107580109552392 1.1665820514084941
decision_type=2 2 2 2 2 2
left_child=1 2 -1 5 -5 -2
right_child=3 -3 -4 4 -6 -7
leaf_value=0.0034898059877685227 0.013814269091261246 0.0059113794637706205 -0.020308941231245974 -0.011305243500215086 0.0056807275756730925 -0.0066736019326356748
leaf_weight=1.7361469040333766 6.4204034214781114 1.3686522722709922 3.6419359621213534 3.0011055068171117 3.4631975924130529 0.36412919184658665
leaf_count=370 797 94 1380 629 326 91
internal_value=-0.000694954 -0.00949422 -0.0141276 0.00471153 -0.00328902 0.0110056
internal_weight=19.9956 6.74674 5.37808 13.2488 6.4643 6.78453
internal_count=3687 1844 1750 1843 955 888
is_linear=0
shrinkage=0.05


Tree=207
num_leaves=7
num_cat=0
split_feature=12 11 38 35 34 7
split_gain=0.545887 0.525527 0.758416 0.795831 0.692942 0.614209
threshold=0.15644718593825876 -0.71237318451456677 -0.25848535223467256 0.82000747547406017 0.67768397434119587 -0.44497933540732554
decision_type=2 2 2 2 2 2
left_child=1 5 3 -3 -4 -1
right_child=-2 2 4 -5 -6 -7
leaf_value=-0.013714436574899461 0.010327294882070633 -0.026012747995400355 0.014568250832206423 0.0074302824848442132 -0.013210783118049192 0.010453736611852265
leaf_weight=0.90910751823685121 3.8286510201869524 5.0751316284877248 2.4833544135908601 0.85232505621388543 0.94511011312715698 5.5765116734546618
leaf_count=345 476 1249 376 160 616 475
internal_value=-0.00207765 -0.00624271 -0.0124368 -0.020323 0.00431905 0.0038
internal_weight=19.6702 15.8415 9.35592 5.92746 3.42846 6.48562
internal_count=3697 3221 2401 1409 992 820
is_linear=0
shrinkage=0.05


Tree=208
num_leaves=7
num_cat=0
split_feature=47 42 39 41 42 37
split_gain=0.616969 0.589683 0.538362 0.493709 0.432787 0.385735
threshold=0.96527274207848213 0.6812960478535327 -1.3061518579761733 -1.3144295595136772 -1.4010502278774912 -0.60305479075595703
decision_type=2 2 2 2 2 2
left_child=1 2 -1 -4 -5 -2
right_child=5 -3 3 4 -6 -7
leaf_value=-0.0081613253372471283 0.0057311391293154339 -0.0069056903605379432 -0.0056330501622732093 -0.0060678623839777708 0.021134524316516409 -0.014358123996971393
leaf_weight=0.98318364730221119 1.5725770398566963 3.4973696552042375 1.0848168397496909 0.36154860194073712 8.6461354058119504 4.4910589431528924
leaf_count=205 414 681 198 107 951 1124
internal_value=0.0018615 0.00713315 0.0120932 0.0154843 0.0187995 -0.00897559
internal_weight=20.6367 14.5731 11.0757 10.0925 9.00768 6.06364
internal_count=3680 2142 1461 1256 1058 1538
is_linear=0
shrinkage=0.05


Tree=209
num_leaves=7
num_cat=0
split_feature=61 31 31 42 1 61
split_gain=0.512746 0.650856 0.537405 0.447554 0.449764 0.433438
threshold=-0.81904379972461328 2.5191063525540716 -0.18670031921811239 0.44674721250056065 -0.268752746900707 0.46353657266216447
decision_type=2 2 2 2 2 2
left_child=1 -1 5 -4 -5 -2
right_child=2 -3 3 4 -6 -7
leaf_value=-0.01719467927517114 -0.012987473517665993 0.0071018160580576112 0.018577064669086714 0.0097881837963794717 -0.01453594643509894 0.0057267120430389076
leaf_weight=3.3794594599166912 2.4683061158721111 2.6137868060031906 6.2006221620249535 0.90393773280084133 0.87741539365379118 4.4225841849111021
leaf_count=878 742 125 673 96 257 931
internal_value=0.00228081 -0.00776412 0.00695236 0.0139111 -0.00379588 -0.0028827
internal_weight=20.8661 5.99325 14.8729 7.98198 1.78135 6.89089
internal_count=3702 1003 2699 1026 353 1673
is_linear=0
shrinkage=0.05


Tree=210
num_leaves=7
num_cat=0
split_feature=17 30 12 33 60 30
split_gain=0.696432 0.525771 0.56713 0.439128 0.464106 0.390088
threshold=1.0000000180025095e-35 0.39163965602040068 0.33660045937605937 -0.81602000444276512 -0.041407217634004179 0.76702118448606182
decision_type=2 2 2 2 2 2
left_child=1 2 3 -1 -5 -3
right_child=-2 5 -4 4 -6 -7
leaf_value=0.0038164989278173032 0.012908734912768239 0.011941763626513413 0.005767813035105508 -0.025358459084698127 -0.00052530113567341623 -0.0070929261533124281
leaf_weight=1.3081266350927787 2.4680979729164383 3.012929518648888 2.0068562760716295 5.8820281272055599 2.5509017124422826 2.2360584962589201
leaf_count=126 270 472 252 1534 219 867
internal_value=-0.00345327 -0.00740934 -0.012397 -0.0166162 -0.0199556 0.00420246
internal_weight=19.465 16.9969 11.7479 9.74106 8.43293 5.24899
internal_count=3740 3470 2131 1879 1753 1339
is_linear=0
shrinkage=0.05


Tree=211
num_leaves=7
num_cat=0
split_feature=36 45 50 9 9 0
split_gain=0.594984 0.435076 0.408438 0.36399 0.335396 0.588654
threshold=-0.55793768978440972 -0.16862440850404312 2.1484087937713574 -0.99191763579497993 0.014256706225101239 0.76751611622244342
decision_type=2 2 2 2 2 2
left_child=3 2 -2 -1 -3 -6
right_child=1 4 -4 -5 5 -7
leaf_value=0.003565417595523231 0.013834872087238843 0.0087573595163668496 -0.0071834531666621938 -0.018619520463745397 -0.019557125009777958 0.0045371543921602052
leaf_weight=1.5773033797740938 8.8790825345786306 1.2470913763390825 0.90171433860086914 2.3168820606224498 2.2259017605683766 3.1796873294515535
leaf_count=624 960 156 442 951 362 200
internal_value=0.000714512 0.00511209 0.0106658 -0.0119924 -0.00383024 -0.00882335
internal_weight=20.3277 16.4335 9.7808 3.89419 6.65268 5.40559
internal_count=3695 2120 1402 1575 718 562
is_linear=0
shrinkage=0.05


Tree=212
num_leaves=7
num_cat=0
split_feature=42 3 43 2 54 42
split_gain=0.633915 0.475512 0.459584 0.472604 0.471847 0.558954
threshold=1.1440896966029392 -0.71849735770940948 -0.65535236490582649 -0.62278582629742474 1.2955873188865934 0.9402548115428212
decision_type=2 2 2 2 2 2
left_child=2 -2 -1 4 5 -4
right_child=1 -3 3 -5 -6 -7
leaf_value=-0.010865066588575964 0.0048016994365872 -0.021086001945109629 -0.019575045280279854 0.01289892141071082 0.0093558637888408146 0.0074789289928014193
leaf_weight=1.2728272647655163 1.335400014620973 1.9300539616087906 2.2656266201229331 10.379908840521233 1.8675893838517366 1.0278599771845618
leaf_count=413 114 625 547 1808 110 89
internal_value=0.000676525 -0.0132692 0.00498397 0.00783001 -0.00335866 -0.0115915
internal_weight=20.0793 3.26545 16.8138 15.541 5.16108 3.29349
internal_count=3706 739 2967 2554 746 636
is_linear=0
shrinkage=0.05


Tree=213
num_leaves=7
num_cat=0
split_feature=0 39 45 39 6 35
split_gain=0.436722 0.478627 0.476542 0.570006 0.564453 0.426214
threshold=-0.80006675278034944 -0.97453834861674216 -0.6883620144709176 1.0000000180025095e-35 -1.1086831597754263 -0.21168321762297107
decision_type=2 2 2 2 2 2
left_child=-1 -2 -3 -4 -5 -6
right_child=1 2 3 4 5 -7
leaf_value=-0.012999988546493585 -0.010732211102965581 -0.0093999270488870443 0.018273470470321462 0.012417398299935954 -0.017197576889944315 0.0036429017022579081
leaf_weight=2.2711991731484913 2.2325644476513906 1.5165195945737675 6.0218647354340558 2.4062997623113942 2.2882011582260047 2.9844708947930432
leaf_count=702 519 543 854 164 453 458
internal_value=-0.00018872 0.00314122 0.00660879 0.00975098 -0.000188335 -0.00835805
internal_weight=19.7211 17.4499 15.2174 13.7008 7.67897 5.27267
internal_count=3693 2991 2472 1929 1075 911
is_linear=0
shrinkage=0.05


Tree=214
num_leaves=7
num_cat=0
split_feature=12 31 39 11 33 38
split_gain=0.459945 0.585852 0.721997 0.52585 0.400931 0.338487
threshold=0.094881228269872539 -0.18670031921811239 0.16966306091287273 -0.74397237763362656 0.14618224864368953 -0.21905080284553299
decision_type=2 2 2 2 2 2
left_child=1 -1 4 -4 -3 -5
right_child=-2 2 3 5 -6 -7
leaf_value=-0.017729423324606013 0.0093483962852504675 0.015232819101256871 0.0047319512439900268 -0.023616335810524816 -0.0062187279840030633 0.0026504929592444746
leaf_weight=3.38639982469613 4.3164448833267661 4.9884097916656156 2.5410008789040148 2.0483085876621776 1.1290976390882859 0.89182345898007032
leaf_count=1332 598 390 209 494 417 237
internal_value=-0.00141289 -0.00555498 0.000912463 -0.00974959 0.0105301 -0.0183342
internal_weight=19.3015 14.985 11.5986 5.48113 6.11751 2.94013
internal_count=3677 3079 1747 940 807 731
is_linear=0
shrinkage=0.05


Tree=215
num_leaves=7
num_cat=0
split_feature=27 42 37 42 40 41
split_gain=0.726228 0.5872 0.414645 0.533555 0.410278 0.370544
threshold=-0.60483412955449889 1.1508367431439801 1.2154223333392695 -0.70668544999882321 0.081833217055793675 1.0898001390480709
decision_type=2 2 2 2 2 2
left_child=-1 2 3 4 -2 -5
right_child=1 -3 -4 5 -6 -7
leaf_value=-0.015666092197674411 -0.01151469475439592 -0.010380828620926751 -0.007347626846277106 0.022335421495436394 0.0084299071545469069 0.0010261405305521966
leaf_weight=2.7259458215557997 2.1969857614312813 2.6271977791911914 1.4745171359390941 5.5931064324540767 2.2155661898141261 3.0695997037691996
leaf_count=1133 434 530 322 565 213 480
internal_value=5.62678e-05 0.00450969 0.00851332 0.0113394 -0.00214163 0.0169908
internal_weight=19.9029 17.177 14.5498 13.0753 4.41255 8.66271
internal_count=3677 2544 2014 1692 647 1045
is_linear=0
shrinkage=0.05


Tree=216
num_leaves=7
num_cat=0
split_feature=42 3 16 43 31 27
split_gain=0.608106 0.85333 0.40963 0.468253 0.404986 0.382005
threshold=0.6812960478535327 -0.64719219981441423 1.4689526365835628 -0.65535236490582649 0.10042377837770923 -0.92854322645324328
decision_type=2 2 2 2 2 2
left_child=2 -2 3 -1 -4 -5
right_child=1 -3 4 5 -6 -7
leaf_value=-0.0082136421290215488 0.005228128625997008 -0.022989844918169244 -0.015747106644882922 -0.0051227788637172216 0.0053102561235641495 0.016808522574054494
leaf_weight=0.94245010032318433 3.4269604226283263 2.6041766599519169 1.2899764369940379 0.98682567110517894 2.5857071838108823 7.924455121014037
leaf_count=318 348 921 324 421 214 1142
internal_value=-0.000101619 -0.0105455 0.0055546 0.0101775 -0.00551119 0.0137013
internal_weight=19.7606 6.03114 13.7294 9.85373 3.87568 8.91128
internal_count=3688 1269 2419 1881 538 1563
is_linear=0
shrinkage=0.05


Tree=217
num_leaves=7
num_cat=0
split_feature=43 43 40 42 41 42
split_gain=0.47288 0.388803 0.530983 0.365316 0.457775 0.396969
threshold=-0.65535236490582649 0.66502250979495658 -0.67684099483737203 1.1508367431439801 -1.0607002386258109 -0.83978891819866563
decision_type=2 2 2 2 2 2
left_child=-1 2 -2 4 -4 -6
right_child=1 -3 3 -5 5 -7
leaf_value=-0.014338589826104566 -0.0084900077144542205 -0.0081071861007842409 -0.003508516506065026 -0.0036559145776022327 0.00068465599249674608 0.023308057690631327
leaf_weight=1.5223556283745008 2.2977071314526283 3.0509550979477345 2.0473235344106824 2.4051045481173778 2.7409615192154897 5.6307330038107404
leaf_count=486 903 475 448 428 435 531
internal_value=0.000385501 0.00347584 0.00676805 0.0105931 0.0139643 0.0180357
internal_weight=19.6951 18.1728 15.1218 12.8241 10.419 8.37169
internal_count=3706 3220 2745 1842 1414 966
is_linear=0
shrinkage=0.05


Tree=218
num_leaves=7
num_cat=0
split_feature=15 15 8 11 11 28
split_gain=0.755613 0.86523 0.436448 0.388011 0.474365 0.418085
threshold=-0.80649847674524766 0.80329679500201812 1.4414180951341853 -0.27266958196428587 -0.436463564645651 -0.60541439145605336
decision_type=2 2 2 2 2 2
left_child=2 -2 -1 4 5 -3
right_child=1 3 -4 -5 -6 -7
leaf_value=-0.016347808531154993 0.022217791334033912 0.0067301656801106073 0.0073802881003538941 -0.013929595920322963 0.015153876791185447 -0.015557527510882328
leaf_weight=8.6885130790469702 1.481783913448451 1.5850189529010092 0.53927892353385765 2.4340874041663483 1.5857796999916898 1.5031999218772401
leaf_count=1683 64 167 86 935 184 507
internal_value=-0.00532184 0.00467411 -0.0134906 -0.00449175 0.00394731 -0.00643878
internal_weight=17.8177 8.58987 9.22779 7.10809 4.674 3.08822
internal_count=3626 1857 1769 1793 858 674
is_linear=0
shrinkage=0.05


Tree=219
num_leaves=7
num_cat=0
split_feature=41 2 42 41 28 3
split_gain=0.461513 0.535679 0.458734 0.616471 0.421557 0.389708
threshold=0.43193100786423527 -0.63506063091101261 -1.3767782908052004 -0.95222911634253082 -0.53301876155373884 -0.56733042297201952
decision_type=2 2 2 2 2 2
left_child=1 -1 -3 4 -4 -2
right_child=5 2 3 -5 -6 -7
leaf_value=-0.0071641661900807259 0.0021263398991269223 -0.0087807948445027401 0.0088777226990456627 0.021706664313445284 -0.012810128789211157 -0.016278922067829906
leaf_weight=3.4777222859265757 4.3240429695288185 0.50895025918725956 1.6734116366715162 5.2299429723352651 1.3996026767999865 3.0583626283914773
leaf_count=538 512 206 176 671 546 1000
internal_value=0.00015461 0.00566106 0.0112567 0.0144895 -0.00244857 -0.00799913
internal_weight=19.672 12.2896 8.81191 8.30296 3.07301 7.38241
internal_count=3649 2137 1599 1393 722 1512
is_linear=0
shrinkage=0.05


Tree=220
num_leaves=7
num_cat=0
split_feature=37 0 61 6 22 14
split_gain=0.576264 0.427807 0.397172 0.454383 0.339417 0.331446
threshold=0.43194136922480203 -0.70851276755369075 -0.79443625523589878 -1.1086831597754263 -1.7900328811776716 1.0000000180025095e-35
decision_type=2 2 2 2 2 2
left_child=1 -1 3 -3 -4 -2
right_child=5 2 4 -5 -6 -7
leaf_value=-0.0087506121068276054 -0.01433491273787971 0.010262928669258639 -0.004864196081873916 -0.0095538622081305057 0.018471250107511897 0.0059211883354140038
leaf_weight=1.9239090362098075 5.1750541974615762 2.2179331860388629 0.60418278852011997 3.519798522349447 5.4889298733032774 0.85365722517599341
leaf_count=591 1143 203 249 647 652 180
internal_value=-0.000303991 0.00521909 0.00880137 -0.00100003 0.015316 -0.0104523
internal_weight=19.7835 13.7548 11.8308 5.73773 6.09311 6.02871
internal_count=3665 2342 1751 850 901 1323
is_linear=0
shrinkage=0.05


Tree=221
num_leaves=7
num_cat=0
split_feature=61 31 9 6 61 61
split_gain=0.450425 0.751548 0.665056 0.397149 0.851883 0.359309
threshold=0.64145302527501247 0.076208321419188943 0.35191774220352606 -1.1086831597754263 -0.79443625523589878 -0.42819396809553301
decision_type=2 2 2 2 2 2
left_child=1 -1 -2 -3 -5 -6
right_child=2 3 -4 4 5 -7
leaf_value=-0.017844337558706579 0.016117014033358811 0.013354209364876309 -0.0079496929664380177 -0.015730358123105012 0.017334357116074933 -0.0057666311595184023
leaf_weight=4.2077486898924716 4.4054167025315101 2.4440310213249177 2.3735313772631343 3.3144865678041242 1.9286721524840689 0.78351732416194675
leaf_count=1376 881 169 305 606 120 221
internal_value=-0.000667638 -0.00584424 0.00783676 0.00322463 -0.00395626 0.0111371
internal_weight=19.4574 12.6785 6.77895 8.47071 6.02668 2.71219
internal_count=3678 2492 1186 1116 947 341
is_linear=0
shrinkage=0.05


Tree=222
num_leaves=7
num_cat=0
split_feature=40 40 53 33 2 28
split_gain=0.475073 0.605625 0.540553 0.449812 0.33179 0.301253
threshold=0.72459046952703088 -0.57723644335115176 2.4621472374426312 -0.74382988540874584 -0.63506063091101261 1.0987426530191515
decision_type=2 2 2 2 2 2
left_child=1 3 4 -1 -3 -6
right_child=-2 2 -4 -5 5 -7
leaf_value=0.0059745748763798106 -0.011274936783562676 -0.00019635443183481198 -0.0088447709745246867 -0.016741870681995574 0.019356977058439237 -0.004792816284381946
leaf_weight=1.7254102194565351 3.0733029900293323 3.4603802595520419 1.2582577421562753 2.1709543041215555 7.6426220712746682 0.29052428877912451
leaf_count=328 642 340 160 877 1110 224
internal_value=0.00108265 0.0047558 0.00966703 -0.0084594 0.0131288 0.0174001
internal_weight=19.6215 16.5481 12.6518 3.89636 11.3935 7.93315
internal_count=3681 3039 1834 1205 1674 1334
is_linear=0
shrinkage=0.05


Tree=223
num_leaves=7
num_cat=0
split_feature=43 42 43 1 41 42
split_gain=0.588386 0.411896 0.595671 0.583587 0.594161 0.518372
threshold=-0.65535236490582649 -1.0817384429222732 -0.48799132986420007 1.1308632647958348 -1.0607002386258109 1.3917912782269821
decision_type=2 2 2 2 2 2
left_child=-1 2 -2 4 -3 -6
right_child=1 3 -4 -5 5 -7
leaf_value=-0.01556779308503102 0.010971659421359666 -0.0057925988970118428 -0.015843562525280012 -0.008325606832805697 0.019473426334736824 -0.0055546057247018105
leaf_weight=1.3100083620229295 0.74734882632037658 2.2976790935208582 2.4523803344345696 2.2681495704164272 9.5170987677702126 1.1184851689031337
leaf_count=474 31 580 602 384 1292 273
internal_value=0.00149524 0.00472199 -0.00730201 0.00803929 0.0119365 0.0161984
internal_weight=19.7112 18.4011 3.19973 15.2014 12.9333 10.6356
internal_count=3636 3162 633 2529 2145 1565
is_linear=0
shrinkage=0.05


Tree=224
num_leaves=7
num_cat=0
split_feature=34 9 41 4 3 10
split_gain=0.721263 0.472155 0.392942 0.348954 0.346558 0.292631
threshold=-0.44604032110538766 0.46481484545960033 -1.4106429899532642 -1.2107854317166307 -0.46750320191902622 0.2414759469530495
decision_type=2 2 2 2 2 2
left_child=3 5 -3 -1 -5 -2
right_child=1 2 -4 4 -6 -7
leaf_value=-0.0080998530834238257 0.0086486237072837813 0.0047504277800894043 -0.021149084235460951 0.014051937237946449 -0.006138929508020489 -0.0073589698917763437
leaf_weight=0.68140525749185954 3.1242486467235704 0.66020476765697811 3.8421646634524222 7.9580921401793594 0.83793016604613768 2.420002225189819
leaf_count=316 644 46 766 621 225 1045
internal_value=-0.00060533 -0.00875608 -0.0169704 0.00806278 0.0110564 0.00153093
internal_weight=19.524 10.0466 4.50237 9.47743 8.79602 5.54425
internal_count=3663 2501 812 1162 846 1689
is_linear=0
shrinkage=0.05


Tree=225
num_leaves=7
num_cat=0
split_feature=42 42 41 41 0 62
split_gain=0.367962 0.486834 0.464217 0.957508 0.522896 0.384198
threshold=-1.0817384429222732 0.6812960478535327 -1.0839345500074311 0.86603950964098686 -0.13015954380479708 -1.8403208303650802
decision_type=2 2 2 2 2 2
left_child=-1 2 -2 -4 -5 -3
right_child=1 5 3 4 -6 -7
leaf_value=-0.009760956391313743 -0.0039880650532521369 0.0079808750949441482 0.028200887862451802 0.0096424713976726809 -0.013105580567857414 -0.011087902213907867
leaf_weight=3.3136064046557321 3.0484720688109554 1.4642724455916321 2.9295284188701753 2.2799623071623536 1.8950724026653878 4.6860650650633024
leaf_count=747 658 67 199 383 446 1158
internal_value=0.000823939 0.00415792 0.00987266 0.0152384 -0.00184541 -0.00541986
internal_weight=19.617 16.3034 10.153 7.10456 4.17503 6.15034
internal_count=3658 2911 1686 1028 829 1225
is_linear=0
shrinkage=0.05


Tree=226
num_leaves=7
num_cat=0
split_feature=56 38 6 33 33 60
split_gain=0.436809 0.618301 0.670543 0.515151 0.492025 0.478934
threshold=1.0000000180025095e-35 -0.25848535223467256 -1.1086831597754263 0.45219778082679718 -0.81602000444276512 1.8061437346000071
decision_type=2 2 2 2 2 2
left_child=1 2 -1 -3 -4 -6
right_child=-2 3 4 -5 5 -7
leaf_value=0.0052270193852270276 0.011346346736346505 0.014623258881920453 0.0049463761801236267 -0.010012092278924248 -0.024742489383488657 0.0017237984310402206
leaf_weight=3.6437494774581909 2.3881117620621799 3.5318020183767667 1.1798501488519857 0.67864390011527564 5.6880074521613961 1.6658692440832963
leaf_count=552 173 644 62 531 1531 128
internal_value=-0.0014556 -0.00478816 -0.00998307 0.00813893 -0.0161478 -0.0199848
internal_weight=18.776 16.3879 12.1775 4.21045 8.53373 7.35388
internal_count=3621 3448 2273 1175 1721 1659
is_linear=0
shrinkage=0.05


Tree=227
num_leaves=7
num_cat=0
split_feature=12 16 31 33 40 9
split_gain=0.385342 0.45827 0.596923 0.393878 0.354852 0.303194
threshold=-0.17505461956188167 1.4689526365835628 0.076208321419188943 -0.81468718654458594 1.1884791715388263 -1.2972340473754005
decision_type=2 2 2 2 2 2
left_child=3 4 -3 -1 5 -2
right_child=1 2 -4 -5 -6 -7
leaf_value=0.0072147555915152073 -0.0055494072983346479 -0.018151711743231876 0.0075986505997025075 -0.012078520281565462 -0.0071256375196231906 0.016018878215243573
leaf_weight=1.4945760475529821 0.41272116822074156 1.4248330154077842 2.1241977916215546 5.6716564137168488 0.56793284148443479 7.5095993082504702
leaf_count=141 185 389 180 1436 173 1173
internal_value=0.000463615 0.00549284 -0.00631869 -0.00711311 0.0107909 0.0136796
internal_weight=19.2055 12.0393 3.54903 7.16623 8.49025 7.92232
internal_count=3677 2100 569 1577 1531 1358
is_linear=0
shrinkage=0.05


Tree=228
num_leaves=7
num_cat=0
split_feature=12 33 60 62 62 8
split_gain=0.429869 0.530441 0.627034 0.720124 0.317864 0.303242
threshold=0.20643778117919762 -0.81468718654458594 -0.25721538758473211 1.0099506040587021 0.60498045336565098 0.025134625528843411
decision_type=2 2 2 2 2 2
left_child=1 -1 3 -3 5 -4
right_child=-2 2 4 -5 -6 -7
leaf_value=0.0092576696318288181 0.0092444708974092817 -0.022069539572221984 -0.0051887800653809234 0.0052843693304451995 -0.0084462059078249819 0.014884420322207737
leaf_weight=2.1890793090278757 3.3125187438563435 6.5979983591532783 1.0137319476925779 1.8896750461135523 1.1707978465419726 2.6173304610711057
leaf_count=180 405 2165 128 460 180 173
internal_value=-0.0023878 -0.00597387 -0.00972573 -0.0161899 0.0035321 0.00946822
internal_weight=18.7911 15.4786 13.2895 8.48767 4.80186 3.63106
internal_count=3691 3286 3106 2625 481 301
is_linear=0
shrinkage=0.05


Tree=229
num_leaves=7
num_cat=0
split_feature=31 55 29 40 1 11
split_gain=0.514673 0.463595 0.333601 0.326348 0.304073 0.329815
threshold=-0.18670031921811239 0.6561834799233458 -0.84070190042835147 2.0418673677421295 1.6020790147655142 -0.27266958196428587
decision_type=2 2 2 2 2 2
left_child=1 2 -1 -4 5 -2
right_child=4 -3 3 -5 -6 -7
leaf_value=0.0015817514171068267 0.010287025885075541 0.0060914475613264843 -0.025286329083663347 0.0036710233535814495 -0.0092333886125160955 -0.0057215780716354109
leaf_weight=1.5254699311044531 9.7332061144988966 1.4280607060063628 2.720088022935673 0.3479588410409632 0.94186948926653791 2.1561651229567333
leaf_count=374 1069 94 1282 70 173 609
internal_value=-0.00151603 -0.010887 -0.0164866 -0.0218109 0.0041114 0.00681596
internal_weight=18.8528 6.02158 4.59352 3.06805 12.8312 11.8894
internal_count=3671 1820 1726 1352 1851 1678
is_linear=0
shrinkage=0.05


Tree=230
num_leaves=7
num_cat=0
split_feature=8 27 12 1 61 34
split_gain=0.430297 0.579179 0.560043 0.504142 0.452502 0.350857
threshold=0.22884663143098152 0.58117027964700485 0.18267219873577809 0.46735577295943959 0.75667882883327831 -0.99822798550893166
decision_type=2 2 2 2 2 2
left_child=2 -2 3 -1 5 -3
right_child=1 4 -4 -5 -6 -7
leaf_value=-0.018387591371060726 0.017212497978133106 -0.0089577969438635694 0.0078754454377243776 0.0034112773257137818 -0.016097243297552601 0.011339307108820376
leaf_weight=4.5630817518540443 4.0707610346144047 0.63796069985255632 3.2851290942780906 2.8392859856539872 0.99231870914809395 3.0856069258734351
leaf_count=1395 819 65 436 357 274 373
internal_value=0.00107721 0.00796313 -0.00508853 -0.0114539 -0.00360903 0.00541654
internal_weight=19.4741 8.78665 10.6875 7.40237 4.71589 3.72357
internal_count=3719 1531 2188 1752 712 438
is_linear=0
shrinkage=0.05


Tree=231
num_leaves=7
num_cat=0
split_feature=3 14 44 6 7 10
split_gain=0.54175 0.803434 0.444001 0.432349 0.351402 0.330783
threshold=-0.61771940121781621 1.0000000180025095e-35 0.89785457507074884 -0.83133442676365366 0.71568394199430208 -0.28471202050705013
decision_type=2 2 2 2 2 2
left_child=2 3 5 -2 -5 -1
right_child=1 -3 -4 4 -6 -7
leaf_value=0.012787004855828033 0.0035068664771503162 0.011006420436444155 -0.01093223548994559 -0.02425897902275502 0.00021198899079468922 -0.0071872170643462923
leaf_weight=7.8863785657449617 1.6117322391364721 1.6768268877640364 0.62110822350950989 4.2986430740129418 1.7715113582962656 0.52879233006388027
leaf_count=806 205 403 106 1422 543 161
internal_value=-0.00159585 -0.008771 0.00616928 -0.0149668 -0.0194094 0.00997287
internal_weight=18.395 9.35871 9.03628 7.68189 6.07015 8.41517
internal_count=3646 2573 1073 2170 1965 967
is_linear=0
shrinkage=0.05


Tree=232
num_leaves=7
num_cat=0
split_feature=41 40 41 35 41 54
split_gain=0.390412 0.588436 0.554559 0.290397 0.322488 0.235685
threshold=-1.0607002386258109 -0.67684099483737203 0.40658257715834573 -0.42586377109365575 1.0533280805068712 3.0995846915891221
decision_type=2 2 2 2 2 2
left_child=5 -2 -3 -4 -5 -1
right_child=1 2 3 4 -6 -7
leaf_value=-0.013486325140870024 -0.010957502737161938 0.016349496419725284 -0.011136257331049717 -0.0065902045982293893 0.010731209676277317 0.0050871643411051753
leaf_weight=2.5283489880384908 1.9376476304169088 7.5776796050486119 1.5698373696359373 1.9514646807801872 3.6441159530659206 0.63322093570604909
leaf_count=754 778 947 311 406 494 35
internal_value=0.00221249 0.00541711 0.00905801 -0.00120238 0.00449862 -0.00910065
internal_weight=19.8423 16.6807 14.7431 7.16542 5.59558 3.16157
internal_count=3725 2936 2158 1211 900 789
is_linear=0
shrinkage=0.05


Tree=233
num_leaves=7
num_cat=0
split_feature=12 30 40 44 40 42
split_gain=0.444505 0.47561 0.379996 0.375367 0.403594 0.285604
threshold=-0.17744454427553938 -0.31291264033773425 -0.67684099483737203 0.52905569892889759 0.77765049405033804 -0.71559678057563358
decision_type=2 2 2 2 2 2
left_child=1 -1 -2 4 5 -4
right_child=2 -3 3 -5 -6 -7
leaf_value=-0.018810447873796366 -0.0077464749457676592 0.00199277744500574 -0.00082575512753277022 -0.0050252564447634505 -0.0060628593198010609 0.020230141013787391
leaf_weight=1.7372594187181674 1.5710258089238784 5.3537789616966647 1.6829532055417056 1.8460965350386693 0.78168501736945462 6.0116788079321815
leaf_count=629 602 938 298 306 188 701
internal_value=0.00105928 -0.0071809 0.00642904 0.00984505 0.0135508 0.0166851
internal_weight=18.9845 7.09104 11.8934 10.3224 8.47632 7.69463
internal_count=3662 1567 2095 1493 1187 999
is_linear=0
shrinkage=0.05


Tree=234
num_leaves=7
num_cat=0
split_feature=16 39 16 27 19 10
split_gain=0.560854 0.511241 0.57806 0.50715 0.399715 0.393012
threshold=1.4689526365835628 -0.19807744865319579 -0.36831867093583637 1.2933593499058527 2.0818172176255678 0.85142755612170329
decision_type=2 2 2 2 2 2
left_child=1 4 -3 -2 5 -1
right_child=3 2 -4 -5 -6 -7
leaf_value=0.019164338432264925 -0.015548235155930313 -0.011567878098694778 0.013101703601793309 0.0058450491929577034 -0.0078968721310740744 -0.0045039169363818542
leaf_weight=6.7283688842289857 4.3172769279481136 4.1733409711596332 0.70436127111315716 2.4487264266062994 0.25470955795026373 0.93292165193997778
leaf_count=961 785 1199 29 196 41 491
internal_value=0.00118143 0.00687459 -0.00437271 -0.00838856 0.0131021 0.0158259
internal_weight=19.5597 12.7937 4.8777 6.766 7.916 7.66129
internal_count=3702 2721 1228 981 1493 1452
is_linear=0
shrinkage=0.05


Tree=235
num_leaves=7
num_cat=0
split_feature=42 42 41 41 32 7
split_gain=0.45834 0.486956 0.688531 1.0315 0.408332 0.364916
threshold=-1.0817384429222732 1.1508367431439801 -1.0607002386258109 0.92668393250901238 1.0412382217552956 0.23472415923540832
decision_type=2 2 2 2 2 2
left_child=-1 2 4 -4 -2 -5
right_child=1 -3 3 5 -6 -7
leaf_value=-0.013215279300547389 -0.015942900500583064 -0.0093697129375824202 0.025931850620641957 -0.010514475995261669 0.0065208179212395334 0.0075997765514770506
leaf_weight=2.9590777153789558 1.8824580315558699 3.3592894848407004 3.9206202801433374 2.7650201279320754 1.291273326060036 2.5012683167296927
leaf_count=746 649 745 321 581 124 508
internal_value=-0.00127021 0.00273581 0.00721316 0.0131827 -0.00807582 -0.00227524
internal_weight=18.679 15.7199 12.3606 9.18691 3.17373 5.26629
internal_count=3674 2928 2183 1410 773 1089
is_linear=0
shrinkage=0.05


Tree=236
num_leaves=7
num_cat=0
split_feature=42 42 41 3 41 1
split_gain=0.426906 0.486925 0.615173 0.508062 0.433908 0.353027
threshold=-0.85875908565313119 0.6812960478535327 -1.3144295595136772 -0.64719219981441423 1.3603304082082748 1.4745223037428172
decision_type=2 2 2 2 2 2
left_child=-1 2 -2 -3 5 -4
right_child=1 3 4 -5 -6 -7
leaf_value=-0.008009435261228234 -0.0064385622278721388 0.0069616703008029829 0.023478671681178676 -0.013478176602280839 -0.0049947842366029529 -0.0044803199269701213
leaf_weight=4.7317831596446949 1.8533518998010547 3.5826210591039853 5.925323656992985 2.8904466177191344 0.72637705542729225 0.31274200126063068
leaf_count=1020 453 356 658 884 248 62
internal_value=0.00214388 0.00608419 0.0122571 -0.00354336 0.0176729 0.0210772
internal_weight=20.0226 15.2909 8.81779 6.47307 6.96444 6.23807
internal_count=3681 2661 1421 1240 968 720
is_linear=0
shrinkage=0.05


Tree=237
num_leaves=7
num_cat=0
split_feature=41 41 42 42 44 7
split_gain=0.371835 0.376886 0.642075 0.940467 0.2959 0.220986
threshold=0.72977681875721478 -1.0839345500074311 -1.0817384429222732 1.0588256208313371 1.0521734148600073 -0.29655753137247359
decision_type=2 2 2 2 2 2
left_child=1 -1 4 -4 -3 -5
right_child=-2 2 3 5 -6 -7
leaf_value=-0.0077790199516586476 -0.00951683647453643 -0.01274202556601225 0.026772043197888014 0.0055037751302180402 0.0065826988070400543 -0.0096783323573383893
leaf_weight=2.9374332692968901 5.6348645613907129 2.376413337871782 3.0938992458977737 2.0185213318909523 0.84577968364465039 1.8602979470306307
leaf_count=751 1281 631 223 281 62 474
internal_value=-0.00127841 0.00336896 0.00761934 0.0144121 -0.00694141 -0.00282298
internal_weight=18.7672 13.1323 10.1949 6.97272 3.22219 3.87882
internal_count=3703 2422 1671 978 693 755
is_linear=0
shrinkage=0.05


Tree=238
num_leaves=7
num_cat=0
split_feature=37 2 45 45 31 17
split_gain=0.533692 0.484644 0.384903 0.437739 0.377665 0.355985
threshold=0.77026269463786745 -0.63506063091101261 -0.72548612918283728 1.4524619339164471 2.7414612249790742 1.0000000180025095e-35
decision_type=2 2 2 2 2 2
left_child=1 4 -3 -4 5 -1
right_child=-2 2 3 -5 -6 -7
leaf_value=-0.01809882284688822 -0.011929264373142859 -0.0066170152732249049 0.016354964815365174 -0.0076290698584062693 0.0067081323596765875 0.0045038284274947797
leaf_weight=2.3367993832798688 3.1079396998684379 1.0152528046310187 8.7916050612402579 0.4608970964036424 2.0777779468335211 1.1247795698582193
leaf_count=552 817 424 1404 187 90 172
internal_value=0.0010525 0.00510067 0.0105428 0.0135848 -0.00514677 -0.0120733
internal_weight=18.9151 15.8071 10.2678 9.2525 5.53936 3.46158
internal_count=3646 2829 2015 1591 814 724
is_linear=0
shrinkage=0.05


Tree=239
num_leaves=7
num_cat=0
split_feature=8 15 17 15 0 44
split_gain=0.400094 0.531466 0.55094 0.450102 0.361595 0.314033
threshold=0.10920624701226535 -0.80649847674524766 1.0000000180025095e-35 0.80329679500201812 2.0850002938743639 -0.035445912381296352
decision_type=2 2 2 2 2 2
left_child=1 2 4 -2 -1 -3
right_child=3 5 -4 -5 -6 -7
leaf_value=-0.02470064250121844 0.012732214630221842 -0.0063832146006834335 0.0055662700393886641 -0.0048850044819890841 0.0043429902839507315 0.012079763656111273
leaf_weight=2.9615652961074379 6.5499009819468466 1.5077336223330347 1.3135823119082486 3.7990083162876545 0.34031092625809822 2.5287705338851101
leaf_count=862 717 479 203 1036 12 353
internal_value=0.000802406 -0.00606976 -0.0142785 0.00662063 -0.0210648 0.00540217
internal_weight=19.0009 8.65196 4.61546 10.3489 3.30188 4.0365
internal_count=3662 1909 1077 1753 874 832
is_linear=0
shrinkage=0.05


Tree=240
num_leaves=7
num_cat=0
split_feature=6 32 4 9 44 32
split_gain=0.436698 0.633609 0.40501 0.391192 0.479032 0.317815
threshold=-0.7442331717682209 1.3819977843591269 -1.2539232152213609 1.4163398821077426 0.45975926086972596 0.16258493820803946
decision_type=2 2 2 2 2 2
left_child=2 3 -1 4 -2 -6
right_child=1 -3 -4 -5 5 -7
leaf_value=-0.0090897596922050895 -0.020769204656787523 0.0082628419830721288 0.012007339888317937 0.0055162998086802873 0.010573345906791735 -0.0092548131933890259
leaf_weight=0.62388410678249773 5.4844354255328636 3.4031936514656982 6.1127389859466374 1.2329029465327037 1.4891819966142068 0.76873361147590902
leaf_count=299 1915 375 577 75 242 192
internal_value=-0.000492432 -0.00568131 0.00785483 -0.011714 -0.0152321 0.00239387
internal_weight=19.1151 12.3784 6.73662 8.97525 7.74235 2.25792
internal_count=3675 2799 876 2424 2349 434
is_linear=0
shrinkage=0.05


Tree=241
num_leaves=7
num_cat=0
split_feature=4 12 7 61 42 40
split_gain=0.376896 0.726873 0.460683 0.364802 0.324511 0.272698
threshold=-0.52745560780875012 0.13297566581978587 0.9700758932056176 -0.81904379972461328 0.64682001994145477 -0.65748381443397308
decision_type=2 2 2 2 2 2
left_child=1 -1 3 -2 5 -5
right_child=2 -3 -4 4 -6 -7
leaf_value=-0.019410745035958035 -0.0040425283170869575 0.0065584578887115628 -0.011817687909718688 -0.0027470847100338263 -0.0028354957163642634 0.018748993553760928
leaf_weight=2.9139051292731919 3.3588131549186064 2.8663643382606097 1.0134276066964947 0.93574039184022595 1.9924429284146752 5.8326372733281451
leaf_count=910 449 330 571 291 470 680
internal_value=-0.000402446 -0.0086921 0.00418396 0.00760134 0.0119579 0.0158462
internal_weight=18.9133 5.78027 13.1331 12.1196 8.76082 6.76838
internal_count=3701 1240 2461 1890 1441 971
is_linear=0
shrinkage=0.05


Tree=242
num_leaves=7
num_cat=0
split_feature=10 11 34 22 44 36
split_gain=0.501016 0.36906 0.32952 0.310802 0.328528 0.326098
threshold=0.2414759469530495 0.87550667536084736 1.4063061490502029 -1.7900328811776716 0.89785457507074884 1.8027382342106593
decision_type=2 2 2 2 2 2
left_child=1 3 -2 -1 5 -5
right_child=2 -3 -4 4 -6 -7
leaf_value=-0.0079005637171280629 -0.017752023973580802 -0.010797867038192889 0.0062163772263710212 0.013456323223251632 -0.0054854521230254388 -0.0053680105693969665
leaf_weight=0.98313151337788696 2.2124779353180197 0.92230554230627682 0.28532278718193982 11.79469382483512 1.7278748688986532 1.0665190334257193
leaf_count=504 1176 420 32 1172 223 138
internal_value=0.000244985 0.00397532 -0.013116 0.00645316 0.00860298 0.0111753
internal_weight=18.9923 16.4945 2.4978 15.5722 14.5891 12.8612
internal_count=3665 2457 1208 2037 1533 1310
is_linear=0
shrinkage=0.05


Tree=243
num_leaves=7
num_cat=0
split_feature=6 7 62 6 37 2
split_gain=0.393292 0.395362 0.483828 0.391366 0.388224 0.362741
threshold=0.9255895720257995 0.23472415923540832 -0.23831536201628803 -0.19182784403402889 1.2154223333392695 -0.63506063091101261
decision_type=2 2 2 2 2 2
left_child=1 3 -3 5 -4 -1
right_child=-2 2 4 -5 -6 -7
leaf_value=-0.0046539707205069019 -0.013396223892681606 -0.0075298773450932837 0.020650787822454612 -0.012474669512210554 -0.0042388712223784099 0.010858835970676099
leaf_weight=5.1260784885089405 1.0400150546483917 0.88167309208074574 4.2978077291772925 2.6588316475681522 0.86325444286921982 4.4491895694227415
leaf_count=745 608 234 611 731 222 565
internal_value=0.00105118 0.00364622 0.0116227 -0.00180654 0.0164598 0.00342506
internal_weight=19.3169 18.2768 6.04274 12.2341 5.16106 9.57527
internal_count=3716 3108 1067 2041 833 1310
is_linear=0
shrinkage=0.05


Tree=244
num_leaves=7
num_cat=0
split_feature=42 56 22 61 1 0
split_gain=0.337472 0.358798 0.34374 0.374286 0.302828 0.411404
threshold=-1.0622889373927713 1.6275456561770232 -1.7900328811776716 1.2209021085925966 1.1492526906349403 -0.59462854202784665
decision_type=2 2 2 2 2 2
left_child=1 -1 -2 4 5 -4
right_child=2 -3 3 -5 -6 -7
leaf_value=-0.014580477562339218 -0.0099503575393142529 0.0069718802244125569 -0.0032389379410239991 -0.0081685747453356175 -0.003665679347777596 0.016213072763320516
leaf_weight=2.7094264897168645 0.92026313944370564 0.77299617195967574 2.3774216402234734 1.2585654136200908 2.267278537125093 9.0143080599082115
leaf_count=735 537 42 506 289 334 1263
internal_value=0.00122435 -0.00878395 0.0044734 0.00688024 0.00948817 0.0123246
internal_weight=19.3203 3.48242 15.8378 14.9176 13.659 11.3917
internal_count=3706 777 2929 2392 2103 1769
is_linear=0
shrinkage=0.05


Tree=245
num_leaves=7
num_cat=0
split_feature=15 7 36 37 36 6
split_gain=0.423979 0.456513 0.362994 0.306696 0.309175 0.376738
threshold=0.80329679500201812 -0.37502154882421379 0.032470408532552869 1.2866478755314936 1.7950080809076829 0.9255895720257995
decision_type=2 2 2 2 2 2
left_child=1 -1 -2 4 5 -3
right_child=2 3 -4 -5 -6 -7
leaf_value=-0.0074091790167976406 -0.015182193764084563 0.01780680235638948 0.003588773536744905 -0.0073356028827241578 -0.0046386606436111585 -0.0064504762082001101
leaf_weight=3.4950651992548947 4.3356777306034919 6.79495318478439 2.4968777038448025 0.406417794714799 1.0071657726366536 0.34634393849410106
leaf_count=709 1527 688 339 119 129 188
internal_value=-0.00139438 0.00406195 -0.00932053 0.00945534 0.0120414 0.0150702
internal_weight=18.8825 12.0499 6.83256 8.55488 8.14846 7.1413
internal_count=3699 1833 1866 1124 1005 876
is_linear=0
shrinkage=0.05


Tree=246
num_leaves=7
num_cat=0
split_feature=33 2 3 2 54 33
split_gain=0.36023 0.431978 0.398542 0.376035 0.343195 0.379927
threshold=-0.44271362084957616 -0.63506063091101261 -0.21080463349704318 -0.032644831284051268 1.4244498022856973 -0.81602000444276512
decision_type=2 2 2 2 2 2
left_child=1 4 -2 -4 5 -1
right_child=2 -3 3 -5 -6 -7
leaf_value=0.0039806663018436958 -0.018221367651762809 0.0096446301369051413 -0.0095709332634975452 0.010693369768898071 0.0067020917564893472 -0.018349152159579912
leaf_weight=1.552255988470278 2.6899037551920637 6.450427692470841 1.275544378993801 2.0235895521764151 1.577045665704645 2.4548141504637901
leaf_count=149 840 905 480 628 90 569
internal_value=-0.00242719 0.00265066 -0.0101101 0.00203173 -0.0059755 -0.0116982
internal_weight=18.0236 12.0345 5.98904 3.29913 5.58412 4.00707
internal_count=3661 1713 1948 1108 808 718
is_linear=0
shrinkage=0.05


Tree=247
num_leaves=7
num_cat=0
split_feature=17 44 44 39 12 24
split_gain=0.413363 0.250862 0.379883 0.448922 0.278105 0.306046
threshold=1.0000000180025095e-35 -0.62380969217410798 0.47030233067827715 -1.3061518579761733 -0.25632007970783355 1.8141562480906714
decision_type=2 2 2 2 2 2
left_child=1 -1 3 -3 -5 -6
right_child=-2 2 -4 4 5 -7
leaf_value=-0.014823000409756601 0.011607790338006465 -0.012502175121948671 -0.010618053673910582 -0.0058309092520663561 0.012772884464860135 -0.0069974268017778223
leaf_weight=1.4798917747248257 2.1051995623565736 0.70373773617029911 3.7995706618821705 1.2974740028876119 8.6158436604891815 0.38385098653088867
leaf_count=542 250 235 687 398 1325 241
internal_value=-0.00121657 -0.004423 -0.00106017 0.0038088 0.00749268 0.0103911
internal_weight=18.3856 16.2804 14.8005 11.0009 10.2972 8.99969
internal_count=3678 3428 2886 2199 1964 1566
is_linear=0
shrinkage=0.05


Tree=248
num_leaves=7
num_cat=0
split_feature=45 61 33 45 0 12
split_gain=0.359754 0.427909 0.478991 0.332464 0.295971 0.354357
threshold=-0.14387499869609668 0.62329031386667577 -0.75576554276365393 -0.64299015894049993 0.66926305890602911 0.61023881920827894
decision_type=2 2 2 2 2 2
left_child=1 2 -1 -3 5 -2
right_child=4 3 -4 -5 -6 -7
leaf_value=0.0089762390196662274 -0.015857952129022957 -0.0055498727629840665 -0.010421407917068854 0.019418856471321022 0.0036310998377086568 0.0061818036285082537
leaf_weight=3.0415958094818052 4.1089383274520497 0.29181497151148539 3.8037497729092156 3.0878596163238399 3.5381815155269578 0.67083653988083813
leaf_count=416 1131 150 1179 342 349 53
internal_value=0.000788018 0.00629687 -0.00169358 0.015667 -0.00585795 -0.0115737
internal_weight=18.543 10.225 6.84535 3.37967 8.31796 4.77977
internal_count=3620 2087 1595 492 1533 1184
is_linear=0
shrinkage=0.05


Tree=249
num_leaves=7
num_cat=0
split_feature=37 40 32 61 6 37
split_gain=0.303186 0.469025 0.43288 0.556722 0.398382 0.261261
threshold=0.77026269463786745 -0.67684099483737203 -0.92251391976343511 -0.79443625523589878 -1.010121213333226 2.1591607673862412
decision_type=2 2 2 2 2 2
left_child=1 -1 -3 4 -4 -2
right_child=5 2 3 -5 -6 -7
leaf_value=-0.011728138334368964 -0.014549674462013633 -0.0095473300512586082 0.0083853982275228361 0.016214220310946405 -0.010759020248149585 0.0053361386030378252
leaf_weight=1.7128213462274295 2.6143509483517842 1.1975995715474717 2.1121691402804572 7.2247569741739417 2.9989391095296005 0.55909068702021603
leaf_count=802 795 452 148 936 496 53
internal_value=-0.000650444 0.00267248 0.00629242 0.00939701 -0.00267228 -0.0101556
internal_weight=18.4197 15.2463 13.5335 12.3359 5.11111 3.17344
internal_count=3682 2834 2032 1580 644 848
is_linear=0
shrinkage=0.05


Tree=250
num_leaves=7
num_cat=0
split_feature=37 62 33 43 62 30
split_gain=0.386081 0.368042 0.510302 0.423073 0.369472 0.255085
threshold=1.1085840200509329 0.51081527154663342 -0.74382988540874584 -0.22406139432009584 1.2466036995112193 -2.0200928189893528
decision_type=2 2 2 2 2 2
left_child=1 2 -1 -4 -3 -5
right_child=-2 4 3 5 -6 -7
leaf_value=0.0059334977736089549 -0.014666545819920419 0.015137371806405253 0.0038711944617577788 0.0040940433139244484 -0.0061958336349909075 -0.020362146385110858
leaf_weight=5.7820338497113006 1.4080807264690509 3.9894197181420159 2.065693655138606 0.22481910830538643 0.96326240329653945 3.4706085569778171
leaf_count=627 476 591 446 8 348 1154
internal_value=-0.00144662 0.00176506 -0.00322038 -0.0112934 0.0102161 -0.0177066
internal_weight=17.9039 16.4958 11.5432 5.76112 4.95268 3.69543
internal_count=3650 3174 2235 1608 939 1162
is_linear=0
shrinkage=0.05


Tree=251
num_leaves=7
num_cat=0
split_feature=10 16 61 41 41 43
split_gain=0.403221 0.393692 0.623815 0.412489 0.343037 0.300797
threshold=0.34085008552547069 1.4689526365835628 -0.42819396809553301 -1.0607002386258109 0.91373320154908544 -0.09668111426357183
decision_type=2 2 2 2 2 2
left_child=1 3 5 -1 -5 -3
right_child=-2 2 -4 4 -6 -7
leaf_value=-0.0065022341472429279 -0.012203332215351777 0.013732103770685501 -0.017549180921373392 0.017010879651377441 -0.0023752322893978214 -0.0039163416639143448
leaf_weight=1.5960886545653945 1.927375922736245 1.7866618416737763 1.9327435924933514 6.4488382880226727 2.1308868045452982 2.8471792462223675
leaf_count=367 1089 118 451 833 466 314
internal_value=0.000682819 0.00379523 -0.00457156 0.00900598 0.0128281 0.00561073
internal_weight=18.6698 16.7424 6.56658 10.1758 8.57973 4.63384
internal_count=3638 2549 883 1666 1299 432
is_linear=0
shrinkage=0.05


Tree=252
num_leaves=7
num_cat=0
split_feature=10 36 45 11 4 4
split_gain=0.458675 0.304323 0.334809 0.309883 0.282964 0.26032
threshold=0.21031206479920786 1.7950080809076829 1.5514595731482326 0.87550667536084736 0.8288505578265889 -1.2539232152213609
decision_type=2 2 2 2 2 2
left_child=1 2 3 5 -2 -1
right_child=4 -3 -4 -5 -6 -7
leaf_value=-0.0057345684441679401 -0.017950129409864526 -0.0071645813837697475 -0.0092182428741678941 -0.0064539080593200614 0.003404546431253173 0.01283425671382815
leaf_weight=0.43345952291565737 1.3772821753664168 2.0560004555445621 0.41380439494969401 0.90471026371233243 1.1512463635881429 12.956582371989496
leaf_count=224 720 326 129 370 507 1429
internal_value=0.00124558 0.00466529 0.00725251 0.00924563 -0.0116558 0.0112935
internal_weight=19.2931 16.7646 14.7086 14.2948 2.52853 13.39
internal_count=3705 2478 2152 2023 1227 1653
is_linear=0
shrinkage=0.05


Tree=253
num_leaves=7
num_cat=0
split_feature=46 61 38 34 12 62
split_gain=0.358608 0.386357 0.494076 0.519318 0.412067 0.295027
threshold=1.0000000180025095e-35 -1.551176837655506 -0.25848535223467256 0.63623346840219452 0.75718978286573402 0.60498045336565098
decision_type=2 2 2 2 2 2
left_child=1 -1 4 -4 -3 -2
right_child=5 2 3 -5 -6 -7
leaf_value=0.0070455302067957276 0.012808501138389779 -0.018510184838164408 0.014000070038290846 -0.010533291420488297 0.0047656371264713157 -0.0058072906676557914
leaf_weight=3.0645737323793592 4.3490551431896156 5.700639090835466 2.1450644661672418 0.96443215981707897 1.097990580339683 0.99560616665985424
leaf_count=301 326 1714 312 752 115 127
internal_value=0.000112899 -0.00428982 -0.00861846 0.00495503 -0.0144429 0.00849965
internal_weight=18.3174 12.9727 9.90813 3.1095 6.79863 5.34466
internal_count=3647 3194 2893 1064 1829 453
is_linear=0
shrinkage=0.05


Tree=254
num_leaves=7
num_cat=0
split_feature=47 6 42 43 61 42
split_gain=0.538506 0.739765 0.480056 0.379499 0.267976 0.306542
threshold=0.96527274207848213 -1.1086831597754263 0.63118343091792328 -0.65535236490582649 1.2209021085925966 -1.0817384429222732
decision_type=2 2 2 2 2 2
left_child=2 -2 3 -1 5 -5
right_child=1 -3 -4 4 -6 -7
leaf_value=-0.0063009064243111923 0.0080350272102377839 -0.018266118587913351 -0.0064778358023968256 -0.00062044520878737624 -0.0035837901815421931 0.020514755635851221
leaf_weight=0.91229582621599448 2.3099662513996009 3.4420398458460104 2.9641700034699161 1.8954570620408029 0.80516780121252018 6.2373912949260575
leaf_count=261 249 1297 673 320 152 706
internal_value=0.00160143 -0.00857007 0.00692673 0.011531 0.0144772 0.0167491
internal_weight=18.5665 5.75201 12.8145 9.85031 8.93802 8.13285
internal_count=3658 1546 2112 1439 1178 1026
is_linear=0
shrinkage=0.05


Tree=255
num_leaves=7
num_cat=0
split_feature=39 61 26 41 12 5
split_gain=0.420476 0.605471 0.366282 0.335867 0.317517 0.447319
threshold=0.39181715173577641 -0.81904379972461328 -0.23174267365523718 1.1457052944242745 3.0429362346764282 0.11455731220002165
decision_type=2 2 2 2 2 2
left_child=2 -2 4 -4 5 -1
right_child=1 -3 3 -5 -6 -7
leaf_value=-0.019003593539386635 -0.019566267709313283 0.0065087086044163488 0.012012755421559102 -0.0067581743477584293 0.0086825529874472434 0.0035377653252912284
leaf_weight=2.0264631041936818 2.8402167544700205 1.7238904753467057 7.4004532096732873 0.98695061431499187 0.61183449736563478 2.5157297520636348
leaf_count=657 819 273 940 261 25 673
internal_value=-0.0014299 -0.0110423 0.003225 0.00860544 -0.00547552 -0.0100776
internal_weight=18.1055 4.56411 13.5414 8.3874 5.15403 4.54219
internal_count=3648 1092 2556 1201 1355 1330
is_linear=0
shrinkage=0.05


Tree=256
num_leaves=7
num_cat=0
split_feature=40 7 37 49 45 39
split_gain=0.394488 0.409004 0.392302 0.313413 0.267677 0.246158
threshold=0.77765049405033804 -0.1428888933438883 1.2154223333392695 -0.3563589200727057 -0.65123789975899804 -1.1740456631907088
decision_type=2 2 2 2 2 2
left_child=1 3 4 -1 -3 -6
right_child=-2 2 -4 -5 5 -7
leaf_value=-0.010544566964335192 -0.012062865500179085 -0.0035475354987789236 -0.007691574253046069 0.0063949169253637132 -0.0037401075798201167 0.017413580452330605
leaf_weight=4.5163558895146716 2.4475974325323469 1.131110509726567 0.93521898247127033 1.8345040390267966 0.5170753511338243 6.560326322520269
leaf_count=1198 608 385 298 174 129 874
internal_value=-0.000269892 0.00324752 0.00892658 -0.00516963 0.0123718 0.0152148
internal_weight=17.9422 15.4946 9.14373 6.35086 8.20851 7.0774
internal_count=3666 3058 1686 1372 1388 1003
is_linear=0
shrinkage=0.05


Tree=257
num_leaves=7
num_cat=0
split_feature=36 10 34 39 39 37
split_gain=0.403408 0.617014 0.488582 0.281229 0.376104 0.236285
threshold=1.423349209223215 0.2414759469530495 0.61097456634561575 -1.3061518579761733 0.30446530048987736 2.6399331771837553
decision_type=2 2 2 2 2 2
left_child=1 2 3 -1 -5 -3
right_child=-2 5 -4 4 -6 -7
leaf_value=-0.0048278248859802593 -0.012333622247351447 -0.016793063792688672 -0.0090558669535681698 0.018552938007430034 -0.00061678564253853378 0.0048480093250607209
leaf_weight=0.98107397375861083 3.5967290436383328 1.9277886322524858 1.4973017433367193 6.1776555996038969 3.2873618483718019 0.22340339294169087
leaf_count=153 592 1170 545 584 626 4
internal_value=-0.00203175 0.00230026 0.00712339 0.0109455 0.0133489 -0.0130311
internal_weight=17.6913 14.0946 11.9434 10.4461 9.46502 2.15119
internal_count=3674 3082 1908 1363 1210 1174
is_linear=0
shrinkage=0.05


Tree=258
num_leaves=7
num_cat=0
split_feature=37 54 38 31 56 30
split_gain=0.38563 0.414484 0.544889 0.632158 0.396997 0.330839
threshold=-0.814505619139123 0.54257378601477346 -0.25848535223467256 3.0209360870532929 1.2512712487917492 -1.3899599106495353
decision_type=2 2 2 2 2 2
left_child=5 2 3 4 -2 -1
right_child=1 -3 -4 -5 -6 -7
leaf_value=-0.00748339549842257 -0.025758131648257073 0.0037726474807686949 0.0045730037656997232 0.0053683778298999254 0.0042004395619266669 0.014009513275458924
leaf_weight=0.43496167869307134 4.9050512447283836 5.155646321916719 2.5918441645480907 1.3374618561938403 0.40570908837253217 2.4828850880003328
leaf_count=255 1471 505 923 55 24 456
internal_value=-0.00288386 -0.00630551 -0.0114752 -0.0172082 -0.0227794 0.00863614
internal_weight=17.3136 14.3957 9.24007 6.64822 5.31076 2.91785
internal_count=3689 2978 2473 1550 1495 711
is_linear=0
shrinkage=0.05


Tree=259
num_leaves=7
num_cat=0
split_feature=31 12 39 6 39 45
split_gain=0.422595 0.362918 0.217339 0.664193 0.41059 0.268595
threshold=-0.325867974797374 3.0429362346764282 -0.37278115114499366 -0.46115409303306437 -1.3131615744341776 -0.56956484739277491
decision_type=2 2 2 2 2 2
left_child=1 -1 4 5 -2 -4
right_child=2 -3 3 -5 -6 -7
leaf_value=-0.013370963131222369 -0.0070061483968549727 0.0076608900612731888 -0.0058919910626688988 -0.01206474074664605 0.016391403679903251 0.012585756331821211
leaf_weight=4.1336672517354627 0.66444449577829789 0.65640893427189428 0.6589721671771257 3.4140138813527265 4.0382162611640533 5.028347346233204
leaf_count=1470 153 37 194 905 488 426
internal_value=0.0011309 -0.00864852 0.00546259 0.000173599 0.0116444 0.00914945
internal_weight=18.5941 4.79008 13.804 9.10133 4.70266 5.68732
internal_count=3673 1507 2166 1525 641 620
is_linear=0
shrinkage=0.05


Tree=260
num_leaves=7
num_cat=0
split_feature=33 36 39 53 40 42
split_gain=0.73865 0.511779 0.371522 0.372634 0.346936 0.309542
threshold=-0.13228815415989451 1.7950080809076829 0.39181715173577641 -0.27617693850284059 -0.65748381443397308 1.3714266727360476
decision_type=2 2 2 2 2 2
left_child=1 2 4 -4 -1 -6
right_child=-2 -3 3 -5 5 -7
leaf_value=-0.0051695548458816467 -0.017360237723633397 -0.012332717206167063 -0.011822089252830804 0.0084061029802893969 0.016758164492351343 -0.0047645034385256496
leaf_weight=1.2216669953631925 2.7225667679012977 1.4538196257781226 2.4128823773062318 1.2168249332462435 7.8706275808508526 0.6363378005044068
leaf_count=402 1335 303 753 74 691 108
internal_value=-0.00193794 0.00334323 0.00699813 -0.00430555 0.0112363 0.0143258
internal_weight=17.5347 14.8122 13.3583 3.62971 9.72863 8.50697
internal_count=3666 2331 2028 827 1201 799
is_linear=0
shrinkage=0.05


Tree=261
num_leaves=7
num_cat=0
split_feature=44 37 36 36 43 40
split_gain=0.470759 0.400602 0.304723 0.317769 0.232151 0.196867
threshold=-0.12345291013433779 0.77026269463786745 -0.55793768978440972 1.7950080809076829 1.0888602779081562 -0.74385123076359572
decision_type=2 2 2 2 2 2
left_child=-1 2 -2 4 5 -4
right_child=1 -3 3 -5 -6 -7
leaf_value=-0.010025697023602323 -0.0053070019217106995 -0.0083864270405825218 -0.0023573431211039303 -0.0039277242386776051 -0.0037961335255352448 0.018799140386025141
leaf_weight=5.1761190542602007 1.4899118345783779 2.0132628584251497 0.54494525367044744 1.4658674080274066 0.44433851371286426 6.5380188607086884
leaf_count=1527 601 499 185 219 52 526
internal_value=-0.000363217 0.00480518 0.00864091 0.0117012 0.0149967 0.0169543
internal_weight=17.6725 12.4963 10.4831 8.99317 7.5273 7.08296
internal_count=3609 2082 1583 982 763 711
is_linear=0
shrinkage=0.05


Tree=262
num_leaves=7
num_cat=0
split_feature=16 0 39 16 6 19
split_gain=0.406642 0.512131 0.43281 0.426762 0.345579 0.317596
threshold=1.4689526365835628 0.34324155053792682 -0.19807744865319579 -0.36831867093583637 0.9255895720257995 2.0818172176255678
decision_type=2 2 2 2 2 2
left_child=2 -2 4 -4 5 -1
right_child=1 -3 3 -5 -6 -7
leaf_value=0.016985141181185947 -0.019267535666121025 0.0028654522052810136 -0.011501786870687689 0.010398510464388361 -0.0060414032264892465 -0.0061951683159928873
leaf_weight=5.7169788240862554 2.3528624110476803 3.8127104429295287 3.9090577063616374 0.59573223465122271 0.8774898739211493 0.20119108736980695
leaf_count=972 619 347 1186 33 437 34
internal_value=-0.00102069 -0.00912272 0.00438626 -0.00560659 0.0106988 0.0143782
internal_weight=17.466 6.16557 11.3004 4.50479 6.79566 5.91817
internal_count=3628 966 2662 1219 1443 1006
is_linear=0
shrinkage=0.05


Tree=263
num_leaves=7
num_cat=0
split_feature=39 37 42 43 29 53
split_gain=0.334981 0.483578 0.403205 0.350227 0.282489 0.299807
threshold=1.0000000180025095e-35 -0.60305479075595703 -0.68596497230066455 1.0888602779081562 0.74409644692992705 2.4966414914563964
decision_type=2 2 2 2 2 2
left_child=2 -2 -1 4 5 -4
right_child=1 -3 3 -5 -6 -7
leaf_value=-0.007010090648605579 0.0068836912534024275 -0.013576548508261933 0.019768383876793097 -0.0076750158511627855 -0.0036094932852741694 -0.0028838271390536569
leaf_weight=2.8035619887377843 2.1802764275489608 5.2924652349756789 4.8030345752631556 0.46347366034751747 1.0469000854354815 0.94741503149271
leaf_count=729 580 969 579 129 574 96
internal_value=-0.000775517 -0.00734513 0.00466893 0.00990956 0.0130915 0.0163271
internal_weight=17.5371 7.47274 10.0644 7.26082 6.79735 5.75045
internal_count=3656 1549 2107 1378 1249 675
is_linear=0
shrinkage=0.05


Tree=264
num_leaves=7
num_cat=0
split_feature=37 44 44 39 41 33
split_gain=0.476848 0.308823 0.303704 0.307426 0.214611 0.223445
threshold=0.36071582703257771 -0.10573200160251685 -0.19154591569508517 -0.62405252571653025 -1.427240926767311 -0.81468718654458594
decision_type=2 2 2 2 2 2
left_child=1 -1 3 -2 -4 -6
right_child=2 -3 4 -5 5 -7
leaf_value=-0.0041037291732059864 0.011641283579516257 0.010091595291299929 0.003748965453300375 -0.0081427779616826488 0.0032188929393755471 -0.019716032900708048
leaf_weight=3.9078866871423097 1.2498222397553038 7.706055061527878 0.37911160584189918 0.86294500879012037 0.37277200818061862 3.3457206151651908
leaf_count=1073 171 1193 28 303 12 916
internal_value=-0.000186144 0.00545322 -0.0090734 0.00352417 -0.014313 -0.0170062
internal_weight=17.8243 11.6139 6.21037 2.11277 4.0976 3.71849
internal_count=3696 2266 1430 474 956 928
is_linear=0
shrinkage=0.05


Tree=265
num_leaves=7
num_cat=0
split_feature=17 3 11 7 35 61
split_gain=0.334535 0.302198 0.455728 0.278078 0.24626 0.286228
threshold=1.0000000180025095e-35 -0.71849735770940948 -0.39709896903122416 -0.42907983845661835 0.15804097975569684 -1.6327528006153156
decision_type=2 2 2 2 2 2
left_child=1 3 -3 -1 5 -4
right_child=-2 2 4 -5 -6 -7
leaf_value=-0.0072162831886845294 0.0088665481490743589 -0.016893540829540737 0.007193290321314264 0.010654623359835511 0.0075172653543311265 -0.011840477337893519
leaf_weight=1.0210970194748372 1.9156214918184566 5.5713183531479444 0.62455963433603789 2.3854759908572314 3.1237621423206292 2.704981578703153
leaf_count=301 249 1175 45 143 891 881
internal_value=-0.00335658 -0.00607016 -0.00933422 0.00442715 0.000482027 -0.00655295
internal_weight=17.3468 15.4312 12.0246 3.40657 6.4533 3.32954
internal_count=3685 3436 2992 444 1817 926
is_linear=0
shrinkage=0.05


Tree=266
num_leaves=7
num_cat=0
split_feature=32 62 27 27 41 41
split_gain=0.28174 0.291461 0.2889 0.449688 0.276065 0.322945
threshold=1.3016868206292236 0.58197370140442017 0.39516533405048854 -0.56864485518579511 -0.95222911634253082 0.86603950964098686
decision_type=2 2 2 2 2 2
left_child=2 -2 3 -1 -5 -6
right_child=1 -3 -4 4 5 -7
leaf_value=-0.0096573412612555275 0.012956192006501591 -0.0060906255188597838 -0.011125771269922383 -0.0053683382782656087 0.016907309536593543 -0.0036486780549093039
leaf_weight=2.8085644388775108 3.1981532978388705 0.87017904070671637 4.6157604050677028 1.1893543341284383 3.7607862415170548 1.3962901429185874
leaf_count=1204 260 181 853 283 498 402
internal_value=-0.000399137 0.00802631 -0.00387879 0.00161916 0.0081075 0.0120467
internal_weight=17.8391 4.06833 13.7708 9.155 6.34643 5.15708
internal_count=3681 441 3240 2387 1183 900
is_linear=0
shrinkage=0.05


Tree=267
num_leaves=7
num_cat=0
split_feature=8 27 32 17 11 40
split_gain=0.497312 0.757587 0.328513 0.387381 0.287275 0.276903
threshold=0.22884663143098152 0.58117027964700485 1.583309324572302 1.0000000180025095e-35 -0.74397237763362656 -0.34273111792078942
decision_type=2 2 2 2 2 2
left_child=2 5 3 -1 -3 -2
right_child=1 4 -4 -5 -6 -7
leaf_value=-0.017009997044512407 -0.0041312118441593423 0.0041990168789185585 0.0060591129197673449 0.0044759001046678947 -0.014287194241850338 0.019169714970870833
leaf_weight=6.7118903674272588 0.44667019006738007 1.7118492362496911 0.90687276431708674 1.3214956859301308 2.2872338306624442 3.3388406461890545
leaf_count=1849 265 133 71 232 561 558
internal_value=-0.0035825 0.00477721 -0.010233 -0.0132196 -0.00796599 0.0158094
internal_weight=16.7249 7.78459 8.94026 8.03339 3.99908 3.78551
internal_count=3669 1517 2152 2081 694 823
is_linear=0
shrinkage=0.05


Tree=268
num_leaves=7
num_cat=0
split_feature=36 15 61 12 60 43
split_gain=0.586648 0.387134 0.395778 0.370054 0.303114 0.281911
threshold=-0.55793768978440972 -0.80649847674524766 0.12098392954148977 -0.21852772436445644 4.5312067835585923 -0.61583482474581264
decision_type=2 2 2 2 2 2
left_child=4 2 -2 -3 -1 -5
right_child=1 3 -4 5 -6 -7
leaf_value=-0.01794825963722629 0.0040285842901456401 -0.0061864577072812572 -0.013114086767616072 -0.004922777987663076 0.0058245626970791897 0.018296616732757797
leaf_weight=2.9394079784979144 6.3133020903915167 0.8161344584514153 2.4404870205034968 0.27743469359120343 0.1906919591128825 4.489447168001786
leaf_count=1526 838 229 443 84 7 533
internal_value=-0.0011998 0.00366051 -0.00287802 0.0113351 -0.0143583 0.0155658
internal_weight=17.4669 14.3368 8.75379 5.58302 3.1301 4.76688
internal_count=3660 2127 1281 846 1533 617
is_linear=0
shrinkage=0.05


Tree=269
num_leaves=7
num_cat=0
split_feature=47 8 1 15 33 34
split_gain=0.424258 0.50264 0.49079 0.443253 0.337906 0.392646
threshold=0.96527274207848213 0.10920624701226535 1.62333846660263 -0.80649847674524766 -0.81468718654458594 -1.4168888898954328
decision_type=2 2 2 2 2 2
left_child=1 3 -3 -1 -2 -6
right_child=4 2 -4 -5 5 -7
leaf_value=-0.013663271636106712 0.0050159335565931277 0.016553750252219661 -0.0076393408192644181 0.0063776457263387681 0.0052471203879421689 -0.01918943264577189
leaf_weight=2.7018576602567927 1.6270410133583935 6.0702408867655322 0.81500547792529676 2.8375396178453238 0.79309275333071161 3.1094357317051609
leaf_count=651 86 825 191 484 118 1336
internal_value=0.000295943 0.00520765 0.0122407 -0.00476337 -0.00869034 -0.0141012
internal_weight=17.9542 12.4246 6.88525 5.5394 5.52957 3.90253
internal_count=3691 2151 1016 1135 1540 1454
is_linear=0
shrinkage=0.05


Tree=270
num_leaves=7
num_cat=0
split_feature=1 15 36 42 42 44
split_gain=0.326462 0.302303 0.375381 0.336883 0.336878 0.342467
threshold=-0.9490552056884235 0.80329679500201812 -0.55793768978440972 0.63118343091792328 -0.93198160796397367 0.89785457507074884
decision_type=2 2 2 2 2 2
left_child=-1 4 -3 -4 -2 -6
right_child=1 2 3 -5 5 -7
leaf_value=-0.0096031778107773802 -0.0045869066018627332 -0.013300605441360861 0.010559744832191992 -0.009061823985376154 0.015122290091546801 -0.0059070395381901238
leaf_weight=1.7028412836225495 2.0314297324803183 1.7510259387490839 3.5132149906130463 0.62046050130447827 8.7394566267466871 0.67225887897075232
leaf_count=754 362 851 455 214 996 111
internal_value=0.00274039 0.00519165 -0.00306387 0.00504227 0.00919167 0.0125555
internal_weight=19.0307 17.3278 5.8847 4.13368 11.4431 9.41172
internal_count=3743 2989 1520 669 1469 1107
is_linear=0
shrinkage=0.05


Tree=271
num_leaves=7
num_cat=0
split_feature=61 31 12 37 8 15
split_gain=0.238985 0.420935 0.405534 0.403704 0.32797 0.316964
threshold=-0.81904379972461328 2.5191063525540716 -0.00704879343824293 0.77026269463786745 0.32908587243044646 -0.80649847674524766
decision_type=2 2 2 2 2 2
left_child=1 2 -1 4 5 -2
right_child=3 -3 -4 -5 -6 -7
leaf_value=-0.019179811152417982 -0.0071646568920167228 0.0069173947054998897 0.0051517632739168954 -0.0064129920636631062 0.017216480204075048 0.0090113285423103415
leaf_weight=2.2146230552898492 3.269322210457176 2.3100048552732915 1.0126218720688509 3.1003074458276378 3.9206423572613858 2.8834447395784064
leaf_count=762 761 115 106 821 614 543
internal_value=0.00209645 -0.0049913 -0.0127413 0.00544884 0.00973344 0.00088499
internal_weight=18.711 5.53725 3.22724 13.1737 10.0734 6.15277
internal_count=3722 983 868 2739 1918 1304
is_linear=0
shrinkage=0.05


Tree=272
num_leaves=7
num_cat=0
split_feature=31 39 41 42 33 16
split_gain=0.474952 0.42838 0.436923 0.375726 0.424448 0.325803
threshold=0.14805700665376373 -0.40729052447670688 -1.0202169536845906 0.35573834252663 -0.81468718654458594 1.4689526365835628
decision_type=2 2 2 2 2 2
left_child=1 2 -1 -2 -5 -4
right_child=3 -3 5 4 -6 -7
leaf_value=-0.012933124100835065 0.01180604919367261 -0.017495149739833758 0.013215053691001712 0.0084658724056609364 -0.013307838550665203 -0.0068463601875902004
leaf_weight=0.70710730367864005 5.3681668616773077 3.2246390625805379 3.4507355441746768 1.3163948152214291 2.1214223666465841 0.77217127142648667
leaf_count=277 679 1350 633 52 472 172
internal_value=-0.0015151 -0.00873396 0.00144725 0.0056905 -0.00491052 0.00822677
internal_weight=16.9606 8.15465 4.93001 8.80598 3.43782 4.22291
internal_count=3635 2432 1082 1203 524 805
is_linear=0
shrinkage=0.05


Tree=273
num_leaves=7
num_cat=0
split_feature=12 42 43 56 43 24
split_gain=0.437596 0.440217 0.434424 0.305377 0.291069 0.266678
threshold=-0.24619096926035136 -1.0817384429222732 -0.4236690155049771 1.6275456561770232 1.0888602779081562 1.8141562480906714
decision_type=2 2 2 2 2 2
left_child=-1 3 -3 -2 5 -4
right_child=1 2 4 -5 -6 -7
leaf_value=-0.011289825230205658 -0.014893961332336302 -0.0075473861044751877 0.015858572720690151 0.0062254266655755383 -0.004964540934391911 -0.0044506428000464417
leaf_weight=3.0347019019245662 1.7177081294212269 1.5587214607367066 9.1627937143057263 0.63485068466979999 0.87543592372094359 0.56253455833939447
leaf_count=809 557 413 1348 34 167 274
internal_value=0.000370628 0.00432536 0.00813898 -0.00889983 0.0116015 0.0139115
internal_weight=17.5467 14.512 12.1595 2.35256 10.6008 9.72533
internal_count=3602 2793 2202 591 1789 1622
is_linear=0
shrinkage=0.05


Tree=274
num_leaves=7
num_cat=0
split_feature=45 40 62 12 29 62
split_gain=0.62461 0.406948 0.373164 0.32536 0.267791 0.263931
threshold=0.091244394479394267 -0.67684099483737203 -1.8403208303650802 -0.17505461956188167 -1.3695719190982689 1.7064821578589571
decision_type=2 2 2 2 2 2
left_child=1 -1 -2 -3 -4 -6
right_child=2 3 4 -5 5 -7
leaf_value=-0.0090771025874011018 0.0039101968246605346 -0.0034496872881872478 0.0033431467941524226 0.012704011621722345 -0.023758639979167495 0.0035123417137992892
leaf_weight=1.9698641613649677 1.3686605424154548 3.01461075534462 0.45327621095930215 6.8084215615672292 3.3407107844250272 0.2203165674000046
leaf_count=926 78 638 53 942 1049 17
internal_value=-0.0025755 0.00397122 -0.0132064 0.00809931 -0.0182186 -0.0212369
internal_weight=17.1759 11.7929 5.38296 9.82303 4.0143 3.56103
internal_count=3703 2506 1197 1580 1119 1066
is_linear=0
shrinkage=0.05


Tree=275
num_leaves=7
num_cat=0
split_feature=41 33 12 7 26 42
split_gain=0.358905 0.299513 0.333146 0.403564 0.282284 0.3093
threshold=0.43193100786423527 -0.81468718654458594 0.21459132746181067 0.44539249383227913 -0.42264262392202828 0.3814555565221362
decision_type=2 2 2 2 2 2
left_child=4 -2 3 -3 -1 -6
right_child=1 2 -4 -5 5 -7
leaf_value=-0.0061859141774126027 0.0057437369984848809 -0.024107738802331722 0.0041683556865397646 0.0011877280865920093 0.013072163788128144 -0.0034315438100293557
leaf_weight=2.442124881024939 1.1013088127074295 2.2678162402153239 1.1670497780141884 1.8664204894885186 5.4389921234978829 2.7262169632740552
leaf_count=765 78 763 144 537 805 537
internal_value=-0.00116377 -0.00853898 -0.0125096 -0.0169906 0.00418904 0.00812041
internal_weight=17.0099 6.4026 5.30129 4.13424 10.6073 8.16521
internal_count=3629 1522 1444 1300 2107 1342
is_linear=0
shrinkage=0.05


Tree=276
num_leaves=7
num_cat=0
split_feature=9 61 61 32 6 6
split_gain=0.267448 0.643313 0.517475 0.424427 0.267628 0.249921
threshold=0.43387676875723474 0.62329031386667577 0.24480284387359211 0.64409994806372517 0.98862337498302066 -0.8725929159720166
decision_type=2 2 2 2 2 2
left_child=1 -1 3 5 -3 -2
right_child=2 4 -4 -5 -6 -7
leaf_value=-0.0079740271248448791 0.0036051930473273972 0.018526222246450626 -0.016619071859814989 0.010087672089803148 -0.0037600907525533883 -0.013531428023704641
leaf_weight=2.6399635981651981 1.9920554725831601 3.7233474761305843 2.247744940861593 4.8165112551650964 0.58235730652813789 1.9310165876231611
leaf_count=1239 299 648 465 338 282 440
internal_value=0.000431204 0.00664762 -0.00408145 0.00256602 0.0152057 -0.00703826
internal_weight=17.933 6.94567 10.9873 8.73958 4.3057 3.92307
internal_count=3711 2169 1542 1077 930 739
is_linear=0
shrinkage=0.05


Tree=277
num_leaves=7
num_cat=0
split_feature=42 42 41 41 33 32
split_gain=0.419998 0.457435 0.445772 0.444626 0.43078 0.343162
threshold=0.6812960478535327 -1.1302968424630679 -1.0839345500074311 0.84546534840248666 -0.81468718654458594 0.9511215715664102
decision_type=2 2 2 2 2 2
left_child=1 -1 5 -4 -2 -3
right_child=4 2 3 -5 -6 -7
leaf_value=-0.0088551101076168991 0.006467820455105364 -0.013226625743349108 0.022681099089404518 0.00050615119765378314 -0.016258743829798528 0.0072737137182809636
leaf_weight=2.748415181544261 1.0998512162186669 1.5072690482920736 2.7465985617309343 3.9578054103039904 3.8627330131566842 1.1688401787105247
leaf_count=708 77 531 228 834 1139 109
internal_value=-0.00156271 0.00354718 0.00844617 0.0137938 -0.0106828 -0.00516076
internal_weight=17.0915 12.1289 9.38051 6.7044 4.96258 2.67611
internal_count=3626 2410 1702 1062 1216 640
is_linear=0
shrinkage=0.05


Tree=278
num_leaves=7
num_cat=0
split_feature=33 7 29 1 26 26
split_gain=0.387135 0.428439 0.295448 0.320028 0.232564 0.197087
threshold=-0.75576554276365393 0.23472415923540832 0.74409644692992705 1.1308632647958348 0.8837891844706568 -1.1841278873980527
decision_type=2 2 2 2 2 2
left_child=-1 4 3 -3 5 -2
right_child=1 2 -4 -5 -6 -7
leaf_value=0.0075261235039882877 0.0017905588924920818 0.01418570111058972 -0.0081755667718054603 -0.0054748416452492579 0.0033253003691612357 -0.018687270037128181
leaf_weight=5.7311505808902465 0.82165133855596728 3.1232874142442597 1.2190710312570443 1.1949680522520791 0.83692146476823825 4.0976401176158079
leaf_count=658 159 425 790 234 173 1205
internal_value=-0.000894843 -0.00585094 0.00344406 0.00873109 -0.012909 -0.0158843
internal_weight=17.0247 11.2935 5.53733 4.31826 5.75621 4.91929
internal_count=3644 2986 1449 659 1537 1364
is_linear=0
shrinkage=0.05


Tree=279
num_leaves=7
num_cat=0
split_feature=41 41 42 42 36 3
split_gain=0.295404 0.273715 0.41754 0.472537 0.334665 0.262259
threshold=0.43193100786423527 -1.0363878663967154 -1.3584835542746496 1.0588256208313371 1.1068362790530812 -0.56733042297201952
decision_type=2 2 2 2 2 2
left_child=1 4 -3 -4 -1 -2
right_child=5 2 3 -5 -6 -7
leaf_value=-0.012021534490108185 0.0027729475029519769 -0.0069541641916844648 0.020875986987295966 -0.0018734726414110364 0.007409728588224692 -0.012462432106831157
leaf_weight=1.8508003477618342 3.7309481077536475 1.1584950788092108 3.9737920091865817 2.7137823019002099 1.3986242169630712 2.9018879650102454
leaf_count=665 507 335 423 583 122 1048
internal_value=0.00122309 0.00569259 0.00976956 0.013923 -0.00411581 -0.00569794
internal_weight=17.7283 11.0955 7.84607 6.68757 3.24942 6.63284
internal_count=3683 2128 1341 1006 787 1555
is_linear=0
shrinkage=0.05


Tree=280
num_leaves=7
num_cat=0
split_feature=12 0 38 34 27 11
split_gain=0.424734 0.577573 0.504717 0.381488 0.266844 0.23152
threshold=0.094881228269872539 0.63353467442733302 -0.24552060439371662 0.8555757289960767 0.16035769911369466 -0.71818527445763769
decision_type=2 2 2 2 2 2
left_child=1 2 3 -1 -4 -3
right_child=-2 5 4 -5 -6 -7
leaf_value=-0.025056244772624515 0.0069076441347559903 0.0096649486167851538 0.0096455250129438026 0.003631058725725592 -0.0082005585102608736 -0.0049914634160317817
leaf_weight=4.3559303071378972 3.7389774772163937 2.7352289279515389 1.5204501493135478 0.55879615611047473 0.98720831944956433 2.5154131866293028
leaf_count=1391 593 185 460 136 401 532
internal_value=-0.00443199 -0.00845939 -0.0153981 -0.0216545 0.00197993 0.00338164
internal_weight=16.412 12.673 7.42238 4.91473 2.50766 5.25064
internal_count=3698 3105 2388 1527 861 717
is_linear=0
shrinkage=0.05


Tree=281
num_leaves=7
num_cat=0
split_feature=4 42 42 61 33 39
split_gain=0.331532 0.349137 0.426322 0.422046 0.421989 0.527546
threshold=-1.0157931250716448 -1.0622889373927713 0.6812960478535327 0.91291720653940145 -0.81468718654458594 -0.56042586863618393
decision_type=2 2 2 2 2 2
left_child=-1 -2 3 -3 -4 -6
right_child=1 2 4 -5 5 -7
leaf_value=-0.011042221398557851 -0.007397155761772147 0.016506462293828184 0.0098732134353348017 -0.0054937918751459735 0.0058067657775711674 -0.019354364375805108
leaf_weight=1.6095757917501057 2.7984933345578655 7.1382699997920955 1.3788974047638474 1.2055424612481145 1.7327829464920796 1.9928552401397619
leaf_count=545 669 1102 47 318 289 723
internal_value=0.00117627 0.00391922 0.00719373 0.0127155 -0.00319791 -0.0102818
internal_weight=17.8564 16.2468 13.4483 8.34381 5.10454 3.72564
internal_count=3693 3148 2479 1420 1059 1012
is_linear=0
shrinkage=0.05


Tree=282
num_leaves=7
num_cat=0
split_feature=14 6 11 54 7 41
split_gain=0.35093 0.337817 0.263114 0.291123 0.273061 0.241103
threshold=1.0000000180025095e-35 -0.7442331717682209 -0.65752000248042064 0.51840723319713367 0.92237740235349597 1.1279522924165044
decision_type=2 2 2 2 2 2
left_child=1 5 3 -3 -4 -1
right_child=-2 2 4 -5 -6 -7
leaf_value=0.0068994515932081241 0.0092006386400479041 -0.0087212289196046105 -0.019569914558969184 0.00813659385441853 0.002524232532929657 -0.0093017035341912396
leaf_weight=5.0134484378359057 1.8359685841423932 2.1353894948551897 4.2710098762036051 2.1144586987211369 0.95759982310119074 0.35712103859987099
leaf_count=715 477 404 1523 122 296 127
internal_value=-0.00339956 -0.00624204 -0.0108568 -0.000437614 -0.0160784 0.00287453
internal_weight=16.685 14.849 9.47846 4.24985 5.22861 5.37057
internal_count=3664 3187 2345 526 1819 842
is_linear=0
shrinkage=0.05


Tree=283
num_leaves=7
num_cat=0
split_feature=27 12 61 33 39 11
split_gain=0.342679 0.318798 0.279228 0.37806 0.366566 0.338697
threshold=-0.43944650413664932 3.0429362346764282 -0.81904379972461328 0.29464438993615932 -1.3131615744341776 -0.74397237763362656
decision_type=2 2 2 2 2 2
left_child=1 -1 5 4 -4 -2
right_child=2 -3 3 -5 -6 -7
leaf_value=-0.016925267988519288 0.0050412395038280447 0.0056378665151151442 -0.007016334725471151 -0.0086115817738561494 0.013257323248443632 -0.014086323486761303
leaf_weight=2.4282752220315191 2.143560316064395 0.52741506078746159 0.81487373926211049 1.1066604856314377 7.539588218205604 2.0183594028785601
leaf_count=1332 159 33 154 590 947 415
internal_value=-0.00199976 -0.0120873 0.00197528 0.006227 0.00994854 -0.00624976
internal_weight=16.5787 2.95569 13.623 9.46112 8.35446 4.16192
internal_count=3630 1365 2265 1691 1101 574
is_linear=0
shrinkage=0.05


Tree=284
num_leaves=7
num_cat=0
split_feature=17 31 42 4 15 16
split_gain=0.387409 0.264524 0.420346 0.315198 0.237191 0.231104
threshold=1.0000000180025095e-35 0.076208321419188943 1.1508367431439801 0.8288505578265889 -0.80649847674524766 -0.36831867093583637
decision_type=2 2 2 2 2 2
left_child=1 3 5 4 -1 -3
right_child=-2 2 -4 -5 -6 -7
leaf_value=-0.020812925501009112 0.010656109374859325 -0.0028178831664288874 -0.012139291861620962 0.0049579383184616861 -0.0017056044536754547 0.011667850477531942
leaf_weight=2.4641804209240945 2.0841641955339574 2.9503272807924059 1.3291459974134339 1.1274477871775159 3.1455717165226842 4.0357611139188521
leaf_count=828 263 657 283 423 902 334
internal_value=-0.00182724 -0.00503931 0.00112875 -0.0106544 -0.0144264 0.00654159
internal_weight=17.1366 15.0524 8.31523 6.7372 5.60975 6.98609
internal_count=3690 3427 1274 2153 1730 991
is_linear=0
shrinkage=0.05


Tree=285
num_leaves=7
num_cat=0
split_feature=2 37 44 61 61 3
split_gain=0.379685 0.320655 0.308657 0.299124 0.386228 0.234291
threshold=-0.64840236433381637 -0.33373320934160905 -0.042281700966365868 0.64145302527501247 0.84241463859951304 -0.56733042297201952
decision_type=2 2 2 2 2 2
left_child=-1 2 -2 5 -5 -3
right_child=1 3 -4 4 -6 -7
leaf_value=-0.01037526352817828 -0.0035397797854121124 0.002100110999237272 0.017194208471694766 0.014795154501789469 -0.0050757064836707486 -0.015365396363003426
leaf_weight=4.2102984683733693 1.3639411980693696 2.1064646649028873 2.5935158360371142 1.6545911277353296 2.8543128242890816 1.9354398984287362
leaf_count=724 499 253 395 240 705 836
internal_value=-0.00101632 0.00353157 0.0116032 -0.00224748 0.00521389 -0.0092462
internal_weight=16.7186 12.5083 3.95746 8.55081 4.5089 4.0419
internal_count=3652 2928 894 2034 945 1089
is_linear=0
shrinkage=0.05


Tree=286
num_leaves=7
num_cat=0
split_feature=42 26 11 9 12 33
split_gain=0.40576 0.384636 0.352648 0.443425 0.281644 0.28129
threshold=0.38403381434998279 -0.20098118631746198 -0.74397237763362656 0.065501628639444295 -0.056322945923857136 -0.058947551058256227
decision_type=2 2 2 2 2 2
left_child=1 4 -2 -4 -1 -3
right_child=2 5 3 -5 -6 -7
leaf_value=-0.013590228123031761 0.0042572300917235089 0.014558889472890333 0.0035505926862607535 -0.021351286340027198 0.0043889731540701924 -0.0045633217322887379
leaf_weight=1.0166941459756347 2.839110240151058 6.6141438581544216 1.6353542481665493 1.9929185180953934 2.4826294726080969 0.91472188175248437
leaf_count=564 340 724 551 564 491 438
internal_value=0.00128291 0.00652846 -0.00689616 -0.0136004 -0.00469659 0.0115974
internal_weight=17.4956 11.0282 6.46738 3.62827 3.49932 7.52887
internal_count=3672 2217 1455 1115 1055 1162
is_linear=0
shrinkage=0.05


Tree=287
num_leaves=7
num_cat=0
split_feature=39 39 6 42 42 7
split_gain=0.317196 0.438342 0.343901 0.254755 0.314913 0.23096
threshold=-1.3131615744341776 -0.38248691239453797 -0.78090738439787677 0.6812960478535327 -0.61789896564551505 0.9700758932056176
decision_type=2 2 2 2 2 2
left_child=-1 5 -3 4 -4 -2
right_child=1 2 3 -5 -6 -7
leaf_value=-0.011582867173765792 0.014708303239071178 0.0059171519015011912 -0.0094191430297177626 -0.017497084486492856 0.0079760358702305068 -0.0042225901162863087
leaf_weight=1.0600915332470346 5.3432973825256385 4.3990022333600827 1.9058401776710554 1.3258580331312257 2.542129400273542 0.60298306313052297
leaf_count=307 770 675 523 552 510 290
internal_value=0.00131625 0.00384894 -0.0025745 -0.00885526 -0.000269145 0.0120164
internal_weight=17.1792 16.1191 10.1728 5.77383 4.44797 5.94628
internal_count=3627 3320 2260 1585 1033 1060
is_linear=0
shrinkage=0.05


Tree=288
num_leaves=7
num_cat=0
split_feature=45 40 53 54 62 0
split_gain=0.275579 0.399891 0.320292 0.286226 0.248209 0.195355
threshold=1.0000000180025095e-35 -0.40348984174063979 2.4621472374426312 0.035192269171725521 -1.8403208303650802 1.2811116431037006
decision_type=2 2 2 2 2 2
left_child=1 3 5 -1 -2 -3
right_child=4 2 -4 -5 -6 -7
leaf_value=-0.011009449259839517 0.0057856842297821266 0.017945123850373619 -0.0058177884768520413 0.0051658420500895648 -0.0097383309827354537 -0.0027181183839902409
leaf_weight=2.4815652225079257 1.4437573612667618 4.6325249846995584 0.54245449457084749 2.9021423764643259 5.0902436797041437 0.50620309836813238
leaf_count=1291 75 584 73 336 1272 84
internal_value=0.00115988 0.00547232 0.0123056 -0.00356161 -0.00556695 0.015658
internal_weight=17.5989 11.0649 5.68118 5.38371 6.534 5.13873
internal_count=3715 2368 741 1627 1347 668
is_linear=0
shrinkage=0.05


Tree=289
num_leaves=7
num_cat=0
split_feature=10 9 36 36 32 37
split_gain=0.39275 0.353543 0.402257 0.324447 0.220146 0.213924
threshold=0.2414759469530495 0.36762568462190853 0.60837466951634533 1.7950080809076829 1.4255095215080067 2.6399331771837553
decision_type=2 2 2 2 2 2
left_child=1 -1 4 -4 -3 -2
right_child=5 2 3 -5 -6 -7
leaf_value=0.011095608457526628 -0.017316979372030292 -0.016804676137361606 0.0086533748269989417 -0.0078879404697506754 0.0024232462402390175 0.0042691952055794388
leaf_weight=3.9033224680024459 1.7762417969643127 2.2951736855029581 5.8729783022863558 1.725108610189636 1.1369801368564365 0.20697615633252997
leaf_count=920 1203 578 566 285 160 4
internal_value=-0.00160022 0.0020714 -0.00281171 0.00372802 -0.0122756 -0.0138503
internal_weight=16.9168 14.9336 11.0302 7.59809 3.43215 1.98322
internal_count=3716 2509 1589 851 738 1207
is_linear=0
shrinkage=0.05


Tree=290
num_leaves=7
num_cat=0
split_feature=27 27 11 9 3 12
split_gain=0.29895 0.392431 0.439157 0.32582 0.296175 0.256932
threshold=-0.60483412955449889 0.39516533405048854 -0.72862170521255665 0.55512058286110011 -0.64719219981441423 0.082637542376637188
decision_type=2 2 2 2 2 2
left_child=-1 3 -3 -2 -5 -4
right_child=1 2 5 4 -6 -7
leaf_value=-0.01265071869669188 0.014929151389715232 0.0053829493234684245 -0.016417357467538529 0.0061398075429649496 -0.012372130520584177 0.0044403245653004851
leaf_weight=2.3684479590447181 3.3828802862844878 3.4716042311338251 3.7773577927291617 2.0945852985023525 0.89409704541321833 0.51870755455456663
leaf_count=1143 793 305 925 195 260 45
internal_value=-0.00257991 0.00102611 -0.00564707 0.00836493 -0.00282174 -0.0131087
internal_weight=16.5077 14.1392 7.76767 6.37156 2.98868 4.29607
internal_count=3666 2523 1275 1248 455 970
is_linear=0
shrinkage=0.05


Tree=291
num_leaves=7
num_cat=0
split_feature=42 61 42 43 27 44
split_gain=0.349809 0.41958 0.371729 0.444128 0.436644 0.238677
threshold=-1.0817384429222732 1.2209021085925966 1.1508367431439801 -0.4236690155049771 -0.92854322645324328 1.0521734148600073
decision_type=2 2 2 2 2 2
left_child=5 2 3 -2 -5 -1
right_child=1 -3 -4 4 -6 -7
leaf_value=-0.014926337443143256 -0.0073428135844974367 -0.011474427954827646 -0.0056085880573228178 -0.00714803127584127 0.016719083198461045 0.0046093247176657009
leaf_weight=2.2159340541402375 1.0778547608351789 1.0586166190041684 2.7056091812919467 0.56079104413219916 8.79521467408631 0.61488761883811083
leaf_count=703 360 289 672 368 1236 63
internal_value=0.000102167 0.00367709 0.00680377 0.0105561 0.0139003 -0.0104947
internal_weight=17.0289 14.1981 13.1395 10.4339 9.35601 2.83082
internal_count=3691 2925 2636 1964 1604 766
is_linear=0
shrinkage=0.05


Tree=292
num_leaves=7
num_cat=0
split_feature=4 1 26 7 39 3
split_gain=0.457888 0.235318 0.415724 0.389757 0.268404 0.270629
threshold=-1.0157931250716448 -0.31658651353421829 -0.65130217403060575 -0.41954014028619396 0.39181715173577641 -0.71849735770940948
decision_type=2 2 2 2 2 2
left_child=-1 2 -2 -3 -5 -6
right_child=1 3 -4 4 5 -7
leaf_value=-0.0140814540095478 -0.0070392710391721297 -0.014500785450355661 0.016742386533048683 0.0073888806038699545 0.0061393721343562134 -0.01251321507391322
leaf_weight=1.4336325842014073 0.6912323602009568 0.80329330774839114 3.1093223187490375 8.5484227576598588 0.95670109277125481 1.7533626484073455
leaf_count=551 366 197 716 1385 64 434
internal_value=0.000436542 0.0037796 0.0112198 -0.000332564 0.00351662 -0.00616249
internal_weight=17.296 15.8623 3.80055 12.0618 11.2585 2.71006
internal_count=3713 3162 1082 2080 1883 498
is_linear=0
shrinkage=0.05


Tree=293
num_leaves=7
num_cat=0
split_feature=40 41 46 27 32 10
split_gain=0.372079 0.430361 0.3624 0.278217 0.323189 0.320371
threshold=-0.35422658012177549 -0.95222911634253082 1.0000000180025095e-35 0.39516533405048854 1.2479229592638799 1.0939613732505629
decision_type=2 2 2 2 2 2
left_child=2 -2 -1 5 -5 -3
right_child=1 3 -4 4 -6 -7
leaf_value=-0.01556915559739251 -0.0092521694756243188 0.017280367891511435 0.0036872324116847552 -0.0097088408033682919 0.0079245406629878581 -0.005748159486000928
leaf_weight=2.9854389459651456 1.7807913748983999 4.9010486358019953 2.5453630277479533 2.0242183982627466 2.4012947073206306 0.34452308222535055
leaf_count=1514 452 634 248 353 201 266
internal_value=-0.000282358 0.00464292 -0.00852689 0.00878627 -0.000804868 0.0142268
internal_weight=16.9827 11.4519 5.5308 9.67108 4.42551 5.24557
internal_count=3668 1906 1762 1454 554 900
is_linear=0
shrinkage=0.05


Tree=294
num_leaves=7
num_cat=0
split_feature=40 40 32 12 43 43
split_gain=0.317236 0.386261 0.382388 0.367686 0.257722 0.251916
threshold=0.77765049405033804 0.081833217055793675 1.0412382217552956 -0.065056596974774075 0.069153589960959452 0.43721194007927372
decision_type=2 2 2 2 2 2
left_child=1 2 3 -1 -5 -3
right_child=-2 5 -4 4 -6 -7
leaf_value=-0.016300037822753754 -0.011448121319674556 0.015215421997919351 0.0075342839452978193 -0.0069946076931995897 0.0091730615775026374 -0.0040553456990617713
leaf_weight=3.0706538378290134 2.1677893373707766 3.6577286185638505 3.1523109165791539 1.8202687341618022 2.1763552829506807 0.86302860552677874
leaf_count=1251 593 430 399 560 278 156
internal_value=-0.000620788 0.00263821 -0.00293742 -0.00846155 0.00196768 0.0113864
internal_weight=16.9081 14.7403 10.2196 7.06728 3.99662 4.52076
internal_count=3667 3074 2488 2089 838 586
is_linear=0
shrinkage=0.05


Tree=295
num_leaves=7
num_cat=0
split_feature=37 39 0 6 35 16
split_gain=0.327386 0.273136 0.413956 0.310121 0.264928 0.250819
threshold=1.1085840200509329 0.15240837424701623 -0.59462854202784665 -1.1086831597754263 -0.205377394221296 1.4689526365835628
decision_type=2 2 2 2 2 2
left_child=1 2 -1 -3 -5 -4
right_child=-2 3 5 4 -6 -7
leaf_value=-0.0060964673862648547 -0.011974717830707511 0.0063037431473294964 0.016231454321347726 -0.016341395487693859 0.0021306356404465535 -0.0020274292925970294
leaf_weight=2.1371850075665861 1.5023143305006659 2.4534128653031075 5.2434195542009565 1.9941162940958745 2.1760358149913364 1.648607198600075
leaf_count=628 494 363 935 555 426 292
internal_value=0.000145853 0.003048 0.00773611 -0.00376219 -0.00984395 0.0125736
internal_weight=17.1551 15.6528 9.02921 6.62356 4.17015 6.89203
internal_count=3693 3199 1855 1344 981 1227
is_linear=0
shrinkage=0.05


Tree=296
num_leaves=7
num_cat=0
split_feature=42 37 42 41 41 7
split_gain=0.354492 0.37146 0.276638 0.343065 0.377862 0.363455
threshold=-1.0622889373927713 0.84148823683009166 1.0588256208313371 -1.3144295595136772 0.87883623190841742 -0.1428888933438883
decision_type=2 2 2 2 2 2
left_child=-1 2 3 -2 -5 -6
right_child=1 -3 -4 4 5 -7
leaf_value=-0.0094302817550346585 -0.0047379393471367551 -0.0081670919903834797 -0.0023464739368778509 0.022441408893551795 -0.010367204263414538 0.0090240282950894528
leaf_weight=2.7843470838706734 1.2530456391978066 1.942059082633931 3.6387985071924041 3.6709502527228315 1.0676633205730452 3.0588720803207265
leaf_count=770 338 575 731 433 332 516
internal_value=0.00154645 0.00488447 0.00806167 0.0117887 0.015023 0.00175473
internal_weight=17.4157 14.6314 12.6893 9.05053 7.79749 4.12654
internal_count=3695 2925 2350 1619 1281 848
is_linear=0
shrinkage=0.05


Tree=297
num_leaves=7
num_cat=0
split_feature=44 7 12 62 32 37
split_gain=0.407371 0.365264 0.348131 0.313805 0.310423 0.283179
threshold=-0.62380969217410798 0.23472415923540832 0.082637542376637188 -0.22967713916095492 1.0668924486048914 1.2154223333392695
decision_type=2 2 2 2 2 2
left_child=-1 2 4 -3 -2 -5
right_child=1 3 -4 5 -6 -7
leaf_value=-0.012577002787134745 -0.012384660736051595 -0.0048755648151441481 0.0078435486446563531 0.019336459633761363 0.0045130729426870421 -0.002892528963937688
leaf_weight=1.3518838350137254 4.6586566094483732 0.89715728968440078 3.42907528798969 4.0138020973827215 2.2898707322601695 0.91884879537974473
leaf_count=562 1236 281 508 658 174 249
internal_value=0.00145933 0.00441165 -0.00153611 0.0119239 -0.00713435 0.0156677
internal_weight=17.5593 16.2074 10.3776 5.82981 6.94853 4.93265
internal_count=3668 3106 1918 1188 1410 907
is_linear=0
shrinkage=0.05


Tree=298
num_leaves=7
num_cat=0
split_feature=39 33 39 12 37 6
split_gain=0.427653 0.316253 0.354705 0.256293 0.242291 0.193413
threshold=-0.14092129907254572 -0.11659048344514748 -1.3131615744341776 -0.28386837296761297 -0.60305479075595703 -1.2423835861934156
decision_type=2 2 2 2 2 2
left_child=1 2 -1 -2 -5 -6
right_child=3 -3 -4 4 5 -7
leaf_value=-0.0060929447129428067 0.0044305821242651327 -0.005644548052405658 0.014276561433968186 0.00255721082188708 0.0019322564717498701 -0.018439452053551339
leaf_weight=0.97033722000196565 1.6150648293987613 2.269639284495498 5.7346478597610266 1.4667926900292512 0.77443006756948252 3.6317507547064447
leaf_count=191 359 990 718 402 69 933
internal_value=-0.000634948 0.00590958 0.0103565 -0.00792548 -0.0116725 -0.0155266
internal_weight=16.4627 8.97462 6.70499 7.48804 5.87297 4.40618
internal_count=3662 1899 909 1763 1404 1002
is_linear=0
shrinkage=0.05


Tree=299
num_leaves=7
num_cat=0
split_feature=12 45 9 31 43 37
split_gain=0.484477 0.300513 0.277615 0.42746 0.269491 0.252378
threshold=-0.24619096926035136 -0.6883620144709176 0.43387676875723474 0.043232566796262376 -0.65535236490582649 -0.06663742612076802
decision_type=2 2 2 2 2 2
left_child=-1 -2 4 -4 -3 -5
right_child=1 2 3 5 -6 -7
leaf_value=-0.011078532950068429 -0.0063962598565368532 -0.0037552759470475491 -0.01008928436779203 -0.0047060129223545251 0.017716092291827749 0.012671403840091109
leaf_weight=2.7192825136589844 1.9737538786575903 0.67427360377041612 2.4266794274444692 1.2047063882928339 4.7566612450900685 3.6175119648105465
leaf_count=810 734 287 467 182 1000 206
internal_value=0.00185343 0.00572806 0.00847804 0.000908825 0.0146626 0.00819023
internal_weight=17.3729 14.6536 12.6798 7.2489 5.43093 4.82222
internal_count=3686 2876 2142 855 1287 388
is_linear=0
shrinkage=0.05


end of trees

feature_importances:
Column_12=121
Column_42=100
Column_33=88
Column_39=84
Column_40=80
Column_41=74
Column_37=73
Column_61=60
Column_6=58
Column_29=54
Column_32=54
Column_27=50
Column_31=49
Column_1=43
Column_0=41
Column_11=41
Column_43=38
Column_45=38
Column_10=37
Column_34=35
Column_36=35
Column_62=34
Column_44=33
Column_47=33
Column_4=31
Column_9=31
Column_7=30
Column_3=28
Column_8=24
Column_59=24
Column_16=23
Column_60=23
Column_15=20
Column_35=17
Column_53=16
Column_17=15
Column_54=15
Column_55=15
Column_30=14
Column_38=14
Column_14=13
Column_22=13
Column_49=13
Column_2=12
Column_26=10
Column_50=10
Column_56=10
Column_28=8
Column_46=6
Column_19=4
Column_51=4
Column_24=3
Column_5=1

parameters:
[boosting: gbdt]
[objective: binary]
[metric: binary_logloss]
[tree_learner: serial]
[device_type: cpu]
[data_sample_strategy: bagging]
[data: ]
[valid: ]
[num_iterations: 300]
[learning_rate: 0.05]
[num_leaves: 7]
[num_threads: 4]
[seed: 4]
[deterministic: 0]
[force_col_wise: 0]
[force_row_wise: 0]
[histogram_pool_size: -1]
[max_depth: -1]
[min_data_in_leaf: 30]
[min_sum_hessian_in_leaf: 0.001]
[bagging_fraction: 0.8]
[pos_bagging_fraction: 1]
[neg_bagging_fraction: 1]
[bagging_freq: 1]
[bagging_seed: 17945]
[bagging_by_query: 0]
[feature_fraction: 0.7]
[feature_fraction_bynode: 1]
[feature_fraction_seed: 386]
[extra_trees: 0]
[extra_seed: 27504]
[early_stopping_round: 0]
[early_stopping_min_delta: 0]
[first_metric_only: 0]
[max_delta_step: 0]
[lambda_l1: 0]
[lambda_l2: 3]
[linear_lambda: 0]
[min_gain_to_split: 0]
[drop_rate: 0.1]
[max_drop: 50]
[skip_drop: 0.5]
[xgboost_dart_mode: 0]
[uniform_drop: 0]
[drop_seed: 27159]
[top_rate: 0.2]
[other_rate: 0.1]
[min_data_per_group: 100]
[max_cat_threshold: 32]
[cat_l2: 10]
[cat_smooth: 10]
[max_cat_to_onehot: 4]
[top_k: 20]
[monotone_constraints: ]
[monotone_constraints_method: basic]
[monotone_penalty: 0]
[feature_contri: ]
[forcedsplits_filename: ]
[refit_decay_rate: 0.9]
[cegb_tradeoff: 1]
[cegb_penalty_split: 0]
[cegb_penalty_feature_lazy: ]
[cegb_penalty_feature_coupled: ]
[path_smooth: 0]
[interaction_constraints: ]
[verbosity: -1]
[saved_feature_importance_type: 0]
[use_quantized_grad: 0]
[num_grad_quant_bins: 4]
[quant_train_renew_leaf: 0]
[stochastic_rounding: 1]
[linear_tree: 0]
[max_bin: 255]
[max_bin_by_feature: ]
[min_data_in_bin: 3]
[bin_construct_sample_cnt: 200000]
[data_random_seed: 51]
[is_enable_sparse: 1]
[enable_bundle: 1]
[use_missing: 1]
[zero_as_missing: 0]
[feature_pre_filter: 1]
[pre_partition: 0]
[two_round: 0]
[header: 0]
[label_column: ]
[weight_column: ]
[group_column: ]
[ignore_column: ]
[categorical_feature: ]
[forcedbins_filename: ]
[precise_float_parser: 0]
[parser_config_file: ]
[objective_seed: 17345]
[num_class: 1]
[is_unbalance: 0]
[scale_pos_weight: 1]
[sigmoid: 1]
[boost_from_average: 1]
[reg_sqrt: 0]
[alpha: 0.9]
[fair_c: 1]
[poisson_max_delta_step: 0.7]
[tweedie_variance_power: 1.5]
[lambdarank_truncation_level: 30]
[lambdarank_norm: 1]
[label_gain: ]
[lambdarank_position_bias_regularization: 0]
[eval_at: ]
[multi_error_top_k: 1]
[auc_mu_weights: ]
[num_machines: 1]
[local_listen_port: 12400]
[time_out: 120]
[machine_list_filename: ]
[machines: ]
[gpu_platform_id: -1]
[gpu_device_id: -1]
[gpu_device_id_list: ]
[gpu_use_dp: 0]
[num_gpu: 1]

end of parameters

pandas_categorical:null
