tree
version=v4
num_class=1
num_tree_per_iteration=1
label_index=0
max_feature_idx=62
objective=binary sigmoid:1
feature_names=Column_0 Column_1 Column_2 Column_3 Column_4 Column_5 Column_6 Column_7 Column_8 Column_9 Column_10 Column_11 Column_12 Column_13 Column_14 Column_15 Column_16 Column_17 Column_18 Column_19 Column_20 Column_21 Column_22 Column_23 Column_24 Column_25 Column_26 Column_27 Column_28 Column_29 Column_30 Column_31 Column_32 Column_33 Column_34 Column_35 Column_36 Column_37 Column_38 Column_39 Column_40 Column_41 Column_42 Column_43 Column_44 Column_45 Column_46 Column_47 Column_48 Column_49 Column_50 Column_51 Column_52 Column_53 Column_54 Column_55 Column_56 Column_57 Column_58 Column_59 Column_60 Column_61 Column_62
feature_infos=[-1.6329847159399533:4.4855011260367599] [-1.1935389018152593:5.5882262342247913] [-0.65000339796109097:6.3305032169556448] [-0.7527238334990074:7.1193655981084731] [-1.3712644055131786:4.7062296343947905] [-1.9369145944078419:2.5497577768784208] [-2.3808199103666157:1.9742428394050229] [-2.201873748460474:2.726970306258766] [-2.2447991545235535:2.7994981344817726] [-1.4581389229352617:1.5090197286770395] [-0.99424717735239643:2.7976948084112574] [-0.85399115912742996:4.5405852623188361] [-0.48065220752808108:36.960432322230936] [-0.115080315005856:8.801991769830229] [-0.40217128097645394:2.5041624093360531] [-1.007722885713656:1.0045212039704261] [-0.59797758437576132:1.6986115500234873] [-0.25718795686960472:3.9961279596084469] none [-0.13610641900696424:7.4682466457506553] none none [-2.1140283398429736:0.47793532947943956] [-0.1788608749820815:5.6339935726065251] [-0.37253690146185747:2.7145520459324244] [-0.1855426480048957:5.4462566343247412] [-1.8190429722044097:4.2811462475689801] [-1.4730068970010806:4.2533514224497182] [-0.72808934958605664:6.1948024886065953] [-2.5842605250945354:1.9326021402233886] [-2.1135789998155987:2.4888574229861367] [-2.0137423023520347:3.9979585533973618] [-1.7601905948560845:3.2985869656409985] [-0.8176428603411845:7.0691857789351298] [-2.7728694374164142:1.9983251590045055] [-2.3221770775077086:2.6924746221277567] [-1.0273602650065172:2.1086045637870385] [-2.515015438978478:4.0555408282542125] [-0.26496772615515057:23.525344561998963] [-1.5423253817150857:5.9936590195977804] [-0.87964177241332242:8.1627540024446628] [-1.4303491021976937:1.3698089431919185] [-1.4208120294255775:1.4842672132184478] [-8.2397547413793397:7.2963186183776516] [-6.1068421224508977:7.763499548727685] [-1.0039169895222344:7.2128870667159743] [-0.36457254738376993:2.787374881849924] [-0.86231017061990656:1.1683375101560807] [-0.21488834230350132:4.6612904102732484] [-0.58656646735663209:1.7155090054826314] [-0.41420038999446684:2.4331431475231149] [-0.12576185076370144:8.0675660965075746] none [-0.37963958727649155:2.9725716871419552] [-0.41379480699587257:3.4559494392234607] [-0.26794974025706325:3.8393090161003101] [-0.21200975160859672:4.8049823468617223] [-0.17645270941501004:5.725499144838115] none [-2.5262750085977954:0.40237884064710377] [-0.30938309663561425:4.9677583060998858] [-2.4880797993674868:1.6644238033058534] [-7.5958575338262939:2.4836656339619667]
tree_sizes=885 894 895 897 898 894 895 891 897 891 895 894 895 892 896 895 897 894 898 893 895 899 892 891 891 894 899 898 897 886 896 895 894 895 894 887 890 893 897 891 899 898 900 897 888 895 893 895 896 897 895 899 899 896 901 897 892 892 894 892 893 897 891 899 898 904 902 894 890 901 895 892 895 892 901 899 892 891 897 902 903 901 899 904 894 898 905 900 903 905 899 902 898 898 895 897 899 901 894 909 902 902 904 901 902 901 900 905 902 905 900 903 905 897 905 903 906 900 900 901 898 903 902 902 904 908 910 902 906 903 903 903 900 896 906 900 903 905 906 902 905 911 904 914 901 908 904 906 906 901 907 903 909 905 904 906 906 910 903 907 906 904 905 905 903 906 905 910 907 905 906 911 903 908 907 904 909 912 904 906 902 904 907 903 903 909 909 904 907 910 909 911 899 906 903 911 906 896 906 904 910 912 909 912 906 910 902 900 911 905 908 908 908 906 907 914 908 910 907 904 901 902 902 907 906 904 908 905 910 905 901 906 900 912 916 907 907 899 910 904 912 907 909 909 908 910 912 910 902 907 908 911 904 913 912 914 904 904 902 906 908 908 906 909 911 911 906 912 908 914 911 906 910 910 910 910 906 908 907 906 911 911 906 914 910 912 902 913 921 912 909 907 911 904 908 905 911 906 907 904

Tree=0
num_leaves=7
num_cat=0
split_feature=29 27 24 39 32 29
split_gain=25.9784 10.8946 5.75444 3.36856 3.25243 3.03517
threshold=0.13124256419717512 -0.94058870755698698 1.8141562480906714 0.69754863109642284 1.5713511703540315 -1.151720158240243
decision_type=2 2 2 2 2 2
left_child=1 -1 3 -3 -2 -5
right_child=4 2 -4 5 -6 -7
leaf_value=-0.035635189283578506 -0.05228461535460556 0.057687158205165491 -0.024837108279395621 0.03189160954010159 0.0038536957689001192 -0.020449124079972528
leaf_weight=3.0592103665694621 13.766076804604383 16.976260740309961 1.1908971481025208 2.6106672477908432 2.584778929129242 2.6567564411088815
leaf_count=472 1957 571 201 84 211 333
internal_value=0.000884176 0.0303664 0.0420488 0.0481559 -0.0441885 0.00765142
internal_weight=42.8446 26.4938 23.4346 22.2437 16.3509 5.26742
internal_count=3829 1661 1189 988 2168 417
is_linear=0
shrinkage=1


Tree=1
num_leaves=7
num_cat=0
split_feature=36 22 11 32 62 31
split_gain=30.4984 12.4782 3.54686 2.93969 1.6743 1.64177
threshold=0.037315474193038885 -1.7900328811776716 -0.025522067242219084 1.6290691947142166 1.6790280040316137 -0.8308172299283102
decision_type=2 2 2 2 2 2
left_child=3 -2 5 4 -1 -3
right_child=1 2 -4 -5 -6 -7
leaf_value=-0.051263157187968179 -0.03655038247506804 -0.0085122607995771846 -0.010399095401615049 0.0081288756786535212 0.005997078463339087 0.055277442624487673
leaf_weight=15.174606170970947 2.8141638613306013 0.27974992431701196 1.4058690853416873 1.7531306743621815 0.73988759052008468 21.976898207794875
leaf_count=2158 449 50 169 121 49 785
internal_value=0.00474696 0.0371281 0.0490173 -0.0421249 -0.0480721 0.0535598
internal_weight=44.1443 26.4767 23.6625 17.6676 15.9145 22.2566
internal_count=3781 1453 1004 2328 2207 835
is_linear=0
shrinkage=0.05


Tree=2
num_leaves=7
num_cat=0
split_feature=36 60 44 34 32 33
split_gain=22.7907 6.79842 6.90883 3.05174 3.32738 2.6037
threshold=0.037315474193038885 -0.30773570501821523 0.23446501740391076 0.34621485686153936 0.016312795810156811 -0.8085743388670118
decision_type=2 2 2 2 2 2
left_child=3 2 5 4 -1 -2
right_child=1 -3 -4 -5 -6 -7
leaf_value=-0.030723552254314196 0.013471766020648307 0.057402432757395649 0.033979525558794577 -0.053792530505046315 0.020536793384344582 -0.035828805415217116
leaf_weight=3.9069027393125024 1.991136309225112 8.9900966533459705 7.5106552862562239 11.085443202406166 3.0780231249518692 5.8536956524476427
leaf_count=553 118 213 343 1645 179 810
internal_value=-0.00109308 0.0290881 0.00583854 -0.0401072 -0.00875134 -0.0230504
internal_weight=42.416 24.3456 15.3555 18.0704 6.98493 7.84483
internal_count=3861 1484 1271 2377 732 928
is_linear=0
shrinkage=0.05


Tree=3
num_leaves=7
num_cat=0
split_feature=34 22 47 33 32 10
split_gain=18.777 10.2695 6.24429 5.5563 4.66665 3.18035
threshold=0.36691312382456914 -1.7900328811776716 0.96527274207848213 -0.75541105187447155 1.3341651674860457 -0.028585648791848203
decision_type=2 2 2 2 2 2
left_child=1 -1 5 -4 -2 -3
right_child=4 2 3 -5 -6 -7
leaf_value=-0.040480330230074378 -0.057860347411078122 0.055729109336791864 0.025657187855076077 -0.034639903797658515 0.0044770380445235576 -0.0094034706822672381
leaf_weight=3.0274283234030035 9.7792353853583318 14.606865948066114 6.1179910916835079 3.5766029553487888 3.3912785877473643 1.2147776200436062
leaf_count=507 1539 452 317 527 279 145
internal_value=-0.000158311 0.0223093 0.0332341 0.000482813 -0.0439564 0.0500265
internal_weight=41.7142 28.5437 25.5162 9.69459 13.1705 15.8216
internal_count=3766 1948 1441 844 1818 597
is_linear=0
shrinkage=0.05


Tree=4
num_leaves=7
num_cat=0
split_feature=33 27 53 24 44 36
split_gain=20.1029 8.43934 4.81675 4.78715 3.43346 1.97676
threshold=-0.64538403399977862 -0.97257791285662221 1.0000000180025095e-35 1.8141562480906714 0.4353777601650845 -0.50470468681563918
decision_type=2 2 2 2 2 2
left_child=1 -1 4 -3 -2 -6
right_child=2 3 -4 -5 5 -7
leaf_value=-0.034394150923872373 -0.060732455630575492 0.047046845249792746 0.0073880151914705074 -0.020855700294502903 -0.027886264744653663 0.014781227431464587
leaf_weight=2.1994987763464477 10.676542430650445 17.391712083481256 4.1632630829699329 1.2545343227684487 2.3324647601693869 2.8307202178984872
leaf_count=369 1731 658 339 201 347 178
internal_value=-0.00338443 0.0290116 -0.0365259 0.040221 -0.0474066 -0.00765845
internal_weight=40.8487 20.8457 20.003 18.6462 15.8397 5.16318
internal_count=3823 1228 2595 859 2256 525
is_linear=0
shrinkage=0.05


Tree=5
num_leaves=7
num_cat=0
split_feature=36 40 46 11 55 42
split_gain=20.8472 8.10622 4.48636 3.70567 2.1446 1.88086
threshold=-0.46597552118003877 -0.66661287316266116 1.0000000180025095e-35 0.22843671027027482 0.6561834799233458 1.3309298680935899
decision_type=2 2 2 2 2 2
left_child=4 2 -2 5 -1 -3
right_child=1 3 -4 -5 -6 -7
leaf_value=-0.052260286608941532 -0.046684370695139393 0.043903448041890593 0.019763509531182485 -0.017350604531332477 0.005473149780425594 -0.0033711368253122372
leaf_weight=11.184181532356886 3.2678592335432795 21.448181448038675 2.0783971417695284 1.4639187203720201 1.2121730162762094 1.8539551622234274
leaf_count=1725 575 931 93 211 94 172
internal_value=0.00151806 0.0237767 -0.0230336 0.0352785 -0.0466484 0.0401867
internal_weight=42.5087 30.1123 5.34626 24.7661 12.3964 23.3021
internal_count=3801 1982 668 1314 1819 1103
is_linear=0
shrinkage=0.05


Tree=6
num_leaves=7
num_cat=0
split_feature=60 36 40 36 39 34
split_gain=15.6507 6.70923 6.19734 4.12488 3.73805 1.99612
threshold=-0.30773570501821523 -0.46597552118003877 -0.67684099483737203 -0.74344568923169252 0.67436264588917816 -1.6697747565323995
decision_type=2 2 2 2 2 2
left_child=1 -1 -3 -2 -4 -6
right_child=3 2 4 -5 5 -7
leaf_value=-0.047332480689140519 -0.016908081832318886 -0.042861285855270798 0.025605836231080682 0.04924010904672254 0.013501647664541731 -0.038785829342795397
leaf_weight=10.39410929195583 1.2878208765760071 3.4327873983420458 12.292148554697631 11.422753264196214 1.0341468336991968 1.8277694033458818
leaf_count=1587 186 580 724 369 43 318
internal_value=-0.000295984 -0.020353 -0.000784306 0.0405892 0.014255 -0.0226515
internal_weight=41.6915 28.981 18.5869 12.7106 15.1541 2.86192
internal_count=3807 3252 1665 555 1085 361
is_linear=0
shrinkage=0.05


Tree=7
num_leaves=7
num_cat=0
split_feature=53 29 32 44 36 1
split_gain=17.0019 7.41375 6.92283 4.10689 2.64673 1.52004
threshold=-0.37550111484765819 0.13124256419717512 0.5902723098758843 0.4353777601650845 -0.74344568923169252 -0.88952874054449838
decision_type=2 2 2 2 2 2
left_child=1 2 3 -1 -2 -6
right_child=4 -3 -4 -5 5 -7
leaf_value=-0.04131079974770685 -0.0092339831258231777 -0.049360234331701988 0.033069672984215377 0.014190533727769038 -0.0077303379517374999 0.05036048629120974
leaf_weight=6.5785016240552086 1.4271236252971 11.936685322783886 6.1162080666981629 3.2563481912948191 0.42929182201623817 10.723625561688092
leaf_count=982 174 1836 242 197 63 310
internal_value=-0.00273729 -0.0240459 -0.000287299 -0.0239126 0.0400345 0.0469598
internal_weight=40.4678 27.8877 15.9511 9.83485 12.58 11.1529
internal_count=3804 3257 1421 1179 547 373
is_linear=0
shrinkage=0.05


Tree=8
num_leaves=7
num_cat=0
split_feature=29 27 22 60 10 37
split_gain=16.5531 6.69625 2.85629 2.78686 1.89695 1.84776
threshold=-0.21139373227194178 -0.97257791285662221 -1.7900328811776716 0.16561503959530952 -0.40729249527100025 2.2125799240304098
decision_type=2 2 2 2 2 2
left_child=1 -1 -3 5 -4 -2
right_child=3 2 4 -5 -6 -7
leaf_value=-0.028974213073063061 -0.046873026723247828 -0.016602922946769617 0.044366611567576771 0.0038366931462744109 -0.0034759084194099566 0.0090169492922310742
leaf_weight=2.6066901776939657 14.172980677802116 0.88713984703645721 16.333472546655692 3.248231897596269 1.8545306595042266 0.66262670978903848
leaf_count=411 2139 149 592 270 177 31
internal_value=-0.00313457 0.0248725 0.0351685 -0.0354751 0.0396869 -0.0432799
internal_weight=39.7657 21.6818 19.0751 18.0838 18.188 14.8356
internal_count=3769 1329 918 2440 769 2170
is_linear=0
shrinkage=0.05


Tree=9
num_leaves=7
num_cat=0
split_feature=34 27 24 15 42 56
split_gain=14.3232 6.8464 3.78433 3.07121 2.57718 2.21413
threshold=0.2808817351959651 -0.94058870755698698 1.8141562480906714 0.80329679500201812 -0.72842996813001359 1.2512712487917492
decision_type=2 2 2 2 2 2
left_child=1 -1 3 -3 -5 -2
right_child=5 2 -4 4 -6 -7
leaf_value=-0.029178408250306234 -0.040955468261707949 0.044622090469760213 -0.020776896271025917 0.022966182271141101 -0.025238457440259539 0.0088989574434091504
leaf_weight=3.1776358727365759 12.417131704278287 18.323531721252955 1.3337893313728262 3.0196094927377999 2.1439794255420557 1.4955895049497492
leaf_count=491 1835 671 219 140 314 109
internal_value=0.00218689 0.022247 0.0312671 0.0362411 0.00103157 -0.0349683
internal_weight=41.9113 27.9985 24.8209 23.4871 5.16359 13.9127
internal_count=3779 1835 1344 1125 454 1944
is_linear=0
shrinkage=0.05


Tree=10
num_leaves=7
num_cat=0
split_feature=29 22 47 33 32 31
split_gain=12.3421 7.5098 3.92616 3.13188 2.36555 2.01632
threshold=0.11364665414382112 -1.7900328811776716 0.96527274207848213 -0.75541105187447155 1.5713511703540315 -0.96853195809006065
decision_type=2 2 2 2 2 2
left_child=1 -1 5 -4 -2 -3
right_child=4 2 3 -5 -6 -7
leaf_value=-0.036878273395301982 -0.040563033650407532 -0.00941260109723672 0.019748926990516929 -0.027351818154517454 0.0055414706074736813 0.048343297457359095
leaf_weight=2.4981455653905895 13.073966477997599 0.70061956485733468 6.1916094110347357 2.7411406887695167 2.5629676864482454 12.447972849477081
leaf_count=447 1958 101 326 399 211 370
internal_value=-0.00202415 0.0193515 0.0293632 0.00205265 -0.0333307 0.0440889
internal_weight=40.2164 24.5795 22.0813 8.93275 15.6369 13.1486
internal_count=3812 1643 1196 725 2169 471
is_linear=0
shrinkage=0.05


Tree=11
num_leaves=7
num_cat=0
split_feature=36 22 54 44 60 12
split_gain=13.957 7.8156 2.87073 2.6755 2.53852 1.36103
threshold=-0.4401665306390678 -1.7900328811776716 -0.40251992016008792 0.23446501740391076 -0.076004156670338108 0.062534372525735585
decision_type=2 2 2 2 2 2
left_child=4 -2 3 5 -1 -3
right_child=1 2 -4 -5 -6 -7
leaf_value=-0.045900580853901543 -0.033825099231205039 -0.023703498682739677 0.046109490882618745 0.025701024215165603 0.0046594027972763413 0.012495523130243784
leaf_weight=10.243411933537571 3.1760973404161659 3.9059971254318979 11.499134680721907 8.5210524788126332 2.4190417705103746 1.8144180751405654
leaf_count=1670 530 494 345 431 210 114
internal_value=0.00156071 0.0204346 0.0299615 0.0111687 -0.0371992 -0.011873
internal_weight=41.5792 28.9167 25.7406 14.2415 12.6625 5.72042
internal_count=3794 1914 1384 1039 1880 608
is_linear=0
shrinkage=0.05


Tree=12
num_leaves=7
num_cat=0
split_feature=36 22 60 60 32 62
split_gain=13.768 6.41165 2.24847 1.76354 1.65002 1.56914
threshold=0.14056711618106668 -1.7900328811776716 -0.037562820122111366 -0.30334261672897295 2.0225721895234323 1.5117372722986453
decision_type=2 2 2 2 2 2
left_child=2 -2 4 -3 5 -1
right_child=1 3 -4 -5 -6 -7
leaf_value=-0.048961024876572959 -0.030526735065699945 0.013724416563269424 0.0022634607097073048 0.047032912569070724 0.0083967632598914831 0.0050736505722772472
leaf_weight=12.031333671417086 2.5836858456023064 11.947467328980567 3.2315470282919696 8.0358262690715474 0.65508059505373317 0.89332975540310222
leaf_count=1981 436 798 291 168 31 84
internal_value=-0.00277642 0.0216584 -0.0338898 0.0315095 -0.0413459 -0.044974
internal_weight=39.3783 22.567 16.8113 19.9833 13.5797 12.9247
internal_count=3789 1402 2387 966 2096 2065
is_linear=0
shrinkage=0.05


Tree=13
num_leaves=7
num_cat=0
split_feature=34 50 47 33 56 9
split_gain=11.3405 6.58735 5.25654 5.14078 1.88157 1.68151
threshold=0.36691312382456914 2.1484087937713574 0.96527274207848213 -0.75541105187447155 3.9688253587701667 -1.0417589968145244
decision_type=2 2 2 2 2 2
left_child=1 2 5 -4 -2 -1
right_child=4 -3 3 -5 -6 -7
leaf_value=-0.0090424268237077384 -0.038524668304174448 -0.035920970942753809 0.022166563826490435 -0.034413992617280793 0.008572787518512608 0.046399732293094492
leaf_weight=0.52485460275784213 11.375370172783729 2.189093093853443 7.0389070655219266 3.6904184306040397 1.3584215999580926 14.830937766004356
leaf_count=82 1759 410 353 580 100 496
internal_value=0.00192969 0.0192288 0.0270847 -0.000562004 -0.0328238 0.0433366
internal_weight=41.008 28.2742 26.0851 10.7293 12.7338 15.3558
internal_count=3780 1921 1511 933 1859 578
is_linear=0
shrinkage=0.05


Tree=14
num_leaves=7
num_cat=0
split_feature=36 50 31 53 46 62
split_gain=11.7187 5.90338 2.20296 1.86219 1.30383 1.05897
threshold=0.072171723265079216 2.1484087937713574 -0.37173489915410096 1.0000000180025095e-35 2.472180138926555 1.5117372722986453
decision_type=2 2 2 2 2 2
left_child=3 2 -2 5 -5 -1
right_child=1 -3 -4 4 -6 -7
leaf_value=-0.040135706576586716 -0.0082273786572440704 -0.031744539354918021 0.035247963056957585 0.020848953502955441 -0.016117581739099798 0.0049338745446254918
leaf_weight=12.400671371258795 2.2142666834406617 2.0783444936387232 18.346982194576412 1.4493257817812257 2.1568846697919071 0.75512302760034877
leaf_count=1968 230 378 799 62 273 73
internal_value=-0.000981427 0.021386 0.0301146 -0.0298523 0.00146033 -0.037113
internal_weight=39.4016 22.6396 20.5612 16.762 3.60621 13.1558
internal_count=3783 1407 1029 2376 335 2041
is_linear=0
shrinkage=0.05


Tree=15
num_leaves=7
num_cat=0
split_feature=29 50 47 16 53 9
split_gain=10.2413 5.77427 4.58761 2.74901 2.27917 1.59075
threshold=0.40766463214393905 2.1484087937713574 0.96527274207848213 -0.36831867093583637 1.0000000180025095e-35 -1.0417589968145244
decision_type=2 2 2 2 2 2
left_child=1 2 5 -4 -2 -1
right_child=4 -3 3 -5 -6 -7
leaf_value=-0.009253802303005992 -0.042241471653669732 -0.033253952068679156 -0.025901761911976007 0.015465629886514102 0.0041075759519014479 0.043162573341936426
leaf_weight=0.54365853033959943 9.0043277787044627 2.3151606605388215 3.5146953803487122 7.4733990444801748 2.766864246223121 15.0490112984553
leaf_count=86 1540 427 505 452 240 550
internal_value=0.00181698 0.0176428 0.0249988 -0.000483581 -0.0327254 0.0401368
internal_weight=40.6671 28.8959 26.5808 10.9881 11.7712 15.5927
internal_count=3800 2020 1593 957 1780 636
is_linear=0
shrinkage=0.05


Tree=16
num_leaves=7
num_cat=0
split_feature=36 40 59 11 53 42
split_gain=9.29271 5.81694 2.37059 2.36333 1.97557 1.7494
threshold=-0.20465557199667186 -0.66661287316266116 1.0000000180025095e-35 0.22843671027027482 1.0000000180025095e-35 1.4097156171540959
decision_type=2 2 2 2 2 2
left_child=4 2 -2 5 -1 -3
right_child=1 3 -4 -5 -6 -7
leaf_value=-0.034638023526493575 0.012776213255512035 0.036385121558139263 -0.038875807628774649 -0.015602331186197289 0.005196245289336752 -0.010968643218308214
leaf_weight=11.469195477198808 1.715912982355803 20.046627420000739 2.8826585751958218 1.0108853052370239 3.0607347846962503 0.81738999346271057
leaf_count=1833 81 840 533 159 264 104
internal_value=0.00218098 0.0191922 -0.0221675 0.0295118 -0.0267937 0.0333843
internal_weight=41.0034 26.4735 4.59857 21.8749 14.5299 20.864
internal_count=3814 1717 614 1103 2097 944
is_linear=0
shrinkage=0.05


Tree=17
num_leaves=7
num_cat=0
split_feature=60 32 33 44 34 61
split_gain=10.0698 5.89932 3.17906 2.77617 2.26585 1.88839
threshold=-0.30773570501821523 0.47810482330850851 -0.0496188434481959 0.45121843577259108 0.2808817351959651 0.9634993813217585
decision_type=2 2 2 2 2 2
left_child=1 3 -3 -1 -2 -6
right_child=4 2 -4 -5 5 -7
leaf_value=-0.046695599358009231 0.041333434315724366 0.020503407259546299 -0.026952968799134298 0.00017228554404209964 -0.025885279367956406 0.020396304483655994
leaf_weight=11.341971184127035 8.9741286886855942 9.1631714506074768 2.106388510670512 4.0241736588068298 1.4440737124532455 1.4366456805728374
leaf_count=1907 261 561 371 405 243 60
internal_value=-0.00208133 -0.0187862 0.00783164 -0.0363983 0.0316656 -0.00417379
internal_weight=38.4906 26.6357 11.2696 15.3661 11.8548 2.88072
internal_count=3808 3244 932 2312 564 303
is_linear=0
shrinkage=0.05


Tree=18
num_leaves=7
num_cat=0
split_feature=53 40 36 42 36 42
split_gain=7.2937 6.05929 4.94751 1.88139 1.61419 1.4401
threshold=-0.37550111484765819 -0.40201741291343213 -0.50470468681563918 -1.1302968424630679 -0.74344568923169252 1.1271385592221115
decision_type=2 2 2 2 2 2
left_child=1 -1 -3 -4 -2 -5
right_child=4 2 3 5 -6 -7
leaf_value=-0.046370414290714979 -0.0095106643235901636 -0.029013334264317955 -0.017252131168631595 0.031300748817784246 0.033107939331195234 -0.0060186893069552648
leaf_weight=8.2089734449982661 1.3241656087338913 6.0587137434631613 1.1389007526449848 8.8685817499645037 9.289156240411101 2.2112814402207723
leaf_count=1429 173 1016 163 416 377 206
internal_value=-0.00369378 -0.0174271 0.000277385 0.0176575 0.0268665 0.0241572
internal_weight=37.0998 26.4865 18.2775 12.2188 10.6133 11.0799
internal_count=3780 3230 1801 785 550 622
is_linear=0
shrinkage=0.05


Tree=19
num_leaves=7
num_cat=0
split_feature=34 1 24 15 42 12
split_gain=8.61365 5.52057 3.0317 3.1399 1.88803 1.22595
threshold=0.36691312382456914 -0.78695188543041295 1.8141562480906714 0.80329679500201812 -0.78253706902425846 4.1400560361139318
decision_type=2 2 2 2 2 2
left_child=1 5 3 -3 -5 -1
right_child=-2 2 -4 4 -6 -7
leaf_value=-0.035902575691728729 -0.031348239761510445 0.037702089499532028 -0.021842392181605479 0.016773168056236725 -0.025307234773386228 0.0094957596912221762
leaf_weight=3.0908738798461886 11.823492677882312 17.368617189582444 1.1220764368772496 2.6235592016018927 2.1649414468556634 0.58283921005204309
leaf_count=555 1835 665 217 143 334 27
internal_value=-0.000187396 0.0152527 0.0244116 0.0290794 -0.00467169 -0.0276692
internal_weight=38.7764 26.9529 23.2792 22.1571 4.7885 3.67371
internal_count=3776 1941 1359 1142 477 582
is_linear=0
shrinkage=0.05


Tree=20
num_leaves=7
num_cat=0
split_feature=29 22 47 33 10 0
split_gain=7.43811 5.08932 5.31825 2.74289 1.96452 1.41253
threshold=0.67723695231252867 -1.7900328811776716 0.96527274207848213 -0.75541105187447155 0.63042480235020204 -0.82630478513189198
decision_type=2 2 2 2 2 2
left_child=1 -1 4 -4 5 -3
right_child=-2 2 3 -5 -6 -7
leaf_value=-0.02964843932061182 -0.034969897203688816 -0.0026502879002962667 0.013345628235965615 -0.028287599947285819 -0.011412034971343209 0.043095913149258896
leaf_weight=3.3711772887036231 7.7904003229923537 1.4937895126640839 5.7461970774456894 4.4677378018386644 0.83287496725097199 14.832395911216736
leaf_count=592 1328 149 322 686 131 556
internal_value=0.00125431 0.0127262 0.0203579 -0.00715312 0.0353614 0.0391486
internal_weight=38.5346 30.7442 27.373 10.2139 17.1591 16.3262
internal_count=3764 2436 1844 1008 836 705
is_linear=0
shrinkage=0.05


Tree=21
num_leaves=7
num_cat=0
split_feature=36 40 36 12 7 53
split_gain=6.96312 5.23905 1.77291 1.69009 1.55796 1.41736
threshold=-0.46597552118003877 -0.67684099483737203 1.8685778157911799 -0.056322945923857136 0.95020152201723362 0.45323406490914359
decision_type=2 2 2 2 2 2
left_child=3 5 4 -1 -3 -2
right_child=1 2 -4 -5 -6 -7
leaf_value=-0.040158236658028111 -0.036788518319143496 0.029690803752144508 -0.012786258457896691 -0.00094154776140068864 -0.013901290888268801 0.0065919976056247678
leaf_weight=7.190942298155278 2.9913349817506996 20.209143409505494 1.4113302044570435 3.9624963109381479 0.53509872406721015 1.5947630815207956
leaf_count=1293 581 1046 152 520 94 97
internal_value=-0.000547209 0.0132282 0.0231977 -0.0293784 0.026952 -0.0250621
internal_weight=37.8951 26.7417 22.1556 11.1534 20.7442 4.5861
internal_count=3783 1970 1292 1813 1140 678
is_linear=0
shrinkage=0.05


Tree=22
num_leaves=7
num_cat=0
split_feature=29 40 39 0 34 32
split_gain=7.46977 4.52513 2.57531 2.638 2.52462 2.07883
threshold=0.10272676638151411 -0.67684099483737203 0.47485533131521135 -0.82630478513189198 -1.4902098694763353 1.5713511703540315
decision_type=2 2 2 2 2 2
left_child=1 -1 3 -3 -4 -2
right_child=5 2 4 -5 -6 -7
leaf_value=-0.026132274294486103 -0.035648981162084689 -0.012813853046338662 0.022291340186487558 0.040231985526684007 -0.023750087724791855 0.0070390832101234549
leaf_weight=3.1446026605553952 11.705414702650158 1.3231117315590424 2.5834704153239727 12.207878733985122 3.4269107021391383 2.4494509049691251
leaf_count=505 1979 182 101 388 429 203
internal_value=-0.00296619 0.0143151 0.0234356 0.0336609 -0.00312713 -0.0283228
internal_weight=36.8408 22.686 19.5414 13.531 6.01038 14.1549
internal_count=3787 1605 1100 570 530 2182
is_linear=0
shrinkage=0.05


Tree=23
num_leaves=7
num_cat=0
split_feature=33 40 47 33 0 60
split_gain=6.75607 6.05888 3.87011 3.23739 2.42266 2.21039
threshold=0.31719442042265983 -0.67684099483737203 0.96527274207848213 -0.75541105187447155 -0.82630478513189198 -0.093162781941332581
decision_type=2 2 2 2 2 2
left_child=1 5 4 -4 -3 -1
right_child=-2 2 3 -5 -6 -7
leaf_value=-0.041626378813122367 -0.037872641026092467 -0.010339471088562971 0.017443129247950957 -0.026718348740494842 0.039360380719230342 0.010282609106797951
leaf_weight=3.743289371021091 5.8801773469895116 1.582461944315585 6.310325157828629 4.5194333107210714 14.984445143025367 1.5217096451669929
leaf_count=742 1091 206 320 697 664 87
internal_value=0.00123897 0.010874 0.0204624 -0.00278426 0.0337557 -0.0283368
internal_weight=38.5418 32.6617 27.3967 10.8298 16.5669 5.265
internal_count=3807 2716 1887 1017 870 829
is_linear=0
shrinkage=0.05


Tree=24
num_leaves=7
num_cat=0
split_feature=53 45 34 33 34 39
split_gain=7.5857 5.28249 3.97197 1.64122 1.4465 1.28249
threshold=-0.37550111484765819 0.33873849255885841 0.64996934569578291 -0.81581129581159828 0.29642567492309041 0.67436264588917816
decision_type=2 2 2 2 2 2
left_child=1 3 5 -1 -2 -3
right_child=4 2 -4 -5 -6 -7
leaf_value=0.0052085396745333188 0.033546113443532359 0.032112555475481627 -0.029542966480751387 -0.040399139485663899 -0.003709256098584462 -0.0070432965967284758
leaf_weight=1.5177977844141413 8.2991215391084534 5.9303756849840266 2.1840809034183621 13.57257999898866 2.6679080072790375 1.5121668069623408
leaf_count=116 284 253 458 2250 279 158
internal_value=-0.00481143 -0.0196321 0.00806578 -0.0357089 0.0256331 0.024419
internal_weight=35.684 24.717 9.62662 15.0904 10.967 7.44254
internal_count=3798 3235 869 2366 563 411
is_linear=0
shrinkage=0.05


Tree=25
num_leaves=7
num_cat=0
split_feature=36 22 47 3 42 37
split_gain=6.11235 4.98503 2.1221 2.05887 1.27602 1.12029
threshold=-0.46597552118003877 -1.7900328811776716 0.96527274207848213 -0.61486719490201647 0.68131057324974587 -1.59798658325359
decision_type=2 2 2 2 2 2
left_child=5 -2 4 -4 -3 -1
right_child=1 2 3 -5 -6 -7
leaf_value=0.0072261421671420654 -0.03187787339918717 0.035680829897069687 0.015325581399715724 -0.022363235587865429 -0.0014716726972538426 -0.033344991597459149
leaf_weight=0.87584937689825793 2.8388415114022818 11.902510101441292 6.0292187645100066 3.0530317090451708 2.4616295071318754 9.5760921817272884
leaf_count=99 558 471 332 419 205 1700
internal_value=-0.00127748 0.0116297 0.0199161 0.000249345 0.0301596 -0.0290919
internal_weight=36.7372 26.2852 23.4464 9.08225 14.3641 10.4519
internal_count=3784 1985 1427 751 676 1799
is_linear=0
shrinkage=0.05


Tree=26
num_leaves=7
num_cat=0
split_feature=60 40 29 15 11 56
split_gain=8.07558 3.05647 3.19129 1.70832 1.43873 1.27669
threshold=-0.30334261672897295 -0.025780295515559864 0.6479269808414273 0.80329679500201812 -0.31076762044826145 1.2512712487917492
decision_type=2 2 2 2 2 2
left_child=1 5 4 -2 -3 -1
right_child=3 2 -4 -5 -6 -7
leaf_value=-0.037991761300566099 0.035612466024812661 0.023440565716720433 -0.031300168044012866 -0.0052362023694071695 -0.012163603558127215 0.0042821680611827119
leaf_weight=11.600179409608243 8.4934294647537154 7.0199253470636895 2.4688168074935684 2.3964859880506983 1.8222409510053683 1.3880445598624653
leaf_count=1973 309 361 533 257 246 108
internal_value=-0.00392263 -0.0194458 0.000352317 0.0274337 0.0148805 -0.0335182
internal_weight=35.1891 24.2992 11.311 10.8899 8.84217 12.9882
internal_count=3787 3221 1140 566 607 2081
is_linear=0
shrinkage=0.05


Tree=27
num_leaves=7
num_cat=0
split_feature=53 40 33 47 34 33
split_gain=6.09388 3.18313 3.50644 2.63559 2.51844 1.68768
threshold=-0.37550111484765819 -0.40201741291343213 0.14747978706581605 0.96527274207848213 -1.5246709997394243 0.31719442042265983
decision_type=2 2 2 2 2 2
left_child=1 -1 3 -3 -5 -2
right_child=5 2 -4 4 -6 -7
leaf_value=-0.034291561138633291 0.032684202123280562 0.028249918989761348 -0.031127883553986508 0.020484569471054093 -0.026430252420660036 -0.011262654390719993
leaf_weight=8.405081925448032 9.6360927750356478 7.2461046390235442 3.5264550172723821 1.9978063078597195 4.2342942594550541 1.0976411933079351
leaf_count=1468 392 408 720 62 579 153
internal_value=-0.000684078 -0.0138554 -0.000126441 0.0121752 -0.00962146 0.0267116
internal_weight=36.1435 25.4097 17.0047 13.4782 6.2321 10.7337
internal_count=3782 3237 1769 1049 641 545
is_linear=0
shrinkage=0.05


Tree=28
num_leaves=7
num_cat=0
split_feature=59 40 33 10 32 37
split_gain=6.11534 3.2798 3.11915 1.98581 1.75113 1.89146
threshold=1.0000000180025095e-35 -0.40201741291343213 0.14747978706581605 0.30391793440851717 0.63901374646955411 -0.80115082997808085
decision_type=2 2 2 2 2 2
left_child=3 -2 4 -1 5 -3
right_child=1 2 -4 -5 -6 -7
leaf_value=0.034165369831670775 -0.035252175443654353 0.016882586779084552 -0.02938956412768436 -0.012139109287860349 0.026019340733190923 -0.021161079085645271
leaf_weight=8.992110504768787 8.1613470017910021 3.0490957731381068 3.5930548869073382 1.266570295440032 6.1850684876553714 4.3017842001281688
leaf_count=340 1449 206 727 182 271 578
internal_value=-0.00110784 -0.0141613 -0.000356045 0.0269953 0.0112845 -0.00506133
internal_weight=35.549 25.2904 17.129 10.2587 13.5359 7.35088
internal_count=3753 3231 1782 522 1055 784
is_linear=0
shrinkage=0.05


Tree=29
num_leaves=7
num_cat=0
split_feature=54 40 29 10 31 12
split_gain=4.62363 3.76119 3.157 1.97179 1.53362 1.80326
threshold=-0.19936840856861313 0.17855075630580999 0.67723695231252867 0.55138238408340279 2.9364668754273944 0.18454350443998432
decision_type=2 2 2 2 2 2
left_child=1 4 -3 -2 5 -1
right_child=3 2 -4 -5 -6 -7
leaf_value=-0.036957272736482902 0.029915522824199976 0.023785582977356938 -0.025580215457298189 -0.0133043035774605 0.011278020431117586 0.0051628744549192442
leaf_weight=10.540431559318678 11.42871474009007 8.2017686301842314 1.8010549186728884 1.423860068200155 1.0542561747133721 2.2999803752172729
leaf_count=1852 549 475 402 215 35 244
internal_value=0.00224111 -0.0105475 0.011046 0.0235158 -0.0252938 -0.0298638
internal_weight=36.7501 23.8975 10.0028 12.8526 13.8947 12.8404
internal_count=3772 3008 877 764 2131 2096
is_linear=0
shrinkage=0.05


Tree=30
num_leaves=7
num_cat=0
split_feature=60 33 49 29 3 36
split_gain=5.18738 2.96085 2.9135 3.19487 1.6726 1.45186
threshold=-0.30773570501821523 -0.79806444726065229 -0.068599485967797802 0.6479269808414273 1.8903206858088182 -0.74344568923169252
decision_type=2 2 2 2 2 2
left_child=1 -1 4 -4 -3 -2
right_child=5 2 3 -5 -6 -7
leaf_value=0.013469848055544426 -0.0095973724868811724 -0.040309732850694391 0.020607925638200322 -0.028315447351482614 0.0085488784515079432 0.031230718929223206
leaf_weight=6.2064391691237679 1.2001723120920349 9.9259425294585562 5.5839434149675053 2.4698471589945257 0.95056571927853006 9.3783015867229533
leaf_count=399 179 1809 372 537 123 380
internal_value=0.000129915 -0.012128 -0.021215 0.00199172 -0.0351146 0.0255016
internal_weight=35.7152 25.1367 18.9303 8.05379 10.8765 10.5785
internal_count=3799 3240 2841 909 1932 559
is_linear=0
shrinkage=0.05


Tree=31
num_leaves=7
num_cat=0
split_feature=60 44 49 29 36 61
split_gain=4.64722 3.76124 2.30614 2.07908 1.91064 1.55859
threshold=-0.29016374764685149 0.23446501740391076 -0.3563589200727057 -0.046528244987837579 -0.50470468681563918 0.9634993813217585
decision_type=2 2 2 2 2 2
left_child=1 2 -1 -2 -3 -5
right_child=3 4 -4 5 -6 -7
leaf_value=-0.037705289274032917 0.035102138702164318 -0.018344498687620694 0.0027763043784594741 -0.024696241893147879 0.018288551390457299 0.017191291101012474
leaf_weight=10.003588990075515 6.9374715615995228 2.3579676658846429 4.2890597514342508 1.6904314458370193 8.8220165744423849 1.4011581439990548
leaf_count=1814 192 470 509 275 490 66
internal_value=-0.00112974 -0.012368 -0.0271831 0.0236895 0.00831583 -0.00659507
internal_weight=35.5017 25.4726 14.2926 10.0291 11.18 3.09159
internal_count=3816 3283 2323 533 960 341
is_linear=0
shrinkage=0.05


Tree=32
num_leaves=7
num_cat=0
split_feature=33 27 39 40 37 42
split_gain=4.6168 3.8684 2.887 2.65653 2.39126 2.03396
threshold=0.31719442042265983 -0.97257791285662221 0.69754863109642284 -0.66661287316266116 -0.74328007694689868 1.1271385592221115
decision_type=2 2 2 2 2 2
left_child=1 -1 3 -3 -4 -5
right_child=-2 2 4 5 -6 -7
leaf_value=-0.027326913659841464 -0.032333874635295946 -0.0098921736677903774 0.014556873556571879 0.035939478114519592 -0.034806898977995437 -0.0070935982411523399
leaf_weight=3.3539301217533675 5.4299598268698892 3.5305201667361024 2.3034099366050214 15.811136936768891 2.1778797390870741 2.1788077757228157
leaf_count=635 1082 490 140 777 381 237
internal_value=0.00067469 0.00921219 0.0162645 0.0234386 -0.013771 0.0304587
internal_weight=34.7856 29.3557 26.0018 21.5205 4.48129 17.9899
internal_count=3742 2660 2025 1504 521 1014
is_linear=0
shrinkage=0.05


Tree=33
num_leaves=7
num_cat=0
split_feature=60 40 29 39 29 0
split_gain=5.42238 3.71311 3.1644 1.9549 1.67237 1.51788
threshold=-0.30773570501821523 -0.025780295515559864 0.67723695231252867 0.51853125693816082 -0.1286755824724656 -0.46436508524255055
decision_type=2 2 2 2 2 2
left_child=1 -1 3 5 -2 -3
right_child=4 2 -4 -5 -6 -7
leaf_value=-0.031208705656210662 0.034712850926971267 -0.011018044775442267 -0.028575679865249427 -0.013835196517403553 -0.0029618115357393101 0.03381766006807789
leaf_weight=12.18448077631183 6.9071426375303417 0.82128543104044993 2.2349279527552435 1.8697614436969159 3.5645398292690498 6.8842848001513621
leaf_count=2054 187 133 522 225 375 281
internal_value=-0.00198127 -0.0147693 0.00507719 0.0178752 0.0240848 0.0272905
internal_weight=34.4664 23.9947 11.8103 9.57533 10.4717 7.70557
internal_count=3777 3215 1161 639 562 414
is_linear=0
shrinkage=0.05


Tree=34
num_leaves=7
num_cat=0
split_feature=53 44 36 12 32 41
split_gain=3.37658 3.59277 2.13993 1.58897 1.88568 1.06144
threshold=-0.37550111484765819 0.23446501740391076 -0.46597552118003877 1.252925396848606 0.5243589638247782 -1.0890868408109482
decision_type=2 2 2 2 2 2
left_child=1 3 -3 4 -1 -2
right_child=5 2 -4 -5 -6 -7
leaf_value=-0.042503478618690374 -0.010888241386302698 -0.019237868825705384 0.019331800699371904 0.012421531204695484 -0.0025016123644880719 0.024571996094312657
leaf_weight=8.0771212314721179 0.78955208207480509 2.4931249066721639 8.4286156008020026 0.77456313185393888 4.551614322932438 8.470703363651408
leaf_count=1696 106 515 460 41 523 435
internal_value=-0.00237706 -0.0119876 0.00827912 -0.0269959 -0.0313338 0.0196241
internal_weight=33.5853 24.325 10.9217 13.4033 12.6287 9.26026
internal_count=3776 3235 975 2260 2219 541
is_linear=0
shrinkage=0.05


Tree=35
num_leaves=7
num_cat=0
split_feature=34 39 37 1 32 6
split_gain=3.4908 2.77106 3.25027 2.54026 1.50879 1.42566
threshold=0.50375916263750897 0.34544518132128688 -0.83231200468717903 -0.59402236000858399 1.657449880725578 0.39266741975111213
decision_type=2 2 2 2 2 2
left_child=1 3 -3 -1 -4 -5
right_child=-2 2 4 5 -6 -7
leaf_value=-0.014580900601066447 -0.024622079065347708 0.01471617530693 -0.043271288064146179 0.031535319002943055 0.0089655595964235248 -0.0074761472457323093
leaf_weight=2.7477759474422809 8.8025035012979043 3.8546033245511353 3.4364379921462378 12.238478067098187 0.62489009322598565 1.5778349083848286
leaf_count=425 1626 309 603 564 14 222
internal_value=-0.00201817 0.00791039 -0.0132962 0.0185298 -0.0348396 0.0265412
internal_weight=33.2825 24.48 7.91593 16.5641 4.06133 13.8163
internal_count=3763 2137 926 1211 617 786
is_linear=0
shrinkage=0.05


Tree=36
num_leaves=7
num_cat=0
split_feature=29 22 10 39 29 32
split_gain=4.95433 3.04403 2.28468 1.74319 2.34742 1.4483
threshold=0.67723695231252867 -1.7900328811776716 0.1893901915633667 0.51853125693816082 -1.4343715257968681 1.5713511703540315
decision_type=2 2 2 2 2 2
left_child=1 -1 3 -3 -5 -2
right_child=5 2 -4 4 -6 -7
leaf_value=-0.025617007689440176 -0.040575118369389547 0.027629874500061602 -0.015905637484053659 0.022784240041599828 -0.023450722971121191 0.0055539660744599959
leaf_weight=2.6450082832016077 5.1204158214386544 16.567719567799948 2.822184764314442 2.0496380054391921 3.0719842789694658 1.3230388332158325
leaf_count=568 1219 925 437 63 424 117
internal_value=-0.000802657 0.00915555 0.0152921 0.0207909 -0.00336635 -0.032348
internal_weight=33.6 27.1565 24.5115 21.6893 5.12162 6.44345
internal_count=3753 2417 1849 1412 487 1336
is_linear=0
shrinkage=0.05


Tree=37
num_leaves=7
num_cat=0
split_feature=36 50 61 61 42 3
split_gain=4.51119 2.74503 1.81811 1.89815 1.68131 1.44169
threshold=-0.20465557199667186 2.1484087937713574 1.1380957684083515 1.2107466140416987 1.0588256208313371 -0.064391375952652888
decision_type=2 2 2 2 2 2
left_child=2 4 -1 -4 5 -2
right_child=1 -3 3 -5 -6 -7
leaf_value=-0.033301461112637709 0.027217032500713591 -0.025830911702004085 0.027836787638878875 -0.017742373880853698 -0.0077043329862029669 -0.012714805686346984
leaf_weight=8.5016414108686131 15.33863977133297 1.6805697090458114 1.3010265009943389 1.9830279189627615 3.9742207268718621 0.81820438476279633
leaf_count=1711 762 388 43 397 376 137
internal_value=-0.00207023 0.0111214 -0.0237869 0.00498341 0.0171563 0.0235203
internal_weight=33.5973 21.8116 11.7857 3.28405 20.1311 16.1568
internal_count=3814 1663 2151 440 1275 899
is_linear=0
shrinkage=0.05


Tree=38
num_leaves=7
num_cat=0
split_feature=33 27 42 42 43 54
split_gain=3.09671 3.50766 1.73431 1.25461 1.20341 0.986968
threshold=0.31719442042265983 -0.97257791285662221 1.0588256208313371 -1.1302968424630679 -0.82660896068959089 2.2418752281358381
decision_type=2 2 2 2 2 2
left_child=1 -1 3 5 -4 -3
right_child=-2 2 4 -5 -6 -7
leaf_value=-0.027083805870864553 -0.026133520998042337 -0.015548899291924141 0.016860423685193218 0.025728237670953502 -0.018756176820482327 0.016119344772039891
leaf_weight=3.1318522181827602 5.1399368506390593 2.7620921428315404 0.87883093231357623 17.280568366171792 3.9486248511821023 1.3426462444476781
leaf_count=636 1066 380 29 1137 520 26
internal_value=0.00155957 0.00838424 0.0149681 0.0205939 -0.00829528 -0.00275782
internal_weight=34.4846 29.3446 26.2128 21.3853 4.82746 4.10474
internal_count=3794 2728 2092 1543 549 406
is_linear=0
shrinkage=0.05


Tree=39
num_leaves=7
num_cat=0
split_feature=34 12 24 40 6 4
split_gain=3.44338 2.50176 1.92957 1.4616 1.31575 1.19399
threshold=0.2808817351959651 -0.2055141298386334 1.8141562480906714 -0.021836289728396244 0.39266741975111213 0.77708314692447666
decision_type=2 2 2 2 2 2
left_child=1 3 4 -1 -3 -2
right_child=5 2 -4 -5 -6 -7
leaf_value=-0.028204417728977745 -0.032884365192721247 0.029209900050572349 -0.015915210879884834 0.0064647293648971219 -0.01084331501426556 -0.0014013171873652251
leaf_weight=2.9890678361989558 5.845933875301851 12.887640997534612 1.3029686058871455 4.3744942178018418 0.80207094526849765 4.9880127038341016
leaf_count=507 1163 654 278 286 141 802
internal_value=-0.0019056 0.0091939 0.019695 -0.0116991 0.0253359 -0.0218366
internal_weight=33.1902 22.3562 14.9927 7.36356 13.6897 10.8339
internal_count=3831 1866 1073 793 795 1965
is_linear=0
shrinkage=0.05


Tree=40
num_leaves=7
num_cat=0
split_feature=40 10 11 12 16 29
split_gain=3.12973 3.68149 2.47563 1.83563 1.03202 1.29821
threshold=-0.67684099483737203 0.34117371777752648 0.70015887707836511 -0.2055141298386334 -0.36831867093583637 1.1287743112839261
decision_type=2 2 2 2 2 2
left_child=-1 2 3 -2 5 -3
right_child=1 4 -4 -5 -6 -7
leaf_value=-0.027336917771983878 -0.00012701118733130293 -0.03792163191375672 -0.019255576038619358 0.030139481718101404 0.0091350847448235933 0.0074552715953290815
leaf_weight=5.0334596647880963 7.0006425960455152 3.5689888948108992 2.0171633721329263 14.394526065327229 0.75585526693612326 0.94739827699959267
leaf_count=957 559 849 400 831 53 138
internal_value=0.000582973 0.00760672 0.0161433 0.0214383 -0.0224084 -0.0292265
internal_weight=33.718 28.6846 23.4123 21.3952 5.27224 4.51639
internal_count=3787 2830 1790 1390 1040 987
is_linear=0
shrinkage=0.05


Tree=41
num_leaves=7
num_cat=0
split_feature=53 29 49 62 37 16
split_gain=3.30034 2.48844 3.58553 2.47482 1.54586 1.14232
threshold=-0.2485865636087396 0.6479269808414273 -0.3563589200727057 -1.8413471538726445 -0.80115082997808085 -0.081245029135930333
decision_type=2 2 2 2 2 2
left_child=1 2 3 -1 5 -5
right_child=-2 -3 -4 4 -6 -7
leaf_value=0.014214424303981144 0.018456487512450395 -0.037464907240563936 0.02183130240142973 -0.018976440661373009 -0.039518233250649036 0.01564826594863214
leaf_weight=2.6705816313624444 8.6730760044883919 4.734419558197259 6.2617693492211393 1.3962365344632464 5.7416610880754861 2.2000983585603535
leaf_count=138 522 1231 382 317 1039 139
internal_value=-0.00400925 -0.0136312 -0.00304212 -0.0177834 -0.0281656 -0.000311142
internal_weight=31.6778 23.0048 18.2703 12.0086 9.338 3.59633
internal_count=3768 3246 2015 1633 1495 456
is_linear=0
shrinkage=0.05


Tree=42
num_leaves=7
num_cat=0
split_feature=12 32 29 26 50 40
split_gain=2.87682 2.40617 1.94856 1.71463 1.25235 1.12859
threshold=-0.056865624578076944 0.63901374646955411 0.071257635284683721 -0.83135253260952358 2.1484087937713574 0.03080304084428007
decision_type=2 2 2 2 2 2
left_child=1 5 -3 -2 -5 -1
right_child=3 2 -4 4 -6 -7
leaf_value=-0.037450266461416463 -0.013896740190258872 0.020104901521901523 -0.01630222948852186 0.028023371254953168 -0.011050486581566363 -0.0049057328496487718
leaf_weight=5.9376919418573433 2.0140420966781667 5.4644100333098304 3.6448229230009019 8.7486700539011473 0.81363703100942153 5.2704636221751571
leaf_count=1176 362 223 549 618 183 686
internal_value=-0.00275193 -0.0134424 0.00510773 0.0149157 0.0228537 -0.0264138
internal_weight=31.8937 20.3174 9.10923 11.5763 9.56231 11.2082
internal_count=3797 2634 772 1163 801 1862
is_linear=0
shrinkage=0.05


Tree=43
num_leaves=7
num_cat=0
split_feature=60 32 33 62 7 12
split_gain=3.89821 2.46128 1.56899 1.81615 1.55196 1.32655
threshold=-0.30773570501821523 0.89332382617810335 -0.81711131058156317 0.91741043445999393 0.28639752432520688 0.33660045937605937
decision_type=2 2 2 2 2 2
left_child=1 2 -1 5 -3 -4
right_child=-2 4 3 -5 -6 -7
leaf_value=0.010640420902839766 0.021546525602873956 0.021606733486341255 -0.041523985139839202 0.0027323951997965039 -0.01431346689768781 0.0016530815437190854
leaf_weight=1.6317684813402582 9.6624860712327045 4.9290761258453122 8.8155762583483028 3.5293467335868618 2.2700832621194422 1.8310872723814089
leaf_count=104 554 237 1780 536 349 222
internal_value=-0.00131199 -0.0122902 -0.0220929 -0.0270612 0.00940159 -0.0353672
internal_weight=32.6694 23.0069 15.8078 14.176 7.19916 10.6467
internal_count=3782 3228 2642 2538 586 2002
is_linear=0
shrinkage=0.05


Tree=44
num_leaves=7
num_cat=0
split_feature=33 1 1 45 36 1
split_gain=4.0437 2.62345 1.8123 1.55625 1.31473 1.01553
threshold=-0.75541105187447155 0.14846399540269736 -0.9118511649734703 -0.30474616244774833 -0.74344568923169252 1.4399756945075033
decision_type=2 2 2 2 2 2
left_child=2 -2 -1 -3 -5 -6
right_child=1 3 -4 4 5 -7
leaf_value=-0.016705918788872037 -0.030894011542848022 -0.0168559524757626 0.024956691528687666 -0.014675156530794837 0.027670770412421483 -0.0095476212585902352
leaf_weight=1.0210104226134706 9.1156464549712855 3.8148363940417767 10.773219727911053 1.0295951284933833 5.6671603275462967 0.73051141970790912
leaf_count=225 1788 598 503 239 297 106
internal_value=-0.0019213 -0.0147316 0.0186937 0.00212075 0.013913 0.0217298
internal_weight=32.152 20.3577 11.7942 11.2421 7.42727 6.39767
internal_count=3756 3028 728 1240 642 403
is_linear=0
shrinkage=0.05


Tree=45
num_leaves=7
num_cat=0
split_feature=60 49 34 28 37 36
split_gain=3.61703 1.86772 2.70136 1.90462 1.72028 1.04252
threshold=-0.30773570501821523 -0.3563589200727057 0.51401384509637649 -0.72637994799236927 -1.0816014023599638 0.60837466951634533
decision_type=2 2 2 2 2 2
left_child=1 3 -3 -1 -5 -2
right_child=5 2 -4 4 -6 -7
leaf_value=0.0044476254674520486 -0.0013699047723654293 0.021236243408962213 -0.023524103852205561 0.0044704131177447821 -0.0401896796203806 0.029160823539035177
leaf_weight=3.8612350584007826 3.7939900478813779 5.5437717621680331 2.6295564558822662 1.9801531103439636 8.2046467629261315 5.4446377092972398
leaf_count=315 390 311 622 273 1719 160
internal_value=-0.00323811 -0.0138197 0.0043861 -0.0233211 -0.0324652 0.0193605
internal_weight=31.458 22.2194 8.17333 14.046 10.1848 9.23863
internal_count=3790 3240 933 2307 1992 550
is_linear=0
shrinkage=0.05


Tree=46
num_leaves=7
num_cat=0
split_feature=53 45 29 1 9 62
split_gain=3.66386 2.32366 1.90407 1.28745 1.24852 0.785601
threshold=-0.37550111484765819 0.33873849255885841 0.67723695231252867 0.96780326920515369 -1.0725328269706902 -1.4065280945012673
decision_type=2 2 2 2 2 2
left_child=1 5 -3 4 -2 -1
right_child=3 2 -4 -5 -6 -7
leaf_value=0.00058538413388790585 -0.011581204981599147 0.017812504176624024 -0.021777689133582155 -0.012184608514439706 0.030491633762257522 -0.029050532492794053
leaf_weight=2.516069226665425 0.49217384122311969 6.5224849740043265 1.5882375144865362 0.9224727116525181 7.8510224020574215 11.179901030845942
leaf_count=224 94 427 437 120 320 2162
internal_value=-0.00282864 -0.0136659 0.00627305 0.0197811 0.0256032 -0.0244792
internal_weight=31.0724 21.8067 8.11072 9.26567 8.3432 13.696
internal_count=3784 3250 864 534 414 2386
is_linear=0
shrinkage=0.05


Tree=47
num_leaves=7
num_cat=0
split_feature=60 40 12 44 33 0
split_gain=3.25177 2.14894 1.94626 2.22682 1.6458 1.36777
threshold=-0.30773570501821523 0.33257732898050435 0.20905760916508639 0.42357285905402614 0.26813389903702423 -0.79839198475791062
decision_type=2 2 2 2 2 2
left_child=1 2 3 -1 -3 -4
right_child=-2 4 5 -5 -6 -7
leaf_value=-0.040524715654510449 0.019338220297436755 0.017701811422946575 -0.016478859856532378 0.0028485782709804469 -0.020057425315632822 0.024539772912773025
leaf_weight=8.1863533146679455 9.2449709849897754 6.4032492074184111 0.88560830778442357 3.5157137697096905 1.3517965513747183 1.7221869407221664
leaf_count=1805 562 430 211 353 368 72
internal_value=-0.00195126 -0.0121183 -0.022121 -0.0295716 0.00736108 0.00924624
internal_weight=31.3099 22.0649 14.3099 11.7021 7.75505 2.6078
internal_count=3801 3239 2441 2158 798 283
is_linear=0
shrinkage=0.05


Tree=48
num_leaves=7
num_cat=0
split_feature=15 15 60 31 42 43
split_gain=2.99256 2.7515 2.21642 1.75219 1.49175 1.16488
threshold=0.80329679500201812 -0.80649847674524766 -0.30334261672897295 2.5191063525540716 -0.78253706902425846 -1.0977794755078254
decision_type=2 2 2 2 2 2
left_child=1 2 3 5 -2 -1
right_child=4 -3 -4 -5 -6 -7
leaf_value=0.011617006865567494 0.0037682558149441932 0.042258690248298661 0.022419182437836506 0.015565053385133303 -0.028007265162658498 -0.023639612607433677
leaf_weight=1.0026743127964444 5.0869812541641295 3.0097544565796879 5.8965103756636372 2.9016500706784418 6.2743200128898007 8.7403043012600392
leaf_count=87 584 55 266 111 1223 1471
internal_value=0.0023659 0.0127995 0.00279813 -0.00889619 -0.0159647 -0.0181305
internal_weight=32.9122 21.5509 18.5411 12.6446 11.3613 9.74298
internal_count=3797 1990 1935 1669 1807 1558
is_linear=0
shrinkage=0.05


Tree=49
num_leaves=7
num_cat=0
split_feature=12 32 0 35 22 0
split_gain=2.57968 2.96911 1.68949 1.6356 1.29662 1.29624
threshold=-0.056865624578076944 0.63901374646955411 -0.79839198475791062 0.93409214253424933 -1.7900328811776716 -0.10336325544577495
decision_type=2 2 2 2 2 2
left_child=1 -1 -2 5 -4 -3
right_child=2 3 4 -5 -6 -7
leaf_value=-0.02467907536256992 -0.0099419329860955426 -0.013754693962865164 -0.0093337803764198986 -0.020105739357585844 0.031706022378171342 0.023783661363146261
leaf_weight=10.582794539630418 2.6394361939746878 0.82356965984217723 0.93367635598406096 1.1198411949444551 8.0181322202552092 7.7456168939825139
leaf_count=1860 433 146 214 255 518 372
internal_value=0.00119017 -0.00924144 0.017583 0.00946847 0.0261571 0.0175447
internal_weight=31.8631 20.2718 11.5912 9.68903 8.95181 8.56919
internal_count=3798 2633 1165 773 732 518
is_linear=0
shrinkage=0.05


Tree=50
num_leaves=7
num_cat=0
split_feature=33 40 47 6 0 41
split_gain=2.74689 2.85233 2.12023 1.73017 1.3471 1.13644
threshold=0.29619634765674213 -0.67684099483737203 0.96527274207848213 -0.48407547592659933 -0.77996953651108292 -1.0890868408109482
decision_type=2 2 2 2 2 2
left_child=1 -1 4 -4 -3 -6
right_child=-2 2 3 -5 5 -7
leaf_value=-0.020987488375571326 -0.025870138334775868 -0.0069360256054324821 0.010605768855313495 -0.024301883567320545 -0.0045976977463184571 0.035869294062265952
leaf_weight=4.1641386735718759 4.5587388277053824 1.595445002429188 6.591473434120422 2.6788813606835848 1.2724502542987455 10.148277279920874
leaf_count=815 1092 221 463 541 132 471
internal_value=0.00111488 0.00792722 0.0151788 -0.00295693 0.0262299 0.0313421
internal_weight=31.0094 26.4507 22.2865 9.27035 13.0162 11.4207
internal_count=3735 2643 1828 1004 824 603
is_linear=0
shrinkage=0.05


Tree=51
num_leaves=7
num_cat=0
split_feature=15 15 28 4 43 43
split_gain=2.7851 2.75045 1.69503 1.08602 0.971986 1.23436
threshold=0.80329679500201812 -0.80649847674524766 -0.6828113115236264 -1.1900784673557858 0.45193229972573551 -0.4108812488582701
decision_type=2 2 2 2 2 2
left_child=1 2 3 -1 5 -4
right_child=-2 -3 4 -5 -6 -7
leaf_value=-0.01488562509104195 -0.018763177429793582 0.039587776589792088 0.0037718004806386127 0.018467336561278625 0.0068894292924716397 -0.034180020429836915
leaf_weight=0.70076178014278312 10.227612335467713 2.8636468946933737 2.4230636234860912 8.5227239958476328 2.5151060363277793 3.3168586208485005
leaf_count=174 1764 52 308 464 251 733
internal_value=-0.000471172 0.00995516 1.20204e-05 0.0129019 -0.0139902 -0.0223635
internal_weight=30.5698 20.3422 17.4785 9.22349 8.25503 5.73992
internal_count=3746 1982 1930 638 1292 1041
is_linear=0
shrinkage=0.05


Tree=52
num_leaves=7
num_cat=0
split_feature=9 12 40 47 33 54
split_gain=2.84961 2.02212 1.73698 1.4432 1.35922 1.05837
threshold=-0.47412293314795567 0.082637542376637188 -0.61073419917012772 0.96527274207848213 -0.80568201547572904 -0.38359377500067837
decision_type=2 2 2 2 2 2
left_child=-1 2 -2 -4 -5 -6
right_child=1 -3 3 4 5 -7
leaf_value=-0.021756837190355965 -0.022016263572057396 0.030137870841960186 0.018598178978292013 0.011187039327502764 -0.031490901028290046 0.0085119420131952849
leaf_weight=6.5296814192552146 3.3001571097411277 5.5840751656796774 9.532960458891468 3.1872376056853771 2.615528330672523 0.85881062643602479
leaf_count=1472 624 299 644 154 528 54
internal_value=0.00205092 0.00991193 0.000871722 0.00824792 -0.00773944 -0.0222404
internal_weight=31.6085 25.0788 19.4947 16.1945 6.66158 3.47434
internal_count=3775 2303 2004 1380 736 582
is_linear=0
shrinkage=0.05


Tree=53
num_leaves=7
num_cat=0
split_feature=15 15 32 42 27 41
split_gain=2.64085 2.98141 2.26431 1.68947 1.4997 1.22576
threshold=0.80329679500201812 -0.80649847674524766 0.5902723098758843 -0.99537043703846639 0.95868780858155189 -0.26042907004368676
decision_type=2 2 2 2 2 2
left_child=1 2 -1 5 -4 -2
right_child=3 -3 4 -5 -6 -7
leaf_value=-0.015327874589281018 0.018869789239317106 0.0400126637751618 0.02756628712805614 -0.030232339301097574 -0.0087997680870412331 -0.01640593195323397
leaf_weight=9.2750573186203891 2.7668382963165641 3.0305737033486357 5.034387422958388 6.2335785126779246 2.5978246147278696 1.4303334318101404
leaf_count=1431 190 57 215 1311 275 309
internal_value=-0.000528939 0.00982514 -0.000800304 -0.0180941 0.0161978 0.00502076
internal_weight=30.3686 19.9378 16.9073 10.4308 7.63221 4.19717
internal_count=3788 1978 1921 1810 490 499
is_linear=0
shrinkage=0.05


Tree=54
num_leaves=7
num_cat=0
split_feature=15 15 43 32 17 40
split_gain=2.73496 2.36541 1.72488 1.53498 1.17373 1.07304
threshold=0.80329679500201812 -0.80649847674524766 0.32020083778764191 1.5713511703540315 1.0000000180025095e-35 0.34663902428033816
decision_type=2 2 2 2 2 2
left_child=1 2 4 -2 5 -1
right_child=3 -3 -4 -5 -6 -7
leaf_value=-0.026725523790449592 -0.025906205693671743 0.037911893469046581 0.016661120799670578 0.010920621147763314 0.011370916256413014 0.0052586767287405188
leaf_weight=5.9188074963167363 8.6282431890722382 2.7044407650828353 6.8143793533090493 1.8830981946084637 2.3620187446940681 2.5028699287213385
leaf_count=1052 1688 52 456 133 208 241
internal_value=-0.000490432 0.00992742 0.000731507 -0.0183488 -0.01077 -0.0183355
internal_weight=30.8139 20.3025 17.5981 10.5113 10.7837 8.42168
internal_count=3830 2009 1957 1821 1501 1293
is_linear=0
shrinkage=0.05


Tree=55
num_leaves=7
num_cat=0
split_feature=12 49 0 16 40 35
split_gain=2.10189 2.31995 2.05072 2.04586 1.29905 1.16702
threshold=-0.056865624578076944 -0.3563589200727057 -0.82630478513189198 -0.36831867093583637 -0.72899757910169949 0.91372505775412682
decision_type=2 2 2 2 2 2
left_child=1 3 -2 -1 -4 -3
right_child=2 5 4 -5 -6 -7
leaf_value=-0.035696137937042509 -0.014536752428916382 0.020271052121209866 -0.0083708735355653603 0.00046245482267223172 0.031811323539219366 -0.01279356832405684
leaf_weight=5.7295918373856747 2.1379729744512579 5.6307604827452442 1.1638390757143486 6.9512937960680574 7.5925928961951277 1.4909158656373618
leaf_count=1297 401 356 230 600 501 382
internal_value=0.001125 -0.00831095 0.0163677 -0.0195787 0.0256974 0.0116087
internal_weight=30.697 19.8026 10.8944 12.6809 8.75643 7.12168
internal_count=3767 2635 1132 1897 731 738
is_linear=0
shrinkage=0.05


Tree=56
num_leaves=7
num_cat=0
split_feature=27 33 47 16 6 31
split_gain=2.10738 2.54058 1.87879 2.33224 2.07639 0.866709
threshold=-0.97257791285662221 0.31719442042265983 0.96527274207848213 1.4689526365835628 -1.1338966809583149 0.51947938323812892
decision_type=2 2 2 2 2 2
left_child=-1 2 3 -2 -4 -5
right_child=1 -3 4 5 -6 -7
leaf_value=-0.025845193641744993 0.03154319165684822 -0.020968668619451597 0.01818015608770145 -0.021031296619922292 -0.019511465564022105 0.010813734585660114
leaf_weight=2.9837385702412602 11.487217535264792 4.0361568455118677 3.4486055520828813 1.8856774324085575 5.5905790259130299 1.3368121013045309
leaf_count=741 717 966 158 298 865 54
internal_value=0.00143772 0.00660064 0.0131123 0.0226496 -0.00418451 -0.00897631
internal_weight=30.7688 27.785 23.7489 14.7097 9.03918 3.22249
internal_count=3799 3058 2092 1069 1023 352
is_linear=0
shrinkage=0.05


Tree=57
num_leaves=7
num_cat=0
split_feature=33 61 1 32 27 34
split_gain=2.83431 2.0614 1.67616 1.23874 1.09741 0.912792
threshold=-0.75541105187447155 0.9634993813217585 -0.88952874054449838 1.4839769235325364 -0.27613249772459764 1.3992088293484075
decision_type=2 2 2 2 2 2
left_child=2 3 -1 5 -3 -2
right_child=1 4 -4 -5 -6 -7
leaf_value=-0.016989621683096503 -0.030206409556632355 -0.01348011693225227 0.023472043859716588 0.0060851261987244594 0.018442823447013881 0.0092606922078506456
leaf_weight=0.8876468341331919 10.054547393927351 1.4900653595104811 10.589828251395376 2.3151977679226539 5.0513310194946817 0.29742379416711706
leaf_count=235 2061 365 505 191 451 36
internal_value=0.000280328 -0.0109637 0.0174707 -0.0211558 0.00921906 -0.0272465
internal_weight=30.686 19.2086 11.4775 12.6672 6.5414 10.352
internal_count=3844 3104 740 2288 816 2097
is_linear=0
shrinkage=0.05


Tree=58
num_leaves=7
num_cat=0
split_feature=33 40 47 33 16 0
split_gain=2.07896 2.13491 1.99865 1.69433 1.44978 1.2825
threshold=0.31719442042265983 -0.72436468697037804 0.96527274207848213 -0.75541105187447155 1.4689526365835628 -0.77996953651108292
decision_type=2 2 2 2 2 2
left_child=1 -1 4 -4 5 -3
right_child=-2 2 3 -5 -6 -7
leaf_value=-0.019308051690922749 -0.021234389853282024 -0.0059614712507106019 0.011672305935980466 -0.02222086841795556 -0.0042949554896927122 0.035832021451039163
leaf_weight=3.1707899945322486 4.4596097101457408 1.2378090065903951 5.5852100530173683 3.5540046941023267 2.8515083792153755 9.8462101437617076
leaf_count=675 1102 202 321 744 255 501
internal_value=0.00257935 0.0083889 0.0139784 -0.00374213 0.0242042 0.0308891
internal_weight=30.7051 26.2455 23.0747 9.13921 13.9355 11.084
internal_count=3800 2698 2023 1065 958 703
is_linear=0
shrinkage=0.05


Tree=59
num_leaves=7
num_cat=0
split_feature=1 33 39 29 40 1
split_gain=2.65396 1.95346 1.93272 1.60604 1.30182 1.2506
threshold=-0.9118511649734703 0.31719442042265983 0.35407252465421518 -1.4343715257968681 -0.72899757910169949 1.5808195629283979
decision_type=2 2 2 2 2 2
left_child=-1 2 4 -4 -2 -6
right_child=1 -3 3 -5 5 -7
leaf_value=-0.028323279609313884 -0.0081882719533634043 -0.018118129004470431 0.017674970217129302 -0.020165203251295657 0.028614334953161263 -0.011582975325297696
leaf_weight=3.4596199705265489 1.9859610400162733 3.6524796809535465 1.6261377953924236 4.8215962382964781 14.052525382721793 0.57221035892143923
leaf_count=866 347 876 55 672 835 94
internal_value=0.000792815 0.00704306 0.0126556 -0.00803973 0.0206899 0.0253377
internal_weight=30.1705 26.7109 23.0584 6.44773 16.6107 14.6247
internal_count=3745 2879 2003 727 1276 929
is_linear=0
shrinkage=0.05


Tree=60
num_leaves=7
num_cat=0
split_feature=33 47 33 40 4 6
split_gain=2.38383 2.41343 1.62179 1.65565 1.26944 0.920919
threshold=-0.75541105187447155 0.96527274207848213 0.44219910239746879 -0.34273111792078942 -1.1900784673557858 0.9255895720257995
decision_type=2 2 2 2 2 2
left_child=4 2 3 -2 -1 -5
right_child=1 -3 -4 5 -6 -7
leaf_value=-0.014913914593020473 -0.011490524362506218 -0.033526168503826434 -0.021799750371100518 0.025259697470769945 0.021162190556846337 -0.01042873002537594
leaf_weight=0.76490140543319185 3.9378687459975499 4.597813880769535 2.6565183440688989 7.2414074174594134 9.902548203943299 0.4828282007947563
leaf_count=211 646 1198 682 424 499 119
internal_value=-0.000567332 -0.01074 0.00111689 0.00972941 0.0158696 0.0207356
internal_weight=29.5839 18.9164 14.3186 11.6621 10.6674 7.72424
internal_count=3779 3069 1871 1189 710 543
is_linear=0
shrinkage=0.05


Tree=61
num_leaves=7
num_cat=0
split_feature=15 15 60 32 37 54
split_gain=3.16744 2.10835 1.87171 1.72532 0.984619 0.958306
threshold=0.80329679500201812 -0.80649847674524766 -0.30334261672897295 0.89332382617810335 -1.1955622698675228 2.8559455938471534
decision_type=2 2 2 2 2 2
left_child=1 2 3 4 -1 -2
right_child=5 -3 -4 -5 -6 -7
leaf_value=0.0059597004854269886 -0.025335496096104117 0.037757836686717852 0.02084447016555013 0.011346413813700849 -0.027536273284649661 0.0072912675959514259
leaf_weight=1.6869172414299152 8.3052960507338884 2.6115407533943644 5.397693454520776 4.6197936811950058 5.9057385713094845 1.3956554287578899
leaf_count=236 1724 52 265 302 1122 94
internal_value=5.19044e-05 0.0110278 0.0021448 -0.00860091 -0.020514 -0.0200281
internal_weight=29.9226 20.2217 17.6101 12.2124 7.59266 9.70095
internal_count=3795 1977 1925 1660 1358 1818
is_linear=0
shrinkage=0.05


Tree=62
num_leaves=7
num_cat=0
split_feature=12 27 1 0 0 62
split_gain=2.27324 2.54284 1.3219 1.15802 1.1349 1.17768
threshold=-0.056322945923857136 0.3336831909167966 1.0493332670004942 -0.79839198475791062 0.11547309948623884 -0.80210907550490218
decision_type=2 2 2 2 2 2
left_child=1 -1 4 -2 -3 -6
right_child=3 2 -4 -5 5 -7
leaf_value=-0.027379641260288402 -0.0073219638276936314 -0.010938852297103336 -0.013478389949444242 0.024004078194220957 -0.005109985390664748 0.031456596773229616
leaf_weight=7.1888734356034609 2.4116930074524126 1.4377313572913388 3.5083940544864154 8.4303086081054044 2.0351353504229328 4.7899701024871328
leaf_count=1554 416 259 462 731 171 194
internal_value=0.00118383 -0.00892152 0.00562242 0.0169592 0.0151625 0.022322
internal_weight=29.8021 18.9601 11.7712 10.842 8.26284 6.82511
internal_count=3787 2640 1086 1147 624 365
is_linear=0
shrinkage=0.05


Tree=63
num_leaves=7
num_cat=0
split_feature=1 15 16 28 28 28
split_gain=1.59512 1.59672 3.20587 1.48882 0.996651 0.989865
threshold=-0.95755898642326998 0.80329679500201812 1.4689526365835628 -0.6828113115236264 0.92259703964228501 -0.59093468628738377
decision_type=2 2 2 2 2 2
left_child=-1 2 4 -4 -2 -3
right_child=1 5 3 -5 -6 -7
leaf_value=-0.024470970877465845 0.03396230193766963 0.009307179558137325 0.0072787224415933899 -0.025839111703546233 -0.0080905677190720952 -0.019402582455886844
leaf_weight=3.2060506787383956 7.6237959391437471 2.2689625103957951 5.3857864527963146 3.156778577715154 0.46327674889471371 6.4521089446498099
leaf_count=801 473 164 339 555 158 1291
internal_value=-0.00163145 0.00354082 0.0119585 -0.00849446 0.0300159 -0.0114628
internal_weight=28.5568 25.3507 16.6296 8.54257 8.08707 8.72107
internal_count=3781 2980 1525 894 631 1455
is_linear=0
shrinkage=0.05


Tree=64
num_leaves=7
num_cat=0
split_feature=1 7 39 29 33 41
split_gain=2.23206 1.29565 1.3588 2.19631 1.59191 1.12754
threshold=-0.88952874054449838 1.192668850515519 -1.0000000180025095e-35 -1.4029520305535028 -0.81369647779639753 -0.95659736289333874
decision_type=2 2 2 2 2 2
left_child=-1 2 5 -4 -5 -2
right_child=1 -3 3 4 -6 -7
leaf_value=-0.029409683063644543 -0.0077407105634278569 -0.021666670723127873 0.021558436567990939 0.011018122707874594 -0.027741590981194414 0.022508602649400484
leaf_weight=3.2388323757331845 2.3344918318325698 1.4679632006445889 2.4539605553727597 1.8967462100554255 5.7386525173205847 10.89981227333192
leaf_count=890 351 442 85 81 951 1005
internal_value=-0.00256547 0.00373761 0.00762357 -0.00541603 -0.0177211 0.0167283
internal_weight=28.0305 24.7916 23.3237 10.0894 7.6354 13.2343
internal_count=3805 2915 2473 1117 1032 1356
is_linear=0
shrinkage=0.05


Tree=65
num_leaves=7
num_cat=0
split_feature=36 40 37 39 51 22
split_gain=2.81016 2.16005 1.12701 1.09136 0.809165 0.715639
threshold=-0.50470468681563918 -0.67684099483737203 0.62246969458900214 1.3584031303987303 1.0000000180025095e-35 -1.7900328811776716
decision_type=2 2 2 2 2 2
left_child=4 -2 3 5 -1 -3
right_child=1 2 -4 -5 -6 -7
leaf_value=-0.027970975474479343 -0.019203320305374336 -0.0072417369322958919 -0.0078115865630081259 -0.0073698988906182768 0.0083051703854002783 0.026205744956220994
leaf_weight=6.3094986556097892 3.2618509489111664 0.52260924852453783 2.9918374186381689 1.9146945327520359 0.4541339580900966 13.26818476105108
leaf_count=1719 687 106 337 210 46 695
internal_value=-0.00107725 0.00791433 0.0146462 0.019491 -0.0237318 0.0238708
internal_weight=28.7228 21.9592 18.6973 15.7055 6.76363 13.7908
internal_count=3800 2035 1348 1011 1765 801
is_linear=0
shrinkage=0.05


Tree=66
num_leaves=7
num_cat=0
split_feature=60 44 41 12 29 61
split_gain=2.19361 2.07175 1.07868 0.998448 0.828878 1.27733
threshold=-0.29016374764685149 0.23446501740391076 0.64967129747373165 -0.037019090938037895 -0.055586788245205819 0.9634993813217585
decision_type=2 2 2 2 2 2
left_child=1 3 -3 -1 -2 -6
right_child=4 2 -4 -5 5 -7
leaf_value=-0.029777631379633393 0.026540919202107927 -0.0073889495889328657 0.01975454686204511 -0.00043838050930671631 -0.019609558637247424 0.017828058958361977
leaf_weight=6.5815258250804636 5.4796011310536414 4.6668136792723072 4.7702766748843715 4.2885247523663601 1.6607088956516221 1.4770087238866834
leaf_count=1550 194 596 343 718 289 66
internal_value=0.000683383 -0.0082233 0.00778708 -0.020801 0.0183759 -0.00188638
internal_weight=28.9245 20.3071 9.43709 10.8701 8.61732 3.13772
internal_count=3756 3207 939 2268 549 355
is_linear=0
shrinkage=0.05


Tree=67
num_leaves=7
num_cat=0
split_feature=12 1 0 50 1 33
split_gain=2.03562 1.93671 1.5741 1.03915 0.985007 0.984632
threshold=-0.056865624578076944 0.34068132918798305 -0.79839198475791062 2.1484087937713574 1.0493332670004942 -0.81711131058156317
decision_type=2 2 2 2 2 2
left_child=1 5 -2 -4 -3 -1
right_child=2 4 3 -5 -6 -7
leaf_value=0.0069567205006174143 -0.011226181166202099 0.01410801150788544 0.02884708650746336 -0.0090885406642276702 -0.011078905423222181 -0.029749398669325994
leaf_weight=1.0416111382655824 2.3306095195002845 6.9460562736494449 7.7688774277921748 0.72010960662737478 3.6239433640148491 6.5838790786219796
leaf_count=93 435 561 564 182 478 1486
internal_value=0.000841251 -0.00896725 0.0157022 0.0240962 0.00493243 -0.024187
internal_weight=29.0151 18.1955 10.8196 8.48899 10.57 7.62549
internal_count=3799 2618 1181 746 1039 1579
is_linear=0
shrinkage=0.05


Tree=68
num_leaves=7
num_cat=0
split_feature=40 33 26 26 32 27
split_gain=1.9713 2.41522 1.18552 1.10408 1.05514 0.727413
threshold=-0.67684099483737203 0.44219910239746879 -0.67030783928430482 0.35003206764044564 0.5902723098758843 1.6689881685357555
decision_type=2 2 2 2 2 2
left_child=-1 2 -2 5 -5 -4
right_child=1 -3 3 4 -6 -7
leaf_value=-0.022565759711241449 -0.0099482816152360876 -0.022824925675686367 0.028063977281032156 -0.015533088551598479 0.013139194218768508 -0.006081671669630629
leaf_weight=4.1530071590095785 2.7614766124170336 2.8950733004603526 11.102910590241663 2.6896633000578722 4.3688500728458166 0.68711907183751542
leaf_count=985 501 863 737 383 218 89
internal_value=0.000900818 0.00690531 0.0131851 0.017475 0.000839359 0.025244
internal_weight=28.6581 24.5051 21.61 18.8485 7.05851 11.79
internal_count=3776 2791 1928 1427 601 826
is_linear=0
shrinkage=0.05


Tree=69
num_leaves=7
num_cat=0
split_feature=36 61 22 45 12 31
split_gain=1.61602 1.43962 1.19336 0.918687 0.863328 0.826611
threshold=0.037315474193038885 0.98302917853502436 -1.7900328811776716 0.35111319746283159 4.1400560361139318 -0.3346425168482261
decision_type=2 2 2 2 2 2
left_child=1 4 -2 -3 -1 -4
right_child=2 3 5 -5 -6 -7
leaf_value=-0.027030248956509646 -0.014607970766113608 0.018099429748708942 -0.0071104906643730485 -0.013415164412397507 0.0094903655118074373 0.018653505885097812
leaf_weight=6.7234327550977486 1.7988230781629688 3.1545204276917502 2.1679294733330616 1.0580128841102121 0.39882434741593886 13.449921349296345
leaf_count=1661 446 383 252 275 12 737
internal_value=0.000830979 -0.0121115 0.00979597 0.00789659 -0.0227786 0.0145077
internal_weight=28.7515 11.3348 17.4167 4.21253 7.12226 15.6179
internal_count=3766 2331 1435 658 1673 989
is_linear=0
shrinkage=0.05


Tree=70
num_leaves=7
num_cat=0
split_feature=60 44 32 35 62 16
split_gain=1.9398 1.40299 1.62914 0.770678 0.731932 0.66326
threshold=-0.093162781941332581 0.41501117724114739 0.47810482330850851 0.69910961991091247 0.57838156912794569 1.4689526365835628
decision_type=2 2 2 2 2 2
left_child=1 2 -1 -3 -2 -4
right_child=4 3 5 -5 -6 -7
leaf_value=-0.026879902201152883 0.024459731052621992 0.014481301361356986 0.013128187686194484 -0.012851142107308889 -0.0055840861151951072 -0.011550559826801065
leaf_weight=7.8199516343884223 6.0914715062826863 6.596943602198734 3.9531947765499353 0.94913008948788036 1.3712623007595537 1.663759004557505
leaf_count=1950 299 447 418 276 160 232
internal_value=0.00104197 -0.00688822 -0.0154181 0.00836571 0.018921 0.00434188
internal_weight=28.4457 20.983 13.4369 7.54607 7.46273 5.61695
internal_count=3782 3323 2600 723 459 650
is_linear=0
shrinkage=0.05


Tree=71
num_leaves=7
num_cat=0
split_feature=41 40 33 42 42 41
split_gain=1.8806 1.45704 1.6455 1.31213 1.49083 0.98634
threshold=-1.1235427855594671 -0.67684099483737203 0.44219910239746879 1.1508367431439801 -1.0722678845912537 1.1346726717254394
decision_type=2 2 2 2 2 2
left_child=-1 -2 3 4 -3 -6
right_child=1 2 -4 -5 5 -7
leaf_value=-0.023572441771736636 -0.015371250100436313 -0.0035312347514456334 -0.015710580255701895 -0.0061029184419051389 0.037253207973683443 0.0021378880895167865
leaf_weight=3.7383151920512345 3.7485322124557632 3.5441850930219614 2.3466460952768093 3.7477221130393437 7.74566716910339 2.9269902284722775
leaf_count=772 801 393 694 450 333 332
internal_value=6.88723e-05 0.00594831 0.0113548 0.0166324 0.0226448 0.0302049
internal_weight=27.7981 24.0597 20.3112 17.9646 14.2168 10.6727
internal_count=3775 3003 2202 1508 1058 665
is_linear=0
shrinkage=0.05


Tree=72
num_leaves=7
num_cat=0
split_feature=1 28 50 1 39 8
split_gain=2.02154 1.37931 1.30299 1.3949 1.46577 1.25892
threshold=-0.95755898642326998 0.89363762930494561 2.1484087937713574 1.6020790147655142 0.34544518132128688 -1.0000000180025095e-35
decision_type=2 2 2 2 2 2
left_child=-1 2 3 4 -2 -6
right_child=1 -3 -4 -5 5 -7
leaf_value=-0.025688420364560212 0.024392166446232551 -0.019993205959107675 -0.017093120465679013 -0.016195144550367833 0.012535264641285097 -0.019794438777056327
leaf_weight=2.7027747002430287 15.557868725620223 1.4589301594533015 1.3105890504084516 1.1707095683086652 3.7743567863944918 2.4653051962377495
leaf_count=801 1231 520 359 208 276 387
internal_value=0.00167084 0.00692564 0.0105641 0.0139346 0.0173163 -0.00251787
internal_weight=28.4405 25.7378 24.2788 22.9682 21.7975 6.23966
internal_count=3782 2981 2461 2102 1894 663
is_linear=0
shrinkage=0.05


Tree=73
num_leaves=7
num_cat=0
split_feature=47 50 7 6 39 16
split_gain=1.64625 2.03851 1.64939 1.38059 1.19145 0.906044
threshold=0.96527274207848213 2.1484087937713574 1.192668850515519 -1.1338966809583149 -1.3562982910988191 1.4689526365835628
decision_type=2 2 2 2 2 2
left_child=1 2 4 -2 -1 -6
right_child=3 -3 -4 -5 5 -7
leaf_value=-0.0092484436335878838 0.0086050929411027356 -0.021521876826806303 -0.017300555730465683 -0.023509811307514679 0.029919747204228783 8.012962630312242e-05
leaf_weight=1.4820268512703521 3.2499729208648205 1.8156194260809559 1.1002495263237495 6.4323263831902313 11.024918914423322 3.1273091048933574
leaf_count=218 256 554 363 1326 815 248
internal_value=0.00115626 0.00947018 0.0155932 -0.0132445 0.0203207 0.0244932
internal_weight=28.2324 18.5501 16.7345 9.6823 15.6343 14.1522
internal_count=3780 2198 1644 1582 1281 1063
is_linear=0
shrinkage=0.05


Tree=74
num_leaves=7
num_cat=0
split_feature=59 37 49 27 42 36
split_gain=1.6862 1.68317 1.78106 1.21986 0.961494 0.935332
threshold=1.0000000180025095e-35 -0.80115082997808085 -0.3563589200727057 -0.97257791285662221 1.4700613757219188 0.17670911083291244
decision_type=2 2 2 2 2 2
left_child=5 3 4 -2 -3 -1
right_child=1 2 -4 -5 -6 -7
leaf_value=-0.006292972522580458 -0.013695944136832762 -0.035136833208370827 0.0019542960533468308 0.021872466489994743 0.0057799655245427545 0.023037155652829676
leaf_weight=2.5185991100734126 1.3185577082913367 6.9259892042027733 6.4064923368860036 3.5925132440170335 0.78433667740318913 5.0114574155304581
leaf_count=342 398 1567 857 277 91 201
internal_value=-0.00249107 -0.0101446 -0.0180239 0.0107505 -0.0305214 0.0142291
internal_weight=26.5579 19.0279 14.1168 4.91107 7.71033 7.53006
internal_count=3733 3190 2515 675 1658 543
is_linear=0
shrinkage=0.05


Tree=75
num_leaves=7
num_cat=0
split_feature=12 44 9 42 16 27
split_gain=1.73188 1.43004 1.05081 1.10877 0.950226 0.985742
threshold=-0.056322945923857136 1.2035201726557567 1.1253845912668663 0.35835291384500961 1.4689526365835628 -0.97257791285662221
decision_type=2 2 2 2 2 2
left_child=1 2 -1 -4 5 -2
right_child=4 -3 3 -5 -6 -7
leaf_value=-0.024846675996464614 -0.0083860408428389748 0.013616195015194722 0.012658227379718079 -0.017784091975338586 -0.0084884719515110063 0.026211130303894048
leaf_weight=8.3301295153796726 1.0865065979305653 2.9221641502808771 4.3466142821125677 2.0459197794552892 1.99486548313871 6.6719223861582559
leaf_count=1883 282 226 265 257 267 580
internal_value=-0.000683499 -0.00957241 -0.0157007 0.000346873 0.0138665 0.0203787
internal_weight=27.3981 17.6448 14.7227 6.39253 9.75329 7.75843
internal_count=3760 2631 2405 522 1129 862
is_linear=0
shrinkage=0.05


Tree=76
num_leaves=7
num_cat=0
split_feature=34 40 39 27 29 60
split_gain=1.98081 1.7376 1.41472 1.12184 1.06797 1.30267
threshold=0.56909228430308312 -0.57723644335115176 0.35407252465421518 -0.56864485518579511 -1.4343715257968681 -0.30773570501821523
decision_type=2 2 2 2 2 2
left_child=1 -1 3 -3 -4 -6
right_child=-2 2 4 -5 5 -7
leaf_value=-0.018400802075115127 -0.025539513076466059 -0.010124868216999799 0.013398897057390158 0.024474962153993158 -0.030175130551427093 0.0096518322485371483
leaf_weight=4.2552625490352574 5.4345394221600136 1.1411603838205397 1.7142262784764168 9.5704092708183399 2.640576333156786 1.4368992866948245
leaf_count=877 1528 208 88 536 497 68
internal_value=-0.00504916 0.0028627 0.0103324 0.0193801 -0.0073041 -0.0179981
internal_weight=26.1931 20.7585 16.5033 10.7116 5.7917 4.07748
internal_count=3802 2274 1397 744 653 565
is_linear=0
shrinkage=0.05


Tree=77
num_leaves=7
num_cat=0
split_feature=60 40 29 29 37 31
split_gain=1.66924 1.99911 1.10767 1.05575 1.01321 1.02617
threshold=-0.30773570501821523 0.33257732898050435 0.67723695231252867 -0.055586788245205819 -1.4911482699652534 3.1095361707485849
decision_type=2 2 2 2 2 2
left_child=1 4 -3 -2 -1 -6
right_child=3 2 -4 -5 5 -7
leaf_value=0.0082016177953424061 0.023459266232000398 0.016358204034799637 -0.015879909588133068 -0.0071497304746798761 -0.029815604389178005 0.007840127574539035
leaf_weight=1.1748159117996717 4.9651244373526424 6.1490542001556596 1.0736922316718844 2.6222670245915642 9.638379147509113 0.85160257969983
leaf_count=217 198 422 397 349 2189 30
internal_value=-0.00273972 -0.01039 0.00831207 0.0138522 -0.0213016 -0.0256949
internal_weight=26.4749 18.8875 7.22275 7.58739 11.6648 10.49
internal_count=3802 3255 819 547 2436 2219
is_linear=0
shrinkage=0.05


Tree=78
num_leaves=7
num_cat=0
split_feature=32 29 12 43 12 39
split_gain=1.87963 1.64346 1.19854 1.13927 0.578921 0.537552
threshold=0.47810482330850851 0.10272676638151411 -0.056322945923857136 -1.0977794755078254 0.082637542376637188 0.35407252465421518
decision_type=2 2 2 2 2 2
left_child=2 5 -1 -3 -5 -2
right_child=1 3 -4 4 -6 -7
leaf_value=-0.026242576540077729 0.025091059021175279 0.013600528211586863 0.0015231859177084047 -0.026772503225374951 0.0055442328219703144 -0.0017065400863513888
leaf_weight=7.4072400126606226 5.9151244771201146 1.1675071017816661 5.704405528376812 3.0360758212627847 0.6465347516350447 1.9088776702992616
leaf_count=1740 213 66 897 697 41 150
internal_value=-0.00448989 0.00833281 -0.0161284 -0.0107901 -0.0211569 0.0198922
internal_weight=25.7858 12.6741 13.1116 4.85012 3.68261 7.824
internal_count=3804 1167 2637 804 738 363
is_linear=0
shrinkage=0.05


Tree=79
num_leaves=7
num_cat=0
split_feature=12 27 39 35 1 40
split_gain=1.41543 2.03578 1.10636 1.44264 0.95251 0.753094
threshold=-0.056865624578076944 -1.0000000180025095e-35 0.35407252465421518 0.91372505775412682 1.0493332670004942 -0.67684099483737203
decision_type=2 2 2 2 2 2
left_child=1 -1 3 4 -3 -2
right_child=5 2 -4 -5 -6 -7
leaf_value=-0.030515193657890811 -0.0079378192320528739 0.024410371457620032 -0.016150301938471424 -0.016861319045122513 -0.0070397215993572709 0.018170284028297842
leaf_weight=4.3035277707967952 1.8410453528631476 6.7140758892055583 2.9112258419627333 1.4385400721803296 1.711982268723659 7.2701764284865913
leaf_count=1251 384 372 394 407 220 759
internal_value=-0.00140588 -0.00942377 0.00213272 0.0100363 0.0178498 0.0122353
internal_weight=26.1906 17.0794 12.7758 9.8646 8.42606 9.11122
internal_count=3787 2644 1393 999 592 1143
is_linear=0
shrinkage=0.05


Tree=80
num_leaves=7
num_cat=0
split_feature=31 53 40 28 39 37
split_gain=1.12519 1.17921 0.912237 1.00754 1.26505 1.36223
threshold=-0.20048888529802281 1.0000000180025095e-35 -0.67684099483737203 0.89363762930494561 0.35407252465421518 -0.74328007694689868
decision_type=2 2 2 2 2 2
left_child=1 -1 -2 4 -4 -6
right_child=2 -3 3 -5 5 -7
leaf_value=-0.022682209694564432 -0.01442475296426083 0.0079255384883738927 0.023981050309981378 -0.014849331054351173 0.016840845781807792 -0.017884429306913776
leaf_weight=6.0890583400614577 1.8172674492234406 2.9457604307681322 8.7149125598370976 0.98477534099947739 2.1018360320013021 3.435112485894932
leaf_count=1576 438 240 499 387 133 464
internal_value=-0.00123515 -0.0132147 0.00613884 0.0105609 0.0145936 -0.0034168
internal_weight=26.0887 9.03482 17.0539 15.2366 14.2519 5.53695
internal_count=3737 1816 1921 1483 1096 597
is_linear=0
shrinkage=0.05


Tree=81
num_leaves=7
num_cat=0
split_feature=12 44 60 6 8 36
split_gain=1.87892 1.50269 0.944428 0.911456 1.52802 0.823642
threshold=-0.056322945923857136 0.41501117724114739 -0.076004156670338108 -0.16203004627243353 0.10487332498196589 -0.50470468681563918
decision_type=2 2 2 2 2 2
left_child=1 2 -1 -2 -5 -3
right_child=3 5 -4 4 -6 -7
leaf_value=-0.02868356333405328 0.023118045346699565 -0.015102222191381319 0.0023969632966308763 -0.019425856922953389 0.020165001906900147 0.012718543845782367
leaf_weight=6.8443366813007795 5.6366147014778107 0.95152966433670361 2.6733080667909235 2.7225595365744066 1.2950632588472215 6.0707851899787775
leaf_count=1728 389 327 239 658 92 355
internal_value=-0.00130079 -0.0109049 -0.0214714 0.0138377 -0.00349914 0.00555663
internal_weight=26.1942 16.54 9.51764 9.65424 4.01762 7.02231
internal_count=3788 2649 1967 1139 750 682
is_linear=0
shrinkage=0.05


Tree=82
num_leaves=7
num_cat=0
split_feature=12 15 15 44 29 44
split_gain=1.54136 1.516 1.10931 1.70898 0.890524 0.949788
threshold=0.18454350443998432 0.80329679500201812 -0.80649847674524766 0.22815586089137521 1.1287743112839261 2.0335340324007651
decision_type=2 2 2 2 2 2
left_child=1 2 3 -1 5 -3
right_child=-2 4 -4 -5 -6 -7
leaf_value=-0.019795408497356632 0.017302822999311473 -0.033895357133053076 0.024195976754062345 0.010584611774154642 0.0078748030495914816 0.0061864669012060905
leaf_weight=5.9831012090435269 4.5924299038015297 5.4836912142345673 1.2249091193079973 6.8097083969041705 0.71225089475046832 0.79359851009212423
leaf_count=1174 447 1444 26 502 95 67
internal_value=-0.0026312 -0.00860664 0.00165907 -0.00468518 -0.0235101 -0.0284662
internal_weight=25.5997 21.0073 14.0177 12.7928 6.98954 6.27729
internal_count=3755 3308 1702 1676 1606 1511
is_linear=0
shrinkage=0.05


Tree=83
num_leaves=7
num_cat=0
split_feature=1 37 32 17 33 61
split_gain=1.21986 1.37161 1.06151 1.05876 0.892651 1.02282
threshold=-0.95755898642326998 -0.52960345037022571 1.5713511703540315 1.0000000180025095e-35 -0.81581129581159828 0.89397330324253388
decision_type=2 2 2 2 2 2
left_child=-1 -2 3 4 -3 -6
right_child=1 2 -4 -5 5 -7
leaf_value=-0.020732979144764553 0.020496455541797388 0.0099696534083580316 0.014144200544103576 0.01309887161378958 -0.027691177648452171 0.0019408218131567922
leaf_weight=2.6185941697331172 6.2819050666876199 1.2461513087619138 3.8295918481890103 1.8772028142120696 6.9251632688101292 3.5956090877298266
leaf_count=791 620 45 263 119 1375 559
internal_value=0.000494823 0.00489711 -0.00289253 -0.00936186 -0.0148782 -0.0193804
internal_weight=26.3742 23.7556 17.4737 13.6441 11.7669 10.5208
internal_count=3772 2981 2361 2098 1979 1934
is_linear=0
shrinkage=0.05


Tree=84
num_leaves=7
num_cat=0
split_feature=40 37 39 6 27 37
split_gain=1.53739 1.33512 0.972715 1.50655 1.30261 0.855311
threshold=-0.67684099483737203 0.6812307668975871 0.31093580798957371 -1.1338966809583149 -0.37970778589955184 -1.4377291133210852
decision_type=2 2 2 2 2 2
left_child=-1 2 4 -4 5 -2
right_child=1 -3 3 -5 -6 -7
leaf_value=-0.021216661058240063 0.014543855879234013 -0.014103810703901383 0.0150957933065584 -0.018808212226541159 0.026720962683996725 -0.017187263359599428
leaf_weight=3.6311918786959749 0.78386422002222955 3.9701478226343161 3.5057397675700486 3.6594852507114402 8.5299650627421197 2.1916186480084443
leaf_count=990 81 760 198 591 609 579
internal_value=0.000268274 0.00579329 0.011391 -0.00266041 0.0188821 -0.00572301
internal_weight=26.272 22.6408 18.6707 7.16523 11.5054 2.97548
internal_count=3808 2818 2058 789 1269 660
is_linear=0
shrinkage=0.05


Tree=85
num_leaves=7
num_cat=0
split_feature=60 33 16 16 32 62
split_gain=1.06758 1.07354 0.960939 2.13166 0.705486 0.649248
threshold=-0.16386328388448143 -0.8144822093964631 1.4689526365835628 -0.36831867093583637 1.4839769235325364 0.57838156912794569
decision_type=2 2 2 2 2 2
left_child=1 -1 3 4 -3 -2
right_child=5 2 -4 -5 -6 -7
leaf_value=0.012060544673716762 0.017309134607280313 -0.018080053447501986 -0.02814729735700279 0.027197672455318331 0.0076106941927571231 -0.0088028697978413083
leaf_weight=2.5906688999384704 5.266418744577094 8.6314797908999044 4.3650204087607554 1.3747541736811388 1.639815458562224 1.2261496908031402
leaf_count=176 328 2192 794 27 141 172
internal_value=-0.00320346 -0.00906785 -0.0138502 -0.00382372 -0.0131853 0.0111542
internal_weight=25.0943 18.6017 16.0111 11.646 10.2713 6.49257
internal_count=3830 3330 3154 2360 2333 500
is_linear=0
shrinkage=0.05


Tree=86
num_leaves=7
num_cat=0
split_feature=36 11 11 26 27 40
split_gain=1.33488 1.15234 1.15667 1.03033 0.779006 0.70273
threshold=-0.82894306634150561 -0.80342963556553315 -0.025522067242219084 0.35003206764044564 1.6689881685357555 -0.7954241021714229
decision_type=2 2 2 2 2 2
left_child=-1 -2 3 4 5 -3
right_child=1 2 -4 -5 -6 -7
leaf_value=-0.021611519612502808 -0.01532814067516574 -0.0074271614898426055 -0.010325193621249331 -0.0037334765027268978 -0.0074061468417762916 0.028070652649343605
leaf_weight=3.2175662367371869 3.2017536703497198 0.34358616627287553 3.6488735572202087 4.4058881656965232 0.76099240395706225 9.5041253708768618
leaf_count=1137 514 110 733 478 125 628
internal_value=-0.000976466 0.00430116 0.00932494 0.0150246 0.0219206 0.0253871
internal_weight=25.0828 21.8652 18.6635 15.0146 10.6087 9.84771
internal_count=3725 2588 2074 1341 863 738
is_linear=0
shrinkage=0.05


Tree=87
num_leaves=7
num_cat=0
split_feature=53 26 26 42 31 41
split_gain=1.637 1.79118 0.881703 0.85362 0.700235 0.493759
threshold=-0.37550111484765819 -0.17685280201856049 0.35003206764044564 -0.66605065409233977 2.5191063525540716 -1.0890868408109482
decision_type=2 2 2 2 2 2
left_child=1 -1 3 -3 -4 -2
right_child=5 2 4 -5 -6 -7
leaf_value=-0.027466898326704584 -0.0072378117439751786 0.022341984119963541 -0.018836451676217319 -0.0059986010435632382 0.0069162243630059052 0.017952092984089698
leaf_weight=5.6461198783945354 0.70129589259158809 3.6789239263162017 3.6019300755579025 2.7175335383508337 2.3668102256488055 6.8220686143031335
leaf_count=1586 99 276 749 528 131 448
internal_value=-0.00211183 -0.00998499 0.00180176 0.0122305 -0.00972699 0.01421
internal_weight=25.5347 18.0113 12.3652 6.39646 5.96874 7.52336
internal_count=3817 3270 1684 804 880 547
is_linear=0
shrinkage=0.05


Tree=88
num_leaves=7
num_cat=0
split_feature=15 15 61 33 12 44
split_gain=1.72114 1.74262 1.07912 0.731523 0.782635 0.980417
threshold=0.80329679500201812 -0.80649847674524766 0.89397330324253388 -0.81369647779639753 0.33660045937605937 0.41501117724114739
decision_type=2 2 2 2 2 2
left_child=1 3 -2 -1 5 -5
right_child=2 -3 -4 4 -6 -7
leaf_value=0.013939985201980719 -0.027215656649643063 0.032272920555450627 0.004051793339751337 -0.021599244528105084 0.011895021991167811 0.0053764240685150108
leaf_weight=2.8558759591542211 4.9272728064097482 2.2105810679495326 3.1777486860519275 6.0976945846341533 1.8290338272927318 3.7798189496388659
leaf_count=145 1288 52 519 1273 154 322
internal_value=-0.00156159 0.00744352 -0.0171738 -0.00119459 -0.00697721 -0.0124288
internal_weight=24.878 16.773 8.10502 14.5624 11.7065 9.87751
internal_count=3753 1946 1807 1894 1749 1595
is_linear=0
shrinkage=0.05


Tree=89
num_leaves=7
num_cat=0
split_feature=12 27 0 30 39 42
split_gain=1.29436 1.44995 0.951935 0.87207 1.01672 0.655648
threshold=-0.056322945923857136 -1.0000000180025095e-35 -0.79839198475791062 0.72695891446532979 0.35407252465421518 -1.3169191330105201
decision_type=2 2 2 2 2 2
left_child=1 -1 -2 4 -3 -4
right_child=2 3 5 -5 -6 -7
leaf_value=-0.024487221885070326 -0.0080857016514051718 0.017500613782261986 -0.0082150760059247104 -0.015317209236563668 -0.0095948362915954759 0.024085309732278865
leaf_weight=4.3107794706011235 2.1498691650340334 7.2739177595358324 0.35988340608309943 2.001422093482689 2.911164901801385 7.0813558599911612
leaf_count=1262 435 499 92 519 351 622
internal_value=0.00141037 -0.00679814 0.0137852 0.00306031 0.00933503 0.0206116
internal_weight=26.0884 16.4973 9.59111 12.1865 10.1851 7.44124
internal_count=3780 2631 1149 1369 850 714
is_linear=0
shrinkage=0.05


Tree=90
num_leaves=7
num_cat=0
split_feature=40 41 7 27 26 27
split_gain=1.54405 1.1818 0.893475 0.934886 0.960998 0.649967
threshold=-0.72899757910169949 -1.1235427855594671 1.192668850515519 -0.97257791285662221 0.35003206764044564 1.6689881685357555
decision_type=2 2 2 2 2 2
left_child=-1 -2 3 -3 5 -5
right_child=1 2 -4 4 -6 -7
leaf_value=-0.023178545056165768 -0.013471877418377918 -0.010992502875133167 -0.013853813641473778 0.026019426816315212 -0.0005054381673183305 -0.0060183518132318507
leaf_weight=2.2867381710093495 3.4771226497832748 1.3527046007802805 0.88573833531699975 11.881077042780809 5.5272723229136309 0.65785507648252028
leaf_count=745 655 362 370 1014 557 98
internal_value=0.00169928 0.00641983 0.011122 0.0139626 0.0171304 0.0235012
internal_weight=26.0685 23.7818 20.3046 19.4189 18.0662 12.5389
internal_count=3801 3056 2401 2031 1669 1112
is_linear=0
shrinkage=0.05


Tree=91
num_leaves=7
num_cat=0
split_feature=12 27 1 45 39 7
split_gain=1.36939 1.22977 0.75702 0.727793 0.721787 0.673058
threshold=-0.056322945923857136 0.3336831909167966 -0.95755898642326998 -0.30474616244774833 1.8288090256266456 -0.015692917738230512
decision_type=2 2 2 2 2 2
left_child=1 4 -2 5 -1 -3
right_child=2 3 -4 -5 -6 -7
leaf_value=-0.025905801589438365 -0.0078103392702344315 0.0075116975264360982 0.019590132160599946 0.01110342017391058 0.0058351111963297342 -0.022259888634873812
leaf_weight=4.9715950804529774 1.4832523625809688 1.3593642507912593 8.2625394499627856 7.7366810662206245 1.0852179937064645 1.3544103428721426
leaf_count=1433 347 82 804 629 117 374
internal_value=0.00198193 -0.00654328 0.0145632 0.00409142 -0.0201697 -0.0112329
internal_weight=26.2531 16.5073 9.74579 10.4505 6.05681 2.71377
internal_count=3786 2635 1151 1085 1550 456
is_linear=0
shrinkage=0.05


Tree=92
num_leaves=7
num_cat=0
split_feature=40 33 47 26 29 32
split_gain=1.24279 1.316 1.17431 0.966408 0.829815 0.950378
threshold=-0.67684099483737203 0.26813389903702423 0.96527274207848213 -0.67030783928430482 -1.2675206043741627 0.61589464831423169
decision_type=2 2 2 2 2 2
left_child=-1 2 3 -2 -4 -6
right_child=1 -3 4 -5 5 -7
leaf_value=-0.019668142248796847 -0.0083276064745539252 -0.016620896778278563 0.01266353764778237 0.023661859932409966 -0.026194881596850711 0.0049403782325205666
leaf_weight=3.5518174723256406 1.3180162177886803 2.9821557914838186 2.1479008201276946 9.6373687901068532 2.3445739577291462 3.0663056252524257
leaf_count=973 248 984 135 569 606 244
internal_value=-0.000358882 0.00484955 0.0101433 0.0188504 -0.0042467 -0.0130819
internal_weight=25.0481 21.4963 18.5142 10.9554 7.55878 5.41088
internal_count=3759 2786 1802 817 985 850
is_linear=0
shrinkage=0.05


Tree=93
num_leaves=7
num_cat=0
split_feature=54 37 32 30 29 1
split_gain=1.21466 1.08467 1.27753 0.817583 0.700057 0.638812
threshold=-0.19936840856861313 -0.83231200468717903 0.61589464831423169 0.2328144369075161 0.71513392643308071 -1.0340930130368882
decision_type=2 2 2 2 2 2
left_child=1 5 3 -3 -5 -1
right_child=-2 2 -4 4 -6 -7
leaf_value=-0.010211737929605605 0.013420178435612032 -0.035027379660320768 0.0022542257324089268 0.01344053489131355 -0.015249676868139331 0.018418301064017161
leaf_weight=0.61256013007368926 8.7913429941982013 3.5091284967493266 6.6931183619890362 1.4001972045516597 1.1181327193044124 3.0865430954145312
leaf_count=261 749 921 762 178 568 336
internal_value=0.000838281 -0.00693076 -0.013346 -0.0256614 -0.000663097 0.0112274
internal_weight=25.211 16.4197 12.7206 6.02746 2.51833 3.6991
internal_count=3775 3026 2429 1667 746 597
is_linear=0
shrinkage=0.05


Tree=94
num_leaves=7
num_cat=0
split_feature=60 40 12 34 5 26
split_gain=1.66822 1.18189 1.04994 0.790536 0.848484 0.729459
threshold=-0.093162781941332581 0.33257732898050435 0.20905760916508639 0.64996934569578291 -0.50041197848009666 2.9526376598021309
decision_type=2 2 2 2 2 2
left_child=1 2 5 4 -3 -1
right_child=-2 3 -4 -5 -6 -7
leaf_value=-0.02975773346001645 0.0134121389871718 -0.011960889996207017 0.0057385373488342039 -0.015254584470058119 0.019243786853859954 0.0055813117718541763
leaf_weight=8.2916595402639395 6.4194485038751727 0.76165249606128771 2.0600128448568276 1.0256497741211204 4.5003067676443598 0.7029218068346389
leaf_count=2167 467 126 268 431 265 32
internal_value=-0.00456037 -0.01221 -0.0203713 0.00408415 0.012024 -0.0262908
internal_weight=23.7617 17.3422 11.0546 6.28761 5.26196 8.99458
internal_count=3756 3289 2467 822 391 2199
is_linear=0
shrinkage=0.05


Tree=95
num_leaves=7
num_cat=0
split_feature=37 40 42 32 41 32
split_gain=1.06879 1.32633 1.04477 0.843891 0.775406 0.686066
threshold=0.62246969458900214 -0.67684099483737203 1.1508367431439801 1.5713511703540315 -1.1235427855594671 1.0461809254988472
decision_type=2 2 2 2 2 2
left_child=1 -1 4 -2 5 -3
right_child=3 2 -4 -5 -6 -7
leaf_value=-0.016421328835944479 -0.025600059714892584 -0.015853662973486796 -0.0091914664492181632 0.0054694920823434631 0.021081075385029738 0.012884865665883436
leaf_weight=2.6766138381790432 2.8463238399126558 1.708501109387732 3.0240783143090075 2.0809950872790068 11.674527440452943 0.8677937245229258
leaf_count=777 799 398 467 199 1093 16
internal_value=0.000505057 0.00592363 0.0113033 -0.0153741 0.0164945 -0.00444937
internal_weight=24.8788 19.9515 17.2749 4.92732 14.2508 2.57629
internal_count=3749 2751 1974 998 1507 414
is_linear=0
shrinkage=0.05


Tree=96
num_leaves=7
num_cat=0
split_feature=40 37 39 29 27 11
split_gain=1.23027 1.0687 0.875274 1.14426 0.835588 0.606038
threshold=-0.67684099483737203 0.62246969458900214 0.31093580798957371 -1.2675206043741627 -0.41326871515899577 -0.71237318451456677
decision_type=2 2 2 2 2 2
left_child=-1 2 4 -4 -2 -5
right_child=1 -3 3 5 -6 -7
leaf_value=-0.018481216591219537 -0.0038414618781246329 -0.010878825819289199 0.015267774455794648 0.0032836665037039876 0.024875323046188419 -0.024862586578381526
leaf_weight=3.3775339995627318 2.3451315229758682 4.5182386318920171 2.5663075767224655 2.1052956343628466 8.1022521238774043 1.9706607239786524
leaf_count=976 567 847 146 149 609 477
internal_value=0.0012203 0.0061775 0.0116381 -0.00226443 0.0190103 -0.0150961
internal_weight=24.9854 21.6079 17.0896 6.64226 10.4474 4.07596
internal_count=3771 2795 1948 772 1176 626
is_linear=0
shrinkage=0.05


Tree=97
num_leaves=7
num_cat=0
split_feature=33 0 27 33 22 1
split_gain=1.0924 1.14232 1.2835 0.952767 0.798991 0.632172
threshold=0.31719442042265983 0.90149755801755405 -0.87939713523939422 -0.81581129581159828 -1.7900328811776716 1.4532628519057009
decision_type=2 2 2 2 2 2
left_child=1 2 -1 -3 -4 -6
right_child=-2 3 4 -5 5 -7
leaf_value=-0.013497014523996934 -0.018971460733256507 0.0085027936091338005 -0.0098774395435074977 -0.026974955522024779 0.020508505608950758 -0.0071582974726095904
leaf_weight=2.5333629085216769 3.0337558721075757 1.2997273874934765 1.0582668679999301 1.7556585181737308 14.144369972753326 0.86221296398434866
leaf_count=702 1091 59 318 348 1137 124
internal_value=0.000108216 0.00476463 0.00968549 -0.0151475 0.0148899 0.0179911
internal_weight=24.6874 21.6536 18.5982 3.05539 16.0648 15.0066
internal_count=3779 2688 2281 407 1579 1261
is_linear=0
shrinkage=0.05


Tree=98
num_leaves=7
num_cat=0
split_feature=33 0 16 47 6 50
split_gain=1.00865 0.984269 1.18033 1.46264 1.16797 0.899851
threshold=0.31719442042265983 -0.73140126386035542 1.4689526365835628 0.96527274207848213 -1.1338966809583149 2.1484087937713574
decision_type=2 2 2 2 2 2
left_child=1 -1 3 5 -4 -3
right_child=-2 2 4 -5 -6 -7
leaf_value=-0.01689529225196371 -0.021129253944208424 0.027679508453644888 0.011905174768320079 -0.010482264043792324 -0.018869474573004533 -0.0082136336600768089
leaf_weight=2.6109704597620356 2.9502029840950845 7.9831787761067989 2.6219522731844336 2.394411757006309 4.5178413024405009 0.69331074797082681
leaf_count=685 1098 467 159 547 632 215
internal_value=-0.00292553 0.00198985 0.00670419 0.015431 -0.00738944 0.023438
internal_weight=23.7719 20.8217 18.2107 11.0709 7.13979 8.67649
internal_count=3803 2705 2020 1229 791 682
is_linear=0
shrinkage=0.05


Tree=99
num_leaves=7
num_cat=0
split_feature=60 34 32 33 49 41
split_gain=0.99794 0.771599 0.951293 0.702682 0.734931 0.57734
threshold=-0.30773570501821523 -1.6697747565323995 1.5713511703540315 -0.81581129581159828 -0.068599485967797802 -0.72489828542757528
decision_type=2 2 2 2 2 2
left_child=1 -1 3 -3 -5 -2
right_child=5 2 -4 4 -6 -7
leaf_value=0.0095253139363121932 -0.0086344871859160982 0.0061783370778406843 0.0078822801184142074 -0.030702072415323196 -0.0036754830636259207 0.015188964836504275
leaf_weight=1.7929576555034188 1.4359747767448423 1.1375876523088688 2.1933471052907416 6.9315760924364387 4.5923649444011971 5.0187063186895093
leaf_count=226 188 57 183 1943 824 353
internal_value=-0.00525539 -0.0112314 -0.0149162 -0.0196189 -0.0229157 0.00883091
internal_weight=23.1025 16.6478 14.8549 12.6615 11.5239 6.45468
internal_count=3774 3233 3007 2824 2767 541
is_linear=0
shrinkage=0.05


Tree=100
num_leaves=7
num_cat=0
split_feature=41 1 26 42 40 33
split_gain=1.29996 0.827077 0.984699 0.890734 0.818745 0.771183
threshold=-1.0642914413190232 -0.95755898642326998 0.35003206764044564 -1.2896694897145193 -0.7954241021714229 -0.8144822093964631
decision_type=2 2 2 2 2 2
left_child=-1 -2 3 -3 -5 -4
right_child=1 2 5 4 -6 -7
leaf_value=-0.019263046536932879 -0.014067850809234575 -0.0092545768247291101 0.010812539245664193 -0.0095800602877009824 0.022934065312486752 -0.015735424183083595
leaf_weight=3.5909887251327772 1.7934406006825216 1.3538431748747886 1.9472452264744786 0.56835908297216953 11.540141851641224 3.7269755263696416
leaf_count=804 598 281 88 187 1158 639
internal_value=0.000444426 0.0058167 0.00933419 0.0157321 0.0198087 -0.00603622
internal_weight=24.521 20.93 19.1366 13.4623 12.1085 5.67422
internal_count=3755 2951 2353 1626 1345 727
is_linear=0
shrinkage=0.05


Tree=101
num_leaves=7
num_cat=0
split_feature=33 61 45 11 12 11
split_gain=1.12198 1.40687 1.26833 0.777882 0.763207 0.74549
threshold=-0.75541105187447155 0.89397330324253388 0.54910847592640277 -0.71818527445763769 -0.25632007970783355 0.074479654635414852
decision_type=2 2 2 2 2 2
left_child=4 2 -2 -3 -1 -5
right_child=1 3 -4 5 -6 -7
leaf_value=-0.0092027790224485078 -0.030615173664924 -0.015802057686396295 0.0046469697043332149 0.020047348258204617 0.015722002883483459 -0.0084343090413900503
leaf_weight=2.229006981709972 6.3016420981730317 0.57122008886653919 2.5384158358210698 4.1677337586879721 6.3191736377775687 1.3906801607226951
leaf_count=318 1748 175 365 383 419 400
internal_value=-0.00416364 -0.0116199 -0.0218778 0.00550176 0.00852036 0.0124628
internal_weight=23.5179 14.9697 8.84006 6.12963 8.54818 5.55841
internal_count=3808 3071 2113 958 737 783
is_linear=0
shrinkage=0.05


Tree=102
num_leaves=7
num_cat=0
split_feature=33 61 2 54 38 4
split_gain=1.20907 1.65852 0.735993 0.688336 0.67775 0.67153
threshold=-0.75541105187447155 0.64282011107994075 0.8293516736405292 -0.19936840856861313 -0.24552060439371662 -1.1900784673557858
decision_type=2 2 2 2 2 2
left_child=5 3 4 -2 -3 -1
right_child=1 2 -4 -5 -6 -7
leaf_value=-0.011382785640128928 -0.031599627448358057 -0.0033328213685837669 -0.013981571641574897 -0.0014069779736244914 0.021814199803118911 0.015730159280477083
leaf_weight=0.57979181676637281 3.9480224502622132 3.3810664823977277 0.92626121605280776 2.9924901637714356 3.5057494662469253 8.2392480601556617
leaf_count=223 1322 494 438 347 415 493
internal_value=-0.00098536 -0.00913791 0.00608111 -0.0229351 0.0122032 0.0115108
internal_weight=23.5726 14.7536 7.81308 6.94051 6.88682 8.81904
internal_count=3732 3016 1347 1669 909 716
is_linear=0
shrinkage=0.05


Tree=103
num_leaves=7
num_cat=0
split_feature=42 62 37 40 43 61
split_gain=1.14563 1.10472 0.899609 0.958069 0.966002 0.535824
threshold=1.0588256208313371 0.91741043445999393 0.62246969458900214 -0.67684099483737203 -0.60576180072155095 1.1380957684083515
decision_type=2 2 2 2 2 2
left_child=2 -2 3 -1 -5 -4
right_child=1 -3 5 4 -6 -7
leaf_value=-0.011380668824994373 -0.027722085158313689 0.0089375505846645779 -0.020609736994852142 -0.01222558008367821 0.01894436513131726 0.0052803396904942748
leaf_weight=2.077377765846907 3.4135731632704838 1.3101646234281359 2.0641803996986705 0.85852553002769383 11.791540432779582 1.6762623240938408
leaf_count=613 789 170 584 245 1173 184
internal_value=-0.00166827 -0.0180321 0.00445225 0.00988635 0.0148909 -0.0118211
internal_weight=23.1916 4.72374 18.4679 14.7274 12.6501 3.74044
internal_count=3758 959 2799 2031 1418 768
is_linear=0
shrinkage=0.05


Tree=104
num_leaves=7
num_cat=0
split_feature=15 16 31 1 42 19
split_gain=1.12427 1.04535 1.35813 1.19915 0.710997 0.689204
threshold=0.80329679500201812 1.4689526365835628 0.068915195558740414 -0.95755898642326998 -0.83572180725896406 5.5671583795612518
decision_type=2 2 2 2 2 2
left_child=1 3 -3 -1 -2 -5
right_child=4 2 -4 5 -6 -7
leaf_value=-0.011962009520212646 0.0033774410618099397 -0.023976927196940778 0.0082987083356453172 0.028656306017098312 -0.021009313724263293 -0.0071745346862768502
leaf_weight=0.87780364358332263 3.7902529867133126 2.0741299637593329 6.3792804820695892 6.3526839707046729 4.4413651233189757 0.35503953741863359
leaf_count=361 582 450 505 590 1220 48
internal_value=0.000745338 0.00807451 -0.00382647 0.0186629 -0.0118776 0.0251287
internal_weight=24.2706 16.0389 8.45341 7.58553 8.23162 6.70772
internal_count=3756 1954 955 999 1802 638
is_linear=0
shrinkage=0.05


Tree=105
num_leaves=7
num_cat=0
split_feature=40 10 47 6 42 43
split_gain=0.803215 0.923839 0.932398 0.928842 0.849048 0.613568
threshold=-0.67684099483737203 1.1424490994850371 0.96527274207848213 -0.48407547592659933 0.63118343091792328 -0.4562079585460338
decision_type=2 2 2 2 2 2
left_child=-1 2 4 -4 -2 -6
right_child=1 -3 3 -5 5 -7
leaf_value=-0.015001241749435061 0.021326312378294344 -0.0173094410425827 0.0067409825052770576 -0.02038823404264696 0.011089285354442738 -0.015902277770117004
leaf_weight=3.3050977147067924 9.6940170682501101 1.2340319451177482 5.6565728350542486 2.1088576789479694 1.0788504596566784 1.6529687476577226
leaf_count=973 742 586 469 624 73 323
internal_value=0.00101966 0.00503002 0.00845786 -0.00425499 0.0156851 -0.00501782
internal_weight=24.7304 21.4253 20.1913 7.76543 12.4258 2.73182
internal_count=3790 2817 2231 1093 1138 396
is_linear=0
shrinkage=0.05


Tree=106
num_leaves=7
num_cat=0
split_feature=41 1 1 28 50 47
split_gain=1.03829 0.905695 0.887612 0.732068 0.699351 0.827364
threshold=-1.1235427855594671 -0.95755898642326998 1.6020790147655142 0.89363762930494561 2.1484087937713574 0.96527274207848213
decision_type=2 2 2 2 2 2
left_child=-1 -2 3 4 5 -3
right_child=1 2 -4 -5 -6 -7
leaf_value=-0.018718693061756615 -0.016382562163656113 0.024092304585689735 -0.015277721481974219 -0.011998047374154615 -0.0099084424419022127 0.0012569674157336087
leaf_weight=3.3000383657636148 1.709344464703469 9.7504461063072174 1.0049241277156387 0.7803424593876106 0.83277354208985244 6.2600874833296976
leaf_count=788 625 655 215 380 286 820
internal_value=-0.00077979 0.00416303 0.00805914 0.0114186 0.0141534 0.0167711
internal_weight=23.638 20.3379 18.6286 17.6236 16.8433 16.0105
internal_count=3769 2981 2356 2141 1761 1475
is_linear=0
shrinkage=0.05


Tree=107
num_leaves=7
num_cat=0
split_feature=60 12 33 32 39 41
split_gain=1.06502 1.06208 0.889473 0.810186 0.686139 0.667275
threshold=-0.30773570501821523 0.043596758799168127 -0.8144822093964631 1.6016451610403166 -0.22719473240182872 -0.72489828542757528
decision_type=2 2 2 2 2 2
left_child=1 2 -1 4 -4 -2
right_child=5 -3 3 -5 -6 -7
leaf_value=0.0084499998607298881 -0.0074293499122327529 0.010288400244388145 -0.0051447580472753583 0.0060115443380941947 -0.033516519210682931 0.019181534782913678
leaf_weight=2.0931559955934089 1.407947108033113 4.4017588937422252 4.9068040781421605 1.6437433287501324 4.0705209362786263 5.8096611741930237
leaf_count=158 187 632 1141 157 1156 383
internal_value=0.000207887 -0.00648998 -0.013154 -0.018335 -0.023182 0.0133333
internal_weight=24.3336 17.116 12.7142 10.6211 8.97733 7.21761
internal_count=3814 3244 2612 2454 2297 570
is_linear=0
shrinkage=0.05


Tree=108
num_leaves=7
num_cat=0
split_feature=15 15 32 37 44 12
split_gain=0.772492 1.2617 1.41159 0.856801 0.649373 0.746159
threshold=0.80329679500201812 -0.80649847674524766 0.5902723098758843 -1.1955622698675228 1.300222335202438 0.20905760916508639
decision_type=2 2 2 2 2 2
left_child=1 2 3 -1 5 -2
right_child=4 -3 -4 -5 -6 -7
leaf_value=0.007666069111262744 -0.022816674858664565 0.027687772024066783 0.011850891595285417 -0.022407623868726155 0.0083739486832066414 0.0069622785449996397
leaf_weight=1.6191171419341106 5.2837631200090982 1.8285943726077682 6.8787791641661897 5.0902242316515176 1.4749718439998103 1.2724363901652394
leaf_count=258 1482 46 508 1160 148 177
internal_value=-0.000638831 0.00569554 -0.00173618 -0.0150239 -0.0110404 -0.0166658
internal_weight=23.4479 15.4167 13.5881 6.70934 8.03117 6.5562
internal_count=3779 1972 1926 1418 1807 1659
is_linear=0
shrinkage=0.05


Tree=109
num_leaves=7
num_cat=0
split_feature=60 34 32 49 33 62
split_gain=0.879269 0.800058 1.31196 0.824706 0.569988 0.566122
threshold=-0.30773570501821523 -1.6697747565323995 0.5902723098758843 -0.3563589200727057 0.14747978706581605 0.57838156912794569
decision_type=2 2 2 2 2 2
left_child=1 -1 3 -3 -4 -2
right_child=5 2 4 -5 -6 -7
leaf_value=0.013004067872830408 0.017834210227871888 -0.030100562228952028 0.010224925968183755 0.00042152517043625892 -0.01316441674816269 -0.0069577109560731891
leaf_weight=2.0186731317662678 5.6202353967819354 4.6560271506896242 6.4960201684152707 2.9979240693501197 0.76458943617762987 1.3286382562946526
leaf_count=227 372 1582 554 584 277 186
internal_value=0.000316042 -0.00577537 -0.0100692 -0.0213932 0.00463301 0.0124253
internal_weight=23.8821 16.9332 14.9146 7.65395 7.26061 6.94887
internal_count=3782 3224 2997 2166 831 558
is_linear=0
shrinkage=0.05


Tree=110
num_leaves=7
num_cat=0
split_feature=6 38 29 32 61 28
split_gain=0.93959 1.1422 1.16047 1.31483 0.918472 0.825139
threshold=0.9255895720257995 -0.25848535223467256 -0.29274689610112942 0.5902723098758843 0.64282011107994075 0.72552825229669093
decision_type=2 2 2 2 2 2
left_child=1 2 3 -1 -3 -6
right_child=-2 4 -4 -5 5 -7
leaf_value=-0.0087500406543775527 -0.021549086505473374 -0.0066092330109729473 -0.018734364373774796 0.019399415897806315 0.032517484419941865 -0.0073690676386926647
leaf_weight=6.1686773822875747 1.7332127608242434 1.5584239457966749 5.1845693924115066 4.8560983054339886 3.3165243636467499 0.43563951243413601
leaf_count=985 701 449 1019 190 209 217
internal_value=-0.00126459 0.00280576 -0.00422478 0.00514642 0.0180435 0.02667
internal_weight=23.2531 21.5199 16.2093 11.0248 5.31059 3.75216
internal_count=3770 3069 2194 1175 875 426
is_linear=0
shrinkage=0.05


Tree=111
num_leaves=7
num_cat=0
split_feature=0 12 0 62 6 0
split_gain=0.933831 1.38233 0.822641 0.620212 0.870775 0.694542
threshold=-0.79839198475791062 -0.056322945923857136 0.11547309948623884 -0.80210907550490218 -1.1338966809583149 3.2015123088336179
decision_type=2 2 2 2 2 2
left_child=-1 2 -2 4 -4 -6
right_child=1 -3 3 -5 5 -7
leaf_value=-0.020561815041453272 -0.018548640014668844 0.017946785926623431 0.0096993593247215945 0.011994052005425424 -0.028281458807322635 0.0062259428565451412
leaf_weight=2.0962947546504465 4.369163039780692 6.5991990361362669 2.0636414843611419 5.1298466174048327 1.7219196984660841 0.79843111126683641
leaf_count=674 1134 727 125 702 385 34
internal_value=-0.00125967 0.00305363 -0.00585132 0.00288897 -0.00801423 -0.0199071
internal_weight=22.7785 20.6822 14.083 9.71384 4.58399 2.52035
internal_count=3781 3107 2380 1246 544 419
is_linear=0
shrinkage=0.05


Tree=112
num_leaves=7
num_cat=0
split_feature=14 6 9 30 29 33
split_gain=0.997711 1.42561 1.02467 0.853852 0.665266 0.599653
threshold=1.0000000180025095e-35 -0.19182784403402889 1.299321683692473 -1.6641308125264718 1.0970570009197704 0.44219910239746879
decision_type=2 2 2 2 2 2
left_child=1 2 3 -1 -3 -2
right_child=5 4 -4 -5 -6 -7
leaf_value=-0.012128935817745198 0.023301484541249497 -0.022715271455323538 -0.012172729472216919 0.018516575925563519 0.0065490472878613039 -0.0078010419486814675
leaf_weight=0.67067683389177446 2.6524824426742266 7.3822246358613484 3.1378813544288287 7.7419902076944735 0.99309940682724107 0.48190413712291036
leaf_count=264 290 1767 343 678 174 273
internal_value=-0.00097722 -0.00567112 0.00547531 0.0135274 -0.0184332 0.0170431
internal_weight=23.0603 19.9259 11.5505 8.41267 8.37532 3.13439
internal_count=3789 3226 1285 942 1941 563
is_linear=0
shrinkage=0.05


Tree=113
num_leaves=7
num_cat=0
split_feature=47 34 16 12 15 31
split_gain=1.01623 1.14052 1.03272 1.0586 0.846817 0.800037
threshold=0.96527274207848213 -1.6697747565323995 1.4689526365835628 -0.22052200158636767 0.80329679500201812 0.25973299639188169
decision_type=2 2 2 2 2 2
left_child=2 -2 3 -1 -5 -4
right_child=1 -3 5 4 -6 -7
leaf_value=-0.010248595987740319 0.011902501918656551 -0.021521533291480124 -0.024653875559519336 0.027762943525829128 0.00066709445770835865 0.0070631423983585247
leaf_weight=2.1736953145591533 1.3667366856825536 6.023552317696157 1.4787546966690563 5.4057564471149835 4.619341627752874 1.7222596043720839
leaf_count=539 80 1485 348 491 730 123
internal_value=-0.00131298 -0.0136883 0.00588939 0.0122002 0.0183071 -0.0124278
internal_weight=22.7901 7.39029 15.3998 12.1988 10.0251 3.20101
internal_count=3796 1565 2231 1760 1221 471
is_linear=0
shrinkage=0.05


Tree=114
num_leaves=7
num_cat=0
split_feature=37 27 32 33 39 37
split_gain=0.939951 1.11899 0.969753 1.01008 1.24188 0.653788
threshold=-0.57634521243387293 -0.94058870755698698 1.5713511703540315 -0.81581129581159828 -1.0000000180025095e-35 0.18861711071061568
decision_type=2 2 2 2 2 2
left_child=1 -1 3 -2 5 -5
right_child=2 -3 -4 4 -6 -7
leaf_value=-0.012900411682591021 0.010986577543631283 0.020187773356279845 0.010271807161861005 0.007588178418704696 -0.036240000912941543 -0.01389394256931715
leaf_weight=1.3633663551881907 1.4932325966656232 4.9157124435878385 3.2003033654764286 3.9506931575597282 3.033352312224447 4.7040116019779816
leaf_count=500 55 511 249 600 767 1119
internal_value=-0.00219713 0.0111554 -0.00824964 -0.0138172 -0.0185828 -0.00465872
internal_weight=22.6607 6.27908 16.3816 13.1813 11.6881 8.6547
internal_count=3801 1011 2790 2541 2486 1719
is_linear=0
shrinkage=0.05


Tree=115
num_leaves=7
num_cat=0
split_feature=37 27 39 37 0 33
split_gain=0.777396 1.01562 0.745878 1.17123 0.606318 0.587811
threshold=0.62246969458900214 -0.94058870755698698 0.19931955361981391 -0.74328007694689868 -0.59462854202784665 -0.8144822093964631
decision_type=2 2 2 2 2 2
left_child=1 -1 4 -4 -3 -5
right_child=-2 2 3 5 -6 -7
leaf_value=-0.01591022260826281 -0.013265360881292652 -0.0056309919970774294 0.016043005057223999 0.0055247873921878653 0.021158598955227093 -0.021619757364670981
leaf_weight=1.9536685855127931 4.6691987196099936 1.2698344109812811 2.4353395818034187 1.4496891289018092 8.3412632973631791 3.2372993460157877
leaf_count=733 1010 242 193 75 901 617
internal_value=0.000466949 0.00525851 0.00977305 -0.00227874 0.0171216 -0.0143444
internal_weight=23.3563 18.6871 16.7334 7.12233 9.6111 4.68699
internal_count=3771 2761 2028 885 1143 692
is_linear=0
shrinkage=0.05


Tree=116
num_leaves=7
num_cat=0
split_feature=37 59 33 14 1 44
split_gain=1.50025 1.29596 0.801539 0.87026 0.703261 0.457416
threshold=-0.80115082997808085 1.0000000180025095e-35 -0.8144822093964631 1.0000000180025095e-35 -1.0340930130368882 -1.230114418849839
decision_type=2 2 2 2 2 2
left_child=4 -2 -3 5 -1 -4
right_child=1 2 3 -5 -6 -7
leaf_value=-0.0094194192471859436 0.0064610212821922869 0.0058028889054540537 0.00191566030493826 0.0042256881940804496 0.020514355925592857 -0.031765404532352395
leaf_weight=0.7251991411903872 5.1747906300588555 1.4828770137392027 0.75092929089441973 1.5356063740327961 4.1450254250667085 7.6580641625332531
leaf_count=298 475 79 127 395 436 1963
internal_value=-0.00498064 -0.0119055 -0.0198366 -0.0241186 0.0141656 -0.0290448
internal_weight=21.4725 16.6023 11.4275 9.9446 4.87022 8.40899
internal_count=3773 3039 2564 2485 734 2090
is_linear=0
shrinkage=0.05


Tree=117
num_leaves=7
num_cat=0
split_feature=40 37 0 0 2 6
split_gain=0.730344 0.764284 0.77775 0.765328 0.536223 0.470867
threshold=-0.66661287316266116 0.59219883915730676 -0.62365785441678734 0.90149755801755405 0.8293516736405292 -1.1338966809583149
decision_type=2 2 2 2 2 2
left_child=-1 2 -2 4 -4 -5
right_child=1 -3 3 5 -6 -7
leaf_value=-0.017387293044437764 -0.011396111765587753 -0.012062324830983023 0.020524832781570933 0.0083665242037191719 -0.007480066935058538 -0.014409636414652656
leaf_weight=3.0842477162368622 2.0563216576702006 4.0597194023430339 9.2702769034658488 1.5443818689091133 0.44240402121795419 1.974232642096468
leaf_count=998 493 857 822 77 234 322
internal_value=-0.00220701 0.00222222 0.00737206 0.0118561 0.0177851 -0.00516309
internal_weight=22.4316 19.3473 15.2876 13.2313 9.71268 3.51861
internal_count=3803 2805 1948 1455 1056 399
is_linear=0
shrinkage=0.05


Tree=118
num_leaves=7
num_cat=0
split_feature=12 44 32 33 36 37
split_gain=1.18654 1.22872 0.830331 0.952315 0.488393 0.448368
threshold=-0.056322945923857136 1.2035201726557567 1.6016451610403166 -0.81711131058156317 -0.20465557199667186 0.61000522470536278
decision_type=2 2 2 2 2 2
left_child=1 2 3 -1 -3 -2
right_child=5 4 -4 -5 -6 -7
leaf_value=0.0069147359926198656 0.01492775469869408 -0.0084707431673335786 0.006144260035544637 -0.02676532708616975 0.018300394889127519 -0.0068778290645123714
leaf_weight=1.2779724085703481 7.0101254594046605 0.44405259436462108 1.975882285973056 8.327706401585603 2.290005395654588 1.1608381817932238
leaf_count=108 905 163 172 2154 72 244
internal_value=-0.00214187 -0.0101296 -0.0166673 -0.0217052 0.0117954 0.0108147
internal_weight=22.4866 14.3156 11.5816 9.60568 2.73406 8.17096
internal_count=3818 2669 2434 2262 235 1149
is_linear=0
shrinkage=0.05


Tree=119
num_leaves=7
num_cat=0
split_feature=15 15 32 37 44 29
split_gain=0.999308 0.877393 0.917051 1.09948 0.556701 0.678446
threshold=0.80329679500201812 -0.80649847674524766 0.5902723098758843 -0.74328007694689868 1.300222335202438 1.0970570009197704
decision_type=2 2 2 2 2 2
left_child=1 2 3 -1 5 -2
right_child=4 -3 -4 -5 -6 -7
leaf_value=0.0083590078097090705 -0.021827552708999765 0.026697189121889831 0.012268182193209774 -0.021577951299903766 0.0074424781297671204 0.0076635011758244137
leaf_weight=3.3404381269356236 5.2813104836968696 1.7252371767535812 6.6102037777891383 3.8390203915769234 1.3648813714389687 0.90129060420440499
leaf_count=462 1516 50 491 940 149 145
internal_value=0.0011933 0.00807339 0.00138939 -0.0092905 -0.0112233 -0.0164292
internal_weight=23.0624 15.5149 13.7897 7.17946 7.54748 6.1826
internal_count=3753 1943 1893 1402 1810 1661
is_linear=0
shrinkage=0.05


Tree=120
num_leaves=7
num_cat=0
split_feature=42 41 41 42 29 17
split_gain=0.995017 1.06976 1.73078 1.38269 0.633137 0.532158
threshold=0.99883573447073792 1.1457052944242745 -1.1235427855594671 -1.0722678845912537 1.0970570009197704 3.5707963679606425
decision_type=2 2 2 2 2 2
left_child=1 2 5 -4 -3 -1
right_child=-2 4 3 -5 -6 -7
leaf_value=-0.020263010888297104 -0.016031379178815572 -0.021943231620430076 -0.0020122723861152303 0.029884706208737424 0.008618435304734863 0.0074510155082061248
leaf_weight=2.5794068034156257 4.9333249202463767 2.2799395474721673 4.7241593660437529 6.5340012182714409 0.59443560516228888 0.69535619794623915
leaf_count=741 1042 652 789 480 80 38
internal_value=-0.00111309 0.00485002 0.0104863 0.0188929 -0.0144493 -0.0136294
internal_weight=22.3406 17.4073 14.5329 11.2582 2.87438 3.27476
internal_count=3822 2780 2048 1269 732 779
is_linear=0
shrinkage=0.05


Tree=121
num_leaves=7
num_cat=0
split_feature=1 15 24 62 62 44
split_gain=0.961244 0.885186 0.911991 0.540846 0.533294 0.504944
threshold=-0.95755898642326998 0.80329679500201812 1.8141562480906714 0.28630700426695899 -0.23831536201628803 3.2553204406795517
decision_type=2 2 2 2 2 2
left_child=-1 2 -2 4 -3 -5
right_child=1 3 -4 5 -6 -7
leaf_value=-0.019916967848121782 0.014654144797549049 -0.0097470390947982377 -0.013816726767633753 -0.025361762865787691 0.013111884430613755 0.00625718639044218
leaf_weight=1.8794764069607506 13.448604967386927 2.0262446878477931 0.93679940036963749 1.8251478027668784 2.3179834572947575 0.37233642337378103
leaf_count=779 1194 459 349 624 340 16
internal_value=0.000345921 0.00443478 0.0107358 -0.00844032 0.00282368 -0.019485
internal_weight=22.8066 20.9271 14.3854 6.54171 4.34423 2.19748
internal_count=3761 2982 1543 1439 799 640
is_linear=0
shrinkage=0.05


Tree=122
num_leaves=7
num_cat=0
split_feature=34 12 50 10 44 42
split_gain=1.33012 1.02888 0.652488 0.471627 0.375386 0.353461
threshold=0.51401384509637649 -0.2055141298386334 2.1484087937713574 0.17551207910756303 -0.74608218822283423 -1.1302968424630679
decision_type=2 2 2 2 2 2
left_child=1 -1 3 4 -3 -6
right_child=-2 2 -4 -5 5 -7
leaf_value=-0.0096390380316861996 -0.019877246830811046 -0.0052394499346407851 -0.010057820541574655 -0.0062485902065951742 -0.0010037764009272459 0.02361431915639475
leaf_weight=5.8396407497930385 4.7662528941291376 0.3902117535471924 0.83325872896239239 0.760421172250063 1.4057747825281701 8.0558549729175795
leaf_count=865 1635 79 299 193 143 586
internal_value=-0.00250436 0.00451729 0.0122418 0.0158235 0.0185881 0.0205955
internal_weight=22.0514 17.2852 11.4455 10.6123 9.85184 9.46163
internal_count=3800 2165 1300 1001 808 729
is_linear=0
shrinkage=0.05


Tree=123
num_leaves=7
num_cat=0
split_feature=50 1 6 0 28 39
split_gain=0.682972 0.772084 0.805783 0.652743 0.641683 0.598706
threshold=2.1484087937713574 1.0493332670004942 0.98862337498302066 -0.79839198475791062 0.89363762930494561 0.34544518132128688
decision_type=2 2 2 2 2 2
left_child=1 2 3 -1 5 -5
right_child=-2 -3 -4 4 -6 -7
leaf_value=-0.0087888921357229931 -0.018357291011239851 -0.012734048958422818 -0.014730817944804731 0.022305895666502693 -0.0099334127186778698 0.0012841195908712972
leaf_weight=1.6748561725835411 1.2648490587016556 3.1588318044086909 0.97433439095038821 9.7703988658613508 0.63275281270034689 5.1332928026677118
leaf_count=389 572 509 468 853 369 641
internal_value=0.000111824 0.0033336 0.00753254 0.0107923 0.013984 0.0164938
internal_weight=22.6093 21.3445 18.1856 17.2113 15.5364 14.9037
internal_count=3801 3229 2720 2252 1863 1494
is_linear=0
shrinkage=0.05


Tree=124
num_leaves=7
num_cat=0
split_feature=9 12 49 34 39 35
split_gain=1.02582 0.715108 0.659809 0.766485 0.668881 0.523246
threshold=-1.0417589968145244 0.15644718593825876 -0.3563589200727057 -0.22775051476386324 0.35407252465421518 0.91372505775412682
decision_type=2 2 2 2 2 2
left_child=-1 2 3 4 -2 -4
right_child=1 -3 5 -5 -6 -7
leaf_value=-0.022152123825967703 0.012350752294215225 0.017848595861650291 0.014324144049828466 -0.020450708890360176 -0.010158159891652772 -0.0099790755257635269
leaf_weight=1.7759306189254882 3.9931703551556046 3.2261079156305632 5.2600907974410793 3.7575948636513195 3.3264225322636776 0.656934396654833
leaf_count=919 311 282 394 1058 529 253
internal_value=-0.00115759 0.0033101 -0.00171378 -0.00824678 0.00214215 0.00917637
internal_weight=21.9963 20.2203 16.9942 11.0772 7.31959 5.91703
internal_count=3746 2827 2545 1898 840 647
is_linear=0
shrinkage=0.05


Tree=125
num_leaves=7
num_cat=0
split_feature=60 33 49 12 6 15
split_gain=0.89687 0.73819 0.985195 0.798423 0.673598 0.667081
threshold=-0.29016374764685149 -0.8144822093964631 -0.3563589200727057 -0.039173765791738237 0.66772401447353147 -0.42082171329594814
decision_type=2 2 2 2 2 2
left_child=1 -1 3 -3 5 -4
right_child=-2 2 4 -5 -6 -7
leaf_value=0.010816016746452672 0.012162023368237799 -0.030179613837635677 -0.0064636400565787136 -0.0001050631357984673 -0.013935899019232329 0.020350661208696014
leaf_weight=2.4021941681858161 6.6886594658717504 4.0029726755456068 1.9656208529486319 3.2530219008913264 1.1271424880251286 2.9083017439115793
leaf_count=175 537 1460 233 707 481 209
internal_value=-0.000201738 -0.00658908 -0.0111568 -0.0206712 0.00340253 0.0111941
internal_weight=22.3479 15.6593 13.2571 7.25599 6.00107 4.87392
internal_count=3802 3265 3090 2167 923 442
is_linear=0
shrinkage=0.05


Tree=126
num_leaves=7
num_cat=0
split_feature=12 29 8 27 28 41
split_gain=0.872425 0.779556 1.93352 0.577147 0.613572 0.482223
threshold=-0.22052200158636767 -0.60709075609517782 0.10487332498196589 1.6689881685357555 0.89363762930494561 -1.0642914413190232
decision_type=2 2 2 2 2 2
left_child=-1 -2 -3 4 5 -4
right_child=1 2 3 -5 -6 -7
leaf_value=-0.013824480337124016 0.016697972267689484 -0.021409294339600246 -0.0054509146986639325 -0.0093475508700382216 -0.0081072861613777636 0.025376402451004639
leaf_weight=5.7851646231138174 5.4269208851619686 4.4759451205609313 0.40783122170250852 0.56410074396990229 0.49823870736872766 4.8677480412297882
leaf_count=1191 486 1132 134 143 297 449
internal_value=-0.000854715 0.00520043 -0.00294286 0.0127868 0.0174061 0.0218812
internal_weight=22.0259 16.2408 10.8139 6.33792 5.77382 5.27558
internal_count=3832 2641 2155 1023 880 583
is_linear=0
shrinkage=0.05


Tree=127
num_leaves=7
num_cat=0
split_feature=1 15 16 31 41 42
split_gain=0.724988 0.659346 0.930143 0.808575 0.765791 0.601273
threshold=-0.9118511649734703 0.80329679500201812 1.4689526365835628 0.12614914029952565 0.90533272741291659 -0.95045064924908318
decision_type=2 2 2 2 2 2
left_child=-1 2 4 -4 -2 -3
right_child=1 5 3 -5 -6 -7
leaf_value=-0.016119666301104753 0.026398184173108283 0.0068960849653864169 -0.017190823659334883 0.0078268894896513508 -0.0078818524499732479 -0.015660711138954401
leaf_weight=2.2194849981460747 5.16280707443366 2.9577330335159786 2.104867079120595 5.8707527741789818 0.59733049356145773 3.6835577746969639
leaf_count=840 437 416 417 465 170 1018
internal_value=0.00082365 0.00450095 0.0100864 -0.00166974 0.0213615 -0.00659499
internal_weight=22.5965 20.377 13.7358 7.97562 5.76014 6.64129
internal_count=3763 2923 1489 882 607 1434
is_linear=0
shrinkage=0.05


Tree=128
num_leaves=7
num_cat=0
split_feature=45 17 47 11 28 45
split_gain=0.814255 0.930272 0.730729 0.68342 0.641722 0.578643
threshold=-0.3836349062105775 1.0000000180025095e-35 0.96527274207848213 -0.689516050167022 0.89363762930494561 1.1430943113171168
decision_type=2 2 2 2 2 2
left_child=1 -1 3 -2 -5 -4
right_child=2 -3 5 4 -6 -7
leaf_value=-0.020279268911379274 -0.0078580570445768508 0.0097621957409868582 -0.015734870723342214 0.020955282649727958 -0.0086253311161160091 0.0090528576343154119
leaf_weight=5.6089726570062366 1.6901949087623505 1.588270795647986 3.3932601981796315 7.3646572437137348 0.51702311867848028 1.3195223703514782
leaf_count=1543 275 189 772 670 256 99
internal_value=-0.00168623 -0.0127282 0.00512072 0.0119316 0.0171719 -0.00797288
internal_weight=21.4819 7.19724 14.2847 9.57188 7.88168 4.71278
internal_count=3804 1732 2072 1201 926 871
is_linear=0
shrinkage=0.05


Tree=129
num_leaves=7
num_cat=0
split_feature=3 6 14 62 10 62
split_gain=1.07047 0.823791 1.2769 0.612243 0.587941 0.560951
threshold=-0.74892089174460763 -0.19182784403402889 1.0000000180025095e-35 -1.2659217739649686 -0.28368401217699057 -1.8413471538726445
decision_type=2 2 2 2 2 2
left_child=-1 3 -3 5 -5 -2
right_child=1 2 -4 4 -6 -7
leaf_value=-0.021654351524225377 0.009673102631161147 -0.014702872156999126 0.014987724551249668 0.02401805649624647 -0.0055542391281630165 -0.015640658253621785
leaf_weight=2.0996338801924166 1.6436897162348034 7.6440140990307501 2.6743322555557825 5.2971111389342695 0.88945405394770727 1.2992968409671446
leaf_count=516 84 1886 500 380 192 230
internal_value=-0.00108072 0.00373756 -0.00536495 0.0128078 0.019341 -0.00375652
internal_weight=21.5475 19.4479 10.3183 9.12955 6.18657 2.94299
internal_count=3788 3272 2386 886 572 314
is_linear=0
shrinkage=0.05


Tree=130
num_leaves=7
num_cat=0
split_feature=12 33 61 6 60 6
split_gain=0.936091 0.754501 0.732978 1.94863 0.576789 0.567233
threshold=-0.23059229956886054 -0.8144822093964631 0.64282011107994075 -0.75340172492563484 0.12236886579989206 0.9255895720257995
decision_type=2 2 2 2 2 2
left_child=1 -1 3 -2 -5 -4
right_child=2 -3 5 4 -6 -7
leaf_value=0.007189958080188851 0.016478593239544172 -0.02221843097252409 0.021154748410628733 -0.024617408251348637 0.0032732444493557703 -0.0055791308264590625
leaf_weight=1.5363350840634664 4.6676747233723326 3.4769828493590493 5.6058640914852722 4.0207531675696355 1.6553135156864298 1.2041190277668645
leaf_count=129 380 919 612 1264 135 390
internal_value=0.000638333 -0.0138884 0.00631929 -0.00234134 -0.0181643 0.0161672
internal_weight=22.167 5.01332 17.1537 10.3437 5.67607 6.80998
internal_count=3829 1048 2781 1779 1399 1002
is_linear=0
shrinkage=0.05


Tree=131
num_leaves=7
num_cat=0
split_feature=37 40 10 36 27 45
split_gain=1.68176 0.996158 0.564651 0.604844 0.529511 0.367262
threshold=0.59219883915730676 -0.67684099483737203 1.0959412411454923 1.7746870288171008 -0.97257791285662221 1.5514595731482326
decision_type=2 2 2 2 2 2
left_child=1 -1 3 4 -3 -6
right_child=-2 2 -4 -5 5 -7
leaf_value=-0.013792866700554929 -0.021094378917124783 -0.0052222726579855133 -0.0099927993675783828 -0.0061228045515853181 0.021966929806351797 -0.004088101917307632
leaf_weight=2.0834223289857663 3.969273406721185 1.1260162249673182 0.61959814839065153 1.6930387422908086 11.679858599964057 0.5538316083839171
leaf_count=742 1085 331 347 178 1015 78
internal_value=0.000176496 0.00729322 0.011862 0.0142727 0.0175062 0.0202146
internal_weight=21.725 17.7558 15.6723 15.0527 13.3597 12.2337
internal_count=3776 2691 1949 1602 1424 1093
is_linear=0
shrinkage=0.05


Tree=132
num_leaves=7
num_cat=0
split_feature=12 16 32 6 27 0
split_gain=1.01661 0.824022 0.766534 0.47693 0.345043 0.34327
threshold=-0.056865624578076944 1.4689526365835628 1.6016451610403166 1.1719944381313001 1.7540461710665773 -0.86259142561806768
decision_type=2 2 2 2 2 2
left_child=2 3 -1 5 -4 -2
right_child=1 -3 4 -5 -6 -7
leaf_value=-0.013336643193849959 -0.0013007120722906837 -0.0098583294112822521 0.015617987628201392 -0.0067825338518088633 -0.0070771516299887724 0.024880118592965472
leaf_weight=11.115519940038213 1.1446467112400558 1.5251132631674407 1.9455464569618919 0.37464379280572746 0.45223089191131283 4.9850053554400793
leaf_count=2432 253 271 87 151 107 474
internal_value=-0.000393923 0.0114039 -0.00820225 0.0179275 0.0097832 0.0211702
internal_weight=21.5427 8.02941 13.5133 6.5043 2.39778 6.12965
internal_count=3775 1149 2626 878 194 727
is_linear=0
shrinkage=0.05


Tree=133
num_leaves=7
num_cat=0
split_feature=41 41 42 42 54 43
split_gain=0.935896 0.708294 0.869762 1.61452 0.725722 0.603506
threshold=-1.1235427855594671 1.1346726717254394 0.97703311475469456 -1.0722678845912537 0.84255635998169609 -1.0977794755078254
decision_type=2 2 2 2 2 2
left_child=-1 2 3 4 -2 -4
right_child=1 -3 5 -5 -6 -7
leaf_value=-0.017906408511563086 -0.016631170799003139 -0.010888791969404543 0.01240417550676913 0.02826835765191852 0.010504208238403364 -0.011988530379528758
leaf_weight=2.7933992300531854 2.516162711021031 3.1610109972534692 0.96665966103319068 6.0961174734402439 1.770601038704626 4.827536877768579
leaf_count=774 697 738 57 470 105 972
internal_value=1.63075e-06 0.00464587 0.0089099 0.0161029 -0.00571294 -0.00507579
internal_weight=22.1315 19.3381 16.1771 10.3829 4.28676 5.7942
internal_count=3813 3039 2301 1272 802 1029
is_linear=0
shrinkage=0.05


Tree=134
num_leaves=7
num_cat=0
split_feature=27 12 11 1 62 28
split_gain=0.806435 0.672416 0.646364 0.463946 0.497166 0.49677
threshold=-0.94058870755698698 -0.056322945923857136 -0.28111329616729464 1.5808195629283979 -1.2659217739649686 0.89363762930494561
decision_type=2 2 2 2 2 2
left_child=-1 2 3 4 -2 -6
right_child=1 -3 -4 -5 5 -7
leaf_value=-0.017789578509319764 -0.0065587846114554017 0.014747517648538639 -0.016385345555824975 -0.011956428949998149 0.01695954484355237 -0.0083131665239235333
leaf_weight=1.8713986021466578 2.4110516565851876 6.6076950993738111 2.5159715264453562 0.95274985226569775 6.8025392632116555 0.51363086391938839
leaf_count=793 249 773 817 201 581 329
internal_value=0.000767372 0.00463062 -0.00222862 0.00396832 0.00797875 0.0132837
internal_weight=21.675 19.8036 13.1959 10.68 9.72722 7.31617
internal_count=3743 2950 2177 1360 1159 910
is_linear=0
shrinkage=0.05


Tree=135
num_leaves=7
num_cat=0
split_feature=10 15 15 32 34 39
split_gain=0.60242 0.721731 0.766104 0.73385 1.04147 0.51303
threshold=0.63042480235020204 -0.80649847674524766 0.80329679500201812 0.5902723098758843 -1.4902098694763353 1.0000000180025095e-35
decision_type=2 2 2 2 2 2
left_child=1 3 -3 4 -1 -4
right_child=-2 2 5 -5 -6 -7
leaf_value=0.0072192960640253814 -0.018286551614229474 0.025656545582278631 0.0078206699097678658 0.0055038816947596582 -0.025800007156715151 -0.013160883820519409
leaf_weight=2.043685198645111 2.0267886700457884 1.7588633801788098 4.31946144788526 5.3926266037160531 3.8006382627063431 1.8471973831765351
leaf_count=214 957 52 664 453 946 504
internal_value=-0.002862 0.00102394 0.0105758 -0.00652195 -0.0157213 -0.00071458
internal_weight=21.1893 19.1625 7.92552 11.237 5.84432 6.16666
internal_count=3790 2833 1220 1613 1160 1168
is_linear=0
shrinkage=0.05


Tree=136
num_leaves=7
num_cat=0
split_feature=6 32 37 43 60 4
split_gain=1.00717 0.774901 0.952797 0.674273 0.54487 0.438785
threshold=-0.19182784403402889 0.61589464831423169 -0.814505619139123 -0.38414388165930613 -0.22495411133324897 -1.1590180208145184
decision_type=2 2 2 2 2 2
left_child=1 2 5 -2 -4 -1
right_child=3 -3 4 -5 -6 -7
leaf_value=-0.0079834633465757834 0.0030525736572762493 0.016152953727012979 -0.025030150993429024 -0.021844232429268848 0.0044767430505435113 0.016730888770991315
leaf_weight=0.56882398499874431 2.9319180460879579 4.5709890931611881 2.3164803311228774 6.1263133786269446 1.1003529857844112 2.3736939702066593
leaf_count=238 593 224 590 1832 77 210
internal_value=-0.00488316 0.0049527 -0.00569494 -0.0150312 -0.0178774 0.0103349
internal_weight=19.9886 10.9303 6.35935 9.05823 3.41683 2.94252
internal_count=3764 1339 1115 2425 667 448
is_linear=0
shrinkage=0.05


Tree=137
num_leaves=7
num_cat=0
split_feature=37 59 27 32 9 37
split_gain=0.758319 0.866886 0.758924 0.463892 0.332262 0.305005
threshold=-0.52960345037022571 1.0000000180025095e-35 -0.97257791285662221 1.5713511703540315 1.336799759234431 1.0551648634067647
decision_type=2 2 2 2 2 2
left_child=2 5 -1 -3 -4 -2
right_child=1 3 4 -5 -6 -7
leaf_value=-0.010371629450651738 0.011845301036703735 -0.017934823189307874 0.020638739462466752 0.004023248633954481 -0.0045804110606319772 -0.0075791318657901507
leaf_weight=1.2005789655959231 4.2138723719399431 8.5467648410412895 4.572057506185959 1.8299982401076711 0.43523437634576101 0.49728090903954569
leaf_count=480 329 2112 494 198 67 115
internal_value=-0.00130626 -0.00711595 0.0105319 -0.0140286 0.0175519 0.00764401
internal_weight=21.2958 15.0879 6.20787 10.3768 5.00729 4.71115
internal_count=3795 2754 1041 2310 561 444
is_linear=0
shrinkage=0.05


Tree=138
num_leaves=7
num_cat=0
split_feature=31 10 40 1 39 37
split_gain=1.03273 0.663632 0.537214 0.494883 0.65214 0.588799
threshold=-0.27075644363707069 0.20901753579098473 -0.67684099483737203 1.6020790147655142 0.34544518132128688 -0.74328007694689868
decision_type=2 2 2 2 2 2
left_child=-1 2 -2 4 -4 -6
right_child=1 -3 3 -5 5 -7
leaf_value=-0.016193367409974516 -0.0090452346939822251 -0.011840115428163774 0.023035829574147848 -0.0082818293183801739 0.013008977684369824 -0.011148659238381032
leaf_weight=5.9967944526288219 1.2379102068953205 2.1123512519116039 6.3216162996250169 0.63990719383582551 1.5824759084498485 2.6134810385410696
leaf_count=1705 384 773 350 109 107 373
internal_value=-0.00267759 0.00472665 0.00930692 0.0128283 0.0156657 -0.000412657
internal_weight=20.5045 14.5077 12.3954 11.1575 10.5176 4.19596
internal_count=3801 2096 1323 939 830 480
is_linear=0
shrinkage=0.05


Tree=139
num_leaves=7
num_cat=0
split_feature=37 40 39 37 0 32
split_gain=0.643983 0.67243 0.646004 0.916361 0.582997 0.445556
threshold=0.62246969458900214 -0.67684099483737203 0.35407252465421518 -0.83231200468717903 -0.59462854202784665 1.657449880725578
decision_type=2 2 2 2 2 2
left_child=1 -1 4 -4 -3 -5
right_child=-2 2 3 5 -6 -7
leaf_value=-0.011574565262927598 -0.012047953953919636 -0.0045253485406159949 0.012927138644082535 -0.021141722505125148 0.020077840318934049 0.0065446365864512447
leaf_weight=2.1979752223414879 4.3074478385387911 1.8608751909923764 2.1160644422634505 2.6366394712240449 7.9279757538461082 0.40942180436104525
leaf_count=781 1039 444 179 544 810 6
internal_value=0.000756045 0.00528712 0.00928608 -0.00376357 0.0154363 -0.0160195
internal_weight=21.4564 17.149 14.951 5.16213 9.78885 3.04606
internal_count=3803 2764 1983 729 1254 550
is_linear=0
shrinkage=0.05


Tree=140
num_leaves=7
num_cat=0
split_feature=42 40 43 3 7 61
split_gain=1.09435 0.714882 0.707243 0.498497 0.493063 0.339475
threshold=1.0588256208313371 -0.67684099483737203 -0.62203127224207921 -0.74892089174460763 0.95020152201723362 -1.5646523977326592
decision_type=2 2 2 2 2 2
left_child=1 -1 -3 -4 -5 -2
right_child=5 2 3 4 -6 -7
leaf_value=-0.012970270513477409 0.0035174799955735424 -0.010952760743193162 -0.007069737999301981 0.018141920747936274 -0.0064005465799184319 -0.022176309805918851
leaf_weight=1.9127663971448825 0.69444807339459647 1.4841875029960689 1.1146242528921018 11.507775860402024 0.86159354069968763 3.3221788759110487
leaf_count=716 68 406 167 1185 339 894
internal_value=-0.00128249 0.00485687 0.00892016 0.0127028 0.0155167 -0.0181294
internal_weight=20.8976 16.8809 14.9682 13.484 12.3694 4.01663
internal_count=3775 2813 2097 1691 1524 962
is_linear=0
shrinkage=0.05


Tree=141
num_leaves=7
num_cat=0
split_feature=12 27 40 0 62 8
split_gain=0.854174 0.706434 0.498742 0.475709 0.559681 0.505033
threshold=-0.056865624578076944 0.27481618512799633 -0.67684099483737203 -0.039163814585617823 -0.80210907550490218 1.05339522674916
decision_type=2 2 2 2 2 2
left_child=1 -1 -2 -3 -5 -6
right_child=2 3 -4 4 5 -7
leaf_value=-0.021450834761189821 -0.0082912073195402728 -0.013958289315465312 0.013430861964249322 -0.0076692058802766937 0.018693203483127117 -0.0083283852147335059
leaf_weight=4.2771532693586805 1.3827175483456811 1.3162213161704128 6.3867524221423073 2.6349603187991306 3.9904836514615436 0.40342405467526976
leaf_count=1521 402 343 799 290 317 153
internal_value=-0.00288564 -0.0100648 0.00833227 -9.98873e-05 0.00589437 0.0138397
internal_weight=20.3917 12.6222 7.76947 8.34509 7.02887 4.39391
internal_count=3825 2624 1201 1103 760 470
is_linear=0
shrinkage=0.05


Tree=142
num_leaves=7
num_cat=0
split_feature=12 33 42 41 41 42
split_gain=0.769193 0.743432 0.733414 0.838546 0.84777 0.580392
threshold=-0.23059229956886054 -0.81581129581159828 -1.1302968424630679 -1.1235427855594671 0.90533272741291659 1.1440896966029392
decision_type=2 2 2 2 2 2
left_child=1 -1 -2 -4 5 -5
right_child=2 -3 3 4 -6 -7
leaf_value=0.0075373516657967462 -0.012581111229184556 -0.022503246877296337 -0.010452136444191816 0.029510691879217565 -0.0038199284682907762 0.0021063231538778621
leaf_weight=1.2846755087957715 2.3400416489457738 3.3776401551149347 2.1628225888416628 4.2506009818753174 3.6458375019719824 3.3078016440267675
leaf_count=114 538 911 570 297 757 560
internal_value=-0.00130507 -0.0145155 0.00431514 0.00903689 0.0142119 0.0215238
internal_weight=20.3694 4.66232 15.7071 13.3671 11.2042 7.5584
internal_count=3747 1025 2722 2184 1614 857
is_linear=0
shrinkage=0.05


Tree=143
num_leaves=7
num_cat=0
split_feature=17 37 32 33 38 45
split_gain=0.708063 0.656687 0.787082 0.567158 0.603401 0.520377
threshold=1.0000000180025095e-35 -0.33373320934160905 1.5713511703540315 -0.8144822093964631 -0.19204101954977346 -0.51511614581529275
decision_type=2 2 2 2 2 2
left_child=1 5 3 -3 -5 -1
right_child=-2 2 -4 4 -6 -7
leaf_value=-0.010818114003525078 0.012305632655910335 0.0049429152133302024 0.0056426897264775407 -0.029501396118538931 0.00046184634014691809 0.010536687964716011
leaf_weight=1.6083403791417366 2.5173596312524742 0.96278668462764727 2.5053960353834546 5.6284873651457046 1.9730890202918017 4.9361490457668031
leaf_count=523 257 45 240 1399 664 707
internal_value=-0.00432053 -0.00814172 -0.0143288 -0.0201194 -0.0237942 0.00353787
internal_weight=20.1316 17.6142 11.0698 8.56436 7.60158 6.54449
internal_count=3835 3578 2348 2108 2063 1230
is_linear=0
shrinkage=0.05


Tree=144
num_leaves=7
num_cat=0
split_feature=32 37 27 32 27 60
split_gain=0.981594 0.885666 0.731821 0.973715 0.547128 0.463621
threshold=0.47810482330850851 -0.80115082997808085 0.86124092307341449 1.5713511703540315 -0.97257791285662221 1.0634652392860262
decision_type=2 2 2 2 2 2
left_child=1 4 -2 -4 -1 -3
right_child=2 5 3 -5 -6 -7
leaf_value=-0.010358086857509205 0.018572676803095184 -0.022939499405669 -0.019067780296231639 0.011056515864395617 0.014425516777123072 0.0034558867395256647
leaf_weight=0.94925080111715976 5.6298004020354693 5.0413037674734387 2.0002592011005618 2.9445727611891925 2.9256595773331355 1.2058079974958671
leaf_count=423 476 1768 435 233 328 113
internal_value=0.000223924 -0.009553 0.00962537 -0.00372791 0.00648358 -0.0183764
internal_weight=20.6967 10.122 10.5746 4.94483 3.87491 6.24711
internal_count=3776 2632 1144 668 751 1881
is_linear=0
shrinkage=0.05


Tree=145
num_leaves=7
num_cat=0
split_feature=60 14 6 26 35 62
split_gain=0.752858 0.604279 0.622707 0.356852 0.33947 0.327767
threshold=-0.29016374764685149 1.0000000180025095e-35 -0.86342436281460244 -0.41851424100599294 -0.6751974780104596 0.38491958795208808
decision_type=2 2 2 2 2 2
left_child=1 2 4 -2 -1 -3
right_child=3 5 -4 -5 -6 -7
leaf_value=-0.0070269366196645784 -0.0060549418049484468 -0.0066290524717286473 -0.018320174270363067 0.014383014536990103 0.011018624372879583 0.015848703464377001
leaf_weight=2.4816695021581836 1.0263663703808559 0.51117264927597794 7.830444626393728 5.0331522021442643 2.1002550706616603 1.3856200571171937
leaf_count=523 171 285 2065 377 139 211
internal_value=-0.00185483 -0.00777083 -0.0117268 0.0100625 0.00233166 0.009441
internal_weight=20.3687 14.3092 12.4124 6.05952 4.58192 1.89679
internal_count=3771 3223 2727 548 662 496
is_linear=0
shrinkage=0.05


Tree=146
num_leaves=7
num_cat=0
split_feature=26 27 16 7 62 43
split_gain=0.722049 0.720122 0.769943 0.705191 0.549092 0.466746
threshold=0.35003206764044564 -0.43944650413664932 1.4689526365835628 1.1820956850432986 -1.8413471538726445 0.086193820575692512
decision_type=2 2 2 2 2 2
left_child=1 5 3 -3 -2 -1
right_child=4 2 -4 -5 -6 -7
leaf_value=-0.015691149444969663 0.0063790190535955625 0.022522431534006196 -0.0059403534733749892 -0.0087580783942733508 -0.017261157043157879 0.0066817901077965832
leaf_weight=2.2670691265666418 1.8926057947101069 8.30485791128012 2.6165410215035072 0.51162856060545969 3.8319599241076494 1.8934648141148498
leaf_count=871 112 915 407 256 854 329
internal_value=0.00221344 0.00755876 0.0131984 0.0189445 -0.00993946 -0.00697563
internal_weight=21.3181 15.5936 11.433 8.81649 5.72457 4.16053
internal_count=3744 2778 1578 1171 966 1200
is_linear=0
shrinkage=0.05


Tree=147
num_leaves=7
num_cat=0
split_feature=41 45 27 5 28 8
split_gain=0.643198 0.784639 0.508312 0.549088 0.726136 0.50602
threshold=-1.0890868408109482 -0.45324262129542675 0.81488167014124291 0.082087972670976284 0.89363762930494561 -0.66683948975778462
decision_type=2 2 2 2 2 2
left_child=5 -2 3 -3 -5 -1
right_child=1 2 -4 4 -6 -7
leaf_value=0.0039629689546191683 -0.011252748439899353 -8.0608963925820671e-05 -0.0054478584928373316 0.026968310528708874 -0.0077575780988962603 -0.025061988860982307
leaf_weight=1.1830982006504203 4.661167650832799 4.6939614058937824 3.1916990024037668 4.0802348279394209 0.49355760993785214 1.5205335414793832
leaf_count=191 1248 622 387 348 372 589
internal_value=-0.00234122 0.002151 0.00837602 0.0133048 0.0216325 -0.0169569
internal_weight=19.8243 17.1206 12.4595 9.26775 4.57379 2.70363
internal_count=3757 2977 1729 1342 720 780
is_linear=0
shrinkage=0.05


Tree=148
num_leaves=7
num_cat=0
split_feature=40 10 35 27 31 0
split_gain=0.434644 0.532992 0.567782 0.575095 0.507695 0.463219
threshold=-0.66661287316266116 0.87421507410468957 0.22537557676898476 1.6689881685357555 0.042050282721228953 -0.73140126386035542
decision_type=2 2 2 2 2 2
left_child=-1 2 4 5 -2 -4
right_child=1 -3 3 -5 -6 -7
leaf_value=-0.013843738280577556 -0.012918684694612667 -0.014358412949453576 -0.0063545740094800088 -0.0080006363990065762 0.0053349317982611267 0.022744605238584806
leaf_weight=2.585833383229331 3.3183498147409463 1.2568455905420695 0.31412567081861187 0.70477303356165055 6.8255582134006545 4.9483933706360395
leaf_count=967 681 705 123 136 633 516
internal_value=-0.00163692 0.00195183 0.0052784 0.0145063 -0.00222202 0.0193311
internal_weight=19.9539 17.368 16.1112 5.96729 10.1439 5.26252
internal_count=3761 2794 2089 775 1314 639
is_linear=0
shrinkage=0.05


Tree=149
num_leaves=7
num_cat=0
split_feature=15 15 33 8 12 33
split_gain=0.734052 0.841104 0.649561 0.533837 0.78056 0.736916
threshold=0.80329679500201812 -0.80649847674524766 -0.1513102370411358 0.18357729678606197 0.33660045937605937 -0.81711131058156317
decision_type=2 2 2 2 2 2
left_child=1 3 -2 4 5 -1
right_child=2 -3 -4 -5 -6 -7
leaf_value=0.007636560823243513 0.0011295227692886499 0.02374402254259185 -0.024404542814141107 0.0074615227702902569 0.010262585479587557 -0.024505764054071316
leaf_weight=0.86115386534947846 4.5210279503371567 1.6278498293831951 1.936776760208885 6.3302201731421519 1.4195981731172649 3.553074495546753
leaf_count=55 858 54 968 803 161 901
internal_value=-0.000784046 0.00558339 -0.0118404 -0.00106357 -0.00970651 -0.0176825
internal_weight=20.2497 13.7919 6.4578 12.164 5.83383 4.41423
internal_count=3800 1974 1826 1920 1117 956
is_linear=0
shrinkage=0.05


Tree=150
num_leaves=7
num_cat=0
split_feature=12 11 41 41 42 11
split_gain=0.519125 0.78202 0.568066 0.574749 0.815856 0.468763
threshold=-0.22052200158636767 -0.45087698479018701 -1.1235427855594671 0.90533272741291659 -1.0722678845912537 0.88335932956964547
decision_type=2 2 2 2 2 2
left_child=1 -1 -2 4 -4 -6
right_child=2 -3 3 -5 5 -7
leaf_value=-0.019572413135494258 -0.010010657924605759 0.0072853767226805479 -0.0045895182412195061 -0.0048176045965671469 0.024358494038915889 -0.0058350529044141081
leaf_weight=3.0354125593439676 1.9992499389045413 2.7475326253625125 2.8765443398733614 3.4932742209639409 6.8977636173367456 0.31666321799275454
leaf_count=772 558 397 570 770 645 149
internal_value=0.00152623 -0.00868213 0.00610452 0.0098581 0.0148783 0.0217087
internal_weight=21.3664 5.78295 15.5835 13.5842 10.091 7.21443
internal_count=3861 1169 2692 2134 1364 794
is_linear=0
shrinkage=0.05


Tree=151
num_leaves=7
num_cat=0
split_feature=42 40 41 36 14 28
split_gain=0.688022 0.63042 0.547525 0.585837 0.543374 0.485856
threshold=1.0588256208313371 -0.67684099483737203 -1.0475674973929336 0.838726966015376 2.0197783048401194 0.89363762930494561
decision_type=2 2 2 2 2 2
left_child=1 -1 3 -3 -2 -4
right_child=4 2 5 -5 -6 -7
leaf_value=-0.011723700391948999 -0.019320053913409348 -0.017041961885939479 0.016313484902037566 0.0086971717029442393 0.0074096972893697615 -0.008223853222717778
leaf_weight=1.9650515427638318 3.4541115127212825 1.4687675742607109 10.166246621287424 1.7631538872374219 0.85969396028667677 0.51174773980164978
leaf_count=745 821 546 1082 109 145 346
internal_value=-0.000134838 0.00492546 0.00894012 -0.00557302 -0.0131388 0.0135917
internal_weight=20.1888 15.875 13.9099 3.23192 4.31381 10.678
internal_count=3794 2828 2083 655 966 1428
is_linear=0
shrinkage=0.05


Tree=152
num_leaves=7
num_cat=0
split_feature=12 38 3 41 2 26
split_gain=0.873127 0.569683 0.586924 0.413475 0.436959 0.381922
threshold=0.18454350443998432 -0.25848535223467256 -0.64719219981441423 -0.94264557543218486 0.8293516736405292 -0.20062876338560523
decision_type=2 2 2 2 2 2
left_child=1 2 5 -3 -5 -1
right_child=-2 3 -4 4 -6 -7
leaf_value=-0.011970890582536092 0.01532227085322225 -0.0098239086880907503 -0.01855609849428649 0.016973230598606122 -0.0077618739764457852 0.0073235463551783496
leaf_weight=0.85079933734959912 3.4620738481753497 0.57649137356202107 6.4189811193791684 3.5352143685449855 0.48958001210121427 4.7641601240611671
leaf_count=313 427 318 1407 512 369 411
internal_value=-0.00070568 -0.00587276 -0.0109097 0.00640719 0.0119346 0.00124942
internal_weight=20.0973 16.6352 12.0339 4.60129 4.02479 5.61496
internal_count=3757 3330 2131 1199 881 724
is_linear=0
shrinkage=0.05


Tree=153
num_leaves=7
num_cat=0
split_feature=29 62 27 6 41 7
split_gain=0.757998 0.654657 0.574194 0.487795 0.453319 0.422454
threshold=0.67723695231252867 -0.82092500647691247 -0.65926332651560415 -1.1338966809583149 -1.1235427855594671 -0.84882655795528905
decision_type=2 2 2 2 2 2
left_child=1 3 -3 -1 -4 -5
right_child=-2 2 4 5 -6 -7
leaf_value=0.0059483226668049774 -0.01550976904221747 -0.0080318699666363808 -0.0046436519083923313 0.0061255449782615726 0.018340247830951957 -0.020173190360604151
leaf_weight=2.7081377335707657 3.1859502748120567 1.465844045422277 1.3596962304436626 0.53185703151393715 8.3467914338689209 2.7889835007372357
leaf_count=303 1348 496 260 39 841 535
internal_value=-0.000220101 0.00449452 0.0107243 -0.0067775 0.0147844 -0.015053
internal_weight=20.3873 17.2013 11.1723 6.02898 9.70649 3.32084
internal_count=3822 2474 1597 877 1101 574
is_linear=0
shrinkage=0.05


Tree=154
num_leaves=7
num_cat=0
split_feature=12 32 44 33 29 35
split_gain=1.00665 0.782434 0.592409 0.65981 0.388374 0.596147
threshold=-0.056322945923857136 1.6016451610403166 1.2573617843486842 -0.81711131058156317 -0.60709075609517782 0.46115538740862533
decision_type=2 2 2 2 2 2
left_child=1 2 3 -1 -2 -6
right_child=4 -3 -4 -5 5 -7
leaf_value=0.0061219587393608679 0.018542368916538803 0.0089406271254393807 0.0049350012307286355 -0.024192058694261491 -0.012034661067457373 0.011933805492323871
leaf_weight=0.92068202595692117 3.1970106746302918 2.3187363559845826 1.7666308859479611 6.917692231130788 2.3397996363346456 2.0496894899988547
leaf_count=97 245 198 198 2094 600 300
internal_value=-0.00150795 -0.00970608 -0.0152641 -0.0199225 0.0104762 -0.0005414
internal_weight=19.5102 11.9237 9.60501 7.83837 7.5865 4.38949
internal_count=3732 2587 2389 2191 1145 900
is_linear=0
shrinkage=0.05


Tree=155
num_leaves=7
num_cat=0
split_feature=32 12 27 32 27 26
split_gain=0.657582 1.02598 0.598847 0.851669 0.408774 0.343595
threshold=0.72007408786380289 -0.063278856555778126 0.86124092307341449 1.5713511703540315 1.7540461710665773 -0.83135253260952358
decision_type=2 2 2 2 2 2
left_child=1 -1 -2 -4 -5 -3
right_child=2 5 3 4 -6 -7
leaf_value=-0.018972196564771674 0.017680710068877687 -0.0080680501336492828 -0.018617286938921656 0.016461788169511105 -0.0077904831543066698 0.011030419246662933
leaf_weight=5.6797039780358318 3.9193293310236168 0.91151482233544801 1.7030915985233148 2.2361488037277018 0.48769160616211582 4.6297930921427923
leaf_count=1832 290 330 384 104 120 659
internal_value=-0.000809407 -0.0078807 0.00826752 -0.00384186 0.0103122 0.00615849
internal_weight=19.5673 11.221 8.34626 4.42693 2.72384 5.54131
internal_count=3719 2821 898 608 224 989
is_linear=0
shrinkage=0.05


Tree=156
num_leaves=7
num_cat=0
split_feature=12 16 44 1 17 40
split_gain=0.760377 0.591309 0.572013 0.422108 0.366132 0.297374
threshold=-0.056322945923857136 1.4689526365835628 1.2573617843486842 -1.055352464874004 1.0000000180025095e-35 0.33257732898050435
decision_type=2 2 2 2 2 2
left_child=2 3 4 -2 5 -1
right_child=1 -3 -4 -5 -6 -7
leaf_value=-0.020395525995882482 -0.0063829033218692904 -0.0088825125888838414 0.0081670178306724409 0.018932192451021439 0.0051016750594993507 -0.001660676249359772
leaf_weight=5.5941745553282107 0.50212440348695953 1.2707925089052876 2.2284762914641751 5.4178818435757412 1.1591067790868681 3.5718204450677149
leaf_count=1687 217 254 231 653 147 585
internal_value=-0.0010199 0.00972248 -0.00786166 0.0153604 -0.012381 -0.0153047
internal_weight=19.7444 7.1908 12.5536 5.92001 10.3251 9.166
internal_count=3774 1124 2650 870 2419 2272
is_linear=0
shrinkage=0.05


Tree=157
num_leaves=7
num_cat=0
split_feature=12 8 37 39 33 17
split_gain=0.595607 0.575354 0.621613 0.622404 0.513849 0.464653
threshold=0.61023881920827894 0.22884663143098152 0.62246969458900214 0.35407252465421518 -0.81711131058156317 1.0000000180025095e-35
decision_type=2 2 2 2 2 2
left_child=1 4 3 -3 -1 -6
right_child=-2 2 -4 -5 5 -7
leaf_value=0.0079302895132615861 0.015105285206006383 0.017875619911242532 -0.010404538215201558 -0.0077470234101775642 -0.019256020506816535 0.004271647027950745
leaf_weight=1.0559143064310799 1.9052358682965849 4.8476854096807056 2.2490313369198702 1.4102709674334617 6.9720586317998841 1.4593839357839895
leaf_count=100 183 633 694 291 1689 199
internal_value=-0.000664277 -0.00425384 0.00447572 0.0114621 -0.0112761 -0.0151314
internal_weight=19.8996 17.9943 8.50699 6.25796 9.48736 8.43144
internal_count=3789 3606 1618 924 1988 1888
is_linear=0
shrinkage=0.05


Tree=158
num_leaves=7
num_cat=0
split_feature=12 41 41 42 16 28
split_gain=0.561673 0.5881 0.60035 0.731766 0.541943 0.531078
threshold=-0.23059229956886054 0.73805128578134116 -1.1235427855594671 -1.1302968424630679 1.0000000180025095e-35 0.43793234823657395
decision_type=2 2 2 2 2 2
left_child=4 2 -2 -4 -1 -3
right_child=1 5 3 -5 -6 -7
leaf_value=-0.02165549268156837 -0.0069940323021638485 -0.015348083181233789 -0.0044977145259747072 0.021387550689103633 0.0031902434488599537 0.0092788444858387092
leaf_weight=1.706244488130326 2.1574803460389367 2.9490677182911891 2.5280912962043649 6.873765327880391 2.8775548283010721 1.0155580584541892
leaf_count=764 571 716 506 765 267 200
internal_value=0.000563795 0.00519291 0.0103192 0.0150229 -0.0109662 -0.00776022
internal_weight=20.1078 15.524 11.5593 9.40186 4.5838 3.96463
internal_count=3789 2758 1842 1271 1031 916
is_linear=0
shrinkage=0.05


Tree=159
num_leaves=7
num_cat=0
split_feature=6 4 14 44 12 32
split_gain=0.717734 0.52915 0.466858 0.602843 0.367982 0.689077
threshold=-0.19182784403402889 -1.1900784673557858 1.0000000180025095e-35 1.0546449356756615 0.082637542376637188 0.65742930396569077
decision_type=2 2 2 2 2 2
left_child=1 -1 3 -2 5 -3
right_child=2 4 -4 -5 -6 -7
leaf_value=-0.011706946559418979 -0.020774914448839044 -0.0098142286807665711 0.0057616848904519964 0.0053273574046056836 0.020585139717628705 0.012930320358758199
leaf_weight=0.75107979492167842 5.3571431201416981 3.5816612663329597 1.9193120917188933 1.6065036396612411 2.3851723370607942 3.8376244336832315
leaf_count=345 1696 631 510 219 159 201
internal_value=-0.00133589 0.00669539 -0.0101603 -0.0149622 0.0105177 0.00228602
internal_weight=19.4385 10.5555 8.88296 6.96365 9.80446 7.41929
internal_count=3761 1336 2425 1915 991 832
is_linear=0
shrinkage=0.05


Tree=160
num_leaves=7
num_cat=0
split_feature=27 1 39 37 7 6
split_gain=0.803751 0.685865 0.681497 0.500821 0.424932 0.405999
threshold=1.0000000180025095e-35 1.0493332670004942 0.34544518132128688 -1.5089546555133098 0.047905070064598397 0.89693784340888094
decision_type=2 2 2 2 2 2
left_child=3 2 5 -1 -3 -2
right_child=1 4 -4 -5 -6 -7
leaf_value=0.0072031007572400888 0.020414381905100865 0.0073884682840426727 -0.0067160434779498096 -0.016739727363728564 -0.015678954015551336 -0.0057467247478462753
leaf_weight=1.0632172180921777 7.4986139272223209 0.99835326988249962 2.0412846877879929 5.3006346060137748 2.2341689223831054 0.41560574655886728
leaf_count=240 670 49 329 1753 509 174
internal_value=-6.07712e-05 0.00669088 0.0124145 -0.0117134 -0.0084275 0.0178386
internal_weight=19.5519 13.188 9.9555 6.36385 3.23252 7.91422
internal_count=3724 1731 1173 1993 558 844
is_linear=0
shrinkage=0.05


Tree=161
num_leaves=7
num_cat=0
split_feature=40 42 33 39 0 33
split_gain=0.613384 0.730451 0.494824 0.685103 0.379004 0.372594
threshold=-0.66661287316266116 1.1508367431439801 -0.0496188434481959 0.69754863109642284 -0.86259142561806768 -0.81711131058156317
decision_type=2 2 2 2 2 2
left_child=-1 2 3 4 -2 -3
right_child=1 5 -4 -5 -6 -7
leaf_value=-0.016459773614056317 -0.0042573599468159447 0.0061324152172968598 -0.0062920961809890298 -0.0069078303756000756 0.01971051351433064 -0.018166419016000558
leaf_weight=2.3838076170068261 0.83509028979460964 0.53443690610583905 3.0122041951108249 2.17835006606765 8.0990975092863646 2.4236647869693106
leaf_count=989 195 21 989 403 598 594
internal_value=-0.00163038 0.00258863 0.00752368 0.0118101 0.0169632 -0.0128991
internal_weight=19.4667 17.0828 14.1247 11.1125 8.93419 2.9581
internal_count=3789 2800 2185 1196 793 615
is_linear=0
shrinkage=0.05


Tree=162
num_leaves=7
num_cat=0
split_feature=40 45 61 33 45 27
split_gain=0.505944 0.39558 0.461349 0.739521 0.447197 0.616454
threshold=-0.72899757910169949 -0.065499805186782431 0.64282011107994075 -0.75541105187447155 0.33873849255885841 0.089907483974035599
decision_type=2 2 2 2 2 2
left_child=-1 2 3 -2 -3 -6
right_child=1 4 -4 -5 5 -7
leaf_value=-0.014933278328536071 0.011608885879726654 -0.015449788029765547 0.018600401684282848 -0.013012765718133533 -0.0118677842839678 0.011275998210043698
leaf_weight=1.6362374745949662 3.3115374338813148 1.9704247235204055 3.34675992251141 2.9031066018505967 1.6925540287047622 4.7696820481796749
leaf_count=760 249 477 473 845 540 424
internal_value=1.77164e-05 0.0033169 0.00911574 -0.000384803 -0.00392483 0.00337348
internal_weight=19.6303 17.9941 9.5614 6.21464 8.43266 6.46224
internal_count=3768 3008 1567 1094 1441 964
is_linear=0
shrinkage=0.05


Tree=163
num_leaves=7
num_cat=0
split_feature=15 15 32 37 1 17
split_gain=0.58837 0.659978 0.437039 0.94039 0.460398 0.355663
threshold=0.80329679500201812 -0.80649847674524766 0.5902723098758843 -0.74328007694689868 0.96780326920515369 1.0000000180025095e-35
decision_type=2 2 2 2 2 2
left_child=1 2 3 -1 -4 -5
right_child=-2 -3 4 5 -6 -7
leaf_value=0.0095016553330378849 -0.0084361388528298165 0.023375895200283853 0.015035509915286321 -0.023780947226686579 -0.0065018200627105123 0.0030553500980110317
leaf_weight=2.8750601070933044 6.3968952814757349 1.6034274143166847 4.1477369765052572 2.5064208844269165 1.7217802337254395 0.79558299758355122
leaf_count=452 1806 54 278 854 226 114
internal_value=0.00180402 0.00725829 0.000880029 -0.00692251 0.00865545 -0.0189386
internal_weight=20.0469 13.65 12.0466 6.17706 5.86952 3.302
internal_count=3784 1978 1924 1420 504 968
is_linear=0
shrinkage=0.05


Tree=164
num_leaves=7
num_cat=0
split_feature=12 1 43 37 1 0
split_gain=0.705966 0.852621 0.675729 0.539166 0.485409 0.421453
threshold=0.18454350443998432 0.1706057144910538 -0.074201906296876841 -1.2596652578405247 1.0493332670004942 -0.86259142561806768
decision_type=2 2 2 2 2 2
left_child=1 3 -3 -1 -4 -2
right_child=5 2 4 -5 -6 -7
leaf_value=0.0044145540160871006 -0.0050778535886305343 0.013104706064817751 0.0029082843899922786 -0.023731467340850926 -0.018980782738200128 0.019402163933811813
leaf_weight=1.1388050186797043 1.1201698232907804 4.445302684121998 4.2172458255663496 4.3644803967908983 1.5552775783580726 2.2386667723767451
leaf_count=298 291 528 568 1548 380 161
internal_value=-0.00197843 -0.00664508 0.0024282 -0.0184045 -0.00746341 0.0126941
internal_weight=19.0799 15.7211 10.2178 5.50329 5.77252 3.35884
internal_count=3774 3322 1476 1846 948 452
is_linear=0
shrinkage=0.05


Tree=165
num_leaves=7
num_cat=0
split_feature=6 11 43 44 39 42
split_gain=0.520569 0.720624 0.516759 0.394856 0.399663 0.361064
threshold=-0.48407547592659933 -0.81448414620011222 -0.4108812488582701 1.5338071231764612 -1.2441428277707514 1.1440896966029392
decision_type=2 2 2 2 2 2
left_child=1 -1 -2 4 -4 -3
right_child=2 5 3 -5 -6 -7
leaf_value=-0.010762330875713749 0.0060215734767119656 0.017351586296650585 0.0025811576314096461 0.0045613376944865459 -0.02189314140579797 -0.0046777627303274073
leaf_weight=1.8343088947003705 3.0656479879689869 5.6588743691681902 1.3858271702774798 1.2919094336102714 4.7495808327512332 0.99811114743351925
leaf_count=421 612 495 237 169 1621 158
internal_value=-0.00103374 0.00691955 -0.00757732 -0.0133079 -0.0173328 0.0136215
internal_weight=18.9843 8.49129 10.493 7.42732 6.13541 6.65699
internal_count=3713 1074 2639 2027 1858 653
is_linear=0
shrinkage=0.05


Tree=166
num_leaves=7
num_cat=0
split_feature=12 33 42 11 9 29
split_gain=0.544165 0.647098 0.48955 0.531303 0.59059 0.557527
threshold=-0.23059229956886054 -0.8144822093964631 -0.81073086307411879 0.88335932956964547 0.69973220103793932 -0.64570745009097286
decision_type=2 2 2 2 2 2
left_child=1 -1 -2 4 -4 -6
right_child=2 -3 3 -5 5 -7
leaf_value=0.0059486729834368757 -0.0098934621810233374 -0.022867695694005905 0.018092579580798497 -0.011744611909053144 0.0090499850371659231 -0.014372622129711668
leaf_weight=1.3964587672380728 3.550048964360033 2.872042565635641 5.7311149813467566 0.74408481983118768 2.4423301828210242 1.8768071578815577
leaf_count=136 791 935 925 387 218 420
internal_value=-0.00369102 -0.0148761 0.00163473 0.00675321 0.0105078 -0.00284726
internal_weight=18.6129 4.2685 14.3444 10.7943 10.0503 4.31914
internal_count=3812 1071 2741 1950 1563 638
is_linear=0
shrinkage=0.05


Tree=167
num_leaves=7
num_cat=0
split_feature=33 39 40 42 29 30
split_gain=0.783971 0.516337 0.595441 0.542574 0.391785 0.380774
threshold=-0.0496188434481959 0.34544518132128688 -0.65748381443397308 1.3309298680935899 -1.4029520305535028 -1.0870334892730653
decision_type=2 2 2 2 2 2
left_child=1 2 -1 5 -3 -4
right_child=-2 4 3 -5 -6 -7
leaf_value=-0.0077758907585926615 -0.015792648179540295 0.0070631647753640215 -0.0047282797683241822 -0.0077609410868399453 -0.012860814612220182 0.020631137192009916
leaf_weight=1.8718764363147773 3.3659158160735378 1.5813808015955144 0.58138693639193384 0.72189164120936844 3.5150927385548121 7.6781705409521264
leaf_count=572 1424 212 110 141 709 614
internal_value=-0.000688509 0.00449451 0.00986048 0.0145628 -0.00635219 0.0180619
internal_weight=19.3157 15.9498 10.8533 8.98145 5.09647 8.25956
internal_count=3782 2358 1437 865 921 724
is_linear=0
shrinkage=0.05


Tree=168
num_leaves=7
num_cat=0
split_feature=10 31 9 3 24 27
split_gain=0.734419 0.649993 0.534161 0.449034 0.342541 0.299278
threshold=0.34117371777752648 -0.3346425168482261 0.3525448653799253 0.52126165422490855 1.8141562480906714 0.61840296740079148
decision_type=2 2 2 2 2 2
left_child=1 2 3 -1 5 -3
right_child=-2 4 -4 -5 -6 -7
leaf_value=0.012784741436090178 -0.016654847688645277 0.016438193235035398 -0.020174577374960097 -0.010658242084574337 -0.0074799191206957917 0.00087314499849894137
leaf_weight=2.0079731502919524 2.3951837203931055 7.2380135004059376 1.4636565314140169 0.65419442497659464 0.68948386653210114 4.9281527774292044
leaf_count=395 1199 657 393 333 306 515
internal_value=-0.000322218 0.00413612 -0.00911811 0.00442911 0.00931024 0.0115531
internal_weight=19.3767 16.9815 4.12582 2.66217 12.8557 12.1662
internal_count=3798 2599 1121 728 1478 1172
is_linear=0
shrinkage=0.05


Tree=169
num_leaves=7
num_cat=0
split_feature=42 33 40 43 40 36
split_gain=0.561009 0.70545 0.681009 0.536406 0.52252 0.440028
threshold=1.1508367431439801 -0.063043701763400947 -0.67684099483737203 -1.1411773890386627 1.1604083676829875 1.8027382342106593
decision_type=2 2 2 2 2 2
left_child=1 2 -1 -2 5 -4
right_child=3 -3 4 -5 -6 -7
leaf_value=-0.0090326941360386725 0.0085566441385822051 -0.0096996817775319589 0.01963348927692022 -0.018179224441686091 -0.0086382508266981701 -0.0049146515416125594
leaf_weight=1.6817840269941413 0.68645024375291575 3.2135962803440643 10.527503791294288 2.7174106804013709 0.43899743730435226 0.90075262426398772
leaf_count=630 47 1205 993 721 112 109
internal_value=0.00180264 0.00577632 0.0105399 -0.0113048 0.0145766 0.0170791
internal_weight=20.1665 16.7626 13.549 3.40386 11.8673 11.4283
internal_count=3817 3049 1844 768 1214 1102
is_linear=0
shrinkage=0.05


Tree=170
num_leaves=7
num_cat=0
split_feature=15 16 1 6 44 41
split_gain=0.596421 0.749538 0.686337 0.671573 0.589887 0.398969
threshold=0.80329679500201812 1.4689526365835628 -0.95755898642326998 -0.75340172492563484 1.0546449356756615 -0.26042907004368676
decision_type=2 2 2 2 2 2
left_child=1 2 -1 -3 -5 -2
right_child=5 3 -4 4 -6 -7
leaf_value=-0.0096698757027056954 0.0014842836159411469 0.0069938516673475892 0.020012417459850003 -0.023532959466794599 0.0063684804298956461 -0.019031254243406379
leaf_weight=0.57707174133975137 3.3816755015868694 3.8102363583166152 5.5121713844127962 2.3078162847959907 0.88078463671263296 2.6732003308425183
leaf_count=366 788 360 650 563 52 1013
internal_value=-0.000690999 0.00517123 0.0149363 -0.00525703 -0.0161901 -0.0108777
internal_weight=19.143 13.0881 6.08924 6.99884 3.1886 6.05488
internal_count=3792 1991 1016 975 615 1801
is_linear=0
shrinkage=0.05


Tree=171
num_leaves=7
num_cat=0
split_feature=11 11 12 27 53 9
split_gain=0.445821 0.607296 0.680351 0.483781 0.377334 0.534831
threshold=-0.79839183421487803 -0.31076762044826145 -0.056322945923857136 1.6689881685357555 2.4966414914563964 1.2801347007954942
decision_type=2 2 2 2 2 2
left_child=-1 3 -3 4 5 -2
right_child=1 2 -4 -5 -6 -7
leaf_value=-0.012338742815273494 0.021396907074005062 -0.018594810506695345 0.0058766378067369764 -0.0094854398609679879 -0.0056831574409848228 -0.0027073807463055778
leaf_weight=2.7857847608975161 6.4162510626483709 2.5347235287772527 3.657256615872023 0.6278132230218042 0.84038048575166691 2.2316251029260457
leaf_count=625 841 1035 716 156 125 241
internal_value=-0.000185862 0.00348471 -0.00694027 0.00999368 0.0132516 0.0160814
internal_weight=19.0938 16.3081 6.19198 10.1161 9.48826 8.64788
internal_count=3739 3114 1751 1363 1207 1082
is_linear=0
shrinkage=0.05


Tree=172
num_leaves=7
num_cat=0
split_feature=41 29 34 42 42 41
split_gain=0.466329 0.51594 0.411552 0.410615 0.776597 0.661138
threshold=1.1346586709352124 0.67723695231252867 1.3992088293484075 0.63118343091792328 -1.0722678845912537 -1.0890868408109482
decision_type=2 2 2 2 2 2
left_child=1 3 -2 4 -1 -6
right_child=2 -3 -4 -5 5 -7
leaf_value=-0.0055459020191707962 -0.018292855880312885 -0.011070648303896579 0.0076495819241655036 -0.0029101710884153788 -0.0016945521962087808 0.027464258895980833
leaf_weight=2.8957937417144448 2.2971805652196049 2.1634874825540455 0.25391822808887798 5.4234562481287858 2.2393930653051966 3.9505998123786412
leaf_count=493 753 1016 4 859 436 236
internal_value=-0.000196597 0.00343828 -0.0129721 0.00712786 0.0123548 0.0198057
internal_weight=19.2238 16.6727 2.5511 14.5092 9.08579 6.18999
internal_count=3797 3040 757 2024 1165 672
is_linear=0
shrinkage=0.05


Tree=173
num_leaves=7
num_cat=0
split_feature=41 26 12 41 50 33
split_gain=0.644787 0.605537 0.542275 0.455827 0.32105 0.292879
threshold=0.69006357727847656 -0.40638082292349903 -0.22442768392043247 -1.1925666813783211 2.1484087937713574 -0.8144822093964631
decision_type=2 2 2 2 2 2
left_child=1 -1 -3 -4 -5 -2
right_child=5 2 3 4 -6 -7
leaf_value=-0.011683385159792713 0.0032713311008887311 -0.0069282016229093085 -0.006754231514385485 0.019254823493381316 -0.0052062213708915601 -0.019032447544379869
leaf_weight=2.8714560244989125 0.86607331939740095 2.6457603758317418 0.82605434235301789 6.5606535250262823 0.28733313819975581 4.2692089701013165
leaf_count=920 72 538 260 638 152 1239
internal_value=-0.00432724 0.00206399 0.00765905 0.013222 0.0169552 -0.0154517
internal_weight=18.3265 13.1913 10.3198 7.67404 6.84799 5.13528
internal_count=3819 2508 1588 1050 790 1311
is_linear=0
shrinkage=0.05


Tree=174
num_leaves=7
num_cat=0
split_feature=6 50 41 26 31 33
split_gain=0.617495 0.491143 0.442423 0.481735 0.631028 0.418887
threshold=0.9255895720257995 2.1484087937713574 -1.1235427855594671 0.35003206764044564 -0.94411707972129377 -0.80706826142658405
decision_type=2 2 2 2 2 2
left_child=1 2 -1 4 -4 -5
right_child=-2 -3 3 5 -6 -7
leaf_value=-0.0063690884756402236 -0.015219254183367427 -0.011692553427795651 -0.0093903999139058943 0.0083903164985936595 0.018846738744169835 -0.011528970091260854
leaf_weight=2.4541380227019625 1.3219241948099796 0.9913399537326758 0.47299358961754912 2.4672349113970995 10.216285275877446 2.1684331884607682
leaf_count=547 703 524 190 140 1185 503
internal_value=0.00240655 0.00557405 0.00808593 0.0110645 0.0158132 -0.00179616
internal_weight=20.0923 18.7704 17.7791 15.3249 10.6893 4.63567
internal_count=3792 3089 2565 2018 1375 643
is_linear=0
shrinkage=0.05


Tree=175
num_leaves=7
num_cat=0
split_feature=32 27 12 45 26 8
split_gain=0.436084 0.556329 0.514761 0.399159 0.351112 0.305821
threshold=0.61589464831423169 1.7540461710665773 -0.063278856555778126 1.1430943113171168 -0.83135253260952358 1.05339522674916
decision_type=2 2 2 2 2 2
left_child=2 -2 3 5 -4 -1
right_child=1 -3 4 -5 -6 -7
leaf_value=-0.022749666503367579 0.011523858474276193 -0.012140459577000787 -0.0090930964032707416 0.0045679821476222477 0.009927385792187023 0.0024574141306179373
leaf_weight=3.3791430521232542 7.8632226836343744 0.5912373375322203 0.94992243152228173 1.1070469002006573 4.0966135885973944 0.81825815839692939
leaf_count=1302 796 187 353 220 625 280
internal_value=-3.9378e-05 0.00712273 -0.00617525 -0.0140864 0.00429176 -0.0188596
internal_weight=18.8054 8.45446 10.351 5.30445 5.04654 4.1974
internal_count=3763 983 2780 1802 978 1582
is_linear=0
shrinkage=0.05


Tree=176
num_leaves=7
num_cat=0
split_feature=54 37 33 35 34 9
split_gain=0.634209 0.606558 0.584117 0.617193 0.698383 0.353485
threshold=-0.19936840856861313 -0.83231200468717903 -0.8144822093964631 -0.12637339987847149 0.56909228430308312 -1.0725328269706902
decision_type=2 2 2 2 2 2
left_child=1 -1 -3 -4 -5 -2
right_child=5 2 3 4 -6 -7
leaf_value=0.010164130449957705 -0.0065526563271553935 0.0083659713087770454 -0.025979004330790242 0.0094268913391634072 -0.015599957134557713 0.015509983166166653
leaf_weight=3.0278369914158256 0.48387664958136145 1.6530804818030453 2.5695673446170977 3.6578160497301715 1.8176761031209023 6.6920606245985246
leaf_count=595 163 81 784 473 1069 586
internal_value=0.00308295 -0.00361756 -0.00930509 -0.0142222 -0.00146222 0.0125291
internal_weight=19.9019 12.726 9.69814 8.04506 5.47549 7.17594
internal_count=3751 3002 2407 2326 1542 749
is_linear=0
shrinkage=0.05


Tree=177
num_leaves=7
num_cat=0
split_feature=12 40 33 37 41 41
split_gain=0.610713 0.550958 0.523501 0.441006 0.419583 0.352378
threshold=-0.2055141298386334 -0.67684099483737203 -0.81581129581159828 -1.2596652578405247 -1.0475674973929336 -1.3970062202722169
decision_type=2 2 2 2 2 2
left_child=2 -2 -1 -4 -3 -5
right_child=1 4 3 5 -6 -7
leaf_value=0.0067736533631964514 -0.010743041758241487 -0.0061118666433779192 0.0056142512155812722 0.0034447563003372362 0.01311740501041847 -0.025201315237644469
leaf_weight=1.3853614881518295 1.7153676041343722 1.7439406698977116 0.57107488144538354 0.50484351761406276 9.4927540617354627 3.3417759157600844
leaf_count=132 695 410 96 58 1320 1047
internal_value=-0.000633099 0.00527962 -0.0111318 -0.0172154 0.00947398 -0.0215797
internal_weight=18.7551 12.9521 5.80306 4.41769 11.2367 3.84662
internal_count=3758 2425 1333 1201 1730 1105
is_linear=0
shrinkage=0.05


Tree=178
num_leaves=7
num_cat=0
split_feature=54 44 1 42 27 9
split_gain=0.505415 0.566163 0.468857 0.440352 0.368176 0.335268
threshold=-0.19936840856861313 0.23446501740391076 -0.40428175236232239 0.27053236833988076 1.5042873468650491 0.11031107274359446
decision_type=2 2 2 2 2 2
left_child=1 5 -2 -3 -4 -1
right_child=2 3 4 -5 -6 -7
leaf_value=0.00072698893654870125 -0.007374067792492155 -0.0074670287684649632 0.017977164975177633 0.011943413568664199 -0.0060208632762509297 -0.019909755247323926
leaf_weight=2.5559229181089922 1.3337179890368132 2.4786323604930658 4.9070941891404791 3.8088842157449108 0.45658411423210044 3.3498327301349491
leaf_count=1144 300 508 370 392 76 962
internal_value=0.000338321 -0.0053953 0.00921674 0.00435124 0.0145074 -0.0137422
internal_weight=18.8907 12.1933 6.6974 6.28752 5.36368 5.90576
internal_count=3752 3006 746 900 446 2106
is_linear=0
shrinkage=0.05


Tree=179
num_leaves=7
num_cat=0
split_feature=40 37 39 37 7 0
split_gain=0.570543 0.681589 0.622635 0.49726 0.394961 0.324797
threshold=-0.67684099483737203 0.6812307668975871 0.35407252465421518 -0.74328007694689868 -0.46087883235803279 -0.59462854202784665
decision_type=2 2 2 2 2 2
left_child=-1 2 4 -4 -2 -6
right_child=1 -3 3 -5 5 -7
leaf_value=-0.014059210662811595 -0.0021474447845924389 -0.010650568563601762 0.0084918033570668978 -0.013721952179659462 -0.0034371251742582663 0.021579961037161116
leaf_weight=2.2300911714555722 2.0668283224804354 3.0937694045423987 1.9649406903190536 2.4784700287273145 0.63481327213230798 6.7935631185537169
leaf_count=982 319 770 223 502 224 757
internal_value=0.000742218 0.00449545 0.00914813 -0.00443533 0.0150434 0.0190683
internal_weight=19.2625 17.0324 13.9386 4.44341 9.4952 7.42838
internal_count=3777 2795 2025 725 1300 981
is_linear=0
shrinkage=0.05


Tree=180
num_leaves=7
num_cat=0
split_feature=37 1 61 39 12 37
split_gain=0.392592 0.482579 0.44451 0.384864 0.36263 0.424097
threshold=0.23607112819618523 -0.95755898642326998 0.9634993813217585 0.31093580798957371 0.33660045937605937 2.2125799240304098
decision_type=2 2 2 2 2 2
left_child=1 -1 4 -3 5 -2
right_child=2 3 -4 -5 -6 -7
leaf_value=-0.010082978262783517 -0.021714329936516005 0.015842011824658525 0.0056635423202701131 -0.0014221224257703878 0.0058176461494674897 0.0058883572515737491
leaf_weight=1.1647182471351705 3.4325104272866152 6.448264203441795 3.0898831308877561 4.2073363318340853 0.60507782618515182 0.40895412763347838
leaf_count=608 1001 905 515 684 67 23
internal_value=0.0014893 0.00657456 -0.00608756 0.0102104 -0.0132453 -0.0174823
internal_weight=19.3567 11.8203 7.53643 10.6556 4.44654 3.84146
internal_count=3803 2197 1606 1589 1091 1024
is_linear=0
shrinkage=0.05


Tree=181
num_leaves=7
num_cat=0
split_feature=29 4 33 61 32 34
split_gain=0.35872 0.760369 0.435824 0.397735 0.344811 0.39035
threshold=-0.31361877248317543 -0.11331632059185286 0.31719442042265983 0.64282011107994075 0.5902723098758843 -1.6697747565323995
decision_type=2 2 2 2 2 2
left_child=4 -2 3 -3 5 -1
right_child=1 2 -4 -5 -6 -7
leaf_value=0.0087731344980425084 -0.02161399980661588 -0.0057413883097009611 -0.0098888172713601508 0.015247902783637607 0.01230706517081951 -0.010228055676178535
leaf_weight=1.6964917328441513 2.4970656146469992 1.529924988251876 1.9553072162671012 3.4814287858025637 3.7183404159732163 3.7499146233021765
leaf_count=248 784 417 987 373 192 804
internal_value=-0.00185626 -0.00762176 0.00238977 0.00908962 0.00450873 -0.00329555
internal_weight=18.6285 9.46373 6.96666 5.01135 9.16475 5.44641
internal_count=3805 2561 1777 790 1244 1052
is_linear=0
shrinkage=0.05


Tree=182
num_leaves=7
num_cat=0
split_feature=40 39 37 32 34 43
split_gain=0.519144 0.403058 0.645049 0.414739 0.407372 0.377743
threshold=-0.72899757910169949 0.34544518132128688 0.62246969458900214 1.5713511703540315 -1.4902098694763353 -0.62203127224207921
decision_type=2 2 2 2 2 2
left_child=-1 2 5 -4 -3 -2
right_child=1 4 3 -5 -6 -7
leaf_value=-0.013928646031405962 -0.0052464536840636173 0.0083617695915767978 -0.015061954886833834 0.0066839095949194662 -0.011835547218702057 0.017242039808772116
leaf_weight=1.448335022607355 0.81120806816034274 1.4024385365191845 1.6965981383982573 1.7192725677159613 3.5833793733618213 8.8468226594268327
leaf_count=752 230 120 679 169 744 1125
internal_value=0.00186628 0.0049367 0.00902527 -0.00610934 -0.00514734 0.0145574
internal_weight=19.5081 18.0597 13.0739 3.41587 4.98582 9.65803
internal_count=3819 3067 2203 848 864 1355
is_linear=0
shrinkage=0.05


Tree=183
num_leaves=7
num_cat=0
split_feature=6 14 10 36 4 12
split_gain=0.703052 0.580924 0.325264 0.425512 0.38499 0.663018
threshold=0.39266741975111213 0.25175379934386027 0.34117371777752648 1.7746870288171008 -0.54816257216959496 0.18454350443998432
decision_type=2 2 2 2 2 2
left_child=2 -2 3 4 5 -1
right_child=1 -3 -4 -5 -6 -7
leaf_value=-0.012335924656226335 -0.02180957726584401 0.0052946514216681822 -0.010374551180937566 -0.0080762565197132485 0.015632062896212238 0.012737231071285169
leaf_weight=2.7569375107996157 3.0671991967828935 1.489276754815364 0.66164772215415801 1.7683824226842269 6.8157184692972796 1.8802209423156453
leaf_count=670 1311 446 269 284 629 172
internal_value=-0.00188761 -0.0143657 0.00403276 0.00653911 0.0100038 -0.00115968
internal_weight=18.4394 4.55648 13.8829 13.2213 11.4529 4.63716
internal_count=3781 1757 2024 1755 1471 842
is_linear=0
shrinkage=0.05


Tree=184
num_leaves=7
num_cat=0
split_feature=32 17 14 33 7 44
split_gain=0.546304 0.463029 0.449132 0.479636 0.399465 0.409566
threshold=1.5713511703540315 1.0000000180025095e-35 1.0000000180025095e-35 -0.81369647779639753 -1.1668164969694335 1.2573617843486842
decision_type=2 2 2 2 2 2
left_child=1 2 3 -1 -5 -6
right_child=-2 -3 -4 4 5 -7
leaf_value=0.0040074489609948733 0.00937107308609458 0.0072229067859069188 0.004914951253537316 0.00176035342090822 -0.026175560151004352 0.0010690195130635268
leaf_weight=1.666564461425877 2.785831141867674 1.8067244249978109 1.9009750637924305 1.5398423307633464 6.3150251213519377 1.3508332421770317
leaf_count=164 245 250 591 287 2064 190
internal_value=-0.00488349 -0.00874152 -0.0119439 -0.015317 -0.0189406 -0.0224243
internal_weight=17.3658 14.58 12.7732 10.8723 9.2057 7.66586
internal_count=3791 3546 3296 2705 2541 2254
is_linear=0
shrinkage=0.05


Tree=185
num_leaves=7
num_cat=0
split_feature=27 14 12 60 40 41
split_gain=0.477332 0.442083 0.639494 0.571342 0.727904 0.344441
threshold=-0.94058870755698698 1.0000000180025095e-35 0.15644718593825876 -0.29016374764685149 0.656827191429178 -0.92474556512703188
decision_type=2 2 2 2 2 2
left_child=-1 2 3 4 5 -2
right_child=1 -3 -4 -5 -6 -7
leaf_value=-0.0141160561806923 -0.00062323193416153125 0.016499600087924348 0.014359533829200785 0.0072364219618334478 0.0056928273721185349 -0.024538013600079556
leaf_weight=1.5398808422032768 2.14701265646727 2.1367293312214306 2.449657551420386 3.7480494702467686 2.8322700309217907 3.7149690404185094
leaf_count=803 495 344 213 344 379 1220
internal_value=0.000601679 0.00384761 -0.00042988 -0.00556562 -0.0115251 -0.0189551
internal_weight=18.5686 17.0287 14.892 12.4423 8.69425 5.86198
internal_count=3798 2995 2651 2438 2094 1715
is_linear=0
shrinkage=0.05


Tree=186
num_leaves=7
num_cat=0
split_feature=27 27 41 12 22 16
split_gain=0.786367 0.508911 0.611825 0.343127 0.286984 0.270537
threshold=-0.44951082058517206 0.86124092307341449 0.90533272741291659 -0.2845741225474851 -1.7900328811776716 -0.36831867093583637
decision_type=2 2 2 2 2 2
left_child=5 2 3 -2 -5 -1
right_child=1 -3 -4 4 -6 -7
leaf_value=-0.01976118492284561 -0.0042375038994945068 -0.0056902842567849226 -0.0070819018715909095 -0.0044548323170456464 0.020363499761870206 0.0019002509405532217
leaf_weight=2.2629607871931539 0.80178463688935053 4.763187658856622 1.9676439501636185 0.24159909843001592 7.4113470118318201 1.318109034560621
leaf_count=1215 144 757 474 135 827 228
internal_value=0.000289831 0.00561465 0.0108982 0.0158415 0.0185461 -0.0145564
internal_weight=18.7666 15.1856 10.4224 8.45473 7.65295 3.58107
internal_count=3780 2337 1580 1106 962 1443
is_linear=0
shrinkage=0.05


Tree=187
num_leaves=7
num_cat=0
split_feature=12 4 7 44 33 33
split_gain=0.545171 0.639324 0.568706 0.541049 0.473062 0.449625
threshold=0.15644718593825876 0.77708314692447666 1.192668850515519 0.56534638432331696 -0.45456956015763472 -0.81581129581159828
decision_type=2 2 2 2 2 2
left_child=1 3 -3 5 -2 -1
right_child=4 2 -4 -5 -6 -7
leaf_value=0.0041624580102567815 0.016862613055810851 0.01681638367433359 -0.010184180231645461 0.0031210074122668481 -0.0087548049773114867 -0.020603004532818683
leaf_weight=1.1562158764572803 2.7588484813459222 2.2927316479326687 0.64592123359034292 3.6546036073705173 0.45436563552357156 6.997239571966932
leaf_count=128 254 343 482 381 224 1967
internal_value=-0.00234558 -0.00653812 0.00873496 -0.0113387 0.0107621 -0.0169161
internal_weight=17.9599 14.7467 2.93865 11.8081 3.21321 8.15346
internal_count=3779 3301 825 2476 478 2095
is_linear=0
shrinkage=0.05


Tree=188
num_leaves=7
num_cat=0
split_feature=12 32 33 37 61 27
split_gain=0.404516 0.510686 0.458069 0.600736 0.472932 0.408852
threshold=0.61023881920827894 1.6016451610403166 -0.81711131058156317 -1.2596652578405247 0.93479057941825827 1.7540461710665773
decision_type=2 2 2 2 2 2
left_child=1 2 -1 -4 -5 -3
right_child=-2 5 3 4 -6 -7
leaf_value=0.0090063529970731398 0.013525982875377502 0.016412645599761303 0.0087883372679608152 -0.019123822648842433 0.0014973963868096136 -0.0077966636412389739
leaf_weight=1.4246503095491814 1.6276317843294226 2.3256420587422322 1.4501378175918969 7.7494392764056084 3.1964515180734452 0.48540912615135301
leaf_count=113 175 113 281 2227 697 128
internal_value=0.000258429 -0.00290852 -0.00697549 -0.0102093 -0.0140752 0.0103653
internal_weight=18.2594 16.6317 13.8207 12.396 10.9459 2.81105
internal_count=3734 3559 3318 3205 2924 241
is_linear=0
shrinkage=0.05


Tree=189
num_leaves=7
num_cat=0
split_feature=60 31 7 62 3 27
split_gain=0.826228 0.460482 0.430596 0.34208 0.277651 0.220526
threshold=-0.16386328388448143 -0.040453203575094888 -0.29655753137247359 0.57838156912794569 -0.64719219981441423 0.54660556029558227
decision_type=2 2 2 2 2 2
left_child=1 -1 4 -2 -3 -4
right_child=3 2 5 -5 -6 -7
leaf_value=-0.017358259016631745 0.015059117883488092 0.01459650708558728 0.0025441192011081137 -0.005674718791770391 -0.00521276127144258 -0.014054539426190225
leaf_weight=5.0791922429343694 4.2774596057715817 2.4409354434174024 1.9821858711511602 0.95511929620988656 0.80459210215485644 2.1998739844711963
leaf_count=1915 322 174 538 164 200 465
internal_value=-0.00259956 -0.00909673 -7.86699e-05 0.0105857 0.00954062 -0.00841076
internal_weight=17.7394 12.5068 7.42759 5.23258 3.24553 4.18206
internal_count=3778 3292 1377 486 374 1003
is_linear=0
shrinkage=0.05


Tree=190
num_leaves=7
num_cat=0
split_feature=12 0 0 60 43 35
split_gain=0.43709 0.399053 0.373656 0.456968 0.578776 0.400514
threshold=-0.056322945923857136 -0.79839198475791062 -0.067076614959599171 -0.29016374764685149 -0.055612943492359991 -1.5343405482336119
decision_type=2 2 2 2 2 2
left_child=2 -2 -1 4 -4 -6
right_child=1 -3 3 -5 5 -7
leaf_value=-0.014347481036946837 -0.0060327369938656446 0.014144447493494684 0.00752311043207289 0.012280270730495464 0.0061718840372443707 -0.019655839199022432
leaf_weight=2.8811527944490107 1.5271346602530682 5.2274519760685498 2.707225233752979 2.7273727537249215 0.45195936254458535 2.9496964387944882
leaf_count=1092 414 707 548 193 26 787
internal_value=0.00103906 0.00913024 -0.00453552 0.00148937 -0.00578612 -0.0149401
internal_weight=18.472 6.75459 11.7174 8.83625 6.10888 3.40166
internal_count=3767 1121 2646 1554 1361 813
is_linear=0
shrinkage=0.05


Tree=191
num_leaves=7
num_cat=0
split_feature=12 31 16 16 37 27
split_gain=0.628959 0.534805 0.496449 0.464409 0.418915 0.415345
threshold=-0.063278856555778126 0.23118724595371981 1.4689526365835628 -0.36831867093583637 2.2125799240304098 -0.93148855790733853
decision_type=2 2 2 2 2 2
left_child=1 4 5 -3 -1 -2
right_child=2 3 -4 -5 -6 -7
leaf_value=-0.020072277393487738 -0.0056259988741979615 -0.010501150890041354 -0.0074350639272696825 0.0095560323089785952 0.0063769570404069876 0.018480810140272488
leaf_weight=4.2764756867109117 0.80685060293762934 1.7447695121809372 1.5507667604542801 4.5884134309017099 0.38523056832491409 5.0315427292953236
leaf_count=1630 309 583 302 370 18 614
internal_value=-0.000402241 -0.00727254 0.00896866 0.00243107 -0.0162455 0.0143705
internal_weight=18.384 10.9949 7.38916 6.33318 4.66171 5.83839
internal_count=3826 2601 1225 953 1648 923
is_linear=0
shrinkage=0.05


Tree=192
num_leaves=7
num_cat=0
split_feature=62 0 6 7 0 1
split_gain=0.350727 0.616096 0.372074 0.39479 0.407444 0.367997
threshold=-0.73428619704669917 0.11547309948623884 -1.1338966809583149 -0.84882655795528905 3.4248147118254688 1.0493332670004942
decision_type=2 2 2 2 2 2
left_child=2 -2 -1 -4 -5 -3
right_child=1 5 3 4 -6 -7
leaf_value=0.0046967614391405831 -0.003803268024740339 0.019116542104909626 0.006032330172792341 -0.023553721288166601 0.0048157523500473795 -0.0054241079534325717
leaf_weight=2.4821556548704393 7.5512776879913854 4.066210242715897 0.56674456322798539 2.5967671177932092 0.50091547751799215 0.53760996999335464
leaf_count=315 2015 622 51 642 24 151
internal_value=0.000378505 0.00499923 -0.00740178 -0.0140221 -0.0188539 0.0152414
internal_weight=18.3017 12.1551 6.14658 3.66443 3.09768 4.60382
internal_count=3820 2788 1032 717 666 773
is_linear=0
shrinkage=0.05


Tree=193
num_leaves=7
num_cat=0
split_feature=60 62 6 37 62 31
split_gain=0.491912 0.467232 0.690704 0.453125 0.329806 0.3079
threshold=-0.16386328388448143 0.91741043445999393 -0.4325023644161457 2.2125799240304098 0.57838156912794569 -0.040453203575094888
decision_type=2 2 2 2 2 2
left_child=1 2 5 -4 -2 -1
right_child=4 -3 3 -5 -6 -7
leaf_value=-0.0091554369502993439 0.01486134867850916 0.007941831992802878 -0.023874711829357534 0.0055614894003373919 -0.0054694299241295876 0.0075848289747208076
leaf_weight=1.3379943878098854 4.1364767606137312 2.9510316995147141 3.7853224075224734 0.41462197602959339 0.99849081144202489 4.7591980211436749
leaf_count=434 308 666 1652 28 175 505
internal_value=0.000354439 -0.00471494 -0.00931564 -0.0198623 0.0103489 0.0021035
internal_weight=18.3831 13.2482 10.2971 4.19994 5.13497 6.09719
internal_count=3768 3285 2619 1680 483 939
is_linear=0
shrinkage=0.05


Tree=194
num_leaves=7
num_cat=0
split_feature=37 35 16 37 54 9
split_gain=0.514307 0.553878 0.520629 0.577387 0.415453 0.348767
threshold=0.62246969458900214 0.26277563280650551 -0.36831867093583637 -0.33373320934160905 3.3250746888163234 1.336799759234431
decision_type=2 2 2 2 2 2
left_child=1 2 4 5 -1 -4
right_child=-2 -3 3 -5 -6 -7
leaf_value=-0.016575060656871039 -0.011843849349170656 0.015834326283717223 0.019079276880176601 -0.0073677478979557098 0.0069074091863917837 -0.0050360301697480632
leaf_weight=3.7000395869545191 3.440269013575743 3.8659240881970609 3.2726617426960734 2.7136628270964138 0.72695959958946321 0.59412315313238639
leaf_count=1181 1012 809 296 356 34 95
internal_value=0.000310162 0.00463753 -0.00184395 0.00620857 -0.0114865 0.0147926
internal_weight=18.3136 14.8734 11.0074 6.58045 4.427 3.86678
internal_count=3783 2771 1962 747 1215 391
is_linear=0
shrinkage=0.05


Tree=195
num_leaves=7
num_cat=0
split_feature=54 33 61 12 6 1
split_gain=0.702617 0.621742 0.765957 0.427911 0.328595 0.323233
threshold=-0.19936840856861313 -0.81581129581159828 0.64282011107994075 -0.2055141298386334 -1.2515521393508295 -0.35379055424917155
decision_type=2 2 2 2 2 2
left_child=1 -1 4 -4 -3 -2
right_child=5 2 3 -5 -6 -7
leaf_value=0.0089201433562500817 -0.0056432821305533532 0.00028130585513848772 -0.011687471895467778 0.0093912492912394049 -0.027043085143519732 0.012901435581854276
leaf_weight=1.7438673157594173 1.3249214985116848 1.236396773936576 0.90145839104661707 3.4222674651246052 3.8921287611447042 5.2461704202869432
leaf_count=148 282 267 429 694 1519 474
internal_value=-0.00222375 -0.00902795 -0.0136905 0.00200921 -0.0227831 0.00856545
internal_weight=17.7672 11.1961 9.45225 4.32373 5.12853 6.57109
internal_count=3813 3057 2909 1123 1786 756
is_linear=0
shrinkage=0.05


Tree=196
num_leaves=7
num_cat=0
split_feature=32 37 33 43 61 27
split_gain=0.383902 0.598637 0.544343 0.431047 0.346798 0.287683
threshold=1.5713511703540315 -0.57634521243387293 -0.81581129581159828 0.086193820575692512 0.98302917853502436 1.7540461710665773
decision_type=2 2 2 2 2 2
left_child=1 3 -3 -1 -4 -2
right_child=5 2 4 -5 -6 -7
leaf_value=-0.0049737936774238607 0.016083543521035533 0.0090852821909758602 -0.017999814375127959 0.016423429214646127 0.0010338950519768453 -0.0055307670613368581
leaf_weight=2.2066734153195293 2.4176921495236452 1.2206950876861817 6.248513669241218 2.5618122601590585 2.8083301614096854 0.45522331912070502
leaf_count=704 125 54 1849 289 597 114
internal_value=0.000542697 -0.00314047 -0.0091975 0.00842469 -0.0133091 0.0115829
internal_weight=17.9189 15.046 10.2775 4.76849 9.05684 2.87292
internal_count=3732 3493 2500 993 2446 239
is_linear=0
shrinkage=0.05


Tree=197
num_leaves=7
num_cat=0
split_feature=6 41 42 42 41 42
split_gain=0.427481 0.470909 0.580421 0.564954 0.628757 0.276907
threshold=0.74412098365768342 1.1346726717254394 1.3309298680935899 -1.0722678845912537 -1.1235427855594671 0.99883573447073792
decision_type=2 2 2 2 2 2
left_child=1 2 3 -1 -5 -6
right_child=-2 -3 -4 4 5 -7
leaf_value=-0.0046923502704412576 -0.011703674864721722 -0.010613215510084956 -0.010100905804610042 -0.0031188607320910989 0.026811901534025896 0.0029889654453406993
leaf_weight=2.856402349570998 2.4150661826715796 1.6849336597369973 1.4879597391118284 2.45915960561251 4.5498119983822152 2.4496754218271235
leaf_count=548 1106 470 357 566 329 372
internal_value=0.000754734 0.0042813 0.00766973 0.0113749 0.0161885 0.0218725
internal_weight=17.903 15.4879 13.803 12.315 9.45865 6.99949
internal_count=3748 2642 2172 1815 1267 701
is_linear=0
shrinkage=0.05


Tree=198
num_leaves=7
num_cat=0
split_feature=54 61 61 12 37 29
split_gain=0.484668 0.423209 0.57562 0.438733 0.271093 0.276345
threshold=-0.19936840856861313 -1.454836348002468 0.64282011107994075 -0.2055141298386334 0.20045835710007306 1.0970570009197704
decision_type=2 2 2 2 2 2
left_child=1 -1 -3 -4 -2 -6
right_child=4 2 3 -5 5 -7
leaf_value=0.0053259463318404004 0.014042827834940312 -0.020413949917168762 -0.01170005028986734 0.0097662926521775266 -0.0093270115207895847 0.0089817084493607185
leaf_weight=3.8325903055956596 3.955409290152601 3.6106588099210066 0.91491251494153392 3.202023642603308 1.9970581253001003 0.61611263002851036
leaf_count=433 368 1495 439 672 364 30
internal_value=-1.17696e-05 -0.00575498 -0.0112032 0.00207478 0.00873117 -0.00251707
internal_weight=18.1288 11.5602 7.72759 4.11694 6.56858 2.61317
internal_count=3801 3039 2606 1111 762 394
is_linear=0
shrinkage=0.05


Tree=199
num_leaves=7
num_cat=0
split_feature=37 27 42 0 41 26
split_gain=0.633992 0.641685 0.348473 0.387205 0.303665 0.228296
threshold=0.25387751374424133 -0.94058870755698698 1.0588256208313371 0.90149755801755405 -1.1235427855594671 -1.2616357593399594
decision_type=2 2 2 2 2 2
left_child=1 -1 3 4 -3 -2
right_child=5 2 -4 -5 -6 -7
leaf_value=-0.01347281676393562 0.0048162625693486394 -0.0025598425390370816 -0.0050884089105865454 -0.0046442639540272678 0.019921131758668963 -0.014851296078629218
leaf_weight=1.2190563983313047 0.3065734241681638 1.0568457958870547 1.7370196143019718 1.3008170912216881 5.7690960627514869 5.6920142983872202
leaf_count=680 35 255 380 247 668 1525
internal_value=-0.00247878 0.00450086 0.0093462 0.0129715 0.0167216 -0.0125756
internal_weight=17.0814 11.0828 9.86378 8.12676 6.82594 5.99859
internal_count=3790 2230 1550 1170 923 1560
is_linear=0
shrinkage=0.05


Tree=200
num_leaves=7
num_cat=0
split_feature=32 37 17 9 3 14
split_gain=0.46817 0.727714 0.477318 0.418984 0.376594 0.359151
threshold=1.5713511703540315 -0.54740983591828185 1.0000000180025095e-35 1.4773201452604747 -0.74892089174460763 1.0000000180025095e-35
decision_type=2 2 2 2 2 2
left_child=1 4 3 5 -1 -3
right_child=-2 2 -4 -5 -6 -7
leaf_value=-0.0079598292611919239 0.011768015904104435 -0.021459713150561527 0.0070008015183529067 0.0054911191601357918 0.01320681804450864 0.0023333479298159663
leaf_weight=0.68205717636737961 3.0797369372448875 6.5141862949240004 1.2619458107801627 0.86391654598992307 4.2574857582803824 1.2472990149253744
leaf_count=278 262 1915 139 50 754 408
internal_value=-0.000244938 -0.00430065 -0.0111122 -0.014885 0.0083808 -0.0180515
internal_weight=17.9066 14.8269 9.88735 8.6254 4.93954 7.76149
internal_count=3806 3544 2512 2373 1032 2323
is_linear=0
shrinkage=0.05


Tree=201
num_leaves=7
num_cat=0
split_feature=32 42 42 33 39 33
split_gain=0.515364 0.610389 0.630423 0.423233 0.587194 0.346247
threshold=1.5713511703540315 -1.0003526479396008 -0.0055903297847593181 -0.81369647779639753 -0.5216028236380067 -0.063043701763400947
decision_type=2 2 2 2 2 2
left_child=1 -1 5 -4 -5 -3
right_child=-2 2 3 4 -6 -7
leaf_value=-0.020094250119652102 0.011378582120664373 0.015115300404200688 0.0074026778784623383 0.003404254866221792 -0.021645992994856283 -0.006547979796478913
leaf_weight=2.1669899177213674 2.9604375901981248 4.239941415755311 1.3868878170906098 2.6463964462454896 3.0952738243504427 0.59174209942284495
leaf_count=796 253 514 127 539 1141 368
internal_value=-0.00150998 -0.00573083 0.000379237 -0.00792233 -0.0128942 0.0109702
internal_weight=17.0877 14.1272 11.9602 7.12856 5.74167 4.83168
internal_count=3738 3485 2689 1807 1680 882
is_linear=0
shrinkage=0.05


Tree=202
num_leaves=7
num_cat=0
split_feature=54 34 2 33 61 2
split_gain=0.492941 0.472199 0.623256 0.775265 0.301615 0.335882
threshold=-0.19936840856861313 0.56909228430308312 -0.62182520612105996 -0.81581129581159828 0.67231010487197174 -0.51807822707367357
decision_type=2 2 2 2 2 2
left_child=1 2 3 -1 5 -4
right_child=-2 -3 4 -5 -6 -7
leaf_value=0.0085272746805604357 0.0090012970447644874 -0.019071948094457718 0.0074560521833596932 -0.020913332375533819 0.01603026234329822 -0.012423382623224795
leaf_weight=1.6249048012541605 6.5442823122430118 1.5050325045594934 1.8055957150645552 2.4831208922842043 2.8020129605429247 0.88599551768857354
leaf_count=142 760 1182 279 666 263 459
internal_value=0.000257617 -0.00571297 0.00042287 -0.0105842 0.00948494 -0.00218681
internal_weight=17.6509 11.1067 9.60163 4.10803 5.4936 2.69159
internal_count=3751 2991 1809 808 1001 738
is_linear=0
shrinkage=0.05


Tree=203
num_leaves=7
num_cat=0
split_feature=59 28 16 28 44 43
split_gain=0.378464 0.515505 0.433973 0.355182 0.289378 0.317966
threshold=1.0000000180025095e-35 0.25813784915720278 -0.36831867093583637 0.72552825229669093 0.23446501740391076 0.43178625167721191
decision_type=2 2 2 2 2 2
left_child=-1 2 -2 -3 -4 -6
right_child=1 3 4 -5 5 -7
leaf_value=0.0079784212038704859 -0.018228693568397583 0.015727408682294809 -0.0085134969427092949 -0.0069330015844593605 0.013262639784778155 -0.0068358707428859029
leaf_weight=4.7837645560794053 4.3147497697937052 1.5763035939016856 2.2309710645058658 0.63919874381099351 2.4682063743239273 0.80563761084340502
leaf_count=528 1525 233 542 607 144 110
internal_value=-0.00113625 -0.00562827 -0.0102472 0.00896229 0.000232121 0.007413
internal_weight=16.8188 12.0351 9.81956 2.2155 5.50482 3.27384
internal_count=3689 3161 2321 840 796 254
is_linear=0
shrinkage=0.05


Tree=204
num_leaves=7
num_cat=0
split_feature=15 15 12 8 12 39
split_gain=0.524999 0.522902 0.504227 0.398393 0.488528 0.404954
threshold=0.80329679500201812 -0.80649847674524766 0.18454350443998432 0.18357729678606197 0.33660045937605937 1.8288090256266456
decision_type=2 2 2 2 2 2
left_child=1 3 -2 4 5 -1
right_child=2 -3 -4 -5 -6 -7
leaf_value=-0.019432277567249266 -0.016622217581171796 0.0197391094145829 0.0074116604690697991 0.0069792571732634721 0.007927257788845947 0.0060080654341508714
leaf_weight=3.4053405509330337 4.1284993531153296 1.3236826327629394 1.1277827876911031 5.6173894640232902 1.2872730548260731 0.53850920032709826
leaf_count=922 1626 52 192 805 161 40
internal_value=-0.000569478 0.00502658 -0.0106462 -0.000655772 -0.00841008 -0.0148636
internal_weight=17.4285 12.1722 5.25628 10.8485 5.23112 3.94385
internal_count=3798 1980 1818 1928 1123 962
is_linear=0
shrinkage=0.05


Tree=205
num_leaves=7
num_cat=0
split_feature=1 37 1 45 31 36
split_gain=0.464742 0.550641 0.366388 0.337889 0.305348 0.27929
threshold=0.1706057144910538 -1.0816014023599638 1.6020790147655142 -0.62648848995105155 -0.93282128126946617 -0.74344568923169252
decision_type=2 2 2 2 2 2
left_child=1 4 5 -3 -1 -2
right_child=2 3 -4 -5 -6 -7
leaf_value=-0.0076274004016404981 -0.0064988313476659473 0.0021255155636189802 -0.0087751259824079882 -0.019952390645794946 0.013121043667989149 0.011919451256080234
leaf_weight=0.41873520400258746 0.52871887748187774 1.6218185992183869 1.0549150785082009 3.7002910427545439 1.7749819380114793 8.2414613896835345
leaf_count=248 301 467 264 1327 251 925
internal_value=-0.000580568 -0.00830048 0.00588511 -0.0148836 0.00704249 0.00943567
internal_weight=17.3409 7.51583 9.8251 5.32211 2.19372 8.77018
internal_count=3783 2293 1490 1794 499 1226
is_linear=0
shrinkage=0.05


Tree=206
num_leaves=7
num_cat=0
split_feature=38 12 44 28 1 6
split_gain=0.441609 0.489079 0.67047 0.401652 0.351517 0.249772
threshold=-0.25848535223467256 0.15644718593825876 0.41501117724114739 0.72552825229669093 0.54619645009738493 0.98862337498302066
decision_type=2 2 2 2 2 2
left_child=1 2 -1 4 5 -2
right_child=3 -3 -4 -5 -6 -7
leaf_value=-0.018821082526015227 0.02117486541544171 0.007811740165091609 0.0032891420496283818 -0.0086052070473642221 -0.0048224479015166483 -0.0038517586328719491
leaf_weight=5.8044526143057755 2.8969412991718855 2.426211333659011 4.3533210234018043 0.5623944651451892 0.81192180234938849 0.2207132898911367
leaf_count=1667 403 341 442 555 233 155
internal_value=-0.00177882 -0.00636134 -0.0107559 0.00846554 0.0135764 0.0183831
internal_weight=17.076 12.584 10.1578 4.49197 3.92958 3.11765
internal_count=3796 2450 2109 1346 791 558
is_linear=0
shrinkage=0.05


Tree=207
num_leaves=7
num_cat=0
split_feature=41 11 40 9 33 37
split_gain=0.42544 0.4031 0.41813 0.341873 0.499364 0.477515
threshold=-1.1235427855594671 0.13533068832509812 -0.72899757910169949 0.94967064984146132 -0.8144822093964631 1.2866478755314936
decision_type=2 2 2 2 2 2
left_child=-1 2 -2 5 -5 -4
right_child=1 -3 3 4 -6 -7
leaf_value=-0.011602302423857409 -0.0091604013343517306 -0.0080524702965567973 0.020191655303432594 0.012199531509190857 -0.0087323820604555333 -0.0067120725716697822
leaf_weight=2.3541128726938068 0.81408811071014398 2.560462401888798 5.8799627734697406 2.0822799785528332 3.495037959277397 0.50705212878528971
leaf_count=770 454 916 882 86 522 168
internal_value=0.000928419 0.00443494 0.00799239 0.010762 0.000616076 0.0165933
internal_weight=17.693 15.3389 12.7784 11.9643 5.57732 6.38701
internal_count=3798 3028 2112 1658 608 1050
is_linear=0
shrinkage=0.05


Tree=208
num_leaves=7
num_cat=0
split_feature=12 42 31 31 33 16
split_gain=0.532728 0.500808 0.57674 0.386276 0.375461 0.354723
threshold=-0.065056596974774075 0.34683427464792604 -0.24246709215494028 -0.94411707972129377 -0.81711131058156317 1.4689526365835628
decision_type=2 2 2 2 2 2
left_child=1 2 -1 -2 -3 -5
right_child=3 4 -4 5 -6 -7
leaf_value=-0.013598246484584495 -0.0084782617800510766 0.0049095729921250827 0.0093396932586190997 0.017061761359957846 -0.02045565983680285 -0.0039825773979627463
leaf_weight=1.0956712454644737 0.53050379440537643 0.62510231143096495 5.5331320862314906 5.0394450248859348 3.1327545310487039 1.3754688012995755
leaf_count=561 237 57 920 722 1002 261
internal_value=0.000302968 -0.00624868 0.00249282 0.00903018 -0.0159299 0.0127183
internal_weight=17.3321 10.3867 6.6288 6.94542 3.75786 6.41491
internal_count=3760 2540 1481 1220 1059 983
is_linear=0
shrinkage=0.05


Tree=209
num_leaves=7
num_cat=0
split_feature=1 29 3 30 39 31
split_gain=0.538659 0.660173 0.394701 0.346834 0.322901 0.259352
threshold=0.1706057144910538 -0.60709075609517782 -0.74892089174460763 1.0541233328091082 0.87926205004622515 0.28154115204099633
decision_type=2 2 2 2 2 2
left_child=1 2 -1 4 -2 -4
right_child=3 -3 5 -5 -6 -7
leaf_value=-0.0092207944304965959 0.013621263733992568 -0.017753999999872355 0.016422349118666652 -0.0081829847594105092 -0.006347197146409387 -0.0035422282379536079
leaf_weight=0.90846467627852678 8.8828674566466308 3.1973531050462061 2.3633574763662195 0.58884762506932098 0.618038146960317 1.0446540151315273
leaf_count=354 996 1523 242 306 162 197
internal_value=0.00180613 -0.00687809 0.00515449 0.00836744 0.0111108 0.0115093
internal_weight=17.6036 7.51383 4.31648 10.0898 9.50091 3.40801
internal_count=3780 2316 793 1464 1158 439
is_linear=0
shrinkage=0.05


Tree=210
num_leaves=7
num_cat=0
split_feature=31 41 33 12 27 40
split_gain=0.51328 0.614802 0.30905 0.305307 0.331324 0.310191
threshold=-0.27564226818811327 0.69006357727847656 -0.8144822093964631 -0.29058903373957662 1.7540461710665773 -0.72436468697037804
decision_type=2 2 2 2 2 2
left_child=-1 3 -3 -2 5 -5
right_child=1 2 -4 4 -6 -7
leaf_value=-0.0089997690137595798 -0.0045507255491466945 0.0061274155341993954 -0.013970027896159568 -0.0042773634706816024 -0.0057725663729989475 0.0191387721326256
leaf_weight=5.0245428828639005 1.0597008998593072 0.90469028148800168 2.1994029397465047 0.51958788020419611 0.39069695258513171 7.7427054139698148
leaf_count=1676 194 41 666 215 108 889
internal_value=0.00151482 0.00656201 -0.00797991 0.0119959 0.0146722 0.0169191
internal_weight=17.8413 12.8168 3.10409 9.71269 8.65299 8.26229
internal_count=3789 2113 707 1406 1212 1104
is_linear=0
shrinkage=0.05


Tree=211
num_leaves=7
num_cat=0
split_feature=37 61 39 61 37 45
split_gain=0.436635 0.497535 0.385141 0.462258 0.383047 0.367196
threshold=0.23607112819618523 1.0148627479926464 0.31093580798957371 1.0324395654845853 -0.74328007694689868 0.54910847592640277
decision_type=2 2 2 2 2 2
left_child=2 5 3 -1 -4 -2
right_child=1 -3 4 -5 -6 -7
leaf_value=0.016444463767406419 -0.021717080930586899 0.0059547078557879683 0.0071655617714327415 -0.0072789060253828398 -0.012561110664685311 0.0018598852762013126
leaf_weight=5.7949605086760148 2.2573721816006573 2.6281918566091917 2.0537049826816656 0.80500252655474458 2.1248940733203199 1.7695889005262868
leaf_count=1013 915 390 366 276 528 271
internal_value=0.000831018 -0.00743537 0.00644265 0.0121805 -0.00392301 -0.0149857
internal_weight=17.4337 6.65515 10.7786 6.59996 4.1786 4.02696
internal_count=3759 1576 2183 1289 894 1186
is_linear=0
shrinkage=0.05


Tree=212
num_leaves=7
num_cat=0
split_feature=31 26 11 28 32 12
split_gain=0.539049 0.426754 0.379218 0.369148 0.365976 0.280423
threshold=-0.3346425168482261 0.35003206764044564 -0.32556945144613586 0.55175007071490201 0.72007408786380289 0.20905760916508639
decision_type=2 2 2 2 2 2
left_child=3 2 -2 -1 -3 -4
right_child=1 4 5 -5 -6 -7
leaf_value=-0.017529564538014891 0.014500917661050453 -0.014379342004484923 -0.011677462009739781 0.0057981469348607952 0.004494885790286075 0.0077617464601750221
leaf_weight=3.5038843022484825 5.7949475985660692 2.1182062224543188 1.3709681134350802 0.66886174195678894 3.0311280281748623 0.57080464216414828
leaf_count=1323 755 685 524 206 287 27
internal_value=-0.00174568 0.00363347 0.00970582 -0.0129292 -0.00570442 -0.0047202
internal_weight=17.0588 12.8861 7.73672 4.17275 5.14933 1.94177
internal_count=3807 2278 1306 1529 972 551
is_linear=0
shrinkage=0.05


Tree=213
num_leaves=7
num_cat=0
split_feature=4 33 12 7 12 62
split_gain=0.372647 0.808694 0.655564 0.477786 0.400567 0.379471
threshold=-0.11331632059185286 -0.75541105187447155 0.61023881920827894 1.192668850515519 -0.25632007970783355 -0.23831536201628803
decision_type=2 2 2 2 2 2
left_child=1 4 -3 5 -1 -2
right_child=3 2 -4 -5 -6 -7
leaf_value=-0.0080878033588891087 -0.0039569774114385833 -0.023083376334523488 0.0073619600811606267 -0.010121995909051218 0.012426114479878604 0.016845291641379725
leaf_weight=1.0861872700770616 1.6312069168925516 3.159717043978163 0.84462030994473014 0.62224302478716698 4.4127784591401005 5.6473218617174998
leaf_count=279 364 1119 121 513 385 958
internal_value=0.00175736 -0.00438439 -0.0162589 0.00831838 0.00694952 0.012389
internal_weight=17.4041 9.5033 4.00434 7.90077 5.49897 7.27853
internal_count=3739 1904 1240 1835 664 1322
is_linear=0
shrinkage=0.05


Tree=214
num_leaves=7
num_cat=0
split_feature=10 40 36 29 0 1
split_gain=0.409355 0.38894 0.373444 0.320865 0.301222 0.264379
threshold=0.22103000349964327 -0.67684099483737203 1.8027382342106593 1.1174821546206311 -0.86259142561806768 1.6020790147655142
decision_type=2 2 2 2 2 2
left_child=1 -1 4 -2 -3 -6
right_child=3 2 -4 -5 5 -7
leaf_value=-0.0091981057495988082 -0.016686376152595644 -0.0056720357676826663 -0.0076885501379369949 0.0056069457971513626 0.014891810565510678 -0.0039720309739740799
leaf_weight=1.727034310228192 2.0099850580154448 0.87930524526745912 1.2309442894766114 0.63815404559136357 9.656212457484795 0.9001243100792643
leaf_count=779 1107 284 168 210 1067 163
internal_value=0.000587264 0.00431016 0.00756062 -0.0111894 0.0104588 0.0127603
internal_weight=17.0418 14.3936 12.6666 2.64814 11.4356 10.5563
internal_count=3778 2461 1682 1317 1514 1230
is_linear=0
shrinkage=0.05


Tree=215
num_leaves=7
num_cat=0
split_feature=6 14 56 0 4 62
split_gain=0.374998 0.52706 0.536899 0.440888 0.399977 0.38568
threshold=-0.75340172492563484 1.0000000180025095e-35 1.0000000180025095e-35 0.29858106993955663 -1.1900784673557858 -0.80210907550490218
decision_type=2 2 2 2 2 2
left_child=4 2 3 -2 -1 -5
right_child=1 -3 -4 5 -6 -7
leaf_value=-0.0089061955606178651 -0.021578304718390662 0.0095515139607178119 0.0079762467166478706 -0.011609357299658325 0.012117725914694634 0.0089828418541003738
leaf_weight=0.66567133001808532 4.3372834535548446 2.0457077930623191 1.3389268727332817 0.97802390105789561 5.5542186938982949 2.3092992594174575
leaf_count=347 1612 533 135 239 537 390
internal_value=-0.000148442 -0.00528318 -0.010215 -0.0147597 0.00770188 0.000240213
internal_weight=17.2291 11.0092 8.96353 7.62461 6.21989 3.28732
internal_count=3793 2909 2376 2241 884 629
is_linear=0
shrinkage=0.05


Tree=216
num_leaves=7
num_cat=0
split_feature=62 39 27 37 53 16
split_gain=0.679877 0.563651 0.458544 0.401642 0.29791 0.235543
threshold=0.01937736534129721 0.34544518132128688 0.0093797446214857073 -1.135020559004132 -0.19340581382053751 1.4689526365835628
decision_type=2 2 2 2 2 2
left_child=1 2 -1 -3 -2 -4
right_child=4 3 5 -5 -6 -7
leaf_value=-0.0061300096347193349 -0.0208940034663791 0.0067541527668166625 0.019501476862954406 -0.015925594272920892 0.0007913379174490702 -0.00018706904135053801
leaf_weight=1.7721626321144883 3.5347597555228267 0.95914699338027309 3.5008906377333915 2.5431408149597701 1.8105690072989089 1.9085326676140537
leaf_count=602 1653 177 353 601 227 223
internal_value=-0.00513223 0.00256274 0.00948824 -0.00946392 -0.0159048 0.0149664
internal_weight=16.0292 10.6839 7.18159 3.50229 5.34533 5.40942
internal_count=3836 1956 1178 778 1880 576
is_linear=0
shrinkage=0.05


Tree=217
num_leaves=7
num_cat=0
split_feature=26 31 61 33 39 33
split_gain=0.415638 0.624087 0.344222 0.330966 0.287931 0.260197
threshold=0.35003206764044564 0.042050282721228953 0.45220929027847062 -0.81711131058156317 -0.70601228737934896 0.29619634765674213
decision_type=2 2 2 2 2 2
left_child=1 2 -1 -2 -4 -6
right_child=3 -3 4 -5 5 -7
leaf_value=-0.014994459411250483 0.004029863313184983 0.012278521787398333 -0.0082062979014123748 -0.01894777667003332 0.013639211288834675 -0.0056361841139082177
leaf_weight=3.0114635421487019 0.88413970381952811 3.9122722542815609 1.407931833382462 3.2960496981395417 2.3398114414303577 0.63609923695912574
leaf_count=1090 52 515 454 914 342 407
internal_value=-0.00501659 0.000761703 -0.00711613 -0.0144347 0.00218914 0.00875801
internal_weight=15.4878 11.3076 7.39531 4.18019 4.38384 2.97591
internal_count=3774 2808 2293 966 1203 749
is_linear=0
shrinkage=0.05


Tree=218
num_leaves=7
num_cat=0
split_feature=32 27 0 43 39 35
split_gain=0.372841 0.519811 0.38214 0.352096 0.342035 0.300062
threshold=1.5713511703540315 0.92054378508636325 -0.86259142561806768 -0.62203127224207921 0.31093580798957371 0.91372505775412682
decision_type=2 2 2 2 2 2
left_child=1 2 -1 -4 -5 -2
right_child=5 -3 3 4 -6 -7
leaf_value=-0.011769893979825627 0.015747699530721162 -0.017529947820653726 -0.0095963686748309976 0.013161131549639986 -0.003052702860221441 -0.0060013141184120135
leaf_weight=1.3069529535860045 2.4680854810867454 1.7714707864215586 0.79287619021488254 6.947052972143867 3.4144344999513123 0.42504403908969823
leaf_count=613 130 497 379 1349 710 125
internal_value=0.000305788 -0.00344696 0.00156797 0.00529415 0.00833239 0.011124
internal_weight=17.1259 14.2328 12.4613 11.1544 10.3615 2.89313
internal_count=3803 3548 3051 2438 2059 255
is_linear=0
shrinkage=0.05


Tree=219
num_leaves=7
num_cat=0
split_feature=27 27 44 32 10 45
split_gain=0.409124 0.510356 0.338582 0.296571 0.277768 0.249289
threshold=-0.44951082058517206 0.61840296740079148 0.46675668900181083 1.2483375086101134 0.34117371777752648 0.36348790236680473
decision_type=2 2 2 2 2 2
left_child=2 4 -1 -3 -2 -5
right_child=1 3 -4 5 -6 -7
leaf_value=-0.016296966428487901 0.014258560916524748 -0.012549974062248066 0.0052497662856361652 -0.006210643051706391 -0.0045921828507666709 0.010519412595322054
leaf_weight=2.2764134319731997 6.9497624132927722 2.5728933359932853 1.0322136593749744 1.42432675533928 0.92178583655913815 1.9430923981417434
leaf_count=1237 874 602 183 300 495 116
internal_value=0.000676884 0.00466579 -0.010275 -0.00508026 0.011393 0.00385093
internal_weight=17.1205 13.8119 3.30863 5.94031 7.87155 3.36742
internal_count=3807 2387 1420 1018 1369 416
is_linear=0
shrinkage=0.05


Tree=220
num_leaves=7
num_cat=0
split_feature=1 1 12 37 36 45
split_gain=0.416801 0.546278 0.506009 0.363135 0.278144 0.215848
threshold=0.34068132918798305 0.96780326920515369 0.61023881920827894 -1.2596652578405247 1.7746870288171008 0.42536142688667072
decision_type=2 2 2 2 2 2
left_child=2 4 3 -1 -2 -3
right_child=1 5 -4 -5 -6 -7
leaf_value=0.0041273148193782866 0.015372506996877059 -0.013420089591716665 0.0084006352883896681 -0.017473581804256968 -0.005611973432846651 0.0035345161113037125
leaf_weight=1.2481352276518007 5.0550166766915918 1.6351622578949903 1.3497780945035627 5.5262473015027371 0.34603991685435165 1.4838405006448736
leaf_count=353 589 477 182 1992 72 152
internal_value=-0.0018437 0.00509475 -0.00853186 -0.0134485 0.0125041 -0.00757576
internal_weight=16.6442 8.52006 8.12416 6.77438 5.40106 3.119
internal_count=3817 1290 2527 2345 661 629
is_linear=0
shrinkage=0.05


Tree=221
num_leaves=7
num_cat=0
split_feature=37 1 41 27 0 1
split_gain=0.379796 0.531186 0.472101 0.290784 0.273053 0.257621
threshold=-0.74328007694689868 0.1706057144910538 0.69006357727847656 1.6689881685357555 3.2015123088336179 -1.0340930130368882
decision_type=2 2 2 2 2 2
left_child=5 -2 3 -3 -4 -1
right_child=1 2 4 -5 -6 -7
leaf_value=-0.0062726910620087561 -0.01652007584881909 0.011363295873560832 -0.015688544938723889 -0.0071640539949338715 0.0055412879657699143 0.01254112976705446
leaf_weight=0.48969842691440169 3.9008534219174171 5.8603283032425662 1.8226565136574211 0.56052548135630775 0.43511635973118234 3.0954317753494278
leaf_count=324 1526 804 484 160 11 469
internal_value=-0.00213412 -0.00612687 0.00158831 0.00797961 -0.0107699 0.00828439
internal_weight=16.1646 12.5795 8.67863 6.42085 2.25777 3.58513
internal_count=3778 2985 1459 964 495 793
is_linear=0
shrinkage=0.05


Tree=222
num_leaves=7
num_cat=0
split_feature=41 42 41 42 1 42
split_gain=0.375172 0.60217 0.721019 0.824089 0.308913 0.236645
threshold=1.1457052944242745 1.1440896966029392 -1.1235427855594671 -0.96456207167022656 0.43280916372412587 0.99883573447073792
decision_type=2 2 2 2 2 2
left_child=1 2 -1 4 -4 -5
right_child=-2 -3 3 5 -6 -7
leaf_value=-0.010126978617416231 -0.013814810894060354 -0.012015196388778194 -0.011386317496636655 0.025774689964932613 0.0062653335425683397 -0.00022622066132153542
leaf_weight=2.2566689864033824 2.0719498918042509 2.8702029903652138 1.867017913958988 3.861589368927528 2.3236616103386041 0.94360255253559433
leaf_count=766 735 780 685 292 292 216
internal_value=-0.00208045 0.00175991 0.00706303 0.0128294 -0.00306826 0.0225444
internal_weight=16.1947 14.1227 11.2525 8.99587 4.19068 4.80519
internal_count=3766 3031 2251 1485 977 508
is_linear=0
shrinkage=0.05


Tree=223
num_leaves=7
num_cat=0
split_feature=37 32 59 38 35 35
split_gain=0.53738 0.74249 0.397919 0.504393 0.3436 0.279695
threshold=-0.74328007694689868 1.5713511703540315 1.0000000180025095e-35 -0.19204101954977346 0.93409214253424933 -1.6519550267841636
decision_type=2 2 2 2 2 2
left_child=5 2 -2 -4 -3 -1
right_child=1 4 3 -5 -6 -7
leaf_value=-0.0064018673298227181 0.0019571476818260355 0.014926882212386333 -0.022240492944994139 0.0037096487554694451 -0.0074642879706425108 0.014035766989695539
leaf_weight=0.3191973718494413 2.9123561934684412 2.4817081076325844 5.3698177455662517 1.4280461855669244 0.3654624723130836 3.5642762418719967
leaf_count=212 405 136 1671 681 124 594
internal_value=-0.00157202 -0.00652082 -0.0124428 -0.0173224 0.00969769 0.0102979
internal_weight=16.4409 12.5574 9.71022 6.79786 2.84717 3.88347
internal_count=3823 3017 2757 2352 260 806
is_linear=0
shrinkage=0.05


Tree=224
num_leaves=7
num_cat=0
split_feature=27 40 47 10 16 6
split_gain=0.495079 0.471708 0.426127 0.390304 0.424606 0.284994
threshold=-0.44951082058517206 -0.66661287316266116 0.96527274207848213 0.63042480235020204 1.4689526365835628 -1.1338966809583149
decision_type=2 2 2 2 2 2
left_child=-1 -2 3 4 -3 -4
right_child=1 2 5 -5 -6 -7
leaf_value=-0.013478477680805651 -0.012685327793977373 0.020148293811328918 0.0066752953624318869 -0.0066595547700255137 -0.0026795086372802097 -0.010775798401843095
leaf_weight=3.078694573458054 0.99150988287874575 5.5702571646834205 1.4186565401032565 0.70797553860757023 1.8331058136536738 2.6226254170615002
leaf_count=1420 523 455 89 315 203 750
internal_value=-0.00148913 0.00330189 0.00685953 0.0121527 0.0153533 -0.00441574
internal_weight=16.2228 13.1441 12.1526 8.11134 7.40336 4.04128
internal_count=3755 2335 1812 973 658 839
is_linear=0
shrinkage=0.05


Tree=225
num_leaves=7
num_cat=0
split_feature=39 1 39 28 0 34
split_gain=0.35466 0.422897 0.338708 0.372695 0.43608 0.305624
threshold=0.34544518132128688 1.6020790147655142 -1.2905147981852407 0.89363762930494561 -0.59462854202784665 -1.4902098694763353
decision_type=2 2 2 2 2 2
left_child=1 2 -1 4 -4 -2
right_child=5 -3 3 -5 -6 -7
leaf_value=-0.0064234282847001438 0.005466611116044795 -0.01122826937962474 -0.0038251114758979716 -0.0075968962208714744 0.017441878559630697 -0.013380392846727479
leaf_weight=1.3262695590965456 1.2957918489992151 0.6567762602062438 1.8623451554740285 0.48566304588166609 8.4298296265478694 3.1189801911677923
leaf_count=358 222 226 614 517 1039 824
internal_value=0.00134017 0.00542036 0.00837448 0.0111976 0.0135989 -0.00787495
internal_weight=17.1757 12.7609 12.1041 10.7778 10.2922 4.41477
internal_count=3800 2754 2528 2170 1653 1046
is_linear=0
shrinkage=0.05


Tree=226
num_leaves=7
num_cat=0
split_feature=15 15 32 12 37 17
split_gain=0.339792 0.447312 0.51394 0.389636 0.374287 0.36189
threshold=0.80329679500201812 -0.80649847674524766 0.61589464831423169 0.18454350443998432 -0.74328007694689868 1.0000000180025095e-35
decision_type=2 2 2 2 2 2
left_child=1 2 4 -2 -1 -6
right_child=3 -3 -4 -5 5 -7
leaf_value=0.003937257524190595 -0.012382829547385767 0.019526653145758396 0.0089971200505203786 0.0080224561473900766 -0.021397352053436864 0.0042540526538244949
leaf_weight=2.3677520183846354 4.1622023986128616 1.2709175908239565 5.2282481762813404 1.0490369777835438 2.0440696257574023 0.71937488103867497
leaf_count=476 1617 52 482 192 846 112
internal_value=0.00152453 0.00590923 0.00022886 -0.0068449 -0.00872849 -0.0159813
internal_weight=16.8416 11.6304 10.3594 5.21124 5.1312 2.76344
internal_count=3777 1968 1916 1809 1434 958
is_linear=0
shrinkage=0.05


Tree=227
num_leaves=7
num_cat=0
split_feature=12 44 16 31 14 6
split_gain=0.353005 0.379713 0.370133 0.279594 0.36087 0.277282
threshold=-0.063278856555778126 1.2035201726557567 1.4689526365835628 3.0272036170896155 1.0000000180025095e-35 1.1261516723442304
decision_type=2 2 2 2 2 2
left_child=1 3 5 4 -1 -2
right_child=2 -3 -4 -5 -6 -7
leaf_value=-0.015553845250082575 0.016066757138394516 0.0082167461658000287 -0.0065529940872641815 0.0055769451618570181 0.0053503690225293003 -0.0054349747450258244
leaf_weight=6.099060035208824 4.8107019086019127 2.0486586642800821 1.2401884240243815 1.0625340442638842 1.0514579527371095 0.3166246574546675
leaf_count=1909 732 231 277 58 360 193
internal_value=0.00122126 -0.0042007 0.00850609 -0.00866776 -0.0118071 0.0132229
internal_weight=16.6292 10.2617 6.36751 8.21305 7.15052 5.12733
internal_count=3760 2558 1202 2327 2269 925
is_linear=0
shrinkage=0.05


Tree=228
num_leaves=7
num_cat=0
split_feature=38 31 33 36 42 12
split_gain=0.303529 0.517247 0.395295 0.381385 0.284474 0.247873
threshold=-0.25848535223467256 -0.27564226818811327 0.44219910239746879 0.50190866357880426 -0.85568696435403502 0.33660045937605937
decision_type=2 2 2 2 2 2
left_child=1 5 4 -3 -2 -1
right_child=2 3 -4 -5 -6 -7
leaf_value=-0.018863706946524658 -0.0040084158963734195 -0.0082751680129680809 -0.0066170282057802093 0.0087463421541930687 0.019285927890046947 0.0026830582328550606
leaf_weight=2.0760525038058417 0.54086957675463088 2.1284698062372627 0.9733083853352581 7.1774619023344712 2.88636442432471 0.90899443050147954
leaf_count=880 187 554 716 795 439 187
internal_value=0.00174444 -0.00253015 0.00986944 0.00378489 0.0154547 -0.0142464
internal_weight=16.6915 12.291 4.40054 9.30593 3.42723 2.98505
internal_count=3758 2416 1342 1349 626 1067
is_linear=0
shrinkage=0.05


Tree=229
num_leaves=7
num_cat=0
split_feature=2 33 0 17 46 42
split_gain=0.499773 0.559991 0.284715 0.313289 0.233286 0.267302
threshold=-0.62182520612105996 -0.12243364666635802 2.6432563013539911 1.0000000180025095e-35 2.472180138926555 1.3022639986668001
decision_type=2 2 2 2 2 2
left_child=2 4 3 -1 5 -2
right_child=1 -3 -4 -5 -6 -7
leaf_value=-0.01947754214319786 0.016987779693341188 -0.0079743685450250606 0.0043915132600807786 0.0029859126005066907 -0.0031261989655847625 -0.0044398610842826354
leaf_weight=3.0828068772825654 5.6167905183974645 3.2370163676387156 1.1247024436015634 1.1326381265389498 1.2218918189173562 0.4727843636937904
leaf_count=782 908 1453 77 204 147 170
internal_value=-0.00105873 0.00502098 -0.0105543 -0.0147099 0.0114206 0.0144079
internal_weight=15.8886 10.5485 5.34015 4.21545 7.31147 6.08957
internal_count=3741 2678 1063 986 1225 1078
is_linear=0
shrinkage=0.05


Tree=230
num_leaves=7
num_cat=0
split_feature=12 16 29 11 6 27
split_gain=0.53024 0.337103 0.320905 0.253596 0.240584 0.32403
threshold=-0.2055141298386334 1.4689526365835628 0.71513392643308071 -0.45087698479018701 -0.75340172492563484 1.4782680510598132
decision_type=2 2 2 2 2 2
left_child=3 2 -2 -1 -3 -6
right_child=1 4 -4 -5 5 -7
leaf_value=-0.014526293372168084 0.014940048455807167 0.0057327550726047434 -0.0038197964938426082 0.0026993716064035401 -0.017856388216996259 0.0049755020409987215
leaf_weight=3.1125996005866909 6.5196889741928299 1.500462989730295 1.6341401339886941 2.0460879768943441 1.0137509469059285 0.85807190937339317
leaf_count=898 1007 149 807 465 388 80
internal_value=0.00115194 0.006736 0.0111642 -0.00921375 -0.00418613 -0.0107712
internal_weight=16.6848 11.5261 8.15383 5.15869 3.37229 1.87182
internal_count=3794 2431 1814 1363 617 468
is_linear=0
shrinkage=0.05


Tree=231
num_leaves=7
num_cat=0
split_feature=32 12 8 33 39 33
split_gain=0.442718 0.379812 0.42404 0.551373 0.345768 0.337734
threshold=1.5713511703540315 0.33660045937605937 0.22884663143098152 -0.73524408215017745 0.31093580798957371 0.89799127558173686
decision_type=2 2 2 2 2 2
left_child=1 2 3 -1 5 -4
right_child=-2 -3 4 -5 -6 -7
leaf_value=0.00071528750706033848 0.01095674403995555 0.0082634776489406009 0.012848848277927583 -0.023803510598203206 -0.0096830419935556647 -0.0078382112544713358
leaf_weight=3.4090006523329062 2.887202773068565 1.9033338392036956 3.6686811944528017 3.078733760310572 1.462220932007767 0.50662906617799297
leaf_count=581 256 308 531 1258 368 570
internal_value=-0.00100907 -0.00496817 -0.00827223 -0.0147676 0.0017356 0.00811103
internal_weight=16.9158 14.0286 12.1253 6.48773 5.63753 4.17531
internal_count=3872 3616 3308 1839 1469 1101
is_linear=0
shrinkage=0.05


Tree=232
num_leaves=7
num_cat=0
split_feature=1 4 37 6 33 45
split_gain=0.428324 0.54721 0.60148 0.518253 0.328643 0.310588
threshold=0.96780326920515369 -0.54816257216959496 -0.814505619139123 0.9255895720257995 0.31719442042265983 -0.51511614581529275
decision_type=2 2 2 2 2 2
left_child=1 2 -1 4 5 -3
right_child=-2 3 -4 -5 -6 -7
leaf_value=0.0063259033132616535 -0.014422018098173232 -0.0028719118983959791 -0.018524936456840595 -0.010297628034545009 -0.0052978609835804651 0.018964487643320455
leaf_weight=2.324032013566466 2.4936546339158676 1.120936533116035 2.477319210782297 0.74450159785919812 0.76091813076345705 5.8754725091857836
leaf_count=495 618 341 702 566 514 564
internal_value=-0.00260777 0.00185313 -0.00868922 0.00852034 0.0126945 0.015654
internal_weight=15.7968 13.3032 4.80135 8.50183 7.75733 6.99641
internal_count=3800 3182 1197 1985 1419 905
is_linear=0
shrinkage=0.05


Tree=233
num_leaves=7
num_cat=0
split_feature=37 44 1 43 37 44
split_gain=0.378554 0.316247 0.301663 0.272122 0.259089 0.240818
threshold=0.62246969458900214 -0.042222259326495697 0.14846399540269736 0.68129577815831344 0.20045835710007306 -0.21802455916777777
decision_type=2 2 2 2 2 2
left_child=1 2 -1 -3 -4 -2
right_child=5 3 4 -5 -6 -7
leaf_value=-0.012072896544056086 0.0029016854594266497 0.012000873022775268 0.010786803413893431 -0.0045626640421554164 -0.0077414796502248339 -0.01642408023657374
leaf_weight=2.4836052740865862 1.2459597290144304 6.6126914121123264 2.0238404107221872 1.5668865352636201 0.41583512070064887 1.9131335706624657
leaf_count=1138 343 1001 253 252 138 690
internal_value=-0.000638833 0.00348187 -0.00485347 0.00845502 0.00510096 -0.0111012
internal_weight=16.262 13.1029 4.92328 8.17958 2.43968 3.15909
internal_count=3815 2782 1529 1253 391 1033
is_linear=0
shrinkage=0.05


Tree=234
num_leaves=7
num_cat=0
split_feature=39 27 39 28 16 44
split_gain=0.283125 0.402904 0.441715 0.426435 0.303509 0.294061
threshold=1.0000000180025095e-35 1.6248742355461676 -1.3757098135979078 0.89363762930494561 -0.36831867093583637 -0.052645507303098034
decision_type=2 2 2 2 2 2
left_child=1 2 -1 -4 -2 -6
right_child=4 -3 3 -5 5 -7
leaf_value=-0.0078073461869529156 -0.012137662488027928 -0.0091744469097588856 0.016996068957042042 -0.0072072535578515022 -0.0083864400992747501 0.009180559500557739
leaf_weight=0.79794581281021315 2.2542007857700801 0.68519992433721277 8.3605394903133821 0.45256597019033584 0.9307722333469427 3.7263067793974187
leaf_count=245 894 199 1366 498 254 315
internal_value=0.00345177 0.00787737 0.0109863 0.0142385 -0.00353008 0.00375941
internal_weight=17.2075 10.2963 9.61105 8.81311 6.91128 4.65708
internal_count=3771 2308 2109 1864 1463 569
is_linear=0
shrinkage=0.05


Tree=235
num_leaves=7
num_cat=0
split_feature=54 37 62 1 1 42
split_gain=0.312038 0.432109 0.390902 0.360445 0.29479 0.202666
threshold=-0.19936840856861313 -1.1706333301002443 -1.8413471538726445 -0.039150667059852616 1.1308632647958348 1.4700613757219188
decision_type=2 2 2 2 2 2
left_child=1 -1 -3 -2 -5 -4
right_child=3 2 5 4 -6 -7
leaf_value=0.0089308451028278103 -0.0065714705159905604 0.0058447869729121096 -0.015950433907232341 0.016505828335103685 -0.0045964841896902735 0.003142402926154933
leaf_weight=1.5780205100309093 1.5961424654378786 1.4842229775385911 6.4942039820743958 3.4097797383728912 0.77407105563906942 0.60271295624261245
leaf_count=386 361 95 2440 249 129 129
internal_value=-0.00078001 -0.00554903 -0.00983549 0.00663416 0.0123125 -0.0138771
internal_weight=15.9392 10.1592 8.58114 5.77999 4.18385 7.09692
internal_count=3789 3050 2664 739 378 2569
is_linear=0
shrinkage=0.05


Tree=236
num_leaves=7
num_cat=0
split_feature=45 40 61 7 30 42
split_gain=0.287096 0.415598 0.23025 0.260972 0.259802 0.20474
threshold=-0.065499805186782431 -0.67684099483737203 -1.5544383137901214 0.27049802737449963 0.56463876388052336 1.1508367431439801
decision_type=2 2 2 2 2 2
left_child=1 -1 -2 -4 -5 -3
right_child=2 5 3 4 -6 -7
leaf_value=-0.0079100236158605019 0.0058346881115193218 0.01308232688157058 -0.015510830907257812 0.0089943838786827168 -0.0079078623002606027 -0.0032674894607986936
leaf_weight=1.8352185492985889 1.2938544714124871 6.540716895033257 2.7205999975121804 1.7568773428502029 1.3987941849190972 1.1098483398091046
leaf_count=944 115 1061 565 184 660 300
internal_value=0.000888352 0.0058578 -0.00547465 -0.00909516 0.00129963 0.0104582
internal_weight=16.6559 9.48578 7.17013 5.87627 3.15567 7.65057
internal_count=3829 2305 1524 1409 844 1361
is_linear=0
shrinkage=0.05


Tree=237
num_leaves=7
num_cat=0
split_feature=41 41 42 42 43 6
split_gain=0.510273 0.326703 0.389774 0.708217 0.303558 0.283083
threshold=1.1346726717254394 -1.1235427855594671 1.1508367431439801 -1.0722678845912537 -1.059051678656159 0.74412098365768342
decision_type=2 2 2 2 2 2
left_child=1 -1 3 -3 -4 -5
right_child=-2 2 4 5 -6 -7
leaf_value=-0.0066119828238203381 -0.013025600291930721 -0.003837158038774241 0.0085468518720588898 0.022655038250434325 -0.010147915255648798 -0.0037574764056136386
leaf_weight=2.4001041461888244 1.9687226736714354 3.3408734980330328 0.77550112549215588 5.31057275639614 2.625845961170854 0.27971252570569038
leaf_count=763 745 826 52 501 737 175
internal_value=0.00133869 0.00513712 0.00827001 0.0127081 -0.00387761 0.0204828
internal_weight=16.7013 14.7326 12.3325 8.93116 3.40135 5.59029
internal_count=3799 3054 2291 1502 789 676
is_linear=0
shrinkage=0.05


Tree=238
num_leaves=7
num_cat=0
split_feature=12 14 44 9 17 34
split_gain=0.4663 0.445691 0.412665 0.460271 0.386795 0.223036
threshold=0.33660045937605937 1.0000000180025095e-35 1.300222335202438 1.4432464526761126 1.0000000180025095e-35 -1.5246709997394243
decision_type=2 2 2 2 2 2
left_child=1 2 3 4 5 -1
right_child=-2 -3 -4 -5 -6 -7
leaf_value=0.00087090128090631675 0.01165146903024524 0.0088052050723496592 0.0058923202681057715 0.0046251929108844696 0.0035314787249402044 -0.022481958881988215
leaf_weight=0.90439751549274205 2.0277701614832049 1.8209491034649552 1.8728012573847088 1.7913596990983922 1.1119089941348645 6.2662058501155107
leaf_count=195 314 509 211 141 197 2215
internal_value=-0.00204825 -0.00578964 -0.00933505 -0.0128684 -0.0168758 -0.0201485
internal_weight=15.7954 13.7676 11.9467 10.0739 8.28251 7.1706
internal_count=3782 3468 2959 2748 2607 2410
is_linear=0
shrinkage=0.05


Tree=239
num_leaves=7
num_cat=0
split_feature=6 2 39 33 6 4
split_gain=0.35643 0.395142 0.316553 0.430499 0.265808 0.540844
threshold=0.89693784340888094 -0.62182520612105996 0.3907387338191603 -0.7894786440020839 -0.19182784403402889 -0.11331632059185286
decision_type=2 2 2 2 2 2
left_child=1 2 3 -1 -3 -6
right_child=-2 4 -4 -5 5 -7
leaf_value=0.010707148358272751 -0.013086310225503132 0.015021756972925366 -0.014987074914372532 -0.010032542034093235 -0.014341780663838245 0.0082730324972807908
leaf_weight=2.8909126422222466 1.3130448555311875 3.7616852520732209 1.5612126622727371 1.4453379816986864 1.144305809997604 4.302329073252622
leaf_count=241 809 476 432 375 455 1006
internal_value=-0.000194459 0.00290878 -0.00560636 0.00251857 0.00839985 0.000115511
internal_weight=16.4188 15.1058 5.89746 4.33625 9.20832 5.44663
internal_count=3794 2985 1048 616 1937 1461
is_linear=0
shrinkage=0.05


Tree=240
num_leaves=7
num_cat=0
split_feature=29 56 49 4 9 32
split_gain=0.633985 0.465478 0.345421 0.328953 0.275899 0.400651
threshold=-0.22340560881047963 1.0000000180025095e-35 0.67957504270496283 -1.2539232152213609 1.299321683692473 0.72007408786380289
decision_type=2 2 2 2 2 2
left_child=3 2 -2 -1 -5 -6
right_child=1 -3 -4 4 5 -7
leaf_value=-0.0083781264207239206 -0.021161226560764079 0.0078177339848785662 -0.00027301280735176638 0.015484324164447128 -0.012432914510143047 0.0086297130942606069
leaf_weight=0.42863138079701357 2.6991723230166818 1.249893629690632 3.1539630964107346 5.6399084388831415 1.0339442851254719 2.1479728081030771
leaf_count=303 1499 138 826 674 224 114
internal_value=0.000530779 -0.00881489 -0.0138122 0.00810823 0.0108321 -0.000926599
internal_weight=16.3535 7.10303 5.85314 9.25046 8.82183 3.18192
internal_count=3778 2463 2325 1315 1012 338
is_linear=0
shrinkage=0.05


Tree=241
num_leaves=7
num_cat=0
split_feature=62 0 12 38 33 0
split_gain=0.345846 0.438587 0.333409 0.315694 0.383544 0.294044
threshold=-0.82092500647691247 0.11547309948623884 -0.02571640448463201 -0.25848535223467256 -0.75849630990041705 3.2015123088336179
decision_type=2 2 2 2 2 2
left_child=2 3 5 4 -2 -1
right_child=1 -3 -4 -5 -6 -7
leaf_value=-0.018359025076295804 0.0057040247737061549 0.013301214748147567 0.0054893243851881681 0.0066680171077044964 -0.01566813734325322 0.0042591374971264464
leaf_weight=2.7022351220075511 1.3395883492194105 4.3979744494281476 1.3674769599165308 2.5439766675845013 2.9543225171801168 0.64364559203386296
leaf_count=718 195 800 151 838 987 39
internal_value=8.62918e-05 0.00469444 -0.00845212 -0.0032093 -0.00939688 -0.0140514
internal_weight=15.9492 11.2359 4.71336 6.83789 4.29391 3.34588
internal_count=3728 2820 908 2020 1182 757
is_linear=0
shrinkage=0.05


Tree=242
num_leaves=7
num_cat=0
split_feature=62 14 9 62 12 12
split_gain=0.423994 0.293104 0.279238 0.296669 0.352339 0.371256
threshold=0.57838156912794569 1.0000000180025095e-35 -1.0417589968145244 -0.82092500647691247 -0.02571640448463201 -0.2845741225474851
decision_type=2 2 2 2 2 2
left_child=2 -2 -1 4 5 -4
right_child=1 -3 3 -5 -6 -7
leaf_value=-0.0086447180110113941 -0.015326053203525826 0.0050776184429470175 0.0053912930361248975 0.01256465646429146 0.0096936162782886165 -0.01565350600125311
leaf_weight=0.68420122665702621 2.5284984246827658 0.85428713986766514 1.5676230714889241 6.8477957283612323 1.5771900740801355 2.1523968173278267
leaf_count=628 920 223 167 1221 130 505
internal_value=0.000784285 -0.0102086 0.0050683 0.0074002 -0.00140507 -0.00833743
internal_weight=16.212 3.38279 12.8292 12.145 5.29721 3.72002
internal_count=3794 1143 2651 2023 802 672
is_linear=0
shrinkage=0.05


Tree=243
num_leaves=7
num_cat=0
split_feature=0 41 16 12 61 7
split_gain=0.339538 0.532019 0.512789 0.318819 0.285938 0.242148
threshold=-0.039163814585617823 1.1457052944242745 1.4689526365835628 -0.056322945923857136 -1.7240741323845443 1.1820956850432986
decision_type=2 2 2 2 2 2
left_child=2 4 3 -1 -2 -6
right_child=1 -3 -4 -5 5 -7
leaf_value=-0.0075174178789555891 -0.0061741327552800864 -0.011142158295039933 -0.018788289048395589 0.0092785858403910942 0.015335513027825494 -0.0049509952278716336
leaf_weight=2.0240601412660917 0.41769402340287243 0.86539628129685375 1.2636861857317851 3.8096326606755628 7.9083788993884774 0.27626802641316306
leaf_count=938 84 342 378 769 987 264
internal_value=0.00164594 0.00696956 -0.00541641 0.00287714 0.0112015 0.0135064
internal_weight=16.5651 9.46774 7.09738 5.83369 8.60234 8.18465
internal_count=3762 1677 2085 1707 1335 1251
is_linear=0
shrinkage=0.05


Tree=244
num_leaves=7
num_cat=0
split_feature=47 45 16 10 19 1
split_gain=0.315659 0.375925 0.300292 0.357523 0.299671 0.324257
threshold=0.96527274207848213 1.1430943113171168 1.4689526365835628 0.87421507410468957 5.5671583795612518 1.4532628519057009
decision_type=2 2 2 2 2 2
left_child=2 -2 3 4 5 -1
right_child=1 -3 -4 -5 -6 -7
leaf_value=0.017022813728426053 -0.012961669269224291 0.0072933028654582517 -0.0058810859108504084 -0.0078234940807486233 -0.0064303538711846563 -0.0059359120640674395
leaf_weight=6.7301338839315594 4.2852874000382135 1.0747597451263571 2.6828994244278874 0.66735219945257984 0.28497919067740429 0.30317785422084842
leaf_count=1104 1485 97 474 501 47 134
internal_value=-0.000100946 -0.00774051 0.00459377 0.00875796 0.012105 0.0145542
internal_weight=16.0286 5.36005 10.6685 7.98564 7.31829 7.03331
internal_count=3842 1582 2260 1786 1285 1238
is_linear=0
shrinkage=0.05


Tree=245
num_leaves=7
num_cat=0
split_feature=40 27 32 35 43 10
split_gain=0.339055 0.269672 0.325944 0.259233 0.294637 0.296691
threshold=-0.66661287316266116 0.86124092307341449 1.5713511703540315 -0.59517875346506677 1.3422235998602814 1.1424490994850371
decision_type=2 2 2 2 2 2
left_child=-1 3 -3 -2 5 -5
right_child=1 2 -4 4 -6 -7
leaf_value=-0.011872786530302569 -0.0028320560566244745 -0.013685856637763595 0.0054921502621753451 0.015825939477758944 -0.0066585056936744229 -0.0056921321710947338
leaf_weight=1.7695501458365495 3.6705586312164087 1.7539075206586852 1.8634450214449314 6.7548791415611031 0.34373976917413518 0.35519809904508282
leaf_count=987 647 418 184 1047 144 431
internal_value=-4.36766e-05 0.00314376 -0.00579545 0.0066641 0.0108111 0.0133809
internal_weight=16.5113 14.7417 3.61735 11.1244 7.45382 7.11008
internal_count=3858 2871 602 2269 1622 1478
is_linear=0
shrinkage=0.05


Tree=246
num_leaves=7
num_cat=0
split_feature=37 39 40 61 43 53
split_gain=0.373072 0.472781 0.447922 0.406353 0.38385 0.249961
threshold=0.62246969458900214 0.34544518132128688 -0.65748381443397308 1.3146451352162707 -1.0977794755078254 -0.37550111484765819
decision_type=2 2 2 2 2 2
left_child=1 2 -1 -4 -2 -3
right_child=4 5 3 -5 -6 -7
leaf_value=-0.0075133364129084034 0.0062313475131959388 -0.012221152101274182 0.016283383085794655 -0.0069841237993094017 -0.017102504339621055 0.0054755058470448113
leaf_weight=1.2905985776887972 0.80232634859567076 2.9703333339712112 7.3450552970025473 0.53523403650615353 2.2023861358029526 0.92355514201335598
leaf_count=595 112 888 1028 199 920 75
internal_value=-0.000274566 0.00373764 0.00916328 0.0132131 -0.0108715 -0.00746761
internal_weight=16.0695 13.0648 9.17089 7.88029 3.00471 3.89389
internal_count=3817 2785 1822 1227 1032 963
is_linear=0
shrinkage=0.05


Tree=247
num_leaves=7
num_cat=0
split_feature=37 27 9 17 61 44
split_gain=0.374229 0.400996 0.243436 0.26193 0.223557 0.221142
threshold=0.23607112819618523 -0.94058870755698698 0.034011086281679308 1.0000000180025095e-35 -1.7590324693962895 -0.88841884481721078
decision_type=2 2 2 2 2 2
left_child=1 -1 -2 -4 -3 -6
right_child=2 4 3 -5 5 -7
leaf_value=-0.0090600110431365861 0.0035283104827533679 -0.0056740190080178258 -0.01609405271553431 0.0044971371959101692 -0.0050233597434490747 0.013550168691976157
leaf_weight=1.1017080615129096 2.2112638561957274 0.3455332333105624 3.0603452062496221 0.62079345356323745 0.30570461059687559 8.4197961505124095
leaf_count=677 833 66 696 59 126 1354
internal_value=0.00100314 0.00622424 -0.00706956 -0.0121614 0.00987089 0.0117807
internal_weight=16.0651 10.1727 5.8924 3.68114 9.07103 8.7255
internal_count=3811 2223 1588 755 1546 1480
is_linear=0
shrinkage=0.05


Tree=248
num_leaves=7
num_cat=0
split_feature=11 41 45 1 0 54
split_gain=0.347497 0.320232 0.305277 0.278139 0.25231 0.238986
threshold=0.22843671027027482 -1.1235427855594671 -0.469329737670592 1.6020790147655142 -0.52763782113029156 2.5982399757701766
decision_type=2 2 2 2 2 2
left_child=1 -1 5 4 -4 -3
right_child=-2 2 3 -5 -6 -7
leaf_value=-0.0098994960947289927 -0.012871904846921599 -0.011199399625507072 -0.0045345138977973681 -0.0064721842997052699 0.01409519996848657 0.005976790361169936
leaf_weight=1.6343316455022421 2.2853763678867844 1.947986147788469 0.72079235508862982 0.57526443523238491 7.5969813685660483 1.0068361293524501
leaf_count=516 1067 809 186 131 975 77
internal_value=-0.00191938 0.00194215 0.00524576 0.00919486 0.0117068 -0.0052842
internal_weight=15.7676 13.4822 11.8479 8.89304 8.31777 2.95482
internal_count=3761 2694 2178 1292 1161 886
is_linear=0
shrinkage=0.05


Tree=249
num_leaves=7
num_cat=0
split_feature=6 16 39 12 45 30
split_gain=0.272938 0.518719 0.342296 0.307714 0.293828 0.275614
threshold=-0.75340172492563484 1.4689526365835628 -0.40729052447670688 -0.25525076216257281 -0.065499805186782431 -1.3441180595094959
decision_type=2 2 2 2 2 2
left_child=5 2 4 -3 -2 -1
right_child=1 3 -4 -5 -6 -7
leaf_value=-0.0057295550343614094 0.015384310911516444 0.0034411708592408628 -0.0058153160304072332 -0.020435587106830178 -0.0037054445349604414 0.012080428755954191
leaf_weight=0.97500617077457707 3.2195621624705382 0.83232839428819749 3.3390825142705562 1.772676185471936 1.5487227788544258 4.934483898192414
leaf_count=396 600 63 1232 534 479 480
internal_value=0.00156443 -0.00309063 0.00377811 -0.0150481 0.0101475 0.00820215
internal_weight=16.6219 10.7124 8.10737 2.605 4.76828 5.90949
internal_count=3784 2908 2311 597 1079 876
is_linear=0
shrinkage=0.05


Tree=250
num_leaves=7
num_cat=0
split_feature=29 12 8 16 29 41
split_gain=0.355922 0.337787 0.345069 0.297648 0.281249 0.215004
threshold=0.67723695231252867 -0.2055141298386334 -0.29175071698559379 -0.081245029135930333 -0.6638245366057095 -1.0475674973929336
decision_type=2 2 2 2 2 2
left_child=1 3 4 -1 -3 -4
right_child=-2 2 5 -5 -6 -7
leaf_value=-0.013711511840899963 -0.010735644685925515 0.0063380175107753088 -0.0035246503459172456 0.0037531642723322815 -0.010823431147300326 0.017033775877010472
leaf_weight=1.4530162579758332 2.2919022170462986 2.3060789661540189 0.44145545097126149 3.2826551512989681 1.4491944229230282 4.8494681347365258
leaf_count=578 1354 334 150 354 458 566
internal_value=0.000669028 0.00414572 0.00888667 -0.0048448 -0.00215025 0.0146638
internal_weight=16.0738 13.7819 9.0462 4.73567 3.75527 5.29092
internal_count=3794 2440 1508 932 792 716
is_linear=0
shrinkage=0.05


Tree=251
num_leaves=7
num_cat=0
split_feature=6 16 27 33 0 11
split_gain=0.481938 0.39077 0.590316 0.337628 0.316467 0.291275
threshold=-0.48407547592659933 1.4689526365835628 -0.017035784114794384 0.31719442042265983 0.47722299233303733 -0.80342963556553315
decision_type=2 2 2 2 2 2
left_child=5 2 -2 4 -4 -1
right_child=1 -3 3 -5 -6 -7
leaf_value=-0.0055795289079363895 -0.014624042943069676 -0.020103042117501982 0.016124624218588398 -0.0075402710327625369 -0.0059771857177965343 0.01080505294638847
leaf_weight=1.8069254652509696 1.7194545930324228 1.5930487584846558 3.8205116675817399 0.72658347607648455 0.42842388423741784 5.3239358999708211
leaf_count=438 1150 511 434 473 141 660
internal_value=-0.0020004 -0.00885588 -0.000787119 0.00769685 0.0123447 0.00623049
internal_weight=15.4189 8.28802 6.69497 4.97552 4.24894 7.13086
internal_count=3807 2709 2198 1048 575 1098
is_linear=0
shrinkage=0.05


Tree=252
num_leaves=7
num_cat=0
split_feature=39 41 42 42 41 7
split_gain=0.273153 0.280457 0.397949 0.312823 0.320632 0.267224
threshold=-1.3757098135979078 -1.1235427855594671 0.97703311475469456 -1.4037374261769369 1.3507608680881558 1.0972718688112757
decision_type=2 2 2 2 2 2
left_child=-1 -2 3 -3 5 -5
right_child=1 2 -4 4 -6 -7
leaf_value=-0.010390723729337137 -0.006516087961730567 -0.0063350712750543884 -0.0040538408124888596 0.018122055226705402 -0.0053482604751041146 -0.0046349499527600707
leaf_weight=0.78776050145097798 2.2926378133415719 0.4588432233867924 4.006534380292579 8.1850723442184883 0.53708102065138597 0.25846627414284817
leaf_count=280 737 197 961 1078 258 249
internal_value=0.0022798 0.00447598 0.00719695 0.0117983 0.0140791 0.016393
internal_weight=16.5264 15.7386 13.446 9.43946 8.98062 8.44354
internal_count=3760 3480 2743 1782 1585 1327
is_linear=0
shrinkage=0.05


Tree=253
num_leaves=7
num_cat=0
split_feature=33 43 15 15 40 0
split_gain=0.368721 0.421258 0.33332 0.352988 0.233033 0.181328
threshold=-0.75541105187447155 -0.4108812488582701 -0.80649847674524766 0.80329679500201812 0.97565010191471468 -0.50530758083110638
decision_type=2 2 2 2 2 2
left_child=-1 4 -3 -4 5 -2
right_child=1 2 3 -5 -6 -7
leaf_value=0.0063614227941349273 -0.0041783304033733539 -0.019667661884850252 0.011868403332483598 -0.0076869549842206427 -0.0072864785508877762 0.013867012010670619
leaf_weight=5.798465975865839 0.37100772172561924 3.0182847368996581 0.70944429235532913 3.1137062807101756 0.32863679842557747 2.1063119305763385
leaf_count=718 178 1061 32 1277 174 320
internal_value=-0.00178335 -0.00702644 -0.0123291 -0.000435371 0.00559254 0.0103562
internal_weight=15.4459 9.64739 6.84144 3.82315 2.80596 2.47732
internal_count=3760 3042 2370 1309 672 498
is_linear=0
shrinkage=0.05


Tree=254
num_leaves=7
num_cat=0
split_feature=54 33 4 12 61 37
split_gain=0.360214 0.300492 0.430309 0.393458 0.488369 0.364919
threshold=-0.19936840856861313 -0.81581129581159828 -0.073973088306247631 -0.2055141298386334 0.64282011107994075 -1.0816014023599638
decision_type=2 2 2 2 2 2
left_child=1 -1 5 -4 -5 -3
right_child=-2 2 3 4 -6 -7
leaf_value=0.0072051614971874595 0.0077283507196113169 0.0032703418922130456 -0.01062873874711262 -0.0090912774537953208 0.016393057950755314 -0.020771404335703781
leaf_weight=1.4153443362156384 5.5491728675697241 1.1254995489725823 0.94118066207738582 0.54269611567724529 2.6305216329055838 3.5153603295620997
leaf_count=137 727 282 506 438 462 1193
internal_value=-0.000307325 -0.00545336 -0.00881625 0.00255876 0.0097346 -0.015946
internal_weight=15.7198 10.1706 8.75526 4.1144 3.17322 4.64086
internal_count=3745 3018 2881 1406 900 1475
is_linear=0
shrinkage=0.05


Tree=255
num_leaves=7
num_cat=0
split_feature=32 27 16 12 39 0
split_gain=0.270429 0.334943 0.280689 0.338157 0.254393 0.291327
threshold=1.5713511703540315 0.81488167014124291 -0.36831867093583637 -0.2055141298386334 1.0000000180025095e-35 -0.59462854202784665
decision_type=2 2 2 2 2 2
left_child=1 2 3 -1 5 -5
right_child=-2 -3 -4 4 -6 -7
leaf_value=-0.01581260765629032 0.0088666727192433497 -0.014304950373742265 0.0078288659917259557 -0.0057768836391958065 -0.0082053507699892982 0.012953410701050655
leaf_weight=1.1896074135875077 2.6180931392300417 2.2308556699717874 4.6352571436582366 1.0947242540860296 1.1682289317395769 2.8937121592316566
leaf_count=814 252 575 668 463 432 563
internal_value=-0.000690338 -0.0038744 0.000859272 -0.00511022 0.00226651 0.00753944
internal_weight=15.8305 13.2124 10.9815 6.34627 5.15667 3.98844
internal_count=3767 3515 2940 2272 1458 1026
is_linear=0
shrinkage=0.05


Tree=256
num_leaves=7
num_cat=0
split_feature=42 41 42 41 44 9
split_gain=0.558917 0.383865 0.602136 0.568405 0.361579 0.246753
threshold=1.0588256208313371 -1.1235427855594671 -1.0722678845912537 0.8700717372263479 0.29132042452183454 0.034011086281679308
decision_type=2 2 2 2 2 2
left_child=1 -1 -3 -4 -5 -2
right_child=5 2 3 4 -6 -7
leaf_value=-0.0066595911463081612 0.0032059894767114934 -0.0053453000181530189 0.025522568567637252 -0.0090418740040074056 0.0099583809047040454 -0.016312792539243184
leaf_weight=2.2749740128929252 1.1337724243931018 3.0093990907625976 3.3129760323354276 1.9483367875800466 2.0857400788227096 2.1779212105902843
leaf_count=773 441 779 245 745 254 527
internal_value=0.00150778 0.00638302 0.0101003 0.0161425 0.000839271 -0.0112828
internal_weight=15.9431 12.6314 10.3565 7.34705 4.03408 3.31169
internal_count=3764 2796 2023 1244 999 968
is_linear=0
shrinkage=0.05


Tree=257
num_leaves=7
num_cat=0
split_feature=42 42 33 56 44 9
split_gain=0.282741 0.419386 0.348254 0.277348 0.346211 0.238807
threshold=0.99883573447073792 -1.0722678845912537 0.31719442042265983 1.6275456561770232 1.0546449356756615 1.4533700125237015
decision_type=2 2 2 2 2 2
left_child=1 3 5 4 -1 -3
right_child=-2 2 -4 -5 -6 -7
leaf_value=-0.019390840375113304 -0.0080100376703197747 0.013770660425066744 -0.007503534753286677 0.0064371217114421305 0.0048028915463262465 -0.005687668914719118
leaf_weight=1.4367801861371843 3.7818713485758062 8.2628850635373912 0.7159869457100293 0.60576440196018655 0.75888864971057035 0.17627931741299185
leaf_count=676 1015 1359 570 38 72 51
internal_value=0.000536706 0.00430446 0.00897963 -0.00771682 -0.0130839 0.0119792
internal_weight=15.7385 11.9566 9.15515 2.80143 2.19567 8.43916
internal_count=3781 2766 1980 786 748 1410
is_linear=0
shrinkage=0.05


Tree=258
num_leaves=7
num_cat=0
split_feature=37 61 1 9 37 17
split_gain=0.454952 0.274382 0.261389 0.278248 0.293848 0.22881
threshold=0.25387751374424133 1.4048727983415563 -0.95755898642326998 1.299321683692473 0.040200887167568401 1.3023541236458205
decision_type=2 2 2 2 2 2
left_child=2 5 -1 -4 -5 -2
right_child=1 -3 3 4 -6 -7
leaf_value=-0.0080618711921030851 -0.016928904878968351 0.0051618247180220591 0.011309910757250434 -0.01229360834769524 0.0071105752878900669 0.0036100854561949927
leaf_weight=0.92812008796317869 4.2667693031253302 0.72847773559624318 6.6522941128932853 1.1536946897394957 1.0297712444007627 0.5399801731109618
leaf_count=630 1456 69 1285 244 61 59
internal_value=-0.00196208 -0.0106609 0.00431598 0.00733005 -0.00432334 -0.014121
internal_weight=15.2991 5.53523 9.76388 8.83576 2.18347 4.80675
internal_count=3804 1584 2220 1590 305 1515
is_linear=0
shrinkage=0.05


Tree=259
num_leaves=7
num_cat=0
split_feature=33 9 41 62 6 4
split_gain=0.251626 0.445892 0.27639 0.289632 0.334806 0.246024
threshold=-0.75541105187447155 0.94967064984146132 -1.0202869576357252 -0.23044688179162834 0.9255895720257995 -1.1900784673557858
decision_type=2 2 2 2 2 2
left_child=5 2 -2 -4 -5 -1
right_child=1 -3 3 4 -6 -7
leaf_value=-0.0071307262715327785 -0.0088326326486041062 -0.015973995021494838 -0.0058002388570729188 0.014878136778852186 -0.0060001947901642365 0.010274449797168406
leaf_weight=0.34166278626071278 1.1880291280394883 1.6817946842929803 1.5260047852061678 4.7536326267363611 0.74888710334198538 5.9347279536887099
leaf_count=223 592 481 526 989 448 513
internal_value=0.00118939 -0.00350158 0.00264095 0.00664242 0.0109221 0.0073273
internal_weight=16.1747 9.89835 8.21655 7.02852 5.50252 6.27639
internal_count=3772 3036 2555 1963 1437 736
is_linear=0
shrinkage=0.05


Tree=260
num_leaves=7
num_cat=0
split_feature=1 27 9 15 43 42
split_gain=0.234302 0.307995 0.338598 0.363225 0.324542 0.261558
threshold=-0.95755898642326998 0.86124092307341449 1.2801347007954942 0.80329679500201812 -0.38414388165930613 -0.96456207167022656
decision_type=2 2 2 2 2 2
left_child=-1 2 3 5 -3 -2
right_child=1 4 -4 -5 -6 -7
leaf_value=-0.011156830533266918 -0.0033027623631297683 0.0065667825423793976 -0.0062245121698900653 -0.0026473680478532342 -0.013001825550780026 0.01817593849300108
leaf_weight=1.0728394621401101 0.7272864074766402 1.0907767797471026 2.1510822195850769 3.0422720586357173 2.7028601163765407 5.0167207674094225
leaf_count=783 207 126 321 1041 638 678
internal_value=-0.000392598 0.00214639 0.00612325 0.00996116 -0.00696009 0.0152563
internal_weight=15.8038 14.731 10.9374 8.78628 3.79364 5.74401
internal_count=3794 3011 2247 1926 764 885
is_linear=0
shrinkage=0.05


Tree=261
num_leaves=7
num_cat=0
split_feature=32 12 16 59 39 0
split_gain=0.416978 0.580989 0.359431 0.239226 0.163796 0.235395
threshold=1.5713511703540315 -0.063278856555778126 1.4689526365835628 1.0000000180025095e-35 1.8288090256266456 2.7102470222515462
decision_type=2 2 2 2 2 2
left_child=1 3 -3 -1 5 -5
right_child=-2 2 -4 4 -6 -7
leaf_value=0.0018245045696202015 0.010804657084889618 0.010956271176976217 -0.0082810709952542295 -0.02087767076069405 0.0018971668774257003 0.0019036203072861778
leaf_weight=1.725420575865426 2.6977506312541673 4.4615347245853618 1.0410325942357301 4.169974175893004 0.58675092752673652 0.78941494919126842
leaf_count=287 245 883 261 1915 123 67
internal_value=-0.000931349 -0.00499337 0.00567905 -0.0123694 -0.0158755 -0.0179007
internal_weight=15.4719 12.7741 5.50257 7.27156 5.54614 4.95939
internal_count=3781 3536 1144 2392 2105 1982
is_linear=0
shrinkage=0.05


Tree=262
num_leaves=7
num_cat=0
split_feature=29 30 37 32 37 31
split_gain=0.373995 0.340788 0.357249 0.32168 0.350965 0.196579
threshold=-0.35340190903539853 0.2328144369075161 -0.04883104057271196 0.5902723098758843 -0.80115082997808085 0.64732275159267083
decision_type=2 2 2 2 2 2
left_child=3 5 -3 4 -1 -2
right_child=1 2 -4 -5 -6 -7
leaf_value=0.0072063197534700087 -0.018650451150283458 0.011757463098334933 -0.0064384903496269913 0.013632531064903645 -0.011364859878054637 0.003124775072090896
leaf_weight=2.303350871137809 2.1964527950622146 1.6247707842703674 3.5578867106960388 3.3345734024769627 2.046716619093786 0.34601997882418789
leaf_count=454 789 384 1314 173 551 58
internal_value=-0.000385082 -0.0069284 0.00148518 0.00629115 -0.00260373 -0.0155996
internal_weight=15.4098 7.72513 5.18266 7.68464 4.35007 2.54247
internal_count=3723 2545 1698 1178 1005 847
is_linear=0
shrinkage=0.05


Tree=263
num_leaves=7
num_cat=0
split_feature=0 12 33 40 44 37
split_gain=0.314324 0.314056 0.319858 0.301569 0.273812 0.263398
threshold=-0.59462854202784665 -0.2055141298386334 -0.8144822093964631 -0.66661287316266116 -1.1838125098983383 -0.33373320934160905
decision_type=2 2 2 2 2 2
left_child=-1 2 -2 -3 -4 -6
right_child=1 3 4 -5 5 -7
leaf_value=-0.0099095885806612296 0.0072365216333371875 -0.0054997302642987847 0.0053870905675454765 0.012011779903386951 0.0015290171022159956 -0.020808334238937791
leaf_weight=2.4652838023830581 1.4697897529695181 1.3002807575394397 0.55874208694149308 7.3889191837661166 1.321734736178769 1.5281098236882833
leaf_count=984 76 569 78 1148 294 652
internal_value=0.000571795 0.00392584 -0.00458183 0.00865235 -0.0106799 -0.0149772
internal_weight=16.0329 13.5676 4.87838 8.6892 3.40859 2.84984
internal_count=3801 2817 1100 1717 1024 946
is_linear=0
shrinkage=0.05


Tree=264
num_leaves=7
num_cat=0
split_feature=6 32 37 61 31 0
split_gain=0.367757 0.505505 0.405834 0.255955 0.244297 0.270805
threshold=-0.19182784403402889 0.5902723098758843 -0.80115082997808085 0.64282011107994075 -0.030895220269702515 -0.64766286273841134
decision_type=2 2 2 2 2 2
left_child=1 2 -1 -2 5 -5
right_child=3 -3 -4 4 -6 -7
leaf_value=0.0069261687901024981 -0.013454517415650128 0.015121118917261245 -0.013012945065739849 -0.0069603192491453428 -0.0085696394615291833 0.012143031551836653
leaf_weight=2.3283431384916184 2.7670501016837088 4.1461321401584428 2.252106067069688 0.44830901930981726 0.93832933559315357 2.7871229846059578
leaf_count=481 1178 233 649 261 398 590
internal_value=0.000618517 0.00653363 -0.00414756 -0.00654585 0.0017455 0.0074208
internal_weight=15.6674 8.72658 4.58045 6.94081 4.17376 3.23543
internal_count=3790 1363 1130 2427 1249 851
is_linear=0
shrinkage=0.05


Tree=265
num_leaves=7
num_cat=0
split_feature=2 15 54 27 28 44
split_gain=0.245764 0.401446 0.303068 0.355586 0.275948 0.366965
threshold=-0.62182520612105996 0.80329679500201812 -0.053397785856973683 1.2904536417448618 -0.56318722727266202 1.300222335202438
decision_type=2 2 2 2 2 2
left_child=2 -2 3 -1 -3 -6
right_child=1 4 -4 -5 5 -7
leaf_value=-0.018287997335755229 0.010237815107781864 0.0065209418328852969 0.004648963669679664 0.0046642906636100417 -0.017401656666168899 0.0055681240833490861
leaf_weight=2.6801024056476321 5.8385961985186423 1.0048992100055318 1.9942269342718644 0.96531501307617862 2.1897020947290016 0.89152435530559149
leaf_count=811 1150 159 195 63 1267 137
internal_value=-0.000764994 0.00371093 -0.00719524 -0.0128483 -0.00600119 -0.0112873
internal_weight=15.5644 9.92472 5.63964 3.64542 4.08613 3.08123
internal_count=3782 2713 1069 874 1563 1404
is_linear=0
shrinkage=0.05


Tree=266
num_leaves=7
num_cat=0
split_feature=42 43 6 39 62 12
split_gain=0.31004 0.499531 0.465193 0.305452 0.322344 0.194922
threshold=0.63118343091792328 -1.0977794755078254 0.39266741975111213 0.34544518132128688 0.01937736534129721 0.54992930965557407
decision_type=2 2 2 2 2 2
left_child=2 -2 3 4 -1 -6
right_child=1 -3 -4 -5 5 -7
leaf_value=0.018528064714167455 0.0087338749370830856 -0.015029308462513227 -0.0089682327914498965 -0.0035096859801723073 -0.0088449552214331945 0.0074616405606340187
leaf_weight=3.8756384732550924 0.9325096501270308 4.017796091371566 2.5651747117226478 2.2479578121565282 1.1840156199323244 0.40223331772722293
leaf_count=366 85 1275 1189 529 322 36
internal_value=-0.00129951 -0.00894639 0.00357383 0.00908999 0.0136815 -0.00253392
internal_weight=15.2253 4.95031 10.275 7.70985 5.46189 1.58625
internal_count=3802 1360 2442 1253 724 358
is_linear=0
shrinkage=0.05


Tree=267
num_leaves=7
num_cat=0
split_feature=37 40 43 45 27 37
split_gain=0.233512 0.383595 0.313954 0.258383 0.221049 0.280488
threshold=0.75245630908981143 -0.66661287316266116 -1.0977794755078254 1.5514595731482326 -0.41326871515899577 -1.5089546555133098
decision_type=2 2 2 2 2 2
left_child=1 -1 -2 4 5 -3
right_child=2 3 -4 -5 -6 -7
leaf_value=-0.009605654239698655 0.0064558781841220466 0.0089511685015517522 -0.014490501740431061 -0.0072867046945263624 0.012318509788580919 -0.0094665048532841661
leaf_weight=1.5629821826951218 0.73007442917150944 0.74865511083044145 1.6870115814672324 0.49921003886265758 8.7181863406149187 1.7295038570009609
leaf_count=882 87 106 716 163 1129 717
internal_value=0.00106926 0.00392443 -0.00809222 0.00732438 0.00937802 -0.00204759
internal_weight=15.6756 13.2585 2.41709 11.6956 11.1963 2.47816
internal_count=3800 2997 803 2115 1952 823
is_linear=0
shrinkage=0.05


Tree=268
num_leaves=7
num_cat=0
split_feature=11 41 41 42 42 29
split_gain=0.380954 0.259213 0.230821 0.295166 0.357258 0.211024
threshold=-0.31076762044826145 1.1033879059633238 -1.1235427855594671 1.0588256208313371 -1.3710262339047652 -0.93433993799013459
decision_type=2 2 2 2 2 2
left_child=1 2 -1 4 -4 -2
right_child=5 -3 3 -5 -6 -7
leaf_value=-0.0044974724993688993 0.0037981998281486555 -0.0071826183006780207 -0.0053304054592090222 -0.0016195981180546989 0.01881355742224251 -0.013294082579494548
leaf_weight=1.5192241277545679 0.99969287528074335 1.3134236101468548 0.52470702584832629 2.9638467760887579 4.7167218733375202 3.3258545086355307
leaf_count=397 181 425 175 534 485 1551
internal_value=-0.000189492 0.0046606 0.00757647 0.0104176 0.015336 -0.0094061
internal_weight=15.3635 11.0379 9.7245 8.20528 5.24143 4.32555
internal_count=3748 2016 1591 1194 660 1732
is_linear=0
shrinkage=0.05


Tree=269
num_leaves=7
num_cat=0
split_feature=39 33 37 40 0 60
split_gain=0.293203 0.327292 0.280142 0.331238 0.264396 0.231363
threshold=1.0000000180025095e-35 -0.81369647779639753 0.6812307668975871 -0.65748381443397308 -0.59462854202784665 -0.30773570501821523
decision_type=2 2 2 2 2 2
left_child=2 -2 3 -1 -5 -3
right_child=1 5 -4 4 -6 -7
leaf_value=-0.0058300966264626854 0.0056990949261842604 -0.016402155191983854 -0.0051319286510730332 -0.002887617120191411 0.016961686275641871 0.0023335844959855227
leaf_weight=1.0918562203587487 1.9125389909604562 2.9034333691888614 2.5314039072836749 1.1511623430560565 4.7590322359610582 1.3613352879765441
leaf_count=505 170 1121 780 375 669 168
internal_value=0.000466157 -0.00639125 0.00537574 0.00957438 0.013425 -0.0119276
internal_weight=15.7108 6.17731 9.53345 7.00205 5.91019 4.26477
internal_count=3788 1459 2329 1549 1044 1289
is_linear=0
shrinkage=0.05


Tree=270
num_leaves=7
num_cat=0
split_feature=2 59 53 45 29 10
split_gain=0.362916 0.39922 0.352581 0.35096 0.305804 0.292969
threshold=-0.62182520612105996 1.0000000180025095e-35 2.2069433931211546 -0.64299015894049993 0.71513392643308071 0.63042480235020204
decision_type=2 2 2 2 2 2
left_child=1 -1 3 -2 5 -5
right_child=2 -3 -4 4 -6 -7
leaf_value=0.005489555252528408 -0.0076410121987291321 -0.015296435815492457 -0.0089058189796680023 0.017701627155345769 -0.0036577595631932061 -0.0049025152901623278
leaf_weight=1.6649057971080763 0.82973004652012416 3.6031881024100594 1.3760452420101508 5.8840973172773356 1.5120686789014142 0.39004975045099843
leaf_count=145 563 914 265 743 938 235
internal_value=-0.00106753 -0.00911903 0.00430295 0.00816775 0.0115091 0.0151651
internal_weight=15.2601 5.26809 9.99199 8.61595 7.78622 6.27415
internal_count=3803 1059 2744 2479 1916 978
is_linear=0
shrinkage=0.05


Tree=271
num_leaves=7
num_cat=0
split_feature=29 30 32 3 28 37
split_gain=0.336564 0.636239 0.339317 0.338336 0.223999 0.218374
threshold=-0.17692163204047692 0.44471083763106306 0.5902723098758843 -0.29003892494996192 0.89363762930494561 -0.80115082997808085
decision_type=2 2 2 2 2 2
left_child=2 -2 5 -3 -5 -1
right_child=1 3 -4 4 -6 -7
leaf_value=0.0046413050107570429 -0.020071369555598375 -0.0087493173002672186 0.011723436444594962 0.013926656664485115 -0.0052529420812827878 -0.010120365696572811
leaf_weight=2.2129174167348538 2.4619744086521687 1.0204639480216418 3.6858442645752802 2.7268209087560549 0.31941005331464101 2.4645818884746387
leaf_count=475 1021 488 217 524 373 649
internal_value=-0.00196817 -0.0086567 0.00416006 0.0038409 0.010307 -0.00405195
internal_weight=14.892 6.52867 8.36334 4.06669 3.04623 4.6775
internal_count=3747 2406 1341 1385 897 1124
is_linear=0
shrinkage=0.05


Tree=272
num_leaves=7
num_cat=0
split_feature=33 38 3 6 32 37
split_gain=0.315351 0.43768 0.271878 0.299717 0.268753 0.235682
threshold=-0.45456956015763472 -0.24552060439371662 -0.29003892494996192 0.9255895720257995 0.5902723098758843 -0.74328007694689868
decision_type=2 2 2 2 2 2
left_child=4 -2 -3 -4 5 -1
right_child=1 2 3 -5 -6 -7
leaf_value=0.0056941477324255908 -0.016712074985198902 -0.0080199053914008847 0.015124539018499137 -0.0064421874264956576 0.011384192142850191 -0.0088268948026452611
leaf_weight=2.6557551966398023 2.0473980645474503 0.65331879876612164 2.0737120388803336 0.38850874618219666 4.7498505381954601 2.7217234017371066
leaf_count=579 836 392 443 359 393 743
internal_value=0.000611354 -0.00719638 0.00418751 0.0100523 0.00532671 -0.00218447
internal_weight=15.2903 5.16294 3.11554 2.46222 10.1273 5.37748
internal_count=3745 2030 1194 802 1715 1322
is_linear=0
shrinkage=0.05


Tree=273
num_leaves=7
num_cat=0
split_feature=59 29 2 27 32 9
split_gain=0.324874 0.256342 0.441667 0.19736 0.18476 0.196431
threshold=1.0000000180025095e-35 -0.6638245366057095 -0.23373465486972597 0.40730326950480905 0.61589464831423169 1.1564122569944317
decision_type=2 2 2 2 2 2
left_child=-1 4 -3 -4 5 -2
right_child=1 2 3 -5 -6 -7
leaf_value=0.0059539957184376715 0.0035542796108533393 -0.021200535374718221 0.0075826968660194193 -0.0074113362070348304 0.0078099571685706403 -0.012375466962548314
leaf_weight=3.9579900633980278 1.8563001485890702 2.5584008460573378 1.9896602574517621 0.97409475309541438 1.9962644149782134 0.88821242543053802
leaf_count=531 522 1094 888 391 115 231
internal_value=-0.00347651 -0.00763757 -0.0128441 0.00140544 0.00105452 -0.0053717
internal_weight=14.2209 10.2629 5.52216 2.96376 4.74078 2.74451
internal_count=3772 3241 2373 1279 868 753
is_linear=0
shrinkage=0.05


Tree=274
num_leaves=7
num_cat=0
split_feature=12 41 11 41 33 43
split_gain=0.483756 0.398817 0.357746 0.334876 0.275486 0.176717
threshold=0.094881228269872539 -0.61530009953102571 -0.32556945144613586 1.1346586709352124 -0.45456956015763472 2.0357549109313919
decision_type=2 2 2 2 2 2
left_child=1 5 3 -3 -2 -1
right_child=4 2 -4 -5 -6 -7
leaf_value=-0.020373525417787593 0.013854299788711961 0.0099424164287421624 -0.011350595732892543 -0.0083518357030669121 -0.0060450888533503293 0.0023780425247006526
leaf_weight=2.469548385997768 2.6195813758822628 5.3473310924819071 1.905310206559079 0.9789664200216065 0.532086445513415 0.33068677579285566
leaf_count=1092 317 800 861 371 286 36
internal_value=-0.00308011 -0.00779874 -0.000526837 0.00533555 0.00918508 -0.0178464
internal_weight=14.1835 11.0318 8.23161 6.3263 3.15167 2.80024
internal_count=3763 3160 2032 1171 603 1128
is_linear=0
shrinkage=0.05


Tree=275
num_leaves=7
num_cat=0
split_feature=32 33 30 37 40 27
split_gain=0.332446 0.242144 0.483123 0.352335 0.293396 0.233946
threshold=1.5713511703540315 -0.76146368698474431 0.2328144369075161 0.62246969458900214 -0.29120662631728461 1.7540461710665773
decision_type=2 2 2 2 2 2
left_child=1 4 -3 -4 -1 -2
right_child=5 2 3 -5 -6 -7
leaf_value=0.0096328161085486863 0.013346107640897132 -0.01820474123927841 0.0094254030948445894 -0.010094512586412424 -0.0068666445209780826 -0.0056610048144095995
leaf_weight=2.6991502964228857 2.1106450794613933 3.6285659312561611 2.9426471421393221 0.87445967273379199 2.2712969213607712 0.40280227415496472
leaf_count=412 128 1355 851 636 275 129
internal_value=-0.00201475 -0.00551809 -0.00993428 0.00247921 0.00234651 0.00887719
internal_weight=14.9296 12.4161 7.44567 3.81711 4.97045 2.51345
internal_count=3786 3529 2842 1487 687 257
is_linear=0
shrinkage=0.05


Tree=276
num_leaves=7
num_cat=0
split_feature=27 12 1 1 43 29
split_gain=0.393063 0.263999 0.247188 0.234675 0.176805 0.167622
threshold=0.073978920146058669 0.16069772318067016 1.4532628519057009 0.1706057144910538 -0.57089159618373697 -0.83323170448186412
decision_type=2 2 2 2 2 2
left_child=1 -1 3 -2 -5 -3
right_child=2 5 -4 4 -6 -7
leaf_value=-0.016402583991024636 -0.0051984158100864524 0.008525455848689148 -0.0083040449604871811 -0.004613387797404553 0.011624387446119716 -0.0065884489415117048
leaf_weight=3.2567624742077905 1.5328787949110827 1.0837594382464883 1.133365199639228 0.3656543645192859 6.4096524612832591 0.50549858406884585
leaf_count=1728 373 120 322 107 833 269
internal_value=-0.00317801 -0.0115864 0.00289087 0.0062159 0.00960117 0.00255381
internal_weight=14.2876 4.84602 9.44155 8.30819 6.77531 1.58926
internal_count=3752 2117 1635 1313 940 389
is_linear=0
shrinkage=0.05


Tree=277
num_leaves=7
num_cat=0
split_feature=12 7 12 15 33 45
split_gain=0.398525 0.390962 0.299412 0.342946 0.243496 0.228838
threshold=0.15644718593825876 -0.44497933540732554 -0.22052200158636767 0.80329679500201812 -0.45456956015763472 -0.469329737670592
decision_type=2 2 2 2 2 2
left_child=1 -1 -3 5 -2 -4
right_child=4 2 3 -5 -6 -7
leaf_value=-0.018591482662726363 0.013488757501898027 -0.009368932629051167 -0.0035423721923238585 -0.0060999673498944905 -0.0059507950321484775 0.014619168012227138
leaf_weight=1.6424785553244863 2.321185741340742 3.1677715730547762 1.0218635626515604 2.5709252874439699 0.33171918870357409 3.4948491862742239
leaf_count=703 259 871 330 975 213 454
internal_value=-0.00258828 -0.00653624 -0.000834795 0.0046314 0.00918993 0.0107364
internal_weight=14.5508 11.8979 10.2554 7.08764 2.6529 4.51671
internal_count=3805 3333 2630 1759 472 784
is_linear=0
shrinkage=0.05


Tree=278
num_leaves=7
num_cat=0
split_feature=12 1 1 33 11 36
split_gain=0.307596 0.3064 0.292618 0.207182 0.200409 0.194683
threshold=-0.056322945923857136 0.34068132918798305 0.96780326920515369 -0.81711131058156317 -0.64003307036598944 1.7746870288171008
decision_type=2 2 2 2 2 2
left_child=1 3 5 -1 -2 -3
right_child=4 2 -4 -5 -6 -7
leaf_value=0.0037621263771317965 -0.0042428995805873816 0.011779800984000889 -0.0072565356299013981 -0.015580293103167664 0.010999326589735818 -0.00542506917121428
leaf_weight=0.51544705478590858 1.1849878636130595 3.5043500465835682 2.1521728616498876 3.0289820109974235 4.5689609295077398 0.26829977676970873
leaf_count=93 220 460 508 1498 943 62
internal_value=0.000345247 -0.00474812 0.00240927 -0.0123323 0.00748199 0.00869515
internal_weight=15.2232 9.46925 5.92482 3.54443 5.75395 3.77265
internal_count=3784 2621 1030 1591 1163 522
is_linear=0
shrinkage=0.05


Tree=279
num_leaves=7
num_cat=0
split_feature=12 16 16 41 16 44
split_gain=0.377478 0.42897 0.268348 0.231728 0.244647 0.165695
threshold=-0.056322945923857136 -0.36831867093583637 1.4689526365835628 0.14518782362122545 1.4689526365835628 0.23446501740391076
decision_type=2 2 2 2 2 2
left_child=1 -1 -2 4 -3 -5
right_child=2 3 -4 5 -6 -7
leaf_value=-0.014530284665734583 0.011723827255326518 0.0069920557510949237 -0.0055780558259795332 -0.0028482032502062916 -0.011774426233608144 0.013011149893923591
leaf_weight=3.9194097264116845 4.4458359074778864 0.37607308058068123 1.1323636606684884 1.0975550142466093 1.4913464387936983 2.109119922039099
leaf_count=1906 874 11 264 222 360 114
internal_value=-0.000612936 -0.00625451 0.00748912 0.00316166 -0.00601496 0.00882999
internal_weight=14.5717 8.9935 5.5782 5.07409 1.86742 3.20667
internal_count=3751 2613 1138 707 371 336
is_linear=0
shrinkage=0.05


Tree=280
num_leaves=7
num_cat=0
split_feature=40 11 42 45 10 39
split_gain=0.251403 0.261496 0.33349 0.358775 0.217246 0.169815
threshold=-0.67684099483737203 -0.80342963556553315 1.3022639986668001 1.5514595731482326 1.1424490994850371 -1.3757098135979078
decision_type=2 2 2 2 2 2
left_child=-1 -2 3 4 5 -3
right_child=1 2 -4 -5 -6 -7
leaf_value=-0.0099958824265989083 -0.0077543265755467732 -0.0035254246453322782 -0.007989442682267053 -0.0087299059731901132 -0.0050632838041957022 0.014369831957533741
leaf_weight=1.6513840192637879 1.7180874982732337 0.32549178809858403 1.1767813179321809 0.3620196067204241 0.30711043763585699 9.5181917673035041
leaf_count=985 357 110 372 198 343 1409
internal_value=0.000310933 0.00317594 0.00603798 0.00903332 0.0115138 0.0130929
internal_weight=15.0591 13.4077 11.6896 10.5128 10.1508 9.84368
internal_count=3774 2789 2432 2060 1862 1519
is_linear=0
shrinkage=0.05


Tree=281
num_leaves=7
num_cat=0
split_feature=12 32 16 30 33 34
split_gain=0.274633 0.448974 0.314222 0.201802 0.159646 0.139307
threshold=-0.063278856555778126 1.0173697459356277 1.4689526365835628 0.76702118448606182 -0.12243364666635802 -1.4902098694763353
decision_type=2 2 2 2 2 2
left_child=1 5 4 -3 -2 -1
right_child=2 3 -4 -5 -6 -7
leaf_value=0.0011936569981861947 0.013440221946462834 0.0088187049499264172 -0.0073952709918210574 -0.0067578025179612705 -0.0028842911498152117 -0.015980428819577879
leaf_weight=0.94816873538365953 3.6210728460282549 3.3919738907716241 1.1185835461219538 0.52177946134179354 0.75514982732420444 3.9254337628080966
leaf_count=256 584 272 298 245 318 1751
internal_value=-0.00148647 -0.0062261 0.00561516 0.00471082 0.0105959 -0.0134575
internal_weight=14.2822 8.78736 5.49481 3.91375 4.37622 4.8736
internal_count=3724 2524 1200 517 902 2007
is_linear=0
shrinkage=0.05


Tree=282
num_leaves=7
num_cat=0
split_feature=33 42 42 11 54 43
split_gain=0.249073 0.300347 0.368822 0.477762 0.264599 0.228236
threshold=0.29619634765674213 -1.0722678845912537 1.1508367431439801 -0.81068757083729925 2.2418752281358381 -1.1411773890386627
decision_type=2 2 2 2 2 2
left_child=1 4 3 -3 -1 -4
right_child=-2 2 5 -5 -6 -7
leaf_value=-0.013760281281217149 -0.010626429756098033 -0.0085561274759163759 0.0064112004898051276 0.013948651355438794 0.0058494793759483257 -0.011225636574999753
leaf_weight=1.6235784608070383 1.3883325793649426 0.8376840555429198 0.51336545060621608 8.1346258795529138 0.64991652499884356 2.0348540399427284
leaf_count=528 1104 301 22 1264 33 548
internal_value=-2.31646e-05 0.00275164 0.00609363 0.01023 -0.00801587 -0.00612711
internal_weight=15.1824 13.794 11.5205 8.97231 2.27349 2.54822
internal_count=3800 2696 2135 1565 561 570
is_linear=0
shrinkage=0.05


Tree=283
num_leaves=7
num_cat=0
split_feature=6 14 4 44 39 29
split_gain=0.342659 0.474677 0.230896 0.210732 0.191879 0.218173
threshold=-0.24913130126786623 1.0000000180025095e-35 -1.2539232152213609 1.2035201726557567 0.34544518132128688 -1.1813031269054017
decision_type=2 2 2 2 2 2
left_child=2 3 -1 -2 -4 -6
right_child=1 -3 4 -5 5 -7
leaf_value=-0.0078316599433648527 -0.016805294207505327 0.0075758926829190753 0.012413973622754221 0.0022751753300299278 0.0069658328936767627 -0.0083494193294840462
leaf_weight=0.38718394184979832 3.9647683072034861 1.6855411155556792 4.5492214270343521 1.0083455173007676 1.6406089646625333 1.7028801058768295
leaf_count=307 1763 540 453 186 163 395
internal_value=-0.000678995 -0.00749878 0.00534118 -0.0135362 0.00796636 -0.00109413
internal_weight=14.9385 6.65865 8.27989 4.97311 7.89271 3.34349
internal_count=3807 2489 1318 1949 1011 558
is_linear=0
shrinkage=0.05


Tree=284
num_leaves=7
num_cat=0
split_feature=32 27 35 39 27 29
split_gain=0.226084 0.447015 0.254142 0.229625 0.310917 0.198833
threshold=1.5713511703540315 0.81488167014124291 0.93409214253424933 0.29907321090679734 -0.43944650413664932 -1.4343715257968681
decision_type=2 2 2 2 2 2
left_child=1 3 -2 4 -1 -5
right_child=2 -3 -4 5 -6 -7
leaf_value=-0.0052855598393004646 0.013573997497807364 -0.015168877776598914 -0.0062316501532173642 0.0047703379893706786 0.011505210181705165 -0.010984500098445482
leaf_weight=2.0086896534630778 2.2920585204265094 1.9213644818228193 0.30923183550476085 1.1571958633066972 5.3346866997089819 1.9707345950155284
leaf_count=1035 140 568 125 228 1013 673
internal_value=0.000622966 -0.00259882 0.00914297 0.00257204 0.00671141 -0.00567399
internal_weight=14.994 12.3927 2.60129 10.4713 7.34338 3.12793
internal_count=3782 3517 265 2949 2048 901
is_linear=0
shrinkage=0.05


Tree=285
num_leaves=7
num_cat=0
split_feature=40 39 37 35 29 12
split_gain=0.194305 0.430577 0.186584 0.294253 0.250557 0.210986
threshold=-0.34273111792078942 -0.49787762947245395 0.6812307668975871 0.22537557676898476 -0.72383428344493328 -0.26875891605307894
decision_type=2 2 2 2 2 2
left_child=1 -1 3 4 -2 -6
right_child=2 -3 -4 -5 5 -7
leaf_value=0.0056489041937725836 0.0052678401789219417 -0.014956889750552753 -0.0059113378816240273 0.014478337592079948 0.0044395559680927661 -0.014700386599447925
leaf_weight=2.4369218723877566 3.7846721907990264 2.6043128828023336 1.6829892091409409 2.5670323833619477 0.52422303450293606 1.2060386835073611
leaf_count=626 407 1243 534 538 42 408
internal_value=-0.0005973 -0.00660476 0.00332745 0.00633078 -0.00122653 -0.00976361
internal_weight=14.8062 5.04123 9.76496 8.08197 5.51493 1.73026
internal_count=3798 1869 1929 1395 857 450
is_linear=0
shrinkage=0.05


Tree=286
num_leaves=7
num_cat=0
split_feature=34 4 7 62 6 7
split_gain=0.272299 0.476288 0.259769 0.290625 0.326148 0.205935
threshold=0.2808817351959651 0.83920404000701121 -1.5261451280554168 -0.82092500647691247 -1.1338966809583149 1.192668850515519
decision_type=2 2 2 2 2 2
left_child=2 -2 -1 4 -4 -3
right_child=1 5 3 -5 -6 -7
leaf_value=-0.010160580786498941 -0.017885523583923185 0.010942642662751169 0.0070222654981251329 0.010826354302348712 -0.011143838748607443 -0.0063423278264416938
leaf_weight=0.50406736841250577 2.350836463352608 1.3963455001940017 1.9026719188550485 5.6552226802086798 2.2946515890507717 0.38970723315287603
leaf_count=330 1206 287 180 873 482 457
internal_value=-0.00203317 -0.00968118 0.00251009 0.00537867 -0.00341445 0.0055597
internal_weight=14.4935 4.13689 10.3566 9.85255 4.19732 1.78605
internal_count=3815 1950 1865 1535 662 744
is_linear=0
shrinkage=0.05


Tree=287
num_leaves=7
num_cat=0
split_feature=32 37 22 60 1 61
split_gain=0.287925 0.310397 0.210838 0.225495 0.260355 0.246319
threshold=1.5713511703540315 -1.3175360108717069 1.0000000180025095e-35 -0.29016374764685149 0.32385447305890563 -1.5518408507607568
decision_type=2 2 2 2 2 2
left_child=1 -1 -3 5 -5 -4
right_child=-2 2 3 4 -6 -7
leaf_value=0.0067686996214974884 0.0070277377668432678 0.0034992353901222885 0.00067381527479327659 -0.0095069259636524385 0.0079093772805256899 -0.019361263991504975
leaf_weight=1.2982851020642545 2.21615930000553 1.2574016212820378 1.6606756974360877 0.84451340197119895 1.8601315515697932 4.8884978124842791
leaf_count=357 246 497 208 213 158 2091
internal_value=-0.0039382 -0.00700282 -0.00982902 -0.0120534 0.000331504 -0.0156653
internal_weight=14.0257 11.8095 10.5112 9.25382 2.70464 6.54917
internal_count=3770 3524 3167 2670 371 2299
is_linear=0
shrinkage=0.05


Tree=288
num_leaves=7
num_cat=0
split_feature=29 14 56 35 43 45
split_gain=0.322827 0.537362 0.495831 0.218465 0.282612 0.276747
threshold=-0.21139373227194178 1.0000000180025095e-35 1.0000000180025095e-35 -0.30924227852704594 0.071162119817286054 -0.14387499869609668
decision_type=2 2 2 2 2 2
left_child=3 2 -2 4 -1 -6
right_child=1 -3 -4 -5 5 -7
leaf_value=-0.010330154738623637 -0.020848566987794859 0.0075692348368200839 0.0057349266942572294 0.011119291078736888 0.011760407075557778 -0.0065328923264949884
leaf_weight=2.0773646165107493 3.5755332865883247 1.7139442047118789 0.93118124610919029 2.7020797695586225 2.2181464435270759 0.99406584500684392
leaf_count=739 1788 538 123 210 241 159
internal_value=-0.00189612 -0.00855302 -0.0152591 0.00420572 -0.00207191 0.00567829
internal_weight=14.2123 6.22066 4.50671 7.99166 5.28958 3.21221
internal_count=3798 2449 1911 1349 1139 400
is_linear=0
shrinkage=0.05


Tree=289
num_leaves=7
num_cat=0
split_feature=32 41 61 27 27 33
split_gain=0.300272 0.303908 0.385853 0.397953 0.367268 0.329811
threshold=1.5713511703540315 0.66437212721202699 -0.90194778889492488 -0.36208862823245308 0.87944122237271161 -0.81581129581159828
decision_type=2 2 2 2 2 2
left_child=1 2 -1 -4 -5 -3
right_child=-2 5 3 4 -6 -7
leaf_value=-0.010889801508335807 0.0075758952303550181 0.0043828053893677985 -0.0079172821691230241 0.016119788795988924 -0.0062886373110088122 -0.019666147360392919
leaf_weight=2.3401189288124424 2.3201238679466778 0.67070583580061827 1.411007461596453 4.016123001129019 0.68300029121746764 2.5336830028682007
leaf_count=590 252 58 783 650 291 1165
internal_value=-0.00327381 -0.00654243 -0.000274113 0.00603879 0.0116815 -0.0149472
internal_weight=13.9748 11.6546 8.45025 6.11013 4.69912 3.20439
internal_count=3789 3537 2314 1724 941 1223
is_linear=0
shrinkage=0.05


Tree=290
num_leaves=7
num_cat=0
split_feature=40 12 0 55 31 62
split_gain=0.388119 0.266815 0.235738 0.17816 0.170487 0.277447
threshold=-0.67684099483737203 -0.2055141298386334 -0.69232334333678147 3.4285831404645735 0.077333627948437747 -1.2659217739649686
decision_type=2 2 2 2 2 2
left_child=-1 4 -3 -4 -2 -6
right_child=1 2 3 -5 5 -7
leaf_value=-0.010812399061561727 -0.010492299148396124 -0.0030519733800937741 0.014580451318566754 -0.0036402775424456569 -0.0069458705751392312 0.010023838543527182
leaf_weight=1.4730818196185289 0.86504959754529309 1.6928075515897925 7.1207067727154936 0.34840883407741774 1.6848401812167142 2.2159226363728521
leaf_count=991 449 485 1194 63 257 385
internal_value=0.00281935 0.00592182 0.00995344 0.0129309 -0.00267969 0.00286103
internal_weight=15.4008 13.9277 9.16192 7.46912 4.76581 3.90076
internal_count=3824 2833 1742 1257 1091 642
is_linear=0
shrinkage=0.05


Tree=291
num_leaves=7
num_cat=0
split_feature=40 36 6 4 7 39
split_gain=0.284847 0.189242 0.236755 0.19362 0.23274 0.217864
threshold=-0.72899757910169949 1.7746870288171008 0.9255895720257995 -0.51089003632007424 -0.74706977747076275 0.87926205004622515
decision_type=2 2 2 2 2 2
left_child=-1 2 3 4 -2 -5
right_child=1 -3 -4 5 -6 -7
leaf_value=-0.010164871820349246 0.0066136102984973091 -0.0058675322827535592 -0.0061674668112858769 0.014028688248307426 -0.0088553430269259093 -0.0047114955863124296
leaf_weight=1.1227983973367379 2.3901980458831535 1.3301009007845994 1.0225757586595126 7.5391543075311365 1.4382901669305246 0.34259074080182461
leaf_count=761 409 200 584 1298 354 171
internal_value=0.0019974 0.00458491 0.00658744 0.00873188 -0.000535098 0.0121398
internal_weight=15.1857 14.0629 12.7328 11.7102 3.82849 7.88175
internal_count=3777 3016 2816 2232 763 1469
is_linear=0
shrinkage=0.05


Tree=292
num_leaves=7
num_cat=0
split_feature=9 61 33 56 6 62
split_gain=0.277913 0.392795 0.388931 0.397561 0.364364 0.289884
threshold=0.11031107274359446 0.45220929027847062 -0.75541105187447155 1.0000000180025095e-35 0.98862337498302066 -1.2659217739649686
decision_type=2 2 2 2 2 2
left_child=1 -1 5 -4 -3 -2
right_child=2 4 3 -5 -6 -7
leaf_value=-0.0075806672918624727 -0.0054169520740893311 0.017045436649317465 -0.017559894122780931 0.0059686964393257519 -0.0066657667424145535 0.011136023123561177
leaf_weight=1.2604092234905699 2.6136887375905644 3.4161935118463593 3.6605587930389429 0.78878878195246205 0.39605129211849988 2.4106679945543874
leaf_count=824 321 786 1155 61 363 249
internal_value=-0.000573768 0.00674286 -0.0051709 -0.0126648 0.0127314 0.00371921
internal_weight=14.5464 5.07265 9.4737 4.44935 3.81224 5.02436
internal_count=3759 1973 1786 1216 1149 570
is_linear=0
shrinkage=0.05


Tree=293
num_leaves=7
num_cat=0
split_feature=1 12 37 61 1 3
split_gain=0.212433 0.401515 0.32681 0.200237 0.271883 0.196915
threshold=0.34068132918798305 0.61023881920827894 -1.2596652578405247 -1.6320692577128511 1.6020790147655142 0.055401289310939211
decision_type=2 2 2 2 2 2
left_child=1 2 -1 -2 5 -5
right_child=3 -3 -4 4 -6 -7
leaf_value=0.0048047718628479738 -0.0080963834097856815 0.008321394457706641 -0.015318809753738814 0.01259504606850711 -0.0068009734923766595 -0.0042406871307162268
leaf_weight=1.1359324532677417 0.30208205123199139 1.2423855092492884 4.8937610248613055 5.5751685151917627 0.89499323721975077 0.6222818485694005
leaf_count=347 79 177 1987 696 258 243
internal_value=-0.00149034 -0.00640068 -0.0111909 0.00379229 0.0065548 0.0100728
internal_weight=14.6666 7.27208 6.02969 7.39453 7.09244 6.19745
internal_count=3787 2511 2334 1276 1197 939
is_linear=0
shrinkage=0.05


Tree=294
num_leaves=7
num_cat=0
split_feature=41 26 42 41 42 43
split_gain=0.341972 0.263381 0.242995 0.331067 0.335903 0.302715
threshold=1.1457052944242745 -0.42561304577624887 1.0588256208313371 -1.1235427855594671 -1.0003526479396008 -0.17028291249588032
decision_type=2 2 2 2 2 2
left_child=1 -1 3 -3 -5 -4
right_child=-2 2 5 4 -6 -7
leaf_value=-0.006565699245385379 -0.012419181311061608 -0.0044365557140758237 0.0075972849681533927 -0.00062912050953195043 0.020606628110817017 -0.011156628273652285
leaf_weight=2.7136572677263748 1.6252893408091047 1.5618636926883462 1.2121750611913742 2.3994769130076725 3.2917900670217954 1.6880320040290824
leaf_count=1075 699 483 170 548 305 477
internal_value=-0.000528307 0.00303782 0.00651661 0.0103399 0.0145267 -0.00344082
internal_weight=14.4923 12.867 10.1533 7.25313 5.69127 2.90021
internal_count=3757 3058 1983 1336 853 647
is_linear=0
shrinkage=0.05


Tree=295
num_leaves=7
num_cat=0
split_feature=54 1 33 12 49 1
split_gain=0.41108 0.237406 0.228226 0.249674 0.254629 0.215212
threshold=-0.098095266772930081 0.28399300086431284 -0.8144822093964631 0.33660045937605937 -0.3563589200727057 1.1308632647958348
decision_type=2 2 2 2 2 2
left_child=2 -2 -1 4 -4 -3
right_child=1 5 3 -5 -6 -7
leaf_value=0.0031536604404981822 -0.0049039861982975181 0.014397192815821459 -0.022175135673650571 0.0031347567730607069 -0.0022339244431110678 -0.0041970228932888968
leaf_weight=1.502639917511259 1.9607750367140404 2.5219180014682938 2.9234004600948529 1.0529065364971755 3.2205289586709114 0.63392242122790765
leaf_count=175 432 175 1866 241 815 123
internal_value=-0.00466356 0.00491842 -0.0101153 -0.0129985 -0.0158847 0.010437
internal_weight=13.8161 5.11662 8.69948 7.19684 6.14393 3.15584
internal_count=3827 730 3097 2922 2681 298
is_linear=0
shrinkage=0.05


Tree=296
num_leaves=7
num_cat=0
split_feature=16 12 16 31 44 61
split_gain=0.278189 0.373179 0.295878 0.352202 0.220535 0.187587
threshold=-0.36831867093583637 -0.063278856555778126 1.4689526365835628 0.068915195558740414 -1.1838125098983383 0.093642213442918246
decision_type=2 2 2 2 2 2
left_child=1 4 -2 -4 -1 -3
right_child=2 5 3 -5 -6 -7
leaf_value=0.0038407714330342549 0.016806608534509725 -0.0052072649106105137 -0.011271752905390373 0.0064572006391525232 -0.015657927826930859 0.0095567563987196073
leaf_weight=0.58348533562093541 1.121662648161873 1.1190211789944444 1.5462716857291523 4.3088024307362502 3.3538688010157784 2.5514983467874117
leaf_count=143 58 316 457 505 1763 560
internal_value=0.000631321 -0.00510183 0.00653732 -0.00045737 -0.012357 0.00473808
internal_weight=14.5846 7.60787 6.97674 5.85507 3.93735 3.67052
internal_count=3802 2782 1020 962 1906 876
is_linear=0
shrinkage=0.05


Tree=297
num_leaves=7
num_cat=0
split_feature=33 62 50 6 4 4
split_gain=0.254108 0.338472 0.232876 0.237963 0.222316 0.214573
threshold=0.31719442042265983 -0.82092500647691247 2.1484087937713574 0.98862337498302066 -0.54126197629634343 -0.69414667091355131
decision_type=2 2 2 2 2 2
left_child=1 5 3 4 -3 -1
right_child=-2 2 -4 -5 -6 -7
leaf_value=0.0039987594264003267 -0.0099270049885696182 -0.00059805074744252826 -0.0058864179429200282 -0.005664892815384538 0.016501441993694452 -0.010814284445628186
leaf_weight=2.2175677021514275 1.3042089195296291 2.1685078062728254 0.54411757060006571 0.30204888028674748 5.7388267623609854 2.5896744511992429
leaf_count=402 1077 464 394 192 748 525
internal_value=0.00107651 0.00374136 0.00863949 0.01092 0.0129374 -0.00507023
internal_weight=14.865 13.5607 8.7535 8.20938 7.90733 4.80724
internal_count=3802 2725 1798 1404 1212 927
is_linear=0
shrinkage=0.05


Tree=298
num_leaves=7
num_cat=0
split_feature=12 44 16 0 31 36
split_gain=0.258009 0.288624 0.259058 0.176625 0.166127 0.15046
threshold=-0.056865624578076944 0.41501117724114739 1.4689526365835628 -0.73140126386035542 3.1095361707485849 -0.50470468681563918
decision_type=2 2 2 2 2 2
left_child=1 4 3 -2 -1 -3
right_child=2 5 -4 -5 -6 -7
leaf_value=-0.013285199144594804 -0.0021969566360910673 -0.0064353185295832772 -0.0059096958495064196 0.014382436348085613 0.0036583483192176081 0.0069593115401980323
leaf_weight=4.430178526126836 1.2228531075088533 0.36673573635925993 1.1881266805721677 3.0942763345519793 0.44187199359294016 3.7339087975851726
leaf_count=1935 420 330 286 473 27 339
internal_value=-0.000417665 -0.00508845 0.00630464 0.0107109 -0.0109399 0.0035486
internal_weight=14.478 8.9727 5.50526 4.31713 4.87205 4.10064
internal_count=3810 2631 1179 893 1962 669
is_linear=0
shrinkage=0.05


Tree=299
num_leaves=7
num_cat=0
split_feature=32 6 39 43 0 62
split_gain=0.324668 0.344078 0.331811 0.224532 0.220065 0.190167
threshold=0.5902723098758843 -0.19182784403402889 -0.47523085322351716 -1.0977794755078254 -0.50530758083110638 -1.8280904752332725
decision_type=2 2 2 2 2 2
left_child=2 5 4 -3 -1 -2
right_child=1 3 -4 -5 -6 -7
leaf_value=-0.0073015763085050702 -0.0027506197999706944 0.0060907817993929598 -0.015082892400632018 -0.010756390223717971 0.0088914592150435758 0.014835028399157008
leaf_weight=0.82267298254009835 1.0009060159791263 0.73512873242725651 4.3519880455423845 2.460364324884722 1.9483188997692193 2.574658756115241
leaf_count=402 85 59 1864 764 517 149
internal_value=-0.00349779 0.0036548 -0.00936513 -0.00580809 0.00278743 0.0109033
internal_weight=13.894 6.77106 7.12298 3.19549 2.77099 3.57556
internal_count=3840 1057 2783 823 919 234
is_linear=0
shrinkage=0.05


end of trees

feature_importances:
Column_33=109
Column_12=106
Column_37=88
Column_32=79
Column_27=76
Column_40=75
Column_42=75
Column_1=70
Column_41=66
Column_39=63
Column_29=59
Column_0=55
Column_6=54
Column_16=46
Column_44=46
Column_15=43
Column_36=39
Column_61=39
Column_62=39
Column_60=38
Column_31=34
Column_43=34
Column_34=32
Column_11=28
Column_45=28
Column_9=27
Column_28=24
Column_7=23
Column_10=23
Column_47=22
Column_4=21
Column_26=21
Column_54=20
Column_35=18
Column_53=18
Column_14=16
Column_17=15
Column_22=15
Column_50=15
Column_3=13
Column_49=12
Column_8=11
Column_30=11
Column_2=10
Column_59=10
Column_38=9
Column_56=8
Column_24=7
Column_46=3
Column_5=2
Column_19=2
Column_55=2
Column_51=1

parameters:
[boosting: gbdt]
[objective: binary]
[metric: binary_logloss]
[tree_learner: serial]
[device_type: cpu]
[data_sample_strategy: bagging]
[data: ]
[valid: ]
[num_iterations: 300]
[learning_rate: 0.05]
[num_leaves: 7]
[num_threads: 4]
[seed: 0]
[deterministic: 0]
[force_col_wise: 0]
[force_row_wise: 0]
[histogram_pool_size: -1]
[max_depth: -1]
[min_data_in_leaf: 30]
[min_sum_hessian_in_leaf: 0.001]
[bagging_fraction: 0.8]
[pos_bagging_fraction: 1]
[neg_bagging_fraction: 1]
[bagging_freq: 1]
[bagging_seed: 7719]
[bagging_by_query: 0]
[feature_fraction: 0.7]
[feature_fraction_bynode: 1]
[feature_fraction_seed: 2437]
[extra_trees: 0]
[extra_seed: 11797]
[early_stopping_round: 0]
[early_stopping_min_delta: 0]
[first_metric_only: 0]
[max_delta_step: 0]
[lambda_l1: 0]
[lambda_l2: 3]
[linear_lambda: 0]
[min_gain_to_split: 0]
[drop_rate: 0.1]
[max_drop: 50]
[skip_drop: 0.5]
[xgboost_dart_mode: 0]
[uniform_drop: 0]
[drop_seed: 21238]
[top_rate: 0.2]
[other_rate: 0.1]
[min_data_per_group: 100]
[max_cat_threshold: 32]
[cat_l2: 10]
[cat_smooth: 10]
[max_cat_to_onehot: 4]
[top_k: 20]
[monotone_constraints: ]
[monotone_constraints_method: basic]
[monotone_penalty: 0]
[feature_contri: ]
[forcedsplits_filename: ]
[refit_decay_rate: 0.9]
[cegb_tradeoff: 1]
[cegb_penalty_split: 0]
[cegb_penalty_feature_lazy: ]
[cegb_penalty_feature_coupled: ]
[path_smooth: 0]
[interaction_constraints: ]
[verbosity: -1]
[saved_feature_importance_type: 0]
[use_quantized_grad: 0]
[num_grad_quant_bins: 4]
[quant_train_renew_leaf: 0]
[stochastic_rounding: 1]
[linear_tree: 0]
[max_bin: 255]
[max_bin_by_feature: ]
[min_data_in_bin: 3]
[bin_construct_sample_cnt: 200000]
[data_random_seed: 38]
[is_enable_sparse: 1]
[enable_bundle: 1]
[use_missing: 1]
[zero_as_missing: 0]
[feature_pre_filter: 1]
[pre_partition: 0]
[two_round: 0]
[header: 0]
[label_column: ]
[weight_column: ]
[group_column: ]
[ignore_column: ]
[categorical_feature: ]
[forcedbins_filename: ]
[precise_float_parser: 0]
[parser_config_file: ]
[objective_seed: 8855]
[num_class: 1]
[is_unbalance: 0]
[scale_pos_weight: 1]
[sigmoid: 1]
[boost_from_average: 1]
[reg_sqrt: 0]
[alpha: 0.9]
[fair_c: 1]
[poisson_max_delta_step: 0.7]
[tweedie_variance_power: 1.5]
[lambdarank_truncation_level: 30]
[lambdarank_norm: 1]
[label_gain: ]
[lambdarank_position_bias_regularization: 0]
[eval_at: ]
[multi_error_top_k: 1]
[auc_mu_weights: ]
[num_machines: 1]
[local_listen_port: 12400]
[time_out: 120]
[machine_list_filename: ]
[machines: ]
[gpu_platform_id: -1]
[gpu_device_id: -1]
[gpu_device_id_list: ]
[gpu_use_dp: 0]
[num_gpu: 1]

end of parameters

pandas_categorical:null
