tree
version=v4
num_class=1
num_tree_per_iteration=1
label_index=0
max_feature_idx=62
objective=binary sigmoid:1
feature_names=Column_0 Column_1 Column_2 Column_3 Column_4 Column_5 Column_6 Column_7 Column_8 Column_9 Column_10 Column_11 Column_12 Column_13 Column_14 Column_15 Column_16 Column_17 Column_18 Column_19 Column_20 Column_21 Column_22 Column_23 Column_24 Column_25 Column_26 Column_27 Column_28 Column_29 Column_30 Column_31 Column_32 Column_33 Column_34 Column_35 Column_36 Column_37 Column_38 Column_39 Column_40 Column_41 Column_42 Column_43 Column_44 Column_45 Column_46 Column_47 Column_48 Column_49 Column_50 Column_51 Column_52 Column_53 Column_54 Column_55 Column_56 Column_57 Column_58 Column_59 Column_60 Column_61 Column_62
feature_infos=[-1.6329847159399533:4.4855011260367599] [-1.1935389018152593:5.5882262342247913] [-0.65000339796109097:6.3305032169556448] [-0.7527238334990074:6.7390714226684985] [-1.3712644055131786:4.7062296343947905] [-1.9369145944078419:2.5497577768784208] [-2.3808199103666157:1.9742428394050229] [-2.201873748460474:2.726970306258766] [-2.2447991545235535:2.6701571783534312] [-1.4581389229352617:1.5090197286770395] [-0.99424717735239643:2.7976948084112574] [-0.85399115912742996:4.5405852623188361] [-0.48065220752808108:36.960432322230936] [-0.115080315005856:8.801991769830229] [-0.40217128097645394:2.5041624093360531] [-1.007722885713656:1.0045212039704261] [-0.59797758437576132:1.6986115500234873] [-0.25718795686960472:3.9961279596084469] none [-0.13610641900696424:7.4682466457506553] none none [-2.1140283398429736:0.47793532947943956] [-0.1788608749820815:5.6339935726065251] [-0.37253690146185747:2.7145520459324244] [-0.1855426480048957:5.4462566343247412] [-1.8190429722044097:4.306319314130171] [-1.4730068970010806:4.2533514224497182] [-0.72808934958605664:6.1948024886065953] [-2.5842605250945354:1.9326021402233886] [-2.1135789998155987:2.4888574229861367] [-2.0137423023520347:4.7859580116005098] [-1.7601905948560845:4.0511534711108128] [-0.8176428603411845:7.0691857789351298] [-2.7728694374164142:1.9983251590045055] [-2.3221770775077086:2.6924746221277567] [-1.0273602650065172:2.1086045637870385] [-2.515015438978478:4.0555408282542125] [-0.26496772615515057:23.525344561998963] [-1.5401685458818537:5.9936590195977804] [-0.87964177241332242:8.1627540024446628] [-1.4303491021976937:1.3698089431919185] [-1.4208120294255775:1.4842672132184478] [-8.2397547413793397:7.2963186183776516] [-7.3025576360497864:7.763499548727685] [-0.99154253211235943:7.2128870667159743] [-0.36457254738376993:2.787374881849924] [-0.86231017061990656:1.1683375101560807] [-0.21488834230350132:4.6612904102732484] [-0.58656646735663209:1.7155090054826314] [-0.41420038999446684:2.4331431475231149] [-0.12576185076370144:8.0675660965075746] none [-0.37963958727649155:2.9725716871419552] [-0.41379480699587257:3.4559494392234607] [-0.26794974025706325:3.8393090161003101] [-0.21200975160859672:4.8049823468617223] [-0.17645270941501004:5.725499144838115] none [-2.5262750085977954:0.40237884064710377] [-0.30938309663561425:4.9677583060998858] [-2.5076095965807523:1.6644238033058534] [-7.5958575338262939:2.5005999718367766]
tree_sizes=897 891 899 899 893 891 896 886 895 891 888 895 900 894 897 902 900 896 890 901 895 899 895 893 891 890 890 899 896 897 901 900 895 890 890 896 899 899 896 895 891 889 900 894 901 902 895 892 896 887 892 899 892 899 894 897 896 893 896 893 897 897 891 904 892 895 889 902 904 896 900 898 898 897 902 901 901 900 899 903 894 899 894 899 898 900 906 899 892 901 900 892 900 903 898 902 897 900 900 896 904 904 900 900 899 899 898 892 901 898 902 900 903 906 904 903 904 898 903 899 894 905 904 906 902 905 900 895 907 906 901 903 903 906 903 907 902 909 900 907 897 900 905 900 910 901 904 900 907 906 903 902 905 903 907 899 906 896 899 903 904 914 908 903 901 905 905 900 909 906 910 907 906 904 904 901 902 905 903 909 908 904 903 909 908 907 909 896 913 910 900 910 898 905 906 907 909 910 911 905 903 906 908 911 904 897 911 904 901 907 906 905 907 904 911 901 909 902 906 904 918 910 904 906 906 903 904 906 906 907 904 908 910 907 907 908 904 902 909 905 908 913 900 912 903 910 905 907 913 907 907 906 909 907 899 907 906 906 897 912 909 914 909 908 909 910 903 909 915 904 905 904 906 907 912 911 900 901 910 902 906 902 902 904 907 909 901 911 912 915 911 903 911 905 898 903 912 914 906 907

Tree=0
num_leaves=7
num_cat=0
split_feature=60 16 40 36 43 33
split_gain=42.898 11.9983 5.41932 5.10176 4.94056 2.29986
threshold=-0.29016374764685149 -0.36831867093583637 -0.40348984174063979 -0.74344568923169252 0.58211085294693388 -0.048355227599196811
decision_type=2 2 2 2 2 2
left_child=1 4 -3 -2 -1 -6
right_child=3 2 -4 -5 5 -7
leaf_value=-0.063780689305387175 -0.0089236825592529188 -0.030271939011751875 0.024576049564599693 0.063526244820893529 0.016798606883864454 -0.030730865865851619
leaf_weight=17.293029543012384 1.9958090409636522 4.2424190724268547 9.0408356357365829 16.568721745163202 3.2500733351334929 1.3309318767860521
leaf_count=1996 161 443 428 366 154 167
internal_value=-0.000831836 -0.0326472 0.00470877 0.0555795 -0.053164 -0.00370672
internal_weight=53.7218 35.1573 13.2833 18.5645 21.874 4.58101
internal_count=3715 3188 871 527 2317 321
is_linear=0
shrinkage=1


Tree=1
num_leaves=7
num_cat=0
split_feature=60 36 40 9 11 46
split_gain=38.6657 12.153 8.38108 6.39876 3.03413 2.39002
threshold=-0.29016374764685149 -0.20465557199667186 -0.31449203648469826 -0.68619508730031986 -0.36421070221050494 0.3446156241938112
decision_type=2 2 2 2 2 2
left_child=1 -1 5 -2 -4 -3
right_child=3 2 4 -5 -6 -7
leaf_value=-0.05699688103164683 -0.019685899302111776 -0.041034292276963952 0.03314141934700409 0.062617198617451422 -0.018227664451143925 0.012673543974412588
leaf_weight=15.734957327600567 1.2807427411898995 7.5733533720485884 10.248556642793117 17.581786112859845 1.6020689350552846 1.1036836649291215
leaf_count=1747 138 830 414 371 164 45
internal_value=0.00189244 -0.0278765 -0.0011336 0.0550944 0.0239176 -0.0327019
internal_weight=55.1251 36.2626 20.5277 18.8625 11.8506 8.67704
internal_count=3709 3200 1453 509 578 875
is_linear=0
shrinkage=0.05


Tree=2
num_leaves=7
num_cat=0
split_feature=53 9 40 28 31 60
split_gain=46.0586 11.1159 8.06183 4.51702 3.61494 1.92133
threshold=-0.37550111484765819 0.51158031661394843 -0.3739466090575933 -0.39927696476332153 0.043232566796262376 -0.29016374764685149
decision_type=2 2 2 2 2 2
left_child=1 -1 -3 5 -4 -2
right_child=3 2 4 -5 -6 -7
leaf_value=-0.063818048678654468 0.0035783971315934042 -0.045929024466818617 -0.022317250666007662 -0.00039915579068504022 0.028499845395105236 0.067844666949115187
leaf_weight=16.474957440514117 1.6179908793419624 5.2555382503196624 2.3510561073198906 3.2690783212892702 9.4736543972976488 14.243269667960702
leaf_count=1957 102 631 241 215 403 204
internal_value=-0.00362858 -0.0379138 -0.00712603 0.0534961 0.0159245 0.0629008
internal_weight=52.6855 33.5552 17.0802 19.1303 11.8247 15.8613
internal_count=3753 3232 1275 521 644 306
is_linear=0
shrinkage=0.05


Tree=3
num_leaves=7
num_cat=0
split_feature=53 29 32 12 33 40
split_gain=34.3575 14.3515 11.9186 5.77999 4.23257 3.31588
threshold=-0.37550111484765819 0.13124256419717512 0.53752887767049995 0.18267219873577809 -0.35097002182627335 0.56639902674109188
decision_type=2 2 2 2 2 2
left_child=1 2 3 5 -2 -1
right_child=4 -3 -4 -5 -6 -7
leaf_value=-0.056050436902665202 0.059935213217402611 -0.062965560683383701 0.038116636574739994 0.01690401996074635 -0.0023246934403498075 0.0060820722479630928
leaf_weight=7.8180317608639616 15.23026536498219 13.848076372407375 8.3877671533264202 3.5116268540732554 2.9535539466887704 1.9987960867583749
leaf_count=964 300 1661 288 191 198 116
internal_value=-0.000244418 -0.0283336 -0.00128726 -0.0285318 0.0509254 -0.0449372
internal_weight=53.7481 35.5643 21.7162 13.3285 18.1838 9.81683
internal_count=3718 3220 1559 1271 498 1080
is_linear=0
shrinkage=0.05


Tree=4
num_leaves=7
num_cat=0
split_feature=60 32 6 34 34 27
split_gain=38.0856 7.25427 7.09724 3.9786 3.8755 3.03203
threshold=-0.26874752469212998 0.87557792531819023 -0.073393058623133819 -1.6417902678222795 0.18999286540263408 -0.97881197763838435
decision_type=2 2 2 2 2 2
left_child=1 3 -3 5 -2 -1
right_child=4 2 -4 -5 -6 -7
leaf_value=-0.028295540464807041 0.060715803398122672 0.035336592313743399 -0.032350747537692549 -0.051818367941054211 0.0030785949208666117 0.028828054680039072
leaf_weight=1.3487157127819958 15.655388277955355 5.323662337847054 4.2822866155765933 20.761546444147825 3.8506836211308828 2.0202179877087501
leaf_count=191 280 159 458 2311 233 49
internal_value=4.79907e-05 -0.0313332 0.00464403 -0.0445849 0.0512647 0.00340306
internal_weight=53.2425 33.7364 9.60595 24.1305 19.5061 3.36893
internal_count=3681 3168 617 2551 513 240
is_linear=0
shrinkage=0.05


Tree=5
num_leaves=7
num_cat=0
split_feature=60 33 12 49 34 11
split_gain=34.4708 8.34328 5.55753 5.83044 5.36345 2.50408
threshold=-0.29016374764685149 -0.80689678281942456 0.61023881920827894 -0.3563589200727057 0.26914282238120879 -0.2898947589384237
decision_type=2 2 2 2 2 2
left_child=1 -1 3 -3 -2 -5
right_child=4 2 -4 5 -6 -7
leaf_value=0.016543160726220817 0.057520424532919445 -0.06643118671602137 0.014938588410452956 0.0050777312604275635 -0.006842997242954338 -0.037701944306100105
leaf_weight=5.5788419237360349 15.594677122309806 15.513348273467276 2.4252136019058517 6.8778332467190921 3.2012785696424535 2.801805391907692
leaf_count=287 295 1973 132 456 233 344
internal_value=-0.00269746 -0.0324745 -0.0430267 -0.0496026 0.0471252 -0.0132955
internal_weight=51.993 33.197 27.6182 25.193 18.796 9.67964
internal_count=3720 3192 2905 2773 528 800
is_linear=0
shrinkage=0.05


Tree=6
num_leaves=7
num_cat=0
split_feature=53 29 32 9 12 37
split_gain=30.0696 11.5632 12.3682 3.35486 3.22507 2.90731
threshold=-0.37550111484765819 0.21353880924219826 0.53752887767049995 -0.68619508730031986 1.252925396848606 2.2125799240304098
decision_type=2 2 2 2 2 2
left_child=1 2 4 -2 -1 -3
right_child=3 5 -4 -5 -6 -7
leaf_value=-0.039262810268654615 -0.0087763431604221884 -0.064679714660741613 0.035590624321434616 0.052912806756761056 0.016836028827472285 0.0092559857926626937
leaf_weight=11.686613229569049 1.5988668329082454 11.863688681274649 9.0965266646817309 17.248044041916728 1.3462930363602925 0.69978515943512398
leaf_count=1266 132 1528 323 390 54 28
internal_value=0.000547316 -0.0265322 -0.00290259 0.0471929 -0.0314019 -0.0595711
internal_weight=53.5398 34.6929 22.1294 18.8469 13.0329 12.5635
internal_count=3721 3199 1643 522 1320 1556
is_linear=0
shrinkage=0.05


Tree=7
num_leaves=7
num_cat=0
split_feature=60 32 34 12 34 27
split_gain=28.3065 6.4622 7.62282 4.7848 4.49262 1.95338
threshold=-0.29016374764685149 0.47633501648420462 0.13143323136120627 1.039837143016775 0.16794529811606876 -0.96084941809771396
decision_type=2 2 2 2 2 2
left_child=1 3 -3 -1 5 -2
right_child=4 2 -4 -5 -6 -7
leaf_value=-0.050392486780730363 -0.007715704180421998 0.029762017444501562 -0.032670425832780257 0.016086714918479874 -0.0027622031912629746 0.057950574543039757
leaf_weight=18.30570291122422 0.50977255916223185 7.2689724587835354 6.332460303325206 1.6828235960565496 3.816283061169087 14.696032848209141
leaf_count=2150 52 280 680 77 259 226
internal_value=-0.000323658 -0.0272639 4.39652e-05 -0.0434267 0.044482 0.0548405
internal_weight=52.612 33.59 13.6014 19.9885 19.0221 15.2058
internal_count=3724 3187 960 2227 537 278
is_linear=0
shrinkage=0.05


Tree=8
num_leaves=7
num_cat=0
split_feature=53 28 40 3 32 31
split_gain=25.1512 8.27466 5.48359 3.83799 3.06968 2.57408
threshold=-0.27617693850284059 -0.59375026495743144 -0.67684099483737203 -0.12523844402304884 1.5798015993349428 0.043232566796262376
decision_type=2 2 2 2 2 2
left_child=1 2 -1 -2 -3 -4
right_child=3 4 5 -5 -6 -7
leaf_value=-0.03928421571176028 0.050486920070948141 -0.051910449706245379 -0.013888628245103792 -0.013131967207465066 0.0033089712203325378 0.028492196902020844
leaf_weight=2.8046024348586789 15.940072881523522 16.15915397414938 2.9303726847283533 1.4747970695607353 2.499462137464433 9.5141681814566237
leaf_count=392 352 1949 285 137 170 401
internal_value=-0.00060265 -0.0252034 0.00252955 0.0439612 -0.0450796 0.0177533
internal_weight=51.3226 33.9078 15.2491 17.4149 18.6586 12.4445
internal_count=3686 3197 1078 489 2119 686
is_linear=0
shrinkage=0.05


Tree=9
num_leaves=7
num_cat=0
split_feature=60 3 40 6 43 33
split_gain=23.3951 7.0148 5.61004 4.21917 2.50434 2.50208
threshold=-0.29016374764685149 -0.52835026998942214 -0.31449203648469826 0.51873502566555441 2.0768367503367862 -0.19777568158251832
decision_type=2 2 2 2 2 2
left_child=1 2 -1 -2 -3 -4
right_child=3 4 5 -5 -6 -7
leaf_value=-0.028935127403051326 0.051273931130736042 -0.045479438277138323 0.029135359984088661 -0.0094078483015751172 0.010493880491552155 -0.020250244994466707
leaf_weight=6.0693384297192123 16.728688257280741 16.52642318978906 10.135629086289553 2.3701697257347396 1.1152793127112079 0.94482512446120281
leaf_count=668 337 1944 432 185 51 123
internal_value=0.00275241 -0.0212868 0.00200524 0.0434885 -0.04093 0.0215069
internal_weight=53.8904 34.7915 17.1498 19.0989 17.6417 11.0805
internal_count=3740 3218 1223 522 1995 555
is_linear=0
shrinkage=0.05


Tree=10
num_leaves=7
num_cat=0
split_feature=53 33 34 12 32 40
split_gain=24.0453 7.03901 4.59307 3.5352 3.39582 2.68731
threshold=-0.37550111484765819 -0.80568201547572904 0.03166596543901385 1.039837143016775 1.4831797132513185 -0.40348984174063979
decision_type=2 2 2 2 2 2
left_child=1 5 -2 4 -3 -1
right_child=2 3 -4 -5 -6 -7
leaf_value=-0.022346803553935105 0.052932292168939181 -0.047665448394010324 -0.0037459334671750923 0.01507129326333622 0.0028228488543444513 0.02994359153048223
leaf_weight=1.0374606936238704 13.73114194488153 21.70097671775148 4.065000624395906 1.5981026641093183 3.4754152134992173 4.9798137480393043
leaf_count=146 230 2570 280 75 240 160
internal_value=-0.00152893 -0.0262933 0.0413131 -0.036602 -0.0411374 0.0164928
internal_weight=50.5879 32.7918 17.7961 26.7745 25.1764 6.01727
internal_count=3701 3191 510 2885 2810 306
is_linear=0
shrinkage=0.05


Tree=11
num_leaves=7
num_cat=0
split_feature=54 29 32 11 44 12
split_gain=18.0631 8.23402 6.32796 4.90629 4.04297 2.54071
threshold=-0.081585002946435295 0.40766463214393905 0.53752887767049995 -0.13706353186396494 0.43941353466153277 1.252925396848606
decision_type=2 2 2 2 2 2
left_child=1 2 4 -2 5 -1
right_child=3 -3 -4 -5 -6 -7
leaf_value=-0.043591611686349924 0.046082456517709314 -0.052040530591526947 0.025957282422387123 -0.014905122451156785 0.014188429423150104 0.01306951073098556
leaf_weight=8.6012814524583519 17.176541744265709 9.665537588298319 9.1992545644752663 2.461282434873282 3.9252455108799031 0.97507638577371913
leaf_count=1085 420 1277 418 224 235 38
internal_value=0.00273459 -0.0197354 -0.00151156 0.0374764 -0.0215438 -0.0360809
internal_weight=52.0042 32.3664 22.7009 19.6378 13.5016 9.57636
internal_count=3697 3053 1776 644 1358 1123
is_linear=0
shrinkage=0.05


Tree=12
num_leaves=7
num_cat=0
split_feature=54 36 44 1 49 34
split_gain=17.2998 6.32639 6.13017 5.05049 4.04617 3.23118
threshold=-0.098095266772930081 -0.55793768978440972 0.23260876970270197 -0.59402236000858399 -0.3563589200727057 -0.017961300460610872
decision_type=2 2 2 2 2 2
left_child=1 -1 4 -2 -3 -5
right_child=3 2 -4 5 -6 -7
leaf_value=-0.049815520374403656 -0.020231998410760281 -0.041076156323200899 0.020887365239100911 0.053423282208257039 0.013053048375923941 0.0030636823806256402
leaf_weight=9.8919708509929496 1.9425927079282725 8.4375131148844975 9.9315408323891443 12.80892906757072 3.2592436634004107 4.4664675719104681
leaf_count=1300 196 1047 527 185 199 271
internal_value=0.000134354 -0.0220225 -0.00479128 0.0345414 -0.0264077 0.0427829
internal_weight=50.7383 31.5203 21.6283 19.218 11.6968 17.2754
internal_count=3725 3073 1773 652 1246 456
is_linear=0
shrinkage=0.05


Tree=13
num_leaves=7
num_cat=0
split_feature=53 29 49 34 28 43
split_gain=17.238 6.89172 7.65717 4.23397 3.61554 2.25839
threshold=-0.37550111484765819 0.40766463214393905 -0.3563589200727057 0.2898680753507093 -0.6828113115236264 0.11098720424641599
decision_type=2 2 2 2 2 2
left_child=1 2 4 -2 5 -1
right_child=3 -3 -4 -5 -6 -7
leaf_value=-0.020455788220503469 0.0461823861758624 -0.051939585595801557 0.029393993931333063 -0.0096771162793037307 -0.045802595839917436 0.018959285702316305
leaf_weight=4.188562863506375 13.548132734838875 9.797530413605271 7.4898981004953376 3.1146464226767412 6.4340283973142531 4.3529644934460521
leaf_count=432 286 1332 350 233 868 200
internal_value=-0.00175331 -0.0225761 -0.00516008 0.0358576 -0.0244634 -0.000662024
internal_weight=48.9258 32.263 22.4655 16.6628 14.9756 8.54153
internal_count=3701 3182 1850 519 1500 632
is_linear=0
shrinkage=0.05


Tree=14
num_leaves=7
num_cat=0
split_feature=53 16 40 43 29 33
split_gain=14.9895 6.6608 3.51938 3.19869 2.69184 2.24338
threshold=-0.37550111484765819 -0.36831867093583637 -0.55400361992756697 0.44651420500933076 0.76931146049016308 -0.048355227599196811
decision_type=2 2 2 2 2 2
left_child=1 3 -3 -1 -2 -5
right_child=4 2 -4 5 -6 -7
leaf_value=-0.045646634040093614 0.041048133355734394 -0.026576820953326252 0.021524797392678374 0.01723760913845461 -0.010876981276286295 -0.0277566256201662
leaf_weight=14.897723237518223 14.771575700026007 2.5625384803861371 9.801361193880437 3.8476341902278364 1.6346374214626838 1.6579881031066168
leaf_count=1901 381 330 503 219 137 229
internal_value=-0.000410798 -0.0195853 0.00831248 -0.0353891 0.0349929 -0.00132303
internal_weight=49.1735 32.7672 12.3639 20.4033 16.4062 5.50562
internal_count=3700 3182 833 2349 518 448
is_linear=0
shrinkage=0.05


Tree=15
num_leaves=7
num_cat=0
split_feature=11 33 27 55 24 11
split_gain=13.3283 7.70845 5.91362 2.00549 1.52155 1.48284
threshold=-0.32767475085408604 -0.062271963224750496 -0.80894692009973512 1.0000000180025095e-35 1.8141562480906714 -0.40252546269235784
decision_type=2 2 2 2 2 2
left_child=1 2 -1 -2 -4 -3
right_child=3 5 4 -5 -6 -7
leaf_value=-0.027044062189598581 -0.044387135643421075 -0.039198474776750668 0.035619672946629287 0.0067767073294556241 -0.0062436316043237381 0.0080221930034183094
leaf_weight=2.5338373500853768 12.822271297220139 4.1625444800592959 23.43481969693676 1.3512563728727389 1.4747603861615051 1.0135791921056831
leaf_count=322 1645 535 893 63 147 58
internal_value=-0.00316064 0.0144707 0.0250958 -0.0391776 0.0327365 -0.0304011
internal_weight=46.7931 32.6195 27.4434 14.1735 24.9096 5.17612
internal_count=3663 1955 1362 1708 1040 593
is_linear=0
shrinkage=0.05


Tree=16
num_leaves=7
num_cat=0
split_feature=53 29 40 37 9 35
split_gain=15.3812 6.81232 4.67774 3.42739 2.49388 2.48124
threshold=-0.37550111484765819 0.40766463214393905 -0.40348984174063979 1.0000000180025095e-35 -0.68619508730031986 -1.0363182128859225
decision_type=2 2 2 2 2 2
left_child=1 2 -1 5 -2 -4
right_child=4 -3 3 -5 -6 -7
leaf_value=-0.028264410481105857 -0.0099011844396359912 -0.047374719379150221 0.015222872013322073 0.031048099438085692 0.041380294527330497 -0.028980362110819297
leaf_weight=7.4762104107066998 1.5442725601606095 9.8726296187378448 3.347758471965788 8.3663471839390677 15.943669230211524 3.8415667503140893
leaf_count=899 129 1374 178 341 395 443
internal_value=0.00157744 -0.0182339 -0.00172252 0.0135411 0.0360652 -0.00997514
internal_weight=50.3925 32.9045 23.0319 15.5557 17.4879 7.18933
internal_count=3759 3235 1861 962 524 621
is_linear=0
shrinkage=0.05


Tree=17
num_leaves=7
num_cat=0
split_feature=53 40 36 1 11 12
split_gain=11.1025 6.90248 8.26702 2.63815 2.43251 1.87218
threshold=-0.37550111484765819 -0.40348984174063979 -0.55793768978440972 -0.9118511649734703 -0.34246813813775739 -0.22052200158636767
decision_type=2 2 2 2 2 2
left_child=1 -1 -3 -2 5 -4
right_child=3 2 4 -5 -6 -7
leaf_value=-0.043825321802557576 -0.016986600058770902 -0.036083044501477195 0.0006617973349530475 0.037143392592171816 -0.011911386893250062 0.039104941965727308
leaf_weight=10.390188761521129 0.83052906999364573 6.8784697670489541 4.4996249903924772 14.967885822989043 3.0119682764634517 8.6059523811563849
leaf_count=1431 95 907 277 418 315 293
internal_value=0.000886246 -0.0152825 0.00118315 0.032041 0.0202538 0.0284879
internal_weight=49.1846 33.3862 22.996 15.7984 16.1175 13.1056
internal_count=3736 3223 1792 513 885 570
is_linear=0
shrinkage=0.05


Tree=18
num_leaves=7
num_cat=0
split_feature=53 29 32 34 32 35
split_gain=11.8802 6.8572 5.21555 3.24522 2.98061 2.4401
threshold=-0.27617693850284059 0.21353880924219826 0.53752887767049995 -1.601014412045046 -1.1861991923791082 0.3619292697431879
decision_type=2 2 2 2 2 2
left_child=1 2 3 4 -1 -5
right_child=-2 -3 -4 5 -6 -7
leaf_value=-0.022991156580816064 0.033428750713307261 -0.042225853338720844 0.028111981225232077 -0.037531050098318038 0.033442733560543642 0.016568703651273272
leaf_weight=1.2366025713272391 16.135102573782206 11.300357975531368 8.2525698114186508 8.3719429639168084 2.9320692364126435 0.7605461338534959
leaf_count=191 495 1553 317 1045 75 22
internal_value=0.0017049 -0.0153686 0.00215115 -0.0161653 0.0140863 -0.0300428
internal_weight=48.9892 32.8541 21.5537 13.3012 4.16867 9.13249
internal_count=3698 3203 1650 1333 266 1067
is_linear=0
shrinkage=0.05


Tree=19
num_leaves=7
num_cat=0
split_feature=59 29 40 11 29 0
split_gain=11.6187 7.70931 4.14203 2.77003 2.32554 1.59833
threshold=1.0000000180025095e-35 -0.17692163204047692 -0.67684099483737203 -0.070864812512376155 0.49591717960476611 0.91824523824194282
decision_type=2 2 2 2 2 2
left_child=4 2 -2 5 -1 -4
right_child=1 -3 3 -5 -6 -7
leaf_value=0.040572660598661749 -0.033192213976205621 -0.038991664843971333 0.03305281471719046 -0.021185177234484088 -0.0056709427758216214 -0.00042601127192471014
leaf_weight=12.802896707318721 2.4930510763078955 14.882723824586717 9.6855174414813536 1.8093222100287647 2.4682667977176598 4.8534770789556214
leaf_count=308 379 1926 407 238 193 308
internal_value=0.000857995 -0.0153998 0.00603138 0.0162319 0.0333944 0.0237155
internal_weight=48.9953 33.7241 18.8414 16.3483 15.2712 14.539
internal_count=3759 3258 1332 953 501 715
is_linear=0
shrinkage=0.05


Tree=20
num_leaves=7
num_cat=0
split_feature=53 3 31 60 42 42
split_gain=13.1787 6.51531 4.19429 2.2572 1.68188 1.94026
threshold=-0.24306882385104683 -0.52835026998942214 0.043232566796262376 -0.29016374764685149 1.058811095435124 -1.0806345128100685
decision_type=2 2 2 2 2 2
left_child=1 2 -1 -2 5 -4
right_child=3 -3 4 -5 -6 -7
leaf_value=-0.024920448910462068 -0.0073118159783476843 -0.037587611398398162 -0.012599175780174821 0.040064163463859159 -0.0086236790224512253 0.034881429758072818
leaf_weight=5.1209791842848089 1.9494088022038365 14.905321715865282 1.0418250118382264 15.132426674943416 2.6537234862335017 8.4188254699110967
leaf_count=611 150 2000 112 349 206 304
internal_value=0.00217339 -0.0164132 0.00475638 0.0343729 0.0197577 0.0278783
internal_weight=49.2225 32.1407 17.2354 17.0818 12.1144 9.46065
internal_count=3732 3233 1233 499 622 416
is_linear=0
shrinkage=0.05


Tree=21
num_leaves=7
num_cat=0
split_feature=59 29 49 44 29 62
split_gain=14.345 4.43668 5.65009 3.84053 2.66183 1.30752
threshold=1.0000000180025095e-35 0.35596889076010813 -0.3563589200727057 0.3447031884683957 0.5455530330697983 -0.28988811827138911
decision_type=2 2 2 2 2 2
left_child=4 2 3 -2 -1 -4
right_child=1 -3 5 -5 -6 -7
leaf_value=0.042376290678770967 -0.035842988193922308 -0.042274450114484177 -0.0068438726284401263 0.010294793868429394 -0.0074679189077941346 0.034449306880475213
leaf_weight=13.904364347457888 9.6957028466276878 9.6046181968413276 1.3532346487045286 5.3025206108577541 2.2193319597281507 5.4803985785692921
leaf_count=312 1208 1390 121 302 180 203
internal_value=0.00073744 -0.0185873 -0.00431818 -0.0205342 0.0354203 0.0266789
internal_weight=47.5602 31.4365 21.8319 14.9982 16.1237 6.83363
internal_count=3716 3224 1834 1510 492 324
is_linear=0
shrinkage=0.05


Tree=22
num_leaves=7
num_cat=0
split_feature=29 27 12 39 40 46
split_gain=9.8187 7.7629 5.0547 4.95425 1.90437 1.53679
threshold=0.40766463214393905 -0.017035784114794384 0.090416827518409001 1.2971489927349398 -0.66661287316266116 0.3446156241938112
decision_type=2 2 2 2 2 2
left_child=1 2 -1 4 -3 -2
right_child=5 3 -4 -5 -6 -7
leaf_value=-0.035453244440839131 -0.039516766664289091 -0.0028968048902722576 0.018734440142467324 -0.026485505985401888 0.041225422958623442 0.00091281110005881272
leaf_weight=7.4743902413174492 9.4537441246211511 2.3116523781791392 4.8487202879041433 1.3546931650489558 20.156193026341498 2.7330673174001268
leaf_count=941 1385 173 281 176 608 161
internal_value=0.00219535 0.0153169 -0.0146387 0.0307167 0.0368793 -0.0320606
internal_weight=48.3325 36.1456 12.3231 23.8225 22.4678 12.1868
internal_count=3725 2179 1222 957 781 1546
is_linear=0
shrinkage=0.05


Tree=23
num_leaves=7
num_cat=0
split_feature=36 40 34 10 59 4
split_gain=11.9151 5.97154 2.68602 2.32166 2.22207 1.87924
threshold=-0.55793768978440972 -0.67684099483737203 0.51139620246871809 0.18485934003458585 1.0000000180025095e-35 -1.2539232152213609
decision_type=2 2 2 2 2 2
left_child=-1 4 3 5 -2 -3
right_child=1 2 -4 -5 -6 -7
leaf_value=-0.039417310322149512 0.010150873332098916 -0.013733323345630427 -0.014507572162630737 -0.014340628411371972 -0.039458765820254357 0.03367880646739229
leaf_weight=11.53062634449452 1.8859652946703134 0.6895507811568703 2.4790273746475568 1.4054922433570016 3.6641440996900192 24.618950592819608
leaf_count=1573 74 93 284 174 588 961
internal_value=-0.00100016 0.0138695 0.0228881 0.0274728 -0.0249543 0.0310685
internal_weight=46.2738 34.7431 29.193 26.714 5.55011 25.3085
internal_count=3747 2174 1512 1228 662 1054
is_linear=0
shrinkage=0.05


Tree=24
num_leaves=7
num_cat=0
split_feature=36 50 60 42 1 3
split_gain=11.6955 4.25577 3.95679 2.23944 1.93558 1.53683
threshold=0.14056711618106668 1.5077564978299012 -0.076004156670338108 1.058811095435124 -0.9118511649734703 -0.46750320191902622
decision_type=2 2 2 2 2 2
left_child=2 3 -1 4 -2 -6
right_child=1 -3 -4 -5 5 -7
leaf_value=-0.036692781508306627 -0.012771432260904256 -0.023373218476101982 0.0090434122946349074 -0.0020126707372391047 0.042840985477593713 0.001686586450052454
leaf_weight=15.008395914919676 0.65526998043061269 2.3513954225927582 5.0341108865104607 4.6902723275125018 16.434606659691791 2.8540450511500159
leaf_count=2067 87 339 259 305 440 216
internal_value=0.00134141 0.0218515 -0.0255234 0.0282371 0.034684 0.0377982
internal_weight=47.0281 26.9856 20.0425 24.6342 19.9439 19.2887
internal_count=3713 1387 2326 1048 743 656
is_linear=0
shrinkage=0.05


Tree=25
num_leaves=7
num_cat=0
split_feature=54 40 36 34 1 61
split_gain=9.97155 4.91902 3.96713 3.71244 1.66595 1.5251
threshold=-0.077053532434112462 0.17389157080257414 -0.51245051994275925 0.2898680753507093 -0.92779575385130741 0.73773492553641085
decision_type=2 2 2 2 2 2
left_child=1 -1 -3 4 -2 -5
right_child=3 2 -4 5 -6 -7
leaf_value=-0.032792378607816461 -0.0081889136043771359 -0.027411224375474493 0.022919797706901807 -0.029205130357170275 0.041679303832028627 0.011230743124465146
leaf_weight=16.423462822102014 0.88074159296229737 3.021289254538714 8.580894304905085 1.4843989829532795 13.212640279904006 2.4548713024705648
leaf_count=2160 77 465 415 188 274 115
internal_value=0.0007682 -0.0172941 0.00687437 0.0273027 0.0376726 -0.010045
internal_weight=46.0583 28.0256 11.6022 18.0327 14.0934 3.93927
internal_count=3694 3040 880 654 351 303
is_linear=0
shrinkage=0.05


Tree=26
num_leaves=7
num_cat=0
split_feature=11 33 32 6 50 47
split_gain=9.10028 5.16279 4.97481 2.72024 1.7899 2.16934
threshold=-0.32767475085408604 -0.019113969563298416 -0.96859267401783677 -1.4868859775187528 1.5077564978299012 0.96527274207848213
decision_type=2 2 2 2 2 2
left_child=1 2 -1 -2 5 -4
right_child=3 -3 4 -5 -6 -7
leaf_value=-0.027762776776666272 0.014925096300004884 -0.021829777122250302 0.043404014968755726 -0.035348192377781147 -0.01013279674431785 0.0099235678256563223
leaf_weight=1.7901262999512244 1.5303868823684759 4.8512742607854333 16.4096431080252 11.910723000764843 1.2420092704705883 9.3887084289453906
leaf_count=278 70 591 425 1655 152 555
internal_value=0.0031639 0.0168485 0.0248009 -0.0279452 0.0307058 0.0335226
internal_weight=47.1229 33.6818 28.8305 13.4411 27.0404 25.7984
internal_count=3726 2001 1410 1725 1132 980
is_linear=0
shrinkage=0.05


Tree=27
num_leaves=7
num_cat=0
split_feature=60 15 15 43 11 36
split_gain=10.5498 3.86561 4.05293 3.11928 1.76504 1.39831
threshold=-0.30334261672897295 0.80329679500201812 -0.80649847674524766 0.16988003336074861 0.24208738156513901 0.22605351741397908
decision_type=2 2 2 2 2 2
left_child=1 2 3 -1 -2 -3
right_child=4 5 -4 -5 -6 -7
leaf_value=-0.029144890873395665 0.033917845723699325 -0.044801509982649534 0.039714300931223599 0.0098662238672030944 -0.010580077909451308 -0.0014804880722570906
leaf_weight=8.3352817934937793 14.07927933288738 8.8451633807271737 1.6890607401728619 7.2488941489718846 1.164861210156231 2.4596878779120734
leaf_count=1043 402 1399 24 463 114 225
internal_value=-0.000994427 -0.0184238 -0.00212225 -0.0123356 0.029337 -0.037663
internal_weight=43.8222 28.5781 17.2732 15.5842 15.2441 11.3049
internal_count=3670 3154 1530 1506 516 1624
is_linear=0
shrinkage=0.05


Tree=28
num_leaves=7
num_cat=0
split_feature=36 40 11 55 33 39
split_gain=8.25444 6.70107 3.36873 2.10475 1.76944 1.72917
threshold=-0.55793768978440972 -0.67684099483737203 -0.025522067242219084 1.0000000180025095e-35 -0.048355227599196811 1.3591580229403617
decision_type=2 2 2 2 2 2
left_child=3 -2 4 -1 5 -3
right_child=1 2 -4 -5 -6 -7
leaf_value=-0.037253056491865 -0.028625156793490505 0.036548529794805676 -0.015997147518788168 0.010422185262360779 -0.0077072437277115593 -0.0026119436526371581
leaf_weight=9.6092420057393593 4.8204693379811934 22.43885377468542 2.8463272447697845 1.4668295271694649 1.9049877081997681 2.73853676021099
leaf_count=1486 644 773 360 59 186 197
internal_value=0.00279353 0.0148235 0.0237919 -0.0300637 0.029152 0.0324645
internal_weight=45.8252 34.7492 29.9287 11.0761 27.0824 25.1774
internal_count=3705 2160 1516 1545 1156 970
is_linear=0
shrinkage=0.05


Tree=29
num_leaves=7
num_cat=0
split_feature=60 43 36 6 27 4
split_gain=8.23995 3.25337 2.70182 2.6115 1.64898 1.53129
threshold=-0.30334261672897295 0.077677502111154581 -0.74344568923169252 -0.77059276209578609 0.84422932256725025 0.021278947753638793
decision_type=2 2 2 2 2 2
left_child=1 4 -2 -3 -1 -6
right_child=2 3 -4 -5 5 -7
leaf_value=-0.040015666980672021 -0.016003963242099833 0.020153381371497196 0.032392613160760281 -0.016354779578755786 0.016869867460747791 -0.022625658567246732
leaf_weight=10.715559358242901 1.6154742175713188 6.0728596900589764 12.92129730340093 7.6484701465815288 2.3659091610461469 1.5366599964909253
leaf_count=1642 169 315 367 894 101 237
internal_value=-0.00240643 -0.017622 0.0251966 0.00052002 -0.0318399 -0.00175627
internal_weight=42.8762 28.3395 14.5368 13.7213 14.6181 3.90257
internal_count=3725 3189 536 1209 1980 338
is_linear=0
shrinkage=0.05


Tree=30
num_leaves=7
num_cat=0
split_feature=16 22 55 49 29 47
split_gain=7.15892 3.01986 2.06019 1.72601 2.23964 1.59632
threshold=-0.36831867093583637 -1.7900328811776716 1.0000000180025095e-35 -0.068599485967797802 0.30047600658620205 0.96527274207848213
decision_type=2 2 2 2 2 2
left_child=2 -2 3 -1 -5 -3
right_child=1 5 -4 4 -6 -7
leaf_value=-0.035409876187260089 -0.022270844992568747 0.034277163108319901 0.0099518472437811825 0.017056216648232529 -0.02411990117704621 0.0032420291531633015
leaf_weight=12.463786854874348 1.6875208658166254 11.125996932387354 3.2059047999791792 3.7849601553753009 3.5188797698356211 6.8286029645241788
leaf_count=1817 265 360 137 210 521 433
internal_value=-0.00253533 0.0181815 -0.0203022 -0.0258736 -0.0040285 0.0246277
internal_weight=42.6157 19.6421 22.9735 19.7676 7.30384 17.9546
internal_count=3743 1058 2685 2548 731 793
is_linear=0
shrinkage=0.05


Tree=31
num_leaves=7
num_cat=0
split_feature=32 29 12 11 53 44
split_gain=6.10195 5.21565 4.36148 2.73731 1.66024 1.15457
threshold=0.44781083262222371 0.098830351884508991 0.090416827518409001 0.10223132864930363 1.0000000180025095e-35 0.43941353466153277
decision_type=2 2 2 2 2 2
left_child=2 -2 5 -4 -3 -1
right_child=1 4 3 -5 -6 -7
leaf_value=-0.036584385372237113 0.034152243987898262 -0.025237212936347425 0.029915870475303665 -0.019623984304149477 0.011445663848323372 -0.0030405071776911357
leaf_weight=11.660150661133232 13.417395559605213 4.8095477740280321 4.3851407566107801 1.9216689588502047 2.8480590623803437 3.8123392551206043
leaf_count=1651 393 675 182 303 123 374
internal_value=-4.71234e-05 0.0178831 -0.017462 0.0133612 -0.0122125 -0.0301554
internal_weight=42.8543 21.075 21.7793 6.30681 7.65761 15.4725
internal_count=3701 1191 2510 485 798 2025
is_linear=0
shrinkage=0.05


Tree=32
num_leaves=7
num_cat=0
split_feature=60 31 39 11 29 35
split_gain=6.54782 3.72423 2.65176 1.842 1.38576 1.46616
threshold=-0.29016374764685149 0.22131588614651101 1.3591580229403617 0.075689920337846148 0.58967930680021208 -0.42695098202497905
decision_type=2 2 2 2 2 2
left_child=1 -1 4 -2 5 -3
right_child=3 2 -4 -5 -6 -7
leaf_value=-0.031982844652899425 0.028838495789155379 -0.0082433592154855986 -0.025589334463497673 -0.012717858091475005 -0.015551656984680199 0.029234842154595375
leaf_weight=14.19360169535503 11.755279985256491 2.0225277515128237 2.8810418243519953 1.4601435661315907 0.95876671047881323 7.2234289804473502
leaf_count=2063 367 202 379 148 177 309
internal_value=-0.00311953 -0.0166608 0.00282365 0.0227436 0.0148365 0.0210255
internal_weight=40.4948 27.2794 13.0858 13.2154 10.2047 9.24596
internal_count=3645 3130 1067 515 688 511
is_linear=0
shrinkage=0.05


Tree=33
num_leaves=7
num_cat=0
split_feature=16 32 12 34 54 16
split_gain=6.95472 4.3525 2.81632 2.245 2.0155 1.48214
threshold=-0.36831867093583637 0.70004816559960603 -0.063278856555778126 0.18999286540263408 -0.40453315460418349 1.4689526365835628
decision_type=2 2 2 2 2 2
left_child=1 2 -1 -3 5 -2
right_child=4 3 -4 -5 -6 -7
leaf_value=-0.04506249395411735 0.029621022469627219 0.027522400295011042 -0.0021994836238221861 -0.01280851336956236 0.034916401660010643 -0.0053751993971413031
leaf_weight=8.6115850824862701 1.0538863763213164 4.5015056491829437 6.2008479842916158 3.9395338580943644 9.6374307568185014 9.4270709319971502
leaf_count=1394 15 122 709 462 242 775
internal_value=0.00147991 -0.016223 -0.0305115 0.0102765 0.0213915 0.00395241
internal_weight=43.3719 23.2535 14.8124 8.44104 20.1184 10.481
internal_count=3719 2687 2103 584 1032 790
is_linear=0
shrinkage=0.05


Tree=34
num_leaves=7
num_cat=0
split_feature=34 27 47 50 34 28
split_gain=6.48214 4.7505 2.71888 2.69865 2.47721 1.69124
threshold=0.43648304850604386 -0.97881197763838435 0.96527274207848213 1.5077564978299012 -1.601014412045046 -0.19475112925586255
decision_type=2 2 2 2 2 2
left_child=1 -1 3 5 -4 -3
right_child=-2 2 4 -5 -6 -7
leaf_value=-0.032427587092085992 -0.033005059656042793 0.037102919210013102 0.026133270406975013 -0.016769847795038335 -0.016421119813421647 -0.0082915297796612164
leaf_weight=3.118791212327781 9.8727943147532624 14.504118844866753 2.0006485390476909 1.3332729074172682 8.0225448179990035 1.223554205149411
leaf_count=518 1491 442 46 221 828 133
internal_value=-0.00306062 0.0088254 0.0163357 0.027006 -0.00386382 0.0328089
internal_weight=40.0757 30.2029 27.0841 17.0609 10.0232 15.7277
internal_count=3679 2188 1670 796 874 575
is_linear=0
shrinkage=0.05


Tree=35
num_leaves=7
num_cat=0
split_feature=40 33 47 33 0 60
split_gain=5.14582 5.09899 4.83946 2.43747 1.91226 1.46522
threshold=-0.67684099483737203 -0.11497916122159156 0.96527274207848213 -0.75541359606745617 -0.80006675278034944 3.8667355238331518
decision_type=2 2 2 2 2 2
left_child=5 2 4 -4 -2 -1
right_child=1 -3 3 -5 -6 -7
leaf_value=-0.041102133691900106 -0.0067222813351325225 -0.021519296688358336 0.011984823201899484 -0.026324708631735885 0.03822940683206548 0.0083175636806133643
leaf_weight=4.8933004108257583 1.7838501352816845 7.922469248995184 6.3376553547568619 4.7091753385029751 15.301521739456801 0.75984418718144286
leaf_count=856 166 1094 318 692 553 16
internal_value=0.00107954 0.00874217 0.0185167 -0.00648058 0.033233 -0.0338789
internal_weight=41.7078 36.0547 28.1322 11.0468 17.0854 5.65314
internal_count=3695 2823 1729 1010 719 872
is_linear=0
shrinkage=0.05


Tree=36
num_leaves=7
num_cat=0
split_feature=36 60 11 45 0 11
split_gain=6.21531 3.91721 2.59214 2.04903 1.60997 1.48903
threshold=-0.74344568923169252 -0.20779548606225443 -0.30758996933652916 -0.65371284073979274 0.90149755801755405 -0.70143857462167036
decision_type=2 2 2 2 2 2
left_child=-1 2 3 -2 5 -5
right_child=1 -3 -4 4 -6 -7
leaf_value=-0.035744093533046938 -0.019644252610992008 0.029359828785717135 -0.026960741147880191 -0.0027181534133866917 -0.010372112725672672 0.032305580503093914
leaf_weight=7.1899003318976602 3.1153953210450736 10.905923654790966 5.3917160939890918 3.7097527999430895 3.1527345175854853 7.136472625192253
leaf_count=1230 437 319 850 275 239 349
internal_value=-0.00130551 0.00843969 -0.00395865 0.00622825 0.0144367 0.0223329
internal_weight=40.6019 33.412 22.5061 17.1144 13.999 10.8462
internal_count=3699 2469 2150 1300 863 624
is_linear=0
shrinkage=0.05


Tree=37
num_leaves=7
num_cat=0
split_feature=32 34 12 11 48 37
split_gain=5.13562 4.03076 3.65774 2.13953 0.923555 0.906993
threshold=0.43716010326515087 0.13143323136120627 -0.056322945923857136 -0.025522067242219084 1.0000000180025095e-35 2.1413543818381853
decision_type=2 2 2 2 2 2
left_child=2 -2 -1 -4 -5 -3
right_child=1 5 3 4 -6 -7
leaf_value=-0.034276477337031611 0.02925908599709319 -0.018458899201059236 0.021251629811357007 -0.026164566940676617 0.011085642708710312 0.012300427192202174
leaf_weight=11.353420488303529 12.791927376529204 6.3414881962817153 5.2118912213481963 2.679908076766877 0.43074146937578905 0.91176356002688397
leaf_count=1668 403 759 318 475 48 42
internal_value=-0.00211391 0.0146556 -0.0188768 0.00564676 -0.0180963 -0.0121247
internal_weight=39.7211 20.0452 19.676 8.32254 3.11065 7.25325
internal_count=3713 1204 2509 841 523 801
is_linear=0
shrinkage=0.05


Tree=38
num_leaves=7
num_cat=0
split_feature=33 27 40 47 29 39
split_gain=4.97756 5.02634 3.17711 2.82291 2.26313 2.62179
threshold=-0.062271963224750496 -0.97881197763838435 -0.67684099483737203 0.96527274207848213 -1.2953911360947783 0.3907387338191603
decision_type=2 2 2 2 2 2
left_child=1 -1 -3 -4 -5 -6
right_child=-2 2 3 4 5 -7
leaf_value=-0.034148359336758902 -0.031439903770030968 -0.01846787893158713 0.03298562132804949 0.026011901039510395 0.010977180432945422 -0.034480948660998573
leaf_weight=3.2318602562881997 7.4277625605463973 3.6354247319977757 15.590541464043781 2.5210255258716652 4.1462392588146022 3.4054365260526538
leaf_count=578 1222 470 612 74 275 493
internal_value=-0.00113563 0.00785417 0.0152288 0.0214356 9.12129e-05 -0.0134974
internal_weight=39.9583 32.5305 29.2987 25.6632 10.0727 7.55168
internal_count=3724 2502 1924 1454 842 768
is_linear=0
shrinkage=0.05


Tree=39
num_leaves=7
num_cat=0
split_feature=59 45 34 39 10 34
split_gain=4.38583 2.15214 2.61129 2.17219 2.11291 1.23008
threshold=1.0000000180025095e-35 -0.67598730956694442 0.37174361898282504 1.3591580229403617 0.32457328696619475 -1.6834836478195172
decision_type=2 2 2 2 2 2
left_child=4 -2 3 -3 -1 -5
right_child=1 2 -4 5 -6 -7
leaf_value=0.027713849699979306 -0.037225833459276617 0.014241430583890572 -0.026153379218600122 0.010027715972928375 -0.01745536547324707 -0.03164404899200348
leaf_weight=10.417615966405718 3.9592041715513941 14.243574770633137 6.4601128171198061 0.94849369488656554 1.058034986257552 2.2838492030277839
leaf_count=359 771 923 1112 42 142 363
internal_value=-0.0020649 -0.0125751 -0.00480578 0.00576117 0.0207949 -0.0204751
internal_weight=39.3709 27.8952 23.936 17.4759 11.4757 3.23234
internal_count=3712 3211 2440 1328 501 405
is_linear=0
shrinkage=0.05


Tree=40
num_leaves=7
num_cat=0
split_feature=32 6 12 34 42 32
split_gain=4.96786 3.32397 2.91728 2.33835 1.42629 1.41605
threshold=0.43716010326515087 -0.073393058623133819 0.090416827518409001 -0.90183397039557722 1.1440896966029392 1.4103465819592398
decision_type=2 2 2 2 2 2
left_child=2 4 -1 -4 -2 -3
right_child=1 5 3 -5 -6 -7
leaf_value=-0.025845807222450286 0.037334790525433842 -0.019853010248842336 0.030088165002703379 -0.015924719999687413 -0.0036658753685747366 0.011308422250660003
leaf_weight=14.58497512037866 10.190736167132856 4.524464499903841 3.1095840185880661 2.4944062542635939 1.9275680654682208 4.3650925746187568
leaf_count=2023 256 587 97 386 111 293
internal_value=0.00113459 0.0170075 -0.0154456 0.0111959 0.0313798 -0.00555914
internal_weight=41.1968 21.0079 20.189 5.60399 12.1183 8.88956
internal_count=3753 1247 2506 483 367 880
is_linear=0
shrinkage=0.05


Tree=41
num_leaves=7
num_cat=0
split_feature=29 32 39 34 22 29
split_gain=4.79522 3.55277 2.1423 1.9391 1.90465 1.41655
threshold=0.13124256419717512 -1.1218483784791893 1.3591580229403617 -1.6834836478195172 -1.7900328811776716 1.1174821546206311
decision_type=2 2 2 2 2 2
left_child=1 -1 4 -4 -3 -2
right_child=5 2 3 -5 -6 -7
leaf_value=-0.028352687500074081 -0.028705498281272224 -0.013002759270683825 0.017901491394967092 -0.0305343546694994 0.026653661454605012 0.0074983294756140531
leaf_weight=2.2577749784104553 11.024590312968938 1.6620521985460168 1.014316051732749 1.9503143313340832 20.424474145518612 2.0238621062599114
leaf_count=416 1667 246 13 298 871 239
internal_value=-0.000681505 0.0110649 0.0172697 -0.0132938 0.0224714 -0.0227382
internal_weight=40.3574 27.3089 25.0512 2.96463 22.0865 13.0485
internal_count=3750 1844 1428 311 1117 1906
is_linear=0
shrinkage=0.05


Tree=42
num_leaves=7
num_cat=0
split_feature=32 34 34 27 62 59
split_gain=4.70791 2.58768 2.55689 2.13046 2.09748 2.06001
threshold=0.44781083262222371 0.25767376963115951 -1.5659056176266599 -0.97881197763838435 1.0071282144129012 1.0000000180025095e-35
decision_type=2 2 2 2 2 2
left_child=2 -2 3 -1 5 -4
right_child=1 -3 4 -5 -6 -7
leaf_value=-0.019022607578141594 0.026956334563105956 -0.0072764365442653149 0.0022969596701900605 0.028780302276935746 0.0064566430997475407 -0.041363845672737438
leaf_weight=1.2272546207532284 13.968616224359723 6.6065806006081393 3.0869720859918752 3.0180217116139856 3.4560305690392843 9.1128326342441106
leaf_count=229 482 745 210 80 412 1601
internal_value=0.000803416 0.0164372 -0.0153958 0.0128066 -0.0238728 -0.0320433
internal_weight=40.4763 20.5752 19.9011 4.24528 15.6558 12.1998
internal_count=3759 1227 2532 309 2223 1811
is_linear=0
shrinkage=0.05


Tree=43
num_leaves=7
num_cat=0
split_feature=53 40 33 35 33 12
split_gain=4.3019 3.34305 2.74827 2.51811 1.59212 1.45553
threshold=-0.19340581382053751 -0.3739466090575933 -0.048355227599196811 0.087807153592213291 -0.81468718654458594 0.33660045937605937
decision_type=2 2 2 2 2 2
left_child=1 -1 3 4 -3 -6
right_child=-2 2 -4 -5 5 -7
leaf_value=-0.031307939163109109 0.022157679855154822 0.018590757613859994 -0.025412958706998081 0.03248435463272286 -0.024656158274986986 0.012966683668718143
leaf_weight=8.5008174278773385 12.760433393530546 2.4607048640027642 3.5514184781350187 5.4206165596842757 5.5138954902067798 1.5007077953778205
leaf_count=1479 490 73 697 261 646 83
internal_value=0.00108065 -0.0101195 0.00265792 0.0124887 -0.00401129 -0.015134
internal_weight=39.7086 26.9482 18.4473 14.8959 9.47531 7.0146
internal_count=3729 3239 1760 1063 802 729
is_linear=0
shrinkage=0.05


Tree=44
num_leaves=7
num_cat=0
split_feature=55 45 32 12 0 0
split_gain=4.00699 2.25679 2.02565 3.25909 1.64946 1.24865
threshold=1.0000000180025095e-35 -0.69300252880990765 0.87557792531819023 -0.056322945923857136 -0.10336325544577495 -0.70851276755369075
decision_type=2 2 2 2 2 2
left_child=1 -1 3 -3 -4 -5
right_child=-2 2 4 5 -6 -7
leaf_value=-0.033988391376958769 0.024772145100453103 -0.027380007466604253 -0.015589755757580419 -0.0095702622004178624 0.021993486604259947 0.024163885981075925
leaf_weight=4.7648455980233875 7.7679063717368981 10.157261948566889 1.6047401879914103 2.4511008756235242 7.732357236556707 3.8791209934279314
leaf_count=864 239 1481 212 332 346 289
internal_value=-0.00191268 -0.0102963 -0.00284247 -0.0126331 0.0133139 0.0122246
internal_weight=38.3573 30.5894 25.8246 16.4875 9.3371 6.33022
internal_count=3763 3524 2660 2102 558 621
is_linear=0
shrinkage=0.05


Tree=45
num_leaves=7
num_cat=0
split_feature=15 15 59 33 43 6
split_gain=3.96356 4.15728 2.46125 2.21952 1.94585 1.93122
threshold=0.80329679500201812 -0.80649847674524766 1.0000000180025095e-35 -0.81468718654458594 0.36902064287771275 -1.2515521393508295
decision_type=2 2 2 2 2 2
left_child=1 2 -1 -4 -5 -2
right_child=5 -3 3 4 -6 -7
leaf_value=0.020533502044005621 0.011800725749460724 0.045619853272194706 0.016523171357270494 -0.031768668112046559 0.0054479230178321181 -0.02836359680908862
leaf_weight=6.0810174818616405 1.9922191696241487 3.2431254312396041 3.042037284933035 7.7924403019715047 4.0621698806062341 11.417909682961179
leaf_count=212 151 60 125 1170 292 1713
internal_value=-0.00205041 0.00979846 -0.000754393 -0.0114297 -0.0204911 -0.0213302
internal_weight=37.6309 24.2208 20.9777 14.8966 11.8546 13.4101
internal_count=3723 1859 1799 1587 1462 1864
is_linear=0
shrinkage=0.05


Tree=46
num_leaves=7
num_cat=0
split_feature=15 22 42 42 32 6
split_gain=3.80631 3.56289 1.96605 2.43201 1.68428 1.17507
threshold=0.80329679500201812 -1.7900328811776716 -0.96379222567092582 1.1508367431439801 1.4103465819592398 -0.89551429886555156
decision_type=2 2 2 2 2 2
left_child=1 -1 -3 -4 5 -2
right_child=4 2 3 -5 -6 -7
leaf_value=-0.025609831071538726 0.0028109469482099536 -0.009884797002526589 0.032702725281498202 -0.0068049779492755109 0.010127205057041906 -0.032006778837949758
leaf_weight=2.5821150003466782 2.5019047104287866 3.2017756500281456 15.544869000092147 3.7766492194496086 2.6690230753738424 8.3534962579142302
leaf_count=488 249 312 720 320 179 1419
internal_value=0.00157533 0.0126699 0.0195527 0.0251037 -0.0175808 -0.025111
internal_weight=38.6298 25.1054 22.5233 19.3215 13.5244 10.8554
internal_count=3687 1840 1352 1040 1847 1668
is_linear=0
shrinkage=0.05


Tree=47
num_leaves=7
num_cat=0
split_feature=60 6 4 36 37 1
split_gain=4.03186 2.78188 2.03607 1.7275 0.971331 0.900192
threshold=-0.30334261672897295 -1.1316045426689614 -1.2252803067692222 -0.74344568923169252 -1.5089546555133098 -0.92779575385130741
decision_type=2 2 2 2 2 2
left_child=1 2 -1 -2 -3 -5
right_child=3 4 -4 5 -6 -7
leaf_value=-0.01885931089245807 -0.013055561530812826 0.01007810841904447 0.024726258102368153 -0.0076553722147297623 -0.023016204343280854 0.029299000128775027
leaf_weight=1.3946696231141684 1.5552420199383057 0.80301559111103671 5.2770263075362918 0.6434611058793952 18.058709820266813 10.940403126412999
leaf_count=269 178 92 250 59 2569 328
internal_value=-8.41883e-05 -0.0113756 0.0125913 0.0198943 -0.0204176 0.0260938
internal_weight=38.6725 25.5334 6.6717 13.1391 18.8617 11.5839
internal_count=3745 3180 519 565 2661 387
is_linear=0
shrinkage=0.05


Tree=48
num_leaves=7
num_cat=0
split_feature=36 40 32 11 36 55
split_gain=3.2031 2.79841 1.38957 1.37163 1.54656 1.08198
threshold=-0.55793768978440972 -0.67684099483737203 0.37976096301745338 0.29925132671950844 1.7950080809076829 0.92999388491591006
decision_type=2 2 2 2 2 2
left_child=2 5 -1 4 -3 -2
right_child=1 3 -4 -5 -6 -7
leaf_value=-0.030142280153505813 -0.027630787883465003 0.023901561766708396 0.004807940123344609 -0.013675957515304114 -0.0096152519884308823 0.0093712157094394972
leaf_weight=6.2003035454545152 3.439819885184991 20.619683135766543 3.0579563078936189 1.3638627734035242 2.3686751662753514 1.1127661131322382
leaf_count=1236 632 1068 320 225 181 30
internal_value=0.00159509 0.00983709 -0.0202469 0.0165707 0.0197368 -0.0184567
internal_weight=38.1631 28.9048 9.25826 24.3522 22.9884 4.55259
internal_count=3692 2136 1556 1474 1249 662
is_linear=0
shrinkage=0.05


Tree=49
num_leaves=7
num_cat=0
split_feature=29 32 39 34 22 2
split_gain=3.29805 2.92398 1.90516 1.90642 1.51631 1.42604
threshold=0.28990356979815035 -1.1218483784791893 1.3591580229403617 -1.6834836478195172 -1.7900328811776716 0.50914494818563305
decision_type=2 2 2 2 2 2
left_child=1 -1 4 -4 -3 -2
right_child=5 2 3 -5 -6 -7
leaf_value=-0.02618521035520088 -0.029888038842344491 -0.010879620618844496 0.018115918885691307 -0.029786666962197679 0.0244552145135081 0.0034226820418397914
leaf_weight=2.0771934792865094 6.5336807374842447 1.7561422819271779 0.99135172041133079 1.9997687523718912 20.619894746690985 3.9990964073222131
leaf_count=420 1125 277 11 334 974 575
internal_value=0.00135028 0.01039 0.0158375 -0.0127888 0.0207237 -0.0192856
internal_weight=37.9771 27.4444 25.3672 2.99112 22.376 10.5328
internal_count=3716 2016 1596 345 1251 1700
is_linear=0
shrinkage=0.05


Tree=50
num_leaves=7
num_cat=0
split_feature=36 40 39 11 1 42
split_gain=3.3911 2.94227 2.65086 1.47538 1.5576 1.03267
threshold=-0.74344568923169252 -0.66661287316266116 1.3117076346092562 0.40507921139721836 1.6020790147655142 1.4135721098487057
decision_type=2 2 2 2 2 2
left_child=-1 -2 3 4 5 -3
right_child=1 2 -4 -5 -6 -7
leaf_value=-0.026443637666471304 -0.020545556569311479 0.028942575588667196 -0.019449240123051156 -0.012265379199167883 -0.01044260665185045 -0.0077215944579132213
leaf_weight=6.1983021481428286 4.7938251513987806 20.130859224824249 2.6386068884748957 1.4656957793049503 1.6185228903777886 0.88585896836593647
leaf_count=1224 740 988 335 229 155 88
internal_value=0.000575156 0.00772191 0.014351 0.0197948 0.0230633 0.0266257
internal_weight=37.7317 31.5334 26.7395 24.1009 22.6352 21.0167
internal_count=3759 2535 1795 1460 1231 1076
is_linear=0
shrinkage=0.05


Tree=51
num_leaves=7
num_cat=0
split_feature=34 27 12 39 53 40
split_gain=3.79838 2.55113 2.54613 2.24442 1.76567 1.1896
threshold=0.43648304850604386 -0.017035784114794384 0.15904028098551601 1.2971489927349398 1.0000000180025095e-35 -0.66661287316266116
decision_type=2 2 2 2 2 2
left_child=1 2 -1 5 -2 -3
right_child=4 3 -4 -5 -6 -7
leaf_value=-0.02495089344675876 -0.036330756758537572 -0.0064868275452184604 0.01624947214325034 -0.019603700420297958 0.0046627737511945461 0.027513620080559239
leaf_weight=6.5645674744155276 5.8068124710116518 1.8186246952973348 3.5706158576067537 1.2212097286246706 2.8628076897002757 15.486596452305093
leaf_count=1041 1301 187 235 170 181 616
internal_value=-0.000740677 0.00829865 -0.0100399 0.0183321 -0.0250755 0.02351
internal_weight=37.3312 28.6616 10.1352 18.5264 8.66962 17.3052
internal_count=3731 2249 1276 973 1482 803
is_linear=0
shrinkage=0.05


Tree=52
num_leaves=7
num_cat=0
split_feature=53 40 11 12 0 8
split_gain=3.44714 2.5033 1.67274 1.38119 1.40258 1.03911
threshold=-0.27617693850284059 0.3354590825423252 -0.30758996933652916 0.20643778117919762 -0.80006675278034944 0.75591102765397389
decision_type=2 2 2 2 2 2
left_child=1 3 5 -1 -5 -3
right_child=-2 2 -4 4 -6 -7
leaf_value=-0.02724105596833706 0.019114080591909263 0.024919714194174256 -0.017747066987728332 -0.017979244661014047 0.022782134816468527 -0.01013945875092126
leaf_weight=13.408377788262447 11.141005118610336 6.1011367095634341 1.9113139898981879 1.0022236881777646 1.6625665328465391 0.96171850385144342
leaf_count=2146 474 270 367 199 68 152
internal_value=-0.00109615 -0.0111686 0.00830677 -0.0216385 0.00604899 0.0185462
internal_weight=36.1883 25.0473 8.97417 16.0732 2.66479 7.06286
internal_count=3676 3202 789 2413 267 422
is_linear=0
shrinkage=0.05


Tree=53
num_leaves=7
num_cat=0
split_feature=15 15 59 44 3 44
split_gain=3.02241 2.7419 1.90573 2.96505 1.33358 1.31725
threshold=0.80329679500201812 -0.80649847674524766 1.0000000180025095e-35 0.4201940711035112 -0.52835026998942214 -0.42427349265203312
decision_type=2 2 2 2 2 2
left_child=1 2 -1 -4 -2 -6
right_child=4 -3 3 -5 5 -7
leaf_value=0.02013499863326464 0.002518118986555688 0.040665950151211189 -0.024046746838706751 0.014713494456637936 0.0011762157422959526 -0.03699424354511225
leaf_weight=5.9130604094825729 5.1682292914483687 2.7967334222048512 8.5319246319122595 5.9872547560371467 2.8601581836119268 5.2884674409870067
leaf_count=211 448 54 1239 334 347 1070
internal_value=-0.000228631 0.0102986 0.00146777 -0.00828072 -0.0171089 -0.0268852
internal_weight=36.5458 23.229 20.4322 14.5192 13.3169 8.14863
internal_count=3703 1838 1784 1573 1865 1417
is_linear=0
shrinkage=0.05


Tree=54
num_leaves=7
num_cat=0
split_feature=11 9 45 59 8 42
split_gain=3.58402 2.1453 1.58153 1.88184 1.54491 1.25601
threshold=-0.30758996933652916 -0.7232550807246787 -0.56956484739277491 1.0000000180025095e-35 1.05339522674916 -1.2700093659399261
decision_type=2 2 2 2 2 2
left_child=1 -1 3 -3 5 -4
right_child=-2 2 4 -5 -6 -7
leaf_value=-0.022383129346562322 -0.022825270788641706 0.013937617155479053 -0.010267720263196533 -0.028034457728759739 -0.014258445881228182 0.026754046022454993
leaf_weight=2.025317502673718 9.5130667251069081 2.8879220427479595 1.0184532543644369 2.1412151025142547 1.0870548915117968 17.279585498385131
leaf_count=432 1673 107 108 425 138 792
internal_value=-0.000439983 0.00911956 0.0138964 -0.00773029 0.0197911 0.0235374
internal_weight=35.9526 26.4395 24.4142 5.02914 19.3851 18.298
internal_count=3675 2002 1570 532 1038 900
is_linear=0
shrinkage=0.05


Tree=55
num_leaves=7
num_cat=0
split_feature=60 49 29 31 12 34
split_gain=3.00819 1.73759 1.80092 1.74685 1.65897 1.50201
threshold=-0.30334261672897295 -0.3563589200727057 0.65117812924338681 2.8183809117884926 0.11343388768014608 0.082129797539230373
decision_type=2 2 2 2 2 2
left_child=1 3 -3 4 -1 -2
right_child=5 2 -4 -5 -6 -7
leaf_value=-0.035460713330711983 0.024974497691493965 0.015913858000267764 -0.022085378331016797 0.0095682117283545504 0.0038564631246353481 -0.0080344784573415599
leaf_weight=10.277007528115066 7.7621038532815856 6.5994758487213385 1.6869695638306437 2.2359725735150269 2.6764975704718372 3.3367360243573785
leaf_count=1898 249 455 391 83 320 278
internal_value=-0.00350515 -0.0132033 0.00436375 -0.021926 -0.0281393 0.0154527
internal_weight=34.5748 23.4759 8.28645 15.1895 12.9535 11.0988
internal_count=3674 3147 846 2301 2218 527
is_linear=0
shrinkage=0.05


Tree=56
num_leaves=7
num_cat=0
split_feature=59 43 36 33 41 42
split_gain=2.77511 2.79146 1.3583 1.22529 1.14505 1.46098
threshold=1.0000000180025095e-35 0.077677502111154581 -0.53824383065958625 -0.39480646695027521 1.0898001390480709 -1.0806345128100685
decision_type=2 2 2 2 2 2
left_child=3 -2 -3 -1 5 -4
right_child=1 2 4 -5 -6 -7
leaf_value=0.025610564501990236 -0.02549362507604527 -0.016696762843618779 -0.013405957278498651 -0.0061255378679695291 -0.014384141145135266 0.025469865750560684
leaf_weight=7.0740337027236819 12.244249344104903 2.4971996694803229 1.0634087251964928 2.952478484483434 0.94076655548997301 8.196694527519865
leaf_count=245 2028 548 140 255 118 413
internal_value=-0.00223492 -0.0109653 0.00523851 0.0170068 0.0131825 0.0188175
internal_weight=34.9688 24.9423 12.6981 10.0265 10.2009 9.2601
internal_count=3747 3247 1219 500 671 553
is_linear=0
shrinkage=0.05


Tree=57
num_leaves=7
num_cat=0
split_feature=36 22 42 41 42 41
split_gain=3.15644 2.08133 1.99596 1.92027 2.71686 2.53749
threshold=-0.82894306634150561 -1.7900328811776716 1.1508367431439801 1.1346726717254394 -1.0806345128100685 -1.1235427855594671
decision_type=2 2 2 2 2 2
left_child=-1 -2 3 4 -3 -6
right_child=1 2 -4 -5 5 -7
leaf_value=-0.02797063999579984 -0.019720094206397972 -0.0079295852019788393 -0.012322214499127817 -0.0097838649711768436 0.0022220698122566982 0.043649866906008646
leaf_weight=4.563179855933412 3.2264607399702099 4.2249244686681875 4.5391293596476308 3.5541919786483041 5.5716184026096096 10.378022734075774
leaf_count=1014 610 428 451 349 461 377
internal_value=0.00139147 0.00770835 0.0124307 0.0180173 0.0235476 0.031821
internal_weight=36.0575 31.4943 28.2679 23.7288 20.1746 15.9496
internal_count=3690 2676 2066 1615 1266 838
is_linear=0
shrinkage=0.05


Tree=58
num_leaves=7
num_cat=0
split_feature=55 49 11 12 12 31
split_gain=2.24923 2.89412 1.6401 1.75242 1.50575 1.14129
threshold=1.0000000180025095e-35 -0.3563589200727057 -0.2898947589384237 -0.22052200158636767 0.20643778117919762 2.8183809117884926
decision_type=2 2 2 2 2 2
left_child=1 4 3 -3 5 -1
right_child=-2 2 -4 -5 -6 -7
leaf_value=-0.028997945863948826 0.020087230544362528 -0.01258525685561844 -0.015296508760562225 0.029557416715439933 0.0081327960823745372 0.0047190186273188229
leaf_weight=12.750953047303485 6.7462332847062489 1.4298913050442923 1.9487818358466054 6.6695336648263028 2.9171048749703905 2.0790251730941227
leaf_count=2187 241 193 376 323 277 91
internal_value=-0.000919616 -0.00747837 0.0118297 0.0207268 -0.0185402 -0.0242725
internal_weight=34.5415 27.7953 10.0482 8.09942 17.7471 14.83
internal_count=3688 3447 892 516 2555 2278
is_linear=0
shrinkage=0.05


Tree=59
num_leaves=7
num_cat=0
split_feature=11 60 12 40 0 29
split_gain=2.88243 2.3316 2.42612 3.32671 1.27217 0.792911
threshold=0.24208738156513901 -0.30334261672897295 0.15904028098551601 0.3354590825423252 3.2015123088336179 0.65964104225917464
decision_type=2 2 2 2 2 2
left_child=1 2 3 4 -1 -5
right_child=-2 -3 -4 5 -6 -7
leaf_value=-0.032614807020341946 -0.029616257295114547 0.021438619827283734 0.0227696449529728 0.017237240881896859 0.0084692761875228336 -0.012059580893621727
leaf_weight=9.4676703310106021 4.3191813060548148 10.293715278152375 3.357393418904393 6.1607521304395041 0.96052179648540992 0.74309863708913315
leaf_count=1629 975 412 167 353 31 181
internal_value=-0.00123581 0.00498578 -0.00487839 -0.0128035 -0.0277839 0.0113861
internal_weight=35.3023 30.9832 20.6894 17.332 10.4282 6.90385
internal_count=3748 2773 2361 2194 1660 534
is_linear=0
shrinkage=0.05


Tree=60
num_leaves=7
num_cat=0
split_feature=1 33 40 39 34 27
split_gain=2.77833 2.35683 1.73997 1.41493 1.42077 1.19751
threshold=-0.95755898642326998 -1.0000000180025095e-35 -0.67684099483737203 1.3591580229403617 -1.6834836478195172 1.7540461710665773
decision_type=2 2 2 2 2 2
left_child=-1 2 -2 5 -5 -4
right_child=1 -3 3 4 -6 -7
leaf_value=-0.028078735599996987 -0.013226508449932943 -0.016695967607709122 0.025055696075970031 0.017010020933106038 -0.024109571601656055 -0.011915518979745581
leaf_weight=3.5368061009794465 3.0275160889141288 5.4516813005320754 19.905050468863926 0.98392001353204284 1.8272230243310321 0.6835940305609246
leaf_count=742 475 961 1102 14 322 86
internal_value=0.00200483 0.00747047 0.0136496 0.0182348 -0.00836595 0.0224689
internal_weight=35.4158 31.879 26.4273 23.3998 2.81114 20.5886
internal_count=3702 2960 1999 1524 336 1188
is_linear=0
shrinkage=0.05


Tree=61
num_leaves=7
num_cat=0
split_feature=29 35 12 61 39 60
split_gain=2.01821 2.55658 1.88863 1.4972 1.62327 1.36733
threshold=-0.21139373227194178 -0.42695098202497905 0.062534372525735585 0.64028123744221632 -1.1249776479846791 -0.25721538758473211
decision_type=2 2 2 2 2 2
left_child=1 2 5 -2 -5 -1
right_child=3 -3 -4 4 -6 -7
leaf_value=-0.030445500510672487 -0.027022275072073384 0.024635305771703364 0.015278889080197953 -0.022890972372973828 0.013965656386386369 0.0068851789703914803
leaf_weight=4.8289321011398005 7.225888991262762 8.5447268481366319 3.3217766114976257 1.5333524418529121 5.8119430216029286 2.2080409624613822
leaf_count=812 1280 318 208 325 650 99
internal_value=-0.00215314 0.0081494 -0.00792797 -0.0146282 0.00186478 -0.0201752
internal_weight=33.4747 18.9035 10.3587 14.5712 7.3453 7.03697
internal_count=3692 1437 1119 2255 975 911
is_linear=0
shrinkage=0.05


Tree=62
num_leaves=7
num_cat=0
split_feature=32 37 32 35 62 62
split_gain=2.19757 2.32769 1.98072 1.37999 1.37751 1.01982
threshold=0.43716010326515087 -0.814505619139123 -1.2600208644198969 0.92495957071113366 1.2019586269321765 -0.33744110745519879
decision_type=2 2 2 2 2 2
left_child=1 2 -1 4 5 -2
right_child=3 -3 -4 -5 -6 -7
leaf_value=-0.018822397784813389 0.0039664512714886026 -0.021378648941032245 0.024392699641021285 -0.013690401171881562 -0.014220019775921456 0.030875626185894803
leaf_weight=1.4068708422128109 6.3747012338135436 10.94011030695401 4.8022676114924279 1.8048600798938412 0.93523355154320675 9.1085962096694839
leaf_count=333 372 1732 407 304 136 413
internal_value=0.00257097 -0.0094619 0.0116591 0.0136314 0.0182859 0.0222387
internal_weight=35.3726 17.1492 6.20914 18.2234 16.4185 15.4833
internal_count=3697 2472 740 1225 921 785
is_linear=0
shrinkage=0.05


Tree=63
num_leaves=7
num_cat=0
split_feature=53 43 34 37 49 40
split_gain=2.58982 2.01365 1.73178 1.19192 1.06715 0.917429
threshold=-0.37550111484765819 0.077677502111154581 -1.3052747671326013 1.0000000180025095e-35 -0.3563589200727057 -0.29120662631728461
decision_type=2 2 2 2 2 2
left_child=1 4 -3 -4 -1 -5
right_child=-2 2 3 5 -6 -7
leaf_value=-0.034571302074788562 0.014443685217358873 0.023924953890967285 -0.026716969816198144 -0.016549112499374446 -0.0017911542076670041 0.012202074658115359
leaf_weight=6.687054884387182 10.879933916265143 2.8827108046971253 2.4364053041208518 1.198919252026825 3.7998192878440022 5.4845036698970953
leaf_count=1490 520 111 477 249 481 374
internal_value=-0.00321856 -0.0124575 0.00196896 -0.00917539 -0.0257342 0.0035153
internal_weight=33.3693 22.4894 12.0025 9.11983 10.4869 6.68342
internal_count=3702 3182 1211 1100 1971 623
is_linear=0
shrinkage=0.05


Tree=64
num_leaves=7
num_cat=0
split_feature=1 42 37 40 39 32
split_gain=2.58061 2.70556 1.65193 1.6013 1.30814 1.18817
threshold=-0.95755898642326998 1.1508367431439801 0.62781161025341892 -0.67684099483737203 1.3591580229403617 1.6182271348896513
decision_type=2 2 2 2 2 2
left_child=-1 2 3 -2 -5 -3
right_child=1 5 -4 4 -6 -7
leaf_value=-0.028622428818791679 -0.011487954099633279 -0.031777013790653251 -0.0081115526375694271 0.02788574084408442 -0.0050764562112565461 0.0084088891789280331
leaf_weight=3.4435416143387547 2.0930660709273132 3.1402372969314447 5.8480004009325048 15.548307071672758 2.6005694651976219 1.1478006537072358
leaf_count=743 369 527 710 957 323 55
internal_value=0.000376206 0.00594051 0.0123246 0.0185137 0.0231124 -0.0219867
internal_weight=33.8215 30.378 26.0899 20.2419 18.1489 4.28804
internal_count=3684 2941 2359 1649 1280 582
is_linear=0
shrinkage=0.05


Tree=65
num_leaves=7
num_cat=0
split_feature=53 43 29 47 1 9
split_gain=2.88507 2.13299 1.43305 1.64687 0.859313 0.781013
threshold=-0.19340581382053751 0.15361056184022026 -1.2689104082711835 0.96527274207848213 -0.40428175236232239 1.1431381497606463
decision_type=2 2 2 2 2 2
left_child=1 5 -3 -4 -2 -1
right_child=4 2 3 -5 -6 -7
leaf_value=-0.027875784048482045 -0.0049000743244058467 0.025651679058701821 0.010914481323929181 -0.023567193642411197 0.024457796709253878 -0.0015461646106634975
leaf_weight=8.0954901913646626 2.0187156859319648 2.8968471752014002 5.0724387275986356 3.231061811093241 9.2760701668448728 4.2698139364365479
leaf_count=1789 154 99 459 530 330 374
internal_value=0.0012583 -0.00858304 0.00651547 -0.00519681 0.0192835 -0.020861
internal_weight=34.8604 23.5657 11.2003 8.3035 11.2948 12.3653
internal_count=3735 3251 1088 989 484 2163
is_linear=0
shrinkage=0.05


Tree=66
num_leaves=7
num_cat=0
split_feature=16 16 32 31 55 27
split_gain=2.88881 1.86946 1.68667 1.34829 1.01904 0.905335
threshold=-0.36831867093583637 1.4689526365835628 1.4103465819592398 0.076208321419188943 0.92999388491591006 1.5713827898552004
decision_type=2 2 2 2 2 2
left_child=2 -2 -1 4 -3 -4
right_child=1 3 5 -5 -6 -7
leaf_value=-0.02155523913085414 0.036892045699961018 -0.025880790590412359 0.021369343647859276 0.011711889551339207 0.009450151092301155 -0.011974051310580137
leaf_weight=14.507410926045852 2.4442298058420393 2.9149595010094353 2.3238962392788376 8.7968591770622862 1.2276691682636736 0.89181567938067008
leaf_count=2488 54 451 84 496 34 131
internal_value=-0.00233553 0.012287 -0.0149692 0.00157043 -0.0158389 0.0108061
internal_weight=33.1068 15.3837 17.7231 12.9395 4.14263 3.21571
internal_count=3738 1035 2703 981 485 215
is_linear=0
shrinkage=0.05


Tree=67
num_leaves=7
num_cat=0
split_feature=43 54 33 33 40 42
split_gain=2.00135 2.1869 1.41961 1.00586 0.994607 0.761429
threshold=0.31477894622840868 -0.24024064729718173 1.0000000180025095e-35 -0.81468718654458594 -0.74385123076359572 -1.0806345128100685
decision_type=2 2 2 2 2 2
left_child=1 3 5 -1 -3 -2
right_child=2 4 -4 -5 -6 -7
leaf_value=0.0067107056195035795 -0.0048358502395185908 -0.014612675483034097 -0.013796026237300633 -0.02481814907670038 0.016007312211575583 0.025134152253590631
leaf_weight=1.745677011553197 1.5304372531827528 1.0027922710869459 1.5838830766733725 11.169831735314803 7.1612975564785284 8.9452554716262949
leaf_count=123 132 138 303 2181 373 431
internal_value=-1.58447e-05 -0.00895607 0.0142823 -0.020095 0.00933023 0.0206539
internal_weight=33.1392 21.0796 12.0596 12.9155 8.16409 10.4757
internal_count=3681 2815 866 2304 511 563
is_linear=0
shrinkage=0.05


Tree=68
num_leaves=7
num_cat=0
split_feature=60 40 33 35 33 62
split_gain=1.89805 1.39788 1.37257 2.81973 2.18725 1.10576
threshold=-0.20779548606225443 -0.55400361992756697 -0.019113969563298416 -0.12615595769220683 -0.81623151168621511 0.96162787224421986
decision_type=2 2 2 2 2 2
left_child=1 -1 3 4 -3 -2
right_child=5 2 -4 -5 -6 -7
leaf_value=-0.025443350106744252 0.020537328396365663 0.017855729481600271 -0.020989430537754535 0.025237971956366196 -0.024409366225896633 -0.013128084002612811
leaf_weight=5.0299739456968409 9.1852529565803671 2.0572547272313395 2.9950256498996159 6.9030066845007232 6.0455939811654398 0.87605259474366981
leaf_count=1121 386 55 764 463 821 96
internal_value=-0.000314158 -0.00809447 -0.000304588 0.00663315 -0.0117534 0.015264
internal_weight=33.0922 23.0309 18.0009 15.0059 8.10285 10.0613
internal_count=3706 3224 2103 1339 876 482
is_linear=0
shrinkage=0.05


Tree=69
num_leaves=7
num_cat=0
split_feature=34 42 27 42 41 41
split_gain=2.99883 1.69389 2.4529 1.41973 1.29965 1.19542
threshold=0.4279554704613015 1.1508367431439801 -0.97881197763838435 -1.0806345128100685 1.1346586709352124 -1.1235427855594671
decision_type=2 2 2 2 2 2
left_child=1 2 -1 -4 5 -5
right_child=-2 -3 3 4 -6 -7
leaf_value=-0.022126141532233093 -0.023447954544460498 -0.015658423363352072 -0.0065598924022373974 0.0054327474965546914 -0.0012871647817114323 0.039436996225760045
leaf_weight=1.7719462658278704 7.5770428930409244 3.7460005756001911 3.3435903294012013 4.7806624076329252 3.8069459637626997 8.1570277633145345
leaf_count=409 1504 443 336 367 339 324
internal_value=-0.000755361 0.00771437 0.0131258 0.0187063 0.0239816 0.0302597
internal_weight=33.1832 25.6062 21.8602 20.0882 16.7446 12.9377
internal_count=3722 2218 1775 1366 1030 691
is_linear=0
shrinkage=0.05


Tree=70
num_leaves=7
num_cat=0
split_feature=33 40 61 33 9 44
split_gain=2.34328 2.40248 1.64294 1.77867 1.18353 1.09108
threshold=1.0000000180025095e-35 -0.66661287316266116 -0.81421993981293661 -0.81402162565982461 -1.3412580943586316 0.51381986807796454
decision_type=2 2 2 2 2 2
left_child=1 -1 3 -3 -4 -5
right_child=-2 2 4 5 -6 -7
leaf_value=-0.021038987826293321 -0.023202501594192345 0.017645015218255757 -0.012330918834126455 -0.026602350731904367 0.025340892184395804 0.0067800027755167015
leaf_weight=3.6620433393400189 5.2574287571478626 3.5884873140603304 0.58160910848528402 4.040669013978917 13.977090402040623 2.2143599966075271
leaf_count=723 1127 125 131 601 867 151
internal_value=0.000512185 0.0067665 0.0127858 -0.00277891 0.0219863 -0.0164176
internal_weight=33.3217 28.0643 24.4022 9.84352 14.5587 6.25503
internal_count=3725 2598 1875 877 998 752
is_linear=0
shrinkage=0.05


Tree=71
num_leaves=7
num_cat=0
split_feature=11 12 11 37 1 40
split_gain=1.66086 1.84433 1.88685 1.46432 1.14399 1.14811
threshold=-0.30758996933652916 -0.22052200158636767 -0.45145678649879362 -1.4763066476109488 1.6020790147655142 -0.72899757910169949
decision_type=2 2 2 2 2 2
left_child=1 2 -1 -2 5 -3
right_child=3 4 -4 -5 -6 -7
leaf_value=-0.023138679066342507 0.014264668007404483 -0.011333826709936018 0.016783068054373497 -0.024233435459053876 -0.014731455161526574 0.022297881970409286
leaf_weight=5.9923053500242531 1.0578562682494519 1.1085867034271331 1.8703779843635846 7.7335306693566945 0.78501418791711408 13.700976257794538
leaf_count=766 127 217 92 1617 129 820
internal_value=-0.00165921 0.00543297 -0.0116297 -0.0171503 0.0145242 0.0182952
internal_weight=32.2486 23.4573 7.86268 8.79139 15.5946 14.8096
internal_count=3768 2024 858 1744 1166 1037
is_linear=0
shrinkage=0.05


Tree=72
num_leaves=7
num_cat=0
split_feature=33 0 42 42 41 41
split_gain=2.57491 1.93204 1.76507 1.62613 1.31209 1.72112
threshold=1.0000000180025095e-35 -0.80006675278034944 1.1508367431439801 -1.1302968424630679 1.1346586709352124 -1.1235427855594671
decision_type=2 2 2 2 2 2
left_child=1 -1 3 -3 5 -5
right_child=-2 2 -4 4 -6 -7
leaf_value=-0.017753683073662631 -0.02232743108431158 -0.0071439150277680455 -0.010705574729751241 0.0019976883795364735 -0.00087667130413048705 0.039985875410062578
leaf_weight=3.1246038263198015 5.2390632412862024 3.5124511655885788 4.0598726917523882 4.3190683216089463 3.8620171775110057 9.7647505817003477
leaf_count=559 1120 393 432 401 399 424
internal_value=0.00282577 0.00910719 0.0139178 0.0193182 0.0247789 0.0307326
internal_weight=33.8818 28.6428 25.5182 21.4583 17.9458 14.0838
internal_count=3728 2608 2049 1617 1224 825
is_linear=0
shrinkage=0.05


Tree=73
num_leaves=7
num_cat=0
split_feature=59 29 61 4 34 12
split_gain=2.49765 1.2573 1.61161 1.84605 1.11517 1.08427
threshold=1.0000000180025095e-35 0.30047600658620205 -0.88896047374810316 -0.53780908998917265 -1.6417902678222795 1.4703176538001115
decision_type=2 2 2 2 2 2
left_child=-1 2 4 5 -2 -4
right_child=1 -3 3 -5 -6 -7
leaf_value=0.017312989966418522 0.008621388863426593 -0.025221936124367572 -0.022789872863599115 0.02467531240278897 -0.024000027221668944 0.013135334208029682
leaf_weight=9.5559946259018016 1.9510489960666761 5.8217224697582415 2.6343568977899854 5.5601460776524636 5.6925010590348402 0.93713318533264089
leaf_count=489 176 1470 490 315 740 43
internal_value=-0.00103892 -0.00991927 -0.00158794 0.0110895 -0.0155902 -0.0116702
internal_weight=32.1529 22.5969 16.7752 9.13164 7.64355 3.57149
internal_count=3723 3234 1764 848 916 533
is_linear=0
shrinkage=0.05


Tree=74
num_leaves=7
num_cat=0
split_feature=15 15 59 33 4 61
split_gain=1.64509 2.3903 1.5658 1.15944 1.71413 0.77033
threshold=0.80329679500201812 -0.80649847674524766 1.0000000180025095e-35 -0.81623151168621511 -0.38250685728283612 0.73246188028882908
decision_type=2 2 2 2 2 2
left_child=1 2 -1 -4 -5 -2
right_child=5 -3 3 4 -6 -7
leaf_value=0.017442357954456703 -0.020024324930633358 0.037462321852325169 0.013210209211360159 -0.030966823271949814 0.0033227305922496524 0.0036746201649221037
leaf_weight=5.3960115471854815 7.348467965028247 2.5511136204004314 2.1352118705399343 4.8738679724046969 5.8143180051119971 3.9167361524887383
leaf_count=214 1326 58 95 787 694 510
internal_value=0.000739111 0.00873771 -1.21404e-05 -0.00927132 -0.0156734 -0.0127446
internal_weight=32.0357 20.7705 18.2194 12.8234 10.6882 11.2652
internal_count=3684 1848 1790 1576 1481 1836
is_linear=0
shrinkage=0.05


Tree=75
num_leaves=7
num_cat=0
split_feature=9 11 12 16 12 42
split_gain=2.39003 1.42063 1.06907 1.09205 1.00689 0.818525
threshold=-0.77493301676082116 -0.32767475085408604 -0.22052200158636767 -0.081245029135930333 0.20643778117919762 1.1440896966029392
decision_type=2 2 2 2 2 2
left_child=-1 2 3 -2 -3 -5
right_child=1 4 -4 5 -6 -7
leaf_value=-0.026215788617137876 -0.021727570747144084 -0.020095594388619291 0.018394138166381354 0.016062423844621847 0.011811966403756147 -0.013794145240519855
leaf_weight=3.9526965406257686 1.7732045464217723 4.7375086231622801 15.027389018563555 4.5079344797413796 1.3101236864458767 0.68928635888732959
leaf_count=1054 273 979 1006 197 105 75
internal_value=0.000306988 0.00621716 0.0119048 -0.00341059 -0.0115587 0.0085035
internal_weight=31.9981 28.0454 21.9978 6.97043 6.04763 5.19722
internal_count=3689 2635 1551 545 1084 272
is_linear=0
shrinkage=0.05


Tree=76
num_leaves=7
num_cat=0
split_feature=40 10 12 41 28 32
split_gain=1.88154 1.76707 1.07209 1.23474 0.755322 0.750142
threshold=-0.65748381443397308 0.85533018033766994 -0.23059229956886054 -1.1923076667591226 -0.71495032031895389 1.4103465819592398
decision_type=2 2 2 2 2 2
left_child=5 2 4 -4 -2 -1
right_child=1 -3 3 -5 -6 -7
leaf_value=-0.027452898495770574 0.0082962853393898656 -0.020916446662418924 -0.0091423321807442802 0.020882651004203064 -0.016463474783176432 0.0062663365468670603
leaf_weight=3.7569803500082335 3.5843329634517431 2.2558316256618118 2.359627165948047 16.760768349631689 3.0880509116686907 0.92360027297399927
leaf_count=881 177 616 311 1262 394 72
internal_value=0.00132125 0.00670302 0.0110463 0.0164399 -0.00471497 -0.0209505
internal_weight=32.7292 28.0486 25.7928 19.1204 6.67238 4.68058
internal_count=3713 2760 2144 1573 571 953
is_linear=0
shrinkage=0.05


Tree=77
num_leaves=7
num_cat=0
split_feature=15 15 2 32 60 44
split_gain=1.80137 2.29686 1.76199 1.66289 0.982802 1.43356
threshold=0.80329679500201812 -0.80649847674524766 -0.46940680480452951 1.2399030238348268 -0.20779548606225443 0.4201940711035112
decision_type=2 2 2 2 2 2
left_child=1 3 -2 4 5 -1
right_child=2 -3 -4 -5 -6 -7
leaf_value=-0.029840868568748981 0.0037825196186132832 0.034951485900251419 -0.030706170984419995 0.016821081486344626 0.0067802948329030296 0.0053622163129886805
leaf_weight=5.5317131045740151 5.4642861314350757 2.3572365567088118 5.6202551850583404 4.8416842441074541 3.6104874680750063 3.1738365542842075
leaf_count=1104 567 58 1316 224 194 251
internal_value=-0.00268447 0.00632832 -0.0165201 -0.00222057 -0.0115348 -0.0189216
internal_weight=30.5995 19.515 11.0845 17.1577 12.316 8.70555
internal_count=3714 1831 1883 1773 1549 1355
is_linear=0
shrinkage=0.05


Tree=78
num_leaves=7
num_cat=0
split_feature=27 42 42 41 41 28
split_gain=1.50496 1.81503 1.25054 1.66977 2.22299 1.18943
threshold=-0.97881197763838435 1.1508367431439801 -1.3069183977177181 0.92755898189819663 -1.1235427855594671 -0.46232884092029358
decision_type=2 2 2 2 2 2
left_child=-1 2 -2 4 5 -4
right_child=1 -3 3 -5 -6 -7
leaf_value=-0.024354299667664635 -0.014050147276148527 -0.018936087222898582 0.010890426404198347 -0.0054400132182809181 0.033565437601373906 -0.021967756098269373
leaf_weight=2.7214314487064284 2.4987224600045073 4.3326252982951692 3.9097553172614505 6.9667265607276923 9.1561568692559288 1.6347940565319747
leaf_count=703 382 599 255 847 557 372
internal_value=-0.000824331 0.00352816 0.00920203 0.0132661 0.0215506 -0.0031091
internal_weight=31.2202 28.4988 24.1662 21.6674 14.7007 5.54455
internal_count=3715 3012 2413 2031 1184 627
is_linear=0
shrinkage=0.05


Tree=79
num_leaves=7
num_cat=0
split_feature=33 35 29 40 43 62
split_gain=2.37031 1.86851 1.63398 1.32894 1.14106 0.832701
threshold=-0.048355227599196811 -0.42695098202497905 -1.0524484513101784 -0.57723644335115176 0.086193820575692512 1.3016830610838344
decision_type=2 2 2 2 2 2
left_child=1 2 4 -3 -1 -5
right_child=-2 3 -4 5 -6 -7
leaf_value=-0.012054389286150612 -0.024034008250099173 -0.0091640333185441167 -0.025736431097214046 0.024664434823368008 0.019014339899957211 -0.008560461884433641
leaf_weight=2.5142164430581078 5.0523865728173396 2.5917862732894745 3.9632691227598125 12.841321141924706 3.9120829673483968 0.66420526499860066
leaf_count=428 1197 402 660 731 199 103
internal_value=9.38033e-06 0.00657428 -0.00853287 0.0161335 0.00689116 0.0217715
internal_weight=31.5393 26.4869 10.3896 16.0973 6.4263 13.5055
internal_count=3720 2523 1287 1236 627 834
is_linear=0
shrinkage=0.05


Tree=80
num_leaves=7
num_cat=0
split_feature=40 42 27 43 42 40
split_gain=1.54067 1.21756 1.58942 1.43196 1.16474 0.795366
threshold=-0.67684099483737203 1.1508367431439801 -0.97881197763838435 -0.7212124006106303 -1.0806345128100685 1.3491947780285498
decision_type=2 2 2 2 2 2
left_child=-1 2 -2 -4 -5 -6
right_child=1 -3 3 4 5 -7
leaf_value=-0.020266820163495 -0.019719484422943689 -0.013127502120227284 -0.013958873754062857 -0.004481375980786277 0.025518434229167594 -0.0074355201334499344
leaf_weight=4.2333921294193742 1.372649347060366 4.4735643276944748 1.8325110146543107 3.6832149104448133 15.60873935045673 0.73267282964661795
leaf_count=905 354 570 323 404 1051 112
internal_value=0.000537304 0.00538604 0.010045 0.0140686 0.0181181 0.0231168
internal_weight=31.9367 27.7034 23.2298 21.8571 20.0246 16.3414
internal_count=3719 2814 2244 1890 1567 1163
is_linear=0
shrinkage=0.05


Tree=81
num_leaves=7
num_cat=0
split_feature=9 41 41 28 45 1
split_gain=1.67564 1.49774 0.996277 0.938992 0.879685 0.765917
threshold=-1.0720998133488908 1.1480574271824018 -1.1235427855594671 -0.53099884268270936 -0.69300252880990765 1.6020790147655142
decision_type=2 2 2 2 2 2
left_child=-1 2 3 -2 -4 -6
right_child=1 -3 4 -5 5 -7
leaf_value=-0.024588359301524441 0.0075567150357846577 -0.016258272110911059 -0.00659595084646782 -0.022591516791258967 0.021041709126909235 -0.0073960621299596482
leaf_weight=2.4740811077645075 3.4700408226344734 3.8814213132718569 2.6877672184491628 1.6222436500247628 16.406540569150817 1.2005703732138489
leaf_count=738 255 558 436 369 1204 129
internal_value=0.00108664 0.00534116 0.0100127 -0.00686225 0.0145853 0.0183082
internal_weight=31.7427 29.2686 25.3872 5.09228 20.2949 17.6071
internal_count=3689 2951 2393 624 1769 1333
is_linear=0
shrinkage=0.05


Tree=82
num_leaves=7
num_cat=0
split_feature=54 61 27 29 32 37
split_gain=1.55015 1.0322 1.01803 1.00654 1.19883 1.25866
threshold=-0.19936840856861313 0.62055614225681843 0.25133278008144322 -0.282819725408123 0.58349602248553112 -0.814505619139123
decision_type=2 2 2 2 2 2
left_child=1 3 -2 4 5 -1
right_child=2 -3 -4 -5 -6 -7
leaf_value=0.0065973398887456307 -0.0051976817040945717 0.007330785844254774 0.02137822516115476 -0.028289078115428558 0.013175228583131901 -0.028632724509041529
leaf_weight=2.8916770934592932 3.8541079913265994 6.4330443538492537 8.2080804088618589 4.0742807596689117 4.0984906763769686 2.7833390790037793
leaf_count=415 356 960 333 1061 154 476
internal_value=0.00112642 -0.00705183 0.0135427 -0.0138489 -0.00259906 -0.0146079
internal_weight=32.343 20.2808 12.0622 13.8478 9.77351 5.67502
internal_count=3755 3066 689 2106 1045 891
is_linear=0
shrinkage=0.05


Tree=83
num_leaves=7
num_cat=0
split_feature=54 34 49 33 33 1
split_gain=1.7534 1.30223 1.61267 1.49964 1.02348 0.916659
threshold=-0.19936840856861313 -1.6834836478195172 -0.3563589200727057 -0.81468718654458594 -0.019113969563298416 -0.59402236000858399
decision_type=2 2 2 2 2 2
left_child=1 -1 3 -3 -4 -2
right_child=5 2 4 -5 -6 -7
leaf_value=0.014287001254421847 -0.0091619085077040818 0.0072201902240746508 0.01299814316146378 -0.032208690197364033 -0.016190200056689415 0.018493842957342851
leaf_weight=2.4407297951402169 1.9185987797100086 1.8633371929172486 5.5330940813291818 8.075437421561217 1.7091745235957194 9.6857314308872429
leaf_count=223 208 79 379 1900 463 461
internal_value=-0.000574513 -0.00924806 -0.0142183 -0.0248564 0.00338518 0.0129786
internal_weight=31.2261 19.6218 17.181 9.93877 7.24227 11.6043
internal_count=3713 3044 2821 1979 842 669
is_linear=0
shrinkage=0.05


Tree=84
num_leaves=7
num_cat=0
split_feature=6 61 32 39 7 12
split_gain=1.26397 2.11358 1.25699 1.24446 1.05159 0.917991
threshold=-0.073393058623133819 0.62055614225681843 -1.1218483784791893 -1.1249776479846791 1.1867065391590037 0.082637542376637188
decision_type=2 2 2 2 2 2
left_child=2 -2 -1 -3 -5 -4
right_child=1 3 5 4 -6 -7
leaf_value=-0.017823702445079137 -0.029074758626570586 -0.017323736690908979 0.0033960114500411077 0.023991203837083998 -0.010558670259517804 0.026639033260727675
leaf_weight=1.5427373198326702 5.0996001510648039 1.3524656172376124 13.404588182340381 4.590832618996501 1.1288402004865927 4.0588805791921905
leaf_count=411 1125 326 1029 418 247 177
internal_value=-0.000280684 -0.0113617 0.00739716 0.00626651 0.0158857 0.0119116
internal_weight=31.1779 12.1717 19.0062 7.07214 5.71967 17.4635
internal_count=3733 2116 1617 991 665 1206
is_linear=0
shrinkage=0.05


Tree=85
num_leaves=7
num_cat=0
split_feature=59 12 4 0 61 8
split_gain=1.99709 1.21112 0.957718 0.950592 0.985607 0.933822
threshold=1.0000000180025095e-35 0.33660045937605937 -0.42392078600452582 -0.039163814585617823 -0.79443625523589878 1.05339522674916
decision_type=2 2 2 2 2 2
left_child=-1 2 -2 -4 -5 -6
right_child=1 -3 3 4 5 -7
leaf_value=0.015033178714410088 -0.026167839996857012 0.013144632770375234 -0.017776801479794779 -0.011888670227495185 0.022921110333399788 -0.010774000536768127
leaf_weight=9.1724186157807726 6.6349178211530733 2.4587281874846658 3.8814584076171794 2.526784454705199 4.5814250811235855 0.82201745465863485
leaf_count=492 1149 230 896 303 368 245
internal_value=-0.00159691 -0.00986442 -0.014341 -0.003743 0.00611974 0.0157788
internal_weight=30.0778 20.9053 18.4466 11.8117 7.93023 5.40344
internal_count=3683 3191 2961 1812 916 613
is_linear=0
shrinkage=0.05


Tree=86
num_leaves=7
num_cat=0
split_feature=40 12 16 41 43 60
split_gain=1.51722 1.31631 1.15825 1.02821 0.908089 0.736627
threshold=-0.67684099483737203 -0.19740068296396768 -0.36831867093583637 -1.0528597960987198 -0.67240018920621669 3.0677763154589965
decision_type=2 2 2 2 2 2
left_child=5 2 -2 -3 -5 -1
right_child=1 3 -4 4 -6 -7
leaf_value=-0.02846977123180874 -0.021973312051761673 -0.0081728402505178207 0.0055844159683653555 -0.0094863917035212103 0.021525013989434166 0.0062899291599929578
leaf_weight=3.1636491278186472 4.3487007952062431 3.0905088083818617 5.9660345318261534 1.0466746862512142 11.982494017109262 0.79331584414467204
leaf_count=877 806 431 352 196 1036 23
internal_value=-0.000859202 0.00417634 -0.00836706 0.0122561 0.0177246 -0.0217937
internal_weight=30.3914 26.4344 10.3147 16.1197 13.0292 3.95696
internal_count=3721 2821 1158 1663 1232 900
is_linear=0
shrinkage=0.05


Tree=87
num_leaves=7
num_cat=0
split_feature=59 37 27 33 27 9
split_gain=1.30076 1.11979 1.47383 1.30685 1.13173 1.02136
threshold=1.0000000180025095e-35 -0.59415159798192907 -0.88160283188887367 -0.81468718654458594 1.3218881209410351 -0.026879587845852971
decision_type=2 2 2 2 2 2
left_child=-1 2 -2 -3 5 -5
right_child=1 3 -4 4 -6 -7
leaf_value=0.011002836821654621 -0.016660556334124652 0.01099900013150527 0.020190366035043553 -0.0039255998563561354 0.0019701495615333051 -0.037680643264827486
leaf_weight=8.3155798761872592 1.7111145376693455 1.9721475976984972 3.863783741020602 4.036442937562243 3.6737449530046442 5.8271111453650422
leaf_count=491 495 70 419 921 346 971
internal_value=-0.00332719 -0.00964544 0.00700796 -0.0157972 -0.020988 -0.0280042
internal_weight=29.3999 21.0843 5.5749 15.5094 13.5373 9.86355
internal_count=3713 3222 914 2308 2238 1892
is_linear=0
shrinkage=0.05


Tree=88
num_leaves=7
num_cat=0
split_feature=27 42 42 41 41 15
split_gain=1.36355 1.53148 1.91796 0.970613 1.3804 1.0453
threshold=-0.97881197763838435 0.6812960478535327 -1.2972953227264601 1.1480574271824018 -1.0839345500074311 0.80329679500201812
decision_type=2 2 2 2 2 2
left_child=-1 2 -2 4 5 -4
right_child=1 -3 3 -5 -6 -7
leaf_value=-0.025949227204984146 -0.021053161738228056 -0.013987800352066503 0.01198690609213713 -0.0046895409111032977 0.030250082316151252 -0.019776301491257146
leaf_weight=2.4567396842176121 1.791088764090097 7.9193373915040857 3.4059177753515639 3.7360238964902228 8.0787001196294934 1.3573335120454428
leaf_count=714 355 1000 244 517 513 315
internal_value=-0.00318302 0.0013846 0.00904534 0.0150249 0.0205623 -0.00120888
internal_weight=28.7451 26.2884 18.3691 16.578 12.842 4.76325
internal_count=3658 2944 1944 1589 1072 559
is_linear=0
shrinkage=0.05


Tree=89
num_leaves=7
num_cat=0
split_feature=15 15 54 33 60 35
split_gain=1.64114 1.94094 1.14842 1.28037 0.97626 0.885458
threshold=0.80329679500201812 -0.80649847674524766 -0.0473571150886253 -0.81623151168621511 2.8893033932184822 0.087807153592213291
decision_type=2 2 2 2 2 2
left_child=1 2 3 -1 -2 -5
right_child=4 -3 -4 5 -6 -7
leaf_value=0.013535745613662293 -0.019935711369054882 0.033827757226129448 0.013284968514264804 -0.025959459652522911 0.0099018439353449825 0.0021059450835711944
leaf_weight=2.2801947195548591 8.9842349619139004 2.4114373642951241 6.3755603755125767 5.3644481492228824 1.564370471285655 3.5999248091829941
leaf_count=96 1829 62 309 856 53 553
internal_value=-0.000532274 0.00763494 -0.000349759 -0.00925027 -0.014298 -0.0169869
internal_weight=30.5802 20.0316 17.6201 11.2446 10.5486 8.96437
internal_count=3758 1876 1814 1505 1882 1409
is_linear=0
shrinkage=0.05


Tree=90
num_leaves=7
num_cat=0
split_feature=60 43 37 12 62 61
split_gain=1.32687 1.38226 1.21435 0.888758 0.695002 0.67132
threshold=-0.081495022299884395 0.077677502111154581 -0.59415159798192907 0.61023881920827894 0.83710061999309426 0.73246188028882908
decision_type=2 2 2 2 2 2
left_child=1 3 -3 -1 -2 -4
right_child=4 2 5 -5 -6 -7
leaf_value=-0.02462492700148981 0.017408709906729932 0.021030771073249736 -0.01473629058014201 0.0078680105071818312 -0.0094576180452018415 0.0076595417362231343
leaf_weight=8.5063865567790398 7.2522515471791831 3.010243645287118 5.5263369631720689 1.0892485035583366 1.0639844655524937 3.1221504675922915
leaf_count=1900 336 284 693 92 102 299
internal_value=-0.00194901 -0.0083912 0.00325037 -0.019941 0.0123754 -0.00676085
internal_weight=29.5706 21.2544 11.6587 9.59564 8.31624 8.64849
internal_count=3706 3268 1276 1992 438 992
is_linear=0
shrinkage=0.05


Tree=91
num_leaves=7
num_cat=0
split_feature=40 42 42 41 41 36
split_gain=1.33291 1.1634 1.12465 1.61177 2.57495 1.27384
threshold=-0.67684099483737203 1.1508367431439801 -1.0806345128100685 -1.0528597960987198 0.90892393010612871 0.838726966015376
decision_type=2 2 2 2 2 2
left_child=-1 2 -2 5 -5 -4
right_child=1 -3 3 4 -6 -7
leaf_value=-0.02226480273784668 -0.010059598745068142 -0.014922455567479388 -0.021606306336569014 0.040689522705958082 -0.0011348549557860137 0.012388528990009451
leaf_weight=3.4837877389509257 4.4501385524636197 4.3429250741610295 2.8357289177365699 5.2329302049474702 6.3686439301818609 2.5512800005963072
leaf_count=875 612 588 573 206 735 118
internal_value=-0.00191643 0.0028673 0.00786048 0.0133599 0.0222142 -0.00683394
internal_weight=29.2654 25.7816 21.4387 16.9886 11.6016 5.38701
internal_count=3707 2832 2244 1632 941 691
is_linear=0
shrinkage=0.05


Tree=92
num_leaves=7
num_cat=0
split_feature=12 11 33 37 11 40
split_gain=1.36923 1.70021 1.48853 1.24494 0.999917 0.987091
threshold=-0.22052200158636767 -0.32767475085408604 -0.81468718654458594 -0.56076462507932401 -0.45145678649879362 -0.72899757910169949
decision_type=2 2 2 2 2 2
left_child=2 5 -1 -3 -4 -2
right_child=1 3 4 -5 -6 -7
leaf_value=0.012033410688956619 -0.010342080286645929 0.011987648979819833 -0.032379714142223313 -0.021007449008332416 0.0019580520904193583 0.020697860306961791
leaf_weight=2.4870617666747421 1.1520772728836153 2.2084167399443713 3.7964694070396945 4.3896329342387581 2.6099406555295008 13.869832999189386
leaf_count=134 235 390 659 991 381 880
internal_value=0.00209983 0.00866889 -0.012028 -0.0096687 -0.0222277 0.016992
internal_weight=30.5134 21.62 8.89347 6.59805 6.40641 15.0219
internal_count=3670 2496 1174 1381 1040 1115
is_linear=0
shrinkage=0.05


Tree=93
num_leaves=7
num_cat=0
split_feature=31 26 11 14 37 29
split_gain=1.2605 1.58103 1.20171 0.770455 0.866646 0.969833
threshold=0.22131588614651101 0.54582817935338845 -0.72827269835883224 1.0000000180025095e-35 2.1413543818381853 -0.60378997183975303
decision_type=2 2 2 2 2 2
left_child=3 -2 -3 4 5 -1
right_child=1 2 -4 -5 -6 -7
leaf_value=0.001460282427722224 0.023981071933567435 0.01006784703093702 -0.019265398500693712 0.0094545925869193945 0.011518109694132589 -0.026010240777343908
leaf_weight=4.1617202006746066 5.9506577439606181 4.4749191214796147 3.7921589091420165 2.1626434985082588 0.86570204619783986 7.6667640745872649
leaf_count=499 391 232 629 389 32 1503
internal_value=-0.00045524 0.00923751 -0.00493449 -0.00972461 -0.0141748 -0.018005
internal_weight=29.0746 14.2177 8.26708 14.8568 12.6942 11.8285
internal_count=3675 1252 861 2423 2034 2002
is_linear=0
shrinkage=0.05


Tree=94
num_leaves=7
num_cat=0
split_feature=12 45 33 11 55 41
split_gain=1.48134 1.5295 1.14033 0.974065 0.932371 0.778166
threshold=-0.23319341449770728 -0.72548612918283728 -0.81468718654458594 0.14374625681409683 2.333320984200534 1.1480574271824018
decision_type=2 2 2 2 2 2
left_child=2 -2 -1 5 -4 -3
right_child=1 3 4 -5 -6 -7
leaf_value=0.0085643800016098007 -0.017863088960952189 0.020037601598224448 -0.032496697546637178 -0.0082111758607380739 0.0037948414544607574 -0.0054382293655149388
leaf_weight=2.0466037965379655 2.5283576704096111 14.619520008098336 3.8659011862473589 3.1202850458212188 1.6129909020382909 2.2827080768765873
leaf_count=134 589 1094 838 737 75 268
internal_value=0.000390719 0.00686145 -0.0154285 0.0119044 -0.02425 0.0162959
internal_weight=30.0764 22.5509 7.5255 20.0225 5.47889 16.9022
internal_count=3735 2688 1047 2099 913 1362
is_linear=0
shrinkage=0.05


Tree=95
num_leaves=7
num_cat=0
split_feature=31 42 14 0 29 59
split_gain=1.77011 1.77104 1.57171 1.14115 0.823852 0.833648
threshold=0.22131588614651101 0.34683427464792604 1.0000000180025095e-35 0.87916731771836887 0.1098495113537462 1.0000000180025095e-35
decision_type=2 2 2 2 2 2
left_child=2 3 4 -2 5 -1
right_child=1 -3 -4 -5 -6 -7
leaf_value=0.011435406004171677 0.028931279052058667 -0.010128717092369868 0.014338911877404907 -0.004082411706007847 -0.028651725521281562 -0.014227680487726865
leaf_weight=2.7767710932530463 7.113785184803417 4.7836559996940187 2.4366931070107958 2.6268301777308807 5.6375494704116136 4.2348009904380906
leaf_count=127 404 516 379 334 1233 728
internal_value=-0.000478499 0.0108875 -0.0114122 0.0211633 -0.0181707 -0.00368321
internal_weight=29.6101 14.5243 15.0858 9.74062 12.6491 7.01157
internal_count=3721 1254 2467 738 2088 855
is_linear=0
shrinkage=0.05


Tree=96
num_leaves=7
num_cat=0
split_feature=12 40 34 4 9 47
split_gain=1.48322 1.92407 1.08598 1.08571 1.0766 0.953632
threshold=-0.18653374341025555 -0.67684099483737203 0.43648304850604386 0.66319484293982989 0.86581532225435465 0.96527274207848213
decision_type=2 2 2 2 2 2
left_child=4 -2 -3 -4 -1 -6
right_child=1 2 3 -5 5 -7
leaf_value=-0.028990160518637561 -0.022022594472759408 0.019511809056087372 -0.021243732340314223 0.012902378981757731 0.011876098094140962 -0.015124808044715631
leaf_weight=4.012786326697098 2.1157274353317943 11.41837558057159 1.9733023798326024 1.6768243814585728 3.9954146391246468 3.1514928136020899
leaf_count=1044 605 831 508 231 196 317
internal_value=-0.00286837 0.00611159 0.0130625 -0.00681331 -0.0150613 -0.000981769
internal_weight=28.3439 17.1842 15.0685 3.65013 11.1597 7.14691
internal_count=3732 2175 1570 739 1557 513
is_linear=0
shrinkage=0.05


Tree=97
num_leaves=7
num_cat=0
split_feature=12 33 12 61 29 6
split_gain=1.32428 1.14356 1.02087 1.1752 1.30801 0.67979
threshold=0.33660045937605937 -0.81623151168621511 -0.23739315915671874 0.62055614225681843 -0.22340560881047963 0.74412098365768342
decision_type=2 2 2 2 2 2
left_child=1 -1 -3 4 -4 -5
right_child=-2 2 3 5 -6 -7
leaf_value=0.012508057561158215 0.016036659477207695 -0.028535314596568936 0.0028273129089708277 0.016210773666439905 -0.02812924685626654 -0.009343345426023315
leaf_weight=2.6461296911584276 3.3823106621857724 4.9266938259825173 5.3722708288114607 4.8688097264384842 4.4674030416645003 1.5570161665091289
leaf_count=148 280 902 513 378 1064 381
internal_value=-0.00511628 -0.00957468 -0.0135412 -0.00526328 -0.0145161 0.00901584
internal_weight=27.2206 23.8383 21.1922 16.2655 9.83967 6.42583
internal_count=3666 3386 3238 2336 1577 759
is_linear=0
shrinkage=0.05


Tree=98
num_leaves=7
num_cat=0
split_feature=29 61 32 26 60 39
split_gain=1.13145 1.20973 1.03859 0.884812 0.927198 0.783475
threshold=-0.26673770888545251 0.64028123744221632 -1.1218483784791893 0.52903774395707404 -0.23744510503352387 -1.1249776479846791
decision_type=2 2 2 2 2 2
left_child=2 -2 -1 -4 -5 -3
right_child=1 5 3 4 -6 -7
leaf_value=-0.016493169232094731 -0.022638014048122976 -0.014262767191417631 0.020330723083927665 -0.013200599507100123 0.014647921799972416 0.012046075432868408
leaf_weight=1.2512226161779842 6.3228615666739625 1.4097490672720594 8.1060970319667813 4.2245861591072762 2.1374211080837995 5.2836177363060415
leaf_count=391 1332 315 508 432 68 674
internal_value=-0.00121626 -0.010874 0.00724185 0.0117745 -0.00214872 0.00380568
internal_weight=28.7356 13.0162 15.7193 14.4681 6.36201 6.69337
internal_count=3720 2321 1399 1008 500 989
is_linear=0
shrinkage=0.05


Tree=99
num_leaves=7
num_cat=0
split_feature=0 12 33 61 33 12
split_gain=1.10167 1.06764 1.0504 1.19081 1.51563 1.00609
threshold=-0.80006675278034944 2.7261241789543069 0.30163244000042283 -0.88896047374810316 -0.80568201547572904 0.090416827518409001
decision_type=2 2 2 2 2 2
left_child=1 -1 3 4 -2 -6
right_child=2 -3 -4 -5 5 -7
leaf_value=-0.027807955673648185 0.011899720878858384 0.010485070266524722 -0.013784227460094188 0.017252313146308887 -0.027786933077002463 0.0099326992748912518
leaf_weight=2.3622744380263643 4.9906164105050266 0.85371451033279289 3.1415757638169444 14.51703567744698 3.4691513247089532 0.70886495942249883
leaf_count=647 233 38 766 1331 717 35
internal_value=0.00184644 -0.0174884 0.00569009 0.00953233 -0.00393082 -0.0199106
internal_weight=30.0432 3.21599 26.8272 23.6857 9.16863 4.17802
internal_count=3767 685 3082 2316 985 752
is_linear=0
shrinkage=0.05


Tree=100
num_leaves=7
num_cat=0
split_feature=32 37 32 1 14 0
split_gain=1.11096 1.78961 1.15901 1.11411 0.756833 0.730864
threshold=0.43716010326515087 -0.59415159798192907 -1.2600208644198969 1.4532628519057009 1.0000000180025095e-35 -0.28423820186917409
decision_type=2 2 2 2 2 2
left_child=1 2 -1 5 -3 -2
right_child=3 4 -4 -5 -6 -7
leaf_value=-0.016341437320831206 -0.0064149057899468009 -0.02801344842369502 0.017119099238922662 -0.012877099329979609 0.0042028402263201928 0.018829732683118661
leaf_weight=1.0405732180224729 2.0452223601751021 6.1390187042998168 5.3679890721105039 2.4486884786747387 1.3939270804403348 10.437874502618795
leaf_count=361 270 1275 617 291 245 656
internal_value=-0.000308131 -0.00946343 0.00820781 0.00839312 -0.0225529 0.0142521
internal_weight=28.8733 13.9415 6.40856 14.9318 7.53295 12.4831
internal_count=3715 2498 978 1217 1520 926
is_linear=0
shrinkage=0.05


Tree=101
num_leaves=7
num_cat=0
split_feature=12 4 33 47 37 32
split_gain=1.1705 1.61214 1.38621 1.09931 0.874167 0.621218
threshold=0.5199884183882737 -0.54816257216959496 -0.048355227599196811 0.96527274207848213 -0.814505619139123 -0.96859267401783677
decision_type=2 2 2 2 2 2
left_child=1 4 3 -3 5 -1
right_child=-2 2 -4 -5 -6 -7
leaf_value=-0.014843699048238771 0.018127045355738777 0.017964102580463867 -0.016147153421631592 -0.0068978092319764818 -0.033385629721510858 0.011884439680572468
leaf_weight=0.91148279409389976 3.0388673699926576 9.2186130568152347 4.569286744925189 4.9726530197076491 3.4664994929917219 1.8938621651614083
leaf_count=321 203 657 1115 651 617 150
internal_value=-0.00206111 -0.00618956 0.00194297 0.00956896 -0.0232735 1.72145e-05
internal_weight=28.0713 25.0324 18.7606 14.1913 6.27184 2.80534
internal_count=3714 3511 2423 1308 1088 471
is_linear=0
shrinkage=0.05


Tree=102
num_leaves=7
num_cat=0
split_feature=45 45 34 42 42 1
split_gain=1.31994 1.04881 0.780934 0.65601 0.76267 1.17349
threshold=-0.51511614581529275 1.576208982956179 -0.36864445454740863 -1.2972953227264601 1.1508367431439801 -0.95755898642326998
decision_type=2 2 2 2 2 2
left_child=2 3 -1 -2 5 -5
right_child=1 -3 -4 4 -6 -7
leaf_value=0.0019319480703662917 -0.0094079528697746488 -0.016845487492550618 -0.025126575909477797 -0.012715915741936472 -0.0043319107997732316 0.021384684850590283
leaf_weight=4.0326157488161698 1.4645103269722373 1.2270939655136306 3.1042672557523501 0.92385552648921532 3.6734479556325814 14.937726257019667
leaf_count=563 241 267 760 267 444 1163
internal_value=0.00160015 0.00759432 -0.0137905 0.0109496 0.0135251 0.0176919
internal_weight=29.3635 22.2266 7.13688 20.9995 19.535 15.8616
internal_count=3705 2382 1323 2115 1874 1430
is_linear=0
shrinkage=0.05


Tree=103
num_leaves=7
num_cat=0
split_feature=45 42 44 60 39 39
split_gain=1.24165 1.04384 1.07484 0.939483 0.845538 1.13557
threshold=-0.50645385238251162 -1.1302968424630679 0.72192817777079032 3.367043004408127 -0.13984288115592972 -1.1249776479846791
decision_type=2 2 2 2 2 2
left_child=-1 3 4 -2 5 -3
right_child=1 2 -4 -5 -6 -7
leaf_value=-0.014739798709870969 -0.023391072305278635 -0.0074820832522660176 -0.0092258351759893966 0.011526623943099307 0.0026594038219815851 0.031639110015199971
leaf_weight=7.1988243141095181 2.3397680398775331 1.0847701595630495 3.4654836780391625 0.78940959693863977 8.1772288557840422 6.1939215954626041
leaf_count=1358 458 198 398 11 809 470
internal_value=-3.57288e-05 0.00595501 0.0105103 -0.013252 0.0157158 0.0253267
internal_weight=29.2494 22.0506 18.9214 3.12918 15.4559 7.27869
internal_count=3702 2344 1875 469 1477 668
is_linear=0
shrinkage=0.05


Tree=104
num_leaves=7
num_cat=0
split_feature=33 12 40 30 32 39
split_gain=1.68396 1.26914 1.38445 1.11841 0.629376 0.617223
threshold=-0.048355227599196811 -0.18653374341025555 -0.67684099483737203 -0.31666645562239087 1.6419840012699483 1.8654752347915908
decision_type=2 2 2 2 2 2
left_child=1 3 -3 5 -2 -1
right_child=4 2 -4 -5 -6 -7
leaf_value=-0.02711416732430267 -0.025659194858907698 -0.01208814965526738 0.020817449964056225 0.007097376355543094 0.0054294294903868365 0.0050766081891578151
leaf_weight=2.7901201341301207 3.591208647703751 1.9084051134996141 12.82090321241412 5.7180231162346935 0.96500433911569405 0.89888744393829245
leaf_count=565 1094 455 1008 371 95 90
internal_value=0.00148596 0.00717456 0.01523 -0.00607124 -0.0195332 -0.0205114
internal_weight=28.6926 24.1363 14.7293 9.40703 4.55621 3.68901
internal_count=3678 2489 1463 1026 1189 655
is_linear=0
shrinkage=0.05


Tree=105
num_leaves=7
num_cat=0
split_feature=27 37 39 62 61 61
split_gain=1.0795 1.30061 1.3481 1.30219 1.27697 0.873614
threshold=-0.97881197763838435 -0.74328007694689868 0.35299410673759901 0.51338108031554464 -0.35691020826711434 0.73773492553641085
decision_type=2 2 2 2 2 2
left_child=-1 -2 4 -4 -3 -6
right_child=1 2 3 -5 5 -7
leaf_value=-0.021692391584143239 0.021167120959092796 0.021442734486169283 -0.030565614334845732 0.0062526994199134309 -0.015955856265302808 0.006713926703829998
leaf_weight=2.2493723183870342 4.381082436302683 4.4149751989170971 3.5527992747956878 2.4321967817377299 4.9558620681054801 6.5513608186738566
leaf_count=702 405 188 565 230 878 755
internal_value=-0.00088078 0.00293953 -0.00281616 -0.0185114 0.00508302 -0.00432994
internal_weight=28.5376 26.2883 21.9072 5.985 15.9222 11.5072
internal_count=3723 3021 2616 795 1821 1633
is_linear=0
shrinkage=0.05


Tree=106
num_leaves=7
num_cat=0
split_feature=36 41 41 22 12 33
split_gain=0.931925 0.985905 0.961135 0.795099 0.674646 0.640686
threshold=-0.82894306634150561 1.3376001252748246 1.1480574271824018 -1.7900328811776716 -0.23319341449770728 -0.81468718654458594
decision_type=2 2 2 2 2 2
left_child=1 -1 3 -2 5 -5
right_child=2 -3 -4 4 -6 -7
leaf_value=-0.024113431982168698 -0.01145852120356794 0.012075471666312503 -0.012592499921169965 0.012823482883574404 0.017306171682004694 -0.011095808532590751
leaf_weight=2.9273944675223933 1.6326701794751084 0.61173754307674233 3.2828469680389381 1.77161518484354 15.046155960997554 3.8406688513932847
leaf_count=948 444 78 492 53 1203 471
internal_value=0.0020577 -0.015188 0.00578833 0.00966791 0.0125788 -0.00170849
internal_weight=29.1131 3.53913 25.574 22.2911 20.6584 5.61228
internal_count=3689 1026 2663 2171 1727 524
is_linear=0
shrinkage=0.05


Tree=107
num_leaves=7
num_cat=0
split_feature=42 42 41 41 56 3
split_gain=1.09891 1.37926 1.19795 2.40867 1.05777 0.708685
threshold=0.62854707150522382 -1.0029454311636605 -1.0709418166768232 1.2070987595694416 1.878395261100539 -0.68680554259911919
decision_type=2 2 2 2 2 2
left_child=1 4 -3 -4 -1 -2
right_child=5 2 3 -5 -6 -7
leaf_value=-0.022835459968275271 0.0023150514051833099 -0.0061452347089329803 0.03502057881883449 -0.0087266790896370974 0.012201169894846393 -0.023068191014348583
leaf_weight=3.8838605158962336 3.3589494522893801 4.88373018591665 5.5519293840043229 3.4148313571931794 0.9257670345250516 5.3037054347805661
leaf_count=769 294 728 318 598 23 988
internal_value=-0.00300307 0.00395976 0.0115763 0.0203491 -0.0139952 -0.0151621
internal_weight=27.3228 18.6601 13.8505 8.96676 4.80963 8.66265
internal_count=3718 2436 1644 916 792 1282
is_linear=0
shrinkage=0.05


Tree=108
num_leaves=7
num_cat=0
split_feature=32 37 27 62 61 33
split_gain=1.09305 1.62183 1.15974 0.804711 0.731052 0.629514
threshold=1.0272870418339799 -0.56076462507932401 -0.95026999883883378 0.75653422464930198 0.64028123744221632 -0.81623151168621511
decision_type=2 2 2 2 2 2
left_child=1 2 -1 -2 5 -3
right_child=3 4 -4 -5 -6 -7
leaf_value=-0.013899837251338816 0.016986170100517558 0.0041238573709581876 0.018507880630236544 -0.010034094731646001 0.0001294531384517354 -0.028381274212788139
leaf_weight=1.5467206996981984 7.6448736358433944 0.94143634126521902 5.3935530862072509 1.506073562777601 4.2479823702014983 6.6606255125952876
leaf_count=485 444 43 549 207 702 1270
internal_value=-0.00094499 -0.00756485 0.00927019 0.0111597 -0.0173056 -0.024328
internal_weight=27.9413 18.7903 6.94027 9.15095 11.85 7.60206
internal_count=3700 3049 1034 651 2015 1313
is_linear=0
shrinkage=0.05


Tree=109
num_leaves=7
num_cat=0
split_feature=40 7 0 61 34 31
split_gain=1.11933 0.845383 0.968652 1.33047 1.11844 1.26069
threshold=-0.67684099483737203 1.0972718688112757 -0.80006675278034944 -0.81421993981293661 -1.6417902678222795 2.8183809117884926
decision_type=2 2 2 2 2 2
left_child=-1 2 -2 4 -4 -6
right_child=1 -3 3 -5 5 -7
leaf_value=-0.018402305087578494 -0.012345281431300084 -0.016399455430056362 0.017236629662516691 0.020202684688734953 -0.024639682987100325 0.0089381087589601085
leaf_weight=3.2662707563140456 2.571943356189883 1.2979266314068798 1.7454227716661987 12.721502805477931 3.9524737705942332 2.6483796836109832
leaf_count=851 456 380 58 1106 690 103
internal_value=0.000769328 0.00498681 0.00787559 0.0115753 -0.00343953 -0.0125844
internal_weight=28.2039 24.9376 23.6397 21.0678 8.34628 6.60085
internal_count=3644 2793 2413 1957 851 793
is_linear=0
shrinkage=0.05


Tree=110
num_leaves=7
num_cat=0
split_feature=32 12 62 11 40 60
split_gain=1.43823 1.90908 0.988437 0.973032 0.575462 0.609609
threshold=1.0272870418339799 -0.054227083535146103 0.72659978901201294 0.14374625681409683 0.039953134270499506 3.8667355238331518
decision_type=2 2 2 2 2 2
left_child=1 4 -2 -3 5 -1
right_child=2 3 -4 -5 -6 -7
leaf_value=-0.029867902472486503 0.019831163100385407 0.018520892245238993 -0.010005703812821575 -0.010688751234331002 -0.00290842472382554 0.0040271647941071149
leaf_weight=5.6901726544601861 8.1989995825570059 5.5220356081845265 1.6501454700482998 1.9386251434916628 5.0914975324412808 0.79601565841585387
leaf_count=1381 440 451 216 491 711 34
internal_value=0.000401587 -0.00738511 0.0136633 0.0100422 -0.0183708 -0.0257501
internal_weight=28.8875 19.0383 9.84915 7.46066 11.5777 6.48619
internal_count=3724 3068 656 942 2126 1415
is_linear=0
shrinkage=0.05


Tree=111
num_leaves=7
num_cat=0
split_feature=59 6 35 35 2 34
split_gain=1.00909 1.05653 1.695 0.79837 0.754147 1.64547
threshold=1.0000000180025095e-35 -1.1316045426689614 -0.14775521486116253 0.92495957071113366 0.50914494818563305 0.2808817351959651
decision_type=2 2 2 2 2 2
left_child=-1 -2 -3 4 5 -4
right_child=1 2 3 -5 -6 -7
leaf_value=0.011379887092721048 0.0090701717875458204 -0.029915500469048936 0.014595060573269585 -0.016633189747103712 0.023962161982177783 -0.022408400391902616
leaf_weight=8.2044191039167362 5.1492318633245331 5.1552009998122257 3.9030306071508623 1.6074055471108293 1.4926684723468495 2.3411855913582258
leaf_count=506 542 994 274 563 165 682
internal_value=-0.000987453 -0.00697483 -0.013251 0.000978665 0.0082628 -0.00204855
internal_weight=27.8531 19.6487 14.4995 9.34429 7.73688 6.24422
internal_count=3726 3220 2678 1684 1121 956
is_linear=0
shrinkage=0.05


Tree=112
num_leaves=7
num_cat=0
split_feature=0 15 15 29 0 54
split_gain=1.11886 0.792289 1.01581 0.893611 0.845383 0.775031
threshold=-0.80006675278034944 0.80329679500201812 -0.80649847674524766 0.27925667922990088 0.87916731771836887 -0.0473571150886253
decision_type=2 2 2 2 2 2
left_child=-1 2 5 4 -3 -2
right_child=1 3 -4 -5 -6 -7
leaf_value=-0.018473712915038479 -0.0047435568858653198 0.015190240461194307 0.030974893595168213 -0.018637190015599336 -0.014359308697896435 0.014833247021628391
leaf_weight=2.8872211355483186 9.5220041035790981 4.2651569710578787 1.9391069086268498 3.4548404653323814 0.88826942862942804 5.7647579348413265
leaf_count=684 1230 350 51 932 231 268
internal_value=0.00154681 0.00547358 0.0110551 -0.00566609 0.00668757 0.00386132
internal_weight=28.7214 25.8341 17.2259 8.60827 5.15343 15.2868
internal_count=3746 3062 1549 1513 581 1498
is_linear=0
shrinkage=0.05


Tree=113
num_leaves=7
num_cat=0
split_feature=15 4 37 6 59 36
split_gain=1.41629 1.37663 1.34174 0.831732 0.698097 0.673519
threshold=0.80329679500201812 -0.44462775036537072 -0.74328007694689868 0.98862337498302066 1.0000000180025095e-35 -0.55793768978440972
decision_type=2 2 2 2 2 2
left_child=1 2 -1 -3 -4 -2
right_child=5 3 4 -5 -6 -7
leaf_value=0.010987372660033209 -0.025923201933774384 0.020434170213045808 0.0036997609085717082 -0.010854704699321602 -0.029352329757002218 -0.0017169006697756184
leaf_weight=3.3330024898168631 3.2390362406149524 10.147001345292662 1.3782874406315384 0.59912338457070369 2.705694701755422 6.1855246815248393
leaf_count=338 1088 715 77 216 497 801
internal_value=-0.000968349 0.00698796 -0.00784236 0.0167015 -0.0213548 -0.0142867
internal_weight=27.5877 18.1631 7.41698 10.7461 4.08398 9.42456
internal_count=3732 1843 912 931 574 1889
is_linear=0
shrinkage=0.05


Tree=114
num_leaves=7
num_cat=0
split_feature=42 42 43 27 41 43
split_gain=1.13548 0.857516 0.918388 0.999462 0.747842 0.698802
threshold=-1.0806345128100685 0.6812960478535327 -0.7212124006106303 -0.97881197763838435 1.3612894623388205 -1.1125112256827727
decision_type=2 2 2 2 2 2
left_child=-1 2 -2 -4 -5 -3
right_child=1 5 3 4 -6 -7
leaf_value=-0.01767704140600115 -0.013082624498978649 0.013242930004191064 -0.012319478959369738 0.022333523079408363 -0.009427469831384358 -0.011402700406492626
leaf_weight=4.0665432816604179 0.99778977257665502 1.1341236000880588 0.83340210636379453 11.92273967113578 0.45434342377120707 8.1125276280217786
leaf_count=767 228 73 290 1045 130 1176
internal_value=0.000141017 0.00488452 0.0116912 0.0156372 0.0195558 -0.00587629
internal_weight=27.5215 23.4549 14.2083 13.2105 12.3771 9.24665
internal_count=3709 2942 1693 1465 1175 1249
is_linear=0
shrinkage=0.05


Tree=115
num_leaves=7
num_cat=0
split_feature=12 43 53 37 47 11
split_gain=1.3266 1.00512 1.0618 0.899558 0.735919 0.641013
threshold=0.61023881920827894 0.15361056184022026 -0.076147139547017503 -0.59415159798192907 0.96527274207848213 -0.34246813813775739
decision_type=2 2 2 2 2 2
left_child=1 2 -1 -3 5 -5
right_child=-2 3 -4 4 -6 -7
leaf_value=-0.02462128775705863 0.018758608522721196 0.01883911883399789 0.0028723289655317058 0.010684640994105489 -0.019581685663783169 -0.014363613888741321
leaf_weight=7.8838660390465574 2.7928361764643332 2.6230175331002092 4.3400526936165988 5.6724450876936308 2.3352396246045828 0.74577164778020133
leaf_count=2079 170 223 296 367 409 183
internal_value=-0.00333095 -0.00776578 -0.0162174 0.0028045 -0.00558251 0.00412596
internal_weight=26.3932 23.6004 12.2239 11.3765 8.75346 6.41822
internal_count=3727 3557 2375 1182 959 550
is_linear=0
shrinkage=0.05


Tree=116
num_leaves=7
num_cat=0
split_feature=54 29 35 29 32 1
split_gain=1.08008 0.795742 0.989733 1.07008 0.687649 0.678293
threshold=0.035192269171725521 -1.3695719190982689 -0.3440330283293907 0.37770939457779212 -1.2442839334686533 -0.35644798572881103
decision_type=2 2 2 2 2 2
left_child=1 -1 -3 -4 -5 -2
right_child=5 2 3 4 -6 -7
leaf_value=0.0087057588602736154 -0.0083848933166673443 -0.027825076204991944 0.0085450775407291991 0.0094533495532119569 -0.023695594229816198 0.015342743747301539
leaf_weight=2.9985320892883491 1.998282902757637 4.1509685977362123 6.5786879713414219 0.30352292780298951 3.213466508954296 7.7806766355643031
leaf_count=373 220 896 613 66 1217 385
internal_value=-0.00191217 -0.00893577 -0.0135173 -0.00260787 -0.0178 0.00966394
internal_weight=27.0241 17.2452 14.2466 10.0957 3.51699 9.77896
internal_count=3770 3165 2792 1896 1283 605
is_linear=0
shrinkage=0.05


Tree=117
num_leaves=7
num_cat=0
split_feature=53 37 27 53 36 33
split_gain=0.885951 0.861494 1.0554 0.770781 0.875333 0.756584
threshold=-0.24306882385104683 -0.56076462507932401 -0.93798677797646335 2.5173246350195586 0.30057972157025786 -0.81623151168621511
decision_type=2 2 2 2 2 2
left_child=1 2 -1 -2 -5 -3
right_child=3 5 -4 4 -6 -7
leaf_value=-0.014804585352695474 0.01984208599699579 0.0086855049364287142 0.017863081919381473 -0.01958220682230381 0.0098615740381744234 -0.017404495006368911
leaf_weight=1.188147844164632 4.2857739336322975 1.4950919665861899 3.739773816778329 1.5837942936923353 2.8502948995446786 11.815107803442512
leaf_count=479 202 58 491 181 117 2212
internal_value=-0.0015996 -0.0075533 0.00736502 0.00959885 -0.0043136 -0.0134154
internal_weight=26.958 18.2381 4.92792 8.71986 4.43409 13.3102
internal_count=3740 3240 970 500 298 2270
is_linear=0
shrinkage=0.05


Tree=118
num_leaves=7
num_cat=0
split_feature=29 29 35 37 27 59
split_gain=0.902315 1.46658 1.1367 0.949239 0.896483 0.739321
threshold=0.11903214424477725 1.1174821546206311 -0.3090973170695363 -0.74328007694689868 -0.97881197763838435 1.0000000180025095e-35
decision_type=2 2 2 2 2 2
left_child=2 -2 3 4 -1 -5
right_child=1 -3 -4 5 -6 -7
leaf_value=-0.013550783973793255 -0.021472942388890456 0.014798090432223469 0.015772650411363765 0.0053791333183911428 0.017658254399280229 -0.024051771317599772
leaf_weight=0.9325719333719461 7.3135186401777883 1.4436211525462566 7.7508382609812569 1.7238261105958379 3.5113813068019235 4.0804012616863474
leaf_count=340 1719 232 458 90 255 657
internal_value=-0.00232998 -0.0132434 0.00411321 -0.0062798 0.00828729 -0.0164564
internal_weight=26.7562 8.75714 17.999 10.2482 4.44395 5.80423
internal_count=3751 1951 1800 1342 595 747
is_linear=0
shrinkage=0.05


Tree=119
num_leaves=7
num_cat=0
split_feature=12 16 0 16 6 15
split_gain=1.08425 1.15645 0.725018 0.750137 0.764026 0.731869
threshold=-0.19740068296396768 -0.36831867093583637 -0.80006675278034944 1.4689526365835628 -0.39812029007584332 0.80329679500201812
decision_type=2 2 2 2 2 2
left_child=1 -1 -2 5 -5 -4
right_child=2 -3 3 4 -6 -7
leaf_value=-0.026332783033258807 -0.011581629776878655 0.0027828687066932217 0.027000638532228241 0.010226621257545442 -0.016773295401322559 0.0017599910732909699
leaf_weight=4.0679236263968068 2.224663395551036 5.5997588880127296 4.3224989193258789 2.3818644823040813 2.3350663001183412 5.4652308007935062
leaf_count=1021 455 422 388 141 374 914
internal_value=-0.00151491 -0.0128031 0.00596333 0.010178 -0.004464 0.0166262
internal_weight=26.397 9.66768 16.7293 14.5047 4.71693 9.78773
internal_count=3715 1443 2272 1817 515 1302
is_linear=0
shrinkage=0.05


Tree=120
num_leaves=7
num_cat=0
split_feature=0 1 12 39 7 39
split_gain=0.923772 0.929391 0.852417 0.767779 0.846708 0.860123
threshold=-0.80006675278034944 1.6020790147655142 2.7261241789543069 1.3591580229403617 1.1867065391590037 -1.3735529777646758
decision_type=2 2 2 2 2 2
left_child=2 3 -1 4 5 -2
right_child=1 -3 -4 -5 -6 -7
leaf_value=-0.023049886060045235 -0.0095685706217239885 -0.013395879985473187 0.010462822712640853 -0.0078647198179915747 -0.011324476557661112 0.019654800703024819
leaf_weight=2.2075611031032198 1.053092030575512 1.757963144686072 0.83713549748063076 2.5397428459255016 0.88535280391806637 19.204227496695239
leaf_count=643 174 256 38 459 320 1815
internal_value=0.0052865 0.00866135 -0.013216 0.0116207 0.0146478 0.0170973
internal_weight=28.4851 25.4404 3.0447 23.6824 21.1427 20.2573
internal_count=3705 3024 681 2768 2309 1989
is_linear=0
shrinkage=0.05


Tree=121
num_leaves=7
num_cat=0
split_feature=32 12 16 9 60 1
split_gain=1.29503 1.24128 1.01899 0.691745 0.637213 0.581204
threshold=1.2885009625778774 -0.056322945923857136 -0.36831867093583637 1.4009305697733598 -0.29016374764685149 -0.35644798572881103
decision_type=2 2 2 2 2 2
left_child=1 2 3 -1 5 -4
right_child=-2 -3 4 -5 -6 -7
leaf_value=-0.02990702586618086 0.014721899116699428 0.0079457753347443403 0.0079618172617357593 0.004543819669893783 0.012587581547290365 -0.017548088659470079
leaf_weight=5.7405427215271665 6.68826115282718 7.0870896017877394 1.3551660078810526 0.88941248576156784 2.5976808617124334 3.1165749797364697
leaf_count=1623 437 1005 140 48 101 399
internal_value=-0.000759626 -0.00696947 -0.0147268 -0.0253097 -0.000218275 -0.00972453
internal_weight=27.4747 20.7865 13.6994 6.62996 7.06942 4.47174
internal_count=3753 3316 2311 1671 640 539
is_linear=0
shrinkage=0.05


Tree=122
num_leaves=7
num_cat=0
split_feature=53 53 31 26 36 61
split_gain=1.15924 1.1701 0.984703 0.757496 0.696932 0.675528
threshold=-0.19340581382053751 2.1241772967557631 0.12381306092235091 0.35562048841703003 0.46319517776734775 0.73246188028882908
decision_type=2 2 2 2 2 2
left_child=2 -2 5 -4 -3 -1
right_child=1 4 3 -5 -6 -7
leaf_value=-0.028525806556427748 0.02424550801336952 -0.017974257440172118 0.014823407992872396 -0.0074473960868429254 0.0080170796086582088 -0.0007608136791715204
leaf_weight=4.2464596730424153 3.7740358295850438 1.9500130761880425 3.2636999104870466 6.8506620528642088 2.8170562500599772 3.3817299182992429
leaf_count=1296 148 211 294 929 125 699
internal_value=-0.00239642 0.0105625 -0.00926013 0.00148597 -0.00545083 -0.0199062
internal_weight=26.2837 8.54111 17.7426 10.1144 4.76707 7.62819
internal_count=3702 484 3218 1223 336 1995
is_linear=0
shrinkage=0.05


Tree=123
num_leaves=7
num_cat=0
split_feature=31 14 61 33 12 12
split_gain=1.46787 1.28012 1.16501 1.47684 0.950956 0.491894
threshold=0.22131588614651101 1.0000000180025095e-35 -0.79443625523589878 -0.81468718654458594 0.33660045937605937 0.090416827518409001
decision_type=2 2 2 2 2 2
left_child=1 4 3 -2 -1 -5
right_child=2 -3 -4 5 -6 -7
leaf_value=-0.024989124319874576 0.015498259862110206 0.011949399088065381 0.021965436036519997 -0.02223432669196582 0.0055194353979157607 0.0065766693790675484
leaf_weight=8.6158947160001862 3.0015818567480892 2.1191947082406832 5.2642537258216162 4.0735067479545251 2.0634480892913407 0.43525920109823335
leaf_count=1858 101 387 395 718 227 17
internal_value=-0.00214511 -0.0127323 0.00886615 -0.00396448 -0.0191766 -0.0179366
internal_weight=25.5731 12.7985 12.7746 7.51035 10.6793 4.50877
internal_count=3703 2472 1231 836 2085 735
is_linear=0
shrinkage=0.05


Tree=124
num_leaves=7
num_cat=0
split_feature=29 10 35 12 33 33
split_gain=1.17174 1.03441 0.943526 0.855955 1.0932 0.593016
threshold=0.5455530330697983 0.18485934003458585 -0.3090973170695363 0.062534372525735585 -0.80568201547572904 -0.062271963224750496
decision_type=2 2 2 2 2 2
left_child=1 2 3 4 -1 -4
right_child=-2 -3 5 -5 -6 -7
leaf_value=0.0073743698238194393 -0.016557308106329337 -0.01661771305547631 0.02069350313466967 0.013530228265674469 -0.02269654234467694 -0.0076268317299986871
leaf_weight=3.4631574169034187 4.8073161770007564 1.7740696317632672 10.203868477372451 3.0212304017040879 3.7174220742308539 0.59231500484748068
leaf_count=258 1308 463 639 239 716 110
internal_value=0.000454624 0.00555525 0.00927179 -0.00176733 -0.0102942 0.0178192
internal_weight=27.5794 22.7721 20.998 10.2018 7.18058 10.7962
internal_count=3733 2425 1962 1213 974 749
is_linear=0
shrinkage=0.05


Tree=125
num_leaves=7
num_cat=0
split_feature=11 37 12 11 41 36
split_gain=0.90167 0.94552 0.628873 0.840302 0.512156 0.498061
threshold=-0.27131858769180445 -0.62397729377492295 -0.23739315915671874 -0.45145678649879362 0.92755898189819663 -0.74344568923169252
decision_type=2 2 2 2 2 2
left_child=2 -2 3 -1 5 -4
right_child=1 -3 4 -5 -6 -7
leaf_value=-0.014907186586382157 0.0075106381777678135 -0.022156424339282214 -0.0069958759882854937 0.012971176007706742 -0.004130364624279419 0.017944861811234548
leaf_weight=4.2348881465150043 2.4837929378263652 3.8682119441800742 0.71919826121302577 1.5467766890069512 2.9828345990390526 11.093703764316155
leaf_count=660 523 1093 200 87 366 762
internal_value=0.00141387 -0.0118679 0.00650218 -0.00556555 0.0113611 0.0153171
internal_weight=26.9294 6.352 20.5774 5.78166 14.7957 11.8129
internal_count=3691 1616 2075 747 1328 962
is_linear=0
shrinkage=0.05


Tree=126
num_leaves=7
num_cat=0
split_feature=44 39 22 39 1 9
split_gain=0.809965 0.886432 0.853882 0.782858 0.840787 0.564278
threshold=0.6211798123697887 -1.3735529777646758 -1.7900328811776716 1.3591580229403617 1.6020790147655142 -1.3412580943586316
decision_type=2 2 2 2 2 2
left_child=1 -1 -3 4 5 -4
right_child=-2 2 3 -5 -6 -7
leaf_value=-0.017246337439514769 -0.013433338864299061 -0.011948113284131664 -0.007467130920575678 -0.010122607288604608 -0.010980064935278151 0.019952272449751576
leaf_weight=1.082578253117396 4.6818041339865877 2.0103870253078737 0.56413334124955916 1.4878999560023647 0.8614158071577539 15.653022037993637
leaf_count=266 622 645 199 349 144 1472
internal_value=0.000826891 0.00516858 0.00839229 0.0119504 0.0150986 0.0179817
internal_weight=26.3412 21.6594 20.5769 18.5665 17.0786 16.2172
internal_count=3697 3075 2809 2164 1815 1671
is_linear=0
shrinkage=0.05


Tree=127
num_leaves=7
num_cat=0
split_feature=42 41 42 41 62 32
split_gain=1.19518 1.06975 1.69968 2.65633 0.765531 0.740311
threshold=1.058811095435124 -1.1235427855594671 -0.96379222567092582 1.1346726717254394 0.17760223942411438 1.4831797132513185
decision_type=2 2 2 2 2 2
left_child=1 -1 5 -4 -5 -3
right_child=-2 2 3 4 -6 -7
leaf_value=-0.012553078235760535 -0.018049063035161086 -0.016995793187075135 0.035749721196295874 -0.02028322820228844 0.0080314932870097274 0.010269589663885484
leaf_weight=4.452617244794971 5.2644972525886251 4.2978406192851279 6.0940936912083945 1.8909746178542262 2.3232018795097247 1.3825122888665644
leaf_count=788 932 878 314 405 312 81
internal_value=-0.00184931 0.00409878 0.00998671 0.0201874 -0.00782508 -0.00910401
internal_weight=25.7057 20.4412 15.9886 10.3083 4.21418 5.68035
internal_count=3710 2778 1990 1031 717 959
is_linear=0
shrinkage=0.05


Tree=128
num_leaves=7
num_cat=0
split_feature=47 0 50 33 29 29
split_gain=0.692032 0.852425 0.854948 0.953633 0.826521 0.783915
threshold=0.96527274207848213 -0.80006675278034944 1.5077564978299012 1.0000000180025095e-35 -1.3406093986014225 1.1174821546206311
decision_type=2 2 2 2 2 2
left_child=1 -1 3 -3 -2 -5
right_child=4 2 -4 5 -6 -7
leaf_value=-0.015988208494161323 0.0089921865147857116 0.017924940297110139 -0.014200691670117439 -0.018472479016898694 -0.018114420218687265 0.012249208523326106
leaf_weight=1.7070613185060253 1.8153256588266229 11.044411875889631 1.1500896534998908 2.0773942466475996 7.0915468762977998 0.89086371613666404
leaf_count=424 152 648 398 544 1472 77
internal_value=-0.00236583 0.00359447 0.00807581 0.0120859 -0.0117161 -0.00772957
internal_weight=25.7767 16.8698 15.1628 14.0127 8.90687 2.96826
internal_count=3715 2091 1667 1269 1624 621
is_linear=0
shrinkage=0.05


Tree=129
num_leaves=7
num_cat=0
split_feature=33 47 33 62 45 47
split_gain=1.04723 1.25681 0.681354 0.795104 0.837674 0.672551
threshold=-0.81623151168621511 0.96527274207848213 0.30163244000042283 -0.33744110745519879 -0.65371284073979274 -0.65924540254230768
decision_type=2 2 2 2 2 2
left_child=-1 2 3 5 -5 -2
right_child=1 -3 -4 4 -6 -7
leaf_value=0.014583029045827126 -0.018823956566227276 -0.023481043076071156 -0.016808634982550693 -0.011656676546779998 0.016415634304676244 0.010725441207172219
leaf_weight=2.7528558408375856 2.6534581671003257 6.6919848606921724 1.7746002676431079 1.1218245534109907 8.6588002547505258 0.59844411723315971
leaf_count=151 452 1555 541 312 664 22
internal_value=-0.00544636 -0.00948272 -0.000266199 0.00471007 0.0112154 -0.0108488
internal_weight=24.252 21.4991 14.8071 13.0325 9.78062 3.2519
internal_count=3697 3546 1991 1450 976 474
is_linear=0
shrinkage=0.05


Tree=130
num_leaves=7
num_cat=0
split_feature=12 40 9 27 0 50
split_gain=1.06664 1.28543 0.95918 0.667176 0.762622 0.553503
threshold=-0.22052200158636767 -0.72436468697037804 0.92052435364309371 1.7540461710665773 -0.70851276755369075 1.5077564978299012
decision_type=2 2 2 2 2 2
left_child=2 -2 -1 4 -3 -6
right_child=1 3 -4 -5 5 -7
leaf_value=-0.028077711346775648 -0.01885369852117293 -0.0054949943530951395 0.0018717023383667691 -0.011664183459425227 0.020150319157286156 -0.007863577267477509
leaf_weight=2.2347406939370584 1.5070960458833749 2.8494823189103142 4.7568344993051142 0.66572333266958494 13.245909296267193 0.40945956035284403
leaf_count=810 517 478 348 105 1286 123
internal_value=0.000286463 0.00648934 -0.0132573 0.011187 0.013761 0.0180452
internal_weight=25.6692 18.6777 6.99158 17.1706 16.5049 13.6554
internal_count=3667 2509 1158 1992 1887 1409
is_linear=0
shrinkage=0.05


Tree=131
num_leaves=7
num_cat=0
split_feature=44 44 59 44 1 29
split_gain=0.82731 0.780842 0.719137 0.90203 0.604552 0.568728
threshold=0.72192817777079032 -0.63848239169995513 1.0000000180025095e-35 0.4201940711035112 0.94303600781491348 -0.93801299114654701
decision_type=2 2 2 2 2 2
left_child=1 -1 -3 5 -5 -4
right_child=-2 2 3 4 -6 -7
leaf_value=-0.0156704764980438 -0.018648064889023631 0.01583415896942348 0.0042794940274920859 0.020171261049339161 -0.0094653349545618173 -0.016835892226800327
leaf_weight=2.4621961427037666 3.6131032025441518 6.5539031680673441 3.4778744193608926 2.8691608717781505 0.4076753882691263 5.6043929849401906
leaf_count=555 544 393 501 195 64 1450
internal_value=-0.00316724 0.00142258 0.00548857 -0.0020188 0.0137225 -0.00969525
internal_weight=24.9883 21.3752 18.913 12.3591 3.27684 9.08227
internal_count=3702 3158 2603 2210 259 1951
is_linear=0
shrinkage=0.05


Tree=132
num_leaves=7
num_cat=0
split_feature=53 33 15 15 53 36
split_gain=1.00028 0.840736 1.02186 0.800972 0.603086 0.642113
threshold=-0.19340581382053751 -0.81468718654458594 -0.80649847674524766 0.80329679500201812 2.1241772967557631 0.46319517776734775
decision_type=2 2 2 2 2 2
left_child=1 -1 -3 -4 -2 -6
right_child=4 2 3 -5 5 -7
leaf_value=0.010974814118116736 0.021346480847563666 -0.021576211090410562 0.020528672614630487 -0.0064567217119032077 -0.01392684546515012 0.010427257214838941
leaf_weight=2.8535158904269364 3.7394453482702357 7.3775047422386733 0.96176698990166087 6.1545615477953106 2.0214123514015228 2.8907872462878004
leaf_count=175 166 1453 19 1572 204 121
internal_value=-7.20322e-05 -0.00675492 -0.011529 0.00219658 0.0116169 -0.00107526
internal_weight=25.999 17.3473 14.4938 7.11633 8.65164 4.9122
internal_count=3710 3219 3044 1591 491 325
is_linear=0
shrinkage=0.05


Tree=133
num_leaves=7
num_cat=0
split_feature=34 35 33 42 42 45
split_gain=1.35308 0.996679 1.0144 0.720308 0.762965 0.629153
threshold=0.67420277950647511 -0.21168321762297107 -0.75541359606745617 1.3029757430812479 -1.2335288333504235 -0.72548612918283728
decision_type=2 2 2 2 2 2
left_child=1 2 -1 4 -3 -6
right_child=-2 3 -4 -5 5 -7
leaf_value=0.0048179561009546344 -0.023380376441599234 -0.0084940609147767243 -0.020094271413258386 -0.010475179860600967 -0.0077236216962214476 0.023787771065783198
leaf_weight=7.4294487694860463 3.0257065577898166 1.0162694023456413 4.1796441886690454 0.91547969589009959 0.40294315596111019 8.4483058671466988
leaf_count=675 1096 172 924 155 120 589
internal_value=-0.00225167 0.00302833 -0.00643579 0.0124006 0.0164703 0.0207612
internal_weight=25.4178 22.3921 11.6091 10.783 9.86752 8.85125
internal_count=3731 2635 1599 1036 881 709
is_linear=0
shrinkage=0.05


Tree=134
num_leaves=7
num_cat=0
split_feature=39 39 29 37 36 27
split_gain=0.964764 1.04086 0.829869 0.743194 0.73342 0.650519
threshold=-0.1452349707390099 -1.3660040523483634 -0.17692163204047692 1.2866478755314936 1.8037103833075852 -0.95026999883883378
decision_type=2 2 2 2 2 2
left_child=1 -1 4 -3 5 -2
right_child=2 3 -4 -5 -6 -7
leaf_value=-0.013981640239235777 -0.012436860010879512 0.019635438447873261 -0.021833808945640409 -0.0072982289928532037 -0.016766107631909884 0.012062884193956252
leaf_weight=1.380146414390764 0.93366870970930804 9.7197760846465844 3.2247854782617642 1.5456456660758693 1.3840997046208929 8.2094275772687961
leaf_count=297 317 1200 861 251 213 620
internal_value=0.00109608 0.00992879 -0.00734955 0.0151824 0.000945595 0.00710655
internal_weight=26.3975 12.6456 13.752 11.2654 10.5272 9.1431
internal_count=3759 1748 2011 1451 1150 937
is_linear=0
shrinkage=0.05


Tree=135
num_leaves=7
num_cat=0
split_feature=27 37 32 62 62 14
split_gain=0.83145 1.29455 1.27748 0.919998 0.703859 0.607704
threshold=-0.97881197763838435 -0.59415159798192907 0.43716010326515087 0.57675655690763528 -0.23831536201628803 0.25175379934386027
decision_type=2 2 2 2 2 2
left_child=-1 -2 5 4 -4 -3
right_child=1 2 3 -5 -6 -7
leaf_value=-0.020092791109023844 0.019715658306744627 -0.024638738593964399 -0.0016641881141038067 -0.012789538361766346 0.020792120944288072 0.0053095004743582471
leaf_weight=1.7967217168188678 4.8647168566822101 4.5500378782162469 5.4702582477475508 2.8268435653881161 4.9813287087017661 0.9984033103683031
leaf_count=707 518 1099 436 437 357 170
internal_value=-0.00101043 0.00253242 -0.00400716 0.00475046 0.0112888 -0.0192777
internal_weight=25.4883 23.6916 18.8269 13.2784 10.4516 5.54844
internal_count=3724 3017 2499 1230 793 1269
is_linear=0
shrinkage=0.05


Tree=136
num_leaves=7
num_cat=0
split_feature=1 37 49 11 41 42
split_gain=1.07318 1.20914 1.14903 1.90799 0.533527 0.494749
threshold=-0.95755898642326998 -0.56076462507932401 -0.3563589200727057 -0.72827269835883224 -1.3970062202722169 -1.1302968424630679
decision_type=2 2 2 2 2 2
left_child=-1 -2 3 -3 -5 -4
right_child=1 2 5 4 -6 -7
leaf_value=-0.022257598295351868 0.018478574374969269 0.007820520938605368 -0.0088641126862057835 0.0033661590058022802 -0.03061944714098009 0.014814530035297655
leaf_weight=1.9839760907343613 5.6760593146318596 5.2199518142151708 0.7478105081245302 0.70099388470408186 5.2709079970372734 5.7771154627553178
leaf_count=747 687 354 137 78 1196 553
internal_value=-0.00106814 0.00305465 -0.00384714 -0.0124373 -0.0268385 0.0101636
internal_weight=25.3768 23.3928 17.7168 11.1919 5.9719 6.52493
internal_count=3752 3005 2318 1628 1274 690
is_linear=0
shrinkage=0.05


Tree=137
num_leaves=7
num_cat=0
split_feature=0 1 40 12 45 33
split_gain=0.780133 0.854993 0.649816 0.973102 0.656887 0.568435
threshold=-0.80006675278034944 1.6020790147655142 -0.72899757910169949 -0.25585492657564513 1.0000000180025095e-35 -0.80568201547572904
decision_type=2 2 2 2 2 2
left_child=-1 2 -2 5 -5 -4
right_child=1 -3 3 4 -6 -7
leaf_value=-0.017573814732136494 -0.012044709740281262 -0.017683444461502273 0.0068831631383069278 0.02005627450223485 0.0001393707574940261 -0.019338086900584497
leaf_weight=2.5341597818187465 1.5755881241057128 1.3807562717120152 1.5808130505029114 10.602565669163591 6.0117453849525182 1.7768646755139439
leaf_count=681 468 249 73 1046 782 429
internal_value=-0.000583468 0.00311047 0.00644121 0.00928208 0.0139731 -0.00957031
internal_weight=25.4625 22.9283 21.5476 19.972 16.6143 3.35768
internal_count=3728 3047 2798 2330 1828 502
is_linear=0
shrinkage=0.05


Tree=138
num_leaves=7
num_cat=0
split_feature=9 53 12 31 0 42
split_gain=0.857895 0.848915 0.980118 0.704998 0.807517 0.608396
threshold=-1.0720998133488908 -0.19340581382053751 0.33660045937605937 0.12381306092235091 0.90149755801755405 1.0588256208313371
decision_type=2 2 2 2 2 2
left_child=-1 2 3 -2 5 -5
right_child=1 -3 -4 4 -6 -7
leaf_value=-0.020481403619407229 -0.019850066466536642 0.01371950173954156 0.01625125977863412 0.015919213337338086 -0.013324071878871822 -0.010916190914986744
leaf_weight=1.7096830570953923 5.1307188364444327 7.6871605038177213 1.9558873270871107 4.965094017738009 3.215616779809352 0.52753199124708761
leaf_count=754 1338 404 132 461 481 141
internal_value=-0.000894618 0.00269013 -0.0040108 -0.00925959 0.000467491 0.0103962
internal_weight=25.1917 23.482 15.7948 13.839 8.70824 5.49263
internal_count=3711 2957 2553 2421 1083 602
is_linear=0
shrinkage=0.05


Tree=139
num_leaves=7
num_cat=0
split_feature=12 32 33 48 15 15
split_gain=0.815248 1.11219 0.832418 0.743885 0.625477 1.60202
threshold=0.61023881920827894 1.6182271348896513 -0.81623151168621511 1.0000000180025095e-35 -0.80649847674524766 0.80329679500201812
decision_type=2 2 2 2 2 2
left_child=1 2 -1 4 -4 -6
right_child=-2 -3 3 -5 5 -7
leaf_value=0.0094849862295525653 0.015653180360013796 0.012540775405760408 -0.025721479906174145 0.01090828989272228 0.021850905192978057 -0.015246057046007434
leaf_weight=2.0926575133344221 2.2409780592424786 3.7212832111399612 7.6495499705197343 0.58535071392543692 1.2873060735873822 6.4317687275470234
leaf_count=143 166 248 1416 143 39 1564
internal_value=-0.0026027 -0.00615046 -0.0112428 -0.0150326 -0.0176408 -0.00467538
internal_weight=24.0089 21.7679 18.0466 15.954 15.3686 7.71907
internal_count=3719 3553 3305 3162 3019 1603
is_linear=0
shrinkage=0.05


Tree=140
num_leaves=7
num_cat=0
split_feature=42 41 42 41 36 7
split_gain=0.916976 0.758116 1.06074 1.65364 0.900984 0.563649
threshold=-1.0806345128100685 -1.0839345500074311 1.058811095435124 0.89168895733675579 0.838726966015376 -0.015692917738230512
decision_type=2 2 2 2 2 2
left_child=-1 4 3 -3 -2 -5
right_child=1 2 -4 5 -6 -7
leaf_value=-0.014352763593903459 -0.019711642545707137 0.034732308644905806 -0.0045733894618312588 -0.011903632851147671 0.0096153561309188021 0.0094457841442667657
leaf_weight=3.9911545164650333 2.7847837724257323 4.425945438211782 6.1329894427908576 2.471023768943275 2.3222563475137576 4.1094826096668777
leaf_count=790 699 219 930 423 160 532
internal_value=0.00188068 0.0061525 0.0108335 0.0185593 -0.00775279 0.000211845
internal_weight=26.2376 22.2465 17.1394 11.0065 5.10704 6.58051
internal_count=3753 2963 2104 1174 859 955
is_linear=0
shrinkage=0.05


Tree=141
num_leaves=7
num_cat=0
split_feature=31 12 38 42 56 37
split_gain=1.14232 1.3569 1.25557 1.00401 0.737862 0.605561
threshold=0.22131588614651101 0.33660045937605937 0.13477758521200359 1.1283877432964484 1.0000000180025095e-35 2.1413543818381853
decision_type=2 2 2 2 2 2
left_child=1 2 4 -2 5 -1
right_child=3 -3 -4 -5 -6 -7
leaf_value=-0.033548667352001869 0.013019318853458356 0.011442516437819773 0.012119473873015589 -0.014067819069614474 0.0028173341936221278 0.0046791139075891665
leaf_weight=6.7818787437281571 10.038842121255582 2.3773063975386313 0.81959367060335431 1.924642493482678 1.3982534952228887 0.40503348701167841
leaf_count=1883 962 262 156 280 108 27
internal_value=-0.00342284 -0.0129903 -0.02044 0.00671487 -0.0258818 -0.0306507
internal_weight=23.7456 11.7821 9.40476 11.9635 8.58517 7.18691
internal_count=3678 2436 2174 1242 2018 1910
is_linear=0
shrinkage=0.05


Tree=142
num_leaves=7
num_cat=0
split_feature=61 43 33 54 37 10
split_gain=0.906071 1.13241 0.839513 0.790799 0.77033 0.494312
threshold=0.62055614225681843 0.66812453038591857 -0.57444345294691046 -0.098095266772930081 1.2866478755314936 -0.49246488913556191
decision_type=2 2 2 2 2 2
left_child=2 4 3 5 -2 -1
right_child=1 -3 -4 -5 -6 -7
leaf_value=-0.014104453323176802 0.022832055442370953 -0.015070809710638986 -0.021007777528566765 0.01267073521869201 -0.0076417860060332401 0.007784651550881364
leaf_weight=5.8263697868096669 5.9250646525179018 1.154836189583875 4.618319382483608 4.4070385054219514 1.1001169033697804 1.4346728833625082
leaf_count=884 754 232 1265 239 203 184
internal_value=-0.00168684 0.00982365 -0.0080969 0.000264785 0.0172012 -0.00876799
internal_weight=24.4664 8.18002 16.2864 11.6681 7.02518 7.26104
internal_count=3761 1189 2572 1307 957 1068
is_linear=0
shrinkage=0.05


Tree=143
num_leaves=7
num_cat=0
split_feature=40 44 39 1 43 41
split_gain=0.999628 1.10036 0.847484 0.957045 0.775875 0.443421
threshold=-0.66661287316266116 0.57023728416526598 1.2842079777355471 1.6020790147655142 -1.2016610952981766 -1.3136035128902872
decision_type=2 2 2 2 2 2
left_child=-1 2 3 4 -2 -6
right_child=1 -3 -4 -5 5 -7
leaf_value=-0.016462909156258046 -0.010067994227881967 -0.011151644919118523 -0.0099249637028056368 -0.012680769917138863 -0.0021259268113348654 0.02313585875229264
leaf_weight=2.9828885132446912 0.5157403015764509 4.4992012433940536 1.9024146028095845 0.73296686692629087 1.4052584817982356 13.69368417962686
leaf_count=895 152 611 431 144 201 1297
internal_value=0.00220463 0.0062852 0.0115514 0.0152021 0.0183436 0.0208221
internal_weight=25.7322 22.7493 18.2501 16.3476 15.6147 15.0989
internal_count=3731 2836 2225 1794 1650 1498
is_linear=0
shrinkage=0.05


Tree=144
num_leaves=7
num_cat=0
split_feature=54 45 31 45 12 34
split_gain=0.995918 0.666769 0.673266 0.506922 0.490184 0.471405
threshold=-0.19936840856861313 0.42536142688667072 2.9779180399858034 -0.50645385238251162 0.043596758799168127 -0.36864445454740863
decision_type=2 2 2 2 2 2
left_child=1 2 4 5 -1 -2
right_child=3 -3 -4 -5 -6 -7
leaf_value=-0.027270706743810276 0.0073374244509868325 0.0024952217757061332 0.0070765023381921272 0.013720314918444136 -0.0008171469231033116 -0.016872023843706882
leaf_weight=5.7502769813581835 1.5242252321913841 5.1674072492169207 0.97481608646921891 6.2856996151385811 2.426836488826666 1.0816112376051021
leaf_count=1809 100 732 35 357 469 186
internal_value=-0.00392279 -0.0112333 -0.0176871 0.00771421 -0.0217463 -0.00636281
internal_weight=23.2109 14.3193 9.15193 8.89154 8.17711 2.60584
internal_count=3688 3045 2313 643 2278 286
is_linear=0
shrinkage=0.05


Tree=145
num_leaves=7
num_cat=0
split_feature=40 42 45 39 37 27
split_gain=0.645903 0.689616 0.746167 0.605088 0.621768 0.43169
threshold=-0.66661287316266116 1.3803888421996044 1.3782137044926077 1.2842079777355471 0.77026269463786745 -0.88160283188887367
decision_type=2 2 2 2 2 2
left_child=-1 2 3 4 5 -2
right_child=1 -3 -4 -5 -6 -7
leaf_value=-0.014001368361236633 -0.0038268239917567393 -0.014138114099898453 -0.014075036999454744 -0.0077539119892639152 -0.00321674725813646 0.019652208312051687
leaf_weight=3.068114878289637 1.2368920043227376 1.6381039865664195 1.0490504789631803 2.1349777200375675 3.6920439524110398 12.552806921536103
leaf_count=912 290 302 280 421 525 1031
internal_value=0.000724796 0.00417034 0.00722984 0.010085 0.0130803 0.0172387
internal_weight=25.372 22.3039 20.6658 19.6167 17.4817 13.7897
internal_count=3761 2849 2547 2267 1846 1321
is_linear=0
shrinkage=0.05


Tree=146
num_leaves=7
num_cat=0
split_feature=43 37 55 42 42 44
split_gain=0.897123 0.713091 0.587393 0.507571 0.439845 0.674543
threshold=0.071473840613513681 0.586233699998708 1.0000000180025095e-35 1.4135721098487057 -1.0029454311636605 0.9097533314026548
decision_type=2 2 2 2 2 2
left_child=2 3 -1 4 -2 -6
right_child=1 -3 -4 -5 5 -7
leaf_value=-0.013334531941030065 -0.00297222354294625 -0.0078702272596695277 0.0081265781586972001 -0.0089056865324485153 0.024379712604813489 -0.0056288620352498327
leaf_weight=8.9483865831571183 1.6419168890570262 2.9057358525460577 2.0863531571812919 0.36135024711256925 7.6222333557088842 1.0845532277016898
leaf_count=2112 206 433 113 91 576 142
internal_value=0.00100442 0.00877263 -0.0084071 0.0140221 0.0166442 0.0201572
internal_weight=24.6505 13.6158 11.0347 10.7101 10.3487 8.70679
internal_count=3673 1448 2225 1015 924 718
is_linear=0
shrinkage=0.05


Tree=147
num_leaves=7
num_cat=0
split_feature=32 12 1 62 39 37
split_gain=0.741692 1.2778 0.86917 0.422671 0.414576 0.395483
threshold=0.53752887767049995 -0.12209399483898113 1.4532628519057009 1.2019586269321765 -1.3153184102674096 -0.56076462507932401
decision_type=2 2 2 2 2 2
left_child=1 -1 3 4 -2 -3
right_child=2 5 -4 -5 -6 -7
leaf_value=-0.022186251036747404 -0.0060580533882274492 0.013268646379667499 -0.012293886956534043 -0.0073894673035108998 0.01793602726605965 -0.0050215493521152
leaf_weight=5.1795137063600123 0.62594089377671203 3.349826842721086 2.0679556868271893 0.59480807179352346 9.1900936893653107 3.2893148127477634
leaf_count=1438 87 458 277 119 629 708
internal_value=-0.000769087 -0.00869183 0.00696482 0.0126847 0.0153461 0.00546434
internal_weight=24.2975 11.8187 12.4788 10.4108 9.81603 6.63914
internal_count=3716 2604 1112 835 716 1166
is_linear=0
shrinkage=0.05


Tree=148
num_leaves=7
num_cat=0
split_feature=40 12 60 29 41 41
split_gain=0.694231 0.716851 0.546089 0.517465 0.673106 0.659935
threshold=-0.67684099483737203 -0.18653374341025555 -0.25721538758473211 0.65117812924338681 0.90892393010612871 1.3376001252748246
decision_type=2 2 2 2 2 2
left_child=-1 2 -2 4 -3 -5
right_child=1 3 -4 5 -6 -7
leaf_value=-0.015829414009939115 -0.013017555173919485 0.018911065254044897 0.0069910869184074999 -0.017407706783030198 -0.0067220590158943681 0.012461139555211772
leaf_weight=2.7513081274810274 5.9229057134361973 8.722212535794819 3.1261077725794166 1.3681772963609553 1.6320160549366836 0.49633374926634122
leaf_count=889 1089 732 189 532 222 43
internal_value=-0.00023298 0.00349208 -0.00608567 0.0103866 0.0142684 -0.00667521
internal_weight=24.0191 21.2678 9.04901 12.2187 10.3542 1.86451
internal_count=3696 2807 1278 1529 954 575
is_linear=0
shrinkage=0.05


Tree=149
num_leaves=7
num_cat=0
split_feature=32 10 15 41 41 34
split_gain=0.763019 0.887343 1.12869 0.917962 0.589052 0.496657
threshold=1.2885009625778774 0.24890045155903492 -0.80649847674524766 -1.0332096870151983 0.52124204872193702 -1.5659056176266599
decision_type=2 2 2 2 2 2
left_child=1 2 5 -4 -5 -1
right_child=-2 -3 3 4 -6 -7
leaf_value=0.00616137065669953 0.011175446364749271 -0.023501638190371744 -0.012326492462969768 0.025741634872249026 -0.0025924516201490493 -0.015419634666788735
leaf_weight=1.7977081292192476 5.9102724771364583 2.5266707183909594 0.85777459165547032 4.0437714870786321 1.7950067613855933 6.9394257428357369
leaf_count=197 440 1038 231 366 348 1076
internal_value=-0.00121608 -0.00630968 -0.000128423 0.0125132 0.0191075 -0.0105394
internal_weight=23.8706 17.9604 15.4337 6.69655 5.83878 8.73713
internal_count=3696 3256 2218 945 714 1273
is_linear=0
shrinkage=0.05


Tree=150
num_leaves=7
num_cat=0
split_feature=11 12 29 61 59 11
split_gain=0.895719 0.607603 0.615837 1.12093 0.61169 0.430355
threshold=0.11841511420507055 -0.23319341449770728 -0.60378997183975303 0.73773492553641085 1.0000000180025095e-35 -0.77652008131482442
decision_type=2 2 2 2 2 2
left_child=1 -1 -3 4 -4 -5
right_child=-2 2 3 5 -6 -7
leaf_value=-0.0085485477679184199 -0.018858805702668686 0.017146855257366089 0.0044155622452560495 -0.0076784060512651801 -0.02135805385290249 0.01846992275120567
leaf_weight=5.6678977424162484 3.042507203994318 5.8161640087491877 2.2760477677220505 0.25730304769240353 3.2420442617731089 3.67260546941543
leaf_count=881 1087 380 161 58 824 300
internal_value=-0.00180438 0.0027278 0.00763133 -0.000947107 -0.0129162 0.014175
internal_weight=23.9746 20.9321 15.2642 9.448 5.51809 3.92991
internal_count=3691 2604 1723 1343 985 358
is_linear=0
shrinkage=0.05


Tree=151
num_leaves=7
num_cat=0
split_feature=15 42 42 41 12 1
split_gain=0.722966 0.942375 1.08559 0.989927 0.716358 0.668967
threshold=0.80329679500201812 1.1508367431439801 -0.96379222567092582 1.063842673967309 -0.15867000147462421 -0.9118511649734703
decision_type=2 2 2 2 2 2
left_child=1 2 -1 5 -2 -4
right_child=4 -3 3 -5 -6 -7
leaf_value=-0.010357385650817456 -0.021868052348030742 -0.013510702931938715 -0.0066255436603752859 -0.0059938231615861218 0.0021992667372679217 0.027223234395738007
leaf_weight=2.5501494228956281 3.2695633382536471 2.4299932871945211 0.50820479780668115 2.3279689013143061 5.1318454478750937 7.6008036701823594
leaf_count=437 914 400 156 375 932 463
internal_value=-0.000621123 0.00556881 0.0110041 0.0173707 -0.0104565 0.0238855
internal_weight=23.8185 15.4171 12.9871 10.437 8.40141 8.10901
internal_count=3677 1831 1431 994 1846 619
is_linear=0
shrinkage=0.05


Tree=152
num_leaves=7
num_cat=0
split_feature=62 33 45 39 34 39
split_gain=0.764887 1.02237 0.735696 1.03964 0.533432 0.473872
threshold=-0.722397949750747 -0.80812299903155049 -0.51511614581529275 -0.83434401945665748 -1.5659056176266599 -0.13984288115592972
decision_type=2 2 2 2 2 2
left_child=1 -1 -2 -4 -3 -5
right_child=2 4 3 5 -6 -7
leaf_value=0.0066951519255135762 -0.0078220818319792561 0.0043730796509477048 -0.0099484087881779176 0.025151129504363847 -0.027772828378999762 0.0038839523581958566
leaf_weight=3.9906624508439563 3.7289788741618439 0.73498520930297706 2.2126960520399779 6.1561299744644229 2.6338504790910546 5.4734786748885993
leaf_count=261 941 79 422 615 574 811
internal_value=0.00234057 -0.00900922 0.00771488 0.0125481 -0.0220032 0.0179907
internal_weight=24.9308 7.3595 17.5713 13.8423 3.36884 11.6296
internal_count=3703 914 2789 1848 653 1426
is_linear=0
shrinkage=0.05


Tree=153
num_leaves=7
num_cat=0
split_feature=35 12 40 7 1 10
split_gain=0.818908 0.866038 0.730543 0.694099 0.535622 0.570983
threshold=-0.42695098202497905 0.11343388768014608 -0.61073419917012772 1.0972718688112757 1.6020790147655142 1.1362239379307879
decision_type=2 2 2 2 2 2
left_child=1 -1 -2 4 5 -4
right_child=2 -3 3 -5 -6 -7
leaf_value=-0.019170897514886015 -0.011348322575675921 0.008564021050469002 0.019206677940147673 -0.010746387837704601 -0.0069164581104310856 -0.0083492905828308692
leaf_weight=5.3011124457116265 2.2648890824930321 2.1570952804177068 11.958849486196407 1.1570655892719521 1.1363391111372028 0.45865742018213573
leaf_count=1090 598 220 1118 382 130 199
internal_value=0.000380121 -0.0109937 0.00627772 0.010454 0.0138834 0.0167623
internal_weight=24.434 7.45821 16.9758 14.7109 13.5538 12.4175
internal_count=3737 1310 2427 1829 1447 1317
is_linear=0
shrinkage=0.05


Tree=154
num_leaves=7
num_cat=0
split_feature=39 40 39 27 33 39
split_gain=0.779687 0.935815 0.65457 0.623812 0.554164 0.646395
threshold=1.2971489927349398 -0.66661287316266116 -1.3153184102674096 1.7540461710665773 1.0802402997091891 0.35299410673759901
decision_type=2 2 2 2 2 2
left_child=1 -1 -3 4 5 -4
right_child=-2 2 3 -5 -6 -7
leaf_value=-0.016345812509918529 -0.019341529824712364 -0.013216944568363979 0.019648577201947362 -0.011105239010989259 -0.0097752763998597003 -0.0010216891542253364
leaf_weight=2.5412734810670434 2.0231819088221519 1.0223008456523626 11.626144990790637 0.95352692995220323 0.59089800814399396 4.7164864808437406
leaf_count=833 598 249 1093 149 291 522
internal_value=-0.00152615 0.00232113 0.00672451 0.00959887 0.0122606 0.0144499
internal_weight=23.4738 21.4506 18.9094 17.8871 16.9335 16.3426
internal_count=3735 3137 2304 2055 1906 1615
is_linear=0
shrinkage=0.05


Tree=155
num_leaves=7
num_cat=0
split_feature=6 61 4 27 4 33
split_gain=0.790795 1.11709 0.755971 0.742027 0.839811 0.710295
threshold=-0.48751368336062956 0.64028123744221632 -1.2539232152213609 1.6689881685357555 -0.030488463148473383 1.0802402997091891
decision_type=2 2 2 2 2 2
left_child=2 -2 -1 4 -3 -6
right_child=1 3 -4 -5 5 -7
leaf_value=-0.01226764327358284 -0.016769913068770164 -0.010873273864637253 0.014669189823820844 -0.013246010635761404 0.025881497219600126 -0.0080169724830982652
leaf_weight=0.82564450829522584 6.6892644011822977 0.7550724041648208 10.676905583008194 0.78708653734065581 4.4104897899087518 0.47091242484748352
leaf_count=309 1478 189 872 150 443 236
internal_value=0.00232421 -0.00555542 0.010598 0.00774385 0.014258 0.0208045
internal_weight=24.6154 13.1128 11.5026 6.42356 5.63647 4.8814
internal_count=3677 2496 1181 1018 868 679
is_linear=0
shrinkage=0.05


Tree=156
num_leaves=7
num_cat=0
split_feature=14 6 35 56 29 55
split_gain=0.718859 1.05522 1.13489 0.851616 0.66085 0.610158
threshold=1.0000000180025095e-35 -0.073393058623133819 -0.3090973170695363 1.878395261100539 -1.2953911360947783 1.0000000180025095e-35
decision_type=2 2 2 2 2 2
left_child=1 2 4 -3 -1 -6
right_child=-2 3 -4 -5 5 -7
leaf_value=0.0061849080718881615 0.014464346019523656 -0.024417978881539633 0.015262079958351419 0.006894182195785168 -0.023115874589514029 0.0063285649935409293
leaf_weight=3.035308696271386 2.4354443091142448 5.7702926805068282 6.1505389435333235 1.4210150240687651 3.769038830709178 0.93087567726615805
leaf_count=402 443 1621 377 95 738 42
internal_value=-0.00225044 -0.00574343 0.00268798 -0.0180226 -0.00878115 -0.0170905
internal_weight=23.5125 21.0771 13.8858 7.19131 7.73522 4.69991
internal_count=3718 3275 1559 1716 1182 780
is_linear=0
shrinkage=0.05


Tree=157
num_leaves=7
num_cat=0
split_feature=0 61 3 0 7 34
split_gain=0.625699 0.686424 1.36165 0.759865 0.677528 0.581535
threshold=-0.77996953651108292 0.64028123744221632 -0.61771940121781621 0.47722299233303733 1.1867065391590037 -1.601014412045046
decision_type=2 2 2 2 2 2
left_child=-1 2 -2 4 -3 -4
right_child=1 3 5 -5 -6 -7
leaf_value=-0.013800352410761565 0.00965615505849691 0.023970080979835124 0.0077941476590462633 -0.01081318689336188 -0.0075296808855956562 -0.020447530241917651
leaf_weight=2.7801571880700093 8.726406989037061 5.9061515456996849 0.62243282649433496 0.57645411271369074 0.63618598965695117 5.6429066812852362
leaf_count=718 665 509 31 116 247 1451
internal_value=0.00116169 0.004467 -0.00195981 0.0145698 0.0195028 -0.0160266
internal_weight=24.8907 22.1105 14.9917 7.11879 6.54234 6.26534
internal_count=3737 3019 2147 872 756 1482
is_linear=0
shrinkage=0.05


Tree=158
num_leaves=7
num_cat=0
split_feature=41 36 37 42 44 27
split_gain=0.830383 0.733117 0.46933 0.695296 0.720883 0.607375
threshold=1.0548401658513815 -0.82894306634150561 0.586233699998708 1.058811095435124 0.21248203900981996 -0.97881197763838435
decision_type=2 2 2 2 2 2
left_child=1 -1 3 5 -5 -3
right_child=-2 2 -4 4 -6 -7
leaf_value=-0.015902170740164773 -0.018167733229087556 -0.0090772107385971978 -0.0059177680474663723 -0.018873307953466922 0.0093319792901411097 0.018883832019514088
leaf_weight=1.7998384147067614 3.7726272050931575 0.47538382030325621 4.1791942060808642 1.4667708530323573 1.977535229467321 9.265690069121769
leaf_count=750 819 210 582 370 123 828
internal_value=-0.0030702 0.0019586 0.00587978 0.0100229 -0.00587379 0.0157033
internal_weight=22.937 19.1644 17.3646 13.1854 3.44431 9.74107
internal_count=3682 2863 2113 1531 493 1038
is_linear=0
shrinkage=0.05


Tree=159
num_leaves=7
num_cat=0
split_feature=42 31 0 61 26 33
split_gain=0.742397 0.989272 0.538266 0.515042 0.645574 0.537633
threshold=0.6812960478535327 -0.19991910984017527 0.87916731771836887 0.67133361501130839 -0.33522915028829287 -0.80689678281942456
decision_type=2 2 2 2 2 2
left_child=1 -1 -3 5 -5 -2
right_child=3 2 -4 4 -6 -7
leaf_value=-0.0076797412186277343 0.0024551255806523988 0.019072694899730281 -0.0032402045232498506 0.016542198744252071 -0.011903388552967104 -0.023500563124226676
leaf_weight=5.1759109630656956 2.2472814380889758 9.265533788915489 2.4665675084688692 1.6420370159903543 0.7626956608146428 2.8322499121713909
leaf_count=1155 159 932 392 184 170 729
internal_value=0.0022363 0.0077072 0.0146771 -0.00879201 0.00592086 -0.0153695
internal_weight=24.3923 16.908 11.7321 7.48426 2.40473 5.07953
internal_count=3721 2479 1324 1242 354 888
is_linear=0
shrinkage=0.05


Tree=160
num_leaves=7
num_cat=0
split_feature=4 29 29 61 39 12
split_gain=0.620196 0.782613 0.573083 0.747483 0.715314 0.534327
threshold=-0.54816257216959496 -1.114468450214736 0.55657219253903556 -0.81421993981293661 0.35299410673759901 -0.22245211975556328
decision_type=2 2 2 2 2 2
left_child=1 5 3 4 -2 -1
right_child=2 -3 -4 -5 -6 -7
leaf_value=-0.012906911706012046 0.0087545963335421018 -0.025374129302861592 -0.010213545531349752 0.014859432507595846 -0.017985320382432831 0.011207807432071153
leaf_weight=0.85413304407848079 2.2346630316460505 3.0062344979378421 4.2082233724649987 7.3077323987381551 2.2832638693507761 2.8024354942608625
leaf_count=310 95 715 1237 679 436 239
internal_value=-0.00415476 -0.01419 0.00159461 0.00701306 -0.00654354 0.00229662
internal_weight=22.6967 6.6628 16.0339 11.8257 4.51793 3.65657
internal_count=3711 1264 2447 1210 531 549
is_linear=0
shrinkage=0.05


Tree=161
num_leaves=7
num_cat=0
split_feature=39 39 3 17 26 14
split_gain=0.572548 0.953219 0.93117 0.801482 0.576024 0.436598
threshold=-0.72057092925366539 -0.13984288115592972 -0.61771940121781621 1.0000000180025095e-35 -0.095631902758878048 1.0000000180025095e-35
decision_type=2 2 2 2 2 2
left_child=3 -2 4 5 -3 -1
right_child=1 2 -4 -5 -6 -7
leaf_value=-0.025430236450432304 0.015904318512352883 -0.011415926143831027 -0.016994775328360603 0.01048360463348647 0.011567879830494399 0.0038274287953266768
leaf_weight=2.7404914912476701 6.5697044015396449 1.1198524982901288 4.7337002509448123 0.93146978755248699 6.6270312460255845 0.73914974863873784
leaf_count=662 890 279 1206 46 456 154
internal_value=-0.000202378 0.00385934 -0.00433447 -0.0122053 0.00598615 -0.0203207
internal_weight=23.4614 19.0503 12.4806 4.41111 7.74688 3.47964
internal_count=3693 2831 1941 862 735 816
is_linear=0
shrinkage=0.05


Tree=162
num_leaves=7
num_cat=0
split_feature=45 39 39 3 44 31
split_gain=1.00281 0.739131 1.41644 0.542109 0.498477 0.453891
threshold=-0.51511614581529275 -0.83434401945665748 -0.13984288115592972 -0.61771940121781621 0.4994495909304042 0.076208321419188943
decision_type=2 2 2 2 2 2
left_child=-1 -2 4 5 -3 -4
right_child=1 2 3 -5 -6 -7
leaf_value=-0.015201677940502241 -0.011914044700244545 0.028516433490294476 -0.010684307396846358 -0.012905928518682955 -0.001617244536111813 0.011247002924017821
leaf_weight=5.0305775332090006 2.3432014994323316 4.8845700263045773 0.65991899435175838 3.8988638407899865 1.2878991165198383 5.1343105254345573
leaf_count=1332 461 427 128 860 184 298
internal_value=-0.000170945 0.00554454 0.00960755 -0.00288766 0.0237564 0.00595651
internal_weight=23.2393 18.2088 15.8656 9.69309 6.17247 5.79423
internal_count=3690 2358 1897 1286 611 426
is_linear=0
shrinkage=0.05


Tree=163
num_leaves=7
num_cat=0
split_feature=31 39 12 37 39 42
split_gain=0.680152 0.776783 0.775235 0.806115 0.583627 0.541345
threshold=0.22131588614651101 1.3591580229403617 -0.056322945923857136 2.1413543818381853 -0.19807744865319579 1.058811095435124
decision_type=2 2 2 2 2 2
left_child=2 5 3 -1 -4 -2
right_child=1 -3 4 -5 -6 -7
leaf_value=-0.020560057195212655 0.018635236224252734 -0.011438856665593538 0.014183947089277255 0.010431546415323926 -0.0096283329183069304 -0.0040548035974936579
leaf_weight=5.9476537416048814 7.9918736080871877 1.4746088771498751 3.8050870060978923 0.73193436115980137 1.5530296696815655 2.2315823446842842
leaf_count=1487 608 395 538 30 384 243
internal_value=0.00149946 0.00901062 -0.0061412 -0.0149835 0.00630344 0.0138862
internal_weight=23.7358 11.6981 12.0377 6.67959 5.35812 10.2235
internal_count=3685 1246 2439 1517 922 851
is_linear=0
shrinkage=0.05


Tree=164
num_leaves=7
num_cat=0
split_feature=60 37 62 32 33 12
split_gain=0.559558 0.832188 0.607742 0.538683 0.566346 0.543022
threshold=-0.29016374764685149 -0.814505619139123 1.1597083092041152 2.041226910103934 -0.81623151168621511 0.33660045937605937
decision_type=2 2 2 2 2 2
left_child=1 -1 -2 4 -3 -6
right_child=2 3 -4 -5 5 -7
leaf_value=0.011470714456920494 0.013544144122190904 0.0066861366658184408 -0.012058543810395325 0.0090158246848043994 -0.020686370465454025 0.0050649585961146928
leaf_weight=3.1994265000103086 7.5941541211213899 1.3657338855555305 0.48145853460300703 1.0207318841712556 9.2094664811156637 1.2294786899001326
leaf_count=652 455 58 79 70 2236 162
internal_value=0.00025505 -0.00497221 0.00916495 -0.010471 -0.0136415 -0.0171998
internal_weight=24.1005 16.0248 8.07561 12.8254 11.8047 10.4389
internal_count=3712 3178 534 2526 2456 2398
is_linear=0
shrinkage=0.05


Tree=165
num_leaves=7
num_cat=0
split_feature=12 4 61 33 39 62
split_gain=0.562341 0.661351 0.769805 0.723812 0.657533 0.64988
threshold=0.61023881920827894 -0.54816257216959496 -1.4610858831107127 -0.11497916122159156 0.30877897215634159 0.41134741827186722
decision_type=2 2 2 2 2 2
left_child=1 2 -1 4 -3 -6
right_child=-2 3 -4 -5 5 -7
leaf_value=0.002977191823258246 0.013021866821535048 0.013986438104474603 -0.026683566031654695 -0.012727417742363831 -0.015924683851061695 0.010137414138470914
leaf_weight=2.6135825319797732 2.1261640565353437 7.4743728663597739 2.8984077112400017 3.9432597237755518 2.7223059178795666 1.4920128039666449
leaf_count=345 168 700 787 1182 421 142
internal_value=-0.00233668 -0.00530721 -0.016527 0.000673085 0.00686995 -0.00631917
internal_weight=23.2701 21.1439 5.51199 15.632 11.6887 4.21432
internal_count=3745 3577 1132 2445 1263 563
is_linear=0
shrinkage=0.05


Tree=166
num_leaves=7
num_cat=0
split_feature=12 61 34 41 53 31
split_gain=0.890617 0.750455 1.13963 0.600101 0.615878 0.509546
threshold=-0.24333589141450523 0.62055614225681843 -0.24782810357806695 -0.96947108950701744 2.2648863649994775 3.2763379360334524
decision_type=2 2 2 2 2 2
left_child=5 2 -2 -3 -5 -1
right_child=1 3 -4 4 -6 -7
leaf_value=-0.020128280366845164 0.0081057905473029546 -0.0054495285638105073 -0.017854791358677367 0.025111180391771862 -0.0071652228699425509 0.0062995805132631134
leaf_weight=3.7917096725141191 7.6588077413616737 1.4893223331309853 4.0814188515068945 5.0743180933641261 0.43670280929654826 0.90525695902761061
leaf_count=893 739 279 1156 557 55 33
internal_value=5.76104e-05 0.0052265 -0.00271632 0.0153661 0.0209294 -0.0145647
internal_weight=23.4375 18.7406 11.7402 7.00034 5.51102 4.69697
internal_count=3712 2786 1895 891 612 926
is_linear=0
shrinkage=0.05


Tree=167
num_leaves=7
num_cat=0
split_feature=61 31 12 62 6 31
split_gain=0.712121 1.07649 0.990883 0.780406 1.02931 0.765481
threshold=0.62055614225681843 0.10025284574035496 0.61023881920827894 -0.722397949750747 -1.1316045426689614 -0.08089301669582423
decision_type=2 2 2 2 2 2
left_child=1 2 -1 4 -3 -2
right_child=5 3 -4 -5 -6 -7
leaf_value=-0.029788722484352045 0.016192640367158614 0.0099557390213771309 0.0072660009032047322 0.013241281981672555 -0.02153124415658858 -0.008855079719110568
leaf_weight=3.7095660177292329 5.6756060365005396 2.2943811776349321 1.112962953164242 4.857151354197411 2.8199836538988166 2.3690062350360659
leaf_count=1236 821 138 99 643 422 369
internal_value=-0.00176518 -0.00778619 -0.0217301 0.00242352 -0.00894734 0.00841478
internal_weight=22.8387 14.794 4.82253 9.97152 5.11436 8.04461
internal_count=3728 2538 1335 1203 560 1190
is_linear=0
shrinkage=0.05


Tree=168
num_leaves=7
num_cat=0
split_feature=12 4 61 33 62 62
split_gain=0.453357 0.737493 0.678108 0.558398 0.65163 0.684433
threshold=0.61023881920827894 -0.54816257216959496 -1.6212497500567022 -0.11497916122159156 -0.82656978576851536 1.2019586269321765
decision_type=2 2 2 2 2 2
left_child=1 2 -1 4 -3 -6
right_child=-2 3 -4 -5 5 -7
leaf_value=0.0057613057605240912 0.012353787942639912 -0.0080791565821417347 -0.023465562564938355 -0.0099755949235890741 0.017348870026461204 -0.010864455529370667
leaf_weight=1.4148772850749081 2.2022327100858083 2.8226635031751384 3.6929153905948668 3.8802178189507659 8.0793549157970084 0.52812653317232694
leaf_count=145 172 298 943 1178 801 144
internal_value=-0.00113752 -0.00398883 -0.0162335 0.00208661 0.00740401 0.0132572
internal_weight=22.6204 20.4182 5.10779 15.3104 11.4301 8.60748
internal_count=3681 3509 1088 2421 1243 945
is_linear=0
shrinkage=0.05


Tree=169
num_leaves=7
num_cat=0
split_feature=28 33 28 22 38 3
split_gain=0.60384 1.02727 0.549369 0.461603 0.566017 0.614861
threshold=0.56704063937301707 -0.75800273646141203 0.90717615363765181 1.0000000180025095e-35 0.13477758521200359 -0.72863847233877965
decision_type=2 2 2 2 2 2
left_child=1 -1 -2 -3 5 -5
right_child=2 3 -4 4 -6 -7
leaf_value=0.0072290336901476987 0.021694573002669301 0.0040361746270071875 -0.0064570706903535075 0.0023590146933527042 0.0076781189359340684 -0.024781006164920735
leaf_weight=7.4397919175680771 1.4800891592167311 1.9932699539058401 1.0732811259804291 1.9874220684287145 0.5651730910176419 7.6673554088920293
leaf_count=699 153 433 439 156 116 1700
internal_value=-0.0023285 -0.00572044 0.0127656 -0.0134787 -0.0170355 -0.0199594
internal_weight=22.2064 19.653 2.55337 12.2132 10.22 9.65478
internal_count=3696 3104 592 2405 1972 1856
is_linear=0
shrinkage=0.05


Tree=170
num_leaves=7
num_cat=0
split_feature=38 29 43 35 12 33
split_gain=0.518533 0.691887 0.786325 0.483465 0.832661 0.439646
threshold=0.13477758521200359 -0.21139373227194178 -0.42173262566239378 -0.42695098202497905 0.13856284999377314 -0.81711936719268097
decision_type=2 2 2 2 2 2
left_child=1 3 -3 4 5 -1
right_child=-2 2 -4 -5 -6 -7
leaf_value=0.0052666348135904494 0.014481406988950441 0.0051721663572499065 -0.020651037364152705 0.011661687614296916 0.011810046123196992 -0.019553755032635914
leaf_weight=0.99029674229677755 1.3932355774159066 2.9073095137719092 5.9182159164047308 5.454879508761227 2.2795574771007523 3.6983557993662544
leaf_count=93 336 473 1495 317 169 850
internal_value=-0.00152131 -0.00423238 -0.0129903 0.00330591 -0.00477626 -0.0143019
internal_weight=22.6419 21.2486 8.82553 12.4231 6.96821 4.68865
internal_count=3733 3397 1968 1429 1112 943
is_linear=0
shrinkage=0.05


Tree=171
num_leaves=7
num_cat=0
split_feature=29 44 12 33 56 28
split_gain=0.66656 0.673478 0.61093 0.916471 0.458833 0.383891
threshold=-0.21139373227194178 -0.43680837881412854 -0.21756533857372176 -0.81468718654458594 1.0000000180025095e-35 -0.70708870919467637
decision_type=2 2 2 2 2 2
left_child=2 -2 3 -1 -3 -4
right_child=1 4 5 -5 -6 -7
leaf_value=0.01064973330420802 0.0062594947169388841 -0.021472159221766089 -0.003318828927999372 -0.018834831190045823 0.0038110150982256946 0.016656020821390553
leaf_weight=2.2312623603502288 2.6429655816755258 5.6102147906785813 2.1161591582349502 2.7805002766835969 1.2530244900844989 5.8239046164671908
leaf_count=137 548 1613 227 600 104 488
internal_value=-0.00222017 -0.0106627 0.00481627 -0.00663564 -0.017101 0.0118822
internal_weight=22.458 9.5062 12.9518 5.01176 6.86324 7.94006
internal_count=3717 2265 1452 737 1717 715
is_linear=0
shrinkage=0.05


Tree=172
num_leaves=7
num_cat=0
split_feature=53 53 36 6 35 34
split_gain=0.780048 0.491856 0.425219 0.394009 0.564384 1.05523
threshold=-0.37550111484765819 2.1241772967557631 0.46319517776734775 -1.1316045426689614 -0.21168321762297107 0.51139620246871809
decision_type=2 2 2 2 2 2
left_child=3 -2 -3 -1 -5 -6
right_child=1 2 -4 4 5 -7
leaf_value=0.002721668289308156 0.01671809654777915 -0.013435986231140574 0.0070569308229758562 -0.024783165142725098 0.0091030362493769688 -0.019882141555491145
leaf_weight=3.6685698268411224 3.2182497183093792 1.7927145794965325 2.6246024582069367 3.4479306081193499 5.0469329966290388 2.2150840352114756
leaf_count=535 184 203 126 911 624 1166
internal_value=-0.00371115 0.00745187 -0.00333037 -0.00990223 -0.0138757 -0.00296584
internal_weight=22.0141 7.63557 4.41732 14.3785 10.7099 7.26202
internal_count=3749 513 329 3236 2701 1790
is_linear=0
shrinkage=0.05


Tree=173
num_leaves=7
num_cat=0
split_feature=27 1 42 37 39 40
split_gain=0.507217 0.709285 0.488934 0.502736 0.480906 0.542388
threshold=-0.6614558154007153 1.6020790147655142 1.1508367431439801 0.84148823683009166 1.2696493358612306 -0.66661287316266116
decision_type=2 2 2 2 2 2
left_child=-1 2 3 4 5 -2
right_child=1 -3 -4 -5 -6 -7
leaf_value=-0.01212192303604822 -0.0052753580492764353 -0.015344359791530352 -0.0068389656594021924 -0.0055823157387480497 -0.0052480182181049743 0.020329540158813515
leaf_weight=3.3799373769143157 1.1857471484981985 1.286650156485847 2.9258195010770569 2.3601856357417992 1.4553868645452883 10.191107185615692
leaf_count=1114 312 253 462 408 280 874
internal_value=0.000354632 0.00385993 0.00720974 0.0105969 0.0140666 0.0171169
internal_weight=22.7848 19.4049 18.1182 15.1924 12.8322 11.3769
internal_count=3703 2589 2336 1874 1466 1186
is_linear=0
shrinkage=0.05


Tree=174
num_leaves=7
num_cat=0
split_feature=42 43 1 40 40 7
split_gain=1.05309 0.935303 0.857162 0.707713 0.583903 0.599494
threshold=1.1508367431439801 -1.1125112256827727 -0.95755898642326998 1.3491947780285498 -0.67684099483737203 1.0813723718605683
decision_type=2 2 2 2 2 2
left_child=2 -2 -1 4 -4 -6
right_child=1 -3 3 -5 5 -7
leaf_value=-0.015897407398122298 0.010012576194206597 -0.026166305228468224 -0.0068255676171053194 -0.013486604557380974 0.017122287272524666 -0.0087123983275345512
leaf_weight=1.3838491659553316 0.72289265185827423 2.8461897536471943 1.9782720604562296 0.71485614276025344 14.624935813859331 0.72825140558416102
leaf_count=560 41 720 522 218 1416 224
internal_value=-6.63099e-06 -0.0176124 0.00515043 0.00880044 0.0115741 0.014673
internal_weight=22.9992 3.56908 19.4302 18.0463 17.3315 15.3532
internal_count=3701 761 2940 2380 2162 1640
is_linear=0
shrinkage=0.05


Tree=175
num_leaves=7
num_cat=0
split_feature=41 2 33 41 9 9
split_gain=0.766777 0.863268 1.32039 0.693288 0.652402 0.583196
threshold=0.43060793318778862 -0.20811811683333428 -0.81468718654458594 -1.1235427855594671 0.88065723742913815 -1.0415648872599246
decision_type=2 2 2 2 2 2
left_child=3 2 -2 -1 5 -5
right_child=1 -3 -4 4 -6 -7
leaf_value=-0.0091692242791332913 0.0082260779627377004 0.0067766807460390988 -0.03133213147003143 -0.0072917435596671458 -0.0036832867139984502 0.022110563662532168
leaf_weight=4.1807912779331682 1.5620260009309275 2.4421007869532323 3.812542710948037 0.57022689207224164 4.2271838922752067 5.6566697653906886
leaf_count=795 88 543 876 302 447 735
internal_value=-0.0025985 -0.0128547 -0.0210069 0.00413434 0.0103129 0.0179227
internal_weight=22.4515 7.81667 5.37457 14.6349 10.4541 6.2269
internal_count=3786 1507 964 2279 1484 1037
is_linear=0
shrinkage=0.05


Tree=176
num_leaves=7
num_cat=0
split_feature=62 33 33 30 6 62
split_gain=0.648433 1.24949 0.881996 0.604759 0.593244 0.441234
threshold=-0.82656978576851536 -0.81623151168621511 -0.11497916122159156 -0.36248889047647498 0.9255895720257995 1.4533223593264479
decision_type=2 2 2 2 2 2
left_child=1 -1 3 -2 5 -5
right_child=2 -3 -4 4 -6 -7
leaf_value=0.011142250341831037 -0.0026210197591472512 -0.022286958533304979 -0.010003458164600024 0.023053290701424881 -0.0084756421295046954 -0.0057146419941638575
leaf_weight=2.3639097898849286 4.3142938263190489 3.7966695976210785 3.9164500086626477 8.1888393242843396 0.3819298648741104 0.33451315114507529
leaf_count=124 806 716 1217 696 130 84
internal_value=0.00114652 -0.0100115 0.00605187 0.0117789 0.0176577 0.0207304
internal_weight=23.2966 6.16058 17.136 13.2196 8.90528 8.52335
internal_count=3773 840 2933 1716 910 780
is_linear=0
shrinkage=0.05


Tree=177
num_leaves=7
num_cat=0
split_feature=29 38 41 32 12 33
split_gain=0.645845 0.82174 0.766339 0.763126 0.591197 0.751483
threshold=-0.60378997183975303 -0.25848535223467256 -0.36862717691754138 1.387849307823267 -0.18653374341025555 -0.81468718654458594
decision_type=2 2 2 2 2 2
left_child=4 3 -3 -2 5 -1
right_child=1 2 -4 -5 -6 -7
leaf_value=0.010773823303392001 -0.022113019408960828 -0.01178390833932807 0.016020944984394662 0.0046797936392462313 0.016315881167771096 -0.015836617448716124
leaf_weight=2.309280653251335 5.5588171871204377 1.3195155825233085 3.620902627153554 2.5534762203460559 5.4595505186007376 2.4828475389804225
leaf_count=147 1323 476 655 208 415 565
internal_value=1.1279e-05 -0.00673405 0.00694829 -0.0146929 0.00817983 -0.00380236
internal_weight=23.3044 13.0527 4.94042 8.11229 10.2517 4.79213
internal_count=3789 2662 1131 1531 1127 712
is_linear=0
shrinkage=0.05


Tree=178
num_leaves=7
num_cat=0
split_feature=39 39 36 27 36 31
split_gain=0.467939 0.679079 0.646195 0.488839 0.472934 0.444294
threshold=-1.3153184102674096 -0.1452349707390099 0.14056711618106668 1.6689881685357555 1.7950080809076829 -0.3207684844496384
decision_type=2 2 2 2 2 2
left_child=-1 3 -3 -2 5 -4
right_child=1 2 4 -5 -6 -7
leaf_value=-0.01255960265959574 0.01681504483701109 -0.015455458255880104 -0.0087347243105416177 -0.0066722406066601452 -0.0097396754701339419 0.013549675185124758
leaf_weight=1.4659897162055155 8.6933286193816475 3.156663026340536 0.66916012761066657 1.0319514865404933 1.7564421602291984 6.8591406040359271
leaf_count=356 1256 1012 167 157 246 561
internal_value=0.00276688 0.00515684 -0.00258663 0.0133374 0.00449442 0.00964439
internal_weight=23.6327 22.1667 12.4414 9.72528 9.28474 7.5283
internal_count=3755 3399 1986 1413 974 728
is_linear=0
shrinkage=0.05


Tree=179
num_leaves=7
num_cat=0
split_feature=6 61 32 12 4 61
split_gain=0.484293 0.840805 0.562019 0.551161 0.529151 0.488432
threshold=-0.48751368336062956 0.64028123744221632 -1.1031617694874387 -0.24619096926035136 -0.0097814987876285158 -1.7415142412959903
decision_type=2 2 2 2 2 2
left_child=2 -2 -1 -3 -5 -4
right_child=1 3 5 4 -6 -7
leaf_value=-0.012064996430521675 -0.016573080304777593 -0.012685548569608622 -0.010185277480720727 -0.008555729026630916 0.016686121537265047 0.013561910488719168
leaf_weight=0.85382201109314237 6.0229905354790372 0.57079141406575207 0.35557668167166312 0.76385195308830578 4.6547720063244924 9.3775947453686985
leaf_count=386 1489 215 70 187 604 753
internal_value=-0.000473458 -0.00661521 0.00641717 0.00558752 0.011347 0.0104991
internal_weight=22.5994 12.0124 10.587 5.98942 5.41862 9.73317
internal_count=3704 2495 1209 1006 791 823
is_linear=0
shrinkage=0.05


Tree=180
num_leaves=7
num_cat=0
split_feature=37 59 32 9 31 32
split_gain=0.635922 0.802137 0.627116 0.522873 0.654262 0.493299
threshold=-0.57634521243387293 1.0000000180025095e-35 -1.2600208644198969 0.079193817990829099 2.8183809117884926 2.041226910103934
decision_type=2 2 2 2 2 2
left_child=2 -2 -1 -3 5 -5
right_child=1 3 -4 4 -6 -7
leaf_value=-0.010730219080529561 0.0068586790715670538 0.0023494559890074682 0.016319897548013072 -0.02817560429906827 0.0035293689418822386 0.0037551728461326672
leaf_weight=0.6363067828642669 5.6858296506106898 3.3399374941945972 4.6677326713688698 5.0247590850922279 1.8550466867163775 0.66455808666069049
leaf_count=352 416 1039 663 1099 93 50
internal_value=-0.00139177 -0.00616947 0.0103706 -0.0129867 -0.0185128 -0.0244371
internal_weight=21.8742 16.5701 5.30404 10.8843 7.54436 5.68932
internal_count=3712 2697 1015 2281 1242 1149
is_linear=0
shrinkage=0.05


Tree=181
num_leaves=7
num_cat=0
split_feature=14 6 32 34 36 61
split_gain=0.548083 0.598255 0.76659 0.495104 0.428508 0.40398
threshold=1.0000000180025095e-35 -0.13910866337889857 0.44781083262222371 -1.601014412045046 0.65030251927731519 -1.5971890398899593
decision_type=2 2 2 2 2 2
left_child=1 2 3 -1 -3 -4
right_child=-2 4 5 -5 -6 -7
leaf_value=0.0059945911051247115 0.012348340691801492 -0.020286421541046346 -0.0080938963615117734 -0.016440573010313802 0.0017967455101548235 0.014833458805879385
leaf_weight=1.9197429254127198 2.2358028696908141 4.9045021829660991 0.40805511060170818 3.7966050551040134 2.4124514431459829 5.9086157744750381
leaf_count=268 442 1485 54 858 294 278
internal_value=-0.00258942 -0.00574123 0.00148426 -0.00943609 -0.0146002 0.011223
internal_weight=21.5858 19.35 12.033 5.71635 7.31695 6.31667
internal_count=3679 3237 1458 1126 1779 332
is_linear=0
shrinkage=0.05


Tree=182
num_leaves=7
num_cat=0
split_feature=42 31 61 39 37 45
split_gain=0.714777 0.562885 0.564735 0.548672 0.532044 0.506198
threshold=0.6812960478535327 0.22131588614651101 -0.85062348181846326 -0.62405252571653025 -1.0816014023599638 1.328714884876715
decision_type=2 2 2 2 2 2
left_child=1 -1 -3 -2 -5 -6
right_child=3 2 -4 4 5 -7
leaf_value=-0.004860913246593883 0.0043758851944987499 -0.0028540780829357463 0.019898314332505392 0.004695250004619048 -0.031204320442519768 0.0022390343949115843
leaf_weight=7.7028118170273974 2.0574475222383626 3.3748329731752165 4.0252431014669128 0.84879621738218691 2.5534092258021697 0.9453780639450996
leaf_count=1653 311 494 322 133 695 87
internal_value=-0.00223127 0.00384308 0.0116919 -0.0132115 -0.0199229 -0.0253057
internal_weight=21.5079 15.1029 7.40008 6.40503 4.34758 3.49879
internal_count=3695 2469 816 1226 915 782
is_linear=0
shrinkage=0.05


Tree=183
num_leaves=7
num_cat=0
split_feature=0 12 60 33 49 12
split_gain=0.542222 0.531194 0.578759 0.648644 0.541083 0.374454
threshold=-0.80006675278034944 -0.056322945923857136 -0.29016374764685149 -0.80689678281942456 -0.3563589200727057 -0.21852772436445644
decision_type=2 2 2 2 2 2
left_child=-1 2 3 -2 -5 -6
right_child=1 -3 -4 4 5 -7
leaf_value=-0.016563484310236382 0.0060961150738439961 0.012090818654301004 0.00748021805283607 -0.025127095290524287 -0.013031147623229608 0.0073368840460599069
leaf_weight=2.1983844913193051 2.934707194275691 4.8820039179408896 5.2083813907811427 3.2734013225126537 0.61730851948959786 3.005986848322209
leaf_count=672 170 696 346 1271 227 352
internal_value=-0.00214685 0.00140365 -0.00349925 -0.0097048 -0.0162382 -0.000463886
internal_weight=22.1202 19.9218 15.0398 9.8314 6.8967 3.6233
internal_count=3734 3062 2366 2020 1850 579
is_linear=0
shrinkage=0.05


Tree=184
num_leaves=7
num_cat=0
split_feature=29 61 39 39 32 34
split_gain=0.69477 0.580445 0.635448 0.55741 0.476686 0.440479
threshold=0.57320020344982126 -0.88896047374810316 0.35299410673759901 -1.3660040523483634 -0.91615218171931523 -1.6417902678222795
decision_type=2 2 2 2 2 2
left_child=1 2 -1 -3 -5 -4
right_child=-2 3 5 4 -6 -7
leaf_value=0.0072077661653884408 -0.01736608977555764 -0.011287867543370529 0.0041026738586072585 -0.0085619838675180093 0.01446524663882811 -0.021819828038197018
leaf_weight=2.5765410671010658 3.2837852618831667 0.81917037846870222 1.1071427555580156 0.66227523348061623 10.018932803766793 3.1919887232070323
leaf_count=150 1273 169 168 254 1002 745
internal_value=-0.00297377 0.0016744 -0.00790462 0.00785189 0.0114731 -0.0162016
internal_weight=21.6598 18.3761 6.87567 11.5004 10.6812 4.29913
internal_count=3761 2488 1063 1425 1256 913
is_linear=0
shrinkage=0.05


Tree=185
num_leaves=7
num_cat=0
split_feature=41 42 42 41 59 28
split_gain=0.556939 0.712829 0.977044 1.26097 0.922189 0.744059
threshold=1.1480574271824018 1.1508367431439801 -1.0806345128100685 -0.96947108950701744 1.0000000180025095e-35 -0.58777376664906311
decision_type=2 2 2 2 2 2
left_child=1 2 4 5 -1 -4
right_child=-2 -3 3 -5 -6 -7
leaf_value=0.0091195229100248919 -0.015050046322443212 -0.011902599583565206 0.0091826562191298765 0.025772486757203047 -0.023178775526141199 -0.016232630260938682
leaf_weight=1.8402845136006363 2.9849364673427763 3.8040781767340368 3.4685613783949547 5.6654155836149576 1.8145995330123723 2.2946745406661648
leaf_count=99 703 740 341 456 658 698
internal_value=-0.00167791 0.00220854 0.00715159 0.0136382 -0.0101362 -0.00302947
internal_weight=21.8726 18.8876 15.0835 11.4287 3.65488 5.76324
internal_count=3695 2992 2252 1495 757 1039
is_linear=0
shrinkage=0.05


Tree=186
num_leaves=7
num_cat=0
split_feature=53 53 34 35 33 34
split_gain=0.531642 0.650807 0.630795 0.59229 0.576402 0.782196
threshold=-0.37550111484765819 2.1241772967557631 0.4279554704613015 0.17819062234955474 -0.81623151168621511 -1.4158904076560166
decision_type=2 2 2 2 2 2
left_child=2 -2 3 4 -1 -6
right_child=1 -3 -4 -5 5 -7
leaf_value=0.0095890425093521879 0.018619686692680215 -0.0043877400357657899 -0.020184929915841688 0.014440958181285846 0.0082982516449731907 -0.018743268317865398
leaf_weight=2.0883825687924391 3.2747960065025827 4.2427198390942067 2.4863740100117857 2.1911842359113498 1.8605844620906271 5.5206160187954119
leaf_count=135 172 341 1298 186 264 1297
internal_value=-0.000863501 0.00808704 -0.00620241 0.00029934 -0.00565994 -0.0114987
internal_weight=21.6647 7.51752 14.1471 11.6608 9.46958 7.3812
internal_count=3693 513 3180 1882 1696 1561
is_linear=0
shrinkage=0.05


Tree=187
num_leaves=7
num_cat=0
split_feature=42 42 1 41 41 36
split_gain=0.821152 0.824287 0.713128 0.546959 1.16146 0.651735
threshold=-1.0806345128100685 1.1508367431439801 -0.95755898642326998 0.90892393010612871 -1.0709418166768232 0.838726966015376
decision_type=2 2 2 2 2 2
left_child=-1 2 -2 4 5 -4
right_child=1 -3 3 -5 -6 -7
leaf_value=-0.014827152419073304 -0.011623444484482142 -0.010183200653792523 -0.013209088872011394 0.00080121454240092308 0.032184762154889239 0.012127566566548805
leaf_weight=3.3532693615416092 0.92551242408808754 3.8181674253719384 2.0154583912226389 5.7296198343974547 4.29653726317337 2.142493519873824
leaf_count=778 437 742 511 844 265 130
internal_value=0.00113477 0.00560427 0.0106198 0.013847 0.0201627 -0.000542572
internal_weight=22.2811 18.9278 15.1096 14.1841 8.45449 4.15795
internal_count=3707 2929 2187 1750 906 641
is_linear=0
shrinkage=0.05


Tree=188
num_leaves=7
num_cat=0
split_feature=35 33 34 32 40 42
split_gain=0.659201 0.707723 0.650457 0.387195 0.368028 0.369672
threshold=-0.48334098899627936 -1.0000000180025095e-35 -1.3985653915018248 -0.50413796418021684 -0.34273111792078942 -1.1302968424630679
decision_type=2 2 2 2 2 2
left_child=2 4 -1 -3 -2 -6
right_child=1 3 -4 -5 5 -7
leaf_value=0.0040278067927780638 -0.0026662562642908215 0.0064712734132840455 -0.02194217662532633 -0.01692411693122722 -0.0050061201544976631 0.016736544526841955
leaf_weight=2.6377830922137946 3.7516527353727733 0.72605812994879704 3.2361885014688623 2.5187701917602654 0.9722584999690288 7.5624960465647737
leaf_count=411 668 250 825 872 134 557
internal_value=-0.00182433 0.00375606 -0.0128609 -0.0110953 0.00908601 0.0136019
internal_weight=21.4052 15.5312 5.87397 3.24483 12.2864 8.53475
internal_count=3717 2481 1236 1122 1359 691
is_linear=0
shrinkage=0.05


Tree=189
num_leaves=7
num_cat=0
split_feature=14 31 28 2 33 4
split_gain=0.589197 0.578047 0.445789 0.502443 0.653322 0.466183
threshold=1.0000000180025095e-35 -0.3207684844496384 -0.38459454372229046 -0.61798272541560129 -0.80568201547572904 0.69425528948109705
decision_type=2 2 2 2 2 2
left_child=1 -1 3 4 -3 -4
right_child=-2 2 5 -5 -6 -7
leaf_value=-0.016620504659672197 0.013713434253466257 0.0073421199154118273 -0.018942671260418969 0.013249306989684198 -0.016603088265900772 0.005307420514743675
leaf_weight=4.1083024618274129 2.3074779869057229 3.6811077428865273 1.845531667320752 5.6601141072169403 2.1754611837095581 1.6057077128789385
leaf_count=1131 447 215 567 583 387 366
internal_value=-0.00142871 -0.00487498 0.000585626 0.00536385 -0.00416359 -0.0104388
internal_weight=21.3837 19.0762 14.9679 11.5167 5.85657 3.45124
internal_count=3696 3249 2118 1185 602 933
is_linear=0
shrinkage=0.05


Tree=190
num_leaves=7
num_cat=0
split_feature=37 40 61 35 61 37
split_gain=0.540844 0.506215 0.51446 0.493421 0.43176 0.425797
threshold=0.62781161025341892 -0.67684099483737203 -0.79443625523589878 -1.1815188568005832 1.1978569478809433 2.1413543818381853
decision_type=2 2 2 2 2 2
left_child=1 -1 3 -3 -4 -2
right_child=5 2 4 -5 -6 -7
leaf_value=-0.011458730593215958 -0.016647509885389045 0.01073171836773135 0.017452173801088624 -0.0095720104581917213 -0.0058924805168509746 0.007090383230013278
leaf_weight=1.7655015801137821 4.1184397546167011 1.8447922379127701 7.10623835359001 5.0801039494108453 0.90949237719178189 0.68492510891519476
leaf_count=700 956 147 875 771 203 50
internal_value=-0.000774967 0.00372385 0.00713405 -0.00255417 0.01392 -0.0118381
internal_weight=21.5095 16.7061 14.9406 6.9249 8.01573 4.80336
internal_count=3702 2696 1996 918 1078 1006
is_linear=0
shrinkage=0.05


Tree=191
num_leaves=7
num_cat=0
split_feature=33 36 0 50 38 39
split_gain=0.502586 0.734036 0.475616 0.428828 0.369123 0.362148
threshold=-0.062271963224750496 1.7950080809076829 -0.80006675278034944 1.5077564978299012 0.26982812228428116 1.4184710083542436
decision_type=2 2 2 2 2 2
left_child=1 2 -1 5 -2 -4
right_child=4 -3 3 -5 -6 -7
leaf_value=-0.0085339481350589913 -0.01908888704042257 -0.015661226933850077 0.014119917587915257 -0.0092446198602244341 0.0052592469143011716 -0.0060533360335104942
leaf_weight=2.0613549907284403 2.5630788723065048 1.7448795888922166 12.727896542346567 0.53921177567099299 0.68493683627457347 0.88658927354845296
leaf_count=523 984 311 1141 277 239 283
internal_value=-0.0015898 0.00230569 0.00638238 0.00966737 -0.0138945 0.0119504
internal_weight=21.2079 17.9599 16.2151 14.1537 3.24802 13.6145
internal_count=3758 2535 2224 1701 1223 1424
is_linear=0
shrinkage=0.05


Tree=192
num_leaves=7
num_cat=0
split_feature=62 44 45 39 39 12
split_gain=0.589809 0.688978 0.60317 0.877375 0.505961 0.527443
threshold=-0.8394843565720328 0.72192817777079032 -0.65371284073979274 -1.1249776479846791 0.35299410673759901 0.13856284999377314
decision_type=2 2 2 2 2 2
left_child=4 2 -2 -4 -1 -6
right_child=1 -3 3 -5 5 -7
leaf_value=0.0032226249152621888 -0.0072017800359390934 -0.01071820302692624 -0.01075101116409718 0.018733434559181607 -0.025421329959925909 0.0061485409042189741
leaf_weight=3.2307008175703258 2.1779465959698454 2.4688615340855895 1.0517401900142456 10.446557186252898 1.999087746604346 0.47230294451583166
leaf_count=314 718 465 302 1448 465 20
internal_value=0.00107772 0.00587268 0.0102571 0.01437 -0.009843 -0.0193249
internal_weight=21.8472 16.1451 13.6762 11.4983 5.70209 2.47139
internal_count=3732 2933 2468 1750 799 485
is_linear=0
shrinkage=0.05


Tree=193
num_leaves=7
num_cat=0
split_feature=61 29 9 35 6 37
split_gain=0.549414 0.721928 0.613521 0.58427 0.575938 0.459061
threshold=0.62055614225681843 -0.17692163204047692 0.064292176799245676 -0.26191236265010615 0.98862337498302066 -0.74328007694689868
decision_type=2 2 2 2 2 2
left_child=1 3 4 5 -2 -1
right_child=2 -3 -4 -5 -6 -7
leaf_value=0.0069345841949879977 0.02336278234506603 -0.016408162348914856 -0.00426476413455475 0.014791272712580525 -0.0073475066277324226 -0.01227208715276379
leaf_weight=2.9129195896966849 4.0599094058561596 4.0884158128465069 3.2873128762585111 3.4156492170877755 0.44225626107072447 4.2123120686737821
leaf_count=524 550 1244 378 178 258 620
internal_value=0.00172764 -0.00390933 0.0104577 0.00349971 0.0186142 -0.00469189
internal_weight=22.4188 14.6293 7.78948 10.5409 4.50217 7.12523
internal_count=3752 2566 1186 1322 808 1144
is_linear=0
shrinkage=0.05


Tree=194
num_leaves=7
num_cat=0
split_feature=14 6 59 2 2 0
split_gain=0.558461 0.537326 0.494461 0.761979 0.453135 0.499751
threshold=1.0000000180025095e-35 -0.48751368336062956 1.0000000180025095e-35 0.50914494818563305 -0.63506063091101261 2.6432563013539911
decision_type=2 2 2 2 2 2
left_child=1 4 -3 -4 5 -1
right_child=-2 2 3 -5 -6 -7
leaf_value=-0.013514405673323177 0.012519833231819958 0.0013410904502746471 -0.025858649438264793 0.0065500063093279926 0.011332466705915546 0.00848884095243377
leaf_weight=3.6363658916379791 2.177055394218768 3.7073499643011054 4.4378254409966722 1.0450602194177916 4.0493447111512104 1.6809102386469019
leaf_count=624 443 321 1426 343 473 74
internal_value=-0.00261611 -0.00588705 -0.0128662 -0.0195496 0.00242066 -0.0060057
internal_weight=20.7339 18.5569 9.19024 5.48289 9.36662 5.31728
internal_count=3704 3261 2090 1769 1171 698
is_linear=0
shrinkage=0.05


Tree=195
num_leaves=7
num_cat=0
split_feature=42 31 43 31 42 14
split_gain=0.555179 0.776177 0.657435 0.572422 0.549891 0.492564
threshold=0.4097437656473823 -0.18464912756986138 -1.1125112256827727 2.8183809117884926 -1.1302968424630679 1.0000000180025095e-35
decision_type=2 2 2 2 2 2
left_child=1 5 -2 -4 -3 -1
right_child=2 4 3 -5 -6 -7
leaf_value=-0.015914665395316663 0.01007944942743437 -0.0053051348993101727 -0.021144340928240479 0.0050459892769990546 0.016815859315513548 0.0083021060161558909
leaf_weight=3.2432120396988475 1.1237197105074299 2.2392818838416133 5.0118532722990485 1.4928341848426496 7.332847923389636 0.93021758645772923
leaf_count=889 100 392 1282 68 813 203
internal_value=-0.0010642 0.00473147 -0.00989516 -0.0154381 0.0116099 -0.00930232
internal_weight=21.374 13.7456 7.62841 6.50469 9.57213 4.17343
internal_count=3747 2297 1450 1350 1205 1092
is_linear=0
shrinkage=0.05


Tree=196
num_leaves=7
num_cat=0
split_feature=37 11 26 62 62 31
split_gain=0.533775 0.712157 0.702602 0.568666 0.560595 0.483131
threshold=-0.56076462507932401 -0.27869276476243204 -0.82995542741537753 -0.8394843565720328 0.57675655690763528 2.5913253918362478
decision_type=2 2 2 2 2 2
left_child=2 3 -1 5 -5 -2
right_child=1 -3 -4 4 -6 -7
leaf_value=-0.011380184096951735 -0.020263683688221668 -0.018565879883679661 0.017049308443345949 0.013992794885654631 -0.0061335376914053944 0.0042236526981660905
leaf_weight=0.66062320041237388 1.4871491336962255 3.0193719679955366 4.8236389487283331 6.7771624254237377 3.2308528795256279 2.1240559630678035
leaf_count=308 284 1096 756 719 517 111
internal_value=0.000369498 -0.00419817 0.0108117 0.00176354 0.00757938 -0.0104798
internal_weight=22.1229 16.6386 5.48426 13.6192 10.008 3.61121
internal_count=3791 2727 1064 1631 1236 395
is_linear=0
shrinkage=0.05


Tree=197
num_leaves=7
num_cat=0
split_feature=44 32 6 59 61 38
split_gain=0.571705 0.635581 0.543412 0.672135 0.335796 0.297372
threshold=0.57023728416526598 -0.91615218171931523 -0.48751368336062956 1.0000000180025095e-35 -1.7278824428411312 -0.25848535223467256
decision_type=2 2 2 2 2 2
left_child=1 -1 4 -4 -3 -5
right_child=-2 2 3 5 -6 -7
leaf_value=-0.015333944351712626 -0.014471899443980116 -0.0061410973899677888 0.0093374531431627515 -0.017920553761528249 0.016642615138060597 0.0021711787328977982
leaf_weight=1.3287118306325343 3.8994179094443089 0.35229809366865072 3.9801764727453728 2.7930588728049792 6.6776722059294142 1.8437179797328904
leaf_count=668 650 63 296 875 517 614
internal_value=-0.00225633 0.00230168 0.00602533 -0.0024207 0.0140055 -0.012217
internal_weight=20.8751 16.9756 15.6469 8.61695 7.02997 4.63678
internal_count=3683 3033 2365 1785 580 1489
is_linear=0
shrinkage=0.05


Tree=198
num_leaves=7
num_cat=0
split_feature=61 3 12 34 43 7
split_gain=0.443869 0.571671 0.554161 0.414846 0.414195 0.405879
threshold=0.62055614225681843 -0.52835026998942214 -0.24619096926035136 -0.11446325959984803 0.66812453038591857 -1.5436345747011948
decision_type=2 2 2 2 2 2
left_child=1 3 -2 5 -4 -1
right_child=2 -3 4 -5 -6 -7
leaf_value=-0.0099882622580391121 -0.010720137720733915 -0.016267419237417504 0.017085557312000298 -0.012212759744341392 -0.0057244056417187581 0.010187930674882877
leaf_weight=0.65337272349279274 0.85576760733965773 4.0234232762304609 5.4971480376552782 1.0591589584364562 0.99534135323483486 7.9005975762847802
leaf_count=248 258 1415 738 215 169 662
internal_value=-0.00034562 -0.00536546 0.00782481 0.00198128 0.0128847 0.00645351
internal_weight=20.9848 13.6366 7.34826 9.61313 6.49249 8.55397
internal_count=3705 2540 1165 1125 907 910
is_linear=0
shrinkage=0.05


Tree=199
num_leaves=7
num_cat=0
split_feature=1 16 15 41 11 32
split_gain=0.651899 0.629666 0.664751 0.52853 0.507989 0.427524
threshold=-0.95755898642326998 1.4689526365835628 0.80329679500201812 -1.0709418166768232 -0.81275149604565478 1.0695232425329109
decision_type=2 2 2 2 2 2
left_child=-1 2 4 -4 -2 -3
right_child=1 5 3 -5 -6 -7
leaf_value=-0.017084004874461749 -0.0060058602517779197 -0.013305511868383642 -0.016173033093013267 0.0059396223753501228 0.023951327270531293 0.0049717568806073942
leaf_weight=1.5277995933429362 0.47958168690092851 4.3215747715730677 0.87992986457539135 5.9514918175263993 4.4822994997084624 3.5298281884170137
leaf_count=728 87 673 356 1127 473 249
internal_value=0.000265833 0.00369971 0.010054 -0.000974605 0.0198839 -0.00598564
internal_weight=21.1725 19.6447 11.7933 6.83142 4.96188 7.8514
internal_count=3693 2965 2043 1483 560 922
is_linear=0
shrinkage=0.05


Tree=200
num_leaves=7
num_cat=0
split_feature=39 39 45 36 42 45
split_gain=0.424692 0.602108 0.779825 0.519871 0.319891 0.355932
threshold=-0.1452349707390099 -0.85806921362221023 -0.50645385238251162 0.14056711618106668 1.058811095435124 1.328714884876715
decision_type=2 2 2 2 2 2
left_child=1 -1 -3 -2 -5 -6
right_child=3 2 -4 4 5 -7
leaf_value=-0.0059541903080304326 -0.016898482462418381 -0.0090671851161030301 0.020425075895278571 0.0071830974086499882 -0.015834222929873451 0.0067367503355273521
leaf_weight=3.7939370377134765 2.6966160893207407 1.1029163706407414 5.6026872399961594 6.3035532420908549 1.3365009626722897 0.76172175188548852
leaf_count=758 1007 360 631 670 277 20
internal_value=0.00102842 0.00726367 0.014271 -0.00516081 0.00206152 -0.00849773
internal_weight=21.5979 10.4995 6.7056 11.0984 8.40178 2.09822
internal_count=3723 1749 991 1974 967 297
is_linear=0
shrinkage=0.05


Tree=201
num_leaves=7
num_cat=0
split_feature=11 11 12 6 44 33
split_gain=0.486105 0.636987 0.515217 0.49941 0.423184 0.312098
threshold=-0.27131858769180445 -0.45145678649879362 -0.22052200158636767 -0.30070441277831977 -0.16828129211853052 -0.81468718654458594
decision_type=2 2 2 2 2 2
left_child=1 2 5 -4 -2 -1
right_child=4 -3 3 -5 -6 -7
leaf_value=0.0032406347066700732 0.0023168015939497781 0.015270615614260198 0.011116666340717217 -0.0076037001932509792 -0.02049551393268997 -0.018533298256368767
leaf_weight=1.195454604399856 2.3928967006359017 3.4943241004657475 5.321578661270908 3.5107478506106373 2.3621821347333016 2.9697025573987093
leaf_count=117 677 365 398 577 954 657
internal_value=-0.0021559 0.00231546 -0.00337803 0.00363432 -0.0125603 -0.0135436
internal_weight=21.2469 16.4918 12.9975 8.83233 4.75508 4.16516
internal_count=3745 2114 1749 975 1631 774
is_linear=0
shrinkage=0.05


Tree=202
num_leaves=7
num_cat=0
split_feature=34 12 41 33 61 43
split_gain=0.537238 0.544976 0.584325 0.383757 0.367538 0.355064
threshold=0.43648304850604386 -0.17744454427553938 0.92755898189819663 -0.81711936719268097 0.93596236725105453 -0.62978062845524108
decision_type=2 2 2 2 2 2
left_child=1 3 5 -1 -2 -3
right_child=4 2 -4 -5 -6 -7
leaf_value=0.006761092491435943 -0.022662982730141338 -0.0065623514826382697 -0.0091702224057695399 -0.013024257387428455 0.0010292752453450167 0.01611836005684409
leaf_weight=1.3251421896857207 2.215709440453792 0.39829240192193527 1.6392361861362585 5.292690559697804 2.0219674312975258 6.7767792498925701
leaf_count=109 989 92 307 975 456 737
internal_value=-0.00436951 0.000758381 0.00784998 -0.00818931 -0.0156175 0.0132957
internal_weight=19.6698 15.4321 8.81431 6.61783 4.23768 7.17507
internal_count=3665 2220 1136 1084 1445 829
is_linear=0
shrinkage=0.05


Tree=203
num_leaves=7
num_cat=0
split_feature=12 33 32 38 60 28
split_gain=0.582355 0.508938 0.695901 0.735926 0.325839 0.358851
threshold=0.61023881920827894 -0.80689678281942456 1.5538125441672352 0.13477758521200359 -0.29016374764685149 -0.54870752210399243
decision_type=2 2 2 2 2 2
left_child=1 -1 3 4 -3 -6
right_child=-2 2 -4 -5 5 -7
leaf_value=0.0056249788721107127 0.011979676811008956 -0.025291155616692047 0.0062476683261201617 0.0085383176707277859 0.0065062705009192381 -0.012992566449208005
leaf_weight=3.7999617924797393 1.8810521161067288 6.3945387512503622 2.7603433908370798 0.97499662020709443 2.1526868869550531 1.6543043201672842
leaf_count=321 163 2266 256 329 136 230
internal_value=-0.00432816 -0.00754055 -0.0114907 -0.0162667 -0.020039 -0.00395866
internal_weight=19.6179 17.7368 13.9369 11.1765 10.2015 3.80699
internal_count=3701 3538 3217 2961 2632 366
is_linear=0
shrinkage=0.05


Tree=204
num_leaves=7
num_cat=0
split_feature=37 61 8 42 7 31
split_gain=0.400842 0.573793 0.69483 0.500657 0.452767 0.442197
threshold=1.2866478755314936 -0.88896047374810316 0.10487332498196589 0.83745858254186234 1.0972718688112757 2.8183809117884926
decision_type=2 2 2 2 2 2
left_child=1 5 -3 4 -4 -1
right_child=-2 2 3 -5 -6 -7
leaf_value=-0.013867421609538026 -0.013963838771755124 -0.0035551031223231065 0.024287929245742114 -0.0049253348955280718 -0.0047445246175436585 0.0059635621614256649
leaf_weight=4.4200800958497029 1.2892909520014644 6.1103906686184928 5.327618421666557 1.1421807931037617 0.56851496885064978 2.3737893752986565
leaf_count=974 340 1266 539 274 222 115
internal_value=7.40461e-05 0.00268885 0.00820745 0.0164299 0.0208326 -0.00723416
internal_weight=21.2319 19.9426 13.1487 7.03831 5.89613 6.79387
internal_count=3730 3390 2301 1035 761 1089
is_linear=0
shrinkage=0.05


Tree=205
num_leaves=7
num_cat=0
split_feature=42 41 42 41 36 29
split_gain=0.516329 0.738631 0.741979 1.0576 0.524559 0.465095
threshold=1.3029757430812479 1.1346586709352124 -1.0806345128100685 -1.1235427855594671 0.838726966015376 0.67242227452642045
decision_type=2 2 2 2 2 2
left_child=1 2 -1 4 -4 -5
right_child=-2 -3 3 5 -6 -7
leaf_value=-0.0079700329677982375 -0.014700835755235045 -0.012823727637778965 -0.015420436168797264 0.02385741776111551 0.00807147051463015 -0.005495143901710825
leaf_weight=3.7118370998941854 2.3309486141952211 3.0894313904282162 2.1088612070598205 7.3862836569314814 1.8835478529217651 0.42072180873947207
leaf_count=760 562 748 659 636 149 209
internal_value=-0.000849214 0.00268724 0.0073542 0.0128133 -0.00562946 0.0211893
internal_weight=20.9316 18.6007 15.5113 11.7994 3.99241 7.80701
internal_count=3723 3161 2413 1653 808 845
is_linear=0
shrinkage=0.05


Tree=206
num_leaves=7
num_cat=0
split_feature=14 11 62 61 43 27
split_gain=0.500756 0.484967 0.400727 0.587188 0.479693 0.399286
threshold=1.0000000180025095e-35 0.24208738156513901 0.7960476796905257 -0.79443625523589878 0.077677502111154581 1.7261777882498019
decision_type=2 2 2 2 2 2
left_child=1 2 3 4 -1 -5
right_child=-2 -3 -4 5 -6 -7
leaf_value=-0.01681652538616045 0.013651859401049793 -0.018495476206138887 -0.011612106254405395 0.014355020175381051 0.0038877471959614784 -0.0070608066895635957
leaf_weight=2.1066940658784068 2.2012584233307271 1.376270082022528 2.5582406073808661 7.5510737505974266 4.2619347434374504 0.80898419025470492
leaf_count=533 447 725 579 914 385 131
internal_value=-0.000316585 -0.00362652 0.000117278 0.00377479 -0.00615291 0.0109653
internal_weight=20.8645 18.6632 17.2869 14.7287 6.36863 8.36006
internal_count=3714 3267 2542 1963 918 1045
is_linear=0
shrinkage=0.05


Tree=207
num_leaves=7
num_cat=0
split_feature=37 32 62 7 26 43
split_gain=0.538879 0.461007 0.470358 0.474208 0.609641 0.449645
threshold=1.2866478755314936 -1.1218483784791893 -0.82656978576851536 -0.77886877137217725 2.5289749495772877 -1.1721596265199954
decision_type=2 2 2 2 2 2
left_child=1 -1 3 -3 -5 -4
right_child=-2 2 5 4 -6 -7
leaf_value=-0.01240270675940632 -0.015823526861526875 0.0095156939464650994 -0.0091963246943105401 -0.021732775366779152 0.0051371803378408524 0.013235150605138704
leaf_weight=1.023778567701817 1.1249372241145454 1.5938412268005775 0.45653572847368806 1.9060910242551536 2.0836762412218377 12.513670686428656
leaf_count=550 341 115 186 442 115 1912
internal_value=0.000909942 0.00384625 0.00634434 -0.0042865 -0.0115179 0.0108664
internal_weight=20.7025 19.5776 18.5538 5.58361 3.98977 12.9702
internal_count=3661 3320 2770 672 557 2098
is_linear=0
shrinkage=0.05


Tree=208
num_leaves=7
num_cat=0
split_feature=42 42 44 43 41 0
split_gain=0.477613 0.830582 0.724932 0.594869 0.526168 0.571178
threshold=0.6812960478535327 -1.0806345128100685 0.21248203900981996 -0.7212124006106303 1.3558151533600842 -0.95191238681480816
decision_type=2 2 2 2 2 2
left_child=1 -1 -2 -3 5 -5
right_child=2 3 -4 4 -6 -7
leaf_value=-0.011193809993274809 -0.020210734942598396 -0.01022571147665728 0.0050424787068636141 -0.00813558799607377 -0.008037435612662229 0.020329844467711865
leaf_weight=3.1579758778389087 2.818106217251624 0.72492072670138519 3.7171907287847716 0.41908363401307447 0.60249218066746912 9.453932856093159
leaf_count=763 852 221 390 170 213 1092
internal_value=0.00023761 0.00514991 -0.00877969 0.0111493 0.0145757 0.0175072
internal_weight=20.8937 14.3584 6.5353 11.2004 10.4755 9.87302
internal_count=3701 2459 1242 1696 1475 1262
is_linear=0
shrinkage=0.05


Tree=209
num_leaves=7
num_cat=0
split_feature=36 36 62 62 6 11
split_gain=0.39229 0.480752 0.397425 0.522267 0.501297 0.400001
threshold=1.7950080809076829 -0.82894306634150561 0.57675655690763528 -0.82656978576851536 -0.80382876729141173 0.14374625681409683
decision_type=2 2 2 2 2 2
left_child=1 -1 3 4 -3 -5
right_child=-2 2 -4 5 -6 -7
leaf_value=-0.01214520837998506 -0.014567237196183311 0.006867575824902732 -0.0058902461586871624 0.017590374151074117 -0.015905354963823223 -0.0055153524282583032
leaf_weight=2.2468814696476391 1.6098014616582066 2.8536022748739924 4.0485101037920677 7.6841711968008841 1.3032218237931434 0.81592667731456447
leaf_count=1036 301 269 795 773 300 267
internal_value=-0.00143221 0.00152176 0.00492913 0.00885539 -0.00394647 0.0145123
internal_weight=20.5621 18.9523 16.7054 12.6569 4.15682 8.5001
internal_count=3741 3440 2404 1609 569 1040
is_linear=0
shrinkage=0.05


Tree=210
num_leaves=7
num_cat=0
split_feature=37 27 1 12 62 62
split_gain=0.539475 0.613139 0.514545 0.63537 0.424683 0.652906
threshold=-0.56076462507932401 -0.88160283188887367 0.34068132918798305 0.33660045937605937 -0.33744110745519879 0.76885010674007315
decision_type=2 2 2 2 2 2
left_child=1 -1 3 -2 -4 -6
right_child=2 -3 4 -5 5 -7
leaf_value=-0.0094712094043968749 -0.021282190394321557 0.016465378584451351 -0.0087884084778997503 0.0064336057253765126 0.015171112568751716 -0.0098566133043930006
leaf_weight=1.1056165674817746 4.6717256756819543 3.734645126824037 3.59569186923909 1.2685696214321067 4.6660819742537551 1.4852949808700939
leaf_count=522 1333 506 440 160 448 329
internal_value=-0.00211147 0.00918379 -0.00651142 -0.0151906 0.0011083 0.00787785
internal_weight=20.5276 4.84026 15.6874 5.9403 9.74707 6.15138
internal_count=3738 1028 2710 1493 1217 777
is_linear=0
shrinkage=0.05


Tree=211
num_leaves=7
num_cat=0
split_feature=43 41 12 45 42 53
split_gain=0.504775 0.544806 0.656897 0.560102 0.525723 0.435273
threshold=0.45812495037917345 -1.1235427855594671 -0.23739315915671874 -0.69300252880990765 -1.0029454311636605 2.0745142867252535
decision_type=2 2 2 2 2 2
left_child=1 -1 -3 -4 -5 -6
right_child=-2 2 3 4 5 -7
leaf_value=-0.01090195801470409 -0.012063885459968969 -0.008790757414799559 -0.0063304689708786489 -0.0035491416367928888 0.023751928679319967 -0.0041663085012541177
leaf_weight=2.4585992582142415 4.2285416486556633 2.5908946516574387 1.7362355163204508 1.8140080831071843 6.9974482638644879 0.68831737735308696
leaf_count=656 676 631 565 347 808 65
internal_value=-0.000886198 0.00344125 0.00748062 0.0122944 0.0164008 0.0207839
internal_weight=20.514 16.2855 13.8269 11.236 9.49977 7.68577
internal_count=3748 3072 2416 1785 1220 873
is_linear=0
shrinkage=0.05


Tree=212
num_leaves=7
num_cat=0
split_feature=45 45 12 10 34 4
split_gain=0.444918 0.528661 0.460449 0.43217 0.419765 0.41097
threshold=-0.58936437523913199 1.0000000180025095e-35 -0.25585492657564513 -0.91214548244410498 0.2808817351959651 -0.53780908998917265
decision_type=2 2 2 2 2 2
left_child=-1 2 -2 -4 5 -3
right_child=1 4 3 -5 -6 -7
leaf_value=-0.010495307924477577 -0.0070158416074282588 -0.0093121126767543912 -0.003408439951762455 0.019395709232280636 -0.015104550108443492 0.0097270556981634247
leaf_weight=3.5669268511410364 1.1100147290562734 1.7008859078632665 1.6464123580954027 6.363749092648507 1.9879024111432952 4.563190745393511
leaf_count=1131 249 271 159 838 696 378
internal_value=0.000938832 0.00448635 0.0112989 0.015057 -0.00404797 0.00321591
internal_weight=20.9391 17.3722 9.12018 8.01016 8.25198 6.26408
internal_count=3722 2591 1246 997 1345 649
is_linear=0
shrinkage=0.05


Tree=213
num_leaves=7
num_cat=0
split_feature=2 29 62 29 10 34
split_gain=0.433543 0.565385 0.575387 0.461973 0.400847 0.323217
threshold=-0.63506063091101261 0.67242227452642045 -0.722397949750747 1.1287743112839261 0.18485934003458585 0.63623346840219452
decision_type=2 2 2 2 2 2
left_child=-1 2 -2 -3 5 -4
right_child=1 3 4 -5 -6 -7
leaf_value=-0.010015950653610592 -0.0095796057190363632 -0.018376741630688764 0.018117138245577355 0.0073017387033068428 -0.0044658375429761123 -0.0053343394877105607
leaf_weight=6.1594368880323627 1.4576822870294552 1.7324347606481745 8.0618345307011587 0.7634502759319729 1.6277343618858129 0.35372634191298935
leaf_count=917 359 866 783 209 473 102
internal_value=-0.00138529 0.0035102 0.00821664 -0.0108239 0.0124088 0.0159886
internal_weight=20.1563 13.9969 11.501 2.49589 10.0433 8.41556
internal_count=3709 2792 1717 1075 1358 885
is_linear=0
shrinkage=0.05


Tree=214
num_leaves=7
num_cat=0
split_feature=55 37 32 33 27 12
split_gain=0.481555 0.832589 0.56742 0.518936 0.509584 0.487749
threshold=1.0000000180025095e-35 -0.56076462507932401 1.5798015993349428 -0.81468718654458594 -0.93798677797646335 0.33660045937605937
decision_type=2 2 2 2 2 2
left_child=1 4 3 -3 -1 -5
right_child=-2 2 -4 5 -6 -7
leaf_value=-0.0095103871085904547 0.0083886939371595418 0.0042195214470129444 0.0045090777451679779 -0.025314070849554955 0.01452986939166389 0.0033168696056585772
leaf_weight=0.86922534127370443 4.0344288827618575 1.2902742672013108 2.3298054404440327 6.8057055030949405 3.5600663847290006 1.0009715546329969
leaf_count=500 243 63 235 2028 523 150
internal_value=-0.00328903 -0.00712223 -0.0133652 -0.0179259 0.0078768 -0.0217413
internal_weight=19.8905 15.856 11.4268 9.09695 4.42929 7.80668
internal_count=3742 3499 2476 2241 1023 2178
is_linear=0
shrinkage=0.05


Tree=215
num_leaves=7
num_cat=0
split_feature=31 45 45 0 41 55
split_gain=0.5571 0.860281 1.01968 0.499103 0.413121 0.349903
threshold=0.22131588614651101 -0.044877359464311067 -0.3836349062105775 0.90149755801755405 -1.0332096870151983 1.0000000180025095e-35
decision_type=2 2 2 2 2 2
left_child=1 2 5 -2 -4 -1
right_child=3 -3 4 -5 -6 -7
leaf_value=-0.017014150751097815 0.013444498330339212 -0.022326894801755811 -0.006624143729432261 -0.0051089424276394273 0.020213395049199126 0.0050195296522603221
leaf_weight=2.8599301044741883 6.2345088974980154 2.7872483985556773 0.29918429342797059 3.9015296548604965 3.31505983392708 1.006626837654039
leaf_count=1147 673 824 119 568 302 64
internal_value=-0.000603027 -0.00776355 0.00250021 0.00676717 0.015995 -0.011591
internal_weight=20.4041 10.268 7.4808 10.136 3.61424 3.86656
internal_count=3697 2456 1632 1241 421 1211
is_linear=0
shrinkage=0.05


Tree=216
num_leaves=7
num_cat=0
split_feature=34 61 60 42 41 42
split_gain=0.395491 0.657588 0.338223 0.333451 0.460822 0.501445
threshold=0.2808817351959651 0.93596236725105453 -0.076004156670338108 -1.0806345128100685 1.1346586709352124 1.1508367431439801
decision_type=2 2 2 2 2 2
left_child=3 -2 -3 -1 5 -5
right_child=1 2 -4 4 -6 -7
leaf_value=-0.0080475591899392251 -0.019365698250174271 -0.0062612980507465183 0.014342890930580275 0.015888438162437381 -0.0073642596291562503 -0.0042542821360426154
leaf_weight=2.3185626257036356 2.9319888857135075 1.3820226005918814 1.2353114900179205 7.7782360227138252 2.3778013284609196 2.8442899574001785
leaf_count=412 1173 478 36 815 406 431
internal_value=-0.000736818 -0.00954083 0.00592976 0.00349263 0.00667377 0.0107459
internal_weight=20.8682 5.54932 2.61733 15.3189 13.0003 10.6225
internal_count=3751 1687 514 2064 1652 1246
is_linear=0
shrinkage=0.05


Tree=217
num_leaves=7
num_cat=0
split_feature=4 12 7 40 61 1
split_gain=0.49295 0.581031 0.431947 0.502672 0.544532 0.318153
threshold=-0.54816257216959496 0.15503034019078829 0.9700758932056176 -0.65748381443397308 -1.6098443484841551 1.6020790147655142
decision_type=2 2 2 2 2 2
left_child=1 -1 3 -2 -5 -6
right_child=2 -3 -4 4 5 -7
leaf_value=-0.016923730990300707 -0.008708232219052257 0.0063305127258196344 -0.0094497799507505583 -0.010278811977935308 0.017049300705846041 -0.0041258832317938926
leaf_weight=3.736153416917662 1.3204547851055384 2.4183070351718925 1.4651743408321625 0.37229152390500431 10.40917866613017 0.86610691578243937
leaf_count=969 440 283 531 80 1303 109
internal_value=0.00078364 -0.00870616 0.00563203 0.00879127 0.0121524 0.0148975
internal_weight=20.5877 6.15446 14.4332 12.968 11.6476 11.2753
internal_count=3715 1252 2463 1932 1492 1412
is_linear=0
shrinkage=0.05


Tree=218
num_leaves=7
num_cat=0
split_feature=26 14 12 41 42 42
split_gain=0.408057 0.391667 0.398811 0.37302 0.454044 0.690747
threshold=-0.42421594058210271 1.0000000180025095e-35 2.7261241789543069 1.1346726717254394 -1.0806345128100685 1.058811095435124
decision_type=2 2 2 2 2 2
left_child=1 2 -1 4 -2 -6
right_child=3 -3 -4 -5 5 -7
leaf_value=-0.021232683943182548 -0.0067684892986128488 0.0059367527510980561 0.0052514699679980271 -0.0084474560315809851 0.017641314871849251 -0.0046705490114561854
leaf_weight=2.5585240146901955 2.6431106335367103 1.1139267221151383 0.57167729851789761 2.4526238921680479 7.4446079143672232 3.6351579326583305
leaf_count=928 556 267 38 518 841 588
internal_value=-0.000249014 -0.0103315 -0.0161929 0.0035989 0.00688108 0.0108856
internal_weight=20.4196 4.24413 3.1302 16.1755 13.7229 11.0798
internal_count=3736 1233 966 2503 1985 1429
is_linear=0
shrinkage=0.05


Tree=219
num_leaves=7
num_cat=0
split_feature=33 44 44 61 1 27
split_gain=0.669609 0.376795 0.516207 0.511613 0.47524 0.454777
threshold=-0.048355227599196811 0.19440969481771397 0.6211798123697887 -0.81421993981293661 1.2194088816974233 -0.61538713328464278
decision_type=2 2 2 2 2 2
left_child=1 3 4 -1 -3 -5
right_child=-2 2 -4 5 -6 -7
leaf_value=-0.014644564829290212 -0.016658588697736027 0.019939295298992063 -0.0044405819258480214 -0.011174411047508779 -0.0072772032309810835 0.010232539153568539
leaf_weight=2.9589312536409151 2.7449399170727693 4.7557641815801599 3.3046574937179685 0.7909697311406515 0.38808090199017886 5.1045656599162612
leaf_count=703 1208 345 380 376 58 678
internal_value=-0.00175321 0.00272349 0.0089088 -0.00393923 0.0159616 0.00456054
internal_weight=20.0479 17.303 8.4485 8.85447 5.14385 5.89554
internal_count=3748 2540 783 1757 403 1054
is_linear=0
shrinkage=0.05


Tree=220
num_leaves=7
num_cat=0
split_feature=12 14 33 44 11 59
split_gain=0.520492 0.471934 0.494156 0.496682 0.316191 0.218678
threshold=0.61023881920827894 1.0000000180025095e-35 -0.80689678281942456 1.2064088277862897 -0.69279784042059134 1.0000000180025095e-35
decision_type=2 2 2 2 2 2
left_child=1 2 4 5 -1 -4
right_child=-2 -3 3 -5 -6 -7
leaf_value=0.011124770485503749 0.012460438481102622 0.0093446788664431693 -0.0027330053743741534 0.0047530810399352523 -0.0080271215710220958 -0.020663786015817628
leaf_weight=2.6289067534671635 1.9668807069829188 1.8811030241777196 3.3135306730400762 1.9805440970230854 0.85613934515277179 6.6580963074520687
leaf_count=194 168 425 343 231 107 2209
internal_value=-0.00242252 -0.00570302 -0.00875882 -0.0129182 0.00488302 -0.0167155
internal_weight=19.2852 17.3183 15.4372 11.9522 3.48505 9.97163
internal_count=3677 3509 3084 2783 301 2552
is_linear=0
shrinkage=0.05


Tree=221
num_leaves=7
num_cat=0
split_feature=12 41 40 33 40 33
split_gain=0.525678 0.465051 0.491329 0.389717 0.325224 0.481742
threshold=-0.18653374341025555 -1.0332096870151983 -0.67684099483737203 -0.12948954187687642 -0.39395060641008689 -0.81623151168621511
decision_type=2 2 2 2 2 2
left_child=4 -2 -3 -4 -1 -6
right_child=1 2 3 -5 5 -7
leaf_value=0.0027070136356935216 -0.0089575709794319277 -0.0085793466140794399 0.016309522162474159 -0.0049203454898202846 0.0052309407088325724 -0.020160728992655329
leaf_weight=2.717946621865849 2.283832536486444 1.1790201732801513 7.7480305714707347 1.2466546462674113 1.1277769198641179 4.1423128103197113
leaf_count=587 522 475 759 417 48 922
internal_value=-0.00152297 0.00460725 0.00899876 0.0128724 -0.0097309 -0.0148006
internal_weight=20.4456 12.4575 10.1737 8.99469 7.98804 5.27009
internal_count=3730 2173 1651 1176 1557 970
is_linear=0
shrinkage=0.05


Tree=222
num_leaves=7
num_cat=0
split_feature=0 37 62 62 33 47
split_gain=0.512283 0.32965 0.524152 0.579633 0.591637 0.415159
threshold=-0.80006675278034944 -0.56076462507932401 0.76885010674007315 -0.28988811827138911 -0.81468718654458594 0.96527274207848213
decision_type=2 2 2 2 2 2
left_child=-1 -2 3 4 -3 -5
right_child=1 2 -4 5 -6 -7
leaf_value=-0.01339268077812646 0.013385648791089536 0.0093824095792429361 -0.013160445871802246 0.016959538229923177 -0.013365787907447239 -0.0065198712382533372
leaf_weight=1.9230140710715229 4.0625723684206649 2.1321629672311246 2.437935195659521 5.5850532763724834 4.0368901748006492 0.7014852222346234
leaf_count=664 724 84 687 522 747 318
internal_value=0.00136533 0.00448783 0.000223441 0.00488909 -0.00500614 0.0130797
internal_weight=20.8791 18.9561 14.8935 12.4556 6.16905 6.28654
internal_count=3746 3082 2358 1671 831 840
is_linear=0
shrinkage=0.05


Tree=223
num_leaves=7
num_cat=0
split_feature=49 33 12 28 12 11
split_gain=0.555025 0.537443 0.771677 0.656667 0.43332 0.399559
threshold=-0.3563589200727057 -0.8127219670768776 0.11343388768014608 0.62897757823200162 -0.23059229956886054 0.14374625681409683
decision_type=2 2 2 2 2 2
left_child=1 -1 3 -3 -2 -6
right_child=4 2 -4 -5 5 -7
leaf_value=0.0078462525966739635 -0.0086792990056992446 -0.021638854366331568 0.007261083054863871 0.006469046282791352 0.017068710720953669 -0.0070462292999503035
leaf_weight=2.7114333345962232 0.73721205934998568 7.311654002289286 2.5860254707076828 1.1520613056200089 4.9868745387648223 0.42090347816701967
leaf_count=205 216 1914 394 315 462 227
internal_value=-0.00135831 -0.0066164 -0.0110829 -0.0171212 0.00872443 0.0133473
internal_weight=19.9062 13.7612 11.0497 8.46372 6.14499 5.40778
internal_count=3733 2828 2623 2229 905 689
is_linear=0
shrinkage=0.05


Tree=224
num_leaves=7
num_cat=0
split_feature=62 27 31 37 5 43
split_gain=0.800343 0.422185 0.405597 0.40311 0.316929 0.308317
threshold=-0.722397949750747 -0.88160283188887367 2.8183809117884926 0.1256715377982375 -0.91265452017341209 -0.62978062845524108
decision_type=2 2 2 2 2 2
left_child=2 -2 4 5 -1 -3
right_child=1 3 -4 -5 -6 -7
leaf_value=0.00020241364374747398 -0.010194275825279438 -0.0057256425296171301 0.0026835632983986638 -0.00098474267742069683 -0.026186372893328036 0.017306956768058511
leaf_weight=1.4036679207929408 1.4193591337534623 0.25992978509748343 1.7950771875330245 6.883888424228644 2.1259234320896243 5.6812386832025314
leaf_count=262 655 122 103 1215 547 793
internal_value=-0.00193516 0.00445335 -0.0144715 0.00769966 -0.0204206 0.0147163
internal_weight=19.5691 14.2444 5.32467 12.8251 3.52959 5.94117
internal_count=3697 2785 912 2130 809 915
is_linear=0
shrinkage=0.05


Tree=225
num_leaves=7
num_cat=0
split_feature=31 42 61 37 28 37
split_gain=0.53128 0.551234 0.547414 0.358557 0.390749 0.349536
threshold=0.12381306092235091 1.058811095435124 -0.79443625523589878 2.1413543818381853 -0.66846119971621631 1.2154223333392695
decision_type=2 2 2 2 2 2
left_child=3 2 -2 4 -1 -4
right_child=1 -3 5 -5 -6 -7
leaf_value=0.0023843869854078769 -0.0026087747660828455 -0.0097779916295323479 0.021839365781008969 0.0075755900773651344 -0.017635946739885722 -0.0046425293221484107
leaf_weight=2.4593801327864631 4.203456562885548 2.29703937616432 3.9001577075978267 0.60464495894848447 5.9691902400518311 0.40502583194756869
leaf_count=473 642 371 328 38 1790 78
internal_value=-0.00234491 0.00465754 0.0100876 -0.00979419 -0.0127018 0.0184646
internal_weight=19.8389 10.8057 8.50864 9.03322 8.42857 4.30518
internal_count=3720 1419 1048 2301 2263 406
is_linear=0
shrinkage=0.05


Tree=226
num_leaves=7
num_cat=0
split_feature=2 34 35 56 3 34
split_gain=0.430371 0.472453 0.588675 0.469778 0.429371 0.413226
threshold=0.50914494818563305 0.2808817351959651 -0.38744898485356677 1.2512712487917492 -0.27608212871131482 -1.3985653915018248
decision_type=2 2 2 2 2 2
left_child=1 2 5 -3 -2 -1
right_child=4 3 -4 -5 -6 -7
leaf_value=0.0047846431682064565 -0.007538379452794443 -0.020902934431511162 0.0091334260250411827 0.0056310641543616414 0.018389210581965392 -0.014744229562659181
leaf_weight=2.5428140220756212 0.4204278291872473 2.776989043821231 7.4657351264613698 0.87238007044652466 1.8924596858560097 4.0162022773583885
leaf_count=405 216 1075 664 70 390 914
internal_value=-0.000700679 -0.00388362 0.00109605 -0.0148812 0.0120808 -0.0080477
internal_weight=19.987 17.6741 14.0248 3.64937 2.31289 6.55902
internal_count=3734 3128 1983 1145 606 1319
is_linear=0
shrinkage=0.05


Tree=227
num_leaves=7
num_cat=0
split_feature=4 12 6 62 39 0
split_gain=0.372854 0.650274 0.468244 0.449572 0.467415 0.46129
threshold=-0.54816257216959496 0.13856284999377314 0.89693784340888094 -0.82656978576851536 0.3907387338191603 -0.30805340314825497
decision_type=2 2 2 2 2 2
left_child=1 -1 3 4 -2 -5
right_child=2 -3 -4 5 -6 -7
leaf_value=-0.016283739714689667 0.0062649914181196241 0.007716205596223805 -0.010706859241160157 -0.0043779430288575531 -0.017172257550347056 0.016928226085320311
leaf_weight=3.8313952831813394 2.4207181487145131 2.4740903805359267 1.3392936863237981 1.9415481123578491 0.75041072483872984 7.9554918023204655
leaf_count=989 178 284 646 446 189 1016
internal_value=0.000755676 -0.00741514 0.0049933 0.00830094 -0.00493301 0.0127024
internal_weight=20.7129 6.30549 14.4075 13.0682 3.17113 9.89704
internal_count=3748 1273 2475 1829 367 1462
is_linear=0
shrinkage=0.05


Tree=228
num_leaves=7
num_cat=0
split_feature=47 0 41 42 41 42
split_gain=0.614921 0.397728 0.354298 0.283337 0.355376 0.308447
threshold=0.96527274207848213 -0.77996953651108292 0.90892393010612871 1.3029757430812479 -1.3136035128902872 -1.1302968424630679
decision_type=2 2 2 2 2 2
left_child=1 -1 3 4 -3 -6
right_child=-2 2 -4 -5 5 -7
leaf_value=-0.010679167963538563 -0.013343185550074819 -0.004213456754755803 -0.0053464120887640387 -0.0046300146907260337 -0.00030684785680701646 0.021881858337888353
leaf_weight=1.3964990955137189 6.1921414321695911 1.1405712375999417 2.6331024300598083 1.0544954040960872 1.8779467980202733 4.4701418017357364
leaf_count=430 1615 192 492 215 311 390
internal_value=-0.00339882 0.00312581 0.00674567 0.0108935 0.0137785 0.0173259
internal_weight=18.7649 12.5728 11.1763 8.54316 7.48866 6.34809
internal_count=3645 2030 1600 1108 893 701
is_linear=0
shrinkage=0.05


Tree=229
num_leaves=7
num_cat=0
split_feature=12 16 42 41 41 42
split_gain=0.529635 0.72374 0.385763 0.353506 0.437489 0.416046
threshold=-0.18653374341025555 -0.081245029135930333 1.1283877432964484 -1.0528597960987198 0.90892393010612871 -1.2972953227264601
decision_type=2 2 2 2 2 2
left_child=1 -1 -3 -2 5 -5
right_child=3 2 -4 4 -6 -7
leaf_value=-0.019774424308936348 -0.0060471092927553713 0.010342526996934789 -0.0099782317380321447 -0.0044517443010227455 -0.0038691702935975875 0.019030927579599219
leaf_weight=2.9279906436568153 2.2673833553562881 3.899532446579542 0.76736410416197021 1.1377469529688822 2.814431346807396 6.2183515666692948
leaf_count=1087 503 317 120 269 602 765
internal_value=0.000833962 -0.00787697 0.00440426 0.00665013 0.0102135 0.0151615
internal_weight=20.0328 7.59489 4.6669 12.4379 10.1705 7.3561
internal_count=3663 1524 437 2139 1636 1034
is_linear=0
shrinkage=0.05


Tree=230
num_leaves=7
num_cat=0
split_feature=12 0 42 41 42 41
split_gain=0.604255 0.589291 0.418754 0.482957 0.529872 0.367985
threshold=0.33660045937605937 -0.28423820186917409 1.058811095435124 0.69006357727847656 -1.2438128138693834 -1.1235427855594671
decision_type=2 2 2 2 2 2
left_child=1 -1 3 4 -3 -6
right_child=-2 2 -4 -5 5 -7
leaf_value=-0.018560298984848088 0.012497099968573053 -0.0075396017417833404 -0.011488447340163218 -0.0067966440073348421 0.00017170446071142903 0.023064462472372201
leaf_weight=3.5269127043866382 2.5487544995849012 1.2021018463128736 2.6817728529567821 3.6315290566708427 2.5414443954941839 3.0227763961011012
leaf_count=1231 273 325 532 681 452 209
internal_value=-0.0024357 -0.00628907 -0.000134672 0.0047104 0.011077 0.0163312
internal_weight=19.1553 16.6065 13.0796 10.3979 6.76632 5.56422
internal_count=3703 3430 2199 1667 986 661
is_linear=0
shrinkage=0.05


Tree=231
num_leaves=7
num_cat=0
split_feature=12 7 12 34 7 40
split_gain=0.372147 0.453733 0.30726 0.402111 0.482892 0.309808
threshold=0.33660045937605937 -0.42907983845661835 -0.22052200158636767 0.43648304850604386 0.88660353421440463 -0.66333146034774104
decision_type=2 2 2 2 2 2
left_child=1 -1 -3 5 -5 -4
right_child=-2 2 3 4 -6 -7
leaf_value=-0.015869938880490292 0.010106143458357348 -0.0077010107725732496 -0.0063971163027076146 -0.015942615812675164 0.0077448617059688628 0.014078680673102157
leaf_weight=3.3575649426784429 2.3467342684452879 4.6485137647396213 0.48671727921464469 1.5802822443220068 1.5656319451227316 5.6855831484717729
leaf_count=867 287 896 175 731 279 536
internal_value=-0.00191634 -0.00479625 0.000201208 0.00505878 -0.00612789 0.0108998
internal_weight=19.671 17.3243 13.9667 9.31821 3.14591 6.1723
internal_count=3771 3484 2617 1721 1010 711
is_linear=0
shrinkage=0.05


Tree=232
num_leaves=7
num_cat=0
split_feature=37 32 27 27 44 32
split_gain=0.405003 0.652378 0.615089 0.454941 0.508167 0.36354
threshold=-0.56076462507932401 0.44781083262222371 -0.95026999883883378 0.86124092307341449 0.44543069715365341 1.6182271348896513
decision_type=2 2 2 2 2 2
left_child=2 -2 -1 4 -3 -5
right_child=1 3 -4 5 -6 -7
leaf_value=-0.010287504182221359 -0.015750242016540326 0.016311293098143127 0.016180111490192699 -0.012908263997745759 -0.0082369658658060629 0.0054531478694951011
leaf_weight=0.83080208518367715 4.4821675103448788 4.4066595854528696 3.9176651671878089 3.1896318857907318 0.85028284692089062 2.5045300032361411
leaf_count=488 1462 379 545 495 131 231
internal_value=-0.000263552 -0.00426559 0.00935917 0.00281104 0.0107906 -0.00573723
internal_weight=20.1817 15.4333 4.74847 10.9511 5.25694 5.69416
internal_count=3731 2698 1033 1236 510 726
is_linear=0
shrinkage=0.05


Tree=233
num_leaves=7
num_cat=0
split_feature=37 40 39 61 44 29
split_gain=0.78666 0.470522 0.611439 0.498748 0.437738 0.354052
threshold=0.586233699998708 -0.66661287316266116 0.35299410673759901 -0.88896047374810316 0.72192817777079032 -1.1861922584717075
decision_type=2 2 2 2 2 2
left_child=1 -1 4 5 -3 -4
right_child=-2 2 3 -5 -6 -7
leaf_value=-0.010640910941710179 -0.014500798458910709 0.017845229488193299 0.0032273472014061745 0.0093135546058860218 -0.0062671443804296553 -0.019074415612699732
leaf_weight=1.4601659624022438 4.3292125123989527 7.8534020756342198 1.6204393327352589 1.9120787288993604 0.71968840225599695 1.9113740622706248
leaf_count=710 1034 885 180 225 135 561
internal_value=-0.000718701 0.00486485 0.00807127 -0.00391063 0.0147212 -0.0120594
internal_weight=19.8064 15.4771 14.017 5.44389 8.57309 3.53181
internal_count=3730 2696 1986 966 1020 741
is_linear=0
shrinkage=0.05


Tree=234
num_leaves=7
num_cat=0
split_feature=28 6 28 62 39 7
split_gain=0.410234 0.650841 0.478985 0.431431 0.556169 0.456818
threshold=0.56704063937301707 -0.073393058623133819 1.1308875984935984 -0.722397949750747 0.35299410673759901 -0.77886877137217725
decision_type=2 2 2 2 2 2
left_child=1 3 -2 4 -1 -6
right_child=2 -3 -4 -5 5 -7
leaf_value=0.0064225254652110313 0.018916508105128512 -0.015065219264774807 -0.0080591493974789489 0.0093668397297915554 0.0043318653710622502 -0.024126241628209987
leaf_weight=2.7639814146677999 1.6090464440494536 5.412279214549927 0.50453914310492098 6.6675403500848915 0.92641465223277952 1.3864719555131158
leaf_count=201 216 1500 363 912 154 341
internal_value=-0.00130381 -0.00436478 0.0115268 0.00262833 -0.00641351 -0.0167179
internal_weight=19.2703 17.1567 2.11359 11.7444 5.07687 2.31289
internal_count=3687 3108 579 1608 696 495
is_linear=0
shrinkage=0.05


Tree=235
num_leaves=7
num_cat=0
split_feature=39 39 37 44 40 31
split_gain=0.542611 0.665005 0.425065 0.329347 0.326766 0.321263
threshold=-0.13984288115592972 -1.2791914100607724 1.2866478755314936 0.72192817777079032 0.62971346631102432 3.1626677321928685
decision_type=2 2 2 2 2 2
left_child=1 -1 3 -3 5 -2
right_child=4 2 -4 -5 -6 -7
leaf_value=-0.011217484255778443 -0.015087211902848924 0.019254492486898523 -0.0058745166290590494 -0.0035641498237261888 0.0041087105392076835 0.0053388979619987459
leaf_weight=1.4359724819078099 6.2864534412947233 6.3159879941958952 1.1225782416586296 0.90088248392567027 2.8953337641578401 0.81478034600149829
leaf_count=405 1591 956 244 151 355 31
internal_value=-0.000176755 0.00716162 0.0124568 0.0161959 -0.00734946 -0.011854
internal_weight=19.772 9.77542 8.33945 7.21687 9.99657 7.10123
internal_count=3733 1756 1351 1107 1977 1622
is_linear=0
shrinkage=0.05


Tree=236
num_leaves=7
num_cat=0
split_feature=9 3 11 11 36 56
split_gain=0.437747 0.841371 0.467214 0.353372 0.291698 0.276291
threshold=0.42679923576644252 -0.64243852262141454 -0.61144265407460174 0.40507921139721836 -0.90637474191166167 1.878395261100539
decision_type=2 2 2 2 2 2
left_child=2 -2 -1 4 -4 -3
right_child=1 5 3 -5 -6 -7
leaf_value=-0.0089114224819700025 0.00455411782513678 -0.020995456218401102 -0.0034858426343636773 -0.0032718492877359681 0.020486441942369718 0.0031062052360695406
leaf_weight=1.1932245668431285 7.1810406504373532 4.0192617525462975 0.60336827530409243 1.7754040720465125 3.9322074473020634 0.59130363399162877
leaf_count=450 665 870 315 778 586 35
internal_value=-0.000600477 -0.0060745 0.00727932 0.0122255 0.0171792 -0.0178984
internal_weight=19.2958 11.7916 7.5042 6.31098 4.53558 4.61057
internal_count=3699 1570 2129 1679 901 905
is_linear=0
shrinkage=0.05


Tree=237
num_leaves=7
num_cat=0
split_feature=12 27 27 54 27 35
split_gain=0.507575 0.417901 0.569386 0.353271 0.528873 0.392146
threshold=0.33660045937605937 1.4799850604276714 1.7540461710665773 -0.24024064729718173 0.25133278008144322 -1.433519854535567
decision_type=2 2 2 2 2 2
left_child=1 3 -3 5 -5 -1
right_child=-2 2 -4 4 -6 -7
leaf_value=0.0045232095064434387 0.011025061185909898 0.015400517065973257 -0.01009968649577689 -0.012505786343178286 0.0095067269230677317 -0.018750425126403229
leaf_weight=0.9880272939044551 2.4161499852198167 2.1261412736203051 1.161161145835649 1.7060071891173718 3.4974592239013873 6.7022661950468336
leaf_count=246 271 110 214 301 228 2301
internal_value=-0.00297879 -0.00646715 0.00587196 -0.0101276 0.000355612 -0.0153301
internal_weight=18.5972 16.1811 3.2873 12.8938 5.20347 7.69029
internal_count=3671 3400 324 3076 529 2547
is_linear=0
shrinkage=0.05


Tree=238
num_leaves=7
num_cat=0
split_feature=12 40 15 35 33 41
split_gain=0.379404 0.530563 0.419775 0.40282 0.362704 0.363926
threshold=-0.18653374341025555 -0.3739466090575933 -0.80649847674524766 -0.3090973170695363 -0.81711936719268097 -0.9401394339815613
decision_type=2 2 2 2 2 2
left_child=4 2 -2 -3 -1 -6
right_child=1 3 -4 -5 5 -7
leaf_value=0.0069668958542721234 -0.016034240530970311 -0.0041601253226633576 0.0054386799417332002 0.015866121409261743 0.0020466812382310801 -0.018100582841529534
leaf_weight=1.1922420033370142 1.9024617863033206 2.0752230192301795 2.1482011255575344 5.6149737385567251 2.4942303942661965 3.929070834376037
leaf_count=99 601 291 541 748 425 1026
internal_value=-0.000894757 0.00440713 -0.00717774 0.0108111 -0.00800415 -0.0121163
internal_weight=19.3564 11.7409 4.05066 7.6902 7.61554 6.4233
internal_count=3731 2181 1142 1039 1550 1451
is_linear=0
shrinkage=0.05


Tree=239
num_leaves=7
num_cat=0
split_feature=42 42 1 29 4 41
split_gain=0.404463 0.542169 0.478389 0.42145 0.396513 0.429495
threshold=-1.0806345128100685 0.6812960478535327 -0.95755898642326998 -1.3695719190982689 0.87026448654827859 1.3612894623388205
decision_type=2 2 2 2 2 2
left_child=-1 2 -2 -3 5 -4
right_child=1 3 4 -5 -6 -7
leaf_value=-0.012542100253177195 -0.010168103036727843 0.0081444930939064061 0.017375264359803494 -0.012509414607044187 -0.0072911891834087517 -0.007468155237897272
leaf_weight=2.9674201859015765 0.61199719435535627 1.1684793643944429 8.5590135093661903 5.0770776206918518 0.57567595306318331 0.3359478873608176
leaf_count=765 325 148 985 1106 242 136
internal_value=-0.00129191 0.00238202 0.0086473 -0.00725639 0.0120168 0.0147901
internal_weight=19.2956 16.3282 10.0826 6.24556 9.47064 8.89496
internal_count=3707 2942 1688 1254 1363 1121
is_linear=0
shrinkage=0.05


Tree=240
num_leaves=7
num_cat=0
split_feature=32 43 44 62 27 41
split_gain=0.425876 0.539848 0.648666 0.501316 0.310458 0.299697
threshold=0.87557792531819023 0.0056045026437797187 0.72192817777079032 0.75653422464930198 1.7540461710665773 -1.1235427855594671
decision_type=2 2 2 2 2 2
left_child=1 -1 5 4 -2 -3
right_child=3 2 -4 -5 -6 -7
leaf_value=-0.015546255617343544 0.015406668359637252 -0.0057834900436729841 -0.014533867832776774 -0.0094518982178636076 -0.0049946686974763977 0.013358158959478601
leaf_weight=4.5259519409592048 5.7666793043899807 0.8466955855838022 1.0726484198967225 1.2588083722221197 0.83099858355126333 5.1712353605253156
leaf_count=1603 407 252 309 253 126 784
internal_value=-0.00060559 -0.00610859 0.00274652 0.00697066 0.012079 0.00963695
internal_weight=19.473 11.6165 7.09058 7.85649 6.59768 6.01793
internal_count=3734 2948 1345 786 533 1036
is_linear=0
shrinkage=0.05


Tree=241
num_leaves=7
num_cat=0
split_feature=12 62 40 41 14 35
split_gain=0.458587 0.449438 0.440416 0.430272 0.262724 0.27389
threshold=-0.18347282193694672 -1.9189201056527065 -0.67684099483737203 -1.0332096870151983 0.44550453480854363 -1.5383052440965042
decision_type=2 2 2 2 2 2
left_child=1 -1 -2 -4 5 -3
right_child=2 4 3 -5 -6 -7
leaf_value=0.0086756367321484222 -0.0095458066728743175 0.0040159972841828755 -0.0059071467245578532 0.013574732582269095 0.0044952782854478643 -0.017912124471314201
leaf_weight=1.0375726051861418 1.3748462720832328 0.56287244650593482 1.8868253908003687 8.2310761909611703 0.66754685186606355 5.4613527680194265
leaf_count=73 599 151 397 1106 182 1208
internal_value=-0.000175813 -0.0079909 0.00564629 0.0094216 -0.0124606 -0.0152093
internal_weight=19.2221 7.72934 11.4927 10.1179 6.69177 6.02423
internal_count=3716 1614 2102 1503 1541 1359
is_linear=0
shrinkage=0.05


Tree=242
num_leaves=7
num_cat=0
split_feature=2 34 56 3 12 6
split_gain=0.295332 0.594712 0.611338 0.387425 0.369589 0.33684
threshold=0.50914494818563305 0.2898680753507093 1.2512712487917492 -0.27608212871131482 -0.18653374341025555 0.9255895720257995
decision_type=2 2 2 2 2 2
left_child=1 4 -3 -2 -1 -5
right_child=3 2 -4 5 -6 -7
leaf_value=-0.0046228173265657436 -0.0070890682589827324 -0.021755020273012259 0.0071786591726663617 0.022455384171658817 0.009269779401557824 -0.0049498165408695272
leaf_weight=5.8997202090104137 0.3871121916745327 2.5330091451905896 0.9766322771902195 1.5776767025527068 8.236168213014027 0.27197649382287625
leaf_count=992 214 1064 69 196 1005 188
internal_value=0.00147614 -0.0013954 -0.0141058 0.0119513 0.00367737 0.0178565
internal_weight=19.8823 17.6455 3.50964 2.23677 14.1359 1.84965
internal_count=3728 3130 1133 598 1997 384
is_linear=0
shrinkage=0.05


Tree=243
num_leaves=7
num_cat=0
split_feature=4 12 42 42 41 39
split_gain=0.394087 0.605388 0.384443 0.381426 0.344117 0.285482
threshold=-0.54816257216959496 0.61023881920827894 1.1440896966029392 -0.38565240559233854 -1.0332096870151983 1.8654752347915908
decision_type=2 2 2 2 2 2
left_child=1 5 3 -2 -5 -1
right_child=2 -3 -4 4 -6 -7
leaf_value=-0.019458286591517621 -0.0021142971542542507 0.0082480068578950436 -0.0079319741387315918 -0.0024602387545779466 0.018727508841457852 0.0038119761778954431
leaf_weight=3.6052273391396765 4.7500975542498054 1.7265856669400816 2.3266525265644296 1.7074200127972288 4.7405639981589029 0.57364685283391725
leaf_count=1010 1005 161 511 345 625 104
internal_value=-5.24121e-05 -0.00852498 0.00452311 0.00824013 0.0141173 -0.0160058
internal_weight=19.4302 5.90546 13.5247 11.1981 6.44798 4.17887
internal_count=3761 1275 2486 1975 970 1114
is_linear=0
shrinkage=0.05


Tree=244
num_leaves=7
num_cat=0
split_feature=15 15 6 0 62 32
split_gain=0.410663 0.491345 0.446038 0.437451 0.381944 0.284082
threshold=0.80329679500201812 -0.80649847674524766 -1.2515521393508295 -0.067076614959599171 0.68426394432498727 0.58349602248553112
decision_type=2 2 2 2 2 2
left_child=1 3 -2 4 -1 -5
right_child=2 -3 -4 5 -6 -7
leaf_value=-0.018115872680142 0.0076268807290302935 0.019053931780229447 -0.014001146269088714 -0.0044873775067886144 0.0043254713392310278 0.010563246426604835
leaf_weight=1.9553475571592582 1.1973367098835295 1.3107142427470542 4.946124091919045 2.879657586119718 1.5439306633925296 5.3659412553242873
leaf_count=574 156 58 1675 591 315 335
internal_value=-0.00023581 0.00460945 -0.00866655 -0.000551279 -0.0107882 0.00551213
internal_weight=19.1991 13.0556 6.14346 11.7449 3.49928 8.2456
internal_count=3704 1873 1831 1815 889 926
is_linear=0
shrinkage=0.05


Tree=245
num_leaves=7
num_cat=0
split_feature=45 45 7 29 39 62
split_gain=0.530505 0.342222 0.53468 0.425578 0.288064 0.22435
threshold=1.0000000180025095e-35 -0.51511614581529275 -0.42907983845661835 0.18904351555720503 -1.1249776479846791 0.41134741827186722
decision_type=2 2 2 2 2 2
left_child=1 3 -3 -1 -4 -2
right_child=5 2 4 -5 -6 -7
leaf_value=0.00469465789412406 -0.015043835335899109 -0.0066456193150747763 -0.0049195955893436205 -0.016215770818732857 0.018664516211670416 0.00084108690795470253
leaf_weight=3.8392730430932724 4.0130920459341715 1.7678527153038883 0.26940719760023046 0.98803950335422985 5.1050286852696454 2.8115844497515354
leaf_count=752 788 300 120 571 618 542
internal_value=-0.00136136 0.00473933 0.0102055 -0.00415993 0.0161434 -0.0102411
internal_weight=18.7943 11.9696 7.14229 4.82731 5.37444 6.82468
internal_count=3691 2361 1038 1323 738 1330
is_linear=0
shrinkage=0.05


Tree=246
num_leaves=7
num_cat=0
split_feature=44 1 32 43 39 39
split_gain=0.366913 0.31868 0.37402 0.328087 0.26958 0.317913
threshold=0.6211798123697887 1.6020790147655142 -0.91615218171931523 -1.2016610952981766 -1.3735529777646758 0.30877897215634159
decision_type=2 2 2 2 2 2
left_child=1 2 -1 -4 -5 -6
right_child=-2 -3 3 4 5 -7
leaf_value=-0.0086269621030900714 -0.010283683293274721 -0.010156651524511612 -0.008286570869097969 -0.006040493064458306 0.016883906684574894 0.0007133606421510898
leaf_weight=1.3292202473821824 3.4534979617747004 0.90359564730897624 0.41988901270087708 0.48583080492971653 8.1017712614557222 4.5633477290102755
leaf_count=657 604 218 176 154 1136 752
internal_value=3.60182e-06 0.00353367 0.00592698 0.00865625 0.0106359 0.0123099
internal_weight=19.2572 15.8037 14.9001 13.5708 13.1509 12.6651
internal_count=3697 3093 2875 2218 2042 1888
is_linear=0
shrinkage=0.05


Tree=247
num_leaves=7
num_cat=0
split_feature=38 41 29 32 37 31
split_gain=0.437816 0.54815 0.529356 0.489195 0.581685 0.341296
threshold=-0.25848535223467256 -0.9401394339815613 -0.36442106850463574 0.56570228900874486 -0.814505619139123 -0.3207684844496384
decision_type=2 2 2 2 2 2
left_child=2 -2 3 4 5 -1
right_child=1 -3 -4 -5 -6 -7
leaf_value=-0.0077010840288399751 -0.010533742763343875 0.014917307566425573 -0.015042151650507636 0.0110871834771301 -0.017290940110793747 0.013811579588667994
leaf_weight=0.61974925149115767 0.60883139938232478 3.7924785549839717 5.4320417387643838 4.0605901021044701 2.3405321895115776 1.6972611880482871
leaf_count=252 345 836 1333 192 559 179
internal_value=-0.00188318 0.00855402 -0.00605803 0.00195764 -0.00722715 0.00695891
internal_weight=18.5515 4.40131 14.1502 8.71813 4.65754 2.31701
internal_count=3696 1181 2515 1182 990 431
is_linear=0
shrinkage=0.05


Tree=248
num_leaves=7
num_cat=0
split_feature=49 44 31 55 1 44
split_gain=0.376954 0.336597 0.373589 0.544104 0.341717 0.315979
threshold=-0.3563589200727057 0.72192817777079032 -0.17752693434676711 1.0000000180025095e-35 1.2194088816974233 -0.62107746241165462
decision_type=2 2 2 2 2 2
left_child=1 2 3 -1 5 -4
right_child=-2 -3 4 -5 -6 -7
leaf_value=-0.019903597797014366 0.0057469823267839622 -0.020243327083447452 -0.0076521578964066309 0.006438360137355971 -0.010025705170265034 0.011130153053121322
leaf_weight=2.2222105794062363 5.455445672851055 1.0005204322660564 0.63060225534718384 1.3145725526846948 0.88875945442123327 6.5296243943012113
leaf_count=1101 896 258 210 83 158 973
internal_value=-0.00329136 -0.00756108 -0.00252749 -0.0116513 0.00355659 0.00770497
internal_weight=18.0417 12.5863 11.5858 3.53678 8.04899 7.16023
internal_count=3679 2783 2525 1184 1341 1183
is_linear=0
shrinkage=0.05


Tree=249
num_leaves=7
num_cat=0
split_feature=4 34 41 1 2 62
split_gain=0.581826 0.590419 0.409142 0.426932 0.374547 0.446677
threshold=-0.54816257216959496 -1.6417902678222795 -1.0709418166768232 1.6020790147655142 0.93181782578609595 -0.30485533609003412
decision_type=2 2 2 2 2 2
left_child=1 -1 -2 4 5 -4
right_child=2 -3 3 -5 -6 -7
leaf_value=0.0063419761596369556 -0.0089345625124615108 -0.019531093419591142 -0.00077407946619647465 -0.0083611969602224116 -0.0076090553484064287 0.019802387860652623
leaf_weight=1.540957235425594 2.1586205079220244 3.7305466403922791 3.4394299534615111 1.1805471835541546 0.46165868679236233 5.8907525577378639
leaf_count=273 553 1000 496 221 335 848
internal_value=-0.00182068 -0.0124108 0.00394824 0.00785686 0.0113145 0.0138744
internal_weight=18.4025 5.2715 13.131 10.9724 9.79184 9.33018
internal_count=3726 1273 2453 1900 1679 1344
is_linear=0
shrinkage=0.05


Tree=250
num_leaves=7
num_cat=0
split_feature=15 4 6 3 37 33
split_gain=0.493198 0.731995 0.460637 0.509385 0.337246 0.424513
threshold=0.80329679500201812 -0.44462775036537072 -1.2515521393508295 -0.72863847233877965 -0.814505619139123 -0.81711936719268097
decision_type=2 2 2 2 2 2
left_child=1 4 -2 -4 -1 -6
right_child=2 -3 3 -5 5 -7
leaf_value=0.0050876723940313801 0.0073481558469853832 0.012822982500735736 0.0067524571070744777 -0.019831057067494658 0.0061594352272050911 -0.019431880394748344
leaf_weight=1.8918485281756146 1.2192151299095719 7.9026148902630684 0.76017331372713748 4.2675210674642559 0.65982216014526773 2.5069788387481826
leaf_count=324 165 941 53 1647 24 574
internal_value=-0.000337944 0.00502615 -0.00948736 -0.0147903 -0.00739335 -0.0136973
internal_weight=19.2082 12.9613 6.24691 5.02769 5.05865 3.1668
internal_count=3728 1863 1865 1700 922 598
is_linear=0
shrinkage=0.05


Tree=251
num_leaves=7
num_cat=0
split_feature=2 29 3 7 62 33
split_gain=0.451951 0.432185 0.407571 0.339583 0.476378 0.492407
threshold=0.50914494818563305 0.40766463214393905 -0.27608212871131482 -0.42907983845661835 -0.82656978576851536 -0.81623151168621511
decision_type=2 2 2 2 2 2
left_child=1 3 -2 -1 5 -5
right_child=2 -3 -4 4 -6 -7
leaf_value=-0.0080480126066651472 -0.0073041197169346414 -0.016676189339663389 0.01808048843319408 0.0082436845491177923 0.011472298543913708 -0.016217759291045186
leaf_weight=4.7329061236087027 0.40009349376487113 2.1597473371075457 1.9755179894418677 1.1966599116567525 6.408234965070732 1.7422155927051814
leaf_count=995 224 951 376 44 737 358
internal_value=-0.000811109 -0.00429618 0.0121149 0.000198324 0.00531476 -0.00712461
internal_weight=18.6154 16.2398 2.37561 14.08 9.34711 2.93888
internal_count=3685 3085 600 2134 1139 402
is_linear=0
shrinkage=0.05


Tree=252
num_leaves=7
num_cat=0
split_feature=42 53 42 11 41 11
split_gain=0.475309 0.452281 0.331449 0.359794 0.514539 0.356916
threshold=-0.38565240559233854 2.1241772967557631 1.3029757430812479 -0.75210367441112391 1.3476176906822059 -0.8189525597563444
decision_type=2 2 2 2 2 2
left_child=-1 2 3 -2 -5 -4
right_child=1 -3 5 4 -6 -7
leaf_value=-0.0081339523554930602 -0.0028746577458545006 -0.0083263960737741723 0.0087401564504123765 0.021073540915640204 -0.0074000711863317567 -0.012340396657473732
leaf_weight=6.7080629540432737 1.7881779806339171 2.0150968962698235 0.93738800397841293 6.1394106579100471 0.36856804326816917 1.3404932624544006
leaf_count=1508 312 208 68 947 201 469
internal_value=0.000629456 0.00596569 0.00992761 0.0136248 0.0176349 -0.00362835
internal_weight=19.2972 12.5891 10.574 8.29616 6.50798 2.27788
internal_count=3713 2205 1997 1460 1148 537
is_linear=0
shrinkage=0.05


Tree=253
num_leaves=7
num_cat=0
split_feature=33 35 12 7 11 43
split_gain=0.437092 0.500503 0.452646 0.654189 0.745286 0.28131
threshold=-0.019113969563298416 0.30278499507920192 0.33660045937605937 -0.42907983845661835 -0.69742781037524115 1.9947110399542827
decision_type=2 2 2 2 2 2
left_child=1 2 3 -1 -5 -6
right_child=-2 -3 -4 4 5 -7
leaf_value=-0.019922032392354849 -0.012740868525555069 0.014242647689879631 0.010944282711428548 0.011789025483242635 -0.015379849473961323 0.0056499177285537685
leaf_weight=2.5330855104548418 2.5596887201681957 3.7531568133272222 2.1041223563952363 4.7997179419326148 2.952092001709389 0.43638121802359808
leaf_count=829 1159 390 221 306 840 11
internal_value=-0.000415467 0.00314822 -0.0021829 -0.00658876 0.00177187 -0.0112902
internal_weight=19.1382 16.5786 12.8254 10.7213 8.18819 3.38847
internal_count=3756 2597 2207 1986 1157 851
is_linear=0
shrinkage=0.05


Tree=254
num_leaves=7
num_cat=0
split_feature=42 42 41 41 32 36
split_gain=0.494211 0.631329 0.606824 0.678088 0.413814 0.391948
threshold=1.058811095435124 -0.79330038761825461 1.1480574271824018 -1.1235427855594671 1.3207560905559583 0.838726966015376
decision_type=2 2 2 2 2 2
left_child=1 4 3 5 -1 -3
right_child=-2 2 -4 -5 -6 -7
leaf_value=-0.014746287224923983 -0.011870356866306815 -0.010365962493504624 -0.0054892506961138551 0.026011985473049799 0.0068400323991293201 0.0098430375618324337
leaf_weight=3.2275613368110507 3.9097825539356554 1.8715709219250132 2.916856764262775 3.4437623022822663 1.2859327082696834 1.734484015178168
leaf_count=958 925 619 693 231 111 132
internal_value=-0.000621785 0.00393141 0.0101213 0.0162907 -0.00832069 -0.000589886
internal_weight=18.39 14.4802 9.96667 7.04982 4.51349 3.60605
internal_count=3669 2744 1675 982 1069 751
is_linear=0
shrinkage=0.05


Tree=255
num_leaves=7
num_cat=0
split_feature=53 42 45 41 33 39
split_gain=0.456358 0.634214 0.549147 0.39274 0.385277 0.346085
threshold=2.0745142867252535 -1.1302968424630679 -0.65371284073979274 -1.1235427855594671 -0.73066792703527872 -1.1684756346513872
decision_type=2 2 2 2 2 2
left_child=1 -1 -3 -4 -2 -5
right_child=4 2 3 5 -6 -7
leaf_value=-0.011402748545063075 0.0056866139878367665 -0.0090352720704690997 -0.0029663124886592051 -0.0046032925811582224 -0.016879538755378298 0.018380739562966333
leaf_weight=1.7522009199165101 1.1852610682835805 1.2266101526765876 2.2700606571597772 0.67470702438731756 1.9395940474350926 10.087360203673587
leaf_count=633 69 718 548 172 252 1290
internal_value=0.00253219 0.0060823 0.00983956 0.0129744 -0.00972727 0.0162504
internal_weight=19.1358 16.0109 14.2587 13.0321 3.12486 10.7621
internal_count=3682 3361 2728 2010 321 1462
is_linear=0
shrinkage=0.05


Tree=256
num_leaves=7
num_cat=0
split_feature=45 45 28 12 4 32
split_gain=0.45738 0.367023 0.685024 0.284673 0.264486 0.240899
threshold=-0.16986187899444041 -0.41983091805469913 -0.60541439145605336 0.5199884183882737 -1.0451297168298719 1.6182271348896513
decision_type=2 2 2 2 2 2
left_child=1 2 4 5 -1 -2
right_child=3 -3 -4 -5 -6 -7
leaf_value=-0.0065092244578748961 -0.015487854737952693 0.01230972146697289 -0.016768637584549408 0.0059934551579463634 0.011933300978863422 0.0023750771747744408
leaf_weight=0.58496549891424354 6.2758951943687844 3.8580207587219792 2.01055580949469 0.72122013353509817 3.4352471028978471 1.4666580517659893
leaf_count=290 1439 527 883 64 388 142
internal_value=-0.00266448 0.00417871 -0.00338419 -0.00966105 0.00761493 -0.0123858
internal_weight=18.3526 9.88879 6.03077 8.46377 4.02021 7.74255
internal_count=3733 2088 1561 1645 678 1581
is_linear=0
shrinkage=0.05


Tree=257
num_leaves=7
num_cat=0
split_feature=28 34 32 35 7 28
split_gain=0.408427 0.634969 0.395302 0.314848 0.343412 0.29423
threshold=0.56704063937301707 -0.44604032110538766 1.4103465819592398 -0.38744898485356677 -0.77886877137217725 0.90717615363765181
decision_type=2 2 2 2 2 2
left_child=1 3 -3 4 -1 -2
right_child=5 2 -4 -5 -6 -7
leaf_value=0.006293756471610997 0.017641384842524224 -0.018234437090452162 0.0021852591702634194 0.012660931366448226 -0.011014164191185068 -0.0044292672494631062
leaf_weight=3.0772427137708291 1.3063535717374173 5.1084705114626567 2.5233626063272823 2.9131766096397804 2.6250139781623147 0.82241561758564774
leaf_count=558 149 1616 283 150 562 448
internal_value=-0.00119684 -0.00439664 -0.0127714 0.0044045 -0.00272414 0.0115114
internal_weight=18.376 16.2473 7.63183 8.61543 5.70226 2.12877
internal_count=3766 3169 1899 1270 1120 597
is_linear=0
shrinkage=0.05


Tree=258
num_leaves=7
num_cat=0
split_feature=22 0 42 43 61 27
split_gain=0.40108 0.370081 0.449932 0.34923 0.338368 0.357325
threshold=-1.7900328811776716 -0.70851276755369075 1.058811095435124 -0.17364311839918664 -1.7415142412959903 1.6689881685357555
decision_type=2 2 2 2 2 2
left_child=-1 -2 4 -4 -3 -6
right_child=1 2 3 -5 5 -7
leaf_value=-0.01245087297124417 -0.0081515300793355769 -0.0076751035442283845 0.0071871589570529498 -0.012875765684196391 0.015259072113767737 -0.0057352845976126193
leaf_weight=1.1585460364294728 2.1754635309480408 0.28002054151147859 1.263033644994721 2.1033223487611403 11.551930746965798 0.77802013169275674
leaf_count=674 568 63 169 419 1652 136
internal_value=0.00206948 0.00463074 0.0073848 -0.00550866 0.011224 0.0130712
internal_weight=19.3103 18.1518 15.9763 3.36636 12.61 12.33
internal_count=3681 3007 2439 588 1851 1788
is_linear=0
shrinkage=0.05


Tree=259
num_leaves=7
num_cat=0
split_feature=12 29 59 45 37 28
split_gain=0.369289 0.314748 0.365828 0.560241 0.426337 0.258629
threshold=0.33660045937605937 1.1287743112839261 1.0000000180025095e-35 0.42536142688667072 -0.814505619139123 -0.58777376664906311
decision_type=2 2 2 2 2 2
left_child=1 2 5 4 -4 -1
right_child=-2 -3 3 -5 -6 -7
leaf_value=0.010536240455596141 0.010214225813705659 0.0094407214182507786 0.0025187018697396275 0.0023792070852309086 -0.022743459974587047 -0.0053813316893935089
leaf_weight=2.2441120846197009 2.4300847829435943 0.85250505224394224 1.4199053928168748 4.2613802229025168 4.8677819421718569 2.3716599104809601
leaf_count=126 293 178 507 709 1599 288
internal_value=-0.00150837 -0.00461762 -0.00683658 -0.0111101 -0.0180678 0.00345947
internal_weight=18.4474 16.0173 15.1648 10.5491 6.28769 4.61577
internal_count=3700 3407 3229 2815 2106 414
is_linear=0
shrinkage=0.05


Tree=260
num_leaves=7
num_cat=0
split_feature=54 27 53 40 1 10
split_gain=0.29722 0.389143 0.321721 0.306924 0.448016 0.28587
threshold=-0.19936840856861313 -0.50271169546004002 2.1241772967557631 0.62971346631102432 0.22818693979188293 -0.71762155804815564
decision_type=2 2 2 2 2 2
left_child=3 -2 -3 4 5 -1
right_child=1 2 -4 -5 -6 -7
leaf_value=-0.0083391611430401868 -0.0090675317057875848 0.017488121305092873 -0.0010051066299457698 0.0052646663901988328 -0.018242095831289978 0.0080492326821459802
leaf_weight=1.6905117745773175 0.79012264533957921 3.2931422942201598 3.2625821295077913 3.4372795296658296 2.9284903160005342 3.2348119447560757
leaf_count=565 177 221 258 558 856 1034
internal_value=0.000286832 0.00670739 0.0108585 -0.00442146 -0.0089441 0.00139685
internal_weight=18.6369 7.34585 6.55572 11.2911 7.85381 4.92532
internal_count=3669 656 479 3013 2455 1599
is_linear=0
shrinkage=0.05


Tree=261
num_leaves=7
num_cat=0
split_feature=14 6 43 37 56 38
split_gain=0.293165 0.537512 0.344608 0.333123 0.392182 0.49055
threshold=1.0000000180025095e-35 -0.77059276209578609 -0.10209920897997649 2.1413543818381853 1.0000000180025095e-35 -0.25848535223467256
decision_type=2 2 2 2 2 2
left_child=1 2 -1 4 5 -3
right_child=-2 3 -4 -5 -6 -7
leaf_value=-0.007601579707811959 0.010618314556667504 -0.021154583807877131 0.011132967743317927 0.0072628887120763271 0.0051938726360717218 0.0021598113601491295
leaf_weight=1.0715677639236671 1.9613892011839187 5.5312360900134099 5.323727080089161 0.66320744252880182 1.3278289417503399 2.3687493335310101
leaf_count=256 451 1372 618 40 110 829
internal_value=-0.000253984 -0.00301137 0.00656897 -0.00929295 -0.0119728 -0.0154935
internal_weight=18.2477 16.2863 6.39529 9.89102 9.22781 7.89999
internal_count=3676 3225 874 2351 2311 2201
is_linear=0
shrinkage=0.05


Tree=262
num_leaves=7
num_cat=0
split_feature=31 4 42 33 26 55
split_gain=0.579022 0.46411 0.328636 0.427562 0.381368 0.252839
threshold=0.22131588614651101 0.69425528948109705 0.49105693364898867 -0.81468718654458594 1.0813977569760056 1.0000000180025095e-35
decision_type=2 2 2 2 2 2
left_child=1 5 4 -4 -2 -1
right_child=2 -3 3 -5 -6 -7
leaf_value=-0.019875646554421558 0.015431927538397661 0.0050176737151661982 0.0082431788370130373 -0.013943181737420506 -0.0049116638087017082 0.00088557807175976158
leaf_weight=4.9988707601005462 4.1965431073185737 1.8951551442441994 1.2627247120253744 1.9733327370340701 1.6822706390230449 1.4927563443779943
leaf_count=1785 444 544 47 444 328 114
internal_value=-0.00373573 -0.0114555 0.00444521 -0.00548515 0.00991786 -0.0163306
internal_weight=17.5017 8.38678 9.11487 3.23606 5.87881 6.49163
internal_count=3706 2443 1263 491 772 1899
is_linear=0
shrinkage=0.05


Tree=263
num_leaves=7
num_cat=0
split_feature=6 62 0 7 4 4
split_gain=0.333458 0.424877 0.606719 0.324023 0.32461 0.308932
threshold=-0.77059276209578609 -0.722397949750747 -0.067076614959599171 1.2085683474662261 -0.42392078600452582 -1.2418458782578981
decision_type=2 2 2 2 2 2
left_child=5 -2 -3 4 -4 -1
right_child=1 2 3 -5 -6 -7
leaf_value=-0.0081460576002602893 -0.018064244214621685 -0.010808246953910762 -0.0056383154752529035 -0.0076984173417380302 0.015961390761400723 0.010226479960875834
leaf_weight=0.61246716222376552 1.624304957411369 4.0163051292474847 0.60543894198781334 0.42269167199265201 4.8579469584947184 5.9425115622434559
leaf_count=310 442 1251 181 261 614 619
internal_value=-0.000882266 -0.00554997 0.000225686 0.00886171 0.0124176 0.00649118
internal_weight=18.0817 11.5267 9.90238 5.88608 5.46339 6.55498
internal_count=3678 2749 2307 1056 795 929
is_linear=0
shrinkage=0.05


Tree=264
num_leaves=7
num_cat=0
split_feature=27 27 9 28 3 12
split_gain=0.351473 0.318812 0.374443 0.386868 0.252631 0.256952
threshold=-0.88160283188887367 0.86124092307341449 0.93109585861668209 -0.72637994799236927 -0.61771940121781621 -0.094668673096906727
decision_type=2 2 2 2 2 2
left_child=-1 2 -2 -4 -3 -6
right_child=1 4 3 -5 5 -7
leaf_value=-0.012648859548204425 0.012584925935655017 0.0036502370883154177 0.0083401966827640478 -0.011052420021769293 -0.016980652656424629 0.0040708071370171208
leaf_weight=1.4357876407302708 7.0276010194356804 2.8150462336780038 1.8287969612574668 2.7560908944578841 1.776981665985659 0.70113641582429309
leaf_count=828 1523 213 117 482 434 127
internal_value=8.99652e-05 0.00291513 0.00703857 -0.00307791 -0.00540486 -0.012057
internal_weight=18.3414 16.9057 11.6125 4.58489 5.29316 2.47812
internal_count=3724 2896 2122 599 774 561
is_linear=0
shrinkage=0.05


Tree=265
num_leaves=7
num_cat=0
split_feature=37 27 37 44 32 43
split_gain=0.35863 0.529939 0.397151 0.365554 0.255596 0.227291
threshold=-0.59415159798192907 -0.95026999883883378 -0.19128212495716052 0.44543069715365341 1.2399030238348268 -1.2016610952981766
decision_type=2 2 2 2 2 2
left_child=1 -1 -2 5 -5 -4
right_child=2 -3 3 4 -6 -7
leaf_value=-0.0090520457380586297 -0.015663868452109136 0.01603220024487088 -0.0074478215114541493 -0.01521460642744376 0.0031516196123069478 0.0083917321962573305
leaf_weight=0.80399319811840531 1.7601080772437878 3.7211777642369297 0.36980132888129347 1.6752679980272653 1.753281838231487 8.6866776508249988
leaf_count=499 635 508 142 411 150 1401
internal_value=0.000715727 0.00974348 -0.00334818 0.00108634 -0.00873476 0.00605266
internal_weight=18.7703 4.52517 14.2451 12.485 3.42855 9.05648
internal_count=3746 1007 2739 2104 561 1543
is_linear=0
shrinkage=0.05


Tree=266
num_leaves=7
num_cat=0
split_feature=12 9 42 41 62 41
split_gain=0.343831 0.702802 0.605043 0.422186 0.323165 0.303794
threshold=-0.23739315915671874 0.5958686578228547 -0.76468535707821095 -1.1235427855594671 -1.8411760999547166 1.3558151533600842
decision_type=2 2 2 2 2 2
left_child=4 2 -2 -4 -1 -5
right_child=1 -3 3 5 -6 -7
leaf_value=0.0049312381666183772 -0.007178163880607602 -0.0072240120193661148 -0.0045723475749628343 0.023981251422281226 -0.015935206944213801 -0.0041295571440673967
leaf_weight=1.0475314785726371 1.5714630165020942 7.0569127419730648 0.78188304827199395 4.4781564213335479 2.9264358966320314 0.197499447625887
leaf_count=75 539 1046 336 679 934 118
internal_value=-0.00147705 0.00253854 0.0115689 0.0175984 -0.0106797 0.0216439
internal_weight=18.0599 14.0859 7.029 5.45754 3.97397 4.67566
internal_count=3727 2718 1672 1133 1009 797
is_linear=0
shrinkage=0.05


Tree=267
num_leaves=7
num_cat=0
split_feature=11 48 1 36 39 30
split_gain=0.325045 0.441549 0.348341 0.3671 0.351121 0.357338
threshold=-0.27131858769180445 1.0000000180025095e-35 1.6020790147655142 -0.82894306634150561 -1.3660040523483634 -0.41556007208713724
decision_type=2 2 2 2 2 2
left_child=2 -2 3 -1 -5 -6
right_child=1 -3 -4 4 5 -7
leaf_value=-0.01000009245759088 -0.015188471794460104 0.008661158860454472 -0.010417275777335311 -0.0086537585843975886 -0.0013778453758944676 0.0153711720709023
leaf_weight=0.61768999997002616 3.5636405334589645 0.52516381595341943 1.21303431400156 0.45034987329563492 3.8196246156585376 8.0987634932243981
leaf_count=383 1544 112 233 105 667 691
internal_value=-0.000839858 -0.00975618 0.00298152 0.00595311 0.00854632 0.0108058
internal_weight=18.2883 4.0888 14.1995 12.9864 12.3687 11.9184
internal_count=3735 1656 2079 1846 1463 1358
is_linear=0
shrinkage=0.05


Tree=268
num_leaves=7
num_cat=0
split_feature=12 7 3 38 14 29
split_gain=0.345743 0.593084 0.300506 0.419763 0.209741 0.249809
threshold=0.61023881920827894 -0.42907983845661835 -0.72863847233877965 0.13477758521200359 1.0000000180025095e-35 -0.26673770888545251
decision_type=2 2 2 2 2 2
left_child=1 -1 -3 4 5 -4
right_child=-2 2 3 -5 -6 -7
leaf_value=-0.017535233258368071 0.010592155577237179 0.010651399865666922 0.00076202985228382273 0.011461642549690926 0.0051231623093403247 -0.014614751264019309
leaf_weight=2.9923817670351172 1.8089388601656526 2.7030363327357962 3.5565851391584147 1.1267698746669328 1.0405190474994004 4.8342093727696867
leaf_count=929 178 177 445 308 238 1421
internal_value=-0.00165671 -0.00445796 0.00118358 -0.00306082 -0.00714313 -0.00961291
internal_weight=18.0624 16.2535 13.2611 10.5581 9.43131 8.39079
internal_count=3696 3518 2589 2412 2104 1866
is_linear=0
shrinkage=0.05


Tree=269
num_leaves=7
num_cat=0
split_feature=41 41 32 8 36 22
split_gain=0.362067 0.291413 0.291193 0.282456 0.201136 0.220453
threshold=0.90892393010612871 -1.1235427855594671 1.0474086293319229 1.05339522674916 -0.82894306634150561 -1.7900328811776716
decision_type=2 2 2 2 2 2
left_child=1 2 -1 4 -3 -6
right_child=-2 3 -4 -5 5 -7
leaf_value=-0.013376301182362741 -0.010628864369078296 -0.004722493972815215 0.0055449525743128435 -0.008198111418576454 -0.0046783857604800558 0.013128559772937712
leaf_weight=1.8388680436764855 4.1447732115047975 0.66045172128360619 1.315093413722934 0.42554403665417417 0.51014361734268909 8.4171546356374165
leaf_count=665 1022 370 124 223 281 973
internal_value=-0.00141002 0.00292569 -0.00662974 0.00676996 0.00922981 0.0111902
internal_weight=17.312 13.1673 3.15396 10.0133 9.58775 8.9273
internal_count=3658 2636 789 1847 1624 1254
is_linear=0
shrinkage=0.05


Tree=270
num_leaves=7
num_cat=0
split_feature=44 36 11 43 37 32
split_gain=0.348115 0.306964 0.374162 0.293221 0.305098 0.28934
threshold=0.4994495909304042 1.423349209223215 0.89183118948666429 -1.2016610952981766 1.2866478755314936 -1.1218483784791893
decision_type=2 2 2 2 2 2
left_child=1 2 3 -1 5 -5
right_child=-2 -3 -4 4 -6 -7
leaf_value=-0.0077406136849846492 -0.01126566490990928 -0.008346083064677207 -0.010267061276395487 -0.0056003234669233515 -0.0063639533209168238 0.014857934207219795
leaf_weight=0.3689233179029533 4.1440698896185486 2.5892440888128467 0.6350370643122013 0.43199478533642555 0.58885293653293125 9.5070360072131734
leaf_count=156 729 468 460 314 189 1442
internal_value=-0.00219893 0.00196963 0.00553064 0.00846897 0.0106276 0.0128764
internal_weight=18.2652 14.1211 11.5318 10.8968 10.5279 9.93903
internal_count=3758 3029 2561 2101 1945 1756
is_linear=0
shrinkage=0.05


Tree=271
num_leaves=7
num_cat=0
split_feature=39 39 33 27 36 1
split_gain=0.304644 0.375464 0.395313 0.376834 0.350275 0.296034
threshold=-1.3153184102674096 -0.1452349707390099 -0.55519239269705856 1.6689881685357555 1.7950080809076829 -0.9118511649734703
decision_type=2 2 2 2 2 2
left_child=-1 3 4 -2 5 -3
right_child=1 2 -4 -5 -6 -7
leaf_value=-0.01038775582188089 0.014545205515223156 -0.0072601538846540749 -0.012907259143918957 -0.0064791082325465687 -0.0087803495785713677 0.01187812821287712
leaf_weight=1.0844369300466521 7.1161101273464782 0.44086556142429234 2.1603258247923742 0.8561745529732433 1.3975140745023962 5.9781243400939266
leaf_count=348 1217 246 893 164 237 604
internal_value=0.00254943 0.00470669 -0.00181518 0.0111332 0.00398006 0.00866994
internal_weight=19.0336 17.9491 9.97683 7.97228 7.8165 6.41899
internal_count=3709 3361 1980 1381 1087 850
is_linear=0
shrinkage=0.05


Tree=272
num_leaves=7
num_cat=0
split_feature=27 37 32 15 27 39
split_gain=0.320839 0.39938 0.407273 0.358197 0.323029 0.317716
threshold=-0.95026999883883378 -0.56076462507932401 1.2885009625778774 -0.80649847674524766 1.7540461710665773 -0.22665552344352072
decision_type=2 2 2 2 2 2
left_child=-1 -2 3 -3 -4 -5
right_child=1 2 4 5 -6 -7
leaf_value=-0.01151288784842037 0.013679979856633398 -0.013283859381755339 0.013187469018512407 0.010518179785240165 -0.006397699832239776 -0.0072633578570698082
leaf_weight=1.3269398223492341 3.5548985108180249 4.7305165634170434 3.6028283216874124 2.4728016458102529 0.96571331209270272 1.8602430398895995
leaf_count=766 554 916 265 522 174 527
internal_value=0.000982135 0.0035144 -0.00112588 -0.00666709 0.00815258 0.00303588
internal_weight=18.5139 17.187 13.6321 9.06356 4.56854 4.33304
internal_count=3724 2958 2404 1965 439 1049
is_linear=0
shrinkage=0.05


Tree=273
num_leaves=7
num_cat=0
split_feature=0 45 40 53 50 9
split_gain=0.449293 0.344772 0.439967 0.242989 0.262231 0.247138
threshold=-0.80006675278034944 1.0000000180025095e-35 -0.72436468697037804 2.7035734934262474 1.5077564978299012 1.4066791988903533
decision_type=2 2 2 2 2 2
left_child=-1 2 -2 4 5 -4
right_child=1 -3 3 -5 -6 -7
leaf_value=-0.01472920382645428 -0.008910536895402995 -0.0052902673051156077 0.018532733381637904 -0.0031951682263697567 -0.0052005217270870603 -0.0020136739928686381
leaf_weight=1.5554574432899269 1.0931604515499227 5.9734598728973642 6.4961706442991254 1.3693797176238147 0.27463736508798309 1.0837486897362394
leaf_count=669 513 1154 982 123 139 103
internal_value=-0.00068438 0.00273873 0.00753195 0.0111892 0.013887 0.0158571
internal_weight=17.846 16.2906 10.3171 9.22394 7.85456 7.57992
internal_count=3683 3014 1860 1347 1224 1085
is_linear=0
shrinkage=0.05


Tree=274
num_leaves=7
num_cat=0
split_feature=35 59 34 37 40 45
split_gain=0.467502 0.416949 0.519627 0.370143 0.414722 0.34964
threshold=-0.3090973170695363 1.0000000180025095e-35 -1.6834836478195172 0.53281454335453982 -0.34935704764322423 1.4400872290124738
decision_type=2 2 2 2 2 2
left_child=1 -1 -3 4 -2 -6
right_child=3 2 -4 -5 5 -7
leaf_value=0.0051682785082098085 -0.0051761414744707192 0.0051907824136664879 -0.021521808822877814 -0.0045010771765647542 0.01868675109457572 -0.0059429861747538277
leaf_weight=1.9296236929949371 1.677980228225352 1.1794606321200256 3.3676945429324436 4.6999082232214278 4.9434452263085378 0.29349354494479474
leaf_count=146 533 248 1054 1016 574 121
internal_value=-0.000942543 -0.00948339 -0.0152839 0.00478912 0.0105548 0.0156446
internal_weight=18.0916 6.47678 4.54716 11.6148 6.91492 5.23694
internal_count=3692 1448 1302 2244 1228 695
is_linear=0
shrinkage=0.05


Tree=275
num_leaves=7
num_cat=0
split_feature=32 15 12 41 37 40
split_gain=0.321651 0.545167 0.424559 0.402106 0.401462 0.350462
threshold=1.0272870418339799 -0.80649847674524766 -0.14004783642390869 0.25841221418655441 -0.74328007694689868 -0.013264650484294186
decision_type=2 2 2 2 2 2
left_child=1 4 -3 -4 -1 -2
right_child=5 2 3 -5 -6 -7
leaf_value=0.0027492602155457964 0.012637993824201235 -0.0079383823274560266 0.017787325096354403 -0.0059503786262321131 -0.019049422591448664 -0.0051040626914942277
leaf_weight=2.0290921341947978 3.8104592100426089 1.897690976533341 2.7116261899500391 0.86692088832205616 4.2301610810245629 2.5501341248746021
leaf_count=408 372 799 429 316 1086 278
internal_value=-0.0012541 -0.00571402 0.00468429 0.0119456 -0.0133817 0.00616866
internal_weight=18.0961 11.7355 5.47624 3.57855 6.25925 6.36059
internal_count=3688 3038 1544 745 1494 650
is_linear=0
shrinkage=0.05


Tree=276
num_leaves=7
num_cat=0
split_feature=53 53 44 44 1 1
split_gain=0.325235 0.402014 0.312094 0.305797 0.403432 0.288762
threshold=2.7035734934262474 -0.19340581382053751 0.23260876970270197 0.6211798123697887 0.91468652879011902 0.83142388567005365
decision_type=2 2 2 2 2 2
left_child=1 2 -1 4 -4 -5
right_child=-2 -3 3 5 -6 -7
leaf_value=-0.0077022747863387296 -0.010218199565545318 0.014094285328220622 0.016358768310461774 -0.012425726384638069 -0.0079558951991318787 0.0061496601977503824
leaf_weight=6.1335952789377206 2.6191167715587644 3.0844707000069311 3.3529396483645546 1.407497630818398 0.31665277201682318 1.4609110075980423
leaf_count=2191 278 204 352 405 94 137
internal_value=0.000383417 0.00349822 -0.00128534 0.00526379 0.0116258 -0.0046577
internal_weight=18.3752 15.7561 12.6716 6.538 3.66959 2.86841
internal_count=3661 3383 3179 988 446 542
is_linear=0
shrinkage=0.05


Tree=277
num_leaves=7
num_cat=0
split_feature=44 1 42 1 24 15
split_gain=0.280881 0.3876 0.475514 0.44421 0.312735 0.290097
threshold=0.72192817777079032 0.96780326920515369 -0.96379222567092582 -0.95755898642326998 1.8141562480906714 0.80329679500201812
decision_type=2 2 2 2 2 2
left_child=1 2 -1 -4 5 -5
right_child=-2 -3 3 4 -6 -7
leaf_value=-0.0067805485922445953 -0.0084071137896515272 -0.0077572402116608532 -0.0069309390370303238 0.020772223675228366 -0.005061891547382999 0.00023353862814545442
leaf_weight=2.4413963599363333 2.982675328385084 2.8264025665266663 0.99691770003118918 6.7406188292370643 0.49072403446189206 2.171302088208904
leaf_count=690 550 509 500 573 225 673
internal_value=0.00119078 0.00407543 0.00765574 0.0118041 0.0149865 0.0170873
internal_weight=18.65 15.6674 12.841 10.3996 9.40264 8.91192
internal_count=3720 3170 2661 1971 1471 1246
is_linear=0
shrinkage=0.05


Tree=278
num_leaves=7
num_cat=0
split_feature=42 31 61 33 29 37
split_gain=0.365478 0.425601 0.329022 0.259388 0.366783 0.337355
threshold=0.4097437656473823 -0.19991910984017527 -0.79443625523589878 -0.81468718654458594 -1.4343715257968681 2.1413543818381853
decision_type=2 2 2 2 2 2
left_child=1 -1 -3 -2 -5 -6
right_child=3 2 -4 4 5 -7
leaf_value=-0.0071084792681490143 0.0048476130473037839 -0.0023248551805326542 0.014950118755818368 0.0061275154946074575 -0.019533085952980939 0.0051258868220823203
leaf_weight=3.3068616482341904 1.2402459055592769 3.1179131620592671 5.007631608605152 0.6955390514776808 4.2296558798116157 0.40900035374215793
leaf_count=1058 83 576 647 96 1215 17
internal_value=-0.000946558 0.00420301 0.00948194 -0.00841238 -0.0121306 -0.0161996
internal_weight=18.0068 11.4324 8.12554 6.57444 5.3342 4.63866
internal_count=3692 2281 1223 1411 1328 1232
is_linear=0
shrinkage=0.05


Tree=279
num_leaves=7
num_cat=0
split_feature=9 39 6 6 39 0
split_gain=0.338745 0.496354 0.350822 0.328178 0.308945 0.24306
threshold=0.079193817990829099 -0.19807744865319579 0.98862337498302066 -0.77059276209578609 -1.0834585581949618 3.4248147118254688
decision_type=2 2 2 2 2 2
left_child=1 2 4 -2 -1 -5
right_child=3 -3 -4 5 -6 -7
leaf_value=-0.0038736613201233007 0.0024936759373333337 -0.0092616026827081321 -0.0064872861774793109 -0.014253836941191754 0.020775870661045429 0.005205750217711397
leaf_weight=0.56503398076165501 4.8784608347050389 1.3854182786599292 0.37953895736427501 6.7737426872045008 3.0390308441565144 0.34425407869275648
leaf_count=257 573 785 291 1338 455 9
internal_value=-0.00260938 0.00586883 0.012849 -0.00681879 0.0169072 -0.0120482
internal_weight=17.3655 5.36902 3.9836 11.9965 3.60406 7.118
internal_count=3708 1788 1003 1920 712 1347
is_linear=0
shrinkage=0.05


Tree=280
num_leaves=7
num_cat=0
split_feature=37 32 15 32 9 33
split_gain=0.351013 0.387297 0.425025 0.369692 0.372569 0.334371
threshold=-0.56076462507932401 1.0272870418339799 -0.80649847674524766 -1.2600208644198969 1.209120466820373 -0.81761668568375923
decision_type=2 2 2 2 2 2
left_child=3 2 5 -1 -5 -2
right_child=1 -3 -4 4 -6 -7
leaf_value=-0.0084347816261478251 0.0037886590964730047 0.0036876697410990001 0.0011848081092962221 0.017561606586909282 -0.0060395909056875996 -0.022676173688994095
leaf_weight=0.48030741287220724 0.54159806133247945 6.2230265165999299 4.0118018719149378 3.4672263564425547 0.59676884577493172 2.9374934019215297
leaf_count=364 23 683 1056 577 114 939
internal_value=-0.000771766 -0.00472077 -0.0107631 0.0082839 0.0130028 -0.0187097
internal_weight=18.2582 13.7139 7.49089 4.5443 4.064 3.47909
internal_count=3756 2701 2018 1055 691 962
is_linear=0
shrinkage=0.05


Tree=281
num_leaves=7
num_cat=0
split_feature=0 41 42 42 4 12
split_gain=0.383403 0.352857 0.32544 0.431698 0.307619 0.465264
threshold=-0.30805340314825497 1.1480574271824018 -1.2438128138693834 1.058811095435124 0.8288505578265889 0.61023881920827894
decision_type=2 2 2 2 2 2
left_child=4 2 -2 -4 5 -1
right_child=1 -3 3 -5 -6 -7
leaf_value=-0.018235850422171154 -0.0059739384988531409 -0.0071296711907803002 0.016847617294145342 -0.0024976018920628926 0.007408471753737148 0.0054633915825324673
leaf_weight=3.182590257725681 1.2445635202311667 1.9665462713310251 7.1778581972030207 3.0544104688015068 0.64411025223671448 1.4463394012418573
leaf_count=1219 340 468 902 544 117 158
internal_value=0.00157158 0.00581295 0.00904855 0.0118159 -0.0074284 -0.0115944
internal_weight=18.7164 13.4434 11.4768 10.2323 5.27304 4.62893
internal_count=3748 2254 1786 1446 1494 1377
is_linear=0
shrinkage=0.05


Tree=282
num_leaves=7
num_cat=0
split_feature=12 40 32 40 11 53
split_gain=0.338337 0.427852 0.398846 0.361854 0.291637 0.271767
threshold=-0.17744454427553938 -0.67684099483737203 1.2399030238348268 1.1817059989336709 -0.45145678649879362 2.7035734934262474
decision_type=2 2 2 2 2 2
left_child=2 -2 4 5 -1 -3
right_child=1 3 -4 -5 -6 -7
leaf_value=-0.016763950620745625 -0.0090511444640271471 0.015701624074694907 0.0065084818482267831 -0.007122627382315028 0.0025919157240232335 -0.0037649198679202225
leaf_weight=3.1402063825808 1.1363618028553908 8.0602379384799789 2.6557177470531315 0.68791840947233218 1.813272073050032 0.93644133780617345
leaf_count=860 568 1228 238 191 548 84
internal_value=0.00193598 0.00688352 -0.00505678 0.0104517 -0.0113735 0.0132406
internal_weight=18.4302 10.821 7.6092 9.6846 4.95348 8.99668
internal_count=3717 2071 1646 1503 1408 1312
is_linear=0
shrinkage=0.05


Tree=283
num_leaves=7
num_cat=0
split_feature=54 9 43 33 53 36
split_gain=0.349813 0.510864 0.462242 0.42345 0.29875 0.310836
threshold=-0.19936840856861313 0.88065723742913815 0.060622084125107119 -0.81468718654458594 2.1241772967557631 0.52514616296016448
decision_type=2 2 2 2 2 2
left_child=1 2 -1 -3 -2 -6
right_child=4 3 -4 -5 5 -7
leaf_value=-0.007956824272137451 0.012931595731312967 0.0031912743274069978 0.012283062028918081 -0.020688813915553179 -0.011348719105861015 0.0065538888362989614
leaf_weight=2.4496256373749947 3.5685916180227641 1.6421344086411407 3.1930067311186576 3.1745930532924831 1.7289311958593319 2.2005361160263419
leaf_count=1363 335 90 797 781 228 121
internal_value=-0.000709272 -0.00596041 0.00378442 -0.0144473 0.0062258 -0.00282613
internal_weight=17.9574 10.4594 5.64263 4.81673 7.49806 3.92947
internal_count=3715 3031 2160 871 684 349
is_linear=0
shrinkage=0.05


Tree=284
num_leaves=7
num_cat=0
split_feature=22 61 36 27 36 41
split_gain=0.323038 0.311155 0.305838 0.270222 0.276182 0.320387
threshold=-1.7900328811776716 1.2236362802024536 1.7950080809076829 1.7540461710665773 -0.82894306634150561 1.1480574271824018
decision_type=2 2 2 2 2 2
left_child=-1 2 3 4 -2 -6
right_child=1 -3 -4 -5 5 -7
leaf_value=-0.010771120344140957 -0.0034325296698347616 -0.0080807341868759167 -0.0062139876043998199 -0.0056893099603020402 0.015962021709796437 -0.0033293995327390823
leaf_weight=1.0749019308568701 1.6302793453869586 1.5163596465572471 1.6614881406421762 0.89891399134649042 10.663188953098137 1.466234517691192
leaf_count=678 781 405 213 158 1231 276
internal_value=0.00254632 0.00478414 0.00704862 0.00935218 0.0111773 0.0134323
internal_weight=18.9114 17.8365 16.3201 14.6586 13.7597 12.1294
internal_count=3742 3064 2659 2446 2288 1507
is_linear=0
shrinkage=0.05


Tree=285
num_leaves=7
num_cat=0
split_feature=39 33 7 12 45 42
split_gain=0.310078 0.324161 0.39796 0.450709 0.276185 0.321864
threshold=1.2971489927349398 1.0000000180025095e-35 -0.46087883235803279 0.61023881920827894 -0.6656729930294828 -1.1302968424630679
decision_type=2 2 2 2 2 2
left_child=1 2 3 -1 -4 -6
right_child=-2 -3 4 -5 5 -7
leaf_value=-0.013855630308544557 -0.011306179772164936 -0.0079493717770992792 -0.0049434435191798168 0.0084310071039879614 -0.0042839033188046436 0.015594220557268269
leaf_weight=2.1770368618308598 1.4425142697582476 2.4377817924105321 0.99477258692786819 1.4134528946306089 1.1307751659769589 8.6011823235021385
leaf_count=648 587 1078 335 133 175 740
internal_value=0.000730819 0.00332672 0.00629122 -0.00523804 0.0104517 0.0128194
internal_weight=18.1975 16.755 14.3172 3.59049 10.7267 9.73196
internal_count=3696 3109 2031 781 1250 915
is_linear=0
shrinkage=0.05


Tree=286
num_leaves=7
num_cat=0
split_feature=41 42 42 41 44 1
split_gain=0.293212 0.485052 0.405644 0.784028 0.30693 0.263028
threshold=-1.0839345500074311 -1.0806345128100685 0.96735920087668992 1.1480574271824018 0.21248203900981996 -0.9118511649734703
decision_type=2 2 2 2 2 2
left_child=-1 -2 3 -3 -4 -5
right_child=1 2 4 5 -6 -7
leaf_value=-0.011011890649027255 -0.010757607733562078 0.021609044782896596 -0.011755250337516544 0.0072555350727733911 0.0055867890131572288 -0.011258677699801477
leaf_weight=3.0091271958372117 2.712056057396695 4.0883542625815572 2.0362687328088214 0.56345274833438486 2.5842670558777172 2.0825565045815893
leaf_count=831 771 416 692 147 298 544
internal_value=-0.00168459 0.00189559 0.00653435 0.0125128 -0.00367487 -0.0055558
internal_weight=17.0761 14.067 11.3549 6.73436 4.62054 2.64601
internal_count=3699 2868 2097 1107 990 691
is_linear=0
shrinkage=0.05


Tree=287
num_leaves=7
num_cat=0
split_feature=33 43 27 42 0 43
split_gain=0.273082 0.234907 0.310122 0.231951 0.309066 0.229066
threshold=-0.019113969563298416 0.071473840613513681 0.80019463616387132 1.1508367431439801 -0.80006675278034944 -0.59181599701212251
decision_type=2 2 2 2 2 2
left_child=1 2 -1 4 -3 -2
right_child=5 3 -4 -5 -6 -7
leaf_value=-0.0096830531366415458 0.00359623897545932 -0.0068861406961108268 0.0063746606584132968 -0.0048802955782517926 0.012983808380335457 -0.01509608792575628
leaf_weight=4.0994275472839972 1.0749310976971176 0.44719385041389603 2.544691584436805 1.3927595374843802 7.1201362941646931 1.6203021910405357
leaf_count=1295 286 129 253 215 658 875
internal_value=-0.000106603 0.00283933 -0.00346311 0.00720915 0.010188 -0.00967371
internal_weight=18.2994 15.6042 6.64412 8.96009 7.56733 2.69523
internal_count=3711 2550 1548 1002 787 1161
is_linear=0
shrinkage=0.05


Tree=288
num_leaves=7
num_cat=0
split_feature=7 12 15 45 45 43
split_gain=0.303339 0.489703 0.418086 0.298843 0.276281 0.272362
threshold=-0.41954014028619396 0.15503034019078829 0.80329679500201812 -0.72548612918283728 -0.14387499869609668 0.45812495037917345
decision_type=2 2 2 2 2 2
left_child=1 -1 3 -2 5 -5
right_child=2 -3 -4 4 -6 -7
leaf_value=-0.018758457021938048 -0.0077366945550657725 0.0046408990067523248 -0.0067466083350358995 0.019963331150062227 0.00051222399699707584 -0.0038346041937156287
leaf_weight=1.9392125208542008 0.38187734615348645 2.3607518828066532 4.5818393888766868 3.8004385888780225 4.2439103491778942 0.4283912306127603
leaf_count=756 212 363 1439 362 539 67
internal_value=-0.000904986 -0.00928406 0.00298161 0.00844893 0.0110107 0.0169617
internal_weight=17.7364 4.29996 13.4365 8.85462 8.47274 4.22883
internal_count=3738 1119 2619 1180 968 429
is_linear=0
shrinkage=0.05


Tree=289
num_leaves=7
num_cat=0
split_feature=59 30 35 6 44 26
split_gain=0.294677 0.328362 0.413423 0.407125 0.275825 0.260917
threshold=1.0000000180025095e-35 0.27747189460429283 0.92495957071113366 -0.4325023644161457 0.36767686086032275 -0.089892443582926487
decision_type=2 2 2 2 2 2
left_child=4 3 -3 5 -1 -2
right_child=1 2 -4 -5 -6 -7
leaf_value=0.011036455082708759 -0.010300533981914496 0.011681344639070253 -0.010029273596628861 -0.019455782697989227 -0.0064216146317710669 0.0050596437149206322
leaf_weight=4.7536918642581449 1.2348084076074881 3.153102354408476 0.69196590022329463 2.2421267309400701 0.94292577027226787 4.9741475113114575
leaf_count=389 475 692 530 900 118 610
internal_value=-0.000484073 -0.00460347 0.00509108 -0.0091925 0.00692836 -0.000355572
internal_weight=17.9928 12.2962 3.84507 8.45108 5.69662 6.20896
internal_count=3714 3207 1222 1985 507 1085
is_linear=0
shrinkage=0.05


Tree=290
num_leaves=7
num_cat=0
split_feature=42 32 33 61 43 41
split_gain=0.287765 0.339618 0.47427 0.308062 0.431372 0.259411
threshold=-0.79330038761825461 1.3207560905559583 -0.75541359606745617 -0.88896047374810316 0.66812453038591857 -1.3136035128902872
decision_type=2 2 2 2 2 2
left_child=1 2 -1 -2 5 -5
right_child=3 -3 -4 4 -6 -7
leaf_value=0.0041261643697127004 -0.0053849913538119238 0.0058623795754104459 -0.022148077234176996 -0.0031898825293688034 -0.0078839125365661126 0.015100868601935949
leaf_weight=1.4400365577603222 4.1758562690520202 1.2527197503368368 1.7426518340944341 1.2842296435264868 1.3276222548156509 6.5731234257473226
leaf_count=171 806 119 811 305 262 1259
internal_value=-0.000175679 -0.00831013 -0.0140263 0.00355335 0.00794238 0.012056
internal_weight=17.7962 4.43541 3.18269 13.3608 9.18498 7.85735
internal_count=3733 1101 982 2632 1826 1564
is_linear=0
shrinkage=0.05


Tree=291
num_leaves=7
num_cat=0
split_feature=6 7 7 0 14 32
split_gain=0.39316 0.752766 0.264294 0.247399 0.271802 0.242216
threshold=-0.77059276209578609 0.7951814267478382 0.9700758932056176 3.4248147118254688 1.0000000180025095e-35 -1.1218483784791893
decision_type=2 2 2 2 2 2
left_child=5 3 -3 4 -2 -1
right_child=1 2 -4 -5 -6 -7
leaf_value=-0.007364457559754488 -0.019068116181409519 0.014744329599595785 -0.0039408277203064222 0.0045960186797701624 0.0031201218332333729 0.0091761748354227089
leaf_weight=0.49413138371892262 6.3818142272430105 1.6454526672605427 1.5014965869777368 0.30980859231203783 0.72621551154588804 5.8706061237753628
leaf_count=363 1862 159 538 7 209 604
internal_value=-0.00228982 -0.00746793 0.00825685 -0.0145957 -0.016548 0.0059442
internal_weight=16.9295 10.5648 3.14695 7.41784 7.10803 6.36474
internal_count=3742 2775 697 2078 2071 967
is_linear=0
shrinkage=0.05


Tree=292
num_leaves=7
num_cat=0
split_feature=28 29 44 40 39 6
split_gain=0.307007 0.322205 0.270071 0.334074 0.313109 0.306775
threshold=0.56704063937301707 0.35596889076010813 0.6211798123697887 -0.67684099483737203 0.30877897215634159 -1.1316045426689614
decision_type=2 2 2 2 2 2
left_child=1 2 3 -1 -5 -6
right_child=-2 -3 -4 4 5 -7
leaf_value=-0.0099706558625275287 0.0092655665239439085 -0.015197790201934909 -0.010113062217130308 0.012546397225487499 0.0071806645309706865 -0.010405933339222732
leaf_weight=1.0355349125165947 1.9742579118974379 2.3236859156459095 2.1471461418404933 5.3597306995361595 1.8943131452542705 2.2371264065004675
leaf_count=550 597 1020 307 490 188 556
internal_value=-0.00208181 -0.00487105 -0.000431203 0.00334855 0.00684738 -0.00271373
internal_weight=16.9718 14.9975 12.6739 10.5267 9.49117 4.13144
internal_count=3708 3111 2091 1784 1234 744
is_linear=0
shrinkage=0.05


Tree=293
num_leaves=7
num_cat=0
split_feature=28 6 37 4 12 56
split_gain=0.239155 0.355312 0.396509 0.264194 0.457096 0.253411
threshold=0.62897757823200162 -0.073393058623133819 2.1413543818381853 -0.44462775036537072 0.33660045937605937 1.2512712487917492
decision_type=2 2 2 2 2 2
left_child=1 3 5 4 -1 -3
right_child=-2 2 -4 -5 -6 -7
leaf_value=-0.01140754219300176 0.0078126202602765565 -0.020245899350593816 0.0064809870506332334 0.0082275190218180742 0.008871098428712627 0.0024563677356877894
leaf_weight=4.5028770099597741 1.7600574215830409 3.770444568923268 0.64147482300177205 3.91144002294459 1.7316569839604197 0.77552667475538317
leaf_count=1102 554 1449 33 353 161 84
internal_value=-0.00267555 -0.00496087 -0.0127267 0.00100788 -0.00472297 -0.0169361
internal_weight=17.0935 15.3334 5.18745 10.146 6.23453 4.54597
internal_count=3736 3182 1566 1616 1263 1533
is_linear=0
shrinkage=0.05


Tree=294
num_leaves=7
num_cat=0
split_feature=42 42 60 41 41 36
split_gain=0.342457 0.435593 0.406598 0.39047 0.637658 0.328838
threshold=-1.0806345128100685 1.1440896966029392 1.1403004181098553 -1.1235427855594671 0.90892393010612871 0.92777268732896923
decision_type=2 2 2 2 2 2
left_child=2 3 -1 5 -5 -2
right_child=1 -3 -4 4 -6 -7
leaf_value=-0.020331423694078043 -0.013360187969717375 -0.01041803989735627 0.005157009689955569 0.021015635385917903 -0.0018178332796278944 0.0064272744477660562
leaf_weight=1.5143845572747552 1.7737831631675356 2.8863482783563077 0.8864738683332688 3.3670168766257103 5.046437374301604 1.348836522811325
leaf_count=727 668 725 44 346 1046 122
internal_value=-0.00250782 0.00126436 -0.0132833 0.00573417 0.010442 -0.00585166
internal_weight=16.8233 14.4224 2.40086 11.5361 8.41345 3.12262
internal_count=3678 2907 771 2182 1392 790
is_linear=0
shrinkage=0.05


Tree=295
num_leaves=7
num_cat=0
split_feature=37 42 27 33 61 61
split_gain=0.355568 0.43713 0.384688 0.264299 0.229191 0.291376
threshold=0.61000522470536278 1.058811095435124 -0.95026999883883378 -0.48405675684870741 -0.79443625523589878 1.0650543268307386
decision_type=2 2 2 2 2 2
left_child=1 2 -1 -2 -4 -6
right_child=3 -3 4 -5 5 -7
leaf_value=-0.0093349401377900935 0.003310609957392208 -0.0096866065742668844 4.7147276007703354e-05 -0.016149261220630051 0.01756629865008982 -0.0041058695800021095
leaf_weight=0.70985660246515081 1.2706282563158313 2.6480567323596906 3.9994001556333378 2.6292888321986529 5.2330385103632606 0.70266565066413011
leaf_count=515 135 689 644 893 719 164
internal_value=-0.00180067 0.00248018 0.00697108 -0.0111263 0.0100309 0.0144836
internal_weight=17.1929 13.293 10.645 3.89992 9.9351 5.9357
internal_count=3759 2731 2042 1028 1527 883
is_linear=0
shrinkage=0.05


Tree=296
num_leaves=7
num_cat=0
split_feature=59 12 9 43 45 29
split_gain=0.38413 0.477001 0.353124 0.444152 0.247953 0.194493
threshold=1.0000000180025095e-35 0.043596758799168127 -0.081663276755592054 1.1392443822436078 0.091244394479394267 -1.9638123567816335
decision_type=2 2 2 2 2 2
left_child=4 2 -2 5 -1 -4
right_child=1 -3 3 -5 -6 -7
leaf_value=0.0082791445082911891 0.0016950892580498663 0.0048376526164015561 0.002265962593209961 0.0032770279470754043 -0.0076650273725328557 -0.024950033053952634
leaf_weight=4.5282034941774336 2.0133974257551017 2.5217894797460767 0.20295982995594375 1.0995556967100126 0.8965607463615014 4.9064365936210361
leaf_count=410 1124 575 31 110 110 1381
internal_value=-0.00568124 -0.0102853 -0.0149769 -0.0191741 0.00385291 -0.0234306
internal_weight=16.1689 10.7441 8.22235 6.20895 5.42476 5.1094
internal_count=3741 3221 2646 1522 520 1412
is_linear=0
shrinkage=0.05


Tree=297
num_leaves=7
num_cat=0
split_feature=39 39 37 27 28 3
split_gain=0.321481 0.325899 0.320902 0.302823 0.282581 0.278994
threshold=-0.1452349707390099 -1.3735529777646758 -0.74328007694689868 1.6689881685357555 0.90717615363765181 -0.72863847233877965
decision_type=2 2 2 2 2 2
left_child=1 -1 -2 4 -3 -4
right_child=2 3 5 -5 -6 -7
leaf_value=-0.010470269580994715 0.0040526545197232811 0.013237949755257127 0.0017299612926141789 -0.0075981808311842416 -0.0064185158385320811 -0.017544875654471753
leaf_weight=0.62453944373555703 2.2183663915056968 6.4613157106068702 1.8489312465098917 0.66930211806902651 0.37583417131099839 4.3849914977909048
leaf_count=275 567 1018 216 151 271 1188
internal_value=-0.00318034 0.00339149 -0.00873468 0.00720515 0.0105295 -0.0131234
internal_weight=16.5833 8.13099 8.45229 7.50645 6.83715 6.23392
internal_count=3686 1715 1971 1440 1289 1404
is_linear=0
shrinkage=0.05


Tree=298
num_leaves=7
num_cat=0
split_feature=12 42 40 26 24 60
split_gain=0.334528 0.324425 0.331611 0.301078 0.291393 0.262447
threshold=-0.23319341449770728 -0.38565240559233854 -0.23393966228766974 2.9162625786212097 1.8141562480906714 3.7569182112422257
decision_type=2 2 2 2 2 2
left_child=3 -2 4 5 -3 -1
right_child=1 2 -4 -5 -6 -7
leaf_value=-0.019281746891020635 -0.0054291995414629552 0.016374990951060955 -0.0029268724505019474 0.0049857009220452874 -0.0056360063307284592 0.0034510630398642741
leaf_weight=2.2859956998872839 4.7888693013374004 4.9578238890244393 3.442933871672718 0.99633851280668739 0.30285179750353552 0.62557873409241427
leaf_count=953 1110 690 646 65 222 39
internal_value=-0.000928274 0.003065 0.00793232 -0.010059 0.0135212 -0.0151248
internal_weight=17.4004 13.4925 8.70361 3.90791 5.26068 2.91157
internal_count=3725 2668 1558 1057 912 992
is_linear=0
shrinkage=0.05


Tree=299
num_leaves=7
num_cat=0
split_feature=41 37 41 42 42 32
split_gain=0.31708 0.317259 0.27792 0.427277 0.607823 0.337037
threshold=0.69006357727847656 -0.79669923359106687 -1.1235427855594671 -1.2438128138693834 1.3029757430812479 1.0474086293319229
decision_type=2 2 2 2 2 2
left_child=2 -2 5 -4 -5 -1
right_child=1 -3 3 4 -6 -7
leaf_value=-0.012730492089268092 0.0064762446235034563 -0.012344451467096838 -0.0066509040661769901 0.019890741219993166 -0.004482950862064918 0.0068967733305117969
leaf_weight=1.9524801769875932 1.0313076513702979 4.4592585495702215 1.7926987317041492 4.7661298900929978 2.4255570174282184 1.3932776332658248
leaf_count=679 222 1037 546 571 562 127
internal_value=-2.13727e-05 -0.00777012 0.00427444 0.00820032 0.0127704 -0.00516062
internal_weight=17.8207 5.49057 12.3301 8.98439 7.19169 3.34576
internal_count=3744 1259 2485 1679 1133 806
is_linear=0
shrinkage=0.05


end of trees

feature_importances:
Column_12=112
Column_42=106
Column_33=94
Column_41=85
Column_32=76
Column_39=71
Column_40=69
Column_37=67
Column_29=63
Column_34=57
Column_27=55
Column_61=52
Column_11=51
Column_36=47
Column_62=46
Column_1=44
Column_43=44
Column_0=41
Column_44=40
Column_53=39
Column_6=38
Column_45=38
Column_31=37
Column_15=34
Column_60=34
Column_35=31
Column_4=29
Column_59=28
Column_9=27
Column_28=25
Column_7=24
Column_3=19
Column_14=18
Column_54=15
Column_16=14
Column_47=14
Column_55=14
Column_49=13
Column_2=12
Column_22=11
Column_26=11
Column_10=10
Column_38=10
Column_56=9
Column_50=7
Column_8=5
Column_30=4
Column_24=3
Column_48=3
Column_46=2
Column_5=1
Column_17=1

parameters:
[boosting: gbdt]
[objective: binary]
[metric: binary_logloss]
[tree_learner: serial]
[device_type: cpu]
[data_sample_strategy: bagging]
[data: ]
[valid: ]
[num_iterations: 300]
[learning_rate: 0.05]
[num_leaves: 7]
[num_threads: 4]
[seed: 1]
[deterministic: 0]
[force_col_wise: 0]
[force_row_wise: 0]
[histogram_pool_size: -1]
[max_depth: -1]
[min_data_in_leaf: 30]
[min_sum_hessian_in_leaf: 0.001]
[bagging_fraction: 0.8]
[pos_bagging_fraction: 1]
[neg_bagging_fraction: 1]
[bagging_freq: 1]
[bagging_seed: 18467]
[bagging_by_query: 0]
[feature_fraction: 0.7]
[feature_fraction_bynode: 1]
[feature_fraction_seed: 26500]
[extra_trees: 0]
[extra_seed: 15724]
[early_stopping_round: 0]
[early_stopping_min_delta: 0]
[first_metric_only: 0]
[max_delta_step: 0]
[lambda_l1: 0]
[lambda_l2: 3]
[linear_lambda: 0]
[min_gain_to_split: 0]
[drop_rate: 0.1]
[max_drop: 50]
[skip_drop: 0.5]
[xgboost_dart_mode: 0]
[uniform_drop: 0]
[drop_seed: 6334]
[top_rate: 0.2]
[other_rate: 0.1]
[min_data_per_group: 100]
[max_cat_threshold: 32]
[cat_l2: 10]
[cat_smooth: 10]
[max_cat_to_onehot: 4]
[top_k: 20]
[monotone_constraints: ]
[monotone_constraints_method: basic]
[monotone_penalty: 0]
[feature_contri: ]
[forcedsplits_filename: ]
[refit_decay_rate: 0.9]
[cegb_tradeoff: 1]
[cegb_penalty_split: 0]
[cegb_penalty_feature_lazy: ]
[cegb_penalty_feature_coupled: ]
[path_smooth: 0]
[interaction_constraints: ]
[verbosity: -1]
[saved_feature_importance_type: 0]
[use_quantized_grad: 0]
[num_grad_quant_bins: 4]
[quant_train_renew_leaf: 0]
[stochastic_rounding: 1]
[linear_tree: 0]
[max_bin: 255]
[max_bin_by_feature: ]
[min_data_in_bin: 3]
[bin_construct_sample_cnt: 200000]
[data_random_seed: 41]
[is_enable_sparse: 1]
[enable_bundle: 1]
[use_missing: 1]
[zero_as_missing: 0]
[feature_pre_filter: 1]
[pre_partition: 0]
[two_round: 0]
[header: 0]
[label_column: ]
[weight_column: ]
[group_column: ]
[ignore_column: ]
[categorical_feature: ]
[forcedbins_filename: ]
[precise_float_parser: 0]
[parser_config_file: ]
[objective_seed: 19169]
[num_class: 1]
[is_unbalance: 0]
[scale_pos_weight: 1]
[sigmoid: 1]
[boost_from_average: 1]
[reg_sqrt: 0]
[alpha: 0.9]
[fair_c: 1]
[poisson_max_delta_step: 0.7]
[tweedie_variance_power: 1.5]
[lambdarank_truncation_level: 30]
[lambdarank_norm: 1]
[label_gain: ]
[lambdarank_position_bias_regularization: 0]
[eval_at: ]
[multi_error_top_k: 1]
[auc_mu_weights: ]
[num_machines: 1]
[local_listen_port: 12400]
[time_out: 120]
[machine_list_filename: ]
[machines: ]
[gpu_platform_id: -1]
[gpu_device_id: -1]
[gpu_device_id_list: ]
[gpu_use_dp: 0]
[num_gpu: 1]

end of parameters

pandas_categorical:null
