group,lat,lon,year,cycle,score_mlp
presence,62.720135,28.997909,2026.0,2023,0.8610822757085165
presence,65.514512,29.343227,2026.0,2023,0.8772300084431967
presence,64.625395,29.697382,2026.0,2023,0.7026435931523641
presence,61.071513,22.048989,2026.0,2023,0.6380309263865153
presence,68.966095,27.003345,2025.0,2023,0.6051518321037292
presence,68.466551,28.465853,2025.0,2023,0.9581327438354492
presence,68.128505,28.477306,2025.0,2023,0.7740037242571512
presence,68.421437,28.396171,2025.0,2023,0.7717550198237101
presence,69.195739,27.878549,2025.0,2023,0.9882736603418986
presence,68.308578,28.005396,2025.0,2023,0.2694634050130844
presence,68.308578,28.005396,2025.0,2023,0.2694634050130844
presence,68.308578,28.005396,2025.0,2023,0.2694634050130844
presence,69.195548,27.880851,2025.0,2023,0.9937044382095337
presence,65.114456,25.640388,2024.0,2023,0.8680887222290039
presence,65.153615,25.241415,2024.0,2023,0.9883661468823751
presence,65.15874,25.446694,2024.0,2023,0.5948074360688528
presence,66.471109,25.85725,2024.0,2023,0.8857450286547343
presence,64.600457,26.47871,2024.0,2023,0.9949739774068197
presence,66.257046,26.035752,2024.0,2023,0.9400640328725179
presence,61.178607,28.365914,2024.0,2023,0.5889491637547811
presence,66.53989,25.50549,2024.0,2023,0.5725843707720438
presence,62.796909,29.564842,2023.0,2023,0.7774932185808817
presence,61.312901,23.417445,2023.0,2023,0.28684189915657043
presence,65.147295,25.286319,2023.0,2023,0.9140540957450867
presence,66.500553,25.758758,2023.0,2023,0.854029655456543
presence,59.992641,24.449354,2023.0,2023,0.010571207773561278
presence,61.178489,28.365735,2023.0,2023,0.6265891393025717
presence,64.205882,29.179715,2023.0,2023,0.8864444891611735
presence,62.044518,24.848276,2023.0,2023,0.9307493766148885
presence,60.29257,24.501465,2023.0,2023,0.23905164996782938
presence,66.500983,25.761039,2023.0,2023,0.7013550599416097
presence,66.500721,25.767725,2023.0,2023,0.7871610124905905
presence,59.82941,23.03314,2023.0,2023,0.3724520007769267
presence,61.74856,25.19531,2023.0,2023,0.16280465573072433
presence,66.002045,28.326792,2022.0,2021,0.9151680668195089
presence,66.473553,25.860447,2022.0,2021,0.9818672140439352
presence,64.800908,25.289505,2022.0,2021,0.4579196075598399
presence,66.290847,27.193143,2022.0,2021,0.6496467391649882
presence,68.709326,27.274347,2022.0,2021,0.4216432919104894
presence,68.710027,27.273368,2022.0,2021,0.5988590021928152
presence,68.70673,27.28226,2022.0,2021,0.7601770559946696
presence,68.706199,27.283043,2022.0,2021,0.7778899868329366
presence,68.70206,27.27485,2022.0,2021,0.6424527168273926
presence,68.706128,27.28287,2022.0,2021,0.7778899868329366
presence,68.698494,27.289063,2022.0,2021,0.7816178599993387
presence,68.69923,27.294006,2022.0,2021,0.7666533986727396
presence,68.455388,28.415464,2022.0,2021,0.9670889178911845
presence,68.45241,28.427351,2022.0,2021,0.9691943526268005
presence,68.457075,28.451169,2022.0,2021,0.977254331111908
presence,68.456069,28.418349,2022.0,2021,0.9675042033195496
presence,68.45257,28.422259,2022.0,2021,0.9769066373507181
presence,68.454254,28.403738,2022.0,2021,0.9472343722979227
presence,68.761187,27.286741,2022.0,2021,0.11799129595359166
presence,68.896304,26.965222,2022.0,2021,0.8634772896766663
presence,65.29759,28.421043,2021.0,2021,0.1136261597275734
presence,66.612928,26.324151,2021.0,2021,0.36141830186049145
presence,63.34409,23.370234,2021.0,2021,0.6592971881230673
presence,60.348612,25.880321,2021.0,2021,0.26772090295950574
presence,65.29759,28.421043,2021.0,2021,0.07463927815357844
presence,64.137812,28.30137,2021.0,2021,0.8353662490844727
presence,60.285835,25.20057,2020.0,2019,0.3912726839383443
presence,60.615453,24.830894,2020.0,2019,0.3347717896103859
presence,65.161838,25.300031,2020.0,2019,0.9706363081932068
presence,64.608195,26.470607,2020.0,2019,0.982820451259613
presence,64.605137,26.489836,2020.0,2019,0.9890137910842896
presence,61.765044,29.385568,2020.0,2019,0.26624661187330884
presence,68.590135,27.55956,2020.0,2019,0.8251063823699951
presence,66.4996,25.760908,2020.0,2019,0.76641845703125
presence,66.46029,25.802411,2020.0,2019,0.10729959607124329
presence,66.325541,26.230054,2020.0,2019,0.828926682472229
presence,60.637136,24.744766,2020.0,2019,0.19306921462217966
presence,64.18277,29.220636,2020.0,2019,0.8789502382278442
presence,63.998852,28.779969,2020.0,2019,0.9365058739980062
presence,63.275163,27.463617,2020.0,2019,0.9538400967915853
presence,67.742542,24.089976,2020.0,2019,0.4151911238829295
presence,64.451392,26.791578,2020.0,2019,0.9852719108263651
presence,62.657545,29.67942,2020.0,2019,0.8341132998466492
presence,66.368746,29.29534,2020.0,2019,0.8817517360051473
presence,60.941964,25.76445,2020.0,2019,0.16096097230911255
presence,65.442985,29.596713,2020.0,2019,0.7815089027086893
presence,62.656283,29.6814,2020.0,2019,0.8874372243881226
presence,67.004321,27.226094,2020.0,2019,0.9634302059809366
presence,62.705957,29.745996,2020.0,2019,0.052949885527292885
presence,61.292289,22.152113,2019.0,2019,0.8447216351826986
presence,61.2597,27.711698,2019.0,2019,0.0911401907602946
presence,61.259655,27.711807,2019.0,2019,0.04193939765294393
presence,60.642223,22.826288,2019.0,2019,0.3401753604412079
presence,60.483669,22.105114,2019.0,2019,0.7695467472076416
presence,69.149748,27.216612,2018.0,2017,0.9505477746327718
presence,69.155197,27.225507,2018.0,2017,0.9295569856961569
presence,69.002476,26.996377,2018.0,2017,0.7359253366788229
presence,69.145936,27.215646,2018.0,2017,0.9321732322374979
presence,66.501114,25.763024,2018.0,2017,0.14914424220720926
presence,69.146893,27.21057,2018.0,2017,0.9868201613426208
presence,62.699458,29.728109,2018.0,2017,0.8430161476135254
presence,66.473085,25.695183,2018.0,2017,0.08565555016199748
presence,65.009696,27.459829,2018.0,2017,0.9502930641174316
presence,62.080845,27.385235,2018.0,2017,0.18105627596378326
presence,69.14708,27.211058,2018.0,2017,0.9892179171244303
presence,61.690905,25.018425,2017.0,2017,0.1983261095980803
presence,64.373649,27.123216,2017.0,2017,0.9689209262530009
presence,62.450383,28.76725,2017.0,2017,0.058945794900258384
presence,66.501479,25.760519,2017.0,2017,0.6170174280802408
presence,66.369252,29.306209,2016.0,2015,0.825863242149353
presence,66.261681,29.436613,2016.0,2015,0.36461007595062256
presence,66.4996,25.760908,2016.0,2015,0.7784359653790792
presence,62.613711,29.723008,2016.0,2015,0.7408141096433004
presence,67.860164,23.536187,2016.0,2015,0.30127275983492535
presence,67.980908,23.733431,2016.0,2015,0.3081957995891571
presence,61.293814,26.427868,2016.0,2015,0.6002227663993835
presence,68.420276,26.860277,2016.0,2015,0.8509357968966166
presence,66.850011,24.745657,2014.0,2013,0.9460258086522421
presence,68.642171,27.78895,2014.0,2013,0.5270619789759318
presence,65.420935,29.718292,2014.0,2013,0.7857421239217123
presence,65.424298,29.703999,2014.0,2013,0.9010865290959676
presence,65.444679,29.642052,2014.0,2013,0.8480603496233622
presence,65.421569,29.706456,2014.0,2013,0.8767424623171488
presence,65.407548,29.673999,2014.0,2013,0.9351923863093058
presence,65.410597,29.674676,2014.0,2013,0.9200272957483927
presence,65.421064,29.699051,2014.0,2013,0.8759850064913431
presence,64.792604,29.056074,2014.0,2013,0.9000112613042196
presence,64.79671,29.048982,2014.0,2013,0.9596723516782125
presence,65.44622,29.662753,2014.0,2013,0.7369144757588705
presence,65.44366,29.705307,2014.0,2013,0.8564611872037252
presence,65.442253,29.695624,2014.0,2013,0.9455179373423258
presence,65.441593,29.654213,2014.0,2013,0.7957800030708313
presence,65.44116,29.698489,2014.0,2013,0.9548508326212565
presence,65.442009,29.688133,2014.0,2013,0.6716579993565878
presence,65.466755,29.503307,2013.0,2013,0.9211136698722839
presence,66.501639,25.765452,2013.0,2013,0.8219179511070251
presence,65.151344,25.237419,2013.0,2013,0.9765774011611938
presence,62.844903,27.688415,2011.0,2011,0.4118345578511556
presence,67.177454,26.183718,2010.0,2009,0.937831699848175
presence,66.754698,25.341036,2010.0,2009,0.9071510831514994
presence,68.882898,27.107584,2009.0,2009,0.9167603850364685
presence,68.879753,27.121256,2009.0,2009,0.5222811003526052
presence,62.796779,29.564382,2007.0,2009,0.7872704664866129
presence,68.528396,27.192682,2007.0,2009,0.8572152058283488
presence,68.535614,27.178296,2007.0,2009,0.9660138686498007
presence,68.62204,26.078142,2007.0,2009,0.7279024124145508
presence,68.728416,26.268311,2007.0,2009,0.15006862580776215
presence,66.373564,29.287597,2007.0,2009,0.6277583638827006
presence,66.759354,28.551246,2005.0,2009,0.5775718887646993
presence,60.332285,24.670373,2005.0,2009,0.8008296688397726
presence,60.857805,25.790527,2004.0,2009,0.3136659860610962
presence,60.365797,25.864293,2004.0,2009,0.31534674266974133
presence,59.947236,23.856027,2004.0,2009,0.5250178774197897
presence,65.220263,25.874172,2003.0,2009,0.8450556000073751
presence,66.932491,24.081438,2001.0,2009,0.6437519788742065
presence,66.088022,27.671373,2001.0,2009,0.5763234297434489
presence,66.088022,27.671373,2001.0,2009,0.5763234297434489
presence,63.812495,28.248201,2001.0,2009,0.30750755469004315
presence,60.206154,23.523527,2000.0,2009,0.06784515393277009
presence,63.268237,27.464655,2000.0,2009,0.8114588856697083
presence,61.39143,27.792106,1998.0,2009,0.34923967719078064
presence,62.560261,28.581363,1998.0,2009,0.14050683627525964
presence,62.4212,25.0709,1998.0,2009,0.7717933257420858
presence,64.954701,26.541391,1998.0,2009,0.8007180293401083
presence,67.6851,24.837,1997.0,2009,0.426520437002182
presence,67.685142,24.837002,1997.0,2009,0.3954634169737498
presence,65.574926,28.588723,1997.0,2009,0.9013730684916178
presence,65.207567,25.916375,1997.0,2009,0.9372487664222717
presence,65.574926,28.588723,1997.0,2009,0.9078835050264994
presence,60.30277,24.527718,1996.0,2009,0.7818539341290792
presence,62.472173,29.273829,1994.0,2009,0.5661524732907613
presence,67.133634,27.560806,1994.0,2009,0.7214096188545227
presence,67.142601,27.561014,1994.0,2009,0.8465894460678101
presence,61.247166,27.900242,1994.0,2009,0.968083381652832
presence,68.882927,26.958416,1993.0,2009,0.8102347056070963
presence,60.332601,24.688461,1993.0,2009,0.6220588286717733
presence,62.285177,28.277888,1993.0,2009,0.21078128616015115
presence,66.380821,26.582527,1992.0,2009,0.9261322021484375
presence,60.492032,22.236898,1992.0,2009,0.9168549180030823
presence,61.272704,22.193549,1992.0,2009,0.8838910063107809
presence,66.373234,29.30993,1991.0,2009,0.7573239008585612
presence,68.913025,28.402386,1990.0,2009,0.6882273356119791
presence,60.115964,22.813775,1990.0,2009,0.7870055039723715
presence,60.96447,22.647062,1990.0,2009,0.9661163886388143
presence,60.30277,24.527718,1989.0,2009,0.5097417136033376
presence,63.539996,30.124084,1988.0,2009,0.9664034644762675
presence,67.509438,23.790268,1988.0,2009,0.9294784665107727
presence,67.596911,23.833676,1988.0,2009,0.6403508683045706
presence,64.684437,26.252648,1988.0,2009,0.9367727438608805
presence,64.836815,25.194799,1988.0,2009,0.9459526936213175
presence,64.51374,27.798004,1988.0,2009,0.31986792882283527
presence,67.376677,26.8912,1988.0,2009,0.8756131728490194
presence,67.417278,28.173986,1988.0,2009,0.8616631031036377
presence,67.466287,27.171275,1988.0,2009,0.9508695205052694
presence,66.342887,29.530516,1988.0,2009,0.26060890158017475
presence,62.703535,29.761704,1988.0,2009,0.45213210582733154
presence,67.869617,26.72246,1988.0,2009,0.24324221909046173
presence,68.72096,27.452342,1988.0,2009,0.9330077171325684
presence,68.344715,27.323494,1988.0,2009,0.6648432413736979
presence,69.062152,27.158591,1988.0,2009,0.5337845981121063
presence,68.851078,28.299145,1988.0,2009,0.904568612575531
presence,69.300784,28.097971,1988.0,2009,0.8952459891637167
presence,68.829007,26.78491,1988.0,2009,0.9943017363548279
presence,60.210756,22.25344,1988.0,2009,0.5510641038417816
presence,60.42729,24.990499,1988.0,2009,0.6881806254386902
presence,60.457309,25.206776,1988.0,2009,0.36286070942878723
presence,61.201312,25.127407,1988.0,2009,0.8574963410695394
presence,63.028724,28.409105,1988.0,2009,0.6756778160730997
presence,63.893998,23.646202,1986.0,2009,0.6431621710459391
presence,66.373234,29.30993,1984.0,2009,0.5389953851699829
presence,63.79692,23.007674,1981.0,2009,0.9507452050844828
presence,64.439964,25.034029,1981.0,2009,0.9506763418515524
presence,66.373234,29.30993,1981.0,2009,0.6587238311767578
presence,65.403541,27.308382,1981.0,2009,0.9466814398765564
presence,66.373234,29.30993,1981.0,2009,0.7782667279243469
presence,66.291565,27.207815,1981.0,2009,0.7042938868204752
presence,66.373564,29.287597,1979.0,2009,0.8169524669647217
presence,66.373234,29.30993,1979.0,2009,0.7357229391733805
presence,66.363941,29.33143,1979.0,2009,0.9148385723431905
presence,66.372901,29.332263,1977.0,2009,0.501362015803655
presence,64.806408,25.723087,1974.0,2009,0.967178483804067
presence,64.806408,25.723087,1974.0,2009,0.9818307558695475
presence,64.806408,25.723087,1974.0,2009,0.970954696337382
presence,65.573512,28.71865,1974.0,2009,0.5624041855335236
presence,66.373234,29.30993,1974.0,2009,0.4645487268765767
presence,64.736903,26.02028,1974.0,2009,0.930152157942454
presence,66.373234,29.30993,1974.0,2009,0.5479134718577067
presence,64.806408,25.723087,1974.0,2009,0.966226597627004
presence,60.747171,27.336106,1972.0,2009,0.00020019808713792978
presence,60.747171,27.336106,1972.0,2009,0.6971160968144735
presence,69.761433,27.008472,1970.0,2009,0.8698531190554301
presence,65.136826,25.558059,1970.0,2009,0.16732541720072427
presence,65.136826,25.558059,1970.0,2009,0.9142837325731913
presence,65.043558,24.586067,1970.0,2009,0.9939669171969095
presence,64.604698,26.484628,1970.0,2009,0.9897902607917786
presence,59.917424,23.393656,1970.0,2009,0.5709177056948344
presence,60.738196,27.336012,1970.0,2009,0.5006698668003082
presence,60.738196,27.336012,1970.0,2009,0.524275153875351
presence,65.220102,25.852802,1967.0,2009,0.9411762158075968
presence,65.211912,25.960004,1967.0,2009,0.8037043213844299
presence,64.983987,25.523922,1967.0,2009,0.3404535154501597
presence,64.928422,25.357813,1967.0,2009,0.880572497844696
presence,65.145792,25.557573,1966.0,2009,0.636086642742157
presence,66.363941,29.33143,1966.0,2009,0.850851575533549
presence,69.761433,26.982581,1961.0,2009,0.5021907985210419
presence,60.355805,25.013023,1945.0,2009,0.8931548992792765
presence,60.266776,25.831589,1942.0,2009,0.9599547187487284
presence,60.816478,23.771034,1866.0,2009,0.5424618124961853
presence,67.509438,23.790268,1988.0,2009,0.9294784665107727
presence,63.893998,23.646202,1986.0,2009,0.3629702627658844
presence,64.736903,26.02028,1974.0,2009,0.786990245183309
presence,64.604698,26.484628,1970.0,2009,0.9970294833183289
presence,60.341381,20.770554,1992.0,2009,0.05648801289498806
presence,60.32,25.65,1932.0,2009,0.6206316351890564
presence,60.816478,23.771034,1866.0,2009,0.3561459283034007
presence,66.545413,25.589418,1996.0,2009,0.8861682812372843
presence,61.4743,21.35046,2024.0,2023,0.6957321961720785
presence,61.84369,22.93122,2026.0,2023,0.0007441671623382717
presence,62.66301,29.69654,2020.0,2019,0.9067089955012003
presence,67.615734,27.774916,2016.0,2015,0.19536442557970682
presence,64.137991,28.300886,2020.0,2019,0.8191707332928976
presence,62.796779,29.564382,2007.0,2009,0.756959875424703
presence,65.1654,25.4609,2026.0,2023,0.8973712126413981
presence,64.553541,26.495664,2026.0,2023,0.9890390038490295
bg_random,63.48983263624647,29.91164209540069,,2023,0.37194440762201947
bg_random,62.80540041624251,21.94870887367393,,2023,0.015287776516440013
bg_random,61.92987906750525,26.579864608444318,,2023,0.30381594101587933
bg_random,61.27320656260212,23.482705530834856,,2023,0.12004898861050606
bg_random,67.72326547088565,24.870847857556,,2023,0.04121206079920133
bg_random,60.8872532466394,25.31799514622443,,2023,0.03650161282469829
bg_random,65.16242078929848,29.114577863853143,,2023,0.23869596421718597
bg_random,66.50558542042172,28.13927947754089,,2023,0.5003671646118164
bg_random,62.47857529335147,30.55409551308296,,2023,0.31367888549963635
bg_random,65.06411555564146,28.28619560659713,,2023,0.04386135749518871
bg_random,64.71019918476573,29.94340707518666,,2023,0.5582773884137472
bg_random,61.719239098249744,24.029685916460217,,2023,0.05452571871380011
bg_random,63.517603518216255,23.93844224801004,,2023,0.002773735046503134
bg_random,66.51484822325894,27.57477960358156,,2023,0.19710499048233032
bg_random,67.84141041652308,27.16136571897805,,2023,0.1126541867852211
bg_random,61.15017719277395,23.39733964550993,,2023,0.06799735749761264
bg_random,65.42032107576973,27.66756133846534,,2023,0.09280265991886456
bg_random,65.19269398741916,27.92567883626823,,2023,0.09332947432994843
bg_random,61.54953767022853,23.89649514408934,,2023,0.14675906052192053
bg_random,60.37007133192999,22.768241757671586,,2023,0.7414717475573221
bg_random,61.42565730411731,26.559072982831317,,2023,0.07038450986146927
bg_random,63.43898380753057,30.250566233783605,,2023,0.39124755064646405
bg_random,67.29534031484111,28.68419901931363,,2023,0.2550136099259059
bg_random,64.8568530764924,24.870295850640623,,2023,0.02433745687206586
bg_random,64.95351664263987,27.682333840133044,,2023,0.07863736897706985
bg_random,63.562833166206815,23.772712770820632,,2023,0.09294047206640244
bg_random,64.48221665875673,27.330369980833257,,2023,0.007168488344177604
bg_random,60.71468233983184,21.531738215107964,,2023,0.3209906915823619
bg_random,61.15701359164808,24.706787865961992,,2023,0.081247478723526
bg_random,63.36273590066301,26.160848673936364,,2023,0.015307096473407
bg_random,65.11329284989588,25.73903183278764,,2023,0.0009372623462695628
bg_random,67.51521744759538,29.46270006416196,,2023,0.21604421238104501
bg_random,62.43676899081982,25.3481412971754,,2023,0.1659632921218872
bg_random,64.74182303677273,29.1283769481726,,2023,0.0417036438981692
bg_random,63.61476497239015,23.92540142936353,,2023,0.0258271178851525
bg_random,62.85438519119489,24.4939884324339,,2023,0.03884011631210645
bg_random,63.79518204683921,25.454925686860232,,2023,0.025123165920376778
bg_random,63.07947630483356,22.54447574988422,,2023,0.21668502191702524
bg_random,67.70558499347247,24.041540170704305,,2023,0.05303738887111346
bg_random,66.07001868877975,29.366227722306267,,2023,0.11077590038379033
bg_random,61.48944649085479,25.176489819432632,,2023,0.031016524881124496
bg_random,64.04181565505755,27.78840069217633,,2023,0.007501021958887577
bg_random,63.881697983221216,28.539725759124025,,2023,0.07347360625863075
bg_random,63.72711171615423,28.049832142264226,,2023,0.050880398601293564
bg_random,65.39059790963927,29.528439041225955,,2023,0.3865192383527756
bg_random,63.28255783975359,21.63880807094232,,2023,0.039766646611193814
bg_random,64.32560849354483,29.17432731186538,,2023,0.6238682468732198
bg_random,62.90620942723774,31.48908158904809,,2023,0.07411983795464039
bg_random,68.51837016530999,28.08158217797974,,2023,0.6742162704467773
bg_random,64.17992021473125,28.62540680260989,,2023,0.5664474566777548
bg_random,66.3203372485004,29.27117140481588,,2023,0.05576855316758156
bg_random,67.84153916243962,28.032291097076623,,2023,0.39073072870572406
bg_random,63.01513668934005,25.154922549517007,,2023,0.01264625322073698
bg_random,64.87021014531243,26.92487126997884,,2023,0.6659587621688843
bg_random,60.87226050362844,24.68598021608731,,2023,0.00021772876427661458
bg_random,63.10508714010544,24.46003940540431,,2023,0.014277331375827393
bg_random,60.08027983397899,22.88956897237364,,2023,0.5289801061153412
bg_random,60.57633303485866,27.502296160737146,,2023,0.10841605936487515
bg_random,67.14947629420499,26.441917495071664,,2023,0.022435995129247505
bg_random,68.2060394168142,26.190766396156764,,2023,0.15455004510780176
bg_random,63.32983017387896,24.87399958416674,,2023,0.03426192762951056
bg_random,66.13590597391726,25.418291072862168,,2023,0.1204495591421922
bg_random,67.85045027266341,25.005343224017064,,2023,0.7142342527707418
bg_random,62.58815423537354,26.98551537349353,,2023,0.028895535816748936
bg_random,60.8680331200515,26.34876902577477,,2023,0.05624407654007276
bg_random,65.15995956687414,29.42003356002349,,2023,0.42484594384829205
bg_random,62.08083401440029,26.86998079820399,,2023,0.13525660460193953
bg_random,65.3999717746841,27.55164782781679,,2023,0.17466111977895102
bg_random,62.18322916151728,25.89836182235605,,2023,0.047618856032689415
bg_random,60.50587433365372,23.872694518979547,,2023,0.525203545888265
bg_random,68.96006977894581,28.598885539343584,,2023,0.5177416106065115
bg_random,63.1749305152233,26.972511988321752,,2023,0.011287371705596646
bg_random,62.356659504131336,22.33265589769527,,2023,0.001700610000019272
bg_random,64.57838060189405,28.744353733845,,2023,0.018129002302885056
bg_random,65.52613260230498,29.201140584916608,,2023,0.4003659188747406
bg_random,62.83800733838199,22.30795803143193,,2023,0.0552189735074838
bg_random,66.35751175199597,28.44188118678609,,2023,0.1726118872563044
bg_random,60.58040845302179,26.16389244191623,,2023,0.004409525919375786
bg_random,61.78205980145871,28.356327503896985,,2023,0.18736516187588373
bg_random,60.51038421112753,25.263256863771733,,2023,0.14161505798498789
bg_random,65.76058506870223,27.360608515034237,,2023,0.24440151204665503
bg_random,66.86368118404972,28.14860682285595,,2023,0.037436058123906456
bg_random,62.14538519649782,29.623161175230983,,2023,0.18701236446698508
bg_random,68.6664844406163,25.96487159696959,,2023,0.34474192063013714
bg_random,61.71894404334457,29.80005418895576,,2023,0.03568493481725454
bg_random,64.69840180258967,25.97244598670848,,2023,0.0015438074090828497
bg_random,62.42289875874501,30.059116575327863,,2023,0.0022812025514819347
bg_random,67.67337054732491,28.44165299499896,,2023,0.5728906591733297
bg_random,67.71064414541273,29.11704067468526,,2023,0.4809967577457428
bg_random,60.49042917226553,24.526814508747886,,2023,0.5234630604585012
bg_random,66.52300150010544,26.03882137428722,,2023,0.8200101455052694
bg_random,68.61216480322946,22.93419241056067,,2023,0.005216116163258751
bg_random,67.24821913315023,26.58199322115371,,2023,0.11075076212485631
bg_random,67.95644571079907,24.225614347446214,,2023,0.10005840410788854
bg_random,68.41073728668813,23.60998053043937,,2023,0.0014064990488501887
bg_random,64.59778161643275,29.308407922052684,,2023,0.037401109312971435
bg_random,60.64889205872887,25.70678843287843,,2023,0.2711736609538396
bg_random,61.97067467374622,23.61396619772443,,2023,0.5779900352160136
bg_random,62.26554605912334,25.14422236015051,,2023,0.38207289576530457
bg_random,63.99005541683219,30.449341814166083,,2023,0.010527169943088666
bg_random,63.98105499082427,28.45886876800577,,2023,0.14918028314908346
bg_random,65.61286502170428,27.00746632639709,,2023,0.22960608204205832
bg_random,60.77242771119478,22.472815274442823,,2023,0.24545073012510935
bg_random,66.15862258669327,28.283669653630447,,2023,0.2198541760444641
bg_random,67.47291080547659,29.7017436153174,,2023,0.5948691169420878
bg_random,65.57530581661388,26.17380110339876,,2023,0.08003021155794461
bg_random,68.38588602949011,25.174128312168545,,2023,0.34930675228436786
bg_random,61.80235103608664,25.019824235958737,,2023,0.06280539308985074
bg_random,62.89824806268064,23.486212800597222,,2023,0.030465591388444107
bg_random,62.97462216265863,26.101297373300227,,2023,0.023912916774861515
bg_random,62.49464487559521,30.894578890053708,,2023,0.2774016658465068
bg_random,63.407537862783286,22.715628192475364,,2023,0.0031149935287733874
bg_random,66.60264281398791,26.374080591443345,,2023,0.026229776131610077
bg_random,63.548976528917656,30.165459829010917,,2023,0.022209651457766693
bg_random,67.97012024985551,27.833109476757706,,2023,0.29001298546791077
bg_random,65.16030638555608,27.485220770064814,,2023,0.011364462630202373
bg_random,67.84673153985294,29.57069756444399,,2023,0.07467122375965118
bg_random,60.43910766296311,24.921595627943468,,2023,0.09933016821742058
bg_random,63.84500351544788,25.263787990701346,,2023,0.00581520632840693
bg_random,65.03728243429778,29.524494038175924,,2023,0.01231652203326424
bg_random,66.87679432390102,26.30391512215375,,2023,0.6720236937204996
bg_random,68.79059084503193,26.08394568668024,,2023,0.02714573258223633
bg_random,63.476677973661374,28.78739410282858,,2023,0.045491976042588554
bg_random,62.34867450868418,28.771578682108547,,2023,0.04624191035206119
bg_random,62.87979435800548,22.086282719191647,,2023,0.041514999543627105
bg_random,62.64353571761304,22.03889568763168,,2023,0.11077794370551904
bg_random,62.39407726838354,24.7158421968042,,2023,0.1657355229059855
bg_random,61.22098807671691,24.691403502592884,,2023,0.3844015697638194
bg_random,60.40859479500188,24.98397435292968,,2023,0.0841465691725413
bg_random,62.78394254473499,28.4727397117818,,2023,0.010001399922960749
bg_random,61.49976707513265,26.37347648020488,,2023,0.0327386351612707
bg_random,66.97062194976019,25.41672115702213,,2023,0.0020567725490157804
bg_random,65.52951367744969,26.834361407500506,,2023,0.03572198003530502
bg_random,67.36665807835529,29.167422063143277,,2023,0.10246138647198677
bg_random,67.42614825627788,24.43400871618515,,2023,0.03443963701526324
bg_random,64.11816172425809,25.00457583808616,,2023,0.03893330072363218
bg_random,62.9565784480986,25.686096008871043,,2023,0.052891487876574196
bg_random,60.03278054208139,20.08116472715778,,2023,0.12681700413425764
bg_random,63.32780376119151,28.079350275520238,,2023,0.018837491671244305
bg_random,63.16997600263431,27.76970547818601,,2023,0.06658031915624936
bg_random,67.58955347521923,29.760614890986872,,2023,0.13835800190766653
bg_random,62.06577864199978,24.94603885249093,,2023,0.36682866017023724
bg_random,64.01681048634211,30.30650747620173,,2023,0.024523986813922722
bg_random,61.56230108124209,21.92793079308102,,2023,0.06597779504954815
bg_random,65.17499748552747,27.074624431682743,,2023,0.3786759277184804
bg_random,61.06266997635385,23.656817700599337,,2023,0.3213460097710292
bg_random,66.53193204950254,28.66085318713897,,2023,0.15421553949515024
bg_random,68.44258904457392,22.768831887752963,,2023,0.0029159533636023602
bg_random,66.93231986286537,27.792815667646902,,2023,0.10176867347521086
bg_random,68.78013546596387,26.55378504765384,,2023,0.4742356340090434
bg_random,66.8010078951122,27.94473757777388,,2023,0.3860095938046773
bg_random,68.67789144670873,22.062286667188545,,2023,0.02074036925720672
bg_random,60.79904114626937,27.90559662598096,,2023,0.013516948713610569
bg_random,64.8574762707984,26.501005997470543,,2023,0.20098564525445303
bg_random,63.94185354801498,27.35794154271494,,2023,0.0016956791320505242
bg_random,66.02674069378926,29.101992466712,,2023,0.011049487938483557
bg_random,63.67988346534804,25.70543654523442,,2023,0.005970155044148366
bg_random,63.08420132765858,30.92700448207504,,2023,0.04974025612076124
bg_random,63.35930874498535,21.990924094066006,,2023,0.004237405072975283
bg_random,62.8710571016663,28.811802538573588,,2023,0.02297677317013343
bg_random,62.430649737732885,22.71376586051569,,2023,0.008189188238854209
bg_random,66.7892003879255,28.53483570044264,,2023,0.060318656265735626
bg_random,64.91755353633657,28.511254828759668,,2023,0.2007726492981116
bg_random,63.21291603933192,30.16654149395815,,2023,0.029784002030889194
bg_random,67.84572942462813,26.09376338990492,,2023,0.007994825001029918
bg_random,63.4343348310475,27.62671926008653,,2023,0.01971844327636063
bg_random,66.09379676844044,28.222358422538534,,2023,0.10193969806035359
bg_random,68.70179255554757,27.047563280477235,,2023,0.5564061403274536
bg_random,64.57103893216384,25.46054570186756,,2023,0.14613297084967294
bg_random,63.10185729883022,29.308793202282427,,2023,0.5613787968953451
bg_random,67.83264019269056,25.052482167635823,,2023,0.002309998070510725
bg_random,63.82974291652882,25.237083363442935,,2023,0.01651353482156992
bg_random,62.1657605655284,25.601946989513245,,2023,0.0037219105288386345
bg_random,61.95834562304389,27.777457493340915,,2023,0.016486306364337604
bg_random,64.00248452348794,27.88576953076265,,2023,0.007432466644483308
bg_random,60.77106989476111,21.875948718931767,,2023,0.13458765298128128
bg_random,68.33966548793471,23.43348801041844,,2023,0.002858148868350933
bg_random,68.70495635331599,27.881353750427277,,2023,0.10334968442718188
bg_random,62.29928356225834,24.25724578645772,,2023,0.06495982160170873
bg_random,61.19803717244733,23.96512483238808,,2023,0.0016263904011187453
bg_random,66.85250880709864,24.00104421840009,,2023,0.5597325265407562
bg_random,62.133306664972224,24.186308508695507,,2023,0.029756636979679268
bg_random,64.99236812982764,26.40520976132567,,2023,0.040728419398268066
bg_random,63.572950872651866,26.454012636418167,,2023,0.009936053461084763
bg_random,61.058298379551566,23.951817406950784,,2023,0.0524485462034742
bg_random,65.52597320970438,27.48023811777703,,2023,0.5387859145800272
bg_random,68.19972740185632,27.185888748839066,,2023,0.14052767058213553
bg_random,60.96947983659626,26.828732956702694,,2023,0.6275718410809835
bg_random,66.15095841960084,27.905914132579973,,2023,0.043494164322813354
bg_random,66.83333619912494,24.33423246259604,,2023,0.388828585545222
bg_random,62.59261099937788,24.52792376445532,,2023,0.09325918306907018
bg_random,65.3292312508626,26.173280134771904,,2023,0.7264368335405985
bg_random,62.389589301691046,23.22256536658905,,2023,0.035787501682837806
bg_random,61.90658435989992,24.9268704056168,,2023,0.04251327210416397
bg_random,61.32024465748326,22.28428023685314,,2023,0.03196196692685286
bg_random,62.89468334421193,21.511771420574014,,2023,0.013830768875777721
bg_random,67.66963365738825,25.557820863031555,,2023,0.8521452148755392
bg_random,62.17398002983612,29.998562244303116,,2023,0.4238205949465434
bg_random,64.45733880982107,26.50264776396283,,2023,0.07818845783670743
bg_random,62.18187512017577,30.216793355610715,,2023,0.020382558616499107
bg_random,63.34907212712068,30.011931445725917,,2023,0.002873691109319528
bg_random,60.60483257740583,23.35275840242604,,2023,0.016417509720971186
bg_random,68.77766684777308,25.32983635557197,,2023,0.23080474138259888
bg_random,60.73662985405272,26.150737440169216,,2023,0.797205646832784
bg_random,68.13326738730407,23.56768310000963,,2023,0.10976024965445201
bg_random,65.34750659125316,28.902118093530483,,2023,0.025218866067007184
bg_random,63.25517194118817,31.11044989535391,,2023,0.10262705385684967
bg_random,68.7364764750473,28.64018899404787,,2023,0.15077979862689972
bg_random,63.38997019230851,29.06094797591777,,2023,0.0480767327050368
bg_random,63.69998697171543,23.19750499562114,,2023,0.09226973354816437
bg_random,66.81805658366068,27.42014403720061,,2023,0.004497500058884422
bg_random,63.28052051232461,22.574452273444276,,2023,0.1522888665397962
bg_random,68.01182139963254,29.198194888294847,,2023,0.010576148779364303
bg_random,68.16468075287833,27.870999186200383,,2023,0.3637058933575948
bg_random,60.79903115834328,21.994897538831776,,2023,0.011296783690340817
bg_random,62.009304411954176,21.957060598151568,,2023,0.05966522234181563
bg_random,63.8323958084504,23.318983928021147,,2023,0.1524527296423912
bg_random,62.10749228941855,25.110652916721712,,2023,0.0041158481035381556
bg_random,62.50398048122772,27.353641049730548,,2023,0.3351479172706604
bg_random,67.92927243378094,24.901618607268983,,2023,0.006108591876303156
bg_random,68.5587157636604,27.795611017159924,,2023,0.2608272085587184
bg_random,65.67216678933451,29.00564655029426,,2023,0.0762776645521323
bg_random,66.02555910275798,27.05416714907887,,2023,0.005230605369433761
bg_random,62.500798613870025,27.10451220073195,,2023,0.6332061290740967
bg_random,61.97984522768007,28.8521265626231,,2023,0.8118253350257874
bg_random,66.08500928216414,25.829358677450223,,2023,0.19609884917736053
bg_random,60.38889068098459,24.45466005359781,,2023,0.0037322829011827707
bg_random,66.2577968607895,24.36136786216125,,2023,0.38401628533999127
bg_random,61.72808279087759,29.03810364978916,,2023,0.012743257995073995
bg_random,68.65443417383796,28.18702506930256,,2023,0.0016348820257311065
bg_random,62.07015310037296,24.536814018845945,,2023,0.24899262189865112
bg_random,60.18265950710955,20.411923713483905,,2023,0.4461189607779185
bg_random,68.69543923162526,22.504631411555888,,2023,0.0008631504024378955
bg_random,66.1594264879281,28.064093246109607,,2023,0.09049823880195618
bg_random,64.04734970844949,27.59030675006745,,2023,0.027096646061788004
bg_random,60.29550115255089,23.739596517683,,2023,0.11704141398270924
bg_random,62.13039809422597,22.68933308303497,,2023,0.7206041614214579
bg_random,61.05135568973021,23.56132546193504,,2023,0.1499065707127253
bg_random,68.08051783166971,24.302176331584327,,2023,0.01596750373331209
bg_random,60.45766629261384,25.476132482649952,,2023,0.019283897786711652
bg_random,62.18671434791676,26.907946092648693,,2023,0.04981027046839396
bg_random,67.82043239671982,27.640525040654012,,2023,0.012289493499944607
bg_random,61.99972364783993,26.78509934966806,,2023,0.03636166329185168
bg_random,66.000539714813,26.429416343968263,,2023,0.07349581768115361
bg_random,66.81782246048013,26.276811306234418,,2023,0.5540543695290884
bg_random,62.4973646929689,24.44135481451384,,2023,0.10020329554875691
bg_random,62.42455073062202,26.64264972476788,,2023,0.0795087218284607
bg_random,60.63003119131172,21.62789835027292,,2023,0.6170761783917745
bg_random,63.05460724784619,21.811267118545004,,2023,0.004644176185441514
bg_random,65.95594493299657,27.035016064237684,,2023,0.005778602402036388
bg_random,62.24840796804564,28.8045074515094,,2023,0.033169335685670376
bg_random,64.68331270536045,26.71379520864597,,2023,0.0948451856772105
bg_random,68.72051957937278,21.990248896550234,,2023,0.025026703136973083
bg_random,64.80310069644284,26.51245311838753,,2023,0.10966581975420316
bg_random,61.23014527066677,27.06212975912532,,2023,0.0013049228703797173
bg_random,60.161077031484496,25.077009552817472,,2023,0.03729415809114774
bg_random,68.15428113129104,24.397242353346645,,2023,0.0031667861621826887
bg_random,60.98438734991023,21.391950124325835,,2023,0.06498376031716664
bg_random,61.85001219387658,23.13825414965089,,2023,0.020642541348934174
bg_random,67.12558232757151,27.915342288026164,,2023,0.16137220710515976
bg_random,61.36186937505139,23.00748893727785,,2023,0.09518770376841228
bg_random,62.65862262756768,24.79857218616376,,2023,0.04276531717429558
bg_random,63.42863310170696,23.04800733335641,,2023,0.054470568895339966
bg_random,65.0332318432648,28.67852481893304,,2023,0.023922893218696117
bg_random,64.44474212091124,28.912081802693063,,2023,0.11019145945707957
bg_random,60.870571475777,24.238625628658465,,2023,0.0021173714218699993
bg_random,67.42235402479777,24.28978752844416,,2023,0.05175840458832681
bg_random,67.65838591858474,29.62863775232434,,2023,0.2350271244843801
bg_random,67.91910566191522,26.307556203892936,,2023,0.00369726468003743
bg_random,62.245087376083575,21.72563077780802,,2023,0.8817835052808126
bg_random,65.44546022025966,27.75584910005048,,2023,0.8839806119600931
bg_random,64.34720939341102,28.89072836149138,,2023,0.12365114440520604
bg_random,66.5503508396072,27.01603373602073,,2023,0.038348877181609474
bg_random,63.731999414642495,23.109488803710065,,2023,0.11937314520279567
bg_random,61.36715260188885,27.533183360590872,,2023,0.061490592857201896
bg_random,62.05784802503675,24.27200054905905,,2023,0.005698847390400867
bg_random,61.04668146211005,21.728969909528026,,2023,0.05875696800649166
bg_random,62.62911542918556,21.81214826586097,,2023,0.03835414536297321
bg_random,62.35241497866167,27.24214236516945,,2023,0.005062727956101298
bg_random,66.90394120443369,24.06241600383733,,2023,0.8569207191467285
bg_random,62.09436929822064,23.74187785691611,,2023,0.12497582783301671
bg_random,61.84805791041287,27.290437576774327,,2023,0.015397082082927227
bg_random,68.35652703332838,28.48600325780942,,2023,0.8779763380686442
bg_random,65.94586659444832,28.77334465676258,,2023,0.24019551773866019
bg_random,61.27820130646417,26.041835309209,,2023,0.010974519420415163
bg_random,61.207904513162426,27.55580032425202,,2023,0.0022777972772018984
bg_random,67.00979811025736,26.145553307645077,,2023,0.5753697057565054
bg_random,64.66867223771042,29.30370533415864,,2023,0.07174394155542056
bg_random,64.04392005913613,26.901874391554127,,2023,0.008423422618458668
bg_random,65.47547183440449,25.343258190244665,,2023,0.7937958439191183
bg_random,63.92781620863519,29.403941395731543,,2023,0.017569601225356262
bg_random,61.65182244440053,27.93829413590009,,2023,0.025753714765111606
bg_random,61.643356264169896,24.53671020443801,,2023,0.015595067234244198
bg_random,63.32224138504159,27.57860487547568,,2023,0.005820331862196326
bg_random,61.46708093502831,26.244422101170866,,2023,0.017356135571996372
bg_random,67.79502643578599,24.824844693007933,,2023,0.13302180419365564
bg_random,67.7282144627379,27.119353148034023,,2023,0.0025441854959353805
bg_random,65.73451261614142,27.26394643568874,,2023,0.011525258887559175
bg_random,62.80057478177552,25.1809193159792,,2023,0.022238872945308685
bg_random,67.62727898009342,27.16931789167165,,2023,0.030695873002211254
bg_random,61.245300383098,23.0100620337904,,2023,0.003130363707896322
bg_random,65.30295792279121,29.61343844417561,,2023,0.04270366703470548
bg_random,67.88668803599893,24.376867328082252,,2023,0.001349428190830319
bg_random,62.3214700252785,24.34141382463346,,2023,0.012740780094948908
bg_random,63.1973840094424,26.226386305175843,,2023,0.010108944261446595
bg_random,62.01862137401592,23.69399729631789,,2023,0.0113754376458625
bg_random,65.78286082383939,24.834323088967334,,2023,0.004940937001568575
bg_random,62.3501429594731,30.86282022136005,,2023,0.0604337714612484
bg_random,64.16971470188984,28.434538942421923,,2023,0.007362406778459747
bg_random,65.86622052956223,28.050885143865912,,2023,0.002172020496800542
bg_random,64.19665603994962,29.935232842578102,,2023,0.33056457837422687
bg_random,60.267703635978464,25.221175307179024,,2023,0.03252172780533632
bg_random,63.46610114529939,27.95839084112318,,2023,0.01098596661662062
bg_random,68.85326645166523,25.62983242215708,,2023,0.007976584541514361
bg_random,63.39824178044395,22.923586241155203,,2023,0.6900838613510132
bg_random,62.07779174435127,28.222170899049136,,2023,0.029450278729200363
bg_random,60.78489553913444,23.034277425489226,,2023,0.015559884098668894
bg_random,62.23434168737229,30.36227631558963,,2023,0.04348579685514172
bg_random,62.592082520258295,31.0979661201706,,2023,0.06359582146008809
bg_random,64.24899493851727,29.77166790967012,,2023,0.4283011853694916
bg_random,65.62962868956889,25.99240395583608,,2023,0.1489831507205963
bg_random,61.599562232341256,26.90456701120099,,2023,0.12146929899851482
bg_random,61.38623740229918,29.16948502670123,,2023,0.1572888195514679
bg_random,63.20737377539664,24.95810396516685,,2023,0.06825265288352966
bg_random,63.28345767922235,22.882961632823648,,2023,0.3498348494370778
bg_random,67.03626612520502,25.405827756090066,,2023,0.021943773453434307
bg_random,65.925235782183,25.24320269029367,,2023,0.048777888218561806
bg_random,68.34700578747228,26.6590394348906,,2023,0.0019264207997669776
bg_random,66.09717210431833,27.991765725448467,,2023,0.2714417775472005
bg_random,62.13790205255536,25.69100826460719,,2023,0.029785998010387022
bg_random,66.14123606420162,27.63932940798212,,2023,0.26081974307696026
bg_random,65.3950882282453,26.9650444694325,,2023,0.9107782443364462
bg_random,62.57006016292986,24.4562878957242,,2023,0.07739514733354251
bg_random,60.6361649647958,24.78076197231413,,2023,0.005593677672247092
bg_random,65.99880603482279,27.902981236914645,,2023,0.18276202927033106
bg_random,61.047997860703695,27.40130381882412,,2023,0.37495572368303937
bg_random,60.94570387485752,22.03367537907495,,2023,0.08389412425458431
bg_random,67.06114087043387,23.767566398769883,,2023,0.7421822349230448
bg_random,63.98972634947896,28.740605731490568,,2023,0.34970224400361377
bg_random,64.90541917585165,27.351455959159992,,2023,0.034415156890948616
bg_random,63.09232069000716,25.40740575368452,,2023,0.2004795124133428
bg_random,62.94038702701638,24.3718200827154,,2023,0.0011670924141071737
bg_random,63.95692673543569,27.29575003185449,,2023,0.0037354958864549794
bg_random,68.9315630387631,26.208127931549114,,2023,0.17055381586154303
bg_random,66.46273952335385,24.05405135272728,,2023,0.00668039630788068
bg_random,63.369387134368765,24.04549459775394,,2023,0.329953508451581
bg_random,66.71882486804192,26.56159342555394,,2023,0.5088641345500946
bg_random,67.4992236091757,24.933682576179105,,2023,0.4673396150271098
bg_random,63.97484405767609,28.247054322613263,,2023,0.3588312268257141
bg_random,61.9534848820856,27.35061138023153,,2023,0.07644985243678093
bg_random,60.9884500630969,21.793770296528816,,2023,0.24063136676947275
bg_random,66.75164628688134,24.86538518343627,,2023,0.23174667855103812
bg_random,69.3273518779161,29.000974715412635,,2023,0.8638912836710612
bg_random,67.74383207555825,25.09431840240241,,2023,0.3861798445383708
bg_random,65.68028226003015,26.873438728328136,,2023,0.09966733306646347
bg_random,65.17249446334752,29.85893812450056,,2023,0.027451721330483753
bg_random,61.94073412301984,22.547262560510127,,2023,0.13136519740025202
bg_random,62.96359964447703,28.669210294581568,,2023,0.09147175805022319
bg_random,66.16744456642036,28.51481912251927,,2023,0.029569885383049648
bg_random,63.10013832205468,30.822831155018445,,2023,0.8008239467938741
bg_random,64.47355031122119,29.98554027655588,,2023,0.592733641465505
bg_random,62.38060633552814,26.220908979866305,,2023,0.39259594678878784
bg_random,63.795400442988885,23.622600250540096,,2023,0.0050123831412444515
bg_random,62.88187642859235,29.786643734416845,,2023,0.5586360991001129
bg_random,65.08596232850549,26.56923529219379,,2023,0.12777659545342127
bg_random,68.10339010652389,26.778365774469044,,2023,0.0035335366458942494
bg_random,68.37109625572437,25.45857497063174,,2023,0.2665315965811412
bg_random,66.45324408962341,25.2984246973983,,2023,0.01373169074455897
bg_random,67.0630094629111,27.103565132913545,,2023,0.08276802922288577
bg_random,61.0409534336731,25.26956425728561,,2023,0.005503729606668155
bg_random,63.27320424027727,22.27559452952057,,2023,0.03929015745719274
bg_random,65.65141782656293,27.48777470147862,,2023,0.09870766599973042
bg_random,61.94639066777756,24.386614231255024,,2023,0.009092654722432295
bg_random,61.577607141604304,29.67362679533992,,2023,0.14542810370524725
bg_random,68.41914414972025,25.32040243908276,,2023,0.0013556352738911908
bg_random,66.71965522806974,27.962302318348254,,2023,0.0025845205915781357
bg_random,62.00029438835925,25.455241458924064,,2023,0.09443539753556252
bg_random,67.14341585671261,26.979144287493533,,2023,0.1332594851652781
bg_random,63.84958366517897,27.39125812762008,,2023,0.010981623704234758
bg_random,61.64465624450427,27.57056787388113,,2023,0.13777276625235876
bg_random,62.16403855822994,23.889615993343856,,2023,0.7212009231249491
bg_random,60.59865332734,26.78570967531095,,2023,0.0021369355963543057
bg_random,65.47863619816492,29.369631231895504,,2023,0.9311238725980123
bg_random,66.06757216190039,26.612779639593867,,2023,0.018892124916116398
bg_random,65.44149097981104,29.23372130116169,,2023,0.7706000407536825
bg_random,63.35475979304171,25.371150895046696,,2023,0.008578865167995295
bg_random,68.6425715428512,23.41210914585402,,2023,0.0015776544945159305
bg_random,66.32114518701387,26.534974764546444,,2023,0.17491073409716287
bg_random,68.26992480470662,25.164029127693947,,2023,0.003585159700984756
bg_random,67.76852365682355,23.697863078322776,,2023,0.28015881528457004
bg_random,61.15633719485197,28.74091466182236,,2023,0.18693577498197556
bg_random,65.2803854968256,27.03377495173021,,2023,0.07789644971489906
bg_random,67.2527600345587,29.252864433432496,,2023,0.4204215258359909
bg_random,62.06039975153086,26.61663063781213,,2023,0.0963461125890414
bg_random,64.72949553699986,29.14656244669912,,2023,0.3056335747241974
bg_random,68.14912045116047,24.30800321854013,,2023,0.046667895279824734
bg_random,65.36071347839926,28.508460070174493,,2023,0.37548111875851947
bg_random,65.14821136888183,26.42355970259948,,2023,0.02898157884677251
bg_random,61.478392584642165,24.797662024855097,,2023,0.037221767008304596
bg_random,63.68148799820185,26.763079565176863,,2023,0.011654225954165062
bg_random,67.87200346008834,28.34428148210166,,2023,0.22898376484711966
bg_random,66.61042628970023,25.281866270707184,,2023,0.39785005152225494
bg_random,69.82942039877548,26.53121854950023,,2023,0.0012238366956201692
bg_random,63.06998432889255,23.37547004170766,,2023,0.3544980088869731
bg_random,63.75681866605972,24.379574354198297,,2023,0.20089206596215567
bg_random,66.33209596466628,25.604947975148946,,2023,0.0764494352042675
bg_random,62.90549443510927,23.97857084586712,,2023,0.12269971147179604
bg_random,62.02218357886126,23.6391445932314,,2023,0.08347622926036517
bg_random,63.01560640518636,22.472234980544314,,2023,0.005091197905130684
bg_random,61.7412971243674,24.37068131873759,,2023,0.040300522620479264
bg_random,62.88822412343088,22.592795628264675,,2023,0.002135828928051827
bg_random,66.02665288805231,26.048740786526665,,2023,0.026312395930290222
bg_random,64.09604869879828,27.962932266232585,,2023,0.00209121240186505
bg_random,64.67606157924978,29.837371057027752,,2023,0.04165306439002355
bg_random,62.46893476043059,25.747288308091605,,2023,0.04208560225864252
bg_random,67.34990645502826,24.91231885957586,,2023,0.03601966922481855
bg_random,62.45604705994978,27.9783050732938,,2023,0.019629736120502155
bg_random,62.13106298763034,25.16473116934409,,2023,0.13892203569412231
bg_random,64.54062707673509,26.32533069003872,,2023,0.30546200772126514
bg_random,65.70171663709098,26.952783392622088,,2023,0.15949968248605728
bg_random,68.65539005539213,22.41674427434106,,2023,0.005362025927752256
bg_random,64.23500693042729,23.83023148354704,,2023,0.9638938705126444
bg_random,67.25120020339533,26.0887778622176,,2023,0.0008518867180100642
bg_random,60.29930585442915,24.482775247804614,,2023,0.0028440143699602536
bg_random,60.59199171341247,23.66470360429217,,2023,0.12165382504463196
bg_random,62.39754873791824,21.89918847583605,,2023,0.009694490348920226
bg_random,62.870368383816086,22.718018068301205,,2023,0.0008809706070375493
bg_random,66.11802816473114,28.170746473924297,,2023,0.6120500365893046
bg_random,61.06471579410215,23.52159919860481,,2023,0.09712321559588115
bg_random,65.85872630450163,26.47393646311822,,2023,0.008586769457906485
bg_random,66.34700100378083,28.28113642943218,,2023,0.46480923891067505
bg_random,67.5081355321985,29.227957818915915,,2023,0.10996745030085246
bg_random,61.65641999931609,24.49637938401447,,2023,0.03781872025380532
bg_random,61.697270571537125,23.512593680948317,,2023,0.17535900076230368
bg_random,67.86455473500345,28.5687845231152,,2023,0.5162791808446249
bg_random,67.66184436689119,23.610857522589637,,2023,0.16308276851971945
bg_random,62.05497312990661,22.009587568467687,,2023,0.08771325772007306
bg_random,67.28003451448643,27.227005429663947,,2023,0.7463133136431376
bg_random,62.54879822165224,28.299625721696028,,2023,0.0255852690897882
bg_random,62.701007874248965,27.87944324214782,,2023,0.26129743332664174
bg_random,66.79478508567388,27.032931784001168,,2023,0.02234169173364838
bg_random,61.51410049839459,27.56787334271711,,2023,0.09862246240178744
bg_random,66.42855260708012,25.994399663654576,,2023,0.15580651660760245
bg_random,64.03715027974688,23.412023836431352,,2023,0.23239765067895254
bg_random,68.51378472446638,28.302944991424017,,2023,0.5663729707400004
bg_random,69.22181151282564,27.041423639436854,,2023,0.37184200684229535
bg_random,68.03385219991921,24.44724725459275,,2023,0.04037792639185985
bg_random,67.2132396747028,28.46294512426605,,2023,0.42886284987131756
bg_random,62.1754213156504,29.78501685692316,,2023,0.0012744152433394145
bg_random,61.387842777418456,22.94719296976645,,2023,0.006726686338273187
bg_random,60.3351155723668,20.047205705641197,,2023,0.10716217011213303
bg_random,66.81345552442305,26.79297266397443,,2023,0.19440733889738718
bg_random,63.4576800232778,29.491228851813343,,2023,0.1750976691643397
bg_random,66.23127173538062,25.86421215044865,,2023,0.2952905197938283
bg_random,62.097639632470695,24.506989002283905,,2023,0.012647945433855057
bg_random,60.17346271082056,23.31327836980204,,2023,0.09817905475695927
bg_random,62.29447249577974,25.492625328406223,,2023,0.20212518672148386
bg_random,62.46622625564488,27.007290332299284,,2023,0.006076766721283396
bg_random,62.73639215429864,25.370562489112373,,2023,0.24422150353590646
bg_random,62.58174697376985,28.053758571915303,,2023,0.1484327713648478
bg_random,67.94940333680842,28.0874997038168,,2023,0.3212995578845342
bg_random,69.54353997162963,29.013394776197067,,2023,0.8126488924026489
bg_random,60.95746276690837,22.22719670109461,,2023,0.022011589957401156
bg_random,66.08484486710314,27.048634125353928,,2023,0.5964151322841644
bg_random,67.06075339937233,24.871713981742914,,2023,0.4964314301808675
bg_random,66.8764806618509,24.890302148659085,,2023,0.08100910236438115
bg_random,63.7213676355513,25.415866100059997,,2023,0.1532108634710312
bg_random,62.660104800324206,27.53098994623864,,2023,0.02207705844193697
bg_random,61.707141497913824,25.98346794833829,,2023,0.05572322135170301
bg_random,67.81891285929036,23.753094791555647,,2023,0.32222357392311096
bg_random,60.7135402004086,28.0650428691191,,2023,0.06805272524555524
bg_random,69.2976995840113,26.49407409517025,,2023,0.2588224510351817
bg_random,64.75883383340513,25.337184479153425,,2023,0.04048706001291672
bg_random,64.56571766276514,27.205171842109028,,2023,0.049356320252021156
bg_random,61.63134246049007,29.46807188188022,,2023,0.04382109517852465
bg_random,63.78747830849964,23.146051892992844,,2023,0.3069210747877757
bg_random,65.37734859812629,28.13318530911061,,2023,0.0536599475890398
bg_random,60.96611184013671,27.088801165262453,,2023,0.1736771042148272
bg_random,67.64449140579622,27.769570060019067,,2023,0.03412515918413798
bg_random,66.22047576477036,27.31097308645487,,2023,0.19574231406052908
bg_random,62.12661677945045,27.586664572343107,,2023,0.05323928532501062
bg_random,67.30336238092305,24.80298242534683,,2023,0.002382333429219822
bg_random,61.53918236723383,27.613774534166435,,2023,0.3358708322048187
bg_random,62.17872016191614,25.755932305019083,,2023,0.1462766503294309
bg_random,64.00143585313484,26.930811202482094,,2023,0.011412362956131497
bg_random,61.86214540333874,26.954536631757577,,2023,0.005395318226267894
bg_random,62.87035902987914,28.621446948242763,,2023,0.0030874436439868682
bg_random,62.17648132161166,27.64539615795669,,2023,0.006503066130486938
bg_random,68.01777359136102,28.24279470286681,,2023,0.5036612451076508
bg_random,63.94417299356795,29.539924785161563,,2023,0.043824231872955956
bg_random,63.579010522131895,26.068755753775047,,2023,0.05279484080771605
bg_random,64.00344702752793,26.63996197485116,,2023,0.00285212144566079
bg_random,68.66211403233929,24.082758089131985,,2023,0.0026167706043149033
bg_random,61.30578015567027,21.889291122473637,,2023,0.0008758330513956025
bg_random,64.35426303767056,28.774551432006238,,2023,0.08275501305858295
bg_random,62.35129296493948,24.500495975572704,,2023,0.09429941698908806
bg_random,65.84433264535822,24.668234018430308,,2023,0.022877943546821673
bg_random,67.24302628282702,24.380494854641604,,2023,0.5122318963209788
bg_random,66.15718175653211,24.00300724119229,,2023,0.30431514978408813
bg_random,65.80095121992638,27.655015468170184,,2023,0.026537710800766945
bg_random,61.388002555439016,21.855726913069915,,2023,0.057214789713422455
bg_random,66.05184265050514,25.202317918779837,,2023,0.06755578517913818
bg_random,62.50086783213061,26.342013877799403,,2023,0.0006696046878384246
bg_random,68.26728180834593,24.903930423566607,,2023,0.016339612503846485
bg_random,63.74257037159545,27.813117250938863,,2023,0.10460382451613744
bg_random,64.45892823644351,29.778579624819848,,2023,0.11204095681508382
bg_random,66.58939381995134,24.67462555731068,,2023,0.016950275128086407
bg_random,62.7255811721543,28.841700111998087,,2023,0.13261747049788633
bg_random,68.08184444140412,27.32090693472192,,2023,0.0037522565883894763
bg_random,64.92205724328633,27.54722037627299,,2023,0.12487530459960301
bg_random,68.27261806485896,23.67936169075366,,2023,0.2840803364912669
bg_random,68.4575909981277,27.197375105919043,,2023,0.8691614866256714
bg_random,63.9304319104332,26.740096782270893,,2023,0.08996564770738284
bg_random,62.76474054236582,27.70741706923011,,2023,0.012063846690580249
bg_random,60.82840172580051,27.51477674247384,,2023,0.10316130798310041
bg_random,62.10818378172507,22.129236045783216,,2023,0.00046308320116850155
bg_random,61.42349743757258,22.14340879450845,,2023,0.04189380041013161
bg_random,61.551804057104086,23.882408640120087,,2023,0.020633319004749257
bg_random,66.8307099235592,26.102591409960997,,2023,0.036410573249061905
bg_random,60.78727219412148,22.777685486670983,,2023,0.008827339392155409
bg_random,65.01442261369749,28.32047344169336,,2023,0.6934873263041178
bg_random,64.33919557228508,25.643418281674737,,2023,0.05853645751873652
bg_random,65.02473159549274,27.404985439182955,,2023,0.06547702228029569
bg_random,63.7319178164539,25.37022669031484,,2023,0.03651751670986414
bg_random,63.07939178603228,30.887660008100298,,2023,0.04218719340860844
bg_random,60.99045094144908,22.46961210244251,,2023,0.028977444395422935
bg_random,62.36820619410901,25.550780128664123,,2023,0.02392744179815054
bg_random,61.90575178472524,22.893054388196024,,2023,0.008990723639726639
bg_random,67.41340024224803,27.52169273412749,,2023,0.10539341221253078
bg_random,60.94296271763336,23.81332339467947,,2023,0.019877453489849966
bg_random,61.70403420003094,29.69062467203841,,2023,0.04955370103319486
bg_random,62.59871748679869,27.13477051612932,,2023,0.0016112179243161033
bg_random,68.71672471929283,25.538260432367743,,2023,0.28243280450503033
bg_random,66.48728103240646,27.7157534432542,,2023,0.10829408963521321
bg_random,62.73024137216559,30.500053589528733,,2023,0.04964954654375712
bg_random,62.52419592313643,21.2722992554668,,2023,0.0068758816147844
bg_random,65.98320912941794,24.667548532190608,,2023,0.1470903530716896
bg_random,64.0972652677097,29.310834737843184,,2023,0.0825877736012141
bg_random,63.5772134203694,28.499725037194285,,2023,0.0029550536225239434
bg_random,63.72769861392657,24.019811378432145,,2023,0.024948901186386745
bg_random,68.45190073263291,25.366781980662317,,2023,0.44337133566538495
bg_random,61.537357026333744,27.497579314546964,,2023,0.052209398398796715
bg_random,63.08962532059311,25.72287676675441,,2023,0.46286386251449585
bg_random,61.806310054657565,23.531823944953363,,2023,0.1818213015794754
bg_random,60.60776397681912,21.88933215686487,,2023,0.032469846308231354
bg_random,66.92666597994076,26.06504081626304,,2023,0.9258378744125366
bg_random,64.84333536396842,29.51675749568591,,2023,0.0445418618619442
bg_random,60.08739660055923,23.420792458524645,,2023,0.05388965799162785
bg_random,62.99581839733127,24.68189325353151,,2023,0.18295339743296304
bg_random,65.88222832442214,28.812474511058003,,2023,0.05410327514012655
bg_random,62.14647196059089,22.54745781711522,,2023,0.0032278695919861398
bg_random,67.81543967625214,25.948734246347648,,2023,0.0014166547916829586
bg_random,65.3814455028673,25.896588103582303,,2023,0.29557647307713825
bg_random,67.84748413238731,29.568497457607265,,2023,0.1940181404352188
bg_random,64.76118318341621,26.18631643302232,,2023,0.18678290396928787
bg_random,67.6830075640915,27.899590737327653,,2023,0.021498750274380047
bg_random,66.893886096368,24.94728537573237,,2023,0.09116131067276001
bg_random,64.83450658492936,24.89466551269245,,2023,0.01639177417382598
bg_random,66.82806251980404,26.91090899190681,,2023,0.2130657657980919
bg_random,67.39569134265592,29.637748080267823,,2023,0.004538852643842499
bg_random,62.7080009777223,30.80209252859781,,2023,0.03661744234462579
bg_random,62.03322184888789,21.734553323579565,,2023,0.06905605519811313
bg_random,66.87774775201879,25.40373775122324,,2023,0.6383227904637655
bg_random,62.29139183592476,27.808244610251126,,2023,0.028063739960392315
bg_random,65.84349478953635,28.212204247065667,,2023,0.03984570627411207
bg_random,67.41132647064845,23.976471467910528,,2023,0.037147460194925465
bg_random,63.05067974682425,31.250794217854523,,2023,0.004244072285170357
bg_random,61.051469283845016,27.858266277310147,,2023,0.017202208284288645
bg_random,63.87602724769401,29.07433739779866,,2023,0.10078437874714534
bg_random,62.02995870004298,24.228297610054927,,2023,0.2276705652475357
bg_random,62.63839969735049,24.549709709920776,,2023,0.018705484922975302
bg_random,67.97090917394405,28.54003260505857,,2023,0.1778231660525004
bg_random,67.43818548702374,26.76625713828249,,2023,0.36375653743743896
bg_random,61.92788481819756,28.16588824260844,,2023,0.021242995435992878
bg_random,67.08809936954796,26.24555265314644,,2023,0.05154984878997008
bg_random,63.7193509316881,25.38941507637225,,2023,0.2445539434750875
bg_random,61.67834008791167,21.89371189463191,,2023,0.09973778389394283
bg_random,67.16987437123441,26.82576542332516,,2023,0.017978431036074955
bg_random,63.8773608140644,29.78972329409361,,2023,0.04327798138062159
bg_random,66.04785062594141,25.38666588375676,,2023,0.0069634015671908855
bg_random,64.29129793952073,29.41140221251701,,2023,0.9293434023857117
bg_random,64.30186666313301,29.43250915400714,,2023,0.4803733825683594
bg_random,64.73764091884024,24.615791581988763,,2023,0.013378894344593087
bg_random,60.25142603878797,22.303893322997297,,2023,0.3196210066477458
bg_random,65.51056162196875,28.90879420615795,,2023,0.02944842694948117
bg_random,60.47319196163364,23.06281058957588,,2023,0.0011349366735278938
bg_random,62.584490595295925,23.05809614140316,,2023,0.08440814539790154
bg_random,60.65807751430231,22.874063295099266,,2023,0.02663834299892187
bg_random,63.82272598711197,29.20114354411673,,2023,0.543769359588623
bg_random,66.01186804514724,24.516357505769065,,2023,0.0038074858020991087
bg_random,60.54112515236594,21.785603739584342,,2023,0.4837896227836609
bg_random,68.0815911317558,24.3597084981075,,2023,0.13501540571451187
bg_random,63.33856104852766,22.63723352260913,,2023,0.0015087532374309376
bg_random,60.29775534246789,23.639713472925703,,2023,0.03792014221350352
bg_random,66.74899402565468,28.703449875610524,,2023,0.04160961136221886
bg_random,65.66913836785649,26.338570166437403,,2023,0.020245791412889957
bg_random,67.79473894866649,25.616520550193314,,2023,0.15007206052541733
bg_random,67.94439682668633,25.753112124083035,,2023,0.14780842264493307
bg_random,67.34583580807923,27.92822575964681,,2023,0.02031058445572853
bg_random,68.46659830165001,26.042777530137386,,2023,0.00039958431564931135
bg_random,62.55279186820949,28.377594033675503,,2023,0.26585862040519714
bg_random,60.5583438185305,24.141803817841424,,2023,0.2284742792447408
bg_random,66.56757927466045,25.514926702908276,,2023,0.016848968031505745
bg_random,64.57017235497798,24.39655261261304,,2023,0.22747640063365301
bg_random,61.7060058967394,25.268429749022424,,2023,0.3708454767862956
bg_random,62.977812727573856,27.43574061842255,,2023,0.07626902932922046
bg_random,68.88573109276528,27.395805931671514,,2023,0.26696821053822833
bg_random,62.9296642300809,21.86250855589578,,2023,0.028210391600926716
bg_random,63.94944366866648,28.4604896674536,,2023,0.1510473464926084
bg_random,62.34674701819552,24.00152180816523,,2023,0.4385398328304291
bg_random,63.310888163301385,30.52950820358664,,2023,0.02750724305709203
bg_random,63.69686261249041,24.057710223982472,,2023,0.183791716893514
bg_random,66.87958709026744,25.9083478957855,,2023,0.09110085914532344
bg_random,68.63649761421844,27.79561403742934,,2023,0.9661483565966288
bg_random,65.3341689353495,25.55217124003028,,2023,0.047125108540058136
bg_random,60.25676344667936,20.836637119687865,,2023,0.5705270369847616
bg_random,60.96897372974039,28.43654131823416,,2023,0.0741855576634407
bg_random,66.82172389227874,28.496787514160616,,2023,0.02852736661831538
bg_random,66.35362117790935,28.31365335091924,,2023,0.11039628088474274
bg_random,66.28652711161791,29.0590930136175,,2023,0.25359246631463367
bg_random,65.42305654357295,29.476718390424363,,2023,0.05931962033112844
bg_random,67.72036433823111,27.0126687563169,,2023,0.0031000548818459115
bg_random,62.516243719760574,22.226711681054333,,2023,0.03550538048148155
bg_random,62.64884675747976,21.79304615477748,,2023,0.16663193702697754
bg_random,64.7932925191851,24.637489560368824,,2023,0.9134156703948975
bg_random,60.83528510023315,27.941351549443382,,2023,0.39092432459195453
bg_random,60.56979925589332,22.25651382490729,,2023,0.35795743266741437
bg_random,60.136557866185775,22.722747750559392,,2023,0.04128097121914228
bg_random,65.47799916472985,27.32838015126201,,2023,0.021066082641482353
bg_random,69.09396716364216,26.9889512326515,,2023,0.6367541948954264
bg_random,68.02292371765992,26.033188343775645,,2023,0.002851685509085655
bg_random,62.35231163365455,22.673886374099983,,2023,0.006592679613580306
bg_random,69.52993805544021,28.577001731347924,,2023,0.22379624843597412
bg_random,64.72022774657972,26.7228073900015,,2023,0.003148525565241774
bg_random,65.5103132288308,28.77555647584826,,2023,0.027849228431781132
bg_random,60.29395164825776,22.091341228870576,,2023,0.8125057816505432
bg_random,63.45535324837847,22.266425525610583,,2023,0.0012176097176658611
bg_random,60.86376144282416,24.126323658760803,,2023,0.056327937791744866
bg_random,64.02045530090658,24.822266583287234,,2023,0.2429797649383545
bg_random,61.48068931802696,28.26478819806456,,2023,0.005825968265223007
bg_random,65.54731571277304,27.825312166585825,,2023,0.24380111694335938
bg_random,64.39621336294026,30.021965703841836,,2023,0.03814407313863436
bg_random,67.45480462024685,28.35172977354365,,2023,0.8089695970217387
bg_random,68.29050988991375,26.55639342465833,,2023,0.276777649919192
bg_random,63.12064350664512,24.19524497179461,,2023,0.06674818756679694
bg_random,67.42844065527524,24.49768060591025,,2023,0.49574891726175946
bg_random,62.351981750682086,22.12529272658117,,2023,0.2927468717098236
bg_random,61.999115138259,25.798701562005597,,2023,0.6694673498471578
bg_random,60.80231016437104,28.18677831503329,,2023,0.39823176463445026
bg_random,66.96684351882126,24.14799525543724,,2023,0.27157295246918994
bg_random,68.28678756347102,26.948651926652783,,2023,0.15850020945072174
bg_random,64.91271585923131,26.702897940773507,,2023,0.18186341722806296
bg_random,63.16813068075494,28.83319013237777,,2023,0.24300320943196616
bg_random,61.01928399319911,24.372610528022825,,2023,0.550322949886322
bg_random,62.26509904593977,23.93532247364616,,2023,0.35010958711306256
bg_random,61.560032370437526,22.28979194081728,,2023,0.5280199746290842
bg_random,67.06989125059594,25.0122910203425,,2023,0.04472890620430311
bg_random,62.1339991598303,23.34325003294596,,2023,0.056965588281551995
bg_random,63.37816383331924,30.23247079862995,,2023,0.05986506740252177
bg_random,66.58752428290074,26.150362309310804,,2023,0.03502875240519643
bg_random,63.74258666695986,24.976634449534696,,2023,0.22925173242886862
bg_random,61.5789713416452,29.24685090204075,,2023,0.08818197747071584
bg_random,62.78839176073619,28.82805395714133,,2023,0.4329758286476135
bg_random,65.6587754678456,27.0899283703858,,2023,0.01956304907798767
bg_random,69.39970543269375,26.358841439704022,,2023,0.7378443876902262
bg_random,63.99468293431364,28.044158049880718,,2023,0.5888187487920126
bg_random,65.54302942840243,28.408143137803417,,2023,0.7976140777269999
bg_random,64.18375680826688,26.527972212759494,,2023,0.003651306265965104
bg_random,64.89989357713502,29.278538183062803,,2023,0.6462381879488627
bg_random,62.3879616347034,30.20017252173007,,2023,0.024864148038129013
bg_random,62.75416927084391,30.53769990114456,,2023,0.008386209839954972
bg_random,63.464480975281965,23.59134315373886,,2023,0.029084364883601665
bg_random,62.433467936870144,29.63317980266952,,2023,0.07715268060564995
bg_random,63.78156431073958,29.271000167459917,,2023,0.041317738592624664
bg_random,67.99040311196697,26.043344968924483,,2023,0.0006673430665008103
bg_random,61.85333209028057,26.08017927484988,,2023,0.007487558100062112
bg_random,68.48414611117441,22.315192342885588,,2023,0.001722434574427704
bg_random,61.70173240430111,26.26016963214761,,2023,0.006413378044574832
bg_random,63.83870482218671,28.43295121788165,,2023,0.029433508403599262
bg_random,60.56953455680452,23.71580667878575,,2023,0.027914051276942093
bg_random,65.12248756738957,28.480274307089616,,2023,0.48718157410621643
bg_random,63.8418888393103,26.76986389195655,,2023,0.30757156014442444
bg_random,64.3367075643881,27.984908262276942,,2023,0.3808540205160777
bg_random,68.82964955483305,28.739597679010835,,2023,0.004628448126216729
bg_random,63.43717818606435,22.252079450561705,,2023,0.028544139737884205
bg_random,62.96619264646412,29.971806714572228,,2023,0.12489714473485947
bg_random,61.53950620363684,26.27637056277243,,2023,0.011845833505503833
bg_random,62.48873000172462,22.918724927330857,,2023,0.029823096469044685
bg_random,63.32354723564732,26.94298392946291,,2023,0.011837448847169677
bg_random,67.31794672043762,24.10921723529617,,2023,0.9401912291844686
bg_random,69.00173199981711,26.06516071819493,,2023,0.3994951794544856
bg_random,68.8193447397423,27.79144269263413,,2023,0.2919950286547343
bg_random,60.82125255466926,24.797672497953386,,2023,0.0068150403288503485
bg_random,62.1255589011719,27.77284211779362,,2023,0.07948745662967364
bg_random,67.8632055372513,23.669213945719,,2023,0.05511971656233072
bg_random,67.8899804948629,24.421478553186837,,2023,0.0027013721240412756
bg_random,65.85748490186728,28.922250666317325,,2023,0.04213450911144415
bg_random,63.34365940543784,27.672053909341244,,2023,0.02765014860779047
bg_random,64.1932149389084,29.52810938922644,,2023,0.16777429978052774
bg_random,66.31269084492072,27.962418292738217,,2023,0.2304223676522573
bg_random,66.6930512118632,28.71191626501849,,2023,0.05477492573360602
bg_random,67.8546471629357,25.5722637913088,,2023,0.019392079052825768
bg_random,67.43451340335362,24.25288042040096,,2023,0.19397387901941934
bg_random,63.07256155361405,27.276923035639697,,2023,0.013192331418395042
bg_random,61.396613735894405,23.714106981577867,,2023,0.16281172508994737
bg_random,62.8590179456432,25.354337936359016,,2023,0.3563728630542755
bg_random,61.02511836109076,26.251993449278476,,2023,0.026512612588703632
bg_random,63.10052037328538,24.88157750800688,,2023,0.022262401956443984
bg_random,68.03460724066983,25.72486437005274,,2023,0.1940394937992096
bg_random,62.02281127976482,25.68769915335027,,2023,0.002110744457847128
bg_random,65.68002773166218,26.40305461752128,,2023,0.04026265752812227
bg_random,62.36878802799979,27.76053951933161,,2023,0.0023599801012702906
bg_random,67.25129299524181,29.234548804172643,,2023,0.5820223987102509
bg_random,62.92934925998212,31.398560210313256,,2023,0.02313274471089244
bg_random,68.99360114684004,26.58785766058135,,2023,0.22364234924316406
bg_random,63.15962916102757,22.441149717908345,,2023,0.0016984875934819381
bg_random,60.8160051901231,27.92490127464379,,2023,0.38234297434488934
bg_random,66.17878976996369,29.73804049523879,,2023,0.3783966700236003
bg_random,67.51715343661596,29.240433819845933,,2023,0.008023131483544907
bg_random,67.90167058598313,24.36182935013671,,2023,0.038393144185344376
bg_random,66.45654855000248,28.090732068838065,,2023,0.4318668643633525
bg_random,62.34840726283641,21.5054753944159,,2023,0.014736088613669077
bg_random,63.23892068279442,28.300910657937557,,2023,0.20669287939866385
bg_random,62.02985158902947,28.924904387167206,,2023,0.026000956383844216
bg_random,61.00659243965761,27.720643808650024,,2023,0.045297558108965554
bg_random,60.754967144016135,21.63403253736108,,2023,0.2694482356309891
bg_random,60.99366788480695,22.23360669337709,,2023,0.8378418882687887
bg_random,68.98262480839064,26.61924344197112,,2023,0.5218550662199656
bg_random,62.83341574286154,22.99173018304857,,2023,0.0214320020750165
bg_random,62.23618435492144,21.425024762219028,,2023,0.006167552899569273
bg_random,68.6353320898141,27.912465512811863,,2023,0.020034939671556156
bg_random,62.79555532582108,23.404885666210795,,2023,0.017391628120094538
bg_random,66.57330616216476,27.564590435556543,,2023,0.7331977089246114
bg_random,64.7962193913039,27.730214882591024,,2023,0.10237830132246017
bg_random,62.27040476349602,29.183512371171062,,2023,0.054987541089455284
bg_random,63.4039708276759,28.05306021379895,,2023,0.10962883507212003
bg_random,60.74407410108443,23.97199517265569,,2023,0.10733067244291306
bg_random,61.21512057780643,22.103995506283848,,2023,0.007178487586012731
bg_random,64.00426531295052,30.1000192349646,,2023,0.18688716987768808
bg_random,66.62943615971167,26.630768906578297,,2023,0.05575966586669286
bg_random,61.045568242144775,24.83280092461453,,2023,0.0011393592285457999
bg_random,67.83054145988832,26.30448182297874,,2023,0.05449704668717459
bg_random,68.06113758864296,25.484275998141744,,2023,0.08110537628332774
bg_random,62.50952938327806,30.425916839511878,,2023,0.02994294681896766
bg_random,63.05471148170377,26.913129001501712,,2023,0.004320903914049268
bg_random,64.73775092208761,25.801249980551816,,2023,0.001828235089002798
bg_random,67.2404128610969,24.55137948758248,,2023,0.19396290058890978
bg_random,61.55256558102821,22.08248390115324,,2023,0.0381516112635533
bg_random,66.16420204045541,26.23377243317442,,2023,0.10323491382102172
bg_random,61.71193893696745,23.95255558924052,,2023,0.6194556951522827
bg_random,62.77145680969983,26.84124773830759,,2023,0.03450631598631541
bg_random,66.80835418535798,24.067297699875837,,2023,0.008191389264538884
bg_random,62.11598738869312,23.293232743116903,,2023,0.8439587155977885
bg_random,63.511574091920544,24.412386653685004,,2023,0.04870281834155321
bg_random,62.69402631563756,30.871350876547844,,2023,0.045865428944428764
bg_random,65.06463740165928,26.34917774480576,,2023,0.016419366700574756
bg_random,60.76659447211629,27.624797287956085,,2023,0.26029206564029056
bg_random,66.79478711590914,24.88057004991365,,2023,0.05912129953503609
bg_random,62.50255170618279,23.97499635833896,,2023,0.13063198948899904
bg_random,62.34568899224604,27.227874931844653,,2023,0.003620325277249018
bg_random,60.620781407647385,23.68338136560279,,2023,0.7154497901598612
bg_random,66.1330520192242,24.3661968323776,,2023,0.02616104017943144
bg_random,61.28018894693606,22.906705909057,,2023,0.12028520305951436
bg_random,62.390407267815576,24.941178898106088,,2023,0.018358991636584204
bg_random,62.340357197859866,30.32373283340927,,2023,0.01693766990986963
bg_random,64.01421237486993,30.145346715749923,,2023,0.01546718793300291
bg_random,61.999974844062585,22.695567879491907,,2023,0.09454198181629181
bg_random,64.2932862399822,25.254500772950745,,2023,0.05550802002350489
bg_random,62.05842560257203,21.338950538806195,,2023,0.2397286593914032
bg_random,64.98522838834333,28.404164222132085,,2023,0.006467329687438905
bg_random,66.26562639301575,29.59168254291891,,2023,0.24686555564403534
bg_random,66.14821034180868,29.18655865248024,,2023,0.021849896758794785
bg_random,63.75806401149396,23.42738701706672,,2023,0.1378608246644338
bg_random,60.50816345691804,24.12786155266022,,2023,0.13420428584019342
bg_random,66.72082170776154,28.17170621079592,,2023,0.694927990436554
bg_random,66.24638612806456,24.719816863754247,,2023,0.04723600080857674
bg_random,63.92298944794115,27.379231784469663,,2023,0.010423539516826471
bg_random,62.64102853974546,30.71507832506783,,2023,0.16013073921203613
bg_random,66.2273667123002,29.10159703149768,,2023,0.07637874968349934
bg_random,60.98536659460455,26.9209028975187,,2023,0.028088573987285297
bg_random,64.47256293362513,26.65477261287179,,2023,0.5706703364849091
bg_random,68.367912285664,22.870039433958777,,2023,0.050321864585081734
bg_random,61.89304804947562,22.46608126914214,,2023,0.8543052673339844
bg_random,67.18918009924587,29.369774563237076,,2023,0.24563616017500559
bg_random,68.0107122765164,24.32832718502173,,2023,0.002219000937960421
bg_random,67.16178410943343,26.96324386904149,,2023,0.050613761569062866
bg_random,62.338294905498806,21.924128064141527,,2023,0.14049838234980902
bg_random,67.55644097546976,27.492167115828234,,2023,0.07312993705272675
bg_random,65.00737632521692,29.089062143518,,2023,0.04001492572327455
bg_random,63.21036461356741,24.74717717388093,,2023,0.03649145574308932
bg_random,61.717918151804696,25.680397057053806,,2023,0.05849256366491318
bg_random,64.04550022975755,23.49492731060059,,2023,0.4129732648531596
bg_random,68.32238324597405,27.019989089202795,,2023,0.11639779557784398
bg_random,67.67016832299251,23.772874294982504,,2023,0.0098670554968218
bg_random,62.64706858840641,27.17650145120273,,2023,0.017787459616859753
bg_random,65.94353585702933,26.003987310704105,,2023,0.04210303040842215
bg_random,60.58147657895546,24.10791132047463,,2023,0.14399188508590063
bg_random,60.77635540863019,23.620259225803824,,2023,0.08568241571386655
bg_random,63.077787368265,27.141732504034568,,2023,0.05060840553293625
bg_random,67.73277669583354,28.093352342024584,,2023,0.27949325243632
bg_random,62.76231972468118,25.678451133903724,,2023,0.9057159225145975
bg_random,64.11929031163818,25.685362935254044,,2023,0.03794641109804312
bg_random,66.71313664705943,28.12309787089466,,2023,0.03179756117363771
bg_random,62.240071968238425,25.56432457582257,,2023,0.43080120782057446
bg_random,62.41566286152422,24.42912308135904,,2023,0.0029057005109886327
bg_random,66.34977642501565,27.681092552024435,,2023,0.06264250352978706
bg_random,61.79086989480109,26.891231658135325,,2023,0.12460114806890488
bg_random,65.83611183576136,28.581125712275583,,2023,0.2819402813911438
bg_random,63.83424074175278,27.252837220816225,,2023,0.21943868696689606
bg_random,67.78278844448118,27.03962424829828,,2023,0.0019467493596797187
bg_random,68.42559885627988,25.16936980576684,,2023,0.006006381396825115
bg_random,68.7566894392511,27.15293346568258,,2023,0.3367836574713389
bg_random,60.97153811882842,26.15512082887896,,2023,0.005060927631954352
bg_random,67.44370814168542,28.23147036992422,,2023,0.057230288783709206
bg_random,64.06809336773759,28.3994639684773,,2023,0.17113576084375381
bg_random,62.83346946574447,22.199160140828152,,2023,0.06951203693946202
bg_random,62.85856452978233,27.28873813199623,,2023,0.010448593956728777
bg_random,68.9996669794302,26.758568275985805,,2023,0.5036122699578603
bg_random,65.1830165399466,26.891872873399823,,2023,0.22043238331874213
bg_random,67.67501004248902,25.83496377412262,,2023,0.8034594058990479
bg_random,65.04356654959695,26.154947739175736,,2023,0.051197425772746406
bg_random,63.553605925007176,28.51845155981916,,2023,0.024249921863277752
bg_random,61.03791265084284,23.609623272577927,,2023,0.32051653663317364
bg_random,62.85857608959039,28.571117424851597,,2023,0.06438777471582095
bg_random,62.690755376801015,26.025205749480023,,2023,0.09535779679814975
bg_random,63.08078142100298,29.35846092833629,,2023,0.018118311651051044
bg_random,66.28067020093638,29.263314531640056,,2023,0.28000744183858234
bg_random,65.83104244584891,24.38769389984509,,2023,0.0521372656027476
bg_random,62.74063028064795,31.314576837176368,,2023,0.00957413778329889
bg_random,61.88597788798057,22.45676348189258,,2023,0.3243905206521352
bg_random,67.31841902382739,24.24238587126571,,2023,0.001013344536962298
bg_random,61.21933792139372,21.566274336062573,,2023,0.7304253578186035
bg_random,63.38932003447956,25.92730520294495,,2023,0.01931855082511902
bg_random,61.59499907100364,26.99291518198428,,2023,0.012287388555705547
bg_random,61.40701953046249,22.65540228725457,,2023,0.17800032099088034
bg_random,65.34432317482863,28.07469830550867,,2023,0.2879209965467453
bg_random,64.43984605191042,24.5629060398383,,2023,0.035173160334428154
bg_random,64.19722399302444,28.6320229284,,2023,0.3130297114451726
bg_random,67.63237360834025,28.262034917333143,,2023,0.27947769562403363
bg_random,63.11157555738278,22.121757939339567,,2023,0.13465367754300436
bg_random,62.81570061760456,21.60269593645342,,2023,0.0022761368503173194
bg_random,66.55558974190261,25.25681631674131,,2023,0.26943837602933246
bg_random,61.01541788474061,22.51051568489081,,2023,0.5423422654469808
bg_random,66.08489765136838,29.48865212482372,,2023,0.0352834922571977
bg_random,63.348686250298165,30.92050951631854,,2023,0.0031128067445630827
bg_random,67.36783571347264,28.41612666095253,,2023,0.6199211875597636
bg_random,67.72159021451455,23.70749657869468,,2023,0.9207121332486471
bg_random,61.46992429810086,29.201739820252477,,2023,0.07539838552474976
bg_random,67.75557754564377,29.76158420222501,,2023,0.18528475364049277
bg_random,61.81772178731348,23.47186749847092,,2023,0.7940498987833658
bg_random,65.18081546247338,28.07114417489863,,2023,0.0051055314640204115
bg_random,63.32835144083031,24.9396263687511,,2023,0.5596420069535574
bg_random,60.89648536523357,25.00515986646217,,2023,0.037865484754244484
bg_random,65.7168834321694,29.788489304671963,,2023,0.016205813890943926
bg_random,66.36255116104904,25.544237132746723,,2023,0.0038250982761383057
bg_random,62.078388140097765,28.117746929957207,,2023,0.37297528982162476
bg_random,61.63419614260757,22.20046677382837,,2023,0.09932920150458813
bg_random,64.52088657146778,24.37990308795493,,2023,0.049660553534825645
bg_random,64.50084524501118,25.76899920561528,,2023,0.3681064546108246
bg_random,63.16875173082134,22.542523839196694,,2023,0.14880895614624023
bg_random,63.6016588532039,28.223908926836906,,2023,0.22277090946833292
bg_random,63.65791877079459,27.942556682635946,,2023,0.036266341184576355
bg_random,67.88142085621189,25.898535706457533,,2023,0.024506623158231378
bg_random,61.83532285046457,23.283384657167723,,2023,0.12545137604077658
bg_random,62.13189098828804,26.28283739224084,,2023,0.9505417943000793
bg_random,65.38965963969781,27.19126904522814,,2023,0.8773917754491171
bg_random,67.28481381570971,25.75106167608596,,2023,0.011530422605574131
bg_random,67.43732160927078,29.219088797553205,,2023,0.16727673510710397
bg_random,60.89425880143464,28.08433193564144,,2023,0.3144695858160655
bg_random,62.3626490076648,26.64184040295255,,2023,0.07284881547093391
bg_random,65.38864006273461,26.45100029532936,,2023,0.0026157419779337943
bg_random,68.19422745540619,26.95078897988696,,2023,0.0034793802381803593
bg_random,62.002918514633855,26.605743862003123,,2023,0.04142138299842676
bg_random,63.694847064987066,27.769679168155825,,2023,0.0050982564862351865
bg_random,62.06739343653218,27.44591349868856,,2023,0.011528411569694677
bg_random,67.27217382348213,27.933172570036188,,2023,0.0074546909891068935
bg_random,61.763008950784,28.179349892832903,,2023,0.04985786726077398
bg_random,62.65655880374543,26.670767935343257,,2023,0.2004769096771876
bg_random,68.10229372197597,27.178951882602,,2023,0.0009473133377468912
bg_random,66.14258527486336,28.131105975071858,,2023,0.26675014197826385
bg_random,65.32770898203302,29.216162138515635,,2023,0.019427789375185966
bg_random,68.73317630515427,26.055863917947544,,2023,0.34256234516700107
bg_random,62.886568135852,29.381883816955654,,2023,0.21003292004267374
bg_random,67.82811951015073,28.248660390736337,,2023,0.020977941962579887
bg_random,65.5595199388032,29.711979909517577,,2023,0.323062926530838
bg_random,61.21816073883391,27.14402077439184,,2023,0.010793402480582396
bg_random,66.35906761226929,24.686686196221636,,2023,0.5242036382357279
bg_random,59.78852169566518,22.08913862535123,,2023,0.08629684646924336
bg_random,67.07946777494593,24.545177627158644,,2023,0.9050322572390238
bg_random,61.92714343749895,26.685041592930325,,2023,0.17799042910337448
bg_random,66.96595954113637,24.05237287355058,,2023,0.32829158504803974
bg_random,63.20259087390202,28.78923465926165,,2023,0.08990059855083625
bg_random,65.15906973832939,27.906756093405413,,2023,0.25965427855650586
bg_random,67.15975325485765,24.79166534826512,,2023,0.11142526070276897
bg_random,62.76102128876084,25.267976231751287,,2023,0.05447210557758808
bg_random,61.23233299142812,25.10822809947856,,2023,0.007311656100985904
bg_random,68.15473658179397,26.757449549786344,,2023,0.13717226684093475
bg_random,63.79957358243507,29.717023571262224,,2023,0.07465738306442897
bg_random,60.14981397595198,22.331987929188703,,2023,0.08160201211770375
bg_random,61.34260216374844,26.91312527276253,,2023,0.34907229741414386
bg_random,65.12763858101926,25.339729260402827,,2023,0.5084513525168101
bg_random,62.80292858576978,27.425309668369778,,2023,0.014789316647996506
bg_random,67.99200263155818,27.84805319878846,,2023,0.03385030788679918
bg_random,63.61437145094949,29.776489463731103,,2023,0.19386953115463257
bg_random,62.28675937787022,26.619922235254077,,2023,0.0431954525411129
bg_random,60.84278838719717,27.25713469142281,,2023,0.10884588708480199
bg_random,61.01267072727374,21.33146131616473,,2023,0.12535455947120985
bg_random,61.799515579389485,21.83918926255178,,2023,0.04246919074406227
bg_random,67.27976614291445,27.525470425257204,,2023,0.023364922652641933
bg_random,66.2401017491864,26.859250863837257,,2023,0.10458156714836757
bg_random,63.45419267728398,25.591443584762267,,2023,0.014526116040845713
bg_random,60.87916505572069,25.52239908935165,,2023,0.007724190751711528
bg_random,66.0838644192603,28.39486531785965,,2023,0.36580057938893634
bg_random,66.62016843905654,25.630316211753303,,2023,0.006493372066567342
bg_random,66.5215019122115,24.52720202136184,,2023,0.5932379762331644
bg_random,62.83067141159749,21.62513398062486,,2023,0.020561103864262503
bg_random,67.35960179999964,28.79565473090431,,2023,0.4133755962053935
bg_random,68.22463092095762,23.17235466362841,,2023,0.9336356520652771
bg_random,63.34185685249854,27.59274301361731,,2023,0.00599894521292299
bg_random,62.649046895686325,24.66843859315085,,2023,0.06137592655917009
bg_random,68.65551388824622,27.563481670369995,,2023,0.8811675111452738
bg_random,65.79581974970822,27.574443360564885,,2023,0.049414295703172684
bg_random,61.258740125702566,23.495968188004937,,2023,0.004460917669348419
bg_random,64.17225536095604,26.56964077463324,,2023,0.013661094009876251
bg_random,64.2942466118152,24.96209194265517,,2023,0.08376121520996094
bg_random,66.74369075576753,25.120374823522567,,2023,0.05936888108650843
bg_random,60.52488954564146,21.49315590304793,,2023,0.9071849584579468
bg_random,62.03485138605302,28.79918307214193,,2023,0.016241314665724833
bg_random,63.25932537925475,24.994924539717037,,2023,0.19365927080313364
bg_random,64.28947253042529,29.673522758128083,,2023,0.4962461193402608
bg_random,62.95700248868116,27.84485336910091,,2023,0.21938960254192352
bg_random,62.68544174063777,30.537929280239545,,2023,0.24212281902631125
bg_random,63.676777840681474,28.335821888159288,,2023,0.13780444115400314
bg_random,67.88248080233078,27.850921383593107,,2023,0.43752673268318176
bg_random,61.52617689801328,22.141220077238973,,2023,0.1188342918952306
bg_random,67.82176477898793,26.59758740608346,,2023,0.003962871230517824
bg_random,60.005787594218376,22.830746349717288,,2023,0.6896777749061584
bg_random,63.0580782937522,27.661032269634465,,2023,0.21121958394845328
bg_random,65.81961022113649,29.256325541063887,,2023,0.1996281792720159
bg_random,61.59159958604644,27.428209911520494,,2023,0.042837253461281456
bg_random,63.78772264121462,28.93728653720559,,2023,0.048469011982282005
bg_random,62.08465820631837,24.76457206031509,,2023,0.008235008814760173
bg_random,60.43451666298453,25.797584990017373,,2023,0.4047353168328603
bg_random,61.85989601872089,25.74728503813144,,2023,0.053066641092300415
bg_random,66.54708676110742,26.05734697951109,,2023,0.08148424948255222
bg_random,65.4038480838802,28.6670379106674,,2023,0.3118157784144084
bg_random,68.04661118353236,28.97934960180767,,2023,0.30028711756070453
bg_random,61.602396989158684,26.27188833451937,,2023,0.14636052896579108
bg_random,63.06451122855772,29.377731643935046,,2023,0.08690056577324867
bg_random,62.4196432187409,22.267587684276982,,2023,0.826479991277059
bg_random,66.89043158996432,28.688442787183416,,2023,0.09988600015640259
bg_random,61.29237195419998,28.983791489222707,,2023,0.0263155996799469
bg_random,62.65465552338088,25.485595022572248,,2023,0.9802048206329346
bg_random,61.15259351954786,23.026847902667463,,2023,0.025001070151726406
bg_random,65.68201520163208,25.172282434854523,,2023,0.1377966677149137
bg_random,61.736135422108894,29.301016416689023,,2023,0.05607179800669352
bg_random,67.69376987589476,23.62592118537509,,2023,0.022027573315426707
bg_random,62.87914421207197,29.77945895966732,,2023,0.13241029779116312
bg_random,61.056073011916,27.518761993605,,2023,0.01302409234146277
bg_random,69.78128582445378,26.370916786591295,,2023,0.0015245447090516488
bg_random,64.75442972723998,26.15962092155862,,2023,0.4845544596513112
bg_random,66.48866679019616,25.98910175427765,,2023,0.4224044978618622
bg_random,63.395083098423726,29.86421583755687,,2023,0.03570319665595889
bg_random,61.447748865940895,21.731880973943117,,2023,0.08834809809923172
bg_random,63.593871094822426,23.69657173681405,,2023,0.01048160350183025
bg_random,62.545783801127484,22.568197078928534,,2023,0.291401743888855
bg_random,63.068846319142864,30.398068329231624,,2023,0.02666802378371358
bg_random,67.9483666321157,24.597275980070695,,2023,0.007688543914506833
bg_random,61.76269550868823,27.642169083017244,,2023,0.03798359725624323
bg_random,61.20278204146931,28.126484821238385,,2023,0.7295478781064352
bg_random,67.11635005695493,26.655434473064005,,2023,0.42846601208051044
bg_random,68.30193390505617,27.773463824101924,,2023,0.4390287200609843
bg_random,61.04485343095013,27.03984480336937,,2023,0.009139453720611831
bg_random,60.797343333723504,24.996040516399397,,2023,0.15209471806883812
bg_random,64.64075074651208,25.2714039637126,,2023,0.014654516242444515
bg_random,66.5614339303704,28.599003246907905,,2023,0.3095567027727763
bg_random,62.45183531921143,21.191037623466013,,2023,0.37255825599034625
bg_random,62.03978698144334,21.94832281477069,,2023,0.008294713613092123
bg_random,62.57014264185845,23.746282036352216,,2023,0.7368565996487936
bg_random,65.00950071358709,25.886164092972376,,2023,0.9652713537216187
bg_random,60.48091343246959,26.24708936050953,,2023,0.017635082631992798
bg_random,62.35123307540398,21.995032411942866,,2023,0.005335059327383836
bg_random,62.78065049294752,25.396969902166905,,2023,0.03613420886298021
bg_random,68.32856553405387,25.29212949712047,,2023,0.3680581251780192
bg_random,61.25661131733935,22.935759684813927,,2023,0.0426868200302124
bg_random,68.82132665532846,26.68510735776486,,2023,0.913773755232493
bg_random,67.85245246404038,24.37348630585452,,2023,0.0019091225985903293
bg_random,66.96072869384554,24.823268505313447,,2023,0.28705570101737976
bg_random,67.50724721248623,28.140307283389905,,2023,0.1721328149239222
bg_random,61.71873598388649,26.017292917578743,,2023,0.027436083493133385
bg_random,60.562740252799664,27.594011842920576,,2023,0.5001925428708395
bg_random,60.82844600182726,24.09504566197372,,2023,0.020105283241719007
bg_random,61.00500850163211,22.04158880350789,,2023,0.11902509008844693
bg_random,60.99784667637642,26.158267867287208,,2023,0.22622172410289446
bg_random,60.73299864399778,23.275658175751808,,2023,0.4682435045639674
bg_random,66.57523821992122,24.01652151158646,,2023,0.08008115862806638
bg_random,68.58750163623138,23.917909905395877,,2023,0.0027355841011740267
bg_random,62.95573790472903,25.768149595825665,,2023,0.059485286474227905
bg_random,63.5313104735082,29.36856475240367,,2023,0.10000657911101977
bg_random,61.407504463491016,22.078938974501483,,2023,0.16719508171081543
bg_random,68.0674065302839,25.06725256183015,,2023,0.3745725154876709
bg_random,65.66197256157842,28.97248796574064,,2023,0.051201541597644486
bg_random,62.83641214705358,27.230722242125378,,2023,0.040768254548311234
bg_random,63.458047624944605,26.44753799820331,,2023,0.0003925621790585865
bg_random,62.01338876980594,26.653895443435243,,2023,0.07504532982905705
bg_random,61.97750925546201,22.219569891227888,,2023,0.07069153587023418
bg_random,67.63607131886155,29.87769553796543,,2023,0.8606990973154703
bg_random,68.22819691669733,27.549860819467423,,2023,0.005418130041410525
bg_random,66.44649413610844,24.95142774508674,,2023,0.008613383940731486
bg_random,63.68239268193752,27.57720355252721,,2023,0.016961106720070045
bg_random,69.12046265661027,21.67176548683409,,2023,0.004474827631687124
bg_random,67.08077985918261,27.723291202438105,,2023,0.033909731854995094
bg_random,64.26246699711962,30.189114920179826,,2023,0.0032258462354851267
bg_random,62.25839113934034,25.12493894206199,,2023,0.44102683663368225
bg_random,65.73242520307298,26.270662185750364,,2023,0.0013350468846814085
bg_random,61.9224892841179,24.317008919867867,,2023,0.1472362702091535
bg_random,61.98382542903683,23.30869959532248,,2023,0.025027655065059662
bg_random,61.240228882313176,26.3789441607474,,2023,0.02550040651112795
bg_random,60.467910465553686,26.03496884050804,,2023,0.3387863139311473
bg_random,68.99448532434815,26.87901277634407,,2023,0.53916863600413
bg_random,67.22796135574706,29.155665030045984,,2023,0.750472625096639
bg_random,65.86150640255053,25.335594123429065,,2023,0.15611314276854196
bg_random,68.08489988419763,26.18848657078528,,2023,0.4406672418117523
bg_random,65.28540587681488,28.625248675022195,,2023,0.08536852523684502
bg_random,61.3082428158902,26.875282204386345,,2023,0.013962733093649149
bg_random,63.47099342463711,30.02315106159952,,2023,0.66672416528066
bg_random,61.02755109534043,22.75611275874249,,2023,0.031008000175158184
bg_random,62.53619118225045,27.869603336468668,,2023,0.4710094481706619
bg_random,66.06032355660389,26.489563944128506,,2023,0.029930020372072857
bg_random,62.37071035783197,24.264645076991517,,2023,0.055894977102677025
bg_random,60.66624986794902,27.251627194160623,,2023,0.023631596316893894
bg_random,62.67551717303615,24.90733188598092,,2023,0.11495869855086009
bg_random,64.73477119698333,29.25554921669698,,2023,0.44311727086702984
bg_random,66.12925723876704,29.90184128120788,,2023,0.4534063736597697
bg_random,60.19539144125463,23.73221333717093,,2023,0.02517646613220374
bg_random,62.47924130032872,26.24068674870661,,2023,0.013317597137453655
bg_random,62.74685040962742,25.778431691040243,,2023,0.007364468881860375
bg_random,65.92284640009305,25.49121710208107,,2023,0.0019101306873684127
bg_random,64.44616861918755,26.665077800860505,,2023,0.19311102479696274
bg_random,64.62959884809199,29.101508622491444,,2023,0.22498259196678796
bg_random,63.16111540942752,25.485598185992085,,2023,0.21792751053969064
bg_random,65.16158145108434,29.79763568617004,,2023,0.031208626925945282
bg_random,62.810680922196845,24.181464989838105,,2023,0.19585318739215532
bg_random,60.76120360239271,25.948940568853946,,2023,0.0017310684779658914
bg_random,62.361910565550325,25.037147024084305,,2023,0.9171193639437357
bg_random,69.64794284505732,27.090069622101453,,2023,0.8820832570393881
bg_random,61.41008453864148,29.14265772815865,,2023,0.4728214542071025
bg_random,61.86037441552672,28.702864365739863,,2023,0.08149651313821475
bg_random,67.51086483259782,28.580997831039788,,2023,0.008275009070833525
bg_random,63.63240920616043,28.395418117754343,,2023,0.03825968007246653
bg_random,63.31732538499457,24.73370799619041,,2023,0.00805741362273693
bg_random,65.13265461101942,26.58109565888182,,2023,0.07870579014221828
bg_random,67.76487832640943,26.706927895077943,,2023,0.1116619457801183
bg_random,66.72050821844692,26.379073976005984,,2023,0.7924387057622274
bg_random,62.64193451435212,22.47097814019924,,2023,0.7721728086471558
bg_random,63.76135402851433,29.70166333047994,,2023,0.019468506798148155
bg_random,64.00354579233189,30.37076558395536,,2023,0.007177348920473984
bg_random,68.75466077034423,28.388244449578128,,2023,0.40932610630989075
bg_random,63.302972403528806,28.648272728473646,,2023,0.4500664869944255
bg_random,62.305781339643104,22.779174743947795,,2023,0.014146480864534775
bg_random,60.71836115691691,21.96634627936141,,2023,0.014214788175498446
bg_random,62.55848314769423,21.774887932866825,,2023,0.048363909435768924
bg_random,66.60149893247086,25.84368020574642,,2023,0.9163976709047953
bg_random,64.66208395651796,27.1831147346968,,2023,0.0029640625386188426
bg_random,63.24412770289444,24.849392586592035,,2023,0.09906105076273282
bg_random,60.88032095191732,21.369204644135525,,2023,0.5680764516194662
bg_random,66.64457230537992,25.80621963990588,,2023,0.0217708139680326
bg_random,61.625566046098015,24.522424607349183,,2023,0.0501266165326039
bg_random,65.3896525681134,27.196778105625786,,2023,0.029036011546850204
bg_random,60.69370481370088,21.34262243235779,,2023,0.3352741201718648
bg_random,59.96863339060561,23.562137693583622,,2023,0.6565506259600321
bg_random,62.4983560603934,30.143311171951197,,2023,0.2841672549645106
bg_random,63.82113682419328,26.5093472151091,,2023,0.15091591080029806
bg_random,63.75926542275722,24.06646971465375,,2023,0.004343793620743479
bg_random,68.51146810001572,26.541487424767297,,2023,0.19651204844315848
bg_random,63.608690334312286,23.47362247979019,,2023,0.12855138132969537
bg_random,59.88504908307253,23.741587768317306,,2023,0.21862387160460153
bg_random,60.76635249348431,25.23474148907769,,2023,0.26071256895860034
bg_random,60.79438469164951,22.87211322555646,,2023,0.21006857852141061
bg_random,68.33211176510616,24.651256916218383,,2023,0.05986674502491951
bg_random,61.50330384410072,27.69693616550822,,2023,0.08707940578460693
bg_random,67.41810650554245,29.492641158394783,,2023,0.10340906182924907
bg_random,62.07664583859831,28.30053436479791,,2023,0.03842594971259435
bg_random,68.10265169486249,26.90754337465024,,2023,0.0717197706302007
bg_random,64.25383622234361,28.216365327649427,,2023,0.04866987280547619
bg_random,66.97765073361998,27.905383092201927,,2023,0.024417760781943798
bg_random,68.80583349111454,27.01249170754353,,2023,0.3222374717394511
bg_random,63.81468277399679,23.212293302639356,,2023,0.1782026762763659
bg_random,62.07530732059781,23.589434502532637,,2023,0.052189273138840996
bg_random,66.92382314105606,28.747102380428025,,2023,0.08013757566610973
bg_random,66.22135604785011,24.192216499017025,,2023,0.0860405092438062
bg_random,60.03892771283065,20.56602656020474,,2023,0.24644986788431802
bg_random,62.932472598543086,22.136178199824556,,2023,0.07252579679091771
bg_random,62.70167201464022,21.22753417869592,,2023,0.009333284416546425
bg_random,62.55953549655521,22.92023173781085,,2023,0.001572810559688757
bg_random,65.2816202660574,29.155684772024166,,2023,0.06324356918533643
bg_random,64.26302255705353,29.495503219494964,,2023,0.02878571239610513
bg_random,62.28125252566142,25.2135728511023,,2023,0.07525225480397542
bg_random,67.51412938091786,27.96479625319969,,2023,0.36032968759536743
bg_random,62.06751678195154,24.259491665922237,,2023,0.01959973876364529
bg_random,67.67033498390317,26.83188215653928,,2023,0.0379767312357823
bg_random,66.46483339072242,27.412758967824644,,2023,0.38124987483024597
bg_random,62.57942127513409,27.483461047415524,,2023,0.1337785149614016
bg_random,62.75543963949978,25.507689144493664,,2023,0.024530319031327963
bg_random,63.14445891770231,27.093488200956,,2023,0.011822987658282122
bg_random,61.594124021623465,24.289354002128224,,2023,0.08047217006484668
bg_random,60.82174266697723,21.29518221294011,,2023,0.3785753349463145
bg_random,65.99856601699088,29.59346084211967,,2023,0.06067064652840296
bg_random,62.73603192307167,22.48006305702703,,2023,0.07142390434940656
bg_random,61.66647897645712,22.730925670737715,,2023,0.006449921211848657
bg_random,60.561718778641485,23.065184301104328,,2023,0.48874356349309284
bg_random,64.28849854114391,24.646054688854395,,2023,0.023760030046105385
bg_random,66.80416235317377,27.177098810811,,2023,0.3017134716113408
bg_random,62.62313540968224,27.371275613459588,,2023,0.11688362310330074
bg_random,68.73070238587104,22.484047954806663,,2023,0.0015083876205608249
bg_random,63.728589569014616,25.723947897909177,,2023,0.0656404122710228
bg_random,69.51318874864405,28.80933120075356,,2023,0.003699208318721503
bg_random,64.37497389822553,25.81144316576645,,2023,0.007098689209669828
bg_random,65.13906409543317,29.76454398441578,,2023,0.07699385037024815
bg_random,66.70546481109798,24.628504925894923,,2023,0.3933240969975789
bg_random,67.7648157252773,28.878959940599334,,2023,0.13980321834484735
bg_random,66.52038681956226,23.93628469767652,,2023,0.03224866930395365
bg_random,67.18083352820973,28.55046889900774,,2023,0.5051172375679016
bg_random,68.47881123829161,27.69157002531824,,2023,0.318918118874232
bg_random,68.38244308445275,24.073928170097947,,2023,0.00744245791186889
bg_random,67.36915028167496,23.934069208572776,,2023,0.8609632651011149
bg_random,61.329728106733874,23.35247572632789,,2023,0.15411916126807532
bg_random,67.15159421786035,26.169346035444622,,2023,0.07688912811378638
bg_random,66.13080155051126,29.147834158395494,,2023,0.11673829983919859
bg_random,68.20040385523792,26.9766426024725,,2023,0.0021786595849941173
bg_random,62.12473759562733,22.27010053706355,,2023,0.8353073596954346
bg_random,64.95426270357741,28.336141185440777,,2023,0.02882417105138302
bg_random,68.01688144333784,25.734268619811317,,2023,0.651970108350118
bg_random,62.82926399599664,28.59750929061847,,2023,0.010125256628574183
bg_random,66.24333909269563,25.68354484750676,,2023,0.014427941913406054
bg_random,68.1319428271173,27.38203919900517,,2023,0.004772744912770577
bg_random,67.91366691620068,26.34623234737352,,2023,0.012884821742773056
bg_random,63.66188904906611,23.224945433323487,,2023,0.01703944879894455
bg_random,63.1100235010379,21.760356748248217,,2023,0.006854280092132588
bg_random,66.73840778327947,24.547593715765878,,2023,0.5642536679903666
bg_random,66.58780628832015,26.2329934001177,,2023,0.11436169097820918
bg_random,66.74041462185042,28.39270465932757,,2023,0.19070932765801749
bg_random,60.50603080043224,27.731352401174963,,2023,0.8736508886019388
bg_random,67.6001800797521,27.97620962411148,,2023,0.07811561599373817
bg_random,66.56042662059755,25.08087438639567,,2023,0.40660323699315387
bg_random,63.24249468116412,21.384671696644503,,2023,0.010227823009093603
bg_random,60.601315758087615,24.97547241359022,,2023,0.2032395750284195
bg_random,64.18260426203389,26.374219514369724,,2023,0.015207300583521524
bg_random,60.401885072785205,21.42348558658528,,2023,0.7874563336372375
bg_random,62.86147602554645,22.493195398252517,,2023,0.13338167468706766
bg_random,62.45406823615808,27.554000142666744,,2023,0.04222257683674494
bg_random,63.96048010427524,30.223013017358397,,2023,0.10435294856627782
bg_random,62.53981150500237,28.21276617776544,,2023,0.10449523851275444
bg_random,62.02811973292376,21.73666334721864,,2023,0.5855557322502136
bg_random,63.64878038091644,29.371567883750792,,2023,0.004179915064014494
bg_random,63.08886551134045,27.369279653180804,,2023,0.010987188434228301
bg_random,67.04446760248409,27.620740882699344,,2023,0.13139379769563675
bg_random,65.02130607458972,27.1709711806552,,2023,0.004294372163712978
bg_random,62.49927030700964,22.58942416595593,,2023,0.5707523822784424
bg_random,61.51013155560051,25.9932126632501,,2023,0.5776776274045309
bg_random,65.78998541338498,25.88787848146794,,2023,0.01041790284216404
bg_random,66.76500195913125,28.371920709458117,,2023,0.48030869166056317
bg_random,64.18520267044131,24.86007573572589,,2023,0.04667487430075804
bg_random,61.44853913932974,28.38022820388789,,2023,0.06705689926942189
bg_random,60.39808417759621,24.69910829221769,,2023,0.15456494440635046
bg_random,66.03459055644166,28.15526263607037,,2023,0.6034993827342987
bg_random,66.83116202430979,24.03466014289796,,2023,0.3540915350119273
bg_random,61.88737546247053,28.3396777139595,,2023,0.0306180277839303
bg_random,65.21751948654352,27.35593443932541,,2023,0.012442477202663818
bg_random,63.80432807395875,29.872221279215854,,2023,0.4956693748633067
bg_random,59.96211098101351,22.61100842843443,,2023,0.5190384189287821
bg_random,64.18953361675491,27.68159911422921,,2023,0.04577430275579294
bg_random,63.39159128191383,24.29569180420913,,2023,0.9801484147707621
bg_random,65.91799400915173,24.502605599914062,,2023,0.14256034543116888
bg_random,68.05081561249725,23.60375810434884,,2023,0.9859973589579264
bg_random,67.58993934227942,25.344497003485845,,2023,0.005174697532008092
bg_random,68.85694066767573,27.822199653582395,,2023,0.5521208544572195
bg_random,67.07116106461507,25.69066094187533,,2023,0.6038596034049988
bg_random,65.15253450534857,26.55484733016025,,2023,0.023125144963463146
bg_random,63.34358229627023,24.651692323586307,,2023,0.20871015886465707
bg_random,60.80207853704025,27.592853692281707,,2023,0.08982231840491295
bg_random,63.14372121316034,27.234746571859397,,2023,0.3968891004721324
bg_random,61.60121068395747,24.64866667167658,,2023,0.011908714640109489
bg_random,63.597573008442616,27.634501103493022,,2023,0.0169227651009957
bg_random,65.91155986926654,24.76545983777764,,2023,0.052104360734423004
bg_random,63.42111569088456,23.909291957075503,,2023,0.043568068804840245
bg_random,66.10284185823099,25.87207934920217,,2023,0.00252968305721879
bg_random,65.94416823842822,28.44143138884762,,2023,0.8112626075744629
bg_random,66.26723384110859,26.747946164870005,,2023,0.27036717037359875
bg_random,63.50443182736458,29.998056833552116,,2023,0.7700182994206747
bg_random,61.28013016882728,23.607704092532675,,2023,0.027519746993978817
bg_random,65.45751620582354,26.91628654184486,,2023,0.016472727991640568
bg_random,66.08945693297682,29.5698102328838,,2023,0.15318254133065543
bg_random,62.62682558134486,27.171390712514143,,2023,0.08202345793445905
bg_random,63.51292681295967,23.409163202816696,,2023,0.06430785233775775
bg_random,62.10375075289014,26.60811403508975,,2023,0.05175234874089559
bg_random,62.97177649074464,26.37216048551874,,2023,0.025668769065911572
bg_random,63.81446108890536,25.97551796137405,,2023,0.005525685536364715
bg_random,65.88397089130079,25.465771994053163,,2023,0.01811898189286391
bg_random,65.94233778815138,25.64134545421159,,2023,0.0032492736742521324
bg_random,65.6372543102067,27.067260035286008,,2023,0.00994936873515447
bg_random,60.59159257758108,27.6304689448419,,2023,0.05656975507736206
bg_random,61.93228928095993,27.882566975596347,,2023,0.006419364207734664
bg_random,63.66173298499559,25.49322649716438,,2023,0.8545929789543152
bg_random,62.90126476859656,26.44072653438717,,2023,0.0017355977737073165
bg_random,67.47093500917515,29.69964657989122,,2023,0.0034341621600712338
bg_random,68.17962116548244,24.80889851528192,,2023,0.22666290899117789
bg_random,67.27194788913505,27.871184442929653,,2023,0.8406686385472616
bg_random,64.18844372607774,29.767261115268564,,2023,0.03810487501323223
bg_random,63.42511320810584,26.05419841236053,,2023,0.052768283213178314
bg_random,67.19512963523046,23.946971910001015,,2023,0.035288929318388305
bg_random,61.9932430470603,29.817568119567028,,2023,0.7842281659444174
bg_random,60.84176016375704,26.3825675749633,,2023,0.004904876322446701
bg_random,62.12325129064576,27.40317964348232,,2023,0.21623079975446066
bg_random,66.44174605215282,25.25829796622376,,2023,0.026532215997576714
bg_random,67.38793267058678,27.122498577021407,,2023,0.0036712421278934926
bg_random,62.47624927888383,24.91695136927737,,2023,0.09079355870683987
bg_random,63.30335257992434,30.82676004221641,,2023,0.015531537588685751
bg_random,67.82098188154687,26.008879880486948,,2023,0.000626265003423517
bg_random,62.29754683185722,29.624371184941836,,2023,0.0458450602988402
bg_random,61.70259992689684,21.95002645415032,,2023,0.007240237105482568
bg_random,65.30254897965884,27.266480630018677,,2023,0.024540167301893234
bg_random,62.319584238847824,21.592774377558623,,2023,0.8174291650454203
bg_random,68.13007200260793,24.89641186829108,,2023,0.18305052568515143
bg_random,65.48031884351954,27.317698315110245,,2023,0.1976878729959329
bg_random,64.33496267463993,29.09424539773148,,2023,0.05087765430410703
bg_random,67.24276645147964,26.40120504258019,,2023,0.06116523873060942
bg_random,66.1507934431327,25.93307711417098,,2023,0.6865021189053854
bg_random,69.162075202394,27.131185297589266,,2023,0.005573446086297433
bg_random,65.82628221559833,24.910189560901276,,2023,0.17659666140874228
bg_random,62.00466323198966,25.22154588431136,,2023,0.0820145234465599
bg_random,68.6639140264923,27.025416124971684,,2023,0.7498793601989746
bg_random,61.49022117670752,25.92534312959348,,2023,0.01861583503584067
bg_random,63.0163971527104,24.631879385455587,,2023,0.6712540586789449
bg_random,62.766626979749695,24.455978174256803,,2023,0.013232630173054835
bg_random,63.3637340409888,30.583711539008466,,2023,0.05245909156898657
bg_random,62.49287260961341,25.20341301212713,,2023,0.8830094933509827
bg_random,61.40588103573405,26.018147282772684,,2023,0.2680620451768239
bg_random,66.14342173272821,29.259923049055026,,2023,0.16570083796977997
bg_random,68.7161155371936,28.56204757263732,,2023,0.6770145495732626
bg_random,67.09640510876454,24.99684701756376,,2023,0.034247661009430885
bg_random,61.93897364227962,24.32959448570482,,2023,0.29893704255421955
bg_random,62.89186956893702,21.65176783304389,,2023,0.0009961940352998984
bg_random,63.89289081425477,25.61578410349772,,2023,0.005239268920073907
bg_random,68.1987103023555,26.35201484960314,,2023,0.025269914728899796
bg_random,61.92705011730416,25.82042832250607,,2023,0.047213347628712654
bg_random,64.48103273916706,29.85477303892865,,2023,0.005078178985665242
bg_random,66.28600901339746,28.48806824544849,,2023,0.451287974913915
bg_random,64.01646685840363,27.6597014618278,,2023,0.10122919827699661
bg_random,68.38102622473293,27.73801684584777,,2023,0.4464254478613536
bg_random,69.13459596815129,27.66115012783927,,2023,0.33503290514151257
bg_random,63.23668022263179,26.464825964067487,,2023,0.009657417424023151
bg_random,66.56096670444299,25.397421218035195,,2023,0.28708720703919727
bg_random,61.71344476824107,28.47650630339773,,2023,0.1051730679658552
bg_random,64.57500888205027,28.95596219588341,,2023,0.2494537072877089
bg_random,64.62486796483645,27.014220899743997,,2023,0.0045073349416876836
bg_random,63.46425224071011,26.9057907362389,,2023,0.05441563514371713
bg_random,66.97732427757235,27.806011799749555,,2023,0.9334344665209452
bg_random,64.43720886476643,24.83478288096469,,2023,0.01278899967049559
bg_random,65.36742039326514,28.345742878896004,,2023,0.2262699007987976
bg_random,61.98437141643127,28.5427310904514,,2023,0.015484863426536322
bg_random,66.26979862799975,27.26348100109387,,2023,0.02846759061018626
bg_random,62.27119532548275,30.74745625476545,,2023,0.0011971618708533545
bg_random,62.27539056131548,23.056333291217776,,2023,0.6171079675356547
bg_random,68.8602772872278,25.99717843887367,,2023,0.20082451403141022
bg_random,62.01578868823599,28.739666033504623,,2023,0.030882015901928146
bg_random,67.9888627899407,28.17275761228661,,2023,0.0015131529168381046
bg_random,60.26512690453229,25.89750502959276,,2023,0.07153141001860301
bg_random,64.57700710142018,28.32397048769672,,2023,0.1622260163227717
bg_random,66.48202422411333,25.428010960264203,,2023,0.050111059099435806
bg_random,68.29261091379836,26.655975597909976,,2023,0.21215604742368063
bg_random,64.61673521813913,24.775326089080924,,2023,0.0162493953636537
bg_random,64.52435959995353,25.853630013890168,,2023,0.5179083943367004
bg_random,62.90762584734258,30.837740743246297,,2023,0.963097353776296
bg_random,60.75238791865453,27.90017162414462,,2023,0.0041812263273944454
bg_random,60.54502798297198,26.307727254076333,,2023,0.008626683615148067
bg_random,63.01475272704158,23.237094698993417,,2023,0.15332128604253134
bg_random,63.234510944157776,26.116164026035445,,2023,0.09105903655290604
bg_random,60.16811020533624,22.86905827945173,,2023,0.6340184807777405
bg_random,67.65261246368138,24.478420729739053,,2023,0.006597222508086513
bg_random,68.67902919954592,28.02545519632816,,2023,0.17710783829291663
bg_random,64.05932539195419,30.32040945527152,,2023,0.018960967504729826
bg_random,62.41990431448241,30.923928610044364,,2023,2.2846516268752264e-05
bg_random,63.18059937046506,29.18087115951759,,2023,0.2134125828742981
bg_random,64.94393525135645,25.78255849204976,,2023,0.020591062493622303
bg_random,66.87589040165405,27.297733217704124,,2023,0.1979872634013494
bg_random,64.48309299884927,25.27404040565048,,2023,0.022994757009049255
bg_random,64.78031446837237,25.24463583652681,,2023,0.2137027233839035
bg_random,61.50923923017984,25.62730579260859,,2023,0.013347071905930838
bg_random,63.03484614465309,23.77050927942809,,2023,0.03803389798849821
bg_random,64.41411915866225,26.234799848807924,,2023,0.042203765672942005
bg_random,67.67150068301936,26.73677177857478,,2023,0.13002140074968338
bg_random,60.24840301099147,23.02504420627263,,2023,0.6760372122128805
bg_random,66.6023242496588,25.48503900804781,,2023,0.19114900132020315
bg_random,62.80204284648147,25.799679953796744,,2023,0.674455463886261
bg_random,65.87090199024526,25.08271027949916,,2023,0.13028314461310705
bg_random,62.46746801301125,26.880712753331892,,2023,0.008188025870670875
bg_random,68.49347554760087,25.548413079426023,,2023,0.012627365067601204
bg_random,68.54481265558657,25.645863774041107,,2023,0.01817244105041027
bg_random,62.34456150668021,28.079426192467743,,2023,0.007918386720120907
bg_random,67.64901806223165,26.51004871222225,,2023,0.07968866204222043
bg_random,67.57781458307892,27.54072725492624,,2023,0.18892146150271097
bg_random,60.96890490312661,23.8160495412622,,2023,0.06110686684648196
bg_random,61.50291591019563,27.7432203517438,,2023,0.008384192440037927
bg_random,64.27133609523189,24.520271774756598,,2023,0.5203594366709391
bg_random,67.7656630096901,29.75973933068153,,2023,0.006927560782060027
bg_random,67.65866857741017,27.524853578189628,,2023,0.200332909822464
bg_random,67.28388868542153,23.953146653891483,,2023,0.050465267772475876
bg_random,64.21551470729935,30.206803772935984,,2023,0.333456556002299
bg_random,63.66726765339318,25.571181676317984,,2023,0.0007914848004778227
bg_random,62.13652007228424,30.18894364662574,,2023,0.04029628758629163
bg_random,65.82424003212049,24.61330338282852,,2023,0.009803371814390024
bg_random,61.06066720460581,27.192210085394475,,2023,0.10521259407202403
bg_random,60.7445478564545,26.627729048659337,,2023,0.06802213191986084
bg_random,67.97629074736564,25.03506923216308,,2023,0.03567080323894819
bg_random,68.72002035943875,26.96819943239408,,2023,0.4600489139556885
bg_random,62.47571836911567,29.28232342813201,,2023,0.01749957570185264
bg_random,66.64822977920554,25.62152789044522,,2023,0.11118185768524806
bg_random,61.95944551947412,28.883847131570796,,2023,0.026428743576010067
bg_random,66.07497985249846,28.026614523359463,,2023,0.25617631276448566
bg_random,63.8198230895769,28.38095324504548,,2023,0.06167729447285334
bg_random,62.95820491659544,25.89265455589648,,2023,0.2619270980358124
bg_random,66.1207735042599,25.850736301681195,,2023,0.02025691233575344
bg_random,64.28640703989194,24.61448767995716,,2023,0.23094223688046137
bg_random,65.95417340394509,24.637803920823483,,2023,0.0028030782899198434
bg_random,61.81502496647568,25.07246504135857,,2023,0.010062493151053786
bg_random,67.40914516762696,27.791460606860337,,2023,0.5268362760543823
bg_random,62.53221132501072,30.73013805570086,,2023,0.023131938961644966
bg_random,60.54391263643698,23.02734384182956,,2023,0.0843676080306371
bg_random,67.01942312894835,24.38219521529979,,2023,0.11867853502432506
bg_random,65.30873963116733,27.53120212276221,,2023,0.1124736840526263
bg_random,62.7950023739245,31.181475302714045,,2023,0.0021880564745515585
bg_random,66.72179421002924,26.377590314332263,,2023,0.8857844074567159
bg_random,63.07013925666303,29.75679732114929,,2023,0.2716935525337855
bg_random,64.35204538926227,27.095908894087145,,2023,0.3746989170710246
bg_random,64.07956409721217,26.18264609337615,,2023,0.041389066725969315
bg_random,62.57114275795463,26.186662404287866,,2023,0.009323550601645062
bg_random,66.96097598044308,24.9947844599319,,2023,0.5186226765314738
bg_random,66.82773927867922,27.49646590936873,,2023,0.03083462609599034
bg_random,66.42006073021615,25.040010056480646,,2023,0.5565948486328125
bg_random,61.91173199440932,30.131038734390977,,2023,0.010516189931270977
bg_random,67.76349812405789,27.40217011173776,,2023,0.09545778979857762
bg_random,64.69860141421789,26.47675366309307,,2023,0.046207115054130554
bg_random,67.8655451899793,25.103790606565557,,2023,0.22747036317984262
bg_random,66.99274246822907,26.531354877842254,,2023,0.04672664155562719
bg_random,67.20046900748484,23.903331700539105,,2023,0.04338661270836989
bg_random,62.863176567389175,21.151911420938365,,2023,0.4504035214583079
bg_random,62.65604002419265,26.583666080542606,,2023,0.08682264511783917
bg_random,65.94270923791801,27.3139274989339,,2023,0.05051248210171858
bg_random,65.62851684450061,28.710986179061635,,2023,0.04356294249494871
bg_random,66.14893279087659,29.039041336499817,,2023,0.0022288791369646788
bg_random,65.16170456133595,28.291945958858214,,2023,0.057685453444719315
bg_random,61.526875099737104,24.067646151471354,,2023,0.49225085973739624
bg_random,65.78535600882826,29.318735651345914,,2023,0.13514069219430289
bg_random,62.29412537699415,22.283339441106907,,2023,0.10957045604785283
bg_random,67.4286338115632,29.660833818195712,,2023,0.004798493348062038
bg_random,67.85049842180554,28.611964179645685,,2023,0.3243176241715749
bg_random,60.50053890768093,23.07319574521607,,2023,0.19844559828440347
bg_random,63.95397014348082,26.47207911263873,,2023,0.003959646409687896
bg_random,62.44037891535448,23.97787229075191,,2023,0.09230924646059673
bg_random,60.9301139546054,24.50547941313533,,2023,0.08160695433616638
bg_random,67.00506118238228,26.200777843590444,,2023,0.28028565645217896
bg_random,68.37915344718166,23.6540463425091,,2023,0.4136551519234975
bg_random,68.30998820421102,23.559720843553663,,2023,0.3931623498598735
bg_random,60.04308358844743,24.022367823327308,,2023,0.21790137887001038
bg_random,61.88122988175365,22.838140792469915,,2023,0.0011384067838662304
bg_random,65.75354775874389,26.70478353000492,,2023,0.031944641222556434
bg_random,61.78177575221171,27.25250497028401,,2023,0.10257061943411827
bg_random,63.52147584970261,26.221806534731428,,2023,0.009420821559615433
bg_random,62.659841868457306,29.968858888019195,,2023,0.10555370151996613
bg_random,65.9374750772147,27.455235402544425,,2023,0.0016952075141792495
bg_random,64.95648474249248,25.578029950929704,,2023,0.42413801948229474
bg_random,63.0882952744616,28.81960410808131,,2023,0.6641034881273905
bg_random,67.27372199384594,26.68880729267603,,2023,0.27067339420318604
bg_random,67.27682651299072,28.46384794016734,,2023,0.04524710153539976
bg_random,62.899663987464685,28.11835968515465,,2023,0.18237481017907461
bg_random,62.835431330842376,28.122515875556985,,2023,0.033889795343081154
bg_random,69.11392467892516,27.492424670249523,,2023,0.32537488142649335
bg_random,66.05207688931579,29.67314563248328,,2023,0.1117453674475352
bg_random,66.53061146222677,23.98187373595519,,2023,0.03895782710363468
bg_random,60.41955831576164,26.220324298733136,,2023,0.017680413089692593
bg_random,64.07104319716632,27.235632388822086,,2023,0.025550675267974537
bg_random,66.20413866505659,26.79050898993174,,2023,0.019859999263038237
bg_random,67.63661274861892,24.854544021051318,,2023,0.009699258642892042
bg_random,64.86797326326597,27.940830464696425,,2023,0.12274768327673276
bg_random,62.77667073135439,30.31665192194253,,2023,0.04629796758914987
bg_random,63.86903844368032,26.69801077157398,,2023,0.044104753683010735
bg_random,67.77052981692218,26.095155860586715,,2023,0.05907687731087208
bg_random,61.50905675018248,22.9750560080412,,2023,0.03799015594025453
bg_random,64.11046331574188,27.491803819290688,,2023,0.005738238959262769
bg_random,67.57589151459635,29.229449019897352,,2023,0.02826880873180926
bg_random,67.89714478161787,29.205280313192333,,2023,0.8892365097999573
bg_random,67.43516568406223,24.15782048382261,,2023,0.17024137452244759
bg_random,63.60073418144724,24.63340434627108,,2023,0.009017050149850547
bg_random,63.730713065739536,28.29559093469627,,2023,0.09668587769071262
bg_random,62.80142718991889,23.636278209713502,,2023,0.02509572481115659
bg_random,65.00659926371583,29.503936608659792,,2023,0.2570645163456599
bg_random,63.1022111507632,30.33089029940083,,2023,0.045591587821642555
bg_random,64.54609759092364,28.343828187453525,,2023,0.05950557067990303
bg_random,68.02587802399928,28.32639060253715,,2023,0.001937220086498807
bg_random,65.4852176979554,27.632584515804563,,2023,0.02957180328667164
bg_random,60.441840172909856,24.51858394927371,,2023,0.03508417463550965
bg_random,68.10581637430039,27.07785877627556,,2023,0.2919016530116399
bg_random,62.78698051328065,21.988958396702817,,2023,0.024695907641823094
bg_random,65.99983251292643,25.600559332694367,,2023,0.041633713990449905
bg_random,68.64022860947169,21.7358256774703,,2023,0.023717392856876057
bg_random,68.05503764096335,27.37501257606632,,2023,0.0037713173466424146
bg_random,64.32792676319957,26.532125956498167,,2023,0.01424691112091144
bg_random,61.61645448565328,26.01631257926189,,2023,0.35083429515361786
bg_random,68.61905791762852,26.39338649044092,,2023,0.2680423657099406
bg_random,64.35272142107601,29.795039266986084,,2023,0.35319723685582477
bg_random,62.7810990813347,29.19707575935024,,2023,0.20404485116402307
bg_random,64.04032983208292,26.69452217763043,,2023,0.36510225137074787
bg_random,67.74441834597562,27.76224535179801,,2023,0.35836611191431683
bg_random,63.45585988589264,24.2674682652888,,2023,0.04347112743804852
bg_random,66.02402241449487,26.720005512673897,,2023,0.04933858787020048
bg_random,66.56446398677994,27.988019856198832,,2023,0.6550570726394653
bg_random,68.30184130144396,25.925199133167705,,2023,0.0002163056803207534
bg_random,62.90797351451421,23.4784271533407,,2023,0.14739331603050232
bg_random,61.76015887876849,26.178442841998248,,2023,0.009123287590531012
bg_random,61.43272680875487,24.64486071059653,,2023,0.13069842383265495
bg_random,67.66739472586913,23.670881308326354,,2023,0.003059239243157208
bg_random,67.93533935994355,25.829180047535782,,2023,0.06344423070549965
bg_random,64.10306951372085,25.97181019996496,,2023,0.24161440134048462
bg_random,65.97657739485184,29.8146924199811,,2023,0.2303235282500585
bg_random,63.85197663074064,26.459999318789347,,2023,0.009264732245355844
bg_random,65.6126098910339,26.14379076737909,,2023,0.08743232457588117
bg_random,64.10227432812997,26.21284342583905,,2023,0.22104771931966147
bg_random,62.35237886974722,30.159570192263352,,2023,0.33369336028893787
bg_random,64.9096641985999,26.685009421105185,,2023,0.9794492324193319
bg_random,64.65012426017998,24.86741796026402,,2023,0.24097327639659247
bg_random,67.63953039844526,26.758610590386525,,2023,0.05279514938592911
bg_random,62.616533771169046,27.236808497477465,,2023,0.008563319453969598
bg_random,67.52157826658534,27.651200338106484,,2023,0.6562706828117371
bg_random,65.10183939573729,28.35580738098106,,2023,0.09997915228207906
bg_random,60.09678261573168,23.385215806474893,,2023,0.2495421270529429
bg_random,66.15940039130857,25.974579140878284,,2023,0.21746726334095
bg_random,66.11501649039899,29.88745349605553,,2023,0.0016387752160274733
bg_random,60.72015420749842,21.941382038984337,,2023,0.09876687576373418
bg_random,61.55168789698744,26.53380340660847,,2023,0.014054679699862996
bg_random,67.87101035484491,24.339779922971008,,2023,0.05249910863737265
bg_random,61.201646179579896,28.402164609611035,,2023,0.018525959302981693
bg_random,60.97299845695756,26.158924780143472,,2023,0.08041236937666933
bg_random,67.43926008019002,27.853005601516024,,2023,0.16741196314493814
bg_random,60.72131699800403,23.316058492177813,,2023,0.008952952067678174
bg_random,64.02483930729034,26.702549341293107,,2023,0.024186957472314436
bg_random,64.83450902586816,26.2050115745659,,2023,0.28791383902231854
bg_random,66.33890018504343,27.080922734782444,,2023,0.5403663913408915
bg_random,64.11817150472092,27.50508052130009,,2023,0.010294327046722174
bg_random,62.35846099037581,26.495367986977055,,2023,0.1640467792749405
bg_random,67.6301652880797,26.44903192036205,,2023,0.03922314569354057
bg_random,67.2362374156007,27.443737730013584,,2023,0.001976926422988375
bg_random,68.80762810459048,28.702962169171094,,2023,0.4061010281244914
bg_random,66.18683669773493,28.10644521045769,,2023,0.03844934950272242
bg_random,62.88244560992611,30.29931146867998,,2023,0.005653039455258598
bg_random,60.660061846154406,26.676415587758747,,2023,0.042738715186715126
bg_random,66.11728634252093,26.05668098798688,,2023,0.46275333563486737
bg_random,60.69288773990242,26.185880987927813,,2023,0.5980922182401022
bg_random,62.706204618956505,28.967506816623874,,2023,0.3168388555447261
bg_random,63.778795854756,27.167632119482025,,2023,0.05449226746956507
bg_random,60.0297971219814,24.03247082898268,,2023,0.19140720864137015
bg_random,65.33402395364439,29.26482037225549,,2023,0.1977751503388087
bg_random,62.990344297388006,29.08863750809649,,2023,0.004570940664658944
bg_random,64.54044948039532,25.12559907511073,,2023,0.21681131919225058
bg_random,61.29509236932061,27.73770254536213,,2023,0.010311406687833369
bg_random,61.46745696916035,23.97318106680405,,2023,0.09034900615612666
bg_random,64.94066552269733,28.082873789663694,,2023,0.026129014790058136
bg_random,64.40721282791226,27.710896093370565,,2023,0.09447724868853886
bg_random,66.3159987833603,28.82654135494069,,2023,0.09698062390089035
bg_random,61.0638655908542,27.163180091804307,,2023,0.006751213610793154
bg_random,63.08581644551467,29.82897998281892,,2023,0.040766275177399315
bg_random,66.17079554912685,23.89198069310442,,2023,0.05061068261663119
bg_random,62.96666458960535,23.669398304225695,,2023,0.00201050125178881
bg_random,61.21468225935444,23.293952507461803,,2023,0.18720155706008276
bg_random,60.12365546337696,19.788573545778345,,2023,0.4370090464750926
bg_random,62.825851825740166,22.0993967171228,,2023,0.04080008094509443
bg_random,60.902455040358255,27.410091057540797,,2023,0.009998988127335906
bg_random,65.83998851923745,27.28289511084721,,2023,0.08417619268099467
bg_random,64.10907044340104,30.11169315695144,,2023,0.0015872310517200579
bg_random,62.42605537436752,26.614438647697646,,2023,0.06971528008580208
bg_random,60.98008124069845,24.91741024395112,,2023,0.0010096593856966745
bg_random,67.694912694367,27.625017193713813,,2023,0.3139626234769821
bg_random,61.707547589396064,22.290300416421477,,2023,0.06951797753572464
bg_random,63.84913876147848,23.97178945720776,,2023,0.04069963532189528
bg_random,64.68835792508419,28.454862898822743,,2023,0.17983873188495636
bg_random,61.69481805860927,29.79907688019453,,2023,0.21009613076845804
bg_random,67.0896336698426,23.69259872425764,,2023,0.2067662924528122
bg_random,62.36294710382178,26.70799769077707,,2023,0.02958383286992709
bg_random,64.72188512296155,26.372200374595565,,2023,0.040415950740377106
bg_random,69.27054286688157,28.612827780104688,,2023,0.40637587507565814
bg_random,63.97524972280157,28.820129379640044,,2023,0.867107888062795
bg_random,61.073862641094735,23.13381233365707,,2023,0.07506782934069633
bg_random,60.901126937256215,25.15944827411718,,2023,0.02468285709619522
bg_random,64.27705014184203,29.174801533157822,,2023,0.2773480365673701
bg_random,64.15833621309378,24.93948857433247,,2023,0.14539309839407602
bg_random,65.13644021569048,28.643423122761245,,2023,0.023567914341886837
bg_random,64.0152145091094,29.46090576280752,,2023,0.3658705602089564
bg_random,60.77872894777864,22.68113259278571,,2023,0.10789839426676433
bg_random,61.41402408502265,25.56073943870085,,2023,0.6312255163987478
bg_random,65.79676192382931,26.24575808329825,,2023,0.2780451873938243
bg_random,68.17148869331601,23.95726485965613,,2023,0.16040180499354997
bg_random,67.71522338542923,27.88758947038775,,2023,0.0335673668111364
bg_random,61.98843030470045,23.96255099991035,,2023,0.41481001178423565
bg_random,67.42412760734092,24.4973860715528,,2023,0.3400873392820358
bg_random,61.11180236769304,25.3749656576654,,2023,0.7252503832181295
bg_random,65.1019809716507,28.052302189011723,,2023,0.037490042547384896
bg_random,68.68210876636445,27.243128894803142,,2023,0.3145732829968135
bg_random,63.86964015565179,24.85219147160293,,2023,0.06662340958913167
bg_random,63.07105513045325,27.42193480964593,,2023,0.0027913505618926138
bg_random,61.90971396048103,28.174334665587043,,2023,0.030405028723180294
bg_random,61.873612543108464,29.15246054821812,,2023,0.009123593724022308
bg_random,68.48814711602678,25.08842323816929,,2023,0.01340868417173624
bg_random,63.63102936308675,28.10860347033878,,2023,0.016891867232819397
bg_random,66.69672045565065,25.295443019225765,,2023,0.24728978673617044
bg_random,63.25603446368307,23.73176467853756,,2023,0.14670216292142868
bg_random,61.32974613179057,22.21456620245786,,2023,0.02189326088409871
bg_random,63.58026295896212,24.118788954967577,,2023,0.00838124348471562
bg_random,60.09452711443328,22.066051831395686,,2023,0.22709713876247406
bg_random,68.81343565161787,25.712040570805584,,2023,0.6624193986256918
bg_random,67.41767017099637,27.779794932232967,,2023,0.008184295147657394
bg_random,68.08034854004275,25.182968692233224,,2023,0.27163518965244293
bg_random,61.76102013744116,29.148833917231656,,2023,0.5190544625123342
bg_random,63.80356853449187,30.116626399275056,,2023,0.05376245640218258
bg_random,61.90305061118778,21.659328338704096,,2023,0.012805932201445103
bg_random,67.08059409176387,25.006993517837905,,2023,0.22963760793209076
bg_random,65.62127018608498,25.136593264728965,,2023,0.016861294396221638
bg_random,65.64216989745326,27.832845636219552,,2023,0.2306791146596273
bg_random,67.41098220297471,25.37895379339757,,2023,0.1764601618051529
bg_random,62.86584262060209,24.04023724405633,,2023,0.3768630524476369
bg_random,67.28573741285435,27.132745085955296,,2023,0.8798253337542216
bg_random,63.62217664138715,23.81702157255887,,2023,0.059406157582998276
bg_random,67.4645531139528,29.737485309657774,,2023,0.21225628753503165
bg_random,63.50417264197579,27.36338197214688,,2023,0.16163453459739685
bg_random,64.62375456264114,27.675725947394483,,2023,0.018579034910847742
bg_random,65.2851896732527,27.155873304412733,,2023,0.0034765286836773157
bg_random,65.40404769353547,26.38832030974332,,2023,0.0026679361956970147
bg_random,69.26682168820915,26.592394196721088,,2023,0.6467645764350891
bg_random,61.64135275472157,28.17773400455885,,2023,0.03247532962510983
bg_random,67.70360824315912,25.29982855863284,,2023,0.039484668523073196
bg_random,68.80093440596507,21.623323427950837,,2023,0.0034536848155160746
bg_random,65.50041227972726,28.983460595579928,,2023,0.05928502231836319
bg_random,69.1991017880529,27.40431978157545,,2023,0.508383721113205
bg_random,68.0116743708237,29.24109159778905,,2023,0.047341658578564726
bg_random,65.65296677685679,26.38489476220013,,2023,0.025231409585103393
bg_random,60.20100525110787,21.339094669996804,,2023,0.261562243103981
bg_random,66.43812821038523,27.664486038542726,,2023,0.7497185667355856
bg_random,60.26626379023961,25.401741610585606,,2023,0.5342899362246195
bg_random,63.95121856169347,25.648505016690223,,2023,0.01035223602472494
bg_random,67.80474489378864,27.22107962485225,,2023,0.30570578078428906
bg_random,62.22164980034351,27.91408560565458,,2023,0.046429652720689774
bg_random,63.3383142380732,28.779120887472683,,2023,0.037036624271422625
bg_random,64.29913885692666,24.06611192254039,,2023,0.029553772881627083
bg_random,64.3518954974536,29.716714436760064,,2023,0.05089724436402321
bg_random,65.91299361191373,25.7184501455413,,2023,0.019597132379810017
bg_random,62.74737145126659,24.544747467715144,,2023,0.04509963374584913
bg_random,62.30064429408581,28.24694095766824,,2023,0.32237717509269714
bg_random,62.74849184819763,31.35807738630104,,2023,0.06404617180426915
bg_random,67.12984533399407,29.13731836779964,,2023,0.0630568340420723
bg_random,61.69701975909357,22.472811072701685,,2023,0.6705276171366373
bg_random,68.60231081949743,27.506737036580965,,2023,0.7246132691701254
bg_random,61.919088516395135,26.679945061014426,,2023,0.19240912795066833
bg_random,67.32179583239494,26.91911754019011,,2023,0.057198150704304375
bg_random,67.56133031700256,23.95468241323711,,2023,0.900663435459137
bg_random,61.06218453069352,27.12286020582116,,2023,0.08268162608146667
bg_random,61.46490627383674,27.16767515496152,,2023,0.034954930966099106
bg_random,69.58469092496519,27.89661529171788,,2023,0.004416347326089938
bg_random,66.62036235474208,29.219823656272823,,2023,0.06404202183087666
bg_random,64.62672403075781,24.40989031336752,,2023,0.013368713669478893
bg_random,61.571955798053,22.85648074049993,,2023,0.000866167712956667
bg_random,63.68576965698819,26.172982649625013,,2023,0.025377126255383093
bg_random,61.06924469855365,21.45537225409669,,2023,0.019708348127702873
bg_random,61.07258199101137,21.32458564982801,,2023,0.4827030599117279
bg_random,63.34327299163815,25.37148101584189,,2023,0.020395629418392975
bg_random,66.64324341408351,28.469352033388954,,2023,0.10383367538452148
bg_random,67.48031346204137,25.713466988581576,,2023,0.03074774021903674
bg_random,67.38338323243319,29.215194842914563,,2023,0.04912055159608523
bg_random,67.87950442989604,26.927466731047204,,2023,0.13163042068481445
bg_random,65.26472180551121,28.77823071269203,,2023,0.06450943648815155
bg_random,67.63037637071734,26.31565920493255,,2023,0.0024737901985645294
bg_random,63.45243917441253,26.06035615003477,,2023,0.19059610118468603
bg_random,64.08053320636043,30.075012316049424,,2023,0.002384994295425713
bg_random,65.70007760435244,27.76815112452904,,2023,0.290597344438235
bg_random,70.04173436041991,27.920467914860417,,2023,0.008272228374456366
bg_random,60.708346029916335,22.97064063505993,,2023,0.0014477296693560977
bg_random,62.57646477566756,24.790946187828805,,2023,0.027906883973628283
bg_random,62.43105418444453,21.80495350680187,,2023,0.3603843152523041
bg_random,67.11264266533409,28.100677002537747,,2023,0.024647359115382034
bg_random,61.11126519503127,27.91837288066388,,2023,0.003116083622444421
bg_random,68.58938308988799,26.86116559223692,,2023,0.0006291267733710507
bg_random,65.77697078074026,29.85654329260253,,2023,0.2781736304362615
bg_random,67.38693281809931,28.222575408398928,,2023,0.12397545576095581
bg_random,68.23097144870755,24.657770777184552,,2023,0.05290961265563965
bg_random,64.77312830598872,27.31575351893262,,2023,0.0017852733144536614
bg_random,63.563267091687386,28.64525787061549,,2023,0.0345932279403011
bg_random,67.59321834508978,28.495078796700557,,2023,0.4471924901008606
bg_random,66.80121203918111,27.105736882374128,,2023,0.4988866051038106
bg_random,62.80875367311789,26.33577814387904,,2023,0.011468267689148584
bg_random,61.02034811787912,24.66483533659316,,2023,0.043186698108911514
bg_random,61.991233142986594,26.69934456602288,,2023,0.03571551044782003
bg_random,62.96581414905514,29.1247626087575,,2023,0.012572140743335089
bg_random,62.31871290620935,28.20137767153213,,2023,0.019424411468207836
bg_random,67.70831275758931,25.64920658604705,,2023,0.2642928461233775
bg_random,66.25172912758066,25.835160386749468,,2023,0.343565712372462
bg_random,66.55115826085056,29.248973821954277,,2023,0.21620470782121023
bg_random,62.02932813376968,26.95948548713371,,2023,0.04236400003234545
bg_random,65.92115233608283,25.40870768845691,,2023,0.001796869522271057
bg_random,67.01779360690705,29.09770516010846,,2023,0.024167833927397925
bg_random,62.21478811177729,25.89321214162908,,2023,0.0013062851115440328
bg_random,61.84302257921328,26.085047106375757,,2023,0.020222620107233524
bg_random,62.72373480278457,22.06838173632841,,2023,0.022811834399666015
bg_random,61.90098177431732,25.095992698505597,,2023,0.6972283124923706
bg_random,62.8083373636699,22.491592613366947,,2023,0.13612557450930277
bg_random,60.43755214610561,21.98605646379412,,2023,0.28550364077091217
bg_random,66.38837268538471,25.65373394357972,,2023,0.04354079649783671
bg_random,62.68187248329088,31.3585885818158,,2023,0.6176831324895223
bg_random,69.53165432761529,27.795990314444914,,2023,0.002790274991032978
bg_random,66.13600252867955,26.06555528378084,,2023,0.030204059556126595
bg_random,65.10018840031962,27.629893693577912,,2023,0.03804309914509455
bg_random,63.05787665628668,28.47041544636272,,2023,0.24959702293078104
bg_random,66.38853848675375,23.98287664665532,,2023,0.051164003709952034
bg_random,61.02703512066974,21.402804059118484,,2023,0.36673392355442047
bg_random,62.55086677752737,23.789181234605124,,2023,0.02079073308656613
bg_random,69.08433228484002,27.55039460981854,,2023,0.661933183670044
bg_random,62.24794580748935,29.97447421264595,,2023,0.006746969418600202
bg_random,60.084476998794514,23.99647343659168,,2023,0.4362805386384328
bg_random,65.9075817412245,25.95128457722277,,2023,0.02866502075145642
bg_random,66.10775918954434,25.23235852447541,,2023,0.33166661858558655
bg_random,66.73662828161807,28.207676380797384,,2023,0.018739110479752224
bg_random,62.556986505785325,27.03500679085333,,2023,0.3729286193847656
bg_random,65.84119483660511,27.32600182732708,,2023,0.15133612106243768
bg_random,61.05805990287145,24.255526827735107,,2023,0.014084551638613144
bg_random,62.177005381866046,21.610316857225037,,2023,0.34723737835884094
bg_random,64.08862022103436,23.62846405569833,,2023,0.04818122833967209
bg_random,61.688632511653466,24.474103103560488,,2023,0.1816338151693344
bg_random,65.952170456908,29.96660758230508,,2023,0.014702625572681427
bg_random,61.93692443115022,25.01629944352772,,2023,0.9117291967074076
bg_random,63.10464598358354,26.00185551734705,,2023,0.2215555508931478
bg_random,67.22247955071364,24.951904354144855,,2023,0.014684786864866814
bg_random,65.03094153344006,26.844253129433422,,2023,0.026693375160296757
bg_random,65.00227278635833,28.36229637406192,,2023,0.41029423475265503
bg_random,66.79184651738018,25.967555214816617,,2023,0.40809914469718933
bg_random,61.10098208591293,24.74172429796925,,2023,0.013341110781766474
bg_random,65.68079380009118,25.30262892089184,,2023,0.0633671482404073
bg_random,66.03416719380034,25.571488192217046,,2023,0.002641841381167372
bg_random,61.67859361419941,24.475226089675107,,2023,0.0622123417754968
bg_random,60.75761155379562,26.53303986470081,,2023,0.022984313312917948
bg_random,67.56035435373362,28.462571580099816,,2023,0.2485306958357493
bg_random,63.39461653674477,30.414782151192604,,2023,0.18856870010495186
bg_random,68.09403491736265,24.050969892935647,,2023,0.00030137531969861203
bg_random,66.02229804167584,29.24388740560764,,2023,0.17974351346492767
bg_random,65.7288916215907,28.53513961792494,,2023,0.17167970538139343
bg_random,68.8238022408701,22.28486715219019,,2023,0.0014901527902111411
bg_random,61.53193641473349,29.0005585919919,,2023,0.7954704364140829
bg_random,61.93233418822153,28.040771987906517,,2023,0.035370724430928625
bg_random,62.9631990403515,21.563108149593265,,2023,0.04863341525197029
bg_random,61.12852541725708,21.99153979176557,,2023,0.3593679666519165
bg_random,63.340573527291646,28.350572037763666,,2023,0.014242017641663551
bg_random,66.34143763195534,24.37224809853541,,2023,0.1370624527335167
bg_random,63.550470709439466,26.82018810055253,,2023,0.07256864197552204
bg_random,62.87488519735911,21.828918384562247,,2023,0.0009245648301051309
bg_random,66.58849857131665,26.021850880969563,,2023,0.0015798822860233486
bg_random,67.18894172917189,28.00133461531605,,2023,0.12222883601983388
bg_random,63.19927185135908,23.382534348341657,,2023,0.054359314342339836
bg_random,65.05447476055721,25.745212927771675,,2023,0.02238716060916583
bg_random,61.34951970147257,22.743074340146052,,2023,0.021876123423377674
bg_random,69.13133856341233,28.61060224744994,,2023,0.6099547147750854
bg_random,65.51171583189847,29.04072779517096,,2023,0.39275673031806946
bg_random,60.30018107668082,20.38672805325516,,2023,0.5065085192521414
bg_random,68.96571641319669,20.93153219925883,,2023,0.01732911200573047
bg_random,65.46909632634076,27.707141993133515,,2023,0.98055499792099
bg_random,67.27329393792172,27.06179187942688,,2023,0.21777923901875815
bg_random,62.35261116077574,23.34542007449737,,2023,0.003105205949395895
bg_random,62.94682089324774,23.310866875190783,,2023,0.9822134375572205
bg_random,65.80917836145545,25.496127268697386,,2023,0.001426170812919736
bg_random,62.33949003297371,27.581545328965927,,2023,0.0301899128438284
bg_random,63.154803145243285,25.394767687195788,,2023,0.6171297132968903
bg_random,66.95057822256814,23.879014286871044,,2023,0.8524573445320129
bg_random,62.91975928776269,25.99460539018309,,2023,0.0031636011553928256
bg_random,63.62640260250488,27.885338256934578,,2023,0.03336692756662766
bg_random,62.84837045191939,21.183863139359605,,2023,0.0068063245465358095
bg_random,68.04857768622688,28.98297137177365,,2023,0.08014379441738129
bg_random,66.07105937856262,24.52614371533137,,2023,0.0024607995292171836
bg_random,68.31228684478947,27.132102447516207,,2023,0.002440101350657642
bg_random,66.31520373162392,27.2346872894352,,2023,0.2612486034631729
bg_random,59.94329363660585,20.99678316168196,,2023,0.0009405931802272486
bg_random,66.16771676544396,29.268126748869925,,2023,0.05427060524622599
bg_random,67.68594007867623,25.651623926963296,,2023,0.8003076712290446
bg_random,65.82084722196036,24.68227077422934,,2023,0.07673192645112674
bg_random,68.63436725702545,27.21073534939739,,2023,0.3782282570997874
bg_random,66.71859471882803,24.74012543871232,,2023,0.07897632693250974
bg_random,68.1436921714227,24.31866004685797,,2023,0.08072478665659825
bg_random,62.56038725136194,21.36518887729164,,2023,0.06457970912257831
bg_random,61.928903234142986,23.11058802263272,,2023,0.1826413224140803
bg_random,65.57668764634042,28.618430700736784,,2023,0.9142952760060629
bg_random,62.37244196982469,29.400085129017757,,2023,0.010657705056170622
bg_random,66.23322118081872,27.38797928762024,,2023,0.07766253377000491
bg_random,63.24489032481276,22.216389638472663,,2023,0.04835195032258829
bg_random,62.50399348766551,30.161004023219053,,2023,0.4408353368441264
bg_random,61.552747603535565,28.83866721850208,,2023,0.402006596326828
bg_random,60.95509790881689,27.552271956778384,,2023,0.19515353192885718
bg_random,61.77338625066173,26.967403191449986,,2023,0.11948126057783763
bg_random,61.37724242225523,27.200736584904792,,2023,0.008802683829950789
bg_random,61.6332596749396,28.769168551540087,,2023,0.11341194808483124
bg_random,63.698793953291705,24.51868428018273,,2023,0.0411749624957641
bg_random,67.28874820624723,27.499299654661996,,2023,0.09848532329003017
bg_random,68.15245575442643,25.518719953932987,,2023,0.01438140869140625
bg_random,65.59365022815687,28.475439966411223,,2023,0.02378829599668582
bg_random,64.60588853586442,26.487229798484428,,2023,0.9850597778956095
bg_random,62.58049339119263,25.07320859603716,,2023,0.016211108459780615
bg_random,69.38878172956875,28.4187995441572,,2023,0.8272247314453125
bg_random,62.299062964816656,29.62018172287348,,2023,0.12442059566577275
bg_random,66.43364672055021,28.03880238012304,,2023,0.29479141036669415
bg_random,63.28132678906168,29.46163390256181,,2023,0.16819320619106293
bg_random,65.8524043734963,25.017118218193108,,2023,0.09266798943281174
bg_random,66.7233040696528,27.30387329697922,,2023,0.07182565455635388
bg_random,63.2270310389726,28.60700831199848,,2023,0.014595480092490712
bg_random,66.04277112304317,29.894103033750454,,2023,0.037380519633491836
bg_random,62.49592068768669,21.70025956255429,,2023,0.03022970724850893
bg_random,68.63038588056251,27.47510644984318,,2023,0.6050411462783813
bg_random,67.92617535333606,26.389375447389543,,2023,0.6900542378425598
bg_random,62.04544648259185,29.808930929953505,,2023,0.12419216707348824
bg_random,61.24808757419686,23.902708915716385,,2023,0.018096907064318657
bg_random,64.92572416395022,29.604388406840748,,2023,0.043389324098825455
bg_random,62.87849259116387,26.23919768587468,,2023,0.11015016647676627
bg_random,64.02665235996102,28.86671180654811,,2023,0.015335139508048693
bg_random,66.82198633786756,25.185443647783128,,2023,0.09742461393276851
bg_random,60.22453804760321,23.237280397848316,,2023,0.11935714135567348
bg_random,65.4490444740404,28.38583124569988,,2023,0.15054392317930856
bg_random,66.24222801134363,28.83579823458776,,2023,0.05058006631831328
bg_random,65.8405643581339,24.493301073251352,,2023,0.16269739717245102
bg_random,62.41741643955688,30.000592271804813,,2023,0.029625843977555633
bg_random,62.18047070858237,22.92224680511432,,2023,0.007217552047222853
bg_random,66.06221139861053,24.67763580124475,,2023,0.005796717402214806
bg_random,61.938656969606136,28.248012288165665,,2023,0.10268988957007726
bg_random,62.37152914056883,24.32150835869143,,2023,0.490349680185318
bg_random,63.71488364317255,29.092331017977656,,2023,0.09510080392162006
bg_random,62.374510061229074,24.57004365783963,,2023,0.0309246148293217
bg_random,69.32996180181088,27.12367353494213,,2023,0.0021848526472846666
bg_random,62.219725568749794,22.012250188205737,,2023,0.014489885477814823
bg_random,67.70150789106457,26.238389836125847,,2023,0.0004003732113536292
bg_random,68.48138934728675,27.980521227478302,,2023,0.4600708484649658
bg_random,65.70802171159269,27.075111867153964,,2023,0.020986493056019146
bg_random,68.38070139852866,26.320756116472865,,2023,0.08289944318433602
bg_random,61.765174689328376,28.320110715209395,,2023,0.6561726729075114
bg_random,60.70700580443089,25.108106400996498,,2023,0.0681561070183913
bg_random,62.40652312409004,29.057140400313244,,2023,0.0017364872037433088
bg_random,63.21910600794449,21.74376402428172,,2023,0.09582529465357463
bg_random,67.43330683566475,26.91089341617676,,2023,0.004385549575090408
bg_random,64.83342313132766,25.88029442749418,,2023,0.03478508132199446
bg_random,67.62339386024908,28.75090294847361,,2023,0.6767290035883585
bg_random,65.45507393827332,27.838629243667796,,2023,0.033400685215989746
bg_random,63.23220244821897,23.34908458855578,,2023,0.05686869099736214
bg_random,64.50129205346533,27.840923291066385,,2023,0.007482550339773297
bg_random,62.41421865527256,25.17560335938655,,2023,0.08787717173496883
bg_random,68.34316136910529,23.258637367536256,,2023,0.9564733107884725
bg_random,62.65130007034061,24.789746857196675,,2023,0.019454785467435915
bg_random,67.1023429844849,24.307219687385256,,2023,0.04995620126525561
bg_random,62.00422426549515,23.09913745802614,,2023,0.1777098427216212
bg_random,68.149416689726,23.529012062648142,,2023,0.18801572422186533
bg_random,67.19939528742759,26.57248010885578,,2023,0.06819687287012736
bg_random,64.70889486714124,26.06066710326096,,2023,0.11639861824611823
bg_random,62.00546669099561,28.805089415038665,,2023,0.01794673974897402
bg_random,66.61245177974348,27.12588192498623,,2023,0.04669633818169435
bg_random,63.37403684923543,29.48429722714402,,2023,0.10660940160353978
bg_random,65.62309120275071,25.980844337093643,,2023,0.028299250329534214
bg_random,60.33159767087524,21.155770713563964,,2023,0.494464914004008
bg_random,65.28565703201794,27.43161952733101,,2023,0.6718941330909729
bg_random,61.54357306361773,26.654921879300357,,2023,0.04100400830308596
bg_random,63.13025329850769,21.66986075945412,,2023,0.031168318043152492
bg_random,64.02976574620308,25.812066980235844,,2023,0.10570250699917476
bg_random,66.16002367904984,24.248722324784744,,2023,0.036369813606143
bg_random,62.90523078437225,31.479153500578143,,2023,0.0018008404792150638
bg_random,68.0470622969613,28.22250571054732,,2023,0.03373050565520922
bg_random,60.32585406194544,22.8578149690904,,2023,0.4277204672495524
bg_random,67.41722313786799,25.37143370313482,,2023,0.0036811522829035916
bg_random,61.05228488777494,21.70665380443588,,2023,0.27510308225949603
bg_random,63.50666442601773,23.576012143858406,,2023,0.034924607103069626
bg_random,61.41281823168908,25.94688887295234,,2023,0.17753529051939645
bg_random,61.0479207701212,28.345883561803177,,2023,0.1717087427775065
bg_random,64.22094188648744,25.62085094728984,,2023,0.015634153503924608
bg_random,63.20489938300631,24.33192381416281,,2023,0.04313997831195593
bg_random,67.2055820501876,26.32625942591937,,2023,0.045746861646572747
bg_random,62.16781575507177,25.75730182323225,,2023,0.7865408261617025
bg_random,67.90096889058455,26.53714688445785,,2023,0.035791194066405296
bg_random,62.32880156995751,24.245591956052348,,2023,0.0015637223841622472
bg_random,64.25851985016307,25.471691506932704,,2023,0.0037122894233713546
bg_random,60.5186443467422,25.235705389590528,,2023,0.06802257274587949
bg_random,65.87163566802481,25.862945476431257,,2023,0.002308067516423762
bg_random,69.27598640419886,27.350652021377,,2023,0.0025353774738808474
bg_random,61.763330350731,24.115526836175363,,2023,0.24385490516821542
bg_random,68.28894728052977,28.29359216351463,,2023,0.4128839274247487
bg_random,67.77800999314928,25.170421072595204,,2023,0.007881546082595984
bg_random,66.92570424113745,26.09727404795586,,2023,0.0854011947909991
bg_random,67.21259147287903,27.305590504725888,,2023,0.044188408801952996
bg_random,61.40969620191717,27.399943024455325,,2023,0.39555710554122925
bg_random,66.9629681311918,24.18035226424659,,2023,0.189481720328331
bg_random,60.28899341849408,22.8613270562668,,2023,0.08362940202156703
bg_random,66.91651524948229,27.998940147509785,,2023,0.010160652571357787
bg_random,60.68079299927573,21.42946097934091,,2023,0.5789964894453684
bg_random,65.38561491470637,27.21017427428058,,2023,0.013270255799094835
bg_random,65.52460662880648,27.18810382567897,,2023,0.14137710382541022
bg_random,68.9284615792686,26.220202791895343,,2023,0.39533789952596027
bg_random,67.77266850471591,25.9267723934642,,2023,0.04064473447700342
bg_random,64.88346912480253,27.53832700699184,,2023,0.05407380064328512
bg_random,65.77690387622943,29.034763736070506,,2023,0.09564044574896495
bg_random,63.52135765053057,28.209531364463604,,2023,0.10259984930356343
bg_random,60.423526568078266,22.734805984646936,,2023,0.574340025583903
bg_random,66.33853990600547,28.244614868408227,,2023,0.0035753848884875574
bg_random,60.12813888170976,23.27655628695989,,2023,0.6917312343915304
bg_random,61.98179673487146,25.578623326653663,,2023,0.02379626190910737
bg_random,67.222357502836,25.17976316200519,,2023,0.027328119923671085
bg_random,64.62823670277969,27.636346841880925,,2023,0.014876514479207495
bg_random,62.69935703682848,23.624103680487647,,2023,0.5055147608121237
bg_random,64.16899737610123,26.493995289531654,,2023,0.2470820943514506
bg_random,67.10938551723643,29.08830731938908,,2023,0.04708745827277502
bg_random,66.48613055038538,24.28256298270059,,2023,0.19971284766991934
bg_random,63.1359304450625,26.84306835099482,,2023,0.0006255992727043728
bg_random,62.13682987296255,29.12507773045032,,2023,0.045425074795881905
bg_random,67.21374138457172,27.21638507511699,,2023,0.0005290828788323173
bg_random,62.99017788236036,24.124666351683995,,2023,0.03622597556871673
bg_random,63.71772669425557,26.79840067223215,,2023,0.022491959544519585
bg_random,62.48569268961999,28.436596189574345,,2023,0.023505875530342262
bg_random,65.4350427599464,28.801853361952222,,2023,0.3251359909772873
bg_random,66.50951611913378,25.271194473407093,,2023,0.03329322642336289
bg_random,68.43546085423476,27.03491156765083,,2023,0.0013866520021110773
bg_random,67.67708955240401,24.03076593203252,,2023,0.5764925082524618
bg_random,60.53548261298768,22.75831026374693,,2023,0.08122407520810764
bg_random,62.799112931598025,29.843485958489072,,2023,0.00429851907150199
bg_random,66.80542585291357,26.63795593623212,,2023,0.5171121855576833
bg_random,63.27575238014178,22.64833779387208,,2023,0.031201564706861973
bg_random,65.97081879192196,25.012516761241013,,2023,0.013097271012763182
bg_random,66.76991778425827,25.717611217191912,,2023,0.04291080993910631
bg_random,62.787355900622565,26.807920652972697,,2023,0.10162362704674403
bg_random,62.83125975041491,26.64055003907457,,2023,0.06133013591170311
bg_random,67.56656153187436,26.485454790256075,,2023,0.13218755275011063
bg_random,63.3497160287694,24.64031624991795,,2023,0.030788500948498648
bg_random,62.37848736348662,29.545097848523667,,2023,0.04096441095074018
bg_random,69.35686557430944,27.766771503246545,,2023,0.2236468493938446
bg_random,60.97571268934761,21.863105322203054,,2023,0.025785677134990692
bg_random,67.24904422866402,25.711388734553037,,2023,0.0030319517027237453
bg_random,67.72220099838735,27.098143294873225,,2023,0.11108939349651337
bg_random,62.10585621283115,23.77193971233381,,2023,0.31970101594924927
bg_random,63.03897459085657,28.100286616509408,,2023,0.030216095348199207
bg_random,60.15199449218822,23.36905276986921,,2023,0.037779901176691055
bg_random,66.51684204083665,26.139818421500856,,2023,0.03106091481943925
bg_random,63.10303715198717,23.565250718587404,,2023,0.002576523552609918
bg_random,61.94486004629782,23.357369692659358,,2023,0.005402705321709315
bg_random,62.98080129477578,30.785081991088564,,2023,0.268384392062823
bg_random,66.47188767340388,27.962802865895224,,2023,0.2013594557841619
bg_random,67.70022057250056,24.159833455288084,,2023,0.3048519790172577
bg_random,61.74793422599005,26.02272542605768,,2023,0.001093409459523779
bg_random,63.79950838266972,27.59128982949309,,2023,0.01064611691981554
bg_random,63.54084734255922,23.95012130720642,,2023,0.24298601349194845
bg_random,65.80902239695064,27.77139757847198,,2023,0.046522464913626514
bg_random,64.22658782294099,24.289980563530687,,2023,0.14537354310353598
bg_random,60.61373021120985,23.02928633082901,,2023,0.0011357204154289018
bg_random,60.48958119276842,26.39800897029933,,2023,0.1258891560137272
bg_random,68.40031349420916,23.95661594691786,,2023,0.0023001416314703724
bg_random,68.0846274941926,24.74912997831966,,2023,0.058903370052576065
bg_random,61.0461837651668,25.50277835091445,,2023,0.023849086835980415
bg_random,67.07364090962135,27.96086673775385,,2023,0.01416846519956986
bg_random,68.04239792973652,27.311156876890063,,2023,0.15459537009398142
bg_random,60.976164142428,26.59546333910115,,2023,0.0412191990762949
bg_random,65.8698689334803,29.48007844377937,,2023,0.1445056994756063
bg_random,60.60196863488835,23.113520147702197,,2023,0.0022017263108864427
bg_random,67.51927566023642,23.764144553771374,,2023,0.8512122432390848
bg_random,67.5701016026049,25.1556821414166,,2023,0.0030052197010566792
bg_random,67.54410372806464,27.720888513212905,,2023,0.26785226662953693
bg_random,62.31819894990776,27.261315303309484,,2023,0.006167062092572451
bg_random,62.98925448328646,27.006788869997862,,2023,0.012667710116753975
bg_random,67.433253658675,28.883802142720157,,2023,0.16241907080014548
bg_random,65.77690621823815,24.799508868019497,,2023,0.007242200430482626
bg_random,67.85028427499488,28.6762348723995,,2023,0.8334362308184305
bg_random,66.29195018203438,29.52837541370181,,2023,0.3005867600440979
bg_random,62.62460286818145,24.05027212345168,,2023,0.2310589055220286
bg_random,69.33241299894641,28.997785608540894,,2023,0.81328417857488
bg_random,62.95268982075744,24.248273927294136,,2023,0.00560159264326406
bg_random,69.05755876511178,28.3074919338328,,2023,0.005261051662576695
bg_random,64.58888611314083,29.8052092579352,,2023,0.015932907505581777
bg_random,63.797280154465966,27.349612075712727,,2023,0.0003454939287621528
bg_random,62.4613094858128,23.137409738214902,,2023,0.10023608927925427
bg_random,63.61380313421457,23.73850590858207,,2023,0.11022794495026271
bg_random,65.91413223078382,27.38209095489242,,2023,0.0027004038371766606
bg_random,61.8394200934655,28.366458199770115,,2023,0.5544804334640503
bg_random,67.73646777889248,26.256557057037007,,2023,0.7050432562828064
bg_random,60.78487157427001,25.14819259126325,,2023,0.4488144516944885
bg_random,62.62646604328435,26.191698319309456,,2023,0.011522337018201748
bg_random,63.53407553186626,29.56679344646209,,2023,0.008665986359119415
bg_random,64.35485897081882,23.98655617735404,,2023,0.04344421128431956
bg_random,62.327327174460365,28.26657692379224,,2023,0.02114507897446553
bg_random,63.896111424801965,27.75334842390745,,2023,0.086757343262434
bg_random,62.60662108152296,24.700768814206494,,2023,0.07986842965086301
bg_random,66.11468855641161,27.792356504455448,,2023,0.002638310514157638
bg_random,66.39156960161871,25.00140731621585,,2023,0.025253446772694588
bg_random,62.23492246465087,21.99862829325352,,2023,0.19633608063062033
bg_random,63.21491974604682,26.61956734089428,,2023,0.1715486670533816
bg_random,65.6754977621106,27.745490662189027,,2023,0.12224516272544861
bg_random,67.23346234300786,27.62968741263758,,2023,0.030735967059930164
bg_random,67.14549949336977,23.86936273238975,,2023,0.15224919219811758
bg_random,62.95865186800717,31.074392315390394,,2023,0.014387713745236397
bg_random,65.03113110794028,27.23115942993744,,2023,0.012347118618587652
bg_random,65.81656319450006,27.016275694450037,,2023,0.002472460502758622
bg_random,67.83380060972306,28.218558430631997,,2023,0.6474637786547343
bg_random,60.36318095268277,21.1762717939147,,2023,0.6286188364028931
bg_random,68.38427139492184,26.81143501603834,,2023,0.0011410488902280729
bg_random,65.60560083355004,25.71833670811521,,2023,0.0001378945500315846
bg_random,68.1927177261162,24.64352781245608,,2023,0.4545518060525258
bg_random,65.43391892734307,25.926114696596606,,2023,0.023058113642036915
bg_random,60.74764257435442,21.566713940826755,,2023,0.8370243906974792
bg_random,65.00774749577734,27.468874646249155,,2023,0.5210253695646921
bg_random,63.18304876375532,26.526848179681465,,2023,0.0005414303741417825
bg_random,65.26986735964641,27.11259551991965,,2023,0.002110104231784741
bg_random,63.28034651601317,30.90610508013017,,2023,0.23910643657048544
bg_random,63.32327697101802,23.12837157349419,,2023,0.07661556452512741
bg_random,67.43783334183033,25.30947021431344,,2023,0.0732285554210345
bg_random,61.59142892355064,23.032578876589664,,2023,0.004396328120492399
bg_random,64.07854550402672,28.10241404622617,,2023,0.34053194522857666
bg_random,65.14417470623339,29.309713305051734,,2023,0.055833990375200905
bg_random,60.09571239797049,20.59560681502821,,2023,0.40313679973284405
bg_random,62.54870000406348,29.4111619528731,,2023,0.003787954958776633
bg_random,64.64270515386416,25.974551780991437,,2023,0.0642416886985302
bg_random,67.34038257668162,26.59006116018709,,2023,0.31142549713452655
bg_random,63.50128630680154,24.93810545526257,,2023,0.026209034646550815
bg_random,61.80608075357942,28.67860353890278,,2023,0.3913125346104304
bg_random,60.64466744156525,27.333084755104327,,2023,0.1351627583305041
bg_random,61.274053507469866,25.427473217565986,,2023,0.03283193629855911
bg_random,61.60551180974045,29.7016834507972,,2023,0.05245986580848694
bg_random,62.00134353396904,28.80178963344239,,2023,0.0835498683154583
bg_random,60.244167468013885,23.032502308577904,,2023,0.9243349234263102
bg_random,62.188193765827386,26.25568308520671,,2023,0.022012233928156395
bg_random,65.00545706720227,26.58173169722085,,2023,0.05027810546259085
bg_random,60.79216332930667,21.67492734478877,,2023,0.2673795719941457
bg_random,61.93615534205474,22.866070398667496,,2023,0.08650475243727367
bg_random,63.34505656828307,22.036020293252285,,2023,0.04439989601572355
bg_random,64.14236979052372,26.67235877077444,,2023,0.023972398911913235
bg_random,66.51089456112163,28.3557599108556,,2023,0.16485674679279327
bg_random,61.25679474330776,27.916949767143016,,2023,0.08669166980932157
bg_random,62.08350037323728,27.33710029400091,,2023,0.0005188591712794732
bg_random,64.57173651349878,28.759629296248587,,2023,0.04025665329148372
bg_random,62.08775444846016,28.199898213975487,,2023,0.023193581340213616
bg_random,62.3597465061877,23.58067160552868,,2023,0.24800575772921243
bg_random,63.96073535870055,23.880606013733583,,2023,0.009640418943793824
bg_random,63.12121408789441,30.85164995206623,,2023,0.1896685721973578
bg_random,62.50333897126514,22.49174210578518,,2023,0.04437682405114174
bg_random,67.29773657307265,29.321394481598,,2023,0.7848020593325297
bg_random,67.72599110305636,29.595323499001324,,2023,0.545144279797872
bg_random,62.90290326022809,31.022499183083536,,2023,0.028329739347100258
bg_random,64.46615803139008,25.07810385034589,,2023,0.11715586856007576
bg_random,63.48118631907656,27.5474483593458,,2023,0.006685408065095544
bg_random,64.11459519413765,26.98571186714453,,2023,0.0276145472501715
bg_random,66.33862471001734,26.696140244263585,,2023,0.06792692219217618
bg_random,67.38072290507499,29.49545335339344,,2023,0.002036946728670349
bg_random,63.14203949603479,22.62707953327106,,2023,0.2829451362291972
bg_random,61.69942086033539,23.888096737244037,,2023,0.028114449853698414
bg_random,63.35835759537946,24.308737587624368,,2023,0.04373472067527473
bg_random,66.35267955320018,28.64004867029692,,2023,0.38208698232968646
bg_random,64.15976842273999,30.212545828852605,,2023,0.037244167954971395
bg_random,67.71668654245643,24.71368773566052,,2023,0.06498988841970761
bg_random,68.42205244108804,23.95135485891404,,2023,0.8778881827990214
bg_random,62.99026314955248,26.332290628387774,,2023,0.22780901690324148
bg_random,67.42600839053028,26.966198426224608,,2023,0.2809085001548131
bg_random,65.1334081425527,26.41944759131488,,2023,0.014193146334340176
bg_random,63.11787554241853,24.988187782441724,,2023,0.09956465785702069
bg_random,64.14199043328752,26.90711781522851,,2023,0.23690110941727957
bg_random,68.81512832311054,28.086884454152155,,2023,0.09758148342370987
bg_random,66.99413565603524,25.929265181139645,,2023,0.9813272555669149
bg_random,65.38989095402077,25.33040374559372,,2023,0.004311572294682264
bg_random,68.80991734356141,27.812526886419874,,2023,0.8767749865849813
bg_random,63.560191895951,25.85002234988602,,2023,0.02015293948352337
bg_random,67.01607939822242,23.91508053417869,,2023,0.4276675283908844
bg_random,65.0212430737176,29.289564568015383,,2023,0.03880327877899011
bg_random,66.59182712504207,27.99668855647749,,2023,0.2048599769671758
bg_random,60.33971697989766,25.222764045039742,,2023,0.02824872111280759
bg_random,61.77314000643548,21.570376815850743,,2023,0.9003445704778036
bg_random,61.63528391973456,22.750047096310677,,2023,0.010502358588079611
bg_random,66.88835446263673,28.299552163188658,,2023,0.18173916141192117
bg_random,64.96414995913713,26.385843970288747,,2023,0.2154186541835467
bg_random,62.53481869659476,29.17112715866269,,2023,0.3224648137887319
bg_random,62.60612035121948,23.992217162314823,,2023,0.27484285831451416
bg_random,61.423423542600666,21.64733760951085,,2023,0.08796210090319316
bg_random,61.14316950294696,22.08449862100605,,2023,0.005612586256271849
bg_random,69.36121865463083,28.504865768341915,,2023,0.4372849464416504
bg_random,67.85944989005363,25.855057183177244,,2023,0.08608360309153795
bg_random,61.3231052398338,25.93734705114017,,2023,0.07689928263425827
bg_random,67.12641979605598,25.391033155567214,,2023,0.14301549394925436
bg_random,67.81262941924544,29.243269397117796,,2023,0.028619947843253613
bg_random,63.57350142808875,24.176225072093253,,2023,0.21823702504237494
bg_random,62.37398981415488,28.57787313953575,,2023,0.28287287056446075
bg_random,66.37182544740521,25.826724796396647,,2023,0.1314129357536634
bg_random,64.73049401447626,28.38858688620888,,2023,0.17902004222075144
bg_random,67.64672485561358,26.31254575346156,,2023,0.11913057044148445
bg_random,62.43355798158977,25.2844656337552,,2023,0.008025074067215124
bg_random,66.31004363905174,24.74189790399629,,2023,0.023514628720780213
bg_random,61.41354236142328,26.6992196155834,,2023,0.04343533143401146
bg_random,67.64273704725275,27.567847066630165,,2023,0.038250843062996864
bg_random,67.66780945524769,25.792297955547536,,2023,0.543310821056366
bg_random,63.10519749965399,30.708271742846204,,2023,0.005022065636391441
bg_random,62.178131424882665,25.238102635719,,2023,0.002980967207501332
bg_random,68.90093654182806,21.06373729791293,,2023,0.02823563975592454
bg_random,65.17479090153981,29.212944411620164,,2023,0.15043350557486215
bg_random,60.95341590720474,24.848233640658226,,2023,0.030741065740585327
bg_random,60.407575542598174,23.72489096632641,,2023,0.06666475844879945
bg_random,67.57917186644964,25.76336216382303,,2023,0.09101035942633946
bg_random,69.17790541268526,28.765335608637624,,2023,0.33258142073949176
bg_random,66.80371833952715,29.007303906879088,,2023,0.07432737636069457
bg_random,64.73615940977898,26.72029236954272,,2023,0.043642282485961914
bg_random,67.2138404110754,25.57182554095853,,2023,0.022758605579535168
bg_random,64.35118930613028,26.91270740269029,,2023,0.028020747005939484
bg_random,62.72718326547839,25.883159510199203,,2023,0.010658171648780504
bg_random,66.73514934532899,25.662417517160247,,2023,0.49048025409380597
bg_random,69.45230949828243,28.78336446202193,,2023,0.7085758248964945
bg_random,62.93548799161173,31.133982864816517,,2023,0.1683132847150167
bg_random,60.91274618876047,24.385521844060108,,2023,0.001965996878425358
bg_random,61.87115761871183,27.53735974860725,,2023,0.07067198306322098
bg_random,63.65593685609229,22.82282754378968,,2023,0.05111018350968758
bg_random,62.57329043796359,31.125620178469383,,2023,0.005811176883677642
bg_random,64.75956329717552,28.23536720532545,,2023,0.28514030079046887
bg_random,61.214091282707,28.06016787087156,,2023,0.23683453102906546
bg_random,68.34376051594536,25.498897574166868,,2023,0.052283854534228645
bg_random,66.82335558198568,27.877829729466388,,2023,0.4326503376166026
bg_random,66.53131742248475,29.2803216220763,,2023,0.21456742783387503
bg_random,63.95033353142924,25.939205777076303,,2023,0.0027379410651822886
bg_random,62.49777713780544,23.79334082512002,,2023,0.20212417840957642
bg_random,63.08140105030657,30.9757932161303,,2023,0.5512959758440653
bg_random,68.01538297864502,26.549414290808805,,2023,0.289922833442688
bg_random,63.29006145105726,26.894873922660377,,2023,0.11252468824386597
bg_random,64.04489008801694,25.37197215781073,,2023,0.09464647620916367
bg_random,66.11907682941083,25.53164119806462,,2023,0.022677912687261898
bg_random,61.309027768753374,25.3480347835427,,2023,0.22162558883428574
bg_random,64.42029706000285,29.989716012574466,,2023,0.05985148871938387
bg_random,66.05850782310307,28.451081950713537,,2023,0.2943268418312073
bg_random,62.14487715801173,21.70281338361256,,2023,0.07044651576628287
bg_random,68.26638651135782,25.26230622174145,,2023,0.3261071940263112
bg_random,61.39863307684724,21.824850340690947,,2023,0.36029786864916485
bg_random,63.06890904003787,30.944281756798244,,2023,0.1795769010980924
bg_random,68.1758106333888,25.105585015211417,,2023,0.18683227399984995
bg_random,64.40363401861596,25.320202547135963,,2023,0.06903009613355
bg_random,63.90539634300089,24.35658321416829,,2023,0.019901385220388573
bg_random,63.46016895784893,27.898813874336984,,2023,0.23201151192188263
bg_random,62.76192362412616,27.01644974806602,,2023,0.01710977250089248
bg_random,63.82662912658648,25.70260424116963,,2023,0.018668363181253273
bg_random,65.73964853107215,28.217802831063302,,2023,0.026758812367916107
bg_random,61.54886024218269,27.09407319650281,,2023,0.06518617148200671
bg_random,63.66036271858181,23.4238413194025,,2023,0.1521266053120295
bg_random,63.16017300443032,21.32101739301951,,2023,0.1279576693971952
bg_random,69.6036503486996,29.161063487017756,,2023,0.9501859148343405
bg_random,62.448526113816655,22.74318706458202,,2023,0.008531302097253501
bg_random,65.41693100621268,26.28185509890306,,2023,0.031181855282435816
bg_random,67.50706479132643,23.707278555938835,,2023,0.0013509971710542839
bg_random,60.87623509597515,21.179060031533723,,2023,0.4933783710002899
bg_random,63.62687157244822,30.178657485379127,,2023,0.23251823335886002
bg_random,68.71436920032772,25.98042749380308,,2023,0.5135725537935892
bg_random,60.65087235910813,23.65041213141203,,2023,0.021551836282014847
bg_random,64.98770508600366,27.738826855758276,,2023,0.0762136143942674
bg_random,64.71427185030431,24.728356420549613,,2023,0.019530484608064096
bg_random,63.44594750950943,30.509212964870304,,2023,0.005992486180427174
bg_random,68.11879386742315,25.017910164267448,,2023,0.4141865372657776
bg_random,68.2026743092175,27.095176368028028,,2023,0.406694620847702
bg_random,62.01832302063077,29.12323004381967,,2023,0.02152969315648079
bg_random,63.2622468251478,22.905461335253506,,2023,0.041043766774237156
bg_random,65.305560815273,29.45880541050649,,2023,0.2073287069797516
bg_random,62.912476584058446,22.940231433785613,,2023,0.0023052513133734465
bg_random,64.57141003871217,28.386159058297142,,2023,0.2201609561840693
bg_random,60.02259584110822,23.17666699235869,,2023,0.7262503504753113
bg_random,67.65910017331437,29.20335627756565,,2023,0.6136990785598755
bg_random,66.29466555071123,24.03982975198088,,2023,0.359308585524559
bg_random,66.43350652450891,27.045007463953315,,2023,0.01410965466250976
bg_random,64.25201018690149,25.494832562144214,,2023,0.012659905012696981
bg_random,60.06692712846665,23.44027548172155,,2023,0.24114368359247842
bg_random,60.38104076883265,21.06249936637119,,2023,0.0027739222277887166
bg_random,68.41757077766475,25.955970368946552,,2023,0.7300053040186564
bg_random,60.03367516358416,20.404573878422,,2023,0.1354713812470436
bg_random,63.5019261035065,26.553079177614197,,2023,0.028443387399117153
bg_random,67.24442460793279,27.238160412971435,,2023,0.007860312471166253
bg_random,69.57376383471235,27.71416478375077,,2023,0.0019791197264567018
bg_random,62.5069041851421,30.6977355724952,,2023,0.30074092249075574
bg_random,67.19215851621179,24.70654082562618,,2023,0.0378181009242932
bg_random,66.3823940290279,26.204562862003797,,2023,0.46520763635635376
bg_random,64.77815812874434,28.41998139099193,,2023,0.0162771165681382
bg_random,62.59166174230776,30.488086693790976,,2023,0.813678503036499
bg_random,62.86823875680861,27.658018072420617,,2023,0.006860430788947269
bg_random,63.41900613619523,29.88937578897784,,2023,0.39684953292210895
bg_random,66.44834196700609,27.547771851227115,,2023,0.23444710671901703
bg_random,64.03474625833614,23.73661178097981,,2023,0.3915984133879344
bg_random,67.16876082723005,23.905553152301643,,2023,0.010320069268345833
bg_random,60.99876986306928,25.871576466398334,,2023,0.05358279123902321
bg_random,67.86819743364104,29.491947182883063,,2023,0.0035284196492284536
bg_random,67.85924928668719,28.090144818881644,,2023,0.46163572867711383
bg_random,61.45282185617727,23.26777766716068,,2023,0.04770856878409783
bg_random,62.22000745498785,30.31879287048052,,2023,0.07948781813805302
bg_random,64.14704397307469,26.45822092649185,,2023,0.031065482025345165
bg_random,61.88308776914121,22.51328269930601,,2023,0.16495645542939505
bg_random,64.21927863446744,26.29294040468345,,2023,0.02561328513547778
bg_random,61.08624735472656,28.05885526878166,,2023,0.021006093942560256
bg_random,64.75999858717704,27.34485691608323,,2023,0.011839813242355982
bg_random,60.8400958403232,21.836559300261005,,2023,0.6117050250371298
bg_random,67.43639539351864,28.89750753931453,,2023,0.17406981190045676
bg_random,65.83904929038754,24.89863797387206,,2023,0.5782763560612997
bg_random,63.270908546047295,21.770434300903563,,2023,0.24077684928973517
bg_random,61.18857215512674,27.41945772327412,,2023,0.02877911428610484
bg_random,67.52802713233426,28.832414698520967,,2023,0.10287949442863464
bg_random,63.34827970091851,27.666726758747537,,2023,0.004070212285417559
bg_random,63.517932109842526,27.51277645712212,,2023,0.049561645835638046
bg_random,59.86651662213316,22.456817359845346,,2023,0.05223538881788651
bg_random,61.76891496061136,21.995947777420493,,2023,0.01160102019396921
bg_random,61.27439381089515,27.56025751120309,,2023,0.02833487745374441
bg_random,63.55413208966889,23.01545346918234,,2023,0.0022625446630020938
bg_random,67.18896247580254,29.19361897699956,,2023,0.008923695383903881
bg_random,67.88794890455446,25.90889341514317,,2023,0.0030979760146389403
bg_random,62.15423674037707,28.49732380015061,,2023,0.0028742609938490205
bg_random,61.40434495232039,21.711582172703384,,2023,0.2969711422920227
bg_random,63.46805322814318,29.54673802940464,,2023,0.06993458047509193
bg_random,63.33181851077122,25.06403231681147,,2023,0.17264648775259653
bg_random,68.24714270171414,25.64763595697027,,2023,0.005417242180556059
bg_random,67.41182393960622,28.306732425764928,,2023,0.4568067987759908
bg_random,68.00104569603494,24.08848808925715,,2023,0.12329323589801788
bg_random,63.59500791186375,28.310377142373017,,2023,0.015555162914097309
bg_random,63.25835915790319,28.144646417385605,,2023,0.3127809365590413
bg_random,68.66633450840432,28.54359478104129,,2023,0.4452008207639058
bg_random,61.41140936104618,24.90552267470312,,2023,0.02365930937230587
bg_random,61.42566697843503,26.562071362660102,,2023,0.015185602940618992
bg_random,67.88831728471634,23.917295010845024,,2023,0.0005767768476895677
bg_random,67.73400068518505,26.05682900027551,,2023,0.005578818265348673
bg_random,64.47938847874622,24.941328540902877,,2023,0.12943638737003008
bg_random,64.65152759594076,28.74033784114331,,2023,0.3357712080081304
bg_random,68.23475810958594,28.03878144903347,,2023,0.5540410876274109
bg_random,62.7071819897758,21.17281642407268,,2023,0.037957378973563514
bg_random,61.90071446557018,21.60693158476468,,2023,0.06947142506639163
bg_random,66.50520408448142,24.721348412723124,,2023,0.0052925940447797375
bg_random,62.5738036594258,31.285349093058127,,2023,0.1599280113975207
bg_random,69.02912021006216,28.58227077839253,,2023,0.86313263575236
bg_random,64.0895336993912,28.81216316333991,,2023,0.7774361968040466
bg_random,63.8229237236581,24.3021940461156,,2023,0.009859220551637312
bg_random,63.044778849357925,26.880256882047323,,2023,0.055978551506996155
bg_random,66.81506606367509,27.463067894498757,,2023,0.021393103525042534
bg_random,66.95973603737482,27.555936441888104,,2023,0.00043415589182889863
bg_random,61.448917839164174,22.78449877938741,,2023,0.0602837490538756
bg_random,60.6112992892949,23.78965823444552,,2023,0.2223798135916392
bg_random,64.1760476176353,26.98172997288061,,2023,0.00965733639895916
bg_random,66.46687395198114,24.348987308839003,,2023,0.0022996622622789196
bg_random,68.4374723602313,23.82274720583973,,2023,0.20748909811178842
bg_random,65.98865528109556,25.602933848879434,,2023,0.07279542336861293
bg_random,62.33289945604671,30.88812607267734,,2023,0.049444263180096946
bg_random,62.77497265907932,27.356256615009464,,2023,0.02207338996231556
bg_random,63.37898551639183,24.222899861323636,,2023,0.4368341863155365
bg_random,67.08883265687223,26.312563457064154,,2023,0.12052361418803532
bg_random,66.33540919744964,25.912384022934837,,2023,0.0421869270503521
bg_random,64.64830522766223,25.65245962574956,,2023,0.12636184071501097
bg_random,63.5867793003172,23.940684678041485,,2023,0.03663061869641145
bg_random,62.019541730909815,29.753625723541653,,2023,0.4384983579317729
bg_random,61.509113743716426,27.65497359415033,,2023,0.11358309040466945
bg_random,63.3225120988736,23.760030098830686,,2023,0.03979466545085112
bg_random,64.55958990442018,28.121141905933182,,2023,0.04605374361077944
bg_random,62.74574668739732,23.5689569357118,,2023,0.2550243188937505
bg_random,66.02510263397426,25.843049615011797,,2023,0.4127590258916219
bg_random,63.117766025571,31.05255283525292,,2023,0.00497887524155279
bg_random,64.5950239562587,26.05924682435202,,2023,0.014019497825453678
bg_random,61.14095805992759,27.278572806488576,,2023,0.20255322257677713
bg_random,60.470932146572366,25.727263100436584,,2023,0.05324082697431246
bg_random,63.610736754832,29.092415507505905,,2023,0.185251717766126
bg_random,63.749710954674974,23.218409363458303,,2023,0.014846409981449446
bg_random,62.61245346760892,24.31790070763328,,2023,0.07909647872050603
bg_random,63.205887254,30.87884618046836,,2023,0.026516253749529522
bg_random,62.422957533383126,22.88302694214532,,2023,0.9144163727760315
bg_random,61.0766197829354,24.677897109650136,,2023,0.07874578392753999
bg_random,61.528954105485184,27.68066278653426,,2023,0.004330430831032572
bg_random,63.22102029568464,21.205293987143857,,2023,0.031222973639766376
bg_random,67.5627914830724,23.850706278548923,,2023,0.26527152955532074
bg_random,68.64763945989569,23.454672696544296,,2023,0.0014553599758073688
bg_random,62.77361353250096,22.11186115460169,,2023,0.0038799887212614217
bg_random,61.05805403783862,28.707653398388,,2023,0.03177572678153714
bg_random,60.62880131450608,21.586777060826808,,2023,0.755444347858429
bg_random,60.19672097918131,24.698501515851024,,2023,0.05257853865623474
bg_random,62.34187021145247,22.136532898953863,,2023,0.07487173657864332
bg_random,64.70772989727122,27.34855507284908,,2023,0.07158597931265831
bg_random,67.0705987813004,25.94392641597623,,2023,0.45982669790585834
bg_random,66.80067784806234,25.00204767022817,,2023,0.35385364294052124
bg_random,67.23581795911785,25.63945676618833,,2023,0.2192263056834539
bg_random,61.84618769599473,27.493153715692003,,2023,0.5153089960416158
bg_random,62.88834502013444,29.256411990452328,,2023,0.09556309630473454
bg_random,67.48982833050935,28.55936966595803,,2023,0.18070812026659647
bg_random,64.01746317111719,28.98561191615501,,2023,0.01926605050296833
bg_random,65.55516117439883,27.752097432657116,,2023,0.02579861010114352
bg_random,67.65013468003673,26.60391176877965,,2023,0.006039482851823171
bg_random,61.5874790605101,23.543052043367904,,2023,0.2246561994155248
bg_random,66.29129252943562,24.329308323137138,,2023,0.057319476579626404
bg_random,61.42292342407784,26.720116930179547,,2023,0.17780003199974695
bg_random,66.9397213857767,28.936089131942456,,2023,0.6397222677866617
bg_random,63.26009831821961,30.57722212157846,,2023,0.02539886658390363
bg_random,69.39953838495825,27.983856546200165,,2023,0.0006841377010763002
bg_random,65.77898280275942,24.834299049605413,,2023,0.005020501247296731
bg_random,64.16593270343863,25.870422581865625,,2023,0.08991131683190663
bg_random,68.69404195990799,27.22668618401121,,2023,0.4704291025797526
bg_random,62.42514583356459,24.120476770537007,,2023,0.05383675545454025
bg_random,61.80932735353126,21.763903769899603,,2023,0.07214003428816795
bg_random,66.11580088266733,23.99548915745992,,2023,0.04319098498672247
bg_random,61.322326523580216,23.43650876701996,,2023,0.017443472053855658
bg_random,60.17486862935583,23.296665860517045,,2023,0.04129755372802416
bg_random,62.65452571248485,22.01202352092939,,2023,0.015691284090280533
bg_random,67.59320875583491,29.254415636576237,,2023,0.23324511013925076
bg_random,62.077426347325485,30.35930236386246,,2023,0.0415693869193395
bg_random,64.57404285233422,29.546334932950742,,2023,0.02375091736515363
bg_random,62.88820630791288,26.48093989635893,,2023,0.03339905198663473
bg_random,63.22245823125179,30.34600658344489,,2023,0.08500054354468982
bg_random,66.10597529189127,25.16555504637245,,2023,0.10921552032232285
bg_random,60.95090685515124,27.28193157578399,,2023,0.4145954449971517
bg_random,62.96612326669398,27.055687854059148,,2023,0.04941630188841373
bg_random,68.79326370246798,27.17102008190461,,2023,0.6514586011568705
bg_random,60.4613872537698,24.111911098748585,,2023,0.6696711579958597
bg_random,66.96689750141763,28.553346479705716,,2023,0.5711052219072977
bg_random,68.91973409445085,27.506432152804056,,2023,0.7568351229031881
bg_random,62.52394642075279,25.796272184964465,,2023,0.116806261241436
bg_random,64.75483813840638,25.326668356633814,,2023,0.21314695477485657
bg_random,67.32328884028533,26.17492766849257,,2023,0.014949018911768993
bg_random,60.76013843937616,27.05006130792356,,2023,0.06341009338696797
bg_random,64.47594179966435,29.245189835866096,,2023,0.5694211522738138
bg_random,64.98283777137625,27.16462205793047,,2023,0.0026556175046910844
bg_random,63.35854856507145,23.281172256226828,,2023,0.03959010230998198
bg_random,61.1414981880229,22.87262751188547,,2023,0.000900322009329102
bg_random,67.78346068252723,29.316734536092817,,2023,0.0077173743629828095
bg_random,63.3734778680151,23.15556886031832,,2023,0.0315918643027544
bg_random,62.667811470146425,23.37975148756772,,2023,0.034732802460590996
bg_random,63.10602264802816,22.250402937737405,,2023,0.20993701120217642
bg_random,62.78152843241419,23.669933934086224,,2023,0.15221520513296127
bg_random,67.17969215010345,25.07943316335321,,2023,0.1782467539111773
bg_random,66.59936263658193,27.83704524835286,,2023,0.3291637102762858
bg_random,65.27801044702906,27.333434579024367,,2023,0.03929717962940534
bg_random,63.51484396488612,26.330355808739046,,2023,0.017366679074863594
bg_random,60.7913238100628,26.16721890827775,,2023,0.5034120380878448
bg_random,68.23326960651485,26.56368869319224,,2023,0.11250271896521251
bg_random,63.0848787879446,31.01560810040337,,2023,0.1551568607489268
bg_random,60.840705860425686,25.164690261255732,,2023,0.7056269447008768
bg_random,69.22999340423479,28.442805403848208,,2023,0.7278289794921875
bg_random,64.22509428831417,27.594091563421028,,2023,0.04977621758977572
bg_random,68.03906746811435,28.79806204926736,,2023,0.10759286272029082
bg_random,61.643366590033246,24.880482298716657,,2023,0.07900360971689224
bg_random,62.91430601424904,27.98441889891832,,2023,0.6315682530403137
bg_random,63.18608024894113,22.083073667123514,,2023,0.5485741297403971
bg_random,61.647567335179616,27.1994667954813,,2023,0.05704221626122793
bg_random,62.85029735377777,22.52607982112245,,2023,0.09694547764956951
bg_random,60.48084751838382,26.01624474339605,,2023,0.3896544873714447
bg_random,64.97179516440698,27.961085522397426,,2023,0.10503126432498296
bg_random,65.73953961029129,29.16204542278679,,2023,0.009494607181598743
bg_random,64.61471152208176,28.99428429762896,,2023,0.028126147265235584
bg_random,65.86155420710375,25.13987923996407,,2023,0.0038457646345098815
bg_random,62.733545218950375,22.24397068366347,,2023,0.33962346613407135
bg_random,62.38410592167996,28.41161793663057,,2023,0.02142645511776209
bg_random,64.17360682376334,27.017610099561875,,2023,0.0002991779474541545
bg_random,63.01721602844457,23.940755469174874,,2023,0.17714798947175345
bg_random,62.541123501298166,22.55736405244442,,2023,0.5100986758867899
bg_random,66.2965087448951,29.03172015345048,,2023,0.03289258092020949
bg_random,59.83232212790086,23.17709799187764,,2023,0.43923091888427734
bg_random,60.59973273047788,25.217546868186545,,2023,0.09390881595512231
bg_random,67.64807096541799,27.18567874458916,,2023,0.009497751326610645
bg_random,64.1744988263953,28.58294515778493,,2023,0.005710408033337444
bg_random,69.03504276470194,26.57626143150187,,2023,0.2294015735387802
bg_random,65.47238025445887,25.92384590222724,,2023,0.8599424163500468
bg_random,68.49712954490707,23.54844172849363,,2023,0.04180395851532618
bg_random,64.29227316752512,28.01539200273396,,2023,0.0844036874671777
bg_random,64.80773481586067,27.694142179661988,,2023,0.08025811115900676
bg_random,68.19278440998347,26.341375248407758,,2023,0.028629807328494888
bg_random,64.48668596676697,25.19055900347462,,2023,0.07697735105951627
bg_random,62.07422034596719,23.072364785175164,,2023,0.7516789237658182
bg_random,68.31681888691668,24.9739149273749,,2023,0.1757091929515203
bg_random,65.5129286414621,29.66594215632155,,2023,0.2138217588265737
bg_random,60.46030726339616,25.020925490363723,,2023,0.22678809116284052
bg_random,60.40293143183978,24.134240150187946,,2023,0.03836060004929701
bg_random,61.959811618288256,21.64540739635072,,2023,0.0007866622569660345
bg_random,61.997042919447054,28.651828879155318,,2023,0.04233882545183102
bg_random,68.82922236785281,26.97915856385832,,2023,0.5288096169630686
bg_random,60.66186396187842,25.27677066214276,,2023,0.19869880874951681
bg_random,62.41700228196021,25.890398004284947,,2023,0.010725834562132755
bg_random,64.52402784704316,25.09937964000092,,2023,0.2778822183609009
bg_random,61.13498334425167,27.726835158712404,,2023,0.010043388853470484
bg_random,63.86386138271967,28.260692846173747,,2023,0.0023131913233858845
bg_random,60.44881264630768,23.49778229069465,,2023,0.448735107978185
bg_random,64.62835163528429,29.940569607211035,,2023,0.25710390011469525
bg_random,68.49526842936369,23.67678162185648,,2023,0.07764500752091408
bg_random,63.57342710012298,28.88209476553101,,2023,0.02566291702290376
bg_random,64.05110333431875,27.548437243298576,,2023,0.11548084517319997
bg_random,65.55862492678293,27.58480698718104,,2023,0.0066157044493593276
bg_random,64.77712297569538,27.73037179956595,,2023,0.07578479374448459
bg_random,62.51265308171936,23.93074818579058,,2023,0.14308207233746847
bg_random,64.29320917700447,26.31981043009033,,2023,0.047127232886850834
bg_random,63.08746914855284,28.615145601898924,,2023,0.6196113228797913
bg_random,62.73442002258587,27.377054729475987,,2023,0.040792399396499
bg_random,61.04396397835502,21.79978656855131,,2023,0.051280319690704346
bg_random,65.97608761694522,24.112396258974734,,2023,0.008426841426019868
bg_random,67.26648288024234,24.23758319414835,,2023,0.05703387036919594
bg_random,67.89612917527892,28.024421444588675,,2023,0.1511375457048416
bg_random,66.92787622911365,24.22688185811215,,2023,0.06738296772042911
bg_random,64.23667331954704,25.483787214709043,,2023,0.06772624080379804
bg_random,62.29515893920105,28.150152620455067,,2023,0.09234313977261384
bg_random,64.44936048424182,25.078616341762,,2023,0.5928850173950195
bg_random,64.49027360478782,25.53935705172592,,2023,0.1705165629585584
bg_random,64.11675824089298,28.993023232466825,,2023,0.0213140775449574
bg_random,66.73383445756568,27.815107435597607,,2023,0.008067335623006025
bg_random,65.34559302122454,26.720365237492828,,2023,0.3275187114874522
bg_random,67.68338309083227,24.951897159634974,,2023,0.002379577956162393
bg_random,60.391463054078784,24.507027551103896,,2023,0.24186933040618896
bg_random,61.03736822419052,22.92029601582342,,2023,0.035893176371852555
bg_random,61.25159502953,24.147651402627147,,2023,0.0025210317107848823
bg_random,67.09056292049237,27.108839372331364,,2023,0.05480463554461797
bg_random,62.116756758939175,26.35986048285612,,2023,0.062090457727511726
bg_random,63.8226133131372,23.69287749947181,,2023,0.17735537638266882
bg_random,62.64390784932507,26.60973943781535,,2023,0.05345990136265755
bg_random,69.72788405961845,26.986552367892724,,2023,0.5619180798530579
bg_random,66.9988053835526,26.83909929153072,,2023,0.18112597862879434
bg_random,66.86527158552275,26.072128542918232,,2023,0.08910808960596721
bg_random,64.41530409620435,27.95518163944821,,2023,0.05094224369774262
bg_random,64.24925620308184,28.84573079569247,,2023,0.04306264904638132
bg_random,65.85695024582341,25.39304669938745,,2023,0.02661913416037957
bg_random,66.5351760216929,25.62995204748327,,2023,0.004561310090745489
bg_random,68.41773951046747,27.157661553836903,,2023,0.5093923211097717
bg_random,68.48115963884028,28.19316801849099,,2023,0.917546808719635
bg_random,62.07158440002447,23.065653885375596,,2023,0.003051411205281814
bg_random,68.04132367430806,27.936904765213413,,2023,0.0019921209507932267
bg_random,67.21370302627881,25.214487840333383,,2023,0.05336882298191389
bg_random,67.91450154865575,25.74784938583056,,2023,0.16026740769545236
bg_random,62.51270403110804,28.13988200765969,,2023,0.022979024797677994
bg_random,67.35784544809415,23.951550141940597,,2023,0.04324842679003874
bg_random,61.89544262992263,26.250017023592136,,2023,0.05442677782169388
bg_random,60.99927456559428,22.548650886258923,,2023,0.7722956538200378
bg_random,62.71377397668041,30.859215698697945,,2023,0.013945691753178835
bg_random,64.36459373119894,29.33856672189595,,2023,0.004278898433161278
bg_random,66.04570156195597,24.877363654816936,,2023,0.16694194078445435
bg_random,67.11634931844878,27.84566902270808,,2023,0.0029749925015494227
bg_random,62.04674708290814,25.49909161872124,,2023,0.4106062750021617
bg_random,66.63344416755872,27.707680793893747,,2023,0.3943972090880076
bg_random,65.23236374275032,27.330805742581813,,2023,0.022803417096535366
bg_random,60.55717401261144,25.29255881193385,,2023,0.2495203067859014
bg_random,65.97966027862299,27.28338323216009,,2023,0.19828344881534576
bg_random,63.80364418911469,27.438048488310965,,2023,0.009915240885068973
bg_random,63.81727292715342,24.292002720126995,,2023,0.03835143086810907
bg_random,61.25450481849598,27.64012566140053,,2023,0.002209799519429604
bg_random,61.696479959972976,29.5289597997106,,2023,0.15522834161917368
bg_random,65.81551525020511,29.57920877673763,,2023,0.17482589681943259
bg_random,68.44879902515258,27.762083145878144,,2023,0.4167020122210185
bg_random,65.81816822374795,26.02039047547588,,2023,0.019643659858653944
bg_random,62.011693662076766,22.58402444330196,,2023,0.03267956028381983
bg_random,66.13621202866733,26.076535515163208,,2023,0.045368271258970104
bg_random,69.27363883078807,28.175454059525208,,2023,0.3730831742286682
bg_random,65.69431885763406,25.121232585103108,,2023,0.7263996005058289
bg_random,62.937578055436425,26.27801265777091,,2023,0.006621477213532974
bg_random,64.91462426971054,26.01288678314495,,2023,0.014149742433801293
bg_random,60.412688839789816,26.330875030747418,,2023,0.11528279531436662
bg_random,61.23370512299525,22.237555623659187,,2023,0.8609620730082194
bg_random,61.06679690939157,26.64322266834356,,2023,0.12862606470783552
bg_random,62.54669987845081,23.162463236264774,,2023,0.6147222518920898
bg_random,63.021375810723086,24.000745817839263,,2023,0.18419580161571503
bg_random,68.57362904668646,25.941668397191364,,2023,0.0034511380241989778
bg_random,63.92615223080058,26.17308609969785,,2023,0.1126737507681052
bg_random,63.11913502396841,27.252309756749607,,2023,0.00018449332128511742
bg_random,64.35363726326815,29.621072583027686,,2023,0.35702147086461383
bg_random,66.81508177083957,28.057096291244903,,2023,0.2799336512883504
bg_random,64.96166232015338,27.65882358244585,,2023,0.04537631074587504
bg_random,61.198365725063695,22.29688288369322,,2023,0.8410139083862305
bg_random,63.00348103482103,26.805238138726786,,2023,0.029419923511644203
bg_random,68.17851128183244,24.833702485498936,,2023,0.5297921399275461
bg_random,64.56519960057618,25.754742342361546,,2023,0.1771668791770935
bg_random,69.61843102304094,28.43367310029041,,2023,0.8530029058456421
bg_random,66.90957833323404,27.833027671824475,,2023,0.32532347242037457
bg_random,61.35802402291989,24.919269213056527,,2023,0.015817330684512854
bg_random,66.81347496277017,24.306505375364534,,2023,0.43476173281669617
bg_random,60.55358320555066,24.84537762500454,,2023,0.08134011800090472
bg_random,63.15696357288219,21.72957771280735,,2023,0.15893660734097162
bg_random,64.68961923688924,28.832698805669956,,2023,0.0878205547730128
bg_random,66.99643596393719,26.28875496012723,,2023,0.04537798588474592
bg_random,61.81750300552519,23.158458468882355,,2023,0.11045512557029724
bg_random,66.29471792310673,24.996254584702346,,2023,0.05637150133649508
bg_random,63.23585000534003,29.70311605065064,,2023,0.6684016386667887
bg_random,62.43256574063588,28.593356384371905,,2023,0.032757717184722424
bg_random,63.21873889619786,23.849704236490147,,2023,0.0028444837468365827
bg_random,62.06143934761198,22.86619763420552,,2023,0.036764212573568024
bg_random,64.86316940450213,27.75026041721081,,2023,0.40536294380823773
bg_random,60.2837468382451,25.22811781734445,,2023,0.012209943806131681
bg_random,65.0865423941363,29.197435145362284,,2023,0.10066370914379756
bg_random,69.46227874444892,27.084795532774866,,2023,0.0014994165782506268
bg_random,64.6110251499582,27.72591270245049,,2023,0.01473935212319096
bg_random,61.87962253614983,28.23161013181372,,2023,0.18687991425395012
bg_random,62.750541087869024,31.196502633551344,,2023,0.06756259128451347
bg_random,64.29795520148387,26.06144567667353,,2023,0.1650577336549759
bg_random,63.6405690794122,23.683381297728683,,2023,0.015600715453426043
bg_random,60.74741022101402,25.151232736613167,,2023,0.08795411263902982
bg_random,66.11535589481927,28.878341468968625,,2023,0.020053453433016937
bg_random,63.12107284733406,30.390205636837624,,2023,0.2906957119703293
bg_random,60.77906552642997,22.240855895203904,,2023,0.4088764389355977
bg_random,60.73298241624608,22.48073122277157,,2023,0.2640847365061442
bg_random,64.82619889232589,28.365529846037543,,2023,0.20666504402955374
bg_random,63.7450579162064,24.08156970746177,,2023,0.007037283736281097
bg_random,67.25340776707988,26.7250396341142,,2023,0.027171009530623753
bg_random,68.9564562250526,28.219233303061674,,2023,0.4278894861539205
bg_random,67.9514391572044,25.512450253460187,,2023,0.004046381373579304
bg_random,69.07863615925613,27.37439361935849,,2023,0.4075758953889211
bg_random,64.36447500123252,26.432401501136415,,2023,0.016710046329535544
bg_random,61.05380926156614,25.208693603249312,,2023,0.05795037001371384
bg_random,62.56846350975611,22.454735039234365,,2023,0.7443427443504333
bg_random,63.96127059514001,29.099927465946312,,2023,0.04002461458245913
bg_random,67.75119457533503,28.247215669535255,,2023,0.41109732786814374
bg_random,69.22306656888695,27.841274069079844,,2023,0.22302737335364023
bg_random,63.13096547728572,28.72705855352485,,2023,0.44854749242464703
bg_random,68.36500315946327,23.20752354966338,,2023,0.40139032403628033
bg_random,61.48896283221942,22.269554828733398,,2023,0.04028294747695327
bg_random,61.28500696858661,25.73294288787154,,2023,0.2739960749944051
bg_random,62.01810233130898,23.94582686872423,,2023,0.16150142004092535
bg_random,60.7411303547012,23.868903417777567,,2023,0.0023390014733498297
bg_random,68.67277704882724,27.453929879095856,,2023,0.2410892422000567
bg_random,62.94321015512122,25.27172032871024,,2023,0.2573929776748021
bg_random,63.49586488629126,29.049287998945985,,2023,0.0353766733314842
bg_random,61.43507487412966,24.48683932296387,,2023,0.09400849292675655
bg_random,63.50750491884608,30.34588897902861,,2023,0.012710109042624632
bg_random,61.8579083397179,23.204844548698286,,2023,0.18201312919457754
bg_random,61.47609890840221,26.264927456365776,,2023,0.013217233121395111
bg_random,60.207650282879605,22.831706145878925,,2023,0.7431004246075948
bg_random,68.14889491105475,25.868013629726956,,2023,0.00619432454307874
bg_random,60.69422919765034,22.52638788257501,,2023,0.4396559198697408
bg_random,66.11097008777496,29.33674239883615,,2023,0.46879353125890094
bg_random,63.098058612753626,29.204487459243648,,2023,0.01570847009619077
bg_random,63.63451005305476,24.90260424812696,,2023,0.051799073815345764
bg_random,62.13064967514292,27.583981354713,,2023,0.020334347616881132
bg_random,67.61062237912395,27.353266642835585,,2023,0.17126097281773886
bg_random,62.14324848609193,27.768688917602585,,2023,0.003314117668196559
bg_random,67.93797282150926,26.25698736642012,,2023,0.014375834357148657
bg_random,62.16371749815934,25.20084722248131,,2023,0.08901908993721008
bg_random,66.03709308875702,24.23480048724774,,2023,0.12248292068640391
bg_random,67.06647387724385,24.827403691298397,,2023,0.34106064836184186
bg_random,65.99832659008828,24.133870516318645,,2023,0.5285742978254954
bg_random,65.28928642821066,27.690658521684096,,2023,0.024491296149790287
bg_random,64.21830820165802,25.677698806488028,,2023,0.0057371011935174465
bg_random,65.6587014559986,27.58045149499869,,2023,0.054608828077713646
bg_random,64.20328742378871,27.309907930832395,,2023,0.06516329199075699
bg_random,64.01473915033843,26.679419032241032,,2023,0.013430124090518802
bg_random,65.96182055041756,24.85580324787632,,2023,0.028584131971001625
bg_random,66.49641246105095,26.05710518069073,,2023,0.05803796400626501
bg_random,62.17829474989711,23.14746127880641,,2023,0.2504558910926183
bg_random,64.17576854320738,30.44342364537813,,2023,0.007429886725731194
bg_random,61.30659482393264,24.87367246987148,,2023,0.0037186641711741686
bg_random,60.437467929457725,26.91002846467699,,2023,0.13478358586629233
bg_random,63.260428508610914,28.71151875216699,,2023,0.03820962004829198
bg_random,65.83664983243537,25.443367505439248,,2023,0.004126117758763333
bg_random,60.57209503880743,25.383158665122902,,2023,0.10039457678794861
bg_random,66.46306255643876,28.799218359929004,,2023,0.04084545622269312
bg_random,66.43615324704881,24.44484564549288,,2023,0.02114425677185257
bg_random,60.35245997682174,24.613854194020803,,2023,0.7464783986409506
bg_random,67.9170308902056,25.72215725928396,,2023,0.07768101866046588
bg_random,62.36708633484181,30.705254833101694,,2023,0.021033282702167828
bg_random,60.34472665123892,20.785679996540185,,2023,0.027708972649027903
bg_random,62.12240646465613,21.294380272075344,,2023,0.733621080716451
bg_random,63.025033112838805,30.212265738918948,,2023,0.15471982955932617
bg_random,67.61668101154136,25.33433658222,,2023,0.12097698698441188
bg_random,59.904416816692255,23.72823830379994,,2023,0.4511185884475708
bg_random,62.900484995554656,29.366005338193617,,2023,0.020249665714800358
bg_random,62.07988184574203,26.25282260816305,,2023,0.03191397370149692
bg_random,66.85147310172601,27.799684381360795,,2023,0.05894231299559275
bg_random,65.50323764756578,28.470679159704613,,2023,0.21411368250846863
bg_random,62.144449542902,25.4107547649476,,2023,0.12867808590332666
bg_random,66.7068845011001,28.69401504488084,,2023,0.030173085629940033
bg_random,61.87455842166347,25.31734464624469,,2023,0.008241720187167326
bg_random,61.92119009053085,27.99377149966135,,2023,0.03075933704773585
bg_random,63.32907466916972,27.478423108290688,,2023,0.704068124294281
bg_random,66.35209683168767,29.556967958742284,,2023,0.17363442728916803
bg_random,61.16437689429525,28.11500366647532,,2023,0.5630514125029246
bg_random,64.81271560511937,28.197362601874104,,2023,0.12747126072645187
bg_random,63.23136716279514,28.70342978268966,,2023,0.013208490951607624
bg_random,66.2673010005242,25.12352991221973,,2023,0.01688899875928958
bg_random,63.39168512089747,24.449143353616083,,2023,0.2196628898382187
bg_random,67.45599131758283,25.35793323473504,,2023,0.12680968145529428
bg_random,66.15458701936058,27.09239297669858,,2023,0.12484445919593175
bg_random,66.16173530564106,28.339891754621227,,2023,0.1722694436709086
bg_random,66.97530456801913,27.11785559145705,,2023,0.004913860311110814
bg_random,68.49154287916663,28.07990690235654,,2023,0.15524418900410333
bg_random,65.31265034707,29.08369036129345,,2023,0.03360094719876846
bg_random,63.60356195726393,24.486971650921877,,2023,0.11955607930819194
bg_random,68.44327486287254,25.84863503576456,,2023,0.05905594055851301
bg_random,62.26304454502631,22.351497573652573,,2023,0.1217427762846152
bg_random,60.71826158482361,27.822971839349297,,2023,0.9572073419888815
bg_random,67.477631970185,28.741660355809746,,2023,0.6098271210988363
bg_random,68.1404445754618,28.341081946277185,,2023,0.9084764917691549
bg_random,64.73485695641125,29.88052218839372,,2023,0.331376979748408
bg_random,63.67246736275919,25.794058686400685,,2023,0.013216071451703707
bg_random,67.81906202937763,28.683112921949174,,2023,0.0017989676562137902
bg_random,62.10732291532052,28.16234741174997,,2023,0.8939080039660136
bg_random,64.17288301505845,26.205904657300103,,2023,0.054423930744330086
bg_random,67.24707131462748,27.636346139832582,,2023,0.0023802953655831516
bg_random,68.30585866020327,27.793378911748952,,2023,0.6907827655474345
bg_random,67.73136441142267,23.97466551770651,,2023,0.19199621677398682
bg_random,61.91707281846333,23.851035065185854,,2023,0.1386906343201796
bg_random,66.30634295470922,27.363772010220128,,2023,0.02649496713032325
bg_random,66.66169867161945,29.27169483090724,,2023,0.8382826050122579
bg_random,65.00238225595945,28.427464728403606,,2023,0.1833377704024315
bg_random,67.769605858024,29.30133448189888,,2023,0.20097232858339945
bg_random,62.80242956183256,27.399573851537838,,2023,0.0037638473246867457
bg_random,67.15260028339262,28.530558097603063,,2023,0.0034144409776975713
bg_random,66.26725026706764,29.474562717493846,,2023,0.3331085244814555
bg_random,60.994746350429686,25.37828673932691,,2023,0.2242680937051773
bg_random,63.951197229952406,26.04269853869901,,2023,0.0030998054426163435
bg_random,65.77265157441569,27.62529420233486,,2023,0.14979140212138495
bg_random,62.00075500830087,25.470800922989078,,2023,0.04930358938872814
bg_random,67.79093813686917,27.107534815277265,,2023,0.0351609718054533
bg_random,63.86731585348657,24.301846283753587,,2023,0.032949748604247965
bg_random,61.34188597859681,28.328274919199803,,2023,0.04014649583647648
bg_random,61.14097104057841,21.529743473742844,,2023,0.40751950939496356
bg_random,63.59404669646418,29.642859411543977,,2023,0.6686915159225464
bg_random,62.26607275542577,28.95352952292545,,2023,0.008635789776841799
bg_random,60.46592090834189,22.4763040462879,,2023,0.5956391096115112
bg_random,61.78723428981975,22.893104457093948,,2023,0.00818270305171609
bg_random,61.455094718005725,26.968036208662564,,2023,0.10365411639213562
bg_random,61.45389960952072,26.200021365374297,,2023,0.32060420513153076
bg_random,63.49453511877736,27.30927637630044,,2023,0.057249024510383606
bg_random,65.15559070795268,26.401556821462357,,2023,0.0009207525290548801
bg_random,67.48982289108187,24.735539934087303,,2023,0.009729206562042236
bg_random,61.37141760748182,28.785494624238503,,2023,0.0009893114067457038
bg_random,66.15668600880993,24.6097096947841,,2023,0.2868836224079132
bg_random,60.22621447502136,22.23864799090608,,2023,0.6436237692832947
bg_random,67.76894524009008,26.40711665071641,,2023,0.024370326505353052
bg_random,62.64950958396877,26.823171890141207,,2023,0.04138115172584852
bg_random,66.54252143718858,26.54741136070602,,2023,0.21898275117079416
bg_random,66.35774099507299,25.5674037420414,,2023,0.39439637462298077
bg_random,60.112070795244286,23.182133548551064,,2023,0.5304207503795624
bg_random,62.643997708002566,23.365162911072414,,2023,0.24475469688574472
bg_random,64.584334445145,29.16252851377228,,2023,0.033723829624553524
bg_random,67.05103292817418,29.05937335439761,,2023,0.1180072786907355
bg_random,62.047526366505465,28.217283835749797,,2023,0.056236413617928825
bg_random,67.04567719766067,24.647183233061817,,2023,0.45100919405619305
bg_random,64.67986342687148,27.920891556675183,,2023,0.1901888350645701
bg_random,62.04282680432758,30.22473838891804,,2023,0.09376208359996478
bg_random,65.1906388730634,25.375436134390338,,2023,0.31244967381159466
bg_random,63.07002396337922,27.25156787598964,,2023,0.0684417299926281
bg_random,62.80854485578203,30.25678848591209,,2023,0.016150578080366056
bg_random,64.67117596879581,29.43437360304034,,2023,0.055820830166339874
bg_random,61.46298492931313,26.939208405783408,,2023,0.03657342089960972
bg_random,62.96575143445188,25.135313049356277,,2023,0.017338098647693794
bg_random,65.13881295797673,26.27573491823402,,2023,0.19336412847042084
bg_random,61.04983384441911,26.54356214397614,,2023,0.04908301681280136
bg_random,60.02930153339517,23.831683196962132,,2023,0.5222218533356985
bg_random,61.4749272876026,22.660064993017283,,2023,0.010148775298148394
bg_random,63.26826562644942,23.49677035773749,,2023,0.1205886925260226
bg_random,62.67451341769427,22.77204148911411,,2023,0.013938618047783772
bg_random,66.52897489400192,23.876488857453005,,2023,0.04989529959857464
bg_random,66.85162998444954,25.26825993008708,,2023,0.030934379436075687
bg_random,61.63135770799783,28.609049058517137,,2023,0.07752300674716632
bg_random,61.120773910469495,22.259058745946955,,2023,0.04190443091404935
bg_random,62.16802300414576,21.897033740341698,,2023,0.06164418378223976
bg_random,62.313585198591205,28.43887174502155,,2023,0.10076003024975459
bg_random,62.28064161824442,23.69798130111623,,2023,0.013992751482874155
bg_random,65.58821110972673,29.461185201881907,,2023,0.04040285634497801
bg_random,60.033258956852585,23.76952023331612,,2023,0.018914758538206417
bg_random,65.32905289325306,27.510655966129008,,2023,0.012006825301796198
bg_random,63.28939639320195,29.17791877204192,,2023,0.3715769747893016
bg_random,67.66983703287751,27.839459867815386,,2023,0.35395383834838867
bg_random,67.14358717165247,23.97898325368367,,2023,0.280948281288147
bg_random,66.54893501450898,25.034184408436875,,2023,0.9000398317972819
bg_random,66.83004798640395,25.71519902532785,,2023,0.1530078426003456
bg_random,66.82706568612983,26.92621597121069,,2023,0.058069621523221336
bg_random,69.1350968046275,27.560528682535605,,2023,0.34124117243724567
bg_random,67.47412722769889,29.51049840311422,,2023,0.0004470191488508135
bg_random,60.37636934898139,24.77436912909785,,2023,0.0028564961006244025
bg_random,62.28161445569271,28.83579468405394,,2023,0.2320171445608139
bg_random,62.64391333261779,29.033930887396384,,2023,0.04106903324524561
bg_random,67.15703689874367,26.139979156399452,,2023,0.017696101528902847
bg_random,63.91112538449142,28.443494028086118,,2023,0.17158044377962747
bg_random,63.23152021013355,30.83509930333792,,2023,0.05614069973429044
bg_random,66.45781149721081,27.179307686441383,,2023,0.3454023500283559
bg_random,64.08395881367933,27.85226383809121,,2023,0.050586956553161144
bg_random,63.05539776189633,26.261488138091263,,2023,0.15734806284308434
bg_random,69.06374302241247,27.177138757298195,,2023,0.0033364152380575738
bg_random,60.439394229783474,23.72081354338277,,2023,0.0063918478942165775
bg_random,61.454849255108975,24.475937585422965,,2023,0.3069359064102173
bg_random,62.29899139856162,25.28750690482084,,2023,0.02606123375395934
bg_random,61.94784804333412,21.64506306311741,,2023,0.0073899653895447654
bg_random,60.65860229425192,23.56963140759889,,2023,0.08415340632200241
bg_random,67.75382200494356,24.33148123692585,,2023,0.03778084677954515
bg_random,65.75245916172672,26.55221689721365,,2023,0.05698902904987335
bg_random,65.54793070824056,26.3970726240959,,2023,0.003919516321426879
bg_random,62.514295987641006,27.987361051001734,,2023,0.6280215779940287
bg_random,65.6960272210671,28.25024690504149,,2023,0.04076852835714817
bg_random,61.77767482208613,30.00630334088322,,2023,0.1864907443523407
bg_random,65.0424378842095,25.874593693905467,,2023,0.9116612474123637
bg_random,64.27016121425709,25.44527786494148,,2023,0.12795295317967734
bg_random,66.45648651633996,27.295600266345964,,2023,0.0005704328505089507
bg_random,62.489406522272766,31.136401595550897,,2023,0.0026861907293399176
bg_random,63.14061218015731,26.010777961667088,,2023,0.009477742850625267
bg_random,66.47156067824054,28.52678184089624,,2023,0.09154811253150304
bg_random,67.20148503893806,23.70243321569762,,2023,0.14386969804763794
bg_random,62.57540347036743,26.517538308231806,,2023,0.07398066048820813
bg_random,63.88755195836581,26.579216301704918,,2023,0.0024198451234648624
bg_random,66.25519025620689,25.896256005818486,,2023,0.1317795217037201
bg_random,60.98883786149295,23.435180135584314,,2023,0.18565256396929422
bg_random,66.22138835961874,29.55689444319068,,2023,0.2627544701099396
bg_random,64.15835351427127,30.46859877583501,,2023,0.015109736879821867
bg_random,65.86252082009385,29.481474134123413,,2023,0.14916848142941794
bg_random,61.75453818855241,25.907956347481687,,2023,0.04490862352152666
bg_random,66.45195931605089,24.162364998497573,,2023,0.03444649465382099
bg_random,63.528354759775375,28.28029115909016,,2023,0.321424995859464
bg_random,66.82890194265146,28.45057233951917,,2023,0.2058586279551188
bg_random,64.4845043598731,29.16263022288112,,2023,0.024485231687625248
bg_random,66.10071481775874,25.06396779482726,,2023,0.007283719489350915
bg_random,63.17102902514756,22.402109157855392,,2023,0.4448763430118561
bg_random,67.84274151215153,29.36864313320903,,2023,0.09201211978991826
bg_random,65.52444809656305,25.748975494833047,,2023,0.09715929379065831
bg_random,67.54481839796156,29.254316985879477,,2023,0.0009918159436589729
bg_random,60.56220233527537,24.55315560695804,,2023,0.00450808090196612
bg_random,63.93196840911433,26.503494539382523,,2023,0.06842161466677983
bg_random,60.60258223076657,22.505152547926038,,2023,0.44191888968149823
bg_random,60.85820534255315,27.30379211187424,,2023,0.8514160911242167
bg_random,67.03244091556587,28.72697407051069,,2023,0.001056527621888866
bg_random,60.64382220311172,27.871980767020045,,2023,0.15729296455780664
bg_random,63.4038011431123,30.249145043089904,,2023,0.31219132741292316
bg_random,62.96853065544202,27.23081629484276,,2023,0.042209126986563206
bg_random,68.41062874545715,22.946964308527907,,2023,0.02720758505165577
bg_random,68.14236076739239,24.41554887361371,,2023,0.1904322405656179
bg_random,63.52719820785966,27.668646924614336,,2023,0.3551974892616272
bg_random,61.08397553103104,28.668405130324903,,2023,0.06231484810511271
bg_random,66.81563269603203,28.779840802392357,,2023,0.051430697863300644
bg_random,68.31801529999572,25.509132567494536,,2023,0.16914188861846924
bg_random,68.07243664443315,27.77690299540199,,2023,0.0018907967605628073
bg_random,63.27894021882224,25.559487977406256,,2023,0.019356303848326206
bg_random,60.49040251200146,24.83966837268948,,2023,0.09404619038105011
bg_random,63.97097119970055,25.840052826289803,,2023,0.006475407164543867
bg_random,64.90031986039618,27.245245199816384,,2023,0.003890328536120554
bg_random,62.20469468937183,21.749959105610127,,2023,0.08612142254908879
bg_random,68.57009775229106,27.19561442504836,,2023,0.6541012724240621
bg_random,65.19128503559831,25.291305373705654,,2023,0.1802599380413691
bg_random,59.92593555954151,23.862175362774423,,2023,0.9482739965120951
bg_random,63.66827508287853,27.238426637847585,,2023,0.04207610835631689
bg_random,62.9698071790227,26.18349402631461,,2023,0.0005304954262707421
bg_random,62.72622042806043,26.04469355919889,,2023,0.02202885497050981
bg_random,65.23406049836017,28.242071678990712,,2023,0.029399639926850796
bg_random,61.4698849447122,23.193282663691324,,2023,0.0013732714141951874
bg_random,62.88180164732214,31.17430847180511,,2023,0.006579982582479715
bg_random,65.07879955198477,27.09443254857116,,2023,0.9814035495122274
bg_random,68.61739667910983,27.73555522748204,,2023,0.4962384303410848
bg_random,67.60684668835876,27.747643081655504,,2023,0.4651948908964793
bg_random,61.70620546820904,28.00712088047159,,2023,0.2783368130524953
bg_random,65.65025785565709,29.37102856174449,,2023,0.49536213278770447
bg_random,67.52432409938885,27.939705249860022,,2023,0.196409210562706
bg_random,62.82676720643885,29.30604100407553,,2023,0.025630762179692585
bg_random,66.60676745712497,25.726772423272596,,2023,0.1585651089747747
bg_random,67.83023076404282,24.2965150188047,,2023,0.0024209479646136365
bg_random,60.245277427247885,25.94788380251719,,2023,0.25172271331151325
bg_random,67.00804522211823,25.67900536087312,,2023,0.21746529142061868
bg_random,68.07830105055396,28.79420421242719,,2023,0.1751624991496404
bg_random,66.98376677794163,25.157624416575292,,2023,0.0076969721509764595
bg_random,63.46926727431353,29.646109190022973,,2023,0.046305167799194656
bg_random,62.40464963210165,29.512935631203465,,2023,0.004569437199582656
bg_random,64.30923155820743,26.756381998916268,,2023,0.009061549208126962
bg_random,64.52221532407192,27.8479010720534,,2023,0.11175141607721646
bg_random,68.2342372572055,24.41330086485561,,2023,0.005486389932533105
bg_random,67.53335741790349,27.045210147629174,,2023,0.006482748314738274
bg_random,62.41702244394278,21.94367022028896,,2023,0.022965492215007544
bg_random,66.30822842540918,29.35148228363375,,2023,0.04850701615214348
bg_random,67.93091993942438,25.466433969354487,,2023,0.31551886598269147
bg_random,61.74259791016425,25.334549402032835,,2023,0.0832746351758639
bg_random,63.34368185809451,25.804650643855712,,2023,0.07262812554836273
bg_random,67.95164542577312,28.77104069289303,,2023,0.6608599821726481
bg_random,69.54073339535293,29.00779607887141,,2023,0.5079384247461954
bg_random,64.4869174507415,24.51707485781673,,2023,0.5210319260756174
bg_random,68.78080890102652,25.52969491584893,,2023,0.028575684875249863
bg_random,64.89293985964292,27.94339415538462,,2023,0.003286451722184817
bg_random,68.7692351823629,28.65170985079736,,2023,0.6386008063952128
bg_random,66.19613493584635,28.04929322012101,,2023,0.23196546733379364
bg_random,65.86379836499701,28.6382477121317,,2023,0.2530340254306793
bg_random,68.54917319943596,27.92191375174686,,2023,0.6387662788232168
bg_random,66.17772927383199,28.897528543566786,,2023,0.0030832787160761654
bg_random,60.48900460304483,24.80684800821167,,2023,0.02351695050795873
bg_random,64.97325938028412,29.36379973485136,,2023,0.026088325617214043
bg_random,63.89052817840512,29.91624949142679,,2023,0.004125046466166775
bg_random,63.48763295374528,25.204209339094287,,2023,0.08804079083104928
bg_random,68.09813867851005,24.37973753103111,,2023,0.004205998673569411
bg_random,61.04485984228821,28.02340357649442,,2023,0.053439777344465256
bg_random,60.980606357329,28.56599133506893,,2023,0.023312365170568228
bg_random,63.31411505700149,23.52571889908056,,2023,0.07027541721860568
bg_random,64.96191677366402,28.0423929454198,,2023,0.01365647769610708
bg_random,63.132577376895775,25.80635973534436,,2023,0.09253743539253871
bg_random,61.68431578559496,29.848349276258556,,2023,0.3152235945065816
bg_random,68.11960685756658,26.15494499670479,,2023,0.043451711535453796
bg_random,61.30987134043076,25.27717231691169,,2023,0.06304666524132092
bg_random,62.63178571720066,28.58219504278935,,2023,0.014864433687762357
bg_random,65.23854962396881,28.37000078561962,,2023,0.2827455202738444
bg_random,63.35818678295644,25.091370081521397,,2023,0.023637840058654547
bg_random,63.10153612036255,29.54567660724574,,2023,0.18099836011727652
bg_random,64.71474853188104,24.947975934459603,,2023,0.4372008840243022
bg_random,63.06124521107195,27.9393595733521,,2023,0.012736363181223473
bg_random,60.44149444336026,26.316908569739567,,2023,0.17127250010768572
bg_random,64.04786296365063,28.53970741369712,,2023,0.011452965389859552
bg_random,63.3589129967632,26.556580577891605,,2023,0.07592715695500374
bg_random,60.6271557470944,27.8498915342512,,2023,0.012569388995567957
bg_random,67.36789888388223,25.465358256506335,,2023,0.04081411970158418
bg_random,61.406263079678496,27.906044946940614,,2023,0.6378177205721537
bg_random,61.84283094979943,22.191265309869834,,2023,0.0032949626717406013
bg_random,61.301834757714765,25.28926392240272,,2023,0.04672079471250375
bg_random,62.56072274646496,21.689326019969336,,2023,0.07697819297512372
bg_random,61.47509880372593,27.172234788424888,,2023,0.022371902440985043
bg_random,63.44707154004099,22.294476222756717,,2023,0.6289999683698019
bg_random,65.28612232871224,25.513642340098,,2023,0.4237325191497803
bg_random,65.99555966853617,27.04952146688832,,2023,0.2777954836686452
bg_random,64.81770373284054,27.281563976216443,,2023,0.022397907140354317
bg_random,66.22376336725641,29.646464260675906,,2023,0.4000752667586009
bg_random,68.55187534181799,24.57538514808043,,2023,0.021399989413718384
bg_random,63.47440511769862,26.342540564050587,,2023,0.0010015687730628997
bg_random,63.25865029228417,30.40188269179009,,2023,0.06129414735672375
bg_random,67.03945040924101,27.32987531458362,,2023,0.10186366488536198
bg_random,63.13403154224834,30.856210803379252,,2023,0.5951620241006216
bg_random,69.45237089461494,27.244466670146917,,2023,0.009393371175974607
bg_random,60.83551551899868,27.35920108181965,,2023,0.6713441411654154
bg_random,67.5840929081316,29.94061213127519,,2023,0.41017096241315204
bg_random,63.54062074165889,23.22264060856237,,2023,0.18111262222131094
bg_random,67.86628486682994,27.103315621114465,,2023,0.040520817041397095
bg_random,69.29167683720142,27.807444242221223,,2023,0.3204457511504491
bg_random,60.6939503895937,22.9607088185802,,2023,0.026765031119187672
bg_random,62.25668864193134,22.38087393874836,,2023,0.20178559919198355
bg_random,60.33966479473352,24.333805036345986,,2023,0.1422614927093188
bg_random,62.83138072994059,26.766176491694,,2023,0.1233732874194781
bg_random,65.64759806984613,26.95427277750844,,2023,0.03765039208034674
bg_random,63.03329064849667,28.679205142634896,,2023,0.047426829235822275
bg_random,65.74602742152173,25.652723123030142,,2023,0.0013067975523881614
bg_random,63.35733055835959,29.65404622935303,,2023,0.07174011288831632
bg_random,60.86869842005279,25.9350970707863,,2023,0.46349072456359863
bg_random,65.92596541224576,26.712289492486143,,2023,0.18073329826196036
bg_random,60.15689628768714,23.57449714911592,,2023,0.03601393600304922
bg_random,61.695428323908175,24.998240953084032,,2023,0.09168359637260437
bg_random,68.80423592278942,27.23534321188641,,2023,0.8911077181498209
bg_random,66.04603206726733,25.52030962112191,,2023,0.012073268493016561
bg_random,68.03789973423706,25.820154808030317,,2023,0.01087465591263026
bg_random,67.50576094133277,28.467454559485805,,2023,0.1443957438071569
bg_random,64.31656423511153,26.223278870834445,,2023,0.0053511938895098865
bg_random,63.23366191263317,22.53888850924124,,2023,0.001507759967353195
bg_random,68.55414366761713,23.436818208932237,,2023,0.002068338818692913
bg_random,67.38938696083082,26.50978544749156,,2023,0.08154135197401047
bg_random,66.72640909415173,27.25238240789485,,2023,0.026553867074350517
bg_random,62.87641122255564,21.493747136832187,,2023,0.051919031888246536
bg_random,62.62387988252792,30.870313373037497,,2023,0.6554214159647623
bg_random,63.45461758892408,25.82987108873079,,2023,0.03957309822241465
bg_random,67.07892744922086,24.6719514512949,,2023,0.47282832860946655
bg_random,61.25161803411446,22.368072542089504,,2023,0.04196791661282381
bg_random,66.64405164592901,27.74198284398089,,2023,0.03177445102483034
bg_random,63.01753205572014,26.940105294026488,,2023,0.06117256358265877
bg_random,65.66895606045819,25.0123580651685,,2023,0.18342311680316925
bg_random,65.77392361954543,29.70827835937588,,2023,0.16387822727362314
bg_random,63.97314061715958,27.08611268788731,,2023,0.002855967730283737
bg_random,64.65762076863005,30.05606674101504,,2023,0.025445480830967426
bg_random,61.84301974069044,22.04293056414956,,2023,0.003948262659832835
bg_random,64.80429190623657,26.766743271267487,,2023,0.09996609389781952
bg_random,67.13995674422732,28.13587976618303,,2023,0.002696489051838095
bg_random,66.82954373858318,25.15608691931689,,2023,0.8792273799578348
bg_random,63.41851839349025,27.484079440245548,,2023,0.003254881148071339
bg_random,61.16519522218774,27.71831123260568,,2023,0.057913061852256455
bg_random,66.29253640771762,29.353941396995594,,2023,0.0133669120259583
bg_random,63.99191732854989,26.48313662940081,,2023,0.04461340761433045
bg_random,61.612226522358746,25.388926796210164,,2023,0.3064480622609456
bg_random,60.276513838511,22.387217396341583,,2023,0.2607049544652303
bg_random,64.87156696473764,26.465625660814556,,2023,0.028366818946475785
bg_random,65.82157933189879,25.99295150076816,,2023,0.028678976309796173
bg_random,64.31178360463002,29.779301922399448,,2023,0.04817864795525869
bg_random,61.09210432289302,22.74121487279126,,2023,0.4198853572209676
bg_random,68.87863564275179,25.971278923826816,,2023,0.39825863142808277
bg_random,61.4706495054691,29.254061086137494,,2023,0.10583208377162616
bg_random,66.09014132879511,29.420844642181063,,2023,0.0497449499865373
bg_random,66.80435693004173,28.55580899158316,,2023,0.16798988978068033
bg_random,62.34488204586784,25.81858951351065,,2023,0.003158596586824084
bg_random,67.3328495713859,24.22955283078599,,2023,0.15016596764326096
bg_random,61.906759557976,24.99692870490757,,2023,0.06366316912074883
bg_random,62.69454382875671,23.0543914257314,,2023,0.08621424436569214
bg_random,65.65983414080263,25.696868342907933,,2023,0.1204242892563343
bg_random,62.3890640088126,26.192839280674477,,2023,0.006889538810355589
bg_random,64.68761560298076,28.60980523530265,,2023,0.711444079875946
bg_random,65.97052298548742,29.096311785843984,,2023,0.010658379372519752
bg_random,64.843122315645,26.50194652714141,,2023,0.0581426185866197
bg_random,64.57967581202074,27.449807533820778,,2023,0.0032889700572316847
bg_random,63.13418651285557,28.520933222546912,,2023,0.062483433013161026
bg_random,62.44901966504473,29.039590834155504,,2023,0.12974291915694872
bg_random,61.232413873260136,23.30081419136433,,2023,0.07135507340232532
bg_random,66.84363038959233,28.98503712820639,,2023,0.24398962905009589
bg_random,66.77233435757306,26.34577264617526,,2023,0.5783526500066122
bg_random,63.2626859592185,26.33206096601748,,2023,0.0011660731543088332
bg_random,61.65873825904761,22.69054349283529,,2023,0.6160175204277039
bg_random,67.94282964124757,24.70214033116072,,2023,0.17530987660090128
bg_random,63.15687511144719,28.69873923898651,,2023,0.049851164842645325
bg_random,60.69564809225524,24.951370001921404,,2023,0.002450242381504116
bg_random,64.26487905729546,25.98924717519301,,2023,0.04487496397147576
bg_random,66.07003324363009,28.87393429064856,,2023,0.04951659124344587
bg_random,62.04603342580791,24.389386900731168,,2023,0.02013120970999201
bg_random,63.26661268217995,26.408163339210343,,2023,0.10070394817739725
bg_random,60.88011190881742,28.317294077338847,,2023,0.052242692559957504
bg_random,64.30707862208517,26.56952428956093,,2023,0.11322175463040669
bg_random,66.20489020528703,26.650126238883526,,2023,0.06730165332555771
bg_random,61.99657288580385,25.21804576720392,,2023,0.04814646393060684
bg_random,60.0340664028188,20.493517283790684,,2023,0.3394026458263397
bg_random,62.93646341553154,25.7648616795377,,2023,0.027033510617911816
bg_random,60.77006645438019,24.727142295097845,,2023,0.056343150635560356
bg_random,62.46823667665765,27.01039329992602,,2023,9.609861293332263e-05
bg_random,63.553901091483134,22.781356143667978,,2023,0.050738841916124024
bg_random,61.79734781407559,27.08845925397644,,2023,0.40510237216949463
bg_random,63.9027278430047,30.156669069841467,,2023,0.1962942605217298
bg_random,62.884369977880525,23.09567492172171,,2023,0.13981869568427405
bg_random,62.97716411030461,27.088534495784288,,2023,0.353498379389445
bg_random,68.51173519003774,25.891334712822893,,2023,0.25787898898124695
bg_random,61.94426117487532,29.271520987307127,,2023,0.3980996211369832
bg_random,64.3534006574482,29.950945454318123,,2023,0.3239743659893672
bg_random,60.97083009682634,24.111927682129043,,2023,0.06199214980006218
bg_random,61.93956981943684,27.795578375687597,,2023,0.008313132624607533
bg_random,61.33279207295914,23.910498654734045,,2023,0.0005680378914500276
bg_random,68.03897151840928,24.36189298754355,,2023,0.0053315849509090185
bg_random,62.48363862796844,27.33260282772509,,2023,0.009901371784508228
bg_random,67.53827660285778,29.79407479905569,,2023,0.3837992052237193
bg_random,67.26007891017387,27.77875981285712,,2023,0.41012314955393475
bg_random,63.43325298417472,23.859523723744072,,2023,0.005823659788196285
bg_random,62.12466950822651,26.907827606430704,,2023,0.010080407373607159
bg_random,67.97351238167165,24.45503959706057,,2023,0.0037219450265790024
bg_random,68.6492976076622,26.151159607243912,,2023,0.28167639176050824
bg_random,66.68271072380246,25.89821028357461,,2023,0.061580798899134
bg_random,61.31630508729896,27.719674428477003,,2023,0.017172192223370075
bg_random,66.23705508670479,25.704514441448577,,2023,0.0009863285789227423
bg_random,62.320516205961,23.273905368679763,,2023,0.0028039315414692587
bg_random,64.82515642706696,28.71546046943543,,2023,0.3090236882368724
bg_random,60.92969476994183,23.1820571011842,,2023,0.02059061887363593
bg_random,62.43257335801756,23.468742793605244,,2023,0.05536838248372078
bg_random,63.67490987842368,26.042649859385676,,2023,0.016736096741321187
bg_random,60.518584756477374,25.00687568575293,,2023,0.0488989632576704
bg_random,66.94496373908525,26.58938892143265,,2023,0.4878689448038737
bg_random,62.69754610382498,21.56317865793759,,2023,0.2967948019504547
bg_random,60.8304788092638,23.991503903449928,,2023,0.008353600123276314
bg_random,63.719170627909286,27.57277067274787,,2023,0.1619051272670428
bg_random,60.60469141766569,24.52684368898659,,2023,0.08347001920143764
bg_random,67.17406757299091,24.68681193325674,,2023,0.06134822219610214
bg_random,63.31399669033669,25.996531625072716,,2023,0.00033041477763617877
bg_random,68.22298056067852,23.914056884626905,,2023,0.11225763460000356
bg_random,68.05609014918623,26.826777283232143,,2023,0.3082815110683441
bg_random,62.14648597116649,30.39829951489027,,2023,0.08668451383709908
bg_random,60.59285347881282,24.57099995302293,,2023,0.05007631486902634
bg_random,65.89093654143788,28.185655975487474,,2023,0.660718301932017
bg_random,68.46711335320465,24.37261015044705,,2023,0.020119076905151207
bg_random,67.23380761016267,24.86271662234628,,2023,0.23858102162679037
bg_random,61.54237735178206,21.75533274319924,,2023,0.06639196847875913
bg_random,66.83389043524767,28.4545127169649,,2023,0.03674238671859106
bg_random,64.97947356879149,25.21801995559438,,2023,0.2203732654452324
bg_random,63.4584078253237,22.93044314575861,,2023,0.652218778928121
bg_random,69.46467298688918,28.80933108022457,,2023,0.5747804244359335
bg_random,68.26406096063538,26.85772324336445,,2023,0.3067548523346583
bg_random,61.142928844769294,21.83142349500736,,2023,0.24284162620703378
bg_random,65.03341355746905,26.18822397010184,,2023,0.41556896766026813
bg_random,61.44567184722191,28.75432633528108,,2023,0.0019178495822416153
bg_random,63.60976482477587,29.61623328879427,,2023,0.6440329949061075
bg_random,65.20877278423532,25.54774129786575,,2023,0.0015431182643321033
bg_random,65.37224124901405,26.442051974727192,,2023,0.1445796067516009
bg_random,67.00957758917689,26.15804328033748,,2023,0.4955575664838155
bg_random,62.57589029375435,22.93856728403748,,2023,0.012322727125138044
bg_random,61.80286443292129,29.580829542914827,,2023,0.005031197797507048
bg_random,66.3091631860608,23.73092212979798,,2023,0.1136278510093689
bg_random,66.43002134315816,25.262701214686388,,2023,0.01818205478290717
bg_random,61.17410369552057,23.108721877180027,,2023,0.06008640925089518
bg_random,63.73255028387935,27.393852419920535,,2023,0.024441479394833248
bg_random,67.79783922668221,27.655843211142468,,2023,0.44017141064008075
bg_random,66.06941282294645,26.421156377786165,,2023,0.14758109798034033
bg_random,63.56631403366673,22.34610537135637,,2023,0.2592158168554306
bg_random,60.98408942963928,27.045090926256712,,2023,0.39762091636657715
bg_random,63.54012115366419,22.31942582229467,,2023,0.5647362271944681
bg_random,69.5780957198396,27.976054930981025,,2023,0.001576412624369065
bg_random,64.5559930566958,27.175393568151737,,2023,0.0013502844934312936
bg_random,63.3891708918318,23.708287221261763,,2023,0.02861616512139638
bg_random,61.88973195310018,22.483342632840174,,2023,0.9740795493125916
bg_random,64.12010753035094,25.35574259485898,,2023,0.06188735986749331
bg_random,64.69812501991977,25.15833564020871,,2023,0.08608687793215115
bg_random,61.94273007732875,25.27699662669752,,2023,0.047972275565067925
bg_random,64.07631357428055,28.935333178209195,,2023,0.20056984573602676
bg_random,64.13807947954344,29.03006922358844,,2023,0.012873414321802557
bg_random,60.704143777818935,27.85221610281632,,2023,0.046371412153045334
bg_random,61.22189271067064,25.682744626367867,,2023,0.007291029595459501
bg_random,66.067069160881,27.62756903294081,,2023,0.22000669439633688
bg_random,67.51846290597622,29.03235637835494,,2023,0.2995219826698303
bg_random,62.09808494363434,22.011703597520743,,2023,0.020148767391219735
bg_random,68.1402906863724,25.2706815170436,,2023,0.036524102091789246
bg_random,61.41446339440815,27.94645050096081,,2023,0.39517247676849365
bg_random,66.52753600132193,28.34046377137749,,2023,0.24037992457548776
bg_random,61.35618191197439,28.461140406004358,,2023,0.9363725185394287
bg_random,66.45683426270377,28.852991493214123,,2023,0.047715590024987854
bg_random,61.551406786348124,27.13954083466384,,2023,0.02102798968553543
bg_random,66.84601424376962,24.62513155567448,,2023,0.06163628896077474
bg_random,62.01206598178534,29.30714615675758,,2023,0.5106050074100494
bg_random,60.66004140179325,23.9558747753891,,2023,0.045579638332128525
bg_random,60.704636385705165,21.553722118881797,,2023,0.6991169452667236
bg_random,66.81735461596068,24.992310039406657,,2023,0.34704606731732685
bg_random,67.93215141604244,28.214551824653768,,2023,0.040068731332818665
bg_random,68.5010422947198,27.82174796760649,,2023,0.597736676534017
bg_random,68.40804713576908,25.648183831344447,,2023,0.15780097246170044
bg_random,62.95111113777215,22.903603271643966,,2023,0.026460318826138973
bg_random,62.156004596685456,30.52354281025866,,2023,0.0027278052487721047
bg_random,60.21428688141104,24.027939601672852,,2023,0.01139166799839586
bg_random,62.65641458701435,28.428931895631443,,2023,0.000744666923613598
bg_random,60.34645658621889,26.0678394919861,,2023,0.02971619429687659
bg_random,64.40948359616604,27.98851265035725,,2023,0.038574445992708206
bg_random,67.10330134395696,23.99102145225129,,2023,0.25774731238683063
bg_random,64.90347997983933,27.433584106426224,,2023,0.019670295529067516
bg_random,63.1611531769784,28.048688970485426,,2023,0.027569486138721306
bg_random,62.91514219190753,29.374435634312626,,2023,0.06836735674490531
bg_random,67.62506651813874,24.58425675176663,,2023,0.02710138230274121
bg_random,61.04560411014714,24.589176873843165,,2023,0.0002843353625697394
bg_random,67.59382786617711,27.55877292552956,,2023,0.4542016386985779
bg_random,60.5844044126251,25.1783747893604,,2023,0.07499686069786549
bg_random,68.04271814140887,23.43793148881945,,2023,0.002707652475995322
bg_random,65.9411518421462,25.52813245617958,,2023,0.018535724841058254
bg_random,66.20633773997083,28.361805532185603,,2023,0.06403040140867233
bg_random,68.52630456672524,25.44758141160898,,2023,0.15001186976830164
bg_random,64.08737768348163,27.38606091895205,,2023,0.006116423445443313
bg_random,60.14174499084615,21.473489235394684,,2023,0.6560323437054952
bg_random,66.48929810690333,28.14824152682868,,2023,0.005836332992961009
bg_random,61.42008865536946,24.268471506234917,,2023,0.004125527921132743
bg_random,60.65792618118556,23.845941626483164,,2023,0.04196767943600813
bg_random,66.29549168445459,24.55834899177425,,2023,0.04991410672664642
bg_random,65.58594703172676,27.922985489452746,,2023,0.14629450937112173
bg_random,64.10494152277575,28.3602646071687,,2023,0.05556114390492439
bg_random,63.36411309552902,26.15089195972528,,2023,0.018557028844952583
bg_random,61.81572220046115,23.863253501145287,,2023,0.07936148593823115
bg_random,66.65758916026552,28.763760013103216,,2023,0.06824027094990015
bg_random,67.76295204560162,26.025352750603343,,2023,0.15266453474760056
bg_random,67.59693385836222,27.22176828868387,,2023,0.22591669857501984
bg_random,66.08803897754449,25.499112603347577,,2023,0.010207415868838629
bg_random,63.23945763301428,29.996360423556705,,2023,0.015533515320081884
bg_random,64.08436038750395,23.915698319044917,,2023,0.11072659492492676
bg_random,62.96264040325355,29.872626958501204,,2023,0.012048956782867512
bg_random,61.42997400238191,27.76397741224388,,2023,0.5756561756134033
bg_random,66.25545927053612,26.045107285853824,,2023,0.9810114900271097
bg_random,66.31363598158428,28.718903243582147,,2023,0.0949308027823766
bg_random,66.4047012167254,26.591455941595136,,2023,0.03163367758194605
bg_random,62.22313816844622,27.472520754791734,,2023,0.020139000068108242
bg_random,66.3625383537188,24.86955659197489,,2023,0.1150943860411644
bg_random,68.0046454355426,24.105277563969032,,2023,0.009680370955417553
bg_random,64.28685171621557,24.846911154041425,,2023,0.0016609452820072572
bg_random,62.71641279220699,25.539071170158927,,2023,0.01870312790075938
bg_random,64.73282222748257,25.188572179493185,,2023,0.21316342055797577
bg_random,61.40126180654592,22.2225166826458,,2023,0.0018471881048753858
bg_random,61.25916856182032,25.674920049260805,,2023,0.0008790520563100775
bg_random,64.43253501242827,27.390576645550667,,2023,0.037079661463697754
bg_random,60.61057813821299,26.91568438673073,,2023,0.05139254778623581
bg_random,65.02093743564386,25.97975611571652,,2023,0.03851374424993992
bg_random,62.57822465069584,30.944814648626977,,2023,0.20958804587523142
bg_random,66.65839416634424,28.53649144862117,,2023,0.1563557560245196
bg_random,63.75715604127328,24.69364768510745,,2023,0.012209164910018444
bg_random,68.04610101036099,25.18873087533868,,2023,0.005978946341201663
bg_random,68.00973347517986,24.133384130076116,,2023,0.08850683396061261
bg_random,68.32970312054256,27.0009706558138,,2023,0.003642056913425525
bg_random,60.52184074012441,21.85238411270124,,2023,0.33351755142211914
bg_random,66.13479785879167,29.897509529480928,,2023,0.027278235803047817
bg_random,67.81642952090314,24.6093264001646,,2023,0.03673538425937295
bg_random,60.642048655930026,27.92225293312242,,2023,0.060562546054522194
bg_random,61.06794942577,24.751492105413703,,2023,0.03783160944779714
bg_random,61.090380468488,27.34695594561416,,2023,0.006973761444290479
bg_random,68.29424252468137,27.3173001860292,,2023,0.3559865951538086
bg_random,61.847855956822514,23.316253081881776,,2023,0.016768410646667082
bg_random,63.61398207532899,22.75078221141454,,2023,0.0673801489174366
bg_random,66.95910046674695,26.03998358521681,,2023,0.5275359054406484
bg_random,68.74196489256408,27.544310786598047,,2023,0.286917582154274
bg_random,64.50089331069105,27.43618729290309,,2023,0.0036472860568513474
bg_random,62.66571272903154,26.80433653417934,,2023,0.006818793869266908
bg_random,62.85663260611057,27.318895759759087,,2023,0.0023038393119350076
bg_random,68.32864325441865,28.28303115706685,,2023,0.5734180410703024
bg_random,66.39139565426173,26.86234019162804,,2023,0.06127378965417544
bg_random,66.47424194512884,24.268040381147177,,2023,0.344864288965861
bg_random,64.16209934331623,29.33499323691042,,2023,0.11416086306174596
bg_random,64.00317067260231,25.40450643947643,,2023,0.12047493954499562
bg_random,61.49682335987186,27.141400064302257,,2023,0.008228964094693461
bg_random,65.41903174403508,29.237326254661543,,2023,0.9217428167661031
bg_random,62.819025272187936,26.35187185757231,,2023,0.0672090220420311
bg_random,60.94100527635696,26.264302691057875,,2023,0.019353119966884453
bg_random,62.48254624450663,27.83451727119958,,2023,0.04831730745111903
bg_random,68.04377195144255,26.1439122975644,,2023,0.03263138855497042
bg_random,63.33610018683671,28.67733741000248,,2023,0.05349167591581742
bg_random,67.36077164509695,25.91250119000702,,2023,0.007595172539974253
bg_random,62.12852075316105,28.298462112140147,,2023,0.19980444510777792
bg_random,61.36701208135313,27.56789893345636,,2023,0.007712101369785766
bg_random,63.12170443475548,30.896818226921678,,2023,0.24504583577315012
bg_random,63.08562114533157,25.361507707858717,,2023,0.10515562817454338
bg_random,60.625031951684186,22.02634280502287,,2023,0.4818444748719533
bg_random,60.567423359292086,24.280599008806387,,2023,0.05070466175675392
bg_random,62.2937263155957,25.51672637898549,,2023,0.0794875007122755
bg_random,61.23511083334992,28.17652329075121,,2023,0.23688308397928873
bg_random,67.05570657951347,27.529076550935866,,2023,0.01801411124567191
bg_random,61.79588235576794,28.039795310033096,,2023,0.07694620142380397
bg_random,61.80420321785426,21.454415648638264,,2023,0.2681940197944641
bg_random,68.37738072319503,26.709553469399776,,2023,0.3732667664686839
bg_random,64.13159204722804,26.473312150605647,,2023,0.02111739325725163
bg_random,60.95477995145676,21.554425755334663,,2023,0.007898920681327581
bg_random,63.58638337795068,25.04481605301144,,2023,0.08420725787679355
bg_random,65.89436778151304,24.828426032735987,,2023,0.010662238424022993
bg_random,68.36978444897854,23.60986238723612,,2023,0.352601021528244
bg_random,63.26044188434431,26.85195436920593,,2023,0.018370826728641987
bg_random,65.40857964773296,26.043971459626203,,2023,0.026499492737154167
bg_random,62.03432508171052,23.230008157009287,,2023,0.06568343564867973
bg_random,66.24901948471292,24.228684845682565,,2023,0.033621105986336865
bg_random,66.17655995692368,25.768322173660103,,2023,0.02113128484537204
bg_random,66.31297265172226,24.735921405943312,,2023,0.06054547304908434
bg_random,62.06799580202873,24.8929040825445,,2023,0.10635539889335632
bg_random,61.64827113658606,21.708900831427044,,2023,0.007779191403339307
bg_random,65.71062853307292,25.19955236131266,,2023,0.042194814731677376
bg_random,65.28060882380275,28.166755374630288,,2023,0.035512332494060196
bg_random,62.96354396194266,25.589229244213254,,2023,0.0013817021584448714
bg_random,62.51423780736731,25.09209690345096,,2023,0.005789449613075703
bg_random,64.59542978762005,27.04395359092424,,2023,0.09911598513523738
bg_random,66.53842454991204,24.90999407439548,,2023,0.004838172346353531
bg_random,66.4305301992757,24.12962657142566,,2023,0.026288098345200222
bg_fungi,62.199238,30.286629,2023.0,2023,0.022298491627831634
bg_fungi,62.201013,30.287307,2023.0,2023,0.025176902612050373
bg_fungi,62.200754,30.287644,2023.0,2023,0.007286197040230036
bg_fungi,62.200555,30.28836,2023.0,2023,0.02859570054958264
bg_fungi,62.200553,30.288568,2023.0,2023,0.021783676153669756
bg_fungi,62.198006,30.291276,2023.0,2023,0.010543633970276764
bg_fungi,62.198068,30.292255,2023.0,2023,0.01637631080423792
bg_fungi,62.197886,30.292922,2023.0,2023,0.01263582200044766
bg_fungi,62.197657,30.293397,2023.0,2023,0.20503849412004152
bg_fungi,62.197452,30.294703,2023.0,2023,0.018704556161537766
bg_fungi,62.200893,30.289824,2023.0,2023,0.017419680875415604
bg_fungi,62.200815,30.289936,2023.0,2023,0.017419680875415604
bg_fungi,62.200581,30.289818,2023.0,2023,0.0549982205654184
bg_fungi,62.200608,30.289891,2023.0,2023,0.0549982205654184
bg_fungi,62.200289,30.289465,2023.0,2023,0.007625854341313243
bg_fungi,62.200259,30.289252,2023.0,2023,0.019484420617421467
bg_fungi,62.197312,30.29573,2023.0,2023,0.01344722742214799
bg_fungi,62.197358,30.296273,2023.0,2023,0.013012372306548059
bg_fungi,62.19724,30.296412,2023.0,2023,0.1370026127745708
bg_fungi,62.199263,30.286519,2023.0,2023,0.022298491627831634
bg_fungi,62.200958,30.28743,2023.0,2023,0.019063620672871668
bg_fungi,62.200713,30.287715,2023.0,2023,0.007286197040230036
bg_fungi,62.200499,30.288382,2023.0,2023,0.013084483100101352
bg_fungi,62.200665,30.288457,2023.0,2023,0.02859570054958264
bg_fungi,62.200891,30.289119,2023.0,2023,0.016876754040519398
bg_fungi,62.198298,30.290656,2023.0,2023,0.013364895440948507
bg_fungi,62.198121,30.291575,2023.0,2023,0.022155960303886484
bg_fungi,62.197936,30.291152,2023.0,2023,0.010543633970276764
bg_fungi,62.198087,30.292349,2023.0,2023,0.01637631080423792
bg_fungi,62.197856,30.293067,2023.0,2023,0.01263582200044766
bg_fungi,62.197661,30.293435,2023.0,2023,0.044650295128424965
bg_fungi,62.197696,30.293704,2023.0,2023,0.01648551132529974
bg_fungi,62.197281,30.295224,2023.0,2023,0.050875015246371426
bg_fungi,62.201271,30.289202,2023.0,2023,0.03291648222754399
bg_fungi,62.200995,30.289335,2023.0,2023,0.026282950304448605
bg_fungi,62.200746,30.28982,2023.0,2023,0.005581093719229102
bg_fungi,62.200665,30.289764,2023.0,2023,0.005581093719229102
bg_fungi,62.200533,30.289958,2023.0,2023,0.0549982205654184
bg_fungi,62.197296,30.29598,2023.0,2023,0.027654015148679417
bg_fungi,62.197132,30.295882,2023.0,2023,0.0822645906979839
bg_fungi,62.198682,30.287803,2023.0,2023,0.004011991899460554
bg_fungi,62.199272,30.286589,2023.0,2023,0.022298491627831634
bg_fungi,62.20035,30.288124,2023.0,2023,0.028273374463121097
bg_fungi,62.200576,30.288276,2023.0,2023,0.02859570054958264
bg_fungi,62.200582,30.288473,2023.0,2023,0.02859570054958264
bg_fungi,62.197859,30.292142,2023.0,2023,0.008180011607085666
bg_fungi,62.197871,30.292451,2023.0,2023,0.008767557330429554
bg_fungi,62.197815,30.293017,2023.0,2023,0.01250019995495677
bg_fungi,62.197653,30.293526,2023.0,2023,0.044650295128424965
bg_fungi,62.197274,30.295609,2023.0,2023,0.01344722742214799
bg_fungi,62.201053,30.289082,2023.0,2023,0.010710551791513959
bg_fungi,62.200635,30.289663,2023.0,2023,0.009231971460394561
bg_fungi,62.200532,30.29001,2023.0,2023,0.0549982205654184
bg_fungi,62.200361,30.290534,2023.0,2023,0.0812591069067518
bg_fungi,62.197408,30.296187,2023.0,2023,0.013012372306548059
bg_fungi,62.197459,30.296436,2023.0,2023,0.013012372306548059
bg_fungi,60.439787,22.903673,2023.0,2023,0.24010567863782248
bg_fungi,61.745499,25.185637,2023.0,2023,0.029660912851492565
bg_fungi,61.744631,25.184673,2023.0,2023,0.04285542046030363
bg_fungi,61.740164,25.304592,2023.0,2023,0.02362420658270518
bg_fungi,61.744631,25.184673,2023.0,2023,0.04285542046030363
bg_fungi,61.740164,25.304592,2023.0,2023,0.02362420658270518
bg_fungi,61.744631,25.184673,2023.0,2023,0.04285542046030363
bg_fungi,61.740164,25.304592,2023.0,2023,0.02362420658270518
bg_fungi,61.744631,25.184673,2023.0,2023,0.04285542046030363
bg_fungi,61.743678,25.284284,2023.0,2023,0.12103842198848724
bg_fungi,61.744631,25.184673,2023.0,2023,0.04285542046030363
bg_fungi,61.744631,25.184673,2023.0,2023,0.04285542046030363
bg_fungi,61.744631,25.184673,2023.0,2023,0.04285542046030363
bg_fungi,61.744631,25.184673,2023.0,2023,0.04285542046030363
bg_fungi,61.744631,25.184673,2023.0,2023,0.04285542046030363
bg_fungi,61.745499,25.185637,2023.0,2023,0.029660912851492565
bg_fungi,61.744631,25.184673,2023.0,2023,0.04285542046030363
bg_fungi,62.081636,21.2932,2023.0,2023,0.4108482201894124
bg_fungi,62.247836,22.882732,2023.0,2023,0.0016354717226931825
bg_fungi,60.406479,22.248437,2023.0,2023,0.11998055378595988
bg_fungi,61.023881,24.469817,2023.0,2023,0.003862467773918373
bg_fungi,60.457957,25.194906,2023.0,2023,0.06378927205999692
bg_fungi,60.348512,22.221572,2023.0,2023,0.09370117386182149
bg_fungi,60.634583,21.850372,2023.0,2023,0.40220292409261066
bg_fungi,60.240601,21.738372,2023.0,2023,0.7413051724433899
bg_fungi,60.537114,24.193299,2023.0,2023,0.1908594866593679
bg_fungi,66.5944,25.69819,2023.0,2023,0.37545934816201526
bg_fungi,62.089292,29.878705,2023.0,2023,0.007779363853236039
bg_fungi,61.881072,29.838529,2023.0,2023,0.8230178554852804
bg_fungi,61.456314,23.885503,2023.0,2023,0.021550010268886883
bg_fungi,61.459903,23.885581,2023.0,2023,0.15763985613981882
bg_fungi,61.456483,23.813583,2023.0,2023,0.03304304741322994
bg_fungi,60.585265,22.352333,2023.0,2023,0.1548989936709404
bg_fungi,60.09498,22.868053,2023.0,2023,0.5747078061103821
bg_fungi,62.208449,30.315195,2023.0,2023,0.013004952032739917
bg_fungi,62.209587,30.313542,2023.0,2023,0.0024422117833940624
bg_fungi,62.208603,30.31368,2023.0,2023,0.012490715763609236
bg_fungi,62.207566,30.314919,2023.0,2023,0.03825362818315625
bg_fungi,62.090783,29.872006,2023.0,2023,0.05368626241882642
bg_fungi,61.88732,29.841022,2023.0,2023,0.6107796231905619
bg_fungi,61.456736,23.885592,2023.0,2023,0.010438940022140741
bg_fungi,61.462164,23.8801,2023.0,2023,0.14761988570292792
bg_fungi,61.456867,23.8853,2023.0,2023,0.021320824821790058
bg_fungi,61.456867,23.8853,2023.0,2023,0.021320824821790058
bg_fungi,61.456867,23.8853,2023.0,2023,0.021320824821790058
bg_fungi,61.456867,23.8853,2023.0,2023,0.021320824821790058
bg_fungi,61.463047,23.880778,2023.0,2023,0.36577071746190387
bg_fungi,61.459903,23.885581,2023.0,2023,0.15763985613981882
bg_fungi,61.462256,23.880006,2023.0,2023,0.14761988570292792
bg_fungi,61.456053,23.817331,2023.0,2023,0.047967707738280296
bg_fungi,61.457128,23.815178,2023.0,2023,0.008873724999527136
bg_fungi,61.456839,23.815561,2023.0,2023,0.026831733683745067
bg_fungi,61.456483,23.813583,2023.0,2023,0.03304304741322994
bg_fungi,61.455722,23.815267,2023.0,2023,0.009221578327318033
bg_fungi,61.457117,23.809772,2023.0,2023,0.013943329143027464
bg_fungi,61.457156,23.812081,2023.0,2023,0.06203894130885601
bg_fungi,61.42691,23.032222,2023.0,2023,0.016578741216411192
bg_fungi,61.771129,22.747336,2023.0,2023,0.8498793840408325
bg_fungi,61.77094,22.747545,2023.0,2023,0.7852977514266968
bg_fungi,63.033236,21.618439,2023.0,2023,0.025024461559951305
bg_fungi,61.484763,23.547231,2023.0,2023,0.2689229796330134
bg_fungi,62.087168,29.879194,2023.0,2023,0.006665449356660247
bg_fungi,61.456442,23.885339,2023.0,2023,0.02870540600270033
bg_fungi,61.455722,23.815267,2023.0,2023,0.009221578327318033
bg_fungi,62.208979,30.315022,2023.0,2023,0.04070699214935303
bg_fungi,62.209128,30.312445,2023.0,2023,0.004067141562700272
bg_fungi,62.20874,30.313046,2023.0,2023,0.011235157260671258
bg_fungi,62.208467,30.313721,2023.0,2023,0.03643608952794845
bg_fungi,62.090734,29.872339,2023.0,2023,0.019363308014969032
bg_fungi,62.087152,29.87889,2023.0,2023,0.004116156235492478
bg_fungi,62.087261,29.878874,2023.0,2023,0.006005520971181492
bg_fungi,61.458133,23.882383,2023.0,2023,0.01612162807335456
bg_fungi,61.458236,23.882775,2023.0,2023,0.012478173710405827
bg_fungi,61.456867,23.8853,2023.0,2023,0.021320824821790058
bg_fungi,61.456867,23.8853,2023.0,2023,0.021320824821790058
bg_fungi,61.458133,23.882383,2023.0,2023,0.01612162807335456
bg_fungi,61.460403,23.877981,2023.0,2023,0.31104356050491333
bg_fungi,61.462164,23.8801,2023.0,2023,0.14761988570292792
bg_fungi,61.459536,23.886631,2023.0,2023,0.10587446019053459
bg_fungi,61.461986,23.8786,2023.0,2023,0.20568161209424338
bg_fungi,61.457117,23.809772,2023.0,2023,0.013943329143027464
bg_fungi,61.456525,23.818139,2023.0,2023,0.017695010484506685
bg_fungi,61.455722,23.815267,2023.0,2023,0.009221578327318033
bg_fungi,61.456053,23.817331,2023.0,2023,0.047967707738280296
bg_fungi,61.457117,23.809772,2023.0,2023,0.013943329143027464
bg_fungi,61.456839,23.815561,2023.0,2023,0.026831733683745067
bg_fungi,61.427304,23.032435,2023.0,2023,0.10866242398818333
bg_fungi,61.426828,23.032104,2023.0,2023,0.016578741216411192
bg_fungi,61.427012,23.032432,2023.0,2023,0.10493397216002147
bg_fungi,61.771107,22.747299,2023.0,2023,0.8498793840408325
bg_fungi,62.39358,28.78846,2023.0,2023,0.005402894613022606
bg_fungi,66.62288,25.5716,2023.0,2023,0.3010537226994832
bg_fungi,62.091736,29.872513,2023.0,2023,0.06118945653239886
bg_fungi,61.456833,23.884492,2023.0,2023,0.0026166975731030107
bg_fungi,60.213855,24.989766,2023.0,2023,0.2698121666908264
bg_fungi,60.09498,22.868053,2023.0,2023,0.5747078061103821
bg_fungi,62.209005,30.314914,2023.0,2023,0.008926288379977146
bg_fungi,62.209135,30.315097,2023.0,2023,0.025046613533049822
bg_fungi,62.208716,30.313264,2023.0,2023,0.047338377519433074
bg_fungi,62.208071,30.314013,2023.0,2023,0.04472730626973013
bg_fungi,62.091532,29.87225,2023.0,2023,0.10781893630822499
bg_fungi,62.090766,29.872584,2023.0,2023,0.00928191600056986
bg_fungi,62.090983,29.872639,2023.0,2023,0.2316492795944214
bg_fungi,62.087237,29.883819,2023.0,2023,0.011947395008367797
bg_fungi,61.457864,23.884406,2023.0,2023,0.04156753017256657
bg_fungi,61.456833,23.884492,2023.0,2023,0.0026166975731030107
bg_fungi,61.456867,23.8853,2023.0,2023,0.021320824821790058
bg_fungi,61.456867,23.8853,2023.0,2023,0.021320824821790058
bg_fungi,61.462164,23.8801,2023.0,2023,0.14761988570292792
bg_fungi,60.546922,26.138063,2023.0,2023,0.03640711990495523
bg_fungi,61.461086,23.8851,2023.0,2023,0.1279502734541893
bg_fungi,61.459903,23.885581,2023.0,2023,0.15763985613981882
bg_fungi,61.461986,23.8786,2023.0,2023,0.20568161209424338
bg_fungi,61.462256,23.880006,2023.0,2023,0.14761988570292792
bg_fungi,61.463047,23.880778,2023.0,2023,0.36577071746190387
bg_fungi,61.457142,23.811447,2023.0,2023,0.008372587656291822
bg_fungi,61.457156,23.812081,2023.0,2023,0.06203894130885601
bg_fungi,61.456483,23.813583,2023.0,2023,0.03304304741322994
bg_fungi,61.457117,23.809772,2023.0,2023,0.013943329143027464
bg_fungi,61.457117,23.809772,2023.0,2023,0.013943329143027464
bg_fungi,61.457156,23.812081,2023.0,2023,0.06203894130885601
bg_fungi,61.427301,23.032439,2023.0,2023,0.10866242398818333
bg_fungi,61.427518,23.032193,2023.0,2023,0.09480924655993779
bg_fungi,61.77112,22.747289,2023.0,2023,0.8498793840408325
bg_fungi,61.770988,22.747213,2023.0,2023,0.7876397569974264
bg_fungi,62.39412,28.81452,2023.0,2023,0.0434940531073759
bg_fungi,65.81557,24.51651,2023.0,2023,0.07827103510499
bg_fungi,62.207928,30.315619,2023.0,2023,0.04893734430273374
bg_fungi,61.459769,23.885411,2023.0,2023,0.12213638176520665
bg_fungi,61.456433,23.813408,2023.0,2023,0.03304304741322994
bg_fungi,61.771693,22.747388,2023.0,2023,0.942706843217214
bg_fungi,60.448563,23.120862,2023.0,2023,0.5649787187576294
bg_fungi,62.208048,30.315449,2023.0,2023,0.044485089679559074
bg_fungi,62.208652,30.313471,2023.0,2023,0.012490715763609236
bg_fungi,62.208535,30.313571,2023.0,2023,0.06147182701776425
bg_fungi,62.091501,29.87215,2023.0,2023,0.03948428419729074
bg_fungi,61.456867,23.8853,2023.0,2023,0.021320824821790058
bg_fungi,61.458639,23.881608,2023.0,2023,0.08450039351979892
bg_fungi,61.460403,23.877981,2023.0,2023,0.31104356050491333
bg_fungi,61.456867,23.8853,2023.0,2023,0.021320824821790058
bg_fungi,61.456867,23.8853,2023.0,2023,0.021320824821790058
bg_fungi,61.456867,23.8853,2023.0,2023,0.021320824821790058
bg_fungi,61.458133,23.882383,2023.0,2023,0.01612162807335456
bg_fungi,61.461986,23.8786,2023.0,2023,0.20568161209424338
bg_fungi,61.462256,23.880006,2023.0,2023,0.14761988570292792
bg_fungi,61.459536,23.886631,2023.0,2023,0.10587446019053459
bg_fungi,61.459536,23.886631,2023.0,2023,0.10587446019053459
bg_fungi,61.463047,23.880778,2023.0,2023,0.36577071746190387
bg_fungi,61.456592,23.812683,2023.0,2023,0.0404302536820372
bg_fungi,61.455722,23.815267,2023.0,2023,0.009221578327318033
bg_fungi,61.456053,23.817331,2023.0,2023,0.047967707738280296
bg_fungi,61.456592,23.812683,2023.0,2023,0.0404302536820372
bg_fungi,61.427196,23.032436,2023.0,2023,0.07365224758783977
bg_fungi,61.426967,23.032483,2023.0,2023,0.10493397216002147
bg_fungi,61.770987,22.747083,2023.0,2023,0.7876397569974264
bg_fungi,61.743678,25.284284,2023.0,2023,0.12103842198848724
bg_fungi,61.743678,25.284284,2023.0,2023,0.12103842198848724
bg_fungi,61.743678,25.284284,2023.0,2023,0.12103842198848724
bg_fungi,61.743678,25.284284,2023.0,2023,0.12103842198848724
bg_fungi,61.743678,25.284284,2023.0,2023,0.12103842198848724
bg_fungi,61.743678,25.284284,2023.0,2023,0.12103842198848724
bg_fungi,61.743678,25.284284,2023.0,2023,0.12103842198848724
bg_fungi,61.743678,25.284284,2023.0,2023,0.12103842198848724
bg_fungi,61.743678,25.284284,2023.0,2023,0.12103842198848724
bg_fungi,61.743678,25.284284,2023.0,2023,0.12103842198848724
bg_fungi,61.743678,25.284284,2023.0,2023,0.12103842198848724
bg_fungi,61.743678,25.284284,2023.0,2023,0.12103842198848724
bg_fungi,61.743678,25.284284,2023.0,2023,0.12103842198848724
bg_fungi,61.743678,25.284284,2023.0,2023,0.12103842198848724
bg_fungi,61.743678,25.284284,2023.0,2023,0.12103842198848724
bg_fungi,61.743678,25.284284,2023.0,2023,0.12103842198848724
bg_fungi,61.743678,25.284284,2023.0,2023,0.12103842198848724
bg_fungi,61.743678,25.284284,2023.0,2023,0.12103842198848724
bg_fungi,61.743678,25.284284,2023.0,2023,0.12103842198848724
bg_fungi,61.481638,23.442772,2023.0,2023,0.6940755049387614
bg_fungi,63.634825,27.049337,2023.0,2023,0.3648655911286672
bg_fungi,61.207633,25.597255,2023.0,2023,0.479207307100296
bg_fungi,63.42746,22.244352,2023.0,2023,0.07808796192208926
bg_fungi,62.25695,25.52302,2023.0,2023,0.014338315774997076
bg_fungi,60.333013,24.665933,2023.0,2023,0.02601104835048318
bg_fungi,59.954592,23.066974,2023.0,2023,0.5251522064208984
bg_fungi,61.18734,25.857303,2023.0,2023,0.020964181050658226
bg_fungi,60.996102,21.449533,2023.0,2023,0.08769643555084865
bg_fungi,66.240241,29.589806,2023.0,2023,0.23440341651439667
bg_fungi,64.845373,28.916453,2023.0,2023,0.8899594148000082
bg_fungi,66.256318,29.52926,2023.0,2023,0.09287877132495244
bg_fungi,66.261322,29.56702,2023.0,2023,0.4238588015238444
bg_fungi,66.261322,29.56702,2023.0,2023,0.4238588015238444
bg_fungi,66.256178,29.530119,2023.0,2023,0.09792778144280116
bg_fungi,66.256699,29.527592,2023.0,2023,0.10036771496136983
bg_fungi,66.236997,29.557088,2023.0,2023,0.6159030795097351
bg_fungi,66.236645,29.557801,2023.0,2023,0.5074241360028585
bg_fungi,66.235816,29.55857,2023.0,2023,0.48146786292394
bg_fungi,66.230352,29.578093,2023.0,2023,0.3078871965408325
bg_fungi,66.230366,29.579086,2023.0,2023,0.28279606501261395
bg_fungi,66.230366,29.579086,2023.0,2023,0.28279606501261395
bg_fungi,66.232934,29.58588,2023.0,2023,0.189320370554924
bg_fungi,66.237371,29.595048,2023.0,2023,0.3004313309987386
bg_fungi,66.234107,29.584172,2023.0,2023,0.16525056958198547
bg_fungi,66.238175,29.597338,2023.0,2023,0.2757052928209305
bg_fungi,66.237984,29.601731,2023.0,2023,0.351919819911321
bg_fungi,66.261825,29.566686,2023.0,2023,0.36606353521347046
bg_fungi,66.240241,29.589806,2023.0,2023,0.23440341651439667
bg_fungi,66.256448,29.528554,2023.0,2023,0.10150537143150966
bg_fungi,66.230084,29.577924,2023.0,2023,0.2328385959068934
bg_fungi,67.030156,27.539233,2023.0,2023,0.20323322216669717
bg_fungi,66.256178,29.530119,2023.0,2023,0.09792778144280116
bg_fungi,66.262746,29.567148,2023.0,2023,0.32849833369255066
bg_fungi,66.262538,29.566225,2023.0,2023,0.27774463097254437
bg_fungi,66.256699,29.527592,2023.0,2023,0.10036771496136983
bg_fungi,66.25592,29.527335,2023.0,2023,0.02536152768880129
bg_fungi,66.2551,29.52798,2023.0,2023,0.02784951776266098
bg_fungi,60.086285,23.292763,2024.0,2023,0.19698690374692282
bg_fungi,61.186647,21.615272,2024.0,2023,0.06305223951737086
bg_fungi,60.239126,24.729475,2024.0,2023,0.18382640182971954
bg_fungi,60.239573,24.729635,2024.0,2023,0.19833006958166757
bg_fungi,60.921988,27.351951,2024.0,2023,0.040060047060251236
bg_fungi,60.921988,27.351951,2024.0,2023,0.040060047060251236
bg_fungi,60.921988,27.351951,2024.0,2023,0.040060047060251236
bg_fungi,60.238988,24.729384,2024.0,2023,0.3565795222918193
bg_fungi,60.240257,24.731295,2024.0,2023,0.27451815952857334
bg_fungi,60.239857,24.726998,2024.0,2023,0.5978508790334066
bg_fungi,67.187438,25.96142,2024.0,2023,0.08236462157219648
bg_fungi,60.921988,27.351951,2024.0,2023,0.040060047060251236
bg_fungi,60.921988,27.351951,2024.0,2023,0.040060047060251236
bg_fungi,60.921988,27.351951,2024.0,2023,0.040060047060251236
bg_fungi,61.572805,29.332777,2024.0,2023,0.057401289542516075
bg_fungi,61.572805,29.332777,2024.0,2023,0.057401289542516075
bg_fungi,61.032444,25.414813,2024.0,2023,0.1389328551789125
bg_fungi,60.240584,24.731424,2024.0,2023,0.2333833103378614
bg_fungi,61.572805,29.332777,2024.0,2023,0.057401289542516075
bg_fungi,61.572805,29.332777,2024.0,2023,0.057401289542516075
bg_fungi,63.137735,26.296568,2024.0,2023,0.004135532576280336
bg_fungi,64.571703,26.483693,2024.0,2023,0.9818989634513855
bg_fungi,60.219387,24.915447,2024.0,2023,0.07518265148003896
bg_fungi,60.337833,22.567091,2024.0,2023,0.37717947363853455
bg_fungi,60.427848,22.169929,2024.0,2023,0.061535926535725594
bg_fungi,62.638454,29.015756,2024.0,2023,0.017190617819627125
bg_fungi,60.196743,23.607974,2024.0,2023,0.47735228141148883
bg_fungi,63.187495,26.337957,2024.0,2023,0.05657486182947954
bg_fungi,63.509978,23.242632,2024.0,2023,0.6263484060764313
bg_fungi,62.40653,28.76104,2024.0,2023,0.0944461574157079
bg_fungi,62.40735,28.75646,2024.0,2023,0.045848408403495945
bg_fungi,62.39425,28.81729,2024.0,2023,0.009890033553044
bg_fungi,64.408162,27.82537,2024.0,2023,0.09425137688716252
bg_fungi,64.387899,27.982129,2024.0,2023,0.3723639597495397
bg_fungi,61.231975,25.635619,2024.0,2023,0.13601765036582947
bg_fungi,61.231975,25.635619,2024.0,2023,0.13601765036582947
bg_fungi,60.18744,24.89266,2024.0,2023,0.39586080114046734
bg_fungi,60.23814,24.95416,2024.0,2023,0.2333764284849167
bg_fungi,60.210761,24.68036,2024.0,2023,0.015790333166175213
bg_fungi,60.275354,24.506733,2024.0,2023,0.22028628488381705
bg_fungi,65.153051,25.428552,2024.0,2023,0.039870735257864
bg_fungi,65.150685,25.43603,2024.0,2023,0.29545747737089795
bg_fungi,65.150685,25.43603,2024.0,2023,0.29545747737089795
bg_fungi,62.40695,28.77329,2024.0,2023,0.04090394638478756
bg_fungi,62.40741,28.77463,2024.0,2023,0.02691535372287035
bg_fungi,62.07235,27.403545,2024.0,2023,0.00024334550713926242
bg_fungi,60.275091,24.506642,2024.0,2023,0.1617231418689092
bg_fungi,62.073353,27.410561,2024.0,2023,0.0003532103874022141
bg_fungi,60.283937,25.091955,2024.0,2023,0.07540423485140006
bg_fungi,60.23069,24.98866,2024.0,2023,0.0017039804758193593
bg_fungi,60.22987,24.98788,2024.0,2023,0.10457669943571091
bg_fungi,60.23506,24.98784,2024.0,2023,0.3239549746116002
bg_fungi,60.23506,24.98784,2024.0,2023,0.3239549746116002
bg_fungi,66.93995,25.83823,2024.0,2023,0.053975909948349
bg_fungi,66.93981,25.83791,2024.0,2023,0.03880020293096701
bg_fungi,61.231975,25.635619,2024.0,2023,0.13601765036582947
bg_fungi,61.468576,23.814964,2024.0,2023,0.055893717954556145
bg_fungi,61.4685,23.814718,2024.0,2023,0.021612321337064106
bg_fungi,61.468594,23.814474,2024.0,2023,0.1772699455420176
bg_fungi,61.468699,23.814059,2024.0,2023,0.020181315019726753
bg_fungi,61.468799,23.813848,2024.0,2023,0.09592885275681813
bg_fungi,61.468565,23.813738,2024.0,2023,0.1948419859011968
bg_fungi,61.468418,23.814484,2024.0,2023,0.11278954148292542
bg_fungi,61.468341,23.815555,2024.0,2023,0.026474195222059887
bg_fungi,60.211524,24.679791,2024.0,2023,0.0317456362148126
bg_fungi,60.212139,24.679404,2024.0,2023,0.039251742263635
bg_fungi,60.212985,24.678997,2024.0,2023,0.08807384222745895
bg_fungi,66.491014,25.804311,2024.0,2023,0.00479855229301999
bg_fungi,62.072215,27.403078,2024.0,2023,1.0617850800069087e-05
bg_fungi,62.072638,27.403736,2024.0,2023,0.054196979850530624
bg_fungi,60.22966,24.98759,2024.0,2023,0.056393917029102646
bg_fungi,61.468323,23.816033,2024.0,2023,0.020120990152160328
bg_fungi,61.467508,23.814246,2024.0,2023,0.09828745822111766
bg_fungi,61.466793,23.813554,2024.0,2023,0.09196397413810094
bg_fungi,61.458339,23.806427,2024.0,2023,0.01556657999753952
bg_fungi,61.230733,25.63569,2024.0,2023,0.10074849923451741
bg_fungi,61.468576,23.814964,2024.0,2023,0.055893717954556145
bg_fungi,66.491266,25.808044,2024.0,2023,0.30411991477012634
bg_fungi,66.375423,25.369035,2024.0,2023,0.9309556086858114
bg_fungi,66.49114,25.801682,2024.0,2023,0.0062769087962806225
bg_fungi,65.165614,25.46113,2024.0,2023,0.9312315384546915
bg_fungi,65.152381,25.427397,2024.0,2023,0.14143034319082895
bg_fungi,62.4074,28.77489,2024.0,2023,0.02691535372287035
bg_fungi,60.261781,24.566016,2024.0,2023,0.15007283786932626
bg_fungi,60.23023,24.9858,2024.0,2023,0.3085479686657588
bg_fungi,66.9286,25.86113,2024.0,2023,0.029028067054847877
bg_fungi,66.57844,25.65687,2024.0,2023,0.01062961722103258
bg_fungi,66.93966,25.83778,2024.0,2023,0.06323371889690559
bg_fungi,61.468527,23.814798,2024.0,2023,0.10017915566762288
bg_fungi,61.468609,23.814093,2024.0,2023,0.27075977126757306
bg_fungi,61.46856,23.814097,2024.0,2023,0.27075977126757306
bg_fungi,61.468765,23.813912,2024.0,2023,0.11536220461130142
bg_fungi,61.468799,23.813848,2024.0,2023,0.09592885275681813
bg_fungi,61.468518,23.813543,2024.0,2023,0.10181909302870433
bg_fungi,61.468141,23.814725,2024.0,2023,0.30513492226600647
bg_fungi,60.211154,24.679867,2024.0,2023,0.1742403879761696
bg_fungi,60.211505,24.679621,2024.0,2023,0.06366447980205218
bg_fungi,60.23088,24.98569,2024.0,2023,0.0019329317340937753
bg_fungi,60.22975,24.98741,2024.0,2023,0.021721975256999333
bg_fungi,60.21847,25.00665,2024.0,2023,0.27372437963883084
bg_fungi,61.468294,23.815996,2024.0,2023,0.020120990152160328
bg_fungi,61.467927,23.81544,2024.0,2023,0.1066447099049886
bg_fungi,61.467892,23.815123,2024.0,2023,0.07011103878418605
bg_fungi,61.467039,23.813701,2024.0,2023,0.08985630919535954
bg_fungi,61.466088,23.811104,2024.0,2023,0.12468279898166656
bg_fungi,62.40735,28.75646,2024.0,2023,0.045848408403495945
bg_fungi,62.39327,28.81895,2024.0,2023,0.015194019923607508
bg_fungi,64.390993,27.979695,2024.0,2023,0.14089187110463777
bg_fungi,61.231975,25.635619,2024.0,2023,0.13601765036582947
bg_fungi,61.231975,25.635619,2024.0,2023,0.13601765036582947
bg_fungi,61.468576,23.814964,2024.0,2023,0.055893717954556145
bg_fungi,60.23865,24.95936,2024.0,2023,0.006656478353155156
bg_fungi,60.211138,24.680071,2024.0,2023,0.05115927072862784
bg_fungi,66.49375,25.812541,2024.0,2023,0.8779768943786621
bg_fungi,60.261473,24.568092,2024.0,2023,0.018651184005041916
bg_fungi,60.275354,24.506733,2024.0,2023,0.22028628488381705
bg_fungi,65.150685,25.43603,2024.0,2023,0.29545747737089795
bg_fungi,65.150685,25.43603,2024.0,2023,0.29545747737089795
bg_fungi,62.40649,28.772685,2024.0,2023,0.1759763533870379
bg_fungi,62.073363,27.410749,2024.0,2023,0.0003291312847674514
bg_fungi,60.261793,24.565887,2024.0,2023,0.05110028013586998
bg_fungi,60.261784,24.567049,2024.0,2023,0.16249320904413858
bg_fungi,60.23011,24.98591,2024.0,2023,0.05769329766432444
bg_fungi,60.23069,24.98866,2024.0,2023,0.0017039804758193593
bg_fungi,60.23506,24.98784,2024.0,2023,0.3239549746116002
bg_fungi,61.231975,25.635619,2024.0,2023,0.13601765036582947
bg_fungi,61.231975,25.635619,2024.0,2023,0.13601765036582947
bg_fungi,61.468575,23.814964,2024.0,2023,0.055893717954556145
bg_fungi,61.468549,23.814882,2024.0,2023,0.055893717954556145
bg_fungi,61.468593,23.814191,2024.0,2023,0.27075977126757306
bg_fungi,61.468765,23.813911,2024.0,2023,0.11536220461130142
bg_fungi,61.468794,23.813751,2024.0,2023,0.09592885275681813
bg_fungi,61.468608,23.813547,2024.0,2023,0.10181909302870433
bg_fungi,61.468363,23.814589,2024.0,2023,0.12457309911648433
bg_fungi,61.468196,23.814578,2024.0,2023,0.10959574083487193
bg_fungi,60.211641,24.680726,2024.0,2023,0.07444056371847789
bg_fungi,65.150685,25.43603,2024.0,2023,0.29545747737089795
bg_fungi,62.072284,27.402964,2024.0,2023,1.0617850800069087e-05
bg_fungi,60.20065,24.97659,2024.0,2023,0.48398734132448834
bg_fungi,61.467913,23.816458,2024.0,2023,0.08645971616109212
bg_fungi,61.467451,23.813975,2024.0,2023,0.08203225831190745
bg_fungi,61.467377,23.813683,2024.0,2023,0.0787500689427058
bg_fungi,61.466423,23.813132,2024.0,2023,0.048620219031969704
bg_fungi,61.465911,23.812024,2024.0,2023,0.20704380671183267
bg_fungi,61.468404,23.811004,2024.0,2023,0.07542774205406506
bg_fungi,61.458339,23.806427,2024.0,2023,0.01556657999753952
bg_fungi,62.40603,28.76179,2024.0,2023,0.061448000371456146
bg_fungi,62.39407,28.81778,2024.0,2023,0.0281077375014623
bg_fungi,61.468576,23.814964,2024.0,2023,0.055893717954556145
bg_fungi,60.23844,24.9542,2024.0,2023,0.45469852288564044
bg_fungi,66.369011,24.930758,2024.0,2023,0.2529107878605525
bg_fungi,66.375389,25.369196,2024.0,2023,0.8576507369677225
bg_fungi,60.211068,24.679914,2024.0,2023,0.14529328607022762
bg_fungi,66.491168,25.807785,2024.0,2023,0.11662224928538005
bg_fungi,66.49114,25.801682,2024.0,2023,0.0062769087962806225
bg_fungi,65.165614,25.46113,2024.0,2023,0.9312315384546915
bg_fungi,60.261758,24.56634,2024.0,2023,0.21269756058851877
bg_fungi,60.261669,24.568153,2024.0,2023,0.04811090355118116
bg_fungi,60.292872,24.497645,2024.0,2023,0.003295791490624348
bg_fungi,62.072291,27.403491,2024.0,2023,2.6510894485909375e-05
bg_fungi,60.285367,25.090723,2024.0,2023,0.010295833034130434
bg_fungi,60.2297,24.98627,2024.0,2023,0.0801994614303112
bg_fungi,60.402201,25.742959,2024.0,2023,6.0986159648261186e-05
bg_fungi,66.9283,25.86053,2024.0,2023,0.045511811350782715
bg_fungi,66.57926,25.65643,2024.0,2023,0.0026538354868534952
bg_fungi,66.58272,25.66476,2024.0,2023,0.06877599904934566
bg_fungi,61.468575,23.814964,2024.0,2023,0.055893717954556145
bg_fungi,61.468594,23.814474,2024.0,2023,0.1772699455420176
bg_fungi,61.468699,23.814059,2024.0,2023,0.020181315019726753
bg_fungi,61.46876,23.814005,2024.0,2023,0.020181315019726753
bg_fungi,61.468794,23.813809,2024.0,2023,0.09592885275681813
bg_fungi,61.468418,23.814484,2024.0,2023,0.11278954148292542
bg_fungi,61.468306,23.815807,2024.0,2023,0.020120990152160328
bg_fungi,60.211155,24.679768,2024.0,2023,0.1742403879761696
bg_fungi,60.211304,24.679969,2024.0,2023,0.029927071183919907
bg_fungi,60.211908,24.679714,2024.0,2023,0.023823788001512487
bg_fungi,62.0726,27.403923,2024.0,2023,0.07240882888436317
bg_fungi,62.072136,27.402914,2024.0,2023,0.006338012016688784
bg_fungi,62.133677,27.463566,2024.0,2023,0.26540766656398773
bg_fungi,60.23069,24.98866,2024.0,2023,0.0017039804758193593
bg_fungi,61.468323,23.816033,2024.0,2023,0.020120990152160328
bg_fungi,61.468042,23.816546,2024.0,2023,0.056295150270064674
bg_fungi,61.467481,23.814355,2024.0,2023,0.18594477574030557
bg_fungi,61.466973,23.812782,2024.0,2023,0.18649486700693765
bg_fungi,61.467597,23.810838,2024.0,2023,0.0822112609942754
bg_fungi,61.467597,23.810838,2024.0,2023,0.0822112609942754
bg_fungi,66.774475,28.782592,2024.0,2023,0.1904332290093104
bg_fungi,66.785015,28.9141,2024.0,2023,0.08310837081323068
bg_fungi,66.784292,28.913043,2024.0,2023,0.2970268627007802
bg_fungi,66.772059,28.935914,2024.0,2023,0.19578803579012552
bg_fungi,66.785664,28.91456,2024.0,2023,0.20123136850694814
bg_fungi,66.784778,28.913626,2024.0,2023,0.1531759724020958
bg_fungi,66.77837,28.787353,2024.0,2023,0.020754769987737138
bg_fungi,66.784996,28.914144,2024.0,2023,0.08310837081323068
bg_fungi,65.671509,29.870821,2024.0,2023,0.07896120597918828
bg_fungi,66.779937,28.786057,2024.0,2023,0.0482870830843846
bg_fungi,66.77511,28.782797,2024.0,2023,0.21814530342817307
bg_fungi,66.789711,28.909415,2024.0,2023,0.13021491219600043
bg_fungi,66.776725,28.784414,2024.0,2023,0.05208118803178271
bg_fungi,66.785317,28.913555,2024.0,2023,0.10548605117946863
bg_fungi,61.926891,25.713378,2024.0,2023,0.07816993755598863
bg_fungi,66.776778,28.788419,2024.0,2023,0.0968799206117789
bg_fungi,66.785419,28.914086,2024.0,2023,0.35975850621859234
bg_fungi,66.784297,28.913316,2024.0,2023,0.2153226857384046
bg_fungi,62.096691,25.971071,2024.0,2023,0.037995887299378715
bg_fungi,66.785154,28.913678,2024.0,2023,0.20043771962324777
bg_fungi,66.785927,28.91433,2024.0,2023,0.15400079730898142
bg_fungi,66.78437,28.913276,2024.0,2023,0.2153226857384046
bg_fungi,66.42406,24.899824,2024.0,2023,0.5052801469961802
bg_fungi,66.411714,24.916103,2024.0,2023,0.002253697835840285
bg_fungi,66.421488,24.917404,2024.0,2023,0.013187360328932604
bg_fungi,66.735901,24.418565,2024.0,2023,0.0064179317171995836
bg_fungi,67.012711,27.239237,2024.0,2023,0.8085078795750936
bg_fungi,65.476258,29.458197,2024.0,2023,0.3927261233329773
bg_fungi,67.009536,27.210337,2024.0,2023,0.7518235842386881
bg_fungi,68.746422,26.218641,2024.0,2023,0.9411447246869405
bg_fungi,60.268097,23.004189,2024.0,2023,0.4162788192431132
bg_fungi,61.902044,29.659626,2024.0,2023,0.736688474814097
bg_fungi,60.1531,24.606937,2024.0,2023,0.045932356268167496
bg_fungi,61.56546,29.559076,2024.0,2023,0.010283546987921
bg_fungi,66.147769,29.148945,2024.0,2023,0.1902328630288442
bg_fungi,63.304753,30.043542,2024.0,2023,0.1492754245797793
bg_fungi,62.800446,27.632989,2024.0,2023,0.00018958144416577247
bg_fungi,66.254313,29.434002,2024.0,2023,0.4406986931959788
bg_fungi,61.24638,24.030818,2024.0,2023,0.011922487212965885
bg_fungi,63.084481,29.802968,2024.0,2023,0.06429208690921466
bg_fungi,62.805756,27.62746,2024.0,2023,7.997162843468668e-05
bg_fungi,60.264343,24.380734,2024.0,2023,0.2936979904770851
bg_fungi,62.805786,27.629248,2024.0,2023,0.006841922431097676
bg_fungi,61.901726,29.668158,2024.0,2023,0.8547239502271017
bg_fungi,63.304445,30.046208,2024.0,2023,0.2518552939097087
bg_fungi,60.396133,25.142692,2024.0,2023,0.343863844871521
bg_fungi,60.26532,24.381051,2024.0,2023,0.04167655296623707
bg_fungi,61.218004,24.470778,2024.0,2023,0.019231966696679592
bg_fungi,60.265442,24.381505,2024.0,2023,0.09279578054944675
bg_fungi,60.266327,23.01012,2024.0,2023,0.6209186514218649
bg_fungi,66.2546,29.438817,2024.0,2023,0.7019937435785929
bg_fungi,68.313065,28.071049,2024.0,2023,0.06762535125017166
bg_fungi,61.901849,29.661486,2024.0,2023,0.7182361880938212
bg_fungi,65.44998,29.564908,2024.0,2023,0.8140007853507996
bg_fungi,63.302567,30.049289,2024.0,2023,0.044228904570142426
bg_fungi,67.643311,24.257109,2024.0,2023,0.113420815517505
bg_fungi,66.259429,29.477242,2024.0,2023,0.1877631445725759
bg_fungi,68.94677,27.128216,2024.0,2023,0.7864634394645691
bg_fungi,61.77652,29.33592,2024.0,2023,0.4492430587609609
bg_fungi,63.345947,30.474523,2024.0,2023,0.09027109108865261
bg_fungi,68.730972,26.204411,2024.0,2023,0.1694247412184874
bg_fungi,60.264099,24.380692,2024.0,2023,0.18991057326396307
bg_fungi,68.221138,28.045626,2024.0,2023,0.0013442778017633827
bg_fungi,61.575528,26.719706,2024.0,2023,0.07705964893102646
bg_fungi,60.396095,25.134803,2024.0,2023,0.1795302281777064
bg_fungi,68.215934,23.445207,2022.0,2021,0.4769691030184428
bg_fungi,68.27092,23.649801,2022.0,2021,0.28528765837351483
bg_fungi,68.696882,27.308281,2022.0,2021,0.5710210800170898
bg_fungi,62.896191,27.592956,2022.0,2021,0.0004125919953802774
bg_fungi,64.432476,28.435757,2022.0,2021,0.03890834872921308
bg_fungi,65.158536,28.876148,2022.0,2021,0.035639150689045586
bg_fungi,68.706432,27.283046,2022.0,2021,0.719656229019165
bg_fungi,68.270141,23.654786,2022.0,2021,0.3405476262172063
bg_fungi,68.69741,27.288235,2022.0,2021,0.7545533577601115
bg_fungi,69.205002,27.494054,2022.0,2021,0.5939234892527262
bg_fungi,62.895465,27.594712,2022.0,2021,0.0003467605969831311
bg_fungi,68.270353,23.646128,2022.0,2021,0.31870447595914203
bg_fungi,69.2075,27.446504,2022.0,2021,0.9443276325861613
bg_fungi,68.259089,24.083944,2022.0,2021,0.0015869125794173062
bg_fungi,68.708532,27.271746,2022.0,2021,0.7617558439572653
bg_fungi,62.908472,27.585843,2022.0,2021,0.0018906285646759595
bg_fungi,62.896097,27.593741,2022.0,2021,9.935643187179248e-05
bg_fungi,60.534338,26.072849,2022.0,2021,0.0017621204169699922
bg_fungi,68.258663,24.080657,2022.0,2021,0.23860610028107962
bg_fungi,68.698656,27.288744,2022.0,2021,0.7658420205116272
bg_fungi,65.12326,28.925765,2022.0,2021,0.24134467045466104
bg_fungi,68.70425,27.284696,2022.0,2021,0.6259428759415945
bg_fungi,69.203195,27.489395,2022.0,2021,0.7298637429873148
bg_fungi,64.432162,28.436675,2022.0,2021,0.03551699221134186
bg_fungi,62.56728,28.586998,2022.0,2021,0.4059274097283681
bg_fungi,68.271003,23.646784,2022.0,2021,0.15751264741023382
bg_fungi,60.534492,26.070475,2022.0,2021,0.010096641218600174
bg_fungi,61.688404,25.323765,2022.0,2021,0.012345748177419106
bg_fungi,68.271078,23.651377,2022.0,2021,0.1893008997042974
bg_fungi,68.697982,27.289377,2022.0,2021,0.27776630222797394
bg_fungi,68.279858,23.650816,2022.0,2021,0.2642287959655126
bg_fungi,68.353431,23.98288,2022.0,2021,0.1270409102241198
bg_fungi,68.698682,27.289164,2022.0,2021,0.8063357273737589
bg_fungi,68.705759,27.283729,2022.0,2021,0.4229758381843567
bg_fungi,68.250098,24.092909,2022.0,2021,0.06931593269109726
bg_fungi,68.703512,27.270303,2022.0,2021,0.7696721355120341
bg_fungi,68.202808,24.201684,2022.0,2021,0.2634146312872569
bg_fungi,68.249666,24.085146,2022.0,2021,0.04745251126587391
bg_fungi,68.705777,27.283704,2022.0,2021,0.4229758381843567
bg_fungi,68.215102,24.206755,2022.0,2021,0.059380583154658474
bg_fungi,68.705605,27.28422,2022.0,2021,0.359479695558548
bg_fungi,68.253855,24.017165,2022.0,2021,0.989817202091217
bg_fungi,68.201182,24.211736,2022.0,2021,0.15179212391376495
bg_fungi,68.705401,27.283058,2022.0,2021,0.42110269765059155
bg_fungi,68.269434,23.642022,2022.0,2021,0.3450651665528615
bg_fungi,69.212166,27.481972,2022.0,2021,0.7380532224973043
bg_fungi,69.179844,27.405753,2022.0,2021,0.953883707523346
bg_fungi,68.709121,27.279107,2022.0,2021,0.708997905254364
bg_fungi,68.707387,27.280788,2022.0,2021,0.8168934384981791
bg_fungi,68.271302,23.646885,2022.0,2021,0.17652612427870432
bg_fungi,68.219043,24.20625,2022.0,2021,0.08703192695975304
bg_fungi,62.896191,27.592956,2022.0,2021,0.0004125919953802774
bg_fungi,68.705779,27.28247,2022.0,2021,0.7109153866767883
bg_fungi,68.69752,27.297067,2022.0,2021,0.800496498743693
bg_fungi,68.705309,27.284167,2022.0,2021,0.5740896662076315
bg_fungi,68.701437,27.277827,2022.0,2021,0.6028944651285807
bg_fungi,68.203229,24.200594,2022.0,2021,0.14272588243087134
bg_fungi,64.433162,28.437163,2022.0,2021,0.012483980661878983
bg_fungi,68.234068,23.418044,2022.0,2021,0.20710459848244986
bg_fungi,69.216256,27.48181,2022.0,2021,0.6706056396166483
bg_fungi,68.231169,24.173791,2022.0,2021,0.1963377743959427
bg_fungi,68.699291,27.289937,2022.0,2021,0.7130999763806661
bg_fungi,68.709032,27.278242,2022.0,2021,0.4241568644841512
bg_fungi,64.43306,28.437532,2022.0,2021,0.0905836249391238
bg_fungi,68.703013,27.268126,2022.0,2021,0.6574665705362955
bg_fungi,68.705699,27.28205,2022.0,2021,0.8355401953061422
bg_fungi,68.259089,24.083944,2022.0,2021,0.0015869125794173062
bg_fungi,68.704386,27.28381,2022.0,2021,0.5141431291898092
bg_fungi,68.707115,27.282389,2022.0,2021,0.5634516278902689
bg_fungi,64.433035,28.437281,2022.0,2021,0.0386044109861056
bg_fungi,68.272481,23.658612,2022.0,2021,0.23273347318172455
bg_fungi,61.85006,24.244526,2022.0,2021,0.0492274264494578
bg_fungi,65.158884,28.876279,2022.0,2021,0.08397375543912251
bg_fungi,68.700101,27.277366,2022.0,2021,0.6065241098403931
bg_fungi,63.435121,28.114093,2022.0,2021,0.2491145779689153
bg_fungi,65.127952,28.858408,2022.0,2021,0.08175539473692577
bg_fungi,68.706711,27.282828,2022.0,2021,0.8450440764427185
bg_fungi,60.534359,26.074579,2022.0,2021,0.0031978480498461672
bg_fungi,68.250098,24.092909,2022.0,2021,0.06931593269109726
bg_fungi,69.207285,27.473155,2022.0,2021,0.7159731586774191
bg_fungi,68.233539,24.168492,2022.0,2021,0.18725070854028067
bg_fungi,69.189903,27.446724,2022.0,2021,0.7141908208529154
bg_fungi,68.704844,27.283742,2022.0,2021,0.30549537638823193
bg_fungi,60.534519,26.071787,2022.0,2021,0.002287776180310175
bg_fungi,65.12824,28.858342,2022.0,2021,0.12884832670291266
bg_fungi,68.702997,27.272073,2022.0,2021,0.4874511460463206
bg_fungi,68.698111,27.287726,2022.0,2021,0.5879703561464945
bg_fungi,68.69923,27.294006,2022.0,2021,0.7666533986727396
bg_fungi,68.699531,27.290927,2022.0,2021,0.8138895233472189
bg_fungi,62.895924,27.592163,2022.0,2021,0.000541063197999847
bg_fungi,68.21419,24.201646,2022.0,2021,0.08845125138759613
bg_fungi,68.706219,27.281983,2022.0,2021,0.785760740439097
bg_fungi,68.705033,27.283399,2022.0,2021,0.5601250032583872
bg_fungi,68.353283,23.983167,2022.0,2021,0.19071759780248007
bg_fungi,68.699264,27.289591,2022.0,2021,0.6402430136998495
bg_fungi,68.205127,24.205048,2022.0,2021,0.23554280151923498
bg_fungi,68.706097,27.268928,2022.0,2021,0.6532697478930155
bg_fungi,68.220683,23.43586,2022.0,2021,0.13815838098526
bg_fungi,68.709174,27.27358,2022.0,2021,0.39524801075458527
bg_fungi,69.208382,27.475249,2022.0,2021,0.6597556273142496
bg_fungi,60.534535,26.072843,2022.0,2021,0.0027317097410559654
bg_fungi,69.20718,27.468912,2022.0,2021,0.5371453563372294
bg_fungi,68.698238,27.291896,2022.0,2021,0.6423136393229166
bg_fungi,68.710094,27.27638,2022.0,2021,0.5511550803979238
bg_fungi,68.234479,23.416262,2022.0,2021,0.4261106053988139
bg_fungi,68.708487,27.271548,2022.0,2021,0.7807565132776896
bg_fungi,68.69923,27.294006,2022.0,2021,0.7666533986727396
bg_fungi,68.708665,27.272562,2022.0,2021,0.8227048714955648
bg_fungi,68.705777,27.283704,2022.0,2021,0.4229758381843567
bg_fungi,62.908472,27.585843,2022.0,2021,0.0018906285646759595
bg_fungi,68.69774,27.294529,2022.0,2021,0.7864940961201986
bg_fungi,62.503304,28.623655,2022.0,2021,0.14586144189039865
bg_fungi,68.698845,27.293532,2022.0,2021,0.6358087857564291
bg_fungi,68.349782,23.979207,2022.0,2021,0.09638651460409164
bg_fungi,68.707888,27.270356,2022.0,2021,0.812730073928833
bg_fungi,69.221998,27.499896,2022.0,2021,0.7337751388549805
bg_fungi,68.271579,23.649074,2022.0,2021,0.34154805541038513
bg_fungi,68.704581,27.285416,2022.0,2021,0.4220677316188812
bg_fungi,68.214879,24.202046,2022.0,2021,0.03472278406843543
bg_fungi,68.699216,27.275875,2022.0,2021,0.5962749719619751
bg_fungi,65.127859,28.849278,2022.0,2021,0.2942591607570648
bg_fungi,69.205607,27.49273,2022.0,2021,0.6734673976898193
bg_fungi,68.697912,27.288316,2022.0,2021,0.46960018078486127
bg_fungi,68.698337,27.291898,2022.0,2021,0.7051166892051697
bg_fungi,68.708487,27.271548,2022.0,2021,0.7807565132776896
bg_fungi,65.1266,28.850938,2022.0,2021,0.27943386634190875
bg_fungi,62.908472,27.585843,2022.0,2021,0.0018906285646759595
bg_fungi,68.236356,23.407957,2022.0,2021,0.30468007922172546
bg_fungi,68.707208,27.280465,2022.0,2021,0.9204203287760416
bg_fungi,68.698494,27.289063,2022.0,2021,0.7816178599993387
bg_fungi,68.705659,27.267862,2022.0,2021,0.5659299492835999
bg_fungi,68.218642,23.441231,2022.0,2021,0.312976469596227
bg_fungi,68.209424,23.435654,2022.0,2021,0.2538639133175214
bg_fungi,62.908472,27.585843,2022.0,2021,0.0018906285646759595
bg_fungi,69.183431,27.405542,2022.0,2021,0.9153099656105042
bg_fungi,69.185223,27.40265,2022.0,2021,0.7426247398058573
bg_fungi,68.69752,27.297067,2022.0,2021,0.800496498743693
bg_fungi,68.701919,27.273639,2022.0,2021,0.6275287469228109
bg_fungi,68.705401,27.283058,2022.0,2021,0.42110269765059155
bg_fungi,68.700101,27.277366,2022.0,2021,0.6065241098403931
bg_fungi,69.206193,27.491734,2022.0,2021,0.5889069736003876
bg_fungi,69.182721,27.406537,2022.0,2021,0.9306059877077738
bg_fungi,68.702997,27.272073,2022.0,2021,0.4874511460463206
bg_fungi,68.20873,23.434288,2022.0,2021,0.5464557707309723
bg_fungi,68.703091,27.269977,2022.0,2021,0.5861077507336935
bg_fungi,62.908472,27.585843,2022.0,2021,0.0018906285646759595
bg_fungi,68.707593,27.280791,2022.0,2021,0.7567914525667826
bg_fungi,69.206004,27.491982,2022.0,2021,0.05717925727367401
bg_fungi,68.215094,24.216954,2022.0,2021,0.299754798412323
bg_fungi,68.230574,24.174687,2022.0,2021,0.3491706947485606
bg_fungi,68.270455,23.644974,2022.0,2021,0.3234778841336568
bg_fungi,68.22076,23.435726,2022.0,2021,0.13815838098526
bg_fungi,63.645995,25.371926,2022.0,2021,0.04478747025132179
bg_fungi,69.21813,27.47872,2022.0,2021,0.8370548884073893
bg_fungi,68.709243,27.27558,2022.0,2021,0.7149967352549235
bg_fungi,68.697921,27.293569,2022.0,2021,0.706236739953359
bg_fungi,68.697484,27.287274,2022.0,2021,0.5021847685178121
bg_fungi,69.204713,27.494729,2022.0,2021,0.7114604115486145
bg_fungi,68.20846,23.443878,2022.0,2021,0.23820526649554571
bg_fungi,69.181055,27.405321,2022.0,2021,0.9155831535657247
bg_fungi,68.696882,27.308281,2022.0,2021,0.5710210800170898
bg_fungi,69.206004,27.491982,2022.0,2021,0.05717925727367401
bg_fungi,69.205823,27.492382,2022.0,2021,0.5569659471511841
bg_fungi,68.699326,27.290184,2022.0,2021,0.13594034810860953
bg_fungi,68.69774,27.294529,2022.0,2021,0.7864940961201986
bg_fungi,68.699887,27.276525,2022.0,2021,0.6050918598969778
bg_fungi,68.700101,27.277366,2022.0,2021,0.6065241098403931
bg_fungi,68.217183,24.222186,2022.0,2021,0.21736851831277212
bg_fungi,69.211751,27.466789,2022.0,2021,0.7952296733856201
bg_fungi,68.697898,27.296751,2022.0,2021,0.5870653390884399
bg_fungi,68.215647,24.214615,2022.0,2021,0.17842420935630798
bg_fungi,65.134335,28.859067,2022.0,2021,0.04625685513019562
bg_fungi,68.70021,27.276455,2022.0,2021,0.3990275760491689
bg_fungi,68.698564,27.29528,2022.0,2021,0.582564651966095
bg_fungi,68.699333,27.291343,2022.0,2021,0.5559742450714111
bg_fungi,68.705875,27.267445,2022.0,2021,0.7529141505559286
bg_fungi,63.487401,25.94106,2022.0,2021,0.11137519776821136
bg_fungi,65.134872,28.855587,2022.0,2021,0.07716577624281247
bg_fungi,68.706235,27.283365,2022.0,2021,0.7460311651229858
bg_fungi,68.352159,23.979596,2022.0,2021,0.1032477468252182
bg_fungi,68.215729,23.441902,2022.0,2021,0.20234464605649313
bg_fungi,68.274529,23.647478,2022.0,2021,0.39096113046010333
bg_fungi,68.279858,23.650816,2022.0,2021,0.2642287959655126
bg_fungi,68.210082,23.437002,2022.0,2021,0.17727011318008104
bg_fungi,65.158407,28.876395,2022.0,2021,0.017938090721145272
bg_fungi,68.705401,27.283058,2022.0,2021,0.42110269765059155
bg_fungi,68.708186,27.280206,2022.0,2021,0.6474941174189249
bg_fungi,62.908472,27.585843,2022.0,2021,0.0018906285646759595
bg_fungi,64.432565,28.435761,2022.0,2021,0.03890834872921308
bg_fungi,69.221998,27.499896,2022.0,2021,0.7337751388549805
bg_fungi,60.534737,26.070869,2022.0,2021,0.008071521976186583
bg_fungi,68.706369,27.283342,2022.0,2021,0.7460311651229858
bg_fungi,68.699264,27.289591,2022.0,2021,0.6402430136998495
bg_fungi,68.709121,27.279107,2022.0,2021,0.708997905254364
bg_fungi,69.209331,27.476153,2022.0,2021,0.8143647710482279
bg_fungi,62.89573,27.5957,2022.0,2021,0.0006299185517188258
bg_fungi,68.706369,27.283342,2022.0,2021,0.7460311651229858
bg_fungi,68.709309,27.273335,2022.0,2021,0.5942081312338511
bg_fungi,68.23717,23.404489,2022.0,2021,0.2959025949239731
bg_fungi,68.708654,27.284604,2022.0,2021,0.6944625576337179
bg_fungi,68.27417,23.647506,2022.0,2021,0.30846906701723736
bg_fungi,62.896102,27.59256,2022.0,2021,0.0004926543588320934
bg_fungi,68.698898,27.288846,2022.0,2021,0.5280299286047617
bg_fungi,68.230989,24.181165,2022.0,2021,0.12426725029945374
bg_fungi,61.850063,24.24559,2022.0,2021,0.028189413870374363
bg_fungi,65.158389,28.876415,2022.0,2021,0.017938090721145272
bg_fungi,68.277017,23.660469,2022.0,2021,0.04993859492242336
bg_fungi,68.705662,27.265913,2022.0,2021,0.6012116968631744
bg_fungi,68.705309,27.284167,2022.0,2021,0.5740896662076315
bg_fungi,68.70425,27.284696,2022.0,2021,0.6259428759415945
bg_fungi,68.250042,24.085607,2022.0,2021,0.07716908181707065
bg_fungi,68.352101,23.97141,2022.0,2021,0.30840300520261127
bg_fungi,68.233381,23.402882,2022.0,2021,0.16805766026178995
bg_fungi,65.236346,25.652283,2022.0,2021,0.06787700206041336
bg_fungi,68.270247,23.644908,2022.0,2021,0.20844518889983496
bg_fungi,64.43298,28.437403,2022.0,2021,0.044597744941711426
bg_fungi,68.271335,23.660161,2022.0,2021,0.14399036765098572
bg_fungi,62.567202,28.586779,2022.0,2021,0.4059274097283681
bg_fungi,68.253855,24.017165,2022.0,2021,0.989817202091217
bg_fungi,68.269999,24.089746,2022.0,2021,0.10496121769150098
bg_fungi,68.704942,27.283891,2022.0,2021,0.5291943252086639
bg_fungi,65.135157,28.85356,2022.0,2021,0.08655479674537976
bg_fungi,68.710027,27.273368,2022.0,2021,0.5988590021928152
bg_fungi,68.706092,27.282598,2022.0,2021,0.6867774724960327
bg_fungi,68.697429,27.287545,2022.0,2021,0.06717982453604539
bg_fungi,68.709371,27.274125,2022.0,2021,0.4216432919104894
bg_fungi,64.433179,28.437268,2022.0,2021,0.026988339920838673
bg_fungi,68.699333,27.291343,2022.0,2021,0.5559742450714111
bg_fungi,65.127043,28.848433,2022.0,2021,0.22244926293691
bg_fungi,68.27019,23.644747,2022.0,2021,0.20844518889983496
bg_fungi,68.27492,23.648196,2022.0,2021,0.2810688614845276
bg_fungi,68.709174,27.27358,2022.0,2021,0.39524801075458527
bg_fungi,62.896102,27.59256,2022.0,2021,0.0004926543588320934
bg_fungi,68.316145,24.004254,2022.0,2021,0.6537424325942993
bg_fungi,68.710241,27.273815,2022.0,2021,0.7733906110127767
bg_fungi,68.698827,27.288426,2022.0,2021,0.49625856677691144
bg_fungi,68.258288,24.087436,2022.0,2021,0.14665171752373377
bg_fungi,68.69741,27.288235,2022.0,2021,0.7545533577601115
bg_fungi,68.698494,27.289063,2022.0,2021,0.7816178599993387
bg_fungi,62.896191,27.592956,2022.0,2021,0.0004125919953802774
bg_fungi,64.432348,28.437785,2022.0,2021,0.19126239915688834
bg_fungi,68.706984,27.280388,2022.0,2021,0.8685860633850098
bg_fungi,68.709024,27.278094,2022.0,2021,0.4241568644841512
bg_fungi,68.699216,27.275875,2022.0,2021,0.5962749719619751
bg_fungi,68.234039,24.169398,2022.0,2021,0.12375195448597272
bg_fungi,68.28022,23.641599,2022.0,2021,0.46351094047228497
bg_fungi,68.258788,24.076549,2022.0,2021,0.2197233041127523
bg_fungi,64.433119,28.436933,2022.0,2021,0.015586234939595064
bg_fungi,68.705788,27.282397,2022.0,2021,0.7109153866767883
bg_fungi,68.24983,24.079195,2022.0,2021,0.0012168471099964033
bg_fungi,68.704386,27.28381,2022.0,2021,0.5141431291898092
bg_fungi,68.23341,23.402999,2022.0,2021,0.16805766026178995
bg_fungi,68.215938,23.441192,2022.0,2021,0.548275222380956
bg_fungi,68.709579,27.272771,2022.0,2021,0.6137213210264841
bg_fungi,61.849204,24.243063,2022.0,2021,0.03456926563133796
bg_fungi,68.251891,24.095368,2022.0,2021,0.0906076617538929
bg_fungi,60.531416,26.077506,2022.0,2021,0.01555608275036017
bg_fungi,68.707628,27.281359,2022.0,2021,0.7972296078999838
bg_fungi,68.706097,27.268928,2022.0,2021,0.6532697478930155
bg_fungi,68.705992,27.283608,2022.0,2021,0.726597011089325
bg_fungi,68.236308,23.406972,2022.0,2021,0.126337801416715
bg_fungi,68.705328,27.283526,2022.0,2021,0.5115276078383127
bg_fungi,68.705401,27.283058,2022.0,2021,0.42110269765059155
bg_fungi,68.704241,27.285091,2022.0,2021,0.6987038652102152
bg_fungi,68.704933,27.283768,2022.0,2021,0.30549537638823193
bg_fungi,68.706128,27.28287,2022.0,2021,0.7778899868329366
bg_fungi,68.249962,24.086706,2022.0,2021,0.07067537680268288
bg_fungi,68.704241,27.285091,2022.0,2021,0.6987038652102152
bg_fungi,68.215332,24.215644,2022.0,2021,0.002481438270478975
bg_fungi,68.704844,27.283742,2022.0,2021,0.30549537638823193
bg_fungi,68.699887,27.276525,2022.0,2021,0.6050918598969778
bg_fungi,68.232124,23.403757,2022.0,2021,0.4935143291950226
bg_fungi,65.119698,28.811911,2022.0,2021,0.02368486610551675
bg_fungi,68.274549,23.647136,2022.0,2021,0.3583712875843048
bg_fungi,65.122872,28.924544,2022.0,2021,0.15215580662091574
bg_fungi,68.251438,24.018546,2022.0,2021,0.9931860168774923
bg_fungi,68.27604,23.646262,2022.0,2021,0.4743345379829407
bg_fungi,68.196887,24.216846,2022.0,2021,0.08436577767133713
bg_fungi,68.203295,24.200779,2022.0,2021,0.22096316516399384
bg_fungi,68.707115,27.282389,2022.0,2021,0.5634516278902689
bg_fungi,62.895924,27.592163,2022.0,2021,0.000541063197999847
bg_fungi,68.699531,27.290927,2022.0,2021,0.8138895233472189
bg_fungi,68.202885,24.200926,2022.0,2021,0.19494867076476416
bg_fungi,68.705759,27.283729,2022.0,2021,0.4229758381843567
bg_fungi,61.84931,24.247882,2022.0,2021,0.008279924125721058
bg_fungi,68.705662,27.266159,2022.0,2021,0.7629772822062174
bg_fungi,68.710149,27.275492,2022.0,2021,0.7585621078809103
bg_fungi,68.272264,23.647374,2022.0,2021,0.26161425312360126
bg_fungi,65.135499,28.853498,2022.0,2021,0.03978401919205984
bg_fungi,68.280247,23.651414,2022.0,2021,0.34258026878039044
bg_fungi,68.231308,24.172468,2022.0,2021,0.20022250463565192
bg_fungi,69.204203,27.46529,2022.0,2021,0.4215277632077535
bg_fungi,68.214249,23.442833,2022.0,2021,0.5267317195733389
bg_fungi,68.699335,27.290011,2022.0,2021,0.7815777063369751
bg_fungi,68.355096,23.993529,2022.0,2021,0.25759834547837573
bg_fungi,67.049362,26.258776,2025.0,2023,0.3390381832917531
bg_fungi,67.64855,28.280294,2025.0,2023,0.70745982726415
bg_fungi,67.491782,26.295891,2025.0,2023,0.4681289990743001
bg_fungi,67.648141,28.280931,2025.0,2023,0.6788007418314616
bg_fungi,67.490626,26.298243,2025.0,2023,0.5565309425195059
bg_fungi,67.461814,29.807107,2025.0,2023,0.1777654637893041
bg_fungi,67.494554,26.295973,2025.0,2023,0.6564980745315552
bg_fungi,67.495156,26.298343,2025.0,2023,0.7245491743087769
bg_fungi,67.465145,29.79931,2025.0,2023,0.1224983682235082
bg_fungi,67.460349,29.796335,2025.0,2023,0.1561396469672521
bg_fungi,67.461694,29.807818,2025.0,2023,0.31463589270909625
bg_fungi,67.460582,29.795333,2025.0,2023,0.31427497168382007
bg_fungi,67.490645,26.296581,2025.0,2023,0.5848701198895773
bg_fungi,67.495037,26.299752,2025.0,2023,0.7407879630724589
bg_fungi,67.497706,26.313605,2025.0,2023,0.28790415326754254
bg_fungi,67.490995,26.296453,2025.0,2023,0.5274202128251394
bg_fungi,67.460143,29.803564,2025.0,2023,0.17436291774113974
bg_fungi,67.46203,29.802429,2025.0,2023,0.34502532581488293
bg_fungi,67.493359,26.303875,2025.0,2023,0.5387536982695261
bg_fungi,67.647005,28.2816,2025.0,2023,0.6998528639475504
bg_fungi,67.490261,26.301063,2025.0,2023,0.5863320231437683
bg_fungi,67.648339,28.284195,2025.0,2023,0.6486638188362122
bg_fungi,67.491023,26.298863,2025.0,2023,0.048209438721338906
bg_fungi,67.462886,29.813083,2025.0,2023,0.10360721250375111
bg_fungi,67.462923,29.798042,2025.0,2023,0.14539747188488641
bg_fungi,67.050479,26.255938,2025.0,2023,0.5097774167855581
bg_fungi,67.050892,26.254109,2025.0,2023,0.8028055230776469
bg_fungi,67.492614,26.295375,2025.0,2023,0.5546814799308777
bg_fungi,67.050653,26.258621,2025.0,2023,0.01667345330740015
bg_fungi,67.497194,26.313339,2025.0,2023,0.2854495346546173
bg_fungi,67.051,26.254083,2025.0,2023,0.7650065819422404
bg_fungi,67.491003,26.302492,2025.0,2023,0.4974071979522705
bg_fungi,67.648417,28.281111,2025.0,2023,0.5990623831748962
bg_fungi,67.464647,29.799064,2025.0,2023,0.08547684922814369
bg_fungi,67.460684,29.809103,2025.0,2023,0.16561139623324075
bg_fungi,67.498123,26.314436,2025.0,2023,0.3098321110010147
bg_fungi,67.461915,29.802814,2025.0,2023,0.004146615120892723
bg_fungi,67.46381,29.810525,2025.0,2023,0.12777133285999298
bg_fungi,67.647817,28.28221,2025.0,2023,0.7420435746510824
bg_fungi,67.495024,26.300946,2025.0,2023,0.6800918777783712
bg_fungi,67.049359,26.25611,2025.0,2023,0.32139929632345837
bg_fungi,67.647939,28.282617,2025.0,2023,0.624616821606954
bg_fungi,67.461886,29.813784,2025.0,2023,0.07811696206529935
bg_fungi,67.46347,29.814603,2025.0,2023,0.23001180589199066
bg_fungi,67.461376,29.805956,2025.0,2023,0.17596959074338278
bg_fungi,67.490257,26.306377,2025.0,2023,0.46392183502515155
bg_fungi,67.492747,26.295043,2025.0,2023,0.4280812442302704
bg_fungi,67.45945,29.807811,2025.0,2023,0.14254704614480337
bg_fungi,67.492309,26.295548,2025.0,2023,0.4421706199645996
bg_fungi,67.490626,26.298243,2025.0,2023,0.5565309425195059
bg_fungi,67.492426,26.295615,2025.0,2023,0.4421706199645996
bg_fungi,67.462045,29.802595,2025.0,2023,0.24707640707492828
bg_fungi,67.463655,29.801404,2025.0,2023,0.18131211896737418
bg_fungi,67.490005,26.304043,2025.0,2023,0.3540020485719045
bg_fungi,67.490608,26.302317,2025.0,2023,0.45697879791259766
bg_fungi,67.495174,26.298249,2025.0,2023,0.7046217918395996
bg_fungi,67.494715,26.297982,2025.0,2023,0.5991829037666321
bg_fungi,67.05055,26.253706,2025.0,2023,0.3061128854751587
bg_fungi,67.490301,26.304058,2025.0,2023,0.39708516995112103
bg_fungi,67.050096,26.254547,2025.0,2023,0.9322268764177958
bg_fungi,67.461236,29.803178,2025.0,2023,0.34054403007030487
bg_fungi,67.465145,29.79931,2025.0,2023,0.1224983682235082
bg_fungi,67.490994,26.29842,2025.0,2023,0.7482922275861105
bg_fungi,61.244352,25.066427,2025.0,2023,0.029157209830979507
bg_fungi,67.491217,26.297945,2025.0,2023,0.03856579835216204
bg_fungi,67.462923,29.798042,2025.0,2023,0.14539747188488641
bg_fungi,67.46122,29.805118,2025.0,2023,0.1537095233798027
bg_fungi,67.646653,28.280756,2025.0,2023,0.6436566710472107
bg_fungi,67.491293,26.296866,2025.0,2023,0.580886979897817
bg_fungi,61.244465,25.065563,2025.0,2023,0.007037111169969042
bg_fungi,67.460059,29.804233,2025.0,2023,0.14996884018182755
bg_fungi,67.461384,29.802938,2025.0,2023,0.27643876771132153
bg_fungi,67.461338,29.806606,2025.0,2023,0.29240653415520984
bg_fungi,67.489884,26.3051,2025.0,2023,0.2834082742532094
bg_fungi,67.461425,29.806265,2025.0,2023,0.14082549264033636
bg_fungi,67.462247,29.801285,2025.0,2023,0.3414257764816284
bg_fungi,67.494554,26.295973,2025.0,2023,0.6564980745315552
bg_fungi,67.05079,26.259077,2025.0,2023,0.039730354522665344
bg_fungi,67.464152,29.805862,2025.0,2023,0.15090750654538473
bg_fungi,67.648339,28.284195,2025.0,2023,0.6486638188362122
bg_fungi,67.460267,29.796934,2025.0,2023,0.26778223117192584
bg_fungi,67.492998,26.3033,2025.0,2023,0.6084251006444296
bg_fungi,67.05055,26.253706,2025.0,2023,0.3061128854751587
bg_fungi,67.491023,26.298863,2025.0,2023,0.048209438721338906
bg_fungi,67.461427,29.812817,2025.0,2023,0.24212275445461273
bg_fungi,67.46347,29.814603,2025.0,2023,0.23001180589199066
bg_fungi,67.493505,26.306516,2025.0,2023,0.45942936340967816
bg_fungi,67.490645,26.296581,2025.0,2023,0.5848701198895773
bg_fungi,67.46122,29.805118,2025.0,2023,0.1537095233798027
bg_fungi,67.497722,26.319295,2025.0,2023,0.3367775132258733
bg_fungi,67.492614,26.295375,2025.0,2023,0.5546814799308777
bg_fungi,61.240442,25.06745,2025.0,2023,0.009131884085945785
bg_fungi,67.495039,26.296193,2025.0,2023,0.7952380577723185
bg_fungi,67.490914,26.296432,2025.0,2023,0.5274202128251394
bg_fungi,67.647973,28.282855,2025.0,2023,0.6905643343925476
bg_fungi,67.498123,26.314436,2025.0,2023,0.3098321110010147
bg_fungi,67.646641,28.280025,2025.0,2023,0.6921501358350118
bg_fungi,67.491765,26.296196,2025.0,2023,0.4681289990743001
bg_fungi,67.462045,29.802595,2025.0,2023,0.24707640707492828
bg_fungi,67.460059,29.804233,2025.0,2023,0.14996884018182755
bg_fungi,67.460763,29.807661,2025.0,2023,0.21201375126838684
bg_fungi,67.495037,26.299752,2025.0,2023,0.7407879630724589
bg_fungi,67.489722,26.304918,2025.0,2023,0.339379479487737
bg_fungi,67.050479,26.255938,2025.0,2023,0.5097774167855581
bg_fungi,67.049748,26.254903,2025.0,2023,0.9390696485837301
bg_fungi,67.050892,26.254109,2025.0,2023,0.8028055230776469
bg_fungi,67.492998,26.3033,2025.0,2023,0.6084251006444296
bg_fungi,67.496019,26.311359,2025.0,2023,0.6768506368001302
bg_fungi,67.051221,26.253387,2025.0,2023,0.8207694292068481
bg_fungi,67.461886,29.813784,2025.0,2023,0.07811696206529935
bg_fungi,67.463955,29.801673,2025.0,2023,0.08918457105755806
bg_fungi,67.495138,26.29818,2025.0,2023,0.7245491743087769
bg_fungi,67.646715,28.280901,2025.0,2023,0.6510172684987386
bg_fungi,67.648417,28.281111,2025.0,2023,0.5990623831748962
bg_fungi,67.460704,29.808988,2025.0,2023,0.09011214350660642
bg_fungi,67.646434,28.280038,2025.0,2023,0.6655209461847941
bg_fungi,67.494308,26.303519,2025.0,2023,0.6092458963394165
bg_fungi,67.490708,26.302641,2025.0,2023,0.45697879791259766
bg_fungi,67.464324,29.807333,2025.0,2023,0.18464724719524384
bg_fungi,60.98563,24.117111,2025.0,2023,0.01094765029847622
bg_fungi,67.051054,26.254035,2025.0,2023,0.6871585051218668
bg_fungi,67.050524,26.257821,2025.0,2023,0.13671026875575384
bg_fungi,67.050239,26.254359,2025.0,2023,0.9186930259068807
bg_fungi,67.490873,26.297417,2025.0,2023,0.7129412293434143
bg_fungi,67.463032,29.801565,2025.0,2023,0.14057517548402151
bg_fungi,67.491003,26.302492,2025.0,2023,0.4974071979522705
bg_fungi,67.493681,26.303608,2025.0,2023,0.4628218611081441
bg_fungi,67.647817,28.28221,2025.0,2023,0.7420435746510824
bg_fungi,67.461374,29.80296,2025.0,2023,0.27643876771132153
bg_fungi,67.461427,29.812817,2025.0,2023,0.24212275445461273
bg_fungi,67.491217,26.297945,2025.0,2023,0.03856579835216204
bg_fungi,67.461439,29.802851,2025.0,2023,0.27643876771132153
bg_fungi,67.465216,29.79885,2025.0,2023,0.20804915328820547
bg_fungi,67.462923,29.798042,2025.0,2023,0.14539747188488641
bg_fungi,67.492309,26.295548,2025.0,2023,0.4421706199645996
bg_fungi,67.490626,26.298243,2025.0,2023,0.5565309425195059
bg_fungi,67.461249,29.803975,2025.0,2023,0.2780718406041463
bg_fungi,67.492157,26.295482,2025.0,2023,0.28961069385210675
bg_fungi,61.244403,25.065641,2025.0,2023,0.023391904154171545
bg_fungi,67.646653,28.280756,2025.0,2023,0.6436566710472107
bg_fungi,67.491293,26.296866,2025.0,2023,0.580886979897817
bg_fungi,67.463822,29.798452,2025.0,2023,0.2066431293884913
bg_fungi,67.049173,26.256736,2025.0,2023,0.16118545333544412
bg_fungi,67.460498,29.80742,2025.0,2023,0.2649063169956207
bg_fungi,67.490005,26.304043,2025.0,2023,0.3540020485719045
bg_fungi,67.490901,26.297626,2025.0,2023,0.7129412293434143
bg_fungi,67.648256,28.28452,2025.0,2023,0.6486638188362122
bg_fungi,67.648406,28.28031,2025.0,2023,0.65845920642217
bg_fungi,67.648417,28.281111,2025.0,2023,0.5990623831748962
bg_fungi,67.463198,29.798238,2025.0,2023,0.22473816573619843
bg_fungi,67.462527,29.801692,2025.0,2023,0.3615069588025411
bg_fungi,67.491217,26.297945,2025.0,2023,0.03856579835216204
bg_fungi,67.462247,29.801285,2025.0,2023,0.3414257764816284
bg_fungi,67.491003,26.302492,2025.0,2023,0.4974071979522705
bg_fungi,67.49675,26.312322,2025.0,2023,0.287306343515714
bg_fungi,67.458625,29.80514,2025.0,2023,0.18024560809135437
bg_fungi,67.492157,26.295482,2025.0,2023,0.28961069385210675
bg_fungi,67.463965,29.809888,2025.0,2023,0.18539879222710928
bg_fungi,67.490335,26.301576,2025.0,2023,0.6180268128712972
bg_fungi,67.494354,26.310073,2025.0,2023,0.8614083528518677
bg_fungi,67.46464,29.803603,2025.0,2023,0.24463912347952524
bg_fungi,61.244328,25.067286,2025.0,2023,0.025099828994522493
bg_fungi,67.491293,26.296866,2025.0,2023,0.580886979897817
bg_fungi,67.459672,29.80173,2025.0,2023,0.15986133366823196
bg_fungi,67.491717,26.297579,2025.0,2023,0.6640955209732056
bg_fungi,67.490364,26.301996,2025.0,2023,0.5240963498751322
bg_fungi,67.460763,29.807661,2025.0,2023,0.21201375126838684
bg_fungi,67.495256,26.311194,2025.0,2023,0.32399853070576984
bg_fungi,67.051408,26.253036,2025.0,2023,0.8619582255681356
bg_fungi,67.460498,29.80742,2025.0,2023,0.2649063169956207
bg_fungi,67.490005,26.304043,2025.0,2023,0.3540020485719045
bg_fungi,67.490539,26.305128,2025.0,2023,0.39964579542477924
bg_fungi,67.048947,26.258214,2025.0,2023,0.6685263315836588
bg_fungi,67.495138,26.29818,2025.0,2023,0.7245491743087769
bg_fungi,67.463381,29.814031,2025.0,2023,0.16770005722840628
bg_fungi,67.461374,29.80296,2025.0,2023,0.27643876771132153
bg_fungi,67.490301,26.304058,2025.0,2023,0.39708516995112103
bg_fungi,67.494936,26.311719,2025.0,2023,0.6633655230204264
bg_fungi,67.458625,29.80514,2025.0,2023,0.18024560809135437
bg_fungi,67.461814,29.807107,2025.0,2023,0.1777654637893041
bg_fungi,67.049173,26.256736,2025.0,2023,0.16118545333544412
bg_fungi,67.458323,29.805455,2025.0,2023,0.23076970875263214
bg_fungi,67.491003,26.302492,2025.0,2023,0.4974071979522705
bg_fungi,67.493681,26.303608,2025.0,2023,0.4628218611081441
bg_fungi,67.465216,29.79885,2025.0,2023,0.20804915328820547
bg_fungi,67.459705,29.807607,2025.0,2023,0.29505715767542523
bg_fungi,67.491217,26.297945,2025.0,2023,0.03856579835216204
bg_fungi,67.050724,26.254574,2025.0,2023,0.7971492211023966
bg_fungi,67.645986,28.281191,2025.0,2023,0.5368696550528208
bg_fungi,67.464274,29.798809,2025.0,2023,0.0856243185698986
bg_fungi,67.490994,26.302539,2025.0,2023,0.4974071979522705
bg_fungi,67.490967,26.302493,2025.0,2023,0.4974071979522705
bg_fungi,67.463343,29.813652,2025.0,2023,0.1473813677827517
bg_fungi,67.490662,26.302385,2025.0,2023,0.45697879791259766
bg_fungi,67.050724,26.254574,2025.0,2023,0.7971492211023966
bg_fungi,67.646653,28.280756,2025.0,2023,0.6436566710472107
bg_fungi,67.491293,26.296866,2025.0,2023,0.580886979897817
bg_fungi,67.492309,26.295548,2025.0,2023,0.4421706199645996
bg_fungi,67.489884,26.3051,2025.0,2023,0.2834082742532094
bg_fungi,67.460763,29.807661,2025.0,2023,0.21201375126838684
bg_fungi,67.64813,28.283382,2025.0,2023,0.5215327938397726
bg_fungi,67.496451,26.311651,2025.0,2023,0.3837875723838806
bg_fungi,67.46238,29.81431,2025.0,2023,0.19876464207967123
bg_fungi,60.010994,23.096672,2025.0,2023,0.15898594756921133
bg_fungi,60.007636,23.094376,2025.0,2023,0.001025833955888326
bg_fungi,61.244328,25.067286,2025.0,2023,0.025099828994522493
bg_fungi,61.244352,25.066427,2025.0,2023,0.029157209830979507
bg_fungi,61.241892,25.06464,2025.0,2023,0.0005902172794473396
bg_fungi,60.009569,23.095602,2025.0,2023,0.002900568147500356
bg_fungi,60.005513,23.096745,2025.0,2023,0.5933496455351511
bg_fungi,60.009517,23.094746,2025.0,2023,0.02256383839994669
bg_fungi,60.01138,23.097543,2025.0,2023,0.008564298817267021
bg_fungi,60.007627,23.094359,2025.0,2023,0.001025833955888326
bg_fungi,60.012392,23.098626,2025.0,2023,0.07132802158594131
bg_fungi,61.244403,25.065641,2025.0,2023,0.023391904154171545
bg_fungi,61.244465,25.065563,2025.0,2023,0.007037111169969042
bg_fungi,60.011397,23.097217,2025.0,2023,0.04849789167443911
bg_fungi,60.00718,23.09355,2025.0,2023,3.3535781540194876e-05
bg_fungi,60.011198,23.096253,2025.0,2023,0.047356744607289634
bg_fungi,60.005982,23.096492,2025.0,2023,0.6817278663317362
bg_fungi,60.21154,25.021154,2025.0,2023,0.06797947486241658
bg_fungi,60.219611,25.003535,2025.0,2023,0.0872339482108752
bg_fungi,63.096983,21.644316,2025.0,2023,0.06910855260988076
bg_fungi,63.096983,21.644316,2025.0,2023,0.06910855260988076
bg_fungi,63.909415,23.634762,2025.0,2023,0.06400478258728981
bg_fungi,63.066359,21.731479,2025.0,2023,0.041124575305730104
bg_fungi,63.155326,21.572665,2025.0,2023,0.025051127343128126
bg_fungi,63.108392,21.646152,2025.0,2023,0.02427263588955005
bg_fungi,63.154148,21.57782,2025.0,2023,0.10013044625520706
bg_fungi,63.139288,21.567042,2025.0,2023,0.25471433997154236
bg_fungi,63.155835,21.573505,2025.0,2023,0.0010499092689618312
bg_fungi,63.155203,21.574618,2025.0,2023,0.0116896394174546
bg_fungi,63.154376,21.5772,2025.0,2023,0.079271516452233
bg_fungi,63.154613,21.588096,2025.0,2023,0.04247668447593848
bg_fungi,63.154388,21.577039,2025.0,2023,0.023412107800443966
bg_fungi,63.154388,21.577039,2025.0,2023,0.023412107800443966
bg_fungi,63.154359,21.577004,2025.0,2023,0.023412107800443966
bg_fungi,63.154559,21.576808,2025.0,2023,0.03514433124413093
bg_fungi,63.15464,21.576832,2025.0,2023,0.056811785946289696
bg_fungi,63.15464,21.576832,2025.0,2023,0.056811785946289696
bg_fungi,63.139473,21.56647,2025.0,2023,0.23991258690754572
bg_fungi,63.139473,21.56647,2025.0,2023,0.23991258690754572
bg_fungi,63.109802,21.64752,2025.0,2023,0.024859097475806873
bg_fungi,63.139473,21.56647,2025.0,2023,0.23991258690754572
bg_fungi,63.154712,21.577058,2025.0,2023,0.17799034963051477
bg_fungi,63.13915,21.567664,2025.0,2023,0.07263408911724885
bg_fungi,63.13915,21.567664,2025.0,2023,0.07263408911724885
bg_fungi,63.155274,21.574585,2025.0,2023,0.0041421017109920895
bg_fungi,63.139524,21.56664,2025.0,2023,0.20492613315582275
bg_fungi,63.15549,21.574346,2025.0,2023,0.003319333520873139
bg_fungi,63.15549,21.574346,2025.0,2023,0.003319333520873139
bg_fungi,63.139328,21.566915,2025.0,2023,0.25471433997154236
bg_fungi,63.155499,21.574344,2025.0,2023,0.009106242558724867
bg_fungi,63.155499,21.574344,2025.0,2023,0.009106242558724867
bg_fungi,66.120051,28.759219,2025.0,2023,0.012674948084168136
bg_fungi,63.158917,29.490688,2025.0,2023,0.6179571747779846
bg_fungi,65.713902,29.056946,2025.0,2023,0.02001201982299487
bg_fungi,63.15886,29.490842,2025.0,2023,0.5668264826138815
bg_fungi,63.158917,29.490688,2025.0,2023,0.6179571747779846
bg_fungi,63.157761,29.491065,2025.0,2023,0.4972623984018962
bg_fungi,63.15805,29.490474,2025.0,2023,0.5398063659667969
bg_fungi,63.15803,29.490572,2025.0,2023,0.5398063659667969
bg_fungi,65.71055,29.036563,2025.0,2023,0.00583186360502926
bg_fungi,65.719847,29.033327,2025.0,2023,0.02532386655608813
bg_fungi,66.122642,28.761037,2025.0,2023,0.09118016809225082
bg_fungi,59.983849,23.883476,2025.0,2023,0.49044930934906006
bg_fungi,63.155961,29.491824,2025.0,2023,0.6361508965492249
bg_fungi,63.157819,29.490852,2025.0,2023,0.5837212999661764
bg_fungi,63.158191,29.490089,2025.0,2023,0.6112340490023295
bg_fungi,63.158672,29.488303,2025.0,2023,0.40522779027620953
bg_fungi,63.157398,29.493298,2025.0,2023,0.4058113594849904
bg_fungi,63.157288,29.491422,2025.0,2023,0.494264155626297
bg_fungi,63.157216,29.491435,2025.0,2023,0.494264155626297
bg_fungi,63.156953,29.491036,2025.0,2023,0.4895916481812795
bg_fungi,63.159067,29.48929,2025.0,2023,0.5188873509565989
bg_fungi,63.157743,29.491044,2025.0,2023,0.5180915792783102
bg_fungi,63.157681,29.491038,2025.0,2023,0.5180915792783102
bg_fungi,63.156273,29.493976,2025.0,2023,0.6749597787857056
bg_fungi,63.156881,29.492102,2025.0,2023,0.6225083669026693
bg_fungi,63.15857,29.491035,2025.0,2023,0.7301328380902609
bg_fungi,63.157757,29.488761,2025.0,2023,0.07661160826683044
bg_fungi,63.157203,29.494175,2025.0,2023,0.3689911166826884
bg_fungi,63.159603,29.488423,2025.0,2023,0.5476543307304382
bg_fungi,63.157203,29.494175,2025.0,2023,0.3689911166826884
bg_fungi,63.155973,29.492659,2025.0,2023,0.6733603080113729
bg_fungi,63.157761,29.491065,2025.0,2023,0.4972623984018962
bg_fungi,65.712663,29.034222,2025.0,2023,0.017872608072745304
bg_fungi,63.157344,29.491784,2025.0,2023,0.6506834228833517
bg_fungi,63.15757,29.489678,2025.0,2023,0.5963589946428934
bg_fungi,63.157761,29.491065,2025.0,2023,0.4972623984018962
bg_fungi,63.156969,29.494254,2025.0,2023,0.3930761118729909
bg_fungi,65.793516,29.672455,2025.0,2023,0.46336252490679425
bg_fungi,63.15757,29.489678,2025.0,2023,0.5963589946428934
bg_fungi,63.155973,29.492659,2025.0,2023,0.6733603080113729
bg_fungi,63.158684,29.480896,2025.0,2023,0.39326157172520954
bg_fungi,63.158965,29.480761,2025.0,2023,0.16517799099286398
bg_fungi,63.157077,29.492178,2025.0,2023,0.718222459157308
bg_fungi,60.552304,22.297404,2025.0,2023,0.20060853163401285
bg_fungi,60.275582,24.960416,2025.0,2023,0.04132825694978237
bg_fungi,65.064543,25.463996,2025.0,2023,0.010280793261093399
bg_fungi,65.063263,25.468666,2025.0,2023,0.7112289071083069
bg_fungi,62.280469,25.806156,2025.0,2023,0.24553277095158896
bg_fungi,60.320143,22.308338,2025.0,2023,0.22321870426336923
bg_fungi,68.912276,27.014607,2025.0,2023,0.8735819458961487
bg_fungi,65.04888,25.490699,2025.0,2023,0.652126133441925
bg_fungi,60.551397,22.30083,2025.0,2023,0.2004009671509266
bg_fungi,61.46068,23.678378,2025.0,2023,0.20284837732712427
bg_fungi,60.27699,24.966541,2025.0,2023,0.04044219230612119
bg_fungi,66.368303,29.330003,2025.0,2023,0.4548094868659973
bg_fungi,65.001953,25.86638,2025.0,2023,0.020343454244236153
bg_fungi,65.061076,25.462544,2025.0,2023,0.42494266231854755
bg_fungi,65.064531,25.468167,2025.0,2023,0.45904403924942017
bg_fungi,61.471196,21.86632,2025.0,2023,0.11304714530706406
bg_fungi,60.847151,23.047871,2025.0,2023,0.1336254378159841
bg_fungi,65.022707,25.422315,2025.0,2023,0.1056134005387624
bg_fungi,65.000349,25.861743,2025.0,2023,0.0042747507492701215
bg_fungi,60.334805,22.138707,2025.0,2023,0.5619378884633383
bg_fungi,60.213913,24.990008,2025.0,2023,0.35554495453834534
bg_fungi,60.455971,22.276281,2025.0,2023,0.28076715270678204
bg_fungi,65.001575,25.863659,2025.0,2023,0.0021910395444137976
bg_fungi,62.52645,21.115224,2025.0,2023,0.001715864782454446
bg_fungi,60.699584,23.875746,2025.0,2023,0.047180209308862686
bg_fungi,64.579091,26.477501,2025.0,2023,0.962569018205007
bg_fungi,65.001596,25.864124,2025.0,2023,0.004384692952347298
bg_fungi,61.666842,27.326922,2025.0,2023,0.34687764445940655
bg_fungi,60.208665,24.876898,2025.0,2023,0.16927388310432434
bg_fungi,59.976283,23.926975,2025.0,2023,0.07137450575828552
bg_fungi,65.064533,25.468294,2025.0,2023,0.45904403924942017
bg_fungi,60.238513,25.137897,2025.0,2023,0.004350867180619389
bg_fungi,65.064925,25.45968,2025.0,2023,0.7731720010439554
bg_fungi,65.000149,25.861811,2025.0,2023,0.00534531621572872
bg_fungi,62.302175,25.747852,2025.0,2023,0.0006310576482064789
bg_fungi,62.303932,25.746831,2025.0,2023,0.15258479739228883
bg_fungi,60.257133,24.836828,2025.0,2023,0.029279437536994617
bg_fungi,60.334553,22.138401,2025.0,2023,0.21938329686721167
bg_fungi,60.323768,22.304417,2025.0,2023,0.1175722951690356
bg_fungi,60.317238,22.307357,2025.0,2023,0.23946385085582733
bg_fungi,60.319723,22.317459,2025.0,2023,0.3531830261150996
bg_fungi,65.064527,25.46827,2025.0,2023,0.45904403924942017
bg_fungi,62.839961,25.465536,2025.0,2023,0.02255825512111187
bg_fungi,60.677847,21.753714,2025.0,2023,0.806840976079305
bg_fungi,60.323443,22.305221,2025.0,2023,0.29638280471165973
bg_fungi,60.348608,25.360174,2025.0,2023,0.021502762101590633
bg_fungi,64.571703,26.478287,2025.0,2023,0.6996142665545145
bg_fungi,60.732742,23.567888,2025.0,2023,0.04506939028700193
bg_fungi,60.208206,25.058861,2025.0,2023,0.007373159790101151
bg_fungi,65.022115,24.637999,2025.0,2023,0.7054996887842814
bg_fungi,65.067649,25.453039,2025.0,2023,0.14397607495387396
bg_fungi,61.871037,28.86287,2025.0,2023,0.11549112200737
bg_fungi,62.012031,24.64485,2025.0,2023,0.035940624230230846
bg_fungi,60.870113,24.365356,2025.0,2023,0.5057122806708018
bg_fungi,60.237217,25.141464,2025.0,2023,0.06786328554153442
bg_fungi,60.200523,25.162491,2025.0,2023,0.509105791648229
bg_fungi,65.018398,25.435281,2025.0,2023,0.03868962607036034
bg_fungi,60.879407,23.75047,2025.0,2023,0.12747510770956674
bg_fungi,60.277072,24.96635,2025.0,2023,0.023443703229228657
bg_fungi,60.771931,24.837389,2025.0,2023,0.04994061961770058
bg_fungi,60.48138,22.501901,2025.0,2023,0.6225975751876831
bg_fungi,60.319593,22.30621,2025.0,2023,0.16136875748634338
bg_fungi,60.781972,21.161053,2025.0,2023,0.2553171788652738
bg_fungi,60.872391,24.366783,2025.0,2023,0.33159234126408893
bg_fungi,66.21059,24.930239,2025.0,2023,0.010661709898461899
bg_fungi,60.216668,25.00916,2025.0,2023,0.17127665877342224
bg_fungi,65.000798,25.86023,2025.0,2023,0.0013479415162388857
bg_fungi,65.003242,25.865397,2025.0,2023,0.5005790889263153
bg_fungi,61.529787,21.589093,2025.0,2023,0.38233262797196704
bg_fungi,61.583108,21.519269,2025.0,2023,0.39691900213559467
bg_fungi,61.29187,26.42412,2025.0,2023,0.3831310570240021
bg_fungi,61.672589,21.744651,2025.0,2023,0.19473011046648026
bg_fungi,60.138881,25.001969,2025.0,2023,0.800739566485087
bg_fungi,61.520713,23.87742,2025.0,2023,0.01085039833560586
bg_fungi,65.051079,25.463476,2025.0,2023,0.8546563982963562
bg_fungi,63.264524,27.757367,2025.0,2023,0.017236117894450825
bg_fungi,60.240605,25.141128,2025.0,2023,0.10373799999554952
bg_fungi,60.43259,23.010345,2025.0,2023,0.08629430333773296
bg_fungi,65.001073,25.864142,2025.0,2023,0.006945423238600294
bg_fungi,60.230099,25.04851,2025.0,2023,0.044125834169487156
bg_fungi,60.322635,22.323262,2025.0,2023,0.09089302892486255
bg_fungi,61.269837,23.49687,2025.0,2023,0.07593570028742154
bg_fungi,61.518964,23.877491,2025.0,2023,0.10942639658848445
bg_fungi,65.9072,25.105015,2025.0,2023,0.7019181052843729
bg_fungi,60.25259,22.106412,2025.0,2023,0.5652756889661154
bg_fungi,65.058072,25.480809,2025.0,2023,0.8656303485234579
bg_fungi,60.677862,21.753655,2025.0,2023,0.806840976079305
bg_fungi,65.020328,24.639587,2025.0,2023,0.9845684965451559
bg_fungi,62.296831,25.74613,2025.0,2023,0.17858647803465524
bg_fungi,60.297355,24.618594,2025.0,2023,0.29391685624917346
bg_fungi,65.000003,25.862618,2025.0,2023,0.02224087870369355
bg_fungi,65.064881,25.45887,2025.0,2023,0.5459358394145966
bg_fungi,65.00292,25.865949,2025.0,2023,0.29549647370974225
bg_fungi,60.193652,23.387953,2025.0,2023,0.07784850274523099
bg_fungi,65.064566,25.468164,2025.0,2023,0.45904403924942017
bg_fungi,60.225254,25.014441,2025.0,2023,0.0026539389703733227
bg_fungi,65.732127,29.388658,2025.0,2023,0.10595647618174553
bg_fungi,60.499844,22.090963,2025.0,2023,0.27659301459789276
bg_fungi,60.215608,24.992821,2025.0,2023,0.013856478811552128
bg_fungi,60.463646,22.741617,2025.0,2023,0.45169992248217267
bg_fungi,65.011923,25.814169,2025.0,2023,0.05130061383048693
bg_fungi,65.001853,25.86643,2025.0,2023,0.020343454244236153
bg_fungi,60.796136,23.636182,2025.0,2023,0.045974538351098694
bg_fungi,63.621612,23.483732,2025.0,2023,0.13514880587657294
bg_fungi,60.871014,24.366882,2025.0,2023,0.8051575422286987
bg_fungi,62.644517,29.852347,2025.0,2023,0.7860302130381266
bg_fungi,63.264536,27.758067,2025.0,2023,0.01415143876026074
bg_fungi,61.642988,27.335741,2025.0,2023,0.06379620855053265
bg_fungi,60.236295,25.142439,2025.0,2023,0.33060989777247113
bg_fungi,63.092965,21.582057,2025.0,2023,0.08691481749216716
bg_fungi,65.022686,25.423342,2025.0,2023,0.0019245494428711634
bg_fungi,65.001831,25.864158,2025.0,2023,0.00823012312563757
bg_fungi,60.875021,23.752931,2025.0,2023,0.2683276981115341
bg_fungi,60.847195,23.047425,2025.0,2023,0.12639609972635904
bg_fungi,60.135895,25.005384,2025.0,2023,0.25858982900778454
bg_fungi,65.020226,25.451352,2025.0,2023,0.013503508952756723
bg_fungi,63.873073,29.038268,2025.0,2023,0.25255275269349414
bg_fungi,61.583108,21.519269,2025.0,2023,0.39691900213559467
bg_fungi,65.820703,24.518917,2025.0,2023,0.8486096461613973
bg_fungi,65.063706,25.468302,2025.0,2023,0.09726179887851079
bg_fungi,65.002013,25.864045,2025.0,2023,0.008001712616533041
bg_fungi,60.185795,24.883403,2025.0,2023,0.08948156237602234
bg_fungi,62.269834,25.697943,2025.0,2023,0.6134162545204163
bg_fungi,60.189388,24.810328,2025.0,2023,0.018851963182290394
bg_fungi,65.020253,24.63954,2025.0,2023,0.9845684965451559
bg_fungi,60.252691,22.10696,2025.0,2023,0.6314883232116699
bg_fungi,60.477152,22.488949,2025.0,2023,0.6421465277671814
bg_fungi,65.001964,25.8641,2025.0,2023,0.008001712616533041
bg_fungi,65.000821,25.864077,2025.0,2023,0.007595341885462403
bg_fungi,60.297745,24.863945,2025.0,2023,0.13698595513900122
bg_fungi,60.267037,22.37379,2025.0,2023,0.478008637825648
bg_fungi,60.21616,25.033618,2025.0,2023,0.013549717531229058
bg_fungi,65.022112,24.638325,2025.0,2023,0.891325831413269
bg_fungi,60.215819,24.856075,2025.0,2023,0.11877623945474625
bg_fungi,60.323496,22.304755,2025.0,2023,0.19139613707860312
bg_fungi,62.212455,25.746605,2025.0,2023,0.35551583766937256
bg_fungi,60.216465,25.009499,2025.0,2023,0.1306538681189219
bg_fungi,65.021749,24.637611,2025.0,2023,0.8937366008758545
bg_fungi,60.228994,24.964359,2025.0,2023,0.6046111981074015
bg_fungi,65.020337,24.639498,2025.0,2023,0.9845684965451559
bg_fungi,60.311008,25.056817,2025.0,2023,0.049771213283141456
bg_fungi,61.291578,26.423975,2025.0,2023,0.4041170080502828
bg_fungi,65.064257,25.468446,2025.0,2023,0.31705861290295917
bg_fungi,60.298606,24.617454,2025.0,2023,0.012478432438607948
bg_fungi,65.000809,25.860126,2025.0,2023,0.0035987885154706114
bg_fungi,60.845839,23.049438,2025.0,2023,0.1259974961479505
bg_fungi,60.206208,25.022878,2025.0,2023,0.11786836882432301
bg_fungi,60.609149,22.266436,2025.0,2023,0.015929993862907093
bg_fungi,60.29736,24.617872,2025.0,2023,0.3938512404759725
bg_fungi,61.288805,26.424863,2025.0,2023,0.1676855447391669
bg_fungi,65.064573,25.47003,2025.0,2023,0.3153681755065918
bg_fungi,63.26383,27.755057,2025.0,2023,0.026212235912680626
bg_fungi,65.057403,25.460342,2025.0,2023,0.41659634311993915
bg_fungi,60.323625,22.305491,2025.0,2023,0.08467903484900792
bg_fungi,60.847195,23.047425,2025.0,2023,0.12639609972635904
bg_fungi,60.2758,24.494233,2025.0,2023,0.020234912168234587
bg_fungi,60.186302,25.146788,2025.0,2023,0.7709041237831116
bg_fungi,60.199741,25.161953,2025.0,2023,0.27902043362458545
bg_fungi,60.319005,22.305836,2025.0,2023,0.47108694911003113
bg_fungi,63.749376,24.144503,2025.0,2023,0.022697996163818363
bg_fungi,60.481724,22.502354,2025.0,2023,0.5839364329973856
bg_fungi,61.476987,21.35987,2025.0,2023,0.029437337691585224
bg_fungi,61.521033,23.876265,2025.0,2023,0.031065132468938828
bg_fungi,62.896106,27.659668,2025.0,2023,0.11243374521533649
bg_fungi,60.203854,24.957578,2025.0,2023,0.1718242565790812
bg_fungi,60.311388,25.352817,2025.0,2023,0.19890807569026947
bg_fungi,62.530041,21.111766,2025.0,2023,0.24791288375854492
bg_fungi,60.202961,24.823052,2025.0,2023,0.039172811433672905
bg_fungi,60.683293,21.751972,2025.0,2023,0.25958093007405597
bg_fungi,60.298741,24.61913,2025.0,2023,0.03409919107798487
bg_fungi,65.054617,25.474692,2025.0,2023,0.7563691735267639
bg_fungi,60.297767,24.863933,2025.0,2023,0.13698595513900122
bg_fungi,62.253624,25.755403,2025.0,2023,0.0939930435270071
bg_fungi,65.048807,25.490499,2025.0,2023,0.37219880024592084
bg_fungi,60.334456,22.141016,2025.0,2023,0.067439087977012
bg_fungi,60.324314,22.306758,2025.0,2023,0.14708194881677628
bg_fungi,60.587721,22.240626,2025.0,2023,0.1265535211811463
bg_fungi,61.291855,26.42465,2025.0,2023,0.49343879024187726
bg_fungi,60.439769,22.368528,2025.0,2023,0.09216449409723282
bg_fungi,62.894146,21.83413,2025.0,2023,0.06373612210154533
bg_fungi,60.236963,25.142139,2025.0,2023,0.26320110261440277
bg_fungi,61.474078,23.74938,2025.0,2023,0.023732077796012163
bg_fungi,60.334936,22.138555,2025.0,2023,0.6385871370633444
bg_fungi,63.169965,22.255122,2025.0,2023,0.12589183698097864
bg_fungi,62.000489,24.507272,2025.0,2023,0.03948839505513509
bg_fungi,64.12717,28.267089,2025.0,2023,0.8588337103525797
bg_fungi,62.530598,21.114844,2025.0,2023,0.7190792957941691
bg_fungi,65.06441,25.468734,2025.0,2023,0.05130450862149397
bg_fungi,65.063434,25.468124,2025.0,2023,0.8422352274258932
bg_fungi,64.06029,24.524266,2025.0,2023,0.0459220161040624
bg_fungi,60.2629,25.297618,2025.0,2023,0.15993434439102808
bg_fungi,60.214576,25.022538,2025.0,2023,0.010153922795628509
bg_fungi,65.063417,25.468907,2025.0,2023,0.5554624795913696
bg_fungi,65.002173,24.747117,2025.0,2023,0.011317780086149773
bg_fungi,60.482454,25.23817,2025.0,2023,0.06931404521067937
bg_fungi,60.498,22.094489,2025.0,2023,0.6941377719243368
bg_fungi,60.18594,25.150049,2025.0,2023,0.29259226967891055
bg_fungi,60.465236,22.315279,2025.0,2023,0.24969032406806946
bg_fungi,65.881748,29.523593,2025.0,2023,0.03639364490906397
bg_fungi,61.220795,25.592142,2025.0,2023,0.008050543644155065
bg_fungi,59.970869,23.923085,2025.0,2023,0.0819159522652626
bg_fungi,60.227482,24.91307,2025.0,2023,0.07033786674340566
bg_fungi,65.021722,24.638121,2025.0,2023,0.9253547390302023
bg_fungi,60.259193,24.618689,2025.0,2023,0.06191243231296539
bg_fungi,62.896106,27.6595,2025.0,2023,0.11243374521533649
bg_fungi,60.847195,23.047425,2025.0,2023,0.12639609972635904
bg_fungi,62.253624,25.755403,2025.0,2023,0.0939930435270071
bg_fungi,60.207505,24.963143,2025.0,2023,0.14188185830911001
bg_fungi,60.18283,24.882224,2025.0,2023,0.43056491017341614
bg_fungi,60.656288,23.894192,2025.0,2023,0.31131382286548615
bg_fungi,60.298505,24.617283,2025.0,2023,0.026780608265350263
bg_fungi,61.487308,23.913136,2025.0,2023,0.020857160910964012
bg_fungi,61.673953,27.269597,2025.0,2023,0.6744614839553833
bg_fungi,60.1797,24.989702,2025.0,2023,0.17640174428621927
bg_fungi,60.318471,23.572802,2025.0,2023,0.02222909778356552
bg_fungi,65.064536,25.469072,2025.0,2023,0.2981682022412618
bg_fungi,62.61099,29.721995,2021.0,2021,0.5880264639854431
bg_fungi,60.988802,25.889302,2021.0,2021,0.026042839512228966
bg_fungi,64.72473,25.56772,2021.0,2021,0.13716447105010351
bg_fungi,64.72473,25.56772,2021.0,2021,0.13716447105010351
bg_fungi,61.017031,25.642843,2021.0,2021,0.0024279075829933086
bg_fungi,62.251913,25.815562,2021.0,2021,0.025982026010751724
bg_fungi,62.252285,25.815634,2021.0,2021,0.08324370284875234
bg_fungi,62.252187,25.815614,2021.0,2021,0.13587002704540888
bg_fungi,65.168805,29.807586,2021.0,2021,0.17049205799897513
bg_fungi,60.477258,25.240059,2021.0,2021,0.061658243338267006
bg_fungi,66.27955,29.537547,2021.0,2021,0.3740365405877431
bg_fungi,62.873158,27.591313,2021.0,2021,0.0015365540051182809
bg_fungi,62.873158,27.591313,2021.0,2021,0.0015365540051182809
bg_fungi,61.642648,27.336026,2021.0,2021,0.01011637675886353
bg_fungi,61.642558,27.340351,2021.0,2021,0.05627057949701945
bg_fungi,61.223542,25.722197,2021.0,2021,0.014238390140235424
bg_fungi,61.642444,27.340544,2021.0,2021,0.08389042566219966
bg_fungi,62.40639,28.772547,2021.0,2021,0.2023617128531138
bg_fungi,62.40639,28.772547,2021.0,2021,0.2023617128531138
bg_fungi,62.40639,28.772547,2021.0,2021,0.2023617128531138
bg_fungi,62.851453,27.556087,2021.0,2021,0.03146628166238467
bg_fungi,66.22745,25.37496,2021.0,2021,0.0027540949328492084
bg_fungi,66.22745,25.37496,2021.0,2021,0.0027540949328492084
bg_fungi,62.614912,29.8106,2021.0,2021,0.5213017463684082
bg_fungi,65.199789,25.309107,2021.0,2021,0.5877670844395956
bg_fungi,62.614896,29.810209,2021.0,2021,0.4083529015382131
bg_fungi,62.614841,29.810345,2021.0,2021,0.4083529015382131
bg_fungi,60.34417,25.085743,2021.0,2021,0.42717792590459186
bg_fungi,66.117807,24.713037,2021.0,2021,0.09638354927301407
bg_fungi,66.117863,24.713059,2021.0,2021,0.06376679986715317
bg_fungi,66.788159,28.910728,2021.0,2021,0.1339194377263387
bg_fungi,61.019618,24.453714,2021.0,2021,0.0007547790610260563
bg_fungi,66.788159,28.910728,2021.0,2021,0.1339194377263387
bg_fungi,66.788159,28.910728,2021.0,2021,0.1339194377263387
bg_fungi,66.788159,28.910728,2021.0,2021,0.1339194377263387
bg_fungi,61.189057,25.671475,2021.0,2021,0.0649280274907748
bg_fungi,61.188906,25.671189,2021.0,2021,0.009794961350659529
bg_fungi,61.189112,25.670827,2021.0,2021,0.008254955833156904
bg_fungi,65.167821,25.229824,2021.0,2021,0.08686328493058681
bg_fungi,60.230423,24.276964,2021.0,2021,0.19238604853550592
bg_fungi,65.167821,25.229824,2021.0,2021,0.08686328493058681
bg_fungi,65.167821,25.229824,2021.0,2021,0.08686328493058681
bg_fungi,60.230423,24.276964,2021.0,2021,0.19238604853550592
bg_fungi,61.223432,25.722897,2021.0,2021,0.021032411294678848
bg_fungi,60.230423,24.276964,2021.0,2021,0.19238604853550592
bg_fungi,65.167821,25.229824,2021.0,2021,0.08686328493058681
bg_fungi,65.167821,25.229824,2021.0,2021,0.08686328493058681
bg_fungi,65.167821,25.229824,2021.0,2021,0.08686328493058681
bg_fungi,65.167821,25.229824,2021.0,2021,0.08686328493058681
bg_fungi,65.167821,25.229824,2021.0,2021,0.08686328493058681
bg_fungi,65.167821,25.229824,2021.0,2021,0.08686328493058681
bg_fungi,65.167821,25.229824,2021.0,2021,0.08686328493058681
bg_fungi,65.167821,25.229824,2021.0,2021,0.08686328493058681
bg_fungi,65.167821,25.229824,2021.0,2021,0.08686328493058681
bg_fungi,65.167821,25.229824,2021.0,2021,0.08686328493058681
bg_fungi,61.196128,26.029552,2021.0,2021,0.15460429340600967
bg_fungi,60.342179,25.067235,2021.0,2021,0.2749766632914543
bg_fungi,62.44725,28.78416,2021.0,2021,0.0018735008149330195
bg_fungi,62.44725,28.78416,2021.0,2021,0.0018735008149330195
bg_fungi,60.094876,22.87081,2021.0,2021,0.6276839772860209
bg_fungi,60.343676,25.08562,2021.0,2021,0.0021593458756494024
bg_fungi,66.118054,24.713334,2021.0,2021,0.0753527507185936
bg_fungi,66.73528,28.990058,2021.0,2021,0.28076609037816525
bg_fungi,66.118054,24.713334,2021.0,2021,0.0753527507185936
bg_fungi,66.735132,28.99097,2021.0,2021,0.1436344113511344
bg_fungi,66.118054,24.713334,2021.0,2021,0.0753527507185936
bg_fungi,66.735132,28.99097,2021.0,2021,0.1436344113511344
bg_fungi,60.342387,25.067442,2021.0,2021,0.11449129258592923
bg_fungi,61.219106,25.768355,2021.0,2021,0.05714385583996773
bg_fungi,66.58084,25.65737,2021.0,2021,0.12677145252625147
bg_fungi,60.343597,25.088369,2021.0,2021,0.08858950684467952
bg_fungi,60.343597,25.088369,2021.0,2021,0.08858950684467952
bg_fungi,60.343597,25.088369,2021.0,2021,0.08858950684467952
bg_fungi,60.340407,25.090153,2021.0,2021,0.12417764713366826
bg_fungi,66.314061,24.640662,2021.0,2021,0.002277472842251882
bg_fungi,66.314217,24.640599,2021.0,2021,0.0010854119464056566
bg_fungi,66.314018,24.640315,2021.0,2021,0.0039058816231166324
bg_fungi,66.313974,24.640337,2021.0,2021,0.0039058816231166324
bg_fungi,66.31393,24.640777,2021.0,2021,0.002277472842251882
bg_fungi,66.314147,24.641285,2021.0,2021,0.0024131205185161284
bg_fungi,66.313953,24.64082,2021.0,2021,0.002277472842251882
bg_fungi,60.341892,25.089346,2021.0,2021,0.12726318339506784
bg_fungi,66.313182,24.640975,2021.0,2021,0.053660216430823006
bg_fungi,66.23563,25.006596,2021.0,2021,0.8871752023696899
bg_fungi,65.200189,25.309376,2021.0,2021,0.1564089134335518
bg_fungi,61.348216,25.292565,2021.0,2021,0.06133151054382324
bg_fungi,60.991642,25.655236,2021.0,2021,0.010987901012413204
bg_fungi,61.199866,25.695954,2021.0,2021,0.0005845457574954102
bg_fungi,61.199913,25.696004,2021.0,2021,0.0005845457574954102
bg_fungi,61.200048,25.696227,2021.0,2021,0.031163828757901985
bg_fungi,61.224257,25.727068,2021.0,2021,0.03407317896684011
bg_fungi,66.699537,27.408348,2021.0,2021,0.12942250818014145
bg_fungi,62.054958,23.942648,2021.0,2021,0.039683510859807335
bg_fungi,60.384819,22.346406,2021.0,2021,0.3330809374650319
bg_fungi,60.381986,22.351546,2021.0,2021,0.18371453881263733
bg_fungi,66.213559,24.978441,2021.0,2021,0.02971763691554467
bg_fungi,61.199353,25.695592,2021.0,2021,0.07502363373835881
bg_fungi,61.199862,25.696443,2021.0,2021,0.025739030291636784
bg_fungi,61.199244,25.695502,2021.0,2021,0.0257624468455712
bg_fungi,60.23788,24.95678,2021.0,2021,0.01797661278396845
bg_fungi,60.2373,24.9565,2021.0,2021,0.029391973589857418
bg_fungi,66.129074,24.707389,2021.0,2021,0.840546190738678
bg_fungi,60.23729,24.95209,2021.0,2021,0.12513618667920431
bg_fungi,60.23788,24.95678,2021.0,2021,0.01797661278396845
bg_fungi,60.23832,24.95099,2021.0,2021,0.10813229034344356
bg_fungi,60.23777,24.95024,2021.0,2021,0.016016914664457243
bg_fungi,60.338071,25.086187,2021.0,2021,0.5064105689525604
bg_fungi,66.129074,24.707389,2021.0,2021,0.840546190738678
bg_fungi,61.220319,25.771306,2021.0,2021,0.016447223722934723
bg_fungi,61.220385,25.771328,2021.0,2021,0.023369871079921722
bg_fungi,66.497057,25.757281,2021.0,2021,0.1983975718418757
bg_fungi,66.497057,25.757281,2021.0,2021,0.1983975718418757
bg_fungi,66.497057,25.757281,2021.0,2021,0.1983975718418757
bg_fungi,66.503115,25.747148,2021.0,2021,0.6682662467161814
bg_fungi,66.497057,25.757281,2021.0,2021,0.1983975718418757
bg_fungi,66.497057,25.757281,2021.0,2021,0.1983975718418757
bg_fungi,66.157675,24.98794,2021.0,2021,0.18502499163150787
bg_fungi,60.379555,22.358161,2021.0,2021,0.26183714469273883
bg_fungi,60.37925,22.358364,2021.0,2021,0.15665194392204285
bg_fungi,60.322604,26.052487,2021.0,2021,0.021699778114755947
bg_fungi,60.379999,22.361248,2021.0,2021,0.3539624512195587
bg_fungi,66.86223,25.82812,2021.0,2021,0.07255560035506885
bg_fungi,66.225518,25.35677,2021.0,2021,0.03793861654897531
bg_fungi,66.225518,25.35677,2021.0,2021,0.03793861654897531
bg_fungi,65.159409,29.797221,2021.0,2021,0.07142993807792664
bg_fungi,65.159409,29.797221,2021.0,2021,0.07142993807792664
bg_fungi,60.442142,25.671132,2021.0,2021,0.006789216306060553
bg_fungi,66.225185,25.355885,2021.0,2021,0.1094784140586853
bg_fungi,66.281039,25.215633,2021.0,2021,0.055830588564276695
bg_fungi,66.05985,24.73086,2021.0,2021,0.002087296626996249
bg_fungi,62.251366,25.815707,2021.0,2021,0.14609112590551376
bg_fungi,62.251532,25.812009,2021.0,2021,0.024527525374044973
bg_fungi,60.284359,24.601547,2021.0,2021,0.32368260622024536
bg_fungi,62.251568,25.811244,2021.0,2021,0.02430192691584428
bg_fungi,66.226177,25.368335,2021.0,2021,0.17411408325036368
bg_fungi,66.226177,25.368335,2021.0,2021,0.17411408325036368
bg_fungi,66.226177,25.368335,2021.0,2021,0.17411408325036368
bg_fungi,61.332956,23.876888,2021.0,2021,0.003610343895464515
bg_fungi,60.343616,25.088367,2021.0,2021,0.08858950684467952
bg_fungi,61.332853,23.876906,2021.0,2021,0.003610343895464515
bg_fungi,61.33315,23.876964,2021.0,2021,0.016093863639980555
bg_fungi,61.219262,25.769649,2021.0,2021,0.024010957218706608
bg_fungi,61.219262,25.769649,2021.0,2021,0.024010957218706608
bg_fungi,61.219262,25.769649,2021.0,2021,0.024010957218706608
bg_fungi,61.219262,25.769649,2021.0,2021,0.024010957218706608
bg_fungi,61.219262,25.769649,2021.0,2021,0.024010957218706608
bg_fungi,61.219262,25.769649,2021.0,2021,0.024010957218706608
bg_fungi,61.219262,25.769649,2021.0,2021,0.024010957218706608
bg_fungi,61.219262,25.769649,2021.0,2021,0.024010957218706608
bg_fungi,62.882291,27.587031,2021.0,2021,0.0005295919172567665
bg_fungi,60.280973,25.156733,2021.0,2021,0.20560799539089203
bg_fungi,62.856312,27.557692,2021.0,2021,0.005237866646590798
bg_fungi,66.05957,24.7312,2021.0,2021,0.044280018036564193
bg_fungi,60.338824,25.087943,2021.0,2021,0.08553071320056915
bg_fungi,60.338824,25.087943,2021.0,2021,0.08553071320056915
bg_fungi,60.338824,25.087943,2021.0,2021,0.08553071320056915
bg_fungi,66.16135,25.001503,2021.0,2021,0.03569654996196429
bg_fungi,66.16135,25.001503,2021.0,2021,0.03569654996196429
bg_fungi,65.155882,25.299932,2021.0,2021,0.9654202461242676
bg_fungi,65.155882,25.299932,2021.0,2021,0.9654202461242676
bg_fungi,66.16135,25.001503,2021.0,2021,0.03569654996196429
bg_fungi,61.021389,25.646669,2021.0,2021,0.0006525748431158718
bg_fungi,66.1614,25.001319,2021.0,2021,0.03569654996196429
bg_fungi,66.16135,25.001503,2021.0,2021,0.03569654996196429
bg_fungi,61.020939,25.646607,2021.0,2021,0.0006161511410027742
bg_fungi,66.1614,25.001319,2021.0,2021,0.03569654996196429
bg_fungi,61.017923,25.648221,2021.0,2021,0.000455478625857116
bg_fungi,61.017923,25.648221,2021.0,2021,0.000455478625857116
bg_fungi,66.1614,25.001319,2021.0,2021,0.035696556170781456
bg_fungi,66.1614,25.001319,2021.0,2021,0.03569654996196429
bg_fungi,61.017654,25.647013,2021.0,2021,0.045790363724033036
bg_fungi,66.510972,25.770209,2021.0,2021,0.109090656042099
bg_fungi,60.270033,25.756575,2021.0,2021,0.0616461414222916
bg_fungi,66.73415,28.997697,2021.0,2021,0.42185986538728076
bg_fungi,61.180705,26.857442,2021.0,2021,0.23324792583783469
bg_fungi,65.154154,29.794257,2021.0,2021,0.20536083976427713
bg_fungi,62.218479,25.803045,2021.0,2021,0.20701679090658823
bg_fungi,66.226871,25.370853,2021.0,2021,0.7252609531084696
bg_fungi,66.22701,25.374958,2021.0,2021,0.019527270769079525
bg_fungi,66.227385,25.375221,2021.0,2021,0.0014111829223111272
bg_fungi,66.226831,25.371526,2021.0,2021,0.03752492802838484
bg_fungi,62.856778,27.555559,2021.0,2021,0.011228472270886414
bg_fungi,60.408955,22.272238,2021.0,2021,0.023423270632823307
bg_fungi,61.014228,24.459883,2021.0,2021,0.026811265386641026
bg_fungi,65.167821,25.229824,2021.0,2021,0.08686328493058681
bg_fungi,65.167821,25.229824,2021.0,2021,0.08686328493058681
bg_fungi,60.362884,22.128613,2021.0,2021,0.23738293598095575
bg_fungi,60.362884,22.128613,2021.0,2021,0.23738293598095575
bg_fungi,65.811111,24.519797,2021.0,2021,0.02662201877683401
bg_fungi,65.811111,24.519797,2021.0,2021,0.02662201877683401
bg_fungi,65.811111,24.519797,2021.0,2021,0.02662201877683401
bg_fungi,60.289833,24.598095,2021.0,2021,0.008648073009680957
bg_fungi,60.289833,24.598095,2021.0,2021,0.008648073009680957
bg_fungi,60.289833,24.598095,2021.0,2021,0.008648073009680957
bg_fungi,66.735017,29.000036,2021.0,2021,0.3955482318997383
bg_fungi,61.210405,25.731537,2021.0,2021,0.0016828757118976985
bg_fungi,61.210434,25.731497,2021.0,2021,0.0016828757118976985
bg_fungi,61.210486,25.731485,2021.0,2021,0.0016828757118976985
bg_fungi,61.210458,25.731518,2021.0,2021,0.0016828757118976985
bg_fungi,61.659761,23.472373,2021.0,2021,0.1566789299249649
bg_fungi,61.659761,23.472373,2021.0,2021,0.1566789299249649
bg_fungi,62.857128,27.557884,2021.0,2021,0.0012508737277130422
bg_fungi,66.225185,25.355885,2021.0,2021,0.1094784140586853
bg_fungi,66.225185,25.355885,2021.0,2021,0.1094784140586853
bg_fungi,60.375759,25.743853,2021.0,2021,0.007319331945230563
bg_fungi,66.225185,25.355885,2021.0,2021,0.1094784140586853
bg_fungi,66.225185,25.355885,2021.0,2021,0.1094784140586853
bg_fungi,66.225185,25.355885,2021.0,2021,0.1094784140586853
bg_fungi,60.23952,24.97317,2021.0,2021,0.14018608132998148
bg_fungi,60.23952,24.97317,2021.0,2021,0.14018608132998148
bg_fungi,60.23952,24.97317,2021.0,2021,0.14018608132998148
bg_fungi,60.446727,23.071393,2021.0,2021,0.362690269947052
bg_fungi,66.345448,25.170758,2021.0,2021,0.0887612762550513
bg_fungi,66.345974,25.169759,2021.0,2021,0.04272026941180229
bg_fungi,60.511331,23.674768,2021.0,2021,0.2441680133342743
bg_fungi,60.511331,23.674768,2021.0,2021,0.2441680133342743
bg_fungi,63.550261,27.258204,2021.0,2021,0.0008640886153443716
bg_fungi,63.551111,27.282778,2021.0,2021,0.0004454729266096062
bg_fungi,63.55,27.258889,2021.0,2021,0.0004967504398033876
bg_fungi,63.550278,27.258333,2021.0,2021,0.0007925635927676922
bg_fungi,61.473786,23.864142,2021.0,2021,0.4101649572451909
bg_fungi,63.551944,27.281944,2021.0,2021,0.0008522593125235289
bg_fungi,61.473786,23.864142,2021.0,2021,0.4101649572451909
bg_fungi,61.473786,23.864142,2021.0,2021,0.4101649572451909
bg_fungi,60.288608,24.604315,2021.0,2021,0.15796848138173422
bg_fungi,63.554444,27.277222,2021.0,2021,0.015219349724551042
bg_fungi,63.554472,27.277143,2021.0,2021,0.015219349724551042
bg_fungi,63.553889,27.279444,2021.0,2021,0.00030000835279982613
bg_fungi,63.55391,27.279441,2021.0,2021,0.00030000835279982613
bg_fungi,63.553835,27.279373,2021.0,2021,0.00030000835279982613
bg_fungi,62.842639,25.474915,2021.0,2021,0.017609497532248497
bg_fungi,63.553889,27.28,2021.0,2021,0.001475555807701312
bg_fungi,63.553889,27.279722,2021.0,2021,0.00048495356986677507
bg_fungi,60.473926,25.236343,2021.0,2021,0.11387385427951813
bg_fungi,60.341882,25.067251,2021.0,2021,0.2829103246331215
bg_fungi,60.344667,25.086256,2021.0,2021,0.050164894511302315
bg_fungi,66.212191,24.941851,2021.0,2021,0.31364771723747253
bg_fungi,61.669,23.422,2025.0,2023,0.13365685939788818
bg_fungi,66.304432,28.6035,2025.0,2023,0.7006231943766276
bg_fungi,66.18485,25.94531,2025.0,2023,0.9253513415654501
bg_fungi,61.063518,25.036891,2025.0,2023,0.12045638759930928
bg_fungi,60.744152,22.431356,2025.0,2023,0.006362458225339651
bg_fungi,65.721846,27.662829,2025.0,2023,0.05474905172983805
bg_fungi,60.010345,23.484559,2025.0,2023,0.5599538087844849
bg_fungi,60.449246,23.622493,2025.0,2023,0.5621959269046783
bg_fungi,60.290259,24.512756,2025.0,2023,0.01618627008671562
bg_fungi,61.434598,23.758408,2025.0,2023,0.13223315278689066
bg_fungi,65.715362,24.597988,2025.0,2023,0.13490733007589975
bg_fungi,61.054551,25.045998,2025.0,2023,0.017341641010716558
bg_fungi,60.970944,24.389347,2025.0,2023,0.04304476206501325
bg_fungi,66.898859,25.95745,2025.0,2023,0.4599855641523997
bg_fungi,65.696541,27.453751,2025.0,2023,0.006022870327190806
bg_fungi,61.063473,25.036944,2025.0,2023,0.18824179470539093
bg_fungi,65.727593,27.663072,2025.0,2023,0.05961325143774351
bg_fungi,61.108651,24.950316,2025.0,2023,0.0042385399574413896
bg_fungi,65.698648,27.454793,2025.0,2023,0.008520877648455402
bg_fungi,65.721752,27.663102,2025.0,2023,0.03624026679123441
bg_fungi,60.010411,23.484952,2025.0,2023,0.4746994177500407
bg_fungi,65.955329,28.999093,2025.0,2023,0.47579769293467206
bg_fungi,65.722344,27.664466,2025.0,2023,0.02848202766229709
bg_fungi,65.815175,24.514201,2025.0,2023,0.020100563609351713
bg_fungi,66.303131,28.607414,2025.0,2023,0.28946832815806073
bg_fungi,65.815437,24.516285,2025.0,2023,0.0700558175643285
bg_fungi,60.485212,22.231946,2025.0,2023,0.14476129412651062
bg_fungi,65.639998,28.604632,2025.0,2023,0.7421720822652181
bg_fungi,65.639955,28.605367,2025.0,2023,0.807420035203298
bg_fungi,66.1867,27.4441,2025.0,2023,0.3476184854904811
bg_fungi,60.212352,24.679372,2025.0,2023,0.037787615011135735
bg_fungi,65.698782,27.456135,2025.0,2023,0.01279450417496264
bg_fungi,65.815148,24.515594,2025.0,2023,0.05547726775209109
bg_fungi,60.294532,24.519628,2025.0,2023,0.7627500891685486
bg_fungi,62.072353,27.403275,2025.0,2023,0.00024334550713926242
bg_fungi,59.939677,23.497865,2025.0,2023,0.5906681219736735
bg_fungi,60.432,22.163,2025.0,2023,0.2953700174887975
bg_fungi,65.81637,24.512857,2025.0,2023,0.2833995719750722
bg_fungi,66.3395,27.7715,2025.0,2023,0.029625990738471348
bg_fungi,65.81607,24.51642,2025.0,2023,0.0298649026080966
bg_fungi,60.485131,22.231497,2025.0,2023,0.052664373690883316
bg_fungi,61.669,23.422,2025.0,2023,0.13365685939788818
bg_fungi,65.64015,28.600707,2025.0,2023,0.19080721338589987
bg_fungi,65.69638,27.452458,2025.0,2023,0.003583024527567128
bg_fungi,66.1893,27.436,2025.0,2023,0.4324800769488017
bg_fungi,59.940341,23.497313,2025.0,2023,0.07207958896954854
bg_fungi,60.040785,23.068126,2025.0,2023,0.20621312657992044
bg_fungi,60.482326,22.210628,2025.0,2023,0.019828126144905884
bg_fungi,65.724571,27.665778,2025.0,2023,0.030148344580084085
bg_fungi,65.821672,24.495681,2025.0,2023,0.18279512226581573
bg_fungi,61.669,23.422,2025.0,2023,0.13365685939788818
bg_fungi,66.307342,28.609362,2025.0,2023,0.28929076592127484
bg_fungi,66.1903,27.4548,2025.0,2023,0.36328112085660297
bg_fungi,62.072353,27.403275,2025.0,2023,0.00024334550713926242
bg_fungi,61.108212,24.962162,2025.0,2023,0.01543841976672411
bg_fungi,61.108983,24.951372,2025.0,2023,0.009727400494739413
bg_fungi,65.699077,27.456205,2025.0,2023,0.00912442298916479
bg_fungi,65.724953,27.662213,2025.0,2023,0.012823215685784817
bg_fungi,66.410097,25.210252,2025.0,2023,0.023401828793187935
bg_fungi,60.465454,23.660597,2025.0,2023,0.9615996281305949
bg_fungi,65.815252,24.51562,2025.0,2023,0.05547726775209109
bg_fungi,66.409298,25.213774,2025.0,2023,0.21588189403216043
bg_fungi,66.186,27.4503,2025.0,2023,0.2519073933362961
bg_fungi,62.072426,27.403123,2025.0,2023,0.00020679624928258514
bg_fungi,60.482364,22.21058,2025.0,2023,0.019828126144905884
bg_fungi,65.724729,27.665752,2025.0,2023,0.03511792793869972
bg_fungi,61.107651,24.962605,2025.0,2023,0.001961634809655758
bg_fungi,64.713597,24.546187,2025.0,2023,0.03680754080414772
bg_fungi,60.428588,22.314983,2025.0,2023,0.6971151431401571
bg_fungi,65.95585,28.99979,2025.0,2023,0.037765971229722105
bg_fungi,60.742077,22.437242,2025.0,2023,0.6336456735928854
bg_fungi,60.464073,23.656996,2025.0,2023,0.9820332924524943
bg_fungi,65.72202,27.663258,2025.0,2023,0.0732566136866808
bg_fungi,66.1867,27.4472,2025.0,2023,0.5504815777142843
bg_fungi,60.367916,25.70342,2025.0,2023,0.0018672852699334423
bg_fungi,61.063466,25.036701,2025.0,2023,0.12045638759930928
bg_fungi,65.728753,27.664307,2025.0,2023,0.007126670835229258
bg_fungi,60.428588,22.314983,2025.0,2023,0.6971151431401571
bg_fungi,65.955953,29.000316,2025.0,2023,0.5010592639446259
bg_fungi,61.063444,25.036853,2025.0,2023,0.12045638759930928
bg_fungi,60.743272,22.435768,2025.0,2023,0.07506515582402547
bg_fungi,61.108299,24.961998,2025.0,2023,0.020188768083850544
bg_fungi,61.06397,25.038856,2025.0,2023,0.15173430244127908
bg_fungi,65.70141,27.442135,2025.0,2023,0.40319837133089703
bg_fungi,65.95585,28.99979,2025.0,2023,0.037765971229722105
bg_fungi,65.729121,27.66415,2025.0,2023,0.02120721844645838
bg_fungi,61.470297,23.372986,2025.0,2023,0.014246778873105844
bg_fungi,62.072353,27.403275,2025.0,2023,0.00024334550713926242
bg_fungi,66.409423,25.213321,2025.0,2023,0.21768299490213394
bg_fungi,61.063496,25.036857,2025.0,2023,0.12045638759930928
bg_fungi,60.482364,22.21058,2025.0,2023,0.019828126144905884
bg_fungi,65.72479,27.665746,2025.0,2023,0.03662799143542846
bg_fungi,66.58315,25.67069,2025.0,2023,0.03866456262767315
bg_fungi,61.063415,25.036776,2025.0,2023,0.013550206281555196
bg_fungi,62.120582,25.844497,2025.0,2023,0.5957790414492289
bg_fungi,60.135096,24.43652,2025.0,2023,0.2440424064795176
bg_fungi,60.415066,22.449358,2025.0,2023,0.21323529879252115
bg_fungi,60.135096,24.43652,2025.0,2023,0.2440424064795176
bg_fungi,60.415066,22.449358,2025.0,2023,0.21323529879252115
bg_fungi,60.415074,22.449323,2025.0,2023,0.21323529879252115
bg_fungi,60.652655,27.223891,2025.0,2023,0.8633260925610861
bg_fungi,60.78408,24.07397,2025.0,2023,0.26450473566850025
bg_fungi,60.52137,27.51756,2025.0,2023,0.04709795117378235
bg_fungi,60.415066,22.449358,2025.0,2023,0.21323529879252115
bg_fungi,60.519478,22.353305,2025.0,2023,0.14971829454104105
bg_fungi,60.78432,24.07739,2025.0,2023,0.2539316763480504
bg_fungi,60.415304,22.449918,2025.0,2023,0.2425917088985443
bg_fungi,60.519295,22.353218,2025.0,2023,0.12912428627411524
bg_fungi,60.415066,22.449358,2025.0,2023,0.21323529879252115
bg_fungi,60.652655,27.223891,2025.0,2023,0.8633260925610861
bg_fungi,60.78454,24.06902,2025.0,2023,0.5735003352165222
bg_fungi,60.519335,22.353482,2025.0,2023,0.07286163171132405
bg_fungi,60.7838,24.07581,2025.0,2023,0.4875517388184865
bg_fungi,60.78429,24.07624,2025.0,2023,0.5662187735239664
bg_fungi,60.777415,24.751063,2025.0,2023,0.002595843495024989
bg_fungi,60.517888,22.360096,2025.0,2023,0.006695483403746039
bg_fungi,60.518559,22.355292,2025.0,2023,0.020571941665063303
bg_fungi,60.78481,24.07789,2025.0,2023,0.3794402827819188
bg_fungi,60.78756,24.07639,2025.0,2023,0.24287592868010202
bg_fungi,60.216408,22.264746,2025.0,2023,0.40067251523335773
bg_fungi,60.78377,24.06875,2025.0,2023,0.03098413224021594
bg_fungi,60.7849,24.077,2025.0,2023,0.39468933641910553
bg_fungi,60.78756,24.07639,2025.0,2023,0.24287592868010202
bg_fungi,60.216371,22.264733,2025.0,2023,0.40067251523335773
bg_fungi,60.519205,22.353715,2025.0,2023,0.12856828048825264
bg_fungi,60.519353,22.352323,2025.0,2023,0.1616778423388799
bg_fungi,60.519247,22.353714,2025.0,2023,0.12856828048825264
bg_fungi,60.415675,22.446592,2025.0,2023,0.23539320627848306
bg_fungi,60.78388,24.07586,2025.0,2023,0.5113153258959452
bg_fungi,60.78388,24.07586,2025.0,2023,0.5113153258959452
bg_fungi,61.448448,23.820256,2025.0,2023,0.006551886132607858
bg_fungi,60.333601,22.146172,2025.0,2023,0.30144136647383374
bg_fungi,60.132396,24.436685,2025.0,2023,0.4938795069853465
bg_fungi,60.334338,22.142417,2025.0,2023,0.24599166214466095
bg_fungi,60.334288,22.145293,2025.0,2023,0.18583311140537262
bg_fungi,60.788838,24.080599,2025.0,2023,0.6380921403566996
bg_fungi,60.13212,24.437261,2025.0,2023,0.19512850046157837
bg_fungi,60.7838,24.07581,2025.0,2023,0.4875517388184865
bg_fungi,60.519167,22.35432,2025.0,2023,0.03648861994345983
bg_fungi,60.519163,22.3525,2025.0,2023,0.21454321965575218
bg_fungi,60.207518,22.258634,2025.0,2023,0.1469706098238627
bg_fungi,60.78388,24.07586,2025.0,2023,0.5113153258959452
bg_fungi,60.78388,24.07586,2025.0,2023,0.5113153258959452
bg_fungi,60.414464,25.716742,2025.0,2023,0.07034245195488135
bg_fungi,60.518163,22.354611,2025.0,2023,0.03320187019805113
bg_fungi,60.842596,24.979013,2025.0,2023,0.03848157233248154
bg_fungi,60.19986,22.259424,2025.0,2023,0.511575867732366
bg_fungi,60.78554,24.07498,2025.0,2023,0.41922734181086224
bg_fungi,60.210406,22.260251,2025.0,2023,0.12355243290464084
bg_fungi,60.215796,22.263366,2025.0,2023,0.19334347546100616
bg_fungi,60.520995,22.350019,2025.0,2023,0.527531107266744
bg_fungi,60.78689,24.07692,2025.0,2023,0.08495635290940602
bg_fungi,60.78388,24.07586,2025.0,2023,0.5113153258959452
bg_fungi,60.523691,27.520663,2025.0,2023,0.08078805853923161
bg_fungi,60.519124,22.354042,2025.0,2023,0.05983702031274637
bg_fungi,60.215836,22.263069,2025.0,2023,0.10793750484784444
bg_fungi,60.78555,24.0758,2025.0,2023,0.16361956049998602
bg_fungi,60.21568,22.26414,2025.0,2023,0.46638739109039307
bg_fungi,60.132034,24.437479,2025.0,2023,0.3878878355026245
bg_fungi,60.519085,22.354382,2025.0,2023,0.03648861994345983
bg_fungi,60.78695,24.07668,2025.0,2023,0.1740206057826678
bg_fungi,60.214637,22.25584,2025.0,2023,0.15514949460824332
bg_fungi,59.851904,22.321345,2025.0,2023,0.879750390847524
bg_fungi,61.014653,25.68481,2025.0,2023,0.0010918380988490146
bg_fungi,60.7842,24.06621,2025.0,2023,0.3373035391171773
bg_fungi,60.212784,22.262533,2025.0,2023,0.5638345777988434
bg_fungi,61.938632,25.734533,2025.0,2023,0.08385791381200154
bg_fungi,61.938918,25.736274,2025.0,2023,0.11642919604976971
bg_fungi,60.78443,24.07639,2025.0,2023,0.4826904535293579
bg_fungi,60.02576,23.86023,2025.0,2023,0.040965654576818146
bg_fungi,60.7836,24.07384,2025.0,2023,0.564013828833898
bg_fungi,60.210406,22.260251,2025.0,2023,0.12355243290464084
bg_fungi,62.332072,25.7129,2025.0,2023,0.003081091718437771
bg_fungi,60.78624,24.07828,2025.0,2023,0.4218796044588089
bg_fungi,60.78426,24.07042,2025.0,2023,0.27166545391082764
bg_fungi,60.518515,22.355962,2025.0,2023,0.008035511670944592
bg_fungi,60.523963,27.520954,2025.0,2023,0.19236067434151968
bg_fungi,60.518414,22.355928,2025.0,2023,0.008035511670944592
bg_fungi,60.78432,24.07739,2025.0,2023,0.2539316763480504
bg_fungi,60.518515,22.355962,2025.0,2023,0.008035511670944592
bg_fungi,60.7842,24.06621,2025.0,2023,0.3373035391171773
bg_fungi,60.777559,24.750781,2025.0,2023,0.0025644598451132574
bg_fungi,60.406849,22.425233,2025.0,2023,0.19877787927786508
bg_fungi,60.78467,24.07711,2025.0,2023,0.5367966790994009
bg_fungi,60.78431,24.07196,2025.0,2023,0.1040837640563647
bg_fungi,60.024333,23.106629,2025.0,2023,0.06005979205171267
bg_fungi,60.78341,24.06723,2025.0,2023,0.8241312503814697
bg_fungi,60.78467,24.07711,2025.0,2023,0.5367966790994009
bg_fungi,59.851192,22.321198,2025.0,2023,0.343737264474233
bg_fungi,61.450431,23.826176,2025.0,2023,0.14951197306315103
bg_fungi,60.78406,24.07517,2025.0,2023,0.5147628088792165
bg_fungi,60.406587,22.424518,2025.0,2023,0.005459313940567275
bg_fungi,60.7846,24.07145,2025.0,2023,0.10988661895195644
bg_fungi,60.131914,24.437119,2025.0,2023,0.36346883575121564
bg_fungi,64.064337,25.606733,2025.0,2023,0.15622909863789877
bg_fungi,60.518429,22.35745,2025.0,2023,0.04217590795209011
bg_fungi,60.519513,22.353085,2025.0,2023,0.14971829454104105
bg_fungi,60.78548,24.07897,2025.0,2023,0.4036233325799306
bg_fungi,60.407865,22.423522,2025.0,2023,0.3826206823190053
bg_fungi,60.209945,22.260328,2025.0,2023,0.4100807011127472
bg_fungi,62.216835,25.495883,2025.0,2023,0.07774640495578448
bg_fungi,62.259944,25.701545,2025.0,2023,0.3205731113751729
bg_fungi,60.518429,22.35745,2025.0,2023,0.04217590795209011
bg_fungi,60.209124,22.258983,2025.0,2023,0.04999781710406145
bg_fungi,60.78459,24.07672,2025.0,2023,0.4680863817532857
bg_fungi,60.78554,24.07941,2025.0,2023,0.28947291274865466
bg_fungi,60.520036,22.353125,2025.0,2023,0.46488305926322937
bg_fungi,60.219567,23.759875,2025.0,2023,0.005969332569899659
bg_fungi,60.78548,24.07897,2025.0,2023,0.4036233325799306
bg_fungi,60.78459,24.07672,2025.0,2023,0.4680863817532857
bg_fungi,60.40686,22.425522,2025.0,2023,0.4093729356924693
bg_fungi,60.026133,23.862691,2025.0,2023,0.15941113233566284
bg_fungi,60.78589,24.07763,2025.0,2023,0.37171680728594464
bg_fungi,61.494827,23.587518,2025.0,2023,0.20116831610600153
bg_fungi,60.026133,23.862691,2025.0,2023,0.15941113233566284
bg_fungi,60.518799,22.35934,2025.0,2023,0.24585221211115518
bg_fungi,60.51827,22.358856,2025.0,2023,0.04758920520544052
bg_fungi,60.518782,22.359547,2025.0,2023,0.24585221211115518
bg_fungi,60.518933,22.358965,2025.0,2023,0.19255049029986063
bg_fungi,60.213364,23.768239,2025.0,2023,0.14674147218465805
bg_fungi,60.13212,24.437261,2025.0,2023,0.19512850046157837
bg_fungi,60.213364,23.768239,2025.0,2023,0.14674147218465805
bg_fungi,62.216835,25.495883,2025.0,2023,0.07774640495578448
bg_fungi,62.216835,25.495883,2025.0,2023,0.07774640495578448
bg_fungi,60.78455,24.07403,2025.0,2023,0.2659563471873601
bg_fungi,60.78454,24.06902,2025.0,2023,0.5735003352165222
bg_fungi,60.024706,23.856704,2025.0,2023,0.05874953791499138
bg_fungi,60.78558,24.07788,2025.0,2023,0.0754631112019221
bg_fungi,60.517888,22.360096,2025.0,2023,0.006695483403746039
bg_fungi,60.518333,22.359551,2025.0,2023,0.041549822936455406
bg_fungi,61.218272,25.02039,2025.0,2023,0.0017343129929940915
bg_fungi,61.218417,25.024758,2025.0,2023,0.0006402155974001289
bg_fungi,65.566,28.18901,2025.0,2023,0.4397769272327423
bg_fungi,61.219283,25.023158,2025.0,2023,0.004717016980672876
bg_fungi,63.873358,29.131925,2025.0,2023,0.11808465669552486
bg_fungi,61.21972,25.02976,2025.0,2023,0.00397764629451558
bg_fungi,61.218875,25.024766,2025.0,2023,0.0005052598154880646
bg_fungi,61.565626,23.945389,2025.0,2023,0.0031392371747642756
bg_fungi,61.565459,23.944405,2025.0,2023,0.0009381355290922025
bg_fungi,62.863415,30.400891,2025.0,2023,0.009064961845676104
bg_fungi,60.428,22.202,2025.0,2023,0.6498648126920065
bg_fungi,65.014571,25.677027,2025.0,2023,0.002124102582456544
bg_fungi,61.21972,25.02976,2025.0,2023,0.00397764629451558
bg_fungi,61.219406,25.029761,2025.0,2023,0.004874738709380229
bg_fungi,61.220034,25.025401,2025.0,2023,0.010404719583069285
bg_fungi,61.218875,25.024766,2025.0,2023,0.0005052598154880646
bg_fungi,61.219032,25.024458,2025.0,2023,0.0007902232909107928
bg_fungi,61.219032,25.024458,2025.0,2023,0.0007902232909107928
bg_fungi,61.220034,25.025401,2025.0,2023,0.010404719583069285
bg_fungi,61.220034,25.025401,2025.0,2023,0.010404719583069285
bg_fungi,61.218875,25.024766,2025.0,2023,0.0005052598154880646
bg_fungi,61.219283,25.023158,2025.0,2023,0.004717016980672876
bg_fungi,61.220034,25.025401,2025.0,2023,0.010404719583069285
bg_fungi,61.218272,25.02039,2025.0,2023,0.0017343129929940915
bg_fungi,61.218417,25.024758,2025.0,2023,0.0006402155974001289
bg_fungi,61.218417,25.024758,2025.0,2023,0.0006402155974001289
bg_fungi,61.218417,25.024758,2025.0,2023,0.0006402155974001289
bg_fungi,61.218417,25.024758,2025.0,2023,0.0006402155974001289
bg_fungi,60.318126,22.305642,2025.0,2023,0.6101264456907908
bg_fungi,60.17557,24.986754,2025.0,2023,0.5067531565825144
bg_fungi,60.27477,24.89975,2025.0,2023,0.11388209958871205
bg_fungi,60.149676,21.631133,2025.0,2023,0.598177452882131
bg_fungi,65.020077,24.639488,2025.0,2023,0.983864963054657
bg_fungi,67.00753,27.242791,2025.0,2023,0.6711315910021464
bg_fungi,60.215233,24.700242,2025.0,2023,0.08199275781710942
bg_fungi,64.00886,24.39742,2022.0,2021,0.07947429269552231
bg_fungi,60.418767,22.114892,2022.0,2021,0.507314920425415
bg_fungi,64.055157,24.308312,2022.0,2021,0.044575691844026245
bg_fungi,63.584684,23.394053,2022.0,2021,0.040808334946632385
bg_fungi,63.425327,22.433189,2022.0,2021,0.02401835968097051
bg_fungi,60.804256,24.846322,2022.0,2021,0.017885970262189705
bg_fungi,60.801678,24.851482,2022.0,2021,0.2580631325642268
bg_fungi,61.295224,24.936601,2022.0,2021,0.043110136253138386
bg_fungi,63.922053,24.427952,2022.0,2021,0.09342956046263377
bg_fungi,63.685272,23.036084,2022.0,2021,0.06938044105966885
bg_fungi,60.586616,22.374924,2022.0,2021,0.04863524343818426
bg_fungi,62.034799,22.919116,2022.0,2021,0.39421796798706055
bg_fungi,63.377715,23.050947,2022.0,2021,0.09796799967686336
bg_fungi,63.345501,22.480972,2022.0,2021,0.4531467656294505
bg_fungi,60.393528,22.461287,2022.0,2021,0.1470485950509707
bg_fungi,60.368619,26.583209,2022.0,2021,0.21849107245604196
bg_fungi,63.6632,23.026281,2022.0,2021,0.46547187368075055
bg_fungi,60.288766,24.745823,2022.0,2021,0.11554517348607381
bg_fungi,63.663289,23.026576,2022.0,2021,0.5305589238802592
bg_fungi,63.685725,23.044078,2022.0,2021,0.0038937874293575683
bg_fungi,61.965242,23.01865,2022.0,2021,0.1778665209809939
bg_fungi,63.685279,23.036089,2022.0,2021,0.06938044105966885
bg_fungi,60.392333,21.897363,2022.0,2021,0.7789094646771749
bg_fungi,64.033127,24.36834,2022.0,2021,0.057963419084747635
bg_fungi,64.02861,24.365479,2022.0,2021,0.08218744645516078
bg_fungi,63.436885,22.361815,2022.0,2021,0.3486372133096059
bg_fungi,63.118797,21.64028,2022.0,2021,0.07843098789453506
bg_fungi,64.936129,25.371822,2022.0,2021,0.291805033882459
bg_fungi,60.723218,24.697722,2022.0,2021,0.5323615471522013
bg_fungi,63.119206,21.640553,2022.0,2021,0.026675263419747353
bg_fungi,62.609528,29.721267,2022.0,2021,0.30831008156140643
bg_fungi,63.437285,22.362204,2022.0,2021,0.3658979634443919
bg_fungi,63.922103,24.427861,2022.0,2021,0.09342956046263377
bg_fungi,61.298811,24.925685,2022.0,2021,0.05581315793097019
bg_fungi,64.056665,24.303803,2022.0,2021,0.04256665147840977
bg_fungi,63.647832,22.946845,2022.0,2021,0.0068427519872784615
bg_fungi,62.891576,25.130057,2022.0,2021,0.07442301884293556
bg_fungi,63.921976,24.428472,2022.0,2021,0.0365068611378471
bg_fungi,60.449298,22.356476,2022.0,2021,0.06163383461534977
bg_fungi,60.244675,25.215228,2022.0,2021,0.07957678039868672
bg_fungi,60.393525,22.461255,2022.0,2021,0.1470485950509707
bg_fungi,64.312386,25.199102,2022.0,2021,0.08490573242306709
bg_fungi,64.033045,24.188123,2022.0,2021,0.03084808642355104
bg_fungi,63.709876,23.503604,2022.0,2021,0.5021441678206126
bg_fungi,63.647527,22.94629,2022.0,2021,0.04168046017487844
bg_fungi,64.804158,24.956985,2022.0,2021,0.817880908648173
bg_fungi,63.436534,22.361256,2022.0,2021,0.5561000605424246
bg_fungi,60.425122,25.078153,2022.0,2021,0.470783273379008
bg_fungi,60.30448,25.008169,2022.0,2021,0.09301290661096573
bg_fungi,60.44925,22.355656,2022.0,2021,0.6260194182395935
bg_fungi,64.308426,25.197741,2022.0,2021,0.07277628903587659
bg_fungi,63.312755,22.250803,2022.0,2021,0.010585021848479906
bg_fungi,60.585823,22.376539,2022.0,2021,0.12257115015139182
bg_fungi,63.714943,23.504466,2022.0,2021,0.3464571138223012
bg_fungi,61.575866,23.891018,2022.0,2021,0.25905904670556384
bg_fungi,64.048954,24.246715,2022.0,2021,0.1747682529191176
bg_fungi,63.683493,23.0485,2022.0,2021,0.5891154607137045
bg_fungi,60.449277,22.355976,2022.0,2021,0.11515544851620992
bg_fungi,63.685975,23.039346,2022.0,2021,0.022024468208352726
bg_fungi,64.205932,27.751498,2022.0,2021,0.05644279376914104
bg_fungi,60.264837,24.920088,2022.0,2021,0.0011717602687895123
bg_fungi,60.586738,22.37489,2022.0,2021,0.03988612381120523
bg_fungi,63.686384,23.041877,2022.0,2021,0.011930488981306553
bg_fungi,64.055199,24.287032,2022.0,2021,0.10746436069409053
bg_fungi,64.026611,24.360301,2022.0,2021,0.28192753593126935
bg_fungi,61.349869,25.547445,2022.0,2021,0.5146886706352234
bg_fungi,63.653876,22.939187,2022.0,2021,0.01818575554837783
bg_fungi,60.5864,22.376702,2022.0,2021,0.012199235265143216
bg_fungi,63.539964,23.19022,2022.0,2021,0.7823718984921774
bg_fungi,63.79207,23.03661,2022.0,2021,0.6741215189297994
bg_fungi,63.714958,23.504461,2022.0,2021,0.3464571138223012
bg_fungi,61.383838,24.512213,2022.0,2021,0.021056730300188065
bg_fungi,63.683833,23.047324,2022.0,2021,0.45714321732521057
bg_fungi,61.241503,25.088158,2022.0,2021,0.006048146092022459
bg_fungi,63.653886,22.939161,2022.0,2021,0.00020473441312181725
bg_fungi,60.945488,27.066099,2022.0,2021,0.41642988721529645
bg_fungi,63.373838,23.089221,2022.0,2021,0.7548771301905314
bg_fungi,60.108116,25.407021,2022.0,2021,0.8860323627789816
bg_fungi,60.449315,22.356205,2022.0,2021,0.8074184457461039
bg_fungi,61.385063,24.512278,2022.0,2021,0.15699674685796103
bg_fungi,60.762403,24.774897,2022.0,2021,0.007531491418679555
bg_fungi,63.922024,24.428188,2022.0,2021,0.05922760566075643
bg_fungi,60.373752,26.58516,2022.0,2021,0.08649558325608571
bg_fungi,64.032289,24.369926,2022.0,2021,0.2138091909388701
bg_fungi,63.713298,23.50189,2022.0,2021,0.355985164642334
bg_fungi,63.921991,24.42815,2022.0,2021,0.05922760566075643
bg_fungi,60.72288,24.695684,2022.0,2021,0.5018026530742645
bg_fungi,61.385925,24.510475,2022.0,2021,0.05594118684530258
bg_fungi,64.037738,24.239374,2022.0,2021,0.844880481561025
bg_fungi,63.655561,22.943223,2022.0,2021,0.0019647795998025686
bg_fungi,64.024101,24.368618,2022.0,2021,0.018431613842646282
bg_fungi,64.00886,24.397376,2022.0,2021,0.05653670181830724
bg_fungi,61.464642,23.535605,2022.0,2021,0.041531303276618324
bg_fungi,61.385963,24.509713,2022.0,2021,0.01968065369874239
bg_fungi,60.239486,24.34569,2022.0,2021,0.14794412503639856
bg_fungi,63.714907,23.502264,2022.0,2021,0.23839656511942545
bg_fungi,63.118867,21.640367,2022.0,2021,0.1231316551566124
bg_fungi,68.786098,27.63447,2022.0,2021,0.7616243958473206
bg_fungi,63.683656,23.046218,2022.0,2021,0.15811199943224588
bg_fungi,63.118836,21.640305,2022.0,2021,0.07843098789453506
bg_fungi,63.686394,23.041869,2022.0,2021,0.011930488981306553
bg_fungi,61.384967,24.512475,2022.0,2021,0.04707470412055651
bg_fungi,60.466166,22.119388,2022.0,2021,0.4257536828517914
bg_fungi,62.034873,22.919341,2022.0,2021,0.22487043837706247
bg_fungi,60.743913,24.774615,2022.0,2021,0.38865314920743305
bg_fungi,63.539956,23.190217,2022.0,2021,0.7823718984921774
bg_fungi,60.800922,24.853001,2022.0,2021,0.39118902881940204
bg_fungi,63.370733,23.091296,2022.0,2021,0.9073677062988281
bg_fungi,60.724888,24.685772,2022.0,2021,0.037136875092983246
bg_fungi,63.714762,23.50209,2022.0,2021,0.1529382864634196
bg_fungi,62.856951,22.991433,2022.0,2021,0.7598018050193787
bg_fungi,62.876303,22.919014,2022.0,2021,0.00033791320341454895
bg_fungi,65.045097,25.467742,2022.0,2021,0.8931406537691752
bg_fungi,68.892421,26.930952,2022.0,2021,0.39997472365697223
bg_fungi,62.629917,22.192492,2022.0,2021,0.6567034125328064
bg_fungi,62.981771,21.62861,2022.0,2021,0.005099212401546538
bg_fungi,62.609851,25.101042,2022.0,2021,0.08878011256456375
bg_fungi,62.38102,22.802726,2022.0,2021,0.8036402662595113
bg_fungi,62.863678,22.085038,2022.0,2021,0.26246606806914013
bg_fungi,62.959224,22.953877,2022.0,2021,0.4611251453558604
bg_fungi,60.695833,23.891944,2022.0,2021,0.1284598372876644
bg_fungi,60.182538,24.887992,2022.0,2021,0.164640374481678
bg_fungi,64.274915,27.899415,2022.0,2021,0.011662530441147586
bg_fungi,62.86685,22.972497,2022.0,2021,0.6923334201176962
bg_fungi,63.127521,22.424937,2022.0,2021,0.2143895278374354
bg_fungi,62.873587,22.918362,2022.0,2021,0.4096650779247284
bg_fungi,62.705214,22.847838,2022.0,2021,0.13454415400822958
bg_fungi,60.08486,23.667461,2022.0,2021,0.3128395626942317
bg_fungi,63.99139,23.441677,2022.0,2021,0.8203718662261963
bg_fungi,60.196361,24.918574,2022.0,2021,0.1702053373058637
bg_fungi,60.749416,24.767147,2022.0,2021,0.19681955873966217
bg_fungi,63.018895,23.380353,2022.0,2021,0.5135918060938517
bg_fungi,60.20429,25.112232,2022.0,2021,0.014082216036816439
bg_fungi,60.700283,23.92644,2022.0,2021,0.46273043751716614
bg_fungi,60.291625,24.500714,2022.0,2021,0.10743071387211482
bg_fungi,60.269507,24.935593,2022.0,2021,0.022332915492976706
bg_fungi,62.396739,22.787008,2022.0,2021,0.006511422204008947
bg_fungi,60.684121,23.843041,2022.0,2021,0.054661878695090614
bg_fungi,60.186062,25.146037,2022.0,2021,0.8200764656066895
bg_fungi,62.63151,22.194758,2022.0,2021,0.5645036896069845
bg_fungi,60.195315,24.921097,2022.0,2021,0.11641145125031471
bg_fungi,60.70061,23.926587,2022.0,2021,0.730220357577006
bg_fungi,62.41408,21.281415,2022.0,2021,0.9207579096158346
bg_fungi,62.858551,22.991656,2022.0,2021,0.08330727741122246
bg_fungi,67.073722,28.861087,2022.0,2021,0.9590600530306498
bg_fungi,59.969398,23.719306,2022.0,2021,0.07564449558655421
bg_fungi,60.700975,23.928473,2022.0,2021,0.2223860373099645
bg_fungi,62.869947,23.019107,2022.0,2021,0.6632533073425293
bg_fungi,62.761285,23.17898,2022.0,2021,0.6353325645128886
bg_fungi,62.874668,22.917549,2022.0,2021,0.008039447789390882
bg_fungi,67.518539,29.696593,2022.0,2021,0.6254796187082926
bg_fungi,62.863578,23.0169,2022.0,2021,0.6407224535942078
bg_fungi,62.982343,21.629665,2022.0,2021,0.07677050679922104
bg_fungi,62.705219,22.847915,2022.0,2021,0.13454415400822958
bg_fungi,62.875144,22.917919,2022.0,2021,0.011724248606090745
bg_fungi,62.631346,22.193012,2022.0,2021,0.8472966353098551
bg_fungi,60.654297,23.894737,2022.0,2021,0.5232013066609701
bg_fungi,63.014507,23.368512,2022.0,2021,0.42020607988039654
bg_fungi,62.796531,25.680139,2022.0,2021,0.0257077453037103
bg_fungi,62.864994,23.014989,2022.0,2021,0.691526730855306
bg_fungi,63.018331,23.380852,2022.0,2021,0.596713105837504
bg_fungi,63.273014,22.368437,2022.0,2021,0.1445380449295044
bg_fungi,60.294464,24.56207,2022.0,2021,0.010778997714320818
bg_fungi,62.705224,22.847869,2022.0,2021,0.13454415400822958
bg_fungi,63.356312,21.284294,2022.0,2021,0.011570389072100321
bg_fungi,63.015429,23.369767,2022.0,2021,0.22509953876336417
bg_fungi,60.294619,24.567211,2022.0,2021,0.3934275607268016
bg_fungi,60.68643,23.887005,2022.0,2021,0.007291333517059684
bg_fungi,60.339188,24.667312,2022.0,2021,0.10555281986792882
bg_fungi,62.716844,23.169516,2022.0,2021,0.9225314259529114
bg_fungi,60.034124,23.775141,2022.0,2021,0.3610912362734477
bg_fungi,62.877808,22.918941,2022.0,2021,0.012810604258750876
bg_fungi,62.716905,23.169533,2022.0,2021,0.9225314259529114
bg_fungi,62.892165,25.129515,2022.0,2021,0.07902564977606137
bg_fungi,62.847897,22.969078,2022.0,2021,0.27942001322905224
bg_fungi,62.892349,25.130682,2022.0,2021,0.0030053510175397
bg_fungi,62.867642,23.0175,2022.0,2021,0.7813704411188761
bg_fungi,62.892594,25.130179,2022.0,2021,0.08158947775761287
bg_fungi,62.716825,23.169706,2022.0,2021,0.8545512755711874
bg_fungi,61.927728,25.985528,2022.0,2021,0.711580753326416
bg_fungi,68.892616,26.932019,2022.0,2021,0.5144798159599304
bg_fungi,60.181125,25.07707,2022.0,2021,0.022683231780926388
bg_fungi,62.711221,22.883863,2022.0,2021,0.004620976164005697
bg_fungi,63.127704,22.423447,2022.0,2021,0.5452943841616312
bg_fungi,60.016508,23.792781,2022.0,2021,0.35423633456230164
bg_fungi,62.864756,22.085579,2022.0,2021,0.9083429574966431
bg_fungi,62.855642,22.99348,2022.0,2021,0.7127408186594645
bg_fungi,62.716886,23.169497,2022.0,2021,0.9225314259529114
bg_fungi,63.011804,23.377416,2022.0,2021,0.21335700651009878
bg_fungi,60.186694,25.14975,2022.0,2021,0.37214001019795734
bg_fungi,63.014132,23.399308,2022.0,2021,0.16932033002376556
bg_fungi,67.518518,29.696527,2022.0,2021,0.6254796187082926
bg_fungi,62.959224,22.953872,2022.0,2021,0.4611251453558604
bg_fungi,60.470322,22.33295,2022.0,2021,0.27567053337891895
bg_fungi,60.268975,24.929874,2022.0,2021,0.04882065827647845
bg_fungi,60.228392,25.10823,2022.0,2021,0.2186263675491015
bg_fungi,62.889526,21.275237,2022.0,2021,0.0749421256283919
bg_fungi,60.695642,23.891567,2022.0,2021,0.024134268363316853
bg_fungi,61.199597,25.063989,2022.0,2021,0.000934507046622457
bg_fungi,60.463275,22.221181,2022.0,2021,0.09665428598721822
bg_fungi,62.397252,22.784246,2022.0,2021,0.6153146227200826
bg_fungi,60.250398,24.840046,2022.0,2021,0.04194734369715055
bg_fungi,60.016248,23.793277,2022.0,2021,0.09862693150838216
bg_fungi,68.899475,26.987987,2022.0,2021,0.6140561898549398
bg_fungi,60.338867,23.763892,2022.0,2021,0.12046293665965398
bg_fungi,61.683486,27.070291,2022.0,2021,0.002243399115589758
bg_fungi,60.270131,24.933001,2022.0,2021,0.0027078282825338342
bg_fungi,60.798842,24.470069,2022.0,2021,0.024842046055709943
bg_fungi,62.877223,22.919295,2022.0,2021,0.0010486558130651247
bg_fungi,60.332132,24.661708,2022.0,2021,0.029278536637624104
bg_fungi,62.888555,21.275135,2022.0,2021,0.04471753165125847
bg_fungi,60.683142,23.838007,2022.0,2021,0.014042667113244534
bg_fungi,62.655358,23.927095,2022.0,2021,0.51055176059405
bg_fungi,62.448542,30.478933,2022.0,2021,0.040028324661155544
bg_fungi,61.625702,24.520714,2022.0,2021,0.0864076999326547
bg_fungi,62.706159,22.846839,2022.0,2021,0.0723732349773248
bg_fungi,62.847751,22.969632,2022.0,2021,0.1396869570016861
bg_fungi,62.959366,22.954566,2022.0,2021,0.5415579477945963
bg_fungi,63.019907,23.405621,2022.0,2021,0.2838326891263326
bg_fungi,62.855612,22.993544,2022.0,2021,0.7127408186594645
bg_fungi,62.864858,22.084272,2022.0,2021,0.6529969573020935
bg_fungi,60.480647,22.31212,2022.0,2021,0.393960436185201
bg_fungi,59.969385,23.719379,2022.0,2021,0.07564449558655421
bg_fungi,60.737226,27.990683,2022.0,2021,0.30854590237140656
bg_fungi,63.991056,23.441541,2022.0,2021,0.9668534994125366
bg_fungi,62.705229,22.847894,2022.0,2021,0.13454415400822958
bg_fungi,62.417782,21.282312,2022.0,2021,0.19356503089269003
bg_fungi,60.143657,24.985501,2022.0,2021,0.6092964708805084
bg_fungi,62.631264,22.192925,2022.0,2021,0.8198550740877787
bg_fungi,62.982452,21.628705,2022.0,2021,0.03686640039086342
bg_fungi,63.793307,27.329809,2022.0,2021,0.00770119612570852
bg_fungi,67.506692,29.688927,2022.0,2021,0.5614647467931112
bg_fungi,60.18729,25.149539,2022.0,2021,0.34252049028873444
bg_fungi,63.018632,23.380501,2022.0,2021,0.6167208552360535
bg_fungi,60.332172,24.665646,2022.0,2021,0.5790444811185201
bg_fungi,62.632478,22.197026,2022.0,2021,0.43082109093666077
bg_fungi,60.248282,23.821562,2021.0,2021,0.002628978322415302
bg_fungi,60.247809,23.822078,2021.0,2021,0.06134320919712385
bg_fungi,60.247322,23.819015,2021.0,2021,0.013521086114148298
bg_fungi,60.247113,23.81815,2021.0,2021,0.0886353999376297
bg_fungi,60.246629,23.815576,2021.0,2021,0.015262382725874582
bg_fungi,60.245905,23.813893,2021.0,2021,0.024770909920334816
bg_fungi,60.245314,23.815071,2021.0,2021,0.01154282782226801
bg_fungi,60.244618,23.811542,2021.0,2021,0.00362392949561278
bg_fungi,60.244602,23.811255,2021.0,2021,0.04228652579089006
bg_fungi,60.244554,23.811115,2021.0,2021,0.04228652579089006
bg_fungi,60.244854,23.810923,2021.0,2021,0.014261714182794094
bg_fungi,60.244957,23.810714,2021.0,2021,0.014261714182794094
bg_fungi,60.244701,23.81054,2021.0,2021,0.03384926666816076
bg_fungi,60.244767,23.808762,2021.0,2021,0.16137561202049255
bg_fungi,60.244872,23.807179,2021.0,2021,0.03554078688224157
bg_fungi,60.244738,23.806469,2021.0,2021,0.04164051450788975
bg_fungi,60.24478,23.805977,2021.0,2021,0.027851788327097893
bg_fungi,60.244792,23.805705,2021.0,2021,0.08165093511343002
bg_fungi,60.244993,23.808107,2021.0,2021,0.12772423277298608
bg_fungi,60.244915,23.809688,2021.0,2021,0.12214447557926178
bg_fungi,60.244805,23.811108,2021.0,2021,0.019831685349345207
bg_fungi,60.244836,23.811648,2021.0,2021,0.009221054147928953
bg_fungi,60.244732,23.811802,2021.0,2021,0.009221054147928953
bg_fungi,60.244634,23.81183,2021.0,2021,0.009509428093830744
bg_fungi,60.244334,23.809853,2021.0,2021,0.09903668239712715
bg_fungi,60.24352,23.809986,2021.0,2021,0.08384271090229352
bg_fungi,60.253007,23.857319,2021.0,2021,0.04818579057852427
bg_fungi,60.252847,23.857389,2021.0,2021,0.04353841890891393
bg_fungi,60.25271,23.857312,2021.0,2021,0.03497065541644891
bg_fungi,60.252708,23.857601,2021.0,2021,0.02356041595339775
bg_fungi,60.252471,23.857479,2021.0,2021,0.04574550533046325
bg_fungi,60.252512,23.857276,2021.0,2021,0.05294768760601679
bg_fungi,60.252527,23.857184,2021.0,2021,0.05294768760601679
bg_fungi,60.252458,23.857282,2021.0,2021,0.05294768760601679
bg_fungi,60.252363,23.857453,2021.0,2021,0.10249511400858562
bg_fungi,60.252323,23.857656,2021.0,2021,0.10249511400858562
bg_fungi,60.25206,23.856054,2021.0,2021,0.07371216267347336
bg_fungi,60.253138,23.856782,2021.0,2021,0.023757753272851307
bg_fungi,60.244275,22.218398,2021.0,2021,0.30865604678789776
bg_fungi,60.246175,22.22145,2021.0,2021,0.1446776669472456
bg_fungi,60.246153,22.223335,2021.0,2021,0.591870387395223
bg_fungi,60.243603,22.21998,2021.0,2021,0.5742203791936239
bg_fungi,60.243956,22.221521,2021.0,2021,0.37146421273549396
bg_fungi,60.625039,21.31816,2021.0,2021,0.620819608370463
bg_fungi,61.216122,25.030582,2021.0,2021,0.005340048703753079
bg_fungi,60.625143,21.320193,2021.0,2021,0.07498254626989365
bg_fungi,61.188889,26.851333,2021.0,2021,0.5117823282877604
bg_fungi,61.188531,26.852413,2021.0,2021,0.5362738966941833
bg_fungi,61.153779,26.89109,2021.0,2021,0.09112598250309627
bg_fungi,61.159172,26.899842,2021.0,2021,0.22740701337655386
bg_fungi,60.685398,24.290408,2021.0,2021,0.8984514276186625
bg_fungi,60.617911,25.830581,2021.0,2021,0.028935796891649563
bg_fungi,60.542317,26.546626,2021.0,2021,0.0667189893623193
bg_fungi,61.152928,26.882509,2021.0,2021,0.06916358694434166
bg_fungi,61.153554,26.890608,2021.0,2021,0.08122711380322774
bg_fungi,60.690651,24.286282,2021.0,2021,0.4612369438012441
bg_fungi,60.687407,24.265927,2021.0,2021,0.05985246653047701
bg_fungi,60.691746,24.287564,2021.0,2021,0.633325199286143
bg_fungi,60.691746,24.287564,2021.0,2021,0.633325199286143
bg_fungi,60.690908,24.287451,2021.0,2021,0.7241889238357544
bg_fungi,60.690908,24.287451,2021.0,2021,0.7241889238357544
bg_fungi,60.690908,24.287451,2021.0,2021,0.7241889238357544
bg_fungi,60.687352,24.264558,2021.0,2021,0.0997688469166557
bg_fungi,60.73411,24.04444,2021.0,2021,0.750236988067627
bg_fungi,60.73411,24.04444,2021.0,2021,0.750236988067627
bg_fungi,60.738867,24.073713,2021.0,2021,0.7668940623601278
bg_fungi,60.738403,24.045164,2021.0,2021,0.8386363784472147
bg_fungi,60.351281,25.222497,2021.0,2021,0.004773998244976004
bg_fungi,60.351059,25.221367,2021.0,2021,0.007382308288166921
bg_fungi,60.349913,25.218294,2021.0,2021,0.008393805163602034
bg_fungi,60.349913,25.218294,2021.0,2021,0.008393805163602034
bg_fungi,60.349913,25.218294,2021.0,2021,0.008393805163602034
bg_fungi,60.349913,25.218294,2021.0,2021,0.008393805163602034
bg_fungi,60.349913,25.218294,2021.0,2021,0.008393805163602034
bg_fungi,60.349913,25.218294,2021.0,2021,0.008393805163602034
bg_fungi,60.349986,25.219649,2021.0,2021,0.0020487551034117737
bg_fungi,60.349986,25.219649,2021.0,2021,0.0020487551034117737
bg_fungi,60.349986,25.219649,2021.0,2021,0.0020487551034117737
bg_fungi,60.349986,25.219649,2021.0,2021,0.0020487551034117737
bg_fungi,60.349986,25.219649,2021.0,2021,0.0020487551034117737
bg_fungi,60.349986,25.219649,2021.0,2021,0.0020487551034117737
bg_fungi,60.349986,25.219649,2021.0,2021,0.0020487551034117737
bg_fungi,60.349986,25.219649,2021.0,2021,0.0020487551034117737
bg_fungi,60.356172,25.183672,2021.0,2021,0.03598223657657703
bg_fungi,60.356172,25.183672,2021.0,2021,0.03598223657657703
bg_fungi,60.356172,25.183672,2021.0,2021,0.03598223657657703
bg_fungi,60.356172,25.183672,2021.0,2021,0.03598223657657703
bg_fungi,62.437969,28.828363,2021.0,2021,0.013404014791982869
bg_fungi,62.437969,28.828363,2021.0,2021,0.013404014791982869
bg_fungi,62.437969,28.828363,2021.0,2021,0.013404014791982869
bg_fungi,62.437969,28.828363,2021.0,2021,0.013404014791982869
bg_fungi,62.404037,28.829138,2021.0,2021,0.04037749860435724
bg_fungi,62.404037,28.829138,2021.0,2021,0.04037749860435724
bg_fungi,61.600827,27.912061,2021.0,2021,0.04096465650945902
bg_fungi,61.600827,27.912061,2021.0,2021,0.04096465650945902
bg_fungi,61.600827,27.912061,2021.0,2021,0.04096465650945902
bg_fungi,61.600827,27.912061,2021.0,2021,0.04096465650945902
bg_fungi,61.605245,27.946197,2021.0,2021,0.15453007072210312
bg_fungi,61.605245,27.946197,2021.0,2021,0.15453007072210312
bg_fungi,61.605245,27.946197,2021.0,2021,0.15453007072210312
bg_fungi,61.588024,27.906692,2021.0,2021,0.13417506217956543
bg_fungi,61.601376,27.913171,2021.0,2021,0.024276830876866978
bg_fungi,61.606262,27.94587,2021.0,2021,0.6169008215268453
bg_fungi,61.588508,27.90552,2021.0,2021,0.3452480534712474
bg_fungi,61.590467,27.91057,2021.0,2021,0.005745954850378136
bg_fungi,61.590467,27.91057,2021.0,2021,0.005745954850378136
bg_fungi,61.590467,27.91057,2021.0,2021,0.005745954850378136
bg_fungi,61.590467,27.91057,2021.0,2021,0.005745954850378136
bg_fungi,61.590467,27.91057,2021.0,2021,0.005745954850378136
bg_fungi,61.605182,27.948796,2021.0,2021,0.057410710801680885
bg_fungi,61.605182,27.948796,2021.0,2021,0.057410710801680885
bg_fungi,61.590204,27.905663,2021.0,2021,0.003963411571021425
bg_fungi,61.590204,27.905663,2021.0,2021,0.003963411571021425
bg_fungi,61.590204,27.905663,2021.0,2021,0.003963411571021425
bg_fungi,64.565158,26.52489,2021.0,2021,0.9881784121195475
bg_fungi,64.569154,26.534107,2021.0,2021,0.9808868964513143
bg_fungi,60.687407,24.265927,2021.0,2021,0.05985246653047701
bg_fungi,60.691746,24.287564,2021.0,2021,0.633325199286143
bg_fungi,60.690908,24.287451,2021.0,2021,0.7241889238357544
bg_fungi,60.687352,24.264558,2021.0,2021,0.0997688469166557
bg_fungi,60.687352,24.264558,2021.0,2021,0.0997688469166557
bg_fungi,60.687352,24.264558,2021.0,2021,0.0997688469166557
bg_fungi,60.687352,24.264558,2021.0,2021,0.0997688469166557
bg_fungi,60.734743,24.043831,2021.0,2021,0.6392301122347513
bg_fungi,60.738713,24.044163,2021.0,2021,0.7397451798121134
bg_fungi,60.738867,24.073713,2021.0,2021,0.7668940623601278
bg_fungi,60.738867,24.073713,2021.0,2021,0.7668940623601278
bg_fungi,60.738403,24.045164,2021.0,2021,0.8386363784472147
bg_fungi,60.351281,25.222497,2021.0,2021,0.004773998244976004
bg_fungi,60.351281,25.222497,2021.0,2021,0.004773998244976004
bg_fungi,60.351281,25.222497,2021.0,2021,0.004773998244976004
bg_fungi,60.351281,25.222497,2021.0,2021,0.004773998244976004
bg_fungi,60.351059,25.221367,2021.0,2021,0.007382308288166921
bg_fungi,60.349913,25.218294,2021.0,2021,0.008393805163602034
bg_fungi,60.349913,25.218294,2021.0,2021,0.008393805163602034
bg_fungi,60.349913,25.218294,2021.0,2021,0.008393805163602034
bg_fungi,60.349913,25.218294,2021.0,2021,0.008393805163602034
bg_fungi,60.349913,25.218294,2021.0,2021,0.008393805163602034
bg_fungi,60.349913,25.218294,2021.0,2021,0.008393805163602034
bg_fungi,60.349913,25.218294,2021.0,2021,0.008393805163602034
bg_fungi,60.349913,25.218294,2021.0,2021,0.008393805163602034
bg_fungi,60.349913,25.218294,2021.0,2021,0.008393805163602034
bg_fungi,60.349913,25.218294,2021.0,2021,0.008393805163602034
bg_fungi,60.349913,25.218294,2021.0,2021,0.008393805163602034
bg_fungi,60.349986,25.219649,2021.0,2021,0.0020487551034117737
bg_fungi,60.349986,25.219649,2021.0,2021,0.0020487551034117737
bg_fungi,60.349986,25.219649,2021.0,2021,0.0020487551034117737
bg_fungi,60.349986,25.219649,2021.0,2021,0.0020487551034117737
bg_fungi,60.349986,25.219649,2021.0,2021,0.0020487551034117737
bg_fungi,60.349986,25.219649,2021.0,2021,0.0020487551034117737
bg_fungi,60.349986,25.219649,2021.0,2021,0.0020487551034117737
bg_fungi,60.349986,25.219649,2021.0,2021,0.0020487551034117737
bg_fungi,60.356172,25.183672,2021.0,2021,0.03598223657657703
bg_fungi,60.356172,25.183672,2021.0,2021,0.03598223657657703
bg_fungi,60.356172,25.183672,2021.0,2021,0.03598223657657703
bg_fungi,60.356172,25.183672,2021.0,2021,0.03598223657657703
bg_fungi,62.455346,28.763216,2021.0,2021,0.031045571241217356
bg_fungi,62.437969,28.828363,2021.0,2021,0.013404014791982869
bg_fungi,62.437969,28.828363,2021.0,2021,0.013404014791982869
bg_fungi,62.437969,28.828363,2021.0,2021,0.013404014791982869
bg_fungi,62.437969,28.828363,2021.0,2021,0.013404014791982869
bg_fungi,62.437969,28.828363,2021.0,2021,0.013404014791982869
bg_fungi,62.404037,28.829138,2021.0,2021,0.04037749860435724
bg_fungi,61.600827,27.912061,2021.0,2021,0.04096465650945902
bg_fungi,61.600827,27.912061,2021.0,2021,0.04096465650945902
bg_fungi,61.600827,27.912061,2021.0,2021,0.04096465650945902
bg_fungi,61.600827,27.912061,2021.0,2021,0.04096465650945902
bg_fungi,61.605245,27.946197,2021.0,2021,0.15453007072210312
bg_fungi,61.601376,27.913171,2021.0,2021,0.024276830876866978
bg_fungi,61.601376,27.913171,2021.0,2021,0.024276830876866978
bg_fungi,61.606262,27.94587,2021.0,2021,0.6169008215268453
bg_fungi,61.592121,27.911636,2021.0,2021,0.00898566380298386
bg_fungi,61.590467,27.91057,2021.0,2021,0.005745954850378136
bg_fungi,61.590467,27.91057,2021.0,2021,0.005745954850378136
bg_fungi,61.590467,27.91057,2021.0,2021,0.005745954850378136
bg_fungi,61.590467,27.91057,2021.0,2021,0.005745954850378136
bg_fungi,61.605182,27.948796,2021.0,2021,0.057410710801680885
bg_fungi,61.590204,27.905663,2021.0,2021,0.003963411571021425
bg_fungi,61.590204,27.905663,2021.0,2021,0.003963411571021425
bg_fungi,64.569518,26.533016,2021.0,2021,0.9867956638336182
bg_fungi,64.569154,26.534107,2021.0,2021,0.9808868964513143
bg_fungi,66.054815,28.851345,2021.0,2021,0.2086061363418897
bg_fungi,66.054944,28.851111,2021.0,2021,0.46007950107256573
bg_fungi,66.05496,28.849036,2021.0,2021,0.030159942029664915
bg_fungi,66.055546,28.848018,2021.0,2021,0.11031318331758182
bg_fungi,66.055712,28.847655,2021.0,2021,0.12065055221319199
bg_fungi,66.055968,28.845818,2021.0,2021,0.11608321964740753
bg_fungi,66.05515,28.848166,2021.0,2021,0.15249434361855188
bg_fungi,66.054674,28.848927,2021.0,2021,0.0862736701965332
bg_fungi,66.041389,28.820522,2021.0,2021,0.026404396320382755
bg_fungi,66.041479,28.823531,2021.0,2021,0.08273606312771638
bg_fungi,66.041435,28.827214,2021.0,2021,0.035802161786705256
bg_fungi,66.041713,28.827212,2021.0,2021,0.036149361015607916
bg_fungi,66.041946,28.828818,2021.0,2021,0.07219587390621503
bg_fungi,66.041931,28.829281,2021.0,2021,0.08507371693849564
bg_fungi,66.041894,28.827843,2021.0,2021,0.06008734864493211
bg_fungi,66.041822,28.83243,2021.0,2021,0.026450260503528018
bg_fungi,66.041265,28.83175,2021.0,2021,0.0170026661362499
bg_fungi,66.041275,28.826298,2021.0,2021,0.01584031809276591
bg_fungi,66.040973,28.828351,2021.0,2021,0.05814446664104859
bg_fungi,66.04096,28.828703,2021.0,2021,0.03231967566534877
bg_fungi,66.040882,28.829934,2021.0,2021,0.05181252413118879
bg_fungi,66.040936,28.829938,2021.0,2021,0.025355951976962388
bg_fungi,66.184074,29.641646,2021.0,2021,0.4861261347929637
bg_fungi,66.184037,29.640132,2021.0,2021,0.5113039016723633
bg_fungi,66.183902,29.637519,2021.0,2021,0.4861253301302592
bg_fungi,66.185617,29.641207,2021.0,2021,0.20049746334552765
bg_fungi,66.185813,29.641805,2021.0,2021,0.20418846607208252
bg_fungi,66.185888,29.642124,2021.0,2021,0.18661380807558695
bg_fungi,66.186647,29.647645,2021.0,2021,0.1563221017519633
bg_fungi,66.18651,29.649896,2021.0,2021,0.1660397748152415
bg_fungi,66.186834,29.650374,2021.0,2021,0.14974715312321982
bg_fungi,66.186541,29.653298,2021.0,2021,0.17730496327082315
bg_fungi,66.185569,29.650819,2021.0,2021,0.1950227916240692
bg_fungi,66.185879,29.650563,2021.0,2021,0.20062553882598877
bg_fungi,66.188126,29.647244,2021.0,2021,0.1710752546787262
bg_fungi,66.187816,29.653298,2021.0,2021,0.10301990061998367
bg_fungi,66.187475,29.651174,2021.0,2021,0.11213262875874837
bg_fungi,66.187326,29.654135,2021.0,2021,0.12219081073999405
bg_fungi,66.194712,29.690171,2021.0,2021,0.0963301956653595
bg_fungi,66.194499,29.689993,2021.0,2021,0.22320248683293661
bg_fungi,66.194537,29.690442,2021.0,2021,0.1596681773662567
bg_fungi,66.194536,29.690486,2021.0,2021,0.1596681773662567
bg_fungi,66.194453,29.69061,2021.0,2021,0.22304852803548178
bg_fungi,66.194187,29.690404,2021.0,2021,0.3004116863012314
bg_fungi,66.194134,29.690332,2021.0,2021,0.3004116863012314
bg_fungi,66.194146,29.6912,2021.0,2021,0.2986855109532674
bg_fungi,66.193653,29.693769,2021.0,2021,0.08217937250932057
bg_fungi,66.193536,29.693779,2021.0,2021,0.09429450581471126
bg_fungi,66.193507,29.693909,2021.0,2021,0.09429450581471126
bg_fungi,66.193936,29.693999,2021.0,2021,0.2791557063659032
bg_fungi,66.19362,29.695121,2021.0,2021,0.3200059135754903
bg_fungi,66.193036,29.698791,2021.0,2021,0.020102371461689472
bg_fungi,66.194092,29.687084,2021.0,2021,0.30242447058359784
bg_fungi,66.193892,29.687262,2021.0,2021,0.2873716751734416
bg_fungi,66.193906,29.687508,2021.0,2021,0.2873716751734416
bg_fungi,66.193856,29.688303,2021.0,2021,0.31838177641232807
bg_fungi,66.192921,29.688914,2021.0,2021,0.3894963711500168
bg_fungi,66.192887,29.686733,2021.0,2021,0.3914142946402232
bg_fungi,66.19325,29.692682,2021.0,2021,0.3305143415927887
bg_fungi,66.19481,29.695403,2021.0,2021,0.02475513021151225
bg_fungi,66.194296,29.692416,2021.0,2021,0.2633601427078247
bg_fungi,66.194498,29.691126,2021.0,2021,0.1216700052221616
bg_fungi,66.193867,29.687637,2021.0,2021,0.28668566544850665
bg_fungi,66.194396,29.691271,2021.0,2021,0.18681712448596954
bg_fungi,66.194407,29.692738,2021.0,2021,0.16361292203267416
bg_fungi,66.194303,29.693527,2021.0,2021,0.18581161896387735
bg_fungi,66.193431,29.693101,2021.0,2021,0.3504137496153514
bg_fungi,66.193431,29.693101,2021.0,2021,0.3504137496153514
bg_fungi,66.192858,29.688352,2021.0,2021,0.3975504736105601
bg_fungi,66.195169,29.696975,2021.0,2021,0.035017069429159164
bg_fungi,66.195084,29.697699,2021.0,2021,0.030147889629006386
bg_fungi,66.193542,29.696046,2021.0,2021,0.2575182318687439
bg_fungi,66.127355,29.300675,2021.0,2021,0.39869900544484455
bg_fungi,66.127302,29.300582,2021.0,2021,0.39869900544484455
bg_fungi,66.127301,29.300072,2021.0,2021,0.28244851032892865
bg_fungi,66.127378,29.299703,2021.0,2021,0.13211867213249207
bg_fungi,66.127516,29.298873,2021.0,2021,0.11426554868618648
bg_fungi,66.126579,29.298522,2021.0,2021,0.09651166448990504
bg_fungi,66.126465,29.298911,2021.0,2021,0.2323214759429296
bg_fungi,66.126378,29.299324,2021.0,2021,0.3137994408607483
bg_fungi,66.126807,29.298898,2021.0,2021,0.10835971186558406
bg_fungi,66.126614,29.297374,2021.0,2021,0.07195063928763072
bg_fungi,66.126026,29.295858,2021.0,2021,0.20278931160767874
bg_fungi,66.125878,29.296133,2021.0,2021,0.1518328214685122
bg_fungi,66.125772,29.297253,2021.0,2021,0.22371881703535715
bg_fungi,66.125641,29.296975,2021.0,2021,0.3636789619922638
bg_fungi,66.126007,29.298338,2021.0,2021,0.09724452594916026
bg_fungi,66.130284,29.316053,2021.0,2021,0.014043066029747328
bg_fungi,66.130312,29.316011,2021.0,2021,0.022960663152237732
bg_fungi,66.130389,29.316284,2021.0,2021,0.07431683565179507
bg_fungi,66.130359,29.316436,2021.0,2021,0.06487701088190079
bg_fungi,66.130312,29.316632,2021.0,2021,0.06487701088190079
bg_fungi,66.130372,29.316792,2021.0,2021,0.0657167633374532
bg_fungi,66.130157,29.317947,2021.0,2021,0.1447633703549703
bg_fungi,66.13032,29.319646,2021.0,2021,0.11686826745669048
bg_fungi,66.131758,29.322525,2021.0,2021,0.016066212362299364
bg_fungi,66.131231,29.318798,2021.0,2021,0.011467941726247469
bg_fungi,66.130689,29.316023,2021.0,2021,0.17956359187761942
bg_fungi,66.130467,29.316446,2021.0,2021,0.07086041818062465
bg_fungi,66.13052,29.316518,2021.0,2021,0.07086041818062465
bg_fungi,66.13037,29.315728,2021.0,2021,0.07229987780253093
bg_fungi,66.131931,29.317599,2021.0,2021,0.033996917928258576
bg_fungi,66.130958,29.3172,2021.0,2021,0.12264211972554524
bg_fungi,66.130759,29.3149,2021.0,2021,0.13163359959920248
bg_fungi,66.13076,29.313061,2021.0,2021,0.3013326823711395
bg_fungi,66.130766,29.318667,2021.0,2021,0.24677613377571106
bg_fungi,64.162834,27.884216,2021.0,2021,0.08730026334524155
bg_fungi,64.162743,27.884295,2021.0,2021,0.02970585972070694
bg_fungi,64.162869,27.88434,2021.0,2021,0.08730026334524155
bg_fungi,64.16244,27.885499,2021.0,2021,0.2013239860534668
bg_fungi,64.161711,27.885867,2021.0,2021,0.01248198871811231
bg_fungi,64.161993,27.886616,2021.0,2021,0.02424191466222207
bg_fungi,64.161778,27.886588,2021.0,2021,0.06356699888904889
bg_fungi,64.162021,27.888036,2021.0,2021,0.09767355769872665
bg_fungi,64.16226,27.887056,2021.0,2021,0.09016482035319011
bg_fungi,64.162325,27.88675,2021.0,2021,0.09016482035319011
bg_fungi,64.161821,27.887022,2021.0,2021,0.004117095532516639
bg_fungi,64.162262,27.883766,2021.0,2021,0.13963359345992407
bg_fungi,64.161874,27.884165,2021.0,2021,0.1004764586687088
bg_fungi,65.062514,25.4631,2025.0,2023,0.767622192700704
bg_fungi,60.206253,24.954937,2025.0,2023,0.6370183229446411
bg_fungi,59.951986,21.762707,2025.0,2023,0.7968962589899699
bg_fungi,61.554268,21.579385,2025.0,2023,0.5487610101699829
bg_fungi,65.065047,25.456438,2025.0,2023,0.21825629969437918
bg_fungi,60.290225,24.762057,2025.0,2023,0.03166031464934349
bg_fungi,61.7131,24.929293,2025.0,2023,0.028597997191051643
bg_fungi,59.956537,21.772404,2025.0,2023,0.43110258380572003
bg_fungi,60.589405,24.620358,2025.0,2023,0.0076459407864604145
bg_fungi,59.963517,21.769485,2025.0,2023,0.721515436967214
bg_fungi,65.057836,25.460339,2025.0,2023,0.40383853514989215
bg_fungi,65.065492,25.457663,2025.0,2023,0.17267447213331857
bg_fungi,63.291425,21.771226,2025.0,2023,0.2921292707324028
bg_fungi,65.06163,25.461773,2025.0,2023,0.6253963708877563
bg_fungi,65.064534,25.464007,2025.0,2023,0.010280793261093399
bg_fungi,65.123481,25.48705,2025.0,2023,0.031093629077076912
bg_fungi,59.955529,21.777477,2025.0,2023,0.4604894320170085
bg_fungi,60.404391,22.467449,2025.0,2023,0.3533761103947957
bg_fungi,60.188683,24.811428,2025.0,2023,0.1511584371328354
bg_fungi,65.0654,25.457737,2025.0,2023,0.17267447213331857
bg_fungi,62.175519,25.426719,2025.0,2023,0.023082238311568897
bg_fungi,62.175519,25.426719,2025.0,2023,0.023082238311568897
bg_fungi,59.955983,21.777144,2025.0,2023,0.26925299564997357
bg_fungi,60.140797,24.201562,2025.0,2023,0.10083048542340596
bg_fungi,60.440619,22.37152,2025.0,2023,0.09293681258956592
bg_fungi,65.065171,25.457653,2025.0,2023,0.2393170346816381
bg_fungi,63.291215,21.77177,2025.0,2023,0.03155409226504465
bg_fungi,65.056281,25.460929,2025.0,2023,0.010916457433874408
bg_fungi,61.465616,23.737988,2025.0,2023,0.06217155481378237
bg_fungi,60.141414,24.202558,2025.0,2023,0.03720994697262844
bg_fungi,59.966842,21.775851,2025.0,2023,0.48567333817481995
bg_fungi,65.062488,25.463414,2025.0,2023,0.7483736872673035
bg_fungi,60.142553,24.202313,2025.0,2023,0.21546725928783417
bg_fungi,62.727915,29.623627,2025.0,2023,0.17850438753763834
bg_fungi,61.933555,25.981551,2025.0,2023,0.7595460414886475
bg_fungi,62.175519,25.426719,2025.0,2023,0.023082238311568897
bg_fungi,60.141953,24.20053,2025.0,2023,0.31170396010080975
bg_fungi,60.210678,24.85295,2025.0,2023,0.3217898706595103
bg_fungi,61.522795,21.756706,2025.0,2023,0.13613787790139517
bg_fungi,62.734428,29.609545,2025.0,2023,0.018598464628060658
bg_fungi,62.175519,25.426719,2025.0,2023,0.023082238311568897
bg_fungi,62.727752,29.623438,2025.0,2023,0.10249509165684383
bg_fungi,60.209863,24.852112,2025.0,2023,0.4136148567001025
bg_fungi,65.058265,25.46109,2025.0,2023,0.663265327612559
bg_fungi,65.065464,25.458328,2025.0,2023,0.24036215742429098
bg_fungi,59.954922,21.757192,2025.0,2023,0.13820832346876463
bg_fungi,61.522795,21.756706,2025.0,2023,0.13613787790139517
bg_fungi,62.175519,25.426719,2025.0,2023,0.023082238311568897
bg_fungi,62.7279,29.62432,2025.0,2023,0.4064772427082062
bg_fungi,59.955569,21.777496,2025.0,2023,0.4604894320170085
bg_fungi,65.065117,25.45792,2025.0,2023,0.1784201959768931
bg_fungi,63.291191,21.771569,2025.0,2023,0.27062826603651047
bg_fungi,59.966784,21.773667,2025.0,2023,0.2025753309329351
bg_fungi,65.061595,25.461881,2025.0,2023,0.6253963708877563
bg_fungi,61.520347,23.519657,2025.0,2023,0.5507102211316427
bg_fungi,62.727752,29.623438,2025.0,2023,0.10249508668979009
bg_fungi,65.06385,25.463696,2025.0,2023,0.20512541631857553
bg_fungi,61.522795,21.756706,2025.0,2023,0.13613787790139517
bg_fungi,65.064428,25.464054,2025.0,2023,0.010280793261093399
bg_fungi,65.061655,25.461928,2025.0,2023,0.6253963708877563
bg_fungi,60.141525,24.202605,2025.0,2023,0.03720994697262844
bg_fungi,60.18906,24.811293,2025.0,2023,0.18100017557541528
bg_fungi,61.934137,25.980732,2025.0,2023,0.44475212693214417
bg_fungi,65.065011,25.456567,2025.0,2023,0.21825629969437918
bg_fungi,65.065103,25.457572,2025.0,2023,0.2393170346816381
bg_fungi,65.065606,25.457767,2025.0,2023,0.35546064376831055
bg_fungi,60.203167,24.958261,2025.0,2023,0.0118429974730437
bg_fungi,65.065178,25.457675,2025.0,2023,0.2393170346816381
bg_fungi,59.965548,21.771785,2025.0,2023,0.7440157930056254
bg_fungi,59.966418,21.775521,2025.0,2023,0.7574923435846964
bg_fungi,61.934139,25.98081,2025.0,2023,0.44475212693214417
bg_fungi,59.95221,21.763948,2025.0,2023,0.4833398362000783
bg_fungi,62.727575,29.624467,2025.0,2023,0.0697556094576915
bg_fungi,65.061571,25.461945,2025.0,2023,0.6253963708877563
bg_fungi,59.955226,21.756969,2025.0,2023,0.29969027638435364
bg_fungi,62.727896,29.624262,2025.0,2023,0.4064772427082062
bg_fungi,61.114584,23.801048,2025.0,2023,0.002964447640503446
bg_fungi,65.062249,25.463146,2025.0,2023,0.8261973857879639
bg_fungi,60.140908,24.201612,2025.0,2023,0.1356186643242836
bg_fungi,60.073875,23.653557,2025.0,2023,0.632468601067861
bg_fungi,59.956695,21.768437,2025.0,2023,0.43961535890897113
bg_fungi,59.955233,21.756959,2025.0,2023,0.29969027638435364
bg_fungi,65.061723,25.463316,2025.0,2023,0.8742794195810953
bg_fungi,65.056809,25.462381,2025.0,2023,0.03655792586505413
bg_fungi,62.576516,26.761038,2025.0,2023,0.13083588580290476
bg_fungi,61.951212,25.13568,2025.0,2023,0.01805597667892774
bg_fungi,60.283717,24.502957,2025.0,2023,0.18197213113307953
bg_fungi,60.288585,24.501904,2025.0,2023,0.004484606382902712
bg_fungi,60.259597,24.618192,2025.0,2023,0.2744191934665044
bg_fungi,61.95182,25.136117,2025.0,2023,0.09169123570124309
bg_fungi,60.259876,24.613474,2025.0,2023,0.21318693459033966
bg_fungi,60.259247,24.61531,2025.0,2023,0.09311277667681377
bg_fungi,60.306699,24.511227,2025.0,2023,0.004119759920286015
bg_fungi,65.031845,24.569247,2025.0,2023,0.8402194380760193
bg_fungi,60.306684,24.506279,2025.0,2023,0.003806253987325666
bg_fungi,66.366737,29.320342,2025.0,2023,0.4556713004906972
bg_fungi,60.453074,25.088449,2025.0,2023,0.11167636513710022
bg_fungi,61.950475,25.131413,2025.0,2023,0.04023877251893282
bg_fungi,62.637528,29.384913,2025.0,2023,0.9681706031163534
bg_fungi,61.073047,28.204807,2025.0,2023,0.19592392444610596
bg_fungi,60.25755,24.605022,2025.0,2023,0.024691090919077396
bg_fungi,60.267011,24.615597,2025.0,2023,0.5028979480266571
bg_fungi,67.066733,27.229697,2025.0,2023,0.3730211059252421
bg_fungi,60.258975,24.606858,2025.0,2023,0.16225407520929971
bg_fungi,60.2575,24.604781,2025.0,2023,0.04399479925632477
bg_fungi,61.998455,24.956933,2025.0,2023,0.03470178165783485
bg_fungi,60.259793,24.612443,2025.0,2023,0.3918864627679189
bg_fungi,60.294917,24.561885,2025.0,2023,0.019334247646232445
bg_fungi,60.258182,24.606158,2025.0,2023,0.1301759754618009
bg_fungi,66.269012,29.404928,2025.0,2023,0.6389767924944559
bg_fungi,60.288484,24.501613,2025.0,2023,0.003172547003487125
bg_fungi,60.261687,24.624995,2025.0,2023,0.7049204309781393
bg_fungi,62.214295,28.919884,2025.0,2023,0.04441128640125195
bg_fungi,61.952972,25.135036,2025.0,2023,0.046584004536271095
bg_fungi,67.146111,26.930652,2025.0,2023,0.42841869592666626
bg_fungi,61.9619,22.586579,2025.0,2023,0.25454822679360706
bg_fungi,60.293633,24.564265,2025.0,2023,0.6968603531519572
bg_fungi,61.945275,25.120108,2025.0,2023,0.9692420164744059
bg_fungi,61.951767,25.136239,2025.0,2023,0.09169123321771622
bg_fungi,60.25948,24.618218,2025.0,2023,0.2744191934665044
bg_fungi,60.259077,24.606825,2025.0,2023,0.31107310950756073
bg_fungi,61.953445,25.14008,2025.0,2023,0.014767406973987818
bg_fungi,61.952258,25.141136,2025.0,2023,0.6132245858510336
bg_fungi,60.284216,24.50171,2025.0,2023,0.014914480969309807
bg_fungi,60.943026,25.745484,2025.0,2023,0.009563277009874582
bg_fungi,60.446712,25.166785,2025.0,2023,0.00825473441121479
bg_fungi,60.446208,25.166686,2025.0,2023,0.18836021920045218
bg_fungi,60.445872,25.167759,2025.0,2023,0.018163808000584442
bg_fungi,60.445107,25.168275,2025.0,2023,0.03675085864961147
bg_fungi,60.445096,25.168166,2025.0,2023,0.019032772009571392
bg_fungi,60.445347,25.166789,2025.0,2023,0.036512921253840126
bg_fungi,60.445187,25.168216,2025.0,2023,0.03675085864961147
bg_fungi,60.445075,25.168586,2025.0,2023,0.06070015331109365
bg_fungi,60.445392,25.168731,2025.0,2023,0.040293597926696144
bg_fungi,60.445448,25.167638,2025.0,2023,0.015588849472502867
bg_fungi,60.446224,25.16594,2025.0,2023,0.06446033343672752
bg_fungi,60.446208,25.166686,2025.0,2023,0.18836021920045218
bg_fungi,60.445872,25.167741,2025.0,2023,0.018163808000584442
bg_fungi,60.446555,25.167103,2025.0,2023,0.005097509322998424
bg_fungi,60.446433,25.166055,2025.0,2023,0.06054164096713066
bg_fungi,60.245564,24.743209,2025.0,2023,0.04891840865214666
bg_fungi,64.397587,24.320541,2025.0,2023,0.2146726151307424
bg_fungi,60.476028,23.077464,2025.0,2023,0.44818129142125446
bg_fungi,61.216251,25.134927,2025.0,2023,0.24665051201979318
bg_fungi,61.105328,24.990368,2025.0,2023,0.0038781907242082525
bg_fungi,61.195656,25.10778,2025.0,2023,0.13360217461983362
bg_fungi,60.290045,24.597328,2025.0,2023,0.011368401387395958
bg_fungi,65.153073,25.428891,2025.0,2023,0.05702802166342735
bg_fungi,60.476028,23.077464,2025.0,2023,0.44818129142125446
bg_fungi,60.467862,22.3298,2025.0,2023,0.022408081373820703
bg_fungi,61.10544,24.990647,2025.0,2023,0.01422193433487943
bg_fungi,61.681283,23.437689,2025.0,2023,0.03017861566816767
bg_fungi,60.476028,23.077464,2025.0,2023,0.44818129142125446
bg_fungi,60.903027,25.239995,2025.0,2023,0.13614714766542116
bg_fungi,61.681368,23.435956,2025.0,2023,0.014189395743111769
bg_fungi,60.468385,22.331525,2025.0,2023,0.007062257265109413
bg_fungi,61.054043,25.039895,2025.0,2023,0.125493840004007
bg_fungi,61.216251,25.134927,2025.0,2023,0.24665051201979318
bg_fungi,60.25281,25.03524,2025.0,2023,0.007382546706746022
bg_fungi,65.153073,25.428891,2025.0,2023,0.05702802166342735
bg_fungi,60.095355,22.867689,2025.0,2023,0.5481648643811544
bg_fungi,61.670847,23.145544,2025.0,2023,8.003804956994524e-05
bg_fungi,60.094968,22.868016,2025.0,2023,0.5747078061103821
bg_fungi,61.681043,23.436783,2025.0,2023,0.04038694811364015
bg_fungi,65.153073,25.428891,2025.0,2023,0.05702802166342735
bg_fungi,59.909558,23.210532,2025.0,2023,0.9577929178873698
bg_fungi,65.153073,25.428891,2025.0,2023,0.05702802166342735
bg_fungi,60.619729,23.509052,2025.0,2023,0.2901867578426997
bg_fungi,61.195656,25.10778,2025.0,2023,0.13360217461983362
bg_fungi,66.663474,27.493578,2025.0,2023,0.322260042031606
bg_fungi,65.15712,25.433912,2025.0,2023,0.1993781328201294
bg_fungi,59.909563,23.210531,2025.0,2023,0.9577929178873698
bg_fungi,61.088846,25.00829,2025.0,2023,0.6210113962491354
bg_fungi,60.903027,25.239995,2025.0,2023,0.13614714766542116
bg_fungi,66.16966,25.92106,2025.0,2023,0.8725789785385132
bg_fungi,61.105617,24.99046,2025.0,2023,0.01976814327160052
bg_fungi,61.089861,25.006529,2025.0,2023,0.08803998678922653
bg_fungi,60.447114,23.070497,2025.0,2023,0.6186911463737488
bg_fungi,66.53979,25.50625,2025.0,2023,0.585153857866923
bg_fungi,61.216251,25.134927,2025.0,2023,0.24665051201979318
bg_fungi,61.013858,25.591314,2025.0,2023,0.010585177728595832
bg_fungi,61.091723,25.001998,2025.0,2023,0.20879379163185754
bg_fungi,66.393608,26.867362,2025.0,2023,0.07511496792236964
bg_fungi,61.216251,25.134927,2025.0,2023,0.24665051201979318
bg_fungi,61.105812,24.989897,2025.0,2023,0.02942176811241855
bg_fungi,61.055007,25.052928,2025.0,2023,7.057090513699889e-06
bg_fungi,61.013858,25.591314,2025.0,2023,0.010585177728595832
bg_fungi,61.216251,25.134927,2025.0,2023,0.24665051201979318
bg_fungi,60.238664,24.729751,2025.0,2023,0.21672087162733078
bg_fungi,60.289775,24.598187,2025.0,2023,0.0056251828209497035
bg_fungi,61.091473,25.002383,2025.0,2023,0.05303629177312056
bg_fungi,60.476028,23.077464,2025.0,2023,0.44818129142125446
bg_fungi,61.106213,24.989522,2025.0,2023,0.17552509903907776
bg_fungi,66.16444,25.8997,2025.0,2023,0.25755807260672253
bg_fungi,61.681908,23.435407,2025.0,2023,0.062234992161393166
bg_fungi,60.468555,22.331536,2025.0,2023,0.002582593101881988
bg_fungi,61.013858,25.591314,2025.0,2023,0.010585177728595832
bg_fungi,61.216251,25.134927,2025.0,2023,0.24665051201979318
bg_fungi,61.055673,25.052997,2025.0,2023,0.00018008312292986753
bg_fungi,59.90984,23.210262,2025.0,2023,0.9509840210278829
bg_fungi,60.447136,23.07081,2025.0,2023,0.573962946732839
bg_fungi,60.447121,23.070726,2025.0,2023,0.6186911463737488
bg_fungi,61.444547,23.708915,2025.0,2023,0.14330964287122092
bg_fungi,66.17018,25.7361,2025.0,2023,0.6543764273325602
bg_fungi,60.447378,23.06918,2025.0,2023,0.6003549496332804
bg_fungi,60.289647,24.598303,2025.0,2023,0.00542002051952295
bg_fungi,60.709471,24.430461,2025.0,2023,0.14391851052641869
bg_fungi,66.17018,25.7361,2025.0,2023,0.6543764273325602
bg_fungi,60.246702,24.741002,2025.0,2023,0.011783415839696923
bg_fungi,60.287989,24.608785,2025.0,2023,0.043721127944688
bg_fungi,61.681849,23.435162,2025.0,2023,0.06132294610142708
bg_fungi,66.59603,25.67062,2025.0,2023,0.38086650768915814
bg_fungi,60.095355,22.867689,2025.0,2023,0.5481648643811544
bg_fungi,60.447136,23.07081,2025.0,2023,0.573962946732839
bg_fungi,61.670809,23.145412,2025.0,2023,4.600608421393796e-05
bg_fungi,61.055035,25.053793,2025.0,2023,7.632343394151553e-07
bg_fungi,61.105739,24.988632,2025.0,2023,0.09346125771601994
bg_fungi,66.184065,29.642133,2021.0,2021,0.47608068585395813
bg_fungi,66.1842,29.641614,2021.0,2021,0.4142626225948334
bg_fungi,66.184346,29.641474,2021.0,2021,0.4077482024828593
bg_fungi,66.184303,29.638716,2021.0,2021,0.449751873811086
bg_fungi,66.184003,29.641016,2021.0,2021,0.52876544992129
