tree
version=v4
num_class=1
num_tree_per_iteration=1
label_index=0
max_feature_idx=68
objective=binary sigmoid:1
feature_names=Column_0 Column_1 Column_2 Column_3 Column_4 Column_5 Column_6 Column_7 Column_8 Column_9 Column_10 Column_11 Column_12 Column_13 Column_14 Column_15 Column_16 Column_17 Column_18 Column_19 Column_20 Column_21 Column_22 Column_23 Column_24 Column_25 Column_26 Column_27 Column_28 Column_29 Column_30 Column_31 Column_32 Column_33 Column_34 Column_35 Column_36 Column_37 Column_38 Column_39 Column_40 Column_41 Column_42 Column_43 Column_44 Column_45 Column_46 Column_47 Column_48 Column_49 Column_50 Column_51 Column_52 Column_53 Column_54 Column_55 Column_56 Column_57 Column_58 Column_59 Column_60 Column_61 Column_62 Column_63 Column_64 Column_65 Column_66 Column_67 Column_68
feature_infos=[-1.8815920717489296:3.7461061264995958] [-2.0803878152855169:3.0183732899940279] [-1.4076119066311088:7.3754550851567995] [-1.157468511143747:6.5596191813829723] [-0.71894991903232808:10.190943472280141] [-0.80391296288844194:17.523418458494731] [-0.25784735658623387:21.344315956962372] [-0.18423427030861689:21.888267250199537] [-2.3805871612963836:1.5149595058438643] none [-2.179150574281568:7.953353757770067] [-2.1791522593826742:7.953402643303396] [-1.5747916106413851:1.5744050465734765] [-1.1208883927093243:2.9330728054731861] [-0.82449493011797303:5.4095939480658943] [-0.82325510766961252:4.6746123500939696] [-0.18280521811990849:20.576297830639007] [-2.9196467038630214:0.84677732833769992] [-2.1804889250901254:3.2695804262773009] [-1.4131341598141485:4.8777478161260701] [-0.85795997101804622:6.3832760734991218] [-1.6504153123721172:3.9928092905854617] [-2.8311154935626659:2.0995223404635608] [-2.666057210752915:7.6531792143679782] [-2.3771105944179651:3.6509814910926695] [-1.5873232927114951:4.3099845784333164] [-0.97424064294290902:5.8652060645409394] [-1.8563808370081984:4.3667486789167276] [-3.2749051536296321:2.477209006026591] [-3.013176066203878:4.516164578978195] [-2.1804946133672458:8.4681962944189344] [-0.38476892817278563:17.138580399490461] [-3.5111602719150805:5.6243446288455949] [-0.9840688022502333:2.4611783441512354] [-2.279882828458101:0.43861664754269025] [-0.21378011142457479:4.6776578535969628] [-0.090937612971472195:10.996306071386092] [-0.21212666027028065:4.7141181889180466] none none [-0.24746809811406859:4.0408902437225169] [-2.3294959506193949:0.42927504647506515] [-0.29797961287649777:3.3559097636960167] none none none none none none none [-0.16548776822560729:6.0426676512093174] [-0.28073778417416895:3.5620154139564564] [-0.068620634073728939:14.572449403482262] none [-0.07637847045409149:13.092349935413461] [-0.13997260981870477:7.1441507956552943] [-2.5929692165693647:0.38565596396919677] [-0.19713450154133769:7.2981357827604256] [-0.24324672161699681:9.6546697716022436] none [-0.11688777962906391:17.769787179277433] [-0.45494070110904983:2.1980770054951084] none [-1.0602179945217445:0.94319847270859525] [-0.65358400186161247:1.5300185285310013] none [-0.48831760201239605:2.3664220036716115] [-2.8797757832957869:2.8192886835088649] [-1.6490885806466411:5.9428872503458132]
tree_sizes=899 907 907 899 899 908 905 904 908 900 908 902 901 905 900 900 896 895 907 905 903 901 899 908 910 903 899 908 899 897 904 905 900 907 902 906 910 894 902 908 910 899 898 906 900 901 905 905 907 911 901 911 910 901 906 905 904 895 904 897 895 908 917 905 906 907 901 906 909 900 908 899 906 898 903 904 909 908 907 897 902 909 905 908 907 903 904 901 911 903 904 910 907 907 908 908 910 902 913 907 906 909 905 911 904 907 899 906 898 920 900 896 906 900 902 909 902 909 907 901 900 906 899 907 891 909 908 910 913 911 912 908 893 900 907 903 907 900 914 906 913 914 909 899 906 910 898 908 901 904 901 905 915 902 902 907 911 897 904 894 900 912 908 898 896 905 904 901 902 909 904 902 893 903 908 897 889 898 904 904 899 902 901 903 901 902 911 903 912 907 902 907 913 909 903 905 905 907 909 911 901 901 904 907 903 899 904 907 901 900 911 901 898 906 903 901 896 903 903 906 901 905 900 907 895 901 896 909 899 902 904 907 905 899 907 905 905 906 894 911 901 904 904 907 906 891 902 902 907 909 905 905 897 906 893 908 902 907 900 909 902 903 905 900 901 908 903 910 896 911 893 902 909 908 895 898 901 910 902 899 900 905 898 901 910 903 904 904 899 900 907 905 908 911 912 900 911 903 892 910

Tree=0
num_leaves=7
num_cat=0
split_feature=66 24 68 68 26 41
split_gain=168.695 92.791 63.4849 45.9927 29.0082 25.878
threshold=-0.48577020367265994 -0.14781902655706688 0.33504679420817723 0.26595776199667381 -0.3074247148926022 1.0000000180025095e-35
decision_type=2 2 2 2 2 2
left_child=1 -1 -2 4 -3 -6
right_child=2 3 -4 -5 5 -7
leaf_value=-0.054128906775004405 0.066059063696686987 0.040000073223473633 -0.04587559643812484 -0.047032943685477543 0.043007935751286711 -0.025571578451394725
leaf_weight=114.42348348256201 96.255191362928599 66.287439559120685 12.368631679564713 31.675634883344173 16.125643918290734 46.341841144952923
leaf_count=4263 2186 1388 444 1105 269 1424
internal_value=0.000509904 -0.0203509 0.052423 0.0042918 0.0177019 -0.00670859
internal_weight=383.478 274.854 108.624 160.431 128.755 62.4675
internal_count=11079 8449 2630 4186 3081 1693
is_linear=0
shrinkage=1


Tree=1
num_leaves=7
num_cat=0
split_feature=61 24 25 67 67 26
split_gain=130.046 88.8627 40.2511 31.9461 31.3991 29.2235
threshold=1.0000000180025095e-35 -0.084497380996354829 -0.78743612958760012 0.049659935698339895 0.72162689795309054 -0.3074247148926022
decision_type=2 2 2 2 2 2
left_child=1 3 -3 -1 -2 -4
right_child=4 2 5 -5 -6 -7
leaf_value=-0.020681770332627102 0.066690936492135547 -0.057167624864701089 0.037196286937178517 -0.070462386256248455 -0.034367093023461907 -0.0059637830512628554
leaf_weight=69.735437012743205 69.214918394573033 17.655002618208528 81.219914444722235 63.24194666184485 6.7590737082064143 72.053613836411387
leaf_count=2242 1573 719 1715 2568 236 1982
internal_value=-0.00048816 -0.0152086 0.00864877 -0.0453889 0.0567363 0.0171818
internal_weight=379.88 303.906 170.929 132.977 75.974 153.274
internal_count=11035 9226 4416 4810 1809 3697
is_linear=0
shrinkage=0.05


Tree=2
num_leaves=7
num_cat=0
split_feature=68 61 24 13 19 29
split_gain=144.505 103.37 65.6022 25.5712 23.5741 21.3228
threshold=0.26595776199667381 1.0000000180025095e-35 -0.020581090540783182 -0.69590222529446211 -0.81621469658382273 1.1823230486326886
decision_type=2 2 2 2 2 2
left_child=1 2 3 -1 -4 -6
right_child=-2 -3 4 -5 5 -7
leaf_value=-0.00027130659243885944 -0.060496941403283738 0.067080139434394837 -0.045019005863949274 -0.051018842609688066 0.034926651243078442 -0.029176160070688753
leaf_weight=40.780666989739984 77.833968088030815 68.953506114892662 9.4986648075282556 60.56738880649209 109.14833606267348 12.38067697547376
leaf_count=1135 2992 1534 380 2311 2324 401
internal_value=-0.00108077 0.0147116 -0.00148475 -0.0311938 0.0216787 0.0278507
internal_weight=379.163 301.329 232.376 101.348 131.028 121.529
internal_count=11077 8085 6551 3446 3105 2725
is_linear=0
shrinkage=0.05


Tree=3
num_leaves=7
num_cat=0
split_feature=66 24 68 67 25 67
split_gain=141.767 60.8625 47.518 37.3251 33.4025 30.549
threshold=-0.36010125473250726 0.012767238022282256 0.65791831107777488 0.72162689795309054 -0.65900192925788059 0.078128698759507467
decision_type=2 2 2 2 2 2
left_child=1 5 3 -2 -3 -1
right_child=2 4 -4 -5 -6 -7
leaf_value=-0.019914259577635672 0.067936885250444751 -0.055734011503569103 -0.046566538081424379 -0.045322547924530852 0.013245755357287862 -0.068529238688375613
leaf_weight=74.17560310754925 88.571780321421102 17.324670406989753 9.5693977177143079 5.866234563291072 126.06890644738451 59.616780070587993
leaf_count=2373 1886 701 358 218 3054 2477
internal_value=-4.4737e-05 -0.0187416 0.048912 0.0597227 0.00394034 -0.0426045
internal_weight=381.193 277.186 104.007 94.438 143.394 133.792
internal_count=11067 8605 2462 2104 3755 4850
is_linear=0
shrinkage=0.05


Tree=4
num_leaves=7
num_cat=0
split_feature=66 12 68 68 67 28
split_gain=118.052 54.5931 40.6047 34.2644 26.9395 15.3006
threshold=-0.23273276511550681 -0.14234177308783622 0.14370828632964386 0.17791077752345721 0.72162689795309054 0.78283524973034702
decision_type=2 2 2 2 2 2
left_child=1 -1 4 5 -2 -3
right_child=2 3 -4 -5 -6 -7
leaf_value=-0.043172234806428733 0.064870287257535714 0.020790735637802711 -0.030218087467748816 -0.039806767425547722 -0.040970730863492615 -0.022402653927346847
leaf_weight=113.32371710054576 81.581232113065198 110.51183241046965 13.305979352444409 36.362696023657918 4.4985932651907197 22.430054374039173
leaf_count=4124 1794 2644 444 1281 168 696
internal_value=-0.000290151 -0.0168 0.0457764 0.0012965 0.0581454 0.0131696
internal_weight=382.014 282.628 99.3858 169.305 86.0798 132.942
internal_count=11151 8745 2406 4621 1962 3340
is_linear=0
shrinkage=0.05


Tree=5
num_leaves=7
num_cat=0
split_feature=68 61 24 58 12 67
split_gain=113.564 79.4074 51.6974 26.9482 22.9817 21.3076
threshold=0.26595776199667381 1.0000000180025095e-35 -0.14781902655706688 -0.18730963634721756 0.64610451561496729 0.72162689795309054
decision_type=2 2 2 2 2 2
left_child=1 2 -1 -2 -4 -3
right_child=3 5 4 -5 -6 -7
leaf_value=-0.030433684311561539 -0.063448383575157905 0.066428229106703512 -0.00025000027565593152 0.027252298738937104 0.039240379167110907 -0.03363646547883424
leaf_weight=87.741277840919793 68.662724846974015 64.708363850833848 82.161053924821317 7.5614056140184394 63.736241618636996 3.9906690008938304
leaf_count=3066 2779 1374 2266 160 1272 142
internal_value=-0.000420856 0.0134228 -0.000693574 -0.0537596 0.0174447 0.0594514
internal_weight=378.562 302.338 233.639 76.2241 145.897 68.699
internal_count=11059 8120 6604 2939 3538 1516
is_linear=0
shrinkage=0.05


Tree=6
num_leaves=7
num_cat=0
split_feature=68 61 32 12 67 30
split_gain=93.0008 65.5736 53.2635 22.8193 17.8746 15.8393
threshold=0.26595776199667381 1.0000000180025095e-35 -0.44263945402154053 0.67455320071234925 0.72162689795309054 0.91130829429689741
decision_type=2 2 2 2 2 2
left_child=1 2 -1 -4 -3 -5
right_child=-2 4 3 5 -6 -7
leaf_value=-0.041867755714408719 -0.048535886623295395 0.061823627902598335 -0.0016767381803260992 0.044644109116839005 -0.031176274342377935 -0.016989606115386215
leaf_weight=55.630960754584521 76.883180856704712 61.458062647376209 106.00801993091591 58.602219907101244 3.8356346581131211 10.892796898959203
leaf_count=2101 2940 1385 2991 1105 135 352
internal_value=-0.000607638 0.012185 -0.00052697 0.0130606 0.0552309 0.0346802
internal_weight=373.311 296.428 231.134 175.503 65.2937 69.495
internal_count=11009 8069 6549 4448 1520 1457
is_linear=0
shrinkage=0.05


Tree=7
num_leaves=7
num_cat=0
split_feature=66 24 29 30 21 12
split_gain=98.2318 44.0373 24.6486 21.5582 21.5605 17.5809
threshold=-0.48577020367265994 0.012767238022282256 0.41901180249210718 -1.0066835839066652 0.57119111963369662 0.50118710359776975
decision_type=2 2 2 2 2 2
left_child=1 5 -2 -3 -5 -1
right_child=2 3 -4 4 -6 -7
leaf_value=-0.048738178747528373 0.049703918955178367 -0.054276742468188068 -0.01652528695760349 0.023406494224444709 -0.019761010102293974 -0.0088281052841647483
leaf_weight=89.58157962327823 90.589455219451338 11.578503603115676 15.030480409972368 88.081247734371573 39.715650003403425 41.510955914389342
leaf_count=3547 2115 498 501 1998 1190 1253
internal_value=-0.000144786 -0.0161214 0.0400829 0.00348736 0.00984571 -0.0365807
internal_weight=376.088 270.468 105.62 139.375 127.797 131.093
internal_count=11102 8486 2616 3686 3188 4800
is_linear=0
shrinkage=0.05


Tree=8
num_leaves=7
num_cat=0
split_feature=68 26 15 24 63 22
split_gain=82.8508 63.6702 36.5978 32.3043 14.7234 13.594
threshold=0.28413394303110046 -0.32405853160819814 -0.06437215837296513 0.024338706246574578 1.0000000180025095e-35 -1.2908101849383147
decision_type=2 2 2 2 2 2
left_child=1 2 5 -3 -5 -1
right_child=-2 3 -4 4 -6 -7
leaf_value=-0.0043427815622177571 -0.046210541366516374 -0.048027622404815971 -0.0062740062627199408 0.025862827010093466 -0.018237537820430569 0.048702021708113233
leaf_weight=12.888717377558349 74.898760491982102 46.236050662584603 49.872846614103764 36.106261983048171 33.798085453221574 118.70992817170918
leaf_count=373 2895 1795 1591 836 1041 2537
internal_value=-0.000259243 0.0116509 0.0299602 -0.0169917 0.00466765 0.0435258
internal_weight=372.511 297.612 181.471 116.14 69.9043 131.599
internal_count=11068 8173 4501 3672 1877 2910
is_linear=0
shrinkage=0.05


Tree=9
num_leaves=7
num_cat=0
split_feature=68 66 32 67 22 14
split_gain=82.4459 68.5716 36.921 26.9266 22.2066 16.8745
threshold=0.28413394303110046 -0.48746848826408135 -0.5547315386934506 0.72162689795309054 0.47889953659546675 0.59120372074248129
decision_type=2 2 2 2 2 2
left_child=1 2 -1 -3 5 -4
right_child=-2 3 4 -5 -6 -7
leaf_value=-0.042590949815692516 -0.04543050500104167 0.054655556499906124 0.026249825790612448 -0.043395629389307522 -0.020504425144656401 -0.026745071104201823
leaf_weight=43.926787498872727 73.804227972403169 86.826757571194321 103.31937450123951 5.4108502939343444 47.426133235916495 15.006749673280863
leaf_count=1718 2891 1988 2269 208 1461 545
internal_value=0.000876478 0.0125319 -0.0034011 0.0477179 0.00755732 0.0190336
internal_weight=375.721 301.917 209.679 92.2376 165.752 118.326
internal_count=11080 8189 5993 2196 4275 2814
is_linear=0
shrinkage=0.05


Tree=10
num_leaves=7
num_cat=0
split_feature=66 24 67 25 68 13
split_gain=74.2878 38.4961 32.4675 27.7129 25.7107 18.8789
threshold=-0.48746848826408135 1.0000000180025095e-35 0.76103183219019421 -0.57181069609361423 0.65791831107777488 -0.69590222529446211
decision_type=2 2 2 2 2 2
left_child=1 5 4 -3 -2 -1
right_child=2 3 -4 -5 -6 -7
leaf_value=-0.0070613436969770562 0.052088560619002279 -0.047235102713081525 -0.0438158826241924 0.013340181297022398 -0.035398214788743436 -0.047715361617811362
leaf_weight=44.772990352474153 85.441042040474713 19.373461474198848 9.3021760378032905 118.49462888296694 7.2018347196280947 82.052453128620982
leaf_count=1382 1972 790 368 2866 265 3356
internal_value=-0.000338421 -0.0143138 0.0353195 0.00400337 0.0443905 -0.0338582
internal_weight=366.639 264.694 101.945 137.868 92.6429 126.825
internal_count=10999 8394 2605 3656 2237 4738
is_linear=0
shrinkage=0.05


Tree=11
num_leaves=7
num_cat=0
split_feature=68 61 12 30 57 24
split_gain=75.0739 49.4457 32.7811 18.4641 16.9001 12.2367
threshold=0.1222584382809524 1.0000000180025095e-35 -0.13367109487128145 0.926652229322526 0.35724941740190025 -0.33455359502658821
decision_type=2 2 2 2 2 2
left_child=1 2 -1 5 -2 -4
right_child=4 -3 3 -5 -6 -7
leaf_value=-0.025596266321074181 -0.04730932467687339 0.049956441360501778 -0.0065806783735329029 -0.023547967505285886 0.032619986887674528 0.031192069049286366
leaf_weight=76.409509768011048 78.967829151079059 61.80952946213074 26.662164743058383 23.883134645875543 5.1275395713746539 90.010741602163762
leaf_count=2683 3190 1519 840 802 107 1880
internal_value=-0.000914801 0.0116335 0.000183529 0.0144401 -0.0414801 0.0226116
internal_weight=362.87 278.775 216.966 140.556 84.0954 116.673
internal_count=11021 7724 6205 3522 3297 2720
is_linear=0
shrinkage=0.05


Tree=12
num_leaves=7
num_cat=0
split_feature=68 66 24 57 28 30
split_gain=71.6487 61.0034 31.7398 19.3443 17.5683 15.6819
threshold=0.17791077752345721 -0.48577020367265994 0.38940245723936046 -0.086260715860803819 0.52108604043189022 -1.0066835839066652
decision_type=2 2 2 2 2 2
left_child=1 2 4 -2 -1 -4
right_child=3 -3 5 -5 -6 -7
leaf_value=-0.0061220621285732295 -0.047832270077306539 0.045449455139183553 -0.048002521510986204 0.03546170268318373 -0.046685285867973554 0.026146122420060772
leaf_weight=79.298256429377943 73.918271655216813 89.233386879554018 5.093013495206832 5.520354473963379 38.106384972110391 75.893054908607155
leaf_count=2452 3061 2135 230 107 1474 1632
internal_value=0.000179137 0.011848 -0.00371733 -0.0409642 -0.020123 0.019935
internal_weight=367.063 287.624 198.391 79.4386 117.405 80.9861
internal_count=11091 7923 5788 3168 3926 1862
is_linear=0
shrinkage=0.05


Tree=13
num_leaves=7
num_cat=0
split_feature=66 32 67 25 22 29
split_gain=58.136 30.908 26.6493 19.9097 21.2195 11.2989
threshold=-0.48577020367265994 -0.35857039051760792 0.76103183219019421 -0.68402866363241976 0.47889953659546675 -0.49017602477595074
decision_type=2 2 2 2 2 2
left_child=1 -1 -2 -3 -5 -6
right_child=2 3 -4 4 5 -7
leaf_value=-0.037029721480025313 0.040304007354301195 -0.035499947602954184 -0.042119587616764563 0.019110868374530535 0.024758011130937327 -0.031602721465263078
leaf_weight=80.398101821541786 92.14748312253505 30.320214660372585 8.494142806157468 108.01968755200505 8.9243123265914601 38.301483489573002
leaf_count=3204 2314 1203 341 2591 196 1288
internal_value=0.000517545 -0.0117466 0.0323296 -0.000377589 0.00702494 -0.0201095
internal_weight=366.605 265.964 100.642 185.566 155.245 47.2258
internal_count=11137 8482 2655 5278 4075 1484
is_linear=0
shrinkage=0.05


Tree=14
num_leaves=7
num_cat=0
split_feature=26 42 68 22 15 57
split_gain=61.55 37.0105 34.7704 26.5272 22.9105 17.4636
threshold=-0.34001451491300333 1.0000000180025095e-35 0.28413394303110046 -1.2908101849383147 1.4739351860246097 -0.17495899487820246
decision_type=2 2 2 2 2 2
left_child=2 5 3 -1 -5 -2
right_child=1 -3 -4 4 -6 -7
leaf_value=-0.026674393781470591 -0.036966242988629827 0.036312414876263681 -0.031410552332272329 0.037646287761086181 -0.042202968572290028 0.025133607589247632
leaf_weight=18.576946198474616 129.24150816723704 20.515691255684942 27.570843730121851 150.06744405208156 7.1235969224944702 10.31693988945335
leaf_count=663 4889 410 1079 3470 315 251
internal_value=0.000271603 -0.0226882 0.0184133 0.0266246 0.0333051 -0.0319432
internal_weight=363.413 160.074 203.339 175.768 157.191 139.558
internal_count=11077 5550 5527 4448 3785 5140
is_linear=0
shrinkage=0.05


Tree=15
num_leaves=7
num_cat=0
split_feature=26 66 42 67 68 22
split_gain=57.8643 39.3788 33.0162 26.2767 16.4719 15.0882
threshold=0.013276562495346209 0.25635549782830575 1.0000000180025095e-35 0.13506622488184225 0.75080250501983081 -1.8814746467292147
decision_type=2 2 2 2 2 2
left_child=1 3 -2 4 5 -1
right_child=2 -3 -4 -5 -6 -7
leaf_value=-0.044720961680425553 -0.041691351329453417 0.044773942513235 0.036201303510960361 -0.037416621646443757 -0.038683298640802055 0.019085784780706293
leaf_weight=7.1270406963303676 90.476693707983941 67.497997958795168 13.550515128299592 33.33586061373353 13.001898415386675 133.37737101432867
leaf_count=316 3545 1730 255 1315 538 3307
internal_value=8.26324e-05 0.0129318 -0.0308148 0.000902891 0.00978217 0.014982
internal_weight=358.367 254.34 104.027 186.842 153.506 140.504
internal_count=11006 7206 3800 5476 4161 3623
is_linear=0
shrinkage=0.05


Tree=16
num_leaves=7
num_cat=0
split_feature=26 15 42 68 22 58
split_gain=49.146 30.9731 27.847 21.099 18.1027 18.0192
threshold=-0.31503151205814323 0.47315706892346204 1.0000000180025095e-35 0.19110316698392829 -1.2908101849383147 -0.18730963634721756
decision_type=2 2 2 2 2 2
left_child=1 3 5 4 -1 -2
right_child=2 -3 -4 -5 -6 -7
leaf_value=-0.021231134653055508 -0.035320604720440678 -0.025088593393973613 0.031873070144179443 -0.01681394861284739 0.03771944346285528 0.019792932490836163
leaf_weight=12.508240820374338 120.22501767729409 34.909014692530036 19.261132683604956 23.808008886873722 131.37409908650443 14.913936048513277
leaf_count=436 4620 1326 388 843 3036 414
internal_value=0.000136512 0.0162327 -0.0208912 0.0251245 0.0322657 -0.0289405
internal_weight=356.999 202.599 154.4 167.69 143.882 135.139
internal_count=11063 5641 5422 4315 3472 5034
is_linear=0
shrinkage=0.05


Tree=17
num_leaves=7
num_cat=0
split_feature=12 32 68 68 66 26
split_gain=46.5993 27.283 21.8507 17.1333 14.1743 13.3678
threshold=0.65947444826640644 -0.5267085175254731 0.26595776199667381 0.14370828632964386 1.2396420076101056 -0.95768784345879332
decision_type=2 2 2 2 2 2
left_child=1 5 4 -2 -3 -1
right_child=3 2 -4 -5 -6 -7
leaf_value=0.024155641962637 0.030876083676030421 -0.001158879544362541 -0.038668501192095764 -0.012863862154032183 0.042073726440364632 -0.049194359040850198
leaf_weight=5.1674542659893623 113.81395413866267 108.93811384844594 30.94026530534029 25.91425015591085 19.916136817540973 54.308991970960051
leaf_count=116 2724 3155 1314 875 500 2445
internal_value=0.0003725 -0.0139468 -0.00293606 0.0226641 0.00632854 -0.0419676
internal_weight=358.999 219.271 159.795 139.728 128.854 59.4764
internal_count=11129 7530 4969 3599 3655 2561
is_linear=0
shrinkage=0.05


Tree=18
num_leaves=7
num_cat=0
split_feature=66 24 25 29 26 29
split_gain=46.8439 30.3257 18.8814 15.3125 14.9055 14.2357
threshold=-0.48746848826408135 0.012767238022282256 -0.65900192925788059 -0.14730110622226308 1.0000000180025095e-35 1.1823230486326886
decision_type=2 2 2 2 2 2
left_child=1 3 -3 -1 -2 -4
right_child=4 2 5 -5 -6 -7
leaf_value=-0.0068546399968585567 0.037995363729467005 -0.040926070457918594 0.019102290759045241 -0.042825048226023121 -0.015159166561625107 -0.031042322562179737
leaf_weight=51.701081005856395 81.818761324509978 15.859940948430447 106.72333949385211 70.607919989153743 13.937610468594356 13.5038640871644
leaf_count=1727 2150 684 2467 3075 460 469
internal_value=0.000701455 -0.0103882 0.00583652 -0.0281482 0.0300331 0.0128515
internal_weight=354.153 258.396 136.087 122.309 95.7564 120.227
internal_count=11032 8422 3620 4802 2610 2936
is_linear=0
shrinkage=0.05


Tree=19
num_leaves=7
num_cat=0
split_feature=12 30 28 22 28 63
split_gain=41.0373 27.4664 19.9912 16.1302 12.6255 11.9942
threshold=-0.14234177308783622 0.97268403439941153 0.83969199106468206 -1.2908101849383147 0.064088883104862063 1.0000000180025095e-35
decision_type=2 2 2 2 2 2
left_child=4 2 3 -2 -1 -5
right_child=1 -3 -4 5 -6 -7
leaf_value=-0.0050332385870094469 -0.017038562012375563 -0.028897378613715649 -0.023632437915201265 0.043693270207826033 -0.036975715548790089 0.014702752551912496
leaf_weight=55.879572153557092 18.137346968520433 31.835153784835711 21.3861262681894 79.739418650045991 69.437359440489672 70.639583733864129
leaf_count=1878 618 1166 773 1902 2896 1774
internal_value=-0.000628519 0.0122577 0.019499 0.0252904 -0.0231831 0.0306291
internal_weight=347.055 221.738 189.902 168.516 125.317 150.379
internal_count=11007 6233 5067 4294 4774 3676
is_linear=0
shrinkage=0.05


Tree=20
num_leaves=7
num_cat=0
split_feature=67 22 25 24 63 20
split_gain=43.5407 31.7343 27.3756 24.2952 16.3789 15.5663
threshold=0.13506622488184225 1.0826950654601419 -0.63647104904712382 0.012767238022282256 1.0000000180025095e-35 -0.84111548570800887
decision_type=2 2 2 2 2 2
left_child=1 2 5 -2 -4 -1
right_child=3 -3 4 -5 -6 -7
leaf_value=0.026878215601323238 -0.046389262541372503 -0.045199219734180791 0.040000639527705453 0.0086016737485022903 0.0097281944914852994 -0.027281708749701584
leaf_weight=15.567358803935347 61.439174616709352 20.617039621109143 90.527971520321444 27.975174318999052 90.431592479813844 45.521711674286053
leaf_count=406 2817 835 2106 748 2388 1822
internal_value=9.88015e-05 0.0103812 0.0156108 -0.0294635 0.0252778 -0.012868
internal_weight=352.08 262.666 242.049 89.4143 180.96 61.0891
internal_count=11122 7557 6722 3565 4494 2228
is_linear=0
shrinkage=0.05


Tree=21
num_leaves=7
num_cat=0
split_feature=68 61 28 24 15 58
split_gain=39.5465 30.7302 20.6 17.3197 14.7036 14.4944
threshold=0.26595776199667381 1.0000000180025095e-35 0.66489654880419702 0.47321524444725732 0.26039034475945733 0.89610244591747013
decision_type=2 2 2 2 2 2
left_child=1 2 4 -4 -1 -2
right_child=5 -3 3 -5 -6 -7
leaf_value=0.014888298848924003 -0.040349417083558263 0.040046154964408165 -0.048762925257151896 0.012241113546105496 -0.02015008813572592 0.033041042590442792
leaf_weight=137.66416523163207 63.514907665550709 56.024038309813477 31.513430085033178 16.018281283322722 35.258295789361 5.2396961953490964
leaf_count=3487 2841 1520 1362 419 1298 108
internal_value=-0.000501769 0.00800369 -0.000567583 -0.0286982 0.0075223 -0.0336088
internal_weight=345.233 276.478 220.454 47.5317 172.922 68.7546
internal_count=11035 8086 6566 1781 4785 2949
is_linear=0
shrinkage=0.05


Tree=22
num_leaves=7
num_cat=0
split_feature=68 24 67 58 28 29
split_gain=36.9087 28.144 21.7447 20.7024 17.2396 12.6697
threshold=0.1222584382809524 -0.053254416790764626 0.24165049634255453 -0.18730963634721756 0.52108604043189022 1.1823230486326886
decision_type=2 2 2 2 2 2
left_child=1 2 4 -2 -1 -3
right_child=3 5 -4 -5 -6 -7
leaf_value=0.016808116512638086 -0.039414483801599731 0.025978488888759574 -0.045051326627621652 0.031975772455825606 -0.03703945525599666 -0.020224804480813652
leaf_weight=56.880620768060908 68.542747102677822 146.81596468004864 30.186872306279838 9.5272509846836311 16.794225221499801 14.26487458241172
leaf_count=1607 3060 3645 1338 212 694 464
internal_value=-0.000283914 0.00866236 -0.0114335 -0.0298415 0.00356457 0.0215919
internal_weight=343.013 264.943 103.862 78.07 73.6748 161.081
internal_count=11020 7748 3639 3272 2301 4109
is_linear=0
shrinkage=0.05


Tree=23
num_leaves=7
num_cat=0
split_feature=66 24 67 25 22 26
split_gain=36.3416 23.6351 18.8736 15.4822 14.4312 13.0521
threshold=-0.39066980643017163 -0.11246176253839511 0.72162689795309054 -0.42861958753868973 0.47889953659546675 -0.76491277457812989
decision_type=2 2 2 2 2 2
left_child=1 5 -2 -3 -5 -1
right_child=2 3 -4 4 -6 -7
leaf_value=0.00025096313985280467 0.034528853418248177 -0.030236710884992492 -0.036788702482186429 0.021047488822225808 -0.015601442818127071 -0.038510107139903049
leaf_weight=29.706839141901582 76.743853540392593 26.354851361364126 8.0239094160497171 85.957998730707914 35.940516467671841 77.377038744743913
leaf_count=949 2138 1044 344 1976 1115 3523
internal_value=-0.00105505 -0.0104898 0.0267514 0.00249396 0.0101267 -0.0280433
internal_weight=340.105 255.337 84.7678 148.253 121.899 107.084
internal_count=11089 8607 2482 4135 3091 4472
is_linear=0
shrinkage=0.05


Tree=24
num_leaves=7
num_cat=0
split_feature=68 66 29 42 25 57
split_gain=36.4205 30.3747 15.7935 25.1688 15.5348 13.6533
threshold=0.14370828632964386 0.25635549782830575 0.074455749949522573 1.0000000180025095e-35 -0.66923083976518549 -0.086260715860803819
decision_type=2 2 2 2 2 2
left_child=1 2 4 -4 -1 -2
right_child=5 -3 3 -5 -6 -7
leaf_value=-0.014377414849435636 -0.035232686642665961 0.039227956825839821 -0.027470751743084734 0.039871245592029939 0.023829682577152841 0.032616743627748516
leaf_weight=36.387583937030286 70.079700939357281 62.795671056373976 73.382554107345641 14.188017184147609 81.781096426770091 5.9073689337819806
leaf_count=1300 3141 1740 2739 245 1837 119
internal_value=0.000972029 0.00965646 0.000196592 -0.0156009 0.0119999 -0.0289195
internal_weight=344.522 268.535 205.739 87.5706 118.169 75.9871
internal_count=11121 7861 6121 2984 3137 3260
is_linear=0
shrinkage=0.05


Tree=25
num_leaves=7
num_cat=0
split_feature=26 42 24 57 68 22
split_gain=33.6373 24.117 19.9952 14.0325 12.4058 11.2502
threshold=-0.32405853160819814 1.0000000180025095e-35 -0.042566880166939207 -0.17495899487820246 0.14370828632964386 -0.83983847820301094
decision_type=2 2 2 2 2 2
left_child=2 3 -1 -2 5 -4
right_child=1 -3 4 -5 -6 -7
leaf_value=-0.0055621274837151105 -0.031474704623237308 0.030385745243755272 -0.010042329419570038 0.025240355205438211 -0.010824677439337847 0.040372175845269143
leaf_weight=81.778523331973702 116.24295587255619 19.129970867768861 11.54640074004419 9.789350981009191 17.047130064107478 80.199644512031227
leaf_count=2838 4818 396 369 233 583 1809
internal_value=-0.000689553 -0.018614 0.0130407 -0.026585 0.0267983 0.0339103
internal_weight=335.734 145.162 190.572 126.032 108.793 91.746
internal_count=11046 5447 5599 5051 2761 2178
is_linear=0
shrinkage=0.05


Tree=26
num_leaves=7
num_cat=0
split_feature=68 29 22 42 67 58
split_gain=33.0068 25.1497 18.7036 14.8218 12.459 11.937
threshold=0.28413394303110046 0.13810959598367042 -1.2908101849383147 1.0000000180025095e-35 1.4730980887567107 -0.057774613408808066
decision_type=2 2 2 2 2 2
left_child=1 2 -1 -3 -4 -2
right_child=5 3 4 -5 -6 -7
leaf_value=-0.027567404052172336 -0.040615724546512799 -0.021233546730284804 0.026337215981665697 0.030840551096338834 -0.040740037365393035 0.023609027186876269
leaf_weight=17.733908246271312 56.331264629028738 86.32768788957037 146.42753567139152 13.407628151820971 4.6576477233320466 6.2614685203880063
leaf_count=664 2735 3177 3867 262 220 152
internal_value=-0.00158583 0.00611748 0.0177626 -0.013537 0.0235164 -0.033405
internal_weight=331.147 268.554 168.819 99.7353 151.085 62.5927
internal_count=11077 8190 4751 3439 4087 2887
is_linear=0
shrinkage=0.05


Tree=27
num_leaves=7
num_cat=0
split_feature=12 32 63 58 25 26
split_gain=31.4472 19.7692 15.1775 13.0392 9.38504 10.593
threshold=0.60148533209182087 -0.47066247518951809 1.0000000180025095e-35 -0.21675049406047356 -1.2647307324057866 -0.34001451491300333
decision_type=2 2 2 2 2 2
left_child=1 -1 -2 4 -3 -6
right_child=2 3 -4 -5 5 -7
leaf_value=-0.036706595406576711 0.033835947012979407 -0.046334173405409775 0.00048786127468050449 0.033381386047114929 0.014924060143198793 -0.015498215889386444
leaf_weight=55.225055786082521 72.934633543598466 11.354905545013024 62.120168005814776 19.108735774527304 45.052558847237378 67.943454388296232
leaf_count=2647 1958 588 1810 472 1240 2378
internal_value=0.000458474 -0.0121313 0.018841 -0.00211294 -0.00822515 -0.0032963
internal_weight=333.74 198.685 135.055 143.46 124.351 112.996
internal_count=11093 7325 3768 4678 4206 3618
is_linear=0
shrinkage=0.05


Tree=28
num_leaves=7
num_cat=0
split_feature=12 24 30 30 58 23
split_gain=28.8421 16.1617 14.2304 12.8102 10.9837 10.8834
threshold=0.65947444826640644 0.024338706246574578 -1.0680593240091794 0.91130829429689741 -0.22263826968646502 -2.067328891866167
decision_type=2 2 2 2 2 2
left_child=1 4 -3 -2 5 -1
right_child=3 2 -4 -5 -6 -7
leaf_value=0.014905631375863546 0.024391592876977584 -0.045657426639853407 0.00875666533632132 -0.017435265361089244 0.016568141914630751 -0.038290910214379047
leaf_weight=9.2977215114515257 107.32216059579514 10.819555035792289 89.201686675660312 19.702433820115402 11.248622957617043 78.773145553190261
leaf_count=287 2844 546 2491 691 313 3784
internal_value=-0.00072948 -0.0125302 0.0017124 0.0176514 -0.0265032 -0.0323689
internal_weight=326.365 199.341 100.021 127.025 99.3195 88.0709
internal_count=10956 7421 3037 3535 4384 4071
is_linear=0
shrinkage=0.05


Tree=29
num_leaves=7
num_cat=0
split_feature=29 25 25 24 57 13
split_gain=25.0569 22.9031 14.6446 11.1333 9.84219 9.67651
threshold=0.12481335443512066 -0.68402866363241976 0.73459847680467283 0.29408248774175044 0.8007483077591776 -1.1100211999160006
decision_type=2 2 2 2 2 2
left_child=1 5 4 -4 -2 -1
right_child=2 -3 3 -5 -6 -7
leaf_value=0.0095280334771939545 -0.037206706061692137 0.022228722126626535 -0.021724602210540889 0.018327387812532157 0.023691927198063744 -0.030556186997242874
leaf_weight=23.41008981061168 64.097146594198421 139.91427239554469 27.690754406154156 36.926610823255032 5.338783490471541 34.13992433086969
leaf_count=744 2987 3723 1070 917 117 1536
internal_value=0.000178429 0.0114414 -0.0162995 0.000961381 -0.031737 -0.0145866
internal_weight=331.518 197.464 134.053 64.6174 69.4359 57.55
internal_count=11094 6003 5091 1987 3104 2280
is_linear=0
shrinkage=0.05


Tree=30
num_leaves=7
num_cat=0
split_feature=29 25 42 25 67 31
split_gain=25.934 23.2099 22.6403 10.6748 9.48158 8.16359
threshold=0.11128786734263095 -0.63647104904712382 1.0000000180025095e-35 0.87600293565765475 0.65340602061748776 -0.3381642757055961
decision_type=2 2 2 2 2 2
left_child=1 -1 3 -2 5 -3
right_child=2 4 -4 -5 -6 -7
leaf_value=-0.014398844357581373 -0.037106060741641238 0.032962346114955271 0.033477957982033804 -0.0060064721854319802 -0.029923953656715432 0.0046168192773076598
leaf_weight=59.539701845729724 69.679788033477962 93.607592652435414 16.485102839535102 46.650193701032549 5.7776400037109843 35.939632063149475
leaf_count=2367 3264 2272 341 1543 271 1000
internal_value=-0.00042861 0.0111239 -0.0172496 -0.0250992 0.0224221 0.0253811
internal_weight=327.68 194.865 132.815 116.33 135.325 129.547
internal_count=11058 5910 5148 4807 3543 3272
is_linear=0
shrinkage=0.05


Tree=31
num_leaves=7
num_cat=0
split_feature=66 32 58 68 63 22
split_gain=25.7398 19.2482 12.547 16.107 12.6016 10.772
threshold=0.25635549782830575 -0.58275455986142821 -0.19908568249502517 -0.13352733514706608 1.0000000180025095e-35 0.52210749445680171
decision_type=2 2 2 2 2 2
left_child=1 -1 3 -3 -5 -4
right_child=-2 2 5 4 -6 -7
leaf_value=-0.033303858937779013 0.027178943690827514 0.0050491797204134607 0.046304068364172085 0.0088347249746994917 -0.041227255013435292 -0.019694067470955267
leaf_weight=52.985982436686754 65.19196560268756 122.67759774019942 20.228407754097137 16.576953176409006 39.278577657416463 6.49813687801361
leaf_count=2610 2040 3429 372 585 1757 214
internal_value=-0.00017815 -0.00731702 -0.000225637 -0.00515335 -0.0266767 0.0298895
internal_weight=323.438 258.246 205.26 178.533 55.8555 26.7265
internal_count=11007 8967 6357 5771 2342 586
is_linear=0
shrinkage=0.05


Tree=32
num_leaves=7
num_cat=0
split_feature=63 6 29 68 58 67
split_gain=24.6895 16.839 15.5626 15.0506 8.02606 7.8133
threshold=1.0000000180025095e-35 -0.095016979850942845 0.11128786734263095 -0.24077657539052386 -0.21086222353865744 0.76103183219019421
decision_type=2 2 2 2 2 2
left_child=1 5 3 -2 -5 -1
right_child=2 -3 -4 4 -6 -7
leaf_value=0.025237677629590827 0.01352319220938435 -0.026274818668480211 -0.032585267815618379 -0.034013386008147552 0.025428217388080737 -0.0041014964537131673
leaf_weight=117.09174741723109 63.165212002582848 20.31216611713171 62.031588055891916 32.3287143567577 4.5012723170220843 27.035384702496231
leaf_count=3307 1670 886 2776 1371 93 998
internal_value=0.000181845 0.0137072 -0.0135445 -0.00112763 -0.0253805 0.0197628
internal_weight=326.466 164.439 162.027 99.9952 36.83 144.127
internal_count=11101 5191 5910 3134 1464 4305
is_linear=0
shrinkage=0.05


Tree=33
num_leaves=7
num_cat=0
split_feature=66 24 26 20 25 22
split_gain=22.9985 16.0566 12.2301 11.9983 11.6583 10.9388
threshold=0.25635549782830575 -0.55153469571571867 -0.012717810845455776 -0.8481017833063168 -1.1274451148504125 0.47889953659546675
decision_type=2 2 2 2 2 2
left_child=1 3 -2 -1 -3 -6
right_child=2 4 -4 -5 5 -7
leaf_value=0.015108624185092331 0.034123031291800644 -0.046178523341623645 -0.023065606190552999 -0.037272375629861729 0.011580162523843283 -0.014615011103397801
leaf_weight=11.747469768859444 55.900152427493595 9.5945783057250065 8.9335815375670773 54.533053203020245 126.21741545479745 54.740507146343589
leaf_count=330 1730 549 340 2739 3447 1956
internal_value=-0.000357603 -0.00712264 0.0255713 -0.0277362 0.000366213 0.0035469
internal_weight=321.667 256.833 64.8337 66.2805 190.553 180.958
internal_count=11091 9021 2070 3069 5952 5403
is_linear=0
shrinkage=0.05


Tree=34
num_leaves=7
num_cat=0
split_feature=68 66 15 63 29 30
split_gain=21.6581 18.2837 9.61469 9.54786 8.48584 7.62121
threshold=0.26595776199667381 0.25635549782830575 0.5510293532224747 1.0000000180025095e-35 1.1823230486326886 0.926652229322526
decision_type=2 2 2 2 2 2
left_child=1 2 4 -2 5 -1
right_child=3 -3 -4 -5 -6 -7
leaf_value=0.012624732269446751 -0.0032008090586700256 0.031401539037796231 -0.024419897667785229 -0.042450980218434409 -0.025434156668804827 -0.019709890614270711
leaf_weight=134.40659167291597 27.893983239308 55.67301805340685 31.459800066892058 33.398424581624568 18.034155837493017 18.277295693289489
leaf_count=3545 1154 1747 1363 1769 739 672
internal_value=0.00042604 0.00682873 -0.000297998 -0.0255712 0.00449212 0.00844884
internal_weight=319.143 257.851 202.178 61.2924 170.718 152.684
internal_count=10989 8066 6319 2923 4956 4217
is_linear=0
shrinkage=0.05


Tree=35
num_leaves=7
num_cat=0
split_feature=63 32 68 31 28 26
split_gain=19.7734 15.3464 14.7154 10.9106 9.10205 8.96503
threshold=1.0000000180025095e-35 -0.61077758102940571 0.68777219981980353 -0.3381642757055961 -1.2060178485980126 -0.76013781477322595
decision_type=2 2 2 2 2 2
left_child=1 5 3 -2 -3 -1
right_child=2 4 -4 -5 -6 -7
leaf_value=0.016864955497137912 0.005500552772803138 -0.018918104885146551 -0.04999157511255764 -0.022389985037971127 0.024054874450666983 -0.034338883208360413
leaf_weight=10.756205180892719 78.961892892373726 11.557091443799434 20.076685382984579 58.791745182592422 113.51584680285305 21.990306414663792
leaf_count=327 2470 399 1171 2258 3291 1124
internal_value=-0.000580827 0.0118222 -0.0129722 -0.00662633 0.0197339 -0.0175162
internal_weight=315.65 157.819 157.83 137.754 125.073 32.7465
internal_count=11040 5141 5899 4728 3690 1451
is_linear=0
shrinkage=0.05


Tree=36
num_leaves=7
num_cat=0
split_feature=24 25 27 42 26 63
split_gain=19.5247 19.3149 17.3426 14.4148 13.9007 10.1521
threshold=-0.55153469571571867 -0.78743612958760012 0.74176764148965568 1.0000000180025095e-35 -0.83831782926257581 1.0000000180025095e-35
decision_type=2 2 2 2 2 2
left_child=4 -2 5 -4 -1 -3
right_child=1 2 3 -5 -6 -7
leaf_value=0.0086084436145002444 -0.033283376271084984 0.032015213666845593 -0.024752147778880487 0.035839644741102454 -0.035177183821677387 0.0071832630473821699
leaf_weight=25.580199277261272 23.214092136127874 83.628943353192881 43.039299871306866 9.6658993333112431 51.8276828287635 82.676865633111447
leaf_count=829 1137 2255 1773 171 2650 2286
internal_value=0.000459059 0.00746563 0.0121762 -0.0123082 -0.0209265 0.0200163
internal_weight=319.633 242.225 219.011 52.7052 77.4079 166.306
internal_count=11101 7622 6485 1944 3479 4541
is_linear=0
shrinkage=0.05


Tree=37
num_leaves=7
num_cat=0
split_feature=68 15 22 58 2 22
split_gain=19.3381 17.1315 11.0008 9.33433 9.08373 8.23739
threshold=0.26595776199667381 -0.057132140589489379 1.2910015385850289 0.89610244591747013 0.62238172259669244 -1.8375919700063812
decision_type=2 2 2 2 2 2
left_child=1 2 4 -2 5 -1
right_child=3 -3 -4 -5 -6 -7
leaf_value=-0.023137076707945608 -0.029727470875943997 -0.012934309156307083 -0.029078645950077205 0.029698979199472498 -0.0032672587531460458 0.026859567497175746
leaf_weight=6.5494770072400561 55.310934733599424 73.438823015196249 10.540680178208275 5.0320790074765673 37.902007947443053 131.99870057357475
leaf_count=249 2832 2856 434 94 1239 3384
internal_value=0.00121722 0.00717077 0.0151464 -0.0236 0.0182303 0.0240558
internal_weight=320.773 260.43 186.991 60.343 176.45 138.548
internal_count=11088 8162 5306 2926 4872 3633
is_linear=0
shrinkage=0.05


Tree=38
num_leaves=7
num_cat=0
split_feature=22 68 66 15 58 58
split_gain=22.8094 16.2743 14.1107 10.2413 6.68271 6.30083
threshold=1.0826950654601419 0.26595776199667381 0.20201552943411064 0.5510293532224747 -0.18730963634721756 -0.21086222353865744
decision_type=2 2 2 2 2 2
left_child=1 2 3 5 -3 -1
right_child=-2 4 -4 -5 -6 -7
leaf_value=0.0049016360466924373 -0.038125764353221417 -0.02548153503203663 0.033412767777993811 -0.023137443493780059 0.022249702468965852 0.033818625936005861
leaf_weight=132.87888725148514 31.129800477297977 47.199485553428531 50.717530207009986 26.252854539081454 6.2157566761597982 19.267701637931168
leaf_count=3813 1516 2378 1623 1144 147 397
internal_value=0.000510861 0.00512375 0.0109303 0.00409183 -0.0190394 0.00914678
internal_weight=313.662 282.532 229.117 178.399 53.4152 152.147
internal_count=11018 9502 6977 5354 2525 4210
is_linear=0
shrinkage=0.05


Tree=39
num_leaves=7
num_cat=0
split_feature=66 67 68 28 58 28
split_gain=18.0562 12.4813 12.7017 10.8643 12.2759 7.65833
threshold=-0.48577020367265994 0.76103183219019421 0.24846563078612385 0.42133414852706258 -0.19319741197320903 -1.2596903674774362
decision_type=2 2 2 2 2 2
left_child=3 2 -2 4 5 -1
right_child=1 -3 -4 -5 -6 -7
leaf_value=-0.032200566588502309 0.033296049420614329 -0.033270266769152762 -0.027417094091807731 -0.023286481747806492 0.033908459148706778 -0.00060906413530354732
leaf_weight=19.946007747668773 64.218862566747703 7.4660473242402068 7.5853336080908766 73.234734687954187 19.622785352636129 117.75011935341172
leaf_count=878 1953 360 315 3157 395 3964
internal_value=-0.000706016 0.0194444 0.02604 -0.00779501 -0.000282657 -0.00577428
internal_weight=309.824 79.2702 71.8042 230.554 157.319 137.696
internal_count=11022 2628 2268 8394 5237 4842
is_linear=0
shrinkage=0.05


Tree=40
num_leaves=7
num_cat=0
split_feature=25 27 29 42 18 63
split_gain=16.4118 14.3112 13.106 9.04294 8.69709 8.13048
threshold=-0.42125477197343014 0.63669461012174855 -0.1860436031482092 1.0000000180025095e-35 0.60943451940364068 1.0000000180025095e-35
decision_type=2 2 2 2 2 2
left_child=2 5 -1 4 -3 -2
right_child=1 3 -4 -5 -6 -7
leaf_value=-0.0058936271727744469 0.025856604530778027 -0.035699193446824359 -0.046771501011408222 0.027399731171193115 0.005911862711838663 0.0029992822478575685
leaf_weight=67.243891896912828 76.892216131207533 33.461944937938824 25.322328594513237 8.6944913691841048 17.999090304132551 77.570366624742746
leaf_count=2591 2204 1663 1494 173 536 2323
internal_value=-0.000929663 0.00666444 -0.0181933 -0.0135711 -0.0216213 0.0146536
internal_weight=307.184 214.618 92.5662 60.1555 51.461 154.463
internal_count=10984 6899 4085 2372 2199 4527
is_linear=0
shrinkage=0.05


Tree=41
num_leaves=7
num_cat=0
split_feature=24 25 31 30 27 42
split_gain=20.4042 18.261 12.8224 13.8128 11.0778 7.25956
threshold=-0.55153469571571867 -1.1274451148504125 -0.3381642757055961 0.95734009937378295 -1.0760112190814282 1.0000000180025095e-35
decision_type=2 2 2 2 2 2
left_child=4 -2 3 -3 -1 -4
right_child=1 2 5 -5 -6 -7
leaf_value=0.0018710250300664267 -0.047296693124423021 0.02750555308912192 -0.0075275975788857558 -0.027100135994399491 -0.036939206503876554 0.025766032822673625
leaf_weight=29.283551158616319 11.475039235781876 105.93358583864756 90.682444618782029 10.556447960436342 45.182939523132518 16.852416720241308
leaf_count=1038 685 2899 3190 473 2491 358
internal_value=9.95427e-05 0.00734 0.0107266 0.022001 -0.0221959 -0.00175226
internal_weight=309.966 235.5 224.025 116.49 74.4665 107.535
internal_count=11134 7605 6920 3372 3529 3548
is_linear=0
shrinkage=0.05


Tree=42
num_leaves=7
num_cat=0
split_feature=66 42 34 68 67 12
split_gain=15.1816 12.7843 11.9632 11.6402 9.61904 8.40769
threshold=-0.48746848826408135 1.0000000180025095e-35 1.0000000180025095e-35 0.65791831107777488 0.72162689795309054 1.1249379734025482
decision_type=2 2 2 2 2 2
left_child=1 5 -3 4 -2 -1
right_child=3 2 -4 -5 -6 -7
leaf_value=-0.015401943717065778 0.031430407370054002 -0.034810321906161748 0.036730184047596558 -0.029745207295153023 -0.027196316817948929 0.01054017536689017
leaf_weight=163.04882608563639 64.508043433190323 4.8391322959214476 25.09503395948559 8.2456399258226138 5.5113241467624894 36.21945631923154
leaf_count=6711 2022 242 499 406 228 958
internal_value=0.000550084 -0.0059648 0.0230476 0.0191451 0.025888 -0.0106003
internal_weight=307.467 229.202 29.9342 78.265 70.0194 199.268
internal_count=11066 8410 741 2656 2250 7669
is_linear=0
shrinkage=0.05


Tree=43
num_leaves=7
num_cat=0
split_feature=63 68 12 30 28 31
split_gain=18.032 12.4982 9.37092 8.45873 8.36746 7.82065
threshold=1.0000000180025095e-35 0.28413394303110046 -0.56187285504394435 0.7885568140918694 -1.2060178485980126 -0.3381642757055961
decision_type=2 2 2 2 2 2
left_child=2 5 -1 4 -4 -2
right_child=1 -3 3 -5 -6 -7
leaf_value=-0.010058514221067162 0.0063929274568776664 -0.039452642570485627 -0.013648057189771573 -0.0058592553249634926 0.030981734766084835 -0.018644260613572178
leaf_weight=34.791795814526267 69.493638199521229 29.783303895965219 10.271134840790181 26.104962293757126 81.340562377008609 52.036627576686442
leaf_count=1519 2156 1740 356 864 2419 1975
internal_value=8.20358e-05 -0.0120278 0.0120973 0.0187328 0.0257039 -0.00451834
internal_weight=303.822 151.314 152.508 117.717 91.6117 121.53
internal_count=11029 5871 5158 3639 2775 4131
is_linear=0
shrinkage=0.05


Tree=44
num_leaves=7
num_cat=0
split_feature=68 24 22 58 67 22
split_gain=14.9524 14.4211 12.9151 12.3222 12.0923 10.8515
threshold=-0.13352733514706608 0.64808905798687888 0.77406308777554234 -0.18730963634721756 1.0903320975989417 -1.5123774787641879
decision_type=2 2 2 2 2 2
left_child=1 2 4 -2 5 -1
right_child=3 -3 -4 -5 -6 -7
leaf_value=-0.032262872478008235 -0.022352188806524169 0.025903638460613942 -0.03037323877699475 0.026123233179726618 -0.026361074246808815 0.020049598372219566
leaf_weight=8.5064426735043508 84.260656643658876 70.984810638474301 27.361564165912569 12.833392112515865 19.966244155541062 81.569151894655079
leaf_count=361 4122 1808 1227 304 866 2402
internal_value=0.000571771 0.00810465 -0.0014476 -0.015354 0.00635987 0.0142287
internal_weight=305.482 208.388 137.403 97.094 110.042 90.0756
internal_count=11090 6664 4856 4426 3629 2763
is_linear=0
shrinkage=0.05


Tree=45
num_leaves=7
num_cat=0
split_feature=68 66 24 58 67 67
split_gain=16.4436 11.8449 11.1328 8.41361 8.36379 8.0008
threshold=0.26595776199667381 1.7694959521230855 0.64808905798687888 -0.18730963634721756 0.13506622488184225 0.72162689795309054
decision_type=2 2 2 2 2 2
left_child=1 2 4 -2 -1 -3
right_child=3 5 -4 -5 -6 -7
leaf_value=8.1596159313906423e-05 -0.031715397189350486 0.037139088021354176 0.016647421350075464 0.020620264700079979 -0.026582412699455511 -0.030306575573966234
leaf_weight=104.7569688402582 47.648958143778145 34.185080938856117 68.878209385322407 6.9218175979331127 37.87926122546196 2.721797749400138
leaf_count=3349 2762 1197 1721 167 1771 120
internal_value=-0.00024654 0.0052753 0.000553389 -0.0243485 -0.00740116 0.0302607
internal_weight=302.992 248.421 211.514 54.5708 142.636 36.9069
internal_count=11087 8158 6841 2929 5120 1317
is_linear=0
shrinkage=0.05


Tree=46
num_leaves=7
num_cat=0
split_feature=26 58 22 42 68 22
split_gain=13.4358 12.9298 10.9746 8.8192 8.08725 6.48748
threshold=-0.40387072591369022 -0.19908568249502517 -1.2908101849383147 1.0000000180025095e-35 -0.13352733514706608 0.50614779830982259
decision_type=2 2 2 2 2 2
left_child=2 3 -1 -2 -4 -3
right_child=1 5 4 -5 -6 -7
leaf_value=-0.023629764532737088 -0.022988986903498286 0.037794983801848397 0.021412430556502479 0.015323536464357579 -0.0059385748071997457 -0.019128278170880697
leaf_weight=19.460644386941567 108.46996647934429 14.913572250865402 98.795745809096843 15.231719377217813 35.287467549787834 4.8236995724728322
leaf_count=798 5041 333 2882 387 1456 194
internal_value=-0.00111418 -0.0119901 0.00908104 -0.0180203 0.0142419 0.0231949
internal_weight=296.983 143.439 153.544 123.702 134.083 19.7373
internal_count=11091 5955 5136 5428 4338 527
is_linear=0
shrinkage=0.05


Tree=47
num_leaves=7
num_cat=0
split_feature=22 25 26 24 63 23
split_gain=14.909 13.6197 11.2123 9.11481 7.52788 8.36709
threshold=1.438635215625951 -0.66923083976518549 -0.68386972087272568 -0.56559724390496324 1.0000000180025095e-35 -0.60017031069124382
decision_type=2 2 2 2 2 2
left_child=1 2 -1 -3 -5 -6
right_child=-2 3 -4 4 5 -7
leaf_value=0.0019705931961447446 -0.047682449207295842 -0.016329440082572391 -0.03938809391149195 0.022021541861859069 0.026350299719155524 -0.0059926046586709089
leaf_weight=34.276828899048269 12.51740683079697 29.641886702273041 27.929534301627427 96.485168857965618 23.986711777281016 74.447953522205353
leaf_count=1327 740 1452 1579 2924 525 2539
internal_value=6.64278e-05 0.00262275 -0.0175565 0.00837042 0.0123172 0.002435
internal_weight=299.285 286.768 62.2064 224.562 194.92 98.4347
internal_count=11086 10346 2906 7440 5988 3064
is_linear=0
shrinkage=0.05


Tree=48
num_leaves=7
num_cat=0
split_feature=66 25 29 41 33 34
split_gain=12.421 9.10101 8.70207 10.9475 6.98698 6.21991
threshold=0.25635549782830575 -0.42861958753868973 -0.57255159023190705 1.0000000180025095e-35 1.5132185918188716 1.0000000180025095e-35
decision_type=2 2 2 2 2 2
left_child=1 4 -3 5 -1 -4
right_child=-2 2 3 -5 -6 -7
leaf_value=-0.030258740298185711 0.021039590149385508 0.025190923770840951 -0.0086224387405192914 -0.0099869740178723503 0.0014238859277381163 0.039326992227326489
leaf_weight=45.310794729273766 56.703889737837017 29.744198865490034 8.7035422613844293 116.5068372017704 26.792181678116322 17.532436248846352
leaf_count=2378 2061 678 324 4394 1002 317
internal_value=0.000573962 -0.00436808 0.00192556 -0.00334113 -0.0188994 0.0241677
internal_weight=301.294 244.59 172.487 142.743 72.103 26.236
internal_count=11154 9093 5713 5035 3380 641
is_linear=0
shrinkage=0.05


Tree=49
num_leaves=7
num_cat=0
split_feature=32 25 63 68 24 26
split_gain=13.0248 14.5799 11.2133 10.5985 6.63557 6.43338
threshold=-0.58275455986142821 -1.2647307324057866 1.0000000180025095e-35 0.41180695658743566 0.86257907871105755 -0.89898822323254601
decision_type=2 2 2 2 2 2
left_child=5 -2 -3 4 -4 -1
right_child=1 2 3 -5 -6 -7
leaf_value=0.0088508827623314176 -0.044658330043535262 0.018833330065458329 -0.0057880068296228861 -0.036164599698134466 0.020667563483006676 -0.029959184268192475
leaf_weight=12.319714919663964 11.142083051847292 111.07978931395337 65.562779402593151 17.231395472772419 33.342424437403679 43.930599834769964
leaf_count=440 688 3447 2184 948 793 2570
internal_value=-0.000439711 0.00472139 0.00769324 -0.00316773 0.00347644 -0.0214414
internal_weight=294.609 238.358 227.216 116.137 98.9052 56.2503
internal_count=11070 8060 7372 3925 2977 3010
is_linear=0
shrinkage=0.05


Tree=50
num_leaves=7
num_cat=0
split_feature=15 26 28 28 68 67
split_gain=12.8309 10.6448 9.90952 8.54397 7.25355 6.36429
threshold=0.47315706892346204 1.5038322328242699 -1.2060178485980126 0.59162881481762475 0.71938507382322825 0.76103183219019421
decision_type=2 2 2 2 2 2
left_child=1 2 -1 4 5 -4
right_child=-2 -3 3 -5 -6 -7
leaf_value=-0.021300002911173919 -0.023839542519069425 -0.031154941830019996 0.023471838680871014 -0.0072634336654161472 -0.014707156513392758 -0.0080049111550175942
leaf_weight=24.61999050877057 46.086729139904492 16.830082343891263 126.52290404948872 48.999849972780794 14.946486162021754 16.845080502331257
leaf_count=939 2369 938 3535 2004 715 601
internal_value=-0.000458863 0.00410516 0.00702893 0.010649 0.0162251 0.0196852
internal_weight=294.851 248.764 231.934 207.314 158.314 143.368
internal_count=11101 8732 7794 6855 4851 4136
is_linear=0
shrinkage=0.05


Tree=51
num_leaves=7
num_cat=0
split_feature=22 58 68 22 63 29
split_gain=12.6525 10.0705 10.2138 11.0995 9.6419 8.21601
threshold=1.0826950654601419 -0.18730963634721756 -0.042988454886871759 -0.83983847820301094 1.0000000180025095e-35 1.1823230486326886
decision_type=2 2 2 2 2 2
left_child=1 2 3 -1 -4 -5
right_child=-2 -3 4 5 -6 -7
leaf_value=-0.021155609070283146 -0.030091871314799831 0.027898270803924798 0.0054099321186799497 0.015308076704596283 -0.034318525941345698 -0.025109388735783524
leaf_weight=28.828324626898393 28.946669594850391 32.751681833411567 24.834475896321237 127.41161805414595 33.888027383945882 11.211151252500711
leaf_count=1128 1536 926 1058 3884 1934 493
internal_value=-0.000388882 0.00323841 -0.000650991 0.00566831 -0.0180706 0.0115767
internal_weight=287.872 258.925 226.174 167.451 58.7225 138.623
internal_count=10959 9423 8497 5505 2992 4377
is_linear=0
shrinkage=0.05


Tree=52
num_leaves=7
num_cat=0
split_feature=22 34 41 67 22 31
split_gain=13.2789 10.8969 9.80911 10.9603 10.8616 10.4153
threshold=1.0826950654601419 1.0000000180025095e-35 1.0000000180025095e-35 0.13506622488184225 -0.90959402819176083 -0.3381642757055961
decision_type=2 2 2 2 2 2
left_child=1 -1 -3 4 -4 -6
right_child=-2 2 3 -5 5 -7
leaf_value=-0.021207699333172327 -0.031277727977353453 0.032557224446048631 -0.021673425367985624 -0.018620012011783964 0.025555336210607058 -0.0031690418084099367
leaf_weight=36.014703322900459 28.127952870447189 30.163135311566293 21.357825296930969 42.303123587742448 80.868775914306752 49.63051940780133
leaf_count=1642 1514 682 865 2210 2425 1666
internal_value=-0.000398948 0.00325563 0.00741122 0.00306879 0.00935436 0.0148054
internal_weight=288.466 260.338 224.323 194.16 151.857 130.499
internal_count=11004 9490 7848 7166 4956 4091
is_linear=0
shrinkage=0.05


Tree=53
num_leaves=7
num_cat=0
split_feature=24 19 20 29 30 35
split_gain=10.5565 11.1308 10.8891 9.13046 6.57016 6.21446
threshold=-0.54010787084422962 -1.1362489582223494 -0.80447873015867766 1.1823230486326886 1.2028430597838391 1.0000000180025095e-35
decision_type=2 2 2 2 2 2
left_child=2 -2 -1 4 5 -3
right_child=1 3 -4 -5 -6 -7
leaf_value=0.0096843789951299424 -0.041531267756372434 0.016294595183027043 -0.029991077204553126 -0.021508541262055883 -0.017892517258662595 -0.029132576937715478
leaf_weight=25.021014202386141 8.8766285011079145 170.49405723530799 45.563885733485222 20.326155015267432 14.644632224924861 5.1984408032149068
leaf_count=834 586 5186 2726 926 599 218
internal_value=0.000315179 0.00574056 -0.0161054 0.0082876 0.0117539 0.014484
internal_weight=290.125 219.54 70.5849 210.663 190.337 175.692
internal_count=11075 7515 3560 6929 6003 5404
is_linear=0
shrinkage=0.05


Tree=54
num_leaves=7
num_cat=0
split_feature=13 25 58 68 0 26
split_gain=10.458 11.9052 10.2537 7.64909 8.56078 5.66084
threshold=-1.0182113444866716 -0.77589791853536016 -0.21675049406047356 -0.13352733514706608 0.52847599072969931 -0.61736673179180812
decision_type=2 2 2 2 2 2
left_child=-1 5 3 4 -3 -2
right_child=1 2 -4 -5 -6 -7
leaf_value=0.01808150465152418 -0.0074841047371670246 -0.010269089580937075 0.026537340384646675 -0.021417827893013129 0.016012132959686273 -0.048476136561283405
leaf_weight=55.123919255682267 16.038446243153885 66.019652512972243 26.5645333363791 48.712106285849586 53.263961913296953 18.333842158550397
leaf_count=1823 760 2543 744 2508 1352 1259
internal_value=-0.000893761 -0.00563754 -0.00066238 -0.00535349 0.00157124 -0.031485
internal_weight=284.056 228.933 194.56 167.996 119.284 34.3723
internal_count=10989 9166 7147 6403 3895 2019
is_linear=0
shrinkage=0.05


Tree=55
num_leaves=7
num_cat=0
split_feature=63 68 23 25 24 67
split_gain=12.6154 11.0898 8.09881 8.71242 7.41357 5.23061
threshold=1.0000000180025095e-35 0.68777219981980353 1.1182391268571938 -0.77589791853536016 0.91802569728579286 1.7768806214216069
decision_type=2 2 2 2 2 2
left_child=2 4 3 -1 -2 -5
right_child=1 -3 -4 5 -6 -7
leaf_value=-0.013194841189378942 -0.012728349550835464 -0.047042901088721271 -0.022812105566855999 0.022174420798715844 0.013628557528886864 -0.025935272025423631
leaf_weight=22.193583731190301 94.141905911266804 15.653404631186275 14.208559403195975 101.51309824263444 34.031569793820381 3.5324990432709447
leaf_count=1049 3781 1169 688 3229 926 181
internal_value=-0.000645818 -0.0109604 0.00985205 0.013941 -0.00557864 0.0198814
internal_weight=285.275 143.827 141.448 127.239 128.173 105.046
internal_count=11023 5876 5147 4459 4707 3410
is_linear=0
shrinkage=0.05


Tree=56
num_leaves=7
num_cat=0
split_feature=63 29 67 68 22 22
split_gain=11.3488 9.90394 7.16751 6.72409 5.67189 5.60451
threshold=1.0000000180025095e-35 0.098832192788529671 1.7994473238481421 0.68777219981980353 -0.83983847820301094 1.438635215625951
decision_type=2 2 2 2 2 2
left_child=2 3 5 4 -2 -1
right_child=1 -3 -4 -5 -6 -7
leaf_value=0.014063305817646313 -0.019271598030412743 -0.02730880775170047 -0.035829538299077916 -0.037062775677305225 0.010789601880790645 -0.030123410974839837
leaf_weight=130.28516924509313 17.2955964487046 51.768874295055866 5.4788477905094615 8.1331128031015378 67.273751221597195 4.8214987204410127
leaf_count=4531 675 2768 353 541 1919 269
internal_value=-0.000715737 -0.0104508 0.00929778 -0.000475712 0.00419207 0.0118663
internal_weight=285.057 144.471 140.586 92.7025 84.5693 135.107
internal_count=11056 5903 5153 3135 2594 4800
is_linear=0
shrinkage=0.05


Tree=57
num_leaves=7
num_cat=0
split_feature=22 30 30 29 22 0
split_gain=10.561 10.512 8.51395 8.66819 6.82571 5.55629
threshold=1.0826950654601419 -0.94530784380415145 0.97268403439941153 1.1823230486326886 -0.83983847820301094 -1.5913744516598798
decision_type=2 2 2 2 2 2
left_child=1 5 3 4 -3 -1
right_child=-2 2 -4 -5 -6 -7
leaf_value=0.013620256153584087 -0.026975784688148943 -0.0058408055938539193 -0.014956919119748089 -0.031635087438010266 0.018398328802920548 -0.032285130115935104
leaf_weight=6.7684983673971173 28.681154546095058 34.30272558867 33.407128659309819 8.2887339037843031 150.55300394695951 24.878438625484705
leaf_count=211 1563 1292 1397 505 4722 1410
internal_value=0.000289598 0.00359333 0.00743006 0.0114718 0.013879 -0.0221379
internal_weight=286.88 258.199 226.552 193.144 184.856 31.6469
internal_count=11100 9537 7916 6519 6014 1621
is_linear=0
shrinkage=0.05


Tree=58
num_leaves=7
num_cat=0
split_feature=22 30 42 23 67 22
split_gain=9.62792 8.64494 7.91855 9.27318 6.35178 6.07215
threshold=1.438635215625951 -1.1447789991373218 1.0000000180025095e-35 -0.33704646347033868 -0.84287050427299148 -0.95254247879867349
decision_type=2 2 2 2 2 2
left_child=1 -1 3 5 -4 -3
right_child=-2 2 4 -5 -6 -7
leaf_value=-0.02500056129477566 -0.040600868045264416 -0.014809592512063645 -0.016020310206879693 -0.0068075833850384021 0.036883802413466657 0.019750839581132131
leaf_weight=23.771495510474779 10.906492174137382 13.042263913899658 5.2436403012834516 133.17866805073572 25.796201162505895 71.198694944439922
leaf_count=1320 712 516 190 5464 566 2279
internal_value=-1.05224e-05 0.00204049 0.00489505 0.00136494 0.0273223 0.0140749
internal_weight=283.137 272.231 248.459 217.42 31.0398 84.241
internal_count=11047 10335 9015 8259 756 2795
is_linear=0
shrinkage=0.05


Tree=59
num_leaves=7
num_cat=0
split_feature=22 26 28 24 26 67
split_gain=7.9326 7.67967 8.49486 7.61809 10.5282 6.09697
threshold=1.438635215625951 1.4565990792786898 -1.1774516990746229 -0.55153469571571867 -0.76994165293056815 -1.3371680824234438
decision_type=2 2 2 2 2 2
left_child=1 2 -1 4 -4 -5
right_child=-2 -3 3 5 -6 -7
leaf_value=-0.01873481962190119 -0.035838469767308638 -0.02945935925125992 0.016592220371832257 -0.022784358049847048 -0.026798420358713194 0.015233726200962111
leaf_weight=31.171397499972954 11.226650432683526 14.692823213525115 21.793942056363449 8.6437245956622046 29.633037221152335 165.23645220062463
leaf_count=1284 733 890 708 414 1750 5238
internal_value=0.000571729 0.00245478 0.0046025 0.00803499 -0.00850915 0.0129894
internal_weight=282.398 271.171 256.479 225.307 51.427 173.88
internal_count=11017 10284 9394 8110 2458 5652
is_linear=0
shrinkage=0.05


Tree=60
num_leaves=7
num_cat=0
split_feature=58 68 22 22 22 67
split_gain=8.08334 8.37723 7.49097 6.93703 7.19744 6.2496
threshold=-0.22263826968646502 0.14370828632964386 0.81257396433183127 -1.2908101849383147 1.438635215625951 1.7192487352246093
decision_type=2 2 2 2 2 2
left_child=1 3 -2 -1 5 -5
right_child=2 -3 -4 4 -6 -7
leaf_value=-0.024451846114764232 0.030375571354863184 -0.020358763612524214 -0.026700762655095796 0.00971047234460648 -0.036008600454294347 -0.031104514493240393
leaf_weight=18.940535967471078 32.024556501302868 48.863165047951043 4.4724904459435484 167.02810920670163 7.0638088148552916 7.0399400973692527
leaf_count=817 899 2986 205 5406 436 352
internal_value=0.00086119 -0.00244497 0.0218844 0.0021662 0.00530262 0.00756074
internal_weight=285.433 248.936 36.497 200.072 181.132 174.068
internal_count=11101 9997 1104 7011 6194 5758
is_linear=0
shrinkage=0.05


Tree=61
num_leaves=7
num_cat=0
split_feature=66 42 34 29 67 25
split_gain=9.57906 6.92972 9.14619 7.07953 6.39156 5.97744
threshold=1.1844598910322335 1.0000000180025095e-35 1.0000000180025095e-35 0.12481335443512066 -0.79034216462476425 0.89017338634710763
decision_type=2 2 2 2 2 2
left_child=1 3 -3 -1 -4 -5
right_child=-2 2 4 5 -6 -7
leaf_value=0.00045351940683252063 0.020752273643050479 -0.032116542966553932 -0.019894698398748988 -0.02910537626289458 0.039287021504291919 -0.0025171489691365643
leaf_weight=121.42583467927761 43.403188930766191 5.0211174706928459 3.6575080254115226 48.679963184520602 21.496574705000963 36.811035929713398
leaf_count=4149 1716 267 149 2948 400 1396
internal_value=-4.45725e-05 -0.00406347 0.017252 -0.00737409 0.0294788 -0.0181304
internal_weight=280.495 237.092 30.1752 206.917 25.1541 85.491
internal_count=11025 9309 816 8493 549 4344
is_linear=0
shrinkage=0.05


Tree=62
num_leaves=7
num_cat=0
split_feature=34 41 61 23 22 22
split_gain=8.03795 8.85246 10.3446 6.53964 7.55229 7.49549
threshold=1.0000000180025095e-35 1.0000000180025095e-35 1.0000000180025095e-35 -0.55019298858049714 -0.63957672996521919 0.37481117684662896
decision_type=2 2 2 2 2 2
left_child=-1 -2 3 4 -3 -5
right_child=1 2 -4 5 -6 -7
leaf_value=-0.021807415855278699 0.027264929881041424 -0.021086799949337834 0.022054604235742379 -0.0011801422452451006 0.018747725061941146 -0.025687199505539517
leaf_weight=34.948943476658314 29.416316910996102 13.540997023228554 37.674792971578427 70.441141317831352 41.000636255834252 53.446007385384291
leaf_count=1730 697 579 1524 2589 1177 2776
internal_value=-0.000378063 0.00289876 -0.0007459 -0.00584525 0.00827427 -0.0121101
internal_weight=280.469 245.52 216.104 178.429 54.5416 123.887
internal_count=11072 9342 8645 7121 1756 5365
is_linear=0
shrinkage=0.05


Tree=63
num_leaves=7
num_cat=0
split_feature=58 68 28 67 42 28
split_gain=7.79786 8.69346 8.46599 8.32386 6.7468 6.373
threshold=-0.19908568249502517 -0.13352733514706608 -1.2060178485980126 -0.47807108004711746 1.0000000180025095e-35 0.56419551366761689
decision_type=2 2 2 2 2 2
left_child=1 2 -1 -4 -5 -2
right_child=5 -3 3 4 -6 -7
leaf_value=-0.029125547150324879 0.030199512496844296 -0.018486664728651344 0.019677386841352357 -0.0096052813518350509 0.026923527708362305 -0.017035601936912847
leaf_weight=16.68485279311426 27.405336010095198 74.522258501499891 59.899078610353172 77.270796674885787 12.051377005409448 7.1854887394001699
leaf_count=706 776 4119 1701 3207 237 303
internal_value=-0.00140223 -0.00466075 0.00176767 0.00572786 -0.00396208 0.019811
internal_weight=275.019 240.428 165.906 149.221 89.3222 34.5908
internal_count=11049 9970 5851 5145 3444 1079
is_linear=0
shrinkage=0.05


Tree=64
num_leaves=7
num_cat=0
split_feature=26 24 25 58 30 8
split_gain=7.21784 9.19564 6.90515 5.58865 5.20459 4.73437
threshold=-0.79056930713958529 -0.56559724390496324 -1.220610031750945 -0.18730963634721756 -1.4823455697011487 -0.74035698565838437
decision_type=2 2 2 2 2 2
left_child=4 -2 -3 5 -1 -4
right_child=1 2 3 -5 -6 -7
leaf_value=-0.018624178142975671 -0.024576974624537826 -0.042190592975192565 -0.016483218719353234 0.025077556498144783 0.021338837472551692 0.0044905641177197106
leaf_weight=7.1706406429875633 38.35087121813558 5.6311312499456099 31.289105708710849 22.919297389569692 52.688862228649668 121.95839418971445
leaf_count=363 2470 450 1130 627 1812 4254
internal_value=0.000934303 -0.00329153 0.00152479 0.0036052 0.0158912 -2.59918e-05
internal_weight=280.008 220.149 181.798 176.167 59.8595 153.247
internal_count=11106 8931 6461 6011 2175 5384
is_linear=0
shrinkage=0.05


Tree=65
num_leaves=7
num_cat=0
split_feature=63 30 25 0 2 31
split_gain=7.8739 7.54495 7.95044 6.92587 7.26423 5.69767
threshold=1.0000000180025095e-35 0.69649320393809833 -0.42125477197343014 0.22564021324547359 -1.3785289033470427 -0.24495497077121717
decision_type=2 2 2 2 2 2
left_child=1 2 -1 4 -2 -5
right_child=3 -3 -4 5 -6 -7
leaf_value=-0.0046672197249430216 0.016205874069920377 -0.013076822670867417 0.023720650741751961 0.012869726697402923 -0.026447779507397996 -0.01493233675337035
leaf_weight=36.417510318628047 9.7878137007355672 31.262225373182446 68.207885190029629 43.476979418192059 59.478397908853367 27.573129751719534
leaf_count=1725 305 1201 2230 1359 3205 1087
internal_value=-0.000882772 0.00761109 0.0139849 -0.00909568 -0.019998 0.00191246
internal_weight=276.204 135.888 104.625 140.316 69.2662 71.0501
internal_count=11112 5156 3955 5956 3510 2446
is_linear=0
shrinkage=0.05


Tree=66
num_leaves=7
num_cat=0
split_feature=31 25 30 25 58 27
split_gain=9.54768 10.6822 9.09361 6.57106 5.0464 4.44383
threshold=-0.3381642757055961 0.87600293565765475 0.69649320393809833 -0.62656946367605271 1.5996958398379599 -0.68001000497005459
decision_type=2 2 2 2 2 2
left_child=2 4 3 5 -2 -1
right_child=1 -3 -4 -5 -6 -7
leaf_value=0.0044650098406587933 -0.025085867112504302 0.0099051992995863695 -0.01936345305052594 0.02011725899253353 0.020347407171957436 -0.032929813106980614
leaf_weight=38.667041365115438 71.102833969634958 38.23598489863798 23.728666935116053 91.351366736926138 4.4543798550730562 6.8412998435087493
leaf_count=1584 3507 1247 1055 2941 148 528
internal_value=-0.000202979 -0.0111206 0.0075953 0.0125845 -0.0217327 -0.00284546
internal_weight=274.382 113.793 160.588 136.86 75.5572 45.5083
internal_count=11010 4902 6108 5053 3655 2112
is_linear=0
shrinkage=0.05


Tree=67
num_leaves=7
num_cat=0
split_feature=28 58 28 24 30 63
split_gain=7.38476 6.11112 6.58674 5.66465 4.33999 4.29966
threshold=0.52108604043189022 -0.22263826968646502 -1.2060178485980126 0.38940245723936046 1.233530929835096 1.0000000180025095e-35
decision_type=2 2 2 2 2 2
left_child=1 2 -1 -2 5 -4
right_child=3 -3 4 -5 -6 -7
leaf_value=-0.020766744089417866 -0.024935534059939864 0.025214935112138973 0.016421843549671036 0.0040572420601467192 -0.020827546010451975 -0.0011689332727232149
leaf_weight=27.647290202090517 44.202444040449336 25.835999725852162 64.347409627749585 25.03789803449763 12.238300316967068 70.977198057807982
leaf_count=1226 2603 757 2305 877 561 2701
internal_value=-0.000989768 0.00388525 0.000368516 -0.0147184 0.00466329 0.0073703
internal_weight=270.287 201.046 175.21 69.2403 147.563 135.325
internal_count=11030 7550 6793 3480 5567 5006
is_linear=0
shrinkage=0.05


Tree=68
num_leaves=7
num_cat=0
split_feature=12 63 32 0 25 23
split_gain=8.10162 4.79826 4.21393 6.6564 4.72997 4.64801
threshold=0.59142228219085602 1.0000000180025095e-35 -0.58275455986142821 -1.5661381368695277 -1.220610031750945 -0.52871624745723012
decision_type=2 2 2 2 2 2
left_child=2 -2 3 -1 -4 -6
right_child=1 -3 4 -5 5 -7
leaf_value=0.010476349789197498 0.01925121226061316 -0.00096202860751456337 -0.031295633552111325 -0.034459691071968356 0.015508146465036425 -0.0062698216683747185
leaf_weight=9.8848549197427911 57.117023428203538 56.853720069397241 10.423564224038271 26.020918195601553 31.632959522132296 80.742072098248173
leaf_count=366 1943 1861 715 1998 1015 3163
internal_value=-0.00062891 0.00940188 -0.00787313 -0.0222349 -0.00324371 0.0001044
internal_weight=272.675 113.971 158.704 35.9058 122.799 112.375
internal_count=11061 3804 7257 2364 4893 4178
is_linear=0
shrinkage=0.05


Tree=69
num_leaves=7
num_cat=0
split_feature=22 67 30 31 67 22
split_gain=8.19291 6.47765 7.22057 7.13622 10.5855 5.76901
threshold=1.0826950654601419 -1.1751738770046545 0.97268403439941153 -0.3381642757055961 1.537326395663003 -1.8814746467292147
decision_type=2 2 2 2 2 2
left_child=1 -1 3 4 5 -3
right_child=-2 2 -4 -5 -6 -7
leaf_value=-0.020932416146953948 -0.024539279402254498 -0.017034880434988353 -0.015444639786979499 -0.0030474346607087515 -0.032728317353305419 0.023375388987461561
leaf_weight=21.547469274140894 25.942168569425121 7.4612755053676656 30.66209631995298 70.175330058555119 7.4628694825805715 111.27281338226749
leaf_count=933 1560 352 1338 2787 505 3635
internal_value=0.000661489 0.00355272 0.00611925 0.00966802 0.0166454 0.0204788
internal_weight=274.524 248.582 227.034 196.372 126.197 118.734
internal_count=11110 9550 8617 7279 4492 3987
is_linear=0
shrinkage=0.05


Tree=70
num_leaves=7
num_cat=0
split_feature=34 41 30 68 67 22
split_gain=5.99531 6.84641 9.51351 7.7207 7.68977 5.13726
threshold=1.0000000180025095e-35 1.0000000180025095e-35 0.926652229322526 0.28413394303110046 -0.87128719032855917 0.50010127928177972
decision_type=2 2 2 2 2 2
left_child=-1 4 3 5 -2 -3
right_child=1 2 -4 -5 -6 -7
leaf_value=-0.01878892820324032 -0.023104735458662165 0.014256979578731547 -0.025467364976295162 -0.018449878925435471 0.036156732724164663 -0.0056436930903813612
leaf_weight=34.307139558135532 4.7196321049123098 108.00023023661925 29.340538076590747 29.14797555282712 23.00521032884717 43.894945025094785
leaf_count=1739 200 3574 1481 1794 484 1823
internal_value=-0.000137774 0.00274987 -0.000463424 0.00393789 0.0247976 0.00850812
internal_weight=272.416 238.109 210.384 181.043 27.7248 151.895
internal_count=11095 9356 8672 7191 684 5397
is_linear=0
shrinkage=0.05


Tree=71
num_leaves=7
num_cat=0
split_feature=25 29 30 29 31 25
split_gain=7.61765 6.89549 6.62204 8.12247 5.42613 7.31646
threshold=-1.2647307324057866 -2.2070035448645529 0.926652229322526 1.1823230486326886 -0.3381642757055961 0.87600293565765475
decision_type=2 2 2 2 2 2
left_child=1 -1 3 4 -2 -6
right_child=2 -3 -4 -5 5 -7
leaf_value=0.01338623396063892 0.015538737048182092 -0.043890537772240883 -0.014843259217271216 -0.030616591367811898 -0.0095225052971190764 0.024669813494043385
leaf_weight=5.9840601163450655 123.51755143341143 13.727919676341115 39.756113357143477 10.808133774669839 60.664186657348182 17.748624306172132
leaf_count=227 4347 1003 1826 785 2456 438
internal_value=0.000727498 -0.0270313 0.00318655 0.00671548 0.00913259 -0.00115925
internal_weight=272.207 19.712 252.495 212.738 201.93 78.4128
internal_count=11082 1230 9852 8026 7241 2894
is_linear=0
shrinkage=0.05


Tree=72
num_leaves=7
num_cat=0
split_feature=25 27 24 67 4 66
split_gain=8.05982 7.8725 6.90735 5.36506 5.21015 3.98036
threshold=-0.59461434725123252 -0.8006011590190768 -0.54010787084422962 -1.1922724938432216 -0.71100967638945145 0.49411248588769829
decision_type=2 2 2 2 2 2
left_child=1 3 -2 -1 -4 -6
right_child=2 -3 4 -5 5 -7
leaf_value=-0.039453715396085748 -0.018165699665865415 -0.038786409599214984 0.033750094516006988 0.0049330201986098887 0.0016399840212383181 0.022312993590378357
leaf_weight=5.1794903851114205 26.241560144582763 20.506276778061874 14.906754990282932 37.947068574547302 138.5178761924617 25.132532990479376
leaf_count=349 1568 1571 421 1513 4610 1033
internal_value=-0.000366477 -0.0154945 0.00448977 -0.00261712 0.00806447 0.00515935
internal_weight=268.432 63.6328 204.799 43.1266 178.557 163.65
internal_count=11065 3433 7632 1862 6064 5643
is_linear=0
shrinkage=0.05


Tree=73
num_leaves=7
num_cat=0
split_feature=22 68 66 67 22 29
split_gain=8.22871 6.2221 6.01161 5.84078 5.70874 4.48145
threshold=1.438635215625951 0.68777219981980353 1.7694959521230855 0.3032749529688617 -2.102133665164609 1.5048715289569845
decision_type=2 2 2 2 2 2
left_child=1 2 4 -3 -1 -6
right_child=-2 3 -4 -5 5 -7
leaf_value=-0.039829124923072022 -0.040193921347255718 -0.034736149293388856 0.024042175880010574 0.0087389426803014241 0.0041401924351851032 -0.031787461076875377
leaf_weight=5.2740343608893445 9.5089499230962229 18.220470514614139 29.594655406894162 10.564215558115391 190.0533362517599 6.1046882080845526
leaf_count=312 750 1094 1296 804 6518 366
internal_value=-0.000578004 0.00131418 0.00411903 -0.0194616 0.000882031 0.00256009
internal_weight=269.32 259.811 231.027 28.7847 201.432 196.158
internal_count=11140 10390 8492 1898 7196 6884
is_linear=0
shrinkage=0.05


Tree=74
num_leaves=7
num_cat=0
split_feature=67 67 22 24 58 22
split_gain=5.40047 5.47613 5.3771 6.54415 5.46843 6.5457
threshold=1.7994473238481421 -1.4824108510409972 0.62725983394877172 0.64808905798687888 1.5996958398379599 -0.80571327424646089
decision_type=2 2 2 2 2 2
left_child=1 -1 4 -4 5 -3
right_child=-2 2 3 -5 -6 -7
leaf_value=-0.042764215639813127 -0.037433819046825544 -0.013018177281966676 -0.020961989693427975 0.014624414074528042 0.033660927815798991 0.0086593712715068837
leaf_weight=3.9774990305304518 6.4886718150228253 42.930523584363982 41.726307607023045 15.709259923256466 13.482082690752575 142.34117437037639
leaf_count=321 508 1872 2354 502 378 5147
internal_value=-0.000378599 0.00096177 0.00212776 -0.0109859 0.00602434 0.00350893
internal_weight=266.656 260.167 256.189 57.4356 198.754 185.272
internal_count=11082 10574 10253 2856 7397 7019
is_linear=0
shrinkage=0.05


Tree=75
num_leaves=7
num_cat=0
split_feature=19 20 23 58 28 8
split_gain=6.81382 6.35273 5.49804 4.5823 4.38835 3.80211
threshold=-0.81621469658382273 -0.8481017833063168 -0.55019298858049714 -0.19908568249502517 0.66489654880419702 -1.150414529567884
decision_type=2 2 2 2 2 2
left_child=1 -1 -2 5 -5 -4
right_child=2 -3 3 4 -6 -7
leaf_value=0.012302203705224722 0.018439639576099575 -0.025662038215325606 -0.023118849887424561 0.029335249689403483 -0.019323189672546388 -0.00019741285285228513
leaf_weight=13.102457831846548 49.20790507493075 37.256337417697068 18.072901349514723 18.116484737663999 3.6816464834846547 128.26401982782409
leaf_count=445 1525 2336 798 460 171 5292
internal_value=0.000387819 -0.0156481 0.00426584 -0.000132923 0.0197735 -0.00343582
internal_weight=267.702 50.3588 217.343 168.135 21.7981 146.337
internal_count=11027 2781 8246 6721 631 6090
is_linear=0
shrinkage=0.05


Tree=76
num_leaves=7
num_cat=0
split_feature=30 42 66 28 68 34
split_gain=7.08177 5.97515 6.47069 6.19978 6.56323 5.35488
threshold=-1.1601229341629502 1.0000000180025095e-35 -0.48746848826408135 0.42133414852706258 -0.69136996651816152 1.0000000180025095e-35
decision_type=2 2 2 2 2 2
left_child=-1 2 3 -2 -5 -3
right_child=1 5 -4 4 -6 -7
leaf_value=-0.023841180040737403 0.0028601972223347987 -0.021693898321256237 0.015551340592350582 0.010144256137222822 -0.027423153870208057 0.031008378136684191
leaf_weight=22.120214405469596 108.60825205594301 3.5307461284101036 53.410848702071235 14.198362885508685 39.488221290986985 27.24609274242539
leaf_count=1388 3835 160 2202 533 2334 617
internal_value=0.00148415 0.00401629 0.000940943 -0.00406229 -0.0174767 0.0235725
internal_weight=268.603 246.483 215.706 162.295 53.6866 30.7768
internal_count=11069 9681 8904 6702 2867 777
is_linear=0
shrinkage=0.05


Tree=77
num_leaves=7
num_cat=0
split_feature=13 24 28 66 58 28
split_gain=6.40666 8.15044 5.87688 5.25313 3.87881 3.13713
threshold=-1.0862977335630093 -0.52877747487461002 -1.1494366649761212 -0.48746848826408135 0.47804909595161565 0.04783097807064985
decision_type=2 2 2 2 2 2
left_child=-1 -2 4 5 -3 -4
right_child=1 2 3 -5 -6 -7
leaf_value=0.016568156589719506 -0.023413960336722599 -0.032553447619871487 0.0074892676703207069 0.01903859662212893 0.019028708539908245 -0.0081082771743527324
leaf_weight=41.419145990803372 41.389623156748712 16.129903052467856 53.567543728277087 38.554965977207758 2.4150327835232011 72.086860357318074
leaf_count=1447 2753 710 1552 1582 40 3026
internal_value=-0.000808466 -0.00419587 0.000464428 0.00362404 -0.0241218 -0.00143933
internal_weight=265.563 224.144 182.754 164.209 18.5449 125.654
internal_count=11110 9663 6910 6160 750 4578
is_linear=0
shrinkage=0.05


Tree=78
num_leaves=7
num_cat=0
split_feature=22 22 68 63 68 19
split_gain=5.90894 5.68099 6.27307 5.64966 4.91184 3.76071
threshold=1.438635215625951 -0.80571327424646089 -0.28006057956170355 1.0000000180025095e-35 0.68777219981980353 -1.2845883316833289
decision_type=2 2 2 2 2 2
left_child=1 -1 -3 5 -5 -4
right_child=-2 2 3 4 -6 -7
leaf_value=-0.013765240701035259 -0.035171277059007328 0.012468240329108609 -0.028258098281194324 -0.0063453708675822538 -0.042213161727334678 0.013457906232268699
leaf_weight=47.97623453871347 8.6769147894810867 114.74399247346446 3.3796133645810178 37.726368995383382 10.465591711457817 37.67708198283799
leaf_count=2128 702 3971 222 1529 905 1562
internal_value=-0.000394576 0.00120275 0.0048715 -0.00498323 -0.0161519 0.00833364
internal_weight=260.646 251.969 203.993 89.2487 48.192 41.0567
internal_count=11019 10317 8189 4218 2434 1784
is_linear=0
shrinkage=0.05


Tree=79
num_leaves=7
num_cat=0
split_feature=22 25 27 22 67 30
split_gain=6.71371 5.78847 6.54554 5.28534 5.16003 5.11103
threshold=-2.1666731193394679 -1.2647307324057866 -1.687200151285521 1.0826950654601419 0.56435434104200699 0.69649320393809833
decision_type=2 2 2 2 2 2
left_child=-1 2 -2 5 -5 -3
right_child=1 3 -4 4 -6 -7
leaf_value=-0.039742413982134212 0.012869269725300007 0.011208121874992332 -0.041996793140043599 -0.03200637100555042 0.012711284183691647 -0.0068987350937499865
leaf_weight=6.7248770543374112 6.9055705680511918 170.09298222401412 11.44510792638175 14.946277137845756 8.0196107001975161 48.075306454440579
leaf_count=398 231 6133 923 848 573 1968
internal_value=0.00106872 0.00256853 -0.0224429 0.00472433 -0.0167266 0.00717866
internal_weight=266.21 259.485 18.3507 241.134 22.9659 218.168
internal_count=11074 10676 1154 9522 1421 8101
is_linear=0
shrinkage=0.05


Tree=80
num_leaves=7
num_cat=0
split_feature=63 68 58 30 24 67
split_gain=5.56797 6.60374 10.4568 5.80653 5.72713 6.02993
threshold=1.0000000180025095e-35 -0.18390271860538232 -0.21086222353865744 0.7885568140918694 0.65802123487939679 -1.1429902875440421
decision_type=2 2 2 2 2 2
left_child=3 4 -3 -1 -2 -6
right_child=1 2 -4 -5 5 -7
leaf_value=0.012220334386961296 -0.0086556941122189097 -0.031758346605096376 0.025592487434557432 -0.013348737245727247 -0.017997447114775626 0.028541513094494382
leaf_weight=101.76941465452546 55.57094230921939 40.202744939830154 7.3665775195695451 25.520114245591685 7.1070268815383342 23.752536765532568
leaf_count=4146 2290 2613 164 1020 229 583
internal_value=-0.000501142 -0.00753327 -0.0218856 0.0069047 0.000835118 0.0171785
internal_weight=261.289 134 47.5693 127.29 86.4305 30.8596
internal_count=11045 5879 2777 5166 3102 812
is_linear=0
shrinkage=0.05


Tree=81
num_leaves=7
num_cat=0
split_feature=66 25 29 58 27 24
split_gain=4.67824 4.12415 3.90255 4.32797 3.60185 3.42344
threshold=1.9775351008873077 -0.42125477197343014 -0.57255159023190705 -0.21675049406047356 -1.0248854418230307 -0.58520445395168119
decision_type=2 2 2 2 2 2
left_child=1 4 -3 5 -1 -4
right_child=-2 2 3 -5 -6 -7
leaf_value=-0.00097235712962438965 0.016740784157371038 0.016699111693846715 -0.029148767994395471 0.018129049687743717 -0.023870145271507402 -0.0031421348552027788
leaf_weight=31.587198243709281 29.854284752800595 28.80583016294986 11.599705091211943 18.180089392932132 35.34410816966556 103.11916994093917
leaf_count=1363 1395 763 912 453 2251 3864
internal_value=-0.00092854 -0.00342266 0.000947755 -0.00275962 -0.0135692 -0.0064476
internal_weight=258.49 228.636 161.705 132.899 66.9313 114.719
internal_count=11001 9606 5992 5229 3614 4776
is_linear=0
shrinkage=0.05


Tree=82
num_leaves=7
num_cat=0
split_feature=22 63 68 67 57 67
split_gain=5.62388 5.59083 7.23667 5.19248 4.28895 4.02154
threshold=1.438635215625951 1.0000000180025095e-35 -0.18390271860538232 -0.536223736300112 -0.086260715860803819 1.7994473238481421
decision_type=2 2 2 2 2 2
left_child=1 5 3 -3 -4 -1
right_child=-2 2 4 -5 -6 -7
leaf_value=0.010282875629139498 -0.035145736215447879 0.01537628360091849 -0.026833620615794248 -0.0087923048318640316 0.017121653935582206 -0.028853098684438357
leaf_weight=119.29915601207176 8.347512759966774 38.252940836362541 40.81369920168072 45.314075560774654 4.2863633949309579 4.0850025042891493
leaf_count=4548 714 1032 2530 1853 94 295
internal_value=-0.000710158 0.000830272 -0.00639037 0.00242038 -0.0218487 0.00833303
internal_weight=260.399 252.051 128.667 83.567 45.1001 123.384
internal_count=11066 10352 5509 2885 2624 4843
is_linear=0
shrinkage=0.05


Tree=83
num_leaves=7
num_cat=0
split_feature=30 26 24 42 24 34
split_gain=4.96781 5.2148 7.42363 3.97262 5.27322 4.77389
threshold=-1.5590652448292914 -0.79056930713958529 -0.56559724390496324 1.0000000180025095e-35 0.64808905798687888 1.0000000180025095e-35
decision_type=2 2 2 2 2 2
left_child=-1 -2 -3 4 -4 -5
right_child=1 2 3 5 -6 -7
leaf_value=-0.03024935419073509 0.016351528778566219 -0.022212244059967159 -0.008720515138956289 -0.023941734808221121 0.010036930429117788 0.028501984789366143
leaf_weight=9.4715390782803279 48.117155954707414 32.788806627970189 81.97353962843772 2.8904005526565042 64.027245034172665 21.401192453980912
leaf_count=716 1788 2359 3483 139 2083 466
internal_value=0.000568244 0.00207352 -0.00149824 0.00280561 -0.000458154 0.020316
internal_weight=260.67 251.198 203.081 170.292 146.001 24.2916
internal_count=11034 10318 8530 6171 5566 605
is_linear=0
shrinkage=0.05


Tree=84
num_leaves=7
num_cat=0
split_feature=35 42 67 68 67 31
split_gain=4.30398 5.90779 6.84998 5.62517 5.21745 6.70307
threshold=1.0000000180025095e-35 1.0000000180025095e-35 -0.87128719032855917 0.26595776199667381 0.76103183219019421 0.40751016376943577
decision_type=2 2 2 2 2 2
left_child=1 3 -3 4 -1 -6
right_child=-2 2 -4 -5 5 -7
leaf_value=0.0053973029775142853 -0.029139833537169701 -0.019044361281813388 0.033128649483046148 -0.018674732491493821 -0.03145004468437148 0.021605369898105541
leaf_weight=156.57614907465177 9.3236743179149908 6.1492329797474694 22.68780206143856 37.334016429726034 18.998868728987876 5.7660247352905563
leaf_count=5744 491 299 504 2628 1140 250
internal_value=-0.000295445 0.00112706 0.021257 -0.00177926 0.00194644 -0.0180974
internal_weight=256.836 247.512 28.837 218.675 181.341 24.7649
internal_count=11056 10565 803 9762 7134 1390
is_linear=0
shrinkage=0.05


Tree=85
num_leaves=7
num_cat=0
split_feature=31 30 67 67 19 22
split_gain=4.86302 7.81326 5.49338 5.40864 4.81273 4.57976
threshold=-0.3381642757055961 0.97268403439941153 -1.2127734750476356 0.8033877967446138 -0.087289999317924721 1.1038708574210123
decision_type=2 2 2 2 2 2
left_child=1 2 -1 5 -2 -4
right_child=4 -3 3 -5 -6 -7
leaf_value=-0.02668958418873052 -0.022025958017946871 -0.028259332067031281 0.017759786246462274 -0.015950642755491629 -0.00045774160102593346 -0.019405480500093549
leaf_weight=7.2426676191389552 37.943768813216593 12.66866618557833 108.13248130009742 13.335444146767257 70.583651915192604 6.5314773709978899
leaf_count=409 2209 703 3689 975 2712 354
internal_value=-0.000476033 0.00538071 0.00907678 0.0116654 -0.00838814 0.015202
internal_weight=256.438 147.911 135.242 127.999 108.527 114.664
internal_count=11051 6130 5427 5018 4921 4043
is_linear=0
shrinkage=0.05


Tree=86
num_leaves=7
num_cat=0
split_feature=4 25 18 67 30 68
split_gain=4.7537 5.81374 4.01778 4.65987 5.41958 5.23899
threshold=-0.71100967638945145 -1.2647307324057866 -0.38885423152024962 -0.22294582961420453 0.60442959378432748 0.26595776199667381
decision_type=2 2 2 2 2 2
left_child=-1 -2 -3 4 5 -4
right_child=1 2 3 -5 -6 -7
leaf_value=0.01526132414769074 -0.036250898587579156 -0.013782664387138394 0.0060856701390742994 0.013459458340120543 -0.026669578938995228 -0.031232320304702667
leaf_weight=40.329221725347452 9.3068083797115815 43.91431172308512 77.990904328180477 60.504341576481238 17.66070857946761 7.6491345139220348
leaf_count=1436 853 2717 2598 2328 676 448
internal_value=0.000124955 -0.00285752 -0.000866535 0.00278174 -0.00367566 0.00180829
internal_weight=257.355 217.026 207.719 163.805 103.301 85.64
internal_count=11056 9620 8767 6050 3722 3046
is_linear=0
shrinkage=0.05


Tree=87
num_leaves=7
num_cat=0
split_feature=22 22 67 68 22 8
split_gain=6.12474 7.07735 5.21044 5.3641 4.74064 4.11335
threshold=1.438635215625951 -0.95098543527213886 1.7994473238481421 -0.56916935155283699 0.062753703403653133 -1.150414529567884
decision_type=2 2 2 2 2 2
left_child=1 -1 3 5 -5 -3
right_child=-2 2 -4 4 -6 -7
leaf_value=-0.018160588718955047 -0.037705849274349168 -0.01764711816608459 -0.037734425784508557 0.010536991343279269 -0.0077642099288860724 0.02101501535342775
leaf_weight=38.273189881118014 7.7802348642144343 5.4343583715381092 4.1216540192253879 59.40312047500629 78.728388693882152 60.821574804431293
leaf_count=1793 716 199 351 2176 3781 2029
internal_value=-0.00081301 0.000788995 0.00447556 0.00586031 0.000162861 0.0172169
internal_weight=254.563 246.782 208.509 204.387 138.132 66.2559
internal_count=11045 10329 8536 8185 5957 2228
is_linear=0
shrinkage=0.05


Tree=88
num_leaves=7
num_cat=0
split_feature=30 20 18 28 63 67
split_gain=4.36349 5.12864 5.40523 3.00582 3.19554 4.83876
threshold=-1.1601229341629502 -0.77830448188955847 -0.38885423152024962 -1.9925820300083938 1.0000000180025095e-35 -0.1715805430910374
decision_type=2 2 2 2 2 2
left_child=-1 -2 -3 -4 5 -5
right_child=1 2 3 4 -6 -7
leaf_value=-0.019763632363324082 0.018854032050933486 -0.016218978619015056 -0.032657959252688884 0.00028636065850456911 -0.0020750949864674541 0.025226220746912949
leaf_weight=20.679592615342699 37.929043828975409 40.448826439678669 2.5552259562537065 41.305566931609064 80.312998280627653 33.871561025967821
leaf_count=1381 1329 2646 145 1501 2948 1083
internal_value=0.000720869 0.00273781 -0.000576606 0.00365433 0.00485794 0.01206
internal_weight=257.103 236.423 198.494 158.045 155.49 75.1771
internal_count=11033 9652 8323 5677 5532 2584
is_linear=0
shrinkage=0.05


Tree=89
num_leaves=7
num_cat=0
split_feature=63 68 24 67 31 28
split_gain=7.06164 7.7151 5.40543 4.87882 4.55991 4.54748
threshold=1.0000000180025095e-35 0.33504679420817723 0.90420422135122125 -1.1429902875440421 -0.24495497077121717 0.83969199106468206
decision_type=2 2 2 2 2 2
left_child=-1 2 4 -4 5 -2
right_child=1 -3 3 -5 -6 -7
leaf_value=0.006844423462234169 0.0027560081646217731 -0.036289908188598355 -0.014187489296050172 0.025707934803697957 -0.02883444809005576 -0.03451896798606869
leaf_weight=124.86736451537581 51.747887670760974 19.578253136249259 9.0423862263560313 20.571590506937355 21.541014397051185 6.6451056071091434
leaf_count=5149 1794 1691 296 526 1189 440
internal_value=-0.00155155 -0.00964167 -0.00403876 0.0133417 -0.0107276 -0.00296538
internal_weight=253.994 129.126 109.548 29.614 79.934 58.393
internal_count=11085 5936 4245 822 3423 2234
is_linear=0
shrinkage=0.05


Tree=90
num_leaves=7
num_cat=0
split_feature=31 25 30 30 56 12
split_gain=5.43675 6.30369 6.12898 3.81761 4.3112 2.54044
threshold=-0.24495497077121717 0.73459847680467283 0.97268403439941153 -1.5590652448292914 1.0000000180025095e-35 -0.059907040408548072
decision_type=2 2 2 2 2 2
left_child=2 -2 3 -1 5 -5
right_child=1 -3 -4 4 -6 -7
leaf_value=-0.020590189498068748 -0.020689823391245608 0.0065650011597921457 -0.021568857876530172 0.0082418940170002307 0.013367017874650285 -0.026019415616664057
leaf_weight=7.9504064235370597 50.567757599113975 33.217286781407893 16.232526971725747 7.5736752180382636 131.96790117508499 9.4715866171172802
leaf_count=526 2755 1199 852 331 5071 413
internal_value=0.000215118 -0.010031 0.00525816 0.00838498 0.0103068 -0.011841
internal_weight=256.981 83.785 173.196 156.964 149.013 17.0453
internal_count=11147 3954 7193 6341 5815 744
is_linear=0
shrinkage=0.05


Tree=91
num_leaves=7
num_cat=0
split_feature=63 68 24 31 58 28
split_gain=3.91277 6.65267 5.81159 3.59369 3.52404 3.45277
threshold=1.0000000180025095e-35 0.24846563078612385 0.90420422135122125 -0.24495497077121717 1.9117771468691627 0.83969199106468206
decision_type=2 2 2 2 2 2
left_child=-1 2 3 5 -3 -2
right_child=1 4 -4 -5 -6 -7
leaf_value=0.0061687765034700694 0.0037114876514902223 -0.035795584248138994 0.017166506789668322 -0.024890799937078573 0.016207088041243416 -0.028911205457159479
leaf_weight=125.65240346937208 51.209651774726808 19.597842696355659 29.539347471902147 19.406571423867717 2.038067606277763 6.543559310026466
leaf_count=5198 1776 1762 784 1068 41 429
internal_value=-2.90698e-05 -0.00609966 -0.000673186 -0.00788968 -0.0295199 -0.00122985
internal_weight=253.987 128.335 106.699 77.1598 21.6359 57.7532
internal_count=11058 5860 4057 3273 1803 2205
is_linear=0
shrinkage=0.05


Tree=92
num_leaves=7
num_cat=0
split_feature=22 26 67 31 68 68
split_gain=5.51476 4.55886 3.70912 5.72383 4.54947 4.11003
threshold=-1.8375919700063812 1.5038322328242699 1.6869609917527977 -0.15174566583683816 -0.56916935155283699 -0.52426636668553084
decision_type=2 2 2 2 2 2
left_child=-1 2 4 -4 -2 -6
right_child=1 -3 3 -5 5 -7
leaf_value=-0.030049893813682893 0.015057713940490401 -0.023935159223997488 -0.042501392758998696 0.021758077406625512 -0.031122483508501126 0.0019871480835353846
leaf_weight=11.591772399609907 70.314067090046592 13.358988346066324 7.0297681929077953 3.0323152993805689 7.0322411037050179 139.64624580240343
leaf_count=675 2434 1008 539 101 334 5981
internal_value=-0.000195645 0.00159642 0.00339113 -0.0225866 0.00488732 -0.000192206
internal_weight=252.005 240.414 227.055 10.0621 216.993 146.678
internal_count=11072 10397 9389 640 8749 6315
is_linear=0
shrinkage=0.05


Tree=93
num_leaves=7
num_cat=0
split_feature=56 30 30 25 26 19
split_gain=5.18298 3.77092 4.38947 3.65252 4.59912 3.0129
threshold=1.0000000180025095e-35 -1.4823455697011487 1.1721551897325821 0.23362735579891125 -0.76994165293056815 1.8549003544632201
decision_type=2 2 2 2 2 2
left_child=-1 -2 3 4 -3 -5
right_child=1 2 -4 5 -6 -7
leaf_value=-0.019604110962951019 -0.025436613104775213 0.014663480274695438 -0.016307103461821369 0.016096424710622278 -0.0066300441932950916 -0.023058157795724767
leaf_weight=29.439348777465057 9.0837676969822478 33.801677896990441 22.453860067529604 74.873805130831897 78.551684837788343 2.6638960798736653
leaf_count=1513 738 1210 1087 2603 3810 135
internal_value=-0.000931796 0.00177959 0.003282 0.00581593 -9.10764e-06 0.0139424
internal_weight=250.868 221.429 212.345 189.891 112.353 77.5377
internal_count=11096 9583 8845 7758 5020 2738
is_linear=0
shrinkage=0.05


Tree=94
num_leaves=7
num_cat=0
split_feature=22 40 30 67 31 67
split_gain=4.59268 4.58421 4.45611 5.28631 4.32963 5.21862
threshold=1.438635215625951 1.0000000180025095e-35 0.60442959378432748 -0.39353274095694363 -0.3381642757055961 -1.2127734750476356
decision_type=2 2 2 2 2 2
left_child=1 2 4 -4 5 -1
right_child=-2 -3 3 -5 -6 -7
leaf_value=-0.029398175325263856 -0.033233703192790467 -0.031811184129835621 -0.040309819859653789 -0.0026518443890075688 -0.0043503283345587198 0.014188884076883804
leaf_weight=4.5676225011702618 7.6360600623302153 7.6209793856833121 8.5793383170384896 50.336789370048791 65.197792058228515 106.00387388316449
leaf_count=226 718 605 383 2185 2767 4145
internal_value=-0.00107557 0.000331905 0.00176403 -0.009823 0.00574755 0.0116593
internal_weight=249.942 242.306 234.685 58.9161 175.769 110.571
internal_count=11029 10311 9706 2568 7138 4371
is_linear=0
shrinkage=0.05


Tree=95
num_leaves=7
num_cat=0
split_feature=63 32 23 19 68 58
split_gain=4.52109 4.00844 3.26628 3.55879 3.90479 3.56871
threshold=1.0000000180025095e-35 1.743156197080707 -0.55019298858049714 0.53324319727689973 0.19110316698392829 -0.19908568249502517
decision_type=2 2 2 2 2 2
left_child=-1 2 -2 5 -5 -4
right_child=1 -3 3 4 -6 -7
leaf_value=0.006165528620354725 0.0015395028749203574 0.021230671476848637 -0.030454468403485303 0.0055287067198020274 -0.030045082789967838 0.0088256550732438346
leaf_weight=121.28295354731381 41.706669349921867 8.6477673070039582 36.038226742763072 28.332160783233121 7.2812781361863008 5.4213903956115237
leaf_count=5097 1594 262 2421 994 497 158
internal_value=-0.000666852 -0.00716202 -0.00970123 -0.0156137 -0.00351369 -0.0250691
internal_weight=248.71 127.427 118.78 77.0731 35.6134 41.4596
internal_count=11023 5926 5664 4070 1491 2579
is_linear=0
shrinkage=0.05


Tree=96
num_leaves=7
num_cat=0
split_feature=35 42 30 22 29 3
split_gain=4.78986 4.74927 5.42231 4.86962 4.88558 5.1624
threshold=1.0000000180025095e-35 1.0000000180025095e-35 -0.60774127324032434 -0.80571327424646089 -0.38961364616738087 0.0760813118304728
decision_type=2 2 2 2 2 2
left_child=1 3 -3 -1 -5 -6
right_child=-2 2 -4 4 5 -7
leaf_value=-0.01731815723868468 -0.031799340024536833 -0.017839949230686335 0.029934502076626419 0.012337336841787326 -0.018106615589561788 0.0037374337380148906
leaf_weight=35.897781653562561 8.4044890191871655 5.5539239511708756 22.447692731162533 69.006983665865846 39.614363769534975 71.894576593651436
leaf_count=1773 479 308 507 2581 2531 2931
internal_value=-0.000119008 0.00134272 0.0196494 -0.00126224 0.00216159 -0.00429389
internal_weight=252.82 244.415 28.0016 216.414 180.516 111.509
internal_count=11110 10631 815 9816 8043 5462
is_linear=0
shrinkage=0.05


Tree=97
num_leaves=7
num_cat=0
split_feature=66 24 67 67 67 31
split_gain=4.68115 4.61934 4.41771 3.6991 2.71745 2.71495
threshold=1.9775351008873077 -0.55153469571571867 -0.51577483210129793 -0.22294582961420453 -0.68360166214725282 -0.3381642757055961
decision_type=2 2 2 2 2 2
left_child=1 2 4 5 -1 -3
right_child=-2 3 -4 -5 -6 -7
leaf_value=-0.01117696951887703 0.017892578017710822 0.0035356772907741384 -0.023703089328542266 0.010627053592555884 0.027807847987668968 -0.01203821894434969
leaf_weight=6.6813108110800385 29.30442900658818 54.409269501105882 36.858257044572383 64.861591736436822 5.7527504200115782 52.421204809565097
leaf_count=342 1431 1827 2651 2567 165 2079
internal_value=0.00010032 -0.00246713 -0.0154817 0.00147103 0.00875903 -0.00422644
internal_weight=250.289 220.984 49.2923 171.692 12.4341 106.83
internal_count=11062 9631 3158 6473 507 3906
is_linear=0
shrinkage=0.05


Tree=98
num_leaves=7
num_cat=0
split_feature=35 30 41 30 23 22
split_gain=4.11985 3.78629 3.6439 5.36082 4.76665 4.79532
threshold=1.0000000180025095e-35 -1.4823455697011487 1.0000000180025095e-35 -0.63842914329158129 -0.52871624745723012 0.37481117684662896
decision_type=2 2 2 2 2 2
left_child=1 -1 3 -3 -4 -6
right_child=-2 2 4 -5 5 -7
leaf_value=-0.025724207273681656 -0.029187103278932536 -0.018594773294486687 0.011098644230800418 0.023956357811144944 0.0023655664887806227 -0.016677291514506139
leaf_weight=9.2918727702926827 8.563084396068005 6.9184702732600263 60.554505380860064 33.340356972126756 78.790289659111295 53.182015588390641
leaf_count=783 484 366 2273 955 3242 3007
internal_value=-2.22968e-05 0.00135401 0.00274841 0.0158615 -0.000194933 -0.00550842
internal_weight=250.641 242.078 232.786 40.2588 192.527 131.972
internal_count=11110 10626 9843 1321 8522 6249
is_linear=0
shrinkage=0.05


Tree=99
num_leaves=7
num_cat=0
split_feature=30 26 24 8 58 68
split_gain=3.52021 3.46307 4.30674 4.28147 4.76962 4.13335
threshold=-1.6204409849318053 -0.95278581678751728 -0.54010787084422962 -0.74035698565838437 -0.18730963634721756 -0.28006057956170355
decision_type=2 2 2 2 2 2
left_child=-1 -2 -3 4 -4 -5
right_child=1 2 3 5 -6 -7
leaf_value=-0.028408499884529544 0.029867210434740932 -0.012625727589881109 -0.018366006092463322 0.014451227795618899 0.02103343857829966 -0.0022210049109391019
leaf_weight=7.2772694006562224 7.2802929625613606 48.451087859226391 32.77178348088637 86.453473383269738 7.0991682705353005 62.400840476853773
leaf_count=630 260 3082 1332 2923 160 2741
internal_value=0.000268385 0.00145613 0.000221858 0.00366614 -0.0103698 0.0075563
internal_weight=251.734 244.457 237.176 188.725 39.871 148.854
internal_count=11128 10498 10238 7156 1492 5664
is_linear=0
shrinkage=0.05


Tree=100
num_leaves=7
num_cat=0
split_feature=25 33 4 8 66 68
split_gain=3.92289 6.01367 3.48442 4.02956 4.40376 3.25504
threshold=-0.65900192925788059 1.5132185918188716 -0.71100967638945145 -1.150414529567884 -0.48746848826408135 -0.4530763243006935
decision_type=2 2 2 2 2 2
left_child=1 -1 -2 5 -5 -4
right_child=2 -3 3 4 -6 -7
leaf_value=-0.028069147841541343 0.021753763730768101 0.0043403240807455175 -0.038991830916715119 -0.0010089746679488888 0.018580383029184154 -0.0026741728117414322
leaf_weight=25.709826509526465 18.838929249381181 27.160913093481213 7.5812151408172239 121.28953904751688 34.467004092526622 15.966584350331685
leaf_count=1971 642 1199 337 4888 1466 626
internal_value=-0.000363869 -0.0120806 0.00289607 0.000589374 0.0035951 -0.0174516
internal_weight=251.014 52.8707 198.143 179.304 155.757 23.5478
internal_count=11129 3170 7959 7317 6354 963
is_linear=0
shrinkage=0.05


Tree=101
num_leaves=7
num_cat=0
split_feature=66 28 42 23 67 25
split_gain=4.34623 2.72706 2.68285 4.10972 3.88593 3.13856
threshold=1.9775351008873077 -1.2060178485980126 1.0000000180025095e-35 -0.55782466074065162 -0.45642440471951046 0.64039703030606687
decision_type=2 2 2 2 2 2
left_child=1 -1 3 -3 -4 -5
right_child=-2 2 4 5 -6 -7
leaf_value=-0.017024876150098348 0.017556073536051802 0.0095351876500738408 -0.017109546806577086 -0.014127632164168119 0.02600858655008257 0.0018335601168636374
leaf_weight=24.49079106003046 28.533350844692905 48.706060690921731 4.7900251196697381 68.124099736567587 16.488239337457344 53.232417511520907
leaf_count=1163 1418 1730 245 3964 378 2063
internal_value=0.000204029 -0.00229917 -0.000180635 -0.00236147 0.0153873 -0.007251
internal_weight=244.365 215.832 191.341 170.063 21.2783 121.357
internal_count=10961 9543 8380 7757 623 6027
is_linear=0
shrinkage=0.05


Tree=102
num_leaves=7
num_cat=0
split_feature=22 28 68 67 67 25
split_gain=3.02759 4.00233 7.76204 5.6681 5.87127 4.56498
threshold=-1.8375919700063812 0.24941675348543982 -0.40016018435369349 1.1262652314627322 -0.33803601198953365 0.71879140043405088
decision_type=2 2 2 2 2 2
left_child=-1 3 5 4 -2 -3
right_child=1 2 -4 -5 -6 -7
leaf_value=-0.022541947664277136 0.00091206192643584225 -0.0071025461447864636 -0.021592731766524754 -0.020148936398691152 0.022242067137998714 0.023751293311081469
leaf_weight=11.676360133104025 82.951290288532618 23.668781072716229 44.08784617355559 15.782632237765936 50.079059869633056 19.320271069649607
leaf_count=658 3280 1150 2805 903 1720 625
internal_value=-0.000504214 0.000856021 -0.0075051 0.0058001 0.00925515 0.0074087
internal_weight=247.566 235.89 87.0769 148.813 133.03 42.9891
internal_count=11141 10483 4580 5903 5000 1775
is_linear=0
shrinkage=0.05


Tree=103
num_leaves=7
num_cat=0
split_feature=66 67 32 41 8 22
split_gain=4.28449 3.23412 3.59804 3.77586 3.60837 3.57912
threshold=2.365579855487935 -1.3232461629264582 -0.58275455986142821 1.0000000180025095e-35 -1.5604720734773838 0.47889953659546675
decision_type=2 2 2 2 2 2
left_child=1 -1 -3 -4 -5 -6
right_child=-2 2 3 4 5 -7
leaf_value=-0.027052352096160276 0.020448951071136631 -0.013364751368155764 0.017368032732847392 -0.029048084999867614 0.0068745550363136319 -0.0097090598647327549
leaf_weight=9.0703776264563185 20.744253078009933 40.52955475426279 32.116959924227558 7.5651869586436069 92.451500337570906 46.398713194997981
leaf_count=562 1098 2824 905 374 3213 2152
internal_value=0.000225654 -0.00185482 -0.000460124 0.00264187 -0.000872246 0.00124477
internal_weight=248.877 228.132 219.062 178.532 146.415 138.85
internal_count=11128 10030 9468 6644 5739 5365
is_linear=0
shrinkage=0.05


Tree=104
num_leaves=7
num_cat=0
split_feature=68 32 22 67 67 31
split_gain=3.68314 4.24234 3.7917 3.61219 3.56173 3.15996
threshold=0.90310131223571144 -0.86298477154120345 -1.9202450305399259 0.52269273656224968 -0.066298196770317522 -0.3381642757055961
decision_type=2 2 2 2 2 2
left_child=1 4 -3 -2 -1 -4
right_child=3 2 5 -5 -6 -7
leaf_value=0.0018254031552186979 -0.03428760540476538 -0.026045606040544868 0.011418081798989647 0.0064238253374593966 -0.034264548760299926 -0.0011315796546727645
leaf_weight=12.836228114087136 11.364691657014193 6.8645806065760544 108.69918888929533 7.4606777036096892 10.958164588315411 90.144324326887727
leaf_count=637 852 356 4037 739 984 3529
internal_value=0.00015265 0.00199438 0.00437482 -0.019488 -0.0167708 0.00579652
internal_weight=248.328 229.502 205.708 18.8254 23.7944 198.844
internal_count=11134 9543 7922 1591 1621 7566
is_linear=0
shrinkage=0.05


Tree=105
num_leaves=7
num_cat=0
split_feature=15 56 19 25 29 28
split_gain=4.99416 4.36975 3.61751 4.80101 4.61102 3.29444
threshold=0.71140416575179233 1.0000000180025095e-35 1.8549003544632201 0.90675785991628466 0.13810959598367042 -1.1494366649761212
decision_type=2 2 2 2 2 2
left_child=1 -1 3 4 5 -3
right_child=-2 2 -4 -5 -6 -7
leaf_value=-0.016128555075059555 -0.019303973923213067 -0.010757331756552109 -0.021159180570368599 0.02149087938755016 -0.012407936436748691 0.011460657285847414
leaf_weight=25.581168268807232 27.929887705482543 17.980712053948082 9.6911770075093937 38.617232435499318 37.087541015353054 86.979754909989424
leaf_count=1276 1950 752 451 1250 2231 3154
internal_value=-0.000502536 0.00216048 0.00483037 0.00654734 0.00212431 0.00746135
internal_weight=243.867 215.938 190.356 180.665 142.048 104.96
internal_count=11064 9114 7838 7387 6137 3906
is_linear=0
shrinkage=0.05


Tree=106
num_leaves=7
num_cat=0
split_feature=19 23 66 41 23 23
split_gain=3.9957 4.63387 2.61869 3.68639 3.302 3.09172
threshold=-0.72052900134597186 -1.5918081793667647 1.7363809726971511 1.0000000180025095e-35 -0.2826117045226873 -0.55019298858049714
decision_type=2 2 2 2 2 2
left_child=1 -1 3 4 -2 -5
right_child=2 -3 -4 5 -6 -7
leaf_value=0.00720798013150573 -0.011237309644831219 -0.02318097222514914 0.017298928270092519 0.011057129559694678 0.023095312051967052 -0.0073392915706051694
leaf_weight=17.237252059625462 7.4220821086782989 33.9333339073346 22.180362504150253 25.866067361435853 23.84256189619191 109.0833340245299
leaf_count=690 255 2472 1177 756 668 5032
internal_value=-0.00113497 -0.0131119 0.00227268 -3.63588e-06 0.0146746 -0.00364943
internal_weight=239.565 51.1706 188.394 166.214 31.2646 134.949
internal_count=11050 3162 7888 6711 923 5788
is_linear=0
shrinkage=0.05


Tree=107
num_leaves=7
num_cat=0
split_feature=67 67 42 26 25 22
split_gain=4.41908 2.74989 3.35197 3.4862 3.31859 3.02356
threshold=1.7994473238481421 -1.1561657699607655 1.0000000180025095e-35 -0.95278581678751728 -1.2925124533436263 -0.59823722433572579
decision_type=2 2 2 2 2 2
left_child=1 5 3 -3 -5 -1
right_child=-2 2 -4 4 -6 -7
leaf_value=-0.037760642365451069 -0.035959476967035567 0.026854574015323512 0.019089920933595819 -0.030635175666043415 0.00028270253627651041 -0.0008703150012106327
leaf_weight=6.1076132101006833 5.3430065943393847 8.7567722590174508 24.55731687170919 6.118664533365517 179.0135015748674 14.612139053875579
leaf_count=328 512 300 685 514 8105 661
internal_value=-0.000183241 0.00105158 0.0027722 0.000446073 -0.00121136 -0.0151451
internal_weight=244.509 239.166 218.446 193.889 185.132 20.7198
internal_count=11105 10593 9604 8919 8619 989
is_linear=0
shrinkage=0.05


Tree=108
num_leaves=7
num_cat=0
split_feature=22 29 67 67 22 25
split_gain=4.34099 4.39642 3.58863 3.77456 3.47073 2.74511
threshold=-1.8375919700063812 1.5339092978561157 -1.1429902875440421 1.8588151102317962 1.438635215625951 -0.52899929598370765
decision_type=2 2 2 2 2 2
left_child=-1 2 5 4 -4 -2
right_child=1 -3 3 -5 -6 -7
leaf_value=-0.027659363368770701 -0.032613739481306595 -0.031918978984362127 0.007167844526865909 -0.033345450540679181 -0.024476626368736397 0.0013591948978750013
leaf_weight=10.684180522803215 9.018645620672034 6.5674408630002281 195.52866118098609 3.3765951404348007 6.1711056272033593 11.314193954691289
leaf_count=654 628 535 7992 354 553 304
internal_value=-0.000286906 0.00131083 0.00268552 0.00473823 0.00585514 -0.0159654
internal_weight=242.661 231.977 225.409 205.076 201.7 20.3328
internal_count=11020 10366 9831 8899 8545 932
is_linear=0
shrinkage=0.05


Tree=109
num_leaves=7
num_cat=0
split_feature=35 13 23 30 41 68
split_gain=5.36928 3.43049 3.10962 2.88841 2.35353 3.62701
threshold=1.0000000180025095e-35 -1.0322109127328389 -0.88963355740294825 1.7552247207064651 1.0000000180025095e-35 -0.63395864201426044
decision_type=2 2 2 2 2 2
left_child=1 -1 -3 4 -4 -6
right_child=-2 2 3 -5 5 -7
leaf_value=0.012162220667451436 -0.035793121169118834 -0.021496618152927985 0.013171187997881514 -0.026841026297345683 0.010874804665406638 -0.0070565846680984735
leaf_weight=42.382246702967677 8.1047494648955745 17.575624119141139 27.873964598577004 7.0996641607489428 36.145210348593537 98.386649748310447
leaf_count=1695 494 953 1021 399 1461 5017
internal_value=-0.00183739 -0.000191613 -0.00313809 -0.000893801 0.000706746 -0.00210676
internal_weight=237.568 229.463 187.081 169.505 162.406 134.532
internal_count=11040 10546 8851 7898 7499 6478
is_linear=0
shrinkage=0.05


Tree=110
num_leaves=7
num_cat=0
split_feature=26 31 30 13 28 24
split_gain=3.47221 2.87685 4.14688 3.22131 2.98721 3.60277
threshold=1.5946403913492566 0.50071946870381479 1.2028430597838391 0.94285402806478313 0.62904342866283658 0.51641539248461632
decision_type=2 2 2 2 2 2
left_child=1 2 4 -3 -1 -6
right_child=-2 3 -4 -5 5 -7
leaf_value=0.0052415613395866935 -0.023624666533467693 0.028151069608374366 -0.021043239624773225 -0.01378262228101558 -0.020728437174588735 0.013243986490543012
leaf_weight=161.16111875581555 10.967290272237731 15.765716965310277 17.754454283975065 4.0391562096192493 22.795305673498664 8.7880663154646737
leaf_count=6506 929 550 928 274 1536 310
internal_value=0.000599451 0.00204198 0.000211449 0.0189107 0.00246181 -0.0109467
internal_weight=241.271 230.304 210.499 19.8049 192.744 31.5834
internal_count=11033 10104 9280 824 8352 1846
is_linear=0
shrinkage=0.05


Tree=111
num_leaves=7
num_cat=0
split_feature=30 67 20 24 27 27
split_gain=3.34662 3.67911 3.64528 4.3791 3.4822 4.37373
threshold=0.926652229322526 -0.80995783673398336 1.770158265107552 0.70803569198217231 0.77938733283781314 0.5613781378939825
decision_type=2 2 2 2 2 2
left_child=1 -1 3 4 5 -3
right_child=-2 2 -4 -5 -6 -7
leaf_value=-0.0084831707151492991 -0.01365144454021805 0.0033359226460782359 -0.02514677617738327 0.025993421635085764 -0.019366749857021557 0.036301550610161715
leaf_weight=54.946427875373047 35.95207795733586 101.49446331697982 5.8776115607470265 24.764040411217138 11.506611970718948 8.2826986692380142
leaf_count=2445 1814 4556 563 697 751 306
internal_value=-0.000193893 0.00230659 0.0062976 0.00804374 0.00383975 0.00672268
internal_weight=242.824 206.872 151.925 146.048 121.284 109.777
internal_count=11132 9318 6873 6310 5613 4862
is_linear=0
shrinkage=0.05


Tree=112
num_leaves=7
num_cat=0
split_feature=29 22 22 25 27 8
split_gain=3.64811 3.25899 3.48955 3.33581 4.33519 3.53151
threshold=1.5592027228708851 -1.8814746467292147 1.0826950654601419 -0.42861958753868973 -1.1726044019897099 -0.74035698565838437
decision_type=2 2 2 2 2 2
left_child=1 -1 3 4 -3 -5
right_child=-2 2 -4 5 -6 -7
leaf_value=-0.024559312836236122 -0.032774976882980256 0.0091452639396237059 -0.017347937822431405 -0.006636326270907357 -0.017778954788009033 0.011384059608380331
leaf_weight=9.7467233478091639 5.7868033836130044 23.200377507251687 19.406310061225668 33.109947110759094 32.802283138502389 115.42962700477801
leaf_count=604 503 994 1367 1277 2069 4249
internal_value=-0.00114683 4.18289e-05 0.00142302 0.00342896 -0.00672712 0.0073154
internal_weight=239.482 233.695 223.949 204.542 56.0027 148.54
internal_count=11063 10560 9956 8589 3063 5526
is_linear=0
shrinkage=0.05


Tree=113
num_leaves=7
num_cat=0
split_feature=67 67 68 20 8 13
split_gain=3.91649 2.98664 3.84497 3.52798 3.41512 3.25164
threshold=1.6869609917527977 -0.80995783673398336 0.28413394303110046 1.1713273491417311 -0.33029944174888465 1.3518673973355206
decision_type=2 2 2 2 2 2
left_child=1 2 4 5 -1 -3
right_child=-2 3 -4 -5 -6 -7
leaf_value=-0.016621429477240959 -0.025515414291804692 0.0057815956797872383 -0.033953837135414763 -0.016203197866552374 0.0095871726833934648 0.037157902986317479
leaf_weight=18.05273388227215 10.400605177157557 157.17831237922655 8.2453974268864823 14.415160010568796 27.382082770229317 5.8968471547123036
leaf_count=706 818 6578 710 994 995 219
internal_value=0.00078545 0.00228048 -0.00777119 0.00539914 -0.00121087 0.0075669
internal_weight=241.571 231.171 53.6802 177.49 45.4348 163.075
internal_count=11020 10202 2411 7791 1701 6797
is_linear=0
shrinkage=0.05


Tree=114
num_leaves=7
num_cat=0
split_feature=67 66 56 5 1 2
split_gain=3.21321 3.2309 2.7086 4.22926 3.95588 3.87581
threshold=1.7994473238481421 1.7694959521230855 1.0000000180025095e-35 0.26464169595545345 1.106337875514199 0.86667895018284624
decision_type=2 2 2 2 2 2
left_child=1 2 -1 4 -4 -5
right_child=-2 -3 3 5 -6 -7
leaf_value=-0.016487218059762051 -0.032706189644735775 0.014932054471547877 0.00607587733373914 -0.025787924896410588 -0.022244469428960179 0.0088026121361538447
leaf_weight=26.171414043055847 4.8189175705192602 28.044560957816429 136.37920157599729 22.984817040152848 10.58561873110011 9.9695924771949631
leaf_count=1325 512 1457 5076 1489 618 529
internal_value=-0.00117545 -0.000120938 -0.00235418 -6.16784e-05 0.00363183 -0.015462
internal_weight=238.954 234.135 206.091 179.919 146.965 32.9544
internal_count=11006 10494 9037 7712 5694 2018
is_linear=0
shrinkage=0.05


Tree=115
num_leaves=7
num_cat=0
split_feature=22 22 66 58 67 23
split_gain=4.41882 3.96117 3.88616 3.67681 3.10661 5.57842
threshold=-1.8814746467292147 0.47889953659546675 -0.48746848826408135 -0.18730963634721756 0.68951274449994437 -0.24681713598390909
decision_type=2 2 2 2 2 2
left_child=-1 3 4 -2 5 -3
right_child=1 2 -4 -5 -6 -7
leaf_value=-0.030550727500683161 0.0015116072291621408 0.00062391838075280493 0.012084393895460569 0.023065469818355444 0.0042483037530682841 -0.036756357513910494
leaf_weight=9.1889002511743438 141.47969656187342 16.027119745267552 13.802083840011617 20.103364793583751 13.534857866354285 23.031557645648721
leaf_count=593 6062 585 643 662 1041 1451
internal_value=-0.00121898 0.00034471 -0.00967879 0.00456479 -0.015734 -0.0224675
internal_weight=237.168 227.979 66.3956 161.583 52.5935 39.0587
internal_count=11037 10444 3720 6724 3077 2036
is_linear=0
shrinkage=0.05


Tree=116
num_leaves=7
num_cat=0
split_feature=68 67 66 29 29 67
split_gain=4.22288 4.16576 3.74139 3.26775 4.18288 4.21372
threshold=0.81940293021427912 0.52269273656224968 2.365579855487935 1.2645457837260174 0.94856900899468277 1.6869609917527977
decision_type=2 2 2 2 2 2
left_child=2 -2 3 4 5 -1
right_child=1 -3 -4 -5 -6 -7
leaf_value=-3.7574038532649818e-05 -0.036778706950213458 0.0065761426281601828 0.021231959272667918 -0.022268610754521773 0.021170750947829518 -0.037080295056034253
leaf_weight=163.1778235352831 12.14575775479898 7.4858140490250653 17.927645522286184 13.554264915874226 19.459731974173337 5.0564891530666491
leaf_count=6233 965 766 981 884 808 413
internal_value=-0.00100031 -0.0215666 0.00110814 -0.000970055 0.000894147 -0.00178107
internal_weight=238.808 19.6316 219.176 201.248 187.694 168.234
internal_count=11050 1731 9319 8338 7454 6646
is_linear=0
shrinkage=0.05


Tree=117
num_leaves=7
num_cat=0
split_feature=22 68 22 32 18 25
split_gain=3.34564 3.4376 4.839 3.34411 2.76774 2.74349
threshold=-0.80571327424646089 -0.28006057956170355 -0.059033051096794624 -0.80693872920524845 -0.12460132686392573 0.49477826032407513
decision_type=2 2 2 2 2 2
left_child=-1 5 4 -4 -3 -2
right_child=1 2 3 -5 -6 -7
leaf_value=-0.012645800564353505 0.0014304313405970144 -0.0089430462492683886 0.011775059744157469 -0.018435712199774777 0.021476459491735055 0.017344965747088499
leaf_weight=43.713897754671052 66.942310109792743 9.4830475717317331 8.9958397010341269 48.126944604795426 18.123862524924334 43.172893541981466
leaf_count=2118 2786 519 807 2799 576 1504
internal_value=-0.000617242 0.00223223 -0.00523518 -0.0133279 0.0111749 0.00796458
internal_weight=238.559 194.845 84.7297 57.1228 27.6069 110.115
internal_count=11109 8991 4701 3606 1095 4290
is_linear=0
shrinkage=0.05


Tree=118
num_leaves=7
num_cat=0
split_feature=67 30 35 42 31 26
split_gain=3.24462 3.34492 5.27866 3.36146 3.27757 2.54979
threshold=-1.4824108510409972 0.6504613988612129 1.0000000180025095e-35 1.0000000180025095e-35 0.68713807857257281 -0.84269039272520063
decision_type=2 2 2 2 2 2
left_child=-1 2 -2 4 5 -3
right_child=1 3 -4 -5 -6 -7
leaf_value=-0.035558775820111098 0.0070315010410588706 0.017566715091343325 -0.033787985562704702 0.016800992470439934 0.014077987035598611 -0.021987885488137644
leaf_weight=2.8978076234925529 175.81708550930489 2.2993739843368521 5.3415447908919296 8.4783854142297042 6.8943063523620358 38.949171152315103
leaf_count=321 7772 69 334 199 343 2040
internal_value=0.00110248 0.00198674 0.00529711 -0.00833832 -0.0134914 -0.0187414
internal_weight=240.678 237.78 181.159 56.6212 48.1429 41.2485
internal_count=11078 10757 8106 2651 2452 2109
is_linear=0
shrinkage=0.05


Tree=119
num_leaves=7
num_cat=0
split_feature=25 30 28 19 0 19
split_gain=3.18041 5.45225 4.26764 3.79824 3.61936 3.08884
threshold=0.64039703030606687 0.6504613988612129 0.60761116213939281 1.8549003544632201 0.048986009713008642 0.57587340676937482
decision_type=2 2 2 2 2 2
left_child=1 2 -1 4 5 -2
right_child=3 -3 -4 -5 -6 -7
leaf_value=0.0037873044906710698 0.02070795461008516 -0.029125168750371883 -0.018070559180850484 -0.015054325920603432 0.021353000669140056 -0.016096265046529761
leaf_weight=128.68267449992709 5.7643717969767776 14.845323650166391 23.891678720363416 11.048839573515577 44.510969761293381 13.542397510260342
leaf_count=5565 228 907 1748 534 1445 714
internal_value=0.000861255 -0.00297485 8.21132e-05 0.00922382 0.0139143 -0.00380058
internal_weight=242.286 167.42 152.574 74.8666 63.8177 19.3068
internal_count=11141 8220 7313 2921 2387 942
is_linear=0
shrinkage=0.05


Tree=120
num_leaves=7
num_cat=0
split_feature=25 29 22 41 30 20
split_gain=2.60655 5.42702 3.00034 2.92032 4.17674 5.02509
threshold=-1.2925124533436263 -2.6304506305951985 -2.102133665164609 1.0000000180025095e-35 0.58908565875869889 -0.78793233545946406
decision_type=2 2 2 2 2 2
left_child=1 -1 -2 -4 -5 -6
right_child=2 -3 3 4 5 -7
leaf_value=0.024457786196823351 -0.029436701057054857 -0.033969533264228018 0.01301815943582222 0.0031516874039074745 0.028061316107195595 -0.018921155510314293
leaf_weight=3.0243917545303693 5.2745443072635672 11.660085340612566 39.431328144855797 128.59736837912351 3.7931357919005668 43.903904988896102
leaf_count=85 348 1061 1330 5798 95 2357
internal_value=-0.00135722 -0.0198283 0.000119216 0.0012357 -0.00157338 -0.0137454
internal_weight=235.685 14.6845 221 215.726 176.294 47.697
internal_count=11074 1146 9928 9580 8250 2452
is_linear=0
shrinkage=0.05


Tree=121
num_leaves=7
num_cat=0
split_feature=14 32 63 32 32 41
split_gain=3.82096 4.67789 2.57505 3.50922 3.41844 3.15407
threshold=0.39643418438868294 0.67828139269756083 1.0000000180025095e-35 2.3596626627762132 1.743156197080707 1.0000000180025095e-35
decision_type=2 2 2 2 2 2
left_child=2 -2 3 -1 5 -4
right_child=1 -3 4 -5 -6 -7
leaf_value=0.010504340271137213 -0.025058173249988054 0.0091847376146630619 0.014173016258278685 -0.035216252614472983 0.024468007432069908 -0.0094954496444106945
leaf_weight=94.687066620332189 25.736784073989838 13.328529694699681 14.270859081996603 1.5017813770100463 7.5994533246848723 77.91055682185106
leaf_count=3971 1909 624 508 81 224 3681
internal_value=0.000140021 -0.0135532 0.00303286 0.00874697 -0.00257007 -0.00550004
internal_weight=235.035 39.0653 195.97 96.1888 99.7809 92.1814
internal_count=10998 2533 8465 4052 4413 4189
is_linear=0
shrinkage=0.05


Tree=122
num_leaves=7
num_cat=0
split_feature=15 0 31 32 25 25
split_gain=2.61404 2.66567 2.61468 2.50355 2.59989 3.74338
threshold=-0.21601966264390707 0.65465756468145997 -0.15174566583683816 2.6679158956239659 1.5101271943738392 0.87600293565765475
decision_type=2 2 2 2 2 2
left_child=3 -2 -3 4 5 -1
right_child=1 2 -4 -5 -6 -7
leaf_value=0.0023142657359778189 -0.012651403363422893 0.018276810132106757 -0.013865617726265989 -0.034012144669515278 -0.012117621849907599 0.021607512278478319
leaf_weight=106.51475537201623 58.951754499576055 14.277171901543626 7.3052907473174846 1.3444288410246361 17.705288931494579 30.279596102773212
leaf_count=4641 3619 500 390 65 812 1003
internal_value=-0.000154655 -0.0073131 0.00703275 0.00361281 0.00458183 0.0069569
internal_weight=236.378 80.5342 21.5825 155.844 154.5 136.794
internal_count=11030 4509 890 6521 6456 5644
is_linear=0
shrinkage=0.05


Tree=123
num_leaves=7
num_cat=0
split_feature=22 66 67 29 42 35
split_gain=4.05844 2.62888 2.70652 3.40071 2.77819 3.12709
threshold=1.438635215625951 1.9775351008873077 -0.80995783673398336 -0.38961364616738087 1.0000000180025095e-35 1.0000000180025095e-35
decision_type=2 2 2 2 2 2
left_child=1 2 3 -1 -4 -6
right_child=-2 -3 4 -5 5 -7
leaf_value=-0.0036714614471285607 -0.032700499932308051 0.014414244180139882 -0.0012420106760863 -0.033864794987752328 0.024296343691497701 -0.022747898801863939
leaf_weight=35.313410111120902 6.7503125687362617 25.68104216712527 137.15855313534848 10.128859962685963 17.983798037515957 1.7950275866314758
leaf_count=1435 711 1387 6438 598 418 103
internal_value=-0.00111022 0.000237243 -0.00174603 -0.0120819 0.00141727 0.0175932
internal_weight=234.811 228.061 202.38 45.4423 156.937 19.7788
internal_count=11090 10379 8992 2033 6959 521
is_linear=0
shrinkage=0.05


Tree=124
num_leaves=7
num_cat=0
split_feature=22 29 25 29 22 27
split_gain=3.2576 2.86458 2.96463 4.0994 2.8756 2.56569
threshold=1.438635215625951 1.5339092978561157 -1.2647307324057866 -2.6304506305951985 -2.102133665164609 -1.3128610955119184
decision_type=2 2 2 2 2 2
left_child=1 2 3 -1 -4 -6
right_child=-2 -3 4 -5 5 -7
leaf_value=0.02117780114251909 -0.030113843759716898 -0.029258904809671384 -0.026528343948333699 -0.030509333188289273 0.025682729114420745 0.0021741689065849622
leaf_weight=2.7936235358938566 6.4889628217788404 5.1861994618084273 5.2423046650364986 11.946698816609567 9.4193867633584869 192.29753605191945
leaf_count=83 725 439 323 1065 316 8097
internal_value=-0.0014116 -0.000208442 0.0008527 -0.0187887 0.0025001 0.0036322
internal_weight=233.375 226.886 221.7 14.7403 206.959 201.717
internal_count=11048 10323 9884 1148 8736 8413
is_linear=0
shrinkage=0.05


Tree=125
num_leaves=7
num_cat=0
split_feature=56 22 18 67 31 67
split_gain=3.12875 3.64558 2.97199 2.92082 2.56183 6.05707
threshold=1.0000000180025095e-35 -0.018913229563086321 -0.11285675332364471 1.8588151102317962 -0.3381642757055961 1.5890562212253683
decision_type=2 2 2 2 2 2
left_child=1 2 -1 4 -2 -6
right_child=3 -3 -4 -5 5 -7
leaf_value=-0.020377859892738277 0.0077392173731486609 -0.028490022511243631 0.021347240948521248 -0.031953255141533958 -0.0085404635834237155 0.028407944696441475
leaf_weight=4.2055508990306407 117.06141823512735 16.266007546742912 7.7329635657952185 3.1642046350752926 76.264209230022971 9.9314040265744534
leaf_count=272 5051 1026 244 378 3680 364
internal_value=-0.00018511 -0.0149531 0.00550828 0.00201802 0.00300394 -0.00347101
internal_weight=234.626 28.2045 11.9385 206.421 203.257 86.1956
internal_count=11015 1542 516 9473 9095 4044
is_linear=0
shrinkage=0.05


Tree=126
num_leaves=7
num_cat=0
split_feature=20 24 67 68 30 22
split_gain=3.30946 2.94349 3.1644 4.0227 3.16243 4.23473
threshold=-0.8481017833063168 -0.59383484066896597 -0.22294582961420453 0.65791831107777488 0.60442959378432748 -0.82678526330556235
decision_type=2 2 2 2 2 2
left_child=-1 -2 3 4 5 -3
right_child=1 2 -4 -5 -6 -7
leaf_value=0.020745808612812465 -0.013148325595030619 -0.018157715459772208 0.010080136079808974 -0.031948101817067233 -0.018766958104720934 0.0085005016961820969
leaf_weight=15.867830108443739 38.131088626105338 15.522251545335164 66.551785388379358 8.1557636109646392 16.329132612678222 74.413189192942809
leaf_count=567 2880 647 2881 647 615 2779
internal_value=0.000648354 -0.0010677 0.00165061 -0.00338464 -0.000375418 0.00346186
internal_weight=234.971 219.103 180.972 114.42 106.265 89.9354
internal_count=11016 10449 7569 4688 4041 3426
is_linear=0
shrinkage=0.05


Tree=127
num_leaves=7
num_cat=0
split_feature=67 25 68 24 28 58
split_gain=2.54831 2.63625 4.58323 4.85356 2.91354 3.61602
threshold=1.7994473238481421 0.64039703030606687 -0.34211367072762228 0.28194851758988815 0.60761116213939281 -0.19908568249502517
decision_type=2 2 2 2 2 2
left_child=1 4 3 -3 5 -1
right_child=-2 2 -4 -5 -6 -7
leaf_value=-0.0031280213656670513 -0.028855081788819782 -0.0035912034782151943 -0.0040011828949473019 0.033312633463250668 -0.017176824871682008 0.019458934523327372
leaf_weight=115.95981469977414 4.5337049112422383 12.913536832202224 36.045017183874734 22.33355138276238 26.236078446847387 17.821546775114257
leaf_count=5305 501 533 1636 605 1920 612
internal_value=-0.000234296 0.000688942 0.00848747 0.0205709 -0.00287777 0.000241672
internal_weight=235.843 231.31 71.2921 35.2471 160.017 133.781
internal_count=11112 10611 2774 1138 7837 5917
is_linear=0
shrinkage=0.05


Tree=128
num_leaves=7
num_cat=0
split_feature=67 35 42 23 28 58
split_gain=2.848 2.72373 3.18315 3.54098 3.5457 3.24707
threshold=-1.4824108510409972 1.0000000180025095e-35 1.0000000180025095e-35 -0.41343072199365594 -0.84289401864366764 -0.19908568249502517
decision_type=2 2 2 2 2 2
left_child=-1 2 3 4 -2 -5
right_child=1 -3 -4 5 -6 -7
leaf_value=-0.035334197526850512 -0.010771254361228652 -0.024219639645675081 0.017248414157051899 -0.0094183228083876188 0.013439467216591186 0.012478546090219296
leaf_weight=2.812870680121704 17.728249381994829 7.9757093676598734 24.438602679874748 105.26845163537655 56.899751014425419 17.387936447456013
leaf_count=338 846 486 700 5883 2238 598
internal_value=-0.00077063 0.000102711 0.00128927 -0.000916417 0.00749409 -0.00609038
internal_weight=232.512 229.699 221.723 197.284 74.628 122.656
internal_count=11089 10751 10265 9565 3084 6481
is_linear=0
shrinkage=0.05


Tree=129
num_leaves=7
num_cat=0
split_feature=66 24 67 24 68 67
split_gain=3.85502 3.25439 3.93912 3.11593 3.66752 4.68074
threshold=2.3214170337880033 -0.55153469571571867 -0.51577483210129793 -0.37351087138170641 -0.20931028349221531 -0.47071086325569389
decision_type=2 2 2 2 2 2
left_child=1 2 -1 -3 -5 -6
right_child=-2 3 -4 4 5 -7
leaf_value=0.0072977792145370972 0.016438156074103476 0.019188942485021246 -0.023855413790095301 0.0018393457291004099 -0.031728150681464819 -0.00074788809970142631
leaf_weight=12.259964326396583 21.200019818148576 13.901713975938035 34.839992114459164 104.2875403992366 19.157401829375885 27.440693771815859
leaf_count=518 1181 645 2770 3584 1181 1279
internal_value=-0.00253142 -0.00463238 -0.0157949 -0.00121651 -0.00343398 -0.0146332
internal_weight=233.087 211.887 47.1 164.787 150.886 46.5981
internal_count=11158 9977 3288 6689 6044 2460
is_linear=0
shrinkage=0.05


Tree=130
num_leaves=7
num_cat=0
split_feature=22 22 26 35 68 22
split_gain=2.54708 3.05071 2.94312 2.41314 2.5669 2.85879
threshold=1.438635215625951 -0.83983847820301094 2.2227660186820457 1.0000000180025095e-35 -0.28006057956170355 -0.059033051096794624
decision_type=2 2 2 2 2 2
left_child=1 -1 3 4 -3 -6
right_child=-2 2 -4 -5 5 -7
leaf_value=-0.011505588154455191 -0.025990237595339794 0.010483923473542765 -0.031236925194533135 -0.021962927814907635 0.010809752502687522 -0.0086237896068712145
leaf_weight=40.598617097130045 6.5089120430639005 101.59544583200477 3.0606859612744293 5.5072341575287274 26.90910695947241 48.663584708352573
leaf_count=2013 727 3819 364 306 1071 2810
internal_value=-0.000638486 0.000421027 0.00316942 0.00424128 0.00540798 -0.00155558
internal_weight=232.844 226.335 185.736 182.675 177.168 75.5727
internal_count=11110 10383 8370 8006 7700 3881
is_linear=0
shrinkage=0.05


Tree=131
num_leaves=7
num_cat=0
split_feature=22 58 22 4 25 17
split_gain=2.97511 2.44276 3.19438 2.63864 2.63774 3.91024
threshold=-2.1666731193394679 -0.18730963634721756 0.81257396433183127 -0.71100967638945145 0.87600293565765475 0.76104894971451931
decision_type=2 2 2 2 2 2
left_child=-1 3 -3 -2 -5 -6
right_child=1 2 -4 4 5 -7
leaf_value=-0.029144835372210121 0.011981713611689575 0.020567222832381212 -0.019772601643287556 -0.007330481756210561 0.013952803682809581 -0.017563201414990837
leaf_weight=5.5521662551909676 29.490426968317479 24.153476307692475 3.4904218559968276 123.56736239354359 36.225867189699784 10.341588870156555
leaf_count=393 1162 813 201 6700 1336 510
internal_value=-0.000189259 0.000888613 0.0140367 -0.00111299 -0.00355105 0.00631442
internal_weight=232.821 227.269 27.6439 199.625 170.135 46.5675
internal_count=11115 10722 1014 9708 8546 1846
is_linear=0
shrinkage=0.05


Tree=132
num_leaves=7
num_cat=0
split_feature=67 29 67 22 67 32
split_gain=2.82729 2.92336 3.2007 2.85729 2.48532 3.89942
threshold=-1.4824108510409972 1.2970222357842565 1.6546732482809861 1.438635215625951 1.6869609917527977 0.14584399050598762
decision_type=2 2 2 2 2 2
left_child=-1 3 -3 4 -2 -6
right_child=1 2 -4 -5 5 -7
leaf_value=-0.034767280261737275 0.0046200422300157898 -0.029444743185481445 0.020361572063995387 -0.026548395715157325 -0.037832805711318987 0.0175782730289567
leaf_weight=2.7193831275217226 202.35547692704131 11.152306467643937 1.8739192556822661 5.290008293115533 5.5604387046769244 2.8279452524147928
leaf_count=324 8532 859 146 558 543 70
internal_value=-3.86465e-05 0.000817779 -0.0198094 0.00231583 0.00340281 -0.0194426
internal_weight=231.779 229.06 13.0262 216.034 210.744 8.38838
internal_count=11032 10708 1005 9703 9145 613
is_linear=0
shrinkage=0.05


Tree=133
num_leaves=7
num_cat=0
split_feature=20 19 58 28 12 8
split_gain=2.87148 2.69326 2.63273 3.86655 1.7915 1.94167
threshold=-0.8481017833063168 -1.1362489582223494 -0.21675049406047356 0.69882076495844803 -1.4898347865246537 -1.5604720734773838
decision_type=2 2 2 2 2 2
left_child=-1 -2 4 -4 -3 -6
right_child=1 2 3 -5 5 -7
leaf_value=0.01699175357047697 -0.022900326386095626 0.019254619647196655 0.020644967974250659 -0.022724210797882616 -0.020565162924770754 -0.0030758106244545731
leaf_weight=15.98578121914761 13.232875317044089 5.0845204676734275 21.748244209040426 3.8454434126615515 14.942285539349539 154.36641845072154
leaf_count=584 1246 285 723 218 734 7290
internal_value=-0.00168436 -0.0033009 -0.00168475 0.0124282 -0.0039311 -0.00495051
internal_weight=229.206 213.22 199.987 25.5937 174.393 169.309
internal_count=11080 10496 9250 941 8309 8024
is_linear=0
shrinkage=0.05


Tree=134
num_leaves=7
num_cat=0
split_feature=22 35 68 25 30 31
split_gain=2.8057 2.48847 2.64686 3.71531 2.52807 4.50227
threshold=-1.8375919700063812 1.0000000180025095e-35 -0.13352733514706608 -0.21285776857127317 0.60442959378432748 0.68713807857257281
decision_type=2 2 2 2 2 2
left_child=-1 2 4 -4 -2 -6
right_child=1 -3 3 -5 5 -7
leaf_value=-0.022454529014381129 0.0096844683634227397 -0.02297840584753592 -0.021505785569772527 0.002664280375503196 -0.011758681226645836 0.02761661855196916
leaf_weight=10.398179755662566 110.02899866743246 7.2721034515416241 21.78274831653107 42.800220335950144 35.206050973618403 6.0195287154056123
leaf_count=657 4328 443 1890 2057 1521 198
internal_value=-0.000225668 0.0010945 0.00220947 -0.00608064 0.00579861 -0.00452598
internal_weight=233.508 223.11 215.838 64.583 151.255 41.2256
internal_count=11094 10437 9994 3947 6047 1719
is_linear=0
shrinkage=0.05


Tree=135
num_leaves=7
num_cat=0
split_feature=22 20 20 66 28 68
split_gain=3.23472 2.12292 3.1989 3.4326 2.25211 3.42606
threshold=1.438635215625951 -0.78522396933826588 -0.58504145621946402 -0.48577020367265994 -1.1494366649761212 -0.50990132038412905
decision_type=2 2 2 2 2 2
left_child=1 -1 3 -3 5 -4
right_child=-2 2 4 -5 -6 -7
leaf_value=0.011253786464140797 -0.029351082134212926 -0.020896946784308621 -0.039900621299456249 0.0085562570038453505 0.0047169040932657199 0.0052339185337596378
leaf_weight=39.98152027343167 5.9784404824022195 30.698541135061532 4.5145292961969963 12.054099221713839 127.50573374962551 8.1937295686220732
leaf_count=1680 707 1501 236 630 5825 425
internal_value=8.2456e-05 0.00125095 -0.00108113 -0.0125761 0.00261382 -0.015358
internal_weight=228.927 222.948 182.967 42.7526 140.214 12.7083
internal_count=11004 10297 8617 2131 6486 661
is_linear=0
shrinkage=0.05


Tree=136
num_leaves=7
num_cat=0
split_feature=25 27 32 20 17 8
split_gain=2.21729 4.24598 3.19794 2.89795 2.58258 2.5541
threshold=-0.42861958753868973 -1.1320938532121345 -0.83496175037322595 -0.64291835068923253 0.75899161962426687 -1.150414529567884
decision_type=2 2 2 2 2 2
left_child=1 3 4 -1 -2 -4
right_child=2 -3 5 -5 -6 -7
leaf_value=-0.00067887503604317908 -0.033792346063522501 -0.018625599835900546 -0.010495345050430531 0.038784650222277756 0.014580570140370931 0.0073036007743709878
leaf_weight=26.331567792862192 6.8515061646467057 35.664483242173446 20.853883378615137 2.6248594317585221 1.8870130898430941 136.41186470031971
leaf_count=1239 677 2712 819 127 119 5377
internal_value=-6.72002e-05 -0.00771808 0.00299521 0.00620363 -0.0222899 0.00479113
internal_weight=230.625 64.6209 166.004 28.9564 8.73852 157.266
internal_count=11070 4078 6992 1366 796 6196
is_linear=0
shrinkage=0.05


Tree=137
num_leaves=7
num_cat=0
split_feature=30 68 67 42 31 67
split_gain=2.8111 3.31568 5.34379 3.06248 3.66418 3.04018
threshold=0.6504613988612129 0.65791831107777488 0.68951274449994437 1.0000000180025095e-35 0.68713807857257281 1.1922294385556811
decision_type=2 2 2 2 2 2
left_child=1 5 -3 4 -2 -1
right_child=3 2 -4 -5 -6 -7
leaf_value=0.0079375382694416245 -0.019947742363571549 -0.0315369712958797 0.019085548419621508 0.015145868740501429 0.014352415279223128 -0.017051667267662995
leaf_weight=148.23736356024165 39.221995209227316 12.186750320950525 5.5065998575882977 8.3926028225105238 7.2690713575575492 10.43803503224626
leaf_count=5927 2105 988 618 204 348 805
internal_value=0.000565304 0.00365014 -0.0152992 -0.00902321 -0.0140399 0.00600779
internal_weight=231.252 176.369 17.6934 54.8837 46.4911 158.675
internal_count=10995 8338 1606 2657 2453 6732
is_linear=0
shrinkage=0.05


Tree=138
num_leaves=7
num_cat=0
split_feature=67 0 41 8 14 22
split_gain=2.67491 2.68849 3.45416 4.00787 2.92834 2.83177
threshold=-1.4824108510409972 0.62942124989110781 1.0000000180025095e-35 -0.74035698565838437 -0.38604232509816289 0.50010127928177972
decision_type=2 2 2 2 2 2
left_child=-1 2 4 -4 -2 -5
right_child=1 -3 3 5 -6 -7
leaf_value=-0.034117936847794739 -0.0049219476286176721 0.0085727722551642693 -0.023650953892909703 0.0048265745065842686 0.025267388879713783 -0.011869709448537956
leaf_weight=2.5680597629398099 12.967599317023998 74.165202875563409 23.762443664949387 61.459952634584624 15.074244620045645 38.998792094411328
leaf_count=324 535 2806 1375 2807 562 2654
internal_value=0.000126279 0.000955711 -0.00284841 -0.00644822 0.0121802 -0.00181128
internal_weight=228.996 226.428 152.263 124.221 28.0418 100.459
internal_count=11063 10739 7933 6836 1097 5461
is_linear=0
shrinkage=0.05


Tree=139
num_leaves=7
num_cat=0
split_feature=67 35 32 66 25 31
split_gain=2.78467 2.83712 3.09441 2.13252 1.78079 2.92519
threshold=1.7994473238481421 1.0000000180025095e-35 1.154672752553179 1.7363809726971511 0.89017338634710763 -0.3381642757055961
decision_type=2 2 2 2 2 2
left_child=1 3 -3 4 5 -1
right_child=-2 2 -4 -5 -6 -7
leaf_value=0.0026474764865981478 -0.030833437763702433 -0.037453809168186823 0.016693794203013815 0.014274682718867091 0.0081206932055941424 -0.01159657790736009
leaf_weight=89.013552139280364 4.393822942976839 6.2621066736755884 1.7041418431326745 25.776445288793184 44.373189584352076 56.610992047470063
leaf_count=3806 525 439 47 1444 1639 3138
internal_value=-0.000642701 0.000350298 -0.0244725 0.00158976 -0.000326308 -0.00301215
internal_weight=228.134 223.74 7.96625 215.774 189.998 145.625
internal_count=11038 10513 486 10027 8583 6944
is_linear=0
shrinkage=0.05


Tree=140
num_leaves=7
num_cat=0
split_feature=35 68 26 25 30 22
split_gain=2.61226 2.27475 2.22097 5.57943 2.81081 2.5529
threshold=1.0000000180025095e-35 1.0532991092782571 -0.95278581678751728 -1.2647307324057866 -1.3289062194448638 -0.80571327424646089
decision_type=2 2 2 2 2 2
left_child=2 -2 -1 -4 -5 -6
right_child=1 -3 3 4 5 -7
leaf_value=0.021077595749479018 -0.034762686207988655 0.016021477417228626 -0.033897748104373203 0.032392686025376746 -0.012596344257202591 0.0021326219377213744
leaf_weight=8.6017217431799491 6.6371647922787806 0.95065870194230218 9.4286659050267172 3.7299760679015881 32.692562522017397 164.47370946919546
leaf_count=348 432 71 1032 188 1581 7475
internal_value=-0.00140698 -0.0256633 -0.000230721 -0.00138633 0.000615824 -0.000461805
internal_weight=226.514 7.58782 218.927 210.325 200.896 197.166
internal_count=11127 503 10624 10276 9244 9056
is_linear=0
shrinkage=0.05


Tree=141
num_leaves=7
num_cat=0
split_feature=26 25 23 25 33 68
split_gain=2.54108 4.46634 2.06052 3.46827 2.6552 3.84012
threshold=-0.95278581678751728 -1.2925124533436263 -0.55782466074065162 0.24370624228544216 -0.66808451497087595 -0.37993185384763878
decision_type=2 2 2 2 2 2
left_child=-1 -2 -3 -4 5 -5
right_child=1 2 3 4 -6 -7
leaf_value=0.022004834647682745 -0.031136384187394367 0.0083927691910471395 -0.011781561941615807 0.0090896743001706356 0.012561919074874129 -0.016228791167025646
leaf_weight=9.7733324149157834 8.6004843579139543 59.317001509829424 57.244583859632257 27.022241333499547 41.366158657241613 27.138370101340119
leaf_count=379 969 2296 3459 998 1602 1390
internal_value=0.000317919 -0.000924736 0.000717585 -0.00236673 0.00346208 -0.00378262
internal_weight=230.462 220.689 212.088 152.771 95.5268 54.1606
internal_count=11093 10714 9745 7449 3990 2388
is_linear=0
shrinkage=0.05


Tree=142
num_leaves=7
num_cat=0
split_feature=19 27 4 30 63 24
split_gain=2.72291 3.05267 2.61487 2.32689 2.06428 4.23935
threshold=-0.81621469658382273 -1.1320938532121345 -0.61572676467493204 1.7552247207064651 1.0000000180025095e-35 0.90420422135122125
decision_type=2 2 2 2 2 2
left_child=1 2 -1 4 -2 -6
right_child=3 -3 -4 -5 5 -7
leaf_value=-0.0066079216161209738 0.0098545916154356497 -0.025000664269182606 0.02894007893133729 -0.019573970255790114 -0.0077481427534321834 0.014372289614128271
leaf_weight=20.79684822878335 89.355989723146195 16.875692601199262 3.6156303583411491 7.622800597222521 64.483932611416094 28.903267091838643
leaf_count=1005 3815 1647 180 446 3226 861
internal_value=0.000746425 -0.0104474 0.00124794 0.00329866 0.00455348 -0.000667642
internal_weight=231.654 41.2882 24.4125 190.366 182.743 93.3872
internal_count=11180 2832 1185 8348 7902 4087
is_linear=0
shrinkage=0.05


Tree=143
num_leaves=7
num_cat=0
split_feature=56 12 30 18 58 8
split_gain=2.83927 3.74825 2.01912 2.5296 2.65333 3.34703
threshold=1.0000000180025095e-35 0.38180705406509596 -1.4823455697011487 -1.1562299859252885 1.7969613155478197 -1.150414529567884
decision_type=2 2 2 2 2 2
left_child=1 -1 -2 -4 5 -5
right_child=2 -3 3 4 -6 -7
leaf_value=0.0030772982845498151 -0.017862896833950152 -0.031531568998488649 0.020366449605290039 -0.014641905778492989 0.027702468367921725 0.0043776304104837915
leaf_weight=16.776895230781523 7.1949998192721969 10.919114278134655 20.847234812797979 24.501237655524164 7.1917878560489035 143.19790195912356
leaf_count=956 712 588 906 1123 198 6579
internal_value=0.00190561 -0.0123154 0.0039976 0.00505867 0.00292127 0.00139034
internal_weight=230.629 27.696 202.933 195.738 174.891 167.699
internal_count=11062 1544 9518 8806 7900 7702
is_linear=0
shrinkage=0.05


Tree=144
num_leaves=7
num_cat=0
split_feature=67 4 10 21 20 0
split_gain=2.68049 2.46701 2.89587 2.59649 3.0434 2.68338
threshold=1.7994473238481421 -0.71100967638945145 -1.1403664826720659 -1.0577865642451203 -0.33858203182923258 0.78083913863322063
decision_type=2 2 2 2 2 2
left_child=1 -1 -3 -4 5 -5
right_child=-2 2 3 4 -6 -7
leaf_value=0.011139786223970653 -0.032359166558601278 -0.027858868417829443 0.021107564160760615 -0.016205345462616837 0.0028727353309624523 0.0041960628248897611
leaf_weight=34.578691875998629 3.8447477250592774 7.9417489263578309 9.0847915742197056 52.17251485720044 98.35174888354959 21.284197112021502
leaf_count=1364 490 529 419 2595 4930 766
internal_value=-0.00153589 -0.000583713 -0.00287111 -0.00133748 -0.00286619 -0.0103613
internal_weight=227.258 223.414 188.835 180.893 171.808 73.4567
internal_count=11093 10603 9239 8710 8291 3361
is_linear=0
shrinkage=0.05


Tree=145
num_leaves=7
num_cat=0
split_feature=30 25 27 25 15 23
split_gain=1.87884 2.00976 3.86106 2.36735 2.01765 2.67504
threshold=2.261574576552206 -0.42861958753868973 -1.0248854418230307 -0.78743612958760012 -0.43658203386314265 1.1764559534240371
decision_type=2 2 2 2 2 2
left_child=1 2 -1 -4 5 -3
right_child=-2 4 3 -5 -6 -7
leaf_value=0.0057951639726018349 -0.025539143769462997 0.0022044630825383267 -0.033034691150795117 -0.0054315563161397426 0.010293393644138289 -0.024435237724308001
leaf_weight=32.867490811506286 3.6993836506735525 81.927271157095674 11.762657154933551 19.503427178511629 72.582743135048077 7.6027558371424666
leaf_count=1565 226 3343 1383 1123 2915 517
internal_value=0.000570923 0.00132648 -0.00598881 -0.0177992 0.00427672 -0.000776632
internal_weight=229.946 226.246 64.1336 31.2661 162.113 89.53
internal_count=11072 10846 4071 2506 6775 3860
is_linear=0
shrinkage=0.05


Tree=146
num_leaves=7
num_cat=0
split_feature=67 3 66 18 17 56
split_gain=2.04124 2.11086 2.61028 2.5301 2.40465 2.32893
threshold=1.7994473238481421 2.3260761889354504 2.3214170337880033 0.17371084105921311 0.59731189895360093 1.0000000180025095e-35
decision_type=2 2 2 2 2 2
left_child=1 2 5 -3 -5 -1
right_child=-2 3 -4 4 -6 -7
leaf_value=-0.014942310883130881 -0.026697189459974749 0.044431334726584039 0.016589131694805678 0.024627731261308225 -0.02361080065372877 0.00060780034512853667
leaf_weight=24.964835776598193 3.6973192963050669 3.0303690561559042 18.993601022986695 1.6507979671005157 2.8589995957445353 171.81530521658715
leaf_count=1357 498 84 1129 21 162 7810
internal_value=0.000515579 0.00131405 0.000243394 0.0231628 -0.0031688 -0.00155975
internal_weight=227.011 223.314 215.774 7.54017 4.5098 196.78
internal_count=11061 10563 10296 267 183 9167
is_linear=0
shrinkage=0.05


Tree=147
num_leaves=7
num_cat=0
split_feature=28 20 20 25 30 11
split_gain=3.05452 3.13719 3.21045 2.03094 2.93214 3.52482
threshold=-1.1774516990746229 -0.024262043305137329 -0.68965895846638781 -1.2925124533436263 -0.79186849354786637 -0.064582307516767593
decision_type=2 2 2 2 2 2
left_child=1 2 -1 -2 5 -5
right_child=3 -3 -4 4 -6 -7
leaf_value=-0.0041398700419793596 -0.017860932553475539 0.014836542114837238 -0.041908732603586157 0.027851739323035779 -0.00034824747241591058 -0.017837114854524477
leaf_weight=11.470329221803699 10.945933520793913 4.2735017876839256 9.6326046866597608 16.13869845849695 167.95613394465181 3.1869769972690838
leaf_count=525 979 214 574 573 7853 310
internal_value=-0.00162107 -0.0169651 -0.0244502 0.000566849 0.0019085 0.0189328
internal_weight=223.604 25.3764 21.1029 198.228 187.282 19.3257
internal_count=11028 1313 1099 9715 8736 883
is_linear=0
shrinkage=0.05


Tree=148
num_leaves=7
num_cat=0
split_feature=35 67 23 33 66 3
split_gain=2.03391 2.12767 2.08187 2.50985 1.91737 2.27393
threshold=1.0000000180025095e-35 0.52269273656224968 1.3976393722249774 -0.19920704982851464 2.365579855487935 2.3260761889354504
decision_type=2 2 2 2 2 2
left_child=2 -2 4 -4 5 -1
right_child=1 -3 3 -5 -6 -7
leaf_value=-0.00044646155997671544 -0.033488758277948054 0.011029638207675474 -0.033197944985838716 0.013150494835250607 0.01719081350927075 0.025309112447517396
leaf_weight=187.86960107740015 5.4583441701252005 2.1891125300899148 5.8650688373018056 2.3967508353525755 16.480111984536052 5.9752785855671382
leaf_count=8640 329 165 539 151 1019 197
internal_value=0.000119798 -0.0212281 0.00114396 -0.0198309 0.00223518 0.000721077
internal_weight=226.234 7.64746 218.587 8.26182 210.325 193.845
internal_count=11040 494 10546 690 9856 8837
is_linear=0
shrinkage=0.05


Tree=149
num_leaves=7
num_cat=0
split_feature=67 66 10 31 29 27
split_gain=3.37919 2.30325 2.76927 4.44339 3.43722 3.17571
threshold=1.7994473238481421 2.3214170337880033 0.57694509356124335 -0.3381642757055961 1.5048715289569845 0.53670948782961692
decision_type=2 2 2 2 2 2
left_child=1 2 3 -1 5 -4
right_child=-2 -3 4 -5 -6 -7
leaf_value=0.0024997616049016028 -0.034810374081701553 0.016322822149597609 -0.0041817460644835609 -0.014968431785668999 -0.021599284530802884 0.022270689455615496
leaf_weight=96.717329227249138 3.7416756758466354 19.423820514464751 15.774274869821964 54.717500455095433 5.292495187604799 31.024426835705526
leaf_count=4022 508 1141 844 2604 497 1468
internal_value=7.31202e-05 0.00111297 -0.000554626 -0.00398013 0.00907815 0.0136397
internal_weight=226.692 222.95 203.526 151.435 52.0912 46.7987
internal_count=11084 10576 9435 6626 2809 2312
is_linear=0
shrinkage=0.05


Tree=150
num_leaves=7
num_cat=0
split_feature=22 4 13 67 24 13
split_gain=2.9473 2.0307 2.24433 2.17659 4.02815 2.58572
threshold=-1.9760131395153067 1.9727923369028442 1.2036820995404085 0.13506622488184225 -0.17036731811079267 0.87613812945516256
decision_type=2 2 2 2 2 2
left_child=-1 2 3 5 -5 -2
right_child=1 -3 -4 4 -6 -7
leaf_value=-0.027338212220978819 0.0040938545698113501 -0.021829506618106578 0.017507574992594806 -0.023584373480479117 0.0054162290551894067 -0.02284625819819586
leaf_weight=7.1572112566791466 143.85775205426035 6.9807740558171636 16.297773221100215 21.927229069347959 21.283184009371325 6.510695007396861
leaf_count=524 5844 686 855 1940 829 377
internal_value=-0.00101376 0.000216243 0.00124682 -0.0003685 -0.00987591 0.00250332
internal_weight=224.015 216.857 209.877 193.579 43.2104 150.368
internal_count=11055 10531 9845 8990 2769 6221
is_linear=0
shrinkage=0.05


Tree=151
num_leaves=7
num_cat=0
split_feature=30 41 15 34 18 67
split_gain=1.76799 2.66829 2.22364 2.13909 1.7312 2.62383
threshold=0.098079737938586695 1.0000000180025095e-35 0.45457996902942743 1.0000000180025095e-35 1.0850897477850237 -1.0915382060115422
decision_type=2 2 2 2 2 2
left_child=3 -2 -3 -1 -5 -6
right_child=1 2 -4 4 5 -7
leaf_value=-0.0096542369186567861 0.013181319996824502 -0.003730953961007027 -0.028787628889847705 0.004672270390583811 -0.0010964494974884697 0.032051624738352304
leaf_weight=16.798924753442407 17.933056010166183 80.474168813030701 7.1627676702337331 82.2551705816295 9.168031884008089 13.140339531906646
leaf_count=1177 589 3776 547 4094 338 475
internal_value=0.00166614 -0.00302178 -0.00666395 0.00571856 0.00838869 0.0199137
internal_weight=226.932 105.57 87.6369 121.362 104.564 22.3084
internal_count=10996 4912 4323 6084 4907 813
is_linear=0
shrinkage=0.05


Tree=152
num_leaves=7
num_cat=0
split_feature=67 24 27 63 25 33
split_gain=2.28111 2.23143 2.61309 2.94948 3.38636 3.28792
threshold=-1.1922724938432216 0.86257907871105755 -1.1320938532121345 1.0000000180025095e-35 0.27527947938465658 0.025044086930756913
decision_type=2 2 2 2 2 2
left_child=-1 2 -2 -4 -5 -6
right_child=1 -3 3 4 5 -7
leaf_value=-0.016875513188472226 0.012398079555393614 0.011488463188731864 0.0027433620280776848 -0.022673987081837845 -0.0079611816227201371 0.026193716470699287
leaf_weight=15.808221828774547 26.184785745746922 39.83975424405071 75.376366165117361 31.164856524672359 29.271726789884269 6.0155515156220636
leaf_count=884 1098 1543 3690 2169 1420 228
internal_value=-0.000193281 0.00129753 -0.00127811 -0.00400756 -0.0114528 -0.000542485
internal_weight=223.661 207.853 168.013 141.829 66.4521 35.2873
internal_count=11032 10148 8605 7507 3817 1648
is_linear=0
shrinkage=0.05


Tree=153
num_leaves=7
num_cat=0
split_feature=67 21 67 68 67 18
split_gain=3.20505 3.33731 3.46588 3.56886 3.03739 2.99911
threshold=1.6869609917527977 1.7157378351265458 -0.80995783673398336 -0.71037677948158107 -0.89477391985402221 0.64334697550120201
decision_type=2 2 2 2 2 2
left_child=1 2 3 -1 -5 -2
right_child=5 -3 -4 4 -6 -7
leaf_value=0.015457077319380128 -0.03699131743923733 -0.027884847797369113 0.0063063597668679781 -0.0079965780932124125 -0.043827380035077051 0.016520012420989914
leaf_weight=9.9629175415902846 7.0887866070261207 6.3205629006260997 159.71164960798342 36.67594863451086 4.6129747144877902 1.5967228384688494
leaf_count=521 775 544 7245 1682 240 30
internal_value=8.03443e-05 0.00143295 0.00268998 -0.00830497 -0.0146973 -0.0254383
internal_weight=225.97 217.284 210.963 51.2518 41.2889 8.68551
internal_count=11037 10232 9688 2443 1922 805
is_linear=0
shrinkage=0.05


Tree=154
num_leaves=7
num_cat=0
split_feature=29 25 28 30 31 29
split_gain=1.88924 4.42713 2.31131 2.00763 4.26813 2.71025
threshold=-2.6304506305951985 -1.2925124533436263 -2.0633697445829675 0.926652229322526 0.50071946870381479 1.1685683159962579
decision_type=2 2 2 2 2 2
left_child=-1 -2 -3 5 -5 -4
right_child=1 2 3 4 -6 -7
leaf_value=0.026622611321612057 -0.028665978863250563 -0.026027294557621029 0.0060721201636669622 -0.017658314880842397 0.019717319984084596 -0.019463015575021059
leaf_weight=3.7346284515224388 9.932650516217107 4.4111940311267963 166.37046411231859 26.100915203103796 7.6098095346242181 8.1777655028272402
leaf_count=92 1059 303 7046 1449 334 807
internal_value=0.000531451 -0.000254482 0.00145275 0.00239615 -0.00829938 0.00456712
internal_weight=226.337 222.603 212.67 208.259 33.7107 174.548
internal_count=11090 10998 9939 9636 1783 7853
is_linear=0
shrinkage=0.05


Tree=155
num_leaves=7
num_cat=0
split_feature=26 25 12 28 29 18
split_gain=1.76024 2.66839 2.2899 2.78279 2.97856 3.77968
threshold=-0.95278581678751728 -1.2925124533436263 0.15222395019245308 0.25976547646390241 -0.38961364616738087 0.53896707816195411
decision_type=2 2 2 2 2 2
left_child=-1 -2 3 -3 -5 -6
right_child=1 2 -4 4 5 -7
leaf_value=0.019174079687054292 -0.023880933013841959 0.01355161318384962 -0.0035738122731173967 0.019833579954248379 -0.024528002273448164 0.01229337342464632
leaf_weight=9.1205728605273162 8.4717998020932992 54.599596835847478 119.45191255235113 6.7374561083561266 17.017440684372563 8.4246242393273842
leaf_count=371 979 2412 5030 297 1634 319
internal_value=0.000634762 -0.000406159 0.000886748 0.00694098 -0.00447454 -0.0123247
internal_weight=223.823 214.703 206.231 86.7791 32.1795 25.4421
internal_count=11042 10671 9692 4662 2250 1953
is_linear=0
shrinkage=0.05


Tree=156
num_leaves=7
num_cat=0
split_feature=28 31 68 28 41 30
split_gain=1.74187 2.55969 1.7009 2.49632 3.13075 3.87394
threshold=-1.1774516990746229 -0.24495497077121717 -0.56916935155283699 0.25976547646390241 1.0000000180025095e-35 0.15945547804110075
decision_type=2 2 2 2 2 2
left_child=1 -1 -2 -4 -5 -6
right_child=2 -3 3 4 5 -7
leaf_value=-0.0028809026751840682 0.0071632154784795985 -0.03629003941033996 0.0027132264528094254 0.018006633357407556 0.0013994908669631219 -0.027425215035385631
leaf_weight=21.230330125021286 62.949307907518232 5.173756123171187 82.883532858453691 5.5310834945412344 19.371488243108615 25.247162989573553
leaf_count=1036 2678 308 3787 217 1375 1704
internal_value=-0.00111258 -0.0124619 0.000581311 -0.00262243 -0.0110962 -0.015611
internal_weight=222.387 26.4041 195.983 133.033 50.1497 44.6187
internal_count=11105 1344 9761 7083 3296 3079
is_linear=0
shrinkage=0.05


Tree=157
num_leaves=7
num_cat=0
split_feature=3 56 24 25 25 2
split_gain=1.72427 1.90016 2.89748 2.78111 2.37909 2.25593
threshold=2.3852865804382124 1.0000000180025095e-35 0.70803569198217231 0.10442939681797968 1.1259293157194696 -1.4017953059742954
decision_type=2 2 2 2 2 2
left_child=1 2 5 -4 -5 -1
right_child=-2 -3 3 4 -6 -7
leaf_value=0.014149335683312218 0.021127231773427207 0.0016179710409606628 0.028290719915411051 -0.034205592197713727 0.015443422821178275 -0.028393453571621763
leaf_weight=1.8423443739302499 6.9033724494511253 189.88350871478906 4.8178624850697798 2.5024462752044201 1.9558952606748787 15.844386372948065
leaf_count=54 244 9274 152 132 58 1118
internal_value=0.000724429 -0.000204537 -0.0119163 0.00891925 -0.0149736 -0.0225527
internal_weight=223.75 216.846 26.9629 9.2762 4.45834 17.6867
internal_count=11032 10788 1514 342 190 1172
is_linear=0
shrinkage=0.05


Tree=158
num_leaves=7
num_cat=0
split_feature=31 25 14 33 0 19
split_gain=1.83506 3.59091 2.92793 3.06291 2.66822 2.81736
threshold=-0.3381642757055961 0.94148160145174875 -0.47011683399442267 -0.58653896026269969 0.048986009713008642 1.31722638475343
decision_type=2 2 2 2 2 2
left_child=-1 2 -2 -4 -3 -6
right_child=1 4 3 -5 5 -7
leaf_value=0.0042006894741183232 -0.028522568917810721 -0.011567654877154023 0.0067556550257497532 -0.017144777105080791 0.033790790520541097 7.3394749300243728e-05
leaf_weight=127.99006083398126 15.413981913879978 9.2025127138476837 25.882452967372956 22.396644237887813 9.7633494159672427 12.065058791544287
leaf_count=6150 958 469 1370 1419 242 457
internal_value=0.000336574 -0.00485325 -0.0114782 -0.00468612 0.00855795 0.0174151
internal_weight=222.714 94.724 63.6931 48.2791 31.0309 21.8284
internal_count=11065 4915 3747 2789 1168 699
is_linear=0
shrinkage=0.05


Tree=159
num_leaves=7
num_cat=0
split_feature=56 25 19 29 12 33
split_gain=2.23394 2.33456 2.55942 2.12267 2.06344 1.77551
threshold=1.0000000180025095e-35 -1.2925124533436263 1.8549003544632201 -2.6304506305951985 0.19897915845872885 1.8394145916401627
decision_type=2 2 2 2 2 2
left_child=4 3 5 -2 -1 -3
right_child=1 2 -4 -5 -6 -7
leaf_value=0.001675704763493981 0.012782811418121952 0.0041037519591790783 -0.018725338958389365 -0.026452491560653619 -0.024299340580496858 0.024393142816564406
leaf_weight=13.97132549484377 2.7492099450901142 169.29283979619504 8.7084385503549111 9.0507404464296979 12.974602616712216 8.7485609117429686
leaf_count=870 79 7685 439 960 685 307
internal_value=0.00074125 0.00262519 0.00408109 -0.0165731 -0.0120128 0.00548842
internal_weight=225.496 198.55 186.75 11.8 26.9459 178.041
internal_count=11025 9470 8431 1039 1555 7992
is_linear=0
shrinkage=0.05


Tree=160
num_leaves=7
num_cat=0
split_feature=25 29 12 28 24 58
split_gain=2.20616 4.56474 2.06639 2.72883 2.21269 1.56571
threshold=-1.2647307324057866 -2.2070035448645529 -0.98562851926979744 0.19874475191929783 -1.3185944671171572 1.5996958398379599
decision_type=2 2 2 2 2 2
left_child=1 -1 3 4 -2 -4
right_child=2 -3 5 -5 -6 -7
leaf_value=0.012868650940073398 -0.0124573135267987 -0.036653488291516372 -0.0021350961467010059 -0.0070622941944047425 0.031135714993428959 0.01471387038924285
leaf_weight=5.8593246988020828 1.8278462977614243 8.3397951379884017 171.31880117504625 8.7454466342460346 13.824234178930057 11.980487112916306
leaf_count=234 107 1020 7787 807 615 462
internal_value=-0.000323079 -0.0175378 0.00108676 0.013897 0.0248601 -0.000814638
internal_weight=221.896 14.1991 207.697 24.3975 15.6521 183.299
internal_count=11032 1254 9778 1529 722 8249
is_linear=0
shrinkage=0.05


Tree=161
num_leaves=7
num_cat=0
split_feature=35 32 25 30 30 32
split_gain=2.08282 2.09504 1.85747 2.9577 2.22653 2.77274
threshold=1.0000000180025095e-35 1.0425806678812688 -0.42861958753868973 0.082735802912958192 0.14411154301547222 -0.63880060219738322
decision_type=2 2 2 2 2 2
left_child=2 -2 3 -1 -4 -6
right_child=1 -3 4 -5 5 -7
leaf_value=-0.0028128418526387313 -0.033475265512716769 0.012919111255869531 0.0097628935664967002 -0.034607446743470736 -0.023916942859258977 0.0011689933549361548
leaf_weight=53.477975268469891 5.8826694183517239 1.534207238582894 64.186839953501476 5.6055889705894506 9.6980120091466215 81.377705148770474
leaf_count=3473 442 47 2548 451 874 3281
internal_value=-0.00108815 -0.0229216 -2.67028e-05 -0.00735591 0.00284892 -0.00217974
internal_weight=221.763 7.41688 214.346 59.0836 155.263 91.0757
internal_count=11116 489 10627 3924 6703 4155
is_linear=0
shrinkage=0.05


Tree=162
num_leaves=7
num_cat=0
split_feature=20 63 68 68 18 2
split_gain=2.18922 1.82265 2.97099 2.67389 2.39841 2.70121
threshold=2.1835105787830753 1.0000000180025095e-35 0.68777219981980353 0.50728076771988018 0.77004156256698419 -1.3785289033470427
decision_type=2 2 2 2 2 2
left_child=1 -1 3 4 5 -3
right_child=-2 2 -4 -5 -6 -7
leaf_value=0.0053355914888165643 -0.027521311434702919 0.015325628546684265 -0.02682770950411131 0.031481747882923315 0.0083160516947751607 -0.011512067373936034
leaf_weight=106.99746718149981 4.0729682653327464 8.31502004759386 9.3570167602738348 3.0485053833108386 31.05582796735689 61.177571969223209
leaf_count=4928 535 250 1065 171 990 3105
internal_value=-0.000136749 0.000733846 -0.0036505 -0.000860993 -0.00272526 -0.00779951
internal_weight=224.024 219.951 112.954 103.597 100.548 69.4926
internal_count=11044 10509 5581 4516 4345 3355
is_linear=0
shrinkage=0.05


Tree=163
num_leaves=7
num_cat=0
split_feature=30 22 28 68 6 30
split_gain=1.66565 1.44792 1.91966 1.63162 2.67164 2.45019
threshold=2.5224214719878906 1.5908881217955924 1.4601561069183759 0.65791831107777488 2.9444833858744892 0.3435826983486428
decision_type=2 2 2 2 2 2
left_child=1 2 3 -1 5 -5
right_child=-2 -3 -4 4 -6 -7
leaf_value=0.0025385659712290065 -0.027264556904407516 -0.022531427234717457 0.024833236762102889 -0.028303751970048169 0.031048504883416379 0.0038477001554374241
leaf_weight=188.01007826323621 2.2217923167627296 3.2099784936290225 5.815792035078629 12.227174454543279 0.62191330583300342 8.6494116152171028
leaf_count=8126 149 460 378 1208 52 585
internal_value=0.000660626 0.0013099 0.00197004 0.000993767 -0.0111724 -0.0161733
internal_weight=220.756 218.534 215.324 209.509 21.4985 20.8766
internal_count=10958 10809 10349 9971 1845 1793
is_linear=0
shrinkage=0.05


Tree=164
num_leaves=7
num_cat=0
split_feature=22 22 31 13 31 13
split_gain=2.23217 2.05702 1.6077 1.69814 2.90168 2.30203
threshold=1.438635215625951 -2.1666731193394679 2.5513241772601525 1.3194137603938321 0.12788224896629877 0.68239174585963369
decision_type=2 2 2 2 2 2
left_child=1 -1 3 5 -5 -3
right_child=-2 2 -4 4 -6 -7
leaf_value=-0.021939934783149598 -0.023840804145611696 0.0042400840272319561 -0.022965905636109597 0.028043186386965305 -0.011318623011055524 -0.013245255308349975
leaf_weight=5.4323552303249008 5.4458527039969331 175.84033668320626 2.7511779090855262 13.10181869834196 4.6857670731260432 18.109304735902697
leaf_count=384 731 7668 254 627 385 1016
internal_value=0.00142233 0.00236033 0.00326993 0.00392691 0.0175371 0.00243057
internal_weight=225.367 219.921 214.488 211.737 17.7876 193.95
internal_count=11065 10334 9950 9696 1012 8684
is_linear=0
shrinkage=0.05


Tree=165
num_leaves=7
num_cat=0
split_feature=58 28 66 34 12 19
split_gain=1.42897 1.71149 1.22404 2.20697 1.83447 2.01493
threshold=2.8744979945821325 0.66489654880419702 1.7363809726971511 1.0000000180025095e-35 -1.0268458856094413 -1.2845883316833289
decision_type=2 2 2 2 2 2
left_child=2 -2 4 -4 5 -1
right_child=1 -3 3 -5 -6 -7
leaf_value=-0.0087771390710091445 0.025458927005629052 -0.014051819394168356 -0.019891757690178976 0.015133543474992734 -0.0036704795419077564 0.017953059240521048
leaf_weight=8.2245282781659643 7.9066279617836681 1.5279044425114987 2.771611527772623 22.279294997162651 162.80583997815847 18.840470067923889
leaf_count=760 260 79 168 1250 7217 1312
internal_value=0.000733653 0.0172138 -0.000216799 0.00954542 -0.00163323 0.00976498
internal_weight=224.356 9.43453 214.922 25.0509 189.871 27.065
internal_count=11046 339 10707 1418 9289 2072
is_linear=0
shrinkage=0.05


Tree=166
num_leaves=7
num_cat=0
split_feature=67 8 30 29 0 30
split_gain=2.3436 2.41297 2.44717 1.93968 4.24907 3.28538
threshold=-1.4557127061702195 -0.74035698565838437 0.6504613988612129 0.94856900899468277 -0.5819218600457946 0.84993255419438352
decision_type=2 2 2 2 2 2
left_child=-1 2 -2 5 -5 -3
right_child=1 3 -4 4 -6 -7
leaf_value=-0.030432815649594366 -0.002771351790859159 0.0034309649884847349 -0.027919204706316439 -0.021831446572428755 0.02189843808906905 -0.018416238445894465
leaf_weight=3.4508939026854923 39.487405122607015 122.17532071543974 10.173130933195351 4.3643465847126235 25.142138580908068 16.952429829048924
leaf_count=387 1836 5565 516 561 1251 925
internal_value=-0.00073119 0.000144545 -0.00922001 0.00301524 0.0140124 0.000436392
internal_weight=221.746 218.295 49.6605 168.634 29.5065 139.128
internal_count=11041 10654 2352 8302 1812 6490
is_linear=0
shrinkage=0.05


Tree=167
num_leaves=7
num_cat=0
split_feature=30 67 24 68 67 24
split_gain=1.91784 1.90115 4.07008 2.77663 2.84377 2.75372
threshold=2.261574576552206 -1.1429902875440421 0.86257907871105755 1.2948175578082843 1.6869609917527977 0.38940245723936046
decision_type=2 2 2 2 2 2
left_child=1 -1 3 4 -3 -6
right_child=-2 2 -4 -5 5 -7
leaf_value=-0.013414666550359425 -0.026789611589080494 -0.0012625448343379759 0.016121518416529056 0.024593221556060724 -0.041069975351951893 0.013378987103573315
leaf_weight=18.954033995163627 3.5963581502437583 147.56995367378113 38.135520989075303 6.6532731805345966 5.5377642055973402 1.5457888348028062
leaf_count=985 223 7169 1417 653 601 33
internal_value=-0.000224793 0.000569734 0.00207784 -0.00147604 -0.0030442 -0.0287426
internal_weight=221.993 218.396 199.442 161.307 154.654 7.08355
internal_count=11081 10858 9873 8456 7803 634
is_linear=0
shrinkage=0.05


Tree=168
num_leaves=7
num_cat=0
split_feature=67 29 20 29 24 18
split_gain=2.01293 3.45398 2.25534 2.17697 2.19817 2.07502
threshold=-0.80995783673398336 -0.63719883362313057 -0.58504145621946402 -2.2070035448645529 0.90420422135122125 1.7827174160777186
decision_type=2 2 2 2 2 2
left_child=1 2 -1 -2 -5 -4
right_child=3 -3 5 4 -6 -7
leaf_value=-0.0099874248008257286 0.027653976033216867 -0.024513532592573391 0.022737059804904848 -0.0012663633928692707 0.015050948019241409 -0.014135304624331522
leaf_weight=17.640589785063639 5.0662821128498754 18.171927904855693 11.814153422048546 144.98881109792273 21.000634021998849 2.87031839575502
leaf_count=898 135 985 434 7723 707 154
internal_value=-0.000331343 -0.00880972 0.00135046 0.00228024 0.00102861 0.0143545
internal_weight=221.553 50.497 32.3251 171.056 165.989 14.6845
internal_count=11036 2471 1486 8565 8430 588
is_linear=0
shrinkage=0.05


Tree=169
num_leaves=7
num_cat=0
split_feature=58 8 26 29 14 26
split_gain=1.526 2.54153 3.35039 2.67216 3.75222 3.52786
threshold=-0.19908568249502517 -0.74035698565838437 -0.82927682267388525 0.94856900899468277 -0.57929723476834072 -0.10430063612563216
decision_type=2 2 2 2 2 2
left_child=1 2 -1 5 -5 -3
right_child=-2 3 -4 4 -6 -7
leaf_value=0.011384321691341719 0.011625804437781094 0.0040018824442527518 -0.017804264258810567 -0.0068055462945660408 0.02845113318111513 -0.015585886987715286
leaf_weight=11.064052975678349 27.906548437807942 98.171346386196092 33.960752108832821 10.391192156821491 17.537730996671598 26.748002693697345
leaf_count=479 1083 4302 1768 691 1039 1753
internal_value=0.00129285 -0.000316295 -0.0103686 0.00278742 0.0159458 -0.000459455
internal_weight=225.78 197.873 45.0248 152.848 27.9289 124.919
internal_count=11115 10032 2247 7785 1730 6055
is_linear=0
shrinkage=0.05


Tree=170
num_leaves=7
num_cat=0
split_feature=58 22 25 34 30 14
split_gain=1.75604 2.5243 1.403 1.3741 2.49631 3.10427
threshold=-0.18730963634721756 0.54766895901741164 -0.88589280285724492 1.0000000180025095e-35 -0.10139141739458384 0.83971704845415651
decision_type=2 2 2 2 2 2
left_child=3 2 -2 -1 -5 -6
right_child=1 -3 -4 4 5 -7
leaf_value=-0.010663669339612533 -0.0089001978240047293 -0.010465229127149532 0.024891166463482498 0.0080793782118481258 -0.0013664531026273844 -0.034904846883963156
leaf_weight=24.893014301604126 2.0459669043193633 6.8487834392872164 18.173065045761177 73.75987128977431 94.972118765290361 4.4666406793985507
leaf_count=1617 95 325 626 3623 4357 383
internal_value=0.00134676 0.0126063 0.0207637 -0.000356883 0.0012808 -0.00385104
internal_weight=225.159 27.0678 20.219 198.092 173.199 99.4388
internal_count=11026 1046 721 9980 8363 4740
is_linear=0
shrinkage=0.05


Tree=171
num_leaves=7
num_cat=0
split_feature=31 67 67 25 67 68
split_gain=2.45374 4.25059 3.31215 2.94353 3.26251 2.50972
threshold=-0.3381642757055961 1.6546732482809861 -1.2127734750476356 0.87600293565765475 -1.2608231922142887 -1.0183946430327222
decision_type=2 2 2 2 2 2
left_child=1 2 -1 4 -2 -6
right_child=3 -3 -4 -5 5 -7
leaf_value=-0.023841491965781725 0.011959232167320553 -0.032354464203459207 0.0075619203231716212 0.0047507210812461603 0.016430930389588344 -0.020719849682707771
leaf_weight=6.1333144382806486 8.6896340130479057 4.9235137276700689 116.54142598135513 32.203845058800653 2.7810497418977311 50.116365607216721
leaf_count=419 390 572 5145 1255 121 3202
internal_value=-0.0011974 0.00329139 0.00546021 -0.00721692 -0.0134048 -0.0179897
internal_weight=221.389 127.598 122.675 93.7909 61.587 52.8974
internal_count=11104 6136 5564 4968 3713 3323
is_linear=0
shrinkage=0.05


Tree=172
num_leaves=7
num_cat=0
split_feature=30 5 26 25 32 29
split_gain=1.50076 3.85335 1.97483 1.8274 1.73904 1.72215
threshold=0.926652229322526 -0.2534454113627988 0.84927110247064064 2.4543238269347909 -0.21845528467772032 1.1823230486326886
decision_type=2 2 2 2 2 2
left_child=5 2 3 -2 -3 -1
right_child=1 4 -4 -5 -6 -7
leaf_value=0.0024491083028795324 -0.03754664369192158 -0.014268775830819409 0.0053754714281533146 0.003756296937792765 0.016970145198157618 -0.017793781237047116
leaf_weight=181.37914190554875 11.986046545323918 3.8085073463153103 3.8048933094833037 2.6378652735147616 11.460037758108225 8.1555798808694799
leaf_count=8467 711 376 198 124 419 854
internal_value=-0.000458 -0.00971947 -0.0235626 -0.0307252 0.00811449 0.00131438
internal_weight=223.232 33.6974 18.4288 14.6239 15.2685 189.535
internal_count=11149 1828 1033 835 795 9321
is_linear=0
shrinkage=0.05


Tree=173
num_leaves=7
num_cat=0
split_feature=25 29 30 10 15 10
split_gain=1.65881 3.20301 2.10172 2.24944 2.41376 2.19865
threshold=-1.2647307324057866 -2.2070035448645529 -1.3289062194448638 -0.56218500194004195 -0.70886282669069534 -0.4861543947200106
decision_type=2 2 2 2 2 2
left_child=1 -1 5 4 -4 -2
right_child=2 -3 3 -5 -6 -7
leaf_value=0.010501877794513895 0.040452451042945148 -0.031700767800151498 0.006818940520446886 0.0032875408660591036 -0.016156892820639698 -0.014166833835909743
leaf_weight=5.7309171152301133 3.3033962964545935 7.7728638370754179 14.921825801546218 155.62996531371027 32.012449959845981 0.86449561349581827
leaf_count=241 110 976 622 7434 1511 99
internal_value=0.000127404 -0.015137 0.00132673 0.000379531 -0.00888137 0.0279357
internal_weight=220.236 13.5038 206.732 202.564 46.9343 4.16789
internal_count=10993 1217 9776 9567 2133 209
is_linear=0
shrinkage=0.05


Tree=174
num_leaves=7
num_cat=0
split_feature=8 58 56 12 19 27
split_gain=1.85314 1.93503 1.44344 2.83463 2.00194 2.19872
threshold=-1.5604720734773838 -0.18730963634721756 1.0000000180025095e-35 0.38180705406509596 -0.80370195182195003 -1.0248854418230307
decision_type=2 2 2 2 2 2
left_child=1 -1 3 -2 5 -4
right_child=2 -3 4 -5 -6 -7
leaf_value=-0.019216892737048671 0.0054917235357403744 0.013276293156795705 0.0029845448815453801 -0.025542331983924277 0.0060315507235310373 -0.022471138890977641
leaf_weight=17.489295949169904 14.638032464805294 3.5967295713489866 19.457424069463745 10.259657296934163 145.18498535754043 11.263329355744643
leaf_count=976 854 98 991 542 6384 1226
internal_value=0.000410501 -0.0127111 0.00195521 -0.00866808 0.00357896 -0.00751727
internal_weight=221.889 21.086 200.803 24.8977 175.906 30.7208
internal_count=11071 1074 9997 1396 8601 2217
is_linear=0
shrinkage=0.05


Tree=175
num_leaves=7
num_cat=0
split_feature=3 19 32 18 22 31
split_gain=1.68155 2.84077 1.60107 1.58591 1.30764 1.99408
threshold=2.3852865804382124 1.8549003544632201 3.0182036602236848 0.17371084105921311 1.438635215625951 2.3649055673913946
decision_type=2 2 2 2 2 2
left_child=1 2 4 -2 5 -1
right_child=3 -3 -4 -5 -6 -7
leaf_value=0.0032902575581296341 0.037687841657821117 -0.027290621457412224 -0.029627339515154307 -0.0021565155872893295 -0.017887079068721418 -0.027375476919078726
leaf_weight=199.70617577611119 2.8602212402038267 6.1448500845581284 1.1463392018340517 3.8192521467572078 5.1847992516704826 2.4646686845226204
leaf_count=9379 84 363 53 163 703 274
internal_value=0.000912488 -6.69974e-06 0.00117309 0.021298 0.00176347 0.00252159
internal_weight=221.326 214.647 208.502 6.67947 207.356 202.171
internal_count=11019 10772 10409 247 10356 9653
is_linear=0
shrinkage=0.05


Tree=176
num_leaves=7
num_cat=0
split_feature=25 27 23 28 28 28
split_gain=1.44487 2.34368 1.35206 2.49708 1.70138 2.6295
threshold=-1.2925124533436263 -1.687200151285521 1.3201745229533202 1.6740195092987384 1.6740195092987384 1.4601561069183759
decision_type=2 2 2 2 2 2
left_child=1 -1 4 -4 5 -2
right_child=2 -3 3 -5 -6 -7
leaf_value=0.0067150613196181284 0.001826856190590395 -0.030824406668631194 -0.021805339889096245 0.026114779752632118 -0.025242697249081 0.031508657639949159
leaf_weight=5.9742918924894184 189.7852013251977 6.1994170026155171 10.360261201916725 0.73958528670482415 2.4907392773311576 4.7952833308372638
leaf_count=251 8440 896 825 68 332 242
internal_value=0.000189118 -0.0147165 0.00125747 -0.0137354 0.00229523 0.00302565
internal_weight=220.345 12.1737 208.171 11.0998 197.071 194.58
internal_count=11054 1147 9907 893 9014 8682
is_linear=0
shrinkage=0.05


Tree=177
num_leaves=7
num_cat=0
split_feature=25 68 24 32 19 67
split_gain=1.88471 2.31422 3.84903 2.59982 2.72373 2.32279
threshold=0.64039703030606687 -0.35555036369662035 0.28194851758988815 -0.050317157669855138 0.67529965251463209 1.4007110509731329
decision_type=2 2 2 2 2 2
left_child=-1 2 -2 5 -5 -3
right_child=1 3 -4 4 -6 -7
leaf_value=-0.0028731978106604464 -0.0052089729474095519 0.018892159531809276 0.027458771906354509 0.013410351982413395 -0.022998607835998913 -0.02310029563832585
leaf_weight=151.54808903695084 13.046941237989811 14.102785634691825 21.206053927540779 4.9440105380490449 14.779659132589584 1.4045874604489643
leaf_count=8215 598 702 622 169 695 115
internal_value=0.000250049 0.00689898 0.0155982 -0.00211907 -0.0133066 0.0119607
internal_weight=221.032 69.484 34.253 35.231 19.7237 15.5074
internal_count=11116 2901 1220 1681 864 817
is_linear=0
shrinkage=0.05


Tree=178
num_leaves=7
num_cat=0
split_feature=24 26 67 68 17 64
split_gain=2.03625 3.7054 2.91835 2.9222 2.62805 3.04124
threshold=-0.58520445395168119 -0.79056930713958529 -0.34681966693401572 0.41180695658743566 0.69978203711856068 1.0000000180025095e-35
decision_type=2 2 2 2 2 2
left_child=1 -1 3 -2 -4 -6
right_child=2 -3 4 -5 5 -7
leaf_value=0.0040375666702249097 -0.0020706404870372802 -0.023309114452433492 0.013367490591526674 -0.030672890486532507 -0.018294616734858923 0.010958816780894639
leaf_weight=22.051146580954082 80.887662694876781 23.20851529185893 57.66048628964927 7.1198118745815 15.358734461013228 14.452120303059928
leaf_count=955 3313 2383 2380 694 873 520
internal_value=-0.00146416 -0.0105627 0.00102064 -0.0053194 0.0073644 -0.00440743
internal_weight=220.738 45.2597 175.479 88.0075 87.4713 29.8109
internal_count=11118 3338 7780 4007 3773 1393
is_linear=0
shrinkage=0.05


Tree=179
num_leaves=7
num_cat=0
split_feature=35 32 42 67 22 67
split_gain=2.19972 1.73045 1.43574 2.87248 1.46127 3.52342
threshold=1.0000000180025095e-35 1.154672752553179 1.0000000180025095e-35 -0.87128719032855917 0.37481117684662896 1.527258174580395
decision_type=2 2 2 2 2 2
left_child=2 -2 4 -4 5 -1
right_child=1 -3 3 -5 -6 -7
leaf_value=0.0052163882745633414 -0.031463951742339825 0.011652518338969197 -0.014836784449347573 0.021022241402564194 -0.0061248216801270475 -0.025454290646282525
leaf_weight=117.97708248312119 5.9907761487411326 1.3919912548735736 5.1971106140117653 18.016388707561418 65.95890746533405 7.1803675250848746
leaf_count=5267 453 40 309 494 3883 611
internal_value=0.000169344 -0.0223166 0.00124125 0.0122148 -0.000259801 0.00290213
internal_weight=221.713 7.38277 214.33 23.2135 191.116 125.157
internal_count=11057 493 10564 803 9761 5878
is_linear=0
shrinkage=0.05


Tree=180
num_leaves=7
num_cat=0
split_feature=14 29 29 8 26 22
split_gain=1.52623 1.47656 2.06751 2.788 2.67221 2.19114
threshold=2.7204633669850509 1.5048715289569845 0.94856900899468277 -0.74035698565838437 0.42145062765677144 1.3158104321078132
decision_type=2 2 2 2 2 2
left_child=1 2 4 -4 -1 -5
right_child=-2 -3 3 5 -6 -7
leaf_value=0.0010629872996572632 -0.025527026343194283 -0.019597251188011307 -0.015806083309569868 0.023946705425535366 -0.020463806541670362 -0.015427942049518518
leaf_weight=169.98363179873559 2.7823180764098643 5.7923168399720444 4.6227831975556937 22.785627176868733 12.731088665081186 2.0074192614993072
leaf_count=7670 354 579 258 1035 980 261
internal_value=-0.0001708 0.00049518 0.00130945 0.0129486 -0.000743283 0.0194375
internal_weight=220.705 217.923 212.131 29.4158 182.715 24.793
internal_count=11137 10783 10204 1554 8650 1296
is_linear=0
shrinkage=0.05


Tree=181
num_leaves=7
num_cat=0
split_feature=20 20 28 30 2 29
split_gain=1.48641 2.17094 2.74888 2.49906 2.987 2.37849
threshold=1.4264550592308358 -0.33858203182923258 1.0522694574536384 1.1721551897325821 1.1226093790826266 0.86680476498923487
decision_type=2 2 2 2 2 2
left_child=1 2 -1 5 -5 -3
right_child=-2 3 -4 4 -6 -7
leaf_value=-0.0018580583140827729 -0.016493107461577186 0.0041612417616919608 -0.029206336630844532 -0.029674683502270954 0.0094243061469992465 0.024287691804223358
leaf_weight=113.27930352851399 11.247053911502006 56.170938845141791 7.0555525993695474 7.0001818205928412 7.4177831186680123 17.739814942295197
leaf_count=5283 1090 2558 549 480 322 873
internal_value=-0.000867356 0.000196705 -0.00413297 0.00603726 -0.0114004 0.00975087
internal_weight=219.911 208.664 120.335 88.3287 14.418 73.9108
internal_count=11155 10065 5832 4233 802 3431
is_linear=0
shrinkage=0.05


Tree=182
num_leaves=7
num_cat=0
split_feature=67 31 30 15 68 67
split_gain=2.90086 2.09057 2.52163 2.8526 2.5042 3.70326
threshold=-1.1561657699607655 -0.3381642757055961 0.61977352880995584 -0.72799555585648512 1.0882833716993578 0.15364035687906738
decision_type=2 2 2 2 2 2
left_child=-1 2 4 -4 5 -2
right_child=1 -3 3 -5 -6 -7
leaf_value=-0.019417391440649606 0.0094951970841815597 -0.0052872192036817253 0.011447671328724474 -0.021454309525053835 0.035220084075715842 -0.019763515169073022
leaf_weight=16.78878705878742 79.950247827771818 83.691130675986642 8.3086511415895092 14.078784218290819 5.143595205852761 9.5884443299146351
leaf_count=973 3261 4495 358 827 386 828
internal_value=-0.00115123 0.000639693 0.00490298 -0.00933359 0.00845246 0.00582283
internal_weight=217.55 200.761 117.07 22.3874 94.6823 89.5387
internal_count=11128 10155 5660 1185 4475 4089
is_linear=0
shrinkage=0.05


Tree=183
num_leaves=7
num_cat=0
split_feature=25 25 19 15 24 67
split_gain=2.91151 2.53636 3.18449 2.07967 1.92922 2.34718
threshold=1.5494062107218898 0.64039703030606687 0.56525506984512386 -0.045093506368128471 -0.17036731811079267 0.76103183219019421
decision_type=2 2 2 2 2 2
left_child=1 2 -1 4 5 -3
right_child=-2 3 -4 -5 -6 -7
leaf_value=0.00090101447390669893 -0.018265842085108012 0.013361126685842082 -0.023248371178840082 -0.013798289230097889 0.019100120121146202 -0.030146649003891687
leaf_weight=139.65520453883801 16.83279176033102 4.3153242624830446 12.108445210848002 4.929637901717796 37.288788013276644 2.566354681388475
leaf_count=7495 859 198 681 289 1301 231
internal_value=2.29469e-05 0.00180183 -0.00143905 0.0113251 0.0148282 -0.00709049
internal_weight=217.697 200.864 151.764 49.1001 44.1705 6.88168
internal_count=11054 10195 8176 2019 1730 429
is_linear=0
shrinkage=0.05


Tree=184
num_leaves=7
num_cat=0
split_feature=3 30 56 30 23 24
split_gain=1.49166 2.53999 2.05316 3.01795 2.16324 2.14579
threshold=2.3852865804382124 1.1568112547069536 1.0000000180025095e-35 -0.40827011790715384 0.79743874844361562 0.75067333809196157
decision_type=2 2 2 2 2 2
left_child=1 2 3 5 -5 -1
right_child=-2 -3 -4 4 -6 -7
leaf_value=-0.011358344911368083 0.018094875411619395 -0.017881667147209439 0.0022071861751011409 -0.033714866189891321 0.0039316593196499538 0.030222745279644327
leaf_weight=3.836837176349948 7.1495550861582151 18.375313080847263 171.58260687277652 10.994815913378259 4.4538160446099928 3.2508848469879013
leaf_count=274 260 1130 8396 659 286 98
internal_value=-0.000649013 -0.0015228 0.000274314 -0.0129722 -0.023987 0.0110296
internal_weight=219.644 212.494 194.119 22.5364 15.4486 7.08772
internal_count=11103 10843 9713 1317 945 372
is_linear=0
shrinkage=0.05


Tree=185
num_leaves=7
num_cat=0
split_feature=30 10 29 25 25 23
split_gain=1.27609 1.35311 2.47733 2.37007 1.98232 1.96471
threshold=2.261574576552206 -0.60576554664664395 -0.54458363387116504 0.49477826032407513 -1.2647307324057866 -0.52871624745723012
decision_type=2 2 2 2 2 2
left_child=1 2 -1 -4 -3 -6
right_child=-2 4 3 -5 5 -7
leaf_value=4.4804293356085314e-05 -0.021689791508707729 -0.025480563642072358 -0.034023340891868183 0.010474299220158174 0.017186301744634949 0.001722603877330832
leaf_weight=44.371373019268503 3.5041886453982434 2.8980678697698741 8.6210996962035988 2.457108241855166 21.42032503860537 135.05293843860272
leaf_count=2078 222 554 553 101 806 6692
internal_value=0.00013572 0.000785566 -0.00575037 -0.024025 0.00312382 0.00412298
internal_weight=218.325 214.821 55.4496 11.0782 159.371 156.473
internal_count=11006 10784 2732 654 8052 7498
is_linear=0
shrinkage=0.05


Tree=186
num_leaves=7
num_cat=0
split_feature=25 31 5 31 12 33
split_gain=2.25992 2.47481 3.10119 2.34306 2.31189 1.93375
threshold=0.64039703030606687 -0.3381642757055961 -0.12392363453323578 1.1531846032444677 -0.30757515377301953 -0.66808451497087595
decision_type=2 2 2 2 2 2
left_child=1 4 -3 5 -1 -2
right_child=3 2 -4 -5 -6 -7
leaf_value=0.011208681413819909 -0.0036410461482141196 -0.025281336021514996 -0.0013933265196689952 0.030214087259430356 -0.0045399754442778722 0.013702417228634176
leaf_weight=33.357728684233734 38.010234712448437 21.767188582627568 30.925532857159851 6.5428445423021904 62.021913284406764 23.720353149168659
leaf_count=2008 1711 1233 2073 216 2873 924
internal_value=-0.000255081 -0.00371407 -0.0120917 0.00708738 0.00114174 0.00334947
internal_weight=216.346 148.072 52.6927 68.2734 95.3796 61.7306
internal_count=11038 8187 3306 2851 4881 2635
is_linear=0
shrinkage=0.05


Tree=187
num_leaves=7
num_cat=0
split_feature=30 31 31 13 67 23
split_gain=1.87035 1.96714 1.78464 2.96764 2.35563 2.01046
threshold=0.91130829429689741 0.50071946870381479 -0.058536360902459193 1.6637230720425675 1.676198410595527 0.7685329459255078
decision_type=2 2 2 2 2 2
left_child=2 -2 3 4 -1 -4
right_child=1 -3 5 -5 -6 -7
leaf_value=0.0040310462394734636 -0.016188187283104071 0.010165631080514831 -0.016183038331716356 0.032292866745139037 -0.027237418733349866 0.0066765625711687334
leaf_weight=140.92680804475094 26.174167847842909 7.0873583083739495 21.601487096922938 6.1160678498563348 3.3115607901127069 13.619382641743867
leaf_count=6324 1494 343 1239 337 435 884
internal_value=0.000206233 -0.0101963 0.00220327 0.00458186 0.00277282 -0.00751334
internal_weight=218.837 33.2615 185.575 150.354 144.238 35.2209
internal_count=11056 1837 9219 7096 6759 2123
is_linear=0
shrinkage=0.05


Tree=188
num_leaves=7
num_cat=0
split_feature=63 68 24 31 67 23
split_gain=2.17495 2.29824 2.52301 3.148 2.28101 2.24824
threshold=1.0000000180025095e-35 0.68777219981980353 0.91802569728579286 -0.24495497077121717 -1.0963987265341804 1.3201745229533202
decision_type=2 2 2 2 2 2
left_child=5 2 3 -2 -4 -1
right_child=1 -3 4 -5 -6 -7
leaf_value=0.0069602943799377164 -0.00066124440565401251 -0.025092502645402328 -0.0074904617649536641 -0.022929290673630535 0.019711363825480731 -0.019988765092529014
leaf_weight=100.68040016223677 56.512592760846019 9.4585245686466788 10.275064014072997 19.171767532126978 17.587721624062397 5.4836696739075697
leaf_count=4719 2506 1177 373 1291 569 433
internal_value=-8.58395e-06 -0.00477541 -0.00226528 -0.00696117 0.00992703 0.00505723
internal_weight=219.17 113.006 103.547 75.6844 27.8628 106.164
internal_count=11068 5916 4739 3797 942 5152
is_linear=0
shrinkage=0.05


Tree=189
num_leaves=7
num_cat=0
split_feature=22 25 5 52 30 15
split_gain=2.10844 1.66107 1.33683 1.27047 1.42522 2.90709
threshold=-1.8375919700063812 -1.4683460611094621 0.65320702644414264 1.0000000180025095e-35 0.098079737938586695 0.45457996902942743
decision_type=2 2 2 2 2 2
left_child=1 -1 -3 4 -2 -6
right_child=3 2 -4 -5 5 -7
leaf_value=0.013510367255165023 0.0050902284687049243 -0.03422693151048127 0.0086061438064404111 -0.027211217563042147 -0.00025557814797713186 -0.028225507404210988
leaf_weight=1.1353373179445041 108.19499113262282 6.9700410695513693 0.96085856622084964 1.015016023069619 91.794872384169139 7.3432265016017473
leaf_count=63 5618 507 76 64 4158 583
internal_value=-0.000502246 -0.0208256 -0.0280998 0.000665178 0.00118782 -0.00309552
internal_weight=217.414 9.06624 7.9309 208.348 207.333 99.1381
internal_count=11069 646 583 10423 10359 4741
is_linear=0
shrinkage=0.05


Tree=190
num_leaves=7
num_cat=0
split_feature=67 41 22 32 24 3
split_gain=1.91861 1.76041 3.20446 2.21261 1.81954 1.59059
threshold=-1.4824108510409972 1.0000000180025095e-35 0.14473204507569989 -0.58275455986142821 0.19083927680722904 -0.69365377770544023
decision_type=2 2 2 2 2 2
left_child=-1 2 3 -2 -5 -6
right_child=1 -3 -4 4 5 -7
leaf_value=-0.029641751295705277 -0.02222435256679367 -0.00093174539870362642 0.031092509894405276 0.020216657790497819 0.016799281769033763 -0.014285456268654904
leaf_weight=2.157233413483481 4.9410857183393118 179.58045006377506 9.9714238406158966 11.257168738287875 3.2249895517015839 9.6867068998981232
leaf_count=326 359 9232 287 367 136 375
internal_value=0.000515653 0.00121032 0.0104179 0.00109271 0.00778731 -0.00481784
internal_weight=220.819 218.662 39.0814 29.11 24.1689 12.9117
internal_count=11082 10756 1524 1237 878 511
is_linear=0
shrinkage=0.05


Tree=191
num_leaves=7
num_cat=0
split_feature=20 30 24 28 68 68
split_gain=1.52979 2.31099 1.99076 3.27951 4.33367 2.13304
threshold=-0.8481017833063168 -1.3902819595473779 0.91802569728579286 -0.89561739429133891 0.22545224028285785 -0.4986633589918763
decision_type=2 2 2 2 2 2
left_child=-1 -2 -3 5 -5 -4
right_child=1 2 3 4 -6 -7
leaf_value=0.013625584573775308 -0.027319934865070457 -0.0035015872318232264 -0.036728289583739658 0.020650028213880095 -0.019458743181771383 0.0063310156022712838
leaf_weight=14.353205583291127 5.5294601093628435 151.94272298389114 3.2399615922477096 33.427068775024964 5.7658122970606192 3.9531057903077444
leaf_count=558 824 7916 151 1022 390 151
internal_value=-0.000644799 -0.00183258 -0.000725481 0.0080283 0.0137855 -0.0181656
internal_weight=218.211 203.858 198.329 46.3859 39.1929 7.19307
internal_count=11012 10454 9630 1714 1412 302
is_linear=0
shrinkage=0.05


Tree=192
num_leaves=7
num_cat=0
split_feature=25 30 33 24 0 67
split_gain=2.37633 3.64366 2.11162 2.43226 2.07449 2.05328
threshold=0.22293473468194205 0.19014334809235775 -0.72924281969022164 -1.0915847606336397 -0.93523026711072454 -0.22294582961420453
decision_type=2 2 2 2 2 2
left_child=1 2 -1 -4 -3 -2
right_child=5 4 3 -5 -6 -7
leaf_value=0.011816947224301943 -0.0041140642745146989 -0.0011819853027569393 0.0080643122808141069 -0.011178898800399264 -0.035460918347356603 0.0098743758506782339
leaf_weight=17.719937400222989 45.576990066561848 6.5228571892948848 20.050880101276562 57.772678130859276 12.180185482895466 54.951143812737428
leaf_count=1042 1829 400 1062 3249 897 2564
internal_value=-0.00195529 -0.00680783 -0.00252311 -0.00610567 -0.0253218 0.00359692
internal_weight=214.775 114.247 95.5435 77.8236 18.703 100.528
internal_count=11043 6650 5353 4311 1297 4393
is_linear=0
shrinkage=0.05


Tree=193
num_leaves=7
num_cat=0
split_feature=26 63 32 25 68 67
split_gain=2.06566 1.92243 3.77543 3.10979 3.06815 2.56177
threshold=2.2227660186820457 1.0000000180025095e-35 1.743156197080707 0.24370624228544216 0.087176454456441246 -0.20398979957591493
decision_type=2 2 2 2 2 2
left_child=1 4 3 -3 -1 -6
right_child=-2 2 -4 -5 5 -7
leaf_value=-0.00019066922474599064 -0.029995353783406776 -0.015311432073292537 0.022557386922833093 0.0019893124819902303 -0.004811519210226674 0.02922127304172464
leaf_weight=79.134527989459457 2.9849823514232403 55.241005500836764 8.582514174457172 45.769094477873296 6.7464539484353763 15.894481398863716
leaf_count=3717 490 3317 261 2041 342 890
internal_value=-0.00102792 -0.000204788 -0.00473801 -0.00764095 0.00467252 0.0197039
internal_weight=214.353 211.368 109.593 101.01 101.775 22.6409
internal_count=11058 10568 5619 5358 4949 1232
is_linear=0
shrinkage=0.05


Tree=194
num_leaves=7
num_cat=0
split_feature=25 58 22 13 13 6
split_gain=2.07806 2.01757 2.64998 2.04467 3.011 2.30959
threshold=-1.2925124533436263 -0.21675049406047356 0.81257396433183127 0.23180032951144178 0.02458070778670839 1.4247332030117734
decision_type=2 2 2 2 2 2
left_child=-1 3 -3 4 5 -2
right_child=1 2 -4 -5 -6 -7
leaf_value=-0.017609239860210301 -0.0025660356014292141 0.019846590187755767 -0.018502185950480306 0.0076243530558263413 -0.026660545561147539 0.030169305150221037
leaf_weight=11.627515783009583 111.70252320973668 23.316616770811383 2.9764367663301519 55.726906094583683 9.7980216270079818 2.6570845674723378
leaf_count=1149 5028 828 185 3059 558 210
internal_value=0.000620595 0.00188648 0.0140551 -9.35455e-05 -0.0036558 -0.00105369
internal_weight=217.805 206.178 26.2931 179.885 124.158 114.36
internal_count=11017 9868 1013 8855 5796 5238
is_linear=0
shrinkage=0.05


Tree=195
num_leaves=7
num_cat=0
split_feature=35 68 56 12 58 22
split_gain=2.08809 2.05759 1.19715 2.15847 1.90057 1.87906
threshold=1.0000000180025095e-35 1.0532991092782571 1.0000000180025095e-35 0.15222395019245308 1.7969613155478197 0.124801887936057
decision_type=2 2 2 2 2 2
left_child=2 -2 3 -1 5 -4
right_child=1 -3 4 -5 -6 -7
leaf_value=0.0056289207899282538 -0.031138529554923706 0.016631016438947488 -0.0030168360057152492 -0.020824457653875656 0.023579125387587593 0.0071868418316471706
leaf_weight=13.149320216296475 6.2183709793025619 0.90400435205083329 99.671584024326876 12.745820822223321 7.3524601944955057 77.695618811179884
leaf_count=828 425 69 4961 673 225 3890
internal_value=0.000250032 -0.0219434 0.00129818 -0.0082019 0.00273975 0.00149807
internal_weight=217.737 7.12238 210.615 25.8951 184.72 177.367
internal_count=11071 494 10577 1501 9076 8851
is_linear=0
shrinkage=0.05


Tree=196
num_leaves=7
num_cat=0
split_feature=3 30 32 67 18 14
split_gain=1.6421 2.31949 2.40021 2.42986 2.17953 2.01873
threshold=2.3260761889354504 0.098079737938586695 -0.41461643285356303 -0.96134569201230102 0.17371084105921311 -0.56382640507136028
decision_type=2 2 2 2 2 2
left_child=1 -1 -3 -4 -2 -6
right_child=4 2 3 -5 5 -7
leaf_value=0.0036069842673445915 0.038279224694651968 -0.022142707703430908 -0.028346240630057334 0.00036664249397979536 -0.023922450165798265 0.019664320204554404
leaf_weight=116.58778795506805 3.2620176769560194 17.268183940497693 5.2216277004918075 70.302042009483557 2.6083472964819521 2.1243392436299473
leaf_count=6163 99 1503 251 2920 151 36
internal_value=-7.85544e-05 -0.00105292 -0.00683742 -0.00262566 0.0187642 -0.00431917
internal_weight=217.374 209.38 92.7919 75.5237 7.9947 4.73269
internal_count=11123 10837 4674 3171 286 187
is_linear=0
shrinkage=0.05


Tree=197
num_leaves=7
num_cat=0
split_feature=52 25 24 21 33 24
split_gain=1.33182 1.35347 2.90518 1.92505 2.6915 1.74547
threshold=1.0000000180025095e-35 -0.42861958753868973 -1.0915847606336397 1.7157378351265458 -0.19920704982851464 -1.4244091154348546
decision_type=2 2 2 2 2 2
left_child=1 2 5 -3 -5 -1
right_child=-2 3 -4 4 -6 -7
leaf_value=-0.0039909671739630443 -0.028812888490715224 0.0042154416233712985 -0.014002905181220493 -0.032106679784968221 0.019090262397285136 0.02144599526687584
leaf_weight=13.306740530999379 0.95940976170822878 149.40521526167868 36.959591777907917 5.3024767683818936 1.4014081021305163 9.2400314107653667
leaf_count=692 66 6410 2823 439 81 537
internal_value=-7.42255e-05 0.000447288 -0.0057935 0.00289056 -0.0188111 0.00772779
internal_weight=216.575 215.615 59.5064 156.109 6.70388 22.5468
internal_count=11048 10982 4052 6930 520 1229
is_linear=0
shrinkage=0.05


Tree=198
num_leaves=7
num_cat=0
split_feature=67 67 30 67 30 30
split_gain=1.57062 1.67142 2.24178 2.18885 3.00917 2.13804
threshold=1.8588151102317962 -0.80995783673398336 -0.040015677292069833 -0.89477391985402221 -0.94530784380415145 -0.79186849354786637
decision_type=2 2 2 2 2 2
left_child=1 2 3 4 -1 -5
right_child=-2 -3 -4 5 -6 -7
leaf_value=-0.01622902038450345 -0.026303060698838334 0.0034589802280159186 -0.023991303612482695 0.0098452031757299847 0.012906369141962876 -0.041456762001322658
leaf_weight=9.9259203508263401 2.3856528847827567 166.12168201728491 10.857526218373094 1.6893641430651767 25.776781946653504 2.6461057010455979
leaf_count=851 424 8194 487 68 870 237
internal_value=0.000380375 0.00102835 -0.00665606 -0.000610453 0.00417616 -0.0256155
internal_weight=219.403 217.017 50.8957 40.0382 35.7027 4.33547
internal_count=11131 10707 2513 2026 1721 305
is_linear=0
shrinkage=0.05


Tree=199
num_leaves=7
num_cat=0
split_feature=19 68 63 35 22 10
split_gain=2.15964 1.83 3.37314 1.74589 1.60843 2.74853
threshold=1.8549003544632201 0.65791831107777488 1.0000000180025095e-35 1.0000000180025095e-35 -0.80571327424646089 0.46431125883033014
decision_type=2 2 2 2 2 2
left_child=1 3 -3 4 -1 -6
right_child=-2 2 -4 -5 5 -7
leaf_value=-0.0057479374669949295 -0.020072960507291498 0.0052413068920685027 -0.030905318435283765 -0.018799443352744943 0.0097887253422860622 -0.0057564305904378929
leaf_weight=33.557077735080384 9.7484420395921898 12.47238558519166 8.93737011536723 6.0358969600056289 112.04621491936268 35.548334632301703
leaf_count=1579 532 827 1174 388 4600 1974
internal_value=-8.79815e-05 0.00111733 -0.0117917 0.00275653 0.00376932 0.00600457
internal_weight=218.346 208.597 21.4098 187.188 181.152 147.595
internal_count=11074 10542 2001 8541 8153 6574
is_linear=0
shrinkage=0.05


Tree=200
num_leaves=7
num_cat=0
split_feature=68 28 30 68 28 10
split_gain=1.38273 2.56622 5.05992 3.80931 2.0288 3.16645
threshold=-0.73026308507569737 0.92291042022285374 0.66580533388684138 -0.88700821614677416 0.52108604043189022 -0.10721962035243997
decision_type=2 2 2 2 2 2
left_child=1 2 3 -1 -2 -6
right_child=4 -3 -4 -5 5 -7
leaf_value=-0.0068377684429467567 0.0020954817196633525 0.02911349658393805 -0.028322578765866281 0.027738367083342298 0.0072830133066538842 -0.020099535177119099
leaf_weight=13.103115458157843 136.34925783000654 8.6853187874658015 7.4383626354392609 14.121948976506248 14.740470156888476 25.63362821820192
leaf_count=668 6242 335 402 561 786 2093
internal_value=0.00114344 0.0088327 0.00183691 0.0120703 -0.000858624 -0.01029
internal_weight=220.072 43.3487 34.6634 27.2251 176.723 40.3741
internal_count=11087 1966 1631 1229 9121 2879
is_linear=0
shrinkage=0.05


Tree=201
num_leaves=7
num_cat=0
split_feature=25 29 13 10 33 26
split_gain=1.92267 1.78415 1.65646 1.63587 2.26624 1.71021
threshold=-1.3862338229757563 -2.793619967253921 -1.0862977335630093 -1.1403664826720659 1.8394145916401627 -0.23910341078908728
decision_type=2 2 2 2 2 2
left_child=1 -1 -2 -4 5 -5
right_child=2 -3 3 4 -6 -7
leaf_value=0.01135783706806222 0.011682068041369724 -0.029819125653016344 -0.021006124109753586 -0.0055271009196146718 0.028505722264410994 0.004297867583910508
leaf_weight=1.8206267601344732 27.397737124818377 6.5503336327965354 6.6059207167418199 91.246385080419714 3.79639211250469 80.656931238161633
leaf_count=46 1145 791 398 4104 130 4479
internal_value=-0.000200531 -0.0202297 0.00087304 -0.000914219 0.00018116 -0.000922583
internal_weight=218.074 8.37096 209.703 182.306 175.7 171.903
internal_count=11093 837 10256 9111 8713 8583
is_linear=0
shrinkage=0.05


Tree=202
num_leaves=7
num_cat=0
split_feature=22 30 23 28 18 67
split_gain=1.5882 1.49949 1.98102 2.73607 2.47782 2.46577
threshold=-1.8375919700063812 2.5224214719878906 0.7685329459255078 0.24941675348543982 1.0445709690710538 0.76103183219019421
decision_type=2 2 2 2 2 2
left_child=-1 2 3 5 -5 -2
right_child=1 -3 -4 4 -6 -7
leaf_value=-0.017140985291147614 0.0060265687546701349 -0.025532033818665024 0.011391230705191007 -0.014339943858700839 0.012627229176814372 -0.019896786617523719
leaf_weight=9.0463970994460379 106.29921317411936 2.0184174147434524 42.441454926098231 43.229852202464826 7.9960760250396552 7.0936598359839982
leaf_count=644 4358 154 2469 2565 326 565
internal_value=0.000528212 0.00152438 0.00214899 -0.000395037 -0.00966481 0.00393381
internal_weight=218.125 209.079 207.06 164.619 51.2259 113.393
internal_count=11081 10437 10283 7814 2891 4923
is_linear=0
shrinkage=0.05


Tree=203
num_leaves=7
num_cat=0
split_feature=29 29 29 29 8 0
split_gain=1.80149 2.54683 2.5637 2.72123 2.34677 2.45767
threshold=1.5592027228708851 0.94856900899468277 0.12481335443512066 0.45202316081954036 -0.74035698565838437 -0.68286711920720322
decision_type=2 2 2 2 2 2
left_child=1 2 -1 -4 -3 -6
right_child=-2 4 3 -5 5 -7
leaf_value=-0.00053294883795318502 -0.027687537694244976 -0.015002346785576021 -0.027730294962068247 -0.0039807610708265705 -0.016836053779460736 0.022169058976273744
leaf_weight=127.94887702318374 4.1271916587720616 4.8043410524260279 17.878999291046057 31.469767121365294 2.5303073193645167 22.463695951446422
leaf_count=5961 504 280 1189 1760 306 1058
internal_value=-0.00293622 -0.00205464 -0.00435938 -0.0136813 0.0108028 0.0168392
internal_weight=211.223 207.096 177.298 49.3488 29.7983 24.994
internal_count=11058 10554 8910 2949 1644 1364
is_linear=0
shrinkage=0.05


Tree=204
num_leaves=7
num_cat=0
split_feature=67 66 25 33 14 24
split_gain=1.77778 1.56337 1.64221 2.21488 2.47321 2.19979
threshold=-1.4824108510409972 1.9775351008873077 -1.2925124533436263 1.6151634548808911 0.62327816816032622 -0.59383484066896597
decision_type=2 2 2 2 2 2
left_child=-1 2 -2 5 -5 -4
right_child=1 -3 3 4 -6 -7
leaf_value=-0.029168581012921441 -0.0181023820805341 0.012485334765672061 -0.014797453618733157 0.00039332742255397874 0.041060579381423046 0.0012229673821886752
leaf_weight=2.0269868836039668 9.5818480337620695 22.734844615857583 21.930239387613256 8.3256729054264706 3.8737931984942398 150.14063695672667
leaf_count=321 871 1395 2131 299 121 5964
internal_value=0.000234621 0.00090454 -0.000623223 0.000561106 0.0188623 -0.0010374
internal_weight=218.614 216.587 193.852 184.27 12.1995 172.071
internal_count=11102 10781 9386 8515 420 8095
is_linear=0
shrinkage=0.05


Tree=205
num_leaves=7
num_cat=0
split_feature=67 68 67 18 32 68
split_gain=1.57743 2.43951 2.92813 3.5542 2.27487 1.95659
threshold=-0.80995783673398336 -0.71037677948158107 -0.89477391985402221 1.4651735089823694 0.93048858320935868 1.2948175578082843
decision_type=2 2 2 2 2 2
left_child=1 -1 3 -3 -5 -2
right_child=5 2 -4 4 -6 -7
leaf_value=0.012466466801216455 0.0010869914826097491 0.0036530106835650266 -0.041490542080201698 0.01339081449228912 -0.037527246519072459 0.024121759507191816
leaf_weight=9.5852969013212697 160.08965209987946 26.07419146009488 4.5118812539149067 1.1405605904292295 7.5886301345890388 6.808116767264436
leaf_count=528 7954 1184 243 44 473 647
internal_value=0.000106856 -0.00752374 -0.0129358 -0.00623511 -0.0291509 0.00243597
internal_weight=215.798 48.9006 39.3153 34.8034 8.72919 166.898
internal_count=11073 2472 1944 1701 517 8601
is_linear=0
shrinkage=0.05


Tree=206
num_leaves=7
num_cat=0
split_feature=35 67 32 32 68 32
split_gain=1.6555 1.96218 2.88516 2.85564 3.43068 2.71316
threshold=1.0000000180025095e-35 1.6869609917527977 0.14584399050598762 0.34200513868183041 0.65791831107777488 0.70630441386553844
decision_type=2 2 2 2 2 2
left_child=1 3 -3 -1 5 -5
right_child=-2 2 -4 4 -6 -7
leaf_value=0.0065963070736693597 -0.019892115165862131 -0.037054851603607449 0.012275562969147696 -0.015946577489448874 -0.031204616814600336 0.0047324201979289174
leaf_weight=122.3362998678931 7.1385656287893644 4.7532492259633718 2.9113499898230657 19.340289232262876 8.1429871700820495 51.835926781030139
leaf_count=6162 502 690 83 849 702 2094
internal_value=-0.00015542 0.000789229 -0.0201349 0.00186802 -0.00539919 -0.00130425
internal_weight=216.459 209.32 7.6646 201.656 79.3192 71.1762
internal_count=11082 10580 773 9807 3645 2943
is_linear=0
shrinkage=0.05


Tree=207
num_leaves=7
num_cat=0
split_feature=67 23 10 3 58 30
split_gain=1.96356 1.33514 2.00184 1.77442 1.89276 1.91142
threshold=-1.4097634282294209 -0.52871624745723012 -0.23043018194353235 2.3260761889354504 1.7969613155478197 0.60442959378432748
decision_type=2 2 2 2 2 2
left_child=-1 2 -2 4 5 -3
right_child=1 3 -4 -5 -6 -7
leaf_value=-0.027542385435848572 0.0025875168890654356 -0.0009449068856479311 0.026546305778648489 0.01747718421951025 0.015370592595716093 -0.013784944037779599
leaf_weight=3.3903533190605222 58.488841242884519 87.304397494503064 7.4320813547528806 7.8244995336281127 9.2613153762649727 40.757998381974176
leaf_count=399 2650 4835 266 288 315 2291
internal_value=-0.000233856 0.00058463 0.00632662 -0.00209848 -0.00356367 -0.00525346
internal_weight=214.459 211.069 65.9209 145.148 137.324 128.062
internal_count=11044 10645 2916 7729 7441 7126
is_linear=0
shrinkage=0.05


Tree=208
num_leaves=7
num_cat=0
split_feature=13 13 67 13 22 5
split_gain=1.35003 3.12107 2.67763 2.92363 3.15197 2.58287
threshold=0.29122076433767702 0.66513868526884246 1.6411332268250647 1.258489525233417 -0.017771397643627694 -0.12392363453323578
decision_type=2 2 2 2 2 2
left_child=-1 5 3 -3 -5 -2
right_child=1 2 -4 4 -6 -7
leaf_value=-0.0020734344604817546 -0.0029052434464419863 -0.021511509245342283 0.024881209889529909 0.024470478923465384 -0.011829820284045257 0.031222085851857269
leaf_weight=154.20051535597304 7.4889578429865677 15.794941751461009 4.7008684966131105 8.3430292736738902 9.9559697489312402 14.153381200478178
leaf_count=7344 393 1044 296 351 911 646
internal_value=0.00041697 0.0065686 -0.00211505 -0.00754854 0.00583608 0.0204969
internal_weight=214.638 60.4371 38.7948 34.0939 18.299 21.6423
internal_count=10985 3641 2602 2306 1262 1039
is_linear=0
shrinkage=0.05


Tree=209
num_leaves=7
num_cat=0
split_feature=31 25 30 67 67 25
split_gain=1.68954 3.48965 3.22169 3.27941 3.00144 2.92143
threshold=-0.3381642757055961 0.73459847680467283 0.97268403439941153 -1.2127734750476356 -1.2840148187080203 1.5494062107218898
decision_type=2 2 2 2 2 2
left_child=2 4 3 -1 -2 -3
right_child=1 5 -4 -5 -6 -7
leaf_value=-0.023711652121912292 0.01273742460551382 0.014919347959497446 -0.02019873250799338 0.0076628493138853095 -0.018357139208514582 -0.012773325549684923
leaf_weight=6.1137572020525104 6.9889496628602492 24.458223629160784 10.797750118770635 106.79517764839693 47.11417545270524 11.849554300424641
leaf_count=423 349 928 710 5033 3081 547
internal_value=-0.00104181 -0.00613139 0.00273501 0.00539425 -0.0138822 0.00559636
internal_weight=214.118 90.4109 123.707 112.909 54.1031 36.3078
internal_count=11071 4905 6166 5456 3430 1475
is_linear=0
shrinkage=0.05


Tree=210
num_leaves=7
num_cat=0
split_feature=20 4 68 18 35 68
split_gain=1.50155 1.74436 1.71146 2.44389 1.67503 1.44129
threshold=1.3807478322378692 -0.18695366195959492 0.039977016608978976 0.46673795088922571 1.0000000180025095e-35 -0.71037677948158107
decision_type=2 2 2 2 2 2
left_child=1 4 -3 -4 5 -1
right_child=-2 2 3 -5 -6 -7
leaf_value=0.009301357575555955 -0.014677817486142001 0.0034921979700341999 0.032869059313757366 -0.0061665072528689661 -0.024194874001299216 -0.0026833321677653013
leaf_weight=29.534870257775765 11.59176683690748 48.383618997235317 10.320679016760549 4.5480260136537245 4.5089184358948833 106.57723403850105
leaf_count=1340 1132 2062 700 322 294 5224
internal_value=0.000839808 0.00192216 0.00861457 0.0218982 -0.00120519 6.17225e-05
internal_weight=215.465 203.873 63.2523 14.8687 140.621 136.112
internal_count=11074 9942 3084 1022 6858 6564
is_linear=0
shrinkage=0.05


Tree=211
num_leaves=7
num_cat=0
split_feature=22 28 23 23 24 29
split_gain=1.93024 2.38947 2.14075 1.28242 1.53031 1.32504
threshold=1.5908881217955924 1.4601561069183759 0.58679108943899461 1.3201745229533202 0.63619616008968938 0.94856900899468277
decision_type=2 2 2 2 2 2
left_child=1 3 -3 5 -5 -1
right_child=-2 2 -4 4 -6 -7
leaf_value=-0.00050329582651208887 -0.028069630945986929 -0.0087606832927692706 0.039487671264780401 -0.025505854883342751 0.0088876238768331693 0.011597978625731427
leaf_weight=173.85944732054486 2.7860296484432174 2.0216950202593571 4.2131808312260546 6.7356898691505176 3.0064001834252849 22.96821802953491
leaf_count=8324 466 162 234 646 130 1113
internal_value=0.000437614 0.00119585 0.0260792 8.22244e-05 -0.0152985 0.00106175
internal_weight=215.591 212.805 6.23488 206.57 9.74209 196.828
internal_count=11075 10609 396 10213 776 9437
is_linear=0
shrinkage=0.05


Tree=212
num_leaves=7
num_cat=0
split_feature=67 67 10 20 15 22
split_gain=1.85453 1.44091 3.35698 1.74881 1.43663 1.4333
threshold=1.7994473238481421 1.6300234656304629 0.19612755106149435 1.3007838429851639 -0.6028498841231964 1.5701275414417974
decision_type=2 2 2 2 2 2
left_child=1 3 -3 5 -4 -1
right_child=-2 2 4 -5 -6 -7
leaf_value=0.0019887479177164592 -0.026987396905952334 -0.017273046070436317 -0.00015284206060472635 -0.017101023633369569 0.041760877989011652 -0.024830863872966361
leaf_weight=189.31503438859363 3.0146637766156337 3.0366631578654033 2.7088015583576635 10.809782670112325 5.070619810197968 2.1215640808804883
leaf_count=8724 511 196 120 1040 205 310
internal_value=0.000404898 0.00116181 0.0167842 9.3214e-05 0.0311857 0.00131299
internal_weight=216.077 213.062 10.8161 202.246 7.77942 191.437
internal_count=11106 10595 521 10074 325 9034
is_linear=0
shrinkage=0.05


Tree=213
num_leaves=7
num_cat=0
split_feature=66 28 67 18 28 68
split_gain=1.41164 1.59654 3.40971 2.76184 1.5171 3.82752
threshold=2.3214170337880033 1.1181889857750298 0.43676567732275046 0.64334697550120201 0.25976547646390241 -0.29760157147395888
decision_type=2 2 2 2 2 2
left_child=1 4 3 -3 5 -1
right_child=-2 2 -4 -5 -6 -7
leaf_value=-0.0084582781203480489 0.012115273869615828 -0.021417227701767402 0.033789761998514668 0.019528298200544119 -0.0098886071335418779 0.0084914709752337073
leaf_weight=63.517584407876711 18.032521173096029 7.1755727126728761 6.5459136463468885 4.0521035455167294 52.311424282786902 63.70935293554794
leaf_count=2626 1170 651 575 130 2819 3127
internal_value=-0.000210515 -0.00150156 0.0116656 -0.00563809 -0.00297536 2.94586e-05
internal_weight=215.344 197.312 17.7736 11.2277 179.538 127.227
internal_count=11098 9928 1356 781 8572 5753
is_linear=0
shrinkage=0.05


Tree=214
num_leaves=7
num_cat=0
split_feature=3 56 12 25 23 18
split_gain=1.51227 2.08228 1.84625 1.75136 1.83654 1.36425
threshold=2.3260761889354504 1.0000000180025095e-35 0.38180705406509596 1.5494062107218898 1.025510933265227 0.17371084105921311
decision_type=2 2 2 2 2 2
left_child=1 2 -1 -3 -5 -2
right_child=5 3 -4 4 -6 -7
leaf_value=-0.0015238819533522434 0.034328206706732159 0.0022106236967556667 -0.027940460984590833 -0.028109124475578392 0.0079306843440746008 -0.0014762139467073396
leaf_weight=14.678951089357726 2.9069263031706205 173.33794984052656 9.6177239152893872 6.9038426433689875 3.8252771438565105 4.4116141584236175
leaf_count=922 94 8767 541 395 165 178
internal_value=-0.000101037 -0.00101213 -0.0139023 0.000885017 -0.0163346 0.0185911
internal_weight=215.682 208.364 24.2967 184.067 10.7291 7.31854
internal_count=11062 10790 1463 9327 560 272
is_linear=0
shrinkage=0.05


Tree=215
num_leaves=7
num_cat=0
split_feature=15 18 25 25 20 24
split_gain=2.13689 1.63578 1.79336 2.17122 3.43692 2.45326
threshold=2.2616940202018641 -1.0723884115646072 0.89017338634710763 1.2773171912275811 -0.32234319093483704 0.65802123487939679
decision_type=2 2 2 2 2 2
left_child=1 -1 -3 4 -4 -5
right_child=-2 2 3 5 -6 -7
leaf_value=0.012743549098039909 -0.026146478339991449 -0.0029307800429882497 -0.0073093421860864899 -0.013064080840662809 0.030534361210166477 0.014410826985457342
leaf_weight=26.45510481717065 4.0695787416188969 135.58738581533544 7.5548621858470169 16.39362567267381 14.872256501577793 11.013359009986742
leaf_count=1315 554 7152 352 793 487 414
internal_value=0.000920326 0.00179799 5.82943e-05 0.00789553 0.0184279 -0.00169092
internal_weight=215.946 211.877 185.421 49.8341 22.4271 27.407
internal_count=11067 10513 9198 2046 839 1207
is_linear=0
shrinkage=0.05


Tree=216
num_leaves=7
num_cat=0
split_feature=26 25 29 30 10 6
split_gain=1.8756 1.48395 3.99796 1.87407 1.88196 1.34282
threshold=2.3156184366998938 -1.2647307324057866 -2.2070035448645529 -1.3289062194448638 -0.4861543947200106 1.6418403719921615
decision_type=2 2 2 2 2 2
left_child=1 2 -1 4 -3 -5
right_child=-2 3 -4 5 -6 -7
leaf_value=0.013454190068624998 -0.027846958046195691 0.038791706984801722 -0.034208739576952252 0.00066636870005351481 -0.012796136692675665 0.022508091064628338
leaf_weight=5.8166071464074776 2.6671186396852127 3.3245553732849658 6.6456703421426919 192.89292315850616 0.79814505286048998 4.3136166229378423
leaf_count=235 476 113 918 8903 97 312
internal_value=0.000559255 0.00129408 -0.0136685 0.00240735 0.0276214 0.00147424
internal_weight=216.459 213.792 12.4623 201.329 4.1227 197.207
internal_count=11054 10578 1153 9425 210 9215
is_linear=0
shrinkage=0.05


Tree=217
num_leaves=7
num_cat=0
split_feature=13 13 13 28 67 15
split_gain=1.80919 3.14289 2.36519 4.18447 2.85736 1.88445
threshold=0.46665736278326136 0.66513868526884246 1.3518673973355206 0.19874475191929783 1.6411332268250647 -0.057132140589489379
decision_type=2 2 2 2 2 2
left_child=5 -2 4 -4 -3 -1
right_child=1 2 3 -5 -6 -7
leaf_value=0.00039505142468419254 0.027143128379116001 -0.018209929324092027 0.027608362094999735 -0.015324268828539623 0.02336745663195797 -0.011633405812058774
leaf_weight=124.32703388569644 12.091460732714038 17.829011947731491 11.902042986504968 6.7279979176237239 2.4391020067268974 41.026992306055035
leaf_count=5307 516 1154 617 722 108 2717
internal_value=-0.000191954 0.00777518 0.000242247 0.0121288 -0.0108387 -0.00274352
internal_weight=216.344 50.9896 38.8982 18.63 20.2681 165.354
internal_count=11141 3117 2601 1339 1262 8024
is_linear=0
shrinkage=0.05


Tree=218
num_leaves=7
num_cat=0
split_feature=1 22 3 22 29 10
split_gain=1.42325 2.84446 2.71981 2.315 1.70342 1.83652
threshold=0.37794343190283525 -0.63957672996521919 2.3852865804382124 -0.74446956220276672 -0.68977247836682054 0.85559477712365972
decision_type=2 2 2 2 2 2
left_child=3 -2 4 -1 -3 -6
right_child=1 2 -4 -5 5 -7
leaf_value=-0.009413008054559106 0.012021908339042238 0.010433833097646769 0.015080028842653137 0.0053931696780337981 -0.023217193921461952 -0.0029000021112235313
leaf_weight=32.181526813248638 13.985517831461037 4.2394061004742971 6.3502975839655837 103.42988013228751 35.475276378303533 16.980810000764905
leaf_count=1677 664 165 231 4984 2066 1216
internal_value=-0.00133399 -0.00662861 -0.011124 0.00175188 -0.0146694 -0.0171529
internal_weight=212.643 77.0313 63.0458 135.611 56.6955 52.4561
internal_count=11003 4342 3678 6661 3447 3282
is_linear=0
shrinkage=0.05


Tree=219
num_leaves=7
num_cat=0
split_feature=66 25 33 68 31 16
split_gain=1.59762 1.55472 1.92736 2.72302 1.68399 3.07387
threshold=2.3570870051610249 0.64039703030606687 -0.66808451497087595 -0.37993185384763878 0.22109155390067778 -0.098606453604257446
decision_type=2 2 2 2 2 2
left_child=1 4 3 -3 -1 -6
right_child=-2 2 -4 -5 5 -7
leaf_value=-0.0035909915463226113 0.012634426334754992 0.0091923165888439518 0.014512098712739056 -0.015426274600219884 -0.031989805624749415 0.015401914800874045
leaf_weight=119.59299304476008 15.624245635321129 20.136119339382276 22.376873398316093 18.988542051869445 10.09190851281164 2.6048714097705661
leaf_count=6225 1089 740 872 959 976 157
internal_value=-0.0013919 -0.00269812 0.00374789 -0.00300363 -0.00571153 -0.0211815
internal_weight=209.416 193.791 61.5015 39.1247 132.29 12.6968
internal_count=11018 9929 2571 1699 7358 1133
is_linear=0
shrinkage=0.05


Tree=220
num_leaves=7
num_cat=0
split_feature=30 2 4 1 19 25
split_gain=1.08719 1.19451 1.90946 2.16861 1.83939 1.7179
threshold=2.261574576552206 1.0993429764553737 0.55942914647080688 1.2884364864170397 1.4822932587576922 -0.42861958753868973
decision_type=2 2 2 2 2 2
left_child=1 4 -3 -4 5 -1
right_child=-2 2 3 -5 -6 -7
leaf_value=-0.0066223599494110363 -0.020357018443133576 0.025550063985251004 -0.017381190983949676 0.014031741252386707 -0.019429569484273851 0.0037633983677041148
leaf_weight=55.987686410633614 3.4257266599452114 8.7101530901854876 7.3697911427880198 8.6940050716511887 9.5279901192989183 119.55111592364847
leaf_count=3659 230 325 597 587 482 5122
internal_value=-9.52899e-05 0.000517761 0.010191 -0.000847264 -0.000919048 0.00039527
internal_weight=213.266 209.841 24.7739 16.0638 185.067 175.539
internal_count=11002 10772 1509 1184 9263 8781
is_linear=0
shrinkage=0.05


Tree=221
num_leaves=7
num_cat=0
split_feature=31 25 58 67 27 30
split_gain=1.83729 2.07971 2.24621 2.09859 2.6592 1.8728
threshold=-0.24495497077121717 0.73459847680467283 1.8352662523765779 -1.2840148187080203 -1.1119580675970959 -0.0093278072408128319
decision_type=2 2 2 2 2 2
left_child=5 2 3 -2 -5 -1
right_child=1 -3 -4 4 -6 -7
leaf_value=0.0072711950657520594 0.0084485502386895447 0.0023750524034235978 0.018782305896572569 0.023389373556004754 -0.025013559212709549 -0.0039703840681463197
leaf_weight=75.452419453766197 5.0253876471542744 29.245556922978722 2.2362025707552666 0.77389851107727636 32.811912620934891 67.53313302207971
leaf_count=3867 283 1213 97 26 2321 3310
internal_value=-0.00126981 -0.00772685 -0.0146272 -0.0177767 -0.0220718 0.00198923
internal_weight=213.079 70.093 40.8474 38.6112 33.5858 142.986
internal_count=11117 3940 2727 2630 2347 7177
is_linear=0
shrinkage=0.05


Tree=222
num_leaves=7
num_cat=0
split_feature=22 67 67 25 58 67
split_gain=1.53182 3.78367 4.492 2.06668 1.94508 1.48739
threshold=0.64843562590964232 -0.5600402868610399 1.4536560066661572 2.0229365744733885 -0.21086222353865744 1.676198410595527
decision_type=2 2 2 2 2 2
left_child=4 -2 3 -3 5 -1
right_child=1 2 -4 -5 -6 -7
leaf_value=0.00078856815520662404 0.017649710193544384 -0.02813176913724566 0.015801782330072945 0.0092769790682809567 0.014807588691971017 -0.020336344710823594
leaf_weight=143.72708989225794 8.3547009056783264 25.703813149069905 6.9077155704435418 2.7838637400418511 21.365018456679536 5.8354893583455114
leaf_count=6752 354 1954 558 149 814 525
internal_value=-0.00045965 -0.00848909 -0.0155558 -0.0239405 0.00170651 -0.000419351
internal_weight=214.678 43.7501 35.3954 28.4877 170.928 149.563
internal_count=11106 3015 2661 2103 8091 7277
is_linear=0
shrinkage=0.05


Tree=223
num_leaves=7
num_cat=0
split_feature=35 22 33 68 10 10
split_gain=1.76096 1.34854 1.34745 1.19217 2.63476 2.86983
threshold=1.0000000180025095e-35 -1.8375919700063812 1.2889674550596 -0.13352733514706608 -0.33176740788137443 -0.01485323080909531
decision_type=2 2 2 2 2 2
left_child=1 2 -1 -3 -5 -6
right_child=-2 3 -4 4 5 -7
leaf_value=-0.028722364892168006 -0.021030245447540424 0.0040991380767500174 0.0046349855462872415 -0.01799222212787897 0.022088805757702362 -0.0052478152188529742
leaf_weight=4.4752278223168087 6.7844364310731171 139.66434429670335 3.8737001923145726 19.320957974763587 10.871519147302022 28.620282541494817
leaf_count=358 487 5968 248 1202 461 2274
internal_value=-0.00029985 0.00067112 -0.0161114 0.00160646 -0.00422463 0.00330576
internal_weight=213.61 206.826 8.34893 198.477 58.8128 39.4918
internal_count=10998 10511 606 9905 3937 2735
is_linear=0
shrinkage=0.05


Tree=224
num_leaves=7
num_cat=0
split_feature=22 28 10 6 6 23
split_gain=1.51068 2.33979 2.5127 1.27586 1.18967 1.17507
threshold=1.438635215625951 1.5141654185574538 0.23815758083571417 1.6418403719921615 3.8129120617960419 1.3976393722249774
decision_type=2 2 2 2 2 2
left_child=1 3 -3 5 -5 -1
right_child=-2 2 -4 4 -6 -7
leaf_value=-1.133224528606554e-05 -0.021716594625461917 -0.015808251438858698 0.043392198417812194 0.029850190151008461 -0.0097700480517627693 -0.018600473678057065
leaf_weight=191.67407121197903 4.6666900467826045 0.76523471833206658 3.0286149480962195 3.3316352326073675 1.0178942636121062 5.8960166646575081
leaf_count=9168 720 71 141 197 171 548
internal_value=8.27066e-05 0.000882273 0.0297435 -8.75012e-05 0.0203748 -0.000835998
internal_weight=210.38 205.713 3.79385 201.92 4.34953 197.57
internal_count=11016 10296 212 10084 368 9716
is_linear=0
shrinkage=0.05


Tree=225
num_leaves=7
num_cat=0
split_feature=30 10 25 15 52 30
split_gain=1.35905 1.47759 1.7496 2.2765 1.27071 1.46746
threshold=-1.0834032590348077 -0.4861543947200106 -1.2647307324057866 0.5510293532224747 1.0000000180025095e-35 0.098079737938586695
decision_type=2 2 2 2 2 2
left_child=1 2 -1 -4 5 -2
right_child=4 -3 3 -5 -6 -7
leaf_value=-0.016049515496481481 0.0061558997779895958 -0.030611517886905412 -0.011077734772869491 0.035099877563867871 -0.026760898611285795 -0.0024269603085296009
leaf_weight=6.5795460430672401 95.897868731583003 4.1690422187093636 3.0364813567721294 2.5968300893437117 0.96536593174096097 97.876645852287766
leaf_count=579 4523 696 166 108 55 4861
internal_value=6.6505e-05 -0.0125697 -0.00158876 0.015009 0.00130406 0.00184974
internal_weight=211.122 16.3819 12.2129 5.63331 194.74 193.775
internal_count=10988 1549 853 274 9439 9384
is_linear=0
shrinkage=0.05


Tree=226
num_leaves=7
num_cat=0
split_feature=13 28 8 41 13 3
split_gain=1.54491 3.29882 1.60153 1.91964 2.44909 1.73969
threshold=1.3518673973355206 0.19874475191929783 -1.150414529567884 1.0000000180025095e-35 -0.10671731868808833 1.5563410993995368
decision_type=2 2 2 2 2 2
left_child=2 -2 3 4 -1 -5
right_child=1 -3 -4 5 -6 -7
leaf_value=0.016219988564197804 0.025933520252711617 -0.01302720402701525 0.00039626878563455732 -0.025986610604345706 -0.02233699796867003 0.012584316922689374
leaf_weight=8.8152229630504717 11.930658516357655 6.2407700264302539 163.73690581152914 15.87348006872344 3.3645567998173673 1.6131077099125821
leaf_count=302 614 711 8233 937 193 65
internal_value=-0.000233166 0.012603 -0.00161329 -0.0117224 0.00325945 -0.0211067
internal_weight=211.575 18.1714 193.403 29.6664 12.1798 17.4866
internal_count=11055 1325 9730 1497 495 1002
is_linear=0
shrinkage=0.05


Tree=227
num_leaves=7
num_cat=0
split_feature=22 31 30 23 22 66
split_gain=1.67303 1.36452 2.02368 3.11553 2.57148 2.3427
threshold=-2.1666731193394679 -0.24495497077121717 0.036703997836072678 -0.55782466074065162 -0.66116773353316594 -0.48746848826408135
decision_type=2 2 2 2 2 2
left_child=-1 -2 3 4 -3 -5
right_child=1 2 -4 5 -6 -7
leaf_value=-0.023633582079576495 0.0028801126017521488 -0.024706359535771147 0.00097245263540186389 -0.035470726680976415 0.02083322301827438 0.0045306742908524569
leaf_weight=4.7787865405553012 137.02563902531983 1.7150804495904592 45.117842539330013 13.015358064527392 6.6013997191039397 3.9351349844946517
leaf_count=383 6849 107 2144 1160 283 198
internal_value=-0.000868438 -1.44384e-05 -0.00553694 -0.01603 0.00738177 -0.0268994
internal_weight=212.189 207.41 70.3848 25.267 8.31648 16.9505
internal_count=11124 10741 3892 1748 390 1358
is_linear=0
shrinkage=0.05


Tree=228
num_leaves=7
num_cat=0
split_feature=25 29 6 0 25 28
split_gain=1.95672 2.72393 2.06997 2.05232 2.30905 2.07282
threshold=0.89017338634710763 0.13810959598367042 1.7503939564823552 1.0000000180025095e-35 1.4427527704990579 0.8754226411116236
decision_type=2 2 2 2 2 2
left_child=1 -1 -3 -2 -5 -6
right_child=3 2 -4 4 5 -7
leaf_value=0.001499801958060089 -0.0076829336509622592 -0.016287366630957586 0.017852785981832483 0.023879148501497197 -0.011488870366957303 0.019703656723245117
leaf_weight=119.3298052396276 12.493191042449324 37.969222374493256 2.5042980532743959 21.547322551370598 11.564037534641104 5.3966387722175559
leaf_count=5550 698 3056 302 691 520 196
internal_value=0.000372831 -0.00236815 -0.0130887 0.00861566 0.0140765 -9.41777e-05
internal_weight=210.805 159.803 40.4735 51.0012 38.508 16.9607
internal_count=11013 8908 3358 2105 1407 716
is_linear=0
shrinkage=0.05


Tree=229
num_leaves=7
num_cat=0
split_feature=19 27 19 0 30 33
split_gain=1.6534 1.95047 1.59457 2.24717 1.13088 2.44172
threshold=-0.80370195182195003 -1.4749495443410903 -0.60620088503088521 0.90702071258498129 1.1568112547069536 -0.32151332352576678
decision_type=2 2 2 2 2 2
left_child=1 -1 3 -2 -4 -6
right_child=2 -3 4 -5 5 -7
leaf_value=0.0053147573700787643 0.025091387714886761 -0.017072768578811796 0.002298534549464278 -0.012566549107281701 -0.019301953341234659 0.01278099261675552
leaf_weight=13.595333060075061 11.947403804399071 23.373232308513252 137.06999393471051 3.3123526203271458 15.031094228965232 6.3526467331685117
leaf_count=658 540 2185 6222 177 893 334
internal_value=0.000126914 -0.00905872 0.00220234 0.0161955 0.000578844 -0.00937097
internal_weight=210.682 36.9686 173.713 15.2598 158.454 21.3837
internal_count=11009 2843 8166 717 7449 1227
is_linear=0
shrinkage=0.05


Tree=230
num_leaves=7
num_cat=0
split_feature=8 58 56 25 3 26
split_gain=1.62401 1.62469 1.51075 1.7845 2.03554 1.81453
threshold=-1.5604720734773838 -0.18730963634721756 1.0000000180025095e-35 -1.2925124533436263 -0.85154815504614034 -0.0338812762268123
decision_type=2 2 2 2 2 2
left_child=1 -1 -2 -4 5 -5
right_child=2 -3 3 4 -6 -7
leaf_value=-0.020460705592174586 -0.010704939791919735 0.010948061439288618 -0.017032442828244267 0.020494835308100243 0.00082725610715623826 -0.010415017007891473
leaf_weight=14.99881894385908 23.376615774584934 3.2638305045256848 8.4337357249751204 22.528015880787283 136.19179539941251 3.8804391715093507
leaf_count=923 1425 95 922 946 6355 417
internal_value=-0.000974235 -0.0140948 0.000453751 0.00213714 0.00342197 0.0153538
internal_weight=212.673 18.2626 194.411 171.034 162.6 26.4085
internal_count=11083 1018 10065 8640 7718 1363
is_linear=0
shrinkage=0.05


Tree=231
num_leaves=7
num_cat=0
split_feature=13 13 31 13 68 51
split_gain=1.57222 2.11542 2.19113 2.96977 2.53634 1.71894
threshold=0.29122076433767702 0.68239174585963369 0.12788224896629877 1.3194137603938321 -0.85456471021435643 1.0000000180025095e-35
decision_type=2 2 2 2 2 2
left_child=5 -2 3 -3 -4 -1
right_child=1 2 4 -5 -6 -7
leaf_value=-0.0012687963592898086 0.01780457530698119 -0.0086406835961214765 0.019302941620783973 0.022669589354617204 -0.026386496643248721 -0.021771501974868976
leaf_weight=143.60991283372277 22.251961501024198 12.957379009865692 1.6353320976486418 11.942240393662358 9.4728076034807582 8.0508555017877352
leaf_count=6876 1075 768 59 678 991 535
internal_value=-7.41956e-05 0.0067061 -0.000994324 0.00719909 -0.0169858 -0.00275837
internal_weight=209.92 58.2597 36.0078 24.8996 11.1081 151.661
internal_count=10982 3571 2496 1446 1050 7411
is_linear=0
shrinkage=0.05


Tree=232
num_leaves=7
num_cat=0
split_feature=25 29 12 3 20 67
split_gain=1.2128 2.23433 1.68766 2.14955 2.17454 2.84641
threshold=-1.2647307324057866 -2.2070035448645529 -0.33213152711625465 0.1550285005008229 -0.72468507839787166 -1.1079598217773128
decision_type=2 2 2 2 2 2
left_child=1 -1 -2 4 -4 -6
right_child=2 -3 3 -5 5 -7
leaf_value=0.009325745025227955 0.010025018602020062 -0.026541927910875458 0.0040821167374123796 0.0042856668568296208 0.0085106235513863829 -0.02278099068892615
leaf_weight=5.5495795896276832 51.238191849872237 7.0705363844754157 22.146842507994734 95.041405993251828 7.9516695586498818 25.755098644644022
leaf_count=243 3169 1020 956 4125 242 1341
internal_value=0.00145642 -0.0120076 0.00246035 -0.000253673 -0.00780261 -0.0153068
internal_weight=214.753 12.6201 202.133 150.895 55.8536 33.7068
internal_count=11096 1263 9833 6664 2539 1583
is_linear=0
shrinkage=0.05


Tree=233
num_leaves=7
num_cat=0
split_feature=20 13 66 33 33 27
split_gain=1.47545 3.78551 3.77277 1.98361 1.72983 1.66836
threshold=-0.58504145621946402 -1.0862977335630093 -0.48577020367265994 1.7170910917071784 1.3909123181216192 -1.1320938532121345
decision_type=2 2 2 2 2 2
left_child=1 -1 3 -3 -4 -2
right_child=5 2 4 -5 -6 -7
leaf_value=0.0080622741548316383 0.032839381818621088 -0.027422580369164784 0.014848677674674111 0.003841826381096901 -0.020163404953080496 0.0022062343640331934
leaf_weight=30.062512465345208 1.6276464643306088 27.474977125122678 11.626157591061199 5.271197078342083 1.8406991494121019 135.56512027201825
leaf_count=1329 83 1437 674 360 123 7078
internal_value=0.000184246 -0.00527014 -0.0139059 -0.0224898 0.0072615 0.00326462
internal_weight=213.468 76.2755 46.213 32.7462 13.4669 137.193
internal_count=11084 3923 2594 1797 797 7161
is_linear=0
shrinkage=0.05


Tree=234
num_leaves=7
num_cat=0
split_feature=22 23 66 29 26 30
split_gain=1.43947 1.85501 1.13255 1.30576 3.01714 2.32449
threshold=-2.1666731193394679 -2.4480547809674014 2.3570870051610249 0.58085915651410647 0.34049795173947267 0.91130829429689741
decision_type=2 2 2 2 2 2
left_child=1 -1 3 4 5 -2
right_child=2 -3 -4 -5 -6 -7
leaf_value=0.017180070250657608 0.00021252053177618546 -0.031853803760741123 0.011885125722883447 0.0054517482614718305 -0.033237183333171487 -0.023857250815274657
leaf_weight=0.51233242033049453 124.16437689925078 4.1876851045526555 15.648742434917947 53.039078004454495 5.0919261720264322 7.907276762998662
leaf_count=12 5352 370 1099 3344 502 475
internal_value=-0.00067246 -0.0218977 0.000119741 -0.00101776 -0.00358257 -0.00172644
internal_weight=210.551 4.70002 205.851 190.203 137.164 132.072
internal_count=11154 382 10772 9673 6329 5827
is_linear=0
shrinkage=0.05


Tree=235
num_leaves=7
num_cat=0
split_feature=20 11 21 29 58 27
split_gain=1.77016 1.98828 2.1727 3.41054 2.7119 2.47336
threshold=-0.8481017833063168 -1.0667391155547581 -0.35202146347603691 0.55579497704327785 1.6497792972936494 0.86480253368567905
decision_type=2 2 2 2 2 2
left_child=-1 -2 -3 4 -4 -5
right_child=1 2 3 5 -6 -7
leaf_value=0.015484097077852347 -0.016082712505548061 0.007856255523822438 -0.014422792162346319 0.018500483622461133 0.017256772122505541 -0.0025519598893692453
leaf_weight=14.212788011529481 17.242202598165022 61.367368731793249 57.972193542023888 19.355011898907833 5.0549520139174993 35.498305485089077
leaf_count=568 1028 2950 2971 1072 192 2311
internal_value=0.000101108 -0.00122772 0.000442431 -0.00351632 -0.0112134 0.00545055
internal_weight=210.703 196.49 179.248 117.88 63.0271 54.8533
internal_count=11092 10524 9496 6546 3163 3383
is_linear=0
shrinkage=0.05


Tree=236
num_leaves=7
num_cat=0
split_feature=5 22 67 67 41 17
split_gain=1.22334 1.81366 2.15243 2.71216 1.83757 1.65083
threshold=-0.31820629977758036 0.48045658012200138 -0.76570974097610778 1.676198410595527 1.0000000180025095e-35 -0.27607191082852872
decision_type=2 2 2 2 2 2
left_child=1 2 -1 -4 -3 -2
right_child=5 4 3 -5 -6 -7
leaf_value=-0.010073457154836608 -0.0066019480557421061 0.01679571622148349 0.009390762621539676 -0.027607761372440871 -0.016406432805423098 0.0091429748847896876
leaf_weight=23.40490736841457 18.548906533746049 2.4130152096040574 61.73191272362601 2.477382725919596 24.689452481397893 79.320468234102009
leaf_count=1120 1723 64 2629 183 1528 3739
internal_value=0.00203025 -0.00146704 0.00210425 0.00679465 -0.0120711 0.00605128
internal_weight=212.586 114.717 87.6142 64.2093 27.1025 97.8694
internal_count=10986 5524 3932 2812 1592 5462
is_linear=0
shrinkage=0.05


Tree=237
num_leaves=7
num_cat=0
split_feature=31 31 12 12 24 28
split_gain=1.82462 1.81386 3.00548 2.46414 2.25433 3.04596
threshold=2.5513241772601525 0.68713807857257281 -0.13367109487128145 -0.33213152711625465 0.86257907871105755 -0.89561739429133891
decision_type=2 2 2 2 2 2
left_child=1 3 -3 -1 -5 -6
right_child=-2 2 -4 4 5 -7
leaf_value=0.0075401436951961819 -0.029058579568176698 -0.010265119215156493 0.029992486830945204 -0.0082363963596757926 -0.020912719170527228 0.013206247459273813
leaf_weight=53.744119047536515 2.5172980465576975 5.6028697464789721 9.0151568298460898 107.4788260407222 5.4806571704102671 27.481023554399144
leaf_count=3544 318 529 281 5204 240 994
internal_value=-0.000677362 7.15416e-05 0.0154419 -0.00130285 -0.00477383 0.00626184
internal_weight=211.32 208.803 14.618 194.185 140.441 32.9617
internal_count=11110 10792 810 9982 6438 1234
is_linear=0
shrinkage=0.05


Tree=238
num_leaves=7
num_cat=0
split_feature=1 32 56 30 67 32
split_gain=1.72265 2.22028 1.86682 1.3686 0.985201 2.09574
threshold=1.106337875514199 0.033751905834077466 1.0000000180025095e-35 0.22083121814361475 1.6869609917527977 0.033751905834077466
decision_type=2 2 2 2 2 2
left_child=4 2 -2 -4 -1 -6
right_child=1 -3 3 -5 5 -7
leaf_value=0.0011262081173768791 0.025004431414696406 -0.030594776803440627 0.012986124010700865 -0.020818697055278002 -0.033157985241221336 0.011194984400289659
leaf_weight=186.36864539099042 2.4733927967026839 7.7572068498702711 2.0967168945935564 5.8450623236713 3.1653665091725989 2.6686068581184372
leaf_count=9179 152 495 229 461 488 75
internal_value=-0.001115 -0.0146517 0.00140908 -0.0107803 0.000370371 -0.0159578
internal_weight=210.375 18.1724 10.4152 7.94178 192.203 5.83397
internal_count=11079 1337 842 690 9742 563
is_linear=0
shrinkage=0.05


Tree=239
num_leaves=7
num_cat=0
split_feature=29 25 12 3 13 31
split_gain=1.33634 2.03809 1.45883 2.33824 1.91666 1.81767
threshold=-2.6304506305951985 -1.2925124533436263 -0.30757515377301953 0.23397568917117295 -1.0127448270556672 0.78034738350695176
decision_type=2 2 2 2 2 2
left_child=-1 -2 5 4 -4 -3
right_child=1 2 3 -5 -6 -7
leaf_value=0.022931374191877529 -0.021229588358740149 0.010468739932383243 0.0049651815837199057 0.0027689121485806687 -0.014887716093066617 -0.014646603452050945
leaf_weight=3.0375734248664221 8.6789206090033968 47.424812934390502 14.783600358845431 89.115378727990901 43.472253535961499 5.7187095504486924
leaf_count=78 1084 2728 659 3904 2068 587
internal_value=-0.000268602 -0.000924916 0.000253924 -0.00231765 -0.00985321 0.00712789
internal_weight=212.231 209.194 200.515 147.371 58.2559 53.1435
internal_count=11108 11030 9946 6631 2727 3315
is_linear=0
shrinkage=0.05


Tree=240
num_leaves=7
num_cat=0
split_feature=67 5 6 5 33 68
split_gain=1.89619 1.06254 3.79188 2.48666 2.29604 3.78068
threshold=-1.4824108510409972 0.26464169595545345 -0.20357056434113682 0.13511991912589036 0.35122286051631607 0.90310131223571144
decision_type=2 2 2 2 2 2
left_child=-1 3 -3 4 5 -2
right_child=1 2 -4 -5 -6 -7
leaf_value=-0.028799228060434712 0.0010868098036462043 -0.01696688167200416 0.012630267375414986 0.026620479724051106 0.010406202867308215 -0.031571912648579496
leaf_weight=1.9475847727735516 98.799913154653041 22.614662030158797 15.950500332808586 8.6132618139090464 56.935443088965258 6.7172767867450593
leaf_count=340 4447 1510 1140 425 2471 695
internal_value=0.00185926 0.0025464 -0.00469747 0.00423228 0.00258409 -0.0018076
internal_weight=211.579 209.631 38.5652 171.066 162.453 105.517
internal_count=11028 10688 2650 8038 7613 5142
is_linear=0
shrinkage=0.05


Tree=241
num_leaves=7
num_cat=0
split_feature=20 22 68 68 29 13
split_gain=1.25601 2.62547 3.51826 3.13635 2.45558 2.64699
threshold=-0.33858203182923258 -0.47434846107445627 -0.51596004739560453 -0.5777199743512903 0.8769679841039304 0.94285402806478313
decision_type=2 2 2 2 2 2
left_child=-1 2 -2 -3 -5 -6
right_child=1 3 -4 4 5 -7
leaf_value=-0.0037420058238386757 -0.0118253297692874 0.012881929770658522 0.027063848976656719 -0.017185713902757721 0.01653408365892647 -0.018512763439559123
leaf_weight=116.79825475349207 6.0539341086987433 23.085683866986074 18.12920831842348 28.044896740902914 12.988209822098726 5.2603667226794633
leaf_count=5859 291 1006 779 1772 735 672
internal_value=-0.000326117 0.00392188 0.0170978 -0.00118911 -0.00856301 0.00524403
internal_weight=210.361 93.5623 24.1831 69.3792 46.2935 18.2486
internal_count=11114 5255 1070 4185 3179 1407
is_linear=0
shrinkage=0.05


Tree=242
num_leaves=7
num_cat=0
split_feature=12 12 28 12 18 22
split_gain=1.61446 1.78162 1.98325 2.2264 1.85612 1.69118
threshold=-0.30757515377301953 -1.2771167846794296 0.27130828286295716 -0.4439326444121951 1.4838180194775659 -1.8814746467292147
decision_type=2 2 2 2 2 2
left_child=1 -1 4 -4 -3 -2
right_child=5 2 3 -5 -6 -7
leaf_value=-0.0061212844005872269 -0.026211695849317148 0.023016239611732964 -0.013000790549738281 0.022814825156668481 -0.0095884998479277839 -0.0023487947578951247
leaf_weight=19.649145030765794 4.898374064359813 24.573997488507306 12.059347034926757 3.1327885561913709 3.4701601497654329 143.13182620497537
leaf_count=1786 358 1141 1095 179 190 6381
internal_value=-0.000804801 0.00573881 0.0111762 -0.00307083 0.018445 -0.0036434
internal_weight=210.916 62.8854 43.2363 15.1921 28.0442 148.03
internal_count=11130 4391 2605 1274 1331 6739
is_linear=0
shrinkage=0.05


Tree=243
num_leaves=7
num_cat=0
split_feature=67 30 52 24 28 41
split_gain=1.56457 1.46066 1.2347 0.94149 3.0374 1.87743
threshold=-1.4824108510409972 2.353638186705977 1.0000000180025095e-35 0.90420422135122125 -0.89561739429133891 1.0000000180025095e-35
decision_type=2 2 2 2 2 2
left_child=-1 2 3 5 -5 -2
right_child=1 -3 -4 4 -6 -7
leaf_value=-0.026974455190104094 0.011945487731632129 -0.023147739776260123 -0.024983136348657318 -0.016206638381377737 0.014823483673918364 -0.0013922207400832488
leaf_weight=1.7902284463925742 29.796083472901955 2.6806108019081867 1.0218956449534733 7.1456562500679857 38.058944624935975 132.60345306419185
leaf_count=315 1224 194 67 320 1493 7432
internal_value=0.00132347 0.00193747 0.00258336 0.00307299 0.00921509 0.00122718
internal_weight=213.097 211.307 208.626 207.604 45.2046 162.4
internal_count=11045 10730 10536 10469 1813 8656
is_linear=0
shrinkage=0.05


Tree=244
num_leaves=7
num_cat=0
split_feature=21 58 21 28 10 22
split_gain=1.5894 2.69458 1.89299 2.0911 2.61215 2.29215
threshold=-0.35202146347603691 1.7969613155478197 0.27173463833024425 0.82839412485446717 0.26091692502175406 0.3147611981732778
decision_type=2 2 2 2 2 2
left_child=-1 2 -2 4 -4 -6
right_child=1 -3 3 -5 5 -7
leaf_value=0.0047083456380679727 -0.013466696521254229 0.019486161808049636 0.012492030967185697 0.012926348858667558 -0.0033778424079271892 -0.030183561429743173
leaf_weight=91.564969421247952 46.864808748185169 8.3175521574739815 11.359771821822504 17.658442584885051 24.131695604533888 9.6191285155364294
leaf_count=4498 2450 267 508 1295 1402 671
internal_value=-0.00014987 -0.00394451 -0.00619379 -0.000397085 -0.00609334 -0.0128579
internal_weight=209.516 117.951 109.634 62.769 45.1106 33.7508
internal_count=11091 6593 6326 3876 2581 2073
is_linear=0
shrinkage=0.05


Tree=245
num_leaves=7
num_cat=0
split_feature=12 19 31 21 18 23
split_gain=1.02104 2.43422 2.14131 2.11127 1.88027 2.152
threshold=-0.98562851926979744 -1.2845883316833289 -0.24495497077121717 -1.6501420856555991 -0.86812091626526899 -0.86194341947672359
decision_type=2 2 2 2 2 2
left_child=1 3 4 -1 5 -3
right_child=-2 2 -4 -5 -6 -7
leaf_value=0.016346488660699789 -0.00060621162435154003 0.019528752556511118 -0.0033891183429732175 -0.023850049814583649 0.039957139375167067 -0.023322456257766834
leaf_weight=2.5177900879643857 180.25093012215802 4.5584341925568879 7.78088472309173 6.1737237423076312 7.72312953864457 1.830542061827148
leaf_count=78 8637 163 744 787 411 245
internal_value=0.000875386 0.0088814 0.0171484 -0.0109992 0.027081 0.0037221
internal_weight=210.835 30.5845 21.893 8.69151 14.1121 6.38898
internal_count=11065 2428 1563 865 819 408
is_linear=0
shrinkage=0.05


Tree=246
num_leaves=7
num_cat=0
split_feature=29 10 29 23 26 35
split_gain=1.45331 1.31058 2.13668 2.29027 2.04559 2.24237
threshold=1.5592027228708851 0.91916588935133337 0.98295584058575902 0.64521052677115154 0.12635639023203016 1.0000000180025095e-35
decision_type=2 2 2 2 2 2
left_child=1 4 3 -3 5 -1
right_child=-2 2 -4 -5 -6 -7
leaf_value=0.0039518021293545201 -0.021576877912486376 0.016963712032933283 0.023230798797684218 -0.020357637752755724 -0.011036000636429497 -0.024168115248842253
leaf_weight=146.07160775363445 3.884938650939147 4.5356240773107874 13.697362681617959 6.206817863334436 30.146996009338181 4.4726184518658547
leaf_count=6731 505 240 709 466 1998 285
internal_value=0.00104913 0.00178247 0.0119642 -0.0043367 0.000232412 0.00266049
internal_weight=209.016 205.131 24.4398 10.7424 180.691 150.544
internal_count=10934 10429 1415 706 9014 7016
is_linear=0
shrinkage=0.05


Tree=247
num_leaves=7
num_cat=0
split_feature=27 29 8 0 28 67
split_gain=1.14509 1.53129 3.65765 2.22088 1.62305 1.48209
threshold=1.7381498354956719 0.94856900899468277 -0.74035698565838437 -0.68286711920720322 1.5393330229606976 1.6869609917527977
decision_type=2 2 2 2 2 2
left_child=1 4 -3 -4 5 -1
right_child=-2 2 3 -5 -6 -7
leaf_value=0.0014687318386389899 -0.015551855641122936 -0.022126723539049199 -0.011736410752832873 0.025937398687051701 -0.027006278896539584 -0.021592479087252751
leaf_weight=170.41729342585313 7.4092013575136653 3.8248280456755337 2.9349607265903677 18.975439478905169 2.5090855235175686 4.2605015060980795
leaf_count=8020 631 263 363 904 341 521
internal_value=0.000640265 0.00144944 0.0121565 0.0200852 -0.000282199 0.000551173
internal_weight=210.331 202.922 25.7352 21.9104 177.187 174.678
internal_count=11043 10412 1530 1267 8882 8541
is_linear=0
shrinkage=0.05


Tree=248
num_leaves=7
num_cat=0
split_feature=13 13 32 24 67 67
split_gain=1.49998 3.73074 1.72426 2.20384 2.36901 2.21106
threshold=0.46665736278326136 0.68239174585963369 -1.0871689408850236 0.50367070595424956 -0.73074871121684482 1.0903320975989417
decision_type=2 2 2 2 2 2
left_child=2 -2 -1 4 -4 -6
right_child=1 -3 3 -5 5 -7
leaf_value=0.012257281229392604 0.027398360082587753 -0.0018456170913458171 -0.027731427930263425 0.0030220253709901928 -0.0015395803240834888 -0.022702992399598915
leaf_weight=13.85364620425389 12.416520749247864 36.124839087424334 12.042148751148487 55.925260295072803 65.022491756768432 12.385372236312831
leaf_count=992 519 2561 741 2185 3080 938
internal_value=-0.000646813 0.00679411 -0.00299889 -0.00467117 -0.00942304 -0.00564646
internal_weight=207.77 48.5414 159.229 145.375 89.45 77.4079
internal_count=11016 3080 7936 6944 4759 4018
is_linear=0
shrinkage=0.05


Tree=249
num_leaves=7
num_cat=0
split_feature=67 67 26 22 35 67
split_gain=1.86831 2.03825 3.3874 2.83825 1.98485 2.07639
threshold=1.7994473238481421 1.6300234656304629 0.68024312019249555 1.1038708574210123 1.0000000180025095e-35 -0.80995783673398336
decision_type=2 2 2 2 2 2
left_child=1 3 -3 4 5 -1
right_child=-2 2 -4 -5 -6 -7
leaf_value=-0.0074890923104445591 -0.029002311864054983 -0.008407955479044318 0.037979025364684109 -0.021182039649088102 -0.023130591665879763 0.0046592301223139848
leaf_weight=44.80164458611398 2.7626040666364124 5.5583166244905424 5.6990298011223786 13.68627593279234 5.5831279660924329 130.77745112442062
leaf_count=2338 493 339 201 1281 374 6081
internal_value=-0.000922173 -0.000135101 0.0181256 -0.00144895 0.000362594 0.00148567
internal_weight=208.868 206.106 11.2573 194.848 181.162 175.579
internal_count=11107 10614 540 10074 8793 8419
is_linear=0
shrinkage=0.05


Tree=250
num_leaves=7
num_cat=0
split_feature=25 12 27 23 60 2
split_gain=1.24438 2.01279 1.90255 2.96515 1.64055 1.86229
threshold=-0.42861958753868973 -0.98562851926979744 -1.0248854418230307 -0.9175263060944866 5.7570962768758305 0.73871373573295618
decision_type=2 2 2 2 2 2
left_child=2 -2 3 -1 5 -4
right_child=1 -3 4 -5 -6 -7
leaf_value=-0.0075778693489296778 0.021070425104753751 0.00043236299415550509 -0.023275203925010188 0.02311451974255932 0.021334280125879138 0.0082951745370821485
leaf_weight=22.085813029785644 9.8947536477935483 142.66070317215053 22.28485020715744 8.4973093886510451 0.41905801062239234 4.1215739660838144
leaf_count=1206 523 6453 1907 387 24 569
internal_value=-0.000216742 0.00215149 -0.00630431 0.00225285 -0.0153054 -0.0180041
internal_weight=209.964 152.555 57.4086 30.5831 26.8255 26.4064
internal_count=11069 6976 4093 1593 2500 2476
is_linear=0
shrinkage=0.05


Tree=251
num_leaves=7
num_cat=0
split_feature=66 28 67 67 32 68
split_gain=1.20761 2.31832 2.44418 1.57681 1.55503 1.98717
threshold=-0.48746848826408135 -0.6864997080697387 -0.64876214540105603 0.76103183219019421 -0.89100779270918107 1.2948175578082843
decision_type=2 2 2 2 2 2
left_child=4 2 -2 -3 5 -1
right_child=1 3 -4 -5 -6 -7
leaf_value=-0.022442151387281062 -0.026716660100289516 0.016162507435338935 0.010524535131520655 -0.011255409997390367 -0.0010460179500262339 0.018473370745910819
leaf_weight=13.907464420655741 6.6977437178429682 31.142374547926011 5.8042439587879908 4.0052218842320135 146.52461449906696 1.2414210033603001
leaf_count=1424 337 1688 297 295 6815 201
internal_value=-0.000710912 0.00605235 -0.0107361 0.0123987 -0.00277818 -0.0165898
internal_weight=209.323 47.6496 12.502 35.1476 161.673 15.1489
internal_count=11057 2617 634 1983 8440 1625
is_linear=0
shrinkage=0.05


Tree=252
num_leaves=7
num_cat=0
split_feature=22 21 23 1 20 30
split_gain=1.16554 1.51405 1.83061 2.20818 1.7894 1.76425
threshold=1.438635215625951 1.7157378351265458 0.7685329459255078 0.19584482099999434 1.2508181786947161 0.91130829429689741
decision_type=2 2 2 2 2 2
left_child=1 2 5 -4 -5 -1
right_child=-2 -3 3 4 -6 -7
leaf_value=0.0011400387807586185 -0.018496261669184107 -0.018957942533732751 -0.011849911682147147 0.023922250539104826 -0.0041111450983192027 -0.016102874510742063
leaf_weight=152.43640865763882 5.1282089136948334 6.2823792833951293 5.79787456721533 20.964759179216347 6.4296605925192116 13.403088125633074
leaf_count=7233 740 558 440 850 465 811
internal_value=7.97433e-05 0.000803412 0.00169942 0.0118884 0.0175863 -0.000514887
internal_weight=210.442 205.314 199.032 33.1923 27.3944 165.839
internal_count=11097 10357 9799 1755 1315 8044
is_linear=0
shrinkage=0.05


Tree=253
num_leaves=7
num_cat=0
split_feature=56 30 31 3 19 25
split_gain=1.4824 2.42589 2.09574 2.23128 1.70514 2.95199
threshold=1.0000000180025095e-35 0.69649320393809833 0.68713807857257281 -0.85154815504614034 1.3890208219117166 -0.24211245262216494
decision_type=2 2 2 2 2 2
left_child=4 -2 3 -3 5 -1
right_child=1 2 -4 -5 -6 -7
leaf_value=0.0052949868132892404 0.0054587950257357796 0.014573689639227273 0.013908504847898427 -0.018265566570695887 0.013924270613276274 -0.029351293287999753
leaf_weight=9.2146493013424386 148.13303817829001 3.8756886810297173 6.2130067300749934 28.109654309926555 3.7845272149424991 11.695106980332637
leaf_count=613 7471 197 287 1586 174 771
internal_value=0.000994917 0.00256224 -0.00825014 -0.0133779 -0.00982782 -0.0153345
internal_weight=211.026 186.331 38.1983 31.9853 24.6943 20.9098
internal_count=11099 9541 2070 1783 1558 1384
is_linear=0
shrinkage=0.05


Tree=254
num_leaves=7
num_cat=0
split_feature=24 67 68 67 24 68
split_gain=1.30206 2.91078 2.37082 2.0011 1.80149 2.07904
threshold=0.90420422135122125 -1.0901668448640833 1.2948175578082843 0.52269273656224968 1.539509969832173 -0.65843785356869022
decision_type=2 2 2 2 2 2
left_child=2 4 -1 -4 -2 -6
right_child=1 -3 3 -5 5 -7
leaf_value=-0.0034728690956889702 0.007558938946572934 0.016211370231101817 -0.013394872885912516 0.03198599683038196 0.013925113151524567 -0.030601787754634121
leaf_weight=156.1095384862565 8.0021431148343272 29.209074967569904 1.4633241903793521 5.6828799133654684 1.5725839210208503 7.2319759510282875
leaf_count=8316 312 1223 196 562 34 422
internal_value=0.000100122 0.00726041 -0.00201269 0.0214804 -0.00839506 -0.0211311
internal_weight=209.272 46.0158 163.256 7.1462 16.8067 8.80456
internal_count=11065 1991 9074 758 768 456
is_linear=0
shrinkage=0.05


Tree=255
num_leaves=7
num_cat=0
split_feature=13 11 4 27 25 58
split_gain=1.30192 1.82136 1.36354 3.8355 3.00252 1.66626
threshold=-1.0322109127328389 -0.020623514095928285 -0.67924870581794494 -1.1320938532121345 -0.78743612958760012 2.5506876565064647
decision_type=2 2 2 2 2 2
left_child=1 -1 -2 -4 -5 -6
right_child=2 -3 3 4 5 -7
leaf_value=0.011443619032081976 -0.018551707910098216 -0.018446505416490309 0.027123380269853843 -0.026762525285035917 -0.0024303512057386573 0.018336402779514822
leaf_weight=34.01093503809534 8.9904432973708008 3.1619756010477422 8.2876405041897652 9.3152690134884306 136.86642075920827 7.3839516253792672
leaf_count=1529 565 226 436 1298 6669 277
internal_value=-0.000405276 0.00771346 -0.00227441 -0.00104911 -0.00306011 -0.00101541
internal_weight=208.017 37.1729 170.844 161.853 153.566 144.25
internal_count=11000 1755 9245 8680 8244 6946
is_linear=0
shrinkage=0.05


Tree=256
num_leaves=7
num_cat=0
split_feature=67 67 29 67 68 29
split_gain=1.05478 1.6784 2.86822 2.20577 1.82573 2.15086
threshold=-1.1561657699607655 -1.046196493136073 -0.64728563755651292 -0.80995783673398336 -0.71868309877150682 -1.0273747494098766
decision_type=2 2 2 2 2 2
left_child=-1 2 -2 4 -3 -6
right_child=1 3 -4 -5 5 -7
leaf_value=-0.011670274125137345 0.030781987893999552 0.010834927999940361 -0.014202849020544299 0.0012258373687723495 0.0037579344884165686 -0.031736333354752226
leaf_weight=16.854987911006901 7.5798222105950117 3.55015445625759 3.1922808418748883 159.95928653498413 5.2459624859038785 11.351441537495699
leaf_count=984 294 273 146 8573 190 589
internal_value=-0.000701052 0.000433145 0.017261 -0.000839632 -0.0152718 -0.0216597
internal_weight=207.734 190.879 10.7721 180.107 20.1476 16.5974
internal_count=11049 10065 440 9625 1052 779
is_linear=0
shrinkage=0.05


Tree=257
num_leaves=7
num_cat=0
split_feature=22 31 25 19 14 12
split_gain=1.46251 1.3621 3.16881 1.76451 3.4247 1.85017
threshold=-2.102133665164609 -0.3381642757055961 0.7613436681444391 -0.81621469658382273 -0.28249722654418558 -1.0268458856094413
decision_type=2 2 2 2 2 2
left_child=-1 -2 3 -3 -5 -6
right_child=1 2 -4 4 5 -7
leaf_value=-0.021553174476844551 0.0034915732948396939 -0.034067499617785178 0.0064099158211019611 -0.022426586439493156 0.025874300851713963 -0.0029168086818487766
leaf_weight=5.204850320616969 116.21123645477928 5.2613927602069444 36.150243781739846 19.350290215254063 4.1923379391664666 22.80999101314228
leaf_count=423 5833 842 1441 1154 224 1179
internal_value=-0.000855536 -2.26465e-05 -0.00463753 -0.0123022 -0.00791096 0.00369351
internal_weight=209.18 203.975 87.7643 51.614 46.3526 27.0023
internal_count=11096 10673 4840 3399 2557 1403
is_linear=0
shrinkage=0.05


Tree=258
num_leaves=7
num_cat=0
split_feature=30 67 30 68 13 18
split_gain=1.1661 0.910948 2.48005 2.19975 1.68673 2.05476
threshold=2.6144850821416612 -0.80995783673398336 -0.31620650775338283 -0.65843785356869022 -0.29609455266404106 1.7827174160777186
decision_type=2 2 2 2 2 2
left_child=1 2 4 -4 -1 -6
right_child=-2 -3 3 -5 5 -7
leaf_value=-0.0074572228353243846 -0.023314948486249536 0.0034402005796170345 0.012364275292514874 -0.026353652712063289 0.020716157455796289 -0.015543520814567963
leaf_weight=15.347300837078363 1.789498432422987 161.82272972204373 2.808218791964463 13.10908047162229 14.464526789524827 2.6601171079673795
leaf_count=739 149 8506 117 612 781 235
internal_value=0.00111459 0.00164768 -0.00419774 -0.0186453 0.0038622 0.0136062
internal_weight=212.001 210.212 48.3892 15.9173 32.4719 17.1246
internal_count=11139 10990 2484 729 1755 1016
is_linear=0
shrinkage=0.05


Tree=259
num_leaves=7
num_cat=0
split_feature=32 32 67 0 13 25
split_gain=1.25018 2.38261 2.03136 1.95562 2.75797 2.46986
threshold=0.73432743503351594 0.34200513868183041 -1.1429902875440421 0.22564021324547359 -0.82033154213476245 -0.17304684887684271
decision_type=2 2 2 2 2 2
left_child=1 3 -2 4 5 -1
right_child=2 -3 -4 -5 -6 -7
leaf_value=-0.0036432994378624004 -0.0075008784499789498 -0.01415563793271624 0.012511242026033445 0.0099348478424471556 -0.010102226187159143 0.021868018180020356
leaf_weight=20.020655242667999 15.316193320526507 26.641036346001783 42.247206797532272 42.508254552609287 49.934552666061791 13.890526911709456
leaf_count=987 792 1281 1831 1809 3858 573
internal_value=0.000992587 -0.00138938 0.00707872 0.00156819 -0.00287021 0.00773455
internal_weight=210.558 152.995 57.5634 126.354 83.8457 33.9112
internal_count=11131 8508 2623 7227 5418 1560
is_linear=0
shrinkage=0.05


Tree=260
num_leaves=7
num_cat=0
split_feature=22 41 67 67 67 22
split_gain=1.57958 2.81293 2.53894 2.37445 2.34872 2.23205
threshold=0.37481117684662896 1.0000000180025095e-35 -0.54412208214939939 1.676198410595527 1.4536560066661572 0.91855672703795299
decision_type=2 2 2 2 2 2
left_child=3 -2 -3 -1 -4 -6
right_child=1 2 4 -5 5 -7
leaf_value=0.0042225617228087041 0.020288234955692798 0.0072960379705249295 -0.020427851670307518 -0.02585094368011262 -0.016709493035494658 0.02381578205290211
leaf_weight=136.89782689663116 5.9926640145713455 14.452702094538834 37.359360954491422 3.9159436057670964 3.3141780330915918 4.7014319161535241
leaf_count=6446 201 634 2649 408 272 375
internal_value=-0.000118405 -0.00634646 -0.0098557 0.00286442 -0.0154325 0.00707259
internal_weight=206.634 65.8203 59.8277 140.814 45.375 8.01561
internal_count=10985 4131 3930 6854 3296 647
is_linear=0
shrinkage=0.05


Tree=261
num_leaves=7
num_cat=0
split_feature=68 67 27 32 67 23
split_gain=1.41895 3.8157 1.96792 1.60004 1.99678 2.31864
threshold=1.2948175578082843 0.52269273656224968 1.2026859500360365 -0.86298477154120345 -0.066298196770317522 -0.43308396622909828
decision_type=2 2 2 2 2 2
left_child=3 -2 -3 4 5 -1
right_child=1 2 -4 -5 -6 -7
leaf_value=-0.015604045392481343 -0.02075935686003438 0.043055915215055737 -0.011521152899014932 0.00053785067178439264 -0.02910620546124934 0.021937385393443889
leaf_weight=6.3609358372632414 2.3790122559876163 5.0880837239092216 0.72936721943551663 179.39862506478676 7.7682434063171959 4.3429461708292383
leaf_count=361 368 390 159 8289 1084 285
internal_value=-3.20208e-05 0.0172919 0.0346215 -0.000997173 -0.0138974 0.00109579
internal_weight=206.067 8.19646 5.81745 197.871 18.4721 10.7039
internal_count=10936 917 549 10019 1730 646
is_linear=0
shrinkage=0.05


Tree=262
num_leaves=7
num_cat=0
split_feature=32 32 0 12 28 27
split_gain=1.49059 3.27029 4.09939 2.59956 2.27893 2.10104
threshold=0.70630441386553844 0.34200513868183041 0.50323967593934715 1.258795523971987 0.52108604043189022 -0.50190235150533524
decision_type=2 2 2 2 2 2
left_child=1 2 4 -4 -1 -6
right_child=-2 -3 3 -5 5 -7
leaf_value=-0.00072861076535917901 0.0054226403565371794 -0.0197970471731021 0.020950228188838693 -0.014740678536112424 0.0050586405273360096 -0.025685461539358818
leaf_weight=69.050995663332287 57.05659378686687 23.617291611124529 24.914957688946746 3.993580295238643 6.4059128068620366 17.721867231623037
leaf_count=3739 2624 1220 885 196 422 1911
internal_value=-0.00124761 -0.00391633 -0.000443147 0.0150974 -0.00558509 -0.0178662
internal_weight=202.761 145.705 122.087 28.9085 93.1788 24.1278
internal_count=10997 8373 7153 1081 6072 2333
is_linear=0
shrinkage=0.05


Tree=263
num_leaves=7
num_cat=0
split_feature=66 42 67 19 22 67
split_gain=1.35428 1.50819 2.39205 2.0158 1.68971 3.07299
threshold=2.3214170337880033 1.0000000180025095e-35 -0.87128719032855917 1.2959897109049285 0.37481117684662896 1.6411332268250647
decision_type=2 2 2 2 2 2
left_child=1 4 -3 -4 -1 -6
right_child=-2 2 3 -5 5 -7
leaf_value=-0.00019981380113603646 0.01160883344393682 -0.016885754840012517 0.022946949139744419 -0.013370785758179236 -0.014469912865736852 0.019012496587001868
leaf_weight=110.73996751691448 16.60115439328365 4.3981499579385881 16.062214314239103 2.6758334087207905 51.884368280530907 5.2080116291763252
leaf_count=5329 1144 296 445 90 3303 424
internal_value=-0.000934092 -0.00218715 0.00905281 0.0166312 -0.00386838 -0.0106189
internal_weight=207.57 190.969 23.1362 18.738 167.832 57.0924
internal_count=11031 9887 831 535 9056 3727
is_linear=0
shrinkage=0.05


Tree=264
num_leaves=7
num_cat=0
split_feature=19 25 5 68 10 24
split_gain=1.8318 1.60698 1.86447 1.74378 3.31447 2.44536
threshold=1.8549003544632201 0.49477826032407513 1.171294133762395 0.057566869222940235 -0.34743868380509546 -0.98605939902154949
decision_type=2 2 2 2 2 2
left_child=1 3 -3 -1 -5 -6
right_child=-2 2 -4 4 5 -7
leaf_value=-0.0039040527885963114 -0.017685780118094532 0.010486931415161792 -0.021131704199192528 -0.010792610586747775 -0.017648658402999878 0.026119832865503963
leaf_weight=103.90319810018991 9.068882661755195 64.209874212509021 2.2534853442339218 11.130611100030366 1.6175392605073309 17.716755092347739
leaf_count=5112 510 2656 184 880 330 1366
internal_value=0.00126879 0.00237242 0.00854854 -0.000802494 0.00917733 0.0205793
internal_weight=209.9 200.831 66.4634 134.368 30.4649 19.3343
internal_count=11038 10528 2840 7688 2576 1696
is_linear=0
shrinkage=0.05


Tree=265
num_leaves=7
num_cat=0
split_feature=13 13 13 31 17 64
split_gain=1.60914 2.69796 1.81126 1.79537 1.70042 1.70975
threshold=0.46665736278326136 0.66513868526884246 1.2036820995404085 1.7124404328507417 0.77507276858660734 1.0000000180025095e-35
decision_type=2 2 2 2 2 2
left_child=4 -2 -3 -4 -1 -6
right_child=1 2 3 -5 5 -7
leaf_value=-0.0011195363291561433 0.025851146912502648 -0.011094796762333665 0.014770316400934656 -0.019105770391560722 -0.027793825087342322 0.0040300305724102993
leaf_weight=143.94421014958061 11.088757126562994 16.617525493813446 18.771081370883625 2.0772131640405851 9.4397486296656989 5.3595348704839116
leaf_count=7119 481 1067 1229 313 667 198
internal_value=-0.000501425 0.00719858 0.000170742 0.00941626 -0.00294645 -0.0175321
internal_weight=207.298 48.5546 37.4658 20.8483 158.743 14.7993
internal_count=11074 3090 2609 1542 7984 865
is_linear=0
shrinkage=0.05


Tree=266
num_leaves=7
num_cat=0
split_feature=1 56 25 32 17 31
split_gain=1.71449 1.7332 2.37428 2.92879 1.4825 1.49001
threshold=1.106337875514199 1.0000000180025095e-35 -0.16190415569755207 0.5381662868576732 -1.6814926067027349 -0.24495497077121717
decision_type=2 2 2 2 2 2
left_child=1 2 3 -1 -3 -6
right_child=-2 4 -4 -5 5 -7
leaf_value=-0.015950369120103801 -0.014146810027254703 -0.012990252148949957 -0.024310465099508405 0.027691210990878852 0.007314449657785326 -0.0029727598467603833
leaf_weight=5.1189974060980621 17.556577151466627 10.866503075085346 11.653219386527779 4.477882291743299 108.56975921842968 49.427615249151131
leaf_count=440 1298 760 711 163 5118 2553
internal_value=-0.000424258 0.00104307 -0.0114909 0.00615792 0.00279342 0.00410079
internal_weight=207.671 190.114 21.2501 9.59688 168.864 157.997
internal_count=11043 9745 1314 603 8431 7671
is_linear=0
shrinkage=0.05


Tree=267
num_leaves=7
num_cat=0
split_feature=15 18 24 32 24 63
split_gain=2.10119 2.15734 2.11402 2.35694 3.0459 2.91221
threshold=2.1823625075123836 -1.0723884115646072 0.86257907871105755 0.37002815984980791 -0.45904330733960247 1.0000000180025095e-35
decision_type=2 2 2 2 2 2
left_child=1 -1 3 4 5 -3
right_child=-2 2 -4 -5 -6 -7
leaf_value=0.011217179148898734 -0.029713955183388287 -0.00085794266474580158 0.0051582448675980951 -0.017986488605385972 0.0023095170066685846 -0.03520981285879881
leaf_weight=25.824791191786062 3.8463463064690577 12.72970074164914 48.316112877451815 31.987430895620491 73.824298329884186 9.260279034555424
leaf_count=1319 584 970 2118 1603 3441 1068
internal_value=-0.00245439 -0.00150782 -0.00353036 -0.0068581 -0.00270963 -0.0178142
internal_weight=205.789 201.943 176.118 127.802 95.8143 21.99
internal_count=11103 10519 9200 7082 5479 2038
is_linear=0
shrinkage=0.05


Tree=268
num_leaves=7
num_cat=0
split_feature=27 27 21 0 19 12
split_gain=1.26245 3.99401 2.27788 3.44471 1.86357 2.30456
threshold=0.77938733283781314 1.0378685317934939 0.57119111963369662 0.80607545342357267 0.38088212870586008 0.45397304557185864
decision_type=2 2 2 2 2 2
left_child=2 -2 -1 -4 -3 -6
right_child=1 4 3 -5 5 -7
leaf_value=0.0010090548598231273 -0.032349364282086804 -0.016370594574429433 0.029819556573661716 -0.018164542350825551 0.018894083073634611 -0.011347858781414458
leaf_weight=154.03797142941039 8.1291699571593181 6.7131990790367153 12.544553029991219 2.7083492359379298 15.872279082832394 7.048042783048003
leaf_count=7707 657 872 561 186 697 384
internal_value=0.00115123 -0.00678272 0.0030083 0.0197142 0.00255994 0.00935755
internal_weight=207.054 37.7627 169.291 15.2529 29.6335 22.9203
internal_count=11064 2610 8454 747 1953 1081
is_linear=0
shrinkage=0.05


Tree=269
num_leaves=7
num_cat=0
split_feature=5 20 68 68 26 33
split_gain=1.27916 2.2448 1.69242 4.75154 3.47863 2.08752
threshold=-0.31820629977758036 -0.78793233545946406 -0.29090765534031304 -0.5777199743512903 0.70331097468035952 -0.81078837439839802
decision_type=2 2 2 2 2 2
left_child=1 -1 3 -2 -4 -5
right_child=2 -3 4 5 -6 -7
leaf_value=0.0067553419341761962 0.0090726541586443575 -0.0082075583635329644 0.01798008572749487 -0.00049005425456977029 -0.01373375699336815 -0.032985176861015875
leaf_weight=33.707523868972203 33.531044358765939 77.769242951704655 34.686436075251549 8.0683052504900861 8.8082128872920276 10.142251865821889
leaf_count=1538 1524 4030 2015 356 1033 626
internal_value=-3.33895e-05 -0.00362472 0.00415268 -0.00196359 0.0110859 -0.0206936
internal_weight=206.713 111.477 95.2363 51.7416 43.4946 18.2106
internal_count=11122 5568 5554 2506 3048 982
is_linear=0
shrinkage=0.05


Tree=270
num_leaves=7
num_cat=0
split_feature=67 67 66 3 68 17
split_gain=1.55931 1.35413 1.2096 1.38003 1.92384 1.33653
threshold=-1.4824108510409972 1.8588151102317962 1.7363809726971511 2.3260761889354504 -0.24351277468602867 0.59731189895360093
decision_type=2 2 2 2 2 2
left_child=-1 2 3 -2 5 -5
right_child=1 -3 -4 4 -6 -7
leaf_value=-0.02709592137044204 -6.123333400848037e-06 -0.023764504557248392 0.01245055721512562 0.017124839390715518 0.039109912461436164 -0.019539209869178051
leaf_weight=1.7605432701238886 177.30435422997107 2.0615538423007811 23.439864358253544 1.645523701328784 2.4528855488169929 2.4520877923350781
leaf_count=318 8683 431 1469 24 80 131
internal_value=0.00123809 0.00185579 0.00244596 0.000991048 0.0195054 -0.00380066
internal_weight=211.117 209.356 207.295 183.855 6.5505 4.09761
internal_count=11136 10818 10387 8918 235 155
is_linear=0
shrinkage=0.05


Tree=271
num_leaves=7
num_cat=0
split_feature=67 12 33 25 26 12
split_gain=1.2721 1.35104 1.54772 2.11449 1.60383 1.3613
threshold=1.8588151102317962 -0.30757515377301953 -0.87194495649417048 0.28639489546926117 0.93091237105921876 -1.2408280976544879
decision_type=2 2 2 2 2 2
left_child=1 2 4 5 -1 -4
right_child=-2 -3 3 -5 -6 -7
leaf_value=0.0090554533482772089 -0.022834639513301794 0.00027473668030596193 -0.0034793454117874726 0.03269309240372445 -0.021712863417501355 0.013840847236915541
leaf_weight=6.3145751545962394 1.9295010193891347 147.31342286622385 17.317055447812887 7.7639397800667203 5.1348391193896532 25.187850876507586
leaf_count=311 409 6639 1340 292 594 1498
internal_value=0.00237338 0.00292585 0.00894766 0.0126032 -0.00638662 0.0070202
internal_weight=210.961 209.032 61.7183 50.2688 11.4494 42.5049
internal_count=11083 10674 4035 3130 905 2838
is_linear=0
shrinkage=0.05


Tree=272
num_leaves=7
num_cat=0
split_feature=24 28 0 32 68 24
split_gain=1.03702 2.77202 2.28155 1.83494 2.47488 2.57941
threshold=-0.56559724390496324 0.42133414852706258 -1.0361755262721328 0.34200513868183041 -0.11940659235419122 0.64808905798687888
decision_type=2 2 2 2 2 2
left_child=1 -1 -2 -4 5 -5
right_child=2 -3 3 4 -6 -7
leaf_value=0.00073844688556922572 0.025238265919983294 -0.026067422480526726 0.0052925423942707306 -0.014889229912386434 -0.01991647135374813 0.0069896906712916228
leaf_weight=34.159865001391154 6.639980017207562 10.353242703509748 80.874443803040776 16.67060971193132 18.249639627116267 39.745335611281916
leaf_count=2039 228 1412 3787 782 1278 1478
internal_value=-0.000242068 -0.00674854 0.00163388 0.000167703 -0.00537331 9.92401e-05
internal_weight=206.693 44.5131 162.18 155.54 74.6656 56.4159
internal_count=11004 3451 7553 7325 3538 2260
is_linear=0
shrinkage=0.05


Tree=273
num_leaves=7
num_cat=0
split_feature=22 19 22 26 28 22
split_gain=1.36049 1.48515 1.42056 1.61121 1.99161 3.61863
threshold=1.438635215625951 0.56525506984512386 -0.95098543527213886 -0.46577951076591467 1.5141654185574538 0.35713873282046132
decision_type=2 2 2 2 2 2
left_child=1 2 -1 -4 5 -5
right_child=-2 -3 3 4 -6 -7
leaf_value=-0.0073030417306721371 -0.022096077983881822 -0.006428947759840719 0.010538235248836876 0.0051936473908003973 0.029040098985021374 -0.022004759652642647
leaf_weight=25.917221079347655 4.3960826653928953 62.994035751238698 59.443149282189552 33.590339974442031 1.9472907196613949 15.519284913287263
leaf_count=1446 709 3005 2700 1756 125 1302
internal_value=-0.0010379 -0.000253052 0.00267579 0.00514744 -0.00136533 -0.00417341
internal_weight=203.807 199.411 136.417 110.5 51.0569 49.1096
internal_count=11043 10334 7329 5883 3183 3058
is_linear=0
shrinkage=0.05


Tree=274
num_leaves=7
num_cat=0
split_feature=22 28 67 32 66 27
split_gain=1.52773 1.51185 2.74877 2.76715 1.71251 1.61452
threshold=1.438635215625951 1.1641765062296192 1.537326395663003 0.90246556204138118 1.70242384508754 0.51867053747004943
decision_type=2 2 2 2 2 2
left_child=1 2 4 -4 -1 -3
right_child=-2 5 3 -5 -6 -7
leaf_value=-0.0016791533531812374 -0.023452481664463076 -0.0063482269315472449 -0.032335009940993253 0.012034305332496449 0.012445522509373533 0.026061865211807495
leaf_weight=156.62069918905036 4.4353544403566039 4.5401991653488931 9.7856695520458725 3.05009118374437 21.793476628954522 7.4190156186232343
leaf_count=7246 748 313 983 89 1414 398
internal_value=-0.00119054 -0.000370516 -0.00154479 -0.0215093 0.000223467 0.0149521
internal_weight=207.645 203.209 191.25 12.8358 178.414 11.9592
internal_count=11191 10443 9732 1072 8660 711
is_linear=0
shrinkage=0.05


Tree=275
num_leaves=7
num_cat=0
split_feature=25 3 24 29 24 3
split_gain=1.6516 2.0789 2.15911 2.00531 1.46393 1.72273
threshold=-1.2360625058906469 -1.0094425323868403 -1.2703800161826047 -2.6304506305951985 -1.2703800161826047 -0.81207456071096529
decision_type=2 2 2 2 2 2
left_child=3 2 -2 -1 -3 -6
right_child=1 4 -4 -5 5 -7
leaf_value=0.013055931305794743 -0.01068785498776942 0.021683498866748297 0.02365218791002198 -0.024796326880336644 -0.018730569992138981 -8.0906554666023317e-05
leaf_weight=2.6719617194030425 4.1933149645337862 4.0684057702310374 14.844534555915741 9.8422688960854412 10.432659859565318 158.75565313859261
leaf_count=86 241 224 735 1236 726 7719
internal_value=-5.11426e-05 0.00119696 0.0156631 -0.0157525 -0.00063215 -0.0015372
internal_weight=204.809 192.295 19.0378 12.5142 173.257 169.188
internal_count=10967 9645 976 1322 8669 8445
is_linear=0
shrinkage=0.05


Tree=276
num_leaves=7
num_cat=0
split_feature=20 25 24 24 26 29
split_gain=2.11003 1.89054 1.7169 2.27521 1.79815 1.65722
threshold=-0.33858203182923258 -0.88589280285724492 -1.1197580714630633 -1.4244091154348546 -0.92226373144784268 -1.0273747494098766
decision_type=2 2 2 2 2 2
left_child=2 5 3 4 -1 -2
right_child=1 -3 -4 -5 -6 -7
leaf_value=0.0097138739006731624 0.014246169679712565 0.007654350736889597 -0.0069257474062235265 0.025063190587871272 -0.021445239657142238 -0.031513178765176619
leaf_weight=7.5171189117827462 0.86841382278362322 90.352463282208191 93.125463289674371 7.9369471161044194 5.4802387764211753 3.0879703917889847
leaf_count=281 35 4641 4723 407 404 661
internal_value=0.000503796 0.00593791 -0.00402636 0.0081229 -0.004982 -0.0196569
internal_weight=208.369 94.3088 114.06 20.9343 12.9974 3.95638
internal_count=11152 5337 5815 1092 685 696
is_linear=0
shrinkage=0.05


Tree=277
num_leaves=7
num_cat=0
split_feature=22 23 10 20 23 32
split_gain=1.12951 1.26668 1.01452 2.01951 1.3037 2.20891
threshold=-1.9760131395153067 -2.6631833121207813 -1.1403664826720659 -0.84111548570800887 -0.69188545045664152 -0.050317157669855138
decision_type=2 2 2 2 2 2
left_child=1 -1 3 -2 -4 -6
right_child=2 -3 4 -5 5 -7
leaf_value=0.014323642447685714 0.0058019820734017185 -0.025003070328960098 0.0099222676367837302 -0.021468628057493975 0.0058411015124899259 -0.0064183149513385969
leaf_weight=0.54269706364721049 10.353345758630896 5.923550931736826 29.34027952150791 12.323470996459944 61.514410904928809 82.502125580125721
leaf_count=13 394 508 1303 784 4201 3815
internal_value=-0.00133784 -0.0182091 -0.000515257 -0.00979475 0.000844564 -0.00116956
internal_weight=202.5 6.46625 196.034 22.6768 173.357 144.017
internal_count=11018 521 10497 1178 9319 8016
is_linear=0
shrinkage=0.05


Tree=278
num_leaves=7
num_cat=0
split_feature=67 10 3 31 26 25
split_gain=1.22701 1.04977 2.33336 2.85723 1.5777 1.34706
threshold=-1.4824108510409972 -1.0287792455205109 -0.93049534371649045 -0.24495497077121717 -0.82062422538883861 -1.2925124533436263
decision_type=2 2 2 2 2 2
left_child=-1 4 3 5 -2 -3
right_child=1 2 -4 -5 -6 -7
leaf_value=-0.024595104927444354 0.003024305556124113 -0.0048790566440970237 0.00092743455692922646 -0.014713726986961341 -0.019324183926025834 0.035746409137566271
leaf_weight=1.662107581127201 15.949840418761598 1.6426103751000471 164.94627094393945 2.7154098997125393 11.415626536996568 9.7126544896454998
leaf_count=332 702 273 8158 428 676 487
internal_value=0.000793763 0.0013477 0.00276592 0.0203674 -0.00728657 0.0300782
internal_weight=208.045 206.382 179.017 14.0707 27.3655 11.3553
internal_count=11056 10724 9346 1188 1378 760
is_linear=0
shrinkage=0.05


Tree=279
num_leaves=7
num_cat=0
split_feature=29 29 32 27 29 8
split_gain=1.20777 1.9629 1.83383 2.08938 2.19961 1.61514
threshold=0.11128786734263095 0.86680476498923487 0.31398211751385285 0.63669461012174855 0.33166925025077326 -0.74035698565838437
decision_type=2 2 2 2 2 2
left_child=-1 2 3 4 -2 -3
right_child=1 5 -4 -5 -6 -7
leaf_value=0.0034203959423213751 -0.01519152795064577 -0.015297088603705848 -0.024831646659466862 -0.023727414574139349 0.013304234112952229 0.008701806149175392
leaf_weight=126.13606575230369 7.444307357654913 5.9419531812309279 13.165149828302672 6.3329720870824522 16.653618372656638 31.199989704822656
leaf_count=5934 497 389 801 488 920 2074
internal_value=0.000392946 -0.0042899 -0.0111607 -0.00354869 0.00379407 0.00400618
internal_weight=206.874 80.738 43.596 30.4309 24.0979 37.1419
internal_count=11103 5169 2706 1905 1417 2463
is_linear=0
shrinkage=0.05


Tree=280
num_leaves=7
num_cat=0
split_feature=26 67 67 13 28 31
split_gain=1.70334 1.44108 1.26073 1.25993 1.5589 1.22879
threshold=1.5038322328242699 -1.4824108510409972 1.6411332268250647 1.3518673973355206 0.27130828286295716 0.50071946870381479
decision_type=2 2 2 2 2 2
left_child=1 -1 -2 5 -5 -3
right_child=2 3 -4 4 -6 -7
leaf_value=-0.026668165684819112 -0.026905523389661845 -0.0011889081945327231 0.009077796081297447 0.023529645689924075 -0.0097416793223910753 0.013067880120331336
leaf_weight=1.7410627065983124 6.6888113554159627 168.08181061394862 1.6056525323656385 9.2353674252226465 3.0149951802159185 13.578514645661924
leaf_count=321 850 8472 167 366 275 624
internal_value=-0.000496581 0.000584479 -0.0193788 0.00123174 0.0150356 7.17289e-05
internal_weight=203.946 195.652 8.29446 193.911 12.2504 181.66
internal_count=11075 10058 1017 9737 641 9096
is_linear=0
shrinkage=0.05


Tree=281
num_leaves=7
num_cat=0
split_feature=67 12 67 68 67 28
split_gain=1.88825 1.78425 1.97466 1.70186 2.15628 2.06971
threshold=-0.81615500040034716 1.0934672088537758 1.527258174580395 -0.71037677948158107 -0.89477391985402221 -0.86016230195684218
decision_type=2 2 2 2 2 2
left_child=3 -2 -3 5 -5 -1
right_child=1 2 -4 4 -6 -7
leaf_value=-0.016664535036292265 0.00012260938922570048 0.015761786173279415 -0.016854377121014154 -0.0064344811690239317 -0.037322457191150064 0.023336690522071976
leaf_weight=2.5173073010519147 123.93651455259533 34.518479578400729 2.8131938934093332 33.007286584441317 4.3598577642114824 5.7229458645451796
leaf_count=164 7034 1499 142 1721 213 319
internal_value=0.000544081 0.00309825 0.0122331 -0.00812129 -0.0125443 0.0099305
internal_weight=206.876 161.268 37.3317 45.6074 37.3671 8.24025
internal_count=11092 8675 1641 2417 1934 483
is_linear=0
shrinkage=0.05


Tree=282
num_leaves=7
num_cat=0
split_feature=22 23 13 17 0 11
split_gain=1.37781 1.13055 1.02031 1.94796 1.32672 1.99011
threshold=-2.223712813861519 -2.6631833121207813 0.46665736278326136 -0.14013712816799442 0.80607545342357267 0.45307342760464536
decision_type=2 2 2 2 2 2
left_child=1 -1 -2 -4 5 -5
right_child=2 -3 3 4 -6 -7
leaf_value=0.012175014633014181 -0.00065346315183608186 -0.028636066820473229 -0.014536765860306656 0.032554541237971295 0.0004518558792628029 0.0046535679013949387
leaf_weight=0.4172211606055497 154.41900014021667 3.662462417734786 6.0000236160994964 9.9591174846282247 17.476818963725236 14.977847489702979
leaf_count=10 7611 343 586 417 912 1145
internal_value=0.00062841 -0.0210718 0.00136564 0.00746804 0.0113356 0.0180957
internal_weight=206.912 4.07968 202.833 48.4138 42.4138 24.937
internal_count=11024 353 10671 3060 2474 1562
is_linear=0
shrinkage=0.05


Tree=283
num_leaves=7
num_cat=0
split_feature=28 23 56 58 1 32
split_gain=1.2611 3.25138 1.52491 1.36502 1.25178 1.37247
threshold=1.4877118781628036 0.58679108943899461 1.0000000180025095e-35 2.8744979945821325 1.106337875514199 0.98653462554531368
decision_type=2 2 2 2 2 2
left_child=2 -2 -1 4 -4 -6
right_child=1 -3 3 -5 5 -7
leaf_value=-0.013283365092624705 -0.018580773181494648 0.033579373079383905 0.00055491935193935523 0.02240597874550878 -0.020038754749800304 0.011624115689742696
leaf_weight=21.589058454526821 2.3737345532572354 4.9961719777202234 157.37404192620306 3.5592264218430492 11.727923579688648 2.305521744885481
leaf_count=1370 293 398 7869 108 870 110
internal_value=-0.000751303 0.0162642 -0.00162422 1.40661e-05 -0.000828305 -0.0137058
internal_weight=203.926 7.36991 196.556 174.967 171.407 14.0334
internal_count=11018 691 10327 8957 8849 980
is_linear=0
shrinkage=0.05


Tree=284
num_leaves=7
num_cat=0
split_feature=68 68 68 68 30 66
split_gain=1.01958 1.59581 1.80783 3.04519 2.35549 1.71818
threshold=-0.73026308507569737 -0.50550385723063829 -0.56916935155283699 -0.61803005325828464 -0.30086257272775435 0.89830079295846854
decision_type=2 2 2 2 2 2
left_child=-1 2 3 4 5 -2
right_child=1 -3 -4 -5 -6 -7
leaf_value=0.0072204241224894236 -0.046851151666962201 0.0011272573962129641 -0.026144313523864395 0.018217288239289559 -8.8760623200681324e-05 0.0061556218629554519
leaf_weight=39.683306667415309 3.3764979043044141 130.97605251659115 9.4747190201305767 8.4489202183322067 11.385138072655534 1.1825093703810123
leaf_count=1938 206 7563 495 289 489 59
internal_value=0.000324609 -0.00143482 -0.0106286 -0.00239874 -0.0144782 -0.0361159
internal_weight=204.527 164.844 33.8678 24.3931 15.9441 4.55901
internal_count=11039 9101 1538 1043 754 265
is_linear=0
shrinkage=0.05


Tree=285
num_leaves=7
num_cat=0
split_feature=24 28 68 68 68 26
split_gain=1.65484 2.09077 3.28693 2.15971 1.25632 2.44365
threshold=0.90420422135122125 -0.89561739429133891 0.28413394303110046 -0.4986633589918763 0.039977016608978976 -0.68965820301566916
decision_type=2 2 2 2 2 2
left_child=4 3 -3 -2 -1 -6
right_child=1 2 -4 -5 5 -7
leaf_value=-0.0042400861749898591 -0.03160658716077018 0.018992032810301207 -0.017165992016775246 0.010124883037268998 -0.013190255044197064 0.013584246314536251
leaf_weight=123.56955885727075 3.2835647452156991 33.288896448342712 5.1583321073558173 3.9823086316755498 9.31713732369826 26.231756464316277
leaf_count=6201 161 1167 497 178 631 2156
internal_value=0.000573572 0.00864751 0.0132495 -0.0124594 -0.00186309 0.00608643
internal_weight=204.832 45.7131 38.4472 7.26587 159.118 35.5489
internal_count=10991 2003 1664 339 8988 2787
is_linear=0
shrinkage=0.05


Tree=286
num_leaves=7
num_cat=0
split_feature=67 28 68 68 27 26
split_gain=1.21122 3.92284 4.08831 2.59581 2.42696 2.43791
threshold=0.59820439468180975 0.39203317843715485 -0.42649610257293025 -0.70319425633087962 0.34699215092835506 1.1513803777340421
decision_type=2 2 2 2 2 2
left_child=3 2 -2 -1 -4 -6
right_child=1 -3 4 -5 5 -7
leaf_value=0.0098212161046249448 -0.028208216109064568 0.021686308464805459 -0.013406272098251357 -0.0055809196076664919 0.039708164718819994 -0.011417155915803228
leaf_weight=31.391464982094476 9.2858256560284662 19.022690847312333 3.8934502231422794 132.61206379337818 4.7700344272889197 1.7619235061574725
leaf_count=1395 638 1485 363 6765 255 176
internal_value=-0.000613858 0.0070154 -0.00813741 -0.00250937 0.0120481 0.0266646
internal_weight=202.737 38.7339 19.7112 164.004 10.4254 6.53196
internal_count=11077 2917 1432 8160 794 431
is_linear=0
shrinkage=0.05


Tree=287
num_leaves=7
num_cat=0
split_feature=31 10 13 0 0 22
split_gain=1.24211 1.46478 2.14417 1.96105 1.40499 1.09797
threshold=2.0852776525882577 -0.60576554664664395 -1.0322109127328389 0.65465756468145997 0.93225702737533334 1.5908881217955924
decision_type=2 2 2 2 2 2
left_child=1 2 -1 -4 -5 -3
right_child=-2 5 3 4 -6 -7
leaf_value=0.0037970563318465871 -0.023133695033196355 0.0033486706998972016 -0.024150194850747951 0.019950915439618747 -0.010772730227743412 -0.021065582752926991
leaf_weight=24.220261941314675 2.9229871612915295 146.13916907535167 18.262698756618196 3.4190524406731111 5.9486273323418573 1.7885393408650987
leaf_count=1123 377 7440 1196 109 335 382
internal_value=-0.000568555 9.8965e-05 -0.00690013 -0.0157306 0.00256029 0.00264063
internal_weight=202.701 199.778 51.8506 27.6304 9.36768 147.928
internal_count=10962 10585 2763 1640 444 7822
is_linear=0
shrinkage=0.05


Tree=288
num_leaves=7
num_cat=0
split_feature=68 67 29 29 66 67
split_gain=1.45918 3.88546 1.51034 1.88368 1.91155 1.84956
threshold=1.2948175578082843 0.52269273656224968 1.1823230486326886 0.94856900899468277 -0.1817899368520757 0.092015900252759866
decision_type=2 2 2 2 2 2
left_child=2 -2 3 5 -5 -1
right_child=1 -3 -4 4 -6 -7
leaf_value=0.0017059380463080435 -0.02088250298434716 0.034827174025868289 -0.014167118132791555 0.022915191877029173 -0.01717626171058953 -0.011990088596497498
leaf_weight=141.97659870647476 2.3581619332690007 6.1292007075971924 15.108547202486077 12.813951763091607 1.3610143954865623 26.709114784142002
leaf_count=6300 391 543 1199 579 98 2005
internal_value=0.000611518 0.0179373 -0.00038795 0.000960827 0.016738 -0.000634263
internal_weight=206.457 8.48736 197.969 182.861 14.175 168.686
internal_count=11115 934 10181 8982 677 8305
is_linear=0
shrinkage=0.05


Tree=289
num_leaves=7
num_cat=0
split_feature=52 30 3 26 11 16
split_gain=1.09799 0.926045 1.20485 1.84584 1.57652 1.77118
threshold=1.0000000180025095e-35 -1.6204409849318053 -0.85154815504614034 -0.0338812762268123 -1.0667391155547581 0.064842974014385227
decision_type=2 2 2 2 2 2
left_child=1 -1 3 4 -3 -6
right_child=-2 2 -4 -5 5 -7
leaf_value=-0.014780945571880888 -0.023744160883014207 0.0049659403665213561 0.0014065202487017103 -0.012020396192239623 0.032056699140147395 -0.013538012327269255
leaf_weight=4.3964011439529704 1.014863078133202 19.313201951648807 166.65240942296805 5.0849571324361014 12.096529470378297 0.7909393210429706
leaf_count=620 68 886 8126 633 665 94
internal_value=0.00226141 0.00272335 0.00330951 0.011077 0.015438 0.0272305
internal_weight=209.349 208.334 203.938 37.2856 32.2007 12.8875
internal_count=11092 11024 10404 2278 1645 759
is_linear=0
shrinkage=0.05


Tree=290
num_leaves=7
num_cat=0
split_feature=67 28 68 68 68 15
split_gain=1.34441 4.93535 3.63428 2.97648 2.29457 2.09836
threshold=0.56435434104200699 0.39203317843715485 -0.43177305835711827 0.65791831107777488 0.50728076771988018 -0.63448988432036268
decision_type=2 2 2 2 2 2
left_child=3 2 -2 4 -1 -3
right_child=1 5 -4 -5 -6 -7
leaf_value=-0.00068864312109190307 -0.026955971303346912 0.0013703553347231853 0.010799813884028089 -0.021972549634719278 0.029996291224730704 0.034943082174907457
leaf_weight=149.61494014122582 9.6941603940213117 7.0287857803050455 10.366168683569411 13.215478105645159 3.346775868558324 12.420507573493522
leaf_count=6794 672 499 796 1236 163 963
internal_value=0.000401266 0.00834521 -0.00857886 -0.00160195 0.000546817 0.0246147
internal_weight=205.687 39.5096 20.0603 166.177 152.962 19.4493
internal_count=11123 2930 1468 8193 6957 1462
is_linear=0
shrinkage=0.05


Tree=291
num_leaves=7
num_cat=0
split_feature=67 68 24 68 25 33
split_gain=0.939058 1.87268 1.50279 1.47396 0.89642 2.44085
threshold=-1.3232461629264582 -0.43690343203619003 1.1957409346688148 -0.52426636668553084 -0.021986298504965054 -0.66808451497087595
decision_type=2 2 2 2 2 2
left_child=1 3 -3 -1 -2 -6
right_child=4 2 -4 -5 5 -7
leaf_value=-0.016715550942059617 -0.0031976649167538168 0.0051904079699312926 -0.041006444474192737 0.024958507899692714 -0.0037010034275275932 0.01051059551122906
leaf_weight=0.96059463860001448 80.500554577956791 1.6469294115668152 2.8824659642705228 2.1778369685634971 57.16038588254014 58.443152043328155
leaf_count=75 5087 225 282 64 2826 2475
internal_value=1.00185e-05 -0.0144427 -0.0288336 0.0102677 0.000784231 0.00356777
internal_weight=203.772 7.66783 4.5294 3.13843 196.104 115.604
internal_count=11034 646 507 139 10388 5301
is_linear=0
shrinkage=0.05


Tree=292
num_leaves=7
num_cat=0
split_feature=41 18 14 19 12 5
split_gain=1.67044 2.70118 1.73267 3.0217 1.61587 1.60547
threshold=1.0000000180025095e-35 1.1226723831139231 0.039892335859960444 -0.33826887207294337 -1.1930602554359135 0.13511991912589036
decision_type=2 2 2 2 2 2
left_child=1 -1 5 4 -4 -2
right_child=2 -3 3 -5 -6 -7
leaf_value=0.015470307403094106 -0.0001253283188237578 -0.017937637202706861 -0.018330598213607618 -0.025549526031942767 0.0075506567384577249 0.016267688396228868
leaf_weight=33.352658436779166 114.24266403466754 4.6497491752961642 5.0591934157855567 14.529719108919378 21.048672235454436 14.174329313653287
leaf_count=1440 5622 259 720 937 1266 832
internal_value=0.00131316 0.0103694 -0.000867921 -0.00948775 0.00116303 0.00201414
internal_weight=207.057 38.0024 169.055 40.6376 26.1079 128.417
internal_count=11076 1699 9377 2923 1986 6454
is_linear=0
shrinkage=0.05


Tree=293
num_leaves=7
num_cat=0
split_feature=41 22 30 29 28 58
split_gain=1.20798 2.55328 1.91062 2.07069 2.6529 1.86778
threshold=1.0000000180025095e-35 0.35345372980766293 -0.80721242857349484 -0.094345385572005433 -0.74047840218521188 -0.21675049406047356
decision_type=2 2 2 2 2 2
left_child=1 5 3 4 -2 -1
right_child=2 -3 -4 -5 -6 -7
leaf_value=-0.0050544821302408831 -0.0079571756690591314 0.029573035273366428 -0.0037458275484172406 -0.018915680050005192 0.026793474735419473 0.022885143455873554
leaf_weight=26.39307984139305 6.3975107140722729 7.2346222368360023 147.39510927273659 2.4239494698122135 14.254020211956231 4.5126671218895344
leaf_count=1403 388 208 7791 540 693 118
internal_value=0.000224923 0.00792483 -0.00160508 0.0109267 0.0163845 0.000689018
internal_weight=208.611 38.1404 170.471 23.0755 20.6515 30.9057
internal_count=11141 1729 9412 1621 1081 1521
is_linear=0
shrinkage=0.05


Tree=294
num_leaves=7
num_cat=0
split_feature=12 24 28 12 19 31
split_gain=1.34923 2.22849 2.63243 1.8146 1.33457 1.66436
threshold=-0.30757515377301953 0.67320878692378094 -0.89561739429133891 0.65947444826640644 -1.261098881126012 0.12788224896629877
decision_type=2 2 2 2 2 2
left_child=4 3 -3 -2 -1 -6
right_child=1 2 -4 -5 5 -7
leaf_value=-0.0091378069998751411 -0.015088553677895539 -0.018535171557285783 0.010617821112146708 -0.0015003914112516812 0.01359991844986942 -0.0064790318835640072
leaf_weight=10.374673547485143 41.513063212565612 6.6364836615393861 39.186137525917729 56.508057081140578 38.078741036413703 11.765023718384326
leaf_count=1044 2356 309 1473 2579 2236 1047
internal_value=-0.000728394 -0.00334786 0.00551611 -0.00753232 0.00539066 0.00876176
internal_weight=204.062 143.844 45.8226 98.0211 60.2184 49.8438
internal_count=11044 6717 1782 4935 4327 3283
is_linear=0
shrinkage=0.05


Tree=295
num_leaves=7
num_cat=0
split_feature=2 1 2 31 2 32
split_gain=1.34516 2.00703 2.0327 1.40618 1.78039 2.26085
threshold=1.6344702368821866 1.106337875514199 0.62238172259669244 -0.3381642757055961 0.84341254755559347 -0.72286966570131583
decision_type=2 2 2 2 2 2
left_child=1 3 -3 -1 5 -5
right_child=-2 2 -4 4 -6 -7
leaf_value=0.0033498999875375504 0.014519619367455914 0.014446990600530538 -0.030104409284475539 -0.034977327034904103 0.011893185934028433 -0.0050273067022519801
leaf_weight=112.86732280821889 11.262578925437991 1.4023860074812526 7.5430568250303622 4.339679711527423 9.8708353613328637 57.140154839071329
leaf_count=5714 766 55 617 647 557 2749
internal_value=-0.000311197 -0.00138475 -0.0212459 -9.53231e-05 -0.00546048 -0.00867039
internal_weight=204.426 193.163 8.94544 184.218 71.3507 61.4798
internal_count=11105 10339 672 9667 3953 3396
is_linear=0
shrinkage=0.05


Tree=296
num_leaves=7
num_cat=0
split_feature=67 10 31 27 26 14
split_gain=1.47592 1.27068 1.56674 1.67157 1.90542 2.01428
threshold=-1.4097634282294209 0.21766863351494822 0.50071946870381479 0.84213821143904299 -0.14769273367673066 -0.042743914084626106
decision_type=2 2 2 2 2 2
left_child=-1 -2 3 4 -3 -6
right_child=1 2 -4 -5 5 -7
leaf_value=-0.025780329943913584 0.0024970080526846099 -0.012366150193050188 0.0071312697700250827 -0.021895731547273572 0.016891636163385969 -0.015744120615307135
leaf_weight=2.915937374578788 130.37607598949398 22.515187435899861 16.158960237022256 15.758623043424448 13.40537745843176 3.9735711323737624
leaf_count=417 6146 1233 1068 1239 652 378
internal_value=-0.00116184 -0.000435058 -0.00564497 -0.0095296 -0.0034551 0.00821048
internal_weight=205.104 202.188 71.8117 55.6528 39.8941 17.3789
internal_count=11133 10716 4570 3502 2263 1030
is_linear=0
shrinkage=0.05


Tree=297
num_leaves=7
num_cat=0
split_feature=32 0 67 24 26 28
split_gain=1.08707 2.24527 1.70103 2.78467 2.28413 2.12712
threshold=0.70630441386553844 -0.4809766008843861 -1.0100029742442838 0.90420422135122125 -0.33239695848697359 -0.75587901655848644
decision_type=2 2 2 2 2 2
left_child=-1 -2 4 -4 5 -3
right_child=1 2 3 -5 -6 -7
leaf_value=-0.0039819942690849479 0.025534330984349769 -0.017430980844112293 -0.0095817829582160383 0.018792812868756583 -0.026656755483150042 0.017382812184668549
leaf_weight=145.12086222955259 7.0736562289239364 4.4997572507127188 12.576856221945492 17.319932646001689 8.4240653856686531 7.7366203744895774
leaf_count=8387 266 214 580 767 573 302
internal_value=-0.00169428 0.00397841 -0.00029892 0.00707104 -0.010508 0.00366915
internal_weight=202.752 57.6309 50.5572 29.8968 20.6604 12.2364
internal_count=11089 2702 2436 1347 1089 516
is_linear=0
shrinkage=0.05


Tree=298
num_leaves=7
num_cat=0
split_feature=1 22 18 17 58 25
split_gain=0.858197 1.7965 1.56097 1.29014 1.00253 0.89448
threshold=1.106337875514199 1.2714606423270194 0.1145035096992712 0.75687766577006277 0.7900957602750921 0.90675785991628466
decision_type=2 2 2 2 2 2
left_child=5 2 3 -2 -4 -1
right_child=1 -3 4 -5 -6 -7
leaf_value=-0.0014643054370594324 -0.012595115536033008 0.017794273004874277 -0.031288222492263651 0.020829242085358093 0.0059414353483174366 0.0070520331713687561
leaf_weight=148.62289614837209 3.4515912263304953 2.143316954461624 8.5358233243750856 2.2982051249127835 1.1319281943142403 35.706985742901452
leaf_count=8223 402 213 551 110 34 1518
internal_value=-0.00080445 -0.010494 -0.0166845 0.00332568 -0.0265545 0.000271931
internal_weight=201.891 17.5609 15.4175 5.7498 9.66775 184.33
internal_count=11051 1310 1097 512 585 9741
is_linear=0
shrinkage=0.05


Tree=299
num_leaves=7
num_cat=0
split_feature=10 20 68 23 28 58
split_gain=1.17206 2.79486 2.04994 1.75523 1.8718 1.84678
threshold=-1.0459456608433149 -0.84111548570800887 -0.44218038782037855 -0.52871624745723012 -0.65680071017296704 1.5996958398379599
decision_type=2 2 2 2 2 2
left_child=1 -1 -3 4 -2 -5
right_child=3 2 -4 5 -6 -7
leaf_value=0.0087623907488815368 -0.0039760508646289076 -0.00032197502891034559 -0.034864288901120845 -0.0026245998000086084 0.017450969272561744 0.017323305406699182
leaf_weight=11.314590018242599 13.800674552418057 7.1651496682607103 7.9382190435135254 126.31787264517334 27.832859077665489 9.7528478053427516
leaf_count=457 638 368 635 7367 1260 348
internal_value=0.000451814 -0.00881081 -0.0212461 0.00195223 0.0105585 -0.000851985
internal_weight=204.122 26.418 15.1034 177.704 41.6335 136.071
internal_count=11073 1460 1003 9613 1898 7715
is_linear=0
shrinkage=0.05


end of trees

feature_importances:
Column_67=184
Column_68=133
Column_22=129
Column_25=116
Column_30=98
Column_24=86
Column_29=77
Column_28=76
Column_31=58
Column_26=56
Column_58=55
Column_66=55
Column_32=51
Column_23=42
Column_12=41
Column_13=41
Column_63=34
Column_19=33
Column_20=33
Column_27=33
Column_42=27
Column_18=26
Column_10=24
Column_0=23
Column_15=22
Column_35=22
Column_3=21
Column_8=21
Column_33=21
Column_41=21
Column_56=18
Column_14=12
Column_2=11
Column_5=11
Column_34=11
Column_4=10
Column_17=10
Column_21=10
Column_1=9
Column_6=8
Column_57=7
Column_61=7
Column_11=5
Column_52=5
Column_16=2
Column_64=2
Column_40=1
Column_51=1
Column_60=1

parameters:
[boosting: gbdt]
[objective: binary]
[metric: binary_logloss]
[tree_learner: serial]
[device_type: cpu]
[data_sample_strategy: bagging]
[data: ]
[valid: ]
[num_iterations: 300]
[learning_rate: 0.05]
[num_leaves: 7]
[num_threads: 4]
[seed: 4]
[deterministic: 0]
[force_col_wise: 0]
[force_row_wise: 0]
[histogram_pool_size: -1]
[max_depth: -1]
[min_data_in_leaf: 30]
[min_sum_hessian_in_leaf: 0.001]
[bagging_fraction: 0.8]
[pos_bagging_fraction: 1]
[neg_bagging_fraction: 1]
[bagging_freq: 1]
[bagging_seed: 17945]
[bagging_by_query: 0]
[feature_fraction: 0.7]
[feature_fraction_bynode: 1]
[feature_fraction_seed: 386]
[extra_trees: 0]
[extra_seed: 27504]
[early_stopping_round: 0]
[early_stopping_min_delta: 0]
[first_metric_only: 0]
[max_delta_step: 0]
[lambda_l1: 0]
[lambda_l2: 3]
[linear_lambda: 0]
[min_gain_to_split: 0]
[drop_rate: 0.1]
[max_drop: 50]
[skip_drop: 0.5]
[xgboost_dart_mode: 0]
[uniform_drop: 0]
[drop_seed: 27159]
[top_rate: 0.2]
[other_rate: 0.1]
[min_data_per_group: 100]
[max_cat_threshold: 32]
[cat_l2: 10]
[cat_smooth: 10]
[max_cat_to_onehot: 4]
[top_k: 20]
[monotone_constraints: ]
[monotone_constraints_method: basic]
[monotone_penalty: 0]
[feature_contri: ]
[forcedsplits_filename: ]
[refit_decay_rate: 0.9]
[cegb_tradeoff: 1]
[cegb_penalty_split: 0]
[cegb_penalty_feature_lazy: ]
[cegb_penalty_feature_coupled: ]
[path_smooth: 0]
[interaction_constraints: ]
[verbosity: -1]
[saved_feature_importance_type: 0]
[use_quantized_grad: 0]
[num_grad_quant_bins: 4]
[quant_train_renew_leaf: 0]
[stochastic_rounding: 1]
[linear_tree: 0]
[max_bin: 255]
[max_bin_by_feature: ]
[min_data_in_bin: 3]
[bin_construct_sample_cnt: 200000]
[data_random_seed: 51]
[is_enable_sparse: 1]
[enable_bundle: 1]
[use_missing: 1]
[zero_as_missing: 0]
[feature_pre_filter: 1]
[pre_partition: 0]
[two_round: 0]
[header: 0]
[label_column: ]
[weight_column: ]
[group_column: ]
[ignore_column: ]
[categorical_feature: ]
[forcedbins_filename: ]
[precise_float_parser: 0]
[parser_config_file: ]
[objective_seed: 17345]
[num_class: 1]
[is_unbalance: 0]
[scale_pos_weight: 1]
[sigmoid: 1]
[boost_from_average: 1]
[reg_sqrt: 0]
[alpha: 0.9]
[fair_c: 1]
[poisson_max_delta_step: 0.7]
[tweedie_variance_power: 1.5]
[lambdarank_truncation_level: 30]
[lambdarank_norm: 1]
[label_gain: ]
[lambdarank_position_bias_regularization: 0]
[eval_at: ]
[multi_error_top_k: 1]
[auc_mu_weights: ]
[num_machines: 1]
[local_listen_port: 12400]
[time_out: 120]
[machine_list_filename: ]
[machines: ]
[gpu_platform_id: -1]
[gpu_device_id: -1]
[gpu_device_id_list: ]
[gpu_use_dp: 0]
[num_gpu: 1]

end of parameters

pandas_categorical:null
