tree
version=v4
num_class=1
num_tree_per_iteration=1
label_index=0
max_feature_idx=68
objective=binary sigmoid:1
feature_names=Column_0 Column_1 Column_2 Column_3 Column_4 Column_5 Column_6 Column_7 Column_8 Column_9 Column_10 Column_11 Column_12 Column_13 Column_14 Column_15 Column_16 Column_17 Column_18 Column_19 Column_20 Column_21 Column_22 Column_23 Column_24 Column_25 Column_26 Column_27 Column_28 Column_29 Column_30 Column_31 Column_32 Column_33 Column_34 Column_35 Column_36 Column_37 Column_38 Column_39 Column_40 Column_41 Column_42 Column_43 Column_44 Column_45 Column_46 Column_47 Column_48 Column_49 Column_50 Column_51 Column_52 Column_53 Column_54 Column_55 Column_56 Column_57 Column_58 Column_59 Column_60 Column_61 Column_62 Column_63 Column_64 Column_65 Column_66 Column_67 Column_68
feature_infos=[-1.8815920717489296:3.6703971821285393] [-2.0803878152855169:3.0183732899940279] [-1.4076119066311088:7.3754550851567995] [-1.157468511143747:6.5596191813829723] [-0.71894991903232808:10.190943472280141] [-0.80391296288844194:10.2701989560392] [-0.25784735658623387:17.762047668785971] [-0.18423427030861689:18.704733377049319] [-2.3805871612963836:1.5149595058438643] none [-2.179150574281568:14.316113284933973] [-2.1791522593826742:14.315704558943487] [-1.5747916106413851:1.5744050465734765] [-1.1208883927093243:2.9330728054731861] [-0.82449493011797303:5.4095939480658943] [-0.82325510766961252:4.6746123500939696] [-0.18280521811990849:18.602845872749633] [-2.9196467038630214:0.84609784317027681] [-2.1804889250901254:3.075207734185649] [-1.4131341598141485:4.1798334891957678] [-0.85795997101804622:6.6111497848843452] [-1.6504153123721172:4.3124845489112289] [-2.8311154935626659:2.0995223404635608] [-2.666057210752915:9.7148112883580566] [-2.3771105944179651:3.2916231167938066] [-1.5873232927114951:4.3099845784333164] [-0.97424064294290902:6.0698471990368228] [-1.8563808370081984:4.3667486789167276] [-3.2749051536296321:2.5061731833568448] [-3.013176066203878:7.5101113828412398] [-2.1804946133672458:8.4681962944189344] [-0.38476892817278563:23.103975915290718] [-3.5111602719150805:5.6243446288455949] [-0.9840688022502333:2.4611783441512354] [-2.279882828458101:0.43861664754269025] [-0.21378011142457479:4.6776578535969628] [-0.090937612971472195:10.996306071386092] [-0.21212666027028065:4.7141181889180466] none none [-0.24746809811406859:4.0408902437225169] [-2.3294959506193949:0.42927504647506515] [-0.29797961287649777:3.3559097636960167] none none none none none none none [-0.16548776822560729:6.0426676512093174] [-0.28073778417416895:3.5620154139564564] [-0.068620634073728939:14.572449403482262] none [-0.07637847045409149:13.092349935413461] [-0.13997260981870477:7.1441507956552943] [-2.5929692165693647:0.38565596396919677] [-0.19713450154133769:7.2981357827604256] [-0.24324672161699681:9.6546697716022436] none [-0.11688777962906391:17.769787179277433] [-0.45494070110904983:2.1980770054951084] none [-1.0602179945217445:0.94319847270859525] [-0.65358400186161247:1.5300185285310013] none [-0.48831760201239605:2.3664220036716115] [-2.5529404961520918:2.6293812030886383] [-1.5972962368388661:5.652654682215454]
tree_sizes=904 910 896 906 914 910 897 902 895 904 905 905 901 906 901 903 899 899 912 908 902 901 907 903 897 899 900 901 905 907 905 901 905 898 906 904 905 896 899 898 901 905 903 904 904 911 904 909 903 906 900 903 900 908 909 902 903 905 900 900 911 897 909 907 903 906 897 908 905 906 905 908 907 904 906 909 908 910 909 902 912 911 906 907 906 899 913 906 904 906 905 894 912 901 907 908 910 901 911 898 908 908 909 899 912 907 905 902 909 900 896 908 908 903 903 906 913 909 908 908 904 910 909 905 907 904 905 898 919 898 911 901 903 901 904 908 908 913 907 914 905 901 915 911 905 902 898 910 903 905 908 909 903 911 904 901 910 905 910 898 910 904 906 899 897 902 907 905 908 913 899 907 904 902 906 913 910 905 899 908 914 912 910 902 905 910 911 897 907 898 905 898 891 897 907 899 897 901 904 912 915 911 901 896 906 903 906 908 908 900 891 902 902 896 893 903 904 908 899 904 912 901 899 895 907 912 908 902 904 907 898 910 905 896 902 906 902 903 905 898 892 910 898 891 909 904 905 895 905 901 901 910 903 904 903 899 911 904 908 911 901 911 902 895 904 907 902 902 904 904 908 904 908 903 903 897 892 899 908 892 897 907 908 898 894 900 908 898 902 893 899 898 909 905 900 896 899 894 901 907

Tree=0
num_leaves=7
num_cat=0
split_feature=66 24 67 26 67 19
split_gain=169.528 108.228 50.9516 44.5095 35.1762 25.2098
threshold=-0.39746123195209387 0.042499482765256356 0.72162689795309054 0.35412993477870947 0.057818666575625753 -0.82287528974539825
decision_type=2 2 2 2 2 2
left_child=1 4 -2 5 -1 -3
right_child=2 3 -4 -5 -6 -7
leaf_value=-0.025700311877146921 0.062030685212508763 -0.047400161506610396 -0.042751670465291457 -0.034401569520150839 -0.076122761200696193 0.033857413999455951
leaf_weight=75.000273056328297 100.48337052413262 7.9357067984528831 10.947750080376862 38.592088273726404 69.593660272657871 96.925185118801892
leaf_count=2215 2268 297 353 1115 2575 1953
internal_value=-0.000680251 -0.0209473 0.0508852 0.00979168 -0.0510228 0.0265606
internal_weight=399.478 288.047 111.431 143.453 144.594 104.861
internal_count=10776 8155 2621 3365 4790 2250
is_linear=0
shrinkage=1


Tree=1
num_leaves=7
num_cat=0
split_feature=12 61 24 61 25 67
split_gain=157.037 77.6428 42.3423 35.0896 29.5431 25.8268
threshold=0.55167639956314563 1.0000000180025095e-35 -0.022766812316483049 1.0000000180025095e-35 -0.76812394654980853 -0.069075637068968049
decision_type=2 2 2 2 2 2
left_child=1 2 -1 5 -4 -2
right_child=3 -3 4 -5 -6 -7
leaf_value=-0.060943535676420628 0.035899560760887454 0.035093604915761335 -0.066856159309231722 0.071894138750033046 0.0015793703230589256 -0.013303638826052153
leaf_weight=103.39115988928825 85.586201643105596 39.854371164226905 17.217777246143669 47.129419164266437 71.089720241259784 36.289835968986154
leaf_count=3666 1731 902 652 1042 1748 984
internal_value=0.000116247 -0.0264955 -0.0396434 0.036403 -0.0135221 0.0212812
internal_weight=400.558 231.553 191.699 169.005 88.3075 121.876
internal_count=10725 6968 6066 3757 2400 2715
is_linear=0
shrinkage=0.05


Tree=2
num_leaves=7
num_cat=0
split_feature=68 66 12 67 32 58
split_gain=165.86 133.962 63.7779 31.6692 30.5469 16.6904
threshold=0.32459060404321094 -0.48577020367265994 0.710074501070315 0.72162689795309054 -0.49868549635749565 0.87254540466360841
decision_type=2 2 2 2 2 2
left_child=1 2 4 -3 -1 -2
right_child=5 3 -4 -5 -6 -7
leaf_value=-0.060533158375843554 -0.067859344781728462 0.069383220897375239 0.03077580582522392 -0.036751241723337207 -0.01011625552355129 0.020053666930224059
leaf_weight=40.529110045637935 76.536108453758061 97.025782661046833 74.485613685566932 5.7457976453006259 102.19642854621634 4.506969152018427
leaf_count=1457 2762 2096 1475 188 2725 87
internal_value=0.000142317 0.0164226 -0.00596912 0.0625753 -0.0253844 -0.062429
internal_weight=401.026 319.983 217.211 102.772 142.726 81.0431
internal_count=10790 7941 5657 2284 4182 2849
is_linear=0
shrinkage=0.05


Tree=3
num_leaves=7
num_cat=0
split_feature=66 24 25 26 21 13
split_gain=135.113 86.4001 44.1002 36.3082 34.6968 29.3519
threshold=0.21984337827160724 -0.067124107176271083 -0.79111853737022975 -0.091055986463990088 0.57856824097967607 -0.71317560751139097
decision_type=2 2 2 2 2 2
left_child=1 5 -3 -2 -4 -1
right_child=3 2 4 -5 -6 -7
leaf_value=-0.013554067295821407 0.06267168179134594 -0.062762504018754314 0.032448863182498698 -0.019179603998247988 -0.019290565855727252 -0.062559938425612457
leaf_weight=48.770802265964448 81.712966599036008 16.836435528937727 101.89130532625131 14.691420792602001 44.527492380235344 88.998866870068014
leaf_count=1346 1830 643 2102 387 1188 3259
internal_value=-0.000613271 -0.0171544 0.00746916 0.0499957 0.016643 -0.0458703
internal_weight=397.429 301.025 163.255 96.4044 146.419 137.77
internal_count=10755 8538 3933 2217 3290 4605
is_linear=0
shrinkage=0.05


Tree=4
num_leaves=7
num_cat=0
split_feature=68 61 24 26 13 42
split_gain=146.511 98.0087 78.7934 29.4868 24.4897 21.638
threshold=0.32459060404321094 1.0000000180025095e-35 -0.099877790844476941 -0.32402625382673195 -0.71317560751139097 1.0000000180025095e-35
decision_type=2 2 2 2 2 2
left_child=1 2 4 -4 -1 -5
right_child=-2 -3 3 5 -6 -7
leaf_value=-0.0038267451961019796 -0.059753028246343855 0.063260879341391962 0.043011127331709711 -0.015825219117627808 -0.055326817541154316 0.048941798187665558
leaf_weight=37.984387750271708 80.205170586239547 75.492274188669398 75.575082848314196 55.732683652546257 57.776864899322391 13.527110804105176
leaf_count=991 2855 1644 1479 1505 2083 200
internal_value=-0.000667895 0.0147454 -0.00106905 0.0220449 -0.0356357 -0.00166885
internal_weight=396.294 316.088 240.596 144.835 95.7613 69.2598
internal_count=10757 7902 6258 3184 3074 1705
is_linear=0
shrinkage=0.05


Tree=5
num_leaves=7
num_cat=0
split_feature=68 61 24 19 13 29
split_gain=130.145 90.5473 58.5712 23.9088 22.4373 20.7095
threshold=0.32459060404321094 1.0000000180025095e-35 -0.067124107176271083 -0.78904140709130821 -0.71317560751139097 0.22698045185127438
decision_type=2 2 2 2 2 2
left_child=1 2 4 -4 -1 -5
right_child=-2 -3 3 5 -6 -7
leaf_value=-0.00086141607839334124 -0.05671186326260938 0.060524737254808017 -0.044534219161819787 0.041623366572655196 -0.048240569249825636 0.00068159182530176654
leaf_weight=41.151795789599419 79.847090893425047 74.809823417803273 10.59590297564864 76.959901871159673 61.058485161978751 50.492776923114434
leaf_count=1041 2849 1670 381 1476 2156 1218
internal_value=-0.000899856 0.0136459 -0.0015172 0.0195619 -0.0297333 0.0257922
internal_weight=394.916 315.069 240.259 138.049 102.21 127.453
internal_count=10791 7942 6272 3075 3197 2694
is_linear=0
shrinkage=0.05


Tree=6
num_leaves=7
num_cat=0
split_feature=68 66 24 67 25 58
split_gain=117.673 89.8551 59.5189 28.1114 26.2421 18.8788
threshold=0.32459060404321094 -0.48577020367265994 0.042499482765256356 0.72162689795309054 -0.77750726712184293 0.87254540466360841
decision_type=2 2 2 2 2 2
left_child=1 2 -1 -3 -4 -2
right_child=5 3 4 -5 -6 -7
leaf_value=-0.03139381041717032 -0.058719422104489327 0.059797286228641777 -0.048781780753601407 -0.041881425760724254 0.02753270588833755 0.031175449365536304
leaf_weight=101.1207168600522 75.197043896187097 92.628131861798465 9.785823446698485 5.2526028528809539 108.37498947326094 4.4903946015983811
leaf_count=3207 2768 2050 363 182 2113 79
internal_value=0.000471419 0.0142011 -0.00371604 0.0532577 0.0201611 -0.0527065
internal_weight=396.85 317.162 219.282 97.8807 118.161 79.6874
internal_count=10762 7915 5683 2232 2476 2847
is_linear=0
shrinkage=0.05


Tree=7
num_leaves=7
num_cat=0
split_feature=12 66 32 63 67 58
split_gain=97.8658 53.9494 29.715 23.3229 22.7336 21.0952
threshold=0.65632578957097876 0.72593161556726826 -0.5267085175254731 1.0000000180025095e-35 -0.069075637068968049 0.66646583431653716
decision_type=2 2 2 2 2 2
left_child=1 2 -1 -2 -5 -4
right_child=3 -3 5 4 -6 -7
leaf_value=-0.06026049500607833 0.047316690513606076 0.028728301181236034 -0.024430018792596132 0.023232592930255667 -0.042458963480717614 0.03746875373587813
leaf_weight=59.523872684221715 85.351762062404305 43.199263839749619 124.31044482043944 51.381485520396382 14.445840016938744 12.745756016112862
leaf_count=2329 1907 1004 3759 1068 478 215
internal_value=-0.000653653 -0.020433 -0.0315059 0.0305048 0.00759423 -0.0179944
internal_weight=390.958 239.779 196.58 151.179 65.8273 137.056
internal_count=10760 7307 6303 3453 1546 3974
is_linear=0
shrinkage=0.05


Tree=8
num_leaves=7
num_cat=0
split_feature=68 66 12 67 30 58
split_gain=101.644 79.5696 46.9069 23.3565 18.6831 17.8091
threshold=0.27108813567574558 -0.48577020367265994 0.31525801651248836 0.72162689795309054 0.83458861916875493 0.87254540466360841
decision_type=2 2 2 2 2 2
left_child=1 2 -1 -3 -4 -2
right_child=5 3 4 -5 -6 -7
leaf_value=-0.027643002861565565 -0.05609039834811206 0.055895388891083232 0.02955701470981047 -0.03667997433176217 -0.021592960643894522 0.029503726649832498
leaf_weight=109.37675778754056 76.467415853403509 87.540984005434439 80.826240282040089 5.3532373476773492 20.333388295490295 4.7645171117037526
leaf_count=3400 2868 2002 1614 179 563 87
internal_value=-0.00156441 0.0118194 -0.00530408 0.0495799 0.0189499 -0.050198
internal_weight=384.663 303.431 210.536 92.8942 101.16 81.2319
internal_count=10713 7758 5577 2181 2177 2955
is_linear=0
shrinkage=0.05


Tree=9
num_leaves=7
num_cat=0
split_feature=26 66 18 42 13 25
split_gain=89.9038 60.6469 39.3718 34.2793 17.7251 14.929
threshold=0.015934099836065613 0.21984337827160724 -0.27610632553355147 1.0000000180025095e-35 -0.97264416219841332 -0.77750726712184293
decision_type=2 2 2 2 2 2
left_child=1 2 4 -2 -1 -4
right_child=3 -3 5 -5 -6 -7
leaf_value=0.0021463453577092906 -0.044432204495676073 0.052155790184362172 -0.03361807395661686 0.035336355095522298 -0.046900395422483893 0.024203759326198587
leaf_weight=30.592691298574209 104.99132200400345 81.129606989910826 9.7719443449750525 13.123562993481753 42.357635656371713 109.67218883987516
leaf_count=785 3542 1872 372 233 1566 2380
internal_value=0.00101823 0.0167449 0.00124125 -0.0349135 -0.0270597 0.0187655
internal_weight=391.639 273.524 192.394 118.115 72.9503 119.444
internal_count=10750 6975 5103 3775 2351 2752
is_linear=0
shrinkage=0.05


Tree=10
num_leaves=7
num_cat=0
split_feature=12 66 67 26 67 41
split_gain=86.9915 34.7248 20.5933 18.2829 19.4228 17.9345
threshold=-0.13579129720890618 0.21984337827160724 0.090974360140765695 0.70829251228664714 1.0068352986207616 1.0000000180025095e-35
decision_type=2 2 2 2 2 2
left_child=3 2 -2 4 -1 -4
right_child=1 -3 5 -5 -6 -7
leaf_value=-0.0056652298380354925 0.016683821933627295 0.048490659072014948 0.026240055068286736 -0.056847781064018055 -0.057434902670243732 -0.03854545453001141
leaf_weight=79.057602436281741 129.33655491750687 65.547617302276194 12.461427452042697 43.026507340371609 20.823048260062933 34.861560349352658
leaf_count=2376 2941 1558 244 1599 802 1194
internal_value=7.33337e-05 0.0182626 0.00642436 -0.0304965 -0.0178182 -0.0209384
internal_weight=385.114 242.207 176.66 142.907 99.8807 47.323
internal_count=10714 5937 4379 4777 3178 1438
is_linear=0
shrinkage=0.05


Tree=11
num_leaves=7
num_cat=0
split_feature=68 66 18 13 42 19
split_gain=90.8792 69.9155 42.0695 24.4228 19.4033 15.4635
threshold=0.32459060404321094 -0.48746848826408135 0.31307488683157342 -0.69533321976261031 1.0000000180025095e-35 -0.78904140709130821
decision_type=2 2 2 2 2 2
left_child=1 2 3 -1 -5 -4
right_child=-2 -3 5 4 -6 -7
leaf_value=0.0054365397071072389 -0.04769348037977747 0.046880875147246842 -0.040965893807476506 -0.048762304869933014 0.030268178010028891 0.026972879106586991
leaf_weight=45.243947139475495 75.890934344846755 96.816052289446816 6.5851035499945274 66.547388555016369 6.7206113766878834 86.058868396095932
leaf_count=1099 2807 2271 255 2438 124 1699
internal_value=0.000236794 0.012394 -0.00385361 -0.0233293 -0.0406077 0.0210103
internal_weight=383.863 307.972 211.156 118.512 73.268 92.644
internal_count=10693 7886 5615 3661 2562 1954
is_linear=0
shrinkage=0.05


Tree=12
num_leaves=7
num_cat=0
split_feature=26 66 17 42 22 67
split_gain=73.8875 43.3611 32.1376 24.7942 11.6475 11.0231
threshold=0.099781016824836116 0.21984337827160724 0.19567954124275586 1.0000000180025095e-35 -1.835464010520117 0.68985992453727529
decision_type=2 2 2 2 2 2
left_child=1 2 -1 -2 -4 -3
right_child=3 5 4 -5 -6 -7
leaf_value=-0.02399431164254346 -0.042478085313483217 0.049576962079358917 -0.045293433909444542 0.029427196288305143 0.020266376806581415 -0.019722792703744454
leaf_weight=74.125298738479614 95.920947555918247 73.599007523851469 4.3905349490232757 11.503358785063027 119.56750837247819 4.6459525171667329
leaf_count=2464 3344 1792 184 215 2620 140
internal_value=0.000440218 0.0141247 0.00148539 -0.0341879 0.0169289 0.0448858
internal_weight=383.753 276.328 198.083 107.424 123.958 78.245
internal_count=10759 7200 5268 3559 2804 1932
is_linear=0
shrinkage=0.05


Tree=13
num_leaves=7
num_cat=0
split_feature=26 24 24 63 26 67
split_gain=66.5479 37.686 27.6059 22.5195 21.73 18.2762
threshold=-0.32402625382673195 -0.39874310070412228 -0.44483611579755428 1.0000000180025095e-35 -0.82921334303700178 -1.4185991601795025
decision_type=2 2 2 2 2 2
left_child=1 4 -2 -4 -1 -3
right_child=2 5 3 -5 -6 -7
leaf_value=0.014207733904589633 -0.057302089316062649 -0.044965942566695866 0.0097996279842880417 -0.032536454672733028 -0.039779138643076958 0.035861244271828421
leaf_weight=36.415707063861191 42.580539160873741 4.8739952351897946 61.514110373100266 59.00039593805559 32.875494712498039 139.91679950221442
leaf_count=895 1779 210 1549 1921 1205 3154
internal_value=-0.000244346 0.0179841 -0.024064 -0.0112137 -0.0119944 0.0322829
internal_weight=377.177 214.082 163.095 120.515 69.2912 144.791
internal_count=10713 5464 5249 3470 2100 3364
is_linear=0
shrinkage=0.05


Tree=14
num_leaves=7
num_cat=0
split_feature=68 66 24 67 25 27
split_gain=76.2409 56.464 39.4472 19.9279 16.8696 17.3991
threshold=0.32459060404321094 -0.48407189053384242 -0.17377447264350085 0.72162689795309054 -0.79111853737022975 0.14332160883443681
decision_type=2 2 2 2 2 2
left_child=1 2 -1 -3 -4 -6
right_child=-2 3 4 -5 5 -7
leaf_value=-0.029918506441628204 -0.043709426827424097 0.049660647863403344 -0.039919630539966312 -0.034986569635710493 0.036152938744463625 -0.0015057378605831673
leaf_weight=79.179940145928413 74.73775219079107 86.730948327109218 10.392660403624175 5.4567912220954886 66.449701831210405 54.517555226571858
leaf_count=2713 2810 2054 401 183 1213 1333
internal_value=0.000507861 0.0117461 -0.0026652 0.0437054 0.0140635 0.0195552
internal_weight=377.465 302.728 210.54 92.1877 131.36 120.967
internal_count=10707 7897 5660 2237 2947 2546
is_linear=0
shrinkage=0.05


Tree=15
num_leaves=7
num_cat=0
split_feature=12 24 66 29 30 28
split_gain=61.8393 26.4006 16.3462 15.926 12.7143 13.0854
threshold=-0.13579129720890618 0.042499482765256356 2.0080808146681268 -0.15509545471624039 0.86527648922001188 -0.97663136174995591
decision_type=2 2 2 2 2 2
left_child=2 3 -1 -2 5 -3
right_child=1 4 -4 -5 -6 -7
leaf_value=-0.033083559144903012 0.014766330772960688 -0.010665511027534502 0.017842077182908526 -0.026273265096459421 -0.0056374884378566853 0.039752586371528793
leaf_weight=121.61639188206755 43.435161595698446 13.27762607228942 16.118085386231542 45.447875510435551 22.967643091455102 109.13038049917668
leaf_count=4327 1138 385 410 1506 618 2304
internal_value=-0.000617033 0.0149637 -0.0268708 -0.00639081 0.0278851 0.0341594
internal_weight=371.993 234.259 137.734 88.883 145.376 122.408
internal_count=10688 5951 4737 2644 3307 2689
is_linear=0
shrinkage=0.05


Tree=16
num_leaves=7
num_cat=0
split_feature=68 66 24 67 25 28
split_gain=71.8244 50.5332 39.354 21.312 18.07 13.4107
threshold=0.32459060404321094 -0.48746848826408135 0.042499482765256356 0.72162689795309054 -0.88668383860314315 0.49934759867239747
decision_type=2 2 2 2 2 2
left_child=1 2 5 -3 -4 -1
right_child=-2 3 4 -5 -6 -7
leaf_value=-0.012418232763275434 -0.043093421862985565 0.047216143921496097 -0.049678626646273545 -0.040064565068406943 0.022250581281126038 -0.052496619781782217
leaf_weight=66.039033551234752 74.070019606966525 87.17113491834607 6.6719539500772944 5.3450476229190818 107.33766952063888 29.503234779462218
leaf_count=2066 2848 2111 286 192 2172 1154
internal_value=3.4069e-05 0.0109291 -0.00277139 0.0410736 0.0168754 -0.0260158
internal_weight=376.138 302.068 209.552 92.5162 114.01 95.5423
internal_count=10829 7981 5678 2303 2458 3220
is_linear=0
shrinkage=0.05


Tree=17
num_leaves=7
num_cat=0
split_feature=67 34 22 24 63 8
split_gain=59.9625 35.2476 30.297 27.6005 22.3517 9.52117
threshold=0.19912094176946907 1.0000000180025095e-35 1.021269698338352 0.50114748302200807 1.0000000180025095e-35 -1.5604720734773838
decision_type=2 2 2 2 2 2
left_child=1 5 4 -2 -3 -1
right_child=3 2 -4 -5 -6 -7
leaf_value=0.014709325738000149 -0.043453561959837392 0.041705099996114547 -0.032317794523785442 0.028386509802895948 0.0095628132154475347 -0.042366391521683554
leaf_weight=7.7322339233942321 81.665888144634664 106.6258589978097 22.545648295199499 13.727673331275581 111.35663636610843 30.081643341574818
leaf_count=178 3158 2569 717 276 2746 1132
internal_value=0.0010407 0.0127825 0.0198743 -0.0325651 0.0256379 -0.0304721
internal_weight=373.736 278.342 240.528 95.3936 217.982 37.8139
internal_count=10776 7342 6032 3434 5315 1310
is_linear=0
shrinkage=0.05


Tree=18
num_leaves=7
num_cat=0
split_feature=68 61 12 32 58 64
split_gain=59.2479 36.1693 26.5287 18.7826 11.4162 11.1755
threshold=0.32459060404321094 1.0000000180025095e-35 0.92462631971352938 -0.47066247518951809 0.7430163204750948 1.0000000180025095e-35
decision_type=2 2 2 2 2 2
left_child=1 2 3 -1 -5 -2
right_child=5 -3 -4 4 -6 -7
leaf_value=-0.036723029724645417 -0.050693351304954629 0.042640864315292959 0.027678863612986118 -0.0047135599598912871 0.042044641398720065 -0.0073399528326925385
leaf_weight=43.214861860964447 52.272314907982945 64.598704746807925 63.744130606995896 110.62902492797002 11.749160707462577 21.893355233129114
leaf_count=1680 2065 1656 1276 3065 183 815
internal_value=0.000357288 0.010498 0.00101051 -0.00956519 0.000674168 -0.0386785
internal_weight=368.102 293.936 229.337 165.593 122.378 74.1657
internal_count=10740 7860 6204 4928 3248 2880
is_linear=0
shrinkage=0.05


Tree=19
num_leaves=7
num_cat=0
split_feature=26 15 42 63 24 67
split_gain=47.0801 29.4762 28.8455 17.6145 14.8664 14.7325
threshold=-0.31106134493779719 0.53579164137585711 1.0000000180025095e-35 1.0000000180025095e-35 -0.44483611579755428 -0.11941674248200798
decision_type=2 2 2 2 2 2
left_child=1 3 4 -1 -2 -5
right_child=2 -3 -4 5 -6 -7
leaf_value=0.039691798565361092 -0.052102317836847427 -0.024645359330272044 0.035873736785096713 0.017775035808730601 -0.015707084072218113 -0.03300397047272443
leaf_weight=93.274316980154254 38.736195482313633 33.302810582215898 18.455295010353439 70.766550651751459 99.402082972344942 14.829363021068273
leaf_count=2264 1737 1208 335 1587 3074 508
internal_value=0.00171091 0.0169602 -0.0188811 0.0249852 -0.0268034 0.00815798
internal_weight=368.767 212.173 156.594 178.87 138.138 85.5959
internal_count=10713 5567 5146 4359 4811 2095
is_linear=0
shrinkage=0.05


Tree=20
num_leaves=7
num_cat=0
split_feature=68 66 24 28 25 67
split_gain=51.1052 38.8083 23.2574 18.3566 15.4164 13.135
threshold=0.32459060404321094 0.21984337827160724 0.26841632836092377 0.49934759867239747 -0.81128994889063499 1.5345489553643528
decision_type=2 2 2 2 2 2
left_child=1 2 3 5 -4 -1
right_child=-2 -3 4 -5 -6 -7
leaf_value=0.0051526064399924831 -0.036595781708889642 0.040985455568086915 -0.042490606620685677 -0.043980625596693489 0.022373550403081324 -0.050396493979405571
leaf_weight=75.947815112769604 72.318710100371391 70.669212268316187 7.351509769447147 35.845934232696891 93.699684313731268 9.307155027985571
leaf_count=2076 2851 1866 305 1355 1936 393
internal_value=0.000175948 0.00953657 -0.000880496 -0.0154867 0.0165656 -0.00241857
internal_weight=365.14 292.821 222.152 121.101 101.051 85.255
internal_count=10782 7931 6065 3824 2241 2469
is_linear=0
shrinkage=0.05


Tree=21
num_leaves=7
num_cat=0
split_feature=24 25 27 13 42 22
split_gain=44.3112 37.8535 26.3841 24.9068 14.2247 11.071
threshold=-0.38987164173216454 -1.0177366400227323 0.73143764427520253 -0.80630962009984375 1.0000000180025095e-35 -1.9325716251249914
decision_type=2 2 2 2 2 2
left_child=3 -2 5 -1 -4 -3
right_child=1 2 4 -5 -6 -7
leaf_value=0.0035049523707015372 -0.056853085840460039 -0.041235340739473964 -0.024784675963168544 -0.044278913812252428 0.037299570622796742 0.028191712281450333
leaf_weight=44.611218167003244 15.56262552551925 3.3790252832695833 44.186033464735374 65.52642644289881 8.6664853380061668 180.77859647746664
leaf_count=1237 686 147 1446 2833 131 4255
internal_value=0.000713442 0.0122404 0.0174312 -0.0253444 -0.0131478 0.0262773
internal_weight=362.71 252.573 237.01 110.138 52.8525 184.158
internal_count=10735 6665 5979 4070 1577 4402
is_linear=0
shrinkage=0.05


Tree=22
num_leaves=7
num_cat=0
split_feature=68 66 32 64 23 42
split_gain=46.3207 36.334 23.8157 15.282 13.5567 17.378
threshold=0.32459060404321094 0.21984337827160724 -0.47066247518951809 1.0000000180025095e-35 0.53620593503230629 1.0000000180025095e-35
decision_type=2 2 2 2 2 2
left_child=1 2 -1 -2 -4 -6
right_child=3 -3 4 -5 5 -7
leaf_value=-0.030811204741509376 -0.050337593946234042 0.039734660639340308 0.01611706301405982 -7.3428676015635794e-06 -0.030328320771465807 0.038394480755007419
leaf_weight=49.71632802253589 49.268967363983393 67.935900665004738 123.57454391056672 21.200250362511724 36.56631452194415 9.2146639819256944
leaf_count=1912 2060 1827 2860 790 1178 134
internal_value=-0.000354823 0.00863207 -0.00141958 -0.0358146 0.0075948 -0.0149854
internal_weight=357.477 287.008 219.072 70.4692 169.356 45.781
internal_count=10761 7911 6084 2850 4172 1312
is_linear=0
shrinkage=0.05


Tree=23
num_leaves=7
num_cat=0
split_feature=26 24 25 26 41 22
split_gain=46.4466 30.4915 17.6462 16.804 14.3974 12.6001
threshold=0.099781016824836116 -0.39874310070412228 -1.0612299674997925 -0.76591015802543627 1.0000000180025095e-35 -1.835464010520117
decision_type=2 2 2 2 2 2
left_child=1 3 -3 -1 -2 -4
right_child=4 2 5 -5 -6 -7
leaf_value=0.0082676420563214028 0.011229483741132402 -0.04236530910411896 -0.042477376330977291 -0.035994561572188791 -0.037457984373881578 0.027810739537563002
leaf_weight=40.120261098491028 16.994396207854152 7.5008688995148978 4.0427953493781379 40.914426185656339 83.086379014188424 166.91679071797989
leaf_count=1100 431 347 169 1632 3201 4033
internal_value=-0.000669635 0.0105042 0.0219413 -0.0145675 -0.0291043 0.0254447
internal_weight=359.576 259.495 178.46 81.0347 100.081 170.96
internal_count=10913 7281 4549 2732 3632 4202
is_linear=0
shrinkage=0.05


Tree=24
num_leaves=7
num_cat=0
split_feature=68 67 22 22 42 31
split_gain=43.0348 28.4618 22.8833 20.2028 17.2408 13.9176
threshold=0.32459060404321094 0.240261776193229 1.0452222179215422 -1.366586303229665 1.0000000180025095e-35 -0.3381642757055961
decision_type=2 2 2 2 2 2
left_child=1 2 3 -1 -3 -5
right_child=-2 4 -4 5 -6 -7
leaf_value=-0.023014918897661066 -0.033882016755586705 -0.034015268070938999 -0.031463015281057057 0.03803269671055598 0.032726879538091669 0.0097627355575763963
leaf_weight=19.884797379374504 67.909444701857865 46.348285904154181 19.177032607374713 115.56203256442677 9.5008539129048568 73.002642833278514
leaf_count=651 2787 1756 638 2703 163 1890
internal_value=0.00100101 0.0096249 0.0174602 0.0223436 -0.0215718 0.0274123
internal_weight=351.385 283.476 227.627 208.449 55.8491 188.565
internal_count=10588 7801 5882 5244 1919 4593
is_linear=0
shrinkage=0.05


Tree=25
num_leaves=7
num_cat=0
split_feature=68 66 24 58 26 22
split_gain=37.1479 29.7923 20.6061 12.736 11.1312 10.5725
threshold=0.32459060404321094 -0.48746848826408135 -0.13899578203604393 1.208183752948673 -0.70132124138546603 1.2910015385850289
decision_type=2 2 2 2 2 2
left_child=1 2 4 -2 -1 -4
right_child=3 -3 5 -5 -6 -7
leaf_value=0.0017509320615153329 -0.038473905936335012 0.033113197401207217 0.013676357805921698 0.034038768845142557 -0.036500573250734344 -0.043041317531513475
leaf_weight=30.055103288032115 63.463524733204395 80.077086354605854 119.71608025953174 4.37162310630083 47.583176219835877 5.9121626298874608
leaf_count=860 2727 2224 2691 81 1934 210
internal_value=-0.000138242 0.00788294 -0.0023936 -0.0325571 -0.0221785 0.0100656
internal_weight=351.179 283.344 203.267 67.8351 77.6383 125.628
internal_count=10727 7919 5695 2808 2794 2901
is_linear=0
shrinkage=0.05


Tree=26
num_leaves=7
num_cat=0
split_feature=68 66 12 25 58 67
split_gain=39.5201 29.9307 19.3054 13.1678 13.1159 12.2946
threshold=0.32459060404321094 0.21984337827160724 0.8756243298655918 -0.75209865342169768 0.87254540466360841 1.0877282473189567
decision_type=2 2 2 2 2 2
left_child=1 2 3 -1 -2 -3
right_child=4 5 -4 -5 -6 -7
leaf_value=-0.036462861296587747 -0.040962642573391751 0.04189499969057757 0.020895440349914678 -0.0028253299772153379 0.032753480136785043 -0.030920228440927639
leaf_weight=36.27052591368556 61.544850860256702 61.675373945618048 62.804698523133993 114.54439859511331 4.4442235585302106 4.2297992501407853
leaf_count=1443 2739 1720 1301 3284 82 134
internal_value=-0.000869621 0.00742246 -0.00179577 -0.0114684 -0.0347896 0.036079
internal_weight=345.514 279.525 213.62 150.815 65.9891 65.9052
internal_count=10703 7882 6028 4727 2821 1854
is_linear=0
shrinkage=0.05


Tree=27
num_leaves=7
num_cat=0
split_feature=68 66 58 18 67 29
split_gain=34.9299 29.265 23.7395 19.6248 12.516 12.1785
threshold=0.89284056487756736 0.21984337827160724 -0.18730963634721756 0.30272498139920057 1.1115100798761517 -0.050559486679368486
decision_type=2 2 2 2 2 2
left_child=1 2 3 5 -3 -1
right_child=-2 4 -4 -5 -6 -7
leaf_value=-0.0070153430331405019 -0.045798564670153308 0.038922798176378344 0.034374595922808712 0.0064808722360153205 -0.031842032327676795 -0.03979396189027018
leaf_weight=56.560094656422734 36.531712933443487 61.559595221537165 31.522328833583742 93.6563230229076 4.6814040262252083 57.105558746494353
leaf_count=1743 1687 1764 635 2383 154 2359
internal_value=-0.00156351 0.0041277 -0.00412069 -0.0103805 0.0327587 -0.0240831
internal_weight=341.617 305.085 238.844 207.322 66.241 113.666
internal_count=10725 9038 7120 6485 1918 4102
is_linear=0
shrinkage=0.05


Tree=28
num_leaves=7
num_cat=0
split_feature=12 58 63 67 18 19
split_gain=31.6785 13.8069 13.4003 12.1663 10.4617 10.6103
threshold=0.41023991675697336 0.6841336152569335 1.0000000180025095e-35 -0.11941674248200798 0.2935054911700799 -1.1216487449515047
decision_type=2 2 2 2 2 2
left_child=1 4 -2 -4 -1 -6
right_child=2 -3 3 -5 5 -7
leaf_value=-0.0291659045860733 0.028382787190013317 0.02726871817001246 0.011150636721025856 -0.033138011692783957 -0.049582273578326445 0.0049997176852930383
leaf_weight=100.85881782998331 85.371901743579656 14.914254010305738 56.625389835098758 17.956941205076873 7.4818674148991695 56.603255136404186
leaf_count=4181 2291 380 1320 675 355 1521
internal_value=-0.000827632 -0.0151065 0.0152106 -0.000381663 -0.0193568 -0.00330499
internal_weight=339.812 179.858 159.954 74.5823 164.944 64.0851
internal_count=10723 6437 4286 1995 6057 1876
is_linear=0
shrinkage=0.05


Tree=29
num_leaves=7
num_cat=0
split_feature=12 63 68 24 58 30
split_gain=30.9587 21.8098 16.5616 18.8541 15.0665 13.0879
threshold=-0.56187285504394435 1.0000000180025095e-35 -0.14334833618986101 0.80886818036996633 -0.21086222353865744 0.7885568140918694
decision_type=2 2 2 2 2 2
left_child=-1 5 3 -3 -4 -2
right_child=1 2 4 -5 -6 -7
leaf_value=-0.024223008929915465 0.03123687476613983 -0.0095321352598604168 -0.043939587528613676 0.039134425832331399 0.033189236951813243 -0.0068650484286134628
leaf_weight=88.381392166018486 105.56464841670822 56.604567791800946 32.984841231256723 27.012594342464581 5.3816534746438256 27.235624384135008
leaf_count=3510 2876 1700 1351 463 103 763
internal_value=0.000790106 0.00964777 -0.00557362 0.00700054 -0.0314984 0.0234436
internal_weight=343.165 254.784 121.984 83.6172 38.3665 132.8
internal_count=10766 7256 3617 2163 1454 3639
is_linear=0
shrinkage=0.05


Tree=30
num_leaves=7
num_cat=0
split_feature=26 15 42 28 68 63
split_gain=28.3389 20.7407 16.7242 13.7906 13.8336 9.43405
threshold=0.11344527764553909 0.53579164137585711 1.0000000180025095e-35 -1.2030173312847305 0.89284056487756736 1.0000000180025095e-35
decision_type=2 2 2 2 2 2
left_child=1 3 -2 -1 5 -5
right_child=2 -3 -4 4 -6 -7
leaf_value=-0.016650541283017573 -0.030424270784914543 -0.022603777280578538 0.028283464230775546 0.035601129769526167 -0.027299419046230497 0.011399928986766715
leaf_weight=26.437987455166876 83.214975908631459 39.942357919644564 11.701943142339585 86.784720352385193 11.577439267188309 80.469853511080146
leaf_count=851 3354 1590 216 2321 441 1992
internal_value=0.000239002 0.00922281 -0.0225416 0.0156522 0.0206236 0.0243634
internal_weight=340.129 245.212 94.9169 205.27 178.832 167.255
internal_count=10765 7195 3570 5605 4754 4313
is_linear=0
shrinkage=0.05


Tree=31
num_leaves=7
num_cat=0
split_feature=68 29 18 28 67 58
split_gain=33.4591 23.3879 16.4622 15.0066 11.3983 10.0274
threshold=0.27108813567574558 0.13062090821494723 -0.22857016412926393 -1.1795336906797573 0.7594695220222033 -0.18730963634721756
decision_type=2 2 2 2 2 2
left_child=1 3 -3 -1 -5 -2
right_child=5 2 -4 4 -6 -7
leaf_value=-0.01557332862726927 -0.038463761420224028 -0.041166179783132063 0.001525696448304682 0.027701012587722902 -0.030968270026615619 0.018698356689271459
leaf_weight=25.598629738902673 59.026215441990644 29.551631002686918 73.060475549427792 137.79647295898758 6.3781493203714481 6.9402400674298397
leaf_count=794 2804 1330 1954 3482 263 171
internal_value=-0.000760132 0.00704621 -0.0115894 0.0183154 0.0245272 -0.031898
internal_weight=338.352 272.385 102.612 169.773 144.175 65.9665
internal_count=10798 7823 3284 4539 3745 2975
is_linear=0
shrinkage=0.05


Tree=32
num_leaves=7
num_cat=0
split_feature=12 30 22 22 28 42
split_gain=26.6015 19.1107 13.4628 10.4915 9.49873 7.73776
threshold=-0.13579129720890618 0.80390074911749798 -1.835464010520117 1.1038708574210123 0.038492633371149415 1.0000000180025095e-35
decision_type=2 2 2 2 2 2
left_child=4 2 -2 -4 -1 -3
right_child=1 5 3 -5 -6 -7
leaf_value=-0.0029381365880166124 -0.041627243481104685 -0.029470472121215941 0.023614258034509689 -0.022230425884953969 -0.031146915648095904 0.023679846040686278
leaf_weight=53.494326886720955 6.5313997883349648 33.404491741675884 156.87223311862908 11.213623059447853 66.506563018541783 6.0575910944025955
leaf_count=1837 279 1189 4002 378 2901 104
internal_value=-0.000376038 0.0101537 0.0172423 0.0202196 -0.0189503 -0.0202151
internal_weight=334.08 214.079 174.617 168.086 120.001 39.4621
internal_count=10690 5952 4659 4380 4738 1293
is_linear=0
shrinkage=0.05


Tree=33
num_leaves=7
num_cat=0
split_feature=68 66 32 40 22 22
split_gain=26.8669 24.52 19.2688 12.8854 13.8673 8.702
threshold=0.89284056487756736 0.21984337827160724 -0.44263945402154053 1.0000000180025095e-35 1.2910015385850289 -2.0387879443600934
decision_type=2 2 2 2 2 2
left_child=1 2 -1 4 5 -4
right_child=-2 -3 3 -5 -6 -7
leaf_value=-0.027959074633487808 -0.040297558501519393 0.031414991724172586 -0.041156496112997612 -0.04833477466204425 -0.04491146207783174 0.014256155817509129
leaf_weight=55.025782559532672 34.290514850988984 63.798550678184256 4.5642868536524466 7.658708741888403 8.5370560034643841 156.8047899112571
leaf_count=2361 1699 1939 209 365 339 3808
internal_value=-0.000278824 0.00470852 -0.0029237 0.00517017 0.00837874 0.0119663
internal_weight=330.68 296.389 232.591 177.565 169.906 161.369
internal_count=10720 9021 7082 4721 4356 4017
is_linear=0
shrinkage=0.05


Tree=34
num_leaves=7
num_cat=0
split_feature=26 24 68 42 13 22
split_gain=26.0968 16.3162 15.2861 13.4507 13.2802 10.5473
threshold=0.11344527764553909 -0.41286993482794604 0.89284056487756736 1.0000000180025095e-35 -0.91694055279273856 -1.8840178178225544
decision_type=2 2 2 2 2 2
left_child=1 4 5 -2 -1 -3
right_child=3 2 -4 -5 -6 -7
leaf_value=0.010247688228955255 -0.03047962675774394 -0.040815412010389407 -0.036024066599129934 0.025169053310725144 -0.030416859676485299 0.023173125067231432
leaf_weight=36.531874237116426 77.910569354193285 4.0595290069468311 10.117989564314483 10.232229273766277 38.686528200050816 150.64677128358744
leaf_count=1043 3302 179 422 197 1671 3922
internal_value=-0.000592325 0.00796943 0.0166828 -0.0234037 -0.0110315 0.0207496
internal_weight=328.185 240.043 164.824 88.1428 75.2184 154.706
internal_count=10736 7237 4523 3499 2714 4101
is_linear=0
shrinkage=0.05


Tree=35
num_leaves=7
num_cat=0
split_feature=68 24 26 58 13 26
split_gain=23.8156 16.9578 16.8697 15.2547 14.1281 6.54462
threshold=-0.2649626227347201 0.26841632836092377 -0.73348067098631742 0.63114017035223757 -0.92462212747273753 1.5945327987443692
decision_type=2 2 2 2 2 2
left_child=1 2 -1 4 -2 -3
right_child=3 5 -4 -5 -6 -7
leaf_value=0.021453020174883954 0.0045484164078767207 0.026981202767449492 -0.01910165544840162 0.029174592141027141 -0.034431013824062523 -0.026895078948149992
leaf_weight=37.591619283426553 31.261904569109902 95.119858116609976 66.873598068486899 12.875593593344091 80.933368109632283 3.6494775470346204
leaf_count=964 1107 2189 2402 251 3742 134
internal_value=-0.000803623 0.00972032 -0.00431664 -0.0177317 -0.0237343 0.0242564
internal_weight=328.305 203.235 104.465 125.071 112.195 98.7693
internal_count=10789 5689 3366 5100 4849 2323
is_linear=0
shrinkage=0.05


Tree=36
num_leaves=7
num_cat=0
split_feature=63 68 24 58 29 25
split_gain=23.6776 20.3399 19.0855 16.2522 11.5971 12.6099
threshold=1.0000000180025095e-35 -0.13455340988288064 0.80886818036996633 -0.21086222353865744 1.187290035418066 -0.72673095536358168
decision_type=2 2 2 2 2 2
left_child=4 2 -2 -3 5 -1
right_child=1 3 -4 -5 -6 -7
leaf_value=-0.012125566035986326 -0.01439032979998623 -0.046715053662195839 0.030020779274253354 0.027107868464382564 -0.02607266603494221 0.024196221641168733
leaf_weight=27.63887960545253 74.508913892554119 49.764533001929522 32.168346722377464 6.6738050337880841 14.459868306294082 120.92652462341357
leaf_count=1034 2457 2436 632 151 586 3449
internal_value=-0.000274791 -0.0136186 -0.000543391 -0.0370579 0.0130812 0.0173327
internal_weight=326.141 163.116 106.677 56.4383 163.025 148.565
internal_count=10745 5676 3089 2587 5069 4483
is_linear=0
shrinkage=0.05


Tree=37
num_leaves=7
num_cat=0
split_feature=12 30 22 22 18 67
split_gain=22.4964 13.8588 11.0571 9.97337 6.98191 7.12785
threshold=-0.13579129720890618 0.84993255419438352 -1.8840178178225544 1.2074921041118896 -0.24106345423273787 -0.2333438717322773
decision_type=2 2 2 2 2 2
left_child=-1 2 -2 4 5 -4
right_child=1 -3 3 -5 -6 -7
leaf_value=-0.016895782630729068 -0.038278549622420582 -0.017030166653974787 0.01984637099342864 -0.02902881556459358 0.027316931492538887 -0.020822121123591351
leaf_weight=115.89941646147054 6.2056661541573694 35.863021801691502 22.207961569307372 7.8120437907055011 121.51342263910919 15.852008963469414
leaf_count=4763 266 1198 549 296 2999 640
internal_value=0.000524098 0.0102657 0.0160984 0.0187528 0.0215845 0.00262416
internal_weight=325.354 209.454 173.591 167.385 159.573 38.06
internal_count=10711 5948 4750 4484 4188 1189
is_linear=0
shrinkage=0.05


Tree=38
num_leaves=7
num_cat=0
split_feature=25 29 27 42 28 25
split_gain=19.9598 18.8105 18.57 11.4718 11.359 10.9312
threshold=-0.72673095536358168 0.14162469432409153 -1.1695593654973895 1.0000000180025095e-35 -1.1486406093623935 0.8975654790070533
decision_type=2 2 2 2 2 2
left_child=2 4 -1 5 -2 -3
right_child=1 3 -4 -5 -6 -7
leaf_value=0.0040009532249952436 -0.01646515211775381 -0.026990835379098379 -0.047519612734048533 0.031004221879853019 0.024810603286453466 0.0050791951008775371
leaf_weight=32.917692058021203 17.08457564865239 58.382496406091377 33.30637079605367 14.112869535339994 123.20203850476537 45.413999530952424
leaf_count=1102 543 2544 1703 258 3230 1342
internal_value=0.00103416 0.00735143 -0.022847 -0.00728057 0.0195444 -0.0132107
internal_weight=324.42 258.196 66.2241 117.909 140.287 103.796
internal_count=10722 7917 2805 4144 3773 3886
is_linear=0
shrinkage=0.05


Tree=39
num_leaves=7
num_cat=0
split_feature=67 34 22 32 22 27
split_gain=18.9894 20.6441 17.6932 16.2494 10.6803 6.65497
threshold=0.19912094176946907 1.0000000180025095e-35 1.0826950654601419 0.2859590963458753 -1.4012305216950598 0.74762644587994243
decision_type=2 2 2 2 2 2
left_child=1 -1 4 -2 -3 -6
right_child=3 2 -4 -5 5 -7
leaf_value=-0.029061655007622523 -0.033572220338433295 -0.018655110686479365 -0.033351363888002049 0.018050069314418573 0.02317902202301006 -0.011131780210815427
leaf_weight=32.425101082772017 60.369774651248008 17.136852841358632 16.683816510485485 17.953068757429719 161.251575920498 13.713944885879753
leaf_count=1314 2971 600 644 439 4325 462
internal_value=-0.000588385 0.0063858 0.0122246 -0.0215101 0.0166348 0.0203474
internal_weight=319.534 241.211 208.786 78.3228 192.102 174.966
internal_count=10755 7345 6031 3410 5387 4787
is_linear=0
shrinkage=0.05


Tree=40
num_leaves=7
num_cat=0
split_feature=30 29 68 25 28 58
split_gain=17.7837 18.6186 11.1865 11.1578 8.12727 7.92955
threshold=-1.1601229341629502 0.25242670722867083 0.90784080030114001 0.71273588541372646 -1.1795336906797573 0.83428995741731604
decision_type=2 2 2 2 2 2
left_child=-1 2 4 5 -2 -3
right_child=1 3 -4 -5 -6 -7
leaf_value=-0.036215494792878188 -0.0098932246493898431 -0.034442768939919453 -0.030416906481476144 0.0035674827518095554 0.020905592126641309 0.018639868735399884
leaf_weight=27.621191194048151 23.09350458602421 48.231406942941248 10.854980424977837 55.314512251643464 149.74156838725321 6.2189098922535768
leaf_count=1295 719 2366 510 1639 4082 142
internal_value=6.15305e-05 0.00380801 0.0134639 -0.0122793 0.0166918 -0.0277233
internal_weight=321.076 293.455 183.69 109.765 172.835 54.4503
internal_count=10753 9458 5311 4147 4801 2508
is_linear=0
shrinkage=0.05


Tree=41
num_leaves=7
num_cat=0
split_feature=66 24 26 25 58 24
split_gain=18.2912 13.8576 11.0543 10.8562 9.05649 8.83823
threshold=0.21984337827160724 -0.45652008440736086 -0.70132124138546603 -0.75209865342169768 0.63114017035223757 0.80886818036996633
decision_type=2 2 2 2 2 2
left_child=1 2 -1 -3 5 -5
right_child=-2 3 -4 4 -6 -7
leaf_value=-0.00080587442262915535 0.023410446195414505 -0.033008263694829724 -0.039917460151879088 -0.006975434003462175 0.03789765068051601 0.018256855054394765
leaf_weight=31.276806644164026 67.474343734560534 16.745784381404519 40.1831323383376 96.334633528487757 16.869880807120353 50.379567652009428
leaf_count=1015 2212 816 2265 2977 296 1142
internal_value=0.000873013 -0.00537108 -0.0235212 0.00208852 0.00621105 0.00188119
internal_weight=319.264 251.79 71.4599 180.33 163.584 146.714
internal_count=10723 8511 3280 5231 4415 4119
is_linear=0
shrinkage=0.05


Tree=42
num_leaves=7
num_cat=0
split_feature=68 15 63 66 28 24
split_gain=17.3353 16.2703 10.0687 9.3593 7.0334 6.1756
threshold=0.32459060404321094 -0.21366244755161259 1.0000000180025095e-35 0.21984337827160724 0.60298791607504965 -0.61426169638157135
decision_type=2 2 2 2 2 2
left_child=1 3 -2 4 -1 -3
right_child=2 5 -4 -5 -6 -7
leaf_value=0.014183101065744115 3.2184882814710822e-05 -0.03043229282124893 -0.040986796300315154 0.035138876672480293 -0.01265884326459573 -0.0023540928717975039
leaf_weight=101.24845511140302 25.961167350877076 25.534690606407821 32.290716272778809 40.261000966187567 29.311152082169428 64.25325815146789
leaf_count=2437 1091 1199 1794 1309 947 2064
internal_value=0.000364971 0.00592921 -0.0235996 0.0148986 0.00800799 -0.011065
internal_weight=318.86 260.609 58.2519 170.821 130.56 89.7879
internal_count=10841 7956 2885 4693 3384 3263
is_linear=0
shrinkage=0.05


Tree=43
num_leaves=7
num_cat=0
split_feature=63 18 25 29 4 30
split_gain=19.9512 10.8535 10.266 10.1349 9.64275 8.56754
threshold=1.0000000180025095e-35 -0.26436175199327044 -0.98324475379210086 -0.067752902474906757 -0.64748773524643843 0.6504613988612129
decision_type=2 2 2 2 2 2
left_child=1 4 -3 -2 -1 -4
right_child=3 2 5 -5 -6 -7
leaf_value=0.015898604161234172 -0.0012503594060970639 -0.037868975153306228 0.033580570416160846 -0.02685591220025706 -0.025459577784919085 0.0012075434342705537
leaf_weight=23.743593226769008 87.0203632931225 4.3369614160619667 73.357153933146037 66.963997601298615 27.094427655916661 28.220777207519859
leaf_count=695 2655 214 2125 2973 1237 778
internal_value=-2.72087e-05 0.0124127 0.0213375 -0.012686 -0.00633392 0.0248792
internal_weight=310.737 156.753 105.915 153.984 50.838 101.578
internal_count=10677 5049 3117 5628 1932 2903
is_linear=0
shrinkage=0.05


Tree=44
num_leaves=7
num_cat=0
split_feature=67 68 18 66 22 67
split_gain=16.812 18.252 14.3585 13.3395 13.1641 12.1623
threshold=0.19912094176946907 0.89284056487756736 -0.51826475121722149 0.21984337827160724 1.0826950654601419 -0.35381534468624176
decision_type=2 2 2 2 2 2
left_child=1 3 -2 4 5 -1
right_child=2 -3 -4 -5 -6 -7
leaf_value=-0.0029828431220246254 -0.044945984267986808 -0.040270971879954862 -0.0014654241363660186 0.033285488243989379 -0.037203026616542706 0.024418046544363151
leaf_weight=93.45818922156468 29.108851025812328 15.723513867706059 46.977302290033549 49.570842070854269 14.241951998788862 67.704863249091431
leaf_count=2626 1755 774 1692 1674 574 1736
internal_value=0.000865369 0.00735798 -0.0191741 0.0111729 0.00446906 0.00876418
internal_weight=316.786 240.699 76.0862 224.976 175.405 161.163
internal_count=10831 7384 3447 6610 4936 4362
is_linear=0
shrinkage=0.05


Tree=45
num_leaves=7
num_cat=0
split_feature=58 12 63 28 20 24
split_gain=13.5021 13.1654 8.27653 7.77317 7.43061 10.4843
threshold=-0.22852604531245646 0.65632578957097876 1.0000000180025095e-35 0.43474462386601692 -0.8481017833063168 -0.035752571101522364
decision_type=2 2 2 2 2 2
left_child=1 4 -3 -2 -1 -6
right_child=3 2 -4 -5 5 -7
leaf_value=0.021459433969922989 0.037097628814755743 0.022326552221184008 -0.0054082450167589717 -0.0097150078185024406 -0.030457076756946894 -0.0044118825108735334
leaf_weight=11.647501364117486 30.357870930223726 53.268635638523847 49.717399325454608 10.630510169314219 68.596956968307495 86.56624438194558
leaf_count=319 737 1618 1418 343 3630 2728
internal_value=-0.000590242 -0.00472985 0.00916325 0.025122 -0.0133176 -0.0162856
internal_weight=310.785 269.797 102.986 40.9884 166.811 155.163
internal_count=10793 9713 3036 1080 6677 6358
is_linear=0
shrinkage=0.05


Tree=46
num_leaves=7
num_cat=0
split_feature=12 63 24 30 22 20
split_gain=16.9688 13.4063 12.7059 8.56875 7.88683 7.65102
threshold=-0.64134879789386068 1.0000000180025095e-35 0.80886818036996633 0.80390074911749798 -1.2908101849383147 -0.79499850241508474
decision_type=2 2 2 2 2 2
left_child=-1 3 5 4 -2 -3
right_child=1 2 -4 -5 -6 -7
leaf_value=-0.020862945172626893 -0.018337479901073865 0.012193411537240613 0.018432337233067982 -0.0068906151784373084 0.02908637467541313 -0.023864104887026796
leaf_weight=70.666951884981245 7.6948312227614215 16.790738789131865 35.659614685922861 25.813795392634347 87.394232909195125 64.417465931270272
leaf_count=3296 273 416 804 776 2653 2525
internal_value=0.000137158 0.00656071 -0.00546397 0.0180349 0.0248053 -0.01624
internal_weight=308.438 237.771 116.868 120.903 95.0891 81.2082
internal_count=10743 7447 3745 3702 2926 2941
is_linear=0
shrinkage=0.05


Tree=47
num_leaves=7
num_cat=0
split_feature=34 22 67 41 30 63
split_gain=14.905 17.7567 13.0238 12.4281 8.11561 8.27256
threshold=1.0000000180025095e-35 1.021269698338352 0.19912094176946907 1.0000000180025095e-35 0.88062042424564047 1.0000000180025095e-35
decision_type=2 2 2 2 2 2
left_child=-1 2 4 -4 5 -2
right_child=1 -3 3 -5 -6 -7
leaf_value=-0.026759027489869636 0.030237537371360319 -0.028559794570183067 0.033137612715108997 -0.023714401451801856 -0.019413627871883242 0.0080119908182184982
leaf_weight=40.922234987840056 78.891005168086849 32.239171167835593 9.4051142223179323 42.392708549275994 12.846939306939019 91.809719673357904
leaf_count=1799 2379 1454 176 2060 441 2462
internal_value=0.000260108 0.00464306 0.00949364 -0.0121425 0.0156965 0.0186286
internal_weight=308.507 267.585 235.345 51.7978 183.548 170.701
internal_count=10771 8972 7518 2236 5282 4841
is_linear=0
shrinkage=0.05


Tree=48
num_leaves=7
num_cat=0
split_feature=68 58 22 26 42 67
split_gain=15.8241 14.0073 12.2768 12.8374 9.9791 8.6129
threshold=0.89284056487756736 -0.22852604531245646 -1.2908101849383147 -0.31735551232371156 1.0000000180025095e-35 0.11909594316460188
decision_type=2 2 2 2 2 2
left_child=1 2 -1 5 -5 -4
right_child=-2 -3 3 4 -6 -7
leaf_value=-0.035552586999428391 -0.033909279124836704 0.029541424616703501 0.017542933229292876 -0.018572419973910272 0.026640699241448212 -0.019287670018398963
leaf_weight=21.202359479386359 29.563671749085188 38.988997167209163 106.856091076741 78.681783276842907 11.635241750394924 16.009766151662916
leaf_count=891 1738 991 3114 3178 227 609
internal_value=-0.000950662 0.00294299 -0.00179897 0.00200482 -0.0120786 0.0123985
internal_weight=302.938 273.374 234.385 213.183 90.317 122.866
internal_count=10748 9010 8019 7128 3405 3723
is_linear=0
shrinkage=0.05


Tree=49
num_leaves=7
num_cat=0
split_feature=68 67 24 66 67 28
split_gain=12.5759 13.0992 12.2213 10.6152 9.83032 8.7769
threshold=-0.13455340988288064 -0.61263806251673325 0.72487860684197603 -0.48746848826408135 0.19912094176946907 -0.97663136174995591
decision_type=2 2 2 2 2 2
left_child=2 -2 3 -1 -3 -4
right_child=1 4 5 -5 -6 -7
leaf_value=-0.0097393668238532315 -0.043535832863058954 0.01319295533505503 -0.020254078452479448 0.020352289733400517 -0.02339741275888128 0.031403238957709495
leaf_weight=109.7382419235073 26.629276891704649 37.552150927018374 7.5276719070971003 36.625090011861175 30.625573839992285 52.802848600782454
leaf_count=3683 1280 1282 232 1238 1832 1207
internal_value=-0.000965711 -0.0157625 0.00594974 -0.00195187 -0.0035369 0.0243036
internal_weight=301.501 94.807 206.694 146.363 68.1777 60.3305
internal_count=10754 4394 6360 4921 3114 1439
is_linear=0
shrinkage=0.05


Tree=50
num_leaves=7
num_cat=0
split_feature=15 22 68 4 29 34
split_gain=12.5184 11.0425 10.9213 9.97668 8.19994 7.72196
threshold=0.53579164137585711 0.62725983394877172 0.89284056487756736 -0.13931220610233522 1.3139099908545406 1.0000000180025095e-35
decision_type=2 2 2 2 2 2
left_child=1 2 4 -3 5 -1
right_child=-2 3 -4 -5 -6 -7
leaf_value=-0.0092669684652209299 -0.022970415502123302 0.0049958838180784067 -0.026936534789378064 -0.034449031793173497 -0.031471712063491725 0.020245384357574975
leaf_weight=24.013041262282059 44.607293067267165 33.162677986547351 15.111975546926258 26.889464961946942 6.7820371733978382 154.1959909601137
leaf_count=837 2174 1021 828 1305 313 4313
internal_value=0.00062995 0.0048923 0.010519 -0.013465 0.0139597 0.0161811
internal_weight=304.762 260.155 200.103 60.0521 184.991 178.209
internal_count=10791 8617 6291 2326 5463 5150
is_linear=0
shrinkage=0.05


Tree=51
num_leaves=7
num_cat=0
split_feature=63 29 30 25 20 32
split_gain=10.9616 8.8457 8.1274 8.30943 6.14687 5.55881
threshold=1.0000000180025095e-35 -0.067752902474906757 0.926652229322526 -0.42612373337490733 -0.83716365589594621 2.9341345967197525
decision_type=2 2 2 2 2 2
left_child=2 -2 3 4 -1 -5
right_child=1 -3 -4 5 -6 -7
leaf_value=0.024837459208074543 0.0012922798806831795 -0.022706902054283495 -0.016866733863125212 0.024945958697622797 -0.015746038266082601 -0.038423579074162453
leaf_weight=10.19350627879612 88.470592855243012 64.427840463118628 21.688574230996892 86.823817030875944 29.223302857717499 1.013928061351179
leaf_count=282 2691 2976 754 2668 1343 41
internal_value=0.000254323 -0.00906277 0.00980893 0.0146391 -0.00423644 0.0229697
internal_weight=301.842 152.898 148.943 127.255 39.4168 87.8377
internal_count=10755 5667 5088 4334 1625 2709
is_linear=0
shrinkage=0.05


Tree=52
num_leaves=7
num_cat=0
split_feature=12 22 66 2 22 24
split_gain=14.8345 12.7662 8.29714 7.84883 7.11684 5.91694
threshold=-0.64134879789386068 -1.0093745675171861 1.4111690368176293 -1.4017953059742954 1.3527902158630101 0.6543730080920156
decision_type=2 2 2 2 2 2
left_child=3 -2 4 -1 5 -3
right_child=1 2 -4 -5 -6 -7
leaf_value=0.010994379959040623 -0.024577442699158864 -0.0001628208576648871 0.030732836424884471 -0.029871509397599263 -0.034826216077012799 0.019995984048578642
leaf_weight=13.163087937282397 29.220382940489799 101.78516950132325 34.125492762599606 53.277044627582654 7.8834487486165008 53.623674747068435
leaf_count=400 1128 3273 1283 2897 403 1270
internal_value=-0.00141228 0.00472584 0.00936607 -0.02165 0.00442688 0.00703992
internal_weight=293.078 226.638 197.418 66.4401 163.292 155.409
internal_count=10654 7357 6229 3297 4946 4543
is_linear=0
shrinkage=0.05


Tree=53
num_leaves=7
num_cat=0
split_feature=63 29 68 67 24 22
split_gain=13.7747 10.9337 11.7236 10.3586 7.57929 6.89492
threshold=1.0000000180025095e-35 0.018749082771978693 -0.24385479959796649 1.8181950458640326 0.80886818036996633 -1.4012305216950598
decision_type=2 2 2 2 2 2
left_child=3 2 4 5 -2 -1
right_child=1 -3 -4 -5 -6 -7
leaf_value=-0.021772061025806685 -0.0017228170143436907 -0.027868061200693673 -0.025182182544775489 -0.043000654754823821 0.03323101590639841 0.016235648631760673
leaf_weight=10.515785723924635 39.452337548835203 57.466916399076581 28.930602925829589 5.8575655929744235 22.262870717793703 130.95852315839147
leaf_count=392 1172 2827 1255 315 413 4353
internal_value=-0.000747371 -0.0114008 -0.000402677 0.0099763 0.0118422 0.0130171
internal_weight=295.445 148.113 90.6458 147.332 61.7152 141.474
internal_count=10727 5667 2840 5060 1585 4745
is_linear=0
shrinkage=0.05


Tree=54
num_leaves=7
num_cat=0
split_feature=30 26 42 57 34 22
split_gain=11.3435 10.5108 12.9563 6.96562 6.84431 6.53956
threshold=-1.1601229341629502 -0.38526796452865436 1.0000000180025095e-35 -0.17495899487820246 1.0000000180025095e-35 -0.95625343253691419
decision_type=2 2 2 2 2 2
left_child=-1 5 3 -3 -4 -2
right_child=1 2 4 -5 -6 -7
leaf_value=-0.030287826257809732 -0.010798825182260961 -0.017642901231150542 -0.032444505132637073 0.022173094600899265 0.039975577294218106 0.017127491466712119
leaf_weight=25.712662507314235 23.366385004017502 102.62703294400126 1.6001826906576759 9.6935357623733562 15.864222772186622 114.36072773643536
leaf_count=1287 812 4527 84 237 256 3425
internal_value=-0.000410263 0.00276555 -0.00735968 -0.0137193 0.0295566 0.0122604
internal_weight=293.225 267.512 129.785 112.321 17.4644 137.727
internal_count=10628 9341 5104 4764 340 4237
is_linear=0
shrinkage=0.05


Tree=55
num_leaves=7
num_cat=0
split_feature=25 20 24 58 28 63
split_gain=11.8616 12.0812 10.0355 7.1633 6.11601 6.64105
threshold=-0.75209865342169768 -0.78187589130304613 -0.54107215986292079 0.642913742020922 -1.2030173312847305 1.0000000180025095e-35
decision_type=2 2 2 2 2 2
left_child=1 -1 -2 4 -4 -6
right_child=2 -3 3 -5 5 -7
leaf_value=0.0053728405311570873 -0.018295646084375648 -0.03895184764689192 -0.022046356208832833 0.03505117122626366 0.018437280178120626 -0.0015154781169971624
leaf_weight=26.240689290221781 36.187785979360342 32.035099864588119 15.00205458072014 21.094104008981958 82.567549817846157 80.52998625440523
leaf_count=899 1816 1885 503 497 2576 2545
internal_value=-8.71386e-05 -0.0197072 0.00495729 0.00939046 0.00582091 0.0087361
internal_weight=293.657 58.2758 235.381 199.194 178.1 163.098
internal_count=10721 2784 7937 6121 5624 5121
is_linear=0
shrinkage=0.05


Tree=56
num_leaves=7
num_cat=0
split_feature=68 66 30 30 31 33
split_gain=11.6216 9.21041 8.33801 8.3695 8.27438 10.2323
threshold=0.28638153530955118 0.21984337827160724 -1.1601229341629502 0.61977352880995584 -0.3381642757055961 -0.89233048385942804
decision_type=2 2 2 2 2 2
left_child=1 2 -1 4 -4 -6
right_child=-2 -3 3 -5 5 -7
leaf_value=-0.032179621398087319 -0.019977711315385126 0.023881788942555864 0.020012649613439005 -0.013824041060056273 0.01894093711435188 -0.023151242721072642
leaf_weight=15.012248061597345 52.724424821324646 49.517127998755313 78.351086241658777 48.05125439260155 22.585761501220986 30.362602998036891
leaf_count=722 2905 1837 2001 1631 598 1083
internal_value=0.000653788 0.00530267 0.000278276 0.00347983 0.00997981 -0.00514345
internal_weight=296.605 243.88 194.363 179.351 131.299 52.9484
internal_count=10777 7872 6035 5313 3682 1681
is_linear=0
shrinkage=0.05


Tree=57
num_leaves=7
num_cat=0
split_feature=66 22 58 68 63 22
split_gain=11.8137 11.4168 9.84492 12.6159 12.0306 7.17261
threshold=0.21984337827160724 1.3527902158630101 -0.22263826968646502 -0.22196520523392585 1.0000000180025095e-35 -1.3247277830913267
decision_type=2 2 2 2 2 2
left_child=1 2 3 5 -5 -1
right_child=-2 -3 -4 4 -6 -7
leaf_value=-0.031717660884599021 0.018019591074870802 -0.04958244460553924 0.022563366044251892 0.0050237435556063307 -0.040701194692557632 0.005266756657624239
leaf_weight=11.73117554746568 58.943743209936656 11.479517485480754 28.017967329360545 20.519268819596618 40.810919407289475 116.33800192316994
leaf_count=497 2202 713 655 917 2315 3385
internal_value=-0.00139449 -0.0065623 -0.00364693 -0.0078156 -0.0258821 0.00123054
internal_weight=287.841 228.897 217.417 189.399 61.3302 128.069
internal_count=10684 8482 7769 7114 3232 3882
is_linear=0
shrinkage=0.05


Tree=58
num_leaves=7
num_cat=0
split_feature=30 22 67 31 24 67
split_gain=10.3644 10.524 8.90414 7.69842 6.65069 6.60304
threshold=-1.1601229341629502 1.0452222179215422 0.19912094176946907 -0.3381642757055961 0.54944229137478484 -0.18150989215871272
decision_type=2 2 2 2 2 2
left_child=-1 2 3 -2 -4 -5
right_child=1 -3 4 5 -6 -7
leaf_value=-0.02943869801012405 0.019701044112572418 -0.024303693131652329 -0.019694044034661084 -0.0090554705816317787 0.020519295319166381 0.026744121164999132
leaf_weight=23.892796832020395 113.55952766467817 28.05802068579942 42.387532896362245 55.927726902766153 10.648353942669926 13.489260237198321
leaf_count=1281 3393 1361 2194 1841 238 319
internal_value=0.000149139 0.00312683 0.00665199 0.0118494 -0.0109539 -0.00127909
internal_weight=287.963 264.07 236.012 182.977 53.0359 69.417
internal_count=10627 9346 7985 5553 2432 2160
is_linear=0
shrinkage=0.05


Tree=59
num_leaves=7
num_cat=0
split_feature=68 22 58 67 22 26
split_gain=11.0187 8.86715 8.25772 7.27399 7.60386 7.83882
threshold=0.15773130771910734 1.1250726001073252 0.87254540466360841 1.7195959152619407 -2.1916636679403485 -0.69622135191380197
decision_type=2 2 2 2 2 2
left_child=1 3 -2 4 -1 -6
right_child=2 -3 -4 -5 5 -7
leaf_value=-0.038043536952541139 -0.025927781023074654 -0.025867366830087443 0.025961765807982325 -0.033219171762735943 0.025196084621059642 0.0041326314146552801
leaf_weight=5.2565793460234991 52.756295509636402 19.088329781545326 6.4270608546212307 7.6019338741898528 64.215274422895163 133.2860572465579
leaf_count=248 3138 837 126 344 1931 4170
internal_value=-0.000623307 0.00438428 -0.0193121 0.00745447 0.00944154 0.0112557
internal_weight=288.632 229.448 59.1834 210.36 202.758 197.501
internal_count=10794 7530 3264 6693 6349 6101
is_linear=0
shrinkage=0.05


Tree=60
num_leaves=7
num_cat=0
split_feature=24 25 20 63 68 58
split_gain=10.1894 11.9214 11.3495 5.76549 9.35613 9.87647
threshold=-0.54107215986292079 -1.0177366400227323 -0.80479385451869134 1.0000000180025095e-35 -0.22870798206927814 -0.18730963634721756
decision_type=2 2 2 2 2 2
left_child=2 -2 -1 -3 -5 -6
right_child=1 3 -4 4 5 -7
leaf_value=0.0079516140120493902 -0.03922253787521357 0.015621085688754258 -0.032071350354388704 0.0095629996630663076 -0.032996352293027872 0.031750186737252648
leaf_weight=27.030137130524963 11.629003816749899 103.72082209447399 43.421664074994624 67.582703639520332 28.164305043872446 4.7451578564941874
leaf_count=822 759 3330 2636 1820 1316 81
internal_value=-0.000912998 0.00450504 -0.0170182 0.00752694 -0.00103791 -0.0217881
internal_weight=286.294 215.842 70.4518 204.213 100.492 32.9095
internal_count=10764 7306 3458 6547 3217 1397
is_linear=0
shrinkage=0.05


Tree=61
num_leaves=7
num_cat=0
split_feature=18 13 25 30 27 28
split_gain=9.07108 11.566 9.82317 6.59305 4.5843 4.36701
threshold=-0.27610632553355147 -1.0339484117676008 -0.81128994889063499 0.926652229322526 -1.2065006689687772 -1.1486406093623935
decision_type=2 2 2 2 2 2
left_child=1 -1 4 5 -2 -4
right_child=2 -3 3 -5 -6 -7
leaf_value=0.0098413666693366667 0.0096949879722338528 -0.026315615735028421 -0.010033861377369861 -0.012325817375839768 -0.043976066862543253 0.015867851420619659
leaf_weight=32.449231527978554 4.2564207998802877 58.791778998216614 16.410370938829146 28.663652055198327 10.962607929133808 134.10553397098556
leaf_count=1045 188 3323 487 1012 692 4014
internal_value=-0.000798091 -0.0135527 0.00530328 0.00873056 -0.0298408 0.012903
internal_weight=285.64 91.241 194.399 179.18 15.219 150.516
internal_count=10761 4368 6393 5513 880 4501
is_linear=0
shrinkage=0.05


Tree=62
num_leaves=7
num_cat=0
split_feature=68 24 66 63 28 12
split_gain=8.22884 8.64627 10.3207 7.9228 5.87665 5.86816
threshold=-0.13455340988288064 0.89809705756617786 -0.48407189053384242 1.0000000180025095e-35 -0.97663136174995591 -0.57511620845134626
decision_type=2 2 2 2 2 2
left_child=1 2 -1 5 -3 -2
right_child=3 4 -4 -5 -6 -7
leaf_value=-0.007035108853338164 -0.022339585367228826 -0.014963025163630817 0.022028090030232424 -0.025503181896029448 0.031684764734456985 0.015887754391929045
leaf_weight=114.90318366326392 11.699475064408032 6.1962314364500335 38.229625594452955 45.761491829529405 39.123028161877301 28.990682715317234
leaf_count=3902 692 190 1375 2578 892 1094
internal_value=0.000736738 0.00633303 0.000504367 -0.0118913 0.0247739 0.00411717
internal_weight=284.904 198.452 153.133 86.4516 45.3193 40.6902
internal_count=10723 6359 5277 4364 1082 1786
is_linear=0
shrinkage=0.05


Tree=63
num_leaves=7
num_cat=0
split_feature=30 25 29 51 30 25
split_gain=7.4483 10.6376 8.26371 5.73879 5.51511 4.84891
threshold=0.86527648922001188 0.48017137611964406 -0.64109600787011922 1.0000000180025095e-35 -1.1601229341629502 -0.76812394654980853
decision_type=2 2 2 2 2 2
left_child=1 2 4 -3 -1 -4
right_child=-2 3 5 -5 -6 -7
leaf_value=-0.016832855290992037 -0.019811232756533327 0.023299011847349931 -0.034474878094429069 -0.027779149229626678 0.014795265195853866 -0.0073916609295646227
leaf_weight=14.883760953904128 41.798848424805328 60.343771520187147 18.766071426565759 3.5202150330878785 60.975386177771725 79.92347655229969
leaf_count=693 1770 1770 1275 154 1941 3145
internal_value=-0.0010968 0.00238966 -0.00404299 0.0193635 0.00818546 -0.0134067
internal_weight=280.212 238.413 174.549 63.864 75.8591 98.6895
internal_count=10748 8978 7054 1924 2634 4420
is_linear=0
shrinkage=0.05


Tree=64
num_leaves=7
num_cat=0
split_feature=67 67 26 24 25 58
split_gain=8.11032 7.20468 7.33226 9.93898 6.56628 5.61601
threshold=1.8181950458640326 -1.4185991601795025 -0.76591015802543627 -0.46574511601950513 -1.046745830221449 0.6841336152569335
decision_type=2 2 2 2 2 2
left_child=1 -1 -3 -4 -5 -6
right_child=-2 2 3 4 5 -7
leaf_value=-0.043703825245179573 -0.044087836203745741 0.017639599704745195 -0.023218379180859235 -0.040299943409542655 0.0025838722528830692 0.031333029741121309
leaf_weight=5.4722582730464628 7.0051113599911323 62.975664054043591 39.122299853246659 5.0539258043281725 145.77735799603397 16.340171164250933
leaf_count=392 461 2050 2404 358 4623 405
internal_value=0.000141298 0.00173304 0.00312781 -0.00149157 0.00391273 0.0059982
internal_weight=281.747 274.742 269.269 206.294 167.171 162.118
internal_count=10693 10232 9840 7790 5386 5028
is_linear=0
shrinkage=0.05


Tree=65
num_leaves=7
num_cat=0
split_feature=58 68 22 63 22 12
split_gain=8.32449 8.70494 9.46794 7.85727 6.1628 5.98038
threshold=-0.22852604531245646 -0.13455340988288064 -1.2908101849383147 1.0000000180025095e-35 1.2910015385850289 0.63138967849563177
decision_type=2 2 2 2 2 2
left_child=1 2 -1 5 -4 -3
right_child=-2 3 4 -5 -6 -7
leaf_value=-0.030904544746675568 0.022114183068912975 -0.015604345010833749 0.01023036494720995 -0.031119035922589879 -0.025911849845783652 0.023010895472430255
leaf_weight=14.831826159730552 37.268328448873945 20.491803532699123 148.45812381932046 38.612706459127367 9.9410101908724737 14.497672588564454
leaf_count=626 1057 1117 4512 2410 472 544
internal_value=0.00102639 -0.00238488 0.00376246 -0.0164341 0.00752263 0.000949287
internal_weight=284.101 246.833 173.231 73.6022 158.399 34.9895
internal_count=10738 9681 5610 4071 4984 1661
is_linear=0
shrinkage=0.05


Tree=66
num_leaves=7
num_cat=0
split_feature=14 30 22 68 2 35
split_gain=8.21207 4.97286 6.78972 5.824 5.22236 4.95934
threshold=0.039446857423601482 0.926652229322526 0.62725983394877172 0.90784080030114001 0.56421571602856069 1.0000000180025095e-35
decision_type=2 2 2 2 2 2
left_child=1 2 3 5 -4 -1
right_child=-2 -3 4 -5 -6 -7
leaf_value=0.018722016107383676 -0.013286903720095231 -0.01077255700413734 0.004259686094505586 -0.020583830659074619 -0.033040922412315682 -0.029385712404688902
leaf_weight=127.34426273714053 72.964967912295833 34.733094007940963 24.331590435118414 8.6803724705241603 11.710217261686919 2.9856224863324305
leaf_count=3812 3447 1336 800 549 652 139
internal_value=0.000834829 0.00586456 0.00929152 0.0142524 -0.00946716 0.0169836
internal_weight=282.75 209.785 175.052 139.01 36.0418 130.33
internal_count=10735 7288 5952 4500 1452 3951
is_linear=0
shrinkage=0.05


Tree=67
num_leaves=7
num_cat=0
split_feature=58 66 68 28 24 26
split_gain=7.84544 8.60462 8.89286 7.19915 6.57505 6.30376
threshold=-0.22263826968646502 0.76328588330764335 -0.16919564739204265 -0.99983944464248464 0.85181118466900752 -0.80113812871767698
decision_type=2 2 2 2 2 2
left_child=1 2 3 -1 5 -5
right_child=-2 -3 -4 4 -6 -7
leaf_value=-0.027421432554590605 0.019378335074717506 0.015030090299507151 -0.024756275854937893 0.021627315539746894 0.02281639114692309 -0.010376948321959144
leaf_weight=20.159010343253613 36.130170896474738 42.143514181254432 59.788158063776791 16.486050577601418 28.157757713226601 71.073777711950243
leaf_count=768 1052 1687 3565 403 628 2609
internal_value=-0.0014046 -0.00476422 -0.00919023 -0.00195407 0.00306339 -0.00383425
internal_weight=273.938 237.808 195.665 135.877 115.718 87.5598
internal_count=10712 9660 7973 4408 3640 3012
is_linear=0
shrinkage=0.05


Tree=68
num_leaves=7
num_cat=0
split_feature=25 26 30 68 58 18
split_gain=9.07271 9.07145 6.33246 5.98675 5.39532 5.09201
threshold=0.24275154397142712 0.70829251228664714 0.6504613988612129 -0.22196520523392585 -0.22263826968646502 0.98526087269263452
decision_type=2 2 2 2 2 2
left_child=1 2 3 5 -5 -1
right_child=-2 -3 -4 4 -6 -7
leaf_value=0.00072280185378465259 0.010278441826870946 -0.038160890403127305 -0.038901330648325093 -0.022858495376157903 0.021087231087847172 0.028214551069639077
leaf_weight=68.54969810822513 123.71134076593444 18.174060944002122 8.2277587819844467 33.868538334732875 6.1278666313737622 19.401902487908956
leaf_count=2358 4110 1290 401 1899 142 509
internal_value=0.000324119 -0.00769812 -0.00289761 0.000255811 -0.015124 0.00751802
internal_weight=278.061 154.35 136.176 127.948 39.9964 87.9516
internal_count=10709 6599 5309 4908 2041 2867
is_linear=0
shrinkage=0.05


Tree=69
num_leaves=7
num_cat=0
split_feature=68 15 67 25 22 67
split_gain=8.03831 8.06667 5.94875 5.54117 6.04577 4.86047
threshold=-0.31221092128388772 -0.048489018584409786 1.7480646783231084 -0.58017112561491802 -0.083660289541483454 -0.54721198448164776
decision_type=2 2 2 2 2 2
left_child=1 2 -1 -2 5 -5
right_child=3 -3 -4 4 -6 -7
leaf_value=0.01638555414055198 -0.026933353939929339 -0.010919683814893071 -0.032094634141012726 -0.016051804637650029 -0.01470346173173471 0.020270036188719431
leaf_weight=103.57261085446225 33.624521418125369 44.653671874781139 3.9936672020703545 10.293952483683823 51.512398516526446 29.580728895263746
leaf_count=2905 2118 1817 178 370 2370 1077
internal_value=-0.00121147 0.00645168 0.0137636 -0.010475 -0.00375581 0.0104262
internal_weight=277.232 152.22 107.566 125.012 91.3871 39.8747
internal_count=10835 4900 3083 5935 3817 1447
is_linear=0
shrinkage=0.05


Tree=70
num_leaves=7
num_cat=0
split_feature=25 20 24 15 21 67
split_gain=7.08462 5.52809 10.3241 5.46606 4.82867 4.69891
threshold=-1.2598344939096233 -0.79499850241508474 -0.52810247256152609 -0.81697733876131251 1.6946310712755497 -0.17472252242888567
decision_type=2 2 2 2 2 2
left_child=3 -2 -3 -1 5 -4
right_child=1 2 4 -5 -6 -7
leaf_value=0.0047004313542842067 0.020984700126209035 -0.022837821831201033 0.0012124766222119223 -0.043176561686514986 -0.025491222628057288 0.018274077866272387
leaf_weight=8.8859904278069752 34.725733816041611 36.860792860155925 116.12697942735394 12.301225781207902 9.1549264902714622 59.23404599330388
leaf_count=302 1081 2326 3678 933 471 1942
internal_value=0.000886258 0.00329288 0.00027423 -0.0250043 0.00518284 0.00718603
internal_weight=277.29 256.102 221.377 21.1872 184.516 175.361
internal_count=10733 9498 8417 1235 6091 5620
is_linear=0
shrinkage=0.05


Tree=71
num_leaves=7
num_cat=0
split_feature=29 15 25 68 22 58
split_gain=9.33727 7.97151 7.08799 5.27795 5.43168 5.60739
threshold=1.2437608544087448 -0.055083608425947846 -0.76812394654980853 0.89284056487756736 0.79679592326294724 -0.22263826968646502
decision_type=2 2 2 2 2 2
left_child=1 3 -3 4 5 -1
right_child=-2 2 -4 -5 -6 -7
leaf_value=0.0077911830564418756 -0.033652438808797425 -0.033453053663077693 -0.0013959224247064974 -0.02032035932460018 -0.012025624651777155 0.033434643783799949
leaf_weight=121.39327045250684 18.223864486441016 23.896065075648949 48.818351898516994 14.090994023717938 23.968819236615673 23.765054799674544
leaf_count=3915 1068 1559 1978 837 914 566
internal_value=-0.00178198 0.000850989 -0.0128389 0.00640345 0.00894533 0.0125815
internal_weight=274.156 255.933 72.7144 183.218 169.127 145.158
internal_count=10837 9769 3537 6232 5395 4481
is_linear=0
shrinkage=0.05


Tree=72
num_leaves=7
num_cat=0
split_feature=26 25 24 42 30 28
split_gain=5.81148 9.13647 6.79586 6.17465 5.25671 5.1321
threshold=-0.82545728520038175 -0.76812394654980853 0.58299954922523323 1.0000000180025095e-35 0.926652229322526 -1.1795336906797573
decision_type=2 2 2 2 2 2
left_child=-1 -2 3 4 -3 -4
right_child=1 2 5 -5 -6 -7
leaf_value=0.015420699368881088 -0.028004063370060835 -0.0038642181660917862 -0.022361983930877946 0.025036661383937883 -0.029939529221150236 0.017501706414052187
leaf_weight=51.073227612068877 28.080043632187881 87.391308536753058 6.5629854765720657 11.436225305078549 22.259096131892875 65.083332550188061
leaf_count=1760 1879 3549 202 280 1129 1869
internal_value=0.00071704 -0.00284498 0.00119359 -0.00599664 -0.00981388 0.0130981
internal_weight=271.886 220.813 192.733 121.087 109.65 71.6463
internal_count=10668 8908 7029 4958 4678 2071
is_linear=0
shrinkage=0.05


Tree=73
num_leaves=7
num_cat=0
split_feature=67 63 68 24 22 30
split_gain=5.44066 6.06304 7.53643 10.5285 7.3028 7.30918
threshold=1.8181950458640326 1.0000000180025095e-35 -0.16919564739204265 0.93152574354746764 -1.4012305216950598 0.6504613988612129
decision_type=2 2 2 2 2 2
left_child=1 4 3 -3 -1 -6
right_child=-2 2 -4 -5 5 -7
leaf_value=-0.028698464095257472 -0.036862846972763354 -0.0077479164822627875 -0.021776890457400128 0.028973712299152944 0.019672203311344869 -0.0081050461450696172
leaf_weight=8.8782739008311164 6.585971813183277 66.954740730114281 45.294197349343449 24.101288571953773 89.063555743079633 29.994814634090289
leaf_count=391 457 2386 2636 489 3356 1026
internal_value=0.000149478 0.00147521 -0.00580176 0.00258592 0.00918597 0.012647
internal_weight=270.873 264.287 136.35 91.056 127.937 119.058
internal_count=10741 10284 5511 2875 4773 4382
is_linear=0
shrinkage=0.05


Tree=74
num_leaves=7
num_cat=0
split_feature=58 66 29 42 34 24
split_gain=6.96347 7.038 5.89957 7.53367 5.93074 4.78976
threshold=-0.22852604531245646 0.21984337827160724 -0.59922048851031962 1.0000000180025095e-35 1.0000000180025095e-35 0.71206963437702997
decision_type=2 2 2 2 2 2
left_child=1 2 5 -4 -5 -1
right_child=-2 -3 3 4 -6 -7
leaf_value=-0.0055921734463123271 0.018283345642014597 0.012473829267499036 -0.019080759720702757 -0.034825642421918636 0.027880402061248852 0.02376720925273126
leaf_weight=38.769450122257695 35.711206464911811 45.604858934413642 114.91722756717354 2.116725209634752 13.889989297837019 17.960701665142551
leaf_count=1434 1041 1897 5481 131 278 483
internal_value=-0.00139203 -0.00459817 -0.00887811 -0.0146146 0.0154002 0.00442985
internal_weight=268.97 233.259 187.654 130.924 16.0067 56.7302
internal_count=10745 9704 7807 5890 409 1917
is_linear=0
shrinkage=0.05


Tree=75
num_leaves=7
num_cat=0
split_feature=67 34 41 29 28 67
split_gain=7.99196 5.28778 9.5473 6.64943 6.38738 5.24966
threshold=1.8181950458640326 1.0000000180025095e-35 1.0000000180025095e-35 0.10716144755170164 -1.1795336906797573 -0.22053292835475177
decision_type=2 2 2 2 2 2
left_child=1 5 -3 4 -4 -1
right_child=-2 2 3 -5 -6 -7
leaf_value=-0.029003607353910457 -0.046246418847302587 0.031305193752404883 -0.018340294947613078 -0.010751766566656244 0.012054640593344847 0.0098998512724053009
leaf_weight=22.632929039886221 6.1486090887337914 25.236556691641454 17.736541989143007 79.878863772144541 107.4748528964119 11.254231796599923
leaf_count=1193 460 582 689 3664 3640 513
internal_value=-0.000296844 0.00127967 0.00404701 0.000289904 0.00742072 -0.0163291
internal_weight=270.363 264.214 230.327 205.09 125.211 33.8872
internal_count=10741 10281 8575 7993 4329 1706
is_linear=0
shrinkage=0.05


Tree=76
num_leaves=7
num_cat=0
split_feature=66 32 40 41 23 22
split_gain=5.88768 5.54588 4.84344 6.50333 6.30661 5.27671
threshold=0.21984337827160724 -0.5267085175254731 1.0000000180025095e-35 1.0000000180025095e-35 -0.60462774752814841 -0.4903600586723203
decision_type=2 2 2 2 2 2
left_child=1 -1 3 -3 5 -5
right_child=-2 2 -4 4 -6 -7
leaf_value=-0.020246883735347304 0.013405241336590415 0.021197523745991428 -0.034694514996473746 -0.013439434319852908 -0.009962663825450772 0.024740651036608718
leaf_weight=43.152307929005474 52.370935931801796 30.021518165944144 6.9163130866363636 10.829745062626897 99.920739854220301 26.299112565349787
leaf_count=2761 2230 766 542 387 3530 608
internal_value=-0.00118379 -0.00483719 -0.000736871 0.00125609 -0.0034727 0.0134321
internal_weight=269.511 217.14 173.987 167.071 137.05 37.1289
internal_count=10824 8594 5833 5291 4525 995
is_linear=0
shrinkage=0.05


Tree=77
num_leaves=7
num_cat=0
split_feature=34 42 67 28 28 18
split_gain=6.77896 9.43164 8.26156 7.35466 6.20117 5.96887
threshold=1.0000000180025095e-35 1.0000000180025095e-35 0.19912094176946907 0.86118549263533584 -1.1486406093623935 -0.46284504482402028
decision_type=2 2 2 2 2 2
left_child=-1 2 3 4 -2 -4
right_child=1 -3 5 -5 -6 -7
leaf_value=-0.021020792575795338 -0.016149863984275373 0.028861581351820337 -0.039256732754636897 -0.022260786247109851 0.012189144957799785 -0.0035609156624795643
leaf_weight=33.660989522235468 20.168954741442576 25.886850589246023 18.69230468198657 20.554884320590645 121.44175624876516 26.907058427575976
leaf_count=1752 763 593 1568 908 3947 1206
internal_value=-0.00102354 0.00208732 -0.001612 0.00374359 0.00790165 -0.0197135
internal_weight=267.313 233.652 207.765 162.166 141.611 45.5994
internal_count=10737 8985 8392 5618 4710 2774
is_linear=0
shrinkage=0.05


Tree=78
num_leaves=7
num_cat=0
split_feature=63 68 28 31 33 67
split_gain=5.80665 7.19578 6.33963 5.75382 6.76804 6.07549
threshold=1.0000000180025095e-35 0.62224999883279841 -1.2030173312847305 -0.24495497077121717 -0.89233048385942804 0.057818666575625753
decision_type=2 2 2 2 2 2
left_child=2 3 -1 5 -5 -2
right_child=1 -3 -4 4 -6 -7
leaf_value=-0.023303548710795291 0.01041723382513479 -0.036020329360770202 0.010742192488250556 0.0027928379373150462 -0.037762496852837661 -0.024911452508239038
leaf_weight=12.570446963538414 69.336329328129068 16.201197868213058 118.23072110675275 19.146422793157399 18.309549390571192 11.701969993766395
leaf_count=516 2028 1349 4562 735 903 703
internal_value=-0.000401308 -0.00760509 0.00702114 -0.0029265 -0.0183619 0.00460858
internal_weight=265.497 134.695 130.801 118.494 37.456 81.0383
internal_count=10796 5718 5078 4369 1638 2731
is_linear=0
shrinkage=0.05


Tree=79
num_leaves=7
num_cat=0
split_feature=25 31 67 30 68 51
split_gain=6.6321 7.70799 7.99175 6.08348 5.58571 5.20095
threshold=0.48017137611964406 -0.3381642757055961 0.80269343666995108 0.86527648922001188 2.014779997438056 1.0000000180025095e-35
decision_type=2 2 2 2 2 2
left_child=1 2 -1 5 -4 -2
right_child=3 -3 4 -5 -6 -7
leaf_value=0.0069923262615641003 0.022856688719228895 -0.020015506431323736 -0.043377308939594288 -0.006869961933535557 0.021542510911938362 -0.02665700754550317
leaf_weight=97.588182299805339 58.167653618962504 60.940680304018315 11.297855496406553 32.868508043233305 2.3108830056153229 3.3206852478906503
leaf_count=3456 1757 3055 869 1289 201 156
internal_value=-0.000367608 -0.00617944 0.00172993 0.0100988 -0.0304534 0.019067
internal_weight=266.494 172.138 111.197 94.3568 13.6087 61.4883
internal_count=10783 7581 4526 3202 1070 1913
is_linear=0
shrinkage=0.05


Tree=80
num_leaves=7
num_cat=0
split_feature=66 30 41 24 20 34
split_gain=5.58388 6.03112 5.53756 6.23885 7.09472 5.07573
threshold=1.9902672395286585 -1.1601229341629502 1.0000000180025095e-35 0.89809705756617786 -0.83486977767170278 1.0000000180025095e-35
decision_type=2 2 2 2 2 2
left_child=1 -1 5 4 -4 -3
right_child=-2 2 3 -5 -6 -7
leaf_value=-0.028997024818208962 0.017893528593594735 -0.0045530253077504896 0.022146056766574801 0.013251848858200604 -0.012833439113921036 0.030201812305847616
leaf_weight=16.955697434954345 35.268022495030891 16.74532208382152 13.598756848368792 37.701454595895484 124.77769011398777 22.367999079404399
leaf_count=1146 1551 691 340 1049 5568 464
internal_value=0.000183023 -0.00270154 -0.000259415 -0.00409241 -0.00899888 0.0160581
internal_weight=267.415 232.147 215.191 176.078 138.376 39.1133
internal_count=10809 9258 8112 6957 5908 1155
is_linear=0
shrinkage=0.05


Tree=81
num_leaves=7
num_cat=0
split_feature=13 24 58 8 68 24
split_gain=6.10383 7.81659 5.20091 6.24677 6.30324 6.19098
threshold=-1.0289879028274214 -0.54107215986292079 -0.1814218607212261 -0.74035698565838437 -0.28030488307023055 -0.31129815819248907
decision_type=2 2 2 2 2 2
left_child=-1 -2 3 -3 -5 -6
right_child=1 2 -4 4 5 -7
leaf_value=0.013574159298939717 -0.025231978390997712 -0.023835677294008956 0.019994575879129683 0.0096683127758577982 0.023643684604555917 -0.020938878130785873
leaf_weight=49.932639320148155 37.304803443141282 29.195249568321742 22.839398385840468 75.579748360207304 6.9310443319845936 39.064028743072413
leaf_count=1777 2590 1184 672 2245 358 1948
internal_value=-0.00165033 -0.00539446 -0.000775617 -0.00425069 0.000913238 -0.0131843
internal_weight=260.847 210.914 173.609 150.77 121.575 45.9951
internal_count=10774 8997 6407 5735 4551 2306
is_linear=0
shrinkage=0.05


Tree=82
num_leaves=7
num_cat=0
split_feature=67 68 67 18 22 66
split_gain=5.82779 5.66616 12.0923 5.48374 5.02567 5.36107
threshold=1.8181950458640326 -0.13455340988288064 -0.56996963592871519 -0.44173417388536507 -1.2908101849383147 0.21984337827160724
decision_type=2 2 2 2 2 2
left_child=1 4 -3 -4 -1 -6
right_child=-2 2 3 -5 5 -7
leaf_value=-0.019511596355392024 -0.040519117259871368 -0.039778791929869377 -0.018955978967911763 0.013077380042198184 0.0032105580841799972 0.025385896826816596
leaf_weight=15.752003579633309 6.0173868315760037 21.76609539531637 17.23416302469559 36.458411103696562 132.43142265500501 31.706623617617879
leaf_count=639 457 1305 1284 1586 4155 1338
internal_value=-0.00101412 0.000376532 -0.0108683 0.00233636 0.00519431 0.00787295
internal_weight=261.366 255.349 75.4587 53.6926 179.89 164.138
internal_count=10764 10307 4175 2870 6132 5493
is_linear=0
shrinkage=0.05


Tree=83
num_leaves=7
num_cat=0
split_feature=26 25 30 28 67 67
split_gain=5.45221 6.53727 4.89863 6.35246 5.52759 4.50146
threshold=-0.79165168874475278 -0.75209865342169768 0.80390074911749798 0.86118549263533584 1.5491305169322678 -0.34508376674735936
decision_type=2 2 2 2 2 2
left_child=-1 -2 3 5 -5 -3
right_child=1 2 -4 4 -6 -7
leaf_value=0.012499015632078761 -0.027559828288965051 -0.0018538061763195648 -0.015669802546022675 -0.031236065828013911 0.025648703910113174 0.017543144150344719
leaf_weight=56.005285525228828 24.246873468568083 57.921783508965746 41.392599797574803 17.227653984911743 2.9860285506583741 57.725783486384898
leaf_count=2087 1799 1803 1810 910 144 2173
internal_value=-0.000901894 -0.00475527 -0.00122903 0.0034141 -0.0206042 0.008027
internal_weight=257.506 201.501 177.254 135.861 20.2137 115.648
internal_count=10726 8639 6840 5030 1054 3976
is_linear=0
shrinkage=0.05


Tree=84
num_leaves=7
num_cat=0
split_feature=63 31 28 30 28 32
split_gain=6.70803 6.66971 4.72445 4.96662 6.17333 4.39926
threshold=1.0000000180025095e-35 -0.24495497077121717 -1.2030173312847305 0.80390074911749798 0.78513156400071604 1.3228108795610443
decision_type=2 2 2 2 2 2
left_child=2 5 -1 4 -4 -2
right_child=1 -3 3 -5 -6 -7
leaf_value=-0.017889606623551036 -0.0052522441687372842 -0.024834159588288857 0.021796579384536011 -0.0085050460345021967 -0.011025524500223378 0.024354033866640049
leaf_weight=13.519488994032143 78.679305030265823 39.13369705574587 76.176483751041815 24.21840904513374 15.540141677716745 11.827128202188758
leaf_count=520 3269 2093 2915 867 741 325
internal_value=-0.00045752 -0.00840058 0.00750704 0.0108451 0.0160622 -0.000726145
internal_weight=259.095 129.64 129.455 115.935 91.7166 90.5064
internal_count=10730 5687 5043 4523 3656 3594
is_linear=0
shrinkage=0.05


Tree=85
num_leaves=7
num_cat=0
split_feature=58 13 19 24 32 57
split_gain=5.58892 4.3316 6.72694 5.53624 4.33219 3.86353
threshold=0.63114017035223757 -1.0234421310544806 -0.64040882273571587 0.85181118466900752 2.5558238109520559 3.7279136882389676
decision_type=2 2 2 2 2 2
left_child=1 -1 -3 -4 -5 -2
right_child=5 2 3 4 -6 -7
leaf_value=0.010546232397743639 0.029151745724291463 -0.0263242636866131 -0.0078130576304993957 0.016669296525520971 -0.037045068302350506 -0.011658279319327648
leaf_weight=42.943876499659382 20.533851108979437 32.220333249075338 114.18629771796986 41.379511418752372 1.2896957574412216 5.8688300641369997
leaf_count=1643 509 2215 4948 1092 51 258
internal_value=-0.000744684 -0.00330753 -0.00656964 -0.00209389 0.0127189 0.0198165
internal_weight=258.422 232.02 189.076 156.856 42.6692 26.4027
internal_count=10716 9949 8306 6091 1143 767
is_linear=0
shrinkage=0.05


Tree=86
num_leaves=7
num_cat=0
split_feature=58 68 63 26 22 29
split_gain=5.20652 6.07736 5.60788 4.99555 4.56638 4.27267
threshold=1.0550629847985713 -0.22196520523392585 1.0000000180025095e-35 -0.43410424788705676 -0.80571327424646089 -0.52960625833371833
decision_type=2 2 2 2 2 2
left_child=1 4 3 -3 -1 -6
right_child=-2 2 -4 -5 5 -7
leaf_value=-0.014690181010193731 0.021284790769096909 0.016894657887189374 -0.026151549314493035 -0.017006674370126162 0.019294517785863188 0.00048807664207797401
leaf_weight=27.304598399088718 22.07725740299793 19.129921559011564 40.143308138940483 18.350707168225199 42.497109955293126 90.315041969763115
leaf_count=1065 643 799 2710 1083 1281 3193
internal_value=-0.000401485 -0.00265548 -0.0138605 0.000266126 0.0029317 0.00679902
internal_weight=259.818 237.741 77.6239 37.4806 160.117 132.812
internal_count=10774 10131 4592 1882 5539 4474
is_linear=0
shrinkage=0.05


Tree=87
num_leaves=7
num_cat=0
split_feature=30 26 18 0 22 42
split_gain=4.28609 4.20029 5.75552 3.56479 3.47594 3.81175
threshold=-1.4823455697011487 -0.82921334303700178 -0.74706372449882197 -1.8185012847730491 -1.3247277830913267 1.0000000180025095e-35
decision_type=2 2 2 2 2 2
left_child=3 -2 -3 -1 -4 -6
right_child=1 2 4 -5 5 -7
leaf_value=0.016301093619777978 0.016333982910559191 -0.022122846803577723 -0.019975585356056258 -0.037919977719024958 0.0014174756782369716 0.023352720953176032
leaf_weight=2.1600471162237218 39.747885690419935 24.692900630179793 13.126680251443757 9.0158778789918852 152.22643155429978 19.851072277640924
leaf_count=59 1385 1700 594 740 5836 465
internal_value=0.000551869 0.00204683 -0.000850746 -0.0262083 0.00229285 0.00430475
internal_weight=260.821 249.645 209.897 11.1759 185.204 172.078
internal_count=10779 9980 8595 799 6895 6301
is_linear=0
shrinkage=0.05


Tree=88
num_leaves=7
num_cat=0
split_feature=14 66 0 20 24 25
split_gain=5.18625 4.22385 3.5699 3.22273 3.26792 2.69734
threshold=0.039446857423601482 2.0531000582497634 0.27611284282617793 -0.8015593348114044 -0.61426169638157135 1.0022276913177965
decision_type=2 2 2 2 2 2
left_child=1 2 3 -1 -5 -2
right_child=5 -3 -4 4 -6 -7
leaf_value=0.0082662497769949907 -0.015948798953092574 0.021616249766563754 0.0070788913782274809 -0.033325130540200275 -0.0061723535795699244 0.017058768810685732
leaf_weight=22.130958624649793 60.197341091290582 23.445030573115218 86.470445352140814 12.345137430820612 47.167974922107533 4.4163682921789578
leaf_count=664 3349 1096 2680 987 1823 142
internal_value=-0.00111782 0.00304123 0.000117215 -0.00724557 -0.0131338 -0.0130359
internal_weight=256.173 191.56 168.115 81.6441 59.5131 64.6137
internal_count=10741 7250 6154 3474 2810 3491
is_linear=0
shrinkage=0.05


Tree=89
num_leaves=7
num_cat=0
split_feature=22 28 0 40 35 29
split_gain=4.16281 4.69375 5.20174 4.81259 5.14882 4.28421
threshold=-0.80571327424646089 0.63449334786451217 0.25087652803582577 1.0000000180025095e-35 1.0000000180025095e-35 1.2578212477704294
decision_type=2 2 2 2 2 2
left_child=-1 3 -3 4 5 -2
right_child=1 2 -4 -5 -6 -7
leaf_value=-0.012403160344551214 0.01406246088357335 -0.021676186299763131 0.0073768493272556718 -0.023696397167989738 -0.033315234755549684 -0.021911398339795173
leaf_weight=45.923120167572051 139.17742664419347 29.974739232333377 26.748518301406875 8.3219867630396021 3.6747928215190759 6.1653713763225815
leaf_count=2005 4799 1895 879 643 201 353
internal_value=0.000782393 0.00374343 -0.00829352 0.00815691 0.0103683 0.0121242
internal_weight=259.986 214.063 56.7233 157.34 149.018 145.343
internal_count=10775 8770 2774 5996 5353 5152
is_linear=0
shrinkage=0.05


Tree=90
num_leaves=7
num_cat=0
split_feature=67 68 25 26 28 4
split_gain=4.98787 5.04887 4.70303 5.90517 3.85256 5.93217
threshold=1.8181950458640326 -0.57317592909268389 -0.79111853737022975 -0.93521465329814213 0.28043230489722298 0.52766817589930037
decision_type=2 2 2 2 2 2
left_child=1 -1 3 -3 -4 -6
right_child=-2 2 4 -5 5 -7
leaf_value=0.010752864676579788 -0.037758614934704275 0.013361430699674173 0.0062623946547580057 -0.033599594587749172 -0.000261436783715808 -0.03735579394606757
leaf_weight=82.660115578852128 5.638342391466721 7.344890617066997 85.76748297852464 21.435392431914806 38.221648342441767 12.034315918572245
leaf_count=2681 473 255 3238 1653 1644 798
internal_value=-0.000407555 0.000885542 -0.00416734 -0.0214849 -0.000118675 -0.010748
internal_weight=253.102 247.464 164.804 28.7803 136.023 50.256
internal_count=10742 10269 7588 1908 5680 2442
is_linear=0
shrinkage=0.05


Tree=91
num_leaves=7
num_cat=0
split_feature=67 63 22 29 67 67
split_gain=3.93752 3.837 6.74667 4.16209 4.66655 4.32019
threshold=1.8181950458640326 1.0000000180025095e-35 -1.4012305216950598 1.187290035418066 -1.0004381642158064 1.5161484133857934
decision_type=2 2 2 2 2 2
left_child=1 2 -1 4 -4 -5
right_child=-2 -3 3 5 -6 -7
leaf_value=-0.029218593902864839 -0.033055064489378609 -0.005187899692089039 -0.015792852329764236 -0.033716374395666923 0.017343123523562941 0.019456941873264327
leaf_weight=8.8230118672363442 5.9057425437495104 128.452855351381 9.6178578754188475 7.3219373212195915 91.624157927697524 3.6257928926497698
leaf_count=399 478 5558 428 399 3391 127
internal_value=-0.000383518 0.00077353 0.0070739 0.0106147 0.0138313 -0.0157087
internal_weight=255.371 249.466 121.013 112.19 101.242 10.9477
internal_count=10780 10302 4744 4345 3819 526
is_linear=0
shrinkage=0.05


Tree=92
num_leaves=7
num_cat=0
split_feature=67 66 41 24 20 34
split_gain=4.84359 4.57894 5.30881 5.63898 5.34513 5.15177
threshold=-1.4525360088286379 0.72593161556726826 1.0000000180025095e-35 0.91497211539327128 -0.77457219817816592 1.0000000180025095e-35
decision_type=2 2 2 2 2 2
left_child=-1 2 5 4 -4 -2
right_child=1 -3 3 -5 -6 -7
leaf_value=-0.042441833103715833 -0.0074399759224021414 0.014154400483638783 0.0069306001857754769 0.010149917344831859 -0.016919324873953728 0.028195251155532255
leaf_weight=3.9220420306082806 15.940458529861642 43.425478625053074 28.342949411016889 35.137197343166918 103.25811572978273 20.720924571622163
leaf_count=365 739 1957 888 1068 5187 460
internal_value=-0.00119118 -3.39239e-05 -0.00322481 -0.00703142 -0.0117428 0.0133102
internal_weight=250.747 246.825 203.4 166.738 131.601 36.6614
internal_count=10664 10299 8342 7143 6075 1199
is_linear=0
shrinkage=0.05


Tree=93
num_leaves=7
num_cat=0
split_feature=13 25 12 28 68 30
split_gain=5.617 8.38887 4.04061 4.54786 4.18128 3.95343
threshold=-1.0234421310544806 0.24275154397142712 -1.1811934513074174 -1.1486406093623935 -0.27810615149348522 0.69649320393809833
decision_type=2 2 2 2 2 2
left_child=5 2 -2 -4 -5 -1
right_child=1 -3 3 4 -6 -7
leaf_value=0.01802440304768993 -0.038074189082352931 0.0050950945408957541 -0.034416852921835502 0.0033011045791333628 -0.02080247775194603 -0.022158006904768747
leaf_weight=44.603409771574661 13.484773873758966 100.93408274778631 13.22959559317678 51.152942913002335 24.218149371794425 4.4381480065640053
leaf_count=1572 1284 3650 660 1840 1500 210
internal_value=-0.00137572 -0.00506798 -0.014975 -0.0103276 -0.00494366 0.0133203
internal_weight=252.061 203.02 102.085 88.6007 75.3711 49.0416
internal_count=10716 8934 5284 4000 3340 1782
is_linear=0
shrinkage=0.05


Tree=94
num_leaves=7
num_cat=0
split_feature=58 28 22 68 31 22
split_gain=4.85377 5.81769 4.25257 4.99397 4.62103 4.33093
threshold=-0.22852604531245646 0.48939690350079856 -0.80571327424646089 -0.28030488307023055 -0.3381642757055961 0.75244613348215339
decision_type=2 2 2 2 2 2
left_child=2 -2 -1 5 -5 -4
right_child=1 -3 3 4 -6 -7
leaf_value=-0.017833424556077875 0.026843501577487546 -0.01713291343757253 0.011763107814107682 0.00060885469017742599 -0.024591225569479701 -0.011481159816502173
leaf_weight=37.563417479977943 26.535614060645457 7.787614806497003 86.876771114533767 43.002473875996657 28.35269258741755 23.192387009970844
leaf_count=1841 746 302 2729 2231 1926 971
internal_value=-0.000397368 0.0162906 -0.00319777 7.3303e-05 -0.00999248 0.00669069
internal_weight=253.311 34.3232 218.988 181.424 71.3552 110.069
internal_count=10746 1048 9698 7857 4157 3700
is_linear=0
shrinkage=0.05


Tree=95
num_leaves=7
num_cat=0
split_feature=67 67 30 56 25 30
split_gain=5.16646 4.69744 4.10497 5.00599 4.20943 3.80342
threshold=1.8181950458640326 -1.4185991601795025 0.77321287906624092 1.0000000180025095e-35 0.64698444867277127 -1.4823455697011487
decision_type=2 2 2 2 2 2
left_child=1 -1 3 -3 -4 -5
right_child=-2 2 4 5 -6 -7
leaf_value=-0.037509408413765211 -0.037592535151465975 -0.014712445599945737 -0.033338828034320409 -0.021659947130764468 -0.00033194030571118062 0.010676734779357112
leaf_weight=4.2862705171573898 5.4747367934323838 22.407177286280785 10.859858075389637 6.8537864249665281 32.075913911918178 171.40448022558121
leaf_count=397 469 1025 656 464 1206 6505
internal_value=0.000816154 0.0021038 0.00324865 0.00625946 -0.0103125 0.00909552
internal_weight=253.362 247.887 243.601 200.665 42.9358 178.258
internal_count=10722 10253 9856 7994 1862 6969
is_linear=0
shrinkage=0.05


Tree=96
num_leaves=7
num_cat=0
split_feature=22 58 8 68 67 34
split_gain=4.75993 4.65873 5.20361 5.54688 5.65694 4.08355
threshold=1.021269698338352 -0.22852604531245646 -0.74035698565838437 -0.12849468287140511 -0.55917233676771161 1.0000000180025095e-35
decision_type=2 2 2 2 2 2
left_child=1 2 -1 5 -5 -4
right_child=-2 -3 3 4 -6 -7
leaf_value=-0.014594106054802443 -0.019301927639472066 0.019577586140583688 -0.015165197220468708 -0.034780534804577663 0.0022538884552961249 0.013481458541117639
leaf_weight=47.601723605999723 26.047973866108805 29.952637508045882 11.743040819186715 13.062707802746443 27.867989820311777 93.733987735351548
leaf_count=2139 1501 915 497 929 1682 3030
internal_value=-0.000247414 0.00219457 -0.000746408 0.00395855 -0.0111334 0.00996095
internal_weight=250.01 223.962 194.009 146.408 40.9307 105.477
internal_count=10693 9192 8277 6138 2611 3527
is_linear=0
shrinkage=0.05


Tree=97
num_leaves=7
num_cat=0
split_feature=25 26 30 28 63 29
split_gain=6.40051 5.881 4.47367 4.71499 4.66838 4.50766
threshold=-1.0788646092143861 -0.95376878282576871 0.926652229322526 0.89670182001704235 1.0000000180025095e-35 0.10716144755170164
decision_type=2 2 2 2 2 2
left_child=1 -1 4 -4 -2 -6
right_child=2 -3 3 -5 5 -7
leaf_value=0.011210705869710352 0.01262338031987455 -0.036728180194966896 -0.024148792175462307 0.013240782565884793 0.004312574715042379 -0.018240204405126113
leaf_weight=7.4415649442235035 92.153069607971702 18.60316304769367 26.216775533044711 9.6228731432929617 67.217738487990573 29.472794395172969
leaf_count=234 3630 1534 1193 427 2046 1708
internal_value=-0.00119474 -0.0232878 0.00163933 -0.0138625 0.00475211 -0.0029039
internal_weight=250.728 26.0447 224.683 35.8396 188.844 96.6905
internal_count=10772 1768 9004 1620 7384 3754
is_linear=0
shrinkage=0.05


Tree=98
num_leaves=7
num_cat=0
split_feature=26 64 25 58 28 23
split_gain=4.26608 4.02444 4.52849 3.33101 4.77107 4.49748
threshold=0.35412993477870947 1.0000000180025095e-35 1.0022276913177965 -0.028328311841480828 -0.89558677676773413 -2.5223589023001627
decision_type=2 2 2 2 2 2
left_child=3 2 -2 4 5 -1
right_child=1 -3 -4 -5 -6 -7
leaf_value=0.028681127170036482 -0.038304984576729567 0.00093173980602374775 0.0078997262991514546 0.018900546226578514 0.0042571878210263519 -0.020999504493956475
leaf_weight=2.5694362069480112 17.545545523520563 24.573019270086661 5.9348097140900782 24.248865431058221 143.51754361053463 33.141820528078824
leaf_count=51 1528 1093 271 773 5657 1488
internal_value=-0.000593935 -0.0135294 -0.0270546 0.00261311 0.000134611 -0.0154793
internal_weight=251.531 48.0534 23.4804 203.478 179.229 35.7113
internal_count=10861 2892 1799 7969 7196 1539
is_linear=0
shrinkage=0.05


Tree=99
num_leaves=7
num_cat=0
split_feature=30 22 67 28 31 67
split_gain=3.83223 5.59533 4.26331 4.01961 3.7799 6.04011
threshold=0.86527648922001188 1.3527902158630101 -1.4185991601795025 0.87536140606441382 -0.3381642757055961 0.86344994320293034
decision_type=2 2 2 2 2 2
left_child=1 2 -1 -2 5 -4
right_child=3 -3 4 -5 -6 -7
leaf_value=-0.033128045790631874 -0.02195879492920854 -0.030288029127186561 0.015807139540874118 0.011358448066395936 -0.0016912395916749757 -0.019332846952229265
leaf_weight=3.9365360096562645 28.160798505879939 8.446789392968638 112.20694440585794 10.582401345949618 77.923280702030752 11.128384267678483
leaf_count=386 1288 625 3865 489 3259 861
internal_value=0.00119277 0.00385242 0.00567398 -0.0126962 0.00690835 0.0122527
internal_weight=252.385 213.642 205.195 38.7432 201.259 123.335
internal_count=10773 8996 8371 1777 7985 4726
is_linear=0
shrinkage=0.05


Tree=100
num_leaves=7
num_cat=0
split_feature=34 42 67 22 68 8
split_gain=3.85272 6.69454 4.7711 6.80989 5.43533 5.11782
threshold=1.0000000180025095e-35 1.0000000180025095e-35 0.11909594316460188 1.1038708574210123 0.89284056487756736 -1.5604720734773838
decision_type=2 2 2 2 2 2
left_child=-1 2 3 4 5 -2
right_child=1 -3 -4 -5 -6 -7
leaf_value=-0.015815305318394375 -0.021605096070642867 0.025856126907591426 -0.014617644301548466 -0.029374739229326575 -0.028682578414720911 0.012262777291124426
leaf_weight=30.561113624833524 9.5306122197071073 23.672185611212626 44.793566017411649 11.381007902091367 7.2125140845309934 120.72889260895317
leaf_count=1785 409 582 2937 587 414 4016
internal_value=-3.42555e-05 0.00237014 -0.000851549 0.00349796 0.00678864 0.00935419
internal_weight=247.88 217.319 193.647 148.853 137.472 130.26
internal_count=10730 8945 8363 5426 4839 4425
is_linear=0
shrinkage=0.05


Tree=101
num_leaves=7
num_cat=0
split_feature=63 31 22 25 30 28
split_gain=3.57338 5.27925 4.18238 4.14963 4.1193 4.8629
threshold=1.0000000180025095e-35 -0.24495497077121717 -1.4012305216950598 0.98151073790366861 0.80390074911749798 0.78513156400071604
decision_type=2 2 2 2 2 2
left_child=2 -2 -1 -3 5 -4
right_child=1 3 4 -5 -6 -7
leaf_value=-0.021878054846000514 0.0012691433410556209 -0.029780841969019596 0.018349565815542989 0.0053684470108201661 -0.0089152180094215511 -0.011517511927947345
leaf_weight=9.3142230131197703 87.449002508772537 27.569234157446772 78.653553115145769 10.452296235598622 23.645345165161416 14.230178860947488
leaf_count=424 3564 1706 3095 409 860 723
internal_value=0.000273407 -0.00563061 0.00615397 -0.0204322 0.00888746 0.0135566
internal_weight=251.314 125.471 125.843 38.0215 116.529 92.8837
internal_count=10781 5679 5102 2115 4678 3818
is_linear=0
shrinkage=0.05


Tree=102
num_leaves=7
num_cat=0
split_feature=30 26 57 57 67 63
split_gain=3.35364 3.87508 2.91049 2.78224 2.50994 2.45947
threshold=-1.5590652448292914 -0.82545728520038175 0.1798438650427617 3.7279136882389676 -0.069075637068968049 1.0000000180025095e-35
decision_type=2 2 2 2 2 2
left_child=-1 4 5 -4 -2 -3
right_child=1 2 3 -5 -6 -7
leaf_value=-0.025539329533326334 0.020746074348944443 0.0030779571261577454 0.029827120083266496 -0.010895458241465464 -0.0094941850118474419 -0.0083416576032466321
leaf_weight=8.4533259114250523 34.386009025387466 91.959951389930211 10.711839907860847 4.2019100558827622 6.5516875693574539 91.27848749095574
leaf_count=691 1184 3678 248 203 303 4396
internal_value=0.000913126 0.00215328 -0.000813511 0.0184504 0.0155886 -0.00265335
internal_weight=247.543 239.09 198.152 14.9137 40.9377 183.238
internal_count=10703 10012 8525 451 1487 8074
is_linear=0
shrinkage=0.05


Tree=103
num_leaves=7
num_cat=0
split_feature=25 29 67 22 22 29
split_gain=4.92396 4.47768 5.07672 3.6436 3.83222 3.59921
threshold=-1.2598344939096233 1.2437608544087448 1.7480646783231084 1.4818950749381707 -2.1916636679403485 -2.2695417292515239
decision_type=2 2 2 2 2 2
left_child=5 2 3 4 -2 -1
right_child=1 -3 -4 -5 -6 -7
leaf_value=0.0068372898097384576 -0.029408667760750958 -0.020817406930555591 -0.034103034430370903 -0.027250831659158526 0.0081471204958832848 -0.037536112114631953
leaf_weight=5.5812648511491743 4.137818075483664 16.375134027795866 5.3454258902929714 5.1751841001678249 199.12120842607692 11.005910246632991
leaf_count=194 248 1031 390 350 7500 1027
internal_value=0.000236293 0.0022563 0.00428734 0.00574179 0.00696596 -0.0238449
internal_weight=246.742 230.155 213.78 208.434 203.259 16.5872
internal_count=10740 9519 8488 8098 7748 1221
is_linear=0
shrinkage=0.05


Tree=104
num_leaves=7
num_cat=0
split_feature=21 14 56 0 32 68
split_gain=3.46347 3.82063 3.38349 3.14832 4.35735 3.25427
threshold=1.6946310712755497 0.039446857423601482 1.0000000180025095e-35 0.30134915761653003 0.37002815984980791 0.40530848326061036
decision_type=2 2 2 2 2 2
left_child=1 2 -1 -4 -5 -6
right_child=-2 -3 3 4 5 -7
leaf_value=-0.013944573446238723 -0.026767835794631323 -0.0099490918484159453 -0.00025284413649097337 0.025970783050829768 0.0086260015965528795 -0.024866187887626068
leaf_weight=19.545769339776598 9.2432750503066909 61.172037272772286 78.288388538814615 35.364008464384824 34.27965777576901 6.0240978468209496
leaf_count=852 643 3423 3303 1092 1079 339
internal_value=-0.000840772 0.000505419 0.00429785 0.00683611 0.0139005 0.00224414
internal_weight=243.917 234.674 173.502 153.956 75.6678 40.3038
internal_count=10731 10088 6665 5813 2510 1418
is_linear=0
shrinkage=0.05


Tree=105
num_leaves=7
num_cat=0
split_feature=67 30 26 24 67 68
split_gain=4.5364 3.60518 2.78559 3.40521 5.06361 4.77072
threshold=1.8181950458640326 -1.5590652448292914 -0.82545728520038175 -0.46574511601950513 -0.22053292835475177 0.57456195396828147
decision_type=2 2 2 2 2 2
left_child=1 -1 -3 -4 5 -5
right_child=-2 2 3 4 -6 -7
leaf_value=-0.026140976063596874 -0.035896232156039674 0.015002415661835642 -0.012712328904094898 0.00045729083328964492 0.014981774882865277 -0.036551743540550602
leaf_weight=7.8021763868164262 5.096212863456457 39.561344933463261 34.592816570075229 91.256138816534076 60.69914677622728 6.6183066286612293
leaf_count=648 471 1433 2466 3005 2221 454
internal_value=0.000939123 0.00215216 0.00342129 0.000856266 0.00399733 -0.00305789
internal_weight=245.626 240.53 232.728 193.166 158.574 97.8744
internal_count=10698 10227 9579 8146 5680 3459
is_linear=0
shrinkage=0.05


Tree=106
num_leaves=7
num_cat=0
split_feature=34 42 66 30 68 22
split_gain=5.53571 5.25218 3.56685 3.54235 5.0053 4.11952
threshold=1.0000000180025095e-35 1.0000000180025095e-35 1.59627035285018 0.61977352880995584 -0.2649626227347201 1.2714606423270194
decision_type=2 2 2 2 2 2
left_child=-1 2 3 4 5 -2
right_child=1 -3 -4 -5 -6 -7
leaf_value=-0.018662559019099297 0.011951951761621841 0.024532713979205846 0.015923406684808652 -0.014977930143418271 -0.011361622728723264 -0.028174101150377419
leaf_weight=30.21086653706152 77.05223014485091 22.58908031298779 28.247033221938182 39.389172627124935 44.232418416067958 4.1236378429457536
leaf_count=1795 2347 575 1409 1839 2489 273
internal_value=0.000361946 0.00324684 0.000418775 -0.00247597 0.00170893 0.00898213
internal_weight=245.844 215.634 193.044 164.797 125.408 81.1759
internal_count=10727 8932 8357 6948 5109 2620
is_linear=0
shrinkage=0.05


Tree=107
num_leaves=7
num_cat=0
split_feature=23 28 25 30 31 67
split_gain=2.96999 3.73611 3.99212 5.59166 3.59446 5.11364
threshold=1.3147040322898462 1.5668275591579153 0.8832722813915127 0.61977352880995584 -0.3381642757055961 1.5491305169322678
decision_type=2 2 2 2 2 2
left_child=1 2 3 4 5 -1
right_child=-2 -3 -4 -5 -6 -7
leaf_value=0.011431168351261622 -0.019944537467841431 -0.032279234250107668 0.015684896115487498 -0.022237312032739709 -0.0067268184735580902 -0.031292322998070006
leaf_weight=97.918301235942636 13.329730280674992 4.669041382148861 47.268588709412143 22.013600384583697 56.627775540342554 4.6645731811877331
leaf_count=3798 883 395 1601 1076 2629 415
internal_value=0.000687996 0.00210592 0.00321776 -0.000236498 0.0031605 0.00865455
internal_weight=246.492 233.162 228.493 181.224 159.211 102.583
internal_count=10797 9914 9519 7918 6842 4213
is_linear=0
shrinkage=0.05


Tree=108
num_leaves=7
num_cat=0
split_feature=67 67 20 0 67 68
split_gain=3.93353 3.73968 3.6935 3.73695 4.92813 2.38286
threshold=-1.4185991601795025 1.8181950458640326 -0.78187589130304613 0.62942124989110781 -0.81119032586650941 -0.69537654405800842
decision_type=2 2 2 2 2 2
left_child=-1 2 5 4 -4 -2
right_child=1 -3 3 -5 -6 -7
leaf_value=-0.039053191267219775 0.033117556649853268 -0.03391532991153224 -0.032735948450077844 0.0075073467492240663 -0.0028927303023348078 0.0065428946539838025
leaf_weight=3.5112013847101471 9.4644226601812971 4.7292016975115976 12.901886146981267 70.177076897234656 112.61420422163792 32.846372227999382
leaf_count=390 215 452 581 2437 5423 1298
internal_value=-0.000701038 0.000323739 0.00141779 -0.00153824 -0.00665289 0.0142864
internal_weight=246.244 242.733 238.004 195.693 125.516 42.3108
internal_count=10796 10406 9954 8441 6004 1513
is_linear=0
shrinkage=0.05


Tree=109
num_leaves=7
num_cat=0
split_feature=30 29 58 25 12 10
split_gain=3.62812 3.69929 3.40276 4.56676 2.7966 3.11436
threshold=-1.5130334397524059 -0.59922048851031962 0.80776354121548843 0.64698444867277127 0.15780925933559856 1.3937342097269119
decision_type=2 2 2 2 2 2
left_child=-1 -2 3 -3 5 -5
right_child=1 2 -4 4 -6 -7
leaf_value=-0.029213808046195652 0.009610371031369835 -0.01406396702585682 0.015516547013814878 0.026096591922060097 -0.0032093837358230189 -0.021457528231132807
leaf_weight=8.1809532942716015 66.928394077171106 83.767557871178724 16.840306418307591 15.815183836501093 46.52790274261497 1.8403294270392496
leaf_count=737 2478 4551 482 542 1754 116
internal_value=-0.001395 -5.20135e-05 -0.00407796 -0.00657233 0.00339662 0.0187432
internal_weight=239.901 231.72 164.791 147.951 64.1834 17.6555
internal_count=10660 9923 7445 6963 2412 658
is_linear=0
shrinkage=0.05


Tree=110
num_leaves=7
num_cat=0
split_feature=22 22 30 25 67 29
split_gain=3.81728 3.63748 4.15141 4.126 3.69384 3.57749
threshold=-1.835464010520117 1.0826950654601419 1.1874991247582105 -1.3267943059451752 1.5161484133857934 -2.3832857266366729
decision_type=2 2 2 2 2 2
left_child=5 2 3 -2 -3 -1
right_child=1 4 -4 -5 -6 -7
leaf_value=0.019389109301066337 -0.022609458343428951 -0.026587624331835827 -0.018561505968120846 0.0067797652069423149 0.016397080003955355 -0.037111221961758784
leaf_weight=1.5893545276485372 9.8720114901661855 18.120073157362643 17.903239784529433 179.81303281075088 4.3190531260333946 9.3109389625024033
leaf_count=37 829 1128 818 7045 256 606
internal_value=-0.00102082 0.000510168 0.00266114 0.00492202 -0.017356 -0.0264664
internal_weight=240.928 230.027 207.588 189.685 22.4391 10.9003
internal_count=10719 10076 8692 7874 1384 643
is_linear=0
shrinkage=0.05


Tree=111
num_leaves=7
num_cat=0
split_feature=14 67 68 24 68 67
split_gain=3.40747 3.26924 3.20296 3.00954 5.51073 3.81077
threshold=0.039446857423601482 1.8181950458640326 -0.69537654405800842 0.042499482765256356 0.90784080030114001 -0.78520390007226082
decision_type=2 2 2 2 2 2
left_child=1 2 -1 -4 5 -5
right_child=-2 -3 3 4 -6 -7
leaf_value=0.016159790311422711 -0.01092299445911139 -0.033974603950733442 -0.0083786918361770726 -0.0077554083278599667 -0.031636686089557067 0.016294835922035372
leaf_weight=37.391054879699368 59.397913610388059 2.9493996964301905 57.52923326427117 20.463595777167939 5.8824082750361404 58.323364584997762
leaf_count=1088 3467 267 2918 753 370 1943
internal_value=-0.000824175 0.00258545 0.00373422 0.000200544 0.00611701 0.00999284
internal_weight=241.937 182.539 179.59 142.199 84.6694 78.787
internal_count=10806 7339 7072 5984 3066 2696
is_linear=0
shrinkage=0.05


Tree=112
num_leaves=7
num_cat=0
split_feature=63 32 41 8 30 21
split_gain=3.73298 3.70668 4.04446 3.05688 3.32106 2.50593
threshold=1.0000000180025095e-35 1.1266497313852015 1.0000000180025095e-35 -1.5604720734773838 0.15945547804110075 0.69796831609793186
decision_type=2 2 2 2 2 2
left_child=3 2 -2 4 -1 -4
right_child=1 -3 5 -5 -6 -7
leaf_value=0.0060861434964859171 0.012057105995597943 0.012331687453039746 -0.0093423821644713842 0.0093199915841525021 -0.039550375229864924 -0.031811442764082064
leaf_weight=7.4087569803232309 15.669848150340838 20.935760312015191 70.818136527203023 109.39622304419754 4.217517148819752 13.554899541777557
leaf_count=278 702 747 3045 4587 207 1117
internal_value=0.000528266 -0.00561387 -0.00961899 0.00665545 -0.0151854 -0.0139205
internal_weight=242.001 120.979 100.043 121.022 11.6263 84.373
internal_count=10683 5611 4864 5072 485 4162
is_linear=0
shrinkage=0.05


Tree=113
num_leaves=7
num_cat=0
split_feature=22 67 30 31 33 67
split_gain=4.01029 3.67387 3.18537 4.97754 6.84354 4.38472
threshold=1.4370781720994164 -1.4185991601795025 0.7271810739893555 -0.3381642757055961 -0.85155942912891303 1.6538052981876574
decision_type=2 2 2 2 2 2
left_child=1 -1 3 5 -5 -3
right_child=-2 2 -4 4 -6 -7
leaf_value=-0.036129230564159544 -0.030249036481588124 0.012643294579038435 -0.010255388009265856 0.010648183798525564 -0.019721833400448047 -0.028812976907187673
leaf_weight=3.7556647607125333 8.3236757429549453 110.54549547762144 44.837234636535868 31.155993452935945 38.17594592703972 3.9691869069356462
leaf_count=392 661 4224 1981 1301 1844 378
internal_value=-0.00119286 0.000219818 0.00127687 0.00420891 -0.00619873 0.0105075
internal_weight=240.763 232.44 228.684 183.847 69.3319 114.515
internal_count=10781 10120 9728 7747 3145 4602
is_linear=0
shrinkage=0.05


Tree=114
num_leaves=7
num_cat=0
split_feature=25 67 68 24 67 28
split_gain=3.53469 4.1532 4.73086 4.50826 3.19729 7.00898
threshold=0.48017137611964406 0.86344994320293034 2.014779997438056 -1.11202768782989 -0.34508376674735936 0.63449334786451217
decision_type=2 2 2 2 2 2
left_child=1 3 -3 -1 -5 -6
right_child=-2 2 -4 4 5 -7
leaf_value=0.018466288244630136 0.0085552503310598327 -0.037206673293891816 0.018231594711867964 -0.010929667994164871 0.017431982561039956 -0.026290611559610308
leaf_weight=22.073657787637785 87.117948593164328 13.227167164906861 3.0416112339589736 73.973956779227592 31.267276245169342 9.6137940459884685
leaf_count=763 3182 1321 358 3293 1188 603
internal_value=0.000677354 -0.0038808 -0.0256171 -0.000804411 -0.00488378 0.00605551
internal_weight=240.315 153.197 16.2688 136.929 114.855 40.8811
internal_count=10708 7526 1679 5847 5084 1791
is_linear=0
shrinkage=0.05


Tree=115
num_leaves=7
num_cat=0
split_feature=25 67 63 32 68 22
split_gain=3.47658 4.90515 3.54658 5.46823 3.43394 3.01736
threshold=0.43048614814882852 0.19912094176946907 1.0000000180025095e-35 0.34200513868183041 2.014779997438056 -1.4012305216950598
decision_type=2 2 2 2 2 2
left_child=1 2 3 5 -3 -1
right_child=-2 4 -4 -5 -6 -7
leaf_value=-0.015160383182151283 0.0065525965975901839 -0.034110766748945136 -0.0088537755575768887 -0.01180899739518816 0.013499374681581605 0.024193884413723873
leaf_weight=3.6143522388301781 89.39595137455035 17.928559054504152 73.555648147012107 20.511547162692295 2.924853660282678 30.691251465003006
leaf_count=141 3359 1693 3136 1019 343 1032
internal_value=-0.00111365 -0.00574484 -0.00183149 0.00756174 -0.0265751 0.0191619
internal_weight=238.622 149.226 128.373 54.8172 20.8534 34.3056
internal_count=10723 7364 5328 2192 2036 1173
is_linear=0
shrinkage=0.05


Tree=116
num_leaves=7
num_cat=0
split_feature=20 25 24 63 30 41
split_gain=2.36246 3.08835 3.99843 4.16077 4.03864 3.35025
threshold=-0.83941211078901634 -0.75209865342169768 0.89809705756617786 1.0000000180025095e-35 0.80390074911749798 1.0000000180025095e-35
decision_type=2 2 2 2 2 2
left_child=-1 -2 3 4 -3 -5
right_child=1 2 -4 5 -6 -7
leaf_value=0.014315789605722891 -0.016351274126206444 0.010728704206295195 0.012989639141789928 0.011916815950733481 -0.013794235930334893 -0.016847285078982525
leaf_weight=22.617093305045273 28.045905976498034 59.537418529391289 46.20996475755237 9.9173668655566853 20.114277845481411 57.647650510538369
leaf_count=782 2260 2418 1367 367 811 2881
internal_value=-7.04369e-05 -0.00171127 0.000628769 -0.00343312 0.00426007 -0.0122981
internal_weight=244.09 221.473 193.427 147.217 79.6517 67.565
internal_count=10886 10104 7844 6477 3229 3248
is_linear=0
shrinkage=0.05


Tree=117
num_leaves=7
num_cat=0
split_feature=15 68 35 41 22 8
split_gain=3.54541 2.35788 3.62196 3.39367 3.52286 3.72978
threshold=0.53579164137585711 0.89284056487756736 1.0000000180025095e-35 1.0000000180025095e-35 0.58176821224851916 -1.5604720734773838
decision_type=2 2 2 2 2 2
left_child=1 2 3 -1 5 -5
right_child=-2 -3 -4 4 -6 -7
leaf_value=0.01799618485281276 -0.016284517265999669 -0.016111370601277677 -0.028975997789739572 -0.020512636027384165 -0.010826462956201842 0.0085255440084205658
leaf_weight=32.757038461160846 30.97243941022316 15.194249906344337 5.6665594172663978 9.499448372051118 42.964437614486087 101.64418226550333
leaf_count=948 2191 1268 291 421 1864 3767
internal_value=-0.00130688 0.00112636 0.00271305 0.00411666 0.000879138 0.00556975
internal_weight=238.698 207.726 192.532 186.865 154.108 111.144
internal_count=10750 8559 7291 7000 6052 4188
is_linear=0
shrinkage=0.05


Tree=118
num_leaves=7
num_cat=0
split_feature=66 30 24 31 28 32
split_gain=2.59756 3.05807 2.48849 3.53847 4.17166 3.25253
threshold=1.9902672395286585 -1.5590652448292914 0.85181118466900752 -0.15174566583683816 -0.56222317975737057 0.37002815984980791
decision_type=2 2 2 2 2 2
left_child=1 -1 5 -4 -5 -3
right_child=-2 2 3 4 -6 -7
leaf_value=-0.030014459970596697 0.013238769023424739 0.00053998841877651415 0.018305420485135098 -0.041976073783786511 0.0058762541147780543 -0.015849288955386589
leaf_weight=6.1921906979987389 30.159692900429945 118.79834982415196 31.720202336553484 3.3843176229856935 13.895994235761462 37.539196665515192
leaf_count=634 1545 5705 908 161 470 1395
internal_value=0.000217465 -0.00179826 -0.000527428 0.00897807 -0.00831858 -0.00361966
internal_weight=241.69 211.53 205.338 49.0005 17.2803 156.338
internal_count=10818 9273 8639 1539 631 7100
is_linear=0
shrinkage=0.05


Tree=119
num_leaves=7
num_cat=0
split_feature=31 67 63 24 32 41
split_gain=3.52731 3.37093 2.74262 5.66682 4.67931 4.20388
threshold=2.3649055673913946 1.8181950458640326 1.0000000180025095e-35 1.0665262061642142 0.56618930802565071 1.0000000180025095e-35
decision_type=2 2 2 2 2 2
left_child=1 2 4 5 -1 -4
right_child=-2 -3 3 -5 -6 -7
leaf_value=0.013425998161242078 -0.036231810563124668 -0.032001041326608852 0.013671358490782043 0.016782563074413597 -0.0088993180897567296 -0.013368477427356334
leaf_weight=85.295296971220523 3.4793784439098081 4.443195521249435 14.890483229886739 25.01085890037939 29.599968002643436 78.837377728195861
leaf_count=3422 330 457 656 787 1252 3883
internal_value=0.000175933 0.00115227 0.00218048 -0.00311618 0.00759433 -0.0087819
internal_weight=241.557 238.077 233.634 118.739 114.895 93.7279
internal_count=10787 10457 10000 5326 4674 4539
is_linear=0
shrinkage=0.05


Tree=120
num_leaves=7
num_cat=0
split_feature=29 67 27 15 20 25
split_gain=2.89917 4.83697 2.82632 2.81178 2.76844 2.71739
threshold=-0.60877238617450746 -0.80108738678016811 -0.68338652644761477 -0.3326990035040383 -0.5941261224540908 0.45417630488374666
decision_type=2 2 2 2 2 2
left_child=2 -2 3 -1 -5 -3
right_child=1 5 -4 4 -6 -7
leaf_value=0.0096951893909357906 -0.029001154968654089 -0.0091673806831087945 0.021956868679659673 -0.0238201290557635 0.0096537772694911296 0.0040865897933602324
leaf_weight=31.334272655367386 15.911501095193669 69.33203745726496 18.541526533837896 14.183326150116047 7.5708802395383819 80.44810800999403
leaf_count=1141 865 3952 645 787 340 3090
internal_value=-0.00154764 -0.0051605 0.00668098 0.000456728 -0.0124124 -0.00210811
internal_weight=237.322 165.692 71.63 53.0885 21.7542 149.78
internal_count=10820 7907 2913 2268 1127 7042
is_linear=0
shrinkage=0.05


Tree=121
num_leaves=7
num_cat=0
split_feature=24 68 26 22 52 40
split_gain=3.14108 4.00286 3.44421 2.85625 2.58756 2.33959
threshold=-0.067124107176271083 1.0279892657948355 0.6862575468057025 -1.835464010520117 1.0000000180025095e-35 1.0000000180025095e-35
decision_type=2 2 2 2 2 2
left_child=2 3 -1 -2 5 -5
right_child=1 -3 -4 4 -6 -7
leaf_value=-0.003915074598687257 -0.02708979504096742 -0.027023012668388385 -0.032837358914672793 0.0099329342500111672 -0.033259594745263875 -0.018776192996168162
leaf_weight=83.888307864894159 3.342459821375086 6.8138359821168697 8.9388596613425744 127.90318570664385 0.91301059722900291 4.7916978689609087
leaf_count=4242 174 533 1129 4289 36 390
internal_value=-0.000606954 0.00399821 -0.00764099 0.00608782 0.00749451 0.00850404
internal_weight=236.591 143.764 92.8272 136.95 133.608 132.695
internal_count=10793 5422 5371 4889 4715 4679
is_linear=0
shrinkage=0.05


Tree=122
num_leaves=7
num_cat=0
split_feature=67 68 18 8 67 68
split_gain=2.84657 3.07758 3.84728 3.54117 3.38193 6.36984
threshold=1.8181950458640326 -0.57317592909268389 -0.22857016412926393 -0.74035698565838437 -0.22053292835475177 0.62224999883279841
decision_type=2 2 2 2 2 2
left_child=1 3 -3 -1 5 -4
right_child=-2 2 4 -5 -6 -7
leaf_value=-0.010323102115814211 -0.030965287098504032 -0.01451496390361837 0.001563258972422291 0.013901986229752104 0.013578964196563029 -0.040898402793433541
leaf_weight=17.228287503588945 4.339965069666504 49.501645452983212 59.365459255874157 62.203111929906299 37.048416691832244 7.3367128961253902
leaf_count=625 476 3193 2305 2094 1479 611
internal_value=-0.000304783 0.000653965 -0.00347838 0.00846321 0.00204734 -0.00466645
internal_weight=237.024 232.684 153.252 79.4314 103.751 66.7022
internal_count=10783 10307 7588 2719 4395 2916
is_linear=0
shrinkage=0.05


Tree=123
num_leaves=7
num_cat=0
split_feature=22 29 63 68 31 18
split_gain=2.68914 2.85702 2.47613 9.38601 2.90792 2.62022
threshold=-1.4012305216950598 -2.0825155729867251 1.0000000180025095e-35 0.65826033598971267 1.8056497377851206 1.0862642051390516
decision_type=2 2 2 2 2 2
left_child=1 -1 4 5 -2 -4
right_child=2 -3 3 -5 -6 -7
leaf_value=0.019330640079007127 0.0089279582230241353 -0.022208896244714432 -0.0021247726181319896 -0.042246060578157392 -0.028468227228611503 0.017228795814459946
leaf_weight=2.6665393188595798 106.03065559244715 18.979437002330087 78.703485557809472 10.560014886665156 2.5814408357255152 19.306403475115076
leaf_count=87 4469 1023 3314 1164 179 547
internal_value=0.000305093 -0.0153616 0.00205458 -0.00324591 0.00729784 0.00208604
internal_weight=238.828 21.646 217.182 108.57 108.612 98.0099
internal_count=10783 1110 9673 5025 4648 3861
is_linear=0
shrinkage=0.05


Tree=124
num_leaves=7
num_cat=0
split_feature=22 58 22 31 15 40
split_gain=2.45959 3.35162 2.779 3.12264 2.54458 2.49398
threshold=-0.80571327424646089 -0.063658924764026917 1.3527902158630101 2.3649055673913946 -0.57341836997083451 1.0000000180025095e-35
decision_type=2 2 2 2 2 2
left_child=1 4 3 5 -1 -2
right_child=2 -3 -4 -5 -6 -7
leaf_value=-0.0007207145064028808 0.0070325839479629896 0.017091511234807361 -0.019187338589526929 -0.031614071649530298 -0.026709324969870982 -0.01992500725281858
leaf_weight=16.493388696573675 174.68522609912907 7.0639621007721862 10.047268591471946 2.8005550003144881 19.500804872019216 6.1661076990421853
leaf_count=674 7106 170 778 250 1175 602
internal_value=0.000793335 -0.00961876 0.00321928 0.0047338 -0.0157724 0.00580334
internal_weight=236.757 43.0582 193.699 183.652 35.9942 180.851
internal_count=10755 2019 8736 7958 1849 7708
is_linear=0
shrinkage=0.05


Tree=125
num_leaves=7
num_cat=0
split_feature=67 66 14 6 18 0
split_gain=2.97717 2.86309 2.54794 2.16374 3.19337 2.85365
threshold=-1.4185991601795025 2.0531000582497634 0.27574134802371686 -0.20357056434113682 -0.9009176378765037 -0.40526765651332969
decision_type=2 2 2 2 2 2
left_child=-1 2 -2 -4 -5 -6
right_child=1 -3 3 4 5 -7
leaf_value=-0.032925414718697525 0.0013834041770427162 0.015136926587579539 -0.020468940249903995 -0.027212544405133987 0.037359519624027983 -0.0094692430112617992
leaf_weight=3.7048433257732531 167.55717698344961 27.573573449015385 24.409699035575613 2.6309915034798896 4.6083592121722168 3.9745702884392804
leaf_count=422 6635 1444 1412 337 257 214
internal_value=-7.62264e-05 0.000866975 -0.00126166 -0.012844 0.00457067 0.0188381
internal_weight=234.459 230.754 203.181 35.6236 11.2139 8.58293
internal_count=10721 10299 8855 2220 808 471
is_linear=0
shrinkage=0.05


Tree=126
num_leaves=7
num_cat=0
split_feature=20 24 25 8 58 12
split_gain=3.04064 3.16469 2.96487 3.00687 4.01527 2.92755
threshold=-0.83941211078901634 -0.52810247256152609 -0.79111853737022975 -0.74035698565838437 -0.18730963634721756 -0.30757515377301953
decision_type=2 2 2 2 2 2
left_child=-1 -2 -3 4 5 -4
right_child=1 2 3 -5 -6 -7
leaf_value=0.01586017574708324 -0.014964862353518064 -0.021830039352418392 0.011039000094845458 0.0058043954016573016 0.019967347936965731 -0.025265996954795401
leaf_weight=21.92533761478262 38.643223471706733 10.861042120202908 5.1992295437958118 127.20500633024494 6.1856154017150393 23.095963483676314
leaf_count=777 2954 979 208 4741 146 896
internal_value=-0.00067809 -0.00259315 0.000385979 0.00224879 -0.010283 -0.0181762
internal_weight=233.115 211.19 172.547 161.686 34.4808 28.2952
internal_count=10701 9924 6970 5991 1250 1104
is_linear=0
shrinkage=0.05


Tree=127
num_leaves=7
num_cat=0
split_feature=68 68 30 28 28 25
split_gain=2.47268 3.09617 4.53678 4.42568 2.97304 4.4129
threshold=-0.57317592909268389 -0.90586844700507652 0.6504613988612129 0.9407910540081269 0.35847637256616255 1.1541611087196308
decision_type=2 2 2 2 2 2
left_child=1 3 -3 -1 -2 -6
right_child=4 2 -4 -5 5 -7
leaf_value=-0.022211858262976239 0.00030699999660614599 0.019369653889911461 -0.009990964492081195 0.025231972461761117 -0.0223297053241059 0.012327312297111488
leaf_weight=15.076578745618464 106.27634337620111 45.506216110487003 15.915012205718083 3.9842018121853462 36.059011811390519 9.8786254727747274
leaf_count=560 5026 1629 578 106 2401 402
internal_value=-0.000655885 0.00629214 0.011651 -0.0102122 -0.00438021 -0.0145781
internal_weight=232.696 80.482 61.4212 19.0608 152.214 45.9376
internal_count=10702 2873 2207 666 7829 2803
is_linear=0
shrinkage=0.05


Tree=128
num_leaves=7
num_cat=0
split_feature=20 18 34 67 68 24
split_gain=3.24422 4.35151 2.73828 2.69819 4.04441 2.91719
threshold=-0.78187589130304613 -0.7232956437966781 1.0000000180025095e-35 -0.17699655167340564 -0.13455340988288064 0.89809705756617786
decision_type=2 2 2 2 2 2
left_child=2 -2 -1 4 5 -3
right_child=1 3 -4 -5 -6 -7
leaf_value=-0.016448550668924453 -0.024168344430151312 -0.0068386894702800851 0.016001599869868842 0.0072843685322464399 -0.023266248001465997 0.011875288248932664
leaf_weight=5.1907620035344726 19.122883478063159 56.102662694349419 38.718597989995033 64.506371099385433 21.625598827027716 29.154627163195983
leaf_count=289 1751 2057 1431 2937 1384 891
internal_value=-0.000443846 -0.00329807 0.0113589 -0.000593748 -0.00541745 -0.000253116
internal_weight=234.422 190.512 43.9094 171.389 106.883 85.2573
internal_count=10740 9020 1720 7269 4332 2948
is_linear=0
shrinkage=0.05


Tree=129
num_leaves=7
num_cat=0
split_feature=22 22 60 26 19 29
split_gain=3.12673 3.36548 2.70588 2.40234 2.2577 2.53511
threshold=-2.1916636679403485 1.3527902158630101 0.2535452587698897 2.1937160153624409 1.8717931632063465 0.82829151360722919
decision_type=2 2 2 2 2 2
left_child=-1 3 -3 4 5 -2
right_child=1 2 -4 -5 -6 -7
leaf_value=-0.031588365048857078 0.0012706106870794681 -0.034044439426167014 0.018253730111478732 -0.027503128836153374 -0.01867769307211856 0.016270701101276274
leaf_weight=5.0008506169542661 173.38191923656268 8.4063458996824902 1.1192422111053009 3.8701191331492728 8.9233987962361407 30.780643096659333
leaf_count=360 7357 747 36 414 367 1414
internal_value=-0.000869015 0.000213372 -0.0249993 0.00164622 0.00255012 0.00373498
internal_weight=231.483 226.482 9.52559 216.956 213.086 204.163
internal_count=10695 10335 783 9552 9138 8771
is_linear=0
shrinkage=0.05


Tree=130
num_leaves=7
num_cat=0
split_feature=2 25 41 35 67 0
split_gain=2.17981 3.34309 2.10299 4.08132 3.26653 3.15854
threshold=-1.3785289033470427 -1.1236945143310675 1.0000000180025095e-35 1.0000000180025095e-35 -1.1638210897839207 0.65465756468145997
decision_type=2 2 2 2 2 2
left_child=-1 -2 3 4 -3 -4
right_child=1 2 5 -5 -6 -7
leaf_value=0.014271364735059692 -0.025785999428963615 -0.02215642459258986 -0.0085945736616158605 -0.033638078567419363 0.019812785880082274 0.0057168982922486183
leaf_weight=16.586837816052139 12.193246403243391 2.8553921226412049 110.96745510777691 2.1281782190781078 29.936214197194204 55.735997937823413
leaf_count=582 1257 141 5649 123 960 1998
internal_value=-0.00173791 -0.00316012 -0.00143382 0.00923849 0.0146074 -0.00379317
internal_weight=230.403 213.816 201.623 34.9198 32.7916 166.703
internal_count=10710 10128 8871 1224 1101 7647
is_linear=0
shrinkage=0.05


Tree=131
num_leaves=7
num_cat=0
split_feature=8 67 67 12 31 68
split_gain=3.21646 3.23455 4.1374 3.2823 3.09872 2.74057
threshold=-0.74035698565838437 0.240261776193229 -0.32234347430215854 -0.38741501194954314 -0.3381642757055961 -0.58690578627191448
decision_type=2 2 2 2 2 2
left_child=1 2 3 -1 -5 -2
right_child=5 -3 -4 4 -6 -7
leaf_value=0.011505130020914208 0.012013911348195114 -0.033957746559235578 0.013767502288493201 -0.0077310318782008699 -0.047181215812706012 -0.00073916662308859881
leaf_weight=6.6408729137619948 61.744941431941697 8.2756693641422299 17.707205554004762 13.925183168554215 6.307726099737919 119.6706808716408
leaf_count=302 2160 660 598 547 276 6115
internal_value=0.00054906 -0.00996997 -0.00365678 -0.0153673 -0.0245341 0.00372618
internal_weight=234.272 52.8567 44.581 26.8738 20.2329 181.416
internal_count=10658 2383 1723 1125 823 8275
is_linear=0
shrinkage=0.05


Tree=132
num_leaves=7
num_cat=0
split_feature=25 2 56 32 28 33
split_gain=3.4453 2.31948 2.69368 2.01537 2.05281 1.99279
threshold=-1.2598344939096233 1.262207794846143 1.0000000180025095e-35 2.6959389167919432 1.5902805822392836 -0.97387569404288976
decision_type=2 2 2 2 2 2
left_child=-1 2 5 4 -4 -2
right_child=1 -3 3 -5 -6 -7
leaf_value=-0.022068218433155515 0.0096325458861816066 -0.014306138805815889 0.006429496625439202 -0.027716875993985562 -0.024899971985011329 -0.020517874547000454
leaf_weight=14.577203413704408 5.552481860737319 19.474876376683824 170.62555883498862 1.7338615399785329 2.4898117886623359 16.639806128368946
leaf_count=1230 225 1202 6953 69 240 825
internal_value=-0.000775716 0.000939826 0.00263863 0.00477045 0.00556243 -0.0127255
internal_weight=231.094 216.516 197.042 174.849 173.115 22.1923
internal_count=10744 9514 8312 7262 7193 1050
is_linear=0
shrinkage=0.05


Tree=133
num_leaves=7
num_cat=0
split_feature=67 67 23 68 68 67
split_gain=3.54338 2.83712 2.5664 3.43916 4.38479 2.40471
threshold=1.8181950458640326 -1.4525360088286379 1.2974145803163986 -0.92184589646275772 -0.73397649840531132 1.4404631652475677
decision_type=2 2 2 2 2 2
left_child=1 -1 3 -3 -5 -4
right_child=-2 2 5 4 -6 -7
leaf_value=-0.035020266690469114 -0.036080236284345965 -0.018524859921064684 -0.029450869027485446 0.021965050355475274 0.001304254584817594 0.010876057553382962
leaf_weight=2.5378083278192198 3.8714786176569751 14.846230332739649 9.1499682390131039 27.240700426162221 173.32853540114593 3.4680533935315898
leaf_count=342 451 502 671 1011 7680 196
internal_value=-0.000697951 0.000351932 0.00119522 0.00258048 0.00439269 -0.018407
internal_weight=234.443 230.571 228.033 215.415 200.569 12.618
internal_count=10853 10402 10060 9193 8691 867
is_linear=0
shrinkage=0.05


Tree=134
num_leaves=7
num_cat=0
split_feature=67 52 30 25 31 68
split_gain=2.49136 2.28935 2.31847 3.9835 3.29715 2.66293
threshold=-1.4185991601795025 1.0000000180025095e-35 0.14411154301547222 0.2532941410676226 -0.3381642757055961 -0.71555601386235768
decision_type=2 2 2 2 2 2
left_child=-1 2 4 5 -2 -4
right_child=1 -3 3 -5 -6 -7
leaf_value=-0.029669314109428538 0.013430520133371799 -0.035000220261003849 0.0081304116094015194 0.0033118572057186631 -0.00332316629893749 -0.026420852589792643
leaf_weight=3.1686577969230703 81.756867898599012 1.0118124783039082 5.8473041790421147 79.8924854057841 43.39502867180272 19.472401513601653
leaf_count=406 3506 56 227 3059 2313 1211
internal_value=0.00174046 0.00254487 0.0031576 -0.00228514 0.00767956 -0.0184256
internal_weight=234.545 231.376 230.364 105.212 125.152 25.3197
internal_count=10778 10372 10316 4497 5819 1438
is_linear=0
shrinkage=0.05


Tree=135
num_leaves=7
num_cat=0
split_feature=28 31 31 30 28 28
split_gain=2.28518 2.18776 3.75824 2.88709 5.85913 2.97027
threshold=1.5668275591579153 2.5513241772601525 1.1531846032444677 0.86527648922001188 0.89670182001704235 -0.91126294885345283
decision_type=2 2 2 2 2 2
left_child=1 2 3 5 -5 -1
right_child=-2 -3 -4 4 -6 -7
leaf_value=-0.010666027357293313 -0.027037283202422768 -0.030397360702641037 0.028951172413336015 -0.024920757855811021 0.019598482347706701 0.0048819342242639062
leaf_weight=35.652344050817192 5.1532914726994923 2.8068234118400133 8.180810575722715 24.999039284652099 7.5395905006444073 147.51074748765677
leaf_count=1599 504 270 368 1219 321 6520
internal_value=-0.00103021 -9.35839e-05 0.000683247 -0.000771282 -0.0138215 0.00173244
internal_weight=231.843 226.689 223.883 215.702 32.5386 183.163
internal_count=10801 10297 10027 9659 1540 8119
is_linear=0
shrinkage=0.05


Tree=136
num_leaves=7
num_cat=0
split_feature=68 67 26 67 67 17
split_gain=2.31995 7.52116 3.23746 2.78393 2.41038 4.61046
threshold=-0.13455340988288064 -0.62373046470946858 -0.82545728520038175 -0.24020067746957077 0.018240142319856507 0.24796214995834601
decision_type=2 2 2 2 2 2
left_child=2 -2 3 -1 -3 -6
right_child=1 4 -4 -5 5 -7
leaf_value=0.0245753185810101 -0.033710273978344266 0.013894607579939926 3.917313466371408e-06 -0.0089221333622355164 0.017421096494981397 -0.022094144065204942
leaf_weight=23.906756999378562 16.578352409182116 22.595512073021382 138.99066630806192 6.3566984152421346 9.2900952181080374 16.076147727668285
leaf_count=787 1264 938 5304 327 895 1287
internal_value=0.000281258 -0.00757648 0.00335735 0.0173692 0.00290954 -0.00731025
internal_weight=233.794 64.5401 169.254 30.2635 47.9618 25.3662
internal_count=10802 4384 6418 1114 3120 2182
is_linear=0
shrinkage=0.05


Tree=137
num_leaves=7
num_cat=0
split_feature=67 24 56 30 25 31
split_gain=2.72169 2.74557 3.81287 3.13746 3.0849 2.98971
threshold=-1.4525360088286379 0.89809705756617786 1.0000000180025095e-35 0.86527648922001188 -0.72673095536358168 0.50071946870381479
decision_type=2 2 2 2 2 2
left_child=-1 2 -2 -4 -3 -5
right_child=1 4 3 5 -6 -7
leaf_value=-0.035148797774991275 -0.023193105708959463 -0.022955089046537619 0.0025536279691575976 -0.022838410384986824 0.013883638213862718 0.014709532626662872
leaf_weight=2.7591683882055795 18.104957218572963 3.7163346899906164 135.87877585808747 21.617915499606173 44.658863641758217 4.5270268805325022
leaf_count=369 1121 372 6260 1126 1356 217
internal_value=-0.00120072 -0.000340622 -0.0032019 -0.000587008 0.00987839 -0.0154921
internal_weight=231.263 228.504 180.129 162.024 48.3752 26.1449
internal_count=10821 10452 8724 7603 1728 1343
is_linear=0
shrinkage=0.05


Tree=138
num_leaves=7
num_cat=0
split_feature=30 31 28 28 29 25
split_gain=2.52094 3.22178 3.04675 4.04617 3.63742 3.32902
threshold=0.86527648922001188 -0.3381642757055961 0.86118549263533584 -1.1486406093623935 -2.0825155729867251 -1.2900165991798442
decision_type=2 2 2 2 2 2
left_child=2 -2 3 4 -1 -5
right_child=1 -3 -4 5 -6 -7
leaf_value=0.021301455360500085 -0.029625369086265459 -0.00031628692558023815 -0.014424420518176925 -0.018570437007877923 -0.020885470438675818 0.0090622739909288746
leaf_weight=3.7961797376628992 13.375843216199426 22.089889823691919 24.115144295967184 9.0617140673566592 22.851110010407865 134.12322961032623
leaf_count=116 753 980 1548 812 1125 5354
internal_value=-0.00112164 -0.0128186 0.00117997 0.00360762 -0.0133282 0.00696828
internal_weight=229.413 35.4657 193.947 169.832 26.6473 143.185
internal_count=10688 1733 8955 7407 1241 6166
is_linear=0
shrinkage=0.05


Tree=139
num_leaves=7
num_cat=0
split_feature=58 30 26 22 41 30
split_gain=1.83698 2.29698 2.06886 2.35273 2.59327 2.83424
threshold=1.6262222560397877 -1.5590652448292914 -0.95376878282576871 -0.80571327424646089 1.0000000180025095e-35 -0.31620650775338283
decision_type=2 2 2 2 2 2
left_child=1 -1 -3 -4 -5 -6
right_child=-2 2 3 4 5 -7
leaf_value=-0.025540516526889753 0.015082346742600304 0.022898271940865647 -0.012822078038103674 0.015558816281479397 0.0096233927163130954 -0.0056493598888755006
leaf_weight=6.2886409170459947 15.790667192806721 6.3331907353713168 32.773052030592225 23.840789468726143 39.411819591012318 104.33541233965661
leaf_count=688 532 249 1678 823 1889 4917
internal_value=8.8793e-05 -0.00121689 -0.000122039 -0.00117675 0.00128602 -0.00135083
internal_weight=228.774 212.983 206.694 200.361 167.588 143.747
internal_count=10776 10244 9556 9307 7629 6806
is_linear=0
shrinkage=0.05


Tree=140
num_leaves=7
num_cat=0
split_feature=56 58 32 68 8 18
split_gain=3.57509 2.85976 2.70299 2.47709 4.47835 3.05505
threshold=1.0000000180025095e-35 1.7969613155478197 1.0425806678812688 -0.57317592909268389 -1.150414529567884 -0.20672525734434113
decision_type=2 2 2 2 2 2
left_child=2 3 -1 4 5 -2
right_child=1 -3 -4 -5 -6 -7
leaf_value=-0.024426941281153129 0.0094744394196592339 0.026690818998934097 0.011622553868539274 -0.0034247949628645039 0.013342289838604924 -0.037092495450048231
leaf_weight=20.097462449513845 4.2985455438029021 8.1446332049090397 4.7515448915073639 129.39363122323994 59.444803301827051 5.5671918294392508
leaf_count=1182 165 227 170 6775 2021 224
internal_value=-0.000194043 0.00204226 -0.0170242 0.000649995 0.00808358 -0.0193249
internal_weight=231.698 206.849 24.849 198.704 69.3105 9.86574
internal_count=10764 9412 1352 9185 2410 389
is_linear=0
shrinkage=0.05


Tree=141
num_leaves=7
num_cat=0
split_feature=67 31 24 67 68 32
split_gain=2.35088 2.26026 2.10775 2.78156 2.38239 2.62609
threshold=1.8181950458640326 2.5513241772601525 0.89809705756617786 -1.4525360088286379 0.89284056487756736 2.6959389167919432
decision_type=2 2 2 2 2 2
left_child=1 2 -1 -4 5 -5
right_child=-2 -3 3 4 -6 -7
leaf_value=-0.0018626576535032695 -0.029340324493209665 -0.030820056025185196 -0.028669401662038352 0.018168705431476469 -0.020714370845927588 -0.02482325560026305
leaf_weight=173.01978620060254 4.0552211343310764 2.8099895075429222 1.6431705823633809 43.903530753625091 2.4346949887694782 1.275583239737897
leaf_count=8154 465 294 187 1380 199 48
internal_value=-0.000920049 -2.88464e-05 0.000765657 0.00957478 0.0125157 0.0154848
internal_weight=229.142 225.087 222.277 49.257 47.6138 45.1791
internal_count=10727 10262 9968 1814 1627 1428
is_linear=0
shrinkage=0.05


Tree=142
num_leaves=7
num_cat=0
split_feature=67 22 29 67 0 42
split_gain=2.39989 2.41185 2.41274 3.40962 2.85652 2.55424
threshold=-1.4525360088286379 -2.3838287898401602 -0.59922048851031962 -0.83858283081194973 0.65465756468145997 1.0000000180025095e-35
decision_type=2 2 2 2 2 2
left_child=-1 -2 4 -4 -3 -5
right_child=1 2 3 5 -6 -7
leaf_value=-0.034022272891615725 -0.031263793552016125 0.0007365642181681965 -0.025603468028769345 -0.0031989910492760776 0.02238686058615252 0.016485359384300707
leaf_weight=2.5105525290127835 3.2415082792285821 45.197772904124577 12.263997753791044 127.60141561820637 20.147981277550571 15.865264949738046
leaf_count=350 248 1853 652 6498 722 438
internal_value=-0.00142065 -0.000611589 0.000250397 -0.00313489 0.00810162 -0.000729122
internal_weight=226.828 224.318 221.076 155.731 65.3458 143.467
internal_count=10761 10411 10163 7588 2575 6936
is_linear=0
shrinkage=0.05


Tree=143
num_leaves=7
num_cat=0
split_feature=30 27 24 42 34 66
split_gain=1.88771 2.1528 2.33017 2.50489 4.10801 2.58889
threshold=-1.5590652448292914 -1.322959824132018 0.85181118466900752 1.0000000180025095e-35 1.0000000180025095e-35 -0.48746848826408135
decision_type=2 2 2 2 2 2
left_child=-1 -2 3 5 -5 -3
right_child=1 2 -4 4 -6 -7
leaf_value=-0.02259191595793384 0.015959206610347023 -0.010789942590304151 0.0073292132676985242 -0.029715444863462254 0.02352322902921623 0.0046079886658831502
leaf_weight=6.7909952071495345 15.997190947644411 103.03599293879233 51.239824434305774 1.9226795813301567 13.210244836285709 34.834678562910995
leaf_count=698 569 5339 1863 124 354 1785
internal_value=-0.00110952 -0.000152425 -0.00162711 -0.00470978 0.0129619 -0.00688419
internal_weight=227.032 220.241 204.243 153.004 15.1329 137.871
internal_count=10732 10034 9465 7602 478 7124
is_linear=0
shrinkage=0.05


Tree=144
num_leaves=7
num_cat=0
split_feature=22 21 68 52 68 6
split_gain=1.92295 2.34599 2.12825 1.90659 1.94882 2.29293
threshold=-0.84344562903948261 0.1469383355607625 -0.28030488307023055 1.0000000180025095e-35 -0.28030488307023055 0.23064377361963917
decision_type=2 2 2 2 2 2
left_child=1 -1 -3 4 -2 -6
right_child=3 2 -4 -5 5 -7
leaf_value=-0.015242917960346221 0.0075798381935285181 -0.013532988833445506 0.026247830633676323 -0.031408761479838863 -0.005512984803695266 0.021150678166091903
leaf_weight=30.536003601213451 111.69488091531093 3.2642938587814569 5.2387493009446171 1.0236105115618546 70.051738294598181 6.0995121393352738
leaf_count=1467 4130 180 307 51 4051 506
internal_value=0.000662633 -0.00903236 0.0114296 0.00277647 0.00345355 -0.00265659
internal_weight=227.909 39.039 8.50304 188.87 187.846 76.1513
internal_count=10692 1954 487 8738 8687 4557
is_linear=0
shrinkage=0.05


Tree=145
num_leaves=7
num_cat=0
split_feature=6 22 13 66 22 13
split_gain=2.16224 3.50241 2.61057 2.42717 2.84791 1.69483
threshold=0.55630452709022127 0.74899468699833516 0.63254279694419091 1.9902672395286585 1.3315884731766974 -0.70356347834832345
decision_type=2 2 2 2 2 2
left_child=3 -2 -3 4 5 -1
right_child=1 2 -4 -5 -6 -7
leaf_value=0.0045725471142748957 -0.0042071967360019285 0.052677413187690092 -0.012195056829905286 0.012306435566228046 -0.028356249478597891 -0.0051951043275935633
leaf_weight=69.023840895737521 7.6184505036799219 4.1317954913247377 0.7470447301166131 27.099601350812009 7.4529508395353323 113.30061974085402
leaf_count=2356 551 176 83 1485 677 5416
internal_value=0.000363491 0.0184107 0.041883 -0.000913461 -0.00296336 -0.00148314
internal_weight=229.374 12.4973 4.87884 216.877 189.777 182.324
internal_count=10744 810 259 9934 8449 7772
is_linear=0
shrinkage=0.05


Tree=146
num_leaves=7
num_cat=0
split_feature=67 67 22 2 1 68
split_gain=2.50697 2.13278 1.97256 1.74312 2.41623 2.74082
threshold=1.8598566503437899 -1.4185991601795025 1.5908881217955924 -1.3785289033470427 -0.35045101170852827 -0.27224286728883124
decision_type=2 2 2 2 2 2
left_child=1 -1 3 -3 5 -5
right_child=-2 2 -4 4 -6 -7
leaf_value=-0.028211557966013063 -0.031364929063937466 0.017410865848485581 -0.02460615243960489 0.0006696253538350076 0.0046493835759009675 -0.023063171057877807
leaf_weight=2.9520558957010499 3.0062870644032946 15.982380935223771 3.7284943535923949 34.02797788992757 152.33658314278 15.79513503279304
leaf_count=401 382 519 356 1367 6585 1087
internal_value=0.000529278 0.00136316 0.00212778 0.00291233 0.00152827 -0.00773678
internal_weight=227.829 224.823 221.871 218.142 202.16 49.8231
internal_count=10697 10315 9914 9558 9039 2454
is_linear=0
shrinkage=0.05


Tree=147
num_leaves=7
num_cat=0
split_feature=20 25 26 58 24 32
split_gain=1.90454 3.8763 2.78843 2.1278 2.28335 3.81859
threshold=-0.78187589130304613 -0.75209865342169768 -0.69622135191380197 0.87254540466360841 0.88170414424843002 0.48212024452171803
decision_type=2 2 2 2 2 2
left_child=-1 2 -2 4 5 -3
right_child=1 3 -4 -5 -6 -7
leaf_value=0.0097143890811254296 0.0060175204247443961 8.6325522768055269e-05 -0.032679861599347597 0.016774791527315924 0.0088790665971780827 -0.021960681638318824
leaf_weight=42.865887124615256 5.4541601070668575 90.938405434717424 12.669815734901929 15.754097217373781 39.504445634869626 22.042066683527082
leaf_count=1710 383 4581 1495 519 1198 832
internal_value=0.000579209 -0.00164261 -0.0218337 0.000876928 -0.00105754 -0.00467175
internal_weight=229.229 186.363 18.124 168.239 152.485 112.98
internal_count=10718 9008 1878 7130 6611 5413
is_linear=0
shrinkage=0.05


Tree=148
num_leaves=7
num_cat=0
split_feature=67 58 22 25 30 22
split_gain=2.53599 1.81178 3.49436 2.08755 4.27474 2.21217
threshold=1.8598566503437899 0.66646583431653716 0.81257396433183127 0.64698444867277127 0.80390074911749798 1.3315884731766974
decision_type=2 2 2 2 2 2
left_child=1 3 -3 4 5 -1
right_child=-2 2 -4 -5 -6 -7
leaf_value=0.00024917394833340632 -0.031629381481894168 0.021345624916427584 -0.024914069182660606 0.0071172192559374563 -0.034692634120715306 -0.028077323123869333
leaf_weight=129.6282591507188 3.0249364410992703 19.539845757186416 2.3540794937871388 62.122589926002547 7.313888930133543 4.2766371350735417
leaf_count=6184 386 615 124 2380 585 459
internal_value=0.000396026 0.00123622 0.0139687 -0.000317848 -0.00366857 -0.00125095
internal_weight=228.26 225.235 21.8939 203.341 141.219 133.905
internal_count=10733 10347 739 9608 7228 6643
is_linear=0
shrinkage=0.05


Tree=149
num_leaves=7
num_cat=0
split_feature=22 31 67 31 12 33
split_gain=2.12918 1.89679 1.97533 5.32499 2.93854 3.88309
threshold=1.5908881217955924 2.5513241772601525 -0.30271044319107304 -0.3381642757055961 0.2345321036277038 -0.48461132343641228
decision_type=2 2 2 2 2 2
left_child=1 2 3 -1 5 -4
right_child=-2 -3 4 -5 -6 -7
leaf_value=0.0059583741216803349 -0.026994614517772648 -0.028170819682556303 0.026662258474400166 -0.016109855459021445 -0.001456794647816772 0.0006057091023438263
leaf_weight=64.385728916560765 3.9807257363572708 2.43513168033678 27.193744873860851 43.155052360642003 59.943799818283878 27.430960291298106
leaf_count=2613 413 255 1392 1891 2507 1713
internal_value=0.000208071 0.00103987 0.00173128 -0.00309426 0.0062242 0.0142902
internal_weight=228.525 224.544 222.109 107.541 114.569 54.6247
internal_count=10784 10371 10116 4504 5612 3105
is_linear=0
shrinkage=0.05


Tree=150
num_leaves=7
num_cat=0
split_feature=35 28 41 30 8 11
split_gain=2.17995 3.09205 2.81309 3.66499 2.77855 2.77458
threshold=1.0000000180025095e-35 1.0388589821146836 1.0000000180025095e-35 -1.1601229341629502 -1.5604720734773838 0.45118830111112235
decision_type=2 2 2 2 2 2
left_child=2 -2 3 -1 -4 -6
right_child=1 -3 4 -5 5 -7
leaf_value=-0.025265686469711741 -0.034593763102118501 0.01865815900590197 -0.022989978968439084 0.017735597586905769 0.0038204158169084582 -0.010423186607151734
leaf_weight=3.0271625057794145 6.5455627209739742 1.6390157256973905 11.296381708147235 34.813540607865434 123.64800946461037 43.832854821695946
leaf_count=354 400 81 645 1186 5326 2679
internal_value=-0.000255788 -0.0217855 0.000844158 0.0126924 -0.00183176 -2.522e-05
internal_weight=224.803 8.18458 216.618 37.8407 178.777 167.481
internal_count=10671 481 10190 1540 8650 8005
is_linear=0
shrinkage=0.05


Tree=151
num_leaves=7
num_cat=0
split_feature=67 0 23 10 20 29
split_gain=2.49415 2.38863 3.24219 3.89826 3.35994 3.22556
threshold=-1.4185991601795025 0.65465756468145997 0.67371110775863163 1.3187557376395682 -0.83941211078901634 -0.57881763509961426
decision_type=2 2 2 2 2 2
left_child=-1 2 4 -4 -2 -3
right_child=1 5 3 -5 -6 -7
leaf_value=-0.033898856626362564 0.0098494797779266393 0.022280625914536525 0.016385317180558388 -0.019063373820841865 -0.01191335478678086 -0.00055956464993955413
leaf_weight=2.8190268189646295 19.147824863670394 20.083886349602835 29.440716844750568 7.4595435531227841 97.529145596956369 46.361837523523718
leaf_count=400 663 715 1668 632 4892 1769
internal_value=-0.00158471 -0.000720263 -0.0041343 0.00832469 -0.00818449 0.00700838
internal_weight=222.842 220.023 153.577 36.9003 116.677 66.4457
internal_count=10739 10339 7855 2300 5555 2484
is_linear=0
shrinkage=0.05


Tree=152
num_leaves=7
num_cat=0
split_feature=66 3 3 67 18 67
split_gain=2.26766 1.99404 3.20403 2.95533 4.49489 4.10071
threshold=1.9902672395286585 2.3260761889354504 1.2405523447181366 -0.32826289393865732 -0.74706372449882197 0.7594695220222033
decision_type=2 2 2 2 2 2
left_child=1 2 3 -1 5 -5
right_child=-2 -3 -4 4 -6 -7
leaf_value=-0.007473008701435269 0.012565817868164304 0.019817057165654517 -0.02101356664745932 0.0036412703183758416 0.011679602082121564 -0.037484056404641995
leaf_weight=83.037948368815705 27.427152231102809 6.9387634724844238 19.282582760904916 13.691159122972751 67.204868299188092 7.246713518863543
leaf_count=3398 1518 222 875 695 2996 1008
internal_value=-0.000154705 -0.00208375 -0.00317655 -0.000839983 0.00544918 -0.0135063
internal_weight=224.829 197.402 190.463 171.181 88.1427 20.9379
internal_count=10712 9194 8972 8097 4699 1703
is_linear=0
shrinkage=0.05


Tree=153
num_leaves=7
num_cat=0
split_feature=26 24 32 23 2 21
split_gain=1.66265 4.38678 3.47415 2.94882 2.69247 2.45846
threshold=-0.82545728520038175 -0.52810247256152609 0.37002815984980791 -0.49866231726901084 -0.35480718774792247 -0.3851023881784234
decision_type=2 2 2 2 2 2
left_child=-1 -2 5 -4 -5 -3
right_child=1 2 3 4 -6 -7
leaf_value=0.0084641971886503155 -0.019140493830800784 -0.011551455339062485 0.0066088926215964565 -0.037245211518862391 -0.0073495071501128335 0.011353738249130213
leaf_weight=42.16221906064311 28.82784178876318 11.350997318280859 25.035407589515671 7.0629655529628499 39.569217794021824 72.785777295590378
leaf_count=1795 2640 521 1011 359 1582 2823
internal_value=-0.000150738 -0.0022219 0.00121092 -0.00672818 -0.0138551 0.00797226
internal_weight=226.794 184.632 155.804 71.6676 46.6322 84.1368
internal_count=10731 8936 6296 2952 1941 3344
is_linear=0
shrinkage=0.05


Tree=154
num_leaves=7
num_cat=0
split_feature=25 31 24 12 68 24
split_gain=2.44791 3.89203 3.25496 3.28126 3.13447 3.25897
threshold=0.63076821588185694 -0.24495497077121717 0.89809705756617786 -0.21771971291204509 -0.57317592909268389 0.25661985936560339
decision_type=2 2 2 2 2 2
left_child=1 2 3 -1 5 -5
right_child=-2 -3 -4 4 -6 -7
leaf_value=0.0092997487178922544 0.007783977311405732 -0.015765266033162688 0.019130067145866212 0.015320255599121644 -0.017868219665512886 -0.021531194683268706
leaf_weight=35.370592083432712 71.112453703011852 41.516404036461608 18.697189548431197 17.31241092924029 36.531542526499834 5.6084673381119492
leaf_count=2177 2700 2578 672 562 1828 205
internal_value=0.00029005 -0.00322979 0.00164253 -0.00228659 -0.00929536 0.0048548
internal_weight=226.149 155.037 113.52 94.823 59.4524 22.9209
internal_count=10722 8022 5444 4772 2595 767
is_linear=0
shrinkage=0.05


Tree=155
num_leaves=7
num_cat=0
split_feature=20 5 15 12 25 15
split_gain=1.96969 2.04803 3.70762 2.54214 2.51766 2.68983
threshold=-0.83941211078901634 -0.51248896502192498 -0.62505260532585549 0.34070044456398474 -1.2900165991798442 1.672951488816897
decision_type=2 2 2 2 2 2
left_child=-1 2 -2 -4 -3 -6
right_child=1 4 3 -5 5 -7
leaf_value=0.013116456230554475 -0.0014431446742514508 -0.028567619605979051 0.00017908537343167192 -0.037322102124721278 0.0011034150260193114 0.02831960016562456
leaf_weight=20.97962442599237 52.755288923101034 3.5661487377365111 6.4015917860670042 12.13778254095814 120.47373171328218 6.845685346866957
leaf_count=769 2340 647 369 557 5590 477
internal_value=-0.000449841 -0.00202877 -0.00866486 -0.0261516 0.00169913 0.00318501
internal_weight=223.16 202.18 71.2947 18.5394 130.886 127.319
internal_count=10749 9980 3266 926 6714 6067
is_linear=0
shrinkage=0.05


Tree=156
num_leaves=7
num_cat=0
split_feature=41 30 29 22 67 66
split_gain=2.25297 3.53928 2.89641 3.8174 3.22145 2.77743
threshold=1.0000000180025095e-35 -1.1601229341629502 -0.59922048851031962 -0.53792773840795216 -0.11941674248200798 -0.48746848826408135
decision_type=2 2 2 2 2 2
left_child=1 -1 3 -2 -5 -4
right_child=2 -3 5 4 -6 -7
leaf_value=-0.026614893456736444 -0.012286020004836334 0.014371874239116657 -0.01134306522431125 0.019345718391615082 -0.018331514819532109 0.0054614062017674702
leaf_weight=3.2565747158369041 17.090183310792781 37.387401629821397 96.696858733776025 35.284461758856196 4.2241708955261847 30.612348682014272
leaf_count=361 824 1312 5204 1234 252 1546
internal_value=-0.00075583 0.00948412 -0.00313478 0.00606358 0.0143079 -0.00726961
internal_weight=224.552 40.644 183.908 56.5988 39.5086 127.309
internal_count=10733 1673 9060 2310 1486 6750
is_linear=0
shrinkage=0.05


Tree=157
num_leaves=7
num_cat=0
split_feature=56 58 22 29 29 67
split_gain=2.09909 2.71295 2.26667 1.94213 3.03851 4.24875
threshold=1.0000000180025095e-35 1.6262222560397877 -2.1916636679403485 1.1726183206058736 0.9688190320427611 -0.22053292835475177
decision_type=2 2 2 2 2 2
left_child=-1 2 -2 4 -4 -6
right_child=1 -3 3 -5 5 -7
leaf_value=-0.013588798322404916 -0.027224826128643131 0.02441228439020756 0.00036369250258550201 -0.014584699772258037 -0.020479439456313659 0.036341833147679616
leaf_weight=24.466561508917948 4.511645109159871 8.7971973015519307 157.79567404079717 15.597461390483657 2.2509457528358334 9.879107001353983
leaf_count=1375 331 255 7243 1012 132 414
internal_value=-0.000627439 0.00114575 -0.000293975 0.000783754 0.00242297 0.0238277
internal_weight=223.299 198.832 190.035 185.523 169.926 12.1301
internal_count=10762 9387 9132 8801 7789 546
is_linear=0
shrinkage=0.05


Tree=158
num_leaves=7
num_cat=0
split_feature=25 22 12 32 24 29
split_gain=2.51992 2.21732 2.1975 2.06137 2.68127 2.67115
threshold=-1.2598344939096233 -2.2537897046490785 -1.4837225912782028 -1.3954221737327763 -0.61426169638157135 -0.14424449896972302
decision_type=2 2 2 2 2 2
left_child=-1 -2 -3 -4 5 -5
right_child=1 2 3 4 -6 -7
leaf_value=-0.019406318000445198 -0.028151775501719562 0.022438337931873151 0.025448389048247241 0.00091488030218401519 0.0018436300194044032 -0.030769954538046575
leaf_weight=13.260473712056408 3.3357051953207693 9.2417260109214094 5.0129624721594146 12.747765354695732 169.65828960231738 10.537161598389501
leaf_count=1225 249 472 335 544 6692 1173
internal_value=-0.000437087 0.00101355 0.00187818 0.000597665 -0.000427739 -0.0152989
internal_weight=223.794 210.534 207.198 197.956 192.943 23.2849
internal_count=10690 9465 9216 8744 8409 1717
is_linear=0
shrinkage=0.05


Tree=159
num_leaves=7
num_cat=0
split_feature=25 29 22 14 26 13
split_gain=1.99404 2.96149 2.79507 2.35218 3.87913 1.92731
threshold=-1.3267943059451752 -2.2695417292515239 -2.1475733854139771 1.5148077988678448 -0.55755600273488837 -1.1117345162156587
decision_type=2 2 2 2 2 2
left_child=1 -1 -2 5 -5 -4
right_child=2 -3 3 4 -6 -7
leaf_value=0.0082760942576449639 -0.02923155821388139 -0.035218547653025879 0.013269762382793079 0.044423510022054864 -0.008405927885798704 -0.00093077944754103858
leaf_weight=5.1608593495329842 4.2673749231034881 6.2461884219665063 24.579713703657035 5.0995530486106873 4.6724484625738096 176.55498267407529
leaf_count=188 330 852 916 185 405 7938
internal_value=0.000102938 -0.0179147 0.00129131 0.0023102 0.0231222 0.000974113
internal_weight=226.581 11.407 215.174 210.907 9.772 201.135
internal_count=10814 1040 9774 9444 590 8854
is_linear=0
shrinkage=0.05


Tree=160
num_leaves=7
num_cat=0
split_feature=22 35 67 42 24 30
split_gain=2.43093 2.25688 2.08051 1.87447 2.28954 2.26017
threshold=-2.1475733854139771 1.0000000180025095e-35 0.31803010455544234 1.0000000180025095e-35 1.1859373296454556 0.80390074911749798
decision_type=2 2 2 2 2 2
left_child=-1 3 -3 5 -5 -2
right_child=1 2 -4 4 -6 -7
leaf_value=-0.026304375258855813 0.0024545175078451477 -0.035067893924788984 0.0098660042337853117 0.021748526593149735 -0.013735321142642726 -0.011469213317621043
leaf_weight=5.7936413969146079 157.58546968919109 5.0099608562886706 2.2072036424651742 17.512416148441847 3.6204019972356027 32.608244859206025
leaf_count=405 7537 284 160 550 153 1668
internal_value=-0.000527351 0.000502946 -0.022464 0.00159076 0.0147178 -7.37017e-05
internal_weight=224.337 218.544 7.21716 211.327 21.1328 190.194
internal_count=10757 10352 444 9908 703 9205
is_linear=0
shrinkage=0.05


Tree=161
num_leaves=7
num_cat=0
split_feature=67 32 24 30 67 58
split_gain=2.15196 1.80796 3.47279 3.23541 3.23785 2.68117
threshold=1.8598566503437899 0.34200513868183041 0.5247886354635839 -0.31620650775338283 1.5928752016360126 -0.21086222353865744
decision_type=2 2 2 2 2 2
left_child=1 2 -1 -3 5 -5
right_child=-2 3 -4 4 -6 -7
leaf_value=-0.00055432076806684035 -0.031084870535651534 0.0052133116079327241 0.020561977651341615 -0.023822108530486774 0.014225629758758641 0.008910982867954503
leaf_weight=113.54750619572587 2.9254022037493987 34.939986127545126 20.46432811091654 36.745363058231305 6.434465068858116 5.8083522165252353
leaf_count=6013 390 1677 713 1522 161 205
internal_value=-0.00135191 -0.00053614 0.00304987 -0.00616973 -0.0141208 -0.0190616
internal_weight=220.865 217.94 134.012 83.9282 48.9882 42.5537
internal_count=10681 10291 6726 3565 1888 1727
is_linear=0
shrinkage=0.05


Tree=162
num_leaves=7
num_cat=0
split_feature=6 28 13 63 68 67
split_gain=1.81064 3.04621 3.73017 2.55216 3.15643 3.00414
threshold=0.12209018912944516 1.2277997202806421 -0.50331417438877435 1.0000000180025095e-35 0.68669726438228407 -1.0004381642158064
decision_type=2 2 2 2 2 2
left_child=3 2 -2 5 -5 -1
right_child=1 -3 -4 4 -6 -7
leaf_value=-0.019660501161483258 0.029481491755693742 0.040971345944873235 -0.01278233308366632 -0.0038854562862403277 -0.030488375917096029 0.0068681785282626905
leaf_weight=9.147222991101442 4.7998911817558172 3.8117207159521049 12.812951024854554 95.145083866198547 9.8488389236154017 89.29142087418586
leaf_count=511 254 214 836 3983 1120 3868
internal_value=-0.000312098 0.0125657 0.00134994 -0.00183123 -0.00715854 0.00389451
internal_weight=224.857 21.4246 17.6128 203.433 104.994 98.4386
internal_count=10786 1304 1090 9482 5103 4379
is_linear=0
shrinkage=0.05


Tree=163
num_leaves=7
num_cat=0
split_feature=30 28 5 31 33 2
split_gain=1.99819 2.89681 2.82598 2.12321 4.3765 3.17282
threshold=0.926652229322526 0.89670182001704235 -0.2534454113627988 -0.3381642757055961 -0.85155942912891303 0.63401492391031888
decision_type=2 2 2 2 2 2
left_child=3 -2 -3 -1 5 -5
right_child=1 2 -4 4 -6 -7
leaf_value=0.0056017291926254388 -0.01993847171398086 -0.016995043647208524 0.029510470480283896 0.017028718223751734 -0.015404714547173723 -0.012797467017216655
leaf_weight=114.79206166721997 23.472221958567392 3.0938427961664274 4.7493661650223649 24.495090562326368 41.834286149038235 10.607552153174764
leaf_count=5282 1149 220 200 938 2253 683
internal_value=-0.000616912 -0.0117351 0.0115392 0.00135185 -0.00496135 0.00771768
internal_weight=223.044 31.3154 7.84321 191.729 76.9369 35.1026
internal_count=10725 1569 420 9156 3874 1621
is_linear=0
shrinkage=0.05


Tree=164
num_leaves=7
num_cat=0
split_feature=32 29 24 67 0 23
split_gain=1.74551 4.68044 5.02964 4.5815 2.92084 2.37004
threshold=0.37002815984980791 -1.0221021018992447 0.85181118466900752 -0.87470691369627263 0.30134915761653003 -0.22459748872115828
decision_type=2 2 2 2 2 2
left_child=3 -2 -3 -1 -5 -4
right_child=1 2 5 4 -6 -7
leaf_value=-0.028899820713033236 0.018408937355069658 -0.0257252444430634 0.011818128028196137 0.00060516443116470685 0.016205895999143152 -0.011338766826912332
leaf_weight=7.2884304937906554 13.70795407949481 29.164306877471972 20.52732903425931 91.394588999683037 41.84515888534952 17.852222347049974
leaf_count=410 575 1291 790 5276 1549 831
internal_value=3.69159e-05 -0.00567642 -0.0111395 0.0033899 0.00575368 0.00100558
internal_weight=221.78 81.2518 67.5439 140.528 133.24 38.3796
internal_count=10722 3487 2912 7235 6825 1621
is_linear=0
shrinkage=0.05


Tree=165
num_leaves=7
num_cat=0
split_feature=2 3 66 22 28 60
split_gain=1.88205 2.4973 2.32311 2.95567 2.71774 2.16344
threshold=1.7857018539593295 2.3260761889354504 -0.15375639392425874 1.3158104321078132 -0.30044335293530922 0.2535452587698897
decision_type=2 2 2 2 2 2
left_child=1 2 3 -1 -4 -5
right_child=-2 -3 4 5 -6 -7
leaf_value=-0.0017385099807783338 -0.020706907222865639 0.026973243664852178 -0.0056850576327477816 -0.038580143341598039 0.01819024112297437 0.014132420287604565
leaf_weight=156.57272441638634 8.0913271449971926 5.5043959540780625 17.744880875921808 6.0922438583802423 27.354297687386861 0.81957049586344499
leaf_count=7027 610 141 964 643 1382 31
internal_value=-0.000622965 0.00041176 -0.00066169 -0.00344908 0.00902752 -0.0299441
internal_weight=222.179 214.088 208.584 163.485 45.0992 6.91181
internal_count=10798 10188 10047 7701 2346 674
is_linear=0
shrinkage=0.05


Tree=166
num_leaves=7
num_cat=0
split_feature=28 25 67 68 31 67
split_gain=2.10883 2.36555 3.1674 4.46336 2.69822 2.56164
threshold=1.5902805822392836 0.24275154397142712 0.057818666575625753 2.014779997438056 -0.3381642757055961 -0.22683424603231525
decision_type=2 2 2 2 2 2
left_child=1 2 4 -4 -1 -3
right_child=-2 5 3 -5 -6 -7
leaf_value=0.0045489496737871537 -0.028476997205136162 -0.0040325695654687818 -0.032702899157548669 0.022335848415271066 -0.012212815048681241 0.011668529627048894
leaf_weight=64.39308976844768 3.9188749348977572 43.021036278863903 15.182614131306766 2.3683519206242627 34.350449679855956 58.277490682667121
leaf_count=2625 456 1631 1575 294 1806 2371
internal_value=-0.00130014 -0.000430062 -0.0052333 -0.0230995 -0.00147023 0.00507615
internal_weight=221.512 217.593 116.295 17.551 98.7435 101.299
internal_count=10758 10302 6300 1869 4431 4002
is_linear=0
shrinkage=0.05


Tree=167
num_leaves=7
num_cat=0
split_feature=67 67 22 19 0 52
split_gain=2.35491 2.03712 1.89945 2.31068 3.06953 1.85282
threshold=-1.4525360088286379 1.8181950458640326 -0.80571327424646089 -1.3701781604387702 0.32658547240688213 1.0000000180025095e-35
decision_type=2 2 2 2 2 2
left_child=-1 2 3 -2 -5 -4
right_child=1 -3 5 4 -6 -7
leaf_value=-0.03233727645949052 0.020185688776313097 -0.026438048843489464 0.0048234901546009949 -0.023956791399671506 0.0043290632874226527 -0.029542618004042967
leaf_weight=2.3790288664749815 3.7207826711237422 3.5138242942048228 177.00659398938296 19.395140470936894 15.393520609301047 1.0540492220316071
leaf_count=365 131 453 8020 1180 566 52
internal_value=0.000359755 0.00114331 0.00194593 -0.00773861 -0.0120906 0.00413393
internal_weight=222.463 220.084 216.57 38.5094 34.7887 178.061
internal_count=10767 10402 9949 1877 1746 8072
is_linear=0
shrinkage=0.05


Tree=168
num_leaves=7
num_cat=0
split_feature=32 34 22 67 41 24
split_gain=1.77526 1.76448 3.11157 3.00806 2.90953 3.29098
threshold=2.5558238109520559 1.0000000180025095e-35 0.52210749445680171 -0.014915551245283829 1.0000000180025095e-35 0.88170414424843002
decision_type=2 2 2 2 2 2
left_child=1 2 -1 -4 -3 -6
right_child=-2 4 3 -5 5 -7
leaf_value=-0.018185573982973092 -0.029902811149107103 0.019115877558157454 -0.015077348228345517 0.042423082755277314 -0.0033596549599419186 0.013106666968092326
leaf_weight=22.159893292526252 1.8412894216598932 19.982040121627506 1.9903112668544052 2.131244813790544 138.17855201492785 35.651935667759972
leaf_count=1538 90 582 102 121 6978 1246
internal_value=5.2175e-05 0.000701517 -0.0107612 0.0200016 0.00239623 0.000182586
internal_weight=221.935 220.094 26.2814 4.12156 193.813 173.83
internal_count=10657 10567 1761 223 8806 8224
is_linear=0
shrinkage=0.05


Tree=169
num_leaves=7
num_cat=0
split_feature=35 67 41 23 66 28
split_gain=2.74995 2.43901 3.27792 4.2933 3.19998 2.64075
threshold=1.0000000180025095e-35 -1.4185991601795025 1.0000000180025095e-35 -0.3917513701050751 -0.48746848826408135 -0.67195638435740213
decision_type=2 2 2 2 2 2
left_child=1 -1 -3 5 -5 -4
right_child=-2 2 3 4 -6 -7
leaf_value=-0.03251353320956684 -0.026252564376961086 0.014263029524465027 -0.0068438982624429425 -0.012479985951634808 0.0070253851502238953 0.014191599013564152
leaf_weight=2.5830253102467386 7.3710139044560483 35.110342012776528 19.235867537325248 84.141607192752417 25.54712794921943 46.415524155599996
leaf_count=384 459 1281 852 4478 1281 1897
internal_value=-0.00111048 0.000111922 0.000963703 -0.0018945 -0.00787099 0.00799846
internal_weight=220.405 213.033 210.45 175.34 109.689 65.6514
internal_count=10632 10173 9789 8508 5759 2749
is_linear=0
shrinkage=0.05


Tree=170
num_leaves=7
num_cat=0
split_feature=10 29 26 8 29 22
split_gain=1.83378 2.5329 3.89213 2.66379 1.70544 3.00071
threshold=1.3045796011149304 0.82829151360722919 0.47859306011248309 -0.74035698565838437 1.2437608544087448 0.84955374808702788
decision_type=2 2 2 2 2 2
left_child=1 2 -1 -3 -5 -6
right_child=-2 3 -4 4 5 -7
leaf_value=0.00047987827257948133 -0.017231528110581817 -0.014524762110556273 -0.030111016678371551 0.025508131471831397 -0.024216513226602107 0.022435476584736859
leaf_weight=167.89348892914131 11.647781201056203 5.042593923630192 8.0785248046740872 20.716229013632987 3.8781569116981691 3.9142328228335828
leaf_count=7404 869 293 730 955 281 232
internal_value=-0.000121702 0.00105928 -0.00140568 0.0130419 0.0188366 -0.00106009
internal_weight=221.171 209.523 175.972 33.5512 28.5086 7.79239
internal_count=10764 9895 8134 1761 1468 513
is_linear=0
shrinkage=0.05


Tree=171
num_leaves=7
num_cat=0
split_feature=32 29 58 24 0 13
split_gain=1.90267 3.53238 3.16858 2.86706 2.71644 2.68167
threshold=0.34200513868183041 -1.0221021018992447 -0.22852604531245646 1.8503324635235872 0.30134915761653003 -0.73336920740428757
decision_type=2 2 2 2 2 2
left_child=4 -2 3 -3 5 -1
right_child=1 2 -4 -5 -6 -7
leaf_value=0.0082920418723963062 0.015748465248505771 -0.017555635308071384 0.01466843308166149 0.013741362051595478 0.014245430983967645 -0.0080671760237491109
leaf_weight=42.728983754932415 13.600612896843812 55.508888163138181 8.8497146985027921 6.1167258244240648 41.572139502153732 52.423861873452552
leaf_count=1767 571 2365 372 304 1599 3731
internal_value=0.000448561 -0.00535893 -0.00990901 -0.0139555 0.00405813 -0.000692057
internal_weight=220.801 84.0759 70.4753 61.6256 136.725 95.1528
internal_count=10709 3612 3041 2669 7097 5498
is_linear=0
shrinkage=0.05


Tree=172
num_leaves=7
num_cat=0
split_feature=25 26 68 6 68 24
split_gain=1.62755 3.49771 2.3368 2.74597 2.13698 2.03687
threshold=-0.65832000189072704 -0.55755600273488837 0.89284056487756736 0.23064377361963917 1.1916726165080849 0.89809705756617786
decision_type=2 2 2 2 2 2
left_child=1 4 5 -4 -1 -2
right_child=2 -3 3 -5 -6 -7
leaf_value=-0.0034492981476000415 0.00043740416576548078 -0.027665822752661509 -0.0258541700202593 0.024148981058148791 0.03289406754567533 0.013037068138613508
leaf_weight=29.560515347926415 127.21032065161853 12.708118838490917 10.329664946300905 0.95091073319781649 1.6221153638325621 39.99244574966724
leaf_count=1442 5403 1503 924 100 160 1240
internal_value=-0.000118096 -0.00842061 0.00202902 -0.0174515 0.00116226 0.00362773
internal_weight=222.374 43.8907 178.483 11.2806 31.1826 167.203
internal_count=10772 3105 7667 1024 1602 6643
is_linear=0
shrinkage=0.05


Tree=173
num_leaves=7
num_cat=0
split_feature=67 6 31 20 24 67
split_gain=2.5931 2.02251 2.4737 2.3706 2.36319 2.1236
threshold=1.8181950458640326 0.23064377361963917 0.31430085883505682 -0.8457319156342985 -0.28739986201259599 -0.83858283081194973
decision_type=2 2 2 2 2 2
left_child=1 3 -3 -1 -5 -6
right_child=-2 2 -4 4 5 -7
leaf_value=0.014434252385929781 -0.032936634366468855 0.023025499643783517 -0.016974773900579908 -0.013289412931890333 -0.010931970496908895 0.0030550238883964775
leaf_weight=17.017168953374494 3.3494235692778593 13.7427169024013 2.6543922831770024 44.754723889462184 33.017677494324744 107.10228378197644
leaf_count=601 454 739 203 2995 1714 4047
internal_value=-0.00143644 -0.000513135 0.0149263 -0.00196727 -0.00368337 -0.000400916
internal_weight=221.638 218.289 16.3971 201.892 184.875 140.12
internal_count=10753 10299 942 9357 8756 5761
is_linear=0
shrinkage=0.05


Tree=174
num_leaves=7
num_cat=0
split_feature=67 67 20 42 67 24
split_gain=1.78822 1.92896 2.67357 2.69505 1.8212 2.89973
threshold=1.8181950458640326 1.7866016624668839 1.2549819840522536 1.0000000180025095e-35 -0.81119032586650941 0.85181118466900752
decision_type=2 2 2 2 2 2
left_child=1 2 4 -4 -1 -6
right_child=-2 -3 3 -5 5 -7
leaf_value=-0.0084729370082083453 -0.026921756643218876 0.032818482095419953 -0.028942378371385771 0.014307881854137403 0.00013075552721226064 0.018658343359072859
leaf_weight=41.049433208885603 3.5733153275214127 1.2774844308150921 11.855823930935001 2.7352288444526485 136.69524364150129 21.986438740976155
leaf_count=1989 468 41 1154 70 6392 651
internal_value=-0.00122988 -0.00044044 -0.00108898 -0.0197773 0.000548724 0.00299645
internal_weight=219.173 215.6 214.322 14.5911 199.731 158.682
internal_count=10765 10297 10256 1224 9032 7043
is_linear=0
shrinkage=0.05


Tree=175
num_leaves=7
num_cat=0
split_feature=40 12 22 13 67 24
split_gain=1.99914 2.18995 2.44503 2.28952 1.89921 4.31864
threshold=1.0000000180025095e-35 0.21725403681661318 1.3315884731766974 0.024255561768507388 -0.34508376674735936 -0.75787647423195803
decision_type=2 2 2 2 2 2
left_child=1 2 4 -3 -1 -6
right_child=-2 3 -4 -5 5 -7
leaf_value=0.0001690829526302133 -0.023781545273025478 -0.00066896108809022829 -0.020256472992684193 -0.023287577495529593 -0.0075217917718171587 0.022630684767900807
leaf_weight=37.146348185982788 5.0900793138425788 107.61677966068964 4.9051562321255906 9.5124329884129093 14.63348352286266 40.523170019965619
leaf_count=1630 650 4377 556 467 1269 1772
internal_value=0.000634832 0.00153493 0.00697529 -0.00304158 0.00901453 0.0146557
internal_weight=219.427 214.337 97.2082 117.129 92.303 55.1567
internal_count=10721 10071 5227 4844 4671 3041
is_linear=0
shrinkage=0.05


Tree=176
num_leaves=7
num_cat=0
split_feature=67 68 28 28 67 68
split_gain=2.33276 3.85694 2.7386 2.37583 6.92002 6.18865
threshold=-0.78520390007226082 -0.12849468287140511 -0.7905380532792553 0.61140773506640278 1.6425219469743901 -0.92184589646275772
decision_type=2 2 2 2 2 2
left_child=1 2 -1 5 -5 -2
right_child=3 -3 -4 4 -6 -7
leaf_value=-0.018233645633469138 -0.029412715170047767 -0.030603273750154092 0.0096918558184094748 -0.015257058647882328 0.033095145161876137 0.0087898999248324419
leaf_weight=10.623121002689002 8.6509706832002831 12.524831101240123 21.694531661574729 39.658887760830112 6.0449885718408032 123.17159391357563
leaf_count=405 341 1096 779 2355 361 5524
internal_value=-0.000307624 -0.0101202 -0.000256623 0.00229797 -0.00721717 0.00568413
internal_weight=222.369 44.8425 32.3177 177.526 45.7039 131.823
internal_count=10861 2280 1184 8581 2716 5865
is_linear=0
shrinkage=0.05


Tree=177
num_leaves=7
num_cat=0
split_feature=28 28 29 6 67 67
split_gain=1.86431 1.88551 3.52672 3.03323 2.64872 1.8559
threshold=1.6193059946167472 1.1914261022379977 1.2437608544087448 0.12209018912944516 1.7195959152619407 -0.17699655167340564
decision_type=2 2 2 2 2 2
left_child=1 2 4 -3 5 -1
right_child=-2 3 -4 -5 -6 -7
leaf_value=-0.0011804138363988171 -0.027339855030241195 -0.00012443237455359138 -0.024824263732662135 0.044215350516961308 -0.026634147205949754 0.0093564806369895361
leaf_weight=128.93114231983782 3.1592548707267261 9.9909451826242712 11.169596578052731 3.2653500144369891 5.3152947770431629 58.440243092132732
leaf_count=5554 404 546 785 126 484 2946
internal_value=-0.000210839 0.000551166 -0.000744911 0.0169416 0.00101009 0.00220165
internal_weight=220.272 217.113 203.856 13.2563 192.687 187.371
internal_count=10845 10441 9769 672 8984 8500
is_linear=0
shrinkage=0.05


Tree=178
num_leaves=7
num_cat=0
split_feature=29 8 30 2 35 12
split_gain=2.17465 1.99056 1.95952 4.43528 2.4494 2.01262
threshold=1.2437608544087448 0.48981564607011491 0.926652229322526 0.87831215149647257 1.0000000180025095e-35 -0.37165589606689992
decision_type=2 2 2 2 2 2
left_child=2 -2 4 5 -1 -4
right_child=1 -3 3 -5 -6 -7
leaf_value=0.0049029050920582871 -0.030221052621962386 0.0034388803214352084 0.0074909270007849473 0.014086870591408516 -0.022429411579083975 -0.032423373779291879
leaf_weight=178.46035851628403 7.5024696937180106 6.5989643441862427 2.7269507277524108 9.2534054465359059 5.6446140859043217 12.646692688809708
leaf_count=8195 553 521 191 396 334 649
internal_value=0.000529581 -0.0166294 0.00190799 -0.0105623 0.00371871 -0.0252763
internal_weight=222.833 14.1014 208.732 24.627 184.105 15.3736
internal_count=10839 1074 9765 1236 8529 840
is_linear=0
shrinkage=0.05


Tree=179
num_leaves=7
num_cat=0
split_feature=52 68 67 29 30 28
split_gain=1.72786 1.79519 3.06418 3.24782 2.76565 5.40607
threshold=1.0000000180025095e-35 -0.70026261422855318 -0.81119032586650941 -0.64109600787011922 0.6504613988612129 0.96635668621823434
decision_type=2 2 2 2 2 2
left_child=1 4 3 -3 -1 -6
right_child=-2 2 -4 -5 5 -7
leaf_value=0.016072779435791409 -0.031257206654954732 -0.0011823912276538648 0.0021188763475754003 -0.031890840192498049 -0.027541740907257802 0.027353027293178123
leaf_weight=36.548990638315445 1.1683922568336118 20.520725962123834 135.53028576355428 12.14292740827659 9.3697301275096816 4.1939513690304002
leaf_count=1400 61 975 6973 779 419 106
internal_value=0.00064843 0.00124059 -0.00126875 -0.0143208 0.00925871 -0.00868814
internal_weight=219.475 218.307 168.194 32.6637 50.1127 13.5637
internal_count=10713 10652 8727 1754 1925 525
is_linear=0
shrinkage=0.05


Tree=180
num_leaves=7
num_cat=0
split_feature=56 30 30 68 67 68
split_gain=2.19023 2.85035 2.1927 2.93734 3.61127 3.05836
threshold=1.0000000180025095e-35 -0.56170946816343881 0.75786894404061245 -0.70026261422855318 -0.81119032586650941 -0.92184589646275772
decision_type=2 2 2 2 2 2
left_child=1 -1 3 5 -5 -2
right_child=2 -3 -4 4 -6 -7
leaf_value=0.013768489602240534 -0.004180482200398023 -0.022542489156411966 -0.0096305549726779464 -0.015059542806306621 0.0045775675745480075 0.024990218688347395
leaf_weight=4.9543405317235765 12.341317759593947 18.676863482076442 35.805196203815285 28.008815528650302 92.575962624512613 23.921052087942371
leaf_count=297 448 1056 1730 1568 4689 890
internal_value=-0.000792084 -0.0142364 0.00105003 0.00362318 -0.000238485 0.0155016
internal_weight=216.284 23.6312 192.652 156.847 120.585 36.2624
internal_count=10678 1353 9325 7595 6257 1338
is_linear=0
shrinkage=0.05


Tree=181
num_leaves=7
num_cat=0
split_feature=56 5 18 66 67 64
split_gain=2.0509 2.29606 2.36729 2.28375 2.23191 3.24675
threshold=1.0000000180025095e-35 1.0000000180025095e-35 1.0310647094997309 -0.096875707281004947 -0.64261705874029185 1.0000000180025095e-35
decision_type=2 2 2 2 2 2
left_child=1 2 3 -1 5 -2
right_child=4 -3 -4 -5 -6 -7
leaf_value=-0.037941810285484212 -0.00076265632785962358 0.0070861572281984905 0.0090087916727828454 0.010277468172668995 0.0049740002284983055 -0.031527407933577813
leaf_weight=11.114860616158699 42.926787362725008 8.187105738616081 3.3560554618888991 1.6437886177154712 141.5285182785592 7.7666562623344353
leaf_count=680 2052 509 111 83 6856 379
internal_value=-3.12916e-05 -0.0128667 -0.0225249 -0.0309555 0.00176422 -0.00697424
internal_weight=216.524 24.3018 16.1147 12.7586 192.222 50.6934
internal_count=10670 1383 874 763 9287 2431
is_linear=0
shrinkage=0.05


Tree=182
num_leaves=7
num_cat=0
split_feature=30 24 12 10 0 0
split_gain=1.74534 1.52317 2.61922 1.89741 2.09636 2.21971
threshold=-1.5590652448292914 0.85181118466900752 -0.19352725489541711 0.25776051962369023 -1.1623571002238935 -0.17814082340016055
decision_type=2 2 2 2 2 2
left_child=-1 2 3 4 -2 -6
right_child=1 -3 -4 -5 5 -7
leaf_value=-0.023323645543627685 -0.00055328629516440719 0.0074087007149616652 -0.0066816117953268769 -0.0040219105044187013 0.037381417346608492 0.00039769022982955553
leaf_weight=5.4381750973989247 13.227775632170962 48.218401922582416 112.14728530758293 22.376365556963719 9.5411568926647288 6.0934471989748991
leaf_count=657 655 1832 4911 1839 557 298
internal_value=-0.00102405 -0.00013292 -0.00245205 0.00666281 0.0145452 0.0253519
internal_weight=217.043 211.604 163.386 51.2387 28.8624 15.6346
internal_count=10749 10092 8260 3349 1510 855
is_linear=0
shrinkage=0.05


Tree=183
num_leaves=7
num_cat=0
split_feature=25 29 8 41 14 31
split_gain=1.78593 2.36814 1.87017 1.98184 1.80722 1.76968
threshold=-1.3699139372250351 -2.2695417292515239 -1.150414529567884 1.0000000180025095e-35 1.3644270067083855 -0.24495497077121717
decision_type=2 2 2 2 2 2
left_child=1 -1 3 -2 -4 -6
right_child=2 -3 4 -5 5 -7
leaf_value=0.0060039403802176596 0.0055065728869808962 -0.035476661995893798 0.0025062825495393657 -0.018302429648637989 0.030401724245879454 -0.0089795923154108639
leaf_weight=4.9871457772096619 12.966415839211551 4.5093359138118085 169.27643541965517 18.251650209509535 8.1331727369688434 2.3056895689805961
leaf_count=170 476 720 7754 988 468 176
internal_value=0.000909054 -0.0174811 0.00197053 -0.00879759 0.00395478 0.0216406
internal_weight=220.43 9.49648 210.933 31.2181 179.715 10.4389
internal_count=10752 890 9862 1464 8398 644
is_linear=0
shrinkage=0.05


Tree=184
num_leaves=7
num_cat=0
split_feature=67 67 24 68 15 14
split_gain=1.88082 2.32354 5.89226 3.96811 2.76559 2.76147
threshold=1.8181950458640326 -0.17472252242888567 -0.6002152196759718 0.62224999883279841 0.093449004473033601 0.41103951312359444
decision_type=2 2 2 2 2 2
left_child=1 3 -3 -1 -4 -6
right_child=-2 2 4 -5 5 -7
leaf_value=-1.1432042427970512e-05 -0.025902371233207735 -0.014338206427168203 0.0099668458133508088 -0.032205449177953628 0.054739850998467655 0.0024418394481007652
leaf_weight=131.48523956150166 3.4267365554114795 19.227495709434152 50.652672880329192 7.3229769683093755 5.0609502202132699 4.1005847027990967
leaf_count=5343 456 1766 2104 774 147 211
internal_value=0.000776621 0.00154243 0.00822313 -0.00235525 0.015814 0.0377085
internal_weight=221.277 217.85 79.0417 138.808 59.8142 9.16153
internal_count=10801 10345 4228 6117 2462 358
is_linear=0
shrinkage=0.05


Tree=185
num_leaves=7
num_cat=0
split_feature=25 29 22 30 63 68
split_gain=2.00975 3.27137 2.23124 2.14085 2.1107 4.60628
threshold=-1.3267943059451752 -2.6562178297341115 -2.1916636679403485 -0.80721242857349484 1.0000000180025095e-35 0.68669726438228407
decision_type=2 2 2 2 2 2
left_child=1 -1 -2 -4 -5 -6
right_child=2 -3 3 4 5 -7
leaf_value=0.01656286940922241 -0.027357900270853802 -0.033100652740417173 0.016398732903170406 0.0052084005362755519 -0.0011422633637786556 -0.034865022681040803
leaf_weight=2.6706200363114476 3.7954758928390211 7.5150218926719372 19.297333089169115 93.111896693648305 82.619099411531352 8.5776886344538052
leaf_count=81 296 927 968 4162 3341 953
internal_value=-0.000341185 -0.0192734 0.000850143 0.00176559 -4.62703e-06 -0.00532349
internal_weight=217.587 10.1856 207.401 203.606 184.309 91.1968
internal_count=10728 1008 9720 9424 8456 4294
is_linear=0
shrinkage=0.05


Tree=186
num_leaves=7
num_cat=0
split_feature=67 24 41 22 34 0
split_gain=1.85417 2.13905 2.84345 3.70078 3.32326 2.19876
threshold=-1.4525360088286379 0.85181118466900752 1.0000000180025095e-35 0.39684334274709365 1.0000000180025095e-35 -1.5661381368695277
decision_type=2 2 2 2 2 2
left_child=-1 2 3 4 -2 -4
right_child=1 -3 5 -5 -6 -7
leaf_value=-0.029697370970641047 -0.015727291593063873 0.0095551869897208264 0.011437032479045969 0.040453137933318777 0.017518661543537765 -0.0072992160911319014
leaf_weight=2.1506943879649034 11.75422821438406 48.719120743131498 15.142289507202802 5.1840143084991714 12.341963864630088 123.89280549890827
leaf_count=372 656 1866 570 133 363 6794
internal_value=-4.36779e-05 0.000651069 -0.00204844 0.0113938 0.00135542 -0.00506019
internal_weight=219.185 217.034 168.315 29.2802 24.0962 139.035
internal_count=10754 10382 8516 1152 1019 7364
is_linear=0
shrinkage=0.05


Tree=187
num_leaves=7
num_cat=0
split_feature=40 28 23 3 30 22
split_gain=2.29601 1.77738 1.64082 1.87785 2.24431 1.81097
threshold=1.0000000180025095e-35 1.6193059946167472 1.5351445449513028 2.3260761889354504 1.1568112547069536 1.2714606423270194
decision_type=2 2 2 2 2 2
left_child=1 2 3 4 -1 -6
right_child=-2 -3 -4 -5 5 -7
leaf_value=0.0026755021799864317 -0.026742991077227447 -0.025521765907556712 -0.021894046057112069 0.023246271309587778 -0.02166776654304969 0.01504978762800342
leaf_weight=184.31229634370538 4.9880286385887294 3.3530639632372177 4.3768889565835698 7.0168805991997933 13.822717794682829 1.9376198558602471
leaf_count=8233 651 428 401 198 767 65
internal_value=-0.000419493 0.000551639 0.00131629 0.00211248 0.00103881 -0.0154688
internal_weight=219.807 214.819 211.466 207.09 200.073 15.7603
internal_count=10743 10092 9664 9263 9065 832
is_linear=0
shrinkage=0.05


Tree=188
num_leaves=7
num_cat=0
split_feature=30 32 22 0 11 41
split_gain=1.80722 1.38568 2.04205 1.30083 1.64894 1.27929
threshold=-1.5590652448292914 -1.7036754065805295 -2.2537897046490785 -1.6418470812405841 -0.35490356955989255 1.0000000180025095e-35
decision_type=2 2 2 2 2 2
left_child=-1 3 -3 -2 -5 -4
right_child=1 2 5 4 -6 -7
leaf_value=-0.022345553736620585 -0.0086910318981185519 -0.026324564892789504 0.0094785401604269154 0.047203040612764348 -0.0079980489072897648 -0.00061546585871156945
leaf_weight=5.5631740759126833 1.0824033988174053 3.9426396785420357 35.442948259180412 1.7158509022556248 0.83821574680041422 169.41115799805266
leaf_count=688 57 287 1326 52 117 8207
internal_value=0.000183636 0.00107658 0.000356511 0.0235704 0.034552 0.00124255
internal_weight=217.996 212.433 208.797 3.63647 2.55407 204.854
internal_count=10734 10046 9820 226 169 9533
is_linear=0
shrinkage=0.05


Tree=189
num_leaves=7
num_cat=0
split_feature=22 28 6 30 68 68
split_gain=1.51131 1.91707 3.10994 2.32249 2.08909 2.5584
threshold=1.6228853662658782 1.1914261022379977 0.12209018912944516 1.4943778252707807 -0.89638947087421939 -0.57317592909268389
decision_type=2 2 2 2 2 2
left_child=1 4 3 -3 -1 -6
right_child=-2 2 -4 -5 5 -7
leaf_value=-0.016152471312651111 -0.024891335534720456 -0.012017510070306931 0.042824618407850623 0.028279032384722055 0.010245993684899035 -0.0025271710057103926
leaf_weight=16.053913996554911 2.7795285190804853 8.907682278135324 3.9584224153077221 2.110204455908387 52.453562532085925 131.08812255057273
leaf_count=614 345 579 153 56 1951 6987
internal_value=0.000349841 0.00101552 0.0166554 0.000100653 -0.000387247 0.00122929
internal_weight=217.351 214.572 14.9763 11.0179 199.596 183.542
internal_count=10685 10340 788 635 9552 8938
is_linear=0
shrinkage=0.05


Tree=190
num_leaves=7
num_cat=0
split_feature=28 68 24 68 15 68
split_gain=1.9787 3.40802 5.44395 3.16401 2.81865 2.60596
threshold=0.52221888880527245 0.45812690180419952 0.28895568445904324 -0.97481089711146374 0.041029030753914501 -0.92184589646275772
decision_type=2 2 2 2 2 2
left_child=5 2 3 -2 -3 -1
right_child=1 4 -4 -5 -6 -7
leaf_value=-0.017918055342939294 0.013309569840057789 -0.0064396401380967493 0.0045499252056787403 -0.033916186049039843 0.041038310186062327 0.0043658030872249665
leaf_weight=11.395857503521254 2.4954974516294888 5.0998072167276387 21.911584411660442 22.304222186328847 2.9982280695694499 149.83655343725695
leaf_count=431 99 577 737 1492 270 7052
internal_value=-0.000312399 -0.00826401 -0.0135127 -0.0282406 0.0174803 0.00249225
internal_weight=216.042 54.8093 46.7113 24.7997 8.09804 161.232
internal_count=10658 3175 2328 1591 847 7483
is_linear=0
shrinkage=0.05


Tree=191
num_leaves=7
num_cat=0
split_feature=25 17 30 32 58 4
split_gain=1.96089 3.69999 2.9652 2.4692 2.60191 2.20211
threshold=0.8832722813915127 0.76703219410543688 0.86527648922001188 0.37002815984980791 -0.19319741197320903 1.3375729254727153
decision_type=2 2 2 2 2 2
left_child=2 3 -1 4 5 -2
right_child=1 -3 -4 -5 -6 -7
leaf_value=-0.00026774244417181143 0.030195985751190764 -0.014903241107452487 -0.025338590729259175 -0.0050056572596146728 -0.012010855934965892 -0.016361471881624901
leaf_weight=158.18580284016207 25.917468290892437 10.337177273817359 9.7500193780870159 9.8580259038135392 3.2100235092220819 0.93421519221737881
leaf_count=8078 890 512 758 338 120 68
internal_value=0.000474158 0.00884588 -0.00214246 0.0156075 0.022208 0.0270947
internal_weight=218.193 50.2569 167.936 39.9197 30.0617 26.8517
internal_count=10764 1928 8836 1416 1078 958
is_linear=0
shrinkage=0.05


Tree=192
num_leaves=7
num_cat=0
split_feature=30 31 26 67 13 67
split_gain=1.81939 2.9782 2.06014 3.26075 2.74919 1.86471
threshold=0.926652229322526 0.96676599337570968 0.96300724509713775 1.7091805141420016 1.674229352755688 1.6848779115288097
decision_type=2 2 2 2 2 2
left_child=2 -2 4 -4 5 -1
right_child=1 -3 3 -5 -6 -7
leaf_value=0.0021049957548496855 -0.017626705846235435 0.019571547971424783 -0.024946100419137685 0.02312625001779672 0.033022909622132078 -0.024987417182726328
leaf_weight=162.55512217574869 27.745747904875319 3.9292709721485144 12.636813825869465 2.011700539442244 4.0350074116722672 3.6096769561991087
leaf_count=7220 1450 179 1168 143 209 410
internal_value=-0.0012065 -0.0117182 0.000753133 -0.0155353 0.00239983 0.00108376
internal_weight=216.523 31.675 184.848 14.6485 170.2 166.165
internal_count=10779 1629 9150 1311 7839 7630
is_linear=0
shrinkage=0.05


Tree=193
num_leaves=7
num_cat=0
split_feature=25 6 28 24 24 18
split_gain=2.2705 2.24108 3.41208 3.46939 3.13525 2.14988
threshold=-1.2598344939096233 0.12209018912944516 0.4474815136856638 -0.52810247256152609 -0.5821669435428044 -2.1769655530280407
decision_type=2 2 2 2 2 2
left_child=5 -2 4 -4 -3 -1
right_child=1 2 3 -5 -6 -7
leaf_value=0.01479131371539737 -0.00097357759576056154 0.022635440297549086 -0.012935470951478649 0.044441717647299921 -0.022673740074984818 -0.026534647126113989
leaf_weight=1.9583288012072433 184.06094005898922 3.5221501358319074 1.980634630192071 7.9432749010156822 6.3867931496351975 11.045997849258127
leaf_count=46 8486 272 283 227 318 1165
internal_value=-0.00056742 0.000843867 0.0156226 0.0326458 -0.00505091 -0.0187053
internal_weight=216.898 203.894 19.8329 9.92391 9.90894 13.0043
internal_count=10797 9586 1100 510 590 1211
is_linear=0
shrinkage=0.05


Tree=194
num_leaves=7
num_cat=0
split_feature=3 0 2 34 23 68
split_gain=1.53384 1.69422 1.80272 1.69486 1.63617 3.22129
threshold=2.3260761889354504 -1.5661381368695277 -1.1923976823290208 1.0000000180025095e-35 -0.16131539302146924 -0.8682457066918815
decision_type=2 2 2 2 2 2
left_child=1 3 -3 -1 5 -4
right_child=-2 2 4 -5 -6 -7
leaf_value=-0.015791554685509693 0.018654638502782726 -0.020130562238631616 -0.020730651746796357 0.018132172650196506 -0.0047087178987554896 0.0086206089100433949
leaf_weight=2.1053995990660068 7.8349071599659501 9.9502141101984289 7.9130677080247542 16.542917122947983 106.80866894853534 66.126354391686618
leaf_count=131 244 637 327 577 5848 2950
internal_value=0.000307687 -0.000632364 -0.00210568 0.0126446 -0.00080165 0.00479853
internal_weight=217.282 209.447 190.798 18.6483 180.848 74.0394
internal_count=10714 10470 9762 708 9125 3277
is_linear=0
shrinkage=0.05


Tree=195
num_leaves=7
num_cat=0
split_feature=3 19 2 25 27 4
split_gain=1.63952 2.06535 1.61208 1.60861 2.33156 2.44536
threshold=2.3260761889354504 1.9275394320586627 1.7857018539593295 0.24275154397142712 0.79858262616914766 0.82939739632861176
decision_type=2 2 2 2 2 2
left_child=1 3 -2 4 5 -1
right_child=2 -3 -4 -5 -6 -7
leaf_value=-0.003487719346654402 0.030288686837017145 -0.02613340278009001 -0.0092807266189636178 0.0051432695248776672 -0.025764869006532028 0.023521222592236907
leaf_weight=103.23801118234405 5.2624010463478035 4.7233822995331129 2.0818196198670194 89.728416971745901 7.8284618871402918 6.1072848474723278
leaf_count=5292 140 254 95 3696 973 365
internal_value=0.000193159 -0.000746504 0.0196336 0.00019828 -0.00362232 -0.00139137
internal_weight=218.97 211.626 7.34422 206.902 117.174 109.345
internal_count=10815 10580 235 10326 6630 5657
is_linear=0
shrinkage=0.05


Tree=196
num_leaves=7
num_cat=0
split_feature=3 19 2 30 33 18
split_gain=1.84093 1.76409 1.69811 1.53784 1.88269 1.83763
threshold=2.3260761889354504 1.9275394320586627 1.8089682565865821 -1.1601229341629502 1.8597932285111274 -2.1769655530280407
decision_type=2 2 2 2 2 2
left_child=1 3 -2 5 -5 -1
right_child=2 -3 -4 4 -6 -7
leaf_value=0.017259165350696857 0.030870158055694319 -0.02458281226952394 -0.0097119196488880451 0.00036349726604084404 0.020154408867459565 -0.020840256224616785
leaf_weight=1.5791124254465092 5.8398369487840673 4.2921420159982508 1.9913553418591616 185.08813329655095 9.8604382968624105 12.131708852597511
leaf_count=34 152 251 90 8754 341 1266
internal_value=0.000609507 -0.000407565 0.020719 0.000431103 0.00165479 -0.0141416
internal_weight=220.783 212.952 7.83119 208.659 194.949 13.7108
internal_count=10888 10646 242 10395 9095 1300
is_linear=0
shrinkage=0.05


Tree=197
num_leaves=7
num_cat=0
split_feature=66 3 19 2 33 17
split_gain=1.78447 1.73465 3.09281 1.97626 1.91872 3.05124
threshold=1.9902672395286585 2.3260761889354504 1.8717931632063465 1.7857018539593295 -0.70885729232496419 0.63362660623475453
decision_type=2 2 2 2 2 2
left_child=1 2 4 -3 -1 -6
right_child=-2 3 -4 -5 5 -7
leaf_value=0.0058993401791940479 0.011789197954501614 0.030215256418261817 -0.034563023516831881 -0.013776842748877608 -0.0095344263188128012 0.0078531000631419726
leaf_weight=60.388673513894901 26.313990207068855 5.3576619382947674 4.2349563348107031 1.6285100169479845 88.369954744819552 32.285154779907316
leaf_count=2891 1504 136 250 84 4660 1203
internal_value=0.00028964 -0.00144117 -0.00249722 0.0189024 -0.00119597 -0.00480419
internal_weight=218.579 192.265 185.279 6.98617 181.044 120.655
internal_count=10728 9224 9004 220 8754 5863
is_linear=0
shrinkage=0.05


Tree=198
num_leaves=7
num_cat=0
split_feature=31 32 29 67 58 22
split_gain=1.86486 1.76725 3.48836 3.0027 2.56329 2.31894
threshold=2.5513241772601525 0.37002815984980791 -1.0053671771915875 -0.87470691369627263 -0.23441441481343753 1.5412184332991388
decision_type=2 2 2 2 2 2
left_child=1 3 -3 -1 -4 -5
right_child=-2 2 4 5 -6 -7
leaf_value=-0.023008832345190054 -0.029320195134593219 0.015676508185374395 -0.013745920974351018 0.0070981531832796088 0.012967614141899668 -0.026067080477502003
leaf_weight=6.7428561601554966 2.378959003777708 13.444571037311105 58.130115316831507 125.72088240343146 8.0911401419725717 2.594856549461837
leaf_count=383 299 591 2521 6250 342 369
internal_value=-0.000239504 0.000482245 -0.00530655 0.00393795 -0.0100614 0.00584727
internal_weight=217.103 214.724 79.6658 135.059 66.2213 128.316
internal_count=10755 10456 3454 7002 2863 6619
is_linear=0
shrinkage=0.05


Tree=199
num_leaves=7
num_cat=0
split_feature=30 25 68 33 15 19
split_gain=1.73649 3.17861 2.57851 2.22688 3.01834 2.19457
threshold=0.12876760798984371 0.2532941410676226 -0.89638947087421939 -0.70885729232496419 -0.38454089828385657 -0.10370015638267593
decision_type=2 2 2 2 2 2
left_child=2 5 -1 4 -3 -2
right_child=1 3 -4 -5 -6 -7
leaf_value=-0.018560491607476064 -0.0073476660753563211 -0.018249018669417024 0.0050941098029383264 0.007943580614191743 0.008783936163258203 -0.038675215513881811
leaf_weight=9.9136217425111663 15.285807748034133 25.487557295127772 107.11493130092276 34.793482738197781 13.930370327085255 7.8910504028899586
leaf_count=433 957 1194 5742 1357 511 526
internal_value=-0.00140401 -0.00624088 0.00267648 -0.000918764 -0.00874995 -0.0212238
internal_weight=214.417 97.3883 117.029 74.2114 39.4179 23.1769
internal_count=10720 4545 6175 3062 1705 1483
is_linear=0
shrinkage=0.05


Tree=200
num_leaves=7
num_cat=0
split_feature=34 67 41 24 23 66
split_gain=2.23114 4.61545 3.15485 2.38952 2.27235 2.71952
threshold=1.0000000180025095e-35 -0.15816203464818226 1.0000000180025095e-35 -0.80578556697725812 -0.16131539302146924 -0.48746848826408135
decision_type=2 2 2 2 2 2
left_child=1 -1 -2 -3 -4 -6
right_child=2 3 4 -5 5 -7
leaf_value=-0.028217282265901512 0.019118046496875003 -0.020755256153302672 0.0050977700447615466 0.023165107910352367 -0.011077205502265978 0.008654199772348832
leaf_weight=15.853147398564035 19.298847345431568 1.7368981852196155 80.515766004624311 7.6175202599843015 67.618063418252859 20.728048225602834
leaf_count=1202 592 212 3445 356 3848 1021
internal_value=-0.000504663 -0.0136256 0.00143937 0.0119504 -0.00087954 -0.00631558
internal_weight=213.368 25.2076 188.161 9.35442 168.862 88.3461
internal_count=10676 1770 8906 568 8314 4869
is_linear=0
shrinkage=0.05


Tree=201
num_leaves=7
num_cat=0
split_feature=52 8 58 30 22 22
split_gain=1.22784 1.22978 2.48297 2.52705 2.18548 2.08496
threshold=1.0000000180025095e-35 -0.74035698565838437 -0.21675049406047356 -0.43895798795841084 -1.9325716251249914 -0.20521348751295099
decision_type=2 2 2 2 2 2
left_child=1 2 3 -1 -3 -5
right_child=-2 4 -4 5 -6 -7
leaf_value=0.0045556851670727318 -0.026996168991665504 -0.026664282301631943 0.015792466770580906 -0.027540174277558945 0.0037414611507044721 0.0028471623983794638
leaf_weight=15.206040333025156 1.0914993552723888 3.1527666814508839 7.8791427773248861 18.748166707111523 163.20918656041613 6.9161602288950261
leaf_count=792 57 234 219 1016 8133 323
internal_value=0.00014318 0.000650311 -0.00610568 -0.0111185 0.00270312 -0.0199103
internal_weight=216.203 215.111 48.7495 40.8704 166.362 25.6643
internal_count=10774 10717 2350 2131 8367 1339
is_linear=0
shrinkage=0.05


Tree=202
num_leaves=7
num_cat=0
split_feature=4 2 2 16 68 68
split_gain=1.63212 1.90019 2.22189 1.70817 1.70718 1.37542
threshold=3.0367848510483109 1.8089682565865821 1.6344702368821866 -0.032426465501014197 -0.40231005522873348 -0.44071456676921478
decision_type=2 2 2 2 2 2
left_child=1 2 3 -1 5 -5
right_child=-2 -3 -4 4 -6 -7
leaf_value=5.4554926550290072e-05 0.026115038439061891 -0.024862994788408196 0.028136272064842045 -0.010968177981194425 -0.03157618539127504 0.02427118369401602
leaf_weight=191.78992216812912 2.5942791305715209 5.1918639623909248 3.6548143950058138 4.9179898442234844 5.8390384404337947 1.2725349069805814
leaf_count=9261 262 343 148 248 459 35
internal_value=-0.000558785 -0.00124292 -0.000305886 -0.00121663 -0.0174489 0.0018338
internal_weight=215.26 212.666 207.474 203.819 12.0296 6.19052
internal_count=10756 10494 10151 10003 742 283
is_linear=0
shrinkage=0.05


Tree=203
num_leaves=7
num_cat=0
split_feature=21 67 23 12 67 68
split_gain=1.71671 2.00313 1.81683 3.94822 3.69303 4.53489
threshold=1.614370723298461 1.6425219469743901 0.77231501354469956 -0.61560574413777591 0.19912094176946907 0.98132729566613308
decision_type=2 2 2 2 2 2
left_child=2 -2 4 -4 -1 -6
right_child=1 -3 3 -5 5 -7
leaf_value=0.0023882781752466598 -0.027587715232809736 0.013997655199421217 -0.017123008851215708 0.020440668691846412 -0.026970610837609568 0.018852636482171704
leaf_weight=149.55707572383108 7.4592194512370025 1.9019820262328719 6.7640463507268569 25.399353510234505 20.444718435755934 4.6835935375420368
leaf_count=6344 623 134 705 1047 1358 515
internal_value=0.000320554 -0.0177919 0.00138289 0.011754 -0.000692874 -0.01733
internal_weight=216.21 9.3612 206.849 32.1634 174.685 25.1283
internal_count=10726 757 9969 1752 8217 1873
is_linear=0
shrinkage=0.05


Tree=204
num_leaves=7
num_cat=0
split_feature=67 29 67 67 61 0
split_gain=1.95161 1.71572 2.76488 1.96421 1.9223 2.29918
threshold=-1.4185991601795025 -0.59922048851031962 0.018240142319856507 -0.7717159556219394 1.0000000180025095e-35 2.522144859167518
decision_type=2 2 2 2 2 2
left_child=-1 2 -2 4 5 -3
right_child=1 3 -4 -5 -6 -7
leaf_value=-0.030111296118767939 0.010500448721021162 -0.032703388843601626 -0.020414562556897081 -0.0003883349674818126 0.0096735309733025788 0.016455440525686194
leaf_weight=2.3462689722073256 58.968980835779803 10.746637599077072 5.3837290699593714 136.65391177096171 3.2821403604466459 0.97145088971592564
leaf_count=406 2255 625 410 6992 154 8
internal_value=-0.000267007 0.000465192 0.00712001 -0.00244204 -0.0179686 -0.0261046
internal_weight=218.353 216.007 64.3527 151.654 15.0002 11.7181
internal_count=10850 10444 2665 7779 787 633
is_linear=0
shrinkage=0.05


Tree=205
num_leaves=7
num_cat=0
split_feature=67 22 31 12 31 20
split_gain=2.46185 1.71013 1.97628 1.85057 2.82285 2.30769
threshold=1.8181950458640326 1.3527902158630101 2.0852776525882577 -0.17094868224026477 1.1531846032444677 -0.74028231473944661
decision_type=2 2 2 2 2 2
left_child=1 2 3 -1 5 -5
right_child=-2 -3 -4 4 -6 -7
leaf_value=0.0098963457617047348 -0.03124244475049644 -0.018777517404055019 -0.027085732762334724 0.0087315154461811342 0.030250463053959939 -0.0057821789139286218
leaf_weight=62.294104647677159 3.0106714598368844 7.2259511913289307 2.6398042259970671 34.541513184143696 4.1786987314699209 98.970159079704899
leaf_count=3681 467 683 299 1455 102 3988
internal_value=0.000319429 0.0012062 0.00218242 0.00296336 -0.000317409 -0.0019179
internal_weight=212.861 209.85 202.624 199.984 137.69 133.512
internal_count=10675 10208 9525 9226 5545 5443
is_linear=0
shrinkage=0.05


Tree=206
num_leaves=7
num_cat=0
split_feature=52 68 8 23 25 68
split_gain=1.31063 1.42652 3.30353 2.50558 2.00114 3.48767
threshold=1.0000000180025095e-35 -0.58690578627191448 -1.150414529567884 -0.83330776464570089 -0.75209865342169768 1.1916726165080849
decision_type=2 2 2 2 2 2
left_child=1 2 3 -1 5 -3
right_child=-2 4 -4 -5 -6 -7
leaf_value=0.010880193961797792 -0.02831286278337691 -0.022334262835649665 0.010467168303326307 -0.031562156593715876 0.00038380148362953661 0.022374554222995627
leaf_weight=3.6098289055516943 1.0004623365821306 20.207390428287912 62.873077351687243 6.4037918322137539 120.35631103912601 2.8317473557544863
leaf_count=113 57 1630 2377 295 5837 484
internal_value=4.92978e-05 0.000566047 0.00612251 -0.017281 -0.00232584 -0.0148944
internal_weight=217.283 216.282 72.8867 10.0136 143.395 23.0391
internal_count=10793 10736 2785 408 7951 2114
is_linear=0
shrinkage=0.05


Tree=207
num_leaves=7
num_cat=0
split_feature=67 66 13 10 68 31
split_gain=2.09244 2.24017 1.74492 2.2683 2.0296 1.73681
threshold=1.8181950458640326 1.9902672395286585 -1.0289879028274214 -0.56218500194004195 -0.69537654405800842 1.8056497377851206
decision_type=2 2 2 2 2 2
left_child=1 2 4 -4 -1 -5
right_child=-2 -3 3 5 -6 -7
leaf_value=0.026521611710704066 -0.030742209486575658 0.012638707326908128 -0.01725501262315372 -0.00044139188834340536 6.9010643990378363e-05 -0.026749619776206737
leaf_weight=7.0419126749038687 2.9130334062501779 24.970967245724751 26.639565736579243 121.36570014455356 26.149796792888083 3.6221995528321704
leaf_count=158 446 1457 1390 5796 1055 409
internal_value=-0.00140652 -0.000571503 -0.0025297 -0.00480811 0.00741439 -0.00181295
internal_weight=212.703 209.79 184.819 151.627 33.1917 124.988
internal_count=10711 10265 8808 7595 1213 6205
is_linear=0
shrinkage=0.05


Tree=208
num_leaves=7
num_cat=0
split_feature=22 0 24 67 67 28
split_gain=1.78849 1.31806 1.50831 1.77321 3.43797 1.76537
threshold=-2.3838287898401602 -1.8185012847730491 0.89809705756617786 -1.0517687327352405 -0.83858283081194973 -1.0243946985736303
decision_type=2 2 2 2 2 2
left_child=-1 -2 3 -3 -5 -4
right_child=1 2 5 4 -6 -7
leaf_value=-0.02839829192285381 0.016651580397911557 0.018271088040952409 -0.013624464246909785 -0.031355999915919835 -0.0021101735618450977 0.010968577880355213
leaf_weight=2.5803200064692637 8.6271016097161901 6.3637094097211948 6.1366574041312552 7.856072992202825 144.01324256707449 39.800683729554294
leaf_count=240 278 389 250 395 7542 1642
internal_value=-0.000455278 0.000273631 -0.000649517 -0.00297421 -0.00420113 0.00704943
internal_weight=215.378 212.797 204.17 158.233 151.869 45.9373
internal_count=10736 10496 10218 8326 7937 1892
is_linear=0
shrinkage=0.05


Tree=209
num_leaves=7
num_cat=0
split_feature=27 67 24 13 26 27
split_gain=1.59788 3.23941 3.94458 3.72418 3.16108 2.06777
threshold=0.76844061937175112 1.6331480859664447 0.50114748302200807 -0.50331417438877435 1.1257518192498572 0.39632945105708633
decision_type=2 2 2 2 2 2
left_child=5 2 3 -2 -3 -1
right_child=1 4 -4 -5 -6 -7
leaf_value=-0.0016968842895330968 0.011591953904703358 -0.014419276938251322 0.0011799517228113492 -0.042312833750524366 0.034689453382407157 0.013866195311837193
leaf_weight=152.02362801207346 2.6243587076896793 3.6478612120845346 15.208248706243465 13.072841548593717 4.2957957294420339 21.753575776063371
leaf_count=7290 118 230 625 1244 248 997
internal_value=-0.00165098 -0.0104226 -0.0175018 -0.0328868 0.0143672 0.00045357
internal_weight=212.626 38.8491 30.9054 15.6972 7.94366 173.777
internal_count=10752 2465 1987 1362 478 8287
is_linear=0
shrinkage=0.05


Tree=210
num_leaves=7
num_cat=0
split_feature=26 60 5 33 30 18
split_gain=1.67687 1.92382 1.70178 2.19413 1.88286 1.55778
threshold=1.1984844201537568 0.2535452587698897 1.2360550221771767 0.33084422364535132 0.29755089327175727 -0.9009176378765037
decision_type=2 2 2 2 2 2
left_child=2 -2 -1 4 5 -4
right_child=1 -3 3 -5 -6 -7
leaf_value=0.0007254210635303667 -0.019436911529503973 0.020959043491121199 -0.009368214768601375 -0.01572021443752528 -0.0033707218227578065 0.042337811551784663
leaf_weight=187.21062299277401 14.229156441288067 1.0005511082708824 0.59272595908259873 1.912895154673605 3.4419195743976161 6.7646153556415802
leaf_count=8490 1405 36 107 205 212 323
internal_value=0.000768995 -0.0137706 0.0020638 0.0178721 0.0259464 0.0366653
internal_weight=215.152 15.2297 199.923 12.7122 10.7993 7.35734
internal_count=10778 1441 9337 847 642 430
is_linear=0
shrinkage=0.05


Tree=211
num_leaves=7
num_cat=0
split_feature=31 31 13 22 13 22
split_gain=1.69728 2.13141 1.93592 2.61986 2.34256 2.4744
threshold=2.5513241772601525 1.1531846032444677 1.3217304257735143 0.27238366352609461 -0.16345529886416518 0.087043582417593038
decision_type=2 2 2 2 2 2
left_child=1 2 4 -4 5 -1
right_child=-2 -3 3 -5 -6 -7
leaf_value=-0.0032918079496405545 -0.027380671850937191 0.02266205061995747 0.030326876309451169 -0.0088542649414164402 -0.0087064321568468116 0.010315085989123833
leaf_weight=72.30942970738397 2.1932672805851317 8.3337125671096128 8.5152028807206062 5.0368312829814377 62.859717824176187 57.465725001849933
leaf_count=3286 304 419 532 460 3442 2350
internal_value=0.000888026 0.00155069 0.00038464 0.0167991 -0.00101004 0.00283039
internal_weight=216.714 214.521 206.187 13.552 192.635 129.775
internal_count=10793 10489 10070 992 9078 5636
is_linear=0
shrinkage=0.05


Tree=212
num_leaves=7
num_cat=0
split_feature=35 22 13 22 4 25
split_gain=2.04744 2.19793 2.08675 2.63693 2.46804 2.2278
threshold=1.0000000180025095e-35 0.84955374808702788 0.49388834180759617 0.29355945548696522 0.86115836690011827 -0.81128994889063499
decision_type=2 2 2 2 2 2
left_child=2 -2 -1 5 -5 -4
right_child=1 -3 3 4 -6 -7
leaf_value=-0.0017979882993585932 -0.033515527530216353 0.013416656323982876 -0.0102275158934225 0.011586279057028498 -0.020990436194119368 0.023921612994311722
leaf_weight=162.80083260778338 5.559251242899335 1.6333769168704746 4.0105868926038992 9.070371189387517 8.4384606234380026 24.592702215712052
leaf_count=7468 360 98 571 543 758 1037
internal_value=-0.000158361 -0.0220457 0.000896621 0.00993876 -0.00488802 0.0186171
internal_weight=216.106 7.19263 208.913 46.1121 17.5088 28.6033
internal_count=10835 458 10377 2909 1301 1608
is_linear=0
shrinkage=0.05


Tree=213
num_leaves=7
num_cat=0
split_feature=67 3 3 31 29 24
split_gain=1.79491 1.52855 1.98438 2.0245 2.1939 1.66016
threshold=-1.4185991601795025 2.3260761889354504 1.1221315617126113 0.59392877363819374 -0.22356345717313911 1.9070648007899105
decision_type=2 2 2 2 2 2
left_child=-1 2 5 4 -4 -2
right_child=1 -3 3 -5 -6 -7
leaf_value=-0.02878075654203684 0.00074468228867005486 0.019142222912581861 0.010239380474387588 0.014202195952012123 -0.024754654858567551 0.02281013268965297
leaf_weight=2.2189440989750429 174.19878650395549 7.8974342042347407 3.9002156964852537 3.6981431873282409 17.911666825355496 5.9778183813614296
leaf_count=401 8636 237 141 147 951 273
internal_value=0.000197708 0.000893253 -7.25336e-05 -0.0123423 -0.0180159 0.00183835
internal_weight=215.803 213.584 205.687 25.51 21.8119 180.177
internal_count=10786 10385 10148 1239 1092 8909
is_linear=0
shrinkage=0.05


Tree=214
num_leaves=7
num_cat=0
split_feature=29 0 18 24 24 30
split_gain=1.12 2.27108 3.86963 1.91842 1.85327 1.75894
threshold=0.73093857261382633 -0.63239448962649891 0.024334546343763405 0.37450419190058387 1.0057759979866783 0.926652229322526
decision_type=2 2 2 2 2 2
left_child=5 -2 -3 -4 -5 -1
right_child=1 2 3 4 -6 -7
leaf_value=-0.00016615650423104576 -0.016825500520136389 0.029370123467426009 -0.017697774364624136 0.016372301163990643 -0.01405424574773308 -0.018186720622379117
leaf_weight=154.98856299510226 5.9450137892272314 14.49220166687155 8.048823779216038 13.82530030643102 4.4956602655001907 11.843509065511169
leaf_count=7333 738 913 457 434 244 646
internal_value=0.000192124 0.00678273 0.0111334 -0.000865398 0.00797914 -0.00174411
internal_weight=213.639 46.807 40.862 26.3698 18.321 166.832
internal_count=10765 2786 2048 1135 678 7979
is_linear=0
shrinkage=0.05


Tree=215
num_leaves=7
num_cat=0
split_feature=13 18 67 27 22 29
split_gain=2.32539 3.26614 2.6174 3.2279 2.86233 2.68264
threshold=-1.0289879028274214 -0.53012677049290535 1.3350940239175151 0.73143764427520253 0.10627306997029531 0.53837231570379895
decision_type=2 2 2 2 2 2
left_child=-1 -2 3 5 -4 -3
right_child=1 2 4 -5 -6 -7
leaf_value=0.0094854486468604598 -0.018961593885400748 -0.0017912181264295411 -0.0097199812465551868 -0.018450697046629445 0.027845590153602464 0.023558189139811718
leaf_weight=40.175084044225514 25.501510935777333 96.55452380067436 5.7844537066994262 24.05383917823201 12.057009747542905 8.6635651530232263
leaf_count=1735 2457 4089 279 1422 445 330
internal_value=-0.000925557 -0.0034693 -0.0004585 -0.00304459 0.0160203 0.000891243
internal_weight=212.79 172.615 147.113 129.272 17.8415 105.218
internal_count=10757 9022 6565 5841 724 4419
is_linear=0
shrinkage=0.05


Tree=216
num_leaves=7
num_cat=0
split_feature=56 5 22 25 22 20
split_gain=1.747 2.07919 2.15478 1.8162 1.82997 1.96508
threshold=1.0000000180025095e-35 0.71796791485892431 -0.048263500038263497 -1.3267943059451752 -2.1916636679403485 -0.73179477604586662
decision_type=2 2 2 2 2 2
left_child=1 2 -1 -2 -5 -6
right_child=3 -3 -4 4 5 -7
leaf_value=0.0026816406996997416 -0.016397735404945265 0.016173000840515119 -0.028601312832178177 -0.023064179624580166 0.014206650995962794 0.0017416441365659099
leaf_weight=7.9872284042066957 9.0011218804283981 3.2999855352099976 11.860729780921245 3.2530312727903938 38.071432219236158 142.16363993749837
leaf_count=400 918 206 754 261 1554 6652
internal_value=0.000922148 -0.0112316 -0.0173133 0.00253364 0.00371117 0.00456414
internal_weight=215.637 23.1479 19.848 192.489 183.488 180.235
internal_count=10745 1360 1154 9385 8467 8206
is_linear=0
shrinkage=0.05


Tree=217
num_leaves=7
num_cat=0
split_feature=68 30 68 30 68 28
split_gain=1.94784 2.75601 1.88054 1.6401 2.49419 2.82695
threshold=-0.90586844700507652 0.036703997836072678 -1.0097951595325634 0.86527648922001188 -0.70026261422855318 0.61140773506640278
decision_type=2 2 2 2 2 2
left_child=1 2 -1 4 5 -2
right_child=3 -3 -4 -5 -6 -7
leaf_value=-0.0021877839039560992 0.024369483704110247 0.0032026191103525117 -0.047378200251802595 -0.0095000030588589333 -6.8863999929855409e-05 -0.011402589041914038
leaf_weight=3.8068150408798829 19.564932508917995 9.6043699475703743 4.2993682606611419 30.267659528879449 139.68107370496728 5.3331031168345353
leaf_count=181 824 301 215 1637 7363 246
internal_value=-0.000887687 -0.0154682 -0.0324795 0.000652062 0.00265577 0.016305
internal_weight=212.557 17.7106 8.10618 194.847 164.579 24.898
internal_count=10767 697 396 10070 8433 1070
is_linear=0
shrinkage=0.05


Tree=218
num_leaves=7
num_cat=0
split_feature=15 30 28 67 6 6
split_gain=1.48519 1.6487 1.54534 1.46679 1.50168 1.79749
threshold=0.53579164137585711 0.12876760798984371 1.5668275591579153 1.8181950458640326 0.23064377361963917 -0.095016979850942845
decision_type=2 2 2 2 2 2
left_child=2 -2 3 4 5 -1
right_child=1 -3 -4 -5 -6 -7
leaf_value=0.0022163010697977066 -0.00270585557910727 -0.028572951357479334 -0.024222016485352011 -0.025277299210115872 0.018830051983813805 -0.019422409606054916
leaf_weight=164.49697042314801 19.733486764336707 6.471554279269184 3.0123497741878955 1.9839755305438291 9.7070030006580037 7.1875075473217285
leaf_count=7206 1634 535 382 259 378 399
internal_value=-0.00088651 -0.0113728 0.000744602 0.00153802 0.0022378 0.000992405
internal_weight=212.593 26.205 186.388 183.375 181.391 171.684
internal_count=10793 2169 8624 8242 7983 7605
is_linear=0
shrinkage=0.05


Tree=219
num_leaves=7
num_cat=0
split_feature=25 29 24 12 18 18
split_gain=2.11671 1.89718 1.85251 2.03576 3.83752 2.83075
threshold=-1.2598344939096233 -2.793619967253921 0.89809705756617786 -0.19352725489541711 -0.74706372449882197 -1.0695550331980144
decision_type=2 2 2 2 2 2
left_child=1 -1 3 4 -2 -5
right_child=2 -3 -4 5 -6 -7
leaf_value=0.014052933896785866 -0.013777949438596122 -0.02597472749155116 0.0097575105486273003 0.01739954311255917 0.016203325298924608 -0.0076532441744270657
leaf_weight=1.755091921892016 12.758879715431247 10.081881396123206 44.994394849782111 9.7892257249332015 31.72152387193637 101.45152453269111
leaf_count=40 1125 1193 1628 405 1819 4528
internal_value=-0.000167276 -0.0183983 0.00116299 -0.00145782 0.00727625 -0.00504957
internal_weight=212.553 11.837 200.716 155.721 44.4804 111.241
internal_count=10738 1233 9505 7877 2944 4933
is_linear=0
shrinkage=0.05


Tree=220
num_leaves=7
num_cat=0
split_feature=35 32 68 63 32 29
split_gain=2.04572 1.8951 1.58677 1.77691 2.64831 2.18526
threshold=1.0000000180025095e-35 1.154672752553179 -0.70026261422855318 1.0000000180025095e-35 0.37002815984980791 -0.067752902474906757
decision_type=2 2 2 2 2 2
left_child=2 -2 -1 4 -4 -5
right_child=1 -3 3 5 -6 -7
leaf_value=0.0086913317952567598 -0.030670855503485348 0.014462465683813281 0.010317630586391936 0.0002950980486318558 -0.0088139758441705008 -0.015921566707814205
leaf_weight=48.255858761607669 6.3144299604464313 1.1299775547813622 51.24593940685736 50.311848005134379 24.429247096704785 32.257083072094247
leaf_count=1897 439 39 2621 2146 1119 2481
internal_value=-3.76001e-05 -0.0216338 0.00103959 -0.00141206 0.00404103 -0.00637633
internal_weight=213.944 7.44441 206.5 158.244 75.6752 82.5689
internal_count=10742 478 10264 8367 3740 4627
is_linear=0
shrinkage=0.05


Tree=221
num_leaves=7
num_cat=0
split_feature=35 67 26 13 18 13
split_gain=1.59504 2.4727 1.66946 1.97118 2.3265 2.10987
threshold=1.0000000180025095e-35 0.31803010455544234 1.5945327987443692 1.3217304257735143 0.41645649541989727 0.76420661268946377
decision_type=2 2 2 2 2 2
left_child=2 -2 3 5 -5 -1
right_child=1 -3 -4 4 -6 -7
leaf_value=0.00112995418024253 -0.035077202227911712 0.013038728746589149 -0.018552697894740979 0.034992936541266874 -0.0060397876232534909 -0.017736197937826815
leaf_weight=170.25604702657438 4.8016893195454022 2.1433159686857834 8.7636178600369004 5.6273578067193721 4.4909588889277074 13.20783641640446
leaf_count=7861 301 172 927 364 313 822
internal_value=-0.0012242 -0.0207742 -0.000259504 0.000839134 0.0195645 -0.000491752
internal_weight=209.291 6.94501 202.346 193.582 10.1183 183.464
internal_count=10760 473 10287 9360 677 8683
is_linear=0
shrinkage=0.05


Tree=222
num_leaves=7
num_cat=0
split_feature=29 28 29 67 67 30
split_gain=1.96376 2.59993 2.24782 3.93984 3.92443 2.69294
threshold=1.2437608544087448 1.0642715267067673 0.82829151360722919 1.6084983033159215 -0.22053292835475177 0.926652229322526
decision_type=2 2 2 2 2 2
left_child=2 -2 3 5 -4 -1
right_child=1 -3 4 -5 -6 -7
leaf_value=0.0028235121356695904 -0.029382870086180318 0.01149699247990898 -0.017810906033951367 -0.03030880873573771 0.022902655329951647 -0.020046300801086929
leaf_weight=151.72282333503244 8.8249763059429807 3.8392887904192312 5.3488364555523757 7.745917792315594 21.619265822286252 11.045777683902996
leaf_count=6977 739 346 313 646 1101 597
internal_value=-0.000112947 -0.0171614 0.00122078 -0.000982051 0.0138529 0.000936823
internal_weight=210.147 12.6643 197.483 170.515 26.9681 162.769
internal_count=10719 1085 9634 8220 1414 7574
is_linear=0
shrinkage=0.05


Tree=223
num_leaves=7
num_cat=0
split_feature=22 21 23 67 6 68
split_gain=1.743 1.54181 1.43293 1.62609 1.88777 1.78589
threshold=1.5908881217955924 1.842788258307299 0.89779861419573737 1.6958140827047463 3.7043584773058478 -0.70026261422855318
decision_type=2 2 2 2 2 2
left_child=1 2 3 5 -5 -1
right_child=-2 -3 -4 4 -6 -7
leaf_value=0.011611780672479678 -0.024233375655254182 -0.019663857601543416 0.013467806608296315 -0.030309287165540929 0.017888700987581083 -0.00016767362112905362
leaf_weight=39.199302216758952 3.234352749946992 4.5571423225919707 27.223785842128564 4.528203555091749 0.56662376620806743 135.13316669448977
leaf_count=1409 408 417 1477 453 50 6539
internal_value=0.00188483 0.00261858 0.00338431 0.00165806 -0.0203058 0.00263261
internal_weight=214.443 211.208 206.651 179.427 5.09483 174.332
internal_count=10753 10345 9928 8451 503 7948
is_linear=0
shrinkage=0.05


Tree=224
num_leaves=7
num_cat=0
split_feature=0 29 10 18 0 22
split_gain=1.51036 2.10553 2.52627 1.97711 1.88962 1.85522
threshold=0.30134915761653003 0.85603022442403087 0.084324349330071616 -1.1516349215276536 -0.5819218600457946 0.18908183485649374
decision_type=2 2 2 2 2 2
left_child=1 2 -1 -4 -3 -5
right_child=-2 4 3 5 -6 -7
leaf_value=-0.0018624506532106525 0.0043576309841543521 -0.011360736102328593 0.009784889964156579 -0.0086648286047546277 0.018287276503110173 -0.038657618385919912
leaf_weight=68.816902329213917 96.795289329951629 5.3842402102018267 3.3048840122646679 12.612388421432117 14.462621595303061 9.5963345585041662
leaf_count=3375 4033 701 237 716 862 756
internal_value=-0.000165078 -0.00401266 -0.00713328 -0.0196583 0.00980847 -0.0246828
internal_weight=210.973 114.177 94.3305 25.5136 19.8469 22.2087
internal_count=10680 6647 5084 1709 1563 1472
is_linear=0
shrinkage=0.05


Tree=225
num_leaves=7
num_cat=0
split_feature=35 26 25 14 26 26
split_gain=1.49383 1.46279 2.51928 2.68579 2.15223 1.89632
threshold=1.0000000180025095e-35 -0.95376878282576871 -1.3563558573112859 1.5148077988678448 -0.11126187766184846 -0.59324446977604739
decision_type=2 2 2 2 2 2
left_child=1 -1 -3 5 -5 -4
right_child=-2 2 3 4 -6 -7
leaf_value=0.017648689829238215 -0.018945294579463798 -0.028980438449940967 -0.0079403898586833787 0.031055189871270213 -0.015095445263648291 0.0027407026697237485
leaf_weight=8.944319893140344 7.1928346751374184 4.4094262745056758 59.260693803167669 8.5056103993556444 1.2867598638986226 122.10940446308814
leaf_count=358 463 768 2659 432 179 5931
internal_value=-0.000260451 0.000661081 -0.00037073 0.000726772 0.0228729 -0.000821644
internal_weight=211.709 204.516 195.572 191.162 9.79237 181.37
internal_count=10790 10327 9969 9201 611 8590
is_linear=0
shrinkage=0.05


Tree=226
num_leaves=7
num_cat=0
split_feature=19 21 12 32 67 24
split_gain=1.79303 1.77768 1.69122 1.66693 2.91534 2.46279
threshold=-0.64040882273571587 -1.0602456046937798 -1.0281275004553188 0.39805118101778542 -0.83858283081194973 0.679958810054618
decision_type=2 2 2 2 2 2
left_child=1 -1 -2 4 -4 -5
right_child=2 -3 3 5 -6 -7
leaf_value=-0.0012415054288810216 0.01984395517379051 -0.02093040872322785 -0.027559768189823527 -0.019978600048918702 0.0064095748979060303 0.0011323050187575943
leaf_weight=29.900385130051291 9.1813603830814809 16.017267881979933 3.7996627795509985 17.921587321849074 96.364722358237486 39.801550245843828
leaf_count=1532 522 1837 172 751 4574 1403
internal_value=-0.00054258 -0.00897192 0.00189156 0.000497048 0.00435701 -0.00608532
internal_weight=212.987 45.9177 167.069 157.888 100.164 57.7231
internal_count=10791 3369 7422 6900 4746 2154
is_linear=0
shrinkage=0.05


Tree=227
num_leaves=7
num_cat=0
split_feature=67 16 22 8 17 67
split_gain=1.40968 1.41959 1.85971 1.693 1.93858 2.38711
threshold=1.8598566503437899 -0.096196077576845923 0.16909977626596615 -0.74035698565838437 0.64955675849322314 -0.32234347430215854
decision_type=2 2 2 2 2 2
left_child=1 3 -3 4 5 -1
right_child=-2 2 -4 -5 -6 -7
leaf_value=-0.023428280086740069 -0.025156577270998376 0.0035915570861844368 -0.029206346719990853 0.0049904459418761695 0.008739097020686178 0.0027226924992494895
leaf_weight=17.056269913300639 2.1273963564017313 7.6702245585038309 5.4488458163687028 153.5992728487181 13.633574743638745 14.449521673843266
leaf_count=821 366 364 435 7415 593 747
internal_value=0.000769931 0.00137789 -0.0129311 0.0025007 -0.00575437 -0.0122407
internal_weight=213.985 211.858 13.1191 198.739 45.1394 31.5058
internal_count=10741 10375 799 9576 2161 1568
is_linear=0
shrinkage=0.05


Tree=228
num_leaves=7
num_cat=0
split_feature=28 67 67 67 67 66
split_gain=1.61423 3.41229 3.01714 2.33349 3.33274 2.64784
threshold=0.52221888880527245 1.6425219469743901 -0.35818981315661641 1.5161484133857934 -0.35381534468624176 2.3367041643764415
decision_type=2 2 2 2 2 2
left_child=3 2 -2 4 5 -1
right_child=1 -3 -4 -5 -6 -7
leaf_value=-0.0091345815627693859 0.0022827087787780625 0.019459499420102676 -0.023644106975939411 -0.019612867111383513 0.0092701744328134647 0.016559682240579084
leaf_weight=68.312762446410488 16.077054784051143 5.6788153728994066 30.73439781088382 11.660715051635632 66.82665248948615 8.8586390673008264
leaf_count=2987 730 393 2088 803 3094 663
internal_value=-0.00322264 -0.0105458 -0.0151385 -0.000600473 0.00130796 -0.0056758
internal_weight=208.149 52.4903 46.8115 155.659 143.998 77.1714
internal_count=10758 3211 2818 7547 6744 3650
is_linear=0
shrinkage=0.05


Tree=229
num_leaves=7
num_cat=0
split_feature=67 24 31 13 26 26
split_gain=1.82116 1.77218 1.40738 1.9094 2.65721 2.23919
threshold=-1.4185991601795025 0.89809705756617786 1.1531846032444677 1.2738933178456899 0.084459829888866758 -0.23121687285083889
decision_type=2 2 2 2 2 2
left_child=-1 2 3 4 5 -2
right_child=1 -3 -4 -5 -6 -7
leaf_value=-0.030107254002923106 -0.0050314259060863752 0.008292349914852809 0.015611215525348063 0.014720470677310443 -0.019017805101636684 0.012931356007912863
leaf_weight=2.3071212391951113 101.98363730174606 42.682157869829098 6.8586137015372506 9.861771345662417 26.110811582067981 17.841883727349341
leaf_count=403 4776 1684 520 756 1794 808
internal_value=-0.00118712 -0.000433326 -0.00283171 -0.0039232 -0.00545419 -0.00210627
internal_weight=207.646 205.339 162.657 155.798 145.936 119.826
internal_count=10741 10338 8654 8134 7378 5584
is_linear=0
shrinkage=0.05


Tree=230
num_leaves=7
num_cat=0
split_feature=68 18 28 22 68 68
split_gain=1.60643 3.7847 1.88101 1.64637 1.523 1.49719
threshold=1.2956970504389835 0.11892240549380198 1.5902805822392836 -1.5956014552574624 3.3557130950423617 -0.13455340988288064
decision_type=2 2 2 2 2 2
left_child=2 4 3 -1 -2 -5
right_child=1 -3 -4 5 -6 -7
leaf_value=-0.01549393498831394 0.043459460907884342 -0.022606623200100474 -0.028334213608342151 0.0037826332781344695 -0.0055315860575002969 -0.0062552524009363052
leaf_weight=12.987856567895504 4.6970453275134778 1.7894925052241886 3.0697905410779631 140.98873040216858 1.2194652243633752 47.141703148721717
leaf_count=783 508 308 397 5567 187 3034
internal_value=6.61017e-05 0.0189515 -0.000910718 -8.18509e-05 0.0348981 0.00120864
internal_weight=211.894 7.706 204.188 201.118 5.91651 188.13
internal_count=10784 1003 9781 9384 695 8601
is_linear=0
shrinkage=0.05


Tree=231
num_leaves=7
num_cat=0
split_feature=31 25 24 12 20 30
split_gain=1.46787 3.35269 2.34049 2.95271 2.67505 2.56147
threshold=-0.24495497077121717 0.71273588541372646 1.0665262061642142 -0.19352725489541711 -0.73645256012991178 -0.30086257272775435
decision_type=2 2 2 2 2 2
left_child=2 -2 3 -1 -5 -6
right_child=1 -3 -4 4 5 -7
leaf_value=0.012675924759191088 -0.013603955052652026 0.0076291738338809369 0.019686873894588244 0.0075353511615118361 -0.030176962437978849 -0.0042062000094111223
leaf_weight=38.004293353791581 39.652039181848522 30.357808205124456 17.992361880518729 31.949102395505179 9.4844791384239198 45.295611266628839
leaf_count=2380 2672 1096 685 1395 490 2030
internal_value=0.00134779 -0.00446164 0.00423062 0.0015911 -0.00352762 -0.0100361
internal_weight=212.736 70.0098 142.726 124.733 86.7292 54.7801
internal_count=10748 3768 6980 6295 3915 2520
is_linear=0
shrinkage=0.05


Tree=232
num_leaves=7
num_cat=0
split_feature=32 67 0 30 26 8
split_gain=1.13213 3.91627 3.6193 2.96741 2.16918 1.83398
threshold=0.34200513868183041 -0.87470691369627263 0.30134915761653003 -0.34689437780463983 0.22244734565698962 0.48981564607011491
decision_type=2 2 2 2 2 2
left_child=1 -1 -3 -2 5 -5
right_child=3 2 -4 4 -6 -7
leaf_value=-0.027182847761168263 0.0090028945371530434 0.00074603135410252516 0.018599609229376944 -0.023790833961285399 0.0041256771171411053 0.00067353847835093482
leaf_weight=6.1765826023765831 30.422256128018489 85.095693695882801 39.79739256517496 23.585292370640673 17.096167252864689 10.534492867620427
leaf_count=390 1556 5234 1507 1030 617 369
internal_value=0.00172793 0.00456696 0.00673795 -0.00283043 -0.00996865 -0.0167935
internal_weight=212.708 131.07 124.893 81.6382 51.216 34.1198
internal_count=10703 7131 6741 3572 2016 1399
is_linear=0
shrinkage=0.05


Tree=233
num_leaves=7
num_cat=0
split_feature=22 19 28 25 3 17
split_gain=1.2683 1.29924 1.87908 1.13593 1.68842 2.29993
threshold=-2.3838287898401602 1.8717931632063465 0.91589900731732721 -1.3563558573112859 -0.8910217493813154 -0.49530025026231161
decision_type=2 2 2 2 2 2
left_child=-1 3 -3 -2 -5 -6
right_child=1 2 -4 4 5 -7
leaf_value=-0.022338847439140774 -0.013537171742060769 -0.02724418481048332 0.011048126580913512 0.01355113164820161 -0.022123273288355814 0.002499190216499976
leaf_weight=2.7861992993857703 7.8314481973939101 5.8175292583182436 2.9709775937953964 29.533193367125932 7.0871359754819414 157.1558035913913
leaf_count=250 876 293 110 1664 553 7023
internal_value=0.000776282 0.00139213 -0.014782 0.0023036 0.00314043 0.00105893
internal_weight=213.182 210.396 8.78851 201.608 193.776 164.243
internal_count=10769 10519 403 10116 9240 7576
is_linear=0
shrinkage=0.05


Tree=234
num_leaves=7
num_cat=0
split_feature=30 31 63 31 67 25
split_gain=1.87231 1.5456 3.11648 2.62661 2.73884 1.95462
threshold=-1.5590652448292914 -0.24495497077121717 1.0000000180025095e-35 1.0599752983100887 -1.2888232622250588 0.79908152864272231
decision_type=2 2 2 2 2 2
left_child=-1 -2 -3 4 -4 -5
right_child=1 2 3 5 -6 -7
leaf_value=-0.025125973267938063 0.003202905445126452 0.0034261852534899374 0.014439211618306117 -0.013714375128662535 -0.029019627864558518 0.028722215112515406
leaf_weight=4.6170959866431067 135.85084684379399 39.436564362637 2.3770222577150042 2.6760454983159425 22.116831025399733 2.6913684320170432
leaf_count=684 6449 1651 90 321 1433 95
internal_value=-0.000784342 0.000117732 -0.00581235 -0.0172122 -0.0236868 0.0102332
internal_weight=209.766 205.149 69.2978 29.8613 24.4939 5.36741
internal_count=10723 10039 3590 1939 1523 416
is_linear=0
shrinkage=0.05


Tree=235
num_leaves=7
num_cat=0
split_feature=30 32 31 58 33 32
split_gain=1.55964 3.08237 2.64596 2.43158 1.86945 1.78638
threshold=-0.3315504427790113 0.31398211751385285 -0.3381642757055961 -0.22852604531245646 0.92203140773211145 -0.89100779270918107
decision_type=2 2 2 2 2 2
left_child=2 5 4 -3 -1 -2
right_child=1 3 -4 -5 -6 -7
leaf_value=0.022110801096635681 -0.01646705450931793 -0.01656849181977775 -0.0076342277614050132 0.011842976519385028 0.0024033592186483606 0.0049447993656113447
leaf_weight=22.647430313867517 7.9988284598221062 43.706357408605982 21.216496596578509 6.7478164975182144 24.22189743432682 85.752273311722092
leaf_count=1065 902 1822 1479 244 1218 3958
internal_value=0.000218161 -0.00272182 0.00629711 -0.0123173 0.0126833 0.00266399
internal_weight=212.291 144.205 68.0858 50.4542 46.8693 93.7511
internal_count=10688 6926 3762 2066 2283 4860
is_linear=0
shrinkage=0.05


Tree=236
num_leaves=7
num_cat=0
split_feature=24 67 66 2 24 5
split_gain=1.43946 3.56496 2.30532 2.2429 2.09544 2.74133
threshold=-0.51844351089097074 -0.2333438717322773 0.96113361167957356 1.6693698408230657 -0.81570167238613112 -0.38296718819236192
decision_type=2 2 2 2 2 2
left_child=1 4 3 -3 5 -1
right_child=-2 2 -4 -5 -6 -7
leaf_value=-0.00053851194945361933 0.0019909282679561806 -0.03347968973073407 0.0061770050723651167 0.015236643596183994 -0.015833241485892751 0.035352428465692053
leaf_weight=14.376897058216858 163.38370015285909 16.034766423166737 4.9251364368246859 0.95971187186660145 6.2247559846146023 5.3643732540367646
leaf_count=564 7192 1941 253 169 360 282
internal_value=-0.000263445 -0.00761917 -0.0211878 -0.0288552 0.0048431 0.0125913
internal_weight=211.269 47.8856 21.9196 16.9945 25.966 19.7413
internal_count=10761 3569 2363 2110 1206 846
is_linear=0
shrinkage=0.05


Tree=237
num_leaves=7
num_cat=0
split_feature=67 67 32 25 67 15
split_gain=1.9898 1.49398 1.38385 1.90593 1.62507 1.40174
threshold=1.8181950458640326 -1.4525360088286379 -1.3954221737327763 -1.2900165991798442 1.072973095732376 -0.21366244755161259
decision_type=2 2 2 2 2 2
left_child=1 -1 3 -3 -5 -4
right_child=-2 2 5 4 -6 -7
leaf_value=-0.027238543542246321 -0.029525323282856803 -0.0062399740535476174 0.0027389787945033455 0.03978127650799862 -0.007532258908185048 -0.0061405842111536095
leaf_weight=1.8474273917672679 2.7853523248631964 4.5648295133141801 130.2408209227433 4.5107633405714278 1.2910989023512227 63.695864426146727
leaf_count=365 468 313 5700 203 185 3503
internal_value=-0.000604886 0.000203763 0.000842504 0.0164036 0.0302738 -0.000226508
internal_weight=208.936 206.151 204.303 10.3667 5.80186 193.937
internal_count=10737 10269 9904 701 388 9203
is_linear=0
shrinkage=0.05


Tree=238
num_leaves=7
num_cat=0
split_feature=28 28 22 67 1 1
split_gain=1.47834 1.5374 1.43434 1.42742 1.60729 1.5157
threshold=1.5668275591579153 1.4352640602275764 -2.3838287898401602 -1.4525360088286379 0.92423926461135797 0.56004204280567627
decision_type=2 2 2 2 2 2
left_child=1 2 -1 -4 5 -5
right_child=-2 -3 3 4 -6 -7
leaf_value=-0.025194470075780753 -0.023393142963687955 0.023206038107030688 -0.02670106562767895 0.00040795803858437201 -0.0097958617648452248 0.012119818098837182
leaf_weight=2.6902977415011256 3.7657163569529066 4.1119924123049705 1.7983839222579252 141.3281349700992 27.124509020301048 31.405542252934538
leaf_count=260 492 186 356 6559 1638 1364
internal_value=-0.000390025 0.000351503 -0.000437493 0.000257266 0.000891131 0.0027079
internal_weight=212.225 208.459 204.347 201.657 199.858 172.734
internal_count=10855 10363 10177 9917 9561 7923
is_linear=0
shrinkage=0.05


Tree=239
num_leaves=7
num_cat=0
split_feature=29 29 11 26 23 22
split_gain=0.987389 3.64195 2.51605 2.02291 1.73813 1.69332
threshold=0.99992001083735682 1.2437608544087448 0.49336800640369932 0.36593284353486005 0.88631733749461972 0.62725983394877172
decision_type=2 2 2 2 2 2
left_child=3 4 -3 -1 -2 -5
right_child=1 2 -4 5 -6 -7
leaf_value=0.0014243514407152524 -0.00371693623995465 0.021185326200459251 -0.019226972636490487 -0.0025988656237078862 0.032377239549927772 -0.032906664955347553
leaf_weight=168.12169592929422 3.6217920367489596 2.6045696556102476 10.643071978091028 11.863805031985978 11.087574184697585 5.1867118058726183
leaf_count=7624 225 136 930 836 504 476
internal_value=0.00103473 0.00930076 -0.008837 -0.00034165 0.0243659 -0.0153625
internal_weight=213.129 27.957 13.2476 185.172 14.7094 17.0505
internal_count=10731 1795 1066 8936 729 1312
is_linear=0
shrinkage=0.05


Tree=240
num_leaves=7
num_cat=0
split_feature=6 28 24 32 13 13
split_gain=2.05376 2.72126 2.49483 2.33024 2.52531 1.98077
threshold=0.12209018912944516 0.82839412485446717 -0.52810247256152609 -0.49868549635749565 1.3217304257735143 0.13338269412722259
decision_type=2 2 2 2 2 2
left_child=-1 3 -3 5 -5 -2
right_child=1 2 -4 4 -6 -7
leaf_value=-0.00042902517214552378 0.033997924690208889 -0.012337022838024281 0.045507640192084871 -0.02737307071821464 0.019689324147515695 -0.011962763219974625
leaf_weight=192.06799195779604 3.6797249962692158 1.0003237751661798 5.6245149357710025 6.2086197597673172 1.6360785221913827 1.741061537817586
leaf_count=9538 279 212 169 343 52 207
internal_value=0.00125156 0.0154093 0.0356504 0.000589816 -0.0148263 0.0202333
internal_weight=211.958 19.8903 6.62484 13.2655 7.8447 5.42079
internal_count=10800 1262 381 881 395 486
is_linear=0
shrinkage=0.05


Tree=241
num_leaves=7
num_cat=0
split_feature=31 12 18 0 28 30
split_gain=1.68919 1.58723 2.23183 2.65434 2.39184 1.97608
threshold=2.0852776525882577 -0.20596366562208135 -0.74706372449882197 -0.17814082340016055 -1.0000000180025095e-35 -1.1294350641116933
decision_type=2 2 2 2 2 2
left_child=1 2 5 -4 -5 -1
right_child=-2 -3 3 4 -6 -7
leaf_value=0.013646175666021025 -0.025740667517365801 -0.0019017617147373744 0.029222601460740155 0.016504235488652912 -0.0097229630755391455 -0.015321120031460378
leaf_weight=6.2719264472543754 3.0706601338752071 143.87101862803684 14.11979410581989 14.745166490145493 14.275680483609904 13.933136488165472
leaf_count=480 381 6144 898 624 1088 1156
internal_value=0.000265837 0.00101306 0.00741987 0.0135495 0.00390057 -0.00572756
internal_weight=210.287 207.217 63.3457 43.1406 29.0208 20.2051
internal_count=10771 10390 4246 2610 1712 1636
is_linear=0
shrinkage=0.05


Tree=242
num_leaves=7
num_cat=0
split_feature=0 25 14 3 19 25
split_gain=1.27873 1.5115 1.86351 1.44092 1.59974 1.54724
threshold=-1.5661381368695277 -1.3699139372250351 1.9163747893571332 2.3260761889354504 1.9275394320586627 0.8975654790070533
decision_type=2 2 2 2 2 2
left_child=-1 -2 3 4 5 -3
right_child=1 2 -4 -5 -6 -7
leaf_value=0.011350864246781518 -0.02557052367803685 -0.004280109848742014 0.022133652505119786 0.016440781100380424 -0.026542757865390999 0.0070340713729597527
leaf_weight=18.267297421698458 3.3455158626020411 134.9930750161875 5.523021363595034 7.3108898261561981 3.8446273962035766 35.814932931098156
leaf_count=713 669 7041 377 238 239 1441
internal_value=-0.000292151 -0.0015651 -0.000740783 -0.00178281 -0.00281039 -0.0018273
internal_weight=209.099 190.832 187.487 181.964 174.653 170.808
internal_count=10718 10005 9336 8959 8721 8482
is_linear=0
shrinkage=0.05


Tree=243
num_leaves=7
num_cat=0
split_feature=21 28 28 23 67 24
split_gain=1.45916 1.77283 2.12784 2.19741 1.76639 2.28192
threshold=1.6946310712755497 1.6193059946167472 1.2725319222674294 0.62251812105600168 1.6616168490276122 0.29927357695903734
decision_type=2 2 2 2 2 2
left_child=1 2 4 -4 -1 -6
right_child=-2 -3 3 -5 5 -7
leaf_value=0.0021306795966213143 -0.017985888190512677 -0.026446661469381839 -0.00428054922827015 0.035772297369370855 -0.032880583223650513 0.01096523995111846
leaf_weight=186.18368752941024 6.9049591174407388 2.4863962851813985 4.563510188541839 6.0983279956271872 5.1076895740698083 2.8222639616578817
leaf_count=8702 634 343 238 233 621 64
internal_value=0.000783695 0.00165671 0.00237487 0.0214533 0.0010164 -0.0185493
internal_weight=214.167 207.262 204.775 10.6618 194.114 7.92995
internal_count=10835 10201 9858 471 9387 685
is_linear=0
shrinkage=0.05


Tree=244
num_leaves=7
num_cat=0
split_feature=31 31 19 33 67 68
split_gain=1.2818 1.38427 2.4147 2.66962 2.35927 2.13959
threshold=2.3649055673913946 0.40751016376943577 0.60946596358427729 -0.72924281969022164 -0.22053292835475177 -0.31597319531520712
decision_type=2 2 2 2 2 2
left_child=1 2 -1 5 -3 -4
right_child=-2 4 3 -5 -6 -7
leaf_value=0.0018651956106594042 -0.025363036903869759 -0.0081362016691798426 -0.0071349050368383037 0.00069091445414786032 0.022722134242516859 -0.036717330250902423
leaf_weight=132.7497020791925 2.2329140116053159 8.2347418827121164 15.322362783015707 26.582395224773791 12.625880596926434 9.7630881949444284
leaf_count=6951 333 469 652 1105 634 617
internal_value=-0.000925336 -0.00029802 -0.00173792 -0.0105897 0.0110494 -0.0213404
internal_weight=207.511 205.278 184.418 51.6678 20.8606 25.0855
internal_count=10761 10428 9325 2374 1103 1269
is_linear=0
shrinkage=0.05


Tree=245
num_leaves=7
num_cat=0
split_feature=35 67 41 22 8 8
split_gain=1.14342 2.36504 1.24535 3.49372 1.8751 1.68116
threshold=1.0000000180025095e-35 0.31803010455544234 1.0000000180025095e-35 0.39684334274709365 1.0000000180025095e-35 0.48981564607011491
decision_type=2 2 2 2 2 2
left_child=2 -2 3 4 -1 -6
right_child=1 -3 -4 -5 5 -7
leaf_value=0.0087716428552108618 -0.032058137372978794 0.014049285422287828 -0.0012331794974974682 0.035921025764331642 -0.024882600509201606 0.012983496545762649
leaf_weight=19.482959498680433 4.4636596731143063 2.2769226250238717 169.26562158900197 6.0309260054491451 7.217903546523301 1.96018103021197
leaf_count=743 285 178 8787 148 594 48
internal_value=-0.000214337 -0.0169532 0.000576595 0.00880201 0.000232619 -0.0155893
internal_weight=210.698 6.74058 203.958 34.692 28.661 9.17808
internal_count=10783 463 10320 1533 1385 642
is_linear=0
shrinkage=0.05


Tree=246
num_leaves=7
num_cat=0
split_feature=29 27 27 24 29 24
split_gain=1.21176 2.32223 2.06435 3.39344 1.28728 1.49488
threshold=0.73093857261382633 0.64131998200881701 0.76844061937175112 -0.59126340328578986 0.53837231570379895 0.72487860684197603
decision_type=2 2 2 2 2 2
left_child=1 4 3 -2 5 -1
right_child=2 -3 -4 -5 -6 -7
leaf_value=-0.004116288685470545 -0.011365589523768321 -0.025528873739546043 0.0012463426467723619 0.039119900753681408 0.017676802900790087 0.0066159488431503065
leaf_weight=107.73068331187824 3.2974177037249319 6.3340842378092921 35.956249172857497 7.2196488556219247 6.8286908366717389 42.944135653378908
leaf_count=5290 372 435 2247 210 350 1824
internal_value=0.00075189 -0.00129698 0.00761563 0.0242817 0.000136473 -0.00098803
internal_weight=210.311 163.838 46.4733 10.5171 157.504 150.675
internal_count=10728 7899 2829 582 7464 7114
is_linear=0
shrinkage=0.05


Tree=247
num_leaves=7
num_cat=0
split_feature=13 28 12 25 18 22
split_gain=1.37683 2.8525 3.19821 1.9265 1.78243 1.72305
threshold=0.54087194143764261 0.096727163267706306 -0.56187285504394435 -0.81128994889063499 -0.26436175199327044 -0.43197092642727292
decision_type=2 2 2 2 2 2
left_child=-1 3 5 -2 -5 -3
right_child=1 2 -4 4 -6 -7
leaf_value=-0.0037959837599235513 -0.0110157514413462 0.015499111121098681 0.011144747834956422 -0.00948982408883111 0.027703441865040618 -0.030062849332053988
leaf_weight=161.2412281462166 3.3179254367423736 0.58146045060129914 10.001295132853555 2.3015303019201445 17.31618064298527 9.232291845139116
leaf_count=7765 517 23 488 242 579 1031
internal_value=-0.00168059 0.00602371 -0.00733428 0.0170777 0.02266 -0.0243666
internal_weight=203.992 42.7507 19.815 22.9356 19.6177 9.81375
internal_count=10645 2880 1542 1338 821 1054
is_linear=0
shrinkage=0.05


Tree=248
num_leaves=7
num_cat=0
split_feature=4 18 18 26 18 29
split_gain=1.4615 1.16286 2.75829 2.71314 2.65245 4.02657
threshold=3.0367848510483109 -0.33193709200066251 -1.0371546909437639 -0.69622135191380197 0.009624467984561234 0.54975817771951097
decision_type=2 2 2 2 2 2
left_child=1 2 3 -1 5 -3
right_child=-2 4 -4 -5 -6 -7
leaf_value=0.01275963865940382 0.025418884174365382 -0.0018418272800338588 -0.016206222103223145 -0.018154461782820066 -0.0016679939455381241 0.033333889536294382
leaf_weight=22.442161646205935 2.5295437441673121 17.004575966449924 30.380425605457276 6.9527525041194158 116.74505686605698 12.09627846884541
leaf_count=913 268 743 2408 747 5118 513
internal_value=4.81591e-05 -0.000624989 -0.00632453 0.00444347 0.00179137 0.0145284
internal_weight=208.151 205.621 59.7753 29.3949 145.846 29.1009
internal_count=10710 10442 4068 1660 6374 1256
is_linear=0
shrinkage=0.05


Tree=249
num_leaves=7
num_cat=0
split_feature=8 68 29 22 2 30
split_gain=1.4834 2.19419 1.89938 2.5295 1.68369 3.41088
threshold=-0.74035698565838437 -0.53071597931064962 -1.138635253402337 -0.204253310671588 1.0000000180025095e-35 0.86527648922001188
decision_type=2 2 2 2 2 2
left_child=1 2 -1 -4 5 -2
right_child=4 -3 3 -5 -6 -7
leaf_value=0.0073121323198046904 0.010293982240121796 0.001411412566271514 -0.039090253589287624 0.0056275453709493184 -0.0023410344129331808 -0.023924823387341448
leaf_weight=3.6703844576841211 87.014036876178579 32.027932188182604 8.800509038672315 3.3886400846531606 72.306438472704031 5.0983411350753149
leaf_count=142 4029 1686 456 121 4031 334
internal_value=0.00106563 -0.00642828 -0.0199664 -0.0280024 0.00332434 0.00770511
internal_weight=212.306 47.8875 15.8595 12.1891 164.419 92.1124
internal_count=10799 2405 719 577 8394 4363
is_linear=0
shrinkage=0.05


Tree=250
num_leaves=7
num_cat=0
split_feature=68 28 68 30 23 41
split_gain=1.42308 2.59919 2.22553 2.30583 1.85346 1.50501
threshold=-0.90586844700507652 0.9407910540081269 -0.73397649840531132 0.6504613988612129 -1.3380719642720673 1.0000000180025095e-35
decision_type=2 2 2 2 2 2
left_child=1 4 3 -2 -1 -4
right_child=2 -3 5 -5 -6 -7
leaf_value=0.012391522047174891 0.022028740032102017 0.017055911589098156 0.0089902255090008026 -0.009598121359917609 -0.0280279892289544 -0.0029680177802999651
leaf_weight=1.6892121924320243 19.350501743814679 3.3794097724021404 29.446017316018697 5.8312578706536433 11.893292423628736 136.4626065310149
leaf_count=54 835 110 1393 271 507 7510
internal_value=0.000165094 -0.0125497 0.00147024 0.0144629 -0.0216688 -0.000723649
internal_weight=208.052 16.9619 191.09 25.1818 13.5825 165.909
internal_count=10680 671 10009 1106 561 8903
is_linear=0
shrinkage=0.05


Tree=251
num_leaves=7
num_cat=0
split_feature=40 24 13 11 20 2
split_gain=1.36318 1.36034 1.77531 2.29704 2.6662 1.84319
threshold=1.0000000180025095e-35 0.26841632836092377 0.024255561768507388 0.16296424229204184 -0.33824135684543405 0.79687974230108805
decision_type=2 2 2 2 2 2
left_child=1 2 5 4 -4 -1
right_child=-2 -3 3 -5 -6 -7
leaf_value=-0.0022515402392685015 -0.021433985847544718 0.0042724067547246112 -0.017712893382905378 -0.022078112011392998 0.024224927867776143 0.022177344195223367
leaf_weight=72.676651337009389 4.7426712376472997 93.982768866684637 4.2117866041953675 20.397596891882131 5.1875144331716019 5.599245293356943
leaf_count=3550 659 3667 303 1939 292 270
internal_value=-0.000844914 -5.51323e-05 -0.00383222 -0.0135981 0.0056939 0.000250005
internal_weight=206.798 202.056 108.073 29.7969 9.3993 78.2759
internal_count=10680 10021 6354 2534 595 3820
is_linear=0
shrinkage=0.05


Tree=252
num_leaves=7
num_cat=0
split_feature=8 20 27 4 3 68
split_gain=1.57973 1.83398 4.0883 2.21661 1.81615 1.75303
threshold=-0.74035698565838437 -0.018877485922321999 0.73143764427520253 -0.71100967638945145 -0.77260096637579034 -0.28030488307023055
decision_type=2 2 2 2 2 2
left_child=1 3 5 -1 -5 -3
right_child=-2 2 -4 4 -6 -7
leaf_value=0.0055489622674160738 0.0011317945497185953 -0.0053460382771074637 -0.021298080271223985 0.0042734681643534717 -0.027094923093724816 0.038669794755113618
leaf_weight=8.9360595696489273 159.11111697525484 2.278464189148508 4.9728356851846911 4.7945887420792124 20.946272822271574 4.687279974401461
leaf_count=377 8323 104 350 341 1022 182
internal_value=-0.00127709 -0.00907054 0.00664324 -0.0145787 -0.0214159 0.0269971
internal_weight=205.727 46.6155 11.9386 34.6769 25.7409 6.96574
internal_count=10699 2376 636 1740 1363 286
is_linear=0
shrinkage=0.05


Tree=253
num_leaves=7
num_cat=0
split_feature=4 2 25 10 57 12
split_gain=1.2278 1.89205 1.81047 2.47867 2.18367 1.93635
threshold=3.0367848510483109 1.7857018539593295 0.50736663952173189 0.31418818805574539 0.22419712695011743 -0.17094868224026477
decision_type=2 2 2 2 2 2
left_child=1 2 3 -1 -5 -4
right_child=-2 -3 5 4 -6 -7
leaf_value=0.00012273681496379927 0.022688730690399728 -0.024941867296001029 0.023729469166427597 -0.021784605484656886 0.014952971722857304 0.0025195866760172338
leaf_weight=106.83366419098456 2.7280247952730852 4.7986087332828893 10.262023150047751 22.041745528840696 2.6377085518324739 62.164894776360597
leaf_count=5235 268 353 412 1984 86 2511
internal_value=-0.000155755 -0.000771545 0.000150507 -0.00332862 -0.016663 0.00634905
internal_weight=211.467 208.739 203.94 131.513 24.6795 72.4269
internal_count=10849 10581 10228 7305 2070 2923
is_linear=0
shrinkage=0.05


Tree=254
num_leaves=7
num_cat=0
split_feature=6 22 25 28 24 12
split_gain=1.56363 2.47973 2.6019 2.42515 2.07515 2.07308
threshold=0.12209018912944516 0.74899468699833516 0.79908152864272231 0.52221888880527245 -0.067124107176271083 0.2345321036277038
decision_type=2 2 2 2 2 2
left_child=3 2 -2 5 -5 -1
right_child=1 -3 -4 4 -6 -7
leaf_value=0.0091420187681649986 0.010947653735602723 0.030345470735942254 -0.029617152993669928 -0.023870378193792115 -0.002089623169992959 -0.0027239044583610571
leaf_weight=60.518152190285036 9.8300484205246921 7.8608220363967112 2.7245422701816997 15.379769698571179 28.607064071286004 85.158514344773721
leaf_count=3258 722 424 140 1487 1171 3553
internal_value=0.000639486 0.012833 -0.00186991 -0.00085242 -0.010743 0.00229053
internal_weight=210.079 20.4154 12.5546 189.664 43.9868 145.677
internal_count=10755 1286 862 9469 2658 6811
is_linear=0
shrinkage=0.05


Tree=255
num_leaves=7
num_cat=0
split_feature=22 14 19 23 68 67
split_gain=1.97557 1.40063 3.56725 1.38153 1.22099 4.1658
threshold=1.4370781720994164 1.5148077988678448 -1.2318984545843226 -1.0807630460156692 0.27108813567574558 -0.18581492462162078
decision_type=2 2 2 2 2 2
left_child=1 4 -3 -4 -1 -6
right_child=-2 2 3 -5 5 -7
leaf_value=-0.0001155110391976015 -0.025907338172338246 -0.022669938876964026 -0.010356933698282823 0.033411712394922743 -0.033909538387772206 0.0030284800622279073
leaf_weight=161.40936086334113 5.1499387648946131 2.382039361371425 0.72947904909960826 7.8856119818519792 9.1218391995353176 19.43876057190937
leaf_count=6789 645 384 58 433 830 1592
internal_value=-0.00177008 -0.000779593 0.014508 0.0279878 -0.00187636 -0.0108709
internal_weight=206.117 200.967 10.9971 8.61509 189.97 28.5606
internal_count=10731 10086 875 491 9211 2422
is_linear=0
shrinkage=0.05


Tree=256
num_leaves=7
num_cat=0
split_feature=68 64 67 15 3 18
split_gain=1.69403 5.56082 3.85986 1.84572 1.92013 1.69334
threshold=0.65826033598971267 1.0000000180025095e-35 0.36594094970716334 -0.055083608425947846 -0.29891783435368996 -0.41389953459489909
decision_type=2 2 2 2 2 2
left_child=3 2 -2 -1 -5 -3
right_child=1 5 -4 4 -6 -7
leaf_value=0.0048177584569173504 -0.042913818274569873 -0.011261961101691633 0.0091897253851929966 0.00069756725239638771 -0.019276509736406596 0.028032051818686617
leaf_weight=139.09946316419519 9.6527665564208309 2.0573248705477454 3.6696652910613912 34.832116659352323 15.222997844830386 5.7314197518862775
leaf_count=5594 1000 308 581 2159 788 327
internal_value=0.000308693 -0.0121886 -0.0295107 0.00187201 -0.00612354 0.0174074
internal_weight=210.266 21.1112 13.3224 189.155 50.0551 7.78874
internal_count=10757 2216 1581 8541 2947 635
is_linear=0
shrinkage=0.05


Tree=257
num_leaves=7
num_cat=0
split_feature=52 28 28 30 10 6
split_gain=1.16287 1.19075 1.1842 2.42377 2.34871 3.72307
threshold=1.0000000180025095e-35 -2.390885394584791 0.61140773506640278 1.3255945399888671 -0.042097993192384074 0.66485811158041541
decision_type=2 2 2 2 2 2
left_child=1 -1 -3 4 -4 -6
right_child=-2 2 3 -5 5 -7
leaf_value=-0.021773001097364908 -0.025816109316261035 0.0036289472878247848 0.0049407803374199701 0.016545639726574062 -0.026882873630065814 0.0189195445899226
leaf_weight=2.6061315830447702 1.1261129629565392 158.76337077638891 14.331659901130477 7.5531946963164946 20.606542741472371 3.2076898517552754
leaf_count=210 57 7663 696 322 1580 225
internal_value=0.000480715 0.000990365 0.00159116 -0.00527574 -0.0104879 -0.019287
internal_weight=208.195 207.069 204.462 45.6991 38.1459 23.8142
internal_count=10753 10696 10486 2823 2501 1805
is_linear=0
shrinkage=0.05


Tree=258
num_leaves=7
num_cat=0
split_feature=31 31 13 26 42 22
split_gain=1.62557 1.73803 2.37579 2.1916 2.0656 1.97097
threshold=2.0852776525882577 1.1531846032444677 1.3217304257735143 0.36593284353486005 1.0000000180025095e-35 0.27778141441808119
decision_type=2 2 2 2 2 2
left_child=1 2 3 -1 -5 -4
right_child=-2 -3 5 4 -6 -7
leaf_value=-0.00034096065267498585 -0.027229321265262126 0.020513237520198253 0.028041872725787349 -0.023702158030351639 0.010146998041701848 -0.0067526639410453761
leaf_weight=165.92057745352213 2.5355293113680082 7.0535398381180121 9.1798903230228444 16.524765948444841 3.9973440610337994 4.6399400536320163
leaf_count=7657 372 354 559 1303 102 453
internal_value=-0.000488196 0.000222595 -0.000784283 -0.00237208 -0.0166557 0.017239
internal_weight=209.852 207.316 200.263 186.443 20.5221 13.8198
internal_count=10800 10428 10074 9062 1405 1012
is_linear=0
shrinkage=0.05


Tree=259
num_leaves=7
num_cat=0
split_feature=27 29 29 24 66 31
split_gain=1.85186 2.63267 3.34385 3.16466 2.12755 1.62161
threshold=0.76844061937175112 0.53837231570379895 0.10716144755170164 -0.6002152196759718 -0.055267877528160501 -0.24495497077121717
decision_type=2 2 2 2 2 2
left_child=1 2 5 -3 -4 -1
right_child=-2 3 4 -5 -6 -7
leaf_value=0.0059098001400903427 -0.0099412446104612251 -0.013025940791451871 -0.022457069260666245 0.028661830716156408 0.0085098412177258605 -0.0083001090707579654
leaf_weight=103.71474688549642 35.68324949342059 4.2137517653754939 20.141796725918542 14.130755811173001 5.5342601333977646 21.968764143137378
leaf_count=4702 2464 549 1156 472 311 1025
internal_value=-5.36458e-05 0.00216197 -0.000153229 0.0186012 -0.0155904 0.00329039
internal_weight=205.387 169.704 151.36 18.3445 25.6761 125.684
internal_count=10679 8215 7194 1021 1467 5727
is_linear=0
shrinkage=0.05


Tree=260
num_leaves=7
num_cat=0
split_feature=22 67 35 22 21 67
split_gain=1.60546 1.32701 1.38255 2.27736 1.57875 1.20961
threshold=1.4818950749381707 -1.4525360088286379 1.0000000180025095e-35 0.97671230275402021 1.7291259442359155 1.7195959152619407
decision_type=2 2 2 2 2 2
left_child=1 -1 4 -4 5 -3
right_child=-2 2 3 -5 -6 -7
leaf_value=-0.024639970256540925 -0.021541585612991555 0.0046834431203957401 -0.02781693562666426 0.020700476821440876 -0.018393150261099927 -0.015337931445710199
leaf_weight=1.7256608018360555 4.7746163952688212 185.04035819669662 5.5409381047938941 0.91388212068704877 5.3206380106857969 4.9827479601372024
leaf_count=364 571 8352 387 56 479 502
internal_value=0.000779529 0.00160848 0.0021906 -0.0165591 0.00305124 0.00392822
internal_weight=208.299 203.524 201.799 6.45482 195.344 190.023
internal_count=10711 10140 9776 443 9333 8854
is_linear=0
shrinkage=0.05


Tree=261
num_leaves=7
num_cat=0
split_feature=35 30 41 66 17 17
split_gain=2.1686 1.53388 2.58803 2.60468 2.96738 4.03635
threshold=1.0000000180025095e-35 0.12876760798984371 1.0000000180025095e-35 0.1765369784533809 0.31466494389368715 0.45826280927571222
decision_type=2 2 2 2 2 2
left_child=1 -1 -3 4 -4 -6
right_child=-2 2 3 -5 5 -7
leaf_value=0.0045290994241556429 -0.024163051276561206 0.012425336615767738 -0.030801260392398257 0.0095467224487351433 0.023753501986144756 -0.012034001943401415
leaf_weight=109.58467617459246 6.2421520634088656 16.337622045655735 13.68971416185377 14.446355591469908 6.7755714970407999 39.572150733351009
leaf_count=5938 456 536 976 695 248 1879
internal_value=-0.000480581 0.000602566 -0.0041285 -0.00809999 -0.0125984 -0.00567624
internal_weight=206.648 200.406 90.8214 74.4838 60.0374 46.3477
internal_count=10728 10272 4334 3798 3103 2127
is_linear=0
shrinkage=0.05


Tree=262
num_leaves=7
num_cat=0
split_feature=8 67 20 26 22 27
split_gain=1.4972 2.69417 2.99682 2.20588 1.69506 1.57763
threshold=-0.74035698565838437 0.63153367826561546 0.013032404226804876 -0.69622135191380197 -1.835464010520117 0.73143764427520253
decision_type=2 2 2 2 2 2
left_child=1 2 3 -1 -2 -4
right_child=4 -3 5 -5 -6 -7
leaf_value=0.0036505475980272519 -0.022664146046342662 -0.032276803733470673 0.030294539491046504 -0.020652276883362186 0.0032455415580025914 -0.0069627244484427231
leaf_weight=16.59606618195539 3.5953632066084529 6.0733897999743922 6.1097345467715041 16.31198046926875 157.44754154892871 2.7480678368592635
leaf_count=708 261 584 184 776 8089 141
internal_value=-6.11006e-05 -0.00755729 -0.00204055 -0.00911495 0.00226319 0.0198985
internal_weight=208.882 47.8392 41.7658 32.908 161.043 8.8578
internal_count=10743 2393 1809 1484 8350 325
is_linear=0
shrinkage=0.05


Tree=263
num_leaves=7
num_cat=0
split_feature=22 67 22 67 19 15
split_gain=2.25001 2.0021 3.40572 1.90559 3.2576 2.40806
threshold=1.0826950654601419 1.5345489553643528 0.10627306997029531 1.3130480915469767 1.8717931632063465 0.029972569487676324
decision_type=2 2 2 2 2 2
left_child=1 3 -3 4 -1 -5
right_child=-2 2 -4 5 -6 -7
leaf_value=0.0034323024676658925 -0.016068723948949485 -0.034927697330933614 0.0064986542984933424 0.036722574973173737 -0.030826847231786282 -0.015661127810664713
leaf_weight=164.85803804299212 16.60669557392248 6.5506806592456988 8.7078683032304962 5.1521798266330725 4.2494910274399436 1.0987231149338184
leaf_count=7616 1385 586 466 239 257 175
internal_value=7.27156e-05 0.00170616 -0.0141029 0.00329583 0.00204907 0.0254222
internal_weight=207.224 190.617 15.2585 175.358 169.108 6.2509
internal_count=10724 9339 1052 8287 7873 414
is_linear=0
shrinkage=0.05


Tree=264
num_leaves=7
num_cat=0
split_feature=29 30 28 8 67 24
split_gain=1.03398 3.04753 2.54532 3.35494 2.29042 2.71081
threshold=0.82829151360722919 0.926652229322526 0.81636143807773387 0.48981564607011491 -0.2333438717322773 -0.61426169638157135
decision_type=2 2 2 2 2 2
left_child=1 2 3 -1 -2 -6
right_child=4 -3 -4 -5 5 -7
leaf_value=-0.0019114959718370154 -0.012801207127424594 -0.022786210912883097 -0.017267758181497703 0.015729764363784298 -0.018584171176239069 0.018573797990959675
leaf_weight=108.47699284872215 8.791959768306695 12.921282583556602 15.546251565858254 32.638863375614164 3.3712961148121421 26.898185712227132
leaf_count=5335 537 750 997 1224 605 1279
internal_value=-0.000234206 -0.00194419 0.000170679 0.00241128 0.00679878 0.0131327
internal_weight=208.645 169.583 156.662 141.116 39.0614 30.2695
internal_count=10727 8306 7556 6559 2421 1884
is_linear=0
shrinkage=0.05


Tree=265
num_leaves=7
num_cat=0
split_feature=23 67 8 67 25 31
split_gain=1.79344 2.15348 2.00837 1.96439 2.95834 2.6581
threshold=0.74867709092475188 -0.2333438717322773 -0.74035698565838437 0.095834880663404357 0.91195414645399542 -0.24495497077121717
decision_type=2 2 2 2 2 2
left_child=3 -2 -3 5 -5 -1
right_child=1 2 -4 4 -6 -7
leaf_value=0.0050474685772331019 -0.0073767416915607332 -0.0092388652541674637 0.021198692514918838 -0.023942459258848681 0.0073854219050704653 -0.010459481210868048
leaf_weight=104.20246558098006 11.593369553505907 4.836019275593574 26.518127122835722 17.554306712816473 10.095496087102218 34.258429234614596
leaf_count=4514 678 329 1625 1617 440 1620
internal_value=0.00095111 0.00970016 0.0161072 -0.00144289 -0.0129007 0.00107024
internal_weight=209.058 42.9475 31.3541 166.111 27.6498 138.461
internal_count=10823 2632 1954 8191 2057 6134
is_linear=0
shrinkage=0.05


Tree=266
num_leaves=7
num_cat=0
split_feature=25 32 31 14 8 20
split_gain=1.1011 1.76293 2.72651 1.78977 2.31382 1.56123
threshold=-0.010311701979294449 1.0425806678812688 -0.3381642757055961 1.8567124987733441 0.48981564607011491 -0.58504145621946402
decision_type=2 2 2 2 2 2
left_child=1 2 5 4 -4 -1
right_child=-2 -3 3 -5 -6 -7
leaf_value=-0.0068970720227496621 0.003852787569567551 0.009148258802019955 -0.041768762581392893 0.011280559625376912 -0.0028754396855333935 0.01030313049320658
leaf_weight=35.718369796522893 119.96312393434346 19.018715568454354 8.4327067989215738 1.7443717840069428 6.4574408438929813 17.03788815138978
leaf_count=1804 5204 1056 820 170 577 1135
internal_value=0.000772986 -0.0033953 -0.0070699 -0.0229802 -0.0282124 -0.0010867
internal_weight=208.373 88.4095 69.3908 16.6345 14.8901 52.7563
internal_count=10766 5562 4506 1567 1397 2939
is_linear=0
shrinkage=0.05


Tree=267
num_leaves=7
num_cat=0
split_feature=3 56 58 22 13 67
split_gain=1.75174 1.50939 2.43008 2.02576 1.62578 1.49064
threshold=2.3260761889354504 1.0000000180025095e-35 1.7969613155478197 -0.048263500038263497 0.55623509079764066 -0.70696687865965002
decision_type=2 2 2 2 2 2
left_child=1 3 -3 4 5 -1
right_child=-2 2 -4 -5 -6 -7
leaf_value=0.012849759525753519 0.019094618920828813 -0.001627409198211743 0.023897339734369583 -0.024513452743745542 0.024740793865132761 -0.0234781909431728
leaf_weight=2.3863901670556515 7.4948020662413901 171.13174096081639 6.8527068963448974 12.48062245256733 2.6157627057400532 3.6896231049904618
leaf_count=84 233 9002 211 863 137 261
internal_value=-0.000839141 -0.00186153 -0.00026483 -0.0135854 0.00436991 -0.00967897
internal_weight=206.652 199.157 177.984 21.1724 8.69178 6.07601
internal_count=10791 10558 9213 1345 482 345
is_linear=0
shrinkage=0.05


Tree=268
num_leaves=7
num_cat=0
split_feature=23 26 23 14 25 3
split_gain=1.49766 1.96665 1.90915 1.62288 1.92939 1.74563
threshold=-1.404771428213383 -0.82036492721105991 -1.1216228836872932 1.5148077988678448 -0.9284041549256038 -0.93049534371649045
decision_type=2 2 2 2 2 2
left_child=1 -1 -2 4 -4 -6
right_child=2 -3 3 -5 5 -7
leaf_value=0.019078812911839542 -0.024459991799599727 -0.012996161299470883 -0.023653036899515808 0.017174845085948465 0.018444307393910283 -0.0022612848572102846
leaf_weight=15.266163113876248 6.2002870732685542 4.1063589168479657 6.9452868252410545 8.454513251926981 7.8863018750853362 155.20010853733402
leaf_count=574 426 262 957 705 428 7384
internal_value=-0.000793733 0.0114489 -0.00224039 -0.00107695 -0.00226653 -0.000944961
internal_weight=204.059 19.3725 184.686 178.486 170.032 163.086
internal_count=10736 836 9900 9474 8769 7812
is_linear=0
shrinkage=0.05


Tree=269
num_leaves=7
num_cat=0
split_feature=28 67 30 32 66 24
split_gain=1.19414 1.26747 2.44147 1.60232 1.37556 1.30764
threshold=1.5668275591579153 -0.78520390007226082 0.17479941306672922 0.033751905834077466 0.6248738335260543 0.89809705756617786
decision_type=2 2 2 2 2 2
left_child=1 2 3 -1 -4 -3
right_child=-2 5 4 -5 -6 -7
leaf_value=-0.022358032893858598 -0.020585323391211215 0.0011667443920426997 -0.038188493664099626 0.0038260412874408498 0.0069203424662887805 0.014140279792242054
leaf_weight=4.035343030904186 3.6371521804830982 141.84809265748481 4.7030876528588115 31.526731397461845 1.1247292304178698 19.637218821386341
leaf_count=290 492 7354 265 1645 33 652
internal_value=0.000294249 0.000963092 -0.0065515 -0.000653381 -0.0300895 0.0029735
internal_weight=206.512 202.875 41.3899 35.5621 5.82782 161.485
internal_count=10731 10239 2233 1935 298 8006
is_linear=0
shrinkage=0.05


Tree=270
num_leaves=7
num_cat=0
split_feature=23 4 33 8 56 18
split_gain=1.63144 1.84221 2.00837 1.84019 1.6122 1.83041
threshold=0.74867709092475188 1.1946485579009363 -1.0000000180025095e-35 -0.74035698565838437 1.0000000180025095e-35 -1.0204186736488634
decision_type=2 2 2 2 2 2
left_child=4 3 -3 -2 -1 -6
right_child=1 2 -4 -5 5 -7
leaf_value=-0.014916510871627917 -0.0088445878848061581 -0.01727799209949207 0.020733955456378832 0.019954565290680321 0.0116744744927845 -0.0022804148032322257
leaf_weight=16.657981819764245 5.0056240932317477 8.8305328596034069 2.0941881436738177 26.483795485022711 25.833563063351903 124.03345364728011
leaf_count=918 286 914 114 1311 1329 5940
internal_value=0.000813648 0.00922058 -0.00709423 0.0150055 -0.00145289 0.000306984
internal_weight=208.939 42.4141 10.9247 31.4894 166.525 149.867
internal_count=10812 2625 1028 1597 8187 7269
is_linear=0
shrinkage=0.05


Tree=271
num_leaves=7
num_cat=0
split_feature=14 30 30 21 20 67
split_gain=1.29494 1.99936 1.94584 1.85862 1.75682 1.53086
threshold=1.5148077988678448 -1.1601229341629502 -0.80721242857349484 -1.1370223120352674 -0.0089222058402099961 -0.78520390007226082
decision_type=2 2 2 2 2 2
left_child=1 -1 5 -2 -5 -3
right_child=3 2 -4 4 -6 -7
leaf_value=-0.021042752067350456 -0.013317958350778304 -0.0036135261133158495 -0.0018540400452677682 0.030996994058943329 -0.013910180094352555 0.027309210909798955
leaf_weight=9.4273898501414788 2.5517958243144667 5.3805652238370385 170.2906809826527 7.4978841439587987 0.90111673047067498 7.7335002129257173
leaf_count=906 282 275 8290 497 137 335
internal_value=-0.000593643 -0.00163382 -0.000313553 0.0141353 0.0237861 0.0163112
internal_weight=203.783 192.832 183.405 10.9508 8.399 13.1141
internal_count=10722 9806 8900 916 634 610
is_linear=0
shrinkage=0.05


Tree=272
num_leaves=7
num_cat=0
split_feature=19 31 33 67 26 26
split_gain=1.55271 1.57908 2.23856 1.19757 1.28764 1.81967
threshold=-0.79996140131454341 -0.3381642757055961 -0.36230504973916011 0.018240142319856507 -0.67049596008521861 -0.71543739114669613
decision_type=2 2 2 2 2 2
left_child=1 2 -1 4 5 -4
right_child=-2 -3 3 -5 -6 -7
leaf_value=0.031566838094530945 0.0017798513929016494 -0.028496508143164304 -0.0025348923248317261 -0.025249316166818199 -0.020267183712155509 0.032945713409057442
leaf_weight=1.11332329240395 173.32800182330539 5.4747588057944077 18.088032968749769 4.4980258573777965 4.1864730547531499 1.4121905811480235
leaf_count=126 8033 901 823 530 360 44
internal_value=-0.000193659 -0.00939086 -0.00350542 -0.00779429 -0.00201384 0.00408471
internal_weight=208.101 34.7728 29.298 28.1847 23.6867 19.5002
internal_count=10817 2784 1883 1757 1227 867
is_linear=0
shrinkage=0.05


Tree=273
num_leaves=7
num_cat=0
split_feature=5 24 3 68 66 12
split_gain=1.61845 2.05223 1.73053 1.74891 2.29408 1.4719
threshold=-0.38296718819236192 -0.13899578203604393 0.70765882119327339 -0.69537654405800842 1.9656308367316055 0.34070044456398474
decision_type=2 2 2 2 2 2
left_child=1 2 3 -1 -5 -3
right_child=-2 5 -4 4 -6 -7
leaf_value=0.011022560275912639 0.0052109476659129112 0.015503264847361226 -0.032478495710675619 -0.018521108072001847 0.013720364084609386 -0.0018975742185011757
leaf_weight=8.3942748309345898 103.67841833330749 12.886553707678102 5.4039437273750073 22.803409485204615 4.6663252192083737 49.579115359039861
leaf_count=298 5824 524 386 1365 226 2139
internal_value=0.000866585 -0.00349989 -0.0117484 -0.00635881 -0.0122326 0.00223813
internal_weight=207.412 103.734 41.268 35.864 27.4697 62.4657
internal_count=10762 4938 2275 1889 1591 2663
is_linear=0
shrinkage=0.05


Tree=274
num_leaves=7
num_cat=0
split_feature=30 14 14 15 14 14
split_gain=1.29157 1.16417 1.53412 2.07106 2.21214 1.45151
threshold=-1.4670016346755204 1.5148077988678448 0.29397414402612282 0.07930571391926701 0.039446857423601482 -0.1655686829664528
decision_type=2 2 2 2 2 2
left_child=-1 2 3 4 -2 -5
right_child=1 -3 -4 5 -6 -7
leaf_value=-0.01865118197256669 0.0012770267764738656 0.01530034760008301 -0.011269834827247098 -0.012156800089739586 -0.023835904016469553 0.025191732973027348
leaf_weight=5.9754542951704925 148.25794814250548 9.8443433228530903 24.18816433250322 1.3236167567083619 6.3089900327904607 10.482469549810045
leaf_count=851 6765 679 1558 97 373 468
internal_value=-9.04015e-05 0.000729943 -0.000248234 0.00152538 -0.000182321 0.0193897
internal_weight=206.381 200.406 190.561 166.373 154.567 11.8061
internal_count=10791 9940 9261 7703 7138 565
is_linear=0
shrinkage=0.05


Tree=275
num_leaves=7
num_cat=0
split_feature=56 5 68 67 58 28
split_gain=2.00122 1.5758 1.45303 3.29972 1.59312 3.34445
threshold=1.0000000180025095e-35 0.71796791485892431 2.014779997438056 1.4536560066661572 -0.22852604531245646 0.07737688834939703
decision_type=2 2 2 2 2 2
left_child=1 -1 4 -4 -2 -6
right_child=2 -3 3 -5 5 -7
leaf_value=-0.01792277464275099 -0.00051594090179252845 0.012628799072224759 -0.017597698762420805 0.046385792701825863 0.026979394399801807 -0.011536105090481129
leaf_weight=19.451288752869008 160.09950086756726 2.9416962488321579 1.2815526549529743 2.1521880513755605 12.491257700225107 6.7234997251944142
leaf_count=1176 8145 207 259 197 389 312
internal_value=0.000278243 -0.0128915 0.00207414 0.0254351 0.00121561 0.0137644
internal_weight=205.141 22.393 182.748 3.43374 179.314 19.2148
internal_count=10685 1383 9302 456 8846 701
is_linear=0
shrinkage=0.05


Tree=276
num_leaves=7
num_cat=0
split_feature=67 67 26 67 13 30
split_gain=1.92943 1.30294 1.50124 2.07246 1.48106 1.36286
threshold=1.8181950458640326 1.7866016624668839 1.1984844201537568 1.6331480859664447 1.674229352755688 0.35892663337427128
decision_type=2 2 2 2 2 2
left_child=1 2 4 -4 -1 -6
right_child=-2 -3 3 -5 5 -7
leaf_value=0.0014001253495839021 -0.028232281668678555 0.029015904614611673 -0.021853575535599211 0.016398954563259092 0.032968617068090324 -0.011127473716224787
leaf_weight=184.53811944823246 2.5407278950442551 1.2716279531596217 11.083683449949602 2.3080730320070861 3.717529441608348 0.72391670511569817
leaf_count=8686 457 39 1170 128 192 69
internal_value=0.000905389 0.00167351 0.00108036 -0.013466 0.00230549 0.0241929
internal_weight=206.184 203.643 202.371 13.3918 188.98 4.44145
internal_count=10741 10284 10245 1298 8947 261
is_linear=0
shrinkage=0.05


Tree=277
num_leaves=7
num_cat=0
split_feature=68 18 10 68 68 10
split_gain=1.35579 3.10654 1.81271 1.60776 1.54239 2.82264
threshold=1.2956970504389835 0.11892240549380198 0.50822405673672855 3.3557130950423617 0.65826033598971267 0.11638678311040533
decision_type=2 2 2 2 2 2
left_child=4 2 3 -2 -1 -6
right_child=1 -3 -4 -5 5 -7
leaf_value=-0.00021854315400348951 0.050222752049658398 -0.02134826497965378 -0.0055405793103629371 -0.0086001948432673277 -0.031986294742104814 0.0070563724348281023
leaf_weight=182.15255375376728 3.6488334692548952 1.667635637684725 1.8158274026936849 0.46278277767123643 7.6747340305300877 6.5878916986112017
leaf_count=8524 298 301 329 78 591 626
internal_value=-0.000659096 0.0167827 0.0310794 0.0427669 -0.00157587 -0.0158602
internal_weight=204.01 7.59508 5.92744 4.11162 196.415 14.2626
internal_count=10747 1006 705 376 9741 1217
is_linear=0
shrinkage=0.05


Tree=278
num_leaves=7
num_cat=0
split_feature=13 28 67 26 23 22
split_gain=1.14016 1.90996 4.25254 2.68157 1.4797 1.79478
threshold=0.46245078617278568 1.0000000180025095e-35 1.6425219469743901 -0.51784357227093969 -1.6263803296214827 -0.89454260743525971
decision_type=2 2 2 2 2 2
left_child=4 -2 3 -3 -1 -6
right_child=1 2 -4 -5 5 -7
leaf_value=0.011339524579942972 0.016224312543656576 0.022372308134020791 0.032540780097566689 -0.019336173644629622 -0.016368131284403849 -0.0016333773662644505
leaf_weight=14.280370496737303 20.962285897170659 2.067701230698737 3.6048921720648641 18.684145093589905 22.065650205913698 122.8075385515549
leaf_count=569 1004 101 226 1780 1218 5839
internal_value=-0.000588175 0.00616295 -0.00332583 -0.0128795 -0.00258901 -0.00416417
internal_weight=204.473 45.319 24.3567 20.7518 159.154 144.873
internal_count=10737 3111 2107 1881 7626 7057
is_linear=0
shrinkage=0.05


Tree=279
num_leaves=7
num_cat=0
split_feature=29 10 29 27 24 30
split_gain=1.31911 1.90406 1.90354 1.56252 2.24007 2.28366
threshold=1.2437608544087448 0.18261592093644877 0.74637443923915414 0.76844061937175112 0.50114748302200807 1.5864414354245515
decision_type=2 2 2 2 2 2
left_child=2 -2 -1 -4 5 -5
right_child=1 -3 3 4 -6 -7
leaf_value=-0.00019627733605677721 0.019763257960532337 -0.020143912480740871 0.027901557655292356 -0.020556251193807214 0.018961825695561083 0.017997913131006529
leaf_weight=162.93471965029312 1.2305652380455274 11.229247071169082 8.5332677241822257 9.0369955931673775 10.327914941502966 2.9630508525297037
leaf_count=7989 58 1009 456 736 383 116
internal_value=0.000950093 -0.0131323 0.00204189 0.012829 0.00444602 -0.00934084
internal_weight=206.256 12.4598 193.796 30.8612 22.328 12
internal_count=10747 1067 9680 1691 1235 852
is_linear=0
shrinkage=0.05


Tree=280
num_leaves=7
num_cat=0
split_feature=25 29 32 18 29 0
split_gain=1.20209 2.6061 1.27028 1.39209 1.86298 1.36473
threshold=-1.3563558573112859 -2.6562178297341115 -1.3954221737327763 -1.394512702340666 0.064216115653512887 0.30134915761653003
decision_type=2 2 2 2 2 2
left_child=1 -1 3 -2 -5 -4
right_child=2 -3 5 4 -6 -7
leaf_value=0.013983331346247185 -0.0093386194721893218 -0.031300918826100151 -0.0043293000219794221 0.040223962580187914 -0.010616830838531792 0.00401376076626538
leaf_weight=2.8933028734754771 1.7618433585739692 5.4798058077576552 97.347252195846522 3.4928567960159844 1.0539009776839519 92.830709066431154
leaf_count=87 131 858 5532 140 217 3810
internal_value=-0.000284566 -0.0160921 0.000620934 0.0186558 0.0289037 -0.000257751
internal_weight=204.86 8.37311 196.487 6.3086 4.54676 190.178
internal_count=10775 945 9830 488 357 9342
is_linear=0
shrinkage=0.05


Tree=281
num_leaves=7
num_cat=0
split_feature=12 19 26 20 32 0
split_gain=1.51558 1.6791 2.28027 1.96075 1.60738 2.08416
threshold=-0.17094868224026477 -0.82287528974539825 -0.70132124138546603 -0.73645256012991178 -0.75089268686929334 -0.17814082340016055
decision_type=2 2 2 2 2 2
left_child=1 2 3 -1 -3 -6
right_child=-2 4 -4 -5 5 -7
leaf_value=-0.0028936179137772906 -0.0022701662381712047 -0.010425772911513156 -0.019627281525577772 0.033062156992596438 0.029433511306834068 0.0058352479979199481
leaf_weight=10.696669975295661 140.02088604826713 4.8784657690266604 9.5774388386053015 2.5403382544755031 13.526958377799017 26.153377489972627
leaf_count=595 6136 719 1355 166 660 1180
internal_value=0.000695956 0.00669439 -0.00400235 0.00884046 0.0120782 0.0153833
internal_weight=207.394 67.3732 22.8144 13.237 44.5588 39.6803
internal_count=10811 4675 2116 761 2559 1840
is_linear=0
shrinkage=0.05


Tree=282
num_leaves=7
num_cat=0
split_feature=68 32 18 13 68 32
split_gain=1.1319 3.07063 3.37236 2.95127 1.83761 1.79084
threshold=-0.060138561185483837 0.34200513868183041 -0.41389953459489909 -0.71905262179037421 -0.2649626227347201 -0.72286966570131583
decision_type=2 2 2 2 2 2
left_child=4 2 3 -2 -1 -6
right_child=1 -3 -4 -5 5 -7
leaf_value=0.0018384124987866303 0.015599446796454733 -0.0078202115319940882 0.027320842138026193 -0.023994642455249973 0.010396051955852794 -0.02038728532387692
leaf_weight=135.50896450178698 7.0811742719379236 18.182482263102429 21.295718569308519 5.8980234464397654 4.2314813547418479 15.863244733016471
leaf_count=5678 428 1350 1149 1087 240 843
internal_value=0.0018342 0.00796799 0.0162988 -0.00351984 -0.000345231 -0.0133966
internal_weight=208.061 52.4574 34.2749 12.9792 155.604 20.0947
internal_count=10775 4014 2664 1515 6761 1083
is_linear=0
shrinkage=0.05


Tree=283
num_leaves=7
num_cat=0
split_feature=68 31 68 31 31 30
split_gain=1.19844 2.27739 2.54291 1.46774 1.69161 1.68372
threshold=-0.92184589646275772 0.12788224896629877 -1.0097951595325634 1.8988590427194996 1.2463939081788467 0.86527648922001188
decision_type=2 2 2 2 2 2
left_child=1 2 -1 4 5 -2
right_child=3 -3 -4 -5 -6 -7
leaf_value=0.0013122494235233133 0.0041584083563917266 0.017945588071648904 -0.037710960262689219 -0.021820237189874286 0.025106217439026704 -0.0087550781710612254
leaf_weight=7.7010449845693083 156.58625440494507 2.9583055246621361 5.6411578549304986 3.0833808823954305 5.4422536563070016 27.09951816269313
leaf_count=326 7953 83 236 403 225 1511
internal_value=0.0012974 -0.0106162 -0.0190809 0.00245536 0.00318566 0.00214318
internal_weight=208.512 16.3005 13.3422 192.211 189.128 183.686
internal_count=10737 645 562 10092 9689 9464
is_linear=0
shrinkage=0.05


Tree=284
num_leaves=7
num_cat=0
split_feature=68 3 22 0 22 66
split_gain=1.49968 2.46579 1.49488 1.48099 1.46647 3.4557
threshold=1.2956970504389835 0.1550285005008229 -2.1475733854139771 0.14993126887441718 0.3129705981177629 -0.48746848826408135
decision_type=2 2 2 2 2 2
left_child=2 3 -1 -2 -4 -6
right_child=1 -3 4 -5 5 -7
leaf_value=-0.020997143630532154 0.040333052310809955 -0.014337221642855131 0.0046188631418053339 -0.0094597099054063195 -0.010207173506796757 0.013978693586262686
leaf_weight=4.7687203507521181 4.7950997681182335 1.9961559905786996 124.07289287218009 0.63358267536386836 55.23080587584991 16.944172545234323
leaf_count=370 541 235 5688 205 3008 754
internal_value=0.00149748 0.0199904 0.00053051 0.0332232 0.00136189 -0.00419792
internal_weight=208.441 7.42484 201.017 5.42868 196.248 72.175
internal_count=10801 981 9820 746 9450 3762
is_linear=0
shrinkage=0.05


Tree=285
num_leaves=7
num_cat=0
split_feature=8 4 29 5 18 28
split_gain=1.66556 2.12056 2.2544 1.70576 2.20534 1.72335
threshold=0.48981564607011491 -0.13931220610233522 0.92824257076529115 0.52368524961457974 0.34753052945537294 1.1259046017234697
decision_type=2 2 2 2 2 2
left_child=3 -2 -3 5 -5 -1
right_child=1 2 -4 4 -6 -7
leaf_value=-0.0077103157397625521 0.01177911870810508 -0.019347270031550279 0.0090824384431457163 0.019462404419674711 -0.011730548572223961 0.017436911851433128
leaf_weight=115.75355652293365 41.714752409607172 11.872024617943682 10.624551922606768 12.654558365175037 6.4090482237515962 4.4400450987159266
leaf_count=5853 1829 755 803 902 416 188
internal_value=-0.00110856 0.00539658 -0.0064318 -0.00415862 0.00880645 -0.00637936
internal_weight=203.469 64.2113 22.4966 139.257 19.0636 120.194
internal_count=10746 3387 1558 7359 1318 6041
is_linear=0
shrinkage=0.05


Tree=286
num_leaves=7
num_cat=0
split_feature=40 24 28 68 30 67
split_gain=1.17035 1.18596 1.85038 1.77562 3.16808 1.54374
threshold=1.0000000180025095e-35 0.64058367512473369 -0.89558677676773413 1.7832779927576452 -0.10139141739458384 -1.061264106756252
decision_type=2 2 2 2 2 2
left_child=1 3 5 -1 -5 -3
right_child=-2 2 -4 4 -6 -7
leaf_value=-0.0034536547551815028 -0.020388707421079625 -0.026810336209984877 0.010039468899441677 0.042403119987152856 -0.018460003789641213 0.0058765306206957661
leaf_weight=137.79186595266219 4.1630527600937048 4.3073166263638996 48.158511310990434 2.5425960923894313 1.3174430116196152 5.4227980233845283
leaf_count=7343 661 223 1909 250 218 195
internal_value=-0.000531094 0.000179057 0.00603051 -0.00228772 0.0226418 -0.0115015
internal_weight=203.704 199.541 57.8886 141.652 3.86004 9.73011
internal_count=10799 10138 2327 7811 468 418
is_linear=0
shrinkage=0.05


Tree=287
num_leaves=7
num_cat=0
split_feature=52 10 13 14 31 67
split_gain=0.944978 1.01113 1.89641 1.29751 1.01769 2.82703
threshold=1.0000000180025095e-35 1.215424992502949 2.1101282334064213 0.33454450162309929 0.40751016376943577 -0.22053292835475177
decision_type=2 2 2 2 2 2
left_child=1 4 3 -3 -1 -6
right_child=-2 2 -4 -5 5 -7
leaf_value=0.0010934504255808162 -0.023034904994458875 -0.025371907624907944 0.017380741099641925 0.0095203108325424644 -0.0083888536275141413 0.026272891393016109
leaf_weight=174.21791436486819 1.0271817517932493 9.1157975987298396 2.2452897445764384 1.7145478893071402 8.1325283737387526 11.12145216859062
leaf_count=8669 54 676 236 134 516 545
internal_value=0.00098438 0.0014319 -0.010659 -0.0189812 0.00239933 0.0124752
internal_weight=207.575 206.548 13.0756 10.8303 193.472 19.254
internal_count=10830 10776 1046 810 9730 1061
is_linear=0
shrinkage=0.05


Tree=288
num_leaves=7
num_cat=0
split_feature=57 57 12 20 20 32
split_gain=1.18363 2.06597 1.72535 1.30963 2.46413 3.44864
threshold=0.1798438650427617 3.7279136882389676 0.8885195903518911 -0.73179477604586662 -0.33824135684543405 -1.3954221737327763
decision_type=2 2 2 2 2 2
left_child=3 2 -2 -1 5 -5
right_child=1 -3 -4 4 -6 -7
leaf_value=0.0041138415237276021 0.029997719584923244 -0.012635291236145688 -0.0091858573603029823 0.025878989480307098 0.00024300816224494005 -0.015890489010098346
leaf_weight=45.396642256557243 7.8749160059523984 4.4405728308774988 2.2204135736974422 2.7063094612094565 82.813373732453329 57.348985855089268
leaf_count=2194 195 258 98 188 5025 2851
internal_value=-0.00197811 0.0105073 0.0212495 -0.00309179 -0.0054189 -0.0128665
internal_weight=202.801 14.5359 10.0953 188.265 142.869 60.0553
internal_count=10809 551 293 10258 8064 3039
is_linear=0
shrinkage=0.05


Tree=289
num_leaves=7
num_cat=0
split_feature=67 18 18 15 67 18
split_gain=1.18124 0.985243 2.5774 1.75848 1.70411 1.97727
threshold=1.8598566503437899 -1.0371546909437639 -0.7345851151122732 1.9906984708413 1.3350940239175151 0.41645649541989727
decision_type=2 2 2 2 2 2
left_child=1 3 -3 -1 -4 -6
right_child=-2 2 4 -5 5 -7
leaf_value=0.013721124305197556 -0.022821854498851695 -0.021658005265152075 0.00022367576818909502 -0.020130686191223945 0.02495570793571868 -0.0054133797472450942
leaf_weight=27.70674592041178 1.8931067428202357 9.1719574784219713 149.62094195294776 1.704702800256199 12.58479466265999 6.7754433737136415
leaf_count=1349 379 914 7069 217 646 192
internal_value=0.00151315 0.00205709 0.000588059 0.0100774 0.00215226 0.0150272
internal_weight=209.458 207.565 178.153 29.4114 168.981 19.3602
internal_count=10766 10387 8821 1566 7907 838
is_linear=0
shrinkage=0.05


Tree=290
num_leaves=7
num_cat=0
split_feature=67 29 22 67 67 67
split_gain=1.15181 2.01338 1.75866 3.86483 3.68355 3.59015
threshold=-0.81119032586650941 -0.43691464340043917 0.3129705981177629 1.6425219469743901 1.6425219469743901 -0.538897022587563
decision_type=2 2 2 2 2 2
left_child=1 -1 4 5 -2 -4
right_child=2 -3 3 -5 -6 -7
leaf_value=0.00064971930242079781 0.010031065085583121 -0.024144253320780212 0.0174104270916168 0.025406732945509814 -0.023793248711036288 -0.012728986518003109
leaf_weight=31.555855467944639 97.740159080654848 7.987003345246193 9.3964339391095546 7.5359421542088958 5.9171460492070755 50.13769475693698
leaf_count=1533 4375 631 303 471 501 2986
internal_value=0.00170049 -0.00570769 0.00348526 -0.00275264 0.00748531 -0.00736497
internal_weight=210.27 39.5429 170.727 67.0701 103.657 59.5341
internal_count=10800 2164 8636 3760 4876 3289
is_linear=0
shrinkage=0.05


Tree=291
num_leaves=7
num_cat=0
split_feature=31 4 2 25 68 28
split_gain=1.09872 1.27685 1.33042 1.79853 1.96807 2.3244
threshold=2.5513241772601525 3.0367848510483109 1.7857018539593295 0.48017137611964406 1.2956970504389835 0.59113893443994592
decision_type=2 2 2 2 2 2
left_child=1 2 3 4 5 -1
right_child=-2 -3 -4 -5 -6 -7
leaf_value=4.5259083181174156e-05 -0.022157526183834746 0.025796386281694311 -0.019334143635023546 0.00809739424012044 0.021746470425101638 -0.017665805238345596
leaf_weight=101.88726678615785 1.8757646264712082 2.4414959969290058 4.6106072710244907 72.394473204389215 5.4755383662122759 19.637776721239788
leaf_count=4895 304 220 314 2919 724 1454
internal_value=0.00134787 0.00187575 0.00121977 0.00197458 -0.00162195 -0.0031734
internal_weight=208.323 206.447 204.006 199.395 127.001 121.525
internal_count=10830 10526 10306 9992 7073 6349
is_linear=0
shrinkage=0.05


Tree=292
num_leaves=7
num_cat=0
split_feature=67 67 32 64 68 31
split_gain=1.47482 1.09262 1.34435 2.00453 3.6413 2.63423
threshold=-1.4525360088286379 -1.2888232622250588 0.37002815984980791 1.0000000180025095e-35 0.41547150921534365 -0.24495497077121717
decision_type=2 2 2 2 2 2
left_child=-1 -2 -3 4 5 -4
right_child=1 2 3 -5 -6 -7
leaf_value=-0.027305188364454332 0.017506383231418617 0.0030450260687124794 0.014361013821590852 -0.017877977175905013 -0.027004450073402214 -0.010720320259472005
leaf_weight=1.7661063869163616 6.3733464629622167 127.4358555067447 28.563524572731694 19.405303736566566 7.0580643482389851 13.064168222597798
leaf_count=356 308 7057 1064 774 468 648
internal_value=0.000193702 0.000830507 3.06143e-05 -0.00550143 0.000183004 0.00629813
internal_weight=203.666 201.9 195.527 68.0911 48.6858 41.6277
internal_count=10675 10319 10011 2954 2180 1712
is_linear=0
shrinkage=0.05


Tree=293
num_leaves=7
num_cat=0
split_feature=66 57 57 26 67 32
split_gain=1.32371 1.11762 1.80735 1.45634 1.0043 2.74911
threshold=1.3856904858368992 3.7279136882389676 0.88945483157388916 -0.45537530587330072 -0.68849690067362446 0.033751905834077466
decision_type=2 2 2 2 2 2
left_child=1 2 4 -4 5 -1
right_child=-2 -3 3 -5 -6 -7
leaf_value=-0.035281651817057086 0.0081410160838752462 -0.02312826607572803 -0.011455155578858308 0.028548926520180408 -0.00073424767239796385 -0.0031276880293383473
leaf_weight=5.432909882743842 30.635510430671275 3.4658213129732749 1.2925521242432294 5.1629292620345941 123.49348192650359 34.892752457031747
leaf_count=379 1788 165 56 95 6646 1631
internal_value=-0.000968127 -0.00268526 -0.00187593 0.019446 -0.00305074 -0.00960271
internal_weight=204.376 173.74 170.275 6.45548 163.819 40.3257
internal_count=10760 8972 8807 151 8656 2010
is_linear=0
shrinkage=0.05


Tree=294
num_leaves=7
num_cat=0
split_feature=68 30 22 4 52 67
split_gain=1.43463 2.26654 2.16266 2.14807 1.74581 1.41518
threshold=-0.58690578627191448 0.6504613988612129 0.10627306997029531 3.0367848510483109 1.0000000180025095e-35 1.6331480859664447
decision_type=2 2 2 2 2 2
left_child=1 4 -3 -2 5 -1
right_child=3 2 -4 -5 -6 -7
leaf_value=0.015077065195158952 -0.003993635647584844 -0.026374530150136674 0.0048727432496120104 0.028621501604687755 -0.022550375151933599 -0.012125297632831739
leaf_weight=47.956527319372981 133.18790086398076 6.4587944787926999 11.546341125271281 2.2667073810589491 1.0335291507653881 3.0609002962009972
leaf_count=1747 7732 335 409 228 48 235
internal_value=0.000153914 0.00582068 -0.00850224 -0.00283951 0.0109685 0.0128622
internal_weight=205.511 70.0561 18.0051 135.455 52.051 51.0174
internal_count=10734 2774 744 7960 2030 1982
is_linear=0
shrinkage=0.05


Tree=295
num_leaves=7
num_cat=0
split_feature=24 25 32 19 24 31
split_gain=1.51357 1.63747 1.46922 1.41045 1.34859 1.18006
threshold=0.89809705756617786 -0.76812394654980853 2.2755935992722809 0.60946596358427729 1.1465621947155713 0.40751016376943577
decision_type=2 2 2 2 2 2
left_child=5 -2 3 -3 -5 -1
right_child=1 2 -4 4 -6 -7
leaf_value=-0.0033911474668135004 -0.016100434206906288 0.019767679018443375 -0.01530387512907338 0.012438117864382143 -0.015436907504607224 0.009708844536690249
leaf_weight=145.55960890481947 3.5321171892137491 26.584245216436102 2.3082323060370973 6.2799830230069329 5.1552879274822772 16.5202768456802
leaf_count=7818 517 906 99 206 201 1039
internal_value=0.000352591 0.00827869 0.0113809 0.0140017 -0.000725092 -0.00190373
internal_weight=205.94 43.8599 40.3277 38.0195 11.4353 162.08
internal_count=10786 1929 1412 1313 407 8857
is_linear=0
shrinkage=0.05


Tree=296
num_leaves=7
num_cat=0
split_feature=27 28 24 30 20 22
split_gain=1.24664 2.41589 1.54153 1.94936 1.38656 1.71806
threshold=0.76844061937175112 1.0388589821146836 0.20705540380488349 0.86527648922001188 0.35824972114262593 -0.67980035440069642
decision_type=2 2 2 2 2 2
left_child=4 2 -2 -4 -1 -6
right_child=1 -3 3 -5 5 -7
leaf_value=0.00067202946439948153 -0.027508521347522238 0.010945035024801271 0.0096806711716702284 -0.020238464732520608 0.035113964777562449 0.0013660700581506226
leaf_weight=156.40014928016171 10.721689843048809 10.190763562335631 9.5805991148226912 6.7350839154096311 3.841363225656095 8.9750467908452247
leaf_count=7503 1059 707 397 317 149 653
internal_value=0.000264429 -0.0076644 -0.0150712 -0.003895 0.00211192 0.0162228
internal_weight=206.445 37.2281 27.0374 16.3157 169.217 12.8164
internal_count=10785 2480 1773 714 8305 802
is_linear=0
shrinkage=0.05


Tree=297
num_leaves=7
num_cat=0
split_feature=67 28 23 2 67 18
split_gain=1.2214 1.87948 1.75477 1.62588 1.4474 3.02638
threshold=-1.0517687327352405 -0.54605712729397338 -1.2565616533863102 -1.0876988705063835 -0.83858283081194973 1.0017032756490283
decision_type=2 2 2 2 2 2
left_child=1 3 -3 -1 5 -2
right_child=4 2 -4 -5 -6 -7
leaf_value=0.018208967027794377 -0.030067415561838846 -0.01644510575495594 0.026072669242824816 -0.016067013159245212 -0.00086706819776902156 0.010522722064526325
leaf_weight=2.2600869078014512 9.3174506863288098 0.8089226538722859 11.453072269141556 7.7552513998816739 163.28721881547244 5.382194904741481
leaf_count=96 479 141 594 358 8669 338
internal_value=-0.000930635 0.00938264 0.0205866 -0.00591794 -0.0023556 -0.015941
internal_weight=200.264 22.2773 12.262 10.0153 177.987 14.6996
internal_count=10675 1189 735 454 9486 817
is_linear=0
shrinkage=0.05


Tree=298
num_leaves=7
num_cat=0
split_feature=25 26 24 33 68 23
split_gain=1.3695 2.22781 2.1543 1.66393 2.34188 1.6056
threshold=-0.62185052629534943 -0.46273464004760062 1.6042780489209216 0.88125690775445009 -0.57317592909268389 -1.404771428213383
decision_type=2 2 2 2 2 2
left_child=1 3 -3 -1 5 -5
right_child=-2 2 -4 4 -6 -7
leaf_value=0.01916248865063129 0.0016979883275243712 -0.036743751931015999 0.006240586950059997 0.022503002067520421 -0.017345479857349931 -0.0095047049800060859
leaf_weight=5.1587320131075129 160.93115773203317 7.1334385577938502 3.0105571966269054 6.3218305088812485 15.821468209294833 4.5092370490310731
leaf_count=311 7511 1094 340 194 1061 247
internal_value=-0.000428429 -0.0081539 -0.0254741 -0.000911478 -0.0063425 0.0100062
internal_weight=202.886 41.9553 10.144 31.8113 26.6525 10.8311
internal_count=10758 3247 1434 1813 1502 441
is_linear=0
shrinkage=0.05


Tree=299
num_leaves=7
num_cat=0
split_feature=33 68 25 58 14 24
split_gain=1.65241 2.48553 2.75841 1.82916 1.79849 1.63458
threshold=-0.01573041304690442 -0.022076074556940307 0.2532941410676226 1.6262222560397877 2.1853483052530089 0.50114748302200807
decision_type=2 2 2 2 2 2
left_child=3 -2 -3 4 5 -1
right_child=1 2 -4 -5 -6 -7
leaf_value=-0.012564212126842257 0.00020274330925988565 0.005427130590145132 0.042747218982042298 0.015586912696455752 0.024921933194989369 -0.00035022831117143411
leaf_weight=54.570236146682873 63.684260188281769 15.118585501244526 5.233363749459385 8.3478981642983836 1.7730944718350645 52.594129806457204
leaf_count=3681 2849 1292 170 335 131 2258
internal_value=8.24351e-05 0.00532888 0.0192826 -0.00371585 -0.00557312 -0.00674261
internal_weight=201.322 84.0362 20.3519 117.285 108.937 107.164
internal_count=10716 4311 1462 6405 6070 5939
is_linear=0
shrinkage=0.05


end of trees

feature_importances:
Column_67=204
Column_68=133
Column_22=123
Column_24=106
Column_30=96
Column_25=88
Column_28=84
Column_29=68
Column_26=63
Column_31=58
Column_66=55
Column_58=50
Column_32=46
Column_18=45
Column_12=40
Column_13=38
Column_63=37
Column_20=31
Column_0=28
Column_8=28
Column_23=26
Column_42=25
Column_41=24
Column_2=21
Column_15=21
Column_14=20
Column_19=20
Column_34=19
Column_3=18
Column_27=18
Column_33=16
Column_6=15
Column_35=15
Column_4=14
Column_10=12
Column_21=12
Column_56=12
Column_52=10
Column_5=9
Column_40=9
Column_57=9
Column_17=8
Column_61=6
Column_64=6
Column_11=4
Column_1=3
Column_60=3
Column_16=2
Column_51=2

parameters:
[boosting: gbdt]
[objective: binary]
[metric: binary_logloss]
[tree_learner: serial]
[device_type: cpu]
[data_sample_strategy: bagging]
[data: ]
[valid: ]
[num_iterations: 300]
[learning_rate: 0.05]
[num_leaves: 7]
[num_threads: 4]
[seed: 1]
[deterministic: 0]
[force_col_wise: 0]
[force_row_wise: 0]
[histogram_pool_size: -1]
[max_depth: -1]
[min_data_in_leaf: 30]
[min_sum_hessian_in_leaf: 0.001]
[bagging_fraction: 0.8]
[pos_bagging_fraction: 1]
[neg_bagging_fraction: 1]
[bagging_freq: 1]
[bagging_seed: 18467]
[bagging_by_query: 0]
[feature_fraction: 0.7]
[feature_fraction_bynode: 1]
[feature_fraction_seed: 26500]
[extra_trees: 0]
[extra_seed: 15724]
[early_stopping_round: 0]
[early_stopping_min_delta: 0]
[first_metric_only: 0]
[max_delta_step: 0]
[lambda_l1: 0]
[lambda_l2: 3]
[linear_lambda: 0]
[min_gain_to_split: 0]
[drop_rate: 0.1]
[max_drop: 50]
[skip_drop: 0.5]
[xgboost_dart_mode: 0]
[uniform_drop: 0]
[drop_seed: 6334]
[top_rate: 0.2]
[other_rate: 0.1]
[min_data_per_group: 100]
[max_cat_threshold: 32]
[cat_l2: 10]
[cat_smooth: 10]
[max_cat_to_onehot: 4]
[top_k: 20]
[monotone_constraints: ]
[monotone_constraints_method: basic]
[monotone_penalty: 0]
[feature_contri: ]
[forcedsplits_filename: ]
[refit_decay_rate: 0.9]
[cegb_tradeoff: 1]
[cegb_penalty_split: 0]
[cegb_penalty_feature_lazy: ]
[cegb_penalty_feature_coupled: ]
[path_smooth: 0]
[interaction_constraints: ]
[verbosity: -1]
[saved_feature_importance_type: 0]
[use_quantized_grad: 0]
[num_grad_quant_bins: 4]
[quant_train_renew_leaf: 0]
[stochastic_rounding: 1]
[linear_tree: 0]
[max_bin: 255]
[max_bin_by_feature: ]
[min_data_in_bin: 3]
[bin_construct_sample_cnt: 200000]
[data_random_seed: 41]
[is_enable_sparse: 1]
[enable_bundle: 1]
[use_missing: 1]
[zero_as_missing: 0]
[feature_pre_filter: 1]
[pre_partition: 0]
[two_round: 0]
[header: 0]
[label_column: ]
[weight_column: ]
[group_column: ]
[ignore_column: ]
[categorical_feature: ]
[forcedbins_filename: ]
[precise_float_parser: 0]
[parser_config_file: ]
[objective_seed: 19169]
[num_class: 1]
[is_unbalance: 0]
[scale_pos_weight: 1]
[sigmoid: 1]
[boost_from_average: 1]
[reg_sqrt: 0]
[alpha: 0.9]
[fair_c: 1]
[poisson_max_delta_step: 0.7]
[tweedie_variance_power: 1.5]
[lambdarank_truncation_level: 30]
[lambdarank_norm: 1]
[label_gain: ]
[lambdarank_position_bias_regularization: 0]
[eval_at: ]
[multi_error_top_k: 1]
[auc_mu_weights: ]
[num_machines: 1]
[local_listen_port: 12400]
[time_out: 120]
[machine_list_filename: ]
[machines: ]
[gpu_platform_id: -1]
[gpu_device_id: -1]
[gpu_device_id_list: ]
[gpu_use_dp: 0]
[num_gpu: 1]

end of parameters

pandas_categorical:null
