tree
version=v4
num_class=1
num_tree_per_iteration=1
label_index=0
max_feature_idx=68
objective=binary sigmoid:1
feature_names=Column_0 Column_1 Column_2 Column_3 Column_4 Column_5 Column_6 Column_7 Column_8 Column_9 Column_10 Column_11 Column_12 Column_13 Column_14 Column_15 Column_16 Column_17 Column_18 Column_19 Column_20 Column_21 Column_22 Column_23 Column_24 Column_25 Column_26 Column_27 Column_28 Column_29 Column_30 Column_31 Column_32 Column_33 Column_34 Column_35 Column_36 Column_37 Column_38 Column_39 Column_40 Column_41 Column_42 Column_43 Column_44 Column_45 Column_46 Column_47 Column_48 Column_49 Column_50 Column_51 Column_52 Column_53 Column_54 Column_55 Column_56 Column_57 Column_58 Column_59 Column_60 Column_61 Column_62 Column_63 Column_64 Column_65 Column_66 Column_67 Column_68
feature_infos=[-1.8815920717489296:3.7461061264995958] [-2.0803878152855169:3.0183732899940279] [-1.4076119066311088:6.0958029406578991] [-1.157468511143747:6.5596191813829723] [-0.71894991903232808:8.5234925172760505] [-0.80391296288844194:17.523418458494731] [-0.25784735658623387:21.344315956962372] [-0.18423427030861689:21.888267250199537] [-2.3805871612963836:1.5149595058438643] none [-2.179150574281568:14.316113284933973] [-2.1791522593826742:14.315704558943487] [-1.5747916106413851:1.5744050465734765] [-1.1208883927093243:2.9330728054731861] [-0.82449493011797303:5.4011298577750742] [-0.82325510766961252:4.6671478356350375] [-0.18280521811990849:20.576297830639007] [-2.9196467038630214:0.84677732833769992] [-2.1804889250901254:3.2695804262773009] [-1.4131341598141485:4.8777478161260701] [-0.85795997101804622:6.6111497848843452] [-1.6504153123721172:4.3124845489112289] [-2.8311154935626659:2.0995223404635608] [-2.666057210752915:9.7148112883580566] [-2.3771105944179651:3.6509814910926695] [-1.5873232927114951:4.3099845784333164] [-0.97424064294290902:6.0698471990368228] [-1.8563808370081984:4.0796672637926727] [-3.2749051536296321:2.5061731833568448] [-3.013176066203878:7.5101113828412398] [-2.1804946133672458:8.4068205543164201] [-0.38476892817278563:23.103975915290718] [-3.5111602719150805:5.6243446288455949] [-0.9840688022502333:2.4611783441512354] [-2.279882828458101:0.43861664754269025] [-0.21378011142457479:4.6776578535969628] [-0.090937612971472195:10.996306071386092] [-0.21212666027028065:4.7141181889180466] none none [-0.24746809811406859:4.0408902437225169] [-2.3294959506193949:0.42927504647506515] [-0.29797961287649777:3.3559097636960167] none none none none none none none [-0.16548776822560729:6.0426676512093174] [-0.28073778417416895:3.5620154139564564] [-0.068620634073728939:14.572449403482262] none [-0.07637847045409149:13.092349935413461] [-0.13997260981870477:7.1441507956552943] [-2.5929692165693647:0.38565596396919677] [-0.19713450154133769:7.2981357827604256] [-0.24324672161699681:9.6546697716022436] none [-0.11688777962906391:17.769787179277433] [-0.45494070110904983:2.1980770054951084] none [-1.0602179945217445:0.94319847270859525] [-0.65358400186161247:1.5300185285310013] none [-0.48831760201239605:2.3664220036716115] [-2.8797757832957869:2.8192886835088649] [-1.6490885806466411:5.9428872503458132]
tree_sizes=897 901 903 902 903 903 905 904 902 909 894 908 909 903 903 896 901 903 905 904 901 897 900 912 916 906 912 904 907 900 905 903 907 908 907 899 907 900 908 904 900 906 905 907 906 913 904 912 899 912 902 907 910 907 905 910 910 897 907 903 905 898 904 903 907 896 907 909 901 901 909 906 904 905 915 902 911 910 906 918 903 904 909 917 904 902 907 912 903 901 910 902 909 905 904 905 901 905 903 909 909 903 903 905 908 912 903 900 906 909 904 906 913 909 901 911 900 910 905 899 904 905 904 898 895 906 903 904 897 902 903 908 901 903 901 903 897 905 896 905 906 900 905 902 904 911 902 908 906 913 899 907 896 899 904 910 911 908 903 899 904 909 900 910 911 912 899 906 899 907 910 898 899 898 897 912 904 893 906 905 906 904 910 908 905 893 903 912 906 904 910 909 905 910 900 899 908 909 906 907 902 913 909 913 907 902 902 893 897 903 896 908 896 892 897 907 903 898 895 896 898 907 905 903 905 898 896 900 904 901 894 910 903 898 902 899 901 902 897 915 896 903 901 913 909 909 899 910 907 909 907 901 903 908 902 897 908 904 905 896 904 903 899 903 907 896 898 893 904 898 903 906 906 909 904 900 896 901 907 898 904 906 905 896 900 902 908 900 904 893 915 903 908 912 900 896 899 895 905 895

Tree=0
num_leaves=7
num_cat=0
split_feature=67 66 12 68 42 28
split_gain=187.741 140.084 60.9201 47.4588 29.4407 24.7537
threshold=0.205543772460098 -0.48407189053384242 0.32873870600246041 0.32757110684724328 1.0000000180025095e-35 0.038768191083593702
decision_type=2 2 2 2 2 2
left_child=1 2 5 -3 -2 -1
right_child=4 3 -4 -5 -6 -7
leaf_value=-0.0039630232813971777 -0.067580942105711347 0.07584078818472359 0.023047374408794563 -0.042202004199878018 0.018590484140421269 -0.0511757340949517
leaf_weight=51.994393253233284 89.038412911817431 95.248294713906944 104.5223815315403 7.4386548344045869 9.835971048101781 57.93857132922858
leaf_count=1370 3123 1879 2282 236 193 1908
internal_value=0.000407785 0.0192173 -0.00394753 0.0663345 -0.0587136 -0.0295443
internal_weight=416.017 317.142 214.455 102.687 98.8744 109.933
internal_count=10991 7675 5560 2115 3316 3278
is_linear=0
shrinkage=1


Tree=1
num_leaves=7
num_cat=0
split_feature=66 12 68 18 27 27
split_gain=160.395 76.6708 60.2855 41.7013 22.9282 17.1185
threshold=-0.48577020367265994 -0.13579129720890618 0.62557252654876849 -0.23852369020465206 0.67554773397312429 0.45969704590992538
decision_type=2 2 2 2 2 2
left_child=1 -1 5 -3 -5 -2
right_child=2 3 -4 4 -6 -7
leaf_value=-0.047976381403317184 0.068893691606736029 -0.035175171212622633 -0.048689148906478637 0.028655391297574662 -0.022405629059717692 0.00069022025057323617
leaf_weight=125.76682801637799 92.621112253516912 48.62729611992836 11.59695605188608 100.28776372363791 25.522064849734306 10.247106132563202
leaf_count=4111 1860 1503 380 2090 697 292
internal_value=0.000510099 -0.0187104 0.0501095 0.00284437 0.0180165 0.0623118
internal_weight=414.669 300.204 114.465 174.437 125.81 102.868
internal_count=10933 8401 2532 4290 2787 2152
is_linear=0
shrinkage=0.05


Tree=2
num_leaves=7
num_cat=0
split_feature=67 66 12 42 26 25
split_gain=168.827 99.1782 49.2427 32.7936 19.8482 18.4641
threshold=0.14548162600178152 -0.48577020367265994 0.6049504388973419 1.0000000180025095e-35 0.35202111972291589 -0.76495980356621562
decision_type=2 2 2 2 2 2
left_child=1 2 4 -2 5 -1
right_child=3 -3 -4 -5 -6 -7
leaf_value=-0.034201026180307077 -0.062394043545833167 0.060606874319309736 0.029870125391234778 0.022826445340038238 -0.049993685201019461 0.01026193041740683
leaf_weight=34.084798862691969 91.658697621896863 99.772154251113534 84.152234251610935 11.273650577291844 33.48448811005801 60.471925988793373
leaf_count=1106 3197 2103 1707 212 1096 1454
internal_value=0.0019398 0.020291 0.000754021 -0.0526782 -0.0186276 -0.00632446
internal_weight=414.898 311.966 212.193 102.932 128.041 94.5567
internal_count=10875 7466 5363 3409 3656 2560
is_linear=0
shrinkage=0.05


Tree=3
num_leaves=7
num_cat=0
split_feature=66 24 26 68 13 68
split_gain=137.194 71.9294 46.9204 43.159 34.059 23.6217
threshold=-0.15291424574058196 -0.066384818928607828 -0.30736015932966976 0.30524176616785353 -0.69636962269562608 0.32757110684724328
decision_type=2 2 2 2 2 2
left_child=1 4 5 -2 -1 -3
right_child=3 2 -4 -5 -6 -7
leaf_value=-0.0091432302578008488 0.061797872745431942 0.042044557768302841 -0.02115830143739977 -0.035904782897489662 -0.060090577174964126 -0.024727088891158485
leaf_weight=52.744764604140073 89.389871872030199 73.727311403024942 79.581821803934872 10.897501451894639 89.482190517708659 13.930591410025952
leaf_count=1402 1858 1413 2203 336 3202 436
internal_value=0.000493141 -0.016024 0.00622669 0.0504467 -0.041776 0.0309661
internal_weight=409.754 309.467 167.24 100.287 142.227 87.6579
internal_count=10850 8656 4052 2194 4604 1849
is_linear=0
shrinkage=0.05


Tree=4
num_leaves=7
num_cat=0
split_feature=67 66 12 68 68 24
split_gain=137.183 87.3609 41.0894 38.0039 28.623 24.5143
threshold=0.19217734102284287 -0.48577020367265994 0.6049504388973419 0.32757110684724328 -0.56428328138229222 -0.066384818928607828
decision_type=2 2 2 2 2 2
left_child=1 2 4 -3 -1 -2
right_child=5 3 -4 -5 -6 -7
leaf_value=0.018886442212716542 -0.065696488537664993 0.063167086655116986 0.024313559514693016 -0.044048704427484466 -0.033863610956614082 -0.0090121291969886188
leaf_weight=32.847304053604603 71.383709290996194 90.69999985396862 84.631727898027748 6.9757013823837033 93.519650114700198 27.077231260016561
leaf_count=782 2640 1888 1778 228 2916 700
internal_value=-0.000339658 0.0161017 -0.00215346 0.0544256 -0.020032 -0.0508354
internal_weight=407.135 308.674 210.999 97.6757 126.367 98.4609
internal_count=10932 7592 5476 2116 3698 3340
is_linear=0
shrinkage=0.05


Tree=5
num_leaves=7
num_cat=0
split_feature=67 66 26 68 30 24
split_gain=121.267 86.8632 39.5507 38.7038 26.8571 24.7773
threshold=0.14548162600178152 -0.48407189053384242 0.13390939109512739 0.77357159201456982 -0.94530784380415145 -0.066384818928607828
decision_type=2 2 2 2 2 2
left_child=1 2 4 -3 -1 -2
right_child=5 3 -4 -5 -6 -7
leaf_value=-0.0369248692455105 -0.061964393808475127 0.061615912207665637 -0.043143542065119868 -0.058692514557423449 0.017599597929042362 -0.0075407961237860316
leaf_weight=24.047517157159746 71.418876945972443 92.549793917220086 43.928902085870504 4.871546206995844 136.83125726738945 30.359567038714886
leaf_count=830 2641 1921 1429 181 3081 767
internal_value=1.90148e-07 0.0159322 -0.0027065 0.0540262 0.00892274 -0.0464111
internal_weight=404.007 302.229 204.808 97.4213 160.879 101.778
internal_count=10850 7442 5340 2102 3911 3408
is_linear=0
shrinkage=0.05


Tree=6
num_leaves=7
num_cat=0
split_feature=68 66 32 26 63 18
split_gain=110.396 80.0686 39.3204 27.0941 24.5361 17.9397
threshold=0.28584406759079067 -0.48577020367265994 -0.33054736934963042 -0.32270286478661664 1.0000000180025095e-35 -0.27140849611743895
decision_type=2 2 2 2 2 2
left_child=1 2 -1 -4 5 -2
right_child=4 -3 3 -5 -6 -7
leaf_value=-0.032492303995110251 -0.052135233848962098 0.052230234137004519 0.029913118082886728 -0.010902427979643905 -0.073432355066637242 0.011387278103148074
leaf_weight=69.137621385976672 17.61450576223433 94.862214488210157 88.444201029837132 71.024387250654399 44.432705061510205 22.250454117078334
leaf_count=2217 650 2070 1801 1890 1698 566
internal_value=0.00103582 0.0143836 -0.00179435 0.011869 -0.0489166 -0.0183648
internal_weight=407.766 323.468 228.606 159.469 84.2977 39.865
internal_count=10892 7978 5908 3691 2914 1216
is_linear=0
shrinkage=0.05


Tree=7
num_leaves=7
num_cat=0
split_feature=67 66 22 30 68 42
split_gain=105.221 75.3909 33.5519 36.5789 29.3169 22.6936
threshold=0.12499800379923431 -0.48577020367265994 0.81257396433183127 -1.0527153889835508 0.69495472297050387 1.0000000180025095e-35
decision_type=2 2 2 2 2 2
left_child=1 2 3 -1 -3 -2
right_child=5 4 -4 -5 -6 -7
leaf_value=-0.048124781418319697 -0.050450678987172273 0.057296846664613599 -0.047925724139746245 0.015578873030434258 -0.046027500521563791 0.021079856781408175
leaf_weight=23.514357712119818 94.676040204241872 90.802592188119888 31.267382508143783 148.35823184205219 5.2220815606415263 10.849078426137565
leaf_count=876 3349 1870 1028 3418 179 215
internal_value=-0.000490646 0.0146803 -0.00271804 0.00618732 0.0504536 -0.0427172
internal_weight=404.69 299.165 203.14 171.873 96.0247 105.525
internal_count=10935 7371 5322 4294 2049 3564
is_linear=0
shrinkage=0.05


Tree=8
num_leaves=7
num_cat=0
split_feature=67 68 61 23 24 64
split_gain=94.0939 63.403 46.1637 33.6714 30.5551 28.1348
threshold=0.19217734102284287 0.32757110684724328 1.0000000180025095e-35 0.51385121392601285 0.55511552510141715 1.0000000180025095e-35
decision_type=2 2 2 2 2 2
left_child=1 2 3 -1 -2 -3
right_child=4 5 -4 -5 -6 -7
leaf_value=0.019800702334281051 -0.051762490495537307 -0.063067317174110057 0.058964653906581614 -0.034296832299458256 0.031589979682080625 0.018908185041592855
leaf_weight=166.71439848747104 86.872238947078586 32.00778010673821 64.08337758644484 31.803076755721122 10.501180889084933 13.290459410753099
leaf_count=3764 3158 1147 1358 1029 190 346
internal_value=-7.23902e-06 0.0135817 0.023051 0.0107526 -0.0420979 -0.0393353
internal_weight=405.273 307.899 262.601 198.517 97.3734 45.2982
internal_count=10992 7644 6151 4793 3348 1493
is_linear=0
shrinkage=0.05


Tree=9
num_leaves=7
num_cat=0
split_feature=67 66 68 42 68 25
split_gain=88.1082 56.606 30.3165 21.4305 20.4779 19.4143
threshold=0.14548162600178152 1.0000000180025095e-35 -0.55939721121174746 1.0000000180025095e-35 0.32757110684724328 -0.52899929598370765
decision_type=2 2 2 2 2 2
left_child=1 2 -1 -2 -3 -4
right_child=3 4 5 -5 -6 -7
leaf_value=0.028715784429290667 -0.048133879488684875 0.056029402065219849 -0.035586794101407047 0.020526257634885456 -0.029389058236218148 0.0010657291175053616
leaf_weight=62.986412410624325 88.947720279917121 73.397398834582418 52.118395918980241 11.274354042485355 5.8895263299345961 104.38101283065043
leaf_count=1302 3228 1627 1698 225 184 2655
internal_value=-0.000163564 0.0134772 0.000214862 -0.040038 0.0488443 -0.0115803
internal_weight=398.995 298.773 219.486 100.222 79.2869 156.499
internal_count=10919 7466 5655 3453 1811 4353
is_linear=0
shrinkage=0.05


Tree=10
num_leaves=7
num_cat=0
split_feature=12 67 66 28 2 32
split_gain=89.4674 42.9978 27.5526 18.2162 18.0978 16.789
threshold=-0.2473076112057627 0.14548162600178152 -0.48746848826408135 0.83264996063555086 -1.4017953059742954 -0.5267085175254731
decision_type=2 2 2 2 2 2
left_child=4 2 3 -2 -1 -6
right_child=1 -3 -4 -5 5 -7
leaf_value=0.014529522970684848 0.020533506451727874 -0.022160592515095376 0.051502535640897684 -0.03214763942235848 -0.063752152261281544 -0.023688375080739992
leaf_weight=16.995857140049338 117.32343341875821 52.049806272611022 74.408703544177115 16.261499909684062 40.923714767675847 80.930461457930505
leaf_count=416 2572 1624 1650 494 1663 2506
internal_value=0.000299535 0.017557 0.02767 0.0135553 -0.0317087 -0.038352
internal_weight=398.893 260.043 207.994 133.585 138.85 121.854
internal_count=10925 6340 4716 3066 4585 4169
is_linear=0
shrinkage=0.05


Tree=11
num_leaves=7
num_cat=0
split_feature=24 26 26 68 42 63
split_gain=76.6442 48.5108 42.2663 27.4262 20.1386 19.2871
threshold=-0.066384818928607828 0.014965766392078746 -0.76962102696800361 0.32757110684724328 1.0000000180025095e-35 1.0000000180025095e-35
decision_type=2 2 2 2 2 2
left_child=2 3 -1 -2 -3 -5
right_child=1 4 -4 5 -6 -7
leaf_value=0.010661386993192221 0.040516081015941195 -0.029847996385503048 -0.043194018643213795 0.030049413431599267 0.038461521920178481 -0.054557634575811025
leaf_weight=51.693777052685618 140.71720947744325 55.03915649279952 112.7009892500937 9.6133942250162363 10.544687712565063 12.016499884426594
leaf_count=1339 3004 1705 4045 224 174 425
internal_value=-0.000615351 0.0180626 -0.0263717 0.0325534 -0.0176631 -0.0178742
internal_weight=392.326 227.931 164.395 162.347 65.5838 21.6299
internal_count=10916 5532 5384 3653 1879 649
is_linear=0
shrinkage=0.05


Tree=12
num_leaves=7
num_cat=0
split_feature=26 15 66 67 41 34
split_gain=74.8257 42.1759 31.0511 22.3597 18.0207 21.9448
threshold=-0.051838481982523624 0.56912939768116411 -0.063746454157041998 0.014941931965208901 1.0000000180025095e-35 1.0000000180025095e-35
decision_type=2 2 2 2 2 2
left_child=1 2 3 -1 5 -2
right_child=4 -3 -4 -5 -6 -7
leaf_value=0.019621765110244212 -0.044092411123013035 -0.029175802999958884 0.050894786547367982 -0.026339715870192282 -0.041553853702523791 0.046942567219523626
leaf_weight=128.55390551313758 8.7582153379917145 44.133095217868686 66.363803456537426 30.366541929543018 98.891736308578402 12.263976627960801
leaf_count=2844 336 1490 1560 981 3481 174
internal_value=-0.000454584 0.0141605 0.0229219 0.0105141 -0.0328353 0.0082458
internal_weight=389.331 269.417 225.284 158.92 119.914 21.0222
internal_count=10866 6875 5385 3825 3991 510
is_linear=0
shrinkage=0.05


Tree=13
num_leaves=7
num_cat=0
split_feature=68 66 24 67 25 20
split_gain=71.5033 50.9077 27.5963 20.3334 18.509 18.254
threshold=0.27138129988597909 -0.48746848826408135 0.25975379867634923 0.57910949262858802 -0.78702697316730796 -0.77745941866585822
decision_type=2 2 2 2 2 2
left_child=1 2 5 -3 -4 -1
right_child=-2 3 4 -5 -6 -7
leaf_value=0.013961428841478777 -0.041033887926299584 0.048515266051481008 -0.044497353268275468 -0.037477359413911664 0.024469127701565001 -0.029248967172974656
leaf_weight=31.046104623004794 83.095814484171569 81.550318918423727 8.1458369400352222 5.3175812661647788 86.611614466179162 90.490770719945431
leaf_count=720 2988 1840 306 197 1818 2976
internal_value=-0.000783553 0.0105429 -0.00256467 0.0421759 0.0173568 -0.0181406
internal_weight=386.258 303.162 216.294 86.8679 94.7575 121.537
internal_count=10845 7857 5820 2037 2124 3696
is_linear=0
shrinkage=0.05


Tree=14
num_leaves=7
num_cat=0
split_feature=26 68 42 22 25 28
split_gain=58.1068 32.8448 29.5144 28.303 19.6902 19.2017
threshold=-0.32270286478661664 0.32757110684724328 1.0000000180025095e-35 -1.0093745675171861 -0.42771944341404683 1.1038906022515331
decision_type=2 2 2 2 2 2
left_child=1 3 4 -1 -2 -5
right_child=2 -3 -4 5 -6 -7
leaf_value=-0.018614590750396266 -0.061518883640093669 -0.030841356384682512 0.031912630106732141 0.036355001559857734 -0.019018888631650507 -0.031389130848522864
leaf_weight=31.021348173264414 35.60664573777467 29.449087541550398 19.262230448890477 152.24731051409617 109.8105631028302 8.9787272755056602
leaf_count=924 1463 1018 357 3367 3473 296
internal_value=-0.000452457 0.0161727 -0.0227227 0.0237377 -0.0304585 0.0320778
internal_weight=386.376 221.696 164.679 192.247 145.417 161.226
internal_count=10898 5605 5293 4587 4936 3663
is_linear=0
shrinkage=0.05


Tree=15
num_leaves=7
num_cat=0
split_feature=12 30 24 32 30 26
split_gain=67.284 31.4449 25.564 19.8816 16.5358 14.272
threshold=0.050596639636010125 0.926652229322526 -0.33079286785369322 -0.5267085175254731 -1.0527153889835508 0.014965766392078746
decision_type=2 2 2 2 2 2
left_child=3 2 -2 -1 -5 -6
right_child=1 -3 -4 4 5 -7
leaf_value=-0.048355439439632469 -0.0076253624887585164 -0.02813161840817599 0.03507084769723133 -0.052291521851193325 0.015707737635686475 -0.02208551120331249
leaf_weight=52.979435448534787 44.39189242105931 29.530311504611745 148.3984953246545 17.324501404073089 49.170817545149475 44.975744485156611
leaf_count=2107 1298 976 3232 724 1179 1415
internal_value=5.99589e-05 0.0178997 0.0252734 -0.0239461 -0.0113818 -0.00247135
internal_weight=386.771 222.321 192.79 164.45 111.471 94.1466
internal_count=10931 5506 4530 5425 3318 2594
is_linear=0
shrinkage=0.05


Tree=16
num_leaves=7
num_cat=0
split_feature=12 66 28 2 19 32
split_gain=60.8855 31.8783 21.3606 15.1277 18.7648 16.7032
threshold=-0.2473076112057627 0.25125978763215989 0.81914763272578128 -1.3901621046606691 -0.82069129090075121 -0.5267085175254731
decision_type=2 2 2 2 2 2
left_child=3 2 -2 -1 -5 -6
right_child=1 -3 -4 4 5 -7
leaf_value=0.012940003880325377 0.011516693842481709 0.044491841658313568 -0.031924183010631338 -0.060412626940957725 -0.054869942508446803 -0.0029791396967298427
leaf_weight=18.757591241039336 159.73008000687696 62.598573049530387 31.29175300640054 39.707119751255959 18.717969086021185 55.57020770595409
leaf_count=468 3869 1501 1041 1672 838 1556
internal_value=8.55711e-05 0.0144103 0.00401695 -0.0269951 -0.0337296 -0.0176761
internal_weight=386.373 253.62 191.022 132.753 113.995 74.2882
internal_count=10945 6411 4910 4534 4066 2394
is_linear=0
shrinkage=0.05


Tree=17
num_leaves=7
num_cat=0
split_feature=67 66 22 30 25 58
split_gain=59.3674 36.9449 24.7896 25.6276 14.817 12.8312
threshold=0.14548162600178152 0.032187070291969017 0.79679592326294724 -1.1601229341629502 0.2101963314635116 -0.040106832468411721
decision_type=2 2 2 2 2 2
left_child=1 2 3 -1 -2 -5
right_child=4 -3 -4 5 -6 -7
leaf_value=-0.042775970508168705 -0.055174897355834911 0.041129047753856798 -0.036939114798754523 0.008463834011339785 -0.014633875366047759 0.046651335604237371
leaf_weight=18.983103716745973 41.744106845930219 73.750319072743878 33.521375167416409 138.69311000290327 51.523283917456865 23.659931904636323
leaf_count=760 1808 1827 1104 3363 1624 400
internal_value=0.000113288 0.0113517 0.000704922 0.00815163 -0.033933 0.0147744
internal_weight=381.875 288.608 214.858 181.336 93.2674 162.353
internal_count=10886 7454 5627 4523 3432 3763
is_linear=0
shrinkage=0.05


Tree=18
num_leaves=7
num_cat=0
split_feature=12 66 24 10 32 30
split_gain=54.2958 27.5201 20.8843 14.1428 14.4633 13.5928
threshold=-0.21771971291204509 0.032187070291969017 -0.14564937626501195 -2.1684398386308037 -0.30252434818165291 1.0647476445531827
decision_type=2 2 2 2 2 2
left_child=3 2 -2 -1 -5 -4
right_child=1 -3 5 4 -6 -7
leaf_value=0.015152959856314936 -0.019598642726780871 0.041594363767652173 0.022075811939902285 -0.053577710426623709 -0.016682782411731125 -0.023834990903524096
leaf_weight=16.347801742143929 61.660026430618018 61.359110400546342 104.99030836648308 45.086892082355917 68.821782300714403 16.411069227615371
leaf_count=400 1921 1556 2264 1989 2160 513
internal_value=-0.000398112 0.0134631 0.0035153 -0.0261255 -0.0322865 0.0154445
internal_weight=374.677 244.421 183.061 130.256 113.909 121.401
internal_count=10803 6254 4698 4549 4149 2777
is_linear=0
shrinkage=0.05


Tree=19
num_leaves=7
num_cat=0
split_feature=68 29 15 58 42 67
split_gain=55.7318 40.9609 21.7444 17.5956 16.1527 12.3498
threshold=0.27138129988597909 0.25013425178926557 -0.064147661697508532 -0.18730963634721756 1.0000000180025095e-35 1.481430409652662
decision_type=2 2 2 2 2 2
left_child=1 2 5 -2 -3 -1
right_child=3 4 -4 -5 -6 -7
leaf_value=0.033836400080305709 -0.045331664229134115 -0.026260180319348882 -0.004056842732859888 0.025989003706766357 0.03216210953370504 -0.041895317074359374
leaf_weight=143.96861522342078 70.898628288879991 80.76214902033098 59.768257750431076 7.8352335188537827 11.168612759094684 3.1353034283965817
leaf_count=3116 2821 2777 1749 166 196 134
internal_value=-0.000922539 0.00900353 0.0212568 -0.0375408 -0.0183704 0.0314172
internal_weight=377.537 298.803 206.872 78.7339 91.9308 147.104
internal_count=10959 7972 4999 2987 2973 3250
is_linear=0
shrinkage=0.05


Tree=20
num_leaves=7
num_cat=0
split_feature=24 19 27 13 67 63
split_gain=48.9026 31.0272 26.4328 25.6893 15.2947 9.91312
threshold=-0.034290066089840816 -0.78468547569397351 0.7109318289091987 -0.69636962269562608 1.481430409652662 1.0000000180025095e-35
decision_type=2 2 2 2 2 2
left_child=3 -2 5 4 -1 -3
right_child=1 2 -4 -5 -6 -7
leaf_value=0.01239857431497644 -0.040973949389367798 0.043004855346167423 -0.014638829448837654 -0.037296612731145165 -0.0508948943715836 0.016662442930020914
leaf_weight=59.01601912942715 19.26996751059778 78.854295717086643 38.331243438180536 94.310006836429238 8.2886158991605026 74.229100645054132
leaf_count=1484 758 1821 1167 3691 365 1576
internal_value=-0.000387766 0.0153938 0.0216132 -0.0208667 0.00276479 0.0307974
internal_weight=372.299 210.685 191.415 161.615 67.3046 153.083
internal_count=10862 5322 4564 5540 1849 3397
is_linear=0
shrinkage=0.05


Tree=21
num_leaves=7
num_cat=0
split_feature=24 26 26 19 24 30
split_gain=45.2763 27.882 26.8569 16.2025 13.3331 9.33584
threshold=0.041760194517592893 -0.76962102696800361 0.35202111972291589 -0.97054257074424044 -0.60886167787690149 -1.1601229341629502
decision_type=2 2 2 2 2 2
left_child=1 5 3 -2 -3 -1
right_child=2 4 -4 -5 -6 -7
leaf_value=-0.022920565535340706 -0.039030204776618171 -0.052010051910684585 -0.020117038838974692 0.027734293839226234 -0.017010580840173723 0.021396041347556797
leaf_weight=13.6813174104318 7.0845835346262893 51.31820464739576 41.032070444896817 152.76887268130668 63.53007455682382 39.94052208494395
leaf_count=520 285 2270 1291 3512 2114 901
internal_value=-0.0010196 -0.0199475 0.014914 0.0241109 -0.0335754 0.00947359
internal_weight=369.356 168.47 200.886 159.853 114.848 53.6218
internal_count=10893 5805 5088 3797 4384 1421
is_linear=0
shrinkage=0.05


Tree=22
num_leaves=7
num_cat=0
split_feature=66 24 25 31 20 67
split_gain=42.5105 29.9554 22.9969 13.754 13.4569 11.9
threshold=-0.063746454157041998 1.0000000180025095e-35 -0.78702697316730796 0.12788224896629877 -0.81392489040389071 0.4982165439303925
decision_type=2 2 2 2 2 2
left_child=1 4 -3 -4 -1 -2
right_child=5 2 3 -5 -6 -7
leaf_value=0.0035263804264776691 0.036845732549768861 -0.047898856225496077 0.01953180918027465 -0.019069052456399872 -0.034700573303621994 -0.021628822196951562
leaf_weight=28.537712325807661 73.396652033319697 15.090628958307205 112.88604464777745 26.258694490883499 105.84326601261273 7.8433574605733147
leaf_count=740 1888 629 2455 808 4124 298
internal_value=-0.000660684 -0.00969322 0.005336 0.0119985 -0.0266828 0.0306311
internal_weight=369.856 288.616 154.235 139.145 134.381 81.24
internal_count=10942 8756 3892 3263 4864 2186
is_linear=0
shrinkage=0.05


Tree=23
num_leaves=7
num_cat=0
split_feature=68 61 12 63 32 30
split_gain=43.9596 31.8612 23.2667 23.0839 17.0012 11.2511
threshold=0.28584406759079067 1.0000000180025095e-35 0.69999562876384547 1.0000000180025095e-35 -0.49868549635749565 0.69649320393809833
decision_type=2 2 2 2 2 2
left_child=1 2 4 -2 -1 -4
right_child=3 -3 5 -5 -6 -7
leaf_value=-0.038635506155295256 -0.0026630321102036245 0.040672852367935317 0.02977656315076186 -0.057370711201001096 -0.0011921742078520635 -0.013551523709739402
leaf_weight=38.53925042366609 34.967682655435055 59.058422797359526 68.031513177789748 40.838244155049324 112.95340280188248 17.087056927382946
leaf_count=1580 1185 1498 1357 1747 3099 507
internal_value=2.05358e-05 0.00878506 0.000416247 -0.0331973 -0.0112829 0.0209135
internal_weight=371.476 295.67 236.611 75.8059 151.493 85.1186
internal_count=10973 8041 6543 2932 4679 1864
is_linear=0
shrinkage=0.05


Tree=24
num_leaves=7
num_cat=0
split_feature=66 28 58 68 64 24
split_gain=38.3503 25.0783 19.8488 24.9954 17.3802 12.3053
threshold=0.72847233381632692 0.69563654250353635 -0.22263826968646502 -0.13484657409311307 1.0000000180025095e-35 -0.066384818928607828
decision_type=2 2 2 2 2 2
left_child=1 2 3 5 -5 -1
right_child=-2 -3 -4 4 -6 -7
leaf_value=-0.011902414903079098 0.032826167373885572 -0.034986291389396018 0.036597908388393989 -0.046993424568826284 0.0045357839084129298 0.018387716250502527
leaf_weight=52.603529316838831 67.375042916508391 64.613333782181144 28.496010411996394 45.400154474191368 23.979259940329939 82.344651451101527
leaf_count=1713 1823 2455 570 1789 784 1809
internal_value=-0.000400609 -0.00817973 -0.000389918 -0.00600325 -0.0297338 0.00657839
internal_weight=364.812 297.437 232.824 204.328 69.3794 134.948
internal_count=10943 9120 6665 6095 2573 3522
is_linear=0
shrinkage=0.05


Tree=25
num_leaves=7
num_cat=0
split_feature=12 58 68 66 30 24
split_gain=40.338 20.6892 20.3856 16.8901 13.5038 11.3454
threshold=0.67643606696740377 -0.22263826968646502 -0.172957921423362 1.2226563069562857 0.42030237347678528 -0.034290066089840816
decision_type=2 2 2 2 2 2
left_child=1 2 3 5 -2 -1
right_child=4 -3 -4 -5 -6 -7
leaf_value=-0.032187514325711292 0.029885330005777158 0.025475880122912659 -0.040427304967459735 0.033680356856221755 -0.0026984236532171038 0.00047726150036214894
leaf_weight=47.682083528954536 97.18982189334929 26.205626165028661 71.966851530130953 18.419468987733126 45.898111633490771 55.723547138273716
leaf_count=1862 2273 572 3038 396 1303 1488
internal_value=-0.000836687 -0.0142089 -0.0198819 -0.00706499 0.0195927 -0.0150678
internal_weight=363.086 219.998 193.792 121.825 143.088 103.406
internal_count=10932 7356 6784 3746 3576 3350
is_linear=0
shrinkage=0.05


Tree=26
num_leaves=7
num_cat=0
split_feature=68 29 25 64 42 61
split_gain=36.8962 28.5516 19.3379 16.1391 15.0376 9.9882
threshold=0.32757110684724328 0.25013425178926557 -0.20404726698764791 1.0000000180025095e-35 1.0000000180025095e-35 1.0000000180025095e-35
decision_type=2 2 2 2 2 2
left_child=1 2 5 -2 -3 -1
right_child=3 4 -4 -5 -6 -7
leaf_value=-0.0060143053316899118 -0.048696884701813506 -0.023606007174499677 0.032774672117628231 0.0012131888516886493 0.032889077849669011 0.032448830481008273
leaf_weight=79.899478597566485 45.916468392126262 77.768729888135567 102.48692205012776 24.001804179511964 11.09844842366874 18.204696310684085
leaf_count=2333 1956 2796 2336 840 195 440
internal_value=-0.000401459 0.00753558 0.0179123 -0.0322186 -0.0157068 0.00187415
internal_weight=359.377 289.458 200.591 69.9183 88.8672 98.1042
internal_count=10896 8100 5109 2796 2991 2773
is_linear=0
shrinkage=0.05


Tree=27
num_leaves=7
num_cat=0
split_feature=12 30 63 20 19 42
split_gain=33.5037 18.4483 14.0569 10.5983 15.0877 13.0321
threshold=0.050596639636010125 0.926652229322526 1.0000000180025095e-35 -0.84725302943695879 -0.84625976356266863 1.0000000180025095e-35
decision_type=2 2 2 2 2 2
left_child=3 2 -2 -1 -5 -6
right_child=1 -3 -4 4 5 -7
leaf_value=0.020789694069561222 0.031675330940805026 -0.023875348953109485 0.0037320710234736692 -0.046327699714967759 -0.017928365668300677 0.032310705701667976
leaf_weight=13.585306196473537 93.678703396581113 27.103770320769399 85.89844112470746 41.621974708978087 82.350087541621178 12.38761354330927
leaf_count=314 2397 941 2161 1884 2977 235
internal_value=-0.000222636 0.0127592 0.01859 -0.0180158 -0.0222463 -0.0105691
internal_weight=356.626 206.681 179.577 149.945 136.36 94.7377
internal_count=10909 5499 4558 5410 5096 3212
is_linear=0
shrinkage=0.05


Tree=28
num_leaves=7
num_cat=0
split_feature=32 61 22 58 26 22
split_gain=31.093 20.6679 14.7359 15.7712 13.3816 12.3305
threshold=-0.5547315386934506 1.0000000180025095e-35 0.95880630219887231 -0.010670428817577711 -0.32270286478661664 -1.0808428653851243
decision_type=2 2 2 2 2 2
left_child=-1 2 3 4 5 -2
right_child=1 -3 -4 -5 -6 -7
leaf_value=-0.027739899002359538 -0.023471562905307695 0.035404028728093173 -0.030988418580578776 0.040548493167320031 -0.015059167404631479 0.020104813880779615
leaf_weight=73.984912007115781 17.265470607206225 52.65629143640399 27.556200188118964 25.787893898319453 75.044160726945847 84.801152954110876
leaf_count=3101 544 1417 978 456 2407 1960
internal_value=0.000470997 0.00805686 0.00143369 0.00622437 0.000634518 0.0122738
internal_weight=357.096 283.111 230.455 202.899 177.111 102.067
internal_count=10863 7762 6345 5367 4911 2504
is_linear=0
shrinkage=0.05


Tree=29
num_leaves=7
num_cat=0
split_feature=12 24 2 30 22 22
split_gain=30.0861 19.0531 15.087 13.9425 11.9049 10.0042
threshold=-0.64163360119294455 -0.034290066089840816 -1.4017953059742954 1.1874991247582105 -0.89257035230164916 0.81257396433183127
decision_type=2 2 2 2 2 2
left_child=2 -2 -1 4 -3 -6
right_child=1 3 -4 -5 5 -7
leaf_value=0.015388262428937014 -0.0085953032987025873 -0.013518563884090862 -0.035293340684335754 -0.024549946290673717 0.033096685954730629 -0.0066938062938763712
leaf_weight=16.636808631476015 100.87291021458805 17.835494061931968 68.388059301301837 14.587578765349461 119.01823678147048 17.099975461605936
leaf_count=424 3306 521 2928 472 2701 508
internal_value=0.000224508 0.0084342 -0.02519 0.0185985 0.0230781 0.0280614
internal_weight=354.439 269.414 85.0249 168.541 153.954 136.118
internal_count=10860 7508 3352 4202 3730 3209
is_linear=0
shrinkage=0.05


Tree=30
num_leaves=7
num_cat=0
split_feature=28 34 67 63 41 31
split_gain=29.9555 23.2727 18.6144 15.5925 12.3366 8.31127
threshold=0.85800127018042438 1.0000000180025095e-35 0.12499800379923431 1.0000000180025095e-35 1.0000000180025095e-35 -0.24495497077121717
decision_type=2 2 2 2 2 2
left_child=1 -1 3 -3 -4 -5
right_child=-2 2 4 5 -6 -7
leaf_value=-0.02518492575159581 -0.031883480282687025 0.03388254065251034 0.0327479625346681 0.013958828927400878 -0.023082366657884525 -0.018022266755601361
leaf_weight=44.209569171769544 55.422544991597533 99.035470112226903 9.6352603826671821 77.443444203818217 45.64597093872726 24.363553815055639
leaf_count=1600 2214 2458 168 1807 1887 745
internal_value=0.00090924 0.00721619 0.0130358 0.0200496 -0.0121666 0.0060086
internal_weight=355.756 300.333 256.124 200.842 55.2812 101.807
internal_count=10879 8665 7065 5010 2055 2552
is_linear=0
shrinkage=0.05


Tree=31
num_leaves=7
num_cat=0
split_feature=68 66 22 15 58 22
split_gain=32.942 21.9706 15.3003 16.0208 12.3542 8.58912
threshold=0.28584406759079067 -0.48577020367265994 0.81257396433183127 0.24821140011593612 0.89021318560400464 -2.1658686468507589
decision_type=2 2 2 2 2 2
left_child=1 2 3 5 -2 -1
right_child=4 -3 -4 -5 -6 -7
leaf_value=-0.039616539150797013 -0.035796663556065693 0.03021214134415744 -0.029212839343740377 -0.023796699149578243 0.030653886226160248 0.015861573405972374
leaf_weight=4.5432888017967334 66.131068052258343 75.258206557482481 35.913281377404928 34.179011936765164 5.5000879243016234 131.50983028672636
leaf_count=180 2845 2109 1329 1282 94 3112
internal_value=-0.000102685 0.00765652 -0.00089319 0.00548374 -0.0296672 0.0131942
internal_weight=353.035 281.404 206.145 170.232 71.6312 136.053
internal_count=10951 8012 5903 4574 2939 3292
is_linear=0
shrinkage=0.05


Tree=32
num_leaves=7
num_cat=0
split_feature=24 30 26 26 42 68
split_gain=30.7183 19.9936 17.5395 14.4563 13.0432 10.6846
threshold=-0.44356646858961102 -0.99133964888103698 -0.79056930713958529 0.35202111972291589 1.0000000180025095e-35 0.34584500928508133
decision_type=2 2 2 2 2 2
left_child=2 -2 -1 5 -5 -3
right_child=1 3 -4 4 -6 -7
leaf_value=0.0043550768355537783 -0.037395355056576519 0.025167954166934788 -0.03869375144627471 -0.021395377295197717 0.039199804139190574 -0.0092287229684705468
leaf_weight=36.698441033251584 17.785741228144616 156.31332596112043 60.872453323798254 41.110957682132721 8.2316905185580236 24.72436139266938
leaf_count=1030 779 3773 2839 1500 121 736
internal_value=0.000500017 0.00984587 -0.0228553 0.0139268 -0.00961913 0.0203965
internal_weight=345.737 248.166 97.5709 230.38 49.3426 181.038
internal_count=10778 6909 3869 6130 1621 4509
is_linear=0
shrinkage=0.05


Tree=33
num_leaves=7
num_cat=0
split_feature=12 58 68 61 30 68
split_gain=26.8412 15.7665 15.2064 11.7522 10.9311 9.3133
threshold=0.65678463933061404 -0.22263826968646502 -0.19641105824197666 1.0000000180025095e-35 0.80390074911749798 -0.13484657409311307
decision_type=2 2 2 2 2 2
left_child=1 2 3 -1 5 -2
right_child=4 -3 -4 -5 -6 -7
leaf_value=-0.013743245962736204 0.030504525194740468 0.021553008285550169 -0.036488038567799169 0.028467241160689518 -0.016075389976670143 -0.00012799592963945496
leaf_weight=94.688016223255545 78.647023312048987 25.79106749035418 68.815722735365853 16.947356086689979 21.334515070077032 35.609991647535935
leaf_count=3196 1811 593 3121 412 700 1104
internal_value=-0.00197228 -0.0132602 -0.0185069 -0.00675799 0.0151126 0.0211984
internal_weight=341.834 206.242 180.451 111.635 135.592 114.257
internal_count=10937 7322 6729 3608 3615 2915
is_linear=0
shrinkage=0.05


Tree=34
num_leaves=7
num_cat=0
split_feature=68 29 22 22 63 67
split_gain=23.4016 20.7179 17.3115 21.0113 15.9325 9.26311
threshold=0.32757110684724328 1.1836985218963314 0.87724317213390168 -0.83983847820301094 1.0000000180025095e-35 -0.2161931778881106
decision_type=2 2 2 2 2 2
left_child=1 2 3 -1 5 -2
right_child=4 -3 -4 -5 -6 -7
leaf_value=-0.014432460390036074 -0.044134636577650266 -0.038887583644588046 -0.023521852772850557 0.022306245690820625 -0.048328770133086618 0.014410942020883295
leaf_weight=47.326061151688918 5.9536029351875213 21.119514753110707 31.698495068354532 178.03214723872952 35.519519604742527 24.530637084506452
leaf_count=1496 241 904 1152 4632 1685 871
internal_value=-0.000870806 0.00553993 0.00959654 0.0145027 -0.0269554 4.71387e-05
internal_weight=344.18 278.176 257.057 225.358 66.0038 30.4842
internal_count=10981 8184 7280 6128 2797 1112
is_linear=0
shrinkage=0.05


Tree=35
num_leaves=7
num_cat=0
split_feature=68 22 30 67 22 67
split_gain=24.2492 19.0854 15.8218 16.3811 14.2882 11.4151
threshold=0.27138129988597909 1.0666834678622779 -1.0527153889835508 0.205543772460098 -1.8230855144841669 -0.2161931778881106
decision_type=2 2 2 2 2 2
left_child=1 2 -1 4 -4 -2
right_child=5 -3 3 -5 -6 -7
leaf_value=-0.027540019437673632 -0.054189109516537617 -0.031798183859571894 -0.034452522232459724 -0.014064281123457149 0.024077531599986712 -0.011249507164285064
leaf_weight=21.490689160767943 20.998972251079977 26.204966125078499 8.4835070325061661 38.275573001243174 179.93533524055965 49.874706114176661
leaf_count=878 946 1042 302 1397 4335 2072
internal_value=-0.000200859 0.00658043 0.0109641 0.0149263 0.0209436 -0.0256559
internal_weight=345.264 274.39 248.185 226.694 188.419 70.8737
internal_count=10972 7954 6912 6034 4637 3018
is_linear=0
shrinkage=0.05


Tree=36
num_leaves=7
num_cat=0
split_feature=68 63 66 12 18 67
split_gain=23.8043 18.6862 17.6434 12.7429 10.97 14.7262
threshold=0.27138129988597909 1.0000000180025095e-35 -0.48577020367265994 0.85996014841597634 -0.27140849611743895 -0.2161931778881106
decision_type=2 2 2 2 2 2
left_child=2 4 3 -1 -2 -6
right_child=1 -3 -4 -5 5 -7
leaf_value=-0.0089323691911922624 -0.030309692679418944 -0.049975143567272548 0.027948487122324818 0.017828265247915382 -0.038890655737595377 0.04393157919898126
leaf_weight=142.64574343524873 13.723248979076741 34.474456964991987 69.452465906506404 61.052399094216526 4.8312878925353315 16.202161465771496
leaf_count=4603 666 1726 2031 1309 190 392
internal_value=7.31593e-05 -0.0254828 0.00675689 -0.000769327 0.000851261 0.0224278
internal_weight=342.382 69.2312 273.151 203.698 34.7567 21.0334
internal_count=10917 2974 7943 5912 1248 582
is_linear=0
shrinkage=0.05


Tree=37
num_leaves=7
num_cat=0
split_feature=68 24 67 28 63 22
split_gain=25.2292 20.62 16.5871 13.9009 13.7656 12.315
threshold=0.32757110684724328 0.17835173401517992 1.5213561139457628 0.84612167102171576 1.0000000180025095e-35 -0.95098543527213886
decision_type=2 2 2 2 2 2
left_child=1 2 3 -1 -2 -3
right_child=4 5 -4 -5 -6 -7
leaf_value=0.0082810122817712044 -0.0010822455194786937 -0.021244558167029443 -0.048358931001666015 -0.03519446763037392 -0.046963004114019144 0.02581149924704039
leaf_weight=104.97486083465628 29.589684056118131 13.309702211525289 16.801270280964673 19.161567211151123 33.936293561942875 126.7696173992008
leaf_count=3001 1090 432 825 804 1729 3093
internal_value=0.00112146 0.007604 -0.00585942 0.000898064 -0.0266048 0.0209887
internal_weight=344.543 281.017 140.938 124.136 63.526 140.079
internal_count=10974 8155 4630 3805 2819 3525
is_linear=0
shrinkage=0.05


Tree=38
num_leaves=7
num_cat=0
split_feature=28 25 63 68 30 68
split_gain=21.8759 19.7171 14.7679 15.0451 14.9828 13.794
threshold=0.84612167102171576 -0.68775198705707874 1.0000000180025095e-35 0.24817246657589145 0.84993255419438352 -0.2143429357678763
decision_type=2 2 2 2 2 2
left_child=1 5 4 -4 -3 -1
right_child=-2 2 3 -5 -6 -7
leaf_value=0.0012898867858303501 -0.027947576752910826 0.033367402317954042 0.0090332075600083987 -0.036781812361829348 -0.015074794825208435 -0.044096468647284934
leaf_weight=40.511733051855117 53.342325597302988 95.047148237703368 86.751130686607212 19.389380972832441 17.254230929305777 25.335013734176755
leaf_count=1257 2255 2493 2188 836 570 1266
internal_value=0.000544544 0.00612666 0.0133374 -0.00011711 0.0257261 -0.0173334
internal_weight=337.631 284.289 218.442 106.141 112.301 65.8467
internal_count=10865 8610 6087 3024 3063 2523
is_linear=0
shrinkage=0.05


Tree=39
num_leaves=7
num_cat=0
split_feature=26 22 25 68 42 57
split_gain=19.6769 16.9502 15.848 15.0489 12.69 9.24225
threshold=-0.38723690919809423 -0.98277507393888686 -0.4197954474077214 0.28584406759079067 1.0000000180025095e-35 0.046795322226121087
decision_type=2 2 2 2 2 2
left_child=1 -1 -2 -3 5 -4
right_child=2 3 4 -5 -6 -7
leaf_value=-0.019523131826420893 -0.039872821633217495 0.025270485600524036 -0.014346316589340919 -0.019468583416094698 0.035068479750067362 0.031746676277999257
leaf_weight=32.122808486223221 35.234658458735794 130.92429135646671 94.78265587403439 19.600188162643462 15.865343811223282 9.3908921945840103
leaf_count=1086 1711 3371 3493 791 277 173
internal_value=0.00113292 0.0121662 -0.0118301 0.0191783 -0.00282734 -0.00941885
internal_weight=337.921 182.647 155.274 150.524 120.039 104.174
internal_count=10902 5248 5654 4162 3943 3666
is_linear=0
shrinkage=0.05


Tree=40
num_leaves=7
num_cat=0
split_feature=24 25 26 29 28 68
split_gain=20.0055 18.4046 13.7968 11.8786 8.66429 8.07981
threshold=0.041760194517592893 -0.80883501036888183 -0.82902182820030224 0.25013425178926557 0.69563654250353635 -0.31299269251117529
decision_type=2 2 2 2 2 2
left_child=2 -2 5 -3 -4 -1
right_child=1 3 4 -5 -6 -7
leaf_value=0.026518348632387452 -0.037404324056766351 0.02495927802187059 -0.01278827347722639 -0.003278447085734059 -0.04346461755111132 -0.015860824024166484
leaf_weight=25.643028019927442 15.175172457471488 110.6726774033159 76.914258791832253 54.445750652812421 32.618958291597664 15.9712272437755
leaf_count=622 723 2733 2947 1616 1669 553
internal_value=-0.000425899 0.0107425 -0.0136977 0.0157559 -0.0228389 0.0102807
internal_weight=331.441 180.294 151.147 165.118 109.533 41.6143
internal_count=10863 5072 5791 4349 4616 1175
is_linear=0
shrinkage=0.05


Tree=41
num_leaves=7
num_cat=0
split_feature=24 25 20 63 68 30
split_gain=17.4637 18.4825 17.6948 13.2077 13.4525 9.93292
threshold=-0.54952576026011235 -1.0305705130725642 -0.84725302943695879 1.0000000180025095e-35 0.34584500928508133 0.81924468414312634
decision_type=2 2 2 2 2 2
left_child=2 -2 -1 5 -5 -3
right_child=1 3 -4 4 -6 -7
leaf_value=0.021810611941301267 -0.04447226187737692 0.028492090455237287 -0.031321104045113124 0.0060426900122238824 -0.036938617201016558 -0.008909147897909515
leaf_weight=17.971713957842439 13.67133286455646 94.891993242781609 65.614807297941297 97.038108007516712 19.262474319897592 20.195517550688237
leaf_count=435 734 2606 3058 2538 844 631
internal_value=-0.000206389 0.00654374 -0.0195375 0.0100886 -0.00182602 0.0218693
internal_weight=328.646 245.059 83.5865 231.388 116.301 115.088
internal_count=10846 7353 3493 6619 3382 3237
is_linear=0
shrinkage=0.05


Tree=42
num_leaves=7
num_cat=0
split_feature=26 24 26 25 42 22
split_gain=20.1992 14.3975 18.2221 15.2769 12.4999 8.55937
threshold=0.13390939109512739 -0.46552011524847731 -0.82902182820030224 -0.76495980356621562 1.0000000180025095e-35 -1.8230855144841669
decision_type=2 2 2 2 2 2
left_child=1 2 -1 -3 -2 -5
right_child=4 3 -4 5 -6 -7
leaf_value=0.012950302091839734 -0.030673779778558598 -0.030813959215139526 -0.035359852787537741 -0.037381936904537498 0.024445720588462248 0.020076451133944878
leaf_weight=34.423903594259173 70.11998656205833 15.187403268413616 38.723795479163527 4.0772151025012127 9.6786102028563601 151.33118160162121
leaf_count=925 3211 686 1775 157 200 3913
internal_value=-0.00199113 0.00519868 -0.0130102 0.0130961 -0.0233449 0.0178896
internal_weight=323.542 243.743 73.1477 170.596 79.7986 155.408
internal_count=10867 7456 2700 4756 3411 4070
is_linear=0
shrinkage=0.05


Tree=43
num_leaves=7
num_cat=0
split_feature=24 20 30 27 63 42
split_gain=17.4902 16.1221 13.895 12.8981 9.04407 8.81029
threshold=-0.59484734413859153 -0.70423038457896958 -1.0834032590348077 0.72912495833166824 1.0000000180025095e-35 1.0000000180025095e-35
decision_type=2 2 2 2 2 2
left_child=1 -1 -2 4 -4 -5
right_child=2 -3 3 5 -6 -7
leaf_value=0.0021578928542218263 -0.037332935233925078 -0.042459000012880194 0.02682523589195181 -0.020564439016350904 0.0046081266654603142 0.029941093915720519
leaf_weight=39.794841601047665 14.023838538443668 37.64531027758494 89.500371809117496 44.694523031823337 93.73162584239617 7.7787278820760539
leaf_count=1229 730 2111 2465 1840 2416 132
internal_value=1.49207e-07 -0.0203059 0.00646329 0.0095055 0.0157175 -0.0118631
internal_weight=327.169 77.4402 249.729 235.705 183.232 52.4733
internal_count=10923 3340 7583 6853 4881 1972
is_linear=0
shrinkage=0.05


Tree=44
num_leaves=7
num_cat=0
split_feature=63 68 67 22 28 29
split_gain=19.7512 18.1762 10.7966 8.51535 8.65683 7.69694
threshold=1.0000000180025095e-35 0.24817246657589145 1.1158498303427928 0.79679592326294724 -1.3992450400686594 -0.053004772481400585
decision_type=2 2 2 2 2 2
left_child=2 5 3 4 -1 -2
right_child=1 -3 -4 -5 -6 -7
leaf_value=-0.0160656062788062 0.0058216598135978279 -0.044305436043130253 -0.012191780438284646 -0.012252361147140657 0.028644411125279601 -0.018258016891416463
leaf_weight=10.194292217260225 83.042142190504819 31.58717134501785 32.907764010131359 16.884488486684859 98.620365808485076 51.192586164688691
leaf_count=327 2152 1747 1347 617 2704 1936
internal_value=-1.06009e-05 -0.0119708 0.0124838 0.0190774 0.0241371 -0.00355989
internal_weight=324.429 165.822 158.607 125.699 108.815 134.235
internal_count=10830 5835 4995 3648 3031 4088
is_linear=0
shrinkage=0.05


Tree=45
num_leaves=7
num_cat=0
split_feature=66 28 25 27 24 63
split_gain=17.8451 12.5171 11.048 8.25553 7.85494 6.2407
threshold=0.48731820562617029 0.72717259181660354 -0.42771944341404683 -0.67733499822870014 0.81415569848912217 1.0000000180025095e-35
decision_type=2 2 2 2 2 2
left_child=1 2 3 -1 5 -4
right_child=-2 -3 4 -5 -6 -7
leaf_value=-0.0051934666695409824 0.023425517613019312 -0.028028410563254027 0.012345362057340561 -0.042015135693683564 0.024086065952333903 -0.011977131241615334
leaf_weight=49.01902665477246 58.073513623327017 51.035255007212982 45.445850948104635 19.780883292667568 42.553503905888647 54.903515780111775
leaf_count=1615 1897 2306 1266 1072 923 1808
internal_value=-0.000955421 -0.00654801 -0.00105044 -0.0170933 0.00686599 -0.000923435
internal_weight=320.812 262.738 211.703 68.7999 142.903 100.349
internal_count=10887 8990 6684 2687 3997 3074
is_linear=0
shrinkage=0.05


Tree=46
num_leaves=7
num_cat=0
split_feature=25 29 20 42 25 67
split_gain=13.6093 16.2863 13.3722 13.0275 7.24183 6.91214
threshold=-0.66103407281199844 0.13612280126951937 -0.84111548570800887 1.0000000180025095e-35 0.60984668425758304 1.481430409652662
decision_type=2 2 2 2 2 2
left_child=2 5 -1 4 -3 -2
right_child=1 3 -4 -5 -6 -7
leaf_value=0.015877390685871608 0.018975084419589557 -0.030388475471633314 -0.030656121410201034 0.031170138912932344 -0.0030019671675493333 -0.036629905662839725
leaf_weight=18.957980641396716 133.83057240769267 41.610179770737886 54.57036899542436 14.795325895072891 54.21435856889002 3.124106395058333
leaf_count=514 3491 1984 2609 274 1871 175
internal_value=-5.21771e-05 0.00558452 -0.0185062 -0.00856108 -0.0154556 0.0169487
internal_weight=321.103 247.575 73.5283 110.62 95.8245 136.955
internal_count=10918 7795 3123 4129 3855 3666
is_linear=0
shrinkage=0.05


Tree=47
num_leaves=7
num_cat=0
split_feature=66 22 34 42 67 68
split_gain=12.9255 9.98339 10.5564 11.946 13.2712 8.43112
threshold=-0.33462698586118605 1.0666834678622779 1.0000000180025095e-35 1.0000000180025095e-35 0.14548162600178152 -0.55358278770879943
decision_type=2 2 2 2 2 2
left_child=1 2 -1 4 5 -4
right_child=-2 -3 3 -5 -6 -7
leaf_value=-0.026060034452673464 0.019230521072739499 -0.032168818752236893 0.023480160817980125 0.032589377702875136 -0.027031495859225464 -0.0031767728488760454
leaf_weight=33.404431003145874 67.36566887004301 26.811692043207586 41.633495878893882 26.503480319399387 37.185075365006924 86.682480824878439
leaf_count=1430 2320 1321 899 493 1910 2543
internal_value=0.000259772 -0.00497362 -0.0013588 0.00327345 -0.00191786 0.00581118
internal_weight=319.586 252.221 225.409 192.005 165.501 128.316
internal_count=10916 8596 7275 5845 5352 3442
is_linear=0
shrinkage=0.05


Tree=48
num_leaves=7
num_cat=0
split_feature=24 26 67 22 30 22
split_gain=13.2462 16.4925 14.4918 13.2209 10.5678 8.04486
threshold=-0.60886167787690149 -0.82131927361641144 -1.1583009271903528 0.87724317213390168 1.1721551897325821 -1.8230855144841669
decision_type=2 2 2 2 2 2
left_child=1 -1 -2 4 5 -4
right_child=2 -3 3 -5 -6 -7
leaf_value=0.0097396593994174135 -0.028798648236739072 -0.036674764633924571 -0.031098753333240192 -0.018616540291616145 -0.019369843508209646 0.020960933036046195
leaf_weight=30.939998873975128 23.844813222065568 43.152169097214937 5.183873299509286 31.579183338209987 17.677388788433746 167.71967053436674
leaf_count=860 961 2427 213 1245 654 4589
internal_value=0.000447304 -0.0176679 0.0060504 0.0101247 0.0151018 0.0188964
internal_weight=320.097 74.0922 246.005 222.16 190.581 172.904
internal_count=10949 3287 7662 6701 5456 4802
is_linear=0
shrinkage=0.05


Tree=49
num_leaves=7
num_cat=0
split_feature=63 67 29 3 42 22
split_gain=13.8055 9.30293 8.82576 7.64189 7.29672 6.40567
threshold=1.0000000180025095e-35 1.1158498303427928 0.066432155911604465 0.25371248633876048 1.0000000180025095e-35 0.79679592326294724
decision_type=2 2 2 2 2 2
left_child=1 5 -2 -4 -3 -1
right_child=2 4 3 -5 -6 -7
leaf_value=0.022054445147740489 -0.00029386627680852559 -0.024361866415904803 -0.043485478353427469 -0.0078673118543448172 0.025040394248023685 -0.0099910903289919892
leaf_weight=105.01410864386708 103.58497372968122 24.812897320836782 25.206285721156746 35.898264518938959 7.5147803425788871 16.441604672232643
leaf_count=3044 3070 1234 1506 1337 135 612
internal_value=0.000652491 0.0113129 -0.00932623 -0.0239076 -0.0117268 0.0175801
internal_weight=318.473 153.783 164.69 61.1046 32.3277 121.456
internal_count=10938 5025 5913 2843 1369 3656
is_linear=0
shrinkage=0.05


Tree=50
num_leaves=7
num_cat=0
split_feature=67 67 23 22 24 22
split_gain=13.4246 14.3151 11.8583 7.83131 7.52609 7.44387
threshold=0.19217734102284287 -1.1755210570419858 0.42666104791929077 -1.0808428653851243 -0.60886167787690149 1.3951677505101936
decision_type=2 2 2 2 2 2
left_child=1 -1 3 -3 -2 -5
right_child=4 2 -4 5 -6 -7
leaf_value=-0.031013704256809008 -0.040436840216116349 -0.01081162641057452 -0.014474891152292316 0.020314015598892232 -0.0063278609515931327 -0.032758827665015838
leaf_weight=23.013999613234773 25.685553527902812 25.322973513044417 43.537033031927422 147.21544745168649 40.218633626587689 4.2905342215672126
leaf_count=960 1713 786 1592 3981 1579 190
internal_value=-0.00130462 0.00416439 0.00820543 0.0139379 -0.0208033 0.0182041
internal_weight=309.284 243.38 220.366 176.829 65.9042 151.506
internal_count=10801 7509 6549 4957 3292 4171
is_linear=0
shrinkage=0.05


Tree=51
num_leaves=7
num_cat=0
split_feature=66 24 25 20 58 31
split_gain=12.9879 10.4899 13.2667 10.4708 6.50382 6.27785
threshold=2.3146227535264754 -0.54952576026011235 -1.0305705130725642 -0.84725302943695879 -0.18730963634721756 0.12788224896629877
decision_type=2 2 2 2 2 2
left_child=1 3 -3 -1 5 -4
right_child=-2 2 4 -5 -6 -7
leaf_value=0.014292255127745465 0.028791225301983293 -0.046008076933425457 0.0060322109803502243 -0.030110817084631248 0.027262760621414164 -0.017484769696649746
leaf_weight=15.310445495415477 31.415511048398912 10.562035382725297 141.36768109584227 54.188089885283262 25.420170273631811 32.338531414512545
leaf_count=373 1102 657 3986 2861 554 1279
internal_value=-0.000209177 -0.00374384 0.00189864 -0.0201422 0.00508485 0.00143159
internal_weight=310.602 279.187 209.688 69.4985 199.126 173.706
internal_count=10812 9710 6476 3234 5819 5265
is_linear=0
shrinkage=0.05


Tree=52
num_leaves=7
num_cat=0
split_feature=68 67 25 28 63 68
split_gain=12.9016 17.9438 11.1721 12.7658 8.23337 7.16031
threshold=-0.55358278770879943 1.1847650677530581 -0.56199094200660149 0.27495176817194261 1.0000000180025095e-35 0.66065451037328027
decision_type=2 2 2 2 2 2
left_child=1 -1 -2 4 -4 -6
right_child=2 -3 3 -5 5 -7
leaf_value=0.023556004254847791 -0.026711484745644328 -0.027227328754910202 0.024018488352560589 -0.018872549209042591 0.0045449807896100125 -0.042131119504896043
leaf_weight=83.337648941203952 54.181864796206355 19.111222021281719 48.865751017583534 57.812696820357814 40.811603271402419 7.1526823928579679
leaf_count=2134 2614 861 1423 2411 1123 354
internal_value=-0.000719904 0.0135776 -0.00782717 -0.000828295 0.0101885 -0.00448591
internal_weight=311.273 102.449 208.825 154.643 96.83 47.9643
internal_count=10920 2995 7925 5311 2900 1477
is_linear=0
shrinkage=0.05


Tree=53
num_leaves=7
num_cat=0
split_feature=68 61 24 58 19 29
split_gain=13.539 11.2376 9.85993 9.22641 8.97188 8.89154
threshold=0.27138129988597909 1.0000000180025095e-35 0.36990774757815653 0.012886612436284084 -0.29198257611677753 -0.053004772481400585
decision_type=2 2 2 2 2 2
left_child=1 2 5 -2 -4 -1
right_child=3 -3 4 -5 -6 -7
leaf_value=0.0018470613949345708 -0.029429837283994682 0.026114722389053102 -0.015179973500115474 0.025146577822275126 0.020357674113640374 -0.02531389189106777
leaf_weight=65.598605275154114 52.103560586925596 43.115624178433791 21.522186432266608 6.6646051118150345 65.481883977539837 52.145564291160554
leaf_count=1919 2825 1484 713 144 1512 2285
internal_value=-0.001362 0.00381458 -0.00119066 -0.0223199 0.0113538 -0.0105118
internal_weight=306.632 247.864 204.748 58.7682 87.0041 117.744
internal_count=10882 7913 6429 2969 2225 4204
is_linear=0
shrinkage=0.05


Tree=54
num_leaves=7
num_cat=0
split_feature=66 29 42 30 31 28
split_gain=11.1233 6.89162 11.7625 6.96015 7.06631 7.45477
threshold=-0.0051671974484062263 0.11212843433707942 1.0000000180025095e-35 -1.1601229341629502 -0.3381642757055961 1.049820055565245
decision_type=2 2 2 2 2 2
left_child=1 3 -3 -1 5 -5
right_child=-2 2 -4 4 -6 -7
leaf_value=-0.027136043701574426 0.018053849210826145 -0.022230483234043974 0.022801289533916601 0.015712634522463673 -0.013545229651286206 -0.035477021645619437
leaf_weight=15.722642684355376 59.444393068901263 87.597437017830089 14.742585170082746 92.578153800684959 33.642214668449014 4.8765780059620729
leaf_count=812 2163 4109 300 2350 1019 245
internal_value=-0.000847704 -0.00551837 -0.0152788 0.00145483 0.00541414 0.0121681
internal_weight=308.604 249.16 102.34 146.82 131.097 97.4547
internal_count=10998 8835 4409 4426 3614 2595
is_linear=0
shrinkage=0.05


Tree=55
num_leaves=7
num_cat=0
split_feature=25 29 57 66 25 20
split_gain=9.64437 10.4509 9.27679 9.47213 8.52331 7.86049
threshold=-0.66103407281199844 -0.58783462649460783 0.13549435077054817 -0.19706279374248517 0.6483483034070785 -0.70423038457896958
decision_type=2 2 2 2 2 2
left_child=5 -2 3 4 -3 -1
right_child=1 2 -4 -5 -6 -7
leaf_value=0.00019960064713965802 0.023707556738103153 -0.021156347564722282 0.033307352820875352 0.01903999777550839 0.0036282112813752197 -0.032735283019089338
leaf_weight=36.957983864704147 53.461403064546175 75.217662128387019 14.961076250765471 31.620101497042924 60.963681110646576 32.468396246898919
leaf_count=1274 1331 3043 314 1156 1929 1829
internal_value=6.52707e-05 0.00490435 -0.000889974 -0.00447045 -0.0102221 -0.0159209
internal_weight=305.65 236.224 182.763 167.801 136.181 69.4264
internal_count=10876 7773 6442 6128 4972 3103
is_linear=0
shrinkage=0.05


Tree=56
num_leaves=7
num_cat=0
split_feature=63 30 30 5 28 67
split_gain=10.6313 8.72217 6.69328 7.52468 6.66274 6.37444
threshold=1.0000000180025095e-35 0.86527648922001188 -0.63842914329158129 -0.70677163026626955 0.72717259181660354 -0.075151287722265966
decision_type=2 2 2 2 2 2
left_child=1 2 3 -1 -4 -2
right_child=5 -3 4 -5 -6 -7
leaf_value=0.026184332265010209 -0.0027524191397787887 -0.018733244938449668 0.026184031974381634 -0.024290012321418007 -0.0064917793308001395 -0.025455125334237955
leaf_weight=8.5053099880460667 118.17021214216948 20.441904706181958 82.751936324173585 18.038505892967805 17.792609670897946 39.311249158345163
leaf_count=240 3700 776 2485 813 737 2133
internal_value=0.000165226 0.00970862 0.0146099 -0.00710019 0.0203811 -0.00878948
internal_weight=305.012 147.53 127.088 26.5438 100.545 157.481
internal_count=10884 5051 4275 1053 3222 5833
is_linear=0
shrinkage=0.05


Tree=57
num_leaves=7
num_cat=0
split_feature=22 12 10 30 24 56
split_gain=11.4654 9.37155 6.90813 6.88148 6.32218 5.4322
threshold=-1.8230855144841669 -0.5641038142201017 -1.9199432404605592 1.1874991247582105 0.21075184504319899 1.0000000180025095e-35
decision_type=2 2 2 2 2 2
left_child=-1 2 -2 4 -3 -6
right_child=1 3 -4 -5 5 -7
leaf_value=-0.039489189688469838 0.015758270321959186 0.00069977476240628211 -0.020666776325064171 -0.018363983462900593 -0.010980852811876579 0.022290788010537872
leaf_weight=14.169762027449904 14.273834633408113 92.003965894808061 56.396149181062356 20.328660591039807 12.151244665263219 97.21633124735672
leaf_count=646 407 3163 2921 812 323 2666
internal_value=0.000233445 0.00254014 -0.0129676 0.00759057 0.0104418 0.0183997
internal_weight=306.54 292.37 70.67 221.7 201.372 109.368
internal_count=10938 10292 3328 6964 6152 2989
is_linear=0
shrinkage=0.05


Tree=58
num_leaves=7
num_cat=0
split_feature=25 26 56 2 32 22
split_gain=10.2987 7.86237 7.60345 7.57686 6.09272 6.29634
threshold=-0.42771944341404683 -0.92630060598321895 1.0000000180025095e-35 0.58748211865581335 -0.86298477154120345 -1.8230855144841669
decision_type=2 2 2 2 2 2
left_child=1 -1 -2 4 -4 -6
right_child=2 -3 3 -5 5 -7
leaf_value=0.014915460241841486 -0.018884940420947141 -0.021051579897091839 -0.023488806677040154 -0.0083019319023977297 -0.032529319847886283 0.019458021991237355
leaf_weight=16.582488617976196 24.961725734872743 74.987309084273875 7.2149447319097808 44.964934821706265 3.4552413667552164 128.41852312767878
leaf_count=494 930 3509 410 1773 146 3598
internal_value=-0.00055572 -0.0142717 0.00557019 0.00913653 0.0148303 0.0174026
internal_weight=300.585 91.5698 209.015 184.054 139.089 131.874
internal_count=10860 4003 6857 5927 4154 3744
is_linear=0
shrinkage=0.05


Tree=59
num_leaves=7
num_cat=0
split_feature=22 22 25 29 63 23
split_gain=9.87303 10.8112 8.01275 7.21142 7.04859 7.24593
threshold=-1.0808428653851243 1.0826950654601419 -1.2642124676067497 1.1836985218963314 1.0000000180025095e-35 -0.6702736354898321
decision_type=2 2 2 2 2 2
left_child=-1 2 -2 4 -4 -6
right_child=1 -3 3 -5 5 -7
leaf_value=-0.022767440788718691 -0.024807342390661402 -0.024221728037225818 0.021645058860244454 -0.018878421486770811 0.022346133515128593 -0.0058827178018364054
leaf_weight=38.903956775320694 15.50175636494532 28.473192056873813 98.589136899798177 17.693180586909875 29.882625062949955 70.965823349077255
leaf_count=1535 836 1462 3096 844 680 2371
internal_value=-0.000222543 0.00335704 0.00699797 0.0095758 0.0123425 0.00288574
internal_weight=300.01 261.106 232.633 217.131 199.438 100.848
internal_count=10824 9289 7827 6991 6147 3051
is_linear=0
shrinkage=0.05


Tree=60
num_leaves=7
num_cat=0
split_feature=68 30 58 15 68 64
split_gain=10.9071 10.5721 10.2508 5.9446 5.86778 9.07044
threshold=-0.55358278770879943 0.926652229322526 -0.22263826968646502 0.1139343261084496 -0.19641105824197666 1.0000000180025095e-35
decision_type=2 2 2 2 2 2
left_child=1 3 4 -1 -2 -6
right_child=2 -3 -4 -5 5 -7
leaf_value=0.026955747506796909 -0.0010758060166928326 -0.026504700132444811 0.021056136170730613 -0.0027160526481292153 -0.029570899571003235 0.0038326411280058328
leaf_weight=66.253559536067769 84.890356306219473 11.606190445367245 26.910816668532789 21.639399510808289 62.192648276686668 28.612499015871435
leaf_count=1691 2819 486 683 802 3224 1210
internal_value=0.000463231 0.0137828 -0.00618363 0.019802 -0.0106393 -0.0192596
internal_weight=302.105 99.4991 202.606 87.893 175.696 90.8051
internal_count=10915 2979 7936 2493 7253 4434
is_linear=0
shrinkage=0.05


Tree=61
num_leaves=7
num_cat=0
split_feature=68 63 15 8 24 25
split_gain=9.76474 10.9549 9.48941 6.03261 5.39079 5.97054
threshold=0.27138129988597909 1.0000000180025095e-35 0.10938826843045314 0.89987318997961474 -0.37609838024852743 -0.47977777862255694
decision_type=2 2 2 2 2 2
left_child=2 4 3 -1 -2 -6
right_child=1 -3 -4 -5 5 -7
leaf_value=0.014186768214807669 -0.022641336680990908 -0.038719866206209083 -0.012276564865706024 -0.01069646370516561 -0.03093143812114646 0.028865392054733
leaf_weight=161.23133466544095 9.7517007086426037 26.947092902846634 56.883329681120813 26.337838687817566 2.6376068182289627 17.332227828446776
leaf_count=4636 625 1744 2295 989 154 447
internal_value=0.00080624 -0.0173583 0.00517651 0.0105794 0.00378353 0.0179591
internal_weight=301.121 56.6686 244.453 187.569 29.7215 19.9698
internal_count=10890 2970 7920 5625 1226 601
is_linear=0
shrinkage=0.05


Tree=62
num_leaves=7
num_cat=0
split_feature=66 58 26 18 22 30
split_gain=9.56735 8.38662 7.51831 10.261 6.93437 5.11566
threshold=2.3146227535264754 -0.22263826968646502 -0.7334268746838738 -0.38885423152024962 0.81257396433183127 -1.4823455697011487
decision_type=2 2 2 2 2 2
left_child=1 2 5 -4 -3 -1
right_child=-2 4 3 -5 -6 -7
leaf_value=-0.026989698098940751 0.025442583024301687 0.026731102970520001 -0.033859008146102529 -0.005376095294475176 -0.029343781465057873 0.012536026228231911
leaf_weight=6.6113184057176104 28.778591872076504 30.686108562164009 39.317680903943256 131.32734364829957 4.0251245247200123 57.147037648130208
leaf_count=373 1111 686 2488 4530 180 1578
internal_value=-0.000523576 -0.00355023 -0.00699397 -0.0124103 0.0184116 0.00740878
internal_weight=297.893 269.115 234.403 170.645 34.7112 63.7584
internal_count=10946 9835 8969 7018 866 1951
is_linear=0
shrinkage=0.05


Tree=63
num_leaves=7
num_cat=0
split_feature=34 28 28 68 67 31
split_gain=9.335 9.80259 6.65659 7.29669 6.7352 6.4005
threshold=1.0000000180025095e-35 0.84612167102171576 -1.2858683501596426 0.90798738240625565 0.19217734102284287 -0.058536360902459193
decision_type=2 2 2 2 2 2
left_child=-1 2 -2 4 5 -4
right_child=1 -3 3 -5 -6 -7
leaf_value=-0.021791404744230761 -0.014555493915662299 -0.017904294498253533 0.022554476467687823 -0.021206619373723951 -0.0072330658664404761 -0.006291239392563955
leaf_weight=39.86065177002456 26.55837019928731 41.994972990825772 123.67505741422065 13.508013105485587 29.671963662840426 21.330189030384645
leaf_count=1796 964 2073 3420 693 1253 662
internal_value=-0.000174262 0.00339489 0.00774943 0.0110763 0.0138887 0.0182698
internal_weight=296.599 256.739 214.744 188.185 174.677 145.005
internal_count=10861 9065 6992 6028 5335 4082
is_linear=0
shrinkage=0.05


Tree=64
num_leaves=7
num_cat=0
split_feature=67 22 22 29 41 28
split_gain=8.18279 8.03902 8.14513 9.09563 8.745 9.08728
threshold=-1.4699297286989368 1.4370781720994164 -0.83983847820301094 -0.47351751524960733 1.0000000180025095e-35 0.064762468624170247
decision_type=2 2 2 2 2 2
left_child=-1 2 -2 -4 -5 -6
right_child=1 -3 3 4 5 -7
leaf_value=-0.048887964180945848 -0.014205846034451134 -0.035181386529151169 0.020700708529606385 0.025950859279953414 0.011281843217235459 -0.01575321456555746
leaf_weight=5.2985021136701098 51.201670491602272 11.267921824706717 79.20501649857033 23.843092940282077 47.863492145668715 77.710346938576549
leaf_count=368 1950 694 2267 602 1573 3506
internal_value=7.69806e-05 0.00145786 0.00329078 0.00734252 -6.64061e-06 -0.00542578
internal_weight=296.39 291.092 279.824 228.622 149.417 125.574
internal_count=10960 10592 9898 7948 5681 5079
is_linear=0
shrinkage=0.05


Tree=65
num_leaves=7
num_cat=0
split_feature=25 29 29 24 67 22
split_gain=9.87339 11.5823 9.34349 6.62728 6.55178 5.00548
threshold=-0.42771944341404683 1.3158203703873783 -1.0575587460287101 -0.60886167787690149 -1.1269158518156026 -0.82678526330556235
decision_type=2 2 2 2 2 2
left_child=2 3 4 -2 -1 -6
right_child=1 -3 -4 -5 5 -7
leaf_value=-0.035869465769817969 -0.018659499608806113 -0.036478657018164121 -0.028535704987741883 0.011297269643957325 -0.012826812520247264 0.025211165555795868
leaf_weight=5.6245329319499424 17.913798384834081 12.701344141270964 49.6353847051505 172.3558306050254 10.88304538791999 22.242073115543462
leaf_count=288 967 676 2704 5236 404 591
internal_value=-0.00113808 0.00494262 -0.0148059 0.00823099 0.00356768 0.0126867
internal_weight=291.356 202.971 88.385 190.27 38.7497 33.1251
internal_count=10866 6879 3987 6203 1283 995
is_linear=0
shrinkage=0.05


Tree=66
num_leaves=7
num_cat=0
split_feature=22 22 30 30 63 29
split_gain=9.03719 7.64037 7.40673 7.19009 7.14479 5.21983
threshold=-1.8230855144841669 1.0826950654601419 -1.4823455697011487 1.1874991247582105 1.0000000180025095e-35 -0.46106184069550632
decision_type=2 2 2 2 2 2
left_child=-1 2 -2 4 -4 -6
right_child=1 -3 3 -5 5 -7
leaf_value=-0.035817582219682301 -0.032927229259908847 -0.021710606671199093 0.018182788411999617 -0.020995558622112498 0.011764009400327248 -0.0092350458624397367
leaf_weight=13.825760445557533 9.4943623787257803 27.61546392343007 108.56865267863031 18.778183852089569 51.39511368656531 61.908620301634073
leaf_count=656 623 1468 3605 822 1313 2376
internal_value=-0.000227059 0.00190828 0.00474214 0.00661544 0.00920122 0.000347973
internal_weight=291.586 277.76 250.145 240.651 221.872 113.304
internal_count=10863 10207 8739 8116 7294 3689
is_linear=0
shrinkage=0.05


Tree=67
num_leaves=7
num_cat=0
split_feature=22 30 68 67 63 68
split_gain=8.55993 8.82259 7.13548 9.19132 5.78255 7.48146
threshold=1.3951677505101936 -1.1754668691885788 -0.55358278770879943 1.0924151778229294 1.0000000180025095e-35 0.34584500928508133
decision_type=2 2 2 2 2 2
left_child=1 -1 3 -3 -4 -6
right_child=-2 2 4 -5 5 -7
leaf_value=-0.02906936642461394 -0.037651886372832913 0.022784574433422921 0.0071797859667214851 -0.016946222407016025 -0.0026349749383820179 -0.035061185621150841
leaf_weight=19.784249101066962 12.282843449851496 68.816209448268637 80.571472453535534 15.912408934906123 71.571052550338209 20.924786423798651
leaf_count=1170 773 1769 2913 708 2306 1269
internal_value=-0.00121983 0.000777622 0.00337624 0.0149986 -0.00247234 -0.0108416
internal_weight=289.863 277.58 257.796 84.7286 173.067 92.4958
internal_count=10908 10135 8965 2477 6488 3575
is_linear=0
shrinkage=0.05


Tree=68
num_leaves=7
num_cat=0
split_feature=67 22 31 22 67 63
split_gain=7.04469 7.25955 6.99144 7.6121 4.99031 4.44819
threshold=-1.4699297286989368 1.4370781720994164 0.12788224896629877 -0.83983847820301094 1.6866138117154663 1.0000000180025095e-35
decision_type=2 2 2 2 2 2
left_child=-1 2 3 -2 5 -5
right_child=1 -3 -4 4 -6 -7
leaf_value=-0.046543773556589847 -0.011043096546491611 -0.034517481034369975 -0.015716683988226912 0.02095495190410614 -0.02303455754768095 0.0051646319626338401
leaf_weight=4.8289615656249216 46.752563948160969 10.342719780979676 38.59534542215988 84.483177833259106 7.5911198621615759 96.390639788471162
leaf_count=357 1779 672 1721 2805 431 3067
internal_value=0.00025498 0.00152823 0.00324912 0.00651983 0.0109814 0.0127616
internal_weight=288.985 284.156 273.813 235.218 188.465 180.874
internal_count=10832 10475 9803 8082 6303 5872
is_linear=0
shrinkage=0.05


Tree=69
num_leaves=7
num_cat=0
split_feature=66 32 13 67 67 24
split_gain=8.3305 6.59216 9.34079 5.3323 5.12091 8.63813
threshold=2.3146227535264754 -0.5267085175254731 -0.69636962269562608 1.481430409652662 -1.1755210570419858 0.90066849494935386
decision_type=2 2 2 2 2 2
left_child=1 2 3 -1 -3 -6
right_child=-2 4 -4 -5 5 -7
leaf_value=0.014042089114158036 0.023453549430072551 -0.022924836587092198 -0.037169254876452049 -0.035888344670358646 -0.0035383100853842199 0.020839352273048162
leaf_weight=21.136397983413193 27.479496654123068 18.855568586383015 28.913403712213039 3.8881325437687329 141.71252284198999 45.58564189565368
leaf_count=664 1109 791 2092 276 4786 1195
internal_value=-0.00130847 -0.00416226 -0.0192223 0.00327291 -2.77217e-06 0.00262985
internal_weight=287.571 260.092 53.9379 25.0245 206.154 187.298
internal_count=10913 9804 3032 940 6772 5981
is_linear=0
shrinkage=0.05


Tree=70
num_leaves=7
num_cat=0
split_feature=58 68 67 68 63 68
split_gain=8.29369 8.93904 7.01335 5.75042 5.54386 10.256
threshold=-0.22263826968646502 -0.55358278770879943 1.1847650677530581 -0.65467557953737032 1.0000000180025095e-35 -0.20569459156601214
decision_type=2 2 2 2 2 2
left_child=1 2 -1 -4 -3 -6
right_child=-2 4 3 -5 5 -7
leaf_value=0.016318546263999503 0.019577182168704618 -0.00091280520447605386 -0.031110108277414863 0.021780714544627457 -0.0022944436838447245 -0.034983021791331143
leaf_weight=63.682716435752809 37.632738276617602 73.05345937248785 14.131205377168955 4.872300849761813 47.072375156916678 46.920686898287386
leaf_count=1816 998 3012 746 138 1592 2676
internal_value=-0.00140697 -0.00476397 0.00848066 -0.0164287 -0.0113539 -0.0191897
internal_weight=287.365 249.733 82.6862 19.0035 167.047 93.9931
internal_count=10978 9980 2700 884 7280 4268
is_linear=0
shrinkage=0.05


Tree=71
num_leaves=7
num_cat=0
split_feature=30 22 22 68 63 35
split_gain=7.25322 6.76934 7.7846 5.01629 10.3211 6.85701
threshold=-1.1601229341629502 0.85497744970445677 -1.771884733186621 0.34584500928508133 1.0000000180025095e-35 1.0000000180025095e-35
decision_type=2 2 2 2 2 2
left_child=-1 2 -2 5 -5 -4
right_child=1 -3 3 4 -6 -7
leaf_value=-0.026657024224483496 -0.028690311678660121 -0.016089748908641149 0.013437619074418768 0.015565736479717596 -0.034899180325771655 -0.034074814032374327
leaf_weight=20.28813869971782 12.428819114807991 38.864991447189823 173.53662818216253 18.904505383688956 16.132341304328293 5.1252684630453578
leaf_count=1239 554 1975 5208 657 968 219
internal_value=0.000109526 0.00243427 0.00578701 0.00816166 -0.00859018 0.0115344
internal_weight=285.281 264.993 226.128 213.699 35.0368 178.662
internal_count=10820 9581 7606 7052 1625 5427
is_linear=0
shrinkage=0.05


Tree=72
num_leaves=7
num_cat=0
split_feature=14 58 22 66 12 25
split_gain=6.92871 5.64211 7.3428 5.27808 4.27556 5.56265
threshold=0.87440072671353253 -0.22263826968646502 0.81257396433183127 2.3146227535264754 0.85996014841597634 0.67479344670529728
decision_type=2 2 2 2 2 2
left_child=1 3 -3 4 5 -1
right_child=-2 2 -4 -5 -6 -7
leaf_value=-0.014473607692221403 -0.021802991710347337 0.028728312794827293 -0.031961741087890815 0.022314224615553602 0.0066995196927477178 0.00810377036154372
leaf_weight=94.583368859486654 29.658583877841011 30.678476931294426 3.3000887616071841 20.061457319650799 71.851426264736801 35.628765255911276
leaf_count=4212 1614 730 163 848 2115 1237
internal_value=-0.000101012 0.00263557 0.0207191 -0.000369917 -0.00291557 -0.00825259
internal_weight=285.762 256.104 33.9786 222.125 202.064 130.212
internal_count=10919 9305 893 8412 7564 5449
is_linear=0
shrinkage=0.05


Tree=73
num_leaves=7
num_cat=0
split_feature=30 58 68 35 20 3
split_gain=7.24878 5.48948 5.98034 5.24307 4.87533 4.83064
threshold=-1.1601229341629502 -0.22263826968646502 -0.40123511979121346 1.0000000180025095e-35 -0.85531027669961335 2.3260761889354504
decision_type=2 2 2 2 2 2
left_child=4 2 3 -2 -1 -4
right_child=1 -3 5 -5 -6 -7
leaf_value=0.012857464230681485 0.011521125531325048 0.020803236761906447 -0.009094380672574235 -0.037759902908760037 -0.036821972263506017 0.031872269488337199
leaf_weight=4.9291312987916198 101.38738503237255 35.834258482791483 120.30255941895302 2.804039431270211 16.317634851904586 4.7338792416267088
leaf_count=136 3132 954 5191 139 1141 130
internal_value=0.00106167 0.00341904 0.000467799 0.00917518 -0.0251318 -0.00683293
internal_weight=286.309 265.062 229.228 104.191 21.2468 125.036
internal_count=10823 9546 8592 3271 1277 5321
is_linear=0
shrinkage=0.05


Tree=74
num_leaves=7
num_cat=0
split_feature=15 13 25 66 27 24
split_gain=6.75237 6.86892 5.88084 5.85499 4.53171 4.50229
threshold=2.1063142587014561 -1.0302336185096539 -0.76495980356621562 -0.23273276511550681 -1.1406816270157916 -0.60886167787690149
decision_type=2 2 2 2 2 2
left_child=1 -1 4 5 -3 -4
right_child=-2 2 3 -5 -6 -7
leaf_value=0.015755150493211148 -0.039708656399320641 -4.8214235928347852e-05 -0.026801080961076491 0.016569064337083557 -0.039960413290337782 -0.0016223660695918263
leaf_weight=52.978528231498785 8.0808092919178289 11.640563970664518 17.483526354189962 36.647979658329859 15.310462973080574 136.89026976400055
leaf_count=1673 616 498 1156 1328 1144 4428
internal_value=-0.00145181 0.000111504 -0.00385298 -0.000613354 -0.0244532 -0.00493052
internal_weight=279.032 270.951 217.973 191.022 26.951 154.374
internal_count=10843 10227 8554 6912 1642 5584
is_linear=0
shrinkage=0.05


Tree=75
num_leaves=7
num_cat=0
split_feature=29 30 28 28 30 35
split_gain=6.2628 5.92777 4.91556 5.22619 4.61553 5.17507
threshold=1.3158203703873783 -1.4823455697011487 0.85800127018042438 -1.2858683501596426 0.86527648922001188 1.0000000180025095e-35
decision_type=2 2 2 2 2 2
left_child=1 -1 3 -3 5 -5
right_child=-2 2 -4 4 -6 -7
leaf_value=-0.030626808461384433 -0.028156579247803279 -0.013601396189153576 -0.013253094002910913 0.01360023693719571 -0.009934105724782899 -0.02976311710758392
leaf_weight=10.499695513863115 15.772038168273864 26.643677795887925 35.316328011918813 165.51979065139312 25.591503764037043 4.4180437498725942
leaf_count=738 968 993 1769 5310 969 203
internal_value=-0.000229879 0.00170721 0.00336324 0.00614593 0.00900166 0.0119761
internal_weight=283.761 267.989 257.489 222.173 195.529 169.938
internal_count=10950 9982 9244 7475 6482 5513
is_linear=0
shrinkage=0.05


Tree=76
num_leaves=7
num_cat=0
split_feature=22 13 24 58 68 22
split_gain=6.65449 6.03561 8.98883 8.24867 3.77912 4.27614
threshold=1.4370781720994164 -0.69258980023403927 -0.59484734413859153 -0.063658924764026917 -0.28611930657317913 -0.6042318419128837
decision_type=2 2 2 2 2 2
left_child=1 4 -3 -4 5 -1
right_child=-2 2 3 -5 -6 -7
leaf_value=-0.0034768521652014427 -0.036209362893107104 -0.030252704289515681 -0.0045652858010288826 0.028958233999468282 -8.4936148247871649e-05 0.026648351302369141
leaf_weight=15.223295154981313 9.5773084561806154 25.972120195161551 123.5982727073133 18.460324061568826 48.629838939988986 40.956530335824937
leaf_count=478 685 1812 4653 407 1761 1154
internal_value=-0.000647407 0.000981129 -0.00487041 0.00029985 0.0102368 0.0187228
internal_weight=282.418 272.84 168.031 142.059 104.81 56.1798
internal_count=10950 10265 6872 5060 3393 1632
is_linear=0
shrinkage=0.05


Tree=77
num_leaves=7
num_cat=0
split_feature=58 22 22 26 42 12
split_gain=6.1207 7.30994 6.45232 6.50832 11.0452 5.29493
threshold=-0.016554740172796543 0.81257396433183127 -1.303292483876034 -0.30736015932966976 1.0000000180025095e-35 -0.64163360119294455
decision_type=2 2 2 2 2 2
left_child=2 -2 -1 -4 5 -5
right_child=1 -3 3 4 -6 -7
leaf_value=-0.025755789493298362 0.027465360358220822 -0.031916937061327408 0.0072607025584719154 -0.036078434586898266 0.028019456027026813 -0.0080557911358903785
leaf_weight=24.012011023703963 30.30213739303872 3.5465607666410497 130.41327938949689 22.521865206072107 13.513294202741234 57.184564472408965
leaf_count=1093 715 177 4477 1697 276 2423
internal_value=0.000125619 0.0191515 -0.00267299 0.000113595 -0.00979975 -0.0169953
internal_weight=281.494 33.8487 247.645 223.633 93.2197 79.7064
internal_count=10858 892 9966 8873 4396 4120
is_linear=0
shrinkage=0.05


Tree=78
num_leaves=7
num_cat=0
split_feature=26 67 24 42 67 28
split_gain=7.12769 7.03726 8.73041 5.76946 5.86933 6.19891
threshold=1.57150798129846 -1.1583009271903528 0.71861072822048422 1.0000000180025095e-35 1.5213561139457628 0.84612167102171576
decision_type=2 2 2 2 2 2
left_child=1 -1 3 4 5 -3
right_child=-2 2 -4 -5 -6 -7
leaf_value=-0.02371327264489843 -0.031120792009038414 0.0036916604782534727 0.020950839560091569 0.023284126064891761 -0.031325547489889242 -0.023221727584628961
leaf_weight=20.993093667086214 14.111496028956024 128.05392738152295 58.671445577405393 19.057745831087232 14.498638538178055 22.572702988050878
leaf_count=942 974 4597 1636 470 984 1264
internal_value=0.000163709 0.00216798 0.00466729 -0.000772478 -0.00391488 -0.000716254
internal_weight=277.959 263.848 242.854 184.183 165.125 150.627
internal_count=10867 9893 8951 7315 6845 5861
is_linear=0
shrinkage=0.05


Tree=79
num_leaves=7
num_cat=0
split_feature=67 56 68 67 63 68
split_gain=5.97774 6.09804 4.36458 5.85193 4.52707 7.5514
threshold=-1.4699297286989368 1.0000000180025095e-35 -0.55358278770879943 1.1847650677530581 1.0000000180025095e-35 0.27138129988597909
decision_type=2 2 2 2 2 2
left_child=-1 -2 3 -3 -4 -6
right_child=1 2 4 -5 5 -7
leaf_value=-0.044650971033607628 -0.018606046406478349 0.019841546593789571 0.0078206735335510525 -0.012103975376166712 -0.00075928965455460172 -0.035294178576491524
leaf_weight=4.3739146986044934 31.907904300373048 63.040698902448639 75.725568628171459 16.116053407546133 70.443820344517007 17.468510688748211
leaf_count=364 1336 1796 2933 750 2393 1303
internal_value=-0.000220786 0.000961366 0.00372861 0.0131331 -0.000975153 -0.00855972
internal_weight=279.076 274.703 242.795 79.1568 163.638 87.9123
internal_count=10875 10511 9175 2546 6629 3696
is_linear=0
shrinkage=0.05


Tree=80
num_leaves=7
num_cat=0
split_feature=66 68 67 22 58 68
split_gain=6.45672 4.50475 5.61582 5.50485 5.28967 4.61731
threshold=2.3061299031995657 -0.55358278770879943 -0.20301769547138734 -0.30777075446069641 -0.22263826968646502 -0.044551997341445777
decision_type=2 2 2 2 2 2
left_child=1 2 -1 -4 -3 -6
right_child=-2 4 3 -5 5 -7
leaf_value=0.016007445771583313 0.021417055615728431 -0.011750639741909824 -0.044174950664527778 0.0017576338553825768 -0.0098229302436576658 0.030639904299675322
leaf_weight=49.214224863797426 25.414967098389752 147.50271015893668 5.8594119069166508 23.930395107716322 10.936228416278029 12.403742657043038
leaf_count=1358 1089 6534 330 915 371 264
internal_value=-0.00119699 -0.00372416 0.0059971 -0.010492 -0.00824555 0.0127211
internal_weight=275.262 249.847 79.004 29.7898 170.843 23.34
internal_count=10861 9772 2603 1245 7169 635
is_linear=0
shrinkage=0.05


Tree=81
num_leaves=7
num_cat=0
split_feature=67 24 68 63 30 67
split_gain=5.63232 7.12314 6.58568 4.44974 6.90422 4.3792
threshold=-1.1583009271903528 0.81415569848912217 -0.12800607585434995 1.0000000180025095e-35 0.80390074911749798 -0.19421668152503854
decision_type=2 2 2 2 2 2
left_child=-1 3 -3 4 -2 -4
right_child=1 2 5 -5 -6 -7
leaf_value=-0.022831441418844828 0.010972465565603821 0.027804377520805737 -0.029051722037573446 -0.0095455337422336896 -0.021472472213758101 0.019276365738424939
leaf_weight=21.743029472185299 85.328389731585048 39.297297941637225 8.4176342529244703 100.21953598759137 17.241781827993691 5.2897061011753967
leaf_count=1008 3293 997 382 4314 734 187
internal_value=-4.1071e-05 0.00213837 0.0179296 -0.00219033 0.00506335 -0.0102893
internal_weight=277.537 255.794 53.0046 202.79 102.57 13.7073
internal_count=10915 9907 1566 8341 4027 569
is_linear=0
shrinkage=0.05


Tree=82
num_leaves=7
num_cat=0
split_feature=42 34 29 25 67 22
split_gain=5.33301 9.04809 5.73674 5.93182 5.39468 4.78006
threshold=1.0000000180025095e-35 1.0000000180025095e-35 -0.58783462649460783 0.51309482940582241 -0.85087300413347811 -0.6042318419128837
decision_type=2 2 2 2 2 2
left_child=2 -2 5 -4 -3 -1
right_child=1 4 3 -5 -6 -7
leaf_value=-0.010173058918391657 -0.032579665918460919 -0.011421709153453441 -0.017309564594184125 0.0016152067052369228 0.038561778638893048 0.015784925061649954
leaf_weight=23.376091500162147 4.8627698295749715 5.3864922255743322 85.713198318728246 76.765512777725235 22.270216539502144 53.657199259032495
leaf_count=901 257 185 4459 2879 444 1737
internal_value=-0.000575334 0.0175259 -0.00321941 -0.00850109 0.0286618 0.0078218
internal_weight=272.031 32.5195 239.512 162.479 27.6567 77.0333
internal_count=10862 886 9976 7338 629 2638
is_linear=0
shrinkage=0.05


Tree=83
num_leaves=7
num_cat=0
split_feature=34 41 30 56 68 63
split_gain=9.5952 9.58615 6.48934 6.03035 5.67128 4.46482
threshold=1.0000000180025095e-35 1.0000000180025095e-35 0.926652229322526 1.0000000180025095e-35 -0.55939721121174746 1.0000000180025095e-35
decision_type=2 2 2 2 2 2
left_child=-1 -2 3 -3 -5 -6
right_child=1 2 -4 4 5 -7
leaf_value=-0.023786133944007259 0.029122452494771481 -0.019008368030678305 -0.02238465224360757 0.01912277420112752 0.010536316815492405 -0.0094412423040931212
leaf_weight=34.683058668626472 28.374837106093764 24.069678472355008 26.265923609258607 54.620914894388989 48.446000241325237 58.287766124354675
leaf_count=1790 644 1004 1331 1731 2004 2378
internal_value=-0.000313196 0.00332974 -0.00048613 0.00292287 0.00648166 -0.000333364
internal_weight=274.748 240.065 211.69 185.424 161.355 106.734
internal_count=10882 9092 8448 7117 6113 4382
is_linear=0
shrinkage=0.05


Tree=84
num_leaves=7
num_cat=0
split_feature=22 68 22 64 4 68
split_gain=5.26222 5.22478 7.1874 6.34962 4.30726 4.30674
threshold=1.0826950654601419 0.34584500928508133 -0.83983847820301094 1.0000000180025095e-35 0.70235351404258595 -0.28084235078899056
decision_type=2 2 2 2 2 2
left_child=1 2 5 -3 -4 -1
right_child=-2 3 4 -5 -6 -7
leaf_value=-0.025690690357005382 -0.021056693532497318 -0.028852234620677875 0.012657492844009964 0.0096982320908317668 -0.012003157353277477 0.0050607401049690554
leaf_weight=23.3768103600014 24.312934422632679 23.917215294437483 149.24959098279942 15.740046094171701 17.645308270817623 18.555408740532584
leaf_count=929 1467 1616 4774 667 761 648
internal_value=-0.000214866 0.00205126 0.0052436 -0.0139455 0.00988428 -0.0126536
internal_weight=272.797 248.484 208.827 39.6573 166.895 41.9322
internal_count=10862 9395 7112 2283 5535 1577
is_linear=0
shrinkage=0.05


Tree=85
num_leaves=7
num_cat=0
split_feature=14 22 33 22 68 67
split_gain=5.73826 4.24652 5.0518 4.98841 6.04692 4.96341
threshold=-0.049521550294944504 0.62725983394877172 0.10659308688607967 -1.8230855144841669 0.90798738240625565 -0.54255977198140848
decision_type=2 2 2 2 2 2
left_child=1 3 5 -1 -5 -3
right_child=-2 2 -4 4 -6 -7
leaf_value=-0.023763251254777268 -0.011384877534083827 0.013925627923155269 0.015449150158992314 0.013437412166379076 -0.022554069825813955 -0.029129094127176493
leaf_weight=8.5986702512018365 78.432754166075028 6.8593189446255591 12.494794675381852 135.70550936204381 10.044132372830061 24.34567305794917
leaf_count=396 3780 198 428 4240 563 1368
internal_value=-0.000189477 0.00434795 -0.00899096 0.00822394 0.0105523 -0.0192737
internal_weight=276.481 198.048 43.6998 154.348 145.75 31.205
internal_count=10973 7193 1994 5199 4803 1566
is_linear=0
shrinkage=0.05


Tree=86
num_leaves=7
num_cat=0
split_feature=58 34 22 4 18 28
split_gain=5.12751 5.8049 5.13907 5.00123 6.48056 4.17076
threshold=1.6026652147859259 1.0000000180025095e-35 0.62725983394877172 -0.71100967638945145 -0.38885423152024962 -1.2858683501596426
decision_type=2 2 2 2 2 2
left_child=1 -1 -2 -3 -5 -6
right_child=2 3 -4 4 5 -7
leaf_value=-0.022378278083785435 0.032578151229020684 0.015838902601977622 -0.020326827215556672 -0.020997268439568732 -0.024754780984789979 0.0038275736166786703
leaf_weight=33.41995840263553 15.798974009463565 34.617673631873913 3.821617027046158 40.631942603737116 11.144972019828854 128.08372548758052
leaf_count=1740 333 1153 160 2535 434 4488
internal_value=-0.00188524 -0.00392098 0.0209444 -0.000775949 -0.00418119 0.00106573
internal_weight=267.519 247.898 19.6206 214.478 179.861 139.229
internal_count=10843 10350 493 8610 7457 4922
is_linear=0
shrinkage=0.05


Tree=87
num_leaves=7
num_cat=0
split_feature=24 21 67 21 63 68
split_gain=5.13628 7.65697 5.22311 5.39448 3.84725 6.23094
threshold=-0.60886167787690149 -0.42991156968733418 -1.4699297286989368 1.710000074079673 1.0000000180025095e-35 0.34584500928508133
decision_type=2 2 2 2 2 2
left_child=1 -1 -2 4 -4 -6
right_child=2 -3 3 -5 5 -7
leaf_value=-0.0014375712878816344 -0.040350832104087297 -0.039375698971537094 0.013580666526316332 -0.027650630476519208 0.0049547570354275747 -0.027429372393250648
leaf_weight=43.987345151603222 3.7088717413134864 16.215495630633086 94.215490957139991 9.3859827471896988 89.886700094444677 14.681079007918013
leaf_count=1783 335 1511 3254 561 2679 871
internal_value=-0.000515698 -0.0130401 0.00317535 0.00451307 0.00642026 -0.000230086
internal_weight=272.081 60.2028 211.878 208.169 198.783 104.568
internal_count=10994 3294 7700 7365 6804 3550
is_linear=0
shrinkage=0.05


Tree=88
num_leaves=7
num_cat=0
split_feature=56 25 26 30 68 57
split_gain=4.36716 4.70045 5.53824 3.9892 4.56438 4.4675
threshold=1.0000000180025095e-35 -1.2642124676067497 -0.96361210746910453 1.1721551897325821 -0.55358278770879943 0.1798438650427617
decision_type=2 2 2 2 2 2
left_child=-1 2 -2 4 -3 -6
right_child=1 3 -4 -5 5 -7
leaf_value=-0.018514377681619728 0.015461356099290264 0.015190833982385799 -0.038698687163499737 -0.017503387781766362 -0.0030550649235184177 0.03305502090338415
leaf_weight=31.922151278937235 4.9480629926547435 65.63895000028424 11.914093715138732 19.483407336985692 126.40211085707415 6.1737417140975586
leaf_count=1395 131 2072 937 936 5275 112
internal_value=-0.00201785 0.000432671 -0.022871 0.00252405 0.00472425 -0.000679277
internal_weight=266.483 234.56 16.8622 217.698 198.215 132.576
internal_count=10858 9463 1068 8395 7459 5387
is_linear=0
shrinkage=0.05


Tree=89
num_leaves=7
num_cat=0
split_feature=29 67 28 63 68 24
split_gain=5.43022 5.49904 4.64043 4.27908 6.3328 4.99129
threshold=1.3158203703873783 -1.4699297286989368 1.6377989788741185 1.0000000180025095e-35 0.24817246657589145 0.92991859518298237
decision_type=2 2 2 2 2 2
left_child=1 -1 3 -3 5 -5
right_child=-2 2 -4 4 -6 -7
leaf_value=-0.041462903002876542 -0.027111313420305917 0.011031492414131296 -0.0371179918631084 -0.0033964155451100125 -0.026040463159299955 0.020152323099663402
leaf_weight=4.1084221163764587 14.136618148535488 117.28545111475978 3.9929263072554013 82.77101322542876 19.767774507170543 27.584316498367116
leaf_count=369 953 4292 332 2913 1385 655
internal_value=0.000147371 0.00195264 0.00314272 0.00422939 -0.00201207 0.00286736
internal_weight=269.647 255.51 251.401 247.409 130.123 110.355
internal_count=10899 9946 9577 9245 4953 3568
is_linear=0
shrinkage=0.05


Tree=90
num_leaves=7
num_cat=0
split_feature=66 56 12 25 23 29
split_gain=5.28513 4.12026 3.42138 3.42328 5.32255 3.23875
threshold=2.3146227535264754 1.0000000180025095e-35 0.67643606696740377 -0.56199094200660149 -2.1727675341354886 -0.46106184069550632
decision_type=2 2 2 2 2 2
left_child=1 -1 3 4 -3 -4
right_child=-2 2 5 -5 -6 -7
leaf_value=-0.018556998573243645 0.020621337525801628 0.017556475418180374 0.018358415277607131 0.00097445485600332826 -0.023417229857855531 -0.0010000301592055982
leaf_weight=31.182190478779376 24.616147042019293 7.5690309375058851 36.83938547084108 87.148967474931851 36.569629399105906 46.570849351352081
leaf_count=1356 1107 224 952 3407 2304 1557
internal_value=-0.000132475 -0.00243376 0.0001314 -0.00486426 -0.0157208 0.00789045
internal_weight=270.496 245.88 214.698 131.288 44.1387 83.4102
internal_count=10907 9800 8444 5935 2528 2509
is_linear=0
shrinkage=0.05


Tree=91
num_leaves=7
num_cat=0
split_feature=29 58 68 18 26 28
split_gain=5.12247 3.99377 4.47462 4.89298 4.66739 3.86974
threshold=1.5060941718580005 1.7381182019956312 -0.13484657409311307 0.64540227587075127 -0.7334268746838738 -1.2858683501596426
decision_type=2 2 2 2 2 2
left_child=1 2 3 4 -1 -6
right_child=-2 -3 -4 -5 5 -7
leaf_value=0.011677916770488761 -0.033209409514553472 0.022894052933382775 -0.0098565043767147482 0.0163864756497984 -0.043226464814547311 -0.0049717427430256023
leaf_weight=39.924430210143328 7.8164779702201477 17.85593154001981 74.6023049907526 55.218140324577689 4.5039037265814832 66.459512965055183
leaf_count=1289 576 437 4106 1553 238 2663
internal_value=0.000515763 0.00190449 8.48085e-05 0.00464535 -0.00147895 -0.0090545
internal_weight=266.381 258.564 240.708 166.106 110.888 70.9634
internal_count=10862 10286 9849 5743 4190 2901
is_linear=0
shrinkage=0.05


Tree=92
num_leaves=7
num_cat=0
split_feature=67 24 13 25 23 67
split_gain=5.10149 5.1445 7.13264 5.01344 3.78176 3.17492
threshold=-1.4332327987530173 -0.59484734413859153 -1.1117345162156587 -1.0305705130725642 -0.62191719950159585 -0.22301526562167076
decision_type=2 2 2 2 2 2
left_child=-1 2 -2 -3 -5 -6
right_child=1 3 -4 4 5 -7
leaf_value=-0.040240305656228541 0.007902314342409688 -0.031755672367520797 -0.025962823182531031 0.018104679722729573 -0.0044950217440280276 0.0098029935310449644
leaf_weight=4.9270829022862008 24.66169536486268 6.2958976331865406 34.484579330077395 45.131137699936517 83.586266527534463 67.570996112655848
leaf_count=407 796 491 2450 1272 2889 2546
internal_value=-0.000722402 0.000469108 -0.0121425 0.00427465 0.00589095 0.00196293
internal_weight=266.658 261.731 59.1463 202.584 196.288 151.157
internal_count=10851 10444 3246 7198 6707 5435
is_linear=0
shrinkage=0.05


Tree=93
num_leaves=7
num_cat=0
split_feature=67 4 22 12 18 56
split_gain=4.73659 4.90713 4.98404 5.38906 4.4728 4.42211
threshold=1.6866138117154663 -0.71100967638945145 -1.8230855144841669 -1.2776990492020011 0.55322205429647031 1.0000000180025095e-35
decision_type=2 2 2 2 2 2
left_child=1 -1 -3 -4 -2 -5
right_child=4 2 3 5 -6 -7
leaf_value=0.015387385661885512 -0.044034573491618635 -0.035638818063394792 -0.031644547205272135 -0.018247488015399476 0.017857341705860702 0.0037795153179991724
leaf_weight=40.920438638422638 8.2948002412449551 8.0617922730743867 10.565522024640812 23.192398641724139 2.0905759781599036 172.48953158908989
leaf_count=1321 708 476 927 996 40 6429
internal_value=-0.00137305 0.000145749 -0.00293676 -0.00116587 -0.0303658 0.000932747
internal_weight=265.615 255.23 214.309 206.247 10.3854 195.682
internal_count=10897 10149 8828 8352 748 7425
is_linear=0
shrinkage=0.05


Tree=94
num_leaves=7
num_cat=0
split_feature=56 19 24 21 67 24
split_gain=4.5708 4.43727 7.01253 6.04401 4.64802 3.2397
threshold=1.0000000180025095e-35 -0.086324695961174674 0.8609719303465726 -0.86999101131455892 -1.2143357852156262 -0.5840794500965415
decision_type=2 2 2 2 2 2
left_child=-1 3 5 4 -2 -3
right_child=1 2 -4 -5 -6 -7
leaf_value=-0.01917143094784915 -0.035682684165230232 -0.025664002996663205 0.02438819273485323 -0.019146114330269026 0.009170066508276278 0.0024556841504683098
leaf_weight=31.06964954151772 3.5192648743977761 8.610966300358994 35.900238342932425 50.02106926671695 49.936345035326667 84.13984113233164
leaf_count=1397 282 599 967 2818 1703 3129
internal_value=-0.00206913 0.000435372 0.0065682 -0.00715971 0.00447794 -0.000877235
internal_weight=263.197 232.128 128.651 103.477 53.4556 92.7508
internal_count=10895 9498 4695 4803 1985 3728
is_linear=0
shrinkage=0.05


Tree=95
num_leaves=7
num_cat=0
split_feature=22 68 22 32 26 26
split_gain=6.15617 5.82712 10.5161 3.71761 3.43267 3.11569
threshold=-1.0093745675171861 -0.40123511979121346 -0.059033051096794624 -0.75089268686929334 -0.93368576238269163 -0.74414309813066126
decision_type=2 2 2 2 2 2
left_child=4 5 3 -3 -1 -2
right_child=1 2 -4 -5 -6 -7
leaf_value=0.011255082159768833 0.025816676257941814 -0.017875807751517279 -0.015749583324867665 0.019259576906251276 -0.024391394173187031 0.0060570163512357281
leaf_weight=6.4855284005170679 24.95859877334442 5.5581239676102987 75.64981371560134 39.906827724771574 32.138773030135781 79.967522186343558
leaf_count=205 804 387 3982 1258 1499 2745
internal_value=-0.000341125 0.00287728 -0.0045548 0.0138942 -0.0180261 0.0113442
internal_weight=264.665 226.041 121.115 45.465 38.6243 104.926
internal_count=10880 9176 5627 1645 1704 3549
is_linear=0
shrinkage=0.05


Tree=96
num_leaves=7
num_cat=0
split_feature=22 67 66 67 67 35
split_gain=4.26998 6.80042 5.65631 5.05331 5.27461 3.9349
threshold=0.62725983394877172 -0.51841340038501582 -0.46708961556754941 -1.1583009271903528 1.6866138117154663 1.0000000180025095e-35
decision_type=2 2 2 2 2 2
left_child=3 -2 -3 -1 5 -5
right_child=1 2 -4 4 -6 -7
leaf_value=-0.020003482027606736 0.015891248466163771 -0.030551760904426118 0.010076328442484609 0.0081857111093337973 -0.03082641898979856 -0.026315423653575587
leaf_weight=20.158761023893021 13.36174354678951 35.593699913704768 9.4118239188101125 172.07091895770282 6.9594636627007267 5.7944008302874854
leaf_count=977 423 2161 409 6182 462 273
internal_value=-0.00136155 -0.012939 -0.0219566 0.00207411 0.00476315 0.0066439
internal_weight=263.351 58.3673 45.0055 204.984 184.825 177.865
internal_count=10887 2993 2570 7894 6917 6455
is_linear=0
shrinkage=0.05


Tree=97
num_leaves=7
num_cat=0
split_feature=58 22 22 29 63 25
split_gain=5.38372 5.21626 4.30576 4.69276 6.50892 4.06242
threshold=-0.22263826968646502 0.81257396433183127 -0.55720912741153916 -0.58783462649460783 1.0000000180025095e-35 1.5541797022919652
decision_type=2 2 2 2 2 2
left_child=2 -2 -1 -4 -5 -6
right_child=1 -3 3 4 5 -7
leaf_value=-0.015525592623244697 0.023106269338180253 -0.026022933764283142 0.012734070135331767 0.0062025189674752446 -0.021874685037642078 0.011649726855864052
leaf_weight=57.71701085253153 31.455010776524432 3.8346724729053667 48.160853907233104 60.178640066995285 50.962661092868075 8.8807319160550815
leaf_count=2558 812 200 1666 2519 2776 362
internal_value=-0.00122282 0.0161471 -0.00411238 7.84939e-06 -0.00528476 -0.016581
internal_weight=261.19 35.2897 225.9 168.183 120.022 59.8434
internal_count=10893 1012 9881 7323 5657 3138
is_linear=0
shrinkage=0.05


Tree=98
num_leaves=7
num_cat=0
split_feature=67 67 28 6 67 22
split_gain=4.35122 4.16732 3.71899 4.50392 4.4958 4.14446
threshold=-1.4699297286989368 1.7973642436241544 0.72717259181660354 0.66485811158041541 -0.36035968838993709 -2.1658686468507589
decision_type=2 2 2 2 2 2
left_child=-1 2 5 4 -4 -2
right_child=1 -3 3 -5 -6 -7
leaf_value=-0.039530397280301263 -0.027180512085264254 -0.035605519720940108 0.0063976467515451775 0.029833921347801773 -0.02588385463853158 0.0066860717844848582
leaf_weight=3.6791888263542196 6.5284873894415787 4.4299756425898513 14.969170427182688 3.5635818873997769 28.126325253397226 201.79865737457294
leaf_count=366 339 443 561 216 1737 7302
internal_value=0.000326344 0.00133707 0.00238547 -0.00996578 -0.0149843 0.00525398
internal_weight=263.095 259.416 254.986 46.6591 43.0955 208.327
internal_count=10964 10598 10155 2514 2298 7641
is_linear=0
shrinkage=0.05


Tree=99
num_leaves=7
num_cat=0
split_feature=67 29 67 42 25 56
split_gain=3.95121 3.80233 7.27865 5.82887 4.83672 3.70824
threshold=-1.4699297286989368 0.11212843433707942 1.481430409652662 1.0000000180025095e-35 0.68803647617542107 1.0000000180025095e-35
decision_type=2 2 2 2 2 2
left_child=-1 2 5 4 -3 -2
right_child=1 3 -4 -5 -6 -7
leaf_value=-0.038145352059820531 -0.012598223153978922 -0.022750034470084935 -0.040824431905684522 0.020960504710965847 0.00058022461730444601 0.011241335512905348
leaf_weight=3.4273308941628775 15.944306006887926 41.086039396934211 4.8851878012064835 14.13491915212944 44.487402019556612 137.42902918020263
leaf_count=358 552 2827 407 313 1792 4567
internal_value=0.000592355 0.00153961 0.00631307 -0.00599999 -0.0110124 0.00856889
internal_weight=261.394 257.967 158.259 99.7084 85.5734 153.373
internal_count=10816 10458 5526 4932 4619 5119
is_linear=0
shrinkage=0.05


Tree=100
num_leaves=7
num_cat=0
split_feature=4 25 22 42 66 29
split_gain=3.63637 5.19413 3.8815 3.718 4.49198 4.06312
threshold=-0.71100967638945145 -0.47977777862255694 -1.5865706028035615 1.0000000180025095e-35 -0.48746848826408135 -0.65676112003938736
decision_type=2 2 2 2 2 2
left_child=-1 -2 -3 4 5 -4
right_child=1 2 3 -5 -6 -7
leaf_value=0.01231194040591971 -0.017627260062619391 -0.030569429359954083 0.017795745363423928 0.021605409496083583 0.014829761621208977 -0.0089323511149717472
leaf_weight=41.647985948831774 46.350089077372104 6.3612196410540482 13.710557575803248 19.138277232879773 33.755607304861769 97.696652281098068
leaf_count=1423 2882 324 330 447 1384 4075
internal_value=-0.000707284 -0.00333968 0.00077815 0.00251823 -0.00038474 -0.00526261
internal_weight=258.66 217.012 170.662 164.301 145.163 111.407
internal_count=10865 9442 6560 6236 5789 4405
is_linear=0
shrinkage=0.05


Tree=101
num_leaves=7
num_cat=0
split_feature=67 66 24 26 67 67
split_gain=3.72459 3.5725 3.29951 6.41151 5.94608 5.49288
threshold=-1.4699297286989368 2.3146227535264754 -0.60886167787690149 -0.92630060598321895 -0.34817366907960795 -0.52830803144895799
decision_type=2 2 2 2 2 2
left_child=-1 2 3 -2 5 -4
right_child=1 -3 4 -5 -6 -7
leaf_value=-0.037159675777980468 0.016961711126910757 0.018950653504800321 0.00033334843018744981 -0.020897109888822211 0.010813623063029116 -0.028167469399179947
leaf_weight=3.41640227776952 12.651632530149071 23.120584260555916 67.0949669519905 39.45746633829549 99.476000243565068 19.568850223673508
leaf_count=361 349 1084 2126 2708 3638 696
internal_value=0.000487727 0.00139592 -0.000522134 -0.0112823 0.00262132 -0.0068293
internal_weight=264.786 261.37 238.249 52.1091 186.14 86.6638
internal_count=10962 10601 9517 3057 6460 2822
is_linear=0
shrinkage=0.05


Tree=102
num_leaves=7
num_cat=0
split_feature=67 28 67 31 67 23
split_gain=3.69692 5.468 5.3978 3.74506 5.03325 4.38706
threshold=-1.1755210570419858 0.69563654250353635 1.6866138117154663 -0.3381642757055961 -0.33840055102873162 0.84559257366653806
decision_type=2 2 2 2 2 2
left_child=-1 2 3 5 -5 -2
right_child=1 -3 -4 4 -6 -7
leaf_value=-0.020740844750854026 0.013946383543131047 -0.014023875611151161 -0.031393597120312332 -0.018014645948406748 0.0084797786059882842 -0.021891017844598234
leaf_weight=18.939486019778997 112.90314090903848 47.337542845867574 7.0582879546564063 28.61442405928392 38.609265713603236 6.5705447294749311
leaf_count=948 3775 2729 501 1043 1523 351
internal_value=-0.00108922 0.000690483 0.00444444 0.00627439 -0.00308564 0.0114875
internal_weight=260.033 241.093 193.756 186.697 67.2237 119.474
internal_count=10870 9922 7193 6692 2566 4126
is_linear=0
shrinkage=0.05


Tree=103
num_leaves=7
num_cat=0
split_feature=63 68 24 30 42 30
split_gain=3.33932 8.08008 6.53272 3.57746 3.80042 3.51727
threshold=1.0000000180025095e-35 0.22955653922611505 0.81415569848912217 0.80390074911749798 1.0000000180025095e-35 -0.63842914329158129
decision_type=2 2 2 2 2 2
left_child=3 2 -2 5 -5 -1
right_child=1 -3 -4 4 -6 -7
leaf_value=-0.0080583385414852993 -0.0085098706811162321 -0.032823935076934325 0.016880020022163222 -0.024181913484004385 0.017843017101684025 0.013737797682570902
leaf_weight=21.7415835945867 79.192112908232957 20.7210644017905 33.627643319079652 15.38718449114822 5.1050079914275548 78.84766959247645
leaf_count=1048 3170 1791 887 740 92 3094
internal_value=-0.00091132 -0.00629693 -0.000700821 0.0050371 -0.012771 0.00892979
internal_weight=254.622 133.541 112.82 121.081 20.4922 100.589
internal_count=10822 5848 4057 4974 832 4142
is_linear=0
shrinkage=0.05


Tree=104
num_leaves=7
num_cat=0
split_feature=67 66 22 31 19 13
split_gain=3.80957 3.58721 3.99015 2.74818 4.34154 4.0753
threshold=-1.4699297286989368 1.6132560535039999 1.4148903018462982 0.12788224896629877 -0.086324695961174674 1.329229105818275
decision_type=2 2 2 2 2 2
left_child=-1 2 3 5 -5 -2
right_child=1 -3 -4 4 -6 -7
leaf_value=-0.038183582030108819 1.4113216229770272e-05 0.015708480341025483 -0.031862666928427402 -0.037402362972674949 -9.0673823485917386e-05 0.026696772561378188
leaf_weight=3.4589991692919275 170.61069930682424 31.476051079574972 7.3978122223634264 8.9975796444341558 22.306403551483527 12.620546841528265
leaf_count=374 6225 1439 659 654 971 566
internal_value=-0.000261392 0.000696934 -0.00161322 -0.000145099 -0.0131481 0.00225241
internal_weight=256.868 253.409 221.933 214.535 31.304 183.231
internal_count=10888 10514 9075 8416 1625 6791
is_linear=0
shrinkage=0.05


Tree=105
num_leaves=7
num_cat=0
split_feature=24 67 67 42 30 32
split_gain=4.16176 4.66356 3.73118 3.38393 3.38427 4.1473
threshold=-0.45652008440736086 -1.1583009271903528 1.5368056256070062 1.0000000180025095e-35 -0.34689437780463983 0.34200513868183041
decision_type=2 2 2 2 2 2
left_child=2 -2 -1 4 -3 -6
right_child=1 3 -4 -5 5 -7
leaf_value=-0.0053321738284168706 -0.017881170988292016 0.015992024030359316 -0.037917743093877493 0.023261663292458011 0.0065615985783966284 -0.012551290429626544
leaf_weight=60.246997660724446 19.369812302989885 36.880384131916799 7.6020609438419333 22.541429962264374 69.729282652959228 43.566402146476321
leaf_count=3028 934 1280 808 519 2732 1634
internal_value=-5.54983e-05 0.00371453 -0.0104342 0.00640036 0.00346347 -0.000922202
internal_weight=259.936 192.087 67.8491 172.717 150.176 113.296
internal_count=10935 7099 3836 6165 5646 4366
is_linear=0
shrinkage=0.05


Tree=106
num_leaves=7
num_cat=0
split_feature=68 30 22 3 28 67
split_gain=3.5146 4.94059 3.73899 3.42927 3.11808 4.4559
threshold=-0.55358278770879943 0.86527648922001188 -0.80571327424646089 2.3260761889354504 0.26362328443812227 -0.36035968838993709
decision_type=2 2 2 2 2 2
left_child=1 2 -1 4 5 -2
right_child=3 -3 -4 -5 -6 -7
leaf_value=-0.011195215544047661 -0.011197149820494759 -0.020190644664295501 0.017213239773439158 0.02643215414621497 -0.016179999062582922 0.0083355457237431953
leaf_weight=12.050340581685303 57.243027111981064 11.271148592699317 58.941184546565637 5.265393948648124 54.381668739486486 53.748637809534557
leaf_count=481 2443 530 1955 166 3108 2161
internal_value=-0.00117979 0.00714935 0.0121327 -0.0052493 -0.00671101 -0.00176784
internal_weight=252.901 82.2627 70.9915 170.639 165.373 110.992
internal_count=10844 2966 2436 7878 7712 4604
is_linear=0
shrinkage=0.05


Tree=107
num_leaves=7
num_cat=0
split_feature=26 67 67 28 35 15
split_gain=3.71342 3.78052 3.68349 3.71545 3.08626 3.79567
threshold=1.665328732760295 -1.4699297286989368 1.6866138117154663 1.6377989788741185 1.0000000180025095e-35 2.2597577363760508
decision_type=2 2 2 2 2 2
left_child=1 -1 3 4 5 -3
right_child=-2 2 -4 -5 -6 -7
leaf_value=-0.035755619976112853 -0.023353629425050405 0.0087056461942732234 -0.023364723968720996 -0.032079927271729376 -0.019451062464631255 -0.028756019898226449
leaf_weight=3.0853817875031373 10.82135456020478 220.28534063370898 8.6621333139482868 3.4879511843901119 8.1989408631343377 4.1042113797739139
leaf_count=340 878 8039 620 302 377 328
internal_value=0.00191382 0.00328326 0.00420244 0.00549444 0.00645924 0.00765011
internal_weight=258.645 247.824 244.739 236.076 232.588 224.39
internal_count=10884 10006 9666 9046 8744 8367
is_linear=0
shrinkage=0.05


Tree=108
num_leaves=7
num_cat=0
split_feature=22 28 68 6 23 29
split_gain=3.32504 3.92514 3.51389 4.8516 4.15122 3.42876
threshold=-0.80571327424646089 0.049423089298105648 -0.40885738925726306 0.23064377361963917 0.80324692371594575 -0.37463627062993449
decision_type=2 2 2 2 2 2
left_child=-1 -2 -3 5 -5 -4
right_child=1 2 3 4 -6 -7
leaf_value=-0.013243738561606109 0.0087831087475267623 0.0043792399848114685 0.0011848970612072173 -0.015684486229141467 0.045276925959783609 -0.024748063195900658
leaf_weight=50.142543964087963 85.484702018206008 52.825691845733672 17.569134081131779 2.8190088144037864 3.582256009336561 41.011618014192209
leaf_count=2150 2968 2051 807 237 188 2528
internal_value=-0.00210671 0.000792909 -0.00507914 -0.0126221 0.0219924 -0.0172916
internal_weight=253.435 203.292 117.808 64.982 6.40126 58.5808
internal_count=10929 8779 5811 3760 425 3335
is_linear=0
shrinkage=0.05


Tree=109
num_leaves=7
num_cat=0
split_feature=15 4 56 57 24 68
split_gain=3.99703 4.02552 2.68839 3.60315 3.25641 4.55379
threshold=2.2597577363760508 -0.71100967638945145 1.0000000180025095e-35 0.75641378402753279 0.19985537913199022 1.7076904872193175
decision_type=2 2 2 2 2 2
left_child=1 -1 -3 4 5 -4
right_child=-2 2 3 -5 -6 -7
leaf_value=0.014870170268983058 -0.034099269654634154 -0.016821354657365287 -0.011613300918051482 0.031240033415061805 0.0046318784326712364 0.032480691893237004
leaf_weight=38.826847316464409 5.5328336744569233 24.064964816905558 78.238704500719905 5.8304554384667417 97.890776575077325 3.4405010553309685
leaf_count=1315 540 1163 3902 109 3591 281
internal_value=-0.000449101 0.000698879 -0.00210081 4.73457e-05 -0.00146214 -0.00867105
internal_weight=253.825 248.292 209.465 185.4 179.57 81.6792
internal_count=10901 10361 9046 7883 7774 4183
is_linear=0
shrinkage=0.05


Tree=110
num_leaves=7
num_cat=0
split_feature=68 67 18 67 41 0
split_gain=3.75254 4.44181 3.52086 4.25673 3.84403 6.44549
threshold=0.87969703611880223 1.4526144665541636 0.64540227587075127 1.5213561139457628 1.0000000180025095e-35 -1.5156655072888234
decision_type=2 2 2 2 2 2
left_child=2 -2 3 4 -1 -6
right_child=1 -3 -4 -5 5 -7
leaf_value=0.016436119919959059 -0.029031174284834833 0.022655012384208487 0.010337465268491081 -0.025772940218048573 0.021163419038490824 -0.0088767742140198388
leaf_weight=26.383360712323338 17.0355319227092 2.8666969236219293 74.695835696882568 14.676754667423664 18.687730375211686 99.530670393956825
leaf_count=827 1290 312 2461 1001 503 4459
internal_value=-0.000269995 -0.0195939 0.00160097 -0.00261149 0.0002154 -0.00372184
internal_weight=253.877 19.9022 233.974 159.279 144.602 118.218
internal_count=10853 1602 9251 6790 5789 4962
is_linear=0
shrinkage=0.05


Tree=111
num_leaves=7
num_cat=0
split_feature=24 26 25 29 28 52
split_gain=3.05097 4.71085 4.59359 2.53821 2.48285 2.43979
threshold=-0.54952576026011235 -0.82902182820030224 -1.0305705130725642 1.5060941718580005 -1.2858683501596426 1.0000000180025095e-35
decision_type=2 2 2 2 2 2
left_child=1 -1 -2 4 -4 -6
right_child=2 -3 3 -5 5 -7
leaf_value=0.005846098453711473 -0.02968617139288815 -0.02169411990279815 -0.011352276386989407 -0.021893430304992904 0.0083982991222528152 -0.031964712270203623
leaf_weight=25.656415547709912 7.3373190850252277 32.701380514423363 16.555113824550062 5.7859845159109673 165.70170147204772 0.93853787612169881
leaf_count=860 713 2625 547 381 5776 42
internal_value=-0.000144734 -0.0098925 0.00285817 0.00456587 0.00574084 0.00760971
internal_weight=254.676 58.3578 196.319 188.981 183.195 166.64
internal_count=10944 3485 7459 6746 6365 5818
is_linear=0
shrinkage=0.05


Tree=112
num_leaves=7
num_cat=0
split_feature=67 42 35 30 63 32
split_gain=3.09863 3.10904 3.88584 3.47568 4.30139 5.30311
threshold=-1.4699297286989368 1.0000000180025095e-35 1.0000000180025095e-35 0.69649320393809833 1.0000000180025095e-35 1.6030410912408197
decision_type=2 2 2 2 2 2
left_child=-1 3 -3 4 -2 -6
right_child=1 2 -4 -5 5 -7
leaf_value=-0.035715829449347369 0.0094073091985489229 0.02068261622667017 -0.027141975343888056 -0.014177014569565723 -0.0099036997396769813 0.025255350891116815
leaf_weight=3.1192018818110219 83.806021617492661 27.09886081295554 2.3038532589562228 42.304712148848921 86.755289570661262 9.2842538200784457
leaf_count=363 3593 674 117 2103 3871 246
internal_value=-0.000560119 0.000291591 0.0147693 -0.00179587 0.00130134 -0.00584278
internal_weight=254.672 251.553 29.4027 222.15 179.846 96.0395
internal_count=10967 10604 791 9813 7710 4117
is_linear=0
shrinkage=0.05


Tree=113
num_leaves=7
num_cat=0
split_feature=40 31 24 63 30 25
split_gain=2.85264 2.97031 2.77579 4.05245 4.36846 3.09954
threshold=1.0000000180025095e-35 2.0852776525882577 0.92991859518298237 1.0000000180025095e-35 0.80390074911749798 1.8103116213948784
decision_type=2 2 2 2 2 2
left_child=1 2 3 4 -1 -5
right_child=-2 -3 -4 5 -6 -7
leaf_value=0.010801737757752851 -0.025134402034120224 -0.031702235935334395 0.012086977837124062 -0.01070040163044253 -0.015677730142710372 0.021256844028649788
leaf_weight=81.482729385956191 8.0472012781538051 3.8291781749576321 48.188089767703786 89.135055509861559 16.325433912454173 5.4991422519087783
leaf_count=3385 647 318 1481 4108 726 241
internal_value=-0.000278237 0.000834776 0.00173654 -0.00100099 0.00604694 -0.00824729
internal_weight=252.507 244.46 240.63 192.442 97.8082 94.6342
internal_count=10906 10259 9941 8460 4111 4349
is_linear=0
shrinkage=0.05


Tree=114
num_leaves=7
num_cat=0
split_feature=56 25 27 58 28 28
split_gain=3.3481 3.44614 4.59196 3.08557 4.23396 3.10208
threshold=1.0000000180025095e-35 -1.2642124676067497 -1.6879479197405971 -0.21675049406047356 0.12575257564517001 -1.2858683501596426
decision_type=2 2 2 2 2 2
left_child=-1 2 -2 5 -5 -3
right_child=1 3 -4 4 -6 -7
leaf_value=-0.015343896948856614 0.0099201949728667613 -0.016082917229817344 -0.03923103386967354 0.03331566819228015 -0.0088255321597679008 0.0036875339696891534
leaf_weight=29.096365763107315 6.5699200786184511 19.467930843820795 8.1426622284343448 14.96974459232297 7.34859565924853 167.79494503745809
leaf_count=1370 224 815 840 335 292 7035
internal_value=-0.000229656 0.00190767 -0.0193198 0.00364945 0.0200385 0.00141101
internal_weight=253.39 224.294 14.7126 209.581 22.3183 187.263
internal_count=10911 9541 1064 8477 627 7850
is_linear=0
shrinkage=0.05


Tree=115
num_leaves=7
num_cat=0
split_feature=67 24 42 21 35 19
split_gain=3.87344 4.34073 4.84373 4.16749 3.33201 3.20214
threshold=-1.2143357852156262 0.8609719303465726 1.0000000180025095e-35 -0.6599684649952785 1.0000000180025095e-35 0.40115349919761167
decision_type=2 2 2 2 2 2
left_child=-1 2 3 -2 -4 -5
right_child=1 -3 4 5 -6 -7
leaf_value=-0.024200429040150146 0.0036361417357691061 0.012774287448780182 0.025021094951986036 -0.022229817728589139 -0.021051173696249887 -0.0045927461916811267
leaf_weight=15.396774425636975 60.144237767555751 46.783956244587898 18.013691381318498 45.392466594697908 2.423379896208643 59.297250024974346
leaf_count=872 2320 1500 438 2911 112 2668
internal_value=-0.00211581 -0.000360333 -0.00382774 -0.00674637 0.0175626 -0.0126463
internal_weight=247.452 232.055 185.271 164.834 20.4371 104.69
internal_count=10821 9949 8449 7899 550 5579
is_linear=0
shrinkage=0.05


Tree=116
num_leaves=7
num_cat=0
split_feature=67 24 56 31 19 58
split_gain=2.58273 3.90103 3.64767 3.33912 3.24099 2.90213
threshold=-1.1583009271903528 1.0761690963511248 1.0000000180025095e-35 -0.15174566583683816 1.0643169052849113 1.9206357821305937
decision_type=2 2 2 2 2 2
left_child=-1 2 -2 -3 -5 -4
right_child=1 3 5 4 -6 -7
leaf_value=-0.01611712349413974 -0.018556817885908791 0.027726350642074449 -0.00019534183358208251 -0.023083937638038149 0.024818160976724263 0.027126558269428749
leaf_weight=20.181900604162365 23.355941365589388 20.137341835419651 170.5130321115721 6.4475201254244876 2.7420934159308672 7.3042116728611282
leaf_count=1026 1196 598 7610 308 50 157
internal_value=-0.000201623 0.00138106 -0.00119241 0.0175066 -0.00620018 0.00135841
internal_weight=250.682 230.5 201.173 29.327 9.18961 177.817
internal_count=10945 9919 8963 956 358 7767
is_linear=0
shrinkage=0.05


Tree=117
num_leaves=7
num_cat=0
split_feature=30 66 27 24 67 18
split_gain=3.39876 3.05242 2.79425 3.55559 4.02245 4.38472
threshold=-1.1601229341629502 2.3146227535264754 -1.3235996672430625 -0.60886167787690149 -0.34817366907960795 0.69512586409691612
decision_type=2 2 2 2 2 2
left_child=-1 2 -2 -4 5 -5
right_child=1 -3 3 4 -6 -7
leaf_value=-0.020290229482780676 0.018563416622455222 0.01847191605072113 -0.01772661217663583 -0.019392220088722139 0.0075834573596853944 0.0036086612449557237
leaf_weight=16.711796097224578 14.599705467000602 20.378483573324047 28.217637151712552 36.968497637659311 92.210868756170385 41.393551320885308
leaf_count=1279 378 1038 2144 1315 3516 1249
internal_value=-0.000345718 0.00131911 -0.000552342 -0.00221136 0.000617325 -0.00755729
internal_weight=250.481 233.769 213.39 198.791 170.573 78.362
internal_count=10919 9640 8602 8224 6080 2564
is_linear=0
shrinkage=0.05


Tree=118
num_leaves=7
num_cat=0
split_feature=34 23 29 42 67 61
split_gain=3.58752 3.72087 3.60851 2.86409 4.54225 2.93945
threshold=1.0000000180025095e-35 0.92136899989391396 1.2971750661468835 1.0000000180025095e-35 -0.85087300413347811 1.0000000180025095e-35
decision_type=2 2 2 2 2 2
left_child=1 -1 3 5 -5 -2
right_child=2 -3 -4 4 -6 -7
leaf_value=-0.021216038228911022 0.00014931966128102351 0.018044954160428131 -0.02041427935848553 -0.017583702272323188 0.030359888699213307 0.016859499777653549
leaf_weight=26.262442655162889 156.6792891001096 5.1492482043104237 11.767657297663389 4.2183374257292625 19.093658518628217 28.643817531992681
leaf_count=1469 6280 290 876 172 421 1360
internal_value=0.00127907 -0.013768 0.00357966 0.00520319 0.0206687 0.0029595
internal_weight=251.814 31.4117 220.403 208.635 23.312 185.323
internal_count=10868 1759 9109 8233 593 7640
is_linear=0
shrinkage=0.05


Tree=119
num_leaves=7
num_cat=0
split_feature=13 28 25 15 67 13
split_gain=2.80254 3.41197 3.24593 2.68635 2.39659 2.0782
threshold=0.67190578677265111 0.064762468624170247 -0.52899929598370765 2.2597577363760508 1.6440842571423808 0.50658935814357331
decision_type=2 2 2 2 2 2
left_child=3 2 -2 5 -3 -1
right_child=1 4 -4 -5 -6 -7
leaf_value=0.0018494501679518164 -0.023502850224370625 -0.028580361403985607 0.01442169452036258 -0.025298357492213871 0.011534761138100183 0.022981064649645208
leaf_weight=190.71847653854638 5.1158779868856099 21.104128586710434 15.733116041985339 5.6541306235594666 2.7259874464943996 9.4537667713593674
leaf_count=7363 349 1570 530 530 199 380
internal_value=-0.000465085 -0.0113979 0.00332999 0.00203776 -0.0232148 0.00317205
internal_weight=250.505 44.6791 20.849 205.826 23.8301 200.172
internal_count=10921 2648 879 8273 1769 7743
is_linear=0
shrinkage=0.05


Tree=120
num_leaves=7
num_cat=0
split_feature=58 68 67 28 67 24
split_gain=2.97753 2.9479 6.9117 4.78461 5.21224 4.11041
threshold=-0.22263826968646502 -0.13484657409311307 -0.47827938806951625 -1.2858683501596426 -0.57621887660067883 -1.0484328270472154
decision_type=2 2 2 2 2 2
left_child=1 3 5 -1 -5 -3
right_child=-2 2 -4 4 -6 -7
leaf_value=-0.021537081298429652 0.013992691226615684 0.015985576088377921 0.0020862963675399833 0.018088978514115291 -0.00183487655558721 -0.03741489866939237
leaf_weight=15.542799075366927 33.320477896020748 2.5271623237058547 43.310162557521835 48.874039836460724 88.081714790314436 20.494819606188685
leaf_count=643 1019 103 2769 1425 3683 1273
internal_value=0.000728993 -0.00145254 -0.010011 0.00239145 0.00551049 -0.0303859
internal_weight=252.151 218.831 66.3321 152.499 136.956 23.022
internal_count=10915 9896 4145 5751 5108 1376
is_linear=0
shrinkage=0.05


Tree=121
num_leaves=7
num_cat=0
split_feature=67 67 58 22 25 29
split_gain=2.66958 2.34828 2.00627 2.76811 2.20456 5.13952
threshold=-1.4699297286989368 1.8652379409224253 2.5859737288047917 0.81257396433183127 0.88275401659247599 0.13612280126951937
decision_type=2 2 2 2 2 2
left_child=-1 2 4 -4 5 -2
right_child=1 -3 3 -5 -6 -7
leaf_value=-0.033786377811663763 0.0025356869869517947 -0.03074857107217531 0.026394984229511909 -0.021713176976437574 0.0090651007391711787 -0.016217756111038227
leaf_weight=2.8118271675193673 132.96469461650122 2.8763909452827638 11.729293863172641 1.3469803552143265 49.566002360428683 47.060560474521481
leaf_count=366 4929 345 272 72 1867 3031
internal_value=-0.000291413 0.000495334 0.00123664 0.0183122 4.04575e-05 -0.00255214
internal_weight=248.356 245.544 242.668 13.0763 229.591 180.025
internal_count=10882 10516 10171 344 9827 7960
is_linear=0
shrinkage=0.05


Tree=122
num_leaves=7
num_cat=0
split_feature=67 24 67 26 67 28
split_gain=3.53953 2.92302 4.68909 4.56342 4.36041 5.07169
threshold=-1.1583009271903528 0.21075184504319899 1.5368056256070062 0.77705494607020076 0.4982165439303925 0.52277000423016096
decision_type=2 2 2 2 2 2
left_child=-1 2 3 4 5 -2
right_child=1 -3 -4 -5 -6 -7
leaf_value=-0.018671276023883 0.0055804149175646394 0.0083867454825855819 -0.028633373281568883 -0.028016421842262662 0.026475370101508806 -0.021605439113674321
leaf_weight=19.357895669061691 73.796556218178011 101.46454023721162 12.518579323077573 9.5294244894757849 14.823678121203555 19.092118663596921
leaf_count=1012 2453 3597 1132 846 918 962
internal_value=0.000340809 0.00215124 -0.00280388 0.000599671 0.00382193 -0.000508436
internal_weight=250.583 231.225 129.76 117.242 107.712 92.8887
internal_count=10920 9908 6311 5179 4333 3415
is_linear=0
shrinkage=0.05


Tree=123
num_leaves=7
num_cat=0
split_feature=66 3 31 19 68 57
split_gain=2.76359 2.33546 2.4173 5.33652 4.20107 3.14645
threshold=2.3146227535264754 2.3852865804382124 -0.3381642757055961 0.41370244283536267 -0.35286302510281986 0.1798438650427617
decision_type=2 2 2 2 2 2
left_child=1 2 -1 5 -5 -4
right_child=-2 -3 3 4 -6 -7
leaf_value=0.002229268651244197 0.016463521877276531 0.022891287787131471 -0.022515182734937363 0.018748708812719433 -0.011010790728261137 0.016274578627071615
leaf_weight=128.33053571416531 21.621217621373944 6.6881860401481381 46.069528645486571 21.871187940705568 19.932639011647552 3.705584706272929
leaf_count=5212 1120 209 2713 664 872 93
internal_value=0.000549383 -0.00116437 -0.00219422 -0.00826698 0.00477183 -0.0188664
internal_weight=248.219 226.598 219.909 91.5789 41.8038 49.7751
internal_count=10883 9763 9554 4342 1536 2806
is_linear=0
shrinkage=0.05


Tree=124
num_leaves=7
num_cat=0
split_feature=7 67 66 17 22 19
split_gain=3.09515 3.24348 2.60378 2.4342 2.53486 3.70599
threshold=1.0000000180025095e-35 1.839720208178574 -0.20300636160151922 0.77507276858660734 -2.1014329955776687 -1.377900587292771
decision_type=2 2 2 2 2 2
left_child=1 3 -2 4 5 -1
right_child=2 -3 -4 -5 -6 -7
leaf_value=0.026006652365430212 -0.027840155966283225 -0.033641095650338425 0.015000168917741195 -0.012256991252816903 0.005677716701117632 -0.034885111364614856
leaf_weight=1.0290782270021734 12.722761509241534 3.2634135227417564 2.5085128529462954 21.137656470178626 200.50497644906864 5.7533709885319686
leaf_count=29 752 394 88 1015 8220 346
internal_value=0.000372942 0.0019102 -0.0194773 0.00284761 0.00454076 -0.020504
internal_weight=246.92 231.688 15.2313 228.425 207.287 6.78245
internal_count=10844 10004 840 9610 8595 375
is_linear=0
shrinkage=0.05


Tree=125
num_leaves=7
num_cat=0
split_feature=67 67 42 34 29 57
split_gain=2.9004 2.76512 2.31191 4.20809 3.7789 3.89186
threshold=1.839720208178574 -1.4699297286989368 1.0000000180025095e-35 1.0000000180025095e-35 -0.47351751524960733 0.26855038885747312
decision_type=2 2 2 2 2 2
left_child=1 -1 4 -4 -3 -6
right_child=-2 2 3 -5 5 -7
leaf_value=-0.032804027654068667 -0.033028747838028089 0.0089385934212988759 -0.021921666791866651 0.023047095390104383 -0.0071822848488594607 0.020642762669970963
leaf_weight=2.6514370982768005 3.118408214650116 82.934132686699741 3.9163040132261839 24.330309859476984 121.78064005228225 11.067460700753143
leaf_count=360 384 2922 184 579 6159 287
internal_value=0.00100121 0.00182309 0.00259313 0.0153062 0.000741886 -0.00445953
internal_weight=249.799 246.68 244.029 28.2466 215.782 132.848
internal_count=10875 10491 10131 763 9368 6446
is_linear=0
shrinkage=0.05


Tree=126
num_leaves=7
num_cat=0
split_feature=25 27 66 24 2 17
split_gain=3.2405 5.23217 3.04125 3.45655 3.21401 2.6444
threshold=-0.66103407281199844 -1.2084587430676361 -0.33292984316560692 -0.60886167787690149 1.0528101712008684 0.19498118148734886
decision_type=2 2 2 2 2 2
left_child=1 -1 3 5 -4 -2
right_child=2 -3 4 -5 -6 -7
leaf_value=0.0042102636358348541 0.0013728041715026981 -0.026257194370088294 0.019747379076079444 0.0028927031144075355 -0.020513967676650945 -0.036137066304993672
leaf_weight=28.612723816768266 7.9678615950979275 23.482129452750087 36.625809232820757 139.83235349075403 3.2009113596286616 7.756194657413289
leaf_count=1157 572 1915 1646 4720 184 687
internal_value=0.00052932 -0.0102051 0.00350247 0.000249318 0.0153012 -0.0199551
internal_weight=247.478 52.0949 195.383 155.556 39.8267 15.7241
internal_count=10881 3072 7809 5979 1830 1259
is_linear=0
shrinkage=0.05


Tree=127
num_leaves=7
num_cat=0
split_feature=56 68 30 22 58 13
split_gain=3.20919 2.90774 3.90432 4.05301 3.23933 2.21689
threshold=1.0000000180025095e-35 -0.57718250663253035 0.66580533388684138 -0.80571327424646089 1.7381182019956312 -1.0348669492690186
decision_type=2 2 2 2 2 2
left_child=-1 2 3 5 -3 -2
right_child=1 4 -4 -5 -6 -7
leaf_value=-0.015631334276252837 0.013798701521722127 -0.0039899940729092639 -0.011429552225153298 0.022830718155423091 0.026618067773473891 -0.023146579789539032
leaf_weight=27.647215901408345 4.345526855904609 145.12798814475536 14.379043954424558 42.242386335972697 6.1976999944308764 6.8302987094502878
leaf_count=1382 105 6957 610 1443 123 324
internal_value=-0.000469068 0.00162927 0.0100018 0.0160717 -0.00224334 -0.008901
internal_weight=246.77 219.123 67.7973 53.4182 151.326 11.1758
internal_count=10944 9562 2482 1872 7080 429
is_linear=0
shrinkage=0.05


Tree=128
num_leaves=7
num_cat=0
split_feature=3 30 18 31 25 26
split_gain=2.25651 4.86688 2.81278 2.4939 4.23402 3.1278
threshold=2.3260761889354504 1.233530929835096 0.17776271893061005 -0.3381642757055961 0.70887617651563695 0.47342861507788664
decision_type=2 2 2 2 2 2
left_child=1 3 -2 -1 -5 -6
right_child=2 -3 -4 4 5 -7
leaf_value=0.0057650853241448001 0.044938630879080718 -0.024863188519303223 -0.0046986780571082734 -0.012100932150614994 -0.0025251557244872803 0.029508427410204343
leaf_weight=136.95055250730366 3.2114386190660289 15.820204504416322 4.3378857614006847 60.50754733895883 17.811017306172293 9.7863247571513039
leaf_count=5743 79 881 167 3145 631 300
internal_value=0.000556049 -0.000429935 0.0231916 0.00159207 -0.00487073 0.0106138
internal_weight=248.425 240.876 7.54932 225.055 88.1049 27.5973
internal_count=10946 10700 246 9819 4076 931
is_linear=0
shrinkage=0.05


Tree=129
num_leaves=7
num_cat=0
split_feature=67 67 18 26 67 23
split_gain=2.64328 2.42393 2.46097 2.59998 3.7563 2.30488
threshold=1.839720208178574 -1.4699297286989368 0.88308308289218918 -0.32270286478661664 -0.85087300413347811 0.53924509651201402
decision_type=2 2 2 2 2 2
left_child=1 -1 -3 -4 -5 -6
right_child=-2 2 3 4 5 -7
leaf_value=-0.031855225176578829 -0.032711211503794947 -0.0014396887083589986 0.020397350286788889 -0.0215503050096853 0.025836311568809056 -0.0064533646571115115
leaf_weight=2.6117159629939115 3.088187691406346 183.34266243397724 27.573036653804593 10.110105967381971 9.9145501441089454 7.9518671180121592
leaf_count=361 383 8258 842 464 242 311
internal_value=-0.000170118 0.000642248 0.0013882 0.0103172 -0.000630763 0.0126034
internal_weight=244.592 241.504 238.892 55.5496 27.9765 17.8664
internal_count=10861 10478 10117 1859 1017 553
is_linear=0
shrinkage=0.05


Tree=130
num_leaves=7
num_cat=0
split_feature=29 29 10 67 28 67
split_gain=2.34274 2.93421 4.87998 4.65295 4.53915 4.12382
threshold=1.5060941718580005 0.97088224193822581 1.0093726330960033 1.6866138117154663 0.84612167102171576 -0.33840055102873162
decision_type=2 2 2 2 2 2
left_child=1 3 -3 4 -1 -6
right_child=-2 2 -4 -5 5 -7
leaf_value=0.0034448816840894946 -0.024134145595911149 -0.0035427318927924267 0.036082679084473289 -0.036929122252032591 0.004881922362591727 -0.033901628626761597
leaf_weight=185.97771365952212 6.4186476565664625 15.070317499223167 12.042565263691356 5.542930459836497 10.487672384711916 13.705179434618911
leaf_count=7088 560 859 570 519 408 961
internal_value=0.000342852 0.00127649 0.0158988 -0.000754247 0.000706096 -0.0184051
internal_weight=249.245 242.826 27.1129 215.713 210.171 24.1929
internal_count=10965 10405 1429 8976 8457 1369
is_linear=0
shrinkage=0.05


Tree=131
num_leaves=7
num_cat=0
split_feature=22 68 22 24 26 19
split_gain=2.31878 2.97119 4.59198 3.31558 2.87325 5.342
threshold=-0.83983847820301094 -0.40123511979121346 -0.017771397643627694 0.011481519330694219 -0.73836537524820656 0.41370244283536267
decision_type=2 2 2 2 2 2
left_child=-1 4 3 -3 -2 -6
right_child=1 2 -4 -5 5 -7
leaf_value=-0.010756094020096394 0.022504766145771758 -0.0083116342855620393 -0.011870106064932051 0.01978777203907987 -0.0099287482508129687 0.016856279673923821
leaf_weight=45.742060617194511 21.878980231238529 15.075362901436163 67.827581421704963 23.767444905941375 37.35348937404342 31.644566170405596
leaf_count=2052 781 698 3911 807 1573 1050
internal_value=-0.000984038 0.00140573 -0.00420623 0.00906804 0.00791689 0.00254616
internal_weight=243.289 197.547 106.67 38.8428 90.877 68.9981
internal_count=10872 8820 5416 1505 3404 2623
is_linear=0
shrinkage=0.05


Tree=132
num_leaves=7
num_cat=0
split_feature=29 29 30 31 25 0
split_gain=3.05399 2.67339 4.18648 3.57037 3.32417 2.65334
threshold=1.5060941718580005 0.82454716972286735 0.926652229322526 -0.3381642757055961 0.89671988907178279 -0.5819218600457946
decision_type=2 2 2 2 2 2
left_child=1 2 3 -1 -5 -3
right_child=-2 5 -4 4 -6 -7
leaf_value=0.0054850134251524015 -0.028222083477376265 -0.012288273358226499 -0.024698422480130169 -0.014476968386015067 0.013291793524639854 0.018387770636030559
leaf_weight=123.58313541457755 6.4423413951881221 6.6412463184678918 14.873853356577454 49.600384649587795 11.037605148041619 30.981474189320579
leaf_count=5047 562 581 723 2222 340 1387
internal_value=-0.0003338 0.000768881 -0.00159358 0.000637754 -0.00903406 0.0124652
internal_weight=243.16 236.718 199.095 184.221 60.638 37.6227
internal_count=10862 10300 8332 7609 2562 1968
is_linear=0
shrinkage=0.05


Tree=133
num_leaves=7
num_cat=0
split_feature=15 22 17 67 30 30
split_gain=2.648 2.37426 2.50458 2.62947 3.39536 3.69506
threshold=2.1063142587014561 -2.1014329955776687 0.77880993700743273 -0.83132676803172545 -0.3315504427790113 -0.94530784380415145
decision_type=2 2 2 2 2 2
left_child=1 -1 3 4 5 -3
right_child=-2 2 -4 -5 -6 -7
leaf_value=-0.023758313072992199 -0.027020599180871286 -0.020370005172134439 -0.014226605756972968 0.0059176760793799481 -0.025639524833119189 0.013380863926755577
leaf_weight=6.828360956395044 6.2002237226115531 9.2210267442278546 20.371171974344179 165.00337121105986 13.662479087826794 21.211901774164293
leaf_count=378 637 643 1000 7045 556 650
internal_value=-0.00070301 0.000317627 0.00133141 0.00302692 -0.0074781 0.00224431
internal_weight=242.499 236.298 229.47 209.099 44.0954 30.4329
internal_count=10909 10272 9894 8894 1849 1293
is_linear=0
shrinkage=0.05


Tree=134
num_leaves=7
num_cat=0
split_feature=15 67 23 56 67 19
split_gain=2.40582 2.20803 2.1172 2.88076 3.63496 2.63909
threshold=2.1848319709424064 -1.4699297286989368 -0.62191719950159585 1.0000000180025095e-35 0.80165189655795732 0.60457911534072994
decision_type=2 2 2 2 2 2
left_child=1 -1 -3 4 -4 -6
right_child=-2 2 3 -5 5 -7
leaf_value=-0.030651740670123964 -0.025924716625977069 0.0091279558461125811 -0.028775365655916669 0.0013879549131819886 -0.019070634839816785 0.03429279393098722
leaf_weight=2.2937566583277649 5.3871666407212606 69.687455175735522 14.485992005909795 146.94539234612603 1.438416186836547 2.7026796969585121
leaf_count=289 588 2403 700 6569 190 121
internal_value=0.000405216 0.00131818 0.00201191 -0.0010923 -0.0181369 0.0155323
internal_weight=242.941 237.554 235.26 165.572 18.6271 4.1411
internal_count=10860 10272 9983 7580 1011 311
is_linear=0
shrinkage=0.05


Tree=135
num_leaves=7
num_cat=0
split_feature=30 27 34 68 66 22
split_gain=3.10542 5.39214 4.29864 2.65406 2.65179 2.6236
threshold=0.926652229322526 0.92755341228690902 1.0000000180025095e-35 -0.65936620690109293 2.3146227535264754 0.37481117684662896
decision_type=2 2 2 2 2 2
left_child=2 -2 -1 -3 5 -4
right_child=1 3 4 -5 -6 -7
leaf_value=-0.017311571357045426 -0.036007210135238964 -0.023104696324142669 0.0056756729939793395 0.013474833165659495 0.020621145684872971 -0.0072776249865972907
leaf_weight=25.94230796082411 13.664499148144388 4.0645481811370727 112.77747885335702 13.842860737466252 16.96720833517611 56.087524413480423
leaf_count=1566 743 227 4101 655 924 2762
internal_value=-0.00161765 -0.0155129 0.000641641 0.00304823 0.00338314 0.00132138
internal_weight=243.346 31.5719 211.775 17.9074 185.832 168.865
internal_count=10978 1625 9353 882 7787 6863
is_linear=0
shrinkage=0.05


Tree=136
num_leaves=7
num_cat=0
split_feature=30 33 24 6 28 29
split_gain=2.08841 2.3126 3.8564 2.06416 4.55718 2.32725
threshold=-1.4823455697011487 1.8394145916401627 -0.59484734413859153 0.55630452709022127 0.064946173765799767 1.3158203703873783
decision_type=2 2 2 2 2 2
left_child=-1 2 -2 5 -5 -4
right_child=1 -3 3 4 -6 -7
leaf_value=-0.020425328208710337 -0.014731672657882337 0.018125224604449094 0.003267021360330287 -0.019592791329947807 0.041009640272254205 -0.019738592385273073
leaf_weight=7.9809494068613267 32.555003087851219 17.073193239979446 170.04061309946701 2.4763914337381703 6.3943789137993008 8.7600762897636724
leaf_count=769 2495 529 6125 138 229 601
internal_value=0.000913963 0.00187769 0.000391431 0.00320532 0.0234157 0.00183278
internal_weight=245.281 237.3 220.226 187.671 8.87077 178.801
internal_count=10886 10117 9588 7093 367 6726
is_linear=0
shrinkage=0.05


Tree=137
num_leaves=7
num_cat=0
split_feature=22 22 30 32 30 16
split_gain=2.78523 2.93703 2.34644 2.10115 4.83444 4.24966
threshold=1.5467718885437789 -1.5069537771467592 -1.4823455697011487 0.34200513868183041 -0.34689437780463983 -0.15400573970593676
decision_type=2 2 2 2 2 2
left_child=1 -1 -3 5 -5 -4
right_child=-2 2 3 4 -6 -7
leaf_value=-0.016779258065541786 -0.029207043062437273 -0.022788803848358921 0.010225473130284794 0.011993832559643206 -0.011584425806341574 -0.021331505477586273
leaf_weight=18.431839653057978 4.9294667965732506 5.7944492348469785 118.95457851293031 32.798268303042278 52.559608175361063 8.895355783053672
leaf_count=918 491 617 5199 1163 1953 509
internal_value=-5.13195e-05 0.000910871 0.00260635 0.00360315 -0.002425 0.00759112
internal_weight=242.364 237.434 219.002 213.208 85.3579 127.85
internal_count=10850 10359 9441 8824 3116 5708
is_linear=0
shrinkage=0.05


Tree=138
num_leaves=7
num_cat=0
split_feature=22 67 67 52 26 67
split_gain=2.46364 2.3394 2.15203 2.09771 2.07819 3.14645
threshold=-1.8230855144841669 1.8652379409224253 -1.4699297286989368 1.0000000180025095e-35 1.7195554056235574 1.7324415766431993
decision_type=2 2 2 2 2 2
left_child=-1 2 -2 4 -4 -6
right_child=1 -3 3 -5 5 -7
leaf_value=-0.018043431298693374 -0.028526220552904703 -0.029090376575968326 0.0060284647332567191 -0.031250088282906534 -0.026690439525394502 0.02873162763239881
leaf_weight=11.791143993148578 2.1070684120059004 2.5798948431620365 216.88309319515247 1.1074181201402087 7.8513352199224737 0.69536538422107685
leaf_count=648 324 342 8708 59 719 43
internal_value=0.00178386 0.0030131 0.00374739 0.00441648 0.00499981 -0.0158879
internal_weight=243.015 231.224 228.644 226.537 225.43 8.5467
internal_count=10843 10195 9853 9529 9470 762
is_linear=0
shrinkage=0.05


Tree=139
num_leaves=7
num_cat=0
split_feature=24 68 67 67 42 34
split_gain=2.88228 5.66898 4.11064 3.46397 2.90086 3.91258
threshold=0.8609719303465726 0.17981634488997014 -1.1583009271903528 -0.79174824377595598 1.0000000180025095e-35 1.0000000180025095e-35
decision_type=2 2 2 2 2 2
left_child=4 2 -2 -3 -1 -6
right_child=1 3 -4 -5 5 -7
leaf_value=-0.0056114154837894207 -0.00693221840761359 -0.041547990722794262 0.024666552394177015 0.0070698378970191662 -0.024839271847872955 0.02266514288686261
leaf_weight=165.31201551447157 12.582255119807085 5.0277282914612442 35.056457146885805 5.3729552421718818 2.8847285237861824 16.981099768425338
leaf_count=8151 419 462 978 234 195 445
internal_value=-0.000330623 0.00911479 0.0164045 -0.0204721 -0.00338917 0.0134131
internal_weight=243.217 58.0394 47.6387 10.4007 185.178 19.8658
internal_count=10884 2093 1397 696 8791 640
is_linear=0
shrinkage=0.05


Tree=140
num_leaves=7
num_cat=0
split_feature=25 33 24 67 68 68
split_gain=2.25727 2.2636 3.03563 3.78092 5.07327 4.04269
threshold=-1.3545242004031113 1.8394145916401627 -0.60886167787690149 -0.22301526562167076 0.32757110684724328 -0.65936620690109293
decision_type=2 2 2 2 2 2
left_child=-1 2 -2 4 -4 -5
right_child=1 -3 3 5 -6 -7
leaf_value=-0.020445680025121551 -0.014791230006166931 0.01834427882352304 -0.00093768171390133507 -0.010590535481198404 -0.035600597249675285 0.016564710232837537
leaf_weight=11.60648717463482 32.790081895305775 12.428218930261208 104.98737373470794 15.85808118956629 8.7589390178909508 52.983915590215474
leaf_count=914 2513 401 3776 660 553 2097
internal_value=-0.00139119 -0.000167251 -0.00147277 0.00111945 -0.0044531 0.0101283
internal_weight=239.413 227.807 215.378 182.588 113.746 68.842
internal_count=10914 10000 9599 7086 4329 2757
is_linear=0
shrinkage=0.05


Tree=141
num_leaves=7
num_cat=0
split_feature=25 23 22 17 33 26
split_gain=3.03948 4.09743 2.80476 2.68326 2.30309 2.25916
threshold=-1.2642124676067497 -2.2770512950425212 -2.1658686468507589 0.76967463642319256 -0.42345818658778617 -0.63162275193939188
decision_type=2 2 2 2 2 2
left_child=1 -1 -2 -4 -5 -6
right_child=2 -3 3 4 5 -7
leaf_value=0.01078398196712267 -0.026927816630262971 -0.035500576042383401 0.005212997685520593 -0.022666229081974913 -0.014846758395289626 0.022837564013471034
leaf_weight=5.9366959026083341 4.978778170538134 9.4858151606749725 200.07708934106631 14.351334195234815 4.7402292911428958 5.4380350980209169
leaf_count=189 298 988 8239 779 221 186
internal_value=0.000731454 -0.0188292 0.00227137 0.00326501 -0.0114605 0.00590266
internal_weight=245.008 15.4225 229.585 224.607 24.5296 10.1783
internal_count=10900 1177 9723 9425 1186 407
is_linear=0
shrinkage=0.05


Tree=142
num_leaves=7
num_cat=0
split_feature=3 30 34 29 8 41
split_gain=2.36155 3.87435 2.78482 2.87399 2.93117 2.6132
threshold=2.3260761889354504 1.1874991247582105 1.0000000180025095e-35 0.87551609565897393 -1.5604720734773838 1.0000000180025095e-35
decision_type=2 2 2 2 2 2
left_child=1 2 3 4 -1 -4
right_child=-2 -3 5 -5 -6 -7
leaf_value=0.0076183808414618283 0.02147702257833696 -0.02413205540933399 0.017710125572812017 0.016069818124139958 -0.030173698427785358 -0.00059252853948899313
leaf_weight=5.4428781932219925 7.5872757490724316 16.308862624224275 19.075752193923108 4.0253221368184304 17.686002943781205 165.86116565245902
leaf_count=200 253 919 566 256 1196 7443
internal_value=-0.00165125 -0.00268803 -0.000725494 -0.0148224 -0.0214266 0.00154791
internal_weight=235.987 228.4 212.091 27.1542 23.1289 184.937
internal_count=10833 10580 9661 1652 1396 8009
is_linear=0
shrinkage=0.05


Tree=143
num_leaves=7
num_cat=0
split_feature=67 31 67 24 68 22
split_gain=2.40717 2.31793 2.11325 1.74545 2.86812 3.10233
threshold=1.839720208178574 2.3649055673913946 -1.4699297286989368 0.90066849494935386 0.17981634488997014 -0.048263500038263497
decision_type=2 2 2 2 2 2
left_child=1 2 -1 -4 -5 -6
right_child=-2 -3 3 4 5 -7
leaf_value=-0.029475149639560938 -0.031339353368868374 -0.029623326971202568 4.2300939683526119e-05 0.015584561721412749 0.014320076071096017 -0.032206410634163136
leaf_weight=2.3392099479679009 2.9200076577253631 3.0640442585572591 185.19550142495427 42.292337379301898 4.196401902125217 4.8491081650136021
leaf_count=367 406 304 8213 1211 157 327
internal_value=0.000167609 0.000927066 0.0016815 0.00235493 0.0102345 -0.0124311
internal_weight=244.857 241.937 238.873 236.533 51.3378 9.04551
internal_count=10985 10579 10275 9908 1695 484
is_linear=0
shrinkage=0.05


Tree=144
num_leaves=7
num_cat=0
split_feature=22 17 19 68 56 32
split_gain=2.68827 2.2868 2.12962 2.06567 2.88498 2.36275
threshold=-0.83983847820301094 0.77333630649208229 0.29690073666860389 -0.57718250663253035 1.0000000180025095e-35 -0.80693872920524845
decision_type=2 2 2 2 2 2
left_child=-1 3 -3 4 -2 -6
right_child=1 2 -4 -5 5 -7
leaf_value=-0.010595810215901617 -0.015400160502177074 0.011815116117831377 -0.020691399014071223 0.0007104760453799623 -0.011927556293716415 0.019563395400037823
leaf_weight=44.439935084548779 5.9956901336554429 4.7549598964396891 15.009445158415472 119.7975332957576 4.7661848904099307 45.672423020936549
leaf_count=2039 258 257 726 5765 327 1497
internal_value=0.000101039 0.0026496 -0.0123445 0.00450967 0.0121316 0.0160851
internal_weight=240.436 195.996 19.7644 176.232 56.4343 50.4386
internal_count=10869 8830 983 7847 2082 1824
is_linear=0
shrinkage=0.05


Tree=145
num_leaves=7
num_cat=0
split_feature=22 22 27 25 68 6
split_gain=2.46476 2.57968 3.32015 4.11889 3.6874 2.80394
threshold=1.5467718885437789 -0.55720912741153916 -0.88321030092212116 -0.74770704117722808 -0.23247025610059754 0.12209018912944516
decision_type=2 2 2 2 2 2
left_child=1 -1 4 -4 -3 -5
right_child=-2 2 3 5 -6 -7
leaf_value=-0.0079926190849634281 -0.027543030571306044 0.027604674411245478 -0.031182849105744703 -0.00029859114275136093 -0.0069894300199163017 0.021723966114052196
leaf_weight=63.936161819379777 5.1931354359257957 22.068513714591976 6.8087552837096146 118.81252688518725 9.6356964937876892 13.443194506224243
leaf_count=2827 508 670 866 4935 515 598
internal_value=-0.000584578 0.000351995 0.00356029 0.000105405 0.0173953 0.00237209
internal_weight=239.898 234.705 170.769 139.064 31.7042 132.256
internal_count=10919 10411 7584 6399 1185 5533
is_linear=0
shrinkage=0.05


Tree=146
num_leaves=7
num_cat=0
split_feature=15 31 12 24 10 67
split_gain=2.77837 2.22022 2.36073 2.36384 3.04058 3.87387
threshold=2.2597577363760508 1.8056497377851206 0.22296592520379613 0.8609719303465726 0.79512469476075065 0.80165189655795732
decision_type=2 2 2 2 2 2
left_child=1 2 -1 4 -4 -6
right_child=-2 -3 3 -5 5 -7
leaf_value=0.0079241256597625768 -0.029566425092246759 -0.024021231229105326 -0.0094706128639269194 0.0091687856046208365 -0.01062724922301829 0.037902819634622262
leaf_weight=103.29965572967194 4.4018362176138899 5.2262546126730731 83.367261450737715 31.490564898471348 6.0374371560756099 5.4405556744895875
leaf_count=4927 532 452 3420 1019 269 192
internal_value=0.000611089 0.00154245 0.00242652 -0.00214818 -0.00607156 0.0154633
internal_weight=239.264 234.862 229.635 126.336 94.8453 11.478
internal_count=10811 10279 9827 4900 3881 461
is_linear=0
shrinkage=0.05


Tree=147
num_leaves=7
num_cat=0
split_feature=25 29 20 29 67 67
split_gain=2.04702 3.81923 2.3337 1.81228 2.28268 4.29698
threshold=-1.2642124676067497 -2.6574481141532584 -0.84725302943695879 1.5060941718580005 -0.34817366907960795 -0.54255977198140848
decision_type=2 2 2 2 2 2
left_child=1 -1 -2 4 5 -4
right_child=2 -3 3 -5 -6 -7
leaf_value=0.01937216959220538 0.021085622811486082 -0.029151671751736052 0.0015315555690910308 -0.02223009531016441 0.0054575592320015645 -0.021681371675570309
leaf_weight=3.2893519576173267 10.665922752639743 11.196165095083414 71.260771749890409 5.9707936508348203 113.12073210068047 24.493983406457119
leaf_count=91 339 1070 2555 548 5224 1008
internal_value=-0.000213614 -0.0166997 0.00105069 -0.000220608 0.000714396 -0.00488455
internal_weight=239.998 14.4855 225.512 214.846 208.875 95.7548
internal_count=10835 1161 9674 9335 8787 3563
is_linear=0
shrinkage=0.05


Tree=148
num_leaves=7
num_cat=0
split_feature=25 29 22 56 25 17
split_gain=2.34819 4.01438 2.77896 2.22211 2.68756 2.6875
threshold=-1.2642124676067497 -2.3236818852121406 -2.1658686468507589 1.0000000180025095e-35 1.2714526158700596 0.81146297421969649
decision_type=2 2 2 2 2 2
left_child=1 -1 -2 4 -4 -5
right_child=2 -3 3 5 -6 -7
leaf_value=0.010473037857604849 -0.028793206424825385 -0.035590414300180333 -0.018337031126317439 0.0045872779780632127 0.017472126987253183 -0.022743440749936179
leaf_weight=6.0373892255593082 4.8521846218500277 8.9037007534061541 21.915840777335692 188.39093669492286 4.0896995468065134 6.4870703928172579
leaf_count=215 304 974 1105 7852 136 336
internal_value=-0.000927105 -0.0183383 0.000450716 0.00147034 -0.0114809 0.00334648
internal_weight=240.677 14.9411 225.736 220.884 26.0055 194.878
internal_count=10922 1189 9733 9429 1241 8188
is_linear=0
shrinkage=0.05


Tree=149
num_leaves=7
num_cat=0
split_feature=66 41 35 24 68 0
split_gain=2.71018 3.23553 2.9754 2.63492 3.54954 2.83612
threshold=2.3146227535264754 1.0000000180025095e-35 1.0000000180025095e-35 0.19985537913199022 -0.060187421887189237 -1.8185012847730491
decision_type=2 2 2 2 2 2
left_child=1 2 -1 4 5 -3
right_child=-2 3 -4 -5 -6 -7
leaf_value=0.011946440409296896 0.013627907329972197 0.010953131522665145 -0.028199918592344737 -0.0011042299337351892 0.0016387329389684357 -0.022742333551566671
leaf_weight=37.976425879169255 19.721100592054427 5.1888910471461704 2.3368694407399735 86.007981884933542 27.491310821613297 57.612719530821778
leaf_count=1409 1114 138 130 3221 1968 2965
internal_value=-0.00287644 -0.00454468 0.00782723 -0.00745729 -0.0132788 -0.0195859
internal_weight=236.335 216.614 40.3133 176.301 90.2929 62.8016
internal_count=10945 9831 1539 8292 5071 3103
is_linear=0
shrinkage=0.05


Tree=150
num_leaves=7
num_cat=0
split_feature=67 67 67 29 6 12
split_gain=2.4327 2.23741 1.98556 2.17402 2.43493 3.40801
threshold=1.839720208178574 -1.4699297286989368 1.7767070314029414 -0.59738652415879556 0.23064377361963917 -0.34368188313465786
decision_type=2 2 2 2 2 2
left_child=1 -1 3 -3 -5 -6
right_child=-2 2 -4 4 5 -7
leaf_value=-0.029664084385230344 -0.030299588087911285 0.0093332732968902446 0.035023327718044582 -0.0029824629023729879 -0.0075621714910606907 0.033235418095662904
leaf_weight=2.3171797827817491 2.7964403736405066 75.242029260203708 1.8159504767972965 144.35291991045233 7.5274659226415706 8.591762053081764
leaf_count=370 402 2693 76 6542 645 271
internal_value=0.00175758 0.00250103 0.00318088 0.0024985 -0.00081866 0.0159863
internal_weight=242.644 239.847 237.53 235.714 160.472 16.1192
internal_count=10999 10597 10227 10151 7458 916
is_linear=0
shrinkage=0.05


Tree=151
num_leaves=7
num_cat=0
split_feature=29 25 24 18 68 23
split_gain=1.8623 4.13807 2.72005 4.02812 2.95887 2.50561
threshold=-1.2570787844382665 -0.76495980356621562 -0.60886167787690149 -0.10472363614700005 1.0273540766726648 0.57328370508473903
decision_type=2 2 2 2 2 2
left_child=-1 -2 -3 5 -5 -4
right_child=1 2 3 4 -6 -7
leaf_value=0.010424029033266523 -0.02247604523027151 -0.016311429595691571 0.0048823319844403731 -0.00031423231670457506 -0.030692313991660971 0.030331148814861382
leaf_weight=28.889364778238814 20.183154726342764 19.836436609970406 25.69760690361727 124.38856470043538 5.572857165709137 14.049353777198119
leaf_count=1096 1847 1570 872 4541 311 680
internal_value=-0.000856965 -0.00253598 -9.56018e-05 0.0020502 -0.00227999 0.0153751
internal_weight=238.617 209.728 189.545 169.708 129.961 39.747
internal_count=10917 9821 7974 6404 4852 1552
is_linear=0
shrinkage=0.05


Tree=152
num_leaves=7
num_cat=0
split_feature=30 30 5 28 20 22
split_gain=2.41912 2.61743 2.15209 2.0916 1.86561 1.8497
threshold=0.926652229322526 -1.3902819595473779 -0.2534454113627988 -1.1285861314011714 -0.84891135955253794 0.83377570701814385
decision_type=2 2 2 2 2 2
left_child=1 4 3 -2 -1 -4
right_child=2 -3 5 -5 -6 -7
leaf_value=0.0046688525295625798 0.012232839017851389 0.0024546231982072939 -0.0094490718582058274 -0.029119647533614092 -0.034910966655403289 0.023136038557851974
leaf_weight=3.6565283108502626 1.9321758789010388 197.89046906249132 9.8899472511839104 15.626484182430431 5.2985772024258022 3.5965771786868563
leaf_count=136 73 8389 501 818 755 211
internal_value=-0.000899844 0.00111738 -0.0132542 -0.0234481 -0.0216337 0.00186944
internal_weight=237.891 206.846 31.0452 17.5587 8.95511 13.4865
internal_count=10883 9280 1603 891 891 712
is_linear=0
shrinkage=0.05


Tree=153
num_leaves=7
num_cat=0
split_feature=22 67 67 67 32 31
split_gain=2.07821 2.25296 2.3051 3.29077 3.14244 2.21741
threshold=1.5908881217955924 -1.1443269306877679 -1.0626701859074437 -0.8113639158851752 0.81839649853744845 2.0852776525882577
decision_type=2 2 2 2 2 2
left_child=1 -1 -3 4 -4 -5
right_child=-2 2 3 5 -6 -7
leaf_value=-0.013966633912962562 -0.025860897547903411 0.023763980598508538 -0.030996961383386701 0.0046174592956840146 0.0052035361148828245 -0.026554151953804134
leaf_weight=19.020964401599485 4.2608291716314843 9.4076771253021416 11.216219516121784 182.26858800428454 9.0730452439747733 2.9309396680910131
leaf_count=1032 454 329 480 7952 391 276
internal_value=0.000496179 0.00129766 0.00282243 0.00153554 -0.0162237 0.00370872
internal_weight=238.178 233.917 214.896 205.489 20.2893 185.2
internal_count=10914 10460 9428 9099 871 8228
is_linear=0
shrinkage=0.05


Tree=154
num_leaves=7
num_cat=0
split_feature=31 22 30 58 67 67
split_gain=2.9437 5.39816 5.27625 3.81465 3.24308 2.93944
threshold=-0.3381642757055961 -0.34991473257889977 0.63511746383558443 -0.21675049406047356 1.481430409652662 -1.1583009271903528
decision_type=2 2 2 2 2 2
left_child=2 3 4 -2 5 -1
right_child=1 -3 -4 -5 -6 -7
leaf_value=-0.016532163556691057 -0.036061519217603304 -0.0016411393871908276 -0.018379222585619259 0.012104581664009803 -0.024091066923701651 0.011220486290765002
leaf_weight=7.8358792339568017 19.50973952643108 73.846008913766127 21.973365676938556 3.4828794603236011 5.1107320981100193 104.27260160335572
leaf_count=509 1010 3637 1086 86 598 3925
internal_value=-0.00204682 -0.00860767 0.00260297 -0.0282104 0.00689668 0.00890039
internal_weight=236.031 96.8386 139.193 22.9926 117.219 112.108
internal_count=10851 4733 6118 1096 5032 4434
is_linear=0
shrinkage=0.05


Tree=155
num_leaves=7
num_cat=0
split_feature=58 22 22 31 18 29
split_gain=2.13066 3.16588 2.84614 2.94039 2.42144 2.39268
threshold=-0.22263826968646502 -0.16262834706222978 -0.53792773840795216 -0.24495497077121717 0.32142821476209821 -1.0383021203377074
decision_type=2 2 2 2 2 2
left_child=2 -2 3 4 -1 -4
right_child=1 -3 5 -5 -6 -7
leaf_value=-0.014820180247540277 0.023981960888781573 -0.0060137906807094712 0.014617275440800361 -0.034045266964220312 0.0084938583973208567 -0.0029148028907189576
leaf_weight=27.687373077962548 15.038474872708322 15.295561422710305 19.799511932535097 10.543194280355236 15.043258004414382 129.9434714820818
leaf_count=1468 371 601 741 591 504 6542
internal_value=-0.00209131 0.00967697 -0.00396499 -0.0135519 -0.00659373 -0.000355088
internal_weight=233.351 30.334 203.017 53.2738 42.7306 149.743
internal_count=10818 972 9846 2563 1972 7283
is_linear=0
shrinkage=0.05


Tree=156
num_leaves=7
num_cat=0
split_feature=22 68 63 68 58 35
split_gain=1.75121 2.18203 5.35096 3.48267 2.7372 2.19515
threshold=-2.3783791374972894 0.27138129988597909 1.0000000180025095e-35 0.091671639013342229 -0.21086222353865744 1.0000000180025095e-35
decision_type=2 2 2 2 2 2
left_child=-1 3 -3 5 -4 -2
right_child=1 2 4 -5 -6 -7
leaf_value=-0.023931951099435519 0.0031026164901834683 0.0073804770590410922 -0.033891154761998499 0.026416219838331957 0.013365136161808009 -0.021675231741857297
leaf_weight=3.867147270939312 176.51086748024682 22.464707470382564 15.361853228474503 12.791775396908632 2.0078258223365983 6.4263253045501179
leaf_count=250 6923 1220 1651 445 64 312
internal_value=0.000981799 0.00168661 -0.00857798 0.00387359 -0.0272647 0.00189653
internal_weight=239.431 235.563 39.8344 195.729 17.3697 182.937
internal_count=10865 10615 2935 7680 1715 7235
is_linear=0
shrinkage=0.05


Tree=157
num_leaves=7
num_cat=0
split_feature=11 28 35 68 68 63
split_gain=2.36485 2.44158 2.3498 2.93081 2.22639 5.46831
threshold=1.2979635579204809 1.6377989788741185 1.0000000180025095e-35 1.0447484864798045 0.26283067708752578 1.0000000180025095e-35
decision_type=2 2 2 2 2 2
left_child=1 2 4 -4 -1 -6
right_child=-2 -3 3 -5 5 -7
leaf_value=0.0054161613450359131 -0.019445659895149243 -0.029779881474172029 -0.032867540681923185 0.021889023418869662 0.0088537052974749491 -0.027968685097521203
leaf_weight=179.17080859985435 11.725533298333174 3.1893342796247444 6.3473086197627699 0.9872295248787849 20.288705735467374 15.178056118718812
leaf_count=6771 898 358 337 62 1042 1458
internal_value=-2.57219e-05 0.00122798 0.00206468 -0.0212827 0.00314487 -0.00785678
internal_weight=236.887 225.161 221.972 7.33454 214.638 35.4668
internal_count=10926 10028 9670 399 9271 2500
is_linear=0
shrinkage=0.05


Tree=158
num_leaves=7
num_cat=0
split_feature=56 58 2 4 8 17
split_gain=2.17401 2.62713 1.77149 2.10189 2.29948 1.91366
threshold=1.0000000180025095e-35 2.3828189927814667 -1.3901621046606691 -0.36163900010288041 -1.0000000180025095e-35 0.64398875503795272
decision_type=2 2 2 2 2 2
left_child=2 -2 -1 5 -5 -4
right_child=1 -3 3 4 -6 -7
leaf_value=0.016277264828461608 0.00070157516369181408 0.028193662696322563 -0.042908659898952595 0.015502916884588158 -0.019127441958427496 -0.0032586004155686558
leaf_weight=2.3537225881591466 203.29420419060625 6.0870593455620101 6.5573919274611452 6.8247075980762046 6.383279497618779 5.2434989429311827
leaf_count=62 9338 125 410 277 428 199
internal_value=9.98928e-05 0.00188778 -0.0124159 -0.0165706 -0.00167612 -0.0295224
internal_weight=236.744 209.381 27.3626 25.0089 13.208 11.8009
internal_count=10839 9463 1376 1314 705 609
is_linear=0
shrinkage=0.05


Tree=159
num_leaves=7
num_cat=0
split_feature=6 23 28 56 1 25
split_gain=1.96355 4.34993 2.87404 2.54095 2.46835 3.47903
threshold=0.23064377361963917 0.78014929647016829 0.81914763272578128 1.0000000180025095e-35 1.2884364864170397 -0.25033649667003799
decision_type=2 2 2 2 2 2
left_child=3 -2 -3 4 5 -1
right_child=1 2 -4 -5 -6 -7
leaf_value=0.0041918998874336186 -0.010208737549491495 0.0031644778735160973 0.055140467945373056 -0.00032868401598107528 0.020807162597491439 -0.034139636191301781
leaf_weight=8.0754502472700587 8.5533043479663338 5.0033332203747687 3.8096181922592223 193.05447387287859 1.5687438125023607 14.36182812449988
leaf_count=395 660 326 188 8494 91 746
internal_value=-0.000980553 0.013889 0.0339299 -0.00234334 -0.0167087 -0.0214763
internal_weight=234.427 17.3663 8.81295 217.06 24.006 22.4373
internal_count=10900 1174 514 9726 1232 1141
is_linear=0
shrinkage=0.05


Tree=160
num_leaves=7
num_cat=0
split_feature=23 25 67 31 67 10
split_gain=2.0067 3.26743 2.50684 2.8367 3.42334 2.68232
threshold=-0.13247712742513287 0.88275401659247599 0.014941931965208901 -0.24495497077121717 -1.2847786147901492 -1.1403664826720659
decision_type=2 2 2 2 2 2
left_child=2 -2 3 5 -5 -1
right_child=1 -3 -4 4 -6 -7
leaf_value=-0.0034490379519618456 -0.011366698023317863 0.0054395466740506833 -0.014805127374566966 0.019753382488354315 -0.022115986341617499 0.015490822320872228
leaf_weight=24.493806265934836 71.632959365611896 44.889052547165193 12.505594609654507 4.3261140756658305 13.185881088487802 64.805965802981518
leaf_count=980 4399 1765 779 159 520 2321
internal_value=-0.000314463 -0.00491822 0.0041918 0.00675967 -0.0103964 0.0103526
internal_weight=235.839 116.522 119.317 106.812 17.512 89.2998
internal_count=10923 6164 4759 3980 679 3301
is_linear=0
shrinkage=0.05


Tree=161
num_leaves=7
num_cat=0
split_feature=57 63 0 30 19 67
split_gain=3.18933 1.98166 2.62013 2.61329 3.85608 2.23369
threshold=0.1798438650427617 1.0000000180025095e-35 -1.5661381368695277 0.7885568140918694 -0.72395582826243465 -0.54255977198140848
decision_type=2 2 2 2 2 2
left_child=1 3 -3 4 -1 -4
right_child=-2 2 5 -5 -6 -7
leaf_value=-0.012238388458615393 0.019104964238462949 0.01427938882426427 -0.00077784705801475047 -0.01279564051158621 0.012087105188672077 -0.015294201227422703
leaf_weight=18.561055966711137 16.29822185006924 10.921369818039237 47.374602927302476 18.684491575579159 67.385521700140089 58.129300060216337
leaf_count=1153 440 396 1961 827 2818 3355
internal_value=-0.000404442 -0.00207939 -0.00649208 0.0028748 0.00659817 -0.00897763
internal_weight=237.355 221.056 116.425 104.631 85.9466 105.504
internal_count=10950 10510 5712 4798 3971 5316
is_linear=0
shrinkage=0.05


Tree=162
num_leaves=7
num_cat=0
split_feature=22 8 24 18 67 67
split_gain=2.43634 2.10714 3.42266 2.35653 1.94619 1.75514
threshold=-0.83983847820301094 -1.150414529567884 -0.54952576026011235 -2.1787272390590826 -0.34817366907960795 -1.3268047583091043
decision_type=2 2 2 2 2 2
left_child=1 -1 3 -3 -4 -2
right_child=5 2 4 -5 -6 -7
leaf_value=-0.02122083596542277 -0.019562857775998491 0.016792337374793295 -0.0040923079929402317 -0.033076658204719882 0.026994427715359537 0.0029517364689828417
leaf_weight=20.724621873698197 6.0957924905233076 1.1217794315889476 8.3072503881994635 6.373737120768058 7.5755915059708032 186.03715129446937
leaf_count=1023 488 18 318 493 210 8336
internal_value=-0.000522649 -0.010723 -6.17286e-05 -0.0229467 0.0126681 0.00194764
internal_weight=236.236 44.103 23.3784 7.49552 15.8828 192.133
internal_count=10886 2062 1039 511 528 8824
is_linear=0
shrinkage=0.05


Tree=163
num_leaves=7
num_cat=0
split_feature=29 67 22 68 67 22
split_gain=1.82532 1.864 3.52155 5.47495 2.72809 3.41503
threshold=1.4798837646674687 -0.68759423257656305 -0.55720912741153916 0.27138129988597909 -0.52830803144895799 0.62725983394877172
decision_type=2 2 2 2 2 2
left_child=1 2 -1 -4 -3 -6
right_child=-2 4 3 -5 5 -7
leaf_value=-0.022981798410251872 -0.022081371553037202 0.019043215981625648 0.0093999535588215419 -0.034732030054896834 0.0048799409143674864 -0.011958075127163815
leaf_weight=19.591918263933621 6.5851749196299343 19.710752855171449 35.696859266725369 5.5919110203976734 110.67839190992527 37.967699921689928
leaf_count=859 613 667 1247 558 4697 2260
internal_value=-0.000704237 0.000187162 -0.00710494 0.00147519 0.00290233 0.000427634
internal_weight=235.823 229.238 60.8807 41.2888 168.357 148.646
internal_count=10901 10288 2664 1805 7624 6957
is_linear=0
shrinkage=0.05


Tree=164
num_leaves=7
num_cat=0
split_feature=22 23 31 66 12 33
split_gain=2.08886 2.18457 3.05987 3.68807 3.04657 2.58301
threshold=1.5908881217955924 0.78014929647016829 -0.3381642757055961 -0.23273276511550681 0.25241142184797166 -0.85155942912891303
decision_type=2 2 2 2 2 2
left_child=1 2 4 5 -1 -4
right_child=-2 -3 3 -5 -6 -7
leaf_value=0.012077893238582334 -0.027560291688999056 0.010061094106867194 -0.0020096849240268705 0.012378805314533987 -0.0037462234034493038 -0.024465559431042536
leaf_weight=47.456700964656193 3.9557548253796986 42.685748218384106 21.086660677334294 11.838762160390614 74.077000211866107 32.053768831596244
leaf_count=2255 445 2318 817 479 3002 1546
internal_value=-0.000566246 0.000249705 -0.00211947 -0.0106258 0.00257491 -0.0161384
internal_weight=233.154 229.199 186.513 64.9792 121.534 53.1404
internal_count=10862 10417 8099 2842 5257 2363
is_linear=0
shrinkage=0.05


Tree=165
num_leaves=7
num_cat=0
split_feature=22 29 67 32 31 67
split_gain=3.2416 2.03681 2.50494 2.59227 2.11512 1.90248
threshold=1.4814279618802102 -0.59738652415879556 -1.4332327987530173 1.0000000180025095e-35 0.12788224896629877 -0.80848232157532507
decision_type=2 2 2 2 2 2
left_child=1 2 -1 -4 -5 -3
right_child=-2 5 3 4 -6 -7
leaf_value=-0.028588443411983369 -0.031526382036637504 -0.018233105468104822 -0.0038731128176725327 0.017491846197318327 -0.020850765073225259 -0.0016645524541045898
leaf_weight=2.0327725704410105 5.7677247727406202 17.027285120100714 27.041781240259297 44.137823921861127 1.4118780137505371 134.67657523893286
leaf_count=263 625 886 1120 1497 64 6431
internal_value=-0.00169481 -0.000532108 0.00608447 0.00815146 0.0150884 -0.00384172
internal_weight=232.096 226.328 74.6243 72.5915 45.5497 151.704
internal_count=10886 10261 2944 2681 1561 7317
is_linear=0
shrinkage=0.05


Tree=166
num_leaves=7
num_cat=0
split_feature=57 57 26 67 67 68
split_gain=2.35545 2.433 2.80139 1.71078 2.09768 4.23859
threshold=0.26855038885747312 4.21578083104417 -0.46481117732192784 1.839720208178574 0.40170049355228815 -0.65467557953737032
decision_type=2 2 2 2 2 2
left_child=3 2 -2 4 -1 -6
right_child=1 -3 -4 -5 5 -7
leaf_value=-0.0031916067590862709 -0.0094771003180048469 -0.0072075201386838711 0.039384927458979757 -0.028959654687407233 -0.015215413937656859 0.01881942597080434
leaf_weight=177.92514613748062 2.6231126849306756 5.9584601079113773 8.246648469241336 2.5696156370686358 10.347939059021881 28.271579559950624
leaf_count=7584 104 232 137 386 614 1890
internal_value=-0.000118137 0.0163953 0.028094 -0.0015907 -0.000874643 0.00926053
internal_weight=235.943 16.8282 10.8698 219.114 216.545 38.6195
internal_count=10947 473 241 10474 10088 2504
is_linear=0
shrinkage=0.05


Tree=167
num_leaves=7
num_cat=0
split_feature=24 25 27 8 22 68
split_gain=2.82925 2.93364 2.34355 2.84002 2.70604 3.16591
threshold=0.90066849494935386 -0.66103407281199844 -1.1406816270157916 -1.150414529567884 0.28816170459497864 1.3271633423372913
decision_type=2 2 2 2 2 2
left_child=2 -2 -1 -4 -5 -6
right_child=1 -3 3 4 5 -7
leaf_value=0.0076863567263191299 -0.01769789582569016 0.013300385817024649 -0.023090107670522119 0.0029009678424999036 -0.014753901680702503 0.02293224515457426
leaf_weight=32.431904676603153 6.3409413385088547 46.765480198489968 19.508571675280109 69.996276271529496 54.044525551784318 3.5012653195881276
leaf_count=1308 530 1462 1017 3123 3097 345
internal_value=-0.000982978 0.00885077 -0.00399032 -0.00666779 -0.00368296 -0.0114383
internal_weight=232.589 53.1064 179.483 147.051 127.542 57.5458
internal_count=10882 1992 8890 7582 6565 3442
is_linear=0
shrinkage=0.05


Tree=168
num_leaves=7
num_cat=0
split_feature=67 31 20 67 28 24
split_gain=1.8511 1.67131 2.27402 2.30037 1.99006 1.96417
threshold=1.8652379409224253 2.0852776525882577 0.86547691924262626 -0.23537487495066542 1.6377989788741185 0.021365481772277376
decision_type=2 2 2 2 2 2
left_child=1 2 4 -4 -1 -5
right_child=-2 -3 3 5 -6 -7
leaf_value=0.0017876493733402733 -0.027758648443729911 -0.022594161301559723 -0.0051108040658306014 0.0017832583389870646 -0.028777671627702586 0.037024189483041384
leaf_weight=205.62089797580848 2.3082376914680927 3.6887533019180401 7.4608061838080202 6.1626127907657091 2.4683161865686989 9.8789068874903005
leaf_count=8575 357 361 475 589 285 270
internal_value=0.00148306 0.00211581 0.00279329 0.0165913 0.00102125 0.0258997
internal_weight=237.589 235.28 231.592 23.5023 208.089 16.0415
internal_count=10912 10555 10194 1334 8860 859
is_linear=0
shrinkage=0.05


Tree=169
num_leaves=7
num_cat=0
split_feature=25 33 32 68 27 25
split_gain=1.7629 4.07359 3.12424 5.6711 2.25206 4.26036
threshold=0.51309482940582241 -0.68847176495970674 0.34200513868183041 -0.54126989087902677 -0.8717162517827558 -0.78702697316730796
decision_type=2 2 2 2 2 2
left_child=4 2 -2 -4 -1 -6
right_child=1 -3 3 -5 5 -7
leaf_value=0.0060584788972020652 0.0061578916816101897 0.019105898517170178 0.012749260055836379 -0.041106164520860966 -0.036235219882963611 -0.0029561683670087297
leaf_weight=51.816413710534107 30.972409911104478 34.225526545196772 6.5267313778167582 8.5904401155421493 7.8043640036485149 94.528922375757247
leaf_count=2161 1368 1177 207 401 1123 4438
internal_value=0.000916934 0.00678683 -0.0029697 -0.0195936 -0.00221258 -0.0064539
internal_weight=234.465 80.3151 46.0896 15.1172 154.15 102.333
internal_count=10875 3153 1976 608 7722 5561
is_linear=0
shrinkage=0.05


Tree=170
num_leaves=7
num_cat=0
split_feature=67 67 22 67 22 67
split_gain=1.80735 1.9436 3.13951 2.80819 3.71467 4.30423
threshold=1.839720208178574 -0.8113639158851752 -0.6198801293545565 -0.52830803144895799 0.62725983394877172 -0.32085060014163386
decision_type=2 2 2 2 2 2
left_child=1 2 -1 -3 5 -5
right_child=-2 3 -4 4 -6 -7
leaf_value=-0.024786253603782435 -0.028779685213424128 0.015055939068353098 0.00090117900571449756 -0.013795481397313323 -0.013210953581472937 0.0091616948003117801
leaf_weight=15.631539652124046 2.4951055237906976 33.348845105268992 32.345004925213289 23.335711108404212 38.656301877519581 89.817348445183598
leaf_count=712 395 1132 1534 965 2414 3800
internal_value=-0.000436259 0.000228865 -0.00843435 0.00257229 -0.00040869 0.00419318
internal_weight=235.63 233.135 47.9765 185.158 151.809 113.153
internal_count=10952 10557 2246 8311 7179 4765
is_linear=0
shrinkage=0.05


Tree=171
num_leaves=7
num_cat=0
split_feature=6 23 29 19 67 32
split_gain=2.0158 3.51679 2.33487 2.04428 1.89361 4.81797
threshold=0.23064377361963917 0.78014929647016829 1.3158203703873783 -0.60083138510896295 1.5482625668389396 0.5381662868576732
decision_type=2 2 2 2 2 2
left_child=2 -2 4 -3 -1 -6
right_child=1 3 -4 -5 5 -7
leaf_value=-0.00022969311943887741 -0.0079520368019262901 -0.012702914299940622 -0.024435607084284588 0.038552799828970488 -0.04060908070894384 0.014859411193692627
leaf_weight=193.54738461453235 8.8415113011142257 0.85947182029485691 8.7933903043740411 7.9887657371582446 6.4406573635060322 4.6064146934077144
leaf_count=8237 660 144 781 358 577 108
internal_value=-0.00138081 0.0135554 -0.00278978 0.0316183 -0.00151977 -0.019246
internal_weight=231.078 17.6897 213.388 8.84824 204.594 11.0471
internal_count=10865 1162 9703 502 8922 685
is_linear=0
shrinkage=0.05


Tree=172
num_leaves=7
num_cat=0
split_feature=66 68 22 21 32 32
split_gain=2.10355 1.93062 1.87512 2.00895 1.6233 2.11664
threshold=2.3146227535264754 -0.016408233159107981 -2.1014329955776687 -1.6407157639357368 -1.4794912372367091 0.34200513868183041
decision_type=2 2 2 2 2 2
left_child=2 -2 3 -1 -4 -6
right_child=1 -3 4 -5 5 -7
leaf_value=0.017253670153607362 0.021887309870878422 -0.012127295021711625 -0.020248301474812651 -0.032330355446150066 0.0052404970463695343 -0.0050526745575017566
leaf_weight=0.62871681014075864 16.102844657783866 3.2477551742922506 6.312791106523945 5.3818536327453321 120.6814921516343 80.868601342081092
leaf_count=12 859 242 529 392 5666 3129
internal_value=0.000718747 0.0153169 -0.000795653 -0.0231261 0.00016989 0.001097
internal_weight=233.224 19.3506 213.873 6.01057 207.863 201.55
internal_count=10829 1101 9728 404 9324 8795
is_linear=0
shrinkage=0.05


Tree=173
num_leaves=7
num_cat=0
split_feature=68 18 68 58 30 3
split_gain=2.54812 2.4663 2.11683 2.83189 3.92903 3.46441
threshold=-0.90049376981747764 1.0839152904309957 -0.55939721121174746 1.6026652147859259 -0.3315504427790113 2.3260761889354504
decision_type=2 2 2 2 2 2
left_child=1 -1 -2 4 -4 -6
right_child=2 -3 3 -5 5 -7
leaf_value=-0.02288218711777756 0.010332667642481688 0.01387328180633925 0.0079826804569362707 0.019641927032594386 -0.01111077489541152 0.024275709970596249
leaf_weight=17.032150532177187 52.167455856339075 3.7167744701146139 50.658631276921369 12.146026224014348 93.818534461432137 4.6567014176398507
leaf_count=853 1932 161 2740 320 4727 157
internal_value=0.000172056 -0.0153774 0.00187578 -0.000998419 -0.00303363 -0.0087692
internal_weight=234.196 20.7489 213.447 161.28 149.134 98.4752
internal_count=10890 1014 9876 7944 7624 4884
is_linear=0
shrinkage=0.05


Tree=174
num_leaves=7
num_cat=0
split_feature=52 68 12 14 20 24
split_gain=1.52657 1.2515 2.9629 2.38683 2.13491 1.72044
threshold=1.0000000180025095e-35 1.7076904872193175 0.011309606767934783 0.55295621499223369 1.8943153703141193 0.8609719303465726
decision_type=2 2 2 2 2 2
left_child=1 4 3 -3 5 -1
right_child=-2 2 -4 -5 -6 -7
leaf_value=-0.00012210670337423819 -0.028496286208935264 0.045981807516966976 -0.020145859538651195 -0.012493647070791992 -0.021757331140947044 0.0099833320963274973
leaf_weight=169.76327416865388 1.1389155755750824 3.998902541876304 1.3007088574813677 0.90109401347581286 6.5576327919261521 52.984401313995477
leaf_count=7732 65 349 101 209 622 1827
internal_value=0.00166231 0.00216476 0.0202639 0.0345675 0.00141997 0.00238237
internal_weight=236.645 235.506 6.20071 4.9 229.305 222.748
internal_count=10905 10840 659 558 10181 9559
is_linear=0
shrinkage=0.05


Tree=175
num_leaves=7
num_cat=0
split_feature=30 3 28 66 29 29
split_gain=1.70486 2.09652 2.02511 1.92102 2.34654 5.13154
threshold=-1.4670016346755204 -0.85154815504614034 -1.980365638090031 -0.0051671974484062263 0.97088224193822581 1.2459768946668364
decision_type=2 2 2 2 2 2
left_child=-1 -2 -3 4 -4 -6
right_child=1 2 3 -5 5 -7
leaf_value=-0.020479209822974197 0.010252740389109746 -0.028799654891680338 -0.0061834247186731035 0.0099183206841838914 0.025933735717458335 -0.013462401777168188
leaf_weight=7.0378274112008503 42.037092262646183 3.6816395828500381 120.92819000710733 31.479226071794983 15.918320577125998 12.158770301961338
leaf_count=786 2085 211 4594 1627 670 900
internal_value=-0.000313313 0.000573942 -0.00176423 -0.000750883 -0.00315615 0.0092206
internal_weight=233.241 226.203 184.166 180.485 149.005 28.0771
internal_count=10873 10087 8002 7791 6164 1570
is_linear=0
shrinkage=0.05


Tree=176
num_leaves=7
num_cat=0
split_feature=42 20 24 26 32 25
split_gain=1.92698 3.47945 2.19767 2.73371 2.61021 4.33445
threshold=1.0000000180025095e-35 -0.11490997857752348 1.0761690963511248 -0.32270286478661664 0.089797948170032546 1.2714526158700596
decision_type=2 2 2 2 2 2
left_child=2 -2 4 -4 -1 -6
right_child=1 -3 3 -5 5 -7
leaf_value=0.00055043068765148445 -0.0049471423585134271 0.02783150914970435 0.021317544851645311 -0.0054264099937643175 -0.0064911139611807242 -0.04202920292849624
leaf_weight=102.98287414660444 15.263136817957276 12.593649104761424 17.237295801984146 16.252657473902218 61.9851003899239 7.311129263136535
leaf_count=5732 627 273 563 781 2537 374
internal_value=-0.000533656 0.0111368 -0.00225091 0.00895963 -0.00454622 -0.011829
internal_weight=233.626 27.8568 205.769 33.49 172.279 69.2962
internal_count=10887 900 9987 1344 8643 2911
is_linear=0
shrinkage=0.05


Tree=177
num_leaves=7
num_cat=0
split_feature=3 30 17 15 6 28
split_gain=2.05039 3.11046 2.59782 1.95906 2.39848 3.78635
threshold=2.3260761889354504 1.1874991247582105 -2.2583188900807665 2.2597577363760508 0.23064377361963917 0.40884219889625584
decision_type=2 2 2 2 2 2
left_child=1 3 -3 4 -1 -6
right_child=-2 2 -4 -5 5 -7
leaf_value=0.0015281147307598239 0.023481414279291707 0.023075572407756036 -0.025750882037123019 -0.023711341653120083 -0.0048088238113755391 0.041474918013660135
leaf_weight=191.85150902770692 7.2726842565461984 0.84840515104588199 13.874986879876811 4.0443626902997485 7.0399985832627845 6.7856214349158108
leaf_count=8350 236 26 876 501 448 335
internal_value=0.00163506 0.000626788 -0.0195076 0.0022955 0.00314041 0.021252
internal_weight=231.718 224.445 14.7234 209.721 205.677 13.8256
internal_count=10772 10536 902 9634 9133 783
is_linear=0
shrinkage=0.05


Tree=178
num_leaves=7
num_cat=0
split_feature=22 58 3 22 30 26
split_gain=2.47958 2.23254 3.06664 2.93011 2.80688 2.73829
threshold=1.4814279618802102 -0.22263826968646502 2.3260761889354504 -0.95098543527213886 1.2488748648607246 -0.93368576238269163
decision_type=2 2 2 2 2 2
left_child=1 2 3 5 -5 -1
right_child=-2 -3 -4 4 -6 -7
leaf_value=0.010627107453660578 -0.027145452208801182 0.011798581098554162 0.024796189913514052 0.0012964038995268369 -0.022553067461486172 -0.023209838936577375
leaf_weight=5.6431386247277286 5.894117950636427 30.097553494968452 7.0184673822950563 146.28648201219039 10.451178778312167 25.980579350143671
leaf_count=196 633 957 219 6779 644 1484
internal_value=-0.00125068 -0.000226232 -0.00222902 -0.00360895 -0.000687563 -0.0167741
internal_weight=231.372 225.477 195.38 188.361 156.738 31.6237
internal_count=10912 10279 9322 9103 7423 1680
is_linear=0
shrinkage=0.05


Tree=179
num_leaves=7
num_cat=0
split_feature=1 52 30 68 30 30
split_gain=2.05567 1.69049 1.69071 1.46546 4.20827 2.64565
threshold=1.6526337082227218 1.0000000180025095e-35 -1.6357849199574339 -0.57718250663253035 0.66580533388684138 -0.34689437780463983
decision_type=2 2 2 2 2 2
left_child=1 2 -1 4 -4 -5
right_child=-2 -3 3 5 -6 -7
leaf_value=-0.020746357089293135 -0.027220244083102609 -0.02957853998110645 0.015328137950036689 0.0097834124063093594 -0.01315636774940146 -0.0038815178335361725
leaf_weight=4.6156824895297168 3.1963994718389577 1.1890534244012076 54.796670484123752 49.234380990616046 14.21508268592879 107.08282352052629
leaf_count=550 309 66 1951 2308 634 5035
internal_value=0.00123287 0.0019701 0.00251206 0.00325482 0.00915722 0.000525631
internal_weight=234.33 231.134 229.945 225.329 69.0118 156.317
internal_count=10853 10544 10478 9928 2585 7343
is_linear=0
shrinkage=0.05


Tree=180
num_leaves=7
num_cat=0
split_feature=29 23 25 31 33 66
split_gain=1.82242 2.01743 2.86297 2.44524 3.34818 2.92128
threshold=1.5553055486238965 0.76988368436093368 0.38486520728624901 -0.3381642757055961 -0.91271773384825872 -0.33292984316560692
decision_type=2 2 2 2 2 2
left_child=1 3 -3 4 -1 -5
right_child=-2 2 -4 5 -6 -7
leaf_value=-0.024389875094454866 -0.023133328918726135 -0.0067551234409139408 0.020171531356474197 -0.012847185219907534 0.0060446604622906739 0.01225174451193674
leaf_weight=6.8113848698558277 4.4197334411437614 12.767670505039858 27.627535967854783 52.8094765249989 119.60629622114357 12.082161963684483
leaf_count=381 476 1038 1070 2415 5030 515
internal_value=0.00129327 0.00204894 0.0117822 -0.000156436 0.00387748 -0.00783914
internal_weight=236.124 231.705 40.3952 191.309 126.418 64.8916
internal_count=10925 10449 2108 8341 5411 2930
is_linear=0
shrinkage=0.05


Tree=181
num_leaves=7
num_cat=0
split_feature=26 67 24 21 67 28
split_gain=1.47625 1.52945 1.9297 2.58313 2.18672 3.74048
threshold=2.2057663871098323 -1.4699297286989368 0.53264759096591574 1.2140252769208297 1.5368056256070062 1.2963217381084517
decision_type=2 2 2 2 2 2
left_child=1 -1 4 -4 -3 -6
right_child=-2 2 3 -5 5 -7
leaf_value=-0.027179967122530825 -0.023326260467307486 -0.00049261744012457306 0.0031756918654952172 0.028051015991442996 -0.032308842633581074 0.023334896436563654
leaf_weight=1.9417104938765977 3.7809799337992436 134.45642940088874 69.917743833037093 9.498642487684263 9.633473859576041 1.6086480960366305
leaf_count=364 500 6146 2570 271 911 145
internal_value=-0.000336432 0.000345586 0.000937334 0.00706369 -0.00247712 -0.0211086
internal_weight=230.838 227.057 225.115 79.4164 145.699 11.2421
internal_count=10907 10407 10043 2841 7202 1056
is_linear=0
shrinkage=0.05


Tree=182
num_leaves=7
num_cat=0
split_feature=52 67 24 68 22 30
split_gain=1.39415 1.38602 3.27106 2.71769 4.44002 2.64743
threshold=1.0000000180025095e-35 -0.8113639158851752 0.92991859518298237 0.27138129988597909 -0.6198801293545565 0.86527648922001188
decision_type=2 2 2 2 2 2
left_child=1 3 5 4 -1 -3
right_child=-2 2 -4 -5 -6 -7
leaf_value=-0.022507801209470324 -0.028611554822772552 0.0027460433071891752 0.018986525873333302 -0.031662269800460961 0.0098006395628496504 -0.01377792647247425
leaf_weight=13.157236630679106 1.1814156130421896 135.30218980909558 22.891133434372023 6.0623740992159574 28.147144950111397 26.39197547826916
leaf_count=546 61 6376 730 674 1006 1546
internal_value=6.06409e-06 0.000515291 0.00248637 -0.00685645 -0.0013182 -0.000152869
internal_weight=233.133 231.952 184.585 47.3668 41.3044 161.694
internal_count=10939 10878 8652 2226 1552 7922
is_linear=0
shrinkage=0.05


Tree=183
num_leaves=7
num_cat=0
split_feature=25 67 26 2 29 29
split_gain=2.34991 3.57787 2.74975 2.70056 1.99081 2.10442
threshold=-0.42771944341404683 0.049659935698339895 -0.52134033192978102 0.79687974230108805 1.5060941718580005 0.82454716972286735
decision_type=2 2 2 2 2 2
left_child=1 2 -1 -4 5 -2
right_child=4 -3 3 -5 -6 -7
leaf_value=0.0048651352585551508 0.0010294655372361718 -0.032885847823525619 -0.02550381999201894 0.01492953748341045 -0.022013031256527787 0.014602173762987853
leaf_weight=39.392566766415257 126.10690461768536 8.9169433279312198 14.914539020566737 3.2032855813740744 4.6619839279446742 34.122421148931608
leaf_count=1559 4930 1156 1016 223 409 1568
internal_value=-0.000186133 -0.00792095 -0.00261164 -0.0172497 0.00301573 0.00413516
internal_weight=231.319 66.4273 57.5104 18.1178 164.891 160.229
internal_count=10861 3954 2798 1239 6907 6498
is_linear=0
shrinkage=0.05


Tree=184
num_leaves=7
num_cat=0
split_feature=22 31 25 29 12 25
split_gain=2.49775 1.70332 1.56193 3.08802 1.92757 4.31296
threshold=-2.3783791374972894 2.3649055673913946 -1.3778338416671574 -2.4344533320441943 0.22296592520379613 0.67479344670529728
decision_type=2 2 2 2 2 2
left_child=-1 2 3 -2 5 -4
right_child=1 -3 4 -5 -6 -7
leaf_value=-0.030580620197151649 0.011103107524809371 -0.026151160433517336 0.0016452941704592527 -0.036425504000321303 -0.0018638923340677104 0.026636309907025302
leaf_weight=3.5766004314646116 4.2779729679459706 2.7777464082464567 74.058822707447689 4.5350391515530628 121.58815823978512 19.692858943948522
leaf_count=257 136 326 4029 639 4861 684
internal_value=-0.000200641 0.000670921 0.00134429 -0.0163937 0.00228552 0.00755789
internal_weight=230.507 226.931 224.153 8.81301 215.34 93.7517
internal_count=10932 10675 10349 775 9574 4713
is_linear=0
shrinkage=0.05


Tree=185
num_leaves=7
num_cat=0
split_feature=58 22 20 67 8 7
split_gain=2.40945 2.56682 2.47597 2.07073 1.85935 2.53756
threshold=-0.22263826968646502 0.81257396433183127 -0.84725302943695879 0.205543772460098 -1.5604720734773838 3.1054173986132718
decision_type=2 2 2 2 2 2
left_child=2 3 -1 -2 5 -4
right_child=1 -3 4 -5 -6 -7
leaf_value=0.013848731509170291 0.020549773515551234 -0.02057105869965746 -0.025819677314274415 -0.015050545632576989 -0.0034186266409158327 0.023356498774558383
leaf_weight=16.010489213571418 25.127327835361946 2.9995050636352962 14.881057238380887 2.5624026507139197 167.87720573751722 0.69146255892701525
leaf_count=543 702 180 835 110 8517 11
internal_value=-0.00139602 0.0110088 -0.00343948 0.0161061 -0.00514685 -0.0202161
internal_weight=230.149 30.6892 199.46 27.6897 183.45 15.5725
internal_count=10898 992 9906 812 9363 846
is_linear=0
shrinkage=0.05


Tree=186
num_leaves=7
num_cat=0
split_feature=29 42 66 57 25 30
split_gain=1.8888 2.73745 2.67502 3.03061 2.44702 2.72094
threshold=0.11212843433707942 1.0000000180025095e-35 -0.19706279374248517 0.84508283149082264 0.66175499544531935 -0.43895798795841084
decision_type=2 2 2 2 2 2
left_child=-1 2 3 4 5 -2
right_child=1 -3 -4 -5 -6 -7
leaf_value=0.0021909554230291972 0.0008349778360760981 0.01268815443712165 0.00825088078837251 0.014402618163628537 -0.0081669999410343662 -0.0379074723790679
leaf_weight=141.94261450803606 5.5862541079404755 12.344576402800156 13.316333319526164 5.6876808367669573 31.599477197276428 18.424315730109814
leaf_count=5928 666 307 625 157 1479 1707
internal_value=-0.00136066 -0.00703771 -0.0106656 -0.0149682 -0.0185556 -0.0298021
internal_weight=228.901 86.9586 74.6141 61.2977 55.61 24.0106
internal_count=10869 4941 4634 4009 3852 2373
is_linear=0
shrinkage=0.05


Tree=187
num_leaves=7
num_cat=0
split_feature=56 67 25 26 68 64
split_gain=1.67554 2.43555 2.29896 2.24978 3.5954 3.61773
threshold=1.0000000180025095e-35 -0.62531013387932599 -1.2642124676067497 -0.7334268746838738 -0.23247025610059754 1.0000000180025095e-35
decision_type=2 2 2 2 2 2
left_child=1 -1 -2 4 -4 -6
right_child=2 -3 3 -5 5 -7
leaf_value=0.010414786603003179 -0.017274714790775293 -0.019681539391361257 0.021182809615478793 -0.00017493256883936394 -0.018741785710606525 0.024155676952793907
leaf_weight=7.4213511809939545 11.994771299941929 19.196350742306095 32.021250755642541 143.28563150629634 12.736360877170229 4.2550500109791747
leaf_count=254 1068 1125 1117 6612 575 126
internal_value=3.94548e-05 -0.0110853 0.00162838 0.00305472 0.0119619 -0.00598641
internal_weight=230.911 26.6177 204.293 192.298 49.0127 16.9914
internal_count=10877 1379 9498 8430 1818 701
is_linear=0
shrinkage=0.05


Tree=188
num_leaves=7
num_cat=0
split_feature=0 19 13 31 12 13
split_gain=1.67937 1.77144 2.92667 2.03884 2.02417 5.25334
threshold=-1.8185012847730491 -0.82069129090075121 1.6934332894556852 -0.24495497077121717 -0.30757515377301953 0.67190578677265111
decision_type=2 2 2 2 2 2
left_child=-1 2 -2 -4 5 -3
right_child=1 4 3 -5 -6 -7
leaf_value=0.016774566352342382 -0.016734503360235443 0.032154610693090883 0.038866438426698333 -0.01367712611893551 -0.0025381107948662962 -0.0035004340550123972
leaf_weight=9.9769359588390198 30.674907645152416 13.338846834725699 1.8361956034787001 1.0651937633519981 144.27172630949644 26.714170434803236
leaf_count=303 2122 626 125 218 5864 1554
internal_value=-0.000718648 -0.00173654 -0.0117882 0.0224296 0.000253916 0.00978693
internal_weight=227.878 217.901 33.5763 2.90139 184.325 40.053
internal_count=10812 10509 2465 343 8044 2180
is_linear=0
shrinkage=0.05


Tree=189
num_leaves=7
num_cat=0
split_feature=30 26 28 13 13 29
split_gain=1.97166 1.48944 1.44846 3.79885 2.9234 2.80448
threshold=-1.0834032590348077 -0.96101492957972701 0.10447339673975072 0.7684131892999394 1.3038880380247333 0.82454716972286735
decision_type=2 2 2 2 2 2
left_child=1 -1 4 5 -2 -4
right_child=2 -3 3 -5 -6 -7
leaf_value=0.007836393869935036 0.0027084113324273664 -0.022789229935099922 -0.0033014449892313914 -0.023335717642511408 0.027981471565546857 0.018246988818715844
leaf_weight=3.7441089808708048 113.41290445241611 11.546142184000926 59.659017434110865 15.279917742067481 9.8509377435548213 16.935327753832098
leaf_count=125 4348 1253 2588 1234 400 892
internal_value=0.000542161 -0.0152347 0.00185755 -0.00284251 0.00534502 0.00197118
internal_weight=230.428 15.2903 215.138 91.8743 123.264 76.5943
internal_count=10840 1378 9462 4714 4748 3480
is_linear=0
shrinkage=0.05


Tree=190
num_leaves=7
num_cat=0
split_feature=67 67 63 6 21 30
split_gain=1.77902 2.98845 2.33407 2.99677 2.77507 4.85567
threshold=-0.68759423257656305 -0.54255977198140848 1.0000000180025095e-35 -0.095016979850942845 -1.1698095180173971 0.38961450342552828
decision_type=2 2 2 2 2 2
left_child=-1 -2 -3 4 -4 -6
right_child=1 2 3 -5 5 -7
leaf_value=-0.0083291292161964993 0.018804671549936862 0.0046952880792411186 0.0090665394794510676 0.013686858145246675 -0.032984770142147159 -0.0015746912117573905
leaf_weight=58.7802461971296 18.942096068523824 81.846258245408535 10.560448614996856 11.136330999608615 21.66392698319396 25.185318725649267
leaf_count=2710 664 3810 395 782 1329 1251
internal_value=-0.0010604 0.00156384 -0.000932975 -0.0075684 -0.0121664 -0.0172102
internal_weight=228.115 169.334 150.392 68.546 57.4097 46.8492
internal_count=10941 8231 7567 3757 2975 2580
is_linear=0
shrinkage=0.05


Tree=191
num_leaves=7
num_cat=0
split_feature=35 18 19 33 20 30
split_gain=1.88237 1.77443 2.63311 1.6921 2.71018 2.02091
threshold=1.0000000180025095e-35 -1.3295945720967624 -1.1254375606267488 1.2074356813400093 -0.83865505526946404 -0.34689437780463983
decision_type=2 2 2 2 2 2
left_child=1 -1 -3 5 -5 -4
right_child=-2 2 3 4 -6 -7
leaf_value=0.012878234800311548 -0.021251709367714269 -0.027050088990552973 0.01077053585356766 0.015065512336343885 -0.027905854682393982 -0.0012172744469313157
leaf_weight=24.482944715418853 6.9483536122133946 6.0369618457043535 44.292185327853076 3.1120725573273367 8.6105222447076795 135.10238876094809
leaf_count=981 421 858 1894 108 440 6165
internal_value=3.19334e-05 0.000974082 -0.000675065 0.000563235 -0.0157527 0.00187096
internal_weight=228.585 221.637 197.154 191.117 11.7226 179.395
internal_count=10867 10446 9465 8607 548 8059
is_linear=0
shrinkage=0.05


Tree=192
num_leaves=7
num_cat=0
split_feature=12 22 23 12 31 63
split_gain=2.64375 1.91389 1.93736 1.7748 1.79399 1.45886
threshold=-1.2776990492020011 -1.2688818219396192 -2.1727675341354886 -1.1616527805091599 0.12788224896629877 1.0000000180025095e-35
decision_type=2 2 2 2 2 2
left_child=1 -1 -3 4 -2 -5
right_child=3 2 -4 5 -6 -7
leaf_value=0.0096015947774608611 0.036925946227626301 0.0028820277439309096 -0.03150564617637127 0.0059556921526462483 -0.012392237076895489 -0.0023768868311127463
leaf_weight=4.4050978211453211 3.7005629457999012 5.0711436144774824 11.371827311813828 97.776648506638594 0.87651082238880906 107.21015269233612
leaf_count=247 169 174 1332 4222 104 4658
internal_value=0.000767707 -0.0150298 -0.0220919 0.00252923 0.0263144 0.00162625
internal_weight=230.412 20.8481 16.443 209.564 4.57707 204.987
internal_count=10906 1753 1506 9153 273 8880
is_linear=0
shrinkage=0.05


Tree=193
num_leaves=7
num_cat=0
split_feature=52 17 33 25 32 26
split_gain=1.29546 1.33034 2.70339 2.2633 2.39124 2.94946
threshold=1.0000000180025095e-35 0.76767393009689211 -0.50500718654310894 0.89671988907178279 -0.75089268686929334 -0.94880359929542391
decision_type=2 2 2 2 2 2
left_child=1 3 -3 4 5 -1
right_child=-2 2 -4 -5 -6 -7
leaf_value=0.012987734384254844 -0.027021141251317354 -0.022799896015470004 0.0075016556874034001 0.012922946152526133 0.0025256981669918906 -0.022555791676446696
leaf_weight=5.7720482721924808 1.1325968407327298 12.821846214879772 11.648623373243025 39.170010746689513 140.39015157049289 18.538307596405502
leaf_count=180 64 757 484 1448 5979 1959
internal_value=0.000742972 0.00122931 -0.00913153 0.0025873 -5.79861e-05 -0.013617
internal_weight=229.474 228.341 24.4705 203.871 164.701 24.3104
internal_count=10871 10807 1241 9566 8118 2139
is_linear=0
shrinkage=0.05


Tree=194
num_leaves=7
num_cat=0
split_feature=67 26 20 67 68 24
split_gain=1.58322 3.69921 2.03125 2.16714 3.64426 3.35108
threshold=1.6546732482809861 0.42973525823310327 1.5550598656147723 0.63309598843360615 -0.63703686622170363 -0.59484734413859153
decision_type=2 2 2 2 2 2
left_child=2 -2 3 -1 -5 -6
right_child=1 -3 -4 4 5 -7
leaf_value=0.00031308831551290204 -0.037183466747127351 0.012582505641621826 -0.018950780722233579 -0.010812137673226127 -0.0014827082091536292 0.041847807221874922
leaf_weight=187.89786076114979 5.4820881129126047 4.6107007904211059 8.9739716872572881 7.3829206513473791 6.4993604346527762 9.9669129361864144
leaf_count=7645 541 321 828 407 769 348
internal_value=0.000126214 -0.016775 0.00111363 0.00221683 0.0155048 0.0271522
internal_weight=230.814 10.0928 220.721 211.747 23.8492 16.4663
internal_count=10859 862 9997 9169 1524 1117
is_linear=0
shrinkage=0.05


Tree=195
num_leaves=7
num_cat=0
split_feature=68 18 8 22 67 22
split_gain=1.70288 4.84403 2.28361 2.60825 2.40662 4.14849
threshold=1.2925699655298348 0.11833517681678804 0.89987318997961474 -2.1014329955776687 1.4371649548929204 0.10627306997029531
decision_type=2 2 2 2 2 2
left_child=2 -2 3 -1 -5 -6
right_child=1 -3 -4 4 5 -7
leaf_value=-0.023457906033093709 0.035826996836038807 -0.024229386951229327 -0.012395990375934059 0.0046209875916963612 -0.037329169080607759 0.0098796750017327191
leaf_weight=6.8799147398676714 7.2395583455800061 2.5116605665243696 31.190464467625134 170.41237863339484 6.5337651754962263 7.1683547237189487
leaf_count=389 682 290 1852 6784 568 376
internal_value=0.000526231 0.018297 -0.000487057 0.00161936 0.00291751 -0.0152931
internal_weight=231.936 9.75122 222.185 190.994 184.114 13.7021
internal_count=10941 972 9969 8117 7728 944
is_linear=0
shrinkage=0.05


Tree=196
num_leaves=7
num_cat=0
split_feature=25 33 24 67 18 0
split_gain=1.65279 2.12897 2.21164 2.12397 2.23682 3.62084
threshold=-1.3778338416671574 1.819018728533466 -0.60886167787690149 -0.22301526562167076 0.73392699893061975 -0.68286711920720322
decision_type=2 2 2 2 2 2
left_child=-1 2 -2 4 5 -4
right_child=1 -3 3 -5 -6 -7
leaf_value=-0.017971712200161954 -0.011912430260676161 0.018924177160790492 0.015388977672568511 0.0091494721752764206 0.0057123390341033212 -0.013782500661035983
leaf_weight=8.4963752464100235 29.465631258441135 13.202447172603568 10.640592373674734 66.149562914390117 49.664117266365793 50.38388845109148
leaf_count=812 2506 432 343 2741 1872 2122
internal_value=0.000523511 0.00147206 9.99696e-05 0.00226686 -0.00197921 -0.00821324
internal_weight=228.003 219.506 206.304 176.838 110.689 61.0245
internal_count=10828 10016 9584 7078 4337 2465
is_linear=0
shrinkage=0.05


Tree=197
num_leaves=7
num_cat=0
split_feature=16 18 67 67 67 24
split_gain=1.85644 2.14162 1.42245 2.35336 2.44117 2.13373
threshold=-0.035673874125840964 0.71983351068228252 -1.1583009271903528 -1.0489912924365901 -0.95353414117234625 1.0761690963511248
decision_type=2 2 2 2 2 2
left_child=2 -2 -1 -4 -5 -6
right_child=1 -3 3 4 5 -7
leaf_value=-0.013429265221015589 -0.026081069683052197 0.012623706519955492 0.020388838322948882 -0.023876607942189914 -0.0011692875735178504 0.016211707012218645
leaf_weight=16.173465040657902 11.268875048262997 2.7549518703308413 11.281793263857251 7.688976027769967 160.66776806337293 16.799288840324152
leaf_count=948 737 108 412 374 7795 604
internal_value=-0.00170447 -0.0175929 -0.000426264 0.000830225 -0.000667589 0.000718168
internal_weight=226.635 14.0238 212.611 196.438 185.156 177.467
internal_count=10978 845 10133 9185 8773 8399
is_linear=0
shrinkage=0.05


Tree=198
num_leaves=7
num_cat=0
split_feature=31 16 32 24 32 19
split_gain=1.95518 1.77494 2.78617 1.7501 1.46939 2.01107
threshold=2.3649055673913946 -0.097980126307989621 0.20189003284194271 -0.15791191828603321 0.34200513868183041 1.6965906039562084
decision_type=2 2 2 2 2 2
left_child=1 4 -3 -4 -1 -6
right_child=-2 2 3 -5 5 -7
leaf_value=0.0060994643439357477 -0.027717737041610142 -0.030750508710481364 0.032108581750900304 -0.0079245268850031761 -6.9813148796367918e-05 -0.028568942818599133
leaf_weight=131.30656715267105 2.8021538985194629 7.1651914744288643 1.4087249231524763 4.9133529293758329 79.787564266298432 3.7122187174390993
leaf_count=6419 339 527 42 245 3218 180
internal_value=0.000970109 0.00167718 -0.0141768 0.00845824 0.00285418 -0.00228371
internal_weight=231.096 228.294 13.4873 6.32208 214.806 83.4998
internal_count=10970 10631 814 287 9817 3398
is_linear=0
shrinkage=0.05


Tree=199
num_leaves=7
num_cat=0
split_feature=25 21 2 25 24 29
split_gain=1.75115 2.28331 2.52328 1.90428 3.07609 2.05245
threshold=-0.42771944341404683 -0.65013230320063953 0.79687974230108805 -0.30755020277422968 -0.60886167787690149 1.5060941718580005
decision_type=2 2 2 2 2 2
left_child=1 -1 -3 -2 -5 -6
right_child=3 2 -4 4 5 -7
leaf_value=-0.00055502464677195066 0.019626719563475104 -0.029802823563347982 0.0081757268436965739 -0.022262196653191846 0.0043755768781491202 -0.023797335176913657
leaf_weight=46.776115656422917 12.29432266904041 13.396101155522048 4.479037764191161 9.9750242523732577 138.98965200042585 3.8134261388331643
leaf_count=2243 465 1200 535 914 5260 305
internal_value=6.59133e-05 -0.0067276 -0.0204791 0.00279921 0.00109317 0.00314908
internal_weight=229.724 64.6513 17.8751 165.072 152.778 142.803
internal_count=10922 3978 1735 6944 6479 5565
is_linear=0
shrinkage=0.05


Tree=200
num_leaves=7
num_cat=0
split_feature=8 15 41 66 4 29
split_gain=2.38261 2.38278 2.35259 2.4347 2.0739 1.77682
threshold=-0.74035698565838437 2.1063142587014561 1.0000000180025095e-35 -0.31085128705524684 -0.63160724996068518 0.852133050177042
decision_type=2 2 2 2 2 2
left_child=2 5 4 -4 -1 -2
right_child=1 -3 3 -5 -6 -7
leaf_value=0.023085865692257759 0.0017288141849031451 -0.025962158485424738 -0.022437296972239257 0.0066677304480526863 -0.0075947028800550827 0.014218440562487184
leaf_weight=6.5393226117012118 141.6837246833602 3.7934632907854384 26.63411858282052 7.9554146262234999 10.573489519534631 32.995178431738168
leaf_count=226 6041 500 1391 357 424 1968
internal_value=0.000475303 0.00322668 -0.00867833 -0.0157454 0.00582399 0.00428822
internal_weight=230.175 178.472 51.7023 34.5895 17.1128 174.679
internal_count=10907 8509 2398 1748 650 8009
is_linear=0
shrinkage=0.05


Tree=201
num_leaves=7
num_cat=0
split_feature=25 21 67 25 24 22
split_gain=1.88092 2.41243 2.06948 2.06014 2.72334 2.00529
threshold=-0.42771944341404683 -0.65013230320063953 -0.25167497770337033 -0.30755020277422968 -0.60886167787690149 -1.9202450305399259
decision_type=2 2 2 2 2 2
left_child=1 -1 -3 -2 -5 -6
right_child=3 2 -4 4 5 -7
leaf_value=-0.00096295147960705489 0.019897637421422202 -0.033628188362449775 -0.00038267166843297332 -0.021264594313582866 -0.027881349598681632 0.0038606314006794048
leaf_weight=47.402535344008356 12.711568273021838 9.9865754181810207 7.428186477511189 9.8058331675128994 2.1809829690027973 138.91444735979894
leaf_count=2302 471 818 905 897 136 5356
internal_value=-0.000196612 -0.0072141 -0.0215876 0.00266329 0.000851947 0.00279972
internal_weight=228.43 64.8173 17.4148 163.613 150.901 141.095
internal_count=10885 4025 1723 6860 6389 5492
is_linear=0
shrinkage=0.05


Tree=202
num_leaves=7
num_cat=0
split_feature=26 25 3 23 68 31
split_gain=1.67716 3.45259 1.82216 3.05512 2.19772 2.13859
threshold=-0.95253168305477309 -1.2642124676067497 -0.85154815504614034 -1.14255932943639 -0.10504154605279047 -0.058536360902459193
decision_type=2 2 2 2 2 2
left_child=-1 -2 3 -3 5 -5
right_child=1 2 -4 4 -6 -7
leaf_value=0.016826585070222416 -0.029771124625775244 -0.0096755201232887281 -0.0025194952716976892 0.034141560058134297 -0.0053606704757593092 -0.011925433649127102
leaf_weight=9.6081069777719659 7.6004222507472141 10.970015159808101 177.89193440019153 13.956595004536213 5.2942895257729097 1.4325549986679096
leaf_count=350 984 449 7900 521 540 121
internal_value=-0.000926022 -0.00193012 -0.000514347 0.00999711 0.0203349 0.0286073
internal_weight=226.754 217.146 209.545 31.6535 20.6834 15.3892
internal_count=10865 10515 9531 1631 1182 642
is_linear=0
shrinkage=0.05


Tree=203
num_leaves=7
num_cat=0
split_feature=18 67 68 68 67 18
split_gain=1.81039 3.31476 3.86653 3.67083 3.13539 2.97753
threshold=-0.33013136381884434 -0.22301526562167076 0.26283067708752578 -0.43397178993386359 -0.22962904533283232 0.65758727091879299
decision_type=2 2 2 2 2 2
left_child=4 2 5 -3 -1 -2
right_child=1 3 -4 -5 -6 -7
leaf_value=0.0015337854833516289 -0.0096143042177725679 -0.0048958713539556942 -0.031683002418840082 0.02052515692109998 -0.019748119378589765 0.0076930629433093894
leaf_weight=37.112482226628345 44.32137040613452 21.411880815285258 8.1688290228485112 34.162758512538858 28.791583414189517 49.345070258947089
leaf_count=1573 1848 872 764 1396 2615 1720
internal_value=-0.00145451 0.00147824 -0.00387398 0.0109818 -0.00821867 -0.000540706
internal_weight=223.314 157.41 101.835 55.5746 65.9041 93.6664
internal_count=10788 6600 4332 2268 4188 3568
is_linear=0
shrinkage=0.05


Tree=204
num_leaves=7
num_cat=0
split_feature=25 27 0 5 68 67
split_gain=1.70352 2.36567 1.37213 1.84255 2.46712 2.14845
threshold=-1.3778338416671574 -1.7641008133846079 -1.5661381368695277 -0.31820629977758036 -0.91021704945686122 -0.57621887660067883
decision_type=2 2 2 2 2 2
left_child=1 -1 -2 -4 5 -5
right_child=2 -3 3 4 -6 -7
leaf_value=0.0089076904428763409 0.014335292021638643 -0.034735092445979679 -0.004936844639179188 0.010007060068326655 0.0070397990114228273 -0.031307453636690234
leaf_weight=3.4685420198366046 14.142276815138755 4.9134192547935509 104.88750889385119 3.1763330291723832 90.164821211714298 5.4797339416109008
leaf_count=132 487 697 4703 107 4518 304
internal_value=-0.000226618 -0.0190875 0.000748494 -0.000389119 0.00444103 -0.0174735
internal_weight=226.233 8.38196 217.851 203.708 98.8209 8.65607
internal_count=10948 829 10119 9632 4929 411
is_linear=0
shrinkage=0.05


Tree=205
num_leaves=7
num_cat=0
split_feature=26 25 12 67 25 10
split_gain=1.32664 1.72346 2.30531 2.38174 2.93312 2.72311
threshold=-0.95253168305477309 0.51309482940582241 0.22296592520379613 0.80165189655795732 0.6978153146204048 0.57207204663089917
decision_type=2 2 2 2 2 2
left_child=-1 -2 -3 4 -4 -5
right_child=1 2 3 5 -6 -7
leaf_value=0.016395839616274003 -0.0032087975753484163 0.017834563771294994 0.014505159051524837 -0.0064367013710098613 -0.013299702058647342 0.033590459831920612
leaf_weight=10.278660797863266 139.23977557528997 24.070289008901455 10.337827063514849 6.1681640571914595 31.403107741847634 6.5926189341116697
leaf_count=371 7347 961 356 261 1371 207
internal_value=0.00105243 0.000115447 0.0059078 -1.52349e-05 -0.00590251 0.0167002
internal_weight=228.09 217.812 78.572 54.5017 41.7409 12.7608
internal_count=10874 10503 3156 2195 1727 468
is_linear=0
shrinkage=0.05


Tree=206
num_leaves=7
num_cat=0
split_feature=6 28 24 66 67 67
split_gain=1.84593 2.44843 3.28003 2.2637 1.67024 1.56899
threshold=0.3391973581098332 0.48857023036346575 -0.52798997217601218 2.3146227535264754 -0.23537487495066542 0.014941931965208901
decision_type=2 2 2 2 2 2
left_child=3 -2 -3 5 -4 -1
right_child=1 2 4 -5 -6 -7
leaf_value=4.2363679412963763e-05 -0.0035541112813000128 -0.015240615266737648 -0.0031918726515976674 0.014767041639699064 0.053877707513837275 -0.010391478388173794
leaf_weight=151.11554484409862 8.0008892365149205 1.3782774852006694 1.1585659123957155 18.147228639107198 4.5206594801275051 44.301012100942899
leaf_count=5896 576 271 44 1061 144 2926
internal_value=0.000489503 0.0158428 0.0323335 -0.000797532 0.0451564 -0.00244435
internal_weight=228.622 15.0584 7.0575 213.564 5.67923 195.417
internal_count=10918 1035 459 9883 188 8822
is_linear=0
shrinkage=0.05


Tree=207
num_leaves=7
num_cat=0
split_feature=28 67 1 28 13 15
split_gain=1.4952 1.23779 1.27064 1.23197 2.5431 2.47862
threshold=1.6377989788741185 -1.4699297286989368 1.6526337082227218 1.2750119416794279 0.63288826458852954 -0.75052379723855622
decision_type=2 2 2 2 2 2
left_child=1 -1 3 -3 5 -5
right_child=-2 2 -4 4 -6 -7
leaf_value=-0.023791878995312321 -0.022812816569378724 0.0019374440261685786 -0.020759867771517369 -0.015945300916205687 -0.018279317261856127 0.037899577794539917
leaf_weight=1.656749461282742 3.3533773588133036 212.71264170709765 2.8715222824248476 0.93118274095468212 1.6161749981110913 6.8317997331614588
leaf_count=353 423 9287 274 58 180 314
internal_value=0.00114118 0.00178906 0.00228807 0.00285878 0.0182207 0.0287966
internal_weight=229.973 226.62 224.963 222.092 9.37916 7.76298
internal_count=10889 10466 10113 9839 552 372
is_linear=0
shrinkage=0.05


Tree=208
num_leaves=7
num_cat=0
split_feature=1 32 21 67 29 67
split_gain=1.47981 3.50391 2.91887 2.73412 3.15866 2.78983
threshold=0.92423926461135797 0.11782096933801008 1.1583553334303385 1.146575263646614 0.59446105878791033 0.31507907423812653
decision_type=2 2 2 2 2 2
left_child=2 -2 3 5 -5 -1
right_child=1 -3 -4 4 -6 -7
leaf_value=0.0018186942716945488 0.0065917457402135081 -0.025532893025795901 0.02640732959557502 -0.034581552573038257 0.0059141017879936588 0.026268632013398952
leaf_weight=164.49964494895539 16.713595129607715 12.472145294625077 9.8375275034923089 7.5825952001614478 7.4614351306227036 9.6141261744196509
leaf_count=6780 1140 663 468 789 500 529
internal_value=0.00175532 -0.00823662 0.00332136 0.00172719 -0.0168528 0.00359084
internal_weight=228.181 29.1857 198.995 189.158 15.044 174.114
internal_count=10869 1803 9066 8598 1289 7309
is_linear=0
shrinkage=0.05


Tree=209
num_leaves=7
num_cat=0
split_feature=27 2 67 26 67 28
split_gain=1.3878 1.69669 1.47595 3.77551 1.96418 4.16355
threshold=2.0453516183284748 1.6344702368821866 1.6546732482809861 0.55077693873145683 -0.32085060014163386 0.18594662705244172
decision_type=2 2 2 2 2 2
left_child=1 2 4 -4 -1 -6
right_child=-2 -3 3 -5 5 -7
leaf_value=-0.0044394943662135972 -0.023747294804979724 0.018308609815864626 -0.038057786553155948 0.01609523972641292 0.013953282307178081 -0.0063944989427655629
leaf_weight=107.18133357429178 3.20026718819281 9.2798676582169701 5.0515809679345676 3.1711044108378701 55.130262854858302 41.901432031183504
leaf_count=4659 325 525 528 193 2246 2424
internal_value=-0.000415398 0.000233912 -0.000799605 -0.0184537 0.000168119 0.0052382
internal_weight=224.916 221.716 212.436 8.22269 204.213 97.0317
internal_count=10900 10575 10050 721 9329 4670
is_linear=0
shrinkage=0.05


Tree=210
num_leaves=7
num_cat=0
split_feature=4 67 67 30 34 8
split_gain=1.32284 2.0417 1.65942 2.12745 1.88102 1.76376
threshold=-0.56808530881767239 1.481430409652662 0.31507907423812653 0.89596435927126894 1.0000000180025095e-35 -2.2780727753190084
decision_type=2 2 2 2 2 2
left_child=1 2 3 4 5 -1
right_child=-2 -3 -4 -5 -6 -7
leaf_value=0.015795925761657153 -0.0027850804060443389 -0.020707010956707513 0.027436102201008374 -0.023353289673092609 0.0091475261682985465 -0.022132738757232255
leaf_weight=1.9035801218124104 133.05119043053128 4.4318034827592774 5.8612795586814164 3.5517752588493741 72.1996526074945 7.2653273992473242
leaf_count=54 6881 430 300 170 2658 435
internal_value=0.000412761 0.00483 0.00669919 0.00438058 0.00637853 -0.0123054
internal_weight=228.265 95.2134 90.7816 84.9203 81.3686 9.16891
internal_count=10928 4047 3617 3317 3147 489
is_linear=0
shrinkage=0.05


Tree=211
num_leaves=7
num_cat=0
split_feature=26 32 12 26 67 19
split_gain=1.39167 1.90983 1.73096 2.51939 2.02739 1.85987
threshold=-0.95253168305477309 -0.89100779270918107 -0.30757515377301953 0.70872288270619677 1.6084983033159215 -0.84625976356266863
decision_type=2 2 2 2 2 2
left_child=-1 -2 3 5 -5 -3
right_child=1 2 -4 4 -6 -7
leaf_value=0.015526613680141339 -0.016568131722825934 -0.001856718723356447 -0.0030101474875468747 -0.018368087860937073 0.01751436629886426 0.019996262475707481
leaf_weight=9.5911708804778737 16.350869168149075 13.546680166473378 143.90457813884132 11.494795529288238 2.7544364506029515 27.768917462788522
leaf_count=358 1808 944 5626 989 132 1032
internal_value=-0.000648958 -0.00157082 -0.00011419 0.00715591 -0.0095921 0.0131904
internal_weight=225.411 215.82 199.469 55.5648 14.2492 41.3156
internal_count=10889 10531 8723 3097 1121 1976
is_linear=0
shrinkage=0.05


Tree=212
num_leaves=7
num_cat=0
split_feature=66 3 30 17 24 2
split_gain=1.53446 1.67529 2.27006 2.5349 1.43396 1.40506
threshold=2.3146227535264754 2.3260761889354504 0.86527648922001188 0.23914771736983306 0.25975379867634923 1.6693698408230657
decision_type=2 2 2 2 2 2
left_child=1 2 5 -4 -3 -1
right_child=-2 4 3 -5 -6 -7
leaf_value=-0.0020717604533446003 0.011710589807769123 0.030282913131747718 0.0072339414116673849 -0.024904054199029031 -0.0058340127924531686 0.019034844907976252
leaf_weight=168.19687835173681 18.493958593171556 4.0921710119582704 6.9805413474678089 18.70294538512826 3.1430824303533882 5.2747086998424484
leaf_count=7649 1130 120 408 1088 118 406
internal_value=-0.00103045 -0.00232356 -0.00329185 -0.0163262 0.017482 -0.0011173
internal_weight=224.884 206.39 199.155 25.6835 7.23525 173.472
internal_count=10919 9789 9551 1496 238 8055
is_linear=0
shrinkage=0.05


Tree=213
num_leaves=7
num_cat=0
split_feature=32 29 67 7 26 30
split_gain=1.69032 2.37183 4.2224 2.44641 2.24919 1.99871
threshold=0.34200513868183041 0.12588316697350996 1.6440842571423808 1.1952970747231431 0.70872288270619677 2.0467594861934066
decision_type=2 2 2 2 2 2
left_child=5 -2 3 -3 -4 -1
right_child=1 2 4 -5 -6 -7
leaf_value=0.0024595747288013209 0.00040926697138564546 -0.032465427584017457 -0.01420458895099299 0.013585646822193584 0.034814788643020386 0.030224183518882609
leaf_weight=137.25539194187149 61.797562294988893 17.404315387015238 1.7739289756864298 1.6709216316230584 2.8155333744361997 3.857617641449905
leaf_count=7048 2517 969 74 67 45 157
internal_value=0.000498449 -0.00494904 -0.0174134 -0.0271334 0.0177423 0.00383195
internal_weight=226.575 85.4623 23.6647 19.0752 4.58946 141.113
internal_count=10877 3672 1155 1036 119 7205
is_linear=0
shrinkage=0.05


Tree=214
num_leaves=7
num_cat=0
split_feature=6 18 19 18 0 67
split_gain=1.32405 1.62272 1.51289 1.4995 2.1236 2.27504
threshold=2.9444833858744892 -0.37593520062594055 -0.60083138510896295 -1.0289334894655673 -1.0109392114817808 -0.066298196770317522
decision_type=2 2 2 2 2 2
left_child=3 2 -2 4 -1 -6
right_child=1 -3 -4 -5 5 -7
leaf_value=0.001685271861031354 -0.008204063005762997 -0.010902841014686929 0.049434870218611544 -0.002581123138399052 0.042662406578764668 -0.011565012858464417
leaf_weight=27.674179897061549 0.54345547064440314 1.0225322537589807 1.2074701482779349 191.03616203580168 4.1257887860410847 1.1959614921361197
leaf_count=1326 139 80 49 8992 130 173
internal_value=-0.000254963 0.0233946 0.0376611 -0.000853007 0.0085335 0.0306999
internal_weight=226.806 2.77346 1.75093 224.032 32.9959 5.32175
internal_count=10889 268 188 10621 1629 303
is_linear=0
shrinkage=0.05


Tree=215
num_leaves=7
num_cat=0
split_feature=31 40 12 12 10 19
split_gain=1.47512 1.81301 1.82695 2.45634 2.50291 1.78989
threshold=1.8056497377851206 1.0000000180025095e-35 0.22296592520379613 0.67643606696740377 0.80769494081970705 0.071019751189087044
decision_type=2 2 2 2 2 2
left_child=1 2 -1 4 -4 -3
right_child=-2 5 3 -5 -6 -7
leaf_value=0.0054765907628368778 -0.02346040576219123 -0.034361872933463732 -0.021393136562449587 0.00066203602211045362 0.010678034416105956 0.010773694982052386
leaf_weight=93.260358392988564 4.2900646452617357 4.2314957918424616 25.545242908643562 88.269502992567141 5.744561677100136 1.4958575670607386
leaf_count=4973 454 532 1158 3524 235 38
internal_value=-0.00133182 -0.000585636 0.000325757 -0.00372778 -0.015086 -0.0229223
internal_weight=222.837 218.547 212.82 119.559 31.2898 5.72735
internal_count=10914 10460 9890 4917 1393 570
is_linear=0
shrinkage=0.05


Tree=216
num_leaves=7
num_cat=0
split_feature=25 18 17 6 68 63
split_gain=1.75764 2.36559 2.54636 1.81978 1.63882 5.11662
threshold=-0.52899929598370765 -1.193812621254188 0.19498118148734886 2.9444833858744892 0.26283067708752578 1.0000000180025095e-35
decision_type=2 2 2 2 2 2
left_child=1 2 -1 4 -2 -6
right_child=3 -3 -4 -5 5 -7
leaf_value=-0.004635552582185217 0.004226985510575567 -0.015183850921233652 0.029235404721966309 0.032549276570043847 0.0085371441844950113 -0.029587751544211865
leaf_weight=17.994464511633854 139.12347618304193 33.089582672371762 4.6475703988107844 2.0112086180597535 18.351086555863731 12.330766070052052
leaf_count=927 5346 2557 139 83 809 1041
internal_value=0.000307179 -0.00718046 0.0049239 0.00281747 0.00190635 -0.00805554
internal_weight=227.548 55.7316 22.642 171.817 169.805 30.6819
internal_count=10902 3623 1066 7279 7196 1850
is_linear=0
shrinkage=0.05


Tree=217
num_leaves=7
num_cat=0
split_feature=67 67 24 6 30 3
split_gain=2.37418 2.47854 2.08161 2.02015 2.15304 2.45101
threshold=-1.1583009271903528 -1.0489912924365901 0.92991859518298237 2.9444833858744892 0.926652229322526 2.4247601747733873
decision_type=2 2 2 2 2 2
left_child=-1 -2 3 4 -3 -6
right_child=1 2 -4 -5 5 -7
leaf_value=-0.018189919119254994 0.019690603919854117 -0.0017267040266008274 0.011220898216016701 0.026044188527717616 -0.024315591606901377 0.012398620906396074
leaf_weight=15.745758929027941 12.418323182151651 141.71118695146288 26.219162833178416 2.7538923104875712 18.928473611711528 3.7428999734111121
leaf_count=992 462 6768 1014 266 1235 150
internal_value=-0.0011542 0.000392014 -0.00112935 -0.00323046 -0.0041789 -0.0175137
internal_weight=221.52 205.774 193.356 167.136 164.383 22.6714
internal_count=10887 9895 9433 8419 8153 1385
is_linear=0
shrinkage=0.05


Tree=218
num_leaves=7
num_cat=0
split_feature=3 67 6 25 29 67
split_gain=2.12187 1.98283 1.76204 1.70544 2.00256 1.65871
threshold=-0.8910217493813154 0.80165189655795732 2.9444833858744892 -1.3778338416671574 -2.3236818852121406 -0.68759423257656305
decision_type=2 2 2 2 2 2
left_child=1 3 -2 4 5 -1
right_child=2 -3 -4 -5 -6 -7
leaf_value=-0.017156046603691612 -0.0035241633523077696 -0.014763325495593827 0.026484358442356956 0.018105700058492463 -0.026156317698436751 0.024650538275221918
leaf_weight=1.1109509036177767 178.29646129370667 4.9709690078161648 2.053696373186539 30.715178305777954 3.1315031906415225 3.7772545064799488
leaf_count=85 8174 753 104 1237 476 76
internal_value=-0.000335414 0.00918336 -0.0027547 0.0130968 -0.00579346 0.0122379
internal_weight=224.056 43.7059 180.35 38.7349 8.01971 4.88821
internal_count=10905 2627 8278 1874 637 161
is_linear=0
shrinkage=0.05


Tree=219
num_leaves=7
num_cat=0
split_feature=29 10 29 28 67 2
split_gain=2.19067 2.31171 6.1601 2.68707 2.26526 1.89846
threshold=1.3158203703873783 1.0093726330960033 0.97088224193822581 1.4877118781628036 1.5671838788734958 0.94811135937823077
decision_type=2 2 2 2 2 2
left_child=1 3 -3 5 -2 -1
right_child=4 2 -4 -5 -6 -7
leaf_value=0.0019410915200513735 -0.029796972132224677 -0.011853064539658427 0.039746366796512236 -0.030543706435526841 0.015138365193062817 -0.018650955220760046
leaf_weight=183.54781740249018 7.9205680422019196 8.7230581700569036 9.5781005814205837 4.1257193713099687 1.7097702884348107 8.9113815061282349
leaf_count=8041 759 546 376 432 194 543
internal_value=0.000128254 0.00130014 0.0169465 -0.000389299 -0.0201184 0.000715995
internal_weight=224.516 214.886 18.3012 196.585 9.63034 192.459
internal_count=10891 9938 922 9016 953 8584
is_linear=0
shrinkage=0.05


Tree=220
num_leaves=7
num_cat=0
split_feature=30 5 25 29 10 52
split_gain=2.21501 3.26705 1.45797 1.92012 1.45431 1.35589
threshold=0.926652229322526 -0.2534454113627988 -1.2642124676067497 -2.1488821579575026 1.1360718532849554 1.0000000180025095e-35
decision_type=2 2 2 2 2 2
left_child=2 -2 3 -1 -3 -4
right_child=1 4 5 -5 -6 -7
leaf_value=0.0063084592491771882 -0.025170609276520508 0.014548818915140036 0.0041060312379629328 -0.027279647378230229 -0.016755767403972058 -0.025777888412043766
leaf_weight=6.2224292607279494 15.890782464586666 10.150565551011821 183.8299063926097 6.1858706637867709 2.3817108644288956 0.91776497720274974
leaf_count=262 903 513 8126 915 187 52
internal_value=0.000434807 -0.011913 0.0023668 -0.0124873 0.00651228 0.00354805
internal_weight=225.579 28.4231 197.156 12.4083 12.5323 184.748
internal_count=10958 1603 9355 1177 700 8178
is_linear=0
shrinkage=0.05


Tree=221
num_leaves=7
num_cat=0
split_feature=24 26 67 67 25 22
split_gain=1.36926 3.18988 2.17861 2.94895 3.37124 2.73286
threshold=-0.60886167787690149 -0.92630060598321895 -0.34817366907960795 -0.52830803144895799 0.53613033586827297 0.54766895901741164
decision_type=2 2 2 2 2 2
left_child=1 -1 3 -2 -5 -4
right_child=2 -3 5 4 -6 -7
leaf_value=0.011992058389233333 0.0012077060216918556 -0.015319263576901904 0.012406601126031827 -0.035658741839805268 0.002778658806017281 -0.005676864404534342
leaf_weight=12.440885147079824 66.573222442239057 34.296073945850367 63.77661738632014 10.417671881499702 9.2211709045222943 28.296671679301653
leaf_count=411 2863 2869 2355 538 370 1478
internal_value=-0.000420359 -0.00776446 0.0016015 -0.00404065 -0.0196343 0.00684529
internal_weight=225.022 46.737 178.285 86.2121 19.6388 92.0733
internal_count=10884 3280 7604 3771 908 3833
is_linear=0
shrinkage=0.05


Tree=222
num_leaves=7
num_cat=0
split_feature=24 25 27 20 10 12
split_gain=1.30431 2.61512 1.78004 2.0363 2.06231 2.6256
threshold=0.8609719303465726 -0.66103407281199844 -1.0328642083282238 -0.43665857438722511 0.2256427103100572 -0.20596366562208135
decision_type=2 2 2 2 2 2
left_child=2 -2 -1 -4 5 -5
right_child=1 -3 3 4 -6 -7
leaf_value=0.007913135646549857 -0.019247742129145737 0.011012395008667825 -0.011229987130391202 0.02860461216881275 -0.0049850315479184988 -0.0009752568151690697
leaf_weight=34.341999037540518 5.5324259644839904 47.095456005888991 58.217355243832571 9.7296371216070856 51.308619312942028 17.80705352476798
leaf_count=1499 545 1564 2843 552 3114 723
internal_value=0.000302015 0.00696487 -0.00182836 -0.00438637 0.000893196 0.0112597
internal_weight=224.033 52.6279 171.405 137.063 78.8453 27.5367
internal_count=10840 2109 8731 7232 4389 1275
is_linear=0
shrinkage=0.05


Tree=223
num_leaves=7
num_cat=0
split_feature=52 68 64 68 22 32
split_gain=1.31167 1.33461 4.13517 2.87635 2.58111 2.22487
threshold=1.0000000180025095e-35 0.27138129988597909 1.0000000180025095e-35 0.091671639013342229 -1.5472812044840052 -0.75089268686929334
decision_type=2 2 2 2 2 2
left_child=1 3 4 -1 -3 -5
right_child=-2 2 -4 5 -6 -7
leaf_value=0.0021533222160168555 -0.026067300651057109 0.018067482402319569 0.011415190360966053 -0.016898241448592786 -0.025917265044147458 0.0308378325943682
leaf_weight=179.01256117364392 1.15765390486922 1.7704700711765351 16.312512837990653 0.95469012728426506 18.142289499577601 11.579618427087551
leaf_count=7417 67 171 922 101 1850 369
internal_value=0.00183256 0.00231139 -0.00615175 0.00398212 -0.020153 0.0246407
internal_weight=228.93 227.772 36.2253 191.547 19.9128 12.5343
internal_count=10897 10830 2943 7887 2021 470
is_linear=0
shrinkage=0.05


Tree=224
num_leaves=7
num_cat=0
split_feature=68 24 24 20 10 0
split_gain=1.30551 2.46322 2.0324 2.22801 2.00026 2.14486
threshold=1.7864539383684985 -0.24834615675560875 0.24721804143336554 0.49116974398801044 -0.072665287573634815 -1.8185012847730491
decision_type=2 2 2 2 2 2
left_child=2 -2 3 4 5 -1
right_child=1 -3 -4 -5 -6 -7
leaf_value=0.011550265346716148 0.035522410035630302 -0.015214598832981161 0.0037129909952216865 -0.023607871129444666 0.004620573488187593 -0.01291673707871208
leaf_weight=8.3502279976382834 3.3573275317903608 1.7031728501315218 102.83117789711105 12.39902221522061 45.396448548592161 49.917716676369309
leaf_count=267 375 235 4104 1224 2248 2429
internal_value=-0.000639439 0.0191391 -0.00134927 -0.00581493 -0.00308263 -0.00901656
internal_weight=223.955 5.0605 218.895 116.063 103.664 58.2679
internal_count=10882 610 10272 6168 4944 2696
is_linear=0
shrinkage=0.05


Tree=225
num_leaves=7
num_cat=0
split_feature=30 30 29 68 13 14
split_gain=1.49842 1.6954 2.85763 3.10495 1.8147 1.77547
threshold=-1.4823455697011487 0.926652229322526 0.86596419799478608 -0.65936620690109293 0.991300784776734 -0.096710444660682585
decision_type=2 2 2 2 2 2
left_child=-1 5 4 -4 -3 -2
right_child=1 2 3 -5 -6 -7
leaf_value=-0.021090520544562757 0.0054080874945863708 -0.03082317665975955 -0.02407888986384871 0.016439826026436639 0.012008281782783512 -0.0049163884894754262
leaf_weight=5.3517597131431094 132.09982938991743 11.79037479311228 3.9700560962082809 11.961722372798247 1.3153431689133857 57.486906823614845
leaf_count=744 5518 687 259 608 58 3085
internal_value=-0.000303195 0.000484266 -0.0101734 0.00412729 -0.0250884 0.00224966
internal_weight=223.976 218.624 29.0375 15.9318 13.1057 189.587
internal_count=10959 10215 1612 867 745 8603
is_linear=0
shrinkage=0.05


Tree=226
num_leaves=7
num_cat=0
split_feature=66 68 18 29 23 29
split_gain=1.39217 1.67222 3.24596 2.4403 1.98315 2.11071
threshold=2.3146227535264754 1.2925699655298348 0.093774337400675242 1.2459768946668364 1.0779871214815113 0.76624238638066478
decision_type=2 2 2 2 2 2
left_child=1 3 -3 4 -1 -6
right_child=-2 2 -4 -5 5 -7
leaf_value=-0.0021313081129079063 0.012230571041039947 0.031812712380826884 -0.020067064545355364 -0.022300507556031291 -0.017383322692104228 0.025440346071763688
leaf_weight=174.32769759517396 18.291021396580618 6.4472317906038352 2.0298076665494591 11.098707093333358 1.4365637602750201 9.6434150343993661
leaf_count=7432 1102 628 257 921 109 418
internal_value=5.38828e-05 -0.00119341 0.017392 -0.00224463 -0.000708089 0.0173673
internal_weight=223.274 204.983 8.47704 196.506 185.408 11.08
internal_count=10867 9765 885 8880 7959 527
is_linear=0
shrinkage=0.05


Tree=227
num_leaves=7
num_cat=0
split_feature=17 17 3 68 67 68
split_gain=1.36621 2.49194 1.81164 4.67969 2.54616 2.38899
threshold=0.78279247507204996 0.83160215959858996 0.25371248633876048 1.2925699655298348 0.088544099879446767 1.0612634036562449
decision_type=2 2 2 2 2 2
left_child=2 -2 3 4 -1 -4
right_child=1 -3 5 -5 -6 -7
leaf_value=-0.00036509838958271012 -0.019185236059769656 0.021439008979769612 0.010539338414851614 0.032959213413488946 -0.019676682717093733 -0.021075362373003323
leaf_weight=103.9503219834296 13.998557023878677 2.1837594022508702 77.996749538462609 6.4467699011438517 17.449717630253872 3.6914115197723723
leaf_count=4417 785 91 2972 698 1602 283
internal_value=0.00160709 -0.0112075 0.00274099 -0.000994078 -0.00354847 0.00841473
internal_weight=225.717 16.1823 209.535 127.847 121.4 81.6882
internal_count=10848 876 9972 6717 6019 3255
is_linear=0
shrinkage=0.05


Tree=228
num_leaves=7
num_cat=0
split_feature=3 18 67 24 67 67
split_gain=1.50152 2.2476 1.3242 1.70105 2.66573 2.95678
threshold=2.3260761889354504 0.17776271893061005 -1.4332327987530173 0.92991859518298237 -1.0489912924365901 -0.8113639158851752
decision_type=2 2 2 2 2 2
left_child=2 -2 -1 4 -4 -6
right_child=1 -3 3 -5 5 -7
leaf_value=-0.025760642346852117 0.037157883196727678 -0.0066153503080102266 0.019823754440744065 0.0077193332118728952 -0.025971552370582358 -0.0024661575577310797
leaf_weight=2.4248768767283755 3.3104336687829337 4.0555475155124441 8.9921241358388198 43.930573391611688 11.819991863565518 147.86966354894685
leaf_count=411 76 160 411 1668 499 7652
internal_value=-0.00048316 0.0181177 -0.00136084 -0.000727996 -0.00302442 -0.00465283
internal_weight=222.403 7.36598 215.037 212.612 168.682 159.69
internal_count=10877 236 10641 10230 8562 8151
is_linear=0
shrinkage=0.05


Tree=229
num_leaves=7
num_cat=0
split_feature=22 67 12 4 25 31
split_gain=1.61488 1.62078 1.44983 1.99133 2.38564 2.8197
threshold=1.4370781720994164 -0.56170675104023005 0.22296592520379613 1.9727923369028442 0.66175499544531935 0.12788224896629877
decision_type=2 2 2 2 2 2
left_child=2 -2 3 4 5 -1
right_child=1 -3 -4 -5 -6 -7
leaf_value=0.0060444615895280853 0.013684022471314379 -0.030533913859927788 -0.0037958684489832885 -0.018147299849073224 0.021201623529566963 -0.019273398488579258
leaf_weight=66.038146350969328 0.85970298451138649 5.1006337242724831 116.6585033981828 6.2297855162760234 18.048108621034771 10.108719554526031
leaf_count=3454 44 626 4794 610 610 791
internal_value=-0.000908358 -0.0217099 -4.90755e-05 0.00428724 0.00628533 0.0020803
internal_weight=223.044 5.96034 217.083 100.425 94.195 76.1469
internal_count=10929 670 10259 5465 4855 4245
is_linear=0
shrinkage=0.05


Tree=230
num_leaves=7
num_cat=0
split_feature=32 25 26 26 68 32
split_gain=2.0015 1.83714 2.59546 2.19726 1.61356 1.58083
threshold=-0.5267085175254731 0.53613033586827297 -0.95712857709858834 0.07190377289850422 1.2925699655298348 -1.1712380043889563
decision_type=2 2 2 2 2 2
left_child=1 2 -1 -3 -4 -5
right_child=-2 3 4 5 -6 -7
leaf_value=0.011454048122127166 0.0012541630261973576 0.021966303505663625 -0.026498288100680573 0.01784046918236817 0.0067784681748227606 -0.025783805917183392
leaf_weight=5.0850352281704536 182.09096718698856 5.9619019348174316 22.9215464545996 0.55633422825485457 2.994819175975862 3.8102096910588443
leaf_count=164 7681 233 2118 25 422 302
internal_value=-0.00104578 -0.010578 -0.0162827 0.00635584 -0.0223486 -0.0152238
internal_weight=223.421 41.3298 31.0014 10.3284 25.9164 4.36654
internal_count=10945 3264 2704 560 2540 327
is_linear=0
shrinkage=0.05


Tree=231
num_leaves=7
num_cat=0
split_feature=52 67 67 28 67 15
split_gain=1.49498 1.30229 1.36203 2.09156 4.22142 3.25094
threshold=1.0000000180025095e-35 1.8652379409224253 -0.32085060014163386 0.18594662705244172 0.69055428461193813 -0.61506530947647942
decision_type=2 2 2 2 2 2
left_child=1 2 -1 -4 -5 -6
right_child=-2 -3 3 4 5 -7
leaf_value=-0.00049804776861239991 -0.027249244149661678 -0.023062135031748685 0.013175973014504303 -0.010624630501404192 -0.0085503688384761384 0.030298633779224191
leaf_weight=110.02441721837386 1.1835007729241613 1.7529749606619578 62.523784448858351 33.435467296338174 6.6881032637902562 12.10062029736582
leaf_count=4711 61 350 2662 1754 463 902
internal_value=0.00247505 0.00298447 0.00348868 0.0072266 -0.000224939 0.0171966
internal_weight=227.709 226.525 224.772 114.748 52.2242 18.7887
internal_count=10903 10842 10492 5781 3119 1365
is_linear=0
shrinkage=0.05


Tree=232
num_leaves=7
num_cat=0
split_feature=8 68 5 68 23 23
split_gain=1.45768 1.51359 1.94287 2.12973 3.0738 2.92889
threshold=-1.5604720734773838 -0.5889579357435436 -0.38296718819236192 -0.50799575301761657 -0.099248961913663294 0.9042146217640088
decision_type=2 2 2 2 2 2
left_child=-1 -2 -3 -4 -5 -6
right_child=1 2 3 4 5 -7
leaf_value=-0.012555256193010464 0.0069364583677613556 -0.0078594390308383312 -0.018263907266152943 0.020879467439959627 -0.010919402936782747 0.015180936584864
leaf_weight=20.366677207464818 62.168306579929776 71.696748863556422 6.8020024378783992 21.344172531156801 26.523274657491129 13.925283612101337
leaf_count=990 2534 3443 306 957 1686 987
internal_value=-0.000728773 0.000626878 -0.00225581 0.00368513 0.006835 -0.00150603
internal_weight=222.826 202.46 140.291 68.5947 61.7927 40.4486
internal_count=10903 9913 7379 3936 3630 2673
is_linear=0
shrinkage=0.05


Tree=233
num_leaves=7
num_cat=0
split_feature=33 25 30 5 30 31
split_gain=1.12276 3.2284 2.41323 2.07924 1.9777 4.13373
threshold=-0.38268368661012481 0.6483483034070785 0.84993255419438352 0.26464169595545345 0.66580533388684138 0.68713807857257281
decision_type=2 2 2 2 2 2
left_child=4 2 -2 -3 -1 -6
right_child=1 3 -4 -5 5 -7
leaf_value=0.0012127375019632067 0.0021201771795959501 0.028598443667904008 -0.028348743177833369 -0.011437303090619447 -0.022132426664483677 0.018630993900204437
leaf_weight=73.993131401424762 99.585775432089576 14.478987689188218 3.9383193321991703 2.2684688278241074 24.213702521403324 5.5752883458626448
leaf_count=3696 4797 460 329 106 1251 294
internal_value=0.000489996 0.00373502 0.00019533 0.0222618 -0.0032699 -0.0134966
internal_weight=224.054 120.272 103.524 16.7475 103.782 29.789
internal_count=10933 5692 5126 566 5241 1545
is_linear=0
shrinkage=0.05


Tree=234
num_leaves=7
num_cat=0
split_feature=27 20 28 67 68 67
split_gain=2.27594 1.3938 2.05322 2.00657 1.90455 2.46414
threshold=1.6021639020158569 0.94799597087382048 1.5156350596904899 1.481430409652662 0.66065451037328027 -0.19421668152503854
decision_type=2 2 2 2 2 2
left_child=1 2 3 4 -1 -6
right_child=-2 -3 -4 -5 5 -7
leaf_value=0.0040237764977262237 -0.02126250112234699 0.014246615366033867 -0.027445610363569337 -0.016809714474196723 -0.033782195974861894 0.0012659887334708769
leaf_weight=164.94373739435105 8.8955247368430701 15.705187055689747 3.6086289004888377 11.862214648805091 5.0169859023590133 12.845400852849705
leaf_count=6428 786 999 415 965 519 774
internal_value=3.25235e-05 0.00119952 -3.08563e-05 0.000886167 0.00228731 -0.0120203
internal_weight=222.878 213.982 198.277 194.668 182.806 17.8624
internal_count=10886 10100 9101 8686 7721 1293
is_linear=0
shrinkage=0.05


Tree=235
num_leaves=7
num_cat=0
split_feature=30 28 35 15 30 5
split_gain=1.72961 2.39345 1.7982 1.71676 1.50679 1.42021
threshold=1.1874991247582105 0.93411643386225385 1.0000000180025095e-35 -0.65932202283430741 0.83458861916875493 1.8189030179102104
decision_type=2 2 2 2 2 2
left_child=2 -2 5 -3 -4 -1
right_child=1 3 4 -5 -6 -7
leaf_value=0.0025634019399743096 -0.022761733573948409 -0.016185915464143906 -0.028249378171012959 0.028259168572080513 0.012829978951415612 -0.018918026328106352
leaf_weight=192.16173504057224 14.386560087325053 1.0937826538574884 5.8936928129987782 2.6551105013350016 1.0468930188799275 5.0310716918611424
leaf_count=8854 798 114 382 159 39 518
internal_value=-0.000679965 -0.0142983 0.00071947 0.0138611 -0.0200511 0.00174005
internal_weight=222.269 18.1355 204.133 3.74889 6.94059 197.193
internal_count=10864 1071 9793 273 421 9372
is_linear=0
shrinkage=0.05


Tree=236
num_leaves=7
num_cat=0
split_feature=31 63 25 13 2 2
split_gain=1.43442 3.45487 4.01267 2.65833 2.59401 2.24103
threshold=-0.24495497077121717 1.0000000180025095e-35 1.2044873484155707 1.4879410059526446 0.87831215149647257 1.1458757817098792
decision_type=2 2 2 2 2 2
left_child=3 -2 -3 5 -4 -1
right_child=1 2 4 -5 -6 -7
leaf_value=0.0016259559807232143 0.0039544078068034869 -0.027132485937441289 -0.017161943242750083 0.027647080411569765 0.025126645518460652 -0.0258144032673575
leaf_weight=140.56019933021162 36.73684145975858 24.618054830119945 3.5293286172673088 6.4005935766617759 5.6905433783540502 4.8475277384859501
leaf_count=6376 1584 1800 177 417 207 368
internal_value=-0.000865905 -0.0066042 -0.0174559 0.00187808 0.00869962 0.000207828
internal_weight=222.383 70.5748 33.8379 151.808 9.21987 145.408
internal_count=10929 3768 2184 7161 384 6744
is_linear=0
shrinkage=0.05


Tree=237
num_leaves=7
num_cat=0
split_feature=67 4 25 20 67 68
split_gain=1.13606 1.05586 1.61605 1.61411 1.85566 1.84419
threshold=-1.4699297286989368 1.9727923369028442 -0.77333387163486245 0.86547691924262626 1.6546732482809861 -1.2019154386383837
decision_type=2 2 2 2 2 2
left_child=-1 3 -3 4 -2 -6
right_child=1 2 -4 -5 5 -7
leaf_value=-0.02440666211872199 0.00099203594188317069 0.015779165633833487 -0.025880786106336658 0.014452054691062586 0.013553512523775811 -0.031851116936125322
leaf_weight=1.6119007801171381 189.53310418501496 0.98320710309781123 5.0459200387704177 18.218841341789812 1.1685449091019107 5.1767302004736839
leaf_count=359 8196 141 529 1071 76 526
internal_value=0.000159171 0.000664794 -0.0161016 0.00135292 -6.50639e-05 -0.0218227
internal_weight=221.738 220.126 6.02913 214.097 195.878 6.34528
internal_count=10898 10539 670 9869 8798 602
is_linear=0
shrinkage=0.05


Tree=238
num_leaves=7
num_cat=0
split_feature=6 28 19 28 67 68
split_gain=2.04897 2.81706 2.31995 1.95121 2.23508 1.86659
threshold=0.23064377361963917 0.45544206982294305 -0.56618906089359478 1.3132226111383669 1.7767070314029414 0.27138129988597909
decision_type=2 2 2 2 2 2
left_child=3 -2 -3 5 -5 -1
right_child=1 2 -4 4 -6 -7
leaf_value=0.00085213046971162234 -0.0050416301509086875 -0.014024940435000563 0.03874649976641735 -0.031757013514017988 0.018779674557282258 -0.011935448142193973
leaf_weight=163.81439668271923 9.285068670986222 0.97240897448500607 7.523188872379249 7.0268786876113145 0.67043455137172703 31.475294001051225
leaf_count=6585 651 217 298 698 61 2370
internal_value=-0.00102221 0.0139595 0.0306225 -0.00251872 -0.0233231 -0.00135827
internal_weight=220.768 17.7807 8.4956 202.987 7.69731 195.29
internal_count=10880 1166 515 9714 759 8955
is_linear=0
shrinkage=0.05


Tree=239
num_leaves=7
num_cat=0
split_feature=42 34 14 10 10 68
split_gain=1.38058 2.40146 1.87336 2.01937 3.37216 3.24842
threshold=1.0000000180025095e-35 1.0000000180025095e-35 -0.22525961144972195 0.26091692502175406 -0.086176917698680425 -0.25308947222029654
decision_type=2 2 2 2 2 2
left_child=2 -2 -1 4 -4 -5
right_child=1 -3 3 5 -6 -7
leaf_value=0.0026660467762871995 -0.017108508261252434 0.017045623529072997 -0.0090102771810795877 -0.036730394561123439 0.018985641628240083 0.0018932486360809125
leaf_weight=130.01564308800153 3.8837824310758178 22.428905419597868 37.732804592058528 9.4945240853121522 11.635125285334651 9.1510679313214478
leaf_count=5881 273 627 1999 704 595 811
internal_value=0.000638799 0.0107694 -0.000847909 -0.00739409 -0.0017025 -0.0201391
internal_weight=224.342 26.3127 198.029 68.0135 49.3679 18.6456
internal_count=10890 900 9990 4109 2594 1515
is_linear=0
shrinkage=0.05


Tree=240
num_leaves=7
num_cat=0
split_feature=30 26 67 29 32 0
split_gain=1.43903 1.40425 2.56934 2.00372 3.02197 2.53883
threshold=-1.4823455697011487 1.168466083390165 1.7157769348512961 0.852133050177042 0.089797948170032546 -0.5819218600457946
decision_type=2 2 2 2 2 2
left_child=-1 3 -3 -2 5 -5
right_child=1 2 -4 4 -6 -7
leaf_value=-0.019808859286966723 0.00024609757216042426 -0.020679063483674209 0.02307432968905233 -0.0057191685638742443 -0.005857733942529135 0.036321706388344345
leaf_weight=5.5591779729584223 178.26460270085954 12.714661728823556 1.6154623743786931 3.7889755957294247 10.129773574182762 11.587999929033687
leaf_count=742 7557 1151 157 372 403 467
internal_value=0.000312002 0.00108668 -0.0126061 0.00221855 0.0145272 0.0267201
internal_weight=223.661 218.101 14.3301 203.771 25.5067 15.377
internal_count=10849 10107 1308 8799 1242 839
is_linear=0
shrinkage=0.05


Tree=241
num_leaves=7
num_cat=0
split_feature=21 2 19 12 10 18
split_gain=1.3053 1.75984 1.32938 2.86577 3.36011 2.96622
threshold=1.710000074079673 2.9722883879492197 -0.82069129090075121 -0.30757515377301953 0.32177463611775875 1.4788265757229462
decision_type=2 2 2 2 2 2
left_child=2 -2 -1 4 5 -4
right_child=1 -3 3 -5 -6 -7
leaf_value=-0.0090440501052868726 -0.027402224402709643 0.017268322624431225 0.031396020961950204 -0.0024017130470433724 -0.0043134555350616086 -0.011329030779319967
leaf_weight=37.489923079498112 6.4020189193543038 0.66415813530329604 18.464887367677878 138.82897094235523 16.326115943025798 3.3858799432637161
leaf_count=2638 596 53 675 5704 1122 128
internal_value=-0.00170547 -0.0193085 -0.000867242 0.000986476 0.0125848 0.0242071
internal_weight=221.562 7.06618 214.496 177.006 38.1769 21.8508
internal_count=10916 649 10267 7629 1925 803
is_linear=0
shrinkage=0.05


Tree=242
num_leaves=7
num_cat=0
split_feature=58 27 3 23 21 28
split_gain=1.15867 2.56587 1.49774 2.32097 2.72089 1.88185
threshold=1.6026652147859259 -0.58041803928832369 -0.85154815504614034 -0.93353255655427991 -1.42589808874157 1.1921303052809107
decision_type=2 2 2 2 2 2
left_child=2 -2 3 4 -1 -4
right_child=1 -3 5 -5 -6 -7
leaf_value=0.0080155448202287195 -0.017719316219524155 0.02114627393588921 -0.0051496519082996454 0.018553526717738727 -0.023665662255068803 0.013101452366427719
leaf_weight=16.03063086792827 3.2803543882910153 12.577895647496915 151.97150874804356 18.733208758261753 7.6145605561032417 12.673893314873565
leaf_count=673 148 334 6885 1545 518 856
internal_value=-0.000309895 0.0115669 -0.0013719 0.00671174 -0.00370272 -0.00353543
internal_weight=222.882 15.8583 207.024 42.3784 23.6452 164.645
internal_count=10959 482 10477 2736 1191 7741
is_linear=0
shrinkage=0.05


Tree=243
num_leaves=7
num_cat=0
split_feature=22 30 22 25 27 25
split_gain=2.18613 1.70697 2.63244 2.1784 2.15081 2.0403
threshold=-2.3783791374972894 -0.43895798795841084 -0.53792773840795216 -0.42771944341404683 -0.92953340037111254 -0.30755020277422968
decision_type=2 2 2 2 2 2
left_child=-1 2 -2 4 -3 -5
right_child=1 3 -4 5 -6 -7
leaf_value=-0.029318200528409551 -0.0063006011126176516 -0.00059119953394299013 0.014710809852205194 0.021115533169151605 -0.03271485330241973 -0.0011937128177884528
leaf_weight=3.0780802164226762 20.248532728641294 10.552156474208461 41.842361889837775 8.1118697898928058 7.5155983864678992 129.21252046705922
leaf_count=242 1016 380 2259 322 784 5765
internal_value=0.000267356 0.00107931 0.00788417 -0.00173758 -0.0167093 0.000547369
internal_weight=220.561 217.483 62.0909 155.392 18.0678 137.324
internal_count=10768 10526 3275 7251 1164 6087
is_linear=0
shrinkage=0.05


Tree=244
num_leaves=7
num_cat=0
split_feature=13 30 20 27 24 28
split_gain=1.25599 1.77898 1.65433 2.14679 3.54701 3.44313
threshold=-0.69258980023403927 1.233530929835096 -0.12214932198324178 -1.1406816270157916 0.21075184504319899 -0.8437206917810004
decision_type=2 2 2 2 2 2
left_child=-1 2 3 -2 -5 -6
right_child=1 -3 -4 4 5 -7
leaf_value=0.0056216422292142982 0.015952540052769741 -0.018397219391759836 0.0059772523475863214 -0.022510293772464454 -0.024093774602314783 0.0091808921203696044
leaf_weight=86.450213446951238 7.6061349484662051 11.733779436151961 58.350352102454053 23.453744736791123 7.2034228548873207 29.74072502477793
leaf_count=3580 482 773 3298 1461 309 1034
internal_value=0.000997486 -0.00195545 -3.73404e-05 -0.00523261 -0.00852917 0.00137067
internal_weight=224.538 138.088 126.354 68.004 60.3979 36.9441
internal_count=10937 7357 6584 3286 2804 1343
is_linear=0
shrinkage=0.05


Tree=245
num_leaves=7
num_cat=0
split_feature=67 68 68 28 32 28
split_gain=1.34842 3.84678 2.87519 3.63093 2.93414 2.23393
threshold=-0.72925583705632036 -0.91021704945686122 0.27138129988597909 -0.88079851286655808 0.25793607517789779 0.60519237777460444
decision_type=2 2 2 2 2 2
left_child=2 -2 3 -1 -5 -3
right_child=1 5 -4 4 -6 -7
leaf_value=-0.021087172301495399 -0.020177444185280415 0.008642187395922955 -0.031128515499886291 -0.02018262983245837 0.014015188157356693 -0.0048331745520054092
leaf_weight=12.450840948848052 13.350184833514502 119.61593661495135 6.4013407541497136 5.017590581031981 29.098988111072686 38.871863259613747
leaf_count=549 647 5141 742 232 1057 2589
internal_value=0.000864697 0.00301646 -0.00590342 -0.000761735 0.00776088 0.00530873
internal_weight=224.807 171.838 52.9688 46.5674 34.1166 158.488
internal_count=10957 8377 2580 1838 1289 7730
is_linear=0
shrinkage=0.05


Tree=246
num_leaves=7
num_cat=0
split_feature=6 58 22 28 23 30
split_gain=1.52067 1.37117 2.04203 1.62663 2.28441 2.37841
threshold=2.9444833858744892 1.7939919405998537 0.62725983394877172 1.1921303052809107 0.58469744486408526 -0.63842914329158129
decision_type=2 2 2 2 2 2
left_child=1 3 -3 -1 5 -5
right_child=-2 2 -4 4 -6 -7
leaf_value=-0.0035940747668326209 0.024885609894841339 0.020715681113858415 -0.014818076362250136 0.023593468213895998 0.027889469200793562 -0.021771414859859659
leaf_weight=188.97713567258324 2.745936957478988 11.886994924163444 3.1266440886538467 1.6002057750883976 7.1594583334808704 5.1926066965097544
leaf_count=9138 259 316 148 107 572 367
internal_value=-0.000517986 -0.00117161 0.0120802 -0.00231374 0.0125949 -0.00713072
internal_weight=220.689 217.943 15.0136 202.929 13.9523 6.79281
internal_count=10907 10648 464 10184 1046 474
is_linear=0
shrinkage=0.05


Tree=247
num_leaves=7
num_cat=0
split_feature=22 67 68 67 68 26
split_gain=1.48204 1.73597 5.44574 2.97008 3.20339 2.88589
threshold=1.4814279618802102 -0.32458278554294545 -0.15233870530366297 -0.44085338004520114 -0.85378293898706947 -0.5975051369295894
decision_type=2 2 2 2 2 2
left_child=1 2 3 5 -5 -1
right_child=-2 -3 -4 4 -6 -7
leaf_value=0.017795353592778188 -0.020146041048267036 0.0060399594938268658 -0.021778116456358115 -0.044498016330143227 -0.00033597505157686005 -0.0026658426012012276
leaf_weight=34.477467669115867 4.9909482624207149 112.49037614476401 25.073412272671703 2.8935129619203535 13.693715857458299 30.633789098530542
leaf_count=1212 607 5710 1712 111 549 1038
internal_value=0.00103228 0.00177977 -0.002751 0.00365301 -0.0136752 0.00847529
internal_weight=224.253 219.262 106.772 81.6985 16.5872 65.1113
internal_count=10939 10332 4622 2910 660 2250
is_linear=0
shrinkage=0.05


Tree=248
num_leaves=7
num_cat=0
split_feature=67 31 26 67 30 23
split_gain=2.26656 2.62413 2.42285 2.35362 2.70289 2.30264
threshold=0.014941931965208901 -0.3381642757055961 -0.71511461333203397 -1.2143357852156262 0.84993255419438352 0.1573238038954278
decision_type=2 2 2 2 2 2
left_child=1 3 -3 -1 -5 -2
right_child=5 2 -4 4 -6 -7
leaf_value=-0.018859763142903749 -0.023918908178031429 0.021837552619831228 -0.0087802175402022214 0.011397155453317629 -0.017309786136700426 -0.0022650693421981559
leaf_weight=5.38731189831742 15.291102508519542 4.3598979145172043 57.443911276001018 90.60813270782819 6.3363239478785536 39.580981524719391
leaf_count=452 1152 180 2682 3342 312 2715
internal_value=-0.000706582 0.00225616 -0.00570936 0.00709258 0.0090576 -0.00922642
internal_weight=219.008 164.136 61.8038 102.332 96.9445 54.8721
internal_count=10835 6968 2862 4106 3654 3867
is_linear=0
shrinkage=0.05


Tree=249
num_leaves=7
num_cat=0
split_feature=30 30 24 68 67 29
split_gain=1.40238 1.95623 1.85337 2.37229 2.13812 2.97326
threshold=-0.96065177882977981 -0.82255636359912343 0.92991859518298237 0.28814052057094736 -0.68759423257656305 -1.4045600843733272
decision_type=2 2 2 2 2 2
left_child=-1 -2 4 -4 5 -3
right_child=1 2 3 -5 -6 -7
leaf_value=-0.012855506444155868 0.01986595098671505 0.016578745433375643 0.013587859552736026 -0.015463981290346826 -0.00085340582583500488 -0.025590799475745059
leaf_weight=18.870992040960118 9.2261211711447668 3.0997729320079115 34.006460689008236 6.0369933987967661 132.17727613289026 16.369348090374842
leaf_count=1657 336 95 1025 409 6702 656
internal_value=-0.000830839 0.000471089 -0.000754127 0.00843545 -0.00329727 -0.0175597
internal_weight=219.787 200.916 191.69 40.0435 151.646 19.4691
internal_count=10880 9223 8887 1434 7453 751
is_linear=0
shrinkage=0.05


Tree=250
num_leaves=7
num_cat=0
split_feature=29 23 29 23 68 58
split_gain=1.63045 2.31192 1.89968 1.79727 2.06002 1.69076
threshold=0.11212843433707942 0.76988368436093368 -0.27560219564763472 0.85673616575879918 -0.65936620690109293 2.5859737288047917
decision_type=2 2 2 2 2 2
left_child=2 5 -1 -3 -5 -2
right_child=1 3 -4 4 -6 -7
leaf_value=-0.00096831959901176395 -0.016676184826603234 0.021567794308128219 0.011799204418009078 -0.022442022647990258 0.0039774771761759524 0.01346064848167023
leaf_weight=98.991504291887395 39.225758636370301 6.6575787028996265 38.053152969921939 6.8109404207207254 27.234660109941615 2.9866190209286279
leaf_count=4264 2356 277 1590 448 1822 83
internal_value=-0.000581151 -0.00599668 0.00275365 0.00247975 -0.00269721 -0.0137923
internal_weight=219.96 82.9156 137.045 40.7032 34.0456 42.2124
internal_count=10840 4986 5854 2547 2270 2439
is_linear=0
shrinkage=0.05


Tree=251
num_leaves=7
num_cat=0
split_feature=56 22 58 18 25 3
split_gain=2.34965 2.18584 2.20348 2.16047 2.07381 1.86051
threshold=1.0000000180025095e-35 -0.059033051096794624 0.37206220614222391 -0.20211551222978072 -1.2642124676067497 2.622128146449263
decision_type=2 2 2 2 2 2
left_child=1 3 5 -1 -2 -3
right_child=4 2 -4 -5 -6 -7
leaf_value=-0.02051269342357365 -0.016493665859541293 -0.041528741500554189 0.0012417765666773821 0.017530157407309569 0.0033904413056421705 0.012967962647872783
leaf_weight=3.0235317380866036 11.12462195320404 8.5260007545002701 5.4897831460693842 6.9954055614070985 186.31359097862151 0.41498548351228315
leaf_count=240 1093 683 202 220 8449 11
internal_value=0.000163279 -0.0135583 -0.0243152 0.00396823 0.00203998 -0.0363768
internal_weight=221.888 24.4497 14.4308 10.0189 197.438 8.94099
internal_count=10898 1356 896 460 9542 694
is_linear=0
shrinkage=0.05


Tree=252
num_leaves=7
num_cat=0
split_feature=35 68 29 15 67 68
split_gain=2.0061 1.87606 1.85922 1.68324 1.94759 2.48747
threshold=1.0000000180025095e-35 1.0447484864798045 1.5060941718580005 2.1848319709424064 -0.8113639158851752 0.17981634488997014
decision_type=2 2 2 2 2 2
left_child=2 -2 3 4 5 -1
right_child=1 -3 -4 -5 -6 -7
leaf_value=-0.00058070407418027675 -0.029802604376125419 0.015599594857855274 -0.023199807868799896 -0.022559422132058072 0.0053106173546938126 -0.030103323762404835
leaf_weight=36.377935773227364 6.5193329623725722 0.93883555894717563 4.5688042096735435 3.771439031144836 161.12685705104377 5.9136168034601715
leaf_count=1396 399 70 545 536 7273 636
internal_value=0.000134136 -0.021252 0.00117371 0.00203463 0.00281185 -0.00642938
internal_weight=219.217 7.45817 211.759 207.19 203.418 42.2916
internal_count=10855 469 10386 9841 9305 2032
is_linear=0
shrinkage=0.05


Tree=253
num_leaves=7
num_cat=0
split_feature=67 67 23 67 12 12
split_gain=1.31499 2.40827 2.17204 2.12535 3.42799 2.5932
threshold=-0.32085060014163386 -0.52830803144895799 -2.0878263476237504 -0.26311455993343708 -0.64163360119294455 0.22296592520379613
decision_type=2 2 2 2 2 2
left_child=1 -1 -3 4 -2 -5
right_child=3 2 -4 5 -6 -7
leaf_value=0.00077673317831040674 -0.019965863171970372 0.016765594077700816 -0.01953099357160502 0.0088431501194015192 0.031779792435174453 -0.0065906918925026431
leaf_weight=74.619601718048216 1.9882098080706772 2.4273916231468347 27.839649929665029 49.500360574777005 10.095461454242466 53.551350502646528
leaf_count=3347 127 47 1273 3297 287 2509
internal_value=-0.000192414 -0.00418074 -0.0153706 0.00345479 0.0209881 0.000863315
internal_weight=220.022 104.887 30.267 115.135 12.0837 103.052
internal_count=10887 4667 1320 6220 414 5806
is_linear=0
shrinkage=0.05


Tree=254
num_leaves=7
num_cat=0
split_feature=19 24 24 23 21 8
split_gain=2.08361 1.78193 1.76193 1.76134 1.69042 1.48294
threshold=-0.82069129090075121 -1.1820993565214393 -1.585863240131026 -0.6337361608115698 -1.1364758586022319 -0.74035698565838437
decision_type=2 2 2 2 2 2
left_child=1 2 -1 -4 -2 -6
right_child=4 -3 3 -5 5 -7
leaf_value=-0.012490603264235388 0.023977430310993836 -0.021449403856413099 0.024217749832462769 -0.016008959529289313 -0.0079311505646520487 0.0028116423881392794
leaf_weight=9.8702628731844033 4.9496336762094861 17.48468583675276 6.6596922016469762 1.4288345950772035 38.43739165464649 140.00807069274015
leaf_count=493 118 1679 242 205 1720 6383
internal_value=-0.000780088 -0.0113701 0.000108672 0.014703 0.00141663 0.000404757
internal_weight=218.839 35.4435 17.9588 8.08853 183.395 178.445
internal_count=10840 2619 940 447 8221 8103
is_linear=0
shrinkage=0.05


Tree=255
num_leaves=7
num_cat=0
split_feature=32 29 67 24 7 26
split_gain=1.59676 1.86254 3.07096 2.78773 3.10767 2.03888
threshold=0.34200513868183041 -0.58783462649460783 1.5671838788734958 1.0363118169118948 2.4687106239832288 0.70872288270619677
decision_type=2 2 2 2 2 2
left_child=-1 -2 3 4 -3 -4
right_child=1 2 5 -5 -6 -7
leaf_value=0.0036201523679869427 0.0039313301114346066 -0.030465635715429908 -0.011334430151692098 -0.00063525051165104658 0.019650534715104515 0.032287675364698426
leaf_weight=137.45956368348561 33.189393883192679 23.295303899096329 2.4894680159632108 18.691138136433437 1.4506206467631262 3.6654348908923566
leaf_count=7196 1491 1092 99 905 46 65
internal_value=0.000341888 -0.00503794 -0.0109225 -0.0156648 -0.0257208 0.0167114
internal_weight=220.241 82.7814 49.592 43.4371 24.7459 6.1549
internal_count=10894 3698 2207 2043 1138 164
is_linear=0
shrinkage=0.05


Tree=256
num_leaves=7
num_cat=0
split_feature=22 10 5 67 35 31
split_gain=1.65595 1.42301 1.74612 1.71079 2.2001 2.00543
threshold=-2.3783791374972894 0.91672936588616138 -0.51248896502192498 0.14548162600178152 1.0000000180025095e-35 -0.15174566583683816
decision_type=2 2 2 2 2 2
left_child=-1 3 -3 4 -2 -5
right_child=1 2 -4 5 -6 -7
leaf_value=-0.02413412530941408 0.0032512972648926081 -0.0099121619124110383 0.016612747057249268 -0.019179724759408774 -0.023520521581523512 0.0048228553381643915
leaf_weight=3.5164256310963529 152.76267528273456 5.8526065000914995 24.200923584634438 19.610542633308796 5.0893424943787968 12.51924384589074
leaf_count=271 6248 400 1384 1590 254 754
internal_value=0.000724839 0.00144139 0.0110165 -0.000221014 0.00196557 -0.010214
internal_weight=223.552 220.035 30.0535 189.982 157.852 32.1298
internal_count=10901 10630 1784 8846 6502 2344
is_linear=0
shrinkage=0.05


Tree=257
num_leaves=7
num_cat=0
split_feature=25 29 12 10 18 24
split_gain=1.29086 2.37507 1.62607 2.96171 2.22694 2.49595
threshold=-1.2642124676067497 -2.1488821579575026 -0.30757515377301953 0.32177463611775875 1.4788265757229462 -1.3528106557970443
decision_type=2 2 2 2 2 2
left_child=1 -1 3 4 5 -2
right_child=2 -3 -4 -5 -6 -7
leaf_value=0.0057994809698921953 -0.013895935567197912 -0.032733939128846715 -0.0032423990275573262 -0.0070403740588892358 -0.01301318978961699 0.025373756698891709
leaf_weight=5.9594095217180438 2.7707729538669872 5.7424030419351748 150.43304174864898 21.643672916135984 3.7667972634662865 25.34823162437533
leaf_count=262 182 909 6427 1769 176 1134
internal_value=-0.00161961 -0.0159309 -0.000579518 0.00667886 0.0157959 0.0205376
internal_weight=215.664 11.7018 203.963 53.5295 31.8858 28.119
internal_count=10859 1171 9688 3261 1492 1316
is_linear=0
shrinkage=0.05


Tree=258
num_leaves=7
num_cat=0
split_feature=22 32 30 26 68 33
split_gain=1.4312 1.40593 1.28411 2.07896 2.40449 1.91884
threshold=-1.8230855144841669 -0.27450132701367536 0.86527648922001188 0.26892735096835735 -0.64690672796620396 -0.42345818658778617
decision_type=2 2 2 2 2 2
left_child=1 -1 -2 5 -5 -4
right_child=2 -3 3 4 -6 -7
leaf_value=0.0027018313991695759 0.0025714530496304868 -0.028930914684318187 -0.030611656187789472 -0.023583792108621857 0.015188448705865974 0.0012962365624317029
leaf_weight=5.3295490621239878 178.66916816802404 5.1917834844207373 9.4339600282255578 2.5648880664957678 11.860786635370458 7.2087241286644739
leaf_count=324 8524 328 516 203 653 359
internal_value=-9.07336e-05 -0.0158631 0.00091302 -0.00801095 0.00542138 -0.0187037
internal_weight=220.259 10.5213 209.738 31.0684 14.4257 16.6427
internal_count=10907 652 10255 1731 856 875
is_linear=0
shrinkage=0.05


Tree=259
num_leaves=7
num_cat=0
split_feature=56 8 12 26 26 30
split_gain=1.24886 2.1345 1.95974 1.75771 1.63972 1.22824
threshold=1.0000000180025095e-35 0.48981564607011491 0.49894032201610766 -0.64119849377437277 0.3651258989982043 -0.59239733821469576
decision_type=2 2 2 2 2 2
left_child=1 2 3 -1 -5 -4
right_child=-2 -3 5 4 -6 -7
leaf_value=-0.018258528577064389 0.0017308409125019861 -0.026740961474353155 0.011890308774403672 0.031218881137220225 -0.0083863457333641471 -0.022933119016418466
leaf_weight=1.0879088438232454 195.07538613768702 7.9899709066376081 1.3863553109113125 6.598347204562744 2.1289642583578825 6.1190171550260848
leaf_count=86 9482 568 31 223 190 294
internal_value=0.000331173 -0.00949672 0.0012315 0.0142016 0.0218837 -0.0149421
internal_weight=220.386 25.3106 17.3206 9.81522 8.72731 7.50537
internal_count=10874 1392 824 499 413 325
is_linear=0
shrinkage=0.05


Tree=260
num_leaves=7
num_cat=0
split_feature=67 32 27 24 33 32
split_gain=1.34694 2.47774 2.58226 2.40125 2.20874 2.14115
threshold=-1.2143357852156262 1.2107187948891343 -0.80420894909099028 0.8609719303465726 -0.66808451497087595 0.31398211751385285
decision_type=2 2 2 2 2 2
left_child=1 2 -1 5 -5 -2
right_child=3 -3 -4 4 -6 -7
leaf_value=-0.025066759381894434 0.00072978656623755691 -0.033095485499281201 0.02167077097733797 -0.0012529461649510006 0.021347484744627269 -0.012279127498207622
leaf_weight=1.7813700417173093 126.13988758690539 5.6234240302001126 4.9510932629636937 19.884667327278294 19.897432015277445 39.08374475769233
leaf_count=257 6791 405 202 857 657 1716
internal_value=-0.000886367 -0.0151697 0.00538948 0.000180871 0.0107552 -0.00251158
internal_weight=217.362 12.3559 6.73246 205.006 39.7821 165.224
internal_count=10885 864 459 10021 1514 8507
is_linear=0
shrinkage=0.05


Tree=261
num_leaves=7
num_cat=0
split_feature=3 68 68 68 22 22
split_gain=1.18424 1.67199 1.39717 2.29818 2.21795 2.07178
threshold=2.3260761889354504 -0.2426821427570357 -0.57718250663253035 -0.53017851159189022 0.15062285975108902 -0.80571327424646089
decision_type=2 2 2 2 2 2
left_child=2 -2 5 4 -4 -1
right_child=1 -3 3 -5 -6 -7
leaf_value=-0.010887007624339501 -0.0042512487120387153 0.033814539827755057 -0.041255123001633587 -0.00046067242355380734 0.0038183718399120215 0.010525794390965669
leaf_weight=11.503427147399632 4.1611703728558496 3.4279479209799311 3.9744501171517177 141.83290447207401 3.7183558165561408 53.882544131192844
leaf_count=523 168 88 219 7481 161 2186
internal_value=0.00132572 0.0176515 0.000514134 -0.0021557 -0.0245098 0.00644628
internal_weight=222.501 7.58912 214.912 149.526 7.69281 65.386
internal_count=10826 256 10570 7861 380 2709
is_linear=0
shrinkage=0.05


Tree=262
num_leaves=7
num_cat=0
split_feature=13 11 67 11 20 13
split_gain=1.41246 2.48389 1.72309 1.5482 1.39108 1.49589
threshold=-1.1117345162156587 -1.1403650871674151 -1.0626701859074437 -0.10189603004793839 -0.72908830256346746 -0.97455845938057195
decision_type=2 2 2 2 2 2
left_child=3 2 -2 -1 5 -3
right_child=1 4 -4 -5 -6 -7
leaf_value=0.012465063564310959 0.0047764218731401169 -0.0057713745685572231 -0.035751286000331554 -0.017040628764064102 -0.0015481559668372204 0.018855722613830853
leaf_weight=33.131337190483464 2.8983982614881825 7.5780791926372357 5.3376455132965912 2.430783230054657 154.91844034031965 15.26792919114814
leaf_count=1265 205 385 339 161 7953 599
internal_value=0.000564875 -0.00122214 -0.0240216 0.00927945 0.000215322 0.0109651
internal_weight=221.563 186 8.23604 35.5621 177.764 22.846
internal_count=10907 9481 544 1426 8937 984
is_linear=0
shrinkage=0.05


Tree=263
num_leaves=7
num_cat=0
split_feature=20 20 68 68 29 68
split_gain=1.50526 1.58052 1.38674 2.72532 2.50538 2.38086
threshold=1.5550598656147723 0.98161869913593425 -0.060187421887189237 -0.15233870530366297 0.54318647212654958 0.27138129988597909
decision_type=2 2 2 2 2 2
left_child=1 2 3 -1 -5 -4
right_child=-2 -3 5 4 -6 -7
leaf_value=0.000270573383802695 -0.015825157521841965 0.018256663303636383 0.018320460320639231 -0.035177230957775855 0.013842913852284004 -0.0018573988139734953
leaf_weight=139.89525700564263 9.5709436274919408 10.959624202208941 23.887094693549443 7.1762310521444288 1.6963271775748578 30.956111838808283
leaf_count=5714 1016 598 912 418 70 2239
internal_value=0.00101758 0.0019767 0.000848051 -0.00167557 -0.0246755 0.00742549
internal_weight=224.142 214.571 203.611 148.768 8.87256 54.8432
internal_count=10967 9951 9353 6202 488 3151
is_linear=0
shrinkage=0.05


Tree=264
num_leaves=7
num_cat=0
split_feature=25 20 30 8 28 34
split_gain=1.52406 2.19227 1.93933 1.80068 2.51067 2.75037
threshold=-0.42771944341404683 1.709593823543373 0.082735802912958192 -1.9705296173868836 -0.74078457742126125 1.0000000180025095e-35
decision_type=2 2 2 2 2 2
left_child=2 -2 3 -1 -5 -6
right_child=1 -3 -4 4 5 -7
leaf_value=0.020033333878396259 0.0048756150805488434 -0.021575222948044703 -0.027490263712541613 -0.019537474176915912 -0.022295471061006062 0.009197073007605595
leaf_weight=5.1752121124009127 152.80527701263782 5.3087583938031448 5.6757901353703337 16.568996348534711 5.8555795573192873 29.344316815841012
leaf_count=245 6365 498 480 904 749 1641
internal_value=0.000998352 0.00360231 -0.0054407 -0.00197715 -0.0051543 0.00261869
internal_weight=220.734 158.114 62.6199 56.9441 51.7689 35.1999
internal_count=10882 6863 4019 3539 3294 2390
is_linear=0
shrinkage=0.05


Tree=265
num_leaves=7
num_cat=0
split_feature=25 12 32 25 19 2
split_gain=1.09144 2.32507 2.36055 2.95661 2.39756 2.28032
threshold=0.62220320815040731 0.22296592520379613 -0.10636320000581019 1.6954750527662028 0.88766639099964795 1.262207794846143
decision_type=2 2 2 2 2 2
left_child=-1 5 4 -4 -3 -2
right_child=1 2 3 -5 -6 -7
leaf_value=-0.0021211287813493341 0.02671920768015645 -0.013164405393921538 -0.00039799716878140349 -0.03481167466546245 0.021605498020564051 -0.0065689599922603027
leaf_weight=154.27428857260384 15.36919592425693 4.7441509828204316 23.797636816045273 5.4943867679685345 13.495163530926218 5.7409115326590827
leaf_count=8225 500 266 868 296 575 327
internal_value=0.00021186 0.00532459 -0.00102768 -0.00948746 0.0119796 0.0179755
internal_weight=222.916 68.6414 47.5313 29.292 18.2393 21.1101
internal_count=11057 2832 2005 1164 841 827
is_linear=0
shrinkage=0.05


Tree=266
num_leaves=7
num_cat=0
split_feature=68 28 24 68 10 57
split_gain=1.316 1.90298 2.42825 1.73613 2.46116 1.92749
threshold=-0.91021704945686122 0.66229405929777918 1.0363118169118948 -0.57718250663253035 0.35538758483047472 1.4659910218423808
decision_type=2 2 2 2 2 2
left_child=1 2 -1 4 5 -2
right_child=3 -3 -4 -5 -6 -7
leaf_value=-0.028412092083129999 0.018971238449152147 0.012295111906746058 0.012640587915343943 -0.0011978022523144911 -0.0086659791811753099 -0.016948225105617627
leaf_weight=11.488682895607782 33.095637134858407 4.1680993455229318 2.8669405301334328 153.01029404153815 11.788834396284072 1.8532702804077406
leaf_count=611 1171 214 147 8087 592 94
internal_value=0.000172348 -0.0115853 -0.0194457 0.00141799 0.00953732 0.0158773
internal_weight=218.272 18.5237 14.3556 199.748 46.7377 34.9489
internal_count=10916 972 758 9944 1857 1265
is_linear=0
shrinkage=0.05


Tree=267
num_leaves=7
num_cat=0
split_feature=22 28 67 32 23 29
split_gain=2.27881 1.37258 2.37245 1.69241 1.62682 1.46717
threshold=1.3951677505101936 1.1921303052809107 1.6866138117154663 0.62223535036160571 0.58469744486408526 1.3158203703873783
decision_type=2 2 2 2 2 2
left_child=1 2 5 -4 -3 -1
right_child=-2 4 3 -5 -6 -7
leaf_value=0.0033248892396724712 -0.022769085698543842 -0.0037555912636013061 -0.036537424699968284 0.0089104523791793348 0.031629575252645689 -0.016241759502269453
leaf_weight=193.19427210831782 6.4246129977109367 4.423926461953668 3.7505503972934084 1.5285879611037669 5.2193084067257587 7.1215105283772564
leaf_count=8385 764 249 548 38 301 608
internal_value=0.0013315 0.00235398 0.00135016 -0.0249176 0.018357 0.00239988
internal_weight=221.663 215.238 205.595 5.27914 9.64323 200.316
internal_count=10893 10129 9579 586 550 8993
is_linear=0
shrinkage=0.05


Tree=268
num_leaves=7
num_cat=0
split_feature=66 67 28 28 67 15
split_gain=1.39632 1.39679 2.9304 1.78947 2.66801 3.91958
threshold=2.3146227535264754 -1.1583009271903528 0.36864139040299609 0.19479509137426329 0.69055428461193813 -0.64851250791107151
decision_type=2 2 2 2 2 2
left_child=1 2 -1 -3 -5 -6
right_child=-2 3 -4 4 5 -7
leaf_value=-0.025028945915835002 0.01136188280311755 0.003096970789750084 0.020517176898435914 -0.012250203835729473 -0.020483571182500743 0.022913530600447901
leaf_weight=12.066784392081898 18.162861415767111 111.06556239686324 2.1493404537031884 53.760888964752667 5.1374850909342085 12.332721606799167
leaf_count=815 1117 4648 62 2705 459 1032
internal_value=-0.000865685 -0.00214968 -0.0157675 -0.000849625 -0.00687974 0.00902004
internal_weight=214.676 196.513 14.2161 182.297 71.2311 17.4702
internal_count=10838 9721 877 8844 4196 1491
is_linear=0
shrinkage=0.05


Tree=269
num_leaves=7
num_cat=0
split_feature=4 28 23 13 22 67
split_gain=2.0332 3.24391 2.01852 1.91485 1.88423 1.75509
threshold=0.67059254347107944 0.064946173765799767 1.0779871214815113 1.2717595471012457 1.4814279618802102 -0.30293611021533823
decision_type=2 2 2 2 2 2
left_child=2 3 4 -2 -1 -5
right_child=1 -3 -4 5 -6 -7
leaf_value=0.0012578042574221326 -0.014496907415987768 -0.027764677010045858 0.019372091974419511 -0.011443579036035018 -0.028143422666308478 0.030327342763506095
leaf_weight=181.36713967419928 4.3493072401033732 12.541822836356003 12.180194193730129 1.7700719001586547 2.6158623973897184 5.1984126047464088
leaf_count=8098 244 1169 569 234 358 226
internal_value=0.000107226 -0.0128076 0.00184733 0.00611178 0.000394946 0.0194663
internal_weight=220.023 23.8596 196.163 11.3178 183.983 6.96848
internal_count=10898 1873 9025 704 8456 460
is_linear=0
shrinkage=0.05


Tree=270
num_leaves=7
num_cat=0
split_feature=24 33 58 68 21 27
split_gain=1.41074 2.51696 2.42574 2.32477 2.84461 2.20291
threshold=0.21075184504319899 0.29005249743195799 1.7939919405998537 1.7076904872193175 -0.66871171992384648 -0.39573464879082199
decision_type=2 2 2 2 2 2
left_child=1 2 3 4 -1 -3
right_child=-2 5 -4 -5 -6 -7
leaf_value=0.012818041075727725 0.0055436324521652815 0.00011231614661150397 0.016052115067742873 0.016978892842916243 -0.020424078225128255 0.023945832674106934
leaf_weight=5.4136331406771196 104.83947805527714 48.698184859880712 5.618969877716153 3.4694129910785696 42.638618239900097 9.1142208045930584
leaf_count=274 4436 2204 158 287 3003 479
internal_value=0.00142568 -0.00237546 -0.00957895 -0.0131037 -0.0161458 0.00486565
internal_weight=219.793 114.953 57.1406 51.5217 48.0523 57.8124
internal_count=10841 6405 3722 3564 3277 2683
is_linear=0
shrinkage=0.05


Tree=271
num_leaves=7
num_cat=0
split_feature=22 19 33 25 30 17
split_gain=1.23054 2.37687 1.18939 2.54615 2.24637 1.50368
threshold=-1.8230855144841669 -1.377900587292771 -0.36230504973916011 0.26244560633482478 0.54305385368181336 0.78279247507204996
decision_type=2 2 2 2 2 2
left_child=1 -1 5 -4 -5 -2
right_child=2 -3 3 4 -6 -7
leaf_value=0.02000778012468872 -0.00080599037958906756 -0.02453898016082973 -0.00017726682893061258 -0.00057189451509907427 0.027675536477064635 -0.019528815614416013
leaf_weight=1.5286402558558609 89.651147731288802 8.7300132293021289 80.725302616367117 11.188039398577532 15.445003813016227 9.2283338944253028
leaf_count=54 4526 587 4102 420 524 596
internal_value=-0.000105677 -0.0148759 0.000831775 0.00441761 0.0169527 -0.00307698
internal_weight=216.496 10.2587 206.238 107.358 26.633 98.8795
internal_count=10809 641 10168 5046 944 5122
is_linear=0
shrinkage=0.05


Tree=272
num_leaves=7
num_cat=0
split_feature=19 32 30 5 68 68
split_gain=1.48605 2.67532 1.30984 1.25317 2.48114 2.5546
threshold=1.8172535235499674 -0.35857039051760792 1.4483460201938951 -0.38296718819236192 -0.40509511522594366 -0.098201047814027359
decision_type=2 2 2 2 2 2
left_child=3 2 -2 4 -1 -6
right_child=1 -3 -4 -5 5 -7
leaf_value=0.0040120840493298648 -0.013554161145905666 -0.031602203712246632 0.028703247674447797 0.0031345992149576932 -0.022144030153757138 -0.0014036996838307425
leaf_weight=45.993119075719733 0.78414060105569694 6.7245657328749058 1.6024532837327568 104.90090225821768 25.346504536981229 32.092081956303446
leaf_count=1816 60 379 49 5662 1129 1864
internal_value=-0.00167243 -0.018702 0.0150029 -0.00067275 -0.00451369 -0.0112009
internal_weight=217.444 9.11116 2.38659 208.333 103.432 57.4386
internal_count=10959 488 109 10471 4809 2993
is_linear=0
shrinkage=0.05


Tree=273
num_leaves=7
num_cat=0
split_feature=30 13 68 68 67 24
split_gain=1.28171 2.41927 1.68666 2.93927 4.56759 3.67043
threshold=1.233530929835096 -0.75491622759794608 -0.57718250663253035 -0.098201047814027359 -0.47057199124076127 0.27219312701746373
decision_type=2 2 2 2 2 2
left_child=2 -2 -1 5 -5 -4
right_child=1 -3 3 4 -6 -7
leaf_value=0.0081525565426131246 0.014032288362330766 -0.02168640487375818 -0.018289287193755333 -0.013187806045291307 0.015402882120105653 0.0027261690791033199
leaf_weight=61.769894692231901 4.3955666705733192 12.661991110537199 38.352395500958664 17.695445375240524 41.47304154545418 40.400469572457951
leaf_count=2502 174 845 1983 1300 2616 1428
internal_value=0.000301532 -0.0117599 0.00149063 -0.00160305 0.00662853 -0.00780387
internal_weight=216.749 17.0576 199.691 137.921 59.1685 78.7529
internal_count=10848 1019 9829 7327 3916 3411
is_linear=0
shrinkage=0.05


Tree=274
num_leaves=7
num_cat=0
split_feature=8 17 21 23 67 31
split_gain=1.45676 1.71776 1.56087 4.29414 4.10351 2.47761
threshold=-0.74035698565838437 0.69721509315274111 -0.10531823046424886 0.76988368436093368 -0.22301526562167076 1.8988590427194996
decision_type=2 2 2 2 2 2
left_child=1 -1 -2 -4 -5 -6
right_child=2 -3 3 4 5 -7
leaf_value=-0.011774739927607138 0.0071132547676934152 0.0078330223372949839 -0.012333004599418046 -0.016078987295046306 0.024893896510344796 -0.01918071833104321
leaf_weight=37.932381802849704 91.508012039324967 12.98088844277663 43.598108127116575 8.1167954361590073 22.932681280770343 1.4165419465862203
leaf_count=1872 4078 562 2323 563 1286 196
internal_value=0.000554807 -0.00661784 0.00281213 -0.00243585 0.0107739 0.0205071
internal_weight=218.485 50.9133 167.572 76.0641 32.466 24.3492
internal_count=10880 2434 8446 4368 2045 1482
is_linear=0
shrinkage=0.05


Tree=275
num_leaves=7
num_cat=0
split_feature=67 67 67 28 68 15
split_gain=1.42364 2.0755 2.15833 1.65157 1.31572 2.07157
threshold=-1.1583009271903528 -1.0489912924365901 -0.76475499587344664 0.45544206982294305 0.27138129988597909 -0.16233689512534449
decision_type=2 2 2 2 2 2
left_child=3 -2 4 -1 5 -3
right_child=1 2 -4 -5 -6 -7
leaf_value=-0.01986927703412068 0.019044835332010353 0.0048148666440250305 0.00081563837215064866 0.015471485408444289 -0.035913904970570183 -0.026531551390740839
leaf_weight=14.222735525108872 10.590766841487492 12.451399369922004 166.95401573122945 1.748230657482053 3.0552675652725148 5.3072424929123381
leaf_count=950 419 476 8457 61 251 262
internal_value=-0.00108021 0.000168749 -0.00117868 -0.0141659 -0.0152632 -0.00703358
internal_weight=214.33 198.359 187.768 15.971 20.8139 17.7586
internal_count=10876 9865 9446 1011 989 738
is_linear=0
shrinkage=0.05


Tree=276
num_leaves=7
num_cat=0
split_feature=13 22 31 3 32 13
split_gain=0.967205 2.65112 2.34938 2.19533 1.95163 1.94099
threshold=0.78359344402469921 0.27215010699711445 0.50071946870381479 -1.0489161267220155 1.2107187948891343 1.329229105818275
decision_type=2 2 2 2 2 2
left_child=2 5 -1 -3 -4 -2
right_child=1 3 4 -5 -6 -7
leaf_value=0.00050678365109316453 -0.010564688836619811 0.016108516268606161 0.026429166444925285 -0.030443301278520088 -0.01807364238426638 0.016909916148570011
leaf_weight=174.09944712612196 9.4480915294552741 1.1474651178868942 11.856984664627813 10.246416482346829 0.77606964926235456 10.568246544658903
leaf_count=7946 524 108 490 989 50 711
internal_value=0.000794211 -0.00693188 0.00218287 -0.0233749 0.0207516 0.0042547
internal_weight=218.143 31.4102 186.733 11.3939 12.6331 20.0163
internal_count=10818 2332 8486 1097 540 1235
is_linear=0
shrinkage=0.05


Tree=277
num_leaves=7
num_cat=0
split_feature=33 33 23 24 63 7
split_gain=1.24713 2.58557 2.51697 1.71705 1.98023 2.53784
threshold=1.8394145916401627 2.1655761389899899 -2.2770512950425212 -0.60886167787690149 1.0000000180025095e-35 0.13411911700640458
decision_type=2 2 2 2 2 2
left_child=3 -2 -3 4 -1 -6
right_child=1 2 -4 -5 5 -7
leaf_value=0.00120734152514755 0.02640785491250601 0.015789515218365777 -0.023925407779084293 0.00086324804735846887 -0.031682765510107506 0.014282633160091499
leaf_weight=14.785455841978546 9.7375907277164533 4.7764476328156888 5.4286779827671108 173.16155951810651 11.605757774290394 1.9206820919644094
leaf_count=1143 352 160 387 7486 1307 164
internal_value=0.000171881 0.0112236 -0.00597292 -0.00107068 -0.0118484 -0.023748
internal_weight=221.416 19.9427 10.2051 201.473 28.3119 13.5264
internal_count=10999 899 547 10100 2614 1471
is_linear=0
shrinkage=0.05


Tree=278
num_leaves=7
num_cat=0
split_feature=22 68 32 12 30 68
split_gain=1.72728 4.21928 2.90531 2.06122 1.87914 2.13127
threshold=-0.6042318419128837 -0.43397178993386359 -0.5547315386934506 0.26587628893243892 -0.36223831283026836 -0.53765419895282351
decision_type=2 2 2 2 2 2
left_child=1 -1 -3 -4 -2 -6
right_child=4 2 3 -5 5 -7
leaf_value=-0.023856913225544923 0.011351957834771817 -0.0201186487584636 0.023740231597938019 -0.0020353127530719664 0.0085780832418208657 -0.0050705814217569447
leaf_weight=19.510316856962163 45.737296409803093 6.8728383691341142 12.747132252756275 14.428588773182126 41.062035064678639 78.528910768334754
leaf_count=924 2566 612 513 577 1663 4027
internal_value=0.000543275 -0.00702431 0.0037718 0.0112133 0.00307633 -0.00028902
internal_weight=218.887 53.5589 34.0486 27.1757 165.328 119.591
internal_count=10882 2626 1702 1090 8256 5690
is_linear=0
shrinkage=0.05


Tree=279
num_leaves=7
num_cat=0
split_feature=11 29 29 28 66 28
split_gain=1.56336 2.80847 2.34241 1.70221 1.36105 1.30637
threshold=1.0093035635997727 0.97088224193822581 1.3158203703873783 1.5646230974583613 -0.48067560682496019 1.1921303052809107
decision_type=2 2 2 2 2 2
left_child=3 -2 4 5 -3 -1
right_child=1 2 -4 -5 -6 -7
leaf_value=-0.0014468586301532723 -0.0096379692387816521 0.03928234075764192 -0.0017561717022070711 -0.027866244024511655 -0.0072853535851694481 0.015942417328369096
leaf_weight=181.96346585082938 8.5814908987085818 9.0475281294202432 6.3488352168351403 2.833611049631144 0.83610304712783623 8.4723819953505863
leaf_count=8424 560 330 625 377 60 456
internal_value=0.000316569 0.0114068 0.0223003 -0.0012599 0.0345638 -0.000437967
internal_weight=218.083 24.814 16.2325 193.269 9.88363 190.436
internal_count=10832 1575 1015 9257 390 8880
is_linear=0
shrinkage=0.05


Tree=280
num_leaves=7
num_cat=0
split_feature=31 52 13 28 13 31
split_gain=1.36599 1.23159 1.09722 2.29394 1.82505 2.19551
threshold=2.0852776525882577 1.0000000180025095e-35 1.329229105818275 0.07688700797171838 0.78359344402469921 0.40751016376943577
decision_type=2 2 2 2 2 2
left_child=1 2 4 -4 5 -1
right_child=-2 -3 3 -5 -6 -7
leaf_value=-0.00037856793316945253 -0.024453819844676112 -0.026387969008167547 0.02565228069891547 -0.008564655207254265 -0.015492827098279191 0.018405202321986561
leaf_weight=168.47037770530733 2.6455100382445371 1.1930365238804359 9.1611917111003986 6.240843523235525 14.612899077939799 14.126957573054822
leaf_count=7816 362 64 533 615 916 569
internal_value=-0.000175183 0.000459446 0.000975158 0.0126517 -0.00011269 0.00134868
internal_weight=216.451 213.805 212.612 15.402 197.21 182.597
internal_count=10875 10513 10449 1148 9301 8385
is_linear=0
shrinkage=0.05


Tree=281
num_leaves=7
num_cat=0
split_feature=24 30 3 68 22 56
split_gain=1.46569 1.92256 2.20181 1.81877 2.26977 2.05073
threshold=0.90066849494935386 0.94199616434815436 2.582654552114088 1.2925699655298348 -1.8230855144841669 1.0000000180025095e-35
decision_type=2 2 2 2 2 2
left_child=1 3 -3 4 -1 -6
right_child=-2 2 -4 -5 5 -7
leaf_value=-0.025781704232908716 0.0061797096379424257 -0.023183443717220236 0.013582994663850656 0.018838743461152829 -0.017367472457768093 0.0011078885990186099
leaf_weight=7.1287088574899817 45.369739604459028 17.814869343535978 2.9615410193800917 7.2745594953303216 14.142967284249606 119.07422724865319
leaf_count=479 1957 1241 115 682 782 5553
internal_value=-0.00153499 -0.00368528 -0.0168901 -0.00152742 -0.00295523 -0.00119284
internal_weight=213.767 168.397 20.7764 147.62 140.346 133.217
internal_count=10809 8852 1356 7496 6814 6335
is_linear=0
shrinkage=0.05


Tree=282
num_leaves=7
num_cat=0
split_feature=67 23 56 67 24 15
split_gain=1.83036 3.08164 2.01333 2.03908 1.54649 1.42028
threshold=-0.83132676803172545 -0.38283649643126633 1.0000000180025095e-35 -0.62531013387932599 1.4276524436640117 1.9906984708413
decision_type=2 2 2 2 2 2
left_child=1 -1 3 -2 -5 -4
right_child=2 -3 5 4 -6 -7
leaf_value=-0.0015325658848014197 0.017826932903749516 -0.031442201235513764 0.0044642673001040328 -0.022496272872266961 0.015730952299222955 -0.019948137855694801
leaf_weight=31.945405483595096 2.2745521569158909 8.9638841206906346 151.88405211031204 16.339455291046765 0.91223092970903863 3.2648176735528969
leaf_count=1494 70 661 7089 1082 17 433
internal_value=-0.000653057 -0.0097867 0.00161519 -0.0124075 -0.018444 0.00358189
internal_weight=215.584 40.9093 174.675 19.5262 17.2517 155.149
internal_count=10846 2155 8691 1169 1099 7522
is_linear=0
shrinkage=0.05


Tree=283
num_leaves=7
num_cat=0
split_feature=67 28 24 68 22 19
split_gain=1.33338 2.02124 1.66706 1.53268 2.5686 1.48012
threshold=-1.1583009271903528 0.39827915325255819 0.92991859518298237 0.21255301503261917 -0.048263500038263497 -0.03568246860767408
decision_type=2 2 2 2 2 2
left_child=1 5 -2 -4 -5 -1
right_child=2 -3 3 4 -6 -7
leaf_value=-0.02971846610574377 -0.001550401734084476 0.016891327114735268 0.015871441318239685 0.017880043494607825 -0.0289104638466742 0.0027468075144519233
leaf_weight=9.0474049075273779 168.67231124668615 2.1478134383505667 24.509611338144172 2.7598298858501948 3.3146783097472499 4.2867916813120237
leaf_count=794 8653 74 851 111 280 124
internal_value=-0.000735652 -0.0135841 0.00044934 0.0106313 -0.00876899 -0.0206937
internal_weight=214.738 15.482 199.256 30.5841 6.07451 13.3342
internal_count=10887 992 9895 1242 391 918
is_linear=0
shrinkage=0.05


Tree=284
num_leaves=7
num_cat=0
split_feature=27 33 33 19 33 33
split_gain=1.36335 2.11391 1.97182 1.95518 2.19615 1.49494
threshold=-1.1406816270157916 2.1655761389899899 0.98318454458073756 -1.3835053799079009 1.8394145916401627 -0.01573041304690442
decision_type=2 2 2 2 2 2
left_child=1 3 5 -1 -5 -2
right_child=2 -3 -4 4 -6 -7
leaf_value=-0.016729341276291165 -0.0045066114980875805 -0.0092863495711728479 -0.020258199141498581 0.0037247268460722845 0.037332315363191829 0.0056045950029409925
leaf_weight=1.6673553190194095 122.66939124689088 9.7293376041634456 12.48742165401927 10.15399639983662 7.8563831264036699 48.696470313239843
leaf_count=119 6471 544 727 429 235 2334
internal_value=-0.00153683 0.00796117 -0.00315944 0.0165893 0.0216221 -0.00158635
internal_weight=213.26 29.4071 183.853 19.6777 18.0104 171.366
internal_count=10859 1327 9532 783 664 8805
is_linear=0
shrinkage=0.05


Tree=285
num_leaves=7
num_cat=0
split_feature=33 33 58 22 18 63
split_gain=1.06784 2.46681 1.28149 1.94444 1.41712 1.88846
threshold=1.8394145916401627 2.1655761389899899 1.6026652147859259 0.81257396433183127 0.64540227587075127 1.0000000180025095e-35
decision_type=2 2 2 2 2 2
left_child=2 -2 4 -4 5 -1
right_child=1 -3 3 -5 -6 -7
leaf_value=0.0011377893028487673 0.026022467083562401 -0.0060398059743988659 0.019632001081192167 -0.018216937850358054 0.0041625009535224047 -0.011240574527873508
leaf_weight=61.688840634771623 9.3487129945424403 9.8921392312331573 12.388666549406478 1.8192797615192819 62.423698293787311 57.580697945755674
leaf_count=3247 346 543 341 112 2686 3599
internal_value=0.000562764 0.0109473 -0.000606912 0.0124546 -0.001814 -0.00496738
internal_weight=215.142 19.2409 195.901 14.2079 181.693 119.27
internal_count=10874 889 9985 453 9532 6846
is_linear=0
shrinkage=0.05


Tree=286
num_leaves=7
num_cat=0
split_feature=17 12 31 17 68 68
split_gain=1.9208 2.04386 2.12258 1.49191 1.64022 2.92141
threshold=-0.28131904628807175 -1.1439949759659573 0.68713807857257281 -0.040007438913046832 0.87969703611880223 -0.060187421887189237
decision_type=2 2 2 2 2 2
left_child=-1 2 -2 -3 5 -5
right_child=1 3 -4 4 -6 -7
leaf_value=-0.010133950763040252 0.032990018766499089 0.015285168836498931 -0.015303987751042603 -0.0033289993735835864 -0.017562604413191185 0.012704659753326684
leaf_weight=39.026730524303275 6.1611661886563516 12.427084788883802 1.0765049638430353 115.68372696323786 10.671170239744241 34.355831910768757
leaf_count=2711 423 514 235 4723 825 1569
internal_value=-0.000498454 0.001718 0.0234272 0.000426935 -0.000981037 0.000519441
internal_weight=219.402 180.375 7.23767 173.138 160.711 150.04
internal_count=11000 8289 658 7631 7117 6292
is_linear=0
shrinkage=0.05


Tree=287
num_leaves=7
num_cat=0
split_feature=33 33 25 29 66 13
split_gain=1.47188 1.80977 1.75149 1.69972 1.63598 1.61091
threshold=2.0024953653150765 2.1655761389899899 -0.78702697316730796 -2.6574481141532584 -0.30151200643525161 -1.0348669492690186
decision_type=2 2 2 2 2 2
left_child=2 -2 5 -3 -4 -1
right_child=1 3 4 -5 -6 -7
leaf_value=0.0035465702384823352 0.029941247359459716 0.020186409785710593 -0.0023363022445352368 -0.012809504286208171 0.0091933187838797292 -0.023641986795376255
leaf_weight=7.26591416273732 5.5975056817114845 3.2118365293135875 145.1967204020475 7.5081754110869925 35.828484899539035 12.732041731564093
leaf_count=347 185 88 6381 460 1852 1604
internal_value=-0.000347586 0.012849 -0.00159196 -0.000671271 5.83089e-05 -0.0145895
internal_weight=217.341 16.3175 201.023 10.72 181.025 19.998
internal_count=10917 733 10184 548 8233 1951
is_linear=0
shrinkage=0.05


Tree=288
num_leaves=7
num_cat=0
split_feature=6 18 19 24 67 67
split_gain=1.07309 1.2907 1.1213 1.08782 1.71084 2.226
threshold=2.9444833858744892 -0.37593520062594055 -0.60083138510896295 0.92991859518298237 -1.0489912924365901 -0.76475499587344664
decision_type=2 2 2 2 2 2
left_child=3 2 -2 4 -1 -6
right_child=1 -3 -4 -5 5 -7
leaf_value=0.016208317569753015 -0.0071627431907917115 -0.0099227974334780873 0.043594428125871415 0.0068549467818617774 -0.019937594792710022 -0.00094882871600585799
leaf_weight=9.5593599255371355 0.46476946285110909 0.88250791671452944 1.3553985776961781 45.252162852659239 14.279518933064535 147.97772594142589
leaf_count=574 135 75 46 1932 609 7593
internal_value=0.000777014 0.0221876 0.0342423 0.000211607 -0.00162569 -0.00295154
internal_weight=219.771 2.70268 1.82017 217.069 171.817 162.257
internal_count=10964 256 181 10708 8776 8202
is_linear=0
shrinkage=0.05


Tree=289
num_leaves=7
num_cat=0
split_feature=31 67 67 18 28 13
split_gain=1.21678 1.24405 2.39 2.64536 1.69293 1.60615
threshold=1.8056497377851206 -0.8113639158851752 -1.0415963576414329 1.4788265757229462 0.36864139040299609 1.329229105818275
decision_type=2 2 2 2 2 2
left_child=1 2 3 -1 -5 -3
right_child=-2 5 -4 4 -6 -7
leaf_value=0.012700310568476243 -0.020442620788363151 0.0015593064401827636 -0.019935929545708466 -0.02656681748426204 0.014697730810335308 0.018424803923681895
leaf_weight=19.055652883354927 3.7049841989355619 157.95888133111293 15.716373983741503 6.4337820005894164 1.2210895306197924 12.593568568176122
leaf_count=997 441 7481 748 394 35 835
internal_value=0.000544533 0.00118851 -0.00619897 0.00308068 -0.0176994 0.00310161
internal_weight=216.684 212.979 42.4269 26.7105 7.65487 170.552
internal_count=10931 10490 2174 1426 429 8316
is_linear=0
shrinkage=0.05


Tree=290
num_leaves=7
num_cat=0
split_feature=68 30 25 68 58 33
split_gain=1.27812 1.5876 1.72841 2.89002 3.65955 2.96846
threshold=-0.90049376981747764 -0.34689437780463983 0.58306057727578742 -0.7124289289532092 -0.22263826968646502 -1.0000000180025095e-35
decision_type=2 2 2 2 2 2
left_child=-1 -2 3 -3 5 -5
right_child=1 2 -4 4 -6 -7
leaf_value=-0.0096584643063257983 0.0091582702611078433 0.015919465078818609 0.0056278243912387393 -0.02610645868069247 0.013786391793439946 -0.0024131876737139134
leaf_weight=20.006915270001628 63.015424628712935 10.578835749882272 63.370304166339338 25.932849644450467 11.195291844487654 25.580759849195605
leaf_count=1037 3339 419 2658 1843 353 1281
internal_value=0.00154239 0.00279105 -0.000278644 -0.00540631 -0.00956648 -0.0151211
internal_weight=219.68 199.673 136.658 73.2877 62.7089 51.5136
internal_count=10930 9893 6554 3896 3477 3124
is_linear=0
shrinkage=0.05


Tree=291
num_leaves=7
num_cat=0
split_feature=66 3 3 18 31 25
split_gain=1.14809 1.17385 1.44152 1.43228 1.37239 3.95075
threshold=2.3146227535264754 2.3260761889354504 1.9510770427512871 0.17776271893061005 -0.3381642757055961 -0.20404726698764791
decision_type=2 2 2 2 2 2
left_child=1 2 4 -3 -1 -6
right_child=-2 3 -4 -5 5 -7
leaf_value=0.0023227028059366541 0.011231678442358712 0.030328744007809841 -0.026556965087746472 -0.0057220176337588347 -0.024515471993751023 0.00045320393992591884
leaf_weight=111.74519032235548 17.613856868527364 3.309131095535121 2.7987475208938113 3.4721248266287148 18.563737197546288 59.318078183569014
leaf_count=5142 1109 86 187 152 1633 2570
internal_value=-9.27089e-06 -0.00115508 -0.0019848 0.0157765 -0.00121418 -0.00618683
internal_weight=216.821 199.207 192.426 6.78126 189.627 77.8818
internal_count=10879 9770 9532 238 9345 4203
is_linear=0
shrinkage=0.05


Tree=292
num_leaves=7
num_cat=0
split_feature=24 68 26 19 12 68
split_gain=1.41217 2.63381 2.28715 2.05417 1.79262 1.76677
threshold=0.23471442715767174 1.564333188415534 0.68809738034927748 -0.3817075231266967 0.031324949731332076 -0.060187421887189237
decision_type=2 2 2 2 2 2
left_child=1 2 5 -2 -3 -1
right_child=3 4 -4 -5 -6 -7
leaf_value=-0.0077498868278667189 -0.010611098278557498 0.033266927850293053 -0.027092835047197068 0.0068333334425595294 -0.013795888967231671 0.006929263656009624
leaf_weight=72.819287856371375 18.211745392531157 4.2951954794116309 9.1091308655741141 82.37500835879473 0.91418810596223909 25.472133257921087
leaf_count=3438 1161 423 1052 3162 87 1514
internal_value=-0.000792638 -0.00458163 -0.00650695 0.00345909 0.0229846 -0.00385324
internal_weight=213.197 112.61 107.401 100.587 5.20938 98.2914
internal_count=10837 6514 6004 4323 510 4952
is_linear=0
shrinkage=0.05


Tree=293
num_leaves=7
num_cat=0
split_feature=67 67 67 24 32 25
split_gain=0.880178 0.914219 1.06807 1.76268 1.61526 2.67427
threshold=-1.4699297286989368 -1.3859295186666263 -1.1583009271903528 0.8609719303465726 0.061774927002054995 0.86393282125903514
decision_type=2 2 2 2 2 2
left_child=-1 -2 -3 4 -4 -6
right_child=1 2 3 -5 5 -7
leaf_value=-0.022105482909123023 0.019417453463860462 -0.013189091324661251 0.002238754252063881 0.010067138120916457 -0.0021625382241597319 -0.026820411932105923
leaf_weight=1.4767557681916503 3.074587362818419 11.860260379296959 102.01496533706086 37.297222444496583 48.91815509571461 11.424907685723154
leaf_count=380 120 522 5865 1457 2021 554
internal_value=-0.000161493 0.000292215 -0.000253454 0.000698839 -0.00159686 -0.00788022
internal_weight=216.067 214.59 211.516 199.655 162.358 60.3431
internal_count=10919 10539 10419 9897 8440 2575
is_linear=0
shrinkage=0.05


Tree=294
num_leaves=7
num_cat=0
split_feature=5 5 3 28 67 24
split_gain=1.27199 1.61101 1.64592 2.17854 2.13669 2.16115
threshold=1.8189030179102104 -0.38296718819236192 -0.83181135787855287 0.40884219889625584 0.63309598843360615 0.94502578980914198
decision_type=2 2 2 2 2 2
left_child=1 -1 -3 -4 5 -5
right_child=-2 2 3 4 -6 -7
leaf_value=-0.0036267160692875244 -0.01981111125560741 0.020090030138528368 -0.0035719265719916086 -0.0061547794597999117 0.031200709728293349 0.023658459616123055
leaf_weight=110.4645959995687 5.0179191276693009 12.462354446033713 56.136535870915395 16.881444041267976 7.4781220767181358 5.8267603025306007
leaf_count=5117 589 1168 2360 921 516 183
internal_value=-0.000264897 0.000477223 0.005038 0.0022632 0.0124565 0.00336319
internal_weight=214.268 209.25 98.7852 86.3229 30.1863 22.7082
internal_count=10854 10265 5148 3980 1620 1104
is_linear=0
shrinkage=0.05


Tree=295
num_leaves=7
num_cat=0
split_feature=30 33 5 25 18 18
split_gain=1.03796 2.99081 2.44094 2.41755 2.11597 1.46883
threshold=0.69649320393809833 -0.19920704982851464 0.65320702644414264 0.010405251434833581 1.431554667223315 -0.39283270580701973
decision_type=2 2 2 2 2 2
left_child=-1 2 4 -3 -2 -4
right_child=1 3 5 -5 -6 -7
leaf_value=0.0014707171111872806 -0.025711703585513029 -0.018210448762560349 0.028996145917468547 0.021687005099257126 0.014428220392310934 -0.0091178946505354134
leaf_weight=173.16371439905197 22.686967991729041 2.7501565617858423 2.0457631611498073 10.155735703068784 1.8193889814428974 2.9380514263175419
leaf_count=8671 1282 203 122 401 61 168
internal_value=-0.000270282 -0.00700853 -0.015351 0.011354 -0.0214831 0.011544
internal_weight=215.56 42.3961 29.4902 12.9059 24.5064 4.98381
internal_count=10908 2237 1633 604 1343 290
is_linear=0
shrinkage=0.05


Tree=296
num_leaves=7
num_cat=0
split_feature=67 32 28 2 67 67
split_gain=2.06755 2.58409 1.87123 1.89298 1.66028 1.94326
threshold=1.5213561139457628 0.5381662868576732 1.4421223855150782 1.6344702368821866 -0.8113639158851752 -0.52830803144895799
decision_type=2 2 2 2 2 2
left_child=2 -2 4 -4 -1 -6
right_child=1 -3 3 -5 5 -7
leaf_value=-0.0070737608286353731 -0.029031598401102428 0.0089676516370968025 -0.035087664215511905 0.014265361829123999 0.014227128321300481 0.00071433618192638648
leaf_weight=43.536933710012818 10.356856673271976 4.9999857272487125 3.777285960095468 0.84315119017264795 31.192508617648855 121.5204021303216
leaf_count=2247 1213 145 492 75 1108 5629
internal_value=-0.00115308 -0.0172159 0.000310218 -0.0240111 0.00123573 0.00369533
internal_weight=216.227 15.3568 200.87 4.62044 196.25 152.713
internal_count=10909 1358 9551 567 8984 6737
is_linear=0
shrinkage=0.05


Tree=297
num_leaves=7
num_cat=0
split_feature=13 13 31 23 21 28
split_gain=1.82885 2.20924 2.0038 2.0028 2.31477 1.77193
threshold=0.78359344402469921 1.4879410059526446 -0.24495497077121717 1.0457720097966108 0.88157666959785919 0.020611999585876336
decision_type=2 2 2 2 2 2
left_child=3 -2 -3 4 -1 -4
right_child=1 2 5 -5 -6 -7
leaf_value=0.0026574409589467723 -0.019969250221229692 0.021509953668579884 0.011843405631549682 0.018504905481563399 -0.021896034246993112 -0.026668392583521196
leaf_weight=162.85056374133273 17.572872445802208 6.1400658392813057 2.9869022211350948 15.752161422802599 7.1973073784029102 3.8005810537579237
leaf_count=7340 1204 414 162 762 435 571
internal_value=0.00109342 -0.00969175 0.00540869 0.00298975 0.00125663 -0.0112854
internal_weight=216.3 30.5004 12.9275 185.8 170.048 6.78748
internal_count=10888 2351 1147 8537 7775 733
is_linear=0
shrinkage=0.05


Tree=298
num_leaves=7
num_cat=0
split_feature=52 67 67 29 41 25
split_gain=0.906607 0.913638 1.43077 1.8182 2.05927 2.07505
threshold=1.0000000180025095e-35 1.8652379409224253 1.7767070314029414 1.1836985218963314 1.0000000180025095e-35 1.5170828535188063
decision_type=2 2 2 2 2 2
left_child=1 2 3 -1 -5 -6
right_child=-2 -3 -4 4 5 -7
leaf_value=0.002144865286640756 -0.022775405927615712 -0.021315129042279862 0.026970331121956133 0.011462617439656948 -0.035986646181220681 0.0038766229115776416
leaf_weight=196.95645239796431 1.0875445617130015 1.5063508001476282 2.3575139124004627 3.7541673292289479 7.117076799302593 4.02929032582324
leaf_count=9179 60 344 124 144 922 202
internal_value=0.000567837 0.000996296 0.00144541 0.000788759 -0.0144917 -0.0238103
internal_weight=216.808 215.721 214.215 211.857 14.9005 11.1464
internal_count=10975 10915 10571 10447 1268 1124
is_linear=0
shrinkage=0.05


Tree=299
num_leaves=7
num_cat=0
split_feature=68 18 8 24 10 21
split_gain=1.43587 3.21857 1.4901 1.76056 1.72039 1.91871
threshold=1.2925699655298348 0.12655637829498462 0.89987318997961474 0.8609719303465726 0.85559477712365972 1.6783057749636139
decision_type=2 2 2 2 2 2
left_child=2 -2 4 -4 -1 -6
right_child=1 -3 3 -5 5 -7
leaf_value=-0.0017576757748776258 0.029259981239378299 -0.021074942124011561 -0.017433910663590315 0.0093555196579426844 0.01810662544701314 -0.012990849189560991
leaf_weight=151.0973217611463 7.4711302966752537 2.0732392476056702 22.691368691928805 5.9516175968456073 19.728662232751962 4.0150635438913005
leaf_count=6839 672 286 1666 215 929 334
internal_value=-0.000532951 0.0159009 -0.0015236 -0.0115082 0.000278646 0.0119807
internal_weight=213.028 9.54437 203.484 28.643 174.841 23.7437
internal_count=10941 958 9983 1881 8102 1263
is_linear=0
shrinkage=0.05


end of trees

feature_importances:
Column_67=228
Column_68=152
Column_22=121
Column_24=99
Column_30=95
Column_25=93
Column_29=75
Column_28=74
Column_26=62
Column_66=54
Column_32=43
Column_12=42
Column_31=42
Column_63=42
Column_58=39
Column_18=36
Column_23=35
Column_19=32
Column_42=32
Column_13=30
Column_33=27
Column_20=26
Column_3=24
Column_27=23
Column_56=23
Column_15=21
Column_10=18
Column_6=17
Column_17=17
Column_21=17
Column_2=16
Column_8=15
Column_34=15
Column_35=14
Column_5=12
Column_4=11
Column_52=11
Column_57=11
Column_0=10
Column_41=9
Column_61=7
Column_64=7
Column_7=5
Column_14=5
Column_1=4
Column_11=4
Column_16=3
Column_40=2

parameters:
[boosting: gbdt]
[objective: binary]
[metric: binary_logloss]
[tree_learner: serial]
[device_type: cpu]
[data_sample_strategy: bagging]
[data: ]
[valid: ]
[num_iterations: 300]
[learning_rate: 0.05]
[num_leaves: 7]
[num_threads: 4]
[seed: 0]
[deterministic: 0]
[force_col_wise: 0]
[force_row_wise: 0]
[histogram_pool_size: -1]
[max_depth: -1]
[min_data_in_leaf: 30]
[min_sum_hessian_in_leaf: 0.001]
[bagging_fraction: 0.8]
[pos_bagging_fraction: 1]
[neg_bagging_fraction: 1]
[bagging_freq: 1]
[bagging_seed: 7719]
[bagging_by_query: 0]
[feature_fraction: 0.7]
[feature_fraction_bynode: 1]
[feature_fraction_seed: 2437]
[extra_trees: 0]
[extra_seed: 11797]
[early_stopping_round: 0]
[early_stopping_min_delta: 0]
[first_metric_only: 0]
[max_delta_step: 0]
[lambda_l1: 0]
[lambda_l2: 3]
[linear_lambda: 0]
[min_gain_to_split: 0]
[drop_rate: 0.1]
[max_drop: 50]
[skip_drop: 0.5]
[xgboost_dart_mode: 0]
[uniform_drop: 0]
[drop_seed: 21238]
[top_rate: 0.2]
[other_rate: 0.1]
[min_data_per_group: 100]
[max_cat_threshold: 32]
[cat_l2: 10]
[cat_smooth: 10]
[max_cat_to_onehot: 4]
[top_k: 20]
[monotone_constraints: ]
[monotone_constraints_method: basic]
[monotone_penalty: 0]
[feature_contri: ]
[forcedsplits_filename: ]
[refit_decay_rate: 0.9]
[cegb_tradeoff: 1]
[cegb_penalty_split: 0]
[cegb_penalty_feature_lazy: ]
[cegb_penalty_feature_coupled: ]
[path_smooth: 0]
[interaction_constraints: ]
[verbosity: -1]
[saved_feature_importance_type: 0]
[use_quantized_grad: 0]
[num_grad_quant_bins: 4]
[quant_train_renew_leaf: 0]
[stochastic_rounding: 1]
[linear_tree: 0]
[max_bin: 255]
[max_bin_by_feature: ]
[min_data_in_bin: 3]
[bin_construct_sample_cnt: 200000]
[data_random_seed: 38]
[is_enable_sparse: 1]
[enable_bundle: 1]
[use_missing: 1]
[zero_as_missing: 0]
[feature_pre_filter: 1]
[pre_partition: 0]
[two_round: 0]
[header: 0]
[label_column: ]
[weight_column: ]
[group_column: ]
[ignore_column: ]
[categorical_feature: ]
[forcedbins_filename: ]
[precise_float_parser: 0]
[parser_config_file: ]
[objective_seed: 8855]
[num_class: 1]
[is_unbalance: 0]
[scale_pos_weight: 1]
[sigmoid: 1]
[boost_from_average: 1]
[reg_sqrt: 0]
[alpha: 0.9]
[fair_c: 1]
[poisson_max_delta_step: 0.7]
[tweedie_variance_power: 1.5]
[lambdarank_truncation_level: 30]
[lambdarank_norm: 1]
[label_gain: ]
[lambdarank_position_bias_regularization: 0]
[eval_at: ]
[multi_error_top_k: 1]
[auc_mu_weights: ]
[num_machines: 1]
[local_listen_port: 12400]
[time_out: 120]
[machine_list_filename: ]
[machines: ]
[gpu_platform_id: -1]
[gpu_device_id: -1]
[gpu_device_id_list: ]
[gpu_use_dp: 0]
[num_gpu: 1]

end of parameters

pandas_categorical:null
