tree
version=v4
num_class=1
num_tree_per_iteration=1
label_index=0
max_feature_idx=68
objective=binary sigmoid:1
feature_names=Column_0 Column_1 Column_2 Column_3 Column_4 Column_5 Column_6 Column_7 Column_8 Column_9 Column_10 Column_11 Column_12 Column_13 Column_14 Column_15 Column_16 Column_17 Column_18 Column_19 Column_20 Column_21 Column_22 Column_23 Column_24 Column_25 Column_26 Column_27 Column_28 Column_29 Column_30 Column_31 Column_32 Column_33 Column_34 Column_35 Column_36 Column_37 Column_38 Column_39 Column_40 Column_41 Column_42 Column_43 Column_44 Column_45 Column_46 Column_47 Column_48 Column_49 Column_50 Column_51 Column_52 Column_53 Column_54 Column_55 Column_56 Column_57 Column_58 Column_59 Column_60 Column_61 Column_62 Column_63 Column_64 Column_65 Column_66 Column_67 Column_68
feature_infos=[-1.8815920717489296:3.7461061264995958] [-2.0803878152855169:3.0183732899940279] [-1.4076119066311088:7.3754550851567995] [-1.157468511143747:6.0859360493608712] [-0.71894991903232808:10.190943472280141] [-0.80391296288844194:17.523418458494731] [-0.25784735658623387:21.344315956962372] [-0.18423427030861689:21.888267250199537] [-2.3805871612963836:1.5149595058438643] none [-2.179150574281568:14.316113284933973] [-2.1791522593826742:14.315704558943487] [-1.5747916106413851:1.5744050465734765] [-1.1208883927093243:2.9330728054731861] [-0.82449493011797303:5.4095939480658943] [-0.82325510766961252:4.6746123500939696] [-0.18280521811990849:20.576297830639007] [-2.9196467038630214:0.84677732833769992] [-2.1804889250901254:3.2695804262773009] [-1.4131341598141485:4.8777478161260701] [-0.85795997101804622:6.6111497848843452] [-1.6504153123721172:4.3124845489112289] [-2.8311154935626659:2.0995223404635608] [-2.666057210752915:9.7148112883580566] [-2.3771105944179651:3.6509814910926695] [-1.5873232927114951:4.2475200316020434] [-0.97424064294290902:6.0698471990368228] [-1.8563808370081984:4.3667486789167276] [-3.2749051536296321:2.5061731833568448] [-3.013176066203878:7.5101113828412398] [-2.1804946133672458:8.4681962944189344] [-0.38476892817278563:23.103975915290718] [-3.5111602719150805:5.6243446288455949] [-0.9840688022502333:2.4611783441512354] [-2.279882828458101:0.43861664754269025] [-0.21378011142457479:4.6776578535969628] [-0.090937612971472195:10.996306071386092] [-0.21212666027028065:4.7141181889180466] none [-0.044674391847252186:22.383184268174734] [-0.24746809811406859:4.0408902437225169] [-2.3294959506193949:0.42927504647506515] [-0.29797961287649777:3.3559097636960167] none none none none none none none [-0.16548776822560729:6.0426676512093174] [-0.28073778417416895:3.5620154139564564] [-0.068620634073728939:14.572449403482262] none [-0.07637847045409149:13.092349935413461] [-0.13997260981870477:7.1441507956552943] [-2.5929692165693647:0.38565596396919677] [-0.19713450154133769:7.2981357827604256] [-0.24324672161699681:9.6546697716022436] none [-0.11688777962906391:17.769787179277433] [-0.45494070110904983:2.1980770054951084] none [-1.0602179945217445:0.94319847270859525] [-0.65358400186161247:1.5300185285310013] none [-0.48831760201239605:2.3664220036716115] [-2.8797757832957869:2.8192886835088649] [-1.6490885806466411:5.9428872503458132]
tree_sizes=901 898 897 903 907 908 904 902 895 906 899 903 909 908 898 891 904 901 904 901 899 901 902 903 906 905 906 905 902 905 909 902 901 904 908 894 905 908 904 904 900 898 902 902 906 902 907 905 899 901 896 906 902 908 914 908 907 905 900 912 896 902 909 908 903 903 901 904 904 894 907 901 901 897 907 906 903 902 902 910 904 901 907 903 913 904 912 901 907 906 908 902 897 897 903 904 911 904 909 907 907 899 901 915 908 901 904 906 911 903 904 900 917 907 902 898 902 906 908 908 914 908 903 910 907 906 901 906 901 901 913 902 897 899 907 905 901 914 904 907 898 916 908 905 903 907 902 904 901 904 905 892 907 902 906 912 894 903 901 895 901 903 900 904 896 897 906 903 903 912 909 907 898 901 904 902 914 901 901 910 912 898 900 903 901 897 901 905 904 908 905 896 894 899 905 894 898 902 896 899 897 904 908 904 908 912 905 902 903 902 907 908 902 902 902 896 897 911 907 903 897 902 901 897 893 904 901 906 909 902 904 906 900 901 908 904 900 905 905 904 907 897 899 902 906 904 909 906 908 902 891 901 905 903 899 900 894 906 911 899 899 897 912 902 901 913 906 902 905 907 901 902 906 899 901 897 903 899 905 898 919 905 901 894 907 910 909 903 901 908 907 907 909 901 892 900 898 904 905 911

Tree=0
num_leaves=7
num_cat=0
split_feature=67 12 63 24 68 68
split_gain=158.956 95.8133 45.4723 34.5654 26.843 19.6316
threshold=0.20415505231077283 0.55297383681452794 1.0000000180025095e-35 0.012767238022282256 0.89635853540035915 -0.24116746100416708
decision_type=2 2 2 2 2 2
left_child=1 2 -1 -2 -3 -4
right_child=3 4 5 -5 -6 -7
leaf_value=0.020772800304807212 -0.069625310816014974 0.053618808061099574 -0.011567300207358886 -0.0010587265817617853 -0.044704738459065446 -0.060472114092306982
leaf_weight=72.445601767161861 75.3438721280545 130.73572619096376 51.40359070757404 24.136865729466081 5.1381289660930625 33.31808372028172
leaf_count=1866 2865 2669 1463 637 183 1255
internal_value=0.000164777 0.0187427 -0.00785627 -0.0535071 0.0490153 -0.0322102
internal_weight=392.522 293.041 157.167 99.4807 135.874 84.7217
internal_count=10938 7436 4584 3502 2852 2718
is_linear=0
shrinkage=1


Tree=1
num_leaves=7
num_cat=0
split_feature=66 12 68 32 67 67
split_gain=161.968 89.2188 44.6774 33.9992 31.6179 30.0832
threshold=-0.11555997800020677 0.65722766668474453 0.59576749850844535 -0.75089268686929334 0.018934502394519281 1.1238349712014133
decision_type=2 2 2 2 2 2
left_child=1 3 5 -1 -3 -2
right_child=2 4 -4 -5 -6 -7
leaf_value=-0.075268464817540057 0.072714193207731467 0.035016785951393091 -0.040763034520108522 -0.025240504083209964 -0.025427733171060469 -0.035282410692908099
leaf_weight=43.999025939032435 86.010914224199951 77.586207406129688 9.0120610352605564 144.74349556351081 27.121901458129287 5.2156862728297702
leaf_count=1799 1832 1528 297 4417 828 175
internal_value=0.00121534 -0.017577 0.0551425 -0.037898 0.0190881 0.065613
internal_weight=393.689 293.451 100.239 188.743 104.708 91.2266
internal_count=10876 8572 2304 6216 2356 2007
is_linear=0
shrinkage=0.05


Tree=2
num_leaves=7
num_cat=0
split_feature=12 66 67 32 67 58
split_gain=136.153 65.4199 44.142 32.3011 26.2038 21.601
threshold=0.65722766668474453 -0.15035925379349477 0.15416112693506426 -0.35857039051760792 0.76016388209686603 -0.19908568249502517
decision_type=2 2 2 2 2 2
left_child=1 3 -2 -1 -3 -5
right_child=2 4 -4 5 -6 -7
leaf_value=-0.062942089473391694 0.048854718171514114 0.043422195089753396 -0.018684636828411941 -0.028495695089750507 -0.050432304481365209 0.028783049006340624
leaf_weight=69.584776633419096 126.40052165673114 40.188979214057326 28.063934257254004 102.34083482110873 6.362464874982833 17.002960398793221
leaf_count=2686 2551 992 835 3225 245 324
internal_value=0.000381595 -0.0234462 0.0364616 -0.036444 0.0283178 -0.0198295
internal_weight=389.944 235.48 154.464 188.929 46.5514 119.344
internal_count=10858 7472 3386 6235 1237 3549
is_linear=0
shrinkage=0.05


Tree=3
num_leaves=7
num_cat=0
split_feature=66 24 25 68 67 26
split_gain=134.287 76.8465 52.7448 39.1084 34.2402 28.4675
threshold=0.21560408995716651 0.012767238022282256 -0.76718288678313651 0.62474189461977614 0.042195564895716818 -0.30697282595207503
decision_type=2 2 2 2 2 2
left_child=1 4 -3 -2 -1 -4
right_child=3 2 5 -5 -6 -7
leaf_value=-0.017466173307963229 0.062256672712419997 -0.065739073733123751 0.0397850461864225 -0.038458450112523038 -0.066691497445104136 -0.0058303559157785283
leaf_weight=74.511614296585321 83.764989254297689 17.918694100342691 73.770993511192501 8.8250682186335307 69.56261932849884 60.463706343434751
leaf_count=2239 1874 736 1443 286 2726 1577
internal_value=0.000160612 -0.016322 0.00843775 0.0517515 -0.0421089 0.0195601
internal_weight=388.818 296.228 152.153 92.5901 144.074 134.235
internal_count=10881 8721 3756 2160 4965 3020
is_linear=0
shrinkage=0.05


Tree=4
num_leaves=7
num_cat=0
split_feature=61 12 68 58 67 68
split_gain=120.224 73.0505 32.4549 30.6999 27.2409 23.5759
threshold=1.0000000180025095e-35 0.65722766668474453 0.59576749850844535 -0.21086222353865744 0.042195564895716818 -0.081588409234174722
decision_type=2 2 2 2 2 2
left_child=1 3 -2 5 -3 -1
right_child=2 4 -4 -5 -6 -7
leaf_value=-0.024251040206777569 0.062207398079631576 0.032434679535797366 -0.035590111144003289 0.019725835558092628 -0.024106036509190448 -0.062841610596219469
leaf_weight=110.12689774902537 75.136328367283568 80.906859650742263 7.5730790346860877 23.133352741599083 26.107700225897133 65.489631841424853
leaf_count=3497 1628 1595 245 500 819 2572
internal_value=-7.09116e-05 -0.0146135 0.0523205 -0.0323764 0.0183596 -0.0394557
internal_weight=388.474 305.764 82.7094 198.75 107.015 175.617
internal_count=10856 8983 1873 6569 2414 6069
is_linear=0
shrinkage=0.05


Tree=5
num_leaves=7
num_cat=0
split_feature=26 61 24 24 26 42
split_gain=120.325 50.1892 42.6095 38.3602 24.683 16.8783
threshold=-0.3241661242130856 1.0000000180025095e-35 -0.063041950330478894 -0.45566829577418383 0.3858805124809887 1.0000000180025095e-35
decision_type=2 2 2 2 2 2
left_child=1 2 -1 -2 -5 -6
right_child=3 -3 -4 4 5 -7
leaf_value=-0.018269984601465571 -0.068120796479583218 0.061695479581169589 0.032610672549315871 0.0057027202088063139 -0.04984049389339934 0.023638661720740708
leaf_weight=72.665556301828474 46.239259426947683 62.965033205691725 87.706818949431181 65.145009747706354 46.827262087725103 7.4249890502542248
leaf_count=2255 1893 1338 1829 1749 1651 147
internal_value=0.00112956 0.0249422 0.00964424 -0.0308509 -0.0151014 -0.0390724
internal_weight=388.974 223.337 160.372 165.637 119.397 54.2523
internal_count=10862 5422 4084 5440 3547 1798
is_linear=0
shrinkage=0.05


Tree=6
num_leaves=7
num_cat=0
split_feature=66 67 30 67 22 42
split_gain=111.353 55.8489 41.6494 37.8888 35.8215 17.0377
threshold=-0.43312549384590421 0.13732289512449566 -0.94530784380415145 0.76016388209686603 0.81257396433183127 1.0000000180025095e-35
decision_type=2 2 2 2 2 2
left_child=1 2 -1 -2 -4 -3
right_child=3 5 4 -5 -6 -7
leaf_value=-0.050731141967375895 0.053424214908597702 -0.055889492895414006 0.019773959149819234 -0.037394290128996865 -0.041935482367335061 0.016138251611220233
leaf_weight=31.645888914354146 96.068875437602401 77.174089832231402 137.12894658045843 10.851401748135684 25.361688088625669 7.8396054655313483
leaf_count=1226 2170 2948 3123 370 840 184
internal_value=0.000752239 -0.0158853 -0.000893201 0.043438 0.00955669 -0.0489237
internal_weight=386.07 279.15 194.137 106.92 162.491 85.0137
internal_count=10861 8321 5189 2540 3963 3132
is_linear=0
shrinkage=0.05


Tree=7
num_leaves=7
num_cat=0
split_feature=66 18 25 29 67 26
split_gain=95.7314 53.9327 38.4746 31.3317 30.1667 25.3111
threshold=0.23428836067636832 -0.017916556967397714 -0.78864996030113355 0.22698045185127438 0.76016388209686603 -0.79136549241575216
decision_type=2 2 2 2 2 2
left_child=1 5 -3 -4 -2 -1
right_child=4 2 3 -5 -6 -7
leaf_value=0.0007186793943693788 0.053424546169735521 -0.059198302211200107 0.032125893783997821 -0.014995503269907782 -0.039749477526187967 -0.049667262275248675
leaf_weight=32.485560400411487 78.300821497570723 17.682937427423894 86.549303745850921 55.886684749275446 7.5512131322175255 102.90488440636545
leaf_count=897 1822 736 1754 1604 268 3864
internal_value=-0.0014076 -0.0149579 0.00471693 0.0137092 0.0441639 -0.0378242
internal_weight=381.361 295.509 160.119 142.436 85.852 135.39
internal_count=10945 8855 4094 3358 2090 4761
is_linear=0
shrinkage=0.05


Tree=8
num_leaves=7
num_cat=0
split_feature=67 66 30 68 22 68
split_gain=95.1384 61.9954 37.8885 28.5158 28.2135 22.3934
threshold=0.15416112693506426 -0.48577020367265994 -1.1601229341629502 0.6588466644101787 1.0666834678622779 0.89635853540035915
decision_type=2 2 2 2 2 2
left_child=1 2 -1 -3 5 -4
right_child=-2 3 4 -5 -6 -7
leaf_value=-0.05783001861971513 -0.041917449233519831 0.056067251739252755 0.01886632414946425 -0.045513666852285306 -0.050572609855942585 -0.052253192611109271
leaf_weight=22.880068168975413 98.176779923960567 82.50207973504439 146.47125254850835 5.3103297390043727 16.10990853048861 9.082958070561288
leaf_count=960 3570 1859 3360 185 584 335
internal_value=-0.000260531 0.0145122 -0.00138948 0.0486237 0.00699721 0.0138035
internal_weight=380.533 282.357 194.544 87.8124 171.664 155.554
internal_count=10853 7283 5239 2044 4279 3695
is_linear=0
shrinkage=0.05


Tree=9
num_leaves=7
num_cat=0
split_feature=68 66 15 20 58 26
split_gain=93.5898 71.2899 32.6873 21.2719 20.503 13.3786
threshold=0.27450838479512712 -0.48577020367265994 0.55159059491111628 -0.0074080948011055513 0.90199170623093561 1.0000000180025095e-35
decision_type=2 2 2 2 2 2
left_child=1 2 3 -1 -2 -3
right_child=4 5 -4 -5 -6 -7
leaf_value=0.016908665612997059 -0.056535158179625192 0.05399436251371368 -0.045738298145785859 -0.020256684545774242 0.029025369540904712 -0.010527248534094456
leaf_weight=117.96427168184891 69.782448620069772 83.461211641319096 35.549637489952147 53.598230517469347 5.9238647408783427 7.8770496142096809
leaf_count=2742 2784 1913 1335 1667 108 220
internal_value=-0.00044061 0.0122394 -0.00411372 0.00514917 -0.0489891 0.0482722
internal_weight=374.157 298.45 207.112 171.563 75.7063 91.3383
internal_count=10769 7877 5744 4409 2892 2133
is_linear=0
shrinkage=0.05


Tree=10
num_leaves=7
num_cat=0
split_feature=12 66 18 2 20 68
split_gain=82.6318 39.6035 19.4969 18.2612 16.8123 13.4222
threshold=-0.24178559168463573 0.2631497780898337 -0.35517666689349375 -1.4017953059742954 -0.73474918521091925 0.93241773325897948
decision_type=2 2 2 2 2 2
left_child=3 2 4 -1 -2 -4
right_child=1 -3 5 -5 -6 -7
leaf_value=0.014445756624688911 0.013937283328484016 0.049819437297215802 0.018429380724346085 -0.038470263390871812 -0.045688524438136029 -0.041036587439052308
leaf_weight=17.34458494791761 17.659991325810552 65.172514109872282 128.82732541905716 114.04569105338305 26.982438866049051 7.4247010741382828
leaf_count=439 421 1490 2955 4188 1051 273
internal_value=0.000281827 0.0173291 0.00500174 -0.0313184 -0.0227089 0.0143747
internal_weight=377.457 246.067 180.894 131.39 44.6424 136.252
internal_count=10817 6190 4700 4627 1472 3228
is_linear=0
shrinkage=0.05


Tree=11
num_leaves=7
num_cat=0
split_feature=66 18 25 2 67 68
split_gain=73.5181 43.7262 34.0436 27.4513 26.863 24.2976
threshold=0.21560408995716651 -0.23265140343451166 -0.67209493470723092 0.50604970946042882 -0.26853056851580553 0.6588466644101787
decision_type=2 2 2 2 2 2
left_child=1 4 -3 -4 -1 -2
right_child=5 2 3 -5 -6 -7
leaf_value=-0.0026556724157913384 0.048840713216582343 -0.050530062810588833 0.025581357693621784 -0.017934568420470243 -0.053903961492046681 -0.032812858079394845
leaf_weight=39.474529040977359 76.966093278490007 22.501509387046099 108.84230522718281 51.075082262046635 71.324732885695994 8.1842516213655454
leaf_count=1135 1823 917 2306 1543 2932 266
internal_value=5.79221e-05 -0.0118714 0.00325033 0.0116087 -0.036197 0.0401429
internal_weight=378.369 293.218 182.419 159.917 110.799 85.1503
internal_count=10922 8833 4766 3849 4067 2089
is_linear=0
shrinkage=0.05


Tree=12
num_leaves=7
num_cat=0
split_feature=26 15 66 24 25 25
split_gain=75.2677 44.3565 21.662 18.1647 17.8601 16.4513
threshold=-0.1038810249665711 -0.055925470958910047 0.38203540896854415 0.024965494108723785 -0.76718288678313651 -0.81895481249744206
decision_type=2 2 2 2 2 2
left_child=1 2 -1 -2 -3 -5
right_child=3 4 -4 5 -6 -7
leaf_value=0.016007919040424007 -0.052625988308716953 -0.044000108165660086 0.054009908453645096 -0.063002959306680095 0.0041822937081578346 -0.0002178286596049356
leaf_weight=125.6193118407391 57.528079634532332 31.713766231201589 53.185416205786169 10.129199171438811 42.076142989099026 50.916472753044218
leaf_count=2970 2368 1285 1223 443 1221 1337
internal_value=-0.000720702 0.0146897 0.0280163 -0.0331015 -0.0174357 -0.0130988
internal_weight=371.168 252.595 178.805 118.574 73.7899 61.0457
internal_count=10847 6699 4193 4148 2506 1780
is_linear=0
shrinkage=0.05


Tree=13
num_leaves=7
num_cat=0
split_feature=26 66 24 24 63 68
split_gain=71.2688 34.9511 29.0623 24.1271 20.3683 12.7852
threshold=-0.3241661242130856 -0.44840976969473639 1.0000000180025095e-35 -0.4337789350498969 1.0000000180025095e-35 0.62474189461977614
decision_type=2 2 2 2 2 2
left_child=1 2 -1 -2 -5 -3
right_child=3 5 -4 4 -6 -7
leaf_value=-0.019055804110087334 -0.054930165836746959 0.050851620450122842 0.025223931877034679 0.0095845236729675404 -0.031642053258996515 -0.031191921033460066
leaf_weight=67.602966748178005 44.183988310396671 70.433641546871513 75.110832877922803 55.505921230884269 59.453986841253936 3.1403393987566224
leaf_count=2190 1915 1615 1602 1516 2003 112
internal_value=0.000423621 0.019005 0.00428831 -0.0247141 -0.0119992 0.0462649
internal_weight=375.432 216.288 142.714 159.144 114.96 73.574
internal_count=10953 5519 3792 5434 3519 1727
is_linear=0
shrinkage=0.05


Tree=14
num_leaves=7
num_cat=0
split_feature=12 67 22 22 66 24
split_gain=64.7767 31.6159 19.8074 22.7112 12.0164 11.556
threshold=-0.24178559168463573 0.13732289512449566 -1.337651244361564 1.0826950654601419 -0.33717341358945618 -0.14367258377669548
decision_type=2 2 2 2 2 2
left_child=4 2 -2 -4 -1 -3
right_child=1 5 3 -5 -6 -7
leaf_value=-0.035751600430150805 -0.024639848744403746 -0.037030217313700826 0.035027408621067159 -0.030930800163166308 0.0032456124680125607 0.005873009730937271
leaf_weight=103.33974060602486 16.11689284350723 29.449120341800153 158.80966861615889 11.919208836741744 23.678798939567059 29.024276494979858
leaf_count=3897 528 1143 3492 388 724 753
internal_value=1.73897e-05 0.0149878 0.0249427 0.029968 -0.0285746 -0.0164871
internal_weight=372.338 245.319 186.846 170.729 127.019 58.4734
internal_count=10925 6304 4408 3880 4621 1896
is_linear=0
shrinkage=0.05


Tree=15
num_leaves=7
num_cat=0
split_feature=12 68 66 67 68 58
split_gain=63.4084 29.3252 26.2451 17.6899 15.1133 14.8704
threshold=0.60227645236705396 0.27450838479512712 0.71997948348941698 0.15416112693506426 0.89635853540035915 1.2199622735756039
decision_type=2 2 2 2 2 2
left_child=1 2 -1 4 -2 -3
right_child=3 5 -4 -5 -6 -7
leaf_value=-0.014974767465622608 0.0373248033883865 -0.054906689793275634 0.035352218244238294 -0.0084892090194087812 -0.036951366801052654 0.029417946453651131
leaf_weight=135.92983696283773 117.23560556932352 49.765989647246897 28.8992763038259 30.028432314284146 4.9363374989479771 3.9383925739675751
leaf_count=4370 2457 2152 747 919 167 68
internal_value=0.000717896 -0.0164572 -0.0056768 0.0252198 0.03351 -0.0474936
internal_weight=370.734 218.533 164.829 152.2 122.172 53.7044
internal_count=10880 7337 5117 3543 2624 2220
is_linear=0
shrinkage=0.05


Tree=16
num_leaves=7
num_cat=0
split_feature=68 66 32 67 63 26
split_gain=56.3256 45.9865 22.6639 20.7851 16.568 13.0223
threshold=0.28599064969590743 -0.48577020367265994 -0.44263945402154053 1.098143648438896 1.0000000180025095e-35 0.35558243494468972
decision_type=2 2 2 2 2 2
left_child=1 2 -1 -3 -2 -4
right_child=4 3 5 -5 -6 -7
leaf_value=-0.02983501449606606 -0.012657693619131619 0.047027778861186878 0.014329927150520106 -0.038058147675318559 -0.060165926509402126 -0.020866409991332827
leaf_weight=53.704039658419788 37.404841060750186 79.565867172670551 122.79557105014101 5.6478747092187396 37.311449317261577 30.411063107661903
leaf_count=1986 1258 1938 2869 204 1649 994
internal_value=8.29169e-05 0.010055 -0.00279306 0.0402859 -0.0377888 0.00707699
internal_weight=366.841 292.124 206.911 85.2137 74.7163 153.207
internal_count=10898 7991 5849 2142 2907 3863
is_linear=0
shrinkage=0.05


Tree=17
num_leaves=7
num_cat=0
split_feature=67 68 66 12 24 63
split_gain=55.7771 36.7118 32.389 20.1369 16.3129 13.1222
threshold=0.13732289512449566 0.89635853540035915 0.21560408995716651 0.38539874011465419 -0.01976144487489576 1.0000000180025095e-35
decision_type=2 2 2 2 2 2
left_child=1 2 3 -1 -2 -6
right_child=4 -3 -4 -5 5 -7
leaf_value=-0.0095728845728827675 -0.04495374067321764 -0.054214944358564637 0.046700060379564971 0.022691405358253144 0.025133051804321051 -0.03883210702023826
leaf_weight=98.901752216741443 68.382923438213766 16.86056505702436 62.933402341557667 89.394202834460884 17.571820868179202 10.138826383277776
leaf_count=3079 2903 676 1597 1890 415 356
internal_value=-0.000214307 0.0115217 0.0165211 0.00586035 -0.032314 0.000222214
internal_weight=364.183 268.09 251.229 188.296 96.0936 27.7106
internal_count=10916 7242 6566 4969 3674 771
is_linear=0
shrinkage=0.05


Tree=18
num_leaves=7
num_cat=0
split_feature=24 20 12 63 68 58
split_gain=53.5647 30.9017 29.3079 15.2165 23.1652 14.0931
threshold=0.012767238022282256 -0.73115317149304615 -0.64188675968101916 1.0000000180025095e-35 0.18108672313431176 0.79598502058855758
decision_type=2 2 2 2 2 2
left_child=1 -1 -2 -4 -5 -3
right_child=2 5 3 4 -6 -7
leaf_value=0.008590857449842856 -0.025866895229554057 -0.042968596762927747 0.038151639161654205 0.019760242655721533 -0.048817490548256647 0.0194918455515346
leaf_weight=51.468148341169581 32.786450310610235 100.01756524620578 87.537312915548682 64.779007146600634 12.100534988567231 8.201551601290701
leaf_count=1489 1168 4118 2129 1379 445 196
internal_value=-0.00169394 -0.0229904 0.0156372 0.0242288 0.00753834 -0.0378369
internal_weight=356.891 159.687 197.203 164.417 76.8795 108.219
internal_count=10924 5803 5121 3953 1824 4314
is_linear=0
shrinkage=0.05


Tree=19
num_leaves=7
num_cat=0
split_feature=26 25 42 23 22 28
split_gain=45.564 30.2712 18.5106 16.9247 16.4196 16.4787
threshold=0.13803018786231583 -0.77820283303633964 1.0000000180025095e-35 0.35088462169191509 -1.0093745675171861 1.0461765702562598
decision_type=2 2 2 2 2 2
left_child=1 -1 -2 4 -3 -6
right_child=2 3 -4 -5 5 -7
leaf_value=-0.02162685090588155 -0.038818830617818406 -0.016186329619724622 0.029587001500377116 -0.011010681585059676 0.035068055067259629 -0.027385405378898827
leaf_weight=58.609831840498373 81.212164268828928 19.400307848583907 8.9914414808154088 38.255185529589653 139.01490472874139 9.2453189566731435
leaf_count=2180 3221 612 193 1197 3138 323
internal_value=-0.00117026 0.00932842 -0.0312673 0.0183233 0.0250923 0.0307076
internal_weight=354.729 264.526 90.2036 205.916 167.661 148.26
internal_count=10864 7450 3414 5270 4073 3461
is_linear=0
shrinkage=0.05


Tree=20
num_leaves=7
num_cat=0
split_feature=12 67 28 2 19 28
split_gain=46.3502 21.4201 16.906 13.4829 13.323 12.6335
threshold=-0.24178559168463573 0.13732289512449566 -1.2055892032675437 -1.4017953059742954 -0.61531093546021398 0.89768158077239979
decision_type=2 2 2 2 2 2
left_child=3 2 -2 -1 -5 -4
right_child=1 -3 5 4 -6 -7
leaf_value=0.014883359982910408 -0.01909095815526899 -0.015140530096103035 0.030836153601389284 -0.049840706206088894 -0.013521641967625748 -0.012441724162038311
leaf_weight=15.913659572601317 21.756033658515662 53.353702385909855 140.81858254503459 51.043166763614863 53.179921160568483 17.469550772570074
leaf_count=424 688 1833 3266 2281 1880 513
internal_value=-0.00089024 0.0120741 0.0202548 -0.0257575 -0.0322057 0.0259172
internal_weight=353.535 233.398 180.044 120.137 104.223 158.288
internal_count=10885 6300 4467 4585 4161 3779
is_linear=0
shrinkage=0.05


Tree=21
num_leaves=7
num_cat=0
split_feature=26 15 24 58 22 66
split_gain=44.7771 27.8381 19.483 14.5254 13.0352 12.574
threshold=-0.317753604961795 -0.048432894415545658 -0.47775051430220883 -0.14609322738197869 -1.337651244361564 -0.35755339963443433
decision_type=2 2 2 2 2 2
left_child=1 4 -2 -4 -1 -3
right_child=2 5 3 -5 -6 -7
leaf_value=-0.014827498068267442 -0.051211277051359805 -0.028492199422652222 -0.017857533752352977 0.030027058245325838 0.030669147123868919 0.02226410002967133
leaf_weight=16.022112926468253 37.578768842853606 41.830363285727799 94.916534554678947 16.086025604046881 131.85458095034119 14.247387138078919
leaf_count=498 1822 1572 3168 375 3069 388
internal_value=-0.000824206 0.0143051 -0.021464 -0.0103107 0.0255429 -0.0151211
internal_weight=352.536 203.954 148.581 111.003 147.877 56.0778
internal_count=10892 5527 5365 3543 3567 1960
is_linear=0
shrinkage=0.05


Tree=22
num_leaves=7
num_cat=0
split_feature=26 67 68 68 14 19
split_gain=47.2287 27.2645 22.3731 12.658 11.4018 11.2006
threshold=-0.1038810249665711 0.86466507333359 -0.39273335769446555 0.89635853540035915 0.042151547930066639 -0.57009853948843248
decision_type=2 2 2 2 2 2
left_child=1 2 4 -4 -1 -2
right_child=5 -3 3 -5 -6 -7
leaf_value=0.041748630180426079 -0.055903945837227076 -0.038572904415915509 0.0068182231840138302 -0.044018195316992997 0.006010305067660769 -0.017739895511873657
leaf_weight=82.301476603839546 23.894439133582637 21.507791078649461 94.420675176894292 11.005487618967889 31.753753793542273 87.088868940249085
leaf_count=1657 1165 896 2690 445 994 3051
internal_value=-0.000645596 0.0117731 0.0171603 0.000440296 0.0322079 -0.0272116
internal_weight=351.972 240.989 219.481 105.426 114.055 110.983
internal_count=10898 6682 5786 3135 2651 4216
is_linear=0
shrinkage=0.05


Tree=23
num_leaves=7
num_cat=0
split_feature=68 61 24 25 58 28
split_gain=39.001 31.4984 22.267 17.6239 14.1252 10.7958
threshold=0.28599064969590743 1.0000000180025095e-35 -0.063041950330478894 -0.78864996030113355 -0.21086222353865744 -1.025313224281778
decision_type=2 2 2 2 2 2
left_child=1 2 -1 -4 -2 -5
right_child=4 -3 3 5 -6 -7
leaf_value=-0.018923102317414644 -0.040981899662422328 0.039770909811014783 -0.043037793940916086 -0.023628353089665349 0.022081914188951474 0.023858095942470976
leaf_weight=92.12327346787788 61.151961014606059 59.082478151656687 9.9209779859520477 11.059861959889529 8.3697328083217126 104.0833552046679
leaf_count=3283 2668 1596 451 351 189 2228
internal_value=-0.00012171 0.00836306 -0.000606412 0.013013 -0.0327902 0.0188127
internal_weight=345.792 276.27 217.187 125.064 69.5217 115.143
internal_count=10766 7909 6313 3030 2857 2579
is_linear=0
shrinkage=0.05


Tree=24
num_leaves=7
num_cat=0
split_feature=68 66 58 63 18 13
split_gain=38.29 25.7333 19.8427 20.0926 13.4287 19.8384
threshold=-0.089797007120690234 0.3548582879224324 -0.23441441481343753 1.0000000180025095e-35 0.30642452206438925 -1.0075953269924087
decision_type=2 2 2 2 2 2
left_child=1 4 3 -2 5 -1
right_child=2 -3 -4 -5 -6 -7
leaf_value=0.023607836195561518 -0.0077310593315938862 0.038802597865820881 0.025501044185922386 -0.05449792491161403 0.01551224297594778 -0.024585768328403014
leaf_weight=27.001327509991825 42.727548325899988 56.427663738257252 14.291569886263458 49.714059798046947 82.785197706893086 73.034128711093217
leaf_count=605 1605 1479 317 2322 1910 2685
internal_value=-0.000887722 0.0102192 -0.0253832 -0.0338042 0.000912868 -0.0112688
internal_weight=345.981 239.248 106.733 92.4416 182.821 100.035
internal_count=10923 6679 4244 3927 5200 3290
is_linear=0
shrinkage=0.05


Tree=25
num_leaves=7
num_cat=0
split_feature=32 63 29 26 30 30
split_gain=35.2966 27.8206 20.8228 12.1029 12.0913 11.7516
threshold=-0.75089268686929334 1.0000000180025095e-35 0.08935671030565541 -0.92755190797805964 -0.94530784380415145 0.6504613988612129
decision_type=2 2 2 2 2 2
left_child=3 5 4 -1 -3 -2
right_child=1 2 -4 -5 -6 -7
leaf_value=0.011014617746604638 0.029409856403391995 -0.035972215902988783 -0.032017832718448984 -0.046015853705564144 0.01351011570536715 -0.0045520434785639467
leaf_weight=10.231263660360126 113.154847280588 11.607043948955832 55.083662175107747 45.934505215380341 78.684993895702064 31.685449430719018
leaf_count=285 3057 540 2097 2204 1813 947
internal_value=-0.000370383 0.00674118 -0.00863745 -0.0355953 0.00619695 0.0220387
internal_weight=346.382 290.216 145.376 56.1658 90.292 144.84
internal_count=10943 8454 4450 2489 2353 4004
is_linear=0
shrinkage=0.05


Tree=26
num_leaves=7
num_cat=0
split_feature=26 24 28 26 25 63
split_gain=33.6569 27.4173 16.2098 15.8688 14.6385 8.81509
threshold=0.13803018786231583 -0.39237879318076135 -1.2055892032675437 -0.82717661502648276 -1.2163957206219356 1.0000000180025095e-35
decision_type=2 2 2 2 2 2
left_child=1 3 -3 -1 -4 -6
right_child=-2 2 4 -5 5 -7
leaf_value=0.012009467085949313 -0.026790169170830117 -0.021551651431358714 -0.043863178445217504 -0.031950134221391611 0.039599712418179424 0.014691682151736378
leaf_weight=31.739624096546322 86.478085813578218 18.765709653962404 4.7989694769494227 49.225535835372284 78.313959053019062 72.943392666056752
leaf_count=891 3469 624 253 2016 2028 1643
internal_value=-0.000359059 0.00878391 0.0198208 -0.0149039 0.0251085 0.0281072
internal_weight=342.265 255.787 174.822 80.9652 156.056 151.257
internal_count=10924 7455 4548 2907 3924 3671
is_linear=0
shrinkage=0.05


Tree=27
num_leaves=7
num_cat=0
split_feature=68 66 67 12 63 30
split_gain=37.2073 26.2907 15.9498 14.3908 13.7383 8.92334
threshold=0.27450838479512712 -0.48577020367265994 1.098143648438896 0.60227645236705396 1.0000000180025095e-35 0.94199616434815436
decision_type=2 2 2 2 2 2
left_child=1 3 -3 -1 -2 -5
right_child=4 2 -4 5 -6 -7
leaf_value=-0.012554464415859064 -0.0091618434630817876 0.038788532228725379 -0.036045338213376181 0.021784823077051266 -0.054316674121771241 -0.021197648298975413
leaf_weight=119.78543487098068 34.273839226458222 71.05299464520067 5.539134685881435 66.056608760729432 33.171663739718497 12.125611066818236
leaf_count=4103 1251 1921 213 1351 1677 390
internal_value=-0.000287988 0.00795095 0.0322219 -0.00178012 -0.0327377 0.0145815
internal_weight=342.005 274.56 76.5921 197.968 67.4455 78.1822
internal_count=10906 7978 2134 5844 2928 1741
is_linear=0
shrinkage=0.05


Tree=28
num_leaves=7
num_cat=0
split_feature=12 58 66 24 20 25
split_gain=29.1537 16.728 12.0169 10.2176 17.2032 15.0776
threshold=0.60227645236705396 -0.22852604531245646 -0.48407189053384242 0.024965494108723785 -0.84490076330577002 -0.76718288678313651
decision_type=2 2 2 2 2 2
left_child=1 3 -2 4 -1 -5
right_child=2 -3 -4 5 -6 -7
leaf_value=0.020865766791864485 0.0067166316798194306 0.024112469208910293 0.037956073050421688 -0.043340947610240106 -0.037313037391086677 0.0065704817428672083
leaf_weight=12.99965653545223 93.100359725765884 24.921104357810691 44.2895118460292 16.444123264867812 80.206180306617171 65.717127732932568
leaf_count=327 2345 657 1204 789 3749 1782
internal_value=-0.000142101 -0.0122427 0.017383 -0.0177278 -0.0288011 -0.0045939
internal_weight=337.678 200.288 137.39 175.367 93.2058 82.1613
internal_count=10853 7304 3549 6647 4076 2571
is_linear=0
shrinkage=0.05


Tree=29
num_leaves=7
num_cat=0
split_feature=29 25 42 67 25 20
split_gain=31.1011 25.6345 16.4387 12.3291 12.1113 11.8842
threshold=0.24203424257003442 -0.57831628317626016 1.0000000180025095e-35 0.71433611716913303 0.92653375356374057 -0.83941211078901634
decision_type=2 2 2 2 2 2
left_child=1 5 4 -3 -2 -1
right_child=2 3 -4 -5 -6 -7
leaf_value=0.016788724584987511 -0.041362600136550298 0.025129511609170992 0.029183082943250983 -0.035617058605168998 -0.006400779557738755 -0.026512847809194957
leaf_weight=19.894714791094884 64.62261939002201 136.15436968056019 11.581551682669668 6.3141539515927425 41.085814718622714 51.950548523804173
leaf_count=533 2995 3270 272 294 1286 2174
internal_value=-0.00167685 0.00962947 -0.0220608 0.0217582 -0.0283256 -0.0143299
internal_weight=331.604 214.314 117.29 142.469 105.708 71.8453
internal_count=10824 6271 4553 3564 4281 2707
is_linear=0
shrinkage=0.05


Tree=30
num_leaves=7
num_cat=0
split_feature=68 61 22 15 64 18
split_gain=29.7744 19.1615 15.3709 13.9028 13.7131 9.80269
threshold=0.18108672313431176 1.0000000180025095e-35 1.2910015385850289 0.26106383478582712 1.0000000180025095e-35 -0.25302823852689915
decision_type=2 2 2 2 2 2
left_child=1 2 3 -1 -2 -6
right_child=4 -3 -4 -5 5 -7
leaf_value=0.011162456652297943 -0.043936119188266481 0.033756248363677945 -0.045150647700852725 -0.021042988137734971 -0.030927703446791521 0.023246545558859525
leaf_weight=153.44657482625917 46.221517301630229 51.216577583225444 14.0692245317623 39.731171611696482 11.678174828179182 16.369208578020334
leaf_count=3941 2203 1514 603 1564 570 480
internal_value=-0.00077353 0.00729202 0.00036362 0.00431821 -0.0280358 -0.000119013
internal_weight=332.732 258.464 207.247 193.178 74.2689 28.0474
internal_count=10875 7622 6108 5505 3253 1050
is_linear=0
shrinkage=0.05


Tree=31
num_leaves=7
num_cat=0
split_feature=26 24 67 67 24 68
split_gain=27.3615 21.5718 16.0215 14.3493 8.72968 8.91664
threshold=0.13803018786231583 -0.4337789350498969 -0.27472773218216945 -1.3304675077029495 0.024965494108723785 -0.25709604976014294
decision_type=2 2 2 2 2 2
left_child=1 2 -1 -3 -2 -6
right_child=4 3 -4 -5 5 -7
leaf_value=0.0097995530809761588 -0.040928079230757822 -0.033994918498841974 -0.034236232270620393 0.02196992182205771 0.011552439629443148 -0.030423536509637885
leaf_weight=38.492183838970959 37.196828285232186 9.652391935233025 39.118069857824594 166.11741101252846 24.753495770506561 20.619020608253777
leaf_count=1124 1932 402 1722 4272 640 848
internal_value=0.000610379 0.00877611 -0.012844 0.0183777 -0.0238769 -0.00822685
internal_weight=335.949 253.38 77.6103 175.77 82.5693 45.3725
internal_count=10940 7520 2846 4674 3420 1488
is_linear=0
shrinkage=0.05


Tree=32
num_leaves=7
num_cat=0
split_feature=67 68 25 28 25 58
split_gain=27.1983 21.6756 17.113 18.0808 13.9813 8.71635
threshold=0.80269343666995108 -0.56555365962663384 -0.47775927361578213 0.90858141917575097 0.89093714499832 -0.22852604531245646
decision_type=2 2 2 2 2 2
left_child=1 -1 -3 5 -2 -4
right_child=4 2 3 -5 -6 -7
leaf_value=0.026315897017838319 -0.048723629295135053 -0.025722523482709394 0.0072918018032101621 -0.037374779245902955 0.0011090934081607396 0.042822724351698947
leaf_weight=89.056836795643903 35.457456292584538 55.821257156087086 94.416126645402983 17.056270092725754 21.993913847953081 18.663079496938735
leaf_count=2233 1967 2241 2722 686 696 326
internal_value=-0.000143463 0.00646709 -0.00330562 0.006673 -0.030538 0.0141112
internal_weight=332.465 275.014 185.957 130.135 57.4514 113.079
internal_count=10871 8208 5975 3734 2663 3048
is_linear=0
shrinkage=0.05


Tree=33
num_leaves=7
num_cat=0
split_feature=66 32 30 22 67 67
split_gain=24.6577 19.1049 12.3656 12.6257 12.4028 9.66048
threshold=0.21560408995716651 -0.58275455986142821 -0.94530784380415145 0.64744949834283705 -0.59390769950270916 1.1238349712014133
decision_type=2 2 2 2 2 2
left_child=1 -1 -3 -4 -5 -2
right_child=5 2 3 4 -6 -7
leaf_value=-0.032713890041871363 0.031816182641021436 -0.036117296982641385 0.011502804130749285 0.026180309622982196 -0.031280702722366424 -0.024216282324899887
leaf_weight=53.593104497529566 63.618547056685202 18.20478636585176 141.35712644737214 9.8839302863925678 35.728278880938888 6.4886467996984711
leaf_count=2656 1899 894 3701 196 1303 251
internal_value=0.000177468 -0.00699427 9.85218e-05 0.00413945 -0.017982 0.0258493
internal_weight=328.874 258.767 205.174 186.969 45.6122 70.1072
internal_count=10900 8750 6094 5200 1499 2150
is_linear=0
shrinkage=0.05


Tree=34
num_leaves=7
num_cat=0
split_feature=68 66 67 63 15 22
split_gain=27.8466 21.0477 14.7294 14.6845 12.2233 11.6501
threshold=0.27450838479512712 -0.48577020367265994 1.098143648438896 1.0000000180025095e-35 0.26106383478582712 0.64744949834283705
decision_type=2 2 2 2 2 2
left_child=1 4 -3 -2 5 -1
right_child=3 2 -4 -5 -6 -7
leaf_value=0.011936474707650808 -0.0059502514676691848 0.034917579913847786 -0.038017578112745386 -0.053472581509492592 -0.026323697435501777 -0.0195200780112323
leaf_weight=113.79694286035374 33.683197895530611 68.506208775332198 5.2076000636443487 30.030220625922084 39.205416354350746 36.438767040148377
leaf_count=2898 1275 1941 218 1675 1670 1230
internal_value=-0.000868229 0.00638006 0.0284798 -0.0297464 -0.00252912 0.00407409
internal_weight=326.868 263.155 73.7138 63.7134 189.441 150.236
internal_count=10907 7957 2159 2950 5798 4128
is_linear=0
shrinkage=0.05


Tree=35
num_leaves=7
num_cat=0
split_feature=67 68 58 18 28 28
split_gain=23.7934 20.5976 16.9506 11.7232 11.7041 10.4255
threshold=0.86466507333359 -0.24116746100416708 -0.22263826968646502 0.61648126352780908 -1.2055892032675437 0.61731691712215253
decision_type=2 2 2 2 2 2
left_child=1 4 -3 -2 -1 -6
right_child=3 2 -4 -5 5 -7
leaf_value=-0.016917513406935036 -0.037521296095673749 -0.021022132316889958 0.028821573992477884 0.02553030368160035 0.02852795030926078 -0.0025562430151318972
leaf_weight=20.246452820021659 47.273249819874763 81.816793412901461 18.583158927038312 6.4771017022430888 118.41472868737765 34.079075161367655
leaf_count=658 2445 3307 391 133 2907 1027
internal_value=0.000516306 0.00657162 -0.0112279 -0.0289754 0.0169321 0.021666
internal_weight=326.891 273.14 100.4 53.7504 172.74 152.494
internal_count=10868 8290 3698 2578 4592 3934
is_linear=0
shrinkage=0.05


Tree=36
num_leaves=7
num_cat=0
split_feature=66 58 68 28 24 26
split_gain=19.7688 16.6686 17.0861 10.503 10.4416 11.2299
threshold=0.71997948348941698 -0.22263826968646502 -0.17403285686088199 -1.2055892032675437 0.70851783649151789 -0.83144373773631808
decision_type=2 2 2 2 2 2
left_child=1 2 3 -1 5 -5
right_child=-2 -3 -4 4 -6 -7
leaf_value=-0.035052028381271354 0.024752183611103342 0.023782864187646455 -0.029600873570590453 0.027223743716865919 0.024574665401875272 -0.014037198170699634
leaf_weight=16.819394276011735 61.363397376961075 36.98220324004069 78.697472775354981 18.063390484079719 39.194955891929567 74.005792371463031
leaf_count=655 1939 815 3662 412 817 2635
internal_value=-0.00012067 -0.00612052 -0.0112438 -0.00109413 0.00394302 -0.00533844
internal_weight=325.127 263.763 226.781 148.084 131.264 92.0692
internal_count=10935 8996 8181 4519 3864 3047
is_linear=0
shrinkage=0.05


Tree=37
num_leaves=7
num_cat=0
split_feature=32 68 61 63 67 22
split_gain=20.3741 14.9112 12.7409 11.9623 11.9971 10.8731
threshold=-0.75089268686929334 0.34218045665717217 1.0000000180025095e-35 1.0000000180025095e-35 -0.20529172471590754 1.1462743427936377
decision_type=2 2 2 2 2 2
left_child=-1 2 5 4 -3 -2
right_child=1 3 -4 -5 -6 -7
leaf_value=-0.028597658297653306 0.0088048517178409818 -0.041983811505040228 0.034176918019974405 -0.042453688634510045 0.026093620089611105 -0.032616017634813615
leaf_weight=48.318508283002302 164.14224948268384 6.3909491309896138 44.596080549294129 23.146705548278987 18.009448702912778 14.554196606390176
leaf_count=2423 4388 262 1420 1188 548 562
internal_value=0.000317029 0.00573227 0.0111617 -0.0189146 0.00561834 0.00494844
internal_weight=319.158 270.84 223.293 47.5471 24.4004 178.696
internal_count=10791 8368 6370 1998 810 4950
is_linear=0
shrinkage=0.05


Tree=38
num_leaves=7
num_cat=0
split_feature=12 24 2 26 63 68
split_gain=19.4798 12.4914 11.8841 8.7979 8.60811 13.2137
threshold=-0.64188675968101916 -0.47775051430220883 -1.4017953059742954 -0.81183283364348713 1.0000000180025095e-35 0.18108672313431176
decision_type=2 2 2 2 2 2
left_child=2 3 -1 -2 -3 -6
right_child=1 4 -4 -5 5 -7
leaf_value=0.015997599926005659 0.013498040886866059 0.023958392504291146 -0.030228834356813318 -0.027836496215480823 0.011439526525413662 -0.035222284616446026
leaf_weight=15.722495484165846 17.737292397767305 97.932041798601858 60.721336620976217 33.131296506151557 78.605675763450563 15.653149414807556
leaf_count=433 498 2801 2977 1567 1897 658
internal_value=0.00106086 0.00800147 -0.0204762 -0.0134746 0.0138054 0.00284317
internal_weight=319.503 243.059 76.4438 50.8686 192.191 94.2588
internal_count=10831 7421 3410 2065 5356 2555
is_linear=0
shrinkage=0.05


Tree=39
num_leaves=7
num_cat=0
split_feature=26 25 42 22 25 30
split_gain=17.1844 16.0565 15.538 15.0451 10.2035 9.82197
threshold=-0.39388613218013718 -0.78864996030113355 1.0000000180025095e-35 -1.0093745675171861 -1.3372291585173601 0.80390074911749798
decision_type=2 2 2 2 2 2
left_child=3 -2 -3 -1 -5 -6
right_child=1 2 -4 4 5 -7
leaf_value=-0.021420373605285759 -0.053692209791259271 -0.012519646784671851 0.038028391878957235 -0.024474151662201179 0.025639715559472722 -0.017839391285168146
leaf_weight=28.137291157152504 17.749358267290518 114.4311785021564 14.520046130754052 11.027271108003331 116.4408254227601 12.451740987598894
leaf_count=1057 1072 4447 293 511 3066 409
internal_value=-0.000445356 -0.0128124 -0.00609269 0.0103854 0.0170968 0.0211292
internal_weight=314.758 146.701 128.951 168.057 139.92 128.893
internal_count=10855 5812 4740 5043 3986 3475
is_linear=0
shrinkage=0.05


Tree=40
num_leaves=7
num_cat=0
split_feature=26 42 22 28 30 24
split_gain=21.4132 15.0039 11.6404 8.80809 8.69656 8.40715
threshold=-0.3788446860168751 1.0000000180025095e-35 -1.337651244361564 1.1038906022515331 -1.5897531148805484 -0.47775051430220883
decision_type=2 2 2 2 2 2
left_child=2 5 -1 4 -4 -2
right_child=1 -3 3 -5 -6 -7
leaf_value=-0.021728139120048839 -0.042359838413131706 0.02791723991213221 -0.029130530730783168 -0.028403781187901291 0.022016288008016957 -0.012412524354328254
leaf_weight=20.524570865090936 29.88979750405997 15.798908577533437 6.3040973460301748 7.7890920685604206 137.51930506655481 97.446895713103004
leaf_count=772 1859 373 322 313 3694 3546
internal_value=-0.000345956 -0.0144742 0.0114487 0.0162744 0.019225 -0.0202553
internal_weight=315.273 143.136 172.137 151.612 143.823 127.337
internal_count=10879 5778 5101 4329 4016 5405
is_linear=0
shrinkage=0.05


Tree=41
num_leaves=7
num_cat=0
split_feature=29 25 67 67 28 28
split_gain=16.882 16.3417 14.6449 15.1707 9.61533 10.9203
threshold=0.112204849518393 0.40788707520135642 0.76016388209686603 -1.3304675077029495 -1.1502021030662444 1.1038906022515331
decision_type=2 2 2 2 2 2
left_child=2 -2 3 -1 -5 -6
right_child=1 -3 -4 4 5 -7
leaf_value=-0.037112765756581748 -0.037074330516090832 -0.00041266069942752975 -0.042501745667307154 -0.010220516059047542 0.024227585206653642 -0.032708317896854487
leaf_weight=11.991070478921754 49.078917298000306 73.16901851282455 10.536767321638761 28.048924189060926 132.46346240118146 6.4339288044720879
leaf_count=559 2601 2427 614 920 3516 266
internal_value=-0.00139129 -0.0156667 0.00791978 0.0115407 0.0156288 0.0209545
internal_weight=311.722 122.248 189.474 178.937 166.946 138.897
internal_count=10903 5028 5875 5261 4702 3782
is_linear=0
shrinkage=0.05


Tree=42
num_leaves=7
num_cat=0
split_feature=66 58 13 18 23 67
split_gain=18.7986 13.6449 9.51719 8.31993 7.1794 6.53381
threshold=0.2631497780898337 -0.22263826968646502 -0.61156747682357426 -0.38885423152024962 0.93980657953747293 -1.2088329816239252
decision_type=2 2 2 2 2 2
left_child=1 2 -1 -4 5 -2
right_child=4 -3 3 -5 -6 -7
leaf_value=0.0019671145108637682 -0.021285598213042912 0.02136492433442078 -0.039449271242647549 -0.011516450043096718 -0.028104357165200045 0.03207753273872959
leaf_weight=79.512322479393333 4.3010199919808647 33.577066464349627 35.95780434878543 98.078110556583852 4.0126985805109134 55.562190090538934
leaf_count=2368 197 769 2145 3500 163 1754
internal_value=-0.000735997 -0.00702504 -0.0117231 -0.0197096 0.0228189 0.0274107
internal_weight=311.001 247.125 213.548 134.036 63.8759 59.8632
internal_count=10896 8782 8013 5645 2114 1951
is_linear=0
shrinkage=0.05


Tree=43
num_leaves=7
num_cat=0
split_feature=68 24 26 58 66 67
split_gain=17.2171 11.3775 13.9675 10.2662 8.64541 7.74229
threshold=-0.19176929157995945 -0.14367258377669548 -0.73193133747593853 -0.22263826968646502 -0.1019714174771509 -1.174479516929992
decision_type=2 2 2 2 2 2
left_child=1 2 -1 4 -2 -3
right_child=3 5 -4 -5 -6 -7
leaf_value=0.016120242517326383 -0.030264276360407256 -0.018547636438056909 -0.026622130205089408 0.018275272955714676 0.0060735994055557624 0.020717322015440277
leaf_weight=32.107247119070962 72.297554419375956 11.66268873773515 39.391881951596588 16.067116057965904 19.773047860711813 119.72729916404933
leaf_count=916 3595 353 1784 390 719 3106
internal_value=-0.000267675 0.00829572 -0.0075521 -0.0161246 -0.022515 0.0168958
internal_weight=311.027 202.889 71.4991 108.138 92.0706 131.39
internal_count=10863 6159 2700 4704 4314 3459
is_linear=0
shrinkage=0.05


Tree=44
num_leaves=7
num_cat=0
split_feature=68 29 42 22 28 34
split_gain=23.7643 14.5273 13.7802 11.9025 8.67171 7.74434
threshold=0.89635853540035915 0.25403142603625439 1.0000000180025095e-35 -0.84559953925118869 1.1038906022515331 1.0000000180025095e-35
decision_type=2 2 2 2 2 2
left_child=1 3 -3 -1 5 -5
right_child=-2 2 -4 4 -6 -7
leaf_value=-0.011880883756319932 -0.042748494748830711 -0.018523020145627078 0.034917406881516941 -0.0095610170571787667 -0.024242698663162282 0.025814785222255728
leaf_weight=37.93660076498054 26.305280251428485 82.995082843117416 11.207046456169335 16.014409273397177 8.6042361822910589 126.44837740052026
leaf_count=1316 1560 3444 229 573 353 3383
internal_value=0.000136417 0.00452607 -0.0112839 0.0124592 0.0186839 0.021723
internal_weight=309.511 283.206 94.2021 189.004 151.067 142.463
internal_count=10858 9298 3673 5625 4309 3956
is_linear=0
shrinkage=0.05


Tree=45
num_leaves=7
num_cat=0
split_feature=68 12 32 58 23 22
split_gain=13.6076 11.4647 8.88753 7.68454 6.4828 6.30732
threshold=0.89635853540035915 0.65722766668474453 -0.49868549635749565 -0.22852604531245646 -1.9625588651223811 -0.82678526330556235
decision_type=2 2 2 2 2 2
left_child=1 2 4 5 -1 -4
right_child=-2 -3 3 -5 -6 -7
leaf_value=0.016515058740872873 -0.031727762637663075 0.01567065204043816 -0.030024268239367137 0.028661134097030729 -0.032079552908650215 0.0019855407703990836
leaf_weight=6.4219453199766567 26.861179018393159 115.1211100849323 15.520710894605143 19.52655356307514 34.83021656027995 89.226811898173764
leaf_count=166 1531 3147 651 494 1935 2927
internal_value=0.000381052 0.0037573 -0.00465973 0.00214251 -0.0239078 -0.00346134
internal_weight=307.509 280.647 165.526 124.274 41.2522 104.748
internal_count=10851 9320 6173 4072 2101 3578
is_linear=0
shrinkage=0.05


Tree=46
num_leaves=7
num_cat=0
split_feature=63 68 58 25 30 67
split_gain=16.05 12.943 11.7391 11.6112 13.7557 10.5584
threshold=1.0000000180025095e-35 -0.13279442462148391 -0.18730963634721756 -0.70775973600936692 0.61977352880995584 -0.5725734862087003
decision_type=2 2 2 2 2 2
left_child=3 5 -3 -1 -5 -2
right_child=1 2 -4 4 -6 -7
leaf_value=-0.017061131325846541 0.014901829509221391 -0.042970869028430864 0.022571214120654992 0.027105388220975909 -0.0092527632240637144 -0.016266455980719269
leaf_weight=28.986536393640563 45.846620801836252 40.838147494476289 6.1547608645632854 88.02844833151903 34.671045071911067 58.329361024312675
leaf_count=1273 1112 2338 134 2686 1215 2118
internal_value=-0.00122203 -0.0126279 -0.0335473 0.0101695 0.0168561 -0.00251649
internal_weight=302.855 151.169 46.9929 151.686 122.699 104.176
internal_count=10876 5702 2472 5174 3901 3230
is_linear=0
shrinkage=0.05


Tree=47
num_leaves=7
num_cat=0
split_feature=32 34 22 28 29 41
split_gain=12.4066 11.1583 11.8878 11.0346 8.01174 6.75585
threshold=-0.86298477154120345 1.0000000180025095e-35 0.79679592326294724 -1.2055892032675437 1.3084080977999684 1.0000000180025095e-35
decision_type=2 2 2 2 2 2
left_child=-1 -2 3 -3 5 -5
right_child=1 2 -4 4 -6 -7
leaf_value=-0.024644929364460857 -0.020322060738227163 -0.015854745074502755 -0.013901373312490448 0.048506877225265289 -0.025380599787420702 0.016932032651555871
leaf_weight=38.24449854856357 35.271943837404251 24.101270769024268 43.989961309474893 18.007334589143284 7.2507348861545315 138.64842182886787
leaf_count=2092 1485 875 1602 316 310 4131
internal_value=0.000907851 0.00479726 0.00882697 0.0142797 0.0189161 0.0214048
internal_weight=305.514 267.27 231.998 188.008 163.906 156.656
internal_count=10811 8719 7234 5632 4757 4447
is_linear=0
shrinkage=0.05


Tree=48
num_leaves=7
num_cat=0
split_feature=29 22 3 25 22 58
split_gain=13.9602 10.3162 10.0393 8.20446 8.4576 7.4095
threshold=0.25403142603625439 -0.95098543527213886 -0.75286416920820276 -1.231820917666951 0.81257396433183127 -0.22263826968646502
decision_type=2 2 2 2 2 2
left_child=1 5 -2 -3 -5 -1
right_child=2 3 -4 4 -6 -7
leaf_value=-0.024336482608980539 -0.050192126512060432 -0.016838586946765821 -0.0069733413132755939 0.022240205258948723 -0.012639574980538068 0.028594469347380337
leaf_weight=30.647255337797105 13.029752188362179 16.915491980034858 92.409948240965605 128.98317896050867 18.037231348687783 5.5614115446805945
leaf_count=1249 895 797 3620 3522 645 104
internal_value=0.000940237 0.00866396 -0.0135549 0.0139819 0.0177938 -0.0146408
internal_weight=305.584 200.145 105.44 163.936 147.02 36.2087
internal_count=10832 6317 4515 4964 4167 1353
is_linear=0
shrinkage=0.05


Tree=49
num_leaves=7
num_cat=0
split_feature=66 30 30 31 25 67
split_gain=14.1471 11.977 12.2466 8.50805 11.1667 10.9249
threshold=1.1793499071380593 -1.1601229341629502 0.61977352880995584 -0.3381642757055961 0.68500871866525903 1.098143648438896
decision_type=2 2 2 2 2 2
left_child=1 -1 3 5 -5 -3
right_child=-2 2 -4 4 -6 -7
leaf_value=-0.038901334427405308 0.02297686044872406 0.018857263252115099 -0.021088445744055231 -0.019770142990405668 0.025528310524470785 -0.033937404043206221
leaf_weight=21.263732508989051 49.744216308812611 94.434137874282897 58.299446494784206 51.433548328233883 15.328327054856343 8.1422257279045862
leaf_count=1237 1754 2464 2304 2080 388 576
internal_value=-0.000576073 -0.00550083 -0.00191545 0.00493759 -0.0087192 0.0138213
internal_weight=298.646 248.901 227.638 169.338 66.7619 102.576
internal_count=10803 9049 7812 5508 2468 3040
is_linear=0
shrinkage=0.05


Tree=50
num_leaves=7
num_cat=0
split_feature=66 68 28 68 15 30
split_gain=13.5568 8.12738 7.4279 7.33092 6.89294 6.54899
threshold=0.21560408995716651 -0.69606059388188402 0.85800127018042438 0.62474189461977614 0.1139343261084496 0.66580533388684138
decision_type=2 2 2 2 2 2
left_child=1 4 -3 -2 5 -1
right_child=3 2 -4 -5 -6 -7
leaf_value=0.031950883271944765 0.025033720596802762 -0.0070484656086320487 -0.03307340844389705 -0.022548316392229522 -0.017946625588068848 -0.012140864657855915
leaf_weight=28.307282076682895 54.494049255852588 152.08692047232762 31.22734926501289 7.0331164887174955 13.51091671339236 9.6980861099436861
leaf_count=612 1859 5528 1619 280 603 322
internal_value=-0.00154419 -0.0070442 -0.0119429 0.0187992 0.0100853 0.0206346
internal_weight=296.358 234.831 183.314 61.5272 51.5163 38.0054
internal_count=10823 8684 7147 2139 1537 934
is_linear=0
shrinkage=0.05


Tree=51
num_leaves=7
num_cat=0
split_feature=68 22 34 22 23 24
split_gain=12.6149 12.3515 9.01177 8.82676 7.23814 9.35813
threshold=0.89635853540035915 1.0826950654601419 1.0000000180025095e-35 -0.95098543527213886 -0.53384905351184719 -0.47775051430220883
decision_type=2 2 2 2 2 2
left_child=1 2 -1 -4 -5 -6
right_child=-2 -3 3 4 5 -7
leaf_value=-0.016008646112259356 -0.031452613312020476 -0.026487718182996334 -0.012138158417158217 0.029362050524900641 -0.022028296481987866 0.014047010547697731
leaf_weight=33.293439116096124 25.425115702208132 27.610209849663079 32.455970349023119 58.638489909935743 18.919818691443652 101.53058528411202
leaf_count=1337 1539 1237 1229 1572 986 2916
internal_value=0.000262903 0.00353295 0.007198 0.0110231 0.0153514 0.00798285
internal_weight=297.874 272.449 244.838 211.545 179.089 120.45
internal_count=10816 9277 8040 6703 5474 3902
is_linear=0
shrinkage=0.05


Tree=52
num_leaves=7
num_cat=0
split_feature=68 67 63 58 66 28
split_gain=12.7397 10.5798 9.64704 11.6991 8.33416 7.0446
threshold=-0.22455482242431443 1.6869609917527977 1.0000000180025095e-35 -0.18730963634721756 1.1793499071380593 -1.1250344986630005
decision_type=2 2 2 2 2 2
left_child=1 4 -2 -4 5 -1
right_child=2 -3 3 -5 -6 -7
leaf_value=-0.020787592821751306 0.0015307497140818818 -0.036745201474691111 -0.03721176874877373 0.023237128207124643 0.032464146204064223 0.0095690771075245193
leaf_weight=19.453785507474095 53.15191284334287 9.7153308968991023 46.229282430373132 7.4456986477598539 32.267809352604672 129.49347404157743
leaf_count=716 2089 518 2620 163 1104 3698
internal_value=-8.12418e-05 0.00762538 -0.0136872 -0.0280402 0.0105638 0.00527209
internal_weight=297.757 190.93 106.827 53.675 181.215 148.947
internal_count=10908 6036 4872 2783 5518 4414
is_linear=0
shrinkage=0.05


Tree=53
num_leaves=7
num_cat=0
split_feature=58 66 22 29 42 24
split_gain=11.4811 9.88883 9.08098 8.63486 10.2627 7.59645
threshold=-0.22852604531245646 0.71997948348941698 0.75441838861576394 -0.56857800080360488 1.0000000180025095e-35 0.18643569028853987
decision_type=2 2 2 2 2 2
left_child=1 3 -2 -1 5 -5
right_child=2 -3 -4 4 -6 -7
leaf_value=0.0046902145958890992 0.031915897354104585 0.015442141111464511 -0.023529826334663679 -0.032776517346695913 0.020352833185762653 -0.0080393660673287251
leaf_weight=66.140982683980837 35.074944151798263 43.494682824239135 6.8463912446750319 66.728151054121554 14.148244522046296 60.532655248884112
leaf_count=2096 856 1572 256 3720 377 1972
internal_value=-0.00142387 -0.00553024 0.0218941 -0.0100827 -0.0169463 -0.0214662
internal_weight=292.966 251.045 41.9213 207.55 141.409 127.261
internal_count=10849 9737 1112 8165 6069 5692
is_linear=0
shrinkage=0.05


Tree=54
num_leaves=7
num_cat=0
split_feature=25 27 30 63 42 25
split_gain=11.6899 12.1164 10.0579 7.15836 6.48272 6.74544
threshold=-0.47775927361578213 -0.73372599048521081 0.61977352880995584 1.0000000180025095e-35 1.0000000180025095e-35 0.41836147956083652
decision_type=2 2 2 2 2 2
left_child=1 -1 3 -2 5 -4
right_child=2 -3 4 -5 -6 -7
leaf_value=-0.00075008791881267436 0.024708831613369904 -0.038943044184091613 -0.045020016784292835 0.0025017078853962083 0.027833342784897071 -0.00553381560619556
leaf_weight=56.190702125488315 72.582853286410682 30.051164965087082 11.394427936524151 71.246438091387972 7.5176137839443973 47.963670877739787
leaf_count=2130 2296 1884 611 2175 160 1690
internal_value=0.000281634 -0.0149203 0.00662589 0.0139843 -0.00912077 -0.0149148
internal_weight=296.947 86.2419 210.705 143.829 66.8757 59.3581
internal_count=10946 4014 6932 4471 2461 2301
is_linear=0
shrinkage=0.05


Tree=55
num_leaves=7
num_cat=0
split_feature=67 67 31 25 30 24
split_gain=11.9408 11.1558 11.4711 8.78363 7.87321 7.76767
threshold=-1.3304675077029495 0.13732289512449566 -0.3381642757055961 -0.44397659184699001 0.69649320393809833 -0.61376348038858108
decision_type=2 2 2 2 2 2
left_child=-1 2 4 -4 -2 -3
right_child=1 5 3 -5 -6 -7
leaf_value=-0.043814848245534027 0.021124948795241676 -0.035403521209289759 -0.034341292977436669 0.0028006186588581138 -0.016048307062801918 -0.002070006510363947
leaf_weight=11.869455936597658 117.19885949691525 24.73529468709603 18.593450560118072 59.092129198368639 13.944017143920062 48.349482073448598
leaf_count=642 3369 1784 996 1742 461 1913
internal_value=-0.000135124 0.00214592 0.00802357 -0.00703534 0.0169019 -0.0143027
internal_weight=293.783 281.913 208.828 77.6856 131.143 73.0848
internal_count=10907 10265 6568 2738 3830 3697
is_linear=0
shrinkage=0.05


Tree=56
num_leaves=7
num_cat=0
split_feature=24 25 26 63 27 24
split_gain=9.80883 14.7687 10.6426 6.58319 6.57054 5.85003
threshold=0.024965494108723785 -0.78864996030113355 -0.82270721821945914 1.0000000180025095e-35 0.26604814290465556 -0.6002152196759718
decision_type=2 2 2 2 2 2
left_child=2 -2 -1 -3 -5 -4
right_child=1 3 5 4 -6 -7
leaf_value=0.011600192438059893 -0.036197765028861607 0.022891368740955126 -0.033429949356040489 0.012152019334240965 -0.018299856746342859 -0.0080263997426371619
leaf_weight=36.319749512709677 14.41359891486354 72.836865135119297 39.497802035883069 48.52744748420082 24.015586242079735 54.121417961549014
leaf_count=1149 870 2178 2487 1081 868 2216
internal_value=-0.000634042 0.00760139 -0.0107046 0.0125879 0.00174445 -0.0194493
internal_weight=289.732 159.793 129.939 145.38 72.543 93.6192
internal_count=10849 4997 5852 4127 1949 4703
is_linear=0
shrinkage=0.05


Tree=57
num_leaves=7
num_cat=0
split_feature=28 67 67 63 68 24
split_gain=10.213 9.66488 9.79376 8.56715 11.8356 7.99977
threshold=0.85800127018042438 -1.3304675077029495 0.80269343666995108 1.0000000180025095e-35 0.18108672313431176 0.78868239691203368
decision_type=2 2 2 2 2 2
left_child=1 -1 3 -3 5 -5
right_child=-2 2 -4 4 -6 -7
leaf_value=-0.034488670524540896 -0.020885880715617148 0.021317777687306416 -0.017648631209415334 -0.0020907913108618244 -0.035781629477513247 0.029025032128184622
leaf_weight=12.18611115333624 45.068043283186853 96.907497684296686 32.629822489339858 62.364926446694881 15.421219865791498 27.621833414305001
leaf_count=634 2165 2999 1815 1902 803 567
internal_value=0.00022456 0.00427868 0.00669894 0.0108263 0.000857815 0.00808863
internal_weight=292.199 247.131 234.945 202.315 105.408 89.9868
internal_count=10885 8720 8086 6271 3272 2469
is_linear=0
shrinkage=0.05


Tree=58
num_leaves=7
num_cat=0
split_feature=25 20 30 22 22 42
split_gain=9.91848 11.0344 7.91339 7.23843 5.26836 5.09028
threshold=-0.47775927361578213 -0.83941211078901634 0.86527648922001188 0.87615324166532738 -1.8289244277086718 1.0000000180025095e-35
decision_type=2 2 2 2 2 2
left_child=1 -1 3 4 -2 -4
right_child=2 -3 5 -5 -6 -7
leaf_value=0.01662100703840403 -0.02685259968737851 -0.024034199917122846 -0.018566692710371483 -0.014094146710915259 0.017412485197641867 0.024533824053077788
leaf_weight=19.89152244059369 4.4664843305945388 63.652487221814226 39.07515373500064 21.914669632562436 133.49199280992616 5.4987286836840203
leaf_count=577 206 3389 1643 911 4009 122
internal_value=0.000106086 -0.0141137 0.00603686 0.0112052 0.0154384 -0.0120379
internal_weight=287.991 83.544 204.447 159.873 137.958 44.5739
internal_count=10857 3966 6891 5126 4215 1765
is_linear=0
shrinkage=0.05


Tree=59
num_leaves=7
num_cat=0
split_feature=25 26 24 21 42 24
split_gain=9.90488 11.5666 10.0466 6.35472 4.04667 4.08714
threshold=-0.66067947058107868 -0.56616341112588242 -0.58991339865962245 0.83799700831327828 1.0000000180025095e-35 0.54629228058039414
decision_type=2 2 2 2 2 2
left_child=1 -1 -2 -4 5 -5
right_child=2 -3 3 4 -6 -7
leaf_value=-0.00048116993191129801 -0.02218725899299839 -0.04284103974557546 0.013592502902829344 -0.026056753971813781 0.024035089111842545 0.006546759103295126
leaf_weight=42.136066363542341 26.823464359622449 23.165162540564779 154.97235642786836 22.696440354920924 5.5714502781629553 13.751439247280357
leaf_count=1667 1541 1582 4477 1138 109 413
internal_value=-3.76724e-05 -0.0167297 0.00498933 0.00896716 -0.00786068 -0.0141934
internal_weight=289.116 65.3012 223.815 196.992 42.0193 36.4479
internal_count=10927 3249 7678 6137 1660 1551
is_linear=0
shrinkage=0.05


Tree=60
num_leaves=7
num_cat=0
split_feature=25 22 29 28 29 68
split_gain=8.92459 9.69717 8.77466 8.40565 7.37114 6.03309
threshold=-1.2890209852237997 1.1462743427936377 1.1760570037649811 -1.179962336010226 -2.1490273468019985 0.89635853540035915
decision_type=2 2 2 2 2 2
left_child=4 2 3 -2 -1 -5
right_child=1 -3 -4 5 -6 -7
leaf_value=0.0087219470155419053 -0.015617563771287361 -0.02655439528773287 -0.024934453628805829 0.014535618897110079 -0.047786446779589459 -0.017578671829178133
leaf_weight=7.5378572463523623 29.222330178366974 23.335422981530428 18.917676208540797 179.58346933824942 13.881107012275605 13.392604259774087
leaf_count=252 1112 1209 960 5663 959 721
internal_value=-0.000339373 0.002306 0.00539114 0.00827079 -0.0292714 0.0120719
internal_weight=285.87 264.452 241.116 222.198 21.419 192.976
internal_count=10876 9665 8456 7496 1211 6384
is_linear=0
shrinkage=0.05


Tree=61
num_leaves=7
num_cat=0
split_feature=68 28 30 14 0 30
split_gain=9.7219 10.0318 7.82988 6.89651 6.64646 5.95648
threshold=-0.56555365962663384 0.85800127018042438 0.61977352880995584 0.042151547930066639 0.55371230552005135 -1.2214986742654643
decision_type=2 2 2 2 2 2
left_child=2 3 5 -2 -4 -1
right_child=1 -3 4 -5 -6 -7
leaf_value=-0.017591220076371868 0.0052095651667418879 -0.031450964919419303 -0.029240592169232402 -0.018116780387550015 0.018210111691493596 0.025580045338802544
leaf_weight=6.9062578113516784 117.74527354934253 29.514087177347392 14.911765967961403 39.96919276076369 9.9286435027606768 66.647475431556813
leaf_count=345 4118 1673 662 1943 235 1881
internal_value=0.000509216 -0.00616118 0.0130087 -0.000929805 -0.0103561 0.020996
internal_weight=285.623 187.229 98.3941 157.714 24.8404 73.5537
internal_count=10857 7734 3123 6061 897 2226
is_linear=0
shrinkage=0.05


Tree=62
num_leaves=7
num_cat=0
split_feature=68 22 64 18 57 61
split_gain=10.0106 7.64293 6.6677 6.54026 6.45009 6.24224
threshold=-0.13279442462148391 -1.4520420421109723 1.0000000180025095e-35 -0.25302823852689915 -0.17495899487820246 1.0000000180025095e-35
decision_type=2 2 2 2 2 2
left_child=1 -1 4 -4 -2 -3
right_child=2 5 3 -5 -6 -7
leaf_value=-0.025145536250683317 -0.029495519243799458 0.003857732973274971 -0.022493650761452037 0.020654345708836508 0.023390357934552141 0.027596932558502669
leaf_weight=15.794058591127394 52.125362150836736 147.54060325934552 11.618557177484037 19.133178665768355 4.2162973992526522 31.492838394071441
leaf_count=640 3036 4594 704 609 83 1222
internal_value=-0.000943358 0.00535848 -0.0147496 0.00380193 -0.0245554 0.00841956
internal_weight=281.921 194.828 87.0934 30.7517 56.3417 179.033
internal_count=10888 6456 4432 1313 3119 5816
is_linear=0
shrinkage=0.05


Tree=63
num_leaves=7
num_cat=0
split_feature=68 66 63 18 13 28
split_gain=8.58415 7.15578 6.34191 5.94796 6.93399 6.64811
threshold=0.27450838479512712 2.3587855752264066 1.0000000180025095e-35 0.32286692502078257 -0.58649059016982108 -0.8642956676435064
decision_type=2 2 2 2 2 2
left_child=1 3 -2 4 -1 -5
right_child=2 -3 -4 5 -6 -7
leaf_value=0.0057154447512074592 -0.0014136640536348687 0.028543140125040459 -0.035850605341981388 -0.018448618555410811 -0.018454369787880804 0.015777792177357725
leaf_weight=55.867700468283147 27.985909720882773 23.384091417305171 23.056765414308757 14.525891632190904 57.765533238416538 78.970367105561309
leaf_count=1709 1261 962 1670 499 2724 2049
internal_value=-0.000139942 0.00401747 -0.018096 0.00088064 -0.00672994 0.010052
internal_weight=281.556 230.514 51.0427 207.129 113.633 93.4963
internal_count=10874 7943 2931 6981 4433 2548
is_linear=0
shrinkage=0.05


Tree=64
num_leaves=7
num_cat=0
split_feature=13 25 67 24 63 28
split_gain=9.48204 13.9288 5.91295 5.80549 7.02432 6.42487
threshold=-1.0146774137013492 -0.50390436887245327 1.3573135463067192 0.67415700445882687 1.0000000180025095e-35 -1.025313224281778
decision_type=2 2 2 2 2 2
left_child=2 -2 -1 4 -3 -5
right_child=1 3 -4 5 -6 -7
leaf_value=0.022239665606090982 -0.026900090455906966 0.007311610710819383 -0.029761340815363496 -0.026975678012011495 -0.01637221300765616 0.02100138673610269
leaf_weight=54.004724011407234 50.175018089299556 63.640755565371364 3.4583422606810919 5.4125248333439222 56.33457543887198 50.220604970294517
leaf_count=1556 2969 2238 226 190 2442 1293
internal_value=0.000180719 -0.00447509 0.0177887 0.00227641 -0.00393727 0.0151923
internal_weight=283.247 225.783 57.4631 175.608 119.975 55.6331
internal_count=10914 9132 1782 6163 4680 1483
is_linear=0
shrinkage=0.05


Tree=65
num_leaves=7
num_cat=0
split_feature=67 66 42 24 35 4
split_gain=7.94049 8.41995 10.6774 8.21468 6.42797 5.89878
threshold=-1.174479516929992 -0.48577020367265994 1.0000000180025095e-35 0.86852552765965252 1.0000000180025095e-35 -0.71100967638945145
decision_type=2 2 2 2 2 2
left_child=-1 2 3 5 -4 -2
right_child=1 -3 4 -5 -6 -7
leaf_value=-0.027909416543003687 0.010229646598903297 0.017762119087312671 0.037490791771619743 0.015256211294254793 -0.02790420473897974 -0.016445619575243615
leaf_weight=20.421109532471746 22.799697742797434 64.124630880018231 19.423973645549271 31.212839289335534 2.2483498435467473 119.97525466233492
leaf_count=988 675 2379 393 883 106 5457
internal_value=-1.29816e-05 0.00247348 -0.0027297 -0.00698649 0.0281385 -0.012063
internal_weight=280.206 259.785 195.66 173.988 21.6723 142.775
internal_count=10881 9893 7514 7015 499 6132
is_linear=0
shrinkage=0.05


Tree=66
num_leaves=7
num_cat=0
split_feature=15 22 68 58 22 30
split_gain=10.0146 7.8313 7.49496 7.03395 8.59907 6.36517
threshold=0.67742098150454777 0.64744949834283705 0.90774307889772921 -0.21675049406047356 -0.82678526330556235 0.97268403439941153
decision_type=2 2 2 2 2 2
left_child=1 2 3 4 -1 -6
right_child=-2 -3 -4 -5 5 -7
leaf_value=-0.014636819466960344 -0.023777724187539876 -0.01235452764733653 -0.024690739919015041 0.033253402788161641 0.017510840393199934 -0.014650762823189388
leaf_weight=33.954773893696256 35.322332150186412 56.07732197502628 12.996489441953598 27.379550955141895 102.64999781304505 15.664456215454264
leaf_count=1352 2046 2379 783 673 3158 601
internal_value=3.42783e-05 0.00365902 0.00843838 0.0112013 0.00667017 0.0129957
internal_weight=284.045 248.723 192.645 179.649 152.269 118.314
internal_count=10992 8946 6567 5784 5111 3759
is_linear=0
shrinkage=0.05


Tree=67
num_leaves=7
num_cat=0
split_feature=24 26 19 21 28 24
split_gain=7.42501 7.6346 5.64642 4.35396 4.12993 4.3724
threshold=-0.44420932793540507 -0.80151900653897845 -0.79996140131454341 1.7055601399362594 -1.2055892032675437 0.70851783649151789
decision_type=2 2 2 2 2 2
left_child=1 -1 -2 4 -4 -6
right_child=2 -3 3 -5 5 -7
leaf_value=0.0063534788321538416 -0.019568133596065219 -0.025317262486117181 -0.012469261639084378 -0.021594125683170512 0.0048744054166648598 0.021806148073523927
leaf_weight=29.257903859950602 18.695313081378117 46.560766806360334 17.126031628344208 9.3670657970942539 96.231822201982141 62.813570056750905
leaf_count=959 1090 3005 557 444 3165 1726
internal_value=-0.00025969 -0.0133191 0.00471104 0.00742991 0.00930885 0.0118414
internal_weight=280.052 75.8187 204.234 185.538 176.171 159.045
internal_count=10946 3964 6982 5892 5448 4891
is_linear=0
shrinkage=0.05


Tree=68
num_leaves=7
num_cat=0
split_feature=68 28 67 67 24 26
split_gain=7.441 6.59076 6.69646 5.39748 5.15604 5.37087
threshold=-0.56555365962663384 0.90858141917575097 -1.174479516929992 1.8214932562186803 -0.58152408419701029 -0.91864969584967404
decision_type=2 2 2 2 2 2
left_child=3 2 -2 -1 5 -4
right_child=1 -3 4 -5 -6 -7
leaf_value=0.013626852912712884 -0.029579545687097888 -0.027952964747078691 0.015981500750556561 -0.035820727367933056 0.0074879685406409411 -0.02442934754480118
leaf_weight=90.049359749769792 16.383206770755351 26.342116460669786 8.9828780684620124 3.0281886705197385 102.18835853924975 26.831911371089518
leaf_count=2908 844 1566 231 185 3447 1618
internal_value=-0.000329228 -0.00622205 -0.00205208 0.0109499 0.00177569 -0.0138419
internal_weight=273.806 180.728 154.386 93.0775 138.003 35.8148
internal_count=10799 7706 6140 3093 5296 1849
is_linear=0
shrinkage=0.05


Tree=69
num_leaves=7
num_cat=0
split_feature=29 25 67 67 31 22
split_gain=8.66193 8.43219 6.93437 7.92831 5.68269 5.46279
threshold=0.13612280126951937 0.89093714499832 -1.174479516929992 1.5359376755136778 -0.3381642757055961 -1.9174164014667212
decision_type=2 2 2 2 2 2
left_child=2 -2 -1 4 5 -4
right_child=1 -3 3 -5 -6 -7
leaf_value=-0.020696547120830286 -0.025187541513885348 0.0033040684038973612 -0.019613190454778169 -0.03847671623044726 -0.0057791170000515112 0.020151851264367453
leaf_weight=19.311188812600449 56.213732860051095 45.143911568913609 7.0497773461975148 5.4062972837127736 33.813355117279571 103.1751297924784
leaf_count=876 3395 1542 289 405 1192 3095
internal_value=-0.00142 -0.0127674 0.00549942 0.00922514 0.0117641 0.0171563
internal_weight=270.113 101.358 168.756 149.445 144.038 110.225
internal_count=10794 4937 5857 4981 4576 3384
is_linear=0
shrinkage=0.05


Tree=70
num_leaves=7
num_cat=0
split_feature=63 68 24 31 67 30
split_gain=7.45828 8.46809 7.94661 6.26514 6.05088 5.48989
threshold=1.0000000180025095e-35 0.19252012733338608 0.78868239691203368 -0.3381642757055961 -1.174479516929992 0.60442959378432748
decision_type=2 2 2 2 2 2
left_child=5 2 3 -2 -4 -1
right_child=1 -3 4 -5 -6 -7
leaf_value=0.013150709949008974 -0.00080340414952688845 -0.034515842487020464 -0.017960717418716046 -0.029363973401419021 0.026589015887947466 -0.0095255922341182086
leaf_weight=100.46123341412749 50.528050035238266 23.448154926300049 7.8501466191373757 28.145440061576664 27.157149083912373 33.538850803859532
leaf_count=3872 1712 1772 262 1343 589 1252
internal_value=-0.000915379 -0.00901646 -0.00300466 -0.0117242 0.0159699 0.00739076
internal_weight=271.129 137.129 113.681 78.6735 35.0073 134
internal_count=10802 5678 3906 3055 851 5124
is_linear=0
shrinkage=0.05


Tree=71
num_leaves=7
num_cat=0
split_feature=30 22 68 30 0 58
split_gain=8.83077 6.15751 5.74464 7.45685 5.42327 4.40528
threshold=-1.1601229341629502 1.4370781720994164 -0.56555365962663384 0.61977352880995584 0.55371230552005135 -0.22263826968646502
decision_type=2 2 2 2 2 2
left_child=-1 2 3 -2 -5 -4
right_child=1 -3 5 4 -6 -7
leaf_value=-0.027415665908972511 0.023561516208612646 -0.030778159211492424 -0.0045999827655036751 -0.027784471387194878 0.017032362597288818 0.018243183834908583
leaf_weight=23.531268881983124 61.869452547631226 9.9202580694109184 132.89120149763767 12.703316350933166 9.1900874120183271 21.995573428459466
leaf_count=1443 1784 613 5617 602 226 553
internal_value=2.03845e-05 0.00291362 0.00467885 0.0149804 -0.00918646 -0.00107101
internal_weight=272.101 248.57 238.65 83.7629 21.8934 154.887
internal_count=10838 9395 8782 2612 828 6170
is_linear=0
shrinkage=0.05


Tree=72
num_leaves=7
num_cat=0
split_feature=58 68 28 28 67 26
split_gain=6.56322 6.53327 5.84245 5.60382 5.73938 4.30004
threshold=-0.22263826968646502 -0.19176929157995945 0.51894281377954599 -1.2055892032675437 1.6869609917527977 -0.73193133747593853
decision_type=2 2 2 2 2 2
left_child=1 3 -2 5 -5 -1
right_child=2 -3 -4 4 -6 -7
leaf_value=0.0040803949673051208 0.028910280198731344 -0.015079355595787533 -0.012319413289273513 0.0089518640718089532 -0.028001370505169678 -0.0396385374836297
leaf_weight=9.0562928162980842 28.433239120524377 76.906923416536301 9.8771431260392983 128.51964954973664 8.5146338474005443 9.923254131106658
leaf_count=299 744 4316 363 4191 492 459
internal_value=-0.000229675 -0.00344645 0.0181578 0.00246429 0.00610508 -0.021068
internal_weight=271.231 232.921 38.3104 156.014 137.034 18.9795
internal_count=10864 9757 1107 5441 4683 758
is_linear=0
shrinkage=0.05


Tree=73
num_leaves=7
num_cat=0
split_feature=67 67 22 22 26 67
split_gain=8.32556 7.72008 6.85801 6.26885 6.14281 4.4307
threshold=-1.3304675077029495 1.8214932562186803 1.1462743427936377 -1.337651244361564 1.5879696498462363 0.58813617359920178
decision_type=2 2 2 2 2 2
left_child=-1 2 3 -2 -5 -4
right_child=1 -3 5 4 -6 -7
leaf_value=-0.036881633308550911 -0.016221490132189986 -0.043279730494103379 -0.033455215203031775 0.011719490107498655 -0.023865665684398782 0.010419409661123173
leaf_weight=10.82127411989495 23.365178060019389 5.7739591782446942 15.409118635579945 203.19047248736024 10.134889898123218 6.6733212883118531
leaf_count=646 1027 461 766 6927 619 430
internal_value=0.000972508 0.00291712 0.00443209 0.00698939 0.00972135 -0.0205359
internal_weight=275.368 264.547 258.773 236.691 213.325 22.0824
internal_count=10876 10230 9769 8573 7546 1196
is_linear=0
shrinkage=0.05


Tree=74
num_leaves=7
num_cat=0
split_feature=67 67 42 66 34 68
split_gain=6.87309 7.13565 6.8529 7.37506 6.15101 4.95226
threshold=-1.3304675077029495 1.8214932562186803 1.0000000180025095e-35 1.727031700488536 1.0000000180025095e-35 -0.72977447805864337
decision_type=2 2 2 2 2 2
left_child=-1 2 3 5 -4 -2
right_child=1 -3 4 -5 -6 -7
leaf_value=-0.034578279709936051 0.011694807265992032 -0.042654806162143004 -0.021629513537951176 0.021031604308565675 0.035788317349844008 -0.0074254104032972224
leaf_weight=10.737820588983594 40.044460413744673 5.7865147928241631 3.618009231984618 33.353415510733612 21.986670669983141 157.94022595090792
leaf_count=643 1294 477 157 1365 493 6475
internal_value=-9.33587e-05 0.00169052 0.00316995 0.000311175 0.0262575 -0.00344131
internal_weight=273.467 262.729 256.943 231.338 25.6047 197.985
internal_count=10904 10261 9784 9134 650 7769
is_linear=0
shrinkage=0.05


Tree=75
num_leaves=7
num_cat=0
split_feature=22 68 25 67 26 23
split_gain=6.36753 5.95605 5.69849 5.33576 4.63505 4.42061
threshold=1.4370781720994164 -0.69606059388188402 -0.66067947058107868 1.1769535169131036 -0.56616341112588242 1.3800122356426734
decision_type=2 2 2 2 2 2
left_child=1 3 4 -1 -3 -4
right_child=-2 2 5 -5 -6 -7
leaf_value=0.023251276846829608 -0.033194676654167782 -0.0033223759147300649 0.0048376658842259022 -0.0098203547474919675 -0.035395210812499092 -0.030162527541075491
leaf_weight=48.061416162585374 10.117684193653984 27.689408852020279 149.53983604430687 14.146985152270643 16.840307474834844 6.6101732375100246
leaf_count=1473 666 1184 5198 630 1288 408
internal_value=0.000823433 0.00249244 -0.00174855 0.0156246 -0.0169202 0.00281539
internal_weight=273.006 262.888 200.68 62.2084 44.5297 156.15
internal_count=10847 10181 8078 2103 2472 5606
is_linear=0
shrinkage=0.05


Tree=76
num_leaves=7
num_cat=0
split_feature=58 68 22 66 22 22
split_gain=6.52803 6.47941 6.06054 5.63873 4.63643 5.89961
threshold=-0.22852604531245646 0.26551801568132516 0.54766895901741164 2.3621827153571711 -0.28669876540159495 0.58176821224851916
decision_type=2 2 2 2 2 2
left_child=1 3 -2 4 -1 -6
right_child=2 -3 -4 -5 5 -7
leaf_value=-0.013730217938667058 0.029037693119969815 -0.020910529479609301 -0.013055008587262463 0.024583627100880009 0.012240782239027422 -0.010602808596238987
leaf_weight=57.583373877336271 28.277511135209352 40.706981597701088 9.7673049567965773 18.512736895703711 69.13922266184818 43.64233798510395
leaf_count=2226 750 2773 365 730 2132 1801
internal_value=-0.00032091 -0.0035617 0.0180668 0.000445799 -0.00255716 0.00335546
internal_weight=267.629 229.585 38.0448 188.878 170.365 112.782
internal_count=10777 9662 1115 6889 6159 3933
is_linear=0
shrinkage=0.05


Tree=77
num_leaves=7
num_cat=0
split_feature=32 23 67 58 22 67
split_gain=6.36668 5.26178 4.91559 4.90648 4.82218 4.51682
threshold=-0.86298477154120345 -0.53384905351184719 -0.22575798791658816 -0.22852604531245646 0.81257396433183127 -1.4198663673157619
decision_type=2 2 2 2 2 2
left_child=2 5 -1 -3 -5 -2
right_child=1 3 -4 4 -6 -7
leaf_value=0.0013183147682872477 -0.028748023043866668 -0.0076495050386381283 -0.037442447968118096 0.024116541683293274 -0.025079565557918078 0.015236169153958274
leaf_weight=13.37530529103242 3.5974630326963952 134.27901913097594 17.284428110346198 21.851157776545737 3.6398542565293601 70.519287337374408
leaf_count=573 280 5485 1533 557 156 2241
internal_value=-0.00158754 0.00132203 -0.0219227 -0.00379257 0.0151907 0.012066
internal_weight=264.547 233.887 30.6597 159.77 25.491 74.1168
internal_count=10825 8719 2106 6198 713 2521
is_linear=0
shrinkage=0.05


Tree=78
num_leaves=7
num_cat=0
split_feature=25 29 13 42 67 35
split_gain=6.42662 7.82031 5.48573 5.10992 8.19065 4.46503
threshold=-1.2890209852237997 -2.2364998048515647 -1.0302336185096539 1.0000000180025095e-35 -0.83844395879701705 1.0000000180025095e-35
decision_type=2 2 2 2 2 2
left_child=1 -1 -2 -4 -5 -6
right_child=2 -3 3 4 5 -7
leaf_value=0.013731440264178283 0.01966400180459292 -0.044434114428311147 -0.0026927029285154793 -0.026600683470066736 0.043199799609504826 -0.016277002167603232
leaf_weight=7.3686745855957296 41.053730917861685 12.608308369759468 183.17283590219449 4.753367256838831 16.410822154488418 2.1467272425070396
leaf_count=228 1302 1003 7684 213 321 94
internal_value=0.00133939 -0.0239877 0.00364612 0.000225399 0.0208478 0.0350119
internal_weight=267.514 19.977 247.537 206.484 23.3109 18.5575
internal_count=10845 1231 9614 8312 628 415
is_linear=0
shrinkage=0.05


Tree=79
num_leaves=7
num_cat=0
split_feature=34 41 66 67 23 25
split_gain=5.83167 9.10942 7.43617 6.08264 5.75273 4.59736
threshold=1.0000000180025095e-35 1.0000000180025095e-35 0.2631497780898337 -1.1232357434198905 -0.56370037293475284 0.38380140059348944
decision_type=2 2 2 2 2 2
left_child=-1 3 4 -2 -3 -6
right_child=1 2 -4 -5 5 -7
leaf_value=-0.01783317327502245 -0.021953034652015327 0.0088657128972843315 0.017472471133994381 0.038692639677565595 -0.021497666495039845 -0.001751856955134323
leaf_weight=35.594651258783415 2.9351632273755994 47.885625229915604 42.41783580952324 21.972222719690762 54.228725376771763 61.992721398593858
leaf_count=1842 147 1493 1791 466 2856 2237
internal_value=0.000178643 0.00314165 -0.000474611 0.0299543 -0.00534391 -0.0112743
internal_weight=267.027 231.432 206.525 24.9074 164.107 116.221
internal_count=10832 8990 8377 613 6586 5093
is_linear=0
shrinkage=0.05


Tree=80
num_leaves=7
num_cat=0
split_feature=22 25 30 22 31 25
split_gain=6.13042 5.87747 6.26502 7.81885 5.48812 9.83098
threshold=-1.9174164014667212 -1.2890209852237997 0.86527648922001188 1.0826950654601419 -0.3381642757055961 0.65829080442017873
decision_type=2 2 2 2 2 2
left_child=-1 -2 3 4 -3 -6
right_child=1 2 -4 -5 5 -7
leaf_value=-0.031728164247200118 -0.024337107576068502 0.017898247412831397 -0.013158214923857159 -0.021768619897564373 -0.011823273331287699 0.026923536369022227
leaf_weight=11.439950157655401 16.967450225027278 106.72249848063802 41.337449501268566 17.598152987193316 50.405412641353905 20.606963368831202
leaf_count=599 1100 3649 1798 1016 2127 546
internal_value=-2.94749e-05 0.00175442 0.0039062 0.00766188 0.0108889 5.61547e-05
internal_weight=265.078 253.638 236.67 195.333 177.735 71.0124
internal_count=10835 10236 9136 7338 6322 2673
is_linear=0
shrinkage=0.05


Tree=81
num_leaves=7
num_cat=0
split_feature=25 67 31 67 24 63
split_gain=7.1082 6.64654 7.6967 6.00908 4.39686 3.9716
threshold=0.40788707520135642 1.098143648438896 -0.3381642757055961 -1.235253382464838 0.72304645770646292 1.0000000180025095e-35
decision_type=2 2 2 2 2 2
left_child=1 2 3 -1 -5 -4
right_child=-2 -3 5 4 -6 -7
leaf_value=-0.032797377985157694 0.0090847348451565321 -0.03634133607249334 -0.0033547557556299814 0.0028502956696448592 0.030930741547218796 -0.031030599843852716
leaf_weight=6.9292159802280358 101.12047729431652 14.970657801255582 23.933511149138212 75.081878299592063 14.339787541248368 27.535466636763886
leaf_count=459 3449 1457 962 2646 392 1483
internal_value=-0.00116827 -0.00758626 -0.0040091 0.00436067 0.00821116 -0.0190547
internal_weight=263.911 162.791 147.82 96.3509 89.4217 51.469
internal_count=10848 7399 5942 3497 3038 2445
is_linear=0
shrinkage=0.05


Tree=82
num_leaves=7
num_cat=0
split_feature=68 22 8 34 8 22
split_gain=6.63541 5.40101 5.68905 4.79865 4.35619 4.77765
threshold=0.89635853540035915 -1.4520420421109723 0.89987318997961474 1.0000000180025095e-35 -0.74035698565838437 0.50614779830982259
decision_type=2 2 2 2 2 2
left_child=1 -1 3 -3 -5 -6
right_child=-2 2 -4 4 5 -7
leaf_value=-0.021914053918905999 -0.02688740592136038 -0.012556753600652721 -0.012963355629087471 -0.0049508622313619828 0.020615982286991602 -0.0007839821636575115
leaf_weight=19.598641702672467 19.605533575639129 23.578422666760162 39.093704430619255 34.397364791948348 91.102327996573877 35.785270891792607
leaf_count=896 1561 1104 1772 1293 2947 1319
internal_value=-0.000969302 0.0014188 0.00372335 0.00740281 0.0104967 0.014702
internal_weight=263.161 243.556 223.957 184.863 161.285 126.888
internal_count=10892 9331 8435 6663 5559 4266
is_linear=0
shrinkage=0.05


Tree=83
num_leaves=7
num_cat=0
split_feature=19 13 42 30 34 29
split_gain=4.88722 10.5264 4.6158 6.59633 6.07969 4.92587
threshold=-0.79996140131454341 -1.0146774137013492 1.0000000180025095e-35 0.80390074911749798 1.0000000180025095e-35 1.2568278504133541
decision_type=2 2 2 2 2 2
left_child=1 -1 3 5 -4 -2
right_child=2 -3 4 -5 -6 -7
leaf_value=0.010485293376168534 0.0080308511552623588 -0.032429719708368443 -0.026524469662424902 -0.016368665552845937 0.032569295597132147 -0.030419279296290087
leaf_weight=24.60333230526885 143.14558140438749 27.729809176642448 2.9443969330750432 39.400475233793259 21.107989744632505 5.9119909356813869
leaf_count=863 5165 2046 134 1776 466 440
internal_value=0.000481311 -0.0127795 0.00387938 0.00108921 0.023196 0.00593576
internal_weight=264.844 52.3331 212.51 188.458 24.0524 149.058
internal_count=10890 2909 7981 7381 600 5605
is_linear=0
shrinkage=0.05


Tree=84
num_leaves=7
num_cat=0
split_feature=25 58 23 29 25 68
split_gain=6.39113 5.04336 6.07244 4.76315 4.60501 4.55946
threshold=-0.53715514729486546 -0.22852604531245646 -0.52216516604541596 -1.0820116040490311 0.38380140059348944 -0.34113645669351306
decision_type=2 2 2 2 2 2
left_child=3 2 -2 -1 -4 -6
right_child=1 -3 4 -5 5 -7
leaf_value=0.00053158410375290198 0.017293296208672086 0.021016675207910764 -0.016719704116423335 -0.025835043357289075 0.013462505408524787 -0.0096597136344011222
leaf_weight=30.149909852538258 35.076922851731069 30.284235497529153 50.387763154110871 36.302329790603835 40.523267877055332 38.893960708752275
leaf_count=1234 995 813 2400 2505 1295 1666
internal_value=-0.00132695 0.00326302 -0.000315123 -0.0143661 -0.00535657 0.00219916
internal_weight=261.618 195.166 164.882 66.4522 129.805 79.4172
internal_count=10908 7169 6356 3739 5361 2961
is_linear=0
shrinkage=0.05


Tree=85
num_leaves=7
num_cat=0
split_feature=63 68 24 30 30 31
split_gain=5.77794 6.27584 4.54302 4.52783 4.02325 3.8803
threshold=1.0000000180025095e-35 0.19252012733338608 0.85277547368769857 0.80390074911749798 -0.76118062349660931 -0.15174566583683816
decision_type=2 2 2 2 2 2
left_child=3 2 -2 -1 -4 -5
right_child=1 -3 4 5 -6 -7
leaf_value=0.012520315809360281 -0.0073986793302747503 -0.028519346143150999 -0.020565395165624934 -0.026290253405627663 0.021768256051508637 0.010784632153960003
leaf_weight=106.18735528929392 81.90115563524887 23.112614688230678 4.4419631292112198 13.222252554725857 26.138672275235876 10.218121150508521
leaf_count=4226 3154 1853 238 579 564 343
internal_value=0.000713982 -0.0064333 -0.00127211 0.00816666 0.0143312 -0.0107387
internal_weight=265.222 135.594 112.482 129.628 30.5806 23.4404
internal_count=10957 5809 3956 5148 802 922
is_linear=0
shrinkage=0.05


Tree=86
num_leaves=7
num_cat=0
split_feature=30 26 25 63 18 41
split_gain=5.35889 4.74844 5.85366 4.01635 6.66154 5.34825
threshold=-1.1601229341629502 -0.79136549241575216 -0.76718288678313651 1.0000000180025095e-35 0.88308308289218918 1.0000000180025095e-35
decision_type=2 2 2 2 2 2
left_child=-1 -2 -3 -4 5 -5
right_child=1 2 3 4 -6 -7
leaf_value=-0.02188804603099952 0.017253301195461136 -0.027656866630906492 0.0093343774167313643 0.016178438170176324 0.01408601591670855 -0.020314684672156698
leaf_weight=21.071484947577119 43.312213701894507 15.104213294573126 92.175102948385756 9.8765487268101406 27.95378375146538 52.979164411313832
leaf_count=1424 1375 1084 3402 321 679 2596
internal_value=0.000629045 0.00283907 -0.000522986 0.00212673 -0.00525385 -0.0141047
internal_weight=262.473 241.401 198.089 182.985 90.8095 62.8557
internal_count=10881 9457 8082 6998 3596 2917
is_linear=0
shrinkage=0.05


Tree=87
num_leaves=7
num_cat=0
split_feature=25 29 22 16 22 67
split_gain=6.70027 7.33179 4.61807 3.85669 4.0207 3.67651
threshold=-1.2593162291105866 -2.1490273468019985 1.5908881217955924 -0.032924285718010822 -1.8289244277086718 1.8214932562186803
decision_type=2 2 2 2 2 2
left_child=1 -1 3 4 -2 -6
right_child=2 -3 -4 -5 5 -7
leaf_value=0.010109463038135896 -0.022466182127504564 -0.047317296009166114 -0.034646431890486253 -0.019479002896466636 0.0073574782795643584 -0.030107911509679133
leaf_weight=7.4143867802340564 10.003421951085327 11.958621517755089 5.4743545115925363 14.890506313182412 207.07154312636703 3.8468458075076333
leaf_count=256 509 1058 415 685 7709 316
internal_value=-0.000748304 -0.0269306 0.00165879 0.00292626 0.00467715 0.00626151
internal_weight=260.66 19.373 241.287 235.812 220.922 210.918
internal_count=10948 1314 9634 9219 8534 8025
is_linear=0
shrinkage=0.05


Tree=88
num_leaves=7
num_cat=0
split_feature=68 63 58 67 66 28
split_gain=4.79555 6.12967 7.51468 4.77755 5.19505 3.66917
threshold=-0.13279442462148391 1.0000000180025095e-35 -0.18730963634721756 1.6869609917527977 1.6675960218981949 -1.2055892032675437
decision_type=2 2 2 2 2 2
left_child=3 -2 -3 4 5 -1
right_child=1 2 -4 -5 -6 -7
leaf_value=-0.016981079619400204 0.0032732857288152086 -0.033085485580999156 0.020296306300802678 -0.027167574295004823 0.026254741017533674 0.0054548118483063067
leaf_weight=18.080155357718468 40.643841171404347 32.262979150051251 5.9719817703589788 8.4869827372021955 24.319966884329915 133.46829055785201
leaf_count=716 1878 2399 145 535 1029 4232
internal_value=-0.000188126 -0.0102803 -0.0238777 0.00422539 0.00617059 0.00250048
internal_weight=263.234 78.8788 38.235 184.355 175.868 151.548
internal_count=10934 4422 2544 6512 5977 4948
is_linear=0
shrinkage=0.05


Tree=89
num_leaves=7
num_cat=0
split_feature=67 24 31 42 34 66
split_gain=5.15809 5.99049 5.65139 5.58277 6.44125 5.23254
threshold=-1.174479516929992 0.89761491305683239 -0.15174566583683816 1.0000000180025095e-35 1.0000000180025095e-35 2.3112256133957114
decision_type=2 2 2 2 2 2
left_child=-1 3 -3 5 -5 -2
right_child=1 2 -4 4 -6 -7
leaf_value=-0.023190831294327328 -0.0076777290008075332 0.031037375888230252 -0.0052575224544871308 -0.032171563269349911 0.032905236631460555 0.017945889315276648
leaf_weight=19.131695508724079 158.72803555009887 27.097849415498786 15.470368551614227 2.17809810349718 16.843373323092237 19.845840838970616
leaf_count=1019 7204 737 616 121 393 821
internal_value=-8.21755e-05 0.00202209 0.0183692 -0.00172163 0.0220859 -0.00458059
internal_weight=259.295 240.164 42.5682 197.595 19.0215 178.574
internal_count=10911 9892 1353 8539 514 8025
is_linear=0
shrinkage=0.05


Tree=90
num_leaves=7
num_cat=0
split_feature=67 68 67 24 63 13
split_gain=5.13229 4.50456 4.97493 3.99735 3.9476 3.69305
threshold=1.8214932562186803 -0.72977447805864337 -0.81285679004569966 0.85277547368769857 1.0000000180025095e-35 -1.0075953269924087
decision_type=2 2 2 2 2 2
left_child=1 -1 -3 4 -4 -6
right_child=-2 2 3 -5 5 -7
leaf_value=0.014144700362634037 -0.039412928215551875 -0.016455386378029121 0.0069133197158826216 0.02024522570600502 0.010145166467727068 -0.016249208987434382
leaf_weight=52.33985021582339 4.8987929562572381 42.843546411721036 69.941769549273886 22.840030115563422 15.422051529400049 49.709816445130855
leaf_count=1857 467 1838 2818 674 477 2732
internal_value=0.000286927 0.00150803 -0.00194626 0.00222361 -0.00119739 -0.00982797
internal_weight=257.996 253.097 200.757 157.914 135.074 65.1319
internal_count=10863 10396 8539 6701 6027 3209
is_linear=0
shrinkage=0.05


Tree=91
num_leaves=7
num_cat=0
split_feature=16 23 15 68 30 22
split_gain=4.51603 4.02544 3.61595 3.70682 2.9788 2.6466
threshold=-0.094428236945790486 1.3995304060345732 1.1072479287506651 -0.72977447805864337 -1.0220275189322938 0.62725983394877172
decision_type=2 2 2 2 2 2
left_child=1 2 3 -1 -5 -6
right_child=-2 -3 -4 4 5 -7
leaf_value=0.016238855472477578 -0.024722428159399925 -0.026875542751603226 -0.017525439464373165 -0.020067816249518117 0.0061106366210228495 -0.0091983939723590258
leaf_weight=45.632398375077173 15.831636049086226 9.5686224431265128 18.285931257880293 12.936639195773749 119.624015451991 33.821160961175337
leaf_count=1553 839 655 1272 761 4235 1551
internal_value=-0.00114364 0.000698741 0.00217527 0.00409525 0.000536077 0.00262466
internal_weight=255.7 239.869 230.3 212.014 166.382 153.445
internal_count=10866 10027 9372 8100 6547 5786
is_linear=0
shrinkage=0.05


Tree=92
num_leaves=7
num_cat=0
split_feature=25 29 23 25 30 68
split_gain=4.04473 5.07933 4.2164 4.56333 4.2352 4.65984
threshold=-1.3549647254822925 -2.2364998048515647 -0.53384905351184719 0.38380140059348944 0.926652229322526 -0.3775865401657767
decision_type=2 2 2 2 2 2
left_child=1 -1 -2 -4 5 -5
right_child=2 -3 3 4 -6 -7
leaf_value=0.010179775964964713 0.012865988836761696 -0.042720453827070966 -0.009810837033342559 0.027441789631727088 -0.0079221298427731429 0.00012425541560355858
leaf_weight=6.0995528870262197 73.052712409349624 8.0111679057590646 79.815430375922006 28.544546477496624 32.007696833228692 30.959949016221799
leaf_count=200 2511 780 4038 841 1300 1191
internal_value=0.0014561 -0.022078 0.00306624 -0.00126179 0.00626928 0.0139167
internal_weight=258.491 14.1107 244.38 171.328 91.5122 59.5045
internal_count=10861 980 9881 7370 3332 2032
is_linear=0
shrinkage=0.05


Tree=93
num_leaves=7
num_cat=0
split_feature=20 25 2 58 13 8
split_gain=3.7436 3.29101 5.07978 3.53778 4.18699 4.5071
threshold=1.6800686582808357 -1.2890209852237997 -1.3901621046606691 -0.22263826968646502 1.319352795515419 -1.150414529567884
decision_type=2 2 2 2 2 2
left_child=1 2 -1 4 5 -3
right_child=-2 3 -4 -5 -6 -7
leaf_value=0.0091675168214343777 -0.025564147166968466 -0.020355686432454809 -0.039616149780191699 0.01667506566236775 0.025418463798201729 0.00073109346767369387
leaf_weight=7.8236221808474538 11.938258139882235 27.213126136921346 9.2245463312137854 31.505976335785817 11.27769935550168 155.97864624322392
leaf_count=266 916 1195 829 962 484 6214
internal_value=-0.00126926 0.00022137 -0.0192069 0.00191953 -0.000688023 -0.00267885
internal_weight=254.962 243.024 17.0482 225.975 194.469 183.192
internal_count=10866 9950 1095 8855 7893 7409
is_linear=0
shrinkage=0.05


Tree=94
num_leaves=7
num_cat=0
split_feature=22 20 25 24 27 58
split_gain=3.92893 3.73371 6.96754 3.87475 3.43892 3.24847
threshold=-1.8289244277086718 -0.77797043114155595 -0.76718288678313651 -0.61376348038858108 -1.1586049430781824 0.79598502058855758
decision_type=2 2 2 2 2 2
left_child=-1 -2 4 -4 -3 -5
right_child=1 2 3 5 -6 -7
leaf_value=-0.024993590301012822 0.014311179493428078 0.0046268742010895769 -0.017991844031332981 0.0018711456635481826 -0.036469059141394457 0.023587927808262486
leaf_weight=11.979914674768223 42.56346190860495 6.0763872649986324 18.693967687198892 144.62239740084624 16.267369969456922 16.65623789082747
leaf_count=663 1517 329 1362 5120 1485 459
internal_value=-0.0001287 0.0013755 -0.00151527 0.00191044 -0.0260683 0.00450377
internal_weight=256.86 244.88 202.316 179.973 22.3438 161.279
internal_count=10935 10272 8755 6941 1814 5579
is_linear=0
shrinkage=0.05


Tree=95
num_leaves=7
num_cat=0
split_feature=22 13 32 58 22 22
split_gain=4.81733 4.70819 4.6765 4.29704 4.10815 3.9335
threshold=1.4370781720994164 -1.0146774137013492 -0.75089268686929334 -0.21086222353865744 0.81257396433183127 -1.0093745675171861
decision_type=2 2 2 2 2 2
left_child=1 -1 -3 5 -5 -4
right_child=-2 2 3 4 -6 -7
leaf_value=0.014661731392925946 -0.030388137209607577 -0.022878747731686681 -0.023358487106727846 0.025554837326465837 -0.0237367937697406 0.00034916844586723334
leaf_weight=48.488975299871527 9.6887994874268752 21.257387788267806 17.163388310349546 22.596877689647958 2.6185607673833138 131.63429578905925
leaf_count=1696 682 1772 883 628 111 5084
internal_value=-0.000346537 0.00120247 -0.00231097 0.000546746 0.0184565 -0.00279303
internal_weight=253.448 243.759 195.271 174.013 25.2154 148.798
internal_count=10856 10174 8478 6706 739 5967
is_linear=0
shrinkage=0.05


Tree=96
num_leaves=7
num_cat=0
split_feature=67 42 24 34 26 67
split_gain=4.35143 5.09786 6.00356 4.60252 4.31584 3.84837
threshold=-1.3304675077029495 1.0000000180025095e-35 0.89761491305683239 1.0000000180025095e-35 0.13803018786231583 1.5555533476228969
decision_type=2 2 2 2 2 2
left_child=-1 2 4 -3 5 -2
right_child=1 3 -4 -5 -6 -7
leaf_value=-0.028734660630923631 0.0017227562038178287 -0.019590327030170301 0.015299571062544128 0.029612484456707035 -0.018820415456093739 -0.029408186921321522
leaf_weight=9.2563999083358777 130.70754988124827 3.6427620244212475 43.197925814485643 22.487790246377699 39.565175662981346 7.7247891898732624
leaf_count=641 4874 169 1456 519 2628 644
internal_value=0.000358663 0.00177882 -0.000799913 0.0214422 -0.0048959 -0.000601355
internal_weight=256.582 247.326 221.195 26.1306 177.998 138.432
internal_count=10931 10290 9602 688 8146 5518
is_linear=0
shrinkage=0.05


Tree=97
num_leaves=7
num_cat=0
split_feature=67 4 28 28 24 63
split_gain=5.5734 4.03419 4.40055 3.61274 4.43397 4.09251
threshold=-1.3304675077029495 1.1311266167579233 1.6695799683760246 -1.1250344986630005 0.93152574354746764 1.0000000180025095e-35
decision_type=2 2 2 2 2 2
left_child=-1 2 3 -2 5 -5
right_child=1 -3 -4 4 -6 -7
leaf_value=-0.03354064526058536 -0.011109187173190373 -0.020059355973901034 -0.036636158235316886 0.010595852017900805 0.022032872929068911 -0.0053548314870050873
leaf_weight=9.0503543897066248 29.82680297724437 17.355167445726693 3.7691307524219146 81.571119686763268 35.748760626243893 74.06134145706892
leaf_count=652 1262 1224 315 3240 1100 3074
internal_value=-0.000345791 0.00128892 0.00317806 0.00433758 0.00687926 0.00304763
internal_weight=251.383 242.332 224.977 221.208 191.381 155.632
internal_count=10867 10215 8991 8676 7414 6314
is_linear=0
shrinkage=0.05


Tree=98
num_leaves=7
num_cat=0
split_feature=25 31 67 28 63 22
split_gain=4.50829 6.89633 6.59522 3.39733 4.8037 3.92067
threshold=0.48194438727424349 -0.3381642757055961 0.042195564895716818 -0.88318667970774167 1.0000000180025095e-35 0.50614779830982259
decision_type=2 2 2 2 2 2
left_child=1 2 -1 -3 5 -5
right_child=-2 3 -4 4 -6 -7
leaf_value=0.0082341520742220311 0.008686927703642237 -0.044216287730544937 -0.022792781582398391 0.018143964455564151 -0.025878326704380106 -0.021388835576042556
leaf_weight=88.434128035616595 91.992201679502614 8.2588992568198574 18.103496081894264 15.140660479140935 24.712847548304126 6.6827636731904922
leaf_count=3156 3221 466 1422 617 1569 438
internal_value=1.60622e-05 -0.00499641 0.00248203 -0.0189107 -0.0120139 0.00491634
internal_weight=253.325 161.333 106.538 54.7952 46.5363 21.8234
internal_count=10889 7668 4578 3090 2624 1055
is_linear=0
shrinkage=0.05


Tree=99
num_leaves=7
num_cat=0
split_feature=28 67 24 15 30 63
split_gain=4.32037 4.21436 4.30323 3.302 3.49688 3.66048
threshold=1.6695799683760246 -1.174479516929992 0.70851783649151789 -0.81697733876131251 0.926652229322526 1.0000000180025095e-35
decision_type=2 2 2 2 2 2
left_child=1 -1 3 -3 5 -5
right_child=-2 2 -4 4 -6 -7
leaf_value=-0.020708233172531468 -0.036858793486876672 0.0129378768303201 0.014628658391250875 0.0077953231700357605 -0.02058551131332037 -0.0094330654424492778
leaf_weight=17.547162856440991 4.7679156931117168 31.273430570494384 55.634883439866826 60.472193034831434 23.916285115643404 56.965377477346919
leaf_count=989 434 1034 1835 2584 1216 2782
internal_value=-0.000140363 0.00100769 0.00292403 -0.00103362 -0.00432934 -0.000588447
internal_weight=250.577 245.809 228.262 172.627 141.354 117.438
internal_count=10874 10440 9451 7616 6582 5366
is_linear=0
shrinkage=0.05


Tree=100
num_leaves=7
num_cat=0
split_feature=66 42 34 67 26 22
split_gain=4.10228 4.24426 5.30773 4.19901 2.96035 2.91466
threshold=0.21560408995716651 1.0000000180025095e-35 1.0000000180025095e-35 -0.86986375217550094 -0.90298206072596721 -0.70206607683014111
decision_type=2 2 2 2 2 2
left_child=1 4 -3 -4 -1 -2
right_child=5 2 3 -5 -6 -7
leaf_value=0.012161679120087698 -0.012456124641860519 -0.024878966042540165 -0.014986955788277327 0.034975521842237907 -0.0089990542662695232 0.017312304337804462
leaf_weight=15.763064050581304 7.9445742280222467 4.3089753352105644 3.5507909755688187 16.079288852401078 161.92740861501079 38.632894337759353
leaf_count=480 371 274 159 313 7492 1759
internal_value=-0.00113163 -0.00424527 0.0143766 0.0251493 -0.00695112 0.0117883
internal_weight=248.207 201.63 23.9391 19.6301 177.69 46.5775
internal_count=10848 8718 746 472 7972 2130
is_linear=0
shrinkage=0.05


Tree=101
num_leaves=7
num_cat=0
split_feature=30 25 23 22 5 22
split_gain=3.52586 4.53405 5.08949 3.95115 3.84494 3.53442
threshold=0.926652229322526 0.38380140059348944 -0.50967083551772918 -0.84559953925118869 -0.2534454113627988 0.62725983394877172
decision_type=2 2 2 2 2 2
left_child=1 2 3 -1 -2 -3
right_child=4 5 -4 -5 -6 -7
leaf_value=-0.011581701393352739 -0.027148429132793878 0.019560773688179295 -0.011523434921631173 0.013445068721997156 0.0037773366819422991 -0.006279329374663605
leaf_weight=19.118669505347498 19.745269522769377 49.144781607785262 72.829464336042292 54.59322655556025 16.844668559730053 16.104318510275334
leaf_count=838 928 1610 4003 2042 756 631
internal_value=7.35454e-06 0.0025345 -0.00237822 0.00675479 -0.0137039 0.0131874
internal_weight=248.38 211.79 146.541 73.7119 36.5899 65.2491
internal_count=10808 9124 6883 2880 1684 2241
is_linear=0
shrinkage=0.05


Tree=102
num_leaves=7
num_cat=0
split_feature=25 29 27 25 67 42
split_gain=3.817 3.77281 3.35561 4.72452 3.08122 3.15957
threshold=-1.3549647254822925 -2.2364998048515647 -1.1399955301858766 -0.50390436887245327 1.8214932562186803 1.0000000180025095e-35
decision_type=2 2 2 2 2 2
left_child=1 -1 -2 -4 5 -5
right_child=2 -3 3 4 -6 -7
leaf_value=0.0055228813282008106 0.018381153309187912 -0.041947014234386903 -0.017932745270697641 0.00093020638153607264 -0.03340039527065649 0.021294015941632938
leaf_weight=5.9230730812996626 22.129483507247642 7.5037217657081765 31.384575582982507 159.72250022046501 2.8908619694411746 18.677670076256618
leaf_count=206 786 780 2119 6253 227 468
internal_value=-0.00051668 -0.023822 0.00109969 -0.000929158 0.00225846 0.0033791
internal_weight=248.232 13.4268 234.805 212.676 181.291 178.4
internal_count=10839 986 9853 9067 6948 6721
is_linear=0
shrinkage=0.05


Tree=103
num_leaves=7
num_cat=0
split_feature=34 19 41 66 30 28
split_gain=3.20002 3.95667 3.62834 4.25013 3.77497 4.59754
threshold=1.0000000180025095e-35 0.085101113905678732 1.0000000180025095e-35 -0.48577020367265994 0.69649320393809833 0.85800127018042438
decision_type=2 2 2 2 2 2
left_child=1 -1 -2 4 5 -4
right_child=2 -3 3 -5 -6 -7
leaf_value=-0.027094322856691749 0.020836530330034377 0.0064214568842934682 0.0053877676206180204 0.013006715428424801 -0.018027424604763805 -0.019985988287181899
leaf_weight=17.985035939025696 22.192252328502946 13.531179226469247 94.377330714021809 48.576005727401935 31.940747030079365 18.863892263732851
leaf_count=1320 603 497 3438 2173 1563 1232
internal_value=0.000763039 -0.0133972 0.00298486 0.000653685 -0.00365913 0.00075425
internal_weight=247.466 31.5162 215.95 193.758 145.182 113.241
internal_count=10826 1817 9009 8406 6233 4670
is_linear=0
shrinkage=0.05


Tree=104
num_leaves=7
num_cat=0
split_feature=67 68 22 67 18 13
split_gain=4.52537 4.6323 3.95189 6.88847 3.97434 3.68368
threshold=1.8214932562186803 -0.56555365962663384 0.37481117684662896 -0.39136286572362294 -0.38885423152024962 0.69466600804672196
decision_type=2 2 2 2 2 2
left_child=1 -1 3 -3 -5 -4
right_child=-2 2 5 4 -6 -7
leaf_value=0.010850239981388263 -0.038017366311032634 -0.010793668211473964 -0.0066162623330443347 -0.0038753274480313031 0.023001697493071311 -0.037719400797311856
leaf_weight=83.144787772325799 4.4694527868414289 52.188560934620909 41.325200610794127 19.968229149701074 36.347547297598794 10.14128053432796
leaf_count=2900 484 2409 1821 1093 1237 843
internal_value=0.000327786 0.00148754 -0.00348887 0.00197628 0.0137577 -0.014485
internal_weight=247.585 243.116 159.971 108.504 56.3158 51.4665
internal_count=10787 10303 7403 4739 2330 2664
is_linear=0
shrinkage=0.05


Tree=105
num_leaves=7
num_cat=0
split_feature=67 68 67 63 24 29
split_gain=4.61861 2.92867 5.94622 4.50459 4.10533 3.00625
threshold=1.8214932562186803 0.26551801568132516 -0.20529172471590754 1.0000000180025095e-35 -0.55058647818067252 1.2439900999526856
decision_type=2 2 2 2 2 2
left_child=1 5 -3 4 -4 -1
right_child=-2 2 3 -5 -6 -7
leaf_value=0.0064419852566171519 -0.03776251197547454 -0.03491497447992916 -0.016774954430765144 -0.019858520571431931 0.0295811445358732 -0.015351953701397764
leaf_weight=187.24412025924539 4.4510342554422087 12.170780210755764 4.4355115459766266 10.081111454288477 13.765824204310773 14.421049658441914
leaf_count=6834 483 946 383 952 488 717
internal_value=0.00103577 0.00220247 -0.00962499 0.00356271 0.0175094 0.00468132
internal_weight=246.569 242.118 40.4532 28.2824 18.2013 201.665
internal_count=10803 10320 2769 1823 871 7551
is_linear=0
shrinkage=0.05


Tree=106
num_leaves=7
num_cat=0
split_feature=68 63 30 10 68 25
split_gain=3.29795 5.14473 4.1154 3.25798 2.80188 2.81338
threshold=0.18108672313431176 1.0000000180025095e-35 -0.16276715749709783 1.2979345371190061 0.094847584624196207 0.49421907988300917
decision_type=2 2 2 2 2 2
left_child=3 2 -2 4 5 -1
right_child=1 -3 -4 -5 -6 -7
leaf_value=-0.0012537060522062465 -0.020843692547528742 -0.028924878117473643 0.01598977486691441 -0.021549562036905945 0.030600817422704648 0.011532724504964141
leaf_weight=123.63543296058197 8.845892312005164 19.638126848265529 18.222783163655549 9.7397114397026581 6.8729286903981111 62.567441721912473
leaf_count=4896 600 1804 794 549 198 2041
internal_value=0.000247988 -0.0113137 0.00307414 0.00303666 0.00458765 0.0031575
internal_weight=249.522 46.7068 27.0687 202.816 193.076 186.203
internal_count=10882 3198 1394 7684 7135 6937
is_linear=0
shrinkage=0.05


Tree=107
num_leaves=7
num_cat=0
split_feature=25 67 24 29 3 67
split_gain=4.11925 3.44148 2.58335 5.85216 3.50023 3.74284
threshold=-1.231820917666951 1.8214932562186803 -0.58991339865962245 0.079728397460153935 -1.0094425323868403 0.50012603413571466
decision_type=2 2 2 2 2 2
left_child=-1 2 3 -2 -4 -6
right_child=1 -3 4 -5 5 -7
leaf_value=-0.02164795156015472 0.0042971036521332806 -0.034506401103433497 0.030716836182111532 -0.033900426038887807 -0.00032179042942911821 0.018732281870868877
leaf_weight=18.250766741693951 28.307122906902805 3.5138025353662661 9.2913593277335149 12.067744199768638 146.70827978069428 28.240737875923514
leaf_count=1367 1155 365 313 1287 5260 1128
internal_value=-0.000587414 0.00135659 0.00236502 -0.00867491 0.00488456 0.00301792
internal_weight=246.38 228.129 224.615 40.3749 184.24 174.949
internal_count=10875 9508 9143 2442 6701 6388
is_linear=0
shrinkage=0.05


Tree=108
num_leaves=7
num_cat=0
split_feature=25 30 34 28 22 29
split_gain=3.83588 4.75437 4.31501 3.70192 3.92452 4.72198
threshold=0.48194438727424349 0.15945547804110075 1.0000000180025095e-35 -1.2417791161685583 0.33362737556978878 -0.98825017657736314
decision_type=2 2 2 2 2 2
left_child=1 2 -1 -4 -5 -6
right_child=-2 -3 3 4 5 -7
leaf_value=-0.021173520250558551 0.0072672282235997018 -0.021113963564115296 -0.01729456872193481 0.014792504286063336 0.020198361980462726 -0.018303483979236011
leaf_weight=18.587932198657654 87.963095780927688 34.718959470628761 15.354691193904726 57.739818987436593 8.8009515460580605 22.26640887017129
leaf_count=1251 3155 1867 751 2155 248 1410
internal_value=-0.000947888 -0.00558698 -0.00079633 0.00333098 0.00734573 -0.00657824
internal_weight=245.432 157.469 122.75 104.162 88.8072 31.0674
internal_count=10837 7682 5815 4564 3813 1658
is_linear=0
shrinkage=0.05


Tree=109
num_leaves=7
num_cat=0
split_feature=31 25 26 16 24 33
split_gain=3.00546 2.93846 3.85584 2.78368 2.96248 5.1709
threshold=2.3649055673913946 -1.3549647254822925 -0.96356250727825155 -0.032924285718010822 -0.61376348038858108 0.29005249743195799
decision_type=2 2 2 2 2 2
left_child=1 2 -1 4 5 -3
right_child=-2 3 -4 -5 -6 -7
leaf_value=0.012844359437072723 -0.033214815953133046 -0.033805254838350007 -0.035531356021542948 -0.016230337303389339 0.0069582252016625462 0.0037293513423876526
leaf_weight=4.4908343898132435 3.4727126136422148 10.196977041312492 8.4541461135959235 15.05761355801951 177.17773637041682 28.485990681219846
leaf_count=124 316 1172 840 767 6366 1275
internal_value=0.00042413 0.00130098 -0.0194899 0.0027015 0.00422649 -0.00788583
internal_weight=247.336 243.863 12.945 230.918 215.861 38.683
internal_count=10860 10544 964 9580 8813 2447
is_linear=0
shrinkage=0.05


Tree=110
num_leaves=7
num_cat=0
split_feature=67 67 68 58 63 8
split_gain=2.85086 2.44525 2.6968 4.28188 3.85001 3.09134
threshold=-1.3304675077029495 1.8214932562186803 -0.22455482242431443 0.843099103096281 1.0000000180025095e-35 -1.150414529567884
decision_type=2 2 2 2 2 2
left_child=-1 2 5 4 -4 -2
right_child=1 -3 3 -5 -6 -7
leaf_value=-0.023379053619505354 -0.0095271882317982462 -0.02767708641377142 0.0018523523404700576 0.020521110886779045 -0.021340243588061573 0.0093725730952606331
leaf_weight=8.8504010019823891 23.289259916869923 3.881812874111346 35.262669717427343 11.163784787058828 32.432063556974754 130.80370281077921
leaf_count=633 896 449 1696 254 2228 4676
internal_value=0.000569021 0.0017452 0.00258115 -0.00482047 -0.00969313 0.00638872
internal_weight=245.684 236.833 232.951 78.8585 67.6947 154.093
internal_count=10832 10199 9750 4178 3924 5572
is_linear=0
shrinkage=0.05


Tree=111
num_leaves=7
num_cat=0
split_feature=26 22 13 13 58 28
split_gain=3.53315 3.00066 2.59215 3.70646 3.13194 3.10542
threshold=1.5007120472825342 -2.3968820047376087 -1.0302336185096539 0.27085849494783859 -0.23441441481343753 1.1360083845130931
decision_type=2 2 2 2 2 2
left_child=1 -1 5 4 -4 -3
right_child=-2 2 3 -5 -6 -7
leaf_value=-0.031854863259094791 -0.022733029794850632 0.016146017533608854 -0.008168962265381486 0.010156619744071728 0.012801822123250728 -0.027779705869668981
leaf_weight=3.5312029335182151 12.920722766080869 43.388617026968859 108.62445048172958 56.559479897783604 18.410413674428128 1.697782426374032
leaf_count=235 1070 1532 4635 2749 573 107
internal_value=6.31555e-05 0.00160535 0.00252782 -0.000176 -0.00490456 0.012862
internal_weight=245.133 232.212 228.681 183.594 127.035 45.0864
internal_count=10901 9831 9596 7957 5208 1639
is_linear=0
shrinkage=0.05


Tree=112
num_leaves=7
num_cat=0
split_feature=34 66 41 22 67 22
split_gain=3.48641 4.01711 5.24479 4.29687 5.82234 3.04133
threshold=1.0000000180025095e-35 -0.48577020367265994 1.0000000180025095e-35 0.37481117684662896 -0.35789471012488466 -0.8685659312675742
decision_type=2 2 2 2 2 2
left_child=-1 2 -2 5 -5 -4
right_child=1 -3 3 4 -6 -7
leaf_value=-0.015166808374222471 0.020811137146379621 0.013778931237892457 -0.013374981300012396 0.0048799201776246626 -0.026603900098520011 0.0073998570847178665
leaf_weight=30.544165806029923 19.402272429084405 52.452374149579555 20.888435203349218 21.937699474161491 36.938978767953813 64.509119267808273
leaf_count=1822 496 2309 1060 697 2297 2227
internal_value=-0.000157225 0.00214259 -0.00176732 -0.00516579 -0.0152051 0.00203683
internal_weight=246.673 216.129 163.677 144.274 58.8767 85.3976
internal_count=10908 9086 6777 6281 2994 3287
is_linear=0
shrinkage=0.05


Tree=113
num_leaves=7
num_cat=0
split_feature=25 29 29 25 67 63
split_gain=3.25583 5.11172 3.40387 3.04461 2.61253 2.87017
threshold=-1.2890209852237997 -2.1490273468019985 -1.0425813704912634 0.38380140059348944 1.098143648438896 1.0000000180025095e-35
decision_type=2 2 2 2 2 2
left_child=1 -1 -2 4 5 -4
right_child=2 -3 3 -5 -6 -7
leaf_value=0.0095438103422964462 0.016303971847878896 -0.041127717641415207 0.0049500276762241011 0.0047237676469200447 -0.029058799467889557 -0.012182372643051394
leaf_weight=6.9565885507035992 27.450637836707756 8.8821464305510727 42.48404542368371 95.369562715059146 9.5108528271084634 50.7863202043809
leaf_count=251 933 983 1687 3569 1192 2300
internal_value=-0.000925251 -0.0208964 0.000732687 -0.00163546 -0.00750273 -0.0044676
internal_weight=241.44 15.8387 225.601 198.151 102.781 93.2704
internal_count=10915 1234 9681 8748 5179 3987
is_linear=0
shrinkage=0.05


Tree=114
num_leaves=7
num_cat=0
split_feature=32 67 26 25 67 28
split_gain=2.29723 4.70216 2.70974 2.6545 2.52609 5.03472
threshold=-0.77891570803727095 -0.27472773218216945 -0.70513001959848087 0.48194438727424349 0.50012603413571466 0.82435261173861807
decision_type=2 2 2 2 2 2
left_child=1 2 -1 -3 -2 -6
right_child=4 3 -4 -5 5 -7
leaf_value=0.022288532796742463 -0.00044560782759750224 -0.035398726225965453 -0.023506928127405874 0.0033030307411907318 -0.00082392654465311254 0.036769736828477319
leaf_weight=9.4443796111736429 178.84086581855081 13.90663192025386 1.671296640997755 5.3543423220980904 22.5406697941944 11.587039454374461
leaf_count=311 6940 1615 139 303 1052 492
internal_value=0.000125713 -0.0120839 0.0118704 -0.0256448 0.00201089 0.0138796
internal_weight=243.345 30.3767 11.1157 19.261 212.969 34.1277
internal_count=10852 2368 450 1918 8484 1544
is_linear=0
shrinkage=0.05


Tree=115
num_leaves=7
num_cat=0
split_feature=25 33 67 16 67 6
split_gain=2.98942 5.23614 2.7697 2.72937 2.66428 2.51934
threshold=-0.89691274911044794 1.5132185918188716 1.8214932562186803 -0.032924285718010822 -0.40295867897048882 1.4247332030117734
decision_type=2 2 2 2 2 2
left_child=1 -1 3 5 -3 -2
right_child=2 4 -4 -5 -6 -7
leaf_value=-0.036093611535615903 0.0036491507775047297 0.013957244127120223 -0.031559313431502478 -0.016526390787038003 -0.015963977697266735 0.0335869052588013
leaf_weight=11.88735454098787 186.64793513790937 14.496898189070636 2.8946222824743009 13.266376522951758 9.9603010208811593 4.3811682201921931
leaf_count=1325 7292 648 287 646 465 234
internal_value=-6.05111e-05 -0.0127089 0.00230796 0.0032376 0.00135886 0.00484445
internal_weight=243.535 36.3446 207.19 204.295 24.4572 191.029
internal_count=10897 2438 8459 8172 1113 7526
is_linear=0
shrinkage=0.05


Tree=116
num_leaves=7
num_cat=0
split_feature=30 0 68 15 28 28
split_gain=3.86563 3.58523 3.40757 4.53481 2.80228 3.48757
threshold=0.926652229322526 -0.10243187902910415 -0.72977447805864337 0.1139343261084496 0.85800127018042438 -1.1502021030662444
decision_type=2 2 2 2 2 2
left_child=2 -2 3 -1 5 -4
right_child=1 -3 4 -5 -6 -7
leaf_value=0.024304169207368165 -0.034245068471657834 -0.0022861396312893099 -0.01365569835233111 -0.01048500685676706 -0.015639554211636892 0.0061484538335320922
leaf_weight=32.096009703411255 10.819423302891662 25.347695670323446 24.190984023618512 10.829078770999329 21.482131149037741 120.42802755255252
leaf_count=1022 764 937 1123 608 1491 4987
internal_value=0.000703554 -0.0137374 0.00336124 0.015416 2.77351e-05 0.00262554
internal_weight=245.193 36.1671 209.026 42.9251 166.101 144.619
internal_count=10932 1701 9231 1630 7601 6110
is_linear=0
shrinkage=0.05


Tree=117
num_leaves=7
num_cat=0
split_feature=58 22 24 27 68 22
split_gain=2.74446 3.98366 3.39398 4.15851 3.69481 3.08196
threshold=-0.22852604531245646 -0.82678526330556235 0.012767238022282256 -1.1586049430781824 2.7195467588374331 0.81257396433183127
decision_type=2 2 2 2 2 2
left_child=1 -1 3 -3 -5 -2
right_child=5 2 -4 4 -6 -7
leaf_value=-0.018008539362863649 0.017752664416364024 0.011785809377824617 0.0053675443793304838 -0.018443858951494807 0.03013837341701673 -0.017677927215091132
leaf_weight=35.780005252338015 28.296706045744941 16.367626950610429 104.08453692647163 50.546568564721383 1.5581567236222316 5.0800176653428926
leaf_count=1913 884 646 3759 3321 195 223
internal_value=-0.00135994 -0.00352781 -0.000268778 -0.0087022 -0.0154293 0.0113469
internal_weight=241.714 208.337 172.557 68.4724 52.1047 33.3767
internal_count=10941 9834 7921 4162 3516 1107
is_linear=0
shrinkage=0.05


Tree=118
num_leaves=7
num_cat=0
split_feature=68 28 68 58 8 17
split_gain=4.36725 3.67145 4.30569 3.26946 3.97064 5.85231
threshold=0.89635853540035915 0.72196761280376709 -0.49734412004582934 -0.22852604531245646 -0.74035698565838437 0.64648020065183631
decision_type=2 2 2 2 2 2
left_child=1 3 -3 4 5 -1
right_child=-2 2 -4 -5 -6 -7
leaf_value=-0.024158837777798765 -0.024506732935654609 0.0039944164328070495 -0.026186594039516495 0.019084444820180596 0.0053149230064763959 0.014504615796382628
leaf_weight=28.108940876671113 16.359603902325034 20.794545484706759 22.412852521403693 25.210831713688094 114.30993844568729 11.907204225775784
leaf_count=1367 1532 804 1407 782 4553 393
internal_value=-0.00172786 0.000248591 -0.012345 0.00343245 0.000560369 -0.0124449
internal_weight=239.104 222.744 43.2074 179.537 154.326 40.0161
internal_count=10838 9306 2211 7095 6313 1760
is_linear=0
shrinkage=0.05


Tree=119
num_leaves=7
num_cat=0
split_feature=30 68 22 58 31 67
split_gain=3.25625 4.72482 4.20108 3.58652 2.91239 3.29962
threshold=0.61977352880995584 -0.69606059388188402 -0.8685659312675742 0.012886612436284084 -0.058536360902459193 1.6236006349398335
decision_type=2 2 2 2 2 2
left_child=1 -1 3 -3 -4 -6
right_child=-2 2 4 -5 5 -7
leaf_value=0.016695812575024272 -0.010781072198838119 -0.027144895339195597 0.0063711711586582082 0.013249162170672492 -0.019381241589750055 0.02973725305838067
leaf_weight=42.249353699735366 56.698286285041831 21.219731453573335 91.285307002719492 5.119681963697075 19.927498692763042 1.2829229899216432
leaf_count=1608 2573 1256 3860 119 1272 105
internal_value=-0.000640798 0.00265812 -0.00187652 -0.0187414 0.00245643 -0.0130936
internal_weight=237.783 181.084 138.835 26.3394 112.496 21.2104
internal_count=10793 8220 6612 1375 5237 1377
is_linear=0
shrinkage=0.05


Tree=120
num_leaves=7
num_cat=0
split_feature=22 63 30 68 67 13
split_gain=2.71333 2.81535 4.92735 4.78693 3.76399 3.11122
threshold=1.5908881217955924 1.0000000180025095e-35 0.80390074911749798 0.19252012733338608 -0.81285679004569966 -0.69533321976261031
decision_type=2 2 2 2 2 2
left_child=1 2 4 5 -1 -3
right_child=-2 3 -4 -5 -6 -7
leaf_value=-0.0081908751432613631 -0.02927538349698432 0.010508627001277129 -0.014064074926838156 -0.026448127207629263 0.015883023924097243 -0.0069159555000436667
leaf_weight=18.399802790750982 4.7719865908147758 39.026161580579355 21.558985290117562 17.796602729009464 76.376700396300294 62.616480703698471
leaf_count=922 445 1093 892 1718 3147 2621
internal_value=-0.000203916 0.000744907 0.0062015 -0.00459162 0.0111014 -0.000116238
internal_weight=240.547 235.775 116.335 119.439 94.7765 101.643
internal_count=10838 10393 4961 5432 4069 3714
is_linear=0
shrinkage=0.05


Tree=121
num_leaves=7
num_cat=0
split_feature=25 30 31 24 26 33
split_gain=2.76579 3.84105 4.75451 4.1667 2.70479 2.59619
threshold=-1.3372291585173601 0.098079737938586695 -0.3381642757055961 -0.68864052268994069 -0.92755190797805964 -0.85155942912891303
decision_type=2 2 2 2 2 2
left_child=4 2 -2 -3 -1 -4
right_child=1 3 5 -5 -6 -7
leaf_value=0.0024528901740867482 0.015060939250119913 -0.029662049168988014 0.010372207717115323 -0.0014218646261514229 -0.038727675815030137 -0.013400607619428738
leaf_weight=6.6980753582902253 74.381367730675265 12.168274192721581 15.12254655669676 96.635318201733753 5.7691850069677439 29.372095520899165
leaf_count=263 2964 999 754 3686 765 1450
internal_value=5.01313e-05 0.00142193 0.00754538 -0.00529133 -0.0204187 -0.00517606
internal_weight=240.147 227.68 118.876 108.804 12.4673 44.4946
internal_count=10881 9853 5168 4685 1028 2204
is_linear=0
shrinkage=0.05


Tree=122
num_leaves=7
num_cat=0
split_feature=67 24 42 67 13 32
split_gain=2.60097 3.45254 5.32166 2.88931 3.1877 2.57652
threshold=-1.174479516929992 0.70851783649151789 1.0000000180025095e-35 -1.044026617902752 -1.0075953269924087 0.39805118101778542
decision_type=2 2 2 2 2 2
left_child=-1 2 3 -2 -5 -6
right_child=1 -3 -4 4 5 -7
leaf_value=-0.017425163977272517 0.023967766028304485 0.012099805485071141 0.02224868975545833 0.0063936938296041152 -0.0071162981961825737 -0.027413517069633721
leaf_weight=17.212728997692466 5.1346809945534906 52.722573251376161 16.765892188414 33.197756756097078 96.505438721505925 16.714343971689232
leaf_count=1013 214 1848 452 1286 5327 731
internal_value=-0.000250173 0.00130269 -0.00223197 -0.00531951 -0.00680718 -0.010743
internal_weight=238.253 221.041 168.318 151.552 146.418 113.22
internal_count=10871 9858 8010 7558 7344 6058
is_linear=0
shrinkage=0.05


Tree=123
num_leaves=7
num_cat=0
split_feature=34 30 25 31 14 13
split_gain=2.85152 3.16282 3.20236 3.98965 3.03938 2.82571
threshold=1.0000000180025095e-35 0.80390074911749798 0.49421907988300917 -0.24495497077121717 -0.31469577152644485 1.4557921934030194
decision_type=2 2 2 2 2 2
left_child=-1 2 3 5 -5 -2
right_child=1 -3 -4 4 -6 -7
leaf_value=-0.014394879411798435 0.0026803760105434393 -0.010973137816502415 0.01535155173688822 -0.033465650228670117 -0.0025984184413093245 0.032955593693225073
leaf_weight=29.750781351234764 86.79477441473864 38.407664993661456 45.267411341541447 9.9877743292017822 22.132945525925606 5.5448274784721425
leaf_count=1825 3763 1773 1530 614 1157 220
internal_value=-0.000674603 0.00146324 0.00441917 0.000175218 -0.0142352 0.00547814
internal_weight=237.886 208.135 169.728 124.46 32.1207 92.3396
internal_count=10882 9057 7284 5754 1771 3983
is_linear=0
shrinkage=0.05


Tree=124
num_leaves=7
num_cat=0
split_feature=21 16 68 25 30 10
split_gain=2.69162 2.70979 2.71971 3.5118 3.22752 4.45912
threshold=1.7055601399362594 -0.043738561641186148 -0.72977447805864337 -1.3775419767540156 0.098079737938586695 0.981795617512918
decision_type=2 2 2 2 2 2
left_child=1 2 -1 -4 -5 -6
right_child=-2 -3 3 4 5 -7
leaf_value=0.012440956276224258 -0.023513936666297554 -0.018695805505876809 -0.027497488352774713 0.007492573012387229 -0.011538392628978066 0.020156317908171767
leaf_weight=45.221368228172651 9.3367195539176446 14.116458329255691 8.668102426803669 84.322414638241753 64.45527246419806 10.457265985547563
leaf_count=1748 679 803 737 3632 2790 455
internal_value=-0.000767273 0.000461532 0.00197233 -0.00101608 0.000907283 -0.00650828
internal_weight=236.578 227.241 213.124 167.903 159.235 74.9125
internal_count=10844 10165 9362 7614 6877 3245
is_linear=0
shrinkage=0.05


Tree=125
num_leaves=7
num_cat=0
split_feature=67 25 29 25 27 20
split_gain=3.32065 2.45347 2.90922 3.85953 3.56584 2.75222
threshold=1.8214932562186803 -1.3775419767540156 -1.0820116040490311 -0.47775927361578213 -1.1399955301858766 -0.44435215110467474
decision_type=2 2 2 2 2 2
left_child=1 -1 -3 4 -4 -5
right_child=-2 2 3 5 -6 -7
leaf_value=-0.019127326374364581 -0.034299832870996722 0.017131287757907052 0.014293759183280836 -0.0045025674907592083 -0.02269788666651075 0.0085379961543093144
leaf_weight=10.620806023012845 3.6524905324913552 27.39675615937449 6.2298489938257289 62.946653575985692 25.203047119110124 103.21529663313413
leaf_count=824 461 948 216 2429 1918 4093
internal_value=0.000552052 0.00151678 0.00273015 0.000507073 -0.0147597 0.00360564
internal_weight=239.265 235.612 224.992 197.595 31.4329 166.162
internal_count=10889 10428 9604 8656 2134 6522
is_linear=0
shrinkage=0.05


Tree=126
num_leaves=7
num_cat=0
split_feature=29 67 18 29 14 68
split_gain=3.10875 2.76369 2.57746 2.39993 2.68757 3.73833
threshold=1.2568278504133541 1.6869609917527977 0.66111064298087718 0.94199730340172161 -0.61878889815156224 -0.36175567281321214
decision_type=2 2 2 2 2 2
left_child=1 3 -3 4 5 -1
right_child=-2 2 -4 -5 -6 -7
leaf_value=0.021442400001579199 -0.01963735650545885 -0.034677927454260536 0.016649604471664081 0.018195326160119037 -0.0032158068612994275 -0.0015812745955925776
leaf_weight=29.275678629404865 15.485460382304153 6.1452369238249949 1.3162576258182523 19.899827788467519 126.99540790886385 38.018210811365861
leaf_count=887 1077 649 27 910 5739 1543
internal_value=7.31136e-05 0.00169402 -0.0234454 0.00288153 0.0010602 0.00892264
internal_weight=237.136 221.651 7.46149 214.189 194.289 67.2939
internal_count=10832 9755 676 9079 8169 2430
is_linear=0
shrinkage=0.05


Tree=127
num_leaves=7
num_cat=0
split_feature=30 31 67 56 58 22
split_gain=2.61938 3.19454 2.99163 2.621 3.12634 3.21952
threshold=0.86527648922001188 0.87355668844133061 -1.476074815359701 1.0000000180025095e-35 1.7969613155478197 -0.82678526330556235
decision_type=2 2 2 2 2 2
left_child=2 -2 -1 -4 5 -5
right_child=1 -3 3 4 -6 -7
leaf_value=-0.033740863974552039 -0.017770180360891639 0.017066995469618491 -0.012342241163772173 -0.010332347137081619 0.030153247278125423 0.0065174840798684344
leaf_weight=2.7716788093093774 33.283089483040385 5.5342230864334843 22.294289476849372 32.845615324797109 8.4955822253832576 134.86012064502575
leaf_count=357 1631 237 1074 1592 208 5851
internal_value=-0.000540027 -0.0119353 0.00180074 0.00279198 0.00488144 0.00309381
internal_weight=240.085 38.8173 201.267 198.496 176.201 167.706
internal_count=10950 1868 9082 8725 7651 7443
is_linear=0
shrinkage=0.05


Tree=128
num_leaves=7
num_cat=0
split_feature=22 4 25 29 16 32
split_gain=3.40364 2.50237 2.28491 2.97079 1.94577 2.41833
threshold=-1.9174164014667212 1.9727923369028442 -1.2745232093981131 -2.2364998048515647 -0.032924285718010822 0.22991305400992021
decision_type=2 2 2 2 2 2
left_child=-1 2 3 -2 -4 -6
right_child=1 -3 4 -5 5 -7
leaf_value=-0.024957743336289362 0.010205348669712082 -0.022163573199217558 0.005910271163998085 -0.030600118944214993 -0.026872722960653336 0.0093827281948600013
leaf_weight=9.2095523374155146 5.6023720670491457 7.180296001257374 193.56593160232296 7.8367419629357737 7.5933043778641132 6.0429037902504206
leaf_count=575 193 659 7812 859 464 234
internal_value=0.000782249 0.00213363 0.00321103 -0.0148314 0.00457623 -0.0120114
internal_weight=237.031 227.822 220.641 13.4391 207.202 13.6362
internal_count=10796 10221 9562 1052 8510 698
is_linear=0
shrinkage=0.05


Tree=129
num_leaves=7
num_cat=0
split_feature=56 25 29 8 67 30
split_gain=2.51025 4.20223 3.01702 2.44319 3.5774 3.49198
threshold=1.0000000180025095e-35 -1.2745232093981131 -2.2364998048515647 -1.150414529567884 -0.81285679004569966 0.68114926891246996
decision_type=2 2 2 2 2 2
left_child=-1 2 -2 4 -3 -6
right_child=1 3 -4 -5 5 -7
leaf_value=-0.013206261248151685 0.004897028569147188 -0.032881883597161259 -0.03828831343700731 0.0066483353290926993 0.013616513866696746 -0.02451583892923203
leaf_weight=26.913669785193633 5.5905883861705661 7.2373439844814156 7.4848687655758095 164.14639580476796 17.074451070395302 5.5880472590215495
leaf_count=1363 212 335 914 6981 699 277
internal_value=0.00035014 0.00227508 -0.0223558 0.00424988 -0.00832291 0.00244718
internal_weight=234.035 207.122 13.0755 194.046 29.8998 22.6625
internal_count=10781 9418 1126 8292 1311 976
is_linear=0
shrinkage=0.05


Tree=130
num_leaves=7
num_cat=0
split_feature=42 67 24 25 20 63
split_gain=2.26476 4.64173 4.03409 3.73276 3.57219 3.81047
threshold=1.0000000180025095e-35 -0.83844395879701705 0.89761491305683239 -0.81895481249744206 -0.77797043114155595 1.0000000180025095e-35
decision_type=2 2 2 2 2 2
left_child=2 -2 4 -4 -1 -6
right_child=1 -3 3 -5 5 -7
leaf_value=0.0064476844771487393 -0.021240691450914475 0.022486356395659116 -0.026416143114109548 0.014005915685445397 -0.0024476164566754168 -0.019555506777098042
leaf_weight=35.819670106982812 5.6358552438323413 19.733503108844161 3.7402359842672004 41.853364529146347 66.923485192673979 62.236457351478748
leaf_count=1392 345 536 453 1338 3206 3613
internal_value=-0.00175213 0.0115534 -0.00349491 0.0092638 -0.00712337 -0.0109479
internal_weight=235.943 25.3694 210.573 45.5936 164.98 129.16
internal_count=10883 881 10002 1791 8211 6819
is_linear=0
shrinkage=0.05


Tree=131
num_leaves=7
num_cat=0
split_feature=22 25 23 12 26 22
split_gain=2.4991 2.8593 2.72818 2.55135 3.02897 2.41675
threshold=-1.9174164014667212 -1.2745232093981131 -1.9625588651223811 0.15222395019245308 -0.82270721821945914 0.60605809126245902
decision_type=2 2 2 2 2 2
left_child=-1 2 -2 -3 5 -5
right_child=1 3 -4 4 -6 -7
leaf_value=-0.02288124256002776 0.004238207101372485 0.0080095251651444259 -0.036610549156016269 0.019035801009888956 -0.0067226491479691801 -0.018233350946720853
leaf_weight=9.5874976452905667 5.9971844609826803 86.146284778602421 6.9218148626387102 19.352760522335306 101.59271268988959 2.8823533791583023
leaf_count=580 250 4405 886 702 3884 121
internal_value=-0.00120605 1.77776e-05 -0.0204228 0.00154538 -0.00303476 0.0126113
internal_weight=232.481 222.893 12.919 209.974 123.828 22.2351
internal_count=10828 10248 1136 9112 4707 823
is_linear=0
shrinkage=0.05


Tree=132
num_leaves=7
num_cat=0
split_feature=1 33 28 0 24 23
split_gain=2.61768 3.53511 2.48488 2.35638 2.17282 3.93446
threshold=1.106337875514199 1.0000000180025095e-35 1.6695799683760246 0.60418493510075566 -0.45566829577418383 0.41565252967057215
decision_type=2 2 2 2 2 2
left_child=2 -2 4 -3 5 -1
right_child=1 3 -4 -5 -6 -7
leaf_value=0.00042181384210444997 -0.02674901155872398 -0.015430478725929304 -0.030464888238627304 0.03509160670055337 0.00500884096345873 -0.030929078116885514
leaf_weight=47.254596843384206 15.6111026997678 1.7447958710836236 3.080801445641554 2.411285949870944 154.88280198397115 9.6697553291451168
leaf_count=2298 1062 133 332 66 5939 1066
internal_value=-0.000615426 -0.0167413 0.00107805 0.0163045 0.00195591 -0.00618556
internal_weight=234.655 19.7672 214.888 4.15608 211.807 56.9244
internal_count=10896 1261 9635 199 9303 3364
is_linear=0
shrinkage=0.05


Tree=133
num_leaves=7
num_cat=0
split_feature=28 66 68 29 6 30
split_gain=2.63759 2.04858 2.51807 2.40211 2.33318 1.94749
threshold=1.7425721446501534 2.365579855487935 2.7195467588374331 1.5136592748080371 0.23064377361963917 -0.94530784380415145
decision_type=2 2 2 2 2 2
left_child=1 2 3 5 -4 -1
right_child=-2 -3 4 -5 -6 -7
leaf_value=-0.013788960089732219 -0.03182347788026426 0.015672385619245534 -0.0079344850878843541 -0.02748587066008621 0.053663887039382942 0.0015189593575344513
leaf_weight=20.369926208863035 3.2517795548192217 18.825335428817198 1.409046635963022 5.3871211673831558 1.0102297181729225 184.29611777426908
leaf_count=1495 363 1051 246 404 69 7229
internal_value=0.000231714 0.00108408 -0.000408675 -0.00125921 0.0332555 -0.000181791
internal_weight=234.55 231.298 212.472 210.053 2.41928 204.666
internal_count=10857 10494 9443 9128 315 8724
is_linear=0
shrinkage=0.05


Tree=134
num_leaves=7
num_cat=0
split_feature=30 31 25 33 25 33
split_gain=2.3867 5.34402 3.9479 4.2196 3.24873 2.70323
threshold=0.098079737938586695 -0.3381642757055961 0.49421907988300917 -0.70885729232496419 -1.3775419767540156 -0.85155942912891303
decision_type=2 2 2 2 2 2
left_child=1 4 -2 -4 -1 -3
right_child=2 5 3 -5 -6 -7
leaf_value=-0.013738708585130856 -0.01813552022326359 0.0067857826898358956 -0.0088288703705815836 0.015227695333658295 0.015136259050614035 -0.017642848115828662
leaf_weight=8.7932603269582597 37.675084462505765 15.463097255327737 39.862713662208989 28.748472953913733 73.291458632447757 29.18517047847854
leaf_count=621 2077 837 1594 1021 3045 1655
internal_value=-0.000349317 0.00424095 -0.00578881 0.00146662 0.0116677 -0.00928788
internal_weight=233.019 126.733 106.286 68.6112 82.0847 44.6483
internal_count=10850 6158 4692 2615 3666 2492
is_linear=0
shrinkage=0.05


Tree=135
num_leaves=7
num_cat=0
split_feature=22 67 24 33 42 14
split_gain=2.33682 2.41811 2.55072 3.08191 2.63259 2.88361
threshold=-1.8289244277086718 -1.1394143331595294 0.80684317343071499 -0.64770071022919173 1.0000000180025095e-35 -0.30220010138657605
decision_type=2 2 2 2 2 2
left_child=-1 -2 4 -4 -3 -6
right_child=1 2 3 -5 5 -7
leaf_value=-0.018637124768773224 -0.01444881171820859 -0.0014979940901161573 0.0010393586341445394 0.027666815763682118 -0.0034277239586620548 0.034656213979960639
leaf_weight=11.543086275341919 17.339707284350879 147.21666726830881 22.133203545585275 18.820692012901418 8.0694684957852605 8.1701558884233219
leaf_count=685 982 7233 861 618 261 185
internal_value=0.000800083 0.00204714 0.00363521 0.0143294 0.000745833 0.0181486
internal_weight=233.293 221.75 204.41 40.9539 163.456 16.2396
internal_count=10825 10140 9158 1479 7679 446
is_linear=0
shrinkage=0.05


Tree=136
num_leaves=7
num_cat=0
split_feature=22 31 28 24 67 66
split_gain=3.20071 2.59496 2.53798 2.05277 2.09531 2.32759
threshold=-0.84559953925118869 -0.24495497077121717 1.7425721446501534 -0.55058647818067252 -0.46086830919735111 2.365579855487935
decision_type=2 2 2 2 2 2
left_child=1 3 -2 4 -1 -6
right_child=2 -3 -4 -5 5 -7
leaf_value=0.0045411661813758285 0.0041752756740302292 -0.034625634556108613 -0.028366378318371618 0.0051168898059875435 -0.040435172742224773 0.012779174785846587
leaf_weight=5.5248281853273484 191.94317414879333 6.7451495727291322 3.212458162684924 20.477751414757222 6.5105988977011302 1.0990634160116313
leaf_count=214 8535 445 357 754 611 23
internal_value=0.000532257 -0.0117804 0.00321826 -0.00473433 -0.0181888 -0.0313092
internal_weight=235.513 40.3574 195.156 33.6122 13.1345 7.60966
internal_count=10939 2047 8892 1602 848 634
is_linear=0
shrinkage=0.05


Tree=137
num_leaves=7
num_cat=0
split_feature=28 67 63 29 6 32
split_gain=2.67237 2.58965 2.08719 3.65147 3.61384 3.00151
threshold=1.6695799683760246 1.8214932562186803 1.0000000180025095e-35 0.08935671030565541 -0.095016979850942845 1.0000000180025095e-35
decision_type=2 2 2 2 2 2
left_child=1 2 -1 5 -5 -4
right_child=-2 -3 3 4 -6 -7
leaf_value=0.0062293071945863469 -0.031269948493740402 -0.031690670001553643 -0.010086250780087477 -0.022523217920054212 0.011874692799471389 0.0099262049009014759
leaf_weight=108.80101857101545 3.8208491072291499 3.0921584269963196 25.87387866480276 30.877711120410822 7.7919477430405086 50.914134478429332
leaf_count=4692 420 409 1185 1941 545 1644
internal_value=-0.000430708 0.000488072 0.00134425 -0.00330034 -0.0152361 0.00305727
internal_weight=231.172 227.351 224.259 115.458 38.6697 76.788
internal_count=10836 10416 10007 5315 2486 2829
is_linear=0
shrinkage=0.05


Tree=138
num_leaves=7
num_cat=0
split_feature=32 26 29 30 30 15
split_gain=2.23602 3.30911 2.12291 2.28288 2.76367 1.8081
threshold=-0.89100779270918107 -0.92300719634761474 -1.0820116040490311 -0.0093278072408128319 -1.3902819595473779 3.2123251924228908
decision_type=2 2 2 2 2 2
left_child=1 -1 3 4 -2 -3
right_child=2 5 -4 -5 -6 -7
leaf_value=0.011436655426802769 -0.016919162487054728 -0.028834517931167061 -0.00016923030659820538 -0.016912598885292968 0.024613514945128673 0.015469279088945029
leaf_weight=7.2774110918398973 2.5741589015815469 15.530948710918892 184.33991662564222 2.8622991980519137 22.402921876986511 0.73938049154821861
leaf_count=241 245 1705 7847 124 700 85
internal_value=0.000172367 -0.0135208 0.00185936 0.0140015 0.0189779 -0.0247264
internal_weight=235.727 23.5477 212.179 27.8394 24.9771 16.2703
internal_count=10947 2031 8916 1069 945 1790
is_linear=0
shrinkage=0.05


Tree=139
num_leaves=7
num_cat=0
split_feature=6 68 25 27 30 33
split_gain=3.02168 2.77271 2.65054 3.64765 2.85708 4.63841
threshold=0.12209018912944516 1.4224905713646196 0.22369849333315409 -0.86772301405358665 0.97268403439941153 -0.36230504973916011
decision_type=2 2 2 2 2 2
left_child=1 2 3 -1 -4 -6
right_child=-2 -3 4 -5 5 -7
leaf_value=0.0044622911918575595 0.016609445253467785 -0.029759415224771636 0.010145363274231323 -0.013418730118857601 -0.022611350042657193 0.019408362351208689
leaf_weight=47.28006960163475 21.342228445457295 5.6224486997234626 71.438954472425394 64.65932397544384 16.417672686045993 7.2121729790233067
leaf_count=1964 1324 719 2553 3333 785 259
internal_value=-9.06181e-05 -0.0019746 -0.000805616 -0.00594694 0.00524481 -0.00904467
internal_weight=233.973 212.631 207.008 111.939 95.0688 23.6298
internal_count=10937 9613 8894 5297 3597 1044
is_linear=0
shrinkage=0.05


Tree=140
num_leaves=7
num_cat=0
split_feature=67 18 28 67 29 25
split_gain=2.89389 2.73475 4.01482 3.02322 2.14456 2.01663
threshold=-1.3304675077029495 1.0064011050651405 -0.90428215347153118 -1.0901668448640833 -1.3243241439941491 -0.42612373337490733
decision_type=2 2 2 2 2 2
left_child=-1 4 3 -3 -2 -4
right_child=1 2 5 -5 -6 -7
leaf_value=-0.026791147187622051 0.010626226862071896 -0.042719728811785811 -0.0055753299394239514 0.010287879429818771 -0.005075837438847563 0.02376541799635459
leaf_weight=7.9654053079430005 22.20487212901935 2.7144865137524903 6.0839390034961971 3.332052929676137 161.4844765709131 26.07164799462771
leaf_count=634 826 138 431 112 7969 730
internal_value=-0.00171592 -0.000470395 0.0111954 -0.0197841 -0.00303747 0.018212
internal_weight=229.857 221.891 38.2021 6.04654 183.689 32.1556
internal_count=10840 10206 1411 250 8795 1161
is_linear=0
shrinkage=0.05


Tree=141
num_leaves=7
num_cat=0
split_feature=25 41 24 29 63 67
split_gain=2.83046 2.45348 4.04195 2.95467 3.533 3.61501
threshold=-1.3549647254822925 1.0000000180025095e-35 0.70851783649151789 -1.3243241439941491 1.0000000180025095e-35 0.46002673982394843
decision_type=2 2 2 2 2 2
left_child=-1 -2 3 -3 -5 -6
right_child=1 2 -4 4 5 -7
leaf_value=-0.023056665983491539 0.011672248195254259 0.014921945484144401 0.0091182946876479341 -0.00070510862997663344 -0.023893241861880063 0.0061847102566029676
leaf_weight=10.507425786869133 37.45853402215289 11.534395188791676 55.112047592527233 61.312952324631624 44.989753504865803 11.265632792317772
leaf_count=990 1398 408 1970 2885 2138 1129
internal_value=-0.000834165 0.000512997 -0.00190682 -0.00671347 -0.00915456 -0.0178617
internal_weight=232.181 221.673 184.215 129.103 117.568 56.2554
internal_count=10918 9928 8530 6560 6152 3267
is_linear=0
shrinkage=0.05


Tree=142
num_leaves=7
num_cat=0
split_feature=25 68 68 30 35 30
split_gain=3.33075 2.31359 4.6337 3.63801 3.09076 2.84469
threshold=-1.2890209852237997 2.7195467588374331 0.89635853540035915 0.60442959378432748 1.0000000180025095e-35 0.61977352880995584
decision_type=2 2 2 2 2 2
left_child=-1 2 4 -4 5 -2
right_child=1 -3 3 -5 -6 -7
leaf_value=-0.022922929588281578 0.0065308257608760901 0.032675814875042869 -0.044836347737950213 0.005605169720478146 -0.024944444288925116 -0.0070128541436563982
leaf_weight=13.313249913568141 144.58985398462391 2.4487701995531088 6.9081607394618896 4.6517374640097842 7.4244678841205305 49.851662653964013
leaf_count=1238 5891 273 661 295 386 2149
internal_value=-0.00113723 0.000502098 -0.000314872 -0.0275659 0.00162648 0.00300465
internal_weight=229.188 215.875 213.426 11.5599 201.866 194.442
internal_count=10893 9655 9382 956 8426 8040
is_linear=0
shrinkage=0.05


Tree=143
num_leaves=7
num_cat=0
split_feature=67 68 56 30 29 33
split_gain=3.04561 4.4059 3.04155 3.45857 3.86899 3.75615
threshold=-0.81285679004569966 -0.7094484261491768 1.0000000180025095e-35 0.95734009937378295 0.94199730340172161 -0.85155942912891303
decision_type=2 2 2 2 2 2
left_child=1 -1 -2 -4 -5 -6
right_child=2 -3 3 4 5 -7
leaf_value=0.014634520938163585 -0.013279058966582434 -0.01898688126948422 0.0084291725402509468 -0.027203741242687013 -0.015251017389517597 0.029198626605335412
leaf_weight=10.392137656599514 23.226611363468692 37.454843105515465 131.46725587028777 13.158348422846759 6.8170698012690991 6.5143675908911955
leaf_count=522 1206 1830 6032 711 349 246
internal_value=-0.000424177 -0.0112519 0.0025719 0.00510674 -0.0105623 0.00784292
internal_weight=229.031 47.847 181.184 157.957 26.4898 13.3314
internal_count=10896 2352 8544 7338 1306 595
is_linear=0
shrinkage=0.05


Tree=144
num_leaves=7
num_cat=0
split_feature=56 58 68 6 24 68
split_gain=3.44659 3.97296 4.26273 4.41071 2.77853 2.41486
threshold=1.0000000180025095e-35 1.7969613155478197 0.26551801568132516 1.0990724495411914 1.1168299499725971 0.094847584624196207
decision_type=2 2 2 2 2 2
left_child=4 2 5 -4 -1 -2
right_child=1 -3 3 -5 -6 -7
leaf_value=-0.025004257011229297 0.0013462077361264342 0.029453018468764986 -0.022303996212224161 0.032520777281885037 0.010763908110598658 0.023548679444278218
leaf_weight=19.554162266518691 155.46470055211103 9.1137056302395631 27.711566122714434 1.4987185592763115 5.2617935978923915 10.341376966214737
leaf_count=1156 6340 222 2335 172 173 419
internal_value=-0.000558002 0.00166849 -5.65136e-05 -0.0167241 -0.0170773 0.00312488
internal_weight=228.946 204.13 195.016 29.2103 24.816 165.806
internal_count=10817 9488 9266 2507 1329 6759
is_linear=0
shrinkage=0.05


Tree=145
num_leaves=7
num_cat=0
split_feature=14 30 5 22 68 3
split_gain=2.363 2.81255 2.50807 2.93505 2.62527 2.22446
threshold=0.042151547930066639 0.60442959378432748 0.45892436119979807 0.60605809126245902 -0.28587500306465208 -0.29891783435368996
decision_type=2 2 2 2 2 2
left_child=1 2 4 -4 -1 -2
right_child=5 -3 3 -5 -6 -7
leaf_value=0.011520324380415657 -0.0022829355670116558 -0.0067344640932368435 0.048090893568358772 -0.011947953641254373 -0.0032808279483573415 -0.023511122754510443
leaf_weight=63.715762411477044 43.545280298392754 50.743713738280348 3.9799788707168764 1.4630015389993785 52.452458493818995 14.657595068565568
leaf_count=2154 2775 2209 141 125 2712 818
internal_value=-6.13892e-05 0.00289169 0.00697375 0.0334419 0.00492293 -0.00851937
internal_weight=230.558 172.355 121.611 5.44298 116.168 58.2029
internal_count=10934 7341 5132 266 4866 3593
is_linear=0
shrinkage=0.05


Tree=146
num_leaves=7
num_cat=0
split_feature=67 24 31 68 15 68
split_gain=2.37409 4.03571 2.85651 2.73564 2.76929 2.75142
threshold=-1.174479516929992 0.93152574354746764 -0.15174566583683816 2.7195467588374331 0.16312716011787984 1.0424520334996481
decision_type=2 2 2 2 2 2
left_child=-1 3 -3 5 -5 -2
right_child=1 2 -4 4 -6 -7
leaf_value=-0.017892688709804205 -0.0021170825216938849 0.025237426043899443 -0.0029222850704611301 -0.01405001922541213 0.051158338462615742 -0.030335149285113203
leaf_weight=15.994275091215966 169.88535653447616 22.054507446620846 13.170247654197736 0.92848994210362379 1.5367680221097542 6.1459730200003824
leaf_count=992 7698 704 576 162 118 660
internal_value=-0.000951205 0.000546777 0.0153057 -0.00257062 0.0323678 -0.0035941
internal_weight=229.716 213.721 35.2248 178.497 2.46526 176.031
internal_count=10910 9918 1280 8638 280 8358
is_linear=0
shrinkage=0.05


Tree=147
num_leaves=7
num_cat=0
split_feature=67 24 67 20 23 24
split_gain=3.24702 2.43281 4.39658 3.1919 3.02315 2.63693
threshold=-1.174479516929992 -0.61376348038858108 -0.27472773218216945 -0.33858203182923258 1.3800122356426734 -0.93221992881129923
decision_type=2 2 2 2 2 2
left_child=-1 2 5 -3 -5 -2
right_child=1 3 -4 4 -6 -7
leaf_value=-0.018262512027655775 0.018037179621478463 -0.0010946022324091358 -0.019762683512414721 0.015497883770952387 -0.013821697937888941 -0.014926166772736244
leaf_weight=16.187877384130843 17.279768395121213 81.233043411251856 25.343921938794665 78.798414559598314 7.5247048769379026 6.0496030165813854
leaf_count=1035 577 3126 2389 3054 455 307
internal_value=0.00148746 0.00319571 -0.0063754 0.00603925 0.0125637 0.00876261
internal_weight=232.417 216.229 48.6733 167.556 86.3231 23.3294
internal_count=10943 9908 3273 6635 3509 884
is_linear=0
shrinkage=0.05


Tree=148
num_leaves=7
num_cat=0
split_feature=25 8 28 67 67 32
split_gain=2.66612 2.18319 2.91874 4.02437 6.9817 6.35608
threshold=-1.3549647254822925 -1.150414529567884 0.51894281377954599 -0.59390769950270916 0.35830298888587475 -0.61077758102940571
decision_type=2 2 2 2 2 2
left_child=-1 -2 -3 -4 -5 -6
right_child=1 2 3 4 5 -7
leaf_value=-0.022634920627285258 -0.011189748726243716 0.0064917188404349756 0.018719487412458546 -0.0276876310365913 -0.025519962149401922 0.027800234960292228
leaf_weight=10.61880949384067 32.53188833250897 127.17611077689799 9.7024905075086263 28.056585800251924 5.8701031756354523 12.780032358248716
leaf_count=1011 1513 5266 343 1406 792 543
internal_value=-0.00117771 0.000172047 0.00233294 -0.0068975 -0.0130276 0.00980705
internal_weight=226.736 216.117 183.585 56.4092 46.7067 18.6501
internal_count=10874 9863 8350 3084 2741 1335
is_linear=0
shrinkage=0.05


Tree=149
num_leaves=7
num_cat=0
split_feature=67 28 30 24 35 67
split_gain=2.6652 1.99142 1.87588 2.61565 2.35472 2.20747
threshold=1.8214932562186803 1.560489731771697 0.69649320393809833 -0.67767977084415243 1.0000000180025095e-35 0.50012603413571466
decision_type=2 2 2 2 2 2
left_child=1 2 4 -4 -1 -5
right_child=-2 -3 3 5 -6 -7
leaf_value=0.0058380978597328687 -0.031691248372893312 -0.022335478687339615 -0.034252914528272248 -0.010688121818831692 -0.020636731114961972 0.011158406955525259
leaf_weight=172.13343170302687 3.2333056803909122 5.5109149335185057 4.2130968654528251 24.236527129076421 5.9214162407442918 17.133378035505302
leaf_count=7563 465 500 409 915 309 741
internal_value=0.000582798 0.00144184 0.00231566 -0.0064533 0.00463029 -0.00149766
internal_weight=232.382 229.149 223.638 45.583 178.055 41.3699
internal_count=10902 10437 9937 2065 7872 1656
is_linear=0
shrinkage=0.05


Tree=150
num_leaves=7
num_cat=0
split_feature=25 12 10 18 20 3
split_gain=2.26148 2.88412 2.72725 4.08015 2.68006 3.83939
threshold=-1.3775419767540156 0.091133642538953688 0.33201910977814164 1.5143539106822963 -0.78793233545946406 -0.042339471175052296
decision_type=2 2 2 2 2 2
left_child=-1 2 3 -2 -3 -6
right_child=1 4 -4 -5 5 -7
leaf_value=-0.021664692479545174 0.01936383623338632 0.011225175323196088 -0.0029752106532104088 -0.019932384682932083 -0.025096695433582328 -0.002428530009570841
leaf_weight=9.1712053237133642 45.799557607271709 20.470421229372732 36.622516659437679 5.1619159284164189 21.139341963717015 86.146604598587146
leaf_count=872 2064 785 2413 301 949 3357
internal_value=-0.000695191 0.000483289 0.00733435 0.0144966 -0.004274 -0.00745619
internal_weight=224.512 215.34 87.584 50.9615 127.756 107.286
internal_count=10741 9869 4778 2365 5091 4306
is_linear=0
shrinkage=0.05


Tree=151
num_leaves=7
num_cat=0
split_feature=28 13 20 25 21 28
split_gain=1.95762 1.84404 3.02384 5.0579 2.73568 2.8927
threshold=1.7425721446501534 -1.0302336185096539 -0.43987606034532217 -0.81895481249744206 1.7055601399362594 1.104625422818051
decision_type=2 2 2 2 2 2
left_child=1 -1 -3 -4 5 -5
right_child=-2 2 3 4 -6 -7
leaf_value=0.011505616473116202 -0.026565918500840398 -0.0075651500310230588 -0.030243567497097064 0.006586007115277695 -0.016181940865349336 0.030069819548769666
leaf_weight=42.294899169239216 2.9726391705335109 72.425099945714464 6.387302365852519 87.6528952344961 7.982124783913604 13.121961653116157
leaf_count=1673 351 3284 919 3576 523 575
internal_value=0.00174732 0.002451 0.0002603 0.00524958 0.00808999 0.0104247
internal_weight=232.837 229.864 187.569 115.144 108.757 100.775
internal_count=10901 10550 8877 5593 4674 4151
is_linear=0
shrinkage=0.05


Tree=152
num_leaves=7
num_cat=0
split_feature=25 30 31 68 30 3
split_gain=2.35668 3.40648 3.21534 2.47487 3.44232 3.06939
threshold=0.48194438727424349 0.082735802912958192 -0.3381642757055961 -0.3775865401657767 0.926652229322526 0.64844842969051086
decision_type=2 2 2 2 2 2
left_child=1 2 -1 4 -2 -5
right_child=3 -3 -4 5 -6 -7
leaf_value=0.0059644191836991257 0.023424177361683403 -0.017232421710205545 -0.011827171942060753 0.011029003728428147 -0.0049439606721652946 -0.014039911314003221
leaf_weight=70.852076210081577 27.305568461306393 37.270634432323277 35.702776802994777 19.357143553206697 15.133948148926718 24.08397916436661
leaf_count=3352 830 2115 2227 742 585 1084
internal_value=-0.000965468 -0.00484398 -0.000157544 0.00547419 0.0136496 -0.00287848
internal_weight=229.706 143.825 106.555 85.8806 42.4395 43.4411
internal_count=10935 7694 5579 3241 1415 1826
is_linear=0
shrinkage=0.05


Tree=153
num_leaves=7
num_cat=0
split_feature=28 28 23 18 58 37
split_gain=2.34209 2.31709 2.94646 2.21139 2.4525 1.65485
threshold=1.6695799683760246 -1.025313224281778 1.5314300142538824 -0.91618558347886925 1.3376979902624466 1.0000000180025095e-35
decision_type=2 2 2 2 2 2
left_child=1 3 -3 5 -5 -1
right_child=-2 2 -4 4 -6 -7
leaf_value=0.017432959484854293 -0.029705048176848343 0.0040828231864495001 -0.028649160261469075 -0.023544744747739769 0.017055324371721591 -0.018590800469617041
leaf_weight=7.7262030846904945 3.4838583580567493 186.42937667915248 4.1598896816722108 21.612620999920185 2.1671770778484634 1.7731396366143597
leaf_count=329 411 8350 402 1167 39 115
internal_value=-7.57037e-05 0.000772099 0.0029355 -0.0108359 -0.0183485 0.00786065
internal_weight=227.352 223.868 190.589 33.2791 23.7798 9.49934
internal_count=10813 10402 8752 1650 1206 444
is_linear=0
shrinkage=0.05


Tree=154
num_leaves=7
num_cat=0
split_feature=67 41 8 35 0 66
split_gain=2.20935 2.30777 3.00796 2.54967 2.39757 2.27018
threshold=-1.343035425054343 1.0000000180025095e-35 -1.150414529567884 1.0000000180025095e-35 1.5126922675534327 -0.48746848826408135
decision_type=2 2 2 2 2 2
left_child=-1 3 4 -2 -3 -4
right_child=1 2 5 -5 -6 -7
leaf_value=-0.024782638679709139 0.014812004037597172 -0.024606417448292586 -0.0032297253278347213 -0.022425729074568024 0.016557837201298886 0.010377870215060122
leaf_weight=6.3780006173765278 34.92338861245662 18.74241810588865 122.86259160237387 2.5380123837385318 2.0567565053934223 37.517620047205128
leaf_count=587 1284 1038 5810 131 61 1902
internal_value=-0.00101822 1.07542e-06 -0.00237426 0.0108135 -0.0189618 8.55979e-05
internal_weight=225.019 218.641 181.179 37.4614 20.7992 160.38
internal_count=10813 10226 8811 1415 1099 7712
is_linear=0
shrinkage=0.05


Tree=155
num_leaves=7
num_cat=0
split_feature=26 2 68 18 61 31
split_gain=2.17232 2.40859 2.61187 3.50273 2.11398 2.44799
threshold=0.77347211232744939 0.79687974230108805 -0.28054918657875755 0.24535273965492752 1.0000000180025095e-35 -0.058536360902459193
decision_type=2 2 2 2 2 2
left_child=1 4 -3 -4 5 -1
right_child=-2 2 3 -5 -6 -7
leaf_value=-0.00098030439518223046 -0.013934566209322003 -0.0013352215367054825 0.047016719460131973 -0.0048896451297371323 0.010243273994002235 -0.018594273391426632
leaf_weight=127.16935054893838 25.494895831914619 12.310947842895986 6.4822536588180792 4.1562881913268939 29.972308162163245 20.433487466827501
leaf_count=5279 2015 462 327 180 1645 1013
internal_value=-0.00101417 0.000809727 0.0150442 0.0301229 -0.00124929 -0.00374053
internal_weight=226.02 200.525 22.9495 10.6385 177.575 147.603
internal_count=10921 8906 969 507 7937 6292
is_linear=0
shrinkage=0.05


Tree=156
num_leaves=7
num_cat=0
split_feature=67 25 33 68 30 67
split_gain=2.50953 2.11346 3.16059 2.184 4.41778 2.2012
threshold=1.8214932562186803 0.49421907988300917 -0.64770071022919173 -0.3818374212141506 0.926652229322526 0.58813617359920178
decision_type=2 2 2 2 2 2
left_child=1 -1 3 4 -3 -5
right_child=-2 2 -4 5 -6 -7
leaf_value=-0.0030543834519605913 -0.03169140154549465 0.022824346039924323 0.018863902728788892 -0.018127656396786134 -0.017526586457298935 0.013030369280260204
leaf_weight=144.67238590630586 3.2110626000794573 16.091293023200709 30.18479264411144 19.517400440294299 7.8563660073559722 5.1778290043584994
leaf_count=7406 464 508 1018 863 327 275
internal_value=-0.000339761 0.00052446 0.00696388 -0.0010874 0.00910919 -0.010891
internal_weight=226.711 223.5 78.8277 48.6429 23.9477 24.6952
internal_count=10861 10397 2991 1973 835 1138
is_linear=0
shrinkage=0.05


Tree=157
num_leaves=7
num_cat=0
split_feature=24 28 67 68 28 42
split_gain=1.84016 2.67335 3.69341 3.33352 2.46657 2.3125
threshold=0.70851783649151789 -0.90428215347153118 -0.82226536905737813 0.18108672313431176 0.064762468624170247 1.0000000180025095e-35
decision_type=2 2 2 2 2 2
left_child=5 2 -2 -3 -5 -1
right_child=1 3 -4 4 -6 -7
leaf_value=-0.0053827200370103537 -0.032663559844138879 0.016558577176692426 0.01700096735303569 0.0096339291305350613 -0.031469209571722563 0.012599580271845795
leaf_weight=146.07421265251469 6.3113140492932871 44.737237689347239 3.8456527787493524 4.9554219299461675 4.6160492292838171 17.440914376522414
leaf_count=7766 333 1492 104 219 456 571
internal_value=-0.000455467 0.006517 -0.0142706 0.0109483 -0.0129682 -0.00327224
internal_weight=227.981 64.4657 10.157 54.3087 9.57147 163.515
internal_count=10941 2604 437 2167 675 8337
is_linear=0
shrinkage=0.05


Tree=158
num_leaves=7
num_cat=0
split_feature=67 68 67 19 67 5
split_gain=1.87898 5.10214 3.47017 3.60713 3.05488 2.85595
threshold=-0.81285679004569966 -0.7094484261491768 -0.91442430996697455 -0.10370015638267593 -0.5725734862087003 0.26464169595545345
decision_type=2 2 2 2 2 2
left_child=1 -1 3 -3 5 -2
right_child=4 2 -4 -5 -6 -7
leaf_value=0.017476244879681586 0.02267925852852213 -0.02229444870932748 -0.0459858264592699 0.009698422962755443 -0.0014563983200142423 -0.013425850607063508
leaf_weight=10.845415745745411 23.116285498021174 17.79570110887289 5.9335651221917969 12.976862696465103 150.42171607090859 4.7888784937094888
leaf_count=540 718 1190 265 376 7563 248
internal_value=-0.000931705 -0.00944639 -0.0181205 -0.00913991 0.00145749 0.0157814
internal_weight=225.878 47.5515 36.7061 30.7726 178.327 27.9052
internal_count=10900 2371 1831 1566 8529 966
is_linear=0
shrinkage=0.05


Tree=159
num_leaves=7
num_cat=0
split_feature=68 67 67 32 68 8
split_gain=2.02443 2.8661 2.7348 2.09199 1.73286 2.69174
threshold=2.7195467588374331 1.6869609917527977 1.6236006349398335 0.2859590963458753 0.26551801568132516 -0.33029944174888465
decision_type=2 2 2 2 2 2
left_child=1 4 -2 -3 -1 -6
right_child=2 3 -4 -5 5 -7
leaf_value=0.0019719413043275784 -0.01467315986817388 -0.039073548679615717 0.048003361741885013 0.0078756495882108726 0.0068103860644856771 -0.020369159210340909
leaf_weight=182.31917127803899 1.0238850491004989 5.1273201606818466 1.6660944412578826 2.1239183992147446 13.075576167088 20.126741691317875
leaf_count=7286 206 634 141 63 747 1726
internal_value=-0.000474549 -0.00121078 0.0289887 -0.0270415 1.76052e-05 -0.00998807
internal_weight=225.463 222.773 2.68998 7.25124 215.521 33.2023
internal_count=10803 10456 347 697 9759 2473
is_linear=0
shrinkage=0.05


Tree=160
num_leaves=7
num_cat=0
split_feature=67 8 67 67 24 42
split_gain=2.08364 3.92604 2.6134 2.71128 2.573 2.5843
threshold=-0.81285679004569966 -1.150414529567884 -0.90494629494782963 -1.174479516929992 0.93152574354746764 1.0000000180025095e-35
decision_type=2 2 2 2 2 2
left_child=1 -1 3 -3 5 -2
right_child=4 2 -4 -5 -6 -7
leaf_value=-0.034993072204611751 -0.001896138976310374 -0.011361248218004716 -0.026198292495985966 0.01533517450844105 0.017821001621438102 0.017899381897339268
leaf_weight=8.1696381348883715 143.83833438920556 13.382035164628173 5.4793868072447358 20.152427295688543 21.250317743164487 15.573705932125447
leaf_count=445 7405 852 334 734 696 448
internal_value=0.000182449 -0.00884911 -0.00126671 0.00462375 0.00264723 0.000332684
internal_weight=227.846 47.1835 39.0138 33.5345 180.662 159.412
internal_count=10914 2365 1920 1586 8549 7853
is_linear=0
shrinkage=0.05


Tree=161
num_leaves=7
num_cat=0
split_feature=21 16 24 22 29 24
split_gain=2.62609 2.36538 2.54138 2.46868 2.09084 4.60873
threshold=1.8916958405639759 -0.032924285718010822 -0.93221992881129923 1.5908881217955924 0.82668679479964557 -0.58991339865962245
decision_type=2 2 2 2 2 2
left_child=1 3 -3 4 -1 -6
right_child=-2 2 -4 -5 5 -7
leaf_value=0.0012949388869852377 -0.027991807812546128 0.018017635735816016 -0.025522571565816152 -0.027649260357669306 -0.026386498056637578 0.020990685974358717
leaf_weight=172.47232735151192 4.9072249499149612 2.0287009145249604 11.513700704788787 3.5281805872218674 3.4267240051412946 30.447272302815691
leaf_count=7595 435 121 695 355 535 1147
internal_value=0.000337491 0.00132237 -0.0169154 0.00272099 0.00362905 0.0144411
internal_weight=228.324 223.417 13.5424 209.875 206.346 33.874
internal_count=10883 10448 816 9632 9277 1682
is_linear=0
shrinkage=0.05


Tree=162
num_leaves=7
num_cat=0
split_feature=16 22 4 12 12 57
split_gain=2.08455 1.53311 1.51482 1.9114 2.47598 2.95318
threshold=-0.032924285718010822 -2.5331233133093858 1.9727923369028442 0.16825204696867543 0.65722766668474453 0.44594844594632727
decision_type=2 2 2 2 2 2
left_child=1 -1 3 -3 5 -5
right_child=-2 2 -4 4 -6 -7
leaf_value=-0.026652100741578533 -0.017139224115893442 0.008262105105078698 -0.018248110888210212 -0.017173892671618035 0.0031682260049680612 0.020683087822692778
leaf_weight=1.864083555759861 13.824026531772686 83.897584919235669 6.1149155346793114 31.4952272415685 85.910172216536012 3.4519537415180812
leaf_count=153 825 4509 653 1435 3235 84
internal_value=-0.000190128 0.00113429 0.00175033 0.00260246 -0.00143135 -0.012095
internal_weight=226.558 212.734 210.87 204.755 120.857 34.9472
internal_count=10894 10069 9916 9263 4754 1519
is_linear=0
shrinkage=0.05


Tree=163
num_leaves=7
num_cat=0
split_feature=25 26 67 24 20 33
split_gain=1.78021 3.17391 2.98714 3.04141 4.07091 2.65509
threshold=-0.62929717314466738 -0.63977827138985877 -0.27472773218216945 -1.0619007303416004 -0.63803534258812067 -0.54576446028503833
decision_type=2 2 2 2 2 2
left_child=1 2 3 -1 -5 -3
right_child=-2 5 -4 4 -6 -7
leaf_value=0.024195257096312626 0.0026838475295000793 0.0076169190910684763 -0.020131679199369305 -0.025392035359814102 0.029160072576012885 -0.032782460406265465
leaf_weight=13.59520838549361 176.287865508697 4.141240349214061 7.9967567095300174 7.4925057202926864 2.2197464283090058 13.019670891721033
leaf_count=403 7470 516 526 511 107 1317
internal_value=0.000335168 -0.00786641 0.00192175 0.0109211 -0.00898487 -0.0233506
internal_weight=224.753 48.4651 31.3042 23.3075 9.71225 17.1609
internal_count=10850 3380 1547 1021 618 1833
is_linear=0
shrinkage=0.05


Tree=164
num_leaves=7
num_cat=0
split_feature=21 22 22 29 18 30
split_gain=2.22371 1.96789 1.66328 1.56712 3.94094 2.94439
threshold=1.7055601399362594 -2.3968820047376087 1.5908881217955924 0.94199730340172161 -0.35517666689349375 0.926652229322526
decision_type=2 2 2 2 2 2
left_child=1 -1 3 5 -5 -3
right_child=-2 2 -4 4 -6 -7
leaf_value=-0.026103838929971458 -0.022087756982861691 0.0031106406847088318 -0.022288397511402724 -0.017829261296572519 0.02246887162496642 -0.01732041174502735
leaf_weight=3.4096540329046539 7.7161837855237527 167.74556453124387 3.8562458779197177 5.5677290622843456 21.749305815552361 16.674176874337718
leaf_count=246 642 7406 388 660 720 855
internal_value=0.000160493 0.00123226 0.0020169 0.00276476 0.0133038 0.00101571
internal_weight=226.719 219.003 215.593 211.737 27.317 184.42
internal_count=10917 10275 10029 9641 1380 8261
is_linear=0
shrinkage=0.05


Tree=165
num_leaves=7
num_cat=0
split_feature=8 26 13 52 7 25
split_gain=1.80455 3.07484 3.03966 1.88871 1.86952 1.90364
threshold=-1.150414529567884 -0.67885590548497154 1.3549156412561552 1.0000000180025095e-35 0.55859030009309996 -1.3372291585173601
decision_type=2 2 2 2 2 2
left_child=1 -1 -3 4 5 -2
right_child=3 2 -4 -5 -6 -7
leaf_value=0.0075977740621599307 -0.015065879323394028 -0.02733290908914356 0.016542036186809023 -0.031089497927311728 -0.016523097170457995 0.0060402359772346818
leaf_weight=15.088118120562283 8.5424216186511313 17.953700140118602 2.7461911141872397 1.0051832073368121 7.9489177768700747 174.56494110659696
leaf_count=593 863 942 140 59 504 7786
internal_value=0.0010958 -0.00877185 -0.020155 0.00304114 0.00369855 0.0048286
internal_weight=227.849 35.788 20.6999 192.061 191.056 183.107
internal_count=10887 1675 1082 9212 9153 8649
is_linear=0
shrinkage=0.05


Tree=166
num_leaves=7
num_cat=0
split_feature=67 67 20 24 67 24
split_gain=2.26405 2.30515 1.89316 2.05251 2.40199 4.72513
threshold=-1.343035425054343 1.8214932562186803 -0.84490076330577002 2.0030115581496699 -0.17310813525529498 -0.61376348038858108
decision_type=2 2 2 2 2 2
left_child=-1 2 -2 4 -4 -6
right_child=1 -3 3 -5 5 -7
leaf_value=-0.024577865536257102 0.0160258655158084 -0.030263199541945968 -0.0057649223321456812 0.02193902880838712 -0.017659368136049465 0.011743977528748319
leaf_weight=6.4495568835409349 16.716646433633287 2.9625583524466483 116.87054773501586 6.948533810209482 14.611496718018314 60.036200511152856
leaf_count=598 571 455 4890 252 1635 2434
internal_value=-0.000616071 0.000416172 0.00124886 -0.000215894 -0.00134567 0.00552866
internal_weight=224.596 218.146 215.183 198.467 191.518 74.6477
internal_count=10835 10237 9782 9211 8959 4069
is_linear=0
shrinkage=0.05


Tree=167
num_leaves=7
num_cat=0
split_feature=67 20 10 25 3 29
split_gain=2.08747 1.80403 3.44398 1.98487 3.23049 2.69214
threshold=1.7734088210482939 -0.83368025418660641 -1.1955315889448956 -1.2745232093981131 -0.85154815504614034 0.08935671030565541
decision_type=2 2 2 2 2 2
left_child=1 -1 -3 -4 5 -5
right_child=-2 2 3 4 -6 -7
leaf_value=0.012669902702616469 -0.02748693667009218 -0.024430455150012034 -0.02710715563690478 0.031177277528706415 -0.0008964640264638202 -0.0093794576976705072
leaf_weight=22.31962144310819 4.0808748021954662 12.132870042492867 3.3599899241235098 11.775680887338238 167.1912780830171 4.0678798068547612
leaf_count=819 534 736 627 467 7251 459
internal_value=-0.000763996 9.15591e-05 -0.00149013 0.000366436 0.00129977 0.0209288
internal_weight=224.928 220.847 198.528 186.395 183.035 15.8436
internal_count=10893 10359 9540 8804 8177 926
is_linear=0
shrinkage=0.05


Tree=168
num_leaves=7
num_cat=0
split_feature=28 67 67 21 52 67
split_gain=2.16229 2.03392 1.81757 1.72702 1.50298 1.43893
threshold=1.560489731771697 1.6449522072357092 -1.476074815359701 1.6717483337671883 1.0000000180025095e-35 -0.81285679004569966
decision_type=2 2 2 2 2 2
left_child=2 -2 -1 4 5 -4
right_child=1 -3 3 -5 -6 -7
leaf_value=-0.029319118621067793 -0.036774845885833372 0.014907004346915748 -0.005485337291344497 -0.018226987909326166 -0.028936494264443804 0.0043693614645224773
leaf_weight=2.182718134194146 4.3042129460372953 0.74471564276609559 44.880716670217225 8.5232958660344575 0.95681785186752577 163.54754763963865
leaf_count=354 473 95 1968 615 53 7346
internal_value=-0.000982767 -0.0264369 -5.1188e-05 0.00063616 0.00165062 0.00219963
internal_weight=225.14 5.04893 220.091 217.908 209.385 208.428
internal_count=10904 568 10336 9982 9367 9314
is_linear=0
shrinkage=0.05


Tree=169
num_leaves=7
num_cat=0
split_feature=22 23 25 20 10 10
split_gain=2.29858 2.2939 2.66625 3.28063 2.27991 2.19116
threshold=-2.1575644147092405 -0.53384905351184719 -0.57831628317626016 -0.51205184094063372 -0.54712285688261397 0.062894017943216432
decision_type=2 2 2 2 2 2
left_child=-1 -2 -3 -4 -5 -6
right_child=1 2 3 4 5 -7
leaf_value=-0.02502366893428595 0.0074149982831683897 -0.022295139851124593 -0.014593420557685761 -0.024213380061336637 0.017177658698424612 0.00065569592886770061
leaf_weight=6.4379418632015577 70.450250299676554 13.564347666862885 30.570193697843933 4.0983080824371418 24.689906664454611 73.827634061919525
leaf_count=429 2920 1601 1370 179 819 3534
internal_value=-0.00086745 0.00017972 -0.00337267 -0.000996832 0.00335318 0.0051816
internal_weight=223.639 217.201 146.75 133.186 102.616 98.5175
internal_count=10852 10423 7503 5902 4532 4353
is_linear=0
shrinkage=0.05


Tree=170
num_leaves=7
num_cat=0
split_feature=56 30 32 15 25 12
split_gain=2.17074 3.34264 2.20108 2.69722 2.07334 2.80905
threshold=1.0000000180025095e-35 1.0954355146044394 -0.83496175037322595 -0.70894981915243471 -1.3372291585173601 -0.94099351334114623
decision_type=2 2 2 2 2 2
left_child=1 -1 3 -2 -4 -6
right_child=2 -3 4 -5 5 -7
leaf_value=-0.022580184340195836 0.0072130334406422499 0.016798194598714369 -0.023317956205399185 -0.026124993303550739 0.019596035458934485 0.00086411148132435134
leaf_weight=20.731463552860081 8.1420509800664167 4.5932073916774234 4.6161560384789473 12.764560261741279 20.141787544591352 150.48967559525045
leaf_count=1175 422 219 592 1467 973 5955
internal_value=-0.0014757 -0.0144153 0.000386862 -0.0138657 0.0022919 0.00337565
internal_weight=221.479 25.3247 196.154 20.9066 175.248 170.631
internal_count=10803 1394 9409 1889 7520 6928
is_linear=0
shrinkage=0.05


Tree=171
num_leaves=7
num_cat=0
split_feature=31 13 13 31 26 28
split_gain=2.03234 1.70539 3.80476 3.101 2.86814 2.68442
threshold=2.3649055673913946 0.27085849494783859 -0.16345529886416518 0.50071946870381479 -0.51337847916811163 0.064762468624170247
decision_type=2 2 2 2 2 2
left_child=1 2 -1 -4 -3 -6
right_child=-2 4 3 -5 5 -7
leaf_value=0.0011358795933590592 -0.029546723382287761 0.029761201698932462 -0.024588051263305669 0.014912979631011708 0.013740295906041176 -0.0082232388431183381
leaf_weight=134.30454539437778 2.9179575621965332 8.5153118248563242 24.419675558543535 3.9562538213212965 22.728822466509882 27.396471147891134
leaf_count=5680 317 353 1337 154 1075 1988
internal_value=-0.000629641 0.00014166 -0.00250178 -0.0181814 0.00723993 0.00194943
internal_weight=224.239 221.321 162.68 28.3759 58.6406 50.1253
internal_count=10904 10587 7171 1491 3416 3063
is_linear=0
shrinkage=0.05


Tree=172
num_leaves=7
num_cat=0
split_feature=66 29 29 30 8 24
split_gain=1.95164 2.55779 4.06683 2.84385 2.42601 2.27832
threshold=1.8671423203355071 0.94199730340172161 1.3084080977999684 0.926652229322526 -0.74035698565838437 -0.68864052268994069
decision_type=2 2 2 2 2 2
left_child=1 3 4 -1 -3 -6
right_child=-2 2 -4 -5 5 -7
leaf_value=-0.0020892253246489047 0.01173547023775472 -0.0096262964640958324 -0.012639163230196003 -0.023397856024338335 -0.01531696482192137 0.031839635619982598
leaf_weight=148.85177789384034 28.002177104877774 3.8595134585630175 11.149006868072318 14.613188706338404 1.1227512714685897 18.576836493215524
leaf_count=6610 1508 197 883 811 208 683
internal_value=5.86841e-05 -0.00174167 0.0100506 -0.00438148 0.0210029 0.0274829
internal_weight=226.175 198.173 34.7081 163.465 23.5591 19.6996
internal_count=10900 9392 1971 7421 1088 891
is_linear=0
shrinkage=0.05


Tree=173
num_leaves=7
num_cat=0
split_feature=10 67 67 28 67 5
split_gain=1.6809 1.94378 3.16101 2.68978 2.39478 2.49322
threshold=1.317205222707186 -0.81285679004569966 -0.91442430996697455 -0.72223035811668013 -0.5725734862087003 0.26464169595545345
decision_type=2 2 2 2 2 2
left_child=1 2 3 -1 5 -3
right_child=-2 4 -4 -5 -6 -7
leaf_value=-0.016110310211551623 -0.016366590508898202 0.022793151097269551 -0.031265710049300441 0.0090960594552433934 0.0013564148957156863 -0.01238686507620515
leaf_weight=14.008515355526468 10.756365755747536 23.624525148770775 7.6124385998409698 25.024476528633386 138.47286666557193 4.188233141321688
leaf_count=667 830 714 442 1211 6762 223
internal_value=0.000589634 0.00166168 -0.00706824 -0.000454409 0.0041924 0.0168053
internal_weight=223.687 212.931 46.6454 39.033 166.286 27.8128
internal_count=10849 10019 2320 1878 7699 937
is_linear=0
shrinkage=0.05


Tree=174
num_leaves=7
num_cat=0
split_feature=22 6 68 28 67 22
split_gain=2.24933 2.19012 2.69142 2.39973 2.41226 2.74756
threshold=1.4814279618802102 2.9444833858744892 -0.24976694450432582 1.4914778335662084 1.5359376755136778 0.64744949834283705
decision_type=2 2 2 2 2 2
left_child=1 3 -3 4 5 -1
right_child=-2 2 -4 -5 -6 -7
leaf_value=0.0019647400642469402 -0.026086725834625381 -0.01371231432480036 0.049539349321728002 0.026245114459887437 -0.020883763905565646 -0.012921172958875305
leaf_weight=158.01772235590033 6.1259573473362243 1.0338189792819323 1.5088724486995477 4.5333641481702207 13.441060694458427 35.405713482177816
leaf_count=6994 600 102 123 233 1059 1684
internal_value=-0.00177319 -0.000725879 0.0303199 -0.00151833 -0.00249323 -0.000915822
internal_weight=220.067 213.941 2.54269 211.398 206.864 193.423
internal_count=10795 10195 225 9970 9737 8678
is_linear=0
shrinkage=0.05


Tree=175
num_leaves=7
num_cat=0
split_feature=52 4 13 22 13 13
split_gain=1.37514 1.38977 2.04534 3.49536 2.46457 1.82979
threshold=1.0000000180025095e-35 1.9727923369028442 1.319352795515419 -0.10369424958289523 0.94137054935674092 0.27085849494783859
decision_type=2 2 2 2 2 2
left_child=1 2 4 -4 5 -1
right_child=-2 -3 3 -5 -6 -7
leaf_value=-0.00026060949517386293 -0.028431780911276652 -0.017567759421888342 0.040323997532426027 -0.006248872867667097 -0.0219850137557678 0.011867187084782087
leaf_weight=163.36962366400985 0.9578981688246121 6.3910689013719084 5.812972106738016 6.1409259542124328 8.2719360729679448 35.378994261380285
leaf_count=7097 59 694 201 530 572 1746
internal_value=0.000806822 0.00130297 0.00208372 0.0199449 0.000782207 0.00204261
internal_weight=226.323 225.366 218.974 11.9539 207.021 198.749
internal_count=10899 10840 10146 731 9415 8843
is_linear=0
shrinkage=0.05


Tree=176
num_leaves=7
num_cat=0
split_feature=35 42 67 30 68 67
split_gain=1.43581 1.67612 4.32643 3.1846 2.53911 3.82162
threshold=1.0000000180025095e-35 1.0000000180025095e-35 -0.86986375217550094 0.61977352880995584 -0.56555365962663384 0.20415505231077283
decision_type=2 2 2 2 2 2
left_child=1 3 -3 4 -1 -6
right_child=-2 2 -4 -5 5 -7
leaf_value=0.011112069279868766 -0.018719701182909214 -0.021169122880307215 0.023827054904671637 -0.012668922088088751 0.001448444436951878 -0.025826517633227731
leaf_weight=48.087743218959076 7.8251879127346902 4.7548978851991732 16.440679711289704 45.733232760161627 85.612020418804605 12.055485106538979
leaf_count=1961 452 311 410 2350 3942 1438
internal_value=-0.000956482 -5.16422e-05 0.0123597 -0.00159489 0.0020652 -0.00258754
internal_weight=220.509 212.684 21.1956 191.488 145.755 97.6675
internal_count=10864 10412 721 9691 7341 5380
is_linear=0
shrinkage=0.05


Tree=177
num_leaves=7
num_cat=0
split_feature=22 28 67 67 5 27
split_gain=2.8548 3.10891 2.79988 5.21188 3.99032 3.85836
threshold=-2.1575644147092405 0.26034720941239586 -0.34442412467642985 1.4014054110477951 0.52368524961457974 -0.19463889704737172
decision_type=2 2 2 2 2 2
left_child=-1 2 5 -4 -5 -2
right_child=1 -3 3 4 -6 -7
leaf_value=-0.028762059964488485 0.0040683291360545173 -0.0076432461601177787 0.018394814351411867 -0.034467991365500737 0.020884395835331155 -0.02212264050738175
leaf_weight=5.9469368255231521 59.543883864535019 79.284661506564589 52.09717800054932 6.8126819239114393 2.4809256994631141 15.165450532396788
leaf_count=427 2475 4311 2084 538 218 828
internal_value=-0.00108735 6.13788e-05 0.00461773 0.0122649 -0.0182011 -0.00189705
internal_weight=221.332 215.385 136.1 61.3908 9.29361 74.7093
internal_count=10881 10454 6143 2840 756 3303
is_linear=0
shrinkage=0.05


Tree=178
num_leaves=7
num_cat=0
split_feature=6 68 68 68 28 66
split_gain=2.10767 4.07932 2.72044 2.66749 2.75933 2.60364
threshold=0.12209018912944516 0.27450838479512712 0.094847584624196207 -0.29076107323519684 1.2026014983537932 2.3621827153571711
decision_type=2 2 2 2 2 2
left_child=1 2 5 4 -2 -1
right_child=3 -3 -4 -5 -6 -7
leaf_value=-0.0028946018211345147 -0.015749818948259029 -0.01809509769272321 0.022367309089827106 0.030332030609697372 0.027996813812735118 0.017307826641658308
leaf_weight=144.48848773882492 8.8906913064420241 29.941446729673771 10.852175648440605 9.001536204654256 2.1960795605555168 14.886601378675548
leaf_count=5671 521 2548 432 701 95 867
internal_value=-0.000364408 -0.00198645 0.00111122 0.0139563 -0.00296751 -0.000722662
internal_weight=220.257 200.169 170.227 20.0883 11.0868 159.375
internal_count=10835 9518 6970 1317 616 6538
is_linear=0
shrinkage=0.05


Tree=179
num_leaves=7
num_cat=0
split_feature=21 30 30 56 25 58
split_gain=1.62324 1.92774 2.70612 2.78358 2.54264 2.46419
threshold=1.8916958405639759 1.4483460201938951 0.97268403439941153 1.0000000180025095e-35 -1.2890209852237997 -0.23441441481343753
decision_type=2 2 2 2 2 2
left_child=1 2 3 -1 -5 -6
right_child=-2 -3 -4 4 5 -7
leaf_value=-0.01703075824814573 -0.024756066503414036 0.015000627640256997 -0.021769143611160491 -0.019095474813871114 0.0006522929442695218 0.018811935873856728
leaf_weight=20.411383634869708 4.6545653055072753 13.828107584966345 13.919007358897941 11.012056859093716 137.92142680240795 18.652120960119646
leaf_count=1080 433 574 794 1087 6249 641
internal_value=-0.00211468 -0.00129338 -0.00261255 -0.000874569 0.00135811 0.00312859
internal_weight=220.399 215.744 201.916 187.997 167.586 156.574
internal_count=10858 10425 9851 9057 7977 6890
is_linear=0
shrinkage=0.05


Tree=180
num_leaves=7
num_cat=0
split_feature=22 34 41 66 8 22
split_gain=1.87564 1.64913 2.34358 2.21255 2.35908 2.29013
threshold=-2.3968820047376087 1.0000000180025095e-35 1.0000000180025095e-35 2.3112256133957114 -1.5604720734773838 0.37481117684662896
decision_type=2 2 2 2 2 2
left_child=-1 -2 -3 4 -4 -6
right_child=1 2 3 -5 5 -7
leaf_value=-0.027074139745981586 -0.009688177007082412 0.01778751126296663 -0.022231897216006186 0.016242908731806154 0.0058370896356930765 -0.006554436488025033
leaf_weight=3.0161955922376356 27.173911521153059 20.234755418496206 9.2546676698257198 17.657532118057134 84.937534833326936 61.754797292582225
leaf_count=243 1782 599 541 1015 3451 3302
internal_value=0.000484681 0.00121832 0.00287163 0.000860465 -0.00115495 0.000593671
internal_weight=224.029 221.013 193.839 173.605 155.947 146.692
internal_count=10933 10690 8908 8309 7294 6753
is_linear=0
shrinkage=0.05


Tree=181
num_leaves=7
num_cat=0
split_feature=8 67 30 19 18 25
split_gain=1.48988 2.1371 1.89547 1.75724 1.55358 3.0632
threshold=-1.150414529567884 -0.81285679004569966 0.68114926891246996 -1.374220368245161 0.98643533004666251 -0.48946114723613887
decision_type=2 2 2 2 2 2
left_child=1 3 -3 -1 -2 -6
right_child=4 2 -4 -5 5 -7
leaf_value=0.014998861889475329 0.00035790118784839248 0.0070432446560577738 -0.019877653263989537 -0.033281315379406602 -0.01291223236741848 0.018571161326698431
leaf_weight=0.4983769537648185 154.03357328815036 20.378339155868165 6.0793499068822703 7.3753825610619961 7.8223171180870841 29.105099021951901
leaf_count=21 7709 924 325 411 696 866
internal_value=0.000893765 -0.00826787 -0.000536933 -0.0269304 0.00264327 0.011433
internal_weight=225.292 34.3314 26.4577 7.87376 190.961 36.9274
internal_count=10952 1681 1249 432 9271 1562
is_linear=0
shrinkage=0.05


Tree=182
num_leaves=7
num_cat=0
split_feature=19 3 0 6 3 58
split_gain=2.10669 2.27109 2.22878 2.21587 2.09976 1.93944
threshold=-0.79996140131454341 -0.8910217493813154 -1.7680286551923448 0.99051886505099729 -0.47654900886197765 -0.22852604531245646
decision_type=2 2 2 2 2 2
left_child=2 -2 -1 5 -5 -3
right_child=1 3 -4 4 -6 -7
leaf_value=0.0092756485045373954 0.020357062439144112 -0.0038566297197228112 -0.017086804680659543 -0.014258171162160141 0.035404230791282985 0.010901982976743498
leaf_weight=8.4218859371030685 11.416846492298644 140.33448023011442 30.469679342058953 1.0902703122701494 4.621331922011449 23.400433465110837
leaf_count=301 495 6300 2568 92 206 825
internal_value=-0.00101422 0.00130543 -0.0111226 -0.000310028 0.0242788 -0.00158917
internal_weight=219.755 180.863 38.8916 169.447 5.7116 163.735
internal_count=10787 7918 2869 7423 298 7125
is_linear=0
shrinkage=0.05


Tree=183
num_leaves=7
num_cat=0
split_feature=67 67 22 67 67 30
split_gain=1.72187 1.71643 1.87034 6.97741 6.4743 3.91614
threshold=1.8214932562186803 -1.476074815359701 0.64744949834283705 -0.59390769950270916 1.5116350729004862 1.1721551897325821
decision_type=2 2 2 2 2 2
left_child=1 -1 -3 -4 5 -5
right_child=-2 2 3 4 -6 -7
leaf_value=-0.029702652759605888 -0.02878228810951829 0.0021747168515124176 0.024502605300254571 -0.034718923158979037 0.020139162181590911 0.0076858482049178521
leaf_weight=2.1188539426657362 2.776558785524684 163.84964728614432 9.6117777338367869 26.309102712490134 6.7049651856359551 5.5073758015641934
leaf_count=357 475 7320 303 1725 364 312
internal_value=-0.00183364 -0.00109127 -0.000394785 -0.00875601 -0.0182254 -0.0273489
internal_weight=216.878 214.102 211.983 48.1332 38.5214 31.8165
internal_count=10856 10381 10024 2704 2401 2037
is_linear=0
shrinkage=0.05


Tree=184
num_leaves=7
num_cat=0
split_feature=56 3 41 68 15 19
split_gain=3.05113 2.68012 2.20013 1.88719 2.50146 2.03525
threshold=1.0000000180025095e-35 2.622128146449263 1.0000000180025095e-35 0.89635853540035915 0.14715983407602826 1.0374090742155031
decision_type=2 2 2 2 2 2
left_child=1 2 -1 -2 5 -5
right_child=3 -3 -4 4 -6 -7
leaf_value=0.010223284086159518 0.0025267520667938037 0.023455872431895692 -0.027180603679518068 -0.038126185066937372 0.012932387054978884 0.0080581746309652466
leaf_weight=3.1164248372661012 184.05113084660843 1.3098534420132626 19.675954372505657 6.4577577658928913 3.4118133652373208 1.9764516244176773
leaf_count=124 8189 33 1210 724 474 98
internal_value=-0.000976057 -0.0167043 -0.0214721 0.00118184 -0.0160021 -0.0280288
internal_weight=219.999 24.1022 22.7924 195.897 11.846 8.43421
internal_count=10852 1367 1334 9485 1296 822
is_linear=0
shrinkage=0.05


Tree=185
num_leaves=7
num_cat=0
split_feature=35 30 12 28 30 68
split_gain=2.53369 2.4719 2.24518 3.0933 1.83812 1.74179
threshold=1.0000000180025095e-35 0.80390074911749798 -1.1217012066098888 1.3613227407216957 -1.1601229341629502 -1.2130068179255202
decision_type=2 2 2 2 2 2
left_child=1 4 -3 5 -1 -4
right_child=-2 2 3 -5 -6 -7
leaf_value=-0.013031004147769318 -0.024972937830492495 0.019454104358152379 0.01468482029810099 0.018087866454178841 0.0040668611136854991 -0.023229164702066235
leaf_weight=14.476121450366916 7.7588319845381184 2.7678676413488565 1.34104076004587 3.7759163152659303 159.55453092776588 29.40527456859127
leaf_count=1379 473 158 35 179 7129 1520
internal_value=-0.00130383 -9.7397e-05 -0.011274 -0.0150961 0.00244791 -0.020417
internal_weight=219.08 211.321 37.2901 34.5222 174.031 30.7463
internal_count=10873 10400 1892 1734 8508 1555
is_linear=0
shrinkage=0.05


Tree=186
num_leaves=7
num_cat=0
split_feature=25 29 0 68 68 68
split_gain=2.13027 2.52398 1.59456 1.66867 1.67896 3.84308
threshold=0.22369849333315409 -0.66402056226417017 2.522144859167518 2.7195467588374331 0.18108672313431176 0.063283571322476848
decision_type=2 2 2 2 2 2
left_child=1 -1 3 4 5 -3
right_child=-2 2 -4 -5 -6 -7
leaf_value=0.001999081990708015 0.0040879216367002997 -0.015081499014978881 0.018497533314672944 0.017506705791735286 -0.032381340088590047 0.025973605471934974
leaf_weight=55.651040158292744 100.14648295042571 44.932498458656482 1.4822345097200003 1.6129265077761363 9.9512733499286679 3.7149581267731255
leaf_count=2539 4106 2413 35 254 1319 142
internal_value=-0.00120318 -0.00570814 -0.0124308 -0.0140339 -0.0157124 -0.0106197
internal_weight=217.491 117.345 61.6939 60.2117 58.5987 48.6475
internal_count=10808 6702 4163 4128 3874 2555
is_linear=0
shrinkage=0.05


Tree=187
num_leaves=7
num_cat=0
split_feature=58 22 67 19 22 23
split_gain=1.43353 3.28017 2.13422 1.78877 1.5516 2.08329
threshold=-0.22852604531245646 0.81257396433183127 0.071185098012881268 -0.88121581136898075 -0.80571327424646089 -0.53384905351184719
decision_type=2 2 2 2 2 2
left_child=4 3 -3 -2 -1 -6
right_child=1 2 -4 -5 5 -7
leaf_value=-0.010994900820066456 -0.011018377052145216 -0.038126638980605268 0.010897102653266762 0.020701431703459672 0.0089557299386776156 -0.0033928416247232828
leaf_weight=34.423106390517205 3.3743015005602564 2.6425794911338008 1.9187539976555852 23.545400424307445 45.88700781064108 110.36597247916507
leaf_count=1983 146 150 80 758 1982 5823
internal_value=-0.000179947 0.00921553 -0.021363 0.0160193 -0.00184988 0.000333972
internal_weight=222.157 31.481 4.56133 26.9197 190.676 156.253
internal_count=10922 1134 230 904 9788 7805
is_linear=0
shrinkage=0.05


Tree=188
num_leaves=7
num_cat=0
split_feature=13 20 67 24 25 66
split_gain=1.74075 2.69121 3.75179 3.04088 3.00962 2.19318
threshold=-1.0302336185096539 -0.43987606034532217 -1.044026617902752 0.99034737368762149 -0.81895481249744206 -0.47388246845927456
decision_type=2 2 2 2 2 2
left_child=-1 2 -2 5 -3 -4
right_child=1 4 3 -5 -6 -7
leaf_value=0.0074904456785358786 0.012170316716536624 -0.027209696749874231 -0.026715794611374324 0.012692145072835252 0.0034204681140629495 -0.0019329546923915236
leaf_weight=40.394175208319211 11.505762614076955 5.6759594476316115 36.02612028963631 5.7135827526799394 103.7287216783152 12.214514734863767
leaf_count=1704 574 937 1842 213 4870 643
internal_value=-0.00151589 -0.00368762 -0.0114649 -0.0168807 0.00114757 -0.0209213
internal_weight=215.259 174.865 65.46 53.9542 109.405 48.2406
internal_count=10783 9079 3272 2698 5807 2485
is_linear=0
shrinkage=0.05


Tree=189
num_leaves=7
num_cat=0
split_feature=22 23 58 30 17 19
split_gain=2.06114 1.82603 2.29535 2.29735 2.18708 2.24048
threshold=-2.1575644147092405 -0.53384905351184719 -0.22852604531245646 -0.20879896257398337 0.77511051776257511 1.0374090742155031
decision_type=2 2 2 2 2 2
left_child=-1 -2 4 -4 5 -3
right_child=1 2 3 -5 -6 -7
leaf_value=-0.02252201014096876 0.0084537305529655063 -0.0056069362087767007 -0.015540678767801458 0.019465220575281411 -0.021378663757477337 0.0099294545147613628
leaf_weight=5.9908980420441358 68.729204421746545 83.102380737720523 3.5757956138986655 18.478392694203649 12.793799757491795 28.814005459891632
leaf_count=426 2946 4983 206 536 739 1069
internal_value=0.000958866 0.00191193 -0.00125955 0.0126082 -0.00395055 -0.00145214
internal_weight=221.484 215.494 146.764 22.0542 124.71 111.916
internal_count=10905 10479 7533 742 6791 6052
is_linear=0
shrinkage=0.05


Tree=190
num_leaves=7
num_cat=0
split_feature=29 67 27 67 13 18
split_gain=1.98502 4.16331 2.37227 2.07991 2.32549 2.0051
threshold=0.82668679479964557 1.1509150141132551 0.68017310586019286 -1.3304675077029495 1.3869222024228174 0.04058609998012732
decision_type=2 2 2 2 2 2
left_child=1 2 3 -1 -5 -2
right_child=5 -3 -4 4 -6 -7
leaf_value=-0.021124999923195734 0.019733378739537344 -0.028575806321705827 -0.025610279622623879 0.00088997416885697341 0.026797694224842836 -0.0011476401037794277
leaf_weight=6.9742337958305134 19.55516941746464 11.153362260432912 5.7990179788321248 147.68573103082599 6.2189473550533867 22.815965900139417
leaf_count=591 1513 1212 344 5997 281 966
internal_value=-0.000196591 -0.00254017 -0.000323543 0.00104008 0.0024292 0.00915697
internal_weight=220.202 177.831 166.678 160.879 153.905 42.3711
internal_count=10904 8425 7213 6869 6278 2479
is_linear=0
shrinkage=0.05


Tree=191
num_leaves=7
num_cat=0
split_feature=66 68 33 15 13 28
split_gain=1.90911 2.18902 1.84533 1.78358 1.75989 2.60924
threshold=2.3112256133957114 2.7195467588374331 -0.72924281969022164 0.16312716011787984 1.9792772827066509 0.010293894131018584
decision_type=2 2 2 2 2 2
left_child=1 4 -2 -3 -1 -6
right_child=2 3 -4 -5 5 -7
leaf_value=-0.0043032561373379319 -0.012663169520044204 -0.011362234359737594 0.019186034567879706 0.043021126518380387 0.037575451014935445 -0.01133684643802696
leaf_weight=189.24176130245905 3.6353357256739427 0.73029100376879741 16.70591674791649 1.6038083434686994 3.2314397186855777 2.9345896878512576
leaf_count=8800 304 169 880 153 111 431
internal_value=-0.000952878 -0.00251427 0.012598 0.0291852 -0.00332848 0.0182052
internal_weight=218.083 197.742 20.3413 2.3341 195.408 6.16603
internal_count=10848 9664 1184 322 9342 542
is_linear=0
shrinkage=0.05


Tree=192
num_leaves=7
num_cat=0
split_feature=6 68 29 28 29 66
split_gain=1.4402 2.43057 1.96692 3.51852 1.9349 3.18746
threshold=1.6418403719921615 -0.24976694450432582 1.3084080977999684 0.97006140657442952 0.99915585902422188 -0.48237374867940125
decision_type=2 2 2 2 2 2
left_child=2 -2 4 -4 -1 -6
right_child=1 -3 3 -5 5 -7
leaf_value=-0.00034013030764164145 -0.010005082371581327 0.042019917525952383 -0.036030304112018879 0.012781141187171989 0.022929578517611099 -0.026081978512788758
leaf_weight=186.00482942163944 2.2904755976051092 2.264043482602573 6.4179235367919301 4.0810486197879072 16.236431685334541 1.4123813159530971
leaf_count=8698 214 201 569 316 763 101
internal_value=0.000817067 0.0222732 5.93435e-05 -0.018433 0.00126643 0.0157878
internal_weight=218.707 4.55452 214.153 10.499 203.654 17.6488
internal_count=10862 415 10447 885 9562 864
is_linear=0
shrinkage=0.05


Tree=193
num_leaves=7
num_cat=0
split_feature=57 58 8 22 17 12
split_gain=1.70187 2.76359 2.14033 2.99422 2.95902 1.92665
threshold=3.8609547357853242 1.7851827949208885 -0.74035698565838437 -0.2148412066520233 0.64648020065183631 -0.3181445206501336
decision_type=2 2 2 2 2 2
left_child=1 2 3 4 5 -1
right_child=-2 -3 -4 -5 -6 -7
leaf_value=-0.0032492726519586911 -0.022490488781339149 0.023939409051388111 0.0029603471530341833 0.012734146580464146 0.0062356645776002716 -0.032442756131994314
leaf_weight=8.9174671676591952 4.556777248857542 10.078217585018136 161.49024818534963 9.9002692402573285 10.05624726670794 16.852541586791634
leaf_count=592 243 277 8062 425 447 850
internal_value=0.000858216 0.00164746 0.000237099 -0.0089706 -0.015489 -0.0237328
internal_weight=221.852 217.295 207.217 45.7265 35.8263 25.77
internal_count=10896 10653 10376 2314 1889 1442
is_linear=0
shrinkage=0.05


Tree=194
num_leaves=7
num_cat=0
split_feature=66 20 42 33 17 68
split_gain=1.79196 2.26774 1.82827 2.04939 2.90488 3.07638
threshold=1.727031700488536 -0.33858203182923258 1.0000000180025095e-35 -0.64770071022919173 -0.0864011761776389 -0.44056798466409858
decision_type=2 2 2 2 2 2
left_child=1 -1 3 -3 -5 -6
right_child=-2 2 -4 4 5 -7
leaf_value=-0.0063432251776473856 0.011340787419641616 -0.005924317708801332 0.020350042085443144 -0.018420369402152813 -0.004221766732352166 0.027248176545933075
leaf_weight=104.35319301893469 28.963969972421182 42.794019327673595 11.981079817283897 4.9518856934737405 11.17106815922307 18.05731949507026
leaf_count=4592 1587 2510 336 575 446 947
internal_value=0.000366526 -0.00142596 0.00436122 0.00120253 0.00988347 0.015947
internal_weight=222.273 193.309 88.9554 76.9743 34.1803 29.2284
internal_count=10993 9406 4814 4478 1968 1393
is_linear=0
shrinkage=0.05


Tree=195
num_leaves=7
num_cat=0
split_feature=68 67 29 29 28 67
split_gain=1.42648 2.36722 1.78589 3.3861 3.3243 2.92472
threshold=2.7195467588374331 1.6236006349398335 1.2568278504133541 0.99915585902422188 0.85800127018042438 1.6081511232785901
decision_type=2 2 2 2 2 2
left_child=2 -2 3 4 5 -1
right_child=1 -3 -4 -5 -6 -7
leaf_value=0.00363097015374676 -0.014523088665499579 0.042883322865189685 -0.015372426441880978 0.021386700745716237 -0.01757223007516592 -0.027137029109456492
leaf_weight=158.04996373981703 1.000904458749573 1.8315195012837646 13.437088731443508 16.843047540693078 21.402241974137723 5.1292777952621682
leaf_count=6759 215 156 1004 769 1397 500
internal_value=0.00116064 0.0255616 0.000491416 0.00175976 -0.00034459 0.00219139
internal_weight=217.694 2.83242 214.862 201.425 184.581 163.179
internal_count=10800 371 10429 9425 8656 7259
is_linear=0
shrinkage=0.05


Tree=196
num_leaves=7
num_cat=0
split_feature=67 67 67 26 18 28
split_gain=1.72616 1.71163 1.47514 4.08147 1.91003 1.79534
threshold=1.8214932562186803 -1.476074815359701 1.6236006349398335 0.65660502489872818 0.36984521918190688 0.51894281377954599
decision_type=2 2 2 2 2 2
left_child=1 -1 5 4 -4 -3
right_child=-2 2 3 -5 -6 -7
leaf_value=-0.028263848115160719 -0.027633487013422938 0.0028732130488971722 -0.024078116260333755 0.041358922734480774 0.019024504946497735 -0.007549460892748292
leaf_weight=2.0615469585172823 2.593992782291024 152.53803622577107 4.1766401217319054 4.7295680172974244 1.3395596295595167 53.263003509026021
leaf_count=359 453 6619 352 205 26 2877
internal_value=-0.000205886 0.00049082 0.00114854 0.0173221 -0.0105965 0.000106027
internal_weight=220.702 218.108 216.047 10.2458 5.5162 205.801
internal_count=10891 10438 10079 583 378 9496
is_linear=0
shrinkage=0.05


Tree=197
num_leaves=7
num_cat=0
split_feature=10 68 68 18 18 31
split_gain=2.0407 2.10654 2.70661 2.27294 2.25692 3.30483
threshold=1.317205222707186 -0.69606059388188402 -0.66009911742667504 1.0064011050651405 1.1179745536978105 -0.15174566583683816
decision_type=2 2 2 2 2 2
left_child=1 -1 3 -3 -4 -6
right_child=-2 2 4 -5 5 -7
leaf_value=0.010200126095584194 -0.019119018882838748 -0.040141519737960853 0.0027463038665299627 0.010579145723490314 0.0029800682009596224 -0.033077689336144439
leaf_weight=49.338394752645399 9.7418241506966279 4.5765779346693298 133.44596079993062 1.6485427422448991 13.002402924641503 8.6456579566583951
leaf_count=2080 858 234 6604 43 574 537
internal_value=0.000324478 0.00147947 -0.00132522 -0.0276373 0.000235296 -0.0136937
internal_weight=220.399 210.658 161.319 6.22512 155.094 21.6481
internal_count=10930 10072 7992 277 7715 1111
is_linear=0
shrinkage=0.05


Tree=198
num_leaves=7
num_cat=0
split_feature=67 29 8 24 67 27
split_gain=1.70679 1.87928 3.02325 2.24625 3.10157 2.88643
threshold=1.8214932562186803 0.85534248779220923 -0.74035698565838437 -0.61376348038858108 0.50012603413571466 1.2637408589453412
decision_type=2 2 2 2 2 2
left_child=1 -1 -3 -4 -5 -6
right_child=-2 2 3 4 5 -7
leaf_value=-0.0014673183879957584 -0.027230250838101752 -0.017019143264510702 -0.015680666981556273 0.0026687461930878617 0.054518492723484427 0.010968516643308493
leaf_weight=176.24660839201533 2.5673856121138661 6.0020970479235976 2.8526424140727604 15.460725313576406 6.0360695763956782 9.9831762821995635
leaf_count=8193 466 368 521 714 157 501
internal_value=0.000111239 0.00080295 0.0101379 0.0158717 0.0198465 0.0333893
internal_weight=219.149 216.581 40.3347 34.3326 31.48 16.0192
internal_count=10920 10454 2261 1893 1372 658
is_linear=0
shrinkage=0.05


Tree=199
num_leaves=7
num_cat=0
split_feature=30 68 67 24 22 67
split_gain=1.84038 1.82458 2.29679 4.60086 2.54784 2.48776
threshold=-1.2214986742654643 2.7195467588374331 1.5359376755136778 0.12880334993810497 1.1664640071877033 -0.38691896124578223
decision_type=2 2 2 2 2 2
left_child=-1 2 4 -4 -2 -6
right_child=1 -3 3 -5 5 -7
leaf_value=-0.016344208840556203 0.0039514723846780994 0.029838179311963049 -0.035351603986049439 0.013959148328796901 0.012164930830798641 -0.028085072484073159
leaf_weight=12.522530291636938 176.84574080698076 2.5315314275794654 8.7080917298735567 5.7936050286516538 3.5327360727824262 9.4500492025399563
leaf_count=1270 7278 281 939 158 146 777
internal_value=0.000272789 0.00149797 0.000720188 -0.0166354 0.00228423 -0.0169051
internal_weight=219.384 206.862 204.33 14.5017 189.829 12.9828
internal_count=10849 9579 9298 1097 8201 923
is_linear=0
shrinkage=0.05


Tree=200
num_leaves=7
num_cat=0
split_feature=25 31 67 33 58 23
split_gain=1.89354 3.11279 3.83477 2.21138 2.73756 2.26338
threshold=0.40788707520135642 -0.3381642757055961 1.098143648438896 1.0647335445360604 1.587917319211029 0.95371918542235645
decision_type=2 2 2 2 2 2
left_child=1 2 -1 4 5 -3
right_child=-2 3 -4 -5 -6 -7
leaf_value=0.0051410108656450527 0.0058925382260239609 -0.02560826697817771 -0.030060909201988964 0.014325977225778495 0.017979744755042309 0.0052286992003922495
leaf_weight=83.434305758215487 86.46766651753569 32.811047293216689 5.5089877787977448 4.086608165933284 2.8138977026974308 6.0457812503154846
leaf_count=3552 3460 2017 916 227 122 669
internal_value=0.000232224 -0.00345049 0.00205096 -0.0136124 -0.0171304 -0.0207794
internal_weight=221.168 134.701 88.9433 45.7573 41.6707 38.8568
internal_count=10963 7503 4468 3035 2808 2686
is_linear=0
shrinkage=0.05


Tree=201
num_leaves=7
num_cat=0
split_feature=33 15 22 28 33 67
split_gain=1.7279 2.19256 1.88382 2.35824 2.14989 1.77756
threshold=-0.64770071022919173 -0.527452675671093 -0.60303810854254059 1.3032719159667685 -0.79040112440956733 1.6739417403528736
decision_type=2 2 2 2 2 2
left_child=1 -1 -3 4 -4 -2
right_child=5 2 3 -5 -6 -7
leaf_value=-0.016006274653284396 0.0034289313705314888 -0.020956988393683401 0.014688009947161622 -0.024358825867378961 -0.012540312289658323 -0.02299860572602859
leaf_weight=33.817877040826716 131.22427634839551 5.5914773765834971 29.345590220298615 3.214624320215079 6.8522035294445258 3.7022899120929642
leaf_count=1757 6264 331 1260 319 378 480
internal_value=-0.00121387 -0.00695667 0.000418928 0.00471941 0.00896843 0.00221932
internal_weight=213.748 78.8218 45.0039 39.4124 36.1978 134.927
internal_count=10789 4045 2288 1957 1638 6744
is_linear=0
shrinkage=0.05


Tree=202
num_leaves=7
num_cat=0
split_feature=29 25 14 18 20 41
split_gain=1.19244 3.0292 1.83926 2.6088 1.44817 1.97316
threshold=-2.1490273468019985 -1.2745232093981131 1.5148077988678448 -0.9012259329319362 -0.77797043114155595 1.0000000180025095e-35
decision_type=2 2 2 2 2 2
left_child=-1 -2 4 -4 -3 -6
right_child=1 2 3 -5 5 -7
leaf_value=0.015829871775157638 -0.028434097537025887 0.0097602137422645261 -0.012419169588960194 0.033016191587805492 0.0088865538591600523 -0.0047594082277002724
leaf_weight=8.6520175947807711 6.3465902200550763 26.395123858877923 2.8330489010550082 6.4142842383007501 29.671184335311409 139.3035386025731
leaf_count=303 987 1036 279 298 1095 6916
internal_value=0.000256166 -0.000595537 0.000666315 0.019464 -0.000504329 -0.00225002
internal_weight=219.616 210.964 204.617 9.24733 195.37 168.975
internal_count=10914 10611 9624 577 9047 8011
is_linear=0
shrinkage=0.05


Tree=203
num_leaves=7
num_cat=0
split_feature=19 68 0 33 29 25
split_gain=1.44362 3.25438 3.83845 2.48384 2.35656 2.21852
threshold=0.68144139512195456 -0.34113645669351306 0.45276704635864284 -0.62731346024036105 0.49015433629497851 0.38380140059348944
decision_type=2 2 2 2 2 2
left_child=5 2 -2 -3 -5 -1
right_child=1 3 -4 4 -6 -7
leaf_value=0.00012978387031479567 -0.013849058250873118 -0.02863897306436422 0.018689629626686528 -0.017075826252503739 0.018264554771543335 0.015201830876983138
leaf_weight=129.17886215931503 13.024152578902433 16.128984361654151 18.22838553308975 6.8619779673172143 6.0423434004187584 27.120179183664732
leaf_count=7134 638 892 530 322 254 1114
internal_value=0.000449877 -0.00594525 0.00510418 -0.0172034 -0.000204161 0.00298204
internal_weight=216.585 60.2858 31.2525 29.0333 12.9043 156.299
internal_count=10884 2636 1168 1468 576 8248
is_linear=0
shrinkage=0.05


Tree=204
num_leaves=7
num_cat=0
split_feature=22 12 14 31 32 22
split_gain=1.34386 1.56525 2.19043 2.34217 2.04249 1.88544
threshold=1.4370781720994164 0.15222395019245308 0.87440072671353253 1.8056497377851206 0.67828139269756083 0.087043582417593038
decision_type=2 2 2 2 2 2
left_child=1 2 3 -1 -4 -3
right_child=-2 5 4 -5 -6 -7
leaf_value=0.012064103875080629 -0.017443323443225835 -0.0083261120343830104 -0.017903860639174218 -0.021004512719365771 0.012789911220650678 0.0039308438240027487
leaf_weight=69.379475728957914 7.1753847264044444 63.390663504833356 13.219848736538554 3.0837387884384944 5.5814219719613893 56.953486896440154
leaf_count=3519 683 2741 1096 345 378 2135
internal_value=0.000316364 0.00115399 0.00599128 0.00987776 -0.00828586 -0.00257092
internal_weight=218.784 211.609 91.2645 72.4632 18.8013 120.344
internal_count=10897 10214 5338 3864 1474 4876
is_linear=0
shrinkage=0.05


Tree=205
num_leaves=7
num_cat=0
split_feature=32 67 67 21 25 67
split_gain=1.78237 3.95181 1.83038 3.72726 2.85007 2.06978
threshold=-0.80693872920524845 -0.26853056851580553 -0.17588557555394549 -0.031547017004456772 0.96429889115671008 -0.5470210354611158
decision_type=2 2 2 2 2 2
left_child=1 -1 3 5 -5 -2
right_child=2 -3 -4 4 -6 -7
leaf_value=0.0098886907956560934 0.0080384514017928285 -0.028258040803941665 0.0071370355877452595 -0.024712010013836484 0.0028361858698511266 -0.0075085480372194639
leaf_weight=9.4421591395512241 59.136933654401219 13.625577636703381 66.802595284301788 24.36664204421686 13.429108086274935 29.87126345426077
leaf_count=444 2498 1887 3099 1388 427 1206
internal_value=-0.001027 -0.0133026 0.000616277 -0.00290453 -0.0154352 0.00274616
internal_weight=216.674 23.0677 193.607 126.804 37.7958 89.0082
internal_count=10949 2331 8618 5519 1815 3704
is_linear=0
shrinkage=0.05


Tree=206
num_leaves=7
num_cat=0
split_feature=67 31 66 22 67 0
split_gain=1.24195 2.40493 1.40433 1.57493 2.87839 3.08719
threshold=1.6739417403528736 1.0000000180025095e-35 2.3112256133957114 0.37481117684662896 -0.32826289393865732 -0.55668554525544245
decision_type=2 2 2 2 2 2
left_child=2 -2 3 4 5 -1
right_child=1 -3 -4 -5 -6 -7
leaf_value=0.012999062545459759 -0.030363019063086107 0.01535528998573996 0.012749197602870174 -0.0064806192385164626 0.010920373715126983 -0.0099477321763325119
leaf_weight=17.208754259452689 5.2828242629475417 2.1610679812147282 20.31792586229858 63.787803336221259 57.816743170784321 51.474792275868822
leaf_count=656 712 158 1164 3262 2648 2311
internal_value=0.000349027 -0.0164921 0.00116754 -0.000247768 0.00297247 -0.00389498
internal_weight=218.05 7.44389 210.606 190.288 126.5 68.6835
internal_count=10911 870 10041 8877 5615 2967
is_linear=0
shrinkage=0.05


Tree=207
num_leaves=7
num_cat=0
split_feature=67 12 67 67 28 68
split_gain=1.5878 1.58641 2.63278 3.34195 3.91967 2.51823
threshold=1.8214932562186803 0.091133642538953688 -0.81285679004569966 -0.93610570329831455 -0.90428215347153118 -0.701923878086538
decision_type=2 2 2 2 2 2
left_child=1 -1 3 4 -3 -5
right_child=-2 2 -4 5 -6 -7
leaf_value=0.0063173047765918092 -0.026261379741515985 -0.032135467729078937 0.0013593496646835477 0.0092989976520449075 0.010467655025087209 -0.053323488380613293
leaf_weight=88.639129833347397 2.3561774945992502 5.0008851967286363 102.11423216853291 1.0426381331926675 13.793997630360536 4.4072252407204351
leaf_count=5318 457 234 4155 92 432 213
internal_value=0.000646385 0.00129861 -0.0022868 -0.0161024 -0.00373108 -0.042295
internal_weight=217.354 214.998 126.359 24.2447 18.7949 5.44986
internal_count=10901 10444 5126 971 666 305
is_linear=0
shrinkage=0.05


Tree=208
num_leaves=7
num_cat=0
split_feature=20 19 13 24 28 67
split_gain=2.53121 1.97845 1.97544 2.32361 3.33655 1.71732
threshold=-0.33858203182923258 -0.94544468346873867 -1.0146774137013492 0.91497211539327128 -0.90428215347153118 -1.0560390471944154
decision_type=2 2 2 2 2 2
left_child=2 -2 -1 5 -5 -4
right_child=1 -3 3 4 -6 -7
leaf_value=0.0050921831542053517 -0.020748836935850865 0.0086776059101618935 0.010312891886234694 -0.024341720191155009 0.017858348819825925 -0.014795005438395917
leaf_weight=41.517566468683071 3.26261103680008 93.568124917102978 5.5318175806314676 3.5679160004947361 14.277156936674144 58.773665307846386
leaf_count=1733 680 4560 359 167 492 2924
internal_value=0.00115188 0.00709239 -0.00355729 -0.00795399 0.007132 -0.0122717
internal_weight=220.499 96.8307 123.668 82.1506 17.8451 64.3055
internal_count=10915 5240 5675 3942 659 3283
is_linear=0
shrinkage=0.05


Tree=209
num_leaves=7
num_cat=0
split_feature=5 68 33 6 4 0
split_gain=1.95912 3.1784 2.93962 3.23188 2.83443 2.69746
threshold=-0.38296718819236192 -0.29076107323519684 -0.17881118672181792 0.23064377361963917 -0.58396579410342553 0.47800336114899494
decision_type=2 2 2 2 2 2
left_child=-1 5 3 -3 -4 -2
right_child=1 2 4 -5 -6 -7
leaf_value=-0.0065133785636262475 -0.014735425872978991 -0.0068217110540097839 -0.010104439749071789 0.028469156690922526 0.033447595665639707 0.0054448194182253537
leaf_weight=104.43454440915957 29.737890112679452 24.512102572625739 3.1840888189035494 5.4993832540931171 15.994779491564257 31.135114954522578
leaf_count=4882 1693 1648 284 370 982 1061
internal_value=-0.00169737 0.0029239 0.0120163 0.0016446 0.0258283 -0.00464276
internal_weight=214.498 110.063 49.1904 30.0115 19.1789 60.873
internal_count=10920 6038 3284 2018 1266 2754
is_linear=0
shrinkage=0.05


Tree=210
num_leaves=7
num_cat=0
split_feature=16 67 12 8 24 32
split_gain=1.75491 1.70471 1.63136 2.23729 2.67775 3.56296
threshold=-0.043738561641186148 1.8214932562186803 0.23097206238915494 -1.5604720734773838 0.67415700445882687 -0.078340178837832661
decision_type=2 2 2 2 2 2
left_child=1 2 -1 -4 5 -5
right_child=-2 -3 3 4 -6 -7
leaf_value=0.0074325102614900568 -0.015485662008829615 -0.026023313814737284 -0.020690464238740835 0.0054762915681885955 0.012053884886213102 -0.016946564139840414
leaf_weight=90.33124528627377 12.70048762790975 2.3634269008180118 10.42425559775438 36.878469867690001 33.058405822201166 29.299315113748889
leaf_count=5096 823 465 481 1601 1169 1223
internal_value=0.000636958 0.00186031 0.00256956 -0.00152748 0.00103356 -0.00475552
internal_weight=215.056 202.355 199.992 109.66 99.2362 66.1778
internal_count=10858 10035 9570 4474 3993 2824
is_linear=0
shrinkage=0.05


Tree=211
num_leaves=7
num_cat=0
split_feature=63 68 19 18 32 28
split_gain=1.24036 2.49087 2.25379 2.16111 3.06655 2.59728
threshold=1.0000000180025095e-35 0.19252012733338608 0.2428437486905998 -1.0289334894655673 1.6590871335767747 0.029399228860488198
decision_type=2 2 2 2 2 2
left_child=-1 2 3 -2 5 -5
right_child=1 -3 -4 4 -6 -7
leaf_value=0.0049835100496594415 0.0096739695885523311 -0.019401278376434693 0.0093878433095130748 -0.005175182782041831 0.015285683196997739 -0.032637827540847236
leaf_weight=105.3896805390832 14.364643252221866 15.289588674902914 40.032862198539078 21.847378842008766 6.5600413028150788 12.893995875841936
leaf_count=5122 642 1794 1344 864 180 868
internal_value=0.00116733 -0.00249213 0.000717002 -0.00567992 -0.0113135 -0.0171519
internal_weight=216.378 110.989 95.6989 55.6661 41.3014 34.7414
internal_count=10814 5692 3898 2554 1912 1732
is_linear=0
shrinkage=0.05


Tree=212
num_leaves=7
num_cat=0
split_feature=67 2 32 20 35 1
split_gain=1.63294 1.53261 3.71373 3.44423 1.97826 1.90242
threshold=1.8214932562186803 0.79687974230108805 -0.33054736934963042 1.3128020993580558 1.0000000180025095e-35 1.106337875514199
decision_type=2 2 2 2 2 2
left_child=1 4 3 -3 -1 -4
right_child=-2 2 5 -5 -6 -7
leaf_value=0.00046668010956085336 -0.026544775035436643 0.044197051450835717 0.010168066843567471 -0.0085907222036045745 -0.024008747569399084 -0.014260381560372869
leaf_weight=172.59562197930063 2.4030485578114158 8.017938554286955 14.665954447526021 3.1090674896840929 5.6658030978287561 11.534614780510308
leaf_count=8042 468 392 577 395 332 613
internal_value=0.000621324 0.00128428 0.0100883 0.0307552 -0.000695725 -0.000946576
internal_weight=217.992 215.589 37.3276 11.127 178.261 26.2006
internal_count=10819 10351 1977 787 8374 1190
is_linear=0
shrinkage=0.05


Tree=213
num_leaves=7
num_cat=0
split_feature=67 68 68 19 68 19
split_gain=1.73851 3.18903 4.15677 2.32591 2.60336 2.2595
threshold=-0.81285679004569966 -0.7094484261491768 -0.44056798466409858 -0.70934354869963034 0.27450838479512712 -0.66781137177545857
decision_type=2 2 2 2 2 2
left_child=1 -1 5 -4 -5 -3
right_child=-2 2 3 4 -6 -7
leaf_value=0.014062179933547948 0.0026181473490240357 0.00068778229437940026 -0.022934803542380044 0.016433974215196347 -0.02104196883874232 -0.047242027765532296
leaf_weight=9.9548888695717306 172.26997799190576 3.0593710772227496 6.1999459360958999 14.559805470635188 3.4777201564284033 7.9722349529620242
leaf_count=524 8548 123 765 436 204 315
internal_value=0.00030907 -0.0081025 -0.0149705 -0.00215606 0.00723818 -0.0366446
internal_weight=217.494 45.224 35.2691 24.2375 18.0375 11.0316
internal_count=10915 2367 1843 1405 640 438
is_linear=0
shrinkage=0.05


Tree=214
num_leaves=7
num_cat=0
split_feature=66 68 15 8 68 58
split_gain=1.40086 1.9223 2.09803 1.9021 1.99407 1.76075
threshold=1.8671423203355071 2.7195467588374331 0.16312716011787984 0.89987318997961474 -0.28587500306465208 -0.22263826968646502
decision_type=2 2 2 2 2 2
left_child=1 3 -3 5 -5 -1
right_child=-2 2 -4 4 -6 -7
leaf_value=-0.0015108741107438168 0.011206938023306837 -0.013057734302634114 0.043630157782342943 -0.0011985612652234839 -0.02622025840954343 0.012646771979008495
leaf_weight=136.83136880316306 25.398145263170591 0.81780395854730104 1.7551542327855711 18.12866868602578 11.636851605348054 23.063792292086873
leaf_count=6589 1456 182 147 832 984 657
internal_value=0.000839053 -0.000681924 0.0282823 -0.00150913 -0.0124859 0.000726573
internal_weight=217.632 192.234 2.57296 189.661 29.7655 159.895
internal_count=10847 9391 329 9062 1816 7246
is_linear=0
shrinkage=0.05


Tree=215
num_leaves=7
num_cat=0
split_feature=1 5 31 30 21 21
split_gain=1.54214 2.09354 2.01411 2.31089 1.77799 1.75489
threshold=0.92423926461135797 0.39416347278501657 1.2463939081788467 0.83458861916875493 0.85480045137911997 1.4007074309815815
decision_type=2 2 2 2 2 2
left_child=5 2 4 -4 -2 -1
right_child=1 -3 3 -5 -6 -7
leaf_value=0.00057290094195125082 -0.0013990561523688754 0.009036354500263714 -0.019723559220647259 0.030119828116534849 -0.034448704302575982 0.024254209106555083
leaf_weight=183.19855860972893 6.1211156737408698 8.066342671052551 1.5284430080791929 2.1300365335773677 10.925360299734164 5.1808034312853115
leaf_count=8792 312 485 184 83 766 270
internal_value=-0.000100754 -0.0103009 -0.0180246 0.00979185 -0.0245665 0.00159418
internal_weight=217.151 28.7713 20.705 3.65848 17.0465 188.379
internal_count=10892 1830 1345 267 1078 9062
is_linear=0
shrinkage=0.05


Tree=216
num_leaves=7
num_cat=0
split_feature=56 17 2 2 25 29
split_gain=1.35426 1.93945 2.24021 1.87396 1.68382 1.8938
threshold=1.0000000180025095e-35 -0.37118095967974102 1.4018062106096594 1.7275358473911977 -1.2890209852237997 -2.0556021461281095
decision_type=2 2 2 2 2 2
left_child=1 -1 -3 -4 5 -2
right_child=4 2 3 -5 -6 -7
leaf_value=0.013376994925661882 0.0050035907552077423 -0.022027485304813087 0.032359832195350019 -0.015760559479068497 0.0047170276949619894 -0.030082389728501024
leaf_weight=5.4345294697559465 6.2161554110934958 16.627600337291373 1.7549971619155251 1.1501430689240804 184.07701186370105 4.7317189597524685
leaf_count=330 264 918 60 107 8433 844
internal_value=0.0020849 -0.00826165 -0.0152615 0.0149806 0.00351457 -0.0133694
internal_weight=219.992 24.9673 19.5327 2.90514 195.025 10.9479
internal_count=10956 1415 1085 167 9541 1108
is_linear=0
shrinkage=0.05


Tree=217
num_leaves=7
num_cat=0
split_feature=16 5 33 13 34 0
split_gain=2.4391 1.33472 1.66025 1.82545 1.57747 1.95602
threshold=-0.032924285718010822 1.1065332453476133 -0.097262186766495229 0.27085849494783859 1.0000000180025095e-35 -0.96046658190107659
decision_type=2 2 2 2 2 2
left_child=1 2 -1 4 -4 -6
right_child=-2 -3 3 -5 5 -7
leaf_value=-0.0059384773837327376 -0.021085556863445896 0.012770529119669053 -0.01743725656656811 0.017087933167175672 0.012595423758971824 -0.00477923508836651
leaf_weight=101.42330461082747 12.489069020812165 14.414012693741823 8.4588855347828922 16.063274072075728 25.265293103817385 35.331187552132178
leaf_count=4974 832 1024 511 928 1051 1549
internal_value=-0.00196616 -0.000485248 -0.00169543 0.00339043 -0.0003746 0.00271744
internal_weight=213.445 200.956 186.542 85.1186 69.0554 60.5965
internal_count=10869 10037 9013 4039 3111 2600
is_linear=0
shrinkage=0.05


Tree=218
num_leaves=7
num_cat=0
split_feature=6 26 57 57 31 31
split_gain=1.68316 1.87179 1.57388 1.88909 1.71236 2.90446
threshold=1.6418403719921615 -0.79136549241575216 0.75641378402753279 4.21578083104417 0.40751016376943577 -0.058536360902459193
decision_type=2 2 2 2 2 2
left_child=1 -1 4 -4 5 -3
right_child=-2 2 3 -5 -6 -7
leaf_value=0.0083059357153938192 0.022857167219922293 -0.003124809974150333 0.023119605247929546 -0.012651445747185614 0.0077633584558701469 -0.023028039746076548
leaf_weight=45.049537613231223 5.0652954675606443 113.14770372357452 8.5500008629169297 3.1507587912201407 22.463555013819132 19.201748056948418
leaf_count=1888 425 5577 246 163 1380 1139
internal_value=0.000437749 -0.000411103 -0.00287472 0.0128711 -0.00428684 -0.00645885
internal_weight=216.629 211.563 166.514 11.7008 154.813 132.349
internal_count=10818 10393 8505 409 8096 6716
is_linear=0
shrinkage=0.05


Tree=219
num_leaves=7
num_cat=0
split_feature=6 68 67 24 3 31
split_gain=1.85468 2.13987 1.74757 3.00572 1.67072 2.75881
threshold=1.6418403719921615 -0.24976694450432582 1.5428812762603041 0.12880334993810497 0.25371248633876048 -0.3381642757055961
decision_type=2 2 2 2 2 2
left_child=2 -2 4 -4 5 -1
right_child=1 -3 3 -5 -6 -7
leaf_value=0.0024142967925796927 -0.0078232921591329038 0.04098520995642841 -0.031880153033931095 0.011425121941820956 0.0056293314581295885 -0.01348600333947121
leaf_weight=71.956963537086267 2.3715910001774319 2.6794854194158679 7.8117944931727816 4.4103360553272069 86.038741551194107 40.239634303812636
leaf_count=3370 211 219 976 124 3379 2586
internal_value=0.000136383 0.0236927 -0.000754017 -0.0170816 0.000492295 -0.00349109
internal_weight=215.509 5.05108 210.457 12.2221 198.235 112.197
internal_count=10865 430 10435 1100 9335 5956
is_linear=0
shrinkage=0.05


Tree=220
num_leaves=7
num_cat=0
split_feature=25 26 13 31 29 10
split_gain=1.67137 3.46971 2.485 1.9673 2.07617 1.96362
threshold=0.89093714499832 -0.52610668432629393 -0.60524745109479194 1.2463939081788467 1.009930399589426 0.31994724351887976
decision_type=2 2 2 2 2 2
left_child=5 -2 -3 4 -4 -1
right_child=1 2 3 -5 -6 -7
leaf_value=0.0013500031593719972 -0.012877361561081402 0.032630062745422517 0.0099354425295010915 0.028767779171250486 -0.016948382568582304 -0.011189757304715962
leaf_weight=126.41091691722977 12.125317514175547 11.125195815460755 15.221765537513425 4.3257922298507756 8.8587513624224794 38.239918698120164
leaf_count=5981 508 289 579 136 425 2909
internal_value=0.000775959 0.00836004 0.0153229 0.00607526 -0.00073652 -0.00171046
internal_weight=216.308 51.6568 39.5315 28.4063 24.0805 164.651
internal_count=10827 1937 1429 1140 1004 8890
is_linear=0
shrinkage=0.05


Tree=221
num_leaves=7
num_cat=0
split_feature=6 68 15 30 31 13
split_gain=1.42398 2.22123 1.67036 1.46188 1.36913 2.87266
threshold=2.9444833858744892 -0.24976694450432582 0.67742098150454777 -0.16276715749709783 0.40751016376943577 1.319352795515419
decision_type=2 2 2 2 2 2
left_child=2 -2 4 -3 5 -1
right_child=1 3 -4 -5 -6 -7
leaf_value=-0.0021253885619569642 -0.013609286485622627 -0.0073254120429795668 -0.012448325002952051 0.052967328715309993 0.012098954251382197 0.020723868976151933
leaf_weight=155.06602820713306 1.0313351249787959 0.46726224449230347 21.018950057245092 1.2516744449967507 23.460811180033488 12.06691013620002
leaf_count=6680 116 99 1782 33 1306 747
internal_value=0.000655045 0.0252053 -1.19033e-05 0.0423402 0.00153125 -0.000139344
internal_weight=214.363 2.75027 211.613 1.71894 190.594 167.133
internal_count=10763 248 10515 132 8733 7427
is_linear=0
shrinkage=0.05


Tree=222
num_leaves=7
num_cat=0
split_feature=56 27 29 27 19 19
split_gain=1.75646 2.13877 2.31295 2.0962 1.66672 1.50961
threshold=1.0000000180025095e-35 0.49091830614763815 -2.1490273468019985 0.68017310586019286 -0.77681825333646037 1.8538143881868763
decision_type=2 2 2 2 2 2
left_child=1 2 -1 -3 -2 -6
right_child=4 3 -4 -5 5 -7
leaf_value=0.02056000198312375 -0.006746806418905839 0.030862490948423572 -0.026681219206649055 -0.0085772958888660523 0.0061912164701393305 -0.012087079417195985
leaf_weight=0.79337874311022361 35.662204582622508 2.3667836512904596 14.157131836807823 6.6087540701264516 145.37166196192265 9.4718027191702259
leaf_count=15 2668 72 804 483 6302 397
internal_value=0.000967848 -0.0110141 -0.0211571 0.00694876 0.00262011 0.00486465
internal_weight=214.432 23.926 14.9505 8.97554 190.506 154.843
internal_count=10741 1374 819 555 9367 6699
is_linear=0
shrinkage=0.05


Tree=223
num_leaves=7
num_cat=0
split_feature=22 31 31 13 28 30
split_gain=1.89768 1.68798 1.84938 1.61549 1.59721 1.39746
threshold=-2.3968820047376087 2.5513241772601525 1.2463939081788467 0.75339550758428009 1.6695799683760246 -1.1601229341629502
decision_type=2 2 2 2 2 2
left_child=-1 2 4 -4 5 -2
right_child=1 -3 3 -5 -6 -7
leaf_value=-0.026558844550405476 -0.011958772478915027 -0.025338947884113658 0.035370069587690622 -0.0048034631606784827 -0.024638709478470133 0.003694472069995177
leaf_weight=2.8592734897392793 12.484667228505712 2.4222713019698849 4.7372523015947072 2.7488525662338361 2.5525404766085549 190.66632001198013
leaf_count=252 1205 274 145 236 357 8377
internal_value=0.00156477 0.00229707 0.00295834 0.0234646 0.0018855 0.00257247
internal_weight=218.471 215.612 213.19 7.4861 205.704 203.151
internal_count=10846 10594 10320 381 9939 9582
is_linear=0
shrinkage=0.05


Tree=224
num_leaves=7
num_cat=0
split_feature=28 67 28 67 26 68
split_gain=1.75421 1.74934 1.64494 2.19943 4.36652 2.28796
threshold=1.560489731771697 1.6449522072357092 1.4914778335662084 1.5359376755136778 1.1127115955375015 1.3712356952756053
decision_type=2 2 2 2 2 2
left_child=2 -2 3 5 -5 -1
right_child=1 -3 -4 4 -6 -7
leaf_value=0.0029858794282821262 -0.033656060338507411 0.014236265301538948 0.026837387132787813 -0.032088173916819861 0.019093322568147886 -0.025397713597518093
leaf_weight=191.30156068434007 3.7932277760119169 0.74277400321443554 3.1160585580510078 9.8363802541280148 3.8019568635500027 4.384625118749681
leaf_count=8329 474 94 108 971 259 640
internal_value=0.000451745 -0.0232683 0.00127517 0.000520827 -0.0169503 0.00197602
internal_weight=216.977 4.536 212.441 209.325 13.6383 195.686
internal_count=10875 568 10307 10199 1230 8969
is_linear=0
shrinkage=0.05


Tree=225
num_leaves=7
num_cat=0
split_feature=20 22 58 28 24 67
split_gain=1.47513 1.93105 2.23385 2.24487 2.18071 2.10688
threshold=-0.78793233545946406 -0.82678526330556235 0.83132058246935026 -1.6988068910191916 -0.052290127772073772 0.50012603413571466
decision_type=2 2 2 2 2 2
left_child=-1 2 3 4 -2 -3
right_child=1 5 -4 -5 -6 -7
leaf_value=0.008981717460799751 0.021724454194196479 -0.0026096014228665192 0.014037908861503301 -0.028357894704690662 -0.0182095056495989 0.010980442623471694
leaf_weight=36.111283462552819 3.9866559390793554 119.8338160305284 4.0452285376377395 15.711065413721371 3.7358788203564517 34.15131342379027
leaf_count=1534 246 5422 99 1075 219 2326
internal_value=0.000163641 -0.00170869 -0.0132086 -0.0189714 0.00271617 0.000556681
internal_weight=217.575 181.464 27.4788 23.4336 7.72253 153.985
internal_count=10921 9387 1639 1540 465 7748
is_linear=0
shrinkage=0.05


Tree=226
num_leaves=7
num_cat=0
split_feature=16 28 1 25 31 5
split_gain=2.08282 1.1575 1.73993 1.9275 1.75865 1.73767
threshold=-0.032924285718010822 -1.2055892032675437 0.92423926461135797 0.68500871866525903 0.50071946870381479 0.39416347278501657
decision_type=2 2 2 2 2 2
left_child=1 -1 -3 -4 5 -5
right_child=-2 2 3 4 -6 -7
leaf_value=-0.0088965712711054253 -0.018622411008301309 0.0041406128344611175 -0.025119659214291365 -0.018375049217972079 0.018547354005236914 0.015583126066311036
leaf_weight=24.924759562592953 12.143431805132421 151.84648415265838 8.496132174215747 9.799047351349147 5.8447839708533129 2.7329805435147128
leaf_count=1279 804 7124 895 470 231 85
internal_value=-0.00073066 0.000591102 0.00203931 -0.00905759 0.000851482 -0.00938998
internal_weight=215.788 203.644 178.719 26.8729 18.3768 12.532
internal_count=10888 10084 8805 1681 786 555
is_linear=0
shrinkage=0.05


Tree=227
num_leaves=7
num_cat=0
split_feature=6 68 30 34 29 28
split_gain=1.21763 1.90386 1.27359 1.22821 2.40417 2.03508
threshold=2.9444833858744892 -0.24976694450432582 -0.16276715749709783 1.0000000180025095e-35 0.99915585902422188 -0.51023462467621739
decision_type=2 2 2 2 2 2
left_child=3 -2 -3 4 5 -1
right_child=1 2 -4 -5 -6 -7
leaf_value=0.0022333118986744708 -0.01286924699023209 -0.0070171499781302108 0.049673059501485844 0.00075870387017147036 0.015898011604878685 -0.027376683255975642
leaf_weight=8.357205961539881 0.98056517966324497 0.43986529100220662 1.0717410584911691 184.22433200504747 4.5788704154838333 13.285328897181897
leaf_count=416 115 96 34 8800 255 1126
internal_value=-0.000143775 0.023104 0.0394799 -0.000739941 -0.0102659 -0.0170629
internal_weight=212.938 2.49217 1.51161 210.446 26.2214 21.6425
internal_count=10842 245 130 10597 1797 1542
is_linear=0
shrinkage=0.05


Tree=228
num_leaves=7
num_cat=0
split_feature=30 67 67 28 67 63
split_gain=1.42042 1.9484 2.93764 3.24177 2.34431 3.58823
threshold=0.86527648922001188 -0.81285679004569966 -0.93610570329831455 -0.88318667970774167 -0.5725734862087003 1.0000000180025095e-35
decision_type=2 2 2 2 2 2
left_child=1 2 3 -1 -3 -6
right_child=-2 4 -4 -5 5 -7
leaf_value=-0.019467317793948304 -0.0079598911247193548 0.018182243065700043 -0.027544270714396066 0.010674884020036629 0.010064352095466418 -0.0074857532183581895
leaf_weight=10.169598672713617 34.996364409977105 26.223235473094974 9.0286224761512113 24.676189570775023 61.619242241606116 50.1745803351223
leaf_count=548 1832 918 520 1211 3013 2801
internal_value=0.000859255 0.0026577 -0.00623488 0.00103217 0.00555708 0.00219784
internal_weight=216.888 181.891 43.8744 34.8458 138.017 111.794
internal_count=10843 9011 2279 1759 6732 5814
is_linear=0
shrinkage=0.05


Tree=229
num_leaves=7
num_cat=0
split_feature=68 14 68 26 19 14
split_gain=1.19506 1.29714 1.50458 2.86951 2.47841 2.43412
threshold=2.7195467588374331 0.042151547930066639 -0.29076107323519684 -0.40806683750429978 -1.0336854765676544 0.16223980641711694
decision_type=2 2 2 2 2 2
left_child=1 -1 3 -3 -4 -6
right_child=-2 2 4 -5 5 -7
leaf_value=0.0036549952303262809 0.024461567285283651 0.00052426249550185271 -0.021334209781975731 -0.028594310981711668 -0.021769808618741952 0.019849643597313171
leaf_weight=161.31024015307776 2.8085016400436862 19.985949800699021 4.123027157882464 11.538669049186863 1.7308697597472953 15.61065502790734
leaf_count=7094 364 890 639 833 138 862
internal_value=0.00206002 0.00143278 -0.0051655 -0.0116923 0.00467863 0.0130976
internal_weight=217.108 214.299 52.9892 31.5246 21.4646 17.3415
internal_count=10820 10456 3362 1723 1639 1000
is_linear=0
shrinkage=0.05


Tree=230
num_leaves=7
num_cat=0
split_feature=1 23 4 27 19 11
split_gain=1.88303 1.01321 2.6417 1.54633 2.46258 2.082
threshold=1.6526337082227218 -0.40917589592206538 -0.34575851481712722 -1.1399955301858766 -0.75367510535837734 -1.1134077783100362
decision_type=2 2 2 2 2 2
left_child=1 2 3 5 -5 -1
right_child=-2 -3 -4 4 -6 -7
leaf_value=-0.0015439320269073301 -0.028377918976807706 -0.0022937601757547894 0.023855424943001444 -0.025171965778143641 0.001465187569514915 0.025327424675086859
leaf_weight=17.012512001965664 2.8585092307184814 133.96555353031727 11.802751506242201 8.5993109422270191 33.27505874398048 9.1148728012922202
leaf_count=803 298 6962 506 601 1294 401
internal_value=-0.000410601 0.000350937 0.00471277 0.000522704 -0.00532214 0.00947358
internal_weight=216.629 213.77 79.8045 68.0018 41.8744 26.1274
internal_count=10865 10567 3605 3099 1895 1204
is_linear=0
shrinkage=0.05


Tree=231
num_leaves=7
num_cat=0
split_feature=67 24 5 5 28 17
split_gain=1.72841 3.98355 2.19467 2.69209 2.30584 2.17833
threshold=-0.17588557555394549 -0.61376348038858108 0.13511991912589036 -0.18868452294801732 -1.4229736208624719 0.77511051776257511
decision_type=2 2 2 2 2 2
left_child=2 -2 3 -1 -4 -3
right_child=1 5 4 -5 -6 -7
leaf_value=-0.0049272066364915035 -0.014843675637696016 0.015119927360203834 0.014886179499929804 0.01334228131096778 -0.021361298248367737 -0.0080444336789240196
leaf_weight=85.087382985191653 16.658375730272382 50.886689424456563 3.0460680979304042 23.15860670505208 23.63100202640635 10.494219188112764
leaf_count=3505 2056 2106 172 928 1552 545
internal_value=-0.000692122 0.00511365 -0.00408836 -0.000764156 -0.016136 0.0109692
internal_weight=212.962 78.0393 134.923 108.246 26.6771 61.3809
internal_count=10864 4707 6157 4433 1724 2651
is_linear=0
shrinkage=0.05


Tree=232
num_leaves=7
num_cat=0
split_feature=57 16 16 12 12 11
split_gain=1.54436 1.46706 1.51062 1.30889 2.01808 3.03848
threshold=4.1270368308780361 -0.032924285718010822 1.817100674556384 0.16825204696867543 0.59151721662388401 0.84058474242946501
decision_type=2 2 2 2 2 2
left_child=1 3 -3 -1 5 -5
right_child=-2 2 -4 4 -6 -7
leaf_value=0.0070544252502511883 -0.02183095941253848 -0.025069468639456541 0.005409648818439694 -0.019523842183613648 0.0028030957705295575 0.01725251657682874
leaf_weight=86.616202629113104 4.3855044697993426 7.0783188690838852 5.3179450038587674 22.626134117075711 86.410085177747533 4.6872440652223295
leaf_count=5207 230 508 312 1058 3359 207
internal_value=0.000664297 0.00142516 -0.0134877 0.0025333 -0.00100298 -0.0121298
internal_weight=217.121 212.736 12.3963 200.34 113.723 27.3134
internal_count=10881 10651 820 9831 4624 1265
is_linear=0
shrinkage=0.05


Tree=233
num_leaves=7
num_cat=0
split_feature=67 52 68 19 67 68
split_gain=1.43695 1.1972 1.52844 2.6798 1.74485 3.8628
threshold=1.8214932562186803 1.0000000180025095e-35 -0.701923878086538 1.3148131263615548 -0.73479335865175444 -0.44056798466409858
decision_type=2 2 2 2 2 2
left_child=1 2 3 -1 5 -4
right_child=-2 -3 4 -5 -6 -7
leaf_value=0.015030093541552806 -0.024702865357344173 -0.025786598430676322 -0.027741109649169499 -0.014904139741940737 0.0031383031331341932 0.0026195095390298215
leaf_weight=40.060002095095115 2.1601104286964974 0.82732390938326617 13.308408969081936 6.5317136978264889 125.06880257106968 28.031158861063886
leaf_count=1724 463 55 497 255 6331 1578
internal_value=0.00141452 0.0020165 0.00248114 0.0101859 0.000181761 -0.00837011
internal_weight=215.988 213.827 213 46.5917 166.408 41.3396
internal_count=10903 10440 10385 1979 8406 2075
is_linear=0
shrinkage=0.05


Tree=234
num_leaves=7
num_cat=0
split_feature=32 30 25 67 67 67
split_gain=1.74508 1.58433 3.82939 1.67579 1.91067 2.77111
threshold=-1.5915833219086191 0.098079737938586695 -0.41554022063668256 -1.174479516929992 -1.044026617902752 -0.81285679004569966
decision_type=2 2 2 2 2 2
left_child=-1 3 -3 -2 -5 -6
right_child=1 2 -4 4 5 -7
leaf_value=-0.022650999697306523 -0.0098860718680226535 -0.035375510958040847 -5.0704266815492688e-05 0.024761909711955674 -0.01397117626033216 0.0088096884887935156
leaf_weight=4.6919486810511435 12.582412691466741 5.3299372894107355 97.248006740410347 11.635416861157863 13.422117990237892 72.33453858748544
leaf_count=483 922 458 4268 425 691 3652
internal_value=0.000765515 0.00159047 -0.00283922 0.00568792 0.00793527 0.00489245
internal_weight=217.244 212.552 102.578 109.974 97.3921 85.7567
internal_count=10899 10416 4726 5690 4768 4343
is_linear=0
shrinkage=0.05


Tree=235
num_leaves=7
num_cat=0
split_feature=34 23 41 1 58 20
split_gain=1.84823 2.78431 2.08569 1.92571 1.49756 1.49322
threshold=1.0000000180025095e-35 0.88712778055587493 1.0000000180025095e-35 0.92423926461135797 1.7969613155478197 -0.83368025418660641
decision_type=2 2 2 2 2 2
left_child=1 4 -2 -3 -1 -4
right_child=2 3 5 -5 -6 -7
leaf_value=-0.023980728579248531 0.015289843688757465 0.029788170078586553 0.011696241529210068 -0.014468490689442504 0.011957666302595845 -0.0027784299907555494
leaf_weight=19.68462446008926 18.931314451270737 3.280960359494201 17.203333827143069 1.7398920546984298 1.4907121038995672 149.11224651650991
leaf_count=1492 601 153 663 166 34 7645
internal_value=-0.00103888 -0.0127337 0.000791494 0.0147764 -0.0202808 -0.00110049
internal_weight=211.443 26.1962 185.247 5.02085 21.1753 166.316
internal_count=10754 1845 8909 319 1526 8308
is_linear=0
shrinkage=0.05


Tree=236
num_leaves=7
num_cat=0
split_feature=22 29 29 31 33 2
split_gain=1.16069 1.1848 1.58667 2.57814 3.05848 2.83724
threshold=-2.5331233133093858 1.3084080977999684 0.82668679479964557 -0.3381642757055961 -0.9331049838370894 0.50604970946042882
decision_type=2 2 2 2 2 2
left_child=-1 2 3 -2 5 -5
right_child=1 -3 -4 4 -6 -7
leaf_value=-0.024062208231421633 0.0042276725988989955 -0.0129141686633839 0.011818616544224237 0.018231205530260676 -0.015475268411303532 -0.022220576834592692
leaf_weight=1.7834728020243336 113.78724093071651 11.64875101749203 30.185925083991606 13.626784647814931 41.148679799342062 3.0771961546852244
leaf_count=161 5298 943 1533 488 2266 197
internal_value=0.000304903 0.000839121 0.00181044 -0.000122463 -0.00846512 0.00853064
internal_weight=215.258 213.475 201.826 171.64 57.8527 16.704
internal_count=10886 10725 9782 8249 2951 685
is_linear=0
shrinkage=0.05


Tree=237
num_leaves=7
num_cat=0
split_feature=6 68 68 63 67 24
split_gain=1.42975 1.86422 1.62431 2.81754 2.76939 3.26588
threshold=2.9444833858744892 -0.24976694450432582 0.42475504253937862 1.0000000180025095e-35 -0.20529172471590754 -0.39237879318076135
decision_type=2 2 2 2 2 2
left_child=2 -2 -1 4 -4 -6
right_child=1 -3 3 -5 5 -7
leaf_value=0.00060295870413172256 -0.012472489545351011 0.039189796090306983 -0.026156148791434061 -0.029493145328829962 -0.019635121715633391 0.025135409479127863
leaf_weight=182.84701541269897 0.9682783049065623 1.8099600343266491 3.6192082732450244 9.9758431713562477 3.3705573061015466 9.8781665726564789
leaf_count=8198 114 145 264 1415 381 344
internal_value=-0.000492669 0.024057 -0.00115267 -0.0119697 0.00128238 0.0122232
internal_weight=212.469 2.77824 209.691 26.8438 16.8679 13.2487
internal_count=10861 259 10602 2404 989 725
is_linear=0
shrinkage=0.05


Tree=238
num_leaves=7
num_cat=0
split_feature=29 67 68 68 68 67
split_gain=1.38456 2.09849 3.72008 3.25041 2.44852 2.01005
threshold=-1.0820116040490311 -0.81285679004569966 -0.7094484261491768 -0.44056798466409858 0.26551801568132516 -0.5470210354611158
decision_type=2 2 2 2 2 2
left_child=-1 2 -2 -4 -5 -3
right_child=1 5 3 4 -6 -7
leaf_value=0.0092937688811093652 0.018197312666676495 0.012707540035383574 -0.040180142204241598 0.0066197237251034539 -0.029940039504704814 -0.0017215728482266311
leaf_weight=32.563333465717733 5.4040111585345612 26.731772208353505 9.1881460675504076 12.584609496581836 3.5792188751802305 125.64784599392442
leaf_count=1439 293 962 365 525 480 6857
internal_value=0.000257208 -0.00147348 -0.0127565 -0.0205819 -0.00489549 0.00100619
internal_weight=215.699 183.136 30.756 25.352 16.1638 152.38
internal_count=10921 9482 1663 1370 1005 7819
is_linear=0
shrinkage=0.05


Tree=239
num_leaves=7
num_cat=0
split_feature=26 31 66 24 68 67
split_gain=1.79336 2.52571 1.44177 1.91621 2.3928 2.36293
threshold=1.5879696498462363 1.2463939081788467 2.3621827153571711 -0.58991339865962245 -0.5816288304877264 -0.43995071194813978
decision_type=2 2 2 2 2 2
left_child=1 2 3 4 5 -1
right_child=-2 -3 -4 -5 -6 -7
leaf_value=0.025585179733194591 -0.020443460384985356 0.024890152679555466 0.011000778739646031 -0.00038841929216505477 -0.020729553180890422 -0.011440599240374126
leaf_weight=4.5137857523513958 9.0523142482561507 6.3064232474425799 17.039953077910468 140.4037920847768 25.344702742440859 7.3530794105026853
leaf_count=150 980 259 1086 5649 2147 556
internal_value=-0.00170775 -0.000575521 -0.00176581 -0.00315299 -0.0127768 0.0049638
internal_weight=210.014 200.962 194.655 177.615 37.2116 11.8669
internal_count=10827 9847 9588 8502 2853 706
is_linear=0
shrinkage=0.05


Tree=240
num_leaves=7
num_cat=0
split_feature=67 23 22 15 67 5
split_gain=1.84361 1.05606 2.19463 2.31703 1.84836 3.56113
threshold=-1.476074815359701 -0.53384905351184719 -0.60303810854254059 1.2823833976912551 -0.3981849534571833 0.13511991912589036
decision_type=2 2 2 2 2 2
left_child=-1 2 -2 -4 5 -3
right_child=1 4 3 -5 -6 -7
leaf_value=-0.028677203510055184 -0.0056442416480969506 0.00029773622077097902 0.016171732195820236 -0.017957417513888324 0.0034608510935442019 -0.029192107959679373
leaf_weight=2.0020434700418255 21.39876050024759 34.897433185018599 43.121151369210565 3.0893604170996687 99.349304586357903 11.452173809142549
leaf_count=371 1024 1351 1592 271 5456 766
internal_value=0.00136944 0.00204526 0.00706419 0.0129344 -0.000379225 -0.00832035
internal_weight=215.31 213.308 67.6093 46.2105 145.699 46.3496
internal_count=10831 10460 2887 1863 7573 2117
is_linear=0
shrinkage=0.05


Tree=241
num_leaves=7
num_cat=0
split_feature=24 3 31 3 8 60
split_gain=1.21058 1.38914 1.67691 1.4356 1.46536 1.25457
threshold=2.0030115581496699 2.3260761889354504 -0.3381642757055961 1.7142354767402368 -0.74035698565838437 -0.06396826309564313
decision_type=2 2 2 2 2 2
left_child=1 3 -3 5 -5 -1
right_child=-2 2 -4 4 -6 -7
leaf_value=-0.0021971122473936743 0.016002112822352872 -0.012730284471947274 0.02627448474060189 0.0094403199613853229 -0.030259789559188368 0.017047221196572676
leaf_weight=184.87783620896516 7.4864445707353289 1.8608566391922066 5.9804164986126116 1.6152156922034917 5.2800135447760104 5.8846331909589926
leaf_count=9586 359 99 172 50 310 277
internal_value=-0.000585372 -0.00141122 0.0160568 -0.00233389 -0.0209174 -0.00134872
internal_weight=212.985 205.499 7.84127 197.658 6.89523 190.762
internal_count=10853 10494 271 10223 360 9863
is_linear=0
shrinkage=0.05


Tree=242
num_leaves=7
num_cat=0
split_feature=68 68 27 26 27 17
split_gain=1.34902 1.70215 1.56826 2.21772 1.95617 1.48064
threshold=2.7195467588374331 0.89635853540035915 0.49091830614763815 0.63501118909782195 -1.3470503027105001 0.032414355181436615
decision_type=2 2 2 2 2 2
left_child=1 -1 4 -4 -3 -2
right_child=5 2 3 -5 -6 -7
leaf_value=0.00015572202347233016 0.035266589228310725 0.013437961654352832 0.025994525867145929 -0.02014176744139104 -0.038770629169654479 -0.011848468492902079
leaf_weight=195.54437054134905 2.1138752696570005 0.68391649262048293 2.1743597870809026 2.3014079090789892 5.3250793456390948 0.72181598359020416
leaf_count=9269 186 70 119 345 647 163
internal_value=-0.000369906 -0.00102675 -0.0182086 0.00370869 -0.0303324 0.0233479
internal_weight=208.865 206.029 10.4848 4.47577 6.009 2.83569
internal_count=10799 10450 1181 464 717 349
is_linear=0
shrinkage=0.05


Tree=243
num_leaves=7
num_cat=0
split_feature=22 2 23 41 28 19
split_gain=1.36512 2.62714 1.67821 1.53635 1.57744 1.36905
threshold=-0.95098543527213886 -0.052343953593636965 0.84383661370048502 1.0000000180025095e-35 -1.7530305253235041 1.6319152790539535
decision_type=2 2 2 2 2 2
left_child=1 3 -3 4 -1 -2
right_child=5 2 -4 -5 -6 -7
leaf_value=0.019198529759128075 0.003395517901385918 0.020765492647957771 -0.015130022288830725 -0.026411483309400387 -0.014559855459603971 -0.011048360401520775
leaf_weight=3.1131450133980252 168.54226292361272 7.3541506353358255 2.2310230332950596 13.636318659642713 4.9745788567233848 15.212560339830814
leaf_count=177 8523 347 218 851 249 630
internal_value=0.000362207 -0.00881022 0.0107955 -0.017721 0.000113159 0.00204148
internal_weight=215.064 31.3092 9.58517 21.724 8.08772 183.755
internal_count=10995 1842 565 1277 426 9153
is_linear=0
shrinkage=0.05


Tree=244
num_leaves=7
num_cat=0
split_feature=63 68 41 24 25 29
split_gain=1.41026 3.86731 2.54417 2.21351 2.24786 2.02669
threshold=1.0000000180025095e-35 0.19252012733338608 1.0000000180025095e-35 0.95032937941194306 -0.48946114723613887 -1.463629019528665
decision_type=2 2 2 2 2 2
left_child=-1 3 -3 5 -5 -2
right_child=1 2 -4 4 -6 -7
leaf_value=0.0051757717039446092 0.014542726567027514 0.011762472562934025 -0.032981800962789125 -0.013164585283044206 0.020767666244390012 -0.0068417900028037567
leaf_weight=106.81649871962145 10.488117442466317 2.3999874505097969 11.74558990402147 4.0814910172484842 18.465199930360541 61.207224828831386
leaf_count=5215 331 319 1470 273 412 2856
internal_value=0.00116856 -0.0028136 -0.0246605 0.00112522 0.0138005 -0.00325507
internal_weight=215.204 108.388 14.1456 94.242 22.5467 71.6953
internal_count=10876 5661 1789 3872 685 3187
is_linear=0
shrinkage=0.05


Tree=245
num_leaves=7
num_cat=0
split_feature=52 68 15 19 22 28
split_gain=1.06823 1.09264 2.25531 1.9915 1.67955 1.43792
threshold=1.0000000180025095e-35 -0.69606059388188402 0.1139343261084496 1.3148131263615548 0.93814952474684643 0.51894281377954599
decision_type=2 2 2 2 2 2
left_child=1 2 3 -1 -5 -3
right_child=-2 5 -4 4 -6 -7
leaf_value=0.019165407961855906 -0.024636562781808508 0.0024222578033515686 -0.009058390298892249 -0.020485611126939311 0.016706500862894953 -0.0080548061111226192
leaf_weight=29.890104267920833 0.94055323989596118 120.26965127669973 12.32590824406361 4.9369269381277254 2.1698113982565701 41.603337241482222
leaf_count=1137 59 5812 774 227 55 2699
internal_value=0.0011971 0.00165559 0.00793729 0.0138543 -0.00754183 -0.000368043
internal_weight=212.136 211.196 49.3228 36.9968 7.10674 161.873
internal_count=10763 10704 2193 1419 282 8511
is_linear=0
shrinkage=0.05


Tree=246
num_leaves=7
num_cat=0
split_feature=52 58 57 26 67 25
split_gain=1.36318 1.12152 2.6315 1.39771 4.40442 3.72753
threshold=1.0000000180025095e-35 1.7851827949208885 4.21578083104417 -0.63977827138985877 0.018934502394519281 -0.76718288678313651
decision_type=2 2 2 2 2 2
left_child=1 3 -3 4 -1 -5
right_child=-2 2 -4 5 -6 -7
leaf_value=0.0095165098727026248 -0.029347896987320515 0.023640676326234265 -0.014428768583614825 -0.029891110964469322 -0.026124133609652128 -0.0011329569286006199
leaf_weight=60.673333346610889 0.96586957492399861 10.811032315687042 4.3582222681143312 9.477210782672044 7.1053791931481092 119.2053942635539
leaf_count=2504 63 315 219 1466 568 5764
internal_value=-0.00030388 0.000237033 0.0121266 -0.000849576 0.00483131 -0.00388367
internal_weight=212.596 211.631 15.1693 196.461 67.7787 128.683
internal_count=10899 10836 534 10302 3072 7230
is_linear=0
shrinkage=0.05


Tree=247
num_leaves=7
num_cat=0
split_feature=67 67 68 67 28 5
split_gain=1.6676 2.64157 3.30542 3.5157 2.46377 3.01073
threshold=-0.81285679004569966 -0.5725734862087003 -0.90967958173810126 -0.31059143003849371 0.51894281377954599 -0.2534454113627988
decision_type=2 2 2 2 2 2
left_child=-1 -2 3 -3 -4 -6
right_child=1 2 4 -5 5 -7
leaf_value=-0.0069733705084622649 0.017062456655425221 -0.05340124368913042 0.0080608805489969359 -0.002248911612328645 -0.017970660487920863 0.0067247485211423645
leaf_weight=43.749502422520891 27.396892082004342 2.4867754373699418 87.080016984109534 9.3911726787919161 22.238223854918033 21.818920181365684
leaf_count=2346 967 112 4252 438 1302 1453
internal_value=0.00143329 0.00367481 0.000812316 -0.0215666 0.00327633 -0.00609146
internal_weight=214.162 170.412 143.015 11.8779 131.137 44.0571
internal_count=10870 8524 7557 550 7007 2755
is_linear=0
shrinkage=0.05


Tree=248
num_leaves=7
num_cat=0
split_feature=67 67 22 67 66 13
split_gain=1.31206 1.72386 2.1725 1.59723 2.81486 2.14095
threshold=-0.81285679004569966 -0.59390769950270916 0.18487781733485018 -0.41493639025841872 -0.082444998574272246 -0.76412802072610353
decision_type=2 2 2 2 2 2
left_child=-1 2 -2 4 5 -3
right_child=1 3 -4 -5 -6 -7
leaf_value=-0.0095392421933069294 -0.0026487692053014152 0.00010818356347887374 0.025337639169938753 0.00013506548515787735 0.012950815382154618 -0.038557802551277748
leaf_weight=41.326423592865467 12.64473197568441 5.3933226773515353 11.09338591841515 122.64697915162833 4.6395987723954013 7.5508840454858737
leaf_count=2331 580 154 297 6760 263 394
internal_value=-0.00190685 0.000153637 0.0118054 -0.00202471 -0.0149133 -0.0254582
internal_weight=205.295 163.969 23.7381 140.231 17.5838 12.9442
internal_count=10779 8448 877 7571 811 548
is_linear=0
shrinkage=0.05


Tree=249
num_leaves=7
num_cat=0
split_feature=23 22 6 68 13 32
split_gain=1.70065 1.21731 1.16868 2.03475 1.23441 3.01734
threshold=1.5314300142538824 1.5412184332991388 2.9444833858744892 -0.24976694450432582 0.27085849494783859 -0.078340178837832661
decision_type=2 2 2 2 2 2
left_child=1 2 4 -4 -1 -6
right_child=-2 -3 3 -5 5 -7
leaf_value=-0.00030846214701977002 -0.022990088159519102 -0.018568549886975937 -0.012830493589428397 0.041405200748242547 -0.0084685309584291227 0.015735013903437133
leaf_weight=148.83448318458977 3.99144239159068 3.9521335641620672 0.98419787571765516 1.6821870340500016 16.532417358190287 37.844007083331235
leaf_count=6595 497 475 112 116 1318 1788
internal_value=0.00130687 0.00208661 0.00274411 0.025192 0.00208735 0.00831823
internal_weight=213.821 209.829 205.877 2.66638 203.211 54.3764
internal_count=10901 10404 9929 228 9701 3106
is_linear=0
shrinkage=0.05


Tree=250
num_leaves=7
num_cat=0
split_feature=12 25 28 26 28 5
split_gain=1.63574 2.91393 2.99332 1.77227 1.61408 4.05428
threshold=-1.026387035849806 -1.2890209852237997 0.19681584793218806 -0.81794409360109299 1.2026014983537932 -0.51248896502192498
decision_type=2 2 2 2 2 2
left_child=1 -1 3 -3 -2 -6
right_child=4 2 -4 -5 5 -7
leaf_value=-0.013064057966622631 -0.0040825120453910572 -0.0033541091700678462 -0.0055514401809381806 0.037074776316983138 -0.021697493363919171 0.026298305571201004
leaf_weight=8.0390206477895862 164.79813199603814 2.7587101366370907 7.7635998579207799 11.467646804580001 3.8616990970331235 10.57917755175731
leaf_count=938 7568 96 755 643 240 600
internal_value=-0.000771236 0.0094796 0.0183 0.0300162 -0.0026164 0.0119391
internal_weight=209.268 30.029 21.99 14.2264 179.239 14.4409
internal_count=10840 2432 1494 739 8408 840
is_linear=0
shrinkage=0.05


Tree=251
num_leaves=7
num_cat=0
split_feature=25 23 68 12 24 22
split_gain=2.35554 1.56253 1.37551 1.33362 3.66896 1.57793
threshold=-1.1303774025291735 -1.9625588651223811 -0.31309041391458609 -1.0569717456903174 -0.68864052268994069 1.1250726001073252
decision_type=2 2 2 2 2 2
left_child=1 2 -1 4 -2 -6
right_child=3 -3 -4 -5 5 -7
leaf_value=0.014259207380492253 -0.016319055207828986 -0.027058950152420321 -0.017563995537516319 -0.00050621851624919466 0.032059610994490291 -0.012102706446043289
leaf_weight=4.9044641709187999 4.9629542483598952 10.398766687285386 2.956756807863715 174.5387659232947 10.499495534051672 0.78435213078046295
leaf_count=169 525 1406 171 7961 470 121
internal_value=-0.000883316 -0.0166731 0.00074457 0.000862636 0.0133549 0.0270927
internal_weight=209.046 18.26 7.86122 190.786 16.2468 11.2838
internal_count=10823 1746 340 9077 1116 591
is_linear=0
shrinkage=0.05


Tree=252
num_leaves=7
num_cat=0
split_feature=12 14 3 3 29 20
split_gain=1.44149 1.60877 1.60015 1.49608 1.29289 1.65879
threshold=-1.2827796236095479 0.11909203786692073 -0.8910217493813154 -0.75286416920820276 -1.16247678997215 -0.48132485004080722
decision_type=2 2 2 2 2 2
left_child=1 -1 -2 -4 -5 -6
right_child=2 -3 3 4 5 -7
leaf_value=-0.0014753841962014611 0.01386460957052434 -0.029492913555245293 -0.017741092117490014 0.017034761174625653 -0.0071760408030112207 0.0034932351692809598
leaf_weight=14.372696830585484 19.831239555613138 5.2673106929578344 8.3993279035494179 8.665969727560876 52.871897011238616 101.70376941908034
leaf_count=992 1029 844 551 309 2331 4814
internal_value=3.92042e-05 -0.0119019 0.00142875 -0.000221561 0.000983766 -0.000223284
internal_weight=211.112 19.64 191.472 171.641 163.242 154.576
internal_count=10870 1836 9034 8005 7454 7145
is_linear=0
shrinkage=0.05


Tree=253
num_leaves=7
num_cat=0
split_feature=22 67 67 24 31 28
split_gain=1.64832 1.50679 1.3994 1.19635 2.14425 2.1449
threshold=-2.1575644147092405 -1.476074815359701 1.8214932562186803 0.89761491305683239 -0.15174566583683816 -0.56559110735391205
decision_type=2 2 2 2 2 2
left_child=-1 -2 3 -3 -5 -6
right_child=1 2 -4 4 5 -7
leaf_value=-0.020577966899365217 -0.026373578326410935 0.00080729466980473139 -0.023857365977604818 0.018176833877731374 -0.025295425615878858 0.007628428936459178
leaf_weight=5.6993649103096677 1.7125463687698346 160.62375861660985 2.0450445167080025 26.184227110177744 4.4549694104352993 12.014109940908382
leaf_count=406 336 7875 448 970 220 569
internal_value=0.000764198 0.00163725 0.00224732 0.00285309 0.00999784 -0.00380308
internal_weight=212.734 207.035 205.322 203.277 42.6533 16.4691
internal_count=10824 10418 10082 9634 1759 789
is_linear=0
shrinkage=0.05


Tree=254
num_leaves=7
num_cat=0
split_feature=26 17 28 30 26 15
split_gain=2.17039 1.27135 2.19309 1.66853 1.81685 1.2904
threshold=1.5879696498462363 0.76767393009689211 -0.53301406223827741 -1.0000000180025095e-35 0.93635655686652264 -0.6990410971394686
decision_type=2 2 2 2 2 2
left_child=1 5 -3 -4 -5 -1
right_child=-2 2 3 4 -6 -7
leaf_value=0.010534128349775526 -0.021866268648922039 0.011961758741962149 0.005643734740883059 -0.035113151965623111 0.0097170860252452293 -0.00019011359730251539
leaf_weight=31.421850076178089 8.5267906752851541 5.4605999925406676 3.7532824407098841 9.142949539935211 1.4151051897206333 150.97797612540307
leaf_count=1280 967 206 183 527 61 7654
internal_value=-0.000762171 0.000434626 -0.0107219 -0.01995 -0.0282839 0.0017979
internal_weight=210.699 202.172 19.7719 14.3113 10.5581 182.4
internal_count=10878 9911 977 771 588 8934
is_linear=0
shrinkage=0.05


Tree=255
num_leaves=7
num_cat=0
split_feature=17 30 58 25 19 30
split_gain=1.30715 1.76866 2.32727 1.58214 2.43901 1.87897
threshold=0.76767393009689211 0.036703997836072678 -0.022439051528015379 0.89093714499832 1.9104052974763492 0.098079737938586695
decision_type=2 2 2 2 2 2
left_child=3 -2 -3 5 -5 -1
right_child=1 2 -4 4 -6 -7
leaf_value=0.0031460402685942451 0.0076931567840420436 -0.026870915134804153 0.01542321936658486 0.015380058861180795 -0.014544130529904019 -0.0085273387938905165
leaf_weight=103.35395046103804 7.2397710401273825 12.446932298422324 2.0180496103130272 33.762352950405329 5.8576345357578239 48.023480815492803
leaf_count=5576 357 722 68 1203 243 2630
internal_value=0.000357796 -0.0104799 -0.0193346 0.00173239 0.0102436 -0.000651006
internal_weight=212.702 21.7048 14.465 190.997 39.62 151.377
internal_count=10799 1147 790 9652 1446 8206
is_linear=0
shrinkage=0.05


Tree=256
num_leaves=7
num_cat=0
split_feature=22 3 19 30 2 6
split_gain=1.49112 1.19223 2.74358 1.44032 1.03383 1.0284
threshold=1.5908881217955924 2.4247601747733873 1.9104052974763492 1.3255945399888671 1.9601998736637249 2.9444833858744892
decision_type=2 2 2 2 2 2
left_child=1 2 5 -3 -5 -1
right_child=-2 3 -4 4 -6 -7
leaf_value=9.1114882312339843e-05 -0.024142335004015192 -0.0082098680557950495 -0.029502760767985994 0.035663277874573185 -0.0055788551568178397 0.022012601799963366
leaf_weight=195.34281275724061 3.3781261233671094 2.5006039068102828 4.8159881439059964 3.8107208800502121 1.0235966744949108 2.5015145608922458
leaf_count=9718 452 95 263 74 64 232
internal_value=-0.000324047 0.000393754 -0.000444513 0.0169606 0.0281385 0.000692948
internal_weight=213.373 209.995 202.66 7.33492 4.83432 197.844
internal_count=10898 10446 10213 233 138 9950
is_linear=0
shrinkage=0.05


Tree=257
num_leaves=7
num_cat=0
split_feature=3 29 10 13 28 13
split_gain=1.42377 2.04319 2.41482 1.24831 2.8957 2.84656
threshold=2.3260761889354504 1.2905269453726087 0.49371566701229436 0.27085849494783859 0.66229405929777918 -0.20255410755283701
decision_type=2 2 2 2 2 2
left_child=1 3 -3 4 5 -1
right_child=-2 2 -4 -5 -6 -7
leaf_value=0.0048932225688870165 0.017479828882038941 0.014845259263285303 -0.030425252395123316 0.0068207895685880706 -0.017125769160490207 -0.014157945816521168
leaf_weight=97.436282707785722 8.0304457088641339 1.9726164762396354 8.0372582695854344 50.915989565779455 23.244612708338536 21.381544424133608
leaf_count=4128 273 111 801 3023 1415 1112
internal_value=-2.16165e-05 -0.000958485 -0.0201379 0.000329398 -0.0020901 0.00120068
internal_weight=211.019 202.988 10.0099 192.978 142.062 118.818
internal_count=10863 10590 912 9678 6655 5240
is_linear=0
shrinkage=0.05


Tree=258
num_leaves=7
num_cat=0
split_feature=52 68 28 67 67 18
split_gain=1.31345 1.33559 2.10521 3.3489 3.81248 4.05824
threshold=1.0000000180025095e-35 -0.56555365962663384 0.26034720941239586 -0.39136286572362294 -0.59390769950270916 1.3411214509631508
decision_type=2 2 2 2 2 2
left_child=1 -1 3 4 5 -3
right_child=-2 2 -4 -5 -6 -7
leaf_value=0.0062984177073477452 -0.028067272065135762 0.0094150361842646434 -0.01006192213605198 0.011795764718750539 -0.032148540847042183 -0.026786756106620371
leaf_weight=73.158705702458974 0.9670322525780638 29.680026345304213 47.967117053514812 45.431765966670355 8.3739038825733569 7.1473898064286905
leaf_count=3104 60 1286 3093 2239 515 552
internal_value=0.000449699 0.000970183 -0.00191613 0.00257925 -0.00684185 0.000900585
internal_weight=212.726 211.759 138.6 90.6331 45.2013 36.8274
internal_count=10849 10789 7685 4592 2353 1838
is_linear=0
shrinkage=0.05


Tree=259
num_leaves=7
num_cat=0
split_feature=68 67 67 24 52 68
split_gain=1.11577 1.76821 1.21285 2.5293 1.03324 1.45338
threshold=2.7195467588374331 1.6236006349398335 1.6869609917527977 0.3722541841903047 1.0000000180025095e-35 -0.69606059388188402
decision_type=2 2 2 2 2 2
left_child=2 -2 4 -4 5 -1
right_child=1 -3 3 -5 -6 -7
leaf_value=0.0088581198348471855 -0.013179575401791819 0.036336078856655615 -0.034589940957724635 0.015286266283177575 -0.024362508166848731 -0.0010630037702762415
leaf_weight=44.927970419288613 0.91453399168676641 2.001354387961328 3.7647780016704919 1.9048114279285071 1.024830683832987 158.50231542426627
leaf_count=1885 217 148 644 44 57 7907
internal_value=0.000582945 0.021998 -1.96967e-05 -0.0183419 0.000746278 0.00122499
internal_weight=213.041 2.91589 210.125 5.66959 204.455 203.43
internal_count=10902 365 10537 688 9849 9792
is_linear=0
shrinkage=0.05


Tree=260
num_leaves=7
num_cat=0
split_feature=24 67 28 20 68 67
split_gain=1.48431 3.411 1.79616 2.07919 1.54589 1.40962
threshold=0.89761491305683239 -1.0100029742442838 -0.88318667970774167 -0.17698853118080712 -0.68115807986172272 -1.044026617902752
decision_type=2 2 2 2 2 2
left_child=5 2 -2 -4 -5 -1
right_child=1 -3 3 4 -6 -7
leaf_value=0.012886942155026559 -0.027913885791275128 0.017452982378246162 0.013650268052296299 0.013294528387241714 -0.031037835309622477 -0.0045371401554675228
leaf_weight=9.6426803954527696 4.9022626389632959 26.342324702971382 9.6037450625444762 0.87579577881842841 3.3065209145715899 156.53730968825403
leaf_count=587 275 1032 322 12 358 8307
internal_value=-0.00112767 0.00664906 -0.00888737 0.00165796 -0.020079 -0.00331551
internal_weight=211.211 45.0306 18.6883 13.7861 4.18232 166.18
internal_count=10893 1999 967 692 370 8894
is_linear=0
shrinkage=0.05


Tree=261
num_leaves=7
num_cat=0
split_feature=22 22 33 52 25 29
split_gain=1.18656 1.09178 1.09627 1.09183 1.10784 2.03185
threshold=1.5412184332991388 -2.1982292014772358 2.0432698652927379 1.0000000180025095e-35 -1.3372291585173601 -2.2364998048515647
decision_type=2 2 2 2 2 2
left_child=1 2 -1 4 5 -3
right_child=-2 3 -4 -5 -6 -7
leaf_value=-0.02518345159030265 -0.018854477995005156 0.0079825785721280348 0.0097631496994375205 -0.023429484334353282 0.0041299790376242793 -0.030110030942834834
leaf_weight=3.8963488363660863 3.9779874477535477 5.2163902242900804 1.4109059412730856 0.93540782725904037 193.64075478867744 3.8078593540412822
leaf_count=311 509 186 71 48 8944 759
internal_value=0.0014746 0.00212315 -0.0157223 0.00280987 0.00327098 -0.011593
internal_weight=212.886 208.908 5.30725 203.6 202.665 9.02425
internal_count=10828 10319 382 9937 9889 945
is_linear=0
shrinkage=0.05


Tree=262
num_leaves=7
num_cat=0
split_feature=22 30 18 12 20 3
split_gain=1.41882 1.20479 1.87845 1.31346 2.66471 3.88191
threshold=-2.3968820047376087 -1.2214986742654643 -1.7805861960435549 -0.15819582340350732 -0.73872372668856845 0.25371248633876048
decision_type=2 2 2 2 2 2
left_child=-1 2 -2 -3 -5 -6
right_child=1 3 -4 4 5 -7
leaf_value=-0.024367483905378601 0.010306627435989424 0.0074863284295616549 -0.024763648764896715 0.011670290230322164 -0.018598169531565362 0.0015654471855935711
leaf_weight=2.8468733747722572 3.8643637020722963 61.388417235051747 7.6644924140855419 28.462820678076241 31.933150217286311 74.082619008229813
leaf_count=249 149 3732 1096 1138 1464 3047
internal_value=-7.32859e-05 0.000602892 -0.0133075 0.00161007 -0.00117723 -0.00485273
internal_weight=210.243 207.396 11.5289 195.867 134.479 106.016
internal_count=10875 10626 1245 9381 5649 4511
is_linear=0
shrinkage=0.05


Tree=263
num_leaves=7
num_cat=0
split_feature=29 0 10 21 27 66
split_gain=0.940027 0.976155 0.943837 2.7362 2.66443 1.70032
threshold=1.546899878679411 0.52847599072969931 0.85559477712365972 0.73628836308954637 0.55513388584643975 -0.44161548943320844
decision_type=2 2 2 2 2 2
left_child=2 -2 3 -1 -4 -6
right_child=1 -3 4 -5 5 -7
leaf_value=0.0015706692989200664 -0.027427964839780095 0.0058013957808708376 -0.012704741305802222 -0.01806650242366932 0.022682361936180534 -0.01234608823742497
leaf_weight=160.75322205373959 2.9573712027631691 2.1185692894214299 7.8358622353116543 16.897246472508414 18.030626327090435 2.1717374810250467
leaf_count=7709 391 107 542 1013 937 136
internal_value=0.00018493 -0.0165558 0.000830113 -0.000566129 0.00887637 0.0178074
internal_weight=210.765 5.07594 205.689 177.65 28.0382 20.2024
internal_count=10835 498 10337 8722 1615 1073
is_linear=0
shrinkage=0.05


Tree=264
num_leaves=7
num_cat=0
split_feature=13 28 68 68 15 19
split_gain=1.00514 2.20827 1.14273 1.46935 1.34113 1.08062
threshold=1.9792772827066509 0.19681584793218806 2.8553795095785772 1.3712356952756053 0.16312716011787984 -0.71859839463247166
decision_type=2 2 2 2 2 2
left_child=2 -2 3 5 -4 -1
right_child=1 -3 4 -5 -6 -7
leaf_value=-0.0082367463990448888 0.029873237136176723 -0.015721211809767838 -0.011533691065890514 -0.025562644208879 0.033870290333594802 0.00084055253856064817
leaf_weight=38.10858938342426 4.3870762799633658 1.8376940652233313 0.68704272847389747 3.2972154113958814 1.6806987358431795 159.85308316498413
leaf_count=2526 325 310 121 505 137 6885
internal_value=-0.000479466 0.0156775 -0.00119383 -0.00177563 0.0216127 -0.00100375
internal_weight=209.851 6.22477 203.627 201.259 2.36774 197.962
internal_count=10809 635 10174 9916 258 9411
is_linear=0
shrinkage=0.05


Tree=265
num_leaves=7
num_cat=0
split_feature=22 67 68 68 67 68
split_gain=1.38142 1.1155 3.53153 3.74874 2.20182 2.36937
threshold=-2.3968820047376087 -0.81285679004569966 -0.7094484261491768 -0.44056798466409858 -0.58583576363475631 -0.90967958173810126
decision_type=2 2 2 2 2 2
left_child=-1 2 -2 -4 -3 -6
right_child=1 4 3 -5 5 -7
leaf_value=-0.024883018953676825 0.016043212011816809 0.014706501753741344 -0.035255797712828815 -0.0018257045147700435 -0.019115606268936627 0.0014486279715532104
leaf_weight=2.8119139549671663 9.875046738132367 24.376510475412942 10.750480312039143 22.400000844398164 12.708006113301961 126.72317118692445
leaf_count=249 523 888 426 1345 576 6817
internal_value=-0.000841555 -0.000163628 -0.00705261 -0.0146929 0.00174012 -0.000788784
internal_weight=209.645 206.833 43.0255 33.1505 163.808 139.431
internal_count=10824 10575 2294 1771 8281 7393
is_linear=0
shrinkage=0.05


Tree=266
num_leaves=7
num_cat=0
split_feature=25 26 13 28 27 24
split_gain=1.69659 2.03211 1.83639 1.32876 2.74396 2.43989
threshold=-0.76718288678313651 -0.61683952802785968 2.1917398839748761 1.2207576898515109 1.5650838373878571 -0.46580940195408455
decision_type=2 2 2 2 2 2
left_child=1 -1 -3 4 -2 -5
right_child=3 2 -4 5 -6 -7
leaf_value=-0.0013178133683187346 0.0021983757421584838 -0.034315662991157937 0.010055959801070548 -0.020430168704952886 -0.023508523673814639 0.022057653265031899
leaf_weight=24.426938293152489 152.80349478172138 7.8031204676808539 1.5182716080307725 1.7383505715697545 8.1227242298773472 13.629969489644278
leaf_count=1431 6541 1183 262 355 551 539
internal_value=-4.87023e-05 -0.00983512 -0.0263997 0.00195794 0.000494343 0.0146999
internal_weight=210.043 33.7483 9.32139 176.295 160.926 15.3683
internal_count=10862 2876 1445 7986 7092 894
is_linear=0
shrinkage=0.05


Tree=267
num_leaves=7
num_cat=0
split_feature=6 30 18 3 18 19
split_gain=1.35935 0.986794 1.13501 0.963179 2.41683 2.10037
threshold=2.9444833858744892 -0.16276715749709783 -0.35517666689349375 2.3260761889354504 0.17371084105921311 1.9104052974763492
decision_type=2 2 2 2 2 2
left_child=3 -2 -3 5 -5 -1
right_child=1 2 -4 4 -6 -7
leaf_value=-0.00094830893795755172 -0.0088099262468652999 0.042621629593770242 -0.005942061404377111 0.034187359283203413 -0.0090249063960257652 -0.027928048199244122
leaf_weight=194.58681292564142 0.5823124565649781 1.4339794990955854 0.75753596238791843 3.2846309304004526 4.6863754151854664 4.5039783127140245
leaf_count=10052 146 74 39 100 173 258
internal_value=-0.000546726 0.023398 0.0321016 -0.00119707 0.013261 -0.00196419
internal_weight=209.836 2.77383 2.19152 207.062 7.97101 199.091
internal_count=10842 259 113 10583 273 10310
is_linear=0
shrinkage=0.05


Tree=268
num_leaves=7
num_cat=0
split_feature=10 67 68 18 5 6
split_gain=1.24218 1.17607 3.68433 3.52593 2.61225 2.54113
threshold=1.317205222707186 -0.17588557555394549 0.6588466644101787 -0.75176155391493438 -0.77153251868105099 0.12209018912944516
decision_type=2 2 2 2 2 2
left_child=1 2 -1 4 -3 -5
right_child=-2 3 -4 5 -6 -7
leaf_value=-0.00021250126520706522 -0.016163484390748394 0.0083157481152810655 -0.033602575336973757 0.004982903242575186 -0.031533094863798544 0.030385469983580354
leaf_weight=124.58510264608776 9.0544771649147133 5.2360235144733451 5.8513949143089112 47.214839631342329 7.0721083956595958 10.044742885627782
leaf_count=5234 814 273 648 2321 1063 468
internal_value=-0.000574906 0.000359247 -0.00243218 0.00547723 -0.0162734 0.01073
internal_weight=209.059 200.004 130.436 69.5677 12.3081 57.2596
internal_count=10821 10007 5882 4125 1336 2789
is_linear=0
shrinkage=0.05


Tree=269
num_leaves=7
num_cat=0
split_feature=67 32 3 5 5 32
split_gain=1.44395 2.41628 2.33433 2.04921 2.91494 2.25765
threshold=-0.1561831084353936 -0.89100779270918107 0.90502679286914856 0.26464169595545345 -0.12392363453323578 1.0425806678812688
decision_type=2 2 2 2 2 2
left_child=3 2 -2 4 -1 -5
right_child=1 -3 -4 5 -6 -7
leaf_value=-0.0043735718068188224 -0.026472783947351586 0.0088072373591146294 0.017971236491655117 -0.024236497975149825 0.014490787447043222 0.0074010885199589432
leaf_weight=89.127537935157306 7.3345159146992938 66.216383518127259 1.7418381898023652 16.747128958901161 23.331032088492066 6.2656037538981755
leaf_count=3742 1286 3193 163 1100 1027 418
internal_value=-4.75117e-05 0.0053803 -0.015598 -0.00311541 -0.000185079 -0.0157625
internal_weight=210.764 75.2927 9.07635 135.471 112.459 23.0127
internal_count=10929 4642 1449 6287 4769 1518
is_linear=0
shrinkage=0.05


Tree=270
num_leaves=7
num_cat=0
split_feature=8 26 67 19 19 67
split_gain=1.11217 2.33 2.28327 1.52035 1.65873 1.49001
threshold=-1.150414529567884 -0.7718514216673199 -0.2938573522391244 -0.79996140131454341 -0.69971464771604841 1.3404753144961505
decision_type=2 2 2 2 2 2
left_child=1 -1 -3 -2 -5 -4
right_child=3 2 5 4 -6 -7
leaf_value=0.0098597990645827114 -0.0084954829828093707 -0.031653695330777797 0.0076064637133580653 0.023998428730858168 0.0022003447734079032 -0.024352804822880818
leaf_weight=10.072021996777037 28.503400946996408 9.5636570153292251 10.549094481219074 6.3682146104110862 143.87120147305541 1.996807031740899
leaf_count=427 2426 538 483 299 6500 210
internal_value=-3.30543e-05 -0.00816974 -0.0165798 0.00154258 0.00357604 -0.0011981
internal_weight=210.924 32.1816 22.1096 178.743 150.239 12.5459
internal_count=10883 1658 1231 9225 6799 693
is_linear=0
shrinkage=0.05


Tree=271
num_leaves=7
num_cat=0
split_feature=67 6 68 15 30 68
split_gain=1.3272 1.05158 1.65234 1.26135 1.6249 2.15555
threshold=-1.476074815359701 2.9444833858744892 -0.24976694450432582 1.3747918417260832 -0.36223831283026836 -0.56555365962663384
decision_type=2 2 2 2 2 2
left_child=-1 3 -3 4 -2 -6
right_child=1 2 -4 -5 5 -7
leaf_value=-0.025349050129708409 0.0086948757990729115 -0.012044465851662947 0.036717274155187281 -0.015135770939003496 0.0072387153112928905 -0.0055091154236132159
leaf_weight=1.675330609185038 58.234579827694688 0.91465402004541863 1.8403138599824149 8.4965669604716805 48.132676898268983 91.51086661365116
leaf_count=352 2860 109 144 879 1882 4656
internal_value=0.00102869 0.00159551 0.0226888 0.000992867 0.00190111 -0.00105533
internal_weight=210.805 209.13 2.75497 206.375 197.878 139.644
internal_count=10882 10530 253 10277 9398 6538
is_linear=0
shrinkage=0.05


Tree=272
num_leaves=7
num_cat=0
split_feature=31 31 13 28 30 51
split_gain=1.60862 1.42927 1.6658 1.59615 1.53799 1.43536
threshold=2.5513241772601525 1.2463939081788467 1.319352795515419 1.3235407165932249 0.75786894404061245 1.0000000180025095e-35
decision_type=2 2 2 2 2 2
left_child=1 3 -3 4 5 -1
right_child=-2 2 -4 -5 -6 -7
leaf_value=0.0041159758875236483 -0.026930326673763001 0.028462563952826189 -0.013344581385054297 -0.018066952111404869 -0.0080994305261391959 -0.016815888295530261
leaf_weight=152.15064623566286 2.3744530038384246 5.7629524241783647 1.2662612272542899 8.7193617072771286 35.252236933942186 5.7165342289372338
leaf_count=7258 293 224 167 795 1727 380
internal_value=8.50178e-05 0.000769112 0.0191924 -0.000144184 0.000929019 0.00305855
internal_weight=211.242 208.868 7.02921 201.839 193.119 157.867
internal_count=10844 10551 391 10160 9365 7638
is_linear=0
shrinkage=0.05


Tree=273
num_leaves=7
num_cat=0
split_feature=8 30 3 14 15 21
split_gain=1.51737 1.87669 1.40628 1.30436 2.07793 1.94025
threshold=-1.150414529567884 0.22083121814361475 -0.47654900886197765 1.5148077988678448 0.67742098150454777 -1.162896882089498
decision_type=2 2 2 2 2 2
left_child=1 2 -1 4 -2 -5
right_child=3 -3 -4 5 -6 -7
leaf_value=-0.012988142419203322 0.0011296107569210214 -0.025100829492928113 0.0097435785360433722 -0.013330102257996135 -0.019775588351163415 0.026467443862735585
leaf_weight=9.9861616160778777 157.46212904865388 10.694011168787254 11.323892688174967 2.2141523933387361 9.8391476524120645 7.3502363752631918
leaf_count=615 7536 585 460 245 896 562
internal_value=-0.00113765 -0.0106511 -0.00119704 0.000732753 -0.00042655 0.0162713
internal_weight=208.87 32.0041 21.3101 176.866 167.301 9.56439
internal_count=10899 1660 1075 9239 8432 807
is_linear=0
shrinkage=0.05


Tree=274
num_leaves=7
num_cat=0
split_feature=22 21 33 26 28 58
split_gain=1.2962 1.35485 2.63828 1.96911 1.46841 1.28756
threshold=-0.80571327424646089 -0.1408377036115562 -0.66808451497087595 -0.7173740580346698 -1.8563646674901073 -0.063658924764026917
decision_type=2 2 2 2 2 2
left_child=1 3 -3 4 -1 -5
right_child=-2 2 -4 5 -6 -7
leaf_value=0.013289262922622122 0.00042221862339353436 -0.02015856148317105 0.018203925653619592 -0.036479091882098254 -0.014003295901502462 0.0038653580138608133
leaf_weight=5.7603066834271877 170.20121011130686 4.5546783343306734 8.1248899492784386 8.1607341474737058 8.3797217968385649 1.7525506616802875
leaf_count=260 8733 291 429 661 431 56
internal_value=-0.00146877 -0.00960095 0.00320323 -0.0159573 -0.00250499 -0.0301057
internal_weight=206.934 36.7329 12.6796 24.0533 14.14 9.91328
internal_count=10861 2128 720 1408 691 717
is_linear=0
shrinkage=0.05


Tree=275
num_leaves=7
num_cat=0
split_feature=28 4 31 8 18 29
split_gain=1.65876 1.11864 1.73151 1.58824 1.3183 1.33631
threshold=-2.4648573316142772 1.3534534107584684 1.2463939081788467 -0.33029944174888465 -0.30076992996814161 0.73261970660272369
decision_type=2 2 2 2 2 2
left_child=-1 2 -2 -3 -4 -6
right_child=1 3 4 -5 5 -7
leaf_value=-0.025749490260317861 0.0012263819757029372 0.0088538409560830096 -0.012365602512148417 -0.023754956158301432 -0.0081297820276663938 0.034497825445862412
leaf_weight=2.7658765590167596 189.07379177534312 4.0135814724199008 0.73777606806834217 6.8009519809856993 1.0638960771029795 6.2085233306279406
leaf_count=219 9239 226 105 836 72 177
internal_value=0.000724402 0.00143788 0.00236886 -0.0123583 0.0216541 0.0277087
internal_weight=210.664 207.899 197.084 10.8145 8.0102 7.27242
internal_count=10874 10655 9593 1062 354 249
is_linear=0
shrinkage=0.05


Tree=276
num_leaves=7
num_cat=0
split_feature=13 13 32 13 31 5
split_gain=1.68896 2.12587 2.88949 2.16434 2.35047 2.00158
threshold=0.27085849494783859 0.71663368590142806 -0.5267085175254731 1.2560509300969096 0.68713807857257281 -0.12392363453323578
decision_type=2 2 2 2 2 2
left_child=-1 5 -3 -4 -5 -2
right_child=1 2 3 4 -6 -7
leaf_value=-0.0030046405889027992 -0.003153976302134836 -0.030551020260348095 -0.0084096837776679329 0.024379318779414596 -0.014251768418806241 0.025430850381159605
leaf_weight=151.02467046069796 7.9437733300146673 4.0043378745904183 14.507213972639876 13.132662603209612 3.0223889368644441 17.059152073110454
leaf_count=7138 429 770 753 672 339 813
internal_value=-0.000191536 0.00673148 -0.00142689 0.00476033 0.0160518 0.0169841
internal_weight=210.694 59.6695 34.6666 30.6623 16.1551 25.0029
internal_count=10914 3776 2534 1764 1011 1242
is_linear=0
shrinkage=0.05


Tree=277
num_leaves=7
num_cat=0
split_feature=26 42 67 67 26 67
split_gain=1.41488 1.44354 1.35486 1.2169 2.52932 1.42094
threshold=1.5007120472825342 1.0000000180025095e-35 1.7734088210482939 1.6739417403528736 1.1127115955375015 0.50012603413571466
decision_type=2 2 2 2 2 2
left_child=3 2 -2 5 -5 -1
right_child=1 -3 -4 4 -6 -7
leaf_value=-0.0011155280421256892 -0.030568934926775589 0.011576119622575608 0.011451913996680763 -0.031269840983130612 0.019768891842632776 0.010546300748400721
leaf_weight=164.26394797993999 7.3781212194444343 1.6658363099559217 0.71853810019092623 4.8197211523656724 1.1489626757684162 27.970156254246831
leaf_count=7292 934 47 92 662 40 1744
internal_value=-0.00115241 -0.0172891 -0.0247519 -0.000111669 -0.0181187 0.000717257
internal_weight=207.965 9.7625 8.09666 198.203 5.96868 192.234
internal_count=10811 1073 1026 9738 702 9036
is_linear=0
shrinkage=0.05


Tree=278
num_leaves=7
num_cat=0
split_feature=67 67 67 29 22 24
split_gain=2.07931 2.12312 2.00472 3.28752 1.92197 2.10399
threshold=-0.81285679004569966 -0.93610570329831455 -0.5470210354611158 0.24203424257003442 -0.66116773353316594 -0.052290127772073772
decision_type=2 2 2 2 2 2
left_child=1 4 3 -2 5 -1
right_child=2 -3 -4 -5 -6 -7
leaf_value=0.010783637410496229 0.020284540336830536 -0.027256992216265721 3.31312488111109e-05 -0.019120462293664795 0.0050937916547776942 -0.031367929412446142
leaf_weight=2.5841454082983546 25.946272591303572 9.1900142117519845 137.13052045929362 3.9877190753468303 23.752192756728618 6.0889823573234008
leaf_count=142 855 531 7401 262 1253 403
internal_value=0.000176294 -0.00943349 0.00269425 0.0137716 -0.00250146 -0.0192652
internal_weight=208.68 41.6153 167.065 29.934 32.4253 8.67313
internal_count=10847 2329 8518 1117 1798 545
is_linear=0
shrinkage=0.05


Tree=279
num_leaves=7
num_cat=0
split_feature=3 22 19 18 6 28
split_gain=1.44292 1.7333 1.52425 1.38923 1.21162 1.45321
threshold=2.3260761889354504 -2.030483712218575 1.9104052974763492 0.17371084105921311 1.7503939564823552 0.26034720941239586
decision_type=2 2 2 2 2 2
left_child=1 -1 4 -2 5 -3
right_child=3 2 -4 -5 -6 -7
leaf_value=-0.023407745834673012 0.03213587567282053 0.0023010093253087497 -0.023008617565570315 -0.0018809319819966018 0.019549637846668261 -0.0069083231365156305
leaf_weight=6.1947846843395373 3.1979172599094436 115.86113915906753 4.6567773516289881 5.2177621719893068 4.437767802621237 64.063929630428902
leaf_count=488 101 5589 261 181 396 3809
internal_value=-0.00121994 -0.0021986 -0.00114866 0.0160935 -0.000236936 -0.00103758
internal_weight=203.63 195.214 189.02 8.41568 184.363 179.925
internal_count=10825 10543 10055 282 9794 9398
is_linear=0
shrinkage=0.05


Tree=280
num_leaves=7
num_cat=0
split_feature=28 28 63 52 10 23
split_gain=0.952939 0.999195 1.6759 0.839296 0.899962 2.37929
threshold=-2.5677934459740164 -1.8563646674901073 1.0000000180025095e-35 1.0000000180025095e-35 0.41906944812474706 0.62515206100508147
decision_type=2 2 2 2 2 2
left_child=-1 2 -2 4 5 -3
right_child=1 3 -4 -5 -6 -7
leaf_value=-0.020692668267617523 -0.01008704999652809 0.00024797332788414347 0.027177417917568267 -0.023013788071252522 -0.0049501945312753516 0.022528090978766818
leaf_weight=2.4426339452911625 2.7734617947717179 130.10008136671968 5.3034658747492358 0.99040672089904447 57.880555605806876 10.206150981510289
leaf_count=179 136 6263 246 63 3525 479
internal_value=-3.70639e-05 0.000498155 0.0151152 -0.000310076 0.000144861 0.00230635
internal_weight=209.697 207.254 8.07693 199.177 198.187 140.306
internal_count=10891 10712 382 10330 10267 6742
is_linear=0
shrinkage=0.05


Tree=281
num_leaves=7
num_cat=0
split_feature=3 3 31 8 31 25
split_gain=1.4103 2.13767 1.35429 1.0824 2.65985 1.83533
threshold=2.3260761889354504 1.7142354767402368 -0.3381642757055961 -0.74035698565838437 -0.3381642757055961 -0.47775927361578213
decision_type=2 2 2 2 2 2
left_child=1 3 -2 4 -1 -5
right_child=2 -3 -4 5 -6 -7
leaf_value=0.0026641848505756672 -0.0090268596783386942 -0.023723410834931676 0.026264790250496297 -0.0069436447585395217 -0.021690158343681293 0.0055074095607798093
leaf_weight=29.073513474955689 2.1147174579382408 6.7478191303671329 6.1900175462942553 37.106327953530126 14.697112724476026 111.4472607098287
leaf_count=1454 100 378 171 2976 835 4876
internal_value=8.25802e-05 -0.000880038 0.0172675 0.000273496 -0.00638015 0.00232145
internal_weight=207.377 199.072 8.30474 192.324 43.7706 148.554
internal_count=10790 10519 271 10141 2289 7852
is_linear=0
shrinkage=0.05


Tree=282
num_leaves=7
num_cat=0
split_feature=12 15 32 25 30 16
split_gain=1.53347 2.07486 1.78965 1.61285 2.28273 1.72111
threshold=0.15222395019245308 -0.29348785292709773 -1.0871689408850236 0.68500871866525903 0.23617515316924323 0.66002756368406135
decision_type=2 2 2 2 2 2
left_child=3 2 -2 4 5 -1
right_child=1 -3 -4 -5 -6 -7
leaf_value=0.0090332610627359925 0.025016020897853965 -0.014408729762929583 -0.0012275631661958072 0.017915332031132349 -0.013530537399533436 -0.01883549965684932
leaf_weight=53.945616517798044 4.0018433922086833 27.240849519148469 87.338159736886155 17.394927646033466 15.5268240806472 3.3317567984049665
leaf_count=3612 187 1212 3641 689 1161 346
internal_value=0.0006534 -0.00305533 0.000681179 0.00547051 0.00190576 0.00655541
internal_weight=208.78 118.581 91.34 90.1991 72.8042 57.2774
internal_count=10848 5040 3828 5808 5119 3958
is_linear=0
shrinkage=0.05


Tree=283
num_leaves=7
num_cat=0
split_feature=4 67 68 5 32 1
split_gain=1.7343 1.45647 3.3372 2.98534 2.25243 2.46611
threshold=1.9727923369028442 -0.17310813525529498 0.1659887663073277 0.26464169595545345 -0.86298477154120345 0.19584482099999434
decision_type=2 2 2 2 2 2
left_child=1 2 3 -1 5 -3
right_child=-2 4 -4 -5 -6 -7
leaf_value=0.0046976768153599371 -0.02207009730879856 -0.030486949666367297 -0.024892106869161042 -0.01566740247245808 0.010767506138879973 0.0115420383909434
leaf_weight=102.32533480637358 4.9229174875654271 4.8441482190100924 10.555426712497136 18.719530807749834 62.571348419296555 4.0958639281161595
leaf_count=3879 689 758 1000 1055 2830 573
internal_value=0.00090511 0.0017751 -0.00135904 0.00124548 0.00736527 -0.0131695
internal_weight=208.035 203.112 131.6 121.045 71.5114 8.94001
internal_count=10784 10095 5934 4934 4161 1331
is_linear=0
shrinkage=0.05


Tree=284
num_leaves=7
num_cat=0
split_feature=12 12 28 12 12 4
split_gain=1.3791 1.57373 1.65331 1.53689 1.26843 1.77844
threshold=-1.3795114819028487 -1.026387035849806 0.076672685306484009 -0.7902218112872238 0.15222395019245308 1.3375729254727153
decision_type=2 2 2 2 2 2
left_child=-1 2 -2 -3 5 -5
right_child=1 3 -4 4 -6 -7
leaf_value=-0.013262466506542909 0.028542598514332242 -0.019484968375682504 -0.0049405917170843566 0.0095193488762354561 -0.0021032723960981822 -0.018547870758906404
leaf_weight=15.605286998805239 6.8877553134516329 6.8661789087200296 4.6516476483666338 51.578195642709034 119.84088463772787 3.5080018428852773
leaf_count=1501 399 590 480 2519 5040 295
internal_value=-0.000255283 0.000981232 0.0168108 -0.000280155 0.000789489 0.00686634
internal_weight=208.938 193.333 11.5394 181.793 174.927 55.0862
internal_count=10824 9323 879 8444 7854 2814
is_linear=0
shrinkage=0.05


Tree=285
num_leaves=7
num_cat=0
split_feature=22 36 0 33 8 32
split_gain=1.28046 2.08713 1.5986 1.23993 1.95953 1.82299
threshold=-1.9174164014667212 1.0000000180025095e-35 -1.8689739143537534 -0.15843254985085323 0.89987318997961474 -0.050317157669855138
decision_type=2 2 2 2 2 2
left_child=1 2 -1 4 5 -2
right_child=3 -3 -4 -5 -6 -7
leaf_value=0.0084533681233764698 0.008250744746198236 0.020020310326777913 -0.035627283792196179 0.0043392263209695451 -0.017025617741042078 -0.0056932553179075175
leaf_weight=1.4182044312474316 35.307009870099137 0.75914404646027822 5.4741979961399911 88.979247115203179 18.591483126496314 57.402330332028214
leaf_count=39 1987 32 504 4459 1316 2533
internal_value=-0.000879995 -0.0177725 -0.0267442 1.81321e-05 -0.00345958 -0.000290719
internal_weight=207.932 7.65155 6.8924 200.28 111.301 92.7093
internal_count=10870 575 543 10295 5836 4520
is_linear=0
shrinkage=0.05


Tree=286
num_leaves=7
num_cat=0
split_feature=5 5 33 25 67 14
split_gain=1.38739 1.17785 1.5478 3.28064 2.58363 2.18067
threshold=2.0779465715693366 1.1065332453476133 -0.64770071022919173 0.51111724004107684 0.018934502394519281 -0.71202435289266075
decision_type=2 2 2 2 2 2
left_child=1 2 5 4 -4 -1
right_child=-2 -3 3 -5 -6 -7
leaf_value=-0.023542028739219838 -0.022720903834272107 0.014134945702367334 0.0016329338450301288 0.01701999967117546 -0.020643108173644033 -0.0019499101078565885
leaf_weight=11.912397856445748 3.7255548614484715 11.432441571480011 82.330699235229986 27.347163367143366 12.386638887881416 57.251186588226119
leaf_count=730 471 698 3787 967 1399 2823
internal_value=-0.000377969 0.000358208 -0.000671028 0.00270436 -0.00182453 -0.00649292
internal_weight=206.386 202.661 191.228 122.065 94.7173 69.1636
internal_count=10875 10404 9706 6153 5186 3553
is_linear=0
shrinkage=0.05


Tree=287
num_leaves=7
num_cat=0
split_feature=29 25 25 24 18 30
split_gain=1.17301 2.35645 1.17717 1.17137 1.97969 2.16314
threshold=-1.9855905570086783 -1.2890209852237997 -1.205689460957623 0.95032937941194306 1.4770648896919039 -0.055359612317698335
decision_type=2 2 2 2 2 2
left_child=-1 -2 -3 -4 -5 -6
right_child=1 2 3 4 5 -7
leaf_value=0.014272427846752981 -0.029459467394358702 0.019862212192353575 -0.003310389568609576 0.014082737584000539 0.0073193362493389081 -0.02648101348897991
leaf_weight=9.2856947829714027 4.3386969701532498 3.809126916981767 149.5737471630855 24.687264845415484 8.8017387586878595 5.2885843248222946
leaf_count=377 913 237 7729 901 394 273
internal_value=-0.000737019 -0.00165026 -0.000579169 -0.00129748 0.00614691 -0.00778857
internal_weight=205.785 196.499 192.16 188.351 38.7776 14.0903
internal_count=10824 10447 9534 9297 1568 667
is_linear=0
shrinkage=0.05


Tree=288
num_leaves=7
num_cat=0
split_feature=67 24 67 67 4 10
split_gain=1.3432 2.29208 2.22975 2.7444 2.77015 1.6659
threshold=-1.174479516929992 0.85277547368769857 -1.0560390471944154 -0.81285679004569966 -0.28223657367411431 0.11976469064166674
decision_type=2 2 2 2 2 2
left_child=-1 2 -2 4 -4 -5
right_child=1 -3 3 5 -6 -7
leaf_value=-0.012617616895362144 0.024315556313259157 0.012974762792897313 -0.034203147999430174 0.0052312917397913539 0.013961620443582082 -0.0053219012864950174
leaf_weight=14.041547182307111 5.519992569112218 35.461746330372989 8.4312599551340082 73.616244930453831 2.1823102224152526 70.052188503919751
leaf_count=1002 224 1438 387 3434 80 4311
internal_value=0.000869363 0.00201547 -0.00061079 -0.0019494 -0.0234054 8.19903e-05
internal_weight=209.305 195.264 159.802 154.282 10.6136 143.668
internal_count=10876 9874 8436 8212 467 7745
is_linear=0
shrinkage=0.05


Tree=289
num_leaves=7
num_cat=0
split_feature=23 3 6 30 17 22
split_gain=1.05374 1.6983 3.00101 2.75448 2.17683 3.21491
threshold=-0.53384905351184719 0.25371248633876048 1.0000000180025095e-35 0.25151908819487179 0.56531947232077606 -0.061316714935712065
decision_type=2 2 2 2 2 2
left_child=-1 2 -2 -4 5 -3
right_child=1 4 3 -5 -6 -7
leaf_value=0.0052717089813218822 -0.014472163107266567 -0.0092783179302731531 0.025800685614166152 -0.013805020233975061 -0.0038301815584913497 0.022395098129181987
leaf_weight=66.856855678168358 45.080892987782136 9.9906835776055249 7.9523069612914679 4.8824513064755592 52.664023873396218 20.966438717441633
leaf_count=3127 3104 449 695 373 2348 759
internal_value=0.000232674 -0.0022076 -0.00857046 0.0109733 0.00234349 0.0122566
internal_weight=208.394 141.537 57.9157 12.8348 83.6211 30.9571
internal_count=10855 7728 4172 1068 3556 1208
is_linear=0
shrinkage=0.05


Tree=290
num_leaves=7
num_cat=0
split_feature=22 33 30 30 68 63
split_gain=1.23284 1.05958 1.80607 2.66611 1.95558 1.84133
threshold=-2.3968820047376087 -0.19920704982851464 0.26686302322050026 -0.20879896257398337 -0.701923878086538 1.0000000180025095e-35
decision_type=2 2 2 2 2 2
left_child=-1 2 3 4 -2 -5
right_child=1 -3 -4 5 -6 -7
leaf_value=-0.022430872443103669 0.01507686814498272 0.0047152943553459524 -0.0083887405708035958 0.02315188954230378 -0.015226774729890667 -0.00062219396423551592
leaf_weight=2.8130507337045847 4.458565518230901 94.753426635856158 56.82904109582887 16.5558423322218 18.256035043406882 13.694734111661093
leaf_count=264 261 4852 2791 739 1345 661
internal_value=0.000284332 0.000916436 -0.00240023 0.0041304 -0.00821358 0.0133041
internal_weight=207.361 204.548 109.794 52.9652 22.7146 30.2506
internal_count=10913 10649 5797 3006 1606 1400
is_linear=0
shrinkage=0.05


Tree=291
num_leaves=7
num_cat=0
split_feature=10 23 26 22 67 32
split_gain=0.972522 1.57769 1.5006 1.17778 3.05484 2.49521
threshold=-1.1286545573792497 -1.3747445127938722 -0.96356250727825155 0.98364114644709899 0.39770792312297815 -0.61077758102940571
decision_type=2 2 2 2 2 2
left_child=2 -2 -1 -3 -5 -6
right_child=1 3 -4 4 5 -7
leaf_value=0.011170678788620656 0.025112603969348685 -0.0023815408063783522 -0.015151836636249966 -0.004818052428691072 -0.011611394403340022 0.038154404702499145
leaf_weight=4.6148612403776523 3.1167632545111692 153.55859247535409 21.121356484189164 15.864901201188333 1.8005545465566681 7.2604638531338406
leaf_count=160 109 7845 1198 889 438 264
internal_value=-0.00121145 0.000138709 -0.00975841 -0.000705305 0.00876779 0.0278368
internal_weight=207.337 181.601 25.7362 178.485 24.9259 9.06102
internal_count=10903 9545 1358 9436 1591 702
is_linear=0
shrinkage=0.05


Tree=292
num_leaves=7
num_cat=0
split_feature=68 5 33 22 0 14
split_gain=1.19863 2.83064 3.85761 2.89289 2.38965 2.29843
threshold=-0.29076107323519684 -0.18868452294801732 -0.17881118672181792 0.95880630219887231 -0.73333974878790731 -0.21085156602234081
decision_type=2 2 2 2 2 2
left_child=5 3 -3 -2 -4 -1
right_child=1 2 4 -5 -6 -7
leaf_value=0.0017934357913205034 0.0012848238248279696 0.00019161731096030689 -0.0064096402853225298 -0.02988251903564906 0.039596533969277377 -0.012666168890310215
leaf_weight=70.766279865871184 52.609181708015967 21.869401648757048 2.5508350372838313 5.6324080456106449 11.868592801722114 41.296855585751473
leaf_count=2759 2678 1640 279 493 696 2201
internal_value=-0.00027365 0.00380826 0.0142008 -0.00304548 0.0317557 -0.00372644
internal_weight=206.594 94.5304 36.2888 58.2416 14.4194 112.063
internal_count=10746 5786 2615 3171 975 4960
is_linear=0
shrinkage=0.05


Tree=293
num_leaves=7
num_cat=0
split_feature=5 5 68 68 67 68
split_gain=1.68791 2.89863 2.2343 2.25314 2.49439 2.61744
threshold=0.45892436119979807 0.26464169595545345 0.25310739744814109 0.094847584624196207 -0.40827053354165771 -0.69606059388188402
decision_type=2 2 2 2 2 2
left_child=1 2 3 4 5 -1
right_child=-2 -3 -4 -5 -6 -7
leaf_value=0.0218169137974982 0.0088759110114652387 -0.026623232963354306 -0.014333448936374803 0.022417039907875171 -0.0072214938330135304 0.00018749600281565404
leaf_weight=16.368913437559968 34.078859386776458 8.9702304439560958 23.89349390163261 8.6862639925093372 65.822369596309727 50.529046816984192
leaf_count=740 2263 627 2078 307 2999 1887
internal_value=-0.000839732 -0.0028577 -0.00111645 0.0013682 -0.00047446 0.00618911
internal_weight=208.349 174.27 165.3 141.407 132.72 66.898
internal_count=10901 8638 8011 5933 5626 2627
is_linear=0
shrinkage=0.05


Tree=294
num_leaves=7
num_cat=0
split_feature=66 68 13 5 27 17
split_gain=1.68224 1.92045 1.6933 1.70015 1.67657 1.60382
threshold=2.365579855487935 0.6588466644101787 0.27085849494783859 2.9198381209614968 0.40935758187232935 -0.13926889712073212
decision_type=2 2 2 2 2 2
left_child=2 4 3 -1 -2 -4
right_child=1 -3 5 -5 -6 -7
leaf_value=-0.0065274686368968667 0.023440353325924916 -0.019329731618927426 -0.014050541494534814 0.024932097333646354 -0.015177961366568399 0.0080319674611040292
leaf_weight=133.85519859049236 14.234050819301048 1.5668665797566053 7.0033221907069665 1.5343128501554009 1.2300196839496482 47.38546777938609
leaf_count=6205 891 129 768 125 80 2735
internal_value=-0.0012613 0.0125552 -0.0026773 -0.0056382 0.0184016 0.00460268
internal_weight=206.809 17.0309 189.778 135.39 15.4641 54.3888
internal_count=10933 1100 9833 6330 971 3503
is_linear=0
shrinkage=0.05


Tree=295
num_leaves=7
num_cat=0
split_feature=52 11 25 17 2 31
split_gain=1.09918 1.09004 2.73877 2.58343 2.55605 1.96957
threshold=1.0000000180025095e-35 0.48288199028347789 0.89093714499832 0.44525821815475847 0.82014614492834081 -0.3381642757055961
decision_type=2 2 2 2 2 2
left_child=1 -1 3 4 -3 -4
right_child=-2 2 5 -5 -6 -7
leaf_value=0.0037600709345747135 -0.025273490312146964 -0.015443268531829544 -0.014770516615320676 -0.028210116361597183 0.019392462912587716 0.014350047554580622
leaf_weight=153.22883455966075 0.87162014452041958 8.6241793632507342 5.1338519423734423 13.183143877147812 6.6276613543741396 19.570236268569715
leaf_count=7426 58 772 254 1200 461 691
internal_value=0.00116051 0.0016327 -0.00437479 -0.0142943 0.000393864 0.00735425
internal_weight=207.24 206.368 53.1391 28.435 15.2518 24.7041
internal_count=10862 10804 3378 2433 1233 945
is_linear=0
shrinkage=0.05


Tree=296
num_leaves=7
num_cat=0
split_feature=6 68 57 57 26 68
split_gain=1.01183 1.51782 0.879878 2.22612 2.01347 1.13059
threshold=1.6418403719921615 -0.24976694450432582 0.75641378402753279 4.21578083104417 -0.61683952802785968 -0.22455482242431443
decision_type=2 2 2 2 2 2
left_child=2 -2 5 4 -4 -1
right_child=1 -3 3 -5 -6 -7
leaf_value=0.001761094387397795 -0.008139205845402453 0.032076508494113018 -0.012387056745237341 -0.013314154887719407 0.031345178464259923 -0.0062745117988782448
leaf_weight=128.66259224053647 2.2617820614832453 2.9117943002493112 1.6882796835270699 4.2451749304309478 7.8171708374575237 62.662836866613361
leaf_count=5498 214 216 90 209 190 4533
internal_value=0.000709027 0.0179607 2.11307e-05 0.0110162 0.0224696 -0.00092696
internal_weight=210.25 5.17358 205.076 13.7506 9.50545 191.325
internal_count=10950 430 10520 489 280 10031
is_linear=0
shrinkage=0.05


Tree=297
num_leaves=7
num_cat=0
split_feature=67 32 22 67 67 20
split_gain=1.37528 2.44811 1.38052 2.48916 2.25704 3.30236
threshold=1.6739417403528736 -0.050317157669855138 0.50010127928177972 -0.5470210354611158 -0.027066852551879673 0.012275348707252652
decision_type=2 2 2 2 2 2
left_child=2 -2 -1 -4 -5 -6
right_child=1 -3 3 4 5 -7
leaf_value=0.0033396605555815091 -0.035025296795864955 0.012332067183430368 0.011617223193438898 -0.021752629554348601 0.016963945461507247 -0.018757853869820897
leaf_weight=141.01998733855726 4.0268075601488817 2.5001526267733416 12.860361234430455 21.652032973128371 11.161470694351012 8.915852478152372
leaf_count=6805 797 80 506 1156 607 831
internal_value=-0.000158843 -0.018714 0.000733616 -0.00582178 -0.0116149 0.00072446
internal_weight=202.137 6.52696 195.61 54.5897 41.7294 20.0773
internal_count=10782 877 9905 3100 2594 1438
is_linear=0
shrinkage=0.05


Tree=298
num_leaves=7
num_cat=0
split_feature=25 29 60 17 10 25
split_gain=1.30636 1.69141 2.01484 1.66797 1.71925 1.49603
threshold=0.49421907988300917 -0.63918562833728165 -0.06396826309564313 0.76218142499355734 1.2404547335542631 0.72274657916354224
decision_type=2 2 2 2 2 2
left_child=1 -1 -3 4 -2 -5
right_child=3 2 -4 5 -6 -7
leaf_value=0.0022423073881184126 0.010349043480930124 -0.011169305086440311 0.020324712812739537 0.011796450323613074 -0.015919397413872115 -0.017048863774306377
leaf_weight=56.982589248160366 55.947758055932354 67.425279304079595 2.7565920657943925 3.9581965791294342 4.2832676537800571 12.039268109714611
leaf_count=2777 2091 4755 148 157 250 614
internal_value=-0.00104322 -0.00411096 -0.00914981 0.00403627 0.00781432 -0.00917598
internal_weight=203.393 127.164 70.1819 76.2285 60.231 15.9975
internal_count=10792 7680 4903 3112 2341 771
is_linear=0
shrinkage=0.05


Tree=299
num_leaves=7
num_cat=0
split_feature=31 13 28 66 22 5
split_gain=1.10894 0.969711 1.54266 1.28335 2.32243 1.48535
threshold=2.5513241772601525 1.9792772827066509 0.19681584793218806 -0.48577020367265994 0.12581396622830451 0.19988080754067192
decision_type=2 2 2 2 2 2
left_child=1 3 -3 5 -5 -1
right_child=-2 2 -4 4 -6 -7
leaf_value=-0.00017463132119744306 -0.023905318965572516 0.029242494515045486 -0.011855743532418944 -0.0036696077084124529 0.017395021876295384 -0.011825261201975383
leaf_weight=121.00243009344558 1.9290941612562154 3.5273088235117021 1.4982654384511986 26.10923815285787 21.630287290725391 32.384220450243447
leaf_count=5272 286 262 240 1489 1046 2279
internal_value=-0.000467804 9.12594e-05 0.0171383 -0.000580315 0.00633874 -0.00281407
internal_weight=208.081 206.152 5.02557 201.126 47.7395 153.387
internal_count=10874 10588 502 10086 2535 7551
is_linear=0
shrinkage=0.05


end of trees

feature_importances:
Column_67=225
Column_68=156
Column_22=112
Column_25=106
Column_28=93
Column_24=86
Column_30=86
Column_29=63
Column_26=58
Column_66=55
Column_58=49
Column_31=46
Column_13=42
Column_63=42
Column_12=35
Column_32=33
Column_18=32
Column_19=30
Column_20=28
Column_23=28
Column_42=27
Column_5=26
Column_33=26
Column_15=25
Column_3=24
Column_8=24
Column_6=23
Column_27=18
Column_34=18
Column_10=16
Column_0=14
Column_14=14
Column_16=14
Column_21=14
Column_2=13
Column_17=13
Column_41=13
Column_4=11
Column_52=11
Column_56=9
Column_57=9
Column_35=8
Column_1=7
Column_61=7
Column_11=3
Column_60=2
Column_64=2
Column_7=1
Column_36=1
Column_37=1
Column_51=1

parameters:
[boosting: gbdt]
[objective: binary]
[metric: binary_logloss]
[tree_learner: serial]
[device_type: cpu]
[data_sample_strategy: bagging]
[data: ]
[valid: ]
[num_iterations: 300]
[learning_rate: 0.05]
[num_leaves: 7]
[num_threads: 4]
[seed: 2]
[deterministic: 0]
[force_col_wise: 0]
[force_row_wise: 0]
[histogram_pool_size: -1]
[max_depth: -1]
[min_data_in_leaf: 30]
[min_sum_hessian_in_leaf: 0.001]
[bagging_fraction: 0.8]
[pos_bagging_fraction: 1]
[neg_bagging_fraction: 1]
[bagging_freq: 1]
[bagging_seed: 29216]
[bagging_by_query: 0]
[feature_fraction: 0.7]
[feature_fraction_bynode: 1]
[feature_fraction_seed: 17795]
[extra_trees: 0]
[extra_seed: 19650]
[early_stopping_round: 0]
[early_stopping_min_delta: 0]
[first_metric_only: 0]
[max_delta_step: 0]
[lambda_l1: 0]
[lambda_l2: 3]
[linear_lambda: 0]
[min_gain_to_split: 0]
[drop_rate: 0.1]
[max_drop: 50]
[skip_drop: 0.5]
[xgboost_dart_mode: 0]
[uniform_drop: 0]
[drop_seed: 24198]
[top_rate: 0.2]
[other_rate: 0.1]
[min_data_per_group: 100]
[max_cat_threshold: 32]
[cat_l2: 10]
[cat_smooth: 10]
[max_cat_to_onehot: 4]
[top_k: 20]
[monotone_constraints: ]
[monotone_constraints_method: basic]
[monotone_penalty: 0]
[feature_contri: ]
[forcedsplits_filename: ]
[refit_decay_rate: 0.9]
[cegb_tradeoff: 1]
[cegb_penalty_split: 0]
[cegb_penalty_feature_lazy: ]
[cegb_penalty_feature_coupled: ]
[path_smooth: 0]
[interaction_constraints: ]
[verbosity: -1]
[saved_feature_importance_type: 0]
[use_quantized_grad: 0]
[num_grad_quant_bins: 4]
[quant_train_renew_leaf: 0]
[stochastic_rounding: 1]
[linear_tree: 0]
[max_bin: 255]
[max_bin_by_feature: ]
[min_data_in_bin: 3]
[bin_construct_sample_cnt: 200000]
[data_random_seed: 45]
[is_enable_sparse: 1]
[enable_bundle: 1]
[use_missing: 1]
[zero_as_missing: 0]
[feature_pre_filter: 1]
[pre_partition: 0]
[two_round: 0]
[header: 0]
[label_column: ]
[weight_column: ]
[group_column: ]
[ignore_column: ]
[categorical_feature: ]
[forcedbins_filename: ]
[precise_float_parser: 0]
[parser_config_file: ]
[objective_seed: 29484]
[num_class: 1]
[is_unbalance: 0]
[scale_pos_weight: 1]
[sigmoid: 1]
[boost_from_average: 1]
[reg_sqrt: 0]
[alpha: 0.9]
[fair_c: 1]
[poisson_max_delta_step: 0.7]
[tweedie_variance_power: 1.5]
[lambdarank_truncation_level: 30]
[lambdarank_norm: 1]
[label_gain: ]
[lambdarank_position_bias_regularization: 0]
[eval_at: ]
[multi_error_top_k: 1]
[auc_mu_weights: ]
[num_machines: 1]
[local_listen_port: 12400]
[time_out: 120]
[machine_list_filename: ]
[machines: ]
[gpu_platform_id: -1]
[gpu_device_id: -1]
[gpu_device_id_list: ]
[gpu_use_dp: 0]
[num_gpu: 1]

end of parameters

pandas_categorical:null
