tree
version=v4
num_class=1
num_tree_per_iteration=1
label_index=0
max_feature_idx=68
objective=binary sigmoid:1
feature_names=Column_0 Column_1 Column_2 Column_3 Column_4 Column_5 Column_6 Column_7 Column_8 Column_9 Column_10 Column_11 Column_12 Column_13 Column_14 Column_15 Column_16 Column_17 Column_18 Column_19 Column_20 Column_21 Column_22 Column_23 Column_24 Column_25 Column_26 Column_27 Column_28 Column_29 Column_30 Column_31 Column_32 Column_33 Column_34 Column_35 Column_36 Column_37 Column_38 Column_39 Column_40 Column_41 Column_42 Column_43 Column_44 Column_45 Column_46 Column_47 Column_48 Column_49 Column_50 Column_51 Column_52 Column_53 Column_54 Column_55 Column_56 Column_57 Column_58 Column_59 Column_60 Column_61 Column_62 Column_63 Column_64 Column_65 Column_66 Column_67 Column_68
feature_infos=[-1.8815920717489296:3.7461061264995958] [-2.0803878152855169:3.0183732899940279] [-1.4076119066311088:7.3754550851567995] [-1.157468511143747:6.5596191813829723] [-0.71894991903232808:10.190943472280141] [-0.80391296288844194:17.523418458494731] [-0.25784735658623387:21.344315956962372] [-0.18423427030861689:21.888267250199537] [-2.3805871612963836:1.5149595058438643] none [-2.179150574281568:14.316113284933973] [-2.1791522593826742:14.315704558943487] [-1.5747916106413851:1.5703861555752923] [-1.1208883927093243:2.905801183196576] [-0.82449493011797303:5.4095939480658943] [-0.82325510766961252:4.6746123500939696] [-0.18280521811990849:20.576297830639007] [-2.9196467038630214:0.84677732833769992] [-2.1804889250901254:3.2695804262773009] [-1.4131341598141485:4.8777478161260701] [-0.85795997101804622:6.6111497848843452] [-1.6504153123721172:4.3124845489112289] [-2.8311154935626659:2.0995223404635608] [-2.666057210752915:9.7148112883580566] [-2.3771105944179651:3.6509814910926695] [-1.5873232927114951:4.3099845784333164] [-0.97424064294290902:6.0698471990368228] [-1.8563808370081984:4.3667486789167276] [-3.2749051536296321:2.5061731833568448] [-3.013176066203878:7.5101113828412398] [-2.1804946133672458:8.4681962944189344] [-0.38476892817278563:23.103975915290718] [-3.5111602719150805:4.9237690996461563] [-0.9840688022502333:2.4611783441512354] [-2.279882828458101:0.43861664754269025] [-0.21378011142457479:4.6776578535969628] [-0.090937612971472195:10.996306071386092] [-0.21212666027028065:4.7141181889180466] none none [-0.24746809811406859:4.0408902437225169] [-2.3294959506193949:0.42927504647506515] [-0.29797961287649777:3.3559097636960167] none none none none none none none [-0.16548776822560729:6.0426676512093174] [-0.28073778417416895:3.5620154139564564] none none [-0.07637847045409149:13.092349935413461] [-0.13997260981870477:7.1441507956552943] [-2.5929692165693647:0.38565596396919677] [-0.19713450154133769:7.2981357827604256] [-0.24324672161699681:9.6546697716022436] none [-0.11688777962906391:17.769787179277433] [-0.45494070110904983:2.1980770054951084] none [-1.0602179945217445:0.94319847270859525] [-0.65358400186161247:1.5300185285310013] none [-0.48831760201239605:2.3664220036716115] [-2.8797757832957869:2.8192886835088649] [-1.6490885806466411:5.9428872503458132]
tree_sizes=900 901 913 906 909 894 900 901 901 904 902 904 903 908 906 900 907 908 908 904 907 899 904 908 903 907 899 908 904 907 904 904 903 910 911 903 900 902 899 908 906 903 906 906 900 904 906 903 905 908 912 903 897 898 907 905 897 908 904 896 915 900 899 899 908 901 901 908 904 905 905 909 910 903 904 906 901 904 900 900 910 910 903 901 908 907 904 905 899 901 900 899 907 907 901 900 908 911 904 901 906 907 907 912 908 906 911 903 908 896 911 907 906 911 902 897 899 905 900 904 909 909 897 903 902 910 903 901 895 904 906 912 907 905 905 909 904 903 913 907 909 905 905 902 905 898 898 903 910 902 912 903 903 908 902 899 906 903 902 902 898 903 911 896 902 899 914 902 909 899 909 898 913 910 905 911 908 902 895 896 904 892 906 898 903 907 912 897 911 902 907 902 900 904 899 911 902 903 904 906 904 895 905 902 894 904 909 892 904 908 902 896 907 907 908 904 899 905 902 901 907 907 900 900 900 900 908 909 907 906 904 904 895 902 902 905 905 906 904 906 905 890 897 905 896 905 904 907 898 902 908 905 901 900 899 904 910 902 904 901 904 896 905 904 894 898 908 901 907 903 897 908 898 909 915 901 906 911 909 906 911 904 907 899 903 901 907 901 903 900 899 898 905 904 904 905 914 905 896 902

Tree=0
num_leaves=7
num_cat=0
split_feature=66 24 67 68 25 67
split_gain=196.395 92.0669 62.3699 42.7433 39.8361 34.3491
threshold=-0.48407189053384242 0.020947623197511315 0.78550802482205151 0.32893920649499625 -0.75044838919318579 0.065283037378248851
decision_type=2 2 2 2 2 2
left_child=1 5 3 -2 -3 -1
right_child=2 4 -4 -5 -6 -7
leaf_value=-0.025504267554330842 0.073197066011255113 -0.066317554666859527 -0.042933899172314029 -0.036426076339140835 0.014449698259139228 -0.074854905615677148
leaf_weight=78.869469666853547 102.5529480825644 14.164978826418517 13.21258403919637 7.9321505613625041 136.25761194108054 68.683885164558887
leaf_count=2247 2108 533 408 233 3050 2449
internal_value=0.000122121 -0.0218623 0.0523441 0.0645719 0.00569597 -0.0495101
internal_weight=421.674 297.976 123.698 110.485 150.423 147.553
internal_count=11028 8279 2749 2341 3583 4696
is_linear=0
shrinkage=1


Tree=1
num_leaves=7
num_cat=0
split_feature=66 12 67 67 42 29
split_gain=167.675 93.3559 44.6796 44.0896 20.1745 15.8255
threshold=0.25635549782830575 -0.13430399109146796 0.086981789711455718 0.69680352528390188 1.0000000180025095e-35 0.22529931786237717
decision_type=2 2 2 2 2 2
left_child=1 -1 5 -2 -4 -3
right_child=3 2 4 -5 -6 -7
leaf_value=-0.050391955652393398 0.06613895059349971 0.027906775697847039 -0.045850156265290744 -0.037561709544799489 0.029598535559377828 -0.011796144319215879
leaf_weight=127.55733297765255 90.733209154568613 109.15288020204753 46.002006768248975 9.5692458022385818 8.639864079654215 30.481593177653849
leaf_count=4154 1909 2317 1447 294 150 799
internal_value=-4.49286e-05 -0.0176903 0.0042207 0.055442 -0.0330008 0.019174
internal_weight=422.136 321.834 194.276 100.302 54.6419 139.634
internal_count=11070 8867 4713 2203 1597 3116
is_linear=0
shrinkage=0.05


Tree=2
num_leaves=7
num_cat=0
split_feature=26 15 24 63 63 24
split_gain=143.459 68.2697 56.3037 46.9191 25.7878 20.3622
threshold=-0.31372964153900534 0.47590715319780558 -0.12205643827437118 1.0000000180025095e-35 1.0000000180025095e-35 -0.012159633110881354
decision_type=2 2 2 2 2 2
left_child=1 3 -2 -1 -4 -5
right_child=2 -3 4 5 -6 -7
leaf_value=0.057239747665223641 -0.067881364733816493 -0.033571387832515065 0.014618710767326668 -0.017737693462613807 -0.034154190998453106 0.027953437932024768
leaf_weight=113.37273725774139 70.280111256986856 39.979978333227336 51.177323701791465 38.414353670552373 51.740465588402003 57.059782336931676
leaf_count=2308 2499 1284 1214 1075 1536 1145
internal_value=0.000260134 0.0244713 -0.0343476 0.0359006 -0.0101741 0.00958914
internal_weight=422.025 248.827 173.198 208.847 102.918 95.4741
internal_count=11061 5812 5249 4528 2750 2220
is_linear=0
shrinkage=0.05


Tree=3
num_leaves=7
num_cat=0
split_feature=61 24 68 26 67 68
split_gain=129.327 102.317 47.9727 37.6377 36.5561 32.1176
threshold=1.0000000180025095e-35 -0.065966960353841766 0.27406863847977853 -0.3074892704555347 0.065283037378248851 0.62596341216241236
decision_type=2 2 2 2 2 2
left_child=1 4 3 -3 -1 -2
right_child=5 2 -4 -5 -6 -7
leaf_value=-0.020217128467811776 0.06321299730519396 0.044134848964866934 -0.042940790884824033 -0.0049694324441488481 -0.070819530592522065 -0.034155074024222958
leaf_weight=78.720745676662773 78.889963331632316 84.79081096732989 31.349301241803914 69.257099750451744 67.946065196767449 7.5636623203754416
leaf_count=2247 1690 1591 1002 1732 2485 226
internal_value=0.000426442 -0.013836 0.0108312 0.0223853 -0.0446093 0.0538347
internal_weight=418.518 332.064 185.397 154.048 146.667 86.4536
internal_count=10973 9057 4325 3323 4732 1916
is_linear=0
shrinkage=0.05


Tree=4
num_leaves=7
num_cat=0
split_feature=26 15 32 63 25 41
split_gain=123.246 48.5611 34.433 30.7843 20.4634 19.2411
threshold=-0.3178181605247275 0.26123220729241964 -0.33054736934963042 1.0000000180025095e-35 -0.76843763313869917 1.0000000180025095e-35
decision_type=2 2 2 2 2 2
left_child=1 3 -2 -1 -4 -6
right_child=2 -3 4 -5 5 -7
leaf_value=0.052122148889122533 -0.061447152860121972 -0.019908358576512752 -0.068143695551546729 0.011832570793098324 0.037134478756386202 -0.016574181464645003
leaf_weight=106.02269519446418 59.987939344719052 50.090672833379358 12.523194972425697 87.853605205193162 17.813508997205645 81.860751499189064
leaf_count=2239 2145 1501 481 1988 311 2299
internal_value=0.000331012 0.0230824 -0.0317483 0.0343237 -0.0146827 -0.00617096
internal_weight=416.152 243.967 172.185 193.876 112.197 99.6743
internal_count=10964 5728 5236 4227 3091 2610
is_linear=0
shrinkage=0.05


Tree=5
num_leaves=7
num_cat=0
split_feature=66 18 68 26 67 13
split_gain=118.115 58.0803 45.5064 36.159 33.9959 26.6994
threshold=-0.48746848826408135 -0.23347352358233131 0.30431341283545082 -0.3074892704555347 0.69680352528390188 -0.8972224789514609
decision_type=2 2 2 2 2 2
left_child=1 5 4 -3 -2 -1
right_child=2 3 -4 -5 -6 -7
leaf_value=-0.0059297027804489331 0.061540137034351877 0.022842001115375748 -0.035863934677398811 -0.020387232407861861 -0.038564400473051 -0.058161112303391264
leaf_weight=35.738059418741614 99.0791788501665 97.452332001645118 14.122486794367431 90.327636971604079 7.2632385902106753 80.012090334668756
leaf_count=920 2112 2087 421 2479 234 2834
internal_value=0.00141957 -0.0152218 0.0427011 0.00205388 0.0538325 -0.0425918
internal_weight=423.995 303.53 120.465 187.78 106.342 115.75
internal_count=11087 8320 2767 4566 2346 3754
is_linear=0
shrinkage=0.05


Tree=6
num_leaves=7
num_cat=0
split_feature=66 24 68 68 26 13
split_gain=114.341 70.971 42.3627 28.0202 25.041 24.1943
threshold=-0.48746848826408135 0.020947623197511315 0.32893920649499625 0.41180695658743566 0.33100828398840176 -0.89114021624848816
decision_type=2 2 2 2 2 2
left_child=1 5 -2 4 -3 -1
right_child=2 3 -4 -5 -6 -7
leaf_value=-0.0069513936634727326 0.052130110214593045 0.029372183379752816 -0.035444740120893624 -0.038890663444402548 -0.019959385129344896 -0.05321125915941205
leaf_weight=39.714925027452409 105.06389200594276 97.398156493902206 13.698540056124328 24.14114210056141 32.21380827948451 104.37818627804518
leaf_count=1024 2348 1940 412 796 875 3655
internal_value=0.000527588 -0.0160219 0.0414045 0.00759494 0.0169371 -0.0408629
internal_weight=416.609 297.846 118.762 153.753 129.612 144.093
internal_count=11050 8290 2760 3611 2815 4679
is_linear=0
shrinkage=0.05


Tree=7
num_leaves=7
num_cat=0
split_feature=68 66 24 26 26 67
split_gain=111.149 82.1166 46.3388 31.7801 27.6459 25.6352
threshold=0.28618609250272958 0.25635549782830575 -0.12205643827437118 -0.3074892704555347 -0.76939938620193549 0.69680352528390188
decision_type=2 2 2 2 2 2
left_child=1 2 4 -4 -1 -3
right_child=-2 5 3 -5 -6 -7
leaf_value=0.0084923099357971602 -0.054228183819732594 0.06089865242830747 0.034431815713399538 -0.010493812050116366 -0.046858610101657011 -0.037056340783225457
leaf_weight=32.086829060222954 77.032289608381689 77.560382317285985 83.440330357756466 70.263462190283462 66.989359498955309 5.3245263155549756
leaf_count=783 2694 1647 1642 1826 2295 175
internal_value=-0.00124277 0.0112896 -0.00302663 0.014087 -0.0292099 0.0535314
internal_weight=412.697 335.665 252.78 153.704 99.0762 82.8849
internal_count=11062 8368 6546 3468 3078 1822
is_linear=0
shrinkage=0.05


Tree=8
num_leaves=7
num_cat=0
split_feature=66 32 68 67 23 68
split_gain=97.8851 55.1353 40.8031 29.6618 27.6658 21.7441
threshold=0.25635549782830575 -0.47066247518951809 0.34965614401810613 1.1130723900441426 0.51837618768468852 0.62596341216241236
decision_type=2 2 2 2 2 2
left_child=1 -1 4 5 -3 -2
right_child=3 2 -4 -5 -6 -7
leaf_value=-0.047333432522314575 0.058662007661939235 0.019994432773256174 -0.044540094041488308 -0.039028978828290442 -0.021706164092506711 -0.02680116934155867
leaf_weight=83.179295534733683 82.63768900744617 145.42188576399349 40.458958832547069 7.7886574137955895 51.586662738816813 6.4490387123078099
leaf_count=2906 1779 3190 1378 259 1454 182
internal_value=0.00027889 -0.0130762 -0.000635935 0.0435479 0.00891334 0.0518037
internal_weight=417.522 320.647 237.468 96.8754 197.009 89.0867
internal_count=11148 8928 6022 2220 4644 1961
is_linear=0
shrinkage=0.05


Tree=9
num_leaves=7
num_cat=0
split_feature=26 68 42 67 24 28
split_gain=91.5177 53.5534 38.8218 36.5391 24.3189 21.9219
threshold=-0.32455345759068027 0.30431341283545082 1.0000000180025095e-35 0.83081501969378724 0.020947623197511315 -1.3654126764852232
decision_type=2 2 2 2 2 2
left_child=1 3 4 5 -2 -1
right_child=2 -3 -4 -5 -6 -7
leaf_value=-0.010425525960092837 -0.056363896591647422 -0.036441150033722843 0.035638455145523766 -0.043427115044615605 -0.015608695877245116 0.041229922614435005
leaf_weight=22.015791545156389 71.186089210212231 32.994130345527083 19.344478960847482 13.377265173941849 78.611660630907863 174.46371664828621
leaf_count=589 2656 1075 358 452 2245 3613
internal_value=0.000901658 0.0204723 -0.0270645 0.0298078 -0.0357025 0.0353721
internal_weight=411.993 242.851 169.142 209.857 149.798 196.48
internal_count=10988 5729 5259 4654 4901 4202
is_linear=0
shrinkage=0.05


Tree=10
num_leaves=7
num_cat=0
split_feature=66 24 25 26 68 29
split_gain=85.4052 56.0322 32.3418 27.044 22.3688 20.0616
threshold=0.52384459888089741 -0.065966960353841766 -0.75044838919318579 -0.78917598290629309 0.59112573184642769 1.1877485265059471
decision_type=2 2 2 2 2 2
left_child=1 3 -3 -1 -2 -4
right_child=4 2 5 -5 -6 -7
leaf_value=0.0015194357513401561 0.050987069264453934 -0.052193712141063803 0.020544082594199188 -0.047684873581033738 -0.028756329470497499 -0.032433139838714459
leaf_weight=37.624544324818999 80.624873193446547 17.624789963942021 144.02608907129616 103.34384060511366 7.9024966172873965 17.620608748868108
leaf_count=968 1797 650 3125 3692 244 533
internal_value=0.000525165 -0.0115519 0.00699638 -0.0347942 0.0431595 0.0142835
internal_weight=408.767 320.24 179.271 140.968 88.5274 161.647
internal_count=11009 8968 4308 4660 2041 3658
is_linear=0
shrinkage=0.05


Tree=11
num_leaves=7
num_cat=0
split_feature=66 12 67 68 67 41
split_gain=86.8671 40.145 32.6337 24.139 19.8519 15.8578
threshold=-0.48746848826408135 -0.23208645711027798 0.69680352528390188 0.32893920649499625 0.086981789711455718 1.0000000180025095e-35
decision_type=2 2 2 2 2 2
left_child=1 -1 3 -2 -3 -6
right_child=2 4 -4 -5 5 -7
leaf_value=-0.038670120268703978 0.051828980143146276 0.01016389465687309 -0.033230613485880599 -0.03165386371414472 0.020497719464657813 -0.04018890751771792
leaf_weight=109.46681559132412 94.934735298156738 126.68470648257062 13.068696549162267 7.5271033309400073 12.270765980705617 40.039073596708477
leaf_count=3689 2099 2960 418 230 259 1361
internal_value=-0.000587284 -0.0152599 0.035507 0.0449701 -0.000541641 -0.0256135
internal_weight=403.992 288.461 115.531 102.462 178.995 52.3098
internal_count=11016 8269 2747 2329 4580 1620
is_linear=0
shrinkage=0.05


Tree=12
num_leaves=7
num_cat=0
split_feature=68 66 12 29 24 0
split_gain=79.4877 60.7416 43.9268 16.981 15.8856 15.5507
threshold=0.27406863847977853 0.25635549782830575 0.5326895129575514 -0.072796304441597862 -0.10415280549400734 1.0000000180025095e-35
decision_type=2 2 2 2 2 2
left_child=1 2 4 -4 -1 -5
right_child=-2 -3 3 5 -6 -7
leaf_value=-0.036565941909350988 -0.044409445016908702 0.047596373853633848 0.0380515848516687 -0.04774952590772933 -0.0033841759350628307 0.016213886194581625
leaf_weight=66.273970270063728 76.766534911002964 82.139643324771896 65.055500935763121 10.506656962679697 76.66955850739032 29.117028934182599
leaf_count=2296 2735 1853 1169 403 1968 619
internal_value=0.000421685 0.0111644 -0.00134568 0.022896 -0.0192039 -0.00291375
internal_weight=406.529 329.762 247.623 104.679 142.944 39.6237
internal_count=11043 8308 6455 2191 4264 1022
is_linear=0
shrinkage=0.05


Tree=13
num_leaves=7
num_cat=0
split_feature=68 12 32 63 20 67
split_gain=74.3757 55.2417 25.3055 16.1503 15.6802 14.874
threshold=0.28618609250272958 0.57004621235405784 -0.5267085175254731 1.0000000180025095e-35 -0.84770366673497222 0.19547555137749009
decision_type=2 2 2 2 2 2
left_child=1 2 4 -2 -1 -3
right_child=3 5 -4 -5 -6 -7
leaf_value=0.020192373230024877 -0.017658642564596858 0.038911246118681589 0.0019797598538036248 -0.066143462996962318 -0.052454667971369606 -0.0030439996580437761
leaf_weight=7.3894886197522274 33.741208582185209 121.9499249830842 135.45384075888433 39.492051247507334 37.992183046415448 24.922577021643519
leaf_count=151 1111 2526 3594 1563 1470 666
internal_value=-0.000863363 0.00940595 -0.00906429 -0.0453788 -0.040107 0.0318735
internal_weight=400.941 327.708 180.836 73.2333 45.3817 146.873
internal_count=11081 8407 5215 2674 1621 3192
is_linear=0
shrinkage=0.05


Tree=14
num_leaves=7
num_cat=0
split_feature=12 68 61 24 32 8
split_gain=68.5373 33.4766 25.218 19.0488 17.9473 14.8942
threshold=-0.13430399109146796 0.27406863847977853 1.0000000180025095e-35 0.34800231537022513 -0.19043226350974277 0.89987318997961474
decision_type=2 2 2 2 2 2
left_child=4 2 3 5 -1 -2
right_child=1 -3 -4 -5 -6 -7
leaf_value=-0.045935679790558626 0.0047919486666806706 -0.026507604278590294 0.051540236928447648 0.029006279002764358 -0.010431571205939252 -0.05060036673944654
leaf_weight=66.945341658312827 68.733102152589709 38.124421464744955 54.107028950704262 82.339977918658406 77.198593926616013 11.63758120825514
leaf_count=2555 1730 1249 1210 1628 2263 429
internal_value=-0.000293257 0.0152424 0.0228452 0.0125428 -0.0275212 -0.00476097
internal_weight=399.086 254.942 216.818 162.711 144.144 80.3707
internal_count=11064 6246 4997 3787 4818 2159
is_linear=0
shrinkage=0.05


Tree=15
num_leaves=7
num_cat=0
split_feature=29 25 25 68 68 24
split_gain=59.7778 39.8721 23.0204 20.1224 17.9835 13.1007
threshold=0.2143719469345462 -0.52586243009480083 0.43936484246916924 0.28618609250272958 -0.13939061935172001 0.52784221735610548
decision_type=2 2 2 2 2 2
left_child=1 4 -2 -3 -1 -4
right_child=2 3 5 -5 -6 -7
leaf_value=0.0032988043547792531 -0.04675966169702428 0.036321663767873512 -0.021992383913497966 -0.013234350060993339 -0.044184794182395661 0.017228974264598417
leaf_weight=62.278218659572303 62.964315330609679 142.25563816842623 52.059675664640963 22.27462599799037 26.077269148081541 31.959581240545958
leaf_count=1748 2367 2965 1583 690 970 730
internal_value=0.000444202 0.0151318 -0.024623 0.0294958 -0.0117063 -0.00699358
internal_weight=399.869 252.886 146.984 164.53 88.3555 84.0193
internal_count=11053 6373 4680 3655 2718 2313
is_linear=0
shrinkage=0.05


Tree=16
num_leaves=7
num_cat=0
split_feature=26 61 42 24 19 67
split_gain=60.3638 39.4991 33.2058 27.6213 15.7907 12.9079
threshold=-0.10313863599284791 1.0000000180025095e-35 1.0000000180025095e-35 -0.33555002701256892 -0.81880894935508863 -0.2737556280776417
decision_type=2 2 2 2 2 2
left_child=1 3 -2 5 -5 -1
right_child=2 -3 -4 4 -6 -7
leaf_value=-0.00048128971020916836 -0.038325502269738382 0.045824449534741525 0.037013097764052809 -0.036590518646843553 0.02067292774341634 -0.0419821847069652
leaf_weight=35.587407807121053 108.9918759369757 65.396533231250942 14.394476142246274 10.58445381047204 121.77707570162602 36.733826137613505
leaf_count=978 3807 1595 254 389 2648 1342
internal_value=-0.000298455 0.0129266 -0.0288664 0.0019056 0.0153843 -0.0223932
internal_weight=393.466 270.079 123.386 204.683 132.362 72.3212
internal_count=11013 6952 4061 5357 3037 2320
is_linear=0
shrinkage=0.05


Tree=17
num_leaves=7
num_cat=0
split_feature=66 32 68 68 26 41
split_gain=58.2542 33.8979 22.7164 19.8281 19.6237 19.4474
threshold=0.25635549782830575 -0.44263945402154053 0.41180695658743566 0.62596341216241236 -0.3074892704555347 1.0000000180025095e-35
decision_type=2 2 2 2 2 2
left_child=1 -1 4 -2 -3 -6
right_child=3 2 -4 -5 5 -7
leaf_value=-0.038769078922609265 0.042092420565820951 0.019608507082752736 -0.036827067425225832 -0.031383448146924682 0.030350090196443719 -0.025097429797655276
leaf_weight=79.385603697504848 78.922519732499495 106.96531210187823 34.485996648203582 8.1549562327563745 17.912538971286267 64.363737191073596
leaf_count=2998 1906 2318 1257 274 336 1957
internal_value=-0.00095623 -0.0113495 -0.00123586 0.0343952 0.00572351 -0.0123828
internal_weight=390.191 303.113 223.728 87.0775 189.242 82.2763
internal_count=11046 8866 5868 2180 4611 2293
is_linear=0
shrinkage=0.05


Tree=18
num_leaves=7
num_cat=0
split_feature=66 24 25 13 26 23
split_gain=52.7297 34.9364 23.6801 16.6216 14.9835 14.887
threshold=0.25635549782830575 -0.065966960353841766 -0.75044838919318579 -0.8475787784600074 -0.072259558390156894 -0.37230073663494651
decision_type=2 2 2 2 2 2
left_child=1 3 -3 -1 -2 -4
right_child=4 2 5 -5 -6 -7
leaf_value=-0.0025155029701642143 0.042489339326916051 -0.048097704522313871 0.032238001479658461 -0.0406492189719104 -0.013140080042153508 -1.2084774389150328e-05
leaf_weight=41.599652726203203 71.951115942792967 15.952760062180458 51.516710405237973 91.27538084005937 12.987804395146666 104.13189319870435
leaf_count=1134 1785 617 992 3535 363 2619
internal_value=-0.000319146 -0.0100814 0.00483748 -0.0290297 0.0338251 0.0110698
internal_weight=389.415 304.476 171.601 132.875 84.9389 155.649
internal_count=11045 8897 4228 4669 2148 3611
is_linear=0
shrinkage=0.05


Tree=19
num_leaves=7
num_cat=0
split_feature=66 32 67 25 10 68
split_gain=48.9934 27.7571 20.6587 18.0033 16.1847 14.2617
threshold=-0.39746123195209387 -0.33054736934963042 1.1130723900441426 -0.50761405374976898 0.48596309235038287 0.62596341216241236
decision_type=2 2 2 2 2 2
left_child=1 -1 5 -3 -5 -2
right_child=2 3 -4 4 -6 -7
leaf_value=-0.033078490683003822 0.042504097929898552 -0.027311585884478181 -0.032473631536006103 0.018703673294560654 -0.015296713095065279 -0.022226930926463506
leaf_weight=88.594128360506147 85.700531548936851 43.266406141687185 9.8202073946595174 108.29192464239895 48.415331660304219 7.5710707791149607
leaf_count=3310 2114 1422 330 2353 1387 229
internal_value=0.000305409 -0.0102834 0.0293977 0.000155061 0.0081091 0.0367208
internal_weight=391.66 288.568 103.092 199.974 156.707 93.2716
internal_count=11145 8472 2673 5162 3740 2343
is_linear=0
shrinkage=0.05


Tree=20
num_leaves=7
num_cat=0
split_feature=68 66 24 13 63 25
split_gain=46.9054 32.8884 24.3677 18.4834 17.7129 14.1015
threshold=0.27406863847977853 0.25635549782830575 -0.11252604847297461 -0.97455845938057195 1.0000000180025095e-35 -0.75044838919318579
decision_type=2 2 2 2 2 2
left_child=1 2 3 -1 -2 -4
right_child=4 -3 5 -5 -6 -7
leaf_value=0.014879272167698618 -0.0063673373359753472 0.039219377762552292 -0.032292315967424462 -0.032157240178155001 -0.055585887040633143 0.018598047707388803
leaf_weight=27.893796742893755 34.630049258470535 73.165176792419516 12.326654784381388 65.774741605389863 37.899746611714363 138.82841595588252
leaf_count=647 1150 1841 429 2442 1554 2960
internal_value=0.00219804 0.0105238 0.00157721 -0.018123 -0.0332723 0.0139003
internal_weight=390.519 317.989 244.824 93.6685 72.5298 151.155
internal_count=11023 8319 6478 3089 2704 3389
is_linear=0
shrinkage=0.05


Tree=21
num_leaves=7
num_cat=0
split_feature=29 15 42 22 25 22
split_gain=44.6664 28.9921 27.2139 18.6787 16.8391 10.3255
threshold=0.12687656433058561 0.26123220729241964 1.0000000180025095e-35 -0.95098543527213886 0.89051435003068458 1.0008724281407486
decision_type=2 2 2 2 2 2
left_child=1 3 4 -1 -2 -5
right_child=2 -3 -4 5 -6 -7
leaf_value=-0.013370104960934243 -0.044747002481167142 -0.021473501100175405 0.03364526129266969 0.032236160220404667 -0.0081301674690364006 -0.015552980988274491
leaf_weight=30.30555332149379 78.756895637139678 47.912542921723798 16.366771660279483 137.46878806664608 53.54218093957752 10.547399763949214
leaf_count=891 3128 1649 311 3180 1575 289
internal_value=-0.00181945 0.0121225 -0.022856 0.0213553 -0.0304368 0.0285895
internal_weight=374.9 226.234 148.666 178.322 132.299 148.016
internal_count=11023 6009 5014 4360 4703 3469
is_linear=0
shrinkage=0.05


Tree=22
num_leaves=7
num_cat=0
split_feature=12 66 24 23 22 1
split_gain=41.606 27.4213 18.4734 17.7083 10.7275 11.3295
threshold=-0.54888266012461695 0.25635549782830575 -0.33555002701256892 -0.50318729102768633 1.0666834678622779 1.106337875514199
decision_type=2 2 2 2 2 2
left_child=3 2 -2 -1 5 -4
right_child=1 -3 4 -5 -6 -7
leaf_value=-0.0014675803543209448 -0.023674668201678257 0.037123190119670045 0.017707450735089666 -0.043981693043606732 -0.028043521088757309 -0.029059265555711533
leaf_weight=40.587938113952987 53.735589136369526 66.266122199012898 136.29188464023173 59.598554463824257 14.472744164988397 11.577932163840158
leaf_count=1213 1891 1718 3088 2394 440 391
internal_value=-9.36193e-05 0.00974635 0.000957132 -0.0273016 0.00939191 0.0135407
internal_weight=382.531 282.344 216.078 100.186 162.343 147.87
internal_count=11135 7528 5810 3607 3919 3479
is_linear=0
shrinkage=0.05


Tree=23
num_leaves=7
num_cat=0
split_feature=68 12 66 67 63 32
split_gain=40.8318 29.7883 15.0762 12.0765 12.0003 11.3867
threshold=0.27406863847977853 0.65947444826640644 1.1632206283659448 0.19547555137749009 1.0000000180025095e-35 -0.30252434818165291
decision_type=2 2 2 2 2 2
left_child=1 2 5 -3 -2 -1
right_child=4 3 -4 -5 -6 -7
leaf_value=-0.030944945509487971 -0.010895812532515521 0.032708202847395139 0.02640408163179769 -0.0085815366201633658 -0.052453910365691837 -0.0023235274351434245
leaf_weight=49.553165351273492 33.54871246824041 101.82817190396599 27.697175597306341 19.998652508482337 37.997627252712846 104.19549201545306
leaf_count=1915 1172 2273 724 577 1588 2797
internal_value=-0.00101142 0.00707403 -0.00577295 0.0258869 -0.0341897 -0.0119639
internal_weight=374.819 303.273 181.446 121.827 71.5463 153.749
internal_count=11046 8286 5436 2850 2760 4712
is_linear=0
shrinkage=0.05


Tree=24
num_leaves=7
num_cat=0
split_feature=26 66 42 24 22 22
split_gain=36.3336 27.7068 19.8294 17.5106 10.6475 9.32072
threshold=0.015213229383319858 0.25635549782830575 1.0000000180025095e-35 -0.33555002701256892 -1.8046604994201743 1.0238128694316917
decision_type=2 2 2 2 2 2
left_child=1 3 -2 -1 -5 -6
right_child=2 -3 -4 4 5 -7
leaf_value=-0.019118893718306669 -0.032273313276289767 0.036566534701182637 0.031722112661300476 -0.045574249934430627 0.017981977771494434 -0.031265613056158249
leaf_weight=71.117832682561129 92.252771871862933 68.741538034868427 11.432101044803856 4.9767516660504034 119.45000078971498 7.7191888964734963
leaf_count=2422 3408 1835 208 194 2692 237
internal_value=0.00024611 0.00985256 -0.0245237 0.000417745 0.0111229 0.014341
internal_weight=375.69 272.005 103.685 203.264 132.146 127.169
internal_count=10996 7380 3616 5545 3123 2929
is_linear=0
shrinkage=0.05


Tree=25
num_leaves=7
num_cat=0
split_feature=66 58 24 25 20 22
split_gain=31.2322 25.5396 21.1719 15.7019 14.9223 12.9582
threshold=0.75055374466629277 -0.19319741197320903 0.020947623197511315 -0.5177884100677016 -0.70423038457896958 0.81306702811523401
decision_type=2 2 2 2 2 2
left_child=1 2 4 -4 -1 -3
right_child=-2 5 3 -5 -6 -7
leaf_value=-0.0023149172620256521 0.029351393400406045 0.041732815783893998 -0.034988431269218669 0.0086076561327627435 -0.038940516983932111 -0.031439500839365399
leaf_weight=41.736297339666635 71.679949494893663 32.505461669061333 21.929680871777236 117.48547102697194 82.795966227073222 5.0039457418024531
leaf_count=1216 1946 627 787 2781 3446 183
internal_value=0.000378613 -0.00673183 -0.0122858 0.00115751 -0.0270089 0.0303659
internal_weight=373.137 301.457 263.947 139.415 124.532 37.5094
internal_count=10986 9040 8230 3568 4662 810
is_linear=0
shrinkage=0.05


Tree=26
num_leaves=7
num_cat=0
split_feature=12 30 22 10 22 25
split_gain=34.2911 20.3524 14.7016 13.4112 13.1787 9.88135
threshold=-0.13430399109146796 0.926652229322526 -0.95098543527213886 0.26213518675434028 1.1664640071877033 -0.66520746829897892
decision_type=2 2 2 2 2 2
left_child=3 2 -2 5 -4 -1
right_child=1 -3 4 -5 -6 -7
leaf_value=-0.02084206185491301 -0.013258755828610292 -0.02033861816326317 0.027056573050013567 -0.038053729892005367 -0.028719134898569212 0.013682118933535742
leaf_weight=44.72930579748936 29.833185637369752 38.861738748149946 161.97471900028177 54.501113921636716 8.9271697273943555 33.906974352779798
leaf_count=1616 883 1204 3833 2247 316 946
internal_value=0.000416337 0.0116835 0.0180911 -0.0196709 0.0236979 -0.00599992
internal_weight=372.734 239.597 200.735 133.137 170.902 78.6363
internal_count=11045 6236 5032 4809 4149 2562
is_linear=0
shrinkage=0.05


Tree=27
num_leaves=7
num_cat=0
split_feature=68 67 66 25 28 64
split_gain=38.1382 26.4746 18.8135 14.1914 17.6604 18.8129
threshold=-0.56384353506694296 1.0717579656017164 -0.38982052139748069 -0.5177884100677016 0.86118549263533584 1.0000000180025095e-35
decision_type=2 2 2 2 2 2
left_child=1 -1 3 -2 5 -5
right_child=2 -3 -4 4 -6 -7
leaf_value=0.032444231506075151 -0.041471501909204206 -0.019717616989529584 0.013473103026659702 -0.018566909234905504 -0.047232679947539831 0.022955408765243785
leaf_weight=99.241909381351434 53.924094575457275 29.686200315132737 49.727250394877046 65.368900411762297 24.150521264411509 42.409740084782243
leaf_count=2334 2189 973 1470 1981 975 1064
internal_value=-0.00132529 0.0202585 -0.0132438 -0.0204927 -0.0111866 -0.00204913
internal_weight=364.509 128.928 235.581 185.853 131.929 107.779
internal_count=10986 3307 7679 6209 4020 3045
is_linear=0
shrinkage=0.05


Tree=28
num_leaves=7
num_cat=0
split_feature=68 63 29 28 19 12
split_gain=31.5914 22.9559 22.5427 20.9231 15.1507 10.1105
threshold=-0.13939061935172001 1.0000000180025095e-35 0.12687656433058561 -1.146864792993308 0.23608662519334925 -0.34380846237869511
decision_type=2 2 2 2 2 2
left_child=2 5 3 -1 -4 -2
right_child=1 -3 4 -5 -6 -7
leaf_value=-0.020418513179892482 -0.023476689356184521 -0.04142833174875498 -0.039127703234943606 0.028686578654810176 0.0037435738702812867 0.018954799023857341
leaf_weight=23.478399323299527 19.838822966441512 61.429157765582204 26.706432553939521 136.03666369698476 65.824964220402762 33.518664634320885
leaf_count=713 763 2412 1099 3242 1812 978
internal_value=8.105e-05 -0.0213366 0.0099713 0.0212155 -0.00947011 0.00276847
internal_weight=366.833 114.787 252.046 159.515 92.5314 53.3575
internal_count=11019 4153 6866 3955 2911 1741
is_linear=0
shrinkage=0.05


Tree=29
num_leaves=7
num_cat=0
split_feature=67 63 26 5 25 41
split_gain=30.1883 22.634 13.9227 11.5743 11.5404 9.59815
threshold=0.1461759860764443 1.0000000180025095e-35 0.13727703962810381 0.26464169595545345 0.20344525052869036 1.0000000180025095e-35
decision_type=2 2 2 2 2 2
left_child=1 2 -1 -3 -2 -6
right_child=4 3 -4 -5 5 -7
leaf_value=0.031109326948626628 -0.042543503855081356 0.0029693284694530522 -0.014481025389053116 -0.031787916885431255 0.024975257723772074 -0.019074971500340827
leaf_weight=110.36937613727059 39.094802523963153 117.26749915280379 17.832993027754128 26.970803556963801 14.051656142808495 43.132670213468373
leaf_count=2821 1782 3086 558 1005 290 1501
internal_value=0.00103464 0.00954676 0.0245816 -0.00404511 -0.0226127 -0.00754532
internal_weight=368.72 272.441 128.202 144.238 96.2791 57.1843
internal_count=11043 7470 3379 4091 3573 1791
is_linear=0
shrinkage=0.05


Tree=30
num_leaves=7
num_cat=0
split_feature=68 12 32 66 21 67
split_gain=34.1414 20.7195 11.0381 10.2272 8.38884 8.16774
threshold=0.28618609250272958 0.65947444826640644 -0.5267085175254731 1.1632206283659448 -1.5829283133922332 0.19547555137749009
decision_type=2 2 2 2 2 2
left_child=1 2 4 -4 -1 -3
right_child=-2 5 3 -5 -6 -7
leaf_value=0.020364160475174489 -0.031082803801980259 0.029213549397151733 -0.0024710621746348764 0.032717776787559896 -0.034172381377154191 -0.0046374718520358314
leaf_weight=6.5510897077620021 66.649849283508956 100.18567265570164 113.51743617560714 22.147890434833243 34.965240947902203 20.629426718689501
leaf_count=147 2717 2319 3167 608 1517 590
internal_value=0.000467636 0.00776366 -0.00315238 0.00385721 -0.0247743 0.0234611
internal_weight=364.647 297.997 177.182 135.665 41.5163 120.815
internal_count=11065 8348 5439 3775 1664 2909
is_linear=0
shrinkage=0.05


Tree=31
num_leaves=7
num_cat=0
split_feature=68 63 67 22 26 32
split_gain=28.1913 21.9736 19.49 18.6562 15.2706 13.6386
threshold=-0.28308994306744079 1.0000000180025095e-35 1.7230677156352538 -0.84811675961908639 -0.30066789930567189 -0.61077758102940571
decision_type=2 2 2 2 2 2
left_child=2 5 3 -1 -5 -2
right_child=1 -3 -4 4 -6 -7
leaf_value=-0.020614587748123882 -0.027509991494292597 -0.033474912094290703 -0.050459602220638805 0.03301077921677957 0.0014900293916695747 0.017051416550108785
leaf_weight=28.130605426151305 21.798703838139772 82.455044011585414 9.0031374832615239 105.62886415608227 59.909044954692945 53.01345561305061
leaf_count=905 882 3133 395 2449 1774 1482
internal_value=-0.000428342 -0.0161462 0.0118258 0.0154469 0.0218328 0.00350712
internal_weight=359.939 157.267 202.672 193.669 165.538 74.8122
internal_count=11020 5497 5523 5128 4223 2364
is_linear=0
shrinkage=0.05


Tree=32
num_leaves=7
num_cat=0
split_feature=24 26 19 63 29 29
split_gain=25.8617 26.3672 17.2073 13.894 14.7831 9.74897
threshold=-0.065966960353841766 -0.78917598290629309 -1.1302158122426615 1.0000000180025095e-35 -0.5826383941652894 1.1352512969435706
decision_type=2 2 2 2 2 2
left_child=1 -1 -2 5 -5 -4
right_child=2 -3 3 4 -6 -7
leaf_value=0.013368935418518827 -0.052987244113757652 -0.031002692801518534 0.030827970257354939 0.025449854032968136 -0.013534641477392639 -0.016641513045332221
leaf_weight=47.287674250081182 7.4123211672995231 101.08457437809557 92.911442887736484 34.108416329137981 67.54959588451311 10.293227309361098
leaf_count=1275 356 4222 2388 671 1938 299
internal_value=-0.00104842 -0.0168763 0.0100957 0.01311 -9.99418e-05 0.0257572
internal_weight=360.647 148.372 212.275 204.863 101.658 103.205
internal_count=11149 5497 5652 5296 2609 2687
is_linear=0
shrinkage=0.05


Tree=33
num_leaves=7
num_cat=0
split_feature=26 66 41 30 29 58
split_gain=27.5634 20.5944 14.7608 12.8189 10.9668 16.7424
threshold=0.015213229383319858 -0.38982052139748069 1.0000000180025095e-35 -1.1601229341629502 -0.5826383941652894 -0.016554740172796543
decision_type=2 2 2 2 2 2
left_child=1 3 -2 -1 -5 -6
right_child=2 -3 -4 4 5 -7
leaf_value=-0.038150088685926814 0.016575745767424779 0.028735439616116451 -0.032285236051711554 0.018436467753955833 -0.016300527237131428 0.038223997382910213
leaf_weight=18.467120675370097 17.029880895279348 76.132003076607361 79.788112727692351 64.700545456493273 83.527036006562412 13.896195404697208
leaf_count=777 438 2199 3223 1498 2645 263
internal_value=-0.00112846 0.00746366 -0.0234509 -0.00182694 0.00292849 -0.00761374
internal_weight=353.541 256.723 96.818 180.591 162.124 97.4232
internal_count=11043 7382 3661 5183 4406 2908
is_linear=0
shrinkage=0.05


Tree=34
num_leaves=7
num_cat=0
split_feature=68 32 26 66 58 63
split_gain=27.0092 20.1371 15.3065 14.3404 10.6001 10.418
threshold=0.34965614401810613 -0.58275455986142821 -0.70309651936610862 0.25635549782830575 -0.22263826968646502 1.0000000180025095e-35
decision_type=2 2 2 2 2 2
left_child=1 2 -1 4 -3 -2
right_child=5 3 -4 -5 -6 -7
leaf_value=0.0096420642245455355 -0.0060685013152366098 0.00089837934347358035 -0.041855897276675776 0.035198644789130443 0.032799147770839782 -0.048231643947964586
leaf_weight=23.525420766090974 27.291947773657739 160.93401042255573 30.835636424832046 52.155812993180007 28.109675619751215 31.290256340056658
leaf_count=690 1002 4284 1442 1532 567 1479
internal_value=0.000310499 0.00652663 -0.0202308 0.0127316 0.00608011 -0.0298414
internal_weight=354.143 295.561 54.3611 241.199 189.044 58.5822
internal_count=10996 8515 2132 6383 4851 2481
is_linear=0
shrinkage=0.05


Tree=35
num_leaves=7
num_cat=0
split_feature=68 67 22 63 26 24
split_gain=25.1508 17.333 16.1245 15.7623 14.3263 11.6703
threshold=-0.31543572759644767 1.7435513378378011 -0.95098543527213886 1.0000000180025095e-35 -0.3136005304131404 -0.5498632614166542
decision_type=2 2 2 2 2 2
left_child=1 2 -1 5 -4 -2
right_child=3 -3 4 -5 -6 -7
leaf_value=-0.022376365387021618 -0.025050257504796669 -0.052680379395300951 0.031658360915492158 -0.028487528492975523 0.0010067408954082199 0.015299517803021396
leaf_weight=22.395692336838692 23.499402855522931 6.9704631473869076 104.36078992264811 87.273485145531595 59.423012037063017 52.443564791232347
leaf_count=746 945 334 2436 3338 1811 1487
internal_value=-5.29437e-05 0.0120734 0.0152947 -0.0143621 0.0207557 0.00233641
internal_weight=356.366 193.15 186.179 163.216 163.784 75.943
internal_count=11097 5327 4993 5770 4247 2432
is_linear=0
shrinkage=0.05


Tree=36
num_leaves=7
num_cat=0
split_feature=68 67 63 58 29 66
split_gain=21.7921 15.3033 14.971 17.2792 14.5863 10.2496
threshold=-0.13939061935172001 1.7435513378378011 1.0000000180025095e-35 -0.14609322738197869 1.2580504933143699 0.25635549782830575
decision_type=2 2 2 2 2 2
left_child=1 4 -2 -4 5 -1
right_child=2 -3 3 -5 -6 -7
leaf_value=0.0075045834427804438 0.00072138523122316882 -0.048858048992964177 -0.045626521922369961 0.031380869682687988 -0.032731821228970191 0.03290136926020968
leaf_weight=169.18188689975068 51.340395170962438 8.538890862837432 50.766156574711204 6.2735451534390441 15.49949184595607 50.102077298564836
leaf_count=4432 1762 402 2268 145 587 1495
internal_value=-0.000713149 0.00759166 -0.0190604 -0.036012 0.0102352 0.013673
internal_weight=351.702 243.322 108.38 57.0397 234.783 219.284
internal_count=11091 6916 4175 2413 6514 5927
is_linear=0
shrinkage=0.05


Tree=37
num_leaves=7
num_cat=0
split_feature=68 67 24 25 26 23
split_gain=23.0633 15.9485 14.3794 13.7046 12.0823 7.83473
threshold=-0.56872960523748783 1.0877282473189567 -0.5498632614166542 -0.77861198945663179 -0.91968043300449553 1.40939079661318
decision_type=2 2 2 2 2 2
left_child=1 -1 4 -4 -2 -5
right_child=2 -3 3 5 -6 -7
leaf_value=0.026634085001318333 0.015798878966747292 -0.015173502544060741 -0.041471461656250111 0.0059436040270625544 -0.039772769105936107 -0.038742373400221783
leaf_weight=93.508690383983776 10.264425903093068 27.702467643655837 16.53341640625149 143.18981504091062 50.223649733699858 7.5296352733857921
leaf_count=2317 268 964 738 4081 2376 333
internal_value=-0.00043148 0.0169434 -0.00977901 -0.00205064 -0.0300417 0.00299865
internal_weight=348.952 121.211 227.741 167.253 60.4881 150.719
internal_count=11077 3281 7796 5152 2644 4414
is_linear=0
shrinkage=0.05


Tree=38
num_leaves=7
num_cat=0
split_feature=68 63 67 58 22 22
split_gain=20.8284 17.2705 15.6146 14.6394 14.0563 15.7357
threshold=-0.13939061935172001 1.0000000180025095e-35 1.7230677156352538 -0.1814218607212261 -1.4912016868033175 1.0666834678622779
decision_type=2 2 2 2 2 2
left_child=2 -2 4 -3 -1 -6
right_child=1 3 -4 -5 5 -7
leaf_value=-0.030599635421692941 0.0027738437110708201 -0.045698165755222203 -0.048848341771737941 0.027679896414365898 0.018705901154319728 -0.02307612014145808
leaf_weight=16.40450402116403 50.365020895376801 49.663750050589442 8.6857860013842565 5.7776141958311191 192.60845974378753 22.894434450892732
leaf_count=575 1729 2286 421 141 5122 795
internal_value=-0.000339896 -0.0185251 0.00778711 -0.037023 0.0105051 0.0140112
internal_weight=346.4 105.806 240.593 55.4414 231.907 215.503
internal_count=11069 4156 6913 2427 6492 5917
is_linear=0
shrinkage=0.05


Tree=39
num_leaves=7
num_cat=0
split_feature=68 63 28 30 68 22
split_gain=16.8464 17.0068 13.6841 10.8601 10.7606 9.89464
threshold=-0.56384353506694296 1.0000000180025095e-35 0.47969114851803935 0.61977352880995584 0.34965614401810613 -1.0093745675171861
decision_type=2 2 2 2 2 2
left_child=3 2 -2 5 -3 -1
right_child=1 4 -4 -5 -6 -7
leaf_value=-0.015642178795217301 0.016705957372481504 -0.011995381549349291 -0.022634499030560029 -0.010055868431091117 -0.046508744605999741 0.030008786836966634
leaf_weight=12.068096918519585 77.605980765074492 90.692796922288835 27.587308296235278 31.284575670491904 28.710826617665589 75.100799686624669
leaf_count=397 2269 2933 1041 947 1497 1938
internal_value=-0.000523591 -0.00854335 0.00604725 0.0145179 -0.0212307 0.0233785
internal_weight=343.05 224.597 105.193 118.453 119.404 87.1689
internal_count=11022 7740 3310 3282 4430 2335
is_linear=0
shrinkage=0.05


Tree=40
num_leaves=7
num_cat=0
split_feature=68 15 30 28 22 64
split_gain=17.7997 15.8981 11.3477 10.6551 11.7989 10.1184
threshold=0.39832140291673163 -0.06437215837296513 0.91130829429689741 0.86118549263533584 -0.92978369258582594 1.0000000180025095e-35
decision_type=2 2 2 2 2 2
left_child=1 2 3 4 -1 -2
right_child=5 -3 -4 -5 -6 -7
leaf_value=-0.0079760769753331323 -0.040510132564899104 -0.012969269033492376 -0.012845397780240768 -0.013027402867600091 0.028699405344470953 0.0037239646661794933
leaf_weight=25.078355923993513 34.386198912747204 82.463694918085821 34.188593267230317 22.379066339461133 125.47381303925067 19.04125654604286
leaf_count=739 1666 2938 1100 742 3059 735
internal_value=0.000329471 0.00528546 0.0126349 0.0178055 0.0225537 -0.0253855
internal_weight=343.011 289.584 207.12 172.931 150.552 53.4275
internal_count=10979 8578 5640 4540 3798 2401
is_linear=0
shrinkage=0.05


Tree=41
num_leaves=7
num_cat=0
split_feature=67 68 24 25 63 26
split_gain=20.5838 15.8269 15.5132 11.7652 9.23927 9.14192
threshold=0.19547555137749009 -0.56872960523748783 0.56528877424860757 -0.5177884100677016 1.0000000180025095e-35 -0.92719362460378452
decision_type=2 2 2 2 2 2
left_child=1 -1 -2 5 -5 -3
right_child=2 3 -4 4 -6 -7
leaf_value=0.023941536597606578 -0.030666658718071366 0.019104156176893691 0.024983517484063262 0.02162652710577944 -0.0054649380462744 -0.031252427801834112
leaf_weight=86.977062755846418 69.046020925976336 9.1550732403993589 12.789580765180288 53.10405216854997 69.559951692586765 41.175908217206597
leaf_count=2179 3142 238 271 1533 2029 1664
internal_value=2.22323e-05 0.00693076 -0.0213935 -0.0018841 0.00649987 -0.0215333
internal_weight=341.808 259.972 81.8356 172.995 122.664 50.331
internal_count=11056 7643 3413 5464 3562 1902
is_linear=0
shrinkage=0.05


Tree=42
num_leaves=7
num_cat=0
split_feature=22 63 68 58 26 24
split_gain=18.2239 16.6351 14.2453 15.1675 9.19342 10.1155
threshold=1.0826950654601419 1.0000000180025095e-35 -0.17403285686088199 0.71945927922123298 -0.38773183518057641 -0.16294229266687152
decision_type=2 2 2 2 2 2
left_child=1 4 -3 -4 -1 -6
right_child=-2 2 3 -5 5 -7
leaf_value=0.025966836149667341 -0.032196016624426851 0.003888440973957795 -0.036794266970077545 0.039632624396404199 -0.025181031235691095 0.014405594098559649
leaf_weight=89.033089283620939 35.180478303926066 98.574353205272928 47.132467866875231 4.9570257971063247 20.914323802571744 46.666549422661774
leaf_count=2488 1469 2717 2139 98 954 1232
internal_value=0.000404025 0.00441164 -0.00738146 -0.027759 0.0156822 0.00160509
internal_weight=342.458 307.278 150.664 52.0895 156.614 67.5809
internal_count=11097 9628 4954 2237 4674 2186
is_linear=0
shrinkage=0.05


Tree=43
num_leaves=7
num_cat=0
split_feature=25 13 29 42 25 30
split_gain=16.1991 15.2798 12.3248 13.1882 6.9343 6.79598
threshold=-0.43644811371361364 -1.0057237052251391 0.044271753330688925 1.0000000180025095e-35 0.92855225857051538 0.91130829429689741
decision_type=2 2 2 2 2 2
left_child=1 -1 -2 4 -4 -6
right_child=2 -3 3 -5 5 -7
leaf_value=0.010118408705148647 0.018171919816663728 -0.030263720109333671 -0.022566424884326006 0.035330938311474179 0.020685471976915067 -0.013340598643216557
leaf_weight=33.063793910201639 112.63748124870472 68.327613616944291 55.813312030630186 15.082082855049519 23.907958407653496 29.337058471748605
leaf_count=948 2943 3040 2281 273 607 1002
internal_value=-0.000748944 -0.0171827 0.00641516 -0.00442929 -0.0107265 0.00222612
internal_weight=338.169 101.391 236.778 124.14 109.058 53.245
internal_count=11094 3988 7106 4163 3890 1609
is_linear=0
shrinkage=0.05


Tree=44
num_leaves=7
num_cat=0
split_feature=12 30 28 11 28 0
split_gain=18.0623 12.2972 13.0283 11.04 9.78734 6.75618
threshold=-0.54888266012461695 0.926652229322526 -1.2060178485980126 -2.1684413241076936 0.83751814688873327 -0.026722934658047759
decision_type=2 2 2 2 2 2
left_child=3 2 -2 -1 -4 -3
right_child=1 5 4 -5 -6 -7
leaf_value=0.015861907446045851 -0.020493785787186695 -0.044468858093682596 0.020714968663024615 -0.028160664098430894 -0.010956467274783962 -0.0030278566714075565
leaf_weight=15.676073776325209 25.359132734127343 12.288695154711602 159.47783635335509 68.884163159411401 26.759895862312987 28.939959221286699
leaf_count=431 812 559 4359 3152 927 852
internal_value=-0.000135652 0.00657438 0.0114562 -0.0197358 0.0160627 -0.0175583
internal_weight=337.386 252.826 211.597 84.5602 186.238 41.2287
internal_count=11092 7509 6098 3583 5286 1411
is_linear=0
shrinkage=0.05


Tree=45
num_leaves=7
num_cat=0
split_feature=24 67 25 28 22 13
split_gain=17.2283 14.5603 13.4601 9.87618 10.3919 9.39646
threshold=0.020947623197511315 1.183202757585067 -0.77861198945663179 -0.98290795408896459 0.72857146607528944 -0.90634688908722671
decision_type=2 2 2 2 2 2
left_child=1 5 -2 -4 -5 -1
right_child=2 -3 3 4 -6 -7
leaf_value=0.014928455890273537 -0.031108290674128031 -0.038590282978663425 -0.018694975652745159 0.024993019365991319 -0.006734404616134418 -0.013880391623636582
leaf_weight=43.081092660315335 14.853198756696655 35.302390802651644 17.450295833870769 125.04202725412324 30.943058338831179 70.564071974717081
leaf_count=1146 671 1868 510 3171 901 2806
internal_value=0.000654227 -0.0119204 0.0106325 0.0146754 0.0186909 -0.00285634
internal_weight=337.236 148.948 188.289 173.435 155.985 113.645
internal_count=11073 5820 5253 4582 4072 3952
is_linear=0
shrinkage=0.05


Tree=46
num_leaves=7
num_cat=0
split_feature=24 13 63 23 67 28
split_gain=14.8961 10.8076 9.83089 10.0542 7.5674 6.4233
threshold=-0.15230297049398042 -0.96722641667013909 1.0000000180025095e-35 -0.40215205605785215 0.78550802482205151 -1.2060178485980126
decision_type=2 2 2 2 2 2
left_child=1 4 5 -4 -1 -2
right_child=2 -3 3 -5 -6 -7
leaf_value=0.016379359064521544 -0.016304396248306426 -0.024065253234668731 0.015398833852934214 -0.015465862502529957 -0.03372551833774462 0.022579993030069825
leaf_weight=34.619483207119629 9.7877309166360629 82.849655186291784 41.309258405584842 62.405591290444136 6.5021411925554267 92.795131432125345
leaf_count=909 282 3837 995 2023 309 2637
internal_value=-0.000434967 -0.0139423 0.00776556 -0.00308526 0.00670235 0.0185121
internal_weight=330.269 123.971 206.298 103.715 41.1216 102.583
internal_count=10992 5055 5937 3018 1218 2919
is_linear=0
shrinkage=0.05


Tree=47
num_leaves=7
num_cat=0
split_feature=12 58 30 68 22 22
split_gain=16.2538 12.604 11.5791 9.14747 7.65813 7.54184
threshold=0.64566148826083658 -0.19908568249502517 0.42030237347678528 -0.15624756144009913 -1.4912016868033175 0.81306702811523401
decision_type=2 2 2 2 2 2
left_child=1 3 -2 4 -1 -3
right_child=2 5 -4 -5 -6 -7
leaf_value=-0.043789428952656057 0.023142957033034511 0.033050084175104293 -0.0073512792332375218 -0.031356483599972548 -0.0023751196872060423 -0.032669244912039125
leaf_weight=9.4807265098206681 85.641735193552449 20.808426376432184 46.168742075096816 53.237435554154217 109.88174565206282 2.8231531177880234
leaf_count=419 2257 522 1438 2690 3544 126
internal_value=-0.000880337 -0.00994525 0.012536 -0.0146813 -0.00665753 0.0224032
internal_weight=328.042 196.231 131.81 172.6 119.362 23.6316
internal_count=10996 7301 3695 6653 3963 648
is_linear=0
shrinkage=0.05


Tree=48
num_leaves=7
num_cat=0
split_feature=12 22 10 66 29 41
split_gain=15.956 11.4911 10.2761 9.94319 8.03017 9.58349
threshold=-0.54888266012461695 -1.0954531238091072 0.23815758083571417 0.25635549782830575 -0.4656467515743164 1.0000000180025095e-35
decision_type=2 2 2 2 2 2
left_child=2 -2 -1 4 -3 -6
right_child=1 3 -4 -5 5 -7
leaf_value=-0.0046403987014059364 -0.023248404946801485 0.019155406451211519 -0.04044685606160521 0.02896209342919126 0.026604753536324396 -0.009915726359855194
leaf_weight=50.12383017828688 27.36060852650553 54.28890064265579 31.418919769814238 48.169947356800549 18.827161576366052 99.388495751889423
leaf_count=1853 956 1235 1723 1577 397 3292
internal_value=-0.000600334 0.00573225 -0.0193825 0.00958907 0.00377678 -0.00358493
internal_weight=329.578 248.035 81.5427 220.675 172.505 118.216
internal_count=11033 7457 3576 6501 4924 3689
is_linear=0
shrinkage=0.05


Tree=49
num_leaves=7
num_cat=0
split_feature=12 30 58 26 24 25
split_gain=13.9947 12.4791 9.30354 8.46597 7.60464 6.06681
threshold=-0.54888266012461695 0.91130829429689741 -0.22852604531245646 0.44462607474952281 0.041760194517592893 -0.50761405374976898
decision_type=2 2 2 2 2 2
left_child=3 2 4 5 -2 -1
right_child=1 -3 -4 -5 -6 -7
leaf_value=-0.017060531198196418 -0.007092405733113114 -0.018914435875731373 0.034427645402167924 -0.040203386763863667 0.014005410996270685 0.016438385996921791
leaf_weight=37.976017361390404 67.702986066695303 40.310385129181668 31.425624293740839 25.516735994024202 106.32516939565539 17.388914546580054
leaf_count=1620 2465 1429 760 1417 2796 509
internal_value=-0.000347918 0.0056105 0.0106253 -0.0180061 0.00581653 -0.00623511
internal_weight=326.646 245.764 205.454 80.8817 174.028 55.3649
internal_count=10996 7450 6021 3546 5261 2129
is_linear=0
shrinkage=0.05


Tree=50
num_leaves=7
num_cat=0
split_feature=58 66 15 29 42 25
split_gain=12.0885 10.134 7.94183 7.79724 8.31704 4.86907
threshold=1.6733363385475111 1.1632206283659448 -0.21587935222174667 -0.39037779798051603 1.0000000180025095e-35 -0.50761405374976898
decision_type=2 2 2 2 2 2
left_child=1 2 3 -1 -5 -4
right_child=-2 -3 5 4 -6 -7
leaf_value=0.013710768588495842 0.032920706385798387 0.017048407669077049 -0.030185269257595765 -0.014260259270667142 0.024441347449749198 -0.0070115087014608283
leaf_weight=59.631015928462148 22.443961259908974 49.799478149274364 43.20230240537785 88.615382647141814 13.560240336460991 49.209729580208659
leaf_count=1476 568 1662 2029 3240 269 1772
internal_value=-0.000200032 -0.00294294 -0.00701226 -0.000260822 -0.00857332 -0.0184536
internal_weight=326.462 304.018 254.219 161.807 102.176 92.412
internal_count=11016 10448 8786 4985 3509 3801
is_linear=0
shrinkage=0.05


Tree=51
num_leaves=7
num_cat=0
split_feature=12 2 22 22 30 25
split_gain=13.0509 9.31714 9.22997 7.81605 9.22603 6.89126
threshold=-0.54888266012461695 -1.3901621046606691 -1.0954531238091072 1.0826950654601419 0.80390074911749798 -0.5177884100677016
decision_type=2 2 2 2 2 2
left_child=1 -1 -2 4 -4 -3
right_child=2 5 3 -5 -6 -7
leaf_value=0.014204461359216915 -0.019712136579644542 -0.040507376397817929 0.018041491040585219 -0.017408516291094606 -0.0084706377873062979 -0.0071479007150157606
leaf_weight=16.826423901831731 27.991942817345262 32.724204445607029 156.77652619243599 21.592288760934025 39.370831753127277 30.057013512589037
leaf_count=476 972 1825 4408 778 1260 1239
internal_value=0.000252506 -0.0169689 0.00596895 0.00949346 0.0126725 -0.0255906
internal_weight=325.339 79.6076 245.732 217.74 196.147 62.7812
internal_count=10958 3540 7418 6446 5668 3064
is_linear=0
shrinkage=0.05


Tree=52
num_leaves=7
num_cat=0
split_feature=24 25 27 2 28 22
split_gain=14.5367 13.7226 12.1295 10.7683 7.39396 6.7226
threshold=-0.4495932749564302 -0.77861198945663179 -0.57946212909832973 1.2389413922188901 -1.2060178485980126 1.0826950654601419
decision_type=2 2 2 2 2 2
left_child=2 -2 -1 4 -3 -6
right_child=1 3 -4 -5 5 -7
leaf_value=-0.00080495561355163874 -0.029991694760745986 -0.01548759023562413 -0.03764728924411917 -0.02046022027815779 0.020215826223736744 -0.012758546614677239
leaf_weight=51.078498078742996 20.459658576524816 16.789839179487899 36.893652707338333 22.649882127996534 161.14455495239235 15.051288470160214
leaf_count=1703 959 482 2164 888 4334 495
internal_value=2.35329e-05 0.0064958 -0.0169878 0.0103218 0.0141924 0.0172326
internal_weight=324.067 236.095 87.9722 215.636 192.986 176.196
internal_count=11025 7158 3867 6199 5311 4829
is_linear=0
shrinkage=0.05


Tree=53
num_leaves=7
num_cat=0
split_feature=22 15 68 67 22 21
split_gain=12.0835 11.5277 11.7713 7.23217 6.28328 6.16711
threshold=1.4370781720994164 -0.044953195945968104 0.27406863847977853 1.7435513378378011 -0.92978369258582594 1.8105475057582046
decision_type=2 2 2 2 2 2
left_child=1 2 3 4 -1 -6
right_child=-2 -3 -4 -5 5 -7
leaf_value=-0.0065267555211326314 -0.042538876506112107 -0.012941141848353205 -0.015914175888490766 -0.036776072024204673 0.021016682630830442 -0.025006569566670203
leaf_weight=26.791589630767703 12.69828478200361 85.451216117944568 38.716441667173058 4.1466675493866196 150.58880302414764 5.198141776258125
leaf_count=804 668 3502 1657 212 4003 230
internal_value=0.000273495 0.002412 0.00832496 0.013523 0.0152414 0.0190376
internal_weight=323.591 310.893 225.442 186.725 182.579 155.787
internal_count=11076 10408 6906 5249 5037 4233
is_linear=0
shrinkage=0.05


Tree=54
num_leaves=7
num_cat=0
split_feature=32 58 26 42 34 26
split_gain=13.3937 10.439 9.54312 15.2466 10.9975 7.8262
threshold=-0.58275455986142821 -0.016554740172796543 -0.3074892704555347 1.0000000180025095e-35 1.0000000180025095e-35 -0.77921505954581527
decision_type=2 2 2 2 2 2
left_child=5 2 4 -4 -2 -1
right_child=1 -3 3 -5 -6 -7
leaf_value=0.0046485766704659282 -0.028726389178232073 0.030314394690204857 -0.019451382084745679 0.032795484013982266 0.014687199174821709 -0.031969971465646486
leaf_weight=20.878506744513288 13.691852211253716 33.510155479190871 78.232464687665924 14.04072398226708 122.87782982061617 40.680507612414658
leaf_count=676 531 864 3018 259 3347 2338
internal_value=0.000518155 0.00548271 0.00150132 -0.0107189 0.00981084 -0.0199114
internal_weight=323.912 262.353 228.843 92.2732 136.57 61.559
internal_count=11033 8019 7155 3277 3878 3014
is_linear=0
shrinkage=0.05


Tree=55
num_leaves=7
num_cat=0
split_feature=68 28 67 25 20 64
split_gain=11.5605 10.0783 9.36648 8.62132 8.86137 8.64849
threshold=-0.56872960523748783 0.61061167945267447 1.7152561647952993 -0.50761405374976898 -0.83941211078901634 1.0000000180025095e-35
decision_type=2 2 2 2 2 2
left_child=2 3 -1 4 -2 -5
right_child=1 -3 -4 5 -6 -7
leaf_value=0.016589229501370418 0.01580337395678948 -0.026338666245101967 -0.035976186900897822 -0.0035732945651635326 -0.030039541055407532 0.02445491070054338
leaf_weight=104.56240569724469 12.319704676978288 48.339508746750653 6.4004154866561285 75.02747100405395 35.77370488201268 39.90157234040089
leaf_count=2961 325 2220 318 2516 1711 1057
internal_value=-0.000179298 -0.00701858 0.01269 -0.00091736 -0.0180579 0.00653222
internal_weight=322.325 211.362 110.963 163.022 48.0934 114.929
internal_count=11108 7829 3279 5609 2036 3573
is_linear=0
shrinkage=0.05


Tree=56
num_leaves=7
num_cat=0
split_feature=68 28 67 12 12 58
split_gain=11.3077 9.82686 8.78042 7.98856 5.51569 4.90118
threshold=-0.56872960523748783 -1.2060178485980126 1.7152561647952993 -0.54888266012461695 0.88408931681058578 2.568305947864395
decision_type=2 2 2 2 2 2
left_child=1 4 -3 -2 -1 -5
right_child=3 2 -4 5 -6 -7
leaf_value=-0.046374507287800674 -0.022504403559705875 0.02194141299743629 -0.031121351557559615 -0.003075653047152526 0.013825227868569193 0.032261297537449767
leaf_weight=7.4478558318223786 55.352521328954026 93.46904438798083 5.8791092978790394 148.3289494861383 4.2384628402069211 7.4946681514848015
leaf_count=327 2785 2599 289 4933 81 136
internal_value=4.87194e-05 0.0127672 0.0179811 -0.00672368 -0.0261768 -0.000798771
internal_weight=322.211 111.034 99.3482 211.176 11.6863 155.824
internal_count=11150 3296 2888 7854 408 5069
is_linear=0
shrinkage=0.05


Tree=57
num_leaves=7
num_cat=0
split_feature=68 63 22 22 18 61
split_gain=10.2449 9.23958 9.07842 9.64221 7.40723 6.60361
threshold=0.27406863847977853 1.0000000180025095e-35 1.1664640071877033 -1.2688818219396192 -0.27723674073680349 1.0000000180025095e-35
decision_type=2 2 2 2 2 2
left_child=2 4 3 -1 -2 -5
right_child=1 -3 -4 5 -6 -7
leaf_value=-0.019280900441467672 -0.024952323396872027 -0.037846338669811477 -0.023836620727554627 0.0069441380840302774 0.021278354399696414 0.029382687598444229
leaf_weight=26.560851447749883 12.192001450806858 26.685777940321714 22.211291224462911 178.11363075324334 17.181552908848971 38.152726995758712
leaf_count=944 662 1573 906 5095 500 1433
internal_value=0.000687448 -0.0181706 0.00483492 0.00771638 0.00155542 0.0112505
internal_weight=321.098 56.0593 265.039 242.827 29.3736 216.266
internal_count=11113 2735 8378 7472 1162 6528
is_linear=0
shrinkage=0.05


Tree=58
num_leaves=7
num_cat=0
split_feature=30 13 18 63 28 23
split_gain=10.3766 10.1806 11.4519 8.15783 6.17591 6.77531
threshold=-1.1754668691885788 -1.0330095526400453 -0.35395816738868952 1.0000000180025095e-35 -1.2060178485980126 1.3139611261503619
decision_type=2 2 2 2 2 2
left_child=-1 -2 -3 4 -4 -6
right_child=1 2 3 -5 5 -7
leaf_value=-0.030027772013105199 0.021033855134662757 -0.021879045221358639 -0.02213459149200982 -0.0070288294581542874 0.022007319344388251 -0.026548082173831256
leaf_weight=24.912234953953885 53.126620877883397 55.485389668494463 8.1962331107351911 90.254674646770582 77.66203420254169 5.372340482659637
leaf_count=1235 1490 2772 265 2856 2240 223
internal_value=-0.000904367 0.00187837 -0.00262538 0.0035211 0.0138497 0.0180496
internal_weight=315.01 290.097 236.971 181.485 91.2306 83.0344
internal_count=11081 9846 8356 5584 2728 2463
is_linear=0
shrinkage=0.05


Tree=59
num_leaves=7
num_cat=0
split_feature=61 32 22 67 22 4
split_gain=10.3337 8.9411 6.7518 7.8638 7.13664 7.0228
threshold=1.0000000180025095e-35 -0.89100779270918107 1.1462743427936377 -1.1592556722930141 -1.847920358732394 1.1311266167579233
decision_type=2 2 2 2 2 2
left_child=1 -1 3 -3 -5 -6
right_child=-2 2 -4 4 5 -7
leaf_value=-0.02894006170514235 0.019256784674878055 -0.026151412918470448 -0.027364014530220027 -0.034003958843031666 0.010156724784547086 -0.02431717667035898
leaf_weight=29.058752770302817 54.180004993919283 19.432745466940105 18.650106122717261 8.1050623119808716 171.88808371126652 13.29561986052431
leaf_count=1725 1919 732 824 368 4807 634
internal_value=-1.0549e-05 -0.00419258 -0.000753808 0.00192731 0.00510682 0.0073334
internal_weight=314.61 260.43 231.372 212.722 193.289 185.184
internal_count=11009 9090 7365 6541 5809 5441
is_linear=0
shrinkage=0.05


Tree=60
num_leaves=7
num_cat=0
split_feature=66 22 34 41 27 22
split_gain=10.33 8.01721 8.63231 9.01932 6.88578 10.2676
threshold=2.3078284732649474 1.0666834678622779 1.0000000180025095e-35 1.0000000180025095e-35 -0.30348931545638486 -0.76024760327165075
decision_type=2 2 2 2 2 2
left_child=1 2 -1 -4 5 -5
right_child=-2 -3 3 4 -6 -7
leaf_value=-0.022679515599224698 0.024981598565597951 -0.027045363759444153 0.028112740106934594 -0.020025421933424492 -0.0099552067150084304 0.017869742935331914
leaf_weight=34.830905993236229 32.471232799987774 29.404899499146268 28.136780204949901 20.910146535839885 98.209212406072766 70.355995090678334
leaf_count=1475 1185 1389 615 784 3678 1925
internal_value=-0.000467785 -0.00363199 -0.000619171 0.00317219 -0.000911891 0.00882652
internal_weight=314.319 281.848 252.443 217.612 189.475 91.2661
internal_count=11051 9866 8477 7002 6387 2709
is_linear=0
shrinkage=0.05


Tree=61
num_leaves=7
num_cat=0
split_feature=68 67 28 24 68 64
split_gain=10.4479 7.7982 7.16187 6.9706 6.1687 8.12341
threshold=-0.56872960523748783 1.183202757585067 0.86118549263533584 0.13052299868810399 0.32893920649499625 1.0000000180025095e-35
decision_type=2 2 2 2 2 2
left_child=1 -1 4 -3 -2 -6
right_child=2 3 -4 -5 5 -7
leaf_value=0.018053311127864357 0.0013988104448881145 -0.032563391357684789 -0.02901028824894571 0.016372196974540724 -0.035281884555800988 0.0091773077393995529
leaf_weight=82.299782799149398 130.62875649309717 14.405217876657845 31.751152329146862 10.066403493285177 26.58753956342116 14.152171333786098
leaf_count=2316 4159 708 1645 226 1411 575
internal_value=-0.00166389 0.0108143 -0.00828506 -0.0128441 -0.00401203 -0.0202675
internal_weight=309.891 106.771 203.12 24.4716 171.368 40.7397
internal_count=11040 3250 7790 934 6145 1986
is_linear=0
shrinkage=0.05


Tree=62
num_leaves=7
num_cat=0
split_feature=24 26 25 2 58 28
split_gain=9.48889 12.3618 10.2758 6.84769 5.9691 7.13837
threshold=-0.4495932749564302 -0.83579155489981904 -0.77861198945663179 1.262207794846143 -0.063658924764026917 -1.2060178485980126
decision_type=2 2 2 2 2 2
left_child=1 -1 -2 4 5 -4
right_child=2 -3 3 -5 -6 -7
leaf_value=0.010278152487818918 -0.028487456243769266 -0.028977343632752339 -0.023387559207228639 -0.017431295311042549 0.031510153039585251 0.010331895995670099
leaf_weight=29.249744394095615 18.70813741046004 53.177352600032464 14.720632649958132 21.473266748478636 26.667439351556823 144.19853885984048
leaf_count=856 930 2979 463 876 696 4197
internal_value=-0.000964635 -0.0151755 0.00435469 0.00768649 0.0108238 0.00683302
internal_weight=308.195 82.4271 225.768 207.06 185.587 158.919
internal_count=10997 3835 7162 6232 5356 4660
is_linear=0
shrinkage=0.05


Tree=63
num_leaves=7
num_cat=0
split_feature=68 67 5 63 22 58
split_gain=10.3954 9.00753 8.76686 7.8294 6.78064 5.85972
threshold=0.27406863847977853 1.7435513378378011 0.26464169595545345 1.0000000180025095e-35 -1.8046604994201743 2.1856030066540733
decision_type=2 2 2 2 2 2
left_child=1 2 4 -2 -1 -5
right_child=3 -3 -4 5 -6 -7
leaf_value=-0.022561790556992221 -2.8794864716825443e-05 -0.041529814894048028 -0.012472299430305651 -0.04409332317937717 0.013248587777249382 0.024842873554519626
leaf_weight=11.488521874882279 27.279872177634388 7.1775971013121298 46.784176376706455 23.571144608780745 193.86101135460194 1.5575203076004971
leaf_count=414 1130 430 1857 1538 5603 35
internal_value=0.00056681 0.00471824 0.00650765 -0.0191173 0.0109491 -0.0376267
internal_weight=311.72 259.311 252.134 52.4085 205.35 25.1287
internal_count=11007 8304 7874 2703 6017 1573
is_linear=0
shrinkage=0.05


Tree=64
num_leaves=7
num_cat=0
split_feature=67 68 58 63 68 28
split_gain=11.1952 11.5439 8.86735 6.55492 10.9747 8.30042
threshold=1.7640349600403487 -0.56872960523748783 1.367144291829774 1.0000000180025095e-35 -0.13939061935172001 0.47969114851803935
decision_type=2 2 2 2 2 2
left_child=1 -1 3 5 -5 -3
right_child=-2 2 -4 4 -6 -7
leaf_value=0.014869910251090518 -0.047339897459593855 0.010928175263993077 0.02925268121283145 -0.0028047806496237287 -0.036114857503057984 -0.023351405180285115
leaf_weight=104.15284381201491 9.1304658162407559 62.562382618431002 13.989854394225402 58.651490458985791 40.465089115779847 21.183171587297693
leaf_count=3058 627 2060 321 1911 2195 931
internal_value=-0.000238847 0.00164295 -0.0054735 -0.00855951 -0.0170653 0.00174956
internal_weight=310.135 301.005 196.852 182.862 99.1166 83.7456
internal_count=11103 10476 7418 7097 4106 2991
is_linear=0
shrinkage=0.05


Tree=65
num_leaves=7
num_cat=0
split_feature=66 12 58 22 68 21
split_gain=9.24418 7.73937 5.59929 5.09589 3.95953 3.92395
threshold=1.4391883060474175 0.65947444826640644 -0.016554740172796543 0.29355945548696522 0.93085419080440546 -1.4853658835916579
decision_type=2 2 2 2 2 2
left_child=1 2 5 -4 -3 -1
right_child=-2 4 3 -5 -6 -7
leaf_value=0.010508282431687329 0.019669134209768006 0.0091867372242010747 0.032036798819570604 -0.016635761125847019 -0.02766838851368944 -0.016567661602918327
leaf_weight=12.856125972466542 46.542000542336609 98.443997089751065 10.990245169959964 6.3541124714538446 4.9633434657007447 129.57821743527893
leaf_count=413 1687 2593 236 223 226 5739
internal_value=-0.000163867 -0.0038533 -0.0106728 0.0143819 0.00668757 -0.0139574
internal_weight=309.728 263.186 159.779 17.3444 103.407 142.434
internal_count=11117 9430 6611 459 2819 6152
is_linear=0
shrinkage=0.05


Tree=66
num_leaves=7
num_cat=0
split_feature=67 22 23 42 58 66
split_gain=8.36895 8.21614 7.05634 9.89886 7.65343 8.3987
threshold=1.8056965645201057 -1.8046604994201743 -0.52452895830741075 1.0000000180025095e-35 -0.22852604531245646 1.727031700488536
decision_type=2 2 2 2 2 2
left_child=1 -1 -3 4 5 -4
right_child=-2 2 3 -5 -6 -7
leaf_value=-0.030423593225120834 -0.042510877647521629 0.015412919209557686 -0.014583531432663303 0.028586137262452606 0.019292744044420794 0.018750759929278955
leaf_weight=15.024101458955554 7.7658563726581624 93.405750377627555 125.05709614651278 21.474715442280285 23.851262185373344 19.517020543920808
leaf_count=665 538 2826 5096 460 676 660
internal_value=0.000816021 0.00235587 0.00439479 -0.0011801 -0.00540923 -0.00979381
internal_weight=306.096 298.33 283.306 189.9 168.425 144.574
internal_count=10921 10383 9718 6892 6432 5756
is_linear=0
shrinkage=0.05


Tree=67
num_leaves=7
num_cat=0
split_feature=68 67 58 63 68 12
split_gain=8.74196 7.75778 6.73805 6.07307 7.42756 6.05222
threshold=-0.56872960523748783 1.183202757585067 1.8352662523765779 1.0000000180025095e-35 0.18475127576221975 -0.64041527596908565
decision_type=2 2 2 2 2 2
left_child=1 -1 3 5 -5 -2
right_child=2 -3 -4 4 -6 -7
leaf_value=0.018192437286848599 -0.021279770296645489 -0.013272648737295948 0.025980075149861476 -0.0084401701154592189 -0.039121400604576549 0.0080835113215168286
leaf_weight=83.023926267342176 20.378008486237377 22.988352344371378 12.105475729331372 74.440173250855878 25.124363436363637 67.412021629745141
leaf_count=2339 1004 922 287 2607 1666 2245
internal_value=-0.000225897 0.0111919 -0.00637031 -0.00883706 -0.0171002 0.000789709
internal_weight=305.472 106.012 199.46 187.355 99.5645 87.79
internal_count=11070 3261 7809 7522 4273 3249
is_linear=0
shrinkage=0.05


Tree=68
num_leaves=7
num_cat=0
split_feature=25 26 24 2 56 42
split_gain=8.0052 9.72643 8.81203 7.67449 4.83392 4.64436
threshold=-0.50761405374976898 -0.55741613234853471 -0.57475798958252799 1.2854741974733956 1.0000000180025095e-35 1.0000000180025095e-35
decision_type=2 2 2 2 2 2
left_child=1 -1 -2 4 -4 -5
right_child=2 -3 3 5 -6 -7
leaf_value=0.00023551787253179584 -0.022166401569711888 -0.03426765160636739 -0.011146487749429898 -0.030069525102108599 0.014226510073055337 0.023546935959913379
leaf_weight=50.18351740995422 24.751403199043125 31.39871488668723 19.051752653904259 16.213271229062233 155.47383121791063 2.7286791203077874
leaf_count=1847 1297 1878 629 776 4516 55
internal_value=-0.00071168 -0.0137882 0.00429773 0.00797022 0.0113152 -0.0201824
internal_weight=299.801 81.5822 218.219 193.468 174.526 18.942
internal_count=10998 3725 7273 5976 5145 831
is_linear=0
shrinkage=0.05


Tree=69
num_leaves=7
num_cat=0
split_feature=22 22 68 63 29 34
split_gain=9.91007 10.094 7.82629 8.46082 7.31377 6.38487
threshold=1.1664640071877033 -0.89609965096179411 0.41180695658743566 1.0000000180025095e-35 1.2442957606779392 1.0000000180025095e-35
decision_type=2 2 2 2 2 2
left_child=1 -1 4 -4 5 -3
right_child=-2 2 3 -5 -6 -7
leaf_value=-0.018789273440094807 -0.030517769001273454 -0.013381684032838952 0.0080773341544387815 -0.039572202248335207 -0.022532761957475313 0.0154603238308181
leaf_weight=47.689943301258609 23.518620090791956 19.33918717969209 17.147501469124109 15.429591422900556 13.673952066805212 165.44383919850225
leaf_count=1930 1216 697 645 1003 588 4981
internal_value=-0.00130626 0.00145732 0.00582389 -0.0159249 0.00957798 0.0122762
internal_weight=302.243 278.724 231.034 32.5771 198.457 184.783
internal_count=11060 9844 7914 1648 6266 5678
is_linear=0
shrinkage=0.05


Tree=70
num_leaves=7
num_cat=0
split_feature=58 61 22 29 22 30
split_gain=7.4826 6.75886 6.61633 4.63584 6.52293 5.20183
threshold=-0.22263826968646502 1.0000000180025095e-35 0.81306702811523401 -0.36714758286121124 -0.74446956220276672 -1.4670016346755204
decision_type=2 2 2 2 2 2
left_child=1 3 -2 4 -1 -6
right_child=2 -3 -4 -5 5 -7
leaf_value=-0.01906417280971576 0.02677376578341531 0.014041639220978511 -0.024960852531906965 -0.012987151744567322 -0.030180135885898782 0.014261850518188686
leaf_weight=24.086988549679518 35.046477848547511 43.194122583605349 4.9299202895490444 128.3397213506978 4.5280854005832216 60.369527361122891
leaf_count=925 989 1573 201 5550 273 1552
internal_value=-0.000251077 -0.0034036 0.0190968 -0.00701489 0.00174135 0.00996453
internal_weight=300.495 260.518 39.9764 217.324 88.9846 64.8976
internal_count=11063 9873 1190 8300 2750 1825
is_linear=0
shrinkage=0.05


Tree=71
num_leaves=7
num_cat=0
split_feature=66 24 19 27 23 42
split_gain=7.61068 6.51617 8.93875 8.5315 4.79418 6.28843
threshold=2.3078284732649474 -0.5498632614166542 -0.83153888737223014 -1.1622512779158212 -0.52452895830741075 1.0000000180025095e-35
decision_type=2 2 2 2 2 2
left_child=1 3 -3 -1 -4 -6
right_child=-2 2 4 -5 5 -7
leaf_value=0.0048868530688622042 0.02134444398834516 -0.033670405105691477 0.017493637166896829 -0.03157433278707665 -0.0048485879738036381 0.024589186062719714
leaf_weight=25.310035109752789 31.136869331356138 14.367879894562064 44.908494371105917 37.691376215079799 126.56814275542274 18.097609089454636
leaf_count=798 1209 808 1112 2425 4332 372
internal_value=-0.000909932 -0.00371409 0.000695174 -0.0173702 0.00378371 -0.000741198
internal_weight=298.08 266.944 203.942 63.0014 189.574 144.666
internal_count=11056 9847 6624 3223 5816 4704
is_linear=0
shrinkage=0.05


Tree=72
num_leaves=7
num_cat=0
split_feature=22 30 23 42 66 34
split_gain=9.01797 8.90016 6.89955 8.18928 7.94495 6.66857
threshold=1.4370781720994164 -1.1754668691885788 -0.62671232094735674 1.0000000180025095e-35 0.25635549782830575 1.0000000180025095e-35
decision_type=2 2 2 2 2 2
left_child=1 -1 -3 4 -4 -5
right_child=-2 2 3 5 -6 -7
leaf_value=-0.027909027526149904 -0.040318646277687796 0.016177309333395045 -0.010750019600174262 -0.028154550502058069 0.01613590137726106 0.034666196670935345
leaf_weight=21.801369073102251 11.015502790454773 72.777135156153236 137.28965427889489 2.8015996864996877 31.365438456181437 20.101288297679275
leaf_count=1155 668 2096 5384 119 1210 410
internal_value=-0.00115776 0.000752521 0.00340308 -0.00162474 -0.00555532 0.0246109
internal_weight=297.152 286.136 264.335 191.558 168.655 22.9029
internal_count=11042 10374 9219 7123 6594 529
is_linear=0
shrinkage=0.05


Tree=73
num_leaves=7
num_cat=0
split_feature=30 68 30 24 67 24
split_gain=7.67001 6.74204 8.5265 4.33313 5.68696 4.06721
threshold=-1.1754668691885788 -0.56872960523748783 0.6504613988612129 -0.5498632614166542 -0.52461056405137962 1.7666000337339145
decision_type=2 2 2 2 2 2
left_child=-1 2 -2 4 -3 -5
right_child=1 3 -4 5 -6 -7
leaf_value=-0.025594651566428997 0.022834374878762987 0.014515494031395619 -0.0090974584006715108 0.0038328546009970561 -0.026146085672023762 -0.031806105686632467
leaf_weight=22.111095668980852 68.840860614611302 9.3550866213627142 27.564566002925858 133.00895205652341 30.856132340384647 5.5143270171247414
leaf_count=1218 2026 298 921 4451 1900 216
internal_value=0.000880268 0.00326099 0.0137053 -0.00250569 -0.0163352 0.00176999
internal_weight=297.251 275.14 96.4054 178.734 40.2112 138.523
internal_count=11030 9812 2947 6865 2198 4667
is_linear=0
shrinkage=0.05


Tree=74
num_leaves=7
num_cat=0
split_feature=4 19 67 42 26 30
split_gain=6.38585 8.4627 5.07418 4.18741 5.06321 5.4649
threshold=-0.71100967638945145 -0.81880894935508863 0.78550802482205151 1.0000000180025095e-35 0.36855810309411324 0.80390074911749798
decision_type=2 2 2 2 2 2
left_child=2 -2 -1 4 5 -3
right_child=1 3 -4 -5 -6 -7
leaf_value=0.022433293882075492 -0.0258284934305756 0.0070637831008400738 -0.023999006827297671 0.019154599334842034 -0.01666606273800322 -0.016646096185679846
leaf_weight=42.344532825401984 31.028063545119949 125.67422177153639 4.2661745790392152 24.710420797462575 40.534623056882992 27.017285963287577
leaf_count=1168 1842 4091 236 582 2061 1007
internal_value=0.000597638 -0.0026369 0.0169892 0.00097081 -0.00161189 0.00262864
internal_weight=295.575 248.965 46.6107 217.937 193.226 152.692
internal_count=10987 9583 1404 7741 7159 5098
is_linear=0
shrinkage=0.05


Tree=75
num_leaves=7
num_cat=0
split_feature=25 29 24 67 68 56
split_gain=7.52408 10.0118 6.97041 6.35523 6.29388 5.37471
threshold=-0.5177884100677016 -1.0192747401906452 -0.62017600236287651 -1.1172468877759254 -0.74736433067260466 1.0000000180025095e-35
decision_type=2 2 2 2 2 2
left_child=1 3 -2 -1 -4 -6
right_child=2 -3 4 -5 5 -7
leaf_value=-0.032932038534086966 -0.021645966467097096 -0.030142764054841759 0.023799230690174866 0.013980053411442518 -0.020654472956290651 0.0058766592338790336
leaf_weight=6.1275739031843832 20.72488753660582 40.367010775604285 40.901454066333827 32.164782627951354 19.095130764413625 138.5491869696416
leaf_count=301 1178 2384 1186 1011 720 4366
internal_value=-0.000695975 -0.0136688 0.00407947 0.00462594 0.007047 0.00233729
internal_weight=297.93 78.6594 219.271 38.2924 198.546 157.644
internal_count=11146 3696 7450 1312 6272 5086
is_linear=0
shrinkage=0.05


Tree=76
num_leaves=7
num_cat=0
split_feature=22 67 42 31 67 22
split_gain=6.73129 5.77884 8.2438 8.21234 8.67813 5.41333
threshold=1.0826950654601419 0.1461759860764443 1.0000000180025095e-35 -0.24495497077121717 -1.2198212298054611 -1.8046604994201743
decision_type=2 2 2 2 2 2
left_child=1 3 -3 4 -1 -6
right_child=-2 2 -4 -5 5 -7
leaf_value=-0.026887367709713329 -0.021996482248538358 -0.019149500216848747 0.024474573462284783 -0.009558369533870896 -0.016587914148767868 0.018591395004381693
leaf_weight=10.25635944213718 28.733066721819341 50.968341164756566 10.82097909785807 56.23360886372393 9.6323122840840352 129.40303264430258
leaf_count=501 1449 2661 246 1987 364 3879
internal_value=-0.000213384 0.00234617 -0.0107302 0.00637528 0.0124471 0.0158553
internal_weight=296.048 267.315 61.7893 205.525 149.292 139.035
internal_count=11087 9638 2907 6731 4744 4243
is_linear=0
shrinkage=0.05


Tree=77
num_leaves=7
num_cat=0
split_feature=22 67 68 64 15 26
split_gain=8.08333 6.543 6.04583 10.3183 7.86054 4.379
threshold=-1.8046604994201743 1.8056965645201057 0.27406863847977853 1.0000000180025095e-35 -0.27408572775075996 0.10621505459710413
decision_type=2 2 2 2 2 2
left_child=-1 2 4 -4 -2 -6
right_child=1 -3 3 -5 5 -7
leaf_value=-0.033658809358343998 0.013400204430776936 -0.038950240633153929 -0.031566652580930915 0.014893624044281687 0.00020949604288254074 -0.027048891532401111
leaf_weight=14.27764941821806 141.8831474580802 6.6298823431134215 26.715088723693043 17.646360387094319 68.029084527690429 15.791067188605664
leaf_count=690 4226 509 1634 757 2364 819
internal_value=-0.000473077 0.00158199 0.00299401 -0.0133127 0.00633164 -0.00568298
internal_weight=290.972 276.695 270.065 44.3614 225.703 83.8202
internal_count=10999 10309 9800 2391 7409 3183
is_linear=0
shrinkage=0.05


Tree=78
num_leaves=7
num_cat=0
split_feature=30 8 32 26 22 18
split_gain=7.65388 5.49651 5.18641 4.76486 4.19462 3.87657
threshold=-1.1601229341629502 0.89987318997961474 -0.16240924234176526 1.5312683470705635 -1.8046604994201743 -1.9121254196947028
decision_type=2 2 2 2 2 2
left_child=5 3 -3 4 -2 -1
right_child=1 2 -4 -5 -6 -7
leaf_value=0.011926736561270884 -0.018753797429293301 -0.032560333241626702 0.0012321063940465048 -0.026420287538168143 0.0091214837419241728 -0.035779664162997334
leaf_weight=3.8128589491825577 11.662075782427562 16.609995171893388 26.47540351562202 8.0272050066851062 206.76897294301307 17.198326651006937
leaf_count=109 514 1067 847 505 6848 1105
internal_value=0.000352464 0.00273315 -0.0130669 0.00587075 0.0073993 -0.026714
internal_weight=290.555 269.544 43.0854 226.458 218.431 21.0112
internal_count=10995 9781 1914 7867 7362 1214
is_linear=0
shrinkage=0.05


Tree=79
num_leaves=7
num_cat=0
split_feature=68 34 66 22 22 29
split_gain=8.06977 6.30053 5.64843 5.24887 4.92407 5.20444
threshold=0.27406863847977853 1.0000000180025095e-35 2.3180198936572398 -1.8046604994201743 1.4370781720994164 1.5147290873464265
decision_type=2 2 2 2 2 2
left_child=1 -1 3 -3 5 -5
right_child=-2 2 -4 4 -6 -7
leaf_value=-0.018797034210143115 -0.019764849528395134 -0.032564960908150212 0.027368877133174915 0.0077363650016767415 -0.02976072072286717 -0.033080342972173798
leaf_weight=28.16745134582743 47.060799222672358 7.2802033708430818 22.510717058496084 172.1839477570029 7.2129996500443658 5.2440626989118746
leaf_count=1101 2741 345 956 5210 401 300
internal_value=-0.00148039 0.00226464 0.00525245 0.00227707 0.00414954 0.00600001
internal_weight=289.66 242.599 214.432 191.921 184.641 177.428
internal_count=11054 8313 7212 6256 5911 5510
is_linear=0
shrinkage=0.05


Tree=80
num_leaves=7
num_cat=0
split_feature=25 58 63 29 23 23
split_gain=6.86343 6.4744 6.56985 6.43457 6.28391 5.17122
threshold=-0.66520746829897892 -0.22852604531245646 1.0000000180025095e-35 -1.0192747401906452 -0.69884175339908328 1.3139611261503619
decision_type=2 2 2 2 2 2
left_child=3 2 5 -1 -4 -2
right_child=1 -3 4 -5 -6 -7
leaf_value=0.00065989611946833484 0.012032895629755177 0.023604708938851235 0.014911871054540622 -0.030873340879006912 -0.015184892474491602 -0.02832899142737243
leaf_weight=32.405815219855867 93.813780010212213 31.005354546068702 19.389625519979745 29.063327583251521 79.370096034370363 5.813493345398455
leaf_count=1187 3145 905 478 1859 3236 310
internal_value=-0.000563151 0.00344697 -8.12917e-06 -0.0149923 -0.00901054 0.00891842
internal_weight=290.861 229.392 198.387 61.4691 98.7597 99.6273
internal_count=11120 8074 7169 3046 3714 3455
is_linear=0
shrinkage=0.05


Tree=81
num_leaves=7
num_cat=0
split_feature=58 23 42 22 34 24
split_gain=5.65382 5.9065 6.66121 5.86113 5.10469 4.84898
threshold=1.6438900369801839 -0.33974794034118982 1.0000000180025095e-35 -0.74446956220276672 1.0000000180025095e-35 -0.35358223166209152
decision_type=2 2 2 2 2 2
left_child=1 3 5 -1 -5 -3
right_child=-2 2 -4 4 -6 -7
leaf_value=-0.01229286428881491 0.023668717813103035 -0.028038771385972133 0.017773940023677316 -0.017891985333876932 0.017535981501826101 -0.0067731216346215376
leaf_weight=28.88523300003726 19.133291722042486 34.3864905978553 18.179665687261149 9.2922752983868104 71.753652305284049 105.67476976179751
leaf_count=1090 556 2443 447 440 2224 3817
internal_value=-0.000637402 -0.00261424 -0.00873161 0.00618948 0.0129803 -0.0124725
internal_weight=287.305 268.172 158.241 109.931 81.0459 140.061
internal_count=11017 10461 6707 3754 2664 6260
is_linear=0
shrinkage=0.05


Tree=82
num_leaves=7
num_cat=0
split_feature=58 13 25 42 66 32
split_gain=6.9021 6.06258 5.74759 4.91997 5.76861 5.22533
threshold=1.7734537638764236 -1.0272747897440249 -0.5177884100677016 1.0000000180025095e-35 -0.48407189053384242 1.631064112408797
decision_type=2 2 2 2 2 2
left_child=1 -1 -3 4 5 -4
right_child=-2 2 3 -5 -6 -7
leaf_value=0.011600694272447965 0.025869787096004394 -0.021758348950220441 -0.014420078391916745 0.019391633041667855 0.010888956481179832 0.02231045325917351
leaf_weight=52.428584943292663 19.063980167673435 47.366688328213058 103.39145818864927 19.568087842082605 36.864554361556657 7.9862817805260411
leaf_count=1709 548 2690 4172 441 1344 167
internal_value=-0.00103374 -0.00321588 -0.00693586 -0.00244335 -0.00565305 -0.0112702
internal_weight=286.67 267.606 215.177 167.81 148.242 111.378
internal_count=11071 10523 8814 6124 5683 4339
is_linear=0
shrinkage=0.05


Tree=83
num_leaves=7
num_cat=0
split_feature=68 30 66 22 30 29
split_gain=7.65224 5.9634 5.83435 4.27502 3.84766 4.12295
threshold=-0.73373219489678432 0.66580533388684138 1.8815730290422399 0.91855672703795299 -1.6204409849318053 -1.053890817325662
decision_type=2 2 2 2 2 2
left_child=1 -1 4 -3 -2 -6
right_child=2 3 -4 -5 5 -7
leaf_value=0.023382459332895005 -0.041126341036886116 -0.02487846236896523 0.015532864232448091 0.020876222281931117 0.011122655401948116 -0.0095442346639897455
leaf_weight=44.708588225708809 5.6378367966972283 11.682268467266114 26.768908675294369 5.1162996799685052 25.548338692635298 166.83465981134214
leaf_count=1510 431 444 1041 155 730 6743
internal_value=-0.000955922 0.0142575 -0.00525157 -0.00989135 -0.00825114 -0.00667104
internal_weight=286.297 61.5072 224.79 16.7986 198.021 192.383
internal_count=11054 2109 8945 599 7904 7473
is_linear=0
shrinkage=0.05


Tree=84
num_leaves=7
num_cat=0
split_feature=22 23 19 67 58 42
split_gain=5.34799 6.32648 8.10699 5.73977 5.6539 4.32031
threshold=-0.80571327424646089 -0.5127099969974368 0.10963188545908988 -1.4170889270171114 -0.016554740172796543 1.0000000180025095e-35
decision_type=2 2 2 2 2 2
left_child=4 3 -3 -2 -1 -4
right_child=1 2 5 -5 -6 -7
leaf_value=-0.021608159982827405 -0.035233350927516588 -0.019819604026536833 0.00042743786573701601 0.017857184429677694 0.021555016002435569 0.02832465513435169
leaf_weight=43.344719822285697 2.7255865219049147 46.90598445921205 102.71387626067735 69.626896244008094 6.5684437481686464 13.063872116850687
leaf_count=1958 197 2633 3655 2191 154 257
internal_value=-0.000656098 0.00254689 -0.00295097 0.0145341 -0.0150279 0.00421114
internal_weight=284.949 235.036 162.684 72.3525 49.9132 115.778
internal_count=11045 8933 6545 2388 2112 3912
is_linear=0
shrinkage=0.05


Tree=85
num_leaves=7
num_cat=0
split_feature=13 19 24 67 22 56
split_gain=5.12753 6.97211 4.07934 3.84811 2.89371 2.73642
threshold=-1.0804463245329594 -0.81880894935508863 -0.5498632614166542 1.4730980887567107 -1.8046604994201743 1.0000000180025095e-35
decision_type=2 2 2 2 2 2
left_child=3 -2 -3 -1 -4 -6
right_child=1 2 4 -5 5 -7
leaf_value=0.017576756031051542 -0.0256789506256778 -0.018047140493988673 -0.026801841494204753 -0.025765630325663421 -0.012361126258043564 0.0057228347378216141
leaf_weight=45.241793112189043 28.975913192785811 25.988933093845844 5.307222021277993 3.0742934471927574 21.20051734696608 157.13457265484612
leaf_count=1348 1867 1603 229 182 793 5116
internal_value=-0.000890649 -0.00393054 -0.000604512 0.0134739 0.00211436 0.00340407
internal_weight=286.923 238.607 209.631 48.3161 183.642 178.335
internal_count=11138 9608 7741 1530 6138 5909
is_linear=0
shrinkage=0.05


Tree=86
num_leaves=7
num_cat=0
split_feature=22 22 30 25 63 68
split_gain=5.90815 6.18086 5.68325 6.4294 5.86218 6.71906
threshold=-1.8046604994201743 1.0826950654601419 1.1874991247582105 -1.2894710572861212 1.0000000180025095e-35 -0.69860135037056781
decision_type=2 2 2 2 2 2
left_child=-1 2 3 -2 -5 -6
right_child=1 -3 -4 4 5 -7
leaf_value=-0.028454807536989403 -0.021766657488390087 -0.019172771829608869 -0.017704742359132379 0.017916630530680364 0.024106140219327568 -0.0055782594359052194
leaf_weight=13.715884920908136 14.862951843999324 27.312979777343571 22.513690073974431 102.7070527515607 21.605089588090777 81.718364377040416
leaf_count=686 840 1433 909 3678 520 2954
internal_value=0.000407415 0.00216554 0.00476422 0.00726082 0.00963719 0.00113383
internal_weight=284.436 270.72 243.407 220.893 206.031 103.323
internal_count=11020 10334 8901 7992 7152 3474
is_linear=0
shrinkage=0.05


Tree=87
num_leaves=7
num_cat=0
split_feature=58 23 25 68 19 24
split_gain=5.36284 5.44916 8.65215 5.41738 4.98192 6.36211
threshold=-0.22852604531245646 -0.52452895830741075 0.40835078581102074 -0.69860135037056781 1.3095039578994296 0.01122437559237675
decision_type=2 2 2 2 2 2
left_child=1 -1 3 -3 5 -4
right_child=-2 2 4 -5 -6 -7
leaf_value=0.007632676373788865 0.016931402386622354 0.0050494865266890966 -0.01722963278505538 -0.027161308187304556 -0.013229756762630822 0.019255362135765376
leaf_weight=84.333175655337982 38.362175283778924 15.612532473867757 13.173544198740272 56.888089050771669 30.015960384858772 46.631305545335636
leaf_count=2879 1187 606 717 3320 1092 1283
internal_value=0.000258533 -0.00250689 -0.00781776 -0.0202999 0.0025879 0.0107795
internal_weight=285.017 246.655 162.321 72.5006 89.8208 59.8048
internal_count=11084 9897 7018 3926 3092 2000
is_linear=0
shrinkage=0.05


Tree=88
num_leaves=7
num_cat=0
split_feature=22 25 35 30 22 26
split_gain=5.54538 5.03591 4.75839 5.0132 5.24192 6.07073
threshold=1.0826950654601419 1.0799401340786272 1.0000000180025095e-35 1.1568112547069536 -0.89609965096179411 1.5971150212616674
decision_type=2 2 2 2 2 2
left_child=2 -2 3 4 -1 -6
right_child=1 -3 -4 -5 5 -7
leaf_value=-0.0079336771774085515 -0.031240586638933972 0.01310841358972629 -0.026299775419298461 -0.015304647732404135 0.013257043141941273 -0.028470768216227762
leaf_weight=41.293897159863263 19.046525495825339 7.0587085951119652 9.5124746104702336 23.607005841098726 175.28238397184759 6.4059170072432599
leaf_count=1695 1187 242 426 938 6038 440
internal_value=0.0015817 -0.0191338 0.00389038 0.00535712 0.00771871 0.0113472
internal_weight=282.207 26.1052 256.102 246.589 222.982 181.688
internal_count=10966 1429 9537 9111 8173 6478
is_linear=0
shrinkage=0.05


Tree=89
num_leaves=7
num_cat=0
split_feature=68 15 67 22 26 8
split_gain=6.67629 6.06123 4.73165 4.27702 4.1031 3.41569
threshold=0.89635853540035915 -0.044953195945968104 1.7435513378378011 -2.0023012243882992 1.9509870987364091 0.89987318997961474
decision_type=2 2 2 2 2 2
left_child=1 2 3 -1 5 -5
right_child=-2 -3 -4 4 -6 -7
leaf_value=-0.027395232827770011 -0.026199455606433893 -0.010488579992483257 -0.034163914685603369 0.013508102957187546 -0.026495854930762015 -0.0057188419629855174
leaf_weight=5.462525096256285 20.247008629608899 70.62034539115848 4.0467433580197385 151.01048421353335 4.9390622712671748 25.445500060217455
leaf_count=250 1412 3187 265 4626 350 969
internal_value=-0.000514262 0.00174884 0.00636801 0.00777177 0.00925926 0.0106863
internal_weight=281.772 261.525 190.904 186.858 181.395 176.456
internal_count=11059 9647 6460 6195 5945 5595
is_linear=0
shrinkage=0.05


Tree=90
num_leaves=7
num_cat=0
split_feature=32 1 30 51 24 26
split_gain=4.25907 3.787 3.98488 3.73887 3.52428 5.82331
threshold=-0.58275455986142821 1.106337875514199 -0.94530784380415145 1.0000000180025095e-35 -0.33555002701256892 -0.70309651936610862
decision_type=2 2 2 2 2 2
left_child=4 2 -2 -4 5 -1
right_child=1 -3 3 -5 -6 -7
leaf_value=0.001593805653287685 -0.015936700354900666 -0.01681243690572851 0.0089071725074987649 -0.018352819457702989 0.011136815183331442 -0.035221063098515609
leaf_weight=18.834627113770694 17.77881510485895 18.882021898170933 185.16086876339978 10.714141014497725 10.334172017639501 21.251505048945546
leaf_count=719 944 850 5849 411 409 1852
internal_value=0.0001902 0.00307916 0.00504557 0.00716173 -0.0125582 -0.0190169
internal_weight=282.956 232.536 213.654 195.875 50.4203 40.0861
internal_count=11034 8054 7204 6260 2980 2571
is_linear=0
shrinkage=0.05


Tree=91
num_leaves=7
num_cat=0
split_feature=4 25 29 22 30 28
split_gain=5.11403 4.24847 6.91582 3.92411 4.7351 4.77422
threshold=1.4010948666157281 -1.274291354093281 -2.2410159420671927 1.4370781720994164 1.2028430597838391 -1.146864792993308
decision_type=2 2 2 2 2 2
left_child=1 2 -1 4 5 -3
right_child=-2 3 -4 -5 -6 -7
leaf_value=0.013936911332274343 -0.026718100604313517 -0.010931701748287198 -0.040969658101248932 -0.025764285409353545 -0.015352405372835429 0.0099801101413952032
leaf_weight=7.6741768957581398 14.054579230025409 29.354622827610001 11.095140797318889 8.1374034576583636 23.684055378427729 186.07054272678215
leaf_count=248 1013 1091 793 480 945 6511
internal_value=-0.000168622 0.00151639 -0.0196932 0.00334327 0.00464084 0.00701958
internal_weight=280.071 266.016 18.7693 247.247 239.109 215.425
internal_count=11081 10068 1041 9027 8547 7602
is_linear=0
shrinkage=0.05


Tree=92
num_leaves=7
num_cat=0
split_feature=66 68 24 64 67 28
split_gain=5.08204 3.69465 3.45024 2.78879 9.05277 7.67216
threshold=2.3078284732649474 -0.73373219489678432 0.71062320084899333 1.0000000180025095e-35 -0.7221212872891617 0.47969114851803935
decision_type=2 2 2 2 2 2
left_child=1 2 -1 -3 -5 -6
right_child=-2 3 -4 4 5 -7
leaf_value=-0.00093499551816175796 0.017454502401365167 -0.01170292482066632 0.026343004893889712 -0.038199183864184201 0.018652316680502649 -0.017999995526479056
leaf_weight=37.057086501037702 27.328367280308157 125.81875917478465 13.7418122428935 9.6515612262301129 44.999802587321028 17.600275897188112
leaf_count=1397 1216 5436 325 351 1412 931
internal_value=-0.00191044 -0.00421948 0.00750157 -0.00729263 0.000547806 0.00799546
internal_weight=276.198 248.869 50.7989 198.07 72.2516 62.6001
internal_count=11068 9852 1722 8130 2694 2343
is_linear=0
shrinkage=0.05


Tree=93
num_leaves=7
num_cat=0
split_feature=67 22 68 63 68 28
split_gain=5.03381 4.39428 4.24771 4.50702 5.82177 5.80935
threshold=1.8056965645201057 -1.8046604994201743 -0.74736433067260466 1.0000000180025095e-35 0.70184408191097236 0.52074924767223629
decision_type=2 2 2 2 2 2
left_child=1 -1 -3 5 -5 -4
right_child=-2 2 3 4 -6 -7
leaf_value=-0.023883244592124115 -0.036656081349016677 0.015377533244884162 0.013900411734047212 -0.003046398001177879 -0.038665950159138852 -0.012978327345132627
leaf_weight=13.303071377798913 6.0062638078816226 50.995549125713296 75.999405657174066 99.080509931081906 10.078961679479105 24.340731994714588
leaf_count=664 524 1753 2496 3599 870 1099
internal_value=0.000132292 0.00132785 0.0028726 -0.000345417 -0.00728149 0.00719263
internal_weight=279.804 273.798 260.495 209.5 109.159 100.34
internal_count=11005 10481 9817 8064 4469 3595
is_linear=0
shrinkage=0.05


Tree=94
num_leaves=7
num_cat=0
split_feature=67 22 30 31 67 24
split_gain=4.97563 3.6026 3.35769 5.38054 5.60395 5.08825
threshold=1.8056965645201057 1.4370781720994164 0.91130829429689741 -0.3381642757055961 -1.2198212298054611 0.75980194080223684
decision_type=2 2 2 2 2 2
left_child=1 2 3 4 -1 -4
right_child=-2 -3 5 -5 -6 -7
leaf_value=-0.025062657198397866 -0.036188441769166274 -0.025008434935194775 -0.021321655580854047 -0.0044173631232920715 0.013813848749911886 0.015819293745587812
leaf_weight=7.2438955055549732 5.9284297553822389 9.0702279019169492 26.977397941518575 86.581120673858095 131.19718446524348 10.774770262651144
leaf_count=423 535 606 1217 3420 4557 301
internal_value=0.000552418 0.00173993 0.00293507 0.00526847 0.0112912 -0.0103371
internal_weight=277.773 271.845 262.774 225.022 138.441 37.7522
internal_count=11059 10524 9918 8400 4980 1518
is_linear=0
shrinkage=0.05


Tree=95
num_leaves=7
num_cat=0
split_feature=25 26 58 29 22 25
split_gain=4.72003 6.27708 4.39468 4.26871 6.36612 6.21927
threshold=-1.257570495050673 -0.93432271060362526 -0.22852604531245646 -0.59112047929108835 -0.55663821145180992 0.64849832742785229
decision_type=2 2 2 2 2 2
left_child=1 -1 3 4 -2 -5
right_child=2 -3 -4 5 -6 -7
leaf_value=0.011052580961092972 -0.010148476096378443 -0.040716845302611389 0.018119613978003508 -0.0139617709567264 0.02096380221914056 0.0057824762810159041
leaf_weight=7.8965186374262002 23.408520081778988 11.982809919863938 34.507533359341323 83.517543400288559 42.709233345929533 71.624266226310283
leaf_count=254 837 913 1094 4159 1208 2497
internal_value=0.000372558 -0.0214 0.0022933 -0.00038434 0.00998634 -0.00490968
internal_weight=275.646 19.8793 255.767 221.26 66.1178 155.142
internal_count=10962 1167 9795 8701 2045 6656
is_linear=0
shrinkage=0.05


Tree=96
num_leaves=7
num_cat=0
split_feature=63 26 67 51 27 66
split_gain=3.87679 5.23405 4.74968 4.52773 3.46685 3.36098
threshold=1.0000000180025095e-35 0.94925691019252489 -0.81785618258327053 1.0000000180025095e-35 1.6084852435948502 1.2956805460696825
decision_type=2 2 2 2 2 2
left_child=2 -2 5 4 -4 -1
right_child=1 -3 3 -5 -6 -7
leaf_value=-0.030649592655753871 -0.003349589868073917 -0.036700027900812109 0.014488706258577759 -0.023860670006553578 -0.017657023861387015 0.0058956944537297837
leaf_weight=11.324553317623215 128.19785495940596 10.058327118633313 100.14924364420585 6.7655872064642599 6.6195213748142114 9.7556666340678913
leaf_count=414 4834 888 3637 347 349 496
internal_value=-0.000692008 -0.00650379 0.00528865 0.00936748 0.0120676 -0.0151094
internal_weight=272.871 138.256 134.615 113.534 106.769 21.0802
internal_count=10965 5722 5243 4333 3986 910
is_linear=0
shrinkage=0.05


Tree=97
num_leaves=7
num_cat=0
split_feature=35 67 24 67 28 31
split_gain=5.90876 4.34869 2.80677 3.51665 3.50051 3.29227
threshold=1.0000000180025095e-35 1.8056965645201057 -0.4495932749564302 -0.2264697069931173 0.70255610283824821 -0.24495497077121717
decision_type=2 2 2 2 2 2
left_child=1 2 4 5 -1 -4
right_child=-2 -3 3 -5 -6 -7
leaf_value=-0.00089795708830272582 -0.033939532684605166 -0.034646517723033975 0.0055901057501231387 0.0134363582555505 -0.027908840048942132 -0.010933037327305909
leaf_weight=53.157831148710102 10.036898933351038 5.5119764741975805 80.239245046803262 69.538428492611274 12.571312136948107 44.27049220027402
leaf_count=2401 489 514 2679 2394 971 1659
internal_value=-0.00107508 0.000533914 0.0016674 0.00468494 -0.00705675 -0.000403843
internal_weight=275.326 265.289 259.777 194.048 65.7291 124.51
internal_count=11107 10618 10104 6732 3372 4338
is_linear=0
shrinkage=0.05


Tree=98
num_leaves=7
num_cat=0
split_feature=25 27 68 24 28 63
split_gain=4.77829 8.08467 3.94245 3.83409 5.11449 4.75446
threshold=-0.5177884100677016 -1.0419453551331685 0.89635853540035915 0.85823977812694785 -0.87461377309836419 1.0000000180025095e-35
decision_type=2 2 2 2 2 2
left_child=1 -1 3 5 -5 -2
right_child=2 -3 -4 4 -6 -7
leaf_value=0.0051178982980245244 0.010910284037063393 -0.027748564879958377 -0.018523185401293524 -0.016901465509306893 0.024283781313907973 -0.0070507393285429683
leaf_weight=39.8265520487912 75.454371039522812 31.049391795182601 13.687458955217151 6.7589984675869337 44.436877641186584 66.676112526794896
leaf_count=1466 2708 2160 765 193 1185 2563
internal_value=0.00112839 -0.00982241 0.0049644 0.00688495 0.0182118 0.00251285
internal_weight=277.89 70.8759 207.014 193.326 51.1959 142.13
internal_count=11040 3626 7414 6649 1378 5271
is_linear=0
shrinkage=0.05


Tree=99
num_leaves=7
num_cat=0
split_feature=22 67 42 67 35 4
split_gain=4.8615 4.15073 4.70517 8.27727 4.71499 4.48465
threshold=1.1664640071877033 -1.1592556722930141 1.0000000180025095e-35 1.5355904954763464 1.0000000180025095e-35 1.1787680726151828
decision_type=2 2 2 2 2 2
left_child=1 -1 3 5 -4 -3
right_child=-2 2 4 -5 -6 -7
leaf_value=-0.018369506374959585 -0.022414973028493893 0.005875687939772666 0.029780803958805654 -0.029861950547581607 -0.023166743221009693 -0.025591003986767214
leaf_weight=21.007154834223911 20.273560486501083 179.73560376663227 23.119166485441387 16.950061318464577 2.7167725530453017 9.1248074574395996
leaf_count=910 1217 6549 542 1099 122 586
internal_value=-0.000542177 0.00145539 0.0034651 0.000802947 0.0223822 0.00397899
internal_weight=272.927 252.654 231.646 205.81 25.8359 188.86
internal_count=11025 9808 8898 8234 664 7135
is_linear=0
shrinkage=0.05


Tree=100
num_leaves=7
num_cat=0
split_feature=29 22 68 29 28 68
split_gain=4.42416 3.5844 3.51939 4.65932 4.10739 5.40376
threshold=1.4891300016064031 1.4370781720994164 -0.57547238207284013 0.96385204525738322 0.26310278653683877 -0.51898941090134232
decision_type=2 2 2 2 2 2
left_child=1 2 -1 4 5 -4
right_child=-2 -3 3 -5 -6 -7
leaf_value=0.0092546069567637172 -0.031504327014692732 -0.027763398382769769 -0.036830128970518662 0.018181173162126679 -0.018803020517768387 0.0027014095435958772
leaf_weight=90.576567088253796 8.3960302602499706 7.9192771264351896 6.4387487124186 20.058491851203144 41.133744410355575 99.861999516957439
leaf_count=3003 622 546 319 928 1857 3788
internal_value=-0.000996959 0.000306641 0.00147715 -0.00281757 -0.00598005 -0.00063822
internal_weight=274.385 265.989 258.07 167.493 147.434 106.301
internal_count=11063 10441 9895 6892 5964 4107
is_linear=0
shrinkage=0.05


Tree=101
num_leaves=7
num_cat=0
split_feature=25 29 22 23 42 66
split_gain=3.68038 5.57636 3.81994 3.73806 5.24103 4.57285
threshold=-1.274291354093281 -2.1494247057448281 -1.8046604994201743 -0.52452895830741075 1.0000000180025095e-35 -0.48746848826408135
decision_type=2 2 2 2 2 2
left_child=1 -1 -2 -4 5 -5
right_child=2 -3 3 4 -6 -7
leaf_value=0.010135013161853052 -0.025163650203850352 -0.04082721305105512 0.010759481213182183 -0.010733335085136587 0.019630357515605028 0.0091094988322291959
leaf_weight=7.17725418112241 11.378156395861877 10.776833579875527 70.952338686969597 115.44685208261944 20.074304775567725 35.92727698123781
leaf_count=258 579 857 2320 5100 480 1488
internal_value=-0.00178066 -0.0219205 -0.000116376 0.00135258 -0.00265846 -0.00593831
internal_weight=271.733 17.9541 253.779 242.401 171.448 151.374
internal_count=11082 1115 9967 9388 7068 6588
is_linear=0
shrinkage=0.05


Tree=102
num_leaves=7
num_cat=0
split_feature=66 68 58 22 24 24
split_gain=4.44523 4.42616 3.59867 5.20722 3.47346 3.40576
threshold=2.3078284732649474 -0.69860135037056781 -0.063658924764026917 0.81306702811523401 -0.19233703625330353 1.7465106791778513
decision_type=2 2 2 2 2 2
left_child=1 4 5 -4 -1 -3
right_child=-2 2 3 -5 -6 -7
leaf_value=-0.0078476211811869499 0.017655479624000141 -0.0070851709098497433 0.020083070507499634 -0.034209499286391151 0.017154897906332522 -0.036509426337249032
leaf_weight=18.646337878191844 26.859450477117207 155.95068073179573 20.824420697288591 2.585327102802693 38.84372612030711 7.8051208627875885
leaf_count=822 1209 6904 523 145 1105 363
internal_value=-0.000576106 -0.00276728 -0.00648532 0.0108822 0.00905856 -0.00911921
internal_weight=271.515 244.656 187.166 23.4097 57.4901 163.756
internal_count=11071 9862 7935 668 1927 7267
is_linear=0
shrinkage=0.05


Tree=103
num_leaves=7
num_cat=0
split_feature=67 14 68 41 28 29
split_gain=3.80026 3.47521 3.73862 3.80251 4.01068 3.77718
threshold=1.8056965645201057 0.87440072671353253 -0.74736433067260466 1.0000000180025095e-35 0.61061167945267447 1.2207598848333805
decision_type=2 2 2 2 2 2
left_child=1 2 5 -4 -5 -1
right_child=-2 -3 3 4 -6 -7
leaf_value=0.019737708427356261 -0.033855098822961803 -0.015985963501470534 0.013410082939053602 0.00036792926828762933 -0.017757455751458581 -0.018486699636684978
leaf_weight=40.992235406069085 5.3808369229082009 26.167215283494443 35.190267937956378 123.14791999373119 37.52491602464579 5.1492396532557896
leaf_count=1392 528 1481 1085 4484 1954 198
internal_value=-0.000699389 0.000333059 0.00227172 -0.00080996 -0.00411312 0.0146038
internal_weight=273.553 268.172 242.005 195.863 160.673 46.1415
internal_count=11122 10594 9113 7523 6438 1590
is_linear=0
shrinkage=0.05


Tree=104
num_leaves=7
num_cat=0
split_feature=58 22 13 18 66 31
split_gain=3.96625 4.47795 3.34163 3.79743 2.45801 2.40484
threshold=1.7969613155478197 0.62725983394877172 -1.0272747897440249 -0.37710965797996859 1.727031700488536 0.12788224896629877
decision_type=2 2 2 2 2 2
left_child=2 -2 -1 -4 5 -5
right_child=1 -3 3 4 -6 -7
leaf_value=0.0085628017359404961 0.031779467610405544 -0.019416473324657634 -0.018279186537877523 -0.00077509395318887042 0.013482460491867694 -0.016362218130968349
leaf_weight=48.847883150563575 13.835294890683146 3.4746264623827292 43.244614609284326 108.75560795632191 19.444684219837654 29.161184585769661
leaf_count=1691 397 150 2933 3661 786 1323
internal_value=-0.00112057 0.0201528 -0.00281869 -0.00567544 -0.00193463 -0.00434902
internal_weight=266.764 17.3099 249.454 200.606 157.361 137.917
internal_count=10941 547 10394 8703 5770 4984
is_linear=0
shrinkage=0.05


Tree=105
num_leaves=7
num_cat=0
split_feature=30 22 27 24 58 28
split_gain=4.4292 3.42601 3.4024 7.19429 3.11595 4.20502
threshold=-1.4976895047267773 -2.0023012243882992 -1.0282388364411552 -0.62017600236287651 -0.063658924764026917 -1.2060178485980126
decision_type=2 2 2 2 2 2
left_child=-1 -2 -3 -4 5 -5
right_child=1 2 3 4 -6 -7
leaf_value=-0.028878940317143061 -0.025923313411260696 0.016998915782186718 -0.023437757874519585 -0.025136824644068315 0.018982311992742321 0.0032416612582950016
leaf_weight=9.7878909346181882 8.1213212267030013 31.633117645047605 25.304214885924011 11.21827612374909 24.974223600409459 156.83630471117795
leaf_count=710 450 991 1952 410 792 5723
internal_value=-0.000149574 0.00125929 0.0024394 0.000128137 0.00352881 0.000939658
internal_weight=267.875 258.087 249.966 218.333 193.029 168.055
internal_count=11028 10318 9868 8877 6925 6133
is_linear=0
shrinkage=0.05


Tree=106
num_leaves=7
num_cat=0
split_feature=68 35 66 24 68 25
split_gain=3.92537 4.06958 3.84917 3.53467 3.51262 3.07242
threshold=0.89635853540035915 1.0000000180025095e-35 2.3282113140495313 -0.33555002701256892 1.6377708230788224 -0.37054665295188438
decision_type=2 2 2 2 2 2
left_child=1 2 3 -1 -2 -5
right_child=4 -3 -4 5 -6 -7
leaf_value=-0.0085814304020301931 -0.033444250898895023 -0.026287883475071251 0.021641709617671499 -0.0090797563065237608 0.0078874853863833746 0.0085043088700708976
leaf_weight=60.911841860739514 12.040155247086661 8.9750163669232261 23.361501274048351 27.894432169385254 6.3392204861156634 131.11629020213149
leaf_count=3120 810 418 1093 1121 599 3892
internal_value=0.000504183 0.00222248 0.00358166 0.00139778 -0.0200821 0.00530861
internal_weight=270.638 252.259 243.284 219.923 18.3794 159.011
internal_count=11053 9644 9226 8133 1409 5013
is_linear=0
shrinkage=0.05


Tree=107
num_leaves=7
num_cat=0
split_feature=26 67 68 67 63 8
split_gain=3.96408 3.14359 3.10268 6.2834 5.39007 3.46331
threshold=1.5971150212616674 1.7806996018322514 0.27406863847977853 -0.18704741375414699 1.0000000180025095e-35 -1.150414529567884
decision_type=2 2 2 2 2 2
left_child=1 2 5 -4 -5 -1
right_child=-2 -3 3 4 -6 -7
leaf_value=-0.0092540002663193295 -0.026275557322624661 -0.028524782391383088 -0.034318589201378008 0.020467111766256405 -0.022559679113144368 0.0076581107363078984
leaf_weight=33.520592580083758 10.361874473048372 5.3837061638478181 13.235455073183401 16.76872935378924 8.6135358237661439 182.9345339028514
leaf_count=1192 899 493 797 671 727 6274
internal_value=0.000296345 0.00164063 0.00260151 -0.0099613 0.00502466 0.00494837
internal_weight=270.818 260.457 255.073 38.6177 25.3823 216.455
internal_count=11053 10154 9661 2195 1398 7466
is_linear=0
shrinkage=0.05


Tree=108
num_leaves=7
num_cat=0
split_feature=8 66 32 25 27 8
split_gain=3.29377 3.80311 4.64714 3.51961 5.99839 3.62479
threshold=0.89987318997961474 -0.020454328036844039 0.22991305400992021 -0.41924990551399843 -0.81804651998647038 -1.150414529567884
decision_type=2 2 2 2 2 2
left_child=3 2 -2 4 -1 -5
right_child=1 -3 -4 5 -6 -7
leaf_value=0.0034562698723745004 -0.035147367814353521 0.012674079025312113 0.0022051440390874629 -0.010404985160036106 -0.026676528009641778 0.0094527176529157486
leaf_weight=45.645361997594591 18.281612199032683 9.0960010502021742 13.127640292281283 25.026107002748176 22.380176535982173 134.02959028782789
leaf_count=1751 1286 363 430 913 1559 4720
internal_value=-0.000237839 -0.0128519 -0.0207046 0.0021504 -0.00716536 0.00619349
internal_weight=267.586 40.5053 31.4093 227.081 68.0255 159.056
internal_count=11022 2079 1716 8943 3310 5633
is_linear=0
shrinkage=0.05


Tree=109
num_leaves=7
num_cat=0
split_feature=30 28 22 4 32 25
split_gain=3.68148 4.90785 4.56032 3.88208 3.35322 3.00389
threshold=1.1874991247582105 0.93028924341163932 1.5412184332991388 1.5598997194732604 2.2195475569363254 -0.42771944341404683
decision_type=2 2 2 2 2 2
left_child=2 -2 3 4 5 -1
right_child=1 -3 -4 -5 -6 -7
leaf_value=-0.0030949822518122 -0.028590796275277316 0.014165998107606416 -0.036205804778589944 -0.026509720090543854 -0.028041395962140444 0.0091478044351113365
leaf_weight=72.407345336338039 20.051840120460842 7.3366599720902732 4.745255561429075 7.8507328503765157 4.9012634134851387 151.14077275019372
leaf_count=3457 912 285 418 680 177 5181
internal_value=-0.000462771 -0.0168696 0.00158589 0.00278919 0.00412662 0.00519389
internal_weight=268.434 27.3885 241.045 236.3 228.449 223.548
internal_count=11110 1197 9913 9495 8815 8638
is_linear=0
shrinkage=0.05


Tree=110
num_leaves=7
num_cat=0
split_feature=19 30 31 12 31 10
split_gain=3.75073 4.29505 4.24807 3.41453 2.73076 2.68226
threshold=-0.12107561680417721 0.15945547804110075 -0.3381642757055961 0.14795190070619432 -0.3381642757055961 -0.38697681458084365
decision_type=2 2 2 2 2 2
left_child=2 -2 -1 4 -3 -5
right_child=1 3 -4 5 -6 -7
leaf_value=-6.1519674010150255e-05 0.015240903593624931 -0.010542183302717162 -0.020754351725662794 -0.030196249208745481 0.019843748311724401 -0.0032674059802999394
leaf_weight=73.490090634557419 58.955861096968874 8.140125270700084 34.450696415267885 8.0700238430872542 23.031221069861203 62.429288970306516
leaf_count=3206 2074 391 2084 316 841 2202
internal_value=4.91637e-05 0.00486059 -0.00704854 -0.00142295 0.0116798 -0.00745663
internal_weight=268.567 160.627 107.941 101.671 31.1713 70.4993
internal_count=11114 5824 5290 3750 1232 2518
is_linear=0
shrinkage=0.05


Tree=111
num_leaves=7
num_cat=0
split_feature=58 8 25 63 23 41
split_gain=2.94877 3.3241 3.75358 3.32785 4.98398 3.48998
threshold=1.7969613155478197 -0.74035698565838437 -1.274291354093281 1.0000000180025095e-35 -0.54526279329119365 1.0000000180025095e-35
decision_type=2 2 2 2 2 2
left_child=1 -1 -3 -4 -5 -6
right_child=-2 2 3 4 5 -7
leaf_value=-0.011561321768981234 0.018521264805810095 -0.02217362209633179 0.01074341210144919 0.013384740776529855 0.018320300407112338 -0.014352607459760519
leaf_weight=55.782601833692752 17.640014200122096 11.940769787412135 87.857031185587402 30.229106055339798 6.8151785514783105 58.100442538154311
leaf_count=2341 561 823 3461 827 247 2790
internal_value=0.000350552 -0.00113174 0.00198266 0.00389106 -0.00257141 -0.0102647
internal_weight=268.365 250.725 194.943 183.002 95.1447 64.9156
internal_count=11050 10489 8148 7325 3864 3037
is_linear=0
shrinkage=0.05


Tree=112
num_leaves=7
num_cat=0
split_feature=58 57 20 19 23 20
split_gain=3.30157 3.99779 3.29572 5.61189 4.01 3.63598
threshold=1.7734537638764236 2.5747663549991411 -0.8457319156342985 -0.81880894935508863 -0.52452895830741075 -0.33858203182923258
decision_type=2 2 2 2 2 2
left_child=2 -2 -1 -4 -5 -6
right_child=1 -3 3 4 5 -7
leaf_value=0.017314333321640986 0.037746440888960869 -0.0058505092719457526 -0.022079319359321812 0.011955209679995513 -0.01375223705546621 0.0018048346437778201
leaf_weight=17.502553706173785 8.8972773753339442 8.1679456584388372 31.982177862199023 47.040010283584706 58.721444568829611 94.425092084333301
leaf_count=531 193 356 2149 1471 2295 4073
internal_value=-0.000401821 0.0191247 -0.0019477 -0.00360216 -0.000367805 -0.00430987
internal_weight=266.737 17.0652 249.671 232.169 200.187 153.147
internal_count=11068 549 10519 9988 7839 6368
is_linear=0
shrinkage=0.05


Tree=113
num_leaves=7
num_cat=0
split_feature=67 28 42 23 66 57
split_gain=4.10765 3.72271 3.83907 4.66799 3.67628 3.71939
threshold=-1.4772725864884937 -1.2060178485980126 1.0000000180025095e-35 -0.52452895830741075 -0.48746848826408135 0.75641378402753279
decision_type=2 2 2 2 2 2
left_child=-1 -2 3 -3 5 -5
right_child=1 2 -4 4 -6 -7
leaf_value=-0.04098386862631348 -0.015133303567459976 0.011446606266070561 0.020904255712417632 -0.011619469794200074 0.0094250839707575029 0.018382195696029273
leaf_weight=3.1022408613935104 30.325038654729724 63.661039433442056 22.847323593159672 102.48200597439427 33.63773932348704 8.7644606602843833
leaf_count=297 1279 2215 584 4940 1455 205
internal_value=-0.000429857 0.000509861 0.00272742 0.000467834 -0.0044905 -0.00883518
internal_weight=264.82 261.718 231.393 208.545 144.884 111.246
internal_count=10975 10678 9399 8815 6600 5145
is_linear=0
shrinkage=0.05


Tree=114
num_leaves=7
num_cat=0
split_feature=67 56 57 30 1 28
split_gain=3.64002 3.15592 4.99048 3.71081 3.7392 3.29322
threshold=1.8056965645201057 1.0000000180025095e-35 -0.17495899487820246 -1.4976895047267773 1.106337875514199 -0.30754661841165049
decision_type=2 2 2 2 2 2
left_child=1 -1 3 -3 5 -5
right_child=-2 2 -4 4 -6 -7
leaf_value=-0.012875683475719484 -0.032220491153772693 -0.026984428998496936 0.031832713378664765 -0.00278095346584681 -0.017301795497511565 0.010368406921614783
leaf_weight=28.816122232179623 5.0352847813628605 7.5682210717350236 12.000624549051279 75.164388025121298 17.03803414828144 122.14242311561247
leaf_count=1323 534 548 292 2854 926 4553
internal_value=0.000950049 0.00194235 0.00390773 0.00199315 0.00337465 0.00539251
internal_weight=267.765 262.73 233.914 221.913 214.345 197.307
internal_count=11030 10496 9173 8881 8333 7407
is_linear=0
shrinkage=0.05


Tree=115
num_leaves=7
num_cat=0
split_feature=67 67 32 22 29 29
split_gain=3.47934 3.56344 2.83637 2.31565 2.66303 2.46318
threshold=1.8560376699331458 -1.4772725864884937 2.6398928744559886 1.5701275414417974 1.5480461063991136 0.85541890297352285
decision_type=2 2 2 2 2 2
left_child=1 -1 3 4 5 -3
right_child=-2 2 -4 -5 -6 -7
leaf_value=-0.038134058525286604 -0.035156856724074197 0.0014724075012638403 -0.035585372409618801 -0.0239999723154273 -0.024205200571175822 0.014777627963832888
leaf_weight=2.8655083312187335 4.0605953657068303 204.8760254906374 2.124720185995101 5.3270639823749653 5.8498718668706706 39.117290918948129
leaf_count=289 453 7685 87 403 456 1671
internal_value=-0.000523385 0.000411798 0.00127565 0.00199252 0.00282491 0.0037591
internal_weight=264.221 260.16 257.295 255.17 249.843 243.993
internal_count=11044 10591 10302 10215 9812 9356
is_linear=0
shrinkage=0.05


Tree=116
num_leaves=7
num_cat=0
split_feature=22 66 67 24 68 32
split_gain=2.99635 2.88097 2.60124 4.27963 4.24085 3.86799
threshold=1.4370781720994164 -0.47897732223353878 -1.1592556722930141 0.85823977812694785 0.89635853540035915 2.4717547474481232
decision_type=2 2 2 2 2 2
left_child=2 -2 -1 -4 5 -5
right_child=1 -3 3 4 -6 -7
leaf_value=-0.015834581766629913 -0.040329930271830017 0.010124881273230732 -0.0017435405654455734 0.022366964141332449 -0.030730192333370578 -0.028093327179464691
leaf_weight=20.405551438569091 5.8567266687750799 2.6794541522394866 189.38004887441639 42.159379789605737 2.0668365943711242 1.6183719565160561
leaf_count=927 546 115 7968 1308 119 58
internal_value=-0.00105215 -0.025978 7.18725e-05 0.00163378 0.0148354 0.0188195
internal_weight=264.166 8.53618 255.63 235.225 45.8446 43.7778
internal_count=11041 661 10380 9453 1485 1366
is_linear=0
shrinkage=0.05


Tree=117
num_leaves=7
num_cat=0
split_feature=68 67 15 67 67 29
split_gain=3.78542 3.16018 2.88806 2.59303 5.16406 4.65792
threshold=-0.69860135037056781 1.8560376699331458 0.1139343261084496 -0.81785618258327053 -0.90423457587130052 -0.39037779798051603
decision_type=2 2 2 2 2 2
left_child=1 2 -1 4 5 -2
right_child=3 -3 -4 -5 -6 -7
leaf_value=0.019526738765105491 0.0041153654684376127 -0.027550743822653986 -0.0045721404875076485 0.00019725939971026606 -0.050636620493390599 -0.032249739593214678
leaf_weight=45.481489848636556 31.864891940378584 2.2916977787390342 15.389242647972422 157.34852927899919 4.7286374364048234 8.8959261004347336
leaf_count=1435 1113 185 707 6925 208 462
internal_value=0.000434707 0.0108342 0.0135055 -0.00291433 -0.0130237 -0.00548799
internal_weight=266 63.1624 60.8707 202.838 45.4895 40.7608
internal_count=11035 2327 2142 8708 1783 1575
is_linear=0
shrinkage=0.05


Tree=118
num_leaves=7
num_cat=0
split_feature=22 30 30 31 22 33
split_gain=2.98869 2.5422 2.62785 3.5546 3.36821 2.76383
threshold=-1.8046604994201743 -1.5590652448292914 1.2028430597838391 -0.3381642757055961 1.4370781720994164 -0.74962834705547909
decision_type=2 2 2 2 2 2
left_child=-1 -2 4 -4 -3 -5
right_child=1 2 3 5 -6 -7
leaf_value=-0.020325889783052192 -0.022424208097250622 0.0061132815485241236 -0.032472764634784747 -0.011879269744377285 -0.024695119420562253 0.022134312557692756
leaf_weight=12.739673908799885 7.1847077865386373 215.45145488745766 8.6641166808549333 11.602293678326534 6.3290534612024194 7.1415000981651238
leaf_count=683 552 8199 443 468 542 229
internal_value=0.000841602 0.00211639 0.00308229 -0.0107786 0.00491623 0.00234598
internal_weight=269.113 256.373 249.188 27.4079 221.781 18.7438
internal_count=11116 10433 9881 1140 8741 697
is_linear=0
shrinkage=0.05


Tree=119
num_leaves=7
num_cat=0
split_feature=67 8 22 32 58 67
split_gain=3.40057 3.23977 4.66567 3.6586 3.38954 3.14519
threshold=-1.4772725864884937 0.89987318997961474 -0.61938706557115397 -0.16240924234176526 -0.010670428817577711 1.5111143028444893
decision_type=2 2 2 2 2 2
left_child=-1 2 4 -3 -2 -5
right_child=1 3 -4 5 -6 -7
leaf_value=-0.038702186762224783 -0.014358093907219439 -0.030206484425088959 0.0065729592363974925 -0.0085932288723024955 0.016907175772158386 0.030180434147684877
leaf_weight=2.8724341117776921 50.609258947544731 14.703484090045093 161.66925263873418 22.302429269067947 7.726337623782455 3.5940902295988044
leaf_count=297 2344 1170 6133 842 196 82
internal_value=-0.001075 -0.000224531 0.00221515 -0.0126875 -0.00959271 -0.000637345
internal_weight=263.477 260.605 220.005 40.6 58.3356 25.8965
internal_count=11064 10767 8673 2094 2540 924
is_linear=0
shrinkage=0.05


Tree=120
num_leaves=7
num_cat=0
split_feature=30 30 10 42 24 66
split_gain=3.41896 3.40593 4.03507 2.78199 3.50749 4.2601
threshold=-1.5897531148805484 0.082735802912958192 -0.47823569345820111 1.0000000180025095e-35 0.85823977812694785 1.727031700488536
decision_type=2 2 2 2 2 2
left_child=-1 -2 -3 4 5 -4
right_child=1 2 3 -5 -6 -7
leaf_value=-0.029183890422449694 0.0062331921299446274 -0.025474349925899187 -0.014318022511342003 0.018940864913607452 0.012933435524199184 0.015767265006540087
leaf_weight=7.0211083363974458 128.5507645161706 17.639640902867541 63.818777186679654 11.825712756952269 20.26803264580667 11.684875305043532
leaf_count=575 5383 722 3045 282 564 420
internal_value=-0.000537056 0.000587157 -0.00521851 -0.00129682 -0.00429513 -0.00923744
internal_weight=260.809 253.788 125.237 107.597 95.7717 75.5037
internal_count=10991 10416 5033 4311 4029 3465
is_linear=0
shrinkage=0.05


Tree=121
num_leaves=7
num_cat=0
split_feature=35 13 24 32 22 24
split_gain=3.86614 2.85468 4.1074 3.46215 3.45896 2.95872
threshold=1.0000000180025095e-35 -1.0272747897440249 -0.4495932749564302 0.14584399050598762 0.62497617010985407 0.71062320084899333
decision_type=2 2 2 2 2 2
left_child=1 4 -3 -4 -1 -5
right_child=-2 2 3 5 -6 -7
leaf_value=0.016357428927886893 -0.027974475762903628 -0.016316230197288419 0.0098958884447957196 -0.014729014419912943 -0.01558603129909243 0.0024564348836063963
leaf_weight=42.021117154683452 9.6551749939098936 38.822950071888044 65.412528114044107 39.522551728994586 7.926742830197326 59.214874195080483
leaf_count=1423 501 2761 2470 1491 338 2082
internal_value=-0.00100452 0.000340912 -0.00232496 0.00121755 0.0106921 -0.00465402
internal_weight=262.576 252.921 202.973 164.15 49.9479 98.7374
internal_count=11066 10565 8804 6043 1761 3573
is_linear=0
shrinkage=0.05


Tree=122
num_leaves=7
num_cat=0
split_feature=30 31 35 22 4 30
split_gain=2.99457 4.49423 3.4255 2.9387 2.93761 2.55935
threshold=0.926652229322526 -0.3381642757055961 1.0000000180025095e-35 0.84955374808702788 1.4169753519014814 -1.4976895047267773
decision_type=2 2 2 2 2 2
left_child=2 -2 4 -3 5 -1
right_child=1 3 -4 -5 -6 -7
leaf_value=-0.018388824208391191 -0.032208943710352093 -0.010084057047523996 -0.025068713667210203 0.022610202080320808 -0.021926285806775133 0.0058961295693970173
leaf_weight=8.589887044625355 14.186168754938988 17.590391633333642 8.1611915861722064 7.3217182657681397 8.0067685596877691 197.60965630499413
leaf_count=629 730 691 414 296 721 7499
internal_value=-0.000299642 -0.0125375 0.00199036 0.000922232 0.0033533 0.00463527
internal_weight=261.466 39.0983 222.368 24.9121 214.206 206.2
internal_count=10980 1717 9263 987 8849 8128
is_linear=0
shrinkage=0.05


Tree=123
num_leaves=7
num_cat=0
split_feature=22 58 57 68 68 64
split_gain=3.55724 3.27364 3.58807 2.88073 4.48101 4.49196
threshold=1.5701275414417974 1.6380007766667184 4.171408830961103 1.6377708230788224 0.26380789112163433 1.0000000180025095e-35
decision_type=2 2 2 2 2 2
left_child=1 3 -3 4 -1 -6
right_child=-2 2 -4 -5 5 -7
leaf_value=0.00091502696383880325 -0.034079807147188078 0.032371370124353975 -0.010101411385507712 0.026505612692642747 -0.030615044926342067 0.0058714763907460662
leaf_weight=200.38634598260978 4.5540102943778029 12.463824496720919 5.615517822734545 6.222123571438714 21.205623569898307 11.657142281299455
leaf_count=7478 440 315 243 550 1470 580
internal_value=-0.000257778 0.000725775 0.019619 -0.000925698 -0.00198474 -0.018264
internal_weight=262.105 257.551 18.0793 239.471 233.249 32.8628
internal_count=11076 10636 558 10078 9528 2050
is_linear=0
shrinkage=0.05


Tree=124
num_leaves=7
num_cat=0
split_feature=4 10 58 25 20 57
split_gain=2.78015 4.04191 2.56425 2.65018 2.79137 2.60145
threshold=-0.71100967638945145 -1.138965481679592 -0.22263826968646502 -0.66520746829897892 -0.51085001530334451 4.2601153547758148
decision_type=2 2 2 2 2 2
left_child=-1 -2 -3 -4 -5 -6
right_child=1 2 3 4 5 -7
leaf_value=0.011669472736856741 -0.030261246493933292 -0.0027024373197160369 -0.020239136936917885 -0.007407440710459433 0.033155044126230625 -0.010147711363039744
leaf_weight=41.089962987403851 9.0284775803447683 183.52737185591832 2.8380501661449697 6.8105488133733223 16.721381007577293 2.7606905019492833
leaf_count=1430 512 8132 164 302 411 108
internal_value=0.000191923 -0.00206287 -0.000461384 0.0125916 0.0178453 0.0264836
internal_weight=262.776 221.687 212.658 29.1307 26.2926 19.4821
internal_count=11059 9629 9117 985 821 519
is_linear=0
shrinkage=0.05


Tree=125
num_leaves=7
num_cat=0
split_feature=56 58 30 27 19 30
split_gain=4.66637 4.34053 2.55707 3.41834 2.72004 3.83594
threshold=1.0000000180025095e-35 2.5330198755660684 -1.4976895047267773 -1.1413214701268362 -0.096943032885425398 0.15945547804110075
decision_type=2 2 2 2 2 2
left_child=-1 2 -2 -4 -5 -6
right_child=1 -3 3 4 5 -7
leaf_value=-0.019509660149118212 -0.024336979112183594 0.033454426851656734 0.01692990534324813 -0.010026917612386103 0.013389005925473811 -0.0040550257068975365
leaf_weight=28.515662534802686 7.664450218435376 6.8629682245082213 25.394181572715752 61.702111399528803 47.294794606859796 81.832689685164951
leaf_count=1407 629 156 833 3201 1707 3092
internal_value=-0.0014607 0.000991508 -0.000432785 0.000735991 -0.00164765 0.00249304
internal_weight=259.267 230.751 223.888 216.224 190.83 129.127
internal_count=11025 9618 9462 8833 8000 4799
is_linear=0
shrinkage=0.05


Tree=126
num_leaves=7
num_cat=0
split_feature=67 66 67 29 31 28
split_gain=4.19157 3.59954 3.97027 5.47711 4.12053 4.61155
threshold=1.8056965645201057 2.3078284732649474 1.5906185313933592 0.44812598657255187 -0.24495497077121717 0.86118549263533584
decision_type=2 2 2 2 2 2
left_child=1 2 4 -4 5 -1
right_child=-2 -3 3 -5 -6 -7
leaf_value=0.0044986048223693729 -0.037263943809930034 0.017524514480736313 -0.021325752835395693 0.035494486784441164 -0.013049432186819854 -0.023227512650386372
leaf_weight=129.89687160635367 4.6319508310407391 24.271052240859717 3.6584022890310726 11.704284017323515 71.774352098233066 13.914308815612456
leaf_count=4652 538 1148 211 422 3278 795
internal_value=-0.0007508 0.000337108 -0.00167073 0.0206901 -0.00352626 0.00139617
internal_weight=259.851 255.219 230.948 15.3627 215.586 143.811
internal_count=11044 10506 9358 633 8725 5447
is_linear=0
shrinkage=0.05


Tree=127
num_leaves=7
num_cat=0
split_feature=66 8 8 25 13 30
split_gain=3.19326 2.63457 2.35062 3.39715 3.27282 2.8541
threshold=2.3078284732649474 0.89987318997961474 -0.74035698565838437 -1.274291354093281 -1.0272747897440249 -1.3289062194448638
decision_type=2 2 2 2 2 2
left_child=1 2 4 -4 -1 -5
right_child=-2 -3 3 5 -6 -7
leaf_value=0.012358481449898364 0.016233589768621264 -0.013884556931446111 -0.022390996419718003 0.03984015603972027 -0.014526587064184868 0.0042428330612657543
leaf_weight=12.533541374374179 24.455935031932313 34.799545787042007 8.5962662517558766 2.9534748324658713 42.455406381515786 136.29199292941485
leaf_count=387 1203 1927 643 100 1877 4946
internal_value=7.94669e-05 -0.00176471 0.000486745 0.00376904 -0.00807638 0.00582219
internal_weight=262.086 237.63 202.831 147.842 54.9889 139.245
internal_count=11083 9880 7953 5689 2264 5046
is_linear=0
shrinkage=0.05


Tree=128
num_leaves=7
num_cat=0
split_feature=25 18 30 2 28 13
split_gain=4.48735 3.09926 2.23481 4.72784 3.41672 2.82234
threshold=-1.3647803880051022 -2.0794855926437079 0.926652229322526 0.72708053441932985 0.79970550523665773 1.4381936651678895
decision_type=2 2 2 2 2 2
left_child=1 -1 4 5 -2 -4
right_child=2 -3 3 -5 -6 -7
leaf_value=0.011801899997774297 0.0053014733487070781 -0.039401442995965597 -0.031195197488735307 0.006227661996745272 -0.012293651040400633 0.020045178055526861
leaf_weight=2.4036327705252907 178.95250199138536 8.8540113631170225 18.046752243302766 21.289471231400967 29.616695934440941 1.0167051893658925
leaf_count=70 6773 771 872 858 1728 25
internal_value=-0.00100475 -0.028286 0.000551213 -0.00979808 0.00266408 -0.0261084
internal_weight=260.18 11.2576 248.922 40.3529 208.569 19.0635
internal_count=11097 841 10256 1755 8501 897
is_linear=0
shrinkage=0.05


Tree=129
num_leaves=7
num_cat=0
split_feature=58 25 17 21 67 68
split_gain=3.04303 3.67331 3.97262 3.41042 4.09489 4.22008
threshold=1.367144291829774 0.94685518910491961 0.65410553419735928 -0.028951363197538101 1.0877282473189567 0.18475127576221975
decision_type=2 2 2 2 2 2
left_child=1 3 -3 4 5 -1
right_child=-2 2 -4 -5 -6 -7
leaf_value=0.0054615377349007035 0.017613668073604066 0.022009990281484718 -0.003890047242471867 -0.01592951264726376 -0.029284391138227853 -0.019732307251086822
leaf_weight=105.46831532681244 18.463961237343028 26.195514562772587 28.494687771890312 51.676971805747598 8.7134227224159968 16.646822855458595
leaf_count=3634 619 776 1101 3166 670 991
internal_value=-0.000429657 -0.00203665 0.009015 -0.00544065 -0.00103337 0.00163631
internal_weight=255.66 237.196 54.6902 182.506 130.829 122.115
internal_count=10957 10338 1877 8461 5295 4625
is_linear=0
shrinkage=0.05


Tree=130
num_leaves=7
num_cat=0
split_feature=35 68 30 28 25 24
split_gain=2.75725 2.84997 3.24728 3.99759 3.60188 2.56482
threshold=1.0000000180025095e-35 -0.74736433067260466 0.66580533388684138 0.93028924341163932 -0.5891316512193171 1.447420368547178
decision_type=2 2 2 2 2 2
left_child=1 2 4 -4 -1 -3
right_child=-2 5 3 -5 -6 -7
leaf_value=-0.0029491315753642131 -0.024015545319071102 -0.00056176479417405245 -0.023245587904812681 0.022937739903337941 0.029110905660634769 -0.01961030159381557
leaf_weight=12.501463209919164 9.2339170954655838 182.75661486526951 10.383494181325657 4.3921088534407309 22.757892298075603 16.587418108945712
leaf_count=576 481 7988 417 124 823 694
internal_value=-0.000839791 0.000293622 0.0106075 -0.0079631 0.0184039 -0.00241404
internal_weight=258.613 249.379 50.035 14.7756 35.2594 199.344
internal_count=11103 10622 1940 541 1399 8682
is_linear=0
shrinkage=0.05


Tree=131
num_leaves=7
num_cat=0
split_feature=13 32 67 24 63 30
split_gain=3.83367 2.70251 2.55796 3.85967 2.86708 3.61267
threshold=-1.0804463245329594 -0.80693872920524845 -0.81785618258327053 0.85823977812694785 1.0000000180025095e-35 0.7271810739893555
decision_type=2 2 2 2 2 2
left_child=-1 -2 -3 4 5 -4
right_child=1 2 3 -5 -6 -7
leaf_value=0.01144853043585088 -0.021126178683878172 -0.012546965967247534 0.011554866800035941 0.016591060532930853 -0.011432282722164257 -0.012334361833849221
leaf_weight=42.273137680604123 19.166900965385139 45.835155110515188 44.519144505262375 27.387668156763539 54.902146132779308 20.885126773035154
leaf_count=1496 1787 1909 1713 827 2519 765
internal_value=-0.00180659 -0.00456362 -0.00262584 0.000641562 -0.00330465 0.00372008
internal_weight=254.969 212.696 193.529 147.694 120.306 65.4043
internal_count=11016 9520 7733 5824 4997 2478
is_linear=0
shrinkage=0.05


Tree=132
num_leaves=7
num_cat=0
split_feature=35 68 41 64 28 15
split_gain=3.92261 2.91449 3.54279 4.58494 2.83111 2.6494
threshold=1.0000000180025095e-35 0.41180695658743566 1.0000000180025095e-35 1.0000000180025095e-35 0.94320983837291528 -0.20847096193167841
decision_type=2 2 2 2 2 2
left_child=1 5 -3 -4 -2 -1
right_child=4 2 3 -5 -6 -7
leaf_value=0.0083044020758175057 -0.037973628765546115 0.01777019115131882 -0.033073018221492334 0.0073632436277756459 0.01288266145728395 -0.0032770845131138968
leaf_weight=145.04376143708942 7.3412377694621664 5.9495868354570147 16.306303601246327 9.549136178800838 2.043984345975332 72.091957176220603
leaf_count=4978 410 385 1272 575 105 3281
internal_value=0.0010276 0.00236664 -0.0111214 -0.0189259 -0.0264601 0.00446694
internal_weight=258.326 248.941 31.805 25.8554 9.38522 217.136
internal_count=11006 10491 2232 1847 515 8259
is_linear=0
shrinkage=0.05


Tree=133
num_leaves=7
num_cat=0
split_feature=66 67 67 5 23 15
split_gain=1.99813 2.23398 2.01649 4.2062 3.12827 3.16522
threshold=2.3078284732649474 0.17759577945492769 -0.36692139109549887 0.13511991912589036 -0.20095956610121035 -0.62448855742877074
decision_type=2 2 2 2 2 2
left_child=2 -2 4 -4 -1 -6
right_child=1 -3 3 -5 5 -7
leaf_value=0.00026262877859602055 0.021162505021132549 -0.010551599019221307 -0.0021336659557036962 0.017508479790729947 0.0071553608954687742 -0.026088113189577072
leaf_weight=70.284939162549563 18.602742964809298 5.4080045537557444 95.698400628287345 34.819434713805094 8.187461377354337 24.61013345757965
leaf_count=2386 985 224 4178 1957 220 1100
internal_value=0.000763676 0.0136409 -0.000716093 0.00338211 -0.00585393 -0.0178852
internal_weight=257.611 24.0107 233.6 130.518 103.083 32.7976
internal_count=11050 1209 9841 6135 3706 1320
is_linear=0
shrinkage=0.05


Tree=134
num_leaves=7
num_cat=0
split_feature=68 30 25 22 14 14
split_gain=3.07938 3.82365 4.08027 2.58681 2.53397 2.37488
threshold=-0.74736433067260466 0.66580533388684138 -0.40659333357962663 0.10627306997029531 2.6454957101235004 2.1950851910762839
decision_type=2 2 2 2 2 2
left_child=1 2 -1 -3 5 -2
right_child=4 3 -4 -5 -6 -7
leaf_value=-0.00080533186092843429 -0.0028430000723036215 -0.031628255892862299 0.031423755226141208 0.0056827438329815454 -0.033324255098492579 0.029185854227439901
leaf_weight=16.307654921081848 197.85474658815656 4.8265847314614794 21.141590984683717 9.6285781024489534 3.6725425523472941 2.9708990801591417
leaf_count=763 8481 228 695 327 341 160
internal_value=-0.000199796 0.0103324 0.0183704 -0.0100702 -0.00298375 -0.00194659
internal_weight=256.403 51.9044 37.4492 14.4552 204.498 200.826
internal_count=10995 2013 1458 555 8982 8641
is_linear=0
shrinkage=0.05


Tree=135
num_leaves=7
num_cat=0
split_feature=68 24 41 23 23 13
split_gain=3.28894 2.93746 2.43753 4.5713 3.56167 3.77627
threshold=-0.74736433067260466 0.18738390782358627 1.0000000180025095e-35 0.24100204997004324 -0.50318729102768633 0.30739677874317745
decision_type=2 2 2 2 2 2
left_child=1 -1 3 -2 5 -4
right_child=2 -3 4 -5 -6 -7
leaf_value=-0.0011532356690643396 -0.0067315546248714365 0.022026466070102779 -0.0014693337526568071 0.026657799847254846 -0.010376104502769407 0.029761617824825407
leaf_weight=25.368579647038132 20.695193676510826 25.93112641031621 47.543611473636702 15.646828909520989 110.67690302454866 9.0741974269039911
leaf_count=1081 907 904 1784 484 5521 273
internal_value=0.000184819 0.0111333 -0.00269489 0.00858059 -0.00525231 0.00478183
internal_weight=254.936 51.2997 203.637 36.342 167.295 56.6178
internal_count=10954 1985 8969 1391 7578 2057
is_linear=0
shrinkage=0.05


Tree=136
num_leaves=7
num_cat=0
split_feature=29 67 0 42 20 57
split_gain=3.207 2.9542 3.20611 2.83942 4.08874 2.24443
threshold=-0.6110648416139125 -1.4170889270171114 0.65465756468145997 1.0000000180025095e-35 -0.28009002974982766 1.0000000180025095e-35
decision_type=2 2 2 2 2 2
left_child=1 -1 -3 5 -5 -2
right_child=3 2 -4 4 -6 -7
leaf_value=-0.026074670762019199 -0.0075775650401622707 0.0031279580475256467 0.024026005326294769 -0.01551056053823264 0.027081212265275229 0.012879485373074831
leaf_weight=3.0774190782103679 143.66049626216409 53.706099434406497 25.774078211397864 6.2263825993286472 13.292314242105929 12.042409751971716
leaf_count=243 7112 1959 796 239 302 394
internal_value=0.000348003 0.00830124 0.0105322 -0.00347591 0.0132383 -0.00578182
internal_weight=257.779 82.5576 79.4802 175.222 19.5187 155.703
internal_count=11045 2998 2755 8047 541 7506
is_linear=0
shrinkage=0.05


Tree=137
num_leaves=7
num_cat=0
split_feature=67 67 68 68 67 64
split_gain=2.845 2.92852 2.7732 3.4058 2.61156 3.01101
threshold=1.8560376699331458 -1.4772725864884937 1.6377708230788224 -0.56872960523748783 -0.66711061037401576 1.0000000180025095e-35
decision_type=2 2 2 2 2 2
left_child=1 -1 3 4 5 -3
right_child=-2 2 -4 -5 -6 -7
leaf_value=-0.035002736378092418 -0.032471613610341808 0.0058403821011429307 0.030356146053385998 -0.0034329995656834037 0.013962282530612977 -0.02901751591167915
leaf_weight=2.5168124325573435 3.4853497945005065 18.456626497238179 5.2453277644235632 160.65440327650867 62.033078646403737 5.8107378212735048
leaf_count=290 435 736 412 6908 2083 212
internal_value=0.000239037 0.00105941 0.00182653 0.000863492 0.00870835 -0.00478047
internal_weight=258.202 254.717 252.2 246.955 86.3004 24.2674
internal_count=11076 10641 10351 9939 3031 948
is_linear=0
shrinkage=0.05


Tree=138
num_leaves=7
num_cat=0
split_feature=22 24 21 63 18 24
split_gain=3.14194 3.01332 3.06136 4.28745 3.16253 3.19787
threshold=-0.82598079081685283 0.7233678873793602 -0.98190467440022866 1.0000000180025095e-35 -0.12812469892601017 -0.11252604847297461
decision_type=2 2 2 2 2 2
left_child=-1 2 -2 -4 5 -5
right_child=1 -3 3 4 -6 -7
leaf_value=-0.014478032903877886 0.0094806941439080153 0.0087057840254974143 0.001129552884525565 -0.013209929179900107 -0.027593071356130035 0.024482171540377955
leaf_weight=44.385486473562196 29.631903630506713 62.663608604081674 61.456426784396172 16.594424801063727 30.696393427089788 4.9205344005022189
leaf_count=2076 1109 2198 2818 1349 1317 133
internal_value=-0.00286929 -0.000195646 -0.00418686 -0.007902 -0.0180165 -0.00264855
internal_weight=250.349 205.963 143.3 113.668 52.2114 21.515
internal_count=11000 8924 6726 5617 2799 1482
is_linear=0
shrinkage=0.05


Tree=139
num_leaves=7
num_cat=0
split_feature=28 24 68 42 28 34
split_gain=2.88439 3.21942 3.80179 3.69219 4.20487 4.06271
threshold=-1.2060178485980126 0.92686501329046078 0.41180695658743566 1.0000000180025095e-35 0.27430880017623943 1.0000000180025095e-35
decision_type=2 2 2 2 2 2
left_child=-1 3 -3 4 -2 -5
right_child=1 2 -4 5 -6 -7
leaf_value=-0.012574718530571736 0.0042353738762792642 0.019489678550081404 -0.016299461635314611 -0.023262220135760743 -0.011807641747063299 0.029101335906160455
leaf_weight=31.262874963693321 92.562573470233474 41.907032233837526 6.5191543608671045 2.2652168313507 68.58101315877866 15.140451696701348
leaf_count=1353 3835 1289 413 159 3668 370
internal_value=0.000973025 0.00297874 0.0140019 -0.000192945 -0.00268338 0.0198685
internal_weight=258.238 226.975 48.4262 178.549 161.144 17.4057
internal_count=11087 9734 1702 8032 7503 529
is_linear=0
shrinkage=0.05


Tree=140
num_leaves=7
num_cat=0
split_feature=10 22 24 26 67 31
split_gain=3.15735 3.20177 2.52843 5.67923 2.80573 3.05045
threshold=1.2624941958074112 -1.8046604994201743 -0.5498632614166542 -0.3699682961136625 -0.36692139109549887 1.0000000180025095e-35
decision_type=2 2 2 2 2 2
left_child=1 -1 3 -3 5 -4
right_child=-2 2 4 -5 -6 -7
leaf_value=-0.020798847181295727 -0.020891016268155232 0.0036999560021848798 0.003940371642014248 -0.03257703718639781 0.012047199389457589 -0.018983024025467012
leaf_weight=11.709954942809416 13.258677407284265 36.897307159611955 76.017949766741367 11.961645640782079 90.658589743892662 14.778387019701766
leaf_count=651 928 1508 2651 1286 3306 685
internal_value=0.00045221 0.00186291 0.00326774 -0.00655215 0.00597542 -0.000278555
internal_weight=255.283 242.024 230.314 48.859 181.455 90.7963
internal_count=11015 10087 9436 2794 6642 3336
is_linear=0
shrinkage=0.05


Tree=141
num_leaves=7
num_cat=0
split_feature=67 56 30 31 35 22
split_gain=2.95906 2.99799 3.10116 4.53256 2.61908 2.92747
threshold=-1.4772725864884937 1.0000000180025095e-35 1.1568112547069536 0.59392877363819374 1.0000000180025095e-35 1.0666834678622779
decision_type=2 2 2 2 2 2
left_child=-1 -2 4 -4 5 -3
right_child=1 2 3 -5 -6 -7
leaf_value=-0.034721951110675671 -0.011918743469384929 0.0095981169006274913 -0.021759854278137352 0.023448139633030066 -0.017537828841205798 -0.012125488512188039
leaf_weight=2.4442527818027875 28.654478646960342 179.29082514357287 19.583070851513188 4.656152074225246 7.9585341321071601 14.409239244414492
leaf_count=277 1389 6938 911 152 395 947
internal_value=0.00180066 0.00255172 0.00451941 -0.0114497 0.00657859 0.00782182
internal_weight=256.997 254.552 225.898 24.2392 201.659 193.7
internal_count=11009 10732 9343 1063 8280 7885
is_linear=0
shrinkage=0.05


Tree=142
num_leaves=7
num_cat=0
split_feature=15 67 68 19 28 67
split_gain=2.5462 2.55137 2.47114 2.72576 2.38067 2.34064
threshold=0.29712361328104564 1.8056965645201057 -0.74736433067260466 1.2168348356514225 0.95564055295651229 -0.75935634629294479
decision_type=2 2 2 2 2 2
left_child=1 2 3 -1 -5 -4
right_child=-2 -3 5 4 -6 -7
leaf_value=0.021424388788456802 -0.0099789124758457321 -0.030101769160588439 -0.0091302110811384719 -0.024911581952535993 0.018640250421803839 0.0041870226620699226
leaf_weight=28.617006783519173 46.390425950288773 2.8254556880565351 40.973124274169095 4.9976911209523669 2.4594253757968545 129.36796899558976
leaf_count=1037 2731 312 1455 209 53 5318
internal_value=0.000249117 0.00262576 0.00349855 0.0148412 -0.00932093 0.000881175
internal_weight=255.631 209.241 206.415 36.0741 7.45712 170.341
internal_count=11115 8384 8072 1299 262 6773
is_linear=0
shrinkage=0.05


Tree=143
num_leaves=7
num_cat=0
split_feature=67 66 32 32 67 24
split_gain=3.45222 2.60811 2.3385 2.50196 2.50673 4.74261
threshold=1.8056965645201057 2.3078284732649474 2.2755935992722809 1.7151331759127297 -0.3956678981865312 -0.95026820494446673
decision_type=2 2 2 2 2 2
left_child=1 2 3 4 5 -1
right_child=-2 -3 -4 -5 -6 -7
leaf_value=0.020590746434909775 -0.034138423783965699 0.016489175774314368 -0.028880065356040444 0.021746980269863873 0.003786854033056954 -0.011502044835227314
leaf_weight=10.646109118126331 3.9898666018852955 22.9977180105343 3.9063263217685735 10.243623601971192 128.1748438392533 76.707961851730943
leaf_count=361 522 1167 152 283 5736 2875
internal_value=0.000537345 0.00147903 -0.000217155 0.000650986 -0.000636442 -0.00703699
internal_weight=256.666 252.677 229.679 225.773 215.529 87.3541
internal_count=11096 10574 9407 9255 8972 3236
is_linear=0
shrinkage=0.05


Tree=144
num_leaves=7
num_cat=0
split_feature=25 20 14 19 30 13
split_gain=1.96774 2.10505 2.66875 3.61663 2.07926 2.074
threshold=-1.3772010130704391 -0.85019021558894159 2.0869293907059911 -0.80644100009672826 2.3613101542187915 0.28231989208942426
decision_type=2 2 2 2 2 2
left_child=-1 -2 3 -3 5 -5
right_child=1 2 -4 4 -6 -7
leaf_value=-0.017680754106967587 0.020773118181730003 -0.018002711407279905 0.025502578604248163 -0.00078747521692098036 -0.026396049726629511 0.010154738406380424
leaf_weight=10.883762961369937 10.624200080754234 23.364051044802181 7.2571523449150837 142.7453001619142 3.4257093730848274 58.92750848425203
leaf_count=794 305 1456 390 5368 181 2670
internal_value=0.000649334 0.00166216 0.000550574 -0.000562298 0.00165534 0.00251175
internal_weight=257.228 246.344 235.72 228.463 205.099 201.673
internal_count=11164 10370 10065 9675 8219 8038
is_linear=0
shrinkage=0.05


Tree=145
num_leaves=7
num_cat=0
split_feature=4 4 8 68 67 35
split_gain=4.0786 3.37704 2.86905 2.54552 2.64992 2.71156
threshold=1.1787680726151828 0.97232176390039082 0.48981564607011491 2.6897417307971101 1.7435513378378011 1.0000000180025095e-35
decision_type=2 2 2 2 2 2
left_child=1 3 -3 4 5 -1
right_child=-2 2 -4 -5 -6 -7
leaf_value=0.00088033060053670166 -0.024518697872180712 0.045950645817032967 -0.013130391079124429 0.033551293226584691 -0.03122964688743296 -0.024427490611204999
leaf_weight=217.90054177615093 14.320125796366481 4.0522698217537245 1.3562943771248681 2.3635944369016206 4.1639575455337754 8.117211335920727
leaf_count=8602 1188 118 87 209 433 396
internal_value=-0.0010917 0.000605859 0.0317363 -0.00051316 -0.0012901 -0.000336655
internal_weight=252.274 237.954 5.40856 232.545 230.182 226.018
internal_count=11033 9845 205 9640 9431 8998
is_linear=0
shrinkage=0.05


Tree=146
num_leaves=7
num_cat=0
split_feature=22 24 27 0 2 66
split_gain=2.62634 2.31185 4.56598 3.5041 2.41964 2.40535
threshold=-1.8046604994201743 -0.5498632614166542 -1.3499642869993531 -1.1118844706431894 1.6693698408230657 -0.33802269862214723
decision_type=2 2 2 2 2 2
left_child=-1 2 -2 -3 5 -4
right_child=1 3 4 -5 -6 -7
leaf_value=-0.020190285347415717 0.011843521318568374 0.03329511686611452 -0.02820936292557312 0.0022766329701831719 0.021243947368386206 0.002222557954131029
leaf_weight=12.059449188294819 17.158036789507605 6.6175728978123507 24.617738590226509 185.30567215711926 1.3190525983227406 7.9453960441751397
leaf_count=665 567 166 2017 7093 174 365
internal_value=7.98781e-05 0.00131997 -0.00785075 0.00384213 -0.0179761 -0.0212229
internal_weight=255.023 242.963 51.0402 191.923 33.8822 32.5631
internal_count=11047 10382 3123 7259 2556 2382
is_linear=0
shrinkage=0.05


Tree=147
num_leaves=7
num_cat=0
split_feature=20 24 28 11 67 22
split_gain=2.39322 3.60398 3.15897 3.55238 2.96788 3.06553
threshold=-0.85019021558894159 -0.5498632614166542 0.47969114851803935 -1.0198230299472046 -0.25164025969963727 0.20880438619259861
decision_type=2 2 2 2 2 2
left_child=-1 2 3 -2 -5 -6
right_child=1 -3 -4 4 5 -7
leaf_value=0.017323849163121713 -0.027251313701991877 0.001948938562803422 -0.033177465968176494 0.02216599859616214 -0.024831825758499182 0.018910971884895229
leaf_weight=16.203960110549815 8.4123854971257988 191.55701231892454 11.340633548563344 11.124197721248494 8.0541305098449794 3.6191128571517757
leaf_count=499 449 7397 1217 440 758 213
internal_value=0.000350692 -0.00102845 -0.0136778 -0.0043042 0.00634778 -0.0101764
internal_weight=250.311 234.107 42.5505 31.2098 22.7974 11.6732
internal_count=10973 10474 3077 1860 1411 971
is_linear=0
shrinkage=0.05


Tree=148
num_leaves=7
num_cat=0
split_feature=20 24 0 32 24 28
split_gain=2.22211 2.80826 2.93665 2.39633 3.0332 3.49902
threshold=-0.85019021558894159 -0.4495932749564302 -1.1118844706431894 0.14584399050598762 0.85823977812694785 -0.87461377309836419
decision_type=2 2 2 2 2 2
left_child=-1 -2 -3 -4 -5 -6
right_child=1 2 3 4 5 -7
leaf_value=0.015840064299168326 -0.012075086185876235 0.028483910914175205 0.0063956084082569427 -0.013331786517601028 -0.020547107199073034 0.0091290281843261871
leaf_weight=16.03167364327237 49.969518265803345 6.2183952166233203 73.035092205042019 52.95419705886161 9.5829702602932212 44.873633835231885
leaf_count=485 3448 145 2917 2035 354 1636
internal_value=-0.000613126 -0.00191216 0.000956392 -0.000442543 -0.00513965 0.00310662
internal_weight=252.665 236.634 186.664 180.446 107.411 54.4566
internal_count=11020 10535 7087 6942 4025 1990
is_linear=0
shrinkage=0.05


Tree=149
num_leaves=7
num_cat=0
split_feature=67 68 28 12 28 68
split_gain=2.51526 1.87296 3.91914 3.02153 2.60321 3.61601
threshold=1.8560376699331458 -0.56872960523748783 -0.19159805651982051 0.88408931681058578 0.27430880017623943 -0.53003192948677347
decision_type=2 2 2 2 2 2
left_child=1 2 3 -1 5 -3
right_child=-2 4 -4 -5 -6 -7
leaf_value=-0.015754819070694304 -0.0306832232232781 -0.029208420186923836 0.01557739390790425 0.013494053998346165 -0.01028191173071584 0.0051768576644030525
leaf_weight=22.194571309490129 3.2551437860820434 5.2583774925442404 51.707516074238811 10.85595343459863 55.005254089715891 103.66144219052512
leaf_count=945 456 269 1774 322 3008 4234
internal_value=0.000646673 0.00141761 0.00731828 -0.00582413 -0.00171004 0.00277839
internal_weight=251.938 248.683 84.758 33.0505 163.925 108.92
internal_count=11008 10552 3041 1267 7511 4503
is_linear=0
shrinkage=0.05


Tree=150
num_leaves=7
num_cat=0
split_feature=58 26 27 29 25 42
split_gain=2.63852 2.74817 3.5636 2.28726 3.47336 3.48168
threshold=-0.22263826968646502 -0.42519558020237785 0.31592506975354467 -0.59112047929108835 -0.43644811371361364 1.0000000180025095e-35
decision_type=2 2 2 2 2 2
left_child=3 -2 -3 -1 -5 -6
right_child=1 2 -4 4 5 -7
leaf_value=0.0054484090666743167 -0.003346811299860033 0.039494144083910374 -0.0016619366946250822 -0.024030095971920566 -0.0052691737509609751 0.018041985808013996
leaf_weight=71.702444946626201 14.707942016539162 10.778234100900592 8.1296630266588163 18.208611345849931 115.00028926436789 15.566867353161795
leaf_count=2655 607 284 260 1741 5090 367
internal_value=0.000299428 0.0127376 0.0239942 -0.00174252 -0.00524738 -0.00214709
internal_weight=254.094 33.6158 18.9079 220.478 148.776 130.567
internal_count=11004 1151 544 9853 7198 5457
is_linear=0
shrinkage=0.05


Tree=151
num_leaves=7
num_cat=0
split_feature=29 67 67 22 42 28
split_gain=2.36038 3.61931 3.18737 3.55813 2.94398 2.41904
threshold=0.12687656433058561 1.5355904954763464 -0.67815093556115158 0.7302582632290352 1.0000000180025095e-35 1.0447069291232234
decision_type=2 2 2 2 2 2
left_child=1 2 -1 -4 5 -2
right_child=4 -3 3 -5 -6 -7
leaf_value=-0.005178414117217367 -0.016465982115266398 -0.033602474100141909 0.013647151837844724 -0.01280787687016386 0.012158282639955244 0.0040020112817270833
leaf_weight=66.259079121868126 63.805589787079953 4.1203970308415583 70.353994779405184 12.894996136543339 12.14315964700654 17.108384579187259
leaf_count=2608 3529 385 2560 517 315 1099
internal_value=-0.00254662 0.00127421 0.00287749 0.00924639 -0.00869723 -0.0121499
internal_weight=246.686 153.628 149.508 83.249 93.0571 80.914
internal_count=11013 6070 5685 3077 4943 4628
is_linear=0
shrinkage=0.05


Tree=152
num_leaves=7
num_cat=0
split_feature=67 68 68 67 12 66
split_gain=2.64189 3.22342 3.4191 3.45073 2.75248 2.61998
threshold=-1.4772725864884937 1.6377708230788224 0.89635853540035915 1.7435513378378011 0.011309606767934783 2.3180198936572398
decision_type=2 2 2 2 2 2
left_child=-1 2 3 5 -3 -2
right_child=1 4 -4 -5 -6 -7
leaf_value=-0.035166233591121393 -0.00028845809036801592 0.042954441653544957 -0.025769663005122397 -0.033941443783748249 -0.01547431622160636 0.017376065133198847
leaf_weight=2.4277460232842705 206.57768694439437 4.4544876453001043 10.136781651875934 4.0791205138666546 1.028957786504179 20.353984038898489
leaf_count=279 7923 408 742 493 92 1080
internal_value=-0.000660463 9.7736e-05 -0.000956225 0.000448998 0.0303954 0.00150195
internal_weight=249.059 246.631 241.148 231.011 5.48345 226.932
internal_count=11017 10738 10238 9496 500 9003
is_linear=0
shrinkage=0.05


Tree=153
num_leaves=7
num_cat=0
split_feature=22 23 42 20 66 68
split_gain=3.56278 2.43292 2.78404 4.12282 3.77533 2.87191
threshold=-2.0023012243882992 -0.60746429824254211 1.0000000180025095e-35 -0.3314940995274247 -0.48746848826408135 -0.73373219489678432
decision_type=2 2 2 2 2 2
left_child=-1 -2 4 -4 5 -3
right_child=1 2 3 -5 -6 -7
leaf_value=-0.029045517714339525 0.0073244441145881387 0.0048135309715803785 -0.017900554515946448 0.026231647834053174 0.007727784267769218 -0.014202416767245414
leaf_weight=8.186322601628488 72.234151419339469 23.624453553115018 5.2515618918696445 13.77387301775161 36.622997576108901 90.055227175122127
leaf_count=519 2675 865 226 314 1698 4773
internal_value=-0.00145923 -0.00017953 -0.00345245 0.013271 -0.00578759 -0.0102284
internal_weight=249.749 241.562 169.328 19.0254 150.303 113.68
internal_count=11070 10551 7876 540 7336 5638
is_linear=0
shrinkage=0.05


Tree=154
num_leaves=7
num_cat=0
split_feature=30 31 56 25 24 29
split_gain=4.60038 4.59307 3.66577 3.66447 3.46398 3.00515
threshold=0.926652229322526 0.59392877363819374 1.0000000180025095e-35 -1.2894710572861212 0.84441830219237624 -2.3236818852121406
decision_type=2 2 2 2 2 2
left_child=2 4 -1 5 -2 -4
right_child=1 -3 3 -5 -6 -7
leaf_value=-0.014883170357623089 -0.031955318568348559 0.01740661622771841 0.0090770719675650011 0.0072815707390473791 0.0056130310023996179 -0.033401931999495968
leaf_weight=22.38529082457535 22.933486852445643 6.337657284573651 5.1140277227386832 178.98328518896597 6.9846651165280482 7.6905295428587106
leaf_count=1123 1269 255 187 7259 216 746
internal_value=0.000212076 -0.0155425 0.00305691 0.00534783 -0.0234724 -0.0179336
internal_weight=250.429 36.2558 214.173 191.788 29.9182 12.8046
internal_count=11055 1740 9315 8192 1485 933
is_linear=0
shrinkage=0.05


Tree=155
num_leaves=7
num_cat=0
split_feature=22 29 67 31 35 30
split_gain=2.24013 2.14551 2.09419 2.27782 2.15299 3.3024
threshold=-1.8046604994201743 -1.9340714417671145 1.6709907100355574 -0.058536360902459193 1.0000000180025095e-35 0.83458861916875493
decision_type=2 2 2 2 2 2
left_child=1 -1 4 -4 -2 -6
right_child=2 -3 3 -5 5 -7
leaf_value=0.012974866837487796 0.0033505256747517692 -0.027713090702453182 -0.030362413363736449 0.012254529245899197 -0.03390414852396946 0.018344717469437999
leaf_weight=2.3683816252741954 218.80768287647516 9.6392390932887775 7.0184817918925546 2.6158959848107752 6.2157546421512944 2.2286019311286509
leaf_count=84 9065 602 674 199 332 95
internal_value=4.22947e-05 -0.0186984 0.00121421 -0.0186289 0.00228722 -0.0189207
internal_weight=248.894 12.0076 236.886 9.63438 227.252 8.44436
internal_count=11051 686 10365 873 9492 427
is_linear=0
shrinkage=0.05


Tree=156
num_leaves=7
num_cat=0
split_feature=56 29 57 26 32 63
split_gain=2.54168 2.61202 2.58536 3.44362 2.20132 2.7265
threshold=1.0000000180025095e-35 -2.1494247057448281 0.1798438650427617 -0.46379980683598604 2.4717547474481232 1.0000000180025095e-35
decision_type=2 2 2 2 2 2
left_child=1 -1 4 -4 5 -2
right_child=2 -3 3 -5 -6 -7
leaf_value=0.025856327215831049 0.0066996939441110494 -0.018056363978467924 -0.01477757862487206 0.038832278737778621 -0.030613865200183145 -0.004506930106191671
leaf_weight=1.1783421570435191 105.55779209319735 26.277927084214753 2.4756379006430507 6.5616269188176357 2.6121234400197855 105.65595382661559
leaf_count=23 4456 1367 114 123 106 4912
internal_value=-0.000254394 -0.0138105 0.00157694 0.0241237 0.000303425 0.00110917
internal_weight=250.319 27.4563 222.863 9.03726 213.826 211.214
internal_count=11101 1390 9711 237 9474 9368
is_linear=0
shrinkage=0.05


Tree=157
num_leaves=7
num_cat=0
split_feature=8 32 26 24 68 28
split_gain=2.08084 3.78983 2.55311 2.41197 3.39735 2.42036
threshold=-1.150414529567884 0.34200513868183041 -0.77921505954581527 0.67965345186536574 0.30431341283545082 0.52074924767223629
decision_type=2 2 2 2 2 2
left_child=1 -1 -3 5 -5 -2
right_child=3 2 -4 4 -6 -7
leaf_value=0.0020441005794080776 0.0030024262620914942 0.0073088830730548855 -0.038707449248079735 0.014570805405846543 -0.015132784998344582 -0.010558447975041239
leaf_weight=24.534029995091259 102.89766908320598 2.8258470149012274 10.005265840009086 57.048062865971588 8.9354891243856382 44.787372538005002
leaf_count=1104 4359 112 447 1844 522 2712
internal_value=0.000406178 -0.010022 -0.0291085 0.00234331 0.0100652 -0.00123841
internal_weight=251.034 37.3651 12.8311 213.669 65.9836 147.685
internal_count=11100 1663 559 9437 2366 7071
is_linear=0
shrinkage=0.05


Tree=158
num_leaves=7
num_cat=0
split_feature=18 24 68 31 33 22
split_gain=2.23546 3.42453 2.88876 2.65161 2.59698 2.42256
threshold=1.4704585670754959 0.85823977812694785 1.2989218567515428 -0.15174566583683816 -0.87194495649417048 0.62725983394877172
decision_type=2 2 2 2 2 2
left_child=1 2 5 -2 -4 -1
right_child=3 -3 4 -5 -6 -7
leaf_value=0.0005472133394469939 0.0041353967495686766 0.014060107414786464 -0.017057157064590187 -0.031619889780170989 0.035042022314354153 -0.012523631487403403
leaf_weight=138.26232436057762 8.3312924681522436 41.228497393196449 1.2049109085928646 8.4884506280941405 6.2894844277761868 44.565350415650755
leaf_count=5790 329 1356 158 470 522 2413
internal_value=0.000162555 0.00152319 -0.00136866 -0.0159641 0.0241842 -0.00278963
internal_weight=248.37 231.551 190.322 16.8197 7.4944 182.828
internal_count=11038 10239 8883 799 680 8203
is_linear=0
shrinkage=0.05


Tree=159
num_leaves=7
num_cat=0
split_feature=22 67 32 67 24 18
split_gain=2.49251 3.40351 5.65673 3.05921 3.6399 3.54285
threshold=1.0826950654601419 1.5355904954763464 0.25793607517789779 -0.36692139109549887 -0.95026820494446673 0.31207659808064936
decision_type=2 2 2 2 2 2
left_child=1 3 -3 4 -1 -6
right_child=-2 2 -4 -5 5 -7
leaf_value=0.020881348203026104 -0.014864477971871865 -0.036646068476188426 0.012987089198583516 0.010024630312865331 -0.017960853765919424 0.0015673282927111917
leaf_weight=12.260742293670772 21.484453460201621 10.847689300077038 7.7471328284591428 99.607584916055202 32.833924856793601 64.800360060064122
leaf_count=420 1460 994 201 4158 1441 2371
internal_value=0.000309157 0.00191277 -0.017036 0.00381137 -0.001937 -0.00533956
internal_weight=249.582 228.097 18.5948 209.503 109.895 97.6343
internal_count=11045 9585 1195 8390 4232 3812
is_linear=0
shrinkage=0.05


Tree=160
num_leaves=7
num_cat=0
split_feature=28 12 22 22 27 67
split_gain=3.1702 2.80915 2.03679 1.91054 1.88304 2.75052
threshold=-1.2060178485980126 -0.78257958942847206 1.5701275414417974 -1.4912016868033175 -1.3240236596660437 -1.1172468877759254
decision_type=2 2 2 2 2 2
left_child=1 -1 3 -2 5 -5
right_child=2 -3 -4 4 -6 -7
leaf_value=0.011284045635626204 -0.024539675912867789 -0.022461089006236473 -0.023799528635703421 -0.021291300400088264 0.0023577765003859339 0.024997299667418746
leaf_weight=6.1333061817567822 3.1042215094203121 21.979335107374936 4.2578329302486955 1.4906970916781599 193.20110504192417 15.779716538265346
leaf_count=338 195 951 446 124 8475 482
internal_value=0.000224533 -0.0147208 0.00232709 0.0031704 0.00391822 0.0184421
internal_weight=245.946 28.1126 217.834 213.576 210.472 17.2704
internal_count=11011 1289 9722 9276 9081 606
is_linear=0
shrinkage=0.05


Tree=161
num_leaves=7
num_cat=0
split_feature=25 29 29 24 41 30
split_gain=1.72356 3.09025 2.26832 2.38133 2.7703 2.30222
threshold=-1.2894710572861212 -2.2410159420671927 -1.2724382358822806 -0.4495932749564302 1.0000000180025095e-35 -1.1294350641116933
decision_type=2 2 2 2 2 2
left_child=1 -1 -2 4 -4 -6
right_child=2 -3 3 -5 5 -7
leaf_value=0.0089157717852980083 0.016912152160968006 -0.031209328416650414 0.012410629256975952 0.0022072511891884725 0.016315287278698735 -0.021004260419006104
leaf_weight=6.5230028319638214 17.888352859648876 8.2423243369557877 7.9374624296324319 177.377803516516 2.4875644882558836 30.17208238056628
leaf_count=250 547 814 409 6606 144 2352
internal_value=5.50513e-05 -0.0149708 0.0011719 -0.000331911 -0.0108145 -0.0170283
internal_weight=250.629 14.7653 235.863 217.975 40.5971 32.6596
internal_count=11122 1064 10058 9511 2905 2496
is_linear=0
shrinkage=0.05


Tree=162
num_leaves=7
num_cat=0
split_feature=22 67 42 34 3 31
split_gain=2.37697 2.11769 3.14265 3.16928 2.1053 4.92643
threshold=-1.8046604994201743 -1.1592556722930141 1.0000000180025095e-35 1.0000000180025095e-35 0.25371248633876048 -0.3381642757055961
decision_type=2 2 2 2 2 2
left_child=-1 -2 4 -4 5 -3
right_child=1 2 3 -5 -6 -7
leaf_value=-0.020667685430635449 -0.015224671735865343 0.0026031700049458438 -0.019139427462405417 0.024541919130626012 0.0048977787519964471 -0.019901122684736469
leaf_weight=11.485086634871548 17.346523137646727 66.882888938620454 2.7173267111647901 20.592471328040119 90.304097374115372 34.699838055938017
leaf_count=688 846 3059 121 514 3555 2243
internal_value=-0.00101581 0.000205651 0.00164168 0.017848 -0.000571456 -0.00543447
internal_weight=244.028 232.543 215.197 23.3098 191.887 101.583
internal_count=11026 10338 9492 635 8857 5302
is_linear=0
shrinkage=0.05


Tree=163
num_leaves=7
num_cat=0
split_feature=31 31 67 13 1 28
split_gain=2.36085 2.41418 1.98906 1.85528 1.65957 1.86169
threshold=2.5513241772601525 1.2463939081788467 1.8560376699331458 1.2849889257167997 1.2884364864170397 1.6377989788741185
decision_type=2 2 2 2 2 2
left_child=1 2 4 -3 5 -1
right_child=-2 3 -4 -5 -6 -7
leaf_value=0.0025549060719272207 -0.030688973752113175 0.033865897549558037 -0.02860679184789687 -0.010140089904083877 -0.016955183363212736 -0.02622227726265397
leaf_weight=224.38162151299184 2.9159940704703322 6.2278563450090578 2.8433758270693934 1.6919931387528775 9.3480586998630297 2.7757257084012954
leaf_count=9136 290 210 431 163 564 281
internal_value=0.000538496 0.00127021 0.000218537 0.0242615 0.000919071 0.00186605
internal_weight=250.185 247.269 239.349 7.91985 236.505 227.157
internal_count=11075 10785 10412 373 9981 9417
is_linear=0
shrinkage=0.05


Tree=164
num_leaves=7
num_cat=0
split_feature=67 67 12 10 24 31
split_gain=2.675 2.25732 1.86108 2.51486 2.59679 2.77723
threshold=-1.4772725864884937 1.8560376699331458 0.14795190070619432 0.7992778597582032 0.85823977812694785 -0.15174566583683816
decision_type=2 2 2 2 2 2
left_child=-1 2 -2 4 -4 -6
right_child=1 -3 3 -5 5 -7
leaf_value=-0.033300053521904426 0.0084190841678658517 -0.028138195022588183 -0.0073831927353557314 0.015480237355511878 0.016542344292828217 -0.01261359611849888
leaf_weight=2.279524751356802 102.55107320554089 2.8340948037221088 90.221139901259448 18.516752938390709 24.716794928244781 9.0418320023454708
leaf_count=275 5023 452 3546 649 790 283
internal_value=0.00197542 0.00269413 0.00338672 -0.000333858 -0.00300567 0.00834117
internal_weight=250.161 247.882 245.048 142.497 123.98 33.7586
internal_count=11018 10743 10291 5268 4619 1073
is_linear=0
shrinkage=0.05


Tree=165
num_leaves=7
num_cat=0
split_feature=4 31 13 20 24 15
split_gain=2.21274 2.69667 2.74111 3.07539 2.72415 2.54294
threshold=1.5757802047590135 1.2463939081788467 1.319352795515419 0.44644668917046176 0.54180833664348083 -0.3116636650137537
decision_type=2 2 2 2 2 2
left_child=1 2 3 -1 -4 -3
right_child=-2 5 4 -5 -6 -7
leaf_value=-3.7128555958389725e-05 -0.021838774364217373 0.03770291205518634 0.038680593387837879 -0.020646285681993819 -0.0071729666222771762 -0.0097166284709162276
leaf_weight=202.82797900802689 8.5509281653212366 5.8324217345216312 5.4264336300548148 16.876742789405398 3.9547017251024954 2.6538772434578259
leaf_count=8362 862 176 256 964 207 195
internal_value=-0.00046626 0.000565743 -0.000611711 -0.00187703 0.0222963 0.024209
internal_weight=246.123 237.572 229.086 219.705 9.38114 8.4863
internal_count=11022 10160 9789 9326 463 371
is_linear=0
shrinkage=0.05


Tree=166
num_leaves=7
num_cat=0
split_feature=68 64 25 67 28 67
split_gain=3.06519 3.10952 2.43665 5.28677 5.36345 2.81674
threshold=0.89635853540035915 1.0000000180025095e-35 0.48693609560180801 1.0877282473189567 0.86118549263533584 -0.36088045844593403
decision_type=2 2 2 2 2 2
left_child=2 -2 3 4 5 -1
right_child=1 -3 -4 -5 -6 -7
leaf_value=-0.0026199857932696596 -0.035783092849732592 0.0050660751523773787 0.0070520321013033769 -0.035096059056656172 -0.029602715615192083 0.012967833197292895
leaf_weight=82.579504639055813 8.993156098527832 6.5365556618198744 86.945021048886701 9.0740623847814259 11.264680479071101 41.028168577817269
leaf_count=3062 976 424 3165 1006 773 1597
internal_value=-0.000985628 -0.0205529 0.000577203 -0.00339779 -0.000547901 0.00273864
internal_weight=246.421 15.5297 230.891 143.946 134.872 123.608
internal_count=11003 1400 9603 6438 5432 4659
is_linear=0
shrinkage=0.05


Tree=167
num_leaves=7
num_cat=0
split_feature=30 19 28 56 57 26
split_gain=1.99729 2.06341 4.37987 2.3379 2.01746 2.52312
threshold=-1.4976895047267773 1.8549003544632201 0.90796906870365268 1.0000000180025095e-35 0.1798438650427617 -0.46379980683598604
decision_type=2 2 2 2 2 2
left_child=-1 3 -3 -2 -5 -6
right_child=1 2 -4 4 5 -7
leaf_value=-0.020075276082733788 -0.010585413262599343 -0.033379024435384409 0.017753557388292519 0.0036284950686037995 -0.010939183476823105 0.038369313827445795
leaf_weight=7.8142048901063381 24.951732280751457 8.2366021915804577 4.3067591211292884 195.12869433657033 2.1191833659540862 5.8298866980767334
leaf_count=699 1217 385 144 8367 107 110
internal_value=0.000968154 0.00189052 -0.0157846 0.00305513 0.00486082 0.0258284
internal_weight=248.387 240.573 12.5434 228.029 203.078 7.94907
internal_count=11029 10330 529 9801 8584 217
is_linear=0
shrinkage=0.05


Tree=168
num_leaves=7
num_cat=0
split_feature=30 27 24 13 3 19
split_gain=2.0026 2.23706 2.60264 2.11481 2.26949 3.39948
threshold=-1.0527153889835508 -1.3499642869993531 -0.065966960353841766 0.32168288191788447 2.4247601747733873 1.5730317742921993
decision_type=2 2 2 2 2 2
left_child=-1 -2 -3 4 5 -4
right_child=1 2 3 -5 -6 -7
leaf_value=-0.015324400330260182 0.018513078450976505 -0.0090127138742771042 -0.00019475529569718436 0.011576879637257821 0.021739820431111223 -0.029082321594557339
leaf_weight=20.211527672596276 12.393913261708802 68.630292505666148 85.481512019759975 42.494304848951288 6.6944623184390357 8.5681668836623412
leaf_count=1456 360 4177 2992 1452 167 389
internal_value=-0.00134366 0.000102005 -0.00121845 0.00262432 -0.00137748 -0.00364413
internal_weight=244.474 224.263 211.869 143.238 100.744 94.0497
internal_count=10993 9537 9177 5000 3548 3381
is_linear=0
shrinkage=0.05


Tree=169
num_leaves=7
num_cat=0
split_feature=28 1 32 32 22 28
split_gain=2.16249 2.00569 1.94895 2.1223 1.86039 2.13442
threshold=1.6130294022777392 1.106337875514199 -0.44263945402154053 1.0145576467132915 -0.53577382819624597 -0.62070264984276691
decision_type=2 2 2 2 2 2
left_child=1 4 -3 -4 5 -1
right_child=-2 2 3 -5 -6 -7
leaf_value=0.00066848820801403976 -0.026731036860560664 0.0096172729012018315 -0.029355796219024573 0.010772866745921157 0.0056112350603789354 -0.020362822645773646
leaf_weight=49.968406907748431 4.0202959656598969 5.1418092612293576 11.510598653578198 2.565878841909579 161.58430874338956 12.829352306667714
leaf_count=2088 438 469 636 93 6766 634
internal_value=0.000643332 0.00141481 -0.0129491 -0.0214336 0.00279969 -0.00436066
internal_weight=247.621 243.6 19.2183 14.0765 224.382 62.7978
internal_count=11124 10686 1198 729 9488 2722
is_linear=0
shrinkage=0.05


Tree=170
num_leaves=7
num_cat=0
split_feature=58 22 22 4 68 29
split_gain=1.93079 2.81456 2.54115 2.64245 2.27872 3.38924
threshold=1.7734537638764236 0.62725983394877172 -0.82598079081685283 -0.56808530881767239 -0.27849703710712898 0.85541890297352285
decision_type=2 2 2 2 2 2
left_child=2 -2 3 -1 -4 -6
right_child=1 -3 4 -5 5 -7
leaf_value=-0.0014330750242456999 0.023896437728543721 -0.017190882319792967 0.0046533655610141791 -0.026337127817802487 -0.011662024981787585 0.012421131259722853
leaf_weight=23.016153436154127 12.840113200567432 3.2432575135026118 112.47412331338273 17.434777115820907 60.981783556286246 16.266760970407631
leaf_count=946 410 147 4301 1083 3050 1184
internal_value=-0.00109839 0.0142111 -0.00233721 -0.0132443 0.000158264 -0.00631591
internal_weight=246.257 16.0834 230.174 40.4509 189.723 77.2485
internal_count=11121 557 10564 2029 8535 4234
is_linear=0
shrinkage=0.05


Tree=171
num_leaves=7
num_cat=0
split_feature=21 29 30 3 42 8
split_gain=2.124 2.5324 4.82466 3.24312 3.81523 3.40448
threshold=1.7340440251332347 0.85541890297352285 0.84993255419438352 0.33265967500911059 1.0000000180025095e-35 -0.74035698565838437
decision_type=2 2 2 2 2 2
left_child=1 2 -1 4 -3 -5
right_child=-2 3 -4 5 -6 -7
leaf_value=0.0010983370712823327 -0.02257437354272324 -0.021014174258074489 -0.02336626975291331 -0.016043233935375604 0.028772178173517224 0.028561875158644768
leaf_weight=180.54840447346214 7.2468130937195374 10.116675881377885 19.654316497384571 3.1523758203256902 2.5572438426315776 21.628161868546158
leaf_count=7623 592 955 935 140 40 732
internal_value=-0.000282706 0.000669963 -0.00161292 0.0120872 -0.00738438 0.0217678
internal_weight=244.904 237.657 200.203 37.4545 12.6739 24.7805
internal_count=11017 10425 8558 1867 995 872
is_linear=0
shrinkage=0.05


Tree=172
num_leaves=7
num_cat=0
split_feature=63 68 30 25 18 12
split_gain=2.07566 4.91185 3.70668 3.61996 3.24535 3.26945
threshold=1.0000000180025095e-35 0.13334981756808895 0.80390074911749798 0.68982312587736383 0.70339110772588909 0.22665254568638224
decision_type=2 2 2 2 2 2
left_child=2 4 3 -1 5 -2
right_child=1 -3 -4 -5 -6 -7
leaf_value=0.0023895908226257592 0.0039771835927310878 -0.026517490121966431 -0.012626436340803307 0.024435007964378291 0.011187607004631693 -0.017137292620882687
leaf_weight=73.859654224710539 33.762739898520522 19.748565185349435 24.786528751719743 22.261077695759013 34.205120081780478 34.861207100562751
leaf_count=3538 1707 1787 990 800 988 1264
internal_value=-0.000971873 -0.00549162 0.00363234 0.00808022 -0.000816318 -0.00701757
internal_weight=243.485 122.578 120.907 96.1207 102.829 68.6239
internal_count=11074 5746 5328 4338 3959 2971
is_linear=0
shrinkage=0.05


Tree=173
num_leaves=7
num_cat=0
split_feature=67 41 31 25 67 68
split_gain=2.0558 2.65865 2.01258 4.25011 3.30799 3.54829
threshold=-1.1592556722930141 1.0000000180025095e-35 -0.24495497077121717 0.89051435003068458 0.83081501969378724 1.9583947476699697
decision_type=2 2 2 2 2 2
left_child=1 -1 4 -4 -2 -6
right_child=2 -3 3 -5 5 -7
leaf_value=-0.036288047749863821 0.0078081160779377217 -0.00063248637131678388 -0.014349755021155276 0.0091008038454632352 -0.021754301593547465 0.027290965211998242
leaf_weight=5.3850651429966101 135.53978679381544 14.176704326295294 43.850353061454371 30.233259997796267 16.249437228892933 1.8716577711747948
leaf_count=384 5096 570 2556 1020 1315 184
internal_value=0.000443239 -0.013968 0.00184658 -0.00479793 0.00508058 -0.0135318
internal_weight=247.306 19.5618 227.744 74.0836 153.661 18.1211
internal_count=11125 954 10171 3576 6595 1499
is_linear=0
shrinkage=0.05


Tree=174
num_leaves=7
num_cat=0
split_feature=20 25 14 67 22 29
split_gain=1.94498 2.73871 2.57315 3.14822 1.79471 1.87631
threshold=-0.84770366673497222 -1.2894710572861212 1.5340906511845254 0.73395178927835192 -2.0023012243882992 -1.4497978717109208
decision_type=2 2 2 2 2 2
left_child=-1 -2 4 -4 -3 -6
right_child=1 2 3 -5 5 -7
leaf_value=0.015327879311530797 -0.026441306048034127 -0.023742519144897258 0.030712554791806214 -0.020594967425572343 0.020852385761505027 -0.0013530505664508703
leaf_weight=16.782625495339744 7.1215301086776881 5.503578662290237 9.7494373652734776 1.6197461326955807 6.9951274901395655 194.50592928848346
leaf_count=529 806 352 377 197 202 8445
internal_value=0.000290747 -0.00101495 0.000161332 0.0206292 -0.00124145 -0.000287594
internal_weight=242.278 225.495 218.374 11.3692 207.005 201.501
internal_count=10908 10379 9573 574 8999 8647
is_linear=0
shrinkage=0.05


Tree=175
num_leaves=7
num_cat=0
split_feature=12 25 26 25 30 13
split_gain=2.27005 3.48461 3.24765 3.5382 3.42847 2.92305
threshold=0.14795190070619432 0.66238236862310063 -0.4975193292077052 -0.66520746829897892 -0.040015677292069833 0.64951135476905619
decision_type=2 2 2 2 2 2
left_child=1 2 4 -4 -1 -5
right_child=-2 -3 3 5 -6 -7
leaf_value=0.018086945383361999 -0.0046629696907867129 0.022308199458480733 -0.029728179874983548 0.013410925251214501 -0.016678354824889604 -0.012622521883916459
leaf_weight=29.782585978275165 140.39523002228816 19.785877186106518 10.771698533004381 17.850644261052366 6.5129485819488755 19.329457277868642
leaf_count=1322 5465 720 1205 860 288 1275
internal_value=-0.000556502 0.00496064 0.000259508 -0.00807891 0.0110515 -5.54412e-05
internal_weight=244.428 104.033 84.2473 47.9518 36.2955 37.1801
internal_count=11135 5670 4950 3340 1610 2135
is_linear=0
shrinkage=0.05


Tree=176
num_leaves=7
num_cat=0
split_feature=25 32 25 29 68 68
split_gain=1.85291 3.4277 1.95142 3.04013 3.12415 2.76801
threshold=1.6579690475727513 -0.19043226350974277 -0.44731803594604297 -0.22081251064585317 1.2989218567515428 -0.74736433067260466
decision_type=2 2 2 2 2 2
left_child=2 -2 3 -1 -5 -4
right_child=1 -3 5 4 -6 -7
leaf_value=-0.00074860725538321684 0.013613694122817634 -0.028267297771228224 0.017246164761890108 -0.035547764144363461 0.016677276587518445 0.00055855522322732591
leaf_weight=54.25888985209167 5.1606683111749616 11.56584063451737 27.676560265186708 10.307753965258597 1.7359497854486097 131.9755860400619
leaf_count=2461 221 475 1058 1182 278 5324
internal_value=-0.000541915 -0.0152404 0.000731593 -0.00630485 -0.0261956 0.00371618
internal_weight=242.681 16.7265 225.955 66.3026 12.0437 159.652
internal_count=10999 696 10303 3921 1460 6382
is_linear=0
shrinkage=0.05


Tree=177
num_leaves=7
num_cat=0
split_feature=66 24 0 19 26 24
split_gain=1.63156 1.40386 1.82439 1.40821 3.28514 3.16922
threshold=2.3078284732649474 1.7465106791778513 2.4969085443771664 -0.80644100009672826 -0.6970390557109466 -0.95026820494446673
decision_type=2 2 2 2 2 2
left_child=1 3 -3 4 5 -1
right_child=-2 2 -4 -5 -6 -7
leaf_value=0.012371460580207973 0.011864902934040758 -0.025669893060343237 0.015174364670996979 0.0012433980412510399 -0.027255278564415841 -0.021738586690022529
leaf_weight=18.583248169161383 21.682586138718762 8.5096224211738427 1.4134989792946715 174.69986698316643 12.445074809074866 6.9640704996418199
leaf_count=667 1184 401 31 7116 1216 434
internal_value=-0.0003446 -0.00167575 -0.0176798 -0.000693565 -0.00903944 0.00176589
internal_weight=244.298 222.615 9.92312 212.692 37.9924 25.5473
internal_count=11049 9865 432 9433 2317 1101
is_linear=0
shrinkage=0.05


Tree=178
num_leaves=7
num_cat=0
split_feature=4 13 17 28 28 24
split_gain=1.53164 2.50224 2.97803 2.5766 4.0976 3.27887
threshold=1.4010948666157281 0.28231989208942426 -0.10178396538457264 1.0447069291232234 0.13662179652491632 1.3646522277761965
decision_type=2 2 2 2 2 2
left_child=1 -1 -3 4 5 -4
right_child=-2 2 3 -5 -6 -7
leaf_value=-0.0011417493440607155 -0.015308265791030515 -0.010593714969165139 0.029755995197530395 0.038937842951630823 -0.012510103907457867 -0.0084219025490363739
leaf_weight=178.07020975588239 10.908712028816806 10.780846191861199 18.283461406710561 7.3440223302459335 12.109324061253572 6.1283026816672637
leaf_count=7434 1003 782 622 283 609 265
internal_value=0.000829366 0.00177103 0.0108281 0.0164341 0.00929665 0.0202991
internal_weight=243.625 232.716 54.646 43.8651 36.5211 24.4118
internal_count=10998 9995 2561 1779 1496 887
is_linear=0
shrinkage=0.05


Tree=179
num_leaves=7
num_cat=0
split_feature=68 22 12 30 67 33
split_gain=2.26918 2.58138 2.30046 2.87051 1.74238 1.73842
threshold=1.6377708230788224 -1.8046604994201743 0.011309606767934783 -0.71514881841972378 1.7435513378378011 -0.9331049838370894
decision_type=2 2 2 2 2 2
left_child=1 -1 3 -2 -3 -5
right_child=2 4 -4 5 -6 -7
leaf_value=-0.019856532406574864 -0.013487389092427644 0.0026282246860794231 -0.014845476554044982 -0.0075559681873831885 -0.02316487318666861 0.057724979353896727
leaf_weight=11.473621022072619 0.95440787484403689 225.09753909427673 1.0506258506793527 0.45896766043733794 3.7582209871616206 3.4974856086773793
leaf_count=653 186 9317 94 68 495 241
internal_value=0.00156847 0.000639225 0.026275 0.0373659 0.0019104 0.0501594
internal_weight=246.291 240.329 5.96149 4.91086 228.856 3.95645
internal_count=11054 10465 589 495 9812 309
is_linear=0
shrinkage=0.05


Tree=180
num_leaves=7
num_cat=0
split_feature=66 41 30 8 22 8
split_gain=1.83012 1.90757 4.05407 2.98777 4.31347 2.48316
threshold=1.4391883060474175 1.0000000180025095e-35 -0.73049275344535236 -1.150414529567884 -0.28669876540159495 0.89987318997961474
decision_type=2 2 2 2 2 2
left_child=1 2 -1 4 -3 -5
right_child=-2 3 -4 5 -6 -7
leaf_value=-0.021133268179265353 0.010560674204082271 -0.032453489571229559 0.015150087452146303 0.0017918138076424947 0.016784464125553771 -0.013935242923451588
leaf_weight=6.9682521551148957 33.77402294066269 14.65909329976421 33.524976019980386 123.95213022327516 3.8586389030097044 28.316838111437391
leaf_count=494 1694 803 1042 5067 145 1811
internal_value=0.000258571 -0.00151306 0.00787927 -0.00383754 -0.0212839 -0.00134562
internal_weight=245.054 211.28 40.4932 170.787 18.5177 152.269
internal_count=11056 9362 1536 7826 948 6878
is_linear=0
shrinkage=0.05


Tree=181
num_leaves=7
num_cat=0
split_feature=67 68 15 19 22 29
split_gain=1.6804 2.21005 2.40658 3.05857 2.24239 2.01559
threshold=1.8560376699331458 -0.74736433067260466 0.1139343261084496 1.2168348356514225 0.93814952474684643 0.85541890297352285
decision_type=2 2 2 2 2 2
left_child=1 2 3 -1 -5 -3
right_child=-2 5 -4 4 -6 -7
leaf_value=0.024747172531810611 -0.02683324200861846 -0.0038328769441969383 -0.006846564710196637 -0.022874591679369394 0.0199680149096963 0.009127537449834312
leaf_weight=25.443087235180428 2.602539431594777 161.6197002659319 12.826184016448677 5.3243254306726149 2.06250279257074 33.742311281093862
leaf_count=940 451 6795 639 219 46 1972
internal_value=0.00024438 0.000863064 0.0104037 0.0171521 -0.00860007 -0.00149021
internal_weight=243.621 241.018 45.6561 32.8299 7.38683 195.362
internal_count=11062 10611 1844 1205 265 8767
is_linear=0
shrinkage=0.05


Tree=182
num_leaves=7
num_cat=0
split_feature=13 5 30 4 68 33
split_gain=2.07602 3.34888 3.47208 3.01331 2.70943 3.53436
threshold=-1.0272747897440249 -0.2534454113627988 0.84993255419438352 1.0040827344718974 0.051801306421697099 -0.89233048385942804
decision_type=2 2 2 2 2 2
left_child=-1 2 -2 -4 5 -3
right_child=1 4 3 -5 -6 -7
leaf_value=0.0087709708670346883 -0.0037765838899652994 0.013759556225351034 -0.033833123258873693 0.012016340450202711 0.01899314517544342 -0.0078142527064789663
leaf_weight=49.333066435763612 79.523526443023002 25.954996769636637 16.281143017113212 2.7994123041862613 20.361857497657184 52.139729848247953
leaf_count=1871 3374 1011 811 151 1528 2416
internal_value=-9.644e-05 -0.00241458 -0.00880192 -0.0263876 0.00405343 -0.00040037
internal_weight=246.394 197.061 98.6041 19.0806 98.4566 78.0947
internal_count=11162 9291 4336 962 4955 3427
is_linear=0
shrinkage=0.05


Tree=183
num_leaves=7
num_cat=0
split_feature=25 29 27 33 22 33
split_gain=1.71813 3.08823 2.57729 2.8068 2.5056 1.88535
threshold=-1.3772010130704391 -2.2410159420671927 -1.1413214701268362 0.88125690775445009 -1.8046604994201743 2.1451975021190255
decision_type=2 2 2 2 2 2
left_child=1 -1 5 4 -4 -2
right_child=2 -3 3 -5 -6 -7
leaf_value=0.0083456116739839322 0.022637076850201287 -0.037169963184531932 -0.023604051131728362 -0.016750162169238574 0.0037734459994879553 -0.0098085778354855095
leaf_weight=5.6035503202583641 20.585398138617169 4.5626224870793504 5.7655887320870525 17.648387972032651 189.79473758261884 3.7224560885224482
leaf_count=203 674 573 363 816 8295 156
internal_value=0.00172888 -0.0158968 0.00267217 0.000808169 0.00262186 0.0171367
internal_weight=247.683 10.1662 237.517 213.209 195.56 24.3079
internal_count=11080 776 10304 9474 8658 830
is_linear=0
shrinkage=0.05


Tree=184
num_leaves=7
num_cat=0
split_feature=8 67 27 67 58 24
split_gain=1.42091 2.57659 3.32885 2.71024 1.75022 1.73181
threshold=-0.74035698565838437 -0.67815093556115158 -1.2648497353241468 0.086981789711455718 -0.23441441481343753 0.85823977812694785
decision_type=2 2 2 2 2 2
left_child=1 2 -1 -3 -4 -2
right_child=5 3 4 -5 -6 -7
leaf_value=0.015234604873467462 -0.00065232183179137664 0.0098063924596118093 -0.034877409616796022 -0.016796249895310398 0.010347114776066131 0.010343000227736304
leaf_weight=3.2064045373117578 143.61003531637834 25.56773305113893 13.402835146640426 11.40824679401703 1.1073969844728697 44.570537414838327
leaf_count=134 6890 931 589 783 37 1651
internal_value=-2.07233e-06 -0.00687947 -0.0209994 0.00095412 -0.0302445 0.00207335
internal_weight=242.873 54.6926 17.7166 36.976 14.5102 188.181
internal_count=11015 2474 760 1714 626 8541
is_linear=0
shrinkage=0.05


Tree=185
num_leaves=7
num_cat=0
split_feature=35 68 63 57 1 29
split_gain=2.09969 2.27479 2.64482 3.23469 2.74723 2.38564
threshold=1.0000000180025095e-35 0.27406863847977853 1.0000000180025095e-35 0.35724941740190025 -0.16835240080568745 1.1717013384301118
decision_type=2 2 2 2 2 2
left_child=1 5 4 -4 -3 -1
right_child=-2 2 3 -5 -6 -7
leaf_value=0.0049558739478529753 -0.020573357436420615 -0.021715492030301913 -0.031910475162313975 0.019690391826336681 0.012641753929111127 -0.013385905272235439
leaf_weight=181.16805194431799 8.7279017964028736 5.5584792970912558 13.408860388677565 1.603797280229627 15.251232462585902 16.728571631130762
leaf_count=6962 481 328 1450 37 791 943
internal_value=7.84633e-05 0.00110063 -0.0099965 -0.0240367 0.00188478 0.00322867
internal_weight=242.447 233.719 35.8224 15.0127 20.8097 197.897
internal_count=10992 10511 2606 1487 1119 7905
is_linear=0
shrinkage=0.05


Tree=186
num_leaves=7
num_cat=0
split_feature=35 67 67 31 30 31
split_gain=2.30656 2.20352 2.36283 3.56002 3.31618 3.14697
threshold=1.0000000180025095e-35 -1.4170889270171114 0.086981789711455718 -0.3381642757055961 0.69649320393809833 -0.15174566583683816
decision_type=2 2 2 2 2 2
left_child=1 -1 3 4 -3 -4
right_child=-2 2 5 -5 -6 -7
leaf_value=-0.02843066971414529 -0.022551735315095679 0.01257406818122722 -0.016950178778761059 -0.0051925871853281359 -0.013109267361230742 0.0060421622641494846
leaf_weight=3.5834905097144647 8.8176700299372879 93.977709103754023 33.3790245547425 65.443854996294249 11.957581692957318 23.118992256349884
leaf_count=354 496 3384 2354 2672 485 1298
internal_value=-0.00100534 9.35418e-05 0.000905698 0.00383028 0.00939385 -0.00771145
internal_weight=240.278 231.461 227.877 171.379 105.935 56.498
internal_count=11043 10547 10193 6541 3869 3652
is_linear=0
shrinkage=0.05


Tree=187
num_leaves=7
num_cat=0
split_feature=2 24 0 26 0 20
split_gain=2.07523 1.88683 3.16407 3.0886 2.71942 2.52165
threshold=1.262207794846143 -0.5498632614166542 -1.1118844706431894 -0.92719362460378452 0.47800336114899494 0.12583367664008857
decision_type=2 2 2 2 2 2
left_child=1 3 -3 -1 -5 -4
right_child=-2 2 5 4 -6 -7
leaf_value=0.012170322912660465 -0.015809768271003565 0.030608309099770567 -0.0019280412805338298 -0.018051772029999105 0.022300271122164376 0.012489589942586938
leaf_weight=12.316932399058713 18.152998133387882 6.8571631573140612 129.02092577720759 36.389655039762147 2.1193943587131789 36.419641958142165
leaf_count=413 1255 179 5007 2732 53 1429
internal_value=-0.000840836 0.000570605 0.00307765 -0.007626 -0.0143797 0.00141173
internal_weight=241.277 223.124 172.298 50.826 38.509 165.441
internal_count=11068 9813 6615 3198 2785 6436
is_linear=0
shrinkage=0.05


Tree=188
num_leaves=7
num_cat=0
split_feature=35 27 67 67 41 68
split_gain=1.88316 3.17115 1.78288 1.86844 1.73283 2.07274
threshold=1.0000000180025095e-35 1.1140329888672225 1.6897384320514479 -1.4772725864884937 1.0000000180025095e-35 0.27406863847977853
decision_type=2 2 2 2 2 2
left_child=2 -2 3 -1 -5 -6
right_child=1 -3 -4 4 5 -7
leaf_value=-0.029410612137836176 -0.032153156282402999 0.020665061187795031 -0.020104612071220121 0.011244212057829923 0.0021197399755311856 -0.012067430562079205
leaf_weight=1.8694157678401087 7.3851269878214207 1.5922815554076803 7.1902364210109218 37.801263611676404 159.92996028109337 27.576731023262255
leaf_count=262 411 94 787 1269 6358 1900
internal_value=-0.000616751 -0.0199555 0.000366863 0.00126838 0.00190604 -0.000123951
internal_weight=243.345 8.97741 234.368 227.177 225.308 187.507
internal_count=11081 505 10576 9789 9527 8258
is_linear=0
shrinkage=0.05


Tree=189
num_leaves=7
num_cat=0
split_feature=28 21 29 24 67 31
split_gain=2.76087 1.87626 2.00448 3.64785 3.02626 4.0683
threshold=1.5557746331365396 1.9422427831197595 0.82630471889307822 -0.62017600236287651 0.17759577945492769 -0.3381642757055961
decision_type=2 2 2 2 2 2
left_child=1 2 4 -4 5 -1
right_child=-2 -3 3 -5 -6 -7
leaf_value=0.0069196894933556269 -0.030174752125199013 -0.025566112150764514 -0.02391508869485361 0.016404634353559069 -0.015859425850354828 -0.0092075388876089372
leaf_weight=111.800350387668 4.6993473296170114 3.844460782245732 3.8721679750015019 34.834773059061263 26.647131175734103 56.362067708396353
leaf_count=4226 520 340 581 1375 1801 2305
internal_value=-0.000707488 0.00024525 0.000989085 0.010941 -0.00112422 0.00144777
internal_weight=242.06 237.361 233.516 38.7069 194.81 168.162
internal_count=11148 10628 10288 1956 8332 6531
is_linear=0
shrinkage=0.05


Tree=190
num_leaves=7
num_cat=0
split_feature=68 30 3 22 68 24
split_gain=2.25401 2.14537 2.57266 2.02149 1.92575 1.92635
threshold=1.6377708230788224 -0.71514881841972378 1.0000000180025095e-35 -1.8984204704429992 0.89635853540035915 0.85823977812694785
decision_type=2 2 2 2 2 2
left_child=3 -2 -3 -1 5 -5
right_child=1 2 -4 4 -6 -7
leaf_value=-0.021056793227466224 -0.014197425482354562 0.049333128687068857 -0.011032146310219681 -0.0018149417678179341 -0.018581697562774786 0.0088314293829324896
leaf_weight=9.2256842388305795 1.1219353975611737 3.4710841183550647 1.1452295240014789 161.5871745547629 10.395622559241017 54.316544378641993
leaf_count=570 214 267 129 7274 770 1875
internal_value=-0.000343437 0.024603 0.0359108 -0.00125302 -0.000180735 0.000947772
internal_weight=241.263 5.73825 4.61631 235.525 226.299 215.904
internal_count=11099 610 396 10489 9919 9149
is_linear=0
shrinkage=0.05


Tree=191
num_leaves=7
num_cat=0
split_feature=22 6 30 21 67 20
split_gain=2.52482 1.71215 1.80775 1.64587 1.64252 4.75178
threshold=1.4814279618802102 2.9444833858744892 2.3613101542187915 0.84906269033224702 1.5237863742070821 0.55850983245218211
decision_type=2 2 2 2 2 2
left_child=1 2 4 -3 -1 -6
right_child=-2 3 -4 -5 5 -7
leaf_value=0.0012881536920325341 -0.027745153409214764 0.041102467126796223 -0.027803093460047154 -0.0088768045442860575 -0.03110795832337573 0.014689690945922654
leaf_weight=209.64165636640973 5.5488956718472755 1.6982163746142753 3.0151276765391222 1.1706589127425102 10.87491801264696 7.2244788378011426
leaf_count=8900 577 146 182 103 776 419
internal_value=-0.00105649 -7.8875e-05 -0.000747574 0.0265956 -3.25508e-05 -0.0133381
internal_weight=239.174 233.625 230.756 2.86888 227.741 18.0994
internal_count=11103 10526 10277 249 10095 1195
is_linear=0
shrinkage=0.05


Tree=192
num_leaves=7
num_cat=0
split_feature=29 29 30 10 14 28
split_gain=1.43735 3.5759 2.73102 2.35903 2.15242 2.844
threshold=0.94314353112142413 1.2442957606779392 0.84993255419438352 0.21766863351494822 -0.62331368626943673 0.79970550523665773
decision_type=2 2 2 2 2 2
left_child=2 -2 4 -3 5 -1
right_child=1 3 -4 -5 -6 -7
leaf_value=0.011791876053832166 0.020169655380363583 0.0238960671119651 -0.017583577415304724 -0.015994509145169398 -0.00350332430242531 -0.01946454454222742
leaf_weight=52.587093463167548 22.670764358597808 1.8786023586289982 21.209602494374849 14.700549544708336 120.25544073106721 5.6209761793725184
leaf_count=1936 1007 80 1015 1098 5588 304
internal_value=-7.68186e-05 0.00831335 -0.00182472 -0.00850559 0.00030788 0.00796746
internal_weight=238.923 39.2499 199.673 16.5792 178.464 58.2081
internal_count=11028 2185 8843 1178 7828 2240
is_linear=0
shrinkage=0.05


Tree=193
num_leaves=7
num_cat=0
split_feature=67 24 67 25 30 30
split_gain=1.82734 2.68299 2.47893 3.21525 2.26715 2.63789
threshold=-0.81785618258327053 0.85823977812694785 -0.9238328889786529 -0.60995771301218971 -0.11673535242021234 -0.71514881841972378
decision_type=2 2 2 2 2 2
left_child=2 -2 4 -4 5 -1
right_child=1 -3 3 -5 -6 -7
leaf_value=-0.010511710256654334 -0.0016320435249679922 0.01452680791758558 0.0082160252233191983 -0.046175803252933106 -0.021421159454603277 0.015232721840497282
leaf_weight=16.56478643591981 158.8725588498055 27.548383008572273 2.8364027565112337 5.4677162828156707 10.148376286611891 17.387809515697885
leaf_count=989 7822 906 133 325 347 542
internal_value=-0.00140686 0.000948086 -0.00938186 -0.0303475 -0.0037526 0.00283884
internal_weight=238.826 186.421 52.4051 8.30412 44.101 33.9526
internal_count=11064 8728 2336 458 1878 1531
is_linear=0
shrinkage=0.05


Tree=194
num_leaves=7
num_cat=0
split_feature=68 68 29 10 29 31
split_gain=1.7907 2.49488 2.51223 2.87603 3.21207 2.76413
threshold=1.6377708230788224 0.9074010539857903 1.310165646970179 0.7992778597582032 0.9539180716866279 -0.24495497077121717
decision_type=2 2 2 2 2 2
left_child=1 2 3 5 -5 -1
right_child=-2 -3 -4 4 -6 -7
leaf_value=0.0028982972619613105 0.021316447000169755 -0.02317859507041984 -0.020022152430493611 -0.0013402345209063344 0.031498836910921847 -0.010399307072686341
leaf_weight=133.2558806950401 6.1621736387023693 9.2565948931733129 11.675941951572893 13.84244424547069 12.545577047159894 51.824428308696952
leaf_count=5419 609 783 824 708 498 2198
internal_value=-0.000375723 -0.00121523 -8.73423e-06 0.00136089 0.0158941 -0.000931655
internal_weight=238.563 232.401 223.144 211.468 26.388 185.08
internal_count=11039 10430 9647 8823 1206 7617
is_linear=0
shrinkage=0.05


Tree=195
num_leaves=7
num_cat=0
split_feature=32 67 68 67 28 67
split_gain=2.10475 1.96719 1.83627 2.32826 3.23393 3.53744
threshold=-0.89100779270918107 -0.2737556280776417 -0.74736433067260466 -0.18704741375414699 0.50978817422167533 0.047750445493017851
decision_type=2 2 2 2 2 2
left_child=1 -1 -2 -4 5 -5
right_child=2 -3 3 4 -6 -7
leaf_value=0.0054280876575579029 0.010523486381492673 -0.023358586593919282 -0.0046536981117218683 0.032212786972833661 -0.010217830464992229 0.0030745057944346361
leaf_weight=7.6603224265272756 43.453381455823546 13.943610121030359 118.31393265962834 14.205779790761879 16.590564682031982 28.237584359478205
leaf_count=374 1713 1595 4604 450 1010 1298
internal_value=0.000148704 -0.0137341 0.00167294 -0.00063458 0.00725592 0.0143098
internal_weight=242.405 21.6039 220.801 177.348 59.0339 42.4434
internal_count=11044 1969 9075 7362 2758 1748
is_linear=0
shrinkage=0.05


Tree=196
num_leaves=7
num_cat=0
split_feature=5 68 22 26 67 5
split_gain=2.28411 2.57987 3.77634 2.70399 3.92308 2.50278
threshold=-0.31820629977758036 -0.2912008195505455 -0.26604198794956929 0.54021134493151168 1.7435513378378011 0.78272880327370575
decision_type=2 2 2 2 2 2
left_child=-1 2 -2 -3 -5 -4
right_child=1 3 5 4 -6 -7
leaf_value=-0.0053729457542958745 -0.019561781952039427 0.019750853437633678 0.011501120484751876 -0.018394095895916913 0.039923232579750473 -0.014839814655754988
leaf_weight=130.30281306061079 18.415010777680436 33.684934667835478 36.235751900530886 10.398904239700638 0.73119675408816043 8.9322142624005192
leaf_count=5647 870 1741 1295 991 71 489
internal_value=-0.000967733 0.00432976 -0.00217372 0.0131143 -0.00690011 0.00569223
internal_weight=238.701 108.398 63.583 44.815 11.1301 45.168
internal_count=11104 5457 2654 2803 1062 1784
is_linear=0
shrinkage=0.05


Tree=197
num_leaves=7
num_cat=0
split_feature=68 67 67 15 68 3
split_gain=2.05439 3.5159 1.9402 1.64882 3.1239 2.77139
threshold=1.8368293218268159 1.4536560066661572 1.7435513378378011 -0.044953195945968104 0.89635853540035915 -0.51602260319715254
decision_type=2 2 2 2 2 2
left_child=2 -2 3 4 -1 -5
right_child=1 -3 -4 5 -6 -7
leaf_value=0.0027588754285076396 -0.015307367732855473 0.045387804070200453 -0.028764702731140204 0.00027237077463840097 -0.024997335489338773 -0.020934870827820931
leaf_weight=159.23103439889383 2.0845607290393664 2.8218962086830288 3.7631938281119792 37.519316309771966 7.8175643197610034 23.047719611524371
leaf_count=6164 279 237 557 2089 564 1159
internal_value=-0.00152635 0.0235772 -0.00235365 -0.00154848 0.00104185 -0.00840482
internal_weight=236.285 4.90646 231.379 227.616 167.049 60.567
internal_count=11049 516 10533 9976 6728 3248
is_linear=0
shrinkage=0.05


Tree=198
num_leaves=7
num_cat=0
split_feature=67 32 32 41 22 66
split_gain=2.2149 1.39948 1.52559 1.57477 4.08198 2.48292
threshold=-1.4772725864884937 3.0182036602236848 1.631064112408797 1.0000000180025095e-35 0.10627306997029531 -0.48746848826408135
decision_type=2 2 2 2 2 2
left_child=-1 2 3 4 -2 -5
right_child=1 -3 -4 5 -6 -7
leaf_value=-0.031695849531432854 -0.001077805997371622 -0.02606535898857475 0.016042474507923375 -0.004186266050441945 0.032334764693145494 0.0088911964591651942
leaf_weight=2.0675350243691346 27.366491305292584 1.4702648120000947 15.415178124676457 140.42900110190385 10.588779134443028 45.616880641289754
leaf_count=295 1164 56 450 6593 268 2278
internal_value=0.001044 0.00171144 0.00220248 0.00105062 0.00992939 -0.000889571
internal_weight=242.954 240.887 239.416 224.001 37.9553 186.046
internal_count=11104 10809 10753 10303 1432 8871
is_linear=0
shrinkage=0.05


Tree=199
num_leaves=7
num_cat=0
split_feature=35 0 26 25 29 29
split_gain=1.87506 2.11929 1.74171 2.02141 1.668 1.85798
threshold=1.0000000180025095e-35 0.023749694922656509 -0.95348011186685577 -1.3772010130704391 1.1877485265059471 0.98540112638779143
decision_type=2 2 2 2 2 2
left_child=2 -2 -1 -4 5 -5
right_child=1 -3 3 4 -6 -7
leaf_value=0.018761257906505124 -0.039883824222172043 0.001931614016741778 -0.025052408610716961 3.9605450588015722e-05 -0.01337009714273737 0.01735361817233019
leaf_weight=8.9555617035366577 3.3561441298224945 5.2891271430999041 5.2913532979437141 184.7272213709075 17.827328655868769 13.91482542909216
leaf_count=305 287 211 618 7841 1236 594
internal_value=-0.000818644 -0.0203942 0.000167246 -0.000824047 0.000102543 0.00149259
internal_weight=239.362 8.64527 230.716 221.761 216.469 198.642
internal_count=11092 498 10594 10289 9671 8435
is_linear=0
shrinkage=0.05


Tree=200
num_leaves=7
num_cat=0
split_feature=57 58 34 23 8 30
split_gain=1.70031 2.63994 1.7356 4.67973 2.63513 2.13644
threshold=4.171408830961103 1.7969613155478197 1.0000000180025095e-35 0.89813629880459367 -1.5604720734773838 -0.11673535242021234
decision_type=2 2 2 2 2 2
left_child=1 2 3 4 -1 -4
right_child=-2 -3 5 -5 -6 -7
leaf_value=0.0057722978572061524 -0.02331913793140316 0.022959819887393249 0.0078292523231572372 0.023665715219499225 -0.029567359962751973 -0.0025639841434591418
leaf_weight=6.0237816495355281 4.2363103342358945 10.269416197290409 80.63316644920269 5.0551852331846012 16.709253365057521 118.43476367730182
leaf_count=243 247 303 3719 275 1137 5153
internal_value=0.000570123 0.00128292 1.47807e-05 -0.0110442 -0.0206218 0.00169957
internal_weight=241.362 237.126 226.856 27.7882 22.733 199.068
internal_count=11077 10830 10527 1655 1380 8872
is_linear=0
shrinkage=0.05


Tree=201
num_leaves=7
num_cat=0
split_feature=67 68 67 68 29 12
split_gain=2.11397 1.99727 2.70149 2.14482 2.27857 1.77086
threshold=-1.4772725864884937 1.6377708230788224 1.7435513378378011 0.9074010539857903 -0.63467713263978498 0.011309606767934783
decision_type=2 2 2 2 2 2
left_child=-1 2 3 -2 -5 -3
right_child=1 5 -4 4 -6 -7
leaf_value=-0.031132137645018439 0.0027297216781196308 0.03518422453126361 -0.031476008523033318 0.014015614181536207 -0.030558838199684791 -0.012562968495086202
leaf_weight=2.016855949885211 221.0031776894175 4.5343416683026581 3.3200319767638566 2.033351949416101 6.6818602541461569 0.91453316749539215
leaf_count=291 9072 390 532 88 572 89
internal_value=0.00101412 0.00166935 0.000793159 0.00165928 -0.0192332 0.0255551
internal_weight=240.504 238.487 233.038 229.718 8.71521 5.44887
internal_count=11034 10743 10264 9732 660 479
is_linear=0
shrinkage=0.05


Tree=202
num_leaves=7
num_cat=0
split_feature=25 26 14 10 4 3
split_gain=1.52079 3.36813 2.38889 2.35303 2.54887 2.22147
threshold=-1.257570495050673 -0.92719362460378452 1.5340906511845254 -0.6221013289699574 -0.71100967638945145 -0.51602260319715254
decision_type=2 2 2 2 2 2
left_child=1 -1 3 4 -2 -5
right_child=2 -3 -4 5 -6 -7
leaf_value=0.0090720046992463291 0.004455399683311911 -0.031777296680642039 0.021641326399272673 0.016383827218888994 -0.018984892865188927 0.00030054805657119449
leaf_weight=7.4525016860570759 17.553646212239983 7.9034133997338341 10.510568969300946 22.231863073480781 26.449888220522553 144.80368566786638
leaf_count=275 637 900 559 1327 1168 6141
internal_value=0.000129297 -0.0137098 0.00125885 -4.53733e-05 -0.00994666 0.00269248
internal_weight=236.906 15.3559 221.55 211.039 44.0035 167.036
internal_count=11007 1175 9832 9273 1805 7468
is_linear=0
shrinkage=0.05


Tree=203
num_leaves=7
num_cat=0
split_feature=32 8 66 23 32 20
split_gain=1.50681 1.46184 3.74159 2.41693 2.15038 2.17812
threshold=2.4437317262801455 0.89987318997961474 -0.27009416970489625 1.1811835379480264 1.0425806678812688 -0.81083326492591923
decision_type=2 2 2 2 2 2
left_child=1 -1 3 4 5 -3
right_child=-2 2 -4 -5 -6 -7
leaf_value=0.0019718409881916456 -0.025452014415774979 0.0058390720787457814 0.015827920355040586 0.0095877014069836158 0.009672327673314338 -0.036619620511512983
leaf_weight=202.7605638288951 2.8062634934904045 2.7145215827040436 8.7781971581280214 4.7602772972895755 2.5300229184795162 15.435099940776128
leaf_count=8893 115 90 381 405 72 1098
internal_value=-0.000286085 0.000326379 -0.00879687 -0.0180671 -0.0248412 -0.0303419
internal_weight=239.785 236.979 34.2181 25.4399 20.6796 18.1496
internal_count=11054 10939 2046 1665 1260 1188
is_linear=0
shrinkage=0.05


Tree=204
num_leaves=7
num_cat=0
split_feature=3 3 25 24 23 19
split_gain=1.83662 2.49747 2.7692 2.39028 2.15344 2.12364
threshold=2.3852865804382124 1.1023947645450238 0.48693609560180801 0.67965345186536574 -0.2535708281610371 1.4359586976336891
decision_type=2 2 2 2 2 2
left_child=1 2 -1 4 -3 -4
right_child=-2 3 5 -5 -6 -7
leaf_value=-0.0023989710090256424 0.019624664508844657 0.014894010677376343 0.013411984693511868 0.0050821015694738382 -0.027650532297470068 -0.015456914299021319
leaf_weight=145.96983969805297 8.5549842058680934 1.538533097715123 51.854842571308836 10.276712233084252 18.023244316224009 4.6819927135948083
leaf_count=7441 260 44 1891 384 940 207
internal_value=0.000164524 -0.000793028 0.00126321 -0.0135887 -0.0227689 0.0103629
internal_weight=240.9 232.345 202.507 29.8385 19.5618 56.5368
internal_count=11167 10907 9539 1368 984 2098
is_linear=0
shrinkage=0.05


Tree=205
num_leaves=7
num_cat=0
split_feature=68 22 67 67 4 28
split_gain=2.23852 2.28542 2.64293 3.19172 2.50013 2.39642
threshold=1.6377708230788224 -0.53577382819624597 0.65548910084147582 -0.67815093556115158 1.1787680726151828 1.6377989788741185
decision_type=2 2 2 2 2 2
left_child=1 2 3 -1 5 -3
right_child=-2 4 -4 -5 -6 -7
leaf_value=-0.016895736295811269 0.025516205040301811 0.0058883165832650892 -0.032397334482178394 0.0066383117104545633 -0.017335280803888523 -0.027400112722891785
leaf_weight=21.873504563875031 6.1601968812756231 160.78108653414529 6.4001105853239997 31.571213839575648 10.803533238591625 2.6583486904273732
leaf_count=921 589 6508 599 1259 915 278
internal_value=0.00126826 0.000315356 -0.00788132 -0.00337962 0.0032163 0.00486276
internal_weight=240.248 234.088 59.8448 53.4447 174.243 163.439
internal_count=11069 10480 2779 2180 7701 6786
is_linear=0
shrinkage=0.05


Tree=206
num_leaves=7
num_cat=0
split_feature=22 19 24 32 17 67
split_gain=1.81712 1.41058 3.13691 2.33351 2.16073 2.03017
threshold=1.5412184332991388 -0.81880894935508863 -0.95026820494446673 1.2107187948891343 -1.0369820508141956 -0.46081623219175144
decision_type=2 2 2 2 2 2
left_child=1 2 5 -4 -3 -1
right_child=-2 4 3 -5 -6 -7
leaf_value=0.020178359178746896 -0.024991839733440813 0.026097447681746402 -0.031072927690196303 0.0080725045570669458 0.0012392501208709974 -0.0066407700778508662
leaf_weight=8.5559171211207303 4.1308464478934175 6.1931170416064552 12.809415082912894 3.6232729536131947 187.45225166308228 15.537176470970733
leaf_count=314 476 273 1014 272 7784 927
internal_value=-0.000124235 0.000625012 -0.00752887 -0.0225279 0.00242027 0.00406297
internal_weight=238.302 234.171 40.5258 16.4327 193.645 24.0931
internal_count=11060 10584 2527 1286 8057 1241
is_linear=0
shrinkage=0.05


Tree=207
num_leaves=7
num_cat=0
split_feature=35 67 32 32 58 22
split_gain=1.48482 2.4512 1.41147 1.26251 1.19345 3.0494
threshold=1.0000000180025095e-35 0.49352961342641971 1.2947878583930665 3.0602381919756514 1.7734537638764236 0.62725983394877172
decision_type=2 2 2 2 2 2
left_child=3 2 -2 4 -1 -6
right_child=1 -3 -4 -5 5 -7
leaf_value=0.0012765228213350666 -0.036970861451534019 0.015351128929123978 0.0084400144800726232 -0.025070796706002752 0.024757428464469749 -0.018135792843244
leaf_weight=214.88941687895567 5.2436157686170173 2.3046574110048823 0.9455115757882594 1.2890213965438295 12.493454958865184 3.2192787405219851
leaf_count=9931 298 162 26 49 398 149
internal_value=0.00103276 -0.0165342 -0.0295429 0.00187916 0.00234984 0.0144707
internal_weight=240.385 8.49378 6.18913 231.891 230.602 15.7127
internal_count=11013 486 324 10527 10478 547
is_linear=0
shrinkage=0.05


Tree=208
num_leaves=7
num_cat=0
split_feature=5 30 30 24 66 68
split_gain=2.13977 3.19081 2.26912 2.21022 2.0368 1.77693
threshold=-0.2534454113627988 0.86527648922001188 -1.1601229341629502 0.92686501329046078 1.6658974518328131 0.051801306421697099
decision_type=2 2 2 2 2 2
left_child=1 4 -2 -3 -1 -4
right_child=2 3 5 -5 -6 -7
leaf_value=-0.0032781717500305011 -0.020183806677976188 -0.02714467277021735 0.0037108239882603965 0.0075900353040367768 0.014030426148518982 0.020031688146998562
leaf_weight=99.480128937866539 5.1092319346498689 17.648078783298846 74.791483334905934 4.4509010035544625 17.378552854177542 19.252432020002743
leaf_count=3917 667 954 3115 139 985 1298
internal_value=6.96306e-05 -0.00390229 0.00558719 -0.0200778 -0.000417389 0.00756796
internal_weight=238.111 138.958 99.1531 22.099 116.859 94.0439
internal_count=11075 5995 5080 1093 4902 4413
is_linear=0
shrinkage=0.05


Tree=209
num_leaves=7
num_cat=0
split_feature=30 12 25 10 30 4
split_gain=1.82107 1.77117 3.11583 3.26719 2.94075 2.71636
threshold=-1.5897531148805484 0.22665254568638224 0.66238236862310063 0.26213518675434028 -0.040015677292069833 1.3534534107584684
decision_type=2 2 2 2 2 2
left_child=-1 2 3 4 -2 -4
right_child=1 -3 5 -5 -6 -7
leaf_value=-0.023006143998146197 0.013362322928457911 -0.0038841775100958162 0.027560632256751982 -0.014776342113576349 -0.010716535127557594 -0.010435428225165981
leaf_weight=5.9547300697886376 40.11101679832791 128.40105856329319 18.366267749574039 23.160826991777867 15.381673771073109 4.3080560255330047
leaf_count=589 1780 5127 581 1997 734 250
internal_value=-0.000885187 -2.26261e-05 0.00484165 -9.16783e-05 0.00648073 0.0199657
internal_weight=235.684 229.729 101.328 78.6535 55.4927 22.6743
internal_count=11058 10469 5342 4511 2514 831
is_linear=0
shrinkage=0.05


Tree=210
num_leaves=7
num_cat=0
split_feature=26 67 67 12 67 30
split_gain=1.68076 5.32652 2.47305 2.49522 2.36203 2.77095
threshold=0.36855810309411324 1.5111143028444893 1.5355904954763464 -0.3073852849069636 1.0717579656017164 0.95734009937378295
decision_type=2 2 2 2 2 2
left_child=2 -2 3 -1 5 -5
right_child=1 -3 -4 4 -6 -7
leaf_value=0.013893549161990235 -0.018796179603932164 0.018301179524584345 -0.017822245426629687 0.0013970293846538226 0.024199218891635545 -0.02141784054013729
leaf_weight=44.832902553142048 29.864393831696361 10.993949659779899 10.968779506802091 124.28554780152626 6.9586189470719537 11.869782900437711
leaf_count=2084 2064 672 848 4570 242 563
internal_value=0.000635687 -0.00824516 0.00255526 0.00400584 0.000686682 -0.00101079
internal_weight=239.774 40.8583 198.916 187.947 143.114 136.155
internal_count=11043 2736 8307 7459 5375 5133
is_linear=0
shrinkage=0.05


Tree=211
num_leaves=7
num_cat=0
split_feature=22 31 31 28 13 1
split_gain=1.39791 1.30699 2.29939 1.85665 1.49942 1.43893
threshold=-2.3866055174624803 2.5513241772601525 1.2463939081788467 1.5557746331365396 0.70954143837941841 1.2884364864170397
decision_type=2 2 2 2 2 2
left_child=-1 2 3 5 -4 -2
right_child=1 -3 4 -5 -6 -7
leaf_value=-0.02336469257632218 0.0017465793468690472 -0.022489427139581547 0.03571004968019359 -0.02553646295585818 -0.003086425706259029 -0.016558722333112223
leaf_weight=3.2759948709281153 210.39857829624088 3.0091085850726804 4.635864028154173 3.8806852561829137 3.0379735924652778 8.3111383057548647
leaf_count=251 9144 290 134 433 235 580
internal_value=-7.52479e-05 0.000544332 0.0011307 4.30479e-05 0.0238004 0.000836317
internal_weight=236.549 233.273 230.264 222.59 7.67384 218.71
internal_count=11067 10816 10526 10157 369 9724
is_linear=0
shrinkage=0.05


Tree=212
num_leaves=7
num_cat=0
split_feature=68 33 68 67 67 68
split_gain=1.63665 2.10614 3.09953 3.0314 2.50705 3.08969
threshold=1.6377708230788224 0.18814208684140252 0.9074010539857903 0.19547555137749009 -1.1172468877759254 -0.23745404767455311
decision_type=2 2 2 2 2 2
left_child=1 2 -1 4 -3 -6
right_child=-2 3 -4 -5 5 -7
leaf_value=0.0031706839169746482 0.019497960549488842 -0.027728106102326195 -0.027945272503307118 -0.031771797465579184 0.0069650343142544152 -0.016013167399490918
leaf_weight=145.88133562754956 6.2916378778172648 6.7623024026979683 5.4658740999584543 8.9688062080531363 42.632207307004137 18.534473184728995
leaf_count=6379 600 394 501 752 1511 830
internal_value=-0.00110014 -0.00191352 0.00152562 -0.00848541 -0.00419709 -0.000420861
internal_weight=234.537 228.245 151.347 76.8978 67.929 61.1667
internal_count=10967 10367 6880 3487 2735 2341
is_linear=0
shrinkage=0.05


Tree=213
num_leaves=7
num_cat=0
split_feature=3 29 20 17 42 26
split_gain=2.11214 3.59461 3.41801 3.417 2.72887 2.91146
threshold=0.29318608067393553 -0.6110648416139125 -0.33858203182923258 0.56531947232077606 1.0000000180025095e-35 0.27691072225100438
decision_type=2 2 2 2 2 2
left_child=1 -1 -3 -2 5 -4
right_child=3 2 4 -5 -6 -7
leaf_value=0.0046068048781830826 0.017679550063750462 -0.022897861343266723 0.0064762750794975735 -0.0010999983483666617 0.023929199551004223 -0.020562091710767585
leaf_weight=65.347661499865353 34.599692171410425 31.337446724879555 18.030320495396154 67.176162076357286 5.7411694915790568 16.60879211788415
leaf_count=2618 1210 1730 918 2791 157 1654
internal_value=0.000241199 -0.00377838 -0.011297 0.0056077 -0.0013331 -0.00709368
internal_weight=238.841 137.065 71.7177 101.776 40.3803 34.6391
internal_count=11078 7077 4459 4001 2729 2572
is_linear=0
shrinkage=0.05


Tree=214
num_leaves=7
num_cat=0
split_feature=22 67 66 19 12 19
split_gain=1.90336 1.6674 1.26201 1.42342 2.45248 2.03091
threshold=1.5412184332991388 -1.4772725864884937 1.4391883060474175 -0.78037780946447632 -1.0268458856094413 -0.91841618947973658
decision_type=2 2 2 2 2 2
left_child=1 -1 3 5 -5 -3
right_child=-2 2 -4 4 -6 -7
leaf_value=-0.02816696534408604 -0.024915518797089312 -0.0020417774659124044 0.010564063562548283 0.022903135438075654 0.00036883699360110416 -0.029775758500348165
leaf_weight=1.7798596726497624 4.2499080319539635 29.129596753395163 31.132311596738873 10.100027138192671 155.57631384255365 5.7358104462036854
leaf_count=274 480 1777 1636 534 5972 376
internal_value=0.000324507 0.00109427 0.00167628 0.000161164 0.00212549 -0.00860196
internal_weight=237.704 233.454 231.674 200.542 165.676 34.8654
internal_count=11049 10569 10295 8659 6506 2153
is_linear=0
shrinkage=0.05


Tree=215
num_leaves=7
num_cat=0
split_feature=24 24 19 22 2 2
split_gain=1.76216 2.21304 3.342 3.01645 2.61418 2.73145
threshold=1.7465106791778513 0.020947623197511315 0.6290254228504254 -1.8046604994201743 0.51768291077405515 0.4129840989514178
decision_type=2 2 2 2 2 2
left_child=1 2 4 -3 5 -1
right_child=-2 3 -4 -5 -6 -7
leaf_value=-0.00072316002679839156 -0.019186706394363953 -0.030487021657357713 -0.024751934099756241 0.0055170233806526225 -0.025059470194289057 0.036708334373411845
leaf_weight=71.304288393846946 10.115570099907925 3.1339604600216253 16.086669408716261 124.7158651559439 7.2828979537880505 2.2234960409114128
leaf_count=3664 514 190 1035 4583 1022 87
internal_value=-0.00137114 -0.000327112 -0.00592712 0.00395572 -0.00142789 0.00180342
internal_weight=234.863 224.747 96.8974 127.85 80.8107 73.5278
internal_count=11095 10581 5808 4773 4773 3751
is_linear=0
shrinkage=0.05


Tree=216
num_leaves=7
num_cat=0
split_feature=30 68 12 30 68 23
split_gain=2.0686 1.77938 1.97888 2.17477 1.90006 1.78495
threshold=2.3613101542187915 1.6377708230788224 0.011309606767934783 -0.71514881841972378 0.41180695658743566 -0.78285768408255507
decision_type=2 2 2 2 2 2
left_child=1 4 3 -3 -1 -6
right_child=-2 2 -4 -5 5 -7
leaf_value=0.0020806660220304501 -0.028264999607068242 -0.011965746989179623 -0.0149021446859103 0.043676736343466083 0.010224039221448362 -0.018395880168972263
leaf_weight=203.10737216757843 3.0622149189002803 0.89825622848002229 0.97409567236900318 4.2113165856571859 5.0685249048983705 19.228686296206433
leaf_count=8552 182 184 97 290 263 1488
internal_value=0.000585127 0.00131726 0.0230192 0.033087 0.000444511 -0.0119581
internal_weight=236.55 233.488 6.08367 5.10957 227.405 24.2972
internal_count=11056 10874 571 474 10303 1751
is_linear=0
shrinkage=0.05


Tree=217
num_leaves=7
num_cat=0
split_feature=10 25 0 32 29 67
split_gain=1.73617 1.74588 3.6473 3.65143 3.26591 2.58172
threshold=1.2404547335542631 0.96540361349149906 -0.026722934658047759 0.31398211751385285 0.13872091743417839 1.5355904954763464
decision_type=2 2 2 2 2 2
left_child=1 4 -3 -4 5 -1
right_child=-2 2 3 -5 -6 -7
leaf_value=0.0033986322450845225 -0.016860241794197948 -0.015301105861630202 0.025634424489545893 -0.0060998132546539793 -0.013795018707712157 -0.030487469492072108
leaf_weight=134.28802958165761 12.094629422063006 9.6508956626057607 25.460089388070628 11.856192346662281 39.389474871830316 2.8725754022598258
leaf_count=5297 969 484 804 420 2671 366
internal_value=-0.000445685 0.000654049 0.00891316 0.0158481 -0.00165532 0.00205159
internal_weight=235.612 223.517 46.9672 37.3163 176.55 137.161
internal_count=11011 10042 1708 1224 8334 5663
is_linear=0
shrinkage=0.05


Tree=218
num_leaves=7
num_cat=0
split_feature=12 12 8 67 27 26
split_gain=1.6029 4.70509 1.91049 2.23911 4.38809 2.51623
threshold=-1.2787417457247585 -1.0268458856094413 -0.74035698565838437 -0.34845141310947297 0.70622936749067911 -0.84048259247291079
decision_type=2 2 2 2 2 2
left_child=-1 -2 3 5 -5 -3
right_child=1 2 -4 4 -6 -7
leaf_value=-0.011460933838909147 0.031583208783617318 0.0067901589109910544 0.0031000169663968433 0.015404535125179914 -0.027919501250442486 -0.026112044444683565
leaf_weight=20.374170541908825 9.9267541732406226 6.5588195300661054 160.52442513269489 17.325319553026933 5.2335419297451145 18.164968157187104
leaf_count=1670 580 257 6782 759 305 750
internal_value=0.00100693 0.0023135 0.00048575 -0.0080451 0.00325624 -0.0175934
internal_weight=238.108 217.734 207.807 47.2826 22.5589 24.7238
internal_count=11103 9433 8853 2071 1064 1007
is_linear=0
shrinkage=0.05


Tree=219
num_leaves=7
num_cat=0
split_feature=3 19 66 29 29 67
split_gain=1.47123 2.37314 2.85295 1.78032 3.19411 2.45752
threshold=2.3852865804382124 1.3095039578994296 0.52384459888089741 0.38768157815357102 0.13872091743417839 1.5111143028444893
decision_type=2 2 2 2 2 2
left_child=1 3 -3 4 -1 -5
right_child=-2 2 -4 5 -6 -7
leaf_value=0.00034710009581173266 0.017546736123758313 -0.023050444562111805 0.014717831833474394 0.0016849049323289429 -0.023241391951283337 0.025504255970617437
leaf_weight=142.04994407590129 8.0494164860574511 19.025466247810986 4.226507968385703 39.02411634218879 12.953884961956645 12.247579079470595
leaf_count=5962 264 853 167 2289 786 771
internal_value=-0.000283551 -0.00112717 -0.0152879 0.000665349 -0.00202808 0.00847007
internal_weight=237.577 229.527 23.252 206.276 155.004 51.2717
internal_count=11092 10828 1020 9808 6748 3060
is_linear=0
shrinkage=0.05


Tree=220
num_leaves=7
num_cat=0
split_feature=25 29 67 68 68 30
split_gain=1.61741 2.95553 1.2349 1.39733 2.62773 3.57492
threshold=-1.3772010130704391 -2.2410159420671927 1.8560376699331458 -0.57547238207284013 -0.50027576214815572 -0.34689437780463983
decision_type=2 2 2 2 2 2
left_child=1 -1 3 -2 -5 -6
right_child=2 -3 -4 4 5 -7
leaf_value=0.0069629013509418525 0.0072206018773150488 -0.038308347290082097 -0.023145496149419201 -0.018895628991644389 0.013937449104246123 -0.0036898581978382899
leaf_weight=5.6559539453592151 77.091968564927811 4.2366709983325546 2.0426400607102542 15.004043991444631 37.448166837042663 96.793159791850485
leaf_count=201 2931 607 372 649 1776 4569
internal_value=0.000414334 -0.0168278 0.0013697 0.00189082 -0.000950282 0.00142466
internal_weight=238.273 9.89262 228.38 226.337 149.245 134.241
internal_count=11105 808 10297 9925 6994 6345
is_linear=0
shrinkage=0.05


Tree=221
num_leaves=7
num_cat=0
split_feature=22 31 21 56 20 21
split_gain=1.35881 1.5239 3.09588 2.21459 2.37135 2.86328
threshold=-1.8046604994201743 -0.24495497077121717 0.14277162813386673 1.0000000180025095e-35 -0.45696658869921397 0.038399022424086833
decision_type=2 2 2 2 2 2
left_child=-1 3 -3 -2 -5 -6
right_child=1 2 -4 4 5 -7
leaf_value=-0.014331935671108182 -0.011515070398711387 -0.016386932023712462 0.003813506726721089 0.0018117520951266835 0.029101166272600433 0.0041967828268696782
leaf_weight=10.8909543537884 15.89224048584583 27.507277293072548 47.901148329023272 86.113347475387855 19.007468519208487 26.815729962312616
leaf_count=679 769 1319 2410 3703 718 1404
internal_value=0.000862765 0.00178428 -0.0039002 0.00470387 0.00687008 0.0156805
internal_weight=234.128 223.237 75.4084 147.829 131.937 45.8232
internal_count=11002 10323 3729 6594 5825 2122
is_linear=0
shrinkage=0.05


Tree=222
num_leaves=7
num_cat=0
split_feature=3 30 11 29 67 11
split_gain=2.01685 2.00929 2.39133 2.41475 3.36031 2.84981
threshold=2.3852865804382124 0.082735802912958192 0.85554793397180384 1.4121799140237055 -0.26724600237767965 1.2404671998680294
decision_type=2 2 2 2 2 2
left_child=1 -1 -3 4 -4 -6
right_child=-2 2 3 -5 5 -7
leaf_value=0.0016796992976366642 0.018891167161592556 -0.011580709824739275 -0.019921641247920389 -0.020379312282614123 0.035738558001029083 -0.0067142826212098139
leaf_weight=118.99850227223942 8.3289182748412696 81.76837797119515 3.3097286236006829 3.8424023067345834 10.209844814555252 4.4546696129837065
leaf_count=6007 268 3614 140 330 409 288
internal_value=-0.00173499 -0.00274777 -0.00773817 0.00632255 0.0141291 0.0238924
internal_weight=230.912 222.584 103.585 21.8166 17.9742 14.6645
internal_count=11056 10788 4781 1167 837 697
is_linear=0
shrinkage=0.05


Tree=223
num_leaves=7
num_cat=0
split_feature=13 5 5 13 67 22
split_gain=1.13496 2.27728 2.22866 2.4301 2.68498 3.29224
threshold=0.28231989208942426 0.78272880327370575 -0.57724985343670643 0.78044359197337687 1.6407860467877338 0.087043582417593038
decision_type=2 2 2 2 2 2
left_child=-1 2 -2 -4 5 -5
right_child=1 -3 3 4 -6 -7
leaf_value=-0.0020563235044417888 -0.012821929437747397 -0.013725527910902216 0.024694923803058356 0.011279586514108285 0.031362670978496085 -0.023759218937308119
leaf_weight=169.52809517161222 6.9653972914675242 9.8796208721469139 22.005204537184909 11.651119365124037 3.2114437154959878 9.5863547232002002
leaf_count=7364 454 773 845 628 205 705
internal_value=8.14024e-05 0.00564065 0.00976169 0.0137203 0.00222319 -0.00551969
internal_weight=232.827 63.2991 53.4195 46.4541 24.4489 21.2375
internal_count=10974 3610 2837 2383 1538 1333
is_linear=0
shrinkage=0.05


Tree=224
num_leaves=7
num_cat=0
split_feature=31 31 13 17 67 33
split_gain=1.28024 2.55468 1.92997 1.29853 1.0905 2.73335
threshold=2.5513241772601525 1.2463939081788467 1.2849889257167997 0.83035643679164817 -0.74012257222479039 -0.50500718654310894
decision_type=2 2 2 2 2 2
left_child=1 3 -3 4 5 -1
right_child=-2 2 -4 -5 -6 -7
leaf_value=-0.019259053031791009 -0.022024140594803121 0.034401437677578493 -0.010619242604816325 0.024264362710440416 0.0017769849256238609 0.0022692567309145293
leaf_weight=20.830548925034236 2.9643396382452911 6.432073628442593 1.6237898935796691 2.5123469346435732 165.92488235695055 37.244127468467923
leaf_count=857 293 202 169 98 7761 1675
internal_value=0.000874383 0.00143823 0.0249077 0.000288878 -0.000297149 -0.00601935
internal_weight=237.532 234.568 8.05586 226.512 224 58.0747
internal_count=11055 10762 371 10391 10293 2532
is_linear=0
shrinkage=0.05


Tree=225
num_leaves=7
num_cat=0
split_feature=23 30 25 29 33 33
split_gain=1.48336 2.85204 2.70556 3.05233 3.55998 3.03986
threshold=0.7685329459255078 0.80390074911749798 0.24496098864100505 1.2442957606779392 -0.68847176495970674 0.18814208684140252
decision_type=2 2 2 2 2 2
left_child=1 -1 -2 5 -5 -4
right_child=2 -3 3 4 -6 -7
leaf_value=-0.00054067143866584654 -0.012994899438656619 -0.019206132612262554 0.027329087801878593 -0.026791907368497653 0.019107821011268691 -0.022061543549451737
leaf_weight=167.36642682767706 10.404535834531996 20.347371370531619 22.84606907796115 6.3360940048587508 4.9074226530501601 1.2884528171271075
leaf_count=7417 1166 988 789 387 191 94
internal_value=-0.000854195 -0.00283422 0.00693918 0.0133592 -0.00695321 0.0225447
internal_weight=233.496 187.714 45.7826 35.378 11.2435 24.1345
internal_count=11032 8405 2627 1461 578 883
is_linear=0
shrinkage=0.05


Tree=226
num_leaves=7
num_cat=0
split_feature=67 31 32 24 18 67
split_gain=1.66936 1.58604 1.28568 1.70361 1.91118 2.68002
threshold=-1.4170889270171114 2.5513241772601525 2.2195475569363254 0.85823977812694785 0.039455684776875083 -1.0541816339946932
decision_type=2 2 2 2 2 2
left_child=-1 2 3 4 -2 -6
right_child=1 -3 -4 -5 5 -7
leaf_value=-0.026467138789912276 0.0029171189315169003 -0.027073740957612887 -0.019434103367243338 0.0088575703629204753 0.020499495415549518 -0.010350575680228
leaf_weight=3.3661290386808096 101.69474865967641 2.4845519575756034 5.1051699899835503 48.238165110116825 5.0252186967991284 68.040361445164308
leaf_count=370 5490 269 182 1749 170 2830
internal_value=-0.00120715 -0.000503223 0.00013388 0.000833886 -0.00149296 -0.00750399
internal_weight=233.954 230.588 228.104 222.998 174.76 73.0656
internal_count=11060 10690 10421 10239 8490 3000
is_linear=0
shrinkage=0.05


Tree=227
num_leaves=7
num_cat=0
split_feature=67 67 25 68 31 24
split_gain=1.45294 3.06748 3.92076 2.7367 2.15406 1.65691
threshold=-0.81785618258327053 -0.90423457587130052 -0.46057470396350997 -0.69860135037056781 1.0000000180025095e-35 0.85823977812694785
decision_type=2 2 2 2 2 2
left_child=1 4 -3 -4 -1 -2
right_child=5 2 3 -5 -6 -7
leaf_value=0.003746517198057213 0.00043897348918159931 0.0097268116829876648 0.0080821266614488768 -0.067409661264018608 -0.021570803474386818 0.013504248604127798
leaf_weight=38.452890858228784 158.44080434806529 2.4960143222997431 0.77881712745875153 2.7169054457917801 7.5523905316367737 25.702794668730348
leaf_count=1550 7828 154 62 151 391 881
internal_value=0.000354533 -0.00679482 -0.0335169 -0.0546258 -0.00147575 0.00244987
internal_weight=236.141 51.997 5.99174 3.49572 46.0053 184.144
internal_count=11017 2308 367 213 1941 8709
is_linear=0
shrinkage=0.05


Tree=228
num_leaves=7
num_cat=0
split_feature=3 68 68 68 29 2
split_gain=1.55983 1.82054 2.97029 2.27384 2.65077 2.62868
threshold=2.3260761889354504 -0.57547238207284013 -0.5058947428442826 -0.61573360027812896 1.0827540673811942 -0.2617415772389115
decision_type=2 2 2 2 2 2
left_child=1 3 -3 4 5 -1
right_child=-2 2 -4 -5 -6 -7
leaf_value=-0.0041824579550342727 0.018542146251921229 -0.023119319314177596 -0.00098615290332795509 0.025096699852985949 -0.024277094667923868 0.015914335540433183
leaf_weight=32.201767758902861 8.5318174679414351 14.073413060628807 138.01435385577497 9.9183054433669877 5.5086843137396491 28.000937790784519
leaf_count=1426 273 651 7074 279 316 1061
internal_value=0.000601077 -0.000303476 -0.00344184 0.00589815 0.00203115 0.0054765
internal_weight=236.249 227.717 152.088 75.6297 65.7114 60.2027
internal_count=11080 10807 7725 3082 2803 2487
is_linear=0
shrinkage=0.05


Tree=229
num_leaves=7
num_cat=0
split_feature=22 58 20 6 22 24
split_gain=1.79987 2.88696 1.96423 2.20504 3.66311 2.61296
threshold=-0.87053818640118463 0.18364546777730248 -0.84770366673497222 0.12209018912944516 0.7302582632290352 -0.034290066089840816
decision_type=2 2 2 2 2 2
left_child=1 -1 -2 5 -5 -4
right_child=2 -3 3 4 -6 -7
leaf_value=-0.016207452866533145 0.018253697804186991 0.017131834405281772 -0.011519609475245544 -0.0045833953089311156 0.035453356441199672 0.0016874962096422111
leaf_weight=33.572623985877726 11.709465666615868 5.3288489866536102 52.638200110959588 11.132890768174549 7.574494058120762 112.68139601426083
leaf_count=1838 369 129 3202 693 437 4384
internal_value=-0.0013346 -0.0107409 0.000668767 -0.000724996 0.0142866 -0.00264805
internal_weight=234.638 38.9015 195.736 184.027 18.7074 165.32
internal_count=11052 1967 9085 8716 1130 7586
is_linear=0
shrinkage=0.05


Tree=230
num_leaves=7
num_cat=0
split_feature=30 12 12 5 28 30
split_gain=1.25455 2.16518 3.15745 1.55966 2.05969 1.49889
threshold=-1.4976895047267773 -1.0268458856094413 -1.2787417457247585 0.13511991912589036 0.13662179652491632 1.1874991247582105
decision_type=2 2 2 2 2 2
left_child=-1 2 -2 4 -4 -3
right_child=1 5 3 -5 -6 -7
leaf_value=-0.017481366221974125 -0.00026503851455238631 0.00048404153523715922 0.055262411323782214 0.0043529592734844139 -0.0052496900191659583 -0.012445797854313297
leaf_weight=6.8497303293552241 17.983635881362719 178.67037142376648 4.1931938576744852 4.2605467111570761 1.1451743353391064 22.598178171610925
leaf_count=690 1249 7524 87 318 95 1096
internal_value=-4.37677e-06 0.000738155 0.0131381 0.0323327 0.0450631 -0.00112917
internal_weight=235.701 228.851 27.5826 9.59891 5.33837 201.269
internal_count=11059 10369 1749 500 182 8620
is_linear=0
shrinkage=0.05


Tree=231
num_leaves=7
num_cat=0
split_feature=13 10 17 5 18 24
split_gain=1.55082 2.49704 2.07999 2.29178 1.86907 3.65226
threshold=-1.0272747897440249 -1.138965481679592 0.74275947395805475 0.78272880327370575 -0.35395816738868952 -1.2524924548858858
decision_type=2 2 2 2 2 2
left_child=-1 -2 3 4 5 -3
right_child=1 2 -4 -5 -6 -7
leaf_value=0.0077438763886694302 -0.025476694140777446 0.022930896629584828 -0.0137458967513305 -0.013127404514004402 0.0065478308071788647 -0.016972217435586155
leaf_weight=45.152161571168108 7.9561931662610723 4.7565770182991427 23.8073704377166 20.586325188545743 110.2727820398577 20.630827511253301
leaf_count=1813 505 285 1306 1476 4090 1557
internal_value=-0.000278931 -0.00229704 -0.000872037 0.00131156 0.00373928 -0.00786272
internal_weight=233.162 188.01 180.054 156.247 135.66 25.3874
internal_count=11032 9219 8714 7408 5932 1842
is_linear=0
shrinkage=0.05


Tree=232
num_leaves=7
num_cat=0
split_feature=31 3 28 28 29 19
split_gain=1.39048 2.33092 1.76263 1.58889 2.77694 2.43542
threshold=0.50071946870381479 0.41160686367946059 1.2514058309800349 0.83751814688873327 1.4506931654057109 1.3095039578994296
decision_type=2 2 2 2 2 2
left_child=3 2 -2 5 -5 -1
right_child=1 -3 -4 4 -6 -7
leaf_value=0.0025794908649614222 -0.01552500353132371 0.023098156920217008 0.020076768570087538 -0.017155885106357346 0.024147626311764727 -0.015505931433987808
leaf_weight=165.25784205136006 8.6340171840856801 13.09229898493504 2.088503854814916 24.751080013986215 2.0796497402188825 17.934237607405521
leaf_count=7242 681 448 191 1571 125 774
internal_value=0.000207851 0.0109359 -0.00571742 -0.0011455 -0.0118479 0.000587644
internal_weight=233.838 23.8148 10.7225 210.023 26.8307 183.192
internal_count=11032 1320 872 9712 1696 8016
is_linear=0
shrinkage=0.05


Tree=233
num_leaves=7
num_cat=0
split_feature=66 68 3 56 58 25
split_gain=1.62305 2.03704 2.19332 1.64564 2.84187 2.23622
threshold=1.8815730290422399 1.2989218567515428 -0.062076268342639809 1.0000000180025095e-35 2.8744979945821325 1.4017007429964079
decision_type=2 2 2 2 2 2
left_child=1 3 -3 5 -5 -1
right_child=-2 2 -4 4 -6 -7
leaf_value=-0.020732158204336451 0.010919369496555252 0.033518219741817033 -0.011812600494027558 -0.0019174213679914666 0.029836318850216301 0.012730376604733504
leaf_weight=19.431783487787474 27.940904147486435 5.055481952149421 2.1516444290173231 173.86666520350263 4.3399558679666361 4.2243706260342142
leaf_count=1018 1502 525 207 7577 69 148
internal_value=0.000224095 -0.00133951 0.0204907 -0.00240757 -0.000662949 -0.0139964
internal_weight=237.011 209.07 7.20713 201.863 178.207 23.6562
internal_count=11046 9544 732 8812 7646 1166
is_linear=0
shrinkage=0.05


Tree=234
num_leaves=7
num_cat=0
split_feature=40 68 18 32 67 6
split_gain=2.14615 1.39438 2.84669 1.62927 2.06432 1.88187
threshold=1.0000000180025095e-35 1.2989218567515428 0.093715614532973765 -0.89100779270918107 -0.25361918591242588 0.3391973581098332
decision_type=2 2 2 2 2 2
left_child=1 3 -3 4 -1 -6
right_child=-2 2 -4 -5 5 -7
leaf_value=0.0063049973770845959 -0.023617687490806769 0.031512789992991813 -0.020553810987744739 0.0024670579559035065 -0.032044442059544077 0.0083337576114174711
leaf_weight=8.1670072580454889 5.5055813369690432 6.4805374209536231 1.294297646381892 204.31237379147206 8.8115304177044873 2.426570472714956
leaf_count=357 514 573 114 8175 949 338
internal_value=0.00107585 0.00195778 0.0195357 0.00109647 -0.0117322 -0.0234069
internal_weight=236.998 231.492 7.77484 223.717 19.4051 11.2381
internal_count=11020 10506 687 9819 1644 1287
is_linear=0
shrinkage=0.05


Tree=235
num_leaves=7
num_cat=0
split_feature=25 27 58 22 33 23
split_gain=1.77196 6.10196 2.2165 2.87816 2.22614 1.96237
threshold=-0.76843763313869917 -1.1413214701268362 1.2846946474412577 0.81306702811523401 1.4724613180769421 -0.69884175339908328
decision_type=2 2 2 2 2 2
left_child=1 -1 4 -4 5 -2
right_child=2 -3 3 -5 -6 -7
leaf_value=0.0044374717826603195 0.012210551297267919 -0.034208443896497735 0.026387119499045333 -0.019251245400627483 -0.031345029140843146 -0.0013227695636758437
leaf_weight=27.595808182202745 29.714074410905596 12.699455774592932 13.623936695395967 2.0442222685087463 2.4348827475914723 145.46699682986946
leaf_count=1219 1006 1507 426 97 136 6688
internal_value=-0.000114224 -0.00926859 0.00190674 0.0182959 0.000181117 0.00113968
internal_weight=233.579 40.2953 193.284 15.6682 177.616 175.181
internal_count=11079 2726 8353 523 7830 7694
is_linear=0
shrinkage=0.05


Tree=236
num_leaves=7
num_cat=0
split_feature=2 32 24 10 13 32
split_gain=1.79367 1.47833 1.37168 1.48809 1.29159 2.37602
threshold=1.262207794846143 -0.86298477154120345 0.54180833664348083 0.61997188293485184 0.28231989208942426 -0.10636320000581019
decision_type=2 2 2 2 2 2
left_child=4 -2 3 -3 -1 -6
right_child=1 2 -4 -5 5 -7
leaf_value=-0.00096134167806265984 0.014866916261441328 0.013167454206504517 -0.00013125199516547347 -0.033335299364263597 -0.0093455797029584481 0.013914848986517184
leaf_weight=164.73066157117137 1.5601517407048984 0.38411717844428395 6.3628195706987745 9.0699938975740206 12.591042471525723 38.197661959857214
leaf_count=7110 239 15 288 724 1058 1562
internal_value=-0.00010566 -0.014292 -0.0190799 -0.0287292 0.00121868 0.00794873
internal_weight=232.896 17.3771 15.8169 9.45411 215.519 50.7887
internal_count=10996 1266 1027 739 9730 2620
is_linear=0
shrinkage=0.05


Tree=237
num_leaves=7
num_cat=0
split_feature=25 18 0 26 30 18
split_gain=1.71584 1.70008 1.49444 2.47467 2.79319 2.18895
threshold=-1.3772010130704391 -2.1787272390590826 -0.85952132273966797 -0.46379980683598604 0.75786894404061245 -0.23347352358233131
decision_type=2 2 2 2 2 2
left_child=1 -1 3 4 -2 -4
right_child=2 -3 5 -5 -6 -7
leaf_value=0.011501498750300376 0.021277427849589459 -0.028293660388879146 -0.013074979019111286 -0.0093349708614467088 -0.022993154430757834 0.00073993052843867398
leaf_weight=1.7941461191512642 24.874999982275771 7.1311946151836292 32.168512544274563 11.145498993981162 1.5928914269898076 153.77240091320709
leaf_count=42 869 743 2335 945 100 6033
internal_value=-0.000933754 -0.0194132 5.13278e-05 0.00875217 0.0165435 -0.00181976
internal_weight=232.48 8.92534 223.554 37.6134 26.4679 185.941
internal_count=11067 785 10282 1914 969 8368
is_linear=0
shrinkage=0.05


Tree=238
num_leaves=7
num_cat=0
split_feature=22 66 28 21 26 19
split_gain=1.37004 1.64673 1.45413 2.49196 2.27195 1.69786
threshold=1.4370781720994164 -0.47897732223353878 1.1184951610110792 0.026786886972082587 0.36855810309411324 0.68539913888462967
decision_type=2 2 2 2 2 2
left_child=2 -2 4 -4 5 -1
right_child=1 -3 3 -5 -6 -7
leaf_value=0.0046547716745272841 -0.030452671728873816 0.0094663625880151547 -0.01568896643044659 0.024072631506609904 -0.012306954824372046 -0.0063729942179366408
leaf_weight=136.39232997922227 4.436549376579932 2.2184010701603256 3.0458818096085443 11.741580935078671 30.156701365747722 43.721132051432505
leaf_count=5766 567 111 207 545 1984 1827
internal_value=0.000110686 -0.0183391 0.000890314 0.0146179 -0.000267136 0.00191731
internal_weight=231.713 6.65495 225.058 14.7875 210.27 180.113
internal_count=11007 678 10329 752 9577 7593
is_linear=0
shrinkage=0.05


Tree=239
num_leaves=7
num_cat=0
split_feature=13 13 7 5 24 0
split_gain=1.29448 2.3676 1.67089 1.66066 1.52075 1.87732
threshold=0.28231989208942426 -0.15719623801379565 5.0155377225034012 1.5598594642510841 0.85823977812694785 -0.85952132273966797
decision_type=2 2 2 2 2 2
left_child=1 4 -3 -2 5 -1
right_child=3 2 -4 -5 -6 -7
leaf_value=0.0064419662305416382 0.0074862382255393078 -0.017668671238554735 0.018629338014230262 -0.020257072359879742 0.0099266646381604966 -0.0071105189241247903
leaf_weight=35.34213006409118 59.965243358223233 29.570389623928353 1.0861450465163205 3.0244950244377824 27.219156572915381 74.660039398266235
leaf_count=1560 3273 1499 22 334 929 3398
internal_value=-0.000663829 -0.00295288 -0.0148367 0.00529377 -3.72913e-05 -0.00270087
internal_weight=230.868 167.878 30.6565 62.9897 137.221 110.002
internal_count=11015 7408 1521 3607 5887 4958
is_linear=0
shrinkage=0.05


Tree=240
num_leaves=7
num_cat=0
split_feature=26 25 12 30 29 56
split_gain=1.7516 2.84447 2.24479 2.11605 2.0322 3.06881
threshold=-0.23077574317080046 -0.76843763313869917 0.88408931681058578 0.69649320393809833 0.12687656433058561 1.0000000180025095e-35
decision_type=2 2 2 2 2 2
left_child=2 -2 3 -1 5 -3
right_child=1 4 -4 -5 -6 -7
leaf_value=-0.0047722998070744453 -0.021739802261313741 -0.019169057437394964 0.0043627079832566067 -0.029689402646504388 0.0043787904755951011 0.029846128212631565
leaf_weight=74.531210750312312 5.4810613514564457 1.720607148017735 64.766586485144217 6.9393194807926184 65.884474569407757 15.463354322593659
leaf_count=3463 838 84 2478 367 3397 481
internal_value=0.000876312 0.0063116 -0.00247558 -0.00787369 0.00885575 0.0228186
internal_weight=234.787 88.5495 146.237 81.4705 83.0684 17.184
internal_count=11108 4800 6308 3830 3962 565
is_linear=0
shrinkage=0.05


Tree=241
num_leaves=7
num_cat=0
split_feature=10 26 19 19 3 30
split_gain=2.0017 1.61399 1.91787 1.59895 3.25612 1.9233
threshold=-1.1619684782121491 -0.91968043300449553 -0.78037780946447632 1.6936946938859583 2.4247601747733873 0.49702204860492777
decision_type=2 2 2 2 2 2
left_child=1 -1 -3 -2 5 -5
right_child=3 2 -4 4 -6 -7
leaf_value=0.0044393426760012773 0.0041096236795268443 -0.029155030014870239 0.0030574434178911314 0.013335772583190551 0.014680885535251457 -0.033001646660227493
leaf_weight=9.8482483952539059 189.7671019314439 11.269412447290962 6.056720906373811 1.0465053489897389 5.4941949341446152 8.7320780352456477
leaf_count=368 9074 678 231 21 175 487
internal_value=0.00107303 -0.0109794 -0.0191052 0.00280565 -0.0114111 -0.026076
internal_weight=232.214 27.1744 17.3261 205.04 15.2728 9.77858
internal_count=11034 1277 909 9757 683 508
is_linear=0
shrinkage=0.05


Tree=242
num_leaves=7
num_cat=0
split_feature=25 32 68 29 31 19
split_gain=1.30168 2.26685 4.4912 3.30113 3.00173 2.52004
threshold=0.48693609560180801 0.061774927002054995 -0.36967110648949414 1.0827540673811942 1.0599752983100887 0.70131457797904651
decision_type=2 2 2 2 2 2
left_child=-1 -2 3 -3 5 -4
right_child=1 2 4 -5 -6 -7
leaf_value=-0.0017958797420100242 0.013373327900791328 0.021615313668498712 0.00027056235522961017 -0.016563261025357278 0.021388002053312746 -0.036410042304909233
leaf_weight=147.72252704782295 44.295210168580525 17.921625659102578 6.8435613263864132 5.2741766802500925 1.858747700229286 11.532146804500369
leaf_count=7602 1887 520 236 192 45 554
internal_value=0.00106716 0.00578824 -0.00231215 0.0120317 -0.0181857 -0.0246286
internal_weight=235.448 87.7255 43.4303 23.1958 20.2345 18.3757
internal_count=11036 3434 1547 712 835 790
is_linear=0
shrinkage=0.05


Tree=243
num_leaves=7
num_cat=0
split_feature=25 27 20 33 31 67
split_gain=1.6106 2.02514 3.2948 2.065 1.87055 2.07036
threshold=0.43936484246916924 -1.1413214701268362 -0.64291835068923253 1.1870570444690445 -0.3381642757055961 1.7435513378378011
decision_type=2 2 2 2 2 2
left_child=1 2 -1 4 -3 -6
right_child=-2 3 -4 -5 5 -7
leaf_value=-0.0010616569862103731 0.0034964583140534144 8.0322708809101387e-05 0.039922833446672849 -0.03142734749821776 -0.015674194828267051 0.024079423096983271
leaf_weight=29.821852418594062 89.683447817224078 57.008326131821377 2.8355350515339515 6.0153392702923147 43.189087737060618 0.89810628019040351
leaf_count=1230 3578 2984 128 373 2634 107
internal_value=-0.00166242 -0.00497656 0.00555637 -0.00825187 -0.00600691 -0.0133818
internal_weight=229.452 139.768 32.6574 107.111 101.096 44.0872
internal_count=11034 7456 1358 6098 5725 2741
is_linear=0
shrinkage=0.05


Tree=244
num_leaves=7
num_cat=0
split_feature=25 14 29 14 26 68
split_gain=1.29794 2.09917 1.83331 1.40395 1.32203 1.26294
threshold=-1.3772010130704391 1.5340906511845254 -2.6502956531823147 3.1982708098683434 -0.46379980683598604 -0.91529856243422814
decision_type=2 2 2 2 2 2
left_child=2 -2 -1 4 5 -3
right_child=1 3 -4 -5 -6 -7
leaf_value=0.011388846591166311 -0.00013557335792849134 -0.0066438301731187536 -0.027157878339324468 -0.011533941110421634 0.00023271241513450315 0.041165337495512641
leaf_weight=2.5955451587215066 214.18714893277502 0.74932715948671091 6.2696225005784054 1.374973766010952 3.820549040392506 5.705887939548119
leaf_count=82 9655 33 704 106 326 202
internal_value=0.000282437 0.00111499 -0.0158461 0.0194255 0.0252383 0.0352685
internal_weight=234.703 225.838 8.86517 11.6507 10.2758 6.45522
internal_count=11108 10322 786 667 561 235
is_linear=0
shrinkage=0.05


Tree=245
num_leaves=7
num_cat=0
split_feature=67 15 5 28 58 28
split_gain=1.51016 1.36344 2.55059 2.01745 1.84671 1.86587
threshold=1.8056965645201057 -0.76274202880028241 -0.51248896502192498 0.85086738718047794 1.7734537638764236 1.020090440144868
decision_type=2 2 2 2 2 2
left_child=1 3 -3 -1 5 -4
right_child=-2 2 4 -5 -6 -7
leaf_value=0.011681644631285638 -0.026154586135373716 -0.010666054763134505 -0.0022031058764360968 -0.018285060185656718 0.020674353694426981 0.014597887156346813
leaf_weight=39.110402096295729 2.5227748742909162 51.914732027129503 109.30062744903262 3.7518543105106792 9.1787673427897953 16.377851824974641
leaf_count=1512 526 2337 5154 226 299 977
internal_value=-0.000316619 0.000300862 -0.00157278 0.00803407 0.0020837 0.000275613
internal_weight=232.157 229.634 186.772 42.8623 134.857 125.678
internal_count=11031 10505 8767 1738 6430 6131
is_linear=0
shrinkage=0.05


Tree=246
num_leaves=7
num_cat=0
split_feature=68 24 21 23 0 68
split_gain=1.80609 2.0224 1.79912 1.69129 1.64685 1.85256
threshold=1.6377708230788224 -0.5498632614166542 -0.10586468389728436 1.2385223845318427 -1.1118844706431894 -0.96591824940107196
decision_type=2 2 2 2 2 2
left_child=1 2 -1 -4 -3 -6
right_child=-2 4 3 -5 5 -7
leaf_value=-0.0042224824856065242 0.022150506322690153 0.023037551146030903 -0.037871921260471647 0.0082954829392127283 0.016326194439140376 -0.00065727187625297173
leaf_weight=40.325278430624167 6.3201974855037397 5.9666888844221821 5.2939080289215772 1.3849775277485603 14.830502945813349 159.5432423709135
leaf_count=2098 589 170 847 252 570 6559
internal_value=0.000577255 -0.00030316 -0.00921265 -0.0286945 0.00213177 0.00103888
internal_weight=233.665 227.345 47.0042 6.67889 180.34 174.374
internal_count=11085 10496 3197 1099 7299 7129
is_linear=0
shrinkage=0.05


Tree=247
num_leaves=7
num_cat=0
split_feature=20 22 26 26 10 23
split_gain=2.65564 2.00007 1.8965 1.86391 1.73908 1.68383
threshold=-0.58062214462407769 -1.9476230458814927 1.6524176201738041 -0.83579155489981904 0.6920708272906283 0.75489048772770972
decision_type=2 2 2 2 2 2
left_child=3 -2 5 -1 -4 -3
right_child=1 2 4 -5 -6 -7
leaf_value=0.00073475454682581445 -0.025511282126756338 0.0026461752866463635 0.0099292866296353047 -0.013783972787124841 -0.028517580250792336 0.014878130533432629
leaf_weight=40.006892420700751 2.7076242939219801 98.733645639527822 2.7660681240959084 45.618766710307682 4.9110422668745741 37.372178769990569
leaf_count=1701 256 4267 196 2261 628 1728
internal_value=-0.000351538 0.00371868 0.00477928 -0.00720514 -0.0157675 0.00625328
internal_weight=232.116 146.491 143.783 85.6257 7.67711 136.106
internal_count=11037 7075 6819 3962 824 5995
is_linear=0
shrinkage=0.05


Tree=248
num_leaves=7
num_cat=0
split_feature=67 67 68 23 28 68
split_gain=1.7149 2.41836 2.31248 3.02356 1.96374 2.31024
threshold=-0.81785618258327053 -0.90423457587130052 -0.69860135037056781 -1.2973539541361629 -0.87461377309836419 0.27406863847977853
decision_type=2 2 2 2 2 2
left_child=1 4 -3 -4 -1 -6
right_child=-2 2 3 -5 5 -7
leaf_value=-0.01614812050320585 0.0028523091867999374 0.010956437094233454 0.0083883079539997015 -0.057626898116653585 0.010357129683339296 -0.021479788859507781
leaf_weight=13.947961779602336 182.92625740153017 1.3692773576767647 1.449313550256192 3.3651766386465165 27.281975955294914 4.1095705714251372
leaf_count=603 8758 156 32 172 923 425
internal_value=0.000572552 -0.007233 -0.030664 -0.0421631 -0.00233257 0.00467912
internal_weight=234.45 51.5233 6.18377 4.81449 45.3395 31.3915
internal_count=11069 2311 360 204 1951 1348
is_linear=0
shrinkage=0.05


Tree=249
num_leaves=7
num_cat=0
split_feature=30 25 29 30 67 21
split_gain=2.3107 1.58295 1.48811 1.43495 2.84309 2.74518
threshold=-1.1601229341629502 -0.90581872052547474 -2.5237215468546288 -0.34689437780463983 -0.74012257222479039 0.51272060229889849
decision_type=2 2 2 2 2 2
left_child=1 2 -1 -2 5 -5
right_child=3 -3 -4 4 -6 -7
leaf_value=0.0046153308466920367 0.006743712663385879 0.0095776172117092995 -0.032778485791736547 -0.023882916079869861 0.00046761267051856678 0.020815749908864058
leaf_weight=2.5367048371117553 57.685873037087731 2.422183451941236 9.2633331653196347 19.341094130097193 139.44396102783503 1.6873585269786406
leaf_count=103 2560 103 1040 806 6439 46
internal_value=-0.00120924 -0.0188412 -0.0254337 0.00018022 -0.00225965 -0.0181451
internal_weight=232.381 14.2222 11.8 218.158 160.472 21.0285
internal_count=11097 1246 1143 9851 7291 852
is_linear=0
shrinkage=0.05


Tree=250
num_leaves=7
num_cat=0
split_feature=30 25 3 3 17 32
split_gain=1.22128 2.8847 1.96943 1.78904 4.73807 2.30918
threshold=0.082735802912958192 -0.41924990551399843 -0.85154815504614034 0.25371248633876048 0.56531947232077606 0.061774927002054995
decision_type=2 2 2 2 2 2
left_child=-1 -2 -3 -4 -5 -6
right_child=1 2 3 4 5 -7
leaf_value=0.0039667175980778024 -0.030044507430667684 0.019751865743368655 -0.013311821069967204 0.017909994223099832 0.0030696585506128811 -0.01795764849833217
leaf_weight=119.70765313689481 6.2101540611183728 7.5422311598667866 26.609705226845108 24.498123633442447 23.959983490291052 23.850362482713535
leaf_count=5962 488 286 1367 817 1180 929
internal_value=0.000497843 -0.00319498 -0.000848257 -0.00295413 0.00123598 -0.00786083
internal_weight=232.378 112.671 106.46 98.9182 72.3085 47.8103
internal_count=11029 5067 4579 4293 2926 2109
is_linear=0
shrinkage=0.05


Tree=251
num_leaves=7
num_cat=0
split_feature=56 19 31 6 29 30
split_gain=1.79087 1.94712 2.3228 1.94605 2.28281 2.00328
threshold=1.0000000180025095e-35 -0.075706359036923937 -0.3381642757055961 0.55630452709022127 -0.98687470331372007 2.0160716161421504
decision_type=2 2 2 2 2 2
left_child=3 2 -2 4 -1 -6
right_child=1 -3 -4 -5 5 -7
leaf_value=0.011433180263650585 0.0023657304155650745 0.0064637077844587002 -0.014506608722569049 0.019688211370210967 -0.026171119738748916 0.016604527351372213
leaf_weight=4.5451984832761871 60.309755246096756 120.64189603016712 27.323638731904794 2.0447994976420878 18.782888566958722 1.0805205183569331
leaf_count=138 2958 4799 1892 118 1141 44
internal_value=0.000809019 0.00240949 -0.00320102 -0.0107539 -0.01518 -0.0219708
internal_weight=234.729 208.275 87.6334 26.4534 24.4086 19.8634
internal_count=11090 9649 4850 1441 1323 1185
is_linear=0
shrinkage=0.05


Tree=252
num_leaves=7
num_cat=0
split_feature=35 10 32 68 22 67
split_gain=1.17197 1.81364 1.43809 1.08215 1.30432 3.88012
threshold=1.0000000180025095e-35 0.90471287516019872 1.2947878583930665 -1.1986417716241189 0.62725983394877172 -0.59340428844857884
decision_type=2 2 2 2 2 2
left_child=3 2 -2 -1 -5 -6
right_child=1 -3 -4 4 5 -7
leaf_value=0.018579628305161813 -0.033321348575104076 0.014976042440509313 0.0098321533656482388 0.0024089559225201895 0.01884256474638479 -0.013521500038382621
leaf_weight=5.4660979092586777 5.4696830743341689 1.6257680419948881 1.027582313166931 171.54074064729502 9.0749493712792155 39.057238530978793
leaf_count=274 360 104 30 7585 308 2434
internal_value=0.000267746 -0.0155844 -0.0255465 0.0010371 0.000356159 -0.006672
internal_weight=233.262 8.12303 6.49727 225.139 219.673 48.1322
internal_count=11095 494 390 10601 10327 2742
is_linear=0
shrinkage=0.05


Tree=253
num_leaves=7
num_cat=0
split_feature=17 18 26 25 30 24
split_gain=1.46115 1.5471 3.80855 2.74889 1.64423 1.40042
threshold=-0.85929667953312527 -1.090005271875029 -0.78917598290629309 -1.1165479155232971 -0.23948683262524037 0.85823977812694785
decision_type=2 2 2 2 2 2
left_child=1 2 4 -3 -1 -2
right_child=5 3 -4 -5 -6 -7
leaf_value=0.02202461738400921 -0.0039628741008342402 -0.013791834737004162 -0.029418196142469839 0.032398676434236842 -0.012921889499764985 0.0051914544346054444
leaf_weight=9.9054815775016305 148.44223900834913 2.4592109679069862 4.4898624233610489 9.3072292296565085 2.3364168130792704 54.835761361871846
leaf_count=322 7194 407 437 467 95 2093
internal_value=7.87731e-05 0.0101082 -0.000256264 0.0219041 0.0141243 -0.00145384
internal_weight=231.776 28.4982 16.7318 11.7664 12.2419 203.278
internal_count=11015 1728 854 874 417 9287
is_linear=0
shrinkage=0.05


Tree=254
num_leaves=7
num_cat=0
split_feature=26 32 25 29 13 8
split_gain=1.69087 1.77512 1.27675 3.1443 1.42203 1.3913
threshold=1.9509870987364091 2.2755935992722809 -1.2894710572861212 -2.2410159420671927 2.1152492831930876 -0.74035698565838437
decision_type=2 2 2 2 2 2
left_child=1 2 3 -1 5 -4
right_child=-2 -3 4 -5 -6 -7
leaf_value=0.011177199748524973 -0.022840438127991823 -0.024965429806417794 -0.0053998139909064904 -0.030884022361600341 0.027761788797619591 0.0042208637101093386
leaf_weight=6.1784421184565872 4.6584226474515154 3.3916703791473983 45.871363952552201 6.4287554519833048 2.5552563985402221 162.19806140786386
leaf_count=220 643 148 2076 765 143 6994
internal_value=0.00027533 0.00104269 0.00176367 -0.0120847 0.00275065 0.00205327
internal_weight=231.282 226.624 223.232 12.6072 210.625 208.069
internal_count=10989 10346 10198 985 9213 9070
is_linear=0
shrinkage=0.05


Tree=255
num_leaves=7
num_cat=0
split_feature=32 25 27 29 5 25
split_gain=1.98703 1.28203 2.77656 2.3607 1.94967 1.71392
threshold=2.2755935992722809 -0.43644811371361364 -0.67533067041097039 1.4506931654057109 -0.38296718819236192 -0.32603043442409368
decision_type=2 2 2 2 2 2
left_child=1 2 4 -4 -1 -3
right_child=-2 5 3 -5 -6 -7
leaf_value=-0.0055518512903114615 -0.026130786092095439 0.020121196025693455 -0.027065919787048143 0.019231909558091911 0.014703006338745076 0.0020570274168137596
leaf_weight=30.375163567194246 3.7591479948023325 11.449787626974283 14.180316322948782 1.0733821094618168 15.499909919570202 156.47557822076487
leaf_count=1342 160 417 1547 204 826 6558
internal_value=0.0006031 0.00137399 -0.00467734 -0.0211827 0.00177412 0.00362025
internal_weight=232.813 229.054 61.1288 15.2537 45.8751 167.925
internal_count=11054 10894 3919 1751 2168 6975
is_linear=0
shrinkage=0.05


Tree=256
num_leaves=7
num_cat=0
split_feature=23 67 23 67 18 67
split_gain=2.0792 2.57934 2.29448 1.98467 2.68906 3.4811
threshold=0.072092208620072942 0.10208412133536778 -0.21304867509826927 -0.67815093556115158 0.9782141285684659 -0.90423457587130052
decision_type=2 2 2 2 2 2
left_child=1 2 3 4 5 -1
right_child=-2 -3 -4 -5 -6 -7
leaf_value=-0.0012614960956885809 0.0047604187088977007 -0.023945407919027037 -0.015271538374945061 0.0087422129309489942 0.0079141058121121668 -0.034974359310186991
leaf_weight=20.194747738714796 100.87458873054129 12.386372978668076 23.065092543169158 45.242793266195804 20.746663595054997 9.5706446575641184
leaf_count=923 5264 926 951 1750 818 440
internal_value=-0.000558227 -0.00466234 -0.00211199 0.00142547 -0.00525072 -0.0143111
internal_weight=232.081 131.206 118.82 95.7548 50.5121 29.7654
internal_count=11072 5808 4882 3931 2181 1363
is_linear=0
shrinkage=0.05


Tree=257
num_leaves=7
num_cat=0
split_feature=67 67 24 29 22 41
split_gain=1.66939 3.62396 3.3505 2.65387 2.69582 2.21398
threshold=-0.81785618258327053 -0.90423457587130052 1.5319563725190932 -0.39037779798051603 -0.69905579267884088 1.0000000180025095e-35
decision_type=2 2 2 2 2 2
left_child=1 3 -3 4 -1 -6
right_child=-2 2 -4 -5 5 -7
leaf_value=-0.013059720253688843 0.0032363207138048355 -0.047988963601752824 0.017105961892432891 -0.02214652694736793 -0.015590818038507249 0.019192136306947924
leaf_weight=11.224150804337109 182.99417386611458 5.1223006830550721 0.93520073062973086 8.3894424806931038 3.207834063563495 22.594067099096726
leaf_count=500 8778 276 94 482 237 738
internal_value=0.000993363 -0.00671977 -0.035602 -0.000900134 0.00521301 0.0136942
internal_weight=234.467 51.473 6.0575 45.4155 37.0261 25.8019
internal_count=11105 2327 370 1957 1475 975
is_linear=0
shrinkage=0.05


Tree=258
num_leaves=7
num_cat=0
split_feature=22 67 67 25 67 20
split_gain=1.65834 1.46904 2.88379 2.69824 1.39309 2.3294
threshold=-1.8046604994201743 -0.81785618258327053 -0.90423457587130052 -0.46057470396350997 -1.1592556722930141 -0.60797077526790233
decision_type=2 2 2 2 2 2
left_child=-1 2 4 -4 5 -2
right_child=1 -3 3 -5 -6 -7
leaf_value=-0.017615763060458183 -0.036290390316257214 0.0026738793710707424 0.008237790699463057 -0.049085186332719181 0.0055389780940228277 0.00037043399817774644
leaf_weight=10.38507626071805 3.47232592920773 171.89483612778713 1.8790730122418606 3.6398520073271348 25.86367222527042 12.928007973649072
leaf_count=682 276 8214 139 202 948 560
internal_value=-0.000527643 0.000506626 -0.00698726 -0.0335401 -0.00152677 -0.011803
internal_weight=230.063 219.678 47.7829 5.51893 42.264 16.4003
internal_count=11021 10339 2125 341 1784 836
is_linear=0
shrinkage=0.05


Tree=259
num_leaves=7
num_cat=0
split_feature=23 30 22 24 31 33
split_gain=1.05586 2.1931 2.88853 2.75986 2.04571 2.16738
threshold=0.75489048772770972 0.84993255419438352 1.0452222179215422 1.0195974739212501 -0.3381642757055961 -0.89233048385942804
decision_type=2 2 2 2 2 2
left_child=1 2 4 -3 -1 -6
right_child=-2 3 -4 -5 5 -7
leaf_value=0.0073277860553289473 0.0077476103537470233 -0.023785749398488504 -0.021031850927833006 0.016116412494566974 0.0086361480862024598 -0.011114380577079941
leaf_weight=103.97683433326893 46.799288489186438 15.379869506374236 10.240461281937312 3.3613563957624129 18.700112152437214 36.681775615026709
leaf_count=4472 2655 843 663 90 709 1633
internal_value=0.00127223 -0.000433038 0.00145887 -0.0153927 0.00326604 -0.00434438
internal_weight=235.14 188.34 169.599 18.7412 159.359 55.3819
internal_count=11065 8410 7477 933 6814 2342
is_linear=0
shrinkage=0.05


Tree=260
num_leaves=7
num_cat=0
split_feature=68 18 32 67 33 58
split_gain=1.24439 2.70612 1.95937 2.79402 1.48742 1.39138
threshold=1.2989218567515428 0.093715614532973765 -0.89100779270918107 -0.25164025969963727 -0.9331049838370894 1.7734537638764236
decision_type=2 2 2 2 2 2
left_child=2 4 3 -1 -2 -4
right_child=1 -3 5 -5 -6 -7
leaf_value=0.0031608815330992483 -0.011062150977521027 -0.021304835079116364 -0.00090950800495825034 -0.032851365551962337 0.03459878863477106 0.014132634094269701
leaf_weight=9.4773353715427238 0.72003838076489035 1.4272886888938954 188.90022409168887 8.1720494299952389 6.0610218166839314 13.713475718046537
leaf_count=527 113 205 7980 1148 502 493
internal_value=-0.000379662 0.0158833 -0.001191 -0.0158638 0.0278445 0.000299935
internal_weight=228.471 8.20835 220.263 17.6494 6.78106 202.614
internal_count=10968 820 10148 1675 615 8473
is_linear=0
shrinkage=0.05


Tree=261
num_leaves=7
num_cat=0
split_feature=6 22 2 30 31 33
split_gain=1.05718 2.31668 1.69853 1.4189 2.9873 2.63335
threshold=0.55630452709022127 0.7302582632290352 1.1691421843371319 0.97268403439941153 0.59392877363819374 -0.74962834705547909
decision_type=2 2 2 2 2 2
left_child=3 -2 -3 -1 5 -5
right_child=1 2 -4 4 -6 -7
leaf_value=0.0011992463508349478 -0.0053850238593710423 0.039911536554413929 -0.011256179657333335 -0.033005035092681351 0.016734642536854426 -0.0010716775698542901
leaf_weight=190.05779324049945 7.2775027554598619 4.4895221684710123 0.66134810441872094 10.706429414858579 5.6119928700500159 12.598666572244838
leaf_count=8743 601 220 76 584 218 647
internal_value=0.000464607 0.0131162 0.0316169 -0.000421018 -0.010182 -0.017833
internal_weight=231.403 12.4284 5.15087 218.975 28.9171 23.3051
internal_count=11089 897 296 10192 1449 1231
is_linear=0
shrinkage=0.05


Tree=262
num_leaves=7
num_cat=0
split_feature=67 68 17 15 68 28
split_gain=1.54379 1.40805 2.26795 1.77936 2.37305 4.78265
threshold=-1.4772725864884937 1.2989218567515428 0.23833611008652236 -0.20847096193167841 -0.40035562716051509 0.79970550523665773
decision_type=2 2 2 2 2 2
left_child=-1 3 -3 4 -2 -6
right_child=1 2 -4 -5 5 -7
leaf_value=-0.027817076222275701 0.0097010031526352965 0.034192723516233502 -0.009136178778030378 -0.0061190150874091244 0.0025415632372129695 -0.030403204916495643
leaf_weight=1.7115887019317586 71.575474665354704 4.638732074876315 3.3051390260807239 71.340356963453814 67.593108024040703 10.08071268518688
leaf_count=278 2661 356 340 3885 2705 761
internal_value=0.000526527 0.00109648 0.0186026 0.000224914 0.0033181 -0.00270569
internal_weight=230.245 228.534 7.94387 220.59 149.249 77.6738
internal_count=10986 10708 696 10012 6127 3466
is_linear=0
shrinkage=0.05


Tree=263
num_leaves=7
num_cat=0
split_feature=68 19 67 58 19 50
split_gain=1.44653 2.05321 1.64095 1.58257 2.91815 1.8511
threshold=1.6377708230788224 -0.80644100009672826 1.4536560066661572 -0.22852604531245646 0.39632698241386127 1.0000000180025095e-35
decision_type=2 2 2 2 2 2
left_child=1 -1 -2 -3 5 -5
right_child=2 3 -4 4 -6 -7
leaf_value=-0.012629002519980987 -0.0073768259666734132 -0.0018882184441905356 0.032462925087167901 0.031220086064795368 -0.0076734058569158971 -0.0079965914195021873
leaf_weight=36.104408181112376 2.7910304223478297 160.42051904962864 3.4301730842562392 11.513847217400327 10.597821061674038 2.469257333315908
leaf_count=2398 326 7076 262 345 433 131
internal_value=-0.00143862 -0.00221938 0.0180045 -1.8761e-05 0.0110601 0.0241056
internal_weight=227.327 221.106 6.2212 185.001 24.5809 13.9831
internal_count=10971 10383 588 7985 909 476
is_linear=0
shrinkage=0.05


Tree=264
num_leaves=7
num_cat=0
split_feature=58 57 25 27 5 5
split_gain=1.28296 2.23169 1.44431 1.8621 1.3318 2.68517
threshold=1.7734537638764236 4.171408830961103 0.82991828418541058 -0.63698633746717215 0.45892436119979807 0.26464169595545345
decision_type=2 2 2 2 2 2
left_child=4 2 3 -2 5 -1
right_child=1 -3 -4 -5 -6 -7
leaf_value=-0.0013457718386030342 -0.0071517723835530407 -0.010619589952379308 -0.0085532461851590205 0.0397095395309736 0.0076409472806007045 -0.02584715644967427
leaf_weight=174.36229660944082 1.6754544983559734 5.0155357195762909 1.5301619196543459 6.6627917333389632 32.422879328369163 8.9832857470610161
leaf_count=7899 81 247 65 151 2107 537
internal_value=-0.000219817 0.0126593 0.0242081 0.0308925 -0.00126965 -0.00294304
internal_weight=230.652 14.8839 9.86841 8.33825 215.768 183.346
internal_count=11087 544 297 232 10543 8436
is_linear=0
shrinkage=0.05


Tree=265
num_leaves=7
num_cat=0
split_feature=22 25 3 24 26 30
split_gain=1.01687 0.873263 1.6857 1.60966 1.60419 1.35666
threshold=-2.1738614702869694 -1.2894710572861212 -1.0094425323868403 -1.4311912815329817 -0.92338161861262302 -0.68446094836846683
decision_type=2 2 2 2 2 2
left_child=-1 4 3 5 -2 -3
right_child=1 2 -4 -5 -6 -7
leaf_value=-0.015778068737367697 0.0069225557829245936 0.014308243806657822 0.0010506488377274993 0.020677472640980993 -0.024080306381433672 -0.024579823384081486
leaf_weight=5.4982611189479931 6.0265731329564005 1.3895911019062626 194.5226981973683 17.803904206986772 5.7034737236972415 2.1661719810217646
leaf_count=391 236 43 8656 834 754 132
internal_value=0.00123815 0.00184911 0.00262023 0.0150247 -0.00998608 -0.00978929
internal_weight=233.111 227.612 215.882 21.3597 11.73 3.55576
internal_count=11046 10655 9665 1009 990 175
is_linear=0
shrinkage=0.05


Tree=266
num_leaves=7
num_cat=0
split_feature=23 67 19 30 68 11
split_gain=1.3258 1.90575 1.68705 2.51763 1.71246 1.61256
threshold=-0.33974794034118982 0.10208412133536778 -0.075706359036923937 -0.56170946816343881 -0.57547238207284013 -0.44832336935454115
decision_type=2 2 2 2 2 2
left_child=1 2 3 5 -5 -1
right_child=-2 -3 -4 4 -6 -7
leaf_value=0.014098869554430305 -0.0038094300263535039 -0.017151338782973782 0.016405914003093509 0.0056418073459811357 -0.018230779757686038 -0.011256868565270113
leaf_weight=30.608038955862867 137.07382940790558 6.9732054310734375 24.169439202640206 10.271308217401385 16.7981637197081 5.3414018102630498
leaf_count=1305 7042 525 918 317 688 306
internal_value=-0.000704592 0.00379328 0.0059832 0.00142195 -0.00951336 0.00975463
internal_weight=231.235 94.1616 87.1884 63.0189 27.0695 35.9494
internal_count=11101 4059 3534 2616 1005 1611
is_linear=0
shrinkage=0.05


Tree=267
num_leaves=7
num_cat=0
split_feature=8 23 20 33 33 67
split_gain=1.63322 2.09535 1.81761 1.62921 1.86192 1.59996
threshold=-1.150414529567884 -0.7441590279076119 -0.28676158151588177 2.1451975021190255 2.0024953653150765 0.49352961342641971
decision_type=2 2 2 2 2 2
left_child=1 -1 -3 4 5 -2
right_child=3 2 -4 -5 -6 -7
leaf_value=0.0063206749667832768 0.00016738885177521219 -0.029158841375681473 -0.0013115649968507221 -0.016560122606782923 0.028949505286883583 0.011329648048335524
leaf_weight=12.869646070641464 147.70367520066793 11.140620465157552 10.51084901194554 7.6290690579917273 4.0091170916566616 38.051190554411733
leaf_count=504 6350 579 573 407 113 2578
internal_value=0.000798061 -0.00878805 -0.017445 0.00258099 0.00359627 0.00259766
internal_weight=231.914 34.5211 21.6515 197.393 189.764 185.755
internal_count=11104 1656 1152 9448 9041 8928
is_linear=0
shrinkage=0.05


Tree=268
num_leaves=7
num_cat=0
split_feature=30 68 68 20 29 66
split_gain=1.22691 3.23797 2.74185 2.49682 2.69319 2.09189
threshold=0.69649320393809833 -0.69860135037056781 -0.62257409851689094 0.09782262241665568 0.99938510456816243 0.32937973694170264
decision_type=2 2 2 2 2 2
left_child=1 -1 5 -4 -5 -3
right_child=-2 2 3 4 -6 -7
leaf_value=0.014965673813290224 -0.005812382185784927 -0.031319682038517191 0.0046685314300615576 -0.023162305807794659 0.008963154522011945 0.010097290925145171
leaf_weight=38.626730876712827 51.968234376516193 8.6134253137279284 106.37638213101309 15.541155553917635 8.0579747797164583 2.5069604923482975
leaf_count=1669 2418 348 4596 1129 746 110
internal_value=0.000748379 0.00270976 -0.000887172 0.00135578 -0.0124193 -0.0218212
internal_weight=231.691 179.723 141.096 129.976 23.5991 11.1204
internal_count=11016 8598 6929 6471 1875 458
is_linear=0
shrinkage=0.05


Tree=269
num_leaves=7
num_cat=0
split_feature=68 67 67 35 10 57
split_gain=1.48358 2.58574 1.77456 1.72022 1.68696 1.49639
threshold=0.89635853540035915 0.33365320623535172 1.7230677156352538 1.0000000180025095e-35 0.60502048894402261 4.1270368308780361
decision_type=2 2 2 2 2 2
left_child=2 -2 3 5 -5 -1
right_child=1 -3 -4 4 -6 -7
leaf_value=0.0038342693225763419 -0.029588877155776877 0.0071775221576369196 -0.024146822012665308 -0.030232661291997445 0.0093707721231676925 -0.019862489503944161
leaf_weight=200.51136670695269 7.5773874241858703 6.9962910476024263 3.6247732626798088 4.7040670888964078 2.3882183479145169 3.9415090504335231
leaf_count=8418 701 724 535 275 125 234
internal_value=0.000252756 -0.0137265 0.00137531 0.00214416 -0.0180755 0.00309681
internal_weight=229.744 14.5737 215.17 211.545 7.09229 204.453
internal_count=11012 1425 9587 9052 400 8652
is_linear=0
shrinkage=0.05


Tree=270
num_leaves=7
num_cat=0
split_feature=26 32 67 31 26 7
split_gain=1.80929 2.46955 3.66179 2.38789 1.81533 1.74315
threshold=0.13727703962810381 -0.21845528467772032 1.5616289982761948 0.87355668844133061 1.4490675969365703 2.4687106239832288
decision_type=2 2 2 2 2 2
left_child=-1 -2 3 5 -5 -3
right_child=1 2 -4 4 -6 -7
leaf_value=0.0020371482464636896 -0.023626921193757047 -0.021966219736899294 0.024985302596740533 0.022232353719584295 -0.015724309486281916 0.01510073175868086
leaf_weight=180.73077476612525 14.794849222729679 19.076252097438562 7.4150693801930165 6.2306244800565747 2.233391374029452 1.5507564104627807
leaf_count=7775 1667 985 200 190 228 50
internal_value=-0.000337027 -0.00835158 -0.000836867 -0.00913916 0.0107229 -0.0176159
internal_weight=232.032 51.3009 36.5061 29.091 8.46402 20.627
internal_count=11095 3320 1653 1453 418 1035
is_linear=0
shrinkage=0.05


Tree=271
num_leaves=7
num_cat=0
split_feature=12 12 12 22 17 23
split_gain=1.3277 2.59315 1.72806 2.28423 3.20609 1.9947
threshold=-1.0268458856094413 -1.2787417457247585 -0.72454300603737254 0.12155804725577658 0.56531947232077606 0.0091477975292404475
decision_type=2 2 2 2 2 2
left_child=1 -1 -2 5 -5 -4
right_child=2 -3 3 4 -6 -7
leaf_value=-0.00099111637247576746 -0.018131969198032376 0.027238183682204604 -0.01017379428813325 0.014602140615584312 -0.0038808599548133282 0.0041003083177568352
leaf_weight=21.040605895497723 10.623030563670907 10.060797217418438 61.896077712939586 46.971595529437764 42.32845002412796 37.170537438301835
leaf_count=1674 824 587 2677 1790 1855 1598
internal_value=0.000614198 0.00973348 -0.000934509 0.000304395 0.00599977 -0.00485494
internal_weight=230.091 31.1014 198.99 188.367 89.3 99.0666
internal_count=11005 2261 8744 7920 3645 4275
is_linear=0
shrinkage=0.05


Tree=272
num_leaves=7
num_cat=0
split_feature=10 32 19 3 20 25
split_gain=1.32364 1.03655 1.088 1.45339 1.25851 3.18857
threshold=1.062311642930198 3.0602381919756514 1.9075093874060993 2.3260761889354504 -0.43665857438722511 -0.77861198945663179
decision_type=2 2 2 2 2 2
left_child=1 2 4 -4 -1 -6
right_child=-2 -3 3 -5 5 -7
leaf_value=-0.00034256877930246183 -0.010726253970035248 -0.022670374440515756 -0.026257209361200719 0.0095238564798321209 -0.022413516472109943 0.0099303862974360977
leaf_weight=110.15601563114615 19.087341833685059 1.1647873972542573 4.2238365120720109 2.6688330073375255 5.4862194896268184 89.59647185888025
leaf_count=4913 1396 49 246 78 745 3645
internal_value=0.000949636 0.00212876 0.00257917 -0.0137161 0.00331614 0.00743569
internal_weight=232.384 213.296 212.131 6.89267 205.239 95.0827
internal_count=11072 9676 9627 324 9303 4390
is_linear=0
shrinkage=0.05


Tree=273
num_leaves=7
num_cat=0
split_feature=32 0 13 68 68 15
split_gain=1.13813 1.16066 1.20744 2.53981 1.68278 1.33926
threshold=2.1915245357683477 1.8407643598280103 -0.89114021624848816 1.1251243407852654 0.39832140291673163 -0.7050099024981713
decision_type=2 2 2 2 2 2
left_child=1 2 3 4 -1 -4
right_child=-2 -3 5 -5 -6 -7
leaf_value=0.0048533532345152071 -0.019442695209875294 0.015254243234319226 -0.014657289354010734 0.035276790881010107 -0.017808305908699942 -0.0014043092442241991
leaf_weight=51.088726886955556 4.9208777031453783 8.6061186354781949 19.404053708189167 3.1920265835942692 6.6710734507068983 133.66912990662968
leaf_count=1978 195 337 1167 179 335 6858
internal_value=-0.000817811 -0.000153103 -0.000974944 0.0048274 0.00148595 -0.00333375
internal_weight=227.552 222.631 214.025 60.9518 57.7598 153.073
internal_count=11049 10854 10517 2492 2313 8025
is_linear=0
shrinkage=0.05


Tree=274
num_leaves=7
num_cat=0
split_feature=17 35 41 22 33 66
split_gain=1.24183 1.42438 1.78758 4.33855 1.75284 1.64718
threshold=0.83035643679164817 1.0000000180025095e-35 1.0000000180025095e-35 0.35345372980766293 0.10659308688607967 -0.48746848826408135
decision_type=2 2 2 2 2 2
left_child=1 2 3 4 -1 -4
right_child=-2 -3 5 -5 -6 -7
leaf_value=0.0098976538236870727 0.023511499801745286 -0.018201034085030446 -0.0045640549783068501 0.038105365523366408 -0.012153966473867479 0.0062589623213275443
leaf_weight=17.71418035947136 2.4643821084173387 7.9537656948668873 135.56638970777567 7.1296055204584254 12.95285773751675 44.258994625939522
leaf_count=658 109 492 6550 161 722 2308
internal_value=-4.50259e-05 -0.000607582 0.000274185 0.00973422 0.000330629 -0.00184128
internal_weight=228.04 225.576 217.622 37.7966 30.667 179.825
internal_count=11000 10891 10399 1541 1380 8858
is_linear=0
shrinkage=0.05


Tree=275
num_leaves=7
num_cat=0
split_feature=22 68 0 22 33 24
split_gain=1.60429 1.61903 2.43525 1.63036 1.57789 1.26163
threshold=1.5412184332991388 1.2989218567515428 0.14993126887441718 -1.8046604994201743 -0.9331049838370894 0.85823977812694785
decision_type=2 2 2 2 2 2
left_child=1 3 4 -1 -3 -5
right_child=-2 2 -4 5 -6 -7
leaf_value=-0.017719553216045018 -0.024439730697920825 -0.011225709581056401 -0.018211448795546304 -0.0017988789140598001 0.036488629801635759 0.0070889244265555
leaf_weight=10.123991851025492 3.7378050821134812 0.68502465158235271 1.3708283291489349 155.13763235806255 6.0896596150705573 50.429219659563387
leaf_count=634 491 93 210 7217 433 1918
internal_value=-0.000400015 0.000319336 0.0189047 -0.000632244 0.0296994 0.000452062
internal_weight=227.574 223.836 8.14551 215.691 6.77468 205.567
internal_count=10996 10505 736 9769 526 9135
is_linear=0
shrinkage=0.05


Tree=276
num_leaves=7
num_cat=0
split_feature=20 32 68 31 12 26
split_gain=1.80108 1.4494 1.4582 1.36091 2.9446 2.13257
threshold=-0.85019021558894159 -0.89100779270918107 0.89635853540035915 0.50071946870381479 -0.4439326444121951 0.38770958676407485
decision_type=2 2 2 2 2 2
left_child=-1 -2 3 5 -5 -3
right_child=1 2 -4 4 -6 -7
leaf_value=0.01389838097614194 -0.016299819428801803 0.00040278548488226478 -0.016832347420867855 -0.014028335749669031 0.02213395005907326 -0.016602468631584214
leaf_weight=14.970330857380757 14.713184084044768 147.06560286410968 11.105920338683061 5.8903400401759454 14.393512257811379 18.057857976848027
leaf_count=504 1745 5788 943 489 456 1035
internal_value=-0.00133203 -0.00259097 -0.00133492 -0.000153379 0.0111782 -0.00171998
internal_weight=226.197 211.226 196.513 185.407 20.2839 165.123
internal_count=10960 10456 8711 7768 945 6823
is_linear=0
shrinkage=0.05


Tree=277
num_leaves=7
num_cat=0
split_feature=17 34 68 5 41 26
split_gain=1.3836 1.34452 3.21972 2.66747 2.44396 2.06265
threshold=0.82860110010913901 1.0000000180025095e-35 -0.2649137620330147 -0.38296718819236192 1.0000000180025095e-35 0.36855810309411324
decision_type=2 2 2 2 2 2
left_child=1 2 -1 -4 -3 -6
right_child=-2 4 3 -5 5 -7
leaf_value=-0.024080704521461466 0.023631581640748724 0.015328752725886447 -0.015705232650372727 0.025045271891607823 0.0010925275901150072 -0.013236062522801007
leaf_weight=14.814076939277586 3.0216796007589428 22.316543972614454 4.3537658174755052 6.416321571567094 151.75803468689264 27.014801071316469
leaf_count=756 144 667 315 590 6540 2066
internal_value=-2.77672e-05 -0.000647715 -0.0107974 0.00873936 0.000783337 -0.00125542
internal_weight=229.695 226.674 25.5842 10.7701 201.089 178.773
internal_count=11078 10934 1661 905 9273 8606
is_linear=0
shrinkage=0.05


Tree=278
num_leaves=7
num_cat=0
split_feature=67 33 56 66 30 22
split_gain=2.07405 1.52298 1.50178 1.90618 1.37896 2.8703
threshold=-1.1301793441665169 -0.36230504973916011 1.0000000180025095e-35 1.7762902323846139 -0.80721242857349484 -0.95098543527213886
decision_type=2 2 2 2 2 2
left_child=1 -1 -3 -4 5 -2
right_child=4 2 3 -5 -6 -7
leaf_value=-0.00042513067812854634 -0.013148163115674898 0.011352977524094483 -0.042179196314683406 0.0045194122865298862 -0.00027752152995329579 0.021084983872241097
leaf_weight=10.398155268339908 6.2896717127878246 0.8267162257398003 6.3249905517441203 2.1526197312632576 185.47437429420825 18.012722967556329
leaf_count=354 402 35 507 108 8618 1054
internal_value=-0.000273917 -0.0146365 -0.0265426 -0.0322396 0.00126238 0.0117539
internal_weight=229.479 19.7025 9.30433 8.47761 209.777 24.3024
internal_count=11078 1004 650 615 10074 1456
is_linear=0
shrinkage=0.05


Tree=279
num_leaves=7
num_cat=0
split_feature=10 3 12 17 23 29
split_gain=1.09775 2.2798 2.54946 1.98654 1.86866 1.95097
threshold=-0.74281999156257816 -0.51602260319715254 -1.2787417457247585 0.16955711147294486 -0.79704043765452381 0.08095104036117011
decision_type=2 2 2 2 2 2
left_child=-1 2 -2 -3 -4 -6
right_child=1 3 4 -5 5 -7
leaf_value=-0.0068051644934455039 -0.012866567581395689 -0.015923372780287517 -0.0085873853410207892 0.00094772205242518747 0.033145660876786658 0.0026258351193365875
leaf_weight=49.026789173512952 5.6912374991079551 17.105790928995702 3.7357192367489942 130.00122660564375 14.959708604495974 8.1708603588631359
leaf_count=2291 964 948 173 5519 558 612
internal_value=-0.000402277 0.00142801 0.0127948 -0.0012931 0.0189772 0.0239038
internal_weight=228.691 179.665 32.5575 147.107 26.8663 23.1306
internal_count=11065 8774 2307 6467 1343 1170
is_linear=0
shrinkage=0.05


Tree=280
num_leaves=7
num_cat=0
split_feature=30 24 3 10 21 10
split_gain=1.2136 1.93264 2.38938 1.81161 1.50386 2.49218
threshold=0.082735802912958192 -0.5498632614166542 -0.85154815504614034 -0.38697681458084365 -0.34466483413379662 0.17192844300967078
decision_type=2 2 2 2 2 2
left_child=-1 4 -3 -4 5 -2
right_child=1 2 3 -5 -6 -7
leaf_value=0.0032193710433373671 -0.019277344666983973 0.024247128905263426 -0.020626898649023083 -0.00061931822943547842 -0.034209579753696207 0.023558341857695873
leaf_weight=117.09125393591239 5.6911201168550161 5.4790495542110866 10.228819771553388 79.590301089629065 5.6682724458514704 2.6071023648837581
leaf_count=6044 324 153 432 3148 850 119
internal_value=-0.000278144 -0.00401206 -0.00120477 -0.00349087 -0.0195671 -0.00313746
internal_weight=226.356 109.265 95.2982 89.8191 13.9665 8.29822
internal_count=11070 5026 3733 3580 1293 443
is_linear=0
shrinkage=0.05


Tree=281
num_leaves=7
num_cat=0
split_feature=3 19 32 25 0 23
split_gain=1.11813 1.37319 1.82778 1.07028 1.89228 1.6597
threshold=2.3852865804382124 1.8076004899824665 -0.49868549635749565 1.1504787009370012 -0.026722934658047759 -0.33974794034118982
decision_type=2 2 2 2 2 2
left_child=1 3 -3 5 -5 -1
right_child=-2 2 -4 4 -6 -7
leaf_value=0.0031330046921392222 0.015205944232781094 0.015297323348325976 -0.028080775663165792 -0.010636386236534338 0.016201175284953073 -0.0061164494113382121
leaf_weight=93.553592154246871 8.1015964537509699 1.1593111782567573 6.2187408499885342 6.9139358728425604 19.233680424862541 94.781971901073121
leaf_count=4009 272 65 323 329 622 5503
internal_value=-0.000288652 -0.00104978 -0.0188131 -0.000187657 0.00874045 -0.0015448
internal_weight=229.963 221.861 7.37805 214.483 26.1476 188.336
internal_count=11123 10851 388 10463 951 9512
is_linear=0
shrinkage=0.05


Tree=282
num_leaves=7
num_cat=0
split_feature=67 68 68 66 68 4
split_gain=1.99608 1.85559 3.10253 2.18874 1.74451 1.71929
threshold=-0.81785618258327053 -0.71076766509522427 -0.50027576214815572 0.71318520322788914 0.24870993429465088 -0.091670750245075566
decision_type=2 2 2 2 2 2
left_child=1 -1 3 5 -4 -3
right_child=-2 2 4 -5 -6 -7
leaf_value=0.0087112642839347002 0.0025409463050683548 -0.047996148962760471 0.004536255868251818 0.0059365535807189111 -0.021760551942202763 -0.00016852834236259987
leaf_weight=10.075333443470297 178.24729693656263 7.6755011270288369 20.945784280775118 2.4306206873152396 5.6134419877198516 2.3061216422356656
leaf_count=511 8725 291 771 90 578 66
internal_value=6.33767e-05 -0.00856814 -0.0133388 -0.0312114 -0.00266614 -0.0395388
internal_weight=227.294 49.0468 38.9715 12.4122 26.5592 9.98162
internal_count=11032 2307 1796 447 1349 357
is_linear=0
shrinkage=0.05


Tree=283
num_leaves=7
num_cat=0
split_feature=5 30 60 33 30 1
split_gain=1.49454 3.12976 1.56564 1.76781 2.14558 1.71501
threshold=-0.2534454113627988 0.926652229322526 -0.06396826309564313 1.5132185918188716 -0.83790029862475179 -1.0788454553198916
decision_type=2 2 2 2 2 2
left_child=1 -1 3 4 -2 -5
right_child=2 -3 -4 5 -6 -7
leaf_value=0.00051236076390519995 -0.019257924682300625 -0.020742299389652559 0.028239665765134293 -0.011855033252745083 0.0043235038150081246 0.039134178171549974
leaf_weight=114.98109592175751 7.9577322779223314 17.363659421389457 4.0613376955734557 0.71487675630487535 78.494452418904984 2.9655897914781226
leaf_count=4965 832 977 161 92 3821 111
internal_value=0.000732802 -0.00267421 0.00545452 0.00355124 0.00157982 0.0283541
internal_weight=226.539 132.345 94.194 90.1327 86.4522 3.68047
internal_count=10959 5942 5017 4856 4653 203
is_linear=0
shrinkage=0.05


Tree=284
num_leaves=7
num_cat=0
split_feature=67 67 67 28 27 21
split_gain=1.59761 1.49014 2.84841 2.72441 2.61596 3.01543
threshold=1.8056965645201057 0.49352961342641971 0.1461759860764443 0.34815826711130499 1.3620300115455481 0.54632748843058154
decision_type=2 2 2 2 2 2
left_child=1 2 -1 4 5 -3
right_child=-2 3 -4 -5 -6 -7
leaf_value=0.00031218958729188444 -0.026478103578779139 -0.012699830198347355 -0.024822171291481145 0.020158221427519919 -0.031639790539266292 0.024610849098548705
leaf_weight=176.18682083245949 2.5590633356332537 8.7165365390246752 9.0377216051856504 21.323816466203425 3.4009994398220433 7.2633563099079756
leaf_count=7466 543 639 556 1269 252 302
internal_value=6.63058e-06 0.00064967 -0.00129028 0.00895992 -0.00441155 0.00546852
internal_weight=228.488 225.929 185.225 40.7047 19.3809 15.9799
internal_count=11027 10484 8022 2462 1193 941
is_linear=0
shrinkage=0.05


Tree=285
num_leaves=7
num_cat=0
split_feature=5 0 23 68 18 20
split_gain=1.60084 1.5586 1.71305 1.67725 1.72358 1.45161
threshold=0.84748969168848731 -0.40526765651332969 -0.52452895830741075 -0.23207937048695432 -0.91970895554095355 -0.44195796302409079
decision_type=2 2 2 2 2 2
left_child=5 3 -3 4 -2 -1
right_child=1 2 -4 -5 -6 -7
leaf_value=-0.0045287376908715524 -0.01533143420192516 0.0087670639891748448 -0.031849856590151791 -0.020446399757722042 0.028494438104126458 0.0037455520937409587
leaf_weight=105.89648235990899 1.0843708112370216 1.8986950726248331 9.2550210533372557 1.9511911798617827 3.8651811550516872 100.32046088532661
leaf_count=4821 155 82 697 321 209 4795
internal_value=-0.00185584 -0.01499 -0.0245429 0.00320846 0.0167305 -0.000507471
internal_weight=224.271 18.0545 11.1537 6.90074 4.94955 206.217
internal_count=11080 1464 779 685 364 9616
is_linear=0
shrinkage=0.05


Tree=286
num_leaves=7
num_cat=0
split_feature=18 24 67 29 22 20
split_gain=1.29499 2.70185 2.03231 2.7173 2.74713 2.70921
threshold=1.4704585670754959 0.85823977812694785 -0.55700246153439092 -1.4497978717109208 0.25442576152006241 -0.17168914254394144
decision_type=2 2 2 2 2 2
left_child=1 2 3 -1 5 -5
right_child=-2 -3 -4 4 -6 -7
leaf_value=0.0091579886943968219 -0.014689608048399567 0.010918154909582296 -0.00032044017351094689 -0.034139504324650606 0.0019169425864382587 0.0095873263945417016
leaf_weight=9.222643943212459 15.28194601558789 37.166781811829424 132.31064499626518 19.301108769985149 10.492736778978722 2.8638098424416993
leaf_count=417 817 1358 6953 1004 396 120
internal_value=-0.00191908 -0.000803063 -0.00344651 -0.012641 -0.0190496 -0.0280204
internal_weight=226.64 211.358 174.191 41.8803 32.6577 22.1649
internal_count=11065 10248 8890 1937 1520 1124
is_linear=0
shrinkage=0.05


Tree=287
num_leaves=7
num_cat=0
split_feature=17 68 0 29 29 10
split_gain=1.17572 1.28452 2.1139 1.43746 1.97814 2.184
threshold=0.83035643679164817 1.2989218567515428 0.14993126887441718 1.2580504933143699 0.85541890297352285 1.0050533414986524
decision_type=2 2 2 2 2 2
left_child=1 3 -3 4 5 -1
right_child=-2 2 -4 -5 -6 -7
leaf_value=-0.00017712000186710712 0.023769588280794063 0.026443314815962272 -0.017941171908148534 -0.014761967223146636 0.01310001686962009 -0.027568602517738256
leaf_weight=175.83399868750712 2.4551308773225164 7.0910523429629375 1.3028722300077786 13.518276490533024 24.358523820876144 4.5932319712010203
leaf_count=7628 107 576 210 985 1126 377
internal_value=0.000830717 0.000275089 0.0166442 -0.000571409 0.000564944 -0.00131393
internal_weight=229.153 226.698 8.39392 218.304 204.786 180.427
internal_count=11009 10902 786 10116 9131 8005
is_linear=0
shrinkage=0.05


Tree=288
num_leaves=7
num_cat=0
split_feature=12 12 16 25 11 0
split_gain=1.23431 1.84115 1.53381 1.49829 1.60828 2.3514
threshold=1.4510852180701423 0.14795190070619432 0.64047364864900824 -1.2894710572861212 0.75657879306184683 1.1593838604885027
decision_type=2 2 2 2 2 2
left_child=1 2 3 -1 5 -5
right_child=-2 -3 -4 4 -6 -7
leaf_value=-0.011138893293974078 0.012425524991096969 -0.0058144756718297623 -0.016952631237871899 0.015563146984318602 -0.0048418796530710906 -0.0081440847549070546
leaf_weight=9.7105421641026606 13.82598100666655 115.96129497297807 5.6207682267122427 51.298696312238462 18.610340147599345 10.953038787672993
leaf_count=943 587 4771 417 2401 1416 495
internal_value=-0.000626965 -0.00163898 0.0034182 0.00518536 0.00747405 0.0112093
internal_weight=225.981 212.155 96.1934 90.5726 80.8621 62.2517
internal_count=11030 10443 5672 5255 4312 2896
is_linear=0
shrinkage=0.05


Tree=289
num_leaves=7
num_cat=0
split_feature=13 5 28 28 5 5
split_gain=1.54957 2.16406 1.80841 3.43042 1.76457 1.62325
threshold=0.28231989208942426 0.78272880327370575 1.1522356720237006 0.13662179652491632 -0.57724985343670643 0.39416347278501657
decision_type=2 2 2 2 2 2
left_child=-1 2 3 -2 -4 -6
right_child=1 -3 4 -5 5 -7
leaf_value=-0.0032939507333987535 0.014982566663099165 -0.014028043505964852 -0.012650579833600909 -0.011698169890176798 0.043529948343393382 -0.0099248540107003264
leaf_weight=164.37861586647341 29.249364818038885 8.8062396032619272 0.66948228876572091 16.509771241864655 5.4446098842890924 0.54461668228032056
leaf_count=7401 1386 765 85 1023 277 88
internal_value=-0.000769952 0.00584397 0.00976116 0.00522876 0.0296098 0.0369791
internal_weight=225.603 61.2241 52.4178 45.7591 6.65871 5.98923
internal_count=11025 3624 2859 2409 450 365
is_linear=0
shrinkage=0.05


Tree=290
num_leaves=7
num_cat=0
split_feature=67 32 57 57 22 22
split_gain=1.22063 1.06054 0.844139 1.41735 1.43563 1.06181
threshold=1.8560376699331458 2.8640770437998087 3.506128640526478 -0.17495899487820246 0.62725983394877172 -0.61938706557115397
decision_type=2 2 2 2 2 2
left_child=1 2 3 5 -5 -1
right_child=-2 -3 -4 4 -6 -7
leaf_value=-0.0045060250897190355 -0.02292774027276355 -0.022248363970056282 -0.012836401855916233 0.025400882261189708 -0.010079796245466115 0.0038167077119071208
leaf_weight=46.999510171764996 2.0394375066098283 1.4628206353227131 5.838881784817203 9.1441704651952005 1.9433849866036315 164.0369803205831
leaf_count=2359 454 66 311 254 90 7544
internal_value=0.00146113 0.00197107 0.00241345 0.00298003 0.0183598 0.00192599
internal_weight=231.465 229.426 227.963 222.124 11.0876 211.036
internal_count=11078 10624 10558 10247 344 9903
is_linear=0
shrinkage=0.05


Tree=291
num_leaves=7
num_cat=0
split_feature=29 19 26 28 66 13
split_gain=1.4963 2.43349 2.42834 2.84016 2.42763 2.42711
threshold=0.85541890297352285 0.56525506984512386 0.40379468119474504 0.83751814688873327 1.727031700488536 0.49242518472569158
decision_type=2 2 2 2 2 2
left_child=1 2 3 -1 -3 -5
right_child=-2 4 -4 5 -6 -7
leaf_value=0.0057070494166545187 0.0084269986054484238 -0.015799939313831248 -0.022147890633193598 -0.029695675779375381 0.012037814945008623 0.01646225165128409
leaf_weight=119.41328438711935 41.749704243440647 40.433748653973453 6.9690968239447093 7.7575518786034063 7.2347896217252119 1.7092227899120187
leaf_count=5141 2425 1700 655 541 424 98
internal_value=0.000218846 -0.00175399 0.00169894 0.00346292 -0.0111123 -0.0194059
internal_weight=225.267 183.518 135.849 128.88 47.6685 9.46677
internal_count=10984 8559 6435 5780 2124 639
is_linear=0
shrinkage=0.05


Tree=292
num_leaves=7
num_cat=0
split_feature=12 3 23 67 22 66
split_gain=1.647 2.26381 2.43214 2.09309 2.53432 4.65218
threshold=-1.4169615334918328 -0.8910217493813154 -0.9333974827107373 -0.36692139109549887 0.54766895901741164 -0.47897732223353878
decision_type=2 2 2 2 2 2
left_child=-1 2 -2 -3 -5 -6
right_child=1 3 -4 4 5 -7
leaf_value=-0.01516862738771188 -0.002889827595788718 -0.0075419042904589263 0.025832617579803409 0.0085509093651658079 -0.017431002712167919 0.021072090600177562
leaf_weight=15.586800433680763 12.236121347581504 80.801535381673602 13.665786152734652 67.728569390950724 26.422310358902905 7.8992045432096338
leaf_count=1324 581 3273 687 3144 1681 319
internal_value=-0.000905541 0.000359239 0.0133725 -0.00167026 0.00306142 -0.00758788
internal_weight=224.34 208.754 25.9019 182.852 102.05 34.3215
internal_count=11009 9685 1268 8417 5144 2000
is_linear=0
shrinkage=0.05


Tree=293
num_leaves=7
num_cat=0
split_feature=3 66 17 0 20 19
split_gain=1.86303 1.37318 1.38842 2.93563 2.13917 1.83959
threshold=2.3852865804382124 2.3078284732649474 -0.85929667953312527 -1.2128297298045978 -0.84415194076499289 -1.1302158122426615
decision_type=2 2 2 2 2 2
left_child=1 2 3 4 -1 -5
right_child=-2 -3 -4 5 -6 -7
leaf_value=0.0091912195005833235 0.019760717986527478 0.010472213376948435 -0.0041159762690581034 -0.0068044617916329974 -0.023611937622226072 0.034244345848933704
leaf_weight=8.3131336628575792 8.1670393080566992 19.789578587253345 171.24381978999008 2.4844609467400005 6.1840296248265103 7.8400219550530874
leaf_count=249 260 1171 7931 398 475 461
internal_value=-0.000162266 -0.00117661 -0.00249247 0.00794415 -0.00645083 0.0250584
internal_weight=224.022 215.855 196.065 24.8216 14.4972 10.3245
internal_count=10945 10685 9514 1583 724 859
is_linear=0
shrinkage=0.05


Tree=294
num_leaves=7
num_cat=0
split_feature=68 26 31 13 28 13
split_gain=0.973519 1.44165 1.38103 2.34646 2.09588 1.75075
threshold=1.6377708230788224 1.5971150212616674 0.68713807857257281 1.3562975118335092 0.41478199847560987 0.61738286384556873
decision_type=2 2 2 2 2 2
left_child=1 2 3 -1 -5 -4
right_child=-2 -3 5 4 -6 -7
leaf_value=-0.0024190031235796217 0.015680600461263471 -0.019879958925676684 0.024570549980998918 0.031242069487901942 -0.012047243746392702 -0.0089535241648411226
leaf_weight=192.75790606693772 6.2340285772224879 6.5634196858445639 8.6120553058717615 6.7170915038150252 2.0779613181366585 3.9637027097051023
leaf_count=8664 588 762 280 304 201 251
internal_value=-0.000232652 -0.000886432 -3.76158e-05 -0.00112994 0.0205515 0.0143149
internal_weight=226.926 220.692 214.129 201.553 8.79505 12.5758
internal_count=11050 10462 9700 9169 505 531
is_linear=0
shrinkage=0.05


Tree=295
num_leaves=7
num_cat=0
split_feature=25 27 25 13 60 13
split_gain=1.57437 1.68875 2.35951 1.51011 1.73144 1.54436
threshold=-1.328835996482433 -1.2025768118179141 -0.48122346464092275 2.1575995520637696 1.5236065009020046 -0.97455845938057195
decision_type=2 2 2 2 2 2
left_child=-1 -2 3 4 5 -3
right_child=1 2 -4 -5 -6 -7
leaf_value=-0.017156080812254684 0.014079344062013253 0.0052922700922069269 0.0017525217274107201 0.017372170971985772 0.019237259810332721 -0.023603706127930835
leaf_weight=9.8711090665019565 18.699111657217145 4.4479735888016974 168.00977289429284 1.3571592429070722 0.90633081519626912 22.924144241434988
leaf_count=914 649 222 7236 161 54 1775
internal_value=-0.00016255 0.000836852 -0.000607791 -0.0129199 -0.0159005 -0.0188492
internal_weight=226.216 216.344 197.645 29.6356 28.2784 27.3721
internal_count=11011 10097 9448 2212 2051 1997
is_linear=0
shrinkage=0.05


Tree=296
num_leaves=7
num_cat=0
split_feature=6 5 30 42 67 24
split_gain=1.21695 2.04951 1.58918 2.59336 1.68046 2.13273
threshold=2.9444833858744892 0.78272880327370575 -0.34689437780463983 1.0000000180025095e-35 -0.81785618258327053 -0.62017600236287651
decision_type=2 2 2 2 2 2
left_child=1 2 3 -1 -4 -6
right_child=-2 -3 4 -5 5 -7
leaf_value=0.010522730535075802 0.022138418292935724 -0.015395738521122304 -0.01578386174885775 -0.018335157163647895 -0.014310896516990643 0.0028390298693483341
leaf_weight=58.339042611129116 2.9483135126938569 18.672968828090234 16.719423381000524 6.144577336148358 18.814505063724937 104.27497333881911
leaf_count=2701 265 1380 660 344 1406 4250
internal_value=-0.000188172 -0.000773398 0.000766598 0.00708004 -0.00223289 -6.04989e-05
internal_weight=225.914 222.965 204.293 64.4836 139.809 123.089
internal_count=11006 10741 9361 3045 6316 5656
is_linear=0
shrinkage=0.05


Tree=297
num_leaves=7
num_cat=0
split_feature=18 12 32 13 20 4
split_gain=1.24227 1.44167 1.58644 2.70541 1.86681 1.96348
threshold=1.4704585670754959 -0.1559490418218453 -0.19043226350974277 -0.17205134672035441 -0.64291835068923253 1.3534534107584684
decision_type=2 2 2 2 2 2
left_child=1 2 3 -1 -4 -6
right_child=-2 -3 4 -5 5 -7
leaf_value=0.012195843352537209 -0.012099897380278675 -0.0012931565298169856 -0.0075413326517415396 -0.016810573880540063 0.023435311007357188 -0.0063345436695511643
leaf_weight=13.720626662368888 15.209337265405336 144.90132561157225 6.9462886624969533 12.527520584146258 26.800676142855082 5.4491810784093095
leaf_count=905 782 5923 378 1610 1007 351
internal_value=0.00044262 0.00150692 0.00749155 -0.00195241 0.013505 0.0182942
internal_weight=225.555 210.346 65.4443 26.2481 39.1961 32.2499
internal_count=10956 10174 4251 2515 1736 1358
is_linear=0
shrinkage=0.05


Tree=298
num_leaves=7
num_cat=0
split_feature=67 12 15 67 20 67
split_gain=1.1808 2.22368 1.85684 1.42879 3.41391 2.014
threshold=-1.1592556722930141 -0.51875680004374092 -0.76001720040192777 -1.047481059274199 -0.48617946855993593 -0.81785618258327053
decision_type=2 2 2 2 2 2
left_child=1 -1 -3 4 -2 -5
right_child=3 2 -4 5 -6 -7
leaf_value=0.009028768029118792 0.030545706622701847 0.012836503350939242 -0.030420300963042088 -0.014167469933271138 -0.014792006460160885 0.0018679997252192407
leaf_weight=6.6283264941012048 8.6632180928718281 1.327664868091232 9.2197231840109435 18.969623168988619 4.2101521007716647 177.12276173268037
leaf_count=475 285 44 410 883 190 8771
internal_value=0.000198918 -0.0113624 -0.0233385 0.00129655 0.015725 0.000126651
internal_weight=226.141 17.1757 10.5474 208.966 12.8734 196.092
internal_count=11058 929 454 10129 475 9654
is_linear=0
shrinkage=0.05


Tree=299
num_leaves=7
num_cat=0
split_feature=27 67 24 10 18 32
split_gain=1.11144 1.55834 1.54746 1.66189 3.28044 1.96747
threshold=-0.22647687353669363 1.4730980887567107 -1.0776507843135541 -0.31149996269380598 0.093715614532973765 1.2107187948891343
decision_type=2 2 2 2 2 2
left_child=1 2 -1 4 5 -4
right_child=-2 -3 3 -5 -6 -7
leaf_value=0.015414163651537733 -0.0033156284127919254 -0.02154171851483595 -0.022469118165353172 0.010134926833671544 0.0058125062288756227 0.014638373800080116
leaf_weight=23.504694657342043 110.8254395378317 2.9656667335657394 19.711476646945815 32.531687085691374 35.51686895545572 2.1087356437346889
leaf_count=983 5848 367 988 1245 1500 61
internal_value=0.000222021 0.00359064 0.00478644 0.00159868 -0.00350769 -0.0175471
internal_weight=227.165 116.339 113.373 89.8688 57.3371 21.8202
internal_count=10992 5144 4777 3794 2549 1049
is_linear=0
shrinkage=0.05


end of trees

feature_importances:
Column_67=180
Column_68=152
Column_22=126
Column_24=98
Column_30=90
Column_25=89
Column_29=75
Column_26=66
Column_28=66
Column_66=65
Column_32=58
Column_12=47
Column_58=46
Column_23=41
Column_13=40
Column_31=40
Column_19=36
Column_63=36
Column_20=31
Column_42=30
Column_10=25
Column_3=24
Column_5=23
Column_27=23
Column_18=22
Column_8=21
Column_33=21
Column_0=20
Column_15=19
Column_35=19
Column_41=19
Column_4=18
Column_17=15
Column_21=15
Column_56=14
Column_57=14
Column_2=12
Column_34=10
Column_64=10
Column_14=9
Column_1=8
Column_6=6
Column_11=6
Column_61=6
Column_7=2
Column_51=2
Column_60=2
Column_16=1
Column_40=1
Column_50=1

parameters:
[boosting: gbdt]
[objective: binary]
[metric: binary_logloss]
[tree_learner: serial]
[device_type: cpu]
[data_sample_strategy: bagging]
[data: ]
[valid: ]
[num_iterations: 300]
[learning_rate: 0.05]
[num_leaves: 7]
[num_threads: 4]
[seed: 3]
[deterministic: 0]
[force_col_wise: 0]
[force_row_wise: 0]
[histogram_pool_size: -1]
[max_depth: -1]
[min_data_in_leaf: 30]
[min_sum_hessian_in_leaf: 0.001]
[bagging_fraction: 0.8]
[pos_bagging_fraction: 1]
[neg_bagging_fraction: 1]
[bagging_freq: 1]
[bagging_seed: 7196]
[bagging_by_query: 0]
[feature_fraction: 0.7]
[feature_fraction_bynode: 1]
[feature_fraction_seed: 9091]
[extra_trees: 0]
[extra_seed: 23577]
[early_stopping_round: 0]
[early_stopping_min_delta: 0]
[first_metric_only: 0]
[max_delta_step: 0]
[lambda_l1: 0]
[lambda_l2: 3]
[linear_lambda: 0]
[min_gain_to_split: 0]
[drop_rate: 0.1]
[max_drop: 50]
[skip_drop: 0.5]
[xgboost_dart_mode: 0]
[uniform_drop: 0]
[drop_seed: 9294]
[top_rate: 0.2]
[other_rate: 0.1]
[min_data_per_group: 100]
[max_cat_threshold: 32]
[cat_l2: 10]
[cat_smooth: 10]
[max_cat_to_onehot: 4]
[top_k: 20]
[monotone_constraints: ]
[monotone_constraints_method: basic]
[monotone_penalty: 0]
[feature_contri: ]
[forcedsplits_filename: ]
[refit_decay_rate: 0.9]
[cegb_tradeoff: 1]
[cegb_penalty_split: 0]
[cegb_penalty_feature_lazy: ]
[cegb_penalty_feature_coupled: ]
[path_smooth: 0]
[interaction_constraints: ]
[verbosity: -1]
[saved_feature_importance_type: 0]
[use_quantized_grad: 0]
[num_grad_quant_bins: 4]
[quant_train_renew_leaf: 0]
[stochastic_rounding: 1]
[linear_tree: 0]
[max_bin: 255]
[max_bin_by_feature: ]
[min_data_in_bin: 3]
[bin_construct_sample_cnt: 200000]
[data_random_seed: 48]
[is_enable_sparse: 1]
[enable_bundle: 1]
[use_missing: 1]
[zero_as_missing: 0]
[feature_pre_filter: 1]
[pre_partition: 0]
[two_round: 0]
[header: 0]
[label_column: ]
[weight_column: ]
[group_column: ]
[ignore_column: ]
[categorical_feature: ]
[forcedbins_filename: ]
[precise_float_parser: 0]
[parser_config_file: ]
[objective_seed: 7031]
[num_class: 1]
[is_unbalance: 0]
[scale_pos_weight: 1]
[sigmoid: 1]
[boost_from_average: 1]
[reg_sqrt: 0]
[alpha: 0.9]
[fair_c: 1]
[poisson_max_delta_step: 0.7]
[tweedie_variance_power: 1.5]
[lambdarank_truncation_level: 30]
[lambdarank_norm: 1]
[label_gain: ]
[lambdarank_position_bias_regularization: 0]
[eval_at: ]
[multi_error_top_k: 1]
[auc_mu_weights: ]
[num_machines: 1]
[local_listen_port: 12400]
[time_out: 120]
[machine_list_filename: ]
[machines: ]
[gpu_platform_id: -1]
[gpu_device_id: -1]
[gpu_device_id_list: ]
[gpu_use_dp: 0]
[num_gpu: 1]

end of parameters

pandas_categorical:null
