source,id,date,year,month,day,lat,lon,unc_m,basis,dataset,dataset_key,license,locality,remarks,event_remarks,habitat
gbif,6414021712,2026-06-20,2026,6,20,61.405983,26.918792,3.0,HUMAN_OBSERVATION,iNaturalist research-grade observations,50c9509d-22c7-4a22-a47d-8c48425ef4a7,http://creativecommons.org/licenses/by-nc/4.0/legalcode,,Polulla.,,
gbif,6414156333,2026-06-25,2026,6,25,61.322899,28.568142,100.0,HUMAN_OBSERVATION,National Butterfly Recording Scheme in Finland (NAFI),181eab51-9399-4baa-a0df-8de01a3acf19,http://creativecommons.org/licenses/by/4.0/legalcode,Arthovi 6802:3584,,"Mökkipiha Täysin pilvisestä aurinkoiseen. Lämpötila  +18,3 (14:02) ... yli +19 ...taas  +18,3 (19:58)",
gbif,6417546460,2026-06-24,2026,6,24,60.602145,27.111718,1.0,HUMAN_OBSERVATION,"Notebook, general observations",df12ca07-f133-4550-ab3b-fde13f0e76ba,http://creativecommons.org/licenses/by/4.0/legalcode,"Reitkalli, Suurivuori",Keywords: { Cantharellus cibarius },"Vehkalahden Muinaisreitit -hanke Metsäpolku Pilvinen, + 16 C",
gbif,6417598380,2026-06-22,2026,6,22,60.550722,27.229001,1.0,HUMAN_OBSERVATION,"Notebook, general observations",df12ca07-f133-4550-ab3b-fde13f0e76ba,http://creativecommons.org/licenses/by/4.0/legalcode,"Lupinlahti, Lauttasalmi",Keywords: { Cantharellus cibarius },"Vehkalahden Muinaisreitit -hanke Rantalepikko Aurinkoinen, + 24,5 C",
gbif,6422112781,2026-06-27,2026,6,27,60.411797,27.416545,3.0,HUMAN_OBSERVATION,iNaturalist research-grade observations,50c9509d-22c7-4a22-a47d-8c48425ef4a7,http://creativecommons.org/licenses/by-nc/4.0/legalcode,,,,
gbif,6439314426,2026-06-25,2026,6,25,60.428522,22.369649,1.0,MACHINE_OBSERVATION,The Atlas of Finnish Fungi,2bc4c2db-1dfa-419c-93ce-6602c5ae8c99,http://creativecommons.org/licenses/by/4.0/legalcode,Kaarinan/Lausteen perintömetsä,,,
gbif,6439315310,2026-06-23,2026,6,23,60.371081,25.754261,1000.0,MACHINE_OBSERVATION,The Atlas of Finnish Fungi,2bc4c2db-1dfa-419c-93ce-6602c5ae8c99,http://creativecommons.org/licenses/by/4.0/legalcode,"Porvoo, Stormossenn","TT2026-71 Kanttarelllit olivat vielä pieniä 23.6.2026, ei itiölaskeumaa eikä näytettä","Kosteita kuusisekametsiä, ojanvarsia, rämettä.",
gbif,6431002604,2026-07-04,2026,7,4,60.19643,24.910222,4.0,HUMAN_OBSERVATION,iNaturalist research-grade observations,50c9509d-22c7-4a22-a47d-8c48425ef4a7,http://creativecommons.org/licenses/by-nc/4.0/legalcode,,,,
gbif,6431067340,2026-07-04,2026,7,4,62.526322,21.115573,265.0,HUMAN_OBSERVATION,iNaturalist research-grade observations,50c9509d-22c7-4a22-a47d-8c48425ef4a7,http://creativecommons.org/licenses/by-nc/4.0/legalcode,,,,
gbif,6431149093,2026-07-06,2026,7,6,60.216178,24.8862,2.0,HUMAN_OBSERVATION,iNaturalist research-grade observations,50c9509d-22c7-4a22-a47d-8c48425ef4a7,http://creativecommons.org/licenses/by-nc/4.0/legalcode,,"Kaupunkimetsässä koivuisassa sammalikossa. Jätin metsään, vähän turhan liikennöity alue...",,
gbif,6431230936,2026-07-03,2026,7,3,60.52104,27.123885,24790.0,HUMAN_OBSERVATION,iNaturalist research-grade observations,50c9509d-22c7-4a22-a47d-8c48425ef4a7,http://creativecommons.org/licenses/by-nc/4.0/legalcode,,,,
gbif,6431310654,2026-07-02,2026,7,2,60.154964,25.013011,7.0,HUMAN_OBSERVATION,iNaturalist research-grade observations,50c9509d-22c7-4a22-a47d-8c48425ef4a7,http://creativecommons.org/licenses/by-nc/4.0/legalcode,,,,
gbif,6431604716,2026-07-02,2026,7,2,60.199108,25.110548,6.0,HUMAN_OBSERVATION,iNaturalist research-grade observations,50c9509d-22c7-4a22-a47d-8c48425ef4a7,http://creativecommons.org/licenses/by-nc/4.0/legalcode,,,,
gbif,6431713428,2026-07-05,2026,7,5,60.513264,21.845631,24790.0,HUMAN_OBSERVATION,iNaturalist research-grade observations,50c9509d-22c7-4a22-a47d-8c48425ef4a7,http://creativecommons.org/publicdomain/zero/1.0/legalcode,,,,
gbif,6432544351,2026-07-01,2026,7,1,62.580933,29.819884,1000.0,HUMAN_OBSERVATION,"Notebook, general observations",df12ca07-f133-4550-ab3b-fde13f0e76ba,http://creativecommons.org/licenses/by/4.0/legalcode,,,Kuusimetsä,
gbif,6439314497,2026-07-04,2026,7,4,60.252715,24.540452,1.0,MACHINE_OBSERVATION,The Atlas of Finnish Fungi,2bc4c2db-1dfa-419c-93ce-6602c5ae8c99,http://creativecommons.org/licenses/by/4.0/legalcode,Kiimassuo,,"Kiimassuon eteläinen metsätie, 900 m Siikajärventieltä itään, Kiimasuon ja Tervasuon välissä",
gbif,6439315526,2026-07-03,2026,7,3,60.184904,24.930325,1.0,MACHINE_OBSERVATION,The Atlas of Finnish Fungi,2bc4c2db-1dfa-419c-93ce-6602c5ae8c99,http://creativecommons.org/licenses/by/4.0/legalcode,Olympiastadion,,,
gbif,6441017947,2026-07-09,2026,7,9,60.74499,27.921856,520.0,HUMAN_OBSERVATION,iNaturalist research-grade observations,50c9509d-22c7-4a22-a47d-8c48425ef4a7,http://creativecommons.org/licenses/by-nc/4.0/legalcode,,,,
gbif,6441032562,2026-07-09,2026,7,9,61.58852,23.9173,9.0,HUMAN_OBSERVATION,iNaturalist research-grade observations,50c9509d-22c7-4a22-a47d-8c48425ef4a7,http://creativecommons.org/licenses/by-nc/4.0/legalcode,,,,
gbif,6441070842,2026-07-08,2026,7,8,60.241603,25.209545,4.0,HUMAN_OBSERVATION,iNaturalist research-grade observations,50c9509d-22c7-4a22-a47d-8c48425ef4a7,http://creativecommons.org/publicdomain/zero/1.0/legalcode,,,,
gbif,6441074733,2026-07-10,2026,7,10,60.982319,24.804823,,HUMAN_OBSERVATION,iNaturalist research-grade observations,50c9509d-22c7-4a22-a47d-8c48425ef4a7,http://creativecommons.org/licenses/by-nc/4.0/legalcode,,,,
gbif,6441083905,2026-07-07,2026,7,7,60.450316,22.514052,24790.0,HUMAN_OBSERVATION,iNaturalist research-grade observations,50c9509d-22c7-4a22-a47d-8c48425ef4a7,http://creativecommons.org/licenses/by-nc/4.0/legalcode,,Vuoden eka löytö. Täällä ei ole näkynyt lajia aiempina vuosina.,,
gbif,6441123467,2026-07-13,2026,7,13,60.421851,25.074693,43.0,HUMAN_OBSERVATION,iNaturalist research-grade observations,50c9509d-22c7-4a22-a47d-8c48425ef4a7,http://creativecommons.org/licenses/by-nc/4.0/legalcode,,,,
gbif,6441143143,2026-07-08,2026,7,8,60.221818,24.9928,,HUMAN_OBSERVATION,iNaturalist research-grade observations,50c9509d-22c7-4a22-a47d-8c48425ef4a7,http://creativecommons.org/licenses/by-nc/4.0/legalcode,,,,
gbif,6441156768,2026-07-10,2026,7,10,60.215045,25.519702,24819.0,HUMAN_OBSERVATION,iNaturalist research-grade observations,50c9509d-22c7-4a22-a47d-8c48425ef4a7,http://creativecommons.org/licenses/by-nc/4.0/legalcode,,,,
gbif,6441259936,2026-07-13,2026,7,13,61.331757,26.292959,8.0,HUMAN_OBSERVATION,iNaturalist research-grade observations,50c9509d-22c7-4a22-a47d-8c48425ef4a7,http://creativecommons.org/licenses/by-nc/4.0/legalcode,,,,
gbif,6441430862,2026-07-08,2026,7,8,60.203509,25.167895,6.0,HUMAN_OBSERVATION,iNaturalist research-grade observations,50c9509d-22c7-4a22-a47d-8c48425ef4a7,http://creativecommons.org/licenses/by-nc/4.0/legalcode,,,,
gbif,6441558842,2026-07-06,2026,7,6,63.489933,22.370189,,HUMAN_OBSERVATION,iNaturalist research-grade observations,50c9509d-22c7-4a22-a47d-8c48425ef4a7,http://creativecommons.org/licenses/by-nc/4.0/legalcode,,,,
gbif,6441566453,2026-07-12,2026,7,12,60.430654,25.023845,1.0,HUMAN_OBSERVATION,iNaturalist research-grade observations,50c9509d-22c7-4a22-a47d-8c48425ef4a7,http://creativecommons.org/licenses/by-nc/4.0/legalcode,,,,
gbif,6441697963,2026-07-08,2026,7,8,60.201262,25.14854,106.0,HUMAN_OBSERVATION,iNaturalist research-grade observations,50c9509d-22c7-4a22-a47d-8c48425ef4a7,http://creativecommons.org/licenses/by-nc/4.0/legalcode,,,,
gbif,6441710013,2026-07-13,2026,7,13,60.590462,22.877276,,HUMAN_OBSERVATION,iNaturalist research-grade observations,50c9509d-22c7-4a22-a47d-8c48425ef4a7,http://creativecommons.org/licenses/by-nc/4.0/legalcode,,,,
gbif,6441714687,2026-07-10,2026,7,10,60.653326,22.293819,24760.0,HUMAN_OBSERVATION,iNaturalist research-grade observations,50c9509d-22c7-4a22-a47d-8c48425ef4a7,http://creativecommons.org/licenses/by-nc/4.0/legalcode,,,,
gbif,6441719774,2026-07-09,2026,7,9,62.325223,27.991423,2.0,HUMAN_OBSERVATION,iNaturalist research-grade observations,50c9509d-22c7-4a22-a47d-8c48425ef4a7,http://creativecommons.org/licenses/by-nc/4.0/legalcode,,,,
gbif,6441828113,2026-07-11,2026,7,11,60.204379,25.057328,,HUMAN_OBSERVATION,iNaturalist research-grade observations,50c9509d-22c7-4a22-a47d-8c48425ef4a7,http://creativecommons.org/licenses/by-nc/4.0/legalcode,,,,
gbif,6441856114,2026-07-08,2026,7,8,60.29677,25.891331,12.0,HUMAN_OBSERVATION,iNaturalist research-grade observations,50c9509d-22c7-4a22-a47d-8c48425ef4a7,http://creativecommons.org/licenses/by-nc/4.0/legalcode,,,,
gbif,6441879918,2026-07-07,2026,7,7,61.668587,25.111011,4.0,HUMAN_OBSERVATION,iNaturalist research-grade observations,50c9509d-22c7-4a22-a47d-8c48425ef4a7,http://creativecommons.org/licenses/by-nc/4.0/legalcode,,,,
gbif,6442107721,2026-07-07,2026,7,7,62.749247,22.20725,4.0,HUMAN_OBSERVATION,iNaturalist research-grade observations,50c9509d-22c7-4a22-a47d-8c48425ef4a7,http://creativecommons.org/licenses/by-nc/4.0/legalcode,,,,
gbif,6445260362,2026-07-08,2026,7,8,61.135848,21.362984,1.0,HUMAN_OBSERVATION,"Notebook, general observations",df12ca07-f133-4550-ab3b-fde13f0e76ba,http://creativecommons.org/licenses/by/4.0/legalcode,Kuuskajaskari,Pieniä,,
gbif,6445268443,2026-07-07,2026,7,7,61.223999,21.709182,1.0,HUMAN_OBSERVATION,"Notebook, general observations",df12ca07-f133-4550-ab3b-fde13f0e76ba,http://creativecommons.org/licenses/by/4.0/legalcode,Eurajoki.,N. 15 itiöemää.,"Havumetsä. Pilvistä. Lopussa osittain ohutta. Tuuli heikkoa. Lämpötila, + 13",
gbif,6445274388,2026-07-05,2026,7,5,61.820171,29.645984,5000.0,HUMAN_OBSERVATION,"Notebook, general observations",df12ca07-f133-4550-ab3b-fde13f0e76ba,http://creativecommons.org/licenses/by/4.0/legalcode,,,,
gbif,6445298450,2026-07-04,2026,7,4,61.825558,29.633623,5000.0,MACHINE_OBSERVATION,"Notebook, general observations",df12ca07-f133-4550-ab3b-fde13f0e76ba,http://creativecommons.org/licenses/by/4.0/legalcode,,,,
gbif,6445301444,2026-07-15,2026,7,15,62.588554,29.811968,1000.0,HUMAN_OBSERVATION,"Notebook, general observations",df12ca07-f133-4550-ab3b-fde13f0e76ba,http://creativecommons.org/licenses/by/4.0/legalcode,,,,
gbif,6448014894,2026-07-24,2026,7,24,61.780594,29.547354,5.0,HUMAN_OBSERVATION,,8a863029-f435-446a-821e-275f4f641165,http://creativecommons.org/licenses/by-nc/4.0/legalcode,Etelä-Savo,,,unknown
gbif,6448420631,2026-07-08,2026,7,8,61.225863,25.145608,14.0,HUMAN_OBSERVATION,,8a863029-f435-446a-821e-275f4f641165,http://creativecommons.org/licenses/by-nc/4.0/legalcode,Evon alue - N2000,,,unknown
gbif,6450584352,2026-07-26,2026,7,26,61.618867,29.474582,1000.0,HUMAN_OBSERVATION,"Notebook, general observations",df12ca07-f133-4550-ab3b-fde13f0e76ba,http://creativecommons.org/licenses/by/4.0/legalcode,,,,
gbif,6450645452,2026-07-21,2026,7,21,62.85298,29.980425,1000.0,HUMAN_OBSERVATION,"Notebook, general observations",df12ca07-f133-4550-ab3b-fde13f0e76ba,http://creativecommons.org/licenses/by/4.0/legalcode,Kolvananuuro,,,
gbif,6450652445,2026-07-19,2026,7,19,60.859635,21.4653,1.0,MACHINE_OBSERVATION,"Notebook, general observations",df12ca07-f133-4550-ab3b-fde13f0e76ba,http://creativecommons.org/licenses/by/4.0/legalcode,Hakoistenmetsä,Keywords: { kantarelli | Uusikaupunki },Kangasmetsä,
gbif,6450795421,2026-07-19,2026,7,19,60.96233,25.882504,1.0,MACHINE_OBSERVATION,The Atlas of Finnish Fungi,2bc4c2db-1dfa-419c-93ce-6602c5ae8c99,http://creativecommons.org/licenses/by/4.0/legalcode,Alvojärvi,,,
gbif,6450795481,2026-07-12,2026,7,12,60.202036,24.822702,1000.0,MACHINE_OBSERVATION,The Atlas of Finnish Fungi,2bc4c2db-1dfa-419c-93ce-6602c5ae8c99,http://creativecommons.org/licenses/by/4.0/legalcode,Laajalahden ls-alue,,,
gbif,6450795609,2026-07-12,2026,7,12,63.156764,21.291289,1.0,MACHINE_OBSERVATION,The Atlas of Finnish Fungi,2bc4c2db-1dfa-419c-93ce-6602c5ae8c99,http://creativecommons.org/licenses/by/4.0/legalcode,,,,
gbif,6450795678,2026-07-07,2026,7,7,60.277185,25.789978,100.0,MACHINE_OBSERVATION,The Atlas of Finnish Fungi,2bc4c2db-1dfa-419c-93ce-6602c5ae8c99,http://creativecommons.org/licenses/by/4.0/legalcode,Sondby - Sandmalmen,Melko yleinen alueella,Pääosin mäntykangasta,
gbif,6450796346,2026-07-05,2026,7,5,63.035936,21.594436,1.0,HUMAN_OBSERVATION,The Atlas of Finnish Fungi,2bc4c2db-1dfa-419c-93ce-6602c5ae8c99,http://creativecommons.org/licenses/by/4.0/legalcode,,,,
gbif,6450796428,2026-07-01,2026,7,1,61.658941,23.47276,1.0,MACHINE_OBSERVATION,The Atlas of Finnish Fungi,2bc4c2db-1dfa-419c-93ce-6602c5ae8c99,http://creativecommons.org/licenses/by/4.0/legalcode,"Lavajärvi, haavikko",,,
gbif,6450797423,2026-07-19,2026,7,19,59.855037,23.072997,1.0,MACHINE_OBSERVATION,The Atlas of Finnish Fungi,2bc4c2db-1dfa-419c-93ce-6602c5ae8c99,http://creativecommons.org/licenses/by/4.0/legalcode,Träskesmossen,,,
gbif,6450797622,2026-07-05,2026,7,5,60.592174,26.605051,5000.0,MACHINE_OBSERVATION,The Atlas of Finnish Fungi,2bc4c2db-1dfa-419c-93ce-6602c5ae8c99,http://creativecommons.org/licenses/by/4.0/legalcode,Hirvikoski - Limalahti,Pieniä alkuja polkujen varsilla siellä täällä. Mitään muita kauden lajeja ei näkynyt.,,
gbif,6450798421,2026-07-11,2026,7,11,60.212966,24.682636,1000.0,MACHINE_OBSERVATION,The Atlas of Finnish Fungi,2bc4c2db-1dfa-419c-93ce-6602c5ae8c99,http://creativecommons.org/licenses/by/4.0/legalcode,Kasavuori,,,
gbif,6451507888,2026-07-14,2026,7,14,60.702271,22.021763,24760.0,HUMAN_OBSERVATION,iNaturalist research-grade observations,50c9509d-22c7-4a22-a47d-8c48425ef4a7,http://creativecommons.org/licenses/by-nc/4.0/legalcode,,,,
gbif,6451533846,2026-07-17,2026,7,17,60.885292,21.278662,3.0,HUMAN_OBSERVATION,iNaturalist research-grade observations,50c9509d-22c7-4a22-a47d-8c48425ef4a7,http://creativecommons.org/licenses/by/4.0/legalcode,,,,
gbif,6451584606,2026-07-14,2026,7,14,60.87775,26.740313,5.0,HUMAN_OBSERVATION,iNaturalist research-grade observations,50c9509d-22c7-4a22-a47d-8c48425ef4a7,http://creativecommons.org/publicdomain/zero/1.0/legalcode,,,,
gbif,6451592807,2026-07-20,2026,7,20,60.429047,22.362547,17.0,HUMAN_OBSERVATION,iNaturalist research-grade observations,50c9509d-22c7-4a22-a47d-8c48425ef4a7,http://creativecommons.org/licenses/by-nc/4.0/legalcode,,,,
gbif,6451650025,2026-07-14,2026,7,14,61.303495,28.215877,9.0,HUMAN_OBSERVATION,iNaturalist research-grade observations,50c9509d-22c7-4a22-a47d-8c48425ef4a7,http://creativecommons.org/licenses/by-nc/4.0/legalcode,,,,
gbif,6451748614,2026-07-18,2026,7,18,62.248727,25.698092,8.0,HUMAN_OBSERVATION,iNaturalist research-grade observations,50c9509d-22c7-4a22-a47d-8c48425ef4a7,http://creativecommons.org/licenses/by-nc/4.0/legalcode,,,,
gbif,6451844677,2026-07-20,2026,7,20,61.269525,23.975772,13.0,HUMAN_OBSERVATION,iNaturalist research-grade observations,50c9509d-22c7-4a22-a47d-8c48425ef4a7,http://creativecommons.org/licenses/by-nc/4.0/legalcode,,,,
gbif,6452023071,2026-07-20,2026,7,20,60.465425,22.160029,51.0,HUMAN_OBSERVATION,iNaturalist research-grade observations,50c9509d-22c7-4a22-a47d-8c48425ef4a7,http://creativecommons.org/licenses/by-nc/4.0/legalcode,,,,
gbif,6452135942,2026-07-20,2026,7,20,61.276692,24.532154,9.0,HUMAN_OBSERVATION,iNaturalist research-grade observations,50c9509d-22c7-4a22-a47d-8c48425ef4a7,http://creativecommons.org/licenses/by-nc/4.0/legalcode,,,,
gbif,6452201379,2026-07-14,2026,7,14,60.108144,22.888084,4.0,HUMAN_OBSERVATION,iNaturalist research-grade observations,50c9509d-22c7-4a22-a47d-8c48425ef4a7,http://creativecommons.org/licenses/by-nc/4.0/legalcode,,,,
gbif,6452446960,2026-07-14,2026,7,14,63.756581,27.779886,,HUMAN_OBSERVATION,iNaturalist research-grade observations,50c9509d-22c7-4a22-a47d-8c48425ef4a7,http://creativecommons.org/licenses/by-nc/4.0/legalcode,,,,
gbif,6469703683,2026-07-27,2026,7,27,60.88162,26.731597,11.0,HUMAN_OBSERVATION,iNaturalist research-grade observations,50c9509d-22c7-4a22-a47d-8c48425ef4a7,http://creativecommons.org/publicdomain/zero/1.0/legalcode,,,,
gbif,6469796500,2026-07-23,2026,7,23,61.401633,23.738725,18.0,HUMAN_OBSERVATION,iNaturalist research-grade observations,50c9509d-22c7-4a22-a47d-8c48425ef4a7,http://creativecommons.org/licenses/by-nc/4.0/legalcode,,,,
gbif,6469956178,2026-07-21,2026,7,21,61.560444,23.093447,73.0,HUMAN_OBSERVATION,iNaturalist research-grade observations,50c9509d-22c7-4a22-a47d-8c48425ef4a7,http://creativecommons.org/licenses/by-nc/4.0/legalcode,,,,
gbif,6470110041,2026-07-24,2026,7,24,61.528379,23.944846,627.0,HUMAN_OBSERVATION,iNaturalist research-grade observations,50c9509d-22c7-4a22-a47d-8c48425ef4a7,http://creativecommons.org/licenses/by-nc/4.0/legalcode,,,,
gbif,6470162906,2026-07-24,2026,7,24,61.021789,25.773701,180.0,HUMAN_OBSERVATION,iNaturalist research-grade observations,50c9509d-22c7-4a22-a47d-8c48425ef4a7,http://creativecommons.org/licenses/by-nc/4.0/legalcode,,,,
gbif,6470251851,2026-07-24,2026,7,24,62.140497,25.773302,51.0,HUMAN_OBSERVATION,iNaturalist research-grade observations,50c9509d-22c7-4a22-a47d-8c48425ef4a7,http://creativecommons.org/licenses/by-nc/4.0/legalcode,,,,
gbif,6470272880,2026-07-22,2026,7,22,60.449019,22.423592,11.0,HUMAN_OBSERVATION,iNaturalist research-grade observations,50c9509d-22c7-4a22-a47d-8c48425ef4a7,http://creativecommons.org/licenses/by-nc/4.0/legalcode,,,,
gbif,6470526702,2026-07-22,2026,7,22,60.448256,22.425281,33.0,HUMAN_OBSERVATION,iNaturalist research-grade observations,50c9509d-22c7-4a22-a47d-8c48425ef4a7,http://creativecommons.org/licenses/by-nc/4.0/legalcode,,,,
gbif,6470537659,2026-07-25,2026,7,25,61.814922,27.062148,9.0,HUMAN_OBSERVATION,iNaturalist research-grade observations,50c9509d-22c7-4a22-a47d-8c48425ef4a7,http://creativecommons.org/licenses/by-nc/4.0/legalcode,,,,
gbif,6470546665,2026-07-21,2026,7,21,60.25972,25.20818,10.0,HUMAN_OBSERVATION,iNaturalist research-grade observations,50c9509d-22c7-4a22-a47d-8c48425ef4a7,http://creativecommons.org/licenses/by-nc/4.0/legalcode,,,,
gbif,6470738601,2026-07-21,2026,7,21,60.397047,22.300307,11.0,HUMAN_OBSERVATION,iNaturalist research-grade observations,50c9509d-22c7-4a22-a47d-8c48425ef4a7,http://creativecommons.org/licenses/by-nc/4.0/legalcode,,,,
gbif,6470846332,2026-07-26,2026,7,26,64.346968,29.096927,1000.0,HUMAN_OBSERVATION,"Notebook, general observations",df12ca07-f133-4550-ab3b-fde13f0e76ba,http://creativecommons.org/licenses/by/4.0/legalcode,Koukkeronniemi,,,rantametsä
gbif,6470866326,2026-07-29,2026,7,29,61.461134,23.825354,1000.0,MACHINE_OBSERVATION,"Notebook, general observations",df12ca07-f133-4550-ab3b-fde13f0e76ba,http://creativecommons.org/licenses/by/4.0/legalcode,"Veisu, Karkunvuori, Hallila, Pehkusuo, Koivusenoja",,,
gbif,6479231922,2026-07-30,2026,7,30,60.735202,24.050263,,HUMAN_OBSERVATION,iNaturalist research-grade observations,50c9509d-22c7-4a22-a47d-8c48425ef4a7,http://creativecommons.org/licenses/by-nc/4.0/legalcode,,,,
gbif,6479904463,2026-07-25,2026,7,25,60.30137,24.555138,8.0,HUMAN_OBSERVATION,iNaturalist research-grade observations,50c9509d-22c7-4a22-a47d-8c48425ef4a7,http://creativecommons.org/licenses/by-nc/4.0/legalcode,,,,
gbif,6480184651,2026-07-31,2026,7,31,61.386152,24.196729,,HUMAN_OBSERVATION,iNaturalist research-grade observations,50c9509d-22c7-4a22-a47d-8c48425ef4a7,http://creativecommons.org/licenses/by-nc/4.0/legalcode,,,,
gbif,6480375698,2026-07-26,2026,7,26,61.420567,26.842492,60.0,HUMAN_OBSERVATION,iNaturalist research-grade observations,50c9509d-22c7-4a22-a47d-8c48425ef4a7,http://creativecommons.org/licenses/by-nc/4.0/legalcode,,,,
gbif,6480389049,2026-07-31,2026,7,31,60.154851,24.366418,,HUMAN_OBSERVATION,iNaturalist research-grade observations,50c9509d-22c7-4a22-a47d-8c48425ef4a7,http://creativecommons.org/licenses/by-nc/4.0/legalcode,,,,
gbif,6481176645,2026-07-31,2026,7,31,61.448736,23.84399,195.0,HUMAN_OBSERVATION,iNaturalist research-grade observations,50c9509d-22c7-4a22-a47d-8c48425ef4a7,http://creativecommons.org/licenses/by-nc/4.0/legalcode,,,,
gbif,6481242984,2026-07-31,2026,7,31,60.271975,25.133963,8.0,HUMAN_OBSERVATION,iNaturalist research-grade observations,50c9509d-22c7-4a22-a47d-8c48425ef4a7,http://creativecommons.org/licenses/by-nc/4.0/legalcode,,,,
gbif,6481384592,2026-07-29,2026,7,29,60.153158,24.626994,5.0,HUMAN_OBSERVATION,iNaturalist research-grade observations,50c9509d-22c7-4a22-a47d-8c48425ef4a7,http://creativecommons.org/licenses/by-nc/4.0/legalcode,,,,
gbif,6485869117,2026-07-31,2026,7,31,61.897358,25.206855,51.0,HUMAN_OBSERVATION,,8a863029-f435-446a-821e-275f4f641165,http://creativecommons.org/licenses/by-nc/4.0/legalcode,Jämsä,,,unknown
gbif,6467653353,2026-08-02,2026,8,2,60.998681,24.405731,1.0,MACHINE_OBSERVATION,The Atlas of Finnish Fungi,2bc4c2db-1dfa-419c-93ce-6602c5ae8c99,http://creativecommons.org/licenses/by/4.0/legalcode,Ahvenisto,,,
gbif,6479087501,2026-08-03,2026,8,3,60.425067,22.384875,15.0,HUMAN_OBSERVATION,iNaturalist research-grade observations,50c9509d-22c7-4a22-a47d-8c48425ef4a7,http://creativecommons.org/licenses/by-nc/4.0/legalcode,,,,
gbif,6479136542,2026-08-04,2026,8,4,61.52651,23.952415,19.0,HUMAN_OBSERVATION,iNaturalist research-grade observations,50c9509d-22c7-4a22-a47d-8c48425ef4a7,http://creativecommons.org/licenses/by-nc/4.0/legalcode,,,,
gbif,6479234135,2026-08-03,2026,8,3,60.425176,22.382408,22.0,HUMAN_OBSERVATION,iNaturalist research-grade observations,50c9509d-22c7-4a22-a47d-8c48425ef4a7,http://creativecommons.org/licenses/by-nc/4.0/legalcode,,,,
gbif,6479414897,2026-08-01,2026,8,1,60.269515,24.929975,10.0,HUMAN_OBSERVATION,iNaturalist research-grade observations,50c9509d-22c7-4a22-a47d-8c48425ef4a7,http://creativecommons.org/licenses/by-nc/4.0/legalcode,,,,
gbif,6479443441,2026-08-02,2026,8,2,61.243197,25.17522,3.0,HUMAN_OBSERVATION,iNaturalist research-grade observations,50c9509d-22c7-4a22-a47d-8c48425ef4a7,http://creativecommons.org/licenses/by-nc/4.0/legalcode,,,,
gbif,6479448377,2026-08-10,2026,8,10,62.790736,24.847273,,HUMAN_OBSERVATION,iNaturalist research-grade observations,50c9509d-22c7-4a22-a47d-8c48425ef4a7,http://creativecommons.org/licenses/by-nc/4.0/legalcode,,,,
gbif,6479547208,2026-08-04,2026,8,4,64.116373,24.563947,24268.0,HUMAN_OBSERVATION,iNaturalist research-grade observations,50c9509d-22c7-4a22-a47d-8c48425ef4a7,http://creativecommons.org/licenses/by-nc/4.0/legalcode,,Sekametsä,,
gbif,6479600661,2026-08-02,2026,8,2,60.228868,25.144518,9.0,HUMAN_OBSERVATION,iNaturalist research-grade observations,50c9509d-22c7-4a22-a47d-8c48425ef4a7,http://creativecommons.org/licenses/by-nc/4.0/legalcode,,,,
gbif,6480155124,2026-08-03,2026,8,3,60.426342,22.383514,20.0,HUMAN_OBSERVATION,iNaturalist research-grade observations,50c9509d-22c7-4a22-a47d-8c48425ef4a7,http://creativecommons.org/licenses/by-nc/4.0/legalcode,,,,
gbif,6480197245,2026-08-01,2026,8,1,60.13467,23.537088,4.0,HUMAN_OBSERVATION,iNaturalist research-grade observations,50c9509d-22c7-4a22-a47d-8c48425ef4a7,http://creativecommons.org/licenses/by-nc/4.0/legalcode,,,,
gbif,6480305751,2026-08-08,2026,8,8,61.609056,24.21587,3.0,HUMAN_OBSERVATION,iNaturalist research-grade observations,50c9509d-22c7-4a22-a47d-8c48425ef4a7,http://creativecommons.org/licenses/by-nc/4.0/legalcode,,,,
gbif,6480366764,2026-08-06,2026,8,6,62.227272,26.988083,4.0,HUMAN_OBSERVATION,iNaturalist research-grade observations,50c9509d-22c7-4a22-a47d-8c48425ef4a7,http://creativecommons.org/licenses/by-nc/4.0/legalcode,,,,
gbif,6480612597,2026-08-05,2026,8,5,60.481068,22.509422,45.0,HUMAN_OBSERVATION,iNaturalist research-grade observations,50c9509d-22c7-4a22-a47d-8c48425ef4a7,http://creativecommons.org/licenses/by-nc/4.0/legalcode,,,,
gbif,6480684583,2026-08-03,2026,8,3,61.303663,24.681668,24671.0,HUMAN_OBSERVATION,iNaturalist research-grade observations,50c9509d-22c7-4a22-a47d-8c48425ef4a7,http://creativecommons.org/licenses/by-nc/4.0/legalcode,,,,
gbif,6480859935,2026-08-02,2026,8,2,60.995992,25.518413,84.0,HUMAN_OBSERVATION,iNaturalist research-grade observations,50c9509d-22c7-4a22-a47d-8c48425ef4a7,http://creativecommons.org/licenses/by-nc/4.0/legalcode,,Almost white Cantharellus cibarius?,,
gbif,6481461666,2026-08-03,2026,8,3,60.425041,22.385776,11.0,HUMAN_OBSERVATION,iNaturalist research-grade observations,50c9509d-22c7-4a22-a47d-8c48425ef4a7,http://creativecommons.org/licenses/by-nc/4.0/legalcode,,,,
gbif,6485499380,2026-08-08,2026,8,8,62.16525,27.612689,,HUMAN_OBSERVATION,,8a863029-f435-446a-821e-275f4f641165,http://creativecommons.org/licenses/by-nc/4.0/legalcode,Joroinen,,,unknown
gbif,6486047439,2026-08-05,2026,8,5,62.68178,26.059075,9.0,HUMAN_OBSERVATION,,8a863029-f435-446a-821e-275f4f641165,http://creativecommons.org/licenses/by-nc/4.0/legalcode,Sumiainen,,,unknown
gbif,6486156893,2026-08-05,2026,8,5,62.682022,26.059211,4.0,HUMAN_OBSERVATION,,8a863029-f435-446a-821e-275f4f641165,http://creativecommons.org/licenses/by-nc/4.0/legalcode,Sumiainen,,,unknown
gbif,6486180329,2026-08-01,2026,8,1,61.195597,25.084363,5.0,HUMAN_OBSERVATION,,8a863029-f435-446a-821e-275f4f641165,http://creativecommons.org/licenses/by-nc/4.0/legalcode,Evon alue - N2000,,,unknown
gbif,6486219461,2026-08-07,2026,8,7,62.056493,26.093714,5.0,HUMAN_OBSERVATION,,8a863029-f435-446a-821e-275f4f641165,http://creativecommons.org/licenses/by-nc/4.0/legalcode,Toivakka,,,unknown
gbif,6486742556,2026-08-10,2026,8,10,62.20521,29.130616,6.0,HUMAN_OBSERVATION,,8a863029-f435-446a-821e-275f4f641165,http://creativecommons.org/licenses/by-nc/4.0/legalcode,Savonranta,,,unknown
gbif,6489213308,2026-08-04,2026,8,4,60.268483,24.646152,1000.0,MACHINE_OBSERVATION,The Atlas of Finnish Fungi,2bc4c2db-1dfa-419c-93ce-6602c5ae8c99,http://creativecommons.org/licenses/by/4.0/legalcode,Pirttimäki,,,
gbif,6495999412,2026-08-04,2026,8,4,62.581705,29.820889,1000.0,HUMAN_OBSERVATION,"Notebook, general observations",df12ca07-f133-4550-ab3b-fde13f0e76ba,http://creativecommons.org/licenses/by/4.0/legalcode,Repokallio,,,
gbif,6496003315,2026-08-04,2026,8,4,60.274795,24.597781,1.0,HUMAN_OBSERVATION,"Notebook, general observations",df12ca07-f133-4550-ab3b-fde13f0e76ba,http://creativecommons.org/licenses/by/4.0/legalcode,,,,
gbif,6496063385,2026-08-01,2026,8,1,61.519203,23.857618,1.0,MACHINE_OBSERVATION,"Notebook, general observations",df12ca07-f133-4550-ab3b-fde13f0e76ba,http://creativecommons.org/licenses/by/4.0/legalcode,"Niihama, Soukonvuori",,,
gbif,6496117425,2026-08-20,2026,8,20,68.621065,28.322832,1.0,HUMAN_OBSERVATION,Löydös Open Finnish Observation Database,956bc674-6022-4c52-833e-c5fb39dc837a,http://creativecommons.org/licenses/by/4.0/legalcode,Harjujärven rantatörmä,,,
gbif,6496436362,2026-08-22,2026,8,22,61.42114,25.739584,1.0,HUMAN_OBSERVATION,The Atlas of Finnish Fungi,2bc4c2db-1dfa-419c-93ce-6602c5ae8c99,http://creativecommons.org/licenses/by/4.0/legalcode,,,,
gbif,6496436453,2026-08-13,2026,8,13,60.27607,25.792581,1000.0,MACHINE_OBSERVATION,The Atlas of Finnish Fungi,2bc4c2db-1dfa-419c-93ce-6602c5ae8c99,http://creativecommons.org/licenses/by/4.0/legalcode,Sondby,,Mäntykangasta (jnkv kuusta ja vähän koivua) molemmin puolin tietä. Harvennushakattu.,
gbif,6496437333,2026-08-07,2026,8,7,60.26193,24.564088,1.0,MACHINE_OBSERVATION,The Atlas of Finnish Fungi,2bc4c2db-1dfa-419c-93ce-6602c5ae8c99,http://creativecommons.org/licenses/by/4.0/legalcode,Nuuksion koulu,,Nuuksion koulun itäpuolinen metsä,
gbif,6496437434,2026-08-01,2026,8,1,63.035906,21.598028,1.0,HUMAN_OBSERVATION,The Atlas of Finnish Fungi,2bc4c2db-1dfa-419c-93ce-6602c5ae8c99,http://creativecommons.org/licenses/by/4.0/legalcode,,,,
gbif,6498144398,2026-08-03,2026,8,3,64.301317,24.623077,401.0,HUMAN_OBSERVATION,iNaturalist research-grade observations,50c9509d-22c7-4a22-a47d-8c48425ef4a7,http://creativecommons.org/licenses/by-nc/4.0/legalcode,,,,
gbif,6498179324,2026-08-23,2026,8,23,65.438337,28.867136,79670.0,HUMAN_OBSERVATION,iNaturalist research-grade observations,50c9509d-22c7-4a22-a47d-8c48425ef4a7,http://creativecommons.org/licenses/by-nc/4.0/legalcode,,,,
gbif,6498190041,2026-08-24,2026,8,24,61.175571,26.869358,7.0,HUMAN_OBSERVATION,iNaturalist research-grade observations,50c9509d-22c7-4a22-a47d-8c48425ef4a7,http://creativecommons.org/licenses/by-nc/4.0/legalcode,,,,
gbif,6498192220,2026-08-24,2026,8,24,61.175064,26.869015,9.0,HUMAN_OBSERVATION,iNaturalist research-grade observations,50c9509d-22c7-4a22-a47d-8c48425ef4a7,http://creativecommons.org/licenses/by-nc/4.0/legalcode,,,,
gbif,6498203146,2026-08-18,2026,8,18,61.491293,23.745557,8.0,HUMAN_OBSERVATION,iNaturalist research-grade observations,50c9509d-22c7-4a22-a47d-8c48425ef4a7,http://creativecommons.org/licenses/by-nc/4.0/legalcode,,,,
gbif,6498296056,2026-08-16,2026,8,16,61.451688,23.85817,5.0,HUMAN_OBSERVATION,iNaturalist research-grade observations,50c9509d-22c7-4a22-a47d-8c48425ef4a7,http://creativecommons.org/licenses/by-nc/4.0/legalcode,,,,
gbif,6498323699,2026-08-18,2026,8,18,60.312347,24.451469,7.0,HUMAN_OBSERVATION,iNaturalist research-grade observations,50c9509d-22c7-4a22-a47d-8c48425ef4a7,http://creativecommons.org/licenses/by-nc/4.0/legalcode,,,,
gbif,6498404312,2026-08-22,2026,8,22,60.1762,24.707492,8.0,HUMAN_OBSERVATION,iNaturalist research-grade observations,50c9509d-22c7-4a22-a47d-8c48425ef4a7,http://creativecommons.org/licenses/by-nc/4.0/legalcode,,,,
gbif,6498615918,2026-08-20,2026,8,20,62.108887,28.491903,10.0,HUMAN_OBSERVATION,iNaturalist research-grade observations,50c9509d-22c7-4a22-a47d-8c48425ef4a7,http://creativecommons.org/licenses/by-nc/4.0/legalcode,,,,
gbif,6499007504,2026-08-20,2026,8,20,60.435385,22.265536,,HUMAN_OBSERVATION,iNaturalist research-grade observations,50c9509d-22c7-4a22-a47d-8c48425ef4a7,http://creativecommons.org/licenses/by-nc/4.0/legalcode,,,,
gbif,6499062069,2026-08-24,2026,8,24,61.176838,26.869642,7.0,HUMAN_OBSERVATION,iNaturalist research-grade observations,50c9509d-22c7-4a22-a47d-8c48425ef4a7,http://creativecommons.org/licenses/by-nc/4.0/legalcode,,,,
gbif,6499225991,2026-08-11,2026,8,11,60.424709,22.264898,,HUMAN_OBSERVATION,iNaturalist research-grade observations,50c9509d-22c7-4a22-a47d-8c48425ef4a7,http://creativecommons.org/licenses/by-nc/4.0/legalcode,,,,
gbif,6499273939,2026-08-19,2026,8,19,61.185617,26.872498,,HUMAN_OBSERVATION,iNaturalist research-grade observations,50c9509d-22c7-4a22-a47d-8c48425ef4a7,http://creativecommons.org/licenses/by-nc/4.0/legalcode,,,,
gbif,6499317628,2026-08-17,2026,8,17,60.31601,24.452328,9.0,HUMAN_OBSERVATION,iNaturalist research-grade observations,50c9509d-22c7-4a22-a47d-8c48425ef4a7,http://creativecommons.org/licenses/by-nc/4.0/legalcode,,,,
gbif,6499472610,2026-08-17,2026,8,17,60.873858,26.74508,12.0,HUMAN_OBSERVATION,iNaturalist research-grade observations,50c9509d-22c7-4a22-a47d-8c48425ef4a7,http://creativecommons.org/publicdomain/zero/1.0/legalcode,,,,
gbif,6499572733,2026-08-18,2026,8,18,60.312897,24.451555,13.0,HUMAN_OBSERVATION,iNaturalist research-grade observations,50c9509d-22c7-4a22-a47d-8c48425ef4a7,http://creativecommons.org/licenses/by-nc/4.0/legalcode,,,,
gbif,6499582625,2026-08-15,2026,8,15,62.239551,25.668416,12.0,HUMAN_OBSERVATION,iNaturalist research-grade observations,50c9509d-22c7-4a22-a47d-8c48425ef4a7,http://creativecommons.org/licenses/by-nc/4.0/legalcode,,,,
gbif,6499599686,2026-08-21,2026,8,21,60.18163,24.697938,20.0,HUMAN_OBSERVATION,iNaturalist research-grade observations,50c9509d-22c7-4a22-a47d-8c48425ef4a7,http://creativecommons.org/licenses/by-nc/4.0/legalcode,,,,
gbif,6499609655,2026-08-17,2026,8,17,60.316013,24.452322,10.0,HUMAN_OBSERVATION,iNaturalist research-grade observations,50c9509d-22c7-4a22-a47d-8c48425ef4a7,http://creativecommons.org/licenses/by-nc/4.0/legalcode,,,,
gbif,6499652653,2026-08-24,2026,8,24,62.181371,25.712877,,HUMAN_OBSERVATION,iNaturalist research-grade observations,50c9509d-22c7-4a22-a47d-8c48425ef4a7,http://creativecommons.org/licenses/by-nc/4.0/legalcode,,,,
gbif,6499684551,2026-08-14,2026,8,14,65.651908,27.783695,9.0,HUMAN_OBSERVATION,iNaturalist research-grade observations,50c9509d-22c7-4a22-a47d-8c48425ef4a7,http://creativecommons.org/licenses/by-nc/4.0/legalcode,,,,
gbif,6499728859,2026-08-24,2026,8,24,62.807961,29.531699,5.0,HUMAN_OBSERVATION,iNaturalist research-grade observations,50c9509d-22c7-4a22-a47d-8c48425ef4a7,http://creativecommons.org/licenses/by-nc/4.0/legalcode,,,,
gbif,6499738773,2026-08-18,2026,8,18,60.31506,24.451286,6.0,HUMAN_OBSERVATION,iNaturalist research-grade observations,50c9509d-22c7-4a22-a47d-8c48425ef4a7,http://creativecommons.org/licenses/by-nc/4.0/legalcode,,,,
gbif,6499762716,2026-08-14,2026,8,14,60.149715,24.751018,,HUMAN_OBSERVATION,iNaturalist research-grade observations,50c9509d-22c7-4a22-a47d-8c48425ef4a7,http://creativecommons.org/licenses/by-nc/4.0/legalcode,,,,
gbif,6499792808,2026-08-16,2026,8,16,60.433406,22.798748,208.0,HUMAN_OBSERVATION,iNaturalist research-grade observations,50c9509d-22c7-4a22-a47d-8c48425ef4a7,http://creativecommons.org/licenses/by-nc/4.0/legalcode,,,,
gbif,6499912420,2026-08-13,2026,8,13,61.52426,23.952893,6.0,HUMAN_OBSERVATION,iNaturalist research-grade observations,50c9509d-22c7-4a22-a47d-8c48425ef4a7,http://creativecommons.org/licenses/by-nc/4.0/legalcode,,,,
gbif,6500055087,2026-08-21,2026,8,21,60.181478,24.69798,16.0,HUMAN_OBSERVATION,iNaturalist research-grade observations,50c9509d-22c7-4a22-a47d-8c48425ef4a7,http://creativecommons.org/licenses/by-nc/4.0/legalcode,,,,
gbif,6500078463,2026-08-15,2026,8,15,60.88428,24.884297,16.0,HUMAN_OBSERVATION,iNaturalist research-grade observations,50c9509d-22c7-4a22-a47d-8c48425ef4a7,http://creativecommons.org/licenses/by-nc/4.0/legalcode,,,,
gbif,6500078566,2026-08-22,2026,8,22,61.964918,23.017857,,HUMAN_OBSERVATION,iNaturalist research-grade observations,50c9509d-22c7-4a22-a47d-8c48425ef4a7,http://creativecommons.org/licenses/by-nc/4.0/legalcode,,,,
gbif,6500087358,2026-08-13,2026,8,13,61.545133,23.570023,,HUMAN_OBSERVATION,iNaturalist research-grade observations,50c9509d-22c7-4a22-a47d-8c48425ef4a7,http://creativecommons.org/licenses/by-nc/4.0/legalcode,,,,
gbif,6500155837,2026-08-13,2026,8,13,62.955488,21.913363,3.0,HUMAN_OBSERVATION,iNaturalist research-grade observations,50c9509d-22c7-4a22-a47d-8c48425ef4a7,http://creativecommons.org/licenses/by-nc/4.0/legalcode,,,,
gbif,6500160833,2026-08-16,2026,8,16,60.588426,22.625327,,HUMAN_OBSERVATION,iNaturalist research-grade observations,50c9509d-22c7-4a22-a47d-8c48425ef4a7,http://creativecommons.org/licenses/by-nc/4.0/legalcode,,,,
gbif,6500165397,2026-08-20,2026,8,20,62.101826,28.50832,9.0,HUMAN_OBSERVATION,iNaturalist research-grade observations,50c9509d-22c7-4a22-a47d-8c48425ef4a7,http://creativecommons.org/licenses/by-nc/4.0/legalcode,,,,
gbif,6500320376,2026-08-18,2026,8,18,60.314316,24.451151,8.0,HUMAN_OBSERVATION,iNaturalist research-grade observations,50c9509d-22c7-4a22-a47d-8c48425ef4a7,http://creativecommons.org/licenses/by-nc/4.0/legalcode,,,,
gbif,6500461367,2026-08-20,2026,8,20,62.110092,28.484665,9.0,HUMAN_OBSERVATION,iNaturalist research-grade observations,50c9509d-22c7-4a22-a47d-8c48425ef4a7,http://creativecommons.org/licenses/by-nc/4.0/legalcode,,,,
gbif,6518379601,2026-08-29,2026,8,29,60.259973,24.877272,24819.0,HUMAN_OBSERVATION,iNaturalist research-grade observations,50c9509d-22c7-4a22-a47d-8c48425ef4a7,http://creativecommons.org/licenses/by-nc/4.0/legalcode,,,,
gbif,6518507398,2026-08-28,2026,8,28,67.578521,24.146267,8.0,HUMAN_OBSERVATION,iNaturalist research-grade observations,50c9509d-22c7-4a22-a47d-8c48425ef4a7,http://creativecommons.org/licenses/by-nc/4.0/legalcode,,,,
gbif,6518544927,2026-08-24,2026,8,24,61.178379,26.868704,10.0,HUMAN_OBSERVATION,iNaturalist research-grade observations,50c9509d-22c7-4a22-a47d-8c48425ef4a7,http://creativecommons.org/licenses/by-nc/4.0/legalcode,,,,
gbif,6518560766,2026-08-29,2026,8,29,61.056406,23.781475,137.0,HUMAN_OBSERVATION,iNaturalist research-grade observations,50c9509d-22c7-4a22-a47d-8c48425ef4a7,http://creativecommons.org/licenses/by-nc/4.0/legalcode,,,,
gbif,6518562423,2026-08-25,2026,8,25,61.735072,26.774869,,HUMAN_OBSERVATION,iNaturalist research-grade observations,50c9509d-22c7-4a22-a47d-8c48425ef4a7,http://creativecommons.org/licenses/by-nc/4.0/legalcode,,,,
gbif,6518578018,2026-08-29,2026,8,29,61.653146,26.070498,10.0,HUMAN_OBSERVATION,iNaturalist research-grade observations,50c9509d-22c7-4a22-a47d-8c48425ef4a7,http://creativecommons.org/licenses/by/4.0/legalcode,,,,
gbif,6518847541,2026-08-24,2026,8,24,61.174169,26.866689,,HUMAN_OBSERVATION,iNaturalist research-grade observations,50c9509d-22c7-4a22-a47d-8c48425ef4a7,http://creativecommons.org/licenses/by-nc/4.0/legalcode,,,,
gbif,6519078431,2026-08-28,2026,8,28,61.92567,25.992237,44.0,HUMAN_OBSERVATION,iNaturalist research-grade observations,50c9509d-22c7-4a22-a47d-8c48425ef4a7,http://creativecommons.org/licenses/by-nc/4.0/legalcode,,,,
gbif,6519431799,2026-08-28,2026,8,28,61.523104,23.950977,84.0,HUMAN_OBSERVATION,iNaturalist research-grade observations,50c9509d-22c7-4a22-a47d-8c48425ef4a7,http://creativecommons.org/licenses/by-nc/4.0/legalcode,,,,
gbif,6519487845,2026-08-25,2026,8,25,60.434185,22.188444,3.0,HUMAN_OBSERVATION,iNaturalist research-grade observations,50c9509d-22c7-4a22-a47d-8c48425ef4a7,http://creativecommons.org/licenses/by-nc/4.0/legalcode,,,,
gbif,6519546624,2026-08-25,2026,8,25,61.193653,26.870672,10.0,HUMAN_OBSERVATION,iNaturalist research-grade observations,50c9509d-22c7-4a22-a47d-8c48425ef4a7,http://creativecommons.org/licenses/by-nc/4.0/legalcode,,,,
gbif,6519586558,2026-08-30,2026,8,30,60.61853,24.84363,39.0,HUMAN_OBSERVATION,iNaturalist research-grade observations,50c9509d-22c7-4a22-a47d-8c48425ef4a7,http://creativecommons.org/licenses/by-nc/4.0/legalcode,,Yum yum,,
gbif,6519630443,2026-08-24,2026,8,24,61.178474,26.867889,9.0,HUMAN_OBSERVATION,iNaturalist research-grade observations,50c9509d-22c7-4a22-a47d-8c48425ef4a7,http://creativecommons.org/licenses/by-nc/4.0/legalcode,,,,
gbif,6519791605,2026-08-25,2026,8,25,61.197067,26.952194,,HUMAN_OBSERVATION,iNaturalist research-grade observations,50c9509d-22c7-4a22-a47d-8c48425ef4a7,http://creativecommons.org/licenses/by-nc/4.0/legalcode,,,,
gbif,6519815636,2026-08-31,2026,8,31,60.874947,26.730622,11.0,HUMAN_OBSERVATION,iNaturalist research-grade observations,50c9509d-22c7-4a22-a47d-8c48425ef4a7,http://creativecommons.org/publicdomain/zero/1.0/legalcode,,,,
gbif,6519883336,2026-08-25,2026,8,25,60.479339,22.063974,24790.0,HUMAN_OBSERVATION,iNaturalist research-grade observations,50c9509d-22c7-4a22-a47d-8c48425ef4a7,http://creativecommons.org/licenses/by/4.0/legalcode,,,,
gbif,6519924074,2026-08-31,2026,8,31,60.152258,24.564841,86.0,HUMAN_OBSERVATION,iNaturalist research-grade observations,50c9509d-22c7-4a22-a47d-8c48425ef4a7,http://creativecommons.org/licenses/by-nc/4.0/legalcode,,,,
gbif,6520102165,2026-08-25,2026,8,25,61.189862,26.852004,15.0,HUMAN_OBSERVATION,iNaturalist research-grade observations,50c9509d-22c7-4a22-a47d-8c48425ef4a7,http://creativecommons.org/licenses/by-nc/4.0/legalcode,,,,
gbif,6520245860,2026-08-25,2026,8,25,61.473518,23.661981,3.0,HUMAN_OBSERVATION,iNaturalist research-grade observations,50c9509d-22c7-4a22-a47d-8c48425ef4a7,http://creativecommons.org/licenses/by-nc/4.0/legalcode,,,,
gbif,6520427965,2026-08-28,2026,8,28,61.75776,26.128409,24612.0,HUMAN_OBSERVATION,iNaturalist research-grade observations,50c9509d-22c7-4a22-a47d-8c48425ef4a7,http://creativecommons.org/licenses/by/4.0/legalcode,,,,
gbif,6520543705,2026-08-25,2026,8,25,61.193634,26.870564,11.0,HUMAN_OBSERVATION,iNaturalist research-grade observations,50c9509d-22c7-4a22-a47d-8c48425ef4a7,http://creativecommons.org/licenses/by-nc/4.0/legalcode,,,,
gbif,6520564500,2026-08-24,2026,8,24,61.793903,26.632081,,HUMAN_OBSERVATION,iNaturalist research-grade observations,50c9509d-22c7-4a22-a47d-8c48425ef4a7,http://creativecommons.org/licenses/by-nc/4.0/legalcode,,,,
gbif,6520583471,2026-08-25,2026,8,25,61.193462,26.870092,12.0,HUMAN_OBSERVATION,iNaturalist research-grade observations,50c9509d-22c7-4a22-a47d-8c48425ef4a7,http://creativecommons.org/licenses/by-nc/4.0/legalcode,,,,
gbif,6520589735,2026-08-25,2026,8,25,61.193657,26.870529,8.0,HUMAN_OBSERVATION,iNaturalist research-grade observations,50c9509d-22c7-4a22-a47d-8c48425ef4a7,http://creativecommons.org/licenses/by-nc/4.0/legalcode,,,,
gbif,6520703489,2026-08-24,2026,8,24,61.177479,26.869005,4.0,HUMAN_OBSERVATION,iNaturalist research-grade observations,50c9509d-22c7-4a22-a47d-8c48425ef4a7,http://creativecommons.org/licenses/by-nc/4.0/legalcode,,,,
gbif,6534635567,2026-08-16,2026,8,16,63.897021,24.534046,1.0,HUMAN_OBSERVATION,"Notebook, general observations",df12ca07-f133-4550-ab3b-fde13f0e76ba,http://creativecommons.org/licenses/by/4.0/legalcode,sievi,,,
gbif,6534639401,2026-08-18,2026,8,18,60.374688,24.273918,1000.0,MACHINE_OBSERVATION,"Notebook, general observations",df12ca07-f133-4550-ab3b-fde13f0e76ba,http://creativecommons.org/licenses/by/4.0/legalcode,,var. alba,,
gbif,6534647481,2026-08-22,2026,8,22,61.433242,23.746701,1000.0,MACHINE_OBSERVATION,"Notebook, general observations",df12ca07-f133-4550-ab3b-fde13f0e76ba,http://creativecommons.org/licenses/by/4.0/legalcode,"Multisilta, Multivuori",,,
gbif,6534677351,2026-08-15,2026,8,15,62.102849,25.750235,300.0,HUMAN_OBSERVATION,"Notebook, general observations",df12ca07-f133-4550-ab3b-fde13f0e76ba,http://creativecommons.org/licenses/by/4.0/legalcode,"Muuratsalo, Hakolanvuori",,,
gbif,6534714545,2026-08-19,2026,8,19,61.468229,23.892592,1.0,MACHINE_OBSERVATION,"Notebook, general observations",df12ca07-f133-4550-ab3b-fde13f0e76ba,http://creativecommons.org/licenses/by/4.0/legalcode,"Kaukajärvi, Haihara, Hikivuori",,,
gbif,6534715597,2026-08-22,2026,8,22,67.37381,26.894956,100.0,MACHINE_OBSERVATION,"Notebook, general observations",df12ca07-f133-4550-ab3b-fde13f0e76ba,http://creativecommons.org/licenses/by/4.0/legalcode,,"3 keltavahveroa (yksi ei kuvassa). Pieni avoin läntti metsäautotiestä n. 5-10 metriä vasemmalle hieman sen jälkeen, kun pienempi taimimetsä loppuu.",,
gbif,6535010337,2026-08-23,2026,8,23,60.299829,24.661981,1.0,MACHINE_OBSERVATION,The Atlas of Finnish Fungi,2bc4c2db-1dfa-419c-93ce-6602c5ae8c99,http://creativecommons.org/licenses/by/4.0/legalcode,Igelträsk,,"Igelträskin ja Älgkärrin välinen vuorialue, metsätiellä",
gbif,6518903121,2026-09-07,2026,9,7,60.290411,24.577411,,HUMAN_OBSERVATION,iNaturalist research-grade observations,50c9509d-22c7-4a22-a47d-8c48425ef4a7,http://creativecommons.org/licenses/by/4.0/legalcode,,,,
gbif,6519227624,2026-09-05,2026,9,5,61.511698,23.817805,3.0,HUMAN_OBSERVATION,iNaturalist research-grade observations,50c9509d-22c7-4a22-a47d-8c48425ef4a7,http://creativecommons.org/licenses/by-nc/4.0/legalcode,,,,
gbif,6519339703,2026-09-03,2026,9,3,61.200288,28.722143,4.0,HUMAN_OBSERVATION,iNaturalist research-grade observations,50c9509d-22c7-4a22-a47d-8c48425ef4a7,http://creativecommons.org/licenses/by-nc/4.0/legalcode,,,,
gbif,6519848970,2026-09-05,2026,9,5,60.234133,25.140178,14.0,HUMAN_OBSERVATION,iNaturalist research-grade observations,50c9509d-22c7-4a22-a47d-8c48425ef4a7,http://creativecommons.org/publicdomain/zero/1.0/legalcode,,,,
gbif,6519992532,2026-09-01,2026,9,1,60.88983,26.78528,6.0,HUMAN_OBSERVATION,iNaturalist research-grade observations,50c9509d-22c7-4a22-a47d-8c48425ef4a7,http://creativecommons.org/publicdomain/zero/1.0/legalcode,,,,
gbif,6520044802,2026-09-02,2026,9,2,61.42153,28.418057,8.0,HUMAN_OBSERVATION,iNaturalist research-grade observations,50c9509d-22c7-4a22-a47d-8c48425ef4a7,http://creativecommons.org/licenses/by-nc/4.0/legalcode,,,,
gbif,6520326595,2026-09-03,2026,9,3,60.763483,25.894137,24.0,HUMAN_OBSERVATION,iNaturalist research-grade observations,50c9509d-22c7-4a22-a47d-8c48425ef4a7,http://creativecommons.org/licenses/by-nc/4.0/legalcode,,,,
gbif,6520445678,2026-09-06,2026,9,6,60.881442,26.751742,1396.0,HUMAN_OBSERVATION,iNaturalist research-grade observations,50c9509d-22c7-4a22-a47d-8c48425ef4a7,http://creativecommons.org/publicdomain/zero/1.0/legalcode,,,,
gbif,5055527307,2025-01-18,2025,1,18,60.200047,24.698006,1.0,MACHINE_OBSERVATION,The Atlas of Finnish Fungi,2bc4c2db-1dfa-419c-93ce-6602c5ae8c99,http://creativecommons.org/licenses/by/4.0/legalcode,Kuurinniitty,"Pikkupakkasesta kohmeiset itiöemät; tuoreita ja hyväkuntoisia, eivät siis ole loppusyksyltä jääneitä.","Pieni sekametsälaikku puron ja tien välissä: puusto haapavoittoinen. Lisäksi kuusi, koivut, mänty, raita.",
gbif,5058020666,2025-01-19,2025,1,19,59.89483,23.230095,1.0,MACHINE_OBSERVATION,"Notebook, general observations",df12ca07-f133-4550-ab3b-fde13f0e76ba,http://creativecommons.org/licenses/by/4.0/legalcode,Lappvik strand,Keywords: { Lappvik strand },+3,
gbif,5189890303,2025-06-18,2025,6,18,60.425484,22.361625,1.0,MACHINE_OBSERVATION,The Atlas of Finnish Fungi,2bc4c2db-1dfa-419c-93ce-6602c5ae8c99,http://creativecommons.org/licenses/by/4.0/legalcode,Lausteen/Kaarinan perintömetsä,,Lehtomainen/tuore/kuiva kangas & lehto,
gbif,5195706301,2025-06-20,2025,6,20,60.992592,25.556047,1.0,MACHINE_OBSERVATION,The Atlas of Finnish Fungi,2bc4c2db-1dfa-419c-93ce-6602c5ae8c99,http://creativecommons.org/licenses/by/4.0/legalcode,Kintterönsuo,,,
gbif,5198684001,2025-06-12,2025,6,12,60.547383,21.99006,24790.0,HUMAN_OBSERVATION,iNaturalist research-grade observations,50c9509d-22c7-4a22-a47d-8c48425ef4a7,http://creativecommons.org/publicdomain/zero/1.0/legalcode,,,,
gbif,5202750303,2025-06-22,2025,6,22,60.27744,25.808562,1.0,MACHINE_OBSERVATION,The Atlas of Finnish Fungi,2bc4c2db-1dfa-419c-93ce-6602c5ae8c99,http://creativecommons.org/licenses/by/4.0/legalcode,Sondby,,"Merenrantatontti, mäntyä",
gbif,5202754314,2025-06-26,2025,6,26,59.903137,23.195705,1.0,MACHINE_OBSERVATION,The Atlas of Finnish Fungi,2bc4c2db-1dfa-419c-93ce-6602c5ae8c99,http://creativecommons.org/licenses/by/4.0/legalcode,"Björkkullan lähteikön eteläpuoli, mäntykangas",,,
gbif,5202756307,2025-06-27,2025,6,27,59.888056,23.212992,1000.0,MACHINE_OBSERVATION,The Atlas of Finnish Fungi,2bc4c2db-1dfa-419c-93ce-6602c5ae8c99,http://creativecommons.org/licenses/by/4.0/legalcode,"Lappohja, Koverharintie","Paljon pieniä alkuja havaintoalueella poluilla, polkujen laidoilla, vanhoissa juoksuhautakuopissa",Mäntykangasta (jnkv kuusta ja vähän koivua) molemmin puolin tietä,
gbif,5205345886,2025-06-25,2025,6,25,60.790919,22.706414,4.0,HUMAN_OBSERVATION,,8a863029-f435-446a-821e-275f4f641165,http://creativecommons.org/licenses/by-nc/4.0/legalcode,Pöytyä,,,unknown
gbif,5206311804,2025-06-24,2025,6,24,60.390701,24.756145,8.0,HUMAN_OBSERVATION,iNaturalist research-grade observations,50c9509d-22c7-4a22-a47d-8c48425ef4a7,http://creativecommons.org/licenses/by-nc/4.0/legalcode,,,,
gbif,5206726693,2025-06-23,2025,6,23,60.317798,25.026361,13.0,HUMAN_OBSERVATION,iNaturalist research-grade observations,50c9509d-22c7-4a22-a47d-8c48425ef4a7,http://creativecommons.org/licenses/by-nc/4.0/legalcode,,,,
gbif,5215789784,2025-06-29,2025,6,29,60.349701,24.649094,7.0,HUMAN_OBSERVATION,iNaturalist research-grade observations,50c9509d-22c7-4a22-a47d-8c48425ef4a7,http://creativecommons.org/licenses/by-nc/4.0/legalcode,,,,
gbif,5215796389,2025-06-27,2025,6,27,60.435013,25.706067,3.0,HUMAN_OBSERVATION,iNaturalist research-grade observations,50c9509d-22c7-4a22-a47d-8c48425ef4a7,http://creativecommons.org/licenses/by-nc/4.0/legalcode,,,,
gbif,5216066909,2025-06-22,2025,6,22,60.576919,23.006458,,HUMAN_OBSERVATION,iNaturalist research-grade observations,50c9509d-22c7-4a22-a47d-8c48425ef4a7,http://creativecommons.org/licenses/by-nc/4.0/legalcode,,,,
gbif,5216326098,2025-06-25,2025,6,25,60.226557,23.930682,,HUMAN_OBSERVATION,iNaturalist research-grade observations,50c9509d-22c7-4a22-a47d-8c48425ef4a7,http://creativecommons.org/licenses/by-nc/4.0/legalcode,,,,
gbif,5216620580,2025-06-28,2025,6,28,60.359774,24.488867,122.0,HUMAN_OBSERVATION,iNaturalist research-grade observations,50c9509d-22c7-4a22-a47d-8c48425ef4a7,http://creativecommons.org/licenses/by-nc/4.0/legalcode,,,,
gbif,5217272636,2025-06-28,2025,6,28,60.45449,22.374462,,HUMAN_OBSERVATION,iNaturalist research-grade observations,50c9509d-22c7-4a22-a47d-8c48425ef4a7,http://creativecommons.org/licenses/by-nc/4.0/legalcode,,,,
gbif,5217319939,2025-06-22,2025,6,22,60.652432,27.393128,1.0,HUMAN_OBSERVATION,iNaturalist research-grade observations,50c9509d-22c7-4a22-a47d-8c48425ef4a7,http://creativecommons.org/licenses/by-nc/4.0/legalcode,,,,
gbif,5222792329,2025-06-30,2025,6,30,60.536911,24.522626,100.0,MACHINE_OBSERVATION,The Atlas of Finnish Fungi,2bc4c2db-1dfa-419c-93ce-6602c5ae8c99,http://creativecommons.org/licenses/by/4.0/legalcode,"Kytäjäntie, Kuoppala",,"Okt pihapiiri. Lähimpänä mänty, kuusi, rauduskoivu, pihlaja, kataja. Myös omenapuita, haapaa ja vaahteraa melko lähellä.",
gbif,5222793326,2025-06-28,2025,6,28,60.2026,24.823267,1000.0,MACHINE_OBSERVATION,The Atlas of Finnish Fungi,2bc4c2db-1dfa-419c-93ce-6602c5ae8c99,http://creativecommons.org/licenses/by/4.0/legalcode,Villa Elfvikin ympäristö,"Paljon pieniä alkuja siellä täällä, sekä muutama jo täysikokoinen itiöemä.",,
gbif,5222796303,2025-06-29,2025,6,29,61.476221,21.86297,1.0,MACHINE_OBSERVATION,The Atlas of Finnish Fungi,2bc4c2db-1dfa-419c-93ce-6602c5ae8c99,http://creativecommons.org/licenses/by/4.0/legalcode,,,"Kokemäenjoen rantalehto, Varvourinjuovan ranta",
gbif,5229998788,2025-06-18,2025,6,18,60.228657,24.801332,,HUMAN_OBSERVATION,iNaturalist research-grade observations,50c9509d-22c7-4a22-a47d-8c48425ef4a7,http://creativecommons.org/licenses/by-nc/4.0/legalcode,,,,
gbif,5231047838,2025-06-26,2025,6,26,60.419683,25.728627,24790.0,HUMAN_OBSERVATION,iNaturalist research-grade observations,50c9509d-22c7-4a22-a47d-8c48425ef4a7,http://creativecommons.org/licenses/by-nc/4.0/legalcode,,,,
gbif,5239410356,2025-06-30,2025,6,30,61.494289,23.634235,1.0,HUMAN_OBSERVATION,"Notebook, general observations",df12ca07-f133-4550-ab3b-fde13f0e76ba,http://creativecommons.org/licenses/by/4.0/legalcode,,,,
gbif,5239423708,2025-06-26,2025,6,26,60.341982,25.689771,1.0,HUMAN_OBSERVATION,"Notebook, general observations",df12ca07-f133-4550-ab3b-fde13f0e76ba,http://creativecommons.org/licenses/by/4.0/legalcode,Kråkö,Pieniä tuloillaan olevia.,,
gbif,5239433782,2025-06-27,2025,6,27,60.296505,25.055292,1.0,HUMAN_OBSERVATION,"Notebook, general observations",df12ca07-f133-4550-ab3b-fde13f0e76ba,http://creativecommons.org/licenses/by/4.0/legalcode,Jokiniemi,Keywords: { siira },,
gbif,5239464394,2025-06-18,2025,6,18,60.639758,27.289222,1.0,HUMAN_OBSERVATION,"Notebook, general observations",df12ca07-f133-4550-ab3b-fde13f0e76ba,http://creativecommons.org/licenses/by/4.0/legalcode,"Paijärvi, Kammusa",Keywords: { Cantharellus cibarius },"Vehkalahden Muinaisreitit -hanke, fenologiahavainto Pellonreuna Sateinen, + 17 C",
gbif,5239485383,2025-06-24,2025,6,24,60.973305,21.270635,1.0,HUMAN_OBSERVATION,"Notebook, general observations",df12ca07-f133-4550-ab3b-fde13f0e76ba,http://creativecommons.org/licenses/by/4.0/legalcode,,,,
gbif,5239497456,2025-06-25,2025,6,25,61.491724,23.594478,1.0,HUMAN_OBSERVATION,"Notebook, general observations",df12ca07-f133-4550-ab3b-fde13f0e76ba,http://creativecommons.org/licenses/by/4.0/legalcode,Kalkku,,,
gbif,5239508217,2025-06-17,2025,6,17,60.576577,27.18701,1000.0,HUMAN_OBSERVATION,"Notebook, general observations",df12ca07-f133-4550-ab3b-fde13f0e76ba,http://creativecommons.org/licenses/by/4.0/legalcode,Taskalinmäki,,,tienpiennar
gbif,5867823717,2025-06-26,2025,6,26,60.356655,22.222942,14.0,HUMAN_OBSERVATION,iNaturalist research-grade observations,50c9509d-22c7-4a22-a47d-8c48425ef4a7,http://creativecommons.org/licenses/by-nc/4.0/legalcode,,,,
gbif,5868204529,2025-06-22,2025,6,22,60.24908,24.611507,3.0,HUMAN_OBSERVATION,iNaturalist research-grade observations,50c9509d-22c7-4a22-a47d-8c48425ef4a7,http://creativecommons.org/licenses/by-nc/4.0/legalcode,,,,
gbif,6159393986,2025-06-26,2025,6,26,60.148605,24.634446,7.0,HUMAN_OBSERVATION,iNaturalist research-grade observations,50c9509d-22c7-4a22-a47d-8c48425ef4a7,http://creativecommons.org/licenses/by-nc/4.0/legalcode,,,,
gbif,5215920182,2025-07-01,2025,7,1,61.841937,24.168582,,HUMAN_OBSERVATION,iNaturalist research-grade observations,50c9509d-22c7-4a22-a47d-8c48425ef4a7,http://creativecommons.org/licenses/by-nc/4.0/legalcode,,,,
gbif,5216133818,2025-07-05,2025,7,5,60.296656,25.054998,10.0,HUMAN_OBSERVATION,iNaturalist research-grade observations,50c9509d-22c7-4a22-a47d-8c48425ef4a7,http://creativecommons.org/licenses/by-nc/4.0/legalcode,,,,
gbif,5216381197,2025-07-01,2025,7,1,60.969233,25.933292,,HUMAN_OBSERVATION,iNaturalist research-grade observations,50c9509d-22c7-4a22-a47d-8c48425ef4a7,http://creativecommons.org/licenses/by-nc/4.0/legalcode,,,,
gbif,5216527372,2025-07-08,2025,7,8,60.370636,24.269348,,HUMAN_OBSERVATION,iNaturalist research-grade observations,50c9509d-22c7-4a22-a47d-8c48425ef4a7,http://creativecommons.org/licenses/by-nc/4.0/legalcode,,,,
gbif,5216823649,2025-07-04,2025,7,4,60.561087,22.460456,4.0,HUMAN_OBSERVATION,iNaturalist research-grade observations,50c9509d-22c7-4a22-a47d-8c48425ef4a7,http://creativecommons.org/licenses/by-nc/4.0/legalcode,,,,
gbif,5216916923,2025-07-06,2025,7,6,60.390719,25.639757,,HUMAN_OBSERVATION,iNaturalist research-grade observations,50c9509d-22c7-4a22-a47d-8c48425ef4a7,http://creativecommons.org/licenses/by-nc/4.0/legalcode,,,,
gbif,5217087306,2025-07-02,2025,7,2,60.22818,24.985767,37.0,HUMAN_OBSERVATION,iNaturalist research-grade observations,50c9509d-22c7-4a22-a47d-8c48425ef4a7,http://creativecommons.org/publicdomain/zero/1.0/legalcode,,,,
gbif,5217164310,2025-07-02,2025,7,2,60.228283,24.985739,12.0,HUMAN_OBSERVATION,iNaturalist research-grade observations,50c9509d-22c7-4a22-a47d-8c48425ef4a7,http://creativecommons.org/licenses/by-nc/4.0/legalcode,,,,
gbif,5217169613,2025-07-04,2025,7,4,61.05147,25.440884,1725.0,HUMAN_OBSERVATION,iNaturalist research-grade observations,50c9509d-22c7-4a22-a47d-8c48425ef4a7,http://creativecommons.org/licenses/by-nc/4.0/legalcode,,,,
gbif,5217219657,2025-07-04,2025,7,4,60.561077,22.460475,4.0,HUMAN_OBSERVATION,iNaturalist research-grade observations,50c9509d-22c7-4a22-a47d-8c48425ef4a7,http://creativecommons.org/licenses/by-nc/4.0/legalcode,,,,
gbif,5217298967,2025-07-06,2025,7,6,60.978733,25.584272,3.0,HUMAN_OBSERVATION,iNaturalist research-grade observations,50c9509d-22c7-4a22-a47d-8c48425ef4a7,http://creativecommons.org/licenses/by-nc/4.0/legalcode,,,,
gbif,5217378350,2025-07-02,2025,7,2,60.225578,25.142139,13.0,HUMAN_OBSERVATION,iNaturalist research-grade observations,50c9509d-22c7-4a22-a47d-8c48425ef4a7,http://creativecommons.org/licenses/by-nc/4.0/legalcode,,,,
gbif,5217647657,2025-07-05,2025,7,5,61.458718,24.131077,,HUMAN_OBSERVATION,iNaturalist research-grade observations,50c9509d-22c7-4a22-a47d-8c48425ef4a7,http://creativecommons.org/licenses/by-nc/4.0/legalcode,,,,
gbif,5222774307,2025-07-05,2025,7,5,62.036434,23.948384,100.0,MACHINE_OBSERVATION,The Atlas of Finnish Fungi,2bc4c2db-1dfa-419c-93ce-6602c5ae8c99,http://creativecommons.org/licenses/by/4.0/legalcode,Rönninlahti,,,
gbif,5222775336,2025-07-03,2025,7,3,60.256676,24.604309,1000.0,MACHINE_OBSERVATION,The Atlas of Finnish Fungi,2bc4c2db-1dfa-419c-93ce-6602c5ae8c99,http://creativecommons.org/licenses/by/4.0/legalcode,Hästhagabacken - Laihalammen pohjoispääty,"Paljon pieniä alkuja poluilla ja polkujen reunoilla, jopa puronpohjalla ja vesirajassa töyräällä","Havaintoalueen pohjoispäädyssä lehtomainen kuusimetsä; sitten puronvarsialue, jossa pähkinäpensasta, lisäksi kuusi, mänty, koivu, haapa, siellä täällä pihlajaa",
gbif,5222776334,2025-07-10,2025,7,,60.273665,25.777926,100.0,MACHINE_OBSERVATION,The Atlas of Finnish Fungi,2bc4c2db-1dfa-419c-93ce-6602c5ae8c99,http://creativecommons.org/licenses/by/4.0/legalcode,Sondby Vinterkärretin peltojen polku,"Nuorempia ja vanhempia, polulla, polun reunassa ja heinikossa","Kuusisekametsä pellon laidassa. N.puolet kuusta, lisäksi mänty, koivu, muutama haapa ja pihlaja",
gbif,5222780310,2025-07-04,2025,7,4,60.295462,24.751898,1.0,MACHINE_OBSERVATION,The Atlas of Finnish Fungi,2bc4c2db-1dfa-419c-93ce-6602c5ae8c99,http://creativecommons.org/licenses/by/4.0/legalcode,Örkkiniitty,,Myllypuron luonnonsuojelualueen pohjoisosassa,
gbif,5222781306,2025-07-02,2025,7,2,62.039372,24.034069,10000.0,MACHINE_OBSERVATION,The Atlas of Finnish Fungi,2bc4c2db-1dfa-419c-93ce-6602c5ae8c99,http://creativecommons.org/licenses/by/4.0/legalcode,,,,
gbif,5222783334,2025-07-20,2025,7,20,60.212966,24.682636,1000.0,MACHINE_OBSERVATION,The Atlas of Finnish Fungi,2bc4c2db-1dfa-419c-93ce-6602c5ae8c99,http://creativecommons.org/licenses/by/4.0/legalcode,Kasavuori,"Siellä täällä havaintoalueella, melko suurikokoisia itiöemiä, eli ovat varmaankin ehtineet kasvaa viikon verran.","Pähkinälehto, jossa muitakin lehtipuita (haapa, koivut, tuomi, pajut) sekä jnkv kuusta ja mäntyä.",
gbif,5222786312,2025-07-05,2025,7,5,60.461806,22.391264,1.0,HUMAN_OBSERVATION,The Atlas of Finnish Fungi,2bc4c2db-1dfa-419c-93ce-6602c5ae8c99,http://creativecommons.org/licenses/by/4.0/legalcode,,,,
gbif,5222787308,2025-07-04,2025,7,,60.258417,24.785036,1.0,MACHINE_OBSERVATION,The Atlas of Finnish Fungi,2bc4c2db-1dfa-419c-93ce-6602c5ae8c99,http://creativecommons.org/licenses/by/4.0/legalcode,Hämevaara - Linnainen,Pienten alkujen suuria esiintymiä koko havaintoreitillä.,,
gbif,5222792335,2025-07-05,2025,7,5,60.212966,24.682636,1000.0,MACHINE_OBSERVATION,The Atlas of Finnish Fungi,2bc4c2db-1dfa-419c-93ce-6602c5ae8c99,http://creativecommons.org/licenses/by/4.0/legalcode,Kasavuori,Siellä täällä havaintoalueella,"Pähkinälehto, jossa muitakin lehtipuita (haapa, koivut, tuomi, pajut) sekä jnkv kuusta ja mäntyä. Lehdon vieressä raitaryteikkö: siellä myös jonkin verran koivua, kuusta, pari mäntyä.",
gbif,5222795316,2025-07-15,2025,7,15,62.277996,29.011363,1.0,MACHINE_OBSERVATION,The Atlas of Finnish Fungi,2bc4c2db-1dfa-419c-93ce-6602c5ae8c99,http://creativecommons.org/licenses/by/4.0/legalcode,Muhamäki,,,
gbif,5222795318,2025-07-13,2025,7,13,60.393085,25.646909,1000.0,MACHINE_OBSERVATION,The Atlas of Finnish Fungi,2bc4c2db-1dfa-419c-93ce-6602c5ae8c99,http://creativecommons.org/licenses/by/4.0/legalcode,Porvoon hautausmaa,TT2025-221 Kanttarellejakin oli kohtalaisen paljon 13.7.2025. Kukaan ei näyttänyt keräävän niitä. Minkähän vuoksi...,,
gbif,5229992133,2025-07-08,2025,7,8,62.529253,21.113687,137.0,HUMAN_OBSERVATION,iNaturalist research-grade observations,50c9509d-22c7-4a22-a47d-8c48425ef4a7,http://creativecommons.org/licenses/by-nc/4.0/legalcode,,,,
gbif,5230016212,2025-07-10,2025,7,10,60.908791,26.235352,45.0,HUMAN_OBSERVATION,iNaturalist research-grade observations,50c9509d-22c7-4a22-a47d-8c48425ef4a7,http://creativecommons.org/licenses/by-nc/4.0/legalcode,,,,
gbif,5230342434,2025-07-22,2025,7,22,60.243665,21.336915,48.0,HUMAN_OBSERVATION,iNaturalist research-grade observations,50c9509d-22c7-4a22-a47d-8c48425ef4a7,http://creativecommons.org/licenses/by-nc/4.0/legalcode,,,,
gbif,5230411809,2025-07-13,2025,7,13,60.217936,25.039222,,HUMAN_OBSERVATION,iNaturalist research-grade observations,50c9509d-22c7-4a22-a47d-8c48425ef4a7,http://creativecommons.org/licenses/by-nc/4.0/legalcode,,,,
gbif,5230512343,2025-07-10,2025,7,10,61.448967,24.123617,,HUMAN_OBSERVATION,iNaturalist research-grade observations,50c9509d-22c7-4a22-a47d-8c48425ef4a7,http://creativecommons.org/licenses/by-nc/4.0/legalcode,,,,
gbif,5230513485,2025-07-11,2025,7,11,60.39069,24.585445,24819.0,HUMAN_OBSERVATION,iNaturalist research-grade observations,50c9509d-22c7-4a22-a47d-8c48425ef4a7,http://creativecommons.org/licenses/by-nc/4.0/legalcode,,,,
gbif,5230675356,2025-07-22,2025,7,22,60.32894,24.455614,3.0,HUMAN_OBSERVATION,iNaturalist research-grade observations,50c9509d-22c7-4a22-a47d-8c48425ef4a7,http://creativecommons.org/licenses/by-nc/4.0/legalcode,,,,
gbif,5230702252,2025-07-10,2025,7,10,60.362058,25.154752,64.0,HUMAN_OBSERVATION,iNaturalist research-grade observations,50c9509d-22c7-4a22-a47d-8c48425ef4a7,http://creativecommons.org/licenses/by-nc/4.0/legalcode,,,,
gbif,5231027316,2025-07-10,2025,7,10,60.356961,22.156111,,HUMAN_OBSERVATION,iNaturalist research-grade observations,50c9509d-22c7-4a22-a47d-8c48425ef4a7,http://creativecommons.org/licenses/by-nc/4.0/legalcode,,,,
gbif,5231083156,2025-07-09,2025,7,9,60.43235,21.985887,,HUMAN_OBSERVATION,iNaturalist research-grade observations,50c9509d-22c7-4a22-a47d-8c48425ef4a7,http://creativecommons.org/licenses/by-nc/4.0/legalcode,,,,
gbif,5231117148,2025-07-09,2025,7,9,61.150764,25.688955,4.0,HUMAN_OBSERVATION,iNaturalist research-grade observations,50c9509d-22c7-4a22-a47d-8c48425ef4a7,http://creativecommons.org/licenses/by-nc/4.0/legalcode,,,,
gbif,5231166114,2025-07-09,2025,7,9,61.506216,22.234577,8.0,HUMAN_OBSERVATION,iNaturalist research-grade observations,50c9509d-22c7-4a22-a47d-8c48425ef4a7,http://creativecommons.org/licenses/by-nc/4.0/legalcode,,,,
gbif,5231195491,2025-07-11,2025,7,11,60.211486,24.953093,,HUMAN_OBSERVATION,iNaturalist research-grade observations,50c9509d-22c7-4a22-a47d-8c48425ef4a7,http://creativecommons.org/licenses/by-nc/4.0/legalcode,,,,
gbif,5231257536,2025-07-12,2025,7,12,60.24761,24.894007,306.0,HUMAN_OBSERVATION,iNaturalist research-grade observations,50c9509d-22c7-4a22-a47d-8c48425ef4a7,http://creativecommons.org/licenses/by-nc/4.0/legalcode,,,,
gbif,5231712654,2025-07-12,2025,7,12,60.197353,22.259082,,HUMAN_OBSERVATION,iNaturalist research-grade observations,50c9509d-22c7-4a22-a47d-8c48425ef4a7,http://creativecommons.org/licenses/by-nc/4.0/legalcode,,,,
gbif,5231736846,2025-07-19,2025,7,19,61.159718,21.441162,81.0,HUMAN_OBSERVATION,iNaturalist research-grade observations,50c9509d-22c7-4a22-a47d-8c48425ef4a7,http://creativecommons.org/licenses/by-nc/4.0/legalcode,,,,
gbif,5231807506,2025-07-17,2025,7,17,60.94534,24.932949,3.0,HUMAN_OBSERVATION,iNaturalist research-grade observations,50c9509d-22c7-4a22-a47d-8c48425ef4a7,http://creativecommons.org/licenses/by-nc/4.0/legalcode,,,,
gbif,5231822363,2025-07-10,2025,7,10,60.407579,23.361739,,HUMAN_OBSERVATION,iNaturalist research-grade observations,50c9509d-22c7-4a22-a47d-8c48425ef4a7,http://creativecommons.org/licenses/by-nc/4.0/legalcode,,,,
gbif,5235581301,2025-07-14,2025,7,14,60.04087,23.709612,1000.0,HUMAN_OBSERVATION,Noteworthy macrofungi - complete lists,86ef47b9-9300-4ead-b9c4-8df96d67d1f4,http://creativecommons.org/licenses/by/4.0/legalcode,,,,
gbif,5239404999,2025-07-03,2025,7,3,60.24605,23.026592,25000.0,MACHINE_OBSERVATION,"Notebook, general observations",df12ca07-f133-4550-ab3b-fde13f0e76ba,http://creativecommons.org/licenses/by/4.0/legalcode,Perniö,,,
gbif,5239411685,2025-07-18,2025,7,18,60.072095,23.663041,1.0,MACHINE_OBSERVATION,"Notebook, general observations",df12ca07-f133-4550-ab3b-fde13f0e76ba,http://creativecommons.org/licenses/by/4.0/legalcode,"Centralgatan 63, Karis Brankis",,"nurmikolla, Tilia sp.:n juurella",
gbif,5239415879,2025-07-06,2025,7,6,62.315946,29.502276,1.0,HUMAN_OBSERVATION,"Notebook, general observations",df12ca07-f133-4550-ab3b-fde13f0e76ba,http://creativecommons.org/licenses/by/4.0/legalcode,"Oravisalo, Oriniemi",,,
gbif,5239423289,2025-07-12,2025,7,12,61.068626,21.61821,1.0,MACHINE_OBSERVATION,"Notebook, general observations",df12ca07-f133-4550-ab3b-fde13f0e76ba,http://creativecommons.org/licenses/by/4.0/legalcode,Kortela-Unaja-Vasarainen-keskusta-Kylmäpihlaja,,"Kisa +14...+25, NE4-5, 6/8...1/8",
gbif,5239427624,2025-07-19,2025,7,19,60.878063,23.99336,1.0,HUMAN_OBSERVATION,"Notebook, general observations",df12ca07-f133-4550-ab3b-fde13f0e76ba,http://creativecommons.org/licenses/by/4.0/legalcode,,,,
gbif,5239433974,2025-07-10,2025,7,10,61.16855,24.046645,1.0,HUMAN_OBSERVATION,"Notebook, general observations",df12ca07-f133-4550-ab3b-fde13f0e76ba,http://creativecommons.org/licenses/by/4.0/legalcode,"Jutikkala, Suutarinlahti",tien reunassa,Mökkitien varret,
gbif,5239434507,2025-07-06,2025,7,6,61.098069,21.556639,1.0,MACHINE_OBSERVATION,"Notebook, general observations",df12ca07-f133-4550-ab3b-fde13f0e76ba,http://creativecommons.org/licenses/by/4.0/legalcode,Rauma. Monnan hautausmaa.,Satoja alkuja. Kuvissa vain murto-osa,Pois viedyn katekuorikasan pohja.,
gbif,5239434584,2025-07-19,2025,7,19,61.171899,23.834168,10.0,HUMAN_OBSERVATION,"Notebook, general observations",df12ca07-f133-4550-ab3b-fde13f0e76ba,http://creativecommons.org/licenses/by/4.0/legalcode,"Toijala, Murto, Kässäntie",,Kässäntien varsi,
gbif,5239438185,2025-07-26,2025,7,26,60.384862,25.084102,1.0,HUMAN_OBSERVATION,"Notebook, general observations",df12ca07-f133-4550-ab3b-fde13f0e76ba,http://creativecommons.org/licenses/by/4.0/legalcode,"Savio, Hukkamutka",,,
gbif,5239485952,2025-07-13,2025,7,13,61.192959,23.896206,1.0,MACHINE_OBSERVATION,"Notebook, general observations",df12ca07-f133-4550-ab3b-fde13f0e76ba,http://creativecommons.org/licenses/by/4.0/legalcode,"Toijala, Satama, Kangassaari",,Kagassaaren luontopolku,
gbif,5239515460,2025-07-09,2025,7,9,60.807529,27.650742,100.0,HUMAN_OBSERVATION,"Notebook, general observations",df12ca07-f133-4550-ab3b-fde13f0e76ba,http://creativecommons.org/licenses/by/4.0/legalcode,Kivelänmäki,,KASELY kartoitus,"tuore kangas (MT), kuusikko"
gbif,5281800361,2025-07-30,2025,7,30,60.199771,21.735855,10.0,HUMAN_OBSERVATION,iNaturalist research-grade observations,50c9509d-22c7-4a22-a47d-8c48425ef4a7,http://creativecommons.org/licenses/by-nc/4.0/legalcode,,,,
gbif,5281866848,2025-07-29,2025,7,29,60.243637,25.21675,13.0,HUMAN_OBSERVATION,iNaturalist research-grade observations,50c9509d-22c7-4a22-a47d-8c48425ef4a7,http://creativecommons.org/publicdomain/zero/1.0/legalcode,,,,
gbif,5282402693,2025-07-16,2025,7,16,60.398975,24.951048,15.0,HUMAN_OBSERVATION,iNaturalist research-grade observations,50c9509d-22c7-4a22-a47d-8c48425ef4a7,http://creativecommons.org/licenses/by-nc/4.0/legalcode,,,,
gbif,5282498788,2025-07-30,2025,7,30,60.286935,22.406355,,HUMAN_OBSERVATION,iNaturalist research-grade observations,50c9509d-22c7-4a22-a47d-8c48425ef4a7,http://creativecommons.org/licenses/by-nc/4.0/legalcode,,"Qvidja Gård Bioblitz kera Marika Viljanen, Sirkku Häkkilä ja Pia Rozman.",,
gbif,5282537665,2025-07-16,2025,7,16,60.399055,24.950999,61.0,HUMAN_OBSERVATION,iNaturalist research-grade observations,50c9509d-22c7-4a22-a47d-8c48425ef4a7,http://creativecommons.org/licenses/by-nc/4.0/legalcode,,,,
gbif,5284218568,2025-07-21,2025,7,21,60.187544,24.712212,1.0,HUMAN_OBSERVATION,Kastikka Floristic Archives (H),f2e389da-39c3-4f21-8d72-b7d574d924a9,http://creativecommons.org/licenses/by/4.0/legalcode,YKJ square 6677:373,Keywords: { 189475 | KASVIATLAS },,
gbif,5716842429,2025-07-24,2025,7,24,60.427924,23.061906,1.0,MACHINE_OBSERVATION,The Atlas of Finnish Fungi,2bc4c2db-1dfa-419c-93ce-6602c5ae8c99,http://creativecommons.org/licenses/by/4.0/legalcode,"Halikko, Tavola, Vuorelanmäki",,Luonnonsuojelualue,
gbif,5716842467,2025-07-24,2025,7,24,60.46926,22.331347,1.0,MACHINE_OBSERVATION,The Atlas of Finnish Fungi,2bc4c2db-1dfa-419c-93ce-6602c5ae8c99,http://creativecommons.org/licenses/by/4.0/legalcode,"Kurala, Turku",,"Pääasiassa kuivaa ja tuoretta kuusi- ja mäntyvaltaista kangasta, paikoittain lehtoa ja lehtomaista maastoa",
gbif,5716842468,2025-07-26,2025,7,26,60.279803,24.621072,1.0,PRESERVED_SPECIMEN,The Atlas of Finnish Fungi,2bc4c2db-1dfa-419c-93ce-6602c5ae8c99,http://creativecommons.org/licenses/by/4.0/legalcode,Pääskyslahti,Keywords: { FIAT2025 },Pääskyslahden eteläkärjestä 150 m itäkaakkoon,
gbif,5716842469,2025-07-31,2025,7,31,60.368177,25.754798,1000.0,MACHINE_OBSERVATION,The Atlas of Finnish Fungi,2bc4c2db-1dfa-419c-93ce-6602c5ae8c99,http://creativecommons.org/licenses/by/4.0/legalcode,Stormossen,"TT2025-287ab Koska 31.7.2025 oli vielä vähän haperoita, meni retki kanttarellien keruuseen. Ja niitä piisasi, yksi valkeakin löytyi.","Vanhaa kuusimetsää, korpea, rämettä.",
gbif,5716843110,2025-07-24,2025,7,24,60.318491,24.520287,1.0,MACHINE_OBSERVATION,The Atlas of Finnish Fungi,2bc4c2db-1dfa-419c-93ce-6602c5ae8c99,http://creativecommons.org/licenses/by/4.0/legalcode,Högbacka,"Melko yleinen muutoin vähälajisessa, kuivassa maastossa",,
gbif,5716843229,2025-07-29,2025,7,29,62.016722,23.923825,1000.0,MACHINE_OBSERVATION,The Atlas of Finnish Fungi,2bc4c2db-1dfa-419c-93ce-6602c5ae8c99,http://creativecommons.org/licenses/by/4.0/legalcode,"Vierumäki, Kovero",,,
gbif,5716843306,2025-07-30,2025,7,30,60.276103,25.787989,1000.0,MACHINE_OBSERVATION,The Atlas of Finnish Fungi,2bc4c2db-1dfa-419c-93ce-6602c5ae8c99,http://creativecommons.org/licenses/by/4.0/legalcode,Sandmalmen,Joitakin itiöemiä parissa kohta havaintoaluetta,Harvennushakattu mäntykangas sekä vieressä kuusimetsä,
gbif,5716844247,2025-07-29,2025,7,29,60.401911,25.744781,100.0,MACHINE_OBSERVATION,The Atlas of Finnish Fungi,2bc4c2db-1dfa-419c-93ce-6602c5ae8c99,http://creativecommons.org/licenses/by/4.0/legalcode,Hasselholmen,Muutamia havaintoalueella,"Pääosin pähkinälehtoa, osa havaintoalueesta vanhaa lehtomaista kuusikkoa",
gbif,5716844420,2025-07-30,2025,7,30,60.275861,25.787946,1000.0,MACHINE_OBSERVATION,The Atlas of Finnish Fungi,2bc4c2db-1dfa-419c-93ce-6602c5ae8c99,http://creativecommons.org/licenses/by/4.0/legalcode,Sondby,Muutamia itiöemiä parissa paikassa havaintoalueella.,Harvennettu mäntymetsä sekä vieressä kuusimetsä,
gbif,5716844604,2025-07-18,2025,7,18,63.031083,21.576572,1.0,HUMAN_OBSERVATION,The Atlas of Finnish Fungi,2bc4c2db-1dfa-419c-93ce-6602c5ae8c99,http://creativecommons.org/licenses/by/4.0/legalcode,,,Pieni kausikostea painanne.,
gbif,5762417186,2025-07-05,2025,7,5,62.036337,23.948605,100.0,MACHINE_OBSERVATION,The Atlas of Finnish Fungi,2bc4c2db-1dfa-419c-93ce-6602c5ae8c99,http://creativecommons.org/licenses/by/4.0/legalcode,Rönninlahti,,,
gbif,5830375014,2025-07-02,2025,7,2,60.496782,22.535294,,HUMAN_OBSERVATION,iNaturalist research-grade observations,50c9509d-22c7-4a22-a47d-8c48425ef4a7,http://creativecommons.org/licenses/by-nc/4.0/legalcode,,,,
gbif,5867920498,2025-07-13,2025,7,13,59.89582,23.415875,66.0,HUMAN_OBSERVATION,iNaturalist research-grade observations,50c9509d-22c7-4a22-a47d-8c48425ef4a7,http://creativecommons.org/licenses/by-nc/4.0/legalcode,,,,
gbif,5868047823,2025-07-06,2025,7,6,61.495641,21.724112,10.0,HUMAN_OBSERVATION,iNaturalist research-grade observations,50c9509d-22c7-4a22-a47d-8c48425ef4a7,http://creativecommons.org/licenses/by-nc/4.0/legalcode,,,,
gbif,5900914427,2025-07-11,2025,7,11,60.959448,24.624905,1.0,HUMAN_OBSERVATION,"Notebook, general observations",df12ca07-f133-4550-ab3b-fde13f0e76ba,http://creativecommons.org/licenses/by/4.0/legalcode,,Keywords: { digitalis.fi },,
gbif,5906872531,2025-07-11,2025,7,11,61.104529,24.805431,1.0,HUMAN_OBSERVATION,"Notebook, general observations",df12ca07-f133-4550-ab3b-fde13f0e76ba,http://creativecommons.org/licenses/by/4.0/legalcode,,Keywords: { digitalis.fi },,
gbif,5932030322,2025-07-26,2025,7,26,60.2798,24.621074,,PRESERVED_SPECIMEN,"Fungal collection of the Botanical Museum, University of Oulu (OULU)",23acc755-a8a6-4cf8-bed0-83d30863acea,http://creativecommons.org/licenses/by/4.0/legalcode,Pääskyslahti | lahden eteläkärjestä 150 m itäkaakkoon,Keywords: { http://tun.fi/GX.19193 | http://tun.fi/JX.2318857#3 },,"Tuore kangasmetsä, sekä havu- että lehtipuita | Sammalikko"
gbif,6165176408,2025-07-03,2025,7,3,61.897,29.672,1.0,MACHINE_OBSERVATION,The Atlas of Finnish Fungi,2bc4c2db-1dfa-419c-93ce-6602c5ae8c99,http://creativecommons.org/licenses/by/4.0/legalcode,Ruokkeen lomakylä,,,
gbif,6231947399,2025-07-02,2025,7,2,62.304715,25.695915,1.0,MACHINE_OBSERVATION,The Atlas of Finnish Fungi,2bc4c2db-1dfa-419c-93ce-6602c5ae8c99,http://creativecommons.org/licenses/by/4.0/legalcode,Terttumäki,,,
gbif,5239413853,2025-08-01,2025,8,1,60.196394,24.681561,1.0,HUMAN_OBSERVATION,"Notebook, general observations",df12ca07-f133-4550-ab3b-fde13f0e76ba,http://creativecommons.org/licenses/by/4.0/legalcode,,,,
gbif,5239493547,2025-08-02,2025,8,2,60.313909,24.037588,1.0,HUMAN_OBSERVATION,"Notebook, general observations",df12ca07-f133-4550-ab3b-fde13f0e76ba,http://creativecommons.org/licenses/by/4.0/legalcode,Karnaistenkorpi,Keywords: { siira },,
gbif,5282063580,2025-08-02,2025,8,2,60.415156,25.666997,,HUMAN_OBSERVATION,iNaturalist research-grade observations,50c9509d-22c7-4a22-a47d-8c48425ef4a7,http://creativecommons.org/licenses/by-nc/4.0/legalcode,,,,
gbif,5282144031,2025-08-02,2025,8,2,60.305739,25.139933,,HUMAN_OBSERVATION,iNaturalist research-grade observations,50c9509d-22c7-4a22-a47d-8c48425ef4a7,http://creativecommons.org/licenses/by-nc/4.0/legalcode,,,,
gbif,5282208260,2025-08-02,2025,8,2,61.840842,25.395981,,HUMAN_OBSERVATION,iNaturalist research-grade observations,50c9509d-22c7-4a22-a47d-8c48425ef4a7,http://creativecommons.org/licenses/by-nc/4.0/legalcode,,,,
gbif,5282868463,2025-08-06,2025,8,6,61.642739,28.698854,4.0,HUMAN_OBSERVATION,,8a863029-f435-446a-821e-275f4f641165,http://creativecommons.org/licenses/by-nc/4.0/legalcode,Savonlinna,,,unknown
gbif,5283361466,2025-08-09,2025,8,9,60.673938,23.587947,5.0,HUMAN_OBSERVATION,,8a863029-f435-446a-821e-275f4f641165,http://creativecommons.org/licenses/by-nc/4.0/legalcode,Somero,,,unknown
gbif,5283458010,2025-08-03,2025,8,3,61.841444,24.158345,5.0,HUMAN_OBSERVATION,,8a863029-f435-446a-821e-275f4f641165,http://creativecommons.org/licenses/by-nc/4.0/legalcode,Siikaneva - N2000,,,unknown
gbif,5288049275,2025-08-13,2025,8,13,60.49181,21.432786,6.0,HUMAN_OBSERVATION,,8a863029-f435-446a-821e-275f4f641165,http://creativecommons.org/licenses/by-nc/4.0/legalcode,Varsinais-Suomi,,,unknown
gbif,5288056606,2025-08-14,2025,8,14,61.206162,25.16768,5.0,HUMAN_OBSERVATION,,8a863029-f435-446a-821e-275f4f641165,http://creativecommons.org/licenses/by-nc/4.0/legalcode,Evon alue - N2000,,,unknown
gbif,5288241348,2025-08-14,2025,8,14,61.206168,25.167715,5.0,HUMAN_OBSERVATION,,8a863029-f435-446a-821e-275f4f641165,http://creativecommons.org/licenses/by-nc/4.0/legalcode,Evon alue - N2000,,,unknown
gbif,5288468376,2025-08-16,2025,8,16,61.632224,23.969226,,HUMAN_OBSERVATION,,8a863029-f435-446a-821e-275f4f641165,http://creativecommons.org/licenses/by-nc/4.0/legalcode,Tampere,,,unknown
gbif,5288551988,2025-08-16,2025,8,16,61.694063,27.257922,6.0,HUMAN_OBSERVATION,,8a863029-f435-446a-821e-275f4f641165,http://creativecommons.org/licenses/by-nc/4.0/legalcode,Mikkeli,,,unknown
gbif,5288700634,2025-08-16,2025,8,16,61.468227,23.815968,1.0,HUMAN_OBSERVATION,"Notebook, general observations",df12ca07-f133-4550-ab3b-fde13f0e76ba,http://creativecommons.org/licenses/by/4.0/legalcode,,,,
gbif,5288703849,2025-08-23,2025,8,23,63.056787,21.703817,1000.0,HUMAN_OBSERVATION,"Notebook, general observations",df12ca07-f133-4550-ab3b-fde13f0e76ba,http://creativecommons.org/licenses/by/4.0/legalcode,Risö,,,
gbif,5288719845,2025-08-23,2025,8,23,61.46855,23.814469,1.0,HUMAN_OBSERVATION,"Notebook, general observations",df12ca07-f133-4550-ab3b-fde13f0e76ba,http://creativecommons.org/licenses/by/4.0/legalcode,,,,
gbif,5291743626,2025-08-04,2025,8,4,61.440474,23.840144,58.0,HUMAN_OBSERVATION,iNaturalist research-grade observations,50c9509d-22c7-4a22-a47d-8c48425ef4a7,http://creativecommons.org/licenses/by-nc/4.0/legalcode,,,,
gbif,5291753220,2025-08-06,2025,8,6,62.321602,25.698597,24525.0,HUMAN_OBSERVATION,iNaturalist research-grade observations,50c9509d-22c7-4a22-a47d-8c48425ef4a7,http://creativecommons.org/licenses/by-nc/4.0/legalcode,,,,
gbif,5292238427,2025-08-18,2025,8,18,62.538153,21.122467,966.0,HUMAN_OBSERVATION,iNaturalist research-grade observations,50c9509d-22c7-4a22-a47d-8c48425ef4a7,http://creativecommons.org/licenses/by-nc/4.0/legalcode,,,,
gbif,5292263830,2025-08-09,2025,8,9,60.580003,23.040827,,HUMAN_OBSERVATION,iNaturalist research-grade observations,50c9509d-22c7-4a22-a47d-8c48425ef4a7,http://creativecommons.org/publicdomain/zero/1.0/legalcode,,,,
gbif,5292370015,2025-08-17,2025,8,17,60.384442,24.752172,800.0,HUMAN_OBSERVATION,iNaturalist research-grade observations,50c9509d-22c7-4a22-a47d-8c48425ef4a7,http://creativecommons.org/licenses/by-nc/4.0/legalcode,,,,
gbif,5292433322,2025-08-10,2025,8,10,60.241787,23.956699,9092.0,HUMAN_OBSERVATION,iNaturalist research-grade observations,50c9509d-22c7-4a22-a47d-8c48425ef4a7,http://creativecommons.org/licenses/by-nc/4.0/legalcode,,,,
gbif,5292445258,2025-08-16,2025,8,16,60.135783,24.679055,5.0,HUMAN_OBSERVATION,iNaturalist research-grade observations,50c9509d-22c7-4a22-a47d-8c48425ef4a7,http://creativecommons.org/licenses/by-nc/4.0/legalcode,,,,
gbif,5292457786,2025-08-16,2025,8,16,60.744979,21.757428,5.0,HUMAN_OBSERVATION,iNaturalist research-grade observations,50c9509d-22c7-4a22-a47d-8c48425ef4a7,http://creativecommons.org/publicdomain/zero/1.0/legalcode,,,,
gbif,5292768434,2025-08-19,2025,8,19,61.51239,23.788058,7.0,HUMAN_OBSERVATION,iNaturalist research-grade observations,50c9509d-22c7-4a22-a47d-8c48425ef4a7,http://creativecommons.org/licenses/by-nc/4.0/legalcode,,,,
gbif,5293011648,2025-08-17,2025,8,17,60.262405,24.925842,,HUMAN_OBSERVATION,iNaturalist research-grade observations,50c9509d-22c7-4a22-a47d-8c48425ef4a7,http://creativecommons.org/licenses/by-nc/4.0/legalcode,,,,
gbif,5294178322,2025-08-26,2025,8,26,60.102784,24.670313,1000.0,HUMAN_OBSERVATION,Noteworthy macrofungi - complete lists,86ef47b9-9300-4ead-b9c4-8df96d67d1f4,http://creativecommons.org/licenses/by/4.0/legalcode,,,,
gbif,5295468711,2025-08-23,2025,8,23,62.865799,25.427596,500.0,HUMAN_OBSERVATION,"Notebook, general observations",df12ca07-f133-4550-ab3b-fde13f0e76ba,http://creativecommons.org/licenses/by/4.0/legalcode,Ahvenlamminkangas,,,
gbif,5295470446,2025-08-26,2025,8,26,60.11076,23.548934,1.0,HUMAN_OBSERVATION,"Notebook, general observations",df12ca07-f133-4550-ab3b-fde13f0e76ba,http://creativecommons.org/licenses/by/4.0/legalcode,"Skurudalsberget, Raasepori",,,
gbif,5295475143,2025-08-27,2025,8,27,59.943063,22.936356,100.0,MACHINE_OBSERVATION,"Notebook, general observations",df12ca07-f133-4550-ab3b-fde13f0e76ba,http://creativecommons.org/licenses/by/4.0/legalcode,"Vättlaxvägen, Raseborg",,,
gbif,5716766312,2025-08-29,2025,8,29,61.222093,25.017337,4.0,HUMAN_OBSERVATION,,8a863029-f435-446a-821e-275f4f641165,http://creativecommons.org/licenses/by-nc/4.0/legalcode,Evon alue - N2000,,,unknown
gbif,5716842455,2025-08-19,2025,8,,60.476231,23.07653,1.0,MACHINE_OBSERVATION,The Atlas of Finnish Fungi,2bc4c2db-1dfa-419c-93ce-6602c5ae8c99,http://creativecommons.org/licenses/by/4.0/legalcode,Salainen,,,
gbif,5716843079,2025-08-03,2025,8,3,60.288906,24.601578,1.0,PRESERVED_SPECIMEN,The Atlas of Finnish Fungi,2bc4c2db-1dfa-419c-93ce-6602c5ae8c99,http://creativecommons.org/licenses/by/4.0/legalcode,Katajasuo,Keywords: { FIAT2025 },Katajasuon itäreuna,
gbif,5716843099,2025-08-23,2025,8,23,61.999727,23.960812,1000.0,MACHINE_OBSERVATION,The Atlas of Finnish Fungi,2bc4c2db-1dfa-419c-93ce-6602c5ae8c99,http://creativecommons.org/licenses/by/4.0/legalcode,"Pikku-Kovero, Helvetinjärven kansallispuisto",,,
gbif,5716843223,2025-08-06,2025,8,6,60.268342,24.650354,100.0,MACHINE_OBSERVATION,The Atlas of Finnish Fungi,2bc4c2db-1dfa-419c-93ce-6602c5ae8c99,http://creativecommons.org/licenses/by/4.0/legalcode,Pirttimäki,"Joitakin havaintoalueella, ei kovin yleinen",,
gbif,5716843539,2025-08-06,2025,8,6,60.473398,23.089962,1.0,HUMAN_OBSERVATION,The Atlas of Finnish Fungi,2bc4c2db-1dfa-419c-93ce-6602c5ae8c99,http://creativecommons.org/licenses/by/4.0/legalcode,Salainen,,,
gbif,5716843763,2025-08-19,2025,8,19,60.50868,23.541429,1000.0,MACHINE_OBSERVATION,The Atlas of Finnish Fungi,2bc4c2db-1dfa-419c-93ce-6602c5ae8c99,http://creativecommons.org/licenses/by/4.0/legalcode,,,,
gbif,5716843907,2025-08-11,2025,8,11,63.181906,22.156258,1.0,HUMAN_OBSERVATION,The Atlas of Finnish Fungi,2bc4c2db-1dfa-419c-93ce-6602c5ae8c99,http://creativecommons.org/licenses/by/4.0/legalcode,,,,
gbif,5716844115,2025-08-04,2025,8,4,62.972608,21.587406,1.0,HUMAN_OBSERVATION,The Atlas of Finnish Fungi,2bc4c2db-1dfa-419c-93ce-6602c5ae8c99,http://creativecommons.org/licenses/by/4.0/legalcode,,,,
gbif,5716844159,2025-08-27,2025,8,27,61.688112,23.438826,1.0,MACHINE_OBSERVATION,The Atlas of Finnish Fungi,2bc4c2db-1dfa-419c-93ce-6602c5ae8c99,http://creativecommons.org/licenses/by/4.0/legalcode,"Myllykulma, Komi",,"Tuoretta lehtoa, lehtomaista kangasta, tuoretta kangasta, mustikkaturvekangasta",
gbif,5716844222,2025-08-04,2025,8,4,62.971708,21.587422,1.0,HUMAN_OBSERVATION,The Atlas of Finnish Fungi,2bc4c2db-1dfa-419c-93ce-6602c5ae8c99,http://creativecommons.org/licenses/by/4.0/legalcode,,,,
gbif,5716844637,2025-08-03,2025,8,3,60.52521,26.036746,1000.0,MACHINE_OBSERVATION,The Atlas of Finnish Fungi,2bc4c2db-1dfa-419c-93ce-6602c5ae8c99,http://creativecommons.org/licenses/by/4.0/legalcode,Lilljendal,"TT2025-296 Kanttarelleja oli 3.8.2025 kauheasti, muiden sienten kerääminen jäi ihan jalkoihin.",,
gbif,5759669075,2025-08-07,2025,8,7,63.296736,21.741843,4163.0,HUMAN_OBSERVATION,iNaturalist research-grade observations,50c9509d-22c7-4a22-a47d-8c48425ef4a7,http://creativecommons.org/licenses/by-nc/4.0/legalcode,,2 l,,
gbif,5759694604,2025-08-29,2025,8,29,60.15491,21.29874,9.0,HUMAN_OBSERVATION,iNaturalist research-grade observations,50c9509d-22c7-4a22-a47d-8c48425ef4a7,http://creativecommons.org/licenses/by-nc/4.0/legalcode,,,,
gbif,5759782413,2025-08-27,2025,8,27,62.659827,29.793264,24467.0,HUMAN_OBSERVATION,iNaturalist research-grade observations,50c9509d-22c7-4a22-a47d-8c48425ef4a7,http://creativecommons.org/licenses/by-nc/4.0/legalcode,,,,
gbif,5759958948,2025-08-31,2025,8,31,60.16106,21.311273,5.0,HUMAN_OBSERVATION,iNaturalist research-grade observations,50c9509d-22c7-4a22-a47d-8c48425ef4a7,http://creativecommons.org/licenses/by-nc/4.0/legalcode,,,,
gbif,5760010025,2025-08-31,2025,8,31,60.265386,24.837801,9.0,HUMAN_OBSERVATION,iNaturalist research-grade observations,50c9509d-22c7-4a22-a47d-8c48425ef4a7,http://creativecommons.org/licenses/by-nc/4.0/legalcode,,,,
gbif,5760166558,2025-08-06,2025,8,6,60.309922,25.1418,7.0,HUMAN_OBSERVATION,iNaturalist research-grade observations,50c9509d-22c7-4a22-a47d-8c48425ef4a7,http://creativecommons.org/licenses/by-nc/4.0/legalcode,,,,
gbif,5760251392,2025-08-25,2025,8,25,60.981612,25.630453,167.0,HUMAN_OBSERVATION,iNaturalist research-grade observations,50c9509d-22c7-4a22-a47d-8c48425ef4a7,http://creativecommons.org/licenses/by-nc/4.0/legalcode,,,,
gbif,5760916415,2025-08-31,2025,8,31,60.839863,21.252432,16.0,HUMAN_OBSERVATION,iNaturalist research-grade observations,50c9509d-22c7-4a22-a47d-8c48425ef4a7,http://creativecommons.org/licenses/by-nc/4.0/legalcode,,,,
gbif,5761768346,2025-08-26,2025,8,26,60.875155,24.17817,1.0,HUMAN_OBSERVATION,LajiGIS: Miscellaneous occurrences,128e38cb-9d38-4ecf-989a-1d66175c20e6,http://creativecommons.org/licenses/by/4.0/legalcode,Kokemäenjoen vesistöalue,Keywords: { 3669111 | el_50419 },,
gbif,5761768448,2025-08-26,2025,8,26,60.883929,24.186575,1.0,HUMAN_OBSERVATION,LajiGIS: Miscellaneous occurrences,128e38cb-9d38-4ecf-989a-1d66175c20e6,http://creativecommons.org/licenses/by/4.0/legalcode,Kokemäenjoen vesistöalue,Keywords: { 3669114 | el_50419 },,
gbif,5761768507,2025-08-26,2025,8,26,60.884417,24.187546,1.0,HUMAN_OBSERVATION,LajiGIS: Miscellaneous occurrences,128e38cb-9d38-4ecf-989a-1d66175c20e6,http://creativecommons.org/licenses/by/4.0/legalcode,Kokemäenjoen vesistöalue,Keywords: { 3669113 | el_50419 },,
gbif,5762356807,2025-08-10,2025,8,10,60.325386,24.458536,1.0,HUMAN_OBSERVATION,Kastikka Floristic Archives (H),f2e389da-39c3-4f21-8d72-b7d574d924a9,http://creativecommons.org/licenses/by/4.0/legalcode,YKJ square 6693:359,Keywords: { 213162 | KASVIATLAS },,
gbif,5762360013,2025-08-10,2025,8,10,60.323738,24.466305,1.0,HUMAN_OBSERVATION,Kastikka Floristic Archives (H),f2e389da-39c3-4f21-8d72-b7d574d924a9,http://creativecommons.org/licenses/by/4.0/legalcode,YKJ square 6692:360,Keywords: { 212940 | KASVIATLAS },,
gbif,5762369188,2025-08-10,2025,8,10,60.325495,24.457676,1.0,HUMAN_OBSERVATION,Kastikka Floristic Archives (H),f2e389da-39c3-4f21-8d72-b7d574d924a9,http://creativecommons.org/licenses/by/4.0/legalcode,YKJ square 6693:359,Keywords: { 213164 | KASVIATLAS },,
gbif,5762417407,2025-08-23,2025,8,23,63.037219,21.612133,1.0,HUMAN_OBSERVATION,The Atlas of Finnish Fungi,2bc4c2db-1dfa-419c-93ce-6602c5ae8c99,http://creativecommons.org/licenses/by/4.0/legalcode,,,,
gbif,5828167319,2025-08-25,2025,8,25,60.981609,25.630463,,HUMAN_OBSERVATION,iNaturalist research-grade observations,50c9509d-22c7-4a22-a47d-8c48425ef4a7,http://creativecommons.org/licenses/by-nc/4.0/legalcode,,,,
gbif,5830802846,2025-08-01,2025,8,1,62.202472,25.45433,4.0,HUMAN_OBSERVATION,iNaturalist research-grade observations,50c9509d-22c7-4a22-a47d-8c48425ef4a7,http://creativecommons.org/licenses/by-nc/4.0/legalcode,,,,
gbif,5830848696,2025-08-27,2025,8,27,61.352529,24.064753,24671.0,HUMAN_OBSERVATION,iNaturalist research-grade observations,50c9509d-22c7-4a22-a47d-8c48425ef4a7,http://creativecommons.org/licenses/by-nc/4.0/legalcode,,,,
gbif,5839199076,2025-08-27,2025,8,27,63.052619,21.601469,1.0,HUMAN_OBSERVATION,The Atlas of Finnish Fungi,2bc4c2db-1dfa-419c-93ce-6602c5ae8c99,http://creativecommons.org/licenses/by/4.0/legalcode,,,,
gbif,5868043365,2025-08-20,2025,8,20,62.085351,24.161219,77.0,HUMAN_OBSERVATION,iNaturalist research-grade observations,50c9509d-22c7-4a22-a47d-8c48425ef4a7,http://creativecommons.org/licenses/by-nc/4.0/legalcode,,,,
gbif,5892121454,2025-08-15,2025,8,,68.336202,27.58441,5000.0,MACHINE_OBSERVATION,The Atlas of Finnish Fungi,2bc4c2db-1dfa-419c-93ce-6602c5ae8c99,http://creativecommons.org/licenses/by/4.0/legalcode,"UKK-puisto, Rautuvanka",,Jokivarsi ja retkeilyreitti,
gbif,5905089960,2025-08-31,2025,8,31,60.208538,23.703872,1.0,HUMAN_OBSERVATION,LajiGIS: Species mapping and surveys,687c05e9-96d6-40e3-b1c9-2e026d0b3fc0,http://creativecommons.org/licenses/by/4.0/legalcode,"Kalkkimäki, Karjalohja, Karjaanjoen vesistöalue",3729495 | el_50419 },,
gbif,5909031163,2025-08-06,2025,8,6,60.944267,23.717933,4.0,HUMAN_OBSERVATION,iNaturalist research-grade observations,50c9509d-22c7-4a22-a47d-8c48425ef4a7,http://creativecommons.org/licenses/by-nc/4.0/legalcode,,,,
gbif,5920195173,2025-08-02,2025,8,2,61.56432,21.544294,212.0,HUMAN_OBSERVATION,iNaturalist research-grade observations,50c9509d-22c7-4a22-a47d-8c48425ef4a7,http://creativecommons.org/licenses/by-nc/4.0/legalcode,,,,
gbif,5920568141,2025-08-08,2025,8,8,61.552847,21.646399,1000.0,HUMAN_OBSERVATION,"Notebook, general observations",df12ca07-f133-4550-ab3b-fde13f0e76ba,http://creativecommons.org/licenses/by/4.0/legalcode,Metsämaa,,,
gbif,6165176467,2025-08-17,2025,8,17,61.70007,23.251145,1000.0,MACHINE_OBSERVATION,The Atlas of Finnish Fungi,2bc4c2db-1dfa-419c-93ce-6602c5ae8c99,http://creativecommons.org/licenses/by/4.0/legalcode,Ansomäki,,,
gbif,6235978977,2025-08-02,2025,8,2,60.384902,25.677495,8.0,HUMAN_OBSERVATION,iNaturalist research-grade observations,50c9509d-22c7-4a22-a47d-8c48425ef4a7,http://creativecommons.org/licenses/by-nc/4.0/legalcode,,,,
gbif,6441801606,2025-08-31,2025,8,31,60.367272,24.462805,4.0,HUMAN_OBSERVATION,iNaturalist research-grade observations,50c9509d-22c7-4a22-a47d-8c48425ef4a7,http://creativecommons.org/licenses/by-nc/4.0/legalcode,,,,
gbif,5760400865,2025-09-02,2025,9,2,60.141414,24.202558,8.0,HUMAN_OBSERVATION,iNaturalist research-grade observations,50c9509d-22c7-4a22-a47d-8c48425ef4a7,http://creativecommons.org/licenses/by-nc/4.0/legalcode,,Koivun juurella heinikossa.,,
gbif,5760665911,2025-09-01,2025,9,1,59.955569,21.777496,4.0,HUMAN_OBSERVATION,iNaturalist research-grade observations,50c9509d-22c7-4a22-a47d-8c48425ef4a7,http://creativecommons.org/licenses/by-nc/4.0/legalcode,,,,
gbif,5762069617,2025-09-02,2025,9,2,60.267011,24.615597,2.0,HUMAN_OBSERVATION,,8a863029-f435-446a-821e-275f4f641165,http://creativecommons.org/licenses/by-nc/4.0/legalcode,Espoo,,,unknown
gbif,5762150341,2025-09-06,2025,9,6,61.998508,24.956775,4.0,HUMAN_OBSERVATION,,8a863029-f435-446a-821e-275f4f641165,http://creativecommons.org/licenses/by-nc/4.0/legalcode,Jämsä,,,unknown
gbif,5762416363,2025-09-04,2025,9,4,61.670797,23.146026,1000.0,MACHINE_OBSERVATION,The Atlas of Finnish Fungi,2bc4c2db-1dfa-419c-93ce-6602c5ae8c99,http://creativecommons.org/licenses/by/4.0/legalcode,Turkimus,,"Nuorta heinittynyttä koivikkoa, tuoretta kangasta, turvekangasta/korpimuuttumaa",
gbif,5762416396,2025-09-09,2025,9,9,60.903027,25.239995,1.0,MACHINE_OBSERVATION,The Atlas of Finnish Fungi,2bc4c2db-1dfa-419c-93ce-6602c5ae8c99,http://creativecommons.org/licenses/by/4.0/legalcode,Huovilan puisto,Keywords: { NMC2025 },,
gbif,5762417367,2025-09-09,2025,9,9,64.71402,24.546718,1.0,HUMAN_OBSERVATION,The Atlas of Finnish Fungi,2bc4c2db-1dfa-419c-93ce-6602c5ae8c99,http://creativecommons.org/licenses/by/4.0/legalcode,,,,
gbif,5762576834,2025-09-09,2025,9,9,63.05838,21.696365,1000.0,HUMAN_OBSERVATION,"Notebook, general observations",df12ca07-f133-4550-ab3b-fde13f0e76ba,http://creativecommons.org/licenses/by/4.0/legalcode,Risö,,,
gbif,5762578882,2025-09-07,2025,9,7,61.169459,25.867302,1000.0,HUMAN_OBSERVATION,"Notebook, general observations",df12ca07-f133-4550-ab3b-fde13f0e76ba,http://creativecommons.org/licenses/by/4.0/legalcode,"Rutalahti, Lähdemäki",muutamia isoja,,
gbif,5762579118,2025-09-06,2025,9,6,61.468222,23.816105,1.0,HUMAN_OBSERVATION,"Notebook, general observations",df12ca07-f133-4550-ab3b-fde13f0e76ba,http://creativecommons.org/licenses/by/4.0/legalcode,,,,
gbif,5762584681,2025-09-01,2025,9,1,60.183212,24.662965,1.0,HUMAN_OBSERVATION,"Notebook, general observations",df12ca07-f133-4550-ab3b-fde13f0e76ba,http://creativecommons.org/licenses/by/4.0/legalcode,Latokaski,"pieniä, osa poimittu?",,
gbif,5794890821,2025-09-11,2025,9,11,60.185901,24.675826,1.0,HUMAN_OBSERVATION,"Notebook, general observations",df12ca07-f133-4550-ab3b-fde13f0e76ba,http://creativecommons.org/licenses/by/4.0/legalcode,,,,
gbif,5796879475,2025-09-11,2025,9,11,61.508884,23.797698,11.0,HUMAN_OBSERVATION,,8a863029-f435-446a-821e-275f4f641165,http://creativecommons.org/licenses/by-nc/4.0/legalcode,Tampere,,,unknown
gbif,5797655007,2025-09-11,2025,9,11,61.215045,25.17512,100.0,HUMAN_OBSERVATION,The Atlas of Finnish Fungi,2bc4c2db-1dfa-419c-93ce-6602c5ae8c99,http://creativecommons.org/licenses/by/4.0/legalcode,Sudenpesänkangas,Keywords: { NMC2025 },,
gbif,5797656461,2025-09-11,2025,9,11,61.220636,25.149249,100.0,MACHINE_OBSERVATION,The Atlas of Finnish Fungi,2bc4c2db-1dfa-419c-93ce-6602c5ae8c99,http://creativecommons.org/licenses/by/4.0/legalcode,"Evo, Rahtijärvi",Keywords: { NMC2025 },,
gbif,5822113737,2025-09-13,2025,9,13,60.2842,24.511922,1.0,MACHINE_OBSERVATION,"Notebook, general observations",df12ca07-f133-4550-ab3b-fde13f0e76ba,http://creativecommons.org/licenses/by/4.0/legalcode,,,,
gbif,5822117016,2025-09-07,2025,9,7,60.97583,25.741483,1000.0,HUMAN_OBSERVATION,"Notebook, general observations",df12ca07-f133-4550-ab3b-fde13f0e76ba,http://creativecommons.org/licenses/by/4.0/legalcode,Karisto,,,
gbif,5822118222,2025-09-13,2025,9,13,61.468574,23.814458,1.0,HUMAN_OBSERVATION,"Notebook, general observations",df12ca07-f133-4550-ab3b-fde13f0e76ba,http://creativecommons.org/licenses/by/4.0/legalcode,,,,
gbif,5822119257,2025-09-12,2025,9,12,60.349698,22.19782,1.0,HUMAN_OBSERVATION,"Notebook, general observations",df12ca07-f133-4550-ab3b-fde13f0e76ba,http://creativecommons.org/licenses/by/4.0/legalcode,Ylä-Penilä,,,
gbif,5827436833,2025-09-14,2025,9,14,61.269692,23.497087,4.0,HUMAN_OBSERVATION,iNaturalist research-grade observations,50c9509d-22c7-4a22-a47d-8c48425ef4a7,http://creativecommons.org/licenses/by-nc/4.0/legalcode,,,,
gbif,5828210952,2025-09-07,2025,9,7,60.982085,25.66121,30663.0,HUMAN_OBSERVATION,iNaturalist research-grade observations,50c9509d-22c7-4a22-a47d-8c48425ef4a7,http://creativecommons.org/licenses/by-nc/4.0/legalcode,,,,
gbif,5828240735,2025-09-13,2025,9,13,60.354824,24.665163,282.0,HUMAN_OBSERVATION,iNaturalist research-grade observations,50c9509d-22c7-4a22-a47d-8c48425ef4a7,http://creativecommons.org/licenses/by-nc/4.0/legalcode,,,,
gbif,5828401474,2025-09-11,2025,9,11,60.867409,24.370062,4.0,HUMAN_OBSERVATION,iNaturalist research-grade observations,50c9509d-22c7-4a22-a47d-8c48425ef4a7,http://creativecommons.org/licenses/by-nc/4.0/legalcode,,,,
gbif,5828565418,2025-09-15,2025,9,15,60.252863,22.108151,4.0,HUMAN_OBSERVATION,iNaturalist research-grade observations,50c9509d-22c7-4a22-a47d-8c48425ef4a7,http://creativecommons.org/licenses/by-nc/4.0/legalcode,,,,
gbif,5829299948,2025-09-09,2025,9,9,61.5367,28.166585,46.0,HUMAN_OBSERVATION,,8a863029-f435-446a-821e-275f4f641165,http://creativecommons.org/licenses/by-nc/4.0/legalcode,Puumala,,,unknown
gbif,5829565380,2025-09-18,2025,9,18,68.705267,25.790553,1.0,HUMAN_OBSERVATION,Löydös Open Finnish Observation Database,956bc674-6022-4c52-833e-c5fb39dc837a,http://creativecommons.org/licenses/by/4.0/legalcode,"Lemmenjoki, Jäkälä-äytsi",,"Yllättävän pohjoisesta löytyi kanttarelleja, rinteessä lähellä kullankaivuupaikkaa",
gbif,5829784729,2025-09-21,2025,9,21,62.472302,23.98801,1.0,MACHINE_OBSERVATION,The Atlas of Finnish Fungi,2bc4c2db-1dfa-419c-93ce-6602c5ae8c99,http://creativecommons.org/licenses/by/4.0/legalcode,"Peränne, Punkaharju",,Järven ympäröimä hiekkaharju,
gbif,5829785338,2025-09-26,2025,9,26,62.256344,30.479432,1000.0,HUMAN_OBSERVATION,The Atlas of Finnish Fungi,2bc4c2db-1dfa-419c-93ce-6602c5ae8c99,http://creativecommons.org/licenses/by/4.0/legalcode,Saarionvaara,,Kuusivaltainen tuore kangas ja kallionaluslehto,
gbif,5829785364,2025-09-21,2025,9,21,62.470401,23.992144,1.0,MACHINE_OBSERVATION,The Atlas of Finnish Fungi,2bc4c2db-1dfa-419c-93ce-6602c5ae8c99,http://creativecommons.org/licenses/by/4.0/legalcode,"Peränne, Punkaharju",,Järven ympäröimä hiekkaharju,
gbif,5830342523,2025-09-20,2025,9,20,60.456605,23.62138,9.0,HUMAN_OBSERVATION,iNaturalist research-grade observations,50c9509d-22c7-4a22-a47d-8c48425ef4a7,http://creativecommons.org/licenses/by-nc/4.0/legalcode,,,,
gbif,5830379084,2025-09-18,2025,9,18,60.266547,25.156239,887.0,HUMAN_OBSERVATION,iNaturalist research-grade observations,50c9509d-22c7-4a22-a47d-8c48425ef4a7,http://creativecommons.org/licenses/by-nc/4.0/legalcode,,,,
gbif,5830431441,2025-09-20,2025,9,20,60.455639,23.626198,8.0,HUMAN_OBSERVATION,iNaturalist research-grade observations,50c9509d-22c7-4a22-a47d-8c48425ef4a7,http://creativecommons.org/licenses/by-nc/4.0/legalcode,,,,
gbif,5830521214,2025-09-17,2025,9,17,60.164858,21.681843,6.0,HUMAN_OBSERVATION,iNaturalist research-grade observations,50c9509d-22c7-4a22-a47d-8c48425ef4a7,http://creativecommons.org/licenses/by-nc/4.0/legalcode,,,,
gbif,5830668616,2025-09-20,2025,9,20,64.064314,25.660169,,HUMAN_OBSERVATION,iNaturalist research-grade observations,50c9509d-22c7-4a22-a47d-8c48425ef4a7,http://creativecommons.org/licenses/by-nc/4.0/legalcode,,,,
gbif,5830672095,2025-09-21,2025,9,21,60.133012,23.537301,,HUMAN_OBSERVATION,iNaturalist research-grade observations,50c9509d-22c7-4a22-a47d-8c48425ef4a7,http://creativecommons.org/licenses/by-nc/4.0/legalcode,,,,
gbif,5830693379,2025-09-21,2025,9,21,63.014573,27.431646,180.0,HUMAN_OBSERVATION,iNaturalist research-grade observations,50c9509d-22c7-4a22-a47d-8c48425ef4a7,http://creativecommons.org/licenses/by-nc/4.0/legalcode,,,,
gbif,5830885066,2025-09-18,2025,9,18,63.015314,27.443831,3.0,HUMAN_OBSERVATION,iNaturalist research-grade observations,50c9509d-22c7-4a22-a47d-8c48425ef4a7,http://creativecommons.org/licenses/by-nc/4.0/legalcode,,,,
gbif,5830963403,2025-09-20,2025,9,20,60.456552,23.621385,4.0,HUMAN_OBSERVATION,iNaturalist research-grade observations,50c9509d-22c7-4a22-a47d-8c48425ef4a7,http://creativecommons.org/licenses/by-nc/4.0/legalcode,,,,
gbif,5830984405,2025-09-07,2025,9,7,62.539325,21.124377,855.0,HUMAN_OBSERVATION,iNaturalist research-grade observations,50c9509d-22c7-4a22-a47d-8c48425ef4a7,http://creativecommons.org/licenses/by-nc/4.0/legalcode,,,,
gbif,5831067665,2025-09-20,2025,9,20,60.455705,23.626109,7.0,HUMAN_OBSERVATION,iNaturalist research-grade observations,50c9509d-22c7-4a22-a47d-8c48425ef4a7,http://creativecommons.org/licenses/by-nc/4.0/legalcode,,,,
gbif,5832124221,2025-09-27,2025,9,27,61.989999,25.982537,5.0,HUMAN_OBSERVATION,,8a863029-f435-446a-821e-275f4f641165,http://creativecommons.org/licenses/by-nc/4.0/legalcode,Haapasuo-Syysniemi-Rutajärvi-Kivijärvi - N2000,,,unknown
gbif,5832381013,2025-09-27,2025,9,27,61.915922,23.395042,4.0,HUMAN_OBSERVATION,,8a863029-f435-446a-821e-275f4f641165,http://creativecommons.org/licenses/by-nc/4.0/legalcode,Seitseminen - N2000,,,unknown
gbif,5836299011,2025-09-09,2025,9,9,60.200672,24.618402,1.0,HUMAN_OBSERVATION,Kastikka Floristic Archives (H),f2e389da-39c3-4f21-8d72-b7d574d924a9,http://creativecommons.org/licenses/by/4.0/legalcode,YKJ square 6678:368,Keywords: { 241515 | KASVIATLAS },,
gbif,5837863667,2025-09-28,2025,9,28,59.995426,23.650574,,HUMAN_OBSERVATION,iNaturalist research-grade observations,50c9509d-22c7-4a22-a47d-8c48425ef4a7,http://creativecommons.org/licenses/by-nc/4.0/legalcode,,,,
gbif,5837937719,2025-09-26,2025,9,26,60.154747,24.563252,275.0,HUMAN_OBSERVATION,iNaturalist research-grade observations,50c9509d-22c7-4a22-a47d-8c48425ef4a7,http://creativecommons.org/licenses/by-nc/4.0/legalcode,,,,
gbif,5837965703,2025-09-28,2025,9,28,60.204606,24.957908,10.0,HUMAN_OBSERVATION,iNaturalist research-grade observations,50c9509d-22c7-4a22-a47d-8c48425ef4a7,http://creativecommons.org/licenses/by-nc/4.0/legalcode,,,,
gbif,5837999366,2025-09-26,2025,9,26,62.259304,25.637495,,HUMAN_OBSERVATION,iNaturalist research-grade observations,50c9509d-22c7-4a22-a47d-8c48425ef4a7,http://creativecommons.org/licenses/by-nc/4.0/legalcode,,,,
gbif,5838043733,2025-09-27,2025,9,27,60.243963,25.202813,13.0,HUMAN_OBSERVATION,iNaturalist research-grade observations,50c9509d-22c7-4a22-a47d-8c48425ef4a7,http://creativecommons.org/publicdomain/zero/1.0/legalcode,,,,
gbif,5838069553,2025-09-28,2025,9,28,63.353833,27.291396,24381.0,HUMAN_OBSERVATION,iNaturalist research-grade observations,50c9509d-22c7-4a22-a47d-8c48425ef4a7,http://creativecommons.org/licenses/by-nc/4.0/legalcode,,Metsässä,,
gbif,5838152145,2025-09-28,2025,9,28,60.293892,25.145936,,HUMAN_OBSERVATION,iNaturalist research-grade observations,50c9509d-22c7-4a22-a47d-8c48425ef4a7,http://creativecommons.org/licenses/by-nc/4.0/legalcode,,,,
gbif,5838235950,2025-09-25,2025,9,25,60.417088,26.972731,,HUMAN_OBSERVATION,iNaturalist research-grade observations,50c9509d-22c7-4a22-a47d-8c48425ef4a7,http://creativecommons.org/licenses/by-nc/4.0/legalcode,,,,
gbif,5838374865,2025-09-30,2025,9,30,62.265263,23.72218,3.0,HUMAN_OBSERVATION,iNaturalist research-grade observations,50c9509d-22c7-4a22-a47d-8c48425ef4a7,http://creativecommons.org/licenses/by-nc/4.0/legalcode,,,,
gbif,5839197652,2025-09-11,2025,9,11,60.996008,24.414001,1000.0,HUMAN_OBSERVATION,The Atlas of Finnish Fungi,2bc4c2db-1dfa-419c-93ce-6602c5ae8c99,http://creativecommons.org/licenses/by/4.0/legalcode,"Ahvenistonjärvi, LS",Keywords: { NMC2025 },,
gbif,5839197939,2025-09-27,2025,9,27,60.740989,22.455993,1.0,MACHINE_OBSERVATION,The Atlas of Finnish Fungi,2bc4c2db-1dfa-419c-93ce-6602c5ae8c99,http://creativecommons.org/licenses/by/4.0/legalcode,Pöytyä,,,
gbif,5839198488,2025-09-30,2025,9,30,59.892484,23.220066,1000.0,HUMAN_OBSERVATION,The Atlas of Finnish Fungi,2bc4c2db-1dfa-419c-93ce-6602c5ae8c99,http://creativecommons.org/licenses/by/4.0/legalcode,"Koverharintie, Ryssmalmen",Keywords: { STR2025 | STR2025 },"Hiekkapohjainen männikkökangas, rannan ja tien välissä",
gbif,5839198607,2025-09-09,2025,9,9,61.063582,25.037468,1.0,MACHINE_OBSERVATION,The Atlas of Finnish Fungi,2bc4c2db-1dfa-419c-93ce-6602c5ae8c99,http://creativecommons.org/licenses/by/4.0/legalcode,Jyrkänkallio ja Pilnäistenkalliot,Keywords: { H6146270 },Corylus/ picea forest - pine forest,
gbif,5839198693,2025-09-23,2025,9,,60.212966,24.682636,1000.0,MACHINE_OBSERVATION,The Atlas of Finnish Fungi,2bc4c2db-1dfa-419c-93ce-6602c5ae8c99,http://creativecommons.org/licenses/by/4.0/legalcode,Kasavuori,"Vielä muutama hyväkuntoinen alueella, vaikka pari kylmää yötä takana.","Pähkinälehto, jossa muitakin lehtipuita (koivu, haapa, tuomi, pajut) sekä kuusta ja muutama mänty. Lehdon ympärillä kuusivaltainen metsä.",
gbif,5839198775,2025-09-29,2025,9,29,60.006156,23.492708,1000.0,HUMAN_OBSERVATION,The Atlas of Finnish Fungi,2bc4c2db-1dfa-419c-93ce-6602c5ae8c99,http://creativecommons.org/licenses/by/4.0/legalcode,"Rosvik, Haruddintien länsipuoli",Keywords: { STR2025 | STR2025 },Kuusivaltainen tuoreehko kangasmetsä,
gbif,5843787547,2025-09-26,2025,9,26,60.542938,24.554379,100.0,MACHINE_OBSERVATION,The Atlas of Finnish Fungi,2bc4c2db-1dfa-419c-93ce-6602c5ae8c99,http://creativecommons.org/licenses/by/4.0/legalcode,Kuoppala,,"Okt pihapiiri. Lähimpänä mänty, kuusi, rauduskoivu, pihlaja, kataja. Myös omenapuita, haapaa ja vaahteraa melko lähellä.",
gbif,5843787679,2025-09-29,2025,9,29,60.540357,24.556897,1000.0,MACHINE_OBSERVATION,The Atlas of Finnish Fungi,2bc4c2db-1dfa-419c-93ce-6602c5ae8c99,http://creativecommons.org/licenses/by/4.0/legalcode,Komi,Useita esiintymiä havaintoalueella,,
gbif,5844779041,2025-09-25,2025,9,25,68.308578,28.005396,250.0,HUMAN_OBSERVATION,,6ac3f774-d9fb-4796-b3e9-92bf6c81c084,http://creativecommons.org/licenses/by/4.0/legalcode,Urho-Kekkonen-Nationalpark,,,
gbif,5844807990,2025-09-17,2025,9,17,68.308578,28.005396,250.0,HUMAN_OBSERVATION,,6ac3f774-d9fb-4796-b3e9-92bf6c81c084,http://creativecommons.org/licenses/by/4.0/legalcode,Urho-Kekkonen-Nationalpark,,,
gbif,5868337534,2025-09-28,2025,9,28,60.297361,24.583861,,HUMAN_OBSERVATION,iNaturalist research-grade observations,50c9509d-22c7-4a22-a47d-8c48425ef4a7,http://creativecommons.org/licenses/by/4.0/legalcode,,,,
gbif,5868395421,2025-09-26,2025,9,26,60.594189,24.803677,24790.0,HUMAN_OBSERVATION,iNaturalist research-grade observations,50c9509d-22c7-4a22-a47d-8c48425ef4a7,http://creativecommons.org/licenses/by-nc/4.0/legalcode,,,,
gbif,5892586440,2025-09-25,2025,9,25,60.155636,24.723885,,HUMAN_OBSERVATION,iNaturalist research-grade observations,50c9509d-22c7-4a22-a47d-8c48425ef4a7,http://creativecommons.org/licenses/by-nc/4.0/legalcode,,,,
gbif,5900912656,2025-09-20,2025,9,20,60.138364,21.657185,1.0,HUMAN_OBSERVATION,"Notebook, general observations",df12ca07-f133-4550-ab3b-fde13f0e76ba,http://creativecommons.org/licenses/by/4.0/legalcode,,Keywords: { digitalis.fi },,
gbif,5905088119,2025-09-01,2025,9,1,60.199101,23.894302,1.0,HUMAN_OBSERVATION,LajiGIS: Species mapping and surveys,687c05e9-96d6-40e3-b1c9-2e026d0b3fc0,http://creativecommons.org/licenses/by/4.0/legalcode,"Lövkullaudden, Karjaanjoen vesistöalue",3729578 | el_50419 },,
gbif,5918108305,2025-09-10,2025,9,10,61.206805,24.057164,1000.0,MACHINE_OBSERVATION,The Atlas of Finnish Fungi,2bc4c2db-1dfa-419c-93ce-6602c5ae8c99,http://creativecommons.org/licenses/by/4.0/legalcode,"Rapolanharju, Linnanhauta",,,
gbif,5932030417,2025-09-26,2025,9,26,60.462014,23.649239,,PRESERVED_SPECIMEN,"Fungal collection of the Botanical Museum, University of Oulu (OULU)",23acc755-a8a6-4cf8-bed0-83d30863acea,http://creativecommons.org/licenses/by/4.0/legalcode,"Kiikalan lentokenttä, Kaskistonnummi",Keywords: { http://tun.fi/GX.19193 | http://tun.fi/JX.2350456#17 },,Kiitoratoja ympäröivä matalan kasvillisuuden sorakenttä | Sianpuolukan varpujen alla soralla
gbif,5935213598,2025-09-28,2025,9,28,60.198328,24.73109,,HUMAN_OBSERVATION,iNaturalist research-grade observations,50c9509d-22c7-4a22-a47d-8c48425ef4a7,http://creativecommons.org/licenses/by-nc/4.0/legalcode,,,,
gbif,6147269572,2025-09-21,2025,9,21,60.145115,24.810421,24849.0,HUMAN_OBSERVATION,iNaturalist research-grade observations,50c9509d-22c7-4a22-a47d-8c48425ef4a7,http://creativecommons.org/licenses/by-nc/4.0/legalcode,,,,
gbif,6231944347,2025-09-09,2025,9,9,61.089742,25.004751,1000.0,HUMAN_OBSERVATION,The Atlas of Finnish Fungi,2bc4c2db-1dfa-419c-93ce-6602c5ae8c99,http://creativecommons.org/licenses/by/4.0/legalcode,"Untulanharju, Lammi",Keywords: { NMC2025 },"Pähkinäpensasta, lehmusta, haapoja, kuusia",
gbif,6231944364,2025-09-10,2025,9,10,61.202402,25.140293,1000.0,HUMAN_OBSERVATION,The Atlas of Finnish Fungi,2bc4c2db-1dfa-419c-93ce-6602c5ae8c99,http://creativecommons.org/licenses/by/4.0/legalcode,"Hautjärvi, Ls",Keywords: { NMC2025 },,
gbif,6231945411,2025-09-10,2025,9,10,61.209379,25.125021,100.0,HUMAN_OBSERVATION,The Atlas of Finnish Fungi,2bc4c2db-1dfa-419c-93ce-6602c5ae8c99,http://creativecommons.org/licenses/by/4.0/legalcode,Pitkänniemen kangas,Keywords: { NMC2025 },Kuusilehto,
gbif,6445212475,2025-09-06,2025,9,6,62.283366,25.876488,100.0,HUMAN_OBSERVATION,"Notebook, general observations",df12ca07-f133-4550-ab3b-fde13f0e76ba,http://creativecommons.org/licenses/by/4.0/legalcode,Savumäki,,,
gbif,6450796654,2025-09-26,2025,9,26,60.544134,24.482722,1000.0,MACHINE_OBSERVATION,The Atlas of Finnish Fungi,2bc4c2db-1dfa-419c-93ce-6602c5ae8c99,http://creativecommons.org/licenses/by/4.0/legalcode,Ylimmäinen,Yleinen havaintoalueella,,
gbif,6469909140,2025-09-13,2025,9,13,62.013689,26.203931,,HUMAN_OBSERVATION,iNaturalist research-grade observations,50c9509d-22c7-4a22-a47d-8c48425ef4a7,http://creativecommons.org/licenses/by-nc/4.0/legalcode,,,,
gbif,5839197354,2025-10-01,2025,10,1,59.896513,23.221756,100.0,MACHINE_OBSERVATION,The Atlas of Finnish Fungi,2bc4c2db-1dfa-419c-93ce-6602c5ae8c99,http://creativecommons.org/licenses/by/4.0/legalcode,Lappohja,,Lappohjan uimarannan mäntykangas,
gbif,5839198747,2025-10-02,2025,10,2,59.943998,23.509586,1000.0,HUMAN_OBSERVATION,The Atlas of Finnish Fungi,2bc4c2db-1dfa-419c-93ce-6602c5ae8c99,http://creativecommons.org/licenses/by/4.0/legalcode,"Näsebyfladan LS, Fäsundet, Finnholmen",Keywords: { STR2025 | STR2025 },"Kuusivaltainen kangasmetsä, lehto. itäpuoli mäntyvaltaista",
gbif,5839434403,2025-10-02,2025,10,2,60.666524,24.336276,1.0,MACHINE_OBSERVATION,"Notebook, general observations",df12ca07-f133-4550-ab3b-fde13f0e76ba,http://creativecommons.org/licenses/by/4.0/legalcode,,,,
gbif,5839874345,2025-10-07,2025,10,7,61.564487,23.096701,59.0,HUMAN_OBSERVATION,iNaturalist research-grade observations,50c9509d-22c7-4a22-a47d-8c48425ef4a7,http://creativecommons.org/licenses/by-nc/4.0/legalcode,,,,
gbif,5840028247,2025-10-02,2025,10,2,62.472839,21.337152,165.0,HUMAN_OBSERVATION,iNaturalist research-grade observations,50c9509d-22c7-4a22-a47d-8c48425ef4a7,http://creativecommons.org/licenses/by-nc/4.0/legalcode,,,,
gbif,5840354292,2025-10-06,2025,10,6,62.539117,21.123509,899.0,HUMAN_OBSERVATION,iNaturalist research-grade observations,50c9509d-22c7-4a22-a47d-8c48425ef4a7,http://creativecommons.org/licenses/by-nc/4.0/legalcode,,2 L,,
gbif,5840438864,2025-10-06,2025,10,6,62.235248,25.633194,,HUMAN_OBSERVATION,iNaturalist research-grade observations,50c9509d-22c7-4a22-a47d-8c48425ef4a7,http://creativecommons.org/licenses/by-nc/4.0/legalcode,,,,
gbif,5841016716,2025-10-05,2025,10,5,62.634922,29.479675,3.0,HUMAN_OBSERVATION,,8a863029-f435-446a-821e-275f4f641165,http://creativecommons.org/licenses/by-nc/4.0/legalcode,Liperi,,,unknown
gbif,5843760410,2025-10-11,2025,10,11,61.465549,23.811758,1.0,HUMAN_OBSERVATION,"Notebook, general observations",df12ca07-f133-4550-ab3b-fde13f0e76ba,http://creativecommons.org/licenses/by/4.0/legalcode,,,,
gbif,5843787370,2025-10-10,2025,10,10,64.563606,24.597339,10000.0,MACHINE_OBSERVATION,The Atlas of Finnish Fungi,2bc4c2db-1dfa-419c-93ce-6602c5ae8c99,http://creativecommons.org/licenses/by/4.0/legalcode,,,,
gbif,5843787609,2025-10-16,2025,10,16,59.830045,23.031747,1.0,MACHINE_OBSERVATION,The Atlas of Finnish Fungi,2bc4c2db-1dfa-419c-93ce-6602c5ae8c99,http://creativecommons.org/licenses/by/4.0/legalcode,Malmhugget,,"Mäntykangas, kallioita",
gbif,5843787880,2025-10-14,2025,10,14,59.890651,23.215977,1000.0,MACHINE_OBSERVATION,The Atlas of Finnish Fungi,2bc4c2db-1dfa-419c-93ce-6602c5ae8c99,http://creativecommons.org/licenses/by/4.0/legalcode,Koverharintie - Ryssmalmen,Muutamia havaintoalueella,"Mäntykangas meren läheisyydessä, osin hiekkapohjainen",
gbif,5843788005,2025-10-16,2025,10,16,60.589843,21.390136,10.0,MACHINE_OBSERVATION,The Atlas of Finnish Fungi,2bc4c2db-1dfa-419c-93ce-6602c5ae8c99,http://creativecommons.org/licenses/by/4.0/legalcode,"Rahi, Leonsaari",,,
gbif,5843788074,2025-10-13,2025,10,13,61.379508,23.161705,1.0,MACHINE_OBSERVATION,The Atlas of Finnish Fungi,2bc4c2db-1dfa-419c-93ce-6602c5ae8c99,http://creativecommons.org/licenses/by/4.0/legalcode,Lehdonvuori,,"Valtatie 12:n ja Pikku-Kojolantien risteyksen vieressä valtatien kaakkoispuolella, kumpareen takana",
gbif,5843788082,2025-10-12,2025,10,12,61.392426,23.075609,1.0,MACHINE_OBSERVATION,The Atlas of Finnish Fungi,2bc4c2db-1dfa-419c-93ce-6602c5ae8c99,http://creativecommons.org/licenses/by/4.0/legalcode,Kulhaanvuori,,Vitikan talosta 350 m koilliseen,
gbif,5843788499,2025-10-11,2025,10,11,60.3396,24.691825,1.0,MACHINE_OBSERVATION,The Atlas of Finnish Fungi,2bc4c2db-1dfa-419c-93ce-6602c5ae8c99,http://creativecommons.org/licenses/by/4.0/legalcode,Luukki,,,
gbif,5844139029,2025-10-10,2025,10,10,62.205665,25.673084,,HUMAN_OBSERVATION,iNaturalist research-grade observations,50c9509d-22c7-4a22-a47d-8c48425ef4a7,http://creativecommons.org/licenses/by-nc/4.0/legalcode,,,,
gbif,5844401623,2025-10-10,2025,10,10,61.564644,23.09355,139.0,HUMAN_OBSERVATION,iNaturalist research-grade observations,50c9509d-22c7-4a22-a47d-8c48425ef4a7,http://creativecommons.org/licenses/by-nc/4.0/legalcode,,,,
gbif,5844451721,2025-10-11,2025,10,11,60.739953,26.11322,6.0,HUMAN_OBSERVATION,iNaturalist research-grade observations,50c9509d-22c7-4a22-a47d-8c48425ef4a7,http://creativecommons.org/licenses/by-nc/4.0/legalcode,,Itiöpölyssä.,,
gbif,5857723269,2025-10-15,2025,10,15,65.112791,25.399672,10000.0,MACHINE_OBSERVATION,"Notebook, general observations",df12ca07-f133-4550-ab3b-fde13f0e76ba,http://creativecommons.org/licenses/by/4.0/legalcode,,Kaikki muutaman metrin säteellä; lähimetsät tyhjiä.,,
gbif,5859117333,2025-10-19,2025,10,19,60.082024,24.592594,1.0,MACHINE_OBSERVATION,The Atlas of Finnish Fungi,2bc4c2db-1dfa-419c-93ce-6602c5ae8c99,http://creativecommons.org/licenses/by/4.0/legalcode,Dåvits,,Dåvitsvikenin suoalueen länsipuolella,
gbif,5867952057,2025-10-14,2025,10,14,60.361643,25.722278,,HUMAN_OBSERVATION,iNaturalist research-grade observations,50c9509d-22c7-4a22-a47d-8c48425ef4a7,http://creativecommons.org/licenses/by-nc/4.0/legalcode,,,,
gbif,5868302245,2025-10-19,2025,10,19,63.305535,27.313531,24381.0,HUMAN_OBSERVATION,iNaturalist research-grade observations,50c9509d-22c7-4a22-a47d-8c48425ef4a7,http://creativecommons.org/licenses/by-nc/4.0/legalcode,,Kangasmetsä,,
gbif,5888911532,2025-10-25,2025,10,25,60.428387,22.357892,1.0,MACHINE_OBSERVATION,The Atlas of Finnish Fungi,2bc4c2db-1dfa-419c-93ce-6602c5ae8c99,http://creativecommons.org/licenses/by/4.0/legalcode,Lausteen perintömetsä,,,
gbif,5890365053,2025-10-30,2025,10,30,61.196103,25.148867,65.0,HUMAN_OBSERVATION,iNaturalist research-grade observations,50c9509d-22c7-4a22-a47d-8c48425ef4a7,http://creativecommons.org/licenses/by/4.0/legalcode,,,,
gbif,5891251422,2025-10-30,2025,10,30,65.118249,26.038195,10000.0,MACHINE_OBSERVATION,"Notebook, general observations",df12ca07-f133-4550-ab3b-fde13f0e76ba,http://creativecommons.org/licenses/by/4.0/legalcode,,,,
gbif,5891257245,2025-10-26,2025,10,26,65.112791,25.399672,10000.0,MACHINE_OBSERVATION,"Notebook, general observations",df12ca07-f133-4550-ab3b-fde13f0e76ba,http://creativecommons.org/licenses/by/4.0/legalcode,,,,
gbif,5896863218,2025-10-20,2025,10,20,60.308121,24.44044,1.0,HUMAN_OBSERVATION,Kastikka Floristic Archives (H),f2e389da-39c3-4f21-8d72-b7d574d924a9,http://creativecommons.org/licenses/by/4.0/legalcode,YKJ square 6691:358,Keywords: { 266703 | KASVIATLAS },,
gbif,5896866071,2025-10-21,2025,10,21,60.191997,24.556706,1.0,HUMAN_OBSERVATION,Kastikka Floristic Archives (H),f2e389da-39c3-4f21-8d72-b7d574d924a9,http://creativecommons.org/licenses/by/4.0/legalcode,YKJ square 6678:364,Keywords: { 268115 | KASVIATLAS },,
gbif,6163263594,2025-10-11,2025,10,11,61.34029,26.18438,399.0,HUMAN_OBSERVATION,iNaturalist research-grade observations,50c9509d-22c7-4a22-a47d-8c48425ef4a7,http://creativecommons.org/licenses/by-nc/4.0/legalcode,,,,
gbif,6231948350,2025-10-01,2025,10,1,60.008326,23.494959,1000.0,HUMAN_OBSERVATION,The Atlas of Finnish Fungi,2bc4c2db-1dfa-419c-93ce-6602c5ae8c99,http://creativecommons.org/licenses/by/4.0/legalcode,"Rosvik, Haruddintien alku",Keywords: { STR2025 | STR2025 },Kuusivaltainen tuoreehko kangasmetsä,
gbif,6235892641,2025-10-27,2025,10,27,60.393999,25.613906,4.0,HUMAN_OBSERVATION,iNaturalist research-grade observations,50c9509d-22c7-4a22-a47d-8c48425ef4a7,http://creativecommons.org/licenses/by-nc/4.0/legalcode,,,,
gbif,6450797359,2025-10-15,2025,10,15,59.905111,23.195263,1.0,MACHINE_OBSERVATION,The Atlas of Finnish Fungi,2bc4c2db-1dfa-419c-93ce-6602c5ae8c99,http://creativecommons.org/licenses/by/4.0/legalcode,"Björkkullan lähteikön eteläpuoli, mäntykangas",,Mäntykangasta (jnkv kuusta ja vähän koivua) molemmin puolin tietä,
gbif,5892626396,2025-11-06,2025,11,6,60.334237,22.145284,6.0,HUMAN_OBSERVATION,iNaturalist research-grade observations,50c9509d-22c7-4a22-a47d-8c48425ef4a7,http://creativecommons.org/licenses/by-nc/4.0/legalcode,,,,
gbif,5892744796,2025-11-07,2025,11,7,62.539277,21.124479,830.0,HUMAN_OBSERVATION,iNaturalist research-grade observations,50c9509d-22c7-4a22-a47d-8c48425ef4a7,http://creativecommons.org/licenses/by-nc/4.0/legalcode,,,,
gbif,5892900049,2025-11-09,2025,11,9,63.085242,21.766988,1624.0,HUMAN_OBSERVATION,iNaturalist research-grade observations,50c9509d-22c7-4a22-a47d-8c48425ef4a7,http://creativecommons.org/licenses/by-nc/4.0/legalcode,,,,
gbif,5896474011,2025-11-11,2025,11,11,61.098203,28.225241,1000.0,HUMAN_OBSERVATION,"Notebook, general observations",df12ca07-f133-4550-ab3b-fde13f0e76ba,http://creativecommons.org/licenses/by/4.0/legalcode,Riihilahti,,,lehto/lehtomainen kangas/tu
gbif,5897756824,2025-11-19,2025,11,19,60.299074,24.879231,3.0,HUMAN_OBSERVATION,iNaturalist research-grade observations,50c9509d-22c7-4a22-a47d-8c48425ef4a7,http://creativecommons.org/publicdomain/zero/1.0/legalcode,,,,
gbif,5909085538,2025-11-16,2025,11,16,60.727272,24.205953,14.0,HUMAN_OBSERVATION,iNaturalist research-grade observations,50c9509d-22c7-4a22-a47d-8c48425ef4a7,http://creativecommons.org/licenses/by-nc/4.0/legalcode,,,,
gbif,5920565416,2025-11-10,2025,11,10,60.155569,24.591213,1000.0,MACHINE_OBSERVATION,"Notebook, general observations",df12ca07-f133-4550-ab3b-fde13f0e76ba,http://creativecommons.org/licenses/by/4.0/legalcode,"Sundsberg, Harabacka",,,
gbif,5935343674,2025-11-07,2025,11,7,60.20004,24.739831,,HUMAN_OBSERVATION,iNaturalist research-grade observations,50c9509d-22c7-4a22-a47d-8c48425ef4a7,http://creativecommons.org/licenses/by-nc/4.0/legalcode,,,,
gbif,6130325402,2025-12-25,2025,12,25,60.458933,26.855764,24790.0,HUMAN_OBSERVATION,iNaturalist research-grade observations,50c9509d-22c7-4a22-a47d-8c48425ef4a7,http://creativecommons.org/licenses/by-nc/4.0/legalcode,,,,
gbif,6319965372,2025-12-21,2025,12,21,63.037008,21.554389,1.0,MACHINE_OBSERVATION,The Atlas of Finnish Fungi,2bc4c2db-1dfa-419c-93ce-6602c5ae8c99,http://creativecommons.org/licenses/by/4.0/legalcode,,,,
gbif,5222794337,2025-07-07,2025,,,60.515757,25.874663,1000.0,MACHINE_OBSERVATION,The Atlas of Finnish Fungi,2bc4c2db-1dfa-419c-93ce-6602c5ae8c99,http://creativecommons.org/licenses/by/4.0/legalcode,,"TT2025-102 Kanttarelleja 27.6.2025, näytteet päätyivät kastikkeeseen itiöiden kera.",,
gbif,5716842814,2025-06-28,2025,,,60.547722,26.136942,1000.0,MACHINE_OBSERVATION,The Atlas of Finnish Fungi,2bc4c2db-1dfa-419c-93ce-6602c5ae8c99,http://creativecommons.org/licenses/by/4.0/legalcode,"Hopom, Järvitie",TT2025-296 Kanttarellit varastivat 3.8.2025 jälleen shown ja sieniretki jäi nopeasti täyttyneen korin vuoksi lyhyeksi..,"Rehevää kuusikkoa, lepikkoa, puronvarsia",
gbif,5762417063,2025-08-31,2025,,,59.829485,23.032906,1.0,MACHINE_OBSERVATION,The Atlas of Finnish Fungi,2bc4c2db-1dfa-419c-93ce-6602c5ae8c99,http://creativecommons.org/licenses/by/4.0/legalcode,Malmhugget,,,
gbif,4898430712,2024-06-09,2024,6,9,60.430768,22.282831,10.0,MACHINE_OBSERVATION,The Atlas of Finnish Fungi,2bc4c2db-1dfa-419c-93ce-6602c5ae8c99,http://creativecommons.org/licenses/by/4.0/legalcode,Luolavuori,,,
gbif,4901195719,2024-06-20,2024,6,20,60.061565,24.247022,92.0,HUMAN_OBSERVATION,iNaturalist research-grade observations,50c9509d-22c7-4a22-a47d-8c48425ef4a7,http://creativecommons.org/licenses/by-nc/4.0/legalcode,,Useita. Halkaisija n. 10mm,,
gbif,4902976813,2024-06-28,2024,6,28,60.181042,24.648071,1.0,HUMAN_OBSERVATION,"Notebook, general observations",df12ca07-f133-4550-ab3b-fde13f0e76ba,http://creativecommons.org/licenses/by/4.0/legalcode,Latokaski,,,
gbif,4904589438,2024-06-29,2024,6,29,60.212966,24.682636,1000.0,MACHINE_OBSERVATION,The Atlas of Finnish Fungi,2bc4c2db-1dfa-419c-93ce-6602c5ae8c99,http://creativecommons.org/licenses/by/4.0/legalcode,Kasavuori,Hyvin pieniä itiöemiä vielä.,"Pähkinälehto, jossa muitakin lehtipuita (koivu, haapa, tuomi, pajut) sekä kuusta ja muutama mänty. Lehdon ympärillä kuusivaltainen metsä.",
gbif,4909021330,2024-06-21,2024,6,21,61.80914,29.527245,8.0,HUMAN_OBSERVATION,iNaturalist research-grade observations,50c9509d-22c7-4a22-a47d-8c48425ef4a7,http://creativecommons.org/licenses/by-nc/4.0/legalcode,,,,
gbif,5076827458,2024-06-25,2024,6,25,61.647153,25.002403,22.0,HUMAN_OBSERVATION,iNaturalist research-grade observations,50c9509d-22c7-4a22-a47d-8c48425ef4a7,http://creativecommons.org/licenses/by-nc/4.0/legalcode,,,,
gbif,4904112364,2024-07-01,2024,7,1,61.182034,21.671833,3.0,HUMAN_OBSERVATION,iNaturalist research-grade observations,50c9509d-22c7-4a22-a47d-8c48425ef4a7,http://creativecommons.org/licenses/by-nc/4.0/legalcode,,,,
gbif,4904589496,2024-07-08,2024,7,8,60.334209,23.216044,1.0,MACHINE_OBSERVATION,The Atlas of Finnish Fungi,2bc4c2db-1dfa-419c-93ce-6602c5ae8c99,http://creativecommons.org/licenses/by/4.0/legalcode,Rajala,,,
gbif,4904589672,2024-07-01,2024,7,1,60.374598,23.194434,10.0,MACHINE_OBSERVATION,The Atlas of Finnish Fungi,2bc4c2db-1dfa-419c-93ce-6602c5ae8c99,http://creativecommons.org/licenses/by/4.0/legalcode,,,,
gbif,4904627741,2024-07-05,2024,7,5,60.161721,24.393648,1.0,HUMAN_OBSERVATION,"Notebook, general observations",df12ca07-f133-4550-ab3b-fde13f0e76ba,http://creativecommons.org/licenses/by/4.0/legalcode,,,,
gbif,4904632893,2024-07-08,2024,7,8,60.355807,23.672989,1.0,HUMAN_OBSERVATION,"Notebook, general observations",df12ca07-f133-4550-ab3b-fde13f0e76ba,http://creativecommons.org/licenses/by/4.0/legalcode,Suomusjärvi,,,
gbif,4905687989,2024-07-11,2024,7,11,61.275596,21.524592,1.0,HUMAN_OBSERVATION,"Notebook, general observations",df12ca07-f133-4550-ab3b-fde13f0e76ba,http://creativecommons.org/licenses/by/4.0/legalcode,Eurajoki. Bränhulmi.,5 pientä itiöemää.,"Nuori havupuuvaltainen sekametsä. Pilvistä. Alussa melkein tyyntä. Lopussa kohtalaista tuulta. Lämpötila alussa + 21, lopussa + 20.",
gbif,4905695298,2024-07-14,2024,7,14,61.169459,25.867302,1000.0,HUMAN_OBSERVATION,"Notebook, general observations",df12ca07-f133-4550-ab3b-fde13f0e76ba,http://creativecommons.org/licenses/by/4.0/legalcode,"Rutalahti, Lähdemäki",Keywords: { kuvat } | Jullen luona. Vain 1 perinteisillä paikoilla!,,"valoisa sekametsä, järven ranta"
gbif,4907086331,2024-07-15,2024,7,15,60.211246,24.679969,1.0,MACHINE_OBSERVATION,The Atlas of Finnish Fungi,2bc4c2db-1dfa-419c-93ce-6602c5ae8c99,http://creativecommons.org/licenses/by/4.0/legalcode,Kasavuori,,"Pähkinälehto, jossa muitakin lehtipuita (koivu, haapa, tuomi, pajut) sekä kuusta ja muutama mänty. Lehdon ympärillä kuusivaltainen metsä.",
gbif,4907086347,2024-07-15,2024,7,15,63.042022,21.593711,1.0,HUMAN_OBSERVATION,The Atlas of Finnish Fungi,2bc4c2db-1dfa-419c-93ce-6602c5ae8c99,http://creativecommons.org/licenses/by/4.0/legalcode,,,,
gbif,4907086396,2024-07-12,2024,7,12,60.939597,25.760998,1.0,MACHINE_OBSERVATION,The Atlas of Finnish Fungi,2bc4c2db-1dfa-419c-93ce-6602c5ae8c99,http://creativecommons.org/licenses/by/4.0/legalcode,Linnaistensuo,,,
gbif,4907086502,2024-07-13,2024,7,13,61.002213,25.223606,1.0,MACHINE_OBSERVATION,The Atlas of Finnish Fungi,2bc4c2db-1dfa-419c-93ce-6602c5ae8c99,http://creativecommons.org/licenses/by/4.0/legalcode,Huljalan Tupala,,,
gbif,4907086516,2024-07-16,2024,7,16,60.355326,23.564268,1.0,HUMAN_OBSERVATION,The Atlas of Finnish Fungi,2bc4c2db-1dfa-419c-93ce-6602c5ae8c99,http://creativecommons.org/licenses/by/4.0/legalcode,Ahtiala,,,
gbif,4907086602,2024-07-16,2024,7,16,60.248805,22.225937,1.0,HUMAN_OBSERVATION,The Atlas of Finnish Fungi,2bc4c2db-1dfa-419c-93ce-6602c5ae8c99,http://creativecommons.org/licenses/by/4.0/legalcode,Parainen,,Koivu- ja mäntyvaltainen sekametsä / tammilehto,
gbif,4907792313,2024-07-19,2024,7,19,60.213909,24.594201,1000.0,HUMAN_OBSERVATION,Noteworthy macrofungi - complete lists,86ef47b9-9300-4ead-b9c4-8df96d67d1f4,http://creativecommons.org/licenses/by/4.0/legalcode,,,,
gbif,4908058664,2024-07-15,2024,7,15,62.898867,25.167203,19.0,HUMAN_OBSERVATION,iNaturalist research-grade observations,50c9509d-22c7-4a22-a47d-8c48425ef4a7,http://creativecommons.org/licenses/by/4.0/legalcode,,,,
gbif,4908348758,2024-07-14,2024,7,14,61.477735,28.807971,162.0,HUMAN_OBSERVATION,iNaturalist research-grade observations,50c9509d-22c7-4a22-a47d-8c48425ef4a7,http://creativecommons.org/licenses/by-nc/4.0/legalcode,,,,
gbif,4908603334,2024-07-16,2024,7,16,62.114176,23.36429,3000.0,HUMAN_OBSERVATION,iNaturalist research-grade observations,50c9509d-22c7-4a22-a47d-8c48425ef4a7,http://creativecommons.org/licenses/by-nc/4.0/legalcode,,,,
gbif,4908632706,2024-07-14,2024,7,14,61.446143,23.822304,615.0,HUMAN_OBSERVATION,iNaturalist research-grade observations,50c9509d-22c7-4a22-a47d-8c48425ef4a7,http://creativecommons.org/licenses/by-nc/4.0/legalcode,,,,
gbif,4908661691,2024-07-04,2024,7,4,62.728073,29.634127,102.0,HUMAN_OBSERVATION,iNaturalist research-grade observations,50c9509d-22c7-4a22-a47d-8c48425ef4a7,http://creativecommons.org/licenses/by-nc/4.0/legalcode,,,,
gbif,4908698732,2024-07-04,2024,7,4,61.916051,27.000535,24583.0,HUMAN_OBSERVATION,iNaturalist research-grade observations,50c9509d-22c7-4a22-a47d-8c48425ef4a7,http://creativecommons.org/licenses/by-nc/4.0/legalcode,,Löytyi metsätien varrelta. Ojan takana pientareen puolella vanha kuusimetsä.,,
gbif,4908740862,2024-07-12,2024,7,12,60.481598,22.305454,142.0,HUMAN_OBSERVATION,iNaturalist research-grade observations,50c9509d-22c7-4a22-a47d-8c48425ef4a7,http://creativecommons.org/licenses/by-nc/4.0/legalcode,,,,
gbif,4908759304,2024-07-05,2024,7,5,61.458733,24.131113,,HUMAN_OBSERVATION,iNaturalist research-grade observations,50c9509d-22c7-4a22-a47d-8c48425ef4a7,http://creativecommons.org/licenses/by-nc/4.0/legalcode,,,,
gbif,4908885535,2024-07-09,2024,7,9,63.656624,27.051542,3.0,HUMAN_OBSERVATION,iNaturalist research-grade observations,50c9509d-22c7-4a22-a47d-8c48425ef4a7,http://creativecommons.org/licenses/by-nc/4.0/legalcode,,,,
gbif,4908930278,2024-07-04,2024,7,4,61.742415,27.363941,24612.0,HUMAN_OBSERVATION,iNaturalist research-grade observations,50c9509d-22c7-4a22-a47d-8c48425ef4a7,http://creativecommons.org/licenses/by-nc/4.0/legalcode,,Kasvoi rantahaavikossa. Ympärillä sekametsää.,,
gbif,4909069024,2024-07-15,2024,7,15,61.665185,27.208755,24612.0,HUMAN_OBSERVATION,iNaturalist research-grade observations,50c9509d-22c7-4a22-a47d-8c48425ef4a7,http://creativecommons.org/licenses/by-nc/4.0/legalcode,,Kantarelleja iso kasvusto. Löytöpaikka kuusimetsän ja sekametsän raja.,,
gbif,4909120809,2024-07-16,2024,7,16,60.167227,23.55512,24849.0,HUMAN_OBSERVATION,iNaturalist research-grade observations,50c9509d-22c7-4a22-a47d-8c48425ef4a7,http://creativecommons.org/publicdomain/zero/1.0/legalcode,,,,
gbif,4909953006,2024-07-27,2024,7,27,60.661902,23.860436,1.0,HUMAN_OBSERVATION,"Notebook, general observations",df12ca07-f133-4550-ab3b-fde13f0e76ba,http://creativecommons.org/licenses/by/4.0/legalcode,,,,
gbif,4910611309,2024-07-27,2024,7,27,61.467195,23.813893,1000.0,HUMAN_OBSERVATION,Noteworthy macrofungi - complete lists,86ef47b9-9300-4ead-b9c4-8df96d67d1f4,http://creativecommons.org/licenses/by/4.0/legalcode,Veisu,,"Sekametsä, puronvartta ja hakkuualan reunaa",
gbif,4910623367,2024-07-28,2024,7,28,62.592143,31.177901,1.0,MACHINE_OBSERVATION,The Atlas of Finnish Fungi,2bc4c2db-1dfa-419c-93ce-6602c5ae8c99,http://creativecommons.org/licenses/by/4.0/legalcode,Petkeljärvi,,,
gbif,4910623385,2024-07-30,2024,7,30,61.975794,29.721649,1.0,MACHINE_OBSERVATION,The Atlas of Finnish Fungi,2bc4c2db-1dfa-419c-93ce-6602c5ae8c99,http://creativecommons.org/licenses/by/4.0/legalcode,Rasti,,,
gbif,4910623396,2024-07-13,2024,7,13,60.542128,24.555474,1.0,MACHINE_OBSERVATION,The Atlas of Finnish Fungi,2bc4c2db-1dfa-419c-93ce-6602c5ae8c99,http://creativecommons.org/licenses/by/4.0/legalcode,"Vihtijärvi, Komi",,,
gbif,4910623502,2024-07-25,2024,7,25,66.366774,27.652268,1.0,MACHINE_OBSERVATION,The Atlas of Finnish Fungi,2bc4c2db-1dfa-419c-93ce-6602c5ae8c99,http://creativecommons.org/licenses/by/4.0/legalcode,Pölkkykoski,,Puron ranta,
gbif,4910623701,2024-07-18,2024,7,18,63.040875,21.5965,1.0,HUMAN_OBSERVATION,The Atlas of Finnish Fungi,2bc4c2db-1dfa-419c-93ce-6602c5ae8c99,http://creativecommons.org/licenses/by/4.0/legalcode,,,,
gbif,4910623840,2024-07-27,2024,7,27,60.265213,24.645483,1.0,MACHINE_OBSERVATION,The Atlas of Finnish Fungi,2bc4c2db-1dfa-419c-93ce-6602c5ae8c99,http://creativecommons.org/licenses/by/4.0/legalcode,Pirttimäki,,,
gbif,4910648488,2024-07-18,2024,7,18,60.55009,21.927416,24790.0,HUMAN_OBSERVATION,iNaturalist research-grade observations,50c9509d-22c7-4a22-a47d-8c48425ef4a7,http://creativecommons.org/publicdomain/zero/1.0/legalcode,,,,
gbif,4911121165,2024-07-19,2024,7,19,61.922937,30.397913,24583.0,HUMAN_OBSERVATION,iNaturalist research-grade observations,50c9509d-22c7-4a22-a47d-8c48425ef4a7,http://creativecommons.org/licenses/by/4.0/legalcode,,,,
gbif,4911132804,2024-07-20,2024,7,20,61.511917,24.036854,1299.0,HUMAN_OBSERVATION,iNaturalist research-grade observations,50c9509d-22c7-4a22-a47d-8c48425ef4a7,http://creativecommons.org/licenses/by-nc/4.0/legalcode,,,,
gbif,4919120492,2024-07-07,2024,7,7,60.402017,22.310458,2.0,HUMAN_OBSERVATION,iNaturalist research-grade observations,50c9509d-22c7-4a22-a47d-8c48425ef4a7,http://creativecommons.org/licenses/by-nc/4.0/legalcode,,,,
gbif,4919638602,2024-07-25,2024,7,25,62.50639,21.210301,1005.0,HUMAN_OBSERVATION,iNaturalist research-grade observations,50c9509d-22c7-4a22-a47d-8c48425ef4a7,http://creativecommons.org/licenses/by-nc/4.0/legalcode,,,,
gbif,4919728015,2024-07-25,2024,7,25,63.365211,27.779955,60.0,HUMAN_OBSERVATION,iNaturalist research-grade observations,50c9509d-22c7-4a22-a47d-8c48425ef4a7,http://creativecommons.org/licenses/by-nc/4.0/legalcode,,Tuorekangasmetsä sekametsä kasvupaikkana,,
gbif,4919746299,2024-07-26,2024,7,26,60.259666,22.784021,123.0,HUMAN_OBSERVATION,iNaturalist research-grade observations,50c9509d-22c7-4a22-a47d-8c48425ef4a7,http://creativecommons.org/licenses/by-nc/4.0/legalcode,,,,
gbif,4919793590,2024-07-14,2024,7,14,61.650354,29.134257,1.0,HUMAN_OBSERVATION,Kastikka Floristic Archives (H),f2e389da-39c3-4f21-8d72-b7d574d924a9,http://creativecommons.org/licenses/by/4.0/legalcode,YKJ km2 square 6839:3613,Keywords: { 66062 | KASVIATLAS },,
gbif,4919810770,2024-07-13,2024,7,13,61.909559,29.574987,1.0,HUMAN_OBSERVATION,Kastikka Floristic Archives (H),f2e389da-39c3-4f21-8d72-b7d574d924a9,http://creativecommons.org/licenses/by/4.0/legalcode,YKJ km2 square 6869:3635,Keywords: { 63687 | KASVIATLAS },,
gbif,4921087307,2024-07-31,2024,7,31,60.277113,25.807565,100.0,MACHINE_OBSERVATION,The Atlas of Finnish Fungi,2bc4c2db-1dfa-419c-93ce-6602c5ae8c99,http://creativecommons.org/licenses/by/4.0/legalcode,Sondby,,,
gbif,4921087365,2024-07-27,2024,7,27,63.050986,21.600361,1.0,HUMAN_OBSERVATION,The Atlas of Finnish Fungi,2bc4c2db-1dfa-419c-93ce-6602c5ae8c99,http://creativecommons.org/licenses/by/4.0/legalcode,,,,
gbif,4921087735,2024-07-31,2024,7,31,60.382879,25.653254,1.0,MACHINE_OBSERVATION,The Atlas of Finnish Fungi,2bc4c2db-1dfa-419c-93ce-6602c5ae8c99,http://creativecommons.org/licenses/by/4.0/legalcode,Kokonniemi,,,
gbif,4921088088,2024-07-31,2024,7,31,61.921203,29.828852,1.0,MACHINE_OBSERVATION,The Atlas of Finnish Fungi,2bc4c2db-1dfa-419c-93ce-6602c5ae8c99,http://creativecommons.org/licenses/by/4.0/legalcode,Kesälahti,,,
gbif,4921088099,2024-07-21,2024,7,21,62.938856,21.61045,1.0,HUMAN_OBSERVATION,The Atlas of Finnish Fungi,2bc4c2db-1dfa-419c-93ce-6602c5ae8c99,http://creativecommons.org/licenses/by/4.0/legalcode,,,,
gbif,4921695517,2024-07-29,2024,7,29,63.495109,23.910035,2.0,HUMAN_OBSERVATION,iNaturalist research-grade observations,50c9509d-22c7-4a22-a47d-8c48425ef4a7,http://creativecommons.org/licenses/by-nc/4.0/legalcode,,,,
gbif,4923595504,2024-07-31,2024,7,31,63.497491,23.865947,14.0,HUMAN_OBSERVATION,iNaturalist research-grade observations,50c9509d-22c7-4a22-a47d-8c48425ef4a7,http://creativecommons.org/licenses/by-nc/4.0/legalcode,,,,
gbif,4923967091,2024-07-31,2024,7,31,63.499106,23.852657,9.0,HUMAN_OBSERVATION,iNaturalist research-grade observations,50c9509d-22c7-4a22-a47d-8c48425ef4a7,http://creativecommons.org/licenses/by-nc/4.0/legalcode,,,,
gbif,4925813733,2024-07-20,2024,7,20,60.739295,22.632022,24760.0,HUMAN_OBSERVATION,iNaturalist research-grade observations,50c9509d-22c7-4a22-a47d-8c48425ef4a7,http://creativecommons.org/publicdomain/zero/1.0/legalcode,,,,
gbif,4926206788,2024-07-16,2024,7,16,60.167828,25.025102,410.0,HUMAN_OBSERVATION,iNaturalist research-grade observations,50c9509d-22c7-4a22-a47d-8c48425ef4a7,http://creativecommons.org/licenses/by-nc/4.0/legalcode,,,,
gbif,4931964573,2024-07-29,2024,7,29,61.776755,28.421372,5.0,HUMAN_OBSERVATION,,8a863029-f435-446a-821e-275f4f641165,http://creativecommons.org/licenses/by-nc/4.0/legalcode,Sulkava,,,unknown
gbif,4936583973,2024-07-30,2024,7,30,63.249438,22.141875,24381.0,HUMAN_OBSERVATION,iNaturalist research-grade observations,50c9509d-22c7-4a22-a47d-8c48425ef4a7,http://creativecommons.org/licenses/by-nc/4.0/legalcode,,,,
gbif,4938777989,2024-07-24,2024,7,24,61.667326,29.734518,100.0,HUMAN_OBSERVATION,"Notebook, general observations",df12ca07-f133-4550-ab3b-fde13f0e76ba,http://creativecommons.org/licenses/by/4.0/legalcode,Naattikumpu,,KASELY kartoitus,kuusi-sekametsä | MT-OMT-lehto
gbif,4978388720,2024-07-21,2024,7,21,60.153176,24.737471,,HUMAN_OBSERVATION,iNaturalist research-grade observations,50c9509d-22c7-4a22-a47d-8c48425ef4a7,http://creativecommons.org/licenses/by-nc/4.0/legalcode,,,,
gbif,4987452879,2024-07-23,2024,7,23,60.478921,25.110442,22.0,HUMAN_OBSERVATION,iNaturalist research-grade observations,50c9509d-22c7-4a22-a47d-8c48425ef4a7,http://creativecommons.org/licenses/by-nc/4.0/legalcode,,,,
gbif,4987538446,2024-07-13,2024,7,13,60.247572,25.169057,,HUMAN_OBSERVATION,iNaturalist research-grade observations,50c9509d-22c7-4a22-a47d-8c48425ef4a7,http://creativecommons.org/licenses/by-nc/4.0/legalcode,,,,
gbif,4987665489,2024-07-14,2024,7,14,60.310197,25.142114,,HUMAN_OBSERVATION,iNaturalist research-grade observations,50c9509d-22c7-4a22-a47d-8c48425ef4a7,http://creativecommons.org/licenses/by-nc/4.0/legalcode,,,,
gbif,4987689787,2024-07-21,2024,7,21,60.198791,25.181744,8.0,HUMAN_OBSERVATION,iNaturalist research-grade observations,50c9509d-22c7-4a22-a47d-8c48425ef4a7,http://creativecommons.org/licenses/by-nc/4.0/legalcode,,,,
gbif,4987803929,2024-07-15,2024,7,15,59.94013,22.58338,24879.0,HUMAN_OBSERVATION,iNaturalist research-grade observations,50c9509d-22c7-4a22-a47d-8c48425ef4a7,http://creativecommons.org/licenses/by-nc/4.0/legalcode,,,,
gbif,4987834160,2024-07-27,2024,7,27,60.630136,24.763142,4.0,HUMAN_OBSERVATION,iNaturalist research-grade observations,50c9509d-22c7-4a22-a47d-8c48425ef4a7,http://creativecommons.org/licenses/by-nc/4.0/legalcode,,,,
gbif,5076782613,2024-07-27,2024,7,27,60.187852,25.142535,8.0,HUMAN_OBSERVATION,iNaturalist research-grade observations,50c9509d-22c7-4a22-a47d-8c48425ef4a7,http://creativecommons.org/licenses/by-nc/4.0/legalcode,,,,
gbif,5076783450,2024-07-05,2024,7,5,60.359607,23.687869,112.0,HUMAN_OBSERVATION,iNaturalist research-grade observations,50c9509d-22c7-4a22-a47d-8c48425ef4a7,http://creativecommons.org/licenses/by-nc/4.0/legalcode,,,,
gbif,5076789554,2024-07-08,2024,7,8,60.249684,25.372541,24819.0,HUMAN_OBSERVATION,iNaturalist research-grade observations,50c9509d-22c7-4a22-a47d-8c48425ef4a7,http://creativecommons.org/publicdomain/zero/1.0/legalcode,,,,
gbif,5076801604,2024-07-20,2024,7,20,60.063787,22.753673,18832.0,HUMAN_OBSERVATION,iNaturalist research-grade observations,50c9509d-22c7-4a22-a47d-8c48425ef4a7,http://creativecommons.org/licenses/by-nc/4.0/legalcode,,,,
gbif,5076803648,2024-07-14,2024,7,14,60.748293,23.167626,11.0,HUMAN_OBSERVATION,iNaturalist research-grade observations,50c9509d-22c7-4a22-a47d-8c48425ef4a7,http://creativecommons.org/licenses/by-nc/4.0/legalcode,,,,
gbif,5076811572,2024-07-21,2024,7,21,60.16846,25.428028,6.0,HUMAN_OBSERVATION,iNaturalist research-grade observations,50c9509d-22c7-4a22-a47d-8c48425ef4a7,http://creativecommons.org/publicdomain/zero/1.0/legalcode,,,,
gbif,5076819623,2024-07-29,2024,7,29,60.329708,24.461523,4.0,HUMAN_OBSERVATION,iNaturalist research-grade observations,50c9509d-22c7-4a22-a47d-8c48425ef4a7,http://creativecommons.org/licenses/by-nc/4.0/legalcode,,,,
gbif,5076824479,2024-07-05,2024,7,5,60.462456,22.740026,4.0,HUMAN_OBSERVATION,iNaturalist research-grade observations,50c9509d-22c7-4a22-a47d-8c48425ef4a7,http://creativecommons.org/licenses/by-nc/4.0/legalcode,,,,
gbif,5076825606,2024-07-21,2024,7,21,61.692942,27.378652,24612.0,HUMAN_OBSERVATION,iNaturalist research-grade observations,50c9509d-22c7-4a22-a47d-8c48425ef4a7,http://creativecommons.org/licenses/by-nc/4.0/legalcode,,Pieni kasvusto kantarelleja sekametsän laidalla.,,
gbif,5076835610,2024-07-07,2024,7,7,61.723245,27.411262,24612.0,HUMAN_OBSERVATION,iNaturalist research-grade observations,50c9509d-22c7-4a22-a47d-8c48425ef4a7,http://creativecommons.org/licenses/by-nc/4.0/legalcode,,Kasvoi kuusimetsässä retkeilyreitin varrella.,,
gbif,5076845591,2024-07-20,2024,7,20,60.428179,25.076321,54.0,HUMAN_OBSERVATION,iNaturalist research-grade observations,50c9509d-22c7-4a22-a47d-8c48425ef4a7,http://creativecommons.org/licenses/by-nc/4.0/legalcode,,,,
gbif,5076846532,2024-07-14,2024,7,14,60.312978,25.144897,,HUMAN_OBSERVATION,iNaturalist research-grade observations,50c9509d-22c7-4a22-a47d-8c48425ef4a7,http://creativecommons.org/licenses/by-nc/4.0/legalcode,,,,
gbif,5076887573,2024-07-18,2024,7,18,63.231258,21.401133,100.0,HUMAN_OBSERVATION,iNaturalist research-grade observations,50c9509d-22c7-4a22-a47d-8c48425ef4a7,http://creativecommons.org/licenses/by-nc/4.0/legalcode,,,,
gbif,5149191317,2024-07-21,2024,7,21,62.284223,25.666232,1.0,MACHINE_OBSERVATION,The Atlas of Finnish Fungi,2bc4c2db-1dfa-419c-93ce-6602c5ae8c99,http://creativecommons.org/licenses/by/4.0/legalcode,Ruokosenmäki,,,
gbif,5149193307,2024-07-20,2024,7,20,62.303195,25.640275,1.0,MACHINE_OBSERVATION,The Atlas of Finnish Fungi,2bc4c2db-1dfa-419c-93ce-6602c5ae8c99,http://creativecommons.org/licenses/by/4.0/legalcode,Kaitajärvi,,,
gbif,5149202311,2024-07-27,2024,7,27,60.338412,24.577618,1.0,MACHINE_OBSERVATION,The Atlas of Finnish Fungi,2bc4c2db-1dfa-419c-93ce-6602c5ae8c99,http://creativecommons.org/licenses/by/4.0/legalcode,Pyyslampi,,,
gbif,5149205306,2024-07-20,2024,7,20,62.312023,25.623545,1.0,MACHINE_OBSERVATION,The Atlas of Finnish Fungi,2bc4c2db-1dfa-419c-93ce-6602c5ae8c99,http://creativecommons.org/licenses/by/4.0/legalcode,Metsälampi,,,
gbif,5149206307,2024-07-21,2024,7,21,62.286697,25.693814,1.0,MACHINE_OBSERVATION,The Atlas of Finnish Fungi,2bc4c2db-1dfa-419c-93ce-6602c5ae8c99,http://creativecommons.org/licenses/by/4.0/legalcode,Nuutti,,,
gbif,5149208311,2024-07-23,2024,7,23,62.278175,25.695036,1.0,MACHINE_OBSERVATION,The Atlas of Finnish Fungi,2bc4c2db-1dfa-419c-93ce-6602c5ae8c99,http://creativecommons.org/licenses/by/4.0/legalcode,Rippalanmäki,,,
gbif,5937737482,2024-07-28,2024,7,28,61.508977,23.790123,1000.0,MACHINE_OBSERVATION,"Notebook, general observations",df12ca07-f133-4550-ab3b-fde13f0e76ba,http://creativecommons.org/licenses/by/4.0/legalcode,,,,
gbif,6252095285,2024-07-21,2024,7,21,61.217672,28.763953,5.0,HUMAN_OBSERVATION,iNaturalist research-grade observations,50c9509d-22c7-4a22-a47d-8c48425ef4a7,http://creativecommons.org/licenses/by-nc/4.0/legalcode,,,,
gbif,4920320305,2024-08-04,2024,8,4,60.055086,23.675094,10000.0,HUMAN_OBSERVATION,Noteworthy macrofungi - complete lists,86ef47b9-9300-4ead-b9c4-8df96d67d1f4,http://creativecommons.org/licenses/by/4.0/legalcode,,,,
gbif,4920471906,2024-08-01,2024,8,1,61.195256,27.838301,1000.0,HUMAN_OBSERVATION,"Notebook, general observations",df12ca07-f133-4550-ab3b-fde13f0e76ba,http://creativecommons.org/licenses/by/4.0/legalcode,Lilmanmäki YSA,,,lehto/kangas/korpi | enimmäkseen kuusikkoa
gbif,4920472459,2024-08-02,2024,8,2,60.058036,24.290843,1.0,HUMAN_OBSERVATION,"Notebook, general observations",df12ca07-f133-4550-ab3b-fde13f0e76ba,http://creativecommons.org/licenses/by/4.0/legalcode,Kopparnäs,Keywords: { fix },,
gbif,4921087845,2024-08-07,2024,8,7,60.792859,21.412498,1.0,MACHINE_OBSERVATION,The Atlas of Finnish Fungi,2bc4c2db-1dfa-419c-93ce-6602c5ae8c99,http://creativecommons.org/licenses/by/4.0/legalcode,Välskärintie 18,Keywords: { Varsinais-Suomi | Uusikaupunki | keltavahvero },,
gbif,4921087867,2024-08-12,2024,8,12,61.785595,29.30854,1.0,MACHINE_OBSERVATION,The Atlas of Finnish Fungi,2bc4c2db-1dfa-419c-93ce-6602c5ae8c99,http://creativecommons.org/licenses/by/4.0/legalcode,Punkaharju,,,
gbif,4921088603,2024-08-06,2024,8,6,60.33649,23.201951,1.0,MACHINE_OBSERVATION,The Atlas of Finnish Fungi,2bc4c2db-1dfa-419c-93ce-6602c5ae8c99,http://creativecommons.org/licenses/by/4.0/legalcode,Pullola,,,
gbif,4921088727,2024-08-05,2024,8,5,60.210473,24.685024,1.0,MACHINE_OBSERVATION,The Atlas of Finnish Fungi,2bc4c2db-1dfa-419c-93ce-6602c5ae8c99,http://creativecommons.org/licenses/by/4.0/legalcode,Kasavuori,"Paljon pieniä itiöemiä, yhtään kuvauskelpoisen kokoista ei ollut",,
gbif,4921088855,2024-08-05,2024,8,5,63.033661,21.703006,1.0,HUMAN_OBSERVATION,The Atlas of Finnish Fungi,2bc4c2db-1dfa-419c-93ce-6602c5ae8c99,http://creativecommons.org/licenses/by/4.0/legalcode,,,,
gbif,4921827796,2024-08-04,2024,8,4,63.10331,21.690561,53.0,HUMAN_OBSERVATION,iNaturalist research-grade observations,50c9509d-22c7-4a22-a47d-8c48425ef4a7,http://creativecommons.org/licenses/by-nc/4.0/legalcode,,,,
gbif,4921831078,2024-08-01,2024,8,1,62.550247,24.06941,1004.0,HUMAN_OBSERVATION,iNaturalist research-grade observations,50c9509d-22c7-4a22-a47d-8c48425ef4a7,http://creativecommons.org/licenses/by-nc/4.0/legalcode,,,,
gbif,4921838433,2024-08-05,2024,8,5,60.072328,23.662606,,HUMAN_OBSERVATION,iNaturalist research-grade observations,50c9509d-22c7-4a22-a47d-8c48425ef4a7,http://creativecommons.org/licenses/by-nc/4.0/legalcode,,,,
gbif,4921941675,2024-08-04,2024,8,4,60.684275,22.613954,24760.0,HUMAN_OBSERVATION,iNaturalist research-grade observations,50c9509d-22c7-4a22-a47d-8c48425ef4a7,http://creativecommons.org/publicdomain/zero/1.0/legalcode,,,,
gbif,4921960876,2024-08-03,2024,8,3,60.333985,24.526688,,HUMAN_OBSERVATION,iNaturalist research-grade observations,50c9509d-22c7-4a22-a47d-8c48425ef4a7,http://creativecommons.org/licenses/by-nc/4.0/legalcode,,,,
gbif,4921975545,2024-08-02,2024,8,2,63.800026,28.9036,9.0,HUMAN_OBSERVATION,iNaturalist research-grade observations,50c9509d-22c7-4a22-a47d-8c48425ef4a7,http://creativecommons.org/licenses/by-nc/4.0/legalcode,,,,
gbif,4922041264,2024-08-03,2024,8,3,60.15737,24.813541,24849.0,HUMAN_OBSERVATION,iNaturalist research-grade observations,50c9509d-22c7-4a22-a47d-8c48425ef4a7,http://creativecommons.org/publicdomain/zero/1.0/legalcode,,,,
gbif,4923098312,2024-08-13,2024,8,13,60.042217,23.709728,1000.0,HUMAN_OBSERVATION,Noteworthy macrofungi - complete lists,86ef47b9-9300-4ead-b9c4-8df96d67d1f4,http://creativecommons.org/licenses/by/4.0/legalcode,,,,
gbif,4923098320,2024-08-09,2024,8,9,61.538663,25.669308,100.0,HUMAN_OBSERVATION,Noteworthy macrofungi - complete lists,86ef47b9-9300-4ead-b9c4-8df96d67d1f4,http://creativecommons.org/licenses/by/4.0/legalcode,,,,
gbif,4923098364,2024-08-15,2024,8,15,66.168524,24.002248,10000.0,HUMAN_OBSERVATION,Noteworthy macrofungi - complete lists,86ef47b9-9300-4ead-b9c4-8df96d67d1f4,http://creativecommons.org/licenses/by/4.0/legalcode,,12 pientä kasvustoa,,
gbif,4923098384,2024-08-14,2024,8,14,62.163555,26.262885,1000.0,HUMAN_OBSERVATION,Noteworthy macrofungi - complete lists,86ef47b9-9300-4ead-b9c4-8df96d67d1f4,http://creativecommons.org/licenses/by/4.0/legalcode,,,,
gbif,4923315596,2024-08-10,2024,8,10,61.169081,25.865023,1.0,HUMAN_OBSERVATION,"Notebook, general observations",df12ca07-f133-4550-ab3b-fde13f0e76ba,http://creativecommons.org/licenses/by/4.0/legalcode,Lähdemäki,,,
gbif,4923318654,2024-08-10,2024,8,10,61.169254,25.865254,1.0,HUMAN_OBSERVATION,"Notebook, general observations",df12ca07-f133-4550-ab3b-fde13f0e76ba,http://creativecommons.org/licenses/by/4.0/legalcode,Lähdemäki,,,
gbif,4923320829,2024-08-10,2024,8,10,61.168485,25.865516,1.0,HUMAN_OBSERVATION,"Notebook, general observations",df12ca07-f133-4550-ab3b-fde13f0e76ba,http://creativecommons.org/licenses/by/4.0/legalcode,Lähdemäki,,,
gbif,4923323940,2024-08-11,2024,8,11,60.947402,28.207743,1000.0,HUMAN_OBSERVATION,"Notebook, general observations",df12ca07-f133-4550-ab3b-fde13f0e76ba,http://creativecommons.org/licenses/by/4.0/legalcode,Pöytäkalliot,,,
gbif,4923325360,2024-08-10,2024,8,10,61.169563,25.865598,1.0,HUMAN_OBSERVATION,"Notebook, general observations",df12ca07-f133-4550-ab3b-fde13f0e76ba,http://creativecommons.org/licenses/by/4.0/legalcode,Lähdemäki,,,
gbif,4923326884,2024-08-10,2024,8,10,61.169477,25.867215,1.0,MACHINE_OBSERVATION,"Notebook, general observations",df12ca07-f133-4550-ab3b-fde13f0e76ba,http://creativecommons.org/licenses/by/4.0/legalcode,Lähdemäki,,,
gbif,4923740510,2024-08-10,2024,8,10,60.027428,23.624573,,HUMAN_OBSERVATION,iNaturalist research-grade observations,50c9509d-22c7-4a22-a47d-8c48425ef4a7,http://creativecommons.org/licenses/by-nc/4.0/legalcode,,,,
gbif,4923760001,2024-08-13,2024,8,13,61.513427,23.007432,14680.0,HUMAN_OBSERVATION,iNaturalist research-grade observations,50c9509d-22c7-4a22-a47d-8c48425ef4a7,http://creativecommons.org/licenses/by-nc/4.0/legalcode,,,,
gbif,4923777262,2024-08-11,2024,8,11,60.397956,22.294122,3.0,HUMAN_OBSERVATION,iNaturalist research-grade observations,50c9509d-22c7-4a22-a47d-8c48425ef4a7,http://creativecommons.org/licenses/by-nc/4.0/legalcode,,,,
gbif,4923786445,2024-08-07,2024,8,7,60.502605,22.466541,36.0,HUMAN_OBSERVATION,iNaturalist research-grade observations,50c9509d-22c7-4a22-a47d-8c48425ef4a7,http://creativecommons.org/licenses/by-nc/4.0/legalcode,,,,
gbif,4923852783,2024-08-12,2024,8,12,60.485998,25.126809,9.0,HUMAN_OBSERVATION,iNaturalist research-grade observations,50c9509d-22c7-4a22-a47d-8c48425ef4a7,http://creativecommons.org/licenses/by-nc/4.0/legalcode,,,,
gbif,4924070288,2024-08-13,2024,8,13,61.506199,23.01339,16800.0,HUMAN_OBSERVATION,iNaturalist research-grade observations,50c9509d-22c7-4a22-a47d-8c48425ef4a7,http://creativecommons.org/licenses/by-nc/4.0/legalcode,,,,
gbif,4924108618,2024-08-13,2024,8,13,61.514659,23.009222,4411.0,HUMAN_OBSERVATION,iNaturalist research-grade observations,50c9509d-22c7-4a22-a47d-8c48425ef4a7,http://creativecommons.org/licenses/by-nc/4.0/legalcode,,,,
gbif,4924125840,2024-08-12,2024,8,12,62.50639,21.210301,1005.0,HUMAN_OBSERVATION,iNaturalist research-grade observations,50c9509d-22c7-4a22-a47d-8c48425ef4a7,http://creativecommons.org/licenses/by-nc/4.0/legalcode,,,,
gbif,4924134238,2024-08-08,2024,8,8,61.580031,28.61445,,HUMAN_OBSERVATION,iNaturalist research-grade observations,50c9509d-22c7-4a22-a47d-8c48425ef4a7,http://creativecommons.org/licenses/by-nc/4.0/legalcode,,,,
gbif,4924173569,2024-08-11,2024,8,11,60.402596,22.227169,76.0,HUMAN_OBSERVATION,iNaturalist research-grade observations,50c9509d-22c7-4a22-a47d-8c48425ef4a7,http://creativecommons.org/licenses/by-nc/4.0/legalcode,,,,
gbif,4924407301,2024-08-06,2024,8,,60.32649,24.659031,1.0,MACHINE_OBSERVATION,The Atlas of Finnish Fungi,2bc4c2db-1dfa-419c-93ce-6602c5ae8c99,http://creativecommons.org/licenses/by/4.0/legalcode,Luukki,,,
gbif,4924407512,2024-08-17,2024,8,17,63.053764,21.600631,1.0,HUMAN_OBSERVATION,The Atlas of Finnish Fungi,2bc4c2db-1dfa-419c-93ce-6602c5ae8c99,http://creativecommons.org/licenses/by/4.0/legalcode,,,,
gbif,4924408044,2024-08-12,2024,8,12,60.492384,22.278783,100.0,MACHINE_OBSERVATION,The Atlas of Finnish Fungi,2bc4c2db-1dfa-419c-93ce-6602c5ae8c99,http://creativecommons.org/licenses/by/4.0/legalcode,Kärsämen hautausmaa,,,
gbif,4924408332,2024-08-12,2024,8,12,60.501531,22.280153,100.0,MACHINE_OBSERVATION,The Atlas of Finnish Fungi,2bc4c2db-1dfa-419c-93ce-6602c5ae8c99,http://creativecommons.org/licenses/by/4.0/legalcode,Pirunpesä,,Pirunpesästä N,
gbif,4924408357,2024-08-16,2024,8,16,61.205117,28.711568,1.0,HUMAN_OBSERVATION,The Atlas of Finnish Fungi,2bc4c2db-1dfa-419c-93ce-6602c5ae8c99,http://creativecommons.org/licenses/by/4.0/legalcode,Lammassaari,,,
gbif,4924408382,2024-08-18,2024,8,18,60.398651,23.095319,10000.0,MACHINE_OBSERVATION,The Atlas of Finnish Fungi,2bc4c2db-1dfa-419c-93ce-6602c5ae8c99,http://creativecommons.org/licenses/by/4.0/legalcode,,,,
gbif,4924824826,2024-08-21,2024,8,21,60.498336,27.634172,1000.0,HUMAN_OBSERVATION,"Notebook, general observations",df12ca07-f133-4550-ab3b-fde13f0e76ba,http://creativecommons.org/licenses/by/4.0/legalcode,Villavuori,,KASELY kartoitus,"männikkö | kuivaa kangasta, soistumia ja kalliota"
gbif,4924826878,2024-08-17,2024,8,17,66.403059,25.167646,100.0,HUMAN_OBSERVATION,"Notebook, general observations",df12ca07-f133-4550-ab3b-fde13f0e76ba,http://creativecommons.org/licenses/by/4.0/legalcode,"Louevaara, Pikkupäri",,,
gbif,4924831802,2024-08-21,2024,8,21,60.508693,27.612888,1000.0,HUMAN_OBSERVATION,"Notebook, general observations",df12ca07-f133-4550-ab3b-fde13f0e76ba,http://creativecommons.org/licenses/by/4.0/legalcode,Keltunpohja,,KASELY kartoitus,kuusi-sekametsä | MT/OMT
gbif,4925896610,2024-08-20,2024,8,20,61.92943,30.189549,8.0,HUMAN_OBSERVATION,iNaturalist research-grade observations,50c9509d-22c7-4a22-a47d-8c48425ef4a7,http://creativecommons.org/licenses/by/4.0/legalcode,,,,
gbif,4925927842,2024-08-17,2024,8,17,64.220569,23.739464,,HUMAN_OBSERVATION,iNaturalist research-grade observations,50c9509d-22c7-4a22-a47d-8c48425ef4a7,http://creativecommons.org/licenses/by-nc/4.0/legalcode,,,,
gbif,4925944443,2024-08-14,2024,8,14,61.389567,22.98623,3000.0,HUMAN_OBSERVATION,iNaturalist research-grade observations,50c9509d-22c7-4a22-a47d-8c48425ef4a7,http://creativecommons.org/licenses/by-nc/4.0/legalcode,,,,
gbif,4925958076,2024-08-17,2024,8,17,61.272097,24.200164,24671.0,HUMAN_OBSERVATION,iNaturalist research-grade observations,50c9509d-22c7-4a22-a47d-8c48425ef4a7,http://creativecommons.org/licenses/by-nc/4.0/legalcode,,,,
gbif,4926125800,2024-08-13,2024,8,13,61.040075,24.486252,,HUMAN_OBSERVATION,iNaturalist research-grade observations,50c9509d-22c7-4a22-a47d-8c48425ef4a7,http://creativecommons.org/licenses/by-nc/4.0/legalcode,,,,
gbif,4926193561,2024-08-17,2024,8,17,62.483425,27.942592,24496.0,HUMAN_OBSERVATION,iNaturalist research-grade observations,50c9509d-22c7-4a22-a47d-8c48425ef4a7,http://creativecommons.org/licenses/by-nc/4.0/legalcode,,Around an old Betula sp.,,
gbif,4926374752,2024-08-16,2024,8,16,61.645462,24.99739,8.0,HUMAN_OBSERVATION,iNaturalist research-grade observations,50c9509d-22c7-4a22-a47d-8c48425ef4a7,http://creativecommons.org/licenses/by-nc/4.0/legalcode,,,,
gbif,4926451350,2024-08-29,2024,8,29,62.10732,26.467174,1000.0,HUMAN_OBSERVATION,Noteworthy macrofungi - complete lists,86ef47b9-9300-4ead-b9c4-8df96d67d1f4,http://creativecommons.org/licenses/by/4.0/legalcode,,,"Harvahko mäntykangas, seassa muutamia nuoria koivuja ja kuusia.",
gbif,4926451362,2024-08-17,2024,8,17,61.533615,25.670302,1000.0,HUMAN_OBSERVATION,Noteworthy macrofungi - complete lists,86ef47b9-9300-4ead-b9c4-8df96d67d1f4,http://creativecommons.org/licenses/by/4.0/legalcode,,,,
gbif,4926451382,2024-08-18,2024,8,18,61.497026,25.666124,1.0,HUMAN_OBSERVATION,Noteworthy macrofungi - complete lists,86ef47b9-9300-4ead-b9c4-8df96d67d1f4,http://creativecommons.org/licenses/by/4.0/legalcode,,,,
gbif,4926451419,2024-08-22,2024,8,22,60.041482,23.709086,1000.0,HUMAN_OBSERVATION,Noteworthy macrofungi - complete lists,86ef47b9-9300-4ead-b9c4-8df96d67d1f4,http://creativecommons.org/licenses/by/4.0/legalcode,,,,
gbif,4926453304,2024-08-08,2024,8,8,61.896775,24.425214,1.0,HUMAN_OBSERVATION,LajiGIS: Miscellaneous occurrences,128e38cb-9d38-4ecf-989a-1d66175c20e6,http://creativecommons.org/licenses/by/4.0/legalcode,Kokemäenjoen vesistöalue,Keywords: { 3421871 | el_50419 },,
gbif,4926453325,2024-08-08,2024,8,8,61.894479,24.423484,1.0,HUMAN_OBSERVATION,LajiGIS: Miscellaneous occurrences,128e38cb-9d38-4ecf-989a-1d66175c20e6,http://creativecommons.org/licenses/by/4.0/legalcode,Kokemäenjoen vesistöalue,Keywords: { 3421887 | el_50419 },,
gbif,4926453354,2024-08-08,2024,8,8,61.895865,24.427461,1.0,HUMAN_OBSERVATION,LajiGIS: Miscellaneous occurrences,128e38cb-9d38-4ecf-989a-1d66175c20e6,http://creativecommons.org/licenses/by/4.0/legalcode,Kokemäenjoen vesistöalue,Keywords: { 3421872 | el_50419 },,
gbif,4926453360,2024-08-08,2024,8,8,61.895548,24.424898,1.0,HUMAN_OBSERVATION,LajiGIS: Miscellaneous occurrences,128e38cb-9d38-4ecf-989a-1d66175c20e6,http://creativecommons.org/licenses/by/4.0/legalcode,Kokemäenjoen vesistöalue,Keywords: { 3421884 | el_50419 },,
gbif,4927217337,2024-08-25,2024,8,25,60.336013,23.20345,1.0,PRESERVED_SPECIMEN,The Atlas of Finnish Fungi,2bc4c2db-1dfa-419c-93ce-6602c5ae8c99,http://creativecommons.org/licenses/by/4.0/legalcode,Pullola,Vaalea muoto,,
gbif,4927217390,2024-08-20,2024,8,20,63.033089,21.620142,1.0,HUMAN_OBSERVATION,The Atlas of Finnish Fungi,2bc4c2db-1dfa-419c-93ce-6602c5ae8c99,http://creativecommons.org/licenses/by/4.0/legalcode,,,,
gbif,4927217602,2024-08-25,2024,8,25,62.481262,21.634434,1.0,HUMAN_OBSERVATION,The Atlas of Finnish Fungi,2bc4c2db-1dfa-419c-93ce-6602c5ae8c99,http://creativecommons.org/licenses/by/4.0/legalcode,,,,
gbif,4927217753,2024-08-21,2024,8,21,63.030122,21.618458,1.0,MACHINE_OBSERVATION,The Atlas of Finnish Fungi,2bc4c2db-1dfa-419c-93ce-6602c5ae8c99,http://creativecommons.org/licenses/by/4.0/legalcode,,,,
gbif,4927217771,2024-08-24,2024,8,24,61.20071,26.080597,1000.0,HUMAN_OBSERVATION,The Atlas of Finnish Fungi,2bc4c2db-1dfa-419c-93ce-6602c5ae8c99,http://creativecommons.org/licenses/by/4.0/legalcode,,,"Sataojan luontopolkua ympäröivät metsät. Enimmäkseen mäntyä ja kuusta, vaihtelevasti pieniä lehtipuualueita",
gbif,4927217801,2024-08-28,2024,8,28,63.034647,21.605936,1.0,HUMAN_OBSERVATION,The Atlas of Finnish Fungi,2bc4c2db-1dfa-419c-93ce-6602c5ae8c99,http://creativecommons.org/licenses/by/4.0/legalcode,,,,
gbif,4927217950,2024-08-24,2024,8,24,60.264328,22.795167,1.0,MACHINE_OBSERVATION,The Atlas of Finnish Fungi,2bc4c2db-1dfa-419c-93ce-6602c5ae8c99,http://creativecommons.org/licenses/by/4.0/legalcode,"Sauvo, Ampola",,,
gbif,4927217970,2024-08-26,2024,8,26,60.596872,24.793816,1.0,MACHINE_OBSERVATION,The Atlas of Finnish Fungi,2bc4c2db-1dfa-419c-93ce-6602c5ae8c99,http://creativecommons.org/licenses/by/4.0/legalcode,Uumon metsä,,,
gbif,4927595356,2024-08-29,2024,8,29,60.182488,24.735184,1.0,HUMAN_OBSERVATION,"Notebook, general observations",df12ca07-f133-4550-ab3b-fde13f0e76ba,http://creativecommons.org/licenses/by/4.0/legalcode,,,,
gbif,4927604910,2024-08-23,2024,8,23,61.572805,29.332777,100.0,HUMAN_OBSERVATION,"Notebook, general observations",df12ca07-f133-4550-ab3b-fde13f0e76ba,http://creativecommons.org/licenses/by/4.0/legalcode,,,KASELY kartoitus,"kuusikko | OMT-MT, puronvarsi"
gbif,4929449479,2024-08-31,2024,8,31,61.468565,23.813738,1.0,HUMAN_OBSERVATION,The Atlas of Finnish Fungi,2bc4c2db-1dfa-419c-93ce-6602c5ae8c99,http://creativecommons.org/licenses/by/4.0/legalcode,,,,
gbif,4932047018,2024-08-12,2024,8,12,63.34603,30.474442,5.0,HUMAN_OBSERVATION,,8a863029-f435-446a-821e-275f4f641165,http://creativecommons.org/licenses/by-nc/4.0/legalcode,Ruunaa - N2000,,,unknown
gbif,4932668475,2024-08-17,2024,8,17,60.396133,25.142692,4.0,HUMAN_OBSERVATION,,8a863029-f435-446a-821e-275f4f641165,http://creativecommons.org/licenses/by-nc/4.0/legalcode,Kerava,,,unknown
gbif,4934254927,2024-08-12,2024,8,12,63.345947,30.474523,5.0,HUMAN_OBSERVATION,,8a863029-f435-446a-821e-275f4f641165,http://creativecommons.org/licenses/by-nc/4.0/legalcode,Ruunaa - N2000,,,unknown
gbif,4935494587,2024-08-08,2024,8,8,61.575528,26.719706,6.0,HUMAN_OBSERVATION,,8a863029-f435-446a-821e-275f4f641165,http://creativecommons.org/licenses/by-nc/4.0/legalcode,Hirvensalmi,,,unknown
gbif,4935642218,2024-08-24,2024,8,24,61.6626,26.045332,7.0,HUMAN_OBSERVATION,iNaturalist research-grade observations,50c9509d-22c7-4a22-a47d-8c48425ef4a7,http://creativecommons.org/licenses/by/4.0/legalcode,,,,
gbif,4935685021,2024-08-25,2024,8,25,61.643559,27.2264,24612.0,HUMAN_OBSERVATION,iNaturalist research-grade observations,50c9509d-22c7-4a22-a47d-8c48425ef4a7,http://creativecommons.org/licenses/by-nc/4.0/legalcode,,Yksittäinen itiöemä kuusimetsässä.,,
gbif,4935841125,2024-08-24,2024,8,24,61.960603,24.723506,,HUMAN_OBSERVATION,iNaturalist research-grade observations,50c9509d-22c7-4a22-a47d-8c48425ef4a7,http://creativecommons.org/licenses/by-nc/4.0/legalcode,,,,
gbif,4936205926,2024-08-31,2024,8,31,60.446792,27.392432,4159.0,HUMAN_OBSERVATION,iNaturalist research-grade observations,50c9509d-22c7-4a22-a47d-8c48425ef4a7,http://creativecommons.org/licenses/by-nc/4.0/legalcode,,,,
gbif,4937137183,2024-08-24,2024,8,24,60.973867,25.601708,,HUMAN_OBSERVATION,iNaturalist research-grade observations,50c9509d-22c7-4a22-a47d-8c48425ef4a7,http://creativecommons.org/licenses/by-nc/4.0/legalcode,,,,
gbif,4938777480,2024-08-23,2024,8,23,61.573994,29.330083,100.0,HUMAN_OBSERVATION,"Notebook, general observations",df12ca07-f133-4550-ab3b-fde13f0e76ba,http://creativecommons.org/licenses/by/4.0/legalcode,Paljakanvuoret,,KASELY kartoitus,"kallio ja kallion alusmetsä | varjoinen, tuore kangas"
gbif,4938781743,2024-08-23,2024,8,23,61.657936,29.590072,100.0,HUMAN_OBSERVATION,"Notebook, general observations",df12ca07-f133-4550-ab3b-fde13f0e76ba,http://creativecommons.org/licenses/by/4.0/legalcode,Vaaranmäki,,,lehto
gbif,4939479647,2024-08-02,2024,8,2,61.101278,28.211044,1000.0,HUMAN_OBSERVATION,"Notebook, general observations",df12ca07-f133-4550-ab3b-fde13f0e76ba,http://creativecommons.org/licenses/by/4.0/legalcode,Riihilahti,,KASELY kartoitus,rantakallio
gbif,4939480203,2024-08-18,2024,8,18,63.498778,25.49063,10000.0,HUMAN_OBSERVATION,"Notebook, general observations",df12ca07-f133-4550-ab3b-fde13f0e76ba,http://creativecommons.org/licenses/by/4.0/legalcode,,,,
gbif,4953135902,2024-08-04,2024,8,4,64.405457,25.253651,,HUMAN_OBSERVATION,iNaturalist research-grade observations,50c9509d-22c7-4a22-a47d-8c48425ef4a7,http://creativecommons.org/licenses/by-nc/4.0/legalcode,,,,
gbif,4977388323,2024-08-18,2024,8,18,60.733816,24.866093,100.0,HUMAN_OBSERVATION,Noteworthy macrofungi - complete lists,86ef47b9-9300-4ead-b9c4-8df96d67d1f4,http://creativecommons.org/licenses/by/4.0/legalcode,Selänoja,,Vanha rehevä kuusimetsä OMaT,
gbif,4987528645,2024-08-23,2024,8,23,60.305213,25.34155,7.0,HUMAN_OBSERVATION,iNaturalist research-grade observations,50c9509d-22c7-4a22-a47d-8c48425ef4a7,http://creativecommons.org/licenses/by-nc/4.0/legalcode,,,,
gbif,4987823254,2024-08-25,2024,8,25,60.194343,25.148359,,HUMAN_OBSERVATION,iNaturalist research-grade observations,50c9509d-22c7-4a22-a47d-8c48425ef4a7,http://creativecommons.org/licenses/by-nc/4.0/legalcode,,,,
gbif,5000542505,2024-08-02,2024,8,2,63.145448,21.550704,100.0,HUMAN_OBSERVATION,The Atlas of Finnish Fungi,2bc4c2db-1dfa-419c-93ce-6602c5ae8c99,http://creativecommons.org/licenses/by/4.0/legalcode,"Västervik, Strömsör",,,
gbif,5000542545,2024-08-29,2024,8,29,63.066894,21.735372,10.0,HUMAN_OBSERVATION,The Atlas of Finnish Fungi,2bc4c2db-1dfa-419c-93ce-6602c5ae8c99,http://creativecommons.org/licenses/by/4.0/legalcode,"Vanha Vaasa, Hoviikeuden metsä",,,
gbif,5076797653,2024-08-01,2024,8,1,60.745415,21.756152,488.0,HUMAN_OBSERVATION,iNaturalist research-grade observations,50c9509d-22c7-4a22-a47d-8c48425ef4a7,http://creativecommons.org/licenses/by/4.0/legalcode,,,,
gbif,5076805713,2024-08-14,2024,8,14,63.360965,27.402313,6.0,HUMAN_OBSERVATION,iNaturalist research-grade observations,50c9509d-22c7-4a22-a47d-8c48425ef4a7,http://creativecommons.org/licenses/by-nc/4.0/legalcode,,🍄‍🟫,,
gbif,5076808751,2024-08-31,2024,8,31,60.42167,22.320209,4.0,HUMAN_OBSERVATION,iNaturalist research-grade observations,50c9509d-22c7-4a22-a47d-8c48425ef4a7,http://creativecommons.org/licenses/by-nc/4.0/legalcode,,,,
gbif,5076814685,2024-08-10,2024,8,10,61.233465,21.461708,3.0,HUMAN_OBSERVATION,iNaturalist research-grade observations,50c9509d-22c7-4a22-a47d-8c48425ef4a7,http://creativecommons.org/licenses/by/4.0/legalcode,,,,
gbif,5080110420,2024-08-07,2024,8,7,59.940861,22.940493,,PRESERVED_SPECIMEN,"Fungal collection of the Botanical Museum, University of Oulu (OULU)",23acc755-a8a6-4cf8-bed0-83d30863acea,http://creativecommons.org/licenses/by/4.0/legalcode,Bromarv,Keywords: { http://tun.fi/GX.18937 | http://tun.fi/JX.1783568#3 },,"Mixed forest | Growing among sphagnum, leaf debris and needle litter"
gbif,5132565375,2024-08-15,2024,8,15,61.709131,22.333955,1000.0,HUMAN_OBSERVATION,Kastikka Floristic Archives (H),f2e389da-39c3-4f21-8d72-b7d574d924a9,http://creativecommons.org/licenses/by/4.0/legalcode,"Peräkylä, Rajakosken talon tuntuma, Saareksentie",Keywords: { KASVIATLAS },,"Keto tien varressa, sen pohjoispuolella"
gbif,5149195329,2024-08-17,2024,8,17,60.256642,24.608121,1000.0,MACHINE_OBSERVATION,The Atlas of Finnish Fungi,2bc4c2db-1dfa-419c-93ce-6602c5ae8c99,http://creativecommons.org/licenses/by/4.0/legalcode,Brobacka - Hakjärvimossen,,,
gbif,5198798788,2024-08-04,2024,8,4,62.884326,27.610565,992.0,HUMAN_OBSERVATION,iNaturalist research-grade observations,50c9509d-22c7-4a22-a47d-8c48425ef4a7,http://creativecommons.org/licenses/by-nc/4.0/legalcode,,,,
gbif,5222776316,2024-08-24,2024,8,24,60.635065,27.229796,100.0,MACHINE_OBSERVATION,The Atlas of Finnish Fungi,2bc4c2db-1dfa-419c-93ce-6602c5ae8c99,http://creativecommons.org/licenses/by/4.0/legalcode,"Leirikankaan hautausmaa, kappelin etupiha",,,
gbif,5839910758,2024-08-24,2024,8,24,60.156207,24.563209,167.0,HUMAN_OBSERVATION,iNaturalist research-grade observations,50c9509d-22c7-4a22-a47d-8c48425ef4a7,http://creativecommons.org/licenses/by-nc/4.0/legalcode,,,,
gbif,6183180577,2024-08-21,2024,8,21,62.061578,29.541925,5.0,HUMAN_OBSERVATION,,8a863029-f435-446a-821e-275f4f641165,http://creativecommons.org/licenses/by-nc/4.0/legalcode,Kesälahti,,,unknown
gbif,6184505347,2024-08-22,2024,8,22,61.976502,30.092881,1000.0,MACHINE_OBSERVATION,The Atlas of Finnish Fungi,2bc4c2db-1dfa-419c-93ce-6602c5ae8c99,http://creativecommons.org/licenses/by/4.0/legalcode,,,,
gbif,6290824333,2024-08-26,2024,8,26,63.231622,25.879555,1.0,MACHINE_OBSERVATION,"Notebook, general observations",df12ca07-f133-4550-ab3b-fde13f0e76ba,http://creativecommons.org/licenses/by/4.0/legalcode,"Viitasaari, Kolima",,,
gbif,6352448037,2024-08-25,2024,8,25,61.192086,27.486752,133.0,HUMAN_OBSERVATION,iNaturalist research-grade observations,50c9509d-22c7-4a22-a47d-8c48425ef4a7,http://creativecommons.org/publicdomain/zero/1.0/legalcode,,,,
gbif,6353215001,2024-08-07,2024,8,7,60.292044,23.866484,9.0,HUMAN_OBSERVATION,iNaturalist research-grade observations,50c9509d-22c7-4a22-a47d-8c48425ef4a7,http://creativecommons.org/licenses/by-nc/4.0/legalcode,,,,
gbif,4929449346,2024-09-02,2024,9,2,62.853535,25.463138,1.0,MACHINE_OBSERVATION,The Atlas of Finnish Fungi,2bc4c2db-1dfa-419c-93ce-6602c5ae8c99,http://creativecommons.org/licenses/by/4.0/legalcode,Pyhä-Häkki,,,
gbif,4929449371,2024-09-03,2024,9,3,61.80781,29.30128,1000.0,HUMAN_OBSERVATION,The Atlas of Finnish Fungi,2bc4c2db-1dfa-419c-93ce-6602c5ae8c99,http://creativecommons.org/licenses/by/4.0/legalcode,"Punkaharju, Laukansaari LS",Keywords: { sienityöryhmä Punkaharju },mäntykangasta ja suppa-alueita sekä rantaa,
gbif,4929449403,2024-09-05,2024,9,5,63.995614,27.403744,100.0,MACHINE_OBSERVATION,The Atlas of Finnish Fungi,2bc4c2db-1dfa-419c-93ce-6602c5ae8c99,http://creativecommons.org/licenses/by/4.0/legalcode,Hatulanmäki,,,
gbif,4929449700,2024-09-03,2024,9,3,60.386086,25.646991,1.0,MACHINE_OBSERVATION,The Atlas of Finnish Fungi,2bc4c2db-1dfa-419c-93ce-6602c5ae8c99,http://creativecommons.org/licenses/by/4.0/legalcode,Näsi,,,
gbif,4929449861,2024-09-05,2024,9,5,61.799575,29.332766,1.0,MACHINE_OBSERVATION,The Atlas of Finnish Fungi,2bc4c2db-1dfa-419c-93ce-6602c5ae8c99,http://creativecommons.org/licenses/by/4.0/legalcode,"Lusto, Mäntylä",Keywords: { Sienityöryhmä2024 },,
gbif,4929449965,2024-09-02,2024,9,2,62.091838,27.775578,1000.0,HUMAN_OBSERVATION,The Atlas of Finnish Fungi,2bc4c2db-1dfa-419c-93ce-6602c5ae8c99,http://creativecommons.org/licenses/by/4.0/legalcode,"Lahnalahti, Rämäpurontie,  LS",Keywords: { Sienityöryhmä | Punkaharju },"Kuusivaltaista metsää, seassa mäntyä ja koivua, rinteitä ja notkelmia, kaatuneita puita, osittain suota",
gbif,4929450117,2024-09-01,2024,9,1,60.321374,24.696403,100.0,MACHINE_OBSERVATION,The Atlas of Finnish Fungi,2bc4c2db-1dfa-419c-93ce-6602c5ae8c99,http://creativecommons.org/licenses/by/4.0/legalcode,Luukki Ketunkorpi,,,
gbif,4929450129,2024-09-02,2024,9,2,60.66412,24.325606,1000.0,MACHINE_OBSERVATION,The Atlas of Finnish Fungi,2bc4c2db-1dfa-419c-93ce-6602c5ae8c99,http://creativecommons.org/licenses/by/4.0/legalcode,Luutasyrjänmäki,Keywords: { Sienityöryhmä2024 },Koivu ja kuusivaltainen suppa,
gbif,4929450244,2024-09-03,2024,9,3,60.277209,25.164004,1000.0,MACHINE_OBSERVATION,The Atlas of Finnish Fungi,2bc4c2db-1dfa-419c-93ce-6602c5ae8c99,http://creativecommons.org/licenses/by/4.0/legalcode,Sipoonkorpi  Flatberget - Gumböleträsk - Storträsk,,,
gbif,4929450491,2024-09-05,2024,9,5,61.917119,29.03791,1.0,MACHINE_OBSERVATION,The Atlas of Finnish Fungi,2bc4c2db-1dfa-419c-93ce-6602c5ae8c99,http://creativecommons.org/licenses/by/4.0/legalcode,Pyörössalo,Keywords: { Sienityöryhmä2024 },Harjumaaston jälkeen luonnonsuojelualuetta,
gbif,4939435316,2024-09-14,2024,9,14,60.041719,23.708709,1000.0,HUMAN_OBSERVATION,Noteworthy macrofungi - complete lists,86ef47b9-9300-4ead-b9c4-8df96d67d1f4,http://creativecommons.org/licenses/by/4.0/legalcode,,,,
gbif,4939435346,2024-09-13,2024,9,13,60.288705,25.191159,1000.0,HUMAN_OBSERVATION,Noteworthy macrofungi - complete lists,86ef47b9-9300-4ead-b9c4-8df96d67d1f4,http://creativecommons.org/licenses/by/4.0/legalcode,Sipoonkorpi,,,
gbif,4939481744,2024-09-12,2024,9,12,61.041787,28.091519,1000.0,HUMAN_OBSERVATION,"Notebook, general observations",df12ca07-f133-4550-ab3b-fde13f0e76ba,http://creativecommons.org/licenses/by/4.0/legalcode,Uus-Lavola,,KASELY kartoitus,kuusi-sekametsä | enimmäkseen MT
gbif,4943132343,2024-09-08,2024,9,8,66.504245,25.763286,1.0,PRESERVED_SPECIMEN,The Atlas of Finnish Fungi,2bc4c2db-1dfa-419c-93ce-6602c5ae8c99,http://creativecommons.org/licenses/by/4.0/legalcode,Ounasvaara,"Keywords: { FIAT2024 } | Itiökoko (7.2) 7.6 - 8.4 (9.7) × (4.1) 4.3 - 5.1 (5.3) µm, Q = (1.5) 1.6 - 1.8 (1.9) ; N = 10. Sinkilällinen",Kuivahko mäntykangas,
gbif,4943132516,2024-09-08,2024,9,8,60.176355,24.627652,1.0,HUMAN_OBSERVATION,The Atlas of Finnish Fungi,2bc4c2db-1dfa-419c-93ce-6602c5ae8c99,http://creativecommons.org/licenses/by/4.0/legalcode,,,,
gbif,4943132544,2024-09-12,2024,9,12,61.456077,23.896467,1.0,MACHINE_OBSERVATION,The Atlas of Finnish Fungi,2bc4c2db-1dfa-419c-93ce-6602c5ae8c99,http://creativecommons.org/licenses/by/4.0/legalcode,,,,
gbif,4943132586,2024-09-15,2024,9,15,61.468721,23.81412,1.0,HUMAN_OBSERVATION,The Atlas of Finnish Fungi,2bc4c2db-1dfa-419c-93ce-6602c5ae8c99,http://creativecommons.org/licenses/by/4.0/legalcode,,,,
gbif,4943132815,2024-09-16,2024,9,16,60.294993,23.331059,100.0,MACHINE_OBSERVATION,The Atlas of Finnish Fungi,2bc4c2db-1dfa-419c-93ce-6602c5ae8c99,http://creativecommons.org/licenses/by/4.0/legalcode,Lakianummi,,,
gbif,4943133063,2024-09-08,2024,9,8,62.083178,29.892567,1.0,MACHINE_OBSERVATION,The Atlas of Finnish Fungi,2bc4c2db-1dfa-419c-93ce-6602c5ae8c99,http://creativecommons.org/licenses/by/4.0/legalcode,Puhos,,Kuntoradan länsipuolinen metsä,
gbif,4943133181,2024-09-08,2024,9,8,60.541565,24.552108,1000.0,MACHINE_OBSERVATION,The Atlas of Finnish Fungi,2bc4c2db-1dfa-419c-93ce-6602c5ae8c99,http://creativecommons.org/licenses/by/4.0/legalcode,Komi,,,
gbif,4943133208,2024-09-09,2024,9,9,60.437494,23.113214,1.0,MACHINE_OBSERVATION,The Atlas of Finnish Fungi,2bc4c2db-1dfa-419c-93ce-6602c5ae8c99,http://creativecommons.org/licenses/by/4.0/legalcode,"Salainen,  Kalkkimäki",,,
gbif,4943133527,2024-09-08,2024,9,8,62.086053,29.949874,100.0,HUMAN_OBSERVATION,The Atlas of Finnish Fungi,2bc4c2db-1dfa-419c-93ce-6602c5ae8c99,http://creativecommons.org/licenses/by/4.0/legalcode,Ylä-Koivikon hautausmaa,,Sekametsä myös lehtikuusta,
gbif,4945486729,2024-09-03,2024,9,3,61.444074,23.824194,372.0,HUMAN_OBSERVATION,iNaturalist research-grade observations,50c9509d-22c7-4a22-a47d-8c48425ef4a7,http://creativecommons.org/licenses/by-nc/4.0/legalcode,,Monster of a mutant looking chanterelle. The pseudo-gills had extra structure that looked almost like a slime mold. Biggest one I’ve seen.,,
gbif,4945693432,2024-09-04,2024,9,4,60.49493,25.042661,5766.0,HUMAN_OBSERVATION,iNaturalist research-grade observations,50c9509d-22c7-4a22-a47d-8c48425ef4a7,http://creativecommons.org/licenses/by-nc/4.0/legalcode,,,,
gbif,4945732461,2024-09-07,2024,9,7,63.245845,27.425623,976.0,HUMAN_OBSERVATION,iNaturalist research-grade observations,50c9509d-22c7-4a22-a47d-8c48425ef4a7,http://creativecommons.org/licenses/by-nc/4.0/legalcode,,Löytyi märältä kohalta.,,
gbif,4945770193,2024-09-08,2024,9,8,62.199495,24.60208,,HUMAN_OBSERVATION,iNaturalist research-grade observations,50c9509d-22c7-4a22-a47d-8c48425ef4a7,http://creativecommons.org/licenses/by-nc/4.0/legalcode,,,,
gbif,4946105532,2024-09-06,2024,9,6,60.056286,24.297344,,HUMAN_OBSERVATION,iNaturalist research-grade observations,50c9509d-22c7-4a22-a47d-8c48425ef4a7,http://creativecommons.org/licenses/by/4.0/legalcode,,,,
gbif,4946326928,2024-09-17,2024,9,17,63.459315,27.28693,24353.0,HUMAN_OBSERVATION,iNaturalist research-grade observations,50c9509d-22c7-4a22-a47d-8c48425ef4a7,http://creativecommons.org/licenses/by-nc/4.0/legalcode,,Näin havumetsässö missä on märkä otin kotiin ton,,
gbif,4946499750,2024-09-07,2024,9,7,60.870206,22.290694,2702.0,HUMAN_OBSERVATION,iNaturalist research-grade observations,50c9509d-22c7-4a22-a47d-8c48425ef4a7,http://creativecommons.org/licenses/by-nc/4.0/legalcode,,,,
gbif,4946513688,2024-09-08,2024,9,8,63.363903,27.389273,15010.0,HUMAN_OBSERVATION,iNaturalist research-grade observations,50c9509d-22c7-4a22-a47d-8c48425ef4a7,http://creativecommons.org/licenses/by-nc/4.0/legalcode,,Kasvaa kosteassa mäntymetsässä,,
gbif,4946986895,2024-09-22,2024,9,22,60.426474,22.204831,1000.0,HUMAN_OBSERVATION,"Notebook, general observations",df12ca07-f133-4550-ab3b-fde13f0e76ba,http://creativecommons.org/licenses/by/4.0/legalcode,Pikisaari,,Määrityksiä Turun Sieniseuran sieninäyttelystä,
gbif,4946987008,2024-09-21,2024,9,21,60.181558,24.660041,1000.0,HUMAN_OBSERVATION,"Notebook, general observations",df12ca07-f133-4550-ab3b-fde13f0e76ba,http://creativecommons.org/licenses/by/4.0/legalcode,Latokaski,Keywords: { siira },,
gbif,4950072255,2024-09-19,2024,9,19,60.9789,24.448898,5.0,HUMAN_OBSERVATION,iNaturalist research-grade observations,50c9509d-22c7-4a22-a47d-8c48425ef4a7,http://creativecommons.org/licenses/by-nc/4.0/legalcode,,,,
gbif,4950254240,2024-09-07,2024,9,7,62.25322,25.681727,115.0,HUMAN_OBSERVATION,iNaturalist research-grade observations,50c9509d-22c7-4a22-a47d-8c48425ef4a7,http://creativecommons.org/licenses/by-nc/4.0/legalcode,,"Tuoreen kankaan uudistuskypsä kuusikko, polun vieressä",,
gbif,4952217534,2024-09-26,2024,9,26,60.498697,22.465968,76.0,HUMAN_OBSERVATION,iNaturalist research-grade observations,50c9509d-22c7-4a22-a47d-8c48425ef4a7,http://creativecommons.org/licenses/by-nc/4.0/legalcode,,,,
gbif,4952230811,2024-09-16,2024,9,16,61.467022,23.814255,3.0,HUMAN_OBSERVATION,iNaturalist research-grade observations,50c9509d-22c7-4a22-a47d-8c48425ef4a7,http://creativecommons.org/licenses/by-nc/4.0/legalcode,,,,
gbif,4952534522,2024-09-27,2024,9,27,60.199695,25.140917,400.0,HUMAN_OBSERVATION,iNaturalist research-grade observations,50c9509d-22c7-4a22-a47d-8c48425ef4a7,http://creativecommons.org/licenses/by-nc/4.0/legalcode,,,,
gbif,4952929026,2024-09-26,2024,9,26,60.498977,22.462761,43.0,HUMAN_OBSERVATION,iNaturalist research-grade observations,50c9509d-22c7-4a22-a47d-8c48425ef4a7,http://creativecommons.org/licenses/by-nc/4.0/legalcode,,,,
gbif,4952942565,2024-09-30,2024,9,30,62.520464,21.08036,1005.0,HUMAN_OBSERVATION,iNaturalist research-grade observations,50c9509d-22c7-4a22-a47d-8c48425ef4a7,http://creativecommons.org/licenses/by-nc/4.0/legalcode,,,,
gbif,4953002200,2024-09-29,2024,9,29,60.270411,24.850554,24819.0,HUMAN_OBSERVATION,iNaturalist research-grade observations,50c9509d-22c7-4a22-a47d-8c48425ef4a7,http://creativecommons.org/publicdomain/zero/1.0/legalcode,,,,
gbif,4953117054,2024-09-22,2024,9,22,61.655932,26.05456,20.0,HUMAN_OBSERVATION,iNaturalist research-grade observations,50c9509d-22c7-4a22-a47d-8c48425ef4a7,http://creativecommons.org/licenses/by/4.0/legalcode,,,,
gbif,4953174896,2024-09-15,2024,9,15,60.161828,24.76238,5.0,HUMAN_OBSERVATION,iNaturalist research-grade observations,50c9509d-22c7-4a22-a47d-8c48425ef4a7,http://creativecommons.org/publicdomain/zero/1.0/legalcode,,,,
gbif,4956709920,2024-09-28,2024,9,28,60.224054,25.146338,6.0,HUMAN_OBSERVATION,,8a863029-f435-446a-821e-275f4f641165,http://creativecommons.org/licenses/by-nc/4.0/legalcode,Helsinki,,,unknown
gbif,4956758456,2024-09-26,2024,9,26,60.394797,25.139231,5.0,HUMAN_OBSERVATION,,8a863029-f435-446a-821e-275f4f641165,http://creativecommons.org/licenses/by-nc/4.0/legalcode,Kerava,,,unknown
gbif,4957000093,2024-09-02,2024,9,2,60.394072,25.137781,22.0,HUMAN_OBSERVATION,,8a863029-f435-446a-821e-275f4f641165,http://creativecommons.org/licenses/by-nc/4.0/legalcode,Kerava,,,unknown
gbif,4957429872,2024-09-01,2024,9,1,63.55842,26.598644,170.0,HUMAN_OBSERVATION,,8a863029-f435-446a-821e-275f4f641165,http://creativecommons.org/licenses/by-nc/4.0/legalcode,Kiuruvesi,,,unknown
gbif,4977388340,2024-09-30,2024,9,30,60.286175,24.587261,1000.0,HUMAN_OBSERVATION,Noteworthy macrofungi - complete lists,86ef47b9-9300-4ead-b9c4-8df96d67d1f4,http://creativecommons.org/licenses/by/4.0/legalcode,,,Kuusivaltainen sekametsä,
gbif,4977388375,2024-09-22,2024,9,22,60.041902,23.708689,1000.0,HUMAN_OBSERVATION,Noteworthy macrofungi - complete lists,86ef47b9-9300-4ead-b9c4-8df96d67d1f4,http://creativecommons.org/licenses/by/4.0/legalcode,,,,
gbif,4978998092,2024-09-21,2024,9,21,61.675318,25.004309,1000.0,HUMAN_OBSERVATION,"Notebook, general observations",df12ca07-f133-4550-ab3b-fde13f0e76ba,http://creativecommons.org/licenses/by/4.0/legalcode,"Isojärven kansallispuisto, Heretty",,,
gbif,4979541485,2024-09-21,2024,9,21,61.466,23.464,1.0,HUMAN_OBSERVATION,The Atlas of Finnish Fungi,2bc4c2db-1dfa-419c-93ce-6602c5ae8c99,http://creativecommons.org/licenses/by/4.0/legalcode,"Utola, Koskivaara",Keywords: { Sieniatlas Nokia 2024 },"Maantienvarsi, luontopolku, paahteinen rantametsikkö jossa suuret korkeuserot",
gbif,4979541495,2024-09-21,2024,9,21,61.467,23.467,1.0,HUMAN_OBSERVATION,The Atlas of Finnish Fungi,2bc4c2db-1dfa-419c-93ce-6602c5ae8c99,http://creativecommons.org/licenses/by/4.0/legalcode,"Utola, Koskivaara",Keywords: { Sieniatlas Nokia 2024 },"Maantienvarsi, luontopolku, paahteinen rantametsikkö jossa suuret korkeuserot",
gbif,4979541561,2024-09-07,2024,9,7,60.470319,22.320156,1.0,MACHINE_OBSERVATION,The Atlas of Finnish Fungi,2bc4c2db-1dfa-419c-93ce-6602c5ae8c99,http://creativecommons.org/licenses/by/4.0/legalcode,,,,
gbif,4979542880,2024-09-28,2024,9,28,60.372646,23.658553,1.0,MACHINE_OBSERVATION,The Atlas of Finnish Fungi,2bc4c2db-1dfa-419c-93ce-6602c5ae8c99,http://creativecommons.org/licenses/by/4.0/legalcode,Saarilampi,,Saarilammen kaakkoispuolella suojelualueen ulkopuolella,
gbif,4979543544,2024-09-26,2024,9,26,60.274316,25.794523,1.0,MACHINE_OBSERVATION,The Atlas of Finnish Fungi,2bc4c2db-1dfa-419c-93ce-6602c5ae8c99,http://creativecommons.org/licenses/by/4.0/legalcode,Sondby Sandmalmen,Siellä täällä havaintoalueella,,
gbif,4979544646,2024-09-21,2024,9,21,61.469342,23.470243,1.0,MACHINE_OBSERVATION,The Atlas of Finnish Fungi,2bc4c2db-1dfa-419c-93ce-6602c5ae8c99,http://creativecommons.org/licenses/by/4.0/legalcode,Utola,Keywords: { Sieniatlas Nokia 2024 },"Pähkinäpensaslehtoa, tuoretta lehtoa",
gbif,4980129350,2024-09-18,2024,9,18,61.934893,23.579714,1.0,HUMAN_OBSERVATION,LajiGIS: Miscellaneous occurrences,128e38cb-9d38-4ecf-989a-1d66175c20e6,http://creativecommons.org/licenses/by/4.0/legalcode,Kokemäenjoen vesistöalue,Keywords: { 3485690 | el_50419 },,
gbif,4980129359,2024-09-17,2024,9,17,61.937862,23.578809,1.0,HUMAN_OBSERVATION,LajiGIS: Miscellaneous occurrences,128e38cb-9d38-4ecf-989a-1d66175c20e6,http://creativecommons.org/licenses/by/4.0/legalcode,Kokemäenjoen vesistöalue,Keywords: { 3485674 | el_50419 },,
gbif,4980129372,2024-09-18,2024,9,18,61.933567,23.580968,1.0,HUMAN_OBSERVATION,LajiGIS: Miscellaneous occurrences,128e38cb-9d38-4ecf-989a-1d66175c20e6,http://creativecommons.org/licenses/by/4.0/legalcode,Kokemäenjoen vesistöalue,Keywords: { 3485694 | el_50419 },,
gbif,4980129423,2024-09-18,2024,9,18,61.934197,23.579563,1.0,HUMAN_OBSERVATION,LajiGIS: Miscellaneous occurrences,128e38cb-9d38-4ecf-989a-1d66175c20e6,http://creativecommons.org/licenses/by/4.0/legalcode,Kokemäenjoen vesistöalue,Keywords: { 3485695 | el_50419 },,
gbif,4987458883,2024-09-06,2024,9,6,60.248688,24.834448,1414.0,HUMAN_OBSERVATION,iNaturalist research-grade observations,50c9509d-22c7-4a22-a47d-8c48425ef4a7,http://creativecommons.org/licenses/by-nc/4.0/legalcode,,,,
gbif,4987599418,2024-09-05,2024,9,5,60.182105,24.724525,10.0,HUMAN_OBSERVATION,iNaturalist research-grade observations,50c9509d-22c7-4a22-a47d-8c48425ef4a7,http://creativecommons.org/publicdomain/zero/1.0/legalcode,,,,
gbif,4987659929,2024-09-29,2024,9,29,60.395703,25.082951,5.0,HUMAN_OBSERVATION,iNaturalist research-grade observations,50c9509d-22c7-4a22-a47d-8c48425ef4a7,http://creativecommons.org/licenses/by-nc/4.0/legalcode,,,,
gbif,4987668439,2024-09-18,2024,9,18,60.769785,23.869561,82.0,HUMAN_OBSERVATION,iNaturalist research-grade observations,50c9509d-22c7-4a22-a47d-8c48425ef4a7,http://creativecommons.org/licenses/by-nc/4.0/legalcode,,,,
gbif,4987708693,2024-09-16,2024,9,16,60.745415,21.756152,488.0,HUMAN_OBSERVATION,iNaturalist research-grade observations,50c9509d-22c7-4a22-a47d-8c48425ef4a7,http://creativecommons.org/licenses/by/4.0/legalcode,,,,
gbif,4987730422,2024-09-28,2024,9,28,63.370234,27.067843,3.0,HUMAN_OBSERVATION,iNaturalist research-grade observations,50c9509d-22c7-4a22-a47d-8c48425ef4a7,http://creativecommons.org/licenses/by-nc/4.0/legalcode,,,,
gbif,5066431453,2024-09-08,2024,9,8,66.504244,25.763282,,PRESERVED_SPECIMEN,"Fungal collection of the Botanical Museum, University of Oulu (OULU)",23acc755-a8a6-4cf8-bed0-83d30863acea,http://creativecommons.org/licenses/by/4.0/legalcode,Ounasvaara,Keywords: { http://tun.fi/GX.18915 | http://tun.fi/JX.1766554#3 },,Kuivahko mäntykangas | Maassa
gbif,5076821735,2024-09-03,2024,9,3,60.545502,26.892645,1414.0,HUMAN_OBSERVATION,iNaturalist research-grade observations,50c9509d-22c7-4a22-a47d-8c48425ef4a7,http://creativecommons.org/licenses/by-nc/4.0/legalcode,,,,
gbif,5099146377,2024-09-01,2024,9,1,62.213126,29.443652,1000.0,MACHINE_OBSERVATION,The Atlas of Finnish Fungi,2bc4c2db-1dfa-419c-93ce-6602c5ae8c99,http://creativecommons.org/licenses/by/4.0/legalcode,Selkä-Jaakko,,,
gbif,5100651701,2024-09-09,2024,9,9,61.267091,28.859088,1000.0,HUMAN_OBSERVATION,"Notebook, general observations",df12ca07-f133-4550-ab3b-fde13f0e76ba,http://creativecommons.org/licenses/by/4.0/legalcode,Risuniemi,,KASELY kartoitus,"lehto | lehtoa, vanha pihapiiri umpeenkasvavaa peltoa"
gbif,5106373354,2024-09-01,2024,9,1,62.207858,29.424225,1000.0,MACHINE_OBSERVATION,The Atlas of Finnish Fungi,2bc4c2db-1dfa-419c-93ce-6602c5ae8c99,http://creativecommons.org/licenses/by/4.0/legalcode,Niinisaari,,,
gbif,5216911927,2024-09-01,2024,9,1,64.164661,26.512794,6.0,HUMAN_OBSERVATION,iNaturalist research-grade observations,50c9509d-22c7-4a22-a47d-8c48425ef4a7,http://creativecommons.org/licenses/by-nc/4.0/legalcode,,,,
gbif,6215492347,2024-09-07,2024,9,7,62.155452,29.989757,1000.0,MACHINE_OBSERVATION,The Atlas of Finnish Fungi,2bc4c2db-1dfa-419c-93ce-6602c5ae8c99,http://creativecommons.org/licenses/by/4.0/legalcode,,,,
gbif,4952449997,2024-10-03,2024,10,3,60.226752,25.023639,35.0,HUMAN_OBSERVATION,iNaturalist research-grade observations,50c9509d-22c7-4a22-a47d-8c48425ef4a7,http://creativecommons.org/licenses/by-nc/4.0/legalcode,,,,
gbif,4954540006,2024-10-15,2024,10,15,61.192693,21.652849,7.0,HUMAN_OBSERVATION,iNaturalist research-grade observations,50c9509d-22c7-4a22-a47d-8c48425ef4a7,http://creativecommons.org/licenses/by-nc/4.0/legalcode,,,,
gbif,4954596064,2024-10-15,2024,10,15,60.3661,25.707374,,HUMAN_OBSERVATION,iNaturalist research-grade observations,50c9509d-22c7-4a22-a47d-8c48425ef4a7,http://creativecommons.org/licenses/by-nc/4.0/legalcode,,,,
gbif,4957748625,2024-10-08,2024,10,8,61.882337,25.205405,5.0,HUMAN_OBSERVATION,,8a863029-f435-446a-821e-275f4f641165,http://creativecommons.org/licenses/by-nc/4.0/legalcode,Jämsä,,,unknown
gbif,4973800266,2024-10-16,2024,10,16,61.053677,25.038603,75.0,HUMAN_OBSERVATION,iNaturalist research-grade observations,50c9509d-22c7-4a22-a47d-8c48425ef4a7,http://creativecommons.org/licenses/by-nc/4.0/legalcode,,,,
gbif,4973872695,2024-10-16,2024,10,16,60.411936,24.978302,24790.0,HUMAN_OBSERVATION,iNaturalist research-grade observations,50c9509d-22c7-4a22-a47d-8c48425ef4a7,http://creativecommons.org/licenses/by-nc/4.0/legalcode,,,,
gbif,4974127850,2024-10-17,2024,10,17,61.18447,21.658863,3.0,HUMAN_OBSERVATION,iNaturalist research-grade observations,50c9509d-22c7-4a22-a47d-8c48425ef4a7,http://creativecommons.org/licenses/by-nc/4.0/legalcode,,,,
gbif,4974207140,2024-10-22,2024,10,22,60.377705,25.737438,,HUMAN_OBSERVATION,iNaturalist research-grade observations,50c9509d-22c7-4a22-a47d-8c48425ef4a7,http://creativecommons.org/licenses/by-nc/4.0/legalcode,,,,
gbif,4974327570,2024-10-17,2024,10,17,61.183964,21.648148,3.0,HUMAN_OBSERVATION,iNaturalist research-grade observations,50c9509d-22c7-4a22-a47d-8c48425ef4a7,http://creativecommons.org/licenses/by-nc/4.0/legalcode,,,,
gbif,4976611475,2024-10-28,2024,10,28,63.296736,21.741843,4163.0,HUMAN_OBSERVATION,iNaturalist research-grade observations,50c9509d-22c7-4a22-a47d-8c48425ef4a7,http://creativecommons.org/licenses/by-nc/4.0/legalcode,,,,
gbif,4977388348,2024-10-05,2024,10,5,60.531913,25.084225,10000.0,HUMAN_OBSERVATION,Noteworthy macrofungi - complete lists,86ef47b9-9300-4ead-b9c4-8df96d67d1f4,http://creativecommons.org/licenses/by/4.0/legalcode,,,,
gbif,4979044109,2024-10-30,2024,10,30,60.792517,23.632806,1.0,MACHINE_OBSERVATION,"Notebook, general observations",df12ca07-f133-4550-ab3b-fde13f0e76ba,http://creativecommons.org/licenses/by/4.0/legalcode,"Haudankorva, Rytökallio",,"Metsäalue, jossa vanha pururata. Tuuli haittasi ajoittain havainnointia, muutoin sää loistava",
gbif,4979044679,2024-10-18,2024,10,18,61.094245,28.426262,1.0,HUMAN_OBSERVATION,"Notebook, general observations",df12ca07-f133-4550-ab3b-fde13f0e76ba,http://creativecommons.org/licenses/by/4.0/legalcode,Rummunnotkot,,,"tuore kangas (MT), kuusikko"
gbif,4979541906,2024-10-13,2024,10,13,61.470413,23.811455,1.0,HUMAN_OBSERVATION,The Atlas of Finnish Fungi,2bc4c2db-1dfa-419c-93ce-6602c5ae8c99,http://creativecommons.org/licenses/by/4.0/legalcode,,,,
gbif,4979542550,2024-10-07,2024,10,7,63.057414,21.592714,1.0,HUMAN_OBSERVATION,The Atlas of Finnish Fungi,2bc4c2db-1dfa-419c-93ce-6602c5ae8c99,http://creativecommons.org/licenses/by/4.0/legalcode,,,,
gbif,4979542584,2024-10-27,2024,10,27,61.466573,23.812913,1.0,HUMAN_OBSERVATION,The Atlas of Finnish Fungi,2bc4c2db-1dfa-419c-93ce-6602c5ae8c99,http://creativecommons.org/licenses/by/4.0/legalcode,,,,
gbif,4979543601,2024-10-03,2024,10,3,61.591393,25.399056,1000.0,PRESERVED_SPECIMEN,The Atlas of Finnish Fungi,2bc4c2db-1dfa-419c-93ce-6602c5ae8c99,http://creativecommons.org/licenses/by/4.0/legalcode,"Kuhmoinen, Tehinniemi, Niklaksenaho LS",,"Vanhahkoa kuusimetsää, sekapuuna mäntyä, muutama koivu ja haapa, notkoissa lehtipensaikkoa",
gbif,4979544775,2024-10-05,2024,10,5,61.468489,23.81464,1.0,HUMAN_OBSERVATION,The Atlas of Finnish Fungi,2bc4c2db-1dfa-419c-93ce-6602c5ae8c99,http://creativecommons.org/licenses/by/4.0/legalcode,,,,
gbif,4985645954,2024-10-18,2024,10,18,61.907853,25.222625,5.0,HUMAN_OBSERVATION,,8a863029-f435-446a-821e-275f4f641165,http://creativecommons.org/licenses/by-nc/4.0/legalcode,Jämsä,,,unknown
gbif,4987747364,2024-10-17,2024,10,17,61.184654,21.666727,3.0,HUMAN_OBSERVATION,iNaturalist research-grade observations,50c9509d-22c7-4a22-a47d-8c48425ef4a7,http://creativecommons.org/licenses/by-nc/4.0/legalcode,,,,
gbif,5029068542,2024-10-19,2024,10,19,59.854574,23.070532,1.0,MACHINE_OBSERVATION,The Atlas of Finnish Fungi,2bc4c2db-1dfa-419c-93ce-6602c5ae8c99,http://creativecommons.org/licenses/by/4.0/legalcode,Hanko Träskesmossen,,Mänty- ja kuusimetsää sekä vanhaa hakkuuta ja lahokoivuja sen jäljiltä,
gbif,5029068658,2024-10-01,2024,10,1,63.124939,21.730899,10.0,HUMAN_OBSERVATION,The Atlas of Finnish Fungi,2bc4c2db-1dfa-419c-93ce-6602c5ae8c99,http://creativecommons.org/licenses/by/4.0/legalcode,Fågelberget,,,
gbif,5058087241,2024-10-17,2024,10,17,61.101008,28.32329,100.0,HUMAN_OBSERVATION,"Notebook, general observations",df12ca07-f133-4550-ab3b-fde13f0e76ba,http://creativecommons.org/licenses/by/4.0/legalcode,Niemenluoto,,,metsä ja järvenranta | metsä palanut joitakin aikoja sitten
gbif,5215862259,2024-10-11,2024,10,11,61.493656,24.024992,,HUMAN_OBSERVATION,iNaturalist research-grade observations,50c9509d-22c7-4a22-a47d-8c48425ef4a7,http://creativecommons.org/licenses/by-nc/4.0/legalcode,,,,
gbif,5217614228,2024-10-11,2024,10,11,61.493739,24.024322,,HUMAN_OBSERVATION,iNaturalist research-grade observations,50c9509d-22c7-4a22-a47d-8c48425ef4a7,http://creativecommons.org/licenses/by-nc/4.0/legalcode,,Amanita Muscaria also present,,
gbif,6252825449,2024-10-19,2024,10,19,61.199853,28.730887,19.0,HUMAN_OBSERVATION,iNaturalist research-grade observations,50c9509d-22c7-4a22-a47d-8c48425ef4a7,http://creativecommons.org/licenses/by-nc/4.0/legalcode,,,,
gbif,4979044245,2024-11-04,2024,11,4,60.141986,24.382141,1.0,HUMAN_OBSERVATION,"Notebook, general observations",df12ca07-f133-4550-ab3b-fde13f0e76ba,http://creativecommons.org/licenses/by/4.0/legalcode,Meiko,,,
gbif,4980136177,2024-11-01,2024,11,,60.665075,23.608322,5000.0,MACHINE_OBSERVATION,"Notebook, general observations",df12ca07-f133-4550-ab3b-fde13f0e76ba,http://creativecommons.org/licenses/by/4.0/legalcode,"Hämeen Härkätie, 761-895-0-2802, Pajula, Varus osk:n tukema Kasvilenkki CPWA, cp","(kantarelli) Cantharellus cibarius Fr. : Fr. - WZ3, .JPG","Pajulan Valolan lähiympäristön lenkkialue (Varus osk -kävelyt) 20.11.2024 klo 00:52 - 0,4 C",
gbif,4980305245,2024-11-09,2024,11,9,60.304147,24.656887,,HUMAN_OBSERVATION,iNaturalist research-grade observations,50c9509d-22c7-4a22-a47d-8c48425ef4a7,http://creativecommons.org/licenses/by-nc/4.0/legalcode,,,,
gbif,4980565727,2024-11-07,2024,11,7,60.485039,25.134054,6.0,HUMAN_OBSERVATION,iNaturalist research-grade observations,50c9509d-22c7-4a22-a47d-8c48425ef4a7,http://creativecommons.org/licenses/by-nc/4.0/legalcode,,,,
gbif,4980640727,2024-11-09,2024,11,9,60.145259,24.58534,1240.0,HUMAN_OBSERVATION,iNaturalist research-grade observations,50c9509d-22c7-4a22-a47d-8c48425ef4a7,http://creativecommons.org/licenses/by-nc/4.0/legalcode,,,,
gbif,4980744391,2024-11-08,2024,11,8,60.133611,24.696111,,HUMAN_OBSERVATION,iNaturalist research-grade observations,50c9509d-22c7-4a22-a47d-8c48425ef4a7,http://creativecommons.org/licenses/by-nc/4.0/legalcode,,,,
gbif,4982117759,2024-11-14,2024,11,14,60.389003,25.390287,4.0,HUMAN_OBSERVATION,iNaturalist research-grade observations,50c9509d-22c7-4a22-a47d-8c48425ef4a7,http://creativecommons.org/licenses/by-nc/4.0/legalcode,,,,
gbif,4988385719,2024-11-30,2024,11,30,60.040336,23.017789,1.0,MACHINE_OBSERVATION,"Notebook, general observations",df12ca07-f133-4550-ab3b-fde13f0e76ba,http://creativecommons.org/licenses/by/4.0/legalcode,Lökudden,,,
gbif,4993873839,2024-11-30,2024,11,30,61.446893,24.131901,,HUMAN_OBSERVATION,iNaturalist research-grade observations,50c9509d-22c7-4a22-a47d-8c48425ef4a7,http://creativecommons.org/licenses/by-nc/4.0/legalcode,,,,
gbif,4995382787,2024-11-26,2024,11,26,61.173923,23.838586,10.0,HUMAN_OBSERVATION,"Notebook, general observations",df12ca07-f133-4550-ab3b-fde13f0e76ba,http://creativecommons.org/licenses/by/4.0/legalcode,"Toijala, Murto",maaperällä,Pellonlaitametsikkö; kuusi - haapa,
gbif,6251521428,2024-11-16,2024,11,16,61.213435,28.766372,375.0,HUMAN_OBSERVATION,iNaturalist research-grade observations,50c9509d-22c7-4a22-a47d-8c48425ef4a7,http://creativecommons.org/licenses/by-nc/4.0/legalcode,,,,
gbif,4993880970,2024-12-01,2024,12,1,60.805241,23.63655,7.0,HUMAN_OBSERVATION,iNaturalist research-grade observations,50c9509d-22c7-4a22-a47d-8c48425ef4a7,http://creativecommons.org/licenses/by-nc/4.0/legalcode,,,,
gbif,4994085770,2024-12-01,2024,12,1,60.654542,22.759523,24760.0,HUMAN_OBSERVATION,iNaturalist research-grade observations,50c9509d-22c7-4a22-a47d-8c48425ef4a7,http://creativecommons.org/publicdomain/zero/1.0/legalcode,,myöhäiskanttiksia,,
gbif,4994149918,2024-12-04,2024,12,4,62.50639,21.210301,1005.0,HUMAN_OBSERVATION,iNaturalist research-grade observations,50c9509d-22c7-4a22-a47d-8c48425ef4a7,http://creativecommons.org/licenses/by-nc/4.0/legalcode,,,,
gbif,4929450525,2024-07-27,2024,,,60.517612,26.439743,1000.0,MACHINE_OBSERVATION,The Atlas of Finnish Fungi,2bc4c2db-1dfa-419c-93ce-6602c5ae8c99,http://creativecommons.org/licenses/by/4.0/legalcode,Kukuljärven suojelualueet,TT2024-861 Hauska ryhmä keltavahveroita 29.8.2024.,"Monimuotoista sekametsää, lehtoja",
gbif,4166232312,2023-06-28,2023,6,28,59.995419,23.067123,1.0,MACHINE_OBSERVATION,The Atlas of Finnish Fungi,2bc4c2db-1dfa-419c-93ce-6602c5ae8c99,http://creativecommons.org/licenses/by/4.0/legalcode,Bromarv,,Sekametsää.,
gbif,4152970304,2023-07-05,2023,7,5,60.344154,24.622096,1.0,MACHINE_OBSERVATION,The Atlas of Finnish Fungi,2bc4c2db-1dfa-419c-93ce-6602c5ae8c99,http://creativecommons.org/licenses/by/4.0/legalcode,Vähä Majalampi,,Vähä Majalammelta lounaaseen menevä polku,
gbif,4152970381,2023-07-04,2023,7,4,61.673732,23.371025,1000.0,MACHINE_OBSERVATION,The Atlas of Finnish Fungi,2bc4c2db-1dfa-419c-93ce-6602c5ae8c99,http://creativecommons.org/licenses/by/4.0/legalcode,Hanhijärvi th,,"Soratien reunaa, soraharjua ja kangasmetsää ympärillä",
gbif,4152970517,2023-07-06,2023,7,6,63.04095,21.57775,1.0,MACHINE_OBSERVATION,The Atlas of Finnish Fungi,2bc4c2db-1dfa-419c-93ce-6602c5ae8c99,http://creativecommons.org/licenses/by/4.0/legalcode,,,,
gbif,4153716080,2023-07-08,2023,7,8,61.18353,28.507131,24700.0,HUMAN_OBSERVATION,iNaturalist research-grade observations,50c9509d-22c7-4a22-a47d-8c48425ef4a7,http://creativecommons.org/licenses/by-nc/4.0/legalcode,,,,
gbif,4153899737,2023-07-07,2023,7,7,60.41149,21.398675,24790.0,HUMAN_OBSERVATION,iNaturalist research-grade observations,50c9509d-22c7-4a22-a47d-8c48425ef4a7,http://creativecommons.org/licenses/by-nc/4.0/legalcode,,,,
gbif,4153915252,2023-07-07,2023,7,7,61.740275,26.391545,24612.0,HUMAN_OBSERVATION,iNaturalist research-grade observations,50c9509d-22c7-4a22-a47d-8c48425ef4a7,http://creativecommons.org/licenses/by-nc/4.0/legalcode,,,,
gbif,4162129563,2023-07-12,2023,7,12,62.194488,28.130988,24554.0,HUMAN_OBSERVATION,iNaturalist research-grade observations,50c9509d-22c7-4a22-a47d-8c48425ef4a7,http://creativecommons.org/licenses/by-nc/4.0/legalcode,,Useita pieniä yksilöitä rantakoivikossa.,,
gbif,4162521976,2023-07-15,2023,7,15,60.427499,25.072989,98.0,HUMAN_OBSERVATION,iNaturalist research-grade observations,50c9509d-22c7-4a22-a47d-8c48425ef4a7,http://creativecommons.org/licenses/by-nc/4.0/legalcode,,,,
gbif,4163102331,2023-07-20,2023,7,20,61.467016,23.811262,1.0,HUMAN_OBSERVATION,The Atlas of Finnish Fungi,2bc4c2db-1dfa-419c-93ce-6602c5ae8c99,http://creativecommons.org/licenses/by/4.0/legalcode,,,,
gbif,4163102375,2023-07-20,2023,7,20,61.467146,23.815164,1.0,MACHINE_OBSERVATION,The Atlas of Finnish Fungi,2bc4c2db-1dfa-419c-93ce-6602c5ae8c99,http://creativecommons.org/licenses/by/4.0/legalcode,,,,
gbif,4163102452,2023-07-20,2023,7,20,61.468247,23.811325,1.0,HUMAN_OBSERVATION,The Atlas of Finnish Fungi,2bc4c2db-1dfa-419c-93ce-6602c5ae8c99,http://creativecommons.org/licenses/by/4.0/legalcode,,,,
gbif,4163102463,2023-07-20,2023,7,20,61.470352,23.811406,1.0,HUMAN_OBSERVATION,The Atlas of Finnish Fungi,2bc4c2db-1dfa-419c-93ce-6602c5ae8c99,http://creativecommons.org/licenses/by/4.0/legalcode,,,,
gbif,4163102552,2023-07-20,2023,7,20,61.468143,23.816238,1.0,HUMAN_OBSERVATION,The Atlas of Finnish Fungi,2bc4c2db-1dfa-419c-93ce-6602c5ae8c99,http://creativecommons.org/licenses/by/4.0/legalcode,,,,
gbif,4163102582,2023-07-20,2023,7,20,61.468248,23.816019,1.0,HUMAN_OBSERVATION,The Atlas of Finnish Fungi,2bc4c2db-1dfa-419c-93ce-6602c5ae8c99,http://creativecommons.org/licenses/by/4.0/legalcode,,,,
gbif,4163102597,2023-07-13,2023,7,13,61.897,29.672,1.0,MACHINE_OBSERVATION,The Atlas of Finnish Fungi,2bc4c2db-1dfa-419c-93ce-6602c5ae8c99,http://creativecommons.org/licenses/by/4.0/legalcode,Kesälahti,,,
gbif,4163102621,2023-07-20,2023,7,20,61.920267,29.993473,1.0,MACHINE_OBSERVATION,The Atlas of Finnish Fungi,2bc4c2db-1dfa-419c-93ce-6602c5ae8c99,http://creativecommons.org/licenses/by/4.0/legalcode,Varmonniemi,,,
gbif,4165090408,2023-07-21,2023,7,21,61.49089,23.562632,1000.0,HUMAN_OBSERVATION,"Notebook, general observations",df12ca07-f133-4550-ab3b-fde13f0e76ba,http://creativecommons.org/licenses/by/4.0/legalcode,Vihnus,,,
gbif,4165692515,2023-07-21,2023,7,21,60.179553,24.719565,51.0,HUMAN_OBSERVATION,iNaturalist research-grade observations,50c9509d-22c7-4a22-a47d-8c48425ef4a7,http://creativecommons.org/licenses/by-nc/4.0/legalcode,,,,
gbif,4165738373,2023-07-20,2023,7,20,61.013753,25.453791,3.0,HUMAN_OBSERVATION,iNaturalist research-grade observations,50c9509d-22c7-4a22-a47d-8c48425ef4a7,http://creativecommons.org/licenses/by-nc/4.0/legalcode,,,,
gbif,4165746231,2023-07-25,2023,7,25,62.842799,28.684942,7.0,HUMAN_OBSERVATION,iNaturalist research-grade observations,50c9509d-22c7-4a22-a47d-8c48425ef4a7,http://creativecommons.org/licenses/by-nc/4.0/legalcode,,,,
gbif,4166232366,2023-07-23,2023,7,23,60.525737,24.472792,1000.0,MACHINE_OBSERVATION,The Atlas of Finnish Fungi,2bc4c2db-1dfa-419c-93ce-6602c5ae8c99,http://creativecommons.org/licenses/by/4.0/legalcode,Hiukkalammi,,Mänty-kuusimetsä sekä pieni rahkasammalsuo,
gbif,4166232549,2023-07-20,2023,7,20,63.038989,21.588644,1.0,MACHINE_OBSERVATION,The Atlas of Finnish Fungi,2bc4c2db-1dfa-419c-93ce-6602c5ae8c99,http://creativecommons.org/licenses/by/4.0/legalcode,,,,
gbif,4166232606,2023-07-21,2023,7,21,63.041864,21.602033,1.0,MACHINE_OBSERVATION,The Atlas of Finnish Fungi,2bc4c2db-1dfa-419c-93ce-6602c5ae8c99,http://creativecommons.org/licenses/by/4.0/legalcode,,,,
gbif,4167105328,2023-07-25,2023,7,25,60.507323,23.64555,1.0,MACHINE_OBSERVATION,The Atlas of Finnish Fungi,2bc4c2db-1dfa-419c-93ce-6602c5ae8c99,http://creativecommons.org/licenses/by/4.0/legalcode,"Halkjärvi W, Pahanpajunmäki",,Pitkään laidunnettu puustoinen lehmänlaodun,
gbif,4168110368,2023-07-29,2023,7,29,60.650795,27.393548,1.0,HUMAN_OBSERVATION,"Notebook, general observations",df12ca07-f133-4550-ab3b-fde13f0e76ba,http://creativecommons.org/licenses/by/4.0/legalcode,"Onkamaa, Mersalmentie",Keywords: { Cantharellus cibarius },"Vanhan Vehkalahden Kirkkopolut -hanke Kenttäketo Pilvinen, tihkusateinen, + 16 C",
gbif,4168111311,2023-07-26,2023,7,26,60.181791,24.661049,100.0,HUMAN_OBSERVATION,"Notebook, general observations",df12ca07-f133-4550-ab3b-fde13f0e76ba,http://creativecommons.org/licenses/by/4.0/legalcode,"Latokaski, Kantokaski",Keywords: { siira },,"sekametsä, metsäpolulla"
gbif,4168114818,2023-07-25,2023,7,25,61.413439,29.176865,1000.0,HUMAN_OBSERVATION,"Notebook, general observations",df12ca07-f133-4550-ab3b-fde13f0e76ba,http://creativecommons.org/licenses/by/4.0/legalcode,Äpätinkangas,,MH JSLP hiekkarantakartoitus,metsätie
gbif,4168115391,2023-07-24,2023,7,24,60.628086,27.344781,1.0,HUMAN_OBSERVATION,"Notebook, general observations",df12ca07-f133-4550-ab3b-fde13f0e76ba,http://creativecommons.org/licenses/by/4.0/legalcode,"Paijärvi, Karijärvi",Keywords: { Cantharellus cibarius },"Metsätien varsi Aurinkoinen, + 20 C",
gbif,4169789407,2023-07-28,2023,7,28,61.466431,23.679201,1.0,MACHINE_OBSERVATION,The Atlas of Finnish Fungi,2bc4c2db-1dfa-419c-93ce-6602c5ae8c99,http://creativecommons.org/licenses/by/4.0/legalcode,,,,
gbif,4171444994,2023-07-27,2023,7,27,63.20497,27.349973,24381.0,HUMAN_OBSERVATION,iNaturalist research-grade observations,50c9509d-22c7-4a22-a47d-8c48425ef4a7,http://creativecommons.org/licenses/by-nc/4.0/legalcode,,elinympäristö: metsä,,
gbif,4171468579,2023-07-24,2023,7,24,62.567785,28.788545,,HUMAN_OBSERVATION,iNaturalist research-grade observations,50c9509d-22c7-4a22-a47d-8c48425ef4a7,http://creativecommons.org/licenses/by-nc/4.0/legalcode,,,,
gbif,4171506401,2023-07-26,2023,7,26,62.182426,24.137186,24554.0,HUMAN_OBSERVATION,iNaturalist research-grade observations,50c9509d-22c7-4a22-a47d-8c48425ef4a7,http://creativecommons.org/publicdomain/zero/1.0/legalcode,,,,
gbif,4171610665,2023-07-26,2023,7,26,60.245292,24.820537,,HUMAN_OBSERVATION,iNaturalist research-grade observations,50c9509d-22c7-4a22-a47d-8c48425ef4a7,http://creativecommons.org/licenses/by-nc/4.0/legalcode,,,,
gbif,4171620881,2023-07-27,2023,7,27,62.351662,27.899067,4.0,HUMAN_OBSERVATION,iNaturalist research-grade observations,50c9509d-22c7-4a22-a47d-8c48425ef4a7,http://creativecommons.org/licenses/by-nc/4.0/legalcode,,,,
gbif,4171633779,2023-07-27,2023,7,27,62.35163,27.89818,4.0,HUMAN_OBSERVATION,iNaturalist research-grade observations,50c9509d-22c7-4a22-a47d-8c48425ef4a7,http://creativecommons.org/licenses/by-nc/4.0/legalcode,,,,
gbif,4171903834,2023-07-30,2023,7,30,60.438873,23.059418,2741.0,HUMAN_OBSERVATION,iNaturalist research-grade observations,50c9509d-22c7-4a22-a47d-8c48425ef4a7,http://creativecommons.org/licenses/by-nc/4.0/legalcode,,,,
gbif,4172436235,2023-07-31,2023,7,31,60.988821,27.53783,100.0,HUMAN_OBSERVATION,"Notebook, general observations",df12ca07-f133-4550-ab3b-fde13f0e76ba,http://creativecommons.org/licenses/by/4.0/legalcode,Laukaslampi,,,tinepiennar
gbif,4176955770,2023-07-28,2023,7,28,61.631436,27.316213,24612.0,HUMAN_OBSERVATION,iNaturalist research-grade observations,50c9509d-22c7-4a22-a47d-8c48425ef4a7,http://creativecommons.org/licenses/by-nc/4.0/legalcode,,Useita yksilöitä kostean kankaan ja suon rajalla.,,
gbif,4177012053,2023-07-29,2023,7,29,61.553253,28.320919,4.0,HUMAN_OBSERVATION,iNaturalist research-grade observations,50c9509d-22c7-4a22-a47d-8c48425ef4a7,http://creativecommons.org/licenses/by-nc/4.0/legalcode,,,,
gbif,4177029850,2023-07-29,2023,7,29,62.5793,29.871747,3.0,HUMAN_OBSERVATION,iNaturalist research-grade observations,50c9509d-22c7-4a22-a47d-8c48425ef4a7,http://creativecommons.org/licenses/by-nc/4.0/legalcode,,,,
gbif,4407188872,2023-07-26,2023,7,26,62.181828,28.130811,14.0,HUMAN_OBSERVATION,iNaturalist research-grade observations,50c9509d-22c7-4a22-a47d-8c48425ef4a7,http://creativecommons.org/licenses/by-nc/4.0/legalcode,,,,
gbif,4430927632,2023-07-11,2023,7,11,60.056944,23.896944,,HUMAN_OBSERVATION,iNaturalist research-grade observations,50c9509d-22c7-4a22-a47d-8c48425ef4a7,http://creativecommons.org/licenses/by-nc/4.0/legalcode,,,,
gbif,4440777710,2023-07-23,2023,7,23,60.245407,24.555258,,HUMAN_OBSERVATION,iNaturalist research-grade observations,50c9509d-22c7-4a22-a47d-8c48425ef4a7,http://creativecommons.org/licenses/by-nc/4.0/legalcode,,,,
gbif,4440830950,2023-07-27,2023,7,27,60.323572,24.530489,,HUMAN_OBSERVATION,iNaturalist research-grade observations,50c9509d-22c7-4a22-a47d-8c48425ef4a7,http://creativecommons.org/licenses/by-nc/4.0/legalcode,,,,
gbif,4454035407,2023-07-30,2023,7,30,60.279936,24.645543,,HUMAN_OBSERVATION,iNaturalist research-grade observations,50c9509d-22c7-4a22-a47d-8c48425ef4a7,http://creativecommons.org/licenses/by-nc/4.0/legalcode,,,,
gbif,4454046105,2023-07-30,2023,7,30,60.280113,24.633333,,HUMAN_OBSERVATION,iNaturalist research-grade observations,50c9509d-22c7-4a22-a47d-8c48425ef4a7,http://creativecommons.org/licenses/by-nc/4.0/legalcode,,,,
gbif,4507302575,2023-07-16,2023,7,16,61.475773,21.352928,1000.0,HUMAN_OBSERVATION,"Notebook, general observations",df12ca07-f133-4550-ab3b-fde13f0e76ba,http://creativecommons.org/licenses/by/4.0/legalcode,Säppi,Keywords: { Säppi | sieniä } | Saaresta kerättiin ainakin 10 litraa kantarelleja,,
gbif,4607237236,2023-07-10,2023,7,10,60.316877,25.028983,12.0,HUMAN_OBSERVATION,iNaturalist research-grade observations,50c9509d-22c7-4a22-a47d-8c48425ef4a7,http://creativecommons.org/licenses/by-nc/4.0/legalcode,,,,
gbif,4607353583,2023-07-30,2023,7,30,60.28004,24.631662,,HUMAN_OBSERVATION,iNaturalist research-grade observations,50c9509d-22c7-4a22-a47d-8c48425ef4a7,http://creativecommons.org/licenses/by-nc/4.0/legalcode,,,,
gbif,4920454549,2023-07-19,2023,7,19,61.515428,23.806254,100.0,MACHINE_OBSERVATION,"Notebook, general observations",df12ca07-f133-4550-ab3b-fde13f0e76ba,http://creativecommons.org/licenses/by/4.0/legalcode,,,Rantapolun viereltä,
gbif,5076760962,2023-07-02,2023,7,2,63.509775,28.121608,13.0,HUMAN_OBSERVATION,iNaturalist research-grade observations,50c9509d-22c7-4a22-a47d-8c48425ef4a7,http://creativecommons.org/licenses/by-nc/4.0/legalcode,,Kasvupaikka polunvierusta,,
gbif,6183453376,2023-07-25,2023,7,25,62.045842,29.563612,1.0,HUMAN_OBSERVATION,,8a863029-f435-446a-821e-275f4f641165,http://creativecommons.org/licenses/by-nc/4.0/legalcode,Kesälahti,,,unknown
gbif,6352476063,2023-07-26,2023,7,26,61.188071,27.488761,63.0,HUMAN_OBSERVATION,iNaturalist research-grade observations,50c9509d-22c7-4a22-a47d-8c48425ef4a7,http://creativecommons.org/publicdomain/zero/1.0/legalcode,,,,
gbif,4169789342,2023-08-05,2023,8,5,60.431927,23.018997,1.0,MACHINE_OBSERVATION,The Atlas of Finnish Fungi,2bc4c2db-1dfa-419c-93ce-6602c5ae8c99,http://creativecommons.org/licenses/by/4.0/legalcode,"Halikko, Märynummi, Pihko",,,
gbif,4169789777,2023-08-02,2023,8,2,60.214163,22.936706,10000.0,MACHINE_OBSERVATION,The Atlas of Finnish Fungi,2bc4c2db-1dfa-419c-93ce-6602c5ae8c99,http://creativecommons.org/licenses/by/4.0/legalcode,,Keywords: { fundive },,
gbif,4169789981,2023-08-03,2023,8,3,60.472018,23.091615,1.0,MACHINE_OBSERVATION,The Atlas of Finnish Fungi,2bc4c2db-1dfa-419c-93ce-6602c5ae8c99,http://creativecommons.org/licenses/by/4.0/legalcode,Salainen,,,
gbif,4170896463,2023-08-05,2023,8,5,60.541786,24.555798,1000.0,MACHINE_OBSERVATION,The Atlas of Finnish Fungi,2bc4c2db-1dfa-419c-93ce-6602c5ae8c99,http://creativecommons.org/licenses/by/4.0/legalcode,Komi,,,
gbif,4171542450,2023-08-05,2023,8,5,61.90493,26.504338,4.0,HUMAN_OBSERVATION,iNaturalist research-grade observations,50c9509d-22c7-4a22-a47d-8c48425ef4a7,http://creativecommons.org/licenses/by-nc/4.0/legalcode,,,,
gbif,4171573395,2023-08-04,2023,8,4,60.249906,25.306671,24819.0,HUMAN_OBSERVATION,iNaturalist research-grade observations,50c9509d-22c7-4a22-a47d-8c48425ef4a7,http://creativecommons.org/publicdomain/zero/1.0/legalcode,,,,
gbif,4171728149,2023-08-04,2023,8,4,61.275755,24.706876,7.0,HUMAN_OBSERVATION,iNaturalist research-grade observations,50c9509d-22c7-4a22-a47d-8c48425ef4a7,http://creativecommons.org/licenses/by-nc/4.0/legalcode,,,,
gbif,4171919219,2023-08-04,2023,8,4,60.60325,22.296586,,HUMAN_OBSERVATION,iNaturalist research-grade observations,50c9509d-22c7-4a22-a47d-8c48425ef4a7,http://creativecommons.org/licenses/by-nc/4.0/legalcode,,,,
gbif,4171954542,2023-08-04,2023,8,4,60.426332,22.523234,1070.0,HUMAN_OBSERVATION,iNaturalist research-grade observations,50c9509d-22c7-4a22-a47d-8c48425ef4a7,http://creativecommons.org/licenses/by/4.0/legalcode,,,,
gbif,4172064823,2023-08-03,2023,8,3,61.426277,23.057055,16.0,HUMAN_OBSERVATION,iNaturalist research-grade observations,50c9509d-22c7-4a22-a47d-8c48425ef4a7,http://creativecommons.org/licenses/by-nc/4.0/legalcode,,,,
gbif,4172127581,2023-08-03,2023,8,3,61.444442,23.637403,4.0,HUMAN_OBSERVATION,iNaturalist research-grade observations,50c9509d-22c7-4a22-a47d-8c48425ef4a7,http://creativecommons.org/licenses/by-nc/4.0/legalcode,,,,
gbif,4172428537,2023-08-03,2023,8,3,61.169459,25.867302,1000.0,HUMAN_OBSERVATION,"Notebook, general observations",df12ca07-f133-4550-ab3b-fde13f0e76ba,http://creativecommons.org/licenses/by/4.0/legalcode,"Rutalahti, Lähdemäki",,,
gbif,4172436619,2023-08-04,2023,8,4,61.339138,23.513702,10.0,MACHINE_OBSERVATION,"Notebook, general observations",df12ca07-f133-4550-ab3b-fde13f0e76ba,http://creativecommons.org/licenses/by/4.0/legalcode,"Laukko, Jaakkaanlahti, Kurjenkallio","rantametsä, maaperällä",Kurjenkallion ympäristö,
gbif,4172439313,2023-08-03,2023,8,3,60.981272,25.74396,1.0,HUMAN_OBSERVATION,"Notebook, general observations",df12ca07-f133-4550-ab3b-fde13f0e76ba,http://creativecommons.org/licenses/by/4.0/legalcode,Järvenpää,Keywords: { siira },,
gbif,4173269422,2023-08-06,2023,8,6,60.279005,24.617561,1.0,MACHINE_OBSERVATION,The Atlas of Finnish Fungi,2bc4c2db-1dfa-419c-93ce-6602c5ae8c99,http://creativecommons.org/licenses/by/4.0/legalcode,Pääskyslahti,,Hynkänlammelta Pääskyslahteen laskevan puron laakso,
gbif,4173269839,2023-08-05,2023,8,5,60.213593,24.682613,1000.0,MACHINE_OBSERVATION,The Atlas of Finnish Fungi,2bc4c2db-1dfa-419c-93ce-6602c5ae8c99,http://creativecommons.org/licenses/by/4.0/legalcode,Kasavuoren ls-alue,,"Pähkinälehto, jossa muitakin lehtipuita (koivu, haapa, tuomi, pajut) sekä kuusta ja muutama mänty. Lehdon ympärillä kuusivaltainen metsä.",
gbif,4173270031,2023-08-13,2023,8,13,60.323891,23.647768,10000.0,MACHINE_OBSERVATION,The Atlas of Finnish Fungi,2bc4c2db-1dfa-419c-93ce-6602c5ae8c99,http://creativecommons.org/licenses/by/4.0/legalcode,,,,
gbif,4174590322,2023-08-10,2023,8,10,62.04285,26.137351,1.0,MACHINE_OBSERVATION,The Atlas of Finnish Fungi,2bc4c2db-1dfa-419c-93ce-6602c5ae8c99,http://creativecommons.org/licenses/by/4.0/legalcode,Paloskylä,,"Tuoretta kangasta ja sekametsää, keski-ikäistä puustoa",
gbif,4176938071,2023-08-06,2023,8,6,63.459178,27.485548,12.0,HUMAN_OBSERVATION,iNaturalist research-grade observations,50c9509d-22c7-4a22-a47d-8c48425ef4a7,http://creativecommons.org/licenses/by-nc/4.0/legalcode,,,,
gbif,4177002863,2023-08-09,2023,8,9,62.577863,29.870254,4.0,HUMAN_OBSERVATION,iNaturalist research-grade observations,50c9509d-22c7-4a22-a47d-8c48425ef4a7,http://creativecommons.org/licenses/by-nc/4.0/legalcode,,,,
gbif,4177031780,2023-08-09,2023,8,9,62.99568,23.497254,7.0,HUMAN_OBSERVATION,iNaturalist research-grade observations,50c9509d-22c7-4a22-a47d-8c48425ef4a7,http://creativecommons.org/licenses/by-nc/4.0/legalcode,,,,
gbif,4177175108,2023-08-09,2023,8,9,62.743078,23.954451,24467.0,HUMAN_OBSERVATION,iNaturalist research-grade observations,50c9509d-22c7-4a22-a47d-8c48425ef4a7,http://creativecommons.org/licenses/by-nc/4.0/legalcode,,,,
gbif,4177186106,2023-08-11,2023,8,11,60.234851,25.143738,8.0,HUMAN_OBSERVATION,iNaturalist research-grade observations,50c9509d-22c7-4a22-a47d-8c48425ef4a7,http://creativecommons.org/licenses/by-nc/4.0/legalcode,,,,
gbif,4177285579,2023-08-06,2023,8,6,62.64532,29.643142,206.0,HUMAN_OBSERVATION,iNaturalist research-grade observations,50c9509d-22c7-4a22-a47d-8c48425ef4a7,http://creativecommons.org/licenses/by-nc/4.0/legalcode,,,,
gbif,4177445860,2023-08-14,2023,8,14,61.244639,22.476547,4.0,HUMAN_OBSERVATION,iNaturalist research-grade observations,50c9509d-22c7-4a22-a47d-8c48425ef4a7,http://creativecommons.org/licenses/by-nc/4.0/legalcode,,,,
gbif,4177707793,2023-08-11,2023,8,11,60.295569,24.611517,1000.0,HUMAN_OBSERVATION,"Notebook, general observations",df12ca07-f133-4550-ab3b-fde13f0e76ba,http://creativecommons.org/licenses/by/4.0/legalcode,Nuuksion kp,Keywords: { Bioblitz 2023 | Nuuksion kansallispuisto },,puronvarsilehto
gbif,4177707849,2023-08-12,2023,8,12,60.347483,24.689626,1000.0,HUMAN_OBSERVATION,"Notebook, general observations",df12ca07-f133-4550-ab3b-fde13f0e76ba,http://creativecommons.org/licenses/by/4.0/legalcode,"Nuuksion kp, Ketunkorpi",Keywords: { Bioblitz 2023 | Nuuksion kansallispuisto },,lehto
gbif,4399636325,2023-08-22,2023,8,22,60.339778,23.057147,1.0,MACHINE_OBSERVATION,The Atlas of Finnish Fungi,2bc4c2db-1dfa-419c-93ce-6602c5ae8c99,http://creativecommons.org/licenses/by/4.0/legalcode,Hämmäinen,,,
gbif,4399636374,2023-08-20,2023,8,20,61.472172,23.804178,1.0,HUMAN_OBSERVATION,The Atlas of Finnish Fungi,2bc4c2db-1dfa-419c-93ce-6602c5ae8c99,http://creativecommons.org/licenses/by/4.0/legalcode,,,,
gbif,4399636495,2023-08-23,2023,8,23,60.338155,23.214841,1.0,MACHINE_OBSERVATION,The Atlas of Finnish Fungi,2bc4c2db-1dfa-419c-93ce-6602c5ae8c99,http://creativecommons.org/licenses/by/4.0/legalcode,Lammenkorpi,,,
gbif,4399636702,2023-08-05,2023,8,5,63.036072,21.627144,1.0,MACHINE_OBSERVATION,The Atlas of Finnish Fungi,2bc4c2db-1dfa-419c-93ce-6602c5ae8c99,http://creativecommons.org/licenses/by/4.0/legalcode,,,,
gbif,4399636751,2023-08-13,2023,8,,63.113148,29.777192,10.0,MACHINE_OBSERVATION,The Atlas of Finnish Fungi,2bc4c2db-1dfa-419c-93ce-6602c5ae8c99,http://creativecommons.org/licenses/by/4.0/legalcode,Koli / Pienen-Mäkräntie - Ylä-Murhi,,,
gbif,4399636776,2023-08-09,2023,8,9,63.078103,21.691428,1.0,MACHINE_OBSERVATION,The Atlas of Finnish Fungi,2bc4c2db-1dfa-419c-93ce-6602c5ae8c99,http://creativecommons.org/licenses/by/4.0/legalcode,,,Hylätty niitty,
gbif,4399637130,2023-08-13,2023,8,,63.113641,29.777157,1.0,MACHINE_OBSERVATION,The Atlas of Finnish Fungi,2bc4c2db-1dfa-419c-93ce-6602c5ae8c99,http://creativecommons.org/licenses/by/4.0/legalcode,Ylä-Murhi -  Kiviniemi,,,
gbif,4399637189,2023-08-13,2023,8,,63.114006,29.777003,1.0,MACHINE_OBSERVATION,The Atlas of Finnish Fungi,2bc4c2db-1dfa-419c-93ce-6602c5ae8c99,http://creativecommons.org/licenses/by/4.0/legalcode,Kolmas pvä Kiviniemi- Ryläys,,,
gbif,4399637193,2023-08-20,2023,8,20,61.315208,23.403867,1.0,MACHINE_OBSERVATION,The Atlas of Finnish Fungi,2bc4c2db-1dfa-419c-93ce-6602c5ae8c99,http://creativecommons.org/licenses/by/4.0/legalcode,Hietamäki,,Hietamäestä n. 200 m itäkaakkoon,
gbif,4399637208,2023-08-13,2023,8,,63.114153,29.777193,1.0,MACHINE_OBSERVATION,The Atlas of Finnish Fungi,2bc4c2db-1dfa-419c-93ce-6602c5ae8c99,http://creativecommons.org/licenses/by/4.0/legalcode,Myllypuro,,"Telttapaikan ympäristö, pääosin mäntyä ja kuusta",
gbif,4399637525,2023-08-08,2023,8,8,63.033386,21.618775,1.0,MACHINE_OBSERVATION,The Atlas of Finnish Fungi,2bc4c2db-1dfa-419c-93ce-6602c5ae8c99,http://creativecommons.org/licenses/by/4.0/legalcode,,,,
gbif,4399863134,2023-08-20,2023,8,20,63.37903,27.554429,10.0,HUMAN_OBSERVATION,iNaturalist research-grade observations,50c9509d-22c7-4a22-a47d-8c48425ef4a7,http://creativecommons.org/licenses/by-nc/4.0/legalcode,,kangasmetsä,,
gbif,4399986577,2023-08-19,2023,8,19,61.32837,21.563228,12.0,HUMAN_OBSERVATION,iNaturalist research-grade observations,50c9509d-22c7-4a22-a47d-8c48425ef4a7,http://creativecommons.org/licenses/by-nc/4.0/legalcode,,,,
gbif,4399990644,2023-08-17,2023,8,17,60.684118,22.640463,24760.0,HUMAN_OBSERVATION,iNaturalist research-grade observations,50c9509d-22c7-4a22-a47d-8c48425ef4a7,http://creativecommons.org/publicdomain/zero/1.0/legalcode,,,,
gbif,4400058957,2023-08-20,2023,8,20,60.180311,24.995555,1.0,HUMAN_OBSERVATION,iNaturalist research-grade observations,50c9509d-22c7-4a22-a47d-8c48425ef4a7,http://creativecommons.org/licenses/by-nc/4.0/legalcode,,,,
gbif,4400080785,2023-08-19,2023,8,19,62.50639,21.210301,1001.0,HUMAN_OBSERVATION,iNaturalist research-grade observations,50c9509d-22c7-4a22-a47d-8c48425ef4a7,http://creativecommons.org/licenses/by-nc/4.0/legalcode,,,,
gbif,4400183082,2023-08-17,2023,8,17,63.566043,27.201528,3.0,HUMAN_OBSERVATION,iNaturalist research-grade observations,50c9509d-22c7-4a22-a47d-8c48425ef4a7,http://creativecommons.org/licenses/by-nc/4.0/legalcode,,,,
gbif,4400257281,2023-08-22,2023,8,22,60.356778,22.157343,53.0,HUMAN_OBSERVATION,iNaturalist research-grade observations,50c9509d-22c7-4a22-a47d-8c48425ef4a7,http://creativecommons.org/licenses/by-nc/4.0/legalcode,,,,
gbif,4400389870,2023-08-16,2023,8,16,61.786567,29.31448,4.0,HUMAN_OBSERVATION,iNaturalist research-grade observations,50c9509d-22c7-4a22-a47d-8c48425ef4a7,http://creativecommons.org/publicdomain/zero/1.0/legalcode,,,,
gbif,4400471943,2023-08-20,2023,8,20,60.181136,24.646283,75.0,HUMAN_OBSERVATION,iNaturalist research-grade observations,50c9509d-22c7-4a22-a47d-8c48425ef4a7,http://creativecommons.org/licenses/by-nc/4.0/legalcode,,,,
gbif,4400868820,2023-08-22,2023,8,22,60.206914,24.652133,1.0,HUMAN_OBSERVATION,"Notebook, general observations",df12ca07-f133-4550-ab3b-fde13f0e76ba,http://creativecommons.org/licenses/by/4.0/legalcode,Kannusilta,Keywords: { siira },,
gbif,4400871837,2023-08-22,2023,8,22,63.1278,30.614411,1000.0,HUMAN_OBSERVATION,"Notebook, general observations",df12ca07-f133-4550-ab3b-fde13f0e76ba,http://creativecommons.org/licenses/by/4.0/legalcode,Lahnasuo,,,
gbif,4400874497,2023-08-24,2023,8,24,62.2042,25.699764,1000.0,HUMAN_OBSERVATION,"Notebook, general observations",df12ca07-f133-4550-ab3b-fde13f0e76ba,http://creativecommons.org/licenses/by/4.0/legalcode,"Keljo, Kuusikkolampi",,,
gbif,4400881156,2023-08-25,2023,8,25,60.178352,24.697792,1000.0,HUMAN_OBSERVATION,"Notebook, general observations",df12ca07-f133-4550-ab3b-fde13f0e76ba,http://creativecommons.org/licenses/by/4.0/legalcode,Puolarmaari,Keywords: { siira },,hiekkapohjainen kuiva-tuore kangas
gbif,4400881806,2023-08-22,2023,8,22,61.843137,24.926732,100.0,HUMAN_OBSERVATION,"Notebook, general observations",df12ca07-f133-4550-ab3b-fde13f0e76ba,http://creativecommons.org/licenses/by/4.0/legalcode,"Kuusjärvi, Köykänlahti",,,
gbif,4403472893,2023-08-29,2023,8,29,60.140316,22.956316,1.0,MACHINE_OBSERVATION,The Atlas of Finnish Fungi,2bc4c2db-1dfa-419c-93ce-6602c5ae8c99,http://creativecommons.org/licenses/by/4.0/legalcode,"Särkisalo, Talkkarmäki",,,
gbif,4403472942,2023-08-26,2023,8,26,60.201982,24.822213,1000.0,MACHINE_OBSERVATION,The Atlas of Finnish Fungi,2bc4c2db-1dfa-419c-93ce-6602c5ae8c99,http://creativecommons.org/licenses/by/4.0/legalcode,Villa Elfvikin ls-alue,,,
gbif,4403542954,2023-08-29,2023,8,29,61.989412,25.131504,1.0,HUMAN_OBSERVATION,"Notebook, general observations",df12ca07-f133-4550-ab3b-fde13f0e76ba,http://creativecommons.org/licenses/by/4.0/legalcode,Vihatinsalo,,,
gbif,4403543362,2023-08-28,2023,8,28,61.277587,24.027215,100.0,HUMAN_OBSERVATION,"Notebook, general observations",df12ca07-f133-4550-ab3b-fde13f0e76ba,http://creativecommons.org/licenses/by/4.0/legalcode,"Ulvaja, Talassaari",,,
gbif,4403547560,2023-08-27,2023,8,27,60.165435,24.759142,1.0,HUMAN_OBSERVATION,"Notebook, general observations",df12ca07-f133-4550-ab3b-fde13f0e76ba,http://creativecommons.org/licenses/by/4.0/legalcode,Haukilahti,,,
gbif,4403551351,2023-08-27,2023,8,27,60.145748,24.445918,1.0,HUMAN_OBSERVATION,"Notebook, general observations",df12ca07-f133-4550-ab3b-fde13f0e76ba,http://creativecommons.org/licenses/by/4.0/legalcode,Gesterby-humaljärvi,,,
gbif,4405021014,2023-08-22,2023,8,22,60.534643,24.61791,21.0,HUMAN_OBSERVATION,iNaturalist research-grade observations,50c9509d-22c7-4a22-a47d-8c48425ef4a7,http://creativecommons.org/licenses/by-nc/4.0/legalcode,,,,
gbif,4405078461,2023-08-06,2023,8,6,61.495092,23.724328,4.0,HUMAN_OBSERVATION,iNaturalist research-grade observations,50c9509d-22c7-4a22-a47d-8c48425ef4a7,http://creativecommons.org/publicdomain/zero/1.0/legalcode,,,,
gbif,4405157259,2023-08-25,2023,8,25,62.089106,21.292757,3.0,HUMAN_OBSERVATION,iNaturalist research-grade observations,50c9509d-22c7-4a22-a47d-8c48425ef4a7,http://creativecommons.org/licenses/by-nc/4.0/legalcode,,,,
gbif,4405249048,2023-08-23,2023,8,23,60.537987,24.609173,,HUMAN_OBSERVATION,iNaturalist research-grade observations,50c9509d-22c7-4a22-a47d-8c48425ef4a7,http://creativecommons.org/licenses/by-nc/4.0/legalcode,,,,
gbif,4405296882,2023-08-26,2023,8,26,61.655368,26.055228,8.0,HUMAN_OBSERVATION,iNaturalist research-grade observations,50c9509d-22c7-4a22-a47d-8c48425ef4a7,http://creativecommons.org/licenses/by/4.0/legalcode,,,,
gbif,4405456803,2023-08-26,2023,8,26,62.181302,25.572482,169.0,HUMAN_OBSERVATION,iNaturalist research-grade observations,50c9509d-22c7-4a22-a47d-8c48425ef4a7,http://creativecommons.org/licenses/by/4.0/legalcode,,,,
gbif,4405490914,2023-08-26,2023,8,26,60.571195,21.825051,24790.0,HUMAN_OBSERVATION,iNaturalist research-grade observations,50c9509d-22c7-4a22-a47d-8c48425ef4a7,http://creativecommons.org/publicdomain/zero/1.0/legalcode,,,,
gbif,4405492862,2023-08-26,2023,8,26,61.655577,26.054553,8.0,HUMAN_OBSERVATION,iNaturalist research-grade observations,50c9509d-22c7-4a22-a47d-8c48425ef4a7,http://creativecommons.org/licenses/by/4.0/legalcode,,,,
gbif,4405552446,2023-08-26,2023,8,26,60.228847,24.911039,1231.0,HUMAN_OBSERVATION,iNaturalist research-grade observations,50c9509d-22c7-4a22-a47d-8c48425ef4a7,http://creativecommons.org/publicdomain/zero/1.0/legalcode,,,,
gbif,4406139673,2023-08-30,2023,8,30,60.182302,24.824631,1.0,HUMAN_OBSERVATION,Löydös Open Finnish Observation Database,956bc674-6022-4c52-833e-c5fb39dc837a,http://creativecommons.org/licenses/by/4.0/legalcode,Otaniemi,,,
gbif,4406204996,2023-08-29,2023,8,29,62.039372,24.034069,10000.0,MACHINE_OBSERVATION,The Atlas of Finnish Fungi,2bc4c2db-1dfa-419c-93ce-6602c5ae8c99,http://creativecommons.org/licenses/by/4.0/legalcode,,,,
gbif,4406205855,2023-08-13,2023,8,13,63.065317,21.555217,1.0,MACHINE_OBSERVATION,The Atlas of Finnish Fungi,2bc4c2db-1dfa-419c-93ce-6602c5ae8c99,http://creativecommons.org/licenses/by/4.0/legalcode,,,,
gbif,4407234758,2023-08-30,2023,8,30,60.612612,25.22697,13.0,HUMAN_OBSERVATION,iNaturalist research-grade observations,50c9509d-22c7-4a22-a47d-8c48425ef4a7,http://creativecommons.org/publicdomain/zero/1.0/legalcode,,,,
gbif,4407535373,2023-08-31,2023,8,31,61.622936,27.013596,24612.0,HUMAN_OBSERVATION,iNaturalist research-grade observations,50c9509d-22c7-4a22-a47d-8c48425ef4a7,http://creativecommons.org/licenses/by-nc/4.0/legalcode,,Kasvoivat kostealla kankaalla syvällä lehtikatteen peitossa.,,
gbif,4410209627,2023-08-06,2023,8,6,61.510938,29.469808,,HUMAN_OBSERVATION,,8a863029-f435-446a-821e-275f4f641165,http://creativecommons.org/licenses/by-nc/4.0/legalcode,Parikkala,,,unknown
gbif,4410566125,2023-08-15,2023,8,15,61.525457,29.260641,,HUMAN_OBSERVATION,,8a863029-f435-446a-821e-275f4f641165,http://creativecommons.org/licenses/by-nc/4.0/legalcode,Parikkala,,,unknown
gbif,4410568142,2023-08-12,2023,8,12,61.759562,27.108091,,HUMAN_OBSERVATION,,8a863029-f435-446a-821e-275f4f641165,http://creativecommons.org/licenses/by-nc/4.0/legalcode,Sankt Michel landskommun,,,unknown
gbif,4410599348,2023-08-11,2023,8,11,61.505943,29.462223,8.0,HUMAN_OBSERVATION,,8a863029-f435-446a-821e-275f4f641165,http://creativecommons.org/licenses/by-nc/4.0/legalcode,Parikkala,,,unknown
gbif,4410653724,2023-08-30,2023,8,30,61.150469,24.418525,77.0,HUMAN_OBSERVATION,,8a863029-f435-446a-821e-275f4f641165,http://creativecommons.org/licenses/by-nc/4.0/legalcode,Hattula,,,unknown
gbif,4410728617,2023-08-23,2023,8,23,60.295593,24.515737,23.0,HUMAN_OBSERVATION,,8a863029-f435-446a-821e-275f4f641165,http://creativecommons.org/licenses/by-nc/4.0/legalcode,Nuuksion kansallispuisto NP,,,unknown
gbif,4413675597,2023-08-03,2023,8,3,62.007112,24.120146,24554.0,HUMAN_OBSERVATION,iNaturalist research-grade observations,50c9509d-22c7-4a22-a47d-8c48425ef4a7,http://creativecommons.org/licenses/by-nc/4.0/legalcode,,,,
gbif,4430433998,2023-08-30,2023,8,30,61.677738,27.197547,104.0,HUMAN_OBSERVATION,iNaturalist research-grade observations,50c9509d-22c7-4a22-a47d-8c48425ef4a7,http://creativecommons.org/licenses/by-nc/4.0/legalcode,,,,
gbif,4430909931,2023-08-19,2023,8,19,60.157964,24.764625,4.0,HUMAN_OBSERVATION,iNaturalist research-grade observations,50c9509d-22c7-4a22-a47d-8c48425ef4a7,http://creativecommons.org/publicdomain/zero/1.0/legalcode,,,,
gbif,4434822310,2023-08-10,2023,8,10,62.407249,28.774326,100.0,MACHINE_OBSERVATION,The Atlas of Finnish Fungi,2bc4c2db-1dfa-419c-93ce-6602c5ae8c99,http://creativecommons.org/licenses/by/4.0/legalcode,"Kerma, Käänninniemi",,Metsätien pohjoispuoli,
gbif,4437810403,2023-08-19,2023,8,19,63.037783,21.608844,1.0,MACHINE_OBSERVATION,The Atlas of Finnish Fungi,2bc4c2db-1dfa-419c-93ce-6602c5ae8c99,http://creativecommons.org/licenses/by/4.0/legalcode,,,,
gbif,4440688638,2023-08-29,2023,8,29,60.739175,24.76027,4.0,HUMAN_OBSERVATION,iNaturalist research-grade observations,50c9509d-22c7-4a22-a47d-8c48425ef4a7,http://creativecommons.org/licenses/by-nc/4.0/legalcode,,,,
gbif,4459566402,2023-08-31,2023,8,31,61.149822,24.40958,110.0,HUMAN_OBSERVATION,,8a863029-f435-446a-821e-275f4f641165,http://creativecommons.org/licenses/by-nc/4.0/legalcode,Hattula,,,unknown
gbif,4465590044,2023-08-05,2023,8,5,63.218693,26.644557,7.0,HUMAN_OBSERVATION,iNaturalist research-grade observations,50c9509d-22c7-4a22-a47d-8c48425ef4a7,http://creativecommons.org/licenses/by-nc/4.0/legalcode,,Kasvupaikka tuore kangasmetsä,,
gbif,4500563357,2023-08-24,2023,8,24,63.25582,27.555739,24381.0,HUMAN_OBSERVATION,iNaturalist research-grade observations,50c9509d-22c7-4a22-a47d-8c48425ef4a7,http://creativecommons.org/licenses/by-nc/4.0/legalcode,,Metsä,,
gbif,4538237877,2023-08-18,2023,8,18,59.838366,23.075275,2.0,HUMAN_OBSERVATION,,f1c4df18-12d6-40cb-ab51-5bb0d7f08d6e,http://creativecommons.org/licenses/by-nc/4.0/legalcode,,,,
gbif,4923320177,2023-08-14,2023,8,14,61.509845,23.784578,100.0,MACHINE_OBSERVATION,"Notebook, general observations",df12ca07-f133-4550-ab3b-fde13f0e76ba,http://creativecommons.org/licenses/by/4.0/legalcode,,,,
gbif,5893026267,2023-08-27,2023,8,27,62.89637,26.98256,4.0,HUMAN_OBSERVATION,iNaturalist research-grade observations,50c9509d-22c7-4a22-a47d-8c48425ef4a7,http://creativecommons.org/licenses/by-nc/4.0/legalcode,,,,
gbif,6183423931,2023-08-15,2023,8,15,62.069645,29.541638,32.0,HUMAN_OBSERVATION,,8a863029-f435-446a-821e-275f4f641165,http://creativecommons.org/licenses/by-nc/4.0/legalcode,Kesälahti,,,unknown
gbif,6183541431,2023-08-03,2023,8,3,62.061225,29.541388,24.0,HUMAN_OBSERVATION,,8a863029-f435-446a-821e-275f4f641165,http://creativecommons.org/licenses/by-nc/4.0/legalcode,Kesälahti,,,unknown
gbif,4403548914,2023-09-01,2023,9,1,60.181258,24.662664,1.0,HUMAN_OBSERVATION,"Notebook, general observations",df12ca07-f133-4550-ab3b-fde13f0e76ba,http://creativecommons.org/licenses/by/4.0/legalcode,Latokaski,,,
gbif,4406204372,2023-09-03,2023,9,3,61.467543,23.373766,1000.0,HUMAN_OBSERVATION,The Atlas of Finnish Fungi,2bc4c2db-1dfa-419c-93ce-6602c5ae8c99,http://creativecommons.org/licenses/by/4.0/legalcode,Knuutila,,kuusivaltainen lehtomainen kangas,
gbif,4406204740,2023-09-03,2023,9,3,61.37348,22.042368,1.0,MACHINE_OBSERVATION,The Atlas of Finnish Fungi,2bc4c2db-1dfa-419c-93ce-6602c5ae8c99,http://creativecommons.org/licenses/by/4.0/legalcode,Viikkala,,Nurmikko,
gbif,4406204959,2023-09-01,2023,9,1,61.480927,23.541686,1000.0,MACHINE_OBSERVATION,The Atlas of Finnish Fungi,2bc4c2db-1dfa-419c-93ce-6602c5ae8c99,http://creativecommons.org/licenses/by/4.0/legalcode,Maatialanlahti,WGS84: 61.481577 23.543692,"Lehtipuuvaltainen tulvametsä, ylempänä rinteessä tuoretta lehtoa",
gbif,4406205158,2023-09-02,2023,9,2,66.697282,26.605323,1000.0,MACHINE_OBSERVATION,The Atlas of Finnish Fungi,2bc4c2db-1dfa-419c-93ce-6602c5ae8c99,http://creativecommons.org/licenses/by/4.0/legalcode,"Heinuvaara, pohjoinen",Keywords: { fundive },,
gbif,4406205196,2023-09-05,2023,9,5,61.779141,23.02434,1.0,MACHINE_OBSERVATION,The Atlas of Finnish Fungi,2bc4c2db-1dfa-419c-93ce-6602c5ae8c99,http://creativecommons.org/licenses/by/4.0/legalcode,Koivikko,Keywords: { Sienityöryhmäretkeily 2023 },,
gbif,4406205385,2023-09-04,2023,9,4,60.98383,22.683896,100.0,MACHINE_OBSERVATION,The Atlas of Finnish Fungi,2bc4c2db-1dfa-419c-93ce-6602c5ae8c99,http://creativecommons.org/licenses/by/4.0/legalcode,,,,
gbif,4406205540,2023-09-03,2023,9,3,61.493008,23.357456,1000.0,MACHINE_OBSERVATION,The Atlas of Finnish Fungi,2bc4c2db-1dfa-419c-93ce-6602c5ae8c99,http://creativecommons.org/licenses/by/4.0/legalcode,"Viinavuori, Siuro","61.492460629107654, 23.355777697924403","Pohjoisrinne, kuusivaltaista tuoretta lehtoa -lehtomaista kangasta, lahopuuta.",
gbif,4406205562,2023-09-03,2023,9,3,61.490674,23.351734,1.0,HUMAN_OBSERVATION,The Atlas of Finnish Fungi,2bc4c2db-1dfa-419c-93ce-6602c5ae8c99,http://creativecommons.org/licenses/by/4.0/legalcode,"Linnavuori, Siuro",,Tuore kangas,
gbif,4406205615,2023-09-01,2023,9,1,61.484,23.555,1.0,MACHINE_OBSERVATION,The Atlas of Finnish Fungi,2bc4c2db-1dfa-419c-93ce-6602c5ae8c99,http://creativecommons.org/licenses/by/4.0/legalcode,Maatialanharjun keto,,"Pienialainen avoin harjuketo, ympärillä pihlaja, koivut, kuusi, mänty",
gbif,4406205638,2023-09-01,2023,9,1,60.317297,24.523639,1000.0,MACHINE_OBSERVATION,The Atlas of Finnish Fungi,2bc4c2db-1dfa-419c-93ce-6602c5ae8c99,http://creativecommons.org/licenses/by/4.0/legalcode,Högbacka,,,
gbif,4406205740,2023-09-02,2023,9,2,60.348029,25.877486,1.0,MACHINE_OBSERVATION,The Atlas of Finnish Fungi,2bc4c2db-1dfa-419c-93ce-6602c5ae8c99,http://creativecommons.org/licenses/by/4.0/legalcode,Virvik,,,
gbif,4406205782,2023-09-03,2023,9,3,60.242668,25.207655,1.0,HUMAN_OBSERVATION,The Atlas of Finnish Fungi,2bc4c2db-1dfa-419c-93ce-6602c5ae8c99,http://creativecommons.org/licenses/by/4.0/legalcode,Husö,,,
gbif,4406384725,2023-09-10,2023,9,10,60.245216,24.978447,1.0,HUMAN_OBSERVATION,"Notebook, general observations",df12ca07-f133-4550-ab3b-fde13f0e76ba,http://creativecommons.org/licenses/by/4.0/legalcode,,,,
gbif,4406384761,2023-09-04,2023,9,4,61.446087,23.781892,100.0,HUMAN_OBSERVATION,"Notebook, general observations",df12ca07-f133-4550-ab3b-fde13f0e76ba,http://creativecommons.org/licenses/by/4.0/legalcode,"Multisilta, Leppänen, Särkijärvi",,Särkijärven NW-rannan metsät ja Leppäsen puronuoma,
gbif,4406387322,2023-09-02,2023,9,2,61.169238,25.86534,1.0,HUMAN_OBSERVATION,"Notebook, general observations",df12ca07-f133-4550-ab3b-fde13f0e76ba,http://creativecommons.org/licenses/by/4.0/legalcode,Lähdemäki,,,
gbif,4406387498,2023-09-02,2023,9,2,61.280016,24.032324,100.0,MACHINE_OBSERVATION,"Notebook, general observations",df12ca07-f133-4550-ab3b-fde13f0e76ba,http://creativecommons.org/licenses/by/4.0/legalcode,Ulvajanniemi,,Ulvajanniemen kuusimetsä Pikku-Ulvajan SE-puolella,
gbif,4406388492,2023-09-02,2023,9,2,61.279728,24.03252,100.0,HUMAN_OBSERVATION,"Notebook, general observations",df12ca07-f133-4550-ab3b-fde13f0e76ba,http://creativecommons.org/licenses/by/4.0/legalcode,Ulvajanniemi,,Ulvajanniemen kuusimetsä Pikku-Ulvajan SE-puolella,
gbif,4406389322,2023-09-02,2023,9,2,62.21122,25.706441,1000.0,HUMAN_OBSERVATION,"Notebook, general observations",df12ca07-f133-4550-ab3b-fde13f0e76ba,http://creativecommons.org/licenses/by/4.0/legalcode,Roninmäki,,,
gbif,4407091795,2023-09-02,2023,9,2,61.456148,23.941271,,HUMAN_OBSERVATION,iNaturalist research-grade observations,50c9509d-22c7-4a22-a47d-8c48425ef4a7,http://creativecommons.org/licenses/by-nc/4.0/legalcode,,,,
gbif,4407110173,2023-09-03,2023,9,3,61.584564,23.609152,84.0,HUMAN_OBSERVATION,iNaturalist research-grade observations,50c9509d-22c7-4a22-a47d-8c48425ef4a7,http://creativecommons.org/licenses/by-nc/4.0/legalcode,,,,
gbif,4407193836,2023-09-04,2023,9,4,62.034695,22.919177,195.0,HUMAN_OBSERVATION,iNaturalist research-grade observations,50c9509d-22c7-4a22-a47d-8c48425ef4a7,http://creativecommons.org/licenses/by-nc/4.0/legalcode,,,,
gbif,4407325904,2023-09-05,2023,9,5,60.153531,24.530241,18.0,HUMAN_OBSERVATION,iNaturalist research-grade observations,50c9509d-22c7-4a22-a47d-8c48425ef4a7,http://creativecommons.org/licenses/by-nc/4.0/legalcode,,,,
gbif,4407365971,2023-09-05,2023,9,5,62.866378,27.662188,3.0,HUMAN_OBSERVATION,iNaturalist research-grade observations,50c9509d-22c7-4a22-a47d-8c48425ef4a7,http://creativecommons.org/licenses/by-nc/4.0/legalcode,,,,
gbif,4407383474,2023-09-02,2023,9,2,60.257952,22.783141,136.0,HUMAN_OBSERVATION,iNaturalist research-grade observations,50c9509d-22c7-4a22-a47d-8c48425ef4a7,http://creativecommons.org/licenses/by-nc/4.0/legalcode,,,,
gbif,4407397857,2023-09-03,2023,9,3,61.218456,22.245765,8.0,HUMAN_OBSERVATION,iNaturalist research-grade observations,50c9509d-22c7-4a22-a47d-8c48425ef4a7,http://creativecommons.org/licenses/by-nc/4.0/legalcode,,,,
gbif,4407422307,2023-09-03,2023,9,3,60.397806,22.332526,8.0,HUMAN_OBSERVATION,iNaturalist research-grade observations,50c9509d-22c7-4a22-a47d-8c48425ef4a7,http://creativecommons.org/licenses/by-nc/4.0/legalcode,,,,
gbif,4407430088,2023-09-05,2023,9,5,60.235046,25.037645,35.0,HUMAN_OBSERVATION,iNaturalist research-grade observations,50c9509d-22c7-4a22-a47d-8c48425ef4a7,http://creativecommons.org/licenses/by-nc/4.0/legalcode,,,,
gbif,4407483554,2023-09-01,2023,9,1,60.998875,23.608337,10.0,HUMAN_OBSERVATION,iNaturalist research-grade observations,50c9509d-22c7-4a22-a47d-8c48425ef4a7,http://creativecommons.org/licenses/by-nc/4.0/legalcode,,,,
gbif,4407565349,2023-09-02,2023,9,2,63.615723,22.567141,2349.0,HUMAN_OBSERVATION,iNaturalist research-grade observations,50c9509d-22c7-4a22-a47d-8c48425ef4a7,http://creativecommons.org/licenses/by-nc/4.0/legalcode,,,,
gbif,4407660527,2023-09-03,2023,9,3,60.273266,25.119113,,HUMAN_OBSERVATION,iNaturalist research-grade observations,50c9509d-22c7-4a22-a47d-8c48425ef4a7,http://creativecommons.org/licenses/by-nc/4.0/legalcode,,,,
gbif,4412458929,2023-09-09,2023,9,9,64.193943,29.981313,10000.0,PRESERVED_SPECIMEN,"Notebook, general observations",df12ca07-f133-4550-ab3b-fde13f0e76ba,http://creativecommons.org/licenses/by/4.0/legalcode,,,,
gbif,4412459357,2023-09-10,2023,9,,60.757074,24.164887,1000.0,HUMAN_OBSERVATION,"Notebook, general observations",df12ca07-f133-4550-ab3b-fde13f0e76ba,http://creativecommons.org/licenses/by/4.0/legalcode,"Selkäsaari ja Antinniemi, Salonkylä",,"Ainakin yksi kalkkivaikutteinen lehto, lehtoja, karumpia kankaita, mustikkatyypin metsää, ojitettua suota",
gbif,4412460824,2023-09-14,2023,9,14,60.070232,23.858483,1000.0,HUMAN_OBSERVATION,"Notebook, general observations",df12ca07-f133-4550-ab3b-fde13f0e76ba,http://creativecommons.org/licenses/by/4.0/legalcode,Gårdsböle,,,
gbif,4412460939,2023-09-15,2023,9,15,59.989571,24.436611,1000.0,HUMAN_OBSERVATION,"Notebook, general observations",df12ca07-f133-4550-ab3b-fde13f0e76ba,http://creativecommons.org/licenses/by/4.0/legalcode,Porkkala,,,
gbif,4412465634,2023-09-15,2023,9,15,60.989771,24.420452,1000.0,HUMAN_OBSERVATION,"Notebook, general observations",df12ca07-f133-4550-ab3b-fde13f0e76ba,http://creativecommons.org/licenses/by/4.0/legalcode,Ahvenisto,"Keywords: { helttasienet | kupusienet | hautausmaa | lehto | kuiva lehto | tuore kangas | lehtomainen kangas | Ahvenisto | Hämeenlinna } | Alueen pohjoisosan rinteessä, tuoreen kankaan ja mahdollisesti osin lehtomaisen kankaan metsässä","sateita ollut melko paljon, mutta pieniä helttasieniä vähän, etenkin rouskuja ja kantarellia ollut paljon, ehkä peräti ennätysmäinen koivurouskuvuosi, sillä olen nähnyt niitä kolmessa paikassa Etelä-Hämeessä, tsoin melko runsaalla-kohtalaisellaretkeilyllä Ahveniston hautausmaa ja hautausmaasta Ahven",
gbif,4412557414,2023-09-09,2023,9,9,61.466967,23.81475,1.0,HUMAN_OBSERVATION,The Atlas of Finnish Fungi,2bc4c2db-1dfa-419c-93ce-6602c5ae8c99,http://creativecommons.org/licenses/by/4.0/legalcode,,,,
gbif,4412557736,2023-09-01,2023,9,1,61.483817,23.554603,100.0,MACHINE_OBSERVATION,The Atlas of Finnish Fungi,2bc4c2db-1dfa-419c-93ce-6602c5ae8c99,http://creativecommons.org/licenses/by/4.0/legalcode,Maatialanharjun keto,WGS84: 61.483853 23.555116,"Pienialainen avoin harjuketo, ympärillä pihlaja, koivut, kuusi, mänty",
gbif,4412557772,2023-09-09,2023,9,9,62.035139,23.843263,10000.0,MACHINE_OBSERVATION,The Atlas of Finnish Fungi,2bc4c2db-1dfa-419c-93ce-6602c5ae8c99,http://creativecommons.org/licenses/by/4.0/legalcode,,,,
gbif,4412558338,2023-09-11,2023,9,11,60.531068,24.390705,1.0,MACHINE_OBSERVATION,The Atlas of Finnish Fungi,2bc4c2db-1dfa-419c-93ce-6602c5ae8c99,http://creativecommons.org/licenses/by/4.0/legalcode,Murtohuhta,,Iitalammin eteläpuolinen ylätasanne,
gbif,4412558880,2023-09-12,2023,9,12,62.254229,25.857247,1.0,MACHINE_OBSERVATION,The Atlas of Finnish Fungi,2bc4c2db-1dfa-419c-93ce-6602c5ae8c99,http://creativecommons.org/licenses/by/4.0/legalcode,Vaajakoski,Ruohikkoisessa rinteessä,"Vanhahkoa kuusimetsää jossa lahopuuta, sekametsää, lehtovaikutteuista sekametsää, tienpiennarta",
gbif,4412559046,2023-09-11,2023,9,11,60.542275,24.483829,1000.0,MACHINE_OBSERVATION,The Atlas of Finnish Fungi,2bc4c2db-1dfa-419c-93ce-6602c5ae8c99,http://creativecommons.org/licenses/by/4.0/legalcode,Partiolaisten ranta,,,
gbif,4413437939,2023-09-06,2023,9,6,60.213534,25.078178,3.0,HUMAN_OBSERVATION,iNaturalist research-grade observations,50c9509d-22c7-4a22-a47d-8c48425ef4a7,http://creativecommons.org/licenses/by-nc/4.0/legalcode,,,,
gbif,4413600694,2023-09-03,2023,9,3,60.278021,23.827612,9.0,HUMAN_OBSERVATION,iNaturalist research-grade observations,50c9509d-22c7-4a22-a47d-8c48425ef4a7,http://creativecommons.org/licenses/by-nc/4.0/legalcode,,,,
gbif,4413787661,2023-09-06,2023,9,6,60.247417,25.031497,5.0,HUMAN_OBSERVATION,iNaturalist research-grade observations,50c9509d-22c7-4a22-a47d-8c48425ef4a7,http://creativecommons.org/publicdomain/zero/1.0/legalcode,,,,
gbif,4413858895,2023-09-09,2023,9,9,61.171281,24.545578,24700.0,HUMAN_OBSERVATION,iNaturalist research-grade observations,50c9509d-22c7-4a22-a47d-8c48425ef4a7,http://creativecommons.org/licenses/by-nc/4.0/legalcode,,,,
gbif,4413883371,2023-09-06,2023,9,6,60.924316,27.003893,3594.0,HUMAN_OBSERVATION,iNaturalist research-grade observations,50c9509d-22c7-4a22-a47d-8c48425ef4a7,http://creativecommons.org/licenses/by-nc/4.0/legalcode,,,,
gbif,4414019950,2023-09-11,2023,9,11,63.370532,27.406337,372.0,HUMAN_OBSERVATION,iNaturalist research-grade observations,50c9509d-22c7-4a22-a47d-8c48425ef4a7,http://creativecommons.org/licenses/by-nc/4.0/legalcode,,,,
gbif,4414020173,2023-09-12,2023,9,12,60.188633,24.89658,3.0,HUMAN_OBSERVATION,iNaturalist research-grade observations,50c9509d-22c7-4a22-a47d-8c48425ef4a7,http://creativecommons.org/licenses/by-nc/4.0/legalcode,,,,
gbif,4414082473,2023-09-09,2023,9,9,61.276195,24.706894,10.0,HUMAN_OBSERVATION,iNaturalist research-grade observations,50c9509d-22c7-4a22-a47d-8c48425ef4a7,http://creativecommons.org/licenses/by-nc/4.0/legalcode,,,,
gbif,4414187081,2023-09-17,2023,9,17,61.121751,28.45105,4.0,HUMAN_OBSERVATION,iNaturalist research-grade observations,50c9509d-22c7-4a22-a47d-8c48425ef4a7,http://creativecommons.org/licenses/by-nc/4.0/legalcode,,,,
gbif,4414210296,2023-09-16,2023,9,16,60.26703,24.905765,,HUMAN_OBSERVATION,iNaturalist research-grade observations,50c9509d-22c7-4a22-a47d-8c48425ef4a7,http://creativecommons.org/licenses/by-nc/4.0/legalcode,,,,
gbif,4414247190,2023-09-16,2023,9,16,60.113358,24.713817,24.0,HUMAN_OBSERVATION,iNaturalist research-grade observations,50c9509d-22c7-4a22-a47d-8c48425ef4a7,http://creativecommons.org/publicdomain/zero/1.0/legalcode,,,,
gbif,4414283342,2023-09-12,2023,9,12,60.202459,24.820034,20.0,HUMAN_OBSERVATION,iNaturalist research-grade observations,50c9509d-22c7-4a22-a47d-8c48425ef4a7,http://creativecommons.org/licenses/by-nc/4.0/legalcode,,,,
gbif,4414289657,2023-09-16,2023,9,16,60.113053,24.715328,13.0,HUMAN_OBSERVATION,iNaturalist research-grade observations,50c9509d-22c7-4a22-a47d-8c48425ef4a7,http://creativecommons.org/publicdomain/zero/1.0/legalcode,,,,
gbif,4414345280,2023-09-16,2023,9,16,60.112583,24.714863,4.0,HUMAN_OBSERVATION,iNaturalist research-grade observations,50c9509d-22c7-4a22-a47d-8c48425ef4a7,http://creativecommons.org/publicdomain/zero/1.0/legalcode,,,,
gbif,4414381156,2023-09-17,2023,9,17,60.579995,25.110908,24790.0,HUMAN_OBSERVATION,iNaturalist research-grade observations,50c9509d-22c7-4a22-a47d-8c48425ef4a7,http://creativecommons.org/licenses/by-nc/4.0/legalcode,,,,
gbif,4414382505,2023-09-17,2023,9,17,60.999424,25.590025,1200.0,HUMAN_OBSERVATION,iNaturalist research-grade observations,50c9509d-22c7-4a22-a47d-8c48425ef4a7,http://creativecommons.org/licenses/by-nc/4.0/legalcode,,,,
gbif,4414383063,2023-09-19,2023,9,19,63.333725,27.385359,12.0,HUMAN_OBSERVATION,iNaturalist research-grade observations,50c9509d-22c7-4a22-a47d-8c48425ef4a7,http://creativecommons.org/licenses/by-nc/4.0/legalcode,,,,
gbif,4414431502,2023-09-17,2023,9,17,60.201499,25.979061,24819.0,HUMAN_OBSERVATION,iNaturalist research-grade observations,50c9509d-22c7-4a22-a47d-8c48425ef4a7,http://creativecommons.org/licenses/by-nc/4.0/legalcode,,,,
gbif,4414790326,2023-09-16,2023,9,16,60.018451,23.786548,1000.0,HUMAN_OBSERVATION,Noteworthy macrofungi - complete lists,86ef47b9-9300-4ead-b9c4-8df96d67d1f4,http://creativecommons.org/licenses/by/4.0/legalcode,,,,
gbif,4414790328,2023-09-22,2023,9,22,60.055086,23.675094,10000.0,HUMAN_OBSERVATION,Noteworthy macrofungi - complete lists,86ef47b9-9300-4ead-b9c4-8df96d67d1f4,http://creativecommons.org/licenses/by/4.0/legalcode,,,,
gbif,4414790376,2023-09-17,2023,9,17,60.066434,23.678288,1000.0,HUMAN_OBSERVATION,Noteworthy macrofungi - complete lists,86ef47b9-9300-4ead-b9c4-8df96d67d1f4,http://creativecommons.org/licenses/by/4.0/legalcode,,,,
gbif,4416387372,2023-09-27,2023,9,27,60.32343,24.525371,1000.0,HUMAN_OBSERVATION,Noteworthy macrofungi - complete lists,86ef47b9-9300-4ead-b9c4-8df96d67d1f4,http://creativecommons.org/licenses/by/4.0/legalcode,,,,
gbif,4416387382,2023-09-27,2023,9,27,60.320566,24.530471,1000.0,HUMAN_OBSERVATION,Noteworthy macrofungi - complete lists,86ef47b9-9300-4ead-b9c4-8df96d67d1f4,http://creativecommons.org/licenses/by/4.0/legalcode,,,,
gbif,4416387389,2023-09-24,2023,9,24,60.4369,24.31486,1000.0,HUMAN_OBSERVATION,Noteworthy macrofungi - complete lists,86ef47b9-9300-4ead-b9c4-8df96d67d1f4,http://creativecommons.org/licenses/by/4.0/legalcode,Lintumäki,,"Suljin sovelluksen vahingossa reitin varrella, sen jälkeen ei kuvien lisääminen onnistunut. Hiekkapohjainen mäntyvaltainen sekametsä ja korpinotkelma",
gbif,4416661673,2023-09-16,2023,9,16,61.687143,27.261065,36.0,HUMAN_OBSERVATION,iNaturalist research-grade observations,50c9509d-22c7-4a22-a47d-8c48425ef4a7,http://creativecommons.org/licenses/by-nc/4.0/legalcode,,,,
gbif,4416730013,2023-09-24,2023,9,24,60.646198,24.750718,6332.0,HUMAN_OBSERVATION,iNaturalist research-grade observations,50c9509d-22c7-4a22-a47d-8c48425ef4a7,http://creativecommons.org/licenses/by-nc/4.0/legalcode,,,,
gbif,4416822082,2023-09-20,2023,9,20,62.906851,27.673629,3.0,HUMAN_OBSERVATION,iNaturalist research-grade observations,50c9509d-22c7-4a22-a47d-8c48425ef4a7,http://creativecommons.org/licenses/by-nc/4.0/legalcode,,,,
gbif,4417033630,2023-09-17,2023,9,17,61.215545,25.711248,130.0,HUMAN_OBSERVATION,iNaturalist research-grade observations,50c9509d-22c7-4a22-a47d-8c48425ef4a7,http://creativecommons.org/licenses/by-nc/4.0/legalcode,,,,
gbif,4417038455,2023-09-23,2023,9,23,62.910618,27.668894,4.0,HUMAN_OBSERVATION,iNaturalist research-grade observations,50c9509d-22c7-4a22-a47d-8c48425ef4a7,http://creativecommons.org/licenses/by-nc/4.0/legalcode,,,,
gbif,4417117580,2023-09-22,2023,9,22,60.305153,25.196822,4.0,HUMAN_OBSERVATION,iNaturalist research-grade observations,50c9509d-22c7-4a22-a47d-8c48425ef4a7,http://creativecommons.org/publicdomain/zero/1.0/legalcode,,,,
gbif,4417423408,2023-09-21,2023,9,21,60.270994,23.39844,100.0,MACHINE_OBSERVATION,The Atlas of Finnish Fungi,2bc4c2db-1dfa-419c-93ce-6602c5ae8c99,http://creativecommons.org/licenses/by/4.0/legalcode,Kisko,,Raadesuosta E,
gbif,4417423540,2023-09-23,2023,9,23,61.462706,23.806778,1.0,HUMAN_OBSERVATION,The Atlas of Finnish Fungi,2bc4c2db-1dfa-419c-93ce-6602c5ae8c99,http://creativecommons.org/licenses/by/4.0/legalcode,,,Vaihtelevaa sekametsää,
gbif,4417423800,2023-09-12,2023,9,,60.54259,24.553966,100.0,MACHINE_OBSERVATION,The Atlas of Finnish Fungi,2bc4c2db-1dfa-419c-93ce-6602c5ae8c99,http://creativecommons.org/licenses/by/4.0/legalcode,Kuoppala Vihtijärvi,,Okt piha sekä voimakkaasti harvennushakattu kuusi/mäntymetsä,
gbif,4417423824,2023-09-20,2023,9,20,60.344627,25.086148,1.0,MACHINE_OBSERVATION,The Atlas of Finnish Fungi,2bc4c2db-1dfa-419c-93ce-6602c5ae8c99,http://creativecommons.org/licenses/by/4.0/legalcode,Matari,,,
gbif,4417424223,2023-09-07,2023,9,7,61.781147,22.759681,1.0,MACHINE_OBSERVATION,The Atlas of Finnish Fungi,2bc4c2db-1dfa-419c-93ce-6602c5ae8c99,http://creativecommons.org/licenses/by/4.0/legalcode,Uhrilähde,,Lähde-kosteikko-suppa-alue,
gbif,4417424308,2023-09-21,2023,9,21,60.675806,24.412318,1.0,MACHINE_OBSERVATION,The Atlas of Finnish Fungi,2bc4c2db-1dfa-419c-93ce-6602c5ae8c99,http://creativecommons.org/licenses/by/4.0/legalcode,Järventausta,,,
gbif,4417424461,2023-09-27,2023,9,27,62.171827,25.638683,1.0,HUMAN_OBSERVATION,The Atlas of Finnish Fungi,2bc4c2db-1dfa-419c-93ce-6602c5ae8c99,http://creativecommons.org/licenses/by/4.0/legalcode,,,,
gbif,4418552681,2023-09-21,2023,9,21,61.421548,25.530254,100.0,HUMAN_OBSERVATION,"Notebook, general observations",df12ca07-f133-4550-ab3b-fde13f0e76ba,http://creativecommons.org/licenses/by/4.0/legalcode,"Rapalanniemi, Särkilahti",,,
gbif,4418552811,2023-09-28,2023,9,28,62.228456,25.754671,100.0,HUMAN_OBSERVATION,"Notebook, general observations",df12ca07-f133-4550-ab3b-fde13f0e76ba,http://creativecommons.org/licenses/by/4.0/legalcode,Ainola,,"+14 °C, tuuli W 3,4 m/s, pilvistä ja poutaa",
gbif,4418560478,2023-09-30,2023,9,30,60.178686,24.691748,1.0,HUMAN_OBSERVATION,"Notebook, general observations",df12ca07-f133-4550-ab3b-fde13f0e76ba,http://creativecommons.org/licenses/by/4.0/legalcode,Puolarmaari,Keywords: { siira },,
gbif,4418561865,2023-09-25,2023,9,25,60.101402,25.054803,1000.0,HUMAN_OBSERVATION,"Notebook, general observations",df12ca07-f133-4550-ab3b-fde13f0e76ba,http://creativecommons.org/licenses/by/4.0/legalcode,Isosaari,,,
gbif,4420734474,2023-09-12,2023,9,12,59.952501,23.451363,7.0,HUMAN_OBSERVATION,iNaturalist research-grade observations,50c9509d-22c7-4a22-a47d-8c48425ef4a7,http://creativecommons.org/licenses/by-nc/4.0/legalcode,,,,
gbif,4420891825,2023-09-30,2023,9,30,60.311839,24.55593,,HUMAN_OBSERVATION,iNaturalist research-grade observations,50c9509d-22c7-4a22-a47d-8c48425ef4a7,http://creativecommons.org/licenses/by/4.0/legalcode,,,,
gbif,4420902262,2023-09-28,2023,9,28,62.163591,25.621692,9.0,HUMAN_OBSERVATION,iNaturalist research-grade observations,50c9509d-22c7-4a22-a47d-8c48425ef4a7,http://creativecommons.org/licenses/by-nc/4.0/legalcode,,Kuusi/koivu metsän sammaleessa,,
gbif,4420928966,2023-09-28,2023,9,28,61.222887,21.726825,4.0,HUMAN_OBSERVATION,iNaturalist research-grade observations,50c9509d-22c7-4a22-a47d-8c48425ef4a7,http://creativecommons.org/licenses/by-nc/4.0/legalcode,,,,
gbif,4421009583,2023-09-30,2023,9,30,60.534836,24.623555,,HUMAN_OBSERVATION,iNaturalist research-grade observations,50c9509d-22c7-4a22-a47d-8c48425ef4a7,http://creativecommons.org/licenses/by-nc/4.0/legalcode,,,,
gbif,4421726467,2023-09-16,2023,9,16,62.078847,27.387236,1000.0,MACHINE_OBSERVATION,The Atlas of Finnish Fungi,2bc4c2db-1dfa-419c-93ce-6602c5ae8c99,http://creativecommons.org/licenses/by/4.0/legalcode,"Ankele, Piilukanvuori",,,
gbif,4421726479,2023-09-08,2023,9,8,63.035686,21.612897,1.0,HUMAN_OBSERVATION,The Atlas of Finnish Fungi,2bc4c2db-1dfa-419c-93ce-6602c5ae8c99,http://creativecommons.org/licenses/by/4.0/legalcode,,,,
gbif,4421726723,2023-09-25,2023,9,25,60.698784,24.34165,10000.0,MACHINE_OBSERVATION,The Atlas of Finnish Fungi,2bc4c2db-1dfa-419c-93ce-6602c5ae8c99,http://creativecommons.org/licenses/by/4.0/legalcode,,,,
gbif,4421727248,2023-09-15,2023,9,15,60.472175,22.339361,1.0,MACHINE_OBSERVATION,The Atlas of Finnish Fungi,2bc4c2db-1dfa-419c-93ce-6602c5ae8c99,http://creativecommons.org/licenses/by/4.0/legalcode,,Kuvassa näkyvät etummaiset sienet olivat valmiiksi jonkun tai jonkin irrottamia.,,
gbif,4421727331,2023-09-15,2023,9,15,60.469414,22.331528,1.0,MACHINE_OBSERVATION,The Atlas of Finnish Fungi,2bc4c2db-1dfa-419c-93ce-6602c5ae8c99,http://creativecommons.org/licenses/by/4.0/legalcode,,,,
gbif,4421727364,2023-09-08,2023,9,8,63.035636,21.627983,1.0,HUMAN_OBSERVATION,The Atlas of Finnish Fungi,2bc4c2db-1dfa-419c-93ce-6602c5ae8c99,http://creativecommons.org/licenses/by/4.0/legalcode,,,,
gbif,4421727410,2023-09-15,2023,9,15,60.469364,22.329022,1.0,MACHINE_OBSERVATION,The Atlas of Finnish Fungi,2bc4c2db-1dfa-419c-93ce-6602c5ae8c99,http://creativecommons.org/licenses/by/4.0/legalcode,,,,
gbif,4421727458,2023-09-30,2023,9,30,60.451277,22.699407,100.0,MACHINE_OBSERVATION,The Atlas of Finnish Fungi,2bc4c2db-1dfa-419c-93ce-6602c5ae8c99,http://creativecommons.org/licenses/by/4.0/legalcode,Vista,,,
gbif,4421727539,2023-09-15,2023,9,15,60.469761,22.335292,1.0,HUMAN_OBSERVATION,The Atlas of Finnish Fungi,2bc4c2db-1dfa-419c-93ce-6602c5ae8c99,http://creativecommons.org/licenses/by/4.0/legalcode,,,,
gbif,4423738315,2023-09-28,2023,9,28,60.055086,23.675094,10000.0,HUMAN_OBSERVATION,Noteworthy macrofungi - complete lists,86ef47b9-9300-4ead-b9c4-8df96d67d1f4,http://creativecommons.org/licenses/by/4.0/legalcode,,,,
gbif,4426737401,2023-09-09,2023,9,9,63.242577,21.566814,10.0,MACHINE_OBSERVATION,The Atlas of Finnish Fungi,2bc4c2db-1dfa-419c-93ce-6602c5ae8c99,http://creativecommons.org/licenses/by/4.0/legalcode,Iskmo Lillön,,,
gbif,4426737420,2023-09-29,2023,9,29,63.034261,21.6265,1.0,MACHINE_OBSERVATION,The Atlas of Finnish Fungi,2bc4c2db-1dfa-419c-93ce-6602c5ae8c99,http://creativecommons.org/licenses/by/4.0/legalcode,,,,
gbif,4426737497,2023-09-23,2023,9,23,60.512844,22.410822,1.0,HUMAN_OBSERVATION,The Atlas of Finnish Fungi,2bc4c2db-1dfa-419c-93ce-6602c5ae8c99,http://creativecommons.org/licenses/by/4.0/legalcode,,,,
gbif,4426737507,2023-09-23,2023,9,23,60.508008,22.407297,1.0,MACHINE_OBSERVATION,The Atlas of Finnish Fungi,2bc4c2db-1dfa-419c-93ce-6602c5ae8c99,http://creativecommons.org/licenses/by/4.0/legalcode,,,,
gbif,4426737576,2023-09-23,2023,9,23,60.511392,22.408272,1.0,HUMAN_OBSERVATION,The Atlas of Finnish Fungi,2bc4c2db-1dfa-419c-93ce-6602c5ae8c99,http://creativecommons.org/licenses/by/4.0/legalcode,,,,
gbif,4430941023,2023-09-05,2023,9,5,60.801713,25.72884,1058.0,HUMAN_OBSERVATION,iNaturalist research-grade observations,50c9509d-22c7-4a22-a47d-8c48425ef4a7,http://creativecommons.org/licenses/by-nc/4.0/legalcode,,,,
gbif,4430950048,2023-09-01,2023,9,1,63.615132,29.067706,41407.0,HUMAN_OBSERVATION,iNaturalist research-grade observations,50c9509d-22c7-4a22-a47d-8c48425ef4a7,http://creativecommons.org/licenses/by-nc/4.0/legalcode,,,,
gbif,4430965064,2023-09-02,2023,9,2,60.904945,27.19758,2599.0,HUMAN_OBSERVATION,iNaturalist research-grade observations,50c9509d-22c7-4a22-a47d-8c48425ef4a7,http://creativecommons.org/licenses/by-nc/4.0/legalcode,,,,
gbif,4434822381,2023-09-29,2023,9,29,63.066872,21.551417,10.0,MACHINE_OBSERVATION,The Atlas of Finnish Fungi,2bc4c2db-1dfa-419c-93ce-6602c5ae8c99,http://creativecommons.org/licenses/by/4.0/legalcode,Öjen,,,
gbif,4459556954,2023-09-20,2023,9,20,60.686205,23.00972,748.0,HUMAN_OBSERVATION,,8a863029-f435-446a-821e-275f4f641165,http://creativecommons.org/licenses/by-nc/4.0/legalcode,Koski TL,,,unknown
gbif,4460315842,2023-09-16,2023,9,16,61.548443,28.071213,1000.0,HUMAN_OBSERVATION,,8a863029-f435-446a-821e-275f4f641165,http://creativecommons.org/licenses/by-nc/4.0/legalcode,Puumala,,,unknown
gbif,4460756183,2023-09-03,2023,9,3,63.233092,30.180252,11.0,HUMAN_OBSERVATION,,8a863029-f435-446a-821e-275f4f641165,http://creativecommons.org/licenses/by-nc/4.0/legalcode,Lieksa,,,unknown
gbif,4461514661,2023-09-15,2023,9,15,63.087716,26.849556,686.0,HUMAN_OBSERVATION,,8a863029-f435-446a-821e-275f4f641165,http://creativecommons.org/licenses/by-nc/4.0/legalcode,Pielavesi,,,unknown
gbif,4462319139,2023-09-03,2023,9,3,63.233206,30.180401,6.0,HUMAN_OBSERVATION,,8a863029-f435-446a-821e-275f4f641165,http://creativecommons.org/licenses/by-nc/4.0/legalcode,Lieksa,,,unknown
gbif,4465484959,2023-09-04,2023,9,4,63.455202,27.617717,122.0,HUMAN_OBSERVATION,iNaturalist research-grade observations,50c9509d-22c7-4a22-a47d-8c48425ef4a7,http://creativecommons.org/licenses/by-nc/4.0/legalcode,,,,
gbif,4510393446,2023-09-06,2023,9,6,61.260641,28.210073,31406.0,HUMAN_OBSERVATION,iNaturalist research-grade observations,50c9509d-22c7-4a22-a47d-8c48425ef4a7,http://creativecommons.org/licenses/by-nc/4.0/legalcode,,,,
gbif,4511298331,2023-09-13,2023,9,13,60.971373,25.628268,1.0,MACHINE_OBSERVATION,The Atlas of Finnish Fungi,2bc4c2db-1dfa-419c-93ce-6602c5ae8c99,http://creativecommons.org/licenses/by/4.0/legalcode,Hennala,,,
gbif,4519145656,2023-09-19,2023,9,19,61.345092,25.365307,24671.0,HUMAN_OBSERVATION,iNaturalist research-grade observations,50c9509d-22c7-4a22-a47d-8c48425ef4a7,http://creativecommons.org/licenses/by-nc/4.0/legalcode,,,,
gbif,4519283428,2023-09-21,2023,9,21,61.373933,24.65861,,HUMAN_OBSERVATION,iNaturalist research-grade observations,50c9509d-22c7-4a22-a47d-8c48425ef4a7,http://creativecommons.org/licenses/by-nc/4.0/legalcode,,,,
gbif,4596712366,2023-09-28,2023,9,28,60.568075,21.831559,100.0,MACHINE_OBSERVATION,The Atlas of Finnish Fungi,2bc4c2db-1dfa-419c-93ce-6602c5ae8c99,http://creativecommons.org/licenses/by/4.0/legalcode,"Askainen, Louhisaari, Myllymäki",,,
gbif,4599698313,2023-09-08,2023,9,8,62.199238,30.286629,1.0,MACHINE_OBSERVATION,The Atlas of Finnish Fungi,2bc4c2db-1dfa-419c-93ce-6602c5ae8c99,http://creativecommons.org/licenses/by/4.0/legalcode,Hernevaara,,"Kalkkivaikutteista vaaramaastoa. Etelärinteellä nuorta talousmetsää, pohjoisrinteellä kuusikkoista lehtoa.",
gbif,4605993435,2023-09-10,2023,9,10,61.707329,25.290841,1000.0,PRESERVED_SPECIMEN,"Notebook, general observations",df12ca07-f133-4550-ab3b-fde13f0e76ba,http://creativecommons.org/licenses/by/4.0/legalcode,"Harjunsalmi, Hautavehmas, Perävainio, LS",,"Sorakuoppa länsipuolella, kuusivaltainen sekametsä ls-alueella",
gbif,4606694359,2023-09-09,2023,9,9,60.100339,23.585776,24849.0,HUMAN_OBSERVATION,iNaturalist research-grade observations,50c9509d-22c7-4a22-a47d-8c48425ef4a7,http://creativecommons.org/publicdomain/zero/1.0/legalcode,,,,
gbif,4606906397,2023-09-25,2023,9,25,63.19973,27.546152,6.0,HUMAN_OBSERVATION,iNaturalist research-grade observations,50c9509d-22c7-4a22-a47d-8c48425ef4a7,http://creativecommons.org/licenses/by-nc/4.0/legalcode,,,,
gbif,4607409284,2023-09-02,2023,9,2,60.634583,21.850372,182.0,HUMAN_OBSERVATION,iNaturalist research-grade observations,50c9509d-22c7-4a22-a47d-8c48425ef4a7,http://creativecommons.org/licenses/by-nc/4.0/legalcode,,,,
gbif,4846020518,2023-09-14,2023,9,14,61.461986,23.8786,1.0,MACHINE_OBSERVATION,The Atlas of Finnish Fungi,2bc4c2db-1dfa-419c-93ce-6602c5ae8c99,http://creativecommons.org/licenses/by/4.0/legalcode,,,,
gbif,4846505302,2023-09-08,2023,9,8,61.790228,23.127381,1000.0,HUMAN_OBSERVATION,"Notebook, general observations",df12ca07-f133-4550-ab3b-fde13f0e76ba,http://creativecommons.org/licenses/by/4.0/legalcode,"Ikaalinen, Isoniemi ls",,"Kuusivaltainen kangasmetsä, lehtopainanteita joissa haapaa",
gbif,4847582470,2023-09-06,2023,9,6,61.795247,22.974305,1000.0,PRESERVED_SPECIMEN,"Notebook, general observations",df12ca07-f133-4550-ab3b-fde13f0e76ba,http://creativecommons.org/licenses/by/4.0/legalcode,"Ikaalinen, Ylikoski",Keywords: { Ikaalinen sienityöryhmä },"Lehtokuusikko, savipohjainen",
gbif,4418557785,2023-10-01,2023,10,1,60.182922,24.734488,1.0,HUMAN_OBSERVATION,"Notebook, general observations",df12ca07-f133-4550-ab3b-fde13f0e76ba,http://creativecommons.org/licenses/by/4.0/legalcode,Keskuspuisto,,,
gbif,4420786496,2023-10-01,2023,10,1,63.477657,27.714927,5.0,HUMAN_OBSERVATION,iNaturalist research-grade observations,50c9509d-22c7-4a22-a47d-8c48425ef4a7,http://creativecommons.org/licenses/by-nc/4.0/legalcode,,,,
gbif,4420997502,2023-10-02,2023,10,2,60.789314,23.561765,3.0,HUMAN_OBSERVATION,iNaturalist research-grade observations,50c9509d-22c7-4a22-a47d-8c48425ef4a7,http://creativecommons.org/licenses/by-nc/4.0/legalcode,,,,
gbif,4421727090,2023-10-03,2023,10,3,60.56415,21.609337,100.0,MACHINE_OBSERVATION,The Atlas of Finnish Fungi,2bc4c2db-1dfa-419c-93ce-6602c5ae8c99,http://creativecommons.org/licenses/by/4.0/legalcode,,,Kirkonkylä,
gbif,4421727492,2023-10-01,2023,10,1,61.497546,23.897924,10000.0,HUMAN_OBSERVATION,The Atlas of Finnish Fungi,2bc4c2db-1dfa-419c-93ce-6602c5ae8c99,http://creativecommons.org/licenses/by/4.0/legalcode,,,,
gbif,4421727537,2023-10-05,2023,10,5,59.82941,23.03314,1000.0,MACHINE_OBSERVATION,The Atlas of Finnish Fungi,2bc4c2db-1dfa-419c-93ce-6602c5ae8c99,http://creativecommons.org/licenses/by/4.0/legalcode,Täktom Malmhugget,,"Mäntykangasta, jossa myös jnkv kuusta, koivua",
gbif,4423738348,2023-10-01,2023,10,1,60.038236,23.72329,1000.0,HUMAN_OBSERVATION,Noteworthy macrofungi - complete lists,86ef47b9-9300-4ead-b9c4-8df96d67d1f4,http://creativecommons.org/licenses/by/4.0/legalcode,,,,
gbif,4424098198,2023-10-04,2023,10,4,60.387162,24.750195,37.0,HUMAN_OBSERVATION,iNaturalist research-grade observations,50c9509d-22c7-4a22-a47d-8c48425ef4a7,http://creativecommons.org/licenses/by-nc/4.0/legalcode,,,,
gbif,4424645540,2023-10-06,2023,10,6,63.796834,28.891399,5.0,HUMAN_OBSERVATION,iNaturalist research-grade observations,50c9509d-22c7-4a22-a47d-8c48425ef4a7,http://creativecommons.org/licenses/by-nc/4.0/legalcode,,,,
gbif,4424691344,2023-10-08,2023,10,8,60.243822,24.93115,24819.0,HUMAN_OBSERVATION,iNaturalist research-grade observations,50c9509d-22c7-4a22-a47d-8c48425ef4a7,http://creativecommons.org/publicdomain/zero/1.0/legalcode,,"Weird timing, weird size, a loose group, but cannot cover competing theories to C. cibarius. Valevahvero of some sort (Hygrophoropsis)? Grows next to a birch on a yard. Edit: doubts continued so added more pictures and destroyed one to observe the underside and malto liquids better - no liquid, no p",,
gbif,4426737558,2023-10-13,2023,10,13,60.383587,23.166816,1.0,MACHINE_OBSERVATION,The Atlas of Finnish Fungi,2bc4c2db-1dfa-419c-93ce-6602c5ae8c99,http://creativecommons.org/licenses/by/4.0/legalcode,"Pahkavuori, Vuorenmäki",,,
gbif,4426768682,2023-10-10,2023,10,10,60.876835,23.21733,100.0,HUMAN_OBSERVATION,"Notebook, general observations",df12ca07-f133-4550-ab3b-fde13f0e76ba,http://creativecommons.org/licenses/by/4.0/legalcode,Kestikievarintie,,,
gbif,4426770375,2023-10-07,2023,10,7,62.313316,29.503582,100.0,HUMAN_OBSERVATION,"Notebook, general observations",df12ca07-f133-4550-ab3b-fde13f0e76ba,http://creativecommons.org/licenses/by/4.0/legalcode,"Oravisalo, Oriniemi",,,
gbif,4426771306,2023-10-01,2023,10,1,61.353069,27.277163,10000.0,HUMAN_OBSERVATION,"Notebook, general observations",df12ca07-f133-4550-ab3b-fde13f0e76ba,http://creativecommons.org/licenses/by/4.0/legalcode,,,,
gbif,4426773737,2023-10-13,2023,10,13,60.182316,24.695003,1.0,HUMAN_OBSERVATION,"Notebook, general observations",df12ca07-f133-4550-ab3b-fde13f0e76ba,http://creativecommons.org/licenses/by/4.0/legalcode,Espoon keskuspuisto,,,
gbif,4426774633,2023-10-08,2023,10,8,62.312929,29.411246,1000.0,HUMAN_OBSERVATION,"Notebook, general observations",df12ca07-f133-4550-ab3b-fde13f0e76ba,http://creativecommons.org/licenses/by/4.0/legalcode,"Varpasalo, Koivulehto",,,
gbif,4426780669,2023-10-09,2023,10,9,62.322618,29.489567,100.0,HUMAN_OBSERVATION,"Notebook, general observations",df12ca07-f133-4550-ab3b-fde13f0e76ba,http://creativecommons.org/licenses/by/4.0/legalcode,"Oravisalo, Laakiin uimaranta",,,
gbif,4430190457,2023-10-24,2023,10,24,60.29426,24.575686,1.0,MACHINE_OBSERVATION,"Notebook, general observations",df12ca07-f133-4550-ab3b-fde13f0e76ba,http://creativecommons.org/licenses/by/4.0/legalcode,Nuuksio,,Kansallispuisto,
gbif,4430205444,2023-10-01,2023,10,1,63.045889,21.608394,1.0,MACHINE_OBSERVATION,The Atlas of Finnish Fungi,2bc4c2db-1dfa-419c-93ce-6602c5ae8c99,http://creativecommons.org/licenses/by/4.0/legalcode,,,,
gbif,4430205451,2023-10-23,2023,10,23,60.283333,25.194759,1.0,MACHINE_OBSERVATION,The Atlas of Finnish Fungi,2bc4c2db-1dfa-419c-93ce-6602c5ae8c99,http://creativecommons.org/licenses/by/4.0/legalcode,Sipoonkorpi,,,
gbif,4430586934,2023-10-01,2023,10,1,60.769761,23.844365,15.0,HUMAN_OBSERVATION,iNaturalist research-grade observations,50c9509d-22c7-4a22-a47d-8c48425ef4a7,http://creativecommons.org/licenses/by-nc/4.0/legalcode,,,,
gbif,4430662448,2023-10-14,2023,10,14,60.020639,22.504994,1000.0,HUMAN_OBSERVATION,iNaturalist research-grade observations,50c9509d-22c7-4a22-a47d-8c48425ef4a7,http://creativecommons.org/licenses/by-nc/4.0/legalcode,,,,
gbif,4430680268,2023-10-19,2023,10,19,61.364403,25.946445,68.0,HUMAN_OBSERVATION,iNaturalist research-grade observations,50c9509d-22c7-4a22-a47d-8c48425ef4a7,http://creativecommons.org/licenses/by-nc/4.0/legalcode,,,,
gbif,4431124733,2023-10-16,2023,10,16,61.073635,22.060721,3.0,HUMAN_OBSERVATION,iNaturalist research-grade observations,50c9509d-22c7-4a22-a47d-8c48425ef4a7,http://creativecommons.org/licenses/by-nc/4.0/legalcode,,,,
gbif,4431182116,2023-10-20,2023,10,20,61.367513,25.947027,,HUMAN_OBSERVATION,iNaturalist research-grade observations,50c9509d-22c7-4a22-a47d-8c48425ef4a7,http://creativecommons.org/licenses/by-nc/4.0/legalcode,,,,
gbif,4431206694,2023-10-18,2023,10,18,60.210051,25.051468,167.0,HUMAN_OBSERVATION,iNaturalist research-grade observations,50c9509d-22c7-4a22-a47d-8c48425ef4a7,http://creativecommons.org/licenses/by-nc/4.0/legalcode,,,,
gbif,4435831379,2023-10-24,2023,10,24,63.033979,29.857599,10.0,HUMAN_OBSERVATION,"Notebook, general observations",df12ca07-f133-4550-ab3b-fde13f0e76ba,http://creativecommons.org/licenses/by/4.0/legalcode,Huurunrinne,,,"lehtomainen knagas (OMT), vanha metsä"
gbif,4436358323,2023-10-21,2023,10,21,60.226093,24.650254,,HUMAN_OBSERVATION,iNaturalist research-grade observations,50c9509d-22c7-4a22-a47d-8c48425ef4a7,http://creativecommons.org/licenses/by-nc/4.0/legalcode,,,,
gbif,4437810404,2023-10-10,2023,10,10,63.075609,21.688257,10.0,MACHINE_OBSERVATION,The Atlas of Finnish Fungi,2bc4c2db-1dfa-419c-93ce-6602c5ae8c99,http://creativecommons.org/licenses/by/4.0/legalcode,Liisanlehto,,,
gbif,4437811406,2023-10-10,2023,10,10,63.075515,21.689194,10.0,HUMAN_OBSERVATION,The Atlas of Finnish Fungi,2bc4c2db-1dfa-419c-93ce-6602c5ae8c99,http://creativecommons.org/licenses/by/4.0/legalcode,Liisanlehto,,,
gbif,4437813334,2023-10-09,2023,10,9,63.097388,21.644251,10.0,MACHINE_OBSERVATION,The Atlas of Finnish Fungi,2bc4c2db-1dfa-419c-93ce-6602c5ae8c99,http://creativecommons.org/licenses/by/4.0/legalcode,"Klemettilä, Tammikaivo",,,
gbif,4528863396,2023-10-20,2023,10,20,61.561,23.516,1.0,MACHINE_OBSERVATION,The Atlas of Finnish Fungi,2bc4c2db-1dfa-419c-93ce-6602c5ae8c99,http://creativecommons.org/licenses/by/4.0/legalcode,Julkujärvi,,,
gbif,4606969379,2023-10-14,2023,10,14,62.05397,23.830978,,HUMAN_OBSERVATION,iNaturalist research-grade observations,50c9509d-22c7-4a22-a47d-8c48425ef4a7,http://creativecommons.org/licenses/by/4.0/legalcode,,,,
gbif,4850862156,2023-10-14,2023,10,,60.544374,24.553559,1000.0,MACHINE_OBSERVATION,The Atlas of Finnish Fungi,2bc4c2db-1dfa-419c-93ce-6602c5ae8c99,http://creativecommons.org/licenses/by/4.0/legalcode,"Kytäjäntie, Komi Vihtijärvi",,,
gbif,4854105598,2023-10-12,2023,10,12,60.458639,22.311611,1.0,MACHINE_OBSERVATION,The Atlas of Finnish Fungi,2bc4c2db-1dfa-419c-93ce-6602c5ae8c99,http://creativecommons.org/licenses/by/4.0/legalcode,,,,
gbif,4854105718,2023-10-13,2023,10,13,60.460494,22.315903,1.0,MACHINE_OBSERVATION,The Atlas of Finnish Fungi,2bc4c2db-1dfa-419c-93ce-6602c5ae8c99,http://creativecommons.org/licenses/by/4.0/legalcode,,,,
gbif,4898554189,2023-10-03,2023,10,3,64.464352,27.546588,1.0,HUMAN_OBSERVATION,LajiGIS: Species mapping and surveys,687c05e9-96d6-40e3-b1c9-2e026d0b3fc0,http://creativecommons.org/licenses/by/4.0/legalcode,"Kivesvaara E, Kivesvaara, Oulujoen vesistöalue",3214783 | el_50419 },,
gbif,4898743065,2023-10-03,2023,10,3,64.453086,27.547756,1.0,HUMAN_OBSERVATION,LajiGIS: Species mapping and surveys,687c05e9-96d6-40e3-b1c9-2e026d0b3fc0,http://creativecommons.org/licenses/by/4.0/legalcode,"Kivesvaara S, Kivesvaara, Oulujoen vesistöalue",3214802 | el_50419 },,
gbif,4898743115,2023-10-09,2023,10,9,64.097317,28.248574,1.0,HUMAN_OBSERVATION,LajiGIS: Species mapping and surveys,687c05e9-96d6-40e3-b1c9-2e026d0b3fc0,http://creativecommons.org/licenses/by/4.0/legalcode,"Matovaara, Möykynlampi S, Sotkamo, Oulujoen vesistöalue",3215105 | el_50419 },,
gbif,4898943216,2023-10-10,2023,10,10,64.350529,28.002009,1.0,HUMAN_OBSERVATION,LajiGIS: Species mapping and surveys,687c05e9-96d6-40e3-b1c9-2e026d0b3fc0,http://creativecommons.org/licenses/by/4.0/legalcode,"Antinmäki, Paltamo, Oulujoen vesistöalue","3233481 | el_50419 } Det. Matti Kulju, kymmeniä itiöemiä",,
gbif,5891256784,2023-10-04,2023,10,4,65.298827,26.246003,10000.0,HUMAN_OBSERVATION,"Notebook, general observations",df12ca07-f133-4550-ab3b-fde13f0e76ba,http://creativecommons.org/licenses/by/4.0/legalcode,,,,
gbif,4437812310,2023-11-05,2023,11,5,60.286148,25.08853,1.0,HUMAN_OBSERVATION,The Atlas of Finnish Fungi,2bc4c2db-1dfa-419c-93ce-6602c5ae8c99,http://creativecommons.org/licenses/by/4.0/legalcode,Hakkila,,Hiekkatien varsi.,
gbif,3861703320,2022-06-25,2022,6,25,62.789414,27.648742,100.0,HUMAN_OBSERVATION,"Notebook, general observations",df12ca07-f133-4550-ab3b-fde13f0e76ba,http://creativecommons.org/licenses/by/4.0/legalcode,,,"pine forest, dry ditch near road",
gbif,3872916940,2022-07-07,2022,7,7,61.137224,23.970228,5.0,HUMAN_OBSERVATION,iNaturalist research-grade observations,50c9509d-22c7-4a22-a47d-8c48425ef4a7,http://creativecommons.org/licenses/by-nc/4.0/legalcode,,,,
gbif,3873062609,2022-07-20,2022,7,20,62.092411,29.791188,24554.0,HUMAN_OBSERVATION,iNaturalist research-grade observations,50c9509d-22c7-4a22-a47d-8c48425ef4a7,http://creativecommons.org/licenses/by-nc/4.0/legalcode,,,,
gbif,3873083697,2022-07-15,2022,7,15,62.03482,24.614848,1899.0,HUMAN_OBSERVATION,iNaturalist research-grade observations,50c9509d-22c7-4a22-a47d-8c48425ef4a7,http://creativecommons.org/licenses/by-nc/4.0/legalcode,,,,
gbif,3873087476,2022-07-20,2022,7,20,62.003253,29.687178,24554.0,HUMAN_OBSERVATION,iNaturalist research-grade observations,50c9509d-22c7-4a22-a47d-8c48425ef4a7,http://creativecommons.org/licenses/by-nc/4.0/legalcode,,,,
gbif,3873148968,2022-07-13,2022,7,13,61.278435,25.528601,,HUMAN_OBSERVATION,iNaturalist research-grade observations,50c9509d-22c7-4a22-a47d-8c48425ef4a7,http://creativecommons.org/licenses/by-nc/4.0/legalcode,,,,
gbif,3873167370,2022-07-09,2022,7,9,63.158842,29.835187,133.0,HUMAN_OBSERVATION,iNaturalist research-grade observations,50c9509d-22c7-4a22-a47d-8c48425ef4a7,http://creativecommons.org/licenses/by-nc/4.0/legalcode,,,,
gbif,3873241631,2022-07-15,2022,7,15,60.381408,25.132858,14.0,HUMAN_OBSERVATION,iNaturalist research-grade observations,50c9509d-22c7-4a22-a47d-8c48425ef4a7,http://creativecommons.org/licenses/by-nc/4.0/legalcode,,,,
gbif,3873282843,2022-07-18,2022,7,18,62.776405,28.202113,4.0,HUMAN_OBSERVATION,iNaturalist research-grade observations,50c9509d-22c7-4a22-a47d-8c48425ef4a7,http://creativecommons.org/licenses/by-nc/4.0/legalcode,,,,
gbif,3873343947,2022-07-16,2022,7,16,60.312682,24.65785,,HUMAN_OBSERVATION,iNaturalist research-grade observations,50c9509d-22c7-4a22-a47d-8c48425ef4a7,http://creativecommons.org/licenses/by-nc/4.0/legalcode,,,,
gbif,3873419626,2022-07-20,2022,7,20,62.040123,29.766952,24554.0,HUMAN_OBSERVATION,iNaturalist research-grade observations,50c9509d-22c7-4a22-a47d-8c48425ef4a7,http://creativecommons.org/licenses/by-nc/4.0/legalcode,,,,
gbif,3873444832,2022-07-20,2022,7,20,61.962376,23.414599,,HUMAN_OBSERVATION,iNaturalist research-grade observations,50c9509d-22c7-4a22-a47d-8c48425ef4a7,http://creativecommons.org/licenses/by-nc/4.0/legalcode,,,,
gbif,3873474772,2022-07-26,2022,7,26,62.96805,27.519978,24438.0,HUMAN_OBSERVATION,iNaturalist research-grade observations,50c9509d-22c7-4a22-a47d-8c48425ef4a7,http://creativecommons.org/publicdomain/zero/1.0/legalcode,,,,
gbif,3873510578,2022-07-11,2022,7,11,60.174375,24.623243,92.0,HUMAN_OBSERVATION,iNaturalist research-grade observations,50c9509d-22c7-4a22-a47d-8c48425ef4a7,http://creativecommons.org/licenses/by-nc/4.0/legalcode,,,,
gbif,3873640329,2022-07-14,2022,7,14,60.257029,24.394842,,HUMAN_OBSERVATION,iNaturalist research-grade observations,50c9509d-22c7-4a22-a47d-8c48425ef4a7,http://creativecommons.org/licenses/by/4.0/legalcode,,,,
gbif,3873732625,2022-07-20,2022,7,20,60.760983,24.796597,10.0,HUMAN_OBSERVATION,iNaturalist research-grade observations,50c9509d-22c7-4a22-a47d-8c48425ef4a7,http://creativecommons.org/licenses/by-nc/4.0/legalcode,,,,
gbif,3873732630,2022-07-26,2022,7,26,60.258177,25.092191,107.0,HUMAN_OBSERVATION,iNaturalist research-grade observations,50c9509d-22c7-4a22-a47d-8c48425ef4a7,http://creativecommons.org/licenses/by-nc/4.0/legalcode,,,,
gbif,3873734745,2022-07-20,2022,7,20,62.080135,29.648207,24554.0,HUMAN_OBSERVATION,iNaturalist research-grade observations,50c9509d-22c7-4a22-a47d-8c48425ef4a7,http://creativecommons.org/licenses/by-nc/4.0/legalcode,,,,
gbif,3873742811,2022-07-19,2022,7,19,60.43391,25.03974,,HUMAN_OBSERVATION,iNaturalist research-grade observations,50c9509d-22c7-4a22-a47d-8c48425ef4a7,http://creativecommons.org/licenses/by-nc/4.0/legalcode,,,,
gbif,3873753808,2022-07-17,2022,7,17,60.432765,22.013252,,HUMAN_OBSERVATION,iNaturalist research-grade observations,50c9509d-22c7-4a22-a47d-8c48425ef4a7,http://creativecommons.org/publicdomain/zero/1.0/legalcode,,,,
gbif,3873763334,2022-07-14,2022,7,14,60.571163,24.774163,24790.0,HUMAN_OBSERVATION,iNaturalist research-grade observations,50c9509d-22c7-4a22-a47d-8c48425ef4a7,http://creativecommons.org/licenses/by-nc/4.0/legalcode,,,,
gbif,3873852735,2022-07-16,2022,7,16,60.699054,24.70059,17.0,HUMAN_OBSERVATION,iNaturalist research-grade observations,50c9509d-22c7-4a22-a47d-8c48425ef4a7,http://creativecommons.org/licenses/by-nc/4.0/legalcode,,,,
gbif,3873864967,2022-07-17,2022,7,17,60.309427,25.311878,24819.0,HUMAN_OBSERVATION,iNaturalist research-grade observations,50c9509d-22c7-4a22-a47d-8c48425ef4a7,http://creativecommons.org/publicdomain/zero/1.0/legalcode,,,,
gbif,3874036776,2022-07-12,2022,7,12,61.849553,29.607105,4.0,HUMAN_OBSERVATION,iNaturalist research-grade observations,50c9509d-22c7-4a22-a47d-8c48425ef4a7,http://creativecommons.org/licenses/by-nc/4.0/legalcode,,,,
gbif,3874044408,2022-07-24,2022,7,24,61.035276,24.993218,7.0,HUMAN_OBSERVATION,iNaturalist research-grade observations,50c9509d-22c7-4a22-a47d-8c48425ef4a7,http://creativecommons.org/licenses/by-nc/4.0/legalcode,,,,
gbif,3874084582,2022-07-14,2022,7,14,60.388603,23.3603,,HUMAN_OBSERVATION,iNaturalist research-grade observations,50c9509d-22c7-4a22-a47d-8c48425ef4a7,http://creativecommons.org/licenses/by-nc/4.0/legalcode,,,,
gbif,3874121062,2022-07-12,2022,7,12,60.741975,24.150653,1064.0,HUMAN_OBSERVATION,iNaturalist research-grade observations,50c9509d-22c7-4a22-a47d-8c48425ef4a7,http://creativecommons.org/licenses/by-nc/4.0/legalcode,,,,
gbif,3879280303,2022-07-29,2022,7,29,61.328146,23.480662,1000.0,MACHINE_OBSERVATION,The Atlas of Finnish Fungi,2bc4c2db-1dfa-419c-93ce-6602c5ae8c99,http://creativecommons.org/licenses/by/4.0/legalcode,Irhiänoja,,Irhiänojan pohjoispuolinen ruohottunut tai sammaleinen metsätie,
gbif,3879280343,2022-07-13,2022,7,13,60.37598,25.717908,1.0,MACHINE_OBSERVATION,The Atlas of Finnish Fungi,2bc4c2db-1dfa-419c-93ce-6602c5ae8c99,http://creativecommons.org/licenses/by/4.0/legalcode,Tarkkinen,,,
gbif,3879280463,2022-07-31,2022,7,31,59.85555,23.070876,1000.0,MACHINE_OBSERVATION,The Atlas of Finnish Fungi,2bc4c2db-1dfa-419c-93ce-6602c5ae8c99,http://creativecommons.org/licenses/by/4.0/legalcode,"Kirkkotie, Träskesmossenin kaakkoispuoli",,,
gbif,3879280512,2022-07-29,2022,7,29,60.522611,24.502534,1.0,MACHINE_OBSERVATION,The Atlas of Finnish Fungi,2bc4c2db-1dfa-419c-93ce-6602c5ae8c99,http://creativecommons.org/licenses/by/4.0/legalcode,"Vihti, Huuhkainmäki",,,
gbif,3879280592,2022-07-29,2022,7,29,60.213593,24.682613,1000.0,MACHINE_OBSERVATION,The Atlas of Finnish Fungi,2bc4c2db-1dfa-419c-93ce-6602c5ae8c99,http://creativecommons.org/licenses/by/4.0/legalcode,Kasavuoren ls-alue,,,
gbif,3879280665,2022-07-29,2022,7,29,60.525487,24.49933,1000.0,MACHINE_OBSERVATION,The Atlas of Finnish Fungi,2bc4c2db-1dfa-419c-93ce-6602c5ae8c99,http://creativecommons.org/licenses/by/4.0/legalcode,Ahdinpalo,,,
gbif,3879280892,2022-07-29,2022,7,29,68.31021,27.643486,100.0,MACHINE_OBSERVATION,The Atlas of Finnish Fungi,2bc4c2db-1dfa-419c-93ce-6602c5ae8c99,http://creativecommons.org/licenses/by/4.0/legalcode,Rautujärvi,,Lammen rinteessä kasvava tunturikoivikko,
gbif,3879280954,2022-07-19,2022,7,19,61.363722,28.338323,1.0,MACHINE_OBSERVATION,The Atlas of Finnish Fungi,2bc4c2db-1dfa-419c-93ce-6602c5ae8c99,http://creativecommons.org/licenses/by/4.0/legalcode,Kohtniemi,,Kohtniemenraitin eteläpuolella metsätiellä,
gbif,3879281027,2022-07-25,2022,7,25,60.298074,24.570307,100.0,MACHINE_OBSERVATION,The Atlas of Finnish Fungi,2bc4c2db-1dfa-419c-93ce-6602c5ae8c99,http://creativecommons.org/licenses/by/4.0/legalcode,Nuuksio - Lakeasuo,,Lakeasuon pohjoisrinne,
gbif,3881599101,2022-07-29,2022,7,29,60.21454,25.118849,24819.0,HUMAN_OBSERVATION,iNaturalist research-grade observations,50c9509d-22c7-4a22-a47d-8c48425ef4a7,http://creativecommons.org/licenses/by/4.0/legalcode,,,,
gbif,3881605937,2022-07-28,2022,7,28,60.726664,24.753202,700.0,HUMAN_OBSERVATION,iNaturalist research-grade observations,50c9509d-22c7-4a22-a47d-8c48425ef4a7,http://creativecommons.org/licenses/by-nc/4.0/legalcode,,,,
gbif,3881732841,2022-07-30,2022,7,30,60.087508,23.66945,85.0,HUMAN_OBSERVATION,iNaturalist research-grade observations,50c9509d-22c7-4a22-a47d-8c48425ef4a7,http://creativecommons.org/licenses/by-nc/4.0/legalcode,,,,
gbif,3881772758,2022-07-17,2022,7,17,61.208327,24.512404,5159.0,HUMAN_OBSERVATION,iNaturalist research-grade observations,50c9509d-22c7-4a22-a47d-8c48425ef4a7,http://creativecommons.org/licenses/by-nc/4.0/legalcode,,,,
gbif,3881803627,2022-07-17,2022,7,17,60.862617,26.705793,10085.0,HUMAN_OBSERVATION,iNaturalist research-grade observations,50c9509d-22c7-4a22-a47d-8c48425ef4a7,http://creativecommons.org/licenses/by-nc/4.0/legalcode,,,,
gbif,3888036358,2022-07-29,2022,7,29,64.668383,28.14823,10000.0,HUMAN_OBSERVATION,The Atlas of Finnish Fungi,2bc4c2db-1dfa-419c-93ce-6602c5ae8c99,http://creativecommons.org/licenses/by/4.0/legalcode,,,,
gbif,3899685921,2022-07-18,2022,7,18,60.542367,24.551888,1000.0,MACHINE_OBSERVATION,The Atlas of Finnish Fungi,2bc4c2db-1dfa-419c-93ce-6602c5ae8c99,http://creativecommons.org/licenses/by/4.0/legalcode,Komikangas,,"Kuusivoittoinen metsä, jossa myös mäntyä, koivua, haapaa",
gbif,3903539216,2022-07-26,2022,7,26,62.326233,22.265908,27864.0,HUMAN_OBSERVATION,iNaturalist research-grade observations,50c9509d-22c7-4a22-a47d-8c48425ef4a7,http://creativecommons.org/licenses/by-nc/4.0/legalcode,,,,
gbif,3912026441,2022-07-25,2022,7,25,61.911959,21.939232,2799.0,HUMAN_OBSERVATION,iNaturalist research-grade observations,50c9509d-22c7-4a22-a47d-8c48425ef4a7,http://creativecommons.org/licenses/by-nc/4.0/legalcode,,,,
gbif,3923329572,2022-07-31,2022,7,31,63.565236,27.193688,3.0,HUMAN_OBSERVATION,iNaturalist research-grade observations,50c9509d-22c7-4a22-a47d-8c48425ef4a7,http://creativecommons.org/licenses/by-nc/4.0/legalcode,,,,
gbif,3948195903,2022-07-30,2022,7,30,61.419095,25.534791,1000.0,HUMAN_OBSERVATION,"Notebook, general observations",df12ca07-f133-4550-ab3b-fde13f0e76ba,http://creativecommons.org/licenses/by/4.0/legalcode,"Rapalanniemi, Hiiliniemi-Särkilahti",,,
gbif,3961141817,2022-07-15,2022,7,15,60.786473,25.027095,1058.0,HUMAN_OBSERVATION,iNaturalist research-grade observations,50c9509d-22c7-4a22-a47d-8c48425ef4a7,http://creativecommons.org/licenses/by-nc/4.0/legalcode,,,,
gbif,3995425856,2022-07-18,2022,7,18,63.355203,21.26693,5.0,HUMAN_OBSERVATION,,8a863029-f435-446a-821e-275f4f641165,http://creativecommons.org/licenses/by-nc/4.0/legalcode,Mustasaari,,,unknown
gbif,4009799059,2022-07-09,2022,7,9,62.808119,29.531426,31.0,HUMAN_OBSERVATION,iNaturalist research-grade observations,50c9509d-22c7-4a22-a47d-8c48425ef4a7,http://creativecommons.org/licenses/by-nc/4.0/legalcode,,,,
gbif,4023953731,2022-07-10,2022,7,10,62.20695,25.82019,,PRESERVED_SPECIMEN,Aphyllophorales Fennoscandiae orientalis,0786c87e-0e18-4620-9633-d3a358e1ed2c,http://creativecommons.org/licenses/by/4.0/legalcode,Vuoritsalo,Keywords: { H6200719 },,"Shady, tree-covered yard with old Pinus, Betula and Alnus incana | On soil"
gbif,4056278438,2022-07-18,2022,7,18,63.355203,21.26693,5.0,HUMAN_OBSERVATION,,8a863029-f435-446a-821e-275f4f641165,http://creativecommons.org/licenses/by-nc/4.0/legalcode,Mustasaari,,,unknown
gbif,4430420970,2022-07-30,2022,7,30,60.798725,24.47175,31.0,HUMAN_OBSERVATION,iNaturalist research-grade observations,50c9509d-22c7-4a22-a47d-8c48425ef4a7,http://creativecommons.org/licenses/by-nc/4.0/legalcode,,,,
gbif,4520934322,2022-07-06,2022,7,6,62.776356,21.407564,1.0,MACHINE_OBSERVATION,The Atlas of Finnish Fungi,2bc4c2db-1dfa-419c-93ce-6602c5ae8c99,http://creativecommons.org/licenses/by/4.0/legalcode,,,,
gbif,4525307464,2022-07-28,2022,7,28,61.890446,29.671395,8.0,HUMAN_OBSERVATION,iNaturalist research-grade observations,50c9509d-22c7-4a22-a47d-8c48425ef4a7,http://creativecommons.org/licenses/by-nc/4.0/legalcode,,,,
gbif,4846930758,2022-07-29,2022,7,29,60.05905,23.600418,24849.0,HUMAN_OBSERVATION,iNaturalist research-grade observations,50c9509d-22c7-4a22-a47d-8c48425ef4a7,http://creativecommons.org/licenses/by-nc/4.0/legalcode,,,,
gbif,6236123339,2022-07-25,2022,7,25,61.188388,28.710031,19.0,HUMAN_OBSERVATION,iNaturalist research-grade observations,50c9509d-22c7-4a22-a47d-8c48425ef4a7,http://creativecommons.org/licenses/by-nc/4.0/legalcode,,,,
gbif,3879306310,2022-08-03,2022,8,3,63.386669,23.705669,1.0,HUMAN_OBSERVATION,Löydös Open Finnish Observation Database,956bc674-6022-4c52-833e-c5fb39dc837a,http://creativecommons.org/licenses/by/4.0/legalcode,P-paikka,,,
gbif,3879306406,2022-08-03,2022,8,3,63.386669,23.705669,1.0,HUMAN_OBSERVATION,Löydös Open Finnish Observation Database,956bc674-6022-4c52-833e-c5fb39dc837a,http://creativecommons.org/licenses/by/4.0/legalcode,P-paikka,,,
gbif,3881430035,2022-08-02,2022,8,2,60.390458,21.902322,4.0,HUMAN_OBSERVATION,iNaturalist research-grade observations,50c9509d-22c7-4a22-a47d-8c48425ef4a7,http://creativecommons.org/licenses/by-nc/4.0/legalcode,,,,
gbif,3881620823,2022-08-02,2022,8,2,64.025535,24.235678,6.0,HUMAN_OBSERVATION,iNaturalist research-grade observations,50c9509d-22c7-4a22-a47d-8c48425ef4a7,http://creativecommons.org/licenses/by-nc/4.0/legalcode,,,,
gbif,3881641400,2022-08-01,2022,8,1,61.024722,25.177722,4.0,HUMAN_OBSERVATION,iNaturalist research-grade observations,50c9509d-22c7-4a22-a47d-8c48425ef4a7,http://creativecommons.org/licenses/by-nc/4.0/legalcode,,,,
gbif,3881858821,2022-08-01,2022,8,1,61.685367,27.064426,36.0,HUMAN_OBSERVATION,iNaturalist research-grade observations,50c9509d-22c7-4a22-a47d-8c48425ef4a7,http://creativecommons.org/licenses/by-nc/4.0/legalcode,,"Lehtomainen kangas, varttunut sekametsä.",,
gbif,3886361358,2022-08-07,2022,8,7,60.140844,22.956214,1.0,MACHINE_OBSERVATION,The Atlas of Finnish Fungi,2bc4c2db-1dfa-419c-93ce-6602c5ae8c99,http://creativecommons.org/licenses/by/4.0/legalcode,Särkisalo,,,
gbif,3886361438,2022-08-08,2022,8,8,60.272735,24.474992,1.0,MACHINE_OBSERVATION,The Atlas of Finnish Fungi,2bc4c2db-1dfa-419c-93ce-6602c5ae8c99,http://creativecommons.org/licenses/by/4.0/legalcode,Haaversopakko,,Haaversopakon eteläpuolinen kukkula,
gbif,3886361440,2022-08-03,2022,8,3,61.376619,23.12143,100.0,MACHINE_OBSERVATION,The Atlas of Finnish Fungi,2bc4c2db-1dfa-419c-93ce-6602c5ae8c99,http://creativecommons.org/licenses/by/4.0/legalcode,Kalmasvuori,,Kalmasvuoren lakialue,
gbif,3886660443,2022-08-10,2022,8,10,62.32697,22.26612,50000.0,HUMAN_OBSERVATION,Löydös Open Finnish Observation Database,956bc674-6022-4c52-833e-c5fb39dc837a,http://creativecommons.org/licenses/by/4.0/legalcode,,,,
gbif,3887780318,2022-08-10,2022,8,10,68.340754,27.614419,1.0,HUMAN_OBSERVATION,Löydös Open Finnish Observation Database,956bc674-6022-4c52-833e-c5fb39dc837a,http://creativecommons.org/licenses/by/4.0/legalcode,"Ukk-puisto, Kiilopäältä itään, Rautupäiden rinteeltä, lähellä Inarin rajaa.",,"Ensinmäinen kuva keräyspaikalta. Paikkoja oli kaksi, puolen kilometrin päässä toisistaan.",
gbif,3888036506,2022-08-12,2022,8,12,62.39326,28.8186,1.0,MACHINE_OBSERVATION,The Atlas of Finnish Fungi,2bc4c2db-1dfa-419c-93ce-6602c5ae8c99,http://creativecommons.org/licenses/by/4.0/legalcode,"Kerma, Valkeinen",,Valkeisen pohjoispuoli,
gbif,3888734670,2022-08-03,2022,8,3,60.293474,24.562798,,HUMAN_OBSERVATION,iNaturalist research-grade observations,50c9509d-22c7-4a22-a47d-8c48425ef4a7,http://creativecommons.org/licenses/by-nc/4.0/legalcode,,,,
gbif,3888744940,2022-08-07,2022,8,7,60.801678,24.851482,10.0,HUMAN_OBSERVATION,iNaturalist research-grade observations,50c9509d-22c7-4a22-a47d-8c48425ef4a7,http://creativecommons.org/licenses/by-nc/4.0/legalcode,,,,
gbif,3888760240,2022-08-06,2022,8,6,62.034799,22.919116,160.0,HUMAN_OBSERVATION,iNaturalist research-grade observations,50c9509d-22c7-4a22-a47d-8c48425ef4a7,http://creativecommons.org/licenses/by-nc/4.0/legalcode,,,,
gbif,3888784254,2022-08-07,2022,8,7,63.663289,23.026576,8.0,HUMAN_OBSERVATION,iNaturalist research-grade observations,50c9509d-22c7-4a22-a47d-8c48425ef4a7,http://creativecommons.org/licenses/by-nc/4.0/legalcode,,,,
gbif,3888812024,2022-08-04,2022,8,4,61.688161,23.78956,126795.0,HUMAN_OBSERVATION,iNaturalist research-grade observations,50c9509d-22c7-4a22-a47d-8c48425ef4a7,http://creativecommons.org/licenses/by/4.0/legalcode,,,,
gbif,3889079641,2022-08-03,2022,8,3,60.255241,24.845175,600.0,HUMAN_OBSERVATION,iNaturalist research-grade observations,50c9509d-22c7-4a22-a47d-8c48425ef4a7,http://creativecommons.org/licenses/by-nc/4.0/legalcode,,,,
gbif,3889109953,2022-08-09,2022,8,9,61.385063,24.512278,4.0,HUMAN_OBSERVATION,iNaturalist research-grade observations,50c9509d-22c7-4a22-a47d-8c48425ef4a7,http://creativecommons.org/publicdomain/zero/1.0/legalcode,,,,
gbif,3889151038,2022-08-06,2022,8,6,60.72288,24.695684,9.0,HUMAN_OBSERVATION,iNaturalist research-grade observations,50c9509d-22c7-4a22-a47d-8c48425ef4a7,http://creativecommons.org/licenses/by-nc/4.0/legalcode,,,,
gbif,3889189770,2022-08-08,2022,8,8,61.464642,23.535605,195.0,HUMAN_OBSERVATION,iNaturalist research-grade observations,50c9509d-22c7-4a22-a47d-8c48425ef4a7,http://creativecommons.org/licenses/by-nc/4.0/legalcode,,,,
gbif,3889208467,2022-08-07,2022,8,7,60.786495,25.027095,1062.0,HUMAN_OBSERVATION,iNaturalist research-grade observations,50c9509d-22c7-4a22-a47d-8c48425ef4a7,http://creativecommons.org/licenses/by-nc/4.0/legalcode,,,,
gbif,3889272319,2022-08-03,2022,8,3,60.724888,24.685772,24.0,HUMAN_OBSERVATION,iNaturalist research-grade observations,50c9509d-22c7-4a22-a47d-8c48425ef4a7,http://creativecommons.org/licenses/by-nc/4.0/legalcode,,,,
gbif,3892365745,2022-08-11,2022,8,11,60.700283,23.92644,9.0,HUMAN_OBSERVATION,iNaturalist research-grade observations,50c9509d-22c7-4a22-a47d-8c48425ef4a7,http://creativecommons.org/licenses/by/4.0/legalcode,,,,
gbif,3892409871,2022-08-13,2022,8,13,62.864994,23.014989,6.0,HUMAN_OBSERVATION,iNaturalist research-grade observations,50c9509d-22c7-4a22-a47d-8c48425ef4a7,http://creativecommons.org/licenses/by-nc/4.0/legalcode,,,,
gbif,3892423996,2022-08-14,2022,8,14,60.473449,21.884777,24790.0,HUMAN_OBSERVATION,iNaturalist research-grade observations,50c9509d-22c7-4a22-a47d-8c48425ef4a7,http://creativecommons.org/publicdomain/zero/1.0/legalcode,,,,
gbif,3892434067,2022-08-13,2022,8,13,60.179688,24.70047,,HUMAN_OBSERVATION,iNaturalist research-grade observations,50c9509d-22c7-4a22-a47d-8c48425ef4a7,http://creativecommons.org/licenses/by-nc/4.0/legalcode,,,,
gbif,3892550755,2022-08-12,2022,8,12,60.683142,23.838007,2.0,HUMAN_OBSERVATION,iNaturalist research-grade observations,50c9509d-22c7-4a22-a47d-8c48425ef4a7,http://creativecommons.org/licenses/by/4.0/legalcode,,,,
gbif,3892563912,2022-08-13,2022,8,13,62.855612,22.993544,5.0,HUMAN_OBSERVATION,iNaturalist research-grade observations,50c9509d-22c7-4a22-a47d-8c48425ef4a7,http://creativecommons.org/licenses/by-nc/4.0/legalcode,,,,
gbif,3892602694,2022-08-11,2022,8,11,62.982452,21.628705,8.0,HUMAN_OBSERVATION,iNaturalist research-grade observations,50c9509d-22c7-4a22-a47d-8c48425ef4a7,http://creativecommons.org/licenses/by-nc/4.0/legalcode,,,,
gbif,3892777446,2022-08-13,2022,8,13,63.494269,27.230875,50000.0,HUMAN_OBSERVATION,Löydös Open Finnish Observation Database,956bc674-6022-4c52-833e-c5fb39dc837a,http://creativecommons.org/licenses/by/4.0/legalcode,,,,
gbif,3892980827,2022-08-13,2022,8,13,60.06274,24.278512,100.0,HUMAN_OBSERVATION,"Notebook, general observations",df12ca07-f133-4550-ab3b-fde13f0e76ba,http://creativecommons.org/licenses/by/4.0/legalcode,"Kopparnäs, Sandviken",,,
gbif,3892993575,2022-08-08,2022,8,8,63.129624,29.276535,10000.0,HUMAN_OBSERVATION,"Notebook, general observations",df12ca07-f133-4550-ab3b-fde13f0e76ba,http://creativecommons.org/licenses/by/4.0/legalcode,,,,
gbif,3894125020,2022-08-25,2022,8,25,62.861192,24.40996,1.0,HUMAN_OBSERVATION,"Notebook, general observations",df12ca07-f133-4550-ab3b-fde13f0e76ba,http://creativecommons.org/licenses/by/4.0/legalcode,Kokkokangas,,,
gbif,3899685327,2022-08-10,2022,8,,63.132191,30.701969,5000.0,MACHINE_OBSERVATION,The Atlas of Finnish Fungi,2bc4c2db-1dfa-419c-93ce-6602c5ae8c99,http://creativecommons.org/licenses/by/4.0/legalcode,Reitti Nälmänpuro-Lapinniemi,,,
gbif,3899685491,2022-08-23,2022,8,23,65.6413,27.504691,1.0,MACHINE_OBSERVATION,The Atlas of Finnish Fungi,2bc4c2db-1dfa-419c-93ce-6602c5ae8c99,http://creativecommons.org/licenses/by/4.0/legalcode,Selkävaara? Syötteen kansallispuistossa,,,
gbif,3899686041,2022-08-26,2022,8,26,66.319363,23.723273,1000.0,MACHINE_OBSERVATION,The Atlas of Finnish Fungi,2bc4c2db-1dfa-419c-93ce-6602c5ae8c99,http://creativecommons.org/licenses/by/4.0/legalcode,Ainiovaara,,,
gbif,3899687138,2022-08-23,2022,8,23,65.640997,27.504009,1.0,MACHINE_OBSERVATION,The Atlas of Finnish Fungi,2bc4c2db-1dfa-419c-93ce-6602c5ae8c99,http://creativecommons.org/licenses/by/4.0/legalcode,Selkävaara? Syötteen kansallispuistossa,,,
gbif,3901266407,2022-08-14,2022,8,14,61.486,23.694,1.0,MACHINE_OBSERVATION,The Atlas of Finnish Fungi,2bc4c2db-1dfa-419c-93ce-6602c5ae8c99,http://creativecommons.org/licenses/by/4.0/legalcode,Viikinsaari,,,
gbif,3902677230,2022-08-26,2022,8,26,61.133556,21.464921,5.0,HUMAN_OBSERVATION,iNaturalist research-grade observations,50c9509d-22c7-4a22-a47d-8c48425ef4a7,http://creativecommons.org/licenses/by-nc/4.0/legalcode,,,,
gbif,3902706814,2022-08-24,2022,8,24,63.10935,29.794101,4.0,HUMAN_OBSERVATION,iNaturalist research-grade observations,50c9509d-22c7-4a22-a47d-8c48425ef4a7,http://creativecommons.org/licenses/by-nc/4.0/legalcode,,,,
gbif,3902766213,2022-08-23,2022,8,23,61.155566,21.473997,8.0,HUMAN_OBSERVATION,iNaturalist research-grade observations,50c9509d-22c7-4a22-a47d-8c48425ef4a7,http://creativecommons.org/licenses/by-nc/4.0/legalcode,,,,
gbif,3902770910,2022-08-26,2022,8,26,64.359556,28.743747,153394.0,HUMAN_OBSERVATION,iNaturalist research-grade observations,50c9509d-22c7-4a22-a47d-8c48425ef4a7,http://creativecommons.org/licenses/by/4.0/legalcode,,,,
gbif,3903040075,2022-08-30,2022,8,30,62.222012,25.503622,4.0,HUMAN_OBSERVATION,iNaturalist research-grade observations,50c9509d-22c7-4a22-a47d-8c48425ef4a7,http://creativecommons.org/licenses/by-nc/4.0/legalcode,,,,
gbif,3903104445,2022-08-27,2022,8,27,61.7948,25.792881,24612.0,HUMAN_OBSERVATION,iNaturalist research-grade observations,50c9509d-22c7-4a22-a47d-8c48425ef4a7,http://creativecommons.org/licenses/by/4.0/legalcode,,,,
gbif,3903310611,2022-08-31,2022,8,31,62.036394,22.918825,,HUMAN_OBSERVATION,iNaturalist research-grade observations,50c9509d-22c7-4a22-a47d-8c48425ef4a7,http://creativecommons.org/licenses/by-nc/4.0/legalcode,,,,
gbif,3903470668,2022-08-27,2022,8,27,63.87683,23.281647,2664.0,HUMAN_OBSERVATION,iNaturalist research-grade observations,50c9509d-22c7-4a22-a47d-8c48425ef4a7,http://creativecommons.org/licenses/by-nc/4.0/legalcode,,,,
gbif,3924876315,2022-08-24,2022,8,24,63.067232,21.571132,1.0,MACHINE_OBSERVATION,The Atlas of Finnish Fungi,2bc4c2db-1dfa-419c-93ce-6602c5ae8c99,http://creativecommons.org/licenses/by/4.0/legalcode,Öjen,,,
gbif,3924876332,2022-08-24,2022,8,24,63.066901,21.571174,1.0,MACHINE_OBSERVATION,The Atlas of Finnish Fungi,2bc4c2db-1dfa-419c-93ce-6602c5ae8c99,http://creativecommons.org/licenses/by/4.0/legalcode,Öjen,,Vedellä täyttynyt notkelma,
gbif,3924876487,2022-08-23,2022,8,23,63.099927,21.609999,10.0,MACHINE_OBSERVATION,The Atlas of Finnish Fungi,2bc4c2db-1dfa-419c-93ce-6602c5ae8c99,http://creativecommons.org/licenses/by/4.0/legalcode,Kirjaston puisto,,,
gbif,3924876525,2022-08-27,2022,8,27,63.080571,21.683384,1.0,HUMAN_OBSERVATION,The Atlas of Finnish Fungi,2bc4c2db-1dfa-419c-93ce-6602c5ae8c99,http://creativecommons.org/licenses/by/4.0/legalcode,"Itämelaniemi, Mustikkamaa",pieniä alkuja,Kärrytien/polun reuna,
gbif,3924876814,2022-08-27,2022,8,27,63.079547,21.686692,10.0,MACHINE_OBSERVATION,The Atlas of Finnish Fungi,2bc4c2db-1dfa-419c-93ce-6602c5ae8c99,http://creativecommons.org/licenses/by/4.0/legalcode,"Itämelaniemi, Mustikkamaa",pieniä alkuja,Kärrytien/polun reuna,
gbif,3924877917,2022-08-21,2022,8,21,63.083053,21.627513,10.0,MACHINE_OBSERVATION,The Atlas of Finnish Fungi,2bc4c2db-1dfa-419c-93ce-6602c5ae8c99,http://creativecommons.org/licenses/by/4.0/legalcode,Hiealahti,,,
gbif,3925509540,2022-08-20,2022,8,20,61.33764,25.311162,10979.0,HUMAN_OBSERVATION,iNaturalist research-grade observations,50c9509d-22c7-4a22-a47d-8c48425ef4a7,http://creativecommons.org/licenses/by-nc/4.0/legalcode,,,,
gbif,3961814414,2022-08-27,2022,8,27,62.11689,25.769063,1000.0,HUMAN_OBSERVATION,"Notebook, general observations",df12ca07-f133-4550-ab3b-fde13f0e76ba,http://creativecommons.org/licenses/by/4.0/legalcode,"Muuratsalo, Paljaspää",,,
gbif,4015123351,2022-08-27,2022,8,27,60.384397,22.13718,4.0,HUMAN_OBSERVATION,iNaturalist research-grade observations,50c9509d-22c7-4a22-a47d-8c48425ef4a7,http://creativecommons.org/licenses/by-nc/4.0/legalcode,,,,
gbif,4133610623,2022-08-06,2022,8,6,60.357129,22.16058,,HUMAN_OBSERVATION,iNaturalist research-grade observations,50c9509d-22c7-4a22-a47d-8c48425ef4a7,http://creativecommons.org/licenses/by-nc/4.0/legalcode,,,,
gbif,4426765446,2022-08-27,2022,8,27,61.258748,24.085865,100.0,HUMAN_OBSERVATION,"Notebook, general observations",df12ca07-f133-4550-ab3b-fde13f0e76ba,http://creativecommons.org/licenses/by/4.0/legalcode,Kärsänkalliot,,Kuusivaltainen sekametsä,
gbif,4520931323,2022-08-01,2022,8,1,63.002128,21.5052,1.0,HUMAN_OBSERVATION,The Atlas of Finnish Fungi,2bc4c2db-1dfa-419c-93ce-6602c5ae8c99,http://creativecommons.org/licenses/by/4.0/legalcode,,,,
gbif,4520933320,2022-08-15,2022,8,15,63.035803,21.57165,1.0,HUMAN_OBSERVATION,The Atlas of Finnish Fungi,2bc4c2db-1dfa-419c-93ce-6602c5ae8c99,http://creativecommons.org/licenses/by/4.0/legalcode,,,,
gbif,4520933321,2022-08-23,2022,8,23,63.040336,21.593464,1.0,MACHINE_OBSERVATION,The Atlas of Finnish Fungi,2bc4c2db-1dfa-419c-93ce-6602c5ae8c99,http://creativecommons.org/licenses/by/4.0/legalcode,,,,
gbif,4606835243,2022-08-01,2022,8,1,60.313698,24.515462,4.0,HUMAN_OBSERVATION,iNaturalist research-grade observations,50c9509d-22c7-4a22-a47d-8c48425ef4a7,http://creativecommons.org/publicdomain/zero/1.0/legalcode,,,,
gbif,5076717723,2022-08-03,2022,8,3,59.896091,23.123082,77.0,HUMAN_OBSERVATION,iNaturalist research-grade observations,50c9509d-22c7-4a22-a47d-8c48425ef4a7,http://creativecommons.org/licenses/by-nc/4.0/legalcode,,Varma tunnistus. Kuvassa kaksi vahveroa kasvaneet kiinni.,,
gbif,5106942395,2022-08-14,2022,8,14,69.228209,26.430596,1.0,HUMAN_OBSERVATION,Löydös Open Finnish Observation Database,956bc674-6022-4c52-833e-c5fb39dc837a,http://creativecommons.org/licenses/by/4.0/legalcode,,,Katsoin että voiko olla. Enkä meinannut uskoakkaan ennen kun olin pannulla ne paistanut. Kanttarelli perkules! Eihän sen näin pohjoisessa pitänyt kasvaa?!! Jo vain oli elämäni parhaat kanttarellit.,
gbif,6183912182,2022-08-01,2022,8,1,62.068886,29.54008,16.0,HUMAN_OBSERVATION,,8a863029-f435-446a-821e-275f4f641165,http://creativecommons.org/licenses/by-nc/4.0/legalcode,Kesälahti,,,unknown
gbif,3898233824,2022-09-02,2022,9,2,68.346488,27.464745,1.0,HUMAN_OBSERVATION,Löydös Open Finnish Observation Database,956bc674-6022-4c52-833e-c5fb39dc837a,http://creativecommons.org/licenses/by/4.0/legalcode,Kasvoi Kiilopäällä tunturin rinteessä ktunturikoivikossa.,,.,
gbif,3899685386,2022-09-06,2022,9,6,61.105794,24.988672,1.0,MACHINE_OBSERVATION,The Atlas of Finnish Fungi,2bc4c2db-1dfa-419c-93ce-6602c5ae8c99,http://creativecommons.org/licenses/by/4.0/legalcode,"Lammi, Vanhakartano, Vanhankartanonmäki",Keywords: { Sienityöryhmäretkeily 2022 },Harjulehto suppalaaksoineen. Harjanteiden yläosien kuivahkoiden lehtojen valtapuu metsämänty.,
gbif,3899685455,2022-09-08,2022,9,8,61.088685,25.008361,1.0,MACHINE_OBSERVATION,The Atlas of Finnish Fungi,2bc4c2db-1dfa-419c-93ce-6602c5ae8c99,http://creativecommons.org/licenses/by/4.0/legalcode,Untulanharju,Keywords: { Sienityöryhmäretkeily 2022 },Ls lehtoalue,
gbif,3899686200,2022-09-08,2022,9,8,61.321865,25.075862,100.0,MACHINE_OBSERVATION,The Atlas of Finnish Fungi,2bc4c2db-1dfa-419c-93ce-6602c5ae8c99,http://creativecommons.org/licenses/by/4.0/legalcode,Auttoinen,,,
gbif,3899686249,2022-09-07,2022,9,7,61.209801,25.124241,1000.0,HUMAN_OBSERVATION,The Atlas of Finnish Fungi,2bc4c2db-1dfa-419c-93ce-6602c5ae8c99,http://creativecommons.org/licenses/by/4.0/legalcode,"Evo, Pitkänniemen kangas",Keywords: { Sienityöryhmäretkeily 2022 },"Puoliavointa, tallattua kangasta",
gbif,3899686829,2022-09-05,2022,9,5,64.765434,27.79062,1000.0,MACHINE_OBSERVATION,The Atlas of Finnish Fungi,2bc4c2db-1dfa-419c-93ce-6602c5ae8c99,http://creativecommons.org/licenses/by/4.0/legalcode,Väyrylä,,paikoin kostea ls. alue,
gbif,3899687349,2022-09-06,2022,9,6,61.216429,25.135628,10.0,MACHINE_OBSERVATION,The Atlas of Finnish Fungi,2bc4c2db-1dfa-419c-93ce-6602c5ae8c99,http://creativecommons.org/licenses/by/4.0/legalcode,"Lammi, Evo, Majajoki",,,
gbif,3899687377,2022-09-06,2022,9,6,61.209643,25.126335,100.0,MACHINE_OBSERVATION,The Atlas of Finnish Fungi,2bc4c2db-1dfa-419c-93ce-6602c5ae8c99,http://creativecommons.org/licenses/by/4.0/legalcode,"Lammi, Evo, Pitkänniemenkangas",,,
gbif,3901597330,2022-09-13,2022,9,13,63.639653,25.975348,1.0,MACHINE_OBSERVATION,The Atlas of Finnish Fungi,2bc4c2db-1dfa-419c-93ce-6602c5ae8c99,http://creativecommons.org/licenses/by/4.0/legalcode,"kirkonkylä, Isopappila",,Metsässä lähellä tienreunaa,Tien ja pellon välinen rehevä metsäkaistale
gbif,3902294136,2022-09-01,2022,9,1,60.47454,22.253774,24790.0,HUMAN_OBSERVATION,iNaturalist research-grade observations,50c9509d-22c7-4a22-a47d-8c48425ef4a7,http://creativecommons.org/licenses/by-nc/4.0/legalcode,,,,
gbif,3902548317,2022-09-08,2022,9,8,63.073778,25.852248,23.0,HUMAN_OBSERVATION,iNaturalist research-grade observations,50c9509d-22c7-4a22-a47d-8c48425ef4a7,http://creativecommons.org/licenses/by-nc/4.0/legalcode,,,,
gbif,3902936703,2022-09-02,2022,9,2,61.779269,27.298594,,HUMAN_OBSERVATION,iNaturalist research-grade observations,50c9509d-22c7-4a22-a47d-8c48425ef4a7,http://creativecommons.org/licenses/by-nc/4.0/legalcode,,,,
gbif,3903037383,2022-09-01,2022,9,1,61.301552,28.817099,2200.0,HUMAN_OBSERVATION,iNaturalist research-grade observations,50c9509d-22c7-4a22-a47d-8c48425ef4a7,http://creativecommons.org/licenses/by-nc/4.0/legalcode,,,,
gbif,3903050761,2022-09-02,2022,9,2,61.6908,23.78956,126795.0,HUMAN_OBSERVATION,iNaturalist research-grade observations,50c9509d-22c7-4a22-a47d-8c48425ef4a7,http://creativecommons.org/licenses/by/4.0/legalcode,,,,
gbif,3903074724,2022-09-04,2022,9,4,61.964884,23.017572,,HUMAN_OBSERVATION,iNaturalist research-grade observations,50c9509d-22c7-4a22-a47d-8c48425ef4a7,http://creativecommons.org/licenses/by-nc/4.0/legalcode,,,,
gbif,3903236608,2022-09-02,2022,9,2,60.786495,25.027095,1058.0,HUMAN_OBSERVATION,iNaturalist research-grade observations,50c9509d-22c7-4a22-a47d-8c48425ef4a7,http://creativecommons.org/licenses/by-nc/4.0/legalcode,,,,
gbif,3903342038,2022-09-03,2022,9,3,59.899877,22.441102,24879.0,HUMAN_OBSERVATION,iNaturalist research-grade observations,50c9509d-22c7-4a22-a47d-8c48425ef4a7,http://creativecommons.org/licenses/by-nc/4.0/legalcode,,,,
gbif,3903468718,2022-09-04,2022,9,4,60.399747,22.313368,5.0,HUMAN_OBSERVATION,iNaturalist research-grade observations,50c9509d-22c7-4a22-a47d-8c48425ef4a7,http://creativecommons.org/licenses/by-nc/4.0/legalcode,,,,
gbif,3912119981,2022-09-14,2022,9,14,62.598985,23.951193,8.0,HUMAN_OBSERVATION,iNaturalist research-grade observations,50c9509d-22c7-4a22-a47d-8c48425ef4a7,http://creativecommons.org/licenses/by-nc/4.0/legalcode,,,,
gbif,3912142102,2022-09-15,2022,9,15,62.965014,21.740505,5.0,HUMAN_OBSERVATION,iNaturalist research-grade observations,50c9509d-22c7-4a22-a47d-8c48425ef4a7,http://creativecommons.org/licenses/by-nc/4.0/legalcode,,,,
gbif,3913109500,2022-09-11,2022,9,11,65.629032,27.704267,1000.0,MACHINE_OBSERVATION,The Atlas of Finnish Fungi,2bc4c2db-1dfa-419c-93ce-6602c5ae8c99,http://creativecommons.org/licenses/by/4.0/legalcode,Pikku-Syöte,,"Tien- ja polunvarsia, kuusivaltaista rinnemetsää.",
gbif,3915495253,2022-09-24,2022,9,24,61.894897,29.947935,36.0,HUMAN_OBSERVATION,iNaturalist research-grade observations,50c9509d-22c7-4a22-a47d-8c48425ef4a7,http://creativecommons.org/licenses/by-nc/4.0/legalcode,,,,
gbif,3915596410,2022-09-24,2022,9,24,61.688161,23.78956,126795.0,HUMAN_OBSERVATION,iNaturalist research-grade observations,50c9509d-22c7-4a22-a47d-8c48425ef4a7,http://creativecommons.org/licenses/by/4.0/legalcode,,,,
gbif,3916026364,2022-09-04,2022,9,4,60.426763,22.206345,1000.0,HUMAN_OBSERVATION,"Notebook, general observations",df12ca07-f133-4550-ab3b-fde13f0e76ba,http://creativecommons.org/licenses/by/4.0/legalcode,Pikisaari,,Määrityksiä Turun Sieniseuran sieninäyttelystä,
gbif,3916035855,2022-09-16,2022,9,16,62.926168,31.513488,1.0,HUMAN_OBSERVATION,"Notebook, general observations",df12ca07-f133-4550-ab3b-fde13f0e76ba,http://creativecommons.org/licenses/by/4.0/legalcode,Pitkäaho,,,
gbif,3916048104,2022-09-05,2022,9,5,60.4093,22.204831,5000.0,HUMAN_OBSERVATION,"Notebook, general observations",df12ca07-f133-4550-ab3b-fde13f0e76ba,http://creativecommons.org/licenses/by/4.0/legalcode,HIrvensalo,,,
gbif,3924877030,2022-09-07,2022,9,7,62.167901,25.862958,1.0,MACHINE_OBSERVATION,The Atlas of Finnish Fungi,2bc4c2db-1dfa-419c-93ce-6602c5ae8c99,http://creativecommons.org/licenses/by/4.0/legalcode,Teerilahti,,"sekametsää, tuore ja kuivahko kangas vaihtelee",
gbif,3924877197,2022-09-24,2022,9,24,62.557481,26.622202,1.0,MACHINE_OBSERVATION,The Atlas of Finnish Fungi,2bc4c2db-1dfa-419c-93ce-6602c5ae8c99,http://creativecommons.org/licenses/by/4.0/legalcode,Suosalo,,Metsäinen saari jossa metsätyypit vaihtelevat kuivasta kankaasta lehtometsään.,
gbif,3944918859,2022-09-16,2022,9,16,63.083852,21.672998,10.0,MACHINE_OBSERVATION,The Atlas of Finnish Fungi,2bc4c2db-1dfa-419c-93ce-6602c5ae8c99,http://creativecommons.org/licenses/by/4.0/legalcode,Strömberg Park,,,
gbif,3944918862,2022-09-16,2022,9,16,63.084162,21.681019,1.0,MACHINE_OBSERVATION,The Atlas of Finnish Fungi,2bc4c2db-1dfa-419c-93ce-6602c5ae8c99,http://creativecommons.org/licenses/by/4.0/legalcode,Melaniemi,,kärrytien/polun varrella,
gbif,3946964325,2022-09-29,2022,9,29,60.298956,22.39488,10.0,HUMAN_OBSERVATION,Fungus observations of Turku university Herbarium,89f58181-2aa1-45cd-b4ed-2fd5470580a1,http://creativecommons.org/licenses/by/4.0/legalcode,"Lemlaxön, Qvidja, Kvarnbacken",,,Tammi-kuusilehdossa.
gbif,3948197305,2022-09-18,2022,9,18,69.181449,26.572897,1000.0,HUMAN_OBSERVATION,"Notebook, general observations",df12ca07-f133-4550-ab3b-fde13f0e76ba,http://creativecommons.org/licenses/by/4.0/legalcode,,Iso kanttarelli esiintymä. Osa jo piloilla mutta valtaosa hyviä ruokasieniä. Tosin vaelluksella pystyi hyödyntämään vain vähän. Satoi niin paljon  että jäi ottamatta valokuva mutta todistajat 6hlö löytyy.,"Tunturikoivikko, loiva rinne",
gbif,5018377936,2022-09-20,2022,9,20,68.308578,28.005396,250.0,HUMAN_OBSERVATION,,6ac3f774-d9fb-4796-b3e9-92bf6c81c084,http://creativecommons.org/licenses/by/4.0/legalcode,Urho-Kekkonen-Nationalpark,,,
gbif,5076734759,2022-09-04,2022,9,4,60.399608,22.313625,,HUMAN_OBSERVATION,iNaturalist research-grade observations,50c9509d-22c7-4a22-a47d-8c48425ef4a7,http://creativecommons.org/licenses/by-nc/4.0/legalcode,,,,
gbif,3923238335,2022-10-02,2022,10,2,60.550824,21.998905,24790.0,HUMAN_OBSERVATION,iNaturalist research-grade observations,50c9509d-22c7-4a22-a47d-8c48425ef4a7,http://creativecommons.org/publicdomain/zero/1.0/legalcode,,,,
gbif,3924876354,2022-10-07,2022,10,7,65.288742,28.357641,1000.0,MACHINE_OBSERVATION,The Atlas of Finnish Fungi,2bc4c2db-1dfa-419c-93ce-6602c5ae8c99,http://creativecommons.org/licenses/by/4.0/legalcode,,,,
gbif,3925728426,2022-10-01,2022,10,1,65.121485,27.958008,1000.0,HUMAN_OBSERVATION,"Notebook, general observations",df12ca07-f133-4550-ab3b-fde13f0e76ba,http://creativecommons.org/licenses/by/4.0/legalcode,Siikavaara,,,
gbif,3944918529,2022-10-22,2022,10,22,66.414655,25.168976,1000.0,MACHINE_OBSERVATION,The Atlas of Finnish Fungi,2bc4c2db-1dfa-419c-93ce-6602c5ae8c99,http://creativecommons.org/licenses/by/4.0/legalcode,Louevaara,Keywords: { päättäjäiset },"suojelualue, vanhaa metsää",
gbif,3944918557,2022-10-16,2022,10,16,65.293485,28.426358,1000.0,MACHINE_OBSERVATION,The Atlas of Finnish Fungi,2bc4c2db-1dfa-419c-93ce-6602c5ae8c99,http://creativecommons.org/licenses/by/4.0/legalcode,,,,
gbif,3944919204,2022-10-21,2022,10,21,66.87137,25.83755,1.0,MACHINE_OBSERVATION,The Atlas of Finnish Fungi,2bc4c2db-1dfa-419c-93ce-6602c5ae8c99,http://creativecommons.org/licenses/by/4.0/legalcode,"Suopajärvi, Kiristäjäselkä",,Keskilaen etelärinne,
gbif,3944919502,2022-10-18,2022,10,18,60.35568,23.565627,1000.0,MACHINE_OBSERVATION,The Atlas of Finnish Fungi,2bc4c2db-1dfa-419c-93ce-6602c5ae8c99,http://creativecommons.org/licenses/by/4.0/legalcode,"Suomusjärvi, Ahtiala",,Suhteellisen iäkäs kuusimetsä.,
gbif,3947123661,2022-10-16,2022,10,16,62.123257,26.059956,133.0,HUMAN_OBSERVATION,iNaturalist research-grade observations,50c9509d-22c7-4a22-a47d-8c48425ef4a7,http://creativecommons.org/licenses/by-nc/4.0/legalcode,,,,
gbif,3947359033,2022-10-19,2022,10,19,61.688161,23.78956,126795.0,HUMAN_OBSERVATION,iNaturalist research-grade observations,50c9509d-22c7-4a22-a47d-8c48425ef4a7,http://creativecommons.org/licenses/by/4.0/legalcode,,,,
gbif,3947385097,2022-10-10,2022,10,10,61.483391,23.820321,789.0,HUMAN_OBSERVATION,iNaturalist research-grade observations,50c9509d-22c7-4a22-a47d-8c48425ef4a7,http://creativecommons.org/licenses/by-nc/4.0/legalcode,,,,
gbif,3947517426,2022-10-22,2022,10,22,61.649312,25.00891,32.0,HUMAN_OBSERVATION,iNaturalist research-grade observations,50c9509d-22c7-4a22-a47d-8c48425ef4a7,http://creativecommons.org/licenses/by-nc/4.0/legalcode,,,,
gbif,3947582450,2022-10-15,2022,10,15,62.104794,25.962826,310.0,HUMAN_OBSERVATION,iNaturalist research-grade observations,50c9509d-22c7-4a22-a47d-8c48425ef4a7,http://creativecommons.org/licenses/by-nc/4.0/legalcode,,,,
gbif,3947658136,2022-10-17,2022,10,17,62.134163,26.031347,128.0,HUMAN_OBSERVATION,iNaturalist research-grade observations,50c9509d-22c7-4a22-a47d-8c48425ef4a7,http://creativecommons.org/licenses/by-nc/4.0/legalcode,,,,
gbif,3948192031,2022-10-03,2022,10,3,63.087124,29.555536,1.0,HUMAN_OBSERVATION,"Notebook, general observations",df12ca07-f133-4550-ab3b-fde13f0e76ba,http://creativecommons.org/licenses/by/4.0/legalcode,Autiokangas,,,"tuore kangas (MT), kuusikko"
gbif,3948320427,2022-10-16,2022,10,16,61.4047,26.811661,100000.0,HUMAN_OBSERVATION,Löydös Open Finnish Observation Database,956bc674-6022-4c52-833e-c5fb39dc837a,http://creativecommons.org/licenses/by/4.0/legalcode,,,,
gbif,3961484350,2022-10-30,2022,10,30,61.420968,22.626335,3.0,HUMAN_OBSERVATION,iNaturalist research-grade observations,50c9509d-22c7-4a22-a47d-8c48425ef4a7,http://creativecommons.org/licenses/by/4.0/legalcode,,,,
gbif,3962798582,2022-10-28,2022,10,28,62.980577,21.771065,10.0,HUMAN_OBSERVATION,The Atlas of Finnish Fungi,2bc4c2db-1dfa-419c-93ce-6602c5ae8c99,http://creativecommons.org/licenses/by/4.0/legalcode,Furubacken,,,
gbif,4067188159,2022-10-24,2022,10,24,60.988477,25.887283,1870.0,HUMAN_OBSERVATION,iNaturalist research-grade observations,50c9509d-22c7-4a22-a47d-8c48425ef4a7,http://creativecommons.org/licenses/by-nc/4.0/legalcode,,,,
gbif,4173269538,2022-10-03,2022,10,3,60.497464,24.691926,1000.0,MACHINE_OBSERVATION,The Atlas of Finnish Fungi,2bc4c2db-1dfa-419c-93ce-6602c5ae8c99,http://creativecommons.org/licenses/by/4.0/legalcode,Kiljavan ls-alue,,,
gbif,4403472724,2022-10-09,2022,10,9,60.529355,24.486225,1000.0,MACHINE_OBSERVATION,The Atlas of Finnish Fungi,2bc4c2db-1dfa-419c-93ce-6602c5ae8c99,http://creativecommons.org/licenses/by/4.0/legalcode,Hiukkalammin ympäristö,,,
gbif,4430396092,2022-10-15,2022,10,15,61.705598,22.059764,3012.0,HUMAN_OBSERVATION,iNaturalist research-grade observations,50c9509d-22c7-4a22-a47d-8c48425ef4a7,http://creativecommons.org/licenses/by-nc/4.0/legalcode,,,,
gbif,4899012211,2022-10-12,2022,10,12,63.950749,27.161455,1.0,HUMAN_OBSERVATION,LajiGIS: Species mapping and surveys,687c05e9-96d6-40e3-b1c9-2e026d0b3fc0,http://creativecommons.org/licenses/by/4.0/legalcode,"Talaskangas Etelä, Vuoksen vesistöalue",2770302 | el_50419 },,
gbif,3966709740,2022-11-09,2022,11,9,60.274185,25.165468,,HUMAN_OBSERVATION,iNaturalist research-grade observations,50c9509d-22c7-4a22-a47d-8c48425ef4a7,http://creativecommons.org/licenses/by-nc/4.0/legalcode,,,,
gbif,3966724064,2022-11-12,2022,11,12,60.058444,23.52622,24849.0,HUMAN_OBSERVATION,iNaturalist research-grade observations,50c9509d-22c7-4a22-a47d-8c48425ef4a7,http://creativecommons.org/publicdomain/zero/1.0/legalcode,,,,
gbif,3966969441,2022-11-14,2022,11,14,63.075991,21.689361,1.0,HUMAN_OBSERVATION,The Atlas of Finnish Fungi,2bc4c2db-1dfa-419c-93ce-6602c5ae8c99,http://creativecommons.org/licenses/by/4.0/legalcode,Liisanlehto,,,
gbif,3966969444,2022-11-14,2022,11,14,63.087214,21.684649,1.0,HUMAN_OBSERVATION,The Atlas of Finnish Fungi,2bc4c2db-1dfa-419c-93ce-6602c5ae8c99,http://creativecommons.org/licenses/by/4.0/legalcode,Melaniemi,,,
gbif,3968358313,2022-11-15,2022,11,15,63.076323,21.69228,10.0,HUMAN_OBSERVATION,The Atlas of Finnish Fungi,2bc4c2db-1dfa-419c-93ce-6602c5ae8c99,http://creativecommons.org/licenses/by/4.0/legalcode,Liisanlehto,,,
gbif,3968430625,2022-11-12,2022,11,12,61.207774,28.710683,1000.0,HUMAN_OBSERVATION,"Notebook, general observations",df12ca07-f133-4550-ab3b-fde13f0e76ba,http://creativecommons.org/licenses/by/4.0/legalcode,Lammassaari,,,
gbif,3968437449,2022-11-15,2022,11,15,60.62985,27.265059,1.0,HUMAN_OBSERVATION,"Notebook, general observations",df12ca07-f133-4550-ab3b-fde13f0e76ba,http://creativecommons.org/licenses/by/4.0/legalcode,"Kammusa, Lakiakangas",Keywords: { Cantharellus cibarius },"VT-kangas, metsätien varsi Tihkusateinen, + 2 C",
gbif,4011539127,2022-12-31,2022,12,31,60.243307,21.361265,,HUMAN_OBSERVATION,iNaturalist research-grade observations,50c9509d-22c7-4a22-a47d-8c48425ef4a7,http://creativecommons.org/licenses/by-nc/4.0/legalcode,,,,
gbif,3320901933,2021-06-27,2021,6,27,60.269881,25.121364,,HUMAN_OBSERVATION,iNaturalist research-grade observations,50c9509d-22c7-4a22-a47d-8c48425ef4a7,http://creativecommons.org/licenses/by-nc/4.0/legalcode,,,,
gbif,3333276712,2021-06-28,2021,6,28,61.443958,26.117764,485.0,HUMAN_OBSERVATION,iNaturalist research-grade observations,50c9509d-22c7-4a22-a47d-8c48425ef4a7,http://creativecommons.org/licenses/by-nc/4.0/legalcode,,,,
gbif,3415444646,2021-06-26,2021,6,26,61.006486,24.155761,6.0,HUMAN_OBSERVATION,iNaturalist research-grade observations,50c9509d-22c7-4a22-a47d-8c48425ef4a7,http://creativecommons.org/licenses/by-nc/4.0/legalcode,,,,
gbif,3441189368,2021-06-26,2021,6,26,60.195472,24.913221,1.0,MACHINE_OBSERVATION,The Atlas of Finnish Fungi,2bc4c2db-1dfa-419c-93ce-6602c5ae8c99,http://creativecommons.org/licenses/by/4.0/legalcode,Laakso,,,
gbif,3441213815,2021-06-16,2021,6,16,61.200783,26.03927,1000.0,MACHINE_OBSERVATION,The Atlas of Finnish Fungi,2bc4c2db-1dfa-419c-93ce-6602c5ae8c99,http://creativecommons.org/licenses/by/4.0/legalcode,,"Todella pieniä, vasta nousemassa",,
gbif,3448754834,2021-06-19,2021,6,19,60.65649,27.24503,1.0,HUMAN_OBSERVATION,"Notebook, general observations",df12ca07-f133-4550-ab3b-fde13f0e76ba,http://creativecommons.org/licenses/by/4.0/legalcode,"Paijärvi, Vilperinmäki",Keywords: { Cantharellus cibarius },"Metsätie Aurinkoinen, vajaa + 30 C",
gbif,3449201166,2021-06-23,2021,6,23,62.19481,24.783159,1.0,HUMAN_OBSERVATION,"Notebook, general observations",df12ca07-f133-4550-ab3b-fde13f0e76ba,http://creativecommons.org/licenses/by/4.0/legalcode,"Pohjoisjärvi, Puusti",,,
gbif,3453900565,2021-06-23,2021,6,23,60.382442,22.328144,1.0,HUMAN_OBSERVATION,Löydös Open Finnish Observation Database,956bc674-6022-4c52-833e-c5fb39dc837a,http://creativecommons.org/licenses/by/4.0/legalcode,,,,
gbif,3453903006,2021-06-24,2021,6,24,60.385478,22.395879,1.0,HUMAN_OBSERVATION,Löydös Open Finnish Observation Database,956bc674-6022-4c52-833e-c5fb39dc837a,http://creativecommons.org/licenses/by/4.0/legalcode,,,,
gbif,3873525191,2021-06-29,2021,6,29,60.387699,23.360724,17.0,HUMAN_OBSERVATION,iNaturalist research-grade observations,50c9509d-22c7-4a22-a47d-8c48425ef4a7,http://creativecommons.org/licenses/by-nc/4.0/legalcode,,,,
gbif,4430878630,2021-06-29,2021,6,29,60.476325,22.746033,,HUMAN_OBSERVATION,iNaturalist research-grade observations,50c9509d-22c7-4a22-a47d-8c48425ef4a7,http://creativecommons.org/licenses/by-nc/4.0/legalcode,,,,
gbif,5076734570,2021-06-26,2021,6,26,61.372578,25.452464,,HUMAN_OBSERVATION,iNaturalist research-grade observations,50c9509d-22c7-4a22-a47d-8c48425ef4a7,http://creativecommons.org/licenses/by/4.0/legalcode,,,,
gbif,3327890452,2021-07-14,2021,7,14,60.582571,21.829893,24790.0,HUMAN_OBSERVATION,iNaturalist research-grade observations,50c9509d-22c7-4a22-a47d-8c48425ef4a7,http://creativecommons.org/publicdomain/zero/1.0/legalcode,,Kuivuudesta huolimatta nämä löytyi,,
gbif,3327895028,2021-07-09,2021,7,9,61.176751,25.513079,122.0,HUMAN_OBSERVATION,iNaturalist research-grade observations,50c9509d-22c7-4a22-a47d-8c48425ef4a7,http://creativecommons.org/licenses/by-nc/4.0/legalcode,,,,
gbif,3327918783,2021-07-09,2021,7,9,60.235733,25.22892,24819.0,HUMAN_OBSERVATION,iNaturalist research-grade observations,50c9509d-22c7-4a22-a47d-8c48425ef4a7,http://creativecommons.org/publicdomain/zero/1.0/legalcode,,,,
gbif,3335087158,2021-07-27,2021,7,27,61.767516,27.354218,165.0,HUMAN_OBSERVATION,iNaturalist research-grade observations,50c9509d-22c7-4a22-a47d-8c48425ef4a7,http://creativecommons.org/licenses/by-nc/4.0/legalcode,,,,
gbif,3335344780,2021-07-31,2021,7,31,61.389874,24.879996,271.0,HUMAN_OBSERVATION,iNaturalist research-grade observations,50c9509d-22c7-4a22-a47d-8c48425ef4a7,http://creativecommons.org/licenses/by-nc/4.0/legalcode,,,,
gbif,3441134343,2021-07-01,2021,7,1,61.219327,26.077874,5000.0,MACHINE_OBSERVATION,The Atlas of Finnish Fungi,2bc4c2db-1dfa-419c-93ce-6602c5ae8c99,http://creativecommons.org/licenses/by/4.0/legalcode,,,,
gbif,3441154849,2021-07-08,2021,7,8,60.257891,24.603971,1000.0,MACHINE_OBSERVATION,The Atlas of Finnish Fungi,2bc4c2db-1dfa-419c-93ce-6602c5ae8c99,http://creativecommons.org/licenses/by/4.0/legalcode,Sorlammen ulkoilualue,pieniä alkuja siellä täällä,,
gbif,3441157594,2021-07-20,2021,7,20,65.262934,28.42884,1000.0,MACHINE_OBSERVATION,The Atlas of Finnish Fungi,2bc4c2db-1dfa-419c-93ce-6602c5ae8c99,http://creativecommons.org/licenses/by/4.0/legalcode,,,,
gbif,3441178813,2021-07-03,2021,7,3,60.282375,24.610987,1.0,MACHINE_OBSERVATION,The Atlas of Finnish Fungi,2bc4c2db-1dfa-419c-93ce-6602c5ae8c99,http://creativecommons.org/licenses/by/4.0/legalcode,Haramossen,,Haramossenilta etelään johtavan kävelytien varressa,
gbif,3441182364,2021-07-10,2021,7,10,60.213593,24.682613,1000.0,MACHINE_OBSERVATION,The Atlas of Finnish Fungi,2bc4c2db-1dfa-419c-93ce-6602c5ae8c99,http://creativecommons.org/licenses/by/4.0/legalcode,Kasavuoren ls-alue,,,
gbif,3441186490,2021-07-31,2021,7,31,60.268346,24.340154,1000.0,MACHINE_OBSERVATION,The Atlas of Finnish Fungi,2bc4c2db-1dfa-419c-93ce-6602c5ae8c99,http://creativecommons.org/licenses/by/4.0/legalcode,Palakoski,,Palojärven lounaispään kaakkoisrannalla,
gbif,3912107434,2021-07-22,2021,7,22,61.574451,29.68511,3307.0,HUMAN_OBSERVATION,iNaturalist research-grade observations,50c9509d-22c7-4a22-a47d-8c48425ef4a7,http://creativecommons.org/licenses/by-nc/4.0/legalcode,,,,
gbif,3337522734,2021-08-16,2021,8,16,60.526165,25.60767,16.0,HUMAN_OBSERVATION,iNaturalist research-grade observations,50c9509d-22c7-4a22-a47d-8c48425ef4a7,http://creativecommons.org/licenses/by-nc/4.0/legalcode,,,,
gbif,3337582295,2021-08-15,2021,8,15,60.238679,24.345282,225.0,HUMAN_OBSERVATION,iNaturalist research-grade observations,50c9509d-22c7-4a22-a47d-8c48425ef4a7,http://creativecommons.org/licenses/by-nc/4.0/legalcode,,,,
gbif,3337695347,2021-08-08,2021,8,8,60.242169,24.809694,24819.0,HUMAN_OBSERVATION,iNaturalist research-grade observations,50c9509d-22c7-4a22-a47d-8c48425ef4a7,http://creativecommons.org/publicdomain/zero/1.0/legalcode,,,,
gbif,3338016916,2021-08-19,2021,8,19,61.830053,22.251838,12.0,HUMAN_OBSERVATION,iNaturalist research-grade observations,50c9509d-22c7-4a22-a47d-8c48425ef4a7,http://creativecommons.org/licenses/by-nc/4.0/legalcode,,,,
gbif,3338019056,2021-08-19,2021,8,19,62.881433,27.598081,60.0,HUMAN_OBSERVATION,iNaturalist research-grade observations,50c9509d-22c7-4a22-a47d-8c48425ef4a7,http://creativecommons.org/licenses/by-nc/4.0/legalcode,,Muutamia,,
gbif,3338033899,2021-08-10,2021,8,10,60.196646,23.378691,24849.0,HUMAN_OBSERVATION,iNaturalist research-grade observations,50c9509d-22c7-4a22-a47d-8c48425ef4a7,http://creativecommons.org/publicdomain/zero/1.0/legalcode,,,,
gbif,3338048846,2021-08-14,2021,8,14,60.113228,24.718254,6.0,HUMAN_OBSERVATION,iNaturalist research-grade observations,50c9509d-22c7-4a22-a47d-8c48425ef4a7,http://creativecommons.org/licenses/by-nc/4.0/legalcode,,,,
gbif,3343806947,2021-08-21,2021,8,21,61.457149,24.116794,2.0,HUMAN_OBSERVATION,iNaturalist research-grade observations,50c9509d-22c7-4a22-a47d-8c48425ef4a7,http://creativecommons.org/licenses/by-nc/4.0/legalcode,,,,
gbif,3344035524,2021-08-23,2021,8,23,63.576886,22.623424,4.0,HUMAN_OBSERVATION,iNaturalist research-grade observations,50c9509d-22c7-4a22-a47d-8c48425ef4a7,http://creativecommons.org/licenses/by-nc/4.0/legalcode,,,,
gbif,3355056141,2021-08-29,2021,8,29,61.949476,26.162618,24583.0,HUMAN_OBSERVATION,iNaturalist research-grade observations,50c9509d-22c7-4a22-a47d-8c48425ef4a7,http://creativecommons.org/licenses/by-nc/4.0/legalcode,,,,
gbif,3384709892,2021-08-26,2021,8,26,61.498978,26.624725,8.0,HUMAN_OBSERVATION,iNaturalist research-grade observations,50c9509d-22c7-4a22-a47d-8c48425ef4a7,http://creativecommons.org/licenses/by-nc/4.0/legalcode,,,,
gbif,3441133777,2021-08-20,2021,8,20,60.542288,24.486213,1000.0,MACHINE_OBSERVATION,The Atlas of Finnish Fungi,2bc4c2db-1dfa-419c-93ce-6602c5ae8c99,http://creativecommons.org/licenses/by/4.0/legalcode,"Kiven reitti, ""Partiolaisten ranta""",,"Muinaisrantarinne sekä järvenrantaa. Rinne enemmän kuusivoittoista, järven rannassa myös mäntyä, koivua sekä paikoin lepikkoa.",
gbif,3441134194,2021-08-13,2021,8,13,60.67259,24.388039,1.0,MACHINE_OBSERVATION,The Atlas of Finnish Fungi,2bc4c2db-1dfa-419c-93ce-6602c5ae8c99,http://creativecommons.org/licenses/by/4.0/legalcode,Järventausta,,Särkijärvi,
gbif,3441137895,2021-08-20,2021,8,20,62.512669,27.739121,1000.0,MACHINE_OBSERVATION,The Atlas of Finnish Fungi,2bc4c2db-1dfa-419c-93ce-6602c5ae8c99,http://creativecommons.org/licenses/by/4.0/legalcode,Särkilahti,,,
gbif,3441143883,2021-08-06,2021,8,6,63.090135,23.107155,1.0,MACHINE_OBSERVATION,The Atlas of Finnish Fungi,2bc4c2db-1dfa-419c-93ce-6602c5ae8c99,http://creativecommons.org/licenses/by/4.0/legalcode,,,,
gbif,3441144925,2021-08-07,2021,8,7,60.251701,22.982153,1000.0,MACHINE_OBSERVATION,The Atlas of Finnish Fungi,2bc4c2db-1dfa-419c-93ce-6602c5ae8c99,http://creativecommons.org/licenses/by/4.0/legalcode,Laviakallio,,"retkeilyalue, kausikuiva puro, tienvarren pohjoisrinne",
gbif,3441151509,2021-08-06,2021,8,6,65.263501,28.439461,1000.0,MACHINE_OBSERVATION,The Atlas of Finnish Fungi,2bc4c2db-1dfa-419c-93ce-6602c5ae8c99,http://creativecommons.org/licenses/by/4.0/legalcode,,,,
gbif,3441157385,2021-08-08,2021,8,8,61.312664,23.398771,100.0,MACHINE_OBSERVATION,The Atlas of Finnish Fungi,2bc4c2db-1dfa-419c-93ce-6602c5ae8c99,http://creativecommons.org/licenses/by/4.0/legalcode,Kouvonkorpi,,Kouvonkorven eteläpuolinen rinne,
gbif,3441158020,2021-08-01,2021,8,1,61.190797,26.059454,1000.0,MACHINE_OBSERVATION,The Atlas of Finnish Fungi,2bc4c2db-1dfa-419c-93ce-6602c5ae8c99,http://creativecommons.org/licenses/by/4.0/legalcode,Tommolan ranta,,"Kymijoen rantoja mutkittelevat polut & kävelytiet, lehtipuupainoitteinen mutta alueella myös mäntyvaltaisia kohtia.",
gbif,3441158148,2021-08-14,2021,8,14,60.463003,25.192766,100.0,MACHINE_OBSERVATION,The Atlas of Finnish Fungi,2bc4c2db-1dfa-419c-93ce-6602c5ae8c99,http://creativecommons.org/licenses/by/4.0/legalcode,Paippinen,,,
gbif,3441161718,2021-08-20,2021,8,20,60.523964,24.500795,1000.0,MACHINE_OBSERVATION,The Atlas of Finnish Fungi,2bc4c2db-1dfa-419c-93ce-6602c5ae8c99,http://creativecommons.org/licenses/by/4.0/legalcode,Ahdinpalo - Keliininsuo,muutamia lähes yli-ikäisiä,,
gbif,3441167570,2021-08-18,2021,8,18,60.549182,27.421847,5000.0,MACHINE_OBSERVATION,The Atlas of Finnish Fungi,2bc4c2db-1dfa-419c-93ce-6602c5ae8c99,http://creativecommons.org/licenses/by/4.0/legalcode,Koilis-Häppilä,,"Eri ikäisiä talousmetsiä, vanhaa peltomaaseutua, puroja ja lehtosaarekkeita",
gbif,3441173357,2021-08-01,2021,8,1,60.311523,24.509459,1000.0,MACHINE_OBSERVATION,The Atlas of Finnish Fungi,2bc4c2db-1dfa-419c-93ce-6602c5ae8c99,http://creativecommons.org/licenses/by/4.0/legalcode,Nuuksio,,,
gbif,3441173808,2021-08-31,2021,8,31,65.263023,28.429303,1000.0,MACHINE_OBSERVATION,The Atlas of Finnish Fungi,2bc4c2db-1dfa-419c-93ce-6602c5ae8c99,http://creativecommons.org/licenses/by/4.0/legalcode,,,,
gbif,3441173899,2021-08-12,2021,8,12,60.336352,23.206766,1000.0,MACHINE_OBSERVATION,The Atlas of Finnish Fungi,2bc4c2db-1dfa-419c-93ce-6602c5ae8c99,http://creativecommons.org/licenses/by/4.0/legalcode,Pullola,,,
gbif,3441177139,2021-08-01,2021,8,1,60.551594,24.477816,100.0,MACHINE_OBSERVATION,The Atlas of Finnish Fungi,2bc4c2db-1dfa-419c-93ce-6602c5ae8c99,http://creativecommons.org/licenses/by/4.0/legalcode,,,,
gbif,3441183706,2021-08-16,2021,8,16,62.244677,25.665238,1.0,MACHINE_OBSERVATION,The Atlas of Finnish Fungi,2bc4c2db-1dfa-419c-93ce-6602c5ae8c99,http://creativecommons.org/licenses/by/4.0/legalcode,Köhniöjärvi,,Sekametsä rinteessä järven rannalla.,
gbif,3441184115,2021-08-19,2021,8,19,61.995909,23.653574,1.0,MACHINE_OBSERVATION,The Atlas of Finnish Fungi,2bc4c2db-1dfa-419c-93ce-6602c5ae8c99,http://creativecommons.org/licenses/by/4.0/legalcode,,,,
gbif,3441198514,2021-08-22,2021,8,22,60.338798,25.087432,100.0,MACHINE_OBSERVATION,The Atlas of Finnish Fungi,2bc4c2db-1dfa-419c-93ce-6602c5ae8c99,http://creativecommons.org/licenses/by/4.0/legalcode,Matari,,,
gbif,3441201055,2021-08-21,2021,8,21,63.515681,23.532192,1.0,MACHINE_OBSERVATION,The Atlas of Finnish Fungi,2bc4c2db-1dfa-419c-93ce-6602c5ae8c99,http://creativecommons.org/licenses/by/4.0/legalcode,,,,
gbif,3441206046,2021-08-28,2021,8,28,62.481696,29.589249,1000.0,MACHINE_OBSERVATION,The Atlas of Finnish Fungi,2bc4c2db-1dfa-419c-93ce-6602c5ae8c99,http://creativecommons.org/licenses/by/4.0/legalcode,Piitsamonniemi,,,
gbif,3441206797,2021-08-16,2021,8,,59.903917,23.193157,100.0,MACHINE_OBSERVATION,The Atlas of Finnish Fungi,2bc4c2db-1dfa-419c-93ce-6602c5ae8c99,http://creativecommons.org/licenses/by/4.0/legalcode,Björkkullan lähteikkö,,,
gbif,3441213843,2021-08-28,2021,8,28,61.864722,29.209076,1000.0,MACHINE_OBSERVATION,The Atlas of Finnish Fungi,2bc4c2db-1dfa-419c-93ce-6602c5ae8c99,http://creativecommons.org/licenses/by/4.0/legalcode,,,,
gbif,3441216946,2021-08-02,2021,8,2,61.37145,23.208225,100.0,MACHINE_OBSERVATION,The Atlas of Finnish Fungi,2bc4c2db-1dfa-419c-93ce-6602c5ae8c99,http://creativecommons.org/licenses/by/4.0/legalcode,Maso,,Läpikäytävän ja Marjakorven välissä oleva kukkula,
gbif,3448354726,2021-08-14,2021,8,14,60.181885,23.398414,10.0,MACHINE_OBSERVATION,"Notebook, general observations",df12ca07-f133-4550-ab3b-fde13f0e76ba,http://creativecommons.org/licenses/by/4.0/legalcode,"Kisko, Salo",,Talousmetsää Puolipilvinen,
gbif,3448494867,2021-08-27,2021,8,27,63.091099,29.546998,1000.0,HUMAN_OBSERVATION,"Notebook, general observations",df12ca07-f133-4550-ab3b-fde13f0e76ba,http://creativecommons.org/licenses/by/4.0/legalcode,Autiokangas,,,tuoreita/lehtomaisia kuusikoita ja ojitettuja korpia
gbif,3448763436,2021-08-10,2021,8,10,61.181313,27.672493,1.0,HUMAN_OBSERVATION,"Notebook, general observations",df12ca07-f133-4550-ab3b-fde13f0e76ba,http://creativecommons.org/licenses/by/4.0/legalcode,"Myllylampi, Hullasmäki",Keywords: { Cantharellus cibarius },"Varttunut MT-kuusikko Aurinkoinen, n. + 20 C",
gbif,3449066070,2021-08-12,2021,8,12,62.26213,25.699461,1000.0,HUMAN_OBSERVATION,"Notebook, general observations",df12ca07-f133-4550-ab3b-fde13f0e76ba,http://creativecommons.org/licenses/by/4.0/legalcode,Laajavuori,,,
gbif,3449105737,2021-08-24,2021,8,24,60.115961,23.526318,100.0,HUMAN_OBSERVATION,"Notebook, general observations",df12ca07-f133-4550-ab3b-fde13f0e76ba,http://creativecommons.org/licenses/by/4.0/legalcode,"Pohja, Bollsta",,,
gbif,3453917434,2021-08-06,2021,8,6,60.235,23.056,1.0,HUMAN_OBSERVATION,Löydös Open Finnish Observation Database,956bc674-6022-4c52-833e-c5fb39dc837a,http://creativecommons.org/licenses/by/4.0/legalcode,Kylmässuon luonnonsuojelualueen reuna,,Kylmässuon luonnonsuojelualueen reuna,
gbif,3455801796,2021-08-21,2021,8,21,60.759792,24.282031,24760.0,HUMAN_OBSERVATION,iNaturalist research-grade observations,50c9509d-22c7-4a22-a47d-8c48425ef4a7,http://creativecommons.org/licenses/by-nc/4.0/legalcode,,,,
gbif,3461689341,2021-08-04,2021,8,4,62.320057,26.355863,100.0,MACHINE_OBSERVATION,The Atlas of Finnish Fungi,2bc4c2db-1dfa-419c-93ce-6602c5ae8c99,http://creativecommons.org/licenses/by/4.0/legalcode,Yläpuolen polun ympäristö.,,,
gbif,3713214460,2021-08-25,2021,8,,62.237347,27.425939,1000.0,HUMAN_OBSERVATION,"Notebook, general observations",df12ca07-f133-4550-ab3b-fde13f0e76ba,http://creativecommons.org/licenses/by/4.0/legalcode,"Kangaslahti, Maavesi",,,
gbif,3923674409,2021-08-07,2021,8,7,63.618637,27.131258,3.0,HUMAN_OBSERVATION,iNaturalist research-grade observations,50c9509d-22c7-4a22-a47d-8c48425ef4a7,http://creativecommons.org/licenses/by-nc/4.0/legalcode,,,,
gbif,4103055707,2021-08-20,2021,8,20,61.682661,24.41468,24612.0,HUMAN_OBSERVATION,iNaturalist research-grade observations,50c9509d-22c7-4a22-a47d-8c48425ef4a7,http://creativecommons.org/licenses/by-nc/4.0/legalcode,,,,
gbif,4606563837,2021-08-15,2021,8,15,60.293027,24.557051,1918.0,HUMAN_OBSERVATION,iNaturalist research-grade observations,50c9509d-22c7-4a22-a47d-8c48425ef4a7,http://creativecommons.org/licenses/by-nc/4.0/legalcode,,,,
gbif,4607165832,2021-08-22,2021,8,22,60.746668,24.772487,10586.0,HUMAN_OBSERVATION,iNaturalist research-grade observations,50c9509d-22c7-4a22-a47d-8c48425ef4a7,http://creativecommons.org/licenses/by-nc/4.0/legalcode,,,,
gbif,5058023835,2021-08-11,2021,8,11,61.686078,29.397439,1.0,MACHINE_OBSERVATION,"Notebook, general observations",df12ca07-f133-4550-ab3b-fde13f0e76ba,http://creativecommons.org/licenses/by/4.0/legalcode,Tervapuro,,Puronvarsimetsä,
gbif,5076741591,2021-08-30,2021,8,30,60.374157,24.761088,1000.0,HUMAN_OBSERVATION,iNaturalist research-grade observations,50c9509d-22c7-4a22-a47d-8c48425ef4a7,http://creativecommons.org/licenses/by-nc/4.0/legalcode,,,,
gbif,3355270559,2021-09-01,2021,9,1,62.929207,21.723717,3.0,HUMAN_OBSERVATION,iNaturalist research-grade observations,50c9509d-22c7-4a22-a47d-8c48425ef4a7,http://creativecommons.org/licenses/by-nc/4.0/legalcode,,,,
gbif,3355564323,2021-09-07,2021,9,7,60.749478,24.747741,65.0,HUMAN_OBSERVATION,iNaturalist research-grade observations,50c9509d-22c7-4a22-a47d-8c48425ef4a7,http://creativecommons.org/licenses/by-nc/4.0/legalcode,,,,
gbif,3383978585,2021-09-12,2021,9,12,61.623723,27.582335,24612.0,HUMAN_OBSERVATION,iNaturalist research-grade observations,50c9509d-22c7-4a22-a47d-8c48425ef4a7,http://creativecommons.org/licenses/by-nc/4.0/legalcode,,,,
gbif,3384018477,2021-09-11,2021,9,11,60.633513,24.670101,24760.0,HUMAN_OBSERVATION,iNaturalist research-grade observations,50c9509d-22c7-4a22-a47d-8c48425ef4a7,http://creativecommons.org/licenses/by-nc/4.0/legalcode,,,,
gbif,3384695779,2021-09-21,2021,9,21,61.280312,27.501522,4.0,HUMAN_OBSERVATION,iNaturalist research-grade observations,50c9509d-22c7-4a22-a47d-8c48425ef4a7,http://creativecommons.org/licenses/by-nc/4.0/legalcode,,,,
gbif,3384979068,2021-09-15,2021,9,15,61.675512,27.280292,4.0,HUMAN_OBSERVATION,iNaturalist research-grade observations,50c9509d-22c7-4a22-a47d-8c48425ef4a7,http://creativecommons.org/licenses/by-nc/4.0/legalcode,,,,
gbif,3399217994,2021-09-18,2021,9,18,60.740699,24.807405,24760.0,HUMAN_OBSERVATION,iNaturalist research-grade observations,50c9509d-22c7-4a22-a47d-8c48425ef4a7,http://creativecommons.org/licenses/by-nc/4.0/legalcode,,,,
gbif,3441150104,2021-09-26,2021,9,26,62.286502,25.63482,1.0,MACHINE_OBSERVATION,The Atlas of Finnish Fungi,2bc4c2db-1dfa-419c-93ce-6602c5ae8c99,http://creativecommons.org/licenses/by/4.0/legalcode,Ylä-Tuomiojärvi,,,
gbif,3441154331,2021-09-06,2021,9,6,61.190013,25.680724,1.0,MACHINE_OBSERVATION,The Atlas of Finnish Fungi,2bc4c2db-1dfa-419c-93ce-6602c5ae8c99,http://creativecommons.org/licenses/by/4.0/legalcode,Salonsaari,,,
gbif,3441156081,2021-09-07,2021,9,7,60.27295,25.170745,1000.0,MACHINE_OBSERVATION,The Atlas of Finnish Fungi,2bc4c2db-1dfa-419c-93ce-6602c5ae8c99,http://creativecommons.org/licenses/by/4.0/legalcode,,,,
gbif,3441162710,2021-09-08,2021,9,8,61.210207,25.730714,1.0,MACHINE_OBSERVATION,The Atlas of Finnish Fungi,2bc4c2db-1dfa-419c-93ce-6602c5ae8c99,http://creativecommons.org/licenses/by/4.0/legalcode,"Patalahti, Susimäki",,,
gbif,3441165372,2021-09-16,2021,9,16,60.213481,24.975324,1000.0,MACHINE_OBSERVATION,The Atlas of Finnish Fungi,2bc4c2db-1dfa-419c-93ce-6602c5ae8c99,http://creativecommons.org/licenses/by/4.0/legalcode,Annala,,,
gbif,3441166445,2021-09-10,2021,9,10,66.06058,24.72436,1.0,MACHINE_OBSERVATION,The Atlas of Finnish Fungi,2bc4c2db-1dfa-419c-93ce-6602c5ae8c99,http://creativecommons.org/licenses/by/4.0/legalcode,Yli-Revonaho,,Metsätien eteläpuoli,
gbif,3441175539,2021-09-14,2021,9,14,62.164672,26.203146,1000.0,MACHINE_OBSERVATION,The Atlas of Finnish Fungi,2bc4c2db-1dfa-419c-93ce-6602c5ae8c99,http://creativecommons.org/licenses/by/4.0/legalcode,Rummakko,,"Luontopolkua seurailevaa metsää, lammen lähellä koivu- ja kuusivaltaista, mäen päällä männikköä",
gbif,3441191781,2021-09-25,2021,9,25,60.458534,23.226578,1000.0,MACHINE_OBSERVATION,The Atlas of Finnish Fungi,2bc4c2db-1dfa-419c-93ce-6602c5ae8c99,http://creativecommons.org/licenses/by/4.0/legalcode,,,,
gbif,3441202559,2021-09-04,2021,9,4,60.250725,25.06366,1.0,MACHINE_OBSERVATION,The Atlas of Finnish Fungi,2bc4c2db-1dfa-419c-93ce-6602c5ae8c99,http://creativecommons.org/licenses/by/4.0/legalcode,,,,
gbif,3441210811,2021-09-10,2021,9,10,61.170998,25.54903,100.0,MACHINE_OBSERVATION,The Atlas of Finnish Fungi,2bc4c2db-1dfa-419c-93ce-6602c5ae8c99,http://creativecommons.org/licenses/by/4.0/legalcode,Vääksy,,,
gbif,3441213200,2021-09-08,2021,9,8,62.279972,25.631837,1.0,MACHINE_OBSERVATION,The Atlas of Finnish Fungi,2bc4c2db-1dfa-419c-93ce-6602c5ae8c99,http://creativecommons.org/licenses/by/4.0/legalcode,Ylä-Tuomiojärvi,,,
gbif,3448045083,2021-09-28,2021,9,28,61.226189,28.087978,1.0,HUMAN_OBSERVATION,"Notebook, general observations",df12ca07-f133-4550-ab3b-fde13f0e76ba,http://creativecommons.org/licenses/by/4.0/legalcode,"Sammaljärvi, Reponotko",Keywords: { Cantharellus cibarius },"VT-harjunkangas Pilvipouta, n. + 10 C",
gbif,3448357192,2021-09-04,2021,9,4,61.169207,25.865611,1000.0,HUMAN_OBSERVATION,"Notebook, general observations",df12ca07-f133-4550-ab3b-fde13f0e76ba,http://creativecommons.org/licenses/by/4.0/legalcode,"Rutalahti, Lähdemäki",,,
gbif,3448367061,2021-09-22,2021,9,,60.022738,23.761361,1000.0,HUMAN_OBSERVATION,"Notebook, general observations",df12ca07-f133-4550-ab3b-fde13f0e76ba,http://creativecommons.org/licenses/by/4.0/legalcode,Inkoo; Källträsk,,,
gbif,3448367432,2021-09-17,2021,9,17,62.58922,28.628335,100.0,HUMAN_OBSERVATION,"Notebook, general observations",df12ca07-f133-4550-ab3b-fde13f0e76ba,http://creativecommons.org/licenses/by/4.0/legalcode,Levonmäki,,,
gbif,3448392534,2021-09-27,2021,9,27,60.426763,22.206345,1000.0,HUMAN_OBSERVATION,"Notebook, general observations",df12ca07-f133-4550-ab3b-fde13f0e76ba,http://creativecommons.org/licenses/by/4.0/legalcode,Pikisaari,,,
gbif,3449083344,2021-09-18,2021,9,18,62.628338,28.493789,1000.0,HUMAN_OBSERVATION,"Notebook, general observations",df12ca07-f133-4550-ab3b-fde13f0e76ba,http://creativecommons.org/licenses/by/4.0/legalcode,Kolmisopenmäki,,,
gbif,3466362704,2021-09-26,2021,9,26,60.80984,24.74752,5.0,HUMAN_OBSERVATION,iNaturalist research-grade observations,50c9509d-22c7-4a22-a47d-8c48425ef4a7,http://creativecommons.org/licenses/by-nc/4.0/legalcode,,,,
gbif,3698132036,2021-09-14,2021,9,14,60.771653,23.863979,10.0,HUMAN_OBSERVATION,iNaturalist research-grade observations,50c9509d-22c7-4a22-a47d-8c48425ef4a7,http://creativecommons.org/licenses/by-nc/4.0/legalcode,,,,
gbif,4078168419,2021-09-07,2021,9,7,61.185256,25.717097,1000.0,HUMAN_OBSERVATION,The Atlas of Finnish Fungi,2bc4c2db-1dfa-419c-93ce-6602c5ae8c99,http://creativecommons.org/licenses/by/4.0/legalcode,"Rominoja, LS",,,
gbif,4606516905,2021-09-11,2021,9,11,59.88841,22.582733,24879.0,HUMAN_OBSERVATION,iNaturalist research-grade observations,50c9509d-22c7-4a22-a47d-8c48425ef4a7,http://creativecommons.org/licenses/by-nc/4.0/legalcode,,,,
gbif,4898594497,2021-09-12,2021,9,12,64.984561,27.951921,1.0,HUMAN_OBSERVATION,LajiGIS: Species mapping and surveys,687c05e9-96d6-40e3-b1c9-2e026d0b3fc0,http://creativecommons.org/licenses/by/4.0/legalcode,"Martinvaara 3, Ison Jänisjärven lehto ja letto, Kiiminkijoen vesistöalue",2279718 | el_50419 },,
gbif,4898830503,2021-09-28,2021,9,28,60.247132,23.816702,1.0,HUMAN_OBSERVATION,LajiGIS: Species mapping and surveys,687c05e9-96d6-40e3-b1c9-2e026d0b3fc0,http://creativecommons.org/licenses/by/4.0/legalcode,"Karkalin luonnonpuisto, Karjaanjoen vesistöalue",2772138 | el_50419 },,
gbif,4899012256,2021-09-12,2021,9,12,60.227992,23.863076,1.0,HUMAN_OBSERVATION,LajiGIS: Species mapping and surveys,687c05e9-96d6-40e3-b1c9-2e026d0b3fc0,http://creativecommons.org/licenses/by/4.0/legalcode,"Hermalan Kalkkimäki, Karjaanjoen vesistöalue",2771065 | el_50419 },,
gbif,3391395276,2021-10-14,2021,10,14,62.086673,25.386928,,HUMAN_OBSERVATION,iNaturalist research-grade observations,50c9509d-22c7-4a22-a47d-8c48425ef4a7,http://creativecommons.org/licenses/by-nc/4.0/legalcode,,,,
gbif,3398880840,2021-10-23,2021,10,23,61.3376,22.918499,2298.0,HUMAN_OBSERVATION,iNaturalist research-grade observations,50c9509d-22c7-4a22-a47d-8c48425ef4a7,http://creativecommons.org/licenses/by/4.0/legalcode,,"Vähän pakkasen panemia, siksi tummempi väri.",,
gbif,3399027923,2021-10-24,2021,10,24,60.273275,25.118739,,HUMAN_OBSERVATION,iNaturalist research-grade observations,50c9509d-22c7-4a22-a47d-8c48425ef4a7,http://creativecommons.org/licenses/by-nc/4.0/legalcode,,,,
gbif,3399303694,2021-10-21,2021,10,21,60.242287,25.209837,7.0,HUMAN_OBSERVATION,iNaturalist research-grade observations,50c9509d-22c7-4a22-a47d-8c48425ef4a7,http://creativecommons.org/publicdomain/zero/1.0/legalcode,,Vielä löytyi kantarelleja!,,
gbif,3441137963,2021-10-02,2021,10,2,60.041064,23.016435,1.0,MACHINE_OBSERVATION,The Atlas of Finnish Fungi,2bc4c2db-1dfa-419c-93ce-6602c5ae8c99,http://creativecommons.org/licenses/by/4.0/legalcode,"Bromarv, Lökudden",,,
gbif,3441140877,2021-10-01,2021,10,1,60.415139,23.151677,1000.0,MACHINE_OBSERVATION,The Atlas of Finnish Fungi,2bc4c2db-1dfa-419c-93ce-6602c5ae8c99,http://creativecommons.org/licenses/by/4.0/legalcode,Isokylä,,Metsä,
gbif,3441156188,2021-10-09,2021,10,9,62.25431,25.678703,1.0,MACHINE_OBSERVATION,The Atlas of Finnish Fungi,2bc4c2db-1dfa-419c-93ce-6602c5ae8c99,http://creativecommons.org/licenses/by/4.0/legalcode,Laajavuori,,,
gbif,3441175839,2021-10-18,2021,10,18,60.33225,24.668036,1.0,MACHINE_OBSERVATION,The Atlas of Finnish Fungi,2bc4c2db-1dfa-419c-93ce-6602c5ae8c99,http://creativecommons.org/licenses/by/4.0/legalcode,,,,
gbif,3441183703,2021-10-09,2021,10,9,65.275354,28.40724,1000.0,MACHINE_OBSERVATION,The Atlas of Finnish Fungi,2bc4c2db-1dfa-419c-93ce-6602c5ae8c99,http://creativecommons.org/licenses/by/4.0/legalcode,,,,
gbif,3441184591,2021-10-03,2021,10,3,60.247436,23.475869,1.0,MACHINE_OBSERVATION,The Atlas of Finnish Fungi,2bc4c2db-1dfa-419c-93ce-6602c5ae8c99,http://creativecommons.org/licenses/by/4.0/legalcode,Kiskon hautausmaa,,,
gbif,3441187261,2021-10-30,2021,10,30,60.544719,25.176304,1.0,MACHINE_OBSERVATION,The Atlas of Finnish Fungi,2bc4c2db-1dfa-419c-93ce-6602c5ae8c99,http://creativecommons.org/licenses/by/4.0/legalcode,Ohkola,,,
gbif,3441190104,2021-10-23,2021,10,23,62.205588,24.783498,1000.0,MACHINE_OBSERVATION,The Atlas of Finnish Fungi,2bc4c2db-1dfa-419c-93ce-6602c5ae8c99,http://creativecommons.org/licenses/by/4.0/legalcode,"Pohjoisjärvi, Hoskarinjoki",,"Hoskarinjoen eteläpuolinen metsittynyt pelto ja sitä reunustava kuivahko mäntymetsä. Joen rannassa tiheää lehtipuustoa. Puulajisto monipuolista. Eri ikäisiä mäntyjä, koivuja, raitoja, pihlajia ja tuomia. Nuoria kuusia, muutamia isohkoja haapoja ja paljon eriasteista ja -lajista lahopuuta. Muutama av",
gbif,3441192190,2021-10-13,2021,10,13,60.420438,25.134965,1000.0,MACHINE_OBSERVATION,The Atlas of Finnish Fungi,2bc4c2db-1dfa-419c-93ce-6602c5ae8c99,http://creativecommons.org/licenses/by/4.0/legalcode,Haukkavuoren luontopolku ja ls-alue,,,
gbif,3441195578,2021-10-11,2021,10,11,65.636654,27.749371,1000.0,MACHINE_OBSERVATION,The Atlas of Finnish Fungi,2bc4c2db-1dfa-419c-93ce-6602c5ae8c99,http://creativecommons.org/licenses/by/4.0/legalcode,"Syöte, Aurinkokallio",Kymmenkunta itiöemää.,,
gbif,3441199913,2021-10-01,2021,10,1,60.438895,23.057969,1000.0,MACHINE_OBSERVATION,The Atlas of Finnish Fungi,2bc4c2db-1dfa-419c-93ce-6602c5ae8c99,http://creativecommons.org/licenses/by/4.0/legalcode,Märy,,,
gbif,3441200510,2021-10-01,2021,10,1,60.437388,23.054935,1.0,MACHINE_OBSERVATION,The Atlas of Finnish Fungi,2bc4c2db-1dfa-419c-93ce-6602c5ae8c99,http://creativecommons.org/licenses/by/4.0/legalcode,Märynummi,,,
gbif,3441202436,2021-10-08,2021,10,8,65.265705,28.438676,1000.0,MACHINE_OBSERVATION,The Atlas of Finnish Fungi,2bc4c2db-1dfa-419c-93ce-6602c5ae8c99,http://creativecommons.org/licenses/by/4.0/legalcode,,,,
gbif,3448508120,2021-10-30,2021,10,,59.986936,24.43924,100.0,HUMAN_OBSERVATION,"Notebook, general observations",df12ca07-f133-4550-ab3b-fde13f0e76ba,http://creativecommons.org/licenses/by/4.0/legalcode,"Silikaattikalliot, boreaalinen luonnonmetsä tai kalliometsä, karut kalliot",Keywords: { Erikoislajintuntemus },,
gbif,3449121072,2021-10-03,2021,10,3,60.65017,21.286007,1000.0,HUMAN_OBSERVATION,"Notebook, general observations",df12ca07-f133-4550-ab3b-fde13f0e76ba,http://creativecommons.org/licenses/by/4.0/legalcode,Flautreski,,,
gbif,3449149639,2021-10-02,2021,10,,60.088405,22.486287,1.0,HUMAN_OBSERVATION,"Notebook, general observations",df12ca07-f133-4550-ab3b-fde13f0e76ba,http://creativecommons.org/licenses/by/4.0/legalcode,"Dragsfjärd, Stusnäs",,,
gbif,3449190144,2021-10-10,2021,10,10,61.964174,23.619974,1.0,MACHINE_OBSERVATION,"Notebook, general observations",df12ca07-f133-4550-ab3b-fde13f0e76ba,http://creativecommons.org/licenses/by/4.0/legalcode,,Kuusenjuurella,Pääosin kuivahkoa mäntykangasta,
gbif,3950484324,2021-10-16,2021,10,16,60.16085,24.385242,10000.0,MACHINE_OBSERVATION,The Atlas of Finnish Fungi,2bc4c2db-1dfa-419c-93ce-6602c5ae8c99,http://creativecommons.org/licenses/by/4.0/legalcode,,,,
gbif,4903929963,2021-10-24,2021,10,24,62.383354,30.238146,5992.0,HUMAN_OBSERVATION,iNaturalist research-grade observations,50c9509d-22c7-4a22-a47d-8c48425ef4a7,http://creativecommons.org/licenses/by-nc/4.0/legalcode,,,,
gbif,3415582254,2021-11-13,2021,11,13,61.728026,27.485649,24612.0,HUMAN_OBSERVATION,iNaturalist research-grade observations,50c9509d-22c7-4a22-a47d-8c48425ef4a7,http://creativecommons.org/licenses/by-nc/4.0/legalcode,,,,
gbif,3415585195,2021-11-20,2021,11,20,60.04704,23.901066,1600294.0,HUMAN_OBSERVATION,iNaturalist research-grade observations,50c9509d-22c7-4a22-a47d-8c48425ef4a7,http://creativecommons.org/licenses/by/4.0/legalcode,,,,
gbif,3415676086,2021-11-14,2021,11,14,60.241344,24.34069,121.0,HUMAN_OBSERVATION,iNaturalist research-grade observations,50c9509d-22c7-4a22-a47d-8c48425ef4a7,http://creativecommons.org/licenses/by-nc/4.0/legalcode,,,,
gbif,3415753057,2021-11-07,2021,11,7,60.13869,24.227007,1350.0,HUMAN_OBSERVATION,iNaturalist research-grade observations,50c9509d-22c7-4a22-a47d-8c48425ef4a7,http://creativecommons.org/licenses/by/4.0/legalcode,,,,
gbif,3415860106,2021-11-06,2021,11,6,62.912529,27.654533,88.0,HUMAN_OBSERVATION,iNaturalist research-grade observations,50c9509d-22c7-4a22-a47d-8c48425ef4a7,http://creativecommons.org/licenses/by-nc/4.0/legalcode,,,,
gbif,3415922204,2021-11-13,2021,11,13,60.306152,25.105693,,HUMAN_OBSERVATION,iNaturalist research-grade observations,50c9509d-22c7-4a22-a47d-8c48425ef4a7,http://creativecommons.org/licenses/by-nc/4.0/legalcode,,,,
gbif,3441154567,2021-11-13,2021,11,13,60.716552,25.31125,1.0,MACHINE_OBSERVATION,The Atlas of Finnish Fungi,2bc4c2db-1dfa-419c-93ce-6602c5ae8c99,http://creativecommons.org/licenses/by/4.0/legalcode,Kairassuo,,,
gbif,3448399037,2021-11-25,2021,11,25,60.4093,22.204831,5000.0,HUMAN_OBSERVATION,"Notebook, general observations",df12ca07-f133-4550-ab3b-fde13f0e76ba,http://creativecommons.org/licenses/by/4.0/legalcode,HIrvensalo,Tammistontie,,
gbif,3455438728,2021-11-27,2021,11,27,61.410378,22.64474,5.0,HUMAN_OBSERVATION,iNaturalist research-grade observations,50c9509d-22c7-4a22-a47d-8c48425ef4a7,http://creativecommons.org/licenses/by/4.0/legalcode,,,,
gbif,3441139685,2021-08-28,2021,,,60.326028,24.729606,1000.0,MACHINE_OBSERVATION,The Atlas of Finnish Fungi,2bc4c2db-1dfa-419c-93ce-6602c5ae8c99,http://creativecommons.org/licenses/by/4.0/legalcode,Korpilampi,,Lampea ympäröivä metsä ja hotellin istutus- ja puistoalue. Pääosin kuusimetsää.,
gbif,3448767880,2021-07-26,2021,,,60.899499,25.439862,1000.0,HUMAN_OBSERVATION,"Notebook, general observations",df12ca07-f133-4550-ab3b-fde13f0e76ba,http://creativecommons.org/licenses/by/4.0/legalcode,"Hollola, Korpikylä, Herrala, Hahmajärvi, Heinäpolku",Niukka 2021,Mökkiluonto -kirjassa käytetty havaintoalue.,
gbif,2550051162,2020-01-04,2020,1,4,61.321806,24.950044,153.0,HUMAN_OBSERVATION,iNaturalist research-grade observations,50c9509d-22c7-4a22-a47d-8c48425ef4a7,http://creativecommons.org/licenses/by-nc/4.0/legalcode,,,,
gbif,3441172617,2020-01-24,2020,1,24,60.351625,25.734165,1.0,MACHINE_OBSERVATION,The Atlas of Finnish Fungi,2bc4c2db-1dfa-419c-93ce-6602c5ae8c99,http://creativecommons.org/licenses/by/4.0/legalcode,Stensböle,Hyvin pieniä,Kuusikorpi,
gbif,3441127744,2020-02-02,2020,2,2,60.276683,25.220135,1.0,MACHINE_OBSERVATION,The Atlas of Finnish Fungi,2bc4c2db-1dfa-419c-93ce-6602c5ae8c99,http://creativecommons.org/licenses/by/4.0/legalcode,Hältingträsk,,,
gbif,3441143933,2020-02-19,2020,2,19,60.389,22.363,1.0,MACHINE_OBSERVATION,The Atlas of Finnish Fungi,2bc4c2db-1dfa-419c-93ce-6602c5ae8c99,http://creativecommons.org/licenses/by/4.0/legalcode,Juopinkrotti,,,
gbif,3441193160,2020-02-03,2020,2,3,60.219255,24.754625,1.0,HUMAN_OBSERVATION,The Atlas of Finnish Fungi,2bc4c2db-1dfa-419c-93ce-6602c5ae8c99,http://creativecommons.org/licenses/by/4.0/legalcode,Karamalmi,Huonokuntoisia,,
gbif,2813930203,2020-06-27,2020,6,27,60.298075,25.243903,,HUMAN_OBSERVATION,iNaturalist research-grade observations,50c9509d-22c7-4a22-a47d-8c48425ef4a7,http://creativecommons.org/licenses/by-nc/4.0/legalcode,,,,
gbif,2813957527,2020-07-01,2020,7,1,60.19125,24.711941,,HUMAN_OBSERVATION,iNaturalist research-grade observations,50c9509d-22c7-4a22-a47d-8c48425ef4a7,http://creativecommons.org/publicdomain/zero/1.0/legalcode,,,,
gbif,2814065375,2020-07-06,2020,7,6,60.330766,24.462177,8.0,HUMAN_OBSERVATION,iNaturalist research-grade observations,50c9509d-22c7-4a22-a47d-8c48425ef4a7,http://creativecommons.org/licenses/by-nc/4.0/legalcode,,,,
gbif,2814074811,2020-07-06,2020,7,6,60.426327,22.367815,,HUMAN_OBSERVATION,iNaturalist research-grade observations,50c9509d-22c7-4a22-a47d-8c48425ef4a7,http://creativecommons.org/licenses/by-nc/4.0/legalcode,,Nearby trees Picea abies.,,
gbif,2814186107,2020-07-04,2020,7,4,60.256077,25.165198,183.0,HUMAN_OBSERVATION,iNaturalist research-grade observations,50c9509d-22c7-4a22-a47d-8c48425ef4a7,http://creativecommons.org/licenses/by-nc/4.0/legalcode,,,,
gbif,2814217164,2020-07-08,2020,7,8,60.426408,22.523234,4208.0,HUMAN_OBSERVATION,iNaturalist research-grade observations,50c9509d-22c7-4a22-a47d-8c48425ef4a7,http://creativecommons.org/licenses/by-nc/4.0/legalcode,,,,
gbif,2814266151,2020-07-07,2020,7,7,61.51001,27.916573,24641.0,HUMAN_OBSERVATION,iNaturalist research-grade observations,50c9509d-22c7-4a22-a47d-8c48425ef4a7,http://creativecommons.org/licenses/by-nc/4.0/legalcode,,,,
gbif,2814388607,2020-07-07,2020,7,7,60.329293,24.471182,12.0,HUMAN_OBSERVATION,iNaturalist research-grade observations,50c9509d-22c7-4a22-a47d-8c48425ef4a7,http://creativecommons.org/licenses/by-nc/4.0/legalcode,,,,
gbif,2814412326,2020-07-08,2020,7,8,61.47516,27.601076,4.0,HUMAN_OBSERVATION,iNaturalist research-grade observations,50c9509d-22c7-4a22-a47d-8c48425ef4a7,http://creativecommons.org/licenses/by/4.0/legalcode,,,,
gbif,2818517285,2020-07-14,2020,7,14,60.26662,25.087505,57.0,HUMAN_OBSERVATION,iNaturalist research-grade observations,50c9509d-22c7-4a22-a47d-8c48425ef4a7,http://creativecommons.org/licenses/by-nc/4.0/legalcode,,,,
gbif,2818518000,2020-07-12,2020,7,12,60.260047,24.926969,13.0,HUMAN_OBSERVATION,iNaturalist research-grade observations,50c9509d-22c7-4a22-a47d-8c48425ef4a7,http://creativecommons.org/licenses/by/4.0/legalcode,,,,
gbif,2818561595,2020-07-10,2020,7,10,60.332213,24.478512,8.0,HUMAN_OBSERVATION,iNaturalist research-grade observations,50c9509d-22c7-4a22-a47d-8c48425ef4a7,http://creativecommons.org/licenses/by-nc/4.0/legalcode,,,,
gbif,2818658390,2020-07-15,2020,7,15,61.455396,28.169359,2660.0,HUMAN_OBSERVATION,iNaturalist research-grade observations,50c9509d-22c7-4a22-a47d-8c48425ef4a7,http://creativecommons.org/licenses/by-nc/4.0/legalcode,,,,
gbif,2818782523,2020-07-16,2020,7,16,60.268267,24.927075,,HUMAN_OBSERVATION,iNaturalist research-grade observations,50c9509d-22c7-4a22-a47d-8c48425ef4a7,http://creativecommons.org/licenses/by-nc/4.0/legalcode,,,,
gbif,2818819365,2020-07-15,2020,7,15,60.539292,24.26147,9.0,HUMAN_OBSERVATION,iNaturalist research-grade observations,50c9509d-22c7-4a22-a47d-8c48425ef4a7,http://creativecommons.org/licenses/by-nc/4.0/legalcode,,,,
gbif,2823091753,2020-07-12,2020,7,12,62.309186,29.695075,61.0,HUMAN_OBSERVATION,iNaturalist research-grade observations,50c9509d-22c7-4a22-a47d-8c48425ef4a7,http://creativecommons.org/licenses/by-nc/4.0/legalcode,,,,
gbif,2823113288,2020-07-21,2020,7,21,62.535679,26.066145,2609.0,HUMAN_OBSERVATION,iNaturalist research-grade observations,50c9509d-22c7-4a22-a47d-8c48425ef4a7,http://creativecommons.org/licenses/by-nc/4.0/legalcode,,,,
gbif,2823139866,2020-07-18,2020,7,18,61.639761,25.636696,9.0,HUMAN_OBSERVATION,iNaturalist research-grade observations,50c9509d-22c7-4a22-a47d-8c48425ef4a7,http://creativecommons.org/licenses/by/4.0/legalcode,,,,
gbif,2823199365,2020-07-21,2020,7,21,60.405037,24.75687,4.0,HUMAN_OBSERVATION,iNaturalist research-grade observations,50c9509d-22c7-4a22-a47d-8c48425ef4a7,http://creativecommons.org/licenses/by-nc/4.0/legalcode,,,,
gbif,2823333124,2020-07-20,2020,7,20,61.089723,22.176683,,HUMAN_OBSERVATION,iNaturalist research-grade observations,50c9509d-22c7-4a22-a47d-8c48425ef4a7,http://creativecommons.org/publicdomain/zero/1.0/legalcode,,,,
gbif,2823436380,2020-07-20,2020,7,20,60.258412,24.312694,349.0,HUMAN_OBSERVATION,iNaturalist research-grade observations,50c9509d-22c7-4a22-a47d-8c48425ef4a7,http://creativecommons.org/licenses/by-nc/4.0/legalcode,,,,
gbif,2823439409,2020-07-21,2020,7,21,60.234228,24.765285,,HUMAN_OBSERVATION,iNaturalist research-grade observations,50c9509d-22c7-4a22-a47d-8c48425ef4a7,http://creativecommons.org/licenses/by-nc/4.0/legalcode,,,,
gbif,2826184831,2020-07-24,2020,7,24,60.68013,24.990008,24760.0,HUMAN_OBSERVATION,iNaturalist research-grade observations,50c9509d-22c7-4a22-a47d-8c48425ef4a7,http://creativecommons.org/licenses/by-nc/4.0/legalcode,,,,
gbif,2826229771,2020-07-30,2020,7,30,61.213029,27.224297,32.0,HUMAN_OBSERVATION,iNaturalist research-grade observations,50c9509d-22c7-4a22-a47d-8c48425ef4a7,http://creativecommons.org/licenses/by-nc/4.0/legalcode,,,,
gbif,2826246984,2020-07-31,2020,7,31,61.96435,25.687488,16.0,HUMAN_OBSERVATION,iNaturalist research-grade observations,50c9509d-22c7-4a22-a47d-8c48425ef4a7,http://creativecommons.org/licenses/by-nc/4.0/legalcode,,,,
gbif,2826247344,2020-07-23,2020,7,23,60.660711,24.997415,24760.0,HUMAN_OBSERVATION,iNaturalist research-grade observations,50c9509d-22c7-4a22-a47d-8c48425ef4a7,http://creativecommons.org/licenses/by-nc/4.0/legalcode,,,,
gbif,2826263658,2020-07-13,2020,7,13,60.470429,21.970026,24790.0,HUMAN_OBSERVATION,iNaturalist research-grade observations,50c9509d-22c7-4a22-a47d-8c48425ef4a7,http://creativecommons.org/publicdomain/zero/1.0/legalcode,,,,
gbif,2826295080,2020-07-31,2020,7,31,60.745415,21.756152,488.0,HUMAN_OBSERVATION,iNaturalist research-grade observations,50c9509d-22c7-4a22-a47d-8c48425ef4a7,http://creativecommons.org/licenses/by/4.0/legalcode,,,,
gbif,2826300270,2020-07-27,2020,7,27,61.544528,21.605315,8.0,HUMAN_OBSERVATION,iNaturalist research-grade observations,50c9509d-22c7-4a22-a47d-8c48425ef4a7,http://creativecommons.org/licenses/by/4.0/legalcode,,,,
gbif,2826310251,2020-07-27,2020,7,27,62.165802,29.755933,4.0,HUMAN_OBSERVATION,iNaturalist research-grade observations,50c9509d-22c7-4a22-a47d-8c48425ef4a7,http://creativecommons.org/licenses/by-nc/4.0/legalcode,,,,
gbif,2826338851,2020-07-30,2020,7,30,60.223726,25.058377,1052.0,HUMAN_OBSERVATION,iNaturalist research-grade observations,50c9509d-22c7-4a22-a47d-8c48425ef4a7,http://creativecommons.org/licenses/by-nc/4.0/legalcode,,,,
gbif,2826428231,2020-07-26,2020,7,26,61.517672,23.620175,525.0,HUMAN_OBSERVATION,iNaturalist research-grade observations,50c9509d-22c7-4a22-a47d-8c48425ef4a7,http://creativecommons.org/licenses/by-nc/4.0/legalcode,,,,
gbif,2826461691,2020-07-30,2020,7,30,61.199803,25.435574,5.0,HUMAN_OBSERVATION,iNaturalist research-grade observations,50c9509d-22c7-4a22-a47d-8c48425ef4a7,http://creativecommons.org/licenses/by-nc/4.0/legalcode,,,,
gbif,2826469888,2020-07-31,2020,7,31,60.999511,27.38757,24730.0,HUMAN_OBSERVATION,iNaturalist research-grade observations,50c9509d-22c7-4a22-a47d-8c48425ef4a7,http://creativecommons.org/licenses/by-nc/4.0/legalcode,,,,
gbif,2826471857,2020-07-30,2020,7,30,60.6166,24.647283,24760.0,HUMAN_OBSERVATION,iNaturalist research-grade observations,50c9509d-22c7-4a22-a47d-8c48425ef4a7,http://creativecommons.org/licenses/by-nc/4.0/legalcode,,,,
gbif,2826510388,2020-07-27,2020,7,27,61.52941,27.980295,24641.0,HUMAN_OBSERVATION,iNaturalist research-grade observations,50c9509d-22c7-4a22-a47d-8c48425ef4a7,http://creativecommons.org/licenses/by-nc/4.0/legalcode,,,,
gbif,2826519474,2020-07-28,2020,7,28,61.59323,27.227546,24641.0,HUMAN_OBSERVATION,iNaturalist research-grade observations,50c9509d-22c7-4a22-a47d-8c48425ef4a7,http://creativecommons.org/licenses/by-nc/4.0/legalcode,,,,
gbif,2981029410,2020-07-26,2020,7,26,60.798637,24.461652,10.0,HUMAN_OBSERVATION,iNaturalist research-grade observations,50c9509d-22c7-4a22-a47d-8c48425ef4a7,http://creativecommons.org/licenses/by-nc/4.0/legalcode,,,,
gbif,2988281573,2020-07-22,2020,7,22,60.403097,22.311314,,HUMAN_OBSERVATION,iNaturalist research-grade observations,50c9509d-22c7-4a22-a47d-8c48425ef4a7,http://creativecommons.org/licenses/by-nc/4.0/legalcode,,,,
gbif,2988364556,2020-07-12,2020,7,12,60.324712,25.901912,,HUMAN_OBSERVATION,iNaturalist research-grade observations,50c9509d-22c7-4a22-a47d-8c48425ef4a7,http://creativecommons.org/licenses/by-nc/4.0/legalcode,,,,
gbif,2988507549,2020-07-16,2020,7,16,60.38941,24.758477,16.0,HUMAN_OBSERVATION,iNaturalist research-grade observations,50c9509d-22c7-4a22-a47d-8c48425ef4a7,http://creativecommons.org/licenses/by-nc/4.0/legalcode,,,,
gbif,3068019830,2020-07-24,2020,7,24,63.251794,30.398494,1953.0,HUMAN_OBSERVATION,iNaturalist research-grade observations,50c9509d-22c7-4a22-a47d-8c48425ef4a7,http://creativecommons.org/licenses/by-nc/4.0/legalcode,,,,
gbif,3112786764,2020-07-12,2020,7,12,61.014131,24.439408,16.0,HUMAN_OBSERVATION,iNaturalist research-grade observations,50c9509d-22c7-4a22-a47d-8c48425ef4a7,http://creativecommons.org/licenses/by-nc/4.0/legalcode,,,,
gbif,3117846376,2020-07-22,2020,7,22,59.845887,23.119782,8.0,HUMAN_OBSERVATION,iNaturalist research-grade observations,50c9509d-22c7-4a22-a47d-8c48425ef4a7,http://creativecommons.org/licenses/by/4.0/legalcode,,,,
gbif,3441130794,2020-07-24,2020,7,24,60.354832,25.723414,1.0,MACHINE_OBSERVATION,The Atlas of Finnish Fungi,2bc4c2db-1dfa-419c-93ce-6602c5ae8c99,http://creativecommons.org/licenses/by/4.0/legalcode,Stensböle,,,
gbif,3441131301,2020-07-15,2020,7,15,60.236234,25.162512,1.0,MACHINE_OBSERVATION,The Atlas of Finnish Fungi,2bc4c2db-1dfa-419c-93ce-6602c5ae8c99,http://creativecommons.org/licenses/by/4.0/legalcode,Labbacka,,,
gbif,3441142406,2020-07-24,2020,7,24,65.284369,28.367788,1000.0,MACHINE_OBSERVATION,The Atlas of Finnish Fungi,2bc4c2db-1dfa-419c-93ce-6602c5ae8c99,http://creativecommons.org/licenses/by/4.0/legalcode,Kissankulma,,,
gbif,3441148150,2020-07-30,2020,7,30,60.529632,24.397064,1.0,MACHINE_OBSERVATION,The Atlas of Finnish Fungi,2bc4c2db-1dfa-419c-93ce-6602c5ae8c99,http://creativecommons.org/licenses/by/4.0/legalcode,Iilammi,,,
gbif,3441149746,2020-07-28,2020,7,28,60.931786,23.1245,1000.0,MACHINE_OBSERVATION,The Atlas of Finnish Fungi,2bc4c2db-1dfa-419c-93ce-6602c5ae8c99,http://creativecommons.org/licenses/by/4.0/legalcode,"Loimaa, Metsämaa",,,
gbif,3441156193,2020-07-29,2020,7,29,62.683582,29.781865,1000.0,MACHINE_OBSERVATION,The Atlas of Finnish Fungi,2bc4c2db-1dfa-419c-93ce-6602c5ae8c99,http://creativecommons.org/licenses/by/4.0/legalcode,"Lehmo, Palokangas",,kuiva mäntykangas,
gbif,3441159676,2020-07-28,2020,7,28,60.522435,24.474375,1.0,MACHINE_OBSERVATION,The Atlas of Finnish Fungi,2bc4c2db-1dfa-419c-93ce-6602c5ae8c99,http://creativecommons.org/licenses/by/4.0/legalcode,Hiukkalammi,,,
gbif,3441161278,2020-07-16,2020,7,16,60.271014,25.208065,1.0,MACHINE_OBSERVATION,The Atlas of Finnish Fungi,2bc4c2db-1dfa-419c-93ce-6602c5ae8c99,http://creativecommons.org/licenses/by/4.0/legalcode,Landbo,,,
gbif,3441165332,2020-07-02,2020,7,2,60.23592,25.026718,1.0,HUMAN_OBSERVATION,The Atlas of Finnish Fungi,2bc4c2db-1dfa-419c-93ce-6602c5ae8c99,http://creativecommons.org/licenses/by/4.0/legalcode,,,Lehtomainen puisto,
gbif,3441172299,2020-07-12,2020,7,,60.529244,24.569349,1000.0,MACHINE_OBSERVATION,The Atlas of Finnish Fungi,2bc4c2db-1dfa-419c-93ce-6602c5ae8c99,http://creativecommons.org/licenses/by/4.0/legalcode,Pyyniemi,,,
gbif,3441174450,2020-07-22,2020,7,22,60.508052,26.538301,1.0,MACHINE_OBSERVATION,The Atlas of Finnish Fungi,2bc4c2db-1dfa-419c-93ce-6602c5ae8c99,http://creativecommons.org/licenses/by/4.0/legalcode,Stockfors,,Lehmäkalliontien jatkeen vasemmalla puolella kumpareella,
gbif,3441180225,2020-07-14,2020,7,14,60.529384,24.566513,100.0,MACHINE_OBSERVATION,The Atlas of Finnish Fungi,2bc4c2db-1dfa-419c-93ce-6602c5ae8c99,http://creativecommons.org/licenses/by/4.0/legalcode,"Pyyniemi, Vihtijärvi",,,
gbif,3441180419,2020-07-10,2020,7,10,61.686498,27.559118,1.0,MACHINE_OBSERVATION,The Atlas of Finnish Fungi,2bc4c2db-1dfa-419c-93ce-6602c5ae8c99,http://creativecommons.org/licenses/by/4.0/legalcode,,,,
gbif,3441185955,2020-07-07,2020,7,7,60.722862,24.848895,1.0,MACHINE_OBSERVATION,The Atlas of Finnish Fungi,2bc4c2db-1dfa-419c-93ce-6602c5ae8c99,http://creativecommons.org/licenses/by/4.0/legalcode,"Vantaa, Suonummi",Keywords: { yksilajipäivässä | tontinmonimuotoisuus },"Osittain metsäinen omakotitontti, jossa vanha, niittynä hoidettu pelto ja vanha puutarha. Hiekkamaa. Oman tontin lajistokartoitus.",
gbif,3441215308,2020-07-07,2020,7,7,60.205865,25.17155,1.0,MACHINE_OBSERVATION,The Atlas of Finnish Fungi,2bc4c2db-1dfa-419c-93ce-6602c5ae8c99,http://creativecommons.org/licenses/by/4.0/legalcode,Uutela,,,
gbif,3447973820,2020-07-07,2020,7,7,62.237347,27.425939,1000.0,HUMAN_OBSERVATION,"Notebook, general observations",df12ca07-f133-4550-ab3b-fde13f0e76ba,http://creativecommons.org/licenses/by/4.0/legalcode,"Kangaslahti, Maavesi",,,
gbif,3447979821,2020-07-22,2020,7,22,61.96519,25.690001,1000.0,HUMAN_OBSERVATION,"Notebook, general observations",df12ca07-f133-4550-ab3b-fde13f0e76ba,http://creativecommons.org/licenses/by/4.0/legalcode,,,,
gbif,3448251234,2020-07-23,2020,7,23,61.874816,28.893617,1000.0,HUMAN_OBSERVATION,"Notebook, general observations",df12ca07-f133-4550-ab3b-fde13f0e76ba,http://creativecommons.org/licenses/by/4.0/legalcode,,,,
gbif,3448973037,2020-07-23,2020,7,23,61.874272,28.893729,1000.0,HUMAN_OBSERVATION,"Notebook, general observations",df12ca07-f133-4550-ab3b-fde13f0e76ba,http://creativecommons.org/licenses/by/4.0/legalcode,Sulosaari,,,
gbif,3448975506,2020-07-11,2020,7,11,62.217718,24.711761,1.0,HUMAN_OBSERVATION,"Notebook, general observations",df12ca07-f133-4550-ab3b-fde13f0e76ba,http://creativecommons.org/licenses/by/4.0/legalcode,"Manniskylä, Hirvenlahti",,,
gbif,3449167694,2020-07-30,2020,7,30,60.124007,23.520115,100.0,HUMAN_OBSERVATION,"Notebook, general observations",df12ca07-f133-4550-ab3b-fde13f0e76ba,http://creativecommons.org/licenses/by/4.0/legalcode,"Pohja, Konkakumpu",,,
gbif,3453920953,2020-07-01,2020,7,1,61.196636,25.110619,1.0,HUMAN_OBSERVATION,Löydös Open Finnish Observation Database,956bc674-6022-4c52-833e-c5fb39dc837a,http://creativecommons.org/licenses/by/4.0/legalcode,,,,
gbif,3453925030,2020-07-10,2020,7,10,60.415996,24.387556,50000.0,HUMAN_OBSERVATION,Löydös Open Finnish Observation Database,956bc674-6022-4c52-833e-c5fb39dc837a,http://creativecommons.org/licenses/by/4.0/legalcode,Nummela/lankila,,,
gbif,4078168682,2020-07-04,2020,7,4,60.084595,24.596891,1000.0,MACHINE_OBSERVATION,The Atlas of Finnish Fungi,2bc4c2db-1dfa-419c-93ce-6602c5ae8c99,http://creativecommons.org/licenses/by/4.0/legalcode,Dåvits,,"Metsälaidun jossa rantaluhtaa, niittyä ja kuusivaltaista metsää.",
gbif,5076752448,2020-07-25,2020,7,25,60.760514,24.797185,263.0,HUMAN_OBSERVATION,iNaturalist research-grade observations,50c9509d-22c7-4a22-a47d-8c48425ef4a7,http://creativecommons.org/licenses/by-nc/4.0/legalcode,,,,
gbif,5076775434,2020-07-10,2020,7,10,61.96441,29.523337,24.0,HUMAN_OBSERVATION,iNaturalist research-grade observations,50c9509d-22c7-4a22-a47d-8c48425ef4a7,http://creativecommons.org/licenses/by-nc/4.0/legalcode,,,,
gbif,5176435319,2020-07-14,2020,7,14,61.664253,27.270152,3.0,HUMAN_OBSERVATION,iNaturalist research-grade observations,50c9509d-22c7-4a22-a47d-8c48425ef4a7,http://creativecommons.org/licenses/by-nc/4.0/legalcode,,,,
gbif,5176550321,2020-07-28,2020,7,28,61.506503,27.284818,104.0,HUMAN_OBSERVATION,iNaturalist research-grade observations,50c9509d-22c7-4a22-a47d-8c48425ef4a7,http://creativecommons.org/licenses/by-nc/4.0/legalcode,,,,
gbif,5177239323,2020-07-25,2020,7,25,61.50675,27.284585,3.0,HUMAN_OBSERVATION,iNaturalist research-grade observations,50c9509d-22c7-4a22-a47d-8c48425ef4a7,http://creativecommons.org/licenses/by-nc/4.0/legalcode,,,,
gbif,5188283713,2020-07-30,2020,7,30,61.888434,27.875559,1026.0,HUMAN_OBSERVATION,iNaturalist research-grade observations,50c9509d-22c7-4a22-a47d-8c48425ef4a7,http://creativecommons.org/licenses/by-nc/4.0/legalcode,,,,
gbif,6159596374,2020-07-14,2020,7,14,60.328533,24.825102,,HUMAN_OBSERVATION,iNaturalist research-grade observations,50c9509d-22c7-4a22-a47d-8c48425ef4a7,http://creativecommons.org/licenses/by-nc/4.0/legalcode,,,,
gbif,2826220172,2020-08-02,2020,8,2,60.757868,24.909595,9.0,HUMAN_OBSERVATION,iNaturalist research-grade observations,50c9509d-22c7-4a22-a47d-8c48425ef4a7,http://creativecommons.org/licenses/by-nc/4.0/legalcode,,,,
gbif,2826221031,2020-08-01,2020,8,1,61.28196,24.568529,433.0,HUMAN_OBSERVATION,iNaturalist research-grade observations,50c9509d-22c7-4a22-a47d-8c48425ef4a7,http://creativecommons.org/licenses/by-nc/4.0/legalcode,,,,
gbif,2826247159,2020-08-01,2020,8,1,61.212863,28.723692,30.0,HUMAN_OBSERVATION,iNaturalist research-grade observations,50c9509d-22c7-4a22-a47d-8c48425ef4a7,http://creativecommons.org/publicdomain/zero/1.0/legalcode,,,,
gbif,2826303182,2020-08-02,2020,8,2,60.999258,24.420833,,HUMAN_OBSERVATION,iNaturalist research-grade observations,50c9509d-22c7-4a22-a47d-8c48425ef4a7,http://creativecommons.org/licenses/by-nc/4.0/legalcode,,,,
gbif,2826335183,2020-08-02,2020,8,2,61.281773,24.572136,32.0,HUMAN_OBSERVATION,iNaturalist research-grade observations,50c9509d-22c7-4a22-a47d-8c48425ef4a7,http://creativecommons.org/licenses/by-nc/4.0/legalcode,,,,
gbif,2826525026,2020-08-01,2020,8,1,62.486989,23.677933,,HUMAN_OBSERVATION,iNaturalist research-grade observations,50c9509d-22c7-4a22-a47d-8c48425ef4a7,http://creativecommons.org/licenses/by-nc/4.0/legalcode,,,,
gbif,2850542054,2020-08-03,2020,8,3,60.815735,24.774582,20.0,HUMAN_OBSERVATION,iNaturalist research-grade observations,50c9509d-22c7-4a22-a47d-8c48425ef4a7,http://creativecommons.org/licenses/by-nc/4.0/legalcode,,,,
gbif,2850675500,2020-08-12,2020,8,12,60.335556,24.642221,,HUMAN_OBSERVATION,iNaturalist research-grade observations,50c9509d-22c7-4a22-a47d-8c48425ef4a7,http://creativecommons.org/licenses/by-nc/4.0/legalcode,,,,
gbif,2850677420,2020-08-05,2020,8,5,60.443207,24.29234,24790.0,HUMAN_OBSERVATION,iNaturalist research-grade observations,50c9509d-22c7-4a22-a47d-8c48425ef4a7,http://creativecommons.org/licenses/by-nc/4.0/legalcode,,,,
gbif,2850702169,2020-08-10,2020,8,10,62.666053,29.631813,74.0,HUMAN_OBSERVATION,iNaturalist research-grade observations,50c9509d-22c7-4a22-a47d-8c48425ef4a7,http://creativecommons.org/licenses/by-nc/4.0/legalcode,,,,
gbif,2850715583,2020-08-06,2020,8,6,62.593125,26.735299,1020.0,HUMAN_OBSERVATION,iNaturalist research-grade observations,50c9509d-22c7-4a22-a47d-8c48425ef4a7,http://creativecommons.org/licenses/by-nc/4.0/legalcode,,,,
gbif,2850766407,2020-08-05,2020,8,5,60.295645,25.156733,16.0,HUMAN_OBSERVATION,iNaturalist research-grade observations,50c9509d-22c7-4a22-a47d-8c48425ef4a7,http://creativecommons.org/licenses/by/4.0/legalcode,,,,
gbif,2850769533,2020-08-06,2020,8,6,62.593125,26.735299,1020.0,HUMAN_OBSERVATION,iNaturalist research-grade observations,50c9509d-22c7-4a22-a47d-8c48425ef4a7,http://creativecommons.org/licenses/by-nc/4.0/legalcode,,,,
gbif,2850771890,2020-08-15,2020,8,15,60.269874,24.930014,61.0,HUMAN_OBSERVATION,iNaturalist research-grade observations,50c9509d-22c7-4a22-a47d-8c48425ef4a7,http://creativecommons.org/licenses/by-nc/4.0/legalcode,,,,
gbif,2850905876,2020-08-15,2020,8,15,60.272617,25.118711,,HUMAN_OBSERVATION,iNaturalist research-grade observations,50c9509d-22c7-4a22-a47d-8c48425ef4a7,http://creativecommons.org/licenses/by-nc/4.0/legalcode,,,,
gbif,2850948018,2020-08-03,2020,8,3,62.980035,26.827982,24438.0,HUMAN_OBSERVATION,iNaturalist research-grade observations,50c9509d-22c7-4a22-a47d-8c48425ef4a7,http://creativecommons.org/licenses/by-nc/4.0/legalcode,,,,
gbif,2851020040,2020-08-03,2020,8,3,61.12161,28.45088,19.0,HUMAN_OBSERVATION,iNaturalist research-grade observations,50c9509d-22c7-4a22-a47d-8c48425ef4a7,http://creativecommons.org/licenses/by-nc/4.0/legalcode,,,,
gbif,2851043106,2020-08-10,2020,8,10,61.698032,27.423693,26.0,HUMAN_OBSERVATION,iNaturalist research-grade observations,50c9509d-22c7-4a22-a47d-8c48425ef4a7,http://creativecommons.org/licenses/by-nc/4.0/legalcode,,,,
gbif,2851049211,2020-08-10,2020,8,10,60.740481,24.760298,5.0,HUMAN_OBSERVATION,iNaturalist research-grade observations,50c9509d-22c7-4a22-a47d-8c48425ef4a7,http://creativecommons.org/licenses/by-nc/4.0/legalcode,,,,
gbif,2851060705,2020-08-07,2020,8,7,61.269242,24.702306,3099.0,HUMAN_OBSERVATION,iNaturalist research-grade observations,50c9509d-22c7-4a22-a47d-8c48425ef4a7,http://creativecommons.org/licenses/by-nc/4.0/legalcode,,,,
gbif,2851149905,2020-08-15,2020,8,15,60.370445,25.077492,30.0,HUMAN_OBSERVATION,iNaturalist research-grade observations,50c9509d-22c7-4a22-a47d-8c48425ef4a7,http://creativecommons.org/licenses/by-nc/4.0/legalcode,,,,
gbif,2856537205,2020-08-23,2020,8,23,61.418333,22.641944,,HUMAN_OBSERVATION,iNaturalist research-grade observations,50c9509d-22c7-4a22-a47d-8c48425ef4a7,http://creativecommons.org/licenses/by/4.0/legalcode,,,,
gbif,2860160871,2020-08-30,2020,8,30,60.231034,25.161809,3.0,HUMAN_OBSERVATION,iNaturalist research-grade observations,50c9509d-22c7-4a22-a47d-8c48425ef4a7,http://creativecommons.org/licenses/by-nc/4.0/legalcode,,,,
gbif,3333249747,2020-08-01,2020,8,1,61.109169,25.933834,,HUMAN_OBSERVATION,iNaturalist research-grade observations,50c9509d-22c7-4a22-a47d-8c48425ef4a7,http://creativecommons.org/licenses/by-nc/4.0/legalcode,,,,
gbif,3441128221,2020-08-11,2020,8,11,60.529177,24.902201,10000.0,HUMAN_OBSERVATION,The Atlas of Finnish Fungi,2bc4c2db-1dfa-419c-93ce-6602c5ae8c99,http://creativecommons.org/licenses/by/4.0/legalcode,,,,
gbif,3441133016,2020-08-05,2020,8,,61.457,23.813,1.0,MACHINE_OBSERVATION,The Atlas of Finnish Fungi,2bc4c2db-1dfa-419c-93ce-6602c5ae8c99,http://creativecommons.org/licenses/by/4.0/legalcode,Lahdesjärvi,,,
gbif,3441134928,2020-08-29,2020,8,29,60.466393,25.190556,1.0,MACHINE_OBSERVATION,The Atlas of Finnish Fungi,2bc4c2db-1dfa-419c-93ce-6602c5ae8c99,http://creativecommons.org/licenses/by/4.0/legalcode,Paippinen,,,
gbif,3441146409,2020-08-24,2020,8,24,60.52942,24.559522,1000.0,MACHINE_OBSERVATION,The Atlas of Finnish Fungi,2bc4c2db-1dfa-419c-93ce-6602c5ae8c99,http://creativecommons.org/licenses/by/4.0/legalcode,Laihue,,,
gbif,3441151421,2020-08-26,2020,8,26,60.439377,23.041112,100.0,MACHINE_OBSERVATION,The Atlas of Finnish Fungi,2bc4c2db-1dfa-419c-93ce-6602c5ae8c99,http://creativecommons.org/licenses/by/4.0/legalcode,"Halikko, Märynummi, Sairaala",,,
gbif,3441156330,2020-08-10,2020,8,10,62.39272,28.81387,1.0,MACHINE_OBSERVATION,The Atlas of Finnish Fungi,2bc4c2db-1dfa-419c-93ce-6602c5ae8c99,http://creativecommons.org/licenses/by/4.0/legalcode,"Kerma, Valkeinen",,Valkeisen pohjoispuoli,
gbif,3441156738,2020-08-26,2020,8,26,60.496386,23.066482,100.0,HUMAN_OBSERVATION,The Atlas of Finnish Fungi,2bc4c2db-1dfa-419c-93ce-6602c5ae8c99,http://creativecommons.org/licenses/by/4.0/legalcode,"Halikko, Kierla, Päivölä",,,
gbif,3441161642,2020-08-24,2020,8,24,66.711362,25.881263,1000.0,PRESERVED_SPECIMEN,The Atlas of Finnish Fungi,2bc4c2db-1dfa-419c-93ce-6602c5ae8c99,http://creativecommons.org/licenses/by/4.0/legalcode,"Toramoselkä, Otusvuoma",,"Mänty, kuusi metsikköä. Vaihtelevaa aluetta",
gbif,3441164741,2020-08-15,2020,8,15,60.532473,24.500693,100.0,MACHINE_OBSERVATION,The Atlas of Finnish Fungi,2bc4c2db-1dfa-419c-93ce-6602c5ae8c99,http://creativecommons.org/licenses/by/4.0/legalcode,Pilliniittu,,,
gbif,3441167975,2020-08-07,2020,8,7,62.305666,29.559183,100.0,MACHINE_OBSERVATION,The Atlas of Finnish Fungi,2bc4c2db-1dfa-419c-93ce-6602c5ae8c99,http://creativecommons.org/licenses/by/4.0/legalcode,,,,
gbif,3441171059,2020-08-23,2020,8,23,61.96701,28.998692,10000.0,HUMAN_OBSERVATION,The Atlas of Finnish Fungi,2bc4c2db-1dfa-419c-93ce-6602c5ae8c99,http://creativecommons.org/licenses/by/4.0/legalcode,,,,
gbif,3441171737,2020-08-12,2020,8,12,60.218919,25.134597,1.0,MACHINE_OBSERVATION,The Atlas of Finnish Fungi,2bc4c2db-1dfa-419c-93ce-6602c5ae8c99,http://creativecommons.org/licenses/by/4.0/legalcode,Vuosaari,,,
gbif,3441173626,2020-08-13,2020,8,13,62.103702,30.261021,1000.0,MACHINE_OBSERVATION,The Atlas of Finnish Fungi,2bc4c2db-1dfa-419c-93ce-6602c5ae8c99,http://creativecommons.org/licenses/by/4.0/legalcode,Potoskavaara,,,
gbif,3441175546,2020-08-25,2020,8,25,66.4996,25.760908,1000.0,MACHINE_OBSERVATION,The Atlas of Finnish Fungi,2bc4c2db-1dfa-419c-93ce-6602c5ae8c99,http://creativecommons.org/licenses/by/4.0/legalcode,Ounasvaara,Vain tämä yksi,Lounaisrinne,
gbif,3441175659,2020-08-05,2020,8,5,65.26602,28.422309,5000.0,MACHINE_OBSERVATION,The Atlas of Finnish Fungi,2bc4c2db-1dfa-419c-93ce-6602c5ae8c99,http://creativecommons.org/licenses/by/4.0/legalcode,,,,
gbif,3441187858,2020-08-03,2020,8,3,59.937006,23.188349,1000.0,MACHINE_OBSERVATION,The Atlas of Finnish Fungi,2bc4c2db-1dfa-419c-93ce-6602c5ae8c99,http://creativecommons.org/licenses/by/4.0/legalcode,Öby,,,
gbif,3441188633,2020-08-21,2020,8,21,62.478546,27.815244,1000.0,MACHINE_OBSERVATION,The Atlas of Finnish Fungi,2bc4c2db-1dfa-419c-93ce-6602c5ae8c99,http://creativecommons.org/licenses/by/4.0/legalcode,Ukonniemi,,,
gbif,3441192444,2020-08-13,2020,8,13,62.263135,25.697528,100.0,MACHINE_OBSERVATION,The Atlas of Finnish Fungi,2bc4c2db-1dfa-419c-93ce-6602c5ae8c99,http://creativecommons.org/licenses/by/4.0/legalcode,Haukkala,,,
gbif,3441192543,2020-08-14,2020,8,14,62.3233,26.3865,1.0,MACHINE_OBSERVATION,The Atlas of Finnish Fungi,2bc4c2db-1dfa-419c-93ce-6602c5ae8c99,http://creativecommons.org/licenses/by/4.0/legalcode,Juhannusmäki,,,
gbif,3441195750,2020-08-12,2020,8,12,59.965481,23.684088,10000.0,HUMAN_OBSERVATION,The Atlas of Finnish Fungi,2bc4c2db-1dfa-419c-93ce-6602c5ae8c99,http://creativecommons.org/licenses/by/4.0/legalcode,,,,
gbif,3441196819,2020-08-01,2020,8,1,60.36291,24.483474,1000.0,MACHINE_OBSERVATION,The Atlas of Finnish Fungi,2bc4c2db-1dfa-419c-93ce-6602c5ae8c99,http://creativecommons.org/licenses/by/4.0/legalcode,Salmi,,,
gbif,3441205456,2020-08-05,2020,8,5,60.227353,25.17222,1.0,MACHINE_OBSERVATION,The Atlas of Finnish Fungi,2bc4c2db-1dfa-419c-93ce-6602c5ae8c99,http://creativecommons.org/licenses/by/4.0/legalcode,Tryvik,,,
gbif,3441205531,2020-08-13,2020,8,13,60.209742,25.175901,1.0,MACHINE_OBSERVATION,The Atlas of Finnish Fungi,2bc4c2db-1dfa-419c-93ce-6602c5ae8c99,http://creativecommons.org/licenses/by/4.0/legalcode,Vuosaari,,,
gbif,3441207423,2020-08-02,2020,8,2,60.21295,24.974184,1.0,MACHINE_OBSERVATION,The Atlas of Finnish Fungi,2bc4c2db-1dfa-419c-93ce-6602c5ae8c99,http://creativecommons.org/licenses/by/4.0/legalcode,Annala,,,
gbif,3441214374,2020-08-15,2020,8,15,60.830126,24.409154,1000.0,MACHINE_OBSERVATION,The Atlas of Finnish Fungi,2bc4c2db-1dfa-419c-93ce-6602c5ae8c99,http://creativecommons.org/licenses/by/4.0/legalcode,"Kaloinen, Renko",Kaksi pientä kasvustoa.,,
gbif,3441215185,2020-08-29,2020,8,29,60.609995,22.835816,10.0,MACHINE_OBSERVATION,The Atlas of Finnish Fungi,2bc4c2db-1dfa-419c-93ce-6602c5ae8c99,http://creativecommons.org/licenses/by/4.0/legalcode,Hyypperönoja,,,
gbif,3441215538,2020-08-25,2020,8,25,60.447279,24.980528,1.0,MACHINE_OBSERVATION,The Atlas of Finnish Fungi,2bc4c2db-1dfa-419c-93ce-6602c5ae8c99,http://creativecommons.org/licenses/by/4.0/legalcode,"Kolistimenmäki, kolistimensyrjä",Keywords: { 20200825_02 },kesäloma-asuntotontti,
gbif,3447975952,2020-08-01,2020,8,1,61.418497,26.872084,1.0,MACHINE_OBSERVATION,"Notebook, general observations",df12ca07-f133-4550-ab3b-fde13f0e76ba,http://creativecommons.org/licenses/by/4.0/legalcode,,,,
gbif,3448242181,2020-08-02,2020,8,2,62.565454,28.676761,100.0,HUMAN_OBSERVATION,"Notebook, general observations",df12ca07-f133-4550-ab3b-fde13f0e76ba,http://creativecommons.org/licenses/by/4.0/legalcode,"Varistaipale, Taivallahden kanava",,Kanavaa reunustava nurmikkoalue,
gbif,3448258287,2020-08-07,2020,8,7,62.54551,28.637977,1000.0,HUMAN_OBSERVATION,"Notebook, general observations",df12ca07-f133-4550-ab3b-fde13f0e76ba,http://creativecommons.org/licenses/by/4.0/legalcode,"Varistaipale, Varistaipaleen kanava",,Kanavan puistonurmikkoalueet tien eteläpuolella,
gbif,3448971359,2020-08-06,2020,8,6,62.576424,28.644416,100.0,HUMAN_OBSERVATION,"Notebook, general observations",df12ca07-f133-4550-ab3b-fde13f0e76ba,http://creativecommons.org/licenses/by/4.0/legalcode,Levonmäki,,,
gbif,3448994326,2020-08-04,2020,8,4,62.54743,28.639191,1.0,HUMAN_OBSERVATION,"Notebook, general observations",df12ca07-f133-4550-ab3b-fde13f0e76ba,http://creativecommons.org/licenses/by/4.0/legalcode,"Varistaipale, Varistaipaleen kanava",,,
gbif,3453900559,2020-08-08,2020,8,8,61.248368,26.157375,50000.0,HUMAN_OBSERVATION,Löydös Open Finnish Observation Database,956bc674-6022-4c52-833e-c5fb39dc837a,http://creativecommons.org/licenses/by/4.0/legalcode,,,"Ikääntynyt sieni, jonka lakissa kasvaa toinen pieni keltavahvero.",
gbif,3453902589,2020-08-12,2020,8,12,61.960915,23.76015,1.0,HUMAN_OBSERVATION,Löydös Open Finnish Observation Database,956bc674-6022-4c52-833e-c5fb39dc837a,http://creativecommons.org/licenses/by/4.0/legalcode,"Kuru, kuusitaipaleentie",,,
gbif,3453911329,2020-08-30,2020,8,30,62.895319,27.427152,1.0,HUMAN_OBSERVATION,Löydös Open Finnish Observation Database,956bc674-6022-4c52-833e-c5fb39dc837a,http://creativecommons.org/licenses/by/4.0/legalcode,,,,
gbif,3453922520,2020-08-27,2020,8,27,63.294789,27.46422,1.0,HUMAN_OBSERVATION,Löydös Open Finnish Observation Database,956bc674-6022-4c52-833e-c5fb39dc837a,http://creativecommons.org/licenses/by/4.0/legalcode,,,,
gbif,3453924323,2020-08-03,2020,8,3,66.769398,23.952149,1.0,HUMAN_OBSERVATION,Löydös Open Finnish Observation Database,956bc674-6022-4c52-833e-c5fb39dc837a,http://creativecommons.org/licenses/by/4.0/legalcode,Kylävaara,,"Vaaranrinteessä, mäntymetsää, muutama kuusi ympärillä, porojen polun varrella.",
gbif,5076735432,2020-08-05,2020,8,5,60.240418,25.125134,8.0,HUMAN_OBSERVATION,iNaturalist research-grade observations,50c9509d-22c7-4a22-a47d-8c48425ef4a7,http://creativecommons.org/licenses/by-nc/4.0/legalcode,,,,
gbif,2862338890,2020-09-06,2020,9,6,60.35398,25.071039,5.0,HUMAN_OBSERVATION,iNaturalist research-grade observations,50c9509d-22c7-4a22-a47d-8c48425ef4a7,http://creativecommons.org/licenses/by-nc/4.0/legalcode,,,,
gbif,2862379746,2020-09-05,2020,9,5,61.522049,22.618346,20.0,HUMAN_OBSERVATION,iNaturalist research-grade observations,50c9509d-22c7-4a22-a47d-8c48425ef4a7,http://creativecommons.org/licenses/by-nc/4.0/legalcode,,,,
gbif,2862382097,2020-09-06,2020,9,6,61.655935,26.054637,,HUMAN_OBSERVATION,iNaturalist research-grade observations,50c9509d-22c7-4a22-a47d-8c48425ef4a7,http://creativecommons.org/licenses/by/4.0/legalcode,,,,
gbif,2862428735,2020-09-05,2020,9,5,61.475143,23.344778,64.0,HUMAN_OBSERVATION,iNaturalist research-grade observations,50c9509d-22c7-4a22-a47d-8c48425ef4a7,http://creativecommons.org/licenses/by-nc/4.0/legalcode,,,,
gbif,2862452118,2020-09-05,2020,9,5,61.627881,26.146763,24612.0,HUMAN_OBSERVATION,iNaturalist research-grade observations,50c9509d-22c7-4a22-a47d-8c48425ef4a7,http://creativecommons.org/licenses/by/4.0/legalcode,,,,
gbif,2862495700,2020-09-05,2020,9,5,61.223907,21.728789,831.0,HUMAN_OBSERVATION,iNaturalist research-grade observations,50c9509d-22c7-4a22-a47d-8c48425ef4a7,http://creativecommons.org/licenses/by-nc/4.0/legalcode,,,,
gbif,2862508426,2020-09-10,2020,9,10,60.446476,24.742256,128.0,HUMAN_OBSERVATION,iNaturalist research-grade observations,50c9509d-22c7-4a22-a47d-8c48425ef4a7,http://creativecommons.org/licenses/by-nc/4.0/legalcode,,,,
gbif,2862547947,2020-09-06,2020,9,6,60.479772,22.321652,740.0,HUMAN_OBSERVATION,iNaturalist research-grade observations,50c9509d-22c7-4a22-a47d-8c48425ef4a7,http://creativecommons.org/licenses/by-nc/4.0/legalcode,,,,
gbif,2862581927,2020-09-01,2020,9,1,60.618935,25.245415,2064.0,HUMAN_OBSERVATION,iNaturalist research-grade observations,50c9509d-22c7-4a22-a47d-8c48425ef4a7,http://creativecommons.org/licenses/by-nc/4.0/legalcode,,,,
gbif,2864646998,2020-09-14,2020,9,14,60.531901,24.185498,4.0,HUMAN_OBSERVATION,iNaturalist research-grade observations,50c9509d-22c7-4a22-a47d-8c48425ef4a7,http://creativecommons.org/licenses/by-nc/4.0/legalcode,,,,
gbif,2864747230,2020-09-13,2020,9,13,60.453456,25.027008,11.0,HUMAN_OBSERVATION,iNaturalist research-grade observations,50c9509d-22c7-4a22-a47d-8c48425ef4a7,http://creativecommons.org/licenses/by-nc/4.0/legalcode,,,,
gbif,2864830378,2020-09-14,2020,9,14,60.066295,22.760895,8.0,HUMAN_OBSERVATION,iNaturalist research-grade observations,50c9509d-22c7-4a22-a47d-8c48425ef4a7,http://creativecommons.org/licenses/by-nc/4.0/legalcode,,,,
gbif,2864843366,2020-09-14,2020,9,14,61.698422,27.413257,896.0,HUMAN_OBSERVATION,iNaturalist research-grade observations,50c9509d-22c7-4a22-a47d-8c48425ef4a7,http://creativecommons.org/licenses/by-nc/4.0/legalcode,,,,
gbif,2868110729,2020-09-21,2020,9,21,60.527613,24.18611,33.0,HUMAN_OBSERVATION,iNaturalist research-grade observations,50c9509d-22c7-4a22-a47d-8c48425ef4a7,http://creativecommons.org/licenses/by-nc/4.0/legalcode,,,,
gbif,2868220928,2020-09-19,2020,9,19,59.969412,23.763388,9.0,HUMAN_OBSERVATION,iNaturalist research-grade observations,50c9509d-22c7-4a22-a47d-8c48425ef4a7,http://creativecommons.org/licenses/by-nc/4.0/legalcode,,,,
gbif,2868253919,2020-09-21,2020,9,21,60.600795,24.017216,17.0,HUMAN_OBSERVATION,iNaturalist research-grade observations,50c9509d-22c7-4a22-a47d-8c48425ef4a7,http://creativecommons.org/licenses/by-nc/4.0/legalcode,,,,
gbif,2868262719,2020-09-20,2020,9,20,62.286269,28.078351,9.0,HUMAN_OBSERVATION,iNaturalist research-grade observations,50c9509d-22c7-4a22-a47d-8c48425ef4a7,http://creativecommons.org/licenses/by-nc/4.0/legalcode,,,,
gbif,2868336074,2020-09-20,2020,9,20,60.298831,24.369404,20.0,HUMAN_OBSERVATION,iNaturalist research-grade observations,50c9509d-22c7-4a22-a47d-8c48425ef4a7,http://creativecommons.org/licenses/by-nc/4.0/legalcode,,,,
gbif,2868339671,2020-09-18,2020,9,18,60.525169,24.171004,33.0,HUMAN_OBSERVATION,iNaturalist research-grade observations,50c9509d-22c7-4a22-a47d-8c48425ef4a7,http://creativecommons.org/licenses/by-nc/4.0/legalcode,,,,
gbif,2868349785,2020-09-19,2020,9,19,61.048775,23.461857,14.0,HUMAN_OBSERVATION,iNaturalist research-grade observations,50c9509d-22c7-4a22-a47d-8c48425ef4a7,http://creativecommons.org/publicdomain/zero/1.0/legalcode,,,,
gbif,2868376379,2020-09-19,2020,9,19,61.478565,22.531937,,HUMAN_OBSERVATION,iNaturalist research-grade observations,50c9509d-22c7-4a22-a47d-8c48425ef4a7,http://creativecommons.org/licenses/by/4.0/legalcode,,,,
gbif,2873717117,2020-09-27,2020,9,27,60.259618,24.929987,,HUMAN_OBSERVATION,iNaturalist research-grade observations,50c9509d-22c7-4a22-a47d-8c48425ef4a7,http://creativecommons.org/licenses/by/4.0/legalcode,,,,
gbif,2873952989,2020-09-26,2020,9,26,60.30963,25.167722,,HUMAN_OBSERVATION,iNaturalist research-grade observations,50c9509d-22c7-4a22-a47d-8c48425ef4a7,http://creativecommons.org/licenses/by-nc/4.0/legalcode,,,,
gbif,3337724427,2020-09-20,2020,9,20,62.588257,23.459583,,HUMAN_OBSERVATION,iNaturalist research-grade observations,50c9509d-22c7-4a22-a47d-8c48425ef4a7,http://creativecommons.org/licenses/by-nc/4.0/legalcode,,,,
gbif,3383859532,2020-09-19,2020,9,19,61.769544,27.283981,24612.0,HUMAN_OBSERVATION,iNaturalist research-grade observations,50c9509d-22c7-4a22-a47d-8c48425ef4a7,http://creativecommons.org/licenses/by-nc/4.0/legalcode,,,,
gbif,3441134438,2020-09-10,2020,9,10,60.530278,27.569449,1.0,MACHINE_OBSERVATION,The Atlas of Finnish Fungi,2bc4c2db-1dfa-419c-93ce-6602c5ae8c99,http://creativecommons.org/licenses/by/4.0/legalcode,Haakelinkangas,,Hiekkapohjainen MT mäntykangas ja jäkäläavokallio,
gbif,3441135644,2020-09-07,2020,9,7,60.508623,27.689602,100.0,MACHINE_OBSERVATION,The Atlas of Finnish Fungi,2bc4c2db-1dfa-419c-93ce-6602c5ae8c99,http://creativecommons.org/licenses/by/4.0/legalcode,"Kirkonkylä, Kirkko",,,
gbif,3441136880,2020-09-20,2020,9,20,61.042775,28.032503,100.0,HUMAN_OBSERVATION,The Atlas of Finnish Fungi,2bc4c2db-1dfa-419c-93ce-6602c5ae8c99,http://creativecommons.org/licenses/by/4.0/legalcode,Rutola,,,
gbif,3441137238,2020-09-18,2020,9,18,62.089853,30.159564,1.0,MACHINE_OBSERVATION,The Atlas of Finnish Fungi,2bc4c2db-1dfa-419c-93ce-6602c5ae8c99,http://creativecommons.org/licenses/by/4.0/legalcode,Ilmolan hautausmaa,,,
gbif,3441138596,2020-09-18,2020,9,18,62.092413,30.137869,1.0,HUMAN_OBSERVATION,The Atlas of Finnish Fungi,2bc4c2db-1dfa-419c-93ce-6602c5ae8c99,http://creativecommons.org/licenses/by/4.0/legalcode,Vesitorninmäki,,,
gbif,3441138808,2020-09-24,2020,9,24,62.070414,23.965488,1000.0,MACHINE_OBSERVATION,The Atlas of Finnish Fungi,2bc4c2db-1dfa-419c-93ce-6602c5ae8c99,http://creativecommons.org/licenses/by/4.0/legalcode,Risujärvenperä,,,
gbif,3441139981,2020-09-09,2020,9,9,60.740217,27.656371,1.0,HUMAN_OBSERVATION,The Atlas of Finnish Fungi,2bc4c2db-1dfa-419c-93ce-6602c5ae8c99,http://creativecommons.org/licenses/by/4.0/legalcode,Tingankoski,,"Kuusivaltainen luonnonsuojelualue, runsaasti lahopuuta, MT kangas ja korpipainanteita.",
gbif,3441140808,2020-09-13,2020,9,13,61.692032,23.049928,1.0,MACHINE_OBSERVATION,The Atlas of Finnish Fungi,2bc4c2db-1dfa-419c-93ce-6602c5ae8c99,http://creativecommons.org/licenses/by/4.0/legalcode,Ulvaanharju,,"Kuivaa mäntykangasta, harjua",
gbif,3441144544,2020-09-11,2020,9,11,60.3604,25.69678,1.0,MACHINE_OBSERVATION,The Atlas of Finnish Fungi,2bc4c2db-1dfa-419c-93ce-6602c5ae8c99,http://creativecommons.org/licenses/by/4.0/legalcode,Uddas,,Niitty,
gbif,3441144822,2020-09-19,2020,9,19,62.091495,29.88272,100.0,MACHINE_OBSERVATION,The Atlas of Finnish Fungi,2bc4c2db-1dfa-419c-93ce-6602c5ae8c99,http://creativecommons.org/licenses/by/4.0/legalcode,Puhoksen koulu,,Koulun viereinen lehto,
gbif,3441144854,2020-09-20,2020,9,20,60.425919,25.31912,1.0,MACHINE_OBSERVATION,The Atlas of Finnish Fungi,2bc4c2db-1dfa-419c-93ce-6602c5ae8c99,http://creativecommons.org/licenses/by/4.0/legalcode,Högbacka,,,
gbif,3441148016,2020-09-30,2020,9,30,60.38536,25.69542,1.0,MACHINE_OBSERVATION,The Atlas of Finnish Fungi,2bc4c2db-1dfa-419c-93ce-6602c5ae8c99,http://creativecommons.org/licenses/by/4.0/legalcode,Kevätkumpu,,,
gbif,3441151744,2020-09-09,2020,9,9,62.318972,26.344106,100.0,MACHINE_OBSERVATION,The Atlas of Finnish Fungi,2bc4c2db-1dfa-419c-93ce-6602c5ae8c99,http://creativecommons.org/licenses/by/4.0/legalcode,Ruusa,,,
gbif,3441152006,2020-09-19,2020,9,19,62.177176,29.943946,1.0,HUMAN_OBSERVATION,The Atlas of Finnish Fungi,2bc4c2db-1dfa-419c-93ce-6602c5ae8c99,http://creativecommons.org/licenses/by/4.0/legalcode,Kyöpelinvuori,,,
gbif,3441152162,2020-09-08,2020,9,8,60.690918,27.655802,1.0,MACHINE_OBSERVATION,The Atlas of Finnish Fungi,2bc4c2db-1dfa-419c-93ce-6602c5ae8c99,http://creativecommons.org/licenses/by/4.0/legalcode,Laajanpohja,,Nuorehko mäntykangas ja korpinitkelma kalliojyrkänteen juurella,
gbif,3441152355,2020-09-15,2020,9,15,62.082319,30.165197,100.0,MACHINE_OBSERVATION,The Atlas of Finnish Fungi,2bc4c2db-1dfa-419c-93ce-6602c5ae8c99,http://creativecommons.org/licenses/by/4.0/legalcode,,,,
gbif,3441152360,2020-09-08,2020,9,8,60.7926,28.036399,100.0,MACHINE_OBSERVATION,The Atlas of Finnish Fungi,2bc4c2db-1dfa-419c-93ce-6602c5ae8c99,http://creativecommons.org/licenses/by/4.0/legalcode,"Ylämaa, Lahnajärvi, Peltola",,,
gbif,3441153103,2020-09-19,2020,9,19,62.087719,29.890594,1000.0,MACHINE_OBSERVATION,The Atlas of Finnish Fungi,2bc4c2db-1dfa-419c-93ce-6602c5ae8c99,http://creativecommons.org/licenses/by/4.0/legalcode,Puhoksen luontopolku.,,"Pikkutien vierellä  nuorempaa lehtisekametsää. Sitten keski-ikäisempää kuusikkoa, useita suppia ja sitä kautta jyrkkiä korkeuseroja, valittettavasti sieniä ei juuri ollut, ison tien puolella lehtomaista rinnettä.",
gbif,3441160958,2020-09-03,2020,9,,60.890698,25.06274,10000.0,MACHINE_OBSERVATION,The Atlas of Finnish Fungi,2bc4c2db-1dfa-419c-93ce-6602c5ae8c99,http://creativecommons.org/licenses/by/4.0/legalcode,,,,
gbif,3441165662,2020-09-01,2020,9,1,60.227409,23.616118,100.0,MACHINE_OBSERVATION,The Atlas of Finnish Fungi,2bc4c2db-1dfa-419c-93ce-6602c5ae8c99,http://creativecommons.org/licenses/by/4.0/legalcode,"Kisko, Jyly",,,
gbif,3441167735,2020-09-08,2020,9,8,60.792846,28.038074,100.0,MACHINE_OBSERVATION,The Atlas of Finnish Fungi,2bc4c2db-1dfa-419c-93ce-6602c5ae8c99,http://creativecommons.org/licenses/by/4.0/legalcode,"Ylämaa, Lahnajärvi",,,
gbif,3441172088,2020-09-05,2020,9,5,60.99352,24.4158,1.0,MACHINE_OBSERVATION,The Atlas of Finnish Fungi,2bc4c2db-1dfa-419c-93ce-6602c5ae8c99,http://creativecommons.org/licenses/by/4.0/legalcode,Ahvenisto,,,
gbif,3441173809,2020-09-26,2020,9,26,63.083976,21.68114,10.0,MACHINE_OBSERVATION,The Atlas of Finnish Fungi,2bc4c2db-1dfa-419c-93ce-6602c5ae8c99,http://creativecommons.org/licenses/by/4.0/legalcode,Melaniemi,,,
gbif,3441176348,2020-09-19,2020,9,19,62.229565,30.279711,1.0,MACHINE_OBSERVATION,The Atlas of Finnish Fungi,2bc4c2db-1dfa-419c-93ce-6602c5ae8c99,http://creativecommons.org/licenses/by/4.0/legalcode,Hyypiänvaara,,,
gbif,3441176992,2020-09-14,2020,9,14,63.099192,21.728154,10.0,HUMAN_OBSERVATION,The Atlas of Finnish Fungi,2bc4c2db-1dfa-419c-93ce-6602c5ae8c99,http://creativecommons.org/licenses/by/4.0/legalcode,Kappelinmäki,,,
gbif,3441177780,2020-09-16,2020,9,16,60.577357,23.982506,1000.0,MACHINE_OBSERVATION,The Atlas of Finnish Fungi,2bc4c2db-1dfa-419c-93ce-6602c5ae8c99,http://creativecommons.org/licenses/by/4.0/legalcode,,,,
gbif,3441179286,2020-09-19,2020,9,19,62.045717,30.256977,1.0,MACHINE_OBSERVATION,The Atlas of Finnish Fungi,2bc4c2db-1dfa-419c-93ce-6602c5ae8c99,http://creativecommons.org/licenses/by/4.0/legalcode,Muholankoski,,,
gbif,3441179792,2020-09-16,2020,9,16,60.577754,23.982868,1000.0,MACHINE_OBSERVATION,The Atlas of Finnish Fungi,2bc4c2db-1dfa-419c-93ce-6602c5ae8c99,http://creativecommons.org/licenses/by/4.0/legalcode,Saarijärvi,,,
gbif,3441182404,2020-09-13,2020,9,13,62.063204,26.979462,1000.0,MACHINE_OBSERVATION,The Atlas of Finnish Fungi,2bc4c2db-1dfa-419c-93ce-6602c5ae8c99,http://creativecommons.org/licenses/by/4.0/legalcode,Siesu,Useassa kohtaa.,metsälaidun,
gbif,3441182593,2020-09-18,2020,9,18,62.088109,30.157691,100.0,MACHINE_OBSERVATION,The Atlas of Finnish Fungi,2bc4c2db-1dfa-419c-93ce-6602c5ae8c99,http://creativecommons.org/licenses/by/4.0/legalcode,Ilmolan hautausmaa,,"Vanha hautausmaa, ""metsittynyt""",
gbif,3441183423,2020-09-11,2020,9,11,60.213092,24.974658,1.0,HUMAN_OBSERVATION,The Atlas of Finnish Fungi,2bc4c2db-1dfa-419c-93ce-6602c5ae8c99,http://creativecommons.org/licenses/by/4.0/legalcode,Annala,,,
gbif,3441184720,2020-09-19,2020,9,19,62.099661,29.840257,100.0,MACHINE_OBSERVATION,The Atlas of Finnish Fungi,2bc4c2db-1dfa-419c-93ce-6602c5ae8c99,http://creativecommons.org/licenses/by/4.0/legalcode,Näsönniemi,,"Kuusivaltainen vanha metsä, niemi",
gbif,3441185381,2020-09-19,2020,9,19,62.081809,29.843842,100.0,MACHINE_OBSERVATION,The Atlas of Finnish Fungi,2bc4c2db-1dfa-419c-93ce-6602c5ae8c99,http://creativecommons.org/licenses/by/4.0/legalcode,Näsönniemi,,Paksusammalkuusikko,
gbif,3441187525,2020-09-06,2020,9,6,66.319307,23.708851,1000.0,MACHINE_OBSERVATION,The Atlas of Finnish Fungi,2bc4c2db-1dfa-419c-93ce-6602c5ae8c99,http://creativecommons.org/licenses/by/4.0/legalcode,Ainionvaara,,,
gbif,3441188041,2020-09-19,2020,9,19,62.176979,29.9445,1.0,HUMAN_OBSERVATION,The Atlas of Finnish Fungi,2bc4c2db-1dfa-419c-93ce-6602c5ae8c99,http://creativecommons.org/licenses/by/4.0/legalcode,Kyöpelinvuori,,,
gbif,3441191066,2020-09-11,2020,9,11,63.105091,21.744294,10.0,MACHINE_OBSERVATION,The Atlas of Finnish Fungi,2bc4c2db-1dfa-419c-93ce-6602c5ae8c99,http://creativecommons.org/licenses/by/4.0/legalcode,"Pilvilampi, NW",,,
gbif,3441191127,2020-09-15,2020,9,15,64.705361,27.975809,100.0,MACHINE_OBSERVATION,The Atlas of Finnish Fungi,2bc4c2db-1dfa-419c-93ce-6602c5ae8c99,http://creativecommons.org/licenses/by/4.0/legalcode,Paljakka,,,
gbif,3441191167,2020-09-19,2020,9,19,62.092607,30.137649,1.0,MACHINE_OBSERVATION,The Atlas of Finnish Fungi,2bc4c2db-1dfa-419c-93ce-6602c5ae8c99,http://creativecommons.org/licenses/by/4.0/legalcode,,,"Keskusta, vesitorninmäki",
gbif,3441191964,2020-09-23,2020,9,23,60.553824,24.470707,100.0,MACHINE_OBSERVATION,The Atlas of Finnish Fungi,2bc4c2db-1dfa-419c-93ce-6602c5ae8c99,http://creativecommons.org/licenses/by/4.0/legalcode,Ylimmäinen,,,
gbif,3441192778,2020-09-09,2020,9,9,60.657636,27.801432,1.0,MACHINE_OBSERVATION,The Atlas of Finnish Fungi,2bc4c2db-1dfa-419c-93ce-6602c5ae8c99,http://creativecommons.org/licenses/by/4.0/legalcode,"Tylli, Leukaniemi",,"Luonnontilainen kuusivaltainen, rehevä tuore kangas.",
gbif,3441194206,2020-09-14,2020,9,14,60.281301,24.505098,1000.0,MACHINE_OBSERVATION,The Atlas of Finnish Fungi,2bc4c2db-1dfa-419c-93ce-6602c5ae8c99,http://creativecommons.org/licenses/by/4.0/legalcode,,,,
gbif,3441194381,2020-09-14,2020,9,14,60.282,24.487032,1000.0,MACHINE_OBSERVATION,The Atlas of Finnish Fungi,2bc4c2db-1dfa-419c-93ce-6602c5ae8c99,http://creativecommons.org/licenses/by/4.0/legalcode,,,,
gbif,3441194561,2020-09-19,2020,9,19,62.044633,30.260848,100.0,MACHINE_OBSERVATION,The Atlas of Finnish Fungi,2bc4c2db-1dfa-419c-93ce-6602c5ae8c99,http://creativecommons.org/licenses/by/4.0/legalcode,Partasensaari,,Laidunnettu kuusi-koivumetsähaka,
gbif,3441196537,2020-09-19,2020,9,19,62.185831,30.442163,1000.0,HUMAN_OBSERVATION,The Atlas of Finnish Fungi,2bc4c2db-1dfa-419c-93ce-6602c5ae8c99,http://creativecommons.org/licenses/by/4.0/legalcode,"Uusi-Värtsilä, Kangasharju",,,
gbif,3441200396,2020-09-22,2020,9,22,63.083028,22.06528,1000.0,HUMAN_OBSERVATION,The Atlas of Finnish Fungi,2bc4c2db-1dfa-419c-93ce-6602c5ae8c99,http://creativecommons.org/licenses/by/4.0/legalcode,Vähäkyrö Saarenpää,,"Mäntyvaltaista sekametsää, osa vanhaa metsittynyttä peltoa ja korkeammilla paikoilla hyvin karua jäkälämännikköä.",
gbif,3441201791,2020-09-13,2020,9,13,60.310666,22.11327,1000.0,MACHINE_OBSERVATION,The Atlas of Finnish Fungi,2bc4c2db-1dfa-419c-93ce-6602c5ae8c99,http://creativecommons.org/licenses/by/4.0/legalcode,"Ålön, Mustfinn",,,
gbif,3441202189,2020-09-11,2020,9,11,60.531158,27.553902,1.0,MACHINE_OBSERVATION,The Atlas of Finnish Fungi,2bc4c2db-1dfa-419c-93ce-6602c5ae8c99,http://creativecommons.org/licenses/by/4.0/legalcode,Harjun oppimiskeskus,,,
gbif,3441203007,2020-09-09,2020,9,9,60.676615,27.702867,1.0,MACHINE_OBSERVATION,The Atlas of Finnish Fungi,2bc4c2db-1dfa-419c-93ce-6602c5ae8c99,http://creativecommons.org/licenses/by/4.0/legalcode,Miehikkälän kirkko,,"Hiekkapohjainen MT mäntykangas, hautausmaa ja sen ympäristö.",
gbif,3441203385,2020-09-19,2020,9,19,61.182278,25.930496,1.0,HUMAN_OBSERVATION,The Atlas of Finnish Fungi,2bc4c2db-1dfa-419c-93ce-6602c5ae8c99,http://creativecommons.org/licenses/by/4.0/legalcode,Kausa,,"kuusimetsä, melko rehevä",
gbif,3441204967,2020-09-18,2020,9,18,62.089805,30.159542,1.0,MACHINE_OBSERVATION,The Atlas of Finnish Fungi,2bc4c2db-1dfa-419c-93ce-6602c5ae8c99,http://creativecommons.org/licenses/by/4.0/legalcode,Ilmolan hautausmaa,,"Vanha hautausmaa, alueella vanhoja hautoja, pohjoispäässä uudempia hautoja, suuria kuusia, mäntyjä, koivuja, vähäisiä koristeistutuksia",
gbif,3441209343,2020-09-27,2020,9,27,64.056135,23.626406,1000.0,MACHINE_OBSERVATION,The Atlas of Finnish Fungi,2bc4c2db-1dfa-419c-93ce-6602c5ae8c99,http://creativecommons.org/licenses/by/4.0/legalcode,Meksinmetsä,,,
gbif,3441209594,2020-09-19,2020,9,19,62.177001,29.9443,1.0,MACHINE_OBSERVATION,The Atlas of Finnish Fungi,2bc4c2db-1dfa-419c-93ce-6602c5ae8c99,http://creativecommons.org/licenses/by/4.0/legalcode,Salmenkangas,,,
gbif,3441210136,2020-09-14,2020,9,14,60.234083,25.023664,1.0,HUMAN_OBSERVATION,The Atlas of Finnish Fungi,2bc4c2db-1dfa-419c-93ce-6602c5ae8c99,http://creativecommons.org/licenses/by/4.0/legalcode,Malmin hautausmaa,,,
gbif,3441211533,2020-09-20,2020,9,20,62.119341,29.916293,1.0,MACHINE_OBSERVATION,The Atlas of Finnish Fungi,2bc4c2db-1dfa-419c-93ce-6602c5ae8c99,http://creativecommons.org/licenses/by/4.0/legalcode,Viilniemi,,,
gbif,3441211992,2020-09-18,2020,9,18,62.095667,30.137098,1.0,HUMAN_OBSERVATION,The Atlas of Finnish Fungi,2bc4c2db-1dfa-419c-93ce-6602c5ae8c99,http://creativecommons.org/licenses/by/4.0/legalcode,Kiteen Evankelinen Kansanopisto,,,
gbif,3441213523,2020-09-05,2020,9,5,60.721357,24.804692,1000.0,MACHINE_OBSERVATION,The Atlas of Finnish Fungi,2bc4c2db-1dfa-419c-93ce-6602c5ae8c99,http://creativecommons.org/licenses/by/4.0/legalcode,Vahteristo,,"Tuoretta lehtoa, lehtomaista kangasta, korpilaikku, tuoretta kangasta",
gbif,3441213644,2020-09-09,2020,9,9,61.057844,24.337785,1000.0,HUMAN_OBSERVATION,The Atlas of Finnish Fungi,2bc4c2db-1dfa-419c-93ce-6602c5ae8c99,http://creativecommons.org/licenses/by/4.0/legalcode,"Parolanharju, Kalkkonen",,,
gbif,3441215133,2020-09-05,2020,9,5,60.496337,23.06597,100.0,HUMAN_OBSERVATION,The Atlas of Finnish Fungi,2bc4c2db-1dfa-419c-93ce-6602c5ae8c99,http://creativecommons.org/licenses/by/4.0/legalcode,"Halikko, Vaskio, Kierla, Päivölä",,,
gbif,3441215356,2020-09-18,2020,9,18,62.086056,30.151309,1000.0,MACHINE_OBSERVATION,The Atlas of Finnish Fungi,2bc4c2db-1dfa-419c-93ce-6602c5ae8c99,http://creativecommons.org/licenses/by/4.0/legalcode,Palomäki - Hutsi,,,
gbif,3441216719,2020-09-19,2020,9,19,62.177884,29.943897,100.0,HUMAN_OBSERVATION,The Atlas of Finnish Fungi,2bc4c2db-1dfa-419c-93ce-6602c5ae8c99,http://creativecommons.org/licenses/by/4.0/legalcode,Kyöpelinvuori,,,
gbif,3448253766,2020-09-11,2020,9,11,61.169428,25.868662,1000.0,HUMAN_OBSERVATION,"Notebook, general observations",df12ca07-f133-4550-ab3b-fde13f0e76ba,http://creativecommons.org/licenses/by/4.0/legalcode,"Rutalahti, Lähdemäki",hyvin niukka tänä vuonna,"6...12*C, 2/8, tyyntä",
gbif,3448260661,2020-09-12,2020,9,12,62.688461,29.790301,1000.0,HUMAN_OBSERVATION,"Notebook, general observations",df12ca07-f133-4550-ab3b-fde13f0e76ba,http://creativecommons.org/licenses/by/4.0/legalcode,"Jaamankangas, Välilammet",,"Mäntyvaltaista kangasmetsää, ylempänä kuivaa mustikkatyyppiä, rinteet tuoreempia, niissä jonkin verran koivua, kuusta ja katajaa. Tihkusateinen",
gbif,3453914038,2020-09-07,2020,9,7,65.862738,24.83144,50000.0,HUMAN_OBSERVATION,Löydös Open Finnish Observation Database,956bc674-6022-4c52-833e-c5fb39dc837a,http://creativecommons.org/licenses/by/4.0/legalcode,,,,
gbif,3453930212,2020-09-10,2020,9,10,60.372,25.93,1.0,HUMAN_OBSERVATION,Löydös Open Finnish Observation Database,956bc674-6022-4c52-833e-c5fb39dc837a,http://creativecommons.org/licenses/by/4.0/legalcode,"Kalax, kuusikon laidassa",,Pienin sieni on kauempaa poimittu keltavahvero.,
gbif,3461689434,2020-09-18,2020,9,18,62.081,29.931,1.0,MACHINE_OBSERVATION,The Atlas of Finnish Fungi,2bc4c2db-1dfa-419c-93ce-6602c5ae8c99,http://creativecommons.org/licenses/by/4.0/legalcode,"Koivikonkangas, Vauhkola",,,
gbif,3465992078,2020-09-15,2020,9,15,60.373827,23.803288,301.0,HUMAN_OBSERVATION,iNaturalist research-grade observations,50c9509d-22c7-4a22-a47d-8c48425ef4a7,http://creativecommons.org/licenses/by-nc/4.0/legalcode,,,,
gbif,3713369201,2020-09-02,2020,9,2,66.231413,25.079813,,PRESERVED_SPECIMEN,"Fungal collection of the Botanical Museum, University of Oulu (OULU)",23acc755-a8a6-4cf8-bed0-83d30863acea,http://creativecommons.org/licenses/by/4.0/legalcode,"Pisavaaran luonnonpuisto, Alalaki",Keywords: { http://tun.fi/GX.11675 },,Vanha havupuuvaltainen tuore kangasmetsä | Maassa
gbif,3963491930,2020-09-15,2020,9,15,61.101456,26.960982,3890.0,HUMAN_OBSERVATION,iNaturalist research-grade observations,50c9509d-22c7-4a22-a47d-8c48425ef4a7,http://creativecommons.org/licenses/by-nc/4.0/legalcode,,,,
gbif,4898854450,2020-09-03,2020,9,3,64.061879,27.924582,1000.0,HUMAN_OBSERVATION,LajiGIS: Species mapping and surveys,687c05e9-96d6-40e3-b1c9-2e026d0b3fc0,http://creativecommons.org/licenses/by/4.0/legalcode,"Losonlampi S, Losonvaara, Oulujoen vesistöalue",1787953 | el_50419 },,
gbif,4899009278,2020-09-02,2020,9,2,66.231415,25.079798,1.0,HUMAN_OBSERVATION,LajiGIS: Species mapping and surveys,687c05e9-96d6-40e3-b1c9-2e026d0b3fc0,http://creativecommons.org/licenses/by/4.0/legalcode,"Pisavaaran käävät 2018-2020, Kemijoen vesistöalue","1712591 | el_50419 } Pisavaaran luonnonpuisto, Alalaki Maassa runsaasti itiöemiä 4 m²:n alalla; 23/20",,
gbif,2883051744,2020-10-02,2020,10,2,60.216152,24.911391,263.0,HUMAN_OBSERVATION,iNaturalist research-grade observations,50c9509d-22c7-4a22-a47d-8c48425ef4a7,http://creativecommons.org/licenses/by-nc/4.0/legalcode,,,,
gbif,2883079128,2020-10-04,2020,10,4,62.380377,21.185052,4.0,HUMAN_OBSERVATION,iNaturalist research-grade observations,50c9509d-22c7-4a22-a47d-8c48425ef4a7,http://creativecommons.org/licenses/by-nc/4.0/legalcode,,,,
gbif,2898258720,2020-10-10,2020,10,10,60.308822,24.520125,3000.0,HUMAN_OBSERVATION,iNaturalist research-grade observations,50c9509d-22c7-4a22-a47d-8c48425ef4a7,http://creativecommons.org/licenses/by-nc/4.0/legalcode,,,,
gbif,2898327713,2020-10-10,2020,10,10,61.328208,22.082883,24671.0,HUMAN_OBSERVATION,iNaturalist research-grade observations,50c9509d-22c7-4a22-a47d-8c48425ef4a7,http://creativecommons.org/licenses/by-nc/4.0/legalcode,,,,
gbif,2898514200,2020-10-15,2020,10,15,61.190637,26.799263,3244.0,HUMAN_OBSERVATION,iNaturalist research-grade observations,50c9509d-22c7-4a22-a47d-8c48425ef4a7,http://creativecommons.org/licenses/by-nc/4.0/legalcode,,,,
gbif,2901558869,2020-10-18,2020,10,18,61.492831,27.425347,24641.0,HUMAN_OBSERVATION,iNaturalist research-grade observations,50c9509d-22c7-4a22-a47d-8c48425ef4a7,http://creativecommons.org/licenses/by-nc/4.0/legalcode,,,,
gbif,2901718638,2020-10-16,2020,10,16,62.04796,22.880432,24554.0,HUMAN_OBSERVATION,iNaturalist research-grade observations,50c9509d-22c7-4a22-a47d-8c48425ef4a7,http://creativecommons.org/licenses/by-nc/4.0/legalcode,,,,
gbif,2901764631,2020-10-16,2020,10,16,60.525035,22.365547,9.0,HUMAN_OBSERVATION,iNaturalist research-grade observations,50c9509d-22c7-4a22-a47d-8c48425ef4a7,http://creativecommons.org/licenses/by-nc/4.0/legalcode,,,,
gbif,3441127974,2020-10-13,2020,10,13,60.25715,24.738957,10000.0,HUMAN_OBSERVATION,The Atlas of Finnish Fungi,2bc4c2db-1dfa-419c-93ce-6602c5ae8c99,http://creativecommons.org/licenses/by/4.0/legalcode,,,,
gbif,3441131371,2020-10-30,2020,10,30,62.264622,26.195628,100.0,MACHINE_OBSERVATION,The Atlas of Finnish Fungi,2bc4c2db-1dfa-419c-93ce-6602c5ae8c99,http://creativecommons.org/licenses/by/4.0/legalcode,"Lievestuore, uimarannan läheisyys.",,"Alueellla vanhoja betoni ""raunioita"". Myös yksittäisiä koivuja. Kuivahkoa kangasta.",
gbif,3441131973,2020-10-04,2020,10,4,62.071188,27.092385,10000.0,MACHINE_OBSERVATION,The Atlas of Finnish Fungi,2bc4c2db-1dfa-419c-93ce-6602c5ae8c99,http://creativecommons.org/licenses/by/4.0/legalcode,,,,
gbif,3441135315,2020-10-12,2020,10,12,65.27218,28.247561,1000.0,MACHINE_OBSERVATION,The Atlas of Finnish Fungi,2bc4c2db-1dfa-419c-93ce-6602c5ae8c99,http://creativecommons.org/licenses/by/4.0/legalcode,,,,
gbif,3441143562,2020-10-31,2020,10,31,60.313384,25.183868,1.0,MACHINE_OBSERVATION,The Atlas of Finnish Fungi,2bc4c2db-1dfa-419c-93ce-6602c5ae8c99,http://creativecommons.org/licenses/by/4.0/legalcode,Sipoonkorpi,,,
gbif,3441152899,2020-10-09,2020,10,9,60.38439,25.69943,1.0,MACHINE_OBSERVATION,The Atlas of Finnish Fungi,2bc4c2db-1dfa-419c-93ce-6602c5ae8c99,http://creativecommons.org/licenses/by/4.0/legalcode,Kevätkumpu,,Parkkialueen reunalla,
gbif,3441154058,2020-10-03,2020,10,3,61.242176,25.071006,1.0,MACHINE_OBSERVATION,The Atlas of Finnish Fungi,2bc4c2db-1dfa-419c-93ce-6602c5ae8c99,http://creativecommons.org/licenses/by/4.0/legalcode,Kotinen,,,
gbif,3441170231,2020-10-10,2020,10,10,60.360497,25.792737,1.0,MACHINE_OBSERVATION,The Atlas of Finnish Fungi,2bc4c2db-1dfa-419c-93ce-6602c5ae8c99,http://creativecommons.org/licenses/by/4.0/legalcode,Epoo,,Kuusimetsä,
gbif,3441182996,2020-10-16,2020,10,16,60.056417,23.298484,1.0,MACHINE_OBSERVATION,The Atlas of Finnish Fungi,2bc4c2db-1dfa-419c-93ce-6602c5ae8c99,http://creativecommons.org/licenses/by/4.0/legalcode,Tenhola hautausmaa,,,
gbif,3441186597,2020-10-10,2020,10,10,61.904145,23.404899,1.0,MACHINE_OBSERVATION,The Atlas of Finnish Fungi,2bc4c2db-1dfa-419c-93ce-6602c5ae8c99,http://creativecommons.org/licenses/by/4.0/legalcode,Seitseminen,,,
gbif,3441189733,2020-10-04,2020,10,4,63.02808,25.109584,1000.0,HUMAN_OBSERVATION,The Atlas of Finnish Fungi,2bc4c2db-1dfa-419c-93ce-6602c5ae8c99,http://creativecommons.org/licenses/by/4.0/legalcode,Marjala,,,
gbif,3441191895,2020-10-25,2020,10,,59.828936,23.032948,1000.0,MACHINE_OBSERVATION,The Atlas of Finnish Fungi,2bc4c2db-1dfa-419c-93ce-6602c5ae8c99,http://creativecommons.org/licenses/by/4.0/legalcode,Täktom Malmhugget,,,
gbif,3441208252,2020-10-15,2020,10,15,61.229487,26.070883,1000.0,HUMAN_OBSERVATION,The Atlas of Finnish Fungi,2bc4c2db-1dfa-419c-93ce-6602c5ae8c99,http://creativecommons.org/licenses/by/4.0/legalcode,,,"Alue vaihtelee mäntykankaasta sammalpohjaiseen kuusimetsään, lenkkipolkujen varsilla myös lehtipuita",
gbif,3441214222,2020-10-19,2020,10,19,63.086924,21.749298,100.0,HUMAN_OBSERVATION,The Atlas of Finnish Fungi,2bc4c2db-1dfa-419c-93ce-6602c5ae8c99,http://creativecommons.org/licenses/by/4.0/legalcode,,,Kråklund,
gbif,3448983124,2020-10-01,2020,10,1,60.124674,23.44688,1000.0,HUMAN_OBSERVATION,"Notebook, general observations",df12ca07-f133-4550-ab3b-fde13f0e76ba,http://creativecommons.org/licenses/by/4.0/legalcode,"Pohja, Sahajärvi",,Kuivahko kangasmetsä,
gbif,2980802091,2020-11-03,2020,11,3,61.663194,27.554787,24612.0,HUMAN_OBSERVATION,iNaturalist research-grade observations,50c9509d-22c7-4a22-a47d-8c48425ef4a7,http://creativecommons.org/licenses/by-nc/4.0/legalcode,,,,
gbif,2980833847,2020-11-01,2020,11,1,62.586383,26.310689,24.0,HUMAN_OBSERVATION,iNaturalist research-grade observations,50c9509d-22c7-4a22-a47d-8c48425ef4a7,http://creativecommons.org/licenses/by-nc/4.0/legalcode,,,,
gbif,2984391662,2020-11-07,2020,11,7,61.668933,26.04791,,HUMAN_OBSERVATION,iNaturalist research-grade observations,50c9509d-22c7-4a22-a47d-8c48425ef4a7,http://creativecommons.org/licenses/by/4.0/legalcode,,,,
gbif,2984461949,2020-11-10,2020,11,10,60.239778,25.123061,8.0,HUMAN_OBSERVATION,iNaturalist research-grade observations,50c9509d-22c7-4a22-a47d-8c48425ef4a7,http://creativecommons.org/licenses/by-nc/4.0/legalcode,,,,
gbif,2988413795,2020-11-23,2020,11,23,62.301722,25.674682,4.0,HUMAN_OBSERVATION,iNaturalist research-grade observations,50c9509d-22c7-4a22-a47d-8c48425ef4a7,http://creativecommons.org/licenses/by-nc/4.0/legalcode,,,,
gbif,2988532659,2020-11-22,2020,11,22,61.682607,27.475157,24612.0,HUMAN_OBSERVATION,iNaturalist research-grade observations,50c9509d-22c7-4a22-a47d-8c48425ef4a7,http://creativecommons.org/licenses/by-nc/4.0/legalcode,,,,
gbif,2988616657,2020-11-22,2020,11,22,60.765565,23.415215,8.0,HUMAN_OBSERVATION,iNaturalist research-grade observations,50c9509d-22c7-4a22-a47d-8c48425ef4a7,http://creativecommons.org/licenses/by-nc/4.0/legalcode,,,,
gbif,2988634946,2020-11-26,2020,11,26,60.223258,24.973286,8.0,HUMAN_OBSERVATION,iNaturalist research-grade observations,50c9509d-22c7-4a22-a47d-8c48425ef4a7,http://creativecommons.org/licenses/by-nc/4.0/legalcode,,,,
gbif,2988673596,2020-11-21,2020,11,21,60.748295,21.466423,2900.0,HUMAN_OBSERVATION,iNaturalist research-grade observations,50c9509d-22c7-4a22-a47d-8c48425ef4a7,http://creativecommons.org/licenses/by-nc/4.0/legalcode,,,,
gbif,2992672726,2020-11-28,2020,11,28,60.330198,24.995932,,HUMAN_OBSERVATION,iNaturalist research-grade observations,50c9509d-22c7-4a22-a47d-8c48425ef4a7,http://creativecommons.org/licenses/by-nc/4.0/legalcode,,,,
gbif,3441131601,2020-11-11,2020,11,11,60.58623,26.630674,1000.0,MACHINE_OBSERVATION,The Atlas of Finnish Fungi,2bc4c2db-1dfa-419c-93ce-6602c5ae8c99,http://creativecommons.org/licenses/by/4.0/legalcode,"Hirvikoski, Limalahdentie",,,
gbif,3441131844,2020-11-27,2020,11,27,60.548602,26.138647,100.0,MACHINE_OBSERVATION,The Atlas of Finnish Fungi,2bc4c2db-1dfa-419c-93ce-6602c5ae8c99,http://creativecommons.org/licenses/by/4.0/legalcode,Andersby,,,
gbif,3441131938,2020-11-23,2020,11,23,60.196056,24.682603,1.0,MACHINE_OBSERVATION,The Atlas of Finnish Fungi,2bc4c2db-1dfa-419c-93ce-6602c5ae8c99,http://creativecommons.org/licenses/by/4.0/legalcode,Suna - Espoon keskuspuisto,,,
gbif,3441146684,2020-11-06,2020,11,6,60.367735,25.749656,1.0,MACHINE_OBSERVATION,The Atlas of Finnish Fungi,2bc4c2db-1dfa-419c-93ce-6602c5ae8c99,http://creativecommons.org/licenses/by/4.0/legalcode,Stormossen,,,
gbif,3441153766,2020-11-07,2020,11,7,60.211576,24.936762,1.0,MACHINE_OBSERVATION,The Atlas of Finnish Fungi,2bc4c2db-1dfa-419c-93ce-6602c5ae8c99,http://creativecommons.org/licenses/by/4.0/legalcode,"Käpylä, Louhenpuisto",,,
gbif,3441155191,2020-11-08,2020,11,8,61.691498,25.690911,1.0,MACHINE_OBSERVATION,The Atlas of Finnish Fungi,2bc4c2db-1dfa-419c-93ce-6602c5ae8c99,http://creativecommons.org/licenses/by/4.0/legalcode,Kammiovuori,,,
gbif,3441156049,2020-11-08,2020,11,8,61.231504,25.635955,1.0,MACHINE_OBSERVATION,The Atlas of Finnish Fungi,2bc4c2db-1dfa-419c-93ce-6602c5ae8c99,http://creativecommons.org/licenses/by/4.0/legalcode,Mustassaari,,,
gbif,3441175316,2020-11-14,2020,11,14,60.173105,25.105165,10000.0,MACHINE_OBSERVATION,The Atlas of Finnish Fungi,2bc4c2db-1dfa-419c-93ce-6602c5ae8c99,http://creativecommons.org/licenses/by/4.0/legalcode,,Ainoat koko alueella,,
gbif,3441181686,2020-11-06,2020,11,,60.53855,24.3964,1000.0,MACHINE_OBSERVATION,The Atlas of Finnish Fungi,2bc4c2db-1dfa-419c-93ce-6602c5ae8c99,http://creativecommons.org/licenses/by/4.0/legalcode,Iilammi,,,
gbif,3441182273,2020-11-10,2020,11,10,60.444881,26.232025,1.0,MACHINE_OBSERVATION,The Atlas of Finnish Fungi,2bc4c2db-1dfa-419c-93ce-6602c5ae8c99,http://creativecommons.org/licenses/by/4.0/legalcode,Myllyharju,,,
gbif,3441191141,2020-11-14,2020,11,14,60.473159,25.241716,1.0,MACHINE_OBSERVATION,The Atlas of Finnish Fungi,2bc4c2db-1dfa-419c-93ce-6602c5ae8c99,http://creativecommons.org/licenses/by/4.0/legalcode,Kummelbergen,,,
gbif,3441192625,2020-11-21,2020,11,21,60.469433,25.609275,1.0,MACHINE_OBSERVATION,The Atlas of Finnish Fungi,2bc4c2db-1dfa-419c-93ce-6602c5ae8c99,http://creativecommons.org/licenses/by/4.0/legalcode,Henttala,,,
gbif,3441195272,2020-11-12,2020,11,12,61.458,23.807,1.0,MACHINE_OBSERVATION,The Atlas of Finnish Fungi,2bc4c2db-1dfa-419c-93ce-6602c5ae8c99,http://creativecommons.org/licenses/by/4.0/legalcode,Lahdesjärvi,,,
gbif,3441197353,2020-11-01,2020,11,1,60.173105,25.105165,10000.0,MACHINE_OBSERVATION,The Atlas of Finnish Fungi,2bc4c2db-1dfa-419c-93ce-6602c5ae8c99,http://creativecommons.org/licenses/by/4.0/legalcode,,"Suuri, kasvuhäiriöitä lakissa",,
gbif,3441205090,2020-11-14,2020,11,14,63.074562,21.759205,100.0,MACHINE_OBSERVATION,The Atlas of Finnish Fungi,2bc4c2db-1dfa-419c-93ce-6602c5ae8c99,http://creativecommons.org/licenses/by/4.0/legalcode,"Höstvesi, Klockarbacken",,,
gbif,3441209134,2020-11-02,2020,11,2,60.529765,24.560257,1000.0,MACHINE_OBSERVATION,The Atlas of Finnish Fungi,2bc4c2db-1dfa-419c-93ce-6602c5ae8c99,http://creativecommons.org/licenses/by/4.0/legalcode,Laihue,,,
gbif,3441209824,2020-11-14,2020,11,14,62.3207,26.3863,1.0,MACHINE_OBSERVATION,The Atlas of Finnish Fungi,2bc4c2db-1dfa-419c-93ce-6602c5ae8c99,http://creativecommons.org/licenses/by/4.0/legalcode,Juhannusmäki,,,
gbif,3441214088,2020-11-27,2020,11,27,60.263912,22.368857,100.0,MACHINE_OBSERVATION,The Atlas of Finnish Fungi,2bc4c2db-1dfa-419c-93ce-6602c5ae8c99,http://creativecommons.org/licenses/by/4.0/legalcode,Lemlax,,,
gbif,3448480678,2020-11-07,2020,11,7,62.907621,27.663654,1000.0,HUMAN_OBSERVATION,"Notebook, general observations",df12ca07-f133-4550-ab3b-fde13f0e76ba,http://creativecommons.org/licenses/by/4.0/legalcode,Puijo,,,"lehtomainen/tuore kangas, kuusikko | lenkkipolkujen varsilla"
gbif,2992753004,2020-12-01,2020,12,1,60.22127,24.96582,26.0,HUMAN_OBSERVATION,iNaturalist research-grade observations,50c9509d-22c7-4a22-a47d-8c48425ef4a7,http://creativecommons.org/licenses/by-nc/4.0/legalcode,,,,
gbif,3441163728,2020-12-19,2020,12,19,60.247171,25.122258,1.0,MACHINE_OBSERVATION,The Atlas of Finnish Fungi,2bc4c2db-1dfa-419c-93ce-6602c5ae8c99,http://creativecommons.org/licenses/by/4.0/legalcode,Länsimäki,,,
gbif,3441167604,2020-12-10,2020,12,10,61.536851,25.66836,1.0,MACHINE_OBSERVATION,The Atlas of Finnish Fungi,2bc4c2db-1dfa-419c-93ce-6602c5ae8c99,http://creativecommons.org/licenses/by/4.0/legalcode,"Kalliojärvi, maastopyörärata",,,
gbif,3441188712,2020-12-24,2020,12,24,63.093427,21.684962,10.0,HUMAN_OBSERVATION,The Atlas of Finnish Fungi,2bc4c2db-1dfa-419c-93ce-6602c5ae8c99,http://creativecommons.org/licenses/by/4.0/legalcode,Huutoniemi,,,
gbif,3441201728,2020-12-17,2020,12,17,60.593562,21.388945,1.0,MACHINE_OBSERVATION,The Atlas of Finnish Fungi,2bc4c2db-1dfa-419c-93ce-6602c5ae8c99,http://creativecommons.org/licenses/by/4.0/legalcode,Leonsaari,,,
gbif,3441211200,2020-12-19,2020,12,19,60.241632,25.123742,1.0,MACHINE_OBSERVATION,The Atlas of Finnish Fungi,2bc4c2db-1dfa-419c-93ce-6602c5ae8c99,http://creativecommons.org/licenses/by/4.0/legalcode,Länsimäki,,,
gbif,3441216605,2020-12-07,2020,12,7,61.531371,25.649001,1000.0,MACHINE_OBSERVATION,The Atlas of Finnish Fungi,2bc4c2db-1dfa-419c-93ce-6602c5ae8c99,http://creativecommons.org/licenses/by/4.0/legalcode,"Artjärvi, Ihatvuori",,,
gbif,3448005046,2020-12-24,2020,12,24,60.453256,24.955139,1.0,MACHINE_OBSERVATION,"Notebook, general observations",df12ca07-f133-4550-ab3b-fde13f0e76ba,http://creativecommons.org/licenses/by/4.0/legalcode,Pahamäki,Keywords: { cantharellus cibarius | phaeoclavulina eumorpha } | yksi itiöemä,"Bussipysäkki 410, etelän suuntaan, asfaltilta ojan yli 5 m metsään länteen päin pilvinen, +3 C",
gbif,3453900366,2020-12-05,2020,12,5,60.733044,25.427125,1.0,HUMAN_OBSERVATION,Löydös Open Finnish Observation Database,956bc674-6022-4c52-833e-c5fb39dc837a,http://creativecommons.org/licenses/by/4.0/legalcode,mäntsälä pohjoinen/haukanpolku,,,
gbif,3441158654,2020-01-31,2020,,,60.377623,24.264429,1.0,HUMAN_OBSERVATION,The Atlas of Finnish Fungi,2bc4c2db-1dfa-419c-93ce-6602c5ae8c99,http://creativecommons.org/licenses/by/4.0/legalcode,,,Pääkslahden luontopolun varrelta havaittu kantarelli,
gbif,3441136466,2019-06-14,2019,6,14,60.239554,25.142958,1.0,MACHINE_OBSERVATION,The Atlas of Finnish Fungi,2bc4c2db-1dfa-419c-93ce-6602c5ae8c99,http://creativecommons.org/licenses/by/4.0/legalcode,Mustavuori,,,
gbif,3441136582,2019-06-23,2019,6,23,60.409924,22.913227,1.0,MACHINE_OBSERVATION,The Atlas of Finnish Fungi,2bc4c2db-1dfa-419c-93ce-6602c5ae8c99,http://creativecommons.org/licenses/by/4.0/legalcode,"Hajala, pururata",,,
gbif,3441150665,2019-06-05,2019,6,5,60.172521,24.90695,1.0,MACHINE_OBSERVATION,The Atlas of Finnish Fungi,2bc4c2db-1dfa-419c-93ce-6602c5ae8c99,http://creativecommons.org/licenses/by/4.0/legalcode,Hietaniemi,,,
gbif,3441170585,2019-06-12,2019,6,12,60.38068,25.663483,10.0,MACHINE_OBSERVATION,The Atlas of Finnish Fungi,2bc4c2db-1dfa-419c-93ce-6602c5ae8c99,http://creativecommons.org/licenses/by/4.0/legalcode,Kokonniemi,,Hiekkatien reuna,
gbif,3441176449,2019-06-28,2019,6,28,60.260074,24.919328,10000.0,HUMAN_OBSERVATION,The Atlas of Finnish Fungi,2bc4c2db-1dfa-419c-93ce-6602c5ae8c99,http://creativecommons.org/licenses/by/4.0/legalcode,,,,
gbif,3441177557,2019-06-26,2019,6,26,60.262809,25.09998,10000.0,MACHINE_OBSERVATION,The Atlas of Finnish Fungi,2bc4c2db-1dfa-419c-93ce-6602c5ae8c99,http://creativecommons.org/licenses/by/4.0/legalcode,,,,
gbif,3441200324,2019-06-23,2019,6,23,63.087,21.6792,1.0,MACHINE_OBSERVATION,The Atlas of Finnish Fungi,2bc4c2db-1dfa-419c-93ce-6602c5ae8c99,http://creativecommons.org/licenses/by/4.0/legalcode,Huutoniemi,,,
gbif,3441204793,2019-06-15,2019,6,15,60.260102,24.91945,10000.0,MACHINE_OBSERVATION,The Atlas of Finnish Fungi,2bc4c2db-1dfa-419c-93ce-6602c5ae8c99,http://creativecommons.org/licenses/by/4.0/legalcode,,,,
gbif,2294542270,2019-07-17,2019,7,17,60.171714,25.428478,10.0,HUMAN_OBSERVATION,iNaturalist research-grade observations,50c9509d-22c7-4a22-a47d-8c48425ef4a7,http://creativecommons.org/publicdomain/zero/1.0/legalcode,,,,
gbif,2609077061,2019-07-17,2019,7,17,60.4,24.76,,HUMAN_OBSERVATION,iNaturalist research-grade observations,50c9509d-22c7-4a22-a47d-8c48425ef4a7,http://creativecommons.org/licenses/by-nc/4.0/legalcode,,,,
gbif,2609077065,2019-07-17,2019,7,17,60.4,24.76,,HUMAN_OBSERVATION,iNaturalist research-grade observations,50c9509d-22c7-4a22-a47d-8c48425ef4a7,http://creativecommons.org/licenses/by-nc/4.0/legalcode,,,,
gbif,3441128158,2019-07-15,2019,7,15,60.447346,24.980507,1.0,HUMAN_OBSERVATION,The Atlas of Finnish Fungi,2bc4c2db-1dfa-419c-93ce-6602c5ae8c99,http://creativecommons.org/licenses/by/4.0/legalcode,"Kolistimenmäki, kolistimensyrjä",,kesäloma-asuntotontti,
gbif,3441133740,2019-07-20,2019,7,20,60.447381,24.846457,1.0,MACHINE_OBSERVATION,The Atlas of Finnish Fungi,2bc4c2db-1dfa-419c-93ce-6602c5ae8c99,http://creativecommons.org/licenses/by/4.0/legalcode,Kaanaan luonnonsuojelualue,,"osittain vaikeakulkuista rinnekuusikkoa, paljon kattuneita runkoja",
gbif,3441134061,2019-07-19,2019,7,19,60.217381,22.907869,1.0,MACHINE_OBSERVATION,The Atlas of Finnish Fungi,2bc4c2db-1dfa-419c-93ce-6602c5ae8c99,http://creativecommons.org/licenses/by/4.0/legalcode,"Perniö, Mathildedal, Matildan puistotie",,,
gbif,3441139306,2019-07-13,2019,7,13,60.279219,25.220217,1.0,MACHINE_OBSERVATION,The Atlas of Finnish Fungi,2bc4c2db-1dfa-419c-93ce-6602c5ae8c99,http://creativecommons.org/licenses/by/4.0/legalcode,Hältingträsk,,,
gbif,3441139746,2019-07-08,2019,7,8,60.260074,24.919328,10000.0,HUMAN_OBSERVATION,The Atlas of Finnish Fungi,2bc4c2db-1dfa-419c-93ce-6602c5ae8c99,http://creativecommons.org/licenses/by/4.0/legalcode,,,,
gbif,3441149288,2019-07-03,2019,7,3,60.260074,24.919328,10000.0,HUMAN_OBSERVATION,The Atlas of Finnish Fungi,2bc4c2db-1dfa-419c-93ce-6602c5ae8c99,http://creativecommons.org/licenses/by/4.0/legalcode,,,,
gbif,3441149802,2019-07-06,2019,7,6,60.190135,22.217603,10000.0,MACHINE_OBSERVATION,The Atlas of Finnish Fungi,2bc4c2db-1dfa-419c-93ce-6602c5ae8c99,http://creativecommons.org/licenses/by/4.0/legalcode,,,,
gbif,3441152594,2019-07-18,2019,7,18,62.649556,24.043235,1.0,MACHINE_OBSERVATION,The Atlas of Finnish Fungi,2bc4c2db-1dfa-419c-93ce-6602c5ae8c99,http://creativecommons.org/licenses/by/4.0/legalcode,Vanhamäki,,Vanhamäen laella kulkevan pohjois-eteläsuuntaisen polun varressa,
gbif,3441160927,2019-07-17,2019,7,17,62.620312,29.965498,1.0,MACHINE_OBSERVATION,The Atlas of Finnish Fungi,2bc4c2db-1dfa-419c-93ce-6602c5ae8c99,http://creativecommons.org/licenses/by/4.0/legalcode,,,,
gbif,3441166632,2019-07-24,2019,7,24,65.039391,25.725059,1.0,MACHINE_OBSERVATION,The Atlas of Finnish Fungi,2bc4c2db-1dfa-419c-93ce-6602c5ae8c99,http://creativecommons.org/licenses/by/4.0/legalcode,Yli-Kiiminki,Kuivia,,
gbif,3441169932,2019-07-09,2019,7,9,60.335329,23.205567,100.0,MACHINE_OBSERVATION,The Atlas of Finnish Fungi,2bc4c2db-1dfa-419c-93ce-6602c5ae8c99,http://creativecommons.org/licenses/by/4.0/legalcode,Pullola,,Tuore kuusimetsä,
gbif,3441175459,2019-07-09,2019,7,9,62.253711,25.646228,1.0,HUMAN_OBSERVATION,The Atlas of Finnish Fungi,2bc4c2db-1dfa-419c-93ce-6602c5ae8c99,http://creativecommons.org/licenses/by/4.0/legalcode,Könkkölä,,metsittyneen ajouran reunassa,
gbif,3441188410,2019-07-13,2019,7,13,60.285683,25.206846,1.0,MACHINE_OBSERVATION,The Atlas of Finnish Fungi,2bc4c2db-1dfa-419c-93ce-6602c5ae8c99,http://creativecommons.org/licenses/by/4.0/legalcode,Degermossa,,,
gbif,3441189684,2019-07-19,2019,7,19,62.960366,22.969306,1.0,HUMAN_OBSERVATION,The Atlas of Finnish Fungi,2bc4c2db-1dfa-419c-93ce-6602c5ae8c99,http://creativecommons.org/licenses/by/4.0/legalcode,,,,
gbif,3441191371,2019-07-10,2019,7,10,62.071188,27.092385,10000.0,MACHINE_OBSERVATION,The Atlas of Finnish Fungi,2bc4c2db-1dfa-419c-93ce-6602c5ae8c99,http://creativecommons.org/licenses/by/4.0/legalcode,,"Kosteaa, varjoisaa",,
gbif,3441192492,2019-07-09,2019,7,,62.071188,27.092385,10000.0,MACHINE_OBSERVATION,The Atlas of Finnish Fungi,2bc4c2db-1dfa-419c-93ce-6602c5ae8c99,http://creativecommons.org/licenses/by/4.0/legalcode,,Koivuvaltainen suojeltu metsä,,
gbif,3441192584,2019-07-07,2019,7,7,61.367549,22.638801,1.0,MACHINE_OBSERVATION,The Atlas of Finnish Fungi,2bc4c2db-1dfa-419c-93ce-6602c5ae8c99,http://creativecommons.org/licenses/by/4.0/legalcode,Vehkakorpi,,Puuhakkeella kunnostettu vanha tiemaa,
gbif,3441192629,2019-07-08,2019,7,8,60.260074,24.919328,10000.0,HUMAN_OBSERVATION,The Atlas of Finnish Fungi,2bc4c2db-1dfa-419c-93ce-6602c5ae8c99,http://creativecommons.org/licenses/by/4.0/legalcode,,,,
gbif,3441192696,2019-07-09,2019,7,,62.071188,27.092385,10000.0,MACHINE_OBSERVATION,The Atlas of Finnish Fungi,2bc4c2db-1dfa-419c-93ce-6602c5ae8c99,http://creativecommons.org/licenses/by/4.0/legalcode,,Valevahveroiden joukossa,,
gbif,3441197985,2019-07-08,2019,7,8,60.721863,24.844981,1.0,HUMAN_OBSERVATION,The Atlas of Finnish Fungi,2bc4c2db-1dfa-419c-93ce-6602c5ae8c99,http://creativecommons.org/licenses/by/4.0/legalcode,Suonummi,,,
gbif,3441209400,2019-07-11,2019,7,11,62.319483,26.355924,1.0,MACHINE_OBSERVATION,The Atlas of Finnish Fungi,2bc4c2db-1dfa-419c-93ce-6602c5ae8c99,http://creativecommons.org/licenses/by/4.0/legalcode,"Niemisjärvi, yp polku ja pellon reuna metsä",nuoria,"Vanha metsäpolku/tie. Myös lehtipuita mm. koivu, haapa ja leppä",
gbif,3447933128,2019-07-04,2019,7,4,61.686638,27.710929,1.0,MACHINE_OBSERVATION,"Notebook, general observations",df12ca07-f133-4550-ab3b-fde13f0e76ba,http://creativecommons.org/licenses/by/4.0/legalcode,,pieniä,Puronvarsi,
gbif,3448878352,2019-07-10,2019,7,,60.666155,23.607665,1000.0,PRESERVED_SPECIMEN,"Notebook, general observations",df12ca07-f133-4550-ab3b-fde13f0e76ba,http://creativecommons.org/licenses/by/4.0/legalcode,"Hämeen Härkätie, 761-895-0-2802, Pajula, cpwa",Keywords: { Kansalaisen kasvilenkki® } | Kasvilenkkiyhdistyksen projektina Combo F45°C 2 h / R40°C 12 h kuivattu näyte nro 2584 minigrip-pussissa.,Plant Walk in Somero. Kasvilenkki Somerolla. maantien (2802) pientareita ja metsäteitä hyvä retkeilyyn,
gbif,3441126865,2019-08-31,2019,8,31,62.071188,27.092385,10000.0,MACHINE_OBSERVATION,The Atlas of Finnish Fungi,2bc4c2db-1dfa-419c-93ce-6602c5ae8c99,http://creativecommons.org/licenses/by/4.0/legalcode,,Neulaskarikkeessa,,
gbif,3441160920,2019-08-23,2019,8,23,61.767068,28.795875,1.0,MACHINE_OBSERVATION,The Atlas of Finnish Fungi,2bc4c2db-1dfa-419c-93ce-6602c5ae8c99,http://creativecommons.org/licenses/by/4.0/legalcode,Kokonsaari,,,
gbif,3441162770,2019-08-24,2019,8,24,66.121589,27.603329,1.0,MACHINE_OBSERVATION,The Atlas of Finnish Fungi,2bc4c2db-1dfa-419c-93ce-6602c5ae8c99,http://creativecommons.org/licenses/by/4.0/legalcode,Korouoma,,Jyrkkä metsäinen rinne,
gbif,3441166175,2019-08-24,2019,8,24,61.737617,29.489358,100.0,MACHINE_OBSERVATION,The Atlas of Finnish Fungi,2bc4c2db-1dfa-419c-93ce-6602c5ae8c99,http://creativecommons.org/licenses/by/4.0/legalcode,Punkaharju 1,,,
gbif,3441170072,2019-08-21,2019,8,21,61.581371,23.373106,1.0,MACHINE_OBSERVATION,The Atlas of Finnish Fungi,2bc4c2db-1dfa-419c-93ce-6602c5ae8c99,http://creativecommons.org/licenses/by/4.0/legalcode,Sasi,,"Puron varsi, kapealti tuoretta lehtoa, ympärillä käsiteltyä OMT talousmetsää, valtapuu kuusi, koivu",
gbif,3441174678,2019-08-27,2019,8,27,61.755194,29.275478,1000.0,MACHINE_OBSERVATION,The Atlas of Finnish Fungi,2bc4c2db-1dfa-419c-93ce-6602c5ae8c99,http://creativecommons.org/licenses/by/4.0/legalcode,"Vaahersalo, Punkaharju",,,
gbif,3441191068,2019-08-03,2019,8,3,63.434709,28.111622,1.0,HUMAN_OBSERVATION,The Atlas of Finnish Fungi,2bc4c2db-1dfa-419c-93ce-6602c5ae8c99,http://creativecommons.org/licenses/by/4.0/legalcode,"Tiilikkajoki, Huuhkajankierros",,"Rotkokanjoni, reunoilla reheviä luhtia ja tihkupintoja, kuusivaltaisia metsiä törmän alla, törmän päällä kuivahko männikkö. Joen rannassa paikoin pieniä haavikoita.",
gbif,3441193822,2019-08-17,2019,8,17,60.930234,23.127416,1.0,MACHINE_OBSERVATION,The Atlas of Finnish Fungi,2bc4c2db-1dfa-419c-93ce-6602c5ae8c99,http://creativecommons.org/licenses/by/4.0/legalcode,"Loimaa, Metsämaa",,,
gbif,3441194546,2019-08-17,2019,8,17,60.930421,23.126027,1.0,MACHINE_OBSERVATION,The Atlas of Finnish Fungi,2bc4c2db-1dfa-419c-93ce-6602c5ae8c99,http://creativecommons.org/licenses/by/4.0/legalcode,"Loimaa, Metsämaa",,,
gbif,3441209468,2019-08-31,2019,8,31,65.242819,25.322643,1000.0,MACHINE_OBSERVATION,The Atlas of Finnish Fungi,2bc4c2db-1dfa-419c-93ce-6602c5ae8c99,http://creativecommons.org/licenses/by/4.0/legalcode,Halosenniemi,Neliökilometriruudussa 7239:3421. Viisi itiöemää.,,
gbif,3448856294,2019-08-27,2019,8,27,60.126202,23.517112,1.0,HUMAN_OBSERVATION,"Notebook, general observations",df12ca07-f133-4550-ab3b-fde13f0e76ba,http://creativecommons.org/licenses/by/4.0/legalcode,"Pohja, Konkakumpu",,"Kangasmetsä, jossa tasaisesti mäntyjä, kuusia ja koivuja sekä puolukkaa ja mustikkaa.",
gbif,2423015531,2019-09-11,2019,9,11,60.277738,24.450615,4.0,HUMAN_OBSERVATION,iNaturalist research-grade observations,50c9509d-22c7-4a22-a47d-8c48425ef4a7,http://creativecommons.org/licenses/by-nc/4.0/legalcode,,,,
gbif,2423036590,2019-09-12,2019,9,12,60.229721,25.050833,,HUMAN_OBSERVATION,iNaturalist research-grade observations,50c9509d-22c7-4a22-a47d-8c48425ef4a7,http://creativecommons.org/licenses/by-nc/4.0/legalcode,,,,
gbif,2423061176,2019-09-14,2019,9,14,60.269568,24.495573,4.0,HUMAN_OBSERVATION,iNaturalist research-grade observations,50c9509d-22c7-4a22-a47d-8c48425ef4a7,http://creativecommons.org/licenses/by-nc/4.0/legalcode,,,,
gbif,3435181452,2019-09-20,2019,9,20,60.45643,22.284904,100.0,PRESERVED_SPECIMEN,Botanical Collections of the Åbo Akademi,9f6be6a5-fa23-4471-97c6-67cd21bcf53a,http://creativecommons.org/licenses/by/4.0/legalcode,University Campus,Keywords: { TUR-A 208672 },,"university area. N slope, in wood with Quercus robur and Betula pendula."
gbif,3441133028,2019-09-26,2019,9,26,61.367572,27.40358,1.0,MACHINE_OBSERVATION,The Atlas of Finnish Fungi,2bc4c2db-1dfa-419c-93ce-6602c5ae8c99,http://creativecommons.org/licenses/by/4.0/legalcode,Punkka,,,
gbif,3441134640,2019-09-26,2019,9,26,61.367528,27.409085,100.0,MACHINE_OBSERVATION,The Atlas of Finnish Fungi,2bc4c2db-1dfa-419c-93ce-6602c5ae8c99,http://creativecommons.org/licenses/by/4.0/legalcode,"Suomenniemi, Punkka, Ls.alue",,,
gbif,3441134765,2019-09-23,2019,9,23,60.729539,24.740326,1.0,MACHINE_OBSERVATION,The Atlas of Finnish Fungi,2bc4c2db-1dfa-419c-93ce-6602c5ae8c99,http://creativecommons.org/licenses/by/4.0/legalcode,Mattila / Lasi,,Sekametsää. Selvästi vanhaa ja/tai nykyistä maankaatopaikkaa.,
gbif,3441145624,2019-09-27,2019,9,27,61.5654,21.52732,1.0,MACHINE_OBSERVATION,The Atlas of Finnish Fungi,2bc4c2db-1dfa-419c-93ce-6602c5ae8c99,http://creativecommons.org/licenses/by/4.0/legalcode,"Yyteri, Keisarinpankki",,,
gbif,3441148401,2019-09-13,2019,9,,65.284369,28.367788,1000.0,MACHINE_OBSERVATION,The Atlas of Finnish Fungi,2bc4c2db-1dfa-419c-93ce-6602c5ae8c99,http://creativecommons.org/licenses/by/4.0/legalcode,Kissankulma,,,
gbif,3441156947,2019-09-14,2019,9,14,60.419308,25.212363,1.0,MACHINE_OBSERVATION,The Atlas of Finnish Fungi,2bc4c2db-1dfa-419c-93ce-6602c5ae8c99,http://creativecommons.org/licenses/by/4.0/legalcode,Kalkberg,,,
gbif,3441173060,2019-09-08,2019,9,8,64.317492,28.082975,100.0,MACHINE_OBSERVATION,The Atlas of Finnish Fungi,2bc4c2db-1dfa-419c-93ce-6602c5ae8c99,http://creativecommons.org/licenses/by/4.0/legalcode,Kontiomäki,,,
gbif,3441173125,2019-09-10,2019,9,10,68.155041,28.568406,1000.0,MACHINE_OBSERVATION,The Atlas of Finnish Fungi,2bc4c2db-1dfa-419c-93ce-6602c5ae8c99,http://creativecommons.org/licenses/by/4.0/legalcode,Vongoivanräystäs,Tunturikoivikko,,
gbif,3441174110,2019-09-27,2019,9,27,61.563866,21.527787,1000.0,MACHINE_OBSERVATION,The Atlas of Finnish Fungi,2bc4c2db-1dfa-419c-93ce-6602c5ae8c99,http://creativecommons.org/licenses/by/4.0/legalcode,Yyteri,,,
gbif,3441174627,2019-09-19,2019,9,19,60.282675,25.167721,1000.0,HUMAN_OBSERVATION,The Atlas of Finnish Fungi,2bc4c2db-1dfa-419c-93ce-6602c5ae8c99,http://creativecommons.org/licenses/by/4.0/legalcode,Sipoo,,,
gbif,3441183203,2019-09-21,2019,9,21,62.743219,22.186315,1000.0,MACHINE_OBSERVATION,The Atlas of Finnish Fungi,2bc4c2db-1dfa-419c-93ce-6602c5ae8c99,http://creativecommons.org/licenses/by/4.0/legalcode,Pässilänvuori,,"lehtomaista tuoretta kangasta, korpisuutta, suojelualueella metsälehmuslehtoa",
gbif,3441202392,2019-09-03,2019,9,3,66.320352,26.262424,1.0,MACHINE_OBSERVATION,The Atlas of Finnish Fungi,2bc4c2db-1dfa-419c-93ce-6602c5ae8c99,http://creativecommons.org/licenses/by/4.0/legalcode,Iso Katiskonlampi,,,
gbif,3441205576,2019-09-18,2019,9,18,60.198235,23.984324,1.0,MACHINE_OBSERVATION,The Atlas of Finnish Fungi,2bc4c2db-1dfa-419c-93ce-6602c5ae8c99,http://creativecommons.org/licenses/by/4.0/legalcode,Pähkinäniemi,,,
gbif,3447949393,2019-09-12,2019,9,12,60.102754,24.351658,1000.0,HUMAN_OBSERVATION,"Notebook, general observations",df12ca07-f133-4550-ab3b-fde13f0e76ba,http://creativecommons.org/licenses/by/4.0/legalcode,Bergmossens berg,,"Kirkkonummen-Siuntion rajalla oleva metsäalue, vt 51 pohjoispuolella vaihteleva n +15",
gbif,3448146268,2019-09-01,2019,9,1,60.317366,24.667769,1000.0,HUMAN_OBSERVATION,"Notebook, general observations",df12ca07-f133-4550-ab3b-fde13f0e76ba,http://creativecommons.org/licenses/by/4.0/legalcode,,,,
gbif,3448147694,2019-09-17,2019,9,17,60.146853,22.295795,100.0,PRESERVED_SPECIMEN,"Notebook, general observations",df12ca07-f133-4550-ab3b-fde13f0e76ba,http://creativecommons.org/licenses/by/4.0/legalcode,Attu,,,
gbif,3448154869,2019-09-14,2019,9,14,60.829008,24.582976,1.0,MACHINE_OBSERVATION,"Notebook, general observations",df12ca07-f133-4550-ab3b-fde13f0e76ba,http://creativecommons.org/licenses/by/4.0/legalcode,Kusiaismäki,,metsä,
gbif,3448427064,2019-09-21,2019,9,21,62.222817,25.750341,1000.0,HUMAN_OBSERVATION,"Notebook, general observations",df12ca07-f133-4550-ab3b-fde13f0e76ba,http://creativecommons.org/licenses/by/4.0/legalcode,Kylmänoro,Keywords: { Lauantai },"Ilta, pilvistä, +7",
gbif,3448429291,2019-09-21,2019,9,21,59.98781,24.4452,1000.0,HUMAN_OBSERVATION,"Notebook, general observations",df12ca07-f133-4550-ab3b-fde13f0e76ba,http://creativecommons.org/licenses/by/4.0/legalcode,Källviklandet,,Lähteelän lintutornin läheinen metsalue Epävaainen n +11 C,
gbif,3448457394,2019-09-16,2019,9,16,60.103328,23.484613,100.0,HUMAN_OBSERVATION,"Notebook, general observations",df12ca07-f133-4550-ab3b-fde13f0e76ba,http://creativecommons.org/licenses/by/4.0/legalcode,"Pohja, Brödtorp, kartanomäen itäpää",,"Jalopuulehto, luonnontilaisen kaltainen, vanhaa kulttuurivaikutusta. Eri-ikäisrakenteinen lehtipuusto: järeitä vuorijalavia (läpimitta 80 cm) ja saarnia, vaahteroita, harmaaleppiä, vanhoja järeitä rauduskoivuja, muutamia tuomia ja kuusia alikasvoksena, saarnen ja vaahteran taimia. S-osassa myös haap",
gbif,3448662541,2019-09-04,2019,9,4,60.210805,25.03211,1000.0,HUMAN_OBSERVATION,"Notebook, general observations",df12ca07-f133-4550-ab3b-fde13f0e76ba,http://creativecommons.org/licenses/by/4.0/legalcode,,,,
gbif,3448789603,2019-09-05,2019,9,5,61.512503,23.842074,1.0,HUMAN_OBSERVATION,"Notebook, general observations",df12ca07-f133-4550-ab3b-fde13f0e76ba,http://creativecommons.org/licenses/by/4.0/legalcode,Kauppi,,,
gbif,3448864879,2019-09-17,2019,9,17,62.261094,25.70113,1000.0,HUMAN_OBSERVATION,"Notebook, general observations",df12ca07-f133-4550-ab3b-fde13f0e76ba,http://creativecommons.org/licenses/by/4.0/legalcode,Laajavuori,,Haukkalantien länsipuolinen rinnemetsä,
gbif,3448868111,2019-09-04,2019,9,4,60.426763,22.206345,1000.0,HUMAN_OBSERVATION,"Notebook, general observations",df12ca07-f133-4550-ab3b-fde13f0e76ba,http://creativecommons.org/licenses/by/4.0/legalcode,Pikisaari,,,
gbif,3448879879,2019-09-14,2019,9,14,62.194852,24.783143,1.0,HUMAN_OBSERVATION,"Notebook, general observations",df12ca07-f133-4550-ab3b-fde13f0e76ba,http://creativecommons.org/licenses/by/4.0/legalcode,"Pohjoisjärvi, Puusti",,,
gbif,2445128690,2019-10-16,2019,10,16,61.646947,22.821985,42538.0,HUMAN_OBSERVATION,iNaturalist research-grade observations,50c9509d-22c7-4a22-a47d-8c48425ef4a7,http://creativecommons.org/licenses/by-nc/4.0/legalcode,,,,
gbif,2851316315,2019-10-15,2019,10,15,60.607372,23.990142,12.0,HUMAN_OBSERVATION,iNaturalist research-grade observations,50c9509d-22c7-4a22-a47d-8c48425ef4a7,http://creativecommons.org/licenses/by-nc/4.0/legalcode,,,,
gbif,3441128567,2019-10-06,2019,10,6,60.42924,22.314903,1.0,MACHINE_OBSERVATION,The Atlas of Finnish Fungi,2bc4c2db-1dfa-419c-93ce-6602c5ae8c99,http://creativecommons.org/licenses/by/4.0/legalcode,Skanssi,,,
gbif,3441129342,2019-10-24,2019,10,24,63.1256,21.7306,1.0,HUMAN_OBSERVATION,The Atlas of Finnish Fungi,2bc4c2db-1dfa-419c-93ce-6602c5ae8c99,http://creativecommons.org/licenses/by/4.0/legalcode,Lintuvuori,,,
gbif,3441130077,2019-10-29,2019,10,29,60.354616,25.729366,1.0,MACHINE_OBSERVATION,The Atlas of Finnish Fungi,2bc4c2db-1dfa-419c-93ce-6602c5ae8c99,http://creativecommons.org/licenses/by/4.0/legalcode,Stensböle,,,
gbif,3441136254,2019-10-12,2019,10,12,60.223327,24.923678,1.0,MACHINE_OBSERVATION,The Atlas of Finnish Fungi,2bc4c2db-1dfa-419c-93ce-6602c5ae8c99,http://creativecommons.org/licenses/by/4.0/legalcode,Maunulanpuisto,,,
gbif,3441161368,2019-10-27,2019,10,27,62.058115,23.934917,100.0,MACHINE_OBSERVATION,The Atlas of Finnish Fungi,2bc4c2db-1dfa-419c-93ce-6602c5ae8c99,http://creativecommons.org/licenses/by/4.0/legalcode,Pohtio,,Paksusammalinen kostea kuusikko,
gbif,3441165448,2019-10-05,2019,10,5,60.452849,26.249933,1.0,MACHINE_OBSERVATION,The Atlas of Finnish Fungi,2bc4c2db-1dfa-419c-93ce-6602c5ae8c99,http://creativecommons.org/licenses/by/4.0/legalcode,Määrlahti,,,
gbif,3441170944,2019-10-13,2019,10,13,60.296098,25.147634,1.0,MACHINE_OBSERVATION,The Atlas of Finnish Fungi,2bc4c2db-1dfa-419c-93ce-6602c5ae8c99,http://creativecommons.org/licenses/by/4.0/legalcode,Kalkkiruukki,,,
gbif,3441189938,2019-10-01,2019,10,1,60.326875,23.218321,1000.0,PRESERVED_SPECIMEN,The Atlas of Finnish Fungi,2bc4c2db-1dfa-419c-93ce-6602c5ae8c99,http://creativecommons.org/licenses/by/4.0/legalcode,Pullola,"Voi olla myös keltavahveron valkoinen muoto, koska ei ollenkaan keltaista. Omissa näytteissä numerolla 919.",,
gbif,3441198183,2019-10-10,2019,10,10,60.22796,24.945496,1.0,PRESERVED_SPECIMEN,The Atlas of Finnish Fungi,2bc4c2db-1dfa-419c-93ce-6602c5ae8c99,http://creativecommons.org/licenses/by/4.0/legalcode,Kustaankartano,,,
gbif,3441210131,2019-10-27,2019,10,27,60.554126,24.49324,1000.0,MACHINE_OBSERVATION,The Atlas of Finnish Fungi,2bc4c2db-1dfa-419c-93ce-6602c5ae8c99,http://creativecommons.org/licenses/by/4.0/legalcode,Ylimmäinen,,,
gbif,3441216903,2019-10-13,2019,10,,60.524614,24.469699,1000.0,MACHINE_OBSERVATION,The Atlas of Finnish Fungi,2bc4c2db-1dfa-419c-93ce-6602c5ae8c99,http://creativecommons.org/licenses/by/4.0/legalcode,Hiukkalammi,,Mäntyvoittoista kangasta sekä suota,
gbif,3448427189,2019-10-12,2019,10,12,61.933916,25.710771,1000.0,HUMAN_OBSERVATION,"Notebook, general observations",df12ca07-f133-4550-ab3b-fde13f0e76ba,http://creativecommons.org/licenses/by/4.0/legalcode,Vaarunvuori,,"Päivä, tihkusade, +2",
gbif,2451695519,2019-11-02,2019,11,2,60.247458,25.16884,,HUMAN_OBSERVATION,iNaturalist research-grade observations,50c9509d-22c7-4a22-a47d-8c48425ef4a7,http://creativecommons.org/licenses/by-nc/4.0/legalcode,,,,
gbif,3441132143,2019-11-25,2019,11,25,60.867569,26.600144,1.0,MACHINE_OBSERVATION,The Atlas of Finnish Fungi,2bc4c2db-1dfa-419c-93ce-6602c5ae8c99,http://creativecommons.org/licenses/by/4.0/legalcode,Keltti,,,
gbif,3448670203,2019-11-09,2019,11,9,61.371899,22.599805,10000.0,HUMAN_OBSERVATION,"Notebook, general observations",df12ca07-f133-4550-ab3b-fde13f0e76ba,http://creativecommons.org/licenses/by/4.0/legalcode,,,,
gbif,3441162055,2019-12-27,2019,12,27,60.173105,25.105165,10000.0,MACHINE_OBSERVATION,The Atlas of Finnish Fungi,2bc4c2db-1dfa-419c-93ce-6602c5ae8c99,http://creativecommons.org/licenses/by/4.0/legalcode,,"Jäätyneitä, erikoinen ajankohta, eivät syömäkelpoisia",,
gbif,3447954378,2019-12-30,2019,12,30,60.408445,22.157969,100.0,HUMAN_OBSERVATION,"Notebook, general observations",df12ca07-f133-4550-ab3b-fde13f0e76ba,http://creativecommons.org/licenses/by/4.0/legalcode,Maanpää,,,
gbif,3441160220,2019-07-06,2019,,,60.262809,25.09998,10000.0,MACHINE_OBSERVATION,The Atlas of Finnish Fungi,2bc4c2db-1dfa-419c-93ce-6602c5ae8c99,http://creativecommons.org/licenses/by/4.0/legalcode,,Pieniä,,
gbif,3447933184,2019-09-06,2019,,,60.07033,23.857508,1000.0,HUMAN_OBSERVATION,"Notebook, general observations",df12ca07-f133-4550-ab3b-fde13f0e76ba,http://creativecommons.org/licenses/by/4.0/legalcode,Gårdsböle,,"Monimuotoinen ja vaihteleva alue. Poutainen , n +15 C",
gbif,3449156458,2019-04-30,2019,,,59.989227,24.437053,100.0,HUMAN_OBSERVATION,"Notebook, general observations",df12ca07-f133-4550-ab3b-fde13f0e76ba,http://creativecommons.org/licenses/by/4.0/legalcode,Skolberga,,Porkkalan vanha koulu,
gbif,3441014894,2018-01-02,2018,1,2,60.428384,22.202274,1000.0,HUMAN_OBSERVATION,Hatikka.fi observations,b84a3711-b4ca-4e4f-adac-80dfaea98d1c,http://creativecommons.org/licenses/by/4.0/legalcode,Pikisaari,Keywords: { 7BE56CBA-B427-4B1E-878C-82B5D55DDD6F | A5A5F834-4269-4C2E-9D0C-0C7BA8BF7FBE },,
gbif,3441026837,2018-01-01,2018,1,1,60.419542,22.184415,1000.0,HUMAN_OBSERVATION,Hatikka.fi observations,b84a3711-b4ca-4e4f-adac-80dfaea98d1c,http://creativecommons.org/licenses/by/4.0/legalcode,"Turku, Jänessaari",Keywords: { 7BE56CBA-B427-4B1E-878C-82B5D55DDD6F | B86ADE64-E8CD-4AF5-BF5E-9E80AC41D8FB } | edelleen tammikuussa 2018,,
gbif,4023920692,2018-01-05,2018,1,5,60.335663,25.723654,10.0,PRESERVED_SPECIMEN,Aphyllophorales Fennoscandiae orientalis,0786c87e-0e18-4620-9633-d3a358e1ed2c,http://creativecommons.org/licenses/by/4.0/legalcode,"Bjurböle | Meteoriittie 27, Mäntymäki NW",Keywords: { H6068803 },,"On a bank of a brook on grass-herb forest with Corydalis solida, Pinus sylvestris, Betula pendula and Salix myrsinifolia"
gbif,3441135562,2018-06-23,2018,6,23,60.173577,25.028421,100.0,HUMAN_OBSERVATION,The Atlas of Finnish Fungi,2bc4c2db-1dfa-419c-93ce-6602c5ae8c99,http://creativecommons.org/licenses/by/4.0/legalcode,,,,
gbif,3441145944,2018-06-03,2018,6,3,61.927291,28.803722,1.0,MACHINE_OBSERVATION,The Atlas of Finnish Fungi,2bc4c2db-1dfa-419c-93ce-6602c5ae8c99,http://creativecommons.org/licenses/by/4.0/legalcode,,Hyvin pieniä alkuja,,
gbif,3441146313,2018-06-23,2018,6,23,60.715166,24.868853,1000.0,MACHINE_OBSERVATION,The Atlas of Finnish Fungi,2bc4c2db-1dfa-419c-93ce-6602c5ae8c99,http://creativecommons.org/licenses/by/4.0/legalcode,"Erkylä , Hausjärvi",,Joen penkalla,
gbif,3441162089,2018-06-26,2018,6,26,60.360611,22.248131,1.0,MACHINE_OBSERVATION,The Atlas of Finnish Fungi,2bc4c2db-1dfa-419c-93ce-6602c5ae8c99,http://creativecommons.org/licenses/by/4.0/legalcode,,,,
gbif,3441127126,2018-07-01,2018,7,1,60.332446,24.554137,5000.0,MACHINE_OBSERVATION,The Atlas of Finnish Fungi,2bc4c2db-1dfa-419c-93ce-6602c5ae8c99,http://creativecommons.org/licenses/by/4.0/legalcode,"Vihti, Nuuksion Kansallispuisto",,,
gbif,3441135946,2018-07-15,2018,7,15,60.382468,25.653544,1.0,MACHINE_OBSERVATION,The Atlas of Finnish Fungi,2bc4c2db-1dfa-419c-93ce-6602c5ae8c99,http://creativecommons.org/licenses/by/4.0/legalcode,Kokonniemi,,,
gbif,3441142541,2018-07-13,2018,7,13,60.389631,26.008345,1000.0,HUMAN_OBSERVATION,The Atlas of Finnish Fungi,2bc4c2db-1dfa-419c-93ce-6602c5ae8c99,http://creativecommons.org/licenses/by/4.0/legalcode,Isnäs,,,
gbif,3441149292,2018-07-08,2018,7,8,60.242997,22.217535,10000.0,HUMAN_OBSERVATION,The Atlas of Finnish Fungi,2bc4c2db-1dfa-419c-93ce-6602c5ae8c99,http://creativecommons.org/licenses/by/4.0/legalcode,,,,
gbif,3441159600,2018-07-03,2018,7,3,60.39348,25.776587,1.0,MACHINE_OBSERVATION,The Atlas of Finnish Fungi,2bc4c2db-1dfa-419c-93ce-6602c5ae8c99,http://creativecommons.org/licenses/by/4.0/legalcode,,,Tuore kangasmetsä,
gbif,3441194512,2018-07-21,2018,7,21,60.233755,25.14276,1.0,MACHINE_OBSERVATION,The Atlas of Finnish Fungi,2bc4c2db-1dfa-419c-93ce-6602c5ae8c99,http://creativecommons.org/licenses/by/4.0/legalcode,"Helsinki, Mustavuori",,,
gbif,3441205371,2018-07-06,2018,7,,62.007043,24.554853,1.0,HUMAN_OBSERVATION,The Atlas of Finnish Fungi,2bc4c2db-1dfa-419c-93ce-6602c5ae8c99,http://creativecommons.org/licenses/by/4.0/legalcode,Vilppula Kotikallio,Ensimmäiset löydöt,Kotikallio metsän nimenä,
gbif,3441212002,2018-07-09,2018,7,9,60.3445,25.206989,1.0,MACHINE_OBSERVATION,The Atlas of Finnish Fungi,2bc4c2db-1dfa-419c-93ce-6602c5ae8c99,http://creativecommons.org/licenses/by/4.0/legalcode,"Sipoo, Ängesböle",,,
gbif,3447816292,2018-07-25,2018,7,,62.191437,29.150823,1000.0,PRESERVED_SPECIMEN,"Notebook, general observations",df12ca07-f133-4550-ab3b-fde13f0e76ba,http://creativecommons.org/licenses/by/4.0/legalcode,Savonranta,Keywords: { Kantarelli },Koivikkolehto,
gbif,3447881564,2018-07-22,2018,7,22,62.194798,24.783193,1.0,HUMAN_OBSERVATION,"Notebook, general observations",df12ca07-f133-4550-ab3b-fde13f0e76ba,http://creativecommons.org/licenses/by/4.0/legalcode,"Pohjoisjärvi, Puusti",,,
gbif,3447897407,2018-07-31,2018,7,31,60.668565,23.604927,1000.0,PRESERVED_SPECIMEN,"Notebook, general observations",df12ca07-f133-4550-ab3b-fde13f0e76ba,http://creativecommons.org/licenses/by/4.0/legalcode,"Hämeen Härkätie, 761-895-0-2802, Pajula, 761-419-2-41, 761-419-3-27, cpwa, 761-4",Keywords: { Kansalaisen kasvilenkki® } | Kasvilenkkiyhdistyksen projektina 40°C:ssa 12 h kuivattu näyte nro 1811 minigrip-pussissa.,"Plant Walk in Somero. Kasvilenkki Somerolla. kuusivaltaista sekametsää ja rahkasuota Ulkosää 31.7.2018 klo 19.20:  28,1°C, vuorokauden ylin keittiön mittarissa 31,4°C, alin 20,1°C,  vuorokauden sadekertymä 0 mm.",
gbif,3441133882,2018-08-24,2018,8,24,60.930097,23.122465,1.0,MACHINE_OBSERVATION,The Atlas of Finnish Fungi,2bc4c2db-1dfa-419c-93ce-6602c5ae8c99,http://creativecommons.org/licenses/by/4.0/legalcode,"Loimaa, Metsämaa, Haukkasuo",,Tien reunan lähistö,
gbif,3441134437,2018-08-20,2018,8,20,65.008336,25.85821,100.0,MACHINE_OBSERVATION,The Atlas of Finnish Fungi,2bc4c2db-1dfa-419c-93ce-6602c5ae8c99,http://creativecommons.org/licenses/by/4.0/legalcode,"Järvikangas, Sanginjoki",Useita pieniä ryppäitä erillään toisistaan.,Luontopolun varrella.,
gbif,3441135241,2018-08-10,2018,8,10,61.0948,28.353052,1.0,MACHINE_OBSERVATION,The Atlas of Finnish Fungi,2bc4c2db-1dfa-419c-93ce-6602c5ae8c99,http://creativecommons.org/licenses/by/4.0/legalcode,,,,
gbif,3441135600,2018-08-23,2018,8,23,61.578037,23.512903,10000.0,PRESERVED_SPECIMEN,The Atlas of Finnish Fungi,2bc4c2db-1dfa-419c-93ce-6602c5ae8c99,http://creativecommons.org/licenses/by/4.0/legalcode,,,,
gbif,3441135615,2018-08-21,2018,8,21,64.429641,27.98565,1.0,MACHINE_OBSERVATION,The Atlas of Finnish Fungi,2bc4c2db-1dfa-419c-93ce-6602c5ae8c99,http://creativecommons.org/licenses/by/4.0/legalcode,"Mieslahti, Kerälä",,,
gbif,3441140087,2018-08-24,2018,8,24,60.390211,26.004261,1000.0,MACHINE_OBSERVATION,The Atlas of Finnish Fungi,2bc4c2db-1dfa-419c-93ce-6602c5ae8c99,http://creativecommons.org/licenses/by/4.0/legalcode,Isnäs,,,
gbif,3441140242,2018-08-17,2018,8,17,63.082715,29.836306,1000.0,MACHINE_OBSERVATION,The Atlas of Finnish Fungi,2bc4c2db-1dfa-419c-93ce-6602c5ae8c99,http://creativecommons.org/licenses/by/4.0/legalcode,"Koli, Tarhapuro, Tarhapuron uoma,",,Bioblitz 2018,
gbif,3441142828,2018-08-24,2018,8,24,60.884247,23.021399,1.0,MACHINE_OBSERVATION,The Atlas of Finnish Fungi,2bc4c2db-1dfa-419c-93ce-6602c5ae8c99,http://creativecommons.org/licenses/by/4.0/legalcode,"Loimaa, Lavomäki risteys",,"Ajotien reunus, ojat",
gbif,3441142999,2018-08-08,2018,8,8,60.498624,24.691566,1.0,MACHINE_OBSERVATION,The Atlas of Finnish Fungi,2bc4c2db-1dfa-419c-93ce-6602c5ae8c99,http://creativecommons.org/licenses/by/4.0/legalcode,"Kiljava , Rajamäki",,Kuiva kuusikkorinne,
gbif,3441150454,2018-08-19,2018,8,19,61.450003,23.857357,1.0,HUMAN_OBSERVATION,The Atlas of Finnish Fungi,2bc4c2db-1dfa-419c-93ce-6602c5ae8c99,http://creativecommons.org/licenses/by/4.0/legalcode,,,,
gbif,3441162255,2018-08-15,2018,8,15,60.526192,24.720215,10000.0,MACHINE_OBSERVATION,The Atlas of Finnish Fungi,2bc4c2db-1dfa-419c-93ce-6602c5ae8c99,http://creativecommons.org/licenses/by/4.0/legalcode,,,,
gbif,3441163636,2018-08-23,2018,8,23,62.127499,26.419887,1000.0,MACHINE_OBSERVATION,The Atlas of Finnish Fungi,2bc4c2db-1dfa-419c-93ce-6602c5ae8c99,http://creativecommons.org/licenses/by/4.0/legalcode,"Siikaseläntie, lammen puoli",,Myös yksittäisiä koivuja ja mäntyjä.,
gbif,3441169344,2018-08-19,2018,8,19,60.848475,23.04314,1.0,MACHINE_OBSERVATION,The Atlas of Finnish Fungi,2bc4c2db-1dfa-419c-93ce-6602c5ae8c99,http://creativecommons.org/licenses/by/4.0/legalcode,"Loimaa, Tuulensuu",,,
gbif,3441170352,2018-08-19,2018,8,19,61.54485,23.623866,100.0,HUMAN_OBSERVATION,The Atlas of Finnish Fungi,2bc4c2db-1dfa-419c-93ce-6602c5ae8c99,http://creativecommons.org/licenses/by/4.0/legalcode,,,,
gbif,3441175849,2018-08-25,2018,8,25,60.945821,23.364951,1.0,MACHINE_OBSERVATION,The Atlas of Finnish Fungi,2bc4c2db-1dfa-419c-93ce-6602c5ae8c99,http://creativecommons.org/licenses/by/4.0/legalcode,"Humppila, ampumarata lähistö",,"Vanhaa kuusivoittoista sekametsää, metsäkoneen ura",
gbif,3441176527,2018-08-26,2018,8,26,60.84055,26.722668,1.0,HUMAN_OBSERVATION,The Atlas of Finnish Fungi,2bc4c2db-1dfa-419c-93ce-6602c5ae8c99,http://creativecommons.org/licenses/by/4.0/legalcode,,,,
gbif,3441179150,2018-08-08,2018,8,8,60.803725,23.19325,1.0,MACHINE_OBSERVATION,The Atlas of Finnish Fungi,2bc4c2db-1dfa-419c-93ce-6602c5ae8c99,http://creativecommons.org/licenses/by/4.0/legalcode,Loimaantie 213 (Kankaanharju),,,
gbif,3441183792,2018-08-17,2018,8,17,62.819203,29.867968,1.0,HUMAN_OBSERVATION,The Atlas of Finnish Fungi,2bc4c2db-1dfa-419c-93ce-6602c5ae8c99,http://creativecommons.org/licenses/by/4.0/legalcode,"Kontiolahti, Miklinlampi",,,
gbif,3441186759,2018-08-31,2018,8,31,62.581197,29.818482,10000.0,HUMAN_OBSERVATION,The Atlas of Finnish Fungi,2bc4c2db-1dfa-419c-93ce-6602c5ae8c99,http://creativecommons.org/licenses/by/4.0/legalcode,,,,
gbif,3441187669,2018-08-23,2018,8,23,60.283002,23.902314,100.0,MACHINE_OBSERVATION,The Atlas of Finnish Fungi,2bc4c2db-1dfa-419c-93ce-6602c5ae8c99,http://creativecommons.org/licenses/by/4.0/legalcode,Karkalinniemi,,,
gbif,3441187854,2018-08-23,2018,8,23,60.767679,24.905083,1.0,MACHINE_OBSERVATION,The Atlas of Finnish Fungi,2bc4c2db-1dfa-419c-93ce-6602c5ae8c99,http://creativecommons.org/licenses/by/4.0/legalcode,"Karhi , Hikiä",,Kuivaa kangasta. Mäntyä ja kuusta.,
gbif,3441187876,2018-08-20,2018,8,20,60.448946,21.985366,1.0,MACHINE_OBSERVATION,The Atlas of Finnish Fungi,2bc4c2db-1dfa-419c-93ce-6602c5ae8c99,http://creativecommons.org/licenses/by/4.0/legalcode,Luonnonmaa,,,
gbif,3441190189,2018-08-18,2018,8,18,62.356809,29.026614,1.0,MACHINE_OBSERVATION,The Atlas of Finnish Fungi,2bc4c2db-1dfa-419c-93ce-6602c5ae8c99,http://creativecommons.org/licenses/by/4.0/legalcode,"Vihtari,",LT,"Tuore kuusikko, pohjalla enimmäkseen mustikkaa, jonkin verran lehtipuita.",
gbif,3441190540,2018-08-31,2018,8,31,60.904354,26.720474,10000.0,MACHINE_OBSERVATION,The Atlas of Finnish Fungi,2bc4c2db-1dfa-419c-93ce-6602c5ae8c99,http://creativecommons.org/licenses/by/4.0/legalcode,,,,
gbif,3441190544,2018-08-31,2018,8,31,60.904354,26.720474,10000.0,MACHINE_OBSERVATION,The Atlas of Finnish Fungi,2bc4c2db-1dfa-419c-93ce-6602c5ae8c99,http://creativecommons.org/licenses/by/4.0/legalcode,,,,
gbif,3441195197,2018-08-27,2018,8,27,60.750351,24.843182,1000.0,MACHINE_OBSERVATION,The Atlas of Finnish Fungi,2bc4c2db-1dfa-419c-93ce-6602c5ae8c99,http://creativecommons.org/licenses/by/4.0/legalcode,Peltomäki,,Korpikuusikko,
gbif,3441195507,2018-08-25,2018,8,25,60.282203,23.896144,1.0,MACHINE_OBSERVATION,The Atlas of Finnish Fungi,2bc4c2db-1dfa-419c-93ce-6602c5ae8c99,http://creativecommons.org/licenses/by/4.0/legalcode,Pikkuhiekka,,,
gbif,3441195770,2018-08-16,2018,8,16,61.812841,27.356616,1.0,HUMAN_OBSERVATION,The Atlas of Finnish Fungi,2bc4c2db-1dfa-419c-93ce-6602c5ae8c99,http://creativecommons.org/licenses/by/4.0/legalcode,,,,
gbif,3441200405,2018-08-25,2018,8,25,61.262771,27.81495,1.0,HUMAN_OBSERVATION,The Atlas of Finnish Fungi,2bc4c2db-1dfa-419c-93ce-6602c5ae8c99,http://creativecommons.org/licenses/by/4.0/legalcode,"Savitaipale, Korholansaari",suurin osa kasvoi sammalen alla piilossa,Nuorta havumetsää,
gbif,3441202630,2018-08-28,2018,8,28,64.766644,27.78315,100.0,MACHINE_OBSERVATION,The Atlas of Finnish Fungi,2bc4c2db-1dfa-419c-93ce-6602c5ae8c99,http://creativecommons.org/licenses/by/4.0/legalcode,Väyrylä,,Pahajärvestä etelään,
gbif,3441203384,2018-08-07,2018,8,7,60.423313,22.893844,1.0,MACHINE_OBSERVATION,The Atlas of Finnish Fungi,2bc4c2db-1dfa-419c-93ce-6602c5ae8c99,http://creativecommons.org/licenses/by/4.0/legalcode,Myllytyry,,,
gbif,3441206572,2018-08-21,2018,8,21,68.365596,27.60216,1.0,MACHINE_OBSERVATION,The Atlas of Finnish Fungi,2bc4c2db-1dfa-419c-93ce-6602c5ae8c99,http://creativecommons.org/licenses/by/4.0/legalcode,Taajoslaavu,,"Kosteikkojen välissä oleva saareke, lähellä laavua",
gbif,3441206834,2018-08-23,2018,8,23,60.357207,25.456907,10000.0,HUMAN_OBSERVATION,The Atlas of Finnish Fungi,2bc4c2db-1dfa-419c-93ce-6602c5ae8c99,http://creativecommons.org/licenses/by/4.0/legalcode,,,,
gbif,3441206835,2018-08-23,2018,8,23,60.357207,25.456907,10000.0,HUMAN_OBSERVATION,The Atlas of Finnish Fungi,2bc4c2db-1dfa-419c-93ce-6602c5ae8c99,http://creativecommons.org/licenses/by/4.0/legalcode,,,,
gbif,3441208002,2018-08-11,2018,8,,60.55017,25.093784,1.0,HUMAN_OBSERVATION,The Atlas of Finnish Fungi,2bc4c2db-1dfa-419c-93ce-6602c5ae8c99,http://creativecommons.org/licenses/by/4.0/legalcode,Linjatie,,Sekametsä,
gbif,3441209769,2018-08-23,2018,8,23,61.578037,23.512903,10000.0,HUMAN_OBSERVATION,The Atlas of Finnish Fungi,2bc4c2db-1dfa-419c-93ce-6602c5ae8c99,http://creativecommons.org/licenses/by/4.0/legalcode,,,,
gbif,3441210171,2018-08-25,2018,8,25,64.24176,25.002837,1.0,HUMAN_OBSERVATION,The Atlas of Finnish Fungi,2bc4c2db-1dfa-419c-93ce-6602c5ae8c99,http://creativecommons.org/licenses/by/4.0/legalcode,Oulainen,,,
gbif,3441215702,2018-08-19,2018,8,19,62.151279,25.366184,10000.0,HUMAN_OBSERVATION,The Atlas of Finnish Fungi,2bc4c2db-1dfa-419c-93ce-6602c5ae8c99,http://creativecommons.org/licenses/by/4.0/legalcode,,,,
gbif,3441216955,2018-08-12,2018,8,12,60.848714,23.042335,1.0,MACHINE_OBSERVATION,The Atlas of Finnish Fungi,2bc4c2db-1dfa-419c-93ce-6602c5ae8c99,http://creativecommons.org/licenses/by/4.0/legalcode,Lamminpuisto,,Raviradan pääty,
gbif,3447823618,2018-08-05,2018,8,5,61.213046,21.939729,5000.0,HUMAN_OBSERVATION,"Notebook, general observations",df12ca07-f133-4550-ab3b-fde13f0e76ba,http://creativecommons.org/licenses/by/4.0/legalcode,Mullila,,Rehevä metsä,
gbif,3447825683,2018-08-27,2018,8,27,60.500653,24.915092,1000.0,HUMAN_OBSERVATION,"Notebook, general observations",df12ca07-f133-4550-ab3b-fde13f0e76ba,http://creativecommons.org/licenses/by/4.0/legalcode,Raala,,,
gbif,3448105403,2018-08-17,2018,8,17,63.067935,29.831377,100.0,HUMAN_OBSERVATION,"Notebook, general observations",df12ca07-f133-4550-ab3b-fde13f0e76ba,http://creativecommons.org/licenses/by/4.0/legalcode,Koli,Keywords: { Bioblitz Koli },,"kuiva kangas (VT), männikkö"
gbif,3448533586,2018-08-01,2018,8,1,63.561075,29.123936,1000.0,MACHINE_OBSERVATION,"Notebook, general observations",df12ca07-f133-4550-ab3b-fde13f0e76ba,http://creativecommons.org/licenses/by/4.0/legalcode,,,,
gbif,3448538529,2018-08-18,2018,8,18,61.639087,25.641074,1000.0,HUMAN_OBSERVATION,"Notebook, general observations",df12ca07-f133-4550-ab3b-fde13f0e76ba,http://creativecommons.org/licenses/by/4.0/legalcode,Vehkasalo,,Vanha Sipilä ympäristöineen,
gbif,3448538879,2018-08-20,2018,8,20,62.703677,29.739145,5000.0,HUMAN_OBSERVATION,"Notebook, general observations",df12ca07-f133-4550-ab3b-fde13f0e76ba,http://creativecommons.org/licenses/by/4.0/legalcode,Jaamankangas,,,
gbif,3448539126,2018-08-01,2018,8,1,63.55353,29.117687,1000.0,MACHINE_OBSERVATION,"Notebook, general observations",df12ca07-f133-4550-ab3b-fde13f0e76ba,http://creativecommons.org/licenses/by/4.0/legalcode,,,,
gbif,1914334801,2018-09-30,2018,9,30,60.238276,23.781247,3.0,HUMAN_OBSERVATION,iNaturalist research-grade observations,50c9509d-22c7-4a22-a47d-8c48425ef4a7,http://creativecommons.org/licenses/by-nc/4.0/legalcode,,,,
gbif,2563433252,2018-09-02,2018,9,2,60.302498,24.803272,,HUMAN_OBSERVATION,iNaturalist research-grade observations,50c9509d-22c7-4a22-a47d-8c48425ef4a7,http://creativecommons.org/licenses/by-nc/4.0/legalcode,,,,
gbif,2563433585,2018-09-16,2018,9,16,60.547054,24.970614,24.0,HUMAN_OBSERVATION,iNaturalist research-grade observations,50c9509d-22c7-4a22-a47d-8c48425ef4a7,http://creativecommons.org/licenses/by-nc/4.0/legalcode,,,,
gbif,3441128390,2018-09-07,2018,9,7,62.344842,27.216265,100.0,MACHINE_OBSERVATION,The Atlas of Finnish Fungi,2bc4c2db-1dfa-419c-93ce-6602c5ae8c99,http://creativecommons.org/licenses/by/4.0/legalcode,Partaharjun toimintakeskus,,,
gbif,3441133528,2018-09-08,2018,9,8,62.080054,27.379992,1000.0,HUMAN_OBSERVATION,The Atlas of Finnish Fungi,2bc4c2db-1dfa-419c-93ce-6602c5ae8c99,http://creativecommons.org/licenses/by/4.0/legalcode,"Ankele, Piilukanvuori",,"Korsupolun ympäristö. Vaihtelevasti kuivaa kangasta, soista aluetta ja tuoretta/lehtomaista kangasta.",
gbif,3441133988,2018-09-30,2018,9,30,62.502955,26.401636,100.0,MACHINE_OBSERVATION,The Atlas of Finnish Fungi,2bc4c2db-1dfa-419c-93ce-6602c5ae8c99,http://creativecommons.org/licenses/by/4.0/legalcode,"Häänintupa, aukon vieressä",,Myös koivuja,
gbif,3441136047,2018-09-01,2018,9,1,60.700358,23.925463,1.0,HUMAN_OBSERVATION,The Atlas of Finnish Fungi,2bc4c2db-1dfa-419c-93ce-6602c5ae8c99,http://creativecommons.org/licenses/by/4.0/legalcode,,,,
gbif,3441138192,2018-09-12,2018,9,12,60.388659,26.008036,1000.0,MACHINE_OBSERVATION,The Atlas of Finnish Fungi,2bc4c2db-1dfa-419c-93ce-6602c5ae8c99,http://creativecommons.org/licenses/by/4.0/legalcode,Isnäs,"2 kpl keltavahveron vaaleita muotoja, kuvassa",,
gbif,3441138799,2018-09-08,2018,9,8,60.386325,26.008224,1000.0,MACHINE_OBSERVATION,The Atlas of Finnish Fungi,2bc4c2db-1dfa-419c-93ce-6602c5ae8c99,http://creativecommons.org/licenses/by/4.0/legalcode,Isnäs,,,
gbif,3441142475,2018-09-06,2018,9,6,62.40578,28.76566,1.0,MACHINE_OBSERVATION,The Atlas of Finnish Fungi,2bc4c2db-1dfa-419c-93ce-6602c5ae8c99,http://creativecommons.org/licenses/by/4.0/legalcode,"Kerma, Marinsaari",,Marinsaaren koillisranta,
gbif,3441144512,2018-09-23,2018,9,23,63.921319,24.055494,1.0,HUMAN_OBSERVATION,The Atlas of Finnish Fungi,2bc4c2db-1dfa-419c-93ce-6602c5ae8c99,http://creativecommons.org/licenses/by/4.0/legalcode,Hullukangas,,,
gbif,3441148054,2018-09-08,2018,9,8,62.049298,23.987796,1000.0,MACHINE_OBSERVATION,The Atlas of Finnish Fungi,2bc4c2db-1dfa-419c-93ce-6602c5ae8c99,http://creativecommons.org/licenses/by/4.0/legalcode,Ruovesi Mutiperä,,,
gbif,3441150758,2018-09-08,2018,9,8,62.081224,27.378923,1.0,HUMAN_OBSERVATION,The Atlas of Finnish Fungi,2bc4c2db-1dfa-419c-93ce-6602c5ae8c99,http://creativecommons.org/licenses/by/4.0/legalcode,Piilukanpolku,,,
gbif,3441160664,2018-09-04,2018,9,4,62.483214,30.197533,10000.0,HUMAN_OBSERVATION,The Atlas of Finnish Fungi,2bc4c2db-1dfa-419c-93ce-6602c5ae8c99,http://creativecommons.org/licenses/by/4.0/legalcode,,,,
gbif,3441169214,2018-09-11,2018,9,,60.670231,24.914988,1.0,HUMAN_OBSERVATION,The Atlas of Finnish Fungi,2bc4c2db-1dfa-419c-93ce-6602c5ae8c99,http://creativecommons.org/licenses/by/4.0/legalcode,Erkylä,,,
gbif,3441177316,2018-09-24,2018,9,24,60.386811,26.008361,1000.0,HUMAN_OBSERVATION,The Atlas of Finnish Fungi,2bc4c2db-1dfa-419c-93ce-6602c5ae8c99,http://creativecommons.org/licenses/by/4.0/legalcode,Isnäs,,Rehevää kuusivaltaista sekametsää,
gbif,3441177736,2018-09-23,2018,9,23,60.698784,24.34165,10000.0,HUMAN_OBSERVATION,The Atlas of Finnish Fungi,2bc4c2db-1dfa-419c-93ce-6602c5ae8c99,http://creativecommons.org/licenses/by/4.0/legalcode,,Albiino,,
gbif,3441178466,2018-09-22,2018,9,22,62.153439,25.558061,10000.0,HUMAN_OBSERVATION,The Atlas of Finnish Fungi,2bc4c2db-1dfa-419c-93ce-6602c5ae8c99,http://creativecommons.org/licenses/by/4.0/legalcode,,,,
gbif,3441179601,2018-09-09,2018,9,9,62.212124,26.89679,1.0,HUMAN_OBSERVATION,The Atlas of Finnish Fungi,2bc4c2db-1dfa-419c-93ce-6602c5ae8c99,http://creativecommons.org/licenses/by/4.0/legalcode,Pieksämäki,,,
gbif,3441181447,2018-09-17,2018,9,17,62.966748,27.686712,10000.0,HUMAN_OBSERVATION,The Atlas of Finnish Fungi,2bc4c2db-1dfa-419c-93ce-6602c5ae8c99,http://creativecommons.org/licenses/by/4.0/legalcode,Siilinjärvi / Kuopio,,,
gbif,3441183199,2018-09-07,2018,9,7,62.428461,26.319195,10000.0,HUMAN_OBSERVATION,The Atlas of Finnish Fungi,2bc4c2db-1dfa-419c-93ce-6602c5ae8c99,http://creativecommons.org/licenses/by/4.0/legalcode,,,,
gbif,3441185092,2018-09-23,2018,9,23,61.618573,25.959908,10000.0,HUMAN_OBSERVATION,The Atlas of Finnish Fungi,2bc4c2db-1dfa-419c-93ce-6602c5ae8c99,http://creativecommons.org/licenses/by/4.0/legalcode,,,,
gbif,3441187063,2018-09-16,2018,9,16,60.266951,25.220695,1000.0,HUMAN_OBSERVATION,The Atlas of Finnish Fungi,2bc4c2db-1dfa-419c-93ce-6602c5ae8c99,http://creativecommons.org/licenses/by/4.0/legalcode,Sipoon koirametsä,,,
gbif,3441189126,2018-09-02,2018,9,2,60.346421,25.181279,1.0,MACHINE_OBSERVATION,The Atlas of Finnish Fungi,2bc4c2db-1dfa-419c-93ce-6602c5ae8c99,http://creativecommons.org/licenses/by/4.0/legalcode,"Sipoo, Gillerberget",,,
gbif,3441195543,2018-09-21,2018,9,21,60.06656,22.512623,1.0,HUMAN_OBSERVATION,The Atlas of Finnish Fungi,2bc4c2db-1dfa-419c-93ce-6602c5ae8c99,http://creativecommons.org/licenses/by/4.0/legalcode,Kulla,,,
gbif,3441198075,2018-09-07,2018,9,7,62.277414,26.579097,1.0,HUMAN_OBSERVATION,The Atlas of Finnish Fungi,2bc4c2db-1dfa-419c-93ce-6602c5ae8c99,http://creativecommons.org/licenses/by/4.0/legalcode,,,,
gbif,3441198745,2018-09-07,2018,9,7,60.807474,23.181064,1.0,MACHINE_OBSERVATION,The Atlas of Finnish Fungi,2bc4c2db-1dfa-419c-93ce-6602c5ae8c99,http://creativecommons.org/licenses/by/4.0/legalcode,"Mannistenkangas, Loimaa",,,
gbif,3441199684,2018-09-07,2018,9,7,62.249828,26.515657,10000.0,HUMAN_OBSERVATION,The Atlas of Finnish Fungi,2bc4c2db-1dfa-419c-93ce-6602c5ae8c99,http://creativecommons.org/licenses/by/4.0/legalcode,,,,
gbif,3441200364,2018-09-04,2018,9,4,67.18759,27.082577,1000.0,MACHINE_OBSERVATION,The Atlas of Finnish Fungi,2bc4c2db-1dfa-419c-93ce-6602c5ae8c99,http://creativecommons.org/licenses/by/4.0/legalcode,"Suvanto, Kalkkivaara",,,
gbif,3441201639,2018-09-01,2018,9,1,60.961085,22.680229,1000.0,MACHINE_OBSERVATION,The Atlas of Finnish Fungi,2bc4c2db-1dfa-419c-93ce-6602c5ae8c99,http://creativecommons.org/licenses/by/4.0/legalcode,Virttaa,,"Kuiva mäntykangas, sadesää havaintopäivänä",
gbif,3441202647,2018-09-16,2018,9,16,61.592361,21.900355,1.0,HUMAN_OBSERVATION,The Atlas of Finnish Fungi,2bc4c2db-1dfa-419c-93ce-6602c5ae8c99,http://creativecommons.org/licenses/by/4.0/legalcode,"Noormarkku, Näsi",,rehevä vanha lehtomainen sekametsä,
gbif,3441205391,2018-09-14,2018,9,14,62.207143,25.610329,1.0,HUMAN_OBSERVATION,The Atlas of Finnish Fungi,2bc4c2db-1dfa-419c-93ce-6602c5ae8c99,http://creativecommons.org/licenses/by/4.0/legalcode,Sallaajärven aarnialue,,,
gbif,3441205790,2018-09-15,2018,9,15,60.258401,25.396155,1.0,MACHINE_OBSERVATION,The Atlas of Finnish Fungi,2bc4c2db-1dfa-419c-93ce-6602c5ae8c99,http://creativecommons.org/licenses/by/4.0/legalcode,Kalkkiranta,,,
gbif,3441206435,2018-09-29,2018,9,29,63.09867,21.621078,1.0,MACHINE_OBSERVATION,The Atlas of Finnish Fungi,2bc4c2db-1dfa-419c-93ce-6602c5ae8c99,http://creativecommons.org/licenses/by/4.0/legalcode,"Rautatieasema, asemapuisto",,"Pääasiassa jalopuista ja jokusesta pihdasta koostuva vanha asemapuisto. Reunoilla koivuja, myös kuusia ja itäpäässä jokunen mänty. Hoidettu pääosin nurmikkona, reunamilla paksumpi karike ja niitetty ehkä kerram kesässä",
gbif,3441209094,2018-09-29,2018,9,,61.34253,25.990229,10.0,MACHINE_OBSERVATION,The Atlas of Finnish Fungi,2bc4c2db-1dfa-419c-93ce-6602c5ae8c99,http://creativecommons.org/licenses/by/4.0/legalcode,Pääsinniemi,Albiino,Vainiontie,
gbif,3441210906,2018-09-16,2018,9,16,60.519148,24.654425,1000.0,MACHINE_OBSERVATION,The Atlas of Finnish Fungi,2bc4c2db-1dfa-419c-93ce-6602c5ae8c99,http://creativecommons.org/licenses/by/4.0/legalcode,Sääksjärvi,,,
gbif,3441211592,2018-09-09,2018,9,9,62.288759,27.23715,1000.0,HUMAN_OBSERVATION,The Atlas of Finnish Fungi,2bc4c2db-1dfa-419c-93ce-6602c5ae8c99,http://creativecommons.org/licenses/by/4.0/legalcode,Nikkarila,,Valoisa kangasmetsä,
gbif,3447822154,2018-09-16,2018,9,16,61.628317,22.897464,1000.0,MACHINE_OBSERVATION,"Notebook, general observations",df12ca07-f133-4550-ab3b-fde13f0e76ba,http://creativecommons.org/licenses/by/4.0/legalcode,Vesajärvi,,,
gbif,3447825085,2018-09-13,2018,9,13,62.640039,29.867384,1000.0,HUMAN_OBSERVATION,"Notebook, general observations",df12ca07-f133-4550-ab3b-fde13f0e76ba,http://creativecommons.org/licenses/by/4.0/legalcode,Utran harju,,,
gbif,3448534128,2018-09-13,2018,9,13,60.666188,23.600946,1000.0,PRESERVED_SPECIMEN,"Notebook, general observations",df12ca07-f133-4550-ab3b-fde13f0e76ba,http://creativecommons.org/licenses/by/4.0/legalcode,"Hämeen Härkätie, 761-895-0-2802, Pajula, 761-419-2-41",Keywords: { Kansalaisen kasvilenkki® } | Kasvilenkkiyhdistyksen projektina ”Fast” 40°C:ssa 6 h kuivattu näyte nro 1945 minigrip-pussissa.,"Plant Walk in Somero. Kasvilenkki Somerolla. Plant Walk in Somero. Kasvilenkki Somerolla 13.9.2018 lämpötila klo 20.30: 11,1°C, vuorokauden ylin 19,0°C, alin 9,7°C, kahden vuorokauden sadekertymä Someron Pajulassa 25 mm.",
gbif,3448548831,2018-09-03,2018,9,3,60.832142,23.606512,1000.0,HUMAN_OBSERVATION,"Notebook, general observations",df12ca07-f133-4550-ab3b-fde13f0e76ba,http://creativecommons.org/licenses/by/4.0/legalcode,Kaikula,,"Virkistys- ja ulkoilualue, pääosin kuivaa tai karukkokangasta",
gbif,3448550920,2018-09-06,2018,9,6,60.774012,23.851829,1000.0,HUMAN_OBSERVATION,"Notebook, general observations",df12ca07-f133-4550-ab3b-fde13f0e76ba,http://creativecommons.org/licenses/by/4.0/legalcode,Saaren kansanpuisto,,"Virkistysmetsä, kangasmetsä Pilvipouta, viileäli",
gbif,3448638490,2018-09-09,2018,9,9,61.467309,22.774197,10000.0,HUMAN_OBSERVATION,"Notebook, general observations",df12ca07-f133-4550-ab3b-fde13f0e76ba,http://creativecommons.org/licenses/by/4.0/legalcode,,Keywords: { suomi1000 },,
gbif,1920802995,2018-10-06,2018,10,6,61.322224,24.951389,,HUMAN_OBSERVATION,iNaturalist research-grade observations,50c9509d-22c7-4a22-a47d-8c48425ef4a7,http://creativecommons.org/licenses/by-nc/4.0/legalcode,,,,
gbif,3061749505,2018-10-04,2018,10,4,62.21351,25.796777,152.0,HUMAN_OBSERVATION,iNaturalist research-grade observations,50c9509d-22c7-4a22-a47d-8c48425ef4a7,http://creativecommons.org/licenses/by-nc/4.0/legalcode,,,,
gbif,3441127867,2018-10-26,2018,10,26,62.39102,28.79947,1.0,MACHINE_OBSERVATION,The Atlas of Finnish Fungi,2bc4c2db-1dfa-419c-93ce-6602c5ae8c99,http://creativecommons.org/licenses/by/4.0/legalcode,"Kerma, Valkeinen",,Valkeisen eteläpuoli. Metsätien pohjoispuolen harjanne.,
gbif,3441144273,2018-10-06,2018,10,6,61.458075,27.542559,1.0,MACHINE_OBSERVATION,The Atlas of Finnish Fungi,2bc4c2db-1dfa-419c-93ce-6602c5ae8c99,http://creativecommons.org/licenses/by/4.0/legalcode,Astuvansalmen luontopolku,,,
gbif,3441145244,2018-10-05,2018,10,5,63.0413,21.8058,1.0,MACHINE_OBSERVATION,The Atlas of Finnish Fungi,2bc4c2db-1dfa-419c-93ce-6602c5ae8c99,http://creativecommons.org/licenses/by/4.0/legalcode,Furusbacken,,,
gbif,3441157119,2018-10-07,2018,10,7,61.083317,28.365212,1000.0,MACHINE_OBSERVATION,The Atlas of Finnish Fungi,2bc4c2db-1dfa-419c-93ce-6602c5ae8c99,http://creativecommons.org/licenses/by/4.0/legalcode,Muukko,,,
gbif,3441168918,2018-10-27,2018,10,27,62.581197,29.818482,10000.0,MACHINE_OBSERVATION,The Atlas of Finnish Fungi,2bc4c2db-1dfa-419c-93ce-6602c5ae8c99,http://creativecommons.org/licenses/by/4.0/legalcode,,jäässä,,
gbif,3441181938,2018-10-19,2018,10,19,64.992965,29.355475,100.0,MACHINE_OBSERVATION,The Atlas of Finnish Fungi,2bc4c2db-1dfa-419c-93ce-6602c5ae8c99,http://creativecommons.org/licenses/by/4.0/legalcode,Sopalaisenaho,,,
gbif,3441190085,2018-10-07,2018,10,7,60.316845,25.432202,1.0,MACHINE_OBSERVATION,The Atlas of Finnish Fungi,2bc4c2db-1dfa-419c-93ce-6602c5ae8c99,http://creativecommons.org/licenses/by/4.0/legalcode,Box,,,
gbif,3441198761,2018-10-14,2018,10,14,61.696265,27.421187,1.0,MACHINE_OBSERVATION,The Atlas of Finnish Fungi,2bc4c2db-1dfa-419c-93ce-6602c5ae8c99,http://creativecommons.org/licenses/by/4.0/legalcode,Kesäkangas,,,
gbif,3441207876,2018-10-16,2018,10,16,60.573279,27.593912,1.0,MACHINE_OBSERVATION,The Atlas of Finnish Fungi,2bc4c2db-1dfa-419c-93ce-6602c5ae8c99,http://creativecommons.org/licenses/by/4.0/legalcode,Salpalinjan bunkkerimuseo,,mäntykangas,
gbif,3448628185,2018-10-19,2018,10,,62.249853,27.47778,10000.0,HUMAN_OBSERVATION,"Notebook, general observations",df12ca07-f133-4550-ab3b-fde13f0e76ba,http://creativecommons.org/licenses/by/4.0/legalcode,Kangaslahti,,Pihapiiri ja lähialueet,
gbif,4898703192,2018-10-04,2018,10,4,60.313952,23.567693,1000.0,HUMAN_OBSERVATION,LajiGIS: Species mapping and surveys,687c05e9-96d6-40e3-b1c9-2e026d0b3fc0,http://creativecommons.org/licenses/by/4.0/legalcode,"Lemulanrinne, Kiskonjoen-Perniönjoen vesistöalue",924721 | el_50419 },,
gbif,3441164692,2018-11-03,2018,11,3,62.322125,26.385034,10.0,MACHINE_OBSERVATION,The Atlas of Finnish Fungi,2bc4c2db-1dfa-419c-93ce-6602c5ae8c99,http://creativecommons.org/licenses/by/4.0/legalcode,Kovalanmäki,,,
gbif,3441207679,2018-11-18,2018,11,18,62.225828,26.34865,1000.0,MACHINE_OBSERVATION,The Atlas of Finnish Fungi,2bc4c2db-1dfa-419c-93ce-6602c5ae8c99,http://creativecommons.org/licenses/by/4.0/legalcode,"Paloisenmäentie, op, Pitkäkangas",vettyneitä,"Myös kuusia, mitkä kasvupaikkakuvassa, sekä yksittäisiä koivuja.",
gbif,3447836162,2018-11-21,2018,11,21,60.426763,22.206345,1000.0,HUMAN_OBSERVATION,"Notebook, general observations",df12ca07-f133-4550-ab3b-fde13f0e76ba,http://creativecommons.org/licenses/by/4.0/legalcode,Pikisaari,,,
gbif,3441209109,2018-08-28,2018,,,62.129905,23.924432,10.0,PRESERVED_SPECIMEN,The Atlas of Finnish Fungi,2bc4c2db-1dfa-419c-93ce-6602c5ae8c99,http://creativecommons.org/licenses/by/4.0/legalcode,Visuvesi Vuollemäki,,Vanhapuustoinen pihametsikkö,
gbif,3441062892,2017-07-05,2017,7,5,60.672319,23.608171,1.0,PRESERVED_SPECIMEN,Hatikka.fi observations,b84a3711-b4ca-4e4f-adac-80dfaea98d1c,http://creativecommons.org/licenses/by/4.0/legalcode,"Pajula, 761-419-2-41, 761-419-3-27, 761-419-4-32, 761-419-4-49, cpwa",Keywords: { Kansalaisen kasvilenkki | 70EAC368-D8A9-4EE9-9183-E464F5518799 | B362B407-1B30-4B56-BE4B-3844CD74443B } | Kasvilenkkiyhdistyksen projektina 40°C:ssa 12 h kuivattu näyte nro 806 minigrip-pussissa. Tasoiltaan muuunneltava linkki Maanmittauslaitoksen Karttapaikalla: https://asiointi.maanmit,YKJ 6732839:3314937 sinipunahiippo(?); 6733125:3315109 keräpäävihvilä; 6733124:3315111 maitohorsma; 6733198:3315256 jouhivihvilä; 6733376:3315235 korpi-imarre; 6733453:3315242 peltohatikka; 6733902:3314816 paatsama; 6733899:3314820 pullosara; 6733903:3314816 ulpukka; 6733901:3314809 kuljurahkasammal,
gbif,3441143385,2017-07-13,2017,7,13,60.171649,24.908395,1.0,MACHINE_OBSERVATION,The Atlas of Finnish Fungi,2bc4c2db-1dfa-419c-93ce-6602c5ae8c99,http://creativecommons.org/licenses/by/4.0/legalcode,"Helsinki, Hietaniemi",,,
gbif,3441150876,2017-07-05,2017,7,5,60.506758,21.218053,5000.0,HUMAN_OBSERVATION,The Atlas of Finnish Fungi,2bc4c2db-1dfa-419c-93ce-6602c5ae8c99,http://creativecommons.org/licenses/by/4.0/legalcode,Kustavi,Kasvaa metsäpolulla,saari,
gbif,3441151190,2017-07-25,2017,7,25,63.806471,22.940886,1.0,HUMAN_OBSERVATION,The Atlas of Finnish Fungi,2bc4c2db-1dfa-419c-93ce-6602c5ae8c99,http://creativecommons.org/licenses/by/4.0/legalcode,"Öja, Rantatie",,Kaupalta lounaaseen lähtevän pienen tien eteläpuolella tiehen viettävässä luiskassa,
gbif,3441174750,2017-07-29,2017,7,29,60.213538,24.974784,1000.0,MACHINE_OBSERVATION,The Atlas of Finnish Fungi,2bc4c2db-1dfa-419c-93ce-6602c5ae8c99,http://creativecommons.org/licenses/by/4.0/legalcode,"Annala, Vanhakaupunki",,Vanha kartanopuisto,
gbif,3441179937,2017-07-13,2017,7,13,61.690914,25.024058,1.0,HUMAN_OBSERVATION,The Atlas of Finnish Fungi,2bc4c2db-1dfa-419c-93ce-6602c5ae8c99,http://creativecommons.org/licenses/by/4.0/legalcode,Viinahoilo,,,
gbif,3441187410,2017-07-25,2017,7,,60.447298,24.980232,1.0,MACHINE_OBSERVATION,The Atlas of Finnish Fungi,2bc4c2db-1dfa-419c-93ce-6602c5ae8c99,http://creativecommons.org/licenses/by/4.0/legalcode,Tuusula Kolistimenmäki,,"vapaa-ajan asuntoja, rakennettu 50-luvulla suopohjaan",
gbif,3441201588,2017-07-28,2017,7,28,60.505005,21.219543,1000.0,MACHINE_OBSERVATION,The Atlas of Finnish Fungi,2bc4c2db-1dfa-419c-93ce-6602c5ae8c99,http://creativecommons.org/licenses/by/4.0/legalcode,Kustavi,,Kuusivaltainen metsä saaressa suon laidalla,
gbif,4440809010,2017-07-18,2017,7,18,60.226196,24.702019,,HUMAN_OBSERVATION,iNaturalist research-grade observations,50c9509d-22c7-4a22-a47d-8c48425ef4a7,http://creativecommons.org/licenses/by/4.0/legalcode,,,,
gbif,4606531043,2017-07-18,2017,7,18,60.226261,24.70212,,HUMAN_OBSERVATION,iNaturalist research-grade observations,50c9509d-22c7-4a22-a47d-8c48425ef4a7,http://creativecommons.org/licenses/by/4.0/legalcode,,,,
gbif,1640064194,2017-08-27,2017,8,27,60.73825,24.079235,,HUMAN_OBSERVATION,iNaturalist research-grade observations,50c9509d-22c7-4a22-a47d-8c48425ef4a7,http://creativecommons.org/licenses/by-nc/4.0/legalcode,,,,
gbif,3032030332,2017-08-20,2017,8,20,60.045877,24.004581,2549.0,HUMAN_OBSERVATION,iNaturalist research-grade observations,50c9509d-22c7-4a22-a47d-8c48425ef4a7,http://creativecommons.org/licenses/by-nc/4.0/legalcode,,,,
gbif,3440618471,2017-08-26,2017,8,26,60.63388,21.851583,1000.0,HUMAN_OBSERVATION,Hatikka.fi observations,b84a3711-b4ca-4e4f-adac-80dfaea98d1c,http://creativecommons.org/licenses/by/4.0/legalcode,"Mynämäki, Mietoinen",Keywords: { 7BE56CBA-B427-4B1E-878C-82B5D55DDD6F | 75E55DE8-5A8C-4DE2-9CD0-B358FE73A47A },Saaren kartano,
gbif,3441126518,2017-08-09,2017,8,9,60.184531,24.930515,1.0,HUMAN_OBSERVATION,The Atlas of Finnish Fungi,2bc4c2db-1dfa-419c-93ce-6602c5ae8c99,http://creativecommons.org/licenses/by/4.0/legalcode,Helsinki,,,
gbif,3441128428,2017-08-26,2017,8,26,64.466603,24.189733,10000.0,PRESERVED_SPECIMEN,The Atlas of Finnish Fungi,2bc4c2db-1dfa-419c-93ce-6602c5ae8c99,http://creativecommons.org/licenses/by/4.0/legalcode,,,,
gbif,3441129214,2017-08-27,2017,8,27,61.756423,29.278962,1.0,MACHINE_OBSERVATION,The Atlas of Finnish Fungi,2bc4c2db-1dfa-419c-93ce-6602c5ae8c99,http://creativecommons.org/licenses/by/4.0/legalcode,"Punkaharju, Vaahersalo, Hannolanmäki",,,
gbif,3441138988,2017-08-27,2017,8,27,64.390609,27.97788,100.0,MACHINE_OBSERVATION,The Atlas of Finnish Fungi,2bc4c2db-1dfa-419c-93ce-6602c5ae8c99,http://creativecommons.org/licenses/by/4.0/legalcode,"Paltamo, Mieslahti",,pururadan alapuoli,
gbif,3441141522,2017-08-25,2017,8,25,60.212516,24.686818,1.0,MACHINE_OBSERVATION,The Atlas of Finnish Fungi,2bc4c2db-1dfa-419c-93ce-6602c5ae8c99,http://creativecommons.org/licenses/by/4.0/legalcode,Kasavuori,,,
gbif,3441141625,2017-08-11,2017,8,11,60.288318,25.157498,1.0,MACHINE_OBSERVATION,The Atlas of Finnish Fungi,2bc4c2db-1dfa-419c-93ce-6602c5ae8c99,http://creativecommons.org/licenses/by/4.0/legalcode,"Vantaa, Högberget",,,
gbif,3441142311,2017-08-28,2017,8,28,64.449897,27.558793,1.0,MACHINE_OBSERVATION,The Atlas of Finnish Fungi,2bc4c2db-1dfa-419c-93ce-6602c5ae8c99,http://creativecommons.org/licenses/by/4.0/legalcode,"Kivesvaara, vaaran SE-alarinne, soidensuojelualue",,,
gbif,3441143303,2017-08-11,2017,8,11,60.344719,25.213377,1.0,MACHINE_OBSERVATION,The Atlas of Finnish Fungi,2bc4c2db-1dfa-419c-93ce-6602c5ae8c99,http://creativecommons.org/licenses/by/4.0/legalcode,"Sipoo, Ängesböleberget",,,
gbif,3441144471,2017-08-08,2017,8,8,62.929099,29.704142,1000.0,HUMAN_OBSERVATION,The Atlas of Finnish Fungi,2bc4c2db-1dfa-419c-93ce-6602c5ae8c99,http://creativecommons.org/licenses/by/4.0/legalcode,Romppala,,,
gbif,3441144962,2017-08-03,2017,8,3,60.196485,24.921283,1.0,MACHINE_OBSERVATION,The Atlas of Finnish Fungi,2bc4c2db-1dfa-419c-93ce-6602c5ae8c99,http://creativecommons.org/licenses/by/4.0/legalcode,"Helsinki, Laakso",,,
gbif,3441150026,2017-08-28,2017,8,28,64.449897,27.558793,1.0,MACHINE_OBSERVATION,The Atlas of Finnish Fungi,2bc4c2db-1dfa-419c-93ce-6602c5ae8c99,http://creativecommons.org/licenses/by/4.0/legalcode,"Paltamo, Kivesvaara",,,
gbif,3441154350,2017-08-27,2017,8,27,60.736774,24.075443,5000.0,MACHINE_OBSERVATION,The Atlas of Finnish Fungi,2bc4c2db-1dfa-419c-93ce-6602c5ae8c99,http://creativecommons.org/licenses/by/4.0/legalcode,"Loppi, Räyskälä",,Kangasmetsä järven rannassa,
gbif,3441164519,2017-08-24,2017,8,24,60.331052,24.496999,1.0,MACHINE_OBSERVATION,The Atlas of Finnish Fungi,2bc4c2db-1dfa-419c-93ce-6602c5ae8c99,http://creativecommons.org/licenses/by/4.0/legalcode,"Vihti, Kattila",,,
gbif,3441167036,2017-08-05,2017,8,5,63.852437,23.13669,100.0,HUMAN_OBSERVATION,The Atlas of Finnish Fungi,2bc4c2db-1dfa-419c-93ce-6602c5ae8c99,http://creativecommons.org/licenses/by/4.0/legalcode,Halkokari,muutamia itiöemiä,Metsäinen puistoalue Kaljaasin ja Jahdin asuinkortteleiden välissä,
gbif,3441167425,2017-08-24,2017,8,24,60.213368,24.973106,1000.0,HUMAN_OBSERVATION,The Atlas of Finnish Fungi,2bc4c2db-1dfa-419c-93ce-6602c5ae8c99,http://creativecommons.org/licenses/by/4.0/legalcode,Vanhakaupunki Annala,Ei kuvaa,Hoidettu tammivaltainen metsä/puisto.,
gbif,3441167962,2017-08-13,2017,8,13,65.174441,25.615399,100.0,HUMAN_OBSERVATION,The Atlas of Finnish Fungi,2bc4c2db-1dfa-419c-93ce-6602c5ae8c99,http://creativecommons.org/licenses/by/4.0/legalcode,"Honkanen, Kiiminki",Kanttarelli,Metsäautotien reunamilta,
gbif,3441167966,2017-08-13,2017,8,13,68.333393,27.492814,1000.0,HUMAN_OBSERVATION,The Atlas of Finnish Fungi,2bc4c2db-1dfa-419c-93ce-6602c5ae8c99,http://creativecommons.org/licenses/by/4.0/legalcode,Kiilopää,Kanttarelli,Polun reunamilla jäkälikössä,
gbif,3441171519,2017-08-13,2017,8,13,60.286824,24.502933,1000.0,MACHINE_OBSERVATION,The Atlas of Finnish Fungi,2bc4c2db-1dfa-419c-93ce-6602c5ae8c99,http://creativecommons.org/licenses/by/4.0/legalcode,Siikaranta,,,
gbif,3441176732,2017-08-08,2017,8,8,60.870197,23.090774,1000.0,MACHINE_OBSERVATION,The Atlas of Finnish Fungi,2bc4c2db-1dfa-419c-93ce-6602c5ae8c99,http://creativecommons.org/licenses/by/4.0/legalcode,"Loimaa, Tampereentien metsä",,,
gbif,3441180944,2017-08-04,2017,8,4,60.305315,24.515661,1.0,MACHINE_OBSERVATION,The Atlas of Finnish Fungi,2bc4c2db-1dfa-419c-93ce-6602c5ae8c99,http://creativecommons.org/licenses/by/4.0/legalcode,"Espoo, Mustalampi",,,
gbif,3441182330,2017-08-27,2017,8,27,60.354983,25.275819,10000.0,HUMAN_OBSERVATION,The Atlas of Finnish Fungi,2bc4c2db-1dfa-419c-93ce-6602c5ae8c99,http://creativecommons.org/licenses/by/4.0/legalcode,,,,
gbif,3441184309,2017-08-19,2017,8,19,61.636448,25.641213,1000.0,HUMAN_OBSERVATION,The Atlas of Finnish Fungi,2bc4c2db-1dfa-419c-93ce-6602c5ae8c99,http://creativecommons.org/licenses/by/4.0/legalcode,"Sysmä, Vehkasalo, Lippuvuori itärinne",,"Täysikasvuista kuusikkoa, rehevää (seassa lehmusta yms.), kivikkoista, rinne",
gbif,3441184530,2017-08-22,2017,8,22,59.968923,23.436287,1.0,MACHINE_OBSERVATION,The Atlas of Finnish Fungi,2bc4c2db-1dfa-419c-93ce-6602c5ae8c99,http://creativecommons.org/licenses/by/4.0/legalcode,"Tammisaari, Ramsholmen",,,
gbif,3441186757,2017-08-05,2017,8,,61.400064,24.440584,1000.0,HUMAN_OBSERVATION,The Atlas of Finnish Fungi,2bc4c2db-1dfa-419c-93ce-6602c5ae8c99,http://creativecommons.org/licenses/by/4.0/legalcode,Pälkäne,,Hartikkalantien ympärillä olevat metsät,
gbif,3441188396,2017-08-28,2017,8,28,64.979603,25.589205,10.0,MACHINE_OBSERVATION,The Atlas of Finnish Fungi,2bc4c2db-1dfa-419c-93ce-6602c5ae8c99,http://creativecommons.org/licenses/by/4.0/legalcode,Kontionkangas,,,
gbif,3441188397,2017-08-28,2017,8,28,64.979322,25.58736,10.0,PRESERVED_SPECIMEN,The Atlas of Finnish Fungi,2bc4c2db-1dfa-419c-93ce-6602c5ae8c99,http://creativecommons.org/licenses/by/4.0/legalcode,Kontionkankaan Leikkipuisto,,Leikkipuiston reunalla pyörätien vieressä,
gbif,3441188906,2017-08-18,2017,8,18,62.406726,28.772657,1.0,MACHINE_OBSERVATION,The Atlas of Finnish Fungi,2bc4c2db-1dfa-419c-93ce-6602c5ae8c99,http://creativecommons.org/licenses/by/4.0/legalcode,"Kerma, Käänninniemi",,Venevalkaman tien reuna,
gbif,3441211315,2017-08-05,2017,8,5,61.194209,28.794957,1.0,MACHINE_OBSERVATION,The Atlas of Finnish Fungi,2bc4c2db-1dfa-419c-93ce-6602c5ae8c99,http://creativecommons.org/licenses/by/4.0/legalcode,"Imatra, Itä-Siitola",,,
gbif,3441211772,2017-08-21,2017,8,21,66.501479,25.760519,1000.0,MACHINE_OBSERVATION,The Atlas of Finnish Fungi,2bc4c2db-1dfa-419c-93ce-6602c5ae8c99,http://creativecommons.org/licenses/by/4.0/legalcode,Ounasvaara,,,
gbif,3441211922,2017-08-27,2017,8,27,64.383663,27.987378,100.0,HUMAN_OBSERVATION,The Atlas of Finnish Fungi,2bc4c2db-1dfa-419c-93ce-6602c5ae8c99,http://creativecommons.org/licenses/by/4.0/legalcode,"Kainuu, Paltamo, Mieslahti, Kuhaniemi",,Hiekkatien viereisessä metsikössä,
gbif,3448518545,2017-08-13,2017,8,13,61.181499,21.846639,1.0,HUMAN_OBSERVATION,"Notebook, general observations",df12ca07-f133-4550-ab3b-fde13f0e76ba,http://creativecommons.org/licenses/by/4.0/legalcode,Eurajoki,Vanhoja,,Mäntymetsä
gbif,4023951059,2017-08-19,2017,8,19,61.723,23.243,,PRESERVED_SPECIMEN,Aphyllophorales Fennoscandiae orientalis,0786c87e-0e18-4620-9633-d3a358e1ed2c,http://creativecommons.org/licenses/by/4.0/legalcode,"Viljakkala, Inkula, Niemelä | Kyrösjärvi lakeside",Keywords: { H6071709 },,"On ground in mixed spruce forest, Kyrösjärvi lakeside"
gbif,4898801976,2017-08-22,2017,8,22,61.408727,21.58538,1000.0,HUMAN_OBSERVATION,LajiGIS: Species mapping and surveys,687c05e9-96d6-40e3-b1c9-2e026d0b3fc0,http://creativecommons.org/licenses/by/4.0/legalcode,"Porsmusansuo, Selkämeren rannikkoalue","3289851 | el_50419 } Luvia, Porsmusansuo.; Havainnosta ei tarkempaa tietoa",,
gbif,1668877542,2017-09-30,2017,9,30,60.213166,24.971564,10.0,HUMAN_OBSERVATION,iNaturalist research-grade observations,50c9509d-22c7-4a22-a47d-8c48425ef4a7,http://creativecommons.org/licenses/by-nc/4.0/legalcode,,,,
gbif,3440626619,2017-09-19,2017,9,19,60.486275,22.241785,100.0,HUMAN_OBSERVATION,Hatikka.fi observations,b84a3711-b4ca-4e4f-adac-80dfaea98d1c,http://creativecommons.org/licenses/by/4.0/legalcode,"Runosmäki, Nättinummi",Keywords: { 12EAE9AA-2231-495C-A559-D17E383CD656 | 9ED1FEE0-C95D-42B4-83BF-FBE207C2F94B },,
gbif,3440656152,2017-09-23,2017,9,23,60.595721,22.178432,1000.0,HUMAN_OBSERVATION,Hatikka.fi observations,b84a3711-b4ca-4e4f-adac-80dfaea98d1c,http://creativecommons.org/licenses/by/4.0/legalcode,Varkaanmäki,Keywords: { EC6AC816-C9C7-4436-B360-48AEB5C6FC96 | E2A831B4-463E-43FF-9B7A-C52D245C726D },,
gbif,3440663149,2017-09-10,2017,9,10,60.427659,22.204968,1000.0,HUMAN_OBSERVATION,Hatikka.fi observations,b84a3711-b4ca-4e4f-adac-80dfaea98d1c,http://creativecommons.org/licenses/by/4.0/legalcode,Pikisaari,Keywords: { 7BE56CBA-B427-4B1E-878C-82B5D55DDD6F | F3B64632-E00A-4554-B42B-4E8F8A9159F7 },"Sienimääritykset ovat kotoisin Turun Sieniseuran sieninäyttelystä Jukka Vauraalta (muun muassa kaikki haperot), Jouni Issakaiselta ynnä muilta.",
gbif,3441016153,2017-09-10,2017,9,10,60.835206,21.26273,1000.0,HUMAN_OBSERVATION,Hatikka.fi observations,b84a3711-b4ca-4e4f-adac-80dfaea98d1c,http://creativecommons.org/licenses/by/4.0/legalcode,,Keywords: { 7BD3740C-57C1-40D1-A19F-B8386CD81C20 | 367581B3-8074-4703-BE45-987BF0027534 },"+16, vaihtelevaa pilvisyyttä",
gbif,3441127784,2017-09-23,2017,9,23,61.461371,22.587169,10000.0,HUMAN_OBSERVATION,The Atlas of Finnish Fungi,2bc4c2db-1dfa-419c-93ce-6602c5ae8c99,http://creativecommons.org/licenses/by/4.0/legalcode,,,,
gbif,3441127813,2017-09-07,2017,9,7,60.96393,24.134813,10000.0,HUMAN_OBSERVATION,The Atlas of Finnish Fungi,2bc4c2db-1dfa-419c-93ce-6602c5ae8c99,http://creativecommons.org/licenses/by/4.0/legalcode,,,,
gbif,3441128231,2017-09-08,2017,9,8,62.10916,30.27209,1000.0,MACHINE_OBSERVATION,The Atlas of Finnish Fungi,2bc4c2db-1dfa-419c-93ce-6602c5ae8c99,http://creativecommons.org/licenses/by/4.0/legalcode,"Kitee, Potoskavaara",haastehav. 22,,
gbif,3441128927,2017-09-16,2017,9,16,66.64895,27.454352,10000.0,MACHINE_OBSERVATION,The Atlas of Finnish Fungi,2bc4c2db-1dfa-419c-93ce-6602c5ae8c99,http://creativecommons.org/licenses/by/4.0/legalcode,Kemijärvi,,Mäntykangas,
gbif,3441134308,2017-09-25,2017,9,25,61.944744,26.873632,1000.0,HUMAN_OBSERVATION,The Atlas of Finnish Fungi,2bc4c2db-1dfa-419c-93ce-6602c5ae8c99,http://creativecommons.org/licenses/by/4.0/legalcode,"Kangasniemi, Vuojalahti, Petäisen metsä",,Petäisen metsän Natura-alue,
gbif,3441135359,2017-09-23,2017,9,23,61.371899,22.599805,10000.0,HUMAN_OBSERVATION,The Atlas of Finnish Fungi,2bc4c2db-1dfa-419c-93ce-6602c5ae8c99,http://creativecommons.org/licenses/by/4.0/legalcode,,,,
gbif,3441135961,2017-09-24,2017,9,24,66.481544,25.455577,1000.0,MACHINE_OBSERVATION,The Atlas of Finnish Fungi,2bc4c2db-1dfa-419c-93ce-6602c5ae8c99,http://creativecommons.org/licenses/by/4.0/legalcode,Ukko-Merkkiaavan kummut,,,
gbif,3441136951,2017-09-17,2017,9,17,62.140023,29.895581,1.0,HUMAN_OBSERVATION,The Atlas of Finnish Fungi,2bc4c2db-1dfa-419c-93ce-6602c5ae8c99,http://creativecommons.org/licenses/by/4.0/legalcode,Suoparsaari,,,
gbif,3441140350,2017-09-03,2017,9,3,64.55,24.383,1.0,PRESERVED_SPECIMEN,The Atlas of Finnish Fungi,2bc4c2db-1dfa-419c-93ce-6602c5ae8c99,http://creativecommons.org/licenses/by/4.0/legalcode,"Raahe, Piehinki, Kultalanperä",,Metsäpolku,
gbif,3441141035,2017-09-30,2017,9,30,63.498745,25.490473,10000.0,HUMAN_OBSERVATION,The Atlas of Finnish Fungi,2bc4c2db-1dfa-419c-93ce-6602c5ae8c99,http://creativecommons.org/licenses/by/4.0/legalcode,,,,
gbif,3441141533,2017-09-23,2017,9,23,62.547246,30.060714,1.0,MACHINE_OBSERVATION,The Atlas of Finnish Fungi,2bc4c2db-1dfa-419c-93ce-6602c5ae8c99,http://creativecommons.org/licenses/by/4.0/legalcode,Orava polku Riuttalampi- Vehkasuo,,"Kangasmetsää, paikoin suota.",
gbif,3441141975,2017-09-10,2017,9,10,60.563483,24.740057,1000.0,HUMAN_OBSERVATION,The Atlas of Finnish Fungi,2bc4c2db-1dfa-419c-93ce-6602c5ae8c99,http://creativecommons.org/licenses/by/4.0/legalcode,"Nurmijärvi, Herunen",,Mäntykangas,
gbif,3441142066,2017-09-28,2017,9,28,60.257792,24.926795,1.0,HUMAN_OBSERVATION,The Atlas of Finnish Fungi,2bc4c2db-1dfa-419c-93ce-6602c5ae8c99,http://creativecommons.org/licenses/by/4.0/legalcode,"Paloheinä, Keskuspuisto, Helsinki",lähellä koivua,Lumen lomassa polun varressa,
gbif,3441145355,2017-09-23,2017,9,23,63.77944,26.06873,1.0,MACHINE_OBSERVATION,The Atlas of Finnish Fungi,2bc4c2db-1dfa-419c-93ce-6602c5ae8c99,http://creativecommons.org/licenses/by/4.0/legalcode,Lohva,,Viemäriojan penkan takana,
gbif,3441151704,2017-09-23,2017,9,23,60.187963,25.145397,1.0,MACHINE_OBSERVATION,The Atlas of Finnish Fungi,2bc4c2db-1dfa-419c-93ce-6602c5ae8c99,http://creativecommons.org/licenses/by/4.0/legalcode,"Helsinki, Kallahdenniemi",,,
gbif,3441153611,2017-09-21,2017,9,21,62.096224,30.139151,100.0,MACHINE_OBSERVATION,The Atlas of Finnish Fungi,2bc4c2db-1dfa-419c-93ce-6602c5ae8c99,http://creativecommons.org/licenses/by/4.0/legalcode,"Kitee, Kupiaisten parkkialueen reunan viheralue",,"Keskustan viheralue, pusikko",
gbif,3441158819,2017-09-02,2017,9,2,61.371899,22.599805,10000.0,HUMAN_OBSERVATION,The Atlas of Finnish Fungi,2bc4c2db-1dfa-419c-93ce-6602c5ae8c99,http://creativecommons.org/licenses/by/4.0/legalcode,,,,
gbif,3441160807,2017-09-11,2017,9,11,60.473808,22.104985,100.0,MACHINE_OBSERVATION,The Atlas of Finnish Fungi,2bc4c2db-1dfa-419c-93ce-6602c5ae8c99,http://creativecommons.org/licenses/by/4.0/legalcode,Kaanaa,,pihapiiri,
gbif,3441173310,2017-09-19,2017,9,19,60.671434,24.426787,1.0,MACHINE_OBSERVATION,The Atlas of Finnish Fungi,2bc4c2db-1dfa-419c-93ce-6602c5ae8c99,http://creativecommons.org/licenses/by/4.0/legalcode,"Järventausta, Loppi",,,
gbif,3441175647,2017-09-10,2017,9,10,62.178093,26.411913,1000.0,MACHINE_OBSERVATION,The Atlas of Finnish Fungi,2bc4c2db-1dfa-419c-93ce-6602c5ae8c99,http://creativecommons.org/licenses/by/4.0/legalcode,Tukianmäki,,Myös mäntyjä ja koivuja.,
gbif,3441176905,2017-09-02,2017,9,2,61.371899,22.599805,10000.0,HUMAN_OBSERVATION,The Atlas of Finnish Fungi,2bc4c2db-1dfa-419c-93ce-6602c5ae8c99,http://creativecommons.org/licenses/by/4.0/legalcode,,,,
gbif,3441180719,2017-09-06,2017,9,6,60.771255,22.757853,100.0,MACHINE_OBSERVATION,The Atlas of Finnish Fungi,2bc4c2db-1dfa-419c-93ce-6602c5ae8c99,http://creativecommons.org/licenses/by/4.0/legalcode,Pukinmäki,,,
gbif,3441186459,2017-09-24,2017,9,24,60.33912,24.684453,1.0,MACHINE_OBSERVATION,The Atlas of Finnish Fungi,2bc4c2db-1dfa-419c-93ce-6602c5ae8c99,http://creativecommons.org/licenses/by/4.0/legalcode,"Espoo, Luukki",,,
gbif,3441189822,2017-09-12,2017,9,12,61.547061,23.545932,1.0,HUMAN_OBSERVATION,The Atlas of Finnish Fungi,2bc4c2db-1dfa-419c-93ce-6602c5ae8c99,http://creativecommons.org/licenses/by/4.0/legalcode,Pikku-Ahvenisto,Havis 4,Sammaleinen havupuuvaltainen metsä,
gbif,3441195783,2017-09-26,2017,9,26,61.692985,24.354955,1.0,MACHINE_OBSERVATION,The Atlas of Finnish Fungi,2bc4c2db-1dfa-419c-93ce-6602c5ae8c99,http://creativecommons.org/licenses/by/4.0/legalcode,"Orivesi, Oripohja",,kaavatien ja liikerakennuksen välinen puisto,
gbif,3441214104,2017-09-23,2017,9,23,61.671,23.519,1.0,MACHINE_OBSERVATION,The Atlas of Finnish Fungi,2bc4c2db-1dfa-419c-93ce-6602c5ae8c99,http://creativecommons.org/licenses/by/4.0/legalcode,Taborinvuori,korkealla vuorella kivikossa,,
gbif,3448539285,2017-09-02,2017,9,2,61.574884,23.877149,1000.0,MACHINE_OBSERVATION,"Notebook, general observations",df12ca07-f133-4550-ab3b-fde13f0e76ba,http://creativecommons.org/licenses/by/4.0/legalcode,Vähäjärvi,,,
gbif,3448599439,2017-09-14,2017,9,14,62.101149,30.110964,1000.0,HUMAN_OBSERVATION,"Notebook, general observations",df12ca07-f133-4550-ab3b-fde13f0e76ba,http://creativecommons.org/licenses/by/4.0/legalcode,Sopensuon suojelualue,,,
gbif,4899002362,2017-09-11,2017,9,11,60.545303,24.647091,1000.0,HUMAN_OBSERVATION,LajiGIS: Species mapping and surveys,687c05e9-96d6-40e3-b1c9-2e026d0b3fc0,http://creativecommons.org/licenses/by/4.0/legalcode,"Kalkkilammi, Vantaanjoen vesistöalue","3289930 | el_50419 } Hyvinkää, Kalkkilammi; Havainnosta ei tarkempaa tietoa",,
gbif,2626319923,2017-10-21,2017,10,21,61.760511,26.330329,819.0,HUMAN_OBSERVATION,iNaturalist research-grade observations,50c9509d-22c7-4a22-a47d-8c48425ef4a7,http://creativecommons.org/licenses/by-nc/4.0/legalcode,,,,
gbif,3441152642,2017-10-09,2017,10,9,61.170455,28.774046,1.0,MACHINE_OBSERVATION,The Atlas of Finnish Fungi,2bc4c2db-1dfa-419c-93ce-6602c5ae8c99,http://creativecommons.org/licenses/by/4.0/legalcode,"Imatra, Imatrankoski, Muinaisuomanpuisto",,"hiidenkirnuja sisältävä kalliojyrkännemetsä, luonnonpuisto",
gbif,3441160501,2017-10-01,2017,10,1,61.461371,22.587169,10000.0,HUMAN_OBSERVATION,The Atlas of Finnish Fungi,2bc4c2db-1dfa-419c-93ce-6602c5ae8c99,http://creativecommons.org/licenses/by/4.0/legalcode,,,,
gbif,3441160555,2017-10-01,2017,10,1,61.467309,22.774197,10000.0,HUMAN_OBSERVATION,The Atlas of Finnish Fungi,2bc4c2db-1dfa-419c-93ce-6602c5ae8c99,http://creativecommons.org/licenses/by/4.0/legalcode,,,,
gbif,3441163649,2017-10-15,2017,10,15,64.704643,27.979681,1000.0,MACHINE_OBSERVATION,The Atlas of Finnish Fungi,2bc4c2db-1dfa-419c-93ce-6602c5ae8c99,http://creativecommons.org/licenses/by/4.0/legalcode,"Puolanka, Paljakka, Latvavaara",,,
gbif,3441165773,2017-10-15,2017,10,15,65.188493,25.448198,1000.0,MACHINE_OBSERVATION,The Atlas of Finnish Fungi,2bc4c2db-1dfa-419c-93ce-6602c5ae8c99,http://creativecommons.org/licenses/by/4.0/legalcode,"Haukipudas, Kurkelansaari",,Tuore sekametsä,
gbif,3441178350,2017-10-27,2017,10,27,62.420253,27.283098,1000.0,HUMAN_OBSERVATION,The Atlas of Finnish Fungi,2bc4c2db-1dfa-419c-93ce-6602c5ae8c99,http://creativecommons.org/licenses/by/4.0/legalcode,"Pieksämäki, Kotamäki, Katajapuronsuo SE",Jäässä,"Mäntyvaltaista kangasmetsää, puolukkaturvekangasta ja korpirämemuuttumaa",
gbif,3441180971,2017-10-06,2017,10,6,62.87209,28.41845,1.0,MACHINE_OBSERVATION,The Atlas of Finnish Fungi,2bc4c2db-1dfa-419c-93ce-6602c5ae8c99,http://creativecommons.org/licenses/by/4.0/legalcode,"Tuusniemi, Kankaismäki",,talousmetsää,
gbif,3441185587,2017-10-07,2017,10,7,60.180149,24.819807,1.0,MACHINE_OBSERVATION,The Atlas of Finnish Fungi,2bc4c2db-1dfa-419c-93ce-6602c5ae8c99,http://creativecommons.org/licenses/by/4.0/legalcode,"Tapiola, Kimmeltie",,Kadun varressa koivua ja pihlajaa kasvava risukko.,
gbif,3441196868,2017-10-06,2017,10,6,67.348159,29.205915,10000.0,HUMAN_OBSERVATION,The Atlas of Finnish Fungi,2bc4c2db-1dfa-419c-93ce-6602c5ae8c99,http://creativecommons.org/licenses/by/4.0/legalcode,,,,
gbif,4898625747,2017-10-17,2017,10,17,60.227311,23.864425,1000.0,HUMAN_OBSERVATION,LajiGIS: Species mapping and surveys,687c05e9-96d6-40e3-b1c9-2e026d0b3fc0,http://creativecommons.org/licenses/by/4.0/legalcode,"Hermalan Kalkkimäki, Karjaanjoen vesistöalue","3289793 | el_50419 } Lohja, Lohjansaari, Hermalan Kalkkimäki; Havainnosta ei tarkempaa tietoa",,
gbif,1703206032,2017-11-25,2017,11,25,60.25644,25.034846,9.0,HUMAN_OBSERVATION,iNaturalist research-grade observations,50c9509d-22c7-4a22-a47d-8c48425ef4a7,http://creativecommons.org/licenses/by-nc/4.0/legalcode,,,,
gbif,3440630893,2017-11-12,2017,11,12,60.664782,23.604626,1.0,PRESERVED_SPECIMEN,Hatikka.fi observations,b84a3711-b4ca-4e4f-adac-80dfaea98d1c,http://creativecommons.org/licenses/by/4.0/legalcode,"Pajula, 761-419-2-41, Hämeen Härkätie, 761-895-0-2802, cpwa",Keywords: { Kansalaisen kasvilenkki | 3F4986A5-B909-4D4F-A53F-6F97FEBFBD46 | DFAC0834-AFFC-4386-87B0-C7CA137AA228 } | Kasvilenkkiyhdistyksen projektina 40°C:ssa 12 h kuivattu näyte nro 1197 minigrip-pussissa. Tasoiltaan muuunneltava linkki Maanmittauslaitoksen Karttapaikalla: https://asiointi.maanmi,"YKJ 6733070:3314578 keltavinokas; 6733644:3314504 keltavahvero; 6733708:3314542 valkohäntäkauris; 6733778:3314383 järviruoko 12.11. klo 14.30: 1,7°C, pouta, vuorokauden sadekertymä Pajulassa 0,2 mm, länsituulta 1 m/s, kosteus 96 %, paine 985 hPa, pilvistä (8/8)",
gbif,3441138356,2017-11-14,2017,11,14,61.623881,23.583739,1.0,HUMAN_OBSERVATION,The Atlas of Finnish Fungi,2bc4c2db-1dfa-419c-93ce-6602c5ae8c99,http://creativecommons.org/licenses/by/4.0/legalcode,"Kaihari, Mustanlahdentie",,Mökkitien eteläpuolella kallioinen sekämetsä,
gbif,3441138590,2017-11-12,2017,11,12,60.374989,25.72999,100.0,MACHINE_OBSERVATION,The Atlas of Finnish Fungi,2bc4c2db-1dfa-419c-93ce-6602c5ae8c99,http://creativecommons.org/licenses/by/4.0/legalcode,,,,
gbif,3441149081,2017-11-09,2017,11,9,61.681504,24.444267,1.0,MACHINE_OBSERVATION,The Atlas of Finnish Fungi,2bc4c2db-1dfa-419c-93ce-6602c5ae8c99,http://creativecommons.org/licenses/by/4.0/legalcode,"Orivesi, Torittu",,kostea rinnekuusikko,
gbif,3441176576,2017-11-05,2017,11,5,60.257873,24.929628,1.0,HUMAN_OBSERVATION,The Atlas of Finnish Fungi,2bc4c2db-1dfa-419c-93ce-6602c5ae8c99,http://creativecommons.org/licenses/by/4.0/legalcode,"Paloheinä, Keskuspuisto, Helsinki",,Kuusikko lähellä golfkenttää,
gbif,3441157855,2017-02-16,2017,,,62.436793,21.196452,1.0,PRESERVED_SPECIMEN,The Atlas of Finnish Fungi,2bc4c2db-1dfa-419c-93ce-6602c5ae8c99,http://creativecommons.org/licenses/by/4.0/legalcode,"Närpiö, Storskatan",11.8,"metsä-suomosaiikkia, metsät nuoria, hakkuuaukkoja",
gbif,3440603615,2016-06-22,2016,6,22,60.481277,22.212848,1.0,HUMAN_OBSERVATION,Hatikka.fi observations,b84a3711-b4ca-4e4f-adac-80dfaea98d1c,http://creativecommons.org/licenses/by/4.0/legalcode,"Mälikkälä, Kuninkoja",Keywords: { 0646A8E7-27C0-44CC-B656-BAE0D1FD5DEB | D854C4D3-4CED-4A48-BC86-EEF051C93153 } | small and dry,,
gbif,3441012550,2016-06-25,2016,6,,60.776472,23.846145,1.0,MACHINE_OBSERVATION,Hatikka.fi observations,b84a3711-b4ca-4e4f-adac-80dfaea98d1c,http://creativecommons.org/licenses/by/4.0/legalcode,"Saari, 834-434-1-231, 834-434-1-338, cpwa",Keywords: { KANSALAISEN KASVILENKKI | 3B2B93F4-28F0-4A5C-8AB9-5ECCE2BAF896 | C5EFE127-5F6E-49FF-A0E5-1543B2477756 } | pieniä alkuja kangastien reunoilla,kukkivia: | pelto-ohdake: Havaintovuosia 20. Ensihavainnon pvm: MED 2.7. MIN 16.6. MAX 21.7. | nuokkutalvikki: Havaintovuosia 13. Ensihavainnon pvm: MED 3.7. MIN 18.6. MAX 25.7. | mesiangervo: Havaintovuosia 25. Ensihavainnon pvm: MED 3.7. MIN 22.6. MAX 26.7. | pihasaunio: Havaintovuosia 24. Ensihav,
gbif,1640032976,2016-07-24,2016,7,24,61.398498,25.527871,1049318.0,HUMAN_OBSERVATION,iNaturalist research-grade observations,50c9509d-22c7-4a22-a47d-8c48425ef4a7,http://creativecommons.org/licenses/by-nc/4.0/legalcode,,,,
gbif,3440614701,2016-07-06,2016,7,6,60.484578,22.239946,1.0,HUMAN_OBSERVATION,Hatikka.fi observations,b84a3711-b4ca-4e4f-adac-80dfaea98d1c,http://creativecommons.org/licenses/by/4.0/legalcode,"Runosmäki, Nättinummi",Keywords: { F248F166-B723-4634-BD60-8D7F63AA5100 | 140E92FB-AF3C-4A10-A2B3-9F7423D6C76E },,
gbif,3440614738,2016-07-14,2016,7,14,60.663515,23.613106,1.0,MACHINE_OBSERVATION,Hatikka.fi observations,b84a3711-b4ca-4e4f-adac-80dfaea98d1c,http://creativecommons.org/licenses/by/4.0/legalcode,"Suomi, Etelä-Häme, Somero, Pajula, 761-419-2-41, 761-419-3-27, cpwa",Keywords: { KANSALAISEN KASVILENKKI | 83A17E8D-B96B-4160-AD99-ABE65AB49AD1 | 62DCE48A-8A2F-4B34-886F-3BB61DBEF079 } | lehtopolulla,kukkii: | nurmilauha: Havaintovuosia 13. Ensihavainnon pvm: MED 9.7. MIN 18.6. MAX 12.8. | keräpäävihvilä: Havaintovuosia 13. Ensihavainnon pvm: MED 23.6. MIN 17.6. MAX 11.8. | ei kuki: | pikkurousku: Havaintovuosia 10. Ensihavainnon pvm: MED 1.8. MIN 14.7. MAX 28.8. | kuusenleppärousku: Havaintovuo,
gbif,3441005558,2016-07-08,2016,7,8,60.486676,22.227229,1.0,HUMAN_OBSERVATION,Hatikka.fi observations,b84a3711-b4ca-4e4f-adac-80dfaea98d1c,http://creativecommons.org/licenses/by/4.0/legalcode,"Mälikkälä, Kuninkoja",Keywords: { 261062F4-1010-4E99-824C-A948A5E5B858 | 43000A0C-3F90-47E7-AEE4-EA317A87F63E },,
gbif,3441059500,2016-07-02,2016,7,2,61.234593,29.054487,1000.0,HUMAN_OBSERVATION,Hatikka.fi observations,b84a3711-b4ca-4e4f-adac-80dfaea98d1c,http://creativecommons.org/licenses/by/4.0/legalcode,,Keywords: { BFAC39F3-7D91-42FE-942C-93179133A991 | 74A9A680-95D0-4FA5-9A1A-C011207669AE } | itiöemiä koivujen luona aivan rantaviivan tuntumassakin,"Ruutu 6793:3610. Aurinkoinen, lämpötila +26 (15;25) ... +25 (20:10).","Helisevänjoki, Purnujärvi ja Helisevän rantametsikkö ja kaurapelto rannan tuntumassa"
gbif,3441132047,2016-07-23,2016,7,23,61.905007,29.807972,1.0,MACHINE_OBSERVATION,The Atlas of Finnish Fungi,2bc4c2db-1dfa-419c-93ce-6602c5ae8c99,http://creativecommons.org/licenses/by/4.0/legalcode,Kesälahti,,,
gbif,3441148577,2016-07-20,2016,7,20,62.60803,30.028107,100.0,HUMAN_OBSERVATION,The Atlas of Finnish Fungi,2bc4c2db-1dfa-419c-93ce-6602c5ae8c99,http://creativecommons.org/licenses/by/4.0/legalcode,Tukhulminlammit,,Väitöskirjakoe-ala.,
gbif,3441160713,2016-07-29,2016,7,29,62.704557,29.795991,100.0,HUMAN_OBSERVATION,The Atlas of Finnish Fungi,2bc4c2db-1dfa-419c-93ce-6602c5ae8c99,http://creativecommons.org/licenses/by/4.0/legalcode,Jaamankangas Hirviranta,,,
gbif,3441161815,2016-07-27,2016,7,27,62.683126,29.705244,1000.0,HUMAN_OBSERVATION,The Atlas of Finnish Fungi,2bc4c2db-1dfa-419c-93ce-6602c5ae8c99,http://creativecommons.org/licenses/by/4.0/legalcode,"Jaamankangas, Ukko-Puhakanaho",,"Väitöskirjakoe-ala, itiöemät laskettu 800 neliömetrin linjalta. Männikköä.",
gbif,3441196996,2016-07-29,2016,7,29,61.304626,23.476745,1000.0,MACHINE_OBSERVATION,The Atlas of Finnish Fungi,2bc4c2db-1dfa-419c-93ce-6602c5ae8c99,http://creativecommons.org/licenses/by/4.0/legalcode,"Pielivuori, Kurala, Narva, Vesilahti",,Pielivuoren eteläreunalla kulkeva metsätie,
gbif,3441198808,2016-07-03,2016,7,3,60.2678,24.648919,100.0,MACHINE_OBSERVATION,The Atlas of Finnish Fungi,2bc4c2db-1dfa-419c-93ce-6602c5ae8c99,http://creativecommons.org/licenses/by/4.0/legalcode,Pirttimäki,,Pirttimäen ulkoilumajalta etelään Pihapirtintien suuntaan,
gbif,3441200553,2016-07-27,2016,7,27,62.695312,29.7405,1000.0,HUMAN_OBSERVATION,The Atlas of Finnish Fungi,2bc4c2db-1dfa-419c-93ce-6602c5ae8c99,http://creativecommons.org/licenses/by/4.0/legalcode,"Jaamankangas, Hirvikangas",,"Väitöskirjakoe-ala, itiöemät laskettu 800 neliömetrin linjalta. Mäntymetsää.",
gbif,3453898404,2016-07-10,2016,7,10,61.310227,25.934601,1.0,HUMAN_OBSERVATION,Löydös Open Finnish Observation Database,956bc674-6022-4c52-833e-c5fb39dc837a,http://creativecommons.org/licenses/by/4.0/legalcode,Marjoniemi,,,
gbif,3441149661,2016-08-03,2016,8,3,66.368893,25.377021,100.0,MACHINE_OBSERVATION,The Atlas of Finnish Fungi,2bc4c2db-1dfa-419c-93ce-6602c5ae8c99,http://creativecommons.org/licenses/by/4.0/legalcode,"Muurola, Rovaniemi",,Koulun pihapiiri,
gbif,3441158769,2016-08-24,2016,8,,62.882924,27.68977,1000.0,HUMAN_OBSERVATION,The Atlas of Finnish Fungi,2bc4c2db-1dfa-419c-93ce-6602c5ae8c99,http://creativecommons.org/licenses/by/4.0/legalcode,Kuopionlahti,,rannan puistoalueet,
gbif,3441162608,2016-08-21,2016,8,21,62.925388,27.661273,100.0,HUMAN_OBSERVATION,The Atlas of Finnish Fungi,2bc4c2db-1dfa-419c-93ce-6602c5ae8c99,http://creativecommons.org/licenses/by/4.0/legalcode,Puijo,,mäenrinne,
gbif,3441184610,2016-08-04,2016,8,4,63.162883,30.589626,100.0,HUMAN_OBSERVATION,The Atlas of Finnish Fungi,2bc4c2db-1dfa-419c-93ce-6602c5ae8c99,http://creativecommons.org/licenses/by/4.0/legalcode,160 Patvinsuo Sykönaho,,,
gbif,3441191770,2016-08-04,2016,8,4,63.145867,30.607095,100.0,HUMAN_OBSERVATION,The Atlas of Finnish Fungi,2bc4c2db-1dfa-419c-93ce-6602c5ae8c99,http://creativecommons.org/licenses/by/4.0/legalcode,150 Patvinsuo Rauvunvaara,,väitöskirja-ala,
gbif,3441210267,2016-08-21,2016,8,21,60.441875,22.198203,1.0,MACHINE_OBSERVATION,The Atlas of Finnish Fungi,2bc4c2db-1dfa-419c-93ce-6602c5ae8c99,http://creativecommons.org/licenses/by/4.0/legalcode,"Ruissalo, Marjaniemi",,Luontopolkujen ympäristön,
gbif,3453929317,2016-08-19,2016,8,19,60.387483,25.270958,1.0,HUMAN_OBSERVATION,Löydös Open Finnish Observation Database,956bc674-6022-4c52-833e-c5fb39dc837a,http://creativecommons.org/licenses/by/4.0/legalcode,Kylävuoren pohjoisen puoleinen reunametsikkö.,,"Löytöajankohta 19.8.16, hoitamaton ja syrjäinen metsikönreuna, sammalikkoa, koivuja ja muita lehtipuita ympärillä. Kantarellimaastossa. Sivummalta olen myös aiemmin näitä tavannut.",
gbif,4898978101,2016-08-19,2016,8,19,66.305156,25.113212,1.0,HUMAN_OBSERVATION,LajiGIS: Species mapping and surveys,687c05e9-96d6-40e3-b1c9-2e026d0b3fc0,http://creativecommons.org/licenses/by/4.0/legalcode,"Pisavaaran sienet 2016, Kemijoen vesistöalue",689228 | el_50419 },,
gbif,1453191730,2016-09-04,2016,9,4,62.691944,29.637501,,HUMAN_OBSERVATION,iNaturalist research-grade observations,50c9509d-22c7-4a22-a47d-8c48425ef4a7,http://creativecommons.org/licenses/by-nc/4.0/legalcode,,,,
gbif,3435186197,2016-09-13,2016,9,13,60.508438,27.687652,100.0,PRESERVED_SPECIMEN,Botanical Collections of the Åbo Akademi,9f6be6a5-fa23-4471-97c6-67cd21bcf53a,http://creativecommons.org/licenses/by/4.0/legalcode,Virolahden kirkonkylä,Keywords: { http://tun.fi/GX.9275 | TUR-A 204391 },,Cemetery. In park near Betula.
gbif,3435186208,2016-09-14,2016,9,14,60.7597,27.982861,100.0,PRESERVED_SPECIMEN,Botanical Collections of the Åbo Akademi,9f6be6a5-fa23-4471-97c6-67cd21bcf53a,http://creativecommons.org/licenses/by/4.0/legalcode,"Ylämaa, Jokimies",Keywords: { http://tun.fi/GX.9275 | TUR-A 204404 },,"Heath forest with Pinus sylvestris, Picea abies and Betula."
gbif,3440601126,2016-09-24,2016,9,24,65.680961,27.529209,1000.0,HUMAN_OBSERVATION,Hatikka.fi observations,b84a3711-b4ca-4e4f-adac-80dfaea98d1c,http://creativecommons.org/licenses/by/4.0/legalcode,Ahmavaara,Keywords: { A18061BB-D9FD-4A9F-8B5A-7A5C3772BD35 | 280D5A93-504C-46F7-B77F-84FAA6D1D791 },Syötteen kansallispuisto. Kaikki havainnot Ahmatuvalta näkötornille vievän polun varrelta.,Kuusikko.
gbif,3440601864,2016-09-03,2016,9,3,60.22259,24.79278,100.0,HUMAN_OBSERVATION,Hatikka.fi observations,b84a3711-b4ca-4e4f-adac-80dfaea98d1c,http://creativecommons.org/licenses/by/4.0/legalcode,,Keywords: { 80580B6C-92FD-4CDD-AB70-BD51E5809D5B | 09BDB737-E6D8-46B1-AAD5-77219B14C095 },,tuore kangas
gbif,3441162541,2016-09-20,2016,9,20,64.253503,25.044145,25000.0,MACHINE_OBSERVATION,The Atlas of Finnish Fungi,2bc4c2db-1dfa-419c-93ce-6602c5ae8c99,http://creativecommons.org/licenses/by/4.0/legalcode,Oulainen,,,
gbif,3441202006,2016-09-08,2016,9,8,64.08214,27.687313,1000.0,MACHINE_OBSERVATION,The Atlas of Finnish Fungi,2bc4c2db-1dfa-419c-93ce-6602c5ae8c99,http://creativecommons.org/licenses/by/4.0/legalcode,Lehtovaara,,,
gbif,3441206211,2016-09-13,2016,9,13,62.60803,30.028107,100.0,HUMAN_OBSERVATION,The Atlas of Finnish Fungi,2bc4c2db-1dfa-419c-93ce-6602c5ae8c99,http://creativecommons.org/licenses/by/4.0/legalcode,Tukhulminlammit,,Väitöskirjakoe-ala.,
gbif,3448611688,2016-09-24,2016,9,24,61.055445,24.475022,1000.0,HUMAN_OBSERVATION,"Notebook, general observations",df12ca07-f133-4550-ab3b-fde13f0e76ba,http://creativecommons.org/licenses/by/4.0/legalcode,Hattula,,,
gbif,3449121805,2016-09-22,2016,9,22,60.254716,24.606991,1000.0,HUMAN_OBSERVATION,"Notebook, general observations",df12ca07-f133-4550-ab3b-fde13f0e76ba,http://creativecommons.org/licenses/by/4.0/legalcode,Brobacka - Sorlampi,Keywords: { luomus | sieniretki },Sorlammen luontopolku + metsä,
gbif,3453927921,2016-09-03,2016,9,3,63.505959,24.72242,50000.0,HUMAN_OBSERVATION,Löydös Open Finnish Observation Database,956bc674-6022-4c52-833e-c5fb39dc837a,http://creativecommons.org/licenses/by/4.0/legalcode,,,,
gbif,3916538299,2016-10-01,2016,10,1,60.25,25.3,,MATERIAL_SAMPLE,,f71cff20-c223-445a-9fb1-ff3a7466d993,http://creativecommons.org/licenses/by/4.0/legalcode,,,Fungal metagenome in oil-spilled basin experiment,
gbif,3917197339,2016-10-01,2016,10,1,60.25,25.3,,MATERIAL_SAMPLE,,f71cff20-c223-445a-9fb1-ff3a7466d993,http://creativecommons.org/licenses/by/4.0/legalcode,,,OILMICROB_fungi_Metagenome sample from natural marine metagenome,
gbif,3440980662,2015-06-21,2015,6,21,60.50736,22.271969,1.0,HUMAN_OBSERVATION,Hatikka.fi observations,b84a3711-b4ca-4e4f-adac-80dfaea98d1c,http://creativecommons.org/licenses/by/4.0/legalcode,Lentokenttä,Keywords: { 5DE53C23-D936-452E-BE33-AAEA18AD3809 | 1E70D1BC-848C-42E9-B992-77DC87BAF469 },,
gbif,3440580837,2015-07-19,2015,7,19,61.322011,28.555956,1000.0,HUMAN_OBSERVATION,Hatikka.fi observations,b84a3711-b4ca-4e4f-adac-80dfaea98d1c,http://creativecommons.org/licenses/by/4.0/legalcode,,Keywords: { ÄIT Tuppurainen 6802:3583 | A424EBFA-31C3-4A63-BEB1-DC9371F5A78B | AA6A8635-DA3B-4E25-8428-49C33E704DBE },"Ruudulla postilaatikko, jolla käydään (arki)päivisin. Yhtenäiskoordinaatiston ruutu 6802:3583",MT-sekametsää
gbif,3440581891,2015-07-25,2015,7,25,60.68598,22.224215,1.0,HUMAN_OBSERVATION,Hatikka.fi observations,b84a3711-b4ca-4e4f-adac-80dfaea98d1c,http://creativecommons.org/licenses/by/4.0/legalcode,Hiittiö,Keywords: { F40512E3-9B2F-44B5-94F9-5CA7331ED878 | F9154782-27D7-4D5C-90CF-D7ED843FD39A },,
gbif,3440582897,2015-07-22,2015,7,22,60.665935,23.608641,1.0,HUMAN_OBSERVATION,Hatikka.fi observations,b84a3711-b4ca-4e4f-adac-80dfaea98d1c,http://creativecommons.org/licenses/by/4.0/legalcode,"Suomi, Etelä-Häme, Somero, Pajula, 761-419-2-41, 761-419-3-27, 761-419-4-50, cpw",Keywords: { KANSALAISEN KASVILENKKI | E26A0F1D-EF8F-438E-9A41-AD67802C0CA8 | BAAD2A7C-9A4B-43E5-A8F3-1DC13ACACD65 } | kuva yllä. Suomen sienioppaan (Kasvimuseo. WSOY 2006 s. 297) mukaan erinomainen ruokasieni; kauppasieni (LC). Vertaa: ❶ http://pinkka.helsinki.fi/virtuaalikasvio/plant.php?id=13861&i,kukkivia: | ahojäkkärä: Havaintovuosia 10. Ensihavainnon pvm: MED 1.8. MIN 22.7. MAX 11.8. | metsäkastikka: Havaintovuosia 11. Ensihavainnon pvm: MED 14.7. MIN 30.6. MAX 25.7. | pihatatar: Havaintovuosia 14. Ensihavainnon pvm: MED 15.7. MIN 24.6. MAX 3.8. | ei kuki (sieniä): | ruostekärpässieni: Hav,
gbif,3440585722,2015-07-10,2015,7,10,61.413931,22.630613,1.0,HUMAN_OBSERVATION,Hatikka.fi observations,b84a3711-b4ca-4e4f-adac-80dfaea98d1c,http://creativecommons.org/licenses/by/4.0/legalcode,"Kiikoinen, Rautu",Keywords: { sienet | 825CE168-24F1-4290-99EF-863D2F3AE42D | 41C3937F-D3D9-4720-A12E-3B717F0869B6 },Taatista 200 m kaakkoon,"lehtomainen kangasmetsä, heinikkoinen ajoura"
gbif,3440585911,2015-07-25,2015,7,25,60.704283,22.265971,100.0,HUMAN_OBSERVATION,Hatikka.fi observations,b84a3711-b4ca-4e4f-adac-80dfaea98d1c,http://creativecommons.org/licenses/by/4.0/legalcode,Takkulankulma,Keywords: { 1B7A1199-46AC-463A-89F5-A84678E6CA2F | 98B058DB-AEC6-4EB6-8E3C-58AFE429290F },,
gbif,3440587075,2015-07-28,2015,7,28,60.637556,22.074261,1.0,HUMAN_OBSERVATION,Hatikka.fi observations,b84a3711-b4ca-4e4f-adac-80dfaea98d1c,http://creativecommons.org/licenses/by/4.0/legalcode,Vainionpohja,Keywords: { 01410562-175A-4E9E-ABB2-B3E05466660D | 5B2A76CC-015C-47DC-A7C4-C86DE85F5B6C },,
gbif,3440593959,2015-07-19,2015,7,19,60.482439,22.220087,1000.0,HUMAN_OBSERVATION,Hatikka.fi observations,b84a3711-b4ca-4e4f-adac-80dfaea98d1c,http://creativecommons.org/licenses/by/4.0/legalcode,"Mälikkälä, Kuninkoja",Keywords: { 7CA7AFAC-AE81-42E1-8ED6-039A643B7BAF | EAFF199B-120F-420A-8BF1-ACBEEE7E82A0 },,
gbif,3440945838,2015-07-25,2015,7,25,60.634704,22.232258,1.0,HUMAN_OBSERVATION,Hatikka.fi observations,b84a3711-b4ca-4e4f-adac-80dfaea98d1c,http://creativecommons.org/licenses/by/4.0/legalcode,Mustakulma,Keywords: { FC28C2CE-C229-4203-9046-06335B2C8AD7 | 87873973-D92C-474A-9290-8FE5A7221ECA },,
gbif,3440948784,2015-07-03,2015,7,3,60.667555,23.599225,1.0,MACHINE_OBSERVATION,Hatikka.fi observations,b84a3711-b4ca-4e4f-adac-80dfaea98d1c,http://creativecommons.org/licenses/by/4.0/legalcode,"Suomi, Etelä-Häme, Somero, Pajula, 761-419-2-41, 761-419-3-27, cpwa",Keywords: { KANSALAISEN KASVILENKKI | CE66D09D-1627-4701-8E7E-FE6A0A91795C | BDEED6DE-0B6D-4C97-B7F3-FEE5A8576A19 } | hyvin pieniä kovalla soratien keskiraitilla Pruukan ylimetsässä. Suomen sienioppaan (Kasvimuseo. WSOY 2006 s. 297) mukaan erinomainen ruokasieni; kauppasieni (LC). Vertaa: ❶ http://p,kukkivia: | amerikanhorsma: Havaintovuosia 6. Ensihavainnon pvm: MED 29.6. MIN 24.6. MAX 29.7. | metsätähtimö: Havaintovuosia 3. Ensihavainnon pvm: MED 3.7. MIN 28.6. MAX 4.10. | karheanurmikka: Havaintovuosia 4. Ensihavainnon pvm: MED 28.6. MIN 20.6. MAX 3.7. | piharatamo: Havaintovuosia 24. Ensiha,
gbif,3440948794,2015-07-05,2015,7,5,60.481282,22.212289,1000.0,HUMAN_OBSERVATION,Hatikka.fi observations,b84a3711-b4ca-4e4f-adac-80dfaea98d1c,http://creativecommons.org/licenses/by/4.0/legalcode,"Mälikkälä, Kuninkoja",Keywords: { 3850A2DD-4462-4785-A195-49B35F93BA5F | 5617EBC2-8C83-472B-A2C3-F2BC2D285C46 } | small and dry,,
gbif,3440985839,2015-07-25,2015,7,25,60.654789,22.269927,1.0,HUMAN_OBSERVATION,Hatikka.fi observations,b84a3711-b4ca-4e4f-adac-80dfaea98d1c,http://creativecommons.org/licenses/by/4.0/legalcode,"Valpperi, Torikkala",Keywords: { 0A6E3B8F-C0C1-4549-B3E9-BC0E83E47E3A | 650F9EDA-3B80-407E-9737-8B51C9A230C1 },,
gbif,3440991858,2015-07-28,2015,7,28,60.671607,22.011221,1000.0,HUMAN_OBSERVATION,Hatikka.fi observations,b84a3711-b4ca-4e4f-adac-80dfaea98d1c,http://creativecommons.org/licenses/by/4.0/legalcode,Kivistö,Keywords: { 7C9BD56A-2AF5-4AA3-A649-B15AC53B6930 | C1B836C7-BC38-4249-924C-F4E76A0AB062 },,
gbif,3440992697,2015-07-06,2015,7,6,60.652042,22.309047,1.0,HUMAN_OBSERVATION,Hatikka.fi observations,b84a3711-b4ca-4e4f-adac-80dfaea98d1c,http://creativecommons.org/licenses/by/4.0/legalcode,Vahto,Keywords: { 4A61AF59-4C82-45FA-BDC0-694A800A8F20 | FE89915F-EBB8-4C1A-B93D-166A7F561DD6 },,
gbif,3441128990,2015-07-24,2015,7,24,60.171795,24.908782,1.0,MACHINE_OBSERVATION,The Atlas of Finnish Fungi,2bc4c2db-1dfa-419c-93ce-6602c5ae8c99,http://creativecommons.org/licenses/by/4.0/legalcode,"Helsinki, Hietaniemi",,,
gbif,3441135332,2015-07-21,2015,7,21,62.846908,27.689442,1000.0,HUMAN_OBSERVATION,The Atlas of Finnish Fungi,2bc4c2db-1dfa-419c-93ce-6602c5ae8c99,http://creativecommons.org/licenses/by/4.0/legalcode,Jynkänmäki,,"kosteikon lähistöltä, mäen rinteen alaosa ja karumpaa mäenrinteestä pohjoispuolelta",
gbif,3441173002,2015-07-15,2015,7,15,62.846058,27.687235,1000.0,HUMAN_OBSERVATION,The Atlas of Finnish Fungi,2bc4c2db-1dfa-419c-93ce-6602c5ae8c99,http://creativecommons.org/licenses/by/4.0/legalcode,Jynkänvuori,,"mäntykangasta, kuntopolun varsi",
gbif,3441200605,2015-07-22,2015,7,22,62.846248,27.68907,1000.0,HUMAN_OBSERVATION,The Atlas of Finnish Fungi,2bc4c2db-1dfa-419c-93ce-6602c5ae8c99,http://creativecommons.org/licenses/by/4.0/legalcode,Jynkänmäki,,,
gbif,3440587089,2015-08-01,2015,8,1,60.484691,22.227242,1000.0,HUMAN_OBSERVATION,Hatikka.fi observations,b84a3711-b4ca-4e4f-adac-80dfaea98d1c,http://creativecommons.org/licenses/by/4.0/legalcode,"Mälikkälä, Kuninkoja",Keywords: { C7CA6680-83C1-4935-BCC1-A0B079B204C3 | E06EBD23-B5D6-45DE-9F95-717B32618F2D },,
gbif,3440587983,2015-08-09,2015,8,9,61.310527,25.935291,100.0,HUMAN_OBSERVATION,Hatikka.fi observations,b84a3711-b4ca-4e4f-adac-80dfaea98d1c,http://creativecommons.org/licenses/by/4.0/legalcode,,Keywords: { 5FCEDEFB-07BA-4E33-9804-D8DE178EBD46 | A4D3FF45-E17C-4D8C-9B05-4CAAE45A58C7 },Lahdelma,tuore kangas
gbif,3441127364,2015-08-09,2015,8,9,60.276704,25.219963,1.0,MACHINE_OBSERVATION,The Atlas of Finnish Fungi,2bc4c2db-1dfa-419c-93ce-6602c5ae8c99,http://creativecommons.org/licenses/by/4.0/legalcode,"Helsinki, Hältingträsk",,,
gbif,3441128015,2015-08-09,2015,8,9,60.234062,25.129861,1.0,MACHINE_OBSERVATION,The Atlas of Finnish Fungi,2bc4c2db-1dfa-419c-93ce-6602c5ae8c99,http://creativecommons.org/licenses/by/4.0/legalcode,"Helsinki, Mellunmäki",,,
gbif,3440602364,2015-09-10,2015,9,10,60.666856,23.602119,1.0,MACHINE_OBSERVATION,Hatikka.fi observations,b84a3711-b4ca-4e4f-adac-80dfaea98d1c,http://creativecommons.org/licenses/by/4.0/legalcode,"Suomi, Etelä-Häme, Somero, Pajula, 761-419-2-41, 761-419-3-27, cpwa","Keywords: { KANSALAISEN KASVILENKKI | 32EB9E06-B478-4291-B913-188635488E86 | 130B7EFA-5F9F-42DC-AC1A-DF39826D972B } | Suomen sienioppaan (Kasvimuseo. WSOY 2006 s. 297) mukaan erinomainen ruokasieni; kauppasieni (LC). Mkt, Ih; m ( Kotiranta, Saarenoksa & Kytövuori. Allyphoroid fungi of Finland. Helsi",sieniä: | keltavahvero: Havaintovuosia 11. Ensihavainnon pvm: MED 17.7. MIN 28.6. MAX 9.10. | törmänastajäkälä: Havaintovuosia 2. Ensihavainnon pvm: MED 9.7. MIN 8.3. MAX 10.11. | sinisukkaseitikki: Havaintovuosia 6. Ensihavainnon pvm: MED 17.8. MIN 16.7. MAX 22.10. | laakamyrkkyseitikki: Havaintovu,
gbif,3440653383,2015-12-01,2015,12,1,60.837102,21.247405,1000.0,HUMAN_OBSERVATION,Hatikka.fi observations,b84a3711-b4ca-4e4f-adac-80dfaea98d1c,http://creativecommons.org/licenses/by/4.0/legalcode,Uusikaupunki,Keywords: { F0E8F82F-7EF2-4D08-B1CF-5DAE464CB63F | 35628EA5-C2FE-4293-99D9-CB51BE2F7105 },"+3, vaihtelevaa pilvisyyttä, sadekuuroja.",
gbif,3440566715,2014-01-06,2014,1,6,60.490234,22.249539,1.0,HUMAN_OBSERVATION,Hatikka.fi observations,b84a3711-b4ca-4e4f-adac-80dfaea98d1c,http://creativecommons.org/licenses/by/4.0/legalcode,"Runosmäki, Riihikallio",Keywords: { 65201116-4652-4CA6-9A43-640AA4C88BB0 | 3A161ACD-F60D-428E-A8F0-8A1404032CB7 },,
gbif,3440931172,2014-06-28,2014,6,28,60.670921,23.599108,1.0,MACHINE_OBSERVATION,Hatikka.fi observations,b84a3711-b4ca-4e4f-adac-80dfaea98d1c,http://creativecommons.org/licenses/by/4.0/legalcode,"Suomi, Etelä-Häme, Somero, Pajula, 761-419-16-3, 761-419-876-1, 761-419-2-41, 76",Keywords: { KANSALAISEN KASVILENKKI | E5FAFB3F-E825-4F47-9619-D28010D45ED4 | 62F7065C-E897-421D-9275-696EA3471C0C } | vasta tien pintaan nousseina pieniä,kukkivia: | leväkkö: Havaintovuosia 3. Ensihavainnon pvm: MED 28.6. MIN 28.6. MAX 6.10. | nuokkutalvikki: Havaintovuosia 11. Ensihavainnon pvm: MED 2.7. MIN 18.6. MAX 24.7. | maariankämmekkä: Havaintovuosia 14. Ensihavainnon pvm: MED 4.7. MIN 26.6. MAX 25.7. | rahkasara: Havaintovuosia 7. Ensihavain,
gbif,3440954080,2014-06-30,2014,6,30,60.530083,22.236719,1.0,HUMAN_OBSERVATION,Hatikka.fi observations,b84a3711-b4ca-4e4f-adac-80dfaea98d1c,http://creativecommons.org/licenses/by/4.0/legalcode,Munittula,Keywords: { 148F215E-2BD2-4DC3-A127-E6121FC9A3F1 | 34F2DEAC-6413-4C00-B6C8-996715B59F6C },,
gbif,3441210916,2014-06-30,2014,6,30,60.42509,22.892916,1000.0,MACHINE_OBSERVATION,The Atlas of Finnish Fungi,2bc4c2db-1dfa-419c-93ce-6602c5ae8c99,http://creativecommons.org/licenses/by/4.0/legalcode,"Halaja, Myllytyryn uimaranta",,,
gbif,3453911563,2014-06-17,2014,6,17,60.131924,24.720795,25000.0,HUMAN_OBSERVATION,Löydös Open Finnish Observation Database,956bc674-6022-4c52-833e-c5fb39dc837a,http://creativecommons.org/licenses/by/4.0/legalcode,Hanikka,,"runsaasti nuppeja, kovin aikaisin ovat nousseet",
gbif,3440561197,2014-07-25,2014,7,25,60.486307,22.22721,1.0,HUMAN_OBSERVATION,Hatikka.fi observations,b84a3711-b4ca-4e4f-adac-80dfaea98d1c,http://creativecommons.org/licenses/by/4.0/legalcode,"Mälikkälä, Kuninkoja",Keywords: { 564FB11A-F814-4966-8FB5-7353C7DEE443 | 7C85A0A3-E9C8-4AA5-9FF7-E29C3A908381 },,
gbif,3440563262,2014-08-17,2014,8,17,60.889202,22.335634,5000.0,HUMAN_OBSERVATION,Hatikka.fi observations,b84a3711-b4ca-4e4f-adac-80dfaea98d1c,http://creativecommons.org/licenses/by/4.0/legalcode,Yläne,Keywords: { 742B85C1-1C87-4121-B1F6-EBF4709DDE5F | 3BEE1885-CE1F-4FAB-859B-BFD400F021A5 },,
gbif,3440568279,2014-08-11,2014,8,11,60.676029,22.379371,1000.0,HUMAN_OBSERVATION,Hatikka.fi observations,b84a3711-b4ca-4e4f-adac-80dfaea98d1c,http://creativecommons.org/licenses/by/4.0/legalcode,"Vahto, Lavamäki",Keywords: { FA0509DA-4EEC-4EA8-B1BE-FD1FD91367C7 | 21E3FA4A-CB6A-47F9-B8DB-EB8FB5515669 },,
gbif,3440569377,2014-08-16,2014,8,16,60.71228,22.326598,100.0,MACHINE_OBSERVATION,Hatikka.fi observations,b84a3711-b4ca-4e4f-adac-80dfaea98d1c,http://creativecommons.org/licenses/by/4.0/legalcode,"Valpperi, Krippalanmäki",Keywords: { Matti Aaltonen: Basidiomycota | 05070DFF-C7E6-433B-96ED-5086033649F0 | 621E197D-8727-4F8D-8071-2AB2CA2CE771 },,
gbif,3440577372,2014-08-23,2014,8,23,60.607188,22.008658,1000.0,HUMAN_OBSERVATION,Hatikka.fi observations,b84a3711-b4ca-4e4f-adac-80dfaea98d1c,http://creativecommons.org/licenses/by/4.0/legalcode,Paijula,Keywords: { EE7EC054-EFEC-4838-8895-36CCEC68158A | 5CB2620D-D791-410B-B676-B4F66B7FD3E9 },,
gbif,3441006884,2014-08-21,2014,8,21,60.484261,22.225189,1000.0,HUMAN_OBSERVATION,Hatikka.fi observations,b84a3711-b4ca-4e4f-adac-80dfaea98d1c,http://creativecommons.org/licenses/by/4.0/legalcode,"Mälikkälä, Kuninkoja",Keywords: { E25AC5FA-17A9-442E-B10E-52377FEEB274 | 54E5781B-AE3D-483A-AF5E-E0AE5DCE2D53 },,
gbif,3441185465,2014-08-11,2014,8,11,68.338305,27.476635,1.0,MACHINE_OBSERVATION,The Atlas of Finnish Fungi,2bc4c2db-1dfa-419c-93ce-6602c5ae8c99,http://creativecommons.org/licenses/by/4.0/legalcode,Kiilopää,,Tunturinrinnekoivikko,
gbif,3440575883,2014-09-06,2014,9,6,60.982773,25.516016,1.0,HUMAN_OBSERVATION,Hatikka.fi observations,b84a3711-b4ca-4e4f-adac-80dfaea98d1c,http://creativecommons.org/licenses/by/4.0/legalcode,,Keywords: { F1373F26-0F1F-4DC0-B38E-0DB82EA4791D | 7B554FAC-7BEE-4720-AD58-85CA9505DA4C },,
gbif,3440584620,2014-09-06,2014,9,,65.827452,25.136335,10000.0,HUMAN_OBSERVATION,Hatikka.fi observations,b84a3711-b4ca-4e4f-adac-80dfaea98d1c,http://creativecommons.org/licenses/by/4.0/legalcode,Martimoaapa,"Keywords: { 949E20EF-81E0-4103-A3CE-71C823E5C6DC | 80A60B96-C072-478B-A2E9-6456DF7E7E57 } | Simoskan Mäntymaa (7307:3417) 7.9., 4 itiöemää.",Martimoaavan soidensuojelualue,
gbif,3440647819,2014-10-04,2014,10,4,60.532516,22.362953,1000.0,HUMAN_OBSERVATION,Hatikka.fi observations,b84a3711-b4ca-4e4f-adac-80dfaea98d1c,http://creativecommons.org/licenses/by/4.0/legalcode,Maaria,Keywords: { 794F745C-0C2D-4970-942B-E88FB46F1B71 | 9916F205-9A4C-460F-A79A-89067BDFD767 },,
gbif,4898836784,2014-10-17,2014,10,17,60.364431,25.725362,1.0,HUMAN_OBSERVATION,LajiGIS: Species mapping and surveys,687c05e9-96d6-40e3-b1c9-2e026d0b3fc0,http://creativecommons.org/licenses/by/4.0/legalcode,"Lissbacka, Stensböle, Suomenlahden rannikkoalue",Etelä-Suomen metsien monimuotoisuus (METSO) (METSO) | 486929 | el_50419 },,
gbif,3440575670,2014-11-16,2014,11,16,60.228054,24.789272,100.0,HUMAN_OBSERVATION,Hatikka.fi observations,b84a3711-b4ca-4e4f-adac-80dfaea98d1c,http://creativecommons.org/licenses/by/4.0/legalcode,,Keywords: { 117C53A7-9897-4727-844B-218519CD2EDE | C96D8192-C505-4AAE-926D-81733B990BB5 },"Monikko, S-osa +4C, puolipilv., kohtal. SW",lehto
gbif,3440571782,2014-12-07,2014,12,7,60.485716,22.241856,1.0,HUMAN_OBSERVATION,Hatikka.fi observations,b84a3711-b4ca-4e4f-adac-80dfaea98d1c,http://creativecommons.org/licenses/by/4.0/legalcode,"Runosmäki, Nättinummi",Keywords: { 3464316F-EE86-49A8-A353-93E516B6DDD1 | 25C0F268-55D0-40DC-B14D-3788D041961B },,
gbif,3440575739,2014-12-07,2014,12,7,60.474983,22.221336,1.0,HUMAN_OBSERVATION,Hatikka.fi observations,b84a3711-b4ca-4e4f-adac-80dfaea98d1c,http://creativecommons.org/licenses/by/4.0/legalcode,"Mälikkälä, Kuninkoja",Keywords: { FA186336-FF87-440D-8423-9B85FC2CBB81 | 11E5A2D5-CDA8-40F8-AD4F-5B10A479D56C },,
gbif,3440936755,2014-12-01,2014,12,1,60.227394,24.805211,100.0,HUMAN_OBSERVATION,Hatikka.fi observations,b84a3711-b4ca-4e4f-adac-80dfaea98d1c,http://creativecommons.org/licenses/by/4.0/legalcode,,Keywords: { 62E4BB4F-5A69-430D-9E38-335D58AA36D3 | 3933EBBB-C0DE-49C7-B929-9E119CBBF477 },"Monikko, uimahallin NE-puoli -1 C, pilvis. 100%, tyyntä, ei lunta, ei routaa",lehtomainen kangas
gbif,3440942805,2014-12-19,2014,12,19,60.210557,24.782954,1.0,HUMAN_OBSERVATION,Hatikka.fi observations,b84a3711-b4ca-4e4f-adac-80dfaea98d1c,http://creativecommons.org/licenses/by/4.0/legalcode,,Keywords: { 9D052BEC-ABF1-48E0-8A85-42D72E011910 | C2677E3F-E094-42B5-A001-A4C1443A50C5 } | aivan pieni,"+2, C, pilvis. 100%, tyyntä, eilunta, ei routaa",tuore kangas
gbif,3441037091,2013-06-14,2013,6,,60.593583,23.153982,1000.0,HUMAN_OBSERVATION,Hatikka.fi observations,b84a3711-b4ca-4e4f-adac-80dfaea98d1c,http://creativecommons.org/licenses/by/4.0/legalcode,,Keywords: { AC153B88-174B-418C-873D-CF790EAA5E2A | 9AD80990-4294-4421-BF0B-A1775563439B } | Sateiden jälkeen sienirihmasto elpynyt nopeasti. Pieniä keltvahveronalkuja noussut piha-alueelle tulevan tieuran keskelle useampaankin kohaan..,,"Etelän suuntaan laskevaa hiesukangasta. Vanhan maalaistalon pihapiiri, nyt vapaa-ajan asunto. Isoja koivuja, pohjoisen puolella mäntymetsä, etelän puolella hyväkasvuinen kuusisekametsä. Pähkinäpensaita lehmuksia, omenapuita, marjapensaita."
gbif,3440926887,2013-08-04,2013,8,4,60.415524,22.450622,1.0,HUMAN_OBSERVATION,Hatikka.fi observations,b84a3711-b4ca-4e4f-adac-80dfaea98d1c,http://creativecommons.org/licenses/by/4.0/legalcode,,Keywords: { 4E1F4028-6EC0-4528-B747-B444C00518E6 | D9E77588-2109-4A13-ACD1-98E8FDD1519F },,
gbif,3440961891,2013-08-10,2013,8,10,60.679516,23.586003,1.0,MACHINE_OBSERVATION,Hatikka.fi observations,b84a3711-b4ca-4e4f-adac-80dfaea98d1c,http://creativecommons.org/licenses/by/4.0/legalcode,"Suomi, Etelä-Häme, Somero, Pajula, 761-419-5-51, cpwa",Keywords: { KANSALAISEN KASVILENKKI | 68FFBDA8-BA14-4F97-99A6-72AA85D4E112 | 06550405-F811-451E-B880-67B9DAC7D1A4 },keltavahvero. Havaintovuosia 9. Ensihavainnon pvm: MED 24.7. MIN 28.6. MAX 9.10. | valevahvero. Havaintovuosia 7. Ensihavainnon pvm: MED 1.9. MIN 10.8. MAX 30.9. | mustikka: Havaintovuosia 5. Ensihavainnon pvm: MED 11.7. MIN 2.7. MAX 11.8. ETRS89 maantiet. koord. (~WGS84) lat 60° 40.773' lon 23° 35.,
gbif,3441154117,2013-08-09,2013,8,9,62.833577,27.709842,100.0,MACHINE_OBSERVATION,The Atlas of Finnish Fungi,2bc4c2db-1dfa-419c-93ce-6602c5ae8c99,http://creativecommons.org/licenses/by/4.0/legalcode,Saaristokaupunki,,,
gbif,3441191279,2013-08-26,2013,8,26,62.855349,27.590685,1000.0,MACHINE_OBSERVATION,The Atlas of Finnish Fungi,2bc4c2db-1dfa-419c-93ce-6602c5ae8c99,http://creativecommons.org/licenses/by/4.0/legalcode,Pieni Neulamäki,,,
gbif,4898647861,2013-08-13,2013,8,13,62.920365,27.58356,10.0,HUMAN_OBSERVATION,LajiGIS: Species mapping and surveys,687c05e9-96d6-40e3-b1c9-2e026d0b3fc0,http://creativecommons.org/licenses/by/4.0/legalcode,"Laivonmäki, Laivonsaari, Vuoksen vesistöalue",Etelä-Suomen metsien monimuotoisuus (METSO) (METSO) | 492068 | el_50419 },,
gbif,4898647905,2013-08-21,2013,8,21,63.2119,28.364339,1.0,HUMAN_OBSERVATION,LajiGIS: Species mapping and surveys,687c05e9-96d6-40e3-b1c9-2e026d0b3fc0,http://creativecommons.org/licenses/by/4.0/legalcode,"Huosiaisniemi, Pisa - Kypäräinen, Vuoksen vesistöalue",Etelä-Suomen metsien monimuotoisuus (METSO) (METSO) | 492349 | el_50419 },,
gbif,3440551965,2013-09-03,2013,9,3,60.67654,23.605031,1.0,MACHINE_OBSERVATION,Hatikka.fi observations,b84a3711-b4ca-4e4f-adac-80dfaea98d1c,http://creativecommons.org/licenses/by/4.0/legalcode,"Suomi, Etelä-Häme, Somero, Pajula, 761-419-5-51, cpwa","Keywords: { KANSALAISEN KASVILENKKI | E48A04D8-91A8-4502-9698-D1622F7CEB57 | 2B75B108-AC2D-4A40-8409-1CA84E89F954 } | rahkasammaleella,","keltavahvero (kuva 1), pökkelökääpä (kuva 2), männynherkkutatti (kuva 3) ja taulakääpä (kuva 4) | keltavahvero: Havaintovuosia 9. Ensihavainnon pvm: MED 24.7. MIN 28.6. MAX 9.10. | pökkelökääpä: Havaintovuosia 6. Ensihavainnon pvm: MED 27.9. MIN 21.7. MAX 4.11. | männynherkkutatti: Havaintovuosia 7.",
gbif,3440558005,2013-09-26,2013,9,26,60.486109,22.227388,1000.0,HUMAN_OBSERVATION,Hatikka.fi observations,b84a3711-b4ca-4e4f-adac-80dfaea98d1c,http://creativecommons.org/licenses/by/4.0/legalcode,,Keywords: { B77AC661-D9E5-4930-88BB-1FFAF27077B6 | 2004FA74-4F53-4EDE-AAC8-AE8C733208B3 },,
gbif,3441198308,2013-09-20,2013,9,20,60.473495,23.082809,1000.0,MACHINE_OBSERVATION,The Atlas of Finnish Fungi,2bc4c2db-1dfa-419c-93ce-6602c5ae8c99,http://creativecommons.org/licenses/by/4.0/legalcode,Salainen,,,
gbif,4023913856,2013-09-03,2013,9,3,66.409054,25.195218,100.0,PRESERVED_SPECIMEN,Aphyllophorales Fennoscandiae orientalis,0786c87e-0e18-4620-9633-d3a358e1ed2c,http://creativecommons.org/licenses/by/4.0/legalcode,"Louevaara, Tuohilaki | westernmost nature reserve",Keywords: { H6101553 },,"S-sloping depression, Picea abies dominated grass-herb forest with some Pinus sylvestris, Betula and Populus tremula"
gbif,4898836682,2013-09-10,2013,9,10,61.475657,21.352958,1.0,HUMAN_OBSERVATION,LajiGIS: Species mapping and surveys,687c05e9-96d6-40e3-b1c9-2e026d0b3fc0,http://creativecommons.org/licenses/by/4.0/legalcode,"Säppi S, Luvian saaristo","Etelä-Suomen metsien monimuotoisuus (METSO) (METSO) | SeLuKu (SeLuKu) | 486252 | el_50419 } Havainnon laatu: näytehavainto; Näytettä ei ole säilytetty, näytteen määrittäjä Lasse Kosonen, Jarkko Korhonen",Rantaniityn kartoitus ei osa Metso-hankkeen kartoitusta (noin 660 m).,
gbif,3440556174,2013-10-30,2013,10,30,60.66298,23.611952,1.0,MACHINE_OBSERVATION,Hatikka.fi observations,b84a3711-b4ca-4e4f-adac-80dfaea98d1c,http://creativecommons.org/licenses/by/4.0/legalcode,"Suomi, Etelä-Häme, Somero, Pajula, 761-419-2-41, 761-419-3-27",Keywords: { KANSALAISEN KASVILENKKI | 28D6572E-DBA4-47B4-AD14-93967DF50D4E | B19FD508-61D6-4DB2-987F-709178DB0F8D } | polun varrella uusia sateen jälkeen nousseita,"sieniä, jäkäliä, lieko ja sammal: | pikkuvinokas: Havaintovuosia 7. Ensihavainnon pvm: MED 19.10. MIN 12.1. MAX 18.11. | kuusenkynsikääpä: Havaintovuosia 6. Ensihavainnon pvm: MED 26.7. MIN 12.4. MAX 7.10. | karheatorvijäkälä: Havaintovuosia 1. Ensihavainnon pvm: MED 30.10. MIN 30.10. MAX 30.10. | t",
gbif,3440923288,2013-11-10,2013,11,10,60.48113,22.21276,1.0,HUMAN_OBSERVATION,Hatikka.fi observations,b84a3711-b4ca-4e4f-adac-80dfaea98d1c,http://creativecommons.org/licenses/by/4.0/legalcode,,Keywords: { D97AC8E3-76FC-4A7C-8740-A8B997298E89 | 86C54EF5-10AE-418F-AF03-28CA6A7AA0AB },,
gbif,3440932513,2013-12-25,2013,12,25,60.663233,23.60942,1.0,MACHINE_OBSERVATION,Hatikka.fi observations,b84a3711-b4ca-4e4f-adac-80dfaea98d1c,http://creativecommons.org/licenses/by/4.0/legalcode,"Suomi, Etelä-Häme, Somero, Pajula, 761-419-2-41, 761-419-876-1, cpwa",Keywords: { KANSALAISEN KASVILENKKI | 899224B5-5925-4515-8080-02A6EF1B49B2 | 46BC089D-3573-47A2-B903-A79CD41E0760 } | poikkeuksellisen myöhäinen esiintymä vakiopaikalla.,joulupäivän sienilöydöksiä ym. | pikkusahaheltta: Havaintovuosia 1. Ensihavainnon pvm: MED 25.12. MIN 25.12. MAX 25.12. | talvijuurekas: Havaintovuosia 6. Ensihavainnon pvm: MED 24.10. MIN 17.10. MAX 1.12. | keltavahvero eli kantarelli: Havaintovuosia 9. Ensihavainnon pvm: MED 24.7. MIN 28.6. MAX 7.,
gbif,3440959649,2013-06-28,2013,,,60.66725,23.607734,1.0,MACHINE_OBSERVATION,Hatikka.fi observations,b84a3711-b4ca-4e4f-adac-80dfaea98d1c,http://creativecommons.org/licenses/by/4.0/legalcode,"Somero, Pajula, 761-419-2-41, 761-419-3-27, Etelä-Häme, Suomi","Keywords: { KANSALAISEN KASVILENKKI | 072BD0CB-7A97-4DB2-A374-F8E02468EA64 | 14C63B5A-11D8-411C-87A5-16DC1930ED40 } | traktoritien keskiraitilla (kuva 1) ja Aatunkalliolla (kuva 2, itäisempi karttapiste)","Havaintovuosia 9. Ensihavainnon pvm: MED 24.7. MIN 28.6. MAX 9.10. | keltavahvero ETRS89 maantiet. koord. (~WGS84) lat 60° 40.028' lon 23° 36.056', ETRS-TM35FIN -tasokoordinaatit N 6730516 E 314295",
gbif,3440916700,2012-06-29,2012,6,29,60.596558,24.837694,50000.0,HUMAN_OBSERVATION,Hatikka.fi observations,b84a3711-b4ca-4e4f-adac-80dfaea98d1c,http://creativecommons.org/licenses/by/4.0/legalcode,,Keywords: { B40B5E51-7A12-40EE-A4E4-5513E89ED818 | 2937A0F3-1C8D-44A7-B7BB-D86E7DA5C401 },Puolipilvinen,Etelärinne
gbif,3440546692,2012-07-24,2012,7,24,60.498895,22.32096,1.0,HUMAN_OBSERVATION,Hatikka.fi observations,b84a3711-b4ca-4e4f-adac-80dfaea98d1c,http://creativecommons.org/licenses/by/4.0/legalcode,Saramäki,Keywords: { 32860489-E526-4184-A6B8-AA98DFB7D558 | 5C148169-D2E5-4893-81C0-85F93A020293 },,
gbif,3440553804,2012-07-12,2012,7,12,60.555355,22.293397,1.0,HUMAN_OBSERVATION,Hatikka.fi observations,b84a3711-b4ca-4e4f-adac-80dfaea98d1c,http://creativecommons.org/licenses/by/4.0/legalcode,Soininkulma,Keywords: { BBEAFD3E-72AA-4E57-BF12-D1B39C1AD85D | C5D73E17-B41D-4CD1-859F-66A99A573EAF },,
gbif,3440933668,2012-07-12,2012,7,12,60.524482,22.303424,1000.0,HUMAN_OBSERVATION,Hatikka.fi observations,b84a3711-b4ca-4e4f-adac-80dfaea98d1c,http://creativecommons.org/licenses/by/4.0/legalcode,Moisio,Keywords: { 84EF2521-EE85-4C73-9828-96C298CCED62 | C1594826-189E-42C8-86D9-97CE7A8EF51B } | 1 kg,,
gbif,3440997010,2012-07-26,2012,7,,61.779395,23.628923,1000.0,HUMAN_OBSERVATION,Hatikka.fi observations,b84a3711-b4ca-4e4f-adac-80dfaea98d1c,http://creativecommons.org/licenses/by/4.0/legalcode,,Keywords: { Poikelus | 46BF1ECD-0BAF-4F26-9BFC-10FCA1FBBD1E | 52DD3370-FD9D-4A69-9131-A700827F33EA },"Viikonloppu kesämökillä. Metsässä oli kovin vähän sieniä näkyvillä, vaikka sää on ollut hyvin sateinen. Pitkäjärven pohjoispään ympäristö",
gbif,4898836820,2012-07-22,2012,7,22,63.07965,29.824716,1.0,HUMAN_OBSERVATION,LajiGIS: Species mapping and surveys,687c05e9-96d6-40e3-b1c9-2e026d0b3fc0,http://creativecommons.org/licenses/by/4.0/legalcode,"Turula - Purolanaho, Kolin kansallispuisto, Vuoksen vesistöalue",Luonnonhoito-Life (Luonnonhoito-Life) | 487135 | el_50419 },,
gbif,4899023823,2012-07-21,2012,7,21,63.074879,29.825243,1.0,HUMAN_OBSERVATION,LajiGIS: Species mapping and surveys,687c05e9-96d6-40e3-b1c9-2e026d0b3fc0,http://creativecommons.org/licenses/by/4.0/legalcode,"Ikolanaho, Kolin kansallispuisto, Vuoksen vesistöalue",Luonnonhoito-Life (Luonnonhoito-Life) | 487053 | el_50419 },,
gbif,3440539669,2012-08-05,2012,8,5,60.352049,22.231118,1.0,HUMAN_OBSERVATION,Hatikka.fi observations,b84a3711-b4ca-4e4f-adac-80dfaea98d1c,http://creativecommons.org/licenses/by/4.0/legalcode,Kakskerta,Keywords: { 6A87D80D-054B-4338-9AFE-7E3CA5BF8B28 | 6A9DB0E8-7B1F-4A67-ABFB-32CFDEB896A6 },,
gbif,3440541733,2012-08-08,2012,8,8,60.58422,22.345806,1.0,HUMAN_OBSERVATION,Hatikka.fi observations,b84a3711-b4ca-4e4f-adac-80dfaea98d1c,http://creativecommons.org/licenses/by/4.0/legalcode,Rintahaka,Keywords: { 4C0D1B93-2127-4210-AD7F-725F1AFA7B84 | 88B5753B-8E70-4B86-9F7B-34D3E8CB9CD9 },,
gbif,3440637131,2012-08-04,2012,8,4,60.504761,22.25929,1000.0,HUMAN_OBSERVATION,Hatikka.fi observations,b84a3711-b4ca-4e4f-adac-80dfaea98d1c,http://creativecommons.org/licenses/by/4.0/legalcode,Lentokenttä,Keywords: { 6936011C-574A-4060-8A22-85B2E4F74E6D | 5931723C-A5C1-4CAE-A2B8-2B9245799740 },Isosuo - Pomponrahka,
gbif,3440637143,2012-08-29,2012,8,29,60.483092,22.217299,1000.0,HUMAN_OBSERVATION,Hatikka.fi observations,b84a3711-b4ca-4e4f-adac-80dfaea98d1c,http://creativecommons.org/licenses/by/4.0/legalcode,Kuninkoja,Keywords: { AF2592A1-59A8-426C-9FCF-4200CB513EEA | 9F59E97D-D76F-4652-A7E6-FA537CE66D80 },,
gbif,3440637916,2012-08-25,2012,8,25,60.518812,22.170552,1000.0,HUMAN_OBSERVATION,Hatikka.fi observations,b84a3711-b4ca-4e4f-adac-80dfaea98d1c,http://creativecommons.org/licenses/by/4.0/legalcode,Kullaanvuori,Keywords: { 2227A24C-5D7D-47B6-824A-94C2E7B616BF | A3DB2D00-07A7-4280-A02D-BDC453685226 },Raisio - Rusko,
gbif,3440917759,2012-08-11,2012,8,11,65.004389,25.798454,1000.0,HUMAN_OBSERVATION,Hatikka.fi observations,b84a3711-b4ca-4e4f-adac-80dfaea98d1c,http://creativecommons.org/licenses/by/4.0/legalcode,Sanginjoki,Keywords: { 48916926-D80D-4F12-974A-11794B02C95A | 87072A21-108B-459F-948F-CABD79901BA7 } | 5 itiöemää Lemmenpolun rantapolun vieressä.,Lemmenpolku,Sekametsä.
gbif,3440917772,2012-08-14,2012,8,14,60.372646,22.25695,1000.0,HUMAN_OBSERVATION,Hatikka.fi observations,b84a3711-b4ca-4e4f-adac-80dfaea98d1c,http://creativecommons.org/licenses/by/4.0/legalcode,"Kakskerta, Nunnavuori",Keywords: { 955C3E6B-F333-4AB5-8175-2382A41C98D8 | 732EB223-F975-4120-BD9B-1A3118C447AA },,
gbif,3440944684,2012-08-11,2012,8,11,60.48365,21.935379,1.0,HUMAN_OBSERVATION,Hatikka.fi observations,b84a3711-b4ca-4e4f-adac-80dfaea98d1c,http://creativecommons.org/licenses/by/4.0/legalcode,Luonnonmaa,Keywords: { 496517D1-0C6C-4DD9-B944-D2D4D4065633 | 3D3C8986-67DF-423F-B37B-E1A3752869FF },Latonpää,
gbif,3440944695,2012-08-13,2012,8,13,60.594106,22.106018,1.0,HUMAN_OBSERVATION,Hatikka.fi observations,b84a3711-b4ca-4e4f-adac-80dfaea98d1c,http://creativecommons.org/licenses/by/4.0/legalcode,Vuorenpää,Keywords: { 5EF40ACA-D90F-4424-88E5-1AE6C61404EC | 916DF056-5D0C-43BD-8541-154FCE68F566 },,
gbif,3440951746,2012-08-08,2012,8,8,60.557591,22.304795,1.0,HUMAN_OBSERVATION,Hatikka.fi observations,b84a3711-b4ca-4e4f-adac-80dfaea98d1c,http://creativecommons.org/licenses/by/4.0/legalcode,Saarenoja,Keywords: { 5A9455DE-6EA7-4115-809C-85B156DAB8EE | DF309480-8009-47A1-986A-304348EDB4FE },,
gbif,3441127278,2012-08-28,2012,8,28,62.812556,27.641518,1000.0,MACHINE_OBSERVATION,The Atlas of Finnish Fungi,2bc4c2db-1dfa-419c-93ce-6602c5ae8c99,http://creativecommons.org/licenses/by/4.0/legalcode,Vanuvuori,,kuusivaltainen mäenrinne (alueella tehty myöhemmin avohakkuu),
gbif,3441141117,2012-08-10,2012,8,10,65.097367,27.936292,100.0,MACHINE_OBSERVATION,The Atlas of Finnish Fungi,2bc4c2db-1dfa-419c-93ce-6602c5ae8c99,http://creativecommons.org/licenses/by/4.0/legalcode,"Seppäsenpori, Siikavaara",,Seppäsentorin luoteisrinteessä lähellä Poussuojan latvoja,
gbif,3441147512,2012-08-09,2012,8,9,62.285288,28.272443,1000.0,MACHINE_OBSERVATION,The Atlas of Finnish Fungi,2bc4c2db-1dfa-419c-93ce-6602c5ae8c99,http://creativecommons.org/licenses/by/4.0/legalcode,"Kangaslampi, Itkonsaari",f. album,,
gbif,3441179717,2012-08-10,2012,8,10,60.442185,25.089385,10000.0,HUMAN_OBSERVATION,The Atlas of Finnish Fungi,2bc4c2db-1dfa-419c-93ce-6602c5ae8c99,http://creativecommons.org/licenses/by/4.0/legalcode,,,,
gbif,3441214465,2012-08-10,2012,8,10,60.477393,25.064532,1000.0,HUMAN_OBSERVATION,The Atlas of Finnish Fungi,2bc4c2db-1dfa-419c-93ce-6602c5ae8c99,http://creativecommons.org/licenses/by/4.0/legalcode,,,,
gbif,1606963442,2012-09-18,2012,9,18,61.483335,29.22106,1000.0,HUMAN_OBSERVATION,Hatikka.fi observations,b84a3711-b4ca-4e4f-adac-80dfaea98d1c,http://creativecommons.org/licenses/by/4.0/legalcode,Innasennurkka,pieni itöemä polulla,,
gbif,3440631898,2012-09-04,2012,9,4,60.477692,22.217855,1000.0,HUMAN_OBSERVATION,Hatikka.fi observations,b84a3711-b4ca-4e4f-adac-80dfaea98d1c,http://creativecommons.org/licenses/by/4.0/legalcode,"Mälikkälä, Kuninkoja",Keywords: { 12E5F3F6-2103-49D7-B128-2571FFF56281 | 1A10878B-687A-475E-9747-87DD04DD3819 },,
gbif,3440645097,2012-09-02,2012,9,2,60.486173,22.228493,1000.0,HUMAN_OBSERVATION,Hatikka.fi observations,b84a3711-b4ca-4e4f-adac-80dfaea98d1c,http://creativecommons.org/licenses/by/4.0/legalcode,"Mälikkälä, Kuninkoja",Keywords: { E453763F-F35D-4F61-9EBF-6996766CC6C0 | 8106DA9C-07C8-4773-B287-E0AF3842E34E },,
gbif,3440914920,2012-09-22,2012,9,,61.825637,24.220724,1000.0,HUMAN_OBSERVATION,Hatikka.fi observations,b84a3711-b4ca-4e4f-adac-80dfaea98d1c,http://creativecommons.org/licenses/by/4.0/legalcode,,Keywords: { PLP | 51F3EA46-13E0-45D7-8789-BA1E34477ED8 | 08856AD9-2548-401E-B582-94741F8E1437 } | Siankinkun tien varrella,"PLP:n perinteinen talkooviikonloppu kämpällä. Tällä kerralla ei tehty rosvonpaistia, vaan tarjolla oli hirvikeittoa, savustettuja rautuja ja keitettyjä rapuja. Paikalla oli noin 10 henkilöä. Isonsilmän kämpän ympäristö 4-8/8, heikko-kohtalainen N-NE, +10-15C, ajoittain heikkoa sadetta",
gbif,3440933781,2012-09-01,2012,9,1,60.714714,23.793484,10.0,MACHINE_OBSERVATION,Hatikka.fi observations,b84a3711-b4ca-4e4f-adac-80dfaea98d1c,http://creativecommons.org/licenses/by/4.0/legalcode,"Suomi, Etelä-Häme, Tammela, Letku, 834-420-26-7, cpwa",Keywords: { KANSALAISEN KASVILENKKI | 32744790-4BB8-4759-9E60-6106A67537DC | 5A2B3B26-09D0-4BC7-B0ED-FF8DADF1F1BB } | Luontokeskuksen tien reunassa,keltavahvero (kuva) ja mustarousku (havainto) | Keltavahvero: Havaintovuosia 7. Ensihavainnon pvm: MED 28.7. MIN 7.7. MAX 10.10. | Mustarousku: Havaintovuosia 7. Ensihavainnon pvm: MED 16.8. MIN 25.7. MAX 26.9.,
gbif,3441158526,2012-09-05,2012,9,5,60.442185,25.089385,10000.0,HUMAN_OBSERVATION,The Atlas of Finnish Fungi,2bc4c2db-1dfa-419c-93ce-6602c5ae8c99,http://creativecommons.org/licenses/by/4.0/legalcode,,,,
gbif,3447958759,2012-09-27,2012,9,27,60.112057,23.532344,1.0,HUMAN_OBSERVATION,"Notebook, general observations",df12ca07-f133-4550-ab3b-fde13f0e76ba,http://creativecommons.org/licenses/by/4.0/legalcode,"Pohja, Bollsta",,,
gbif,3889207304,2012-09-13,2012,9,13,60.7303,26.418694,367.0,HUMAN_OBSERVATION,iNaturalist research-grade observations,50c9509d-22c7-4a22-a47d-8c48425ef4a7,http://creativecommons.org/licenses/by-nc/4.0/legalcode,,,,
gbif,4898831897,2012-09-01,2012,9,1,60.05954,22.732646,1.0,HUMAN_OBSERVATION,LajiGIS: Species mapping and surveys,687c05e9-96d6-40e3-b1c9-2e026d0b3fc0,http://creativecommons.org/licenses/by/4.0/legalcode,"Svinberget, Kemiönsaaren kalliot",Luonnonhoito-Life (Luonnonhoito-Life) | 493627 | el_50419 },,
gbif,4898954786,2012-09-24,2012,9,24,60.356,25.717987,10.0,HUMAN_OBSERVATION,LajiGIS: Species mapping and surveys,687c05e9-96d6-40e3-b1c9-2e026d0b3fc0,http://creativecommons.org/licenses/by/4.0/legalcode,"Stensböle, kontrolli, sienikoeala, Suomenlahden rannikkoalue",2671025 | el_50419 } Sienihavainnot ympyräkoealalla,Ensimmäinen seurantakerta,
gbif,3440994913,2012-10-06,2012,10,6,60.482439,22.220087,1000.0,HUMAN_OBSERVATION,Hatikka.fi observations,b84a3711-b4ca-4e4f-adac-80dfaea98d1c,http://creativecommons.org/licenses/by/4.0/legalcode,Kuninkoja,Keywords: { CD8A17DB-4137-4271-8033-110F1584C233 | C5D2F4B4-350D-47BE-9164-EF869B0975F3 },,
gbif,4898822266,2012-10-18,2012,10,18,60.343629,25.217097,1.0,HUMAN_OBSERVATION,LajiGIS: Species mapping and surveys,687c05e9-96d6-40e3-b1c9-2e026d0b3fc0,http://creativecommons.org/licenses/by/4.0/legalcode,"Mariendal, Sipoonkorpi, Sipoonjoen vesistöalue",Etelä-Suomen metsien monimuotoisuus (METSO) (METSO) | 485901 | el_50419 },,
gbif,3440949826,2012-11-06,2012,11,6,60.481941,22.229843,1000.0,HUMAN_OBSERVATION,Hatikka.fi observations,b84a3711-b4ca-4e4f-adac-80dfaea98d1c,http://creativecommons.org/licenses/by/4.0/legalcode,Kuninkoja,Keywords: { 47BB1E94-C396-4737-AC34-4A8048045685 | C47BB95A-53DC-4525-9E23-0822BC204A1C },,
gbif,3440543798,2012,2012,,,59.932183,24.301556,100000.0,HUMAN_OBSERVATION,Hatikka.fi observations,b84a3711-b4ca-4e4f-adac-80dfaea98d1c,http://creativecommons.org/licenses/by/4.0/legalcode,,,,
gbif,3440553938,2012,2012,,,59.932183,24.301556,100000.0,HUMAN_OBSERVATION,Hatikka.fi observations,b84a3711-b4ca-4e4f-adac-80dfaea98d1c,http://creativecommons.org/licenses/by/4.0/legalcode,,,,
gbif,3440698925,2012,2012,,,59.934902,24.313583,100000.0,HUMAN_OBSERVATION,Hatikka.fi observations,b84a3711-b4ca-4e4f-adac-80dfaea98d1c,http://creativecommons.org/licenses/by/4.0/legalcode,,,,
gbif,3440701342,2012,2012,,,59.934902,24.313583,100000.0,HUMAN_OBSERVATION,Hatikka.fi observations,b84a3711-b4ca-4e4f-adac-80dfaea98d1c,http://creativecommons.org/licenses/by/4.0/legalcode,,,,
gbif,3440913773,2012,2012,,,59.932183,24.301556,100000.0,HUMAN_OBSERVATION,Hatikka.fi observations,b84a3711-b4ca-4e4f-adac-80dfaea98d1c,http://creativecommons.org/licenses/by/4.0/legalcode,,,,
gbif,3440537547,2011-07-15,2011,7,15,60.482439,22.220087,1000.0,HUMAN_OBSERVATION,Hatikka.fi observations,b84a3711-b4ca-4e4f-adac-80dfaea98d1c,http://creativecommons.org/licenses/by/4.0/legalcode,Kuninkoja,Keywords: { AE8A3979-ABBD-48E3-A3B8-3593DE36C2AB | 4208F574-C1BF-494C-84CC-C52AAFFC7DF5 },,
gbif,3440635548,2011-07-24,2011,7,24,60.501624,22.253716,1000.0,HUMAN_OBSERVATION,Hatikka.fi observations,b84a3711-b4ca-4e4f-adac-80dfaea98d1c,http://creativecommons.org/licenses/by/4.0/legalcode,"Lentokenttä, Isosuo",Keywords: { 939287FE-E417-42DA-A7AB-2A5FE88DDBEE | 4C2BD016-E144-4D75-8BCA-03208757B839 },,
gbif,3440909545,2011-07-20,2011,7,20,60.646889,22.341059,5000.0,HUMAN_OBSERVATION,Hatikka.fi observations,b84a3711-b4ca-4e4f-adac-80dfaea98d1c,http://creativecommons.org/licenses/by/4.0/legalcode,"Vahto, Kangenmiekka",Keywords: { 0486C2C3-44AD-4091-962E-DDC7602B83C2 | 8B8EE70A-66E9-4473-8032-F7A470CE39E0 } | small and rather dry,,
gbif,3441043419,2011-07-24,2011,7,24,60.502269,22.271852,1000.0,HUMAN_OBSERVATION,Hatikka.fi observations,b84a3711-b4ca-4e4f-adac-80dfaea98d1c,http://creativecommons.org/licenses/by/4.0/legalcode,"Lentokenttä, Isosuo, Isosuo, Pomponrahka",Keywords: { 939287FE-E417-42DA-A7AB-2A5FE88DDBEE | 8C11B90D-B165-4D1C-B487-F3DED19D9E97 },,
gbif,3448015278,2011-07-21,2011,7,21,68.460759,27.284192,1000.0,HUMAN_OBSERVATION,"Notebook, general observations",df12ca07-f133-4550-ab3b-fde13f0e76ba,http://creativecommons.org/licenses/by/4.0/legalcode,Harripäät,,,"kuivahko kangas, männikkö"
gbif,3441030588,2011-08-20,2011,8,20,60.482514,22.220231,1000.0,HUMAN_OBSERVATION,Hatikka.fi observations,b84a3711-b4ca-4e4f-adac-80dfaea98d1c,http://creativecommons.org/licenses/by/4.0/legalcode,Kuninkoja,Keywords: { 2C5DFF3B-B34B-4556-9ADD-54BCCF913D80 | 300F52A3-14D5-4F9C-9DE2-C55376921F9F },,
gbif,3441030590,2011-08-21,2011,8,21,60.511896,22.317327,1000.0,HUMAN_OBSERVATION,Hatikka.fi observations,b84a3711-b4ca-4e4f-adac-80dfaea98d1c,http://creativecommons.org/licenses/by/4.0/legalcode,Saramäki,Keywords: { 36E702B3-E537-462F-A61C-6B2639A56A6D | AD0761FB-33AB-48C4-A443-8232B443349F },,
gbif,3441154247,2011-08-15,2011,8,15,65.301136,27.248176,25000.0,MACHINE_OBSERVATION,The Atlas of Finnish Fungi,2bc4c2db-1dfa-419c-93ce-6602c5ae8c99,http://creativecommons.org/licenses/by/4.0/legalcode,"Jonku, Pudasjärvi",,,
gbif,1607744733,2011-09-02,2011,9,,61.173664,25.872514,1000.0,HUMAN_OBSERVATION,Hatikka.fi observations,b84a3711-b4ca-4e4f-adac-80dfaea98d1c,http://creativecommons.org/licenses/by/4.0/legalcode,Rutalahti,,Lähdemäki,
gbif,1607744741,2011-09-16,2011,9,,61.173664,25.872514,1000.0,HUMAN_OBSERVATION,Hatikka.fi observations,b84a3711-b4ca-4e4f-adac-80dfaea98d1c,http://creativecommons.org/licenses/by/4.0/legalcode,Rutalahti,,Lähdemäki,
gbif,3440644755,2011-09-25,2011,9,25,60.507928,22.208626,1000.0,HUMAN_OBSERVATION,Hatikka.fi observations,b84a3711-b4ca-4e4f-adac-80dfaea98d1c,http://creativecommons.org/licenses/by/4.0/legalcode,"Mahittula, Hauninen",Keywords: { 7D15E5B0-6550-4F99-8121-458006A6D103 | 99DF1191-418B-4374-AEF3-338DC00D0632 },Raisio / Rusko,
gbif,3440906673,2011-09-10,2011,9,10,61.778181,23.628508,1000.0,HUMAN_OBSERVATION,Hatikka.fi observations,b84a3711-b4ca-4e4f-adac-80dfaea98d1c,http://creativecommons.org/licenses/by/4.0/legalcode,,Keywords: { Poikelus | 23086336-3188-462A-A8F3-E25A1C5864B9 | EA5EDFC4-29EE-40FF-ABD2-4850B02E4412 } | tienvarsimetsikössä enimmäkseen niityltä raivattujen risujen alla,Metsä mökkitien varrella,
gbif,3441177265,2011-09-02,2011,9,2,62.844903,27.688415,1000.0,MACHINE_OBSERVATION,The Atlas of Finnish Fungi,2bc4c2db-1dfa-419c-93ce-6602c5ae8c99,http://creativecommons.org/licenses/by/4.0/legalcode,Jynkänmäki,,,
gbif,3441188593,2011-09-24,2011,9,24,60.139508,23.44871,1000.0,MACHINE_OBSERVATION,The Atlas of Finnish Fungi,2bc4c2db-1dfa-419c-93ce-6602c5ae8c99,http://creativecommons.org/licenses/by/4.0/legalcode,"Pohja, Kuovila",,mäntykangas,
gbif,5017396243,2011-09-25,2011,9,25,68.308578,28.005396,250.0,HUMAN_OBSERVATION,,6ac3f774-d9fb-4796-b3e9-92bf6c81c084,http://creativecommons.org/licenses/by/4.0/legalcode,Urho-Kekkonen-Nationalpark,,,
gbif,5021871716,2011-09-19,2011,9,19,68.308578,28.005396,250.0,HUMAN_OBSERVATION,,6ac3f774-d9fb-4796-b3e9-92bf6c81c084,http://creativecommons.org/licenses/by/4.0/legalcode,Urho-Kekkonen-Nationalpark,,,
gbif,3440522784,2011-10-23,2011,10,23,60.225012,24.636223,1000.0,HUMAN_OBSERVATION,Hatikka.fi observations,b84a3711-b4ca-4e4f-adac-80dfaea98d1c,http://creativecommons.org/licenses/by/4.0/legalcode,,Keywords: { 0B93E3C9-9034-4114-9E2C-6BE6B67EC25C | CB794DCF-A88D-453F-A9D2-D58D0326D82E } | alkanut juuri mädäntyä / Suomen sieniopas (1.p.),+7C,"lehtomainen kangas, sinivuokkoa, liekosammalta"
gbif,3440637596,2011-10-05,2011,10,5,60.523349,22.359977,1000.0,HUMAN_OBSERVATION,Hatikka.fi observations,b84a3711-b4ca-4e4f-adac-80dfaea98d1c,http://creativecommons.org/licenses/by/4.0/legalcode,Maaria,Keywords: { 73DFBA63-57F5-46AA-859E-8F421D350848 | BEAA04FA-ED05-4CC8-AF07-02F04E3FD06E },,
gbif,3440907669,2011-10-29,2011,10,29,60.465437,22.0519,100.0,HUMAN_OBSERVATION,Hatikka.fi observations,b84a3711-b4ca-4e4f-adac-80dfaea98d1c,http://creativecommons.org/licenses/by/4.0/legalcode,Luolala,Keywords: { E920AC14-5A9A-4DF4-A6F6-8F209E2220BC | D4263344-8BDF-4159-B1AE-CB1E2E8FA571 },,
gbif,3441030609,2011-10-02,2011,10,2,60.502269,22.271852,1000.0,HUMAN_OBSERVATION,Hatikka.fi observations,b84a3711-b4ca-4e4f-adac-80dfaea98d1c,http://creativecommons.org/licenses/by/4.0/legalcode,"Lentokenttä, Isosuo, Pomponrahka",Keywords: { 47CB78A0-D892-4A5B-A18B-B02E76C681EF | 6B1A3A16-012B-49B2-A5FD-E80A8A1EDE6C },,
gbif,3440725612,2011,2011,,,59.934902,24.313583,100000.0,HUMAN_OBSERVATION,Hatikka.fi observations,b84a3711-b4ca-4e4f-adac-80dfaea98d1c,http://creativecommons.org/licenses/by/4.0/legalcode,,,,
gbif,3440727777,2011,2011,,,59.934902,24.313583,100000.0,HUMAN_OBSERVATION,Hatikka.fi observations,b84a3711-b4ca-4e4f-adac-80dfaea98d1c,http://creativecommons.org/licenses/by/4.0/legalcode,,,,
gbif,1607744710,2010-06-27,2010,6,27,60.466488,26.595989,1.0,HUMAN_OBSERVATION,Hatikka.fi observations,b84a3711-b4ca-4e4f-adac-80dfaea98d1c,http://creativecommons.org/licenses/by/4.0/legalcode,Purola,GRI:6706247:3477944,,
gbif,3440866800,2010-06-14,2010,6,14,60.221662,25.314552,25000.0,HUMAN_OBSERVATION,Hatikka.fi observations,b84a3711-b4ca-4e4f-adac-80dfaea98d1c,http://creativecommons.org/licenses/by/4.0/legalcode,,små början,,
gbif,3440908213,2010-07-17,2010,7,17,60.50927,22.216127,1000.0,HUMAN_OBSERVATION,Hatikka.fi observations,b84a3711-b4ca-4e4f-adac-80dfaea98d1c,http://creativecommons.org/licenses/by/4.0/legalcode,"Kuninkoja, Hauninen",Keywords: { 68C4EB0F-7170-4CD0-80EF-4D82367C72A8 | 1C532B1D-3ED7-49C5-A532-91FF1D1D9DFF },,
gbif,1607744716,2010-08-23,2010,8,23,60.200152,23.889525,1.0,HUMAN_OBSERVATION,Hatikka.fi observations,b84a3711-b4ca-4e4f-adac-80dfaea98d1c,http://creativecommons.org/licenses/by/4.0/legalcode,,GRI:6680569:3327697,,
gbif,3440908180,2010-08-25,2010,8,25,60.184379,21.328395,1000.0,HUMAN_OBSERVATION,Hatikka.fi observations,b84a3711-b4ca-4e4f-adac-80dfaea98d1c,http://creativecommons.org/licenses/by/4.0/legalcode,"Houtskär, Hönsnäs",Keywords: { 6D14A104-5D4D-4771-8825-0C82CC8E9A08 | 20FDA5D6-23B5-4CF7-84B4-AE6B8EFE3F87 },,
gbif,3440912169,2010-08-19,2010,8,19,60.501624,22.253716,1000.0,HUMAN_OBSERVATION,Hatikka.fi observations,b84a3711-b4ca-4e4f-adac-80dfaea98d1c,http://creativecommons.org/licenses/by/4.0/legalcode,"Lentokenttä, Isosuo",Keywords: { C556B738-FD4A-4ECA-85AC-D369A21B57E0 | 9F87A335-7254-4C75-A0EF-B7B8EC3A2853 },Isosuo - Pomponrahka,
gbif,3453927113,2010-08-06,2010,8,6,65.12658,26.157678,1.0,HUMAN_OBSERVATION,Löydös Open Finnish Observation Database,956bc674-6022-4c52-833e-c5fb39dc837a,http://creativecommons.org/licenses/by/4.0/legalcode,"Ylikiiminki, Joloskylä",,Kasvoivat sähkölinjalla mäntykankaan alarinteessä suon lähellä,
gbif,4606588333,2010-08-15,2010,8,15,62.332333,23.118833,,HUMAN_OBSERVATION,iNaturalist research-grade observations,50c9509d-22c7-4a22-a47d-8c48425ef4a7,http://creativecommons.org/licenses/by-nc/4.0/legalcode,,,,
gbif,1607401101,2010-09-22,2010,9,22,60.967897,21.562272,1.0,HUMAN_OBSERVATION,Hatikka.fi observations,b84a3711-b4ca-4e4f-adac-80dfaea98d1c,http://creativecommons.org/licenses/by/4.0/legalcode,Varhokylä,GRI:6774273:3205885,,
gbif,1607401158,2010-09-05,2010,9,5,61.095488,26.246074,1000.0,HUMAN_OBSERVATION,Hatikka.fi observations,b84a3711-b4ca-4e4f-adac-80dfaea98d1c,http://creativecommons.org/licenses/by/4.0/legalcode,Vuolenkoski,,,
gbif,1607744722,2010-09-02,2010,9,2,60.409076,25.235169,1.0,HUMAN_OBSERVATION,Hatikka.fi observations,b84a3711-b4ca-4e4f-adac-80dfaea98d1c,http://creativecommons.org/licenses/by/4.0/legalcode,,GRI:6701085:3402918,,
gbif,1607744728,2010-09-08,2010,9,8,60.287062,23.68109,1.0,HUMAN_OBSERVATION,Hatikka.fi observations,b84a3711-b4ca-4e4f-adac-80dfaea98d1c,http://creativecommons.org/licenses/by/4.0/legalcode,,GRI:6690807:3316633,,
gbif,3441030823,2010-09-24,2010,9,24,60.501624,22.253716,1000.0,HUMAN_OBSERVATION,Hatikka.fi observations,b84a3711-b4ca-4e4f-adac-80dfaea98d1c,http://creativecommons.org/licenses/by/4.0/legalcode,"Lentokenttä, Isosuo",Keywords: { DDED35ED-1A61-4669-BFED-96ED291046FB | 5A7A1183-6570-4AFA-85CA-B2A03347128F },Isosuo - Pomponrahka,
gbif,3903256942,2010-09-18,2010,9,18,62.33201,23.119588,797.0,HUMAN_OBSERVATION,iNaturalist research-grade observations,50c9509d-22c7-4a22-a47d-8c48425ef4a7,http://creativecommons.org/licenses/by-nc/4.0/legalcode,,,,
gbif,4023923767,2010-10-07,2010,10,7,60.173152,24.260791,100.0,PRESERVED_SPECIMEN,Aphyllophorales Fennoscandiae orientalis,0786c87e-0e18-4620-9633-d3a358e1ed2c,http://creativecommons.org/licenses/by/4.0/legalcode,Träskkulla | between Rasebergen and S end of Grundträsk-Urmträsk,Keywords: { H6090064 },,"Partly Pinus covered rocks and Picea depressions between, Betula and Populus tremula"
gbif,3441045834,2010,2010,,,59.932183,24.301556,100000.0,HUMAN_OBSERVATION,Hatikka.fi observations,b84a3711-b4ca-4e4f-adac-80dfaea98d1c,http://creativecommons.org/licenses/by/4.0/legalcode,,,,
gbif,1607401087,2009-07-25,2009,7,25,62.282238,25.619873,1.0,HUMAN_OBSERVATION,Hatikka.fi observations,b84a3711-b4ca-4e4f-adac-80dfaea98d1c,http://creativecommons.org/licenses/by/4.0/legalcode,Ruoke,GRI:6909282:3428528 aika isoja,,
gbif,1607401174,2009-07-28,2009,7,28,62.132935,24.216591,10000.0,HUMAN_OBSERVATION,Hatikka.fi observations,b84a3711-b4ca-4e4f-adac-80dfaea98d1c,http://creativecommons.org/licenses/by/4.0/legalcode,Rantalanjärvi - Vehkajärvi,5 litraa kerätty Vehkajärven rannalta,Rantalanjärvi - Vehkajärvi + 17 C,järvi
gbif,1607744686,2009-07-09,2009,7,9,60.278529,24.651598,100.0,HUMAN_OBSERVATION,Hatikka.fi observations,b84a3711-b4ca-4e4f-adac-80dfaea98d1c,http://creativecommons.org/licenses/by/4.0/legalcode,Kunnarla,GRI:668761:337019 tien luiskassa,,
gbif,1607744692,2009-07-08,2009,7,8,60.323318,24.671012,1000.0,HUMAN_OBSERVATION,Hatikka.fi observations,b84a3711-b4ca-4e4f-adac-80dfaea98d1c,http://creativecommons.org/licenses/by/4.0/legalcode,Luukkaa,tien luiskassa,,
gbif,1607744695,2009-07-20,2009,7,20,59.987185,22.453333,1.0,HUMAN_OBSERVATION,Hatikka.fi observations,b84a3711-b4ca-4e4f-adac-80dfaea98d1c,http://creativecommons.org/licenses/by/4.0/legalcode,Söljeholmen,GRI:6661500:3246500,,
gbif,3440824117,2009-07-17,2009,7,,61.169429,25.867632,1000.0,HUMAN_OBSERVATION,Hatikka.fi observations,b84a3711-b4ca-4e4f-adac-80dfaea98d1c,http://creativecommons.org/licenses/by/4.0/legalcode,Rutalahti,GRI:6785035:3439209,Lähdemäki,
gbif,3440828068,2009-07-24,2009,7,24,60.04463,24.551856,50000.0,HUMAN_OBSERVATION,Hatikka.fi observations,b84a3711-b4ca-4e4f-adac-80dfaea98d1c,http://creativecommons.org/licenses/by/4.0/legalcode,Upinniemi,"Kanttarelleja on todella paljon, 11 litraa tuli kolmesta kasvupaikasta.",,
gbif,1607401069,2009-08-30,2009,8,30,60.831895,23.817832,1.0,HUMAN_OBSERVATION,Hatikka.fi observations,b84a3711-b4ca-4e4f-adac-80dfaea98d1c,http://creativecommons.org/licenses/by/4.0/legalcode,Mustiala,GRI:6751092:3327128,,
gbif,1607401153,2009-08-22,2009,8,22,61.169289,26.838905,1000.0,HUMAN_OBSERVATION,Hatikka.fi observations,b84a3711-b4ca-4e4f-adac-80dfaea98d1c,http://creativecommons.org/licenses/by/4.0/legalcode,Repoveden kansallispuisto,,,
gbif,1607744700,2009-08-05,2009,8,5,61.677544,24.703678,1.0,HUMAN_OBSERVATION,Hatikka.fi observations,b84a3711-b4ca-4e4f-adac-80dfaea98d1c,http://creativecommons.org/licenses/by/4.0/legalcode,Längelmäki,GRI:6843273:3378595,,
gbif,1607744704,2009-08-15,2009,8,15,61.164691,25.872836,1000.0,HUMAN_OBSERVATION,Hatikka.fi observations,b84a3711-b4ca-4e4f-adac-80dfaea98d1c,http://creativecommons.org/licenses/by/4.0/legalcode,Rutalahti,GRI:6784666:3439296,Virhunki - Wallenius,
gbif,3440489048,2009-08-08,2009,8,8,60.685281,23.845799,1.0,HUMAN_OBSERVATION,Hatikka.fi observations,b84a3711-b4ca-4e4f-adac-80dfaea98d1c,http://creativecommons.org/licenses/by/4.0/legalcode,Liesjärven kansallispuisto,GRI:6734695:3327863 2,,
gbif,3440911954,2009-08-28,2009,8,28,60.482439,22.220087,1000.0,HUMAN_OBSERVATION,Hatikka.fi observations,b84a3711-b4ca-4e4f-adac-80dfaea98d1c,http://creativecommons.org/licenses/by/4.0/legalcode,"Mälikkälä, Kuninkoja",Keywords: { 25E4D877-4932-4F20-B492-58216595E7BA | D861CE42-4A24-4716-9CB7-F3664E7E1747 },,
gbif,773225754,2009-09-12,2009,9,12,62.05671,29.76524,,PRESERVED_SPECIMEN,Fungi collection of the University of Eastern Finland,cdbcc960-d9d9-43b8-bdaa-148fb034a635,http://creativecommons.org/licenses/by/4.0/legalcode,,,,MT-sekametsä
gbif,1606963479,2009-09-05,2009,9,5,60.966235,21.56054,1.0,HUMAN_OBSERVATION,Hatikka.fi observations,b84a3711-b4ca-4e4f-adac-80dfaea98d1c,http://creativecommons.org/licenses/by/4.0/legalcode,Varhokylä,GRI:6774096:3205776,,
gbif,1607401103,2009-09-19,2009,9,,61.173663,25.872516,1000.0,HUMAN_OBSERVATION,Hatikka.fi observations,b84a3711-b4ca-4e4f-adac-80dfaea98d1c,http://creativecommons.org/licenses/by/4.0/legalcode,Rutalahti,,Lähdemäki,
gbif,1607401107,2009-09-27,2009,9,27,63.799139,23.088642,1000.0,HUMAN_OBSERVATION,Hatikka.fi observations,b84a3711-b4ca-4e4f-adac-80dfaea98d1c,http://creativecommons.org/licenses/by/4.0/legalcode,vt-8 ylikulku,GRI:7083:3307 keräsin parempaan talteen,,
gbif,3440536873,2009-09-24,2009,9,24,60.535527,21.935029,1000.0,HUMAN_OBSERVATION,Hatikka.fi observations,b84a3711-b4ca-4e4f-adac-80dfaea98d1c,http://creativecommons.org/licenses/by/4.0/legalcode,,Keywords: { 553590C5-E86F-4FE2-872E-59061FE5F744 | 8FB54646-4103-419B-BA35-E5CB00CBB34E },,
gbif,3440892420,2009-09-03,2009,9,3,61.039426,24.513134,100000.0,HUMAN_OBSERVATION,Hatikka.fi observations,b84a3711-b4ca-4e4f-adac-80dfaea98d1c,http://creativecommons.org/licenses/by/4.0/legalcode,Mommila,,,
gbif,4516780954,2009-09-26,2009,9,26,61.412574,26.371039,61.0,HUMAN_OBSERVATION,iNaturalist research-grade observations,50c9509d-22c7-4a22-a47d-8c48425ef4a7,http://creativecommons.org/licenses/by-nc/4.0/legalcode,,,,
gbif,4898724629,2009-09-02,2009,9,2,61.700636,25.691743,1.0,HUMAN_OBSERVATION,LajiGIS: Species mapping and surveys,687c05e9-96d6-40e3-b1c9-2e026d0b3fc0,http://creativecommons.org/licenses/by/4.0/legalcode,"Nutturinkalliot, Kammiovuori, Kymijoen vesistöalue",569160 | el_50419 },,
gbif,4898724669,2009-09-08,2009,9,8,62.26063,28.974579,1.0,HUMAN_OBSERVATION,LajiGIS: Species mapping and surveys,687c05e9-96d6-40e3-b1c9-2e026d0b3fc0,http://creativecommons.org/licenses/by/4.0/legalcode,"Jyrkänmäki, Kakonsalon järvialue, Vuoksen vesistöalue",569399 | el_50419 },,
gbif,1607401113,2009-10-20,2009,10,20,60.227971,24.792418,1.0,HUMAN_OBSERVATION,Hatikka.fi observations,b84a3711-b4ca-4e4f-adac-80dfaea98d1c,http://creativecommons.org/licenses/by/4.0/legalcode,Leppävaara,GRI:6681650:3377850,,
gbif,3440520019,2009-11-22,2009,11,22,60.482439,22.220087,1000.0,HUMAN_OBSERVATION,Hatikka.fi observations,b84a3711-b4ca-4e4f-adac-80dfaea98d1c,http://creativecommons.org/licenses/by/4.0/legalcode,,Keywords: { EB31B471-3E95-425D-AFCD-6172D40D87A9 | BE9036F2-310B-44A5-B85D-0BFADA966523 },,
gbif,3440941962,2009-11-09,2009,11,9,60.482439,22.220087,1000.0,HUMAN_OBSERVATION,Hatikka.fi observations,b84a3711-b4ca-4e4f-adac-80dfaea98d1c,http://creativecommons.org/licenses/by/4.0/legalcode,,Keywords: { BDCD9FA9-9FC6-4239-8BD3-5FBA5A184E5D | AA786027-4084-484E-818B-7D29390AD8F8 },,
gbif,3437061258,2009-01-01,2009,,,59.934902,24.313583,100000.0,HUMAN_OBSERVATION,National Butterfly Recording Scheme in Finland (NAFI),181eab51-9399-4baa-a0df-8de01a3acf19,http://creativecommons.org/licenses/by/4.0/legalcode,,,,
gbif,3437094287,2009-01-01,2009,,,59.934902,24.313583,100000.0,HUMAN_OBSERVATION,National Butterfly Recording Scheme in Finland (NAFI),181eab51-9399-4baa-a0df-8de01a3acf19,http://creativecommons.org/licenses/by/4.0/legalcode,,,,
gbif,3437102333,2009-01-01,2009,,,59.934902,24.313583,100000.0,HUMAN_OBSERVATION,National Butterfly Recording Scheme in Finland (NAFI),181eab51-9399-4baa-a0df-8de01a3acf19,http://creativecommons.org/licenses/by/4.0/legalcode,,,,
gbif,3437106310,2009-01-01,2009,,,59.934902,24.313583,100000.0,HUMAN_OBSERVATION,National Butterfly Recording Scheme in Finland (NAFI),181eab51-9399-4baa-a0df-8de01a3acf19,http://creativecommons.org/licenses/by/4.0/legalcode,,,,
gbif,3440667039,2009,2009,,,59.934902,24.313583,100000.0,HUMAN_OBSERVATION,Hatikka.fi observations,b84a3711-b4ca-4e4f-adac-80dfaea98d1c,http://creativecommons.org/licenses/by/4.0/legalcode,,,,
gbif,3440691092,2009,2009,,,59.934902,24.313583,100000.0,HUMAN_OBSERVATION,Hatikka.fi observations,b84a3711-b4ca-4e4f-adac-80dfaea98d1c,http://creativecommons.org/licenses/by/4.0/legalcode,,,,
gbif,3440704467,2009,2009,,,60.781133,22.405418,100000.0,HUMAN_OBSERVATION,Hatikka.fi observations,b84a3711-b4ca-4e4f-adac-80dfaea98d1c,http://creativecommons.org/licenses/by/4.0/legalcode,,,,
gbif,3440717713,2009,2009,,,59.934902,24.313583,100000.0,HUMAN_OBSERVATION,Hatikka.fi observations,b84a3711-b4ca-4e4f-adac-80dfaea98d1c,http://creativecommons.org/licenses/by/4.0/legalcode,,,,
gbif,3441049415,2009,2009,,,59.934902,24.313583,100000.0,HUMAN_OBSERVATION,Hatikka.fi observations,b84a3711-b4ca-4e4f-adac-80dfaea98d1c,http://creativecommons.org/licenses/by/4.0/legalcode,,,,
gbif,3441071974,2009,2009,,,59.934902,24.313583,100000.0,HUMAN_OBSERVATION,Hatikka.fi observations,b84a3711-b4ca-4e4f-adac-80dfaea98d1c,http://creativecommons.org/licenses/by/4.0/legalcode,,,,
gbif,3441086523,2009,2009,,,59.934902,24.313583,100000.0,HUMAN_OBSERVATION,Hatikka.fi observations,b84a3711-b4ca-4e4f-adac-80dfaea98d1c,http://creativecommons.org/licenses/by/4.0/legalcode,,,,
gbif,3441086624,2009,2009,,,59.934902,24.313583,100000.0,HUMAN_OBSERVATION,Hatikka.fi observations,b84a3711-b4ca-4e4f-adac-80dfaea98d1c,http://creativecommons.org/licenses/by/4.0/legalcode,,,,
gbif,3441091072,2009,2009,,,59.934902,24.313583,100000.0,HUMAN_OBSERVATION,Hatikka.fi observations,b84a3711-b4ca-4e4f-adac-80dfaea98d1c,http://creativecommons.org/licenses/by/4.0/legalcode,,,,
gbif,3441096078,2009,2009,,,59.934902,24.313583,100000.0,HUMAN_OBSERVATION,Hatikka.fi observations,b84a3711-b4ca-4e4f-adac-80dfaea98d1c,http://creativecommons.org/licenses/by/4.0/legalcode,,,,
gbif,3441096679,2009,2009,,,59.934902,24.313583,100000.0,HUMAN_OBSERVATION,Hatikka.fi observations,b84a3711-b4ca-4e4f-adac-80dfaea98d1c,http://creativecommons.org/licenses/by/4.0/legalcode,,,,
gbif,3441099612,2009,2009,,,59.934902,24.313583,100000.0,HUMAN_OBSERVATION,Hatikka.fi observations,b84a3711-b4ca-4e4f-adac-80dfaea98d1c,http://creativecommons.org/licenses/by/4.0/legalcode,,,,
gbif,3441107363,2009,2009,,,61.753872,26.050151,100000.0,HUMAN_OBSERVATION,Hatikka.fi observations,b84a3711-b4ca-4e4f-adac-80dfaea98d1c,http://creativecommons.org/licenses/by/4.0/legalcode,,,,
gbif,3441111608,2009,2009,,,60.781133,22.405418,100000.0,HUMAN_OBSERVATION,Hatikka.fi observations,b84a3711-b4ca-4e4f-adac-80dfaea98d1c,http://creativecommons.org/licenses/by/4.0/legalcode,,,,
gbif,3441117916,2009,2009,,,59.934902,24.313583,100000.0,HUMAN_OBSERVATION,Hatikka.fi observations,b84a3711-b4ca-4e4f-adac-80dfaea98d1c,http://creativecommons.org/licenses/by/4.0/legalcode,,,,
gbif,1607401083,2008-07-19,2008,7,19,63.792803,22.972702,100.0,HUMAN_OBSERVATION,Hatikka.fi observations,b84a3711-b4ca-4e4f-adac-80dfaea98d1c,http://creativecommons.org/licenses/by/4.0/legalcode,Öja,GRI:70831:33017 kymmenkunta itiöemää,,
gbif,1607401095,2008-07-19,2008,7,19,63.691438,23.27861,100.0,HUMAN_OBSERVATION,Hatikka.fi observations,b84a3711-b4ca-4e4f-adac-80dfaea98d1c,http://creativecommons.org/licenses/by/4.0/legalcode,Timmerbacken,GRI:70709:33161 kolmisenkymmentä itiöemää,,
gbif,1607401119,2008-07-14,2008,7,14,61.230455,25.56353,50000.0,HUMAN_OBSERVATION,Hatikka.fi observations,b84a3711-b4ca-4e4f-adac-80dfaea98d1c,http://creativecommons.org/licenses/by/4.0/legalcode,Rutalahti,,,
gbif,1607401077,2008-08-15,2008,8,,62.218586,24.016483,10000.0,HUMAN_OBSERVATION,Hatikka.fi observations,b84a3711-b4ca-4e4f-adac-80dfaea98d1c,http://creativecommons.org/licenses/by/4.0/legalcode,Uurasjärven ruutu,mökkitontilla 15.8.08 kaivon luona ja rannassa muutamia,"Lisätiedot: 15.8.08 1615-2000 4/8, + 18 C; 16.8.08 0700-2100, 8/8, + 7 C klo 7, klo 14 8/8, +14 C  sade, ukkonen; 17.8.08 klo 0700 8/8, + 12 C, klo 14 8/8, + 16 C, sade ja ukkonen; 18.8.08 klo 0700 8/8, + 15 C, sade, klo 1500 7/8, + 15 C; 19.8.08 klo 0700 8/8, + 14 C, klo 1300 havainnoinnin lopetus ","Sekametsä, pellot, haja-asutus, järvi"
gbif,1607401151,2008-08-29,2008,8,29,64.224218,23.562604,100000.0,HUMAN_OBSERVATION,Hatikka.fi observations,b84a3711-b4ca-4e4f-adac-80dfaea98d1c,http://creativecommons.org/licenses/by/4.0/legalcode,"Rahja, Kourinkankaat",,,
gbif,1607744935,2008-08-22,2008,8,,60.196486,24.607865,1000.0,HUMAN_OBSERVATION,Hatikka.fi observations,b84a3711-b4ca-4e4f-adac-80dfaea98d1c,http://creativecommons.org/licenses/by/4.0/legalcode,Kauklahti,GRI:66785:33674 DAT:20080828,,
gbif,3441151385,2008-08-20,2008,8,20,61.77184,25.824406,1.0,HUMAN_OBSERVATION,The Atlas of Finnish Fungi,2bc4c2db-1dfa-419c-93ce-6602c5ae8c99,http://creativecommons.org/licenses/by/4.0/legalcode,Hipeli,"erittäin runsas, satoja itiöemiä",,
gbif,3441169874,2008-08-10,2008,8,10,61.322992,23.490249,1000.0,MACHINE_OBSERVATION,The Atlas of Finnish Fungi,2bc4c2db-1dfa-419c-93ce-6602c5ae8c99,http://creativecommons.org/licenses/by/4.0/legalcode,"Hiirenoja, Vesilahti",,Söyringin entisen kaupan luoteispuoleinen metsä,
gbif,3441198209,2008-08-20,2008,8,20,60.238169,24.63256,1.0,MACHINE_OBSERVATION,The Atlas of Finnish Fungi,2bc4c2db-1dfa-419c-93ce-6602c5ae8c99,http://creativecommons.org/licenses/by/4.0/legalcode,Kellonummi,valkeahko muoto,Kellonummen hautausmaan länsipuolinen kukkula,
gbif,773225753,2008-09-20,2008,9,20,62.35578,29.93573,,PRESERVED_SPECIMEN,Fungi collection of the University of Eastern Finland,cdbcc960-d9d9-43b8-bdaa-148fb034a635,http://creativecommons.org/licenses/by/4.0/legalcode,,,,
gbif,1607401121,2008-09-01,2008,9,1,62.29452,23.430148,10000.0,HUMAN_OBSERVATION,Hatikka.fi observations,b84a3711-b4ca-4e4f-adac-80dfaea98d1c,http://creativecommons.org/licenses/by/4.0/legalcode,Kurjenkylän ruutu,Hanhisuon NE-reuna tien varsi,"Hanhilampi - Hanhisuo15:30 - 17:30; Palolampi 18:00 Hanhilampi - Hanhisuo - Palolampi 3/8, + 15 C, koht. NW","järvi, räme, neva, sekametsä"
gbif,1607744938,2008-09-05,2008,9,,61.173663,25.872516,1000.0,HUMAN_OBSERVATION,Hatikka.fi observations,b84a3711-b4ca-4e4f-adac-80dfaea98d1c,http://creativecommons.org/licenses/by/4.0/legalcode,Rutalahti,,Lähdemäki,
gbif,1607744941,2008-09-14,2008,9,14,61.312608,28.592827,1000.0,HUMAN_OBSERVATION,Hatikka.fi observations,b84a3711-b4ca-4e4f-adac-80dfaea98d1c,http://creativecommons.org/licenses/by/4.0/legalcode,Soinila,,,
gbif,3440470373,2008-09-01,2008,9,1,60.835712,23.824298,1.0,HUMAN_OBSERVATION,Hatikka.fi observations,b84a3711-b4ca-4e4f-adac-80dfaea98d1c,http://creativecommons.org/licenses/by/4.0/legalcode,Mustiala,GRI:6751500:3327500,,
gbif,3440470387,2008-09-15,2008,9,15,60.391664,23.946007,50000.0,HUMAN_OBSERVATION,Hatikka.fi observations,b84a3711-b4ca-4e4f-adac-80dfaea98d1c,http://creativecommons.org/licenses/by/4.0/legalcode,Ahonpää,,,
gbif,4023919353,2008-09-07,2008,9,7,64.483646,28.254703,1000.0,PRESERVED_SPECIMEN,Aphyllophorales Fennoscandiae orientalis,0786c87e-0e18-4620-9633-d3a358e1ed2c,http://creativecommons.org/licenses/by/4.0/legalcode,"NE of the road 903, Koljatinvaaran lehto.",Keywords: { H6080457 },,"Mesic to grass-herb spruce forest with some Pinus, Betula, Populus and Salix, with some damp depressions."
gbif,4023927047,2008-09-10,2008,9,10,64.397764,27.670239,1000.0,PRESERVED_SPECIMEN,Aphyllophorales Fennoscandiae orientalis,0786c87e-0e18-4620-9633-d3a358e1ed2c,http://creativecommons.org/licenses/by/4.0/legalcode,"Melalahti | Ellukan lehdot, E part, E of Ellukka.",Keywords: { H6079440 },,"Gently W sloping rich grass-herb spruce forest with abundant Betula, Populus, Alnus incana and some Pinus, with damp depressions."
gbif,1607401155,2008-10-01,2008,10,1,61.00253,25.414856,50000.0,HUMAN_OBSERVATION,Hatikka.fi observations,b84a3711-b4ca-4e4f-adac-80dfaea98d1c,http://creativecommons.org/licenses/by/4.0/legalcode,Aikkala,,,
gbif,1607744946,2008-11-02,2008,11,2,61.679806,24.710615,1.0,HUMAN_OBSERVATION,Hatikka.fi observations,b84a3711-b4ca-4e4f-adac-80dfaea98d1c,http://creativecommons.org/licenses/by/4.0/legalcode,,GRI:6843512:3378971,,
gbif,1607744951,2008-11-08,2008,11,8,60.196486,24.607865,1000.0,HUMAN_OBSERVATION,Hatikka.fi observations,b84a3711-b4ca-4e4f-adac-80dfaea98d1c,http://creativecommons.org/licenses/by/4.0/legalcode,Kauklahti,,Asema - Bensuls,
gbif,1607744954,2008-11-09,2008,11,9,60.196486,24.607865,1000.0,HUMAN_OBSERVATION,Hatikka.fi observations,b84a3711-b4ca-4e4f-adac-80dfaea98d1c,http://creativecommons.org/licenses/by/4.0/legalcode,Kauklahti,puoliksi mädäntynyt,Näkinmetsä,
gbif,3440477452,2008-11-03,2008,11,3,60.933789,26.831394,100000.0,HUMAN_OBSERVATION,Hatikka.fi observations,b84a3711-b4ca-4e4f-adac-80dfaea98d1c,http://creativecommons.org/licenses/by/4.0/legalcode,Koria,,,
gbif,1607401070,2008-12-15,2008,12,15,60.223046,24.793706,1.0,HUMAN_OBSERVATION,Hatikka.fi observations,b84a3711-b4ca-4e4f-adac-80dfaea98d1c,http://creativecommons.org/licenses/by/4.0/legalcode,Kilo,GRI:6681099:3377903,,
gbif,1607401092,2008-08-30,2008,,,62.502566,21.811469,50000.0,HUMAN_OBSERVATION,Hatikka.fi observations,b84a3711-b4ca-4e4f-adac-80dfaea98d1c,http://creativecommons.org/licenses/by/4.0/legalcode,,,,
gbif,3440472117,2008,2008,,,59.934902,24.313583,100000.0,HUMAN_OBSERVATION,Hatikka.fi observations,b84a3711-b4ca-4e4f-adac-80dfaea98d1c,http://creativecommons.org/licenses/by/4.0/legalcode,,,,
gbif,3440696698,2008,2008,,,59.934902,24.313583,100000.0,HUMAN_OBSERVATION,Hatikka.fi observations,b84a3711-b4ca-4e4f-adac-80dfaea98d1c,http://creativecommons.org/licenses/by/4.0/legalcode,,,,
gbif,3440705872,2008,2008,,,59.934902,24.313583,100000.0,HUMAN_OBSERVATION,Hatikka.fi observations,b84a3711-b4ca-4e4f-adac-80dfaea98d1c,http://creativecommons.org/licenses/by/4.0/legalcode,,,,
gbif,3440722828,2008,2008,,,59.934902,24.313583,100000.0,HUMAN_OBSERVATION,Hatikka.fi observations,b84a3711-b4ca-4e4f-adac-80dfaea98d1c,http://creativecommons.org/licenses/by/4.0/legalcode,,,,
gbif,3440733508,2008,2008,,,59.934902,24.313583,100000.0,HUMAN_OBSERVATION,Hatikka.fi observations,b84a3711-b4ca-4e4f-adac-80dfaea98d1c,http://creativecommons.org/licenses/by/4.0/legalcode,,,,
gbif,3441075529,2008,2008,,,59.934902,24.313583,100000.0,HUMAN_OBSERVATION,Hatikka.fi observations,b84a3711-b4ca-4e4f-adac-80dfaea98d1c,http://creativecommons.org/licenses/by/4.0/legalcode,,,,
gbif,3441077276,2008,2008,,,59.934902,24.313583,100000.0,HUMAN_OBSERVATION,Hatikka.fi observations,b84a3711-b4ca-4e4f-adac-80dfaea98d1c,http://creativecommons.org/licenses/by/4.0/legalcode,,,,
gbif,3441080922,2008,2008,,,59.934902,24.313583,100000.0,HUMAN_OBSERVATION,Hatikka.fi observations,b84a3711-b4ca-4e4f-adac-80dfaea98d1c,http://creativecommons.org/licenses/by/4.0/legalcode,,,,
gbif,3441100142,2008,2008,,,59.934902,24.313583,100000.0,HUMAN_OBSERVATION,Hatikka.fi observations,b84a3711-b4ca-4e4f-adac-80dfaea98d1c,http://creativecommons.org/licenses/by/4.0/legalcode,,,,
gbif,3441122453,2008,2008,,,59.934902,24.313583,100000.0,HUMAN_OBSERVATION,Hatikka.fi observations,b84a3711-b4ca-4e4f-adac-80dfaea98d1c,http://creativecommons.org/licenses/by/4.0/legalcode,,,,
gbif,1606963472,2007-07-18,2007,7,18,60.682268,23.610511,10000.0,HUMAN_OBSERVATION,Hatikka.fi observations,b84a3711-b4ca-4e4f-adac-80dfaea98d1c,http://creativecommons.org/licenses/by/4.0/legalcode,Pajula,GRI:6734349:3314793 keltavahvero,ensihavaintoja kukinnoista ym. Airio Rno 2:35 ja lähiympäristö,"monimuotoinen: joki, maantie, lehtokylä ja kangastakametsä"
gbif,1607401063,2007-07-25,2007,7,25,61.766532,23.833353,1.0,HUMAN_OBSERVATION,Hatikka.fi observations,b84a3711-b4ca-4e4f-adac-80dfaea98d1c,http://creativecommons.org/licenses/by/4.0/legalcode,"Teisko, Löytänä",GRI:6855116:3333022,,
gbif,1607401078,2007-07-05,2007,7,5,60.460057,22.160572,100.0,HUMAN_OBSERVATION,Hatikka.fi observations,b84a3711-b4ca-4e4f-adac-80dfaea98d1c,http://creativecommons.org/licenses/by/4.0/legalcode,Perno,Kesän ensimmäiset maistiaiset.,,
gbif,1607401099,2007-07-16,2007,7,16,61.230455,25.56353,50000.0,HUMAN_OBSERVATION,Hatikka.fi observations,b84a3711-b4ca-4e4f-adac-80dfaea98d1c,http://creativecommons.org/licenses/by/4.0/legalcode,Rutalahti,,,
gbif,1607401112,2007-07-16,2007,7,16,61.230455,25.56353,50000.0,HUMAN_OBSERVATION,Hatikka.fi observations,b84a3711-b4ca-4e4f-adac-80dfaea98d1c,http://creativecommons.org/licenses/by/4.0/legalcode,Rutalahti,,,
gbif,4023891026,2007-07-20,2007,7,20,62.205738,25.821724,100.0,PRESERVED_SPECIMEN,Aphyllophorales Fennoscandiae orientalis,0786c87e-0e18-4620-9633-d3a358e1ed2c,http://creativecommons.org/licenses/by/4.0/legalcode,Vuoritsalo,Keywords: { http://tun.fi/GX.2530 | H6003980 },,"Tree-shaded yard with grass cover, on soil."
gbif,4023891293,2007-07-11,2007,7,11,60.208418,23.52419,1000.0,PRESERVED_SPECIMEN,Aphyllophorales Fennoscandiae orientalis,0786c87e-0e18-4620-9633-d3a358e1ed2c,http://creativecommons.org/licenses/by/4.0/legalcode,"S side of the lake Määrjärvi, Aitsaari, E and SE of the pond Vähä Myllylammi",Keywords: { http://tun.fi/GX.2530 | H6001760 },,"Dryish to mesic, mossy coniferous forest (Picea abies + Pinus sylvestris) with some Betula"
gbif,1606963490,2007-08-15,2007,8,15,61.547277,25.171496,1.0,HUMAN_OBSERVATION,Hatikka.fi observations,b84a3711-b4ca-4e4f-adac-80dfaea98d1c,http://creativecommons.org/licenses/by/4.0/legalcode,Kirkonkylä,GRI:6827975:3402950,,
gbif,1607401021,2007-08-01,2007,8,1,60.229592,24.792128,1.0,HUMAN_OBSERVATION,Hatikka.fi observations,b84a3711-b4ca-4e4f-adac-80dfaea98d1c,http://creativecommons.org/licenses/by/4.0/legalcode,Leppävaara,GRI:6681831:3377840,,
gbif,1607401041,2007-08-16,2007,8,16,60.228682,24.791973,1.0,HUMAN_OBSERVATION,Hatikka.fi observations,b84a3711-b4ca-4e4f-adac-80dfaea98d1c,http://creativecommons.org/licenses/by/4.0/legalcode,Leppävaara,GRI:6681730:3377828,,
gbif,1607401054,2007-08-10,2007,8,10,62.284188,25.619245,1000.0,HUMAN_OBSERVATION,Hatikka.fi observations,b84a3711-b4ca-4e4f-adac-80dfaea98d1c,http://creativecommons.org/licenses/by/4.0/legalcode,Ruoke,GRI:6909:3428,,
gbif,1607401067,2007-08-19,2007,8,19,62.149501,23.936919,1000.0,HUMAN_OBSERVATION,Hatikka.fi observations,b84a3711-b4ca-4e4f-adac-80dfaea98d1c,http://creativecommons.org/licenses/by/4.0/legalcode,Hauhuu,Jouttivuori,"Majalahti 6/8, 16 - 22 C, sadekuuroja","järvi, sekametsä"
gbif,1607401122,2007-08-04,2007,8,4,60.229643,24.789796,1.0,HUMAN_OBSERVATION,Hatikka.fi observations,b84a3711-b4ca-4e4f-adac-80dfaea98d1c,http://creativecommons.org/licenses/by/4.0/legalcode,Leppävaara,GRI:6681841:3377711,,
gbif,1607401127,2007-08-28,2007,8,28,60.310957,24.733012,1.0,HUMAN_OBSERVATION,Hatikka.fi observations,b84a3711-b4ca-4e4f-adac-80dfaea98d1c,http://creativecommons.org/licenses/by/4.0/legalcode,Kalajärvi,GRI:6691004:3374877,,
gbif,1607744925,2007-08-24,2007,8,,61.173664,25.872514,1000.0,HUMAN_OBSERVATION,Hatikka.fi observations,b84a3711-b4ca-4e4f-adac-80dfaea98d1c,http://creativecommons.org/licenses/by/4.0/legalcode,Rutalahti,,Lähdemäki,
gbif,3440408442,2007-08-07,2007,8,7,62.267936,27.177464,100000.0,HUMAN_OBSERVATION,Hatikka.fi observations,b84a3711-b4ca-4e4f-adac-80dfaea98d1c,http://creativecommons.org/licenses/by/4.0/legalcode,Matinmäki,,,
gbif,3440787448,2007-08-19,2007,8,19,62.128951,24.025165,10000.0,HUMAN_OBSERVATION,Hatikka.fi observations,b84a3711-b4ca-4e4f-adac-80dfaea98d1c,http://creativecommons.org/licenses/by/4.0/legalcode,,GRI:6897733:3339755,"4/8, + 22 C, sadekuuroja",
gbif,3441148040,2007-08-20,2007,8,20,67.706384,24.752132,10000.0,HUMAN_OBSERVATION,The Atlas of Finnish Fungi,2bc4c2db-1dfa-419c-93ce-6602c5ae8c99,http://creativecommons.org/licenses/by/4.0/legalcode,,,,
gbif,4023269340,2007-08-29,2007,8,29,66.359701,29.599275,1000.0,PRESERVED_SPECIMEN,Agaricales Fennoscandiae orientalis,3e256ae0-cfcb-4614-84e8-f511545dd34f,http://creativecommons.org/licenses/by/4.0/legalcode,"Liikasenvaara, Korvasvaara, SE of Sova (Kolveikko)",Keywords: { http://tun.fi/GX.2530 | H6001229 },,"Rich, partly swampy, grass-herb spruce forest with some Pinus, Betula and Populus tremula, calcareous ground"
gbif,773225747,2007-09-01,2007,9,1,62.74452,28.94798,,PRESERVED_SPECIMEN,Fungi collection of the University of Eastern Finland,cdbcc960-d9d9-43b8-bdaa-148fb034a635,http://creativecommons.org/licenses/by/4.0/legalcode,,JOE,,
gbif,773225748,2007-09-18,2007,9,18,62.7587,28.83996,,PRESERVED_SPECIMEN,Fungi collection of the University of Eastern Finland,cdbcc960-d9d9-43b8-bdaa-148fb034a635,http://creativecommons.org/licenses/by/4.0/legalcode,,,,MT-kuusimetsä
gbif,773225749,2007-09-17,2007,9,17,62.47288,29.83083,,PRESERVED_SPECIMEN,Fungi collection of the University of Eastern Finland,cdbcc960-d9d9-43b8-bdaa-148fb034a635,http://creativecommons.org/licenses/by/4.0/legalcode,,TUR,,lehtipuuvaltainen rantametsä
gbif,773225750,2007-09-22,2007,9,22,62.14826,30.29945,,PRESERVED_SPECIMEN,Fungi collection of the University of Eastern Finland,cdbcc960-d9d9-43b8-bdaa-148fb034a635,http://creativecommons.org/licenses/by/4.0/legalcode,,JOE var. albus,,
gbif,773225751,2007-09-22,2007,9,22,62.14826,30.29945,,PRESERVED_SPECIMEN,Fungi collection of the University of Eastern Finland,cdbcc960-d9d9-43b8-bdaa-148fb034a635,http://creativecommons.org/licenses/by/4.0/legalcode,,,,
gbif,773225752,2007-09-22,2007,9,22,62.14826,30.29945,,PRESERVED_SPECIMEN,Fungi collection of the University of Eastern Finland,cdbcc960-d9d9-43b8-bdaa-148fb034a635,http://creativecommons.org/licenses/by/4.0/legalcode,,var.pallida,,
gbif,1607401088,2007-09-07,2007,9,7,60.210287,24.782943,1.0,HUMAN_OBSERVATION,Hatikka.fi observations,b84a3711-b4ca-4e4f-adac-80dfaea98d1c,http://creativecommons.org/licenses/by/4.0/legalcode,Kilo,GRI:6679698:3377259,,
gbif,1607401097,2007-09-28,2007,9,,61.173663,25.872516,1000.0,HUMAN_OBSERVATION,Hatikka.fi observations,b84a3711-b4ca-4e4f-adac-80dfaea98d1c,http://creativecommons.org/licenses/by/4.0/legalcode,Rutalahti,,Lähdemäki,
gbif,3441128778,2007-09-08,2007,9,8,61.401923,23.041821,1.0,MACHINE_OBSERVATION,The Atlas of Finnish Fungi,2bc4c2db-1dfa-419c-93ce-6602c5ae8c99,http://creativecommons.org/licenses/by/4.0/legalcode,"Pirunvuori, Karkku, Sastamala",,Ellivuoren hiihtolenkin luoteisosa Pirunvuoren pohjoisrinteellä,
gbif,1606963459,2007-10-19,2007,10,19,61.567935,25.13922,1.0,HUMAN_OBSERVATION,Hatikka.fi observations,b84a3711-b4ca-4e4f-adac-80dfaea98d1c,http://creativecommons.org/licenses/by/4.0/legalcode,kk,GRI:6830325:3401300,,
gbif,1606963486,2007-10-06,2007,10,6,61.530554,25.196413,1.0,HUMAN_OBSERVATION,Hatikka.fi observations,b84a3711-b4ca-4e4f-adac-80dfaea98d1c,http://creativecommons.org/licenses/by/4.0/legalcode,Vasikkasalo,GRI:6826075:3404223,,
gbif,1607401096,2007-10-08,2007,10,8,62.282852,25.620269,1.0,HUMAN_OBSERVATION,Hatikka.fi observations,b84a3711-b4ca-4e4f-adac-80dfaea98d1c,http://creativecommons.org/licenses/by/4.0/legalcode,Ruoke,GRI:6909350:3428550 nuorehkoja,,
gbif,1607401167,2007-10-17,2007,10,17,60.274561,24.597917,1.0,HUMAN_OBSERVATION,Hatikka.fi observations,b84a3711-b4ca-4e4f-adac-80dfaea98d1c,http://creativecommons.org/licenses/by/4.0/legalcode,Råbacka,GRI:6687215:3367265,,
gbif,3440800910,2007-10-22,2007,10,22,61.039426,24.513134,100000.0,HUMAN_OBSERVATION,Hatikka.fi observations,b84a3711-b4ca-4e4f-adac-80dfaea98d1c,http://creativecommons.org/licenses/by/4.0/legalcode,Mommila,,,
gbif,1607744931,2007-08-31,2007,,,61.173664,25.872514,1000.0,HUMAN_OBSERVATION,Hatikka.fi observations,b84a3711-b4ca-4e4f-adac-80dfaea98d1c,http://creativecommons.org/licenses/by/4.0/legalcode,Rutalahti,,"Lähdemäki -1...+13*C, 2/8...8/8, välillä sadetta, kohtalaista tuulta",
gbif,3440408628,2007,2007,,,62.651065,27.971797,100000.0,HUMAN_OBSERVATION,Hatikka.fi observations,b84a3711-b4ca-4e4f-adac-80dfaea98d1c,http://creativecommons.org/licenses/by/4.0/legalcode,,,,
gbif,3440659080,2007,2007,,,59.886421,22.529739,100000.0,HUMAN_OBSERVATION,Hatikka.fi observations,b84a3711-b4ca-4e4f-adac-80dfaea98d1c,http://creativecommons.org/licenses/by/4.0/legalcode,,,,
gbif,3440784044,2007,2007,,,62.651065,27.971797,100000.0,HUMAN_OBSERVATION,Hatikka.fi observations,b84a3711-b4ca-4e4f-adac-80dfaea98d1c,http://creativecommons.org/licenses/by/4.0/legalcode,,,,
gbif,3441033973,2007,2007,,,60.781133,22.405418,100000.0,HUMAN_OBSERVATION,Hatikka.fi observations,b84a3711-b4ca-4e4f-adac-80dfaea98d1c,http://creativecommons.org/licenses/by/4.0/legalcode,,,,
gbif,3441099415,2007,2007,,,59.886421,22.529739,100000.0,HUMAN_OBSERVATION,Hatikka.fi observations,b84a3711-b4ca-4e4f-adac-80dfaea98d1c,http://creativecommons.org/licenses/by/4.0/legalcode,,,,
gbif,773225745,2006-09-12,2006,9,12,62.12274,30.23914,,PRESERVED_SPECIMEN,Fungi collection of the University of Eastern Finland,cdbcc960-d9d9-43b8-bdaa-148fb034a635,http://creativecommons.org/licenses/by/4.0/legalcode,,,,vanha kuusimetsä koivun kannon sahauspinnalla
gbif,773225746,2006-09-14,2006,9,14,62.09267,30.37005,,PRESERVED_SPECIMEN,Fungi collection of the University of Eastern Finland,cdbcc960-d9d9-43b8-bdaa-148fb034a635,http://creativecommons.org/licenses/by/4.0/legalcode,,,,järven ranta
gbif,1606963471,2006-09-23,2006,9,23,61.618819,25.159546,50000.0,HUMAN_OBSERVATION,Hatikka.fi observations,b84a3711-b4ca-4e4f-adac-80dfaea98d1c,http://creativecommons.org/licenses/by/4.0/legalcode,kk,,,
gbif,1606963517,2006-09-17,2006,9,17,61.618819,25.159546,50000.0,HUMAN_OBSERVATION,Hatikka.fi observations,b84a3711-b4ca-4e4f-adac-80dfaea98d1c,http://creativecommons.org/licenses/by/4.0/legalcode,kk,,,
gbif,1607401143,2006-09-04,2006,9,4,60.784664,24.150846,10000.0,HUMAN_OBSERVATION,Hatikka.fi observations,b84a3711-b4ca-4e4f-adac-80dfaea98d1c,http://creativecommons.org/licenses/by/4.0/legalcode,Vojakkala,,,
gbif,3440370908,2006-09-23,2006,9,23,60.62277,23.936673,1000.0,HUMAN_OBSERVATION,Hatikka.fi observations,b84a3711-b4ca-4e4f-adac-80dfaea98d1c,http://creativecommons.org/licenses/by/4.0/legalcode,Kärkölä,,,
gbif,3440758926,2006-09-16,2006,9,16,60.657775,23.896748,1000.0,HUMAN_OBSERVATION,Hatikka.fi observations,b84a3711-b4ca-4e4f-adac-80dfaea98d1c,http://creativecommons.org/licenses/by/4.0/legalcode,Liesjärven kansallispuisto,Cantharellus cibarius,,
gbif,1606963446,2006-10-10,2006,10,10,60.661557,23.612068,1.0,HUMAN_OBSERVATION,Hatikka.fi observations,b84a3711-b4ca-4e4f-adac-80dfaea98d1c,http://creativecommons.org/licenses/by/4.0/legalcode,Pajula,"keltavahvero, kuusimetsää kasvavalla mäellä sammalten seassa","ensihavaintoja sienistä Airio (Rno 2:35) ja ympäristö 1,3 km säteellä",kuusimetsä
gbif,3440766911,2006-10-01,2006,10,1,60.62277,23.936673,1000.0,HUMAN_OBSERVATION,Hatikka.fi observations,b84a3711-b4ca-4e4f-adac-80dfaea98d1c,http://creativecommons.org/licenses/by/4.0/legalcode,Kärkölä,,,
gbif,1607744747,2006-12-05,2006,12,5,59.987145,21.78239,100000.0,HUMAN_OBSERVATION,Hatikka.fi observations,b84a3711-b4ca-4e4f-adac-80dfaea98d1c,http://creativecommons.org/licenses/by/4.0/legalcode,Lielax,syötävä,,
gbif,2634450811,2005-08-28,2005,8,28,60.618935,25.245415,1064.0,HUMAN_OBSERVATION,iNaturalist research-grade observations,50c9509d-22c7-4a22-a47d-8c48425ef4a7,http://creativecommons.org/licenses/by-nc/4.0/legalcode,,,,
gbif,3713199746,2005-08-18,2005,8,18,62.554635,28.250545,1000.0,PRESERVED_SPECIMEN,KUO Fungal collections,e175d14f-c9e8-4a35-8e4a-372b72bbf797,http://creativecommons.org/licenses/by/4.0/legalcode,"Haapamäki, Pitkäjärvi W-ranta",Keywords: { http://tun.fi/GX.495 | lutikkadatabase:10309 | herbariumnumber:0 | 0 },,"Koivu, harmaaleppä (kuusi)"
gbif,3440717875,2005,2005,,,60.781133,22.405418,100000.0,HUMAN_OBSERVATION,Hatikka.fi observations,b84a3711-b4ca-4e4f-adac-80dfaea98d1c,http://creativecommons.org/licenses/by/4.0/legalcode,,,,
gbif,773225740,2004-07-24,2004,7,24,61.87704,29.98486,,PRESERVED_SPECIMEN,Fungi collection of the University of Eastern Finland,cdbcc960-d9d9-43b8-bdaa-148fb034a635,http://creativecommons.org/licenses/by/4.0/legalcode,,,,
gbif,1607744915,2004-07-24,2004,7,24,62.735577,30.987322,100.0,HUMAN_OBSERVATION,Hatikka.fi observations,b84a3711-b4ca-4e4f-adac-80dfaea98d1c,http://creativecommons.org/licenses/by/4.0/legalcode,Ryökkylä,Voi jo kerätä ensimmäisiä,,
gbif,773225741,2004-08-21,2004,8,21,62.01268,29.94083,,PRESERVED_SPECIMEN,Fungi collection of the University of Eastern Finland,cdbcc960-d9d9-43b8-bdaa-148fb034a635,http://creativecommons.org/licenses/by/4.0/legalcode,,,,rantametsä
gbif,773225742,2004-08-21,2004,8,21,62.02811,30.05701,,PRESERVED_SPECIMEN,Fungi collection of the University of Eastern Finland,cdbcc960-d9d9-43b8-bdaa-148fb034a635,http://creativecommons.org/licenses/by/4.0/legalcode,,,,kostea kuusivaltainen sekametsä
gbif,773225743,2004-08-22,2004,8,22,61.97435,30.05162,,PRESERVED_SPECIMEN,Fungi collection of the University of Eastern Finland,cdbcc960-d9d9-43b8-bdaa-148fb034a635,http://creativecommons.org/licenses/by/4.0/legalcode,,,,koivikko
gbif,773225744,2004-08-22,2004,8,22,62.09542,30.25539,,PRESERVED_SPECIMEN,Fungi collection of the University of Eastern Finland,cdbcc960-d9d9-43b8-bdaa-148fb034a635,http://creativecommons.org/licenses/by/4.0/legalcode,,,,haavan kanto
gbif,1607744920,2004-08-04,2004,8,4,62.734682,30.987201,100.0,HUMAN_OBSERVATION,Hatikka.fi observations,b84a3711-b4ca-4e4f-adac-80dfaea98d1c,http://creativecommons.org/licenses/by/4.0/legalcode,Ryökkylä,,,
gbif,1607073096,2004-09-17,2004,9,17,61.4047,26.811661,100000.0,HUMAN_OBSERVATION,Hatikka.fi observations,b84a3711-b4ca-4e4f-adac-80dfaea98d1c,http://creativecommons.org/licenses/by/4.0/legalcode,Ruorasmäki,,,
gbif,1607744903,2003-07-24,2003,7,24,62.735577,30.987322,100.0,HUMAN_OBSERVATION,Hatikka.fi observations,b84a3711-b4ca-4e4f-adac-80dfaea98d1c,http://creativecommons.org/licenses/by/4.0/legalcode,Ryökkylä,Vielä pieniä,,
gbif,1607744909,2003-07-26,2003,7,26,62.735577,30.987322,100.0,HUMAN_OBSERVATION,Hatikka.fi observations,b84a3711-b4ca-4e4f-adac-80dfaea98d1c,http://creativecommons.org/licenses/by/4.0/legalcode,Ryökkylä,Syötiin ensimmäiset kanttarellit,,
gbif,4023940653,2003-08-18,2003,8,18,61.556301,29.659155,1000.0,PRESERVED_SPECIMEN,Aphyllophorales Fennoscandiae orientalis,0786c87e-0e18-4620-9633-d3a358e1ed2c,http://creativecommons.org/licenses/by/4.0/legalcode,"Tyrjä, Vanhantalonpaikka",Keywords: { http://tun.fi/GX.2530 | H6002196 },,On a grass-herb forest dominated by Picea abies with some Hebatica nobilis etc.
gbif,773225739,2003-09-18,2003,9,18,61.80151,29.73087,,PRESERVED_SPECIMEN,Fungi collection of the University of Eastern Finland,cdbcc960-d9d9-43b8-bdaa-148fb034a635,http://creativecommons.org/licenses/by/4.0/legalcode,,TUR-A,,"kuiva mäntykangas + ko, ha, ku, traktoriuralla"
gbif,1607744899,2002-07-25,2002,7,25,62.735577,30.987322,100.0,HUMAN_OBSERVATION,Hatikka.fi observations,b84a3711-b4ca-4e4f-adac-80dfaea98d1c,http://creativecommons.org/licenses/by/4.0/legalcode,Ryökkylä,Tuottavat hyvin,,
gbif,773225738,2002-08-17,2002,8,17,62.4273,30.27206,,PRESERVED_SPECIMEN,Fungi collection of the University of Eastern Finland,cdbcc960-d9d9-43b8-bdaa-148fb034a635,http://creativecommons.org/licenses/by/4.0/legalcode,,,,rantasekametsä
gbif,4023917322,2002-08-14,2002,8,14,64.670735,28.446599,100.0,PRESERVED_SPECIMEN,Aphyllophorales Fennoscandiae orientalis,0786c87e-0e18-4620-9633-d3a358e1ed2c,http://creativecommons.org/licenses/by/4.0/legalcode,"church village SW, E part of Multimäki",Keywords: { H6100595 },,Pinus heath forest with Picea and Betula
gbif,1607744891,2001-07-16,2001,7,16,62.737169,30.978723,1000.0,HUMAN_OBSERVATION,Hatikka.fi observations,b84a3711-b4ca-4e4f-adac-80dfaea98d1c,http://creativecommons.org/licenses/by/4.0/legalcode,Ryökkylä,Pieniä yhdessä paikassa,,
gbif,773225734,2001-08-26,2001,8,26,62.88623,29.31989,,PRESERVED_SPECIMEN,Fungi collection of the University of Eastern Finland,cdbcc960-d9d9-43b8-bdaa-148fb034a635,http://creativecommons.org/licenses/by/4.0/legalcode,,,,
gbif,773225735,2001-08-25,2001,8,25,62.90284,29.39992,,PRESERVED_SPECIMEN,Fungi collection of the University of Eastern Finland,cdbcc960-d9d9-43b8-bdaa-148fb034a635,http://creativecommons.org/licenses/by/4.0/legalcode,,,,
gbif,773225736,2001-08-25,2001,8,25,62.92043,29.42105,,PRESERVED_SPECIMEN,Fungi collection of the University of Eastern Finland,cdbcc960-d9d9-43b8-bdaa-148fb034a635,http://creativecommons.org/licenses/by/4.0/legalcode,,,,
gbif,1607744896,2001-08-05,2001,8,5,62.737169,30.978723,1000.0,HUMAN_OBSERVATION,Hatikka.fi observations,b84a3711-b4ca-4e4f-adac-80dfaea98d1c,http://creativecommons.org/licenses/by/4.0/legalcode,Ryökkylä,,,
gbif,773225737,2001-09-12,2001,9,12,62.14826,30.29945,,PRESERVED_SPECIMEN,Fungi collection of the University of Eastern Finland,cdbcc960-d9d9-43b8-bdaa-148fb034a635,http://creativecommons.org/licenses/by/4.0/legalcode,,JOE  C.c. var. pallens (= albus),,
gbif,4898482184,2001-09-21,2001,9,21,67.607385,24.288598,1.0,HUMAN_OBSERVATION,LajiGIS: Species mapping and surveys,687c05e9-96d6-40e3-b1c9-2e026d0b3fc0,http://creativecommons.org/licenses/by/4.0/legalcode,"Kesänki, Pallas-Yllästunturin kansallispuisto, Tornionjoen-Muonionjoen vesistöal",816473 | el_50419 } Näytteen nro:  1528,,
gbif,773225727,2000-08-15,2000,8,15,62.64071,29.96389,,PRESERVED_SPECIMEN,Fungi collection of the University of Eastern Finland,cdbcc960-d9d9-43b8-bdaa-148fb034a635,http://creativecommons.org/licenses/by/4.0/legalcode,,JOE,,CT-mäntykangas
gbif,773225728,2000-08-15,2000,8,15,62.64967,29.96479,,PRESERVED_SPECIMEN,Fungi collection of the University of Eastern Finland,cdbcc960-d9d9-43b8-bdaa-148fb034a635,http://creativecommons.org/licenses/by/4.0/legalcode,,,,Sekametsä
gbif,1607744885,2000-08-02,2000,8,2,62.735577,30.987322,100.0,HUMAN_OBSERVATION,Hatikka.fi observations,b84a3711-b4ca-4e4f-adac-80dfaea98d1c,http://creativecommons.org/licenses/by/4.0/legalcode,Ryökkylä,"Sato kerättävissä, 5 litraa tänään.",,
gbif,4023951569,2000-09-20,2000,9,20,60.71,24.5,,PRESERVED_SPECIMEN,Aphyllophorales Fennoscandiae orientalis,0786c87e-0e18-4620-9633-d3a358e1ed2c,http://creativecommons.org/licenses/by/4.0/legalcode,Joentaka,Keywords: { H6083015 },,
gbif,773225729,2000-11-03,2000,11,3,62.45529,29.32517,,PRESERVED_SPECIMEN,Fungi collection of the University of Eastern Finland,cdbcc960-d9d9-43b8-bdaa-148fb034a635,http://creativecommons.org/licenses/by/4.0/legalcode,,K.Salolle ilmoitettu yleisöhavainto,,mäntymetsä josta koivut poistettu
gbif,773225730,2000-11-01,2000,11,1,62.31438,30.10537,,PRESERVED_SPECIMEN,Fungi collection of the University of Eastern Finland,cdbcc960-d9d9-43b8-bdaa-148fb034a635,http://creativecommons.org/licenses/by/4.0/legalcode,,K.Salolle ilmoitettu yleisöhavainto,,Kuusimetsä
gbif,773225731,2000-11-05,2000,11,5,62.41557,30.38697,,PRESERVED_SPECIMEN,Fungi collection of the University of Eastern Finland,cdbcc960-d9d9-43b8-bdaa-148fb034a635,http://creativecommons.org/licenses/by/4.0/legalcode,,K.Salolle ilmoitettu yleisöhavainto,,Kuusimetsä
gbif,4023926335,1998-07-14,1998,7,14,60.355852,25.755931,1000.0,PRESERVED_SPECIMEN,Aphyllophorales Fennoscandiae orientalis,0786c87e-0e18-4620-9633-d3a358e1ed2c,http://creativecommons.org/licenses/by/4.0/legalcode,Stensböle | E side of houses of Bastuberg,Keywords: { http://tun.fi/GX.2530 | H6005874 },,Mesic heath forest dominated by conifers
gbif,4023935431,1998-07-04,1998,7,4,60.328056,25.666474,1000.0,PRESERVED_SPECIMEN,Aphyllophorales Fennoscandiae orientalis,0786c87e-0e18-4620-9633-d3a358e1ed2c,http://creativecommons.org/licenses/by/4.0/legalcode,"Vessölandet, Kroksnäs, Storkroknäs | N from the road.",Keywords: { http://tun.fi/GX.2530 | H6016121 },,Mixed grass-herb forest (pastured).
gbif,773225726,1998-08-27,1998,8,27,62.54978,29.02146,,PRESERVED_SPECIMEN,Fungi collection of the University of Eastern Finland,cdbcc960-d9d9-43b8-bdaa-148fb034a635,http://creativecommons.org/licenses/by/4.0/legalcode,,,,Harvennettu heinäinen koivikko
gbif,1606963514,1998-08-22,1998,8,22,62.734682,30.987201,100.0,HUMAN_OBSERVATION,Hatikka.fi observations,b84a3711-b4ca-4e4f-adac-80dfaea98d1c,http://creativecommons.org/licenses/by/4.0/legalcode,Ryökkylä,5 l omasta viljelmästä. (Tähän asti paras sato.),,
gbif,4023909042,1998-08-03,1998,8,3,60.339849,25.724849,100.0,PRESERVED_SPECIMEN,Aphyllophorales Fennoscandiae orientalis,0786c87e-0e18-4620-9633-d3a358e1ed2c,http://creativecommons.org/licenses/by/4.0/legalcode,"Bjurböle | NE side of Meteoriittitie, E from Mäntymäki",Keywords: { H6005872 },,On grass-herb forest dominated by Betula pendula
gbif,4023951577,1998-08-07,1998,8,7,60.328805,24.231449,100.0,PRESERVED_SPECIMEN,Aphyllophorales Fennoscandiae orientalis,0786c87e-0e18-4620-9633-d3a358e1ed2c,http://creativecommons.org/licenses/by/4.0/legalcode,Leppärlä,Keywords: { H6083026 },,Sekametsän vieressä oleva savinen ojan lape
gbif,4023951601,1998-08-07,1998,8,7,60.404272,24.21142,1000.0,PRESERVED_SPECIMEN,Aphyllophorales Fennoscandiae orientalis,0786c87e-0e18-4620-9633-d3a358e1ed2c,http://creativecommons.org/licenses/by/4.0/legalcode,"Kaharla | Forest area S of Vanjärvi, E of Kolimäki",Keywords: { H6083060 },,Open forest. Mixed with Cantharelus cibarius
gbif,4023905604,1998-09-01,1998,9,1,65.718356,28.056855,10.0,PRESERVED_SPECIMEN,Aphyllophorales Fennoscandiae orientalis,0786c87e-0e18-4620-9633-d3a358e1ed2c,http://creativecommons.org/licenses/by/4.0/legalcode,"Loukusa (valtionmaa) | Kovavaaran koillisrinteen alustan harjumaasto, toiseksi y",Keywords: { H6084649 },,"Suppanotkon lammikon heinikkoinen ja ruohoinen rantarinne, harvan puuston ja pensaikon välissä, Picea abies, Pinus sylvestris, Betula pubescens, Juniperus communis, Calluna vulgaris, Vaccinium vitis-idaea, Convallaria majalis, Calamagrostis epigejos, Melica nutans, Molinia caerulea"
gbif,1606963489,1997-08-03,1997,8,3,62.734682,30.987201,100.0,HUMAN_OBSERVATION,Hatikka.fi observations,b84a3711-b4ca-4e4f-adac-80dfaea98d1c,http://creativecommons.org/licenses/by/4.0/legalcode,Ryökkylä,Poimittiin ja syötiin kesän ensimmäiset.,,
gbif,773225722,1997-09-22,1997,9,22,63.01084,31.2861,,PRESERVED_SPECIMEN,Fungi collection of the University of Eastern Finland,cdbcc960-d9d9-43b8-bdaa-148fb034a635,http://creativecommons.org/licenses/by/4.0/legalcode,,,,MT - korpi
gbif,773225724,1997-09-09,1997,9,9,63.62442,28.47217,,PRESERVED_SPECIMEN,Fungi collection of the University of Eastern Finland,cdbcc960-d9d9-43b8-bdaa-148fb034a635,http://creativecommons.org/licenses/by/4.0/legalcode,,,,tuore kangasmetsä
gbif,3441045179,1997-09-10,1997,9,10,60.464848,22.127755,5000.0,HUMAN_OBSERVATION,Hatikka.fi observations,b84a3711-b4ca-4e4f-adac-80dfaea98d1c,http://creativecommons.org/licenses/by/4.0/legalcode,"Raisio/Turku/Naantali, Raisionlahti",Keywords: { EFCF792D-0C50-4CB2-A3DF-50C35A33DBD6 | 9FC9AA49-285B-4E48-96DB-FA98BE27B451 },Päivämäärät noin oikeita. Määrityksiä Turun sieninäyttelystä.,
gbif,773225723,1997-10-19,1997,10,19,62.75106,29.83789,,PRESERVED_SPECIMEN,Fungi collection of the University of Eastern Finland,cdbcc960-d9d9-43b8-bdaa-148fb034a635,http://creativecommons.org/licenses/by/4.0/legalcode,,,,
gbif,3441079815,1997,1997,,,60.781133,22.405418,100000.0,HUMAN_OBSERVATION,Hatikka.fi observations,b84a3711-b4ca-4e4f-adac-80dfaea98d1c,http://creativecommons.org/licenses/by/4.0/legalcode,,,,
gbif,4023920839,1996-07-09,1996,7,9,62.506367,25.414866,1000.0,PRESERVED_SPECIMEN,Aphyllophorales Fennoscandiae orientalis,0786c87e-0e18-4620-9633-d3a358e1ed2c,http://creativecommons.org/licenses/by/4.0/legalcode,"N of the church, the cemetery",Keywords: { H6094465 },,"Half-open, cut meadows between some solitary conifers and deciduous trees"
gbif,773225720,1996-08-27,1996,8,27,62.58314,31.16581,,PRESERVED_SPECIMEN,Fungi collection of the University of Eastern Finland,cdbcc960-d9d9-43b8-bdaa-148fb034a635,http://creativecommons.org/licenses/by/4.0/legalcode,,,,VT
gbif,1606963500,1996-08-04,1996,8,4,62.734682,30.987201,100.0,HUMAN_OBSERVATION,Hatikka.fi observations,b84a3711-b4ca-4e4f-adac-80dfaea98d1c,http://creativecommons.org/licenses/by/4.0/legalcode,Ryökkylä,Lisääntyneet viime vuodesta ja levittäytyneet laajemmalle alueelle.,,
gbif,4023919922,1996-08-24,1996,8,24,60.226849,23.886144,100.0,PRESERVED_SPECIMEN,Aphyllophorales Fennoscandiae orientalis,0786c87e-0e18-4620-9633-d3a358e1ed2c,http://creativecommons.org/licenses/by/4.0/legalcode,"Paavola | Paavolan tammimetsä, koululta lähtevän polun varsi",Keywords: { H6094514 },,Tammimetsä | Rungolla
gbif,4023935430,1996-08-01,1996,8,1,65.804843,24.493062,1000.0,PRESERVED_SPECIMEN,Aphyllophorales Fennoscandiae orientalis,0786c87e-0e18-4620-9633-d3a358e1ed2c,http://creativecommons.org/licenses/by/4.0/legalcode,SW part of Kallinkangas.,Keywords: { http://tun.fi/GX.2530 | H6016120 },,On mesic heath spruce forest.
gbif,773225732,1996-09-04,1996,9,4,62.61074,29.66858,,PRESERVED_SPECIMEN,Fungi collection of the University of Eastern Finland,cdbcc960-d9d9-43b8-bdaa-148fb034a635,http://creativecommons.org/licenses/by/4.0/legalcode,,,,Kostea sekametsä
gbif,773225733,1996-09-07,1996,9,7,62.74883,30.34681,,PRESERVED_SPECIMEN,Fungi collection of the University of Eastern Finland,cdbcc960-d9d9-43b8-bdaa-148fb034a635,http://creativecommons.org/licenses/by/4.0/legalcode,,,,
gbif,4023297836,1996-09-11,1996,9,11,61.423009,21.64479,1000.0,HUMAN_OBSERVATION,Agaricales Fennoscandiae orientalis,3e256ae0-cfcb-4614-84e8-f511545dd34f,http://creativecommons.org/licenses/by/4.0/legalcode,"Kankaanpään lehtokorpi | NWW of Kaskisto, W of the old Pori-Rauma road, near the",Keywords: { H6081562 },,"Fairly herb-rich, gently N sloping forest with Picea abies, Betula, Pinus sylvestris, Populus tremula and Salix caprea, by path"
gbif,773225707,1995-07-22,1995,7,22,62.63803,29.45259,,PRESERVED_SPECIMEN,Fungi collection of the University of Eastern Finland,cdbcc960-d9d9-43b8-bdaa-148fb034a635,http://creativecommons.org/licenses/by/4.0/legalcode,,,,Heinäinen koivikkohaka
gbif,773225708,1995-07-31,1995,7,31,62.63292,29.43657,,PRESERVED_SPECIMEN,Fungi collection of the University of Eastern Finland,cdbcc960-d9d9-43b8-bdaa-148fb034a635,http://creativecommons.org/licenses/by/4.0/legalcode,,JOE,,"Kuiva kangas (mä, koivu) polulla"
gbif,1607744881,1995-07-05,1995,7,5,62.731441,31.006346,100.0,HUMAN_OBSERVATION,Hatikka.fi observations,b84a3711-b4ca-4e4f-adac-80dfaea98d1c,http://creativecommons.org/licenses/by/4.0/legalcode,Putkela,Runsaasti pieniä,,
gbif,773225711,1995-09-09,1995,9,9,62.17853,30.31044,,PRESERVED_SPECIMEN,Fungi collection of the University of Eastern Finland,cdbcc960-d9d9-43b8-bdaa-148fb034a635,http://creativecommons.org/licenses/by/4.0/legalcode,,,,MT
gbif,773225712,1995-09-09,1995,9,9,62.15675,30.31958,,PRESERVED_SPECIMEN,Fungi collection of the University of Eastern Finland,cdbcc960-d9d9-43b8-bdaa-148fb034a635,http://creativecommons.org/licenses/by/4.0/legalcode,,,,kuusikko
gbif,773225713,1995-09-10,1995,9,10,62.17564,30.24288,,PRESERVED_SPECIMEN,Fungi collection of the University of Eastern Finland,cdbcc960-d9d9-43b8-bdaa-148fb034a635,http://creativecommons.org/licenses/by/4.0/legalcode,,,,MT
gbif,773225714,1995-10-22,1995,10,22,62.59382,30.05661,,PRESERVED_SPECIMEN,Fungi collection of the University of Eastern Finland,cdbcc960-d9d9-43b8-bdaa-148fb034a635,http://creativecommons.org/licenses/by/4.0/legalcode,,JOE,,MT harvennettu sekametsä
gbif,773225704,1994-08-22,1994,8,22,62.47288,29.83083,,PRESERVED_SPECIMEN,Fungi collection of the University of Eastern Finland,cdbcc960-d9d9-43b8-bdaa-148fb034a635,http://creativecommons.org/licenses/by/4.0/legalcode,,,,"lehtom. kangas rantametsä ko, harmaaleppä,pihlaja ku mä"
gbif,773225705,1994-08-27,1994,8,27,62.50876,29.34875,,PRESERVED_SPECIMEN,Fungi collection of the University of Eastern Finland,cdbcc960-d9d9-43b8-bdaa-148fb034a635,http://creativecommons.org/licenses/by/4.0/legalcode,,,,
gbif,773225706,1994-08-27,1994,8,27,62.42132,29.20637,,PRESERVED_SPECIMEN,Fungi collection of the University of Eastern Finland,cdbcc960-d9d9-43b8-bdaa-148fb034a635,http://creativecommons.org/licenses/by/4.0/legalcode,,koordinaatit epätarkat,,piha
gbif,773225725,1994-10-04,1994,10,4,62.79426,29.92049,,PRESERVED_SPECIMEN,Fungi collection of the University of Eastern Finland,cdbcc960-d9d9-43b8-bdaa-148fb034a635,http://creativecommons.org/licenses/by/4.0/legalcode,,,,
gbif,1607744870,1993-07-26,1993,7,26,62.734682,30.987201,100.0,HUMAN_OBSERVATION,Hatikka.fi observations,b84a3711-b4ca-4e4f-adac-80dfaea98d1c,http://creativecommons.org/licenses/by/4.0/legalcode,Ryökkylä,Parisenttisiä kohtalaisesti,,
gbif,57665756,1993-08-13,1993,8,13,61.8413,25.7626,11180.0,PRESERVED_SPECIMEN,,8431711e-f762-11e1-a439-00145eb45e9a,http://creativecommons.org/licenses/by/4.0/legalcode,,,,
gbif,773225688,1993-08-05,1993,8,5,63.09313,29.79196,,PRESERVED_SPECIMEN,Fungi collection of the University of Eastern Finland,cdbcc960-d9d9-43b8-bdaa-148fb034a635,http://creativecommons.org/licenses/by/4.0/legalcode,,,,kallioinen sekametsä
gbif,773225689,1993-08-06,1993,8,6,62.78196,30.0761,,PRESERVED_SPECIMEN,Fungi collection of the University of Eastern Finland,cdbcc960-d9d9-43b8-bdaa-148fb034a635,http://creativecommons.org/licenses/by/4.0/legalcode,,,,heinäinen harva koivikko
gbif,773225690,1993-08-13,1993,8,13,61.8647,30.13578,,PRESERVED_SPECIMEN,Fungi collection of the University of Eastern Finland,cdbcc960-d9d9-43b8-bdaa-148fb034a635,http://creativecommons.org/licenses/by/4.0/legalcode,,,,
gbif,773225691,1993-08-28,1993,8,28,62.95097,30.52768,,PRESERVED_SPECIMEN,Fungi collection of the University of Eastern Finland,cdbcc960-d9d9-43b8-bdaa-148fb034a635,http://creativecommons.org/licenses/by/4.0/legalcode,,,,
gbif,773225692,1993-08-29,1993,8,29,62.99476,30.57247,,PRESERVED_SPECIMEN,Fungi collection of the University of Eastern Finland,cdbcc960-d9d9-43b8-bdaa-148fb034a635,http://creativecommons.org/licenses/by/4.0/legalcode,,JOE,,VT-mäntykangas
gbif,773225693,1993-08-29,1993,8,29,62.97833,30.51124,,PRESERVED_SPECIMEN,Fungi collection of the University of Eastern Finland,cdbcc960-d9d9-43b8-bdaa-148fb034a635,http://creativecommons.org/licenses/by/4.0/legalcode,,,,
gbif,773225694,1993-08-28,1993,8,28,62.95944,30.54843,,PRESERVED_SPECIMEN,Fungi collection of the University of Eastern Finland,cdbcc960-d9d9-43b8-bdaa-148fb034a635,http://creativecommons.org/licenses/by/4.0/legalcode,,,,rehevä koivikko
gbif,773225696,1993-08-31,1993,8,31,62.56391,30.18976,,PRESERVED_SPECIMEN,Fungi collection of the University of Eastern Finland,cdbcc960-d9d9-43b8-bdaa-148fb034a635,http://creativecommons.org/licenses/by/4.0/legalcode,,,,
gbif,773225700,1993-08-25,1993,8,25,62.65773,29.5557,,PRESERVED_SPECIMEN,Fungi collection of the University of Eastern Finland,cdbcc960-d9d9-43b8-bdaa-148fb034a635,http://creativecommons.org/licenses/by/4.0/legalcode,,,,MT sekametsä
gbif,773225709,1993-08-11,1993,8,11,62.47932,29.91488,,PRESERVED_SPECIMEN,Fungi collection of the University of Eastern Finland,cdbcc960-d9d9-43b8-bdaa-148fb034a635,http://creativecommons.org/licenses/by/4.0/legalcode,,,,MT
gbif,773225710,1993-08-11,1993,8,11,62.53401,29.91439,,PRESERVED_SPECIMEN,Fungi collection of the University of Eastern Finland,cdbcc960-d9d9-43b8-bdaa-148fb034a635,http://creativecommons.org/licenses/by/4.0/legalcode,,JOE,,MT kuusikon laidassa heinikossa
gbif,1607744874,1993-08-10,1993,8,10,62.734682,30.987201,100.0,HUMAN_OBSERVATION,Hatikka.fi observations,b84a3711-b4ca-4e4f-adac-80dfaea98d1c,http://creativecommons.org/licenses/by/4.0/legalcode,Ryökkylä,Viljelmästä kerättiin pannullinen,,
gbif,4023951668,1993-08-22,1993,8,22,61.25,26.28,,PRESERVED_SPECIMEN,Aphyllophorales Fennoscandiae orientalis,0786c87e-0e18-4620-9633-d3a358e1ed2c,http://creativecommons.org/licenses/by/4.0/legalcode,Hirvisalo,Keywords: { H6083014 },,"In spruce-dominated forest, southern slope, among Cantharellus cibarius"
gbif,4023951674,1993-08-22,1993,8,22,61.25,26.28,,PRESERVED_SPECIMEN,Aphyllophorales Fennoscandiae orientalis,0786c87e-0e18-4620-9633-d3a358e1ed2c,http://creativecommons.org/licenses/by/4.0/legalcode,Hirvisalo,Keywords: { H6083014 },,"In spruce-dominated forest, southern slope, among Cantharellus cibarius"
gbif,773225695,1993-09-05,1993,9,5,62.5934,30.07604,,PRESERVED_SPECIMEN,Fungi collection of the University of Eastern Finland,cdbcc960-d9d9-43b8-bdaa-148fb034a635,http://creativecommons.org/licenses/by/4.0/legalcode,,,,
gbif,773225697,1993-09-07,1993,9,7,62.60999,29.70748,,PRESERVED_SPECIMEN,Fungi collection of the University of Eastern Finland,cdbcc960-d9d9-43b8-bdaa-148fb034a635,http://creativecommons.org/licenses/by/4.0/legalcode,,,,mäntykangas tien laita
gbif,773225698,1993-09-02,1993,9,2,62.59093,29.76417,,PRESERVED_SPECIMEN,Fungi collection of the University of Eastern Finland,cdbcc960-d9d9-43b8-bdaa-148fb034a635,http://creativecommons.org/licenses/by/4.0/legalcode,,,,sillanpenkka
gbif,773225699,1993-09-19,1993,9,19,62.89453,31.26908,,PRESERVED_SPECIMEN,Fungi collection of the University of Eastern Finland,cdbcc960-d9d9-43b8-bdaa-148fb034a635,http://creativecommons.org/licenses/by/4.0/legalcode,,,,
gbif,773225721,1993-09-03,1993,9,3,62.2212,30.61531,,PRESERVED_SPECIMEN,Fungi collection of the University of Eastern Finland,cdbcc960-d9d9-43b8-bdaa-148fb034a635,http://creativecommons.org/licenses/by/4.0/legalcode,,OULU,,Puronvarsilehto
gbif,4023951551,1993-09-02,1993,9,2,60.1,24.56,,PRESERVED_SPECIMEN,Aphyllophorales Fennoscandiae orientalis,0786c87e-0e18-4620-9633-d3a358e1ed2c,http://creativecommons.org/licenses/by/4.0/legalcode,Danskarby,Keywords: { H6083037 },,
gbif,773225701,1993,1993,,,62.58486,30.05569,,PRESERVED_SPECIMEN,Fungi collection of the University of Eastern Finland,cdbcc960-d9d9-43b8-bdaa-148fb034a635,http://creativecommons.org/licenses/by/4.0/legalcode,,,,
gbif,773225702,1993,1993,,,62.58571,30.01683,,PRESERVED_SPECIMEN,Fungi collection of the University of Eastern Finland,cdbcc960-d9d9-43b8-bdaa-148fb034a635,http://creativecommons.org/licenses/by/4.0/legalcode,,,,
gbif,773225676,1992-07-02,1992,7,2,62.83906,29.92494,,PRESERVED_SPECIMEN,Fungi collection of the University of Eastern Finland,cdbcc960-d9d9-43b8-bdaa-148fb034a635,http://creativecommons.org/licenses/by/4.0/legalcode,,,,kuiva suo
gbif,773225677,1992-08-21,1992,8,21,62.65773,29.5557,,PRESERVED_SPECIMEN,Fungi collection of the University of Eastern Finland,cdbcc960-d9d9-43b8-bdaa-148fb034a635,http://creativecommons.org/licenses/by/4.0/legalcode,,,,puronvarsikorpi
gbif,773225678,1992-09-05,1992,9,5,62.68497,29.53852,,PRESERVED_SPECIMEN,Fungi collection of the University of Eastern Finland,cdbcc960-d9d9-43b8-bdaa-148fb034a635,http://creativecommons.org/licenses/by/4.0/legalcode,,,,ruohoinen sekametsä
gbif,773225679,1992-09-05,1992,9,5,62.72083,29.5416,,PRESERVED_SPECIMEN,Fungi collection of the University of Eastern Finland,cdbcc960-d9d9-43b8-bdaa-148fb034a635,http://creativecommons.org/licenses/by/4.0/legalcode,,,,järven ranta
gbif,773225680,1992-09-05,1992,9,5,62.72118,29.52207,,PRESERVED_SPECIMEN,Fungi collection of the University of Eastern Finland,cdbcc960-d9d9-43b8-bdaa-148fb034a635,http://creativecommons.org/licenses/by/4.0/legalcode,,,,polun laita kostea järvenrantaviita
gbif,773225682,1992-09-13,1992,9,13,61.99596,29.88193,,PRESERVED_SPECIMEN,Fungi collection of the University of Eastern Finland,cdbcc960-d9d9-43b8-bdaa-148fb034a635,http://creativecommons.org/licenses/by/4.0/legalcode,,,,VT
gbif,773225687,1992-10-01,1992,10,1,62.43213,30.05946,,PRESERVED_SPECIMEN,Fungi collection of the University of Eastern Finland,cdbcc960-d9d9-43b8-bdaa-148fb034a635,http://creativecommons.org/licenses/by/4.0/legalcode,,,,
gbif,773225647,1991-08-03,1991,8,3,62.56414,29.25585,,PRESERVED_SPECIMEN,Fungi collection of the University of Eastern Finland,cdbcc960-d9d9-43b8-bdaa-148fb034a635,http://creativecommons.org/licenses/by/4.0/legalcode,,,,kesämökin piha VT
gbif,773225648,1991-08-08,1991,8,8,62.56877,30.36547,,PRESERVED_SPECIMEN,Fungi collection of the University of Eastern Finland,cdbcc960-d9d9-43b8-bdaa-148fb034a635,http://creativecommons.org/licenses/by/4.0/legalcode,,,,laidunnettu koivikko
gbif,773225649,1991-08-08,1991,8,8,62.5683,30.38488,,PRESERVED_SPECIMEN,Fungi collection of the University of Eastern Finland,cdbcc960-d9d9-43b8-bdaa-148fb034a635,http://creativecommons.org/licenses/by/4.0/legalcode,,,,kuusikko
gbif,773225650,1991-08-13,1991,8,13,62.17234,30.41734,,PRESERVED_SPECIMEN,Fungi collection of the University of Eastern Finland,cdbcc960-d9d9-43b8-bdaa-148fb034a635,http://creativecommons.org/licenses/by/4.0/legalcode,,,,koivikko
gbif,773225651,1991-08-26,1991,8,26,62.59467,30.01774,,PRESERVED_SPECIMEN,Fungi collection of the University of Eastern Finland,cdbcc960-d9d9-43b8-bdaa-148fb034a635,http://creativecommons.org/licenses/by/4.0/legalcode,,,,mäntykangas
gbif,773225656,1991-08-31,1991,8,31,62.14543,30.03046,,PRESERVED_SPECIMEN,Fungi collection of the University of Eastern Finland,cdbcc960-d9d9-43b8-bdaa-148fb034a635,http://creativecommons.org/licenses/by/4.0/legalcode,,,,VT männikkö
gbif,3713204881,1991-08-30,1991,8,30,62.729603,27.553948,1000.0,PRESERVED_SPECIMEN,KUO Fungal collections,e175d14f-c9e8-4a35-8e4a-372b72bbf797,http://creativecommons.org/licenses/by/4.0/legalcode,"Vehmasmäki, Tikkalanmäki.",Keywords: { http://tun.fi/GX.495 | herbariumnumber:0 | lutikkadatabase:651 | 0 } | KUO 18610,,Metsätiellä.
gbif,3713204891,1991-08-30,1991,8,30,62.729603,27.553948,1000.0,PRESERVED_SPECIMEN,KUO Fungal collections,e175d14f-c9e8-4a35-8e4a-372b72bbf797,http://creativecommons.org/licenses/by/4.0/legalcode,"Vehmasmäki, Tikkalanmäki.",Keywords: { http://tun.fi/GX.495 | herbariumnumber:0 | lutikkadatabase:649 | 0 } | KUO 18610,,Metsätiellä.
gbif,773225653,1991-09-01,1991,9,1,62.06725,29.90782,,PRESERVED_SPECIMEN,Fungi collection of the University of Eastern Finland,cdbcc960-d9d9-43b8-bdaa-148fb034a635,http://creativecommons.org/licenses/by/4.0/legalcode,,,,VT koivikko
gbif,773225654,1991-09-01,1991,9,1,62.09572,29.83392,,PRESERVED_SPECIMEN,Fungi collection of the University of Eastern Finland,cdbcc960-d9d9-43b8-bdaa-148fb034a635,http://creativecommons.org/licenses/by/4.0/legalcode,,,,MT
gbif,773225655,1991-09-01,1991,9,1,62.08597,29.87131,,PRESERVED_SPECIMEN,Fungi collection of the University of Eastern Finland,cdbcc960-d9d9-43b8-bdaa-148fb034a635,http://creativecommons.org/licenses/by/4.0/legalcode,,,,
gbif,773225657,1991-09-17,1991,9,17,62.09018,29.66103,,PRESERVED_SPECIMEN,Fungi collection of the University of Eastern Finland,cdbcc960-d9d9-43b8-bdaa-148fb034a635,http://creativecommons.org/licenses/by/4.0/legalcode,,,,kostea sekametsä
gbif,773225658,1991-09-17,1991,9,17,62.08085,29.67936,,PRESERVED_SPECIMEN,Fungi collection of the University of Eastern Finland,cdbcc960-d9d9-43b8-bdaa-148fb034a635,http://creativecommons.org/licenses/by/4.0/legalcode,,,,sekametsä
gbif,773225652,1991-11-03,1991,11,3,62.61045,30.11679,,PRESERVED_SPECIMEN,Fungi collection of the University of Eastern Finland,cdbcc960-d9d9-43b8-bdaa-148fb034a635,http://creativecommons.org/licenses/by/4.0/legalcode,,,,MT
gbif,216091132,1990-08-25,1990,8,25,61.4014,26.4259,707.0,PRESERVED_SPECIMEN,,8431711e-f762-11e1-a439-00145eb45e9a,http://creativecommons.org/licenses/by/4.0/legalcode,Anettu village,,,
gbif,773225634,1990-08-02,1990,8,2,62.67158,29.77169,,PRESERVED_SPECIMEN,Fungi collection of the University of Eastern Finland,cdbcc960-d9d9-43b8-bdaa-148fb034a635,http://creativecommons.org/licenses/by/4.0/legalcode,,,,VT
gbif,773225635,1990-08-09,1990,8,9,62.30542,30.10444,,PRESERVED_SPECIMEN,Fungi collection of the University of Eastern Finland,cdbcc960-d9d9-43b8-bdaa-148fb034a635,http://creativecommons.org/licenses/by/4.0/legalcode,,,,heinäinen koivikko
gbif,773225636,1990-08-09,1990,8,9,62.33807,29.83744,,PRESERVED_SPECIMEN,Fungi collection of the University of Eastern Finland,cdbcc960-d9d9-43b8-bdaa-148fb034a635,http://creativecommons.org/licenses/by/4.0/legalcode,,,,MT tienlaita
gbif,773225637,1990-08-16,1990,8,16,62.57846,29.47103,,PRESERVED_SPECIMEN,Fungi collection of the University of Eastern Finland,cdbcc960-d9d9-43b8-bdaa-148fb034a635,http://creativecommons.org/licenses/by/4.0/legalcode,,,,MT
gbif,773225638,1990-08-16,1990,8,16,62.62188,29.55262,,PRESERVED_SPECIMEN,Fungi collection of the University of Eastern Finland,cdbcc960-d9d9-43b8-bdaa-148fb034a635,http://creativecommons.org/licenses/by/4.0/legalcode,,,,VT mäntykangas
gbif,773225639,1990-08-16,1990,8,16,62.6412,29.47626,,PRESERVED_SPECIMEN,Fungi collection of the University of Eastern Finland,cdbcc960-d9d9-43b8-bdaa-148fb034a635,http://creativecommons.org/licenses/by/4.0/legalcode,,,,kuusikko
gbif,773225640,1990-09-08,1990,9,8,62.31401,30.83883,,PRESERVED_SPECIMEN,Fungi collection of the University of Eastern Finland,cdbcc960-d9d9-43b8-bdaa-148fb034a635,http://creativecommons.org/licenses/by/4.0/legalcode,,,,MT sekametsä
gbif,1607744863,1990-09-08,1990,9,8,62.735577,30.987322,100.0,HUMAN_OBSERVATION,Hatikka.fi observations,b84a3711-b4ca-4e4f-adac-80dfaea98d1c,http://creativecommons.org/licenses/by/4.0/legalcode,Ryökkylä,N. 2 v sitten tehty istutus (perkausjätettä maahan) tuotti runsaasti kantarelleja,,
gbif,4023920533,1990-11-04,1990,11,4,61.191626,28.758749,100.0,PRESERVED_SPECIMEN,Aphyllophorales Fennoscandiae orientalis,0786c87e-0e18-4620-9633-d3a358e1ed2c,http://creativecommons.org/licenses/by/4.0/legalcode,Tuulikallio | Siunauskappelista 300 m SEE,Keywords: { H6094473 },,"Harjumännikkö, seassa muutama koivu | Koivun juurella"
gbif,773225683,1990,1990,,,62.89564,28.65185,,PRESERVED_SPECIMEN,Fungi collection of the University of Eastern Finland,cdbcc960-d9d9-43b8-bdaa-148fb034a635,http://creativecommons.org/licenses/by/4.0/legalcode,,,,lehto
gbif,773225703,1989-07-16,1989,7,16,62.42253,29.65179,,PRESERVED_SPECIMEN,Fungi collection of the University of Eastern Finland,cdbcc960-d9d9-43b8-bdaa-148fb034a635,http://creativecommons.org/licenses/by/4.0/legalcode,,JOE,,sekametsä
gbif,773225625,1989-08-10,1989,8,10,62.18414,29.89984,,PRESERVED_SPECIMEN,Fungi collection of the University of Eastern Finland,cdbcc960-d9d9-43b8-bdaa-148fb034a635,http://creativecommons.org/licenses/by/4.0/legalcode,,,,MT
gbif,773225626,1989-08-13,1989,8,13,62.61466,29.45456,,PRESERVED_SPECIMEN,Fungi collection of the University of Eastern Finland,cdbcc960-d9d9-43b8-bdaa-148fb034a635,http://creativecommons.org/licenses/by/4.0/legalcode,,,,VT
gbif,773225627,1989-08-13,1989,8,13,62.67011,29.36153,,PRESERVED_SPECIMEN,Fungi collection of the University of Eastern Finland,cdbcc960-d9d9-43b8-bdaa-148fb034a635,http://creativecommons.org/licenses/by/4.0/legalcode,,,,kostea koivikko
gbif,773225628,1989-08-13,1989,8,13,62.67044,29.34203,,PRESERVED_SPECIMEN,Fungi collection of the University of Eastern Finland,cdbcc960-d9d9-43b8-bdaa-148fb034a635,http://creativecommons.org/licenses/by/4.0/legalcode,,,,kostea koivikko
gbif,773225629,1989-08-27,1989,8,27,62.72358,28.77911,,PRESERVED_SPECIMEN,Fungi collection of the University of Eastern Finland,cdbcc960-d9d9-43b8-bdaa-148fb034a635,http://creativecommons.org/licenses/by/4.0/legalcode,,,,sekam.
gbif,3713362379,1989-08-17,1989,8,17,64.531745,29.92432,1000.0,PRESERVED_SPECIMEN,"Fungal collection of the Botanical Museum, University of Oulu (OULU)",23acc755-a8a6-4cf8-bed0-83d30863acea,http://creativecommons.org/licenses/by/4.0/legalcode,Juortanansalo | Lahnajoen ranta,Keywords: { http://tun.fi/GX.15355 | F007162 },,Saniaislehto
gbif,773225622,1989-09-05,1989,9,5,62.57377,29.72365,,PRESERVED_SPECIMEN,Fungi collection of the University of Eastern Finland,cdbcc960-d9d9-43b8-bdaa-148fb034a635,http://creativecommons.org/licenses/by/4.0/legalcode,,,,MT
gbif,773225630,1989-09-23,1989,9,23,62.51277,29.09662,,PRESERVED_SPECIMEN,Fungi collection of the University of Eastern Finland,cdbcc960-d9d9-43b8-bdaa-148fb034a635,http://creativecommons.org/licenses/by/4.0/legalcode,,,,
gbif,773225665,1989-10-08,1989,10,8,61.89922,30.19642,,PRESERVED_SPECIMEN,Fungi collection of the University of Eastern Finland,cdbcc960-d9d9-43b8-bdaa-148fb034a635,http://creativecommons.org/licenses/by/4.0/legalcode,,,,
gbif,773225597,1989-11-11,1989,11,11,62.2718,30.39007,,PRESERVED_SPECIMEN,Fungi collection of the University of Eastern Finland,cdbcc960-d9d9-43b8-bdaa-148fb034a635,http://creativecommons.org/licenses/by/4.0/legalcode,,,,
gbif,4023287501,1988-07-27,1988,7,27,60.041482,23.020853,1000.0,PRESERVED_SPECIMEN,Agaricales Fennoscandiae orientalis,3e256ae0-cfcb-4614-84e8-f511545dd34f,http://creativecommons.org/licenses/by/4.0/legalcode,"Bromarv, Solböle",Keywords: { http://tun.fi/GX.2530 | H6049519 },,Lehmus-istutus
gbif,773225591,1988-08-02,1988,8,2,62.50927,30.22277,,PRESERVED_SPECIMEN,Fungi collection of the University of Eastern Finland,cdbcc960-d9d9-43b8-bdaa-148fb034a635,http://creativecommons.org/licenses/by/4.0/legalcode,,,,
gbif,773225592,1988-08-02,1988,8,2,62.46176,30.33402,,PRESERVED_SPECIMEN,Fungi collection of the University of Eastern Finland,cdbcc960-d9d9-43b8-bdaa-148fb034a635,http://creativecommons.org/licenses/by/4.0/legalcode,,,,
gbif,3440839139,1988-08-13,1988,8,13,62.734682,30.987201,100.0,HUMAN_OBSERVATION,Hatikka.fi observations,b84a3711-b4ca-4e4f-adac-80dfaea98d1c,http://creativecommons.org/licenses/by/4.0/legalcode,Ryökkylä,Jonkin verran,,
gbif,4023920493,1988-08-12,1988,8,12,61.572269,24.728511,1000.0,PRESERVED_SPECIMEN,Aphyllophorales Fennoscandiae orientalis,0786c87e-0e18-4620-9633-d3a358e1ed2c,http://creativecommons.org/licenses/by/4.0/legalcode,"Längelmäki, Västilä, Mulkoila, Sinivuori Nature Reserve | SE corner, E of the ro",Keywords: { H6094479 },,"Somewhat swampy, old spruce forest"
gbif,4023920500,1988-08-12,1988,8,12,61.872073,24.42111,1000.0,PRESERVED_SPECIMEN,Aphyllophorales Fennoscandiae orientalis,0786c87e-0e18-4620-9633-d3a358e1ed2c,http://creativecommons.org/licenses/by/4.0/legalcode,"Lyly | S end of the lake Iso-Karvianjärvi, Vähä-Karvia, N part of Hallamäki",Keywords: { H6094478 },,"Grass-herb-mesic conifer forest with Betula, Populus tremula, abundant Alnus incana, Salix spp. and open and half-open meadow patches, all gently pastured by cattle"
gbif,4023920772,1988-08-16,1988,8,16,61.715921,26.514604,1000.0,PRESERVED_SPECIMEN,Aphyllophorales Fennoscandiae orientalis,0786c87e-0e18-4620-9633-d3a358e1ed2c,http://creativecommons.org/licenses/by/4.0/legalcode,"Pyörilä, Korpisaari, Matinkallio",Keywords: { H6094471 },,"Mesic mixed heath forest, among ordinary Cantharellus cibarius"
gbif,4023920786,1988-08-24,1988,8,24,63.322717,26.82697,1000.0,PRESERVED_SPECIMEN,Aphyllophorales Fennoscandiae orientalis,0786c87e-0e18-4620-9633-d3a358e1ed2c,http://creativecommons.org/licenses/by/4.0/legalcode,"Paasikoski, Heinämäki, Toivala | Gentle NEE slope below the cultvated top of the",Keywords: { H6094466 },,Pastured grass-herb spruce forest with some pines and hardwood bushes
gbif,4023908927,1988-09-10,1988,9,10,60.025,23.813,,PRESERVED_SPECIMEN,Aphyllophorales Fennoscandiae orientalis,0786c87e-0e18-4620-9633-d3a358e1ed2c,http://creativecommons.org/licenses/by/4.0/legalcode,Fagervik,Keywords: { H6094371 },,
gbif,773225664,1987-08-16,1987,8,16,62.02123,29.96076,,PRESERVED_SPECIMEN,Fungi collection of the University of Eastern Finland,cdbcc960-d9d9-43b8-bdaa-148fb034a635,http://creativecommons.org/licenses/by/4.0/legalcode,,,,MT sekametsä
gbif,57665754,1987-09-05,1987,9,5,63.3213,25.6994,7071.0,PRESERVED_SPECIMEN,,8431711e-f762-11e1-a439-00145eb45e9a,http://creativecommons.org/licenses/by/4.0/legalcode,"Luomalanranta, Vaaksianniemi",,,
gbif,4023920375,1987-09-03,1987,9,3,61.05,24.95,,PRESERVED_SPECIMEN,Aphyllophorales Fennoscandiae orientalis,0786c87e-0e18-4620-9633-d3a358e1ed2c,http://creativecommons.org/licenses/by/4.0/legalcode,"Lammi, Kaitala, Mataramäki, Takakillo",Keywords: { H6094487 },,
gbif,773225621,1987,1987,,,62.52044,30.12681,,PRESERVED_SPECIMEN,Fungi collection of the University of Eastern Finland,cdbcc960-d9d9-43b8-bdaa-148fb034a635,http://creativecommons.org/licenses/by/4.0/legalcode,,,,koivikko
gbif,3713204905,1986-09-04,1986,9,4,67.773235,25.050461,100000.0,PRESERVED_SPECIMEN,KUO Fungal collections,e175d14f-c9e8-4a35-8e4a-372b72bbf797,http://creativecommons.org/licenses/by/4.0/legalcode,"Sätkinen, Metsähallituksen koealue.",Keywords: { http://tun.fi/GX.495 | lutikkadatabase:653 | herbariumnumber:0 | 0 } | KUO 19166,,Koivikko.
gbif,4023907969,1985-07-26,1985,7,26,60.239263,21.966275,1000.0,PRESERVED_SPECIMEN,Aphyllophorales Fennoscandiae orientalis,0786c87e-0e18-4620-9633-d3a358e1ed2c,http://creativecommons.org/licenses/by/4.0/legalcode,"Nauvo, Seili | S of Lembergsviken",Keywords: { H6094414 },,Open grass-herb forest
gbif,773225660,1985-08-19,1985,8,19,62.08436,29.94776,,PRESERVED_SPECIMEN,Fungi collection of the University of Eastern Finland,cdbcc960-d9d9-43b8-bdaa-148fb034a635,http://creativecommons.org/licenses/by/4.0/legalcode,,,,MT koivikko
gbif,773225661,1985-08-12,1985,8,12,62.02123,29.96076,,PRESERVED_SPECIMEN,Fungi collection of the University of Eastern Finland,cdbcc960-d9d9-43b8-bdaa-148fb034a635,http://creativecommons.org/licenses/by/4.0/legalcode,,,,MT sekametsä
gbif,773225662,1985-08-05,1985,8,5,62.00492,29.88278,,PRESERVED_SPECIMEN,Fungi collection of the University of Eastern Finland,cdbcc960-d9d9-43b8-bdaa-148fb034a635,http://creativecommons.org/licenses/by/4.0/legalcode,,,,MT sekametsä
gbif,773225663,1985-08-04,1985,8,4,62.06267,30.1179,,PRESERVED_SPECIMEN,Fungi collection of the University of Eastern Finland,cdbcc960-d9d9-43b8-bdaa-148fb034a635,http://creativecommons.org/licenses/by/4.0/legalcode,,,,MT lehtimetsä
gbif,773225669,1985-08-19,1985,8,19,62.00081,30.07337,,PRESERVED_SPECIMEN,Fungi collection of the University of Eastern Finland,cdbcc960-d9d9-43b8-bdaa-148fb034a635,http://creativecommons.org/licenses/by/4.0/legalcode,,,,VT koivikko havupuita
gbif,773225624,1985-09-07,1985,9,7,62.75044,30.97387,,PRESERVED_SPECIMEN,Fungi collection of the University of Eastern Finland,cdbcc960-d9d9-43b8-bdaa-148fb034a635,http://creativecommons.org/licenses/by/4.0/legalcode,,,,
gbif,4023907992,1985-09-10,1985,9,10,60.320025,24.490203,1000.0,PRESERVED_SPECIMEN,Aphyllophorales Fennoscandiae orientalis,0786c87e-0e18-4620-9633-d3a358e1ed2c,http://creativecommons.org/licenses/by/4.0/legalcode,"Kaitlampi, Kattila",Keywords: { H6094410 },,"Kalliometsässä, lehtomaisessa painanteessa kosteassa kohdassa"
gbif,4023908930,1985-09-08,1985,9,8,60.49073,24.495214,1000.0,PRESERVED_SPECIMEN,Aphyllophorales Fennoscandiae orientalis,0786c87e-0e18-4620-9633-d3a358e1ed2c,http://creativecommons.org/licenses/by/4.0/legalcode,"Vihtijärvi, Rokokallio",Keywords: { H6094372 },,Kallioiden välinen karuhko metsänotkelma
gbif,773225659,1985,1985,,,62.01268,29.94083,,PRESERVED_SPECIMEN,Fungi collection of the University of Eastern Finland,cdbcc960-d9d9-43b8-bdaa-148fb034a635,http://creativecommons.org/licenses/by/4.0/legalcode,,dia,,MT kallioinen ranta
gbif,1607744858,1984-07-15,1984,7,15,62.735577,30.987322,100.0,HUMAN_OBSERVATION,Hatikka.fi observations,b84a3711-b4ca-4e4f-adac-80dfaea98d1c,http://creativecommons.org/licenses/by/4.0/legalcode,Ryökkylä,Nousevat,,
gbif,773225666,1984-08-26,1984,8,26,62.02895,30.01886,,PRESERVED_SPECIMEN,Fungi collection of the University of Eastern Finland,cdbcc960-d9d9-43b8-bdaa-148fb034a635,http://creativecommons.org/licenses/by/4.0/legalcode,,,,MT sekametsä
gbif,773225667,1984-09-09,1984,9,9,62.05829,29.90697,,PRESERVED_SPECIMEN,Fungi collection of the University of Eastern Finland,cdbcc960-d9d9-43b8-bdaa-148fb034a635,http://creativecommons.org/licenses/by/4.0/legalcode,,,,mäntysekametsä
gbif,773225668,1984-09-13,1984,9,13,62.00081,30.07337,,PRESERVED_SPECIMEN,Fungi collection of the University of Eastern Finland,cdbcc960-d9d9-43b8-bdaa-148fb034a635,http://creativecommons.org/licenses/by/4.0/legalcode,,,,MT sekametsä
gbif,773225673,1984-09-02,1984,9,2,62.02895,30.01886,,PRESERVED_SPECIMEN,Fungi collection of the University of Eastern Finland,cdbcc960-d9d9-43b8-bdaa-148fb034a635,http://creativecommons.org/licenses/by/4.0/legalcode,,,,MT sekametsä
gbif,1607744854,1983-07-06,1983,7,6,62.737169,30.978723,1000.0,HUMAN_OBSERVATION,Hatikka.fi observations,b84a3711-b4ca-4e4f-adac-80dfaea98d1c,http://creativecommons.org/licenses/by/4.0/legalcode,Ryökkylä,Poimittiin ensimmäiset,,
gbif,4023908543,1983-08-26,1983,8,26,60.02,23.81,,PRESERVED_SPECIMEN,Aphyllophorales Fennoscandiae orientalis,0786c87e-0e18-4620-9633-d3a358e1ed2c,http://creativecommons.org/licenses/by/4.0/legalcode,Fagervik,Keywords: { H6094387 },,
gbif,4023951644,1982-09-12,1982,9,12,60.15,24.53,,PRESERVED_SPECIMEN,Aphyllophorales Fennoscandiae orientalis,0786c87e-0e18-4620-9633-d3a358e1ed2c,http://creativecommons.org/licenses/by/4.0/legalcode,Masala,Keywords: { H6083025 },,
gbif,773225643,1981-07-27,1981,7,27,63.24342,30.68288,,PRESERVED_SPECIMEN,Fungi collection of the University of Eastern Finland,cdbcc960-d9d9-43b8-bdaa-148fb034a635,http://creativecommons.org/licenses/by/4.0/legalcode,,KS lis.työ,,
gbif,773225645,1981-07-23,1981,7,23,63.37004,30.27892,,PRESERVED_SPECIMEN,Fungi collection of the University of Eastern Finland,cdbcc960-d9d9-43b8-bdaa-148fb034a635,http://creativecommons.org/licenses/by/4.0/legalcode,,KS lis.työ,,
gbif,1607744848,1981-07-26,1981,7,26,62.735577,30.987322,100.0,HUMAN_OBSERVATION,Hatikka.fi observations,b84a3711-b4ca-4e4f-adac-80dfaea98d1c,http://creativecommons.org/licenses/by/4.0/legalcode,Ryökkylä,Löytyi pannullinen,,
gbif,773225585,1981-08-30,1981,8,30,62.92322,28.59434,,PRESERVED_SPECIMEN,Fungi collection of the University of Eastern Finland,cdbcc960-d9d9-43b8-bdaa-148fb034a635,http://creativecommons.org/licenses/by/4.0/legalcode,,KUO var. albus,,sekam.
gbif,773225644,1981-08-05,1981,8,5,63.39781,28.68066,,PRESERVED_SPECIMEN,Fungi collection of the University of Eastern Finland,cdbcc960-d9d9-43b8-bdaa-148fb034a635,http://creativecommons.org/licenses/by/4.0/legalcode,,KS lis.työ,,
gbif,3713204909,1981-08-30,1981,8,30,62.955665,28.741762,50000.0,PRESERVED_SPECIMEN,KUO Fungal collections,e175d14f-c9e8-4a35-8e4a-372b72bbf797,http://creativecommons.org/licenses/by/4.0/legalcode,"Retunen, Kopinan koulun luona mäellä.",Keywords: { http://tun.fi/GX.495 | herbariumnumber:0 | lutikkadatabase:652 | 0 } | KUO 15611,,Sekametsä.
gbif,3713205039,1981-08-20,1981,8,20,62.84687,27.359833,1000.0,PRESERVED_SPECIMEN,KUO Fungal collections,e175d14f-c9e8-4a35-8e4a-372b72bbf797,http://creativecommons.org/licenses/by/4.0/legalcode,Repomäki.,Keywords: { http://tun.fi/GX.495 | lutikkadatabase:637 | herbariumnumber:0 | 0 } | KUO 13959,,"Mixed forest on a slope, Betula alba as dominant tree."
gbif,4023908424,1981-08-09,1981,8,9,60.371369,24.359315,1000.0,PRESERVED_SPECIMEN,Aphyllophorales Fennoscandiae orientalis,0786c87e-0e18-4620-9633-d3a358e1ed2c,http://creativecommons.org/licenses/by/4.0/legalcode,"Nummela, Niittylä",Keywords: { H6094404 },,Kangasmetsässä
gbif,4023908944,1981-08-06,1981,8,6,60.725619,25.961561,1000.0,PRESERVED_SPECIMEN,Aphyllophorales Fennoscandiae orientalis,0786c87e-0e18-4620-9633-d3a358e1ed2c,http://creativecommons.org/licenses/by/4.0/legalcode,Hiitelä | Simolan W-puolella,Keywords: { H6094374 },,"OMT, kallion tyvellä | Seinäsammalikossa"
gbif,4023951626,1981-08-28,1981,8,28,60.395,21.946,,PRESERVED_SPECIMEN,Aphyllophorales Fennoscandiae orientalis,0786c87e-0e18-4620-9633-d3a358e1ed2c,http://creativecommons.org/licenses/by/4.0/legalcode,"Rymättylä, Raulahti, Välimäki",Keywords: { H6083036 },,Puoliaukea savimaa (entistä viljelysmaata)
gbif,3713204981,1981-09-12,1981,9,12,62.810268,27.575071,1000.0,PRESERVED_SPECIMEN,KUO Fungal collections,e175d14f-c9e8-4a35-8e4a-372b72bbf797,http://creativecommons.org/licenses/by/4.0/legalcode,Korsumäki hill.,Keywords: { http://tun.fi/GX.495 | lutikkadatabase:631 | herbariumnumber:0 | 0 } | KUO 15610,,Rich Picea abies forest.
gbif,4023908007,1981-09-12,1981,9,12,60.395,21.946,,PRESERVED_SPECIMEN,Aphyllophorales Fennoscandiae orientalis,0786c87e-0e18-4620-9633-d3a358e1ed2c,http://creativecommons.org/licenses/by/4.0/legalcode,"Rymättylä, Raulahti, Välimäki",Keywords: { H6094413 },,Savimaalla
gbif,4023920432,1981-09-02,1981,9,2,61.11,24.83,,PRESERVED_SPECIMEN,Aphyllophorales Fennoscandiae orientalis,0786c87e-0e18-4620-9633-d3a358e1ed2c,http://creativecommons.org/licenses/by/4.0/legalcode,"Tuulos, Syrjäntaka",Keywords: { H6094482 },,"Lehtisekametsä (Picea abies, Tilia cordata)"
gbif,773225672,1980-08-24,1980,8,24,62.06223,30.137,,PRESERVED_SPECIMEN,Fungi collection of the University of Eastern Finland,cdbcc960-d9d9-43b8-bdaa-148fb034a635,http://creativecommons.org/licenses/by/4.0/legalcode,,,,MT sekametsä
gbif,4023919920,1980-08-26,1980,8,26,60.85,27.58,,PRESERVED_SPECIMEN,Aphyllophorales Fennoscandiae orientalis,0786c87e-0e18-4620-9633-d3a358e1ed2c,http://creativecommons.org/licenses/by/4.0/legalcode,Luotola,Keywords: { H6094513 },,
gbif,3713204866,1980-09-07,1980,9,7,62.998091,27.826245,100000.0,PRESERVED_SPECIMEN,KUO Fungal collections,e175d14f-c9e8-4a35-8e4a-372b72bbf797,http://creativecommons.org/licenses/by/4.0/legalcode,"Riistavesi, Puutiomäki.",Keywords: { http://tun.fi/GX.495 | lutikkadatabase:647 | herbariumnumber:0 | 0 } | KUO 15805  Cantharellus cibarius var. alba,,
gbif,4023907958,1980-10-02,1980,10,2,60.141859,23.387099,1000.0,PRESERVED_SPECIMEN,Aphyllophorales Fennoscandiae orientalis,0786c87e-0e18-4620-9633-d3a358e1ed2c,http://creativecommons.org/licenses/by/4.0/legalcode,"Pohja, Kuovila | Kauppahaka-Lustigkulla",Keywords: { H6094415 },,"Rather rich spruce forest with Betula alba and Alnus incana, partly moist and slightly pastured"
gbif,3713204991,1979-08-18,1979,8,18,62.112437,28.500513,5000.0,PRESERVED_SPECIMEN,KUO Fungal collections,e175d14f-c9e8-4a35-8e4a-372b72bbf797,http://creativecommons.org/licenses/by/4.0/legalcode,"Linnansaari, SW half of the island.",Keywords: { http://tun.fi/GX.495 | herbariumnumber:0 | lutikkadatabase:629 | 0 } | KUO 13998  Coll. during the excursion of Societas Mycologica Fennica 1979,,
gbif,773225670,1979-09-16,1979,9,16,62.08477,29.92865,,PRESERVED_SPECIMEN,Fungi collection of the University of Eastern Finland,cdbcc960-d9d9-43b8-bdaa-148fb034a635,http://creativecommons.org/licenses/by/4.0/legalcode,,,,VT mäntykangas
gbif,3713204853,1979-09-11,1979,9,11,62.881958,27.596128,1000.0,PRESERVED_SPECIMEN,KUO Fungal collections,e175d14f-c9e8-4a35-8e4a-372b72bbf797,http://creativecommons.org/licenses/by/4.0/legalcode,Vuorilampi.,Keywords: { http://tun.fi/GX.495 | herbariumnumber:0 | lutikkadatabase:644 | 0 } | KUO 18952,,
gbif,4023908453,1979-09-09,1979,9,9,60.85947,25.865207,1000.0,PRESERVED_SPECIMEN,Aphyllophorales Fennoscandiae orientalis,0786c87e-0e18-4620-9633-d3a358e1ed2c,http://creativecommons.org/licenses/by/4.0/legalcode,Heinämaa | Lehto Palojoen länsirannalla,Keywords: { H6094397 },,Lehtokuusikko
gbif,4023908457,1979-09-23,1979,9,23,60.816123,25.186727,1000.0,PRESERVED_SPECIMEN,Aphyllophorales Fennoscandiae orientalis,0786c87e-0e18-4620-9633-d3a358e1ed2c,http://creativecommons.org/licenses/by/4.0/legalcode,Nikinoja,Keywords: { H6094395 },,"MT (Picea abies, Betula)"
gbif,4023908466,1979-09-04,1979,9,4,60.534369,24.94742,1000.0,PRESERVED_SPECIMEN,Aphyllophorales Fennoscandiae orientalis,0786c87e-0e18-4620-9633-d3a358e1ed2c,http://creativecommons.org/licenses/by/4.0/legalcode,"Jokela, Perttu",Keywords: { H6094399 },,Tuore kangasmetsä
gbif,4023908950,1979-09-22,1979,9,22,60.32,25.36,,PRESERVED_SPECIMEN,Aphyllophorales Fennoscandiae orientalis,0786c87e-0e18-4620-9633-d3a358e1ed2c,http://creativecommons.org/licenses/by/4.0/legalcode,"Hangelby, Nyängsberget | N om vägen Sibbo kby.-Spjutsund",Keywords: { H6094373 },,Gles VT skog
gbif,4023920453,1979-09-22,1979,9,22,61.216847,25.684861,1000.0,PRESERVED_SPECIMEN,Aphyllophorales Fennoscandiae orientalis,0786c87e-0e18-4620-9633-d3a358e1ed2c,http://creativecommons.org/licenses/by/4.0/legalcode,"Salo, Uitto, Niittyranta | By abandoned farmstead (torppa)",Keywords: { H6094485 },,"In rich forest (lehto) under large birch trees, formerly grazed area"
gbif,773225675,1978-08-27,1978,8,27,62.55984,29.50839,,PRESERVED_SPECIMEN,Fungi collection of the University of Eastern Finland,cdbcc960-d9d9-43b8-bdaa-148fb034a635,http://creativecommons.org/licenses/by/4.0/legalcode,,EOn sienisatotutkimus,,nuori soistunut sekametsä
gbif,3476218539,1978-08-06,1978,8,6,60.2382,21.9605,,PRESERVED_SPECIMEN,,84b18cce-083a-4464-bee8-25b2083a17cd,http://creativecommons.org/licenses/by/4.0/legalcode,,,,
gbif,3713204887,1978-08-22,1978,8,22,65.986932,29.253346,100000.0,PRESERVED_SPECIMEN,KUO Fungal collections,e175d14f-c9e8-4a35-8e4a-372b72bbf797,http://creativecommons.org/licenses/by/4.0/legalcode,"Between Käylä and Oulanka Station, roadside in a boggy area.",Keywords: { http://tun.fi/GX.495 | herbariumnumber:0 | lutikkadatabase:650 | 0 } | KUO 13420,,Roadside in a boggy area.
gbif,773225671,1978-09-17,1978,9,17,62.08477,29.92865,,PRESERVED_SPECIMEN,Fungi collection of the University of Eastern Finland,cdbcc960-d9d9-43b8-bdaa-148fb034a635,http://creativecommons.org/licenses/by/4.0/legalcode,,,,VT mäntykangas
gbif,4023922078,1977-09-28,1977,9,28,63.0944,29.8082,,PRESERVED_SPECIMEN,Aphyllophorales Fennoscandiae orientalis,0786c87e-0e18-4620-9633-d3a358e1ed2c,http://creativecommons.org/licenses/by/4.0/legalcode,Koli | Near top of mountain Ukko-Koli,Keywords: { H6076964 },,"Mesic heath MT-forest with Betula alba, Picea abies, Sorbus aucuparia, on litter of Picea-Betula-mosses, also Hylocomium pyrenaicum, Cortinarius gentilis, Cortinarius limonius, Stropharia hornemannii, Lactarius rufus, Lactarius vietus"
gbif,4023920475,1976-08-13,1976,8,13,60.826536,25.296453,1000.0,PRESERVED_SPECIMEN,Aphyllophorales Fennoscandiae orientalis,0786c87e-0e18-4620-9633-d3a358e1ed2c,http://creativecommons.org/licenses/by/4.0/legalcode,"Karvala, Kolu",Keywords: { H6094477 },,MT-kuusikko
gbif,216091166,1976-09-15,1976,9,15,62.426,25.9321,7071.0,PRESERVED_SPECIMEN,,8431711e-f762-11e1-a439-00145eb45e9a,http://creativecommons.org/licenses/by/4.0/legalcode,,,,
gbif,3713202207,1976-09-30,1976,9,30,60.242651,22.056196,1000.0,PRESERVED_SPECIMEN,KUO Fungal collections,e175d14f-c9e8-4a35-8e4a-372b72bbf797,http://creativecommons.org/licenses/by/4.0/legalcode,"Haverö island, at the shore of the lake Haveröträsk.",Keywords: { http://tun.fi/GX.495 | lutikkadatabase:626 | herbariumnumber:0 | 0 } | KUO 17046,,Mixed forest.
gbif,3713205063,1975-08-07,1975,8,7,62.77446,27.554789,1000.0,PRESERVED_SPECIMEN,KUO Fungal collections,e175d14f-c9e8-4a35-8e4a-372b72bbf797,http://creativecommons.org/licenses/by/4.0/legalcode,Pellesmäki.,Keywords: { http://tun.fi/GX.495 | lutikkadatabase:638 | herbariumnumber:0 | 0 } | KUO 11512,,Roadside in moist mixed forest.
gbif,4023920934,1975-08-16,1975,8,16,66.373564,29.287597,1000.0,PRESERVED_SPECIMEN,Aphyllophorales Fennoscandiae orientalis,0786c87e-0e18-4620-9633-d3a358e1ed2c,http://creativecommons.org/licenses/by/4.0/legalcode,Oulanka | Kourulammen NW-ranta,Keywords: { H6094454 },,Polulla sekametsän reunassa
gbif,773225590,1975-09-04,1975,9,4,63.20391,28.35138,,PRESERVED_SPECIMEN,Fungi collection of the University of Eastern Finland,cdbcc960-d9d9-43b8-bdaa-148fb034a635,http://creativecommons.org/licenses/by/4.0/legalcode,,KUO,,
gbif,3713204849,1975-09-04,1975,9,4,63.208682,28.358212,1000.0,PRESERVED_SPECIMEN,KUO Fungal collections,e175d14f-c9e8-4a35-8e4a-372b72bbf797,http://creativecommons.org/licenses/by/4.0/legalcode,"Huosiaisniemi, at the base of the cape.",Keywords: { http://tun.fi/GX.495 | lutikkadatabase:646 | herbariumnumber:0 | 0 } | KUO 16656,,
gbif,4023908463,1975-09-24,1975,9,24,60.468668,24.769718,1000.0,PRESERVED_SPECIMEN,Aphyllophorales Fennoscandiae orientalis,0786c87e-0e18-4620-9633-d3a358e1ed2c,http://creativecommons.org/licenses/by/4.0/legalcode,"Kirkonkylä, Pitkämäki",Keywords: { H6094398 },,Valoisa rinne
gbif,3713204842,1974-07-29,1974,7,29,62.834757,28.007292,1000.0,PRESERVED_SPECIMEN,KUO Fungal collections,e175d14f-c9e8-4a35-8e4a-372b72bbf797,http://creativecommons.org/licenses/by/4.0/legalcode,"Kangasmäki, S end of the lake Keskimmäinen Suojärvi.",Keywords: { http://tun.fi/GX.495 | lutikkadatabase:642 | herbariumnumber:0 | 0 } | KUO 11295,,Mixed forest.
gbif,4023920935,1974-07-27,1974,7,27,68.3912,27.4004,,PRESERVED_SPECIMEN,Aphyllophorales Fennoscandiae orientalis,0786c87e-0e18-4620-9633-d3a358e1ed2c,http://creativecommons.org/licenses/by/4.0/legalcode,Laanila | Metsäntutkimuslaitoksen toimipaikasta 100 m joelle päin polun varressa,Keywords: { H6094455 },,
gbif,3713205036,1974-08-01,1974,8,1,62.888438,28.028793,1000.0,PRESERVED_SPECIMEN,KUO Fungal collections,e175d14f-c9e8-4a35-8e4a-372b72bbf797,http://creativecommons.org/licenses/by/4.0/legalcode,"Riistavesi, Savulahti, Petäjämäki, W slope.",Keywords: { http://tun.fi/GX.495 | lutikkadatabase:636 | herbariumnumber:0 | 0 } | KUO 9923,,"At the edge of a sand pit, mixed forest with Betula, Alnus and Picea abies."
gbif,4023920342,1974-08-31,1974,8,31,61.747336,25.018582,1000.0,PRESERVED_SPECIMEN,Aphyllophorales Fennoscandiae orientalis,0786c87e-0e18-4620-9633-d3a358e1ed2c,http://creativecommons.org/licenses/by/4.0/legalcode,Ouninpohja,Keywords: { H6094492 },,MT-hakamaametsikkö (Betula)
gbif,4023920370,1974-08-21,1974,8,21,61.218369,25.852305,1000.0,PRESERVED_SPECIMEN,Aphyllophorales Fennoscandiae orientalis,0786c87e-0e18-4620-9633-d3a358e1ed2c,http://creativecommons.org/licenses/by/4.0/legalcode,"Urajärvi, Rutalahti",Keywords: { H6094493 },,"MT-kuusikko (Picea abies, Betula)"
gbif,4023920940,1974-08-12,1974,8,12,68.18,28.3,,PRESERVED_SPECIMEN,Aphyllophorales Fennoscandiae orientalis,0786c87e-0e18-4620-9633-d3a358e1ed2c,http://creativecommons.org/licenses/by/4.0/legalcode,"Saariselkä, Hammaskuru",Keywords: { H6094453 },,"HMT, lähellä suon reunaa"
gbif,3713205049,1974-09-16,1974,9,16,63.186214,27.761267,1000.0,PRESERVED_SPECIMEN,KUO Fungal collections,e175d14f-c9e8-4a35-8e4a-372b72bbf797,http://creativecommons.org/licenses/by/4.0/legalcode,NW of Pahkalampi lake.,Keywords: { http://tun.fi/GX.495 | lutikkadatabase:635 | herbariumnumber:0 | 0 } | KUO 10767,,"On a rock with Pinus sylvestris forest, among mosses."
gbif,4023908960,1974-09-15,1974,9,15,60.26,25.62,,PRESERVED_SPECIMEN,Aphyllophorales Fennoscandiae orientalis,0786c87e-0e18-4620-9633-d3a358e1ed2c,http://creativecommons.org/licenses/by/4.0/legalcode,Emäsalo,Keywords: { H6094366 },,
gbif,4023920383,1974-09-07,1974,9,7,61.17,25.55,,PRESERVED_SPECIMEN,Aphyllophorales Fennoscandiae orientalis,0786c87e-0e18-4620-9633-d3a358e1ed2c,http://creativecommons.org/licenses/by/4.0/legalcode,Vääksy,Keywords: { H6094486 },,
gbif,4023950824,1974-09-29,1974,9,29,60.6,25.22,,PRESERVED_SPECIMEN,Aphyllophorales Fennoscandiae orientalis,0786c87e-0e18-4620-9633-d3a358e1ed2c,http://creativecommons.org/licenses/by/4.0/legalcode,"Hirvihaara | Niilo Suholasta 0,5 km E",Keywords: { http://tun.fi/GX.3653 },,Sammaleinen tuore metsä
gbif,3713204828,1974-10-08,1974,10,8,62.801215,27.594496,1000.0,PRESERVED_SPECIMEN,KUO Fungal collections,e175d14f-c9e8-4a35-8e4a-372b72bbf797,http://creativecommons.org/licenses/by/4.0/legalcode,"Hiltulanlahti, SE slope of Korsumäki hill, close to the old lime stone quarries.",Keywords: { http://tun.fi/GX.495 | lutikkadatabase:641 | herbariumnumber:0 | 0 } | KUO 10244,,Grass herb forest with Picea abies as dominant tree.
gbif,3713204829,1974-10-10,1974,10,10,63.251036,27.066266,1000.0,PRESERVED_SPECIMEN,KUO Fungal collections,e175d14f-c9e8-4a35-8e4a-372b72bbf797,http://creativecommons.org/licenses/by/4.0/legalcode,"Tuovilanlahti, Korkeakoski conservation area.",Keywords: { http://tun.fi/GX.495 | lutikkadatabase:640 | herbariumnumber:0 | 0 } | KUO 10706,,Mixed forest with Picea abies as dominant tree.
gbif,3713204832,1974-10-08,1974,10,8,62.810268,27.575071,1000.0,PRESERVED_SPECIMEN,KUO Fungal collections,e175d14f-c9e8-4a35-8e4a-372b72bbf797,http://creativecommons.org/licenses/by/4.0/legalcode,"Hiltulanlahti, S slope of Korsumäki hill.",Keywords: { http://tun.fi/GX.495 | herbariumnumber:0 | lutikkadatabase:639 | 0 } | KUO 10245,,Picea abies forest.
gbif,3713205020,1974-10-06,1974,10,6,62.998091,27.826245,100000.0,PRESERVED_SPECIMEN,KUO Fungal collections,e175d14f-c9e8-4a35-8e4a-372b72bbf797,http://creativecommons.org/licenses/by/4.0/legalcode,"Riistavesi, ca. 1 km from the Vehmersalmi crossroads towards Joensuu, embankment",Keywords: { http://tun.fi/GX.495 | lutikkadatabase:633 | herbariumnumber:0 | 0 } | KUO 11131,,
gbif,4023920358,1974-10-03,1974,10,3,61.272014,25.048609,1000.0,PRESERVED_SPECIMEN,Aphyllophorales Fennoscandiae orientalis,0786c87e-0e18-4620-9633-d3a358e1ed2c,http://creativecommons.org/licenses/by/4.0/legalcode,,Keywords: { H6094494 },,MT-kuusikko
gbif,4023920412,1974-10-05,1974,10,5,61.338419,24.222141,1000.0,PRESERVED_SPECIMEN,Aphyllophorales Fennoscandiae orientalis,0786c87e-0e18-4620-9633-d3a358e1ed2c,http://creativecommons.org/licenses/by/4.0/legalcode,Myttäälä | Noin 500 m koeasemalta E,Keywords: { H6094488 },,Rantalehdossa
gbif,3713204836,1973-08-23,1973,8,23,62.971121,27.716237,1000.0,PRESERVED_SPECIMEN,KUO Fungal collections,e175d14f-c9e8-4a35-8e4a-372b72bbf797,http://creativecommons.org/licenses/by/4.0/legalcode,"Toivala, by the memorial of Toivala battle.",Keywords: { http://tun.fi/GX.495 | herbariumnumber:0 | lutikkadatabase:643 | 0 } | KUO 9922,,Rich mixed forest with Picea abies as dominant tree.
gbif,4023920841,1973-08-08,1973,8,8,62.92,26.16,,PRESERVED_SPECIMEN,Aphyllophorales Fennoscandiae orientalis,0786c87e-0e18-4620-9633-d3a358e1ed2c,http://creativecommons.org/licenses/by/4.0/legalcode,Vesijärvi,Keywords: { H6094463 },,I blandskog
gbif,3713204961,1972-07-19,1972,7,19,62.267936,27.177464,100000.0,PRESERVED_SPECIMEN,KUO Fungal collections,e175d14f-c9e8-4a35-8e4a-372b72bbf797,http://creativecommons.org/licenses/by/4.0/legalcode,"Pieksämäki, Naarajokivarsi, Laakonlehto.",Keywords: { http://tun.fi/GX.495 | lutikkadatabase:628 | herbariumnumber:0 | 0 } | KUO 11366,,MT-metsässä.
gbif,773225595,1972-08-17,1972,8,17,63.14265,28.98326,,PRESERVED_SPECIMEN,Fungi collection of the University of Eastern Finland,cdbcc960-d9d9-43b8-bdaa-148fb034a635,http://creativecommons.org/licenses/by/4.0/legalcode,,KUO,,
gbif,3713204851,1972-08-17,1972,8,17,63.209096,29.202384,100000.0,PRESERVED_SPECIMEN,KUO Fungal collections,e175d14f-c9e8-4a35-8e4a-372b72bbf797,http://creativecommons.org/licenses/by/4.0/legalcode,"Petrovaara, Mäkönniemi.",Keywords: { http://tun.fi/GX.495 | lutikkadatabase:645 | herbariumnumber:0 | 0 } | KUO 11367,,Lehtomaisessa metsässä.
gbif,4023919900,1972-08-10,1972,8,10,60.91,27.15,,PRESERVED_SPECIMEN,Aphyllophorales Fennoscandiae orientalis,0786c87e-0e18-4620-9633-d3a358e1ed2c,http://creativecommons.org/licenses/by/4.0/legalcode,Husu | Mellan Rättilänjärvi och Koirankallio,Keywords: { H6094511 },,Granskog
gbif,4023919937,1972-08-10,1972,8,10,60.87,27.07,,PRESERVED_SPECIMEN,Aphyllophorales Fennoscandiae orientalis,0786c87e-0e18-4620-9633-d3a358e1ed2c,http://creativecommons.org/licenses/by/4.0/legalcode,"Sippola, Kuoppala | N om Ukkola",Keywords: { H6094507 },,Granskog
gbif,4023919955,1972-08-14,1972,8,14,60.79,27.02,,PRESERVED_SPECIMEN,Aphyllophorales Fennoscandiae orientalis,0786c87e-0e18-4620-9633-d3a358e1ed2c,http://creativecommons.org/licenses/by/4.0/legalcode,"Sippola, Sipunsaari, Hattuhonganmäet",Keywords: { H6094510 },,Frodig granskog
gbif,4023919963,1972-08-29,1972,8,29,60.62,26.95,,PRESERVED_SPECIMEN,Aphyllophorales Fennoscandiae orientalis,0786c87e-0e18-4620-9633-d3a358e1ed2c,http://creativecommons.org/licenses/by/4.0/legalcode,"Kymi, Juurikorpi | Vid Vähävuori",Keywords: { H6094508 },,Skogsvägskanter
gbif,1606963461,1972-09-25,1972,9,25,61.018801,28.374627,1000.0,HUMAN_OBSERVATION,Hatikka.fi observations,b84a3711-b4ca-4e4f-adac-80dfaea98d1c,http://creativecommons.org/licenses/by/4.0/legalcode,Karhusjärvi,,,
gbif,1606963475,1972-09-25,1972,9,25,61.04645,28.301778,1000.0,HUMAN_OBSERVATION,Hatikka.fi observations,b84a3711-b4ca-4e4f-adac-80dfaea98d1c,http://creativecommons.org/licenses/by/4.0/legalcode,Lasola,,,
gbif,4023908976,1972-10-15,1972,10,15,60.29,24.56,,PRESERVED_SPECIMEN,Aphyllophorales Fennoscandiae orientalis,0786c87e-0e18-4620-9633-d3a358e1ed2c,http://creativecommons.org/licenses/by/4.0/legalcode,"Nouks, Solvalla | Nordost om idrottsintitutet",Keywords: { H6094369 },,MT
gbif,4023920312,1972-10-01,1972,10,1,61.179436,25.537704,1000.0,PRESERVED_SPECIMEN,Aphyllophorales Fennoscandiae orientalis,0786c87e-0e18-4620-9633-d3a358e1ed2c,http://creativecommons.org/licenses/by/4.0/legalcode,Vääksyn kanava,Keywords: { H6094496 },,Puisto | Koivun juurella
gbif,773225674,1972,1972,,,63.41106,30.44389,,PRESERVED_SPECIMEN,Fungi collection of the University of Eastern Finland,cdbcc960-d9d9-43b8-bdaa-148fb034a635,http://creativecommons.org/licenses/by/4.0/legalcode,,,,uittokavan laita kuorijätteellä
gbif,4023920416,1971-08-30,1971,8,30,61.054,25.053,,PRESERVED_SPECIMEN,Aphyllophorales Fennoscandiae orientalis,0786c87e-0e18-4620-9633-d3a358e1ed2c,http://creativecommons.org/licenses/by/4.0/legalcode,Lammi | Biologisen aseman lehto,Keywords: { H6094489 },,Lehto
gbif,4023920314,1971-09-18,1971,9,18,61.004985,25.212942,1000.0,PRESERVED_SPECIMEN,Aphyllophorales Fennoscandiae orientalis,0786c87e-0e18-4620-9633-d3a358e1ed2c,http://creativecommons.org/licenses/by/4.0/legalcode,"Koski, Huljala",Keywords: { H6094497 },,MT-kuusikko
gbif,4023908957,1971-10-16,1971,10,16,60.26,25.39,,PRESERVED_SPECIMEN,Aphyllophorales Fennoscandiae orientalis,0786c87e-0e18-4620-9633-d3a358e1ed2c,http://creativecommons.org/licenses/by/4.0/legalcode,Träskby | 200 m E om Ollas,Keywords: { H6094365 },,Hällmarkstallskog
gbif,3713204989,1970-08-16,1970,8,16,62.998091,27.826245,100000.0,PRESERVED_SPECIMEN,KUO Fungal collections,e175d14f-c9e8-4a35-8e4a-372b72bbf797,http://creativecommons.org/licenses/by/4.0/legalcode,Iivarinsalo.,Keywords: { http://tun.fi/GX.495 | herbariumnumber:0 | lutikkadatabase:630 | 0 } | KUO 13695,,Kuusta (taimisto) kasvava entinen koivikkolehto.
gbif,4023920016,1970-08-27,1970,8,27,61.190633,25.760337,1000.0,PRESERVED_SPECIMEN,Aphyllophorales Fennoscandiae orientalis,0786c87e-0e18-4620-9633-d3a358e1ed2c,http://creativecommons.org/licenses/by/4.0/legalcode,Vuorenmylly,Keywords: { H6094498 },,MT-koivikko
gbif,4023920360,1970-08-25,1970,8,25,61.238848,26.205398,1000.0,PRESERVED_SPECIMEN,Aphyllophorales Fennoscandiae orientalis,0786c87e-0e18-4620-9633-d3a358e1ed2c,http://creativecommons.org/licenses/by/4.0/legalcode,"Hujansalo, Huiperinvuori",Keywords: { H6094495 },,Koivikko
gbif,4023920826,1970-08-12,1970,8,12,62.83,25.81,,PRESERVED_SPECIMEN,Aphyllophorales Fennoscandiae orientalis,0786c87e-0e18-4620-9633-d3a358e1ed2c,http://creativecommons.org/licenses/by/4.0/legalcode,Konginkangas | Masomäki-Räihä,Keywords: { H6094462 },,"Pine forest, ditch margin"
gbif,4023920340,1970-09-26,1970,9,26,61.104028,26.171697,1000.0,PRESERVED_SPECIMEN,Aphyllophorales Fennoscandiae orientalis,0786c87e-0e18-4620-9633-d3a358e1ed2c,http://creativecommons.org/licenses/by/4.0/legalcode,"Vuolenkoski, Iiskola",Keywords: { H6094491 },,MT-kuusikko
gbif,4023920803,1970-09-19,1970,9,19,61.300578,28.834833,1000.0,PRESERVED_SPECIMEN,Aphyllophorales Fennoscandiae orientalis,0786c87e-0e18-4620-9633-d3a358e1ed2c,http://creativecommons.org/licenses/by/4.0/legalcode,Rasila,Keywords: { H6094469 },,MT-kuusikko
gbif,4023919950,1970-10-03,1970,10,3,60.7226,27.2676,,PRESERVED_SPECIMEN,Aphyllophorales Fennoscandiae orientalis,0786c87e-0e18-4620-9633-d3a358e1ed2c,http://creativecommons.org/licenses/by/4.0/legalcode,Kitula | S-SW om Karjusaarenlahti (Piutulanjärvi),Keywords: { H6094509 },,Granskog
gbif,4023920402,1970-10-04,1970,10,4,61.138793,26.003711,1000.0,PRESERVED_SPECIMEN,Aphyllophorales Fennoscandiae orientalis,0786c87e-0e18-4620-9633-d3a358e1ed2c,http://creativecommons.org/licenses/by/4.0/legalcode,"Myllykylä, Tasala",Keywords: { H6094490 },,MT-kuusikko
gbif,4023908036,1969-09-02,1969,9,2,60.2,23.59,,PRESERVED_SPECIMEN,Aphyllophorales Fennoscandiae orientalis,0786c87e-0e18-4620-9633-d3a358e1ed2c,http://creativecommons.org/licenses/by/4.0/legalcode,Kisko: Leilä | Near Rannanpelto,Keywords: { H6094408 },,Grass-herb forest
gbif,4023919988,1969-10-18,1969,10,18,60.73,27.34,,PRESERVED_SPECIMEN,Aphyllophorales Fennoscandiae orientalis,0786c87e-0e18-4620-9633-d3a358e1ed2c,http://creativecommons.org/licenses/by/4.0/legalcode,"Pyhältö, Ämmänmäki",Keywords: { H6094504 },,
gbif,4023918305,1968-09-08,1968,9,8,60.21,23.87,,PRESERVED_SPECIMEN,Aphyllophorales Fennoscandiae orientalis,0786c87e-0e18-4620-9633-d3a358e1ed2c,http://creativecommons.org/licenses/by/4.0/legalcode,"Jalassaari, Tamminiemi",Keywords: { H6076923 },,"Hyvin rehevä lehto, Quercus robur-Tilia cordata-Corylus avellana"
gbif,4023920888,1968-09-14,1968,9,14,63.2117,26.469,,PRESERVED_SPECIMEN,Aphyllophorales Fennoscandiae orientalis,0786c87e-0e18-4620-9633-d3a358e1ed2c,http://creativecommons.org/licenses/by/4.0/legalcode,"Säviä | Pars W, prope domum nom. Kallioselkä",Keywords: { H6094460 },,
gbif,773225588,1968-10-05,1968,10,5,62.52704,29.81654,,PRESERVED_SPECIMEN,Fungi collection of the University of Eastern Finland,cdbcc960-d9d9-43b8-bdaa-148fb034a635,http://creativecommons.org/licenses/by/4.0/legalcode,,OULU,,
gbif,773225586,1967-08-29,1967,8,29,62.48188,30.60802,,PRESERVED_SPECIMEN,Fungi collection of the University of Eastern Finland,cdbcc960-d9d9-43b8-bdaa-148fb034a635,http://creativecommons.org/licenses/by/4.0/legalcode,,OULU,,
gbif,773225646,1967-08-19,1967,8,19,63.09313,29.79196,,PRESERVED_SPECIMEN,Fungi collection of the University of Eastern Finland,cdbcc960-d9d9-43b8-bdaa-148fb034a635,http://creativecommons.org/licenses/by/4.0/legalcode,,HEL,,
gbif,4023920824,1967-08-19,1967,8,19,63.1,29.8,,PRESERVED_SPECIMEN,Aphyllophorales Fennoscandiae orientalis,0786c87e-0e18-4620-9633-d3a358e1ed2c,http://creativecommons.org/licenses/by/4.0/legalcode,"Pielisjärvi, Koli",Keywords: { H6094461 },,
gbif,5054757851,1967-08-22,1967,8,22,63.2325,26.75556,33912.0,PRESERVED_SPECIMEN,,c1a13bf0-0c71-11dd-84d4-b8a03c50a862,http://creativecommons.org/publicdomain/zero/1.0/legalcode,W-Säviä. Kallioselkä,,,In silva
gbif,3713204964,1967-09-16,1967,9,16,62.998091,27.826245,100000.0,PRESERVED_SPECIMEN,KUO Fungal collections,e175d14f-c9e8-4a35-8e4a-372b72bbf797,http://creativecommons.org/licenses/by/4.0/legalcode,"Puijo, W-rinne.",Keywords: { http://tun.fi/GX.495 | herbariumnumber:0 | lutikkadatabase:627 | 0 } | KUO 17342,,Tiheä kuusivaltainen sekametsä.
gbif,3713205019,1967-09-16,1967,9,16,62.998091,27.826245,100000.0,PRESERVED_SPECIMEN,KUO Fungal collections,e175d14f-c9e8-4a35-8e4a-372b72bbf797,http://creativecommons.org/licenses/by/4.0/legalcode,Iivarinsalo. (62º49´N - 27º51´E).,Keywords: { http://tun.fi/GX.495 | herbariumnumber:0 | lutikkadatabase:634 | 0 } | KUO 10335,,Isoa koivua ja pientä leppää kasvava harvapuinen lehto mäntykankaan rajalla.
gbif,3713362184,1967-09-05,1967,9,5,65.220102,25.852802,1000.0,HUMAN_OBSERVATION,"Fungal collection of the Botanical Museum, University of Oulu (OULU)",23acc755-a8a6-4cf8-bed0-83d30863acea,http://creativecommons.org/licenses/by/4.0/legalcode,Rönkölänkangas | tienvieri,Keywords: { http://tun.fi/GX.10095 },,Kangas
gbif,4023908450,1967-09-15,1967,9,15,60.17,24.63,,PRESERVED_SPECIMEN,Aphyllophorales Fennoscandiae orientalis,0786c87e-0e18-4620-9633-d3a358e1ed2c,http://creativecommons.org/licenses/by/4.0/legalcode,Tillinmäki,Keywords: { H6094396 },,
gbif,4023920524,1967-09-25,1967,9,25,61.04,24.35,,PRESERVED_SPECIMEN,Aphyllophorales Fennoscandiae orientalis,0786c87e-0e18-4620-9633-d3a358e1ed2c,http://creativecommons.org/licenses/by/4.0/legalcode,"Parola, Alppilanmäki",Keywords: { H6094474 },,MT
gbif,4023943072,1967-09-16,1967,9,16,59.93,23.42,,PRESERVED_SPECIMEN,Aphyllophorales Fennoscandiae orientalis,0786c87e-0e18-4620-9633-d3a358e1ed2c,http://creativecommons.org/licenses/by/4.0/legalcode,"Tammisaari, Gullö",Keywords: { http://tun.fi/GX.3653 | H6068449 },,Tammimetsä
gbif,773225589,1967-10-29,1967,10,29,62.34245,30.78449,,PRESERVED_SPECIMEN,Fungi collection of the University of Eastern Finland,cdbcc960-d9d9-43b8-bdaa-148fb034a635,http://creativecommons.org/licenses/by/4.0/legalcode,,OULU,,
gbif,4023943703,1967-10-31,1967,10,31,60.03,23.07,,PRESERVED_SPECIMEN,Aphyllophorales Fennoscandiae orientalis,0786c87e-0e18-4620-9633-d3a358e1ed2c,http://creativecommons.org/licenses/by/4.0/legalcode,"Bromarv, Sloböle",Keywords: { http://tun.fi/GX.3653 },,Metsäpolku
gbif,3713362207,1967,1967,,,65.135471,25.757373,100.0,HUMAN_OBSERVATION,"Fungal collection of the Botanical Museum, University of Oulu (OULU)",23acc755-a8a6-4cf8-bed0-83d30863acea,http://creativecommons.org/licenses/by/4.0/legalcode,kirkon luona,Keywords: { http://tun.fi/GX.10095 },,
gbif,773225623,1966-07-02,1966,7,2,62.14916,30.26116,,PRESERVED_SPECIMEN,Fungi collection of the University of Eastern Finland,cdbcc960-d9d9-43b8-bdaa-148fb034a635,http://creativecommons.org/licenses/by/4.0/legalcode,,TUR,,
gbif,4023943856,1966-08-27,1966,8,27,60.5,27.69,,PRESERVED_SPECIMEN,Aphyllophorales Fennoscandiae orientalis,0786c87e-0e18-4620-9633-d3a358e1ed2c,http://creativecommons.org/licenses/by/4.0/legalcode,,Keywords: { http://tun.fi/GX.3653 | H6068444 },,
gbif,4023943062,1966-09-25,1966,9,25,64.68,28.07,,PRESERVED_SPECIMEN,Aphyllophorales Fennoscandiae orientalis,0786c87e-0e18-4620-9633-d3a358e1ed2c,http://creativecommons.org/licenses/by/4.0/legalcode,Paljakka | Paljakan luonnonpuiston E-puolella,Keywords: { http://tun.fi/GX.3653 | H6068448 },,
gbif,4023920529,1966-10-16,1966,10,16,61.74,25.265,,PRESERVED_SPECIMEN,Aphyllophorales Fennoscandiae orientalis,0786c87e-0e18-4620-9633-d3a358e1ed2c,http://creativecommons.org/licenses/by/4.0/legalcode,Arvaja | Koulun läheinen metsä,Keywords: { H6094475 },,Metsä
gbif,4023920873,1965-08-10,1965,8,10,66.36,29.6,,PRESERVED_SPECIMEN,Aphyllophorales Fennoscandiae orientalis,0786c87e-0e18-4620-9633-d3a358e1ed2c,http://creativecommons.org/licenses/by/4.0/legalcode,Liikanen | Korvasvaaran S-rinne,Keywords: { H6094456 },,"""EVT"""
gbif,57665744,1965-09-06,1965,9,6,60.5478,22.1647,7071.0,PRESERVED_SPECIMEN,,8431711e-f762-11e1-a439-00145eb45e9a,http://creativecommons.org/licenses/by/4.0/legalcode,Karevankangas,,,
gbif,773225587,1965-09-06,1965,9,6,62.83571,30.08172,,PRESERVED_SPECIMEN,Fungi collection of the University of Eastern Finland,cdbcc960-d9d9-43b8-bdaa-148fb034a635,http://creativecommons.org/licenses/by/4.0/legalcode,,OULU,,
gbif,4023908018,1965-09-03,1965,9,3,60.215,23.87,,PRESERVED_SPECIMEN,Aphyllophorales Fennoscandiae orientalis,0786c87e-0e18-4620-9633-d3a358e1ed2c,http://creativecommons.org/licenses/by/4.0/legalcode,"Jalassaari, Tamminiemi",Keywords: { H6094411 },,Tilai cordata-Populus tremula-Picea abies-Pinus sylvestris-Quercus robur -lehto
gbif,4023908040,1965-09-07,1965,9,7,60.22,23.92,,PRESERVED_SPECIMEN,Aphyllophorales Fennoscandiae orientalis,0786c87e-0e18-4620-9633-d3a358e1ed2c,http://creativecommons.org/licenses/by/4.0/legalcode,Huhtasaari,Keywords: { H6094407 },,MT-Picea abies-Betula -metsä
gbif,4023920768,1965-09-18,1965,9,18,61.12,28.01,,PRESERVED_SPECIMEN,Aphyllophorales Fennoscandiae orientalis,0786c87e-0e18-4620-9633-d3a358e1ed2c,http://creativecommons.org/licenses/by/4.0/legalcode,Karhunpää,Keywords: { H6094472 },,Lehtomainen koivikko
gbif,4023920844,1965-09-08,1965,9,8,62.38,23.89,,PRESERVED_SPECIMEN,Aphyllophorales Fennoscandiae orientalis,0786c87e-0e18-4620-9633-d3a358e1ed2c,http://creativecommons.org/licenses/by/4.0/legalcode,"Killinkoski | Kylästä SE, Pappilan ja Kylkiäisen välillä",Keywords: { H6094464 },,Polun varressa
gbif,4023909021,1965-10-24,1965,10,24,60.36,24.39,,PRESERVED_SPECIMEN,Aphyllophorales Fennoscandiae orientalis,0786c87e-0e18-4620-9633-d3a358e1ed2c,http://creativecommons.org/licenses/by/4.0/legalcode,Ojakkala,Keywords: { H6094362 },,Kangasmetsä
gbif,57665746,1963-10-27,1963,10,27,60.3754,22.372,7071.0,PRESERVED_SPECIMEN,,8431711e-f762-11e1-a439-00145eb45e9a,http://creativecommons.org/licenses/by/4.0/legalcode,Katariinanlaakso,,,
gbif,4023943246,1963-11-10,1963,11,10,60.34,25.05,,PRESERVED_SPECIMEN,Aphyllophorales Fennoscandiae orientalis,0786c87e-0e18-4620-9633-d3a358e1ed2c,http://creativecommons.org/licenses/by/4.0/legalcode,Korso,Keywords: { http://tun.fi/GX.3653 | H6068426 },,Kostea sekametsä
gbif,4023912313,1962-07-26,1962,7,26,60.364503,24.994367,1000.0,PRESERVED_SPECIMEN,Aphyllophorales Fennoscandiae orientalis,0786c87e-0e18-4620-9633-d3a358e1ed2c,http://creativecommons.org/licenses/by/4.0/legalcode,Ruotsinkylä,Keywords: { http://tun.fi/GX.3653 },,"MT, kuiva koivikko"
gbif,4023912356,1962-08-20,1962,8,20,60.352512,25.094762,10000.0,PRESERVED_SPECIMEN,Aphyllophorales Fennoscandiae orientalis,0786c87e-0e18-4620-9633-d3a358e1ed2c,http://creativecommons.org/licenses/by/4.0/legalcode,Korso,Keywords: { http://tun.fi/GX.3653 },,Kuivahko sekametsä
gbif,4023908476,1961-07-23,1961,7,23,59.97,23.44,,PRESERVED_SPECIMEN,Aphyllophorales Fennoscandiae orientalis,0786c87e-0e18-4620-9633-d3a358e1ed2c,http://creativecommons.org/licenses/by/4.0/legalcode,Tammisaari,Keywords: { H6094390 },,
gbif,4023919991,1961-08-13,1961,8,13,60.73,27.34,,PRESERVED_SPECIMEN,Aphyllophorales Fennoscandiae orientalis,0786c87e-0e18-4620-9633-d3a358e1ed2c,http://creativecommons.org/licenses/by/4.0/legalcode,"Pyhältö, Ämmänmäki",Keywords: { H6094505 },,På marken i barrskog
gbif,4023908039,1960-07-28,1960,7,28,60.02,22.76,,PRESERVED_SPECIMEN,Aphyllophorales Fennoscandiae orientalis,0786c87e-0e18-4620-9633-d3a358e1ed2c,http://creativecommons.org/licenses/by/4.0/legalcode,"Västanfjärd: Södersundvik, Sjökulla",Keywords: { H6094406 },,Ljungmark i tallskog
gbif,4023908024,1960-08-15,1960,8,15,60.02,22.76,,PRESERVED_SPECIMEN,Aphyllophorales Fennoscandiae orientalis,0786c87e-0e18-4620-9633-d3a358e1ed2c,http://creativecommons.org/licenses/by/4.0/legalcode,"Västanfjärd, Södersundvik, Grundsund",Keywords: { H6094405 },,"Berrgområde, barrskog, ljungmark"
gbif,3713362257,1960,1960,,,67.303122,27.773707,1000.0,HUMAN_OBSERVATION,"Fungal collection of the Botanical Museum, University of Oulu (OULU)",23acc755-a8a6-4cf8-bed0-83d30863acea,http://creativecommons.org/licenses/by/4.0/legalcode,Nivatunturi,Keywords: { http://tun.fi/GX.10095 },,"Tunturin S-alarinne, männikkö"
gbif,4023919971,1958-09-28,1958,9,28,61.1,21.84,,PRESERVED_SPECIMEN,Aphyllophorales Fennoscandiae orientalis,0786c87e-0e18-4620-9633-d3a358e1ed2c,http://creativecommons.org/licenses/by/4.0/legalcode,"Lappi, Rohdainen",Keywords: { H6094501 },,Havumetsä
gbif,4023919976,1957-10-02,1957,10,2,61.107,21.886,,PRESERVED_SPECIMEN,Aphyllophorales Fennoscandiae orientalis,0786c87e-0e18-4620-9633-d3a358e1ed2c,http://creativecommons.org/licenses/by/4.0/legalcode,"Lappi. Lapinkylä, Hosistonmäki",Keywords: { H6094502 },,Kuusimetsä
gbif,4023919895,1956-09-02,1956,9,2,61.2077,26.0672,,PRESERVED_SPECIMEN,Aphyllophorales Fennoscandiae orientalis,0786c87e-0e18-4620-9633-d3a358e1ed2c,http://creativecommons.org/licenses/by/4.0/legalcode,Reumasairaalan lähellä,Keywords: { H6094512 },,"MT metsä, kaksi eri kasvupaikkaa"
gbif,4023908479,1954-09-07,1954,9,7,60.26,24.9,,PRESERVED_SPECIMEN,Aphyllophorales Fennoscandiae orientalis,0786c87e-0e18-4620-9633-d3a358e1ed2c,http://creativecommons.org/licenses/by/4.0/legalcode,Haltiavuori,Keywords: { H6094391 },,"Kalliometsä, katajan juurella"
gbif,4023909931,1953-07-27,1953,7,27,60.387,25.688,,PRESERVED_SPECIMEN,Aphyllophorales Fennoscandiae orientalis,0786c87e-0e18-4620-9633-d3a358e1ed2c,http://creativecommons.org/licenses/by/4.0/legalcode,Joonaanmäki,Keywords: { http://tun.fi/GX.3653 | H6070033 },,
gbif,4023909011,1953-09-09,1953,9,9,60.164,25.029,,PRESERVED_SPECIMEN,Aphyllophorales Fennoscandiae orientalis,0786c87e-0e18-4620-9633-d3a358e1ed2c,http://creativecommons.org/licenses/by/4.0/legalcode,"Degerö, Stansvik",Keywords: { H6094364 },,Kallioilla
gbif,4023920816,1952-08-01,1952,8,1,61.16,28.58,,PRESERVED_SPECIMEN,Aphyllophorales Fennoscandiae orientalis,0786c87e-0e18-4620-9633-d3a358e1ed2c,http://creativecommons.org/licenses/by/4.0/legalcode,"Joutseno, Jänhiälä",Keywords: { H6094468 },,"Skogsstig, dikeskant"
gbif,4023943073,1952-08-05,1952,8,5,60.34,25.05,,PRESERVED_SPECIMEN,Aphyllophorales Fennoscandiae orientalis,0786c87e-0e18-4620-9633-d3a358e1ed2c,http://creativecommons.org/licenses/by/4.0/legalcode,Korso | Lähellä Majaniemen mäkeä,Keywords: { http://tun.fi/GX.3653 },,Laidunnettu sekametsä
gbif,4023920864,1951-08-07,1951,8,7,63.83,22.9,,PRESERVED_SPECIMEN,Aphyllophorales Fennoscandiae orientalis,0786c87e-0e18-4620-9633-d3a358e1ed2c,http://creativecommons.org/licenses/by/4.0/legalcode,Knifssund-Bodövägen,Keywords: { H6094457 },,"Tallskog, vägkant"
gbif,4023912327,1949-08-06,1949,8,6,60.364503,24.994367,1000.0,PRESERVED_SPECIMEN,Aphyllophorales Fennoscandiae orientalis,0786c87e-0e18-4620-9633-d3a358e1ed2c,http://creativecommons.org/licenses/by/4.0/legalcode,Ruotsinkylä,Keywords: { http://tun.fi/GX.3653 },,"OMT, kuusimetsä"
gbif,4023919995,1949-08-06,1949,8,6,60.871,21.761,,PRESERVED_SPECIMEN,Aphyllophorales Fennoscandiae orientalis,0786c87e-0e18-4620-9633-d3a358e1ed2c,http://creativecommons.org/licenses/by/4.0/legalcode,Leimäki | Laurilan takainen havumetsä,Keywords: { H6094503 },,Havumetsä
gbif,4023909001,1949-09-02,1949,9,2,60.21,24.72,,PRESERVED_SPECIMEN,Aphyllophorales Fennoscandiae orientalis,0786c87e-0e18-4620-9633-d3a358e1ed2c,http://creativecommons.org/licenses/by/4.0/legalcode,Grankulla,Keywords: { H6094359 },,
gbif,4023911943,1948-08-20,1948,8,20,60.219313,24.894966,1000.0,PRESERVED_SPECIMEN,Aphyllophorales Fennoscandiae orientalis,0786c87e-0e18-4620-9633-d3a358e1ed2c,http://creativecommons.org/licenses/by/4.0/legalcode,Huopalahti,Keywords: { http://tun.fi/GX.3653 },,
gbif,4023911945,1948-09-20,1948,9,20,60.260102,24.91945,10000.0,PRESERVED_SPECIMEN,Aphyllophorales Fennoscandiae orientalis,0786c87e-0e18-4620-9633-d3a358e1ed2c,http://creativecommons.org/licenses/by/4.0/legalcode,Pakila,Keywords: { http://tun.fi/GX.3653 },,Kallioinen männikkö
gbif,4023920459,1948-09-19,1948,9,19,61.96,25.1,,PRESERVED_SPECIMEN,Aphyllophorales Fennoscandiae orientalis,0786c87e-0e18-4620-9633-d3a358e1ed2c,http://creativecommons.org/licenses/by/4.0/legalcode,Moiskala,Keywords: { H6094484 },,
gbif,4023912323,1946-09-15,1946,9,15,60.260102,24.91945,10000.0,PRESERVED_SPECIMEN,Aphyllophorales Fennoscandiae orientalis,0786c87e-0e18-4620-9633-d3a358e1ed2c,http://creativecommons.org/licenses/by/4.0/legalcode,Skattmansby,Keywords: { http://tun.fi/GX.3653 },,"MT, sekametsä"
gbif,4023909005,1943-08-01,1943,8,1,60.34,24.97,,PRESERVED_SPECIMEN,Aphyllophorales Fennoscandiae orientalis,0786c87e-0e18-4620-9633-d3a358e1ed2c,http://creativecommons.org/licenses/by/4.0/legalcode,"Klemetskog, Huhtarinkangas",Keywords: { H6094363 },,
gbif,4023908520,1943-09-27,1943,9,27,60.21,24.72,,PRESERVED_SPECIMEN,Aphyllophorales Fennoscandiae orientalis,0786c87e-0e18-4620-9633-d3a358e1ed2c,http://creativecommons.org/licenses/by/4.0/legalcode,Grankulla,Keywords: { H6094385 },,
gbif,4023908514,1939-09-24,1939,9,24,60.32,25.07,,PRESERVED_SPECIMEN,Aphyllophorales Fennoscandiae orientalis,0786c87e-0e18-4620-9633-d3a358e1ed2c,http://creativecommons.org/licenses/by/4.0/legalcode,Räckhals,Keywords: { H6094392 },,
gbif,4023908934,1939-09-24,1939,9,24,60.32,25.07,,PRESERVED_SPECIMEN,Aphyllophorales Fennoscandiae orientalis,0786c87e-0e18-4620-9633-d3a358e1ed2c,http://creativecommons.org/licenses/by/4.0/legalcode,Räckhals,Keywords: { H6094370 },,
gbif,4023908987,1939-09-27,1939,9,27,60.36,24.95,,PRESERVED_SPECIMEN,Aphyllophorales Fennoscandiae orientalis,0786c87e-0e18-4620-9633-d3a358e1ed2c,http://creativecommons.org/licenses/by/4.0/legalcode,Ruotsinkylä | Litet mer än 1 m S om linjens W-ända,Keywords: { H6094367 },,Oxalis-Myrtillus
gbif,4023908529,1937-08-09,1937,8,9,60.32,25.66,,PRESERVED_SPECIMEN,Aphyllophorales Fennoscandiae orientalis,0786c87e-0e18-4620-9633-d3a358e1ed2c,http://creativecommons.org/licenses/by/4.0/legalcode,Borgå. Vessö,Keywords: { H6094384 },,Barrskog
gbif,4023908974,1937-08-05,1937,8,5,59.84,23.23,,PRESERVED_SPECIMEN,Aphyllophorales Fennoscandiae orientalis,0786c87e-0e18-4620-9633-d3a358e1ed2c,http://creativecommons.org/licenses/by/4.0/legalcode,Tvärminne,Keywords: { H6094368 },,
gbif,4023908918,1937-10-31,1937,10,31,60.32,25.66,,PRESERVED_SPECIMEN,Aphyllophorales Fennoscandiae orientalis,0786c87e-0e18-4620-9633-d3a358e1ed2c,http://creativecommons.org/licenses/by/4.0/legalcode,Borgå,Keywords: { H6094378 },,
gbif,4023908991,1937-10-17,1937,10,17,60.21,24.72,,PRESERVED_SPECIMEN,Aphyllophorales Fennoscandiae orientalis,0786c87e-0e18-4620-9633-d3a358e1ed2c,http://creativecommons.org/licenses/by/4.0/legalcode,Grankulla,Keywords: { H6094360 },,
gbif,4023908572,1936-07-30,1936,7,30,60.39,25.66,,PRESERVED_SPECIMEN,Aphyllophorales Fennoscandiae orientalis,0786c87e-0e18-4620-9633-d3a358e1ed2c,http://creativecommons.org/licenses/by/4.0/legalcode,Borgå,Keywords: { H6094381 },,
gbif,4023908534,1936-08-16,1936,8,16,60.2,24.93,,PRESERVED_SPECIMEN,Aphyllophorales Fennoscandiae orientalis,0786c87e-0e18-4620-9633-d3a358e1ed2c,http://creativecommons.org/licenses/by/4.0/legalcode,Pasila,Keywords: { H6094388 },,
gbif,4023908993,1936-09-05,1936,9,5,60.21,24.89,,PRESERVED_SPECIMEN,Aphyllophorales Fennoscandiae orientalis,0786c87e-0e18-4620-9633-d3a358e1ed2c,http://creativecommons.org/licenses/by/4.0/legalcode,Hoplax,Keywords: { H6094361 },,Skog
gbif,4023908407,1935-09-18,1935,9,18,60.42,22.27,,PRESERVED_SPECIMEN,Aphyllophorales Fennoscandiae orientalis,0786c87e-0e18-4620-9633-d3a358e1ed2c,http://creativecommons.org/licenses/by/4.0/legalcode,Ispoinen,Keywords: { H6094400 },,In silva mixta declivi
gbif,4023920019,1934-08-28,1934,8,28,61.79,22.15,,PRESERVED_SPECIMEN,Aphyllophorales Fennoscandiae orientalis,0786c87e-0e18-4620-9633-d3a358e1ed2c,http://creativecommons.org/licenses/by/4.0/legalcode,"Venesjärvi, Sinahmi",Keywords: { H6094499 },,Sekametsässä
gbif,4023908574,1934-09-28,1934,9,28,60.39,25.66,,PRESERVED_SPECIMEN,Aphyllophorales Fennoscandiae orientalis,0786c87e-0e18-4620-9633-d3a358e1ed2c,http://creativecommons.org/licenses/by/4.0/legalcode,Borgå,Keywords: { H6094382 },,Barrskog
gbif,4023908908,1932-08-28,1932,8,28,60.32,25.66,,PRESERVED_SPECIMEN,Aphyllophorales Fennoscandiae orientalis,0786c87e-0e18-4620-9633-d3a358e1ed2c,http://creativecommons.org/licenses/by/4.0/legalcode,Borgå. Vessö,Keywords: { H6094375 },,
gbif,4023920457,1932-08-23,1932,8,23,61.4822,23.5765,,PRESERVED_SPECIMEN,Aphyllophorales Fennoscandiae orientalis,0786c87e-0e18-4620-9633-d3a358e1ed2c,http://creativecommons.org/licenses/by/4.0/legalcode,Pitkäniemi,Keywords: { H6094483 },,Koivikko-nurmikko
gbif,4023920470,1932-08-26,1932,8,26,61.4822,23.5765,,PRESERVED_SPECIMEN,Aphyllophorales Fennoscandiae orientalis,0786c87e-0e18-4620-9633-d3a358e1ed2c,http://creativecommons.org/licenses/by/4.0/legalcode,Pitkäniemi,Keywords: { H6094476 },,Sekametsä
gbif,4023908498,1932-10-06,1932,10,6,60.04463,24.551856,50000.0,PRESERVED_SPECIMEN,Aphyllophorales Fennoscandiae orientalis,0786c87e-0e18-4620-9633-d3a358e1ed2c,http://creativecommons.org/licenses/by/4.0/legalcode,(Ostettu Helsingin torilta),Keywords: { H6094393 },,
gbif,4023908545,1932-10-09,1932,10,9,60.39,25.66,,PRESERVED_SPECIMEN,Aphyllophorales Fennoscandiae orientalis,0786c87e-0e18-4620-9633-d3a358e1ed2c,http://creativecommons.org/licenses/by/4.0/legalcode,Borgå,Keywords: { H6094380 },,
gbif,4023908400,1931-08-19,1931,8,19,60.134,21.621,,PRESERVED_SPECIMEN,Aphyllophorales Fennoscandiae orientalis,0786c87e-0e18-4620-9633-d3a358e1ed2c,http://creativecommons.org/licenses/by/4.0/legalcode,"Korpo, Haters skog",Keywords: { H6094402 },,Barrskog
gbif,4023908898,1931-08-26,1931,8,26,60.32,25.66,,PRESERVED_SPECIMEN,Aphyllophorales Fennoscandiae orientalis,0786c87e-0e18-4620-9633-d3a358e1ed2c,http://creativecommons.org/licenses/by/4.0/legalcode,Borgå. Vessö,Keywords: { H6094376 },,
gbif,4023908902,1931-09-01,1931,9,,60.32,25.66,,PRESERVED_SPECIMEN,Aphyllophorales Fennoscandiae orientalis,0786c87e-0e18-4620-9633-d3a358e1ed2c,http://creativecommons.org/licenses/by/4.0/legalcode,Borgå. Vessö,Keywords: { H6094377 },,
gbif,4023908914,1931-10-04,1931,10,4,60.39,25.66,,PRESERVED_SPECIMEN,Aphyllophorales Fennoscandiae orientalis,0786c87e-0e18-4620-9633-d3a358e1ed2c,http://creativecommons.org/licenses/by/4.0/legalcode,Borgå,Keywords: { H6094379 },,
gbif,4023908560,1927-08-27,1927,8,27,60.25,25.89,,PRESERVED_SPECIMEN,Aphyllophorales Fennoscandiae orientalis,0786c87e-0e18-4620-9633-d3a358e1ed2c,http://creativecommons.org/licenses/by/4.0/legalcode,Borgå socken. Tirmo,Keywords: { H6094383 },,
gbif,4023908020,1905-08-20,1905,8,20,60.25,24.08,,PRESERVED_SPECIMEN,Aphyllophorales Fennoscandiae orientalis,0786c87e-0e18-4620-9633-d3a358e1ed2c,http://creativecommons.org/licenses/by/4.0/legalcode,,Keywords: { H6094412 },,Skog
gbif,3713205018,1900-08-01,1900,8,1,62.998091,27.826245,100000.0,PRESERVED_SPECIMEN,KUO Fungal collections,e175d14f-c9e8-4a35-8e4a-372b72bbf797,http://creativecommons.org/licenses/by/4.0/legalcode,,Keywords: { http://tun.fi/GX.495 | lutikkadatabase:632 | herbariumnumber:0 | 0 } | KUO 203,,
gbif,4023920788,1866-08-15,1866,8,15,61.86,28.89,,PRESERVED_SPECIMEN,Aphyllophorales Fennoscandiae orientalis,0786c87e-0e18-4620-9633-d3a358e1ed2c,http://creativecommons.org/licenses/by/4.0/legalcode,Nyslott,Keywords: { H6094467 },,
gbif,4023920894,1862-09,1862,9,,63.67,22.7,,PRESERVED_SPECIMEN,Aphyllophorales Fennoscandiae orientalis,0786c87e-0e18-4620-9633-d3a358e1ed2c,http://creativecommons.org/licenses/by/4.0/legalcode,Jakobstad,Keywords: { http://tun.fi/GX.1811 | H6094459 },,
gbif,4023908393,1860-06,1860,6,,60.48,21.87,,PRESERVED_SPECIMEN,Aphyllophorales Fennoscandiae orientalis,0786c87e-0e18-4620-9633-d3a358e1ed2c,http://creativecommons.org/licenses/by/4.0/legalcode,Merimasku,Keywords: { http://tun.fi/GX.1811 | H6094401 },,
gbif,4023920890,1859-07-28,1859,7,28,62.79,23.53,,PRESERVED_SPECIMEN,Aphyllophorales Fennoscandiae orientalis,0786c87e-0e18-4620-9633-d3a358e1ed2c,http://creativecommons.org/licenses/by/4.0/legalcode,,Keywords: { http://tun.fi/GX.1811 | H6094458 },,
gbif,4023919983,1859-08-15,1859,8,15,61.32,22.88,,PRESERVED_SPECIMEN,Aphyllophorales Fennoscandiae orientalis,0786c87e-0e18-4620-9633-d3a358e1ed2c,http://creativecommons.org/licenses/by/4.0/legalcode,Tyrvis,Keywords: { http://tun.fi/GX.1811 | H6094500 },,
gbif,4023920805,1859-08-14,1859,8,14,61.05,28.2,,PRESERVED_SPECIMEN,Aphyllophorales Fennoscandiae orientalis,0786c87e-0e18-4620-9633-d3a358e1ed2c,http://creativecommons.org/licenses/by/4.0/legalcode,Villmanstrand,Keywords: { H6094470 },,
gbif,4023908503,1843-07/18,1843,,,60.0913,25.0589,,PRESERVED_SPECIMEN,Aphyllophorales Fennoscandiae orientalis,0786c87e-0e18-4620-9633-d3a358e1ed2c,http://creativecommons.org/licenses/by/4.0/legalcode,Stora Mjölö,Keywords: { H6094394 },,
gbif,773225633,1679,1679,,,62.21899,30.34566,,PRESERVED_SPECIMEN,Fungi collection of the University of Eastern Finland,cdbcc960-d9d9-43b8-bdaa-148fb034a635,http://creativecommons.org/licenses/by/4.0/legalcode,,TUR,,
gbif,773225593,,,,,62.57262,29.78193,,PRESERVED_SPECIMEN,Fungi collection of the University of Eastern Finland,cdbcc960-d9d9-43b8-bdaa-148fb034a635,http://creativecommons.org/licenses/by/4.0/legalcode,,,,
gbif,773225594,,,,,62.67384,29.65473,,PRESERVED_SPECIMEN,Fungi collection of the University of Eastern Finland,cdbcc960-d9d9-43b8-bdaa-148fb034a635,http://creativecommons.org/licenses/by/4.0/legalcode,,,,
gbif,773225596,,,,,62.12419,30.54619,,PRESERVED_SPECIMEN,Fungi collection of the University of Eastern Finland,cdbcc960-d9d9-43b8-bdaa-148fb034a635,http://creativecommons.org/licenses/by/4.0/legalcode,,,,
gbif,773225598,,,,,62.19434,30.6121,,PRESERVED_SPECIMEN,Fungi collection of the University of Eastern Finland,cdbcc960-d9d9-43b8-bdaa-148fb034a635,http://creativecommons.org/licenses/by/4.0/legalcode,,,,
gbif,773225599,,,,,62.16797,30.58974,,PRESERVED_SPECIMEN,Fungi collection of the University of Eastern Finland,cdbcc960-d9d9-43b8-bdaa-148fb034a635,http://creativecommons.org/licenses/by/4.0/legalcode,,,,
gbif,773225600,,,,,62.25652,30.63881,,PRESERVED_SPECIMEN,Fungi collection of the University of Eastern Finland,cdbcc960-d9d9-43b8-bdaa-148fb034a635,http://creativecommons.org/licenses/by/4.0/legalcode,,,,
gbif,773225601,,,,,62.23657,30.71343,,PRESERVED_SPECIMEN,Fungi collection of the University of Eastern Finland,cdbcc960-d9d9-43b8-bdaa-148fb034a635,http://creativecommons.org/licenses/by/4.0/legalcode,,,,
gbif,773225602,,,,,62.52066,30.49609,,PRESERVED_SPECIMEN,Fungi collection of the University of Eastern Finland,cdbcc960-d9d9-43b8-bdaa-148fb034a635,http://creativecommons.org/licenses/by/4.0/legalcode,,,,
gbif,773225603,,,,,62.52983,30.10836,,PRESERVED_SPECIMEN,Fungi collection of the University of Eastern Finland,cdbcc960-d9d9-43b8-bdaa-148fb034a635,http://creativecommons.org/licenses/by/4.0/legalcode,,,,
gbif,773225604,,,,,62.61941,30.11773,,PRESERVED_SPECIMEN,Fungi collection of the University of Eastern Finland,cdbcc960-d9d9-43b8-bdaa-148fb034a635,http://creativecommons.org/licenses/by/4.0/legalcode,,,,
gbif,773225605,,,,,62.81387,29.35343,,PRESERVED_SPECIMEN,Fungi collection of the University of Eastern Finland,cdbcc960-d9d9-43b8-bdaa-148fb034a635,http://creativecommons.org/licenses/by/4.0/legalcode,,,,
gbif,773225606,,,,,62.63378,29.86568,,PRESERVED_SPECIMEN,Fungi collection of the University of Eastern Finland,cdbcc960-d9d9-43b8-bdaa-148fb034a635,http://creativecommons.org/licenses/by/4.0/legalcode,,,,
gbif,773225607,,,,,62.62238,29.98156,,PRESERVED_SPECIMEN,Fungi collection of the University of Eastern Finland,cdbcc960-d9d9-43b8-bdaa-148fb034a635,http://creativecommons.org/licenses/by/4.0/legalcode,,,,
gbif,773225608,,,,,62.61383,29.96121,,PRESERVED_SPECIMEN,Fungi collection of the University of Eastern Finland,cdbcc960-d9d9-43b8-bdaa-148fb034a635,http://creativecommons.org/licenses/by/4.0/legalcode,,,,
gbif,773225609,,,,,62.58119,29.8022,,PRESERVED_SPECIMEN,Fungi collection of the University of Eastern Finland,cdbcc960-d9d9-43b8-bdaa-148fb034a635,http://creativecommons.org/licenses/by/4.0/legalcode,,,,
gbif,773225610,,,,,62.26106,30.08061,,PRESERVED_SPECIMEN,Fungi collection of the University of Eastern Finland,cdbcc960-d9d9-43b8-bdaa-148fb034a635,http://creativecommons.org/licenses/by/4.0/legalcode,,,,
gbif,773225611,,,,,62.3623,29.5112,,PRESERVED_SPECIMEN,Fungi collection of the University of Eastern Finland,cdbcc960-d9d9-43b8-bdaa-148fb034a635,http://creativecommons.org/licenses/by/4.0/legalcode,,,,
gbif,773225612,,,,,62.58486,30.05569,,PRESERVED_SPECIMEN,Fungi collection of the University of Eastern Finland,cdbcc960-d9d9-43b8-bdaa-148fb034a635,http://creativecommons.org/licenses/by/4.0/legalcode,,,,
gbif,773225613,,,,,62.64947,29.51597,,PRESERVED_SPECIMEN,Fungi collection of the University of Eastern Finland,cdbcc960-d9d9-43b8-bdaa-148fb034a635,http://creativecommons.org/licenses/by/4.0/legalcode,,,,
gbif,773225614,,,,,62.42253,29.65179,,PRESERVED_SPECIMEN,Fungi collection of the University of Eastern Finland,cdbcc960-d9d9-43b8-bdaa-148fb034a635,http://creativecommons.org/licenses/by/4.0/legalcode,,,,
gbif,773225615,,,,,62.64086,29.49573,,PRESERVED_SPECIMEN,Fungi collection of the University of Eastern Finland,cdbcc960-d9d9-43b8-bdaa-148fb034a635,http://creativecommons.org/licenses/by/4.0/legalcode,,,,
gbif,773225616,,,,,62.62328,29.47476,,PRESERVED_SPECIMEN,Fungi collection of the University of Eastern Finland,cdbcc960-d9d9-43b8-bdaa-148fb034a635,http://creativecommons.org/licenses/by/4.0/legalcode,,,,
gbif,773225617,,,,,62.62362,29.4553,,PRESERVED_SPECIMEN,Fungi collection of the University of Eastern Finland,cdbcc960-d9d9-43b8-bdaa-148fb034a635,http://creativecommons.org/licenses/by/4.0/legalcode,,,,
gbif,773225618,,,,,62.63258,29.45604,,PRESERVED_SPECIMEN,Fungi collection of the University of Eastern Finland,cdbcc960-d9d9-43b8-bdaa-148fb034a635,http://creativecommons.org/licenses/by/4.0/legalcode,,,,
gbif,773225619,,,,,62.63224,29.47551,,PRESERVED_SPECIMEN,Fungi collection of the University of Eastern Finland,cdbcc960-d9d9-43b8-bdaa-148fb034a635,http://creativecommons.org/licenses/by/4.0/legalcode,,,,
gbif,773225620,,,,,62.17938,30.49501,,PRESERVED_SPECIMEN,Fungi collection of the University of Eastern Finland,cdbcc960-d9d9-43b8-bdaa-148fb034a635,http://creativecommons.org/licenses/by/4.0/legalcode,,,,
gbif,773225631,,,,,62.63378,29.86568,,PRESERVED_SPECIMEN,Fungi collection of the University of Eastern Finland,cdbcc960-d9d9-43b8-bdaa-148fb034a635,http://creativecommons.org/licenses/by/4.0/legalcode,,,,VT
gbif,773225632,,,,,62.60065,29.72611,,PRESERVED_SPECIMEN,Fungi collection of the University of Eastern Finland,cdbcc960-d9d9-43b8-bdaa-148fb034a635,http://creativecommons.org/licenses/by/4.0/legalcode,,,,
gbif,773225641,,,,,62.73918,28.95614,,PRESERVED_SPECIMEN,Fungi collection of the University of Eastern Finland,cdbcc960-d9d9-43b8-bdaa-148fb034a635,http://creativecommons.org/licenses/by/4.0/legalcode,,,,
gbif,773225642,,,,,62.82838,29.55088,,PRESERVED_SPECIMEN,Fungi collection of the University of Eastern Finland,cdbcc960-d9d9-43b8-bdaa-148fb034a635,http://creativecommons.org/licenses/by/4.0/legalcode,,,,
gbif,773225681,,,,,62.69051,30.86805,,PRESERVED_SPECIMEN,Fungi collection of the University of Eastern Finland,cdbcc960-d9d9-43b8-bdaa-148fb034a635,http://creativecommons.org/licenses/by/4.0/legalcode,,dia,,
gbif,773225684,,,,,62.86873,28.65034,,PRESERVED_SPECIMEN,Fungi collection of the University of Eastern Finland,cdbcc960-d9d9-43b8-bdaa-148fb034a635,http://creativecommons.org/licenses/by/4.0/legalcode,,,,lehto
gbif,773225685,,,,,62.91239,28.75119,,PRESERVED_SPECIMEN,Fungi collection of the University of Eastern Finland,cdbcc960-d9d9-43b8-bdaa-148fb034a635,http://creativecommons.org/licenses/by/4.0/legalcode,,,,lehtimetsä
gbif,773225686,,,,,62.90461,28.65235,,PRESERVED_SPECIMEN,Fungi collection of the University of Eastern Finland,cdbcc960-d9d9-43b8-bdaa-148fb034a635,http://creativecommons.org/licenses/by/4.0/legalcode,,,,lehtimetsä
gbif,773225715,1993/1995,,,,62.86162,31.46103,,PRESERVED_SPECIMEN,Fungi collection of the University of Eastern Finland,cdbcc960-d9d9-43b8-bdaa-148fb034a635,http://creativecommons.org/licenses/by/4.0/legalcode,,,,Aarnimetsä
gbif,773225716,1993/1995,,,,62.91277,31.54767,,PRESERVED_SPECIMEN,Fungi collection of the University of Eastern Finland,cdbcc960-d9d9-43b8-bdaa-148fb034a635,http://creativecommons.org/licenses/by/4.0/legalcode,,PIE?,,Aarnimetsä
gbif,773225717,1993/1995,,,,63.02813,31.30843,,PRESERVED_SPECIMEN,Fungi collection of the University of Eastern Finland,cdbcc960-d9d9-43b8-bdaa-148fb034a635,http://creativecommons.org/licenses/by/4.0/legalcode,,PIE?,,Aarniometsä
gbif,773225718,1993/1995,,,,63.12956,30.56921,,PRESERVED_SPECIMEN,Fungi collection of the University of Eastern Finland,cdbcc960-d9d9-43b8-bdaa-148fb034a635,http://creativecommons.org/licenses/by/4.0/legalcode,,PIE?,,kostea kuusivaltainen sekametsä
gbif,773225719,1993/1995,,,,63.02692,31.34782,,PRESERVED_SPECIMEN,Fungi collection of the University of Eastern Finland,cdbcc960-d9d9-43b8-bdaa-148fb034a635,http://creativecommons.org/licenses/by/4.0/legalcode,,PIE?,,Aarniometsä
gbif,1607199849,2010-07-29,,,,60.561045,23.046904,1000.0,HUMAN_OBSERVATION,Hatikka.fi observations,b84a3711-b4ca-4e4f-adac-80dfaea98d1c,http://creativecommons.org/licenses/by/4.0/legalcode,Ruskolainen,Erikokoisia itiöemiä ajouran varressa ja lähellä metsäautotietä metsän puolella.,"Hirvenkellot, Yleisessä käytössä olevan metsätien ojan reunukset. Ympärillä havupuuvaltaista sekametsää.",
gbif,3440523363,2011-07-07,,,,60.667162,23.600713,1.0,MACHINE_OBSERVATION,Hatikka.fi observations,b84a3711-b4ca-4e4f-adac-80dfaea98d1c,http://creativecommons.org/licenses/by/4.0/legalcode,"Suomi, Etelä-Häme, Somero, Pajula, 761-419-2-41, 761-419-3-27",Keywords: { KANSALAISEN KASVILENKKI | B8AD3701-9281-479C-9A08-C006256D232C | 2E356920-A1BF-4666-8EDF-B3FC67B3D34E } | Pruukan metsässä,"keltavahvero | Havaintovuosia 7. Ensihavainnon pvm: MED 28.7. MIN 7.7. MAX 10.10. ETRS89 maantiet. koord. (~WGS84) lat 60° 39.932' lon 23° 36.851', ETRS-TM35FIN -tasokoordinaatit N 6730301 E 315009 (Juote)",
gbif,3440536331,2011-07-07,,,,60.667162,23.600713,1.0,MACHINE_OBSERVATION,Hatikka.fi observations,b84a3711-b4ca-4e4f-adac-80dfaea98d1c,http://creativecommons.org/licenses/by/4.0/legalcode,"Suomi, Etelä-Häme, Somero, Pajula, 761-419-2-41, 761-419-3-27",Keywords: { KANSALAISEN KASVILENKKI | B8AD3701-9281-479C-9A08-C006256D232C | C68038D6-2E0E-4627-90DF-3747A8D482F2 },"keltavahvero | Havaintovuosia 7. Ensihavainnon pvm: MED 28.7. MIN 7.7. MAX 10.10. ETRS89 maantiet. koord. (~WGS84) lat 60° 39.932' lon 23° 36.851', ETRS-TM35FIN -tasokoordinaatit N 6730301 E 315009 (Juote)",
gbif,3441183991,2017-10-15,,,,62.071188,27.092385,10000.0,MACHINE_OBSERVATION,The Atlas of Finnish Fungi,2bc4c2db-1dfa-419c-93ce-6602c5ae8c99,http://creativecommons.org/licenses/by/4.0/legalcode,,ainoa esiintymä,,
gbif,3447829720,1990/1993,,,,61.169508,25.864998,1000.0,HUMAN_OBSERVATION,"Notebook, general observations",df12ca07-f133-4550-ab3b-fde13f0e76ba,http://creativecommons.org/licenses/by/4.0/legalcode,"Rutalahti, Lähdemäki",,,
gbif,3447943668,2017-07-01,,,,60.06654,23.821774,100.0,HUMAN_OBSERVATION,"Notebook, general observations",df12ca07-f133-4550-ab3b-fde13f0e76ba,http://creativecommons.org/licenses/by/4.0/legalcode,Brännliden,,"Kostea, osin soistunut tuore kangas",
gbif,3713362203,1963/1964,,,,65.202003,25.832225,1000.0,HUMAN_OBSERVATION,"Fungal collection of the Botanical Museum, University of Oulu (OULU)",23acc755-a8a6-4cf8-bed0-83d30863acea,http://creativecommons.org/licenses/by/4.0/legalcode,Tervajärvi | länsipuoli,Keywords: { http://tun.fi/GX.10095 },,Kuusikko | Sammalikko
gbif,4023908491,,,,,60.2,24.76,,PRESERVED_SPECIMEN,Aphyllophorales Fennoscandiae orientalis,0786c87e-0e18-4620-9633-d3a358e1ed2c,http://creativecommons.org/licenses/by/4.0/legalcode,,Keywords: { H6094389 },,
gbif,4023908521,,,,,60.16,24.96,,PRESERVED_SPECIMEN,Aphyllophorales Fennoscandiae orientalis,0786c87e-0e18-4620-9633-d3a358e1ed2c,http://creativecommons.org/licenses/by/4.0/legalcode,,Keywords: { H6094386 },,In sylva abietina
gbif,4023920494,,,,,60.81,23.77,,PRESERVED_SPECIMEN,Aphyllophorales Fennoscandiae orientalis,0786c87e-0e18-4620-9633-d3a358e1ed2c,http://creativecommons.org/licenses/by/4.0/legalcode,Mustiala,Keywords: { http://tun.fi/GX.1811 | H6094480 },,
