id,prec,year,unc_m,hab,hab_why,hab_frac,era,age_new,est_year,cut,forest_frac
6414021712,tarkka,2026,3,ennallaan,tuore_havainto,0.78,2023,43,1980,0,0.78
6414156333,tarkka,2026,100,ulkopuolella,ei_metsatalousmaata,0.56,2023,63,1960,0,0.44
6417546460,tarkka,2026,1,ennallaan,tuore_havainto,1.0,2023,61,1962,0,1.0
6417598380,tarkka,2026,1,ulkopuolella,ei_metsatalousmaata,0.67,2023,11,2012,0,0.33
6422112781,tarkka,2026,3,ennallaan,tuore_havainto,1.0,2023,53,1970,0,1.0
6439314426,tarkka,2026,1,ennallaan,tuore_havainto,1.0,2023,82,1941,0,1.0
6439315310,summittainen,2026,1000,ennallaan,tuore_havainto,0.78,2023,72,1951,1,0.89
6431002604,tarkka,2026,4,ennallaan,tuore_havainto,1.0,2023,72,1951,0,1.0
6431067340,summittainen,2026,265,epavarma,osa_alueesta_hakattu,0.11,2023,50,1973,2,0.89
6431149093,tarkka,2026,2,ennallaan,tuore_havainto,1.0,2023,74,1949,0,1.0
6431230936,alueellinen,2026,24790,ei_tietoa,liian_epatarkka,,,,,,
6431310654,tarkka,2026,7,ennallaan,tuore_havainto,0.89,2023,50,1973,0,0.89
6431604716,tarkka,2026,6,ennallaan,tuore_havainto,1.0,2023,79,1944,0,1.0
6431713428,alueellinen,2026,24790,ei_tietoa,liian_epatarkka,,,,,,
6432544351,summittainen,2026,1000,ennallaan,tuore_havainto,0.67,2023,61,1962,0,0.67
6439314497,tarkka,2026,1,ennallaan,tuore_havainto,1.0,2023,69,1954,0,1.0
6439315526,tarkka,2026,1,ennallaan,tuore_havainto,1.0,2023,50,1973,0,1.0
6441017947,summittainen,2026,520,epavarma,osa_alueesta_hakattu,0.11,2023,34,1989,2,0.78
6441032562,tarkka,2026,9,ennallaan,tuore_havainto,0.67,2023,66,1957,0,0.67
6441070842,tarkka,2026,4,ulkopuolella,ei_metsatalousmaata,0.56,2023,72,1951,0,0.44
6441074733,tuntematon,2026,,ei_tietoa,liian_epatarkka,,,,,,
6441083905,alueellinen,2026,24790,ei_tietoa,liian_epatarkka,,,,,,
6441123467,tarkka,2026,43,ennallaan,tuore_havainto,1.0,2023,41,1982,0,1.0
6441143143,tuntematon,2026,,ei_tietoa,liian_epatarkka,,,,,,
6441156768,alueellinen,2026,24819,ei_tietoa,liian_epatarkka,,,,,,
6441259936,tarkka,2026,8,ennallaan,tuore_havainto,1.0,2023,44,1979,0,1.0
6441430862,tarkka,2026,6,ennallaan,tuore_havainto,0.89,2023,54,1969,0,0.89
6441558842,tuntematon,2026,,ei_tietoa,liian_epatarkka,,,,,,
6441566453,tarkka,2026,1,ulkopuolella,ei_metsatalousmaata,0.56,2023,30,1993,0,0.44
6441697963,tarkka,2026,106,ulkopuolella,ei_metsatalousmaata,0.89,2023,13,2010,0,0.11
6441710013,tuntematon,2026,,ei_tietoa,liian_epatarkka,,,,,,
6441714687,alueellinen,2026,24760,ei_tietoa,liian_epatarkka,,,,,,
6441719774,tarkka,2026,2,ulkopuolella,ei_metsatalousmaata,0.67,2023,49,1974,0,0.33
6441828113,tuntematon,2026,,ei_tietoa,liian_epatarkka,,,,,,
6441856114,tarkka,2026,12,ennallaan,tuore_havainto,0.56,2023,66,1957,0,0.56
6441879918,tarkka,2026,4,ennallaan,tuore_havainto,0.56,2023,20,2003,0,0.56
6442107721,tarkka,2026,4,epavarma,osa_alueesta_hakattu,0.11,2023,58,1965,2,0.67
6445260362,tarkka,2026,1,ennallaan,tuore_havainto,1.0,2023,63,1960,0,1.0
6445268443,tarkka,2026,1,ennallaan,tuore_havainto,0.78,2023,95,1928,0,0.78
6445274388,alueellinen,2026,5000,ei_tietoa,liian_epatarkka,,,,,,
6445298450,alueellinen,2026,5000,ei_tietoa,liian_epatarkka,,,,,,
6445301444,summittainen,2026,1000,ennallaan,tuore_havainto,0.67,2023,19,2004,0,0.67
6448014894,tarkka,2026,5,ennallaan,tuore_havainto,0.67,2023,72,1951,0,0.67
6448420631,tarkka,2026,14,ulkopuolella,ei_metsatalousmaata,0.56,2023,85,1938,0,0.44
6450584352,summittainen,2026,1000,epavarma,osa_alueesta_hakattu,0.22,2023,25,1998,2,0.56
6450645452,summittainen,2026,1000,epavarma,osa_alueesta_hakattu,0.22,2023,37,1986,2,1.0
6450652445,tarkka,2026,1,ennallaan,tuore_havainto,0.67,2023,49,1974,0,0.67
6450795421,tarkka,2026,1,ennallaan,tuore_havainto,1.0,2023,80,1943,0,1.0
6450795481,summittainen,2026,1000,ulkopuolella,ei_metsatalousmaata,0.56,2023,34,1989,0,0.44
6450795609,tarkka,2026,1,ennallaan,tuore_havainto,0.78,2023,60,1963,0,0.78
6450795678,tarkka,2026,100,epavarma,hakkuuaikomus,0.67,2023,82,1941,1,0.89
6450796346,tarkka,2026,1,ennallaan,tuore_havainto,1.0,2023,76,1947,0,1.0
6450796428,tarkka,2026,1,ennallaan,tuore_havainto,0.78,2023,59,1964,0,0.78
6450797423,tarkka,2026,1,ennallaan,tuore_havainto,1.0,2023,105,1918,0,1.0
6450797622,alueellinen,2026,5000,ei_tietoa,liian_epatarkka,,,,,,
6450798421,summittainen,2026,1000,ennallaan,tuore_havainto,0.67,2023,68,1955,0,0.67
6451507888,alueellinen,2026,24760,ei_tietoa,liian_epatarkka,,,,,,
6451533846,tarkka,2026,3,ennallaan,tuore_havainto,0.67,2023,76,1947,0,0.67
6451584606,tarkka,2026,5,ulkopuolella,ei_metsatalousmaata,1.0,2023,,,0,0.0
6451592807,tarkka,2026,17,ennallaan,tuore_havainto,1.0,2023,69,1954,0,1.0
6451650025,tarkka,2026,9,muuttunut,hakattu,0.67,2023,47,1976,2,1.0
6451748614,tarkka,2026,8,ennallaan,tuore_havainto,1.0,2023,118,1905,0,1.0
6451844677,tarkka,2026,13,ennallaan,tuore_havainto,0.89,2023,46,1977,0,0.89
6452023071,tarkka,2026,51,ulkopuolella,ei_metsatalousmaata,1.0,2023,,,0,0.0
6452135942,tarkka,2026,9,ulkopuolella,ei_metsatalousmaata,0.89,2023,43,1980,0,0.11
6452201379,tarkka,2026,4,ennallaan,tuore_havainto,0.89,2023,48,1975,0,0.89
6452446960,tuntematon,2026,,ei_tietoa,liian_epatarkka,,,,,,
6469703683,tarkka,2026,11,ennallaan,tuore_havainto,1.0,2023,87,1936,0,1.0
6469796500,tarkka,2026,18,ennallaan,tuore_havainto,1.0,2023,57,1966,0,1.0
6469956178,tarkka,2026,73,ulkopuolella,ei_metsatalousmaata,1.0,2023,,,0,0.0
6470110041,summittainen,2026,627,ulkopuolella,ei_metsatalousmaata,0.67,2023,79,1944,0,0.33
6470162906,tarkka,2026,180,ennallaan,tuore_havainto,1.0,2023,47,1976,0,1.0
6470251851,tarkka,2026,51,ulkopuolella,ei_metsatalousmaata,1.0,2023,,,0,0.0
6470272880,tarkka,2026,11,ennallaan,tuore_havainto,1.0,2023,74,1949,0,1.0
6470526702,tarkka,2026,33,ennallaan,tuore_havainto,1.0,2023,109,1914,0,1.0
6470537659,tarkka,2026,9,ulkopuolella,ei_metsatalousmaata,0.78,2023,66,1957,0,0.22
6470546665,tarkka,2026,10,ennallaan,tuore_havainto,0.56,2023,27,1996,0,0.56
6470738601,tarkka,2026,11,ennallaan,tuore_havainto,1.0,2023,64,1959,0,1.0
6470846332,summittainen,2026,1000,ulkopuolella,ei_metsatalousmaata,0.67,2023,47,1976,0,0.33
6470866326,summittainen,2026,1000,ennallaan,tuore_havainto,0.78,2023,58,1965,0,0.78
6479231922,tuntematon,2026,,ei_tietoa,liian_epatarkka,,,,,,
6479904463,tarkka,2026,8,ennallaan,tuore_havainto,1.0,2023,58,1965,0,1.0
6480184651,tuntematon,2026,,ei_tietoa,liian_epatarkka,,,,,,
6480375698,tarkka,2026,60,ennallaan,tuore_havainto,0.78,2023,38,1985,0,0.78
6480389049,tuntematon,2026,,ei_tietoa,liian_epatarkka,,,,,,
6481176645,tarkka,2026,195,ulkopuolella,ei_metsatalousmaata,0.89,2023,41,1982,0,0.11
6481242984,tarkka,2026,8,ennallaan,tuore_havainto,1.0,2023,41,1982,0,1.0
6481384592,tarkka,2026,5,ennallaan,tuore_havainto,0.56,2023,58,1965,0,0.56
6485869117,tarkka,2026,51,ennallaan,tuore_havainto,1.0,2023,42,1981,0,1.0
6467653353,tarkka,2026,1,ennallaan,tuore_havainto,1.0,2023,78,1945,0,1.0
6479087501,tarkka,2026,15,ennallaan,tuore_havainto,1.0,2023,41,1982,0,1.0
6479136542,tarkka,2026,19,ulkopuolella,ei_metsatalousmaata,1.0,2023,,,0,0.0
6479234135,tarkka,2026,22,ennallaan,tuore_havainto,0.56,2023,91,1932,0,0.56
6479414897,tarkka,2026,10,ennallaan,tuore_havainto,1.0,2023,65,1958,0,1.0
6479443441,tarkka,2026,3,ennallaan,tuore_havainto,0.78,2023,89,1934,0,0.78
6479448377,tuntematon,2026,,ei_tietoa,liian_epatarkka,,,,,,
6479547208,alueellinen,2026,24268,ei_tietoa,liian_epatarkka,,,,,,
6479600661,tarkka,2026,9,ennallaan,tuore_havainto,1.0,2023,79,1944,0,1.0
6480155124,tarkka,2026,20,ennallaan,tuore_havainto,1.0,2023,103,1920,0,1.0
6480197245,tarkka,2026,4,ennallaan,tuore_havainto,1.0,2023,60,1963,0,1.0
6480305751,tarkka,2026,3,ennallaan,tuore_havainto,0.67,2023,65,1958,0,0.67
6480366764,tarkka,2026,4,ennallaan,tuore_havainto,0.67,2023,34,1989,0,0.67
6480612597,tarkka,2026,45,ennallaan,tuore_havainto,1.0,2023,69,1954,0,1.0
6480684583,alueellinen,2026,24671,ei_tietoa,liian_epatarkka,,,,,,
6480859935,tarkka,2026,84,ennallaan,tuore_havainto,0.89,2023,61,1962,0,0.89
6481461666,tarkka,2026,11,ennallaan,tuore_havainto,1.0,2023,30,1993,0,1.0
6485499380,tuntematon,2026,,ei_tietoa,liian_epatarkka,,,,,,
6486047439,tarkka,2026,9,ennallaan,tuore_havainto,0.78,2023,37,1986,0,0.78
6486156893,tarkka,2026,4,ennallaan,tuore_havainto,0.67,2023,46,1977,0,0.67
6486180329,tarkka,2026,5,ulkopuolella,ei_metsatalousmaata,0.56,2023,60,1963,0,0.44
6486219461,tarkka,2026,5,ennallaan,tuore_havainto,0.67,2023,78,1945,0,0.67
6486742556,tarkka,2026,6,muuttunut,hakattu,0.67,2023,36,1987,2,1.0
6489213308,summittainen,2026,1000,ulkopuolella,ei_metsatalousmaata,0.56,2023,64,1959,0,0.44
6495999412,summittainen,2026,1000,ennallaan,tuore_havainto,0.56,2023,50,1973,0,0.56
6496003315,tarkka,2026,1,ennallaan,tuore_havainto,1.0,2023,100,1923,0,1.0
6496063385,tarkka,2026,1,ennallaan,tuore_havainto,1.0,2023,76,1947,0,1.0
6496117425,tarkka,2026,1,ennallaan,tuore_havainto,0.78,2023,159,1864,0,0.78
6496436362,tarkka,2026,1,ennallaan,tuore_havainto,1.0,2023,77,1946,0,1.0
6496436453,summittainen,2026,1000,ulkopuolella,ei_metsatalousmaata,0.56,2023,67,1956,1,0.44
6496437333,tarkka,2026,1,ennallaan,tuore_havainto,1.0,2023,42,1981,0,1.0
6496437434,tarkka,2026,1,ennallaan,tuore_havainto,1.0,2023,75,1948,0,1.0
6498144398,summittainen,2026,401,epavarma,osa_alueesta_hakattu,0.22,2023,70,1953,2,0.89
6498179324,alueellinen,2026,79670,ei_tietoa,liian_epatarkka,,,,,,
6498190041,tarkka,2026,7,ennallaan,tuore_havainto,0.67,2023,102,1921,0,0.67
6498192220,tarkka,2026,9,ennallaan,tuore_havainto,0.56,2023,74,1949,0,0.56
6498203146,tarkka,2026,8,ennallaan,tuore_havainto,0.67,2023,90,1933,0,0.67
6498296056,tarkka,2026,5,ulkopuolella,ei_metsatalousmaata,1.0,2023,,,0,0.0
6498323699,tarkka,2026,7,ennallaan,tuore_havainto,0.56,2023,62,1961,0,0.56
6498404312,tarkka,2026,8,ennallaan,tuore_havainto,1.0,2023,91,1932,0,1.0
6498615918,tarkka,2026,10,ennallaan,tuore_havainto,1.0,2023,83,1940,0,1.0
6499007504,tuntematon,2026,,ei_tietoa,liian_epatarkka,,,,,,
6499062069,tarkka,2026,7,ennallaan,tuore_havainto,0.67,2023,73,1950,0,0.67
6499225991,tuntematon,2026,,ei_tietoa,liian_epatarkka,,,,,,
6499273939,tuntematon,2026,,ei_tietoa,liian_epatarkka,,,,,,
6499317628,tarkka,2026,9,ennallaan,tuore_havainto,1.0,2023,98,1925,0,1.0
6499472610,tarkka,2026,12,ulkopuolella,ei_metsatalousmaata,1.0,2023,,,0,0.0
6499572733,tarkka,2026,13,ennallaan,tuore_havainto,1.0,2023,73,1950,0,1.0
6499582625,tarkka,2026,12,ennallaan,tuore_havainto,1.0,2023,117,1906,0,1.0
6499599686,tarkka,2026,20,ennallaan,tuore_havainto,1.0,2023,90,1933,0,1.0
6499609655,tarkka,2026,10,ennallaan,tuore_havainto,1.0,2023,98,1925,0,1.0
6499652653,tuntematon,2026,,ei_tietoa,liian_epatarkka,,,,,,
6499684551,tarkka,2026,9,ennallaan,tuore_havainto,1.0,2023,127,1896,0,1.0
6499728859,tarkka,2026,5,ulkopuolella,ei_metsatalousmaata,0.67,2023,61,1962,0,0.33
6499738773,tarkka,2026,6,ennallaan,tuore_havainto,1.0,2023,94,1929,0,1.0
6499762716,tuntematon,2026,,ei_tietoa,liian_epatarkka,,,,,,
6499792808,tarkka,2026,208,ennallaan,tuore_havainto,1.0,2023,70,1953,0,1.0
6499912420,tarkka,2026,6,ulkopuolella,ei_metsatalousmaata,0.56,2023,63,1960,0,0.44
6500055087,tarkka,2026,16,ennallaan,tuore_havainto,1.0,2023,75,1948,0,1.0
6500078463,tarkka,2026,16,ennallaan,tuore_havainto,1.0,2023,89,1934,0,1.0
6500078566,tuntematon,2026,,ei_tietoa,liian_epatarkka,,,,,,
6500087358,tuntematon,2026,,ei_tietoa,liian_epatarkka,,,,,,
6500155837,tarkka,2026,3,ennallaan,tuore_havainto,0.67,2023,41,1982,0,0.67
6500160833,tuntematon,2026,,ei_tietoa,liian_epatarkka,,,,,,
6500165397,tarkka,2026,9,ennallaan,tuore_havainto,1.0,2023,44,1979,0,1.0
6500320376,tarkka,2026,8,ennallaan,tuore_havainto,1.0,2023,111,1912,0,1.0
6500461367,tarkka,2026,9,ennallaan,tuore_havainto,1.0,2023,43,1980,0,1.0
6518379601,alueellinen,2026,24819,ei_tietoa,liian_epatarkka,,,,,,
6518507398,tarkka,2026,8,ennallaan,tuore_havainto,1.0,2023,124,1899,0,1.0
6518544927,tarkka,2026,10,ennallaan,tuore_havainto,0.67,2023,89,1934,0,0.67
6518560766,tarkka,2026,137,epavarma,osa_alueesta_hakattu,0.11,2023,58,1965,2,0.89
6518562423,tuntematon,2026,,ei_tietoa,liian_epatarkka,,,,,,
6518578018,tarkka,2026,10,ennallaan,tuore_havainto,1.0,2023,50,1973,0,1.0
6518847541,tuntematon,2026,,ei_tietoa,liian_epatarkka,,,,,,
6519078431,tarkka,2026,44,ennallaan,tuore_havainto,0.67,2023,43,1980,0,0.67
6519431799,tarkka,2026,84,ennallaan,tuore_havainto,0.56,2023,62,1961,0,0.56
6519487845,tarkka,2026,3,ennallaan,tuore_havainto,1.0,2023,91,1932,0,1.0
6519546624,tarkka,2026,10,ennallaan,tuore_havainto,0.56,2023,58,1965,0,0.56
6519586558,tarkka,2026,39,ulkopuolella,ei_metsatalousmaata,1.0,2023,,,0,0.0
6519630443,tarkka,2026,9,ennallaan,tuore_havainto,0.67,2023,90,1933,0,0.67
6519791605,tuntematon,2026,,ei_tietoa,liian_epatarkka,,,,,,
6519815636,tarkka,2026,11,ulkopuolella,ei_metsatalousmaata,0.56,2023,29,1994,0,0.44
6519883336,alueellinen,2026,24790,ei_tietoa,liian_epatarkka,,,,,,
6519924074,tarkka,2026,86,ennallaan,tuore_havainto,1.0,2023,89,1934,0,1.0
6520102165,tarkka,2026,15,ennallaan,tuore_havainto,0.56,2023,73,1950,0,0.56
6520245860,tarkka,2026,3,ennallaan,tuore_havainto,0.89,2023,52,1971,0,0.89
6520427965,alueellinen,2026,24612,ei_tietoa,liian_epatarkka,,,,,,
6520543705,tarkka,2026,11,ennallaan,tuore_havainto,0.67,2023,58,1965,0,0.67
6520564500,tuntematon,2026,,ei_tietoa,liian_epatarkka,,,,,,
6520583471,tarkka,2026,12,ennallaan,tuore_havainto,0.56,2023,59,1964,0,0.56
6520589735,tarkka,2026,8,ennallaan,tuore_havainto,0.67,2023,58,1965,0,0.67
6520703489,tarkka,2026,4,ennallaan,tuore_havainto,0.67,2023,62,1961,0,0.67
6534635567,tarkka,2026,1,ulkopuolella,ei_metsatalousmaata,1.0,2023,,,0,0.0
6534639401,summittainen,2026,1000,ennallaan,tuore_havainto,0.67,2023,54,1969,0,0.67
6534647481,summittainen,2026,1000,ennallaan,tuore_havainto,0.56,2023,65,1958,0,0.56
6534677351,summittainen,2026,300,ennallaan,tuore_havainto,1.0,2023,51,1972,0,1.0
6534714545,tarkka,2026,1,ennallaan,tuore_havainto,1.0,2023,92,1931,0,1.0
6534715597,tarkka,2026,100,ennallaan,tuore_havainto,1.0,2023,68,1955,0,1.0
6535010337,tarkka,2026,1,ennallaan,tuore_havainto,1.0,2023,90,1933,0,1.0
6518903121,tuntematon,2026,,ei_tietoa,liian_epatarkka,,,,,,
6519227624,tarkka,2026,3,ennallaan,tuore_havainto,1.0,2023,84,1939,0,1.0
6519339703,tarkka,2026,4,ennallaan,tuore_havainto,1.0,2023,42,1981,0,1.0
6519848970,tarkka,2026,14,ennallaan,tuore_havainto,0.89,2023,81,1942,0,0.89
6519992532,tarkka,2026,6,ulkopuolella,ei_metsatalousmaata,0.56,2023,99,1924,0,0.44
6520044802,tarkka,2026,8,ennallaan,tuore_havainto,0.78,2023,73,1950,0,0.78
6520326595,tarkka,2026,24,ennallaan,tuore_havainto,1.0,2023,35,1988,0,1.0
6520445678,alueellinen,2026,1396,ei_tietoa,liian_epatarkka,,,,,,
5055527307,tarkka,2025,1,ennallaan,tuore_havainto,1.0,2023,40,1983,0,1.0
5058020666,tarkka,2025,1,ennallaan,tuore_havainto,0.78,2023,76,1947,0,0.78
5189890303,tarkka,2025,1,ennallaan,tuore_havainto,1.0,2023,102,1921,0,1.0
5195706301,tarkka,2025,1,ennallaan,tuore_havainto,1.0,2023,45,1978,0,1.0
5198684001,alueellinen,2025,24790,ei_tietoa,liian_epatarkka,,,,,,
5202750303,tarkka,2025,1,epavarma,hakkuuaikomus,0.67,2023,64,1959,1,0.67
5202754314,tarkka,2025,1,ennallaan,tuore_havainto,0.67,2023,98,1925,0,0.67
5202756307,summittainen,2025,1000,ennallaan,tuore_havainto,0.56,2023,83,1940,0,0.56
5205345886,tarkka,2025,4,ulkopuolella,ei_metsatalousmaata,0.56,2023,36,1987,0,0.44
5206311804,tarkka,2025,8,ennallaan,tuore_havainto,1.0,2023,39,1984,0,1.0
5206726693,tarkka,2025,13,ennallaan,tuore_havainto,1.0,2023,44,1979,0,1.0
5215789784,tarkka,2025,7,ennallaan,tuore_havainto,0.78,2023,48,1975,0,0.78
5215796389,tarkka,2025,3,ennallaan,tuore_havainto,0.89,2023,70,1953,0,0.89
5216066909,tuntematon,2025,,ei_tietoa,liian_epatarkka,,,,,,
5216326098,tuntematon,2025,,ei_tietoa,liian_epatarkka,,,,,,
5216620580,tarkka,2025,122,ennallaan,tuore_havainto,0.89,2023,88,1935,0,0.89
5217272636,tuntematon,2025,,ei_tietoa,liian_epatarkka,,,,,,
5217319939,tarkka,2025,1,epavarma,osa_alueesta_hakattu,0.33,2023,35,1988,2,0.89
5222792329,tarkka,2025,100,ennallaan,tuore_havainto,0.56,2023,48,1975,0,0.56
5222793326,summittainen,2025,1000,ulkopuolella,ei_metsatalousmaata,0.78,2023,73,1950,0,0.22
5222796303,tarkka,2025,1,ulkopuolella,ei_metsatalousmaata,1.0,2023,,,0,0.0
5229998788,tuntematon,2025,,ei_tietoa,liian_epatarkka,,,,,,
5231047838,alueellinen,2025,24790,ei_tietoa,liian_epatarkka,,,,,,
5239410356,tarkka,2025,1,ennallaan,tuore_havainto,0.56,2023,57,1966,0,0.56
5239423708,tarkka,2025,1,ennallaan,tuore_havainto,0.78,2023,59,1964,0,0.78
5239433782,tarkka,2025,1,ennallaan,tuore_havainto,1.0,2023,56,1967,0,1.0
5239464394,tarkka,2025,1,ulkopuolella,ei_metsatalousmaata,0.56,2023,27,1996,0,0.44
5239485383,tarkka,2025,1,ennallaan,tuore_havainto,0.78,2023,97,1926,0,0.78
5239497456,tarkka,2025,1,ulkopuolella,ei_metsatalousmaata,0.67,2023,39,1984,0,0.33
5239508217,summittainen,2025,1000,ulkopuolella,ei_metsatalousmaata,0.56,2023,40,1983,0,0.44
5867823717,tarkka,2025,14,ulkopuolella,ei_metsatalousmaata,0.67,2023,19,2004,0,0.33
5868204529,tarkka,2025,3,ennallaan,tuore_havainto,1.0,2023,97,1926,0,1.0
6159393986,tarkka,2025,7,ennallaan,tuore_havainto,1.0,2023,91,1932,0,1.0
5215920182,tuntematon,2025,,ei_tietoa,liian_epatarkka,,,,,,
5216133818,tarkka,2025,10,ennallaan,tuore_havainto,1.0,2023,62,1961,0,1.0
5216381197,tuntematon,2025,,ei_tietoa,liian_epatarkka,,,,,,
5216527372,tuntematon,2025,,ei_tietoa,liian_epatarkka,,,,,,
5216823649,tarkka,2025,4,ennallaan,tuore_havainto,1.0,2023,77,1946,0,1.0
5216916923,tuntematon,2025,,ei_tietoa,liian_epatarkka,,,,,,
5217087306,tarkka,2025,37,ennallaan,tuore_havainto,0.67,2023,36,1987,0,0.67
5217164310,tarkka,2025,12,ennallaan,tuore_havainto,0.89,2023,37,1986,0,0.89
5217169613,alueellinen,2025,1725,ei_tietoa,liian_epatarkka,,,,,,
5217219657,tarkka,2025,4,ennallaan,tuore_havainto,1.0,2023,77,1946,0,1.0
5217298967,tarkka,2025,3,ulkopuolella,ei_metsatalousmaata,1.0,2023,,,0,0.0
5217378350,tarkka,2025,13,ennallaan,tuore_havainto,1.0,2023,86,1937,0,1.0
5217647657,tuntematon,2025,,ei_tietoa,liian_epatarkka,,,,,,
5222774307,tarkka,2025,100,ennallaan,tuore_havainto,0.67,2023,56,1967,0,0.67
5222775336,summittainen,2025,1000,ennallaan,tuore_havainto,0.67,2023,95,1928,0,0.67
5222776334,tarkka,2025,100,epavarma,osa_alueesta_hakattu,0.22,2023,59,1964,2,1.0
5222780310,tarkka,2025,1,ennallaan,tuore_havainto,1.0,2023,72,1951,0,1.0
5222781306,alueellinen,2025,10000,ei_tietoa,liian_epatarkka,,,,,,
5222783334,summittainen,2025,1000,ennallaan,tuore_havainto,0.67,2023,68,1955,0,0.67
5222786312,tarkka,2025,1,ennallaan,tuore_havainto,1.0,2023,75,1948,0,1.0
5222787308,tarkka,2025,1,ennallaan,tuore_havainto,1.0,2023,68,1955,0,1.0
5222792335,summittainen,2025,1000,ennallaan,tuore_havainto,0.67,2023,68,1955,0,0.67
5222795316,tarkka,2025,1,ennallaan,tuore_havainto,0.78,2023,53,1970,0,0.78
5222795318,summittainen,2025,1000,ulkopuolella,ei_metsatalousmaata,0.78,2023,48,1975,0,0.22
5229992133,tarkka,2025,137,epavarma,osa_alueesta_hakattu,0.11,2023,39,1984,2,1.0
5230016212,tarkka,2025,45,ulkopuolella,ei_metsatalousmaata,0.56,2023,38,1985,0,0.44
5230342434,tarkka,2025,48,ennallaan,tuore_havainto,1.0,2023,83,1940,0,1.0
5230411809,tuntematon,2025,,ei_tietoa,liian_epatarkka,,,,,,
5230512343,tuntematon,2025,,ei_tietoa,liian_epatarkka,,,,,,
5230513485,alueellinen,2025,24819,ei_tietoa,liian_epatarkka,,,,,,
5230675356,tarkka,2025,3,ennallaan,tuore_havainto,1.0,2023,68,1955,0,1.0
5230702252,tarkka,2025,64,ennallaan,tuore_havainto,0.67,2023,53,1970,0,0.67
5231027316,tuntematon,2025,,ei_tietoa,liian_epatarkka,,,,,,
5231083156,tuntematon,2025,,ei_tietoa,liian_epatarkka,,,,,,
5231117148,tarkka,2025,4,ennallaan,tuore_havainto,1.0,2023,13,2010,0,1.0
5231166114,tarkka,2025,8,ennallaan,tuore_havainto,0.78,2023,52,1971,0,0.78
5231195491,tuntematon,2025,,ei_tietoa,liian_epatarkka,,,,,,
5231257536,summittainen,2025,306,ulkopuolella,ei_metsatalousmaata,0.89,2023,66,1957,0,0.11
5231712654,tuntematon,2025,,ei_tietoa,liian_epatarkka,,,,,,
5231736846,tarkka,2025,81,ulkopuolella,ei_metsatalousmaata,0.78,2023,69,1954,0,0.22
5231807506,tarkka,2025,3,epavarma,osa_alueesta_hakattu,0.33,2023,16,2007,2,0.78
5231822363,tuntematon,2025,,ei_tietoa,liian_epatarkka,,,,,,
5235581301,summittainen,2025,1000,epavarma,osa_alueesta_hakattu,0.11,2023,42,1981,2,0.78
5239404999,alueellinen,2025,25000,ei_tietoa,liian_epatarkka,,,,,,
5239411685,tarkka,2025,1,ulkopuolella,ei_metsatalousmaata,1.0,2023,,,0,0.0
5239415879,tarkka,2025,1,ennallaan,tuore_havainto,0.78,2023,42,1981,0,0.78
5239423289,tarkka,2025,1,epavarma,osa_alueesta_hakattu,0.22,2023,69,1954,2,0.67
5239427624,tarkka,2025,1,ennallaan,tuore_havainto,1.0,2023,67,1956,0,1.0
5239433974,tarkka,2025,1,ennallaan,tuore_havainto,0.89,2023,29,1994,0,0.89
5239434507,tarkka,2025,1,ennallaan,tuore_havainto,0.56,2023,54,1969,0,0.56
5239434584,tarkka,2025,10,ennallaan,tuore_havainto,0.78,2023,63,1960,0,0.78
5239438185,tarkka,2025,1,ulkopuolella,ei_metsatalousmaata,1.0,2023,,,0,0.0
5239485952,tarkka,2025,1,ennallaan,tuore_havainto,0.78,2023,27,1996,0,0.78
5239515460,tarkka,2025,100,ennallaan,tuore_havainto,1.0,2023,70,1953,0,1.0
5281800361,tarkka,2025,10,ennallaan,tuore_havainto,0.89,2023,92,1931,0,0.89
5281866848,tarkka,2025,13,ennallaan,tuore_havainto,0.89,2023,81,1942,0,0.89
5282402693,tarkka,2025,15,ennallaan,tuore_havainto,1.0,2023,89,1934,0,1.0
5282498788,tuntematon,2025,,ei_tietoa,liian_epatarkka,,,,,,
5282537665,tarkka,2025,61,ennallaan,tuore_havainto,1.0,2023,74,1949,0,1.0
5284218568,tarkka,2025,1,ennallaan,tuore_havainto,1.0,2023,57,1966,0,1.0
5716842429,tarkka,2025,1,ennallaan,tuore_havainto,1.0,2023,62,1961,0,1.0
5716842467,tarkka,2025,1,ennallaan,tuore_havainto,1.0,2023,74,1949,0,1.0
5716842468,tarkka,2025,1,ennallaan,tuore_havainto,1.0,2023,86,1937,0,1.0
5716842469,summittainen,2025,1000,ennallaan,tuore_havainto,0.89,2023,43,1980,0,0.89
5716843110,tarkka,2025,1,ennallaan,tuore_havainto,1.0,2023,69,1954,0,1.0
5716843229,summittainen,2025,1000,ennallaan,tuore_havainto,0.89,2023,80,1943,0,0.89
5716843306,summittainen,2025,1000,ennallaan,tuore_havainto,0.67,2023,58,1965,0,0.67
5716844247,tarkka,2025,100,ennallaan,tuore_havainto,0.67,2023,57,1966,0,0.67
5716844420,summittainen,2025,1000,ennallaan,tuore_havainto,0.67,2023,44,1979,0,0.67
5716844604,tarkka,2025,1,ennallaan,tuore_havainto,1.0,2023,44,1979,0,1.0
5762417186,tarkka,2025,100,ennallaan,tuore_havainto,0.78,2023,49,1974,0,0.78
5830375014,tuntematon,2025,,ei_tietoa,liian_epatarkka,,,,,,
5867920498,tarkka,2025,66,ulkopuolella,ei_metsatalousmaata,0.67,2023,81,1942,0,0.33
5868047823,tarkka,2025,10,ulkopuolella,ei_metsatalousmaata,0.78,2023,49,1974,0,0.22
5900914427,tarkka,2025,1,ennallaan,tuore_havainto,1.0,2023,59,1964,0,1.0
5906872531,tarkka,2025,1,ennallaan,tuore_havainto,1.0,2023,57,1966,0,1.0
5932030322,tuntematon,2025,,ei_tietoa,liian_epatarkka,,,,,,
6165176408,tarkka,2025,1,ulkopuolella,ei_metsatalousmaata,0.56,2023,52,1971,0,0.44
6231947399,tarkka,2025,1,epavarma,osa_alueesta_hakattu,0.11,2023,31,1992,2,0.22
5239413853,tarkka,2025,1,ulkopuolella,ei_metsatalousmaata,1.0,2023,,,0,0.0
5239493547,tarkka,2025,1,ennallaan,tuore_havainto,1.0,2023,64,1959,0,1.0
5282063580,tuntematon,2025,,ei_tietoa,liian_epatarkka,,,,,,
5282144031,tuntematon,2025,,ei_tietoa,liian_epatarkka,,,,,,
5282208260,tuntematon,2025,,ei_tietoa,liian_epatarkka,,,,,,
5282868463,tarkka,2025,4,ulkopuolella,ei_metsatalousmaata,0.78,2023,54,1969,0,0.22
5283361466,tarkka,2025,5,ennallaan,tuore_havainto,1.0,2023,47,1976,0,1.0
5283458010,tarkka,2025,5,ennallaan,tuore_havainto,1.0,2023,64,1959,0,1.0
5288049275,tarkka,2025,6,ennallaan,tuore_havainto,0.67,2023,39,1984,0,0.67
5288056606,tarkka,2025,5,ennallaan,tuore_havainto,0.78,2023,51,1972,0,0.78
5288241348,tarkka,2025,5,ennallaan,tuore_havainto,0.78,2023,45,1978,0,0.78
5288468376,tuntematon,2025,,ei_tietoa,liian_epatarkka,,,,,,
5288551988,tarkka,2025,6,ennallaan,tuore_havainto,1.0,2023,27,1996,0,1.0
5288700634,tarkka,2025,1,ennallaan,tuore_havainto,1.0,2023,87,1936,0,1.0
5288703849,summittainen,2025,1000,ennallaan,tuore_havainto,0.78,2023,48,1975,0,0.78
5288719845,tarkka,2025,1,ennallaan,tuore_havainto,1.0,2023,58,1965,0,1.0
5291743626,tarkka,2025,58,ennallaan,tuore_havainto,0.56,2023,63,1960,0,0.56
5291753220,alueellinen,2025,24525,ei_tietoa,liian_epatarkka,,,,,,
5292238427,summittainen,2025,966,epavarma,osa_alueesta_hakattu,0.11,2023,30,1993,2,1.0
5292263830,tuntematon,2025,,ei_tietoa,liian_epatarkka,,,,,,
5292370015,summittainen,2025,800,ulkopuolella,ei_metsatalousmaata,0.89,2023,69,1954,0,0.11
5292433322,alueellinen,2025,9092,ei_tietoa,liian_epatarkka,,,,,,
5292445258,tarkka,2025,5,ennallaan,tuore_havainto,0.56,2023,53,1970,0,0.56
5292457786,tarkka,2025,5,ennallaan,tuore_havainto,1.0,2023,71,1952,0,1.0
5292768434,tarkka,2025,7,ennallaan,tuore_havainto,1.0,2023,57,1966,0,1.0
5293011648,tuntematon,2025,,ei_tietoa,liian_epatarkka,,,,,,
5294178322,summittainen,2025,1000,ulkopuolella,ei_metsatalousmaata,0.67,2023,80,1943,0,0.33
5295468711,summittainen,2025,500,ennallaan,tuore_havainto,1.0,2023,78,1945,0,1.0
5295470446,tarkka,2025,1,ennallaan,tuore_havainto,1.0,2023,66,1957,0,1.0
5295475143,tarkka,2025,100,ennallaan,tuore_havainto,0.89,2023,66,1957,0,0.89
5716766312,tarkka,2025,4,ennallaan,tuore_havainto,1.0,2023,55,1968,0,1.0
5716842455,tarkka,2025,1,ennallaan,tuore_havainto,1.0,2023,61,1962,0,1.0
5716843079,tarkka,2025,1,ennallaan,tuore_havainto,1.0,2023,57,1966,0,1.0
5716843099,summittainen,2025,1000,epavarma,osa_alueesta_hakattu,0.11,2023,83,1940,2,1.0
5716843223,tarkka,2025,100,ulkopuolella,ei_metsatalousmaata,0.56,2023,66,1957,0,0.44
5716843539,tarkka,2025,1,ennallaan,tuore_havainto,0.67,2023,76,1947,1,0.78
5716843763,summittainen,2025,1000,epavarma,osa_alueesta_hakattu,0.11,2023,76,1947,2,0.67
5716843907,tarkka,2025,1,ennallaan,tuore_havainto,1.0,2023,71,1952,0,1.0
5716844115,tarkka,2025,1,epavarma,osa_alueesta_hakattu,0.33,2023,36,1987,2,1.0
5716844159,tarkka,2025,1,ennallaan,tuore_havainto,1.0,2023,50,1973,0,1.0
5716844222,tarkka,2025,1,ennallaan,tuore_havainto,1.0,2023,53,1970,0,1.0
5716844637,summittainen,2025,1000,ennallaan,tuore_havainto,0.56,2023,36,1987,1,0.67
5759669075,alueellinen,2025,4163,ei_tietoa,liian_epatarkka,,,,,,
5759694604,tarkka,2025,9,ennallaan,tuore_havainto,1.0,2023,55,1968,0,1.0
5759782413,alueellinen,2025,24467,ei_tietoa,liian_epatarkka,,,,,,
5759958948,tarkka,2025,5,ennallaan,tuore_havainto,0.67,2023,66,1957,0,0.67
5760010025,tarkka,2025,9,ennallaan,tuore_havainto,1.0,2023,56,1967,0,1.0
5760166558,tarkka,2025,7,ennallaan,tuore_havainto,1.0,2023,70,1953,0,1.0
5760251392,tarkka,2025,167,ulkopuolella,ei_metsatalousmaata,0.56,2023,54,1969,0,0.44
5760916415,tarkka,2025,16,ennallaan,tuore_havainto,1.0,2023,67,1956,0,1.0
5761768346,tarkka,2025,1,ennallaan,tuore_havainto,1.0,2023,63,1960,0,1.0
5761768448,tarkka,2025,1,ennallaan,tuore_havainto,1.0,2023,53,1970,0,1.0
5761768507,tarkka,2025,1,ennallaan,tuore_havainto,1.0,2023,47,1976,0,1.0
5762356807,tarkka,2025,1,ennallaan,tuore_havainto,1.0,2023,70,1953,0,1.0
5762360013,tarkka,2025,1,ennallaan,tuore_havainto,1.0,2023,82,1941,0,1.0
5762369188,tarkka,2025,1,ennallaan,tuore_havainto,1.0,2023,54,1969,0,1.0
5762417407,tarkka,2025,1,epavarma,osa_alueesta_hakattu,0.33,2023,48,1975,2,1.0
5828167319,tuntematon,2025,,ei_tietoa,liian_epatarkka,,,,,,
5830802846,tarkka,2025,4,ennallaan,tuore_havainto,1.0,2023,51,1972,0,1.0
5830848696,alueellinen,2025,24671,ei_tietoa,liian_epatarkka,,,,,,
5839199076,tarkka,2025,1,ennallaan,tuore_havainto,1.0,2023,64,1959,0,1.0
5868043365,tarkka,2025,77,epavarma,osa_alueesta_hakattu,0.11,2023,52,1971,2,0.89
5892121454,alueellinen,2025,5000,ei_tietoa,liian_epatarkka,,,,,,
5905089960,tarkka,2025,1,ennallaan,tuore_havainto,1.0,2023,87,1936,0,1.0
5909031163,tarkka,2025,4,epavarma,osa_alueesta_hakattu,0.11,2023,50,1973,2,0.67
5920195173,tarkka,2025,212,ennallaan,tuore_havainto,1.0,2023,82,1941,0,1.0
5920568141,summittainen,2025,1000,ulkopuolella,ei_metsatalousmaata,0.56,2023,50,1973,0,0.44
6165176467,summittainen,2025,1000,epavarma,osa_alueesta_hakattu,0.11,2023,91,1932,2,0.33
6235978977,tarkka,2025,8,ennallaan,tuore_havainto,0.67,2023,62,1961,0,0.67
6441801606,tarkka,2025,4,ennallaan,tuore_havainto,0.67,2023,72,1951,0,0.67
5760400865,tarkka,2025,8,ennallaan,tuore_havainto,1.0,2023,29,1994,0,1.0
5760665911,tarkka,2025,4,ennallaan,tuore_havainto,1.0,2023,91,1932,0,1.0
5762069617,tarkka,2025,2,ennallaan,tuore_havainto,1.0,2023,67,1956,0,1.0
5762150341,tarkka,2025,4,ennallaan,tuore_havainto,0.67,2023,50,1973,0,0.67
5762416363,summittainen,2025,1000,epavarma,osa_alueesta_hakattu,0.11,2023,44,1979,2,0.56
5762416396,tarkka,2025,1,ennallaan,tuore_havainto,0.78,2023,72,1951,0,0.78
5762417367,tarkka,2025,1,ennallaan,tuore_havainto,0.78,2023,64,1959,0,0.78
5762576834,summittainen,2025,1000,ennallaan,tuore_havainto,0.89,2023,63,1960,0,0.89
5762578882,summittainen,2025,1000,epavarma,osa_alueesta_hakattu,0.22,2023,44,1979,2,0.67
5762579118,tarkka,2025,1,ennallaan,tuore_havainto,0.89,2023,87,1936,0,0.89
5762584681,tarkka,2025,1,ennallaan,tuore_havainto,1.0,2023,70,1953,0,1.0
5794890821,tarkka,2025,1,ennallaan,tuore_havainto,1.0,2023,60,1963,0,1.0
5796879475,tarkka,2025,11,ennallaan,tuore_havainto,1.0,2023,77,1946,0,1.0
5797655007,tarkka,2025,100,ennallaan,tuore_havainto,1.0,2023,71,1952,0,1.0
5797656461,tarkka,2025,100,ennallaan,tuore_havainto,0.78,2023,46,1977,0,0.78
5822113737,tarkka,2025,1,ennallaan,tuore_havainto,1.0,2023,85,1938,0,1.0
5822117016,summittainen,2025,1000,ulkopuolella,ei_metsatalousmaata,0.67,2023,78,1945,0,0.33
5822118222,tarkka,2025,1,ennallaan,tuore_havainto,1.0,2023,60,1963,0,1.0
5822119257,tarkka,2025,1,ulkopuolella,ei_metsatalousmaata,0.78,2023,32,1991,0,0.22
5827436833,tarkka,2025,4,ennallaan,tuore_havainto,0.89,2023,49,1974,1,1.0
5828210952,alueellinen,2025,30663,ei_tietoa,liian_epatarkka,,,,,,
5828240735,summittainen,2025,282,ennallaan,tuore_havainto,1.0,2023,60,1963,0,1.0
5828401474,tarkka,2025,4,ennallaan,tuore_havainto,1.0,2023,55,1968,0,1.0
5828565418,tarkka,2025,4,ennallaan,tuore_havainto,0.89,2023,77,1946,0,0.89
5829299948,tarkka,2025,46,ennallaan,tuore_havainto,0.89,2023,61,1962,0,0.89
5829565380,tarkka,2025,1,ennallaan,tuore_havainto,1.0,2023,0,2023,0,1.0
5829784729,tarkka,2025,1,ennallaan,tuore_havainto,0.67,2023,108,1915,0,0.67
5829785338,summittainen,2025,1000,ennallaan,tuore_havainto,0.56,2023,36,1987,0,0.56
5829785364,tarkka,2025,1,ulkopuolella,ei_metsatalousmaata,0.56,2023,83,1940,0,0.44
5830342523,tarkka,2025,9,ennallaan,tuore_havainto,1.0,2023,74,1949,0,1.0
5830379084,summittainen,2025,887,ennallaan,tuore_havainto,0.89,2023,85,1938,0,0.89
5830431441,tarkka,2025,8,ennallaan,tuore_havainto,1.0,2023,69,1954,0,1.0
5830521214,tarkka,2025,6,ennallaan,tuore_havainto,0.78,2023,115,1908,0,0.78
5830668616,tuntematon,2025,,ei_tietoa,liian_epatarkka,,,,,,
5830672095,tuntematon,2025,,ei_tietoa,liian_epatarkka,,,,,,
5830693379,tarkka,2025,180,ennallaan,tuore_havainto,0.89,2023,50,1973,0,0.89
5830885066,tarkka,2025,3,ennallaan,tuore_havainto,0.78,2023,42,1981,0,0.78
5830963403,tarkka,2025,4,ennallaan,tuore_havainto,1.0,2023,74,1949,0,1.0
5830984405,summittainen,2025,855,epavarma,osa_alueesta_hakattu,0.22,2023,57,1966,2,1.0
5831067665,tarkka,2025,7,ennallaan,tuore_havainto,1.0,2023,61,1962,0,1.0
5832124221,tarkka,2025,5,ennallaan,tuore_havainto,0.78,2023,49,1974,0,0.78
5832381013,tarkka,2025,4,ennallaan,tuore_havainto,1.0,2023,59,1964,0,1.0
5836299011,tarkka,2025,1,ennallaan,tuore_havainto,1.0,2023,54,1969,0,1.0
5837863667,tuntematon,2025,,ei_tietoa,liian_epatarkka,,,,,,
5837937719,summittainen,2025,275,ennallaan,tuore_havainto,1.0,2023,84,1939,0,1.0
5837965703,tarkka,2025,10,ennallaan,tuore_havainto,0.89,2023,24,1999,0,0.89
5837999366,tuntematon,2025,,ei_tietoa,liian_epatarkka,,,,,,
5838043733,tarkka,2025,13,ennallaan,tuore_havainto,1.0,2023,32,1991,0,1.0
5838069553,alueellinen,2025,24381,ei_tietoa,liian_epatarkka,,,,,,
5838152145,tuntematon,2025,,ei_tietoa,liian_epatarkka,,,,,,
5838235950,tuntematon,2025,,ei_tietoa,liian_epatarkka,,,,,,
5838374865,tarkka,2025,3,ennallaan,tuore_havainto,1.0,2023,103,1920,0,1.0
5839197652,summittainen,2025,1000,ennallaan,tuore_havainto,0.56,2023,61,1962,0,0.56
5839197939,tarkka,2025,1,ennallaan,tuore_havainto,1.0,2023,64,1959,0,1.0
5839198488,summittainen,2025,1000,ennallaan,tuore_havainto,0.56,2023,90,1933,0,0.56
5839198607,tarkka,2025,1,ennallaan,tuore_havainto,1.0,2023,47,1976,0,1.0
5839198693,summittainen,2025,1000,ennallaan,tuore_havainto,0.67,2023,68,1955,0,0.67
5839198775,summittainen,2025,1000,ulkopuolella,ei_metsatalousmaata,0.56,2023,93,1930,0,0.44
5843787547,tarkka,2025,100,muuttunut,hakattu,0.56,2023,45,1978,2,0.78
5843787679,summittainen,2025,1000,epavarma,osa_alueesta_hakattu,0.11,2023,56,1967,2,0.78
5844779041,tarkka,2025,250,ennallaan,tuore_havainto,1.0,2023,90,1933,0,1.0
5844807990,tarkka,2025,250,ennallaan,tuore_havainto,1.0,2023,90,1933,0,1.0
5868337534,tuntematon,2025,,ei_tietoa,liian_epatarkka,,,,,,
5868395421,alueellinen,2025,24790,ei_tietoa,liian_epatarkka,,,,,,
5892586440,tuntematon,2025,,ei_tietoa,liian_epatarkka,,,,,,
5900912656,tarkka,2025,1,ennallaan,tuore_havainto,0.67,2023,114,1909,0,0.67
5905088119,tarkka,2025,1,ennallaan,tuore_havainto,1.0,2023,62,1961,0,1.0
5918108305,summittainen,2025,1000,ulkopuolella,ei_metsatalousmaata,0.78,2023,51,1972,0,0.22
5932030417,tuntematon,2025,,ei_tietoa,liian_epatarkka,,,,,,
5935213598,tuntematon,2025,,ei_tietoa,liian_epatarkka,,,,,,
6147269572,alueellinen,2025,24849,ei_tietoa,liian_epatarkka,,,,,,
6231944347,summittainen,2025,1000,ulkopuolella,ei_metsatalousmaata,0.56,2023,19,2004,0,0.44
6231944364,summittainen,2025,1000,ennallaan,tuore_havainto,1.0,2023,66,1957,0,1.0
6231945411,tarkka,2025,100,ennallaan,tuore_havainto,0.89,2023,64,1959,0,0.89
6445212475,tarkka,2025,100,ulkopuolella,ei_metsatalousmaata,0.56,2023,32,1991,0,0.44
6450796654,summittainen,2025,1000,epavarma,osa_alueesta_hakattu,0.22,2023,54,1969,2,0.67
6469909140,tuntematon,2025,,ei_tietoa,liian_epatarkka,,,,,,
5839197354,tarkka,2025,100,epavarma,osa_alueesta_hakattu,0.22,2023,89,1934,2,0.89
5839198747,summittainen,2025,1000,ennallaan,tuore_havainto,0.67,2023,67,1956,0,0.67
5839434403,tarkka,2025,1,ennallaan,tuore_havainto,1.0,2023,87,1936,0,1.0
5839874345,tarkka,2025,59,ennallaan,tuore_havainto,1.0,2023,56,1967,0,1.0
5840028247,tarkka,2025,165,ulkopuolella,ei_metsatalousmaata,1.0,2023,,,0,0.0
5840354292,summittainen,2025,899,epavarma,osa_alueesta_hakattu,0.33,2023,35,1988,2,1.0
5840438864,tuntematon,2025,,ei_tietoa,liian_epatarkka,,,,,,
5841016716,tarkka,2025,3,ennallaan,tuore_havainto,0.67,2023,43,1980,0,0.67
5843760410,tarkka,2025,1,ennallaan,tuore_havainto,0.67,2023,64,1959,0,0.67
5843787370,alueellinen,2025,10000,ei_tietoa,liian_epatarkka,,,,,,
5843787609,tarkka,2025,1,epavarma,osa_alueesta_hakattu,0.11,2023,103,1920,2,1.0
5843787880,summittainen,2025,1000,ennallaan,tuore_havainto,0.56,2023,85,1938,0,0.56
5843788005,tarkka,2025,10,ennallaan,tuore_havainto,1.0,2023,77,1946,0,1.0
5843788074,tarkka,2025,1,ennallaan,tuore_havainto,1.0,2023,83,1940,0,1.0
5843788082,tarkka,2025,1,ennallaan,tuore_havainto,1.0,2023,77,1946,0,1.0
5843788499,tarkka,2025,1,ennallaan,tuore_havainto,1.0,2023,94,1929,0,1.0
5844139029,tuntematon,2025,,ei_tietoa,liian_epatarkka,,,,,,
5844401623,tarkka,2025,139,ennallaan,tuore_havainto,1.0,2023,62,1961,0,1.0
5844451721,tarkka,2025,6,ennallaan,tuore_havainto,1.0,2023,23,2000,0,1.0
5857723269,alueellinen,2025,10000,ei_tietoa,liian_epatarkka,,,,,,
5859117333,tarkka,2025,1,ennallaan,tuore_havainto,1.0,2023,71,1952,0,1.0
5867952057,tuntematon,2025,,ei_tietoa,liian_epatarkka,,,,,,
5868302245,alueellinen,2025,24381,ei_tietoa,liian_epatarkka,,,,,,
5888911532,tarkka,2025,1,ennallaan,tuore_havainto,0.67,2023,0,2023,0,0.67
5890365053,tarkka,2025,65,ennallaan,tuore_havainto,1.0,2023,64,1959,0,1.0
5891251422,alueellinen,2025,10000,ei_tietoa,liian_epatarkka,,,,,,
5891257245,alueellinen,2025,10000,ei_tietoa,liian_epatarkka,,,,,,
5896863218,tarkka,2025,1,ennallaan,tuore_havainto,1.0,2023,82,1941,0,1.0
5896866071,tarkka,2025,1,ennallaan,tuore_havainto,1.0,2023,56,1967,0,1.0
6163263594,summittainen,2025,399,epavarma,osa_alueesta_hakattu,0.11,2023,52,1971,2,0.56
6231948350,summittainen,2025,1000,ennallaan,tuore_havainto,0.67,2023,50,1973,0,0.67
6235892641,tarkka,2025,4,ennallaan,tuore_havainto,1.0,2023,59,1964,0,1.0
6450797359,tarkka,2025,1,ennallaan,tuore_havainto,0.89,2023,76,1947,0,0.89
5892626396,tarkka,2025,6,ennallaan,tuore_havainto,1.0,2023,48,1975,0,1.0
5892744796,summittainen,2025,830,epavarma,osa_alueesta_hakattu,0.22,2023,42,1981,2,1.0
5892900049,alueellinen,2025,1624,ei_tietoa,liian_epatarkka,,,,,,
5896474011,summittainen,2025,1000,ulkopuolella,ei_metsatalousmaata,0.56,2023,47,1976,0,0.44
5897756824,tarkka,2025,3,ennallaan,tuore_havainto,0.67,2023,61,1962,0,0.67
5909085538,tarkka,2025,14,ulkopuolella,ei_metsatalousmaata,0.78,2023,79,1944,0,0.22
5920565416,summittainen,2025,1000,ulkopuolella,ei_metsatalousmaata,0.67,2023,62,1961,0,0.33
5935343674,tuntematon,2025,,ei_tietoa,liian_epatarkka,,,,,,
6130325402,alueellinen,2025,24790,ei_tietoa,liian_epatarkka,,,,,,
6319965372,tarkka,2025,1,ennallaan,tuore_havainto,1.0,2023,46,1977,0,1.0
5222794337,summittainen,2025,1000,ennallaan,tuore_havainto,0.78,2023,57,1966,0,0.78
5716842814,summittainen,2025,1000,ennallaan,tuore_havainto,0.78,2023,63,1960,0,0.78
5762417063,tarkka,2025,1,ennallaan,tuore_havainto,1.0,2023,83,1940,0,1.0
4898430712,tarkka,2024,10,ennallaan,tuore_havainto,1.0,2023,52,1971,0,1.0
4901195719,tarkka,2024,92,ennallaan,tuore_havainto,1.0,2023,47,1976,0,1.0
4902976813,tarkka,2024,1,ennallaan,tuore_havainto,0.89,2023,65,1958,0,0.89
4904589438,summittainen,2024,1000,ennallaan,tuore_havainto,0.67,2023,68,1955,0,0.67
4909021330,tarkka,2024,8,ulkopuolella,ei_metsatalousmaata,0.67,2023,48,1975,0,0.33
5076827458,tarkka,2024,22,ulkopuolella,ei_metsatalousmaata,1.0,2023,,,0,0.0
4904112364,tarkka,2024,3,ulkopuolella,ei_metsatalousmaata,1.0,2023,,,0,0.0
4904589496,tarkka,2024,1,ennallaan,tuore_havainto,1.0,2023,68,1955,0,1.0
4904589672,tarkka,2024,10,ennallaan,tuore_havainto,0.78,2023,33,1990,0,0.78
4904627741,tarkka,2024,1,ennallaan,tuore_havainto,1.0,2023,57,1966,0,1.0
4904632893,tarkka,2024,1,ennallaan,tuore_havainto,1.0,2023,78,1945,0,1.0
4905687989,tarkka,2024,1,ennallaan,tuore_havainto,1.0,2023,44,1979,0,1.0
4905695298,summittainen,2024,1000,epavarma,osa_alueesta_hakattu,0.22,2023,44,1979,2,0.67
4907086331,tarkka,2024,1,ennallaan,tuore_havainto,1.0,2023,65,1958,0,1.0
4907086347,tarkka,2024,1,ennallaan,tuore_havainto,1.0,2023,43,1980,0,1.0
4907086396,tarkka,2024,1,epavarma,osa_alueesta_hakattu,0.11,2023,31,1992,2,1.0
4907086502,tarkka,2024,1,ennallaan,tuore_havainto,1.0,2023,32,1991,0,1.0
4907086516,tarkka,2024,1,ennallaan,tuore_havainto,0.56,2023,76,1947,1,0.67
4907086602,tarkka,2024,1,ennallaan,tuore_havainto,1.0,2023,53,1970,0,1.0
4907792313,summittainen,2024,1000,ennallaan,tuore_havainto,0.78,2023,60,1963,0,0.78
4908058664,tarkka,2024,19,ennallaan,tuore_havainto,0.78,2023,51,1972,0,0.78
4908348758,tarkka,2024,162,epavarma,osa_alueesta_hakattu,0.11,2023,47,1976,2,0.33
4908603334,alueellinen,2024,3000,ei_tietoa,liian_epatarkka,,,,,,
4908632706,summittainen,2024,615,ennallaan,tuore_havainto,0.78,2023,60,1963,0,0.78
4908661691,tarkka,2024,102,ennallaan,tuore_havainto,0.89,2023,63,1960,0,0.89
4908698732,alueellinen,2024,24583,ei_tietoa,liian_epatarkka,,,,,,
4908740862,tarkka,2024,142,ulkopuolella,ei_metsatalousmaata,0.89,2023,0,2023,0,0.11
4908759304,tuntematon,2024,,ei_tietoa,liian_epatarkka,,,,,,
4908885535,tarkka,2024,3,ennallaan,tuore_havainto,1.0,2023,75,1948,0,1.0
4908930278,alueellinen,2024,24612,ei_tietoa,liian_epatarkka,,,,,,
4909069024,alueellinen,2024,24612,ei_tietoa,liian_epatarkka,,,,,,
4909120809,alueellinen,2024,24849,ei_tietoa,liian_epatarkka,,,,,,
4909953006,tarkka,2024,1,ennallaan,tuore_havainto,1.0,2023,77,1946,0,1.0
4910611309,summittainen,2024,1000,ulkopuolella,ei_metsatalousmaata,0.67,2023,54,1969,0,0.33
4910623367,tarkka,2024,1,ennallaan,tuore_havainto,1.0,2023,57,1966,0,1.0
4910623385,tarkka,2024,1,ennallaan,tuore_havainto,0.67,2023,44,1979,0,0.67
4910623396,tarkka,2024,1,ennallaan,tuore_havainto,0.78,2023,71,1952,0,0.78
4910623502,tarkka,2024,1,ennallaan,tuore_havainto,1.0,2023,91,1932,0,1.0
4910623701,tarkka,2024,1,ennallaan,tuore_havainto,1.0,2023,81,1942,0,1.0
4910623840,tarkka,2024,1,ennallaan,tuore_havainto,1.0,2023,83,1940,0,1.0
4910648488,alueellinen,2024,24790,ei_tietoa,liian_epatarkka,,,,,,
4911121165,alueellinen,2024,24583,ei_tietoa,liian_epatarkka,,,,,,
4911132804,alueellinen,2024,1299,ei_tietoa,liian_epatarkka,,,,,,
4919120492,tarkka,2024,2,ennallaan,tuore_havainto,1.0,2023,53,1970,0,1.0
4919638602,alueellinen,2024,1005,ei_tietoa,liian_epatarkka,,,,,,
4919728015,tarkka,2024,60,epavarma,osa_alueesta_hakattu,0.33,2023,36,1987,2,0.89
4919746299,tarkka,2024,123,ennallaan,tuore_havainto,1.0,2023,55,1968,0,1.0
4919793590,tarkka,2024,1,ennallaan,tuore_havainto,1.0,2023,42,1981,0,1.0
4919810770,tarkka,2024,1,ennallaan,tuore_havainto,0.67,2023,62,1961,0,0.67
4921087307,tarkka,2024,100,ennallaan,tuore_havainto,0.56,2023,54,1969,1,0.89
4921087365,tarkka,2024,1,ennallaan,tuore_havainto,1.0,2023,95,1928,0,1.0
4921087735,tarkka,2024,1,ennallaan,tuore_havainto,1.0,2023,66,1957,0,1.0
4921088088,tarkka,2024,1,ennallaan,tuore_havainto,1.0,2023,43,1980,0,1.0
4921088099,tarkka,2024,1,ennallaan,tuore_havainto,1.0,2023,52,1971,0,1.0
4921695517,tarkka,2024,2,ennallaan,tuore_havainto,1.0,2023,45,1978,0,1.0
4923595504,tarkka,2024,14,ennallaan,tuore_havainto,1.0,2023,50,1973,0,1.0
4923967091,tarkka,2024,9,ennallaan,tuore_havainto,0.78,2023,58,1965,0,0.78
4925813733,alueellinen,2024,24760,ei_tietoa,liian_epatarkka,,,,,,
4926206788,summittainen,2024,410,ennallaan,tuore_havainto,0.56,2023,59,1964,0,0.56
4931964573,tarkka,2024,5,ulkopuolella,ei_metsatalousmaata,0.56,2023,64,1959,0,0.44
4936583973,alueellinen,2024,24381,ei_tietoa,liian_epatarkka,,,,,,
4938777989,tarkka,2024,100,ennallaan,tuore_havainto,1.0,2023,73,1950,0,1.0
4978388720,tuntematon,2024,,ei_tietoa,liian_epatarkka,,,,,,
4987452879,tarkka,2024,22,ulkopuolella,ei_metsatalousmaata,1.0,2023,,,0,0.0
4987538446,tuntematon,2024,,ei_tietoa,liian_epatarkka,,,,,,
4987665489,tuntematon,2024,,ei_tietoa,liian_epatarkka,,,,,,
4987689787,tarkka,2024,8,ennallaan,tuore_havainto,0.67,2023,87,1936,0,0.67
4987803929,alueellinen,2024,24879,ei_tietoa,liian_epatarkka,,,,,,
4987834160,tarkka,2024,4,ennallaan,tuore_havainto,1.0,2023,55,1968,0,1.0
5076782613,tarkka,2024,8,ennallaan,tuore_havainto,1.0,2023,101,1922,0,1.0
5076783450,tarkka,2024,112,ennallaan,tuore_havainto,0.67,2023,61,1962,0,0.67
5076789554,alueellinen,2024,24819,ei_tietoa,liian_epatarkka,,,,,,
5076801604,alueellinen,2024,18832,ei_tietoa,liian_epatarkka,,,,,,
5076803648,tarkka,2024,11,ennallaan,tuore_havainto,0.78,2023,64,1959,0,0.78
5076811572,tarkka,2024,6,ennallaan,tuore_havainto,1.0,2023,61,1962,0,1.0
5076819623,tarkka,2024,4,ennallaan,tuore_havainto,0.67,2023,44,1979,0,0.67
5076824479,tarkka,2024,4,ennallaan,tuore_havainto,1.0,2023,65,1958,0,1.0
5076825606,alueellinen,2024,24612,ei_tietoa,liian_epatarkka,,,,,,
5076835610,alueellinen,2024,24612,ei_tietoa,liian_epatarkka,,,,,,
5076845591,tarkka,2024,54,ennallaan,tuore_havainto,1.0,2023,42,1981,0,1.0
5076846532,tuntematon,2024,,ei_tietoa,liian_epatarkka,,,,,,
5076887573,tarkka,2024,100,ulkopuolella,ei_metsatalousmaata,1.0,2023,,,0,0.0
5149191317,tarkka,2024,1,ennallaan,tuore_havainto,1.0,2023,36,1987,0,1.0
5149193307,tarkka,2024,1,ennallaan,tuore_havainto,1.0,2023,29,1994,0,1.0
5149202311,tarkka,2024,1,ennallaan,tuore_havainto,0.56,2023,38,1985,0,0.56
5149205306,tarkka,2024,1,epavarma,osa_alueesta_hakattu,0.11,2023,50,1973,2,1.0
5149206307,tarkka,2024,1,ulkopuolella,ei_metsatalousmaata,1.0,2023,,,0,0.0
5149208311,tarkka,2024,1,ulkopuolella,ei_metsatalousmaata,1.0,2023,,,0,0.0
5937737482,summittainen,2024,1000,ulkopuolella,ei_metsatalousmaata,0.78,2023,74,1949,0,0.22
6252095285,tarkka,2024,5,ulkopuolella,ei_metsatalousmaata,0.56,2023,29,1994,0,0.44
4920320305,alueellinen,2024,10000,ei_tietoa,liian_epatarkka,,,,,,
4920471906,summittainen,2024,1000,epavarma,osa_alueesta_hakattu,0.33,2023,37,1986,2,1.0
4920472459,tarkka,2024,1,ennallaan,tuore_havainto,0.78,2023,54,1969,0,0.78
4921087845,tarkka,2024,1,ulkopuolella,ei_metsatalousmaata,0.56,2023,71,1952,0,0.44
4921087867,tarkka,2024,1,ennallaan,tuore_havainto,0.89,2023,79,1944,0,0.89
4921088603,tarkka,2024,1,epavarma,hakkuuaikomus,0.67,2023,70,1953,1,1.0
4921088727,tarkka,2024,1,ennallaan,tuore_havainto,1.0,2023,91,1932,0,1.0
4921088855,tarkka,2024,1,ennallaan,tuore_havainto,1.0,2023,65,1958,0,1.0
4921827796,tarkka,2024,53,ulkopuolella,ei_metsatalousmaata,0.78,2023,39,1984,0,0.22
4921831078,alueellinen,2024,1004,ei_tietoa,liian_epatarkka,,,,,,
4921838433,tuntematon,2024,,ei_tietoa,liian_epatarkka,,,,,,
4921941675,alueellinen,2024,24760,ei_tietoa,liian_epatarkka,,,,,,
4921960876,tuntematon,2024,,ei_tietoa,liian_epatarkka,,,,,,
4921975545,tarkka,2024,9,ulkopuolella,ei_metsatalousmaata,0.56,2023,124,1899,0,0.44
4922041264,alueellinen,2024,24849,ei_tietoa,liian_epatarkka,,,,,,
4923098312,summittainen,2024,1000,ennallaan,tuore_havainto,0.67,2023,89,1934,0,0.67
4923098320,tarkka,2024,100,ennallaan,tuore_havainto,0.78,2023,42,1981,0,0.78
4923098364,alueellinen,2024,10000,ei_tietoa,liian_epatarkka,,,,,,
4923098384,summittainen,2024,1000,ennallaan,tuore_havainto,0.78,2023,58,1965,1,0.89
4923315596,tarkka,2024,1,ulkopuolella,ei_metsatalousmaata,0.67,2023,65,1958,0,0.33
4923318654,tarkka,2024,1,ulkopuolella,ei_metsatalousmaata,0.56,2023,86,1937,0,0.44
4923320829,tarkka,2024,1,ennallaan,tuore_havainto,0.89,2023,68,1955,0,0.89
4923323940,summittainen,2024,1000,epavarma,osa_alueesta_hakattu,0.22,2023,65,1958,2,0.89
4923325360,tarkka,2024,1,ulkopuolella,ei_metsatalousmaata,0.67,2023,50,1973,0,0.33
4923326884,tarkka,2024,1,ennallaan,tuore_havainto,0.67,2023,68,1955,0,0.67
4923740510,tuntematon,2024,,ei_tietoa,liian_epatarkka,,,,,,
4923760001,alueellinen,2024,14680,ei_tietoa,liian_epatarkka,,,,,,
4923777262,tarkka,2024,3,ennallaan,tuore_havainto,1.0,2023,92,1931,0,1.0
4923786445,tarkka,2024,36,ennallaan,tuore_havainto,0.89,2023,100,1923,0,0.89
4923852783,tarkka,2024,9,ennallaan,tuore_havainto,1.0,2023,57,1966,0,1.0
4924070288,alueellinen,2024,16800,ei_tietoa,liian_epatarkka,,,,,,
4924108618,alueellinen,2024,4411,ei_tietoa,liian_epatarkka,,,,,,
4924125840,alueellinen,2024,1005,ei_tietoa,liian_epatarkka,,,,,,
4924134238,tuntematon,2024,,ei_tietoa,liian_epatarkka,,,,,,
4924173569,tarkka,2024,76,ennallaan,tuore_havainto,1.0,2023,81,1942,0,1.0
4924407301,tarkka,2024,1,ennallaan,tuore_havainto,1.0,2023,101,1922,0,1.0
4924407512,tarkka,2024,1,ennallaan,tuore_havainto,0.78,2023,75,1948,0,0.78
4924408044,tarkka,2024,100,ulkopuolella,ei_metsatalousmaata,0.89,2023,128,1895,0,0.11
4924408332,tarkka,2024,100,ennallaan,tuore_havainto,0.78,2023,57,1966,0,0.78
4924408357,tarkka,2024,1,ennallaan,tuore_havainto,1.0,2023,75,1948,0,1.0
4924408382,alueellinen,2024,10000,ei_tietoa,liian_epatarkka,,,,,,
4924824826,summittainen,2024,1000,ennallaan,tuore_havainto,0.89,2023,56,1967,0,0.89
4924826878,tarkka,2024,100,ennallaan,tuore_havainto,1.0,2023,94,1929,0,1.0
4924831802,summittainen,2024,1000,ennallaan,tuore_havainto,0.78,2023,80,1943,0,0.78
4925896610,tarkka,2024,8,ennallaan,tuore_havainto,1.0,2023,53,1970,0,1.0
4925927842,tuntematon,2024,,ei_tietoa,liian_epatarkka,,,,,,
4925944443,alueellinen,2024,3000,ei_tietoa,liian_epatarkka,,,,,,
4925958076,alueellinen,2024,24671,ei_tietoa,liian_epatarkka,,,,,,
4926125800,tuntematon,2024,,ei_tietoa,liian_epatarkka,,,,,,
4926193561,alueellinen,2024,24496,ei_tietoa,liian_epatarkka,,,,,,
4926374752,tarkka,2024,8,ennallaan,tuore_havainto,1.0,2023,78,1945,0,1.0
4926451350,summittainen,2024,1000,epavarma,osa_alueesta_hakattu,0.22,2023,56,1967,2,0.89
4926451362,summittainen,2024,1000,epavarma,osa_alueesta_hakattu,0.11,2023,40,1983,2,0.44
4926451382,tarkka,2024,1,ulkopuolella,ei_metsatalousmaata,1.0,2023,,,0,0.0
4926451419,summittainen,2024,1000,epavarma,osa_alueesta_hakattu,0.11,2023,66,1957,2,0.78
4926453304,tarkka,2024,1,ennallaan,tuore_havainto,1.0,2023,83,1940,0,1.0
4926453325,tarkka,2024,1,ennallaan,tuore_havainto,1.0,2023,91,1932,0,1.0
4926453354,tarkka,2024,1,ennallaan,tuore_havainto,1.0,2023,102,1921,0,1.0
4926453360,tarkka,2024,1,ennallaan,tuore_havainto,1.0,2023,57,1966,0,1.0
4927217337,tarkka,2024,1,ennallaan,tuore_havainto,1.0,2023,60,1963,0,1.0
4927217390,tarkka,2024,1,ennallaan,tuore_havainto,0.78,2023,55,1968,0,0.78
4927217602,tarkka,2024,1,ennallaan,tuore_havainto,1.0,2023,62,1961,0,1.0
4927217753,tarkka,2024,1,ennallaan,tuore_havainto,1.0,2023,49,1974,0,1.0
4927217771,summittainen,2024,1000,ennallaan,tuore_havainto,0.78,2023,57,1966,0,0.78
4927217801,tarkka,2024,1,ennallaan,tuore_havainto,1.0,2023,46,1977,0,1.0
4927217950,tarkka,2024,1,ennallaan,tuore_havainto,0.67,2023,89,1934,0,0.67
4927217970,tarkka,2024,1,ennallaan,tuore_havainto,1.0,2023,91,1932,0,1.0
4927595356,tarkka,2024,1,ennallaan,tuore_havainto,0.89,2023,98,1925,0,0.89
4927604910,tarkka,2024,100,ennallaan,tuore_havainto,0.89,2023,65,1958,0,0.89
4929449479,tarkka,2024,1,ennallaan,tuore_havainto,1.0,2023,53,1970,0,1.0
4932047018,tarkka,2024,5,ulkopuolella,ei_metsatalousmaata,0.67,2023,49,1974,0,0.33
4932668475,tarkka,2024,4,ennallaan,tuore_havainto,1.0,2023,94,1929,0,1.0
4934254927,tarkka,2024,5,ennallaan,tuore_havainto,0.67,2023,49,1974,0,0.67
4935494587,tarkka,2024,6,ennallaan,tuore_havainto,0.89,2023,54,1969,0,0.89
4935642218,tarkka,2024,7,ennallaan,tuore_havainto,1.0,2023,52,1971,0,1.0
4935685021,alueellinen,2024,24612,ei_tietoa,liian_epatarkka,,,,,,
4935841125,tuntematon,2024,,ei_tietoa,liian_epatarkka,,,,,,
4936205926,alueellinen,2024,4159,ei_tietoa,liian_epatarkka,,,,,,
4937137183,tuntematon,2024,,ei_tietoa,liian_epatarkka,,,,,,
4938777480,tarkka,2024,100,epavarma,osa_alueesta_hakattu,0.11,2023,54,1969,2,0.89
4938781743,tarkka,2024,100,epavarma,osa_alueesta_hakattu,0.11,2023,45,1978,2,0.78
4939479647,summittainen,2024,1000,epavarma,osa_alueesta_hakattu,0.11,2023,55,1968,2,0.67
4939480203,alueellinen,2024,10000,ei_tietoa,liian_epatarkka,,,,,,
4953135902,tuntematon,2024,,ei_tietoa,liian_epatarkka,,,,,,
4977388323,tarkka,2024,100,ennallaan,tuore_havainto,0.89,2023,76,1947,0,0.89
4987528645,tarkka,2024,7,ennallaan,tuore_havainto,0.78,2023,70,1953,0,0.78
4987823254,tuntematon,2024,,ei_tietoa,liian_epatarkka,,,,,,
5000542505,tarkka,2024,100,ennallaan,tuore_havainto,1.0,2023,46,1977,0,1.0
5000542545,tarkka,2024,10,ennallaan,tuore_havainto,1.0,2023,64,1959,0,1.0
5076797653,summittainen,2024,488,epavarma,osa_alueesta_hakattu,0.22,2023,63,1960,2,0.78
5076805713,tarkka,2024,6,ennallaan,tuore_havainto,1.0,2023,57,1966,0,1.0
5076808751,tarkka,2024,4,ennallaan,tuore_havainto,0.67,2023,51,1972,0,0.67
5076814685,tarkka,2024,3,ennallaan,tuore_havainto,1.0,2023,66,1957,0,1.0
5080110420,tuntematon,2024,,ei_tietoa,liian_epatarkka,,,,,,
5132565375,summittainen,2024,1000,epavarma,osa_alueesta_hakattu,0.11,2023,48,1975,2,0.78
5149195329,summittainen,2024,1000,ennallaan,tuore_havainto,0.78,2023,84,1939,0,0.78
5198798788,summittainen,2024,992,ulkopuolella,ei_metsatalousmaata,0.67,2023,85,1938,0,0.33
5222776316,tarkka,2024,100,ulkopuolella,ei_metsatalousmaata,0.89,2023,25,1998,0,0.11
5839910758,tarkka,2024,167,ennallaan,tuore_havainto,0.78,2023,73,1950,0,0.78
6183180577,tarkka,2024,5,ennallaan,tuore_havainto,1.0,2023,44,1979,0,1.0
6184505347,summittainen,2024,1000,epavarma,osa_alueesta_hakattu,0.11,2023,31,1992,2,0.89
6290824333,tarkka,2024,1,ennallaan,tuore_havainto,0.89,2023,51,1972,0,0.89
6352448037,tarkka,2024,133,epavarma,osa_alueesta_hakattu,0.11,2023,47,1976,2,0.56
6353215001,tarkka,2024,9,ennallaan,tuore_havainto,0.78,2023,68,1955,0,0.78
4929449346,tarkka,2024,1,ennallaan,tuore_havainto,1.0,2023,117,1906,0,1.0
4929449371,summittainen,2024,1000,ulkopuolella,ei_metsatalousmaata,0.56,2023,67,1956,0,0.44
4929449403,tarkka,2024,100,ulkopuolella,ei_metsatalousmaata,0.44,2023,35,1988,1,0.56
4929449700,tarkka,2024,1,ennallaan,tuore_havainto,1.0,2023,56,1967,0,1.0
4929449861,tarkka,2024,1,ennallaan,tuore_havainto,0.67,2023,41,1982,0,0.67
4929449965,summittainen,2024,1000,ennallaan,tuore_havainto,0.56,2023,55,1968,0,0.56
4929450117,tarkka,2024,100,ennallaan,tuore_havainto,0.89,2023,73,1950,0,0.89
4929450129,summittainen,2024,1000,ennallaan,tuore_havainto,1.0,2023,58,1965,0,1.0
4929450244,summittainen,2024,1000,ennallaan,tuore_havainto,1.0,2023,62,1961,0,1.0
4929450491,tarkka,2024,1,ennallaan,tuore_havainto,1.0,2023,38,1985,0,1.0
4939435316,summittainen,2024,1000,ennallaan,tuore_havainto,0.89,2023,71,1952,0,0.89
4939435346,summittainen,2024,1000,ennallaan,tuore_havainto,0.89,2023,69,1954,0,0.89
4939481744,summittainen,2024,1000,ulkopuolella,ei_metsatalousmaata,0.56,2023,50,1973,0,0.44
4943132343,tarkka,2024,1,ennallaan,tuore_havainto,1.0,2023,104,1919,0,1.0
4943132516,tarkka,2024,1,ennallaan,tuore_havainto,1.0,2023,92,1931,0,1.0
4943132544,tarkka,2024,1,ennallaan,tuore_havainto,1.0,2023,69,1954,0,1.0
4943132586,tarkka,2024,1,ennallaan,tuore_havainto,1.0,2023,45,1978,0,1.0
4943132815,tarkka,2024,100,ulkopuolella,ei_metsatalousmaata,0.56,2023,71,1952,0,0.44
4943133063,tarkka,2024,1,ennallaan,tuore_havainto,1.0,2023,57,1966,0,1.0
4943133181,summittainen,2024,1000,epavarma,osa_alueesta_hakattu,0.33,2023,37,1986,2,0.78
4943133208,tarkka,2024,1,ennallaan,tuore_havainto,1.0,2023,80,1943,0,1.0
4943133527,tarkka,2024,100,ennallaan,tuore_havainto,0.89,2023,56,1967,0,0.89
4945486729,summittainen,2024,372,ennallaan,tuore_havainto,1.0,2023,66,1957,0,1.0
4945693432,alueellinen,2024,5766,ei_tietoa,liian_epatarkka,,,,,,
4945732461,summittainen,2024,976,epavarma,osa_alueesta_hakattu,0.11,2023,32,1991,2,0.56
4945770193,tuntematon,2024,,ei_tietoa,liian_epatarkka,,,,,,
4946105532,tuntematon,2024,,ei_tietoa,liian_epatarkka,,,,,,
4946326928,alueellinen,2024,24353,ei_tietoa,liian_epatarkka,,,,,,
4946499750,alueellinen,2024,2702,ei_tietoa,liian_epatarkka,,,,,,
4946513688,alueellinen,2024,15010,ei_tietoa,liian_epatarkka,,,,,,
4946986895,summittainen,2024,1000,ulkopuolella,ei_metsatalousmaata,0.56,2023,64,1959,0,0.44
4946987008,summittainen,2024,1000,ulkopuolella,ei_metsatalousmaata,0.56,2023,77,1946,0,0.44
4950072255,tarkka,2024,5,ennallaan,tuore_havainto,1.0,2023,71,1952,0,1.0
4950254240,tarkka,2024,115,ennallaan,tuore_havainto,1.0,2023,77,1946,0,1.0
4952217534,tarkka,2024,76,ulkopuolella,ei_metsatalousmaata,1.0,2023,,,0,0.0
4952230811,tarkka,2024,3,ennallaan,tuore_havainto,1.0,2023,78,1945,0,1.0
4952534522,summittainen,2024,400,ulkopuolella,ei_metsatalousmaata,0.78,2023,91,1932,0,0.22
4952929026,tarkka,2024,43,ennallaan,tuore_havainto,0.67,2023,83,1940,0,0.67
4952942565,alueellinen,2024,1005,ei_tietoa,liian_epatarkka,,,,,,
4953002200,alueellinen,2024,24819,ei_tietoa,liian_epatarkka,,,,,,
4953117054,tarkka,2024,20,ennallaan,tuore_havainto,0.56,2023,66,1957,0,0.56
4953174896,tarkka,2024,5,ulkopuolella,ei_metsatalousmaata,0.56,2023,55,1968,0,0.44
4956709920,tarkka,2024,6,ennallaan,tuore_havainto,0.89,2023,84,1939,0,0.89
4956758456,tarkka,2024,5,ennallaan,tuore_havainto,1.0,2023,85,1938,0,1.0
4957000093,tarkka,2024,22,ennallaan,tuore_havainto,0.89,2023,59,1964,0,0.89
4957429872,tarkka,2024,170,ulkopuolella,ei_metsatalousmaata,0.89,2023,64,1959,0,0.11
4977388340,summittainen,2024,1000,ennallaan,tuore_havainto,0.89,2023,89,1934,0,0.89
4977388375,summittainen,2024,1000,ennallaan,tuore_havainto,0.78,2023,80,1943,0,0.78
4978998092,summittainen,2024,1000,ennallaan,tuore_havainto,0.89,2023,78,1945,0,0.89
4979541485,tarkka,2024,1,ulkopuolella,ei_metsatalousmaata,1.0,2023,,,0,0.0
4979541495,tarkka,2024,1,ennallaan,tuore_havainto,0.67,2023,60,1963,0,0.67
4979541561,tarkka,2024,1,ennallaan,tuore_havainto,1.0,2023,87,1936,0,1.0
4979542880,tarkka,2024,1,ennallaan,tuore_havainto,1.0,2023,54,1969,0,1.0
4979543544,tarkka,2024,1,ennallaan,tuore_havainto,1.0,2023,56,1967,0,1.0
4979544646,tarkka,2024,1,ennallaan,tuore_havainto,1.0,2023,55,1968,0,1.0
4980129350,tarkka,2024,1,ennallaan,tuore_havainto,1.0,2023,71,1952,0,1.0
4980129359,tarkka,2024,1,ennallaan,tuore_havainto,1.0,2023,61,1962,0,1.0
4980129372,tarkka,2024,1,epavarma,osa_alueesta_hakattu,0.11,2023,48,1975,2,1.0
4980129423,tarkka,2024,1,ennallaan,tuore_havainto,1.0,2023,63,1960,0,1.0
4987458883,alueellinen,2024,1414,ei_tietoa,liian_epatarkka,,,,,,
4987599418,tarkka,2024,10,ennallaan,tuore_havainto,0.67,2023,68,1955,0,0.67
4987659929,tarkka,2024,5,ennallaan,tuore_havainto,1.0,2023,65,1958,0,1.0
4987668439,tarkka,2024,82,ulkopuolella,ei_metsatalousmaata,0.56,2023,75,1948,0,0.44
4987708693,summittainen,2024,488,epavarma,osa_alueesta_hakattu,0.22,2023,63,1960,2,0.78
4987730422,tarkka,2024,3,epavarma,osa_alueesta_hakattu,0.33,2023,44,1979,2,1.0
5066431453,tuntematon,2024,,ei_tietoa,liian_epatarkka,,,,,,
5076821735,alueellinen,2024,1414,ei_tietoa,liian_epatarkka,,,,,,
5099146377,summittainen,2024,1000,ulkopuolella,ei_metsatalousmaata,0.89,2023,45,1978,0,0.11
5100651701,summittainen,2024,1000,ennallaan,tuore_havainto,0.56,2023,54,1969,0,0.56
5106373354,summittainen,2024,1000,epavarma,osa_alueesta_hakattu,0.11,2023,51,1972,2,0.11
5216911927,tarkka,2024,6,ennallaan,tuore_havainto,1.0,2023,85,1938,0,1.0
6215492347,summittainen,2024,1000,ennallaan,tuore_havainto,0.56,2023,53,1970,0,0.56
4952449997,tarkka,2024,35,ulkopuolella,ei_metsatalousmaata,1.0,2023,,,0,0.0
4954540006,tarkka,2024,7,ennallaan,tuore_havainto,1.0,2023,80,1943,0,1.0
4954596064,tuntematon,2024,,ei_tietoa,liian_epatarkka,,,,,,
4957748625,tarkka,2024,5,ennallaan,tuore_havainto,1.0,2023,53,1970,0,1.0
4973800266,tarkka,2024,75,ulkopuolella,ei_metsatalousmaata,0.56,2023,17,2006,0,0.44
4973872695,alueellinen,2024,24790,ei_tietoa,liian_epatarkka,,,,,,
4974127850,tarkka,2024,3,muuttunut,hakattu,0.56,2023,68,1955,2,1.0
4974207140,tuntematon,2024,,ei_tietoa,liian_epatarkka,,,,,,
4974327570,tarkka,2024,3,ennallaan,tuore_havainto,0.67,2023,81,1942,0,0.67
4976611475,alueellinen,2024,4163,ei_tietoa,liian_epatarkka,,,,,,
4977388348,alueellinen,2024,10000,ei_tietoa,liian_epatarkka,,,,,,
4979044109,tarkka,2024,1,ennallaan,tuore_havainto,1.0,2023,33,1990,0,1.0
4979044679,tarkka,2024,1,ennallaan,tuore_havainto,1.0,2023,71,1952,0,1.0
4979541906,tarkka,2024,1,ulkopuolella,ei_metsatalousmaata,1.0,2023,,,0,0.0
4979542550,tarkka,2024,1,ennallaan,tuore_havainto,1.0,2023,23,2000,0,1.0
4979542584,tarkka,2024,1,ennallaan,tuore_havainto,1.0,2023,73,1950,0,1.0
4979543601,summittainen,2024,1000,epavarma,osa_alueesta_hakattu,0.11,2023,33,1990,2,0.56
4979544775,tarkka,2024,1,ennallaan,tuore_havainto,1.0,2023,58,1965,0,1.0
4985645954,tarkka,2024,5,ennallaan,tuore_havainto,1.0,2023,60,1963,0,1.0
4987747364,tarkka,2024,3,ennallaan,tuore_havainto,1.0,2023,79,1944,0,1.0
5029068542,tarkka,2024,1,ennallaan,tuore_havainto,1.0,2023,67,1956,0,1.0
5029068658,tarkka,2024,10,muuttunut,hakattu,1.0,2023,89,1934,2,1.0
5058087241,tarkka,2024,100,ulkopuolella,ei_metsatalousmaata,0.78,2023,82,1941,0,0.22
5215862259,tuntematon,2024,,ei_tietoa,liian_epatarkka,,,,,,
5217614228,tuntematon,2024,,ei_tietoa,liian_epatarkka,,,,,,
6252825449,tarkka,2024,19,ulkopuolella,ei_metsatalousmaata,1.0,2023,,,0,0.0
4979044245,tarkka,2024,1,ennallaan,tuore_havainto,1.0,2023,101,1922,0,1.0
4980136177,alueellinen,2024,5000,ei_tietoa,liian_epatarkka,,,,,,
4980305245,tuntematon,2024,,ei_tietoa,liian_epatarkka,,,,,,
4980565727,tarkka,2024,6,ennallaan,tuore_havainto,1.0,2023,53,1970,0,1.0
4980640727,alueellinen,2024,1240,ei_tietoa,liian_epatarkka,,,,,,
4980744391,tuntematon,2024,,ei_tietoa,liian_epatarkka,,,,,,
4982117759,tarkka,2024,4,epavarma,osa_alueesta_hakattu,0.11,2023,12,2011,2,0.56
4988385719,tarkka,2024,1,ennallaan,tuore_havainto,1.0,2023,38,1985,0,1.0
4993873839,tuntematon,2024,,ei_tietoa,liian_epatarkka,,,,,,
4995382787,tarkka,2024,10,ennallaan,tuore_havainto,1.0,2023,59,1964,0,1.0
6251521428,summittainen,2024,375,ulkopuolella,ei_metsatalousmaata,0.78,2023,55,1968,0,0.22
4993880970,tarkka,2024,7,ulkopuolella,ei_metsatalousmaata,0.67,2023,14,2009,0,0.33
4994085770,alueellinen,2024,24760,ei_tietoa,liian_epatarkka,,,,,,
4994149918,alueellinen,2024,1005,ei_tietoa,liian_epatarkka,,,,,,
4929450525,summittainen,2024,1000,ennallaan,tuore_havainto,0.78,2023,55,1968,0,0.78
4166232312,tarkka,2023,1,ennallaan,tuore_havainto,1.0,2023,67,1956,0,1.0
4152970304,tarkka,2023,1,epavarma,osa_alueesta_hakattu,0.22,2023,59,1964,2,1.0
4152970381,summittainen,2023,1000,ennallaan,tuore_havainto,0.56,2023,64,1959,0,0.56
4152970517,tarkka,2023,1,ennallaan,tuore_havainto,1.0,2023,39,1984,0,1.0
4153716080,alueellinen,2023,24700,ei_tietoa,liian_epatarkka,,,,,,
4153899737,alueellinen,2023,24790,ei_tietoa,liian_epatarkka,,,,,,
4153915252,alueellinen,2023,24612,ei_tietoa,liian_epatarkka,,,,,,
4162129563,alueellinen,2023,24554,ei_tietoa,liian_epatarkka,,,,,,
4162521976,tarkka,2023,98,epavarma,osa_alueesta_hakattu,0.44,2023,67,1956,2,1.0
4163102331,tarkka,2023,1,ennallaan,tuore_havainto,1.0,2023,60,1963,0,1.0
4163102375,tarkka,2023,1,ennallaan,tuore_havainto,1.0,2023,61,1962,0,1.0
4163102452,tarkka,2023,1,ennallaan,tuore_havainto,0.67,2023,69,1954,0,0.67
4163102463,tarkka,2023,1,ulkopuolella,ei_metsatalousmaata,1.0,2023,,,0,0.0
4163102552,tarkka,2023,1,ennallaan,tuore_havainto,0.89,2023,84,1939,0,0.89
4163102582,tarkka,2023,1,ennallaan,tuore_havainto,1.0,2023,87,1936,0,1.0
4163102597,tarkka,2023,1,ulkopuolella,ei_metsatalousmaata,0.56,2023,52,1971,0,0.44
4163102621,tarkka,2023,1,ennallaan,tuore_havainto,1.0,2023,45,1978,0,1.0
4165090408,summittainen,2023,1000,ennallaan,tuore_havainto,0.56,2023,57,1966,0,0.56
4165692515,tarkka,2023,51,ennallaan,tuore_havainto,0.89,2023,74,1949,0,0.89
4165738373,tarkka,2023,3,ennallaan,tuore_havainto,1.0,2023,50,1973,0,1.0
4165746231,tarkka,2023,7,ennallaan,tuore_havainto,1.0,2023,51,1972,0,1.0
4166232366,summittainen,2023,1000,ennallaan,tuore_havainto,0.67,2023,72,1951,0,0.67
4166232549,tarkka,2023,1,ennallaan,tuore_havainto,0.67,2023,69,1954,0,0.67
4166232606,tarkka,2023,1,ennallaan,tuore_havainto,0.89,2023,38,1985,0,0.89
4167105328,tarkka,2023,1,epavarma,osa_alueesta_hakattu,0.22,2023,41,1982,2,0.89
4168110368,tarkka,2023,1,muuttunut,hakattu,0.33,2023,36,1987,2,0.67
4168111311,tarkka,2023,100,ennallaan,tuore_havainto,0.78,2023,56,1967,0,0.78
4168114818,summittainen,2023,1000,epavarma,osa_alueesta_hakattu,0.11,2023,41,1982,2,0.78
4168115391,tarkka,2023,1,ennallaan,tuore_havainto,0.78,2023,58,1965,0,0.78
4169789407,tarkka,2023,1,ennallaan,tuore_havainto,0.89,2023,30,1993,0,0.89
4171444994,alueellinen,2023,24381,ei_tietoa,liian_epatarkka,,,,,,
4171468579,tuntematon,2023,,ei_tietoa,liian_epatarkka,,,,,,
4171506401,alueellinen,2023,24554,ei_tietoa,liian_epatarkka,,,,,,
4171610665,tuntematon,2023,,ei_tietoa,liian_epatarkka,,,,,,
4171620881,tarkka,2023,4,ulkopuolella,ei_metsatalousmaata,0.78,2023,55,1968,0,0.22
4171633779,tarkka,2023,4,ennallaan,tuore_havainto,0.78,2023,39,1984,0,0.78
4171903834,alueellinen,2023,2741,ei_tietoa,liian_epatarkka,,,,,,
4172436235,tarkka,2023,100,ulkopuolella,ei_metsatalousmaata,0.56,2023,38,1985,0,0.44
4176955770,alueellinen,2023,24612,ei_tietoa,liian_epatarkka,,,,,,
4177012053,tarkka,2023,4,ennallaan,tuore_havainto,0.78,2023,47,1976,0,0.78
4177029850,tarkka,2023,3,ennallaan,tuore_havainto,0.56,2023,66,1957,0,0.56
4407188872,tarkka,2023,14,ennallaan,tuore_havainto,0.78,2023,84,1939,0,0.78
4430927632,tuntematon,2023,,ei_tietoa,liian_epatarkka,,,,,,
4440777710,tuntematon,2023,,ei_tietoa,liian_epatarkka,,,,,,
4440830950,tuntematon,2023,,ei_tietoa,liian_epatarkka,,,,,,
4454035407,tuntematon,2023,,ei_tietoa,liian_epatarkka,,,,,,
4454046105,tuntematon,2023,,ei_tietoa,liian_epatarkka,,,,,,
4507302575,summittainen,2023,1000,ulkopuolella,ei_metsatalousmaata,0.67,2023,35,1988,0,0.33
4607237236,tarkka,2023,12,ennallaan,tuore_havainto,0.78,2023,94,1929,0,0.78
4607353583,tuntematon,2023,,ei_tietoa,liian_epatarkka,,,,,,
4920454549,tarkka,2023,100,ennallaan,tuore_havainto,0.67,2023,100,1923,0,0.67
5076760962,tarkka,2023,13,ennallaan,tuore_havainto,0.89,2023,50,1973,0,0.89
6183453376,tarkka,2023,1,ulkopuolella,ei_metsatalousmaata,1.0,2023,,,0,0.0
6352476063,tarkka,2023,63,muuttunut,hakattu,1.0,2023,63,1960,2,1.0
4169789342,tarkka,2023,1,ennallaan,tuore_havainto,1.0,2023,70,1953,0,1.0
4169789777,alueellinen,2023,10000,ei_tietoa,liian_epatarkka,,,,,,
4169789981,tarkka,2023,1,ennallaan,tuore_havainto,1.0,2023,57,1966,0,1.0
4170896463,summittainen,2023,1000,ennallaan,tuore_havainto,0.56,2023,63,1960,1,0.78
4171542450,tarkka,2023,4,ennallaan,tuore_havainto,1.0,2023,74,1949,0,1.0
4171573395,alueellinen,2023,24819,ei_tietoa,liian_epatarkka,,,,,,
4171728149,tarkka,2023,7,ennallaan,tuore_havainto,0.78,2023,29,1994,0,0.78
4171919219,tuntematon,2023,,ei_tietoa,liian_epatarkka,,,,,,
4171954542,alueellinen,2023,1070,ei_tietoa,liian_epatarkka,,,,,,
4172064823,tarkka,2023,16,ennallaan,tuore_havainto,1.0,2023,68,1955,0,1.0
4172127581,tarkka,2023,4,ennallaan,tuore_havainto,0.67,2023,36,1987,0,0.67
4172428537,summittainen,2023,1000,epavarma,osa_alueesta_hakattu,0.22,2023,44,1979,2,0.67
4172436619,tarkka,2023,10,ennallaan,tuore_havainto,1.0,2023,65,1958,0,1.0
4172439313,tarkka,2023,1,ennallaan,tuore_havainto,0.89,2023,61,1962,0,0.89
4173269422,tarkka,2023,1,ennallaan,tuore_havainto,1.0,2023,90,1933,0,1.0
4173269839,summittainen,2023,1000,ulkopuolella,ei_metsatalousmaata,0.56,2023,75,1948,0,0.44
4173270031,alueellinen,2023,10000,ei_tietoa,liian_epatarkka,,,,,,
4174590322,tarkka,2023,1,ennallaan,tuore_havainto,1.0,2023,46,1977,0,1.0
4176938071,tarkka,2023,12,ennallaan,tuore_havainto,1.0,2023,66,1957,0,1.0
4177002863,tarkka,2023,4,ennallaan,tuore_havainto,1.0,2023,52,1971,0,1.0
4177031780,tarkka,2023,7,ennallaan,tuore_havainto,1.0,2023,52,1971,0,1.0
4177175108,alueellinen,2023,24467,ei_tietoa,liian_epatarkka,,,,,,
4177186106,tarkka,2023,8,ennallaan,tuore_havainto,1.0,2023,88,1935,0,1.0
4177285579,tarkka,2023,206,muuttunut,hakattu,0.67,2023,18,2005,2,0.89
4177445860,tarkka,2023,4,ulkopuolella,ei_metsatalousmaata,0.67,2023,69,1954,0,0.33
4177707793,summittainen,2023,1000,ennallaan,tuore_havainto,0.89,2023,87,1936,0,0.89
4177707849,summittainen,2023,1000,ennallaan,tuore_havainto,0.78,2023,59,1964,0,0.78
4399636325,tarkka,2023,1,ennallaan,tuore_havainto,1.0,2023,30,1993,0,1.0
4399636374,tarkka,2023,1,ulkopuolella,ei_metsatalousmaata,0.56,2023,45,1978,0,0.44
4399636495,tarkka,2023,1,ennallaan,tuore_havainto,1.0,2023,64,1959,0,1.0
4399636702,tarkka,2023,1,ennallaan,tuore_havainto,1.0,2023,81,1942,0,1.0
4399636751,tarkka,2023,10,ulkopuolella,ei_metsatalousmaata,0.78,2023,49,1974,0,0.22
4399636776,tarkka,2023,1,ennallaan,tuore_havainto,1.0,2023,39,1984,0,1.0
4399637130,tarkka,2023,1,ulkopuolella,ei_metsatalousmaata,1.0,2023,,,0,0.0
4399637189,tarkka,2023,1,ulkopuolella,ei_metsatalousmaata,1.0,2023,,,0,0.0
4399637193,tarkka,2023,1,muuttunut,hakattu,1.0,2023,67,1956,2,1.0
4399637208,tarkka,2023,1,ulkopuolella,ei_metsatalousmaata,1.0,2023,,,0,0.0
4399637525,tarkka,2023,1,epavarma,osa_alueesta_hakattu,0.11,2023,85,1938,2,0.89
4399863134,tarkka,2023,10,ulkopuolella,ei_metsatalousmaata,1.0,2023,,,0,0.0
4399986577,tarkka,2023,12,ulkopuolella,ei_metsatalousmaata,0.56,2023,73,1950,0,0.44
4399990644,alueellinen,2023,24760,ei_tietoa,liian_epatarkka,,,,,,
4400058957,tarkka,2023,1,ennallaan,tuore_havainto,0.89,2023,69,1954,0,0.89
4400080785,alueellinen,2023,1001,ei_tietoa,liian_epatarkka,,,,,,
4400183082,tarkka,2023,3,ulkopuolella,ei_metsatalousmaata,0.67,2023,53,1970,0,0.33
4400257281,tarkka,2023,53,ennallaan,tuore_havainto,1.0,2023,96,1927,0,1.0
4400389870,tarkka,2023,4,ennallaan,tuore_havainto,0.78,2023,92,1931,0,0.78
4400471943,tarkka,2023,75,ulkopuolella,ei_metsatalousmaata,0.78,2023,58,1965,0,0.22
4400868820,tarkka,2023,1,ennallaan,tuore_havainto,0.67,2023,44,1979,0,0.67
4400871837,summittainen,2023,1000,ennallaan,tuore_havainto,1.0,2023,57,1966,0,1.0
4400874497,summittainen,2023,1000,epavarma,osa_alueesta_hakattu,0.11,2023,49,1974,2,0.56
4400881156,summittainen,2023,1000,ennallaan,tuore_havainto,0.78,2023,60,1963,0,0.78
4400881806,tarkka,2023,100,ennallaan,tuore_havainto,0.89,2023,50,1973,0,0.89
4403472893,tarkka,2023,1,ennallaan,tuore_havainto,0.78,2023,64,1959,0,0.78
4403472942,summittainen,2023,1000,ulkopuolella,ei_metsatalousmaata,0.67,2023,61,1962,0,0.33
4403542954,tarkka,2023,1,ennallaan,tuore_havainto,0.56,2023,58,1965,0,0.56
4403543362,tarkka,2023,100,ulkopuolella,ei_metsatalousmaata,0.67,2023,77,1946,0,0.33
4403547560,tarkka,2023,1,ennallaan,tuore_havainto,0.67,2023,63,1960,0,0.67
4403551351,tarkka,2023,1,ennallaan,tuore_havainto,1.0,2023,122,1901,0,1.0
4405021014,tarkka,2023,21,ulkopuolella,ei_metsatalousmaata,0.67,2023,36,1987,0,0.33
4405078461,tarkka,2023,4,ennallaan,tuore_havainto,0.78,2023,69,1954,0,0.78
4405157259,tarkka,2023,3,ennallaan,tuore_havainto,1.0,2023,45,1978,0,1.0
4405249048,tuntematon,2023,,ei_tietoa,liian_epatarkka,,,,,,
4405296882,tarkka,2023,8,ennallaan,tuore_havainto,1.0,2023,35,1988,0,1.0
4405456803,tarkka,2023,169,ennallaan,tuore_havainto,0.89,2023,43,1980,1,1.0
4405490914,alueellinen,2023,24790,ei_tietoa,liian_epatarkka,,,,,,
4405492862,tarkka,2023,8,ennallaan,tuore_havainto,0.89,2023,37,1986,0,0.89
4405552446,alueellinen,2023,1231,ei_tietoa,liian_epatarkka,,,,,,
4406139673,tarkka,2023,1,ulkopuolella,ei_metsatalousmaata,1.0,2023,,,0,0.0
4406204996,alueellinen,2023,10000,ei_tietoa,liian_epatarkka,,,,,,
4406205855,tarkka,2023,1,ennallaan,tuore_havainto,1.0,2023,96,1927,0,1.0
4407234758,tarkka,2023,13,ennallaan,tuore_havainto,0.78,2023,34,1989,0,0.78
4407535373,alueellinen,2023,24612,ei_tietoa,liian_epatarkka,,,,,,
4410209627,tuntematon,2023,,ei_tietoa,liian_epatarkka,,,,,,
4410566125,tuntematon,2023,,ei_tietoa,liian_epatarkka,,,,,,
4410568142,tuntematon,2023,,ei_tietoa,liian_epatarkka,,,,,,
4410599348,tarkka,2023,8,ulkopuolella,ei_metsatalousmaata,0.89,2023,56,1967,0,0.11
4410653724,tarkka,2023,77,muuttunut,hakattu,0.44,2023,53,1970,2,0.67
4410728617,tarkka,2023,23,ennallaan,tuore_havainto,1.0,2023,88,1935,0,1.0
4413675597,alueellinen,2023,24554,ei_tietoa,liian_epatarkka,,,,,,
4430433998,tarkka,2023,104,ennallaan,tuore_havainto,0.67,2023,53,1970,0,0.67
4430909931,tarkka,2023,4,ennallaan,tuore_havainto,1.0,2023,35,1988,0,1.0
4434822310,tarkka,2023,100,ennallaan,tuore_havainto,0.89,2023,51,1972,0,0.89
4437810403,tarkka,2023,1,ennallaan,tuore_havainto,1.0,2023,43,1980,0,1.0
4440688638,tarkka,2023,4,ulkopuolella,ei_metsatalousmaata,1.0,2023,,,0,0.0
4459566402,tarkka,2023,110,ennallaan,tuore_havainto,0.89,2023,61,1962,0,0.89
4465590044,tarkka,2023,7,ennallaan,tuore_havainto,0.89,2023,57,1966,0,0.89
4500563357,alueellinen,2023,24381,ei_tietoa,liian_epatarkka,,,,,,
4538237877,tarkka,2023,2,ulkopuolella,ei_metsatalousmaata,0.89,2023,62,1961,0,0.11
4923320177,tarkka,2023,100,ennallaan,tuore_havainto,0.89,2023,67,1956,0,0.89
5893026267,tarkka,2023,4,ulkopuolella,ei_metsatalousmaata,1.0,2023,,,0,0.0
6183423931,tarkka,2023,32,ennallaan,tuore_havainto,0.67,2023,53,1970,0,0.67
6183541431,tarkka,2023,24,ennallaan,tuore_havainto,1.0,2023,39,1984,0,1.0
4403548914,tarkka,2023,1,ulkopuolella,ei_metsatalousmaata,1.0,2023,,,0,0.0
4406204372,summittainen,2023,1000,ulkopuolella,ei_metsatalousmaata,0.56,2023,64,1959,0,0.44
4406204740,tarkka,2023,1,ulkopuolella,ei_metsatalousmaata,0.56,2023,71,1952,0,0.44
4406204959,summittainen,2023,1000,ulkopuolella,ei_metsatalousmaata,0.78,2023,49,1974,0,0.22
4406205158,summittainen,2023,1000,ennallaan,tuore_havainto,0.89,2023,90,1933,0,0.89
4406205196,tarkka,2023,1,ennallaan,tuore_havainto,0.56,2023,69,1954,0,0.56
4406205385,tarkka,2023,100,ennallaan,tuore_havainto,0.67,2023,57,1966,0,0.67
4406205540,summittainen,2023,1000,epavarma,osa_alueesta_hakattu,0.11,2023,47,1976,2,0.67
4406205562,tarkka,2023,1,ennallaan,tuore_havainto,0.56,2023,46,1977,0,0.56
4406205615,tarkka,2023,1,ennallaan,tuore_havainto,1.0,2023,63,1960,0,1.0
4406205638,summittainen,2023,1000,ennallaan,tuore_havainto,1.0,2023,95,1928,0,1.0
4406205740,tarkka,2023,1,ennallaan,tuore_havainto,0.78,2023,76,1947,0,0.78
4406205782,tarkka,2023,1,ennallaan,tuore_havainto,1.0,2023,70,1953,0,1.0
4406384725,tarkka,2023,1,ennallaan,tuore_havainto,0.78,2023,30,1993,0,0.78
4406384761,tarkka,2023,100,ennallaan,tuore_havainto,1.0,2023,56,1967,0,1.0
4406387322,tarkka,2023,1,ennallaan,tuore_havainto,0.56,2023,76,1947,0,0.56
4406387498,tarkka,2023,100,ennallaan,tuore_havainto,1.0,2023,85,1938,0,1.0
4406388492,tarkka,2023,100,ennallaan,tuore_havainto,1.0,2023,75,1948,0,1.0
4406389322,summittainen,2023,1000,ennallaan,tuore_havainto,0.67,2023,71,1952,0,0.67
4407091795,tuntematon,2023,,ei_tietoa,liian_epatarkka,,,,,,
4407110173,tarkka,2023,84,ulkopuolella,ei_metsatalousmaata,0.56,2023,87,1936,0,0.44
4407193836,tarkka,2023,195,ulkopuolella,ei_metsatalousmaata,0.78,2023,49,1974,0,0.22
4407325904,tarkka,2023,18,ulkopuolella,ei_metsatalousmaata,1.0,2023,,,0,0.0
4407365971,tarkka,2023,3,ulkopuolella,ei_metsatalousmaata,0.67,2023,75,1948,0,0.33
4407383474,tarkka,2023,136,epavarma,osa_alueesta_hakattu,0.11,2023,18,2005,2,0.89
4407397857,tarkka,2023,8,ennallaan,tuore_havainto,1.0,2023,65,1958,0,1.0
4407422307,tarkka,2023,8,ennallaan,tuore_havainto,1.0,2023,90,1933,0,1.0
4407430088,tarkka,2023,35,ulkopuolella,ei_metsatalousmaata,1.0,2023,,,0,0.0
4407483554,tarkka,2023,10,ulkopuolella,ei_metsatalousmaata,0.89,2023,34,1989,0,0.11
4407565349,alueellinen,2023,2349,ei_tietoa,liian_epatarkka,,,,,,
4407660527,tuntematon,2023,,ei_tietoa,liian_epatarkka,,,,,,
4412458929,alueellinen,2023,10000,ei_tietoa,liian_epatarkka,,,,,,
4412459357,summittainen,2023,1000,ulkopuolella,ei_metsatalousmaata,0.67,2023,36,1987,0,0.33
4412460824,summittainen,2023,1000,epavarma,osa_alueesta_hakattu,0.11,2023,52,1971,2,0.89
4412460939,summittainen,2023,1000,ennallaan,tuore_havainto,0.78,2023,67,1956,0,0.78
4412465634,summittainen,2023,1000,ulkopuolella,ei_metsatalousmaata,0.56,2023,78,1945,0,0.44
4412557414,tarkka,2023,1,ennallaan,tuore_havainto,0.78,2023,62,1961,0,0.78
4412557736,tarkka,2023,100,ennallaan,tuore_havainto,0.67,2023,64,1959,0,0.67
4412557772,alueellinen,2023,10000,ei_tietoa,liian_epatarkka,,,,,,
4412558338,tarkka,2023,1,ennallaan,tuore_havainto,1.0,2023,77,1946,0,1.0
4412558880,tarkka,2023,1,ennallaan,tuore_havainto,1.0,2023,56,1967,0,1.0
4412559046,summittainen,2023,1000,epavarma,osa_alueesta_hakattu,0.11,2023,56,1967,2,0.67
4413437939,tarkka,2023,3,ennallaan,tuore_havainto,0.89,2023,68,1955,0,0.89
4413600694,tarkka,2023,9,ennallaan,tuore_havainto,0.56,2023,60,1963,0,0.56
4413787661,tarkka,2023,5,ennallaan,tuore_havainto,0.89,2023,60,1963,0,0.89
4413858895,alueellinen,2023,24700,ei_tietoa,liian_epatarkka,,,,,,
4413883371,alueellinen,2023,3594,ei_tietoa,liian_epatarkka,,,,,,
4414019950,summittainen,2023,372,ennallaan,tuore_havainto,0.67,2023,36,1987,0,0.67
4414020173,tarkka,2023,3,ennallaan,tuore_havainto,0.89,2023,74,1949,0,0.89
4414082473,tarkka,2023,10,ulkopuolella,ei_metsatalousmaata,0.56,2023,64,1959,0,0.44
4414187081,tarkka,2023,4,ulkopuolella,ei_metsatalousmaata,1.0,2023,,,0,0.0
4414210296,tuntematon,2023,,ei_tietoa,liian_epatarkka,,,,,,
4414247190,tarkka,2023,24,ennallaan,tuore_havainto,0.78,2023,77,1946,0,0.78
4414283342,tarkka,2023,20,ennallaan,tuore_havainto,1.0,2023,70,1953,0,1.0
4414289657,tarkka,2023,13,ennallaan,tuore_havainto,0.67,2023,83,1940,0,0.67
4414345280,tarkka,2023,4,ennallaan,tuore_havainto,0.89,2023,114,1909,0,0.89
4414381156,alueellinen,2023,24790,ei_tietoa,liian_epatarkka,,,,,,
4414382505,alueellinen,2023,1200,ei_tietoa,liian_epatarkka,,,,,,
4414383063,tarkka,2023,12,ennallaan,tuore_havainto,0.89,2023,51,1972,0,0.89
4414431502,alueellinen,2023,24819,ei_tietoa,liian_epatarkka,,,,,,
4414790326,summittainen,2023,1000,ennallaan,tuore_havainto,0.78,2023,88,1935,0,0.78
4414790328,alueellinen,2023,10000,ei_tietoa,liian_epatarkka,,,,,,
4414790376,summittainen,2023,1000,ulkopuolella,ei_metsatalousmaata,0.56,2023,57,1966,0,0.44
4416387372,summittainen,2023,1000,ennallaan,tuore_havainto,0.78,2023,82,1941,0,0.78
4416387382,summittainen,2023,1000,ennallaan,tuore_havainto,0.78,2023,66,1957,0,0.78
4416387389,summittainen,2023,1000,epavarma,osa_alueesta_hakattu,0.22,2023,48,1975,2,0.67
4416661673,tarkka,2023,36,ulkopuolella,ei_metsatalousmaata,1.0,2023,,,0,0.0
4416730013,alueellinen,2023,6332,ei_tietoa,liian_epatarkka,,,,,,
4416822082,tarkka,2023,3,muuttunut,hakattu,1.0,2023,111,1912,2,1.0
4417033630,tarkka,2023,130,ennallaan,tuore_havainto,0.67,2023,65,1958,1,0.67
4417038455,tarkka,2023,4,ennallaan,tuore_havainto,1.0,2023,98,1925,0,1.0
4417117580,tarkka,2023,4,ennallaan,tuore_havainto,0.67,2023,74,1949,0,0.67
4417423408,tarkka,2023,100,ennallaan,tuore_havainto,0.67,2023,70,1953,0,0.67
4417423540,tarkka,2023,1,ennallaan,tuore_havainto,1.0,2023,53,1970,0,1.0
4417423800,tarkka,2023,100,muuttunut,hakattu,0.44,2023,43,1980,2,0.89
4417423824,tarkka,2023,1,ennallaan,tuore_havainto,1.0,2023,63,1960,0,1.0
4417424223,tarkka,2023,1,ennallaan,tuore_havainto,1.0,2023,62,1961,0,1.0
4417424308,tarkka,2023,1,ennallaan,tuore_havainto,1.0,2023,64,1959,0,1.0
4417424461,tarkka,2023,1,ulkopuolella,ei_metsatalousmaata,0.56,2023,73,1950,0,0.44
4418552681,tarkka,2023,100,ennallaan,tuore_havainto,0.56,2023,45,1978,0,0.56
4418552811,tarkka,2023,100,ulkopuolella,ei_metsatalousmaata,0.78,2023,26,1997,0,0.22
4418560478,tarkka,2023,1,ennallaan,tuore_havainto,0.78,2023,33,1990,0,0.78
4418561865,summittainen,2023,1000,ulkopuolella,ei_metsatalousmaata,0.67,2023,50,1973,0,0.33
4420734474,tarkka,2023,7,ennallaan,tuore_havainto,0.78,2023,83,1940,0,0.78
4420891825,tuntematon,2023,,ei_tietoa,liian_epatarkka,,,,,,
4420902262,tarkka,2023,9,ennallaan,tuore_havainto,0.67,2023,70,1953,0,0.67
4420928966,tarkka,2023,4,ennallaan,tuore_havainto,1.0,2023,70,1953,0,1.0
4421009583,tuntematon,2023,,ei_tietoa,liian_epatarkka,,,,,,
4421726467,summittainen,2023,1000,epavarma,osa_alueesta_hakattu,0.11,2023,60,1963,2,1.0
4421726479,tarkka,2023,1,ennallaan,tuore_havainto,1.0,2023,57,1966,0,1.0
4421726723,alueellinen,2023,10000,ei_tietoa,liian_epatarkka,,,,,,
4421727248,tarkka,2023,1,ennallaan,tuore_havainto,0.89,2023,60,1963,0,0.89
4421727331,tarkka,2023,1,ennallaan,tuore_havainto,1.0,2023,79,1944,0,1.0
4421727364,tarkka,2023,1,ennallaan,tuore_havainto,1.0,2023,95,1928,0,1.0
4421727410,tarkka,2023,1,ennallaan,tuore_havainto,1.0,2023,105,1918,0,1.0
4421727458,tarkka,2023,100,ulkopuolella,ei_metsatalousmaata,0.89,2023,35,1988,0,0.11
4421727539,tarkka,2023,1,ennallaan,tuore_havainto,1.0,2023,68,1955,0,1.0
4423738315,alueellinen,2023,10000,ei_tietoa,liian_epatarkka,,,,,,
4426737401,tarkka,2023,10,ennallaan,tuore_havainto,0.78,2023,79,1944,0,0.78
4426737420,tarkka,2023,1,ennallaan,tuore_havainto,1.0,2023,79,1944,0,1.0
4426737497,tarkka,2023,1,ennallaan,tuore_havainto,1.0,2023,56,1967,0,1.0
4426737507,tarkka,2023,1,muuttunut,hakattu,0.78,2023,67,1956,2,1.0
4426737576,tarkka,2023,1,ennallaan,tuore_havainto,1.0,2023,67,1956,0,1.0
4430941023,alueellinen,2023,1058,ei_tietoa,liian_epatarkka,,,,,,
4430950048,alueellinen,2023,41407,ei_tietoa,liian_epatarkka,,,,,,
4430965064,alueellinen,2023,2599,ei_tietoa,liian_epatarkka,,,,,,
4434822381,tarkka,2023,10,ennallaan,tuore_havainto,1.0,2023,95,1928,0,1.0
4459556954,summittainen,2023,748,muuttunut,hakattu,0.44,2023,36,1987,2,0.89
4460315842,summittainen,2023,1000,epavarma,osa_alueesta_hakattu,0.11,2023,51,1972,2,0.78
4460756183,tarkka,2023,11,ennallaan,tuore_havainto,0.78,2023,54,1969,0,0.78
4461514661,summittainen,2023,686,epavarma,osa_alueesta_hakattu,0.22,2023,34,1989,2,0.67
4462319139,tarkka,2023,6,ennallaan,tuore_havainto,0.89,2023,46,1977,0,0.89
4465484959,tarkka,2023,122,muuttunut,hakattu,0.56,2023,21,2002,2,1.0
4510393446,alueellinen,2023,31406,ei_tietoa,liian_epatarkka,,,,,,
4511298331,tarkka,2023,1,ulkopuolella,ei_metsatalousmaata,1.0,2023,,,0,0.0
4519145656,alueellinen,2023,24671,ei_tietoa,liian_epatarkka,,,,,,
4519283428,tuntematon,2023,,ei_tietoa,liian_epatarkka,,,,,,
4596712366,tarkka,2023,100,ennallaan,tuore_havainto,0.78,2023,50,1973,0,0.78
4599698313,tarkka,2023,1,ennallaan,tuore_havainto,0.78,2023,38,1985,0,0.78
4605993435,summittainen,2023,1000,ennallaan,tuore_havainto,0.89,2023,75,1948,0,0.89
4606694359,alueellinen,2023,24849,ei_tietoa,liian_epatarkka,,,,,,
4606906397,tarkka,2023,6,ulkopuolella,ei_metsatalousmaata,1.0,2023,,,0,0.0
4607409284,tarkka,2023,182,ennallaan,tuore_havainto,0.89,2023,60,1963,0,0.89
4846020518,tarkka,2023,1,ennallaan,tuore_havainto,1.0,2023,72,1951,0,1.0
4846505302,summittainen,2023,1000,ulkopuolella,ei_metsatalousmaata,0.56,2023,70,1953,0,0.44
4847582470,summittainen,2023,1000,epavarma,osa_alueesta_hakattu,0.11,2023,53,1970,2,0.89
4418557785,tarkka,2023,1,ennallaan,tuore_havainto,1.0,2023,81,1942,0,1.0
4420786496,tarkka,2023,5,ennallaan,tuore_havainto,0.78,2023,57,1966,0,0.78
4420997502,tarkka,2023,3,ennallaan,tuore_havainto,1.0,2023,54,1969,0,1.0
4421727090,tarkka,2023,100,ennallaan,tuore_havainto,0.56,2023,61,1962,0,0.56
4421727492,alueellinen,2023,10000,ei_tietoa,liian_epatarkka,,,,,,
4421727537,summittainen,2023,1000,ennallaan,tuore_havainto,0.78,2023,95,1928,0,0.78
4423738348,summittainen,2023,1000,epavarma,osa_alueesta_hakattu,0.11,2023,63,1960,2,1.0
4424098198,tarkka,2023,37,ulkopuolella,ei_metsatalousmaata,1.0,2023,,,0,0.0
4424645540,tarkka,2023,5,ennallaan,tuore_havainto,0.78,2023,120,1903,0,0.78
4424691344,alueellinen,2023,24819,ei_tietoa,liian_epatarkka,,,,,,
4426737558,tarkka,2023,1,ennallaan,tuore_havainto,1.0,2023,66,1957,0,1.0
4426768682,tarkka,2023,100,ulkopuolella,ei_metsatalousmaata,0.78,2023,23,2000,0,0.22
4426770375,tarkka,2023,100,ulkopuolella,ei_metsatalousmaata,0.89,2023,105,1918,0,0.11
4426771306,alueellinen,2023,10000,ei_tietoa,liian_epatarkka,,,,,,
4426773737,tarkka,2023,1,ennallaan,tuore_havainto,1.0,2023,44,1979,0,1.0
4426774633,summittainen,2023,1000,epavarma,osa_alueesta_hakattu,0.11,2023,39,1984,2,0.78
4426780669,tarkka,2023,100,epavarma,osa_alueesta_hakattu,0.22,2023,22,2001,2,0.56
4430190457,tarkka,2023,1,ennallaan,tuore_havainto,1.0,2023,102,1921,0,1.0
4430205444,tarkka,2023,1,ennallaan,tuore_havainto,0.78,2023,39,1984,0,0.78
4430205451,tarkka,2023,1,ennallaan,tuore_havainto,1.0,2023,60,1963,0,1.0
4430586934,tarkka,2023,15,epavarma,osa_alueesta_hakattu,0.11,2023,78,1945,2,0.67
4430662448,summittainen,2023,1000,ulkopuolella,ei_metsatalousmaata,0.56,2023,80,1943,0,0.44
4430680268,tarkka,2023,68,epavarma,osa_alueesta_hakattu,0.33,2023,29,1994,2,1.0
4431124733,tarkka,2023,3,ennallaan,tuore_havainto,1.0,2023,63,1960,0,1.0
4431182116,tuntematon,2023,,ei_tietoa,liian_epatarkka,,,,,,
4431206694,tarkka,2023,167,ulkopuolella,ei_metsatalousmaata,0.67,2023,37,1986,0,0.33
4435831379,tarkka,2023,10,ennallaan,tuore_havainto,1.0,2023,58,1965,0,1.0
4436358323,tuntematon,2023,,ei_tietoa,liian_epatarkka,,,,,,
4437810404,tarkka,2023,10,ennallaan,tuore_havainto,1.0,2023,73,1950,0,1.0
4437811406,tarkka,2023,10,ennallaan,tuore_havainto,1.0,2023,81,1942,0,1.0
4437813334,tarkka,2023,10,ennallaan,tuore_havainto,0.78,2023,42,1981,0,0.78
4528863396,tarkka,2023,1,ennallaan,tuore_havainto,1.0,2023,69,1954,0,1.0
4606969379,tuntematon,2023,,ei_tietoa,liian_epatarkka,,,,,,
4850862156,summittainen,2023,1000,epavarma,osa_alueesta_hakattu,0.11,2023,43,1980,2,1.0
4854105598,tarkka,2023,1,ennallaan,tuore_havainto,1.0,2023,47,1976,0,1.0
4854105718,tarkka,2023,1,ennallaan,tuore_havainto,0.56,2023,38,1985,0,0.56
4898554189,tarkka,2023,1,ennallaan,tuore_havainto,1.0,2023,122,1901,0,1.0
4898743065,tarkka,2023,1,ennallaan,tuore_havainto,1.0,2023,115,1908,0,1.0
4898743115,tarkka,2023,1,ennallaan,tuore_havainto,1.0,2023,165,1858,0,1.0
4898943216,tarkka,2023,1,ennallaan,tuore_havainto,1.0,2023,50,1973,0,1.0
5891256784,alueellinen,2023,10000,ei_tietoa,liian_epatarkka,,,,,,
4437812310,tarkka,2023,1,ennallaan,tuore_havainto,0.56,2023,57,1966,0,0.56
3861703320,tarkka,2022,100,epavarma,osa_alueesta_hakattu,0.11,2021,54,1969,2,0.78
3872916940,tarkka,2022,5,ennallaan,tuore_havainto,1.0,2021,44,1979,0,1.0
3873062609,alueellinen,2022,24554,ei_tietoa,liian_epatarkka,,,,,,
3873083697,alueellinen,2022,1899,ei_tietoa,liian_epatarkka,,,,,,
3873087476,alueellinen,2022,24554,ei_tietoa,liian_epatarkka,,,,,,
3873148968,tuntematon,2022,,ei_tietoa,liian_epatarkka,,,,,,
3873167370,tarkka,2022,133,ennallaan,tuore_havainto,0.67,2021,23,2000,0,0.67
3873241631,tarkka,2022,14,epavarma,osa_alueesta_hakattu,0.22,2021,52,1971,2,0.89
3873282843,tarkka,2022,4,ennallaan,tuore_havainto,0.67,2021,76,1947,0,0.67
3873343947,tuntematon,2022,,ei_tietoa,liian_epatarkka,,,,,,
3873419626,alueellinen,2022,24554,ei_tietoa,liian_epatarkka,,,,,,
3873444832,tuntematon,2022,,ei_tietoa,liian_epatarkka,,,,,,
3873474772,alueellinen,2022,24438,ei_tietoa,liian_epatarkka,,,,,,
3873510578,tarkka,2022,92,ennallaan,tuore_havainto,1.0,2021,45,1978,0,0.67
3873640329,tuntematon,2022,,ei_tietoa,liian_epatarkka,,,,,,
3873732625,tarkka,2022,10,ennallaan,tuore_havainto,0.78,2021,46,1977,0,0.78
3873732630,tarkka,2022,107,ennallaan,tuore_havainto,1.0,2021,79,1944,0,1.0
3873734745,alueellinen,2022,24554,ei_tietoa,liian_epatarkka,,,,,,
3873742811,tuntematon,2022,,ei_tietoa,liian_epatarkka,,,,,,
3873753808,tuntematon,2022,,ei_tietoa,liian_epatarkka,,,,,,
3873763334,alueellinen,2022,24790,ei_tietoa,liian_epatarkka,,,,,,
3873852735,tarkka,2022,17,ennallaan,tuore_havainto,1.0,2021,55,1968,0,1.0
3873864967,alueellinen,2022,24819,ei_tietoa,liian_epatarkka,,,,,,
3874036776,tarkka,2022,4,ulkopuolella,ei_metsatalousmaata,0.56,2021,35,1988,0,0.44
3874044408,tarkka,2022,7,ennallaan,tuore_havainto,0.78,2021,58,1965,0,0.78
3874084582,tuntematon,2022,,ei_tietoa,liian_epatarkka,,,,,,
3874121062,alueellinen,2022,1064,ei_tietoa,liian_epatarkka,,,,,,
3879280303,summittainen,2022,1000,ulkopuolella,ei_metsatalousmaata,0.44,2021,49,1974,1,0.56
3879280343,tarkka,2022,1,ennallaan,tuore_havainto,1.0,2021,64,1959,0,1.0
3879280463,summittainen,2022,1000,epavarma,osa_alueesta_hakattu,0.22,2021,66,1957,2,0.89
3879280512,tarkka,2022,1,ennallaan,tuore_havainto,1.0,2021,61,1962,0,1.0
3879280592,summittainen,2022,1000,ulkopuolella,ei_metsatalousmaata,0.5,2021,75,1948,0,0.44
3879280665,summittainen,2022,1000,epavarma,osa_alueesta_hakattu,0.11,2021,66,1957,2,0.78
3879280892,tarkka,2022,100,ennallaan,tuore_havainto,1.0,2021,20,2003,0,1.0
3879280954,tarkka,2022,1,ennallaan,tuore_havainto,1.0,2021,51,1972,0,1.0
3879281027,tarkka,2022,100,ennallaan,tuore_havainto,1.0,2021,82,1941,0,1.0
3881599101,alueellinen,2022,24819,ei_tietoa,liian_epatarkka,,,,,,
3881605937,summittainen,2022,700,ulkopuolella,ei_metsatalousmaata,0.78,2021,25,1998,0,0.22
3881732841,tarkka,2022,85,ennallaan,tuore_havainto,1.0,2021,47,1976,0,1.0
3881772758,alueellinen,2022,5159,ei_tietoa,liian_epatarkka,,,,,,
3881803627,alueellinen,2022,10085,ei_tietoa,liian_epatarkka,,,,,,
3888036358,alueellinen,2022,10000,ei_tietoa,liian_epatarkka,,,,,,
3899685921,summittainen,2022,1000,ennallaan,tuore_havainto,0.78,2021,60,1963,0,0.78
3903539216,alueellinen,2022,27864,ei_tietoa,liian_epatarkka,,,,,,
3912026441,alueellinen,2022,2799,ei_tietoa,liian_epatarkka,,,,,,
3923329572,tarkka,2022,3,ulkopuolella,ei_metsatalousmaata,1.0,2021,,,0,0.0
3948195903,summittainen,2022,1000,ennallaan,tuore_havainto,0.56,2021,56,1967,1,0.56
3961141817,alueellinen,2022,1058,ei_tietoa,liian_epatarkka,,,,,,
3995425856,tarkka,2022,5,ennallaan,tuore_havainto,1.0,2021,48,1975,0,1.0
4009799059,tarkka,2022,31,ulkopuolella,ei_metsatalousmaata,0.56,2021,66,1957,0,0.44
4023953731,tuntematon,2022,,ei_tietoa,liian_epatarkka,,,,,,
4056278438,tarkka,2022,5,ennallaan,tuore_havainto,1.0,2021,48,1975,0,1.0
4430420970,tarkka,2022,31,ennallaan,tuore_havainto,0.56,2021,58,1965,0,0.56
4520934322,tarkka,2022,1,ennallaan,tuore_havainto,1.0,2021,71,1952,0,1.0
4525307464,tarkka,2022,8,ulkopuolella,ei_metsatalousmaata,0.67,2021,46,1977,0,0.33
4846930758,alueellinen,2022,24849,ei_tietoa,liian_epatarkka,,,,,,
6236123339,tarkka,2022,19,ennallaan,tuore_havainto,1.0,2021,45,1978,0,1.0
3879306310,tarkka,2022,1,ulkopuolella,ei_metsatalousmaata,0.78,2021,24,1999,0,0.22
3879306406,tarkka,2022,1,ulkopuolella,ei_metsatalousmaata,0.78,2021,24,1999,0,0.22
3881430035,tarkka,2022,4,ennallaan,tuore_havainto,0.78,2021,51,1972,0,0.78
3881620823,tarkka,2022,6,ennallaan,tuore_havainto,1.0,2021,78,1945,0,1.0
3881641400,tarkka,2022,4,ennallaan,tuore_havainto,0.75,2021,58,1965,0,0.78
3881858821,tarkka,2022,36,ennallaan,tuore_havainto,1.0,2021,29,1994,0,1.0
3886361358,tarkka,2022,1,ennallaan,tuore_havainto,1.0,2021,69,1954,0,1.0
3886361438,tarkka,2022,1,ennallaan,tuore_havainto,1.0,2021,68,1955,0,1.0
3886361440,tarkka,2022,100,ennallaan,tuore_havainto,1.0,2021,67,1956,0,1.0
3886660443,alueellinen,2022,50000,ei_tietoa,liian_epatarkka,,,,,,
3887780318,tarkka,2022,1,ennallaan,tuore_havainto,1.0,2021,23,2000,0,1.0
3888036506,tarkka,2022,1,ennallaan,tuore_havainto,1.0,2021,39,1984,0,1.0
3888734670,tuntematon,2022,,ei_tietoa,liian_epatarkka,,,,,,
3888744940,tarkka,2022,10,ennallaan,tuore_havainto,1.0,2021,86,1937,0,1.0
3888760240,tarkka,2022,160,ulkopuolella,ei_metsatalousmaata,0.56,2021,74,1949,0,0.44
3888784254,tarkka,2022,8,ennallaan,tuore_havainto,1.0,2021,64,1959,0,1.0
3888812024,alueellinen,2022,126795,ei_tietoa,liian_epatarkka,,,,,,
3889079641,summittainen,2022,600,ulkopuolella,ei_metsatalousmaata,0.71,2021,64,1959,0,0.33
3889109953,tarkka,2022,4,ennallaan,tuore_havainto,1.0,2021,54,1969,0,1.0
3889151038,tarkka,2022,9,ennallaan,tuore_havainto,1.0,2021,57,1966,0,1.0
3889189770,tarkka,2022,195,ennallaan,tuore_havainto,0.56,2021,42,1981,0,0.56
3889208467,alueellinen,2022,1062,ei_tietoa,liian_epatarkka,,,,,,
3889272319,tarkka,2022,24,ennallaan,tuore_havainto,1.0,2021,67,1956,0,1.0
3892365745,tarkka,2022,9,epavarma,osa_alueesta_hakattu,0.11,2021,65,1958,2,1.0
3892409871,tarkka,2022,6,ennallaan,tuore_havainto,1.0,2021,60,1963,0,1.0
3892423996,alueellinen,2022,24790,ei_tietoa,liian_epatarkka,,,,,,
3892434067,tuntematon,2022,,ei_tietoa,liian_epatarkka,,,,,,
3892550755,tarkka,2022,2,ennallaan,tuore_havainto,1.0,2021,78,1945,0,1.0
3892563912,tarkka,2022,5,ennallaan,tuore_havainto,1.0,2021,70,1953,0,1.0
3892602694,tarkka,2022,8,ennallaan,tuore_havainto,1.0,2021,60,1963,0,1.0
3892777446,alueellinen,2022,50000,ei_tietoa,liian_epatarkka,,,,,,
3892980827,tarkka,2022,100,ennallaan,tuore_havainto,1.0,2021,77,1946,0,1.0
3892993575,alueellinen,2022,10000,ei_tietoa,liian_epatarkka,,,,,,
3894125020,tarkka,2022,1,ennallaan,tuore_havainto,1.0,2021,47,1976,0,1.0
3899685327,alueellinen,2022,5000,ei_tietoa,liian_epatarkka,,,,,,
3899685491,tarkka,2022,1,ennallaan,tuore_havainto,1.0,2021,62,1961,0,1.0
3899686041,summittainen,2022,1000,ennallaan,tuore_havainto,1.0,2021,88,1935,0,1.0
3899687138,tarkka,2022,1,ennallaan,tuore_havainto,1.0,2021,69,1954,0,1.0
3901266407,tarkka,2022,1,ennallaan,tuore_havainto,0.89,2021,61,1962,0,0.89
3902677230,tarkka,2022,5,ennallaan,tuore_havainto,1.0,2021,58,1965,0,1.0
3902706814,tarkka,2022,4,ennallaan,tuore_havainto,1.0,2021,78,1945,0,1.0
3902766213,tarkka,2022,8,ennallaan,tuore_havainto,1.0,2021,85,1938,0,1.0
3902770910,alueellinen,2022,153394,ei_tietoa,liian_epatarkka,,,,,,
3903040075,tarkka,2022,4,ennallaan,tuore_havainto,1.0,2021,117,1906,0,1.0
3903104445,alueellinen,2022,24612,ei_tietoa,liian_epatarkka,,,,,,
3903310611,tuntematon,2022,,ei_tietoa,liian_epatarkka,,,,,,
3903470668,alueellinen,2022,2664,ei_tietoa,liian_epatarkka,,,,,,
3924876315,tarkka,2022,1,ennallaan,tuore_havainto,1.0,2021,98,1925,0,1.0
3924876332,tarkka,2022,1,ennallaan,tuore_havainto,1.0,2021,98,1925,0,1.0
3924876487,tarkka,2022,10,ulkopuolella,ei_metsatalousmaata,1.0,2021,,,0,0.0
3924876525,tarkka,2022,1,ennallaan,tuore_havainto,1.0,2021,39,1984,0,1.0
3924876814,tarkka,2022,10,ennallaan,tuore_havainto,1.0,2021,48,1975,0,1.0
3924877917,tarkka,2022,10,ulkopuolella,ei_metsatalousmaata,1.0,2021,,,0,0.0
3925509540,alueellinen,2022,10979,ei_tietoa,liian_epatarkka,,,,,,
3961814414,summittainen,2022,1000,ulkopuolella,ei_metsatalousmaata,0.67,2021,36,1987,0,0.33
4015123351,tarkka,2022,4,ennallaan,tuore_havainto,1.0,2021,73,1950,0,1.0
4133610623,tuntematon,2022,,ei_tietoa,liian_epatarkka,,,,,,
4426765446,tarkka,2022,100,ennallaan,tuore_havainto,1.0,2021,76,1947,0,1.0
4520931323,tarkka,2022,1,ennallaan,tuore_havainto,1.0,2021,47,1976,0,1.0
4520933320,tarkka,2022,1,ennallaan,tuore_havainto,0.89,2021,53,1970,0,0.89
4520933321,tarkka,2022,1,ennallaan,tuore_havainto,1.0,2021,61,1962,0,1.0
4606835243,tarkka,2022,4,ennallaan,tuore_havainto,1.0,2021,112,1911,0,1.0
5076717723,tarkka,2022,77,ennallaan,tuore_havainto,0.67,2021,71,1952,0,0.67
5106942395,tarkka,2022,1,ennallaan,tuore_havainto,1.0,2021,21,2002,0,1.0
6183912182,tarkka,2022,16,ennallaan,tuore_havainto,0.78,2021,53,1970,0,0.78
3898233824,tarkka,2022,1,ennallaan,tuore_havainto,1.0,2021,62,1961,0,1.0
3899685386,tarkka,2022,1,ennallaan,tuore_havainto,1.0,2021,68,1955,0,1.0
3899685455,tarkka,2022,1,ennallaan,tuore_havainto,1.0,2021,68,1955,0,1.0
3899686200,tarkka,2022,100,ennallaan,tuore_havainto,0.78,2021,43,1980,0,0.78
3899686249,summittainen,2022,1000,epavarma,osa_alueesta_hakattu,0.11,2021,44,1979,2,0.89
3899686829,summittainen,2022,1000,epavarma,osa_alueesta_hakattu,0.44,2021,30,1993,2,1.0
3899687349,tarkka,2022,10,ennallaan,tuore_havainto,0.78,2021,74,1949,0,0.78
3899687377,tarkka,2022,100,ennallaan,tuore_havainto,0.78,2021,59,1964,0,0.78
3901597330,tarkka,2022,1,ulkopuolella,ei_metsatalousmaata,0.78,2021,63,1960,0,0.22
3902294136,alueellinen,2022,24790,ei_tietoa,liian_epatarkka,,,,,,
3902548317,tarkka,2022,23,ennallaan,tuore_havainto,0.57,2021,69,1954,0,0.44
3902936703,tuntematon,2022,,ei_tietoa,liian_epatarkka,,,,,,
3903037383,alueellinen,2022,2200,ei_tietoa,liian_epatarkka,,,,,,
3903050761,alueellinen,2022,126795,ei_tietoa,liian_epatarkka,,,,,,
3903074724,tuntematon,2022,,ei_tietoa,liian_epatarkka,,,,,,
3903236608,alueellinen,2022,1058,ei_tietoa,liian_epatarkka,,,,,,
3903342038,alueellinen,2022,24879,ei_tietoa,liian_epatarkka,,,,,,
3903468718,tarkka,2022,5,ennallaan,tuore_havainto,1.0,2021,84,1939,0,1.0
3912119981,tarkka,2022,8,ennallaan,tuore_havainto,1.0,2021,76,1947,0,1.0
3912142102,tarkka,2022,5,ennallaan,tuore_havainto,1.0,2021,101,1922,0,1.0
3913109500,summittainen,2022,1000,ulkopuolella,ei_metsatalousmaata,0.56,2021,90,1933,0,0.44
3915495253,tarkka,2022,36,ennallaan,tuore_havainto,0.89,2021,42,1981,0,0.89
3915596410,alueellinen,2022,126795,ei_tietoa,liian_epatarkka,,,,,,
3916026364,summittainen,2022,1000,ulkopuolella,ei_metsatalousmaata,0.56,2021,67,1956,0,0.44
3916035855,tarkka,2022,1,ulkopuolella,ei_metsatalousmaata,0.56,2021,58,1965,0,0.44
3916048104,alueellinen,2022,5000,ei_tietoa,liian_epatarkka,,,,,,
3924877030,tarkka,2022,1,ennallaan,tuore_havainto,0.89,2021,50,1973,0,0.89
3924877197,tarkka,2022,1,ennallaan,tuore_havainto,1.0,2021,36,1987,0,1.0
3944918859,tarkka,2022,10,ennallaan,tuore_havainto,0.86,2021,46,1977,0,0.67
3944918862,tarkka,2022,1,ennallaan,tuore_havainto,1.0,2021,46,1977,0,1.0
3946964325,tarkka,2022,10,ennallaan,tuore_havainto,0.78,2021,31,1992,0,0.78
3948197305,summittainen,2022,1000,ennallaan,tuore_havainto,1.0,2021,41,1982,0,1.0
5018377936,tarkka,2022,250,ennallaan,tuore_havainto,1.0,2021,90,1933,0,1.0
5076734759,tuntematon,2022,,ei_tietoa,liian_epatarkka,,,,,,
3923238335,alueellinen,2022,24790,ei_tietoa,liian_epatarkka,,,,,,
3924876354,summittainen,2022,1000,epavarma,osa_alueesta_hakattu,0.11,2021,61,1962,2,1.0
3925728426,summittainen,2022,1000,ennallaan,tuore_havainto,1.0,2021,77,1946,0,1.0
3944918529,summittainen,2022,1000,ennallaan,tuore_havainto,1.0,2021,103,1920,0,1.0
3944918557,summittainen,2022,1000,ennallaan,tuore_havainto,1.0,2021,39,1984,0,1.0
3944919204,tarkka,2022,1,ennallaan,tuore_havainto,1.0,2021,94,1929,0,1.0
3944919502,summittainen,2022,1000,ulkopuolella,ei_metsatalousmaata,0.67,2021,75,1948,1,0.33
3947123661,tarkka,2022,133,ennallaan,tuore_havainto,0.67,2021,30,1993,0,0.67
3947359033,alueellinen,2022,126795,ei_tietoa,liian_epatarkka,,,,,,
3947385097,summittainen,2022,789,ulkopuolella,ei_metsatalousmaata,0.67,2021,35,1988,0,0.33
3947517426,tarkka,2022,32,ennallaan,tuore_havainto,1.0,2021,54,1969,0,1.0
3947582450,summittainen,2022,310,ennallaan,tuore_havainto,0.89,2021,57,1966,0,0.89
3947658136,tarkka,2022,128,ennallaan,tuore_havainto,1.0,2021,39,1984,0,1.0
3948192031,tarkka,2022,1,ennallaan,tuore_havainto,1.0,2021,98,1925,0,1.0
3948320427,alueellinen,2022,100000,ei_tietoa,liian_epatarkka,,,,,,
3961484350,tarkka,2022,3,ennallaan,tuore_havainto,0.56,2021,27,1996,0,0.56
3962798582,tarkka,2022,10,ennallaan,tuore_havainto,1.0,2021,51,1972,0,1.0
4067188159,alueellinen,2022,1870,ei_tietoa,liian_epatarkka,,,,,,
4173269538,summittainen,2022,1000,epavarma,osa_alueesta_hakattu,0.33,2021,40,1983,2,0.89
4403472724,summittainen,2022,1000,epavarma,osa_alueesta_hakattu,0.22,2021,70,1953,2,0.78
4430396092,alueellinen,2022,3012,ei_tietoa,liian_epatarkka,,,,,,
4899012211,tarkka,2022,1,ennallaan,tuore_havainto,1.0,2021,75,1948,0,1.0
3966709740,tuntematon,2022,,ei_tietoa,liian_epatarkka,,,,,,
3966724064,alueellinen,2022,24849,ei_tietoa,liian_epatarkka,,,,,,
3966969441,tarkka,2022,1,ennallaan,tuore_havainto,1.0,2021,88,1935,0,1.0
3966969444,tarkka,2022,1,ulkopuolella,ei_metsatalousmaata,1.0,2021,,,0,0.0
3968358313,tarkka,2022,10,ennallaan,tuore_havainto,1.0,2021,33,1990,0,1.0
3968430625,summittainen,2022,1000,ulkopuolella,ei_metsatalousmaata,0.78,2021,67,1956,0,0.22
3968437449,tarkka,2022,1,ennallaan,tuore_havainto,0.78,2021,88,1935,0,0.78
4011539127,tuntematon,2022,,ei_tietoa,liian_epatarkka,,,,,,
3320901933,tuntematon,2021,,ei_tietoa,liian_epatarkka,,,,,,
3333276712,summittainen,2021,485,ulkopuolella,ei_metsatalousmaata,0.62,2021,29,1994,0,0.33
3415444646,tarkka,2021,6,ennallaan,tuore_havainto,0.67,2021,73,1950,0,0.67
3441189368,tarkka,2021,1,ennallaan,tuore_havainto,1.0,2021,83,1940,0,0.67
3441213815,summittainen,2021,1000,ulkopuolella,ei_metsatalousmaata,0.88,2021,42,1981,0,0.22
3448754834,tarkka,2021,1,ennallaan,tuore_havainto,1.0,2021,92,1931,0,1.0
3449201166,tarkka,2021,1,ennallaan,tuore_havainto,0.89,2021,76,1947,0,0.89
3453900565,tarkka,2021,1,ennallaan,tuore_havainto,1.0,2021,64,1959,0,1.0
3453903006,tarkka,2021,1,ennallaan,tuore_havainto,1.0,2021,63,1960,0,1.0
3873525191,tarkka,2021,17,ennallaan,tuore_havainto,1.0,2021,49,1974,0,1.0
4430878630,tuntematon,2021,,ei_tietoa,liian_epatarkka,,,,,,
5076734570,tuntematon,2021,,ei_tietoa,liian_epatarkka,,,,,,
3327890452,alueellinen,2021,24790,ei_tietoa,liian_epatarkka,,,,,,
3327895028,tarkka,2021,122,ulkopuolella,ei_metsatalousmaata,0.75,2021,78,1945,0,0.22
3327918783,alueellinen,2021,24819,ei_tietoa,liian_epatarkka,,,,,,
3335087158,tarkka,2021,165,epavarma,osa_alueesta_hakattu,0.22,2021,39,1984,2,0.33
3335344780,summittainen,2021,271,epavarma,osa_alueesta_hakattu,0.11,2021,66,1957,2,1.0
3441134343,alueellinen,2021,5000,ei_tietoa,liian_epatarkka,,,,,,
3441154849,summittainen,2021,1000,ennallaan,tuore_havainto,0.56,2021,60,1963,0,0.56
3441157594,summittainen,2021,1000,ennallaan,tuore_havainto,0.89,2021,57,1966,1,1.0
3441178813,tarkka,2021,1,ennallaan,tuore_havainto,1.0,2021,62,1961,0,1.0
3441182364,summittainen,2021,1000,ulkopuolella,ei_metsatalousmaata,0.5,2021,75,1948,0,0.44
3441186490,summittainen,2021,1000,epavarma,osa_alueesta_hakattu,0.11,2021,101,1922,2,0.67
3912107434,alueellinen,2021,3307,ei_tietoa,liian_epatarkka,,,,,,
3337522734,tarkka,2021,16,epavarma,osa_alueesta_hakattu,0.22,2021,28,1995,2,0.78
3337582295,tarkka,2021,225,epavarma,osa_alueesta_hakattu,0.11,2021,81,1942,2,0.89
3337695347,alueellinen,2021,24819,ei_tietoa,liian_epatarkka,,,,,,
3338016916,tarkka,2021,12,ennallaan,tuore_havainto,1.0,2021,80,1943,0,1.0
3338019056,tarkka,2021,60,ennallaan,tuore_havainto,1.0,2021,74,1949,0,1.0
3338033899,alueellinen,2021,24849,ei_tietoa,liian_epatarkka,,,,,,
3338048846,tarkka,2021,6,ennallaan,tuore_havainto,1.0,2021,96,1927,0,1.0
3343806947,tarkka,2021,2,ennallaan,tuore_havainto,0.67,2021,52,1971,0,0.67
3344035524,tarkka,2021,4,ennallaan,tuore_havainto,1.0,2021,56,1967,0,1.0
3355056141,alueellinen,2021,24583,ei_tietoa,liian_epatarkka,,,,,,
3384709892,tarkka,2021,8,ennallaan,tuore_havainto,1.0,2021,69,1954,0,1.0
3441133777,summittainen,2021,1000,epavarma,osa_alueesta_hakattu,0.22,2021,44,1979,2,0.67
3441134194,tarkka,2021,1,epavarma,hakkuuaikomus,1.0,2021,83,1940,1,1.0
3441137895,summittainen,2021,1000,epavarma,osa_alueesta_hakattu,0.11,2021,56,1967,2,0.44
3441143883,tarkka,2021,1,ennallaan,tuore_havainto,1.0,2021,40,1983,0,1.0
3441144925,summittainen,2021,1000,ennallaan,tuore_havainto,0.67,2021,88,1935,0,0.67
3441151509,summittainen,2021,1000,ennallaan,tuore_havainto,0.89,2021,51,1972,0,0.89
3441157385,tarkka,2021,100,epavarma,osa_alueesta_hakattu,0.22,2021,49,1974,2,1.0
3441158020,summittainen,2021,1000,ennallaan,tuore_havainto,0.56,2021,62,1961,0,0.56
3441158148,tarkka,2021,100,ennallaan,tuore_havainto,1.0,2021,45,1978,0,1.0
3441161718,summittainen,2021,1000,epavarma,osa_alueesta_hakattu,0.11,2021,76,1947,2,0.89
3441167570,alueellinen,2021,5000,ei_tietoa,liian_epatarkka,,,,,,
3441173357,summittainen,2021,1000,ennallaan,tuore_havainto,0.75,2021,65,1958,0,0.78
3441173808,summittainen,2021,1000,ennallaan,tuore_havainto,0.78,2021,43,1980,1,0.89
3441173899,summittainen,2021,1000,epavarma,osa_alueesta_hakattu,0.11,2021,56,1967,2,0.78
3441177139,tarkka,2021,100,ennallaan,tuore_havainto,1.0,2021,36,1987,0,1.0
3441183706,tarkka,2021,1,ulkopuolella,ei_metsatalousmaata,0.56,2021,59,1964,0,0.44
3441184115,tarkka,2021,1,ulkopuolella,ei_metsatalousmaata,0.67,2021,45,1978,0,0.33
3441198514,tarkka,2021,100,ennallaan,tuore_havainto,1.0,2021,77,1946,0,1.0
3441201055,tarkka,2021,1,ennallaan,tuore_havainto,1.0,2021,87,1936,0,1.0
3441206046,summittainen,2021,1000,epavarma,osa_alueesta_hakattu,0.11,2021,54,1969,2,0.56
3441206797,tarkka,2021,100,muuttunut,hakattu,0.44,2021,57,1966,2,1.0
3441213843,summittainen,2021,1000,epavarma,osa_alueesta_hakattu,0.11,2021,81,1942,2,0.67
3441216946,tarkka,2021,100,epavarma,osa_alueesta_hakattu,0.11,2021,70,1953,2,1.0
3448354726,tarkka,2021,10,ennallaan,tuore_havainto,1.0,2021,60,1963,0,1.0
3448494867,summittainen,2021,1000,epavarma,osa_alueesta_hakattu,0.11,2021,73,1950,2,0.89
3448763436,tarkka,2021,1,muuttunut,hakattu,1.0,2021,78,1945,2,1.0
3449066070,summittainen,2021,1000,ulkopuolella,ei_metsatalousmaata,0.56,2021,62,1961,0,0.44
3449105737,tarkka,2021,100,epavarma,osa_alueesta_hakattu,0.11,2021,65,1958,2,1.0
3453917434,tarkka,2021,1,ennallaan,tuore_havainto,0.67,2021,64,1959,0,0.67
3455801796,alueellinen,2021,24760,ei_tietoa,liian_epatarkka,,,,,,
3461689341,tarkka,2021,100,ennallaan,tuore_havainto,1.0,2021,35,1988,0,1.0
3713214460,summittainen,2021,1000,epavarma,osa_alueesta_hakattu,0.11,2021,47,1976,2,0.78
3923674409,tarkka,2021,3,ennallaan,tuore_havainto,1.0,2021,79,1944,0,1.0
4103055707,alueellinen,2021,24612,ei_tietoa,liian_epatarkka,,,,,,
4606563837,alueellinen,2021,1918,ei_tietoa,liian_epatarkka,,,,,,
4607165832,alueellinen,2021,10586,ei_tietoa,liian_epatarkka,,,,,,
5058023835,tarkka,2021,1,epavarma,osa_alueesta_hakattu,0.33,2021,62,1961,2,1.0
5076741591,summittainen,2021,1000,ulkopuolella,ei_metsatalousmaata,0.56,2021,51,1972,0,0.44
3355270559,tarkka,2021,3,ennallaan,tuore_havainto,1.0,2021,47,1976,0,1.0
3355564323,tarkka,2021,65,ulkopuolella,ei_metsatalousmaata,1.0,2021,,,0,0.0
3383978585,alueellinen,2021,24612,ei_tietoa,liian_epatarkka,,,,,,
3384018477,alueellinen,2021,24760,ei_tietoa,liian_epatarkka,,,,,,
3384695779,tarkka,2021,4,ennallaan,tuore_havainto,0.89,2021,91,1932,0,0.89
3384979068,tarkka,2021,4,ulkopuolella,ei_metsatalousmaata,0.67,2021,106,1917,0,0.22
3399217994,alueellinen,2021,24760,ei_tietoa,liian_epatarkka,,,,,,
3441150104,tarkka,2021,1,ennallaan,tuore_havainto,0.67,2021,48,1975,0,0.67
3441154331,tarkka,2021,1,muuttunut,hakattu,0.89,2021,4,2019,2,0.89
3441156081,summittainen,2021,1000,ennallaan,tuore_havainto,1.0,2021,84,1939,0,1.0
3441162710,tarkka,2021,1,ennallaan,tuore_havainto,0.89,2021,65,1958,0,0.89
3441165372,summittainen,2021,1000,ulkopuolella,ei_metsatalousmaata,0.67,2021,24,1999,0,0.33
3441166445,tarkka,2021,1,ennallaan,tuore_havainto,1.0,2021,83,1940,0,1.0
3441175539,summittainen,2021,1000,epavarma,osa_alueesta_hakattu,0.22,2021,59,1964,2,0.78
3441191781,summittainen,2021,1000,ulkopuolella,ei_metsatalousmaata,0.56,2021,58,1965,0,0.44
3441202559,tarkka,2021,1,ennallaan,tuore_havainto,0.78,2021,50,1973,0,0.78
3441210811,tarkka,2021,100,ulkopuolella,ei_metsatalousmaata,0.67,2021,3,2020,0,0.33
3441213200,tarkka,2021,1,ennallaan,tuore_havainto,1.0,2021,39,1984,0,1.0
3448045083,tarkka,2021,1,epavarma,osa_alueesta_hakattu,0.11,2021,30,1993,2,0.78
3448357192,summittainen,2021,1000,epavarma,osa_alueesta_hakattu,0.22,2021,30,1993,2,0.67
3448367061,summittainen,2021,1000,ennallaan,tuore_havainto,0.89,2021,66,1957,0,0.89
3448367432,tarkka,2021,100,epavarma,osa_alueesta_hakattu,0.11,2021,61,1962,2,0.78
3448392534,summittainen,2021,1000,ulkopuolella,ei_metsatalousmaata,0.56,2021,67,1956,0,0.44
3449083344,summittainen,2021,1000,epavarma,osa_alueesta_hakattu,0.33,2021,33,1990,2,0.89
3466362704,tarkka,2021,5,ennallaan,tuore_havainto,1.0,2021,41,1982,0,1.0
3698132036,tarkka,2021,10,ennallaan,tuore_havainto,1.0,2021,43,1980,0,1.0
4078168419,summittainen,2021,1000,epavarma,osa_alueesta_hakattu,0.11,2021,51,1972,2,0.67
4606516905,alueellinen,2021,24879,ei_tietoa,liian_epatarkka,,,,,,
4898594497,tarkka,2021,1,ennallaan,tuore_havainto,1.0,2021,51,1972,0,1.0
4898830503,tarkka,2021,1,ennallaan,tuore_havainto,0.89,2021,89,1934,0,0.89
4899012256,tarkka,2021,1,ennallaan,tuore_havainto,1.0,2021,83,1940,0,1.0
3391395276,tuntematon,2021,,ei_tietoa,liian_epatarkka,,,,,,
3398880840,alueellinen,2021,2298,ei_tietoa,liian_epatarkka,,,,,,
3399027923,tuntematon,2021,,ei_tietoa,liian_epatarkka,,,,,,
3399303694,tarkka,2021,7,ennallaan,tuore_havainto,1.0,2021,74,1949,0,1.0
3441137963,tarkka,2021,1,ennallaan,tuore_havainto,0.67,2021,52,1971,1,1.0
3441140877,summittainen,2021,1000,ulkopuolella,ei_metsatalousmaata,0.67,2021,40,1983,0,0.33
3441156188,tarkka,2021,1,ennallaan,tuore_havainto,1.0,2021,109,1914,0,1.0
3441175839,tarkka,2021,1,ennallaan,tuore_havainto,0.67,2021,87,1936,0,0.67
3441183703,summittainen,2021,1000,epavarma,osa_alueesta_hakattu,0.11,2021,40,1983,2,1.0
3441184591,tarkka,2021,1,ulkopuolella,ei_metsatalousmaata,1.0,2021,,,0,0.0
3441187261,tarkka,2021,1,ennallaan,tuore_havainto,1.0,2021,80,1943,0,1.0
3441190104,summittainen,2021,1000,ulkopuolella,ei_metsatalousmaata,0.67,2021,35,1988,0,0.33
3441192190,summittainen,2021,1000,ulkopuolella,ei_metsatalousmaata,0.62,2021,60,1963,0,0.33
3441195578,summittainen,2021,1000,ennallaan,tuore_havainto,1.0,2021,82,1941,0,1.0
3441199913,summittainen,2021,1000,epavarma,osa_alueesta_hakattu,0.11,2021,66,1957,2,0.78
3441200510,tarkka,2021,1,ennallaan,tuore_havainto,1.0,2021,45,1978,0,1.0
3441202436,summittainen,2021,1000,ennallaan,tuore_havainto,1.0,2021,54,1969,0,1.0
3448508120,tarkka,2021,100,ennallaan,tuore_havainto,1.0,2021,92,1931,0,1.0
3449121072,summittainen,2021,1000,ennallaan,tuore_havainto,0.89,2021,85,1938,0,0.89
3449149639,tarkka,2021,1,ennallaan,tuore_havainto,0.89,2021,63,1960,0,0.89
3449190144,tarkka,2021,1,ennallaan,tuore_havainto,1.0,2021,67,1956,0,1.0
3950484324,alueellinen,2021,10000,ei_tietoa,liian_epatarkka,,,,,,
4903929963,alueellinen,2021,5992,ei_tietoa,liian_epatarkka,,,,,,
3415582254,alueellinen,2021,24612,ei_tietoa,liian_epatarkka,,,,,,
3415585195,alueellinen,2021,1600294,ei_tietoa,liian_epatarkka,,,,,,
3415676086,tarkka,2021,121,ennallaan,tuore_havainto,0.89,2021,70,1953,0,0.89
3415753057,alueellinen,2021,1350,ei_tietoa,liian_epatarkka,,,,,,
3415860106,tarkka,2021,88,ennallaan,tuore_havainto,0.67,2021,56,1967,0,0.67
3415922204,tuntematon,2021,,ei_tietoa,liian_epatarkka,,,,,,
3441154567,tarkka,2021,1,ennallaan,tuore_havainto,1.0,2021,61,1962,0,1.0
3448399037,alueellinen,2021,5000,ei_tietoa,liian_epatarkka,,,,,,
3455438728,tarkka,2021,5,ennallaan,tuore_havainto,0.78,2021,45,1978,0,0.78
3441139685,summittainen,2021,1000,ennallaan,tuore_havainto,0.67,2021,70,1953,0,0.67
3448767880,summittainen,2021,1000,ulkopuolella,ei_metsatalousmaata,0.78,2021,70,1953,0,0.22
2550051162,tarkka,2020,153,ennallaan,ei_muutosta,0.89,2019,63,1960,0,0.89
3441172617,tarkka,2020,1,epavarma,kasvupaikkatieto_muuttunut,0.56,2019,52,1971,0,1.0
3441127744,tarkka,2020,1,ennallaan,ei_muutosta,1.0,2019,88,1935,0,1.0
3441143933,tarkka,2020,1,ennallaan,ei_muutosta,1.0,2019,76,1947,0,1.0
3441193160,tarkka,2020,1,ulkopuolella,ei_metsatalousmaata,0.62,2019,57,1966,0,0.33
2813930203,tuntematon,2020,,ei_tietoa,liian_epatarkka,,,,,,
2813957527,tuntematon,2020,,ei_tietoa,liian_epatarkka,,,,,,
2814065375,tarkka,2020,8,ennallaan,ei_muutosta,0.89,2019,56,1967,0,0.89
2814074811,tuntematon,2020,,ei_tietoa,liian_epatarkka,,,,,,
2814186107,tarkka,2020,183,ennallaan,ei_muutosta,0.89,2019,91,1932,0,1.0
2814217164,alueellinen,2020,4208,ei_tietoa,liian_epatarkka,,,,,,
2814266151,alueellinen,2020,24641,ei_tietoa,liian_epatarkka,,,,,,
2814388607,tarkka,2020,12,ennallaan,ei_muutosta,0.89,2019,105,1918,0,1.0
2814412326,tarkka,2020,4,ennallaan,ei_muutosta,0.67,2019,77,1946,0,0.67
2818517285,tarkka,2020,57,ennallaan,ei_muutosta,1.0,2019,47,1976,0,1.0
2818518000,tarkka,2020,13,ennallaan,ei_muutosta,1.0,2019,94,1929,0,1.0
2818561595,tarkka,2020,8,ennallaan,ei_muutosta,1.0,2019,75,1948,0,1.0
2818658390,alueellinen,2020,2660,ei_tietoa,liian_epatarkka,,,,,,
2818782523,tuntematon,2020,,ei_tietoa,liian_epatarkka,,,,,,
2818819365,tarkka,2020,9,ennallaan,ei_muutosta,0.89,2019,59,1964,0,1.0
2823091753,tarkka,2020,61,ennallaan,ei_muutosta,0.56,2019,44,1979,0,0.67
2823113288,alueellinen,2020,2609,ei_tietoa,liian_epatarkka,,,,,,
2823139866,tarkka,2020,9,muuttunut,hakattu,0.89,2019,9,2014,2,1.0
2823199365,tarkka,2020,4,ennallaan,ei_muutosta,0.56,2019,90,1933,0,1.0
2823333124,tuntematon,2020,,ei_tietoa,liian_epatarkka,,,,,,
2823436380,summittainen,2020,349,muuttunut,hakattu,0.44,2019,64,1959,2,1.0
2823439409,tuntematon,2020,,ei_tietoa,liian_epatarkka,,,,,,
2826184831,alueellinen,2020,24760,ei_tietoa,liian_epatarkka,,,,,,
2826229771,tarkka,2020,32,ulkopuolella,ei_metsatalousmaata,0.67,2019,83,1940,0,0.33
2826246984,tarkka,2020,16,ulkopuolella,ei_metsatalousmaata,0.44,2019,61,1962,0,0.56
2826247344,alueellinen,2020,24760,ei_tietoa,liian_epatarkka,,,,,,
2826263658,alueellinen,2020,24790,ei_tietoa,liian_epatarkka,,,,,,
2826295080,summittainen,2020,488,epavarma,osa_alueesta_hakattu,0.22,2019,63,1960,2,0.78
2826300270,tarkka,2020,8,ennallaan,ei_muutosta,0.78,2019,55,1968,0,0.78
2826310251,tarkka,2020,4,ennallaan,ei_muutosta,1.0,2019,45,1978,0,1.0
2826338851,alueellinen,2020,1052,ei_tietoa,liian_epatarkka,,,,,,
2826428231,summittainen,2020,525,ulkopuolella,ei_metsatalousmaata,0.78,2019,64,1959,0,0.22
2826461691,tarkka,2020,5,epavarma,osa_alueesta_hakattu,0.33,2019,13,2010,2,1.0
2826469888,alueellinen,2020,24730,ei_tietoa,liian_epatarkka,,,,,,
2826471857,alueellinen,2020,24760,ei_tietoa,liian_epatarkka,,,,,,
2826510388,alueellinen,2020,24641,ei_tietoa,liian_epatarkka,,,,,,
2826519474,alueellinen,2020,24641,ei_tietoa,liian_epatarkka,,,,,,
2981029410,tarkka,2020,10,ennallaan,ei_muutosta,0.56,2019,50,1973,0,0.67
2988281573,tuntematon,2020,,ei_tietoa,liian_epatarkka,,,,,,
2988364556,tuntematon,2020,,ei_tietoa,liian_epatarkka,,,,,,
2988507549,tarkka,2020,16,ennallaan,ei_muutosta,0.89,2019,62,1961,0,1.0
3068019830,alueellinen,2020,1953,ei_tietoa,liian_epatarkka,,,,,,
3112786764,tarkka,2020,16,ennallaan,ei_muutosta,0.89,2019,65,1958,0,1.0
3117846376,tarkka,2020,8,epavarma,osa_alueesta_hakattu,0.33,2019,79,1944,2,1.0
3441130794,tarkka,2020,1,ennallaan,ei_muutosta,1.0,2019,84,1939,0,1.0
3441131301,tarkka,2020,1,ennallaan,ei_muutosta,1.0,2019,53,1970,0,1.0
3441142406,summittainen,2020,1000,epavarma,osa_alueesta_hakattu,0.11,2019,66,1957,2,1.0
3441148150,tarkka,2020,1,ennallaan,ei_muutosta,0.67,2019,56,1967,0,0.67
3441149746,summittainen,2020,1000,epavarma,kasvupaikkatieto_muuttunut,0.33,2019,76,1947,0,0.67
3441156193,summittainen,2020,1000,epavarma,osa_alueesta_hakattu,0.11,2019,73,1950,2,0.67
3441159676,tarkka,2020,1,epavarma,osa_alueesta_hakattu,0.22,2019,36,1987,2,0.78
3441161278,tarkka,2020,1,ennallaan,ei_muutosta,1.0,2019,77,1946,0,0.89
3441165332,tarkka,2020,1,ulkopuolella,ei_metsatalousmaata,1.0,2019,,,0,0.0
3441172299,summittainen,2020,1000,ennallaan,ei_muutosta,0.56,2019,70,1953,0,0.56
3441174450,tarkka,2020,1,ennallaan,ei_muutosta,0.67,2019,47,1976,0,0.78
3441180225,tarkka,2020,100,ulkopuolella,ei_metsatalousmaata,0.67,2019,52,1971,0,0.33
3441180419,tarkka,2020,1,ennallaan,ei_muutosta,1.0,2019,39,1984,0,1.0
3441185955,tarkka,2020,1,epavarma,osa_alueesta_muuttunut,0.12,2019,74,1949,0,0.44
3441215308,tarkka,2020,1,ennallaan,ei_muutosta,1.0,2019,53,1970,0,1.0
3447973820,summittainen,2020,1000,epavarma,osa_alueesta_hakattu,0.11,2019,47,1976,2,0.78
3447979821,summittainen,2020,1000,ulkopuolella,ei_metsatalousmaata,0.56,2019,48,1975,0,0.44
3448251234,summittainen,2020,1000,ulkopuolella,ei_metsatalousmaata,0.89,2019,48,1975,0,0.11
3448973037,summittainen,2020,1000,ulkopuolella,ei_metsatalousmaata,0.89,2019,82,1941,0,0.11
3448975506,tarkka,2020,1,ennallaan,ei_muutosta,0.56,2019,68,1955,1,1.0
3449167694,tarkka,2020,100,ennallaan,ei_muutosta,0.89,2019,63,1960,0,1.0
3453920953,tarkka,2020,1,ulkopuolella,ei_metsatalousmaata,0.62,2019,65,1958,0,0.33
3453925030,alueellinen,2020,50000,ei_tietoa,liian_epatarkka,,,,,,
4078168682,summittainen,2020,1000,ennallaan,ei_muutosta,0.67,2019,86,1937,0,0.89
5076752448,summittainen,2020,263,ulkopuolella,ei_metsatalousmaata,0.89,2019,41,1982,0,0.11
5076775434,tarkka,2020,24,ulkopuolella,ei_metsatalousmaata,0.44,2019,56,1967,0,0.56
5176435319,tarkka,2020,3,ennallaan,ei_muutosta,0.78,2019,57,1966,0,1.0
5176550321,tarkka,2020,104,ulkopuolella,ei_metsatalousmaata,0.44,2019,33,1990,0,0.56
5177239323,tarkka,2020,3,ulkopuolella,ei_metsatalousmaata,0.56,2019,77,1946,0,0.44
5188283713,alueellinen,2020,1026,ei_tietoa,liian_epatarkka,,,,,,
6159596374,tuntematon,2020,,ei_tietoa,liian_epatarkka,,,,,,
2826220172,tarkka,2020,9,ennallaan,ei_muutosta,0.67,2019,82,1941,0,0.67
2826221031,summittainen,2020,433,epavarma,osa_alueesta_hakattu,0.33,2019,26,1997,2,0.56
2826247159,tarkka,2020,30,ennallaan,ei_muutosta,0.78,2019,72,1951,0,0.78
2826303182,tuntematon,2020,,ei_tietoa,liian_epatarkka,,,,,,
2826335183,tarkka,2020,32,ulkopuolella,ei_metsatalousmaata,0.5,2019,41,1982,0,0.44
2826525026,tuntematon,2020,,ei_tietoa,liian_epatarkka,,,,,,
2850542054,tarkka,2020,20,ulkopuolella,ei_metsatalousmaata,1.0,2019,,,0,0.0
2850675500,tuntematon,2020,,ei_tietoa,liian_epatarkka,,,,,,
2850677420,alueellinen,2020,24790,ei_tietoa,liian_epatarkka,,,,,,
2850702169,tarkka,2020,74,ennallaan,ei_muutosta,0.44,2019,55,1968,0,0.67
2850715583,alueellinen,2020,1020,ei_tietoa,liian_epatarkka,,,,,,
2850766407,tarkka,2020,16,ennallaan,ei_muutosta,0.89,2019,47,1976,0,1.0
2850769533,alueellinen,2020,1020,ei_tietoa,liian_epatarkka,,,,,,
2850771890,tarkka,2020,61,ennallaan,ei_muutosta,1.0,2019,64,1959,0,1.0
2850905876,tuntematon,2020,,ei_tietoa,liian_epatarkka,,,,,,
2850948018,alueellinen,2020,24438,ei_tietoa,liian_epatarkka,,,,,,
2851020040,tarkka,2020,19,ulkopuolella,ei_metsatalousmaata,1.0,2019,,,0,0.0
2851043106,tarkka,2020,26,ulkopuolella,ei_metsatalousmaata,0.44,2019,68,1955,0,0.56
2851049211,tarkka,2020,5,ulkopuolella,ei_metsatalousmaata,1.0,2019,,,0,0.0
2851060705,alueellinen,2020,3099,ei_tietoa,liian_epatarkka,,,,,,
2851149905,tarkka,2020,30,ennallaan,ei_muutosta,0.67,2019,43,1980,0,0.67
2856537205,tuntematon,2020,,ei_tietoa,liian_epatarkka,,,,,,
2860160871,tarkka,2020,3,ennallaan,ei_muutosta,1.0,2019,66,1957,0,1.0
3333249747,tuntematon,2020,,ei_tietoa,liian_epatarkka,,,,,,
3441128221,alueellinen,2020,10000,ei_tietoa,liian_epatarkka,,,,,,
3441133016,tarkka,2020,1,ennallaan,ei_muutosta,1.0,2019,52,1971,0,1.0
3441134928,tarkka,2020,1,ennallaan,ei_muutosta,0.78,2019,73,1950,0,1.0
3441146409,summittainen,2020,1000,epavarma,osa_alueesta_hakattu,0.22,2019,34,1989,2,0.67
3441151421,tarkka,2020,100,ennallaan,ei_muutosta,0.44,2019,85,1938,0,0.67
3441156330,tarkka,2020,1,ennallaan,ei_muutosta,0.89,2019,47,1976,0,1.0
3441156738,tarkka,2020,100,ennallaan,ei_muutosta,0.89,2019,67,1956,0,0.89
3441161642,summittainen,2020,1000,ennallaan,ei_muutosta,0.78,2019,89,1934,1,1.0
3441164741,tarkka,2020,100,muuttunut,hakattu,0.56,2019,47,1976,2,1.0
3441167975,tarkka,2020,100,ennallaan,ei_muutosta,0.67,2019,40,1983,1,0.78
3441171059,alueellinen,2020,10000,ei_tietoa,liian_epatarkka,,,,,,
3441171737,tarkka,2020,1,ulkopuolella,ei_metsatalousmaata,0.78,2019,104,1919,0,0.22
3441173626,summittainen,2020,1000,ennallaan,ei_muutosta,0.56,2019,38,1985,0,0.56
3441175546,summittainen,2020,1000,ulkopuolella,ei_metsatalousmaata,0.44,2019,104,1919,0,0.56
3441175659,alueellinen,2020,5000,ei_tietoa,liian_epatarkka,,,,,,
3441187858,summittainen,2020,1000,epavarma,osa_alueesta_hakattu,0.11,2019,54,1969,2,0.78
3441188633,summittainen,2020,1000,ulkopuolella,ei_metsatalousmaata,0.78,2019,52,1971,0,0.22
3441192444,tarkka,2020,100,ennallaan,ei_muutosta,1.0,2019,83,1940,0,1.0
3441192543,tarkka,2020,1,ennallaan,ei_muutosta,0.78,2019,52,1971,0,1.0
3441195750,alueellinen,2020,10000,ei_tietoa,liian_epatarkka,,,,,,
3441196819,summittainen,2020,1000,ulkopuolella,ei_metsatalousmaata,0.44,2019,71,1952,0,0.56
3441205456,tarkka,2020,1,ennallaan,ei_muutosta,1.0,2019,73,1950,0,1.0
3441205531,tarkka,2020,1,ennallaan,ei_muutosta,1.0,2019,40,1983,0,1.0
3441207423,tarkka,2020,1,epavarma,osa_alueesta_muuttunut,0.11,2019,18,2005,0,1.0
3441214374,summittainen,2020,1000,epavarma,osa_alueesta_hakattu,0.11,2019,45,1978,2,0.56
3441215185,tarkka,2020,10,ulkopuolella,ei_metsatalousmaata,0.67,2019,58,1965,0,0.33
3441215538,tarkka,2020,1,ennallaan,ei_muutosta,0.78,2019,36,1987,0,0.89
3447975952,tarkka,2020,1,ulkopuolella,ei_metsatalousmaata,1.0,2019,,,0,0.0
3448242181,tarkka,2020,100,ennallaan,ei_muutosta,0.67,2019,77,1946,0,0.78
3448258287,summittainen,2020,1000,epavarma,osa_alueesta_hakattu,0.11,2019,37,1986,2,0.44
3448971359,tarkka,2020,100,ennallaan,ei_muutosta,1.0,2019,50,1973,0,1.0
3448994326,tarkka,2020,1,ulkopuolella,ei_metsatalousmaata,0.67,2019,44,1979,0,0.33
3453900559,alueellinen,2020,50000,ei_tietoa,liian_epatarkka,,,,,,
3453902589,tarkka,2020,1,ennallaan,ei_muutosta,0.44,2019,50,1973,0,0.67
3453911329,tarkka,2020,1,ennallaan,ei_muutosta,0.62,2019,37,1986,0,0.56
3453922520,tarkka,2020,1,ennallaan,ei_muutosta,0.67,2019,47,1976,0,0.67
3453924323,tarkka,2020,1,epavarma,hakkuuaikomus,0.89,2019,93,1930,1,1.0
5076735432,tarkka,2020,8,ennallaan,ei_muutosta,0.78,2019,112,1911,0,1.0
2862338890,tarkka,2020,5,ennallaan,ei_muutosta,0.89,2019,67,1956,0,0.89
2862379746,tarkka,2020,20,ulkopuolella,ei_metsatalousmaata,1.0,2019,,,0,0.0
2862382097,tuntematon,2020,,ei_tietoa,liian_epatarkka,,,,,,
2862428735,tarkka,2020,64,ulkopuolella,ei_metsatalousmaata,0.89,2019,63,1960,0,0.11
2862452118,alueellinen,2020,24612,ei_tietoa,liian_epatarkka,,,,,,
2862495700,summittainen,2020,831,epavarma,osa_alueesta_hakattu,0.22,2019,70,1953,2,0.89
2862508426,tarkka,2020,128,ulkopuolella,ei_metsatalousmaata,0.67,2019,7,2016,0,0.33
2862547947,summittainen,2020,740,ulkopuolella,ei_metsatalousmaata,0.56,2019,76,1947,0,0.44
2862581927,alueellinen,2020,2064,ei_tietoa,liian_epatarkka,,,,,,
2864646998,tarkka,2020,4,ennallaan,ei_muutosta,0.89,2019,29,1994,0,1.0
2864747230,tarkka,2020,11,ulkopuolella,ei_metsatalousmaata,1.0,2019,,,0,0.0
2864830378,tarkka,2020,8,ennallaan,ei_muutosta,0.89,2019,82,1941,0,1.0
2864843366,summittainen,2020,896,epavarma,osa_alueesta_hakattu,0.22,2019,59,1964,2,0.78
2868110729,tarkka,2020,33,ennallaan,ei_muutosta,1.0,2019,85,1938,0,1.0
2868220928,tarkka,2020,9,ennallaan,ei_muutosta,0.56,2019,78,1945,0,0.56
2868253919,tarkka,2020,17,muuttunut,hakattu,0.89,2019,77,1946,2,1.0
2868262719,tarkka,2020,9,ennallaan,ei_muutosta,0.89,2019,97,1926,0,1.0
2868336074,tarkka,2020,20,ulkopuolella,ei_metsatalousmaata,0.89,2019,15,2008,0,0.11
2868339671,tarkka,2020,33,ennallaan,ei_muutosta,1.0,2019,48,1975,0,1.0
2868349785,tarkka,2020,14,epavarma,hakkuuaikomus,1.0,2019,61,1962,1,1.0
2868376379,tuntematon,2020,,ei_tietoa,liian_epatarkka,,,,,,
2873717117,tuntematon,2020,,ei_tietoa,liian_epatarkka,,,,,,
2873952989,tuntematon,2020,,ei_tietoa,liian_epatarkka,,,,,,
3337724427,tuntematon,2020,,ei_tietoa,liian_epatarkka,,,,,,
3383859532,alueellinen,2020,24612,ei_tietoa,liian_epatarkka,,,,,,
3441134438,tarkka,2020,1,muuttunut,hakattu,0.56,2019,44,1979,2,1.0
3441135644,tarkka,2020,100,ulkopuolella,ei_metsatalousmaata,0.89,2019,49,1974,0,0.11
3441136880,tarkka,2020,100,ennallaan,ei_muutosta,0.56,2019,69,1954,0,0.67
3441137238,tarkka,2020,1,ulkopuolella,ei_metsatalousmaata,0.67,2019,47,1976,0,0.33
3441138596,tarkka,2020,1,ennallaan,ei_muutosta,0.89,2019,42,1981,0,1.0
3441138808,summittainen,2020,1000,epavarma,osa_alueesta_hakattu,0.11,2019,49,1974,2,1.0
3441139981,tarkka,2020,1,ennallaan,ei_muutosta,0.67,2019,65,1958,0,1.0
3441140808,tarkka,2020,1,muuttunut,hakattu,0.78,2019,79,1944,2,1.0
3441144544,tarkka,2020,1,ulkopuolella,ei_metsatalousmaata,1.0,2019,,,0,0.0
3441144822,tarkka,2020,100,ennallaan,ei_muutosta,0.78,2019,46,1977,0,0.78
3441144854,tarkka,2020,1,ennallaan,ei_muutosta,1.0,2019,78,1945,0,1.0
3441148016,tarkka,2020,1,ennallaan,ei_muutosta,0.56,2019,72,1951,0,0.89
3441151744,tarkka,2020,100,ennallaan,ei_muutosta,0.78,2019,36,1987,0,0.78
3441152006,tarkka,2020,1,ennallaan,ei_muutosta,0.78,2019,55,1968,0,0.89
3441152162,tarkka,2020,1,epavarma,hakkuuaikomus,0.67,2019,45,1978,1,1.0
3441152355,tarkka,2020,100,ennallaan,ei_muutosta,1.0,2019,80,1943,0,1.0
3441152360,tarkka,2020,100,muuttunut,hakattu,0.62,2019,77,1946,2,0.67
3441153103,summittainen,2020,1000,ulkopuolella,ei_metsatalousmaata,0.56,2019,46,1977,0,0.44
3441160958,alueellinen,2020,10000,ei_tietoa,liian_epatarkka,,,,,,
3441165662,tarkka,2020,100,epavarma,osa_alueesta_hakattu,0.11,2019,56,1967,2,0.89
3441167735,tarkka,2020,100,muuttunut,hakattu,0.44,2019,69,1954,2,0.67
3441172088,tarkka,2020,1,ennallaan,ei_muutosta,1.0,2019,67,1956,0,1.0
3441173809,tarkka,2020,10,ennallaan,ei_muutosta,0.78,2019,46,1977,0,1.0
3441176348,tarkka,2020,1,ennallaan,ei_muutosta,1.0,2019,40,1983,0,1.0
3441176992,tarkka,2020,10,ennallaan,ei_muutosta,0.67,2019,61,1962,0,1.0
3441177780,summittainen,2020,1000,ennallaan,ei_muutosta,0.78,2019,60,1963,0,0.78
3441179286,tarkka,2020,1,ulkopuolella,ei_metsatalousmaata,0.56,2019,36,1987,0,0.44
3441179792,summittainen,2020,1000,ennallaan,ei_muutosta,0.67,2019,40,1983,0,0.67
3441182404,summittainen,2020,1000,ulkopuolella,ei_metsatalousmaata,0.44,2019,60,1963,0,0.56
3441182593,tarkka,2020,100,ennallaan,ei_muutosta,0.67,2019,60,1963,0,0.67
3441183423,tarkka,2020,1,ulkopuolella,ei_metsatalousmaata,0.56,2019,8,2015,0,0.44
3441184720,tarkka,2020,100,muuttunut,hakattu,0.44,2019,25,1998,2,0.67
3441185381,tarkka,2020,100,epavarma,osa_alueesta_hakattu,0.11,2019,57,1966,2,1.0
3441187525,summittainen,2020,1000,ennallaan,ei_muutosta,1.0,2019,91,1932,0,0.89
3441188041,tarkka,2020,1,ennallaan,ei_muutosta,1.0,2019,46,1977,0,1.0
3441191066,tarkka,2020,10,ennallaan,ei_muutosta,0.89,2019,48,1975,0,1.0
3441191127,tarkka,2020,100,ennallaan,ei_muutosta,1.0,2019,145,1878,0,1.0
3441191167,tarkka,2020,1,ennallaan,ei_muutosta,0.89,2019,42,1981,0,1.0
3441191964,tarkka,2020,100,ennallaan,ei_muutosta,0.78,2019,68,1955,0,0.89
3441192778,tarkka,2020,1,ennallaan,ei_muutosta,1.0,2019,69,1954,0,1.0
3441194206,summittainen,2020,1000,ulkopuolella,ei_metsatalousmaata,0.56,2019,83,1940,0,0.44
3441194381,summittainen,2020,1000,ennallaan,ei_muutosta,0.78,2019,84,1939,0,1.0
3441194561,tarkka,2020,100,ennallaan,ei_muutosta,1.0,2019,34,1989,0,1.0
3441196537,summittainen,2020,1000,epavarma,osa_alueesta_hakattu,0.22,2019,49,1974,2,0.78
3441200396,summittainen,2020,1000,epavarma,osa_alueesta_hakattu,0.22,2019,41,1982,2,0.89
3441201791,summittainen,2020,1000,ennallaan,ei_muutosta,0.56,2019,78,1945,0,0.56
3441202189,tarkka,2020,1,ulkopuolella,ei_metsatalousmaata,0.75,2019,64,1959,0,0.22
3441203007,tarkka,2020,1,ennallaan,ei_muutosta,1.0,2019,59,1964,0,1.0
3441203385,tarkka,2020,1,epavarma,osa_alueesta_muuttunut,0.33,2019,58,1965,2,1.0
3441204967,tarkka,2020,1,ulkopuolella,ei_metsatalousmaata,0.78,2019,50,1973,0,0.22
3441209343,summittainen,2020,1000,ulkopuolella,ei_metsatalousmaata,0.56,2019,67,1956,0,0.44
3441209594,tarkka,2020,1,ennallaan,ei_muutosta,1.0,2019,49,1974,0,1.0
3441210136,tarkka,2020,1,ulkopuolella,ei_metsatalousmaata,1.0,2019,,,0,0.0
3441211533,tarkka,2020,1,ennallaan,ei_muutosta,0.78,2019,44,1979,0,0.78
3441211992,tarkka,2020,1,ennallaan,ei_muutosta,0.78,2019,39,1984,0,0.89
3441213523,summittainen,2020,1000,epavarma,osa_alueesta_hakattu,0.11,2019,54,1969,2,0.67
3441213644,summittainen,2020,1000,ennallaan,ei_muutosta,0.67,2019,61,1962,0,0.67
3441215133,tarkka,2020,100,ennallaan,ei_muutosta,0.89,2019,61,1962,0,0.89
3441215356,summittainen,2020,1000,epavarma,osa_alueesta_hakattu,0.11,2019,44,1979,2,0.56
3441216719,tarkka,2020,100,ennallaan,ei_muutosta,0.88,2019,54,1969,0,0.78
3448253766,summittainen,2020,1000,ennallaan,ei_muutosta,0.78,2019,67,1956,0,0.89
3448260661,summittainen,2020,1000,epavarma,osa_alueesta_hakattu,0.11,2019,37,1986,2,0.78
3453914038,alueellinen,2020,50000,ei_tietoa,liian_epatarkka,,,,,,
3453930212,tarkka,2020,1,epavarma,osa_alueesta_hakattu,0.22,2019,56,1967,2,0.78
3461689434,tarkka,2020,1,ennallaan,ei_muutosta,0.78,2019,48,1975,0,0.78
3465992078,summittainen,2020,301,epavarma,osa_alueesta_hakattu,0.11,2019,63,1960,2,1.0
3713369201,tuntematon,2020,,ei_tietoa,liian_epatarkka,,,,,,
3963491930,alueellinen,2020,3890,ei_tietoa,liian_epatarkka,,,,,,
4898854450,summittainen,2020,1000,ennallaan,ei_muutosta,0.78,2019,81,1942,0,1.0
4899009278,tarkka,2020,1,ennallaan,ei_muutosta,0.67,2019,157,1866,0,1.0
2883051744,summittainen,2020,263,ennallaan,ei_muutosta,0.89,2019,58,1965,0,1.0
2883079128,tarkka,2020,4,ennallaan,ei_muutosta,0.44,2019,75,1948,0,0.78
2898258720,alueellinen,2020,3000,ei_tietoa,liian_epatarkka,,,,,,
2898327713,alueellinen,2020,24671,ei_tietoa,liian_epatarkka,,,,,,
2898514200,alueellinen,2020,3244,ei_tietoa,liian_epatarkka,,,,,,
2901558869,alueellinen,2020,24641,ei_tietoa,liian_epatarkka,,,,,,
2901718638,alueellinen,2020,24554,ei_tietoa,liian_epatarkka,,,,,,
2901764631,tarkka,2020,9,ennallaan,ei_muutosta,0.78,2019,35,1988,0,1.0
3441127974,alueellinen,2020,10000,ei_tietoa,liian_epatarkka,,,,,,
3441131371,tarkka,2020,100,ennallaan,ei_muutosta,0.6,2019,33,1990,0,0.56
3441131973,alueellinen,2020,10000,ei_tietoa,liian_epatarkka,,,,,,
3441135315,summittainen,2020,1000,ennallaan,ei_muutosta,0.89,2019,73,1950,0,1.0
3441143562,tarkka,2020,1,ennallaan,ei_muutosta,1.0,2019,70,1953,0,1.0
3441152899,tarkka,2020,1,ulkopuolella,ei_metsatalousmaata,1.0,2019,,,0,0.0
3441154058,tarkka,2020,1,ennallaan,ei_muutosta,1.0,2019,78,1945,0,1.0
3441170231,tarkka,2020,1,ennallaan,ei_muutosta,0.89,2019,74,1949,1,1.0
3441182996,tarkka,2020,1,ulkopuolella,ei_metsatalousmaata,0.89,2019,13,2010,0,0.11
3441186597,tarkka,2020,1,ennallaan,ei_muutosta,1.0,2019,97,1926,0,1.0
3441189733,summittainen,2020,1000,epavarma,osa_alueesta_hakattu,0.11,2019,44,1979,2,1.0
3441191895,summittainen,2020,1000,ennallaan,ei_muutosta,0.62,2019,91,1932,0,0.67
3441208252,summittainen,2020,1000,epavarma,osa_alueesta_hakattu,0.12,2019,48,1975,2,0.78
3441214222,tarkka,2020,100,ennallaan,ei_muutosta,0.67,2019,103,1920,0,0.89
3448983124,summittainen,2020,1000,ennallaan,ei_muutosta,0.78,2019,58,1965,0,0.78
2980802091,alueellinen,2020,24612,ei_tietoa,liian_epatarkka,,,,,,
2980833847,tarkka,2020,24,ennallaan,ei_muutosta,0.78,2019,91,1932,0,0.78
2984391662,tuntematon,2020,,ei_tietoa,liian_epatarkka,,,,,,
2984461949,tarkka,2020,8,ennallaan,ei_muutosta,0.89,2019,75,1948,0,1.0
2988413795,tarkka,2020,4,ulkopuolella,ei_metsatalousmaata,0.78,2019,42,1981,0,0.22
2988532659,alueellinen,2020,24612,ei_tietoa,liian_epatarkka,,,,,,
2988616657,tarkka,2020,8,epavarma,osa_alueesta_hakattu,0.33,2019,68,1955,2,0.78
2988634946,tarkka,2020,8,ennallaan,ei_muutosta,0.78,2019,45,1978,0,0.78
2988673596,alueellinen,2020,2900,ei_tietoa,liian_epatarkka,,,,,,
2992672726,tuntematon,2020,,ei_tietoa,liian_epatarkka,,,,,,
3441131601,summittainen,2020,1000,ulkopuolella,ei_metsatalousmaata,0.67,2019,40,1983,0,0.33
3441131844,tarkka,2020,100,ennallaan,ei_muutosta,0.67,2019,53,1970,0,0.67
3441131938,tarkka,2020,1,ulkopuolella,ei_metsatalousmaata,1.0,2019,,,0,0.0
3441146684,tarkka,2020,1,ennallaan,ei_muutosta,1.0,2019,47,1976,0,1.0
3441153766,tarkka,2020,1,ulkopuolella,ei_metsatalousmaata,0.62,2019,38,1985,0,0.44
3441155191,tarkka,2020,1,ennallaan,ei_muutosta,1.0,2019,40,1983,0,1.0
3441156049,tarkka,2020,1,ennallaan,ei_muutosta,0.78,2019,83,1940,0,0.89
3441175316,alueellinen,2020,10000,ei_tietoa,liian_epatarkka,,,,,,
3441181686,summittainen,2020,1000,epavarma,osa_alueesta_hakattu,0.33,2019,44,1979,2,1.0
3441182273,tarkka,2020,1,ennallaan,ei_muutosta,0.83,2019,58,1965,0,0.89
3441191141,tarkka,2020,1,ennallaan,ei_muutosta,1.0,2019,70,1953,0,1.0
3441192625,tarkka,2020,1,ennallaan,ei_muutosta,0.67,2019,44,1979,0,1.0
3441195272,tarkka,2020,1,ennallaan,ei_muutosta,1.0,2019,64,1959,0,1.0
3441197353,alueellinen,2020,10000,ei_tietoa,liian_epatarkka,,,,,,
3441205090,tarkka,2020,100,ennallaan,ei_muutosta,1.0,2019,97,1926,0,1.0
3441209134,summittainen,2020,1000,ulkopuolella,ei_metsatalousmaata,0.43,2019,78,1945,0,0.56
3441209824,tarkka,2020,1,ennallaan,ei_muutosta,0.67,2019,92,1931,0,0.67
3441214088,tarkka,2020,100,epavarma,kasvupaikkatieto_muuttunut,0.33,2019,70,1953,0,0.67
3448480678,summittainen,2020,1000,ennallaan,ei_muutosta,0.56,2019,54,1969,0,0.56
2992753004,tarkka,2020,26,ulkopuolella,ei_metsatalousmaata,1.0,2019,,,0,0.0
3441163728,tarkka,2020,1,ennallaan,ei_muutosta,1.0,2019,61,1962,0,1.0
3441167604,tarkka,2020,1,epavarma,osa_alueesta_hakattu,0.22,2019,50,1973,2,1.0
3441188712,tarkka,2020,10,ennallaan,ei_muutosta,1.0,2019,49,1974,0,0.89
3441201728,tarkka,2020,1,ennallaan,ei_muutosta,0.56,2019,82,1941,0,0.67
3441211200,tarkka,2020,1,ennallaan,ei_muutosta,1.0,2019,51,1972,0,1.0
3441216605,summittainen,2020,1000,ennallaan,ei_muutosta,0.44,2019,42,1981,0,0.78
3448005046,tarkka,2020,1,ennallaan,ei_muutosta,0.78,2019,46,1977,0,0.78
3453900366,tarkka,2020,1,epavarma,osa_alueesta_hakattu,0.22,2019,20,2003,2,0.22
3441158654,tarkka,2020,1,ennallaan,ei_muutosta,1.0,2019,48,1975,0,1.0
3441136466,tarkka,2019,1,ennallaan,ei_muutosta,0.89,2019,53,1970,0,1.0
3441136582,tarkka,2019,1,ennallaan,ei_muutosta,1.0,2019,60,1963,0,1.0
3441150665,tarkka,2019,1,ulkopuolella,ei_metsatalousmaata,1.0,2019,,,0,0.0
3441170585,tarkka,2019,10,ennallaan,ei_muutosta,0.78,2019,70,1953,0,0.89
3441176449,alueellinen,2019,10000,ei_tietoa,liian_epatarkka,,,,,,
3441177557,alueellinen,2019,10000,ei_tietoa,liian_epatarkka,,,,,,
3441200324,tarkka,2019,1,ulkopuolella,ei_metsatalousmaata,0.67,2019,56,1967,0,0.33
3441204793,alueellinen,2019,10000,ei_tietoa,liian_epatarkka,,,,,,
2294542270,tarkka,2019,10,ennallaan,ei_muutosta,0.67,2019,107,1916,0,0.78
2609077061,tuntematon,2019,,ei_tietoa,liian_epatarkka,,,,,,
2609077065,tuntematon,2019,,ei_tietoa,liian_epatarkka,,,,,,
3441128158,tarkka,2019,1,ennallaan,ei_muutosta,0.67,2019,42,1981,0,0.78
3441133740,tarkka,2019,1,ennallaan,ei_muutosta,1.0,2019,73,1950,0,1.0
3441134061,tarkka,2019,1,ulkopuolella,ei_metsatalousmaata,1.0,2019,,,0,0.0
3441139306,tarkka,2019,1,ennallaan,ei_muutosta,1.0,2019,57,1966,0,1.0
3441139746,alueellinen,2019,10000,ei_tietoa,liian_epatarkka,,,,,,
3441149288,alueellinen,2019,10000,ei_tietoa,liian_epatarkka,,,,,,
3441149802,alueellinen,2019,10000,ei_tietoa,liian_epatarkka,,,,,,
3441152594,tarkka,2019,1,ennallaan,ei_muutosta,0.89,2019,43,1980,0,1.0
3441160927,tarkka,2019,1,ennallaan,ei_muutosta,0.78,2019,46,1977,0,1.0
3441166632,tarkka,2019,1,ennallaan,ei_muutosta,0.67,2019,83,1940,1,1.0
3441169932,tarkka,2019,100,epavarma,osa_alueesta_hakattu,0.11,2019,38,1985,2,1.0
3441175459,tarkka,2019,1,ennallaan,ei_muutosta,0.89,2019,73,1950,0,1.0
3441188410,tarkka,2019,1,ennallaan,ei_muutosta,1.0,2019,49,1974,0,1.0
3441189684,tarkka,2019,1,ennallaan,ei_muutosta,0.89,2019,86,1937,0,1.0
3441191371,alueellinen,2019,10000,ei_tietoa,liian_epatarkka,,,,,,
3441192492,alueellinen,2019,10000,ei_tietoa,liian_epatarkka,,,,,,
3441192584,tarkka,2019,1,ulkopuolella,ei_metsatalousmaata,0.78,2019,35,1988,0,0.22
3441192629,alueellinen,2019,10000,ei_tietoa,liian_epatarkka,,,,,,
3441192696,alueellinen,2019,10000,ei_tietoa,liian_epatarkka,,,,,,
3441197985,tarkka,2019,1,ennallaan,ei_muutosta,1.0,2019,52,1971,0,1.0
3441209400,tarkka,2019,1,ennallaan,ei_muutosta,1.0,2019,39,1984,0,1.0
3447933128,tarkka,2019,1,epavarma,osa_alueesta_hakattu,0.11,2019,46,1977,2,1.0
3448878352,summittainen,2019,1000,ulkopuolella,ei_metsatalousmaata,0.56,2019,58,1965,1,0.44
3441126865,alueellinen,2019,10000,ei_tietoa,liian_epatarkka,,,,,,
3441160920,tarkka,2019,1,epavarma,osa_alueesta_hakattu,0.22,2019,45,1978,2,1.0
3441162770,tarkka,2019,1,ennallaan,ei_muutosta,1.0,2019,138,1885,0,1.0
3441166175,tarkka,2019,100,epavarma,osa_alueesta_hakattu,0.22,2019,52,1971,2,0.78
3441170072,tarkka,2019,1,ennallaan,ei_muutosta,1.0,2019,54,1969,0,1.0
3441174678,summittainen,2019,1000,ulkopuolella,ei_metsatalousmaata,0.56,2019,44,1979,0,0.44
3441191068,tarkka,2019,1,ennallaan,ei_muutosta,0.89,2019,102,1921,0,0.89
3441193822,tarkka,2019,1,ennallaan,ei_muutosta,0.89,2019,91,1932,0,1.0
3441194546,tarkka,2019,1,ennallaan,ei_muutosta,1.0,2019,68,1955,0,1.0
3441209468,summittainen,2019,1000,epavarma,osa_alueesta_hakattu,0.22,2019,43,1980,2,0.78
3448856294,tarkka,2019,1,ennallaan,ei_muutosta,0.78,2019,67,1956,0,1.0
2423015531,tarkka,2019,4,ennallaan,ei_muutosta,1.0,2019,89,1934,0,1.0
2423036590,tuntematon,2019,,ei_tietoa,liian_epatarkka,,,,,,
2423061176,tarkka,2019,4,muuttunut,hakattu,1.0,2019,6,2017,2,1.0
3435181452,tarkka,2019,100,ulkopuolella,ei_metsatalousmaata,1.0,2019,,,0,0.0
3441133028,tarkka,2019,1,ennallaan,ei_muutosta,1.0,2019,48,1975,0,1.0
3441134640,tarkka,2019,100,epavarma,osa_alueesta_hakattu,0.22,2019,29,1994,2,0.67
3441134765,tarkka,2019,1,ennallaan,ei_muutosta,1.0,2019,40,1983,0,1.0
3441145624,tarkka,2019,1,ennallaan,ei_muutosta,1.0,2019,38,1985,0,1.0
3441148401,summittainen,2019,1000,epavarma,osa_alueesta_hakattu,0.11,2019,66,1957,2,1.0
3441156947,tarkka,2019,1,ennallaan,ei_muutosta,0.78,2019,75,1948,0,1.0
3441173060,tarkka,2019,100,epavarma,kasvupaikkatieto_muuttunut,0.56,2019,54,1969,0,1.0
3441173125,summittainen,2019,1000,ennallaan,ei_muutosta,0.78,2019,12,2011,0,1.0
3441174110,summittainen,2019,1000,ennallaan,ei_muutosta,0.67,2019,70,1953,0,0.67
3441174627,summittainen,2019,1000,epavarma,osa_alueesta_hakattu,0.14,2019,78,1945,2,0.89
3441183203,summittainen,2019,1000,muuttunut,hakattu,0.44,2019,47,1976,2,1.0
3441202392,tarkka,2019,1,ulkopuolella,ei_metsatalousmaata,0.56,2019,83,1940,0,0.44
3441205576,tarkka,2019,1,ennallaan,ei_muutosta,1.0,2019,35,1988,0,1.0
3447949393,summittainen,2019,1000,muuttunut,hakattu,0.33,2019,60,1963,2,0.78
3448146268,summittainen,2019,1000,ennallaan,ei_muutosta,0.56,2019,97,1926,0,1.0
3448147694,tarkka,2019,100,ennallaan,ei_muutosta,0.78,2019,111,1912,0,0.78
3448154869,tarkka,2019,1,ennallaan,ei_muutosta,1.0,2019,48,1975,0,1.0
3448427064,summittainen,2019,1000,ulkopuolella,ei_metsatalousmaata,0.56,2019,75,1948,0,0.44
3448429291,summittainen,2019,1000,ennallaan,ei_muutosta,0.44,2019,83,1940,0,0.78
3448457394,tarkka,2019,100,ennallaan,ei_muutosta,0.67,2019,50,1973,0,0.67
3448662541,summittainen,2019,1000,ulkopuolella,ei_metsatalousmaata,0.62,2019,41,1982,0,0.33
3448789603,tarkka,2019,1,ennallaan,ei_muutosta,0.67,2019,52,1971,0,0.67
3448864879,summittainen,2019,1000,ulkopuolella,ei_metsatalousmaata,0.67,2019,59,1964,0,0.33
3448868111,summittainen,2019,1000,ulkopuolella,ei_metsatalousmaata,0.56,2019,67,1956,0,0.44
3448879879,tarkka,2019,1,ennallaan,ei_muutosta,0.67,2019,76,1947,0,0.78
2445128690,alueellinen,2019,42538,ei_tietoa,liian_epatarkka,,,,,,
2851316315,tarkka,2019,12,ennallaan,ei_muutosta,0.56,2019,52,1971,0,0.78
3441128567,tarkka,2019,1,ennallaan,ei_muutosta,0.89,2019,82,1941,0,1.0
3441129342,tarkka,2019,1,epavarma,osa_alueesta_hakattu,0.33,2019,94,1929,2,1.0
3441130077,tarkka,2019,1,ennallaan,ei_muutosta,1.0,2019,68,1955,0,1.0
3441136254,tarkka,2019,1,ennallaan,ei_muutosta,0.89,2019,40,1983,0,1.0
3441161368,tarkka,2019,100,ennallaan,ei_muutosta,1.0,2019,80,1943,0,1.0
3441165448,tarkka,2019,1,ennallaan,ei_muutosta,0.56,2019,42,1981,0,1.0
3441170944,tarkka,2019,1,ennallaan,ei_muutosta,1.0,2019,92,1931,0,1.0
3441189938,summittainen,2019,1000,epavarma,osa_alueesta_hakattu,0.11,2019,27,1996,2,0.33
3441198183,tarkka,2019,1,ulkopuolella,ei_metsatalousmaata,0.56,2019,32,1991,0,0.44
3441210131,summittainen,2019,1000,epavarma,osa_alueesta_hakattu,0.33,2019,55,1968,2,1.0
3441216903,summittainen,2019,1000,ulkopuolella,ei_metsatalousmaata,0.44,2019,60,1963,0,0.56
3448427189,summittainen,2019,1000,ennallaan,ei_muutosta,1.0,2019,52,1971,0,1.0
2451695519,tuntematon,2019,,ei_tietoa,liian_epatarkka,,,,,,
3441132143,tarkka,2019,1,ennallaan,ei_muutosta,1.0,2019,46,1977,0,1.0
3448670203,alueellinen,2019,10000,ei_tietoa,liian_epatarkka,,,,,,
3441162055,alueellinen,2019,10000,ei_tietoa,liian_epatarkka,,,,,,
3447954378,tarkka,2019,100,ulkopuolella,ei_metsatalousmaata,0.56,2019,99,1924,0,0.44
3441160220,alueellinen,2019,10000,ei_tietoa,liian_epatarkka,,,,,,
3447933184,summittainen,2019,1000,epavarma,osa_alueesta_hakattu,0.11,2019,51,1972,2,1.0
3449156458,tarkka,2019,100,ennallaan,ei_muutosta,0.56,2019,52,1971,0,0.78
3441014894,summittainen,2018,1000,ulkopuolella,ei_metsatalousmaata,0.56,2017,89,1934,0,0.44
3441026837,summittainen,2018,1000,ulkopuolella,ei_metsatalousmaata,0.67,2017,24,1999,0,0.33
4023920692,tarkka,2018,10,ulkopuolella,ei_metsatalousmaata,0.67,2017,69,1954,0,0.33
3441135562,tarkka,2018,100,ennallaan,ei_muutosta,0.43,2017,51,1972,0,0.78
3441145944,tarkka,2018,1,epavarma,osa_alueesta_hakattu,0.33,2017,33,1990,2,1.0
3441146313,summittainen,2018,1000,ennallaan,ei_muutosta,0.67,2017,58,1965,0,0.78
3441162089,tarkka,2018,1,ulkopuolella,ei_metsatalousmaata,1.0,2017,,,0,0.0
3441127126,alueellinen,2018,5000,ei_tietoa,liian_epatarkka,,,,,,
3441135946,tarkka,2018,1,ennallaan,ei_muutosta,0.89,2017,65,1958,0,1.0
3441142541,summittainen,2018,1000,epavarma,osa_alueesta_hakattu,0.11,2017,44,1979,2,0.67
3441149292,alueellinen,2018,10000,ei_tietoa,liian_epatarkka,,,,,,
3441159600,tarkka,2018,1,epavarma,hakkuuaikomus,0.89,2017,63,1960,1,1.0
3441194512,tarkka,2018,1,ennallaan,ei_muutosta,0.89,2017,93,1930,0,1.0
3441205371,tarkka,2018,1,ulkopuolella,ei_metsatalousmaata,0.89,2017,48,1975,0,0.11
3441212002,tarkka,2018,1,ennallaan,ei_muutosta,1.0,2017,49,1974,0,1.0
3447816292,summittainen,2018,1000,epavarma,osa_alueesta_hakattu,0.11,2017,63,1960,2,0.67
3447881564,tarkka,2018,1,ennallaan,ei_muutosta,0.67,2017,55,1968,0,0.67
3447897407,summittainen,2018,1000,epavarma,osa_alueesta_hakattu,0.11,2017,55,1968,2,0.67
3441133882,tarkka,2018,1,ennallaan,ei_muutosta,1.0,2017,55,1968,0,1.0
3441134437,tarkka,2018,100,ennallaan,ei_muutosta,1.0,2017,61,1962,0,1.0
3441135241,tarkka,2018,1,epavarma,osa_alueesta_hakattu,0.11,2017,83,1940,2,0.78
3441135600,alueellinen,2018,10000,ei_tietoa,liian_epatarkka,,,,,,
3441135615,tarkka,2018,1,ennallaan,ei_muutosta,0.78,2017,76,1947,0,1.0
3441140087,summittainen,2018,1000,epavarma,osa_alueesta_hakattu,0.11,2017,54,1969,2,0.67
3441140242,summittainen,2018,1000,ennallaan,ei_muutosta,0.78,2017,66,1957,0,0.78
3441142828,tarkka,2018,1,ulkopuolella,ei_metsatalousmaata,0.56,2017,76,1947,0,0.44
3441142999,tarkka,2018,1,ennallaan,ei_muutosta,1.0,2017,65,1958,0,1.0
3441150454,tarkka,2018,1,ulkopuolella,ei_metsatalousmaata,1.0,2017,,,0,0.0
3441162255,alueellinen,2018,10000,ei_tietoa,liian_epatarkka,,,,,,
3441163636,summittainen,2018,1000,epavarma,osa_alueesta_hakattu,0.22,2017,50,1973,2,1.0
3441169344,tarkka,2018,1,ennallaan,ei_muutosta,0.67,2017,34,1989,0,0.67
3441170352,tarkka,2018,100,ennallaan,ei_muutosta,0.78,2017,64,1959,0,1.0
3441175849,tarkka,2018,1,muuttunut,hakattu,1.0,2017,90,1933,2,1.0
3441176527,tarkka,2018,1,ennallaan,ei_muutosta,1.0,2017,62,1961,0,1.0
3441179150,tarkka,2018,1,muuttunut,hakattu,0.89,2017,4,2019,2,0.89
3441183792,tarkka,2018,1,ulkopuolella,ei_metsatalousmaata,0.78,2017,74,1949,0,0.22
3441186759,alueellinen,2018,10000,ei_tietoa,liian_epatarkka,,,,,,
3441187669,tarkka,2018,100,muuttunut,hakattu,0.44,2017,47,1976,2,1.0
3441187854,tarkka,2018,1,ennallaan,ei_muutosta,0.78,2017,69,1954,0,1.0
3441187876,tarkka,2018,1,epavarma,kasvupaikkatieto_muuttunut,0.56,2017,86,1937,0,1.0
3441190189,tarkka,2018,1,ennallaan,ei_muutosta,0.67,2017,77,1946,0,0.67
3441190540,alueellinen,2018,10000,ei_tietoa,liian_epatarkka,,,,,,
3441190544,alueellinen,2018,10000,ei_tietoa,liian_epatarkka,,,,,,
3441195197,summittainen,2018,1000,epavarma,osa_alueesta_hakattu,0.22,2017,17,2006,2,0.78
3441195507,tarkka,2018,1,ennallaan,ei_muutosta,0.78,2017,60,1963,0,0.89
3441195770,tarkka,2018,1,ennallaan,ei_muutosta,0.67,2017,112,1911,0,0.67
3441200405,tarkka,2018,1,ennallaan,ei_muutosta,1.0,2017,41,1982,0,1.0
3441202630,tarkka,2018,100,epavarma,osa_alueesta_hakattu,0.22,2017,64,1959,2,0.67
3441203384,tarkka,2018,1,ennallaan,ei_muutosta,0.56,2017,77,1946,0,0.78
3441206572,tarkka,2018,1,ennallaan,ei_muutosta,1.0,2017,124,1899,0,1.0
3441206834,alueellinen,2018,10000,ei_tietoa,liian_epatarkka,,,,,,
3441206835,alueellinen,2018,10000,ei_tietoa,liian_epatarkka,,,,,,
3441208002,tarkka,2018,1,ulkopuolella,ei_metsatalousmaata,1.0,2017,,,0,0.0
3441209769,alueellinen,2018,10000,ei_tietoa,liian_epatarkka,,,,,,
3441210171,tarkka,2018,1,ulkopuolella,ei_metsatalousmaata,0.83,2017,25,1998,0,0.22
3441215702,alueellinen,2018,10000,ei_tietoa,liian_epatarkka,,,,,,
3441216955,tarkka,2018,1,ulkopuolella,ei_metsatalousmaata,0.5,2017,44,1979,0,0.56
3447823618,alueellinen,2018,5000,ei_tietoa,liian_epatarkka,,,,,,
3447825683,summittainen,2018,1000,epavarma,osa_alueesta_hakattu,0.12,2017,43,1980,2,0.33
3448105403,tarkka,2018,100,ennallaan,ei_muutosta,0.89,2017,61,1962,0,0.89
3448533586,summittainen,2018,1000,ulkopuolella,ei_metsatalousmaata,0.89,2017,13,2010,0,0.11
3448538529,summittainen,2018,1000,epavarma,osa_alueesta_hakattu,0.11,2017,16,2007,2,0.33
3448538879,alueellinen,2018,5000,ei_tietoa,liian_epatarkka,,,,,,
3448539126,summittainen,2018,1000,ulkopuolella,ei_metsatalousmaata,0.88,2017,31,1992,0,0.22
1914334801,tarkka,2018,3,ennallaan,ei_muutosta,0.56,2017,101,1922,0,0.67
2563433252,tuntematon,2018,,ei_tietoa,liian_epatarkka,,,,,,
2563433585,tarkka,2018,24,ennallaan,ei_muutosta,1.0,2017,26,1997,0,1.0
3441128390,tarkka,2018,100,ulkopuolella,ei_metsatalousmaata,0.83,2017,18,2005,0,0.33
3441133528,summittainen,2018,1000,ennallaan,ei_muutosta,0.56,2017,66,1957,0,0.67
3441133988,tarkka,2018,100,ennallaan,ei_muutosta,1.0,2017,66,1957,0,1.0
3441136047,tarkka,2018,1,ulkopuolella,ei_metsatalousmaata,0.89,2017,69,1954,0,0.11
3441138192,summittainen,2018,1000,epavarma,osa_alueesta_hakattu,0.11,2017,38,1985,2,0.78
3441138799,summittainen,2018,1000,epavarma,osa_alueesta_hakattu,0.11,2017,54,1969,2,0.44
3441142475,tarkka,2018,1,ennallaan,ei_muutosta,0.78,2017,45,1978,0,0.78
3441144512,tarkka,2018,1,ennallaan,ei_muutosta,1.0,2017,58,1965,0,1.0
3441148054,summittainen,2018,1000,ennallaan,ei_muutosta,0.67,2017,61,1962,1,0.89
3441150758,tarkka,2018,1,muuttunut,hakattu,0.78,2017,29,1994,2,1.0
3441160664,alueellinen,2018,10000,ei_tietoa,liian_epatarkka,,,,,,
3441169214,tarkka,2018,1,ulkopuolella,ei_metsatalousmaata,0.78,2017,51,1972,0,0.22
3441177316,summittainen,2018,1000,ennallaan,ei_muutosta,0.44,2017,49,1974,0,0.67
3441177736,alueellinen,2018,10000,ei_tietoa,liian_epatarkka,,,,,,
3441178466,alueellinen,2018,10000,ei_tietoa,liian_epatarkka,,,,,,
3441179601,tarkka,2018,1,ennallaan,ei_muutosta,1.0,2017,46,1977,0,1.0
3441181447,alueellinen,2018,10000,ei_tietoa,liian_epatarkka,,,,,,
3441183199,alueellinen,2018,10000,ei_tietoa,liian_epatarkka,,,,,,
3441185092,alueellinen,2018,10000,ei_tietoa,liian_epatarkka,,,,,,
3441187063,summittainen,2018,1000,ennallaan,ei_muutosta,0.62,2017,89,1934,0,0.89
3441189126,tarkka,2018,1,ennallaan,ei_muutosta,1.0,2017,83,1940,0,1.0
3441195543,tarkka,2018,1,ennallaan,ei_muutosta,1.0,2017,65,1958,0,1.0
3441198075,tarkka,2018,1,ennallaan,ei_muutosta,1.0,2017,56,1967,0,1.0
3441198745,tarkka,2018,1,ennallaan,ei_muutosta,0.67,2017,48,1975,0,1.0
3441199684,alueellinen,2018,10000,ei_tietoa,liian_epatarkka,,,,,,
3441200364,summittainen,2018,1000,epavarma,osa_alueesta_hakattu,0.11,2017,113,1910,2,0.89
3441201639,summittainen,2018,1000,epavarma,osa_alueesta_hakattu,0.22,2017,78,1945,2,0.89
3441202647,tarkka,2018,1,ennallaan,ei_muutosta,0.67,2017,84,1939,0,1.0
3441205391,tarkka,2018,1,ennallaan,ei_muutosta,1.0,2017,74,1949,0,1.0
3441205790,tarkka,2018,1,epavarma,kasvupaikkatieto_muuttunut,0.56,2017,60,1963,0,0.78
3441206435,tarkka,2018,1,ulkopuolella,ei_metsatalousmaata,1.0,2017,,,0,0.0
3441209094,tarkka,2018,10,ennallaan,ei_muutosta,1.0,2017,66,1957,0,1.0
3441210906,summittainen,2018,1000,ennallaan,ei_muutosta,0.67,2017,56,1967,0,0.67
3441211592,summittainen,2018,1000,epavarma,osa_alueesta_hakattu,0.11,2017,57,1966,2,0.78
3447822154,summittainen,2018,1000,ennallaan,ei_muutosta,0.44,2017,43,1980,1,0.67
3447825085,summittainen,2018,1000,epavarma,osa_alueesta_hakattu,0.22,2017,50,1973,2,0.67
3448534128,summittainen,2018,1000,epavarma,osa_alueesta_hakattu,0.11,2017,62,1961,2,0.56
3448548831,summittainen,2018,1000,epavarma,osa_alueesta_hakattu,0.11,2017,55,1968,2,0.44
3448550920,summittainen,2018,1000,ulkopuolella,ei_metsatalousmaata,0.67,2017,67,1956,0,0.33
3448638490,alueellinen,2018,10000,ei_tietoa,liian_epatarkka,,,,,,
1920802995,tuntematon,2018,,ei_tietoa,liian_epatarkka,,,,,,
3061749505,tarkka,2018,152,ulkopuolella,ei_metsatalousmaata,0.78,2017,39,1984,0,0.22
3441127867,tarkka,2018,1,ennallaan,ei_muutosta,1.0,2017,49,1974,0,1.0
3441144273,tarkka,2018,1,epavarma,osa_alueesta_hakattu,0.33,2017,40,1983,2,1.0
3441145244,tarkka,2018,1,ennallaan,ei_muutosta,0.67,2017,63,1960,0,1.0
3441157119,summittainen,2018,1000,epavarma,osa_alueesta_hakattu,0.11,2017,42,1981,2,0.67
3441168918,alueellinen,2018,10000,ei_tietoa,liian_epatarkka,,,,,,
3441181938,tarkka,2018,100,ennallaan,ei_muutosta,1.0,2017,143,1880,0,1.0
3441190085,tarkka,2018,1,muuttunut,hakattu,1.0,2017,78,1945,2,1.0
3441198761,tarkka,2018,1,ennallaan,ei_muutosta,1.0,2017,61,1962,0,1.0
3441207876,tarkka,2018,1,ulkopuolella,ei_metsatalousmaata,0.78,2017,95,1928,0,0.22
3448628185,alueellinen,2018,10000,ei_tietoa,liian_epatarkka,,,,,,
4898703192,summittainen,2018,1000,epavarma,osa_alueesta_hakattu,0.12,2017,67,1956,2,0.56
3441164692,tarkka,2018,10,ennallaan,ei_muutosta,0.67,2017,81,1942,0,0.67
3441207679,summittainen,2018,1000,epavarma,osa_alueesta_hakattu,0.11,2017,58,1965,2,1.0
3447836162,summittainen,2018,1000,ulkopuolella,ei_metsatalousmaata,0.56,2017,67,1956,0,0.44
3441209109,tarkka,2018,10,ennallaan,ei_muutosta,0.44,2017,43,1980,0,0.67
3441062892,tarkka,2017,1,epavarma,kasvupaikkatieto_muuttunut,0.44,2017,79,1944,0,0.56
3441143385,tarkka,2017,1,ulkopuolella,ei_metsatalousmaata,1.0,2017,,,0,0.0
3441150876,alueellinen,2017,5000,ei_tietoa,liian_epatarkka,,,,,,
3441151190,tarkka,2017,1,ulkopuolella,ei_metsatalousmaata,0.44,2017,64,1959,0,0.56
3441174750,summittainen,2017,1000,ulkopuolella,ei_metsatalousmaata,0.78,2017,28,1995,0,0.22
3441179937,tarkka,2017,1,ennallaan,ei_muutosta,1.0,2017,73,1950,0,1.0
3441187410,tarkka,2017,1,ennallaan,ei_muutosta,0.56,2017,36,1987,0,0.89
3441201588,summittainen,2017,1000,ulkopuolella,ei_metsatalousmaata,0.67,2017,67,1956,0,0.33
4440809010,tuntematon,2017,,ei_tietoa,liian_epatarkka,,,,,,
4606531043,tuntematon,2017,,ei_tietoa,liian_epatarkka,,,,,,
1640064194,tuntematon,2017,,ei_tietoa,liian_epatarkka,,,,,,
3032030332,alueellinen,2017,2549,ei_tietoa,liian_epatarkka,,,,,,
3440618471,summittainen,2017,1000,ulkopuolella,ei_metsatalousmaata,0.62,2017,66,1957,0,0.44
3441126518,tarkka,2017,1,ulkopuolella,ei_metsatalousmaata,0.44,2017,43,1980,0,0.56
3441128428,alueellinen,2017,10000,ei_tietoa,liian_epatarkka,,,,,,
3441129214,tarkka,2017,1,ennallaan,ei_muutosta,0.67,2017,43,1980,1,1.0
3441138988,tarkka,2017,100,epavarma,osa_alueesta_hakattu,0.22,2017,38,1985,2,1.0
3441141522,tarkka,2017,1,ennallaan,ei_muutosta,1.0,2017,78,1945,0,1.0
3441141625,tarkka,2017,1,ennallaan,ei_muutosta,1.0,2017,36,1987,0,1.0
3441142311,tarkka,2017,1,ennallaan,ei_muutosta,0.56,2017,50,1973,0,1.0
3441143303,tarkka,2017,1,ennallaan,ei_muutosta,0.89,2017,82,1941,0,1.0
3441144471,summittainen,2017,1000,epavarma,osa_alueesta_hakattu,0.22,2017,33,1990,2,1.0
3441144962,tarkka,2017,1,ennallaan,ei_muutosta,0.56,2017,63,1960,0,0.78
3441150026,tarkka,2017,1,ennallaan,ei_muutosta,0.56,2017,50,1973,0,1.0
3441154350,alueellinen,2017,5000,ei_tietoa,liian_epatarkka,,,,,,
3441164519,tarkka,2017,1,ennallaan,ei_muutosta,1.0,2017,48,1975,0,1.0
3441167036,tarkka,2017,100,ulkopuolella,ei_metsatalousmaata,1.0,2017,,,0,0.0
3441167425,summittainen,2017,1000,ulkopuolella,ei_metsatalousmaata,0.56,2017,26,1997,0,0.44
3441167962,tarkka,2017,100,ennallaan,ei_muutosta,0.89,2017,69,1954,0,1.0
3441167966,summittainen,2017,1000,epavarma,osa_alueesta_muuttunut,0.11,2017,17,2006,0,1.0
3441171519,summittainen,2017,1000,ennallaan,ei_muutosta,0.89,2017,75,1948,0,0.89
3441176732,summittainen,2017,1000,epavarma,osa_alueesta_hakattu,0.11,2017,31,1992,2,0.56
3441180944,tarkka,2017,1,ennallaan,ei_muutosta,1.0,2017,98,1925,0,1.0
3441182330,alueellinen,2017,10000,ei_tietoa,liian_epatarkka,,,,,,
3441184309,summittainen,2017,1000,ennallaan,ei_muutosta,0.67,2017,72,1951,0,0.67
3441184530,tarkka,2017,1,ennallaan,ei_muutosta,0.57,2017,36,1987,0,0.78
3441186757,summittainen,2017,1000,epavarma,osa_alueesta_hakattu,0.22,2017,34,1989,2,0.78
3441188396,tarkka,2017,10,ennallaan,ei_muutosta,0.56,2017,58,1965,0,1.0
3441188397,tarkka,2017,10,ulkopuolella,ei_metsatalousmaata,0.56,2017,74,1949,0,0.44
3441188906,tarkka,2017,1,ennallaan,ei_muutosta,1.0,2017,56,1967,0,1.0
3441211315,tarkka,2017,1,ennallaan,ei_muutosta,0.78,2017,41,1982,0,1.0
3441211772,summittainen,2017,1000,ulkopuolella,ei_metsatalousmaata,0.44,2017,77,1946,0,0.56
3441211922,tarkka,2017,100,epavarma,osa_alueesta_hakattu,0.25,2017,41,1982,2,0.56
3448518545,tarkka,2017,1,ennallaan,ei_muutosta,0.89,2017,59,1964,0,1.0
4023951059,tuntematon,2017,,ei_tietoa,liian_epatarkka,,,,,,
4898801976,summittainen,2017,1000,epavarma,osa_alueesta_hakattu,0.11,2017,61,1962,2,1.0
1668877542,tarkka,2017,10,ulkopuolella,ei_metsatalousmaata,0.5,2017,14,2009,0,0.56
3440626619,tarkka,2017,100,ennallaan,ei_muutosta,0.56,2017,73,1950,0,0.67
3440656152,summittainen,2017,1000,epavarma,osa_alueesta_hakattu,0.22,2017,56,1967,2,0.78
3440663149,summittainen,2017,1000,ulkopuolella,ei_metsatalousmaata,0.56,2017,37,1986,0,0.44
3441016153,summittainen,2017,1000,ennallaan,ei_muutosta,0.56,2017,67,1956,0,0.89
3441127784,alueellinen,2017,10000,ei_tietoa,liian_epatarkka,,,,,,
3441127813,alueellinen,2017,10000,ei_tietoa,liian_epatarkka,,,,,,
3441128231,summittainen,2017,1000,epavarma,osa_alueesta_hakattu,0.22,2017,60,1963,2,0.78
3441128927,alueellinen,2017,10000,ei_tietoa,liian_epatarkka,,,,,,
3441134308,summittainen,2017,1000,epavarma,osa_alueesta_hakattu,0.33,2017,52,1971,2,0.56
3441135359,alueellinen,2017,10000,ei_tietoa,liian_epatarkka,,,,,,
3441135961,summittainen,2017,1000,epavarma,osa_alueesta_hakattu,0.11,2017,71,1952,2,1.0
3441136951,tarkka,2017,1,ennallaan,ei_muutosta,0.67,2017,56,1967,0,1.0
3441140350,tarkka,2017,1,epavarma,kasvupaikkatieto_muuttunut,0.44,2017,51,1972,0,0.89
3441141035,alueellinen,2017,10000,ei_tietoa,liian_epatarkka,,,,,,
3441141533,tarkka,2017,1,muuttunut,hakattu,0.89,2017,3,2020,2,1.0
3441141975,summittainen,2017,1000,epavarma,osa_alueesta_hakattu,0.22,2017,64,1959,2,0.89
3441142066,tarkka,2017,1,ennallaan,ei_muutosta,1.0,2017,68,1955,0,1.0
3441145355,tarkka,2017,1,epavarma,kasvupaikkatieto_muuttunut,0.67,2017,52,1971,0,1.0
3441151704,tarkka,2017,1,ennallaan,ei_muutosta,0.67,2017,96,1927,0,0.56
3441153611,tarkka,2017,100,ulkopuolella,ei_metsatalousmaata,0.89,2017,28,1995,0,0.11
3441158819,alueellinen,2017,10000,ei_tietoa,liian_epatarkka,,,,,,
3441160807,tarkka,2017,100,ulkopuolella,ei_metsatalousmaata,1.0,2017,,,0,0.0
3441173310,tarkka,2017,1,ennallaan,ei_muutosta,0.78,2017,57,1966,0,1.0
3441175647,summittainen,2017,1000,epavarma,osa_alueesta_hakattu,0.44,2017,27,1996,2,1.0
3441176905,alueellinen,2017,10000,ei_tietoa,liian_epatarkka,,,,,,
3441180719,tarkka,2017,100,ennallaan,ei_muutosta,0.78,2017,72,1951,0,1.0
3441186459,tarkka,2017,1,ennallaan,ei_muutosta,1.0,2017,74,1949,0,1.0
3441189822,tarkka,2017,1,ulkopuolella,ei_metsatalousmaata,0.89,2017,40,1983,0,0.11
3441195783,tarkka,2017,1,ulkopuolella,ei_metsatalousmaata,0.78,2017,12,2011,0,0.22
3441214104,tarkka,2017,1,ennallaan,ei_muutosta,1.0,2017,87,1936,0,1.0
3448539285,summittainen,2017,1000,ennallaan,ei_muutosta,1.0,2017,57,1966,0,1.0
3448599439,summittainen,2017,1000,epavarma,osa_alueesta_hakattu,0.11,2017,51,1972,2,0.67
4899002362,summittainen,2017,1000,epavarma,osa_alueesta_hakattu,0.11,2017,66,1957,2,1.0
2626319923,summittainen,2017,819,epavarma,osa_alueesta_hakattu,0.11,2017,38,1985,2,0.78
3441152642,tarkka,2017,1,ennallaan,ei_muutosta,0.62,2017,18,2005,0,0.78
3441160501,alueellinen,2017,10000,ei_tietoa,liian_epatarkka,,,,,,
3441160555,alueellinen,2017,10000,ei_tietoa,liian_epatarkka,,,,,,
3441163649,summittainen,2017,1000,ennallaan,ei_muutosta,0.78,2017,63,1960,0,1.0
3441165773,summittainen,2017,1000,ennallaan,ei_muutosta,0.56,2017,66,1957,0,0.67
3441178350,summittainen,2017,1000,epavarma,osa_alueesta_hakattu,0.22,2017,47,1976,2,0.89
3441180971,tarkka,2017,1,ennallaan,ei_muutosta,0.89,2017,53,1970,0,1.0
3441185587,tarkka,2017,1,ulkopuolella,ei_metsatalousmaata,0.78,2017,103,1920,0,0.22
3441196868,alueellinen,2017,10000,ei_tietoa,liian_epatarkka,,,,,,
4898625747,summittainen,2017,1000,ulkopuolella,ei_metsatalousmaata,0.56,2017,64,1959,0,0.44
1703206032,tarkka,2017,9,ennallaan,ei_muutosta,0.44,2017,38,1985,0,0.67
3440630893,tarkka,2017,1,ennallaan,ei_muutosta,1.0,2017,95,1928,0,1.0
3441138356,tarkka,2017,1,ennallaan,ei_muutosta,1.0,2017,47,1976,0,1.0
3441138590,tarkka,2017,100,ennallaan,ei_muutosta,0.56,2017,66,1957,0,0.67
3441149081,tarkka,2017,1,epavarma,hakkuuaikomus,1.0,2017,72,1951,1,1.0
3441176576,tarkka,2017,1,ennallaan,ei_muutosta,1.0,2017,64,1959,0,1.0
3441157855,tarkka,2017,1,ennallaan,ei_muutosta,0.67,2017,53,1970,0,1.0
3440603615,tarkka,2016,1,ennallaan,ei_muutosta,0.56,2015,93,1930,0,0.78
3441012550,tarkka,2016,1,ennallaan,ei_muutosta,0.56,2015,47,1976,0,0.56
1640032976,alueellinen,2016,1049318,ei_tietoa,liian_epatarkka,,,,,,
3440614701,tarkka,2016,1,ennallaan,ei_muutosta,1.0,2015,45,1978,0,1.0
3440614738,tarkka,2016,1,muuttunut,hakattu,0.78,2015,17,2006,2,1.0
3441005558,tarkka,2016,1,ennallaan,ei_muutosta,0.56,2015,90,1933,0,1.0
3441059500,summittainen,2016,1000,epavarma,osa_alueesta_hakattu,0.11,2015,33,1990,2,0.56
3441132047,tarkka,2016,1,ennallaan,ei_muutosta,0.89,2015,35,1988,0,1.0
3441148577,tarkka,2016,100,ennallaan,ei_muutosta,0.78,2015,62,1961,0,0.89
3441160713,tarkka,2016,100,epavarma,osa_alueesta_hakattu,0.22,2015,48,1975,2,0.89
3441161815,summittainen,2016,1000,epavarma,osa_alueesta_hakattu,0.11,2015,53,1970,2,1.0
3441196996,summittainen,2016,1000,ennallaan,ei_muutosta,0.56,2015,54,1969,0,0.56
3441198808,tarkka,2016,100,ennallaan,ei_muutosta,0.75,2015,63,1960,0,0.89
3441200553,summittainen,2016,1000,epavarma,osa_alueesta_hakattu,0.33,2015,60,1963,2,0.89
3453898404,tarkka,2016,1,ennallaan,ei_muutosta,0.56,2015,74,1949,0,1.0
3441149661,tarkka,2016,100,ulkopuolella,ei_metsatalousmaata,0.88,2015,117,1906,0,0.22
3441158769,summittainen,2016,1000,ulkopuolella,ei_metsatalousmaata,1.0,2015,,,0,0.0
3441162608,tarkka,2016,100,ennallaan,ei_muutosta,0.78,2015,95,1928,0,0.89
3441184610,tarkka,2016,100,epavarma,osa_alueesta_hakattu,0.11,2015,41,1982,2,1.0
3441191770,tarkka,2016,100,epavarma,osa_alueesta_muuttunut,0.11,2015,41,1982,0,1.0
3441210267,tarkka,2016,1,ennallaan,ei_muutosta,0.71,2015,27,1996,0,0.78
3453929317,tarkka,2016,1,ennallaan,ei_muutosta,0.88,2015,49,1974,0,0.89
4898978101,tarkka,2016,1,ennallaan,ei_muutosta,1.0,2015,123,1900,0,1.0
1453191730,tuntematon,2016,,ei_tietoa,liian_epatarkka,,,,,,
3435186197,tarkka,2016,100,ulkopuolella,ei_metsatalousmaata,0.67,2015,50,1973,0,0.33
3435186208,tarkka,2016,100,ennallaan,ei_muutosta,0.5,2015,45,1978,0,0.67
3440601126,summittainen,2016,1000,ennallaan,ei_muutosta,0.89,2015,137,1886,0,1.0
3440601864,tarkka,2016,100,ennallaan,ei_muutosta,0.89,2015,80,1943,0,1.0
3441162541,alueellinen,2016,25000,ei_tietoa,liian_epatarkka,,,,,,
3441202006,summittainen,2016,1000,epavarma,osa_alueesta_hakattu,0.11,2015,54,1969,2,0.89
3441206211,tarkka,2016,100,ennallaan,ei_muutosta,0.78,2015,62,1961,0,0.89
3448611688,summittainen,2016,1000,epavarma,osa_alueesta_hakattu,0.11,2015,41,1982,2,0.67
3449121805,summittainen,2016,1000,ulkopuolella,ei_metsatalousmaata,0.56,2015,90,1933,0,0.44
3453927921,alueellinen,2016,50000,ei_tietoa,liian_epatarkka,,,,,,
3916538299,tuntematon,2016,,ei_tietoa,liian_epatarkka,,,,,,
3917197339,tuntematon,2016,,ei_tietoa,liian_epatarkka,,,,,,
3440980662,tarkka,2015,1,ulkopuolella,ei_metsatalousmaata,0.56,2015,48,1975,0,0.44
3440580837,summittainen,2015,1000,epavarma,osa_alueesta_hakattu,0.11,2015,37,1986,2,0.44
3440581891,tarkka,2015,1,ennallaan,ei_muutosta,0.78,2015,60,1963,0,0.78
3440582897,tarkka,2015,1,muuttunut,hakattu,0.56,2015,60,1963,2,1.0
3440585722,tarkka,2015,1,muuttunut,hakattu,0.56,2015,7,2016,2,0.44
3440585911,tarkka,2015,100,ennallaan,ei_muutosta,0.44,2015,51,1972,0,0.78
3440587075,tarkka,2015,1,ulkopuolella,ei_metsatalousmaata,0.56,2015,26,1997,0,0.44
3440593959,summittainen,2015,1000,ulkopuolella,ei_metsatalousmaata,0.56,2015,73,1950,0,0.44
3440945838,tarkka,2015,1,ennallaan,ei_muutosta,0.56,2015,66,1957,0,0.67
3440948784,tarkka,2015,1,ennallaan,ei_muutosta,1.0,2015,81,1942,0,1.0
3440948794,summittainen,2015,1000,ennallaan,ei_muutosta,0.5,2015,70,1953,0,0.67
3440985839,tarkka,2015,1,ulkopuolella,ei_metsatalousmaata,0.89,2015,71,1952,0,0.11
3440991858,summittainen,2015,1000,ulkopuolella,ei_metsatalousmaata,0.78,2015,81,1942,0,0.22
3440992697,tarkka,2015,1,ulkopuolella,ei_metsatalousmaata,0.56,2015,44,1979,0,0.44
3441128990,tarkka,2015,1,ulkopuolella,ei_metsatalousmaata,1.0,2015,,,0,0.0
3441135332,summittainen,2015,1000,ulkopuolella,ei_metsatalousmaata,0.67,2015,69,1954,0,0.33
3441173002,summittainen,2015,1000,ulkopuolella,ei_metsatalousmaata,0.75,2015,88,1935,0,0.22
3441200605,summittainen,2015,1000,ennallaan,ei_muutosta,0.5,2015,37,1986,0,0.56
3440587089,summittainen,2015,1000,ennallaan,ei_muutosta,0.5,2015,65,1958,0,0.78
3440587983,tarkka,2015,100,ennallaan,ei_muutosta,0.78,2015,63,1960,0,0.89
3441127364,tarkka,2015,1,ennallaan,ei_muutosta,0.89,2015,90,1933,0,1.0
3441128015,tarkka,2015,1,ennallaan,ei_muutosta,0.67,2015,56,1967,0,0.67
3440602364,tarkka,2015,1,ennallaan,ei_muutosta,1.0,2015,109,1914,0,1.0
3440653383,summittainen,2015,1000,ennallaan,ei_muutosta,0.56,2015,83,1940,0,0.67
3440566715,tarkka,2014,1,epavarma,puusto_harventunut,1.0,2013,94,1929,0,1.0
3440931172,tarkka,2014,1,ennallaan,ei_muutosta,0.56,2013,82,1941,0,1.0
3440954080,tarkka,2014,1,ennallaan,ei_muutosta,0.56,2013,67,1956,0,0.78
3441210916,summittainen,2014,1000,epavarma,osa_alueesta_hakattu,0.22,2013,48,1975,2,0.89
3453911563,alueellinen,2014,25000,ei_tietoa,liian_epatarkka,,,,,,
3440561197,tarkka,2014,1,ennallaan,ei_muutosta,0.89,2013,103,1920,0,1.0
3440563262,alueellinen,2014,5000,ei_tietoa,liian_epatarkka,,,,,,
3440568279,summittainen,2014,1000,epavarma,osa_alueesta_hakattu,0.11,2013,45,1978,2,0.78
3440569377,tarkka,2014,100,ennallaan,ei_muutosta,0.56,2013,69,1954,0,0.78
3440577372,summittainen,2014,1000,ulkopuolella,ei_metsatalousmaata,0.67,2013,82,1941,0,0.33
3441006884,summittainen,2014,1000,ulkopuolella,ei_metsatalousmaata,0.5,2013,80,1943,0,0.44
3441185465,tarkka,2014,1,ennallaan,ei_muutosta,0.89,2013,21,2002,0,1.0
3440575883,tarkka,2014,1,ennallaan,ei_muutosta,0.67,2013,56,1967,0,0.78
3440584620,alueellinen,2014,10000,ei_tietoa,liian_epatarkka,,,,,,
3440647819,summittainen,2014,1000,ennallaan,ei_muutosta,0.56,2013,38,1985,0,0.78
4898836784,tarkka,2014,1,ennallaan,ei_muutosta,0.78,2013,86,1937,0,0.78
3440575670,tarkka,2014,100,ulkopuolella,ei_metsatalousmaata,0.56,2013,67,1956,0,0.44
3440571782,tarkka,2014,1,ennallaan,ei_muutosta,0.56,2013,38,1985,0,0.56
3440575739,tarkka,2014,1,ennallaan,ei_muutosta,1.0,2013,67,1956,0,1.0
3440936755,tarkka,2014,100,ennallaan,ei_muutosta,0.5,2013,70,1953,0,0.78
3440942805,tarkka,2014,1,ennallaan,ei_muutosta,0.44,2013,55,1968,0,0.67
3441037091,summittainen,2013,1000,ennallaan,ei_muutosta,0.44,2013,43,1980,0,0.67
3440926887,tarkka,2013,1,ennallaan,ei_muutosta,1.0,2013,26,1997,0,1.0
3440961891,tarkka,2013,1,ennallaan,ei_muutosta,1.0,2013,62,1961,0,1.0
3441154117,tarkka,2013,100,ennallaan,ei_muutosta,0.78,2013,85,1938,0,1.0
3441191279,summittainen,2013,1000,epavarma,osa_alueesta_hakattu,0.12,2013,47,1976,2,0.89
4898647861,tarkka,2013,10,ennallaan,ei_muutosta,0.67,2013,81,1942,0,0.67
4898647905,tarkka,2013,1,ennallaan,ei_muutosta,0.67,2013,81,1942,0,0.67
3440551965,tarkka,2013,1,ennallaan,ei_muutosta,1.0,2013,57,1966,0,1.0
3440558005,summittainen,2013,1000,ulkopuolella,ei_metsatalousmaata,0.78,2013,84,1939,0,0.22
3441198308,summittainen,2013,1000,ennallaan,ei_muutosta,0.67,2013,75,1948,0,0.67
4023913856,tarkka,2013,100,ennallaan,ei_muutosta,1.0,2013,79,1944,0,1.0
4898836682,tarkka,2013,1,ennallaan,ei_muutosta,1.0,2013,80,1943,0,1.0
3440556174,tarkka,2013,1,ennallaan,ei_muutosta,1.0,2013,84,1939,0,1.0
3440923288,tarkka,2013,1,ennallaan,ei_muutosta,0.67,2013,97,1926,0,0.89
3440932513,tarkka,2013,1,ennallaan,ei_muutosta,1.0,2013,75,1948,0,1.0
3440959649,tarkka,2013,1,ennallaan,ei_muutosta,0.89,2013,69,1954,0,1.0
3440916700,alueellinen,2012,50000,ei_tietoa,liian_epatarkka,,,,,,
3440546692,tarkka,2012,1,ennallaan,ei_muutosta,1.0,2011,60,1963,0,0.67
3440553804,tarkka,2012,1,muuttunut,hakattu,1.0,2011,1,2022,2,1.0
3440933668,summittainen,2012,1000,ulkopuolella,ei_metsatalousmaata,0.67,2011,45,1978,0,0.33
3440997010,summittainen,2012,1000,ennallaan,ei_muutosta,0.78,2011,38,1985,0,0.78
4898836820,tarkka,2012,1,epavarma,osa_alueesta_muuttunut,0.11,2011,56,1967,0,0.33
4899023823,tarkka,2012,1,ennallaan,ei_muutosta,1.0,2011,53,1970,0,1.0
3440539669,tarkka,2012,1,ennallaan,ei_muutosta,0.62,2011,84,1939,0,0.67
3440541733,tarkka,2012,1,epavarma,kasvupaikkatieto_muuttunut,0.33,2011,80,1943,0,0.78
3440637131,summittainen,2012,1000,ulkopuolella,ei_metsatalousmaata,0.44,2011,44,1979,0,0.56
3440637143,summittainen,2012,1000,epavarma,osa_alueesta_muuttunut,0.12,2011,20,2003,0,0.78
3440637916,summittainen,2012,1000,epavarma,osa_alueesta_hakattu,0.14,2011,72,1951,2,0.89
3440917759,summittainen,2012,1000,ennallaan,ei_muutosta,0.78,2011,79,1944,0,0.89
3440917772,summittainen,2012,1000,ulkopuolella,ei_metsatalousmaata,0.5,2011,70,1953,0,0.56
3440944684,tarkka,2012,1,ennallaan,ei_muutosta,0.75,2011,94,1929,0,0.89
3440944695,tarkka,2012,1,ulkopuolella,ei_metsatalousmaata,1.0,2011,,,0,0.0
3440951746,tarkka,2012,1,ennallaan,ei_muutosta,0.75,2011,81,1942,0,0.78
3441127278,summittainen,2012,1000,ennallaan,ei_muutosta,0.75,2011,50,1973,0,0.78
3441141117,tarkka,2012,100,ennallaan,ei_muutosta,0.67,2011,98,1925,0,1.0
3441147512,summittainen,2012,1000,epavarma,osa_alueesta_muuttunut,0.12,2011,54,1969,1,0.56
3441179717,alueellinen,2012,10000,ei_tietoa,liian_epatarkka,,,,,,
3441214465,summittainen,2012,1000,ulkopuolella,ei_metsatalousmaata,0.88,2011,57,1966,0,0.22
1606963442,summittainen,2012,1000,ennallaan,ei_muutosta,0.78,2011,36,1987,0,0.89
3440631898,summittainen,2012,1000,ulkopuolella,ei_metsatalousmaata,0.57,2011,82,1941,0,0.44
3440645097,summittainen,2012,1000,ulkopuolella,ei_metsatalousmaata,0.38,2011,88,1935,0,0.56
3440914920,summittainen,2012,1000,muuttunut,hakattu,0.44,2011,48,1975,2,1.0
3440933781,tarkka,2012,10,ennallaan,ei_muutosta,0.89,2011,46,1977,0,0.89
3441158526,alueellinen,2012,10000,ei_tietoa,liian_epatarkka,,,,,,
3447958759,tarkka,2012,1,ulkopuolella,ei_metsatalousmaata,0.67,2011,65,1958,0,0.33
3889207304,summittainen,2012,367,ennallaan,ei_muutosta,0.67,2011,61,1962,0,0.78
4898831897,tarkka,2012,1,muuttunut,puusto_nollautunut,0.56,2011,15,2008,0,1.0
4898954786,tarkka,2012,10,ennallaan,ei_muutosta,1.0,2011,50,1973,0,1.0
3440994913,summittainen,2012,1000,ulkopuolella,ei_metsatalousmaata,0.56,2011,73,1950,0,0.44
4898822266,tarkka,2012,1,ennallaan,ei_muutosta,1.0,2011,42,1981,0,0.78
3440949826,summittainen,2012,1000,ulkopuolella,ei_metsatalousmaata,0.56,2011,90,1933,0,0.44
3440543798,alueellinen,2012,100000,ei_tietoa,liian_epatarkka,,,,,,
3440553938,alueellinen,2012,100000,ei_tietoa,liian_epatarkka,,,,,,
3440698925,alueellinen,2012,100000,ei_tietoa,liian_epatarkka,,,,,,
3440701342,alueellinen,2012,100000,ei_tietoa,liian_epatarkka,,,,,,
3440913773,alueellinen,2012,100000,ei_tietoa,liian_epatarkka,,,,,,
3440537547,summittainen,2011,1000,ulkopuolella,ei_metsatalousmaata,0.56,2011,73,1950,0,0.44
3440635548,summittainen,2011,1000,ennallaan,ei_muutosta,0.56,2011,63,1960,0,0.56
3440909545,alueellinen,2011,5000,ei_tietoa,liian_epatarkka,,,,,,
3441043419,summittainen,2011,1000,ennallaan,ei_muutosta,0.62,2011,36,1987,0,0.78
3448015278,summittainen,2011,1000,ennallaan,ei_muutosta,0.67,2011,152,1871,0,1.0
3441030588,summittainen,2011,1000,ulkopuolella,ei_metsatalousmaata,0.56,2011,67,1956,0,0.44
3441030590,summittainen,2011,1000,epavarma,osa_alueesta_muuttunut,0.17,2011,27,1996,0,0.44
3441154247,alueellinen,2011,25000,ei_tietoa,liian_epatarkka,,,,,,
1607744733,summittainen,2011,1000,epavarma,osa_alueesta_hakattu,0.22,2011,52,1971,2,0.56
1607744741,summittainen,2011,1000,epavarma,osa_alueesta_hakattu,0.22,2011,52,1971,2,0.56
3440644755,summittainen,2011,1000,epavarma,osa_alueesta_hakattu,0.29,2011,55,1968,2,0.67
3440906673,summittainen,2011,1000,epavarma,osa_alueesta_muuttunut,0.11,2011,40,1983,0,0.67
3441177265,summittainen,2011,1000,ennallaan,ei_muutosta,0.6,2011,84,1939,0,0.44
3441188593,summittainen,2011,1000,ennallaan,ei_muutosta,0.5,2011,67,1956,0,0.89
5017396243,tarkka,2011,250,epavarma,osa_alueesta_muuttunut,0.11,2011,90,1933,0,1.0
5021871716,tarkka,2011,250,epavarma,osa_alueesta_muuttunut,0.11,2011,90,1933,0,1.0
3440522784,summittainen,2011,1000,ulkopuolella,ei_metsatalousmaata,0.43,2011,72,1951,0,0.56
3440637596,summittainen,2011,1000,epavarma,osa_alueesta_hakattu,0.12,2011,64,1959,2,0.56
3440907669,tarkka,2011,100,ennallaan,ei_muutosta,0.71,2011,88,1935,0,0.78
3441030609,summittainen,2011,1000,ennallaan,ei_muutosta,0.62,2011,36,1987,0,0.78
3440725612,alueellinen,2011,100000,ei_tietoa,liian_epatarkka,,,,,,
3440727777,alueellinen,2011,100000,ei_tietoa,liian_epatarkka,,,,,,
1607744710,tarkka,2010,1,epavarma,osa_alueesta_hakattu,0.33,2009,27,1996,2,0.89
3440866800,alueellinen,2010,25000,ei_tietoa,liian_epatarkka,,,,,,
3440908213,summittainen,2010,1000,epavarma,osa_alueesta_hakattu,0.11,2009,85,1938,2,0.44
1607744716,tarkka,2010,1,ennallaan,ei_muutosta,0.89,2009,61,1962,0,1.0
3440908180,summittainen,2010,1000,ulkopuolella,ei_metsatalousmaata,0.78,2009,97,1926,0,0.22
3440912169,summittainen,2010,1000,ulkopuolella,ei_metsatalousmaata,0.44,2009,63,1960,0,0.56
3453927113,tarkka,2010,1,muuttunut,hakattu,0.57,2009,62,1961,2,1.0
4606588333,tuntematon,2010,,ei_tietoa,liian_epatarkka,,,,,,
1607401101,tarkka,2010,1,epavarma,osa_alueesta_hakattu,0.22,2009,73,1950,2,1.0
1607401158,summittainen,2010,1000,epavarma,osa_alueesta_hakattu,0.12,2009,49,1974,2,0.56
1607744722,tarkka,2010,1,ennallaan,ei_muutosta,1.0,2009,74,1949,0,1.0
1607744728,tarkka,2010,1,ennallaan,ei_muutosta,0.56,2009,87,1936,0,1.0
3441030823,summittainen,2010,1000,ulkopuolella,ei_metsatalousmaata,0.44,2009,63,1960,0,0.56
3903256942,summittainen,2010,797,ennallaan,ei_muutosta,0.88,2009,81,1942,0,0.78
4023923767,tarkka,2010,100,ulkopuolella,ei_metsatalousmaata,0.43,2009,105,1918,0,0.44
3441045834,alueellinen,2010,100000,ei_tietoa,liian_epatarkka,,,,,,
1607401087,tarkka,2009,1,ulkopuolella,ei_metsatalousmaata,0.71,2009,45,1978,0,0.33
1607401174,alueellinen,2009,10000,ei_tietoa,liian_epatarkka,,,,,,
1607744686,tarkka,2009,100,ennallaan,ei_muutosta,0.57,2009,86,1937,0,0.89
1607744692,summittainen,2009,1000,ennallaan,ei_muutosta,0.78,2009,86,1937,0,0.78
1607744695,tarkka,2009,1,ulkopuolella,ei_metsatalousmaata,0.6,2009,91,1932,0,0.56
3440824117,summittainen,2009,1000,muuttunut,hakattu,0.43,2009,32,1991,2,0.67
3440828068,alueellinen,2009,50000,ei_tietoa,liian_epatarkka,,,,,,
1607401069,tarkka,2009,1,ennallaan,ei_muutosta,0.75,2009,53,1970,0,0.89
1607401153,summittainen,2009,1000,ennallaan,ei_muutosta,0.5,2009,71,1952,0,0.78
1607744700,tarkka,2009,1,ennallaan,ei_muutosta,1.0,2009,48,1975,0,1.0
1607744704,summittainen,2009,1000,epavarma,osa_alueesta_hakattu,0.11,2009,44,1979,2,0.89
3440489048,tarkka,2009,1,ennallaan,ei_muutosta,0.89,2009,37,1986,0,1.0
3440911954,summittainen,2009,1000,ulkopuolella,ei_metsatalousmaata,0.56,2009,73,1950,0,0.44
773225754,tuntematon,2009,,ei_tietoa,liian_epatarkka,,,,,,
1606963479,tarkka,2009,1,ulkopuolella,ei_metsatalousmaata,1.0,2009,,,0,0.0
1607401103,summittainen,2009,1000,epavarma,osa_alueesta_hakattu,0.11,2009,52,1971,2,0.56
1607401107,summittainen,2009,1000,epavarma,osa_alueesta_hakattu,0.33,2009,43,1980,2,0.78
3440536873,summittainen,2009,1000,epavarma,osa_alueesta_muuttunut,0.14,2009,88,1935,0,0.67
3440892420,alueellinen,2009,100000,ei_tietoa,liian_epatarkka,,,,,,
4516780954,tarkka,2009,61,epavarma,hakkuuaikomus,0.67,2009,55,1968,1,0.89
4898724629,tarkka,2009,1,ennallaan,ei_muutosta,1.0,2009,66,1957,0,1.0
4898724669,tarkka,2009,1,ennallaan,ei_muutosta,1.0,2009,72,1951,0,1.0
1607401113,tarkka,2009,1,ulkopuolella,ei_metsatalousmaata,0.8,2009,21,2002,0,0.44
3440520019,summittainen,2009,1000,ulkopuolella,ei_metsatalousmaata,0.56,2009,73,1950,0,0.44
3440941962,summittainen,2009,1000,ulkopuolella,ei_metsatalousmaata,0.56,2009,73,1950,0,0.44
3437061258,alueellinen,2009,100000,ei_tietoa,liian_epatarkka,,,,,,
3437094287,alueellinen,2009,100000,ei_tietoa,liian_epatarkka,,,,,,
3437102333,alueellinen,2009,100000,ei_tietoa,liian_epatarkka,,,,,,
3437106310,alueellinen,2009,100000,ei_tietoa,liian_epatarkka,,,,,,
3440667039,alueellinen,2009,100000,ei_tietoa,liian_epatarkka,,,,,,
3440691092,alueellinen,2009,100000,ei_tietoa,liian_epatarkka,,,,,,
3440704467,alueellinen,2009,100000,ei_tietoa,liian_epatarkka,,,,,,
3440717713,alueellinen,2009,100000,ei_tietoa,liian_epatarkka,,,,,,
3441049415,alueellinen,2009,100000,ei_tietoa,liian_epatarkka,,,,,,
3441071974,alueellinen,2009,100000,ei_tietoa,liian_epatarkka,,,,,,
3441086523,alueellinen,2009,100000,ei_tietoa,liian_epatarkka,,,,,,
3441086624,alueellinen,2009,100000,ei_tietoa,liian_epatarkka,,,,,,
3441091072,alueellinen,2009,100000,ei_tietoa,liian_epatarkka,,,,,,
3441096078,alueellinen,2009,100000,ei_tietoa,liian_epatarkka,,,,,,
3441096679,alueellinen,2009,100000,ei_tietoa,liian_epatarkka,,,,,,
3441099612,alueellinen,2009,100000,ei_tietoa,liian_epatarkka,,,,,,
3441107363,alueellinen,2009,100000,ei_tietoa,liian_epatarkka,,,,,,
3441111608,alueellinen,2009,100000,ei_tietoa,liian_epatarkka,,,,,,
3441117916,alueellinen,2009,100000,ei_tietoa,liian_epatarkka,,,,,,
1607401083,tarkka,2008,100,muuttunut,hakattu,0.56,2009,40,1983,2,1.0
1607401095,tarkka,2008,100,ennallaan,ei_muutosta,0.67,2009,69,1954,0,0.56
1607401119,alueellinen,2008,50000,ei_tietoa,liian_epatarkka,,,,,,
1607401077,alueellinen,2008,10000,ei_tietoa,liian_epatarkka,,,,,,
1607401151,alueellinen,2008,100000,ei_tietoa,liian_epatarkka,,,,,,
1607744935,summittainen,2008,1000,epavarma,osa_alueesta_muuttunut,0.17,2009,81,1942,0,0.33
3441151385,tarkka,2008,1,ennallaan,ei_muutosta,1.0,2009,63,1960,0,1.0
3441169874,summittainen,2008,1000,epavarma,osa_alueesta_muuttunut,0.22,2009,52,1971,2,0.56
3441198209,tarkka,2008,1,ennallaan,ei_muutosta,0.78,2009,63,1960,0,1.0
773225753,tuntematon,2008,,ei_tietoa,liian_epatarkka,,,,,,
1607401121,alueellinen,2008,10000,ei_tietoa,liian_epatarkka,,,,,,
1607744938,summittainen,2008,1000,epavarma,osa_alueesta_hakattu,0.11,2009,52,1971,2,0.56
1607744941,summittainen,2008,1000,epavarma,osa_alueesta_hakattu,0.22,2009,32,1991,2,0.89
3440470373,tarkka,2008,1,muuttunut,hakattu,0.56,2009,10,2013,2,0.56
3440470387,alueellinen,2008,50000,ei_tietoa,liian_epatarkka,,,,,,
4023919353,summittainen,2008,1000,epavarma,osa_alueesta_hakattu,0.25,2009,65,1958,2,0.89
4023927047,summittainen,2008,1000,ulkopuolella,ei_metsatalousmaata,0.44,2009,49,1974,0,0.56
1607401155,alueellinen,2008,50000,ei_tietoa,liian_epatarkka,,,,,,
1607744946,tarkka,2008,1,ennallaan,ei_muutosta,0.56,2009,25,1998,0,1.0
1607744951,summittainen,2008,1000,epavarma,osa_alueesta_muuttunut,0.17,2009,81,1942,0,0.33
1607744954,summittainen,2008,1000,epavarma,osa_alueesta_muuttunut,0.17,2009,81,1942,0,0.33
3440477452,alueellinen,2008,100000,ei_tietoa,liian_epatarkka,,,,,,
1607401070,tarkka,2008,1,ennallaan,ei_muutosta,1.0,2009,96,1927,0,0.89
1607401092,alueellinen,2008,50000,ei_tietoa,liian_epatarkka,,,,,,
3440472117,alueellinen,2008,100000,ei_tietoa,liian_epatarkka,,,,,,
3440696698,alueellinen,2008,100000,ei_tietoa,liian_epatarkka,,,,,,
3440705872,alueellinen,2008,100000,ei_tietoa,liian_epatarkka,,,,,,
3440722828,alueellinen,2008,100000,ei_tietoa,liian_epatarkka,,,,,,
3440733508,alueellinen,2008,100000,ei_tietoa,liian_epatarkka,,,,,,
3441075529,alueellinen,2008,100000,ei_tietoa,liian_epatarkka,,,,,,
3441077276,alueellinen,2008,100000,ei_tietoa,liian_epatarkka,,,,,,
3441080922,alueellinen,2008,100000,ei_tietoa,liian_epatarkka,,,,,,
3441100142,alueellinen,2008,100000,ei_tietoa,liian_epatarkka,,,,,,
3441122453,alueellinen,2008,100000,ei_tietoa,liian_epatarkka,,,,,,
1606963472,alueellinen,2007,10000,ei_tietoa,liian_epatarkka,,,,,,
1607401063,tarkka,2007,1,muuttunut,hakattu,0.67,2009,34,1989,2,1.0
1607401078,tarkka,2007,100,epavarma,kasvupaikkatieto_muuttunut,0.44,2009,34,1989,0,0.67
1607401099,alueellinen,2007,50000,ei_tietoa,liian_epatarkka,,,,,,
1607401112,alueellinen,2007,50000,ei_tietoa,liian_epatarkka,,,,,,
4023891026,tarkka,2007,100,ennallaan,ei_muutosta,0.56,2009,34,1989,0,1.0
4023891293,summittainen,2007,1000,epavarma,osa_alueesta_muuttunut,0.12,2009,68,1955,0,0.56
1606963490,tarkka,2007,1,ulkopuolella,ei_metsatalousmaata,0.75,2009,87,1936,0,0.22
1607401021,tarkka,2007,1,epavarma,osa_alueesta_muuttunut,0.11,2009,49,1974,0,1.0
1607401041,tarkka,2007,1,ennallaan,ei_muutosta,1.0,2009,62,1961,0,1.0
1607401054,summittainen,2007,1000,epavarma,osa_alueesta_hakattu,0.22,2009,49,1974,2,1.0
1607401067,summittainen,2007,1000,epavarma,osa_alueesta_hakattu,0.11,2009,62,1961,2,0.56
1607401122,tarkka,2007,1,ennallaan,ei_muutosta,0.67,2009,91,1932,0,1.0
1607401127,tarkka,2007,1,ennallaan,ei_muutosta,0.78,2009,51,1972,0,1.0
1607744925,summittainen,2007,1000,epavarma,osa_alueesta_hakattu,0.11,2009,52,1971,2,0.56
3440408442,alueellinen,2007,100000,ei_tietoa,liian_epatarkka,,,,,,
3440787448,alueellinen,2007,10000,ei_tietoa,liian_epatarkka,,,,,,
3441148040,alueellinen,2007,10000,ei_tietoa,liian_epatarkka,,,,,,
4023269340,summittainen,2007,1000,ennallaan,ei_muutosta,1.0,2009,96,1927,0,1.0
773225747,tuntematon,2007,,ei_tietoa,liian_epatarkka,,,,,,
773225748,tuntematon,2007,,ei_tietoa,liian_epatarkka,,,,,,
773225749,tuntematon,2007,,ei_tietoa,liian_epatarkka,,,,,,
773225750,tuntematon,2007,,ei_tietoa,liian_epatarkka,,,,,,
773225751,tuntematon,2007,,ei_tietoa,liian_epatarkka,,,,,,
773225752,tuntematon,2007,,ei_tietoa,liian_epatarkka,,,,,,
1607401088,tarkka,2007,1,ennallaan,ei_muutosta,0.67,2009,61,1962,0,1.0
1607401097,summittainen,2007,1000,epavarma,osa_alueesta_hakattu,0.11,2009,52,1971,2,0.56
3441128778,tarkka,2007,1,ennallaan,ei_muutosta,1.0,2009,44,1979,0,1.0
1606963459,tarkka,2007,1,ennallaan,ei_muutosta,1.0,2009,92,1931,0,1.0
1606963486,tarkka,2007,1,epavarma,osa_alueesta_hakattu,0.11,2009,32,1991,2,0.78
1607401096,tarkka,2007,1,ulkopuolella,ei_metsatalousmaata,0.71,2009,9,2014,0,0.33
1607401167,tarkka,2007,1,ennallaan,ei_muutosta,0.78,2009,101,1922,0,1.0
3440800910,alueellinen,2007,100000,ei_tietoa,liian_epatarkka,,,,,,
1607744931,summittainen,2007,1000,epavarma,osa_alueesta_hakattu,0.11,2009,52,1971,2,0.56
3440408628,alueellinen,2007,100000,ei_tietoa,liian_epatarkka,,,,,,
3440659080,alueellinen,2007,100000,ei_tietoa,liian_epatarkka,,,,,,
3440784044,alueellinen,2007,100000,ei_tietoa,liian_epatarkka,,,,,,
3441033973,alueellinen,2007,100000,ei_tietoa,liian_epatarkka,,,,,,
3441099415,alueellinen,2007,100000,ei_tietoa,liian_epatarkka,,,,,,
773225745,tuntematon,2006,,ei_tietoa,liian_epatarkka,,,,,,
773225746,tuntematon,2006,,ei_tietoa,liian_epatarkka,,,,,,
1606963471,alueellinen,2006,50000,ei_tietoa,liian_epatarkka,,,,,,
1606963517,alueellinen,2006,50000,ei_tietoa,liian_epatarkka,,,,,,
1607401143,alueellinen,2006,10000,ei_tietoa,liian_epatarkka,,,,,,
3440370908,summittainen,2006,1000,muuttunut,hakattu,0.44,2009,29,1994,2,0.89
3440758926,summittainen,2006,1000,ulkopuolella,ei_metsatalousmaata,0.44,2009,76,1947,0,0.56
1606963446,tarkka,2006,1,ulkopuolella,ei_metsatalousmaata,1.0,2009,,,0,0.0
3440766911,summittainen,2006,1000,muuttunut,hakattu,0.44,2009,29,1994,2,0.89
1607744747,alueellinen,2006,100000,ei_tietoa,liian_epatarkka,,,,,,
2634450811,alueellinen,2005,1064,ei_tietoa,liian_epatarkka,,,,,,
3713199746,summittainen,2005,1000,epavarma,osa_alueesta_hakattu,0.22,2009,71,1952,2,0.56
3440717875,alueellinen,2005,100000,ei_tietoa,liian_epatarkka,,,,,,
773225740,tuntematon,2004,,ei_tietoa,liian_epatarkka,,,,,,
1607744915,tarkka,2004,100,ennallaan,ei_muutosta,0.8,2009,51,1972,0,1.0
773225741,tuntematon,2004,,ei_tietoa,liian_epatarkka,,,,,,
773225742,tuntematon,2004,,ei_tietoa,liian_epatarkka,,,,,,
773225743,tuntematon,2004,,ei_tietoa,liian_epatarkka,,,,,,
773225744,tuntematon,2004,,ei_tietoa,liian_epatarkka,,,,,,
1607744920,tarkka,2004,100,ulkopuolella,ei_metsatalousmaata,0.43,2009,46,1977,0,0.67
1607073096,alueellinen,2004,100000,ei_tietoa,liian_epatarkka,,,,,,
1607744903,tarkka,2003,100,ennallaan,ei_muutosta,0.8,2009,51,1972,0,1.0
1607744909,tarkka,2003,100,ennallaan,ei_muutosta,0.8,2009,51,1972,0,1.0
4023940653,summittainen,2003,1000,ulkopuolella,ei_metsatalousmaata,0.5,2009,44,1979,0,0.56
773225739,tuntematon,2003,,ei_tietoa,liian_epatarkka,,,,,,
1607744899,tarkka,2002,100,ennallaan,ei_muutosta,0.8,2009,51,1972,0,1.0
773225738,tuntematon,2002,,ei_tietoa,liian_epatarkka,,,,,,
4023917322,tarkka,2002,100,ennallaan,ei_muutosta,1.0,2009,48,1975,0,1.0
1607744891,summittainen,2001,1000,epavarma,osa_alueesta_hakattu,0.33,2009,54,1969,2,0.89
773225734,tuntematon,2001,,ei_tietoa,liian_epatarkka,,,,,,
773225735,tuntematon,2001,,ei_tietoa,liian_epatarkka,,,,,,
773225736,tuntematon,2001,,ei_tietoa,liian_epatarkka,,,,,,
1607744896,summittainen,2001,1000,epavarma,osa_alueesta_hakattu,0.33,2009,54,1969,2,0.89
773225737,tuntematon,2001,,ei_tietoa,liian_epatarkka,,,,,,
4898482184,tarkka,2001,1,ennallaan,ei_muutosta,1.0,2009,121,1902,0,1.0
773225727,tuntematon,2000,,ei_tietoa,liian_epatarkka,,,,,,
773225728,tuntematon,2000,,ei_tietoa,liian_epatarkka,,,,,,
1607744885,tarkka,2000,100,ennallaan,ei_muutosta,0.8,2009,51,1972,0,1.0
4023951569,tuntematon,2000,,ei_tietoa,liian_epatarkka,,,,,,
773225729,tuntematon,2000,,ei_tietoa,liian_epatarkka,,,,,,
773225730,tuntematon,2000,,ei_tietoa,liian_epatarkka,,,,,,
773225731,tuntematon,2000,,ei_tietoa,liian_epatarkka,,,,,,
4023926335,summittainen,1998,1000,ennallaan,ei_muutosta,0.56,2009,72,1951,0,1.0
4023935431,summittainen,1998,1000,epavarma,osa_alueesta_muuttunut,0.12,2009,64,1959,1,0.22
773225726,tuntematon,1998,,ei_tietoa,liian_epatarkka,,,,,,
1606963514,tarkka,1998,100,ulkopuolella,ei_metsatalousmaata,0.43,2009,46,1977,0,0.67
4023909042,tarkka,1998,100,epavarma,osa_alueesta_hakattu,0.22,2009,59,1964,2,0.44
4023951577,tarkka,1998,100,ennallaan,ei_muutosta,1.0,2009,78,1945,0,0.78
4023951601,summittainen,1998,1000,epavarma,osa_alueesta_hakattu,0.11,2009,50,1973,2,0.78
4023905604,tarkka,1998,10,ennallaan,ei_muutosta,1.0,2009,91,1932,0,0.78
1606963489,tarkka,1997,100,ulkopuolella,ei_metsatalousmaata,0.43,2009,46,1977,0,0.67
773225722,tuntematon,1997,,ei_tietoa,liian_epatarkka,,,,,,
773225724,tuntematon,1997,,ei_tietoa,liian_epatarkka,,,,,,
3441045179,alueellinen,1997,5000,ei_tietoa,liian_epatarkka,,,,,,
773225723,tuntematon,1997,,ei_tietoa,liian_epatarkka,,,,,,
3441079815,alueellinen,1997,100000,ei_tietoa,liian_epatarkka,,,,,,
4023920839,summittainen,1996,1000,epavarma,osa_alueesta_hakattu,0.12,2009,63,1960,2,0.33
773225720,tuntematon,1996,,ei_tietoa,liian_epatarkka,,,,,,
1606963500,tarkka,1996,100,ulkopuolella,ei_metsatalousmaata,0.43,2009,46,1977,0,0.67
4023919922,tarkka,1996,100,ennallaan,ei_muutosta,0.71,2009,43,1980,0,0.89
4023935430,summittainen,1996,1000,ulkopuolella,ei_metsatalousmaata,0.5,2009,44,1979,0,0.56
773225732,tuntematon,1996,,ei_tietoa,liian_epatarkka,,,,,,
773225733,tuntematon,1996,,ei_tietoa,liian_epatarkka,,,,,,
4023297836,summittainen,1996,1000,epavarma,kasvupaikkatieto_muuttunut,0.44,2009,55,1968,0,0.78
773225707,tuntematon,1995,,ei_tietoa,liian_epatarkka,,,,,,
773225708,tuntematon,1995,,ei_tietoa,liian_epatarkka,,,,,,
1607744881,tarkka,1995,100,ennallaan,ei_muutosta,0.56,2009,63,1960,0,0.56
773225711,tuntematon,1995,,ei_tietoa,liian_epatarkka,,,,,,
773225712,tuntematon,1995,,ei_tietoa,liian_epatarkka,,,,,,
773225713,tuntematon,1995,,ei_tietoa,liian_epatarkka,,,,,,
773225714,tuntematon,1995,,ei_tietoa,liian_epatarkka,,,,,,
773225704,tuntematon,1994,,ei_tietoa,liian_epatarkka,,,,,,
773225705,tuntematon,1994,,ei_tietoa,liian_epatarkka,,,,,,
773225706,tuntematon,1994,,ei_tietoa,liian_epatarkka,,,,,,
773225725,tuntematon,1994,,ei_tietoa,liian_epatarkka,,,,,,
1607744870,tarkka,1993,100,ulkopuolella,ei_metsatalousmaata,0.43,2009,46,1977,0,0.67
57665756,alueellinen,1993,11180,ei_tietoa,liian_epatarkka,,,,,,
773225688,tuntematon,1993,,ei_tietoa,liian_epatarkka,,,,,,
773225689,tuntematon,1993,,ei_tietoa,liian_epatarkka,,,,,,
773225690,tuntematon,1993,,ei_tietoa,liian_epatarkka,,,,,,
773225691,tuntematon,1993,,ei_tietoa,liian_epatarkka,,,,,,
773225692,tuntematon,1993,,ei_tietoa,liian_epatarkka,,,,,,
773225693,tuntematon,1993,,ei_tietoa,liian_epatarkka,,,,,,
773225694,tuntematon,1993,,ei_tietoa,liian_epatarkka,,,,,,
773225696,tuntematon,1993,,ei_tietoa,liian_epatarkka,,,,,,
773225700,tuntematon,1993,,ei_tietoa,liian_epatarkka,,,,,,
773225709,tuntematon,1993,,ei_tietoa,liian_epatarkka,,,,,,
773225710,tuntematon,1993,,ei_tietoa,liian_epatarkka,,,,,,
1607744874,tarkka,1993,100,ulkopuolella,ei_metsatalousmaata,0.43,2009,46,1977,0,0.67
4023951668,tuntematon,1993,,ei_tietoa,liian_epatarkka,,,,,,
4023951674,tuntematon,1993,,ei_tietoa,liian_epatarkka,,,,,,
773225695,tuntematon,1993,,ei_tietoa,liian_epatarkka,,,,,,
773225697,tuntematon,1993,,ei_tietoa,liian_epatarkka,,,,,,
773225698,tuntematon,1993,,ei_tietoa,liian_epatarkka,,,,,,
773225699,tuntematon,1993,,ei_tietoa,liian_epatarkka,,,,,,
773225721,tuntematon,1993,,ei_tietoa,liian_epatarkka,,,,,,
4023951551,tuntematon,1993,,ei_tietoa,liian_epatarkka,,,,,,
773225701,tuntematon,1993,,ei_tietoa,liian_epatarkka,,,,,,
773225702,tuntematon,1993,,ei_tietoa,liian_epatarkka,,,,,,
773225676,tuntematon,1992,,ei_tietoa,liian_epatarkka,,,,,,
773225677,tuntematon,1992,,ei_tietoa,liian_epatarkka,,,,,,
773225678,tuntematon,1992,,ei_tietoa,liian_epatarkka,,,,,,
773225679,tuntematon,1992,,ei_tietoa,liian_epatarkka,,,,,,
773225680,tuntematon,1992,,ei_tietoa,liian_epatarkka,,,,,,
773225682,tuntematon,1992,,ei_tietoa,liian_epatarkka,,,,,,
773225687,tuntematon,1992,,ei_tietoa,liian_epatarkka,,,,,,
773225647,tuntematon,1991,,ei_tietoa,liian_epatarkka,,,,,,
773225648,tuntematon,1991,,ei_tietoa,liian_epatarkka,,,,,,
773225649,tuntematon,1991,,ei_tietoa,liian_epatarkka,,,,,,
773225650,tuntematon,1991,,ei_tietoa,liian_epatarkka,,,,,,
773225651,tuntematon,1991,,ei_tietoa,liian_epatarkka,,,,,,
773225656,tuntematon,1991,,ei_tietoa,liian_epatarkka,,,,,,
3713204881,summittainen,1991,1000,ennallaan,ei_muutosta,0.62,2009,51,1972,0,0.67
3713204891,summittainen,1991,1000,ennallaan,ei_muutosta,0.62,2009,51,1972,0,0.67
773225653,tuntematon,1991,,ei_tietoa,liian_epatarkka,,,,,,
773225654,tuntematon,1991,,ei_tietoa,liian_epatarkka,,,,,,
773225655,tuntematon,1991,,ei_tietoa,liian_epatarkka,,,,,,
773225657,tuntematon,1991,,ei_tietoa,liian_epatarkka,,,,,,
773225658,tuntematon,1991,,ei_tietoa,liian_epatarkka,,,,,,
773225652,tuntematon,1991,,ei_tietoa,liian_epatarkka,,,,,,
216091132,summittainen,1990,707,epavarma,osa_alueesta_hakattu,0.2,2009,74,1949,2,0.67
773225634,tuntematon,1990,,ei_tietoa,liian_epatarkka,,,,,,
773225635,tuntematon,1990,,ei_tietoa,liian_epatarkka,,,,,,
773225636,tuntematon,1990,,ei_tietoa,liian_epatarkka,,,,,,
773225637,tuntematon,1990,,ei_tietoa,liian_epatarkka,,,,,,
773225638,tuntematon,1990,,ei_tietoa,liian_epatarkka,,,,,,
773225639,tuntematon,1990,,ei_tietoa,liian_epatarkka,,,,,,
773225640,tuntematon,1990,,ei_tietoa,liian_epatarkka,,,,,,
1607744863,tarkka,1990,100,ennallaan,ei_muutosta,0.8,2009,51,1972,0,1.0
4023920533,tarkka,1990,100,ulkopuolella,ei_metsatalousmaata,1.0,2009,17,2006,0,0.56
773225683,tuntematon,1990,,ei_tietoa,liian_epatarkka,,,,,,
773225703,tuntematon,1989,,ei_tietoa,liian_epatarkka,,,,,,
773225625,tuntematon,1989,,ei_tietoa,liian_epatarkka,,,,,,
773225626,tuntematon,1989,,ei_tietoa,liian_epatarkka,,,,,,
773225627,tuntematon,1989,,ei_tietoa,liian_epatarkka,,,,,,
773225628,tuntematon,1989,,ei_tietoa,liian_epatarkka,,,,,,
773225629,tuntematon,1989,,ei_tietoa,liian_epatarkka,,,,,,
3713362379,summittainen,1989,1000,epavarma,osa_alueesta_hakattu,0.12,2009,45,1978,2,0.78
773225622,tuntematon,1989,,ei_tietoa,liian_epatarkka,,,,,,
773225630,tuntematon,1989,,ei_tietoa,liian_epatarkka,,,,,,
773225665,tuntematon,1989,,ei_tietoa,liian_epatarkka,,,,,,
773225597,tuntematon,1989,,ei_tietoa,liian_epatarkka,,,,,,
4023287501,summittainen,1988,1000,ennallaan,ei_muutosta,0.62,2009,72,1951,0,0.56
773225591,tuntematon,1988,,ei_tietoa,liian_epatarkka,,,,,,
773225592,tuntematon,1988,,ei_tietoa,liian_epatarkka,,,,,,
3440839139,tarkka,1988,100,ulkopuolella,ei_metsatalousmaata,0.43,2009,46,1977,0,0.67
4023920493,summittainen,1988,1000,epavarma,osa_alueesta_hakattu,0.11,2009,46,1977,2,1.0
4023920500,summittainen,1988,1000,epavarma,osa_alueesta_hakattu,0.22,2009,52,1971,2,0.89
4023920772,summittainen,1988,1000,epavarma,osa_alueesta_hakattu,0.12,2009,71,1952,2,0.33
4023920786,summittainen,1988,1000,epavarma,osa_alueesta_hakattu,0.12,2009,44,1979,2,0.78
4023908927,tuntematon,1988,,ei_tietoa,liian_epatarkka,,,,,,
773225664,tuntematon,1987,,ei_tietoa,liian_epatarkka,,,,,,
57665754,alueellinen,1987,7071,ei_tietoa,liian_epatarkka,,,,,,
4023920375,tuntematon,1987,,ei_tietoa,liian_epatarkka,,,,,,
773225621,tuntematon,1987,,ei_tietoa,liian_epatarkka,,,,,,
3713204905,alueellinen,1986,100000,ei_tietoa,liian_epatarkka,,,,,,
4023907969,summittainen,1985,1000,ulkopuolella,ei_metsatalousmaata,0.5,2009,79,1944,0,0.44
773225660,tuntematon,1985,,ei_tietoa,liian_epatarkka,,,,,,
773225661,tuntematon,1985,,ei_tietoa,liian_epatarkka,,,,,,
773225662,tuntematon,1985,,ei_tietoa,liian_epatarkka,,,,,,
773225663,tuntematon,1985,,ei_tietoa,liian_epatarkka,,,,,,
773225669,tuntematon,1985,,ei_tietoa,liian_epatarkka,,,,,,
773225624,tuntematon,1985,,ei_tietoa,liian_epatarkka,,,,,,
4023907992,summittainen,1985,1000,epavarma,kasvupaikkatieto_muuttunut,0.67,2009,126,1897,0,0.89
4023908930,summittainen,1985,1000,epavarma,osa_alueesta_hakattu,0.33,2009,23,2000,2,0.89
773225659,tuntematon,1985,,ei_tietoa,liian_epatarkka,,,,,,
1607744858,tarkka,1984,100,ennallaan,ei_muutosta,0.8,2009,51,1972,0,1.0
773225666,tuntematon,1984,,ei_tietoa,liian_epatarkka,,,,,,
773225667,tuntematon,1984,,ei_tietoa,liian_epatarkka,,,,,,
773225668,tuntematon,1984,,ei_tietoa,liian_epatarkka,,,,,,
773225673,tuntematon,1984,,ei_tietoa,liian_epatarkka,,,,,,
1607744854,summittainen,1983,1000,epavarma,osa_alueesta_hakattu,0.33,2009,54,1969,2,0.89
4023908543,tuntematon,1983,,ei_tietoa,liian_epatarkka,,,,,,
4023951644,tuntematon,1982,,ei_tietoa,liian_epatarkka,,,,,,
773225643,tuntematon,1981,,ei_tietoa,liian_epatarkka,,,,,,
773225645,tuntematon,1981,,ei_tietoa,liian_epatarkka,,,,,,
1607744848,tarkka,1981,100,ennallaan,ei_muutosta,0.8,2009,51,1972,0,1.0
773225585,tuntematon,1981,,ei_tietoa,liian_epatarkka,,,,,,
773225644,tuntematon,1981,,ei_tietoa,liian_epatarkka,,,,,,
3713204909,alueellinen,1981,50000,ei_tietoa,liian_epatarkka,,,,,,
3713205039,summittainen,1981,1000,epavarma,osa_alueesta_hakattu,0.33,2009,54,1969,2,0.89
4023908424,summittainen,1981,1000,epavarma,osa_alueesta_hakattu,0.29,2009,57,1966,2,0.67
4023908944,summittainen,1981,1000,epavarma,osa_alueesta_hakattu,0.11,2009,40,1983,2,0.44
4023951626,tuntematon,1981,,ei_tietoa,liian_epatarkka,,,,,,
3713204981,summittainen,1981,1000,epavarma,osa_alueesta_muuttunut,0.14,2009,43,1980,0,0.89
4023908007,tuntematon,1981,,ei_tietoa,liian_epatarkka,,,,,,
4023920432,tuntematon,1981,,ei_tietoa,liian_epatarkka,,,,,,
773225672,tuntematon,1980,,ei_tietoa,liian_epatarkka,,,,,,
4023919920,tuntematon,1980,,ei_tietoa,liian_epatarkka,,,,,,
3713204866,alueellinen,1980,100000,ei_tietoa,liian_epatarkka,,,,,,
4023907958,summittainen,1980,1000,epavarma,osa_alueesta_hakattu,0.14,2009,54,1969,2,0.67
3713204991,alueellinen,1979,5000,ei_tietoa,liian_epatarkka,,,,,,
773225670,tuntematon,1979,,ei_tietoa,liian_epatarkka,,,,,,
3713204853,summittainen,1979,1000,epavarma,osa_alueesta_muuttunut,0.11,2009,64,1959,0,1.0
4023908453,summittainen,1979,1000,epavarma,osa_alueesta_muuttunut,0.12,2009,40,1983,0,0.78
4023908457,summittainen,1979,1000,ulkopuolella,ei_metsatalousmaata,0.78,2009,37,1986,0,0.22
4023908466,summittainen,1979,1000,ulkopuolella,ei_metsatalousmaata,0.44,2009,37,1986,0,0.56
4023908950,tuntematon,1979,,ei_tietoa,liian_epatarkka,,,,,,
4023920453,summittainen,1979,1000,ennallaan,ei_muutosta,0.56,2009,39,1984,0,0.56
773225675,tuntematon,1978,,ei_tietoa,liian_epatarkka,,,,,,
3476218539,tuntematon,1978,,ei_tietoa,liian_epatarkka,,,,,,
3713204887,alueellinen,1978,100000,ei_tietoa,liian_epatarkka,,,,,,
773225671,tuntematon,1978,,ei_tietoa,liian_epatarkka,,,,,,
4023922078,tuntematon,1977,,ei_tietoa,liian_epatarkka,,,,,,
4023920475,summittainen,1976,1000,epavarma,osa_alueesta_hakattu,0.11,2009,41,1982,2,0.89
216091166,alueellinen,1976,7071,ei_tietoa,liian_epatarkka,,,,,,
3713202207,summittainen,1976,1000,ulkopuolella,ei_metsatalousmaata,0.56,2009,105,1918,0,0.44
3713205063,summittainen,1975,1000,epavarma,osa_alueesta_hakattu,0.25,2009,34,1989,2,0.56
4023920934,summittainen,1975,1000,ennallaan,ei_muutosta,0.89,2009,94,1929,0,0.89
773225590,tuntematon,1975,,ei_tietoa,liian_epatarkka,,,,,,
3713204849,summittainen,1975,1000,epavarma,osa_alueesta_hakattu,0.11,2009,40,1983,2,0.67
4023908463,summittainen,1975,1000,ulkopuolella,ei_metsatalousmaata,0.57,2009,71,1952,0,0.44
3713204842,summittainen,1974,1000,epavarma,osa_alueesta_hakattu,0.38,2009,38,1985,2,0.89
4023920935,tuntematon,1974,,ei_tietoa,liian_epatarkka,,,,,,
3713205036,summittainen,1974,1000,muuttunut,kasvusto_havaintoa_nuorempi,0.44,2009,28,1995,2,0.78
4023920342,summittainen,1974,1000,epavarma,osa_alueesta_muuttunut,0.11,2009,44,1979,0,1.0
4023920370,summittainen,1974,1000,epavarma,osa_alueesta_hakattu,0.33,2009,38,1985,2,1.0
4023920940,tuntematon,1974,,ei_tietoa,liian_epatarkka,,,,,,
3713205049,summittainen,1974,1000,muuttunut,kasvusto_havaintoa_nuorempi,0.33,2009,44,1979,0,0.89
4023908960,tuntematon,1974,,ei_tietoa,liian_epatarkka,,,,,,
4023920383,tuntematon,1974,,ei_tietoa,liian_epatarkka,,,,,,
4023950824,tuntematon,1974,,ei_tietoa,liian_epatarkka,,,,,,
3713204828,summittainen,1974,1000,epavarma,osa_alueesta_muuttunut,0.14,2009,39,1984,0,0.33
3713204829,summittainen,1974,1000,epavarma,osa_alueesta_hakattu,0.33,2009,55,1968,2,0.89
3713204832,summittainen,1974,1000,epavarma,osa_alueesta_muuttunut,0.14,2009,43,1980,0,0.89
3713205020,alueellinen,1974,100000,ei_tietoa,liian_epatarkka,,,,,,
4023920358,summittainen,1974,1000,epavarma,osa_alueesta_hakattu,0.33,2009,43,1980,2,1.0
4023920412,summittainen,1974,1000,ulkopuolella,ei_metsatalousmaata,0.88,2009,51,1972,0,0.22
3713204836,summittainen,1973,1000,muuttunut,hakattu,0.38,2009,39,1984,2,0.78
4023920841,tuntematon,1973,,ei_tietoa,liian_epatarkka,,,,,,
3713204961,alueellinen,1972,100000,ei_tietoa,liian_epatarkka,,,,,,
773225595,tuntematon,1972,,ei_tietoa,liian_epatarkka,,,,,,
3713204851,alueellinen,1972,100000,ei_tietoa,liian_epatarkka,,,,,,
4023919900,tuntematon,1972,,ei_tietoa,liian_epatarkka,,,,,,
4023919937,tuntematon,1972,,ei_tietoa,liian_epatarkka,,,,,,
4023919955,tuntematon,1972,,ei_tietoa,liian_epatarkka,,,,,,
4023919963,tuntematon,1972,,ei_tietoa,liian_epatarkka,,,,,,
1606963461,summittainen,1972,1000,epavarma,osa_alueesta_hakattu,0.29,2009,48,1975,2,0.56
1606963475,summittainen,1972,1000,muuttunut,kasvusto_havaintoa_nuorempi,0.38,2009,21,2002,2,0.67
4023908976,tuntematon,1972,,ei_tietoa,liian_epatarkka,,,,,,
4023920312,summittainen,1972,1000,ulkopuolella,ei_metsatalousmaata,0.78,2009,49,1974,0,0.22
773225674,tuntematon,1972,,ei_tietoa,liian_epatarkka,,,,,,
4023920416,tuntematon,1971,,ei_tietoa,liian_epatarkka,,,,,,
4023920314,summittainen,1971,1000,ennallaan,ei_muutosta,0.67,2009,60,1963,0,0.67
4023908957,tuntematon,1971,,ei_tietoa,liian_epatarkka,,,,,,
3713204989,alueellinen,1970,100000,ei_tietoa,liian_epatarkka,,,,,,
4023920016,summittainen,1970,1000,epavarma,osa_alueesta_muuttunut,0.22,2009,58,1965,2,0.78
4023920360,summittainen,1970,1000,epavarma,osa_alueesta_muuttunut,0.11,2009,66,1957,0,1.0
4023920826,tuntematon,1970,,ei_tietoa,liian_epatarkka,,,,,,
4023920340,summittainen,1970,1000,ulkopuolella,ei_metsatalousmaata,0.44,2009,59,1964,1,0.56
4023920803,summittainen,1970,1000,muuttunut,hakattu,0.43,2009,55,1968,2,0.67
4023919950,tuntematon,1970,,ei_tietoa,liian_epatarkka,,,,,,
4023920402,summittainen,1970,1000,muuttunut,kasvusto_havaintoa_nuorempi,0.44,2009,65,1958,2,0.89
4023908036,tuntematon,1969,,ei_tietoa,liian_epatarkka,,,,,,
4023919988,tuntematon,1969,,ei_tietoa,liian_epatarkka,,,,,,
4023918305,tuntematon,1968,,ei_tietoa,liian_epatarkka,,,,,,
4023920888,tuntematon,1968,,ei_tietoa,liian_epatarkka,,,,,,
773225588,tuntematon,1968,,ei_tietoa,liian_epatarkka,,,,,,
773225586,tuntematon,1967,,ei_tietoa,liian_epatarkka,,,,,,
773225646,tuntematon,1967,,ei_tietoa,liian_epatarkka,,,,,,
4023920824,tuntematon,1967,,ei_tietoa,liian_epatarkka,,,,,,
5054757851,alueellinen,1967,33912,ei_tietoa,liian_epatarkka,,,,,,
3713204964,alueellinen,1967,100000,ei_tietoa,liian_epatarkka,,,,,,
3713205019,alueellinen,1967,100000,ei_tietoa,liian_epatarkka,,,,,,
3713362184,summittainen,1967,1000,epavarma,osa_alueesta_hakattu,0.11,2009,55,1968,2,1.0
4023908450,tuntematon,1967,,ei_tietoa,liian_epatarkka,,,,,,
4023920524,tuntematon,1967,,ei_tietoa,liian_epatarkka,,,,,,
4023943072,tuntematon,1967,,ei_tietoa,liian_epatarkka,,,,,,
773225589,tuntematon,1967,,ei_tietoa,liian_epatarkka,,,,,,
4023943703,tuntematon,1967,,ei_tietoa,liian_epatarkka,,,,,,
3713362207,tarkka,1967,100,ulkopuolella,ei_metsatalousmaata,0.71,2009,69,1954,0,0.22
773225623,tuntematon,1966,,ei_tietoa,liian_epatarkka,,,,,,
4023943856,tuntematon,1966,,ei_tietoa,liian_epatarkka,,,,,,
4023943062,tuntematon,1966,,ei_tietoa,liian_epatarkka,,,,,,
4023920529,tuntematon,1966,,ei_tietoa,liian_epatarkka,,,,,,
4023920873,tuntematon,1965,,ei_tietoa,liian_epatarkka,,,,,,
57665744,alueellinen,1965,7071,ei_tietoa,liian_epatarkka,,,,,,
773225587,tuntematon,1965,,ei_tietoa,liian_epatarkka,,,,,,
4023908018,tuntematon,1965,,ei_tietoa,liian_epatarkka,,,,,,
4023908040,tuntematon,1965,,ei_tietoa,liian_epatarkka,,,,,,
4023920768,tuntematon,1965,,ei_tietoa,liian_epatarkka,,,,,,
4023920844,tuntematon,1965,,ei_tietoa,liian_epatarkka,,,,,,
4023909021,tuntematon,1965,,ei_tietoa,liian_epatarkka,,,,,,
57665746,alueellinen,1963,7071,ei_tietoa,liian_epatarkka,,,,,,
4023943246,tuntematon,1963,,ei_tietoa,liian_epatarkka,,,,,,
4023912313,summittainen,1962,1000,muuttunut,hakattu,0.33,2009,62,1961,2,0.78
4023912356,alueellinen,1962,10000,ei_tietoa,liian_epatarkka,,,,,,
4023908476,tuntematon,1961,,ei_tietoa,liian_epatarkka,,,,,,
4023919991,tuntematon,1961,,ei_tietoa,liian_epatarkka,,,,,,
4023908039,tuntematon,1960,,ei_tietoa,liian_epatarkka,,,,,,
4023908024,tuntematon,1960,,ei_tietoa,liian_epatarkka,,,,,,
3713362257,summittainen,1960,1000,muuttunut,kasvusto_havaintoa_nuorempi,0.56,2009,19,2004,0,1.0
4023919971,tuntematon,1958,,ei_tietoa,liian_epatarkka,,,,,,
4023919976,tuntematon,1957,,ei_tietoa,liian_epatarkka,,,,,,
4023919895,tuntematon,1956,,ei_tietoa,liian_epatarkka,,,,,,
4023908479,tuntematon,1954,,ei_tietoa,liian_epatarkka,,,,,,
4023909931,tuntematon,1953,,ei_tietoa,liian_epatarkka,,,,,,
4023909011,tuntematon,1953,,ei_tietoa,liian_epatarkka,,,,,,
4023920816,tuntematon,1952,,ei_tietoa,liian_epatarkka,,,,,,
4023943073,tuntematon,1952,,ei_tietoa,liian_epatarkka,,,,,,
4023920864,tuntematon,1951,,ei_tietoa,liian_epatarkka,,,,,,
4023912327,summittainen,1949,1000,muuttunut,hakattu,0.33,2009,62,1961,2,0.78
4023919995,tuntematon,1949,,ei_tietoa,liian_epatarkka,,,,,,
4023909001,tuntematon,1949,,ei_tietoa,liian_epatarkka,,,,,,
4023911943,summittainen,1948,1000,epavarma,osa_alueesta_muuttunut,0.12,2009,26,1997,0,0.11
4023911945,alueellinen,1948,10000,ei_tietoa,liian_epatarkka,,,,,,
4023920459,tuntematon,1948,,ei_tietoa,liian_epatarkka,,,,,,
4023912323,alueellinen,1946,10000,ei_tietoa,liian_epatarkka,,,,,,
4023909005,tuntematon,1943,,ei_tietoa,liian_epatarkka,,,,,,
4023908520,tuntematon,1943,,ei_tietoa,liian_epatarkka,,,,,,
4023908514,tuntematon,1939,,ei_tietoa,liian_epatarkka,,,,,,
4023908934,tuntematon,1939,,ei_tietoa,liian_epatarkka,,,,,,
4023908987,tuntematon,1939,,ei_tietoa,liian_epatarkka,,,,,,
4023908529,tuntematon,1937,,ei_tietoa,liian_epatarkka,,,,,,
4023908974,tuntematon,1937,,ei_tietoa,liian_epatarkka,,,,,,
4023908918,tuntematon,1937,,ei_tietoa,liian_epatarkka,,,,,,
4023908991,tuntematon,1937,,ei_tietoa,liian_epatarkka,,,,,,
4023908572,tuntematon,1936,,ei_tietoa,liian_epatarkka,,,,,,
4023908534,tuntematon,1936,,ei_tietoa,liian_epatarkka,,,,,,
4023908993,tuntematon,1936,,ei_tietoa,liian_epatarkka,,,,,,
4023908407,tuntematon,1935,,ei_tietoa,liian_epatarkka,,,,,,
4023920019,tuntematon,1934,,ei_tietoa,liian_epatarkka,,,,,,
4023908574,tuntematon,1934,,ei_tietoa,liian_epatarkka,,,,,,
4023908908,tuntematon,1932,,ei_tietoa,liian_epatarkka,,,,,,
4023920457,tuntematon,1932,,ei_tietoa,liian_epatarkka,,,,,,
4023920470,tuntematon,1932,,ei_tietoa,liian_epatarkka,,,,,,
4023908498,alueellinen,1932,50000,ei_tietoa,liian_epatarkka,,,,,,
4023908545,tuntematon,1932,,ei_tietoa,liian_epatarkka,,,,,,
4023908400,tuntematon,1931,,ei_tietoa,liian_epatarkka,,,,,,
4023908898,tuntematon,1931,,ei_tietoa,liian_epatarkka,,,,,,
4023908902,tuntematon,1931,,ei_tietoa,liian_epatarkka,,,,,,
4023908914,tuntematon,1931,,ei_tietoa,liian_epatarkka,,,,,,
4023908560,tuntematon,1927,,ei_tietoa,liian_epatarkka,,,,,,
4023908020,tuntematon,1905,,ei_tietoa,liian_epatarkka,,,,,,
3713205018,alueellinen,1900,100000,ei_tietoa,liian_epatarkka,,,,,,
4023920788,tuntematon,1866,,ei_tietoa,liian_epatarkka,,,,,,
4023920894,tuntematon,1862,,ei_tietoa,liian_epatarkka,,,,,,
4023908393,tuntematon,1860,,ei_tietoa,liian_epatarkka,,,,,,
4023920890,tuntematon,1859,,ei_tietoa,liian_epatarkka,,,,,,
4023919983,tuntematon,1859,,ei_tietoa,liian_epatarkka,,,,,,
4023920805,tuntematon,1859,,ei_tietoa,liian_epatarkka,,,,,,
4023908503,tuntematon,1843,,ei_tietoa,liian_epatarkka,,,,,,
773225633,tuntematon,1679,,ei_tietoa,liian_epatarkka,,,,,,
773225593,tuntematon,,,ei_tietoa,liian_epatarkka,,,,,,
773225594,tuntematon,,,ei_tietoa,liian_epatarkka,,,,,,
773225596,tuntematon,,,ei_tietoa,liian_epatarkka,,,,,,
773225598,tuntematon,,,ei_tietoa,liian_epatarkka,,,,,,
773225599,tuntematon,,,ei_tietoa,liian_epatarkka,,,,,,
773225600,tuntematon,,,ei_tietoa,liian_epatarkka,,,,,,
773225601,tuntematon,,,ei_tietoa,liian_epatarkka,,,,,,
773225602,tuntematon,,,ei_tietoa,liian_epatarkka,,,,,,
773225603,tuntematon,,,ei_tietoa,liian_epatarkka,,,,,,
773225604,tuntematon,,,ei_tietoa,liian_epatarkka,,,,,,
773225605,tuntematon,,,ei_tietoa,liian_epatarkka,,,,,,
773225606,tuntematon,,,ei_tietoa,liian_epatarkka,,,,,,
773225607,tuntematon,,,ei_tietoa,liian_epatarkka,,,,,,
773225608,tuntematon,,,ei_tietoa,liian_epatarkka,,,,,,
773225609,tuntematon,,,ei_tietoa,liian_epatarkka,,,,,,
773225610,tuntematon,,,ei_tietoa,liian_epatarkka,,,,,,
773225611,tuntematon,,,ei_tietoa,liian_epatarkka,,,,,,
773225612,tuntematon,,,ei_tietoa,liian_epatarkka,,,,,,
773225613,tuntematon,,,ei_tietoa,liian_epatarkka,,,,,,
773225614,tuntematon,,,ei_tietoa,liian_epatarkka,,,,,,
773225615,tuntematon,,,ei_tietoa,liian_epatarkka,,,,,,
773225616,tuntematon,,,ei_tietoa,liian_epatarkka,,,,,,
773225617,tuntematon,,,ei_tietoa,liian_epatarkka,,,,,,
773225618,tuntematon,,,ei_tietoa,liian_epatarkka,,,,,,
773225619,tuntematon,,,ei_tietoa,liian_epatarkka,,,,,,
773225620,tuntematon,,,ei_tietoa,liian_epatarkka,,,,,,
773225631,tuntematon,,,ei_tietoa,liian_epatarkka,,,,,,
773225632,tuntematon,,,ei_tietoa,liian_epatarkka,,,,,,
773225641,tuntematon,,,ei_tietoa,liian_epatarkka,,,,,,
773225642,tuntematon,,,ei_tietoa,liian_epatarkka,,,,,,
773225681,tuntematon,,,ei_tietoa,liian_epatarkka,,,,,,
773225684,tuntematon,,,ei_tietoa,liian_epatarkka,,,,,,
773225685,tuntematon,,,ei_tietoa,liian_epatarkka,,,,,,
773225686,tuntematon,,,ei_tietoa,liian_epatarkka,,,,,,
773225715,tuntematon,,,ei_tietoa,liian_epatarkka,,,,,,
773225716,tuntematon,,,ei_tietoa,liian_epatarkka,,,,,,
773225717,tuntematon,,,ei_tietoa,liian_epatarkka,,,,,,
773225718,tuntematon,,,ei_tietoa,liian_epatarkka,,,,,,
773225719,tuntematon,,,ei_tietoa,liian_epatarkka,,,,,,
1607199849,summittainen,,1000,muuttunut,hakattu,0.67,2023,70,1953,2,1.0
3440523363,tarkka,,1,ei_tietoa,ei_paivamaaraa,,2023,72,1951,0,1.0
3440536331,tarkka,,1,ei_tietoa,ei_paivamaaraa,,2023,72,1951,0,1.0
3441183991,alueellinen,,10000,ei_tietoa,liian_epatarkka,,,,,,
3447829720,summittainen,,1000,epavarma,osa_alueesta_hakattu,0.4,2023,29,1994,2,0.67
3447943668,tarkka,,100,epavarma,osa_alueesta_hakattu,0.2,2023,59,1964,2,0.67
3713362203,summittainen,,1000,epavarma,osa_alueesta_hakattu,0.4,2023,87,1936,2,0.67
4023908491,tuntematon,,,ei_tietoa,liian_epatarkka,,,,,,
4023908521,tuntematon,,,ei_tietoa,liian_epatarkka,,,,,,
4023920494,tuntematon,,,ei_tietoa,liian_epatarkka,,,,,,
